/home/UFAD/tcuevasmestanza/.conda/envs/racing/lib/python3.12/site-packages/tyro/_parsers.py:353: UserWarning: The field `track-seed` is annotated with type `<class 'int'>`, but the default value `None` has type `<class 'NoneType'>`. We'll try to handle this gracefully, but it may cause unexpected behavior.
  warnings.warn(message)
/home/UFAD/tcuevasmestanza/.conda/envs/racing/lib/python3.12/site-packages/tyro/_parsers.py:353: UserWarning: The field `wandb-entity` is annotated with type `<class 'str'>`, but the default value `None` has type `<class 'NoneType'>`. We'll try to handle this gracefully, but it may cause unexpected behavior.
  warnings.warn(message)
/home/UFAD/tcuevasmestanza/.conda/envs/racing/lib/python3.12/site-packages/tyro/_parsers.py:353: UserWarning: The field `target-kl` is annotated with type `<class 'float'>`, but the default value `None` has type `<class 'NoneType'>`. We'll try to handle this gracefully, but it may cause unexpected behavior.
  warnings.warn(message)
/home/UFAD/tcuevasmestanza/.conda/envs/racing/lib/python3.12/site-packages/tyro/_parsers.py:353: UserWarning: The field `resume-path` is annotated with type `<class 'str'>`, but the default value `None` has type `<class 'NoneType'>`. We'll try to handle this gracefully, but it may cause unexpected behavior.
  warnings.warn(message)
Experiment info saved → runs/adaptive_fps_track_aware_lstm/CarRacing_VarFramerate_fc_2.2_bud_180_04-08-13-39-43/info_settings.txt
Device: cpu
Navigation model path: experiments/navigation/CarRacing-v3__train__1__1785768450/final.pt
Navigation Model loaded on cpu
Navigation Model loaded on cpu
Navigation Model loaded on cpu
Navigation Model loaded on cpu
Navigation Model loaded on cpu
Navigation Model loaded on cpu
Navigation Model loaded on cpu
Navigation Model loaded on cpu
Navigation Model loaded on cpu
Navigation Model loaded on cpu
Navigation Model loaded on cpu
Navigation Model loaded on cpu
Navigation Model loaded on cpu
Navigation Model loaded on cpu
Navigation Model loaded on cpu
Navigation Model loaded on cpu
Navigation Model loaded on cpu
global_step=1040 | return=24.24 | steps=65 | track=3e7f0a720ceb65991aa66c9bc178b853
global_step=1088 | return=32.82 | steps=68 | track=87b22bec9c8b37ba38ad9fa98550e761
global_step=1584 | return=-108.13 | steps=99 | track=ede0e3e8a138322f033b3e8c64accb38
global_step=2080 | return=-159.43 | steps=130 | track=f4f7d49ac2a8c7a23d562e318e889b05
global_step=2096 | return=-158.07 | steps=131 | track=6104640e2c825ca3bf6a627d8dc45f68
global_step=2096 | return=-146.83 | steps=131 | track=88fa404b43c25941c154fd368e5b3ee2
global_step=2096 | return=-149.63 | steps=131 | track=a9eacc848bd54bd94ebf86c66bcd8927
global_step=2096 | return=-146.19 | steps=131 | track=34c65f2dfe92078553c528c91214e253
global_step=2096 | return=-143.73 | steps=131 | track=0f087aad0164489a819b111161b38926
global_step=2096 | return=-156.35 | steps=131 | track=a470640484696a4f3de5a3c43e53e5eb
global_step=2096 | return=-154.31 | steps=131 | track=44c0fcbf63c9d83e49c3e9d33b11865d
global_step=2096 | return=-153.65 | steps=131 | track=c41841cf078eb86832413666733b6958
global_step=2096 | return=-148.35 | steps=131 | track=6828fa261b0b4f011e11c507c0fb8bf1
global_step=2096 | return=-148.07 | steps=131 | track=1520df45f30ffd8d24acefdb339fae83
global_step=2304 | return=-87.71 | steps=144 | track=78a09df031b753481e7b78ddcb17ec19
global_step=2720 | return=-193.39 | steps=170 | track=e40c65a4efde1aef935eecc90d0ce89c
global_step=3136 | return=-147.54 | steps=130 | track=b323c41b993fb0a18ebf74b5f8d75609
global_step=3200 | return=-143.31 | steps=131 | track=e6a6e405fe63d2a30217f3c628104a1c
global_step=3344 | return=-39.71 | steps=77 | track=558b9238a4ccfd156cc4d4e08739669e
global_step=3344 | return=-35.13 | steps=77 | track=e3d480b595569917610c7b661ba857d7
global_step=3648 | return=-117.16 | steps=96 | track=eb29b868e2d5f4eb6ef01c8c6b80941e
global_step=3952 | return=-129.80 | steps=115 | track=46b398106da1e11485238f49ddb66d1d
global_step=4000 | return=-69.33 | steps=150 | track=744b85f5cd6ad07aac947663e784c679
global_step=4192 | return=-150.02 | steps=130 | track=20bdf0fcf52ce50058a81aaccc3ff20a
global_step=4192 | return=-158.20 | steps=131 | track=65fb87bf1f740a97351a040340aa4890
global_step=4208 | return=-144.59 | steps=131 | track=efc7017ead0590658ee2559bb5487e1d
global_step=4208 | return=-144.76 | steps=131 | track=4a4eba951f981b5cc3392b1310357000
global_step=4208 | return=-162.20 | steps=131 | track=f7d9e2419f74650661f3c455873e4802
global_step=4208 | return=-147.20 | steps=131 | track=6f5642b8f38f83165645137117e1736c
global_step=4416 | return=-143.50 | steps=131 | track=3d6662760f5ffde8d1776ddb45a8671f
global_step=4864 | return=-71.02 | steps=40 | track=9ecfaa99cccea5efd5b5418ac5a20c5d
global_step=5264 | return=-140.50 | steps=158 | track=24e559437943d102c042ce54e265dea4
global_step=5296 | return=-30.61 | steps=67 | track=4932b287174d5cb374d2331c03f4dcda
global_step=5312 | return=-155.79 | steps=131 | track=76def9ea4a90c031db268c244a429bd8
global_step=5456 | return=-166.76 | steps=131 | track=0fdf4443ee21efb6a8f7763e9f353bbf
global_step=5760 | return=-103.78 | steps=150 | track=6193ff0125b6d4151097c8c0659ba7d7
global_step=5760 | return=-155.40 | steps=131 | track=e4099aa7f572b99998847a6e60d12a84
global_step=6064 | return=-148.35 | steps=131 | track=3ac78241c717087098eb5a49e9cb7f9c
global_step=6112 | return=-132.20 | steps=131 | track=225e23946dc7ef11c670d3f659b3cd5c
global_step=6304 | return=-143.95 | steps=131 | track=365435fbb03ecdb40f71448d7aecdb79
global_step=6304 | return=-139.13 | steps=131 | track=a04ef74c50fbb7c3aa7f90eb1484d825
global_step=6304 | return=46.42 | steps=197 | track=45576c14de4f0c6d395254c22de6d860
global_step=6320 | return=-134.14 | steps=131 | track=7c73470236a42f4f8deb9ea54c186ca6
global_step=6320 | return=-152.97 | steps=131 | track=a68b5fb632ddab3b5c6924f24083aa1d
global_step=6720 | return=-232.87 | steps=288 | track=50353728d298d3941d140b1bda098a41
global_step=7328 | return=-41.45 | steps=63 | track=c1cf09686b23b20cf73bfc80a2bd5119
global_step=7424 | return=-164.80 | steps=131 | track=2d6a52e2d8f3215d738d2ebfb33dc1d4
global_step=7488 | return=-72.52 | steps=191 | track=4a1c5693882d5709b3a1bc258637e7cf
global_step=7552 | return=-148.58 | steps=130 | track=31441dca0b4483c31b5ac81c1957f562
global_step=7872 | return=-154.61 | steps=131 | track=e170de3c59f8a4323ac576d00eded969
global_step=7872 | return=-151.23 | steps=131 | track=391e2f403257777da49de5cc2f432ff3
global_step=8176 | return=-126.99 | steps=131 | track=500826f380bb31e5afc45b52a7631532
global_step=8224 | return=-142.80 | steps=131 | track=e92c2ce7754e6c6dbf8b98dabe5efc4e
global_step=8368 | return=-65.19 | steps=128 | track=8ea8f07c916773015e5a76256bacf80a
global_step=8416 | return=-142.18 | steps=131 | track=e163b89ac355934059367397822a1b44
global_step=8432 | return=-168.99 | steps=131 | track=7eeeb2407b2d6c17bf67bc138cb2519b
global_step=8560 | return=-101.92 | steps=203 | track=114135fbb5a01bbab133f8c18ade6b17
global_step=8816 | return=-109.21 | steps=86 | track=21a148e0d75d6f7dc6ee75afd19ae51d
global_step=8832 | return=-164.21 | steps=131 | track=5f8f8af3aaf3de5cffb01cd544d38460
global_step=8912 | return=-40.79 | steps=45 | track=cd2f5ae38a88b0bab80fce9671076400
global_step=9072 | return=-51.95 | steps=40 | track=f73f93b1b66ed2908d3dd0008a8a31a1
global_step=9120 | return=-54.71 | steps=77 | track=db4fa3a7857c7310dcabe7344edb3e10
global_step=9360 | return=296.57 | steps=280 | track=101babc3fa5d6f5d5bf85cf92ff01118
global_step=9600 | return=-152.76 | steps=131 | track=f7dd0b959195cf1faaa53071912daa1d
global_step=9632 | return=-25.07 | steps=66 | track=ac8c19ca9be594d884cc6123359f6b25
global_step=9680 | return=-78.05 | steps=146 | track=b381041bd86f789225d6a245274f0661
global_step=9856 | return=-102.24 | steps=92 | track=73c82a59efa02d131a9c400b6e246a5c
global_step=9888 | return=-93.68 | steps=145 | track=3d5203bc6ff5b97a7b54f4cec96adb8a
global_step=9984 | return=-149.40 | steps=131 | track=efe084a0b2f88c4583e0d1f4897eec2c
global_step=10000 | return=-75.86 | steps=229 | track=e74cb27a450c0269e451d1d882a5d48f
global_step=10336 | return=-135.26 | steps=131 | track=9a14c5f5b05509a6257620c29db50749
global_step=10672 | return=-98.03 | steps=139 | track=8863891994e01c1b1c82ba1ece87be46
global_step=10832 | return=-72.33 | steps=119 | track=0605a5735e510d5a42e6df5c1e34582e
global_step=10944 | return=-135.16 | steps=131 | track=7fcf50dabbde3266d3adbfadb48964f5
global_step=10992 | return=-30.04 | steps=62 | track=dbf6611901248f0fa06ae4963603702f
global_step=11184 | return=-149.76 | steps=131 | track=f0f508d7984d853c8aa23e0e3f460820
global_step=11232 | return=-165.31 | steps=131 | track=1492600d515a918a67bf489e64e0ccdf
global_step=11472 | return=-156.17 | steps=131 | track=44cece8e379c24a9faa00e52ddd0fcc1
global_step=11712 | return=-151.77 | steps=131 | track=2e652db3c5ea489764768623e0d548f9
global_step=11744 | return=-147.18 | steps=131 | track=c563ddc85044499a39950d9c63a04d50
global_step=11776 | return=-146.38 | steps=130 | track=7b06095b0457566f2a6ea21822a836cf
global_step=11984 | return=-166.95 | steps=132 | track=35c988ff71694c46fe48b73464c01ada
global_step=12000 | return=-146.55 | steps=131 | track=9a9e8ab10b34b817b64ed7ff78aa73e3
global_step=12112 | return=-132.78 | steps=131 | track=152acb9afe54c39d924416e492c3a758
global_step=12448 | return=-165.10 | steps=131 | track=815c5007eb1ecc9f387f5f34dbae3237
global_step=12512 | return=-96.00 | steps=230 | track=85046ba41c2570600aa64eacbbc18021
global_step=12944 | return=-145.20 | steps=131 | track=3810bf018690d0b1418a8917d650f641
global_step=13072 | return=-142.20 | steps=132 | track=c524c0ff7a2010477f51d897544f06e1
global_step=13104 | return=-149.19 | steps=131 | track=2c96ad045f462995c3c5ccb7b0ea8403
global_step=13200 | return=-49.68 | steps=157 | track=e9192eeeaa05793823160cc07c3af1c0
global_step=13280 | return=-24.47 | steps=51 | track=e9dc2303628707b5298cd057e2feb32d
global_step=13344 | return=-153.97 | steps=131 | track=355dccdda047aafa314e4d40595e1ba5
global_step=13408 | return=-118.32 | steps=101 | track=747ee7c01dafbbff895ad758941adedf
global_step=13632 | return=-16.82 | steps=522 | track=004cf39b45db46e1dd4d79451898610d
global_step=13824 | return=-157.83 | steps=131 | track=cc7cbf26b1f7d10c7ef92c9f84e513f2
global_step=13840 | return=-153.33 | steps=130 | track=34f6dcfb79fa4d8a18c70c4ae8e4b5a3
global_step=13904 | return=-112.11 | steps=151 | track=0f52c48e8b95cbafa38466853942949d
global_step=14080 | return=-146.46 | steps=130 | track=a05d69fa67b27463a29b7796826a8b6c
global_step=14112 | return=-137.65 | steps=131 | track=3a0b5221affe2c2297b55eedab20b911
global_step=14272 | return=-222.21 | steps=192 | track=176e7aad8d78ac781634a146d9737933
global_step=14272 | return=20.22 | steps=66 | track=a3f7e60f8e97ce34c080557a0a3b0fdb
global_step=14432 | return=-116.15 | steps=92 | track=be291fe4614680a2c1af981eac368f6e
global_step=14592 | return=-41.39 | steps=154 | track=87e35aa45fb548bff0a721039a7aaf40
global_step=15200 | return=-86.93 | steps=97 | track=d337bf7de8afbc3c4e0088e4394c0806
global_step=15216 | return=-162.00 | steps=131 | track=768f2a6d58d480f8a73e270cc8d37002
global_step=15376 | return=-154.20 | steps=130 | track=ef9f5c15848bc66d71aaf9590e39dcdc
global_step=15456 | return=-154.32 | steps=131 | track=472d6077e7d5831a7e827fa9c77ed369
global_step=15536 | return=2.45 | steps=90 | track=a4178b765f4ee8e6c5ecc0b13cbaf7ec
global_step=15648 | return=-155.90 | steps=195 | track=efb92847f40f270057b0931b7f426d1c
global_step=15696 | return=6.79 | steps=163 | track=1b6281553c3a11b069700ce1ede1f9ad
global_step=15920 | return=-145.98 | steps=130 | track=4297e220f1cd460bdb4b832bd51382c1
global_step=15952 | return=-176.41 | steps=131 | track=bb4a8e9a473bc57c49356d5379cda8db
global_step=16016 | return=-160.91 | steps=131 | track=7abb01122265fe3e0a98dd46fed3f8aa
global_step=16208 | return=-141.02 | steps=130 | track=1b981a1cff23042802d92fe07166c9dd
global_step=16224 | return=-3.57 | steps=63 | track=b8025b8524c323ac62d8c6184337a836
global_step=16240 | return=-60.66 | steps=43 | track=1bb09f03fbd24d3510b917270322abe1
global_step=16384 | return=-148.65 | steps=131 | track=72515edfb878b6304fa65eaa9ca7e4aa
global_step=16384 | return=-153.65 | steps=131 | track=e9dbca9b543abacc690afff64eb34308
global_step=16384, SPS=97
global_step=16400 | return=-75.30 | steps=112 | track=b2da4baabef339e74d8b4b5a3e3160c1
global_step=16544 | return=-150.59 | steps=131 | track=0dc2b7a3601fd08b3cb610e9006f13ee
global_step=16752 | return=-2.46 | steps=65 | track=aaf803df68dafa9273f493d6ac182754
global_step=17008 | return=-15.80 | steps=65 | track=e5ad27f8004048f09e212091e9612ba8
global_step=17040 | return=-5.56 | steps=63 | track=ddbd86cf4dd99e2eb8c91061006d7c39
global_step=17072 | return=-40.67 | steps=53 | track=c642d356239c870e44097d46caa01434
global_step=17616 | return=-33.36 | steps=86 | track=f71e7c7f810255d483732a85172c7703
global_step=17648 | return=6.14 | steps=68 | track=5db45a39f5a50ec1e56bb605aa804dda
global_step=17664 | return=-140.55 | steps=152 | track=e8b1ffe07efad5b0b18a561e90758ba6
global_step=17712 | return=-109.04 | steps=128 | track=c91928b58ba1bba5da84932644f42a62
global_step=18000 | return=-176.80 | steps=163 | track=0e911d972201f4d7162c640bb2209d4a
global_step=18032 | return=-141.20 | steps=131 | track=2b0e8a92b49d77fca4648b8dbb043588
global_step=18480 | return=-145.56 | steps=130 | track=ec039809bf706a8b6e1cc3ca5b6e3378
global_step=18496 | return=-169.18 | steps=131 | track=f7d2eeb9716789d6587f65503bd0c6e2
global_step=18496 | return=-153.60 | steps=130 | track=7b783023970dcbe04a5833567931c135
global_step=18576 | return=-34.55 | steps=95 | track=3306cafab82e521a480e3dc1aea8d08a
global_step=18592 | return=-173.20 | steps=195 | track=fcdc8fcd385eb42a39e4f31d43cc582b
global_step=18912 | return=-151.16 | steps=166 | track=d55bcd3e87d65637e3beba11efd1923e
global_step=19184 | return=-143.50 | steps=131 | track=1c888b98a604d7206dcbf5a2ff01d3b9
global_step=19184 | return=-256.32 | steps=360 | track=883855770d502fd5346cee66a5fe0f02
global_step=19232 | return=-74.48 | steps=154 | track=653afa8e0048f7a6a20ed0a18706abc1
global_step=19600 | return=-125.92 | steps=99 | track=bad52cd2ba5c8eb056553a9b985067f0
global_step=19728 | return=-148.31 | steps=131 | track=a668f90461ba46e2244d762f810be205
global_step=19760 | return=-133.28 | steps=131 | track=191d83d01e1589184e47183d600bede9
global_step=19776 | return=-146.83 | steps=131 | track=ca9b8da95daf6dc6bf4c5b9b44070bfc
global_step=19824 | return=-147.20 | steps=131 | track=a46c58ede160d3fb1ad282c35612bb8c
global_step=20144 | return=-133.62 | steps=131 | track=3604cf75b6f604ed96872cc606599286
global_step=20208 | return=-100.75 | steps=63 | track=37ed919f7896e74a763efdde9c4485a6
global_step=20240 | return=-117.80 | steps=102 | track=f95988b9516e8fca438ce4482c2287a1
global_step=20272 | return=15.25 | steps=84 | track=bd6c865a2db0decdddba3e77afc48404
global_step=20592 | return=-163.35 | steps=131 | track=1683d06c17be78b48d6984ab32dbb31d
global_step=20608 | return=-153.49 | steps=131 | track=0613b4831ae30c368fc2d0bc42303a8a
global_step=20608 | return=-151.67 | steps=131 | track=5d0b7eca3117ebb88d42fd6344d7dcd1
global_step=20608 | return=-10.29 | steps=62 | track=f91034d61983c14640e5b3676c4846c8
global_step=20688 | return=-141.84 | steps=131 | track=f7753b49443f126b2d6929c2e491e946
global_step=21152 | return=-81.60 | steps=85 | track=55b2007f81fc2662a2b200cc16ec816e
global_step=21344 | return=-146.29 | steps=131 | track=2bbfd086fc74da61b0adbd4b95bd3226
global_step=21840 | return=-144.41 | steps=131 | track=eadaee0a28744094ae67bf7ff5086c2d
global_step=21872 | return=-153.87 | steps=131 | track=ad4a95288c9fbb62644214b9dbd36fc1
global_step=21920 | return=-172.32 | steps=130 | track=c8d32d073dad872f1002fe092b1e3d07
global_step=22000 | return=-170.25 | steps=311 | track=c694d8e2862b7b734f7fa9964c2a1e68
global_step=22208 | return=-116.23 | steps=100 | track=766b2236ad8d55b1163d967bb79fd6a5
global_step=22256 | return=-141.33 | steps=131 | track=9bf4921bdd158c49bc7b2d17cf3d0db0
global_step=22320 | return=-142.80 | steps=131 | track=d235ca8629e0bc49e1fb2950f2755b2c
global_step=22352 | return=-143.73 | steps=131 | track=2c2ed6aac60335501ad7cea6efa8db4b
global_step=22384 | return=-136.62 | steps=131 | track=572957154c8578298ae8812215885836
global_step=22608 | return=-42.53 | steps=47 | track=1eb308ddc337b0c743f57f6c21e82f83
global_step=22704 | return=-163.22 | steps=130 | track=cbd82c69ef372ba3507ea9187afa078e
global_step=22720 | return=-196.78 | steps=220 | track=f5e1847c820392e898b12300bb17bd20
global_step=22784 | return=-179.06 | steps=130 | track=c06c3f7bdc5661140953128d9fbd69b1
global_step=23264 | return=-155.50 | steps=131 | track=b5809f203d85dc5c91e8e2ea04990603
global_step=23296 | return=-44.92 | steps=56 | track=ee9121bcc53c6b3c86466a43d3bf2002
global_step=23360 | return=-191.04 | steps=171 | track=4c1755ce24b2f8bc3173aa6c373dc8ab
global_step=23408 | return=-117.14 | steps=174 | track=8f3a1175892a65a2b1ed495f99dab578
global_step=23456 | return=-150.33 | steps=131 | track=701dcf9fbce561e94e24834ed795ec97
global_step=23728 | return=-125.38 | steps=107 | track=76ee736ad81daf157fdaf7960e2b9fa4
global_step=23776 | return=-0.64 | steps=66 | track=bec59681880227eb4f2ec21622a8cfbe
global_step=23888 | return=-120.63 | steps=104 | track=287bbf01313f55b2fead3ad600fd0c6f
global_step=23888 | return=-147.63 | steps=101 | track=091b26dd15fbf8849ada48b4dfb77100
global_step=23984 | return=-159.03 | steps=131 | track=2bea727cbb072a9783ed6c2d2d96b946
global_step=24000 | return=-126.54 | steps=104 | track=b71d4501a6cbeee94c623d9ae2f4a8c1
global_step=24272 | return=-79.08 | steps=92 | track=aae80f55688212b6a5c75c414cb155c9
global_step=24464 | return=-141.53 | steps=131 | track=8d93bf14dcb42bee4fcbb3dc147c7703
global_step=24512 | return=-13.54 | steps=68 | track=b89d0f0f98592d6b5d0e6eede4e17142
global_step=24688 | return=-102.38 | steps=88 | track=7358ee10a6ff088aa0bce56c148f8842
global_step=24720 | return=-150.34 | steps=131 | track=dc842c498602df9cc999dcc3ba1d7aa8
global_step=24736 | return=-26.73 | steps=62 | track=d28e06a1b3988783f72ed43ffa1cc72d
global_step=24784 | return=66.85 | steps=178 | track=2bba0b7e49f80abc9d0d693e3b6bdf85
global_step=24800 | return=-110.92 | steps=89 | track=41f79bea9f7e0738d10a23e16581c423
global_step=24816 | return=-141.78 | steps=130 | track=e4701768f623aafe8d125c5a9bbed56d
global_step=24896 | return=-8.22 | steps=62 | track=58d91f082b1dce1c96b025c2fbe70125
global_step=25056 | return=7.99 | steps=65 | track=fd9b5597552ac01f7aa0399711cb6fe2
global_step=25392 | return=-147.82 | steps=130 | track=4257d16379cff0ba5b72a4c5fc396f6f
global_step=25424 | return=-101.88 | steps=89 | track=52ba99c4ea1d7499b7be4ab69e85c243
global_step=25680 | return=-84.59 | steps=138 | track=475acc483499c6e22a092d0a284fe7f0
global_step=25792 | return=-38.39 | steps=62 | track=72d36ee7fe0f39694705c239c352c977
global_step=25808 | return=10.52 | steps=66 | track=904cb0ee37b3559e0b4dd44d1c63833d
global_step=25888 | return=-146.99 | steps=131 | track=86705c002d11e88b847488b334bfe176
global_step=26000 | return=-145.70 | steps=131 | track=ef0229df82e656ec4e6bf5c36b58bbf1
global_step=26384 | return=-168.66 | steps=131 | track=9f08275cd526604029bda32ead7a04ef
global_step=26576 | return=-160.19 | steps=131 | track=fa515b0e84bb7bc659c9ef1348568a08
global_step=26624 | return=-139.40 | steps=131 | track=06eee987f4a49a105a3d94ca14221757
global_step=26640 | return=-67.85 | steps=46 | track=016e54a33491084c6f6c6d9c1c45e80c
global_step=26784 | return=-155.17 | steps=130 | track=bf1b8a60f7d85ea8b0b1d3dba0ea8314
global_step=26832 | return=-169.54 | steps=131 | track=a91278ea408f60645fdab14dfc864755
global_step=26912 | return=-150.77 | steps=131 | track=48e7a9f6ed899a287ad54029e5cb31fa
global_step=26928 | return=-149.87 | steps=131 | track=d08103747c5538f235156f2708ef23a2
global_step=27168 | return=-145.75 | steps=131 | track=76d4c4ab3f837fece8657f65fec6001f
global_step=27248 | return=-105.28 | steps=89 | track=e8e1abcbb8dda6fa79f24427465e9ab6
global_step=27536 | return=-137.99 | steps=131 | track=a40f13c9723a4cc732d6c8e187cd7c86
global_step=27568 | return=-29.59 | steps=61 | track=1d24dfb214f42e8776ccc1463b05cb17
global_step=27584 | return=-57.40 | steps=40 | track=af50eda98b88d0ef25ea05d22e53e96c
global_step=27584 | return=-125.02 | steps=136 | track=88bf4c63fe3bc0a95071bb25e9d4398a
global_step=27792 | return=-152.54 | steps=131 | track=54e4b3f9af20932671292bf4529c9263
global_step=27904 | return=-154.95 | steps=131 | track=cd7a172dd3c2df3a5b529f0adecab389
global_step=28096 | return=-144.60 | steps=130 | track=e985d8b7517d849a997e90ca281d2fee
global_step=28224 | return=-1.86 | steps=65 | track=5d91d025717a9593ab2760055742c189
global_step=28384 | return=-75.39 | steps=109 | track=33cd3e4d5aa0ee66ab26d58064f125bf
global_step=28448 | return=-75.52 | steps=112 | track=31343884366364057f01b97aa358cab6
global_step=28464 | return=-148.18 | steps=222 | track=8568a57c00fb3c8747f67d08bdfdd020
global_step=28480 | return=-158.79 | steps=130 | track=490d52421cc1dfa0ed5980440933131d
global_step=28800 | return=-61.20 | steps=43 | track=e4f50d703872707324d3d192565757d9
global_step=28896 | return=-167.42 | steps=131 | track=8663ce659409eb2bc35a287e78669a5c
global_step=28912 | return=-18.58 | steps=62 | track=51ed5b921e7a8141988d83e36b296f19
global_step=29152 | return=-90.28 | steps=100 | track=4f643fc01a06168112a235bca7b4307c
global_step=29360 | return=-150.69 | steps=131 | track=c1a34ef7322be9259698d9c1f634d8c3
global_step=29680 | return=-140.67 | steps=131 | track=558f2cfcf82cc5a83849867d6e2aaec7
global_step=29696 | return=-153.87 | steps=131 | track=177ac0a670ea55c1133648ff1753d440
global_step=29760 | return=-50.06 | steps=85 | track=344649ba33a10786e95464b3bc5d0704
global_step=29904 | return=-142.21 | steps=131 | track=464b7c65f0f1fa0baaed31369380dd19
global_step=29920 | return=-2.19 | steps=69 | track=1f9df012f68a0bae853a2723bffdd2ea
global_step=30032 | return=-51.17 | steps=152 | track=fac7b3048ee42207d8965bf40fc1b271
global_step=30080 | return=-36.68 | steps=44 | track=ae36aa43d12f36a6641496e6c7c90dad
global_step=30416 | return=-162.24 | steps=223 | track=3d0e68e1214cd258fd4c3591410ac84d
global_step=30560 | return=-150.13 | steps=131 | track=b6abd10260c7d37554b5d620909bbf19
global_step=30576 | return=-144.87 | steps=131 | track=ac5996adfbe7f12921df781e768b44f2
global_step=30592 | return=-160.40 | steps=131 | track=42eb2d13f478be181b24d7119d056459
global_step=30928 | return=-59.40 | steps=77 | track=724442385930a5c1f8da33d45df1cc49
global_step=31024 | return=-143.81 | steps=131 | track=e582ef4dbe671b281d84a42ca97e895e
global_step=31024 | return=8.33 | steps=69 | track=83dd01ff982ff846021df16324424817
global_step=31376 | return=-44.10 | steps=154 | track=e75a7e19f16378b1beff4fd1fa48ef77
global_step=31440 | return=-2.47 | steps=63 | track=45cf9df2f7ac97cce36ef49b006f099f
global_step=31536 | return=-90.26 | steps=100 | track=860d58f3691e3205fc34d40b7a70a832
global_step=31712 | return=-144.26 | steps=217 | track=295b1022536f7938a927e1e049044bff
global_step=31808 | return=-135.59 | steps=131 | track=aa765d0b8d627e69b72fc01216e569f8
global_step=31872 | return=-133.21 | steps=131 | track=a77ab3fc4bafb569323658d33dcad889
global_step=32096 | return=-69.53 | steps=72 | track=4e821f26f921b510b33cefedf2c5e5d3
global_step=32144 | return=-146.00 | steps=131 | track=10be641e93a6f6c22bd2dcaceaf7fe38
global_step=32192 | return=-137.90 | steps=131 | track=c4d01964715b9e647f43ae8fb01fd7b5
global_step=32496 | return=19.37 | steps=69 | track=db2d85ab302094500f48f601f4dd5b24
global_step=32672 | return=-163.58 | steps=131 | track=4da18b589a0d87ad137433570665ac47
global_step=32704 | return=-151.12 | steps=131 | track=d86f45fed75747a759a74dbae422ff72
global_step=32736 | return=-65.59 | steps=363 | track=c812302754e131d0fb3b117c574ab28f
global_step=32768, SPS=88
global_step=32960 | return=-201.72 | steps=237 | track=14bd699e4030ed409f2745d158458d1d
global_step=33040 | return=-133.16 | steps=153 | track=92392d67854c1167e3e8d4fa857b5688
global_step=33264 | return=-87.09 | steps=139 | track=6827347d03430e3c38a18d0471c00881
global_step=33472 | return=-63.12 | steps=152 | track=1a6cd2700b50350e02a4f958c4dc901c
global_step=33552 | return=-139.07 | steps=131 | track=306695686f58fb2a180b099ef5e19794
global_step=33632 | return=-138.82 | steps=130 | track=a7959a70200b3ca999619648d4d6d0ac
global_step=33664 | return=-73.41 | steps=115 | track=b53f3caeb09f52bf2d915f20a7eb4886
global_step=33824 | return=-144.01 | steps=131 | track=debaf7a9e5aae9d90bda8806b534821c
global_step=33840 | return=-121.78 | steps=108 | track=235b639105028bffaa98daf7136e4cc6
global_step=34000 | return=-153.82 | steps=132 | track=bab1d1108fe22122aec8bc18f89f2a83
global_step=34256 | return=-167.70 | steps=131 | track=cdb1836eb8d1146fafdb284812216d77
global_step=34320 | return=24.42 | steps=65 | track=f02085947f68e947f2a2206c31364cf5
global_step=34528 | return=-135.95 | steps=97 | track=45ff6309d33c201b96c394d10d19058d
global_step=34608 | return=-124.29 | steps=131 | track=f6e6bd4c963d0ba547545b21d3983a73
global_step=34640 | return=-68.52 | steps=152 | track=8bd3ce02feabd9094308d3fcc725e7d6
global_step=34752 | return=26.67 | steps=69 | track=484af85f7643db660baca9a5c1aa2784
global_step=34816 | return=-142.05 | steps=131 | track=d09e4729dfd09aef5ca9aa7df30d0f62
global_step=34848 | return=-169.02 | steps=131 | track=e580308b5e2bf5cd4591a6371709ce80
global_step=34880 | return=2.97 | steps=65 | track=bfc0c851b30d16a69bb9952765fe9b45
global_step=34928 | return=-106.38 | steps=140 | track=296ae445bf965028875c023c88597d0c
global_step=35152 | return=-117.14 | steps=131 | track=62374c90839851f156471e10b01ca605
global_step=35344 | return=-31.40 | steps=67 | track=0c4b80682f783b54b99ad0798651709d
global_step=35344 | return=-15.48 | steps=63 | track=dd76769789a68d3b5d7c4b8b48d0fc68
global_step=35584 | return=-153.87 | steps=131 | track=e42a341762cc270b168f6ba8a9ea7810
global_step=35664 | return=-136.34 | steps=131 | track=6a8dd6d487f95d420dc7332339d48fbc
global_step=35760 | return=-121.16 | steps=130 | track=26113ba0c89e29da93bea829ff16c764
global_step=35808 | return=-69.85 | steps=57 | track=858599c58d3038558f2813482061efe3
global_step=35872 | return=-12.97 | steps=63 | track=0e88ddbad8ad350c919a4643b5cc6c9b
global_step=35936 | return=-170.00 | steps=130 | track=74319b27064499e477bd2d85a82e52e7
global_step=36096 | return=-166.48 | steps=130 | track=f2f26108f32c1d47b3d68b7298a318bc
global_step=36256 | return=-119.85 | steps=102 | track=e0c0e86f1ae02e9c208c413453cad3c1
global_step=36416 | return=-122.01 | steps=110 | track=7d22102d989ec34d0425735e77589500
global_step=36624 | return=-6.61 | steps=64 | track=dddf65b86f23c72c438254eb6dc2544e
global_step=36624 | return=-139.87 | steps=130 | track=968356f6d37f873a22ef7e3a8c5a4b3f
global_step=36896 | return=2.96 | steps=63 | track=d22e045e99992e81e29156d2a2d26d88
global_step=37264 | return=-150.55 | steps=131 | track=f7c578e0366212634d39767dbb44a859
global_step=37296 | return=-44.93 | steps=74 | track=c4c88afb05ac0634a28d154be71541da
global_step=37296 | return=-73.88 | steps=41 | track=c31879dda5e3e0ca0b356e4794a65216
global_step=37328 | return=-115.35 | steps=149 | track=09d09b4a80b5372dc5c8d32d086902b0
global_step=37392 | return=-12.18 | steps=70 | track=a7746f1079e89de244fd76ff96ba7022
global_step=37456 | return=-150.98 | steps=131 | track=91463682a29af0fe7a3d2cdd98ab0df0
global_step=37776 | return=-150.77 | steps=131 | track=9e47fba72931b0370adfb24ec9fcfcfd
global_step=37872 | return=-154.00 | steps=131 | track=326f12f51e0c9826a05a324325e8fdd9
global_step=37872 | return=-62.59 | steps=60 | track=e02aff6f558a1a7788c30763c43ac637
global_step=37904 | return=-120.17 | steps=130 | track=299fb7e718e04210f75da150d487a358
global_step=37984 | return=-78.16 | steps=197 | track=3b3d76ce4ec2221634d7fe544145582d
global_step=38032 | return=-148.18 | steps=130 | track=0de07bb61c8c694802a0624a05165293
global_step=38064 | return=-43.38 | steps=47 | track=93cffd1385104dd2bf8b6784b668e1f5
global_step=38288 | return=-24.21 | steps=61 | track=b4b4ebc76db7b80b02720e6f65bee735
global_step=38512 | return=-152.99 | steps=130 | track=7e198e44f2b621069352e126ea61c877
global_step=38736 | return=-143.35 | steps=131 | track=285687e4eb951af18e83c498f4c83a9e
global_step=38800 | return=12.84 | steps=63 | track=640bd4cc6a7b2fe62dfb463f09aa01d6
global_step=38864 | return=-50.84 | steps=256 | track=53389c979a6433052589fd3ca0469c52
global_step=38896 | return=-104.88 | steps=97 | track=5cf5dcf4f7dce89a9f371c5afb3d248d
global_step=38960 | return=-35.75 | steps=57 | track=c1c8ea726bd20acf54a63985ee58f3e6
global_step=39008 | return=-4.47 | steps=63 | track=764905968daeace29c41cc5ca1cefdf7
global_step=39312 | return=-109.19 | steps=89 | track=206b990b58ec6eaf64da68a8a57ae0da
global_step=39376 | return=-158.71 | steps=131 | track=ac786e489de23df2238aa1e4397ff802
global_step=39504 | return=-139.66 | steps=131 | track=1ba74d338b72c91baaadde5fd520b7d5
global_step=39552 | return=-107.39 | steps=92 | track=5a6d875877903f424ca587b581c5985d
global_step=39584 | return=-150.51 | steps=132 | track=ce774824337d3f04d84d37c382ef1a76
global_step=39632 | return=-66.54 | steps=47 | track=d6d5a2acf4e681c99bf975171b5c1623
global_step=39680 | return=-155.96 | steps=270 | track=e43b6a01edc86479d63acf07463c4f97
global_step=39984 | return=-136.50 | steps=131 | track=5d31ae7c477086dff6e1cd3146db9cbb
global_step=40000 | return=-108.23 | steps=61 | track=1bfa2d63c75f29643568239582fe63ca
global_step=40016 | return=-143.31 | steps=131 | track=f1872ac30640697ec792a33a62bd1e1f
global_step=40032 | return=5.89 | steps=76 | track=c6e285324c74baed055a2e7385ab543f
global_step=40256 | return=-40.89 | steps=58 | track=248490346dbfc186d9c59dd8f722292e
global_step=40400 | return=-7.67 | steps=63 | track=4215fcff3cb676386045ca7f37dc9c25
global_step=40576 | return=-28.74 | steps=61 | track=bccf0656622436fff250d8a11948f1a5
global_step=40608 | return=-151.89 | steps=130 | track=09e650b5b41448118f0104ad837327ee
global_step=40832 | return=-86.73 | steps=49 | track=0740c74e69048eba3d6d7dc2d0e79439
global_step=40912 | return=28.46 | steps=79 | track=992044e5c69cac6d68ae27c330f515ad
global_step=41056 | return=-150.38 | steps=130 | track=7a096b52c015835ffaf4923c62be9d01
global_step=41120 | return=-109.33 | steps=138 | track=3e96f04348d43a2418f77c3150a0b5d8
global_step=41184 | return=-80.17 | steps=93 | track=10c4cf1b4d50c5ed49f0d19431be400c
global_step=41520 | return=-190.29 | steps=201 | track=ece8e4babedb8c6f11b2e9f1ba3206eb
global_step=41648 | return=-72.88 | steps=45 | track=212e94b5cc4ff9d6bc96cda8fc09097a
global_step=41664 | return=32.72 | steps=65 | track=e7601cd355c6ca2cef1ca52af99d6565
global_step=41824 | return=-86.98 | steps=192 | track=630227f20df4b3225f10b99b16129131
global_step=41840 | return=-94.17 | steps=145 | track=21b53f22878f0a64d671b1e8c4975104
global_step=42096 | return=-176.73 | steps=131 | track=9c2b9aac7e1e0f1f085d16e7b4331897
global_step=42176 | return=-143.21 | steps=163 | track=12b6c4576652a3cdb845acc3c5484218
global_step=42320 | return=-102.50 | steps=143 | track=df5365b89de0442789edb1974351c11b
global_step=42368 | return=-143.74 | steps=131 | track=5f487f73fb6dd7936661c74edb37b01f
global_step=42576 | return=10.46 | steps=86 | track=c2d26426ad71edc1ff7b0677270d82c1
global_step=42656 | return=-12.89 | steps=62 | track=6c6b43864fa66b109bf5168684e5fafd
global_step=42688 | return=-146.16 | steps=131 | track=dfbd34a78961f85e2956e893862ead14
global_step=42704 | return=-8.06 | steps=64 | track=2f7017d905fba631c97cdd6577e41f0d
global_step=42768 | return=-94.34 | steps=172 | track=5fb56ceb3f82c8e230538cbd4b5edb67
global_step=42944 | return=27.13 | steps=69 | track=9eb3d803c89ec4d9f80015915275a663
global_step=42944 | return=-147.02 | steps=131 | track=e32dd41bcedddb87b457cd7cf68ea72b
global_step=43168 | return=-151.20 | steps=131 | track=3f39c9408255634f1efac7c574b069f2
global_step=43216 | return=-26.78 | steps=175 | track=950b40cfda6cb71b42058c4a985160e3
global_step=43616 | return=-68.15 | steps=56 | track=224de57805a698735272a775d90ace3b
global_step=43632 | return=-146.14 | steps=131 | track=0d1996c91f3bcb6a0971250dde2185e4
global_step=43696 | return=-36.90 | steps=160 | track=c223816a2b8c3691cfb5f958ce8ffdd6
global_step=43904 | return=-60.23 | steps=42 | track=19da2070615082bcebe499b7836e23c6
global_step=43936 | return=-20.40 | steps=61 | track=29737cb318baba20b96f2274c49e34be
global_step=44144 | return=-108.03 | steps=143 | track=0c8f5eb0d7d0f3baa9115f1f78c058df
global_step=44208 | return=-151.96 | steps=131 | track=e20c139728e2962d49224b88bc1c3d16
global_step=44240 | return=-55.01 | steps=96 | track=3c4c74151a52efde7ebbb07f50f63208
global_step=44288 | return=-155.79 | steps=131 | track=3ccd8922e99a71ca8e64423a23427534
global_step=44432 | return=-165.21 | steps=131 | track=7604b402ced4c58342f4fd82ca224559
global_step=44464 | return=-131.40 | steps=105 | track=29550693c7c53ef305074a34f3776139
global_step=44464 | return=-163.78 | steps=130 | track=0b5b9475f00994b3e26705c083196ded
global_step=44688 | return=-142.67 | steps=131 | track=3d4e410d444d17973a9fd6505c8241b8
global_step=44704 | return=33.18 | steps=67 | track=3cfda31366a6ec976385e7cbcd8ec097
global_step=44736 | return=-9.62 | steps=64 | track=7e645ab105f435a296536f8275b05b0b
global_step=44752 | return=-147.31 | steps=130 | track=68071ab2ae8be8dc4a2a27901c6e2edf
global_step=45264 | return=-151.52 | steps=130 | track=420759070e2109859af0da52a4b7ba68
global_step=45360 | return=-59.15 | steps=69 | track=9d61934970f6d5471d169217f9db66bd
global_step=45440 | return=-63.36 | steps=46 | track=47d5843fb0ce533e67cf873d93d9a852
global_step=45504 | return=-155.78 | steps=159 | track=43c817a0f9a1faa68cbe0c828429f598
global_step=45744 | return=-149.16 | steps=131 | track=534111c0f60c7781573568417cf55851
global_step=45840 | return=29.93 | steps=70 | track=e05bbd1d7aba80a9036bfb852198c8ec
global_step=45952 | return=-65.26 | steps=92 | track=0e8fc3c5ebaeb65337d4f2d4ed9d2183
global_step=46000 | return=-146.33 | steps=130 | track=90cb97a79434bbceb1b1d4bec5d2a660
global_step=46048 | return=-148.14 | steps=131 | track=f046fccd9cc4c7738c36581908328705
global_step=46320 | return=-146.72 | steps=131 | track=8afd6769f7a4d6c4038cff88f5e71caf
global_step=46400 | return=-154.53 | steps=131 | track=86966e9d695b83bcef9fdeac93bdab66
global_step=46448 | return=-45.21 | steps=106 | track=38cbac4d4d61f7e9633d6d8dcaf39f8e
global_step=46528 | return=0.46 | steps=67 | track=4893a18af787e7df5dc439496ab6f997
global_step=46544 | return=-149.25 | steps=131 | track=a12260ceda42f80358b1aa5b5169dace
global_step=46560 | return=-159.25 | steps=130 | track=e1162d27075877772b9038f33dd0b0b5
global_step=46576 | return=23.07 | steps=66 | track=f265eb35606604539a04e538fb03c4ba
global_step=46816 | return=-136.92 | steps=128 | track=6ab1b4481bee00d9afa37cfcf0e89e25
global_step=46816 | return=-12.68 | steps=53 | track=59aa63ee2676e1f2d491e9ae00a77e32
global_step=46912 | return=-61.57 | steps=172 | track=c99252bf5cf8278cfd9dea70146fe5a8
global_step=47328 | return=-27.80 | steps=62 | track=075166fa4e01ec10c77d285f1707b88b
global_step=47376 | return=-144.52 | steps=131 | track=bb5975b14ba65914ce1e34c280c74a5f
global_step=47472 | return=-96.76 | steps=55 | track=2a3ce848dd31bf94f52a8641fc71329e
global_step=47520 | return=-7.25 | steps=61 | track=bfc62bcd448bd4c838be808b791709a9
global_step=47936 | return=27.70 | steps=69 | track=1a3586e838a521b0535d4d635e1e7625
global_step=48112 | return=-122.90 | steps=131 | track=51bb5bd47e672967919364f9ac516ffb
global_step=48160 | return=-151.39 | steps=131 | track=9929fa1e89f2d5b0c94312635dea1ed9
global_step=48432 | return=-113.34 | steps=116 | track=3d9cdaa4d0992150118ecae8d53f6e2d
global_step=48544 | return=-108.72 | steps=130 | track=c286b1dd15534812a9a8f79b8d86d61b
global_step=48560 | return=-1.82 | steps=67 | track=9cd0c810654f621b0aed40beb3c906ab
global_step=48704 | return=-119.20 | steps=134 | track=3c27a088bd82351eed734e8af7640693
global_step=48912 | return=-150.78 | steps=130 | track=a67ef178a766e21593277dc5d2d018fd
global_step=49024 | return=-159.13 | steps=131 | track=8f931d083e26480707a9d36af72835a3
global_step=49056 | return=-168.18 | steps=230 | track=4843dd1b82ceccc56a0bcca7adb85c18
global_step=49088 | return=-56.86 | steps=208 | track=5a5c0168f63b13f228783c90b17071f8
global_step=49152, SPS=81
global_step=49296 | return=-45.82 | steps=73 | track=bae9c5164ae58c6ff6b3a1b2bcff475f
global_step=49440 | return=-155.79 | steps=131 | track=fd2fccd6331d5abd43022a98aac91407
global_step=49472 | return=-151.60 | steps=130 | track=db3747b8f95f021fd09c5821f1acfab0
global_step=49856 | return=-118.47 | steps=105 | track=98fa2579bda1a380bdd47fa5207448a0
global_step=49920 | return=-55.01 | steps=149 | track=edfa81c4263a6c1a3f4a9b62e12fdc2b
global_step=50016 | return=140.66 | steps=225 | track=5b3cf61f7cc505d23df259ae5ea3104e
global_step=50048 | return=-155.60 | steps=131 | track=651ba2c19f794f0a53c6adb567187a2b
global_step=50112 | return=16.48 | steps=67 | track=90b4d0604a342418282a3122d1e68828
global_step=50544 | return=41.30 | steps=77 | track=6f16dbf4c4c6f558d7bd8cf40a0ec64a
global_step=50544 | return=-149.92 | steps=131 | track=ba3aadeba7d4daf31647102c320c171b
global_step=50656 | return=-141.81 | steps=131 | track=3661ab0b07cc6d33a70a6d17d71f580a
global_step=50672 | return=-135.77 | steps=131 | track=b4510d14093518f61b27e053a7a6875a
global_step=50800 | return=-119.79 | steps=130 | track=50b9b9f4de254e46791f6cf3f906530c
global_step=50864 | return=-26.76 | steps=62 | track=497aea77c94b583046e7d0816118654b
global_step=51200 | return=-156.81 | steps=131 | track=a10a8fc397ad610b9af92d0404627495
global_step=51248 | return=-77.41 | steps=145 | track=0f5943e45838d8ca3ad5f8ea9f6ae239
global_step=51424 | return=-44.12 | steps=47 | track=ce9fc2c3535c17ab2c64ad8772f01943
global_step=51552 | return=-143.96 | steps=131 | track=544f523245657b45a386ec6b06db991f
global_step=51584 | return=-149.38 | steps=131 | track=e5ef60f4ea86a76503aaf7921486f778
global_step=51664 | return=-38.70 | steps=96 | track=18750c988321df89d1a282574e3b04c7
global_step=51856 | return=-177.64 | steps=174 | track=541e6e05c0e263543ef764d97c6587d8
global_step=52032 | return=-151.96 | steps=131 | track=12503c59621d67fdf18863dc3dcbb406
global_step=52048 | return=-237.57 | steps=387 | track=976e0240bb6a1e89591550a52d36bc0a
global_step=52112 | return=-152.78 | steps=130 | track=11c9bb05ce4e5d28c6abdb5849ebff60
global_step=52160 | return=-148.44 | steps=131 | track=94545537e26c661a30a992385fecde2e
global_step=52256 | return=-9.39 | steps=65 | track=3e432a9aee7c5f564fc39c2ffc262ddc
global_step=52432 | return=-148.17 | steps=117 | track=68efdf24b5f19757223238aa69ebcd05
global_step=52784 | return=-149.27 | steps=131 | track=6b5064940fbaa923dc35008189b7b606
global_step=52800 | return=-80.24 | steps=124 | track=26444afb46b285cc3c9e505aba700bec
global_step=52960 | return=-154.57 | steps=130 | track=8e8d787166db1c5c458280aea3b18c1f
global_step=53232 | return=-118.81 | steps=97 | track=0b86be5a0d687bd6e50887a7dbb02bd6
global_step=53344 | return=-171.53 | steps=130 | track=35d9254addcf505b5d13ac345670a007
global_step=53344 | return=3.65 | steps=67 | track=c2626054e2beb5763e0a07a3a3663711
global_step=53536 | return=-148.68 | steps=131 | track=d3fb4c5f8ca11efc7b9576efb938055d
global_step=53616 | return=-111.94 | steps=191 | track=bd2d1d601a89490bd9d2bef945657b51
global_step=53664 | return=-144.28 | steps=131 | track=abbac965bd64f8de05b8c273c69a259b
global_step=53968 | return=-148.21 | steps=131 | track=0a373ca05fbba447cd6cce59e839b6aa
global_step=54160 | return=-143.31 | steps=131 | track=bdff943ce01683a42bb92f4d3caf325e
global_step=54272 | return=186.15 | steps=64 | track=ad3409b76f152d1dc67dcd607c039fe9
global_step=54544 | return=-156.35 | steps=131 | track=45b3fc97102509a7b7ee8ec05f950371
global_step=54576 | return=-60.82 | steps=150 | track=aac36ff48cc50036bebc9037a1a4b1eb
global_step=54912 | return=-136.20 | steps=131 | track=a1d2f3a43e63e649fcd3c2fb3c55e423
global_step=54944 | return=-64.27 | steps=48 | track=8204624ceaaf82dac0f94f721a0a6b59
global_step=55088 | return=-150.37 | steps=185 | track=99ed9621c05e8533c5e542316b5ce6a1
global_step=55376 | return=-174.35 | steps=208 | track=833a2337c89a743f388ef3707e1ca08d
global_step=55456 | return=-137.65 | steps=131 | track=ec4831d3c377bf3ce2212c5dcbcd5337
global_step=55632 | return=-153.49 | steps=130 | track=c57f70149566d850452cc7c8f6e809fc
global_step=55696 | return=-68.82 | steps=107 | track=06fd0b20b5accbd2aec6b26cc04d6c7b
global_step=55712 | return=27.54 | steps=70 | track=e5c6c6b88c40cd02324cb7e54554d890
global_step=55712 | return=-59.91 | steps=47 | track=5b07b57b84a44b4d8a0a6a47c37ad178
global_step=55728 | return=-144.04 | steps=131 | track=166ea49a136b753537ceefe71e05d815
global_step=56016 | return=-8.09 | steps=276 | track=798d1c2ddde5c73c6cb7a247c279dcb1
global_step=56096 | return=-77.72 | steps=151 | track=84811f140f3c01c3c1d0d0c22e461dd4
global_step=56208 | return=-24.73 | steps=46 | track=f0a2b115565472d7d5473cbcec3fd485
global_step=56304 | return=-123.37 | steps=109 | track=6d6637381e5d409b463dc1cddddbf756
global_step=56384 | return=-140.47 | steps=131 | track=51df7f0aec6a6becd5a46bd7aa365046
global_step=56400 | return=-58.71 | steps=42 | track=51025839f46ab08200cb13b1a7630600
global_step=56624 | return=-76.38 | steps=204 | track=458d744706cd035fb3ee296146730e41
global_step=56640 | return=-106.85 | steps=240 | track=cb17e5e0baa46e7384f9a64a929500fe
global_step=56704 | return=-96.55 | steps=100 | track=a8c88c52eb2ed14fa6ef6ac2a56e9448
global_step=57024 | return=-141.84 | steps=131 | track=329eab164a923015492c1d3e42f9b0ef
global_step=57360 | return=-119.98 | steps=103 | track=8a9c6eafe256c40512c66058e6875d7a
global_step=57472 | return=-23.06 | steps=72 | track=d19da6088baf8460b1f65a567ef44c59
global_step=57488 | return=-138.82 | steps=131 | track=70439c5821c6f2ac7f9e0c220055c66b
global_step=57488 | return=-69.68 | steps=91 | track=4930a141bcfa098034bd7e7d2f4af360
global_step=57504 | return=47.32 | steps=68 | track=b5e4efd417ecd01a13fff97b976daa9a
global_step=57616 | return=-96.26 | steps=76 | track=d4a3daf421adedaf59aa5e691b829549
global_step=57648 | return=-111.77 | steps=96 | track=427254d5452bf15746d18297a4b639e4
global_step=57824 | return=-143.95 | steps=131 | track=96e04ab5e7d27575730b5c28b2faab57
global_step=57904 | return=369.73 | steps=308 | track=069ecd49764c99d5d383bc290ddc71c4
global_step=58000 | return=-101.57 | steps=141 | track=4d658a22cd5561a7fc8899c41a05c15c
global_step=58336 | return=-125.84 | steps=105 | track=9332272924fdc6692bf990d447009a01
global_step=58400 | return=-110.82 | steps=136 | track=f90c6f642a837f794383e8305ba5f039
global_step=58480 | return=42.34 | steps=177 | track=3bf5a7c400eb78b2df0b6e77bcc66822
global_step=58544 | return=-9.17 | steps=65 | track=52fe512d9cbf0fc0f4459dc75f4a7466
global_step=58736 | return=-143.06 | steps=131 | track=0985cb7a16e977808b6db6686970d5e6
global_step=59056 | return=-112.76 | steps=97 | track=7870ec8f545471cbb84260ee16b54784
global_step=59104 | return=-51.68 | steps=47 | track=53dc0f3e3890f442a13ae69510c322ed
global_step=59136 | return=-145.30 | steps=131 | track=f13eeb9c05d048d3b18e6118c353fe54
global_step=59392 | return=-46.58 | steps=92 | track=2122fddd741d2eb4e9bfbbf3843b4e5f
global_step=59584 | return=-133.70 | steps=131 | track=e74ed885078cc0df6424d24bc1c85cea
global_step=59616 | return=-142.05 | steps=131 | track=2f06b6b70244f3f5f6507e0e35e0fc3c
global_step=59728 | return=-137.80 | steps=131 | track=c15a141e8de0ca77397b0db9d1b0663a
global_step=59760 | return=-134.47 | steps=131 | track=f9f2eeb4c83d89d6dc0656e2b921f29a
global_step=59936 | return=-150.61 | steps=131 | track=c0639e93297092752665b98f88e8d66d
global_step=60064 | return=-112.77 | steps=94 | track=1f9fe88d01658c5083bf3211df998208
global_step=60096 | return=-156.84 | steps=130 | track=eccc39bc95854f9d3cf5d2cafe0b7881
global_step=60160 | return=-13.93 | steps=63 | track=ca04e85dd776d25accecd737f3dc83c1
global_step=60464 | return=-41.97 | steps=193 | track=0365b47005f66eaf65bbeab3b3847cc2
global_step=60576 | return=-2.95 | steps=73 | track=e183304bdc7ea4638cc3e08db77b2bd2
global_step=60592 | return=-148.01 | steps=131 | track=156b4f69dcfc9f21af9e1d43e19ede00
global_step=60608 | return=-22.41 | steps=61 | track=656807bc03475d4d7058a08a922f238d
global_step=60848 | return=-144.06 | steps=131 | track=f90353e913ffc0e308a74bbe98d126f7
global_step=60864 | return=-116.87 | steps=109 | track=7af4a3ed120a0cd85609ef9ccb43d5b2
global_step=60992 | return=-40.98 | steps=76 | track=6d9f41a870b45944f4c5a54b87721086
global_step=61088 | return=-22.85 | steps=61 | track=dcb909d270da5ca2e94cf143bb95be4d
global_step=61168 | return=-142.32 | steps=131 | track=cb887acb77f71fb57a5f2f5f90a817ec
global_step=61696 | return=-141.33 | steps=131 | track=fdd7569689638acac4091002bca80c6e
global_step=61840 | return=-146.61 | steps=131 | track=653cd138aa3ee07cfe9f3a206d08c9b2
global_step=61856 | return=-91.48 | steps=79 | track=38ff6cfcca064a9730bfb682b0eac507
global_step=62048 | return=-142.37 | steps=131 | track=9c30a213e16d7420e724b6aa2721c6bc
global_step=62096 | return=-5.88 | steps=57 | track=0f1709292d3fe9ad30116c4e297568f3
global_step=62368 | return=-22.89 | steps=137 | track=183ebb4240f543a884a22fb4913d5e02
global_step=62416 | return=-42.89 | steps=356 | track=85994456edd7564db1d5c39d2306dfc4
global_step=62576 | return=-134.14 | steps=131 | track=891c18517f10538fe3b70ae2244036b2
global_step=62704 | return=-151.93 | steps=131 | track=a270ef6f277af4bf03bac8538317a88c
global_step=62720 | return=-147.95 | steps=131 | track=7d406cde3264668b38a606531366bb42
global_step=62736 | return=-127.60 | steps=108 | track=40abda08fd9805da87ea380921f72361
global_step=62960 | return=-157.99 | steps=131 | track=465d20b90eb6bca517a09a4e2b9cbca8
global_step=63104 | return=-132.68 | steps=139 | track=b34749b58fbf7fa636bdf972e71bf394
global_step=63200 | return=-156.17 | steps=131 | track=8a9c1deae5054f274f9504319aaeefc5
global_step=63200 | return=-76.52 | steps=83 | track=18f57e911d8ac432349049e40be59f6f
global_step=63344 | return=-242.64 | steps=308 | track=d03268ed4f3b3830182f1688edeb230e
global_step=63440 | return=-53.30 | steps=210 | track=3f2e370b9e35723b94fff041bb17b5fb
global_step=63808 | return=-144.76 | steps=131 | track=db59c61e93d9260b38ca72876f500ac0
global_step=63856 | return=-108.74 | steps=112 | track=67950465f6779fbb5eafd8855042e7c7
global_step=63952 | return=-154.78 | steps=131 | track=dd525b76b14888247658b6d7f5149969
global_step=64128 | return=1.32 | steps=87 | track=4cd633e94dcd97bc352c1533d727fa9d
global_step=64480 | return=-144.76 | steps=131 | track=29c278490a34eb94a3d2fcca65113cbc
global_step=64512 | return=-139.78 | steps=130 | track=802a64c08f4dbc388ed9425124962212
global_step=64656 | return=-115.99 | steps=90 | track=6b906526e484ecb28122d111557d231d
global_step=64688 | return=-139.85 | steps=131 | track=3e3ed44924f38b887e15c42d6b05145f
global_step=64848 | return=-158.05 | steps=131 | track=28d851b483577c183bb2f630c31a7fad
global_step=64992 | return=-186.20 | steps=180 | track=431ec95d5988d3e3acbd7bfd28b8b90b
global_step=65072 | return=-144.33 | steps=131 | track=3f3981f692bf963b33fbb4b12cc8f714
global_step=65296 | return=-126.68 | steps=161 | track=f155e11f53c2fbd6cfb2c7273f0b0b36
global_step=65312 | return=-146.83 | steps=131 | track=7683a3343520f816dde3cd41db87ba2c
global_step=65392 | return=-122.98 | steps=98 | track=65e352968067eea68f041d7327bf8266
global_step=65408 | return=-83.27 | steps=143 | track=a7eeba214aa2a48454f52bb54379a8e6
global_step=65440 | return=-139.02 | steps=130 | track=4ad7adfb38facbece44311b8cdd347b8
global_step=65536, SPS=78
global_step=65552 | return=-132.55 | steps=131 | track=f28ebc1fbdb30dd46a2c9e2cb81551f0
global_step=65696 | return=-22.99 | steps=64 | track=33c4ba962406980a3aa8b2ffe803a0b3
global_step=65840 | return=-26.48 | steps=84 | track=190ea42b5fd21421c7a85d6bede74dd5
global_step=65936 | return=-19.42 | steps=77 | track=456b6a7ddd185c6dc72dd80abeb5e161
global_step=65968 | return=-150.01 | steps=131 | track=164d9d45a459788b445714d139f07a88
global_step=66064 | return=-150.64 | steps=131 | track=85b716650f4087b3bc09f1ac27e55f73
global_step=66240 | return=-141.27 | steps=131 | track=39f122e0a592d785550aa55c01edae13
global_step=66272 | return=-34.05 | steps=44 | track=082e52bb101c8cc10ff5d339c97abad0
global_step=66336 | return=-16.41 | steps=64 | track=2f403a0a3aa794512483e1b72f9f8d75
global_step=66624 | return=-152.71 | steps=131 | track=0bf1aa56fe3a5446261329855305ab42
global_step=67104 | return=-137.97 | steps=131 | track=f2671d2700f6bcd6e1a956c9cc3dbfe0
global_step=67136 | return=-30.43 | steps=108 | track=86d03e5a1ccf3dc6702774ff7af9e7a2
global_step=67184 | return=-159.68 | steps=131 | track=84276f05a318177e884ee43292195274
global_step=67296 | return=-8.78 | steps=63 | track=c49a830a79008ed01e0f216a77295768
global_step=67328 | return=9.59 | steps=67 | track=2e20bfc95c9823dab5cd07875f3bc80e
global_step=67424 | return=-149.03 | steps=131 | track=3fe91a4b9fa977b48226c20c84841f56
global_step=67520 | return=-139.15 | steps=131 | track=8056c608ea904bf0058715e140c27cbc
global_step=67536 | return=-150.45 | steps=130 | track=64a991d1349c9242e68cbbe5880deb36
global_step=67792 | return=-138.50 | steps=130 | track=04d4580a74afb15f71b14988b40738a6
global_step=67952 | return=-145.14 | steps=131 | track=efbca14f0b871717b383a670eac7227a
global_step=68080 | return=-117.92 | steps=131 | track=4c88e2a713891301708287438b6baf0b
global_step=68128 | return=71.95 | steps=136 | track=bc96e4ce2f6e1d59b4516c0b38427edd
global_step=68176 | return=-158.71 | steps=131 | track=9d2b54152ef910e6fbbbb7a354dd6ce7
global_step=68464 | return=-223.00 | steps=225 | track=ab9f146c95adfdd17dd6b5c2f55a90cf
global_step=68720 | return=-152.58 | steps=130 | track=2211436eff1a1cf27f0cfa86f15f4ee3
global_step=69072 | return=-11.57 | steps=55 | track=c44c41facab3a51ffd0093a3cd7afe0a
global_step=69104 | return=-31.99 | steps=60 | track=1854618a6cb52a36af482c976b567ebd
global_step=69200 | return=-21.50 | steps=130 | track=9cb35d11a052cb17a9c3413dc3bc3519
global_step=69248 | return=-144.52 | steps=131 | track=a1d3a4c68c55b7b2c65a084c2ef377b1
global_step=69296 | return=-131.40 | steps=131 | track=43a47a70ed6a9ce2baf3183cbd00c765
global_step=69392 | return=-144.80 | steps=130 | track=119149d6ccf2298b84d743fb89a6cc35
global_step=69424 | return=-149.10 | steps=130 | track=9c5960dfa9d1209a051ec937c55645f3
global_step=69536 | return=-160.81 | steps=131 | track=85efe53db5065673bf4674a512e856ba
global_step=69632 | return=-157.80 | steps=131 | track=2651b1519e2f44edb4ea8671cd7957b8
global_step=69632 | return=-156.00 | steps=130 | track=6b83493ba7bd3650ae7967c3e99379af
global_step=69856 | return=-79.52 | steps=40 | track=f4675a98f8a2cbeab4f02e3fcb574bd9
global_step=69888 | return=-149.32 | steps=130 | track=69b9e161b29f073665f04a1d64c4367f
global_step=70048 | return=-145.67 | steps=130 | track=3240d65ac901004ca2bdc3b81faae8b1
global_step=70176 | return=-115.78 | steps=130 | track=5cf11154f1d19636bead2eca8c6a6135
global_step=70544 | return=-116.39 | steps=113 | track=afc546ef39fdbe09fcbfed2718c4e2a2
global_step=70560 | return=-159.88 | steps=130 | track=11f1f59bdb8cbd434eb4d2a2a2cdadca
global_step=70560 | return=-99.49 | steps=90 | track=7c144b2f64f5cfda9323cc5d2157c4bf
global_step=70688 | return=5.34 | steps=65 | track=3cc60a8ec831cac0471c9a2ca40d7b0c
global_step=70816 | return=-63.88 | steps=279 | track=8b07d2c4f3c9a5bf7a297553f49c7a43
global_step=70848 | return=-124.61 | steps=110 | track=8876c3265b538d7dfdb3b86d5c40e904
global_step=70928 | return=3.94 | steps=86 | track=e7eb524c20adae6f8824d9554e16cf18
global_step=71136 | return=-129.32 | steps=108 | track=babd9b8cde9ea8f3c7949af4e78ddaaa
global_step=71408 | return=-147.61 | steps=131 | track=19c93d1aa6d7f24c7bb4aeb3c72d7339
global_step=71456 | return=-15.69 | steps=99 | track=eca9cfda568d79c7d9f98b5647cf6dcb
global_step=71520 | return=-150.20 | steps=130 | track=ff751d728313f308775eb000817adf5a
global_step=71616 | return=2.86 | steps=66 | track=3d98df56b23baa00719247d06c70b97a
global_step=71696 | return=-31.57 | steps=62 | track=6d36cffdb9fe928a9cc4da91358bd8ac
global_step=71744 | return=-136.43 | steps=131 | track=5d589d4215e75e3116ce086ea1568f1f
global_step=72016 | return=-163.27 | steps=132 | track=c24eee435593bbff0065101e5b4e6d11
global_step=72048 | return=42.65 | steps=174 | track=db7b4b22acd27ce14da8f0f6fe08a9fa
global_step=72064 | return=-29.17 | steps=70 | track=2a422823d27b1372cb1af1aeb11d097f
global_step=72160 | return=-176.47 | steps=131 | track=07c813abab0416daf941b556b8fe3650
global_step=72288 | return=-162.12 | steps=131 | track=e3c3150943993dc9ce87c3e270657dfe
global_step=73040 | return=-57.69 | steps=154 | track=9256eec9d91f01d36fabeaa729e23398
global_step=73408 | return=-140.00 | steps=117 | track=86d4d7ffc604716aae9e3e194fb8055a
global_step=73424 | return=-51.96 | steps=162 | track=24b76a0875e71cfec7f27f4cb0766b94
global_step=73520 | return=-147.71 | steps=131 | track=92f5fd9a3ac629b6121ec45d1a9c0274
global_step=73632 | return=-67.75 | steps=120 | track=b69e790519e2d268b3e9080467689cc4
global_step=73728 | return=-143.31 | steps=131 | track=feb38b62e093e61c926f0025c4e807c2
global_step=73840 | return=-165.61 | steps=186 | track=b00abe28f11d4d0caa0df4c07c9a3af9
global_step=73856 | return=-143.55 | steps=131 | track=2eed821c4fb82c35439286a1228f925e
global_step=73936 | return=118.47 | steps=154 | track=488a0757b48dedd180d6ae230afbd620
global_step=74112 | return=-151.15 | steps=130 | track=9d43a3eede29ce5c4ea36deb2f725812
global_step=74160 | return=-134.93 | steps=131 | track=5325e0f3c0e75c1cbdd57cb5ec2cc909
global_step=74272 | return=-145.75 | steps=131 | track=ec3a9012fe9a20a4dc699a9e678f8676
global_step=74400 | return=-147.71 | steps=131 | track=075c9fcf85db765ea131bd820ca15d01
global_step=74592 | return=-74.97 | steps=157 | track=96b0ac27a9c52d6b222590ae13e195b3
global_step=74832 | return=-78.47 | steps=266 | track=716a6217533e67e4cc60a2ad6990edc8
global_step=74960 | return=-90.21 | steps=96 | track=80efc528f155980a9bda07e27eabe374
global_step=74992 | return=30.75 | steps=71 | track=df68df03969f517e7d29f7464b0d4b7b
global_step=75152 | return=-138.00 | steps=131 | track=9e0d758e20c923991b17dbfc0f9a21a3
global_step=75296 | return=-103.97 | steps=89 | track=82a08c07077467159d73066c9f2a685d
global_step=75392 | return=-0.76 | steps=69 | track=9470cd48383e566aac5202a1f361b600
global_step=75632 | return=-154.35 | steps=131 | track=b39a9518e266ccba734efbf11511d53f
global_step=75744 | return=-124.52 | steps=131 | track=d214b3a88d21fc36a035eb7f4212cf1c
global_step=75808 | return=-155.87 | steps=148 | track=6999896b2236a503db6128bc8d574420
global_step=75840 | return=-184.12 | steps=131 | track=5a335131db1c128c85302c4afe66c26e
global_step=76144 | return=-217.92 | steps=312 | track=79a12ee6c8315cfc2039fa9759c620a9
global_step=76208 | return=-149.53 | steps=130 | track=baf2d7909c5ced359d10399d53297b88
global_step=76256 | return=-153.60 | steps=130 | track=760ff920f004b077b572df09551b98ad
global_step=76640 | return=-68.28 | steps=112 | track=65be5f28e78a1b740746da085f8ce828
global_step=76704 | return=-151.00 | steps=131 | track=b60857baed4e1da71a56a824d499db8d
global_step=76880 | return=17.02 | steps=66 | track=eea993229d011b8c4725276caaa7cc96
global_step=76880 | return=-90.49 | steps=154 | track=48a0ee186104f212768023413bc48f96
global_step=76976 | return=-128.29 | steps=125 | track=4150e74f5d6247e32ac1be154692bc66
global_step=77088 | return=-144.93 | steps=130 | track=81a72de180e91cd8a26da83968227d50
global_step=77248 | return=-145.48 | steps=130 | track=75f3a29644574f7101fab816762ab003
global_step=77312 | return=24.78 | steps=91 | track=7853f8289b541dba4d76d4a7a7a32f2e
global_step=77360 | return=-145.05 | steps=128 | track=fcfab3ce1dd516b33111137c92b464b1
global_step=77504 | return=-151.39 | steps=131 | track=cd7126e813bb8af293c5d3818d1e4096
global_step=77744 | return=7.35 | steps=68 | track=420db835345a4742b7da06709106821d
global_step=77824 | return=-101.06 | steps=100 | track=059f41d477b1d659bdf71de9590d13b5
global_step=77856 | return=-147.43 | steps=131 | track=3bc313882c3f9d10273fdc328bc7741c
global_step=77888 | return=-115.36 | steps=108 | track=88b011db5ec2126ed95a9ac2de0d7e97
global_step=78000 | return=27.14 | steps=69 | track=85c5007ffa5e2e11892373733cd5f21e
global_step=78032 | return=3.34 | steps=65 | track=12b64962978dfea515f67ad51a9ca89a
global_step=78368 | return=-141.97 | steps=131 | track=865eccb1a638cb811289e4fc650b5de0
global_step=78560 | return=-62.43 | steps=41 | track=7b8013e6206a22352c28a03941202ed3
global_step=78816 | return=-143.73 | steps=131 | track=5dab283c3d5f058c0a5eaf50e5490c5f
global_step=78848 | return=-167.49 | steps=200 | track=593aed539e51383a85ed9293ddb77e21
global_step=78864 | return=-8.36 | steps=53 | track=f7688fa1a314725a074a7e61de72f7e0
global_step=78992 | return=-141.53 | steps=131 | track=49abf1c36420fac7fb1526c3efb3107e
global_step=79184 | return=-156.98 | steps=130 | track=c0d53a6d3101712aea9d49689c17aa1b
global_step=79424 | return=-154.31 | steps=131 | track=8a90e4020b8e819434600d4ad20288b7
global_step=79472 | return=-146.80 | steps=131 | track=a43d881112e2a42a80b0db3465ec0b78
global_step=79616 | return=-129.36 | steps=131 | track=b45ae7d675527830ba0b84228939008b
global_step=79760 | return=-134.72 | steps=156 | track=c89f412902973743dfa7c8ff14571358
global_step=79936 | return=-136.71 | steps=131 | track=ec4f62f51588e8b2fb8265eeba6907b7
global_step=79952 | return=-188.12 | steps=375 | track=7e6133f6b6557146af7a1d07f40a35e4
global_step=79968 | return=-156.00 | steps=131 | track=3cafda943366643cb337e0a364c7bd4e
global_step=80048 | return=-97.47 | steps=143 | track=4b81b6defa757482b296b618bf934172
global_step=80144 | return=-127.54 | steps=131 | track=4a1c08c80b553b43777303ac2abb4359
global_step=80464 | return=-118.27 | steps=130 | track=2af35d5362fa981a47c67293a79297f1
global_step=80480 | return=-114.99 | steps=92 | track=cea29e07743cfd8a4f7d097392f47081
global_step=80592 | return=-30.56 | steps=60 | track=c5a3f54790ae315d416313d99497c16b
global_step=80672 | return=-45.50 | steps=44 | track=ae1a576632e785a4250b2e7dd43e68b4
global_step=80672 | return=-147.61 | steps=131 | track=85e2fee219845680d877ce8bb444b8e3
global_step=80960 | return=-154.81 | steps=131 | track=d88f3a19ed4661fd81458a71fd19c085
global_step=81024 | return=-39.96 | steps=114 | track=f34d2d9180b4ddab14909112634c0e5c
global_step=81152 | return=-62.06 | steps=68 | track=e082702f54e46df7c513f77820f9fafd
global_step=81216 | return=-66.94 | steps=45 | track=0f897ed21e989900bf3b1f8d1cbd4021
global_step=81344 | return=14.27 | steps=119 | track=557cc4bf6053835ed09c7edc34322137
global_step=81456 | return=-41.65 | steps=161 | track=6ce9ab05fdd81ea3ff15dcffd00739f8
global_step=81568 | return=-129.53 | steps=130 | track=9cc955fcfa7539291f7db1bc474d0c35
global_step=81856 | return=-132.93 | steps=130 | track=a90dc1df88b5492cd0b91ca9f2296bd2
global_step=81920, SPS=75
global_step=82032 | return=20.15 | steps=66 | track=775881cd930458acc5b6eceaa6ab0b7e
global_step=82048 | return=-167.93 | steps=131 | track=b4a58dbc4e0d66efdb1305e8ba3fd80b
global_step=82080 | return=-139.85 | steps=131 | track=410b92dc6a98b4989066b7941d74a147
global_step=82240 | return=-85.45 | steps=110 | track=ff4f75c19c91489d78fc7bafd768c044
global_step=82240 | return=-7.23 | steps=67 | track=8bc69bb4b44df3455b7211111e9b3ce9
global_step=82256 | return=-155.64 | steps=131 | track=095a32def9fc00459cd9a818c4a63a7e
global_step=82400 | return=7.79 | steps=65 | track=961cadf31f499f13d58f477860b272f6
global_step=82544 | return=-23.91 | steps=60 | track=f45ce782d38a93fc5f9f55c844c3316d
global_step=82704 | return=-125.23 | steps=131 | track=a301b9cc1764505095ecad1556e43e6b
global_step=82768 | return=-127.76 | steps=130 | track=bfff42ede6341da010a768561e704ac3
global_step=82816 | return=-220.18 | steps=249 | track=b04c429b95a1d129e20f914b92af709a
global_step=82880 | return=-16.25 | steps=63 | track=5f0c66c787f1ed90b686ca2c236fe417
global_step=82992 | return=-67.44 | steps=59 | track=ddf9b71242372b526dc733bbba74719b
global_step=83088 | return=36.78 | steps=64 | track=f4ac9b86bcacd488e5f0b42fa317df5a
global_step=83184 | return=-79.98 | steps=156 | track=daebd4eb6328a2cba4e800e415b06830
global_step=83328 | return=-147.67 | steps=131 | track=e059382a03e1ee315de3e6564cab2b9d
global_step=83344 | return=-0.59 | steps=67 | track=147aeb2a7813d21f21d0595e88e1366f
global_step=83568 | return=-58.78 | steps=42 | track=7df1f0467f6d178ab0d23a8186b6841c
global_step=83792 | return=-72.85 | steps=145 | track=0072606f5ba5687c12fcb4c45c7d1e60
global_step=83968 | return=-119.06 | steps=183 | track=242656173e150d6e560daab62109108a
global_step=84192 | return=-158.27 | steps=131 | track=4f46f341dc0c1c0e2385d754085cefda
global_step=84352 | return=-145.98 | steps=131 | track=40c53eecc4a368aaf7c16950c794ed06
global_step=84352 | return=-158.37 | steps=131 | track=2444b1ba7938538d17b442aa23a3edc8
global_step=84512 | return=-150.78 | steps=131 | track=2848bfcba6b9f84c53e9193e1ba67e81
global_step=84608 | return=-7.32 | steps=64 | track=04c9808933e8b7ac624807a2370fdd80
global_step=84656 | return=-132.31 | steps=131 | track=40e7073f2ed49d0ec13e0dde91cf731d
global_step=84816 | return=-136.00 | steps=131 | track=2009b26df1cb1cc11c805f3b7e5b984a
global_step=84880 | return=-141.81 | steps=131 | track=5098dd19d114d2801f8c602ca8c4fa48
global_step=84928 | return=-155.98 | steps=131 | track=914db7b1c689890a883340c7f71d1fdb
global_step=85088 | return=36.68 | steps=69 | track=b268c159052159b85be893c3660d4bfb
global_step=85104 | return=-145.47 | steps=131 | track=980c75ee9e1e05889e010411cefcf124
global_step=85216 | return=-149.49 | steps=132 | track=c1e3f89ff2f8b5c82d2f913304e1234d
global_step=85296 | return=-136.93 | steps=131 | track=25fef61e777d9a4b9af010a0ce46fd46
global_step=85520 | return=-118.44 | steps=107 | track=ba3bbe5412548b37af580158db9bf657
global_step=85584 | return=-99.92 | steps=140 | track=215c7175319492c6711b1f3f38ba5fbe
global_step=86096 | return=11.55 | steps=72 | track=c83c30b1ca34e6445133aabb6ac15404
global_step=86288 | return=-143.22 | steps=130 | track=15a04db71a7c2f64c398cfe7da55ae75
global_step=86304 | return=-128.32 | steps=184 | track=c82a37848deb1d689c5a830e6dffdbf8
global_step=86448 | return=-46.55 | steps=53 | track=42e4551811363497f3f9d059fb124441
global_step=86464 | return=-144.79 | steps=131 | track=21f8e265f4cc87afa7a7df477d2a7706
global_step=86464 | return=-146.38 | steps=131 | track=e4764dbff85b3c89360d0e8485a7ca9d
global_step=86608 | return=23.93 | steps=86 | track=43cb13067149360338865862ae08dc45
global_step=86608 | return=-142.98 | steps=130 | track=a63caf3327b90f888b2830826b8c51c8
global_step=86704 | return=-147.87 | steps=130 | track=fa7bd7937a7b05081ed71af572391aa1
global_step=86768 | return=-142.81 | steps=131 | track=fb36ba2b4ea71135b87fb8865514ec5c
global_step=86928 | return=-146.99 | steps=131 | track=e6cf8a6347cb29590c94f65f80b16c74
global_step=86976 | return=-159.88 | steps=130 | track=2c0cc0d2f169b1a632edce81eec6e5b6
global_step=87200 | return=-148.35 | steps=131 | track=557e787d5aa0e8a28e35288c576262e3
global_step=87216 | return=-145.73 | steps=131 | track=d17b3fe8839b8cbb6afa2c0bf53a04d7
global_step=87456 | return=-22.21 | steps=84 | track=a89d345aec2bcd6c51d7f15eca784b79
global_step=87632 | return=-139.10 | steps=131 | track=49365e355c6d226bad6a03834421b47d
global_step=87632 | return=-138.07 | steps=145 | track=3f18d62d78cc9c9ceba455a643c34e99
global_step=87632 | return=-25.88 | steps=63 | track=74974e6bac2c6f4d4563c9d319090168
global_step=87776 | return=-20.50 | steps=92 | track=119551732de28e10c0bb10e18d9e8dda
global_step=88416 | return=-141.27 | steps=131 | track=c078502db641474ca14b3f761e65ab07
global_step=88512 | return=-122.89 | steps=98 | track=695ed3429b77137ab8f5e855236541ba
global_step=88560 | return=-152.54 | steps=131 | track=18f657e47785ed13bd5c537670dca20b
global_step=88608 | return=-44.24 | steps=71 | track=ebdfb465dd0ff41bded58e5a14ab072a
global_step=88816 | return=-141.98 | steps=131 | track=5e8934b43d5ad3d4dc22f2ee2da25075
global_step=88880 | return=-145.61 | steps=131 | track=943dab6f353aec83daa5b03573432d7a
global_step=88896 | return=-34.34 | steps=151 | track=f4dd4b858be2b293c6080b5c687ae277
global_step=89088 | return=-171.25 | steps=131 | track=ef065ce177525cfd208321f58aa95064
global_step=89088 | return=-19.76 | steps=163 | track=592289e0d9e05864a05a18c20af1b52a
global_step=89184 | return=-7.24 | steps=160 | track=2d5a6e6e9d77a3b88186c3a6ec62574c
global_step=89312 | return=-148.78 | steps=131 | track=b63f6c51c018aacdfa0eb87c76bf6f0a
global_step=89328 | return=-147.43 | steps=131 | track=95ef053eb9b2942eb21dad6f7bc074f8
global_step=89408 | return=-13.57 | steps=61 | track=74bcb2a3d2966b63faac0bced25be40b
global_step=89744 | return=-148.86 | steps=131 | track=5895b5959760a195f16466b4af84c303
global_step=89888 | return=-159.50 | steps=131 | track=d1a8eb06d6e9de91ceeff82a7de183f7
global_step=90032 | return=-102.56 | steps=149 | track=5e9701509094db8539c12f78fbb3d67c
global_step=90096 | return=-3.10 | steps=62 | track=d2d166f99cc15892d6651f3e5ab3af2b
global_step=90128 | return=-156.26 | steps=155 | track=13dfbf4ef42a65e8f179adc4ae5ce750
global_step=90400 | return=5.97 | steps=66 | track=daac3a43cffccba7f73db02c86840787
global_step=90416 | return=165.96 | steps=68 | track=525a5493f646d0eceb003539d151d361
global_step=90624 | return=-146.77 | steps=131 | track=c1a163f4e87e5fe90810c6e1cb02d6f4
global_step=90672 | return=-155.63 | steps=131 | track=6d31a8e2f17927679cfa8e54e03de806
global_step=90704 | return=-128.88 | steps=130 | track=d4e97d7d372c95bf500aadaf59f294e2
global_step=90896 | return=-65.86 | steps=125 | track=0808248341968bd8393d9d1dfd3f88ce
global_step=91008 | return=-138.47 | steps=131 | track=7837123a9b1260d0ccd5259934406056
global_step=91184 | return=-148.00 | steps=130 | track=ecf9b717e340089384359173404f5c96
global_step=91280 | return=-51.14 | steps=153 | track=20ed9aef4d9780d5bf2ce9e1aba34b83
global_step=91296 | return=-153.20 | steps=131 | track=233c6223e6e004dd7291c32299ee990e
global_step=91488 | return=-18.46 | steps=108 | track=7489fb43e4e774bbcb33ae720c5e3068
global_step=91520 | return=-138.54 | steps=131 | track=78ff0e91d68f98cbe0910b4c5f50a1ff
global_step=91584 | return=-105.20 | steps=90 | track=4d5e7ae0dbf5d881773adf6dc3b6212a
global_step=91680 | return=-39.95 | steps=60 | track=f6130e2f40e2138dd14d56187bcd1e23
global_step=92208 | return=-138.16 | steps=131 | track=ae439fa93b0a3806da3b3a1c06bac407
global_step=92752 | return=6.45 | steps=66 | track=e12e583c090c20af3451fd6afbd52466
global_step=92784 | return=-141.07 | steps=131 | track=defe245067ba3c8fd0e275f8578ffb6d
global_step=93008 | return=-134.30 | steps=131 | track=4f201287e9b61d3e1ca54b03d399c3b6
global_step=93024 | return=-90.50 | steps=93 | track=21c95db83d4e64abfb0057ced06d7cd7
global_step=93104 | return=-144.92 | steps=130 | track=8d8d2e1ac8837e551d2f2505088d4b37
global_step=93296 | return=-158.35 | steps=131 | track=9b4a435b06c7717fa4dd5012c2e8adff
global_step=93376 | return=-184.38 | steps=217 | track=6c81a9330f9c1b29140440cbb81bd0e7
global_step=93392 | return=-139.07 | steps=130 | track=6f93bec4a60da83fdcc649690aacd370
global_step=93424 | return=-74.75 | steps=39 | track=8708eecc0fd8a6bead8033d04d0f5848
global_step=93600 | return=-154.41 | steps=131 | track=dc6ced61a894234bcc9577fbdda270c2
global_step=93600 | return=-54.38 | steps=86 | track=dcea65de944c6109b1d99f0789b7c577
global_step=93696 | return=-150.41 | steps=131 | track=a875574de4e0ee0a7ad33e0b5bd48568
global_step=93760 | return=-226.71 | steps=232 | track=24792ed5f854d3915998e62aa836debc
global_step=93888 | return=2.34 | steps=70 | track=d43e54dc1f4d667b14d707373c00e378
global_step=94128 | return=-176.56 | steps=232 | track=af3c005d7e6ebdf50a3d723d97990c1a
global_step=94240 | return=-44.95 | steps=50 | track=a7a179ec8b90277581925a72bb1d05c8
global_step=94688 | return=-6.31 | steps=67 | track=47d5d56c2d0f668ab2792605e9b29de9
global_step=94784 | return=-15.26 | steps=63 | track=dcde6977cdee4797429f775b5286384e
global_step=94880 | return=-20.12 | steps=61 | track=8f0a2dd7b0cb83fe6bbd4f7d7fb3dd2c
global_step=95120 | return=-153.39 | steps=131 | track=fe80552d1f7557f74fa57cf938fc2a61
global_step=95136 | return=-141.75 | steps=131 | track=77be6f3c2076293895475e0bfa2cbaca
global_step=95216 | return=-150.15 | steps=131 | track=33dfdc8d2316a8d50571233769c700fe
global_step=95408 | return=-151.58 | steps=131 | track=33257825d8c108c45ca1d1b7e6306c83
global_step=95456 | return=-120.92 | steps=129 | track=0a61d2b0c6ca43d199b479320534b7c9
global_step=95696 | return=-161.55 | steps=316 | track=6f0e71e12c0e76c75e719ad41bcfe2b0
global_step=95696 | return=-143.37 | steps=130 | track=93a4e0df6e6058637f4d646b3db7cf7c
global_step=95792 | return=-111.27 | steps=149 | track=b70ccc6173ccde1483076ba6cf6c6bc4
global_step=96048 | return=-69.75 | steps=146 | track=2f18d3829ce92714cca4cbd783fa0eb4
global_step=96240 | return=-157.38 | steps=131 | track=2417a5c24dc13bdf13ac19e5b62ef412
global_step=96352 | return=-140.36 | steps=131 | track=085a2e9c01774db0744aa7f87377e619
global_step=96448 | return=-184.60 | steps=376 | track=7b6ae91eebb809c164c02a13ccb02883
global_step=96896 | return=-158.18 | steps=131 | track=34c7157c458fea9acb53de0bdefe63e9
global_step=96960 | return=-130.17 | steps=141 | track=a7a84f528bdfe15a6b79ba5af008a59b
global_step=96992 | return=-138.16 | steps=131 | track=88995faff0f2573325acab9379c3ba4e
global_step=97200 | return=-147.54 | steps=129 | track=42a47de58dad93ddf53ccbcd6bdc5e98
global_step=97232 | return=-150.43 | steps=130 | track=a1b909851b02c75da23c7fb8552463a6
global_step=97328 | return=-151.36 | steps=131 | track=6a25e0f0d5f940afa01b73310eda6cf5
global_step=97520 | return=-151.58 | steps=131 | track=872d046c0f23bae7dc0c4c09a4c512e1
global_step=97568 | return=-148.35 | steps=131 | track=5d73b9fdaf4e0b2f7a81e303715b24a2
global_step=97792 | return=-153.60 | steps=130 | track=73cea985a3377126f628650908f053c1
global_step=97808 | return=-155.60 | steps=131 | track=f162bbc31177bb4504bd1ac0139a20d3
global_step=97888 | return=-156.98 | steps=130 | track=49f0bd692e6c08dbb9bebabd4fa53372
global_step=97888 | return=-104.52 | steps=89 | track=8601bc229e84106a660527b67165e8ba
global_step=98096 | return=-57.13 | steps=47 | track=dc1788bd5e975e2a2cdcc43c523bd98d
global_step=98224 | return=-72.92 | steps=40 | track=cbe7eb21df515927c55f10430a8be804
global_step=98304, SPS=74
global_step=98336 | return=-145.34 | steps=130 | track=ce0fa8a3d9c7f44bbd137d61462470a2
global_step=98432 | return=-69.79 | steps=148 | track=3107b12248a3e982d0e7415715435f91
global_step=98448 | return=-128.57 | steps=130 | track=427ef921304417f41f3ac491e0626ae8
global_step=98480 | return=-106.25 | steps=98 | track=fd8404bd5bf01d0e4d3723bbf595bbc1
global_step=98592 | return=-115.97 | steps=99 | track=06724475fa08b05509f0c9c3ed457d85
global_step=98672 | return=-72.83 | steps=91 | track=e40ae3f09e8c5bd27ec4ee1bbee9eea0
global_step=98752 | return=-79.47 | steps=40 | track=389a334d5ead925e1a7f5454e451d5f2
global_step=99056 | return=-159.56 | steps=130 | track=150b6edbd56d026705fcdc592dfb8ef7
global_step=99104 | return=-14.39 | steps=98 | track=ee2d9926cc65c0f71d82167b93854b73
global_step=99344 | return=-109.86 | steps=131 | track=988d0c613679f3ff3ba11f7e1681894e
global_step=99360 | return=-111.41 | steps=91 | track=4866358f12a11f6d3a7efc68ac4a5d6f
global_step=99552 | return=-118.14 | steps=516 | track=617931eb0a6edd8346bb9c0680016ea0
global_step=99904 | return=-155.18 | steps=131 | track=95b4a23b8fd099013476df2f10259ae3
global_step=99920 | return=-145.73 | steps=131 | track=d2957f94be2f3c6362027b6669231cdc
global_step=100224 | return=20.55 | steps=69 | track=b9ee3ab416a848e610e2d9524f5cc094
global_step=100336 | return=-129.95 | steps=131 | track=cf95ae71c3ddc1876ea03365f62819eb
global_step=100448 | return=-144.63 | steps=131 | track=aaeb23c0a01670babcb4cb5dca6c4bf3
global_step=100496 | return=26.43 | steps=71 | track=2167fa05759d5a09464d7f2aee908525
global_step=100528 | return=-144.48 | steps=130 | track=d0e0ef030ad21ff0275ff7749af8061c
global_step=100544 | return=-74.40 | steps=92 | track=d9288a21d585f21c445f3a7023c14135
global_step=100624 | return=-160.31 | steps=135 | track=2d4588457cc82cccf1c64aa0f2567f66
global_step=100784 | return=-154.31 | steps=131 | track=03879a356dcd4d3130300012f3d13c85
global_step=100864 | return=-140.36 | steps=131 | track=986f50f4f2c9464b86dd30f68134d623
global_step=101296 | return=-54.28 | steps=41 | track=8f930e3f1713b5bc11bfc8021eb18eda
global_step=101472 | return=-143.55 | steps=131 | track=4189eaa353ed7ee212a1e6d6662b099a
global_step=101568 | return=-0.76 | steps=76 | track=2de2a92f4eb490e5ea23596166ffdf8c
global_step=101664 | return=-157.72 | steps=131 | track=ae0cc20693aa8f11d35fd0fc7cbafdcc
global_step=101712 | return=-153.97 | steps=201 | track=42f5e672bcea8496a17354e884f81e27
global_step=101856 | return=-161.74 | steps=203 | track=c49bbc61416eb688a80ee830965684e3
global_step=102160 | return=-92.90 | steps=100 | track=3955aeac976c194376cae7f859500ec6
global_step=102256 | return=-104.85 | steps=146 | track=d9e15e553b4ad1e0a1a61f35857b2262
global_step=102336 | return=-131.05 | steps=131 | track=142e942b61de3720f1362f0807bea1bd
global_step=102560 | return=-140.60 | steps=131 | track=8ee92f74ce1582d3d9ebc7c1f0fdabba
global_step=102608 | return=-141.58 | steps=131 | track=a06b19105dbbcb296b372237f6d9e4ab
global_step=102736 | return=-103.31 | steps=89 | track=69050528bca455d129055e01c770d91b
global_step=102880 | return=-151.73 | steps=130 | track=0c1234a2c5b0516ebb01eca0e3e919a2
global_step=103056 | return=-39.74 | steps=74 | track=8da4e22e0565f17fc68d10143fe6318b
global_step=103168 | return=-36.78 | steps=62 | track=ce20de6abb71dd30f0ab84365fd1bc6b
global_step=103360 | return=-179.30 | steps=214 | track=9be1bb94ff33ca2455ca0beaf540f1e5
global_step=103440 | return=28.36 | steps=68 | track=be348412e9e5645ee57084090fbede19
global_step=103472 | return=-160.26 | steps=124 | track=fce081ecaa41294eab419cffc02c1b60
global_step=103680 | return=-140.83 | steps=131 | track=31efe526c54b3cb1b52701a25904ba03
global_step=103760 | return=-147.54 | steps=130 | track=82facfcf3566bb0c371eaf8d7cb29d8a
global_step=103808 | return=-151.94 | steps=130 | track=aeea4f0e9d89c3ca9e9fffa57e45813c
global_step=104320 | return=43.30 | steps=215 | track=a1dbb493f4e6783c2abac8b379e458af
global_step=104368 | return=-167.55 | steps=131 | track=8d3309934fd5c1ed16cfc505e93fe669
global_step=104416 | return=-336.32 | steps=407 | track=50029f28ccfa139887adbeed81d1f5ea
global_step=104464 | return=-168.36 | steps=245 | track=8383fa3c9b010bf02e5efdc572394498
global_step=104560 | return=-9.06 | steps=49 | track=8e3e6e751be22905326a00fa41cb6926
global_step=104672 | return=-166.59 | steps=131 | track=abbd0dd7a9d2c87343018b601fe07bb5
global_step=104720 | return=-152.61 | steps=131 | track=e1b2bbcc377a69bb9c245b5ef964b90d
global_step=104944 | return=-81.59 | steps=117 | track=51b0358a687b7ce4444072cedf7f4aea
global_step=104976 | return=-140.78 | steps=130 | track=8e22d50732b873deb77a82c0871bab00
global_step=105216 | return=-35.59 | steps=46 | track=ad1fed01e5ea57ccc5e80adb6e81c81a
global_step=105392 | return=7.82 | steps=63 | track=43fd80ce86bae129296a9cc658de4d4a
global_step=105472 | return=-133.50 | steps=131 | track=6971d3973a05ba8dee64c437bb2350b6
global_step=105584 | return=-144.50 | steps=131 | track=b70d3ff42e80a74f11ab103922f21ad5
global_step=105680 | return=-104.85 | steps=139 | track=9daa70e494992d364632702d08fa8bc7
global_step=105776 | return=-36.66 | steps=68 | track=19e2c6369cd70cd61f685e571626949b
global_step=105792 | return=-107.53 | steps=131 | track=4d2bd07c0876852571bfbd54825a44ba
global_step=105856 | return=-100.09 | steps=95 | track=316d2fd4df346db13df17066035cf233
global_step=105920 | return=-130.35 | steps=131 | track=18ed021f47f58472c4bc382f451af94f
global_step=106080 | return=-177.55 | steps=208 | track=d2e66c881d1defb29c431789d51a1541
global_step=106512 | return=2.32 | steps=69 | track=24fab4915b152f31d72135249d8f01fd
global_step=106528 | return=-138.25 | steps=131 | track=bb339be15311479f84d2ddce57db7bfb
global_step=106560 | return=-69.31 | steps=211 | track=bb6bdb7e3a8106631d6c050b80997a38
global_step=106672 | return=-145.73 | steps=131 | track=3ad0ee578cb97eac43d0f1762a00414c
global_step=106832 | return=-138.69 | steps=131 | track=10484c7e1c330c85a2e80ad2d0ea44ec
global_step=106928 | return=-98.71 | steps=90 | track=39eda732b8872cdd1a7198c89eaedf62
global_step=107088 | return=-146.61 | steps=131 | track=5bcfccfe832369ea12dc0c3fae2409d9
global_step=107312 | return=-158.79 | steps=130 | track=17372d6abdfecfae45d4f64b59fd9fe5
global_step=107472 | return=-177.57 | steps=157 | track=07e394921db68cdb1e4d91953bd40625
global_step=107488 | return=-116.77 | steps=101 | track=9ee5d06f6ed90ee02706db75e1d583a0
global_step=107568 | return=-102.76 | steps=110 | track=41add71c967a89f72bc15a67363b2d4c
global_step=107648 | return=17.03 | steps=70 | track=1e99c4cd223eb280f2f5aa8c92050a36
global_step=107792 | return=-152.60 | steps=131 | track=5b13fc1c225a2f8e79ef6b580c2c9d08
global_step=107872 | return=-136.53 | steps=130 | track=148cf0dd902ed93cbb8b445c015b1cde
global_step=108032 | return=-144.28 | steps=131 | track=149381d645ee3b047fd061a68984f361
global_step=108544 | return=-6.84 | steps=65 | track=32e82ae52036c9e6b19544ee2622cb17
global_step=108672 | return=-174.89 | steps=131 | track=beed9571628f04bfdb47ded18d3466f2
global_step=108720 | return=-118.91 | steps=136 | track=b2c83721cf1b666f2bc0a297d4955d8c
global_step=108768 | return=-142.98 | steps=130 | track=e89dddfc339507cd415d77e273a176b9
global_step=109040 | return=-151.47 | steps=131 | track=6444e269eef1705b7357b2f153d727fe
global_step=109200 | return=-142.21 | steps=131 | track=09517b48d00316eaea810c97fcfc2d8c
global_step=109424 | return=-139.88 | steps=131 | track=a5f89fa29533781e381589f052f222ae
global_step=109472 | return=-130.30 | steps=211 | track=0a1969ac83bae5e79560cca5a6bb8660
global_step=109568 | return=-159.75 | steps=130 | track=96fd4ed192ccb3b2075e23f7dc63c680
global_step=109568 | return=-96.46 | steps=95 | track=8c624a23a81f7acade66c44078d85409
global_step=109680 | return=-151.60 | steps=131 | track=3a7b5579a43b2c890b640a7936bcd6d3
global_step=109760 | return=-146.79 | steps=131 | track=ab8ae18327af8f06f641ba40442b0344
global_step=109872 | return=-63.38 | steps=267 | track=c1ce51abe5cbac6bdc311510f6975fd4
global_step=109904 | return=-122.30 | steps=131 | track=b1f6f2627a982be0094bbe4336395b43
global_step=110032 | return=-104.92 | steps=92 | track=e661d2f9e2154beaf7f0b784a20959bf
global_step=110448 | return=-122.53 | steps=110 | track=8f47470e88bd08ef80972f1b8d480088
global_step=110672 | return=-71.89 | steps=239 | track=0b25d0e6d272776e7430fdbe56e19e69
global_step=110944 | return=-77.57 | steps=94 | track=dba6558095b00921a1b3dafebc81617a
global_step=111152 | return=-142.30 | steps=131 | track=123c48d9b67174fa4e77dabd73d41814
global_step=111168 | return=-45.34 | steps=152 | track=c6d4cc2e8f963841c3f37544d9c8ec62
global_step=111312 | return=-141.21 | steps=131 | track=3d8f60e4f49ccd65f7efec56d82a4095
global_step=111328 | return=-76.84 | steps=97 | track=ea5395e207e954a310d8679ee46a66c1
global_step=111328 | return=-92.12 | steps=215 | track=a6c824ddd0ea2e7213e1cc9d5340a7a4
global_step=111584 | return=-145.52 | steps=131 | track=ff15e20d17519db35ea74138dc9fe76b
global_step=111680 | return=-134.00 | steps=131 | track=a707eec3fc979a81c16ae299bdfdee03
global_step=111680 | return=-129.30 | steps=131 | track=8ffac3bca428613562919d0ad81b54da
global_step=111968 | return=-148.95 | steps=130 | track=2ea06e98a347a0943072300843926479
global_step=112000 | return=-159.58 | steps=130 | track=656fc989d5ff7d8b6ef5218fdd8506fd
global_step=112144 | return=-144.59 | steps=131 | track=d222ffbe92f12c1f711b6cb62d28ff76
global_step=112160 | return=-114.69 | steps=92 | track=a96f754d6040687415b5376bde9460b3
global_step=112192 | return=-70.68 | steps=156 | track=85f860c675c0f48e3ab0e27f03938753
global_step=112352 | return=-77.39 | steps=74 | track=4e7026ac1ca7be5b6cdbd9e696af81db
global_step=112368 | return=-5.73 | steps=65 | track=67c013c32397d4590e3a05be7d4d6f1f
global_step=112384 | return=-96.74 | steps=65 | track=05f383e25700d16a9aa519fd07416e4f
global_step=112560 | return=-154.21 | steps=131 | track=ab98286910bbf5492ac20f23a90bf11f
global_step=113280 | return=-145.75 | steps=131 | track=71c5856e0a6b537c35a351cbd5817401
global_step=113408 | return=-57.88 | steps=153 | track=2c537aafa53a7952168269dd69e4e67f
global_step=113440 | return=-133.04 | steps=131 | track=4d5a091653cf94044de5a8f33e6c0ca0
global_step=113696 | return=-143.47 | steps=131 | track=dc416a93966276e0fd32744b684b793e
global_step=113792 | return=-139.40 | steps=131 | track=2de702f33dd951647709e364903ffb9c
global_step=113792 | return=-112.10 | steps=131 | track=e40ebc4f1dbe581e5ae4339d37e354a5
global_step=114080 | return=-150.01 | steps=131 | track=d9faeeb59a5b131156fa66f6b14b0ef2
global_step=114096 | return=-148.22 | steps=130 | track=bd32f5d22f4f82b86127adb5592a98ad
global_step=114112 | return=-70.04 | steps=41 | track=d9b991915896411fba4d8e09cccd7a66
global_step=114256 | return=-149.92 | steps=131 | track=3fc4649c00b16d8a59bebc345f491bfb
global_step=114304 | return=-139.88 | steps=131 | track=c0874b131e11ed66debb44ea40d1ca5d
global_step=114464 | return=-154.47 | steps=131 | track=19934e4d386a27b71f7957b96ef70f32
global_step=114464 | return=-132.98 | steps=355 | track=eec9f071dd1eef6c86464c91a53839bc
global_step=114496 | return=-142.32 | steps=131 | track=5e463050e3e0a73817c796185af35833
global_step=114656 | return=-133.03 | steps=130 | track=3f3d4b8bca4e267422906f868a132979
global_step=114688, SPS=73
global_step=114768 | return=-89.06 | steps=149 | track=6e4516562b3aa5d7401fd57c3d674963
global_step=114880 | return=-114.86 | steps=91 | track=5b9d8bb2548fd9759fe58c58692ffcb4
global_step=114992 | return=-81.66 | steps=106 | track=8cc7b3904afdb5ec73d950ce6a84f3e8
global_step=115040 | return=-35.76 | steps=179 | track=8c4caf6034712e2256192d434fa07631
global_step=115808 | return=-136.05 | steps=131 | track=ebf61ce59c7089a993228094705acf06
global_step=115856 | return=-54.36 | steps=60 | track=2fec560936ffef6786b372ce034f165c
global_step=115904 | return=-144.01 | steps=131 | track=3c78dbdcdd58a0bc430134db312a92ab
global_step=116176 | return=-161.78 | steps=130 | track=e1f376fdf5c679e2d88a70d7c448704f
global_step=116208 | return=-137.36 | steps=131 | track=f663de886c6eee7e89af3a912947c662
global_step=116224 | return=-141.89 | steps=131 | track=9b05aca7771027c7c4f2d413ae38dfd1
global_step=116368 | return=-141.97 | steps=131 | track=980aa7e84bdd88cc242d315ab1c6f542
global_step=116416 | return=-138.63 | steps=131 | track=70615ead162d62284f62b5851e6e572f
global_step=116576 | return=-130.35 | steps=131 | track=b1d4f0fed228987c0ccfbc7ac83cae2f
global_step=116752 | return=-118.74 | steps=130 | track=9f4b30877a2fa612511040493b4a66c6
global_step=116880 | return=-135.45 | steps=131 | track=c332e68a44f2b5457975edc2183f4210
global_step=116960 | return=-88.35 | steps=119 | track=2f2f0eb0f6eb808fbc2a8708e61e6810
global_step=117088 | return=-113.60 | steps=130 | track=e6ddb52ca9d18a1ca70add25216313bf
global_step=117120 | return=-183.99 | steps=207 | track=ea8bd6032faf7799caefb4caef9bb2b1
global_step=117328 | return=16.58 | steps=88 | track=640e9529904f4dad3cb45dd3100d595e
global_step=117904 | return=-149.27 | steps=130 | track=51ecd66566a6f6cf932048fd6423e500
global_step=117968 | return=-132.99 | steps=131 | track=c4c2852079cfab651834fe3483e5a2e7
global_step=118096 | return=-57.17 | steps=62 | track=a9c0421658381872a6df8ba75ad17562
global_step=118208 | return=4.65 | steps=67 | track=622efa9aabe908e138f9c662669001c7
global_step=118272 | return=-155.17 | steps=130 | track=fcc7defc6bbe4f798feb35909bbcaf70
global_step=118336 | return=-154.45 | steps=131 | track=cfcd7a4be430d1487ad39419791141fd
global_step=118368 | return=-226.90 | steps=243 | track=46dc5a6e4ff549e0273d430d6044524d
global_step=118464 | return=-130.55 | steps=130 | track=0f3596ad85ede4533c7ebdd176fa74d6
global_step=118512 | return=-144.88 | steps=130 | track=8cb82983a4edf2948df6264b920080cd
global_step=118544 | return=-155.39 | steps=145 | track=0cc97c34fd2be14e109b173f21be95e5
global_step=118576 | return=-117.13 | steps=100 | track=5ee730fc8c80e88a3d9223edd5917ed9
global_step=118672 | return=-151.08 | steps=130 | track=d99b047527dbd3323359aaa0e02691f9
global_step=118848 | return=-152.84 | steps=130 | track=fc3ffde1abea22a148fd62efbc294e2a
global_step=118976 | return=-144.73 | steps=130 | track=35d5414544f50774e57853f3d9e89f3f
global_step=119424 | return=-152.26 | steps=130 | track=4d405b980263a7f8362a499d60c40cd2
global_step=119488 | return=-107.30 | steps=69 | track=9c7cb62532ff22221f1ba32a741f5e9e
global_step=119648 | return=-108.49 | steps=89 | track=c7be357a62d76b9e15b4701c4be694ac
global_step=120016 | return=-151.96 | steps=131 | track=a4a1831b1c6a01f8cff34f7ba6413fbd
global_step=120208 | return=-157.61 | steps=131 | track=ff7bf9a28f7fda428382dff0946c2ac1
global_step=120256 | return=-112.93 | steps=98 | track=5f36705866ffc28a7c09a9f2f8574a02
global_step=120336 | return=-59.34 | steps=147 | track=79621d68da8bcc00f811d4eb35ca5470
global_step=120384 | return=-153.80 | steps=131 | track=8dc8ee537329c10ad4429d60d9e7711b
global_step=120448 | return=-148.41 | steps=131 | track=6fe4f87a1fdf867c497834368eaca706
global_step=120656 | return=-145.81 | steps=131 | track=65c985a00343846d28fc6ced278688a3
global_step=120720 | return=-117.30 | steps=133 | track=f237728ed7f5957adc50bb16aac6b3c4
global_step=120912 | return=-116.64 | steps=92 | track=ad1bb4f10b4241697d619265a233f267
global_step=120928 | return=-108.00 | steps=89 | track=46d6ee66a5cbf5acfbce0baec75d6134
global_step=121088 | return=-157.15 | steps=131 | track=4c8120841d5989e8738ae38415bbb9b1
global_step=121360 | return=-73.19 | steps=156 | track=f8628de0b6943f54e63b2edf9990749d
global_step=121408 | return=4.90 | steps=74 | track=5b1e16c4b786106fd3b87db70c8317d5
global_step=121680 | return=-11.83 | steps=63 | track=cb022b467034b814ca2b51b0edd755fd
global_step=121744 | return=-145.62 | steps=130 | track=44abe9922626c5a696051743f59b6c5a
global_step=121792 | return=-34.92 | steps=54 | track=e66392f6488600d2a5d3647f7993aa01
global_step=121888 | return=-25.31 | steps=213 | track=9a7d500f3a6de445f81ef8494e6eb76d
global_step=121920 | return=-112.39 | steps=118 | track=232da2e9aaeb7b1b5b10deaace086680
global_step=122064 | return=18.49 | steps=70 | track=135b0045102117182c27f8d9405c499b
global_step=122368 | return=-152.35 | steps=131 | track=6bb4a8a6d5691704e17c94cd956eeb26
global_step=122448 | return=-156.23 | steps=131 | track=5751f166f3168f1785627dbc0bc8114a
global_step=122496 | return=-128.81 | steps=131 | track=167dea9d6c0355d117c693061c513651
global_step=122560 | return=-148.78 | steps=131 | track=dadd16a1a120aee676777c9b4e7418fd
global_step=122592 | return=-81.78 | steps=93 | track=850e320de5d7fba1fce39f8eaecc4d5b
global_step=122704 | return=-234.11 | steps=512 | track=94aafd8c48614bc5c2be2cfe819deaaf
global_step=122832 | return=-151.00 | steps=131 | track=875c43690275da3ff3e23f0d49a22781
global_step=123216 | return=-59.99 | steps=47 | track=6a3e86c88da344227334a7bcac2c9b54
global_step=123472 | return=-149.19 | steps=131 | track=88b742cdb40321c56b3597b916d57851
global_step=123520 | return=-146.00 | steps=131 | track=6b0af943ca8a190237e4a25c68d33dbe
global_step=123616 | return=-206.37 | steps=318 | track=1f0c25cf1723883e3a925a3e234c3d7d
global_step=123712 | return=30.76 | steps=69 | track=be9b642856697d0f99a489da8c42c314
global_step=123792 | return=-145.23 | steps=131 | track=52c486cc64c7aca97c76e5f57650bf87
global_step=123840 | return=-129.44 | steps=130 | track=b6b1aeec8ebcffb2e01fb9e8cd049d49
global_step=123904 | return=-143.50 | steps=131 | track=d851cabc76489369d9eee90675ee0507
global_step=124000 | return=-157.38 | steps=131 | track=1a9d618f545500e798ed503aecd48fce
global_step=124016 | return=-152.37 | steps=130 | track=5f62307d324ff0f63dd91ac0e3a2e6ee
global_step=124176 | return=-139.77 | steps=131 | track=2173f76e10dcd6634ef428c6fd400dfb
global_step=124480 | return=-140.39 | steps=131 | track=38e5ab3cc93baaf6359b6901a67109ea
global_step=124608 | return=-148.24 | steps=131 | track=5d269f9a199885f9e41b3a6104082df9
global_step=124672 | return=-154.50 | steps=131 | track=1b82f36298d1a52ec77f29611a6388e7
global_step=124816 | return=-133.60 | steps=131 | track=f66c67363b7b07263ffb4e8ce12a68d0
global_step=124912 | return=45.73 | steps=74 | track=bd50d6425dd389abef422456da3991a6
global_step=124944 | return=-140.90 | steps=131 | track=c652035f60fc8970612b86d75080cdd4
global_step=125280 | return=-102.94 | steps=89 | track=8a0723f0bbe4c78011561289f900106c
global_step=125328 | return=-131.08 | steps=131 | track=510151f8207eeec73c9c4fd4683f65c0
global_step=125344 | return=-105.74 | steps=89 | track=af7b2e39a25f4c2c4cba7d32f8128146
global_step=125456 | return=37.68 | steps=90 | track=cc71a43bdc040d5421eb7aa0063b11cd
global_step=125504 | return=-20.41 | steps=63 | track=500eaf05327abfc5613539dd2dd1a97d
global_step=125584 | return=-153.67 | steps=131 | track=e73582d8cca3648a86f8086c85bb4721
global_step=125632 | return=-157.29 | steps=131 | track=b0ea36a75024ed3b50e1d7445c41dd06
global_step=125728 | return=-153.80 | steps=131 | track=24c36a9054e0de2f9660c23d9a6d2768
global_step=125936 | return=-11.69 | steps=61 | track=8e9b4e3edd6f092d2244e7a09a90cae4
global_step=126080 | return=-148.59 | steps=142 | track=0ac2b8fbed6187ab5b604aed7dac2be6
global_step=126128 | return=-140.96 | steps=131 | track=fcf0c717bb52e3b9da6d4fb7c4913c9d
global_step=126288 | return=-139.07 | steps=131 | track=c4576ec31240b48df4125c8573715698
global_step=126496 | return=-65.21 | steps=47 | track=1ae1d3acf84f3d13b863be2628e1f5c8
global_step=126560 | return=22.73 | steps=68 | track=680c8510b2aa90f0d174285545bd1472
global_step=126720 | return=-143.09 | steps=131 | track=ca07d6772f25fba531ee5e78d0c2721f
global_step=126816 | return=-58.87 | steps=91 | track=b8b0d7cb2c3396071b35e408023c12f5
global_step=126864 | return=-30.00 | steps=98 | track=b9c98c0216a7ea881a4dc414a5f7102e
global_step=126912 | return=-156.67 | steps=130 | track=200920f096ea830555d24acbca7e3f5f
global_step=127008 | return=-152.26 | steps=130 | track=56c8c58c4a936de65a226eb98043c63f
global_step=127008 | return=-70.17 | steps=93 | track=b43579b0dd8d6d114c772f2415d34c5b
global_step=127104 | return=-66.47 | steps=151 | track=0bd85cbae2e86a03a900ebf52ee8044a
global_step=127424 | return=27.40 | steps=70 | track=5f12d269f38f0fc1c62e214e6196813d
global_step=127440 | return=-138.80 | steps=131 | track=52903a039f083bca7ecd0124319b8b21
global_step=127664 | return=4.11 | steps=68 | track=142ca3a07f5a051d474f06081e87dcd4
global_step=127680 | return=-134.57 | steps=130 | track=36d7382e028c6006e744055f3e9f20ef
global_step=127744 | return=-139.93 | steps=131 | track=c0520dec37b64bb94a47182ca496d1eb
global_step=127776 | return=4.09 | steps=65 | track=5df2950e444fa5365b0c252ab5ae1085
global_step=128048 | return=-138.81 | steps=131 | track=c0f88a4089045a4cdcfba6526882d54e
global_step=128176 | return=-150.38 | steps=130 | track=cec669daf8a142f1744a24aed7dded85
global_step=128176 | return=-82.41 | steps=84 | track=12f218039099bf9773b21df437845e28
global_step=128224 | return=7.71 | steps=69 | track=c570dbffecf8b27317e9d1cc12d14264
global_step=128240 | return=-154.73 | steps=131 | track=70fc31d6939b89ae09ea745d92f6bd90
global_step=128448 | return=-76.87 | steps=41 | track=4bb558c9f0f35ead0c7ab34aae2d48b2
global_step=128592 | return=-147.54 | steps=130 | track=a370e963dec2d2dd57e1410969e110c6
global_step=128736 | return=-9.36 | steps=42 | track=73cea5ccec11ee0debbfa0395f0a8b3b
global_step=128800 | return=45.27 | steps=70 | track=1bca2fd92d3c558bc29174ec2fe88ab7
global_step=128912 | return=-75.26 | steps=91 | track=07d2c70ea2a9628a3801c42986834cbe
global_step=129024 | return=-127.27 | steps=131 | track=63f5a18a568067dcb5f647a3e9915b6b
global_step=129120 | return=-143.21 | steps=131 | track=030449cc03feea35fde19bb8f44b467e
global_step=129120 | return=-157.00 | steps=131 | track=973fae0f6e2ec266d24694d811bf8779
global_step=129200 | return=-81.75 | steps=145 | track=1dec6044420f59ce8f293b22869d5ee3
global_step=129280 | return=16.46 | steps=68 | track=295b8f3a0e34a90eedfa12ece27e0e48
global_step=129520 | return=-153.06 | steps=130 | track=dc1be0301361c4e3602382f344efa67e
global_step=129712 | return=-60.02 | steps=42 | track=22f7d168eef8614cead3d83adf5339d0
global_step=129744 | return=-100.14 | steps=97 | track=9dd8052fc3d80ea7841bfaae6b6fe1b3
global_step=129792 | return=-137.13 | steps=131 | track=d1a9237f1997d125db06e31b6316b561
global_step=129840 | return=-139.79 | steps=130 | track=7f1288ffe31cc98850b22581f1404f71
global_step=129856 | return=-100.80 | steps=100 | track=00bd97d7364b4333b12d8fc0ea2c233e
global_step=130336 | return=-149.16 | steps=131 | track=e68bb6bb994d8f06202683970738743c
global_step=130560 | return=-145.40 | steps=131 | track=ce3bb1a94242dd365b3a2a99b6e04747
global_step=130688 | return=-149.86 | steps=130 | track=1d5b344363d8220863ce061b735e4dd0
global_step=130784 | return=15.38 | steps=66 | track=8e691b09a1525218b685cc78528c78e6
global_step=130896 | return=-147.79 | steps=130 | track=20fa4936b47f0ec00937090a397f1224
global_step=131024 | return=-153.18 | steps=131 | track=eb42f9ac589d1b4c48a71b9c4be4f460
global_step=131072, SPS=73
global_step=131104 | return=-77.16 | steps=147 | track=48b74bab257fdf7cbf1c11a948b3990c
global_step=131216 | return=-166.17 | steps=130 | track=0a82d6643caec46508316ed1794b670b
global_step=131216 | return=-140.80 | steps=130 | track=1ae536d5c4a6776791cc8c815d6f6557
global_step=131456 | return=29.80 | steps=69 | track=08494a91f5bd132e81ba8653c69533fa
global_step=131520 | return=-59.37 | steps=110 | track=49011392a5515813567e7336625207a5
global_step=131552 | return=-55.50 | steps=47 | track=fa34c2e7ff99bf404e028721e6384a75
global_step=131696 | return=-120.35 | steps=155 | track=a5de8d7dcc691f0c3ec1e66c17c2e1b2
global_step=131904 | return=-125.80 | steps=131 | track=809fdd54c01dad2c2543b6f20b34da38
global_step=131952 | return=-150.95 | steps=131 | track=2fe1fdb759fe6b81f6f5a5c0d06709b9
global_step=132176 | return=-58.11 | steps=165 | track=14876daf1f39b03dace1d71df92ced37
global_step=132176 | return=-80.02 | steps=44 | track=81c2ab73854a9a7f48a45bf8f9a59ba7
global_step=132352 | return=-20.12 | steps=155 | track=59ad02b1881af7bfdbda09722efd5814
global_step=132352 | return=-19.52 | steps=51 | track=20aef3d394391c4250520f6839073278
global_step=132544 | return=-15.79 | steps=115 | track=6591742dead8bd4e03cd55a9538e8b34
global_step=132592 | return=-4.21 | steps=64 | track=1febd72642d1bdcad4f59e329531bc47
global_step=132656 | return=-167.13 | steps=130 | track=b7760bef9a3f2daa68f1bc5bfc14ec9e
global_step=132832 | return=26.42 | steps=70 | track=4e98ae4788df7318f8369dfdb3c16e42
global_step=133136 | return=-147.27 | steps=131 | track=ca92f49e4d75c6f48bdecc5aa2079768
global_step=133216 | return=-146.48 | steps=131 | track=430a70d99c030892eda48041d8e13460
global_step=133328 | return=-143.80 | steps=131 | track=335bb172c693e8f1d3c1a9bfd3587e37
global_step=133616 | return=-57.24 | steps=78 | track=cee241570abd9f640af180bcfb21fa80
global_step=133664 | return=-16.68 | steps=62 | track=34d3ea2fba84f1ca0480e415c3d606b0
global_step=133664 | return=-113.70 | steps=152 | track=e6b6f9a42ba14f61f93f2ca6d54fdd44
global_step=133920 | return=-22.18 | steps=67 | track=1a295868ab54a761e8994256bd159601
global_step=134064 | return=86.34 | steps=197 | track=cd148238ded8b9c56c1651cb1a53f112
global_step=134064 | return=-137.39 | steps=131 | track=91e2b94c217277a35cd4f7b38cfa6697
global_step=134080 | return=155.00 | steps=299 | track=a0ee7e4f8f601e78ad66194658967f8d
global_step=134128 | return=-98.14 | steps=110 | track=0d2675c14d7da5b7837eaf489a38cc5d
global_step=134288 | return=-145.07 | steps=131 | track=4d55139139c00b5fa52beec17d9753ca
global_step=134432 | return=-98.91 | steps=140 | track=d28547b9238ac555eeb160570de0d83a
global_step=134640 | return=-128.89 | steps=130 | track=8bc48fad77f13e0319ea21526222cea6
global_step=134704 | return=-132.73 | steps=131 | track=285f4a821df0e6cff0ae79f48363f1f6
global_step=134704 | return=-26.53 | steps=67 | track=080e882fc77035da16acd4aadb78bd33
global_step=134832 | return=-36.45 | steps=72 | track=18933cf246b4371ca7b661b7faf704f8
global_step=134960 | return=-159.61 | steps=190 | track=f7c5816d70411d331aecd0ea9de4f067
global_step=135168 | return=10.59 | steps=68 | track=88428fecb589c64f8597c5e1a0d490a2
global_step=135216 | return=-115.70 | steps=129 | track=b00b25ca36dee3d4dcdb271a544a8089
global_step=135328 | return=-138.82 | steps=131 | track=c19d7c91c88d35f5910183eae6972e47
global_step=135792 | return=-68.75 | steps=67 | track=cfe60bc9433f8c9889c898b1a9e80649
global_step=135920 | return=-54.33 | steps=75 | track=9e34576d2d2b921f47dd56602bfedc28
global_step=135920 | return=12.05 | steps=67 | track=65e96451aaf3b5fc96ee06ac5b8954ea
global_step=136032 | return=-107.09 | steps=131 | track=e1333aca6f384ec013a36ae5469f70b9
global_step=136048 | return=-113.20 | steps=148 | track=7a1fdacc396e903ea8d2095ceb72663a
global_step=136144 | return=-115.83 | steps=106 | track=cbe60aeca323e44a426941048ef87f28
global_step=136192 | return=-142.20 | steps=131 | track=54d02b8044ec0f124a2054a25a5cd207
global_step=136224 | return=-154.82 | steps=130 | track=005582de12f53e1d04430713a0441198
global_step=136352 | return=-0.08 | steps=73 | track=aad71e8f4b0069b057a23efb12f68e98
global_step=136400 | return=-141.98 | steps=131 | track=977fe1fbb42a388792c82b5f9fbfcf24
global_step=136720 | return=-78.79 | steps=165 | track=44a6965ed13d7b20221e53edb050e9ec
global_step=136736 | return=-137.35 | steps=130 | track=2a70dd04f15415fac6861b0ae18735a5
global_step=136928 | return=-56.58 | steps=45 | track=4c1d53dca74801c2150a5df93e4c47d6
global_step=137056 | return=-139.31 | steps=130 | track=882c4660e2868cde14d5c833d9193e5a
global_step=137440 | return=-141.76 | steps=131 | track=7690372b3f7aae84c252d3cdb2f6e1b9
global_step=137504 | return=-123.58 | steps=90 | track=cb97b58ba3c5dca0176eb84ded258cc2
global_step=137584 | return=-27.02 | steps=147 | track=a8354dab03885153cdb53ce6ada9f5bf
global_step=137680 | return=-119.86 | steps=109 | track=ce587d032a7763f057aed450a69695ea
global_step=137840 | return=-26.19 | steps=68 | track=0206ff63278bf882bc2424090e6ce62e
global_step=137904 | return=-34.24 | steps=285 | track=37a63b2543d4d7ac028704ce0f46ba85
global_step=137920 | return=-160.70 | steps=132 | track=84bd4d7e7f2624a6784ce91e631273cc
global_step=138032 | return=-139.64 | steps=131 | track=9854102315b30cab121544cc598bef80
global_step=138144 | return=-146.24 | steps=131 | track=de9d5fd193899cf624b420f93aa2b241
global_step=138192 | return=-76.43 | steps=91 | track=6a77dd0a64e9d2f2b93136b7e996aa08
global_step=138256 | return=-139.93 | steps=131 | track=f94d63e437c279d5f6cc7adc0ec7dd7e
global_step=138464 | return=-148.01 | steps=131 | track=fe23cf93a0b37a8447b17b4a92397f12
global_step=138512 | return=-141.79 | steps=131 | track=8530cf083e8d221c421787988f6aff39
global_step=138720 | return=36.80 | steps=70 | track=20bbcf16a7f8c81f96ce3d358e371a43
global_step=138896 | return=25.82 | steps=166 | track=ade327f1e427842f9a69fd4f43fafbb2
global_step=139168 | return=-146.15 | steps=131 | track=d7f0f7700fd3998cc06a19fccd8b9e4d
global_step=139440 | return=-121.39 | steps=95 | track=f1d204980640866790e7e5dc8e474abc
global_step=139552 | return=24.97 | steps=67 | track=5b0b98b0abe5c20932a46cd09f1480e8
global_step=139552 | return=-147.67 | steps=131 | track=6b7ff017cd693c7fd81ef7debb5e2cb1
global_step=139616 | return=-138.80 | steps=131 | track=f80b5cf19e17b3d374a69941c66d03f9
global_step=139792 | return=-143.74 | steps=131 | track=abd5db2aca13cff6cbcd0a3657df0442
global_step=140016 | return=-148.25 | steps=130 | track=1191196bdf450cc377bd2b771aec4369
global_step=140144 | return=-236.73 | steps=200 | track=651338c2e854c31a47dc5dd4f839e5ed
global_step=140144 | return=-129.40 | steps=131 | track=83f19ff5f0f819c481d7c350ec2c8526
global_step=140256 | return=-148.81 | steps=131 | track=571cee1eee4413045d7b2e65bba8f5a0
global_step=140352 | return=-127.52 | steps=90 | track=7fd92551e87a6f71ae062339f9a85903
global_step=140368 | return=-135.45 | steps=131 | track=a99dc01d2e15a51fb5094fcac79bda87
global_step=140688 | return=45.75 | steps=70 | track=51e10160c45c4c67ba9ebd02936cb86b
global_step=140832 | return=-140.86 | steps=131 | track=9d518d7230aebee50a3ef9e43f4f399b
global_step=140832 | return=-113.08 | steps=144 | track=fbc021ad6f145c45177249870f77edad
global_step=140848 | return=5.82 | steps=65 | track=abbe4f07b9e793be3d84a4017dc02739
global_step=141552 | return=-138.87 | steps=131 | track=090679a0cfcad0c8e5fa1f2d7321b389
global_step=141728 | return=-172.18 | steps=131 | track=0dd25160f55df170e5d6ab2384762dea
global_step=141808 | return=-171.97 | steps=164 | track=cec196090af974df1b49fce4a1328fac
global_step=142128 | return=-138.66 | steps=131 | track=c39c966870063305aa19e017c5c055ea
global_step=142256 | return=-125.80 | steps=131 | track=230256d2f84d887788e92b5228b5e483
global_step=142256 | return=-150.56 | steps=131 | track=0a25cdb5352f548382851f0a24bf9ab5
global_step=142464 | return=-134.14 | steps=131 | track=ae8b724cfce8c3deaa3b65dee3e8e43c
global_step=142480 | return=-145.20 | steps=131 | track=58eca5bba4041f4eb5a753b88647e14b
global_step=142576 | return=-92.89 | steps=144 | track=467240ec7cb6fe22eed6b52a035191e4
global_step=142800 | return=-148.44 | steps=131 | track=226b490f00ce1163e0f46d4139f36aea
global_step=142864 | return=-205.95 | steps=313 | track=671fb7a79358c0109f901b490f006b23
global_step=142944 | return=-145.93 | steps=131 | track=288d566774390dac7f1fadc0d7389237
global_step=142944 | return=-145.75 | steps=131 | track=6abc34951d1494b2f2fb7f314bab8209
global_step=142944 | return=-148.38 | steps=130 | track=d28a55a6135b8b1bb2eee54af298d9ed
global_step=143568 | return=5.78 | steps=68 | track=ab810d2feef59e8a9979060d70fb95e7
global_step=143664 | return=-148.78 | steps=131 | track=2010cf8a5c84c16d79b55f2a7b54cedd
global_step=143664 | return=10.69 | steps=67 | track=d94df62981cf6f6661a70df35c1d079c
global_step=143808 | return=-114.59 | steps=96 | track=3583e26a7385dcd468f96d520d2214d1
global_step=143872 | return=-15.06 | steps=62 | track=46538ad0d646d5c896ea5acd519d7e10
global_step=144000 | return=-16.50 | steps=277 | track=54e381de5d3756be2feeae75c9ac939f
global_step=144192 | return=-172.04 | steps=374 | track=27fafa9d81cdeab05c1628f0c79eeb23
global_step=144368 | return=-147.81 | steps=131 | track=52a097748fcb36724bad33fd4b661721
global_step=144528 | return=-106.32 | steps=174 | track=51e9bfd356da0589ea89feb714656cd6
global_step=144576 | return=-150.03 | steps=172 | track=d8fd3443168e5c2533659ef892df849e
global_step=144592 | return=-52.16 | steps=111 | track=c44b941fb2311bcbd003fef944560997
global_step=144592 | return=-146.01 | steps=131 | track=4b997d7dc16f68af8f1ada61772c3d34
global_step=144688 | return=-90.36 | steps=63 | track=411b20ef42c55b36ebd9f8389db7cafe
global_step=145056 | return=-158.49 | steps=131 | track=d2899f4af2bb586e2f666662cb7fd5b4
global_step=145056 | return=-155.28 | steps=131 | track=1e5441320c34d091c451389a16dd958d
global_step=145072 | return=-160.85 | steps=132 | track=19c7cea0d42fda65a28251565dff104b
global_step=145376 | return=-20.19 | steps=62 | track=585aa27624b3367733bb81c03724e4f8
global_step=145616 | return=-111.72 | steps=217 | track=563489317a6fae866cbd505abd9210e6
global_step=145664 | return=-10.22 | steps=66 | track=934cbba8d13a7974e502933ce63fd820
global_step=145680 | return=-145.61 | steps=131 | track=fdfe40eb3693ee371b3a00032805d6c8
global_step=145680 | return=9.99 | steps=71 | track=e88f57317ffbc6d14fefbda08039143a
global_step=145760 | return=-139.42 | steps=130 | track=1788f83aaeddc160666830a516e68b95
global_step=146080 | return=-119.60 | steps=129 | track=a5d345b0efe72cf2484d505491957556
global_step=146240 | return=-117.40 | steps=102 | track=b48ff616b41fb613d9403da995e98d64
global_step=146288 | return=-143.09 | steps=130 | track=ea812c9d79e82f761cbee723f9256a8e
global_step=146528 | return=-92.15 | steps=169 | track=c215e50729ead9f8159db164fe1995da
global_step=146672 | return=-38.39 | steps=61 | track=d8db2ce3c2c5cff264b5865e07aa3235
global_step=146688 | return=-141.15 | steps=131 | track=c788d8ea9f9068d1bdf160a4a59412d8
global_step=146752 | return=-20.38 | steps=61 | track=635a4f87cc93843a6114da696af72a18
global_step=146784 | return=9.13 | steps=68 | track=95dcdd9f848d59a169615c10a4a484e4
global_step=146896 | return=-69.21 | steps=188 | track=75c07c052b34805006d54d47e4cd554d
global_step=147168 | return=-141.84 | steps=131 | track=b5afe4c921cb89ff7b456a5533057835
global_step=147184 | return=-138.27 | steps=131 | track=bdb3f55d6cb2210cb528332155f8bca6
global_step=147456, SPS=73
global_step=147488 | return=-151.29 | steps=131 | track=37bbff216ff5c37d8b46b3b1b26b8918
global_step=147616 | return=-115.49 | steps=159 | track=bb2ec31c516a7a4f3b797ba5f7bfff26
global_step=147632 | return=6.20 | steps=68 | track=8e799110729bb8ba8b4e44fc381d1041
global_step=147728 | return=-142.56 | steps=131 | track=d856420726b91eda91202f9409deeee6
global_step=147776 | return=-145.41 | steps=131 | track=31663057f8a7a6ff55b95c8414f5b89b
global_step=148192 | return=-118.57 | steps=89 | track=d1043fa1800b6f9dfa2f6334a294bff7
global_step=148336 | return=-64.98 | steps=44 | track=5462cf4e839f5e9dba49301cb01ea49a
global_step=148368 | return=-146.95 | steps=132 | track=7f457d23889e9ae0279e31c60cb5f40f
global_step=148400 | return=-146.58 | steps=131 | track=2fcb380f54f7d0991922d214f5d5d679
global_step=148496 | return=-77.63 | steps=47 | track=92bf37088b193536cc0ac085b19eb028
global_step=148784 | return=-154.53 | steps=131 | track=4a54d25ab2a602d3f28a8988f7b1a62b
global_step=148800 | return=-146.48 | steps=131 | track=bdc0eab73150cce1a523d0fc51ffa228
global_step=148896 | return=-144.59 | steps=131 | track=83df8ddb45596765f3f5aa13991de0e6
global_step=148976 | return=37.22 | steps=83 | track=e66a526f70b1ff9a3da3d3611cafa1b8
global_step=148992 | return=-142.73 | steps=130 | track=c3c14cf313034b5c18a6e00d24ec1860
global_step=149040 | return=-213.07 | steps=184 | track=1805bbcd337ca41ec6fd218b6844a8ea
global_step=149264 | return=-135.63 | steps=130 | track=d65ae3a96abf1e7a05a3b015e3513238
global_step=149296 | return=-146.38 | steps=131 | track=6b803fe719de2692a3cc4854a8632bca
global_step=149664 | return=-28.99 | steps=78 | track=ff94e77eed551b9767e97e56b0400354
global_step=149872 | return=-148.38 | steps=130 | track=0e762ff95d29b7e787fe5110aba8b7d1
global_step=149888 | return=-136.80 | steps=96 | track=52ab02f405f25bd9baee97aa39b0d29b
global_step=149936 | return=-1.19 | steps=64 | track=cb061c56ed58f7fe4f417fabbc99fe84
global_step=149936 | return=-59.58 | steps=152 | track=d561903326dc60d9618ea7073c689aaf
global_step=150064 | return=7.71 | steps=63 | track=ca5b2f70e72a5124e1a9b0d805f7ccd3
global_step=150240 | return=-92.83 | steps=90 | track=737901df74bfd7bf5db908fd8576bb99
global_step=150256 | return=-15.67 | steps=128 | track=f5440d834e74aef6a547c1e3bd2cc59f
global_step=150496 | return=-91.26 | steps=93 | track=886577409987f9f072d7403cf77900a7
global_step=150608 | return=-125.37 | steps=131 | track=90221f373edc7568163904ae84f7d3ae
global_step=150736 | return=-105.87 | steps=89 | track=4601c07eb5155ce0cd1dde93bf1e5af7
global_step=150912 | return=-149.03 | steps=131 | track=ad4169b7e90569250c3b59725a30031f
global_step=150960 | return=-76.45 | steps=66 | track=90bcb02883ae9a14316333ecc696fc69
global_step=150992 | return=-87.11 | steps=393 | track=bd0fb6938b9c9feed1e83457bdc60133
global_step=151040 | return=-4.58 | steps=68 | track=75272dd8866aba631da46f39e9d0574b
global_step=151072 | return=-148.38 | steps=130 | track=49ee593ec111d4b21364005b5290f57a
global_step=151072 | return=105.91 | steps=112 | track=4a362312d4a95b6b13a83a3847296a66
global_step=151072 | return=30.31 | steps=70 | track=4577341a74fdfe62bea988f250b0273b
global_step=151776 | return=-155.45 | steps=131 | track=e69fb986cb1af5c2aba170585443e24f
global_step=151984 | return=-134.51 | steps=131 | track=e2ae3cfa4109de5cb19c8fc2aecab8a2
global_step=152064 | return=3.02 | steps=63 | track=7eff855bdc8b86ef8a127e7baed381bc
global_step=152160 | return=-139.90 | steps=130 | track=796b517485e1b90b3f5a510698517626
global_step=152352 | return=-145.55 | steps=131 | track=f688ec0f57d9059b70d725b56e6e45cc
global_step=152352 | return=-160.95 | steps=130 | track=19c132fa48b37b5291f469a600f4d94b
global_step=152400 | return=-124.62 | steps=92 | track=348baf70a80f48e095d81b342679aadc
global_step=152624 | return=-145.75 | steps=132 | track=30b2d18f9389e2cf60386909bab6e911
global_step=152720 | return=-143.74 | steps=131 | track=17718e28c9ea4337c69d814f54382f80
global_step=152832 | return=-150.38 | steps=130 | track=d841eb622a627ad16498616c7729e168
global_step=153072 | return=-163.12 | steps=131 | track=a87c9f2d2f681a3a18e4c11082c6a813
global_step=153088 | return=-151.47 | steps=130 | track=c6039834a87455c360dc4acdda674572
global_step=153184 | return=-146.96 | steps=131 | track=8fe3d0168f1be0a89bc3bdb21a4a4a06
global_step=153184 | return=-144.59 | steps=131 | track=0724de7b4b41849131d1221ab3ff3320
global_step=153184 | return=-149.69 | steps=131 | track=e9f24823b30b1f1dbcf727a07b5ab1f7
global_step=153360 | return=-33.89 | steps=62 | track=8eaf529720dcc9c63cdf0a38f1150f27
global_step=153840 | return=-228.61 | steps=341 | track=e2295137cbd0a6cbf2d04a721bb8fc0c
global_step=153856 | return=-36.29 | steps=48 | track=8a16cafdb176c8a4bd23c313ab9d66eb
global_step=153888 | return=-135.00 | steps=131 | track=29b3be65de7e2853fc07708961fea534
global_step=153888 | return=-83.63 | steps=118 | track=cc811df7f4d472eaf246eb91b854f285
global_step=153904 | return=-17.10 | steps=66 | track=933baf44234f3c0c1fd29091eabf6ab1
global_step=154208 | return=9.45 | steps=63 | track=ae323a0bc9aa2fb99e1ce85db57fce79
global_step=154272 | return=-145.29 | steps=131 | track=7c13f90500452e9f274b7a5fba8059b7
global_step=154368 | return=-42.14 | steps=143 | track=09692812e2186afa4afd59d340158273
global_step=154400 | return=-125.68 | steps=110 | track=02f2dd45518a8f6c5c139fc5d4efeaf9
global_step=154464 | return=-150.81 | steps=131 | track=a1894faab764c5731feb7f44229eeac7
global_step=154512 | return=-141.53 | steps=131 | track=8b78d82b53c26af03b27d5ab994bd7ac
global_step=154624 | return=-115.87 | steps=89 | track=e0ba81c207f883ba67f3ea29deb5b095
global_step=154784 | return=-69.40 | steps=57 | track=455fda10575e5044159056d519f9c418
global_step=154944 | return=-62.83 | steps=64 | track=43b8ef2880fc77966e4681047c024b79
global_step=155184 | return=-146.20 | steps=130 | track=1cbc17013538ac47855a6cec1950b3fe
global_step=155312 | return=3.71 | steps=68 | track=767a171428042f306ad7bf1bc807f00e
global_step=155328 | return=-118.92 | steps=92 | track=ff760aaea0cdd61d83d6d521ce0958c8
global_step=155408 | return=-131.56 | steps=167 | track=10dd7bbf1cea7280fc20afb2a9c5f4ab
global_step=155408 | return=-7.67 | steps=64 | track=a6eda7a29f93c436151f40d9582fab73
global_step=155520 | return=12.99 | steps=65 | track=a2c69a087810e51d7f0726a72bdd99c5
global_step=155760 | return=-10.72 | steps=84 | track=909affc1abe25423c2ad0077d73acd54
global_step=155808 | return=-108.82 | steps=163 | track=15ab73ee8453b8eab9892e0243a64670
global_step=156000 | return=-146.01 | steps=131 | track=d8a165913e9a1d25c6aabc72c2a4bfda
global_step=156000 | return=-136.05 | steps=131 | track=6e532308820c8fa9cd48b33710d3ab28
global_step=156384 | return=-132.70 | steps=131 | track=e506f73975068bff409ad8b5bd55b3d6
global_step=156496 | return=-68.65 | steps=60 | track=403fe7b9c446ad833efff7fcc0a384d8
global_step=156528 | return=-59.90 | steps=83 | track=e547c29cf2478a24eb1be5787a2043de
global_step=156592 | return=-101.22 | steps=112 | track=a6c921b53154de2dd8eaa04d4151fec4
global_step=156784 | return=-117.43 | steps=141 | track=7f33d5ba65a392d24fd7bbe407a4a1f8
global_step=156784 | return=-190.64 | steps=213 | track=422f4c45d6cdb8d09071e1815952351f
global_step=156912 | return=-95.79 | steps=142 | track=a14e16344b68cd32d9166fd7e746d019
global_step=157248 | return=-117.42 | steps=143 | track=d51f7a6eabecf9ad65faeadadd53f8b4
global_step=157408 | return=-146.75 | steps=130 | track=09cc72fb872851c9a0eaffee54673144
global_step=157440 | return=-118.17 | steps=104 | track=2f54794c89c3abc56a8d8e4e085dc766
global_step=157488 | return=-29.42 | steps=92 | track=07ca56c4bbe635c44876f61017cf74c2
global_step=157520 | return=-157.01 | steps=131 | track=1c84129f516d8ec4140e8ce3fbd8496e
global_step=157520 | return=-68.26 | steps=131 | track=ab1561a3114e1c82d2a1382bd29beeb0
global_step=157824 | return=43.85 | steps=64 | track=eb18b3be773198380d2ef5be1e06a5c8
global_step=157840 | return=-33.32 | steps=156 | track=3cdb26eddc9e52ba7f997faf0ce3e785
global_step=157888 | return=17.53 | steps=68 | track=7dd76089ed9d8105c0d63cca52ebfb3b
global_step=157920 | return=-155.82 | steps=131 | track=31c88756f80457a03ff4b61414cb7d8c
global_step=158112 | return=-165.84 | steps=131 | track=f4a6167413638649aa60ecb41d63d021
global_step=158240 | return=-22.32 | steps=61 | track=613cd00e02f5407d26bd220b1f956e6e
global_step=158448 | return=-65.35 | steps=62 | track=f837a3a406c40c7acb781ebe28b58f4a
global_step=158480 | return=-146.37 | steps=130 | track=12e7c10b4c88fb202b20669711d77ed4
global_step=158512 | return=14.12 | steps=68 | track=c8aec60c7d5e1c27c5d9776df743e2d8
global_step=158528 | return=-22.31 | steps=62 | track=2c631ac06aa270cb89b143ce4bd942c7
global_step=158592 | return=-149.50 | steps=130 | track=70b97108e5a34894d4d73e11f480406e
global_step=158640 | return=-157.37 | steps=131 | track=6020b9598a8ebe3a59ea99e2a64d88e6
global_step=158704 | return=-132.60 | steps=131 | track=e1db81167d787773b6d8c28ec7443feb
global_step=159152 | return=-46.41 | steps=139 | track=e0e7addd6fea98871d8b5376bc709dc0
global_step=159216 | return=-73.67 | steps=60 | track=5a30d4b7aafb4fbe336b9ad6b259eb30
global_step=159264 | return=-114.60 | steps=89 | track=551dc9948cea4ce601e0e76058a4b25e
global_step=159488 | return=-110.92 | steps=97 | track=137d43ef9ec837afb78fba6f22504a61
global_step=159600 | return=-142.80 | steps=131 | track=47b7740ee00ca3df9cc93b7a41562b74
global_step=159632 | return=-140.47 | steps=131 | track=d2462939e5e3fe129e6baf9b7e5258f2
global_step=159952 | return=-153.65 | steps=131 | track=4134b0ede953117e1e0fe5dcdf611d48
global_step=160224 | return=-152.53 | steps=131 | track=44ecdbd896b6ce69fb0090b82cf7eaa3
global_step=160272 | return=-10.97 | steps=62 | track=aa2e81a5bb2e90effdb9231e563b7fe1
global_step=160576 | return=-154.28 | steps=130 | track=19cebeaf31aa40a259982b18f2a194d3
global_step=160624 | return=-149.19 | steps=131 | track=20b54d1923488a37c81f5eeafd875102
global_step=160640 | return=-154.63 | steps=131 | track=5ff11773c5590fe9d269ae4b73aebe1a
global_step=160704 | return=-134.51 | steps=131 | track=edd39020529eb2e977f73b9a4873e27f
global_step=160752 | return=-141.60 | steps=131 | track=65f6b6804eb3edc0a21f9eb1d5450f65
global_step=160752 | return=-86.54 | steps=143 | track=508fd7ec8a3f122bddb7bedd2421aea0
global_step=160816 | return=-138.40 | steps=131 | track=7679457c194912a8efe5e9a7319ca3be
global_step=160864 | return=-16.32 | steps=78 | track=9d3baffc94b22e855e7a605b3b6748aa
global_step=161216 | return=8.75 | steps=78 | track=957048e19d35e4e84dfb63981d9a21d5
global_step=161344 | return=-152.33 | steps=132 | track=db19693dc373e12be26b4d0e2a6f3b16
global_step=161408 | return=-186.78 | steps=219 | track=f27d0b3e930147c578afa53140a5c7ed
global_step=161456 | return=-98.46 | steps=143 | track=a768a607e1b2ebb3ff1d79bf4f4ee9d1
global_step=161600 | return=-148.58 | steps=131 | track=a5e97b1fffecd5f024e5fcb06896fc3d
global_step=161616 | return=-31.13 | steps=61 | track=02298270d1d49d4b07747818ff8fb156
global_step=161744 | return=-138.00 | steps=131 | track=5610b377514f0216743a35970a244352
global_step=161776 | return=-15.41 | steps=63 | track=d07e9a855380c3b962a989ad441c1bcd
global_step=161920 | return=-69.59 | steps=43 | track=18898165138832bc622a9b67b961e508
global_step=162128 | return=-65.47 | steps=41 | track=90ae35a505fb647ea3c633e54e535706
global_step=162336 | return=-141.53 | steps=131 | track=6adcc1b3f52e8aabe88958fc50f07fb7
global_step=162608 | return=79.92 | steps=115 | track=ccebec9b429d281d9225213d34d6d47a
global_step=162672 | return=-152.98 | steps=130 | track=2444883ca4fe4c9eae11022797f71ced
global_step=162752 | return=-141.53 | steps=131 | track=a77a8dc409e61800ed7157879aef9318
global_step=162816 | return=-154.35 | steps=131 | track=f5797d448f08db5a5ab87947a3cca39a
global_step=162912 | return=24.30 | steps=70 | track=cf2fb26f6627708fadb452437f2b667f
global_step=162928 | return=-154.47 | steps=131 | track=48103f7ba9c9743483e7ebe7a0c01609
global_step=162976 | return=-150.39 | steps=131 | track=4bf71718edc458f7f86785c0ef8975fe
global_step=163024 | return=-16.41 | steps=104 | track=9fb12c3a2331cb05c36a493b6181143b
global_step=163104 | return=-33.15 | steps=73 | track=fd98e2763622489e6047ea33c7741420
global_step=163120 | return=-65.78 | steps=177 | track=f54963a4ff7edb0e2d6f050ef36248a0
global_step=163248 | return=23.33 | steps=69 | track=da4f97c4e1ea90ecac9e66977485964d
global_step=163360 | return=-27.22 | steps=63 | track=531b55ecc52c005ee6564eb7f2b62993
global_step=163520 | return=-122.56 | steps=131 | track=f659e514137c781a7e9afc33f4ea8e5a
global_step=163680 | return=-113.72 | steps=129 | track=846c851c4fba13c9f4252a6bea3d1eda
global_step=163728 | return=-169.49 | steps=131 | track=fe766b648a8eb05ea128002df40010f0
global_step=163792 | return=-64.11 | steps=47 | track=ee7f57c0a9fc2f8564ec0365651afc1c
global_step=163840, SPS=72
global_step=163856 | return=-145.00 | steps=131 | track=16fc34fed7c983d3163eb32d785a800c
global_step=163904 | return=-2.79 | steps=67 | track=72eb932301b328cb80a482a87342969e
global_step=164096 | return=-32.57 | steps=45 | track=e7c5142ee61bf507d1576224f5c0a823
global_step=164128 | return=-17.93 | steps=62 | track=c44eaac3b7ff98bf5ea2fa959e503f61
global_step=164720 | return=-151.61 | steps=131 | track=634ed4986f5741629d554412b1bf6c28
global_step=164784 | return=-154.41 | steps=131 | track=6f54191824baaaafb7fd1a5481efcf61
global_step=164864 | return=-144.82 | steps=131 | track=0de7f4c0a07535495b4bf36981137357
global_step=165072 | return=-126.96 | steps=130 | track=e1b6f0203276d8a1188bc6b2b9ebdabc
global_step=165216 | return=-156.02 | steps=131 | track=7e7858eb075adb1fd0f721d5a9dfc0e8
global_step=165296 | return=-115.65 | steps=100 | track=e1c8dca184820b62be961a5c4ecc9442
global_step=165312 | return=-64.09 | steps=148 | track=48c93700e9fb427b5d718a32540f43ae
global_step=165360 | return=-59.91 | steps=152 | track=cd6273ca381f9517189a9af3d50c1724
global_step=165360 | return=-142.32 | steps=131 | track=254b90fb8657dd0f67685a3ef18747df
global_step=165536 | return=-113.99 | steps=89 | track=5378e19e674607e4a2e202de0f6f2277
global_step=165632 | return=-145.26 | steps=131 | track=5b3b6ea7b2fbce396ec0ba103ec546b5
global_step=165888 | return=-107.61 | steps=130 | track=a099a002815c51906c668cd1282decc2
global_step=165968 | return=-154.32 | steps=131 | track=1a8fa6173c0992087f784c65f70d1682
global_step=166016 | return=-138.81 | steps=131 | track=66126cd1af6811419e132b8581c4f6a8
global_step=166208 | return=-131.54 | steps=154 | track=6334ac53f6d3fb9dc250f055515c2fc2
global_step=166240 | return=-127.71 | steps=131 | track=5e794d11d3c38244c2e3d92950ebaea8
global_step=166352 | return=-89.20 | steps=92 | track=ec04b43632202b37edfb488203aecb3e
global_step=166560 | return=-71.62 | steps=92 | track=9fcccfe8f56fe04424ce9dd8bc5c4281
global_step=166832 | return=-141.15 | steps=131 | track=dc33ecaa39fa9ca146a552385515a19d
global_step=166864 | return=-82.46 | steps=129 | track=90d56cae9ee552269546732f2d19bd9f
global_step=166992 | return=-130.38 | steps=110 | track=eb7d9cd9c1a16e81aad79662812974c3
global_step=167360 | return=30.79 | steps=71 | track=85b61f607da56144146dfa51cb096903
global_step=167392 | return=-125.34 | steps=130 | track=3565aa2e6c974e902853e6bb7b217165
global_step=167408 | return=-146.02 | steps=130 | track=40e4b00476da4823672cdbf38ee9a479
global_step=167472 | return=-141.61 | steps=131 | track=267a6a3067983fccac9f5c6820d55280
global_step=167472 | return=-149.60 | steps=131 | track=2101d559657684d89d78fbd53d838914
global_step=167648 | return=-41.60 | steps=48 | track=3c8d1cf95f8141c68e7e87591deb6892
global_step=167648 | return=-138.54 | steps=131 | track=30a05c26b1007fc5af7be3a0a5b4461e
global_step=167744 | return=-141.15 | steps=131 | track=741fa63640e1695c4d8b540ad8a93cf5
global_step=168000 | return=-134.14 | steps=131 | track=7192cfe7ad59115ec504572e9e97ffb0
global_step=168080 | return=-44.23 | steps=41 | track=4155521a4db565160ab0093a4edf773e
global_step=168128 | return=-143.67 | steps=131 | track=da48e492f37ba06c27e98dccd2a5233c
global_step=168352 | return=-144.40 | steps=131 | track=e397e37cf14343497996a14af18d69ed
global_step=168432 | return=-14.47 | steps=64 | track=0af866986fcefff9a99008937cecaadd
global_step=168432 | return=-93.57 | steps=153 | track=c9bbee5a78e0b5c2c2b0e64bf23d9039
global_step=168496 | return=-122.58 | steps=133 | track=e831028b128f517014e1e19924f49cbe
global_step=168608 | return=53.48 | steps=127 | track=9a37a1919bd2a550685a479f13021d5a
global_step=168624 | return=-23.95 | steps=60 | track=a526c7af01082ba99e01fe35ac9c06c9
global_step=168944 | return=-147.40 | steps=131 | track=54efdd734b2ac55761d6d27d1fd6f19a
global_step=169168 | return=-21.65 | steps=45 | track=d126e87f3ac618c5a3e5ba7a291c3fca
global_step=169472 | return=-135.24 | steps=131 | track=22a257ac3e494f32f489aa298f7a5e99
global_step=169472 | return=-50.89 | steps=154 | track=1cf6903b5fd468f98ba66c183767bed5
global_step=169488 | return=-65.56 | steps=87 | track=767ff0b59333bf681ece28acd20f61c4
global_step=169744 | return=-102.73 | steps=141 | track=1a14bb2adeec04cba27a3a5ad6720466
global_step=169760 | return=-132.99 | steps=131 | track=8031130e48853a7decd330bdec878360
global_step=169760 | return=-50.01 | steps=142 | track=b836d89432b75af07a8d1e952685345d
global_step=169856 | return=-150.44 | steps=131 | track=b2eb64705241a4be76e6516d1920c9e3
global_step=169888 | return=-119.46 | steps=90 | track=7aa7de50675a7d26d635beefbe21580e
global_step=170096 | return=-120.73 | steps=130 | track=08877b55fb9a2cf9951eb6572a1f5924
global_step=170176 | return=-110.45 | steps=96 | track=7147c56c0e2463843eda2675fd98db4a
global_step=170384 | return=-108.68 | steps=89 | track=3881acefdbf833811134f5dfcb8f77e2
global_step=170672 | return=-177.21 | steps=135 | track=9291f1263196e98f0c4612c29b8d0fc5
global_step=170704 | return=-103.14 | steps=146 | track=aa1f925011786e49e3d1f5c0320b2c7e
global_step=170720 | return=-140.74 | steps=131 | track=fb04a6d1075abb66f54541da0262944b
global_step=170736 | return=-33.61 | steps=60 | track=22a39b61a725fb26342238b94fb6dfea
global_step=170848 | return=-64.74 | steps=46 | track=55df75e3cde2426d1e850797826d33eb
global_step=171072 | return=-7.53 | steps=55 | track=9fc449aba1e366aa542340fc7449f58b
global_step=171280 | return=-161.51 | steps=131 | track=4ed0c81c4ab83512d26ea61ff3dec26c
global_step=171280 | return=-99.79 | steps=94 | track=6f7dc9db9e93e3a3378a29c264fbce7d
global_step=171312 | return=-117.76 | steps=90 | track=8c0fd81fd65a49cc93e062d67b6a8b03
global_step=171584 | return=-141.61 | steps=131 | track=5de9b3da1a098209ee4a80b0ce301617
global_step=171584 | return=-141.16 | steps=130 | track=fd2d7c1037490df705cb627303ff6949
global_step=171856 | return=-151.60 | steps=131 | track=00983d07134eeb9302745fb12d692811
global_step=172000 | return=-158.40 | steps=131 | track=00e81c5b7c5b38432ad850804bd64617
global_step=172224 | return=-82.53 | steps=93 | track=308f93ae3b0c36c1860d1d9bd6bf6d36
global_step=172272 | return=-33.14 | steps=42 | track=3e37272dde143453216e9a6517a9ec0f
global_step=172496 | return=-173.70 | steps=188 | track=de40d6473df17fc9f4fb71c037849876
global_step=172496 | return=-140.39 | steps=131 | track=591c1da6654d7c1004cb91429d649b02
global_step=172768 | return=-136.33 | steps=130 | track=64745ae22223b277fc779fc316507637
global_step=172800 | return=-140.43 | steps=130 | track=2c31745429f3ce1c75c8113fb5f862e2
global_step=172832 | return=-137.22 | steps=130 | track=d442b6c523c3c9d06ebdbe52c36eaf6b
global_step=172944 | return=-147.40 | steps=130 | track=7ca146e265ff807818ae2c954ed2c2f4
global_step=172944 | return=-108.75 | steps=101 | track=4d385cf07d0706c3c8395984492b0f8e
global_step=173264 | return=-265.72 | steps=320 | track=72edc5c3d79cd259d534201b36566416
global_step=173376 | return=-160.10 | steps=130 | track=2571a196a9b9d6db3a80a54c157d7093
global_step=173536 | return=-124.75 | steps=140 | track=1d2fb88c1bf272f0b1696fc127f2bf80
global_step=173552 | return=-18.58 | steps=65 | track=0fca5008185b8be1972b529251a102bd
global_step=173696 | return=-148.36 | steps=131 | track=6b853366b6000cb3c0738233c3a59c5a
global_step=173968 | return=-140.89 | steps=131 | track=2147779dd02f758693c31d2a5b87c5f6
global_step=173968 | return=4.00 | steps=70 | track=51619255234275598f71c9096a03f49c
global_step=174032 | return=-48.91 | steps=47 | track=ccef7faeaaa019e4ef3ad61fa5f333ff
global_step=174288 | return=-104.13 | steps=142 | track=6d1fe121b7b92aef5d3bb6467750454c
global_step=174400 | return=-150.59 | steps=132 | track=3b40a578f3ba38e36a4805da24a03c1d
global_step=174560 | return=-152.56 | steps=217 | track=45a9a0be9007f0fd607ef53824edf1e5
global_step=174608 | return=-153.21 | steps=131 | track=9f2abf759ce2916a8e433eb353368bcb
global_step=174624 | return=-104.09 | steps=149 | track=ceef715c8956154bbca79eeab68378c5
global_step=174880 | return=-139.30 | steps=131 | track=8fabdbb937e2966de48d19c77eb148ee
global_step=174896 | return=-156.92 | steps=130 | track=d07e5c97363f90182389515a087baea2
global_step=175040 | return=-144.74 | steps=130 | track=45b22ea05143dc2c8ed44c04e7010b11
global_step=175056 | return=-146.58 | steps=131 | track=2e729614218d473d9119a5898b4fea94
global_step=175136 | return=26.19 | steps=68 | track=370f8bdad3ea3ee3268d07397ce00a8c
global_step=175328 | return=-52.56 | steps=47 | track=140ccf20a93634f885e2adb64085a035
global_step=175424 | return=-21.29 | steps=50 | track=d2fab39386084c5150b9e37e5402144e
global_step=175488 | return=-148.78 | steps=131 | track=412011e895c5f6319338a9afed663167
global_step=175632 | return=-142.84 | steps=130 | track=701c2975d2e4bc8a499a66486ec4fd33
global_step=175648 | return=-139.78 | steps=130 | track=089ad74e3f1a1a65a4fff855a888768d
global_step=175808 | return=-136.67 | steps=131 | track=4c610b08ad6cb072cfedde9490db48f3
global_step=176080 | return=-108.88 | steps=131 | track=33448eec2102c8d73040bf5e13f4d599
global_step=176352 | return=-102.79 | steps=148 | track=34886ec947e44c52de1a1c524a22d50c
global_step=176512 | return=-153.01 | steps=131 | track=8da2dad3a9848bcaf8209ecd1f9245f7
global_step=176704 | return=-115.39 | steps=150 | track=681913643eeb42a06006ec674ce7cc8e
global_step=176768 | return=-108.94 | steps=133 | track=dadd16e1f37ec8dc28de96fefc7fb612
global_step=176816 | return=-33.99 | steps=73 | track=b8987b4ed81efb08e7709b1b08b5bc21
global_step=176976 | return=-150.60 | steps=130 | track=2304ea24b35fa1e1afde297f3725ad17
global_step=177152 | return=-144.79 | steps=131 | track=b2a82ea21efc9d2fef3f2b699087f9e3
global_step=177360 | return=-45.84 | steps=153 | track=ba5da0088033f6f5e7fe2bad61bdebbc
global_step=177440 | return=-147.71 | steps=131 | track=a3a3cbc8d4d759eb63a1c9679f91a59c
global_step=177520 | return=-113.00 | steps=130 | track=2adf42dfdc890cdf086ae641803c2945
global_step=177600 | return=-139.61 | steps=131 | track=5d16faa0468f72b348e28d45e5727959
global_step=177760 | return=-147.61 | steps=131 | track=f0b1eea6b891a72c617c27b850fd7056
global_step=177808 | return=-188.20 | steps=166 | track=9d720aad8121f613ebeec473aa885034
global_step=177920 | return=-144.40 | steps=131 | track=7facab017daead9f5597713863e3c7b7
global_step=178192 | return=-157.80 | steps=131 | track=e290844f7b1affcaf07b15be6379bbb5
global_step=178208 | return=8.69 | steps=65 | track=0f402cd5008bd434497ea9f6f4fbe8d4
global_step=178448 | return=-93.05 | steps=130 | track=f68b2d66bdac3a635c2a4c21fa005206
global_step=178528 | return=-58.62 | steps=47 | track=e6990af58791783bf16c6778c17000b3
global_step=178640 | return=130.30 | steps=113 | track=a4df7f389c2b2f1502022b9aa9a1a34a
global_step=178816 | return=-138.16 | steps=131 | track=a2d8d36bf47b70b022b91dc615e5a706
global_step=178880 | return=-101.30 | steps=89 | track=4d1789a73e452e827ed7280a143b6167
global_step=178976 | return=-18.59 | steps=65 | track=9eb4ada0cda069f283a905c992ad77d1
global_step=178992 | return=-46.35 | steps=154 | track=41d2997f58607c6bc414ce766bdc5fba
global_step=179088 | return=-145.00 | steps=131 | track=b170539156152080985595ed567d5768
global_step=179360 | return=-67.47 | steps=72 | track=d63b3312fb6b84d777ad1fbb0a888cd9
global_step=179456 | return=1.73 | steps=167 | track=bbc06e22a5e54d3a47c2690ce6598495
global_step=179456 | return=-147.77 | steps=130 | track=4b35d65c204236016e1a27965d6eb9da
global_step=179520 | return=6.13 | steps=66 | track=8dca8245ee1d2978899614a145edf116
global_step=179616 | return=-140.52 | steps=130 | track=fba4e4496f354e984ed36b0ceee3d012
global_step=179808 | return=-142.79 | steps=137 | track=9fc67e2d69ac90054cee19e2e91d90c1
global_step=179920 | return=-131.56 | steps=131 | track=64175046816bd6d04a3566077f10f73b
global_step=179984 | return=18.92 | steps=68 | track=59660597e6614b772826342b32d94a9f
global_step=180016 | return=-52.90 | steps=309 | track=deb688435d53a083f406608372135155
global_step=180224, SPS=71
global_step=180320 | return=-133.76 | steps=131 | track=f8ccd5ca1bfbc2690930133f816b84db
global_step=180352 | return=-14.42 | steps=78 | track=8a602e1bf0a43ac23ce725ed22a4457b
global_step=180544 | return=-27.20 | steps=67 | track=6edc24b0aabecb2686eed87f747c4730
global_step=180576 | return=-102.08 | steps=69 | track=be81120dd67449e8fd80435281c7c5f3
global_step=180640 | return=-149.25 | steps=131 | track=f6b8e1d558b2020b8182a5d1f2812ebc
global_step=180736 | return=-148.00 | steps=130 | track=2e231d68e8f0d0500dbd8cc65bc12f5d
global_step=180736 | return=-118.70 | steps=69 | track=962b9f0a8cecf6f79d03d4c7817cbc6d
global_step=180928 | return=-139.98 | steps=131 | track=ca75eba4995e6f24228c086ce9c71164
global_step=181088 | return=-137.38 | steps=130 | track=4d433c15d4175bd47f5ac9c6045635a1
global_step=181088 | return=-152.64 | steps=131 | track=fbfe0cd011b4b6fdf5e360a4acb83b61
global_step=181632 | return=-152.21 | steps=131 | track=0ea05916b9962e06b032052e78227a98
global_step=181952 | return=101.46 | steps=126 | track=319ac0f21e6a4b7659cf348150f8c541
global_step=182064 | return=80.00 | steps=168 | track=bf3a595bc344daca5960e556b2a532d4
global_step=182112 | return=-2.07 | steps=63 | track=d89f12807e8c27f05d0798518991e50d
global_step=182160 | return=-55.40 | steps=135 | track=f007840786f98ac37bcaeb3e19f839f9
global_step=182432 | return=-141.15 | steps=131 | track=e500593b6f049e008108e72855bd6516
global_step=182464 | return=-125.19 | steps=131 | track=008548522813f0d963e60548a0fa152a
global_step=182576 | return=-82.10 | steps=92 | track=8cdba204572555fdd55f809737958c9d
global_step=182656 | return=-144.69 | steps=131 | track=9801794f2090b432fcd605e3a0822171
global_step=182672 | return=-154.82 | steps=130 | track=d520f05c90436a17ad3454827a6615b8
global_step=182752 | return=-63.07 | steps=42 | track=40ebf498dc54d06c8dbeac9e7f9afa8f
global_step=182752 | return=-152.55 | steps=131 | track=1fc23554388fbc09c34fed35925225c5
global_step=182832 | return=-139.58 | steps=130 | track=30003021e4c1db81e6bf7d20513a25e4
global_step=183040 | return=-166.16 | steps=131 | track=6d4d029b403f9dd3281a45ad4de8c75f
global_step=183200 | return=-42.95 | steps=198 | track=ebf6cf21ecb166181ec064d7fa2b57e6
global_step=183520 | return=-53.40 | steps=42 | track=81a451f698b92845ed6ef09fcd680927
global_step=183552 | return=-168.26 | steps=233 | track=66531c4f8ef65dec0b609c49fa35413d
global_step=183552 | return=-111.88 | steps=89 | track=28641a5f0afd7adea215fcd434de080d
global_step=183712 | return=-11.25 | steps=59 | track=ed56bcfdcf31c13c99b2085184d4e2ca
global_step=183744 | return=-143.09 | steps=131 | track=44ea19bec1e8208a3736f046da0e6305
global_step=183824 | return=-125.85 | steps=116 | track=874b44313362cc9f494c3c4a1386b5d3
global_step=183952 | return=-127.11 | steps=92 | track=72a7783e12eb1928539ec7213d13b674
global_step=184176 | return=-119.61 | steps=108 | track=d26a08784d41021355d9e57ab92a8ef9
global_step=184272 | return=-142.65 | steps=131 | track=51121ae475c18a6c4cfbbbd169d0c56b
global_step=184288 | return=-198.14 | steps=221 | track=02cd4a619f32be41b19ee1e71b3ccf02
global_step=184688 | return=-130.27 | steps=131 | track=7cbedbe37bce1d975731e1fe4f8523f3
global_step=184768 | return=-145.29 | steps=131 | track=30925b8d2ad477a63362bb468f4b50f4
global_step=184784 | return=-141.30 | steps=131 | track=8923b206520899a5f7546f9d7284263f
global_step=184848 | return=-149.00 | steps=130 | track=14fcf39fb6c6694c1f9154483af57187
global_step=184912 | return=-82.93 | steps=84 | track=728afd29b90401a90744814f754d4a60
global_step=184992 | return=-30.74 | steps=77 | track=dc45ee27a4da90340ca2689467b11b21
global_step=185136 | return=-151.52 | steps=130 | track=a7ac3576b73bbd8e17f051d4fb5868ce
global_step=185312 | return=-143.53 | steps=131 | track=e0a157d5ce28293b5fe616ad9875ccf7
global_step=185632 | return=-130.11 | steps=131 | track=7609d76b80f94513ae212ccb48189ca6
global_step=185808 | return=-146.80 | steps=130 | track=ca348d30e367e1ca08c1df02257143c2
global_step=185856 | return=-71.58 | steps=104 | track=9c64c6b30fd5a927081feabec3e21215
global_step=186064 | return=-159.50 | steps=131 | track=ac39b85ce983da2dd47bc8b7eee4a0e4
global_step=186160 | return=-93.64 | steps=86 | track=2f965564bfe71694d359fed986c5e6b7
global_step=186176 | return=-63.00 | steps=78 | track=a6fb6b04d426646a7c23718e5acd37c1
global_step=186256 | return=-61.36 | steps=151 | track=23bc233c1a4fafd6d069020b176892d6
global_step=186400 | return=-162.39 | steps=131 | track=7e6f79a3e21ac63cb7463ab11b2527f1
global_step=186624 | return=-126.40 | steps=110 | track=ed198fddb06d8607f2dd0e6f140d4753
global_step=186800 | return=-150.51 | steps=131 | track=a9bc3420c13292bab2e0112866747ca0
global_step=186928 | return=5.08 | steps=66 | track=0f8b7627ae31edefe324ccabbe38877c
global_step=187088 | return=-203.74 | steps=220 | track=78bd47b263de6b10b079aa817c9f6c69
global_step=187248 | return=-156.17 | steps=131 | track=042eb5e7d5bb26ab75c9c3074ea66047
global_step=187408 | return=-14.52 | steps=110 | track=a1b5459abb026724882401a20e2363b5
global_step=187440 | return=-55.81 | steps=152 | track=e71c76a8390bd34424b78273c938fb7d
global_step=187456 | return=19.40 | steps=65 | track=a8bfe2dad9f1bb7b5c5f2a72b229ed7a
global_step=187648 | return=-111.63 | steps=92 | track=5e28e401a6bbb787dfe602487e8311cc
global_step=187888 | return=-109.26 | steps=193 | track=7f7b5d80f78284102c76ceb54ace9854
global_step=187920 | return=-137.35 | steps=131 | track=cdcb393ccbc5d429b2cd9941233a7d60
global_step=188064 | return=39.68 | steps=70 | track=032c6f346407a4b40f201dd1910c59c5
global_step=188160 | return=-150.58 | steps=130 | track=0194bcf68a5cdc7b52ac70faaaeba7fc
global_step=188192 | return=-43.55 | steps=68 | track=c5f0f7facd543bd7c70053a2746d409f
global_step=188288 | return=-137.41 | steps=131 | track=b58189671c01c34957fde89a6d0c3401
global_step=188368 | return=-130.20 | steps=131 | track=39181027a091febdb8b3e4a1380b8675
global_step=188416 | return=-131.44 | steps=193 | track=a934a6be03af004ded20d2212ba6fbed
global_step=188576 | return=-178.69 | steps=268 | track=ecf4391371c9f4c980d3b61ddd6dbd82
global_step=188736 | return=-160.42 | steps=131 | track=142a9573ce8ed9b3da3fce4a1f0fe5d0
global_step=188912 | return=-151.60 | steps=131 | track=5682a1c6dd75233c45621d79f516b069
global_step=189088 | return=-109.20 | steps=89 | track=d4afaee2bbe417ac2c8901cc3967e0e5
global_step=189344 | return=-60.17 | steps=37 | track=cd6e87041cd968107d86e52cb2ce49bc
global_step=189344 | return=-72.01 | steps=47 | track=7c9db825158386df1fe1f3239d6db134
global_step=189360 | return=-155.01 | steps=131 | track=d786465e61502827360d8db11e0a179d
global_step=189392 | return=-55.31 | steps=63 | track=1f08dfcec4597c7e8592af386553bd63
global_step=189520 | return=-128.21 | steps=131 | track=0ef26d7b8671c7f39647e947244e6b93
global_step=189552 | return=-139.77 | steps=131 | track=99ef8b5490a29092857df6965dd4d935
global_step=189568 | return=-134.26 | steps=131 | track=b6981b8facb9f8bccb9d2852160f15dc
global_step=189744 | return=-96.06 | steps=113 | track=793549eb1f2f191f462e791199b1bdb2
global_step=189984 | return=-149.40 | steps=130 | track=ace610e72233944ab8cc3519d1152699
global_step=190176 | return=-143.74 | steps=131 | track=a3505d204dc8973d615434ac1a86d44c
global_step=190528 | return=-154.32 | steps=131 | track=4327c54a834fdfa0650b7bdefdf32fc9
global_step=190624 | return=-24.18 | steps=151 | track=7238853b937bcff7403cd6f1efda6ade
global_step=190704 | return=-120.72 | steps=111 | track=cb90c24c41a01abb0a3fdb3d9e10e904
global_step=190944 | return=-91.44 | steps=165 | track=c9f61e55071c9af21641f4d86e02d51f
global_step=191184 | return=-116.87 | steps=130 | track=fceee66663f1a8e94e41c12d8a1a44a6
global_step=191232 | return=6.09 | steps=77 | track=e342f28bf8e949e195b28850d297d63f
global_step=191456 | return=-128.96 | steps=117 | track=c9283f8f2f8d7c7aa27f746b2912b63f
global_step=191456 | return=-173.19 | steps=131 | track=a0f39e33b3fb63da486d385b86b06a1d
global_step=191472 | return=-145.61 | steps=131 | track=72cfd51bfd5b564acfaff6a6a30a338f
global_step=191616 | return=-142.22 | steps=130 | track=508d9e7b4d1ef2a712d7f98a4f89c45c
global_step=191680 | return=-80.83 | steps=93 | track=6dcf6acdafd48ed1580ac1c8d7c4d55c
global_step=191808 | return=-129.62 | steps=153 | track=9c660bc45545c0fd10223674d74514b0
global_step=191840 | return=-105.23 | steps=152 | track=cba5cb81ca56a07729308960d2a8f634
global_step=191856 | return=-170.99 | steps=131 | track=cfd75b8efc258dbe9f27f6dd27c3eee0
global_step=191952 | return=-118.53 | steps=149 | track=9c01363e37deb6858e476e29bd277407
global_step=192368 | return=-122.00 | steps=108 | track=e1384853bc5d08757a4dbffd1320c4e8
global_step=192496 | return=-110.22 | steps=270 | track=32419444af46d5f3db0fe02182d6f8ba
global_step=192624 | return=-146.15 | steps=130 | track=171048d974b064f69d744bb1b4ab5672
global_step=192704 | return=17.04 | steps=67 | track=2c0dddb040c508d1d13790b3da855ecc
global_step=192816 | return=-142.05 | steps=131 | track=489f6e0773e0350e9581ed8b2d7728b4
global_step=192896 | return=25.44 | steps=67 | track=9ecc03f0239286538e6a488b1b6316f2
global_step=193056 | return=-149.60 | steps=131 | track=f818212ace61b500de56d59ae9527851
global_step=193136 | return=21.75 | steps=121 | track=262ce1f49dd8c71b10a1bc62bef58fe0
global_step=193296 | return=-68.86 | steps=100 | track=9c79317f2e6bf1874184572d5c37df47
global_step=193344 | return=-155.52 | steps=131 | track=f155481246600d8c137e33e23424cad4
global_step=193376 | return=-104.84 | steps=119 | track=ff5e9c4085240a15783bbec171b7470d
global_step=193568 | return=-149.04 | steps=131 | track=d64dc6f4eff5410a8655922198dadaf5
global_step=193744 | return=-12.62 | steps=64 | track=27bafca796adefe41ce30ad5c1ba3c29
global_step=193808 | return=-78.55 | steps=145 | track=f69e2beaf50a69b997c91d078ae0a727
global_step=193952 | return=-146.61 | steps=131 | track=97bad55cd791dc054c1b2b3632e68a18
global_step=193968 | return=-143.03 | steps=131 | track=0f7227c52e199d0d2a616513d7e1175d
global_step=194064 | return=-160.91 | steps=131 | track=bef7e2ef50e49a2fcf7d7cb65838d375
global_step=194192 | return=14.93 | steps=65 | track=82f2ef7622322fe202d2512f287ecc3a
global_step=194480 | return=-136.43 | steps=131 | track=7ddd33e2ed86945fb2e770f58085a647
global_step=194576 | return=-103.76 | steps=129 | track=65402b1d1829b0eeba7a849868ab18af
global_step=194608 | return=-16.51 | steps=64 | track=48bf43f6bdb3b510b8a7425ecf3a9822
global_step=194736 | return=-138.60 | steps=131 | track=4d2ea1519769c4735448abe6fa3f7286
global_step=194784 | return=-105.17 | steps=89 | track=43d79d3d21aac3feafff798eb0aa030d
global_step=194832 | return=-21.18 | steps=63 | track=9c9965913105fdf98b1696c0b9e36ae8
global_step=194928 | return=-143.81 | steps=131 | track=b7c92b753a3332809060c4fd14ffd8ab
global_step=195168 | return=-155.18 | steps=131 | track=79011e47b2dc213bddde68baece40671
global_step=195232 | return=-91.67 | steps=145 | track=79696c7df2ce3b0b40f0badcada614b2
global_step=195488 | return=-152.75 | steps=131 | track=4d472c371aff0a1a1495c513c8653fd8
global_step=195648 | return=-116.22 | steps=98 | track=e53b90e51041f1201261d5adff6eb6c1
global_step=195872 | return=3.64 | steps=67 | track=7c37269302b35a219c6bc43aa62bc03e
global_step=196016 | return=-45.87 | steps=169 | track=700bab67ddcdb3ebe4b494b10b705b5f
global_step=196064 | return=-148.58 | steps=131 | track=047889bb6710ed224ea83b2c8539e6f5
global_step=196080 | return=-151.39 | steps=131 | track=1930868e70b164be645d025ff05a0472
global_step=196240 | return=1.16 | steps=66 | track=f8dc48eaca522189207ffbac0ba078c5
global_step=196288 | return=-134.62 | steps=130 | track=090f30e4ad1824d81111f8bb60cd6604
global_step=196576 | return=22.01 | steps=67 | track=efa3dead6135293503c0660d61d9d695
global_step=196592 | return=-140.01 | steps=131 | track=77c6ce1dd54a6d8250c8ffd4ddfa0a62
global_step=196608, SPS=71
global_step=196720 | return=-141.11 | steps=131 | track=572ae9eb221992fcf45a3e9329ca0c89
global_step=196944 | return=-163.30 | steps=131 | track=0ae7752aa9e303276ce6484f2ad58d4c
global_step=197024 | return=-139.90 | steps=130 | track=55613178b9313f30c23a4e53e2a385dd
global_step=197328 | return=-141.84 | steps=130 | track=f51fcd4c7aaf71d781200fceb00716f1
global_step=197648 | return=-113.07 | steps=110 | track=6f0983cc198ceae0770748a1ed83d358
global_step=197696 | return=14.22 | steps=68 | track=fed2dd59d5c4bc0e6f3db2d5eff56b73
global_step=197760 | return=24.80 | steps=188 | track=18074187b0961f46c3bbc757ee3ac395
global_step=197760 | return=-136.60 | steps=131 | track=66049ee485da72113251819e226aa0c9
global_step=198128 | return=-133.76 | steps=131 | track=8ba5693d85a72f64ad16d6697e18b86f
global_step=198400 | return=-140.23 | steps=131 | track=de5090cb9dca45825a646afada8eb8b4
global_step=198448 | return=18.60 | steps=241 | track=14f3bd891bf1503b7e419dcf4b4f9e72
global_step=198544 | return=-89.52 | steps=143 | track=346b4b3e1e913c2bd968ba7e8f653133
global_step=198688 | return=-143.06 | steps=131 | track=593eb3fa81462fdd7481ef02b2c04054
global_step=198832 | return=-153.62 | steps=131 | track=ad13463a26021ef5ee385bf1d1090edf
global_step=199072 | return=-148.64 | steps=132 | track=174f3c4a1ef39ee3cd3a707c97d1feee
global_step=199120 | return=-154.64 | steps=130 | track=428cd1757eb8c52cc2276d6adc30f3cc
global_step=199328 | return=-77.25 | steps=104 | track=3cd0615cd03cfeaeb9944919250997bc
global_step=199440 | return=-151.80 | steps=131 | track=35c7cd18b170be57e2712d56b4552622
global_step=199536 | return=-116.68 | steps=110 | track=9a72b731b3597a509ed8009a16c21d22
global_step=199776 | return=-159.28 | steps=231 | track=c99774cbb5065c0669f54c25fb036f7f
global_step=199808 | return=-151.46 | steps=131 | track=71a150b3a87eea6debadddc8bd56c08c
global_step=199904 | return=-266.79 | steps=384 | track=d7326ca3cb1a0e869207abb4df958e30
global_step=200240 | return=-49.65 | steps=43 | track=3722a5b1cd964132cef610c7a9fe21cb
global_step=200240 | return=-147.20 | steps=131 | track=75e1dd0f8d1fac5a02e049c3534a8364
global_step=200336 | return=-76.07 | steps=93 | track=aae8eec2369870b180929dedd7ee4f1c
global_step=200544 | return=-149.32 | steps=130 | track=81911337138bf91f9c4e1a2756b3f790
global_step=200656 | return=-138.91 | steps=131 | track=9e041c7333dadf0e02d65f5a2e397bb5
global_step=200784 | return=-151.11 | steps=130 | track=a965d02b94c06c137a79dab377229025
global_step=201184 | return=-144.38 | steps=131 | track=8416d5b6fa45a191eed902a6e3e80634
global_step=201232 | return=-138.47 | steps=131 | track=2048ce74d513976233bcaf9f4e24defe
global_step=201440 | return=-151.39 | steps=131 | track=aba79a661b563cc132cd633db4fe7d2d
global_step=201776 | return=-128.30 | steps=250 | track=e787f21c79f5cde368ecc1e82397ca95
global_step=201776 | return=-75.17 | steps=95 | track=4beaa049b641a69bca168cafbebbf777
global_step=201840 | return=-141.36 | steps=128 | track=25393951685975635f1cd29afc8faa0c
global_step=201856 | return=-69.66 | steps=94 | track=cb514b2d4ad1ff6d3d37ce5fdb2319ef
global_step=201904 | return=-59.08 | steps=44 | track=e1eb9126631cca163e824021d97b9abe
global_step=201920 | return=32.52 | steps=70 | track=a0f4a21bff97049df8a677e35a178783
global_step=202080 | return=-151.45 | steps=374 | track=b106a42e789189ef6d16709f0dd0618a
global_step=202096 | return=-108.58 | steps=89 | track=910a9f2e3775e05746beedec828bf1e4
global_step=202352 | return=-107.85 | steps=131 | track=7940fabcbafacaa46b76ba2e9caa6ebc
global_step=202416 | return=-4.84 | steps=156 | track=9b22c163a842a655e90d4fc9fca65b5b
global_step=202416 | return=-177.71 | steps=185 | track=2409a8270ccb196acaa1a2486dd9b4b8
global_step=202480 | return=2.30 | steps=64 | track=76963ef8c596f769736cc99ad9737191
global_step=202656 | return=-145.51 | steps=131 | track=55be789c78b2eba3000cc2b380fb2524
global_step=203216 | return=-108.37 | steps=89 | track=27ce669474d2877780e70dc16bcab09e
global_step=203296 | return=-226.25 | steps=217 | track=81da272edbdb40cbefe5ac5bf96fc0be
global_step=203648 | return=-108.91 | steps=96 | track=4fe0c1aa674e5c7418b35296b6b2156e
global_step=203824 | return=-124.23 | steps=119 | track=08c864cb8b352ddbe8cc991e3d7ef898
global_step=204160 | return=-111.31 | steps=139 | track=5ada014a10fec297af8a319f7004935f
global_step=204160 | return=-118.31 | steps=108 | track=1d73a6b468772aea77a17f08f4b741a6
global_step=204192 | return=-144.04 | steps=131 | track=27027a4b464dcf1c75df51e40447b732
global_step=204288 | return=-114.97 | steps=151 | track=7ed7b8ee5773e977a3ebb00486bcee9e
global_step=204464 | return=-149.16 | steps=131 | track=4bfa27188d617d3dfc66138227077398
global_step=204528 | return=-155.18 | steps=131 | track=3d37a424b33b4d869a1c655b645e4350
global_step=204576 | return=-154.57 | steps=130 | track=b70d37b9366f589e7900575eecfcaad7
global_step=204768 | return=-139.78 | steps=131 | track=cab7093a711783de23a8779e2baf8c5d
global_step=204976 | return=-76.61 | steps=109 | track=f11382af4d0d313f14cd22db38441658
global_step=205072 | return=-85.25 | steps=239 | track=8630b9059f3909d18077fe318c9425af
global_step=205168 | return=-149.91 | steps=422 | track=4a8e514ce488ce83110fadbd34fe914d
global_step=205280 | return=-41.35 | steps=43 | track=0cd5619926d1d7c279f7a9f4f05fa8db
global_step=205280 | return=-147.41 | steps=214 | track=149c66058483018c7b9a9e885dec839d
global_step=205392 | return=-162.33 | steps=130 | track=ee8f22f35f2debfcfcd427b2d6cbb5b9
global_step=205424 | return=3.83 | steps=70 | track=02ec9c021f9c41755cdaa366d3678e07
global_step=205504 | return=-58.53 | steps=81 | track=8cad245d5d4aa029768b53ce62e6fb9d
global_step=205760 | return=-139.34 | steps=131 | track=a2a8c5a507dacae9055631f7bd390a4a
global_step=206128 | return=-11.07 | steps=65 | track=3b7312ba617a415e2f5e8b06fb8f79b8
global_step=206256 | return=-141.98 | steps=130 | track=33bfb542b3f21147aebe7f817978b9ef
global_step=206272 | return=-146.38 | steps=131 | track=a128358dc9d80ac41f6eda0e50147aae
global_step=206288 | return=-65.95 | steps=153 | track=6786237830b1ee33a6962864728e69de
global_step=206464 | return=-65.22 | steps=73 | track=edb2743429170eff7249bc93372af6f1
global_step=206560 | return=-139.58 | steps=130 | track=6834334650f1daf04159b81e35d1e582
global_step=206640 | return=-159.58 | steps=131 | track=637400237f0c3c88a20e07940784f9e8
global_step=206832 | return=-77.39 | steps=89 | track=5fdc6672a780c93117b01d78462afa8d
global_step=206848 | return=-102.33 | steps=88 | track=a4464e2bd20b9015f642c3c3bbbc25f2
global_step=206880 | return=-139.10 | steps=131 | track=7a095d8bc429968d1bc6e7e0d3946fcd
global_step=207008 | return=-70.15 | steps=44 | track=2cbe35347dfdb45b7313f6335079f4b2
global_step=207072 | return=-150.77 | steps=130 | track=90f9e0a95b32c8f0fec0a8c08840dcf3
global_step=207280 | return=-158.71 | steps=131 | track=0cb89e465e6acf7b46c9ebc4b17522f1
global_step=207360 | return=-36.13 | steps=44 | track=46435d7db43b848563668e45b0009c73
global_step=207760 | return=-101.15 | steps=140 | track=c414b9843ffee9a1a169726dcf51ebf4
global_step=207840 | return=-110.85 | steps=159 | track=956a4891b35b3298e993988f1a2a2c3d
global_step=207856 | return=-154.14 | steps=130 | track=8cbf81ee70fd4fe5299ee5914fadd99a
global_step=208016 | return=12.76 | steps=70 | track=391687052e7d614a812d3ac07430103c
global_step=208224 | return=-256.74 | steps=402 | track=b76ebb6c1090a663cb8e886d170d7223
global_step=208384 | return=-152.80 | steps=132 | track=201527865a824d001640d63a8e3488b0
global_step=208528 | return=-30.33 | steps=77 | track=75358821079ba666ea77bdcf2e6e728e
global_step=208576 | return=-153.62 | steps=131 | track=82c48085d49a80c5d07b4aa281a0090f
global_step=208656 | return=-52.24 | steps=148 | track=9312c7134d31ac3965e1672804d8ae14
global_step=208672 | return=-149.25 | steps=131 | track=f0744e81f2a9b9445edf1153c4d5c854
global_step=208832 | return=-16.08 | steps=61 | track=73b36887dddf52c606dc4e511741f373
global_step=208944 | return=-141.54 | steps=131 | track=ff9a239b2bd8a4ee748ce646e5c5e447
global_step=208960 | return=-164.21 | steps=131 | track=a92619c44a011d3b5b1d62ba97d72149
global_step=209312 | return=-109.82 | steps=96 | track=ad8581eb4de6ed05f9939ba85cdaf02e
global_step=209408 | return=-126.97 | steps=145 | track=166cf650e5ae9ddf691eb7a40f73a5d7
global_step=209440 | return=-73.59 | steps=151 | track=9698cdf957c64283938a32a96c66e63a
global_step=209472 | return=-147.49 | steps=131 | track=2ab7aada0316e51d9f0c48f96886f8ee
global_step=209536 | return=3.78 | steps=62 | track=e1585baff74f4e3037780fbb8a2560b4
global_step=209680 | return=-106.76 | steps=90 | track=28a0b398eb0687d94f5f938eb38397ae
global_step=209968 | return=-150.33 | steps=131 | track=37002f670b5c46e47d5a38710026ddbc
global_step=210032 | return=-4.76 | steps=102 | track=39fd7c005295f42ba4ff82acab44e6cf
global_step=210368 | return=18.59 | steps=65 | track=1ed596952708c81ce57ff326dfee0001
global_step=210544 | return=-0.92 | steps=66 | track=4a9f559f7302e1c0973958717bc3b6e3
global_step=210624 | return=-215.93 | steps=280 | track=6f1d37937d3a20fb088d3859105c8093
global_step=210688 | return=-156.94 | steps=131 | track=c1d83901201e45a9e22ce93ceee92fe5
global_step=210768 | return=-95.87 | steps=131 | track=7812814155d26c74a18c47b1bb61982a
global_step=210944 | return=-152.97 | steps=131 | track=0c9a145d33ee9f5189e1b2e698bd6a86
global_step=210992 | return=-45.72 | steps=63 | track=d244a4ecb1375000b08338f3557dfd4b
global_step=211056 | return=-87.02 | steps=131 | track=ade239217dca72e327541aba10458dd6
global_step=211392 | return=-78.40 | steps=47 | track=d7d9695dad6a873d7b5bc891d573dd64
global_step=211504 | return=-118.50 | steps=130 | track=61dcbe53f5d008f33222dac53cf7aa09
global_step=211552 | return=-149.69 | steps=131 | track=fe6436863e3ec89c18990c637b5a3b59
global_step=211648 | return=-139.34 | steps=131 | track=65fe66fc7e70b62223b5133a78c7480a
global_step=212064 | return=-20.57 | steps=252 | track=ab748b67bc12e80069dabe78c1fa57a6
global_step=212080 | return=-22.20 | steps=63 | track=f79aa7d2728743d8985f5756757d698b
global_step=212224 | return=-101.39 | steps=136 | track=e88e45566a27420f0d52167fb38bc005
global_step=212240 | return=-13.25 | steps=159 | track=3137c64a1d687c157023baa68cc7894b
global_step=212464 | return=-0.84 | steps=66 | track=23b0bd0000352a91a3dac7b182f8deaa
global_step=212480 | return=-36.22 | steps=60 | track=3cf41854d59844ce374f1e268e32e679
global_step=212480 | return=-152.81 | steps=131 | track=3795517bec22eeaf1268160becf83f70
global_step=212608 | return=-237.95 | steps=245 | track=4f02283c44b8556ff3b051c6410ea8a3
global_step=212640 | return=-139.64 | steps=130 | track=eef3053638c8528c0fc08c5461e2876f
global_step=212800 | return=-131.80 | steps=131 | track=ff92ecd9eb91404d535a814818c4a538
global_step=212864 | return=-159.25 | steps=130 | track=0095c53f874c486c3e4bcfc267cdeb6c
global_step=212992, SPS=71
global_step=213056 | return=-150.85 | steps=131 | track=b16d332bbde1a902beff0eec669c2cc6
global_step=213104 | return=-144.38 | steps=131 | track=624f3c4574771628774638b6c056e004
global_step=213600 | return=-23.86 | steps=61 | track=064d4c29043d946bb810c7a79e2fdd06
global_step=213648 | return=-150.06 | steps=130 | track=0100965b518004ebc5f6e558f1b4b570
global_step=213760 | return=-130.11 | steps=131 | track=a56cadc8e5901a00e7619f6b315c91dd
global_step=214176 | return=-136.90 | steps=131 | track=2895031d0cc1f7fb9b9f93f7237f8943
global_step=214304 | return=-32.38 | steps=113 | track=fa86f05b3e3ae663bbfba6cdee2ab4e7
global_step=214336 | return=-137.35 | steps=130 | track=060faf0e521b3ebd6c6fab1e1ee63c28
global_step=214384 | return=-55.71 | steps=48 | track=170b4a31e38124af6644ce4c52677e8c
global_step=214528 | return=-108.34 | steps=143 | track=2c6801e9bc0504a62332b0cea1f62b64
global_step=214560 | return=-43.23 | steps=154 | track=9cd9f6249a5063e28edeb53a8bc219d9
global_step=214576 | return=-141.01 | steps=131 | track=9b0ae3908207d5160b13dbfd493ec954
global_step=214576 | return=-159.57 | steps=130 | track=fd710f80f7e03c0fe9f0bf44fd47eff0
global_step=214752 | return=-131.05 | steps=131 | track=621c29949c518d572d488d587bd80a90
global_step=214912 | return=-143.55 | steps=131 | track=c07875ba01f4e8f77cb9582f935057d9
global_step=214960 | return=-155.92 | steps=130 | track=ad3c5df8969c777a57bd6648f930c1d4
global_step=215024 | return=-166.64 | steps=378 | track=1b9626bc53fcb1299520ae31aa964e78
global_step=215168 | return=-157.48 | steps=131 | track=8f7e9cdbf93bda319bd4471d635e5191
global_step=215200 | return=-149.32 | steps=130 | track=2d85a24ad5bad09e86cf93f9d9fd3de8
global_step=215344 | return=-35.25 | steps=48 | track=1e7c99d332b9a0badce2fac5e3797c3e
global_step=215360 | return=-16.72 | steps=63 | track=5104dfe35ed5a9ee06ee31394fc709f5
global_step=215456 | return=-73.97 | steps=112 | track=1ff5ed16b283e200a68f23c3e9fcd46e
global_step=215664 | return=30.97 | steps=67 | track=0530f7565e26fa7d15af6412ee626673
global_step=215856 | return=-124.91 | steps=130 | track=bb845ba3c9617c358193a859539632b7
global_step=215920 | return=42.91 | steps=72 | track=017e1575463ab8a5e7bd1fd253c129f9
global_step=216288 | return=-145.81 | steps=131 | track=ff48bbc517d9abb839e27d38be8161e2
global_step=216416 | return=-146.61 | steps=131 | track=25dce3f0837e4b99f289026cc12705f8
global_step=216496 | return=-140.60 | steps=131 | track=69c0ddd75a5655141b0d593acbf89885
global_step=216576 | return=-66.52 | steps=44 | track=a9e375dbcc550c766666d3e49735ba5d
global_step=216640 | return=-136.21 | steps=131 | track=bcace144500b2ce4ebc0bbf71c1c2e41
global_step=216656 | return=-44.56 | steps=92 | track=93f6de9afb8fb1f01ae4f0f2aed97921
global_step=216688 | return=-148.35 | steps=131 | track=15e306372e9917b4b70fe937f9954cc8
global_step=217024 | return=-146.15 | steps=131 | track=0d0a0ec470b523b7edc3482c84cc9844
global_step=217136 | return=-151.67 | steps=131 | track=0b566022fea6314f00b2c79c625bde85
global_step=217296 | return=-149.74 | steps=130 | track=b2466148b9a5c424c18b8c5f57135688
global_step=217312 | return=-73.78 | steps=146 | track=8d652a4c0dbc03d71f6723f01d6c22ca
global_step=217472 | return=-128.59 | steps=131 | track=2aedd983ef8cd89ba7aec55ec783ff75
global_step=217584 | return=-106.14 | steps=103 | track=d10fa31b3fe09bc641736916aef61a16
global_step=217648 | return=-94.39 | steps=143 | track=7d3417cf89aacb229a82c6fb47f22ec2
global_step=217744 | return=-104.94 | steps=142 | track=bc969e55e2bee1f68a8f38069bc992d4
global_step=217776 | return=-143.31 | steps=131 | track=9a431b734678a3222be05f6a00b883a3
global_step=218128 | return=-38.04 | steps=61 | track=006c8f4efe3b0d5ecc963085e65949c4
global_step=218160 | return=-89.72 | steps=93 | track=a69f15533d2f65758877a927ff5bcb5e
global_step=218304 | return=-9.04 | steps=61 | track=36b17e17ebab6820aa6f1c0f478e5b79
global_step=218400 | return=-145.36 | steps=131 | track=fbc2b3df2513bd8d5af2535cb264f538
global_step=218528 | return=-148.58 | steps=131 | track=e0c5ff11f133562383e628a20910c742
global_step=218544 | return=8.06 | steps=66 | track=6b88b704f9cadf2bd6c88341458b3df2
global_step=218752 | return=-151.20 | steps=131 | track=5b61f842fd5dda1bca96c5036562bf3d
global_step=218800 | return=-145.36 | steps=131 | track=ef78070586ccb8caff12a0ab2fd4d8a8
global_step=218848 | return=11.71 | steps=66 | track=5ba31ef3f37e85f61aa987c1e42bb1d2
global_step=219008 | return=-55.56 | steps=54 | track=4d27f5b4d3b92099557402e6a3a2d11b
global_step=219072 | return=-70.04 | steps=47 | track=89da4b54284aba061e7ac8ea2c911616
global_step=219136 | return=-133.86 | steps=131 | track=b89922e85481f98440fb556a59e8ba3a
global_step=219376 | return=-112.69 | steps=101 | track=d428236482d8510900aa641cff5ce59a
global_step=219408 | return=-145.81 | steps=131 | track=4f34fc840d95212531478fcb4d921130
global_step=219600 | return=-44.46 | steps=66 | track=2a7a1e4728e2c033079b882a64a19374
global_step=219616 | return=-62.44 | steps=194 | track=6951845c8b95f58a4176ab06b5f374c9
global_step=219632 | return=-47.39 | steps=91 | track=7039ba00ceb38f84861a8f8d28a7f558
global_step=219760 | return=-146.38 | steps=131 | track=a680102b110dd25ff966b1d3ebd16b90
global_step=219824 | return=13.33 | steps=66 | track=baadd8a26808cc00d74f6f314e9bdf1d
global_step=219888 | return=15.29 | steps=64 | track=4eeac739857d228b5f7430a759b77a16
global_step=219952 | return=1.81 | steps=147 | track=0abec48db6cecb6bf62a1257702f8346
global_step=220016 | return=-14.05 | steps=62 | track=2f298ac85854f46889c5b011078ceec7
global_step=220208 | return=-82.27 | steps=226 | track=072787ab3faad9bc87e9722913fe2148
global_step=220352 | return=-22.82 | steps=60 | track=43453fcb7c332fd960492c4487d91bf9
global_step=220512 | return=-140.96 | steps=131 | track=ddb194209ecfd4520e002cc4e1663589
global_step=220656 | return=-142.05 | steps=131 | track=32b2b7a204008b4bb16bc5fd1884e109
global_step=220704 | return=18.13 | steps=67 | track=877b901d0c4221c0ffd95c2386bf4cee
global_step=220912 | return=-146.38 | steps=131 | track=ace6e7dfe1ce4c785acda0bd565df69d
global_step=220976 | return=-89.01 | steps=118 | track=a146b8e3fa2af66209a152f69603e366
global_step=221056 | return=4.67 | steps=68 | track=7afb4a138158064d45a6b81c693a550d
global_step=221200 | return=-51.59 | steps=81 | track=e3ec3b304a44b41730a6ca6980c041c1
global_step=221248 | return=-139.33 | steps=131 | track=d15dcf4c91da337c42f432bc77fbf4bd
global_step=221664 | return=-97.83 | steps=140 | track=7c8123ae5a402c0b5802a055e574eb06
global_step=221712 | return=-63.50 | steps=45 | track=35c292e59b277fc6a26849fa70fe0149
global_step=221712 | return=-142.21 | steps=131 | track=e98778472994fdde09fcd0eeae3c58d4
global_step=221744 | return=-140.30 | steps=131 | track=c9383b0dde0f12e072931f401e732a39
global_step=221856 | return=-142.68 | steps=130 | track=c784e44633e33d1b9ef5ad5d5d93e887
global_step=221920 | return=-136.77 | steps=130 | track=3a71ccf6787570994d16b8d10397bfcc
global_step=222320 | return=-143.00 | steps=131 | track=9f8f59174bf56995e65d09e6774f8960
global_step=222400 | return=-57.99 | steps=92 | track=046a39ac70ec7825408a40f5dc90d201
global_step=222512 | return=-24.28 | steps=155 | track=7aa9a357d80fb09bdef7184e8a490a22
global_step=222528 | return=-74.22 | steps=41 | track=7fda5ba38d207b4403c160df2e2796cf
global_step=222592 | return=17.58 | steps=129 | track=875374427d09770c8ac6a94c17d07daa
global_step=222800 | return=-141.97 | steps=130 | track=7b069c272832fd6c5df1027ed73b3381
global_step=222960 | return=-116.19 | steps=162 | track=2bee32379c0e55f7afda45561f70c196
global_step=223056 | return=-23.53 | steps=149 | track=f408be93d199708dc3374e4282643ce2
global_step=223344 | return=-135.02 | steps=130 | track=71e5038fb6ceb8313b5c2ace3ea13957
global_step=223376 | return=-59.17 | steps=90 | track=f155b78219f663b8d97905c99625d27a
global_step=223456 | return=-127.63 | steps=140 | track=1dd8d468db3b8b1affa3bb47b9060e2a
global_step=223712 | return=-125.94 | steps=165 | track=9b42c093fcf3ede6ddbbcd219ab6f6b8
global_step=223776 | return=-141.53 | steps=131 | track=31b26f31a96a28286c78964ccaf4b3d7
global_step=223808 | return=-142.19 | steps=130 | track=0c11a93c3ae62b409876e5ea6accc140
global_step=223824 | return=-131.13 | steps=131 | track=1f548f6bf7c324bf446b46696bb17f4c
global_step=223856 | return=-148.92 | steps=131 | track=baeb4fa5b3dfe071a83cd718ad379079
global_step=223888 | return=13.79 | steps=67 | track=663fef6329c051147ba4389c0c51f9de
global_step=224432 | return=-136.20 | steps=131 | track=d307557272c1811d984f15105e8dddf0
global_step=224448 | return=23.25 | steps=66 | track=38ea3375f8953233bdd1a7475b17910c
global_step=224512 | return=-151.89 | steps=131 | track=0406008b18299a12e6dc5f5567a45da7
global_step=224608 | return=-150.38 | steps=130 | track=d69ae9b5868fda5bc2a170256c1d5b84
global_step=224640 | return=-147.21 | steps=131 | track=a43c6a9741daf1a6942e57bc30c311c3
global_step=224704 | return=-147.05 | steps=131 | track=ab690ff00ef072a5f4f43bc77e13adf1
global_step=224848 | return=-95.92 | steps=61 | track=4b32665cd6863c05109c24b4908da205
global_step=224864 | return=37.07 | steps=67 | track=8e14c60706e43c01f4e4b5defa1670f6
global_step=224896 | return=0.91 | steps=67 | track=2e794ea39ecf517d09c8ecf278a3c495
global_step=224896 | return=-110.80 | steps=96 | track=96f41edaf8f0181bb44f64e7496e856d
global_step=225072 | return=-158.05 | steps=131 | track=887cfe8053db6951ded7729baebf126b
global_step=225152 | return=-147.97 | steps=130 | track=961a35e606622434e30270ef128bd6b5
global_step=225152 | return=-99.33 | steps=89 | track=29744143e1693d94361a338e70dd0fa8
global_step=225552 | return=-153.37 | steps=130 | track=10d3be2a393e104b454a99842e09a53a
global_step=225584 | return=-42.10 | steps=42 | track=9fe5f8b324e72a51097ebbeaa0294042
global_step=225936 | return=-150.13 | steps=131 | track=e49233c7bc38c78ebba3862e77627df5
global_step=226000 | return=-153.06 | steps=131 | track=83e85a5d2b3aac1ed4604a878a292eaf
global_step=226144 | return=-47.72 | steps=61 | track=3d4c42e6dc3aa9dbaaac13ff26911c66
global_step=226288 | return=-53.48 | steps=88 | track=a7e588e51cf22401f30482ff1514c1f2
global_step=226624 | return=-146.48 | steps=131 | track=c92c5f5ef4f206f0b5b73d8bf61d02cb
global_step=226720 | return=-143.31 | steps=131 | track=57db83a2f67e50f15a6a47ea3308670e
global_step=226752 | return=-154.00 | steps=131 | track=ed94f2003d20b66ccebe2d60ce4af930
global_step=226768 | return=-129.61 | steps=105 | track=0bc3a3810050fb3fdd262ad88863c1d4
global_step=226912 | return=-4.22 | steps=154 | track=4aedb312bc01e774dfbc57fd02d9eda3
global_step=226960 | return=-141.00 | steps=131 | track=70e8491d99948c30874690d6023849ab
global_step=227024 | return=-142.42 | steps=144 | track=0da1a5ba8fe3be8fc571459bc2dd90eb
global_step=227072 | return=-107.07 | steps=163 | track=1e79d1785753f34fb9a67774e1944385
global_step=227216 | return=-97.45 | steps=144 | track=68e0db51bbd4b6957aaaa6e66c728486
global_step=227264 | return=-33.07 | steps=60 | track=983f20b5aad0f7c9d10eb536df03a50a
global_step=227264 | return=-144.41 | steps=131 | track=dd0b5b656e5e2b2adb2bd8d145152588
global_step=227536 | return=-121.99 | steps=95 | track=20ececcf11647fa144d0a3e092355e81
global_step=227664 | return=-133.76 | steps=131 | track=7ebee60e8b3a23f2faea241503519aa5
global_step=227840 | return=26.52 | steps=140 | track=c37036d6ce5ec3b9998b776244f15bd1
global_step=228048 | return=-152.34 | steps=131 | track=e9ee8e3418d683ea16cade214ad3db06
global_step=228448 | return=-53.34 | steps=143 | track=5f79503a3a9555c5aa9eb8ced882ac2a
global_step=228688 | return=-16.64 | steps=63 | track=cf8252b254029d5c0c03c3082c3c5099
global_step=228720 | return=-145.67 | steps=130 | track=c0247cb030c67728656ee5e6227a4135
global_step=228832 | return=-157.01 | steps=131 | track=fedf21cd63f14bb2053026dff3673b79
global_step=228848 | return=-147.50 | steps=130 | track=da9006cad21362145cac44b77b8e3f0c
global_step=228880 | return=-149.87 | steps=131 | track=8408b48c167f603c2a1eba7c8433f5d7
global_step=229024 | return=-54.60 | steps=73 | track=8a1065308357b69bfd6bc1e540eca494
global_step=229024 | return=-155.01 | steps=131 | track=1498bec2c6623af2674a5706dd776f2f
global_step=229072 | return=-148.20 | steps=131 | track=1561d3b8470b5617435e6ee0ad249ce6
global_step=229120 | return=9.87 | steps=66 | track=7f972051ae9ef8e364d17b25dd7a63b8
global_step=229136 | return=-141.01 | steps=131 | track=2cc51013240c7904ceca06eb889883ef
global_step=229312 | return=-136.56 | steps=130 | track=96d5f26f1c26f0705aa87f2fe1352b85
global_step=229376 | return=-153.59 | steps=131 | track=42e85574c5a08ed6ac6458207d549a70
global_step=229376 | return=-139.85 | steps=131 | track=8c3b55e885de0d0fe7470d7d8fc63aee
global_step=229376, SPS=71
global_step=229632 | return=-163.62 | steps=130 | track=c62e37cc15b533e64e8aa0a7cf6dab98
global_step=229680 | return=7.29 | steps=76 | track=3afb99e2e574577bff43ef3e8c985154
global_step=230144 | return=-85.41 | steps=47 | track=47db65ee3b10e4313ec0fe23c8c484e7
global_step=230288 | return=-113.93 | steps=89 | track=f19a9e8e73bdac6f04f961036b35df39
global_step=230464 | return=-122.81 | steps=110 | track=8e2354b5e5173eefd57d0578c360fc8f
global_step=230464 | return=-5.91 | steps=67 | track=e4dd01424e69390fb028d646373a7353
global_step=230704 | return=-120.41 | steps=104 | track=e7625658d48d8dec0f7069fff5692415
global_step=230832 | return=-144.63 | steps=131 | track=278286fe426ec78fa575308a74b8a12c
global_step=230944 | return=-157.48 | steps=131 | track=13f586360f7696b55a2d934cd5cd1ff7
global_step=230992 | return=-127.54 | steps=131 | track=6bcdd3deb423b3e8adb712c547440d5a
global_step=231136 | return=-162.01 | steps=131 | track=a0fc1219dce06898679f8fe52e4fd9b8
global_step=231184 | return=-146.80 | steps=131 | track=040b5d17754d0f3ab7fd93d908ace238
global_step=231536 | return=-85.37 | steps=66 | track=fd0ec84073af13cedbdf96d82a86199e
global_step=231760 | return=-140.48 | steps=132 | track=35dee274e339207c77a63b02e72fe43a
global_step=231792 | return=-152.34 | steps=131 | track=151409e0af70e2bd4c87a811f110c180
global_step=231856 | return=-39.23 | steps=158 | track=2f587b2468e202921a011ec36c7f6878
global_step=232240 | return=20.34 | steps=65 | track=ae80d68d27b6ce96438d097a895e967c
global_step=232256 | return=-149.76 | steps=131 | track=f09020786d0e02fa794b617e9b7f98a5
global_step=232272 | return=-130.79 | steps=324 | track=dff0f031e554632125542cf3f2be7cd1
global_step=232368 | return=-228.20 | steps=201 | track=9701fc690364bbb5a048e655a511ed28
global_step=232384 | return=-149.32 | steps=130 | track=c8fa2d4ea96c54c5216257de0e9a8d30
global_step=232752 | return=-29.86 | steps=61 | track=9dab42e02db1258fed298e0cdc3ffd40
global_step=232800 | return=-142.60 | steps=130 | track=90f0168870a7435b3c423c96a9a45bca
global_step=233056 | return=-132.80 | steps=131 | track=511c149b64c4e1c446b9f7e40a376a1d
global_step=233104 | return=-136.95 | steps=131 | track=bb8770d8aeca59693668a37550d3f95b
global_step=233136 | return=-47.78 | steps=47 | track=e9298c14bfeb06f5f4546c224d3900ee
global_step=233152 | return=-104.75 | steps=144 | track=389cc88ed599c16e1cf8202de208220b
global_step=233168 | return=-136.78 | steps=168 | track=515e46019d92e02a60005cc37913347c
global_step=233648 | return=-154.79 | steps=131 | track=6d480a07631f21b2f78e2bd546adfd77
global_step=233712 | return=-146.38 | steps=160 | track=b9f6d92b1464266f95199ccc646a3a13
global_step=233888 | return=-141.40 | steps=130 | track=a8b614e85405bce7a4cba8a97d0b96ce
global_step=233968 | return=-144.01 | steps=131 | track=a55e7906e875a2b5aa534954d695949a
global_step=234192 | return=13.24 | steps=64 | track=e54f76e56df1788e673afbe70eff25a4
global_step=234352 | return=-145.51 | steps=131 | track=43c9e49d8f7f7c4751b9794ac2e1220a
global_step=234368 | return=-130.02 | steps=131 | track=479a8a2ffc5aac3154428cab1d46fa4c
global_step=234464 | return=-213.12 | steps=333 | track=9bee13a20ab6ab5afc5070e822603a99
global_step=234496 | return=-151.95 | steps=131 | track=0896600953de8a26e0d1fa51a9bee776
global_step=234864 | return=-137.92 | steps=131 | track=adbea934268619ca7807ccfcca454e9a
global_step=234912 | return=-152.98 | steps=131 | track=e7757f495451c50076ee0632f9d5ea18
global_step=235152 | return=-151.52 | steps=130 | track=c981ed499a444dc21586086bc5ed4bb7
global_step=235216 | return=-182.45 | steps=183 | track=32aa253764b037cef6c5bbf913fbe791
global_step=235216 | return=-134.60 | steps=131 | track=b59fab145f79fca146fc55b8ff1b76c2
global_step=235248 | return=-148.13 | steps=131 | track=10f3e5afce691a870cb69e286d5d0408
global_step=235280 | return=-143.31 | steps=131 | track=55b99874621e2a8d9946f2fd1da4e045
global_step=235392 | return=-51.77 | steps=63 | track=d2852ab4bde03d3c3846356d1fbb0c03
global_step=235824 | return=-147.71 | steps=131 | track=72c3be1d861bfa165a539a4f24ed2514
global_step=235984 | return=-162.89 | steps=130 | track=fe98684d3d58da75a7094a2ce0559d86
global_step=236048 | return=-141.86 | steps=149 | track=3cb170ce657957a55de7aff9a19763a3
global_step=236080 | return=-139.00 | steps=131 | track=ef9b82099e5ac388c9c71f2eddeafbd5
global_step=236192 | return=-17.34 | steps=60 | track=52f09e2c8e486cad21cde1138734e508
global_step=236304 | return=-63.61 | steps=114 | track=a5a9df1499800e693f8ea306006d83ee
global_step=236608 | return=-137.36 | steps=131 | track=6fc20d68870d197f7edae48fa73ab6ba
global_step=236816 | return=-136.41 | steps=153 | track=cade4b949ad0291ffbf91b121bc20672
global_step=236864 | return=13.76 | steps=64 | track=5f8a51871229cabcb9543d924c9b8e43
global_step=236896 | return=-114.99 | steps=102 | track=e4ff77064b856c34605620671c8bb464
global_step=237008 | return=20.71 | steps=63 | track=3c64e88067e0f846b1bd5e1d927a58e7
global_step=237136 | return=25.16 | steps=65 | track=f0de55a8f13b4dce1e0773f53b3bd642
global_step=237200 | return=1.18 | steps=71 | track=ecb4f629fff6aefa1ecf32b09ac57e65
global_step=237248 | return=-145.18 | steps=130 | track=b8608a972424dc5c771b58a49c7cb06a
global_step=237264 | return=13.36 | steps=66 | track=3fdff7d19910677760a3fca23542f4d6
global_step=237328 | return=-97.75 | steps=131 | track=5d1bbd5af8be76f4596b66c5c32d2fbb
global_step=237488 | return=-141.78 | steps=130 | track=e65463fce5f2303880ad369df7dfd8e6
global_step=237504 | return=-74.98 | steps=161 | track=e8737b46bbff2231877988d73111e289
global_step=237552 | return=16.74 | steps=77 | track=83b21c686a12953db151ab0760557d23
global_step=237664 | return=-48.83 | steps=47 | track=9afb9888c06b468600b1171a586ecc3b
global_step=237968 | return=-62.63 | steps=167 | track=5ddd741abcffe3eb378a001a2e2e20a5
global_step=238160 | return=-95.09 | steps=247 | track=4b5cf50a99725ac0c7b7a0dd197d05a8
global_step=238224 | return=-34.85 | steps=45 | track=c30d4423df09eb7104acfc1c7c005407
global_step=238240 | return=-64.56 | steps=60 | track=a07b83ebb78f4b01f93cd537e61f883d
global_step=238384 | return=-94.36 | steps=219 | track=8c3ada9d9c83330b1a626a145965c2de
global_step=238720 | return=-141.76 | steps=131 | track=08a33c6ee90e4cbef9ceb72bda881f90
global_step=238752 | return=-75.43 | steps=48 | track=fad72bb5f7b48f90e010fbe9d461dda1
global_step=238768 | return=-105.93 | steps=89 | track=0ea7d228dbe0f6fbbc0eaa28cfa938be
global_step=238928 | return=-134.14 | steps=131 | track=277a66e4f3259447fc4b198efcbf58f8
global_step=238960 | return=-134.42 | steps=130 | track=be8b454d764300f92fd7154088bc9960
global_step=238992 | return=-109.56 | steps=89 | track=bdfe55d53fcc41f3ba22e308f1b20433
global_step=239120 | return=-137.90 | steps=131 | track=69d8cbfe775aaeabe73fafa5c1bda9ba
global_step=239232 | return=-28.04 | steps=62 | track=4a44d433abf87d1d0ad3bff2f51cca5b
global_step=239232 | return=-151.71 | steps=130 | track=21b0442820ffa3e7df70af6f08e7dac5
global_step=239312 | return=-148.13 | steps=131 | track=1f01608eac987b3ceb02b7692f15501d
global_step=239360 | return=-156.20 | steps=131 | track=b1b2c74b5f8f468a3dc647095aae9cfb
global_step=239536 | return=47.21 | steps=71 | track=cf45fada560ed75bf53a3a2656964e6a
global_step=239616 | return=-141.58 | steps=131 | track=077228228b10f0acf563c8b0e3739726
global_step=239696 | return=-67.37 | steps=47 | track=d4c966bff13f1731035838d5af04b61a
global_step=239776 | return=-140.61 | steps=131 | track=004f4d172dcfddc7b7aa665cd686dcae
global_step=240048 | return=-77.63 | steps=82 | track=87e8a0a50baf529764a5e549a65004c7
global_step=240176 | return=-0.03 | steps=88 | track=bde5afe1388d2bae34da78d9c76097cd
global_step=240272 | return=-63.24 | steps=93 | track=307e547e04c14df387003f4999a0db06
global_step=240272 | return=-135.00 | steps=131 | track=9bb2cd73725e1369b2ffae247302b6c2
global_step=240288 | return=-74.29 | steps=72 | track=fdf1e01cf10ce308ae83feb159f4ecd7
global_step=240640 | return=-80.16 | steps=149 | track=7e00bb7522ac55964fec9121106f160d
global_step=240656 | return=29.01 | steps=64 | track=edafdd43aaea250bfba68473e563249c
global_step=240976 | return=10.43 | steps=89 | track=3e8b95baba8bafc30d3c30448e9cbc5d
global_step=241072 | return=-156.83 | steps=131 | track=290bfe85d500e584e44b48624bc79e2a
global_step=241104 | return=-137.97 | steps=131 | track=9c5a35f3de8e95eecb24155bb728a878
global_step=241344 | return=-115.96 | steps=131 | track=6973548005f7ed094a54a112cbe2dcd9
global_step=241360 | return=-149.36 | steps=132 | track=71eab63b59f01b1221158dfbe8aa02af
global_step=241424 | return=-119.00 | steps=131 | track=86516ffce4f3666886bde91fc9bccf82
global_step=241456 | return=-140.25 | steps=130 | track=b5fc20ed7b6e3d60213c5bfb09e18759
global_step=241664 | return=-44.54 | steps=62 | track=9b579ec5e4076f6a76c72be306b1420e
global_step=241808 | return=-131.32 | steps=131 | track=b75f0985b5e9c7cd921163087fa080dd
global_step=242160 | return=-141.98 | steps=131 | track=046179c740a0c989907d67b9a100a76e
global_step=242192 | return=6.30 | steps=67 | track=a82a7ce5b8077be2d2847ee9d5d22b9f
global_step=242192 | return=-70.68 | steps=47 | track=e3e07ea48d8eb14e48ce223612117714
global_step=242288 | return=-143.41 | steps=131 | track=f38959a593af18c0d721261ea0260616
global_step=242384 | return=-129.19 | steps=131 | track=683a72daa07e1f9c6a610f1e6ae8a623
global_step=242384 | return=-146.15 | steps=131 | track=5ca8a3625427906674e92c26eedab33d
global_step=242400 | return=-148.57 | steps=131 | track=2a15120ac65bcd36d4dcfa2acb35ca65
global_step=242736 | return=-143.14 | steps=130 | track=67684a0a9365260ed2613c49c19b1f79
global_step=242800 | return=-107.28 | steps=89 | track=8737aabcd3b883776d8b09190b5e3815
global_step=243088 | return=-151.36 | steps=131 | track=3b74cc0270f965181a37d319c635ac04
global_step=243280 | return=-79.54 | steps=218 | track=b5a8d202cbc641d53a6d62a6473dbbf2
global_step=243392 | return=-7.00 | steps=62 | track=115e1872a407c1096461ea8c131ee15e
global_step=243456 | return=-159.92 | steps=131 | track=103877a3fe6dc5535a11dd5152974bfe
global_step=243552 | return=-143.60 | steps=130 | track=d204567a749b9c47d21d7943bad87ee6
global_step=243744 | return=-119.81 | steps=98 | track=a1b149c77b53165b5df968f15be209b2
global_step=243920 | return=-130.89 | steps=131 | track=6e7fa9a0feaa152ced4f5534ecc7094a
global_step=243952 | return=-126.44 | steps=109 | track=952945ea37fd79c44837cce79b4a9dee
global_step=244048 | return=-112.14 | steps=102 | track=6f26104c46c5632dbd6efb6331df3f0f
global_step=244320 | return=-4.95 | steps=64 | track=3325fdb5d2fb1a02bee0d3bed11660b2
global_step=244480 | return=-155.35 | steps=130 | track=002c1ac411de4270047fe98fc64be647
global_step=244736 | return=-119.62 | steps=152 | track=acf1b047f3d46385b980114d3f51b0d2
global_step=244848 | return=-143.27 | steps=131 | track=e1b05e45d0ca29b20675b723d1bd181b
global_step=244992 | return=21.86 | steps=66 | track=9d929695109ce2bafd384ba947cbf03a
global_step=245264 | return=-42.48 | steps=153 | track=0f1dfa7f5226ca51e630b44e6050b9b7
global_step=245312 | return=-48.62 | steps=84 | track=2833d87896ddc5711ef87f814d6cb4ce
global_step=245424 | return=-261.42 | steps=234 | track=a28a858fe491b0e699394f83274a7d27
global_step=245472 | return=-195.41 | steps=274 | track=db43424893e868c03a2b83fe1087188b
global_step=245504 | return=-137.20 | steps=131 | track=78101390a365b3e87b81fbf61b484116
global_step=245504 | return=-126.99 | steps=206 | track=3812fb5bc9d39b85f675223355da2249
global_step=245568 | return=-140.23 | steps=131 | track=6a2df9eb03d47d8d4a20c3955f2ddbb3
global_step=245760, SPS=71
global_step=245840 | return=-150.77 | steps=130 | track=537de8d58ec23c7c2dcbd90b247be7c4
global_step=246000 | return=-126.30 | steps=152 | track=4de94a71dcd43a40a46ae499a4de485d
global_step=246160 | return=-148.80 | steps=131 | track=b8b0d78313565dc0bbd0f7cc3e308db2
global_step=246320 | return=-1.26 | steps=65 | track=cf204c99a94a679de79afd4e6402fafb
global_step=246688 | return=-54.68 | steps=52 | track=7b4a8db173b56136ee6b698a49283ccb
global_step=246848 | return=-148.68 | steps=131 | track=ed25dc005b6125116fd290db8e4bc9b1
global_step=246928 | return=-172.59 | steps=162 | track=fa2c92f972c408335086f8619f533e1a
global_step=246928 | return=-108.00 | steps=90 | track=3ea119e5dda3bde0c3718a5b5f77a6be
global_step=247008 | return=-115.95 | steps=89 | track=ccb166b84ad7b0cb393efaa2268da480
global_step=247104 | return=-152.53 | steps=131 | track=3c607b4020e813e1996406b8e6e1102b
global_step=247344 | return=-52.38 | steps=119 | track=6f8369b3043a40715c036f9ebf231d86
global_step=247408 | return=19.14 | steps=67 | track=ee3cee3cfddc6509ed443da3c13dacf0
global_step=247456 | return=-143.01 | steps=272 | track=5119ee55cb651836922280fd3bf55dc4
global_step=247616 | return=-140.36 | steps=131 | track=30c85e37639e8aa333ffba83f198e7d9
global_step=247648 | return=-84.32 | steps=174 | track=5a115d05280a2683cd294a50f01523d1
global_step=247664 | return=-150.15 | steps=146 | track=8774dff3da5874bd40b3e9db9b68ffef
global_step=247856 | return=-22.46 | steps=46 | track=ec0fcf5bbf7cce356bb2e7e6fa2d1fde
global_step=247920 | return=-19.27 | steps=61 | track=4d223b62692b16932eaabf8d00ee7e41
global_step=248000 | return=15.34 | steps=66 | track=91337570c488b00ebf474c79b0f862e6
global_step=248096 | return=-149.32 | steps=130 | track=09b3f862c5c24c8b949afe6fed260bf9
global_step=248368 | return=-90.56 | steps=137 | track=77bc205081caef55f2729c755e778981
global_step=248800 | return=-165.41 | steps=131 | track=6897ce05ae72d29590e3f720e82ab1d5
global_step=248864 | return=-108.11 | steps=94 | track=94dc6c56817b9f20689d5f49a9579d98
global_step=249120 | return=-144.18 | steps=131 | track=56f3069a12482ffde419eec9bb4021b7
global_step=249280 | return=-100.26 | steps=101 | track=61bff6f6f287bd7ae290a9c412e70d17
global_step=249328 | return=-37.67 | steps=154 | track=7b2298366d25f06f6233bcf2fec9f02c
global_step=249360 | return=-107.01 | steps=89 | track=94b564162220cca86cd8eb80dfcddccb
global_step=249696 | return=-131.16 | steps=139 | track=66a3d8443271418680eb6f5ce240902c
global_step=249776 | return=-156.20 | steps=131 | track=1a2285a9efb2bb9e79ec063d67608d1c
global_step=249856 | return=-56.80 | steps=152 | track=9f5efdcd9f2fb54774881dc7054f239c
global_step=249952 | return=-146.18 | steps=130 | track=479de11fddea51becd575bf538f5e5d0
global_step=250112 | return=-141.84 | steps=131 | track=a9d6417a688757a91f7b375c705f6116
global_step=250240 | return=-57.71 | steps=359 | track=62a45e682153d47ede51f9a88c132fbd
global_step=250272 | return=-181.00 | steps=297 | track=622e43b67c3a48804c42e9e476eb03bf
global_step=250336 | return=-22.74 | steps=62 | track=7801f329eb63da1bc158ae0cac5e0397
global_step=250448 | return=-67.88 | steps=82 | track=2df974682453992df470637491d5154c
global_step=250480 | return=-163.30 | steps=131 | track=45121ef7ab0274989eb69d3d284e0514
global_step=250880 | return=-75.59 | steps=63 | track=745ab68b986dac1b66c62f6a41615a8d
global_step=250912 | return=-140.67 | steps=131 | track=0ea8bf97574b9afa9e964d351553d3b9
global_step=250976 | return=-142.40 | steps=131 | track=30087f536c62642b04e4f6d2e094f766
global_step=251040 | return=-130.32 | steps=109 | track=e6240d0c5d316870d6151e62bfdad608
global_step=251472 | return=-146.61 | steps=131 | track=014c8606817524f5411ea7b9260cd8f9
global_step=251552 | return=-192.19 | steps=215 | track=a28e38b09fff7db42dbd57a63479f175
global_step=251568 | return=-117.60 | steps=90 | track=8a982ccf3cdef5f8331b3ce53ca4ce1a
global_step=251808 | return=-151.89 | steps=131 | track=fa3446f4154d65658f7be1a9c30b70a5
global_step=251888 | return=-145.70 | steps=131 | track=af576984fbd02b5f47e587e89736dae2
global_step=251984 | return=-85.04 | steps=93 | track=ff168f7d6817772511c8b3c03df64623
global_step=252000 | return=-197.76 | steps=273 | track=6051b2b6963ff65d2df046a067f64555
global_step=252048 | return=-138.99 | steps=130 | track=e7b44d7578dcdcc21c6ff792f33ecccc
global_step=252112 | return=-9.80 | steps=66 | track=d18e866fc4a1d94e652d3c5aa87981c7
global_step=252272 | return=-69.70 | steps=44 | track=e7e4dca7319562b4b3bc94390758ff67
global_step=252384 | return=-147.95 | steps=131 | track=a31b76a6ccc38e7caf2c00fb63d07443
global_step=252560 | return=-136.71 | steps=131 | track=7a4898aed02c450ba21023b44dc0c554
global_step=252576 | return=-24.52 | steps=62 | track=97165f5d3b2cc87ba7a5861a3386ee24
global_step=252576 | return=-58.36 | steps=47 | track=628769931d81cdee0ed5ce282c4f2a22
global_step=252656 | return=-91.73 | steps=144 | track=67104a62783b7ceaf1eb320194c9978c
global_step=252912 | return=-103.73 | steps=89 | track=4472ac4124c3747d2a594a76e6af068f
global_step=252960 | return=-14.75 | steps=60 | track=600b0a57a62d9c6a4b31b985c70664e4
global_step=252992 | return=-140.83 | steps=131 | track=0490a542794c3c7b3270695127dd7f5a
global_step=253088 | return=-137.65 | steps=131 | track=7a40934944570ed69fffc47fa3d165d5
global_step=253104 | return=-12.14 | steps=65 | track=429d73b2b81f65f83fc271efc70844bf
global_step=253296 | return=-150.59 | steps=148 | track=d04e29f85eb7a2228a13d24764a5dd88
global_step=253328 | return=-24.45 | steps=75 | track=377cf398a68587f3436686607be5394c
global_step=253376 | return=21.57 | steps=85 | track=483b73912be398bf39bb95a9fd281918
global_step=253664 | return=-24.74 | steps=67 | track=52d965c38123719909f3fc7e3516a48a
global_step=253712 | return=-2.69 | steps=65 | track=7a3a52156372b5dcc334cde81759d7d3
global_step=254176 | return=-58.68 | steps=99 | track=a9f91c47f1679aa239dd7ad6dce26127
global_step=254496 | return=-139.15 | steps=131 | track=bf55bdba543b06e833583e85e4c53986
global_step=254672 | return=-141.54 | steps=131 | track=b4bd0cd99f20c71ec91d49667931edb9
global_step=254848 | return=-119.58 | steps=109 | track=035b853075b601d2b3566434abcc60f4
global_step=255008 | return=-149.79 | steps=130 | track=57e07198824763fc7c14e020f02ce85a
global_step=255072 | return=-136.16 | steps=110 | track=b97d99e160afcf10d826cba478b78aff
global_step=255072 | return=-98.47 | steps=131 | track=0e922c36131f3be360c38f283a6673d7
global_step=255120 | return=-145.00 | steps=132 | track=5b3db4017d8f8505c382a0c4f0691dd2
global_step=255216 | return=-140.95 | steps=131 | track=8905d328f3f2034bd67bc3d998089eb5
global_step=255248 | return=13.33 | steps=66 | track=ac4adc2c4b2dd3130d6f84c84ab29912
global_step=255280 | return=52.13 | steps=187 | track=7a6ac5e9142bc6f65a8ecd6af2641b5b
global_step=255360 | return=-104.01 | steps=216 | track=8085e98f734319ea4e6ef5a8093b0b75
global_step=255424 | return=-153.79 | steps=130 | track=92461994759f3685feb5785093001d34
global_step=255472 | return=-146.80 | steps=130 | track=c71947a5b2f715c8beefeff4bacb8b50
global_step=255536 | return=-59.36 | steps=113 | track=78addbc55ce706d9e7bbce5cb5bb2342
global_step=255664 | return=-32.97 | steps=61 | track=fde9c1e4dce0e2a4fa192abcfd0056c7
global_step=255776 | return=-101.68 | steps=131 | track=74e986693c4c1956aac731d2a38f1539
global_step=255856 | return=-17.70 | steps=62 | track=41d7c4c60e16ba86051e39da67ebd926
global_step=256048 | return=-38.53 | steps=60 | track=90765fd046aea5a2efd4b370910ce4f3
global_step=256528 | return=-15.87 | steps=65 | track=1015184fd9e41e891d181ce1f855fc0f
global_step=256576 | return=-144.99 | steps=129 | track=ae83bda636c9467f7212ec7710401273
global_step=256640 | return=-126.97 | steps=399 | track=60fd728c54b43ccaa4bcc096edf7cbf1
global_step=257120 | return=-148.57 | steps=131 | track=558c57bb60e0fa4cb22e4f61e90af767
global_step=257184 | return=-152.98 | steps=131 | track=0be0dceee6d21aabefdd2a51f9e1e407
global_step=257216 | return=-77.80 | steps=96 | track=2e3c4eaef6256382b0a93e11b1ca833e
global_step=257216 | return=-148.59 | steps=130 | track=3a5e63b2176031246ad3f00bd9895fd7
global_step=257328 | return=-4.36 | steps=79 | track=0f6f747c590cfaf5e573ec3b8589e45a
global_step=257328 | return=-121.97 | steps=131 | track=8f3bb88c56ebd724e18c326f0985627f
global_step=257360 | return=-141.76 | steps=131 | track=4d6d900791494d796dc9d5b35291a25d
global_step=257456 | return=-147.40 | steps=130 | track=e0e5032e0b7218b984f2a56d6616ea18
global_step=257648 | return=-144.52 | steps=131 | track=86b48f2657d9348fca53b33c191b2903
global_step=257728 | return=-45.09 | steps=152 | track=46f730107abf7d47555de01da2701f62
global_step=257840 | return=-98.78 | steps=150 | track=d2de4003ea90959baf6f0ec7c7e68434
global_step=257872 | return=-145.11 | steps=130 | track=c6479531acc9e18203a9638ae7c73e23
global_step=258000 | return=-75.05 | steps=88 | track=a2a42bf9c050fd790e6ea4fb936dee94
global_step=258176 | return=-36.32 | steps=61 | track=97f1023711549710b3e5c54c97e47476
global_step=258224 | return=-30.39 | steps=62 | track=57c675df8723f43bd138ba052eeada0b
global_step=258256 | return=-114.97 | steps=107 | track=bd8d1114e134863f2d86daafa399101d
global_step=258560 | return=-115.02 | steps=89 | track=657df7c7818b4a611a27b2a3451b22ec
global_step=258608 | return=-70.71 | steps=59 | track=72e09ce225488634097404f767688e3c
global_step=258752 | return=-140.20 | steps=131 | track=721fffcbf5c3fc08887ab560ec3250be
global_step=258832 | return=15.53 | steps=68 | track=7855e069d6685e53d874d14166b7e246
global_step=259136 | return=-123.80 | steps=110 | track=d25dcfa6d9d539597ae07c03351e1206
global_step=259168 | return=13.83 | steps=80 | track=af35290c45944a5c1246847575299136
global_step=259200 | return=-53.50 | steps=74 | track=d4ddc7ed818c7eb9ec76a4e87e0c362f
global_step=259328 | return=-140.20 | steps=131 | track=0fff076dd8d2036c970e2215a5cdffa0
global_step=259440 | return=-164.20 | steps=131 | track=23887a79fe8bbccd41e1a9499eca4fd3
global_step=259440 | return=-132.80 | steps=131 | track=dde5e193a42f6886b8e891dcfd4213de
global_step=259568 | return=-139.33 | steps=131 | track=3228a9796eea6109999b4567e8e7031f
global_step=259712 | return=6.93 | steps=68 | track=ec5ab54ef781c64dbc1a92d673deaba7
global_step=260224 | return=-140.11 | steps=148 | track=e5047d773920d0da2e928eb4024c180d
global_step=260256 | return=32.37 | steps=67 | track=3f2a662dd557282ea64f0b3fffc8374b
global_step=260288 | return=-128.59 | steps=131 | track=2b8d24264e05e74b70e98c527eb64141
global_step=260336 | return=-141.40 | steps=131 | track=be68eb8d2b77cd2880444ba4c80ded79
global_step=260672 | return=-146.83 | steps=131 | track=d0ea56d710c3a0543a32560f1e6e36ab
global_step=260752 | return=-44.74 | steps=155 | track=ac31168cfc8106c53b142becbafd0294
global_step=260832 | return=-115.44 | steps=101 | track=81638ac79f49d4823aaa78072738b936
global_step=260832 | return=-72.77 | steps=93 | track=c735b48a8475d046bed808262feffd49
global_step=260864 | return=-149.60 | steps=131 | track=3eb36d15921d3d650b4a1551d5aa1bf3
global_step=260928 | return=-152.62 | steps=130 | track=0cb4fa255ad51d1f33edf5f863121fa8
global_step=261248 | return=-138.03 | steps=131 | track=df6fb1a0b52130c70d39968f5cdab518
global_step=261424 | return=-20.57 | steps=67 | track=63d2540e48615173a2f94dd263d66df2
global_step=261440 | return=-50.31 | steps=42 | track=284e3adb471fd9292e1f0196d1af2216
global_step=261456 | return=-29.81 | steps=72 | track=5c8b94b45430559b404c099c60f72211
global_step=261536 | return=-138.58 | steps=130 | track=bec089d73477a4288b8568737d3de99b
global_step=261552 | return=-153.40 | steps=131 | track=f7a5187c639e96fe4d0c6fdb489eff37
global_step=261680 | return=-151.77 | steps=131 | track=0e4d78410871a05020967a94f89ca1b3
global_step=261824 | return=-138.16 | steps=131 | track=d34b6103822ca2a1d8dd8c886ec4ba8a
global_step=262144, SPS=71
global_step=262320 | return=-140.20 | steps=130 | track=7cc7fd9e114eef7b33a7b33303d04593
global_step=262352 | return=-145.67 | steps=130 | track=f0a7ebda954b80768955bb16bb10b4b0
global_step=262768 | return=21.06 | steps=67 | track=2a81a3b0efd15c796e65bfbf2054c3e8
global_step=262800 | return=-151.67 | steps=132 | track=113b334bf0e92b884d1f9f1151935b13
global_step=262944 | return=-148.01 | steps=131 | track=a36b32a694c95191837f4a0529a81844
global_step=262944 | return=-140.86 | steps=131 | track=944b419b07687a983aecd817924b3496
global_step=262960 | return=-147.31 | steps=130 | track=640e1fdd517e8c0ee477b8c744921d07
global_step=263008 | return=-24.38 | steps=90 | track=712bb067c405a8d97ca961239a78435e
global_step=263040 | return=-149.75 | steps=131 | track=0f01b554546c6584ccf224b29c32dc05
global_step=263296 | return=-166.84 | steps=464 | track=efce2178ce4ab97f47530175147c2b70
global_step=263376 | return=-146.44 | steps=132 | track=146e577c70be2739f43d2d785aebbeef
global_step=263392 | return=12.85 | steps=64 | track=0c7b963b870f4ea33dc666ce9056c8d0
global_step=263408 | return=8.78 | steps=67 | track=2f9ac9393ec60aedea4e826358d9c580
global_step=263536 | return=-111.61 | steps=130 | track=42a5e65bcc0dd5b1a95b54c4fbf61ff7
global_step=263648 | return=-150.98 | steps=131 | track=9213861c2d2fcb9dae9c660f812e96c4
global_step=263856 | return=4.40 | steps=67 | track=092466cf10bc2297d953fcb9d96df037
global_step=263872 | return=-52.78 | steps=56 | track=b103807de5a2bd49e0e9273bc9d515ed
global_step=263968 | return=-17.19 | steps=63 | track=3dba99708a65c5459c9b18ebe49e7e14
global_step=264160 | return=-99.03 | steps=170 | track=ea6a10486f8d3d6cedbeb5e4216a3bd0
global_step=264512 | return=-75.20 | steps=167 | track=918110c25a522938f44f92f1b66d37ec
global_step=264656 | return=42.80 | steps=69 | track=ec4cba19be9e6a3e232690b63125e7af
global_step=264688 | return=-103.82 | steps=108 | track=450a7c68bd4a822592f7bb76c7f876e3
global_step=264800 | return=-121.27 | steps=109 | track=ee28baa0baf9e95e2671687fcf4920ee
global_step=264912 | return=-153.21 | steps=131 | track=092edc6b6c3b09a2c38c3f6b77bfe331
global_step=264976 | return=-83.29 | steps=219 | track=969832f5c587df9ae4a27e5df02bbea8
global_step=265264 | return=-100.71 | steps=140 | track=b1f9134d171b515baa1d54b8fc7250e9
global_step=265264 | return=-54.17 | steps=68 | track=f10dc306a9c588ac715e1ab9f6f6c6cf
global_step=265312 | return=-48.24 | steps=120 | track=db5fef02a7767a1d7e05dc4580b233de
global_step=265392 | return=-145.13 | steps=130 | track=43b063d7eff003130c88d99c260f9fb1
global_step=265504 | return=-137.65 | steps=131 | track=d0e2115ce7f258a944acc35cd6419758
global_step=265504 | return=-152.37 | steps=130 | track=fd125a5ee39193d77f2d8ffa2927aa10
global_step=265760 | return=-124.79 | steps=131 | track=36b9614e427bf91392ff3cb15496f47a
global_step=265792 | return=-31.63 | steps=119 | track=5cfbf69224097aa1f315d5a5c68fb284
global_step=266064 | return=-157.18 | steps=130 | track=ec10b06b2211fcb1a3c1eb4c11e620a8
global_step=266160 | return=-87.32 | steps=143 | track=049af08ca8e7131bb08ee22c00a79c9e
global_step=266608 | return=-157.62 | steps=130 | track=1414e682b4401ce61ab8a2e0bbef0c0d
global_step=266608 | return=-1.78 | steps=83 | track=1cd2c1fb702012dc96960cb1a525f62e
global_step=266800 | return=-146.16 | steps=131 | track=6d180f2001ce03cac93fcdc01711e893
global_step=266816 | return=-79.59 | steps=93 | track=248b42980fdd63e769985e01d8d6ab34
global_step=266896 | return=-150.79 | steps=130 | track=d11ed673510abafdbebcbce3a6237f52
global_step=267008 | return=-84.17 | steps=93 | track=8401cddca4c4a5aa93c35622c3e1a265
global_step=267088 | return=-114.10 | steps=131 | track=4ee7b3f60e01597fc04623043db93a12
global_step=267504 | return=-143.50 | steps=131 | track=2db364ed1099e2f195fd96553c54b2e9
global_step=267616 | return=-150.59 | steps=131 | track=64738c46220fc0152aa83d57d5154f48
global_step=267872 | return=-146.00 | steps=131 | track=79c069cf2f7e3f268f52deb3645fdea1
global_step=267904 | return=-137.13 | steps=131 | track=42804dafd4772c5c379eb8f1ba5ea8dc
global_step=267920 | return=-1.81 | steps=63 | track=8005afcf0e58d0d3d5bd91244cb91696
global_step=267984 | return=-71.84 | steps=85 | track=8ad95d1d4a43654a192113d02f6dc804
global_step=268176 | return=-155.41 | steps=131 | track=b1045b83d4835170607e9b8bb582f602
global_step=268272 | return=-80.01 | steps=209 | track=cb92b06e51dd6456dfd25fb806150557
global_step=268272 | return=-136.34 | steps=131 | track=045070a4ce40c9d83e8d767b13ad3fea
global_step=268384 | return=-214.48 | steps=232 | track=5ed3641e253b861e20d80fb3b43e9ab6
global_step=268448 | return=-178.50 | steps=198 | track=87276ee747ec113cfa9a7aad253214ea
global_step=268896 | return=-11.82 | steps=79 | track=f1ff7f2a0bd2f7c3ace87aca9c935ff6
global_step=268912 | return=-151.86 | steps=131 | track=e68d6a7b24a0a417602548cdee12d4d8
global_step=269104 | return=-152.44 | steps=130 | track=bb13134a7d0b4cbb89c325a2162b8613
global_step=269184 | return=-149.51 | steps=130 | track=c27b08d2c08598ebf601fe779ca1a5e8
global_step=269600 | return=-138.60 | steps=130 | track=575d1b07b2cd58a859ddc20c3b09b655
global_step=269600 | return=-40.85 | steps=42 | track=60c3e341f49f9e84222a110dc5ce9862
global_step=269920 | return=-17.29 | steps=63 | track=185231287bce5de34eb0d1f82de04fce
global_step=269984 | return=-143.74 | steps=131 | track=9ce56880fd042b188bf58e266ff3a96c
global_step=270016 | return=-144.38 | steps=131 | track=88e5649b8c2e5e02cb3aee176f663de1
global_step=270032 | return=-132.99 | steps=131 | track=a0519e39bec50623987d83479675c3de
global_step=270096 | return=-136.67 | steps=131 | track=3debdd427cf31c52f47deb4d033cb550
global_step=270224 | return=-107.71 | steps=114 | track=8c58ed88d791e9b0e0e50d15063f3e88
global_step=270288 | return=-155.79 | steps=131 | track=361b5aafca1f6f736ee19560470f64fc
global_step=270368 | return=-143.57 | steps=130 | track=61dc50eeac838121acf2db57980b9df3
global_step=270368 | return=-159.12 | steps=130 | track=b986b33a0e1aa562d7a7c5e1754a6e59
global_step=270656 | return=8.06 | steps=65 | track=fa339279c90ee8082d66674ce6621b4c
global_step=270992 | return=-22.63 | steps=60 | track=9ec1fcaac5f976327437951f3ed4f3fa
global_step=271040 | return=-8.29 | steps=62 | track=2418660bc6301ad1761d1b7f20c62520
global_step=271216 | return=-148.78 | steps=131 | track=ea30bdcf5c37adfe9b937658e0b65e9f
global_step=271296 | return=-142.01 | steps=131 | track=0898d7001925d48b08bc75fec5030225
global_step=271360 | return=18.98 | steps=66 | track=5f11eea002b8e54c8c83481dd1d97260
global_step=271424 | return=-30.51 | steps=89 | track=c800030c13421edbf44a0083b163edc3
global_step=271568 | return=-112.36 | steps=194 | track=9f778ca8c53cad2f3edda1b49127c6fa
global_step=271664 | return=-36.01 | steps=62 | track=5369cefbf1afe6e7036cd05838221971
global_step=271696 | return=-144.18 | steps=130 | track=46dde462938d6e364807ee5690aab9a0
global_step=271744 | return=-76.08 | steps=94 | track=e6eafb7427f47a6a460bce710b6f655a
global_step=272016 | return=-18.57 | steps=63 | track=460575cc45cb68b1ca5325ac71562b34
global_step=272032 | return=-154.55 | steps=131 | track=950f6ef559f51840ccdfbc5744a7f640
global_step=272208 | return=-109.50 | steps=131 | track=849aa669cbf6bfc1b76d9cf00e822ed1
global_step=272464 | return=-151.53 | steps=130 | track=df82f74ab0fade3d3d6c31dd7921940d
global_step=272480 | return=-151.01 | steps=131 | track=cf0a8185e6fefd5a27696dd584f56fa9
global_step=272576 | return=-37.80 | steps=372 | track=820cae21f48675022ee3fd3c789510f9
global_step=272608 | return=-134.80 | steps=361 | track=d1f035c05a2d6e7acea3b188e25c0c9c
global_step=272608 | return=2.04 | steps=64 | track=4cd5582d01f6afad9fa2e566b0ba8fe2
global_step=272832 | return=-120.41 | steps=95 | track=57db91ddf8373d3fb8a845557b09711f
global_step=273136 | return=-144.92 | steps=130 | track=6626cdbcfed4028cfec7bbcd64499d0d
global_step=273200 | return=-69.80 | steps=93 | track=64df900e7a514bccfad3b98ca1021b19
global_step=273312 | return=-153.16 | steps=130 | track=b1b09912ec00e5793238a32a24aa1368
global_step=273344 | return=17.76 | steps=70 | track=c09f0c8cba851327bc8d5bdc8cd1972c
global_step=273456 | return=-147.33 | steps=130 | track=bc65060e9e3108a3226fe58fe6e77ba2
global_step=273600 | return=-77.01 | steps=70 | track=ac44bbf04a4a74718a18d15d3fc7d374
global_step=273776 | return=-142.08 | steps=131 | track=21cb2dadee7d900f2a3aab33a20cdf29
global_step=273856 | return=-153.32 | steps=131 | track=c89be79a398f1c3a49502358bf4bc02d
global_step=273888 | return=-48.66 | steps=153 | track=25ece6b9ddf44fa07a916106c0250fa8
global_step=274112 | return=-138.74 | steps=130 | track=1e73ccf1052a670e452293fbfe75b6f3
global_step=274128 | return=-156.11 | steps=130 | track=12d5867ef4f147bc2d41375261e91018
global_step=274576 | return=-149.74 | steps=130 | track=e62547d5cadec630bc072b7936f296b3
global_step=274640 | return=-99.64 | steps=89 | track=08e2b135734d302994349f2f97af7972
global_step=274704 | return=-64.83 | steps=116 | track=2a47aad342a27e2f85b0e6b27d6d5e1d
global_step=274720 | return=-138.69 | steps=131 | track=23325eb3a1e74a6152ac70f1764c3f50
global_step=274720 | return=-143.78 | steps=131 | track=0d69673fc12d57c46a405aadbe133f8f
global_step=274944 | return=-16.91 | steps=147 | track=4710ccb9dc3d23f812ce30bc679b830d
global_step=275232 | return=-138.10 | steps=130 | track=7cbb3202f956fe1747cbf4227d56a034
global_step=275440 | return=-151.53 | steps=130 | track=33cb16bf171e086701987f018711263b
global_step=275568 | return=-124.63 | steps=131 | track=e0028f5bfa58cbba2d0ce5d3cf4384b4
global_step=275712 | return=-146.37 | steps=131 | track=2975a19331a919bf8440b75726c4ebc2
global_step=275728 | return=-50.73 | steps=150 | track=fe642deb3f1a07507804b97fe820c1e6
global_step=275744 | return=-4.22 | steps=63 | track=5462c56e2da2643025f9364c3edd31c0
global_step=275888 | return=-142.18 | steps=131 | track=4cb72eec55231075b0abb8a0d57c5b81
global_step=276000 | return=-133.55 | steps=131 | track=5f2be07d2fa1329f05ea821bd4c0783a
global_step=276064 | return=-123.45 | steps=92 | track=afffc6181e665ed347e4d70f672482ac
global_step=276192 | return=32.91 | steps=129 | track=bb6daa1413be14a2a13de0f63ea992bd
global_step=276224 | return=-153.40 | steps=130 | track=5550c2b47ddf1bc1fd21701c3e5f4bed
global_step=276352 | return=-47.25 | steps=155 | track=7418970d15b11e204e50106d07e0a528
global_step=276480 | return=-41.73 | steps=110 | track=a1ac51650e483cfcb443bce0c05f4eb1
global_step=276752 | return=-149.92 | steps=131 | track=ca32a0bee35d0f9f0e50db65a0532528
global_step=276928 | return=-88.81 | steps=137 | track=31131ea3b1075dfd22850b1d25b10091
global_step=277056 | return=-140.47 | steps=131 | track=baec723699e1fb8049ec660b1250f77a
global_step=277104 | return=-1.72 | steps=64 | track=ca88427f1c794c11b3ebc9694fc6beb5
global_step=277344 | return=-157.83 | steps=131 | track=3d03d4111ca52a359d9ef11610ead49f
global_step=277552 | return=-126.99 | steps=131 | track=3313f6b897c79df5d761b009b0b40a48
global_step=277824 | return=-142.40 | steps=131 | track=d91fc7830e4812ffde7b1da58918f5ef
global_step=277840 | return=-129.74 | steps=131 | track=49699aec6f80e21b4017d5ee4e6ebed3
global_step=277856 | return=-138.40 | steps=131 | track=b9d4424bc0e34c339b873799388e8afc
global_step=277904 | return=-142.87 | steps=145 | track=d430f84b3160786571297f1cb5063457
global_step=278000 | return=-144.21 | steps=131 | track=c7b451b963f6499a3de368277828a003
global_step=278112 | return=-146.80 | steps=131 | track=b674d5e1c966ab931b28b3555ed66718
global_step=278288 | return=-140.73 | steps=130 | track=533dd735dd99f6c8dc4497071d920a0e
global_step=278512 | return=-120.59 | steps=109 | track=b16b5209157233a6874fc821612b510e
global_step=278528 | return=-66.37 | steps=60 | track=c968474a8fc0d4156fde944390e41503
global_step=278528, SPS=71
global_step=278592 | return=-147.20 | steps=131 | track=f0bdc8deebaef483ec904226872bbe9c
global_step=278784 | return=-141.47 | steps=159 | track=30ac6df4499c8b01a78d9cd7e756f981
global_step=278912 | return=-20.03 | steps=62 | track=5e0f98cd45415a76d28bd74705a00b86
global_step=278928 | return=-55.68 | steps=68 | track=cacc241cede7a702d0e362bc1574b309
global_step=279216 | return=-148.13 | steps=131 | track=0cabbb2655d34b5a192d8cc70b3edfb1
global_step=279456 | return=-95.32 | steps=100 | track=e6c9354f88e7005f6ad57ce00491ae05
global_step=279648 | return=-52.52 | steps=45 | track=316996a2d5e419f49c9862c2f1fa464e
global_step=279808 | return=-184.96 | steps=171 | track=32cad73fe38d03dffd116a40362e2efd
global_step=279936 | return=43.59 | steps=71 | track=cc9e6f7c7feb624aefb712b1ed295d86
global_step=279968 | return=-147.93 | steps=131 | track=58e4f0094b3fd4f53737138c86424eaf
global_step=280112 | return=-157.96 | steps=131 | track=94109b45624877674e6a204b29cc58e8
global_step=280144 | return=-182.83 | steps=236 | track=b97dce834fa40b9f81d1ad43754d8591
global_step=280208 | return=-148.40 | steps=130 | track=345ffe4e782d9469e743be79ecf4dd29
global_step=280304 | return=-152.26 | steps=184 | track=2aac900b07adb9907a88f0a8284b4620
global_step=280400 | return=-146.38 | steps=131 | track=e7a9189c88401c1e27624726e514ae85
global_step=280608 | return=-143.35 | steps=130 | track=6afec2472010d8433706afcb42969f2a
global_step=280688 | return=-131.90 | steps=130 | track=d5b8783e1c6c02c2afae1bf93de49152
global_step=280736 | return=-126.55 | steps=137 | track=a2f80ec20544e2f4162846bf72bc224c
global_step=280976 | return=6.15 | steps=64 | track=2881b0dfba991f71a35fd924e911aab7
global_step=281328 | return=-99.49 | steps=131 | track=d9ecf43abedb8d0f01ee842161c78013
global_step=281568 | return=-114.75 | steps=131 | track=682a5d58ef3224e4a3596c89212fb601
global_step=281744 | return=-113.25 | steps=89 | track=8e5abb5cb558dc898e14d86f88791a33
global_step=281760 | return=-137.65 | steps=131 | track=4ab951f7ff30666526c6ebc204499561
global_step=281856 | return=-133.83 | steps=117 | track=21874d0449d3c81017405a577d22c42a
global_step=281904 | return=-117.68 | steps=185 | track=a934fa74f68661b93027d5ff3e223a37
global_step=281920 | return=-150.51 | steps=131 | track=45ee30027f2b5d38b5e54bd5ca18f0d9
global_step=282160 | return=-104.14 | steps=96 | track=5dedec13e50da94c3f6ade3379a10275
global_step=282256 | return=-142.08 | steps=131 | track=de08311025674cd9d49e016ccb162759
global_step=282320 | return=-128.93 | steps=131 | track=6e57cb7dd3a3c0d519b139317935b1e4
global_step=282480 | return=-75.25 | steps=129 | track=2420a9c4b47057299de62a08e880fcdc
global_step=282544 | return=-57.05 | steps=151 | track=6a6b24d35e09af9680a9c75408e47501
global_step=283072 | return=-156.60 | steps=148 | track=a33d278a7056e40ae20e4d64eed162ae
global_step=283088 | return=-147.61 | steps=131 | track=bde6659467d8acc742ada825efff91cc
global_step=283184 | return=-226.26 | steps=390 | track=11be4210cb9dd72beead23d34aaa30ab
global_step=283264 | return=-13.53 | steps=62 | track=754da2b5a8b5196184e0f43697590d6e
global_step=283392 | return=-63.56 | steps=165 | track=195bb05393f12382e1a582439cdbb911
global_step=283440 | return=-132.80 | steps=131 | track=e0009d9718c972815e1485466395070b
global_step=283680 | return=-146.80 | steps=131 | track=da115cd862306e9285d33b44e04dd678
global_step=283872 | return=-146.51 | steps=131 | track=55b20d78184daeb09ae13cc7565fdb27
global_step=283968 | return=-145.00 | steps=131 | track=d7771b8493ab570624762b42b64a5002
global_step=284256 | return=-136.54 | steps=130 | track=114eebf22bd9474f6891c5c019730936
global_step=284368 | return=-48.99 | steps=152 | track=350720094e6fdf6f44a5c0fda0dddf74
global_step=284592 | return=-148.36 | steps=131 | track=5afa7b57b81447ab77a1601fed2975ee
global_step=284656 | return=-136.60 | steps=131 | track=bd76b206368a54a478c4d1057f4fdac4
global_step=284880 | return=-94.33 | steps=159 | track=6c9a2a15ee33d0f228d556a94c0717cc
global_step=284880 | return=-131.74 | steps=195 | track=aba89f9a65804980f1fdcc4eea24c6d8
global_step=284944 | return=-31.99 | steps=60 | track=fba2430eb68921dce7e690807cdf3fa0
global_step=284960 | return=-75.02 | steps=105 | track=3b029836f66f436a3f5d251a872539f4
global_step=285200 | return=-138.16 | steps=131 | track=7b9d776c8b968cecf9536363b0a9a585
global_step=285296 | return=-156.07 | steps=131 | track=f7b6230e0de0f8c2b3abb00719b18691
global_step=285504 | return=-137.65 | steps=131 | track=1ff8a9563b4993e987e69847c62fbc4f
global_step=285552 | return=-144.18 | steps=131 | track=14fc882474f3c8b7243a0e18901fdab6
global_step=285744 | return=-171.28 | steps=239 | track=5069995b1ca171f7c82a0456f7bf7fbc
global_step=285984 | return=-51.95 | steps=42 | track=7459ff3cc7e35eb2ed630c26d342d1e2
global_step=286208 | return=-57.40 | steps=62 | track=528944de5aaed79a22ba9c7b08e98662
global_step=286352 | return=-142.58 | steps=123 | track=85822891df122bca557a6e8ffc3bdf00
global_step=286368 | return=-145.23 | steps=131 | track=8567c471906795b774c812489bb16704
global_step=286704 | return=-146.19 | steps=131 | track=25abc9eba2bfa5269c623f6764a1afc5
global_step=286752 | return=-148.58 | steps=130 | track=a159047682b941aa824fcb428656ec84
global_step=286864 | return=-133.12 | steps=186 | track=ddf444d7be961fdd5d0b857b22136b9a
global_step=286976 | return=-149.10 | steps=130 | track=aab8437a5712feb4b57269332a769d68
global_step=286992 | return=-155.41 | steps=131 | track=002cc094d75896315c17d444ea29367e
global_step=287056 | return=-144.57 | steps=131 | track=758a0776fbd83bd45cd93573d47be895
global_step=287072 | return=-149.60 | steps=131 | track=614babef0083ee2da95dcf6cac2b3973
global_step=287088 | return=-63.76 | steps=45 | track=4bbb12be43f9b05fcc7a67d6923c109b
global_step=287408 | return=-56.21 | steps=103 | track=881a6ffe664e2257e5be200e47c7d5ce
global_step=287440 | return=31.53 | steps=66 | track=5c2831f09c3ad59726654d5777a1309f
global_step=287536 | return=-70.57 | steps=48 | track=35207bf5315c9e6c5c6e00162a456fa6
global_step=287616 | return=-152.30 | steps=131 | track=af97087c121d69bb5154aacb03797031
global_step=287664 | return=-136.71 | steps=131 | track=73900ed4df8721572505212c0fbae450
global_step=287872 | return=-23.05 | steps=62 | track=d04999fb5a8f1c02481a9ab320785ade
global_step=288096 | return=-139.88 | steps=131 | track=26051cf87fe4c78ad339c8738db50a1f
global_step=288096 | return=-63.79 | steps=42 | track=65c8dd19a2c2870a00152032b299617b
global_step=288224 | return=-67.21 | steps=48 | track=a58a6fced9733ddecc3b6bc2bf778314
global_step=288304 | return=-145.80 | steps=130 | track=a8686865a1f74516807dc16ed189e15e
global_step=288400 | return=-28.81 | steps=45 | track=ec0dcd7d12efe263a8b88c2e29475a7d
global_step=288752 | return=-247.91 | steps=316 | track=fcc2518e2aad11fa7139dd80476c4ab2
global_step=288800 | return=-146.38 | steps=130 | track=2d6e6cc6b0993a9190bf99ab54359b7e
global_step=289024 | return=21.99 | steps=71 | track=671b1b25cbee3989f82c838d8316c799
global_step=289104 | return=-137.39 | steps=131 | track=232d21e6847652e558094db3dec0999c
global_step=289184 | return=-162.67 | steps=131 | track=ee1359f40c71146b15d0c3c7d9b2eba0
global_step=289648 | return=-219.23 | steps=410 | track=8a482cd63b263b282627250b770196a0
global_step=289728 | return=-144.79 | steps=131 | track=8259181dcb66923422041d0ffcfb8c1f
global_step=289856 | return=-156.82 | steps=172 | track=6e3f995bb1320df24de10486c366e5e0
global_step=289936 | return=-123.01 | steps=149 | track=4e29468870d783d5ec1834c07d1c02de
global_step=290048 | return=-17.29 | steps=63 | track=b4b3d04095bc96060ef361aed454d7c1
global_step=290176 | return=-110.49 | steps=88 | track=835fbdf1250c89a715be189900fa275f
global_step=290336 | return=-131.39 | steps=131 | track=909822c035772e1eb55aa36a073398a9
global_step=290416 | return=-138.91 | steps=131 | track=99cd83b37e3422f0aaf5128c056d5679
global_step=290512 | return=-152.71 | steps=131 | track=19eddadabc93c211edb08bdb1f5d7277
global_step=290784 | return=-162.03 | steps=167 | track=5d52b7dad7bf630b2e94d7ec608a9e49
global_step=290944 | return=-182.05 | steps=242 | track=cad5f84e30921d8c7570a9913d33c465
global_step=290960 | return=-124.41 | steps=110 | track=7146b32416d6d9fa12cabdb63e73edf9
global_step=291568 | return=-49.19 | steps=153 | track=21fc719959ded401814b0da443c6d93a
global_step=291728 | return=-35.62 | steps=182 | track=0184fd1766a461db380899b60ee31e5a
global_step=291760 | return=-133.87 | steps=131 | track=87f6b586de1d9012ee0b1c27e1e61ea4
global_step=291840 | return=-148.90 | steps=131 | track=40dff98e9f63264df6ff7c70ae88cf41
global_step=291936 | return=-29.28 | steps=61 | track=4279788309fa04ac68565cb0fb6c84e5
global_step=291968 | return=-145.73 | steps=131 | track=53abb318c247a05b57977cc1af9c11b1
global_step=292048 | return=-106.31 | steps=131 | track=e71446efa71a9652157b93420929faa8
global_step=292144 | return=-147.33 | steps=130 | track=6826e9801eeb5684f2a39b7270ef0f57
global_step=292272 | return=-87.44 | steps=330 | track=8c298e8753442a253a2ee1673847fee3
global_step=292288 | return=-133.63 | steps=131 | track=d42a02c62ed96f83b58c865e3e6bf94f
global_step=292512 | return=-138.58 | steps=130 | track=bdaab463c15352b59f96cc45aeadc920
global_step=292624 | return=-139.98 | steps=131 | track=f1f679681a55a9f1919a8ac6ce2979c0
global_step=292896 | return=-134.51 | steps=131 | track=4d2a18be1f813e342f29d6ab93336f34
global_step=292944 | return=-93.56 | steps=162 | track=00627a072633bc53589d3c3b0ea8a58e
global_step=293056 | return=-149.80 | steps=130 | track=f957cdb5865d5dcf1102ec7fcfa6740f
global_step=293184 | return=-4.01 | steps=64 | track=d683bded9ce669efa5548b526a8096de
global_step=293200 | return=-45.72 | steps=42 | track=e6bea2fa26d65038cc88ef94639e0be4
global_step=293344 | return=-43.52 | steps=93 | track=836a3dd3bf1f9e51d42c45a3f4715c17
global_step=293424 | return=-78.27 | steps=92 | track=bf46962e5af663cfa17d3b76b76da0d7
global_step=293840 | return=-140.23 | steps=131 | track=75dda0133f2c0c232fa07d96020ecf76
global_step=293856 | return=-117.01 | steps=97 | track=a42ba059ad0c4b3dfa04260144a3a394
global_step=293872 | return=-138.80 | steps=131 | track=bd2e52f9e31c38892e6a16880a179247
global_step=293936 | return=-134.18 | steps=364 | track=90fa9379cd1c91d41172208c5605971d
global_step=294080 | return=-136.71 | steps=131 | track=111c1fd4840deaf829eb60dbf5bf8e0b
global_step=294208 | return=-19.86 | steps=63 | track=c53cffef389aa0bb8f91186f550f10af
global_step=294400 | return=-49.09 | steps=90 | track=bddf32b99146fe568b797cd5c1a03a39
global_step=294400 | return=-133.08 | steps=176 | track=609b51f075b4e917e3b5ca72159db287
global_step=294592 | return=-88.43 | steps=144 | track=59d188be33a926e3476679285a0779ca
global_step=294800 | return=-113.60 | steps=135 | track=32ccdbbbb41ced304b4ea15c5330763e
global_step=294912, SPS=71
global_step=295008 | return=-171.27 | steps=131 | track=3f06f4f97980db3e2eca9db33cf95bca
global_step=295312 | return=-145.94 | steps=131 | track=b25bf45f15a7deffa67038484e9b693e
global_step=295312 | return=-67.48 | steps=68 | track=f7e61436b387c73530053a83c912baa7
global_step=295424 | return=-10.27 | steps=63 | track=3863716385f9cbe18e9943cf247d7d5f
global_step=295456 | return=-147.93 | steps=131 | track=5bb78756db726957cfdafe179fbec0fd
global_step=295808 | return=-92.06 | steps=148 | track=ce0ded7a0395edc8dbdc05f1b8cdc41f
global_step=295952 | return=-97.49 | steps=131 | track=9694b5588647befa9cf161f6d2ea1681
global_step=295968 | return=-149.00 | steps=131 | track=7e3c25df40cb9ad44843277c7f146b68
global_step=295968 | return=-145.98 | steps=130 | track=165c8f14e0004e18a2bdbba59c263aa3
global_step=296032 | return=-85.74 | steps=89 | track=1e018451963428aad3790cecc2d66634
global_step=296048 | return=-145.61 | steps=131 | track=efbd462c7b602510344d10720fec3108
global_step=296080 | return=-187.93 | steps=251 | track=8c29de7221d80a93e96d156d4fe1f53f
global_step=296384 | return=174.29 | steps=123 | track=1a4479aaff4919c9990d1f2a5fee87c1
global_step=296416 | return=17.66 | steps=68 | track=bd426a98f91081a62cbb695281a7c022
global_step=296416 | return=-101.90 | steps=209 | track=e58e87c5fb124ac9dc097df5f13f6f62
global_step=296576 | return=-90.02 | steps=155 | track=7492742b1db3b5d20b3411ccf8df8ece
global_step=296768 | return=-67.78 | steps=45 | track=6a087465b4000cbbc1d6c58c67a64dbc
global_step=296896 | return=-18.69 | steps=67 | track=41c70b0b187aa1e17423641af58d00f2
global_step=296912 | return=-137.46 | steps=131 | track=a3a2e7bc48c1f61adef4646c15139b0d
global_step=297120 | return=-167.01 | steps=131 | track=b023917fdc8bdb8ddecd9a7f632751de
global_step=297424 | return=-142.21 | steps=131 | track=9e94875976eb548cd87a7d1b1e70648b
global_step=297456 | return=-5.22 | steps=64 | track=60d120169b863a3c1bfe17d8d2eb7204
global_step=297520 | return=-113.05 | steps=130 | track=c5f560ecfcbc1e419ca9ae8749f9033b
global_step=297664 | return=15.60 | steps=67 | track=f396fb39fc88286385bba430d83f0a8a
global_step=298064 | return=-135.16 | steps=131 | track=ef27b42b60f6dbfe0b8a725f7b864fa4
global_step=298144 | return=-158.35 | steps=130 | track=9d40c4ad01b5d5ad2c96bcab1b8318f8
global_step=298304 | return=-38.18 | steps=73 | track=2040ca5da6b796b33f9e7b0a844d8c2c
global_step=298448 | return=-30.99 | steps=154 | track=90cb1faf0f3724bd7f4e156b262faa5e
global_step=298448 | return=-63.43 | steps=48 | track=a6f6a2ac6fa4381ccd52ace7d90aa6a7
global_step=298448 | return=-108.01 | steps=147 | track=849ee5c2f692d51dd2b0075e47c5953b
global_step=298480 | return=-45.22 | steps=156 | track=74c0977d0bc5980364a3fea6b379e0c4
global_step=298736 | return=10.94 | steps=75 | track=d46e9ab2a7f561471a44fa1d7892b9e2
global_step=298768 | return=-75.34 | steps=146 | track=0c5826fbbd3c95ee39b07eea197550a7
global_step=298880 | return=-140.45 | steps=131 | track=e7a04431945e5b7db37e1b0531fd3b19
global_step=298880 | return=-79.81 | steps=155 | track=6e9b4f835d771cfaeacba3ff5fcb91a1
global_step=299008 | return=-152.15 | steps=131 | track=6821e998d4e230c26e457a88a66b4738
global_step=299024 | return=-141.53 | steps=131 | track=25c2aa3983969cb8139cd4ec13ba3282
global_step=299536 | return=8.60 | steps=67 | track=4854bb4e92b10f4eb2f7283aed6f1b87
global_step=299536 | return=-150.51 | steps=131 | track=fbafe4fb105316a93bbb1377878dcf17
global_step=299584 | return=-144.23 | steps=132 | track=1b8d1fa7d39d3a88ad81119a95887531
global_step=299632 | return=-130.99 | steps=260 | track=ba82bd75a9e8fd77e60b27255a3e1b5f
global_step=299696 | return=-114.09 | steps=96 | track=d5e9accad142cdc32f3670e428b3c62e
global_step=299840 | return=-50.76 | steps=66 | track=e905d7689dd8711ccd14fc0bd13587fb
global_step=300176 | return=-134.51 | steps=131 | track=0f96a3ae45adcc0c1b8adbdc40e742e4
global_step=300544 | return=-149.70 | steps=130 | track=f916403af0dea65eb25d23cd8bf7b773
global_step=300560 | return=-154.72 | steps=131 | track=23d8c643471d4acca37ebc83c7647bb4
global_step=300592 | return=-161.56 | steps=131 | track=631599154313f1777e71cf74250578b7
global_step=300832 | return=-137.70 | steps=130 | track=367deb9a071bb1921c131e78eec440ca
global_step=300976 | return=-112.76 | steps=89 | track=effe43d96c5619987064ae98c3b99a8c
global_step=300992 | return=-144.04 | steps=131 | track=3fa9465a642bc832f2e88a4d14fb4deb
global_step=301104 | return=-149.51 | steps=130 | track=21da357a50a814ff208cdc69416ed67c
global_step=301120 | return=-142.93 | steps=130 | track=3cf80c578bcc928096fceed6032ea043
global_step=301168 | return=-103.37 | steps=142 | track=9a4569bee0966eee8b1346af8da25787
global_step=301376 | return=-28.94 | steps=74 | track=4079362165ffd16c4b8a9b6b36113962
global_step=301648 | return=-145.07 | steps=131 | track=1307abb2d0e436fa679fc7ecd09bd6db
global_step=301696 | return=-141.98 | steps=131 | track=b6a9e35721581703d7b91365b36033ec
global_step=301744 | return=-136.46 | steps=131 | track=b5dee9294bb3a98c80317431597a2f1f
global_step=301808 | return=-146.01 | steps=131 | track=29e0868dd38bcfc37aa4a9876aa4ec86
global_step=301840 | return=-163.42 | steps=220 | track=4170b34b64e4debfc3b5437aedddf14a
global_step=301952 | return=-135.45 | steps=131 | track=1502014b7f8a7af14d7b9ea0b74012b0
global_step=302432 | return=-107.71 | steps=89 | track=71d31795e75d9964b1b492bfce151767
global_step=302432 | return=-71.09 | steps=45 | track=340d900014a0419dfedfa38782589cb5
global_step=302576 | return=-61.79 | steps=91 | track=de67a0b42fcc406ef935a1b93162eac8
global_step=302608 | return=-109.19 | steps=89 | track=564757ab9b85739a95f3b645c175430c
global_step=302672 | return=-117.14 | steps=131 | track=64fe14974e5e7e86932d56800b2193ee
global_step=302704 | return=-146.83 | steps=131 | track=061c9486ad5e38ae7ac82445d936bd62
global_step=302928 | return=-108.56 | steps=130 | track=e7088beef3c4dd989af9365fe54ba611
global_step=302976 | return=-8.15 | steps=63 | track=c7cc0deef8e81895ec42c5dc3411363f
global_step=303152 | return=-119.12 | steps=93 | track=4010c85fd15720c36a5cc8536f8e0d4b
global_step=303216 | return=-165.82 | steps=130 | track=bb2b905c32d8dbaccadd3b057d0955d5
global_step=303328 | return=-34.27 | steps=173 | track=2adfe867b320d57b167e7f694ae57239
global_step=303488 | return=-145.29 | steps=131 | track=2f63e858e183f7eaa46c06b71393fb72
global_step=303648 | return=8.06 | steps=66 | track=8043e7107325262ac6237153f0b94961
global_step=303920 | return=-147.49 | steps=131 | track=9ee3f3860309f37335a474b9631472f1
global_step=303952 | return=-140.80 | steps=131 | track=c7932d16dd7e834ca18a0819cc44edf9
global_step=304048 | return=-85.20 | steps=143 | track=fafa806e2a16e5748b89b11a9fa6bdb7
global_step=304144 | return=-68.59 | steps=91 | track=0d32ba7279f55f53a000a817f59f1095
global_step=304400 | return=-1.94 | steps=66 | track=e3e3edf25079a7fc1a079db9d6c03975
global_step=304528 | return=-147.79 | steps=130 | track=684dcd7fe3b591f5bd63396afe82e602
global_step=304560 | return=-150.20 | steps=132 | track=2cca3e4994b3e74e685a685a30f6ad9f
global_step=304720 | return=-155.38 | steps=131 | track=61c200b1020102afdff69a6789091bc6
global_step=304800 | return=-138.74 | steps=130 | track=60185b17d71f8614f7a979601c99d11b
global_step=304800 | return=-12.06 | steps=71 | track=b0a5765b7bff30b460490a42982a0dc7
global_step=304896 | return=-112.81 | steps=104 | track=b8c507036e70d7953e75a7e8464392f9
global_step=305040 | return=-143.53 | steps=131 | track=a4c3040ae2405b851e28166979796ba3
global_step=305104 | return=-144.46 | steps=132 | track=9e3e93f3a314818f7cbbe0b7d63655d0
global_step=305264 | return=-118.24 | steps=110 | track=347d5a50b388d3817975789186a998d6
global_step=305312 | return=-76.48 | steps=48 | track=c626d7c60fb3192507d02f7cc37c8b10
global_step=305344 | return=-64.87 | steps=86 | track=e1f777871b8f7c594314cbc65841dffb
global_step=305472 | return=-121.34 | steps=88 | track=85d49988201cf89d5b07bb29893bf332
global_step=305568 | return=-57.01 | steps=47 | track=901a85b34b8e279c686d24c0e67f5777
global_step=305616 | return=-150.04 | steps=153 | track=1e98d51229f1b4d965546cb6813038ab
global_step=305712 | return=-35.88 | steps=61 | track=f74aaa5faec337586d510647195e35dc
global_step=305808 | return=-59.92 | steps=47 | track=bfe344123af7b00751bc7f9afa2d8848
global_step=305888 | return=-70.38 | steps=122 | track=569b0f6c090eafc15c9bc1155cb99067
global_step=306112 | return=-15.06 | steps=62 | track=1df9177d85f6d66f9ca7d839fb5a8bff
global_step=306256 | return=-127.49 | steps=115 | track=8cbf5bb6d6648aafb58769ae42054802
global_step=306256 | return=-128.41 | steps=131 | track=a648418f876f60d60e63fdad1489c38e
global_step=306400 | return=16.09 | steps=65 | track=50df2c978911f25ae708468ee33dd5e4
global_step=306672 | return=-160.91 | steps=131 | track=ce7f2c977a58169cd36996fea6dbfebe
global_step=306800 | return=11.93 | steps=67 | track=b4d6438afdf4380062e71c8d0bb02b07
global_step=306816 | return=-78.87 | steps=364 | track=86f9ba136422981f96500defc237db9b
global_step=306960 | return=5.29 | steps=66 | track=c8e09c14669aa5343e0797be639852be
global_step=307008 | return=-133.87 | steps=131 | track=bc3b6ac40a36a150f02edd71726cfbca
global_step=307200 | return=-106.58 | steps=117 | track=91ebee78757953383716f9079ddaf607
global_step=307248 | return=-68.26 | steps=152 | track=32aebd5644253d7e7719a411ea5115fc
global_step=307264 | return=-18.20 | steps=62 | track=682497f5098a3780caf742be223bd6b6
global_step=307296 | return=-3.70 | steps=107 | track=350b2b775d1fa2c7fa6205221d0909e4
global_step=307376 | return=-140.67 | steps=131 | track=a144a417c66d7568c2c37ae8210b3a65
global_step=307392 | return=-37.09 | steps=61 | track=76d9fc1688a5558b9e179771a88f1df1
global_step=307552 | return=-56.34 | steps=129 | track=a543d802825db6f3636db58c2463e89e
global_step=307776 | return=30.28 | steps=68 | track=6614e2a70ca86ea2ccbbe3f5fc0c7da7
global_step=308064 | return=-106.21 | steps=78 | track=bc55a40418bd88d619eac86b3a9cfa97
global_step=308144 | return=-51.52 | steps=47 | track=db0acd86a9152e6aba62ce9f1222cd8d
global_step=308144 | return=-34.85 | steps=157 | track=948dbe1beded1f523585a2d950003528
global_step=308224 | return=-155.98 | steps=131 | track=10fe288d57b69aa2333ea5b92e86e97e
global_step=308368 | return=-141.33 | steps=131 | track=899fcb1c4b1acb934fcc933942004664
global_step=308432 | return=-8.32 | steps=64 | track=d5a152f3ac59d2d31263756672772ef5
global_step=308928 | return=-145.23 | steps=131 | track=140b35b343676798f26ba9c55a9ddb6e
global_step=308992 | return=-193.11 | steps=198 | track=abf62a7e346c595206e2611c5c16ef65
global_step=309040 | return=-77.01 | steps=111 | track=f12f952e1e9a7afcc93eaac40fd25dfe
global_step=309072 | return=-157.45 | steps=131 | track=315a88f83e15531d9574b947e02e3b8b
global_step=309376 | return=-141.27 | steps=131 | track=4b033af86cc802932aa5433285db155c
global_step=309408 | return=-4.41 | steps=64 | track=b6843f22aa87686f7645ccbb806a3fb6
global_step=309408 | return=-153.62 | steps=131 | track=b85ed82a8b88f3485af046374ec89cf3
global_step=309568 | return=-67.17 | steps=93 | track=59f2fe307c82ed86b134d4c221aa3f08
global_step=309664 | return=-104.56 | steps=89 | track=ef8c6d4155ae544ca7531dde46b9fd0c
global_step=309664 | return=-143.09 | steps=131 | track=8cc209c008a9f3921fec770fe111811b
global_step=310096 | return=-98.56 | steps=144 | track=9df69d81f93dfe392df08e2bb8376777
global_step=310160 | return=-61.13 | steps=67 | track=285978ba5e48189123b8425dfbbf1e83
global_step=310256 | return=-104.06 | steps=131 | track=c67c73782cd8b1f8c38e7ceeb5ad7253
global_step=310256 | return=-152.89 | steps=131 | track=0f91d287e1bb1315ec40f5e5f9f962eb
global_step=310480 | return=-103.33 | steps=89 | track=f8f9b2087a8f51a9512d729ece457e8b
global_step=310544 | return=-140.01 | steps=131 | track=66a038891847fa265036abaf05f3a37f
global_step=310688 | return=-72.03 | steps=229 | track=a9055d232693b03953ed7a84b4b0a838
global_step=310800 | return=-170.50 | steps=224 | track=b5d8c7c4e03002d72887ef7f382bebcb
global_step=311040 | return=-149.91 | steps=131 | track=009a8614d59c8f879f7a705006dd3442
global_step=311104 | return=-152.53 | steps=131 | track=d3f0089f71a8fc4eed1962b767c48b59
global_step=311296 | return=-8.95 | steps=64 | track=020d81a34884120d88d93fbf1bfe826a
global_step=311296, SPS=71
global_step=311504 | return=-151.20 | steps=130 | track=e3ecd360109877a23e925509ade8430a
global_step=311520 | return=-143.73 | steps=131 | track=2132bb1cc87d79e5354d001234520f9a
global_step=311552 | return=-90.77 | steps=90 | track=1761808f55280937b4c864382d674b83
global_step=311680 | return=-147.93 | steps=131 | track=b5f3b8e614d7a561305fb9287bd8dd1a
global_step=311760 | return=-155.35 | steps=130 | track=c8287a28cd06326867ce3be38a6deae6
global_step=311776 | return=-150.88 | steps=131 | track=5539f02ecad810ab269f2df7660561ec
global_step=311792 | return=26.50 | steps=68 | track=50e8bf3370ec1011fb5886638209b875
global_step=311808 | return=-54.79 | steps=151 | track=fc912cb790be2ace86307b5e91b517cc
global_step=311808 | return=-45.92 | steps=102 | track=d50aa410f817924af1014ef070a1e58f
global_step=311968 | return=-112.13 | steps=92 | track=28b98c1e24f05c271bf83a8229d800c2
global_step=311984 | return=-107.99 | steps=89 | track=3ebe6fd5a351fd09d838010b1bfd6859
global_step=312192 | return=17.31 | steps=86 | track=b1bddd022b01ff7c8e364b0d3fb9918d
global_step=312240 | return=5.43 | steps=70 | track=eb6c6db1c5764fc56a2cee001d7a9142
global_step=312480 | return=-42.28 | steps=138 | track=33f14f434a009d9f800fe3e4f8c10021
global_step=312720 | return=-47.91 | steps=59 | track=c660ecbe7d4c1a3834e2d146ebcb6ff2
global_step=312816 | return=-65.48 | steps=94 | track=bfaba55136e3d55fd0dbb3a2e68d9ce3
global_step=313136 | return=-143.60 | steps=130 | track=17992a405e8d10aab877c840085a13ed
global_step=313568 | return=-78.67 | steps=98 | track=5dff3c27573cfb8c99cc0d3d8ac7a97b
global_step=313616 | return=-136.90 | steps=131 | track=ad0e8b7af78c104a03684ace1e64261b
global_step=313632 | return=-145.20 | steps=131 | track=aef43525c01a35055fee0ceb6e11a727
global_step=313664 | return=-150.78 | steps=131 | track=cd8f44093d51f09a13031161ce13c193
global_step=313760 | return=-27.83 | steps=64 | track=61b45667677869adb1f8c1d8efd52d56
global_step=313904 | return=-154.81 | steps=131 | track=9ceef2b9bf125bf1969e598c8e294a3f
global_step=313904 | return=-111.90 | steps=130 | track=19a2149436ecaf262ddba43c831b6ec6
global_step=313920 | return=-140.20 | steps=131 | track=bf2b17509b05902c329b7a4b4f414aa8
global_step=314048 | return=-126.72 | steps=147 | track=0177cd148c74edcd4880010e71ea89d6
global_step=314080 | return=-141.21 | steps=131 | track=2d54e43958cb8a424ef58f94aa8016d1
global_step=314096 | return=-131.60 | steps=100 | track=0276d8cf548eed4a97e1a43d6fce673d
global_step=314352 | return=-148.13 | steps=131 | track=101f826d9d599fafe436da8c1f21886e
global_step=314448 | return=-76.30 | steps=42 | track=fae262b932d8df7dda394cf33b910e0e
global_step=314496 | return=-94.29 | steps=169 | track=4d1446bc80e1a49cbd23ea5959f0cfa3
global_step=314512 | return=-19.00 | steps=54 | track=d1416d0b1956503cd198a1d2d7e83110
global_step=314848 | return=-67.45 | steps=47 | track=07eaf45b429ca8497631ce592fed0d7f
global_step=314896 | return=23.48 | steps=61 | track=5d88e996251b9f2a6c8f07d9e41d062c
global_step=314928 | return=-138.40 | steps=131 | track=207a916f4056e770d6671c8b134a4c86
global_step=315152 | return=-82.33 | steps=65 | track=3496fd75d3e168ec46e2a5359b743c4e
global_step=315152 | return=-184.68 | steps=184 | track=8bf2599c8ec4916a9a9cc54faa409b39
global_step=315248 | return=-125.51 | steps=131 | track=2ecb95df03995e7773760b501a60bedc
global_step=315264 | return=-38.19 | steps=47 | track=4aafe147ccf61bec77ca710652c4322b
global_step=315504 | return=-12.89 | steps=65 | track=6738a8d66921cd6223459694c70636a5
global_step=315504 | return=-51.36 | steps=61 | track=b7bee81e08dc37b1028d3a82d906a5dc
global_step=315680 | return=-139.07 | steps=131 | track=95728ba1760f54a7352810543d0e59a6
global_step=315776 | return=-155.79 | steps=131 | track=288007e4ccad21e4050bc19de192c867
global_step=315920 | return=15.82 | steps=66 | track=ca843cfc9b2b6844db974c22d015c0bb
global_step=315952 | return=-73.39 | steps=145 | track=49b949bdc37d65d29ec2a70e1c7bd4c3
global_step=316016 | return=-151.67 | steps=131 | track=d89cd610f19ec166e4e280abdd3816a3
global_step=316032 | return=-160.25 | steps=131 | track=2f66777116197fcaa14b42f0e1b608e5
global_step=316144 | return=-152.19 | steps=130 | track=14379d96abf10abf0bbf508e560ae0cf
global_step=316176 | return=-37.80 | steps=113 | track=97d3564795c38a570747322816b811cf
global_step=316352 | return=-7.23 | steps=67 | track=06b883048b7c5cc09093c4fbd361457b
global_step=316816 | return=-16.42 | steps=64 | track=93d331ca1413f825bc565e31c3489933
global_step=317008 | return=-138.16 | steps=131 | track=5e2c42ca7747827ccefb14cccadfe0f8
global_step=317024 | return=-150.24 | steps=130 | track=828c79a6698313dbc657bafde6c6f022
global_step=317248 | return=-142.68 | steps=130 | track=4309f0846d7f1997688c342025439ddb
global_step=317248 | return=-143.82 | steps=130 | track=fc48def8fe2dde254ea851f2dbf4d289
global_step=317440 | return=-134.33 | steps=109 | track=5905a69a99ec357580cafce1ce8d36e9
global_step=317520 | return=-101.18 | steps=141 | track=621f5cabe527e667e9878b0fae2bf02e
global_step=317616 | return=-151.06 | steps=131 | track=10dc84ba9819845a01597d88a81a919b
global_step=317888 | return=-24.08 | steps=148 | track=3364943e49308d42de01b57080175bcd
global_step=318032 | return=-139.61 | steps=125 | track=d9776b0d465efde968298e2686e30a6d
global_step=318064 | return=-129.36 | steps=131 | track=160543935e236c9f3e89b2938ac297bd
global_step=318128 | return=-61.22 | steps=42 | track=dac3bba8d0931544202ea135f7b3c246
global_step=318256 | return=-136.34 | steps=131 | track=c3eb80598ea0cd20ff3414a72bf9d047
global_step=318256 | return=-82.67 | steps=145 | track=79430d2f98637b21b3f72c301dde7822
global_step=318480 | return=-29.19 | steps=91 | track=8a22480ac9c98f0c347f09fa0e8d8d8d
global_step=318656 | return=-40.23 | steps=87 | track=8d3ce6ae8f9b4da75998b2bd95b9eabc
global_step=318816 | return=-32.80 | steps=153 | track=bcc1ca641a5bfb5429db6191f4958aaa
global_step=318928 | return=-150.07 | steps=131 | track=f5b921ed7ed87a8ca4453966cb469dd8
global_step=319024 | return=-113.14 | steps=93 | track=efcc008f38725ce5b8a64109f794cff9
global_step=319328 | return=-150.15 | steps=143 | track=9547174a767916acb4aa52ad88ebb5ae
global_step=319344 | return=-93.69 | steps=197 | track=f76034600b3e87898cac392ca3fb3d80
global_step=319360 | return=-148.68 | steps=131 | track=4f46d095b1f15e34e44acd993c23cb67
global_step=319536 | return=-42.22 | steps=44 | track=0c7335565f572efefccd86a5b04326c6
global_step=319568 | return=17.11 | steps=67 | track=8578aa16e4a87485ceebdf5f9e251a3d
global_step=319728 | return=-155.01 | steps=131 | track=4ed5f6034552a5cf2a1654f0b3a13945
global_step=320000 | return=-137.90 | steps=131 | track=00ebeb50e0d21ab5ff6bfccf6411c5a9
global_step=320064 | return=-114.64 | steps=251 | track=c3ef9f66f18f2c7bbfbff231f79012fc
global_step=320112 | return=28.34 | steps=67 | track=2c74a2701447ff1ed309966f7a8d08c0
global_step=320128 | return=-151.94 | steps=130 | track=c9e692b47b998efb74281a6b3805de65
global_step=320176 | return=-142.20 | steps=131 | track=376f22abebae831a0206f795204a76af
global_step=320240 | return=-143.83 | steps=131 | track=e4e2995e0f9fe84c4a77622e2ee05050
global_step=320368 | return=-141.76 | steps=131 | track=977e0cceb6c1c40aa47650b7e53279ce
global_step=320544 | return=-83.05 | steps=142 | track=7aeedd6a46091390aef0f55d37d25894
global_step=320592 | return=-22.75 | steps=77 | track=254963da01d7b0f0eaa9657e3fb4bfbd
global_step=320624 | return=-6.32 | steps=65 | track=951c2c1d5865e205f36ab054d0ed7281
global_step=320752 | return=-108.49 | steps=130 | track=f32c068198a1a7a0f20a894762e19125
global_step=321040 | return=-144.79 | steps=131 | track=5cc21a89099df796056e0e9a9a0f260a
global_step=321168 | return=-120.60 | steps=101 | track=6180b9c9e652c48ffb7043ee8d53b984
global_step=321552 | return=-110.66 | steps=138 | track=0a3796a16e8fd6d483dc9a6ad1425a76
global_step=321568 | return=-108.67 | steps=137 | track=b16cc3b74f16366bce6e4c434ec1aa3d
global_step=321776 | return=-129.19 | steps=110 | track=72200faae4277d3ac8a09e4c348a1e39
global_step=321840 | return=-139.61 | steps=131 | track=de521ef63ce5bbfe5d735caf8fe78829
global_step=322224 | return=-144.93 | steps=130 | track=ef238185ad9765dde855184f7a93f638
global_step=322224 | return=-163.01 | steps=131 | track=a7dece1428b2c0ac33273d3ab569d2eb
global_step=322288 | return=-160.19 | steps=131 | track=123e6a5b86f02cae74960321cf16ee4e
global_step=322352 | return=-145.51 | steps=131 | track=58b5a1f76725292a4bce2921eeb39a41
global_step=322368 | return=-103.86 | steps=143 | track=4105934bc657fdc26cda914d3ac4140c
global_step=322480 | return=-144.79 | steps=131 | track=72a44b03287e1ba8d16beb187d633d5d
global_step=322640 | return=-152.78 | steps=130 | track=5bbea74293fe0b9be52bb65dcffc71e4
global_step=322704 | return=-151.60 | steps=131 | track=d9c5185dacee5b0e1df1174e48ba1e8e
global_step=322720 | return=-171.27 | steps=130 | track=3d418c3a3a5ef7d712e1d31a7256880b
global_step=322864 | return=-136.93 | steps=131 | track=4f58b1ac6a3730a21f7b605639b5ce83
global_step=323152 | return=-138.03 | steps=131 | track=706c5af6b135998513f3dc8b66a91e9f
global_step=323280 | return=-134.75 | steps=131 | track=982ab1074700cb04f46961717f87a49a
global_step=323408 | return=-30.30 | steps=47 | track=4280f181cd112342a503eeb63f050e40
global_step=323648 | return=-163.00 | steps=130 | track=b41c4ce0bbaa30d0f8b1086523fbcf9e
global_step=323680 | return=-153.15 | steps=131 | track=3059e6ba08c435f81ced6584fada91ad
global_step=323760 | return=-69.32 | steps=95 | track=68e6b46e7810ac4b021bff935cc9fb1f
global_step=323792 | return=-108.58 | steps=89 | track=cd0ec5da193b89c89b2a8258a10b6a4b
global_step=323872 | return=-145.84 | steps=130 | track=09df9ca95bad10ac7d14ab63589c606e
global_step=323952 | return=-135.96 | steps=131 | track=92ddc013082a1e93b1686742474d4450
global_step=324320 | return=-121.37 | steps=100 | track=e3d0886c91e2a1cf72c8ba0409b5cc77
global_step=324336 | return=-142.65 | steps=131 | track=3c9ead3e2439de47c726a861d05f34d2
global_step=324400 | return=-131.30 | steps=131 | track=da4e4df06411fc6fc5cf00cbba450450
global_step=324592 | return=-145.70 | steps=131 | track=dc0b60979793d643841d3f0c22b816f0
global_step=324640 | return=-34.26 | steps=61 | track=d41597afada742d7192fc141667d283b
global_step=324832 | return=-134.70 | steps=131 | track=e044aa0ab27bf34b135b35606d50cf53
global_step=324896 | return=-15.24 | steps=63 | track=4fff7fae1aeb9dbbf51fa8dcc1688c46
global_step=324976 | return=-145.23 | steps=131 | track=75d8dbfb25ef6745a63825f9c661d413
global_step=325264 | return=-128.33 | steps=131 | track=0437d6ed0d12b7144ed9df06fb402e58
global_step=325392 | return=-143.00 | steps=131 | track=c6433e8bf85ff0b194e9037c085d5282
global_step=325536 | return=-21.38 | steps=74 | track=fe0b6dea0b1bdb8f22603827a3948494
global_step=325616 | return=-7.59 | steps=63 | track=027178f731c1cd47cac8c5e434d20786
global_step=325792 | return=-149.19 | steps=131 | track=7482c7e2e37eb50e533afeb64f73f66a
global_step=325872 | return=-144.21 | steps=131 | track=9144620304ed17a905162fd7c6a7ebac
global_step=326080 | return=-151.57 | steps=132 | track=8d39511485023c3c9e3a7de9adacbc4a
global_step=326080 | return=9.86 | steps=231 | track=684a03dfe47afde1a67a1996a56655a1
global_step=326176 | return=-86.03 | steps=148 | track=7d719d233c0a728046f3f11905cbfd1b
global_step=326256 | return=-153.19 | steps=177 | track=cd0e93f667e572cc027a28aa9dbe23a0
global_step=326352 | return=12.03 | steps=67 | track=1f13dd37f055c5bfeb96153c179ecf0b
global_step=326432 | return=-141.07 | steps=131 | track=64c1acafb8a6c9bf00d24bd3978df75e
global_step=326496 | return=-150.42 | steps=130 | track=1b53b226a4dd12dac1a7a009bc7fbd56
global_step=326688 | return=13.34 | steps=71 | track=b95e485134631dc4722e8dace5ea717a
global_step=326752 | return=-150.61 | steps=131 | track=b35eb052557836601b98d8ea9aa84576
global_step=326944 | return=-152.59 | steps=131 | track=bee48b53275a52ee02ee855a7e8ad538
global_step=326992 | return=-155.74 | steps=130 | track=489ccd24c281befae40673226076bbe2
global_step=327120 | return=-12.43 | steps=64 | track=50809c33d52492d43565629d66e5c615
global_step=327200 | return=-108.13 | steps=87 | track=77dada67bb132ec9ce09c09cc21eb282
global_step=327504 | return=-146.96 | steps=131 | track=f8fbe730268ea5a5722035a7e70eebd8
global_step=327616 | return=-121.61 | steps=124 | track=25bbd6a415cff014f91d991eaf722a2d
global_step=327680, SPS=71
global_step=327712 | return=-22.36 | steps=95 | track=b7d04ac860dbe88e58eb52d86cf614b4
global_step=327968 | return=-139.78 | steps=130 | track=145932d14fe7e8229d70cac65dbc2740
global_step=328016 | return=-116.56 | steps=109 | track=c99661fb38e566ba97b1046b2056eaac
global_step=328112 | return=16.17 | steps=84 | track=4370d30a66c95c7a9d6fad4c61ca1afa
global_step=328128 | return=-110.69 | steps=127 | track=dd7e63cb592e26c0d1f44dd7e856d962
global_step=328400 | return=-104.94 | steps=213 | track=566d4b04486c6c6263c236cc386c6cf8
global_step=328544 | return=-137.73 | steps=131 | track=1ab5ee0777a668e942647aec66a36cf0
global_step=328800 | return=-128.99 | steps=131 | track=c8dfb525984ec42668ed36fbc7937d0b
global_step=329056 | return=-128.78 | steps=131 | track=97c7e4ad5f7535b27bcaf4e76d012b36
global_step=329072 | return=-73.09 | steps=41 | track=dd6e3ca36c9fe0f95fcd45c720a83fa2
global_step=329072 | return=-14.97 | steps=65 | track=1b44f957a4ff148d9b48874778fdb778
global_step=329104 | return=-141.71 | steps=131 | track=d2caefae1eb90694d271d215fcf1f509
global_step=329120 | return=-154.43 | steps=163 | track=0a367a2383120dd5f45f16c9066e8b0f
global_step=329296 | return=-149.88 | steps=130 | track=cc86f2fcc5ae060600a32d02834b15c4
global_step=329616 | return=-147.27 | steps=131 | track=619f2b93eb64ecfc7fb074b10093f05b
global_step=329632 | return=29.28 | steps=67 | track=6b01c9fdbd114de5658944f5a0716490
global_step=329728 | return=-150.34 | steps=131 | track=360673e72e2cf00e76999e309dcf744a
global_step=329824 | return=-149.91 | steps=131 | track=7f2916282ca36d888079328394c503d8
global_step=329888 | return=-130.29 | steps=220 | track=9332c0ca674b27d9f9be6585c390227c
global_step=330080 | return=-126.18 | steps=131 | track=0da163e18756cb59e6d342cfb6710747
global_step=330224 | return=-147.93 | steps=131 | track=be512b592d13d65e5b15d1fb7b7f2bc2
global_step=330224 | return=-140.08 | steps=130 | track=1cf66d79410eaf87994bd52b4a7b18f2
global_step=330912 | return=-139.00 | steps=131 | track=44bbfa4ba9006a5880b22593fed53207
global_step=331040 | return=2.74 | steps=71 | track=d08238fae55507db2a31dd3f49591ee0
global_step=331136 | return=-10.61 | steps=81 | track=cd3380b8dcd85c661e8f19f2200ee2cb
global_step=331168 | return=-146.83 | steps=131 | track=d11e9b895a9ffaedb8765ff40ff6caf8
global_step=331168 | return=-162.22 | steps=130 | track=a83ca0f721dc8588bab05b2dd3662d16
global_step=331216 | return=-140.36 | steps=131 | track=7b7e23ccaaa36312c9eead53068fc382
global_step=331232 | return=-147.67 | steps=131 | track=6c06178994e6cb8d14ab198b18683bd3
global_step=331408 | return=-141.61 | steps=131 | track=43bcf84b5254499bcc608dbba12a89d9
global_step=331520 | return=-100.40 | steps=89 | track=5b17f82abb8b78d9d087b022642d2f34
global_step=331664 | return=-103.73 | steps=89 | track=8abe5f08c465b60dbfe27cd315a1b874
global_step=331728 | return=-143.53 | steps=131 | track=fcef22668bfb056e21d9346aef0822c3
global_step=331744 | return=-150.33 | steps=131 | track=89f2e4c9d7454dbe998811f07e69a3f9
global_step=331840 | return=-145.61 | steps=131 | track=ca31bfaf3152b92797e52212d484dce2
global_step=331856 | return=-177.48 | steps=295 | track=1ef7d62bfb8340d42b0b954c513c28e5
global_step=332000 | return=2.82 | steps=67 | track=2170739a1b84b80d6b57bbb0c6709346
global_step=332112 | return=4.61 | steps=66 | track=7aff81213ffd1c434b23a41535845ae6
global_step=332336 | return=-149.19 | steps=131 | track=76edcba69efbc988c97c4aedb4535605
global_step=332656 | return=-105.03 | steps=89 | track=0a36ad01b76e283394799200d050212c
global_step=332880 | return=1.47 | steps=71 | track=f73bd399c07fa7ed7d23464fb41f092a
global_step=333280 | return=-150.81 | steps=131 | track=cf1f28a4c86bc665b4eaf55c8a632da4
global_step=333344 | return=-150.61 | steps=131 | track=7a6a6fcc16c78371322aa77d61d6a17b
global_step=333456 | return=-118.61 | steps=100 | track=fd7b34006a8671024df7ab595693bfce
global_step=333632 | return=-153.20 | steps=131 | track=e26499f8cfda81ec54687f4cb56012e4
global_step=333696 | return=-20.21 | steps=64 | track=7de7533befe5e7db65435ce817fa6139
global_step=333856 | return=-154.58 | steps=131 | track=f67f48a0a2c92dbaa766233413433a9a
global_step=333920 | return=-150.52 | steps=171 | track=9187a152bd31456a7f0dc6a9449f4058
global_step=334000 | return=-17.22 | steps=69 | track=20fc982d509706848a1c1c31459ef957
global_step=334096 | return=-137.80 | steps=123 | track=4e34a14c863937ebe1564462448cdbad
global_step=334112 | return=-145.51 | steps=131 | track=d7a71621a167a7f0b986d10066317fbc
global_step=334432 | return=34.92 | steps=71 | track=cb244f34729a18d7c631028b46335a55
global_step=334448 | return=-139.99 | steps=131 | track=2b9279d79bdfe6cdf5e469b1182116ef
global_step=334592 | return=-37.95 | steps=215 | track=d9e0b5316004a2045224b7c9683f64e2
global_step=334720 | return=-121.03 | steps=190 | track=4a5676db95d2eb40f284ea72c38bbb76
global_step=334832 | return=-18.26 | steps=74 | track=4dac9f3138e50ec8751fd86bdc3db78a
global_step=335152 | return=-1.40 | steps=65 | track=a2fbbb60e8bb5877be672b8ce7105300
global_step=335440 | return=-143.57 | steps=130 | track=e7824e16773817b584fefba7b5aab18c
global_step=335536 | return=19.02 | steps=68 | track=41aa37f013a5ed2dcb923f3a17bb14fa
global_step=335552 | return=-151.64 | steps=130 | track=497e89c4f92757527daeae0680d61223
global_step=335792 | return=-150.78 | steps=130 | track=4ccb5817837b95305ac53a679d54ecb3
global_step=335808 | return=-262.72 | steps=274 | track=9a53d8d8e44c53de66cd450fbdd2d000
global_step=335888 | return=-106.37 | steps=89 | track=9e8ed7603ce7f4928d61be17a6cd129b
global_step=336032 | return=-134.74 | steps=131 | track=3feeb9bd145327d84c9fdcaed8383a81
global_step=336112 | return=-134.29 | steps=131 | track=be9c948ca89b73c11d938b3c94911a4f
global_step=336208 | return=-145.34 | steps=130 | track=71f0b02a58f45dd4e194b3803c920ec6
global_step=336256 | return=-86.35 | steps=95 | track=7e04dd8910862af989d82fe78a3734c6
global_step=336528 | return=-161.24 | steps=291 | track=be50911e450898af6645f2da34669efb
global_step=336592 | return=-59.05 | steps=109 | track=6e8d3caf9d51df2ad93f65f99e93520d
global_step=336704 | return=-132.99 | steps=131 | track=91919b70f029800fd9fa5a7356932161
global_step=336960 | return=-161.21 | steps=193 | track=d78b9b76603dac8d4b400260152e8c86
global_step=336992 | return=-120.57 | steps=89 | track=84fa423654023383aeb0c7e1547c26c6
global_step=337008 | return=-0.57 | steps=75 | track=db1bf34dbb7697243f21fa2840bdc32c
global_step=337280 | return=-0.04 | steps=63 | track=3fdf653328cb9689a04d099cc6b35b02
global_step=337488 | return=-50.90 | steps=145 | track=76b56c14752d67283b71c54cd74d600e
global_step=337552 | return=-144.85 | steps=131 | track=88cf81ff40d3e3e4b21b27afa61247ec
global_step=337648 | return=-159.83 | steps=131 | track=c4a2f067292168d556bc796ca0f81f64
global_step=337712 | return=-71.33 | steps=113 | track=a1a6c0e0bc2e392e35f89b8198ca75ab
global_step=337920 | return=-140.12 | steps=131 | track=ebc28ebe2217ef562bd80bc03d7249de
global_step=338144 | return=-140.80 | steps=131 | track=1545a941e703def18e0a695187aaa0b6
global_step=338208 | return=-138.60 | steps=130 | track=e7eef61d951a8c88e65c909153517ae1
global_step=338304 | return=-154.09 | steps=130 | track=bb4fb080036c20714239b5636162c4f6
global_step=338624 | return=-146.37 | steps=130 | track=7b841e7fb8ca2c20dd8cffe77cd248fa
global_step=338720 | return=-144.03 | steps=132 | track=b828625fd53231e43cf3af52fa58cc7f
global_step=338800 | return=-144.19 | steps=130 | track=b38a0ffded616119d347a8a61779ef1a
global_step=338976 | return=-31.03 | steps=123 | track=c1bb26b2c8eb3be96e148c201b6eaf86
global_step=339072 | return=-139.85 | steps=131 | track=15d9bf5c4f751f84130dd7910e74ddc3
global_step=339072 | return=-38.32 | steps=111 | track=373e552ae3f68e121aa9fb6f0735b682
global_step=339120 | return=-151.12 | steps=131 | track=adfc3e0603f2f1d832be1e0cadbc281d
global_step=339664 | return=-140.12 | steps=131 | track=d0969b6b281f62795d658cc494e898e2
global_step=339760 | return=-95.50 | steps=100 | track=7357a0b5d22ce9da90403dab4b36ca22
global_step=339808 | return=-69.48 | steps=144 | track=c1e2d8ee0ac7140e8f23aa9b847eeaec
global_step=339824 | return=-126.73 | steps=131 | track=9c157a011946752200a3996a62c4ff4c
global_step=339920 | return=-71.74 | steps=69 | track=ac62261208dbe53ffd6127ff581647cb
global_step=340032 | return=-143.74 | steps=131 | track=6c5a8fa849e635d24d248957fd72e5bf
global_step=340096 | return=34.31 | steps=85 | track=095fd4c8905835de872b724ecccc163e
global_step=340320 | return=-135.96 | steps=131 | track=d8d213c47dda15ca5404fe8a835897a3
global_step=340336 | return=-22.69 | steps=75 | track=8eb48df12d7b2b2ae4cdb802306da0d0
global_step=340480 | return=-343.40 | steps=712 | track=0da32e365fe9fc4987d0e98c1d99ece2
global_step=340512 | return=-123.89 | steps=137 | track=d3b545b4ccf4b80cf6806a5309f005c5
global_step=340720 | return=-60.30 | steps=42 | track=6de70a675928e6e320625503b98e90bd
global_step=340832 | return=-29.04 | steps=62 | track=4587095f0f6957c6263f676b49509fda
global_step=340848 | return=-145.92 | steps=138 | track=67de5de65ff1f29e41b07baaada2bfa8
global_step=341088 | return=-196.29 | steps=214 | track=1e97579dcb426c0f6e6b54b9153ebdc9
global_step=341184 | return=-144.52 | steps=131 | track=1d1b01d8478ec5702a89a00eb54e9962
global_step=341184 | return=-151.20 | steps=131 | track=b8748d3f70146776a3784ae64e28bbd2
global_step=341296 | return=-163.28 | steps=144 | track=059f1276aea22f8345cedea9742963c4
global_step=341680 | return=-30.14 | steps=51 | track=2612e3eb389b5709348e7bec5940ca07
global_step=341776 | return=-141.01 | steps=131 | track=981a92344b6ec9a56d4930318df6580f
global_step=341872 | return=-142.32 | steps=131 | track=9bd26757d9ea2a32ec4c478169981a6a
global_step=341936 | return=6.40 | steps=88 | track=465ae1f198573fbd58d9e38cc42d41e3
global_step=341936 | return=-29.09 | steps=90 | track=4dcfb0003f64cf0199381db1e4da419d
global_step=342016 | return=-34.80 | steps=51 | track=24fce4a32e2293f452018036781a559e
global_step=342032 | return=-149.00 | steps=131 | track=3c2ebba1b68cf1a8a9176ba509448ef1
global_step=342208 | return=-141.53 | steps=131 | track=0378468a4d41734b4f01be491bb893e8
global_step=342208 | return=-35.52 | steps=63 | track=866b76187a7590d5e4740821ab2c6513
global_step=342224 | return=-33.78 | steps=57 | track=cdd1df117978c7057a157fff6e09aa9d
global_step=342224 | return=-63.24 | steps=117 | track=5cc347990e9d6dce4d6f59598c29a8ce
global_step=342352 | return=-132.28 | steps=158 | track=e367f06730b2d654e9a27a816dba3ec4
global_step=342432 | return=-140.80 | steps=131 | track=b9f7b84f40c63ed8048646693a7781ac
global_step=342832 | return=-134.67 | steps=131 | track=b96ae04ef561ac5361ea9527655466f3
global_step=342944 | return=-152.53 | steps=131 | track=9fb6fd66f049fd119c26c62871a6a2e9
global_step=343200 | return=-146.58 | steps=131 | track=f070d22b9f9f1609e099b1fe73343276
global_step=343232 | return=10.39 | steps=63 | track=0986f62db795a2c4b5a066a3d236dcfb
global_step=343296 | return=-104.31 | steps=94 | track=a22a3c2c0e85da2b5587fbd395f80291
global_step=343472 | return=25.54 | steps=69 | track=ddc7faa0df13887a0ebd3585fa305329
global_step=343504 | return=-19.15 | steps=66 | track=560855f31e59bbd527c8dfdbc0d0a405
global_step=343776 | return=-145.57 | steps=130 | track=69672a2fdb1bb841acce90b4f935fe32
global_step=344048 | return=-147.71 | steps=131 | track=17d79c6ef98f453a2b8732ec9839bc12
global_step=344064, SPS=70
global_step=344128 | return=-143.21 | steps=131 | track=99b73bb904a7e2ec5cc01621aec31439
global_step=344144 | return=-138.16 | steps=131 | track=62993b06b3aca49b78a1362e63c75caf
global_step=344208 | return=-19.93 | steps=62 | track=0516bf0e04fb2de02bfce795e67e8eb9
global_step=344240 | return=-72.93 | steps=143 | track=b7660d68cfe8258759e953e77082897b
global_step=344256 | return=-98.74 | steps=126 | track=0a32aabeb4ecdd7596e0f9834685272b
global_step=344320 | return=-138.54 | steps=131 | track=55370051341a4bbe588359782ce39794
global_step=344336 | return=-145.00 | steps=131 | track=94114c4f7a9c97b5f0887dfb17353675
global_step=344416 | return=-100.08 | steps=158 | track=4634e44de661b53c9066d3324af65bde
global_step=344848 | return=-3.70 | steps=83 | track=c0a059363e2bf68b93804f91af24dab3
global_step=344944 | return=-133.50 | steps=131 | track=15eda0365c7db84df420509dacdcb9e0
global_step=345008 | return=-43.68 | steps=53 | track=bf41dfe3ccde93f7562650d4bd51e3fa
global_step=345248 | return=39.10 | steps=91 | track=eaa9c114f3ba939d3046afdd5a3dddc8
global_step=345344 | return=-35.96 | steps=63 | track=d3e723762c752933fde5dbcdb0b3fb61
global_step=345568 | return=-142.40 | steps=130 | track=967702d060f662ae5ebb7beaf3a02963
global_step=345872 | return=-147.64 | steps=164 | track=7ced9f911d599f581b88678239ff62be
global_step=346160 | return=-131.66 | steps=131 | track=0007323cecaba12ccf48df73ec13965d
global_step=346240 | return=-133.60 | steps=131 | track=7ef78f2fb6a6ec0f9a142e2f25b6ad9a
global_step=346320 | return=-149.91 | steps=131 | track=e10af3b5c1fb4272f61c92bd62a5503d
global_step=346336 | return=-146.46 | steps=130 | track=6720dfef0d456e2c065fcbc01664222e
global_step=346448 | return=-147.93 | steps=131 | track=d61f7b5823c2b28b097177eb64759b06
global_step=346528 | return=-136.87 | steps=131 | track=d62f091df0a2409bbae1497fdeac81eb
global_step=346560 | return=-47.06 | steps=61 | track=3ea030286aa5f57bf30d42e4fa940101
global_step=346864 | return=32.65 | steps=222 | track=26d57606838e4ef2d526f74a56847eba
global_step=346992 | return=23.73 | steps=69 | track=3338f09c4c253de5102dfc8982b395a8
global_step=347056 | return=-144.79 | steps=131 | track=9f4a32cef92149fc5b3899ef708083d3
global_step=347072 | return=-85.03 | steps=138 | track=ab45b49f9824662afeae76c6dae74354
global_step=347120 | return=-146.99 | steps=131 | track=4834f3ed410c85d4d37b0d6380eb5217
global_step=347456 | return=-173.49 | steps=199 | track=235e57c5959a8c612a543b102a806c97
global_step=347456 | return=-148.36 | steps=131 | track=a8d0fdbb8535c0512bd1a6d8d252aea4
global_step=347488 | return=-3.67 | steps=64 | track=165bf5d6f858bdbaced3cf4f3d7773bb
global_step=347888 | return=-110.48 | steps=164 | track=ad9c0ceb631da2a32e80deae107aafe5
global_step=347936 | return=-14.58 | steps=85 | track=26cc4c6f988143020cda5f5ebc5ab688
global_step=348000 | return=-206.54 | steps=315 | track=5e080ee27d08942eef188e4cd76965d8
global_step=348016 | return=-66.61 | steps=105 | track=c49f15bd50ca748b44b8ee9d343e302c
global_step=348224 | return=-38.77 | steps=76 | track=3040fc443b83a8eccc36ce63a7aced3f
global_step=348272 | return=-131.50 | steps=131 | track=6de20b709d97b35b25e624dcdb6ce6b8
global_step=348352 | return=-147.62 | steps=131 | track=ceb9bbd7fd155e3208612a6f14a185cf
global_step=348448 | return=-139.59 | steps=131 | track=5d3587b11d38b5ceee5c5daef66c920e
global_step=348528 | return=26.76 | steps=66 | track=f8fcd2e041b663d5089f2b5f6e9a3a4e
global_step=349072 | return=-67.48 | steps=44 | track=6807de0d924d7d21f6b0a7960be47777
global_step=349168 | return=-148.36 | steps=131 | track=7b04c2781cf23cc6c87edd879a9f0f6f
global_step=349184 | return=-145.01 | steps=131 | track=1e1351591f6a6a61e611090de6647c33
global_step=349216 | return=-76.58 | steps=47 | track=0ac0856ec4fde9bfbd0e063b99ccb6ce
global_step=349248 | return=19.70 | steps=84 | track=adc85f51612d83937ed482b9a62edc2e
global_step=349264 | return=-41.07 | steps=149 | track=3c566a898239b5bc394f9089f9a834e7
global_step=349264 | return=-59.73 | steps=133 | track=70016bce3d5f162f2079a4bcd1081cc9
global_step=349568 | return=-131.37 | steps=131 | track=02dc3673eb9ac829956ab2e58ea9e928
global_step=349600 | return=-150.81 | steps=191 | track=7afa51a850e5410bd02acafff0bc18b6
global_step=349600 | return=-150.27 | steps=131 | track=4754afdb6bb7240694af24ff38b90072
global_step=349600 | return=44.65 | steps=66 | track=b0887c9d5af9d5e454fe409275df65fe
global_step=349792 | return=-123.41 | steps=111 | track=b7004ea55121727e2581b80cadef523c
global_step=350048 | return=-156.93 | steps=131 | track=659b2bf5f1f79205d87acdcd5f94e0e6
global_step=350128 | return=-146.58 | steps=131 | track=46742524573ef78a8859a0f2d9ebd3b1
global_step=350192 | return=20.36 | steps=69 | track=ced73af6cfa380ba81f35f027c129563
global_step=350464 | return=-95.62 | steps=136 | track=1e3e88c194b7e97f0f8dd12f4b92e7f2
global_step=350704 | return=-40.27 | steps=154 | track=514c72b06c3dc54fcf9e3cad6dbf25eb
global_step=350896 | return=33.83 | steps=68 | track=3004c7493ab9ac6ffffb3890741dc2d5
global_step=351296 | return=-143.21 | steps=131 | track=57f3228d0dd1c954d178ac5a3d7d01fb
global_step=351312 | return=-21.01 | steps=73 | track=4b707ee94ec80c82b7e51e08333ab51e
global_step=351328 | return=-142.40 | steps=131 | track=eb3c6e44b2bd9a74fb5e18766fd65d03
global_step=351344 | return=-117.80 | steps=130 | track=677d921e370e803b4ae43bfbf0d52f49
global_step=351664 | return=-162.89 | steps=130 | track=07a8f5a0067b8b91f7e3dc0046b21f46
global_step=351712 | return=-122.49 | steps=131 | track=2b3772a043051ac7453bdf8718d2910d
global_step=351712 | return=-149.76 | steps=131 | track=088e679591aa857b18a98c76ed987cac
global_step=351712 | return=-142.65 | steps=131 | track=6d8b777287913ae2acec3cf1f6596f1c
global_step=351824 | return=-95.16 | steps=110 | track=ac3406f8b9381a56dbdf1550ac11f0eb
global_step=351904 | return=-98.95 | steps=89 | track=10950a2a66492d3ef273e380490874fd
global_step=351968 | return=-28.76 | steps=66 | track=555fdb95fe1c1a32753b6d7724587a38
global_step=351984 | return=-45.93 | steps=169 | track=71075ce48cb7c0ca1935a81eb4770200
global_step=352144 | return=-112.11 | steps=89 | track=ccdf86ccb562dba8c9efbc0fc97e7a1e
global_step=352304 | return=-155.85 | steps=131 | track=d6fbba5cd406cbbc8b6d905629fee6c8
global_step=352448 | return=-49.92 | steps=204 | track=cdf3b7f150c8919c4241d9233e2e5133
global_step=352768 | return=10.55 | steps=65 | track=5114367d9ca17cdba3a2d561bb003e0e
global_step=352816 | return=-19.69 | steps=68 | track=aed40b0485056f18507c43e70e23eea5
global_step=352864 | return=-109.15 | steps=96 | track=3ef5bcb530d8814737df47772efd054e
global_step=353408 | return=-138.41 | steps=131 | track=d16b0361f40150f7f45d30276be92c10
global_step=353424 | return=-136.54 | steps=130 | track=2593e710a9c8bd7f1a8978df1fa2b756
global_step=353488 | return=-166.79 | steps=263 | track=453a6e8f641ecf0b96eb69e0369d86cf
global_step=353824 | return=-135.16 | steps=131 | track=980dfd4bda7142e33a0bbcc25a8963cc
global_step=353904 | return=-85.56 | steps=139 | track=1d8d10f70ab700f66cf99531e3eeb8c4
global_step=354016 | return=-13.62 | steps=74 | track=90b22969f4a4f451dae025dde29c68d3
global_step=354016 | return=-141.60 | steps=131 | track=25095d03d6c0e879a8c56020dd0dad5a
global_step=354080 | return=-135.91 | steps=131 | track=04d38a35d35d6378a1d015a54927613e
global_step=354080 | return=-151.43 | steps=130 | track=7235e504059a6e12d8658b5e75e8b85d
global_step=354160 | return=-118.88 | steps=175 | track=27d8d185d9f78880d4b866d308edb95f
global_step=354256 | return=-72.71 | steps=47 | track=392d465633e01bb9cfbc0ab610f20e01
global_step=354256 | return=-134.40 | steps=131 | track=d421b55eaf34290ab15de340f682eeb3
global_step=354400 | return=-23.74 | steps=61 | track=24ad24db64f967170ec6f63524c268a0
global_step=354464 | return=-90.78 | steps=99 | track=10fee7e89d8161bfc2ce5bd53e6636e0
global_step=354528 | return=-145.76 | steps=138 | track=9303875b9db211212628dba2909e5187
global_step=354544 | return=-141.27 | steps=130 | track=b314b4d42650f16484aa294b0c1ed915
global_step=354880 | return=-134.14 | steps=131 | track=2406e41329cf31efdae8bd5f80e32f89
global_step=354992 | return=29.58 | steps=67 | track=9378dcc3c3ebaf7a2ac9c24b8ffef369
global_step=355088 | return=-172.16 | steps=203 | track=8461ff8524c1a7f6fee0ce70a43078d2
global_step=355216 | return=6.61 | steps=65 | track=ad60f791b1d10b98d9fcb35767aee1fe
global_step=355488 | return=-62.39 | steps=91 | track=4dd10de8a1193a73517a7e2cd6ab639d
global_step=355536 | return=-105.28 | steps=90 | track=ae5c6458b2198c0ebaf1b6bd2ab55fa8
global_step=355632 | return=-2.96 | steps=68 | track=a04a4fc26b23848d3f26e14ece1a1987
global_step=355904 | return=-137.50 | steps=129 | track=fcc98128f683a2c0f68f1a9f3e0125f7
global_step=356112 | return=-126.53 | steps=130 | track=16762002a093861dbfff8f25940103af
global_step=356160 | return=-4.79 | steps=79 | track=a418df99b9ec74a24e3c9cec6a5b7205
global_step=356352 | return=-80.92 | steps=44 | track=2ec6ed3ad9ced283230d4c002c951a3a
global_step=356368 | return=-151.99 | steps=183 | track=93174aeae4e093b97dfb101e5546c63d
global_step=356368 | return=-139.64 | steps=131 | track=55a452dd1e2921ae40ea4b7dd937dd9f
global_step=356496 | return=-149.49 | steps=150 | track=edb568dab634b0442933caef2dbaa3fb
global_step=356512 | return=-141.41 | steps=131 | track=2942ddb62ef9b0410c5f05f556bb7f98
global_step=356576 | return=-151.89 | steps=131 | track=bbd9d077c2c0b3541fb39d6b6e95d970
global_step=356672 | return=-131.87 | steps=132 | track=717aa6f1d842cc9dc7fcff5b4f8f8a36
global_step=356720 | return=-106.96 | steps=153 | track=b5be6c02cde93a27d34ad6e60da2c674
global_step=357088 | return=-155.87 | steps=130 | track=25bb607bd57825f649a655eba3517e01
global_step=357200 | return=-147.95 | steps=131 | track=0dcde19253c1564cf55ccae8a069b3b9
global_step=357328 | return=-143.95 | steps=131 | track=33f749373da3031ace64f790c4c08e08
global_step=357536 | return=21.67 | steps=85 | track=86bf6a804701d08c1c1ab8b2d9971247
global_step=357584 | return=22.16 | steps=67 | track=8bfd63649ae76d393ada37913ec96ae0
global_step=357600 | return=-144.60 | steps=131 | track=1c2bd1b3856401679b271032811c7fea
global_step=357856 | return=-40.56 | steps=79 | track=f08ab53b39e48c9186f815e54a4d7caf
global_step=358016 | return=-142.56 | steps=131 | track=943377e75cf8d3517989ca59dc03faf2
global_step=358032 | return=-53.93 | steps=43 | track=08a51a52400cb55abbb3564a5aeccbca
global_step=358176 | return=11.81 | steps=67 | track=10662a29ccbc8ace75c1f9fa5bd458c7
global_step=358224 | return=-139.93 | steps=131 | track=a5c8b624191278525213f8ab34be6c45
global_step=358320 | return=-113.03 | steps=102 | track=3f7a7575c73897be1dccf42ec941a53e
global_step=358464 | return=-146.01 | steps=131 | track=3c32c1e8120c082bb0cf0c4fbbf91719
global_step=358480 | return=-148.21 | steps=131 | track=28e3ba8f4ab052de5c44b0cc87fce067
global_step=358480 | return=-131.06 | steps=131 | track=0ea855bdccaa26c896d50e829c5680c8
global_step=358608 | return=-131.20 | steps=130 | track=52c77ad514f041ceda97f342c53a9cfa
global_step=358640 | return=-110.75 | steps=89 | track=bbbe61c1a45f1e5222444110855f55d8
global_step=358976 | return=-166.89 | steps=214 | track=4e8332fc90177f3125809ce94402d2ee
global_step=359120 | return=2.00 | steps=67 | track=fed1d7bba1891ac0d9f56ccac1bd9ebe
global_step=359184 | return=-77.85 | steps=43 | track=00f2986b1244fac62932518c353c6d9b
global_step=359200 | return=-64.57 | steps=45 | track=e446892d0d6141e15fc37fb67aadfa87
global_step=359232 | return=-161.51 | steps=156 | track=bb359bde27ec33919decf244f3c861f0
global_step=359360 | return=-42.00 | steps=46 | track=f6ea28903c57ec85e1751fcb915ffc83
global_step=359520 | return=8.74 | steps=64 | track=7a7346396e8870f223fe8f2e669b4e99
global_step=359648 | return=-144.18 | steps=131 | track=d0ec9c51d75a43d463ed4b3fd6580aa9
global_step=359696 | return=-147.38 | steps=131 | track=19341de4fe93986eecf65b984ae09ca5
global_step=359712 | return=-140.89 | steps=131 | track=c0da22476dd1c7c17c608cf69236b78b
global_step=359968 | return=-148.41 | steps=131 | track=37e5978e3e5d69b61f8d0c1fd7fd0ed9
global_step=360128 | return=-151.95 | steps=131 | track=2927869d9d62cde490db3f4ad1f0bb79
global_step=360288 | return=-145.36 | steps=131 | track=44d6d569f8b6d00e074a4b3d001a29f8
global_step=360320 | return=-142.40 | steps=130 | track=ab37ca23a87324c7430bc35f761b0ab4
global_step=360352 | return=-66.08 | steps=69 | track=01a2ffe4cffcb8eef40ad8e1fc71d3f7
global_step=360432 | return=-140.83 | steps=131 | track=623b3c7900673d3798edb9cd80f8ca0f
global_step=360448, SPS=70
global_step=360752 | return=-153.59 | steps=131 | track=c67968954149c412b0958ded6f0a5a9a
global_step=361040 | return=13.88 | steps=66 | track=00e760a709e2f327ea7541c25bf34983
global_step=361088 | return=-138.60 | steps=131 | track=64c1e6bec660db9e636d16bb7b663bbd
global_step=361232 | return=-143.74 | steps=131 | track=293d72f72da3de2b561821ed7eeef277
global_step=361280 | return=-154.09 | steps=130 | track=c31c723a6b5ae7737ef40f96908355a2
global_step=361312 | return=-144.38 | steps=131 | track=c794c39a9f15623680a7048244d7deed
global_step=361376 | return=-25.27 | steps=63 | track=882906918adfc329c8357a6bff15d192
global_step=361472 | return=-144.09 | steps=131 | track=2b6a008346d941cef0a8dfc9aad466b3
global_step=361536 | return=12.99 | steps=68 | track=09361e77ea22001b5ebc8e0b77841aac
global_step=361632 | return=-139.10 | steps=131 | track=91c03d7eb67d5709e2527a27f6fad0c5
global_step=361632 | return=26.28 | steps=83 | track=58ca67510e48633ae5531d85814925f2
global_step=361760 | return=-138.87 | steps=131 | track=17e507fcd1113eb4abe49a4103c744a1
global_step=361808 | return=-109.91 | steps=131 | track=6760c6833d707bf40afa2feea0b8947f
global_step=362000 | return=-78.54 | steps=77 | track=e5ea17d838b6d107a2e5a21c2f17e3f4
global_step=362032 | return=-22.16 | steps=61 | track=eb2b3502f49956a6aaa3e2318df83261
global_step=362080 | return=-17.09 | steps=61 | track=7900cf89a6551f29299385d3bf8acaa0
global_step=362240 | return=-145.80 | steps=131 | track=b19fb5d640c37ff37fd5f116311e6cb9
global_step=362416 | return=-141.22 | steps=130 | track=8757e39d7c61c377d4039babd76d6f8b
global_step=362624 | return=-31.69 | steps=61 | track=a7cc0529d2164265f15112974fc17d48
global_step=362784 | return=-75.28 | steps=191 | track=6e36992d8b9a1b28ec2d556720188fd1
global_step=362848 | return=-18.77 | steps=64 | track=f8f915d8ba6a853d7867bc90f2d59070
global_step=363056 | return=-0.69 | steps=63 | track=e7fbbd182295f202fd846ef2b893f8cb
global_step=363104 | return=-110.41 | steps=101 | track=d67be9e7626b806a6e789b0b781bab0a
global_step=363264 | return=-9.03 | steps=63 | track=c73e595b65c0f661c67e512c26fa75fd
global_step=363360 | return=-166.33 | steps=132 | track=81e46b12cbb5e91c90aec5d94ceac458
global_step=363392 | return=-136.20 | steps=131 | track=643d824de9e1f53716a6c5095add3dfe
global_step=363424 | return=-135.61 | steps=131 | track=0b32470a099821beccce2122d078e5bc
global_step=363488 | return=-137.35 | steps=131 | track=113dff5edeaa26330546af894b1197e7
global_step=363648 | return=-140.90 | steps=131 | track=e351d2d5c07c924277400b053868be3f
global_step=363744 | return=-141.11 | steps=131 | track=1928aadd1a3ff059d42496b1ea988c5f
global_step=363872 | return=-138.60 | steps=131 | track=7ceaac95ebb5ba6db5b73e56202d9320
global_step=364064 | return=-58.01 | steps=89 | track=21cafd3cb8ecb534464a46b5db187daa
global_step=364112 | return=-152.81 | steps=131 | track=1e33a9efbe65dd6fbca28ca0c67bbf98
global_step=364208 | return=26.36 | steps=71 | track=851ea26d19d5b40bc296505ea4e7adb6
global_step=364512 | return=-13.41 | steps=63 | track=24a42fe612e612f23b18d80dc0909613
global_step=364544 | return=-158.06 | steps=132 | track=1271eb6179255808e153033dbfc490ee
global_step=364832 | return=-83.87 | steps=44 | track=396aedacaf7626270b78185ca615421e
global_step=364896 | return=-151.60 | steps=131 | track=dc4ed70da89c1beac90e1d39a5b04f79
global_step=365088 | return=-49.71 | steps=54 | track=26dd3f4b9a341c78ce17e8910c2aa200
global_step=365216 | return=-148.19 | steps=131 | track=946b1d5589b72eb7c0e1b6fad37a8ca4
global_step=365328 | return=-171.50 | steps=202 | track=e1ab95a78320090b29786072db762ce7
global_step=365376 | return=-144.28 | steps=131 | track=3260474b51f9561ba3a82060700306ae
global_step=365584 | return=-3.67 | steps=64 | track=543d0757a433bbd667b1cfe8487ea914
global_step=365728 | return=-94.70 | steps=145 | track=9bef6f14b50bf3dfb51404bcfe5a8dff
global_step=365760 | return=-51.28 | steps=149 | track=adb478658a0fd092ab28515a17d0c08a
global_step=365760 | return=-160.40 | steps=131 | track=b76e6ef6af69323016f241000ee60af9
global_step=365856 | return=-147.49 | steps=131 | track=984a037c9e11bfd21badc81f8bb6d1b5
global_step=365968 | return=-150.99 | steps=194 | track=9005a01d569af71446db39272353cbe8
global_step=366352 | return=-43.82 | steps=154 | track=7c030427cf566008bd57b67f3649aad6
global_step=366528 | return=-143.24 | steps=193 | track=61003787fb9e8555f68605027f86b208
global_step=366576 | return=-64.42 | steps=92 | track=b1126403b68002a26624161c65240f89
global_step=366624 | return=-141.07 | steps=131 | track=7da674e391b42e4d4c802403fd28828a
global_step=366672 | return=-23.26 | steps=67 | track=f83cbb7070ba8fd56a5627c6c8094c79
global_step=366976 | return=33.03 | steps=69 | track=bfdc96ea5abc023847d03b0cdb9262f6
global_step=367072 | return=30.97 | steps=68 | track=796287c0b631f51d50af610f7a1845d0
global_step=367120 | return=-78.02 | steps=111 | track=81ba6c963a215679f72a37675bc151c7
global_step=367184 | return=-82.72 | steps=142 | track=0a1ce2c5fefb2e7cba3c6af90360dcb9
global_step=367328 | return=-133.85 | steps=131 | track=24c4c612cb180e2936d7350a918def11
global_step=367600 | return=7.26 | steps=66 | track=737c5c88fe96745a9baae8545e199c75
global_step=367712 | return=-123.41 | steps=145 | track=97c1de29428db1a127c82952e6ec0c67
global_step=367840 | return=-134.75 | steps=131 | track=db5e53e8201cac3dadbafd4cb60ecedf
global_step=368064 | return=-0.53 | steps=89 | track=56ef8b588115cbbac9b4c8239bedf1e7
global_step=368112 | return=-9.79 | steps=64 | track=bde42ecc9b206edbff3e3cca129eb444
global_step=368464 | return=-123.29 | steps=168 | track=301896742da20acfb69193986d1a1d02
global_step=368544 | return=-79.03 | steps=84 | track=627a4df6ca874f39f3046ebf1c82ebd1
global_step=368624 | return=-136.66 | steps=236 | track=216103f77d193dbaeb686d87282de025
global_step=368688 | return=-142.62 | steps=131 | track=358c2a55261de6f05ab326d4824102f5
global_step=368784 | return=-120.67 | steps=131 | track=274d4d1b6405d52d25a74311f8eac8d7
global_step=368864 | return=-57.41 | steps=46 | track=aab49b5da2368fff2536c92d34533388
global_step=369088 | return=-151.42 | steps=131 | track=79f4fb64e2e32e37c77538a7f87f6cc1
global_step=369232 | return=-140.45 | steps=131 | track=021f8f66d38591d9e26fc55667ddee81
global_step=369344 | return=-193.65 | steps=223 | track=dba65e496ab6a95f7b89eb79d34f4272
global_step=369440 | return=-136.07 | steps=131 | track=6602dc2bb521ee85bd25add80eda5318
global_step=369440 | return=-110.08 | steps=192 | track=61c21d0c78b4dd77d617a363aba7997a
global_step=369488 | return=0.85 | steps=63 | track=ec22bc4279ead2cd3f83bef283a86f4e
global_step=369712 | return=-151.20 | steps=131 | track=1a5c0c08f8bffc4bbeccd529fbec45b9
global_step=369824 | return=-138.16 | steps=131 | track=8bad32dcd7e1196c2c2b4bc860970356
global_step=369936 | return=-144.55 | steps=130 | track=631b36fdc5de057b7997ddb131938f15
global_step=370016 | return=-4.50 | steps=371 | track=048ed09f9e83699de9c55ecd87f3a9f6
global_step=370176 | return=-135.24 | steps=131 | track=4a9f6e65ca3e9448066ca179a3d89688
global_step=370208 | return=39.76 | steps=69 | track=58f0527b532c526793d25f194581863c
global_step=370368 | return=7.40 | steps=70 | track=f0518c2cd7badef49accaac144042d9b
global_step=370528 | return=-3.34 | steps=67 | track=de7b00e4ed2a717c33b439463209d9a6
global_step=370592 | return=5.60 | steps=68 | track=904e67541ad5d73ab52b623b4e28d377
global_step=370752 | return=135.41 | steps=117 | track=6546e1371f6016e28f24a91d6a1918e8
global_step=370784 | return=-142.91 | steps=130 | track=ffca29b14ed265ff30fdde92a7a6b5c6
global_step=370880 | return=18.50 | steps=65 | track=4adaea20f56097c4b1d99136fb726570
global_step=371056 | return=-87.56 | steps=100 | track=b3104efe9ae6643241d7a11404fdbb32
global_step=371280 | return=-3.30 | steps=78 | track=2b13c427f5da47ec1891682cdd625ba4
global_step=371744 | return=-35.63 | steps=61 | track=d776443adbafa1f1744b48cde222caa0
global_step=371824 | return=-160.78 | steps=154 | track=89c59de36024a65d7967e3b71d8fb288
global_step=371856 | return=-115.28 | steps=102 | track=b821f733cca2bca53e628488859c3bc3
global_step=371936 | return=7.39 | steps=71 | track=7da4ddc9f08246b0b2b4e9a033d8c546
global_step=371952 | return=-96.57 | steps=55 | track=d6f4c0c5a63582d5a4f8f67f9e81b49f
global_step=372032 | return=-142.35 | steps=130 | track=8c3b23a142a4fa01c87bda67416b6fd3
global_step=372096 | return=-31.57 | steps=93 | track=28eacdcbe5b72da9333c6e6ec847677c
global_step=372288 | return=-161.61 | steps=131 | track=f4feea87133660788a03eaa0eb64bc47
global_step=372448 | return=-36.30 | steps=170 | track=13b69825996301e54f4aad524e4de7b1
global_step=372544 | return=-198.34 | steps=249 | track=ceef6cc57609b91a8bd76ce01f54671b
global_step=372624 | return=-91.39 | steps=140 | track=2d55837da31eab6d33e9027426e95242
global_step=372624 | return=-135.38 | steps=130 | track=b26a97ee8255d8fe2756b6be9b796f14
global_step=372832 | return=-49.34 | steps=45 | track=9465cc5aa561e9e4e4f918b61c557178
global_step=372848 | return=-18.78 | steps=63 | track=4508dc37724596fe3a1ee4764ebb2420
global_step=372912 | return=-1.78 | steps=65 | track=5d85498ad74bc19e73bdfc845a5a382b
global_step=372928 | return=-193.59 | steps=258 | track=f069c2423e061226bcaa15415136a159
global_step=372992 | return=-139.98 | steps=131 | track=ebb884d4cc9d76075d7f869b027dd596
global_step=373344 | return=-15.09 | steps=65 | track=5479ddf1326fea1bc7f169236ee4171b
global_step=373376 | return=-143.16 | steps=130 | track=6ce6d82ac98394337ebb8e4b5def854a
global_step=373376 | return=9.79 | steps=83 | track=4e87fb447c847c33ccd7519449f56f13
global_step=373552 | return=29.56 | steps=68 | track=18c92dc30a0bb012a064cfae859c1fc3
global_step=373600 | return=-192.74 | steps=310 | track=9dbb0bf51d55c11a7e8cb2a5befbd9f3
global_step=373888 | return=-46.32 | steps=78 | track=ba281b2782718e0b06801685c48a5bf8
global_step=374064 | return=-153.40 | steps=131 | track=ab68e5753522959c3ad3928d4ac48aef
global_step=374064 | return=-149.79 | steps=132 | track=06f529034717a1dd79c6b58176d34d66
global_step=374064 | return=-29.84 | steps=94 | track=d119f9d20600532c1036cad0e45c1c6f
global_step=374288 | return=-105.55 | steps=89 | track=65d1547dd986e73c3d968a058182e90d
global_step=374400 | return=-121.17 | steps=110 | track=8995e93bb71dac344388430747edee2b
global_step=374448 | return=-11.00 | steps=66 | track=de4fef021431ae9a421eecff3db21e33
global_step=374608 | return=-20.81 | steps=62 | track=0c6d528f8a63d37413386a18d14f6abb
global_step=374944 | return=3.23 | steps=65 | track=d82214e021fb8aef036d87d7ff3b7fd5
global_step=375024 | return=-151.80 | steps=131 | track=ec1d3a0d67a596b3f01f5df26c615687
global_step=375040 | return=-150.14 | steps=131 | track=83e82c94f97f2bc3b96c6b3a6ccaf7ad
global_step=375104 | return=-152.43 | steps=131 | track=4484490f90acb42efcd4d587c69772aa
global_step=375120 | return=-130.22 | steps=110 | track=7aeabee3a743aa97fa88f48f78ebe467
global_step=375120 | return=-58.07 | steps=97 | track=867404144bcee8c9e42695239a95f54a
global_step=375168 | return=-156.10 | steps=145 | track=563a40b600ad1b5f06006c734feb4aa3
global_step=375184 | return=31.58 | steps=69 | track=bb0bb47c126d2eed05a064a5b30e3cc3
global_step=375232 | return=-119.67 | steps=217 | track=0692cc42115653af2602b30e28f0079d
global_step=375456 | return=26.12 | steps=65 | track=451ff51c1c9d7a7fdba677b2f671c512
global_step=375568 | return=-78.83 | steps=59 | track=4d054e84e13b852cd0d0488d659667b2
global_step=375664 | return=-119.87 | steps=142 | track=a4317b6e4d0372ae552cddcf9109d503
global_step=375792 | return=-68.25 | steps=46 | track=ff736b37297e45ac3662eda3a237d878
global_step=376160 | return=-142.73 | steps=130 | track=6b2aa2f5efcfacf6c0fbb982e0296d1c
global_step=376160 | return=-27.07 | steps=60 | track=dae5222919bb25864efd436d9cee208a
global_step=376192 | return=-50.63 | steps=66 | track=2484088df969e6659b6761837501ef83
global_step=376240 | return=0.48 | steps=62 | track=56509f2cbd2f0c5e48a3e94167d0c2b4
global_step=376400 | return=-140.60 | steps=131 | track=243efb5f0c9bf738b054c0aaf1c2809d
global_step=376464 | return=-28.42 | steps=94 | track=c402fae8749a318f8ec25fcddda94d57
global_step=376560 | return=-141.07 | steps=131 | track=1b3493e72991acd93cd8ee1dda28b25a
global_step=376832, SPS=70
global_step=377136 | return=-35.66 | steps=60 | track=ea31a6f9317eb32d3577f0152a9c647c
global_step=377136 | return=-145.01 | steps=131 | track=00d6f9240daba39b4164f27c0fd323db
global_step=377200 | return=-155.33 | steps=130 | track=86d064dc8c3e222fb7b4907f9e643747
global_step=377216 | return=-150.20 | steps=130 | track=560010d4e6e2db9a1da9cc1a78f5085d
global_step=377264 | return=-44.06 | steps=63 | track=48b4ee5e651e1f1b043ccab95613aed2
global_step=377264 | return=-141.27 | steps=130 | track=ce7e4fb59ed26990563669dd933daf07
global_step=377424 | return=-106.86 | steps=101 | track=4341e3c3bcd4f2a3d6818b3d0e8b8ac5
global_step=377488 | return=-216.88 | steps=213 | track=61f38635de26ff81af7e05b6aad73143
global_step=377568 | return=-153.80 | steps=131 | track=c5cbff323c9750a084ac685ae3b421a8
global_step=377776 | return=-140.39 | steps=131 | track=b2fa5ed7388fe02bb6cb413c1c5683b0
global_step=377872 | return=-91.66 | steps=143 | track=dabfcee5239037049eac71ff44a88d52
global_step=377872 | return=-53.52 | steps=40 | track=fd38337420540cca01a90a8c2c8a2101
global_step=378192 | return=36.00 | steps=65 | track=da498de521be18f19a00cd3076af9e4f
global_step=378272 | return=-138.95 | steps=131 | track=d50c22b881a34f4b28f977ae4bf39c6a
global_step=378304 | return=-137.14 | steps=131 | track=9648f70646e65c941d9683acec4c442c
global_step=378512 | return=-113.28 | steps=131 | track=69840c5c404f93ef2fb5ab79ccb40a7c
global_step=378560 | return=-151.89 | steps=130 | track=5f9f6c3dc4f0ae69d9df24aa21e806af
global_step=378640 | return=-104.59 | steps=89 | track=85bd082d644933a2935f9152f4bdf38d
global_step=378672 | return=-148.61 | steps=131 | track=1e8158e3524f829644bad7d1bd4c9b4e
global_step=378816 | return=-105.04 | steps=104 | track=4c6350a7be3dbf4337ac62263ea4a4ee
global_step=378928 | return=22.34 | steps=65 | track=f965096bf2038a0e9ec0e169a13a0167
global_step=379088 | return=1.80 | steps=81 | track=79c8d28d9c79f4585933caf33280974c
global_step=379344 | return=-23.19 | steps=71 | track=a60024ba7ce7888cfbc7d811dea17055
global_step=379376 | return=-139.33 | steps=131 | track=b55551584a29338a1dc726e7b79329f0
global_step=379536 | return=-148.01 | steps=131 | track=6babee430f5df6c466ced929226f1a8a
global_step=379600 | return=-148.61 | steps=131 | track=cd59a53c0b0968d5b1c8e74a9f1c992b
global_step=379632 | return=5.31 | steps=66 | track=911881ef92fa8e6085f7e68becf2a1a8
global_step=380144 | return=-65.94 | steps=47 | track=202fe31fd6e7eef9503346691946da67
global_step=380256 | return=-62.42 | steps=148 | track=bc481a292bbd38fada129606fbf2a5b1
global_step=380272 | return=-14.39 | steps=187 | track=cffcf4ee1b6a3da3d9a828bb3e7f3bea
global_step=380352 | return=-121.24 | steps=173 | track=e63490704b35312e8cf899ce4253f080
global_step=380384 | return=-150.56 | steps=131 | track=524a2bad5882a50252acee81c4d23b22
global_step=380624 | return=-144.38 | steps=131 | track=6b026656936c049549b385bd2b90b280
global_step=380752 | return=-148.01 | steps=131 | track=1eef910fd5ae2350450b35eb251e3c52
global_step=380784 | return=-144.63 | steps=131 | track=ddc6e72daeb54b393620ef26517846c1
global_step=380928 | return=-156.00 | steps=131 | track=872916a21c02e99903831c8680612f76
global_step=381040 | return=-141.11 | steps=131 | track=2c45a616127e59ed3fdf6dda243f1d34
global_step=381184 | return=-146.68 | steps=130 | track=d90da21130b990a2e0cb8cb981637085
global_step=381392 | return=-4.54 | steps=77 | track=1e530321021e308d042d0c9ad0883250
global_step=381456 | return=-133.76 | steps=131 | track=956b6297beee0fab791f85524a648708
global_step=381504 | return=7.79 | steps=69 | track=20de9f2059e299fb2383c759326b9139
global_step=381632 | return=-150.96 | steps=130 | track=59943741463aba61c1505f082c6f171f
global_step=381712 | return=-143.27 | steps=131 | track=33ff713d81a6202e1caa1a67625e3229
global_step=382288 | return=-200.11 | steps=248 | track=228ef3ae87f40c7a7b7e6ddacc219bb4
global_step=382736 | return=-153.20 | steps=131 | track=fbc9f80eb25227db9cba4b09988841be
global_step=382784 | return=-160.75 | steps=151 | track=0622897f41a7bbba67e6fa41552cf2c9
global_step=382848 | return=-104.61 | steps=160 | track=08140e0d28d8383231a93ff4948707f9
global_step=382864 | return=-145.94 | steps=131 | track=979d349f062fd4dd50ad358e22e8d468
global_step=383152 | return=-138.54 | steps=131 | track=ce26138b5a74cf8cef28fdc3eebb68b5
global_step=383296 | return=-143.95 | steps=131 | track=f5bcce7f5155a3c59e48652338e63ec2
global_step=383376 | return=33.23 | steps=67 | track=ccfd7aab6c6cd115d0589a9b59c7b9b8
global_step=383504 | return=-148.41 | steps=131 | track=df64f0598ccd6caa4750fd9b2fb56838
global_step=383568 | return=-145.74 | steps=131 | track=20696d457a17614d28e01333af5ae6d5
global_step=383616 | return=-139.88 | steps=131 | track=c20c57972d5603d2de96ba3cb103cb20
global_step=383680 | return=-145.32 | steps=127 | track=b0bf3daa9eee72dfbddbd2fd562ef7b3
global_step=383760 | return=-10.27 | steps=63 | track=c7d6d535706d9cb4409c2a7048da1899
global_step=383824 | return=-159.14 | steps=131 | track=92a643826b59faf6f5eb4b2c725b7730
global_step=383872 | return=3.89 | steps=67 | track=8c2b2b9f025470ebfd6ad96cf8a6aab9
global_step=383968 | return=-84.49 | steps=270 | track=8ea7dd827fe1419eb4f90aef2b1e35e8
global_step=384016 | return=-143.18 | steps=234 | track=77c0034de50cf919e503013e5a80539e
global_step=384464 | return=-46.27 | steps=67 | track=a0519a6fc99e34408ac5d7f862e34ccb
global_step=384752 | return=-265.43 | steps=247 | track=cb45960567d0f7b3a0d9c6dc76af77d5
global_step=384928 | return=19.04 | steps=68 | track=ce0fbe3dcd4d843c46fdd9a9dbe1580b
global_step=384960 | return=-134.31 | steps=131 | track=8408b7cc5f49b4b7515a54bdb6a0035e
global_step=384976 | return=-133.28 | steps=131 | track=85b8a9f60cf848563217905cb8e2fee3
global_step=385104 | return=-113.20 | steps=112 | track=715fc68db409b3745fad8e049e0a4cdd
global_step=385264 | return=-136.43 | steps=131 | track=c0ba2bb770dbec0039a2220dff762948
global_step=385376 | return=53.29 | steps=105 | track=18ef16261129435eab86633067917083
global_step=385424 | return=30.94 | steps=59 | track=98939d1c7b0f5a129ce856dcab9bf961
global_step=385616 | return=-138.63 | steps=131 | track=03a878970f0c631124368c419b36e1d4
global_step=385680 | return=-158.20 | steps=131 | track=7a58ecdaf8d7eee14e8f4944d6c06415
global_step=385744 | return=-151.89 | steps=132 | track=e71b09ca4970555cf41b5dd8639e1abb
global_step=386096 | return=-146.11 | steps=132 | track=94597f874c28f70a6ab0acd69f5b9076
global_step=386096 | return=-46.79 | steps=41 | track=6a490a9406daf6b03889690602057a97
global_step=386112 | return=-136.31 | steps=130 | track=8a0abc9f62d2f14c00ea602368401c8f
global_step=386176 | return=-80.92 | steps=143 | track=d0b468a61fef27c2c324ae914f13b22d
global_step=386224 | return=-85.56 | steps=153 | track=c75f3af187922aedbf83793a8349f946
global_step=386816 | return=-59.15 | steps=44 | track=c0ebdb1c162dbfd478234ac1e62178c4
global_step=386864 | return=-147.37 | steps=131 | track=3d02ed4adb948e5c82060975b9bbbc1b
global_step=386880 | return=-194.40 | steps=371 | track=87505f9b3db9571aedcbdea3ce0c4ca3
global_step=387056 | return=-146.43 | steps=132 | track=6fa07b28a269d236970affb67ac79f16
global_step=387072 | return=-139.40 | steps=131 | track=e540c8712c694f21c413565064f6d656
global_step=387072 | return=-32.11 | steps=60 | track=e57d53b2a998bd175bae0c821057361b
global_step=387216 | return=-165.63 | steps=131 | track=6828fa0662cb04397382c51a96bcdc40
global_step=387376 | return=-141.53 | steps=131 | track=43eb0b23666626e7e4f648107d3b4b9f
global_step=387456 | return=-60.16 | steps=154 | track=70760b6594ca290c45c00d82db606887
global_step=387488 | return=-120.97 | steps=131 | track=ff7f38c1078bd9c890f7392a835584ac
global_step=387552 | return=-79.33 | steps=85 | track=3b9b156673dd6e9da7a573c51c793af1
global_step=387632 | return=-81.80 | steps=121 | track=d9e1590f34dc43b5def2db92ac2ad44a
global_step=387728 | return=-140.36 | steps=131 | track=0387e796dc20eabc9609afc31a21964b
global_step=387856 | return=-150.03 | steps=131 | track=39a4dc891112222cbc75c6f33e47f9be
global_step=388112 | return=-37.15 | steps=45 | track=aae6d07f9a4df7c32acf4b1ea1ccb4fe
global_step=388208 | return=-142.37 | steps=130 | track=53e32307be73da84031ba881b5dc92a1
global_step=388288 | return=19.08 | steps=66 | track=892317db34e2d8da0afe5011bc517b6b
global_step=388320 | return=-145.79 | steps=130 | track=168670ddfcf705fb814bccce4ecddd12
global_step=388368 | return=-66.98 | steps=93 | track=927fb915f3fa1623c19fd56bd878729e
global_step=388928 | return=-82.83 | steps=91 | track=ea1221bcfad1fb2bd1cca68f4ab81ec7
global_step=388928 | return=-138.16 | steps=131 | track=e1c8ff194d178d41829aef47874b94a2
global_step=389008 | return=-149.90 | steps=132 | track=40e1daf4452f12cfff05ec41dae755c7
global_step=389168 | return=-149.19 | steps=131 | track=b662f15d459d542bdaca36ebaa71c271
global_step=389184 | return=-146.38 | steps=131 | track=494ab796bd130066ead05571ee627f1c
global_step=389184 | return=-148.35 | steps=131 | track=ba18c8c279e2d5491a988235f55ddd84
global_step=389280 | return=-31.49 | steps=61 | track=70a3664afd20f944ac82020e05a1c869
global_step=389408 | return=-1.14 | steps=67 | track=d897f98aba09c8a45fe6b5695dafa175
global_step=389488 | return=17.66 | steps=69 | track=3fd7e5375bb65f26fd5eb5ad70bcdf95
global_step=389600 | return=-132.78 | steps=131 | track=1c67a3bd4292ccc5f3b89c3be4e78578
global_step=389728 | return=-131.15 | steps=130 | track=24e1b3ea9782fc1e550439c7ecfcdb68
global_step=389840 | return=-145.93 | steps=131 | track=6e4eac1d28f03032697961783f6d1750
global_step=389968 | return=-144.59 | steps=131 | track=51a22ad7ec13ff1786ac5e6c2d980f1b
global_step=390048 | return=-90.12 | steps=120 | track=e24cecf044eb9563e02a2ef790e8aa06
global_step=390048 | return=-50.68 | steps=64 | track=18850ad1b53f6378ab50dee2804db833
global_step=390272 | return=-162.25 | steps=128 | track=4bb5c9139d61294ba770125c85d455c2
global_step=390432 | return=-17.66 | steps=63 | track=d1195968a493eb4f3538586265b7268e
global_step=390656 | return=2.43 | steps=65 | track=083ac14289fc0de673dc28d4340d2da1
global_step=390960 | return=-3.49 | steps=69 | track=17ab1ddb5565d07610705c963434e0c3
global_step=391040 | return=-138.40 | steps=131 | track=285901d9021d940e7d47d8fc6c7d9bc9
global_step=391040 | return=-148.81 | steps=131 | track=abe03f3da27330c4a5600666c796645e
global_step=391168 | return=-120.38 | steps=225 | track=decbe78f30762ce37955773ff9f8bdf1
global_step=391280 | return=-150.64 | steps=131 | track=57988a989157d18a58d8f400337cc64e
global_step=391296 | return=-151.19 | steps=131 | track=ab899315297f260a4391397b5960d0eb
global_step=391296 | return=-162.80 | steps=131 | track=aa72eaed5f9dd84901bfd443c20b29b7
global_step=391392 | return=-143.22 | steps=131 | track=225ac06ae2f2018ea9cb02430990b186
global_step=391616 | return=-145.97 | steps=132 | track=8a4caff370131798bce4448e910b9aef
global_step=391840 | return=-147.43 | steps=131 | track=77b004b03b0521ed79d4091fe81471e2
global_step=392048 | return=3.21 | steps=67 | track=02aba946004806c5730bb02d2a9a84f6
global_step=392080 | return=-143.50 | steps=131 | track=ccd6f8c4a43292e878a5ebb15b24404b
global_step=392128 | return=29.57 | steps=67 | track=5886fd4259fe6394eb19436efbadcd6d
global_step=392160 | return=-128.41 | steps=131 | track=faa1efd1e7bceaea0ffe6a8b32ddc0fa
global_step=392224 | return=-107.30 | steps=135 | track=7c45f9e53858d93856376f1fe6e4b28b
global_step=392336 | return=-0.74 | steps=65 | track=00f53f81af3bea52cda43310bb22e40d
global_step=392336 | return=4.75 | steps=64 | track=e3b8203548ae6c68d9507ce6559d2d08
global_step=392384 | return=-140.67 | steps=131 | track=2e7fb8b0569bd0601564084ea1ff4a68
global_step=392432 | return=-64.45 | steps=78 | track=d4e4179dd6e7be8ee4004b01e49830f4
global_step=392544 | return=-142.87 | steps=131 | track=3a2bfd079e3010b3221c0fbb8ca241f1
global_step=392768 | return=-147.46 | steps=131 | track=8d892a67c7f134fb8c637122f5524924
global_step=392832 | return=-105.27 | steps=89 | track=adcfa05349ad7ed43aa9741a32f01060
global_step=393056 | return=-52.45 | steps=89 | track=741ef0525c5da511f953184e02c7fbf4
global_step=393104 | return=37.81 | steps=65 | track=66d01af224379728a635690cfb28003e
global_step=393152 | return=-137.58 | steps=131 | track=db235b8bb59b92fb75870ac42418b210
global_step=393184 | return=-8.18 | steps=63 | track=20269b59f461a9cb1f30541471457aff
global_step=393184 | return=-57.66 | steps=52 | track=897e878c786a9c7bd25b147464031f0a
global_step=393216, SPS=70
global_step=393408 | return=-158.56 | steps=131 | track=3f9e673265ab4c89e7d4567e98a0095f
global_step=393424 | return=-16.66 | steps=61 | track=dc126376438a28429a852bab6790f55c
global_step=393840 | return=-104.70 | steps=106 | track=fb59e923ba53b0bc2891b0753d579035
global_step=393840 | return=-72.42 | steps=90 | track=288b49d537ac1c3b021c536afd062e37
global_step=393952 | return=-145.26 | steps=131 | track=b59f32521d9139ebabf6198b044e088a
global_step=394048 | return=-118.13 | steps=106 | track=194d86681cab21160954ada5b42352d0
global_step=394112 | return=20.50 | steps=65 | track=78c79d573b3086a0ea62a8674c9d8430
global_step=394192 | return=-149.76 | steps=131 | track=c7ba042e9968ad021d31b5b30a4f3ba4
global_step=394336 | return=-140.45 | steps=131 | track=73dbd5b995423b07406d44a9d1a40615
global_step=394384 | return=-9.54 | steps=76 | track=7aeab37674012580bd4b4cfb1a9dd661
global_step=394880 | return=-144.63 | steps=131 | track=c61019fb710e3466c0b1a672d8d41ff1
global_step=394896 | return=3.43 | steps=65 | track=5b65e0df0a539d2d4ac3e0e458f679f3
global_step=395024 | return=-111.49 | steps=136 | track=3600eb720a5a4ea0a25182e69707bd7f
global_step=395088 | return=15.32 | steps=70 | track=e8438e9a1a743a11cacc0db019ecaca6
global_step=395296 | return=-138.26 | steps=131 | track=8d3896f9bcbeb534035b36a86f7cad1f
global_step=395360 | return=9.83 | steps=77 | track=00f73bac5e41d2424bbd5c32909e7fc3
global_step=395408 | return=-21.84 | steps=63 | track=9b85a2e76e068e880a08633a432c42a3
global_step=395520 | return=-141.11 | steps=131 | track=c70b453c63be7096359d8fa37bf39bf4
global_step=395536 | return=-141.53 | steps=131 | track=ebcdb20bd8b8517246c0d26e7aa34db4
global_step=395696 | return=-80.75 | steps=156 | track=92ef79587e9e9f7ea2b514f136ec19fb
global_step=395808 | return=-34.97 | steps=168 | track=01fdeab79719f87b115ab5962a5dca8c
global_step=395888 | return=-5.82 | steps=62 | track=90852af07b459cb434465172ab413361
global_step=395936 | return=-146.39 | steps=130 | track=44a2f367e797c739d451f974b7939699
global_step=395936 | return=-49.19 | steps=99 | track=e6a2edafbacf5c1c10e612596c3fd578
global_step=396144 | return=-112.24 | steps=224 | track=b6b073e5b5102aea6a46ffcc50b0159f
global_step=396160 | return=-148.54 | steps=131 | track=ce9657fcd01a1d3eea155bde8f09073d
global_step=396288 | return=-142.40 | steps=130 | track=7d3168ac361cd13f528403c20f0faa6d
global_step=397008 | return=-140.83 | steps=131 | track=ecb94acf525094054accb50ca31d0eda
global_step=397136 | return=-137.13 | steps=131 | track=55a6786f0d7e31e612fbd96a2d8e19a7
global_step=397184 | return=-122.70 | steps=130 | track=2f6d9fcfe961135b629a0f5294281a9b
global_step=397312 | return=-131.01 | steps=111 | track=2904dbc826d014daec1ffc9a35381bbd
global_step=397360 | return=10.12 | steps=66 | track=8a97049b1bea0cbc9ac7ecc20497657c
global_step=397392 | return=-148.69 | steps=130 | track=858f36e57e6658417b5182e4036f8907
global_step=397472 | return=-139.64 | steps=131 | track=9de3064d2196657af5cc42ec2d52f3f9
global_step=397520 | return=-148.78 | steps=131 | track=a1fcf00a3212ba5c2c99b777a4e23c56
global_step=397632 | return=-148.38 | steps=130 | track=fed408f3aff382caabe565f27c596722
global_step=397808 | return=-152.61 | steps=131 | track=967778dfa825bf2fc9ead709edf8333e
global_step=397920 | return=-151.01 | steps=131 | track=450d5ce63e30d120f3bc8ec40045f6d6
global_step=398048 | return=-135.00 | steps=131 | track=dcd11a34f5961a9e0ec2183dfc625dca
global_step=398048 | return=-60.86 | steps=134 | track=472f093da81e6d9cd1838955a536f75b
global_step=398240 | return=-149.00 | steps=130 | track=9678bc420380bc3aff19b6f1a5eb682e
global_step=398256 | return=-130.18 | steps=130 | track=f858044f94bcc85aa40bbc9eb47f0825
global_step=398352 | return=-6.65 | steps=64 | track=d4fbcf101f82f7d76300ba6a31f585e8
global_step=398400 | return=-106.35 | steps=153 | track=546634a54baa9e193d2ade048a1661a2
global_step=398656 | return=-109.80 | steps=102 | track=04767714fb0b5e0cef660c67b1152270
global_step=398752 | return=-38.47 | steps=100 | track=3bd1a3642a307084527a92c6e79f7b30
global_step=398848 | return=-77.55 | steps=92 | track=c3b42cdb03738d50ffd4630baf585d0b
global_step=399152 | return=-105.95 | steps=109 | track=fd15015a1f7a5e43a8ca64f20b6de647
global_step=399296 | return=-141.76 | steps=131 | track=4b14d5ef7a9163bf9d3073e661fa00a1
global_step=399440 | return=-129.20 | steps=119 | track=8e473b49419f3c823945736f327dfdbc
global_step=399584 | return=-122.80 | steps=131 | track=717ccb630f2eeca1f6ff2b296632b684
global_step=399744 | return=-143.99 | steps=131 | track=97a1afbe7030277edaf69cd8d4a6cb47
global_step=399760 | return=25.28 | steps=68 | track=a9a7c462b9e0195eadba423724d254cf
global_step=399920 | return=-148.01 | steps=131 | track=b10b37e517f65360c05e78246db49e3d
global_step=400032 | return=-106.89 | steps=131 | track=f393c529f0df9454d594423ea4192924
global_step=400144 | return=-166.02 | steps=130 | track=682ebd0cf9fcb2492685129a44b60146
global_step=400160 | return=-145.00 | steps=131 | track=d46c24f94af17a489e78765ab040b000
global_step=400240 | return=-105.61 | steps=114 | track=d5168c09969c84b58270d46b3008ddf7
global_step=400352 | return=-139.78 | steps=131 | track=01467dd8f80515ec30dc22c544475291
global_step=400352 | return=-75.69 | steps=93 | track=7fc6c473ae13931d3b38aa3ed7338ae9
global_step=400352 | return=-132.19 | steps=130 | track=864a9467b2c1490b8b45abbe3be6edb6
global_step=400464 | return=-117.46 | steps=131 | track=c542427a7bb445c6eae5a232f6520ef6
global_step=400864 | return=-156.61 | steps=131 | track=afd70e6b8c5b9e88c9900875e6c908a1
global_step=400896 | return=11.35 | steps=99 | track=26d002cdb271ae13d7b57b2b61b6e8f6
global_step=401024 | return=-26.82 | steps=61 | track=553cb65836809626ecfac43e187880a1
global_step=401248 | return=-149.96 | steps=130 | track=2de8b240b72a524a82f95b5e5e68cccd
global_step=401280 | return=-41.63 | steps=57 | track=bbcb60de8033e073fcadcd5d00ff5ba2
global_step=401488 | return=-13.65 | steps=63 | track=a3110c0aee1e2095a5f86a1f0a612ef5
global_step=401552 | return=-145.74 | steps=131 | track=e03af3a057b794d2abc88624fa357805
global_step=401696 | return=-144.85 | steps=131 | track=8b470ba8149b839342a1f666c810368e
global_step=401856 | return=-150.95 | steps=131 | track=2be4142d8622b31fa5ede0fca344c689
global_step=401872 | return=-146.99 | steps=131 | track=f9c5f5ed05b00fca1a663d8e6873e1d8
global_step=402256 | return=-138.26 | steps=131 | track=f731fab54e67353b96b4274b257ef2a7
global_step=402272 | return=-147.49 | steps=131 | track=2e2a852f37e7851b2ae92fd819881565
global_step=402304 | return=11.28 | steps=65 | track=b7f23e21fdc7c1b23d62adc83c4c56fb
global_step=402352 | return=-148.68 | steps=131 | track=e83ca80f88b8ad8b7dfa525e4cf0ff09
global_step=402448 | return=-135.39 | steps=157 | track=0825de99ec399c6d26f0c3f8543580f3
global_step=402448 | return=-127.54 | steps=130 | track=9cc0da53961bd7c148b67eb873171491
global_step=402464 | return=-147.46 | steps=131 | track=cded3add935f906c2c6229f952b44b58
global_step=403008 | return=-146.16 | steps=131 | track=948eb4dc63ecc2964b757a62001b1835
global_step=403136 | return=-145.73 | steps=131 | track=db9044b19e9b690f96742ee061601292
global_step=403312 | return=-108.73 | steps=90 | track=42feb19e9ad4662558573bab259c8c81
global_step=403392 | return=-134.93 | steps=131 | track=dbb1deb2b21e8f2b2dba7b3c740e4c18
global_step=403440 | return=-123.97 | steps=121 | track=44a6d8f88b53a085a636d921f2e177d3
global_step=403664 | return=-144.25 | steps=131 | track=1584faf8b82737185d605420008c8613
global_step=403808 | return=-148.80 | steps=131 | track=f18d5d3a70761b88c74bd0d39347203c
global_step=403904 | return=39.29 | steps=89 | track=142157314c3437298f68f7fa4f14fbb9
global_step=403984 | return=-151.24 | steps=131 | track=b9e88fd9f477b792e573cd7565820c19
global_step=404368 | return=-136.95 | steps=131 | track=350010ecb6777bf636641eb656f390c2
global_step=404400 | return=-166.19 | steps=130 | track=03a4ba0e2f33d73238037cf9dab8abca
global_step=404464 | return=-117.25 | steps=131 | track=de4898ab56a7474eb20750ad387f4405
global_step=404560 | return=-152.98 | steps=131 | track=15f7693f2d66f7fa465ef4fbc5767665
global_step=404560 | return=-146.38 | steps=131 | track=ff8ae55772a8c946966ea44f5a087603
global_step=404576 | return=-100.91 | steps=89 | track=3466f787c9bfb6541f6cd0c71656f922
global_step=404704 | return=-238.23 | steps=239 | track=a6efde95da42b12c1b269e0b3efebb19
global_step=405136 | return=-144.00 | steps=132 | track=92e3271cbb016d3fe4c1be9b0e7201af
global_step=405424 | return=-144.17 | steps=131 | track=d8cacc8a9231dd0229a9d096a8d053b4
global_step=405456 | return=29.03 | steps=67 | track=137dfda5f3f8f1f5c91cf2fb4cdada46
global_step=405536 | return=-77.57 | steps=116 | track=b7db2371f2bf1cc6ddc147847f63c261
global_step=405552 | return=-146.38 | steps=131 | track=7d77c487884d85d6fca851f219c2788a
global_step=405648 | return=-73.63 | steps=140 | track=2a07639df5f00361677019ed3390f1f1
global_step=405744 | return=-124.38 | steps=109 | track=350fb7dfeaae44739d1faacf1c786f82
global_step=405824 | return=15.74 | steps=69 | track=8e2488503273f0e6a9dc669476f671bf
global_step=405904 | return=-153.60 | steps=130 | track=148802fec3a8af182966947c0634d2e4
global_step=406352 | return=-152.19 | steps=152 | track=9b72d98f3062ad9172abf57ae32dcad9
global_step=406512 | return=-153.43 | steps=131 | track=4537f2f41bb699b2db6d8e26c5782644
global_step=406592 | return=-134.67 | steps=269 | track=006ca58c75c09589b19c268ac10b627f
global_step=406656 | return=-141.48 | steps=130 | track=71745a5cfbd83f4495ace3b547abd262
global_step=406672 | return=-104.27 | steps=131 | track=7fd6355b152898c4c8986223dafff7c1
global_step=406912 | return=-91.53 | steps=90 | track=5bbf5d6acfb7c05a6beb0add4c7a33cf
global_step=406976 | return=-55.77 | steps=149 | track=defece340d59b0550459f17e44d0d609
global_step=407232 | return=-152.17 | steps=130 | track=a007576fc550e7732181f15cf1c17329
global_step=407264 | return=-96.54 | steps=89 | track=b811fbdf9f55f3335fce8f1d16d4f46c
global_step=407520 | return=-148.66 | steps=130 | track=df278844169adee1723e8933928decf2
global_step=407536 | return=-92.46 | steps=111 | track=638a779072bfba3a70365d5872c02d77
global_step=407664 | return=-152.53 | steps=131 | track=b908836044677321691fd3c3d9536416
global_step=407760 | return=-29.88 | steps=52 | track=bfaad48dcb516ada34989fb9d8a9ada9
global_step=407904 | return=-135.78 | steps=147 | track=7f99261c4038c5f4b7c527243e9542e2
global_step=408016 | return=-149.91 | steps=131 | track=429531afe936c0d722564bf5578ca834
global_step=408288 | return=-2.79 | steps=65 | track=d0c4ddd9977ead63b255601c667b82ff
global_step=408320 | return=-195.90 | steps=240 | track=0c563100262d863941c8b0f92b66c4de
global_step=408592 | return=-54.83 | steps=82 | track=d228c14c4923b724fc191e5e2923449b
global_step=408608 | return=-155.18 | steps=130 | track=141bcbe16058be3856b045ba3c285007
global_step=408768 | return=-143.96 | steps=131 | track=45e400b5c54d7b3a214adfde999198c4
global_step=408784 | return=-13.14 | steps=63 | track=5ac50fb897d03e78c24e72ba7081b7fb
global_step=408784 | return=-140.67 | steps=131 | track=b40880cd180daa7bfb5f23468a1c0a5d
global_step=408864 | return=-143.99 | steps=200 | track=80333bd7f5b868b7a9d83e3a44f1b22c
global_step=408896 | return=-87.43 | steps=143 | track=da8dc5082eb16bfc792fffcfdfee8465
global_step=409072 | return=-145.18 | steps=130 | track=84d2d6475cb5685677b57dfddb078c6b
global_step=409536 | return=-68.02 | steps=101 | track=7593053ded81cb80b68f7aaad2429ce2
global_step=409600, SPS=70
global_step=409648 | return=-142.80 | steps=131 | track=4123309ba0284712936330ff69a689ae
global_step=409776 | return=-140.86 | steps=131 | track=2f1a91e7857c087ece1d281ddc9918f8
global_step=410064 | return=-142.92 | steps=231 | track=8a106fa59c1be654aa9364d5ac1b5e83
global_step=410128 | return=-132.31 | steps=131 | track=6aff86c5bafc9ba469db4ccb0007059b
global_step=410400 | return=-143.03 | steps=131 | track=9582de5bf42b787c13164cfbc92f4ba9
global_step=410432 | return=-134.47 | steps=131 | track=6ff54a5ac1cb36834f3b9d07f8ef7cb8
global_step=410528 | return=-120.68 | steps=109 | track=38923e55d523e887430e6f425e604b7e
global_step=410560 | return=-52.50 | steps=110 | track=8fc2bcbb0b14191862d51b3c45f57d67
global_step=410704 | return=-159.86 | steps=131 | track=a474a1f2eaa8f632fce3f900e8d6b2df
global_step=410720 | return=-155.41 | steps=131 | track=8f8b30ca2f7412a8af32ce48f7de6df5
global_step=410800 | return=-60.34 | steps=45 | track=7052794b390c1c8c2ed73f0bc9f3a55e
global_step=410896 | return=-141.11 | steps=131 | track=d173f18644cd860006bbb9cd1550bd0c
global_step=410896 | return=-179.79 | steps=210 | track=fc7a7da1dc31f292e69d548df3fb7335
global_step=410976 | return=-140.80 | steps=131 | track=4147e3841cf1e2c1f2658d1fa8573428
global_step=411008 | return=-142.40 | steps=131 | track=c43649a690f285eb8323d259c7bae1cc
global_step=411040 | return=-26.01 | steps=86 | track=27add3abd0552e0739071cfa31e1365a
global_step=411312 | return=-125.76 | steps=110 | track=36b49da1642a485cc8d4680cb4d1f838
global_step=411824 | return=-186.58 | steps=171 | track=e5f1fde9fa97637efe78c3a3da090a35
global_step=411872 | return=36.38 | steps=71 | track=16b81bee164925896fa7e4c5b578e3be
global_step=411888 | return=-163.61 | steps=131 | track=064d7d40086859442a79ae69cc41f6dd
global_step=412128 | return=20.16 | steps=71 | track=21e77c95f81c7e332103b10d58d948cd
global_step=412144 | return=20.68 | steps=77 | track=a399dc4ab75c61bc67413245dfbbb6ac
global_step=412160 | return=73.92 | steps=109 | track=77b071cd05dee0869549683252c5871e
global_step=412224 | return=-142.45 | steps=130 | track=b22ebbe555b1261d6dbfec086cc0ffbe
global_step=412544 | return=-146.41 | steps=131 | track=494eaa1356295375025563b46399a939
global_step=412656 | return=-139.31 | steps=130 | track=8a97effca60028bfdc3ee2cae17e2f85
global_step=412752 | return=-63.70 | steps=57 | track=679dc99765038044ec850efa125a83ea
global_step=412816 | return=-148.78 | steps=131 | track=1c5b5f6f6a3868425bffc8769748b61d
global_step=412896 | return=-143.42 | steps=130 | track=4fdeb530afaf7db79f19ef1607ebb3d1
global_step=412944 | return=-55.20 | steps=150 | track=6b4057941469f7916066be1fb3e6e750
global_step=412960 | return=-1.75 | steps=66 | track=0990a5c0ec7ffbd44173ed0d4c817d3d
global_step=413008 | return=-140.01 | steps=131 | track=434957efb283b47f303128c38f1a6af2
global_step=413136 | return=-99.49 | steps=130 | track=fb27b208c4f2a5e641fd2db86adf93dd
global_step=413168 | return=1.20 | steps=64 | track=a70f15db46e70344f547b12aea2cc687
global_step=413312 | return=-15.45 | steps=71 | track=1d72f5869f1cffe8e6a44b4c508d369b
global_step=413376 | return=-37.82 | steps=71 | track=93c3be08f0077b56b79ffbc813aab854
global_step=413408 | return=-54.43 | steps=46 | track=41637619a1e989b55f7d01f6b7f49c9b
global_step=413424 | return=-132.06 | steps=131 | track=dc0ee48c2aee4f2228edfdc5415be0ba
global_step=413616 | return=-0.78 | steps=66 | track=e85d3eb9f34fdd224259c5a5a4d069da
global_step=413760 | return=-21.32 | steps=171 | track=cac0f3cf59bdde9d4625e0584b61036c
global_step=413904 | return=-56.48 | steps=47 | track=4011ee77aa4dcd48c0c33b8f0abe0ac0
global_step=413968 | return=-160.96 | steps=130 | track=8a9a14257bef7d886d2458af77c31bde
global_step=414240 | return=-104.17 | steps=130 | track=206105cdc192bc7892c37d6633d4d8ff
global_step=414256 | return=-108.99 | steps=89 | track=f71f2ec564e62a0563ee63f58e665424
global_step=414304 | return=-31.40 | steps=61 | track=55956a832024f15fa4ef5d2a11ca75f5
global_step=414448 | return=-62.93 | steps=89 | track=d025d4accf0eb2e4283ddcd1ef31087d
global_step=414496 | return=-75.86 | steps=45 | track=c601267a42477f906215e11088186127
global_step=414512 | return=-119.03 | steps=109 | track=33dda07520f2cefa34219968aec43236
global_step=414880 | return=-76.38 | steps=60 | track=37670a31a3217cbb71ba735ef6813aad
global_step=414976 | return=-67.04 | steps=84 | track=3c6c660cff67bd91e3259809256f7ed5
global_step=415008 | return=-143.41 | steps=131 | track=d0596e63355cdf9c1baa49a04a04023b
global_step=415008 | return=-71.62 | steps=47 | track=0ca57f6a858a767f6bd748b87354ceb1
global_step=415056 | return=-158.93 | steps=131 | track=ad42b1d8fff43d79c63d9a2673b39ed0
global_step=415072 | return=-22.83 | steps=68 | track=ab79339e26f14cca1d19745f770bc246
global_step=415072 | return=-128.00 | steps=131 | track=8abbedc264f960103122b15dd8092c60
global_step=415280 | return=-149.75 | steps=131 | track=f328023dd93177314d34effe2a7ecf30
global_step=415296 | return=44.69 | steps=64 | track=7bf47df76c923002520cfa8b7e76ed1c
global_step=415488 | return=-123.53 | steps=131 | track=00cab929ff749d782625b95831989827
global_step=415504 | return=-133.69 | steps=130 | track=a62e6d72c83a32865de22aa1f91ad235
global_step=415536 | return=-142.08 | steps=131 | track=098e3a3dd40b528c2ef57ee25f343f8e
global_step=415856 | return=-49.27 | steps=60 | track=ef7b1c745d5f255bd708dc657eb9e122
global_step=415952 | return=-107.18 | steps=89 | track=82f53cdd5ebc0659b981c356290e4d65
global_step=416032 | return=-20.87 | steps=63 | track=6b070b5b3556ce6e150469332d4c6577
global_step=416256 | return=-49.53 | steps=73 | track=e5ccca87affac319e8eeb55b86c8ed99
global_step=416560 | return=-148.35 | steps=131 | track=121b51a0de6ff4c601412b387e49c348
global_step=416832 | return=-64.64 | steps=157 | track=01308d3b5ff0919a9388b25173e390a2
global_step=416896 | return=-129.39 | steps=149 | track=e7e1426e1fe3a55faeaacea65188029c
global_step=416976 | return=-98.59 | steps=91 | track=4282a7a7b632953d02d78beb645489fa
global_step=416992 | return=1.22 | steps=64 | track=5682e9c63c85f4a7d1b54f250f565fa2
global_step=417024 | return=-136.64 | steps=127 | track=659df5e8eae626e6482daded690bfcc6
global_step=417104 | return=-147.31 | steps=130 | track=fa66b8359e5fb72a9affdc13fb3d6703
global_step=417168 | return=-152.11 | steps=131 | track=f0ca9e6ece8d0079063806676f05bfe0
global_step=417184 | return=-146.72 | steps=131 | track=caf3c92ed612be405a98db1d825205fb
global_step=417248 | return=-9.59 | steps=61 | track=c83240ebca22505acec8efa8d64cd580
global_step=417392 | return=-142.65 | steps=131 | track=85140d669a05b48838cc39d9933ee821
global_step=417408 | return=-143.67 | steps=131 | track=2b973e2c78a33bda2ad0df311227d86c
global_step=417632 | return=-152.58 | steps=130 | track=92bc948ee63b6c10d571fe6a5b5b53d8
global_step=417968 | return=-138.80 | steps=131 | track=f17639b2f468d861dcb46bb639ed9082
global_step=418032 | return=-137.79 | steps=158 | track=7928c19dbfcfdffba58ee38ca975611f
global_step=418144 | return=-146.29 | steps=131 | track=1fef08b79fad00760117359ab177f07c
global_step=418288 | return=-86.68 | steps=55 | track=71cc0a4686a980354c83c35a911ebccf
global_step=418656 | return=-141.44 | steps=130 | track=b04630e2d98e084aea8d2441b471d55b
global_step=418944 | return=-147.40 | steps=131 | track=046df7667e8d943b528018ccabe48efa
global_step=419088 | return=-146.38 | steps=131 | track=64a5cfcc470246d64ecd865490abe1b3
global_step=419104 | return=-144.41 | steps=131 | track=25b105a07885b6aacfb79b84aa986b9a
global_step=419136 | return=-146.15 | steps=131 | track=2b88580f367f428491210228e5266aab
global_step=419216 | return=-142.81 | steps=131 | track=c18fbe65ffdb3c49fe2827ac0b67b476
global_step=419248 | return=-90.21 | steps=146 | track=74604316ed82ba3a7f624450bcf46540
global_step=419280 | return=-146.99 | steps=131 | track=b972b16e2935d1ce6d646e28f9b034fe
global_step=419360 | return=-143.78 | steps=131 | track=0c8379b4ed748fbc7c62d379319ec752
global_step=419520 | return=-145.00 | steps=131 | track=88eba610e4a1e10094ccec81336d2c82
global_step=419536 | return=-75.67 | steps=146 | track=3d35f5f17a420593a61153fd69a38925
global_step=419744 | return=-149.92 | steps=131 | track=1694f06c8832270019d4fcc696e81d6d
global_step=419808 | return=-66.55 | steps=43 | track=cb22a42554663a93c0359dd286c94419
global_step=420080 | return=-147.56 | steps=131 | track=7e7d3a28d3adec6b3a8b2f62d0dcdd62
global_step=420128 | return=-147.30 | steps=130 | track=298de1525125e9d67b8f0b062fd4b0d1
global_step=420256 | return=-137.41 | steps=131 | track=edb4213d40c6d34a9a16ed06247bed56
global_step=420496 | return=-106.75 | steps=137 | track=675dd6a422531e73b68845eccf444c90
global_step=420736 | return=-68.33 | steps=92 | track=755b2761859a23cede1d348fc0f637de
global_step=420768 | return=-141.21 | steps=131 | track=512d1c6b3f04bce6195cbf7d5c897fc4
global_step=420912 | return=-27.42 | steps=68 | track=98994fa8f9c9faa6abe63d55d001724c
global_step=421248 | return=-140.36 | steps=131 | track=a71eafda56ad4f438527286fe08efc48
global_step=421264 | return=-106.50 | steps=127 | track=fa4b02d3bf2b2bcf8ef1fa70ace32787
global_step=421296 | return=-66.98 | steps=146 | track=7fe0573a697b50acb70ed42b117424b6
global_step=421392 | return=-155.60 | steps=131 | track=eb0990e95671aa10f9640e79389c4dbd
global_step=421456 | return=-146.18 | steps=130 | track=7db54570d862dad728eeb2f462dd5d1f
global_step=421536 | return=-32.71 | steps=152 | track=41209a65468b1acdf50aa80dd274eda0
global_step=421552 | return=0.94 | steps=65 | track=8fffc7b27d8b59e3a7a43b9a0542eeed
global_step=421632 | return=-155.17 | steps=130 | track=f569471eafc00cb2cfa73f15b0c6919e
global_step=421760 | return=-96.15 | steps=139 | track=b2654f830bad1ab6806ce3e0931d1775
global_step=421856 | return=-152.90 | steps=131 | track=77d2d5cc993088e80d869584300a6783
global_step=421936 | return=-4.97 | steps=63 | track=0a07e44b5bc14c3ae0a38a344b2345a3
global_step=422240 | return=-152.11 | steps=131 | track=1a12d9dd283a2ae7c948b9ace6dd8c50
global_step=422256 | return=-114.80 | steps=92 | track=be029b3bb3ee0c1c77193d7c719b744c
global_step=422352 | return=35.27 | steps=65 | track=476b88cf227913bfd4c335ee05d1d578
global_step=422368 | return=-133.87 | steps=131 | track=68cc18d72d5a503657d6ad86dc8c169b
global_step=422848 | return=-135.96 | steps=131 | track=55c852c5d2460cca55f45a761e943a85
global_step=423232 | return=-157.36 | steps=123 | track=bb4e7b2f577ae7ca0b5367086cb054a3
global_step=423232 | return=-68.11 | steps=91 | track=9722d6fdf014202946584440925c202c
global_step=423376 | return=-145.93 | steps=131 | track=ee87762a2433f55431b1d1d8392c7124
global_step=423504 | return=-142.59 | steps=131 | track=a3dbdb517c18c1a47b2451333e628b95
global_step=423568 | return=-146.21 | steps=131 | track=cfea3d0485c8a7b1fe6306295ba60d7d
global_step=423648 | return=-120.40 | steps=106 | track=dc4a97c675b297ab2e87eeeca6576234
global_step=423648 | return=-145.70 | steps=131 | track=0de062330685a1b47d2208394f3576c8
global_step=423664 | return=-136.43 | steps=131 | track=2428db02dd85922b13fc642050980a1e
global_step=423744 | return=-142.59 | steps=131 | track=eb6b28049c5b4441857d944c9eb1cd42
global_step=423920 | return=-44.32 | steps=42 | track=efc880f6ba10365a6dde465c457b3fce
global_step=423968 | return=-143.96 | steps=131 | track=76c2465917eded1ef361ba0a06d9861a
global_step=424144 | return=-40.61 | steps=56 | track=18ed5a87e4c3a5b0c3fac44fb201d154
global_step=424352 | return=-138.66 | steps=131 | track=b5e2ac5b48d9c17af3de91a1496cb7e3
global_step=424464 | return=-132.78 | steps=131 | track=3982b1afe591d62d0d4473633c90aad0
global_step=424624 | return=-56.98 | steps=77 | track=bdb7fabc7728d3a3f13126f11988b4e5
global_step=424688 | return=-12.03 | steps=64 | track=9d1ebe798f7e90ae4767b976030bef52
global_step=424704 | return=-74.64 | steps=145 | track=ef5fdcacae54bf8b6104e7e5454b55bc
global_step=424960 | return=-139.13 | steps=131 | track=08a6263e1358a40524fa0083eb56cbfb
global_step=424992 | return=-75.10 | steps=92 | track=ae77a283131ca4659e8d3e772144446a
global_step=424992 | return=-97.38 | steps=306 | track=8df6d1664b12df7feaafb92659470aa7
global_step=425232 | return=-11.84 | steps=78 | track=82afc64fcd23b8fdf8727ad3aca8293b
global_step=425760 | return=-150.14 | steps=131 | track=eeed13f632e1873b75adbe45a00c0429
global_step=425808 | return=-38.00 | steps=69 | track=145c8f89c61316195e35e3d2db569537
global_step=425984 | return=-92.44 | steps=144 | track=20ef0a99f8709d5c4ee88194bcc64218
global_step=425984, SPS=70
global_step=426016 | return=-58.38 | steps=152 | track=342d5581b6daf9800ae827da2b18461a
global_step=426032 | return=-141.54 | steps=131 | track=9dc1cc91ae5b1c22851166f505f0ae3b
global_step=426128 | return=-66.95 | steps=241 | track=ee0b167bbb9034cf85d09e576e6fd69f
global_step=426256 | return=-151.60 | steps=131 | track=199514104665977875b5835f614b2269
global_step=426464 | return=-144.59 | steps=131 | track=3c7bf7d492423e5829607469a2358f9f
global_step=426576 | return=-145.07 | steps=131 | track=88c3db640b184fe1f9f511a20398232c
global_step=426736 | return=-54.01 | steps=43 | track=0402060490e2d4e81146073075aab91b
global_step=426816 | return=-152.30 | steps=131 | track=b2ec290022231bc08bde00bc9a330dfb
global_step=426816 | return=-147.10 | steps=136 | track=a3ccd2a76898a6b5e1252417fbea4219
global_step=427072 | return=-151.80 | steps=131 | track=bade1dfa831a97f7f5c913cdbda279cf
global_step=427104 | return=-148.68 | steps=131 | track=6a5b4a634712dfa566e64a5a8560dd4f
global_step=427104 | return=-136.90 | steps=131 | track=7d9e17833203f6e45cfa88c353320149
global_step=427328 | return=46.02 | steps=83 | track=9531706086fd1ccb25e6174fa3ec61d7
global_step=427344 | return=-149.92 | steps=131 | track=7ef5096ef8159f385a0a29135feb7425
global_step=427808 | return=-25.42 | steps=61 | track=e5b625557641ebbb95cf8848d5f3ecc9
global_step=427920 | return=-152.53 | steps=131 | track=9db1fa4993808689c6f19e358c215c1d
global_step=428000 | return=-160.08 | steps=265 | track=21bb5ecf2b4e1d4f88674d47effccd52
global_step=428096 | return=-172.68 | steps=145 | track=7a3a829f4671da330c38716d6812e516
global_step=428240 | return=-141.21 | steps=131 | track=8fb0f6017b102bdc2755cbd103c74803
global_step=428368 | return=-102.08 | steps=131 | track=7ab9c87913e3900929090f4dc1b459e0
global_step=428400 | return=-30.11 | steps=103 | track=20f16506db0c0a4852645688db005fe7
global_step=428560 | return=-36.08 | steps=158 | track=26bf8afb349e1c520e428d5b91a2fc96
global_step=428560 | return=-146.05 | steps=130 | track=30bc2083cdc5f990c98c36f33b46f358
global_step=428688 | return=-145.23 | steps=131 | track=3df04db3da45f0263fce5b5ea6b0af2c
global_step=428928 | return=-147.20 | steps=131 | track=1cb26ad6135d60fa302c32c6185ef989
global_step=429184 | return=-137.68 | steps=131 | track=a8f0b9e863ceb6fa39ef2e660a78e692
global_step=429200 | return=-129.79 | steps=130 | track=f792d828744c06a1ebbdab947052fc02
global_step=429216 | return=-128.30 | steps=131 | track=d289eb902a6bbff1d5d8c021a476428a
global_step=429264 | return=-44.75 | steps=43 | track=2f4d998169a715abad239d562d1038ba
global_step=429376 | return=-131.16 | steps=126 | track=e37eddb54459d7a2b586202383f847d1
global_step=429440 | return=9.18 | steps=66 | track=05c0f86c4a140c23c21aad30b8c0f05d
global_step=429776 | return=-103.82 | steps=85 | track=9455771ec566d57fbf642bc1e40f978b
global_step=429920 | return=-152.41 | steps=131 | track=016c2e1b87c24ac12cb1d554680db6a4
global_step=430032 | return=-199.05 | steps=168 | track=60993b25f5a37d987822c2013b1f68ec
global_step=430032 | return=-147.05 | steps=131 | track=fb34fd3c7664b31094fb4b05258798f4
global_step=430112 | return=-145.61 | steps=131 | track=0b22b385e1de2f67e60aa2181f1e992f
global_step=430672 | return=-149.47 | steps=131 | track=7c2a48f0637af5e5d17be1b6678940ce
global_step=430688 | return=81.89 | steps=161 | track=16006f022e784d810c482213349e6639
global_step=430800 | return=-147.72 | steps=131 | track=8cf59cb8507791068855705fd0c39ec2
global_step=430992 | return=0.55 | steps=66 | track=a169a50954a528281a9bea34ec2d8e17
global_step=431040 | return=-134.70 | steps=131 | track=43f02da7667ccfc74b9e7b81c801b3f1
global_step=431280 | return=-141.84 | steps=130 | track=b935614a1e4a7caee1dfe75fc2711bd5
global_step=431328 | return=-156.52 | steps=131 | track=2977915861ce157b972a01ab01afc3c1
global_step=431376 | return=-140.20 | steps=131 | track=f4d8f4fb4387d1e1208142d9f371b9f4
global_step=431488 | return=-99.69 | steps=131 | track=60933b2622d9d23d7a1d619626de007b
global_step=431552 | return=-134.60 | steps=131 | track=25d97280f7f1d01eccdeec9671f21a4d
global_step=431888 | return=-138.19 | steps=131 | track=20fd24663b36f52fc6226e6526a78a82
global_step=431936 | return=-126.93 | steps=230 | track=a3d9dfb85fa98204e101a79d5fbb62cc
global_step=431984 | return=21.48 | steps=80 | track=327fd1e68932bdfb50bf9f035f12a565
global_step=432064 | return=-53.28 | steps=42 | track=2adc029ad1078b81a1fca9782363ea2c
global_step=432080 | return=-3.51 | steps=64 | track=1107a22f62e36cbb51a24d7039d16860
global_step=432144 | return=-147.37 | steps=131 | track=00004ad481e6a6c6b22e4f3970048d79
global_step=432144 | return=-138.91 | steps=131 | track=c57109b90ce3660eca04b41212ac5842
global_step=432224 | return=-154.95 | steps=131 | track=24c3afedbead08ef444d35af53b19dac
global_step=432640 | return=-92.53 | steps=102 | track=7547722585b1f4862c007924a485ba14
global_step=432784 | return=-135.00 | steps=131 | track=4b5b82489ec53de8dd9c073e97279008
global_step=432912 | return=-137.65 | steps=131 | track=a66a09f44c38fbfea6e8b05c047d3ea5
global_step=432976 | return=-22.19 | steps=67 | track=8a721bc0fa324f01a1573ba4bc3dd1d6
global_step=433376 | return=45.69 | steps=71 | track=56cd77233026c1d8a0a1ac9344ad76c9
global_step=433392 | return=-144.85 | steps=131 | track=6df2a3650296645172a66e68d3f363b5
global_step=433440 | return=-151.60 | steps=131 | track=f663b2736076d03556b37bea6b053e9f
global_step=433584 | return=-30.79 | steps=126 | track=2f1ab2f1e65873479f338a3dfcf78368
global_step=433584 | return=-82.56 | steps=93 | track=4a15edb09b25fa28356cda76ea0f2395
global_step=433600 | return=-144.76 | steps=131 | track=501373a84c3ef5f4cdb665315d8ae0dc
global_step=433792 | return=-116.20 | steps=286 | track=6c77f45ee748566ee036cb4a01f45d90
global_step=433808 | return=7.69 | steps=63 | track=e5747cb6f474183b0888714fb5d6f38e
global_step=434048 | return=-143.21 | steps=131 | track=d10ac93e27a1e0d8f9aae75c087c5dd9
global_step=434176 | return=-150.41 | steps=131 | track=04eee0f3baeeac62f7a90864aeae06d3
global_step=434240 | return=-145.11 | steps=130 | track=060d079e477042972f5c3c0402ccea9d
global_step=434272 | return=-64.90 | steps=41 | track=96423ef2169a1e65968e0d7964759a2d
global_step=434496 | return=12.73 | steps=98 | track=29a0d2bd8dde83431b515579e00a4dc0
global_step=434608 | return=-154.33 | steps=153 | track=e9a7d3de6b160448b1e5a061267f9970
global_step=435040 | return=-81.20 | steps=102 | track=e89b1c9ff2fc5f9c83d8d83fa33671ea
global_step=435088 | return=-150.07 | steps=131 | track=a45cc88ae4963063ecb5024dd6f02dee
global_step=435408 | return=-67.03 | steps=49 | track=521d29f513771c07708d6f4c83f5aa71
global_step=435472 | return=-135.15 | steps=130 | track=48e8e51a635dd44b7616261a590acbc2
global_step=435520 | return=-166.26 | steps=220 | track=24a2f0f7efb3e956eec99c0519d82231
global_step=435568 | return=-146.00 | steps=132 | track=a30ff4941f8033e087d4768bdf4e1b79
global_step=435696 | return=-134.67 | steps=131 | track=1040223d1cc9ca6df2066408e1f0ea5e
global_step=435696 | return=-143.06 | steps=131 | track=a909c3034d6d2db78ce14c4d4d6e74b1
global_step=435920 | return=-137.90 | steps=131 | track=d224575c939cf47122ae40db9975d174
global_step=435920 | return=-153.40 | steps=132 | track=193b31d12662ca26e94ad42c65789625
global_step=436160 | return=-143.35 | steps=131 | track=21ac8e71df01e28a6d4b0660b2a3a5db
global_step=436288 | return=-149.57 | steps=131 | track=b68f85a58ddb60a57d748a13eb520bec
global_step=436320 | return=-153.65 | steps=229 | track=ffadb8d68f2669cf72e80166711b216a
global_step=436352 | return=-158.02 | steps=131 | track=cd248af426f5f44cb7c03c22ca998342
global_step=436384 | return=-144.52 | steps=131 | track=6c2062bfd7eb3cc4d5bc31a68e8e5ad1
global_step=436592 | return=-149.69 | steps=130 | track=38034d6589624e9c5e006410b5913588
global_step=436912 | return=-10.48 | steps=61 | track=2df483fc09b832e16a488896883f87e8
global_step=436960 | return=-0.87 | steps=64 | track=d86df8089ec89668c46605f9c9a8d15d
global_step=437088 | return=-52.36 | steps=94 | track=4632522435f0f8f03e74ea7d8ce64b80
global_step=437120 | return=-69.78 | steps=47 | track=04bc292ba3563608dc71728605a5daa7
global_step=437152 | return=-149.57 | steps=131 | track=c1ab5de7adf33733aa9e88b67c2bf084
global_step=437184 | return=-141.26 | steps=130 | track=0bb61b935a793113a87a85e70e6ae7c5
global_step=437328 | return=131.98 | steps=101 | track=3dfd8b765cb8941453955d937e2dd73c
global_step=437520 | return=-147.18 | steps=131 | track=86d41c64891d509d59d52cc7105d9e7b
global_step=437584 | return=-147.90 | steps=131 | track=7a567acc706ed2cc2658a60a9b9169a3
global_step=437632 | return=-152.89 | steps=131 | track=bd4ac931134978caeb03189b30d14d22
global_step=437728 | return=-111.76 | steps=89 | track=a1804d3316c80f8461a7aa720602c681
global_step=437808 | return=-140.77 | steps=131 | track=e8c365800781de1c0b2eea9caa0dfbff
global_step=437824 | return=-106.16 | steps=89 | track=8a03cdf9f0c69dbf3ba42c9be415e3ea
global_step=437904 | return=-18.41 | steps=44 | track=c0be540fa0665b7934ee9055cdcaf2e7
global_step=438032 | return=-106.99 | steps=89 | track=6bb7bc3cf714823ab8ab951643b0b9d1
global_step=438272 | return=-149.57 | steps=131 | track=2e4ab2218215dbaab4248d6aa942e288
global_step=438368 | return=4.05 | steps=64 | track=fbbf56930ca151f7e55d64f90a3e41b6
global_step=438512 | return=-119.01 | steps=136 | track=d78f0033eaebbc92d99a7d4b9ee3d7dd
global_step=438864 | return=-78.12 | steps=118 | track=2bf4113c0a6b0172afedde6f99725289
global_step=438912 | return=13.85 | steps=68 | track=035ec2bd4208cc1f09ed68feb20224c3
global_step=439024 | return=-141.75 | steps=131 | track=45b1ab39a2f3f38b4c2f8830f7ea8438
global_step=439200 | return=-141.75 | steps=131 | track=f61b49b36d955f5117559d1256b85a30
global_step=439232 | return=-144.60 | steps=131 | track=b35ea0322f7d99464855361bb7af6d4c
global_step=439248 | return=-146.55 | steps=130 | track=4925ba5f283a9ad70fdf5de935099a5c
global_step=439696 | return=-146.11 | steps=131 | track=7feed16e5cc28f8f69192040f5a63f5c
global_step=439744 | return=-147.55 | steps=131 | track=d189ddb31879bd2337755841c291ca70
global_step=439920 | return=-110.56 | steps=102 | track=5bb0dba691a3de088a5e54aa402302ba
global_step=440096 | return=-89.03 | steps=141 | track=7cf68bee8a0655f894d0db91ffd5eace
global_step=440112 | return=-122.17 | steps=137 | track=1d3d8e49876b1e632722100e4e2c6337
global_step=440128 | return=16.76 | steps=68 | track=4fb0d455223d83f7b5f3d73df112c97d
global_step=440144 | return=-129.86 | steps=131 | track=546b26e4fc295b6a4306cd89d62329b7
global_step=440352 | return=-58.57 | steps=89 | track=ee1efdc3efe4a5399994e1e161053987
global_step=440560 | return=-168.06 | steps=189 | track=8dd9b7be8bbaa91ab5664344ff238d09
global_step=440576 | return=-155.90 | steps=137 | track=5a98ae54921412b92f8b71cd33838371
global_step=440624 | return=-147.71 | steps=131 | track=7b71f0bb90d6293a91ff98a305cb4075
global_step=440752 | return=3.24 | steps=93 | track=ec18e5c66787c4acc08a4c1d6bb0b702
global_step=440976 | return=-103.63 | steps=131 | track=b7722ef6236bfe4b6bb77096e5512a38
global_step=441296 | return=-127.81 | steps=130 | track=813d4afe39342bd65b5c12360fbb9b79
global_step=441344 | return=-133.76 | steps=131 | track=a866b851dbbfce6292098013b862ae14
global_step=441680 | return=-81.46 | steps=57 | track=f6670bc294241cc4638d792338eff9e7
global_step=441872 | return=-150.61 | steps=132 | track=ccea82f72f7258a5b6abd330a5b23098
global_step=442032 | return=-141.60 | steps=131 | track=071e8a4a28ecbd23ae95abbc06c1428a
global_step=442208 | return=-143.03 | steps=131 | track=cfd5b808496700c73d24277489f7323b
global_step=442224 | return=-149.60 | steps=131 | track=3b7b07e145882586413692b6f0171a7f
global_step=442224 | return=-145.40 | steps=130 | track=d0c2a8e1c5a762dd343a097be1821399
global_step=442256 | return=-135.96 | steps=131 | track=3f023890b05adbabbcbb73e9c27e04d9
global_step=442368, SPS=70
global_step=442416 | return=-121.15 | steps=111 | track=4a7695bdbc19f6e0b874c0734cd5f62f
global_step=442464 | return=-135.61 | steps=131 | track=3fc9f36cfee6368dd6bd442fbf169fe1
global_step=442672 | return=-149.69 | steps=131 | track=5dcf33147f29a31b0f72216b10ae613e
global_step=442688 | return=-138.80 | steps=131 | track=fe91b04a9b70ff3f003c52f2102c1886
global_step=442976 | return=-164.05 | steps=327 | track=248e3a65fc3879eb8f3b8af015f599a2
global_step=443072 | return=-157.73 | steps=130 | track=aefbe037bec62c8671756168f532e956
global_step=443184 | return=-36.30 | steps=57 | track=7c7e9586e5b67c2db74e4c468cea0233
global_step=443312 | return=-198.77 | steps=225 | track=a4cfc9a625b21f96dd9b141b7ac42985
global_step=443408 | return=-10.33 | steps=73 | track=3eec48ed054d6f1fc3ff939f55075d1b
global_step=443408 | return=-59.55 | steps=128 | track=395fe4fa54101e9b1954d3b1a386d81c
global_step=443408 | return=-135.15 | steps=131 | track=adaff8390b77ad8b03b970e31f7b2615
global_step=443504 | return=-12.47 | steps=64 | track=d9e63795e6a3e48fb223b6d1ba494672
global_step=443648 | return=-95.77 | steps=100 | track=94dfb4be7b699e494e4c62964bbda21b
global_step=443792 | return=-133.04 | steps=131 | track=6afbf1847d7ad761d81328a5963c3f38
global_step=443872 | return=-9.22 | steps=90 | track=826b033034b27203a26c37fd630a11ef
global_step=443968 | return=-18.24 | steps=48 | track=f5078794a0fd2be52249c7d5f0d08b60
global_step=443968 | return=-48.28 | steps=79 | track=d583eb39fdfd3a19e67d2035317e996b
global_step=444128 | return=-0.94 | steps=65 | track=fb829017e73685e1aa9e379fbb03656a
global_step=444336 | return=-159.19 | steps=131 | track=04e674c3b580cb0c4adc260aea306742
global_step=444464 | return=2.93 | steps=65 | track=3de1249df0ad14e7d843d9444ed057a5
global_step=444528 | return=-107.60 | steps=144 | track=edda1e3db751b5ad7acd35da04dd664d
global_step=444752 | return=-58.62 | steps=48 | track=fc8ce67d1042635a82adbb770bdf07df
global_step=444784 | return=-149.81 | steps=131 | track=c929019e9c9d1921b52a2f701b7deb60
global_step=444912 | return=27.57 | steps=69 | track=1e1a860b114eb5ddcc1e91b4fdfd4b92
global_step=445200 | return=-48.32 | steps=41 | track=eb3f56eb1470984417b0a95a325ab17c
global_step=445232 | return=-80.68 | steps=140 | track=80b0c7ff73fa839ba8bbb362caa81e61
global_step=445344 | return=-118.80 | steps=91 | track=4038850dfadb1be22d5dced7451a289a
global_step=445440 | return=-138.90 | steps=132 | track=3c8a26f511ae843be91453bdff053fbe
global_step=445504 | return=-32.99 | steps=46 | track=dbf050f9b52fe70789678d05054ecc87
global_step=445536 | return=-156.86 | steps=132 | track=a5c6880876cceaa56bc3c0b7005502d3
global_step=445616 | return=-145.00 | steps=131 | track=822c129938d7314243735c8fc4781db9
global_step=445760 | return=-138.40 | steps=131 | track=4a8f97fc6e7c53671b6ef7564273d68a
global_step=445952 | return=-50.76 | steps=113 | track=e698fd07f223905815c32ccd8bd41082
global_step=446080 | return=-138.81 | steps=131 | track=48cc8e69a26efd6d602ad0d0e655be1e
global_step=446320 | return=-82.66 | steps=60 | track=f13162faa5dbffc798cf333f4ac53591
global_step=446464 | return=-185.70 | steps=190 | track=21dd906b54d195e175e33dfbd94eb0b6
global_step=446576 | return=-147.37 | steps=131 | track=ea976dfac4f225d573ea75a0857c8be8
global_step=446624 | return=-36.19 | steps=86 | track=953e0116175c1804427d93bd4e85a721
global_step=446624 | return=33.20 | steps=67 | track=79694f61b0e7729032730630777f59ff
global_step=446672 | return=-71.16 | steps=145 | track=85dfaa76d0e029ee810891fbd148f311
global_step=446768 | return=1.40 | steps=82 | track=ba23ceaa69f6b1b19165c0cf9cdc3427
global_step=446928 | return=-205.04 | steps=315 | track=bd0760a29d85c348281753e9f3a2f94f
global_step=447024 | return=-159.68 | steps=131 | track=402062edd1e825ee8c8c7b0fada72fc8
global_step=447184 | return=-122.41 | steps=104 | track=4f1d2a90fa53ea908b54cb1c756b2006
global_step=447408 | return=-47.22 | steps=45 | track=87ed6408565200c7c182136593a96e16
global_step=447584 | return=-18.64 | steps=62 | track=28933a2cc907f7b1c93d335d9ca9d6ad
global_step=447616 | return=-119.44 | steps=150 | track=9ee409d42ae4f199e55533f7829ef629
global_step=447680 | return=8.49 | steps=65 | track=3c4e91f632201ab08ddef5a9f6e88486
global_step=447744 | return=-145.76 | steps=132 | track=b3769853b6042eb3411a1e4608644bf6
global_step=447856 | return=-151.52 | steps=130 | track=484e90cb58426150ebaeacc7e1c1601e
global_step=448064 | return=-136.05 | steps=131 | track=b7a060d1e61b9b1c883eed5b4c8bc51c
global_step=448192 | return=-148.36 | steps=131 | track=285fffb786ca589074a552e09be30b33
global_step=448192 | return=-92.23 | steps=212 | track=76e0c21a722a163a112c1a311d5e2575
global_step=448432 | return=-150.55 | steps=131 | track=b7ed12d2d3d2c80c98973c7ac1aea925
global_step=448672 | return=5.28 | steps=67 | track=3aa14f14e7536c7b932dea5cfc4ce64f
global_step=448704 | return=-131.81 | steps=110 | track=3b2af71e472b1d37fda41848515585f3
global_step=448720 | return=-21.07 | steps=60 | track=ef034f7b745fc717999f33e6e0db5289
global_step=448720 | return=-139.17 | steps=130 | track=6e3c6f3d19fc6b26db74b6b52da54dde
global_step=448928 | return=10.02 | steps=66 | track=42c3fcca8609214e877a4905f5ec1600
global_step=449120 | return=-107.95 | steps=146 | track=f0b9559640ee567e3c989f4f48d4bee5
global_step=449136 | return=-150.10 | steps=131 | track=853c47ec753290717566aa8964c1a577
global_step=449280 | return=-152.80 | steps=130 | track=d63ec083f1232a90c9aff0952b2fcdcd
global_step=449520 | return=-139.66 | steps=131 | track=c3a5cee6481243ef3bbf71a31ba9b3cd
global_step=449536 | return=-39.98 | steps=91 | track=a25706b3a18b5e698b2f4f8c1b1a1d84
global_step=449616 | return=-134.98 | steps=196 | track=0c493b1c6c9cdfe9aaddfa409a574a6c
global_step=449968 | return=-6.88 | steps=64 | track=aef26b437fbc08c6b6779c386ef2b478
global_step=450016 | return=-61.21 | steps=145 | track=2a395cc9fce2d0ce257ffb95f59c3c73
global_step=450112 | return=-35.95 | steps=155 | track=47378b0048aa9e0275cb4549ff49149b
global_step=450288 | return=-68.81 | steps=41 | track=04aba4ed367236b712dc30428beac474
global_step=450304 | return=-153.01 | steps=131 | track=b6ec842579aba4bec0f1e543894f0b66
global_step=450400 | return=-108.59 | steps=122 | track=b7d67fc6a9d5529b60fddebb38dec753
global_step=450784 | return=-137.92 | steps=131 | track=0700d4f2681c6e90ba95c4a4ccbb1775
global_step=450832 | return=-136.20 | steps=131 | track=00442945f01f2301986d84425c70ce8a
global_step=450864 | return=-122.41 | steps=107 | track=e593580af4ed6417acb6f28b92b7573f
global_step=451264 | return=-139.18 | steps=133 | track=c0cc4bac5daad3b5ded936d66014a29a
global_step=451328 | return=-12.01 | steps=64 | track=03c46b4d1dbe40be78376541f936558d
global_step=451344 | return=11.10 | steps=64 | track=c5252c48618c3c219b191988e2966778
global_step=451376 | return=-142.19 | steps=130 | track=11dac469f6a9e0967d637eaa941c3dd0
global_step=451456 | return=-110.14 | steps=89 | track=5290549115334e97ed9de011a2fe0cb6
global_step=451504 | return=-138.91 | steps=173 | track=546e520a847a4da9f43624394106f7ef
global_step=451648 | return=-143.21 | steps=131 | track=588b6ee84be874da440deb1e4a24b154
global_step=451728 | return=-125.40 | steps=220 | track=0b2ae7887af85400fa4e1ae8e5a905d6
global_step=452224 | return=-132.55 | steps=131 | track=d018f60df658cf5b21ca5822f0b21136
global_step=452336 | return=14.66 | steps=66 | track=51cd695f1c480df1029cdfd516537c4c
global_step=452480 | return=-105.52 | steps=156 | track=d36b5da2a2fafd185a584107f47afe28
global_step=452496 | return=-137.00 | steps=130 | track=672454ce5606f800f7562a4719199725
global_step=452512 | return=-7.76 | steps=62 | track=721130ef94ec215b3a7491cc897cf707
global_step=452688 | return=-190.01 | steps=248 | track=779641498ac1dcc884173135b9f6b4b5
global_step=452816 | return=-105.61 | steps=89 | track=e238f0eb6caa11001cf03f3c11ed9162
global_step=452944 | return=-133.87 | steps=131 | track=17757d9d5b2057396703c44723b4fc08
global_step=453056 | return=-39.02 | steps=136 | track=6d73edc965bb5054bfbca64dce485529
global_step=453136 | return=-93.64 | steps=56 | track=d723f06112004027d99adfbc3f6c8997
global_step=453232 | return=-191.40 | steps=231 | track=f9026d3ab043363a05011dee8312c075
global_step=453248 | return=-64.22 | steps=47 | track=f8ff853f19422cfd6cc1c9eb8c0444dc
global_step=453296 | return=-33.40 | steps=156 | track=61113f9d0b74b7abe15692db45b8aacf
global_step=453408 | return=1.74 | steps=66 | track=6607c0463d36778d11cebc066b3c5064
global_step=453456 | return=-148.49 | steps=131 | track=e2a3a69d78e6b46592b909dddc48ad8c
global_step=453568 | return=-31.85 | steps=54 | track=6810ef2f1fa7c143acc5e3c578ad0f41
global_step=453760 | return=-148.78 | steps=131 | track=aabf8e890000ffda15060d6b5b207456
global_step=453824 | return=-140.52 | steps=130 | track=1a36b20135978a2ee0710750c944998a
global_step=454000 | return=-2.95 | steps=65 | track=167309ba906f4c3f31dac9798ef07656
global_step=454176 | return=8.33 | steps=69 | track=5d7f6833a909b7375c9242a37a59953f
global_step=454496 | return=-43.64 | steps=41 | track=ed5073366357489ecb0601a35f78052b
global_step=454528 | return=13.93 | steps=66 | track=c634a16a9a20861f94a1f58efc9a50d8
global_step=454608 | return=-157.66 | steps=131 | track=a086c16bcd49a181a2653acecf66756c
global_step=454608 | return=-10.95 | steps=64 | track=a931284438ae9e31684188622677b590
global_step=454624 | return=-142.43 | steps=131 | track=02780e35a57f257d0c932e7bef8d8b89
global_step=454672 | return=9.45 | steps=95 | track=258ee95a11f3dea8f830e18c085a281f
global_step=454752 | return=-121.41 | steps=93 | track=b0ad7ffbb9bb96c5cbb7e8dddb3d25db
global_step=454848 | return=21.34 | steps=67 | track=6d89084131517c906c635258386366c5
global_step=454848 | return=-113.59 | steps=89 | track=c8bbc1f01caa5e5a7ee8a37bb0837dfb
global_step=454928 | return=-143.80 | steps=131 | track=ef122be612d1daafd6388ce996d5844c
global_step=455008 | return=-133.50 | steps=110 | track=fa524350926ce223b0e4bd02ba295479
global_step=455408 | return=-140.00 | steps=131 | track=e58841652776affa70afcb22356ea83c
global_step=455600 | return=-30.42 | steps=61 | track=c26577f4ade28c62f9845c774dd39cf0
global_step=455856 | return=2.15 | steps=84 | track=9480bcadc258765c22d0e7b8cd453d54
global_step=455984 | return=-170.16 | steps=282 | track=abf42203395d5106ce7939af8085e0bd
global_step=455984 | return=5.98 | steps=65 | track=2550e98c2220ca271f5d955348a146c9
global_step=456112 | return=-132.60 | steps=131 | track=b00b9d4ffd03a8e452285d6949c0bf52
global_step=456288 | return=-148.18 | steps=131 | track=2dba92ca4192286cccaff92a3b64b98b
global_step=456336 | return=-117.35 | steps=106 | track=55ceca3c5a46ff5612370e679ad0c54f
global_step=456336 | return=-89.00 | steps=57 | track=a4eebaeb4db686ad46723c49cd828057
global_step=456720 | return=-139.33 | steps=131 | track=2f0a4a445d94e0a5664783574164fb6b
global_step=456768 | return=-152.32 | steps=130 | track=181f60d3acd07b14124b56ef1af0c264
global_step=456832 | return=-198.78 | steps=343 | track=8e4c9091652a1d957749e5cda0cd0235
global_step=456864 | return=-142.21 | steps=131 | track=090a246323ac987be0de03e81f9ff7ae
global_step=456960 | return=-135.59 | steps=131 | track=1b77ba88802b7c1b514df07d7a320f37
global_step=456960 | return=-147.37 | steps=131 | track=193167c1ca6ebc393d290ae0b7017abc
global_step=456976 | return=-43.06 | steps=61 | track=21cc9a6eb067925d7621f0f8f43a08ef
global_step=457120 | return=-146.29 | steps=131 | track=200a59e73a8b36581c7f292ab9d1adfa
global_step=457424 | return=-123.98 | steps=97 | track=0ac3b6c10025f18e7f3da50ec437f68c
global_step=457472 | return=-133.36 | steps=116 | track=3f5fc0b8fa94f7422143d2e2fb30b5de
global_step=457760 | return=-150.74 | steps=201 | track=20baeb0aaef9157b163eea2574a69274
global_step=457760 | return=-23.48 | steps=61 | track=b0e9e1bcd7fdb31fa4cbd8eb4999f980
global_step=457920 | return=-27.15 | steps=74 | track=ec537bbf3952e09a0a794140df85c874
global_step=458048 | return=-126.41 | steps=109 | track=d53170da2225c4e57da286c67e9f8ba0
global_step=458096 | return=-138.47 | steps=131 | track=f9d072f70b6b75a80c5b6e0dee7e2a43
global_step=458224 | return=-134.51 | steps=131 | track=1dd5ce595ea65e065fe566443f0ebaf6
global_step=458448 | return=-148.21 | steps=131 | track=872388b83679b91358bd116fe34fcd1a
global_step=458448 | return=-123.66 | steps=131 | track=95f288aaabb721a44d3be81e54d28bba
global_step=458752, SPS=70
global_step=458816 | return=-3.72 | steps=65 | track=085293d549f33e412a1838a5d14aabbc
global_step=458976 | return=-142.43 | steps=131 | track=1e40552f6c53637f5901aa4371b9ab04
global_step=459072 | return=-154.94 | steps=131 | track=9b2cf34187924dd398f7a5638d22d3b1
global_step=459072 | return=-140.74 | steps=131 | track=3562e481a19f47a488f4c7dd986e7bb9
global_step=459088 | return=-148.75 | steps=131 | track=21255a6f5d817e3afde0cebdd582941e
global_step=459136 | return=24.87 | steps=67 | track=dfb1172b3afce7fd500c303e7a97792c
global_step=459152 | return=-26.38 | steps=65 | track=0bee72682e3a8644164d443871c5d0f1
global_step=459360 | return=-114.32 | steps=89 | track=c924fd1676307de5b316b21de591d3df
global_step=459472 | return=-90.60 | steps=146 | track=856bd1a3a9503f6891c6f297f0af31e7
global_step=459536 | return=-147.20 | steps=131 | track=c5da6f34ee6b7c34a4d91f32a4fb895f
global_step=459584 | return=-146.29 | steps=131 | track=6c763120a544505f0c2baabff4ac6546
global_step=459824 | return=-57.24 | steps=62 | track=db4c49dcf4dc19e786ea7e392093c319
global_step=459824 | return=-36.84 | steps=45 | track=10267bd1d12dcc2f3aa29a55f01319bd
global_step=459872 | return=-142.26 | steps=131 | track=44880c4928164a51a3e929398a2da87a
global_step=460336 | return=-141.76 | steps=131 | track=7d0e5bae115c13fdbe7aa800597d24ec
global_step=460544 | return=-122.42 | steps=130 | track=a300983418c850ca07b91030778b05a7
global_step=460672 | return=-94.81 | steps=138 | track=46ea6cc7a90d6fc09fd95d60ee193378
global_step=460928 | return=9.14 | steps=65 | track=db71cc8b601f79a8ad418d335a0e2378
global_step=460944 | return=22.33 | steps=69 | track=8d08c8c5561c1bd810d59ff37df563a5
global_step=461072 | return=-147.79 | steps=130 | track=e981fc8cf4d34ee6bb48a3d309bb6550
global_step=461184 | return=-141.53 | steps=131 | track=c63d0c9c7ba608d5e6358e8605358ec6
global_step=461248 | return=-139.15 | steps=131 | track=c875a12bf199ee9a06e13294834054a5
global_step=461264 | return=-140.23 | steps=131 | track=a0b71752aa0d800744d8912f4b59a689
global_step=461568 | return=-135.65 | steps=130 | track=2aef26b07df743751cf699c97701c483
global_step=461712 | return=-6.76 | steps=64 | track=1c5e749f968a8faa77a67ca3d35982ea
global_step=462000 | return=-156.63 | steps=182 | track=ce5f9e91000575c00979aed5ce8e3829
global_step=462016 | return=-102.42 | steps=136 | track=f17e2749204b9a5e6bf95378f24ce09b
global_step=462192 | return=-266.76 | steps=334 | track=2f7f09bfd2515fd6e40b6dca2b97cd24
global_step=462448 | return=-143.50 | steps=131 | track=4e50894b611ead90e0988b52e5633bd2
global_step=462656 | return=-127.11 | steps=131 | track=330df0f88e65554653b449600f08bd11
global_step=462944 | return=-29.26 | steps=46 | track=f6fe238c9c14ec1d34131f83a42a039f
global_step=462976 | return=41.20 | steps=126 | track=266ef5e8b399c37e7b01636b1c065de4
global_step=463056 | return=-6.77 | steps=64 | track=faf378c55f7e74f019383bbc6e8ec932
global_step=463072 | return=-6.92 | steps=66 | track=470f1d698b751bd2a84f2064cc0e79c0
global_step=463184 | return=-153.08 | steps=131 | track=92b3605bbd87368a5836533643d54537
global_step=463360 | return=-142.08 | steps=131 | track=1f7a8086d138c1798694528874b0695e
global_step=463376 | return=-137.44 | steps=131 | track=74a7ff7bd191f9a01b3cd5b290e8e820
global_step=463520 | return=-140.34 | steps=145 | track=0e6783c570b02967bb8ab95237e1c240
global_step=463632 | return=-57.35 | steps=40 | track=1c7ca4b1cb21bc944f82c76d97a1413c
global_step=463680 | return=-145.75 | steps=131 | track=380c5feced87cdce73fbbc49f58882ec
global_step=463744 | return=140.83 | steps=262 | track=4a242af2bb07aab948609ce101872152
global_step=463808 | return=-144.19 | steps=130 | track=8cfeb46a1e315f29099158dd03d49378
global_step=463968 | return=-159.33 | steps=273 | track=8ed938c2ed7bbac6f85d2df95450a410
global_step=464176 | return=-26.61 | steps=61 | track=f3e7b040b36e9c9974069b8e9656d19e
global_step=464464 | return=-127.31 | steps=220 | track=928bc30baeab7b615d82e33dbf8b9988
global_step=464608 | return=25.17 | steps=67 | track=3d19c5bccc6e2a0f8d7f18916cf750c0
global_step=464624 | return=-79.47 | steps=58 | track=214d6d6a0e2fc5a9cbf4a43deb2bf07c
global_step=464624 | return=-107.58 | steps=96 | track=b66115da6ea9b81d7a20612da3f4f690
global_step=464704 | return=-88.56 | steps=333 | track=49a1a08e8ad43463cb4f0de49a4483a7
global_step=464768 | return=-130.20 | steps=131 | track=8c9f7820a6804d386762b2c66ce17bf9
global_step=464816 | return=8.40 | steps=66 | track=432e359f2aebd830be29d61c66ecce01
global_step=464880 | return=-76.18 | steps=93 | track=9c1096fab86740d68ea61f121f262f66
global_step=465040 | return=-141.16 | steps=130 | track=0fd4da7ed878ad4c50fce62917031b68
global_step=465168 | return=-136.95 | steps=131 | track=3f3b7d2ef5f08e5e534fe4396ea73e0b
global_step=465184 | return=-86.22 | steps=170 | track=579601e0499e4712788e9863a2f272cb
global_step=465472 | return=-148.21 | steps=131 | track=7c3dc2177da46613fc8cf79bc04cf345
global_step=465744 | return=-141.33 | steps=131 | track=8008bd8e89d0a83c7bfc4a730f7f7371
global_step=465904 | return=-151.71 | steps=130 | track=24ab538ebe860d733757367a61a59d72
global_step=466288 | return=-150.07 | steps=131 | track=cb5372e79dd335a0cc0747d4d8bd9808
global_step=466320 | return=-29.78 | steps=146 | track=2f07696e29e971971ad50e1493a626d7
global_step=466560 | return=-144.92 | steps=130 | track=fc53d650d25859b71fba82c75e413647
global_step=466720 | return=-146.61 | steps=131 | track=a8b73979aed438e375bd9787e68b4f31
global_step=466736 | return=-141.33 | steps=131 | track=10b33f5672c8d21ed0158f2f7318e45f
global_step=466816 | return=-141.30 | steps=131 | track=be6cb0af4f1e4c7be8b8c32950812b43
global_step=466880 | return=-159.44 | steps=131 | track=b9dd49c2184e8a1f78408ba95ab1496b
global_step=466912 | return=-99.24 | steps=130 | track=b9e21080768b8ed179ec7f305bd0ba07
global_step=466992 | return=-140.36 | steps=131 | track=81a1061e23f28d9a90389d59a24b46ba
global_step=467152 | return=-140.96 | steps=131 | track=8b6251ce51f1975eb5b7b3edc8e5349e
global_step=467264 | return=-128.04 | steps=130 | track=0bc733f6b47f77f6332877ba3ec3657c
global_step=467280 | return=-147.77 | steps=130 | track=0aea83d706eb0374749bce5ddf682af2
global_step=467488 | return=-37.43 | steps=178 | track=06fca93cdada8195eb2022913623c76d
global_step=467584 | return=-135.70 | steps=131 | track=10101e4bc3bcd9d461f5df721d96b81f
global_step=468016 | return=-150.55 | steps=131 | track=85f5216b37a59f0384a5bd9cf0f5352b
global_step=468400 | return=-138.87 | steps=131 | track=acb94cfd02e59201426bd8de3d0557c6
global_step=468432 | return=-131.56 | steps=131 | track=3c807eab0407b2b24f49e8d8bdc28640
global_step=468496 | return=-120.65 | steps=109 | track=dca4e3ecb06adb3b6ee7614638878c08
global_step=468528 | return=-68.99 | steps=95 | track=234161979df87985f83fdb96f3d5c118
global_step=468560 | return=0.38 | steps=66 | track=504a8004730b5ecdfd9d4685aaabcfa7
global_step=468656 | return=-107.72 | steps=130 | track=53c53f8988ffa74eab86a5995aa869b7
global_step=468672 | return=-84.71 | steps=111 | track=da6901513c56ffe8f938e92c131f4652
global_step=468928 | return=-139.64 | steps=131 | track=9b7dbc95647ef73eb72d9c8ec0bb8b6e
global_step=469184 | return=-174.60 | steps=153 | track=d04e04478956aa64e464b9215fcaf1a7
global_step=469376 | return=-148.35 | steps=131 | track=17f7bcb348ac12c83da34c059ca3e229
global_step=469472 | return=11.78 | steps=66 | track=2d462402e5a4c4f91fb8ba5057575150
global_step=469696 | return=-138.40 | steps=131 | track=ce125c3ddc38ac41195fc6fbea5c5c85
global_step=469984 | return=-42.89 | steps=122 | track=c53cfd728675d3aeedf59c59dd9cb40e
global_step=469984 | return=-66.81 | steps=168 | track=22b7e0a4ca73bcea8bb8d10e81ccb235
global_step=470032 | return=-190.91 | steps=194 | track=b171cf45ff77e0a85b2634395119331b
global_step=470064 | return=-144.13 | steps=181 | track=b51c1bc62800132fd0b3b12d9cd9b77e
global_step=470096 | return=-96.50 | steps=89 | track=56a6800c161635ffceae0066b6b15543
global_step=470160 | return=-121.10 | steps=101 | track=b0c18e010167484662e98ca05923bbb6
global_step=470272 | return=-116.99 | steps=282 | track=1594567e4cccf176e2bb593fdd1c74c0
global_step=470544 | return=-147.05 | steps=131 | track=7c4970362d018d75134519bca8d17d47
global_step=470608 | return=-145.73 | steps=131 | track=fec251481ce0a877f6bb954631d4daee
global_step=470656 | return=-145.80 | steps=130 | track=f09aba12b795a25d29f48a63654e0a0d
global_step=470800 | return=-142.68 | steps=132 | track=89ae8db1f8d219ee16e328dfea54ec8a
global_step=470992 | return=-59.37 | steps=44 | track=7cc744def187c99859ce7e7d41cd0b33
global_step=471056 | return=22.93 | steps=66 | track=cf06151e86be06008484d16f08a0fb2d
global_step=471152 | return=-14.07 | steps=61 | track=659536544e129c4e90e38c523a760c62
global_step=471296 | return=-144.28 | steps=131 | track=f9509ffc5c3b6b1911665949e7f171f2
global_step=471488 | return=-151.12 | steps=131 | track=aab373da0597f21fb629f7fc1c395755
global_step=471568 | return=-146.18 | steps=130 | track=d9637e03e04aa685ec6b09b699e3912f
global_step=471792 | return=-139.55 | steps=130 | track=5ee474ab0d3a9682f35f64d152a48c11
global_step=472064 | return=-58.77 | steps=94 | track=31bd79d881c810cfe0b679764b141679
global_step=472080 | return=-51.67 | steps=67 | track=8bb8f939d42fd3fec9791726edde4e61
global_step=472096 | return=-135.48 | steps=131 | track=8c6adb96815477465582730e4a58787c
global_step=472144 | return=-143.50 | steps=131 | track=1c7abba747cd43ce6cd6804d56a227e7
global_step=472176 | return=-134.07 | steps=131 | track=4712f6af709f5808f6ae6301cff6f039
global_step=472304 | return=-18.53 | steps=62 | track=127a7d68f57e0f561cb9f68b9fafe050
global_step=472608 | return=-125.37 | steps=229 | track=1b6d184a43b0c19abf7a186b7474bee4
global_step=472720 | return=-137.90 | steps=131 | track=6213b5eb04aba590a30f87584a87063e
global_step=472784 | return=-112.05 | steps=101 | track=b3a648a8b62b34abbe3bcafe9b78cf7a
global_step=473152 | return=-34.22 | steps=65 | track=9a92946df9ddf873b3fcc35853a2790e
global_step=473168 | return=-140.60 | steps=131 | track=741d925421bf2d2b51373621804bbdc5
global_step=473232 | return=-116.52 | steps=89 | track=ec7f55c71e8f7f9c13f88c0643ffbcee
global_step=473296 | return=-134.69 | steps=164 | track=3f7bc0c6a375da99d999595ac78aecc7
global_step=473712 | return=-149.14 | steps=138 | track=863ad57b3662355e459d1f271e83a3cb
global_step=473760 | return=-182.82 | steps=228 | track=20b2ce68bacff2c74fcca81fbb8d47a9
global_step=473824 | return=-123.21 | steps=108 | track=a9fd0a6be7a0c74d197d29d5820a8d6e
global_step=473840 | return=0.36 | steps=65 | track=be95a50190f3e2f95eacacd232ed0f7b
global_step=474016 | return=-207.31 | steps=200 | track=c152a9c111867330c5ba3b72c1dbeca9
global_step=474240 | return=3.77 | steps=66 | track=b0a841bdae9872a5df3e82130727dbc8
global_step=474256 | return=-153.97 | steps=131 | track=e93937bc722f36f6c1c6f051df3cbcae
global_step=474288 | return=-142.30 | steps=131 | track=5d526f581ada73b2f6fd9108acbcdf27
global_step=474416 | return=-138.81 | steps=131 | track=d54cb00fc3ac35bd37551b82a541da02
global_step=474416 | return=-1.82 | steps=177 | track=8f5aaafe6c0ef43daf6c7b44182e3f89
global_step=474720 | return=-149.19 | steps=131 | track=2d6a2b30224ed64aa5f4d4b9690f627f
global_step=474832 | return=-149.22 | steps=131 | track=d71b3f5edb7271e20e9c4709e5fe396e
global_step=475136, SPS=70
global_step=475216 | return=-85.64 | steps=123 | track=04880d16314f65b578ba6d057b2d140e
global_step=475264 | return=-146.16 | steps=131 | track=5b131d9dfc458db5a585659ae68be8d2
global_step=475344 | return=42.69 | steps=67 | track=e4e1e9d8d73b94de7d33301c841dc9fd
global_step=475408 | return=-147.02 | steps=131 | track=1e373bbdc94eb42cb536f49eee87d23e
global_step=475440 | return=-72.18 | steps=104 | track=0b13e214f5081bf71201b5858d40d07b
global_step=475664 | return=-41.88 | steps=102 | track=ccf897027355d95939aa7643cae38bd1
global_step=475936 | return=-145.61 | steps=131 | track=e7105acd0d2da2130faeaf95b068747f
global_step=476016 | return=-103.43 | steps=143 | track=a39534357bd4e31228e9d335f83f831a
global_step=476048 | return=-53.28 | steps=51 | track=5f645e31b9568a4189a7d8cc96e44054
global_step=476272 | return=-219.09 | steps=262 | track=730fd8c30e653c9035700a4f8cafe900
global_step=476336 | return=-114.37 | steps=130 | track=bbfa7ae7eb8e7dd42e49837396127fc2
global_step=476400 | return=-146.99 | steps=131 | track=47bf9af1dfb12398888a5dca042cbc47
global_step=476512 | return=-145.91 | steps=130 | track=640c6fcb8f53ff57885c29c6bd2ef116
global_step=476768 | return=-100.80 | steps=146 | track=8d0bad0e02e6513a6aaa3069f3c626a8
global_step=476816 | return=-136.62 | steps=130 | track=99ddd5a406d26d5c1d62e53531b4ef54
global_step=476944 | return=-142.08 | steps=131 | track=d654371f259c57aa9cb04a5a42e7ec33
global_step=477120 | return=-11.25 | steps=68 | track=5f5b9b6e2aad7f2f66d76c2e2a885ff9
global_step=477136 | return=-122.34 | steps=107 | track=9cd0aec25aecc73cbb85b70c43c67c57
global_step=477440 | return=-141.16 | steps=130 | track=9d88c57de958ac427f431a4e8b6cd6b4
global_step=477552 | return=-144.59 | steps=131 | track=801abae1dfe403a737de4d552ff0833a
global_step=477776 | return=-137.21 | steps=131 | track=f631c765cc6b0412f889aed457906e79
global_step=477840 | return=-110.13 | steps=89 | track=6215d24ee56732b2710bbf3c2b93da38
global_step=477968 | return=-6.94 | steps=63 | track=7a2106dc477b021cff657e60e959bc95
global_step=478048 | return=-149.04 | steps=131 | track=f32947d7e2b58ef1afff9fd8c3f9a933
global_step=478160 | return=-138.16 | steps=131 | track=0b723e131ccb25b77e0960095c4ed1ee
global_step=478384 | return=-136.71 | steps=131 | track=8add1e82c123f714e5d18aef19c205f9
global_step=478448 | return=-144.01 | steps=131 | track=eb2ee60508219c5f69716d88c59b530c
global_step=478624 | return=-137.99 | steps=131 | track=9484108f4bdb98fff737b741821c7c9c
global_step=478688 | return=-126.03 | steps=302 | track=a8cc009d3b2ec5632f8e1a4ca5f87ccd
global_step=478816 | return=-58.68 | steps=52 | track=df4a05c6342c2f257d0d6e1226dc185d
global_step=478832 | return=25.10 | steps=65 | track=c723a8326c4b3f08033074496d6efd75
global_step=478880 | return=-134.98 | steps=131 | track=5851d288a9c1c4e43cdff4dec1fb2cef
global_step=478896 | return=-115.79 | steps=90 | track=a0055e751af38d236734471475d9ba42
global_step=478928 | return=-148.75 | steps=131 | track=b585e7808a546e6116f4f0b78141ca8e
global_step=479120 | return=14.55 | steps=66 | track=28f86d97ac4c00f94921a23b89b7d629
global_step=479232 | return=-150.45 | steps=130 | track=b00be8687b8eab36c12b231638ea6e0e
global_step=479232 | return=-180.07 | steps=247 | track=751480e91a119fc80173ff642c60fe2e
global_step=479600 | return=-108.01 | steps=89 | track=42349abec2d5519305600be567c84a03
global_step=479600 | return=-26.79 | steps=154 | track=fec35a3fae27384140f8f7faa913b27e
global_step=479952 | return=-148.68 | steps=131 | track=e94314fa77c7503608a3e4fc86a46a8f
global_step=479968 | return=11.48 | steps=67 | track=206e63882ce3e513f0e5f0204c002d5b
global_step=480256 | return=-116.32 | steps=89 | track=f4c16077261ed3b84cc457622c236683
global_step=480480 | return=-146.46 | steps=130 | track=cad67b5a991fc798c42a9666095d1129
global_step=480560 | return=-154.54 | steps=131 | track=7f9b5c09e51d934bc67b6033b153d050
global_step=480736 | return=-149.47 | steps=131 | track=a9eae63e1ae5359c8dd59539502f96eb
global_step=480800 | return=-136.07 | steps=131 | track=baab38b0edc0587efd8672c09f9c93ec
global_step=480992 | return=-145.57 | steps=130 | track=4955d51d56c25eb0bc54e42b0cedfc94
global_step=481072 | return=-14.47 | steps=219 | track=9136ff1bfc6b1dd61ec14756f447c818
global_step=481248 | return=-77.39 | steps=144 | track=20108721b20257ff7585b6b3d26228c7
global_step=481312 | return=-86.17 | steps=154 | track=f233dc1af328b5d2d9bfcbea6a556e52
global_step=481328 | return=-143.14 | steps=130 | track=5c6d4cd450137f8f8bb2e3250713e141
global_step=481344 | return=-140.67 | steps=131 | track=8821f6442d2039d607f884b68922584a
global_step=481472 | return=-67.55 | steps=146 | track=c3d084a45ffe8b358756922a8937cad5
global_step=481600 | return=-9.79 | steps=64 | track=1e2823601e16aca6bacbe5cf08ecd4a2
global_step=481824 | return=-37.52 | steps=115 | track=e78861a758988d114671217094de20d6
global_step=481904 | return=-93.62 | steps=143 | track=e0b05ce4fd44700f8c933803031e687b
global_step=481936 | return=-85.80 | steps=145 | track=969fc9c025a2c3b9e83f68cf50b834d3
global_step=482048 | return=-145.91 | steps=130 | track=92c81d9362fa6230c9d9277be3df2e2d
global_step=482080 | return=-34.67 | steps=67 | track=0b1da8517f97ade0eb858b7ae3ca75fb
global_step=482368 | return=-142.59 | steps=131 | track=060a7e8dcdaaaf6c3e8252e111de9108
global_step=482448 | return=-55.53 | steps=69 | track=b30accbb62a5a7d8f32ea574f446cea8
global_step=482576 | return=-140.48 | steps=130 | track=951acc7f73bc04db14dfb402f20b90dd
global_step=482816 | return=-54.58 | steps=91 | track=2297edd5e3eec09c09e8a63c13bcf0a7
global_step=482848 | return=-140.86 | steps=131 | track=24dd771656a84f362340839536fe39a2
global_step=482880 | return=-16.24 | steps=65 | track=3e2a2ea34ed57b328b034dfea050be9d
global_step=483184 | return=-117.17 | steps=131 | track=4091874b925b720622d6afc33482d74e
global_step=483360 | return=-147.40 | steps=131 | track=697df98e8ef8c26c5ad2716d8522d15e
global_step=483584 | return=-137.39 | steps=131 | track=3113c4c637d48ed5c8a1fb685f91474b
global_step=483648 | return=7.45 | steps=66 | track=c326258e85528552b4f3fadbcbf7d279
global_step=483696 | return=-139.90 | steps=130 | track=fd441a1c61529c44a6fba234f0428745
global_step=483840 | return=-109.22 | steps=157 | track=e73516413c9a410a9cd6b56b146e6da1
global_step=483920 | return=-5.80 | steps=66 | track=fff5790a8354fa7155c7e22c9b3b4129
global_step=484032 | return=-139.41 | steps=132 | track=b094d07dff99161b16d9d34522cb49f1
global_step=484064 | return=85.65 | steps=203 | track=40bc439d3ebb9bee6634ca21d74f83bc
global_step=484160 | return=-131.40 | steps=131 | track=f2572122aa23225ea812a50a9c788947
global_step=484192 | return=-151.00 | steps=131 | track=90745bb7a56ba8c25940f14259283cb1
global_step=484464 | return=-147.86 | steps=130 | track=409768b3d0e59df78f8e7bcc64bfa1b1
global_step=484560 | return=-153.10 | steps=131 | track=59f8245f9ab4842f7bd850c1465090c6
global_step=484896 | return=-80.30 | steps=74 | track=e42d5430a177e4696b28fc07c06d6de9
global_step=484928 | return=-135.37 | steps=131 | track=359ccd03574b7b4578deda9310a45268
global_step=484992 | return=-139.69 | steps=131 | track=38908157755ff1c0a2ab266920d1e5b2
global_step=485296 | return=-134.14 | steps=131 | track=a52107723663027924061dba0b5183d3
global_step=485472 | return=-143.55 | steps=131 | track=3657f75f2a24abc8f7f60a625da81f49
global_step=485696 | return=-168.58 | steps=131 | track=998bdfab635a6fdb81812d3c737a8fa0
global_step=485696 | return=-51.48 | steps=49 | track=cdea53dfc6bca959f1c05bc20040b311
global_step=485760 | return=-138.90 | steps=131 | track=411f7696b18ce26ca30daa396f318d3d
global_step=485952 | return=-153.21 | steps=131 | track=41ba64472b0fdca6c7817251fb2e3509
global_step=486000 | return=-110.14 | steps=89 | track=9bf60d2e3a965ad7207243591ceb75eb
global_step=486032 | return=-146.99 | steps=131 | track=0be586374f3dc715e8c4d5ea90d60df4
global_step=486144 | return=-146.72 | steps=131 | track=09e7f75f1b2f5e00d0c2de24ab763bd6
global_step=486256 | return=-148.93 | steps=130 | track=d1eb1316ef24c66768918a7c465d437a
global_step=486288 | return=-83.78 | steps=80 | track=72b4a25426ee7a90f0fc8bde7a70e3ee
global_step=486304 | return=-146.99 | steps=131 | track=6e44c35313b560a2e83221c47fad1cca
global_step=486576 | return=-156.00 | steps=131 | track=67caf7ee8d426993ad4157bd92f9d41c
global_step=486672 | return=-113.49 | steps=162 | track=6dc14bfc6e6ead664c4f35633e10535d
global_step=487040 | return=15.89 | steps=64 | track=c1505ae974c605daef8b47bbcc9b3e1a
global_step=487040 | return=-136.20 | steps=131 | track=da4a7f944033d0c9d4881faa2dbc8c2d
global_step=487216 | return=2.51 | steps=66 | track=99195ffda61cb9c85e499c66bc1cec80
global_step=487344 | return=-247.55 | steps=337 | track=4b8333336cc7993157ace856141ff501
global_step=487360 | return=14.25 | steps=66 | track=9d86a6b587ae6ccdd3a3c2ccb30ae87b
global_step=487408 | return=-142.59 | steps=131 | track=9a0d2b222ee04f2655557b90c101241f
global_step=487584 | return=-142.87 | steps=131 | track=2df6e4b477dd6d0cccb05bb0597db517
global_step=487680 | return=-122.74 | steps=107 | track=2ee3fe6b8def252a52e85543b0ab8e2a
global_step=487808 | return=-133.52 | steps=131 | track=aa5f99f11d3750e8e82e7c723e7e6e31
global_step=487808 | return=-137.20 | steps=131 | track=28390b8a363f6b77c2304b14dcdf485f
global_step=488256 | return=-50.91 | steps=155 | track=360b5dd26f84d5a290f76cc6538d8100
global_step=488368 | return=-101.40 | steps=131 | track=031741ca018dce31e3bdabd9498d2f1d
global_step=488432 | return=-132.90 | steps=132 | track=5c60a5136fb54231d241a2451241ab60
global_step=488496 | return=22.68 | steps=79 | track=42603ef76a3e0e1d1b0d62d5e7c08093
global_step=488672 | return=-129.32 | steps=130 | track=7d67ddc28971af658e8b40e20c4675b3
global_step=488688 | return=31.79 | steps=68 | track=046b690add665d157b2eb257122b3439
global_step=488896 | return=-90.76 | steps=138 | track=0d926de715a78bcd62059e427ea9fece
global_step=488976 | return=-14.95 | steps=80 | track=dbbbaa170fbb0f0b95228fc89ab7ef18
global_step=489024 | return=-70.77 | steps=47 | track=4d54146c9bce0a6d9e546230e0f6bac2
global_step=489152 | return=-143.21 | steps=131 | track=4ad6dcf1294ba026afc299b56222613a
global_step=489456 | return=-146.84 | steps=131 | track=91d3071088fe8316be3899fe7c03332c
global_step=489504 | return=-145.40 | steps=130 | track=49738265be07cdb619865860acfe5bb6
global_step=489520 | return=-51.34 | steps=154 | track=cb7b9baae84fa1d370827cfe13bcf4b2
global_step=489584 | return=-185.85 | steps=221 | track=b4e9d5bd8a70d6c40b0695e68a7c0d34
global_step=489920 | return=-140.36 | steps=131 | track=b788fb73240f07f9155d4afe1608dee8
global_step=489920 | return=-136.07 | steps=131 | track=a993a450ae7d76b90ab8f7fedbf70a87
global_step=490000 | return=17.70 | steps=82 | track=8136d36a41443c465dfffa81ad2e76d7
global_step=490016 | return=-96.76 | steps=94 | track=2caaa7d8d4fc833a21557c3448fd3b95
global_step=490480 | return=-136.90 | steps=131 | track=170db0c08c2e6e87875bde1cba0e7b5c
global_step=490480 | return=-112.46 | steps=98 | track=9fed698fe459fb2e289b917ea5b5d9c1
global_step=490544 | return=-138.91 | steps=131 | track=3cc099d14f711131e1165ee2d268d64b
global_step=490592 | return=-31.59 | steps=66 | track=ff47bb29e74254f5060bb9fc3fa323da
global_step=490800 | return=-136.40 | steps=131 | track=d14bb7c7084e526e1d55502bc2b45bf7
global_step=491024 | return=1.01 | steps=68 | track=e4237892209344df013566d30296ac6b
global_step=491136 | return=-150.33 | steps=131 | track=696dc8af11b7142e60ee5edbb7f791d4
global_step=491136 | return=-75.70 | steps=134 | track=5cb6653ec7e12e03c349156c407b3b06
global_step=491264 | return=-152.15 | steps=131 | track=edeeef8391dbfdd179a0a244afe57075
global_step=491408 | return=-64.18 | steps=92 | track=b1658b46a52d04bad9530aba8ac34cee
global_step=491440 | return=-117.78 | steps=89 | track=b18af6ffe539d6e39420a191b021e3cb
global_step=491520, SPS=70
global_step=491616 | return=-119.34 | steps=131 | track=764dfe474f5955f88b63e0eacda7c2a3
global_step=491696 | return=-145.94 | steps=131 | track=800324cd56a73a42c866f9ae4ca66e37
global_step=491712 | return=46.04 | steps=271 | track=1706b2a4eb765cb7799ff77357e93741
global_step=491728 | return=-119.56 | steps=77 | track=9f6e0db76dde96627ad2eacc4849cde8
global_step=491824 | return=-88.95 | steps=147 | track=7e25b9ab6866a3a2093c6fe3eb087215
global_step=491888 | return=-21.51 | steps=67 | track=43160f1172aa49bf5f341e0911e5a3a0
global_step=492176 | return=-55.53 | steps=47 | track=941ed8795ac5f981e2185619b4dece41
global_step=492592 | return=-144.41 | steps=131 | track=6a1e3e81a28746659256ef1dc9848dd7
global_step=492640 | return=-144.00 | steps=130 | track=07ad496f61007eb96c11dcb3cf3d87be
global_step=492640 | return=-77.13 | steps=93 | track=ee830e3dcf2623d82b5bc6588c4b5cdb
global_step=493136 | return=-143.80 | steps=131 | track=a5a7018df633df00d927ebf6dec4c7ae
global_step=493216 | return=84.06 | steps=163 | track=fb7bcef3e548afd3d04054a62b7649a7
global_step=493424 | return=-103.98 | steps=142 | track=dc4525fb0d59580db30d6837c20b324a
global_step=493552 | return=-148.86 | steps=131 | track=f11ebcb3cdc01523327ead29af939ecd
global_step=493664 | return=-186.29 | steps=227 | track=5f5421996c01be314465cba7176c4455
global_step=493728 | return=-132.55 | steps=131 | track=2ad3e5532519265476760b9016bbe820
global_step=493808 | return=-137.99 | steps=131 | track=f153d764615d6fc5eb2d8346758df0e5
global_step=493824 | return=-134.75 | steps=131 | track=1acb4dee6b9065042d2c9749ccf962fb
global_step=494000 | return=-129.74 | steps=131 | track=df3b4c76c5be35c19bd7fc6cff48be75
global_step=494064 | return=-81.36 | steps=174 | track=28be68c02a6af1bd8bd1f47488e297d7
global_step=494288 | return=-146.00 | steps=131 | track=3778c58ccc9c882731feca4f560e4090
global_step=494704 | return=-137.13 | steps=131 | track=78bcc06eeca5a2b5db7012d030c46702
global_step=494736 | return=-133.93 | steps=130 | track=99409e839c450c3b846fb21e5f9b03c4
global_step=494736 | return=-153.68 | steps=130 | track=fb69057bd519ca090b87bf57f9b1daca
global_step=494848 | return=-113.37 | steps=101 | track=fd03993441f344c1ee2e7964eb30a451
global_step=495184 | return=-107.46 | steps=90 | track=53e18558fb5d915d1f548eb5e338b32a
global_step=495248 | return=-133.85 | steps=131 | track=5bbde5e58b7a6bc9eed55fb1547d9e20
global_step=495552 | return=-144.03 | steps=132 | track=031688ca11b2e05952b5275724fa5eab
global_step=495904 | return=-103.60 | steps=146 | track=560e26ed8333b256c42d745ed634f632
global_step=495920 | return=-145.93 | steps=131 | track=057b50e702b7a68cad66b1e3b15564c1
global_step=495920 | return=-183.84 | steps=261 | track=4c075e42e83d9a9b94ee98c49ff67e22
global_step=496064 | return=-178.29 | steps=149 | track=b3d707cd18fbf842c61e9094ceba7027
global_step=496112 | return=-138.25 | steps=131 | track=c9e459c8e0567769ded997b63306877a
global_step=496240 | return=-41.93 | steps=150 | track=0a95a2f45b027e58abacf3307fa143a4
global_step=496288 | return=8.20 | steps=68 | track=9e273af8a8983495928a71994d72a37f
global_step=496352 | return=-96.43 | steps=142 | track=f7ff339589c0f08c408a54f2fbd05294
global_step=496496 | return=-118.12 | steps=109 | track=42e0b70837f95a12198a0f9095dfa22d
global_step=496592 | return=-5.42 | steps=64 | track=71de3768635207f3768682fccf0e2056
global_step=496800 | return=-66.40 | steps=156 | track=7b4f4b7b1aff1fc83d6a9c728b891276
global_step=496816 | return=-139.64 | steps=131 | track=65aca78a009c70b076ace94c291e6054
global_step=496832 | return=-133.57 | steps=130 | track=de80804f62df48d4ad33d87ab27f932c
global_step=497104 | return=-107.75 | steps=140 | track=f1e01e4a541a739a89ac95723dc9dd14
global_step=497232 | return=-79.07 | steps=54 | track=d5d40b3454e9ed4e1987c234602501cb
global_step=497328 | return=-33.31 | steps=78 | track=2b31896813e3d43eb7cd26ca7dfb189d
global_step=497360 | return=-107.96 | steps=89 | track=9602f00a0413849a573f6878fd95238f
global_step=497376 | return=33.86 | steps=70 | track=8b4b477706fee0b735ca608d41acd263
global_step=497568 | return=-26.74 | steps=45 | track=ba641fd445a0c8c781fda2bea436ca7c
global_step=497776 | return=-82.44 | steps=92 | track=6758fd34642b8762b63326b4d2715a91
global_step=497808 | return=-5.45 | steps=81 | track=ccbcb73d4add8397579854edf0f8af89
global_step=498016 | return=-147.09 | steps=131 | track=6b98f3456f5c1989a6afd82c1697fb90
global_step=498032 | return=-142.05 | steps=131 | track=61c4186e16db9ceb1eb88a38f553dc6f
global_step=498064 | return=-13.90 | steps=77 | track=79125efdea7397c44f09092455532438
global_step=498224 | return=-133.50 | steps=131 | track=a59c78d1af58b339399c1390020eb802
global_step=498320 | return=-18.74 | steps=61 | track=0846cae996c3a4a9b688474f4344b516
global_step=498528 | return=-96.20 | steps=71 | track=e35b51fafb4284b9c6991509cd2167ee
global_step=498704 | return=-133.50 | steps=131 | track=4ae44f0906f8a44c3215f6d0dfc563e0
global_step=498832 | return=-17.18 | steps=47 | track=c3f3ebcd5e85441ad16202a3f48479c1
global_step=498912 | return=-127.54 | steps=131 | track=9862b73d5ecaa56eaca01567f8db452b
global_step=499248 | return=-61.37 | steps=44 | track=1a3579693356da08348c52da17c5afbc
global_step=499312 | return=6.34 | steps=67 | track=7648d963d997ab7e59df51edefc077b2
global_step=499344 | return=-140.80 | steps=131 | track=f75a08de74897556ac4c1f5ff8b5167f
global_step=499440 | return=-88.45 | steps=145 | track=485d3cb17c9a9e582b190d97081f9035
global_step=499648 | return=-22.17 | steps=274 | track=90313837f5e2e1320387ec438f165aaf
global_step=499680 | return=-150.01 | steps=131 | track=531248e3a4b420f7a1cafec0b3f8c89d
global_step=499792 | return=-113.14 | steps=110 | track=c58734f2e95fa0d206328b5254a654d3
global_step=499888 | return=-135.00 | steps=131 | track=87ffdb3f1d3e882c3c3f0bba977207a6
global_step=499904 | return=33.19 | steps=66 | track=7628d844d4b521b64d744ca05e3e1b7d
global_step=499920 | return=-147.20 | steps=131 | track=810dc3b1ef1d8f466df369f66fbbab64
global_step=500144 | return=-143.73 | steps=131 | track=0cf66707d05e61899170d8d3cf1643a6
global_step=500192 | return=72.02 | steps=522 | track=d8c60146209b82fa9778085a79a7e043
global_step=500416 | return=-30.71 | steps=60 | track=5924348c81ebdcdce67d3b9036729d92
global_step=500432 | return=-148.68 | steps=131 | track=4635d8418f5a00799a3cd6fd4bb11a7d
global_step=500752 | return=10.52 | steps=68 | track=a85bd1040dfd9f4db70b775aedf4b962
global_step=500816 | return=-137.57 | steps=131 | track=8dd1d2fccea774dd06c19161ca428391
global_step=501040 | return=-55.77 | steps=132 | track=de5288c8828d39e7bc1a9c03fe50b448
global_step=501120 | return=-97.53 | steps=89 | track=9393067599635b8b65538b11a9ba22f0
global_step=501344 | return=-137.08 | steps=130 | track=b8b0e18e097726066423ca3b3a7a165c
global_step=501424 | return=-134.93 | steps=131 | track=4baa63d31279e561e19065b73ffb07c4
global_step=501456 | return=-143.99 | steps=131 | track=d7798ce5ec557e70947b66d4c0a53f68
global_step=501520 | return=-96.95 | steps=67 | track=90336dcd9b5fa2ceb3024cfe42aaa568
global_step=501856 | return=-92.02 | steps=89 | track=da9b8da4b9b88e7c434604649a9aef88
global_step=501904 | return=-141.07 | steps=131 | track=35575b2be48f87f013fbcd1ad4268b39
global_step=502000 | return=-148.78 | steps=131 | track=511f8d2851f16600a7cd858c98440a80
global_step=502032 | return=-166.21 | steps=131 | track=75e0500cada461f2d2d3c106282bf15c
global_step=502272 | return=-156.11 | steps=129 | track=79a3bab0a5153855437144315a4f1401
global_step=502784 | return=-61.06 | steps=338 | track=fb52dac8dbede9593708621c69a98556
global_step=502912 | return=-148.84 | steps=130 | track=658ce8696d66cc271124d0716af04d97
global_step=503152 | return=-144.85 | steps=131 | track=715f5b118e7d4f1b54686eb1c426f9f2
global_step=503216 | return=-142.28 | steps=130 | track=1bd5d127cbbb038960069a5432df974e
global_step=503264 | return=-67.37 | steps=156 | track=e0fe055824dc9e60d0454d0db3f97cd3
global_step=503344 | return=-100.24 | steps=89 | track=ec8ec02e621f1c03749bc09498d3ac99
global_step=503440 | return=-102.65 | steps=89 | track=a5e9fba60b1974bb5464675e61ea3bef
global_step=503456 | return=-143.54 | steps=131 | track=5e01a906bf91bee9ea35a2cfbc4de5c0
global_step=503504 | return=-75.88 | steps=224 | track=86e187f8513dad4cfe18cff2bfe1a27b
global_step=503536 | return=-142.80 | steps=131 | track=32ba5f19211e1cfa2cddebfa9eab9291
global_step=503632 | return=-144.18 | steps=131 | track=4aa0a8e01ba11b539a7a2b6bc42b1530
global_step=503968 | return=-152.02 | steps=131 | track=64a7a7205e80dceac5bfd2bf5bf76870
global_step=504032 | return=-105.91 | steps=160 | track=193902c9e0f557fec17cbaa8afe07264
global_step=504144 | return=-136.61 | steps=131 | track=c7da8a4c56a7fb1d7d9493ed94dcffcb
global_step=504160 | return=-34.42 | steps=62 | track=e884eba4bcee291b8a832ee210219e30
global_step=504192 | return=-111.81 | steps=252 | track=6b379fb9328ca377f5e7eb4f1ac4e76b
global_step=504224 | return=-55.61 | steps=47 | track=bdeff9047449eef0c9662acd8a05868f
global_step=504368 | return=-152.26 | steps=130 | track=1579eed6891592fc1e5511fe1e9aa4e3
global_step=504528 | return=-14.33 | steps=63 | track=b0b92c353179dabb732d7e26ba7b9316
global_step=504640 | return=-51.04 | steps=41 | track=5664cdc9a2eb325847443406321d7feb
global_step=504704 | return=-85.08 | steps=89 | track=ef24b047f98993e0bc9ff77f16373ccc
global_step=504896 | return=-142.43 | steps=131 | track=ef7357b2b302afae45b147495a399633
global_step=505024 | return=-151.19 | steps=131 | track=5a324af704d907e24e691bb738f549b4
global_step=505280 | return=25.94 | steps=69 | track=0a9f2afbaa7496bfd7eedbf301577632
global_step=505328 | return=-147.94 | steps=131 | track=2082a1361f36d4ecdf784043db3fd52c
global_step=505456 | return=-137.01 | steps=131 | track=7b0fee10f07fe86a31538339423ddf1c
global_step=505552 | return=-132.06 | steps=131 | track=caefa6aed6473cabaadfa1d6b21d372e
global_step=505648 | return=-141.75 | steps=131 | track=1b6c13044dddb16741884d19c42d97f7
global_step=505728 | return=-150.29 | steps=130 | track=572ca6b8c83244f8e7e2185b6ee9c11d
global_step=505984 | return=14.66 | steps=67 | track=070275f341c8846dc7a75d0ab17e5124
global_step=506080 | return=127.02 | steps=117 | track=2ac0499e0364eae41d2e95ebbbdd6112
global_step=506144 | return=-138.60 | steps=131 | track=a7643173f57a1b9ff8a6f6f0b36de045
global_step=506256 | return=-115.45 | steps=131 | track=de195e83324f6a03b771a3ae213bf80f
global_step=506336 | return=-136.20 | steps=131 | track=31b410fe58b0df348336434ba8104851
global_step=506464 | return=32.68 | steps=73 | track=7320387c55a532fb5f22555889b7e915
global_step=506480 | return=-121.84 | steps=131 | track=e76d4b771d36a0856688feddf51229a9
global_step=506752 | return=-148.99 | steps=131 | track=748961c46363c9ba2176c40b10d6a794
global_step=506832 | return=-145.10 | steps=132 | track=953021637bd9c5d9631e9991717dc017
global_step=506976 | return=-53.32 | steps=152 | track=127809336d3b0ab4a14af1b1c663b5a3
global_step=507024 | return=-39.56 | steps=105 | track=079d01549363702cbdd3a95c1f507323
global_step=507504 | return=-121.80 | steps=110 | track=0efa72b32e4c4654fbb863d6d5a02c1f
global_step=507568 | return=-136.20 | steps=131 | track=049ab62fc817b67cef8b804563e52867
global_step=507648 | return=-118.21 | steps=97 | track=fc0c45f5d65bf02c740ffb5e870276b6
global_step=507760 | return=-151.96 | steps=131 | track=3b142faa6f63c0e52f40d0f76e0f62b1
global_step=507840 | return=-3.00 | steps=67 | track=10ce81b011446b87fbf4f875e9d88a3e
global_step=507904, SPS=70
global_step=508080 | return=-138.74 | steps=130 | track=939863625595642d29e898aae9023091
global_step=508256 | return=-194.49 | steps=168 | track=6e274435d9fa42893795edc783a1ed78
global_step=508256 | return=-144.38 | steps=131 | track=79cabb2160fd7d6303c4e520be552ee4
global_step=508272 | return=-134.36 | steps=202 | track=0ec137953bc41d4a6abd5994fed14f41
global_step=508448 | return=-135.96 | steps=131 | track=c25544a110a78483d11189f7a94f623e
global_step=508528 | return=-35.73 | steps=105 | track=0720301fe6a134872692e99937ac3251
global_step=508560 | return=156.51 | steps=143 | track=ee90561641bea5f1db06db3f5e2bbf8c
global_step=508576 | return=-147.71 | steps=131 | track=024a4bee8fb3a81e238b0380cc0b4563
global_step=508592 | return=-154.35 | steps=131 | track=02879a05db3c480b10f21e3fb9a5721a
global_step=508624 | return=-2.89 | steps=65 | track=bc20db721e502db7f32a0eee19f7eb97
global_step=509120 | return=-147.68 | steps=130 | track=4a91eb6e91b2c5a38cb15ff1f791c873
global_step=509344 | return=-118.76 | steps=147 | track=d2050cab1650de90b4c10635d12ada81
global_step=509600 | return=-115.29 | steps=130 | track=d9473c1a15397501a14629b456f2141f
global_step=509760 | return=-153.98 | steps=131 | track=c6e872f1875835f70cce99f32751490a
global_step=509872 | return=-134.42 | steps=131 | track=779096eec3549ddf495d95bd7b219876
global_step=510288 | return=-71.39 | steps=137 | track=254b2b0c6a552dbf5ba8e4ffaa938b57
global_step=510384 | return=-134.03 | steps=131 | track=8b0a4894b15f447ba540eec78a6e29d7
global_step=510464 | return=-41.64 | steps=69 | track=3d946a626e5a5414a46fabe23e33052f
global_step=510560 | return=-134.26 | steps=131 | track=fd225b233f823d08e6b499c81feb4133
global_step=510608 | return=-113.10 | steps=123 | track=f782e48836d4b8f3315ba9a9528d2193
global_step=510608 | return=-58.95 | steps=62 | track=439c2db24c734180f9facd95f7b13883
global_step=510640 | return=-143.61 | steps=131 | track=d0c9595c46f21b6d0b2ce1d0a0ceb4d4
global_step=510656 | return=-143.23 | steps=149 | track=8827c88b4457d4845d6463b7badc545e
global_step=510656 | return=-149.33 | steps=130 | track=ca2ceacafc61e934060b1a86c301c6dd
global_step=510688 | return=-148.11 | steps=130 | track=d3faf9caf16aa78b9e3c2f6d113b4668
global_step=510688 | return=-144.40 | steps=131 | track=07b82d6a7badd9a58fc54b80114d021d
global_step=511232 | return=-142.78 | steps=131 | track=e11c1bb808cb76a0b75027930d852ca2
global_step=511536 | return=-61.33 | steps=54 | track=e97716af05179a33c140f761ada1b1b7
global_step=511568 | return=-81.12 | steps=112 | track=b73ae8798388f01ee8460b3d5bd70368
global_step=511872 | return=-156.90 | steps=251 | track=05950521094b8c304ce36e08578b18ef
global_step=512144 | return=-120.66 | steps=92 | track=13ca68c569dc94d9ff30a4bd3243c79b
global_step=512400 | return=-145.20 | steps=131 | track=5afc879d3c133d4aa8bcac8963087744
global_step=512624 | return=-112.25 | steps=139 | track=9dd669905db6b5c0826cf42b9b310a4a
global_step=512672 | return=-131.81 | steps=131 | track=e26574a0919f8b9c704ace7c57dc2e35
global_step=512704 | return=-151.89 | steps=130 | track=c3b04e5a41356013f1419113cb7c7c3d
global_step=512720 | return=-154.13 | steps=131 | track=922296a590574c3845f5c7a58cc84a86
global_step=512752 | return=-143.50 | steps=131 | track=6ae771b38cc94cf325ddb00a2c6fcecf
global_step=512800 | return=-149.58 | steps=131 | track=80b0d219bfefc6ccf53a40526a022cd1
global_step=512992 | return=-120.17 | steps=109 | track=712b858913f55d72cbaa40cdec4f4b5c
global_step=513152 | return=-27.28 | steps=153 | track=7c98e80ae57b6cf6a2c245e82b58df57
global_step=513280 | return=-90.14 | steps=212 | track=52e08b0e036d3a41f057e1fb4fa3cd25
global_step=513344 | return=-97.32 | steps=91 | track=59af5ec544b530a1c8fd7d72fa284882
global_step=513440 | return=-173.04 | steps=323 | track=e03dd1e36304502998c9457203ce5607
global_step=513648 | return=-128.99 | steps=131 | track=ddb476589c2de562b31fed565b6aefe8
global_step=513680 | return=-150.10 | steps=131 | track=7d55d3b5b03d95ca243ef93be7e7db65
global_step=513968 | return=-63.36 | steps=72 | track=138feec92eb73cef88bf7339bfdfcfe9
global_step=514064 | return=6.27 | steps=66 | track=10de0f7e494b007647408cdd401a66d3
global_step=514112 | return=-69.61 | steps=47 | track=5c592cb813b2ef50a8b82cf1293ff08b
global_step=514224 | return=-140.94 | steps=129 | track=12f0cc25b9831fb15d40b00dc2b70236
global_step=514272 | return=-65.08 | steps=97 | track=74647f4c4d87f45173c14d583977dd8b
global_step=514592 | return=-115.63 | steps=136 | track=54fbdae20c102783da7aac48be3f2028
global_step=514720 | return=-98.51 | steps=130 | track=d1700c8fb22fa9cd811317d943bf9660
global_step=514784 | return=-145.73 | steps=131 | track=54a1e808e2c1207beb726f068020d693
global_step=514816 | return=-106.08 | steps=130 | track=30c106534186a960296d9d6c98268574
global_step=514832 | return=-107.85 | steps=129 | track=eb665bdcc8ebed57da1cc28ae2ffccaa
global_step=515136 | return=-97.15 | steps=72 | track=e481be5c044727cb1215915eb1048923
global_step=515264 | return=-141.71 | steps=131 | track=5465d5d39bc91e646b9a0e1a5d7e96bc
global_step=515392 | return=-137.68 | steps=131 | track=9bfd151762f92ab492090eb6422f6d4e
global_step=515424 | return=-26.28 | steps=71 | track=82410fbd10f965d81661c971265e200f
global_step=515552 | return=-155.01 | steps=131 | track=00e7cb9e7a8b6eb90a0b1314c468d204
global_step=515760 | return=-154.14 | steps=131 | track=f77dacf2358cc1500801423c5f3cec31
global_step=515792 | return=-138.40 | steps=131 | track=2614b4966d22a83aaa9cd997eb30a06f
global_step=515840 | return=14.89 | steps=65 | track=ea88a1cb9d704a1b185b3043e4c73954
global_step=516176 | return=-131.23 | steps=131 | track=0ab1fec7fd215ae88d74e228099ad428
global_step=516208 | return=-146.02 | steps=130 | track=540f717765d8448a113299cf0afb22ba
global_step=516336 | return=-144.40 | steps=131 | track=87beb780142bade9f02ea8d964b7804d
global_step=516704 | return=-141.41 | steps=131 | track=4c393d32b240c1b115e9f07bef601b94
global_step=516768 | return=-19.69 | steps=393 | track=a5299e0a35dfb97cffac231660898d26
global_step=516832 | return=-148.78 | steps=131 | track=36801eaa0f4eb2cc11ef8015b119324a
global_step=516928 | return=-145.94 | steps=131 | track=e2dcadd14d6b7e7667a11a7107c22197
global_step=516944 | return=-152.90 | steps=131 | track=f7e958617f7fc9716f0e84b2437c6182
global_step=517232 | return=-151.99 | steps=130 | track=34a49091ce0a17279b78eb7cd9d01ae3
global_step=517248 | return=-83.01 | steps=92 | track=0970826b5776b766fe593704a78035ad
global_step=517376 | return=-145.00 | steps=131 | track=42e27cde75e4ba507982d79fc5c37d6d
global_step=517504 | return=-144.98 | steps=131 | track=9e3fcab1be931cccf977b4667eeea9fb
global_step=517664 | return=-157.61 | steps=131 | track=4ace0f4647379909835bbd777bad255b
global_step=517904 | return=-141.53 | steps=131 | track=1a36d6ea1dad24afb09e20cde78742c7
global_step=517952 | return=-136.87 | steps=131 | track=432766c421d32046fe3960de9db91398
global_step=518080 | return=33.20 | steps=70 | track=36b30c14cc61be82a23e21512cd2719d
global_step=518096 | return=-74.21 | steps=109 | track=82c2b32f8af9373bd31294e007dbedc8
global_step=518288 | return=-145.00 | steps=131 | track=0b9059d74fac80c23ace26f4a9a618fb
global_step=518320 | return=-138.63 | steps=131 | track=0ae158d8d179285a14729b70bbabea7b
global_step=518368 | return=-107.73 | steps=89 | track=4b1d0adb5668a090cb5de14814bd0c59
global_step=518560 | return=-68.57 | steps=195 | track=62cb0364df3ba846462420edc8fd6daa
global_step=518800 | return=-153.16 | steps=130 | track=92a953d223e23337373fb50c5dcbc657
global_step=518880 | return=-136.95 | steps=131 | track=705b52f397d0ecdee261c3593f251a72
global_step=518896 | return=3.14 | steps=76 | track=6a449a0083fbe5c92794a19a2c1fd9eb
global_step=518944 | return=-136.67 | steps=131 | track=9d7fea2c9cc37c967bb9d6b021d2cc95
global_step=519328 | return=-157.97 | steps=130 | track=9823be7cba7a54e9ce1f39fa14538438
global_step=519472 | return=-142.50 | steps=130 | track=1864e1688b9519d6ec6e8e44422d11f7
global_step=519728 | return=-39.87 | steps=154 | track=f064dc40010136a756da45f7ccd6b512
global_step=519840 | return=-24.86 | steps=64 | track=c37f1fb8d4a00ef5e1123b8e300f6f44
global_step=519952 | return=-22.08 | steps=152 | track=39804ddeef30a2e0c4bba1ebb0615660
global_step=520000 | return=-116.50 | steps=104 | track=f6e1fe5be2339070a2c16a66ebcba41e
global_step=520016 | return=-147.05 | steps=131 | track=3c890d93b0f2bb8a4a5772fe99d186f4
global_step=520048 | return=-159.58 | steps=130 | track=84da7b44d41b4a12a631b117d9d0451c
global_step=520192 | return=-140.89 | steps=131 | track=37398aad761e727d0b8ea4661f3d8d41
global_step=520192 | return=-148.18 | steps=130 | track=e64f3737f6664917a76f37b0b8b27957
global_step=520480 | return=-128.41 | steps=131 | track=4fd97bf557d53aa3bc2353655dc5b50e
global_step=520512 | return=-105.78 | steps=138 | track=cf33392a11e1ebbfe6387851bd75b513
global_step=520656 | return=-136.82 | steps=130 | track=58d8427349be949ebe86e9dd8e0f487d
global_step=520976 | return=-140.15 | steps=130 | track=405ed48f35fd6f1110d83eb9880e2209
global_step=521008 | return=-144.01 | steps=131 | track=9a194f6ece42899eb062ac72d7dc62f9
global_step=521056 | return=-96.69 | steps=98 | track=9d37fe35ed97efb547f8022a02b7711f
global_step=521056 | return=-144.38 | steps=131 | track=3e72a6616aff0d8260119f276eb55ed1
global_step=521120 | return=11.68 | steps=66 | track=ec89b6ee2120ab8620e1d6244b9c9ba1
global_step=521200 | return=-52.13 | steps=42 | track=c15c4bee610d92addd47d046dced6b89
global_step=521408 | return=-108.90 | steps=129 | track=465d0d306da105edc8563998b3b51383
global_step=521456 | return=-106.99 | steps=89 | track=21a55fd7349e5a124c7fe3b6e757aa67
global_step=521840 | return=-134.51 | steps=131 | track=d65ebc308a5e8d4a9299b3d951e4dabd
global_step=521952 | return=-138.69 | steps=131 | track=2896d1b221528874d2d49fb1a012e944
global_step=522064 | return=-139.33 | steps=131 | track=1f8c1bbcadf7a31d15399b6662b3db1e
global_step=522112 | return=-145.61 | steps=131 | track=0497762700258edc21d9db962b29063e
global_step=522192 | return=-38.77 | steps=45 | track=63e5f584f2ba1fa54b69e962ba95cc2f
global_step=522288 | return=-11.23 | steps=67 | track=7209c2b9011735c2aa5a4dd7d5272203
global_step=522416 | return=-54.96 | steps=80 | track=c0c4cd4ebbad3c5391528244ee8e9a90
global_step=522512 | return=-88.24 | steps=144 | track=0c66cd5d4dc1c0026fef850452993516
global_step=522576 | return=-50.56 | steps=45 | track=0e3062ec4696a6355abec5cb170bab14
global_step=522752 | return=-149.07 | steps=130 | track=81cdaaf5c33b3d84f9f67cc27827ba10
global_step=522928 | return=-56.07 | steps=152 | track=1fdd7bf39eda486eb1d42b349feef22d
global_step=523120 | return=-165.50 | steps=131 | track=22b4ccbbb4ff7cb1dc8f8d253833599f
global_step=523168 | return=-149.19 | steps=131 | track=7144fb205da39f2a97b2dfd7c0b36d6c
global_step=523328 | return=-87.76 | steps=146 | track=69044c55a357a506c8423b2f3a0f62d8
global_step=523504 | return=-142.91 | steps=130 | track=89d9924aa5f1da2cec73bbbb2feef78f
global_step=523584 | return=-123.76 | steps=211 | track=9d54ff23bf9114c06ae70a6699c17d87
global_step=523760 | return=30.08 | steps=73 | track=fe64d1312586989de5a74b95486818fc
global_step=524160 | return=-145.48 | steps=130 | track=96fa5308869e518a156e32b9aaea39ea
global_step=524224 | return=-146.37 | steps=131 | track=5c5025c62bd5b250a2b60d76d197c6fb
global_step=524240 | return=-90.56 | steps=142 | track=c760d569d94e8ad7599e64892d3fbe07
global_step=524288, SPS=70
global_step=524304 | return=-144.79 | steps=131 | track=b849e87d839255e7902e80803bf16bf0
global_step=524400 | return=-150.21 | steps=131 | track=474caaf6d17a80f9a8f066e03269095f
global_step=524624 | return=-147.05 | steps=131 | track=b6e5ee8dd1c424af007a95eeca26d573
global_step=524848 | return=-172.36 | steps=236 | track=5d493d59d05a7e88494b1621637c3122
global_step=524864 | return=-127.40 | steps=131 | track=fdfa7691e1e99eda28f37571a394b80e
global_step=525232 | return=-137.68 | steps=131 | track=48baa7e39a06b5975b0a862100184d6e
global_step=525232 | return=-7.62 | steps=66 | track=4958070577eb9be4a4f59097edad9c58
global_step=525280 | return=-152.08 | steps=131 | track=a454faa0e4a70a2fafa6a22ec755b6f7
global_step=525440 | return=-134.40 | steps=131 | track=0e336da1e418b85c5eb6c1048cb0904c
global_step=525616 | return=-144.79 | steps=131 | track=a2bbdb7c34958468bbf8f4174868ae99
global_step=525696 | return=-141.54 | steps=131 | track=71222f155bb52893ca203ac54db87359
global_step=525856 | return=-18.20 | steps=61 | track=a0c31478cbffe01ba9668d92a5ecdfab
global_step=525872 | return=-144.85 | steps=131 | track=5947e3fd3d121f839d0e43cc3d743d68
global_step=526288 | return=27.10 | steps=65 | track=c86b4977f12b83845ce2eae78f106d83
global_step=526352 | return=-136.07 | steps=131 | track=08087c6535ed664cd932abc6f1c911e1
global_step=526432 | return=-136.46 | steps=132 | track=3a87ce1ad661581d4a08676caf09dea5
global_step=526432 | return=-70.08 | steps=45 | track=66010b19d4566bca1ac52fc87b3dbebc
global_step=526496 | return=-120.89 | steps=130 | track=e88a1967615f6829afb6219e7364cbe4
global_step=526624 | return=-98.11 | steps=149 | track=26081f26512e09fb1a77c6f60180a976
global_step=526944 | return=-143.36 | steps=130 | track=1808e9abbf550c45fa384cb146da0130
global_step=527232 | return=-33.03 | steps=49 | track=a098f03bc3f2a9b5d1a3960dd82bdd59
global_step=527280 | return=-115.91 | steps=165 | track=01d43fca185495f3cf2a9cf1a09080f0
global_step=527328 | return=2.68 | steps=64 | track=5612058cb1e84f6c7d4b8d779c20cf23
global_step=527344 | return=-150.56 | steps=131 | track=ea7db0bbc44c492deb6f7f28ee4e677b
global_step=527552 | return=-139.64 | steps=131 | track=fc94cdff357c7830520f781d7aec7301
global_step=527808 | return=-170.92 | steps=304 | track=a7f6a5a156bc3ae82b98295ef87c6a33
global_step=527968 | return=-151.39 | steps=131 | track=7f8799b4aa56f3e7c15eb77abac3c3a6
global_step=527984 | return=-140.74 | steps=131 | track=97ac75ceb29b8af63434a5de711d535b
global_step=528080 | return=-80.22 | steps=153 | track=9b31505bf35514f7c6a2fccc6d5fbd13
global_step=528192 | return=-255.02 | steps=360 | track=fe6cb6adcfed1c124973c4607bdd6a84
global_step=528544 | return=-136.34 | steps=131 | track=a4878a2b2a9f088156dd38fb98302584
global_step=528560 | return=-18.24 | steps=62 | track=caf8947834e33bfd902545b5c79de611
global_step=528704 | return=-102.39 | steps=146 | track=ee83925364daa3e03f9a796526f04368
global_step=528720 | return=-126.97 | steps=138 | track=3b93215ddd7cb315a1a88207c2fdeb0a
global_step=529056 | return=-144.79 | steps=131 | track=9dce2446cfb02b79b9054329b8bb93d1
global_step=529344 | return=-152.12 | steps=131 | track=0dfa1141ab7e2541b60ecf166dbc14cd
global_step=529376 | return=-129.45 | steps=130 | track=dab97e179c0c063144f5ca10b27de183
global_step=529424 | return=-143.57 | steps=130 | track=b452ea61c6de41ea06ae54223b911e89
global_step=529424 | return=-156.69 | steps=174 | track=1d0fb9d98ab109224db67a6763a3b043
global_step=529440 | return=-134.91 | steps=130 | track=c268eb75dbbebfa2a48547e0b16ef914
global_step=529712 | return=29.00 | steps=71 | track=e68e17e0768b8f38156152e949cb4306
global_step=529872 | return=-57.41 | steps=104 | track=7c9fb457d06763df1cc7b14198cd4b3f
global_step=529904 | return=-137.58 | steps=130 | track=38fdfb1c4a38dc2ce0ff8ea833e3d049
global_step=530032 | return=-19.03 | steps=296 | track=9e4f9e026c2f5f70ecb1dfb9834230af
global_step=530080 | return=-136.53 | steps=130 | track=d6bd54706390a5d09e733dc18cf4876d
global_step=530080 | return=-29.94 | steps=63 | track=c999cec7307d5c243e22d89893ff991c
global_step=530192 | return=-143.73 | steps=131 | track=a00bfdbbbc17aedd57ac2b6c800d54d3
global_step=530480 | return=-0.13 | steps=65 | track=192b59fcce1de7ad9123d7bd00dc59d7
global_step=530512 | return=23.38 | steps=70 | track=44653876a2ded396eacdcc61b66eefe3
global_step=530656 | return=-115.48 | steps=131 | track=6cdfab2c38b47d41f5ecabe5f116579a
global_step=530832 | return=-146.66 | steps=131 | track=a5dad6714c659ec10decbaa1cb297eaf
global_step=530864 | return=119.02 | steps=134 | track=ae9c8550b373d861d00f831474d0abee
global_step=530864 | return=-109.19 | steps=89 | track=a64dbd18022832f300ad791f495210f0
global_step=530960 | return=-135.99 | steps=186 | track=f05f2bd71acf47c98d3ffb12bcc050aa
global_step=531456 | return=-140.89 | steps=131 | track=e204efac98989aaad219db014fbce790
global_step=531984 | return=-140.23 | steps=131 | track=a71ecc5b2d88e426710d5b69424604ed
global_step=532144 | return=-146.99 | steps=131 | track=80f852e3caaa67e2d3327ffa43dec073
global_step=532192 | return=-138.87 | steps=131 | track=78a80e06986b56a59b86431c3e5cc476
global_step=532192 | return=-141.35 | steps=131 | track=26bceca688f871a968205fb14a9feec0
global_step=532208 | return=-87.11 | steps=143 | track=e3f11e2450c07e7e15e56fb5c76e17e6
global_step=532304 | return=-143.20 | steps=131 | track=1b558cbf542611d2d9e06b3f4dcb2d56
global_step=532304 | return=-101.11 | steps=89 | track=3b19d9c02a3cf371b8c1ceb2b3f20cfc
global_step=532432 | return=-121.18 | steps=186 | track=fa88aab5bd728e718c0f25df90fd3bd5
global_step=532528 | return=-79.64 | steps=175 | track=0a4d251eb241c8fc8684e6d087b26e7b
global_step=532624 | return=-148.86 | steps=131 | track=f3d439f352830c2692c0c2495bb95a24
global_step=532688 | return=-71.79 | steps=137 | track=0406ec0d3a63ba0a34622632bb3cc1e7
global_step=532704 | return=104.29 | steps=114 | track=daa53fe686480b5d105e41e94b795674
global_step=532736 | return=-123.15 | steps=110 | track=d3edd9516ee8313e3e5ce434e97641d7
global_step=532928 | return=-126.22 | steps=130 | track=015a27ba5f8fb63d9b35bc2f5bed5e6a
global_step=533104 | return=-65.21 | steps=152 | track=7eadf82e68cd987d850cc8156bbb1869
global_step=533424 | return=-109.12 | steps=89 | track=fcffa7600ce56f45cdefa86427313a5e
global_step=533648 | return=-109.56 | steps=136 | track=27a5d6d3602d0568bd9e7812d2bcd04f
global_step=533744 | return=-48.88 | steps=89 | track=21c42c7471bfb3b8f774236b32aa79a9
global_step=533792 | return=-52.14 | steps=42 | track=e3087704d995e6183a4f9d427248d386
global_step=534208 | return=2.84 | steps=91 | track=56d8eb90f4469c70cd3f5aacd03c9fa6
global_step=534256 | return=-153.40 | steps=131 | track=d55855b6c3195e5858469ec185d25974
global_step=534288 | return=-145.40 | steps=130 | track=e46d04b44eb72de174993f2cd4e6967a
global_step=534288 | return=-148.18 | steps=130 | track=34b2948fc4d4e50036804a41359a86d9
global_step=534304 | return=-148.18 | steps=130 | track=ec353b55cded1d210f05e87b5628034c
global_step=534400 | return=-161.78 | steps=130 | track=9cb3b0f62d4362c5fb7bbcec355fbbcf
global_step=534464 | return=-62.66 | steps=41 | track=7bdef3e1e44d1bbeba633d883efc45cd
global_step=534512 | return=-69.80 | steps=117 | track=7d0b9255d3a8494fc2185a006aeecd33
global_step=534624 | return=-119.75 | steps=136 | track=7018bd46abde7505399dcbcac812d734
global_step=534784 | return=-134.41 | steps=130 | track=0129f3394e1278efba13bc5b6435df31
global_step=534816 | return=-133.04 | steps=131 | track=16e12a566c85d59acfc7426ca7682038
global_step=534912 | return=32.34 | steps=78 | track=f5500057559063a379d8e701f039e219
global_step=535040 | return=-147.20 | steps=131 | track=9c78989eadd502a5b0f05473c8b727d6
global_step=535232 | return=-80.08 | steps=92 | track=11f399931ea9ec57edb2c7f14c666e9a
global_step=535232 | return=-16.04 | steps=47 | track=efdb5077d5b164bfab67311c173c49e7
global_step=535536 | return=-147.55 | steps=131 | track=5907666a1afa1e972044b6d07f88646c
global_step=535568 | return=-37.49 | steps=58 | track=8d8092ff039e5ad92b028253476db46e
global_step=535616 | return=-46.63 | steps=43 | track=466ba01f21bb85e5f7fd9a8782f356d5
global_step=535760 | return=-68.78 | steps=44 | track=832cc5884c8e1fae9db427819ff54323
global_step=535824 | return=-78.57 | steps=94 | track=69b5e4bd3565ffae6178dde455e99d9e
global_step=536192 | return=-74.29 | steps=59 | track=961b1383f5f8963516d5502e023e3ffe
global_step=536336 | return=-144.56 | steps=132 | track=abed938792ec87a12c197688e3324209
global_step=536368 | return=-139.01 | steps=131 | track=df1b59e0c00e77d0796b9794afff1609
global_step=536384 | return=-144.69 | steps=130 | track=838988af91464cdc861089e70cdb3f69
global_step=536624 | return=-147.20 | steps=131 | track=92280495be78c9477244a14f4bf6bb3d
global_step=536704 | return=-165.92 | steps=260 | track=58d3d7a417d9e61e603709e7a5c52f5d
global_step=536736 | return=-89.74 | steps=145 | track=2f2354ca95bf25d9c83e6812d23e935f
global_step=536768 | return=-19.07 | steps=62 | track=b90830fc10c4f5c954498a4633aa52ac
global_step=536928 | return=-152.61 | steps=131 | track=d2aae22605d9566ea0d379fef766936b
global_step=537008 | return=-123.85 | steps=138 | track=bdb5dc57080c27e3b0444b59a4eaa355
global_step=537152 | return=-173.09 | steps=178 | track=40cc726aa2cf06954fb021df11a837a9
global_step=537344 | return=-140.89 | steps=131 | track=b4193366c66df28b5138cae03431d5ec
global_step=537392 | return=-127.86 | steps=110 | track=00f62ccf1262d1fdcf54ad8d9f27e2da
global_step=537408 | return=36.30 | steps=64 | track=6f7073eaa44ee131ed7b17ef31c79049
global_step=537680 | return=-143.73 | steps=131 | track=004e4f8abde0cacfb02ce6e22d09711b
global_step=537920 | return=-154.78 | steps=130 | track=d4a12d5dd1a122aee3987d9481000e0c
global_step=538448 | return=-154.58 | steps=131 | track=4fbcd4166dbb4db7768ac7df3f8f645c
global_step=538480 | return=-85.45 | steps=142 | track=64bc2c7a15ee7d55c97f6b19b2706ece
global_step=538496 | return=-142.43 | steps=131 | track=8765652fe1cf2afc193d2f5e7cfe6efb
global_step=538720 | return=-144.55 | steps=130 | track=9ee9cfbd00b7ca31bd956cad2c630546
global_step=538832 | return=-160.58 | steps=130 | track=3ddeda8896739faf0c0b865d38dddb9b
global_step=538864 | return=-91.73 | steps=134 | track=c390fddbd5039b6ba0ebc05a1aa0040d
global_step=538880 | return=-137.20 | steps=131 | track=9512a5519b8a6f2065a64510012b0a7d
global_step=538912 | return=-129.00 | steps=109 | track=571c9ad0c70abcd47c86becc633b19f2
global_step=539120 | return=-147.75 | steps=131 | track=00b5472d4804cc0be637a5d215ac527d
global_step=539280 | return=-89.92 | steps=146 | track=eb27bb89baee87a67775c02d5b90a133
global_step=539488 | return=-37.46 | steps=47 | track=09a0aee4301c0f3d59a143139d0d14e3
global_step=539504 | return=-139.33 | steps=131 | track=00211b68051ecad3139e45ff22d91cd1
global_step=539504 | return=-135.64 | steps=130 | track=0e379580fbf2b47a84601ff999dd41c4
global_step=539536 | return=11.87 | steps=67 | track=0185333690120c3d1c03d8bd39a6eabb
global_step=539568 | return=-83.94 | steps=67 | track=ed27a80720f95c11eb5419dca1af2ee2
global_step=539648 | return=-87.02 | steps=143 | track=c30c398e75e90dd28d8972b5bed4410d
global_step=539792 | return=-143.06 | steps=131 | track=b8afaef06cc82123e380ab1867bb96cf
global_step=539904 | return=-17.47 | steps=272 | track=9535748dbcd288ad2d07c5363055485d
global_step=540032 | return=-150.13 | steps=131 | track=151a6471e1e1ecdf522c1cf737638e62
global_step=540208 | return=3.22 | steps=67 | track=a64b450281d7a44c09f82db6f53b20ba
global_step=540272 | return=-21.34 | steps=61 | track=5489d1a2b66e4abde74dbc63064429c0
global_step=540608 | return=-127.26 | steps=131 | track=8b0f034dd5b500963c13c4112c734a7b
global_step=540672, SPS=70
global_step=540720 | return=1.11 | steps=66 | track=7bec2ca6ac37b46d172b0c6d4c28c17d
global_step=540944 | return=-75.27 | steps=89 | track=0210374527b1982b99412e05d5604814
global_step=540944 | return=-151.67 | steps=131 | track=f28dac312d976bee1bfaacc8bba89a76
global_step=540976 | return=-99.64 | steps=89 | track=0b20026b7409124e3a582b6c25cda797
global_step=540976 | return=-152.15 | steps=131 | track=6fa99c550006baeccd18104c7c30faa9
global_step=541024 | return=-134.42 | steps=131 | track=46fd1d9c41ea5f7632cb536298f747ec
global_step=541600 | return=-99.01 | steps=131 | track=3482b2610c8a822ef5fefe030f272fdc
global_step=541680 | return=-122.59 | steps=131 | track=608be63f8de84b67e01df94c41a1f0bb
global_step=541744 | return=14.42 | steps=70 | track=cdbab2c07884d09b3588fb7787a15e28
global_step=541888 | return=-131.93 | steps=130 | track=b8b9f5ed10e63eaaa0b4d196771f8e78
global_step=541952 | return=-53.87 | steps=152 | track=56ba64c668b1e9ba6189f8ed2e3aeaf6
global_step=541984 | return=-28.61 | steps=62 | track=f1d000555608c2fe486ebae3f37f2697
global_step=542128 | return=-104.45 | steps=130 | track=65a171f75d211f7e01dbdc26836dc6b6
global_step=542160 | return=-28.55 | steps=73 | track=99dbbf0d703f222a059b782775468c88
global_step=542320 | return=-153.39 | steps=131 | track=8682090b66d10a82fd39bd98a092e8c7
global_step=542384 | return=-153.59 | steps=131 | track=6776e8450c2957b8a86aa2e76f6e3198
global_step=542448 | return=-79.41 | steps=93 | track=0a3affdd9104a6f385bf8ee3abb0d5a6
global_step=542528 | return=4.84 | steps=227 | track=3edbe46b7a58a93ff13084a07e996df1
global_step=542560 | return=-119.55 | steps=165 | track=6df16efbcd260d87f6d8b06e99753b44
global_step=542832 | return=-145.07 | steps=131 | track=cc01e5fb866ab92ca5080c16d9e9ca4d
global_step=543024 | return=20.26 | steps=64 | track=d07e10b544c2432907fdfc8b216e8bdf
global_step=543040 | return=-155.80 | steps=130 | track=e31ef2052760d6cb049206629e3121d9
global_step=543136 | return=-137.13 | steps=131 | track=116f4b4bcb798be6914d74d91c8e1f0f
global_step=543152 | return=-110.81 | steps=96 | track=6996a6b239097fad3735db0134733c32
global_step=543200 | return=9.08 | steps=66 | track=fc61f36b858acda8aa3828dc892debd0
global_step=543440 | return=-123.86 | steps=105 | track=42f7dc695f1110da22ec3b23fe97f4ff
global_step=543600 | return=0.11 | steps=47 | track=08cc5e4314709449b5ba378fe0fe7b50
global_step=543792 | return=-138.41 | steps=131 | track=bfda13b32de63ad860974e0170c5e7e4
global_step=544000 | return=-129.47 | steps=131 | track=942b83a7c80c865628a8760227455c29
global_step=544064 | return=-145.74 | steps=131 | track=702f23e5673e11342490c4709e4f5994
global_step=544272 | return=-139.13 | steps=131 | track=724fc6b1a9c885427ab0f313eee0749d
global_step=544432 | return=-153.65 | steps=131 | track=0866f1b606c401d86a175fde19d0ef31
global_step=544640 | return=-152.30 | steps=131 | track=c04b982736ca78fab0f4f8e695e6247c
global_step=544672 | return=-157.04 | steps=131 | track=54431d2b070db27227c781761b86a0d7
global_step=545008 | return=-14.18 | steps=62 | track=b640a6c90c88bbb7d6bc80540fc4a1c5
global_step=545136 | return=-141.84 | steps=131 | track=9bf802a67ece75d680f71bd328a7b700
global_step=545152 | return=-150.44 | steps=131 | track=2013bf124ea4649bd1b08f9762568f8a
global_step=545232 | return=-145.34 | steps=130 | track=c3f6650ca63ec321d9793222591dd4f1
global_step=545248 | return=-135.97 | steps=130 | track=95028ffce797e75dde370e02318e36c3
global_step=545392 | return=-10.30 | steps=59 | track=e627d9fc29ef796afac5dda83e4cc6c0
global_step=545504 | return=-112.33 | steps=89 | track=e34ddb98fb6997c91cbb1473d106171d
global_step=545648 | return=-48.06 | steps=203 | track=e076219d6aeeb610e1d101e878aa3b61
global_step=545696 | return=-110.41 | steps=130 | track=eac07afd8033bcca2dd03f0b1a3a499c
global_step=545776 | return=-80.75 | steps=145 | track=fb049a8dfe401e12146b1c0ee2088d5d
global_step=545904 | return=-151.96 | steps=131 | track=0ff2f4321b2fd149eba029debb965afe
global_step=545968 | return=-42.54 | steps=50 | track=a8ca83cd503ecaeeaf42f910de8584a3
global_step=546000 | return=-26.62 | steps=61 | track=441eb17b2fc634bf15ed3de7559a8271
global_step=546016 | return=-66.33 | steps=47 | track=1dba5eedfe8bbbeeb3c074f619fbfc01
global_step=546080 | return=-98.87 | steps=89 | track=6fb88f4cf793a4b9dec850172da5f867
global_step=546240 | return=34.72 | steps=68 | track=2b963c69bcaf04573d8e8eaf8b5f3cab
global_step=546304 | return=-120.31 | steps=101 | track=5216b1da51d538dedeaddae07df2a11d
global_step=546384 | return=-160.60 | steps=131 | track=f699a0346328f26b08a62e1cb8b06162
global_step=546496 | return=-105.01 | steps=205 | track=17b0d245a65f7a6acafdec127c6eb4d0
global_step=546928 | return=-11.17 | steps=71 | track=eb973f016836635bb1f750a056f1ba5f
global_step=547344 | return=-118.30 | steps=131 | track=27d0186a8b2f891383aad4840ca31149
global_step=547376 | return=-65.21 | steps=91 | track=e8a13c78c552c124bf4f546390e6bf43
global_step=547408 | return=-2.82 | steps=63 | track=9cbafac74c049e01c8774b05c0947899
global_step=547456 | return=27.28 | steps=71 | track=453e86997fae18a56436de8ed5f599ea
global_step=547504 | return=-149.50 | steps=131 | track=3a56cce3b35d5ffff74d5b68a26dec3f
global_step=547616 | return=-141.75 | steps=131 | track=fc1a6fc464384cc2659c7a07f9e5470e
global_step=547760 | return=-115.89 | steps=131 | track=f50374ad9af239ebbb4237826fbd5b51
global_step=547968 | return=38.08 | steps=107 | track=01502196c793e561cb9b39c759faf70d
global_step=548080 | return=-140.61 | steps=131 | track=6c53a9606b041fb299b7899d96eebb12
global_step=548096 | return=-140.60 | steps=130 | track=30ddef615a4a0766ba2ea1f60125281c
global_step=548128 | return=-133.18 | steps=131 | track=03511ab5054472c6c495914baef3a5de
global_step=548176 | return=-141.98 | steps=130 | track=a0864d708305dbd8454a24a3d619f3ee
global_step=548528 | return=6.33 | steps=66 | track=067fbcee1568d0a0cfec2a010ec2a6be
global_step=548608 | return=-139.33 | steps=131 | track=b682f7dc828511e6c9ba2f83af9771e7
global_step=548688 | return=-74.42 | steps=44 | track=7224082f885c59a6a0336b812c7187eb
global_step=548784 | return=-24.19 | steps=42 | track=841459b6bc1497b1c5a18b9fdf52f82b
global_step=548784 | return=27.61 | steps=87 | track=5182a45b5e117de0c7eb53663170549e
global_step=548976 | return=-114.50 | steps=97 | track=268b35f49f171528ece0a025209d92bd
global_step=549040 | return=-139.33 | steps=131 | track=0b720e19abf27b4406c015b62ba2c78e
global_step=549584 | return=-73.93 | steps=93 | track=84d5d2fdb3b5bd4098b6228d5fc4da7e
global_step=549616 | return=-136.71 | steps=131 | track=120016ffc49090f52d5f17e172bbeceb
global_step=549712 | return=-142.72 | steps=130 | track=b0302b302237b2c071db6bd6effe080c
global_step=549824 | return=25.34 | steps=64 | track=3cf0a4ef2453c6dcc299468b5f977d26
global_step=549856 | return=39.43 | steps=72 | track=37cd6ffbfcfc9b54a166a3b0f04ba3f6
global_step=549856 | return=-210.08 | steps=259 | track=a2ce374a2f5848e1bf13c842f386fb3e
global_step=549872 | return=-135.45 | steps=131 | track=5dcdd744154f8ebd8704083c179fdf8e
global_step=550240 | return=-148.75 | steps=131 | track=6a1502ff0ce9a6abb9ad43c0633a42dc
global_step=550288 | return=-152.07 | steps=131 | track=4d4a38824c92844e377f29a71542de67
global_step=550480 | return=-105.60 | steps=89 | track=6b1211f5f7608b233dfe95cf31e582b2
global_step=550608 | return=-65.37 | steps=203 | track=b3692539d3089f81bb72be138bb95462
global_step=550704 | return=-56.19 | steps=135 | track=826cb80c74b75af64baa086c3fc5d82d
global_step=550720 | return=-158.93 | steps=131 | track=ecdc9dd7cc90fe1ebc99bdf798cc9c40
global_step=550880 | return=-152.62 | steps=130 | track=9e652ea77acef9379952da3f6c3da618
global_step=550992 | return=19.37 | steps=70 | track=0df77e75c006c18171cca8c2ac991f8b
global_step=551088 | return=-138.80 | steps=131 | track=37b07f6d9c9699a6ae54ccf66c5a6dc2
global_step=551200 | return=-157.01 | steps=546 | track=8a13c077e3f7db492b494397f99269fc
global_step=551392 | return=-77.29 | steps=94 | track=0244c9a7e409d3f9d52a7dfe440bbc1a
global_step=551696 | return=-141.54 | steps=131 | track=aa651fcf6cf505136bcc4626cef2f03c
global_step=551744 | return=6.89 | steps=64 | track=51f4d703b7f1f353680adc3236400979
global_step=551760 | return=-56.86 | steps=47 | track=786f790d07d466044a3a5694b5ec8670
global_step=551776 | return=-69.95 | steps=134 | track=ddd2546efb77adbd7dec5af82eb4d0a0
global_step=551840 | return=-150.07 | steps=132 | track=bddfa5add2f8705da44d3eb2ef13afa2
global_step=551968 | return=-153.82 | steps=131 | track=508366e3515657155b1522938427a5b9
global_step=551984 | return=-123.75 | steps=134 | track=5f7d02c552b04b657b69a815fe883e87
global_step=552016 | return=-73.38 | steps=70 | track=d8da48e183b43e048edecdbfc9eccce4
global_step=552224 | return=-42.75 | steps=63 | track=5c721f953d3d0813df0e316ba6474397
global_step=552352 | return=-139.10 | steps=131 | track=9a7ccb3615cba9c68ee5abf9ee1c1bec
global_step=552400 | return=-139.33 | steps=131 | track=0ced901a7adaf8de7337675a33e2ad83
global_step=552576 | return=-151.82 | steps=130 | track=51e032fe121bf32aae0ac97802758bbd
global_step=552672 | return=-115.89 | steps=98 | track=90b7d8682bff08752faa0d847dca7d1d
global_step=552832 | return=-150.21 | steps=131 | track=3b90d15505f09ade32293d7f0a79fd6e
global_step=553296 | return=-62.16 | steps=167 | track=e04e54d4381d78d013cee4402de2fbd3
global_step=553808 | return=-136.71 | steps=131 | track=c888b7e6b699b42ca9a3768e7e45ea36
global_step=553840 | return=-104.84 | steps=152 | track=c45baf7b522775b566b87d2695ab7b5b
global_step=553856 | return=-146.55 | steps=131 | track=221604c508a26b43f1e159a63a0c8b94
global_step=553872 | return=-140.86 | steps=131 | track=1433482742eac79a723fbac6848971ee
global_step=553952 | return=-145.73 | steps=131 | track=9844a0698cd1375e527152e37289ff56
global_step=554032 | return=-130.21 | steps=104 | track=526c8d8e4bb3e98446bbc6045efb31d9
global_step=554080 | return=-150.14 | steps=131 | track=670d79a00bf336758b585264ddb997ff
global_step=554096 | return=-147.81 | steps=131 | track=40364e19db5efa0192fbb0dbf1568c7e
global_step=554112 | return=-148.67 | steps=145 | track=ea9e1f8c9a9594bded28a09f48411eb3
global_step=554144 | return=-135.86 | steps=132 | track=f6aeab23377d265f0fa25cf144c35600
global_step=554336 | return=-153.26 | steps=131 | track=72509b72ebbcd3050c6c50ced9fc926e
global_step=554672 | return=-85.72 | steps=141 | track=16ec53611d147edc59e346d1df3d0ecb
global_step=554688 | return=-137.18 | steps=131 | track=e376bd865ddc3bf4ac61856a7cfbc4d6
global_step=554784 | return=-146.29 | steps=131 | track=7fa89a69332f67962613690abdf02954
global_step=554880 | return=-9.05 | steps=62 | track=8abc5eece3eb6aa6cd90166105e0f038
global_step=554928 | return=-141.51 | steps=130 | track=f88fa8ee7d591c8556bed8724912672f
global_step=554944 | return=9.02 | steps=67 | track=5d6700a0cc08a5083f24a35d33015b1f
global_step=555216 | return=15.99 | steps=69 | track=398feccd9cf05266868a569c4d8925c2
global_step=555408 | return=-127.27 | steps=131 | track=6fb2aed3aca13f91fd84f489ec8d12c0
global_step=555696 | return=-114.05 | steps=98 | track=54a8e9d9e64c877a8b7159ad1c66bd08
global_step=555920 | return=-147.61 | steps=131 | track=1b1917b48b8324f884d061ca294de40b
global_step=555952 | return=-131.08 | steps=131 | track=8eda8efed3cfc3acee7aba952459338b
global_step=556144 | return=-152.81 | steps=131 | track=be091a77e95c2baa8134106d5f1d32b6
global_step=556176 | return=-139.07 | steps=130 | track=21ea715b0a43d1033818345856820493
global_step=556256 | return=-141.54 | steps=131 | track=ffa5ac27aa0d82daf10287984fda8ad1
global_step=556784 | return=-144.01 | steps=131 | track=b4337f967fb5194c905fddb67d7587ae
global_step=556800 | return=-71.93 | steps=54 | track=d1b31f541f5145054124ba5e0cfa37e3
global_step=556800 | return=-143.00 | steps=131 | track=01dcefe8e9429bb90bd5d087b6998852
global_step=556976 | return=-145.77 | steps=130 | track=81b451976d5232157bc066c33041791a
global_step=557040 | return=-138.16 | steps=131 | track=718849a35a35e90a70ab2449ad8c3428
global_step=557056 | return=-146.01 | steps=131 | track=4d99a3a53aff5b54c8d1edfdffa72635
global_step=557056, SPS=70
global_step=557312 | return=-144.69 | steps=130 | track=9cbcbfe925a37d901ed54b63496d4cd8
global_step=557392 | return=-106.28 | steps=89 | track=a7b8e6cf6510d2f743e4ef9ddfed1f96
global_step=557488 | return=-62.64 | steps=42 | track=9a7bb7356bcb419d5fbb53317fda9f04
global_step=557520 | return=-144.38 | steps=131 | track=8052132893ff64c61481f63cc38ac17e
global_step=557712 | return=-125.44 | steps=234 | track=e8581f0092456b2416d52aa0885d9206
global_step=557808 | return=-139.77 | steps=131 | track=defab795c1b4341534c10958292335d2
global_step=557904 | return=-48.99 | steps=222 | track=4e4ecd9e91cf20f6d7be358d86b60f79
global_step=557952 | return=-68.49 | steps=55 | track=549ad17df2a7223219376e7d02dd46ac
global_step=558080 | return=-126.61 | steps=118 | track=d80f04cfe3969bff89ac66819fe71112
global_step=558256 | return=-147.81 | steps=131 | track=0ef123bb41d07501f8b5860c672cd847
global_step=558320 | return=-118.38 | steps=220 | track=7d2b836a7fe68cc2d68156ba3fe78b22
global_step=558400 | return=-52.16 | steps=100 | track=838c086f1fcd9864fe8c99f22507ba95
global_step=558496 | return=-66.38 | steps=94 | track=0a00c60180732a1dd0685ecc9564a173
global_step=558912 | return=-123.02 | steps=99 | track=b450796f140678a015310e216b6c51a0
global_step=558976 | return=0.41 | steps=66 | track=48e35d83de9e4a3e8fde440590580f3c
global_step=559056 | return=-81.02 | steps=60 | track=64ba67db27ac5bca6dca44c00eef82b1
global_step=559152 | return=-137.44 | steps=131 | track=3aaa9a04205d8ef12cc6d13e36a93e65
global_step=559312 | return=-165.17 | steps=156 | track=cf48de85023a2691a54fb1a1e8968e66
global_step=559424 | return=-9.88 | steps=63 | track=deb13c5ecc784e976ddcf2cb740c7a2f
global_step=559504 | return=-142.56 | steps=131 | track=10a9e705d282c0cc5282025f2e6cd98f
global_step=559792 | return=-103.10 | steps=129 | track=db24ba7c3f915b3fc1b3472218832be3
global_step=559824 | return=-64.82 | steps=47 | track=72ee772b3dd53a9ed3c05aa404c67013
global_step=559920 | return=-147.37 | steps=131 | track=5f264d4c1041c24af648f0a3af68ef15
global_step=559920 | return=-54.94 | steps=149 | track=0c0b6aa90e2181c904eb4f491c710c91
global_step=560064 | return=-128.99 | steps=131 | track=950863a8f0c7e77bad355482428ee1e3
global_step=560192 | return=-182.92 | steps=245 | track=03e0a70b095b60930eca08c27ea2746d
global_step=560192 | return=-13.56 | steps=79 | track=8fc53c96477b67edab8503f75d3a8d7e
global_step=560208 | return=-85.01 | steps=106 | track=b0e3eb2eed427dfff68042afa1c621fa
global_step=560448 | return=-101.75 | steps=184 | track=1970aa995bff8d58e60e087f7d2582b5
global_step=560576 | return=17.02 | steps=66 | track=b074980d959b4627ca2ea7fbeeb5cc1a
global_step=560592 | return=-102.80 | steps=89 | track=703dbbfae5445748154e8dfe2b94dca1
global_step=561056 | return=-14.81 | steps=61 | track=7031a7d89842015e145e248f2241203a
global_step=561072 | return=-151.08 | steps=130 | track=bd41c71e73c34dc0faffa0029b864f9c
global_step=561072 | return=-151.39 | steps=171 | track=ff1d65274f8a0ea29979e9404ec7a1b1
global_step=561280 | return=10.02 | steps=66 | track=95abcbc80ad7ed26bc8551dfc8a95f5b
global_step=561360 | return=-138.47 | steps=193 | track=97f9a4ed0890197dd637eb9b2356ef89
global_step=561424 | return=-147.27 | steps=131 | track=5a7bac6f7c8ec5730a07e9c6d0c4ffc1
global_step=561520 | return=-151.71 | steps=130 | track=3db8268d1890dd903dc6c5c861c7e2c0
global_step=561616 | return=-119.59 | steps=105 | track=eb42ddf6ae7e43345d60e4a02a37a967
global_step=561888 | return=-151.02 | steps=130 | track=17e7bba2642ce2dd3227ddcf8715976d
global_step=561936 | return=-137.44 | steps=131 | track=905eb75e9176d8aee916fe74ffb881e6
global_step=562016 | return=-103.94 | steps=89 | track=ed0dd4f5e4dea9f54947703b6b217004
global_step=562224 | return=-66.52 | steps=143 | track=a1cdd22845345d348a45507fdddc2a8d
global_step=562288 | return=-155.17 | steps=130 | track=a0c6d0833bb5fef760cbc52f852bb405
global_step=562304 | return=-134.93 | steps=131 | track=3092a4986e8b2adee500d114dbd538b5
global_step=562448 | return=-87.66 | steps=67 | track=f850c641b6a0e2ea213a986d77a45e7b
global_step=562560 | return=-146.29 | steps=131 | track=eca5a1605ed2256cb15213d7ede7fe09
global_step=562688 | return=-141.80 | steps=130 | track=985b146a1bdae4c81ced98ed5a1a9cf5
global_step=562720 | return=-14.50 | steps=80 | track=5aae4c58ef469072007e58a54409c232
global_step=563168 | return=-65.22 | steps=58 | track=0696d39756aa3c0d20cc37f540841dda
global_step=563184 | return=-137.18 | steps=131 | track=2096d66e0a85a53f06b2d6f40f32a3d3
global_step=563184 | return=-142.59 | steps=131 | track=5ec515fe00ca8a0d5285903f9a342932
global_step=563248 | return=-36.93 | steps=42 | track=6b67cb690ddfb9ba26eb1fa96d358a0a
global_step=563392 | return=-139.21 | steps=131 | track=884e6fc45811cb22eeb0a620c3cf7045
global_step=563392 | return=-43.97 | steps=41 | track=27e323ce95dc429c1fc141c250edb614
global_step=563408 | return=22.73 | steps=68 | track=83c3e8d7fb860f840da6eaffda9b124b
global_step=563632 | return=-133.04 | steps=131 | track=9e21f9f164d017728691e337c69563f6
global_step=563728 | return=-133.50 | steps=131 | track=aeda60ec3631ba58febfbbee97987e0d
global_step=564000 | return=-137.44 | steps=131 | track=2a2836410039026a620ce238dccc36af
global_step=564048 | return=-145.51 | steps=131 | track=d341e9a534b324d36d7464565a563225
global_step=564128 | return=-154.50 | steps=131 | track=5d22cf5d702297de09e44a6a76f74c60
global_step=564160 | return=-113.61 | steps=91 | track=0843b50592c4c6080ea895647d6f16bf
global_step=564368 | return=-36.97 | steps=45 | track=aedd13c47845cbf18538fbab07673742
global_step=564400 | return=-49.33 | steps=61 | track=4d008195992dff44b6d155f502b4fc39
global_step=564400 | return=-134.67 | steps=131 | track=f103669e0546a8df5c93697a05bb7663
global_step=564432 | return=-147.75 | steps=210 | track=361b4cc9e85cd2a314de6c610e698d49
global_step=564560 | return=-155.56 | steps=131 | track=bbaa6f3ee8634e5bcdb8554acf686d18
global_step=564752 | return=10.09 | steps=63 | track=ad335e4127b065b93e3e33a7846be380
global_step=564896 | return=-75.86 | steps=93 | track=fef0cc518a8e50a934ee6cedf7ac58d6
global_step=565072 | return=-51.03 | steps=41 | track=fbb12f3c2abfb32525340bd598e5b565
global_step=565104 | return=-131.63 | steps=106 | track=95ebfa0b2f403fa62d68a7b6fd03aa12
global_step=565168 | return=-50.29 | steps=72 | track=fc526224dc37a35c73741a1005a10fb4
global_step=565280 | return=-135.80 | steps=131 | track=99a6307d0cd52d6fc657b443ccccedbe
global_step=565296 | return=-143.81 | steps=131 | track=b7c077afdc9547d7bea5520ac0bf45a0
global_step=565296 | return=-151.77 | steps=131 | track=19606a39c1626ac069769f66aff8bc1a
global_step=565344 | return=-33.60 | steps=60 | track=4b91e36bc1a4dfbc2f2f1757429a28c0
global_step=565344 | return=-138.60 | steps=130 | track=5a3d99680d7034490dbff2f03b2ad36f
global_step=565824 | return=-120.50 | steps=110 | track=a933bb77efc1f9acc10fabe6b43a1951
global_step=566048 | return=-70.53 | steps=47 | track=4d7730c882294b9f697463e859067d2c
global_step=566128 | return=9.03 | steps=65 | track=1cd46d27a440ae24d3e21b5b53f4ad1a
global_step=566240 | return=-148.61 | steps=131 | track=0ff94a725cfd7db2552c9912970d16a6
global_step=566272 | return=-142.39 | steps=131 | track=874c224bcb9ec2991a9c1ec11f2aa4d5
global_step=566512 | return=-143.47 | steps=131 | track=bd98f986ee93b0c1d27fa4ce949810a0
global_step=566544 | return=-138.69 | steps=131 | track=e3092ec95d002d6575a1eedc56ed1cef
global_step=566672 | return=-139.85 | steps=131 | track=e00d640341c8c7fbe3021218a86cded0
global_step=566752 | return=11.81 | steps=87 | track=443b7736bd3650593b5c11161a91ced1
global_step=566960 | return=5.25 | steps=70 | track=201d9fcdee3f48d06b78da482e3bfa1d
global_step=567008 | return=-133.33 | steps=131 | track=cfd93947a69bd34f62c53e9ef4a17c57
global_step=567216 | return=-123.09 | steps=131 | track=8ad21d4fb2181bc308b05c1ef0124939
