step,value
944,-50.081817626953125
1904,-23.636363983154297
1904,-23.636363983154297
1904,-23.636363983154297
1904,-1.8181818723678589
1904,-23.636363983154297
1904,-1.8181818723678589
1904,-23.636363983154297
2856,-23.636363983154297
3816,-9.090909004211426
3816,-23.636363983154297
3816,-23.636363983154297
3816,-23.636363983154297
3816,-23.636363983154297
3816,-23.636363983154297
3816,-23.636363983154297
4768,-23.636363983154297
5728,-23.636363983154297
5728,-23.636363983154297
5728,-23.636363983154297
5728,-23.636363983154297
5728,100.0
5728,-23.636363983154297
5728,-23.636363983154297
6680,-23.636363983154297
7640,-23.636363983154297
7640,16.363636016845703
7640,-23.636363983154297
7640,-23.636363983154297
7640,-23.636363983154297
7640,-23.636363983154297
8592,-23.636363983154297
9552,-23.636363983154297
9552,-23.636363983154297
9552,165.4545440673828
9552,-16.363636016845703
9552,-23.636363983154297
9552,-23.636363983154297
10272,-23.636363983154297
10504,-23.636363983154297
11464,-23.636363983154297
11464,12.727272987365723
11464,-23.636363983154297
11464,38.181819915771484
11464,-23.636363983154297
11464,-23.636363983154297
12184,-9.090909004211426
12416,-23.636363983154297
13376,-23.636363983154297
13376,5.454545497894287
13376,-23.636363983154297
13376,-23.636363983154297
13376,-23.636363983154297
13376,-23.636363983154297
14096,-23.636363983154297
14328,30.909090042114258
15152,-54.59090805053711
15288,-23.636363983154297
15288,-23.636363983154297
15288,-23.636363983154297
15288,-23.636363983154297
15288,-23.636363983154297
15288,-23.636363983154297
16008,-23.636363983154297
16144,-56.390907287597656
17064,-23.636363983154297
17200,-23.636363983154297
17200,16.363636016845703
17200,-23.636363983154297
17200,-23.636363983154297
17200,-23.636363983154297
17920,-23.636363983154297
18976,-23.636363983154297
19104,100.0
19112,67.2727279663086
19112,-23.636363983154297
19112,-23.636363983154297
19112,-23.636363983154297
19112,-23.636363983154297
19832,-23.636363983154297
20888,-23.636363983154297
21016,201.81817626953125
21024,-23.636363983154297
21024,-23.636363983154297
21024,-23.636363983154297
21024,-23.636363983154297
21024,-23.636363983154297
21744,12.727272987365723
22800,-23.636363983154297
22928,-23.636363983154297
22936,34.54545593261719
22936,-23.636363983154297
22936,-23.636363983154297
22936,23.636363983154297
23656,-23.636363983154297
24680,30.909090042114258
24712,118.18181610107422
24840,-23.636363983154297
24848,-23.636363983154297
24848,-23.636363983154297
24848,-23.636363983154297
24848,70.90908813476562
25568,-23.636363983154297
26592,-23.636363983154297
26624,-23.636363983154297
26752,-23.636363983154297
26760,-23.636363983154297
26760,-9.090909004211426
26760,67.2727279663086
26760,-23.636363983154297
27480,-23.636363983154297
28504,-23.636363983154297
28536,-23.636363983154297
28664,5.454545497894287
28672,-23.636363983154297
28672,-23.636363983154297
28672,12.727272987365723
28672,16.363636016845703
29392,-23.636363983154297
30416,-23.636363983154297
30448,70.90908813476562
30576,-23.636363983154297
30584,-23.636363983154297
30584,23.636363983154297
30584,-23.636363983154297
30584,-23.636363983154297
31304,-23.636363983154297
32328,-23.636363983154297
32360,-23.636363983154297
32488,-23.636363983154297
32496,5.454545497894287
32496,78.18181610107422
32496,27.272727966308594
32496,-23.636363983154297
33216,-23.636363983154297
34240,-23.636363983154297
34272,-23.636363983154297
34400,-23.636363983154297
34408,-23.636363983154297
34408,-23.636363983154297
34408,-23.636363983154297
34408,-23.636363983154297
35128,136.36363220214844
36152,-23.636363983154297
36184,-23.636363983154297
36312,-5.454545497894287
36320,-23.636363983154297
36320,-23.636363983154297
36320,-23.636363983154297
36320,125.45454406738281
37040,1.8181818723678589
38064,241.81817626953125
38096,-23.636363983154297
38224,-23.636363983154297
38232,30.909090042114258
38232,-23.636363983154297
38232,1.8181818723678589
38232,150.90908813476562
38952,-23.636363983154297
39976,-23.636363983154297
40008,205.4545440673828
40136,-23.636363983154297
40144,-23.636363983154297
40144,45.45454406738281
40144,-23.636363983154297
40144,136.36363220214844
40384,-66.90908813476562
41888,-23.636363983154297
41920,5.454545497894287
42048,-23.636363983154297
42056,-5.454545497894287
42056,-23.636363983154297
42056,-23.636363983154297
42056,-23.636363983154297
42296,-23.636363983154297
43800,-23.636363983154297
43832,-23.636363983154297
43960,-23.636363983154297
43968,-23.636363983154297
43968,-9.090909004211426
43968,-23.636363983154297
43968,-23.636363983154297
44208,-23.636363983154297
45712,-23.636363983154297
45744,16.363636016845703
45872,-23.636363983154297
45880,-23.636363983154297
45880,-23.636363983154297
45880,-23.636363983154297
45880,-23.636363983154297
46120,-23.636363983154297
47528,-90.96363830566406
47624,67.2727279663086
47656,-23.636363983154297
47784,-23.636363983154297
47792,-23.636363983154297
47792,-23.636363983154297
47792,-23.636363983154297
47792,-23.636363983154297
49440,-23.636363983154297
49536,5.454545497894287
49568,-23.636363983154297
49696,20.0
49704,147.27272033691406
49704,-23.636363983154297
49704,-23.636363983154297
49704,-23.636363983154297
51352,-23.636363983154297
51448,-23.636363983154297
51480,-23.636363983154297
51608,-23.636363983154297
51616,136.36363220214844
51616,-5.454545497894287
51616,-23.636363983154297
51616,-23.636363983154297
53264,-23.636363983154297
53360,-23.636363983154297
53392,-23.636363983154297
53520,-23.636363983154297
53528,-23.636363983154297
53528,-23.636363983154297
53528,49.09090805053711
53528,-23.636363983154297
54528,-62.918182373046875
55176,-23.636363983154297
55272,16.363636016845703
55432,-23.636363983154297
55440,-23.636363983154297
55440,-5.454545497894287
55440,-23.636363983154297
55440,-23.636363983154297
56440,-23.636363983154297
57088,-23.636363983154297
57344,-23.636363983154297
57352,89.09091186523438
57352,-23.636363983154297
57352,-23.636363983154297
57352,-23.636363983154297
58088,9.090909004211426
58352,85.45454406738281
59000,-23.636363983154297
59256,-23.636363983154297
59264,-23.636363983154297
59264,-23.636363983154297
59264,-23.636363983154297
59264,-23.636363983154297
60000,-23.636363983154297
60264,74.54545593261719
60912,-23.636363983154297
61168,-23.636363983154297
61176,-23.636363983154297
61176,60.0
61176,-23.636363983154297
61912,-23.636363983154297
62176,-23.636363983154297
62304,-12.727272987365723
62824,23.636363983154297
63080,-23.636363983154297
63088,-23.636363983154297
63088,-23.636363983154297
63088,-9.090909004211426
63824,-23.636363983154297
64088,-23.636363983154297
64216,-23.636363983154297
64736,-23.636363983154297
64992,129.09091186523438
65000,-16.363636016845703
65000,56.3636360168457
65000,-23.636363983154297
65736,216.36363220214844
66000,-23.636363983154297
66128,16.363636016845703
66648,-23.636363983154297
66904,169.09091186523438
66912,16.363636016845703
66912,-23.636363983154297
66912,-23.636363983154297
67648,-23.636363983154297
67912,-23.636363983154297
68040,-23.636363983154297
68560,-23.636363983154297
68816,-23.636363983154297
68824,110.90908813476562
68824,81.81818389892578
68824,-23.636363983154297
69560,-23.636363983154297
69824,-23.636363983154297
69952,-23.636363983154297
70472,-23.636363983154297
70728,-23.636363983154297
70736,-23.636363983154297
70736,-23.636363983154297
70736,41.818180084228516
71472,-23.636363983154297
71736,9.090909004211426
71864,-12.727272987365723
72384,20.0
72640,-23.636363983154297
72648,-23.636363983154297
72648,-23.636363983154297
72648,-23.636363983154297
73384,-23.636363983154297
73648,12.727272987365723
73776,-23.636363983154297
74296,-23.636363983154297
74552,-23.636363983154297
74560,140.0
74560,-23.636363983154297
74560,-23.636363983154297
75296,-23.636363983154297
75560,100.0
75688,56.3636360168457
76208,-23.636363983154297
76464,-23.636363983154297
76472,-23.636363983154297
76472,-23.636363983154297
76472,-23.636363983154297
77472,-23.636363983154297
77600,-23.636363983154297
78120,-23.636363983154297
78376,-12.727272987365723
78384,-23.636363983154297
78384,-23.636363983154297
78384,-23.636363983154297
78432,-23.636363983154297
79176,-106.06363677978516
79512,-23.636363983154297
80032,-23.636363983154297
80288,-23.636363983154297
80296,-23.636363983154297
80296,-23.636363983154297
80296,-23.636363983154297
80344,-23.636363983154297
80640,-62.418182373046875
81088,-23.636363983154297
81416,-45.272727966308594
81944,-23.636363983154297
82200,100.0
82208,-9.090909004211426
82208,-23.636363983154297
82208,30.909090042114258
82552,-23.636363983154297
83000,-23.636363983154297
83328,-23.636363983154297
83856,-23.636363983154297
84112,-23.636363983154297
84120,-23.636363983154297
84120,-23.636363983154297
84120,27.272727966308594
84464,-23.636363983154297
84912,-23.636363983154297
85240,-23.636363983154297
85768,96.36363983154297
85768,-56.19091033935547
86024,30.909090042114258
86032,-23.636363983154297
86032,-23.636363983154297
86032,-23.636363983154297
86376,-23.636363983154297
87152,-23.636363983154297
87680,-23.636363983154297
87680,-23.636363983154297
87936,-23.636363983154297
87944,23.636363983154297
87944,-23.636363983154297
87944,-23.636363983154297
88288,-23.636363983154297
88976,0.4636363685131073
89064,-23.636363983154297
89592,-23.636363983154297
89592,-23.636363983154297
89848,-23.636363983154297
89856,-23.636363983154297
89856,-23.636363983154297
90200,-23.636363983154297
90888,-23.636363983154297
90976,30.909090042114258
91504,-23.636363983154297
91504,-23.636363983154297
91760,-9.090909004211426
91768,-23.636363983154297
91768,-23.636363983154297
92112,-23.636363983154297
92800,-23.636363983154297
92888,-23.636363983154297
93416,-23.636363983154297
93416,-23.636363983154297
93672,-23.636363983154297
93680,-23.636363983154297
93680,-23.636363983154297
94024,-23.636363983154297
94712,-23.636363983154297
94800,38.181819915771484
95328,-23.636363983154297
95328,-23.636363983154297
95584,-23.636363983154297
95592,-9.090909004211426
95592,-23.636363983154297
95936,-23.636363983154297
96448,-56.69091033935547
96624,-23.636363983154297
96712,-23.636363983154297
97240,-23.636363983154297
97240,-23.636363983154297
97504,-16.363636016845703
97504,-23.636363983154297
97848,-12.727272987365723
98360,118.18181610107422
98536,-23.636363983154297
98624,-23.636363983154297
99152,-23.636363983154297
99152,-23.636363983154297
99416,147.27272033691406
99416,-23.636363983154297
99760,-23.636363983154297
100272,-23.636363983154297
100448,-23.636363983154297
100536,-23.636363983154297
100928,-18.454545974731445
101064,-23.636363983154297
101328,-23.636363983154297
101328,-23.636363983154297
101672,-23.636363983154297
102184,-23.636363983154297
102360,-23.636363983154297
102448,-12.727272987365723
102840,-23.636363983154297
102976,-23.636363983154297
103240,16.363636016845703
103240,140.0
103328,-57.390907287597656
103584,-23.636363983154297
104096,-9.090909004211426
104272,16.363636016845703
104752,23.636363983154297
104888,1.8181818723678589
105152,-23.636363983154297
105152,-9.090909004211426
105240,-23.636363983154297
105496,-23.636363983154297
106008,125.45454406738281
106184,-23.636363983154297
106392,-65.46363830566406
106664,-23.636363983154297
106800,-23.636363983154297
107064,-23.636363983154297
107064,-23.636363983154297
107152,-23.636363983154297
107920,-23.636363983154297
108096,-23.636363983154297
108304,-23.636363983154297
108576,-23.636363983154297
108712,-23.636363983154297
108976,-23.636363983154297
108976,27.272727966308594
109064,-23.636363983154297
109832,-23.636363983154297
109832,-56.19091033935547
110008,-9.090909004211426
110216,-23.636363983154297
110488,-23.636363983154297
110624,-9.090909004211426
110888,23.636363983154297
110976,-23.636363983154297
111744,-23.636363983154297
111744,-23.636363983154297
111920,-23.636363983154297
112128,41.818180084228516
112400,9.090909004211426
112536,-23.636363983154297
112800,9.090909004211426
112888,56.3636360168457
113656,-9.090909004211426
113656,45.45454406738281
113832,5.454545497894287
114040,-16.363636016845703
114312,41.818180084228516
114448,-23.636363983154297
114712,-23.636363983154297
114800,-23.636363983154297
115568,16.363636016845703
115568,-5.454545497894287
115744,85.45454406738281
115952,-23.636363983154297
116224,-23.636363983154297
116360,136.36363220214844
116624,-23.636363983154297
116712,-23.636363983154297
117480,-23.636363983154297
117480,-23.636363983154297
117656,-23.636363983154297
117864,60.0
118136,16.363636016845703
118272,-23.636363983154297
118536,-23.636363983154297
118624,-23.636363983154297
119392,-23.636363983154297
119392,-23.636363983154297
119568,-23.636363983154297
119776,-23.636363983154297
120048,-23.636363983154297
120184,-23.636363983154297
120312,-22.290908813476562
120536,-23.636363983154297
121304,12.727272987365723
121304,38.181819915771484
121480,-23.636363983154297
121688,-23.636363983154297
121704,-71.99090576171875
121960,-23.636363983154297
122096,176.36363220214844
122856,-23.636363983154297
123216,-23.636363983154297
123216,-23.636363983154297
123392,-23.636363983154297
123600,-23.636363983154297
123616,-23.636363983154297
123872,-23.636363983154297
124008,-23.636363983154297
124768,-9.090909004211426
125128,9.090909004211426
125128,-23.636363983154297
125144,-22.445453643798828
125304,-23.636363983154297
125512,-23.636363983154297
125528,-23.636363983154297
125920,-23.636363983154297
126680,-23.636363983154297
127040,110.90908813476562
127040,-23.636363983154297
127056,-23.636363983154297
127216,5.454545497894287
127424,41.818180084228516
127440,-23.636363983154297
127832,-23.636363983154297
128592,-23.636363983154297
128952,-23.636363983154297
128952,-23.636363983154297
128968,-23.636363983154297
129128,-23.636363983154297
129336,-23.636363983154297
129352,-23.636363983154297
129744,-23.636363983154297
130504,-23.636363983154297
130864,-23.636363983154297
130864,-23.636363983154297
130880,-23.636363983154297
131040,-23.636363983154297
131248,-23.636363983154297
131264,212.72727966308594
131656,-23.636363983154297
132416,5.454545497894287
132776,-23.636363983154297
132776,-23.636363983154297
132792,-23.636363983154297
132952,-23.636363983154297
133160,-23.636363983154297
133176,-23.636363983154297
133568,16.363636016845703
134328,-23.636363983154297
134688,-23.636363983154297
134688,-23.636363983154297
134704,-23.636363983154297
134864,-23.636363983154297
135072,-23.636363983154297
135088,9.090909004211426
135480,-23.636363983154297
136240,-23.636363983154297
136600,183.63636779785156
136600,-23.636363983154297
136616,-23.636363983154297
136776,-23.636363983154297
136984,-23.636363983154297
137000,-23.636363983154297
137392,-23.636363983154297
138152,-23.636363983154297
138512,-9.090909004211426
138512,-23.636363983154297
138528,161.81817626953125
138688,-23.636363983154297
138896,-23.636363983154297
138912,34.54545593261719
139304,-23.636363983154297
140064,89.09091186523438
140424,-23.636363983154297
140424,-23.636363983154297
140440,-23.636363983154297
140600,-9.090909004211426
140808,-23.636363983154297
140824,-23.636363983154297
141216,-23.636363983154297
141976,-23.636363983154297
142336,-23.636363983154297
142336,-23.636363983154297
142352,20.0
142512,9.090909004211426
142720,-23.636363983154297
142736,-23.636363983154297
143128,-23.636363983154297
143856,-51.30908966064453
143888,-23.636363983154297
144248,-23.636363983154297
144248,-23.636363983154297
144264,-23.636363983154297
144424,-23.636363983154297
144632,23.636363983154297
145040,16.363636016845703
145480,-81.66363525390625
145768,-23.636363983154297
145800,-23.636363983154297
146160,12.727272987365723
146160,-23.636363983154297
146336,-23.636363983154297
146544,-23.636363983154297
146952,-23.636363983154297
147392,-23.636363983154297
147680,-23.636363983154297
147712,-23.636363983154297
148072,-23.636363983154297
148072,-23.636363983154297
148248,67.2727279663086
148456,34.54545593261719
148864,30.909090042114258
149304,-23.636363983154297
149592,-23.636363983154297
149624,-26.03636360168457
149624,1.8181818723678589
149984,12.727272987365723
149984,20.0
150160,-23.636363983154297
150368,-23.636363983154297
151216,-23.636363983154297
151504,-23.636363983154297
151536,-23.636363983154297
151536,45.45454406738281
151896,-23.636363983154297
151896,-23.636363983154297
152072,-23.636363983154297
152280,-23.636363983154297
152520,-27.881818771362305
153416,-23.636363983154297
153448,-23.636363983154297
153448,-1.8181818723678589
153808,-23.636363983154297
153808,-23.636363983154297
153984,-23.636363983154297
154192,41.818180084228516
154432,-9.090909004211426
155328,-9.090909004211426
155360,-23.636363983154297
155360,70.90908813476562
155720,-23.636363983154297
155720,-1.8181818723678589
155896,-23.636363983154297
156104,20.0
156344,-23.636363983154297
157240,-23.636363983154297
157272,114.54545593261719
157272,-23.636363983154297
157632,16.363636016845703
157632,-9.090909004211426
157808,-23.636363983154297
158016,230.90908813476562
158256,27.272727966308594
159152,-23.636363983154297
159184,16.363636016845703
159184,-23.636363983154297
159544,-23.636363983154297
159544,-23.636363983154297
159928,74.54545593261719
160168,-23.636363983154297
160936,-23.636363983154297
161064,-23.636363983154297
161096,-23.636363983154297
161096,-23.636363983154297
161456,-23.636363983154297
161456,-23.636363983154297
161840,16.363636016845703
162080,-23.636363983154297
162848,-23.636363983154297
162976,-23.636363983154297
163008,-23.636363983154297
163008,20.0
163368,-23.636363983154297
163368,-23.636363983154297
163752,-23.636363983154297
163992,-23.636363983154297
164760,-23.636363983154297
164888,-23.636363983154297
164920,1.8181818723678589
164920,-23.636363983154297
165280,-23.636363983154297
165280,-23.636363983154297
165664,38.181819915771484
165904,-23.636363983154297
166672,1.8181818723678589
166800,-23.636363983154297
166832,-23.636363983154297
166832,-23.636363983154297
167576,27.272727966308594
167816,-23.636363983154297
168104,150.90908813476562
168392,-23.636363983154297
168584,-23.636363983154297
168712,-23.636363983154297
168744,-23.636363983154297
168744,107.2727279663086
169488,-23.636363983154297
169728,-23.636363983154297
170016,-23.636363983154297
170304,30.909090042114258
170496,-23.636363983154297
170624,-23.636363983154297
170656,-23.636363983154297
170656,-5.454545497894287
171400,89.09091186523438
171640,89.09091186523438
171928,-23.636363983154297
172216,-23.636363983154297
172408,-23.636363983154297
172536,70.90908813476562
172568,-23.636363983154297
172568,-23.636363983154297
173312,-23.636363983154297
173552,-23.636363983154297
173840,-23.636363983154297
174128,-23.636363983154297
174320,158.18182373046875
174448,161.81817626953125
174480,-23.636363983154297
174480,89.09091186523438
175224,-23.636363983154297
175464,-23.636363983154297
175752,38.181819915771484
176040,-23.636363983154297
176232,-23.636363983154297
176360,-23.636363983154297
176392,-23.636363983154297
176392,180.0
177136,-23.636363983154297
177376,140.0
177664,-23.636363983154297
177952,-23.636363983154297
178144,-23.636363983154297
178272,-1.8181818723678589
178304,-23.636363983154297
178304,-23.636363983154297
179048,-23.636363983154297
179288,140.0
179576,-23.636363983154297
179864,1.8181818723678589
180056,129.09091186523438
180184,-23.636363983154297
180216,-23.636363983154297
180216,-23.636363983154297
180960,-23.636363983154297
181200,-9.090909004211426
181488,136.36363220214844
181776,-23.636363983154297
181968,-23.636363983154297
182096,-23.636363983154297
182128,-16.363636016845703
182128,-23.636363983154297
182872,-23.636363983154297
183112,-23.636363983154297
183336,-81.26363372802734
183400,-23.636363983154297
183688,-23.636363983154297
183880,-1.8181818723678589
184008,-23.636363983154297
184040,172.72727966308594
184784,67.2727279663086
185024,147.27272033691406
185248,-23.636363983154297
185312,263.6363525390625
185600,-23.636363983154297
185792,121.81818389892578
185920,216.36363220214844
185952,-23.636363983154297
186696,129.09091186523438
186936,-23.636363983154297
187160,12.727272987365723
187224,-23.636363983154297
187512,-23.636363983154297
187704,-23.636363983154297
187832,-23.636363983154297
187864,-23.636363983154297
188608,-23.636363983154297
188848,-23.636363983154297
189072,-23.636363983154297
189136,-23.636363983154297
189424,-23.636363983154297
189616,-23.636363983154297
189744,-23.636363983154297
189776,-9.090909004211426
190520,-23.636363983154297
190760,-23.636363983154297
190984,-9.090909004211426
191048,-23.636363983154297
191336,-23.636363983154297
191528,-23.636363983154297
191656,-23.636363983154297
191688,-23.636363983154297
192432,-23.636363983154297
192440,-47.254547119140625
192672,-23.636363983154297
192896,1.8181818723678589
192960,-23.636363983154297
193248,-23.636363983154297
193440,-23.636363983154297
193568,-23.636363983154297
194344,129.09091186523438
194352,5.454545497894287
194584,-23.636363983154297
194808,-23.636363983154297
194872,-23.636363983154297
195160,-23.636363983154297
195352,-23.636363983154297
195480,-23.636363983154297
196256,-23.636363983154297
196264,-23.636363983154297
196496,-9.090909004211426
196720,-23.636363983154297
196784,-9.090909004211426
197072,-23.636363983154297
197264,-23.636363983154297
197392,9.090909004211426
198168,-23.636363983154297
198176,161.81817626953125
198408,23.636363983154297
198632,-23.636363983154297
198696,-23.636363983154297
198984,23.636363983154297
199176,70.90908813476562
199304,20.0
200080,-23.636363983154297
200088,-23.636363983154297
200320,-23.636363983154297
200544,-23.636363983154297
200608,-23.636363983154297
200896,-23.636363983154297
201088,-23.636363983154297
201992,-5.454545497894287
202000,140.0
202232,-23.636363983154297
202456,-23.636363983154297
202520,-16.363636016845703
202808,-23.636363983154297
203000,-23.636363983154297
203112,-1.8181818723678589
203904,78.18181610107422
203912,-23.636363983154297
204144,-23.636363983154297
204368,-23.636363983154297
204432,-23.636363983154297
204720,-23.636363983154297
204912,-23.636363983154297
205024,23.636363983154297
205816,-23.636363983154297
206056,-23.636363983154297
206280,85.45454406738281
206344,-9.090909004211426
206632,110.90908813476562
206824,-23.636363983154297
206936,-23.636363983154297
207624,-23.636363983154297
207728,198.18182373046875
207968,-23.636363983154297
208192,60.0
208256,-9.090909004211426
208544,-23.636363983154297
208744,-59.4636344909668
208848,-23.636363983154297
209432,147.27272033691406
209536,-16.363636016845703
209640,-23.636363983154297
210104,-23.636363983154297
210168,-23.636363983154297
210456,-23.636363983154297
210656,-23.636363983154297
210760,-23.636363983154297
211344,-23.636363983154297
211448,1.8181818723678589
211552,-23.636363983154297
212016,12.727272987365723
212080,-23.636363983154297
212368,136.36363220214844
212568,-23.636363983154297
212672,-9.090909004211426
213256,-12.727272987365723
213360,-23.636363983154297
213464,-23.636363983154297
213928,-23.636363983154297
213992,16.363636016845703
214280,-23.636363983154297
214480,-23.636363983154297
214584,-23.636363983154297
215168,-23.636363983154297
215272,-23.636363983154297
215376,-23.636363983154297
215840,-23.636363983154297
215904,-23.636363983154297
216192,-23.636363983154297
216392,-23.636363983154297
216496,-23.636363983154297
217080,-23.636363983154297
217184,154.5454559326172
217288,-23.636363983154297
217752,1.8181818723678589
217816,-23.636363983154297
218104,-1.8181818723678589
218304,-23.636363983154297
218408,-23.636363983154297
218992,-23.636363983154297
219096,-23.636363983154297
219200,-23.636363983154297
219664,-23.636363983154297
219728,-23.636363983154297
220016,103.63636016845703
220216,-23.636363983154297
220320,-23.636363983154297
220840,-72.39090728759766
220904,154.5454559326172
221008,-9.090909004211426
221112,1.8181818723678589
221640,-23.636363983154297
221928,-23.636363983154297
222128,38.181819915771484
222232,-23.636363983154297
222752,-23.636363983154297
222816,-23.636363983154297
222920,-23.636363983154297
223024,-23.636363983154297
223552,-23.636363983154297
223840,180.0
224040,-23.636363983154297
224144,-23.636363983154297
224664,-23.636363983154297
224720,-21.936363220214844
224728,-23.636363983154297
224832,-23.636363983154297
224936,-23.636363983154297
225464,96.36363983154297
225752,-23.636363983154297
226056,-23.636363983154297
226576,-23.636363983154297
226632,45.45454406738281
226640,-23.636363983154297
226744,114.54545593261719
226848,-20.0
227376,-23.636363983154297
227664,27.272727966308594
227968,154.5454559326172
228488,-23.636363983154297
228544,-23.636363983154297
228552,-9.090909004211426
228656,16.363636016845703
228760,-23.636363983154297
229288,-23.636363983154297
229576,-23.636363983154297
229880,-9.090909004211426
230400,-23.636363983154297
230456,9.090909004211426
230464,-23.636363983154297
230568,-23.636363983154297
230672,-20.0
231200,-23.636363983154297
231488,121.81818389892578
231792,-23.636363983154297
232312,-23.636363983154297
232368,-23.636363983154297
232376,-23.636363983154297
232480,-23.636363983154297
232584,-23.636363983154297
233112,-23.636363983154297
233400,136.36363220214844
233704,-23.636363983154297
234224,30.909090042114258
234280,52.727272033691406
234288,-5.454545497894287
234392,45.45454406738281
234496,-23.636363983154297
235024,180.0
235104,-54.19091033935547
235312,143.63636779785156
235616,-23.636363983154297
236136,-23.636363983154297
236192,78.18181610107422
236408,-9.090909004211426
236936,121.81818389892578
237016,118.18181610107422
237224,-23.636363983154297
237376,89.09091186523438
237528,-23.636363983154297
238048,-23.636363983154297
238104,140.0
238320,12.727272987365723
238848,-23.636363983154297
238928,-9.090909004211426
239136,-23.636363983154297
239288,12.727272987365723
239440,-23.636363983154297
239960,-23.636363983154297
240016,-23.636363983154297
240232,-23.636363983154297
240760,81.81818389892578
240840,-23.636363983154297
241048,-23.636363983154297
241200,92.7272720336914
241352,-23.636363983154297
241872,-23.636363983154297
241928,-23.636363983154297
242144,132.72727966308594
242672,-23.636363983154297
242752,-23.636363983154297
242928,-30.672727584838867
242960,-23.636363983154297
243112,-23.636363983154297
243264,-23.636363983154297
243784,92.7272720336914
243840,176.36363220214844
244584,-16.363636016845703
244664,-16.363636016845703
244840,-23.636363983154297
244872,-23.636363983154297
245024,12.727272987365723
245176,-23.636363983154297
245696,-23.636363983154297
245752,110.90908813476562
246496,-23.636363983154297
246576,-23.636363983154297
246752,-23.636363983154297
246784,-23.636363983154297
246936,-23.636363983154297
247088,-23.636363983154297
247608,27.272727966308594
247664,-23.636363983154297
248408,52.727272033691406
248664,23.636363983154297
248696,-23.636363983154297
248848,30.909090042114258
249000,-23.636363983154297
249520,-23.636363983154297
249576,-23.636363983154297
249688,70.90908813476562
250248,-50.563636779785156
250576,-23.636363983154297
250608,-23.636363983154297
250912,176.36363220214844
251432,-23.636363983154297
251488,23.636363983154297
251520,-23.636363983154297
251600,-23.636363983154297
252160,-23.636363983154297
252488,-23.636363983154297
252520,-23.636363983154297
252824,89.09091186523438
253344,-23.636363983154297
253400,-23.636363983154297
253432,-23.636363983154297
253512,-23.636363983154297
254072,12.727272987365723
254400,-23.636363983154297
254432,-23.636363983154297
254736,-23.636363983154297
255256,-23.636363983154297
255312,-23.636363983154297
255344,-23.636363983154297
255424,-23.636363983154297
255984,-23.636363983154297
256312,-23.636363983154297
256344,-23.636363983154297
256648,16.363636016845703
257224,-9.090909004211426
257256,-23.636363983154297
257336,-23.636363983154297
257896,-23.636363983154297
258224,-23.636363983154297
258256,-23.636363983154297
258256,-23.636363983154297
258560,-23.636363983154297
259136,-9.090909004211426
259168,-23.636363983154297
259248,-23.636363983154297
259808,-23.636363983154297
260136,23.636363983154297
260168,-23.636363983154297
260168,-23.636363983154297
260472,-23.636363983154297
261048,9.090909004211426
261080,-23.636363983154297
261160,136.36363220214844
261720,-23.636363983154297
262048,-23.636363983154297
262080,-23.636363983154297
262080,-23.636363983154297
262384,-23.636363983154297
262960,-23.636363983154297
262992,-23.636363983154297
263072,-23.636363983154297
263176,-52.990909576416016
263632,-23.636363983154297
263960,-23.636363983154297
263992,-23.636363983154297
263992,-23.636363983154297
264872,23.636363983154297
264904,-23.636363983154297
264984,-23.636363983154297
265088,-23.636363983154297
265544,-23.636363983154297
265872,-23.636363983154297
265904,-23.636363983154297
265904,-23.636363983154297
265912,-43.57272720336914
266816,-23.636363983154297
267000,-23.636363983154297
267456,-23.636363983154297
267784,27.272727966308594
267816,-23.636363983154297
267816,-23.636363983154297
267824,-23.636363983154297
268152,23.636363983154297
268728,-23.636363983154297
268912,96.36363983154297
269368,52.727272033691406
269696,-23.636363983154297
269728,-23.636363983154297
269728,114.54545593261719
269736,-23.636363983154297
270064,-23.636363983154297
270640,-23.636363983154297
270824,-23.636363983154297
271280,-23.636363983154297
271608,-23.636363983154297
271640,-23.636363983154297
271640,-23.636363983154297
271648,-23.636363983154297
271976,-23.636363983154297
272552,-23.636363983154297
272736,-23.636363983154297
273192,-23.636363983154297
273520,-23.636363983154297
273552,-23.636363983154297
273552,-23.636363983154297
273560,-23.636363983154297
273888,-23.636363983154297
274464,-23.636363983154297
274648,16.363636016845703
275104,176.36363220214844
275432,-23.636363983154297
275464,-23.636363983154297
275464,-23.636363983154297
275472,-23.636363983154297
275800,-9.090909004211426
276376,-23.636363983154297
276560,-23.636363983154297
277016,-23.636363983154297
277344,-23.636363983154297
277376,-23.636363983154297
277376,-23.636363983154297
277712,-23.636363983154297
278288,-23.636363983154297
278472,-23.636363983154297
278928,-23.636363983154297
279256,-23.636363983154297
279272,-23.636363983154297
279288,-23.636363983154297
279288,-23.636363983154297
279496,107.9272689819336
279624,-23.636363983154297
280384,-23.636363983154297
280840,-23.636363983154297
281168,-23.636363983154297
281184,89.09091186523438
281200,-23.636363983154297
281200,100.0
281408,-23.636363983154297
281536,-23.636363983154297
282296,-23.636363983154297
282752,-23.636363983154297
283080,-9.090909004211426
283096,-23.636363983154297
283112,-23.636363983154297
283112,-23.636363983154297
283320,-23.636363983154297
283448,38.181819915771484
284208,-23.636363983154297
284664,-23.636363983154297
284992,67.2727279663086
285008,-23.636363983154297
285024,-23.636363983154297
285024,183.63636779785156
285232,-23.636363983154297
285360,41.818180084228516
286120,-23.636363983154297
286576,-23.636363983154297
286904,-23.636363983154297
286920,-23.636363983154297
286936,245.4545440673828
286936,-23.636363983154297
287144,-23.636363983154297
287272,-23.636363983154297
288032,-23.636363983154297
288488,23.636363983154297
288816,-23.636363983154297
288832,-9.090909004211426
288848,-23.636363983154297
288848,-23.636363983154297
289056,-23.636363983154297
289184,-9.090909004211426
289944,9.090909004211426
290400,-23.636363983154297
290728,9.090909004211426
290744,78.18181610107422
290760,-23.636363983154297
290760,-12.727272987365723
290968,-23.636363983154297
291096,-9.090909004211426
291528,-47.87272644042969
291856,-23.636363983154297
292640,-23.636363983154297
292656,-23.636363983154297
292672,-23.636363983154297
292672,-23.636363983154297
292880,-23.636363983154297
293008,-23.636363983154297
293440,-23.636363983154297
293768,-23.636363983154297
294552,-23.636363983154297
294568,-23.636363983154297
294584,-23.636363983154297
294584,158.18182373046875
294792,-23.636363983154297
294920,-23.636363983154297
295352,-23.636363983154297
295680,-23.636363983154297
296464,-23.636363983154297
296480,38.181819915771484
296496,-23.636363983154297
296496,-23.636363983154297
296704,74.54545593261719
296832,23.636363983154297
297264,-23.636363983154297
297592,5.454545497894287
298056,-15.636363983154297
298376,-23.636363983154297
298392,-23.636363983154297
298408,-23.636363983154297
298408,-23.636363983154297
298744,-23.636363983154297
299176,-23.636363983154297
299504,23.636363983154297
299968,-5.454545497894287
300288,-23.636363983154297
300304,-23.636363983154297
300320,-23.636363983154297
300320,-23.636363983154297
300656,-23.636363983154297
301088,-23.636363983154297
301416,-23.636363983154297
301880,-23.636363983154297
302200,27.272727966308594
302216,-23.636363983154297
302232,45.45454406738281
302232,27.272727966308594
302568,-23.636363983154297
303000,-23.636363983154297
303328,129.09091186523438
303424,-77.3272705078125
303792,-23.636363983154297
304112,-23.636363983154297
304144,9.090909004211426
304144,110.90908813476562
304480,-23.636363983154297
304912,-23.636363983154297
304928,-37.563636779785156
305240,-35.4636344909668
305240,38.181819915771484
305336,147.27272033691406
306024,-23.636363983154297
306056,-23.636363983154297
306392,-23.636363983154297
306824,-23.636363983154297
306840,20.0
307152,-23.636363983154297
307152,5.454545497894287
307248,-23.636363983154297
307936,-23.636363983154297
307968,-23.636363983154297
308304,-16.363636016845703
308736,-23.636363983154297
308752,-23.636363983154297
309064,-23.636363983154297
309064,-23.636363983154297
309160,-23.636363983154297
309848,-23.636363983154297
309880,-23.636363983154297
310216,-23.636363983154297
310648,132.72727966308594
310664,-23.636363983154297
310976,-23.636363983154297
310976,-23.636363983154297
311072,-23.636363983154297
311760,-23.636363983154297
311792,-23.636363983154297
312128,-23.636363983154297
312560,-23.636363983154297
312576,-23.636363983154297
312888,-23.636363983154297
312888,-23.636363983154297
312984,-23.636363983154297
313672,-23.636363983154297
313704,-23.636363983154297
314040,-23.636363983154297
314472,-23.636363983154297
314488,-23.636363983154297
314800,-23.636363983154297
314800,-23.636363983154297
314896,-23.636363983154297
315584,-23.636363983154297
315616,-23.636363983154297
315952,-23.636363983154297
316384,-23.636363983154297
316400,16.363636016845703
316712,-23.636363983154297
316712,5.454545497894287
316808,-23.636363983154297
317496,-23.636363983154297
317864,-23.636363983154297
318192,-23.636363983154297
318296,-23.636363983154297
318312,-23.636363983154297
318624,-23.636363983154297
318624,-23.636363983154297
318720,-23.636363983154297
319408,-23.636363983154297
319776,110.90908813476562
320104,-1.8181818723678589
320208,-23.636363983154297
320224,-23.636363983154297
320536,-23.636363983154297
320536,-16.363636016845703
320632,-23.636363983154297
321008,-42.16363525390625
321320,-23.636363983154297
322016,-23.636363983154297
322120,-23.636363983154297
322136,-16.363636016845703
322448,-23.636363983154297
322448,20.0
322544,-23.636363983154297
322920,23.636363983154297
323232,-23.636363983154297
323928,-23.636363983154297
324032,-23.636363983154297
324048,45.45454406738281
324360,5.454545497894287
324360,-23.636363983154297
324456,-23.636363983154297
324832,-23.636363983154297
325144,-23.636363983154297
325840,-23.636363983154297
325944,-23.636363983154297
325960,23.636363983154297
326272,-5.454545497894287
326272,158.18182373046875
326368,-1.8181818723678589
326744,-23.636363983154297
327056,-23.636363983154297
327752,-23.636363983154297
327856,194.5454559326172
327872,-23.636363983154297
328184,-23.636363983154297
328184,-23.636363983154297
328280,-23.636363983154297
328656,-23.636363983154297
328968,-23.636363983154297
329664,-23.636363983154297
329768,92.7272720336914
329784,-23.636363983154297
330096,27.272727966308594
330096,-23.636363983154297
330568,183.63636779785156
330880,-23.636363983154297
331576,-23.636363983154297
331680,-23.636363983154297
331696,-23.636363983154297
331880,-23.636363983154297
332008,81.81818389892578
332008,9.090909004211426
332480,-9.090909004211426
332792,-23.636363983154297
333488,-23.636363983154297
333592,-23.636363983154297
333608,-23.636363983154297
333792,45.45454406738281
333920,-23.636363983154297
333920,30.909090042114258
334392,30.909090042114258
334704,-23.636363983154297
335400,125.45454406738281
335504,-23.636363983154297
335520,23.636363983154297
335704,-23.636363983154297
335832,-23.636363983154297
336304,-23.636363983154297
336616,-23.636363983154297
336872,-16.363636016845703
337312,-23.636363983154297
337416,-23.636363983154297
337432,-23.636363983154297
337616,-23.636363983154297
337744,20.0
338216,-23.636363983154297
338528,-23.636363983154297
338784,-23.636363983154297
339224,-23.636363983154297
339328,-23.636363983154297
339344,-23.636363983154297
339528,-9.090909004211426
339656,-23.636363983154297
340032,-53.990909576416016
340128,-23.636363983154297
340440,-23.636363983154297
340696,-23.636363983154297
341256,-23.636363983154297
341440,-23.636363983154297
341568,-23.636363983154297
341944,-23.636363983154297
342040,-23.636363983154297
342352,-23.636363983154297
342608,-23.636363983154297
342688,-23.636363983154297
343168,-23.636363983154297
343352,1.8181818723678589
343480,60.0
343856,-23.636363983154297
343952,-1.8181818723678589
344264,-23.636363983154297
344520,-23.636363983154297
344600,-23.636363983154297
345080,-23.636363983154297
345264,-23.636363983154297
345392,-1.8181818723678589
345768,-23.636363983154297
345864,-23.636363983154297
346176,129.09091186523438
346432,154.5454559326172
346512,110.90908813476562
346992,-16.363636016845703
347176,-23.636363983154297
347304,-23.636363983154297
347680,-23.636363983154297
347776,-23.636363983154297
348000,-58.327274322509766
348088,-23.636363983154297
348344,-23.636363983154297
348424,-23.636363983154297
348904,-23.636363983154297
349216,-23.636363983154297
349592,-23.636363983154297
349688,-23.636363983154297
349912,-23.636363983154297
350000,-23.636363983154297
350256,5.454545497894287
350336,-9.090909004211426
350816,-23.636363983154297
351128,-23.636363983154297
351504,9.090909004211426
351600,-23.636363983154297
351824,-23.636363983154297
351912,-23.636363983154297
352168,-23.636363983154297
352248,12.727272987365723
352728,-23.636363983154297
353040,-23.636363983154297
353416,-23.636363983154297
353512,-23.636363983154297
353736,-23.636363983154297
353824,-23.636363983154297
354080,-23.636363983154297
354160,-23.636363983154297
354640,-23.636363983154297
354952,1.8181818723678589
355328,147.27272033691406
355424,-23.636363983154297
355648,-23.636363983154297
355736,-1.8181818723678589
355992,-23.636363983154297
356072,-23.636363983154297
356552,12.727272987365723
356864,-23.636363983154297
357240,-23.636363983154297
357336,-23.636363983154297
357560,-23.636363983154297
357648,-23.636363983154297
357904,-23.636363983154297
357984,-16.363636016845703
358240,-39.70909118652344
358776,-23.636363983154297
359152,-23.636363983154297
359248,-23.636363983154297
359472,-23.636363983154297
359560,-23.636363983154297
359816,9.090909004211426
359896,-23.636363983154297
360152,-16.363636016845703
360688,220.0
361064,-23.636363983154297
361160,23.636363983154297
361384,-23.636363983154297
361472,-5.454545497894287
361728,-23.636363983154297
361808,-23.636363983154297
362064,-23.636363983154297
362600,30.909090042114258
362976,-23.636363983154297
363072,-23.636363983154297
363384,-23.636363983154297
363640,-16.363636016845703
363720,-9.090909004211426
363976,-23.636363983154297
364512,16.363636016845703
364656,-23.636363983154297
364888,-23.636363983154297
364984,-23.636363983154297
365552,-23.636363983154297
365632,-23.636363983154297
365888,-23.636363983154297
366280,-23.636363983154297
366424,9.090909004211426
366568,-23.636363983154297
366800,-23.636363983154297
366896,-23.636363983154297
367464,100.0
367544,-23.636363983154297
367800,-23.636363983154297
368192,-23.636363983154297
368336,-23.636363983154297
368480,23.636363983154297
368712,-12.727272987365723
368808,-23.636363983154297
369376,-9.090909004211426
369456,-23.636363983154297
369712,-23.636363983154297
370248,-23.636363983154297
370392,16.363636016845703
370624,-23.636363983154297
370720,5.454545497894287
371288,-23.636363983154297
371368,136.36363220214844
371624,-23.636363983154297
371896,1.8181818723678589
372160,-23.636363983154297
372304,-23.636363983154297
372536,-12.727272987365723
372632,-23.636363983154297
373200,183.63636779785156
373280,49.09090805053711
373536,-23.636363983154297
373808,-23.636363983154297
374072,-23.636363983154297
374216,-23.636363983154297
374448,-23.636363983154297
374544,-23.636363983154297
375112,-23.636363983154297
375192,89.09091186523438
375448,-23.636363983154297
375720,-23.636363983154297
375984,-23.636363983154297
376128,-23.636363983154297
376360,-23.636363983154297
376456,-23.636363983154297
377024,-23.636363983154297
377104,-23.636363983154297
377360,-23.636363983154297
377632,-23.636363983154297
377896,-23.636363983154297
378040,-23.636363983154297
378272,-23.636363983154297
378368,-23.636363983154297
378936,-23.636363983154297
379016,-23.636363983154297
379272,-23.636363983154297
379544,-1.8181818723678589
379808,-23.636363983154297
379952,-23.636363983154297
380184,-23.636363983154297
380848,-23.636363983154297
380928,1.8181818723678589
381184,-9.090909004211426
381456,-23.636363983154297
381720,-23.636363983154297
381832,-23.636363983154297
381864,12.727272987365723
382096,-23.636363983154297
382760,-23.636363983154297
383096,-23.636363983154297
383368,-23.636363983154297
383632,-23.636363983154297
383744,-23.636363983154297
383776,-23.636363983154297
383920,-23.636363983154297
384672,41.818180084228516
385008,63.6363639831543
385056,-23.636363983154297
385280,5.454545497894287
385544,-23.636363983154297
385656,-23.636363983154297
385688,245.4545440673828
385832,30.909090042114258
386584,-23.636363983154297
386920,-23.636363983154297
386968,-23.636363983154297
387192,-9.090909004211426
387456,-23.636363983154297
387568,-23.636363983154297
387600,103.63636016845703
387744,45.45454406738281
388496,23.636363983154297
388832,-23.636363983154297
388880,-23.636363983154297
389104,-23.636363983154297
389368,-23.636363983154297
389480,-23.636363983154297
389512,-23.636363983154297
389656,-23.636363983154297
390408,-23.636363983154297
390744,81.81818389892578
390792,5.454545497894287
391016,12.727272987365723
391280,-23.636363983154297
391392,-23.636363983154297
391424,180.0
391568,-23.636363983154297
392320,-23.636363983154297
392656,-23.636363983154297
392704,198.18182373046875
392928,-23.636363983154297
393192,-23.636363983154297
393304,-23.636363983154297
393336,-16.363636016845703
393480,-23.636363983154297
394232,34.54545593261719
394568,-16.363636016845703
394616,16.363636016845703
394840,-23.636363983154297
395104,-9.090909004211426
395216,70.90908813476562
395248,-23.636363983154297
395392,-23.636363983154297
396144,-23.636363983154297
396480,-23.636363983154297
396528,-9.090909004211426
396752,-23.636363983154297
397016,1.8181818723678589
397128,-23.636363983154297
397160,-23.636363983154297
397304,-23.636363983154297
398056,23.636363983154297
398392,-23.636363983154297
398440,-23.636363983154297
398664,-23.636363983154297
398928,-23.636363983154297
399040,-1.8181818723678589
399072,-23.636363983154297
399216,16.363636016845703
399968,-23.636363983154297
400304,20.0
400352,-23.636363983154297
400576,38.181819915771484
400840,-23.636363983154297
400952,-23.636363983154297
400984,-23.636363983154297
401128,-23.636363983154297
401880,49.09090805053711
402216,63.6363639831543
402264,-23.636363983154297
402488,-23.636363983154297
402752,-23.636363983154297
402864,-23.636363983154297
402896,-23.636363983154297
402968,-40.28181838989258
403040,45.45454406738281
403792,12.727272987365723
404176,-23.636363983154297
404400,-23.636363983154297
404664,70.90908813476562
404776,9.090909004211426
404808,-23.636363983154297
404880,-12.727272987365723
404952,67.2727279663086
405704,-23.636363983154297
406088,-23.636363983154297
406312,-23.636363983154297
406576,-23.636363983154297
406688,41.818180084228516
406720,-23.636363983154297
406792,-23.636363983154297
406864,154.5454559326172
407616,-23.636363983154297
408000,-23.636363983154297
408224,-23.636363983154297
408448,-96.18181610107422
408600,-23.636363983154297
408632,136.36363220214844
408704,-23.636363983154297
408776,-23.636363983154297
409528,-1.8181818723678589
409912,-23.636363983154297
410136,-23.636363983154297
410360,-23.636363983154297
410512,-23.636363983154297
410544,-23.636363983154297
410616,-23.636363983154297
410688,-23.636363983154297
411440,-23.636363983154297
411824,-23.636363983154297
412048,23.636363983154297
412272,-23.636363983154297
412424,-5.454545497894287
412456,-23.636363983154297
412528,-23.636363983154297
412600,-23.636363983154297
413352,-23.636363983154297
413736,-23.636363983154297
413960,-23.636363983154297
414184,-23.636363983154297
414336,-23.636363983154297
414368,-23.636363983154297
414440,-23.636363983154297
414512,27.272727966308594
415264,-23.636363983154297
415648,-23.636363983154297
415872,-23.636363983154297
416096,-23.636363983154297
416248,-23.636363983154297
416280,16.363636016845703
416352,-1.8181818723678589
416424,-23.636363983154297
417176,-16.363636016845703
417560,-23.636363983154297
417784,-23.636363983154297
418008,-23.636363983154297
418160,-23.636363983154297
418192,-23.636363983154297
418264,-23.636363983154297
418336,-23.636363983154297
419088,27.272727966308594
419472,-23.636363983154297
419696,-23.636363983154297
419920,-23.636363983154297
420072,-23.636363983154297
420104,-23.636363983154297
420176,-23.636363983154297
420248,-1.8181818723678589
421000,-23.636363983154297
421384,-12.727272987365723
421608,-23.636363983154297
421832,-23.636363983154297
421984,-23.636363983154297
422016,-23.636363983154297
422088,45.45454406738281
422160,-23.636363983154297
422912,-23.636363983154297
423296,-23.636363983154297
423520,-23.636363983154297
423744,136.36363220214844
423896,-23.636363983154297
423928,9.090909004211426
424000,-23.636363983154297
424072,-23.636363983154297
424824,-23.636363983154297
425208,-23.636363983154297
425432,-23.636363983154297
425656,92.7272720336914
425808,-23.636363983154297
425840,-23.636363983154297
425912,20.0
425984,-23.636363983154297
426512,-56.09090805053711
426736,-23.636363983154297
427120,-23.636363983154297
427344,118.18181610107422
427720,-23.636363983154297
427752,-23.636363983154297
427824,-23.636363983154297
427896,-16.363636016845703
428424,-23.636363983154297
428648,-23.636363983154297
429032,16.363636016845703
429256,49.09090805053711
429632,45.45454406738281
429664,-23.636363983154297
429736,23.636363983154297
429808,-23.636363983154297
430336,-9.090909004211426
430560,-23.636363983154297
430944,-23.636363983154297
431168,-23.636363983154297
431544,-23.636363983154297
431576,-23.636363983154297
431648,-23.636363983154297
432248,-23.636363983154297
432472,-23.636363983154297
432712,-71.99090576171875
432856,-23.636363983154297
433080,-23.636363983154297
433320,-23.636363983154297
433488,41.818180084228516
433560,-23.636363983154297
434160,-23.636363983154297
434384,9.090909004211426
434624,-23.636363983154297
434768,-23.636363983154297
434992,-23.636363983154297
435232,-23.636363983154297
435312,-42.099998474121094
435400,-23.636363983154297
435472,-23.636363983154297
436296,-23.636363983154297
436536,-1.8181818723678589
436680,-23.636363983154297
436904,-23.636363983154297
437144,-23.636363983154297
437224,49.09090805053711
437312,-23.636363983154297
437384,-23.636363983154297
438208,-23.636363983154297
438448,-23.636363983154297
438592,-16.363636016845703
438816,-23.636363983154297
439056,-23.636363983154297
439136,-23.636363983154297
439224,-23.636363983154297
439296,74.54545593261719
440120,-23.636363983154297
440360,-23.636363983154297
440504,-23.636363983154297
440968,-23.636363983154297
441048,227.27272033691406
441136,-23.636363983154297
441208,-23.636363983154297
441776,16.363636016845703
442032,-23.636363983154297
442272,-23.636363983154297
442416,-23.636363983154297
442880,-23.636363983154297
442960,52.727272033691406
443048,-23.636363983154297
443088,-54.19091033935547
443120,100.0
443688,-23.636363983154297
443944,34.54545593261719
444328,-23.636363983154297
444792,16.363636016845703
444872,-23.636363983154297
444960,-23.636363983154297
445000,-23.636363983154297
445032,-23.636363983154297
445576,-52.69091033935547
445600,12.727272987365723
445856,30.909090042114258
446664,180.7818145751953
446776,-59.490909576416016
446784,-23.636363983154297
446872,-23.636363983154297
446912,-23.636363983154297
446944,-23.636363983154297
447008,-23.636363983154297
447488,-23.636363983154297
448576,-23.636363983154297
448688,-23.636363983154297
448696,-23.636363983154297
448784,-23.636363983154297
448824,-23.636363983154297
448856,-23.636363983154297
448920,-23.636363983154297
449400,-23.636363983154297
449592,-31.909090042114258
450488,-23.636363983154297
450600,-1.8181818723678589
450608,-23.636363983154297
450696,16.363636016845703
450736,70.90908813476562
451312,9.090909004211426
451504,-23.636363983154297
452400,-23.636363983154297
452512,-23.636363983154297
452520,129.09091186523438
452608,1.8181818723678589
452640,-23.636363983154297
452648,-23.636363983154297
453224,-23.636363983154297
453416,-23.636363983154297
454312,-23.636363983154297
454424,-23.636363983154297
454432,-23.636363983154297
454520,-23.636363983154297
454552,-12.727272987365723
454560,-23.636363983154297
455136,-23.636363983154297
455328,-23.636363983154297
456224,-23.636363983154297
456336,-23.636363983154297
456344,-23.636363983154297
456432,-23.636363983154297
456464,-23.636363983154297
456472,-23.636363983154297
457048,132.72727966308594
457240,-23.636363983154297
458136,-23.636363983154297
458248,-23.636363983154297
458256,-23.636363983154297
458344,-23.636363983154297
458376,45.45454406738281
458960,-23.636363983154297
459152,-23.636363983154297
460048,-23.636363983154297
460160,-23.636363983154297
460168,-23.636363983154297
460256,-23.636363983154297
460256,49.09090805053711
460288,-23.636363983154297
460872,-23.636363983154297
461064,-23.636363983154297
461960,-16.363636016845703
462072,-16.363636016845703
462080,9.090909004211426
462168,-23.636363983154297
462168,-23.636363983154297
462200,-23.636363983154297
462784,-12.727272987365723
462976,-23.636363983154297
463872,-5.454545497894287
463984,-23.636363983154297
464080,-23.636363983154297
464080,-23.636363983154297
464112,-23.636363983154297
464696,67.2727279663086
464888,-9.090909004211426
465128,85.45454406738281
465784,-23.636363983154297
465896,-23.636363983154297
465992,-23.636363983154297
466024,-23.636363983154297
466608,-23.636363983154297
466800,-23.636363983154297
467040,-23.636363983154297
467568,-23.636363983154297
467696,-23.636363983154297
467808,-23.636363983154297
467904,-23.636363983154297
467936,-9.090909004211426
468520,-23.636363983154297
468712,52.727272033691406
468952,-23.636363983154297
469480,85.45454406738281
469608,103.63636016845703
469720,-23.636363983154297
469816,-23.636363983154297
469848,176.36363220214844
470432,129.09091186523438
470624,-23.636363983154297
470864,-23.636363983154297
471392,-23.636363983154297
471520,-23.636363983154297
471632,-23.636363983154297
471728,-23.636363983154297
471760,-23.636363983154297
472344,-1.8181818723678589
472464,-87.30908966064453
472776,-23.636363983154297
473304,12.727272987365723
473432,-23.636363983154297
473544,-23.636363983154297
473640,-23.636363983154297
473672,-1.8181818723678589
474256,-23.636363983154297
474376,-23.636363983154297
475216,-23.636363983154297
475344,-23.636363983154297
475456,-23.636363983154297
475552,-23.636363983154297
475584,-23.636363983154297
475776,-23.636363983154297
476168,-23.636363983154297
476288,-23.636363983154297
477128,-23.636363983154297
477256,-23.636363983154297
477368,-23.636363983154297
477464,67.2727279663086
477496,-23.636363983154297
477688,-9.090909004211426
478080,-23.636363983154297
478200,-23.636363983154297
479040,-23.636363983154297
479168,45.45454406738281
479280,-23.636363983154297
479376,-23.636363983154297
479408,-23.636363983154297
479600,-23.636363983154297
479992,-23.636363983154297
480112,-23.636363983154297
480952,-23.636363983154297
481080,-23.636363983154297
481192,-1.8181818723678589
481288,-16.363636016845703
481320,-23.636363983154297
481512,-23.636363983154297
481904,-23.636363983154297
482024,-23.636363983154297
482864,-23.636363983154297
482992,-23.636363983154297
483104,-23.636363983154297
483200,-23.636363983154297
483232,-23.636363983154297
483424,-23.636363983154297
483816,-23.636363983154297
483936,-23.636363983154297
484552,-62.20000076293945
484776,-23.636363983154297
485016,-23.636363983154297
485112,-23.636363983154297
485144,-23.636363983154297
485336,-23.636363983154297
485728,-23.636363983154297
485848,-1.8181818723678589
486464,-23.636363983154297
486688,-23.636363983154297
486928,-23.636363983154297
487024,-23.636363983154297
487056,-23.636363983154297
487248,-23.636363983154297
487640,-23.636363983154297
487760,-23.636363983154297
488376,-23.636363983154297
488840,1.8181818723678589
488936,-23.636363983154297
488968,-23.636363983154297
489160,-23.636363983154297
489552,-23.636363983154297
489632,-23.636363983154297
489672,100.0
490288,-23.636363983154297
490752,-23.636363983154297
490848,-23.636363983154297
490880,-23.636363983154297
491072,-23.636363983154297
491464,-23.636363983154297
491544,-23.636363983154297
491584,-23.636363983154297
492200,-23.636363983154297
492664,-9.090909004211426
492760,-23.636363983154297
492792,-23.636363983154297
492984,-23.636363983154297
493216,-94.99090576171875
493376,-23.636363983154297
493456,5.454545497894287
494112,-23.636363983154297
494576,-23.636363983154297
494672,-23.636363983154297
494704,-23.636363983154297
494896,52.727272033691406
495128,-23.636363983154297
495288,-23.636363983154297
495368,-23.636363983154297
496024,-23.636363983154297
496488,-23.636363983154297
496584,-23.636363983154297
496616,-23.636363983154297
496808,67.2727279663086
497040,-23.636363983154297
497200,-23.636363983154297
497280,27.272727966308594
497936,-23.636363983154297
498400,27.272727966308594
498496,-23.636363983154297
498528,16.363636016845703
498720,20.0
498952,-12.727272987365723
499112,-23.636363983154297
499192,-23.636363983154297
499848,-23.636363983154297
500312,-23.636363983154297
500408,-23.636363983154297
500440,-23.636363983154297
500632,-23.636363983154297
500864,-23.636363983154297
501024,-23.636363983154297
501104,-23.636363983154297
501760,-23.636363983154297
502224,169.09091186523438
502320,-23.636363983154297
502352,-23.636363983154297
502544,-23.636363983154297
502776,-23.636363983154297
502936,-23.636363983154297
503016,30.909090042114258
503672,-23.636363983154297
504136,34.54545593261719
504232,132.72727966308594
504264,16.363636016845703
504456,-23.636363983154297
504688,-23.636363983154297
504848,-23.636363983154297
504928,-1.8181818723678589
505584,-23.636363983154297
506048,158.18182373046875
506144,-23.636363983154297
506176,-23.636363983154297
506368,-23.636363983154297
506760,-23.636363983154297
506840,-23.636363983154297
507056,-21.636363983154297
507712,-23.636363983154297
507960,-23.636363983154297
508056,-23.636363983154297
508088,-23.636363983154297
508280,-23.636363983154297
508672,-23.636363983154297
508752,-23.636363983154297
508968,-23.636363983154297
509624,-23.636363983154297
509968,-23.636363983154297
510000,-23.636363983154297
510192,-23.636363983154297
510584,-23.636363983154297
510664,-23.636363983154297
510880,-23.636363983154297
511536,60.0
511656,-23.636363983154297
511880,-23.636363983154297
511912,-23.636363983154297
512104,-23.636363983154297
512496,-23.636363983154297
512576,-23.636363983154297
513448,-23.636363983154297
513568,-16.363636016845703
513792,-9.090909004211426
513824,-23.636363983154297
513864,1.8181818723678589
514408,-23.636363983154297
514408,-55.59090805053711
514488,-23.636363983154297
515360,-23.636363983154297
515408,-9.090909004211426
515704,-23.636363983154297
515736,-23.636363983154297
515776,-23.636363983154297
516320,-23.636363983154297
516320,-23.636363983154297
516400,-23.636363983154297
516992,-37.990909576416016
517272,-23.636363983154297
517320,-9.090909004211426
517648,-23.636363983154297
517688,-23.636363983154297
518080,-54.318180084228516
518232,-23.636363983154297
518312,63.6363639831543
518904,78.18181610107422
519232,-23.636363983154297
519560,-23.636363983154297
519600,-23.636363983154297
519992,-23.636363983154297
520144,-23.636363983154297
520224,45.45454406738281
520480,-23.636363983154297
520816,-23.636363983154297
521144,-23.636363983154297
521472,-23.636363983154297
521512,-23.636363983154297
521904,-23.636363983154297
522056,-23.636363983154297
522136,-23.636363983154297
522392,56.3636360168457
522728,-23.636363983154297
523056,41.818180084228516
523384,-23.636363983154297
523424,-23.636363983154297
523816,-23.636363983154297
523968,-23.636363983154297
524048,-23.636363983154297
524640,-23.636363983154297
524968,-23.636363983154297
525296,-23.636363983154297
525336,169.09091186523438
525728,-23.636363983154297
525880,169.09091186523438
525888,-9.090909004211426
525960,41.818180084228516
526552,-23.636363983154297
526880,-23.636363983154297
527208,100.0
527248,-23.636363983154297
527640,-23.636363983154297
527792,-23.636363983154297
527872,-23.636363983154297
528464,-23.636363983154297
528744,-55.8636360168457
528792,-23.636363983154297
529120,205.4545440673828
529160,-23.636363983154297
529552,-23.636363983154297
529704,-23.636363983154297
529784,-23.636363983154297
530376,-23.636363983154297
530656,-23.636363983154297
530704,-23.636363983154297
531032,-23.636363983154297
531072,-9.090909004211426
531464,-23.636363983154297
531616,-23.636363983154297
531696,-23.636363983154297
532288,-23.636363983154297
532568,-23.636363983154297
532616,9.090909004211426
532944,-23.636363983154297
532984,-23.636363983154297
533376,-23.636363983154297
533528,63.6363639831543
533608,-9.090909004211426
534200,-23.636363983154297
534224,-55.990909576416016
534480,-23.636363983154297
534528,-23.636363983154297
534792,-72.49090576171875
534856,-23.636363983154297
534896,-23.636363983154297
535440,-23.636363983154297
536112,-23.636363983154297
536136,1.8181818723678589
536392,-23.636363983154297
536440,-23.636363983154297
536704,-23.636363983154297
536768,-23.636363983154297
536808,-23.636363983154297
537352,-23.636363983154297
538024,183.63636779785156
538048,1.8181818723678589
538304,-12.727272987365723
538352,-23.636363983154297
538616,-16.363636016845703
538680,-23.636363983154297
538720,-23.636363983154297
539264,-23.636363983154297
539936,-23.636363983154297
539960,-23.636363983154297
540216,-23.636363983154297
540264,-23.636363983154297
540528,49.09090805053711
540592,-23.636363983154297
540632,-23.636363983154297
541176,63.6363639831543
541848,-23.636363983154297
541872,-23.636363983154297
542128,-23.636363983154297
542176,-23.636363983154297
542440,-23.636363983154297
542504,-23.636363983154297
542544,45.45454406738281
543088,-23.636363983154297
543760,49.09090805053711
543784,-23.636363983154297
544040,-23.636363983154297
544088,-23.636363983154297
544352,-23.636363983154297
544416,-23.636363983154297
544456,78.18181610107422
545000,-23.636363983154297
545672,-23.636363983154297
545696,-23.636363983154297
545952,-23.636363983154297
546000,-23.636363983154297
546264,-23.636363983154297
546328,-23.636363983154297
546368,-23.636363983154297
546912,-23.636363983154297
547584,-23.636363983154297
547608,-23.636363983154297
547864,-23.636363983154297
547912,-23.636363983154297
548176,16.363636016845703
548240,-23.636363983154297
548824,-23.636363983154297
549496,-23.636363983154297
549520,-23.636363983154297
549776,-23.636363983154297
549824,-23.636363983154297
549944,-23.636363983154297
550088,-23.636363983154297
550152,-23.636363983154297
550736,-23.636363983154297
550976,-54.69091033935547
551408,-23.636363983154297
551432,-23.636363983154297
551688,-23.636363983154297
551736,-23.636363983154297
551856,-23.636363983154297
552000,-23.636363983154297
552648,-23.636363983154297
552888,-23.636363983154297
553320,-16.363636016845703
553344,-23.636363983154297
553600,-23.636363983154297
553648,-23.636363983154297
553912,-23.636363983154297
554560,-5.454545497894287
554800,1.8181818723678589
555200,-23.636363983154297
555232,-23.636363983154297
555256,-1.8181818723678589
555512,-23.636363983154297
555560,16.363636016845703
555824,-23.636363983154297
556336,-59.4636344909668
556472,-23.636363983154297
556712,140.0
557112,-23.636363983154297
557144,23.636363983154297
557168,-23.636363983154297
557424,41.818180084228516
557736,-23.636363983154297
558248,-23.636363983154297
558384,-9.090909004211426
558624,-23.636363983154297
559024,-23.636363983154297
559056,-23.636363983154297
559080,-23.636363983154297
559336,-23.636363983154297
559648,-23.636363983154297
559848,-69.03636169433594
560160,-23.636363983154297
560296,-16.363636016845703
560536,-23.636363983154297
560968,-23.636363983154297
560992,-23.636363983154297
561248,-23.636363983154297
561560,-23.636363983154297
561760,-23.636363983154297
562072,-23.636363983154297
562208,-23.636363983154297
562448,-23.636363983154297
562880,-23.636363983154297
562904,-23.636363983154297
563160,-23.636363983154297
563472,20.0
563672,-23.636363983154297
563984,-23.636363983154297
564120,-23.636363983154297
564360,-23.636363983154297
564528,-56.390907287597656
564792,-23.636363983154297
564816,-23.636363983154297
565072,-23.636363983154297
565384,-23.636363983154297
565896,-23.636363983154297
566032,-23.636363983154297
566272,-23.636363983154297
566440,-23.636363983154297
566704,-23.636363983154297
566728,-23.636363983154297
566984,-23.636363983154297
567296,1.8181818723678589
567808,23.636363983154297
567944,-23.636363983154297
568184,-23.636363983154297
568352,-23.636363983154297
568616,216.36363220214844
568640,-23.636363983154297
568896,30.909090042114258
569208,-23.636363983154297
569720,38.181819915771484
569856,-23.636363983154297
570096,-12.727272987365723
570264,-23.636363983154297
570528,118.18181610107422
570552,-23.636363983154297
570808,-23.636363983154297
571120,-23.636363983154297
571632,-23.636363983154297
571768,-23.636363983154297
572000,-71.83636474609375
572008,-23.636363983154297
572176,-23.636363983154297
572440,-23.636363983154297
572464,-23.636363983154297
572720,-23.636363983154297
573544,-23.636363983154297
573680,-23.636363983154297
573912,-12.727272987365723
573920,-23.636363983154297
574088,-23.636363983154297
574352,-23.636363983154297
574376,-23.636363983154297
574632,-23.636363983154297
575456,-12.727272987365723
575592,-23.636363983154297
575800,-63.85454559326172
575824,-23.636363983154297
576000,147.27272033691406
576264,-23.636363983154297
576288,-23.636363983154297
576544,-23.636363983154297
577368,-23.636363983154297
577504,-23.636363983154297
577712,107.2727279663086
577736,49.09090805053711
577912,-23.636363983154297
578176,49.09090805053711
578200,-9.090909004211426
578456,-23.636363983154297
579280,-1.8181818723678589
579416,-23.636363983154297
579624,-23.636363983154297
579648,-23.636363983154297
579824,-9.090909004211426
580088,-23.636363983154297
580112,-23.636363983154297
580368,-23.636363983154297
580584,-26.03636360168457
581192,-23.636363983154297
581328,-23.636363983154297
581536,-23.636363983154297
581560,52.727272033691406
582000,-23.636363983154297
582024,-23.636363983154297
582080,-62.727272033691406
582496,-23.636363983154297
583104,9.090909004211426
583240,100.0
583360,-100.95454406738281
583472,81.81818389892578
583912,-23.636363983154297
583936,-23.636363983154297
583992,-23.636363983154297
584056,-68.83636474609375
584408,12.727272987365723
585016,-23.636363983154297
585272,23.636363983154297
585384,-23.636363983154297
585824,-23.636363983154297
585848,9.090909004211426
585904,-23.636363983154297
585968,-23.636363983154297
586320,-23.636363983154297
586928,-23.636363983154297
587184,-23.636363983154297
587296,-23.636363983154297
587736,-23.636363983154297
587760,-23.636363983154297
587816,-23.636363983154297
587880,-23.636363983154297
588232,-23.636363983154297
588840,-23.636363983154297
589096,-23.636363983154297
589208,41.818180084228516
589256,-102.73636627197266
589648,-23.636363983154297
589728,-23.636363983154297
589792,16.363636016845703
590144,-16.363636016845703
590584,-69.08181762695312
590752,-23.636363983154297
590976,-32.69091033935547
591008,-23.636363983154297
591120,12.727272987365723
591560,-23.636363983154297
591640,-23.636363983154297
592056,-23.636363983154297
592496,-23.636363983154297
592664,20.0
592888,-23.636363983154297
592920,-23.636363983154297
593032,-23.636363983154297
593472,-23.636363983154297
593552,-23.636363983154297
593696,-77.02727508544922
593968,-23.636363983154297
594576,-23.636363983154297
594800,-23.636363983154297
594832,-23.636363983154297
594944,-9.090909004211426
595384,-23.636363983154297
595464,-23.636363983154297
595608,-23.636363983154297
595880,-23.636363983154297
596488,121.81818389892578
596712,12.727272987365723
596744,-23.636363983154297
596856,-23.636363983154297
597296,-23.636363983154297
597376,38.181819915771484
597520,-23.636363983154297
597792,-23.636363983154297
598400,-23.636363983154297
598624,45.45454406738281
598656,-23.636363983154297
598768,-23.636363983154297
599208,114.54545593261719
599288,-23.636363983154297
599432,-23.636363983154297
599704,-23.636363983154297
600312,-23.636363983154297
600536,-9.090909004211426
600568,-23.636363983154297
600680,-23.636363983154297
601120,-23.636363983154297
601200,-23.636363983154297
601328,-52.990909576416016
601344,-23.636363983154297
601616,-23.636363983154297
602224,-23.636363983154297
602480,-23.636363983154297
602592,-23.636363983154297
603032,-23.636363983154297
603112,-23.636363983154297
603240,41.818180084228516
603256,-23.636363983154297
603528,-9.090909004211426
604136,12.727272987365723
604392,-23.636363983154297
604504,-23.636363983154297
604944,-23.636363983154297
605024,-23.636363983154297
605152,23.636363983154297
605208,-90.11817932128906
606048,56.3636360168457
606136,-23.636363983154297
606304,-23.636363983154297
606416,-16.363636016845703
606856,34.54545593261719
606936,-23.636363983154297
607064,-23.636363983154297
607120,-23.636363983154297
608216,-23.636363983154297
608328,12.727272987365723
608768,5.454545497894287
608848,150.90908813476562
608976,-23.636363983154297
608976,-23.636363983154297
609032,-23.636363983154297
609440,-23.636363983154297
610128,-23.636363983154297
610240,-23.636363983154297
610680,-23.636363983154297
610760,-23.636363983154297
610888,-16.363636016845703
610888,-23.636363983154297
610944,-23.636363983154297
611352,-23.636363983154297
612040,-23.636363983154297
612152,-23.636363983154297
612592,-23.636363983154297
612672,70.90908813476562
612800,-23.636363983154297
612800,-23.636363983154297
612856,-23.636363983154297
613264,-23.636363983154297
613952,-23.636363983154297
614064,-23.636363983154297
614504,5.454545497894287
614584,-23.636363983154297
614712,-23.636363983154297
614712,-23.636363983154297
614768,-12.727272987365723
615176,-23.636363983154297
615808,-46.37272644042969
615864,9.090909004211426
615976,-23.636363983154297
616416,-23.636363983154297
616496,-23.636363983154297
616624,-23.636363983154297
616680,-23.636363983154297
617088,-9.090909004211426
617720,-23.636363983154297
617776,-23.636363983154297
617888,-5.454545497894287
618328,92.7272720336914
618408,-23.636363983154297
618536,-23.636363983154297
618592,-23.636363983154297
619000,-23.636363983154297
619632,-23.636363983154297
619688,-23.636363983154297
619800,-9.090909004211426
620240,-23.636363983154297
620320,5.454545497894287
620448,-23.636363983154297
620504,1.8181818723678589
620912,-23.636363983154297
621544,-23.636363983154297
621600,-23.636363983154297
621712,-23.636363983154297
622152,-23.636363983154297
622232,-23.636363983154297
622360,30.909090042114258
622416,1.8181818723678589
622824,-23.636363983154297
623200,-67.13636016845703
623456,27.272727966308594
623512,-23.636363983154297
623624,23.636363983154297
624064,-16.363636016845703
624144,-23.636363983154297
624272,27.272727966308594
624736,-23.636363983154297
625112,-9.090909004211426
625368,12.727272987365723
625424,-23.636363983154297
625536,-23.636363983154297
625976,-23.636363983154297
626056,9.090909004211426
626096,-69.96363830566406
626184,-23.636363983154297
626648,-23.636363983154297
626800,-54.490909576416016
627280,-23.636363983154297
627336,-9.090909004211426
627448,118.18181610107422
627968,1.8181818723678589
628008,154.5454559326172
628096,169.09091186523438
628560,-23.636363983154297
628712,89.09091186523438
629192,-23.636363983154297
629248,121.81818389892578
629360,-23.636363983154297
629880,-23.636363983154297
629920,-23.636363983154297
630008,-23.636363983154297
630624,-23.636363983154297
631160,-23.636363983154297
631272,-23.636363983154297
631408,-90.86363983154297
631792,-23.636363983154297
631832,-23.636363983154297
631896,-23.636363983154297
632512,-23.636363983154297
632536,-23.636363983154297
633072,-23.636363983154297
633184,-23.636363983154297
633320,-23.636363983154297
633704,-5.454545497894287
633744,-9.090909004211426
633808,-23.636363983154297
634424,92.7272720336914
634448,-23.636363983154297
634984,-23.636363983154297
635096,-23.636363983154297
635232,-23.636363983154297
635616,-23.636363983154297
635656,-23.636363983154297
635720,-23.636363983154297
636336,-23.636363983154297
636360,-23.636363983154297
636896,-23.636363983154297
636920,-77.02727508544922
637008,-16.363636016845703
637144,-23.636363983154297
637528,-23.636363983154297
637568,-23.636363983154297
638248,-9.090909004211426
638272,-23.636363983154297
638808,-23.636363983154297
638832,-23.636363983154297
638920,-23.636363983154297
639056,-23.636363983154297
639440,-23.636363983154297
639480,-23.636363983154297
640160,-23.636363983154297
640720,-23.636363983154297
640744,-1.8181818723678589
640832,-23.636363983154297
640968,-23.636363983154297
641272,201.81817626953125
641352,-23.636363983154297
641392,-23.636363983154297
642072,-23.636363983154297
642632,-23.636363983154297
642656,-23.636363983154297
642880,45.45454406738281
643184,-23.636363983154297
643264,-23.636363983154297
643304,-23.636363983154297
643568,-102.73636627197266
643976,198.18182373046875
644568,-23.636363983154297
644792,-23.636363983154297
645096,-23.636363983154297
645176,-23.636363983154297
645216,-23.636363983154297
645480,-23.636363983154297
645888,41.818180084228516
646056,-23.636363983154297
646480,-23.636363983154297
646704,-23.636363983154297
647008,-23.636363983154297
647088,-23.636363983154297
647128,-16.363636016845703
647392,-23.636363983154297
647800,-23.636363983154297
647968,-23.636363983154297
648392,143.63636779785156
648616,16.363636016845703
648920,-23.636363983154297
649000,-23.636363983154297
649040,-23.636363983154297
649304,-23.636363983154297
649712,-23.636363983154297
649880,-16.363636016845703
650304,-9.090909004211426
650528,-23.636363983154297
650832,-23.636363983154297
650912,147.27272033691406
650952,-23.636363983154297
651216,-23.636363983154297
651624,136.36363220214844
651792,-23.636363983154297
651896,-40.772727966308594
652216,-23.636363983154297
652440,-12.727272987365723
652744,-23.636363983154297
652864,85.45454406738281
653128,-23.636363983154297
653536,-23.636363983154297
653704,-23.636363983154297
653808,-23.636363983154297
654128,-23.636363983154297
654352,-23.636363983154297
654656,-23.636363983154297
654776,85.45454406738281
655040,-23.636363983154297
655448,-23.636363983154297
655616,-23.636363983154297
655720,-23.636363983154297
656040,-23.636363983154297
656264,16.363636016845703
656568,-23.636363983154297
656688,-23.636363983154297
656952,-23.636363983154297
657360,49.09090805053711
657528,-23.636363983154297
657632,-9.090909004211426
657952,-23.636363983154297
658176,-23.636363983154297
658480,-23.636363983154297
658600,-23.636363983154297
658864,-23.636363983154297
659272,-23.636363983154297
659440,-23.636363983154297
659544,-23.636363983154297
659864,118.18181610107422
660088,-9.090909004211426
660392,1.8181818723678589
660512,12.727272987365723
660776,-1.8181818723678589
661184,67.2727279663086
661352,-23.636363983154297
661456,-23.636363983154297
661776,-23.636363983154297
662000,-23.636363983154297
662304,-23.636363983154297
662424,-9.090909004211426
662688,49.09090805053711
663096,-23.636363983154297
663264,-23.636363983154297
663368,-23.636363983154297
663688,-23.636363983154297
663912,-16.363636016845703
664216,-23.636363983154297
664336,-23.636363983154297
664600,-23.636363983154297
665176,-23.636363983154297
665280,-23.636363983154297
665600,-23.636363983154297
665824,12.727272987365723
666128,132.72727966308594
666248,-23.636363983154297
666464,-23.636363983154297
666512,-23.636363983154297
667088,-9.090909004211426
667192,-23.636363983154297
667512,143.63636779785156
667736,-23.636363983154297
668040,-23.636363983154297
668160,-23.636363983154297
668376,-23.636363983154297
668424,-23.636363983154297
668872,-95.41818237304688
669104,-23.636363983154297
669424,9.090909004211426
669648,-23.636363983154297
669952,-23.636363983154297
670072,-23.636363983154297
670288,-23.636363983154297
670336,-23.636363983154297
670784,-23.636363983154297
671016,-23.636363983154297
671336,-23.636363983154297
671560,34.54545593261719
671864,-23.636363983154297
671984,52.727272033691406
672200,-23.636363983154297
672248,-23.636363983154297
672696,-23.636363983154297
672928,-9.090909004211426
673248,12.727272987365723
673472,129.09091186523438
673776,16.363636016845703
673896,-23.636363983154297
674112,-23.636363983154297
674160,110.90908813476562
674608,30.909090042114258
674840,-23.636363983154297
675160,-23.636363983154297
675384,-23.636363983154297
675688,-1.8181818723678589
675808,-23.636363983154297
676024,158.18182373046875
676520,-23.636363983154297
676752,-5.454545497894287
676992,-76.12727355957031
677072,-23.636363983154297
677296,-23.636363983154297
677600,-23.636363983154297
677848,-23.636363983154297
677936,-23.636363983154297
678432,78.18181610107422
678448,-49.66363525390625
678664,-23.636363983154297
678904,-23.636363983154297
679208,-23.636363983154297
679512,-23.636363983154297
679528,-71.03636169433594
679760,-12.727272987365723
679848,60.0
680344,-23.636363983154297
680360,-23.636363983154297
680808,-85.66363525390625
680816,-9.090909004211426
681120,-23.636363983154297
681440,-23.636363983154297
681672,-23.636363983154297
681760,-23.636363983154297
682256,129.09091186523438
682272,-23.636363983154297
682720,-23.636363983154297
682728,-23.636363983154297
683032,-23.636363983154297
683352,-23.636363983154297
683584,114.54545593261719
683672,-23.636363983154297
684168,-23.636363983154297
684184,-5.454545497894287
684632,187.27272033691406
684640,92.7272720336914
684944,20.0
685264,1.8181818723678589
685496,-23.636363983154297
685584,-9.090909004211426
686080,52.727272033691406
686096,34.54545593261719
686544,16.363636016845703
686552,110.90908813476562
686856,-23.636363983154297
687176,-23.636363983154297
687408,16.363636016845703
687496,-23.636363983154297
687992,-1.8181818723678589
688456,-23.636363983154297
688464,16.363636016845703
688624,-23.636363983154297
688768,194.5454559326172
689088,-23.636363983154297
689320,67.2727279663086
689408,-23.636363983154297
689904,-23.636363983154297
690368,-23.636363983154297
690376,9.090909004211426
690536,-23.636363983154297
690680,-23.636363983154297
691000,-23.636363983154297
691232,45.45454406738281
691248,-57.29090881347656
691320,38.181819915771484
691816,-23.636363983154297
692288,-23.636363983154297
692448,-23.636363983154297
692592,-16.363636016845703
692912,16.363636016845703
693144,16.363636016845703
693160,-9.090909004211426
693232,-16.363636016845703
693728,-23.636363983154297
694200,-23.636363983154297
694360,-23.636363983154297
694504,-23.636363983154297
694824,-23.636363983154297
695056,-23.636363983154297
695072,-23.636363983154297
695144,-16.363636016845703
695640,34.54545593261719
696112,-23.636363983154297
696272,-23.636363983154297
696416,-23.636363983154297
696736,-9.090909004211426
696968,-23.636363983154297
696984,-23.636363983154297
697056,-23.636363983154297
697552,-23.636363983154297
698024,-23.636363983154297
698184,1.8181818723678589
698328,-23.636363983154297
698648,16.363636016845703
698880,-23.636363983154297
698896,38.181819915771484
698968,-23.636363983154297
699464,81.81818389892578
699744,-71.8272705078125
699936,-23.636363983154297
700096,-23.636363983154297
700240,-23.636363983154297
700792,-23.636363983154297
700808,-23.636363983154297
700880,-23.636363983154297
701656,-23.636363983154297
701848,-23.636363983154297
702008,-9.090909004211426
702152,-23.636363983154297
702704,-23.636363983154297
702720,-23.636363983154297
702760,-23.636363983154297
702792,-9.090909004211426
703416,-55.62727355957031
703568,-23.636363983154297
703920,-23.636363983154297
704064,-23.636363983154297
704616,-23.636363983154297
704632,-1.8181818723678589
704672,-23.636363983154297
704704,-23.636363983154297
705328,-23.636363983154297
705480,-23.636363983154297
705832,-23.636363983154297
705976,-23.636363983154297
706528,-23.636363983154297
706544,-23.636363983154297
706584,-23.636363983154297
706616,-23.636363983154297
707240,-23.636363983154297
707392,16.363636016845703
707744,-23.636363983154297
707888,-23.636363983154297
708440,-23.636363983154297
708456,129.09091186523438
708496,-23.636363983154297
708528,-23.636363983154297
709152,27.272727966308594
709304,125.45454406738281
709656,-9.090909004211426
709800,-23.636363983154297
710352,-23.636363983154297
710368,-23.636363983154297
710408,12.727272987365723
710440,-23.636363983154297
711064,-23.636363983154297
711216,-23.636363983154297
711568,-23.636363983154297
711712,-23.636363983154297
712264,-23.636363983154297
712280,-23.636363983154297
712320,-23.636363983154297
712352,52.727272033691406
712976,-23.636363983154297
713128,-16.363636016845703
713480,-23.636363983154297
713624,-23.636363983154297
714176,-23.636363983154297
714192,-23.636363983154297
714232,34.54545593261719
714264,-23.636363983154297
714888,70.90908813476562
715040,-23.636363983154297
715392,-16.363636016845703
715536,-23.636363983154297
716088,85.45454406738281
716104,-23.636363983154297
716144,100.0
716176,9.090909004211426
716800,158.18182373046875
716952,-23.636363983154297
717304,-23.636363983154297
717448,-23.636363983154297
718000,-23.636363983154297
718016,34.54545593261719
718056,-16.363636016845703
718088,-23.636363983154297
718712,-23.636363983154297
718864,129.09091186523438
719216,-23.636363983154297
719360,-23.636363983154297
719912,-23.636363983154297
719928,114.54545593261719
719968,-23.636363983154297
720000,-23.636363983154297
720624,-23.636363983154297
720776,270.9090881347656
721128,-9.090909004211426
721280,-62.227272033691406
721824,16.363636016845703
721840,-23.636363983154297
721880,-1.8181818723678589
721912,92.7272720336914
722536,-23.636363983154297
722688,27.272727966308594
723040,-23.636363983154297
723072,-64.11817932128906
723192,-23.636363983154297
723704,-71.99090576171875
723752,-23.636363983154297
723792,303.6363525390625
724952,1.8181818723678589
724984,-23.636363983154297
725104,-23.636363983154297
725112,-23.636363983154297
725616,-23.636363983154297
725664,56.3636360168457
725704,-23.636363983154297
726368,-23.636363983154297
726832,-62.418182373046875
726864,-23.636363983154297
726896,-23.636363983154297
727016,-23.636363983154297
727024,-23.636363983154297
727528,-23.636363983154297
727576,-12.727272987365723
728280,-23.636363983154297
728744,-23.636363983154297
728776,-23.636363983154297
728808,-23.636363983154297
728928,12.727272987365723
728936,-23.636363983154297
729440,20.0
729488,-23.636363983154297
730192,-23.636363983154297
730656,-23.636363983154297
730688,-23.636363983154297
730720,-23.636363983154297
730840,-16.363636016845703
730848,-23.636363983154297
731352,9.090909004211426
731400,-23.636363983154297
731936,-71.8272705078125
732104,-23.636363983154297
732568,41.818180084228516
732600,-23.636363983154297
732632,-23.636363983154297
732760,12.727272987365723
733264,-23.636363983154297
733312,-23.636363983154297
733848,-23.636363983154297
734016,-23.636363983154297
734480,-12.727272987365723
734512,-23.636363983154297
734544,140.0
734672,-23.636363983154297
735176,-23.636363983154297
735224,-23.636363983154297
735760,-16.363636016845703
735928,-23.636363983154297
736392,-23.636363983154297
736424,-23.636363983154297
736456,-23.636363983154297
736584,-23.636363983154297
737088,41.818180084228516
737136,-23.636363983154297
737672,-23.636363983154297
737840,-23.636363983154297
738304,-23.636363983154297
738336,-5.454545497894287
738368,-23.636363983154297
738496,-23.636363983154297
739000,110.90908813476562
739048,9.090909004211426
739496,-62.71818161010742
739584,-23.636363983154297
739752,-23.636363983154297
740248,114.54545593261719
740408,-23.636363983154297
740912,56.3636360168457
740960,-23.636363983154297
741408,-23.636363983154297
741496,16.363636016845703
741664,-23.636363983154297
741776,-23.636363983154297
742160,12.727272987365723
742320,-23.636363983154297
742824,165.4545440673828
742872,-23.636363983154297
743408,-23.636363983154297
743576,-23.636363983154297
743688,-23.636363983154297
744024,12.727272987365723
744072,78.18181610107422
744232,-23.636363983154297
744736,-23.636363983154297
744784,9.090909004211426
745320,-23.636363983154297
745488,-23.636363983154297
745600,-23.636363983154297
745936,-23.636363983154297
745984,5.454545497894287
746144,-23.636363983154297
746648,-23.636363983154297
747232,-23.636363983154297
747288,-48.16363525390625
747400,-23.636363983154297
747512,-23.636363983154297
747896,16.363636016845703
748056,-23.636363983154297
748560,-23.636363983154297
748720,-58.327274322509766
749144,-23.636363983154297
749200,-23.636363983154297
749256,-23.636363983154297
749312,-23.636363983154297
749968,-23.636363983154297
750472,136.36363220214844
750632,-23.636363983154297
750640,-23.636363983154297
751056,30.909090042114258
751112,-23.636363983154297
751168,-23.636363983154297
751224,-23.636363983154297
751880,-23.636363983154297
752384,-23.636363983154297
752544,-23.636363983154297
752552,-23.636363983154297
752968,-23.636363983154297
753024,-9.090909004211426
753080,23.636363983154297
753136,-23.636363983154297
753792,-23.636363983154297
754296,9.090909004211426
754456,-23.636363983154297
754464,-23.636363983154297
754880,-23.636363983154297
754936,-23.636363983154297
754992,60.0
755048,118.18181610107422
755704,-23.636363983154297
755864,-54.09090805053711
756208,-23.636363983154297
756368,-23.636363983154297
756376,-23.636363983154297
756792,-23.636363983154297
756848,49.09090805053711
756904,-23.636363983154297
757616,16.363636016845703
757776,-23.636363983154297
758120,-23.636363983154297
758280,-23.636363983154297
758288,74.54545593261719
758704,-23.636363983154297
758760,-23.636363983154297
758816,9.090909004211426
759528,-23.636363983154297
759688,187.27272033691406
760032,92.7272720336914
760192,-9.090909004211426
760200,96.36363983154297
760616,34.54545593261719
760672,-23.636363983154297
760728,-23.636363983154297
761440,-23.636363983154297
761600,-23.636363983154297
761944,-12.727272987365723
762104,187.27272033691406
762112,56.3636360168457
762528,-23.636363983154297
762584,-23.636363983154297
762640,41.818180084228516
763352,52.727272033691406
763512,-23.636363983154297
763856,-23.636363983154297
764016,67.2727279663086
764024,-23.636363983154297
764440,-23.636363983154297
764496,30.909090042114258
764552,-23.636363983154297
765264,12.727272987365723
765424,-23.636363983154297
765768,-23.636363983154297
765928,16.363636016845703
765936,-23.636363983154297
766352,-23.636363983154297
766408,-23.636363983154297
766464,-16.363636016845703
767176,-23.636363983154297
767336,-23.636363983154297
767680,52.727272033691406
767840,-23.636363983154297
767848,-23.636363983154297
768264,-23.636363983154297
768320,34.54545593261719
768376,-23.636363983154297
769088,-23.636363983154297
769248,-23.636363983154297
769592,-23.636363983154297
769752,223.63636779785156
769760,-23.636363983154297
770176,-23.636363983154297
770232,5.454545497894287
770288,-23.636363983154297
771000,-23.636363983154297
771160,-23.636363983154297
771504,41.818180084228516
771664,-23.636363983154297
771672,-23.636363983154297
772088,-23.636363983154297
772144,-23.636363983154297
772200,-23.636363983154297
772912,-23.636363983154297
773072,-23.636363983154297
773416,-23.636363983154297
773576,-1.8181818723678589
773584,-23.636363983154297
774000,-23.636363983154297
774056,-23.636363983154297
774112,-23.636363983154297
774824,-23.636363983154297
774984,-23.636363983154297
775328,20.0
775488,-16.363636016845703
775496,-23.636363983154297
775912,-23.636363983154297
775968,-23.636363983154297
776024,-23.636363983154297
776736,-23.636363983154297
776896,-23.636363983154297
777240,-23.636363983154297
777400,-23.636363983154297
777408,-23.636363983154297
777824,-23.636363983154297
777880,-23.636363983154297
777936,-23.636363983154297
778648,-23.636363983154297
778808,-16.363636016845703
779152,-16.363636016845703
779312,9.090909004211426
779320,-23.636363983154297
779736,-23.636363983154297
779792,-23.636363983154297
779848,-23.636363983154297
780560,-23.636363983154297
780680,-52.79999923706055
780720,-23.636363983154297
781064,-23.636363983154297
781232,-23.636363983154297
781648,-23.636363983154297
781704,-23.636363983154297
781760,-23.636363983154297
781928,-81.16363525390625
782472,-23.636363983154297
782592,-23.636363983154297
782976,-23.636363983154297
783144,-23.636363983154297
783560,78.18181610107422
783616,-23.636363983154297
783672,-23.636363983154297
783840,-23.636363983154297
784336,-40.26363754272461
784384,-23.636363983154297
784504,-23.636363983154297
784888,-23.636363983154297
785472,-23.636363983154297
785528,143.63636779785156
785584,-23.636363983154297
785752,-23.636363983154297
786248,140.0
786296,-23.636363983154297
786416,9.090909004211426
786800,-23.636363983154297
787384,-23.636363983154297
787440,-23.636363983154297
787664,-23.636363983154297
788160,-23.636363983154297
788208,23.636363983154297
788328,-23.636363983154297
788712,-23.636363983154297
788744,125.45454406738281
789080,-71.63636016845703
789296,-23.636363983154297
789352,-23.636363983154297
789576,-23.636363983154297
790072,-23.636363983154297
790240,-23.636363983154297
790432,-56.09090805053711
790624,-23.636363983154297
790656,-23.636363983154297
790992,-23.636363983154297
791208,-23.636363983154297
791264,-23.636363983154297
791984,-23.636363983154297
792152,-1.8181818723678589
792344,-16.363636016845703
792536,-23.636363983154297
792568,-23.636363983154297
792904,-23.636363983154297
793120,-23.636363983154297
793176,-23.636363983154297
793896,-23.636363983154297
794064,-23.636363983154297
794256,-23.636363983154297
794448,-23.636363983154297
794480,92.7272720336914
794816,-1.8181818723678589
795032,-23.636363983154297
795088,-9.090909004211426
795808,-23.636363983154297
795976,158.18182373046875
796168,-23.636363983154297
796360,-23.636363983154297
796392,-23.636363983154297
796728,-23.636363983154297
796944,-23.636363983154297
797720,-23.636363983154297
797888,-23.636363983154297
798080,-23.636363983154297
798272,-23.636363983154297
798304,-23.636363983154297
798576,-23.636363983154297
798640,-23.636363983154297
798856,-23.636363983154297
799632,-23.636363983154297
799800,-23.636363983154297
799992,-23.636363983154297
800184,-23.636363983154297
800216,-1.8181818723678589
800488,-23.636363983154297
800552,-23.636363983154297
800768,-23.636363983154297
801544,-23.636363983154297
801712,-23.636363983154297
801904,49.09090805053711
802096,-16.363636016845703
802128,-23.636363983154297
802400,-23.636363983154297
802464,-23.636363983154297
802680,-16.363636016845703
803456,-23.636363983154297
803584,-97.29090881347656
803624,-23.636363983154297
804008,12.727272987365723
804040,-23.636363983154297
804312,-9.090909004211426
804376,-23.636363983154297
804592,-23.636363983154297
805368,-23.636363983154297
805496,-23.636363983154297
805536,-16.363636016845703
805920,-23.636363983154297
805952,-23.636363983154297
806224,-23.636363983154297
806288,-23.636363983154297
806504,-23.636363983154297
807280,-23.636363983154297
807408,-16.363636016845703
807448,-23.636363983154297
807832,-23.636363983154297
807864,-23.636363983154297
808136,-23.636363983154297
808200,-23.636363983154297
808416,-23.636363983154297
809192,-23.636363983154297
809320,-23.636363983154297
809360,9.090909004211426
809744,-23.636363983154297
809776,-23.636363983154297
810048,-12.727272987365723
810112,-23.636363983154297
810328,-23.636363983154297
811104,-23.636363983154297
811232,-23.636363983154297
811272,-23.636363983154297
811656,-23.636363983154297
811688,-23.636363983154297
811960,-23.636363983154297
812024,20.0
812240,-23.636363983154297
813016,-1.8181818723678589
813144,-23.636363983154297
813184,-23.636363983154297
813568,16.363636016845703
813600,-5.454545497894287
813872,-23.636363983154297
813936,-23.636363983154297
814152,41.818180084228516
814752,-57.29090881347656
814928,136.36363220214844
815096,-23.636363983154297
815480,-23.636363983154297
815512,-23.636363983154297
815848,-23.636363983154297
816048,23.636363983154297
816064,20.0
816664,-23.636363983154297
816840,-16.363636016845703
817008,70.90908813476562
817392,67.2727279663086
817424,-23.636363983154297
817760,-23.636363983154297
817960,-23.636363983154297
817976,-23.636363983154297
818576,-23.636363983154297
818752,-23.636363983154297
818920,-9.090909004211426
819304,-16.363636016845703
819336,38.181819915771484
819672,-23.636363983154297
819872,-23.636363983154297
819888,67.2727279663086
820488,-23.636363983154297
820664,-23.636363983154297
820832,-16.363636016845703
821216,-23.636363983154297
821248,-23.636363983154297
821584,-23.636363983154297
821784,52.727272033691406
821800,5.454545497894287
822576,-23.636363983154297
822744,-23.636363983154297
823128,34.54545593261719
823160,85.45454406738281
823496,-23.636363983154297
823696,-9.090909004211426
823712,-5.454545497894287
823976,-23.636363983154297
824488,-23.636363983154297
824656,-23.636363983154297
825040,-23.636363983154297
825072,-23.636363983154297
825408,-23.636363983154297
825608,85.45454406738281
825624,172.72727966308594
825888,-23.636363983154297
826400,-23.636363983154297
826568,-23.636363983154297
826952,-23.636363983154297
826984,-23.636363983154297
827320,16.363636016845703
827520,-23.636363983154297
827536,-23.636363983154297
827800,27.272727966308594
828312,-23.636363983154297
828480,-23.636363983154297
828864,52.727272033691406
828896,-23.636363983154297
829232,-23.636363983154297
829432,-23.636363983154297
829448,-23.636363983154297
829712,-23.636363983154297
830224,-23.636363983154297
830392,-16.363636016845703
830776,-23.636363983154297
830808,-23.636363983154297
831144,-23.636363983154297
831344,-23.636363983154297
831360,187.27272033691406
831624,-23.636363983154297
832136,-23.636363983154297
832304,-23.636363983154297
832688,-23.636363983154297
832720,-23.636363983154297
833056,-23.636363983154297
833256,-23.636363983154297
833272,-23.636363983154297
833416,-52.1363639831543
833536,-23.636363983154297
834216,-23.636363983154297
834600,-23.636363983154297
834632,-23.636363983154297
834968,-23.636363983154297
835168,-23.636363983154297
835184,-23.636363983154297
835328,60.0
835448,-23.636363983154297
836128,-23.636363983154297
836512,5.454545497894287
836544,-23.636363983154297
836688,-82.11817932128906
836880,-16.363636016845703
837096,-23.636363983154297
837240,-23.636363983154297
837360,12.727272987365723
838040,143.63636779785156
838424,-23.636363983154297
838456,-23.636363983154297
838600,-16.363636016845703
838792,118.18181610107422
839008,-23.636363983154297
839152,-23.636363983154297
839272,-23.636363983154297
839952,-23.636363983154297
840336,-23.636363983154297
840368,-16.363636016845703
840512,30.909090042114258
840704,-23.636363983154297
840920,20.0
841064,-23.636363983154297
841184,-23.636363983154297
841864,-23.636363983154297
842248,-23.636363983154297
842280,256.3636474609375
842424,-23.636363983154297
842616,67.2727279663086
842832,-23.636363983154297
842976,-23.636363983154297
843096,30.909090042114258
843776,5.454545497894287
844192,-23.636363983154297
844336,-23.636363983154297
844528,-23.636363983154297
844744,-23.636363983154297
844888,-23.636363983154297
845008,-23.636363983154297
845688,-23.636363983154297
845968,-23.636363983154297
846104,27.272727966308594
846248,-23.636363983154297
846440,-23.636363983154297
846656,52.727272033691406
846800,-23.636363983154297
846920,-23.636363983154297
847600,16.363636016845703
847880,-23.636363983154297
848016,-23.636363983154297
848160,-23.636363983154297
848352,-23.636363983154297
848712,-23.636363983154297
848832,-12.727272987365723
849512,-23.636363983154297
849792,-16.363636016845703
849928,-23.636363983154297
850072,30.909090042114258
850264,-23.636363983154297
850272,-23.636363983154297
850624,-23.636363983154297
850744,1.8181818723678589
851424,-23.636363983154297
851704,81.81818389892578
851840,-23.636363983154297
851984,-23.636363983154297
852176,-16.363636016845703
852184,-23.636363983154297
852536,-1.8181818723678589
852656,-23.636363983154297
853336,-23.636363983154297
853616,-23.636363983154297
853752,-23.636363983154297
853896,-23.636363983154297
854088,49.09090805053711
854096,-23.636363983154297
854448,-23.636363983154297
854568,-9.090909004211426
855248,-23.636363983154297
855528,70.90908813476562
855664,-23.636363983154297
855808,-23.636363983154297
856000,110.90908813476562
856008,-23.636363983154297
856360,-23.636363983154297
856480,-23.636363983154297
857160,-23.636363983154297
857440,-23.636363983154297
857576,-23.636363983154297
857720,-23.636363983154297
857912,-23.636363983154297
857920,-16.363636016845703
858272,-23.636363983154297
858392,-23.636363983154297
859072,-9.090909004211426
859256,-56.79090881347656
859352,-23.636363983154297
859488,-23.636363983154297
859632,-23.636363983154297
859824,-23.636363983154297
859832,-23.636363983154297
860184,-23.636363983154297
860984,-23.636363983154297
861168,118.18181610107422
861264,-23.636363983154297
861544,-23.636363983154297
861736,-23.636363983154297
861744,-23.636363983154297
862096,38.181819915771484
862896,-23.636363983154297
863080,-23.636363983154297
863080,103.63636016845703
863456,-23.636363983154297
863648,-23.636363983154297
863656,9.090909004211426
864008,-23.636363983154297
864296,-23.636363983154297
864808,-23.636363983154297
864992,-23.636363983154297
864992,-23.636363983154297
865368,-23.636363983154297
865560,172.72727966308594
865568,-23.636363983154297
865920,-23.636363983154297
866208,-23.636363983154297
866720,-23.636363983154297
866904,-23.636363983154297
866904,5.454545497894287
867280,-23.636363983154297
867472,-23.636363983154297
867480,-23.636363983154297
867832,-23.636363983154297
868120,-23.636363983154297
868632,-23.636363983154297
868816,-23.636363983154297
868816,-23.636363983154297
868848,59.42727279663086
869192,-16.363636016845703
869392,-23.636363983154297
869744,-23.636363983154297
870032,-23.636363983154297
870728,-23.636363983154297
870728,-23.636363983154297
870760,-23.636363983154297
871104,-23.636363983154297
871304,-23.636363983154297
871440,-23.636363983154297
871576,-59.42727279663086
871656,1.8181818723678589
871944,9.090909004211426
872128,-30.881818771362305
872640,-23.636363983154297
873016,-23.636363983154297
873216,-23.636363983154297
873352,-23.636363983154297
873488,-5.454545497894287
873568,-23.636363983154297
873856,-23.636363983154297
874040,70.90908813476562
874552,23.636363983154297
874928,114.54545593261719
875128,-23.636363983154297
875264,-23.636363983154297
875400,-23.636363983154297
875480,-23.636363983154297
875768,-23.636363983154297
875952,-23.636363983154297
876464,67.2727279663086
876840,-23.636363983154297
877040,-23.636363983154297
877176,-5.454545497894287
877312,-23.636363983154297
877392,-23.636363983154297
877680,-23.636363983154297
877864,-9.090909004211426
878376,60.0
878752,-23.636363983154297
878952,-23.636363983154297
879088,-23.636363983154297
879224,-23.636363983154297
879304,-9.090909004211426
879592,-9.090909004211426
879776,-23.636363983154297
880288,-16.363636016845703
880664,30.909090042114258
880864,-23.636363983154297
881000,-23.636363983154297
881136,-23.636363983154297
881216,-23.636363983154297
881504,-23.636363983154297
881688,-23.636363983154297
882200,-23.636363983154297
882576,-23.636363983154297
882776,-23.636363983154297
882912,-23.636363983154297
883048,-23.636363983154297
883128,34.54545593261719
883416,-23.636363983154297
883600,-23.636363983154297
884112,165.4545440673828
884488,-23.636363983154297
884688,-23.636363983154297
884824,-23.636363983154297
884960,154.5454559326172
885040,-23.636363983154297
885328,-23.636363983154297
885512,-23.636363983154297
886024,-23.636363983154297
886400,16.363636016845703
886600,96.36363983154297
886736,-23.636363983154297
886872,-23.636363983154297
887240,78.18181610107422
887424,-23.636363983154297
887928,-23.636363983154297
887936,-23.636363983154297
888312,-23.636363983154297
888512,16.363636016845703
888648,-23.636363983154297
888784,-23.636363983154297
889152,-9.090909004211426
889336,-9.090909004211426
889840,-23.636363983154297
889848,-23.636363983154297
890224,-23.636363983154297
890424,-23.636363983154297
890560,-23.636363983154297
890696,-23.636363983154297
891064,23.636363983154297
891248,-23.636363983154297
891752,-23.636363983154297
891760,-23.636363983154297
892016,-102.99090576171875
892336,-16.363636016845703
892472,-23.636363983154297
892608,-23.636363983154297
892976,16.363636016845703
893160,16.363636016845703
893664,118.18181610107422
893672,-23.636363983154297
893928,-23.636363983154297
894248,-23.636363983154297
894384,-23.636363983154297
894520,-23.636363983154297
894888,-23.636363983154297
895072,-23.636363983154297
895576,-23.636363983154297
895584,-23.636363983154297
895840,-23.636363983154297
896160,5.454545497894287
896296,-23.636363983154297
896432,-23.636363983154297
896800,-23.636363983154297
896984,-23.636363983154297
897488,-23.636363983154297
897496,-23.636363983154297
897752,-23.636363983154297
898072,-23.636363983154297
898208,-23.636363983154297
898344,-23.636363983154297
898712,-23.636363983154297
898896,-23.636363983154297
899400,-23.636363983154297
899408,-23.636363983154297
899664,-23.636363983154297
899984,-23.636363983154297
900120,-23.636363983154297
900256,30.909090042114258
900624,16.363636016845703
900808,-23.636363983154297
901312,-23.636363983154297
901320,-23.636363983154297
901576,-23.636363983154297
901896,-9.090909004211426
902032,-23.636363983154297
902168,-23.636363983154297
902536,-23.636363983154297
902720,-23.636363983154297
903224,-23.636363983154297
903232,-23.636363983154297
903488,-23.636363983154297
903808,16.363636016845703
903944,60.0
904080,-23.636363983154297
904448,52.727272033691406
904632,-23.636363983154297
905032,-103.99090576171875
905144,-23.636363983154297
905400,-9.090909004211426
905720,136.36363220214844
905856,23.636363983154297
905992,60.0
906360,-23.636363983154297
906544,-23.636363983154297
906944,-23.636363983154297
907056,-23.636363983154297
907312,-20.0
907632,-23.636363983154297
907768,-23.636363983154297
907904,-23.636363983154297
908272,-23.636363983154297
908456,-23.636363983154297
908856,-23.636363983154297
908968,209.09091186523438
909224,-5.454545497894287
909544,-23.636363983154297
909680,-23.636363983154297
909816,-23.636363983154297
910184,-23.636363983154297
910368,-16.363636016845703
910768,-23.636363983154297
910856,-95.09091186523438
910880,-23.636363983154297
911456,-23.636363983154297
911592,-5.454545497894287
911728,-5.454545497894287
912096,-23.636363983154297
912280,-23.636363983154297
912680,-23.636363983154297
912768,-1.8181818723678589
912792,-9.090909004211426
913368,-23.636363983154297
913504,-23.636363983154297
913640,-23.636363983154297
914008,-23.636363983154297
914192,132.72727966308594
914592,-23.636363983154297
914680,12.727272987365723
914704,-23.636363983154297
915280,-23.636363983154297
915416,-23.636363983154297
915552,16.363636016845703
915920,-23.636363983154297
916104,-23.636363983154297
916504,-23.636363983154297
916592,-23.636363983154297
916616,-23.636363983154297
917192,23.636363983154297
917328,-23.636363983154297
917464,129.09091186523438
917832,125.45454406738281
918016,-23.636363983154297
918416,154.5454559326172
918504,-23.636363983154297
918528,-23.636363983154297
919104,-23.636363983154297
919240,-23.636363983154297
919376,-23.636363983154297
919744,-23.636363983154297
919928,23.636363983154297
920328,-23.636363983154297
920416,-23.636363983154297
920440,-23.636363983154297
921016,-9.090909004211426
921152,-12.727272987365723
921288,-23.636363983154297
921656,-23.636363983154297
921840,-23.636363983154297
922240,63.6363639831543
922328,-23.636363983154297
922352,-23.636363983154297
922928,-23.636363983154297
923064,-23.636363983154297
923200,60.0
923568,158.18182373046875
923752,-23.636363983154297
924152,-23.636363983154297
924240,16.363636016845703
924264,-23.636363983154297
924840,38.181819915771484
924976,-23.636363983154297
925112,190.90908813476562
925480,-23.636363983154297
925648,-64.5545425415039
926064,-23.636363983154297
926152,-23.636363983154297
926176,-9.090909004211426
926752,-23.636363983154297
926888,-23.636363983154297
927024,-23.636363983154297
927392,-23.636363983154297
927560,-23.636363983154297
927976,-23.636363983154297
928064,-23.636363983154297
928088,56.3636360168457
928664,-23.636363983154297
928800,-23.636363983154297
928936,56.3636360168457
929304,-23.636363983154297
929472,-23.636363983154297
929888,-23.636363983154297
929976,-23.636363983154297
930000,-23.636363983154297
930576,49.09090805053711
930712,9.090909004211426
930848,-23.636363983154297
931216,-23.636363983154297
931384,-23.636363983154297
931800,-23.636363983154297
931888,-23.636363983154297
931912,-23.636363983154297
932488,-23.636363983154297
932624,-9.090909004211426
932760,-23.636363983154297
933128,-23.636363983154297
933296,132.72727966308594
933712,-23.636363983154297
933800,-23.636363983154297
933824,-23.636363983154297
934400,-23.636363983154297
934672,-1.8181818723678589
935040,-23.636363983154297
935208,-23.636363983154297
935624,-23.636363983154297
935712,-23.636363983154297
935736,-9.090909004211426
936136,-23.636363983154297
936312,-23.636363983154297
936512,-61.327274322509766
936584,-23.636363983154297
936952,9.090909004211426
937120,118.18181610107422
937624,-23.636363983154297
937648,114.54545593261719
938048,-23.636363983154297
938224,-16.363636016845703
938424,5.454545497894287
938496,-16.363636016845703
938864,-23.636363983154297
939032,-23.636363983154297
939536,-23.636363983154297
939560,-23.636363983154297
939960,-23.636363983154297
940136,-23.636363983154297
940336,-23.636363983154297
940408,-23.636363983154297
940776,-23.636363983154297
940944,-23.636363983154297
941448,-23.636363983154297
941472,129.09091186523438
941872,-23.636363983154297
942048,-5.454545497894287
942248,-23.636363983154297
942320,-23.636363983154297
942688,-23.636363983154297
942856,-23.636363983154297
943360,9.090909004211426
943384,-23.636363983154297
943784,-23.636363983154297
943960,-23.636363983154297
944160,-23.636363983154297
944232,-23.636363983154297
944600,-16.363636016845703
944768,-23.636363983154297
945272,-23.636363983154297
945296,-9.090909004211426
945696,-23.636363983154297
945872,-23.636363983154297
946072,-23.636363983154297
946144,-9.090909004211426
946512,-23.636363983154297
946680,70.90908813476562
947184,-23.636363983154297
947208,-23.636363983154297
947608,-23.636363983154297
947784,-23.636363983154297
947984,-23.636363983154297
948056,-23.636363983154297
948424,-23.636363983154297
948592,-23.636363983154297
949096,147.27272033691406
949120,-23.636363983154297
949240,-109.53636169433594
949696,-23.636363983154297
949896,-23.636363983154297
949968,-23.636363983154297
950336,63.6363639831543
950504,-23.636363983154297
951008,-23.636363983154297
951032,-23.636363983154297
951152,-23.636363983154297
951608,-23.636363983154297
951808,-23.636363983154297
951880,5.454545497894287
952248,45.45454406738281
952416,154.5454559326172
952920,-23.636363983154297
952944,-23.636363983154297
953064,-23.636363983154297
953520,-23.636363983154297
953720,-23.636363983154297
953792,9.090909004211426
954328,-23.636363983154297
954832,-23.636363983154297
954856,-23.636363983154297
954976,96.36363983154297
954976,-23.636363983154297
955432,-23.636363983154297
955632,-23.636363983154297
955704,263.6363525390625
956240,-23.636363983154297
956744,-23.636363983154297
956768,-23.636363983154297
956888,-23.636363983154297
956888,-23.636363983154297
957344,-23.636363983154297
957544,-23.636363983154297
957616,-23.636363983154297
958152,-23.636363983154297
958656,-23.636363983154297
958680,-23.636363983154297
958800,-23.636363983154297
958800,-23.636363983154297
959256,12.727272987365723
959456,-23.636363983154297
959528,-23.636363983154297
960064,-23.636363983154297
960568,-23.636363983154297
960592,-9.090909004211426
960712,-23.636363983154297
960712,-23.636363983154297
961168,-23.636363983154297
961368,-23.636363983154297
961440,-23.636363983154297
961976,-23.636363983154297
962480,-16.363636016845703
962504,-23.636363983154297
962624,-23.636363983154297
962624,52.727272033691406
963080,158.18182373046875
963280,-23.636363983154297
963352,-5.454545497894287
963480,-56.19091033935547
963888,-23.636363983154297
964344,-55.581817626953125
964392,-23.636363983154297
964416,-16.363636016845703
964536,-23.636363983154297
964992,-23.636363983154297
965264,-5.454545497894287
965392,-23.636363983154297
965800,-23.636363983154297
966256,-23.636363983154297
966304,-23.636363983154297
966328,-16.363636016845703
966448,-23.636363983154297
966904,-23.636363983154297
967176,-23.636363983154297
967232,-52.59090805053711
967304,103.63636016845703
967712,-23.636363983154297
967968,-95.39090728759766
968168,-23.636363983154297
968216,-23.636363983154297
968816,-23.636363983154297
969088,-23.636363983154297
969144,-23.636363983154297
969216,-23.636363983154297
969624,-23.636363983154297
969880,-23.636363983154297
970080,-9.090909004211426
970128,-23.636363983154297
970728,-23.636363983154297
971000,-23.636363983154297
971056,-23.636363983154297
971128,-23.636363983154297
971536,-23.636363983154297
971792,-23.636363983154297
971992,-23.636363983154297
972040,-23.636363983154297
972640,-23.636363983154297
972864,78.02727508544922
972912,-23.636363983154297
973040,-23.636363983154297
973448,-23.636363983154297
973704,-23.636363983154297
973904,-23.636363983154297
973952,34.54545593261719
974552,-23.636363983154297
974776,70.90908813476562
974824,-23.636363983154297
974952,-23.636363983154297
975360,-23.636363983154297
975616,-23.636363983154297
975816,-23.636363983154297
975864,-23.636363983154297
976464,-23.636363983154297
976688,-23.636363983154297
976736,-23.636363983154297
976864,-23.636363983154297
977048,-72.69091033935547
977080,-63.02727127075195
977528,-23.636363983154297
977728,-23.636363983154297
978376,-23.636363983154297
978600,16.363636016845703
978648,-23.636363983154297
978776,-23.636363983154297
978960,-23.636363983154297
978992,-23.636363983154297
979440,-23.636363983154297
979640,-23.636363983154297
980288,-23.636363983154297
980512,-23.636363983154297
980560,-23.636363983154297
980688,-23.636363983154297
980872,-23.636363983154297
980904,-23.636363983154297
981352,-23.636363983154297
981552,-23.636363983154297
982200,-23.636363983154297
982424,52.727272033691406
982472,-23.636363983154297
982600,-23.636363983154297
982784,-23.636363983154297
982816,60.0
983264,103.63636016845703
983464,-23.636363983154297
984112,-9.090909004211426
984336,-23.636363983154297
984384,-23.636363983154297
984512,-23.636363983154297
984696,-23.636363983154297
984728,-23.636363983154297
985176,-23.636363983154297
985376,-23.636363983154297
986024,-23.636363983154297
986248,-23.636363983154297
986296,-1.8181818723678589
986424,-23.636363983154297
986640,-23.636363983154297
987088,9.090909004211426
987288,-23.636363983154297
987592,-23.636363983154297
987936,-9.090909004211426
988160,-12.727272987365723
988208,34.54545593261719
988336,74.54545593261719
988552,-23.636363983154297
989000,-23.636363983154297
989200,-23.636363983154297
989504,-12.727272987365723
989848,-12.727272987365723
990072,143.63636779785156
990120,-12.727272987365723
990248,-23.636363983154297
990464,-23.636363983154297
990912,-5.454545497894287
991048,-40.8636360168457
991112,-23.636363983154297
991416,-23.636363983154297
991984,-23.636363983154297
992032,-23.636363983154297
992160,-23.636363983154297
992376,-23.636363983154297
992592,-72.29090881347656
992824,-23.636363983154297
992960,-23.636363983154297
993024,-23.636363983154297
993880,-101.01818084716797
993944,-23.636363983154297
994072,-23.636363983154297
994288,-23.636363983154297
994504,-23.636363983154297
994736,-23.636363983154297
994872,154.5454559326172
994936,-23.636363983154297
995144,-56.29090881347656
995792,5.454545497894287
995856,-23.636363983154297
995984,-23.636363983154297
996296,-98.66363525390625
996416,-23.636363983154297
996784,103.63636016845703
996816,-69.43636322021484
996848,-23.636363983154297
997056,-23.636363983154297
997704,-23.636363983154297
997768,-23.636363983154297
998208,-16.363636016845703
998328,-23.636363983154297
998696,-23.636363983154297
998728,-23.636363983154297
998760,-23.636363983154297
998968,-23.636363983154297
999616,-23.636363983154297
999680,-23.636363983154297
1000120,-23.636363983154297
1000240,30.909090042114258
1000608,9.090909004211426
1000640,-23.636363983154297
1000672,-23.636363983154297
1000880,-23.636363983154297
1001528,-23.636363983154297
1001592,-23.636363983154297
1002032,-23.636363983154297
1002152,-23.636363983154297
1002520,-23.636363983154297
1002552,-23.636363983154297
1002584,-23.636363983154297
1002792,-23.636363983154297
1003440,-23.636363983154297
1003504,-23.636363983154297
1003944,20.0
1004064,-23.636363983154297
1004432,-23.636363983154297
1004464,27.272727966308594
1004496,-23.636363983154297
1004704,-23.636363983154297
1005352,-23.636363983154297
1005416,27.272727966308594
1005856,-23.636363983154297
1005976,74.54545593261719
1006344,20.0
1006376,-23.636363983154297
1006408,-23.636363983154297
1006488,-27.190908432006836
1006616,-23.636363983154297
1007264,125.45454406738281
1007768,-23.636363983154297
1007888,-23.636363983154297
1008256,-23.636363983154297
1008288,-23.636363983154297
1008320,-23.636363983154297
1008400,-23.636363983154297
1008528,-5.454545497894287
1009176,-23.636363983154297
1009680,-23.636363983154297
1009800,30.909090042114258
1010168,16.363636016845703
1010200,-23.636363983154297
1010312,34.54545593261719
1010440,81.81818389892578
1010904,-23.636363983154297
1011088,-23.636363983154297
1011592,-23.636363983154297
1011712,27.272727966308594
1012080,-23.636363983154297
1012112,-1.8181818723678589
1012224,-23.636363983154297
1012352,-23.636363983154297
1012816,-23.636363983154297
1013000,-23.636363983154297
1013504,-23.636363983154297
1013624,-23.636363983154297
1013992,-23.636363983154297
1014024,16.363636016845703
1014136,-23.636363983154297
1014264,-23.636363983154297
1014728,-23.636363983154297
1014912,70.90908813476562
1015416,-23.636363983154297
1015536,5.454545497894287
1015904,-23.636363983154297
1015936,-23.636363983154297
1016048,-23.636363983154297
1016176,-23.636363983154297
1016640,-23.636363983154297
1016824,70.90908813476562
1017328,-23.636363983154297
1017448,85.45454406738281
1017816,-12.727272987365723
1017848,121.81818389892578
1017960,154.5454559326172
1018088,-23.636363983154297
1018552,-23.636363983154297
1018736,-23.636363983154297
1019240,-23.636363983154297
1019360,-23.636363983154297
1019728,-23.636363983154297
1019760,-23.636363983154297
1019872,-9.090909004211426
1020000,-23.636363983154297
1020464,183.63636779785156
1020648,23.636363983154297
1021152,-23.636363983154297
1021272,-1.8181818723678589
1021640,-23.636363983154297
1021672,-23.636363983154297
1021784,-23.636363983154297
1021912,-23.636363983154297
1022376,-23.636363983154297
1022560,-23.636363983154297
1023064,-23.636363983154297
1023184,-23.636363983154297
1023552,-23.636363983154297
1023584,89.09091186523438
1023696,-23.636363983154297
1023824,-23.636363983154297
1024288,-23.636363983154297
1024368,-47.33636474609375
1024472,-23.636363983154297
1024976,12.727272987365723
1025464,-23.636363983154297
1025496,-23.636363983154297
1025608,-23.636363983154297
1025736,-23.636363983154297
1026200,-23.636363983154297
1026280,-23.636363983154297
1026384,-23.636363983154297
1026664,-53.609092712402344
1026888,-23.636363983154297
1027048,-55.990909576416016
1027376,12.727272987365723
1027520,-23.636363983154297
1027648,45.45454406738281
1028192,-23.636363983154297
1028296,-23.636363983154297
1028576,-23.636363983154297
1028800,-23.636363983154297
1029288,-23.636363983154297
1029432,176.36363220214844
1029560,-23.636363983154297
1030032,-23.636363983154297
1030104,-23.636363983154297
1030208,143.63636779785156
1030488,158.18182373046875
1030712,-23.636363983154297
1031200,38.181819915771484
1031344,-23.636363983154297
1031472,-23.636363983154297
1031944,-23.636363983154297
1032016,-23.636363983154297
1032064,-95.28181457519531
1032400,-23.636363983154297
1032624,140.0
1033112,-23.636363983154297
1033256,-12.727272987365723
1033384,-23.636363983154297
1033928,-23.636363983154297
1033976,-23.636363983154297
1034312,-23.636363983154297
1034320,-16.754545211791992
1034536,-23.636363983154297
1035024,-23.636363983154297
1035168,-23.636363983154297
1035400,-94.36363983154297
1035424,1.8181818723678589
1035744,-73.69091033935547
1035888,38.181819915771484
1036224,16.363636016845703
1036232,-23.636363983154297
1036936,132.72727966308594
1037080,-23.636363983154297
1037312,176.36363220214844
1037336,20.0
1037656,67.2727279663086
1037800,-16.363636016845703
1038136,-23.636363983154297
1038144,-23.636363983154297
1038848,-23.636363983154297
1038992,-23.636363983154297
1039224,-23.636363983154297
1039248,-23.636363983154297
1039568,12.727272987365723
1039712,-23.636363983154297
1040048,-23.636363983154297
1040056,-23.636363983154297
1040760,-23.636363983154297
1040904,-23.636363983154297
1041136,-23.636363983154297
1041160,-9.090909004211426
1041480,-23.636363983154297
1041624,-23.636363983154297
1041960,-23.636363983154297
1041968,-12.727272987365723
1042672,-23.636363983154297
1042816,-23.636363983154297
1043048,-23.636363983154297
1043072,-23.636363983154297
1043392,161.81817626953125
1043536,-23.636363983154297
1043872,-23.636363983154297
1043880,-23.636363983154297
1044584,1.8181818723678589
1044728,-23.636363983154297
1044960,-23.636363983154297
1044984,-23.636363983154297
1045304,125.45454406738281
1045448,-23.636363983154297
1045784,-23.636363983154297
1045792,-23.636363983154297
1046496,-23.636363983154297
1046640,-23.636363983154297
1046872,-23.636363983154297
1047216,-23.636363983154297
1047696,-23.636363983154297
1047704,-23.636363983154297
1048408,-23.636363983154297
1048552,9.090909004211426
1048776,-23.636363983154297
1048784,-23.636363983154297
1049128,-12.727272987365723
1049176,-23.636363983154297
1049608,-23.636363983154297
1049616,-23.636363983154297
1050112,75.85454559326172
1050464,-23.636363983154297
1050688,-23.636363983154297
1050696,16.363636016845703
1051040,-23.636363983154297
1051088,-23.636363983154297
1051520,-9.090909004211426
1051528,-23.636363983154297
1052024,-23.636363983154297
1052376,-23.636363983154297
1052600,20.0
1052608,16.363636016845703
1052952,16.363636016845703
1053000,-23.636363983154297
1053440,158.18182373046875
1053936,-23.636363983154297
1054120,-23.636363983154297
1054288,-23.636363983154297
1054512,-23.636363983154297
1054520,16.363636016845703
1054864,-23.636363983154297
1054912,-23.636363983154297
1055144,-56.19091033935547
1055352,-23.636363983154297
1055848,234.5454559326172
1056032,27.272727966308594
1056424,-23.636363983154297
1056432,-23.636363983154297
1056776,-23.636363983154297
1056824,-9.090909004211426
1057056,-16.363636016845703
1057264,12.727272987365723
1057760,-23.636363983154297
1057944,-23.636363983154297
1058336,-23.636363983154297
1058344,-23.636363983154297
1058688,-23.636363983154297
1058736,-23.636363983154297
1058968,-23.636363983154297
1059176,-23.636363983154297
1059672,-23.636363983154297
1059856,1.8181818723678589
1060248,-23.636363983154297
1060256,-23.636363983154297
1060600,-23.636363983154297
1060648,1.8181818723678589
1060880,-23.636363983154297
1061088,-23.636363983154297
1061584,-23.636363983154297
1061768,-23.636363983154297
1062160,-9.090909004211426
1062168,-23.636363983154297
1062512,-23.636363983154297
1062560,-23.636363983154297
1062792,-23.636363983154297
1063496,-23.636363983154297
1063680,-23.636363983154297
1064072,-23.636363983154297
1064080,41.818180084228516
1064424,9.090909004211426
1064472,-16.363636016845703
1064704,-23.636363983154297
1064840,-23.636363983154297
1065408,-23.636363983154297
1065592,-23.636363983154297
1065984,-12.727272987365723
1065992,110.90908813476562
1066336,60.0
1066384,-23.636363983154297
1066616,-23.636363983154297
1066752,-23.636363983154297
1067320,49.09090805053711
1067504,-23.636363983154297
1067616,-44.8636360168457
1067896,56.3636360168457
1067904,30.909090042114258
1068296,-23.636363983154297
1068528,-23.636363983154297
1068664,140.0
1069232,5.454545497894287
1069416,-23.636363983154297
1069528,-23.636363983154297
1069600,54.33636474609375
1069808,-23.636363983154297
1070208,-16.363636016845703
1070440,-23.636363983154297
1070576,-12.727272987365723
1070632,-68.59091186523438
1071144,-23.636363983154297
1071328,-23.636363983154297
1071512,-23.636363983154297
1071720,-23.636363983154297
1072120,-16.363636016845703
1072352,-23.636363983154297
1072488,27.272727966308594
1072544,34.54545593261719
1073056,16.363636016845703
1073240,-23.636363983154297
1073424,-23.636363983154297
1073632,-23.636363983154297
1074032,-23.636363983154297
1074264,-23.636363983154297
1074400,-9.090909004211426
1074456,41.818180084228516
1074968,-23.636363983154297
1075152,227.27272033691406
1075336,-23.636363983154297
1075544,-9.090909004211426
1075944,-9.090909004211426
1076176,-23.636363983154297
1076312,-23.636363983154297
1076368,-16.363636016845703
1076880,60.0
1077064,-23.636363983154297
1077248,-23.636363983154297
1077456,38.181819915771484
1078088,-23.636363983154297
1078224,-23.636363983154297
1078280,-23.636363983154297
1078792,-23.636363983154297
1078976,-23.636363983154297
1079160,89.09091186523438
1079160,-23.636363983154297
1079368,41.818180084228516
1080000,-23.636363983154297
1080136,-23.636363983154297
1080192,245.4545440673828
1080704,16.363636016845703
1080888,-9.090909004211426
1081072,-23.636363983154297
1081072,-23.636363983154297
1081280,-23.636363983154297
1081912,-23.636363983154297
1082048,-23.636363983154297
1082104,136.36363220214844
1082616,-5.454545497894287
1082800,-9.090909004211426
1082984,-23.636363983154297
1082984,38.181819915771484
1083192,-1.8181818723678589
1083824,-23.636363983154297
1083960,-23.636363983154297
1084016,183.63636779785156
1084528,16.363636016845703
1084712,-23.636363983154297
1084896,45.45454406738281
1084896,-23.636363983154297
1085736,-23.636363983154297
1085736,-23.636363983154297
1085872,-23.636363983154297
1085928,-23.636363983154297
1086440,-23.636363983154297
1086624,-23.636363983154297
1087648,-23.636363983154297
1087648,-23.636363983154297
1087728,-23.636363983154297
1087784,-23.636363983154297
1087840,-23.636363983154297
1088352,67.2727279663086
1088528,-23.636363983154297
1088536,-23.636363983154297
1089560,-23.636363983154297
1089560,129.09091186523438
1089640,-23.636363983154297
1089696,-23.636363983154297
1090264,-23.636363983154297
1090440,-23.636363983154297
1090448,-23.636363983154297
1090976,-23.636363983154297
1091472,-23.636363983154297
1091472,-23.636363983154297
1091552,-23.636363983154297
1091608,56.3636360168457
1092176,63.6363639831543
1092352,-23.636363983154297
1092360,23.636363983154297
1092888,-23.636363983154297
1093384,-23.636363983154297
1093384,-23.636363983154297
1093464,-23.636363983154297
1093520,-23.636363983154297
1094088,-23.636363983154297
1094264,-23.636363983154297
1094272,-23.636363983154297
1094800,-23.636363983154297
1095296,-23.636363983154297
1095376,-16.363636016845703
1095432,-23.636363983154297
1096000,-23.636363983154297
1096176,-23.636363983154297
1096184,12.727272987365723
1096552,-23.636363983154297
1096712,70.90908813476562
1097208,114.54545593261719
1097288,-23.636363983154297
1097344,-23.636363983154297
1097912,-23.636363983154297
1098088,-23.636363983154297
1098096,154.5454559326172
1098464,-23.636363983154297
1098624,-23.636363983154297
1099120,-23.636363983154297
1099200,-23.636363983154297
1099256,-5.454545497894287
1099824,-23.636363983154297
1100000,67.2727279663086
1100008,-23.636363983154297
1100376,-23.636363983154297
1100536,38.181819915771484
1101032,41.818180084228516
1101112,1.8181818723678589
1101736,-23.636363983154297
1101912,-23.636363983154297
1101920,-23.636363983154297
1102288,-23.636363983154297
1102448,150.90908813476562
1103024,-23.636363983154297
1103648,-23.636363983154297
1103672,-23.636363983154297
1103776,-25.636363983154297
1103824,-23.636363983154297
1103832,-23.636363983154297
1104200,-23.636363983154297
1104360,60.0
1104400,-16.363636016845703
1105560,-23.636363983154297
1105584,-23.636363983154297
1105688,-23.636363983154297
1105736,-23.636363983154297
1105744,-23.636363983154297
1106112,45.45454406738281
1106272,-23.636363983154297
1106312,-23.636363983154297
1107472,-23.636363983154297
1107496,-23.636363983154297
1107600,12.727272987365723
1107648,-23.636363983154297
1107656,-23.636363983154297
1107824,-34.44545364379883
1108024,-23.636363983154297
1108184,143.63636779785156
1109384,-23.636363983154297
1109408,110.90908813476562
1109512,-23.636363983154297
1109560,-16.363636016845703
1109568,-23.636363983154297
1109736,-23.636363983154297
1109936,12.727272987365723
1110096,-23.636363983154297
1111296,-9.090909004211426
1111320,-23.636363983154297
1111384,-115.5999984741211
1111424,-23.636363983154297
1111480,-9.090909004211426
1111848,-23.636363983154297
1112008,-23.636363983154297
1112720,-23.636363983154297
1113208,9.090909004211426
1113232,-9.090909004211426
1113296,-23.636363983154297
1113336,-23.636363983154297
1113760,27.272727966308594
1113920,-23.636363983154297
1114632,-23.636363983154297
1114784,9.090909004211426
1115120,-23.636363983154297
1115144,-23.636363983154297
1115208,-23.636363983154297
1115248,-9.090909004211426
1115672,-23.636363983154297
1115832,-23.636363983154297
1116544,-23.636363983154297
1116696,-23.636363983154297
1117032,-23.636363983154297
1117056,-23.636363983154297
1117120,-23.636363983154297
1117160,-23.636363983154297
1117584,-23.636363983154297
1117744,-23.636363983154297
1118456,-23.636363983154297
1118608,-1.8181818723678589
1118944,114.54545593261719
1118968,-23.636363983154297
1119032,-23.636363983154297
1119072,-23.636363983154297
1119496,1.8181818723678589
1119656,-23.636363983154297
1120368,1.8181818723678589
1120520,-23.636363983154297
1120856,-23.636363983154297
1120880,190.90908813476562
1120944,-23.636363983154297
1120984,-23.636363983154297
1121408,-23.636363983154297
1121568,-23.636363983154297
1122280,-16.363636016845703
1122432,-23.636363983154297
1122768,-23.636363983154297
1122792,-23.636363983154297
1122856,-23.636363983154297
1122896,1.8181818723678589
1123320,-23.636363983154297
1123480,154.5454559326172
1124192,-23.636363983154297
1124680,-23.636363983154297
1124704,30.909090042114258
1124768,16.363636016845703
1124808,-23.636363983154297
1125232,-23.636363983154297
1125376,-23.636363983154297
1125392,-23.636363983154297
1126104,-23.636363983154297
1126592,-23.636363983154297
1126616,1.8181818723678589
1126680,-23.636363983154297
1126720,9.090909004211426
1127144,-9.090909004211426
1127288,96.36363983154297
1127304,-23.636363983154297
1128016,-23.636363983154297
1128504,-23.636363983154297
1128528,-23.636363983154297
1128592,-23.636363983154297
1128632,-23.636363983154297
1129056,-9.090909004211426
1129200,-23.636363983154297
1129216,-23.636363983154297
1129928,-23.636363983154297
1130416,-23.636363983154297
1130440,-23.636363983154297
1130504,-23.636363983154297
1130544,-23.636363983154297
1130968,-23.636363983154297
1131112,-9.090909004211426
1131128,30.909090042114258
1131840,-23.636363983154297
1132080,-15.590909004211426
1132328,-97.31818389892578
1132328,150.90908813476562
1132456,-23.636363983154297
1132880,103.63636016845703
1133024,-23.636363983154297
1133040,-23.636363983154297
1133752,-23.636363983154297
1133992,-23.636363983154297
1134240,-23.636363983154297
1134240,129.09091186523438
1134368,176.36363220214844
1134792,-23.636363983154297
1134936,-23.636363983154297
1134952,-23.636363983154297
1135664,23.636363983154297
1135904,-23.636363983154297
1136152,140.0
1136152,-23.636363983154297
1136704,34.54545593261719
1136848,-23.636363983154297
1136864,-23.636363983154297
1137576,-5.454545497894287
1137632,52.727272033691406
1137816,-23.636363983154297
1138064,-23.636363983154297
1138064,-23.636363983154297
1138616,-23.636363983154297
1138760,20.0
1138776,-23.636363983154297
1138832,-64.09091186523438
1139488,-23.636363983154297
1139544,-23.636363983154297
1139976,-23.636363983154297
1139976,-23.636363983154297
1140528,-23.636363983154297
1140672,-23.636363983154297
1140688,-23.636363983154297
1140744,-23.636363983154297
1141400,-23.636363983154297
1141456,16.363636016845703
1141888,-23.636363983154297
1141888,-23.636363983154297
1142440,-23.636363983154297
1142584,-23.636363983154297
1142600,-23.636363983154297
1142656,169.09091186523438
1143312,-23.636363983154297
1143368,-23.636363983154297
1143800,-23.636363983154297
1143800,-23.636363983154297
1144352,-23.636363983154297
1144496,78.18181610107422
1144512,-23.636363983154297
1144568,172.72727966308594
1145224,-5.454545497894287
1145280,67.2727279663086
1145712,274.5454406738281
1145712,-23.636363983154297
1146264,-23.636363983154297
1146408,1.8181818723678589
1146424,158.18182373046875
1146480,16.363636016845703
1147136,56.3636360168457
1147192,-23.636363983154297
1147624,-12.727272987365723
1148176,-23.636363983154297
1148320,20.0
1148336,-9.090909004211426
1148392,41.818180084228516
1148840,-23.636363983154297
1149048,-23.636363983154297
1149104,-23.636363983154297
1149536,-23.636363983154297
1150232,-23.636363983154297
1150248,81.81818389892578
1150304,56.3636360168457
1150752,-23.636363983154297
1150960,-23.636363983154297
1151016,23.636363983154297
1151032,-23.636363983154297
1152144,121.81818389892578
1152160,-23.636363983154297
1152216,-23.636363983154297
1152664,-23.636363983154297
1152880,-23.636363983154297
1152928,-23.636363983154297
1152944,-23.636363983154297
1154056,-23.636363983154297
1154072,-23.636363983154297
1154128,-23.636363983154297
1154544,-23.636363983154297
1154576,-23.636363983154297
1154792,-23.636363983154297
1154840,-23.636363983154297
1154856,-23.636363983154297
1155968,-23.636363983154297
1155984,1.8181818723678589
1156040,-23.636363983154297
1156080,-41.9636344909668
1156456,-23.636363983154297
1156488,-9.090909004211426
1156704,230.90908813476562
1156752,-23.636363983154297
1157880,-23.636363983154297
1157896,-16.363636016845703
1157952,-23.636363983154297
1157992,-23.636363983154297
1158368,-23.636363983154297
1158616,38.181819915771484
1158664,30.909090042114258
1159320,-46.44545364379883
1159792,-23.636363983154297
1159808,161.81817626953125
1159864,-23.636363983154297
1160280,89.09091186523438
1160528,-23.636363983154297
1160576,136.36363220214844
1161232,-23.636363983154297
1161312,-23.636363983154297
1161704,-23.636363983154297
1161720,-23.636363983154297
1161776,-1.8181818723678589
1162192,-16.363636016845703
1162440,-1.8181818723678589
1162488,-23.636363983154297
1163144,1.8181818723678589
1163224,-23.636363983154297
1163616,-23.636363983154297
1163632,63.6363639831543
1163688,-9.090909004211426
1164104,-23.636363983154297
1164352,132.72727966308594
1164400,-23.636363983154297
1165056,-23.636363983154297
1165136,16.363636016845703
1165528,9.090909004211426
1165544,-23.636363983154297
1165600,60.0
1166016,-23.636363983154297
1166264,-23.636363983154297
1166312,-23.636363983154297
1166968,-23.636363983154297
1167048,-23.636363983154297
1167440,-5.454545497894287
1167456,-1.8181818723678589
1167512,161.81817626953125
1167928,-23.636363983154297
1168176,-23.636363983154297
1168224,-23.636363983154297
1168880,-23.636363983154297
1168960,-16.363636016845703
1169352,-9.090909004211426
1169368,-23.636363983154297
1169424,-23.636363983154297
1169840,198.18182373046875
1170088,-23.636363983154297
1170136,-23.636363983154297
1170792,-23.636363983154297
1170872,16.363636016845703
1171264,-23.636363983154297
1171280,-16.363636016845703
1171336,-23.636363983154297
1171752,-23.636363983154297
1172000,107.2727279663086
1172048,-23.636363983154297
1172704,85.45454406738281
1172784,-23.636363983154297
1173176,45.45454406738281
1173192,-23.636363983154297
1173248,-16.363636016845703
1173664,-23.636363983154297
1173912,-23.636363983154297
1173960,9.090909004211426
1174024,-58.827274322509766
1174616,-23.636363983154297
1174696,-23.636363983154297
1175088,81.81818389892578
1175160,-23.636363983154297
1175576,16.363636016845703
1175824,-23.636363983154297
1175872,70.90908813476562
1175936,-23.636363983154297
1176528,12.727272987365723
1176608,118.18181610107422
1177000,-23.636363983154297
1177072,-23.636363983154297
1177488,-23.636363983154297
1177736,16.363636016845703
1177784,100.0
1177848,-23.636363983154297
1178440,-23.636363983154297
1178520,-23.636363983154297
1178912,-23.636363983154297
1178984,-23.636363983154297
1179400,-23.636363983154297
1179648,-23.636363983154297
1179696,-23.636363983154297
1179760,-23.636363983154297
1180352,-1.8181818723678589
1180432,-23.636363983154297
1180896,-9.090909004211426
1181312,140.0
1181560,-23.636363983154297
1181608,-23.636363983154297
1181672,129.09091186523438
1181976,41.818180084228516
1182264,-23.636363983154297
1182344,-23.636363983154297
1182808,-23.636363983154297
1183224,-23.636363983154297
1183472,161.81817626953125
1183520,-23.636363983154297
1183584,-23.636363983154297
1183888,-23.636363983154297
1184176,70.90908813476562
1184256,-23.636363983154297
1184720,110.90908813476562
1185136,190.90908813476562
1185384,-23.636363983154297
1185432,-23.636363983154297
1185496,-23.636363983154297
1185800,1.8181818723678589
1186168,-5.454545497894287
1186632,-23.636363983154297
1186992,-23.636363983154297
1187048,-23.636363983154297
1187296,-23.636363983154297
1187344,-23.636363983154297
1187408,16.363636016845703
1187712,-23.636363983154297
1187832,-55.59090805053711
1188080,-9.090909004211426
1188544,-23.636363983154297
1188960,56.3636360168457
1189208,-23.636363983154297
1189256,23.636363983154297
1189320,-23.636363983154297
1189624,-23.636363983154297
1189744,-9.090909004211426
1189992,-23.636363983154297
1190456,-23.636363983154297
1190872,-23.636363983154297
1191120,-23.636363983154297
1191168,-23.636363983154297
1191232,-23.636363983154297
1191536,-23.636363983154297
1191656,23.636363983154297
1191904,-23.636363983154297
1192368,-23.636363983154297
1192784,-23.636363983154297
1193032,-23.636363983154297
1193080,-23.636363983154297
1193144,-1.8181818723678589
1193448,-23.636363983154297
1193568,-23.636363983154297
1193816,-23.636363983154297
1194280,-23.636363983154297
1194696,-23.636363983154297
1194944,45.45454406738281
1194992,-9.090909004211426
1195056,-23.636363983154297
1195360,118.18181610107422
1195480,60.0
1195728,-23.636363983154297
1196192,-23.636363983154297
1196856,1.8181818723678589
1196904,-12.727272987365723
1196968,52.727272033691406
1197272,-9.090909004211426
1197392,-23.636363983154297
1197640,-23.636363983154297
1197960,-23.636363983154297
1198104,-23.636363983154297
1198768,-23.636363983154297
1198816,-23.636363983154297
1198880,-23.636363983154297
1199184,-23.636363983154297
1199304,-23.636363983154297
1199552,34.54545593261719
1199872,-9.090909004211426
1200016,16.363636016845703
1200680,-9.090909004211426
1200728,-23.636363983154297
1200792,-23.636363983154297
1201096,-23.636363983154297
1201216,-23.636363983154297
1201464,-23.636363983154297
1201784,-23.636363983154297
1201928,-23.636363983154297
1202592,-23.636363983154297
1202640,-23.636363983154297
1202704,-23.636363983154297
1203008,103.63636016845703
1203128,27.272727966308594
1203376,12.727272987365723
1203696,-1.8181818723678589
1203840,129.09091186523438
1204504,-23.636363983154297
1204552,201.81817626953125
1204616,-23.636363983154297
1204920,-23.636363983154297
1205040,-23.636363983154297
1205288,45.45454406738281
1205608,-23.636363983154297
1205752,-23.636363983154297
1206416,-23.636363983154297
1206464,96.36363983154297
1206480,-18.563636779785156
1206528,-23.636363983154297
1206952,-23.636363983154297
1207200,-23.636363983154297
1207520,-23.636363983154297
1207664,-23.636363983154297
1208328,-23.636363983154297
1208376,-23.636363983154297
1208392,-23.636363983154297
1208440,103.63636016845703
1208864,85.45454406738281
1209112,-23.636363983154297
1209432,-23.636363983154297
1209576,-23.636363983154297
1210240,-23.636363983154297
1210288,-23.636363983154297
1210304,154.5454559326172
1210352,-23.636363983154297
1210776,12.727272987365723
1211024,96.36363983154297
1211344,-23.636363983154297
1211488,-23.636363983154297
1212152,-23.636363983154297
1212200,-23.636363983154297
1212216,1.8181818723678589
1212264,63.6363639831543
1212688,-23.636363983154297
1212936,-23.636363983154297
1213256,-23.636363983154297
1213400,-1.8181818723678589
1214064,-23.636363983154297
1214112,-23.636363983154297
1214128,-23.636363983154297
1214176,41.818180084228516
1214600,-23.636363983154297
1214848,-23.636363983154297
1215168,16.363636016845703
1215312,121.81818389892578
1215976,-23.636363983154297
1216024,89.09091186523438
1216040,45.45454406738281
1216088,-23.636363983154297
1216512,-9.090909004211426
1216760,-23.636363983154297
1217080,-23.636363983154297
1217224,-23.636363983154297
1217560,-70.7727279663086
1217936,-23.636363983154297
1217952,-23.636363983154297
1218000,-23.636363983154297
1218424,-23.636363983154297
1218672,-23.636363983154297
1218992,-23.636363983154297
1219136,92.7272720336914
1219472,16.363636016845703
1219848,-23.636363983154297
1219864,-23.636363983154297
1219912,-12.727272987365723
1220192,-82.31818389892578
1220336,-23.636363983154297
1220904,-23.636363983154297
1221048,12.727272987365723
1221384,-23.636363983154297
1221760,-23.636363983154297
1221776,-23.636363983154297
1221824,41.818180084228516
1222104,-23.636363983154297
1222248,-23.636363983154297
1222816,-23.636363983154297
1222960,-23.636363983154297
1223296,-23.636363983154297
1223672,-23.636363983154297
1223688,-23.636363983154297
1223736,-23.636363983154297
1223824,-20.254545211791992
1224016,-16.363636016845703
1224160,9.090909004211426
1224872,-23.636363983154297
1225208,-9.090909004211426
1225584,-23.636363983154297
1225600,70.90908813476562
1225648,-23.636363983154297
1225736,-23.636363983154297
1225928,-23.636363983154297
1226072,20.0
1226784,38.181819915771484
1227120,45.45454406738281
1227496,-23.636363983154297
1227512,-23.636363983154297
1227560,118.18181610107422
1227648,-23.636363983154297
1227840,-23.636363983154297
1227984,143.63636779785156
1228696,-23.636363983154297
1229032,-23.636363983154297
1229408,-23.636363983154297
1229424,-23.636363983154297
1229472,-23.636363983154297
1229560,74.54545593261719
1229752,16.363636016845703
1229896,-23.636363983154297
1230608,-23.636363983154297
1230944,-23.636363983154297
1231320,-23.636363983154297
1231336,-23.636363983154297
1231384,-23.636363983154297
1231472,-23.636363983154297
1231664,12.727272987365723
1231808,85.45454406738281
1232520,154.5454559326172
1232856,-16.363636016845703
1233232,-16.363636016845703
1233248,-23.636363983154297
1233296,-23.636363983154297
1233384,52.727272033691406
1233576,-23.636363983154297
1233720,-23.636363983154297
1234432,-23.636363983154297
1234768,-23.636363983154297
1235144,-23.636363983154297
1235160,-23.636363983154297
1235208,27.272727966308594
1235296,-23.636363983154297
1235488,-23.636363983154297
1235632,-23.636363983154297
1236192,-48.59090805053711
1236344,-23.636363983154297
1236680,-23.636363983154297
1237056,-23.636363983154297
1237072,205.4545440673828
1237120,-23.636363983154297
1237208,-23.636363983154297
1237544,41.818180084228516
1238104,-23.636363983154297
1238256,-23.636363983154297
1238592,-23.636363983154297
1238968,-16.363636016845703
1238984,-23.636363983154297
1239032,-23.636363983154297
1239120,-23.636363983154297
1239456,-5.454545497894287
1240016,-23.636363983154297
1240168,-9.090909004211426
1240504,-23.636363983154297
1240880,-23.636363983154297
1240896,-23.636363983154297
1240944,-23.636363983154297
1241032,-23.636363983154297
1241368,-23.636363983154297
1241928,-23.636363983154297
1242080,52.727272033691406
1242416,-23.636363983154297
1242792,-23.636363983154297
1242808,-23.636363983154297
1242856,-23.636363983154297
1242944,-23.636363983154297
1243080,-59.19091033935547
1243840,-23.636363983154297
1243992,45.45454406738281
1244016,-81.06363677978516
1244328,-23.636363983154297
1244704,-23.636363983154297
1244768,100.0
1244856,-23.636363983154297
1244992,-16.363636016845703
1245024,-76.3272705078125
1245904,-23.636363983154297
1245928,-23.636363983154297
1246240,-23.636363983154297
1246616,-23.636363983154297
1246680,-23.636363983154297
1246768,132.72727966308594
1246904,-23.636363983154297
1246936,-23.636363983154297
1247816,-23.636363983154297
1247840,-23.636363983154297
1248152,-23.636363983154297
1248528,-23.636363983154297
1248592,-9.090909004211426
1248680,-23.636363983154297
1248816,45.45454406738281
1248848,-23.636363983154297
1249728,-23.636363983154297
1249752,-23.636363983154297
1250064,-23.636363983154297
1250440,-23.636363983154297
1250504,103.63636016845703
1250592,129.09091186523438
1250728,-23.636363983154297
1250760,-23.636363983154297
1251640,183.63636779785156
1251664,12.727272987365723
1251976,-23.636363983154297
1252352,-23.636363983154297
1252416,-12.727272987365723
1252504,-23.636363983154297
1252640,23.636363983154297
1252672,-23.636363983154297
1253552,9.090909004211426
1253576,-23.636363983154297
1253888,-12.727272987365723
1254264,-23.636363983154297
1254328,-23.636363983154297
1254416,-23.636363983154297
1254552,-23.636363983154297
1254584,-23.636363983154297
1255464,-23.636363983154297
1255488,-23.636363983154297
1255800,-23.636363983154297
1256176,-23.636363983154297
1256240,-23.636363983154297
1256328,-23.636363983154297
1256464,-23.636363983154297
1256496,-23.636363983154297
1257376,-23.636363983154297
1257400,-23.636363983154297
1257712,-23.636363983154297
1258088,23.636363983154297
1258152,-23.636363983154297
1258240,-23.636363983154297
1258376,9.090909004211426
1258408,-23.636363983154297
1259288,-23.636363983154297
1259312,110.90908813476562
1259560,-38.26363754272461
1259624,-23.636363983154297
1260000,-23.636363983154297
1260064,-23.636363983154297
1260152,-23.636363983154297
1260288,-23.636363983154297
1261200,-23.636363983154297
1261224,-23.636363983154297
1261472,-23.636363983154297
1261536,-23.636363983154297
1261912,227.27272033691406
1261976,1.8181818723678589
1262064,12.727272987365723
1262200,16.363636016845703
1262824,42.745452880859375
1263112,-23.636363983154297
1263136,114.54545593261719
1263448,-23.636363983154297
1263824,-23.636363983154297
1263888,-23.636363983154297
1263976,-23.636363983154297
1264112,-23.636363983154297
1264736,-23.636363983154297
1265024,-23.636363983154297
1265048,-23.636363983154297
1265360,-23.636363983154297
1265736,-23.636363983154297
1265800,1.8181818723678589
1265888,-23.636363983154297
1266024,16.363636016845703
1266648,-23.636363983154297
1266936,-23.636363983154297
1266960,-23.636363983154297
1267272,-23.636363983154297
1267648,-23.636363983154297
1267712,-23.636363983154297
1267800,-23.636363983154297
1267936,-12.727272987365723
1268560,-23.636363983154297
1268848,20.0
1268872,-23.636363983154297
1269184,-23.636363983154297
1269560,-1.8181818723678589
1269624,-16.363636016845703
1269712,-23.636363983154297
1269848,30.909090042114258
1270472,-23.636363983154297
1270760,-23.636363983154297
1270784,125.45454406738281
1271096,-23.636363983154297
1271472,-23.636363983154297
1271536,-23.636363983154297
1271624,-23.636363983154297
1271760,-23.636363983154297
1272384,-23.636363983154297
1272672,-23.636363983154297
1272696,-23.636363983154297
1273008,-23.636363983154297
1273384,-9.090909004211426
1273448,-23.636363983154297
1273536,34.54545593261719
1273672,-23.636363983154297
1274296,-23.636363983154297
1274584,-23.636363983154297
1274608,23.636363983154297
1274920,-9.090909004211426
1275296,-23.636363983154297
1275360,-23.636363983154297
1275448,-23.636363983154297
1275584,23.636363983154297
1276208,-23.636363983154297
1276312,-64.23636627197266
1276496,-23.636363983154297
1276520,-23.636363983154297
1276832,-23.636363983154297
1277208,-23.636363983154297
1277272,-23.636363983154297
1277360,-23.636363983154297
1278120,-23.636363983154297
1278224,-23.636363983154297
1278432,-23.636363983154297
1278744,-23.636363983154297
1279120,-23.636363983154297
1279184,-23.636363983154297
1279272,12.727272987365723
1279880,-23.636363983154297
1280032,-23.636363983154297
1280136,-23.636363983154297
1280344,-23.636363983154297
1280656,-23.636363983154297
1281032,-23.636363983154297
1281096,9.090909004211426
1281184,-23.636363983154297
1281592,-87.98181915283203
1281944,-23.636363983154297
1282048,16.363636016845703
1282256,-23.636363983154297
1282568,-23.636363983154297
1282944,-23.636363983154297
1283008,-23.636363983154297
1283096,-23.636363983154297
1283504,121.81818389892578
1283856,-23.636363983154297
1283960,-23.636363983154297
1284168,-23.636363983154297
1284480,9.090909004211426
1284856,-23.636363983154297
1284920,103.63636016845703
1285008,-23.636363983154297
1285416,187.27272033691406
1285768,-23.636363983154297
1285872,-23.636363983154297
1286080,5.454545497894287
1286392,-9.090909004211426
1286768,16.363636016845703
1286832,-23.636363983154297
1286920,1.8181818723678589
1287328,-1.8181818723678589
1287568,42.063636779785156
1287784,143.63636779785156
1287992,-23.636363983154297
1288304,-23.636363983154297
1288680,-23.636363983154297
1288832,150.90908813476562
1289240,-9.090909004211426
1289480,-23.636363983154297
1289696,-23.636363983154297
1289904,-23.636363983154297
1290216,-23.636363983154297
1290592,-23.636363983154297
1290744,169.09091186523438
1290784,-23.636363983154297
1291152,63.6363639831543
1291392,-23.636363983154297
1291608,-23.636363983154297
1291816,-23.636363983154297
1292128,-23.636363983154297
1292504,-23.636363983154297
1292656,-23.636363983154297
1292696,-23.636363983154297
1293064,-23.636363983154297
1293304,-23.636363983154297
1293520,-9.090909004211426
1293728,-23.636363983154297
1294040,-23.636363983154297
1294360,-37.30908966064453
1294416,-23.636363983154297
1294568,-23.636363983154297
1294608,-23.636363983154297
1294976,-23.636363983154297
1295216,-23.636363983154297
1295640,-23.636363983154297
1295952,-23.636363983154297
1296272,45.45454406738281
1296328,-23.636363983154297
1296480,-23.636363983154297
1296520,-23.636363983154297
1296888,-23.636363983154297
1297128,-23.636363983154297
1297552,-23.636363983154297
1297864,-12.727272987365723
1298184,-23.636363983154297
1298240,-23.636363983154297
1298392,12.727272987365723
1298432,107.2727279663086
1298800,-23.636363983154297
1299040,-23.636363983154297
1299464,-9.090909004211426
1299776,-23.636363983154297
1300096,-23.636363983154297
1300152,-12.727272987365723
1300304,-23.636363983154297
1300344,-23.636363983154297
1300712,-23.636363983154297
1301360,-22.881818771362305
1301376,-23.636363983154297
1301688,-23.636363983154297
1302008,-23.636363983154297
1302216,-23.636363983154297
1302256,-5.454545497894287
1302416,-23.636363983154297
1302624,-23.636363983154297
1303272,-23.636363983154297
1303288,-23.636363983154297
1303296,-57.29090881347656
1303600,-23.636363983154297
1303920,-23.636363983154297
1304128,-23.636363983154297
1304168,-23.636363983154297
1304536,-1.8181818723678589
1305184,136.36363220214844
1305200,-23.636363983154297
1305208,-23.636363983154297
1305512,67.2727279663086
1305832,-23.636363983154297
1306040,-23.636363983154297
1306080,-9.090909004211426
1306448,-23.636363983154297
1307112,-23.636363983154297
1307120,-23.636363983154297
1307424,60.0
1307744,-23.636363983154297
1307952,-9.090909004211426
1307992,-23.636363983154297
1308272,-23.636363983154297
1308360,-23.636363983154297
1309024,-25.636363983154297
1309024,-23.636363983154297
1309032,100.0
1309336,-23.636363983154297
1309656,-23.636363983154297
1309864,-23.636363983154297
1309904,-23.636363983154297
1310272,-23.636363983154297
1310936,-23.636363983154297
1310936,-23.636363983154297
1310944,-23.636363983154297
1311248,-1.8181818723678589
1311568,-23.636363983154297
1311776,-23.636363983154297
1311816,-23.636363983154297
1312184,-23.636363983154297
1312568,-80.54545593261719
1312848,16.363636016845703
1312856,70.90908813476562
1313160,23.636363983154297
1313376,-50.35454559326172
1313480,-23.636363983154297
1313688,-23.636363983154297
1313728,-23.636363983154297
1314096,-23.636363983154297
1314760,-23.636363983154297
1315072,23.636363983154297
1315600,-23.636363983154297
1315640,23.636363983154297
1316008,-23.636363983154297
1316064,-23.636363983154297
1316384,-23.636363983154297
1316464,-71.03636169433594
1316576,-82.37272644042969
1316984,-23.636363983154297
1317280,-23.636363983154297
1317552,-23.636363983154297
1317920,41.818180084228516
1317976,-23.636363983154297
1318296,-23.636363983154297
1318376,-23.636363983154297
1318488,-23.636363983154297
1318896,-23.636363983154297
1319192,16.363636016845703
1319464,-23.636363983154297
1319888,-23.636363983154297
1320208,-23.636363983154297
1320288,12.727272987365723
1320400,-23.636363983154297
1320456,-23.636363983154297
1320808,-23.636363983154297
1321104,-23.636363983154297
1321376,-23.636363983154297
1321800,-23.636363983154297
1322120,-23.636363983154297
1322200,-23.636363983154297
1322312,-23.636363983154297
1322368,-23.636363983154297
1322720,-23.636363983154297
1323016,-23.636363983154297
1323288,-23.636363983154297
1323712,27.272727966308594
1324032,-23.636363983154297
1324112,-23.636363983154297
1324224,-23.636363983154297
1324280,-23.636363983154297
1324632,-23.636363983154297
1324928,-23.636363983154297
1325200,30.909090042114258
1325624,-23.636363983154297
1325944,-23.636363983154297
1326024,-9.090909004211426
1326136,-23.636363983154297
1326192,-23.636363983154297
1326544,-23.636363983154297
1326840,-23.636363983154297
1327112,-23.636363983154297
1327536,-23.636363983154297
1327856,-23.636363983154297
1327936,-23.636363983154297
1328048,-23.636363983154297
1328104,-23.636363983154297
1328456,-23.636363983154297
1328712,-56.19091033935547
1328752,-23.636363983154297
1329024,-23.636363983154297
1329448,-23.636363983154297
1329848,-9.090909004211426
1329960,-23.636363983154297
1330016,-23.636363983154297
1330368,-23.636363983154297
1330624,41.818180084228516
1330664,-23.636363983154297
1330936,-23.636363983154297
1331360,5.454545497894287
1331760,67.2727279663086
1331872,-23.636363983154297
1331928,49.09090805053711
1332280,-23.636363983154297
1332536,-23.636363983154297
1332576,-23.636363983154297
1332848,56.3636360168457
1333272,-23.636363983154297
1333672,-23.636363983154297
1333784,-23.636363983154297
1333840,27.272727966308594
1334192,-23.636363983154297
1334448,-9.090909004211426
1334488,-23.636363983154297
1334760,1.8181818723678589
1335184,70.90908813476562
1335584,-23.636363983154297
1335696,-23.636363983154297
1335752,-23.636363983154297
1336104,-23.636363983154297
1336360,-23.636363983154297
1336400,-23.636363983154297
1336672,-23.636363983154297
1337096,-23.636363983154297
1337496,-23.636363983154297
1337608,-23.636363983154297
1337664,-23.636363983154297
1338016,-23.636363983154297
1338272,-12.727272987365723
1338312,-23.636363983154297
1338584,-23.636363983154297
1339008,63.6363639831543
1339408,5.454545497894287
1339520,-23.636363983154297
1339576,89.09091186523438
1339632,-47.70909118652344
1339928,-23.636363983154297
1340184,-23.636363983154297
1340224,-23.636363983154297
1340920,-23.636363983154297
1341432,-23.636363983154297
1341488,-23.636363983154297
1341544,-9.090909004211426
1341840,-23.636363983154297
1342096,-23.636363983154297
1342136,-23.636363983154297
1342608,-23.636363983154297
1342832,-1.8181818723678589
1343344,12.727272987365723
1343400,-23.636363983154297
1343456,-23.636363983154297
1343752,-23.636363983154297
1344008,-23.636363983154297
1344048,1.8181818723678589
1344520,-23.636363983154297
1344744,-23.636363983154297
1345256,16.363636016845703
1345312,110.90908813476562
1345368,-23.636363983154297
1345664,12.727272987365723
1345920,-23.636363983154297
1345960,-23.636363983154297
1346432,38.181819915771484
1346656,-23.636363983154297
1347168,-23.636363983154297
1347224,121.81818389892578
1347280,-16.363636016845703
1347576,-23.636363983154297
1347832,-23.636363983154297
1347872,-23.636363983154297
1348344,23.636363983154297
1348568,-23.636363983154297
1349080,114.54545593261719
1349136,-23.636363983154297
1349192,-23.636363983154297
1349488,-9.090909004211426
1349744,-23.636363983154297
1349784,-23.636363983154297
1350256,-23.636363983154297
1350480,9.090909004211426
1350992,52.727272033691406
1351048,-23.636363983154297
1351104,-23.636363983154297
1351400,-23.636363983154297
1351656,16.363636016845703
1351696,-23.636363983154297
1352168,107.2727279663086
1352392,70.90908813476562
1352904,-23.636363983154297
1352960,-23.636363983154297
1353016,-23.636363983154297
1353312,-23.636363983154297
1353568,-23.636363983154297
1353608,-23.636363983154297
1353696,-97.16363525390625
1354304,16.363636016845703
1354768,-66.31818389892578
1354816,-23.636363983154297
1354872,81.81818389892578
1354928,45.45454406738281
1355224,-23.636363983154297
1355520,-23.636363983154297
1355608,-23.636363983154297
1356216,-23.636363983154297
1356680,-23.636363983154297
1356728,-23.636363983154297
1356784,-16.363636016845703
1356840,-23.636363983154297
1357136,-23.636363983154297
1357432,-23.636363983154297
1357520,-23.636363983154297
1358128,-23.636363983154297
1358592,-23.636363983154297
1358640,-23.636363983154297
1358696,-9.090909004211426
1358752,198.18182373046875
1359048,-23.636363983154297
1359344,-23.636363983154297
1359432,-23.636363983154297
1360040,-23.636363983154297
1360504,-23.636363983154297
1360552,-23.636363983154297
1360608,-1.8181818723678589
1360664,-23.636363983154297
1360960,-23.636363983154297
1361256,-23.636363983154297
1361344,-23.636363983154297
1361872,-66.61817932128906
1361952,-23.636363983154297
1362464,-5.454545497894287
1362520,-23.636363983154297
1362872,183.63636779785156
1363168,-23.636363983154297
1363256,-23.636363983154297
1363784,81.81818389892578
1363864,-1.8181818723678589
1364312,-23.636363983154297
1364376,-23.636363983154297
1364432,-23.636363983154297
1364784,-23.636363983154297
1365080,12.727272987365723
1365168,169.09091186523438
1365696,-23.636363983154297
1365776,-23.636363983154297
1366224,-23.636363983154297
1366288,-23.636363983154297
1366344,-23.636363983154297
1366696,-23.636363983154297
1366992,-23.636363983154297
1367080,-23.636363983154297
1367608,-23.636363983154297
1367688,-23.636363983154297
1368136,-23.636363983154297
1368200,-23.636363983154297
1368256,-23.636363983154297
1368608,-23.636363983154297
1368904,-23.636363983154297
1368992,-23.636363983154297
1369520,-23.636363983154297
1369600,-23.636363983154297
1370048,-23.636363983154297
1370112,-23.636363983154297
1370168,-23.636363983154297
1370520,-23.636363983154297
1370816,158.18182373046875
1370904,-23.636363983154297
1371432,-5.454545497894287
1371512,12.727272987365723
1371960,34.54545593261719
1372024,-23.636363983154297
1372080,-23.636363983154297
1372432,-23.636363983154297
1372728,-23.636363983154297
1372816,-23.636363983154297
1373344,-23.636363983154297
1373424,-23.636363983154297
1373872,-23.636363983154297
1373936,136.36363220214844
1373992,-23.636363983154297
1374344,-23.636363983154297
1374640,-23.636363983154297
1374728,85.45454406738281
1375256,12.727272987365723
1375336,1.8181818723678589
1375784,-23.636363983154297
1375848,-23.636363983154297
1375904,-23.636363983154297
1376256,-23.636363983154297
1376552,16.363636016845703
1376640,-23.636363983154297
1377168,-23.636363983154297
1377248,-23.636363983154297
1377696,-23.636363983154297
1377760,-16.363636016845703
1377816,-23.636363983154297
1378168,-23.636363983154297
1378464,-16.363636016845703
1378552,-23.636363983154297
1379080,-23.636363983154297
1379160,-23.636363983154297
1379608,-23.636363983154297
1379672,-23.636363983154297
1379728,-23.636363983154297
1380080,-23.636363983154297
1380376,-23.636363983154297
1380464,-23.636363983154297
1380992,-23.636363983154297
1381072,-12.727272987365723
1381520,16.363636016845703
1381584,-12.727272987365723
1381640,-23.636363983154297
1381992,-23.636363983154297
1382288,41.818180084228516
1382376,-23.636363983154297
1382888,-58.29090881347656
1382904,89.09091186523438
1382984,-23.636363983154297
1383432,-23.636363983154297
1383496,-16.363636016845703
1383552,-23.636363983154297
1384200,-23.636363983154297
1384288,-23.636363983154297
1384800,-23.636363983154297
1384816,-23.636363983154297
1384896,-23.636363983154297
1385344,-23.636363983154297
1385408,-23.636363983154297
1385464,-23.636363983154297
1386112,-23.636363983154297
1386200,-23.636363983154297
1386712,-23.636363983154297
1386728,158.18182373046875
1386808,-23.636363983154297
1387256,-23.636363983154297
1387320,-23.636363983154297
1387376,-23.636363983154297
1388024,85.45454406738281
1388112,-23.636363983154297
1388624,-23.636363983154297
1388640,-23.636363983154297
1389168,183.63636779785156
1389232,1.8181818723678589
1389288,-23.636363983154297
1389400,-23.636363983154297
1389936,-23.636363983154297
1390024,-23.636363983154297
1390536,-23.636363983154297
1390552,-23.636363983154297
1391080,9.090909004211426
1391144,-23.636363983154297
1391200,-23.636363983154297
1391312,-23.636363983154297
1391848,-23.636363983154297
1391936,-23.636363983154297
1392224,-46.40909194946289
1392448,-23.636363983154297
1392464,-23.636363983154297
1393056,-23.636363983154297
1393224,-23.636363983154297
1393760,-23.636363983154297
1393816,-23.636363983154297
1393848,-23.636363983154297
1394136,176.36363220214844
1394360,-23.636363983154297
1394376,41.818180084228516
1394968,-23.636363983154297
1395136,-23.636363983154297
1395672,-5.454545497894287
1395728,-23.636363983154297
1395760,5.454545497894287
1396048,30.909090042114258
1396272,-9.090909004211426
1396288,9.090909004211426
1396880,-23.636363983154297
1397048,-23.636363983154297
1397584,-23.636363983154297
1397640,-23.636363983154297
1397672,-23.636363983154297
1397960,-23.636363983154297
1398184,-23.636363983154297
1398200,-23.636363983154297
1398464,-64.76363372802734
1398792,1.8181818723678589
1398960,-23.636363983154297
1399552,-9.090909004211426
1399584,-23.636363983154297
1399872,-23.636363983154297
1400096,147.27272033691406
1400112,-23.636363983154297
1400376,-23.636363983154297
1400704,12.727272987365723
1400872,-23.636363983154297
1401464,-23.636363983154297
1401496,136.36363220214844
1401784,-23.636363983154297
1402008,-23.636363983154297
1402024,-23.636363983154297
1402288,-23.636363983154297
1402616,-1.8181818723678589
1402784,-23.636363983154297
1403376,-23.636363983154297
1403408,16.363636016845703
1403696,-23.636363983154297
1403920,-23.636363983154297
1403936,1.8181818723678589
1404200,-23.636363983154297
1404528,-23.636363983154297
1404696,-23.636363983154297
1405288,-23.636363983154297
1405320,9.090909004211426
1405608,198.18182373046875
1405832,-23.636363983154297
1405848,-23.636363983154297
1406112,-23.636363983154297
1406440,-23.636363983154297
1406608,-23.636363983154297
1406944,-68.29090881347656
1407200,12.727272987365723
1407232,-23.636363983154297
1407520,-23.636363983154297
1407744,41.818180084228516
1408024,129.09091186523438
1408352,-23.636363983154297
1408520,-23.636363983154297
1408856,23.636363983154297
1409112,-23.636363983154297
1409144,-23.636363983154297
1409432,-23.636363983154297
1409656,-5.454545497894287
1409936,38.181819915771484
1410264,-23.636363983154297
1410432,23.636363983154297
1410768,-23.636363983154297
1411024,-23.636363983154297
1411056,-23.636363983154297
1411344,23.636363983154297
1411568,38.181819915771484
1411848,-23.636363983154297
1412176,-23.636363983154297
1412344,16.363636016845703
1412680,-23.636363983154297
1412936,-23.636363983154297
1412968,12.727272987365723
1413480,-23.636363983154297
1413760,9.090909004211426
1414088,-23.636363983154297
1414256,41.818180084228516
1414592,-23.636363983154297
1414744,-16.363636016845703
1414848,-9.090909004211426
1414880,-23.636363983154297
1415392,1.8181818723678589
1415672,-23.636363983154297
1416000,-23.636363983154297
1416168,60.0
1416176,-52.59090805053711
1416504,-23.636363983154297
1416656,-23.636363983154297
1416760,-23.636363983154297
1416792,-12.727272987365723
1417344,-72.29090881347656
1417584,-23.636363983154297
1417912,-23.636363983154297
1418088,-9.090909004211426
1418416,-23.636363983154297
1418568,-23.636363983154297
1418672,103.63636016845703
1418704,-23.636363983154297
1419256,-23.636363983154297
1419496,-23.636363983154297
1419824,-23.636363983154297
1420000,-16.363636016845703
1420328,30.909090042114258
1420480,-1.8181818723678589
1420584,-23.636363983154297
1420616,16.363636016845703
1421144,-56.04545593261719
1421408,-23.636363983154297
1421736,-23.636363983154297
1422240,-23.636363983154297
1422392,-23.636363983154297
1422496,-23.636363983154297
1422528,5.454545497894287
1422768,-23.636363983154297
1423056,-23.636363983154297
1423320,129.09091186523438
1423648,-23.636363983154297
1424152,-23.636363983154297
1424304,-23.636363983154297
1424408,-23.636363983154297
1424440,-23.636363983154297
1424680,-23.636363983154297
1424968,-23.636363983154297
1425232,-23.636363983154297
1425560,227.27272033691406
1426064,30.909090042114258
1426216,-23.636363983154297
1426320,-23.636363983154297
1426352,-23.636363983154297
1426592,-23.636363983154297
1426880,-23.636363983154297
1427144,85.45454406738281
1427472,-9.090909004211426
1427976,143.63636779785156
1428128,-5.454545497894287
1428232,-23.636363983154297
1428264,-23.636363983154297
1428504,16.363636016845703
1428792,110.90908813476562
1429056,-23.636363983154297
1429384,-23.636363983154297
1429888,172.72727966308594
1430040,-23.636363983154297
1430144,150.90908813476562
1430176,-23.636363983154297
1430416,23.636363983154297
1430704,-23.636363983154297
1430896,-56.29090881347656
1430968,-23.636363983154297
1431296,-23.636363983154297
1431800,-23.636363983154297
1432056,-23.636363983154297
1432088,-23.636363983154297
1432328,34.54545593261719
1432616,-23.636363983154297
1432808,-12.727272987365723
1432880,-23.636363983154297
1433208,-23.636363983154297
1433256,-39.16363525390625
1433712,-23.636363983154297
1433968,-23.636363983154297
1434240,12.727272987365723
1434528,-23.636363983154297
1434720,183.63636779785156
1434792,-23.636363983154297
1435120,-23.636363983154297
1435168,-23.636363983154297
1435624,-23.636363983154297
1435880,-23.636363983154297
1436152,158.18182373046875
1436328,-96.01818084716797
1436632,-23.636363983154297
1436704,-23.636363983154297
1437032,9.090909004211426
1437080,-23.636363983154297
1437536,136.36363220214844
1437792,-23.636363983154297
1438064,110.90908813476562
1438240,-23.636363983154297
1438544,-23.636363983154297
1438616,-12.727272987365723
1438944,-23.636363983154297
1438992,-1.8181818723678589
1439448,118.18181610107422
1439704,-23.636363983154297
1439976,-23.636363983154297
1440152,-23.636363983154297
1440456,-23.636363983154297
1440528,-9.090909004211426
1440856,-23.636363983154297
1440904,-23.636363983154297
1441360,-12.727272987365723
1441616,-23.636363983154297
1441888,-23.636363983154297
1442064,-23.636363983154297
1442368,-23.636363983154297
1442440,-58.327274322509766
1442440,-9.090909004211426
1442768,-23.636363983154297
1442816,-23.636363983154297
1443272,-23.636363983154297
1443800,-23.636363983154297
1443976,-9.090909004211426
1444280,-23.636363983154297
1444352,-23.636363983154297
1444352,9.090909004211426
1444680,41.818180084228516
1445184,-23.636363983154297
1445712,89.09091186523438
1445888,-9.090909004211426
1446056,143.63636779785156
1446192,-23.636363983154297
1446264,-5.454545497894287
1446264,-23.636363983154297
1447096,-23.636363983154297
1447624,-23.636363983154297
1447664,-23.636363983154297
1447800,-23.636363983154297
1447968,-23.636363983154297
1448104,-23.636363983154297
1448176,-23.636363983154297
1448176,-23.636363983154297
1448560,18.96363639831543
1449536,41.818180084228516
1449576,-23.636363983154297
1449712,-9.090909004211426
1449880,-23.636363983154297
1450016,-23.636363983154297
1450088,-23.636363983154297
1450088,-23.636363983154297
1450472,70.90908813476562
1451448,16.363636016845703
1451488,12.727272987365723
1451624,-23.636363983154297
1451792,-23.636363983154297
1451928,-23.636363983154297
1452000,103.63636016845703
1452000,16.363636016845703
1452384,1.8181818723678589
1453360,-23.636363983154297
1453400,-23.636363983154297
1453536,-5.454545497894287
1453704,-23.636363983154297
1453840,-23.636363983154297
1453912,-23.636363983154297
1453912,-23.636363983154297
1454296,-16.363636016845703
1455272,-5.454545497894287
1455312,140.0
1455448,-23.636363983154297
1455616,-16.363636016845703
1455752,-23.636363983154297
1455824,-9.090909004211426
1456208,92.7272720336914
1456800,-23.636363983154297
1457184,-16.363636016845703
1457360,-23.636363983154297
1457528,-16.363636016845703
1457664,158.18182373046875
1457736,-23.636363983154297
1458120,1.8181818723678589
1458512,-23.636363983154297
1458712,-23.636363983154297
1459096,-23.636363983154297
1459272,-23.636363983154297
1459440,-5.454545497894287
1459576,-23.636363983154297
1459648,-23.636363983154297
1460032,-23.636363983154297
1460424,-12.727272987365723
1460624,158.18182373046875
1461008,1.8181818723678589
1461184,-23.636363983154297
1461352,1.8181818723678589
1461488,-23.636363983154297
1461560,-23.636363983154297
1461944,-23.636363983154297
1462336,-23.636363983154297
1462536,49.09090805053711
1462752,-35.33636474609375
1463096,-12.727272987365723
1463264,12.727272987365723
1463400,103.63636016845703
1463472,-23.636363983154297
1464248,-23.636363983154297
1464416,23.636363983154297
1464448,-23.636363983154297
1464664,-23.636363983154297
1465008,-23.636363983154297
1465176,-23.636363983154297
1465312,-23.636363983154297
1465384,16.363636016845703
1466160,-23.636363983154297
1466328,-23.636363983154297
1466360,-23.636363983154297
1466576,-23.636363983154297
1466920,110.90908813476562
1467088,-23.636363983154297
1467224,-23.636363983154297
1467296,-1.8181818723678589
1468072,-23.636363983154297
1468240,-23.636363983154297
1468272,9.090909004211426
1468488,-23.636363983154297
1468832,-23.636363983154297
1469000,27.272727966308594
1469136,-23.636363983154297
1469208,-16.363636016845703
1469984,-23.636363983154297
1470152,-16.363636016845703
1470168,-9.972726821899414
1470184,16.363636016845703
1470400,-23.636363983154297
1470744,-23.636363983154297
1471048,-23.636363983154297
1471120,16.363636016845703
1471184,-30.672727584838867
1471896,-23.636363983154297
1472064,-23.636363983154297
1472080,-23.636363983154297
1472096,-23.636363983154297
1472656,-23.636363983154297
1472960,-1.8181818723678589
1473032,-9.090909004211426
1473096,140.0
1473808,9.090909004211426
1473992,-16.363636016845703
1474008,-23.636363983154297
1474568,30.909090042114258
1474872,27.272727966308594
1474944,-23.636363983154297
1475008,16.363636016845703
1475376,-23.636363983154297
1475720,-23.636363983154297
1475904,223.63636779785156
1475920,-23.636363983154297
1476480,-23.636363983154297
1476784,-23.636363983154297
1476856,-23.636363983154297
1476920,-23.636363983154297
1477104,-76.9272689819336
1477288,-23.636363983154297
1477632,-9.090909004211426
1477832,-23.636363983154297
1478392,-23.636363983154297
1478696,-23.636363983154297
1478832,-23.636363983154297
1479016,60.0
1479200,-23.636363983154297
1479544,-23.636363983154297
1479744,-23.636363983154297
1480080,-57.390907287597656
1480304,-23.636363983154297
1480608,12.727272987365723
1480608,-1.8181818723678589
1480744,-23.636363983154297
1480928,-23.636363983154297
1481456,27.272727966308594
1481656,-23.636363983154297
1481992,-23.636363983154297
1482216,-23.636363983154297
1482520,-23.636363983154297
1482520,-23.636363983154297
1482656,-23.636363983154297
1482840,-23.636363983154297
1483368,-23.636363983154297
1483568,-23.636363983154297
1483856,-80.56363677978516
1483904,-23.636363983154297
1484128,114.54545593261719
1484432,20.0
1484432,-23.636363983154297
1484752,92.7272720336914
1485280,-23.636363983154297
1485480,-23.636363983154297
1485768,-23.636363983154297
1485816,-23.636363983154297
1486040,-23.636363983154297
1486344,-23.636363983154297
1486344,-23.636363983154297
1486664,-23.636363983154297
1487192,-23.636363983154297
1487392,-23.636363983154297
1487680,-23.636363983154297
1487728,41.818180084228516
1487952,-23.636363983154297
1488256,-23.636363983154297
1488256,-23.636363983154297
1488576,41.818180084228516
1489104,158.18182373046875
1489304,-23.636363983154297
1489592,30.909090042114258
1489640,-23.636363983154297
1489864,23.636363983154297
1490168,-23.636363983154297
1490168,-23.636363983154297
1490488,132.72727966308594
1490560,-76.53636169433594
1491016,-9.090909004211426
1491216,96.36363983154297
1491552,-23.636363983154297
1491776,-23.636363983154297
1491848,-58.62727355957031
1492080,16.363636016845703
1492080,-23.636363983154297
1492400,-23.636363983154297
1492472,-23.636363983154297
1493128,-23.636363983154297
1493464,-23.636363983154297
1493688,-23.636363983154297
1493760,38.181819915771484
1493992,-23.636363983154297
1493992,-23.636363983154297
1494312,-23.636363983154297
1494384,-23.636363983154297
1495040,-23.636363983154297
1495376,-23.636363983154297
1495600,-9.090909004211426
1495672,-23.636363983154297
1495904,238.18182373046875
1495904,-23.636363983154297
1496224,-23.636363983154297
1496296,52.727272033691406
1496952,23.636363983154297
1497288,-23.636363983154297
1497512,-23.636363983154297
1497584,143.63636779785156
1497816,-23.636363983154297
1497816,-23.636363983154297
1498136,-23.636363983154297
1498208,125.45454406738281
1498336,-47.70909118652344
1498864,-23.636363983154297
1499184,-59.42727279663086
1499424,-23.636363983154297
1499496,-23.636363983154297
1499728,-23.636363983154297
1499728,-23.636363983154297
1500048,-23.636363983154297
1500120,-16.363636016845703
1500776,-23.636363983154297
1501096,-23.636363983154297
1501336,-9.090909004211426
1501408,-23.636363983154297
1501640,-23.636363983154297
