step,value
976,-42.8257942199707
2080,-154.03256225585938
2080,-177.41934204101562
2096,-167.75466918945312
2096,-167.69322204589844
2096,-167.47415161132812
2096,-188.5388641357422
2096,-166.0084991455078
2352,-123.56885528564453
2720,-108.7282943725586
3088,-49.23210525512695
4192,-154.81805419921875
4208,-191.55238342285156
4208,-160.24285888671875
4208,-183.03150939941406
4208,-154.35604858398438
4208,-166.41168212890625
4544,-94.92491149902344
4576,-130.59091186523438
4832,-173.60000610351562
5200,-198.24705505371094
5472,148.02024841308594
5584,-12.416834831237793
5952,-96.48680114746094
6000,-69.73876190185547
6192,-31.00200843811035
6304,-145.1112060546875
6320,-168.72412109375
6320,-154.75692749023438
6512,-188.1901092529297
6688,-162.582763671875
6944,-164.24285888671875
7104,-66.49862670898438
7216,-18.664459228515625
7376,-170.21075439453125
7392,-161.45802307128906
7680,-162.83798217773438
7776,-97.9259262084961
7968,-156.45294189453125
7968,-20.963502883911133
8624,-170.24705505371094
8752,-29.82280731201172
8800,-183.39712524414062
8976,-54.79999923706055
9104,-154.18490600585938
9280,-54.402587890625
9328,-164.48434448242188
9472,-155.8000030517578
9504,-147.85665893554688
9728,-41.11879348754883
9792,-163.97341918945312
9952,-37.54957962036133
10240,-75.04946899414062
10384,-103.36062622070312
10448,-78.76219940185547
10544,-15.875747680664062
10592,7.632075309753418
10608,27.902362823486328
10656,-54.88823699951172
11216,-154.41168212890625
11264,3.2621848583221436
11440,-172.35157775878906
11904,-206.8079071044922
12000,-159.75466918945312
12048,-148.01541137695312
12496,-155.2535858154297
12496,-46.21818161010742
12512,-64.5999984741211
12704,-149.20448303222656
12752,-69.96772003173828
13376,-162.0084991455078
13504,-15.204132080078125
13568,-196.72592163085938
13568,-0.25223881006240845
13648,-165.83718872070312
13760,-87.50071716308594
14016,-169.43333435058594
14112,-168.34161376953125
14384,-164.72500610351562
14608,-160.08685302734375
14768,-182.75692749023438
14864,-167.85467529296875
14992,-30.718868255615234
15200,-38.05454635620117
15488,-166.87107849121094
15616,-168.12693786621094
15616,-151.30307006835938
15616,-115.20646667480469
15760,-147.0067596435547
16096,-61.77132797241211
16592,-78.22049713134766
16720,-154.5242462158203
16880,-147.69322204589844
16976,-158.23114013671875
17104,-155.99964904785156
17264,-30.807167053222656
17312,-181.8177947998047
17488,-173.63717651367188
17728,-145.19859313964844
17728,-166.611328125
17984,-161.63845825195312
18288,-144.24118041992188
18832,2.6639456748962402
18896,-71.15454864501953
18992,-145.3937225341797
19120,-134.25418090820312
19216,-154.24705505371094
19376,-167.69322204589844
19600,-155.00909423828125
19936,-28.85172462463379
20064,-98.35555267333984
20096,-154.21075439453125
20320,-137.43333435058594
20368,-52.40888214111328
20976,-169.533935546875
21040,-145.15292358398438
21216,-147.5142822265625
21424,-174.5029296875
21456,-62.42380905151367
21520,-271.9045715332031
21712,-195.55238342285156
22448,-94.7072982788086
22752,-96.46331024169922
23072,-171.09771728515625
23328,-156.93894958496094
23920,-96.49314880371094
24448,-187.06129455566406
24464,-108.63971710205078
24464,-54.5086669921875
24560,-148.12693786621094
24560,-214.24705505371094
25184,-158.21075439453125
25280,-82.31428527832031
25424,-130.99859619140625
25440,-195.97341918945312
25488,-22.848299026489258
25536,-27.641408920288086
25632,-92.25238037109375
25856,-137.43333435058594
25856,12.922605514526367
26528,-150.85848999023438
26560,-166.10769653320312
26624,-166.53948974609375
26656,-154.01809692382812
26784,11.902361869812012
26912,-9.642857551574707
27392,-188.5548553466797
27440,-220.86416625976562
27536,-175.50794982910156
27584,1.2831501960754395
27600,-166.5029296875
27744,-173.3937225341797
27808,-93.73725128173828
27920,-39.120880126953125
28176,-96.71034240722656
28672,-171.38357543945312
28768,-175.03150939941406
28784,-145.46803283691406
28896,-171.00909423828125
28912,10.699999809265137
29168,-44.0038948059082
29488,-171.59933471679688
29552,-143.25941467285156
29696,-170.2624969482422
29712,-152.72412109375
29872,-4.438775539398193
30032,-181.0275421142578
30400,-85.88518524169922
30768,-172.41539001464844
31008,-155.61817932128906
31200,-77.13333129882812
31216,-171.87547302246094
31584,-176.1957550048828
31648,-148.13031005859375
31808,-164.1957550048828
31952,-199.99964904785156
32048,-98.9795913696289
32048,-35.09065628051758
32224,-88.49718475341797
32416,-154.62718200683594
32624,-175.7185821533203
32736,-38.14285659790039
32800,1.412734031677246
32848,-55.35760498046875
33184,13.311469078063965
33328,-143.2025604248047
33536,-195.04293823242188
33712,177.54823303222656
33920,-168.97708129882812
33984,-178.35604858398438
34128,-165.3107452392578
34320,-177.21176147460938
34576,-8.585714340209961
34848,-196.1630859375
34912,-172.90997314453125
35264,-103.22492218017578
35296,-172.34161376953125
35744,-174.55262756347656
35904,-185.88619995117188
35952,-163.75466918945312
36016,-150.83448791503906
36032,-149.19859313964844
36048,-99.71830749511719
36240,-176.34161376953125
36672,-110.19444274902344
36688,-161.8979034423828
36688,-87.84210205078125
36960,-166.24705505371094
37120,-17.90376091003418
37536,-149.25405883789062
37712,-80.95523834228516
37856,-171.7825469970703
38064,-165.0937957763672
38336,-162.81805419921875
38784,-237.93836975097656
38960,-94.75843811035156
39024,-88.45352935791016
39040,-111.02893829345703
39152,-41.6995964050293
39232,-151.85665893554688
39312,-159.9108123779297
39568,-258.1861267089844
39648,-162.41168212890625
39824,-148.0756072998047
40064,-24.503772735595703
40096,7.701694965362549
40256,-164.6714324951172
40656,-110.63650512695312
40896,-176.90997314453125
41264,-192.5548553466797
41392,-124.11478424072266
41536,-126.75714111328125
41760,-196.5388641357422
41824,-168.7388916015625
41920,-126.9635009765625
41920,-147.99932861328125
42176,-151.39712524414062
42192,-159.61817932128906
42384,-132.2606201171875
42544,-185.3000030517578
42800,-35.92162322998047
42928,-54.77878952026367
43008,-156.34161376953125
43152,-169.99790954589844
43200,3.752380847930908
43344,-131.1803436279297
43488,-181.16807556152344
43504,-49.37474822998047
43600,-155.2025604248047
43648,-151.58091735839844
43904,-62.266666412353516
43904,-111.58965301513672
43936,-157.18609619140625
44032,-163.97341918945312
45104,-153.0822296142578
45280,-64.37872314453125
45344,-54.61188888549805
45376,-84.79432678222656
45536,-63.43287658691406
45600,-185.19859313964844
45696,-91.54838562011719
45760,-169.72962951660156
45984,-74.67449951171875
46240,-29.45839500427246
46768,-211.97341918945312
46976,-61.6131477355957
47136,-161.76109313964844
47360,-244.10958862304688
47424,-124.40690612792969
47568,-111.58063507080078
47584,-70.44259643554688
47648,-157.63845825195312
47808,-209.80491638183594
47856,-168.78359985351562
48192,-97.59965515136719
48336,-70.17692565917969
48352,-163.2535858154297
48624,-102.18333435058594
49264,-68.09491729736328
49280,-40.865516662597656
49472,-167.69322204589844
49504,-156.6714324951172
49536,-142.7409210205078
49664,-173.16807556152344
49968,-164.24285888671875
50160,-2.1503496170043945
50224,-18.700000762939453
50432,-33.233333587646484
50448,-165.18609619140625
50528,-14.167716979980469
50624,-157.72161865234375
50736,-161.9960174560547
51360,-175.37367248535156
51376,-146.8079071044922
51536,0.3547528386116028
51648,-159.0230712890625
51760,-165.3584442138672
52336,-181.6664276123047
52416,-163.7825469970703
52416,-104.45381927490234
52544,-159.99964904785156
52560,-175.00909423828125
52656,-26.622432708740234
52736,-165.9893035888672
52768,-36.967201232910156
52848,-176.97708129882812
53120,-67.9924087524414
53488,-161.3937225341797
53536,-65.2901611328125
53584,-162.1842041015625
53648,-26.848709106445312
53648,-6.829780578613281
53696,37.111236572265625
53808,-8.887290954589844
53856,-96.72352600097656
54448,-164.13031005859375
54576,-55.53255844116211
54832,-82.57142639160156
54992,-120.43623352050781
55232,-193.8979034423828
55760,-161.20448303222656
55760,-161.6664276123047
55792,-174.3019256591797
55808,-169.80491638183594
55888,-72.6937026977539
56288,-157.13333129882812
56480,-82.84313201904297
56944,-18.145343780517578
57104,-152.10000610351562
57232,-93.7259292602539
57632,-115.5
57744,-144.90997314453125
58000,-216.40188598632812
58128,14.940845489501953
58144,-143.4365997314453
58208,-80.12715148925781
58624,-165.6914520263672
58800,-177.43333435058594
58912,-166.40408325195312
59056,21.200000762939453
59456,-63.394737243652344
59968,-95.73609924316406
59984,-161.43333435058594
60112,-157.80491638183594
60240,-149.72962951660156
60288,-86.14013671875
61008,-143.0518035888672
61008,-114.6709213256836
61120,-29.397842407226562
61568,-150.41168212890625
61776,-168.35157775878906
61856,-161.8979034423828
62304,-62.3070182800293
62336,-163.09771728515625
62400,-157.60293579101562
62400,-158.5029296875
62784,-147.97341918945312
63024,-85.55154418945312
63120,-173.3937225341797
63376,-183.38357543945312
63392,-93.76062774658203
63520,-3.0239481925964355
63968,-165.20448303222656
63984,-155.2535858154297
64160,-1.213178277015686
64352,-7.385858535766602
64432,-159.74305725097656
64512,-155.03150939941406
64896,-161.6664276123047
64992,-5.892307758331299
65232,-4.887290954589844
65472,-160.08685302734375
65488,-189.37933349609375
65616,-167.87547302246094
65824,-155.30307006835938
65904,-83.94054412841797
66208,-168.64210510253906
66288,-110.90526580810547
66608,-163.8000030517578
66656,-12.821052551269531
66848,-96.501708984375
67088,-166.78305053710938
67584,-179.97021484375
67728,-107.02237701416016
67936,-150.611328125
68016,-166.35604858398438
68320,-167.59043884277344
68400,-54.501705169677734
68480,-95.82268524169922
68496,-156.5548553466797
68736,-67.6877212524414
68736,-102.11408233642578
68944,-99.98594665527344
68960,-173.43333435058594
69200,-98.02372741699219
69312,-193.4661865234375
69520,-147.55238342285156
69664,-87.19701385498047
69760,-12.9909086227417
69840,-160.76666259765625
70048,-162.611328125
70432,-175.38357543945312
70448,0.16802720725536346
70464,-154.80967712402344
70512,-162.582763671875
70592,-162.345458984375
70848,-155.69322204589844
70976,-141.1025848388672
71792,-100.41036987304688
71856,-146.58261108398438
71872,-78.94882202148438
71936,-184.885498046875
72224,-172.96218872070312
72544,-160.64210510253906
72624,-147.59043884277344
72688,-87.75753784179688
72704,-155.9108123779297
72768,-76.66363525390625
73120,-152.39405822753906
73280,17.896747589111328
73680,-0.4481481611728668
73840,-177.57901000976562
73904,-162.0084991455078
73968,-164.34161376953125
73984,-153.72962951660156
74336,-152.1630859375
74976,-32.505859375
75280,-275.61285400390625
75312,-29.73155975341797
75392,-165.19859313964844
75440,-175.03150939941406
76000,-168.41539001464844
76336,-165.5411834716797
76336,-97.97232055664062
76528,-110.984619140625
76848,-94.48332977294922
77040,-4.884848594665527
77072,-60.0713005065918
77216,-144.13031005859375
77440,-17.58237075805664
77488,-152.19735717773438
77504,-108.8092269897461
77760,-247.32598876953125
77760,-75.8058853149414
78112,-25.49463653564453
78192,-155.0067596435547
78224,-150.12777709960938
78448,-151.99964904785156
78496,-3.409090995788574
78560,-93.26466369628906
78640,-145.80491638183594
78960,-165.20448303222656
79232,-35.688777923583984
79312,-152.38426208496094
79392,-175.88697814941406
79536,-10.966666221618652
79616,-155.50794982910156
79664,-151.72018432617188
80288,-5.075088977813721
80304,-150.86422729492188
81056,-153.16807556152344
81408,-10.535484313964844
81504,-188.18218994140625
81632,-168.13082885742188
81760,-59.74530029296875
81808,114.10980224609375
81968,-157.7310333251953
82320,-154.75692749023438
82400,-197.72962951660156
82400,-160.4197235107422
82896,-141.76109313964844
83408,-36.83389663696289
83472,-77.47692108154297
83600,-164.64210510253906
83680,-159.8000030517578
83824,-152.19735717773438
83840,-61.52857208251953
83872,-153.26182556152344
84016,-123.31806945800781
84432,-177.0275421142578
84736,-1.8428571224212646
84960,28.606178283691406
84960,-133.80491638183594
85008,-156.96218872070312
85280,-62.24136734008789
85376,-148.34161376953125
85616,-13.231578826904297
85696,-141.86593627929688
85936,-149.8979034423828
86128,-92.05714416503906
86384,-16.988405227661133
86496,5.106093406677246
86544,-168.72500610351562
86592,-161.73548889160156
86608,-169.19859313964844
87120,-22.899999618530273
87168,27.077777862548828
87248,-19.293251037597656
87392,-166.8079071044922
87520,-24.627914428710938
87568,-164.2176513671875
87600,-30.458620071411133
87632,-154.7409210205078
87792,-160.1957550048828
88048,-153.3937225341797
88080,-89.384521484375
88160,-33.61882019042969
88416,-67.15437316894531
88720,-110.11003112792969
89664,-163.28387451171875
89888,-162.15615844726562
90192,-151.55238342285156
90320,-149.43333435058594
90416,-92.49723052978516
90528,-165.9893035888672
90592,-171.39730834960938
91328,-171.59933471679688
91424,-180.36953735351562
91728,-149.7310333251953
91760,-148.41539001464844
91808,-158.345458984375
91856,-187.47415161132812
91888,-164.6714324951172
92000,-167.99964904785156
92528,-155.30307006835938
92784,-10.271003723144531
93056,42.26162338256836
93440,-166.1700439453125
93712,-167.88697814941406
93824,-165.54757690429688
93904,-169.7310333251953
93968,-148.47589111328125
93984,-85.77822875976562
94000,-180.12693786621094
94416,-45.3400764465332
94496,-150.75692749023438
94544,-153.46803283691406
94640,-155.69322204589844
95504,-73.43448638916016
95552,-155.9108123779297
95712,0.570270299911499
95936,-147.99964904785156
96016,-139.47415161132812
96080,-154.582763671875
96096,-163.58091735839844
96112,-149.6664276123047
96224,-183.2025604248047
96528,-162.80967712402344
96608,-153.43333435058594
97008,-164.7064208984375
97280,-158.611328125
97664,-159.03150939941406
97824,-146.8079071044922
97888,-169.6664276123047
98048,-163.59043884277344
98192,-162.98919677734375
98352,-65.51522827148438
98480,-205.3979034423828
98720,-145.29684448242188
99120,-170.80967712402344
99200,-154.0084991455078
99296,-132.78787231445312
99376,-43.099998474121094
99440,25.85714340209961
99712,-142.58261108398438
99776,-158.75692749023438
100160,-169.18670654296875
100304,-159.03150939941406
100464,-161.6664276123047
100656,-94.87873840332031
100832,-143.99964904785156
101120,-149.60000610351562
101392,-152.6358184814453
101504,-165.19859313964844
101824,-155.47415161132812
102032,-150.98919677734375
102272,-156.93894958496094
102288,-41.20449447631836
102400,-77.80469512939453
102576,-155.9108123779297
102640,33.870880126953125
103056,-90.19444274902344
103472,-151.50189208984375
103504,13.645174026489258
103936,-176.97708129882812
103968,-55.17692184448242
104368,-179.99932861328125
104400,-156.24285888671875
104512,-155.69322204589844
105168,-165.0937957763672
105344,-150.1700439453125
105568,-166.15615844726562
105936,-137.8979034423828
106064,-128.3909149169922
106080,-146.41168212890625
106080,-66.04964447021484
106256,-135.50794982910156
106304,-84.07975006103516
106464,-163.61817932128906
106496,-170.78305053710938
106640,-67.74946594238281
106768,-152.6714324951172
106800,-177.40306091308594
106896,-147.75466918945312
107120,-135.1908416748047
107168,2.736363649368286
107440,-153.7310333251953
107488,-31.145282745361328
108000,-146.33636474609375
108112,-23.600000381469727
108176,-149.19859313964844
108464,-99.36692810058594
108512,-164.12693786621094
108560,-156.78359985351562
108704,-56.14122009277344
108880,-152.24285888671875
109008,-146.5242462158203
109120,-60.28965377807617
109296,-17.965116500854492
109360,-28.601408004760742
109600,-138.1700439453125
109840,-74.3604965209961
110208,-97.61640167236328
110576,-158.582763671875
110624,-149.43333435058594
110656,-176.45404052734375
110816,-159.99964904785156
110864,-153.0937957763672
110912,-77.28136444091797
110992,-138.2034454345703
111104,-184.6358184814453
111232,-169.27647399902344
111408,-165.6664276123047
111696,-157.16807556152344
111776,-4.318471431732178
112320,-162.24705505371094
112400,-99.11587524414062
112432,-17.742029190063477
112448,-64.7282485961914
112624,-19.52777862548828
112976,-166.41168212890625
113024,-139.25941467285156
113216,-180.5388641357422
113488,42.16375732421875
113536,4.994736671447754
113584,-95.67662048339844
113728,-158.5029296875
113872,1.7545454502105713
113888,-165.50230407714844
113968,-9.641732215881348
114016,-109.5059585571289
114096,6.162962913513184
114400,-153.19859313964844
114528,-163.99932861328125
114736,-159.03150939941406
114896,-31.332624435424805
115104,-22.944164276123047
115200,-42.20000076293945
115328,-182.87107849121094
115600,-174.1700439453125
115632,-165.3937225341797
115648,-153.6664276123047
115696,-57.24406814575195
115968,-157.86593627929688
116208,-158.41168212890625
116256,-77.82394409179688
116368,-19.472463607788086
116512,-148.72412109375
116656,-0.6677824258804321
116912,-144.97708129882812
116912,-64.78823852539062
117008,-168.72500610351562
117216,-154.21075439453125
117280,-99.41712951660156
117760,-163.9108123779297
117792,-169.16807556152344
117808,-61.23564147949219
117808,-153.46803283691406
118080,-151.47415161132812
118320,-149.9960174560547
118624,-159.59043884277344
118848,-33.91935348510742
119296,-168.24285888671875
119312,-152.65374755859375
119632,-184.05892944335938
119840,-155.87547302246094
119872,-147.85665893554688
120736,-171.2025604248047
121216,-81.18563079833984
121232,-137.6664276123047
121424,-33.27910614013672
121488,-157.73548889160156
121728,-169.76109313964844
121744,-140.24285888671875
121776,-156.38153076171875
121808,-173.41934204101562
121952,-163.2535858154297
122288,-85.62059783935547
122432,-128.07272338867188
122544,-159.25941467285156
122720,-164.5548553466797
122816,-23.157875061035156
122864,-63.312347412109375
123072,-160.6923065185547
123312,-147.8000030517578
123328,-165.3584442138672
123536,-139.03150939941406
123600,-155.97341918945312
123744,-86.85223388671875
123776,18.19841194152832
123840,-156.34161376953125
123920,-70.75891876220703
124208,-73.47142791748047
124384,-150.35604858398438
124512,-167.5988006591797
124544,-150.12777709960938
124576,14.386301040649414
124656,-180.1630859375
125264,-71.83158111572266
125408,-164.78359985351562
125440,-151.25941467285156
125584,1.5231660604476929
125648,-153.27647399902344
125856,-146.12777709960938
125952,-103.5924072265625
126256,-42.36666488647461
126304,-22.568016052246094
126496,-155.99964904785156
126688,-159.97341918945312
126768,-138.8079071044922
127008,-70.70818328857422
127552,-165.9960174560547
127760,-121.19859313964844
128048,-147.97021484375
128192,-160.12693786621094
128192,-122.49470520019531
128192,-137.528564453125
128368,-150.35604858398438
128400,-159.50794982910156
128448,-6.411764621734619
128608,-151.03150939941406
128800,-146.582763671875
128912,-152.96218872070312
128960,-72.30457305908203
130064,-149.6664276123047
130160,-172.16091918945312
130240,-44.66478729248047
130304,-162.8079071044922
130512,-153.19859313964844
130720,-136.10000610351562
130880,-72.66666412353516
130896,-83.56083679199219
130912,-149.83474731445312
131024,-148.97708129882812
131072,-158.8079071044922
131312,-169.13168334960938
131728,-168.52880859375
131872,-52.4583625793457
132176,-180.35157775878906
132272,-153.3937225341797
132352,-158.8079071044922
132368,-53.983333587646484
132400,-185.50230407714844
132416,-144.35157775878906
132576,-155.25941467285156
132928,-30.809091567993164
133056,-77.69999694824219
133072,-147.53189086914062
133680,-102.14966583251953
133968,-148.1957550048828
134464,-158.83798217773438
134512,-152.34161376953125
134688,-161.19859313964844
134736,-98.31385803222656
134768,-62.0686149597168
135040,-163.97341918945312
135072,-180.35157775878906
135248,-159.59043884277344
135424,-99.91986846923828
136000,-156.7108154296875
136128,-33.61503601074219
136192,-179.96807861328125
136416,-135.59767150878906
136576,-167.21377563476562
136800,-146.35604858398438
136832,-173.51626586914062
137120,-87.63333129882812
137168,-107.36154174804688
137184,-138.55091857910156
137296,-142.8079071044922
137344,-163.5142822265625
137488,-90.5628662109375
137856,-20.990909576416016
138112,-157.19859313964844
138224,-130.9714813232422
138288,-165.74594116210938
138688,-157.46803283691406
138832,-66.62783813476562
139136,-111.27894592285156
139232,-151.59043884277344
139280,-167.19622802734375
139280,-151.7825469970703
139296,-145.5876007080078
139408,-152.93894958496094
139440,-163.69813537597656
139824,-77.02608489990234
139968,-129.60000610351562
140288,-21.30594825744629
140320,-143.97021484375
140464,-86.35555267333984
140800,-57.30845260620117
140944,-163.55238342285156
141088,-132.6714324951172
141248,-156.90997314453125
141392,-156.12693786621094
141408,-134.75692749023438
141520,-160.34161376953125
141696,-144.24285888671875
142112,-20.028959274291992
142432,-154.5242462158203
143056,-34.972015380859375
143200,-157.19859313964844
143280,-89.5999984741211
143360,-143.47415161132812
143488,-130.86363220214844
143520,-169.18609619140625
143600,-158.1090850830078
143792,-113.50701904296875
143872,-79.59498596191406
144576,-56.640350341796875
145056,-40.85268020629883
145104,-140.96218872070312
145168,-140.96218872070312
145184,-149.45713806152344
145296,-77.88219451904297
145312,-147.48709106445312
145376,-184.43878173828125
145504,-154.2981414794922
145696,-165.73548889160156
145984,-149.63845825195312
146192,-72.12548828125
146384,-160.08990478515625
146512,-30.068483352661133
146656,-165.18609619140625
146704,-155.03150939941406
146880,-67.86666870117188
147168,-152.1630859375
147408,27.037992477416992
147488,-70.9858169555664
147552,-91.96501922607422
147616,-160.48434448242188
147712,-61.378135681152344
147744,-162.35604858398438
148096,-147.0230712890625
148288,-48.51744842529297
148480,-158.78305053710938
148496,-18.422433853149414
148576,-78.53287506103516
148752,-16.89151954650879
148992,-158.41168212890625
149312,-162.38754272460938
149664,-21.31100845336914
149856,-167.86196899414062
149968,-51.95335388183594
150208,-164.34161376953125
150304,-61.65167236328125
150400,-166.35604858398438
150400,-209.3081817626953
150480,-156.72500610351562
150592,-153.19859313964844
150816,-40.768707275390625
150848,-157.51626586914062
150864,-159.25941467285156
151760,-51.266666412353516
152016,-104.6293716430664
152080,-142.582763671875
152416,-156.72412109375
152416,-155.9108123779297
152480,-49.43333435058594
152512,-147.25941467285156
152592,-145.20448303222656
152704,-149.3937225341797
152800,-151.7825469970703
152912,-42.56666564941406
152928,-144.72412109375
153152,-77.17943572998047
153200,-160.86744689941406
153328,-158.8079071044922
153984,-15.672727584838867
154000,-35.72008514404297
154528,-152.13031005859375
154528,-152.34161376953125
154608,-264.1214904785156
154608,-151.74305725097656
154976,-23.693023681640625
155072,-153.0822296142578
155072,-151.2535858154297
155296,-89.49935913085938
155504,-37.77092361450195
155584,11.183164596557617
155600,-77.48448944091797
155616,-94.62791442871094
156368,-5.8228068351745605
156592,-143.09771728515625
156640,-159.04293823242188
156672,-66.5628662109375
156720,-171.7825469970703
156720,-160.1630859375
156912,-198.8582763671875
156928,-142.4565887451172
157008,-153.3000030517578
157184,-146.80967712402344
157600,-164.5894775390625
157664,-58.599998474121094
157696,-144.6714324951172
157712,-162.5029296875
157728,-149.9893035888672
158464,-148.4197235107422
158672,-51.60554122924805
158688,-169.0822296142578
158784,-146.12777709960938
158800,-160.72412109375
158816,-144.38426208496094
159024,-151.03150939941406
159120,-161.19859313964844
159296,-150.5029296875
159488,-144.53564453125
159712,-152.96218872070312
159760,-153.7310333251953
159808,-147.59043884277344
159824,-141.73548889160156
160256,-107.40818786621094
160480,-190.3741912841797
160576,-154.611328125
160800,-168.96218872070312
160896,-169.8142852783203
160912,-142.41168212890625
160928,-147.00909423828125
161328,-116.46044921875
161600,-145.8979034423828
161824,-160.93894958496094
161856,-160.9219512939453
162144,-97.9025650024414
162304,-45.48798751831055
162368,-164.72412109375
162688,-163.2025604248047
162896,-161.43333435058594
162896,-149.9443359375
162960,-55.68770217895508
163008,-150.12777709960938
163344,-79.30557250976562
163440,-146.12777709960938
163968,-137.8979034423828
164016,-83.32791900634766
164464,-155.89938354492188
164528,-62.115684509277344
165120,-65.08940124511719
165120,-142.12777709960938
165136,-36.014286041259766
165456,-163.69322204589844
165728,-47.79999923706055
165808,-147.47415161132812
166144,-73.50992584228516
166624,-170.6571502685547
166832,-148.34161376953125
166976,-31.600000381469727
167120,-167.9108123779297
167232,-147.0230712890625
167248,-149.60000610351562
167568,-154.8787078857422
167760,-258.608154296875
167824,-103.50071716308594
167824,-149.13333129882812
167856,-169.5606231689453
167920,-165.8177947998047
167952,-145.20448303222656
168304,-107.26690673828125
168512,-107.45246124267578
168992,-6.42711877822876
169232,-137.72962951660156
169328,-130.12623596191406
169344,-72.2512435913086
169696,-69.66634368896484
169856,-150.83798217773438
169968,-150.12777709960938
170064,-186.41168212890625
170176,-71.50634765625
170384,-90.37449645996094
170416,-151.2535858154297
170560,-93.88069915771484
170832,-145.80491638183594
171440,-172.38153076171875
171456,-138.58261108398438
171520,-49.20212936401367
171792,-142.83448791503906
171792,-159.03150939941406
171968,-153.80491638183594
172080,-160.7064208984375
172400,-133.5736846923828
172496,-149.8177947998047
173056,-64.13389587402344
173424,-10.625992774963379
173456,-97.64447784423828
173456,-156.35157775878906
173568,-141.80491638183594
173632,-141.46803283691406
173856,-153.3937225341797
173888,-153.0822296142578
173904,-144.48434448242188
173920,-65.06928253173828
174192,-157.63845825195312
174368,-64.54753112792969
174528,-33.929771423339844
174608,-151.2025604248047
174848,-143.30307006835938
174896,-161.6664276123047
175024,-106.56666564941406
175152,-49.19361877441406
175568,-146.5029296875
175968,-142.75692749023438
176032,-172.76666259765625
176144,21.687179565429688
176304,-159.03150939941406
176640,-148.93894958496094
176736,-132.0111083984375
176752,-194.4416046142578
177008,-149.80491638183594
177232,-152.298583984375
177680,-71.4259262084961
178016,18.798099517822266
178096,-146.58261108398438
178144,-137.6072235107422
178624,-203.6526336669922
178640,-138.76426696777344
178672,-76.75384521484375
178896,-79.36331176757812
178912,-134.89739990234375
179136,-86.47509002685547
179344,-129.6664276123047
179504,-157.8021240234375
179984,-121.52433776855469
180128,-151.99964904785156
180416,-140.8408660888672
180528,-219.7211151123047
180752,-173.8142852783203
181008,-151.69322204589844
181024,-151.79730224609375
181248,-161.34495544433594
181456,-134.24705505371094
181792,-152.49090576171875
181904,-155.99964904785156
181968,-35.081817626953125
182000,-267.22222900390625
182080,-152.38426208496094
182240,-149.20448303222656
182288,-155.59043884277344
182640,-158.8079071044922
182720,-147.03150939941406
182848,-7.672727108001709
183120,-143.99964904785156
183136,-140.96218872070312
183264,-187.8979034423828
183808,-101.55033874511719
184192,-172.2176513671875
184352,-143.75466918945312
184400,-132.12693786621094
184400,-74.51639556884766
184480,-98.27674102783203
184688,-140.4197235107422
184752,-161.18609619140625
184944,-144.86293029785156
185072,-141.97540283203125
185424,-110.21666717529297
185552,33.02932357788086
185744,-24.89496421813965
185920,-147.9108123779297
185968,-154.6571502685547
186112,-152.5894775390625
186464,-147.2535858154297
186480,-7.350841522216797
186576,-149.0822296142578
186800,-145.3937225341797
186832,-124.96690368652344
186848,-202.9547119140625
187184,-154.582763671875
187536,-154.1700439453125
187840,-34.28388214111328
187856,-144.13031005859375
187968,171.4426727294922
188080,-151.2535858154297
188272,-93.78571319580078
188416,-141.19859313964844
188592,-153.19859313964844
188688,-146.86422729492188
188896,-150.1731719970703
188912,-162.5029296875
188928,-159.19393920898438
189088,-74.98934936523438
189952,-151.47415161132812
189952,-143.39730834960938
190384,-158.41168212890625
190528,-148.24285888671875
190688,-169.3000030517578
190800,-144.48434448242188
190896,-146.29200744628906
191008,-163.04293823242188
191024,-145.20448303222656
191200,-148.48434448242188
191488,-70.80299377441406
191744,-144.90997314453125
192064,-151.47415161132812
192112,-11.904877662658691
192240,-151.2025604248047
192496,-156.5548553466797
192608,-150.98919677734375
192640,-142.47500610351562
192784,-145.3937225341797
192896,35.154544830322266
192912,-152.5548553466797
193008,-141.43333435058594
193344,-111.16666412353516
193392,-165.99241638183594
194224,-153.6664276123047
194464,-133.5142822265625
194720,-147.50794982910156
194752,-147.00909423828125
194896,-153.19859313964844
195024,-147.47415161132812
195408,-69.84586334228516
195632,-63.681819915771484
195664,-44.36113357543945
196704,-135.09771728515625
196864,-149.43333435058594
197104,-90.53380584716797
197376,-111.60678100585938
197520,-161.60000610351562
197696,-71.04934692382812
197744,-144.34161376953125
197984,-148.5548553466797
198144,-192.1338348388672
198384,-149.80491638183594
198656,-162.6571502685547
198816,-146.75692749023438
198976,-144.40188598632812
199104,-154.78305053710938
199184,-167.38388061523438
199200,-153.86593627929688
199328,-17.64194679260254
199392,-100.59019470214844
199456,-84.72352600097656
199680,-150.75692749023438
200208,-53.33660125732422
200256,-144.93894958496094
200480,-119.65185546875
200768,-132.39956665039062
200912,-170.57675170898438
201088,-144.72412109375
201216,-145.6664276123047
201296,-162.12777709960938
201440,-148.96218872070312
201504,-150.8079071044922
202096,-96.46932220458984
202208,-150.24705505371094
202320,-147.9108123779297
202368,-53.64512634277344
202368,-160.35157775878906
202592,-143.69322204589844
203024,-153.18609619140625
203168,-156.72412109375
203200,-174.5242462158203
203360,-58.21538543701172
203392,14.858781814575195
203408,-163.19393920898438
203440,-144.90997314453125
203552,-132.10000610351562
203616,-165.60000610351562
204160,-71.96666717529297
204192,-75.81246185302734
204320,-129.46803283691406
204416,-31.117218017578125
204432,-137.72962951660156
204800,-53.43333435058594
204912,-72.47543334960938
205056,-134.24705505371094
205136,-149.8979034423828
205280,-168.88705444335938
205312,-146.67343139648438
205472,-18.24210548400879
205520,-139.75466918945312
205552,-148.48434448242188
205648,-147.59933471679688
206304,-153.80491638183594
206320,-44.68888854980469
206432,-147.7825469970703
206544,-11.848484992980957
206640,-150.5755157470703
206864,-2.9526314735412598
206880,-156.1630859375
206992,-104.67096710205078
207024,-151.75466918945312
207344,-6.353846073150635
207360,-14.766666412353516
207488,-5.2552900314331055
207584,-155.2025604248047
207664,-159.2535858154297
207728,-79.4588623046875
207760,-156.90997314453125
207872,-20.790908813476562
208032,-39.72352981567383
208736,-58.14406967163086
208752,-227.8000030517578
208944,-27.977123260498047
208992,-146.86422729492188
209104,-162.0084991455078
209360,-158.21075439453125
209872,-155.75466918945312
209904,-113.56620025634766
210144,-163.59043884277344
210528,-143.5606231689453
210848,-135.85665893554688
210976,-28.727216720581055
211040,-146.41168212890625
211040,-146.83798217773438
211216,-154.5029296875
211248,-161.8142852783203
211472,-144.4027862548828
211792,-151.69322204589844
212016,-153.72962951660156
212080,-50.83333206176758
212144,11.864748001098633
212192,-67.32857513427734
212256,-155.39712524414062
212640,-144.96218872070312
212960,-160.72500610351562
213152,-144.24285888671875
213312,-141.51626586914062
213440,-149.9733123779297
213488,-149.6664276123047
214192,-144.96218872070312
214256,-167.88253784179688
214288,-152.38426208496094
214304,-81.78730010986328
214368,-149.46803283691406
214416,-147.99932861328125
214736,-141.37933349609375
214816,-149.19859313964844
215072,-154.12777709960938
215312,-74.1440658569336
215360,-47.900001525878906
215584,-203.39730834960938
216208,-100.55509948730469
216368,-155.30307006835938
216384,-165.5831298828125
216400,-167.97021484375
217168,-96.8671646118164
217184,-171.25941467285156
217456,28.303390502929688
217472,-142.7409210205078
217536,-144.34161376953125
217536,-183.845458984375
217584,-168.76666259765625
217840,-58.11558532714844
217872,-109.93589782714844
217952,-63.64870071411133
218320,-155.00909423828125
218384,-171.8000030517578
218416,-58.27080154418945
218416,28.225727081298828
218544,8.970503807067871
218912,-7.354929447174072
218960,-74.53843688964844
219088,-149.43333435058594
219536,-146.69818115234375
219536,-46.261539459228516
219648,-151.39712524414062
219952,-138.8079071044922
220240,-117.02107238769531
220368,-92.73226165771484
220432,-161.8177947998047
220512,-165.54757690429688
220528,-148.48434448242188
220656,-147.50794982910156
220752,-71.54117584228516
220928,-155.69322204589844
221008,-155.59933471679688
221248,-85.05393981933594
221296,-1.0179855823516846
221632,8.075090408325195
221648,-147.0230712890625
221680,6.890476226806641
221808,-162.582763671875
222016,-165.90533447265625
222064,-166.90968322753906
222624,-149.19859313964844
222768,-166.8079071044922
222848,-163.8000030517578
223024,-165.73548889160156
223120,-146.80967712402344
223408,-152.48434448242188
223488,-121.44102478027344
223760,-98.38275909423828
223776,-143.99932861328125
223872,-150.4565887451172
223920,-142.75692749023438
223920,32.907222747802734
224096,-154.6714324951172
224112,-49.067832946777344
224128,-143.58091735839844
224176,-146.0084991455078
224448,-9.348226547241211
224720,-132.9635772705078
224832,-24.592308044433594
224880,-159.59043884277344
224896,-137.46153259277344
225600,-161.8177947998047
225648,-78.13389587402344
226032,-156.5548553466797
226208,-148.12693786621094
226224,-112.40188598632812
226272,-88.16301727294922
226912,-159.00909423828125
227136,-79.24172973632812
227200,2.7206478118896484
227712,-159.75466918945312
227760,-162.582763671875
228272,-145.20448303222656
228304,-153.25454711914062
228352,-147.97341918945312
228352,-137.72962951660156
228768,-22.8020076751709
229024,-142.611328125
229248,-141.19859313964844
229312,-146.41168212890625
229408,-140.6714324951172
229824,-144.12693786621094
229872,-143.47415161132812
230208,-153.8979034423828
230464,-143.9108123779297
230496,-155.69322204589844
230576,-129.5142822265625
231072,-113.92784881591797
231200,-12.105574607849121
231216,-157.80491638183594
231232,-48.16216278076172
231424,-148.24285888671875
231520,-140.4027862548828
231744,-90.52188873291016
231936,-156.48434448242188
232224,-99.12452697753906
232320,-66.23793029785156
232528,-149.8979034423828
233152,-141.46803283691406
233184,-170.5242462158203
233328,-157.18609619140625
233344,-165.80491638183594
233840,-163.59933471679688
234336,-147.00909423828125
234432,-161.43333435058594
234560,-147.74305725097656
234624,-109.30622863769531
234720,-109.55740356445312
234880,-150.0135955810547
235040,-144.1957550048828
235152,-153.73548889160156
235296,-154.0084991455078
235376,-155.47415161132812
235440,-135.75466918945312
235536,-79.00646209716797
235952,-163.03150939941406
236544,-167.2025604248047
236608,-52.843143463134766
236640,-98.70594787597656
236672,-159.50794982910156
236816,-151.19393920898438
236928,-147.97021484375
237488,-27.366403579711914
237488,-157.43333435058594
237616,-27.395130157470703
237648,-143.75466918945312
237680,-69.3363037109375
238656,-151.03150939941406
238720,-130.12777709960938
238896,-134.7700653076172
238928,-153.6664276123047
239088,-2.901960849761963
239120,-79.57376098632812
239600,-153.6664276123047
239600,-169.19859313964844
239760,-150.12777709960938
239792,-157.20448303222656
239888,-25.56350326538086
239920,-137.9893035888672
240368,-83.4648666381836
240768,-150.69818115234375
240832,-141.60000610351562
240896,18.429962158203125
240976,-5.2308244705200195
241008,-138.4565887451172
241200,-163.3428497314453
241312,-70.43875885009766
241760,3.9160306453704834
241840,-157.0937957763672
241872,-145.9893035888672
242000,-158.80967712402344
242096,11.278745651245117
242208,-5.383018970489502
242880,-152.5548553466797
242912,-15.749669075012207
243152,-157.0937957763672
243312,-131.59274291992188
243408,-128.1126708984375
243824,-82.36006164550781
243936,-151.61817932128906
244064,-158.69818115234375
244112,-161.0937957763672
244208,-73.27796936035156
244208,-149.29684448242188
244576,-127.9791030883789
244592,-170.1731719970703
244928,-30.529512405395508
245056,-174.582763671875
245520,-157.60000610351562
245920,-139.00909423828125
246048,-173.80491638183594
246304,-160.97647094726562
246432,-83.04621124267578
246704,-75.16588592529297
247168,-151.30307006835938
247424,-156.9219512939453
247424,26.515384674072266
247632,-144.97708129882812
248160,-146.0084991455078
248224,-154.5029296875
248816,-124.48434448242188
249072,-121.27700805664062
249152,-154.87107849121094
249424,-163.88804626464844
249536,-132.97708129882812
249536,-146.35604858398438
249920,-204.7578125
250336,-164.12693786621094
250384,-147.2535858154297
250416,-67.1814956665039
250816,-248.1711883544922
250816,143.46743774414062
250928,-142.14999389648438
251248,-163.5500030517578
251648,-155.75466918945312
252288,10.63875961303711
252288,-98.9635009765625
252784,-92.0177230834961
252928,-149.18609619140625
252928,-157.45802307128906
253088,-83.9210205078125
253408,-54.468292236328125
253504,-152.12693786621094
253520,-70.26040649414062
253632,-66.24347686767578
253760,-155.00909423828125
253856,-163.9268035888672
254096,-29.50594711303711
254336,-158.47515869140625
254480,-153.46803283691406
254608,-148.96218872070312
254816,-137.9443359375
255040,-166.12777709960938
255472,-140.13082885742188
255616,-56.13383483886719
255648,-124.72411346435547
255776,-91.9498062133789
255856,-184.3919219970703
255872,-175.55238342285156
255952,-157.3000030517578
256016,-32.973358154296875
256320,-35.59104537963867
256368,-139.26219177246094
256400,-95.9208755493164
256448,-148.05279541015625
256496,-74.23191833496094
256576,-77.81533813476562
256592,-150.8079071044922
256704,-153.3584442138672
256736,1.4909090995788574
256784,-29.311111450195312
257248,-84.9064712524414
257600,-36.03186798095703
257728,13.246808052062988
257968,-164.64210510253906
258352,-120.29814147949219
258592,-64.62806701660156
258608,-159.47415161132812
258736,-74.7151107788086
258832,-136.46803283691406
258880,-143.5142822265625
258912,-40.429412841796875
258928,-91.4123306274414
258960,-101.3523178100586
259712,-157.6664276123047
259728,-125.04891204833984
259840,-164.34161376953125
259872,-136.96218872070312
260464,-151.39712524414062
260544,-149.9893035888672
260704,-169.27647399902344
260720,-161.18609619140625
260816,-158.8079071044922
260944,-161.8177947998047
260992,-160.40188598632812
261024,-162.5029296875
261040,-142.35604858398438
261504,13.702766418457031
261616,1.8666666746139526
261824,-143.0067596435547
262400,-103.80690002441406
262928,-152.76666259765625
263056,-93.97232055664062
263056,-155.2025604248047
263280,-70.22949981689453
263456,-146.28143310546875
263600,-158.22857666015625
263936,-146.41168212890625
264256,-93.2865219116211
264272,-43.36204528808594
264512,-141.3937225341797
264960,-27.52857208251953
265040,-148.76666259765625
265168,-135.00909423828125
265200,-153.3000030517578
265328,-71.18943786621094
265344,8.310104370117188
265456,-90.57777404785156
265552,-153.1112060546875
265712,-137.20448303222656
265840,-137.88125610351562
266048,-65.31111145019531
266384,-139.25941467285156
266448,-2.5881354808807373
266464,-29.987625122070312
266560,-34.74319076538086
266688,-74.2576675415039
266880,-160.86744689941406
267072,-173.9960174560547
267360,-142.12777709960938
267440,-155.2535858154297
267520,-32.29433822631836
267584,19.80034828186035
268160,-102.27985382080078
268784,-161.74594116210938
269456,-153.3000030517578
269552,-155.9108123779297
269616,-147.57351684570312
269648,-99.03877258300781
269696,-140.93333435058594
269888,-146.5029296875
269936,-145.9893035888672
270240,-148.6714324951172
270272,-141.18609619140625
270784,-148.34161376953125
270960,-33.8661003112793
271136,-85.48644256591797
271504,-151.2535858154297
271568,-140.12693786621094
271760,-153.18609619140625
271808,-149.18609619140625
271856,10.066666603088379
271904,-86.35387420654297
272208,-151.03150939941406
272288,-60.44401168823242
272576,-6.004724502563477
273088,-137.9547119140625
273088,-137.0447998046875
273344,-59.309635162353516
273584,-138.3019256591797
273872,-150.3492431640625
273904,-59.1363639831543
274160,-5.871428489685059
274320,-150.5242462158203
274496,-142.4565887451172
275184,-152.24285888671875
275200,-158.41168212890625
275456,-148.96218872070312
275616,-123.28607940673828
276016,-148.12693786621094
276032,-157.18609619140625
276064,-88.58785247802734
276128,4.830677509307861
276272,-139.00909423828125
276416,-169.63845825195312
276416,-165.16807556152344
276464,-154.98919677734375
276736,-96.39273834228516
276816,-69.9700698852539
277136,-155.39712524414062
277296,-150.611328125
277728,-161.0937957763672
278368,-61.30526351928711
278384,-143.69322204589844
278432,-150.21075439453125
278528,-148.93894958496094
278704,-151.30307006835938
278848,-142.41168212890625
278912,-146.1065673828125
279568,-83.9130859375
279680,-162.611328125
279760,7.39353609085083
280416,-34.47142791748047
280480,-153.9893035888672
280544,-166.21075439453125
280560,-45.20388412475586
280624,-168.39405822753906
280624,-134.1700439453125
280960,-154.41168212890625
281024,-189.1960906982422
281312,-71.94659423828125
281504,-50.13333511352539
281792,-154.5242462158203
281872,-149.19859313964844
282272,-92.91950988769531
282464,-143.00909423828125
282512,-145.3000030517578
282592,-161.18609619140625
282672,-147.69322204589844
282736,-150.80967712402344
282768,-83.5270767211914
283072,-166.582763671875
283104,-149.9077911376953
283600,-163.97021484375
283904,13.210380554199219
283904,-148.76666259765625
283968,-113.6712417602539
284704,-148.97708129882812
284720,-195.4982452392578
284768,-150.80967712402344
284784,-151.50794982910156
284832,-102.0433120727539
284880,-163.0067596435547
285200,-159.9268035888672
285296,-158.41168212890625
285696,-155.74305725097656
285856,-80.80000305175781
285984,-52.44822692871094
286016,-143.0067596435547
286080,-158.5029296875
286544,-319.9090881347656
286736,-140.24285888671875
286816,-174.15615844726562
286928,-150.8079071044922
286944,-158.24705505371094
287120,-111.96438598632812
287152,-77.81187438964844
288016,-24.527982711791992
288144,-68.97086334228516
288192,-168.12693786621094
288368,-84.1754379272461
288384,-59.64444351196289
288464,-144.1957550048828
288608,-150.58261108398438
288656,-163.69322204589844
288928,-148.72500610351562
289040,-154.5242462158203
289072,-82.31314086914062
289216,-156.5894775390625
289424,-159.2535858154297
289760,-63.652381896972656
290064,-63.217647552490234
290128,-42.731170654296875
290128,-161.6664276123047
290224,-107.6611099243164
290240,-153.3000030517578
290240,-91.02237701416016
290288,-141.62353515625
290480,-165.9443359375
291008,-155.0067596435547
291152,-139.25941467285156
291312,1.5507042407989502
291344,-1.5208632946014404
291360,-155.00909423828125
291408,-82.8694839477539
291872,-153.9893035888672
292080,-237.4226837158203
292240,-143.03150939941406
292336,-150.58261108398438
292352,-156.48434448242188
292352,-18.50613021850586
292464,-157.2986297607422
292752,-85.67943572998047
292768,-103.8664321899414
292912,-80.78789520263672
293120,-157.9960174560547
293136,-155.28387451171875
293280,-22.715068817138672
293456,-146.5749969482422
293472,-166.57887268066406
293520,-146.5242462158203
293824,-133.15634155273438
293856,0.1428571492433548
293968,-157.62353515625
294304,-90.55091857910156
294352,-148.35157775878906
294448,-157.8979034423828
294752,-58.266666412353516
294864,-158.35604858398438
294944,8.017241477966309
295024,-140.34161376953125
295232,-150.5755157470703
295232,-144.76666259765625
295392,-169.08590698242188
295584,-141.6664276123047
295840,-84.26042938232422
295952,-144.39405822753906
296400,-165.16807556152344
296544,-170.6571502685547
296560,-101.98260498046875
296800,-87.20970153808594
296976,-166.3492431640625
297312,-78.2491226196289
297344,-147.99964904785156
297696,-84.0729751586914
297872,11.199999809265137
297920,-176.41810607910156
297952,-158.12777709960938
298128,-80.79608917236328
298400,-57.2779655456543
298672,-183.1109161376953
299088,-145.8979034423828
299456,-153.8979034423828
299552,-135.00909423828125
299696,-96.18302154541016
299984,-173.9812469482422
300016,-91.70952606201172
300336,-154.81805419921875
300496,-105.06315612792969
300768,-140.72412109375
300784,-150.80967712402344
301184,-150.38754272460938
301552,-77.03883361816406
301648,-156.1957550048828
302080,-104.97653198242188
302128,-136.13389587402344
302144,-160.78359985351562
302448,-146.80967712402344
302608,-148.96218872070312
302656,-181.58892822265625
302672,-19.711950302124023
302816,-88.84484100341797
303184,-147.99964904785156
303296,-127.2594223022461
303344,-143.8000030517578
303904,-142.1065673828125
304032,-89.25588989257812
304208,-141.9893035888672
304224,-145.37933349609375
304256,-175.69322204589844
304464,-48.363502502441406
304544,-30.85348892211914
304720,-148.12693786621094
304768,-153.20448303222656
305168,-65.5005874633789
305168,-42.635581970214844
305296,-172.5388641357422
305296,14.736363410949707
305488,-155.39712524414062
306000,-146.36654663085938
306096,-154.5755157470703
306576,-168.5388641357422
306656,-165.80491638183594
306880,-132.10000610351562
307072,-2.2140350341796875
307264,-150.6571502685547
307280,-137.19859313964844
307456,-17.218643188476562
307600,-169.60000610351562
307648,-250.90509033203125
307712,-181.69610595703125
308016,-141.18609619140625
308416,-26.508045196533203
308768,-153.80491638183594
308928,-84.42599487304688
309200,-183.8804168701172
309376,-155.0067596435547
309392,-155.9108123779297
309520,-144.93894958496094
309552,-148.97647094726562
309760,-161.3937225341797
309840,-66.75733947753906
310080,-65.45753479003906
310128,-148.48434448242188
310208,-49.528812408447266
310336,-203.57872009277344
310448,-54.8411750793457
310528,-168.34161376953125
310528,-41.197296142578125
310864,-163.32186889648438
311024,-153.16807556152344
311056,-164.12693786621094
311248,-70.9237289428711
311504,-147.58091735839844
311616,-148.12693786621094
311664,-154.8787078857422
311824,-143.47415161132812
311920,-72.34285736083984
312192,-152.96218872070312
312320,-135.00909423828125
312640,-140.34161376953125
312720,-9.787096977233887
312864,-89.21124267578125
313088,-41.09016418457031
313104,-51.746620178222656
313616,-165.19859313964844
313664,-83.80000305175781
313776,-139.50794982910156
314144,-87.83333587646484
314336,-109.95237731933594
314576,-139.47415161132812
314720,-93.76588439941406
314928,-80.81275939941406
314976,-140.01080322265625
314992,-135.66653442382812
315072,-148.78359985351562
315200,-148.39405822753906
315200,-159.25941467285156
315776,-132.93333435058594
315888,-151.69322204589844
316240,-158.10769653320312
316368,-81.36190795898438
316432,-143.97341918945312
316448,-142.5029296875
316832,-145.5580291748047
316880,-103.79729461669922
317040,-154.5029296875
317104,-146.24705505371094
317168,-149.7310333251953
317296,-148.19735717773438
317440,-1.1489932537078857
317888,-148.48434448242188
318560,-152.96218872070312
318944,-153.63845825195312
318976,-125.57142639160156
318992,-141.6664276123047
319136,-153.41934204101562
319200,-174.80967712402344
319200,-152.1957550048828
319264,-166.38754272460938
319632,-141.79629516601562
320096,-221.56358337402344
320224,-10.978626251220703
320416,-56.76030349731445
320624,-29.645801544189453
320640,-82.22222137451172
320800,-48.429412841796875
320944,-87.96501922607422
321232,-161.3584442138672
321312,-143.85665893554688
321696,-137.46803283691406
322208,-155.2535858154297
322320,-160.39405822753906
322768,-87.25794982910156
322912,-134.8079071044922
322928,-140.48434448242188
322992,-85.04830169677734
323024,-184.2860870361328
323424,-180.86744689941406
323568,-145.8177947998047
323808,-152.35157775878906
324288,-147.38357543945312
324432,-147.7825469970703
324800,-19.794872283935547
324992,-152.72500610351562
325024,-146.1065673828125
325376,-163.75466918945312
325440,-139.88006591796875
325536,-152.93894958496094
325920,-162.5242462158203
325936,2.6744680404663086
326288,-100.95744323730469
326400,-145.19859313964844
326496,-22.272186279296875
326528,-137.9692840576172
326800,-146.32791137695312
326912,-153.3937225341797
327072,-68.0111083984375
327136,-150.3492431640625
327376,-144.64210510253906
327488,-47.99965286254883
327856,-91.77129364013672
327888,-69.233642578125
327936,-131.26309204101562
328048,-173.63845825195312
328496,-41.63210678100586
328704,33.93426513671875
328816,-68.94285583496094
328912,-143.75466918945312
329088,-17.12949562072754
329184,4.978504657745361
329216,23.344877243041992
329296,-125.19731903076172
329488,-152.72500610351562
329600,-42.20000076293945
329600,13.294736862182617
329968,-157.18609619140625
330032,-112.88854217529297
330048,-147.2535858154297
330224,-71.61467742919922
330720,-150.81805419921875
330800,-153.37933349609375
330816,-28.05714225769043
330848,-93.84415435791016
330944,-84.19937133789062
331008,-28.353872299194336
331328,-139.30307006835938
331408,-154.1731719970703
331760,-82.94732666015625
331888,-7.647457599639893
331968,-35.197296142578125
332128,-159.74305725097656
332416,-77.71077728271484
332528,-75.72352600097656
332832,-151.0067596435547
332960,-135.85665893554688
333104,-161.92218017578125
333520,-159.2025604248047
333600,-140.05384826660156
333824,-151.03150939941406
333840,-27.244840621948242
333872,-137.88125610351562
334288,-131.03521728515625
334560,-19.11588478088379
334560,-75.09337615966797
334768,-43.68620681762695
335072,-143.97341918945312
335216,-142.75692749023438
335888,-99.25714111328125
335952,-153.43333435058594
336064,-154.38754272460938
336112,-163.72018432617188
336192,-84.06885528564453
336224,-159.0067596435547
336400,-155.99964904785156
336656,-161.0822296142578
336656,-145.37933349609375
337312,-148.6358184814453
337424,-79.45454406738281
337728,-79.30000305175781
337936,-135.25941467285156
338032,-160.24285888671875
338064,-153.0937957763672
338304,-134.24705505371094
338304,-149.3937225341797
338768,-153.0937957763672
339072,-141.8979034423828
339232,-64.25714111328125
339264,-87.35151672363281
339616,-32.118587493896484
339840,-166.41168212890625
339856,-149.80491638183594
339952,-58.51408386230469
340048,-142.1700439453125
340112,6.097628593444824
340176,-142.611328125
340208,-145.60000610351562
340224,-162.98919677734375
340336,-160.76666259765625
340528,7.081250190734863
340992,-9.45660400390625
341104,-53.30967712402344
341344,-155.03150939941406
341648,-136.72412109375
341728,-144.12693786621094
341808,-70.83792877197266
342224,-138.5029296875
342240,-141.43333435058594
342336,-163.7825469970703
342448,-146.87107849121094
343216,-148.6714324951172
343232,-103.75471496582031
343328,-165.99478149414062
343456,-163.21377563476562
343760,-141.72962951660156
344128,-91.02237701416016
344256,-157.9077911376953
344352,-164.1630859375
344432,-160.12693786621094
344528,-99.36227416992188
344560,-159.03150939941406
344624,-114.56588745117188
344864,6.717880725860596
345072,-47.62089538574219
345312,-150.5755157470703
345440,-154.87107849121094
345744,-113.2741928100586
345888,-24.100000381469727
346176,-141.20448303222656
346352,-31.52092933654785
346448,3.0420234203338623
346544,-160.12693786621094
346640,-135.9312286376953
346720,-183.25714111328125
347184,-142.35604858398438
347200,-155.69322204589844
347296,-146.3019256591797
347424,-159.03150939941406
347488,-38.7661018371582
347632,-54.75362777709961
347792,-117.89602661132812
348000,-155.47415161132812
348528,-151.34881591796875
348816,-155.99932861328125
349152,-149.0822296142578
349296,-152.24285888671875
349344,-97.27201080322266
349344,-236.34036254882812
349520,-30.711679458618164
349536,-149.46803283691406
349584,-153.3000030517578
349648,-151.58143615722656
349904,-139.75466918945312
349984,-64.58484649658203
350144,-164.53256225585938
350240,-41.243282318115234
350288,-59.198246002197266
350928,-152.93894958496094
351184,-150.5029296875
351264,-159.39712524414062
351856,-112.84754180908203
352096,-147.55238342285156
352272,-162.735595703125
352816,-148.72412109375
352848,-142.8079071044922
352912,-149.72962951660156
353280,-148.78359985351562
353376,-149.0937957763672
353568,-148.90997314453125
353968,-144.48434448242188
354208,-162.582763671875
354336,-149.43333435058594
354368,-143.03150939941406
354960,-151.99964904785156
354992,-47.280757904052734
355152,-12.757976531982422
355200,-104.75588989257812
355216,-74.26040649414062
355552,-58.25714111328125
355680,-80.15177154541016
355680,-142.35604858398438
355872,-163.88697814941406
356032,1.3706485033035278
356320,-157.63845825195312
356432,-155.19622802734375
356576,-145.72962951660156
356720,-79.94029998779297
357024,-153.3937225341797
357232,-4.1549296379089355
357584,-68.0798568725586
357776,-159.74305725097656
357856,-180.44923400878906
358432,-145.43333435058594
358608,-139.1769256591797
358688,-155.0230712890625
358832,-2.6314878463745117
359088,-131.3885498046875
359376,-136.48434448242188
359424,-152.24285888671875
359632,-127.40969848632812
359936,31.33895492553711
359968,-151.7825469970703
360080,-149.86593627929688
360112,-39.97096633911133
360784,-72.39016723632812
360944,-150.5029296875
360944,-52.65846633911133
360992,-13.34659481048584
361136,-122.5413818359375
361408,-159.75466918945312
361488,-153.63845825195312
361712,-104.2099609375
361744,-161.6664276123047
362400,-195.001708984375
362512,-51.86106872558594
362880,-150.78305053710938
362896,-147.39712524414062
362928,-69.26507568359375
363232,-160.86293029785156
363344,-146.0084991455078
363392,-52.109092712402344
363520,-155.03150939941406
363920,-71.55653381347656
363952,-32.576534271240234
364000,10.332846641540527
364512,-169.298583984375
364624,-170.1731719970703
364624,-24.172317504882812
365040,-127.25358581542969
365136,-147.74305725097656
365280,-109.23204803466797
365328,-145.3584442138672
365344,-144.72500610351562
365440,-161.0822296142578
365504,-144.93894958496094
365616,-147.89938354492188
366096,-145.62353515625
366224,-5.364102363586426
366304,-22.16771697998047
366464,26.027240753173828
366624,-147.72018432617188
366720,-154.6571502685547
366800,-1.441176414489746
367008,-162.582763671875
367536,-109.70635986328125
367552,-154.611328125
367568,-68.18571472167969
367728,-154.611328125
368160,-133.20448303222656
368528,-62.04833984375
368528,-166.75692749023438
368848,-149.3937225341797
369040,142.10000610351562
369104,-91.77872467041016
369120,-137.72962951660156
369248,-158.1731719970703
369648,-153.43333435058594
369664,-145.51626586914062
369712,-31.178787231445312
370512,-154.10769653320312
370592,-204.2099609375
370624,-174.83798217773438
370736,-109.22579193115234
370768,8.612957000732422
370832,-144.97647094726562
370832,-208.56219482421875
370960,-160.5388641357422
371200,-144.1957550048828
371216,-156.97647094726562
371760,-133.51626586914062
371808,-148.64210510253906
372064,11.594118118286133
372192,-152.78359985351562
372736,-136.72412109375
372832,-153.08876037597656
372928,-155.32186889648438
372976,-60.59884262084961
373312,-143.85665893554688
373328,-141.43333435058594
373872,-149.63845825195312
373904,-147.99932861328125
373920,-148.5548553466797
373984,-55.563636779785156
374064,-80.99273681640625
374176,-149.6664276123047
374304,-150.21075439453125
374848,-141.19859313964844
374976,-136.14276123046875
375056,-162.87107849121094
375088,-151.0067596435547
375184,-99.75
375232,-103.00689697265625
375792,-154.5029296875
375968,-151.5142822265625
376032,-144.96218872070312
376176,-151.25941467285156
376560,-81.3495101928711
376960,-154.41168212890625
377104,-144.12693786621094
377200,-143.03150939941406
377296,-152.34161376953125
377344,-156.97708129882812
377536,-56.01578903198242
378080,-166.0084991455078
378112,-162.35604858398438
378272,-136.5852813720703
378704,-116.83158111572266
378912,-142.0410614013672
379184,-143.8000030517578
379456,-139.9108123779297
379536,-72.52352905273438
379600,-116.51721954345703
379648,-150.8079071044922
379680,-45.75918197631836
379792,-58.205265045166016
380000,-161.16807556152344
380192,-167.46841430664062
380320,-142.5
380368,-147.60794067382812
380384,-145.43333435058594
381024,-136.96218872070312
381280,-152.78359985351562
381904,-150.8079071044922
382112,-155.25941467285156
382368,-149.18609619140625
382432,-159.69322204589844
382480,-138.39999389648438
382480,-160.07586669921875
382480,-139.50794982910156
383456,-57.43156051635742
383872,-143.1769256591797
383936,-238.14981079101562
384016,-163.03150939941406
384048,-148.86293029785156
384208,-143.7825469970703
384224,-146.80967712402344
384400,-158.98919677734375
384480,-150.12777709960938
384480,-64.6937026977539
384544,-156.5388641357422
384592,-147.00909423828125
385040,-28.808107376098633
385056,-150.12777709960938
385248,-147.47415161132812
385280,-145.63845825195312
386048,-138.24705505371094
386128,-159.59043884277344
386288,-156.41539001464844
386336,-148.5548553466797
386592,-139.69322204589844
386656,-147.30307006835938
386672,-177.08876037597656
386816,-131.06219482421875
386864,-91.52294921875
387024,-72.07142639160156
387152,-163.69322204589844
387168,-148.97708129882812
387360,-130.4565887451172
387376,-146.10769653320312
387840,24.796688079833984
388048,-77.5911865234375
388160,-128.10000610351562
388208,21.559419631958008
388384,-88.71111297607422
388704,-139.75466918945312
388864,-156.19296264648438
388928,-139.47415161132812
388976,-145.0937957763672
389040,-149.7606201171875
389424,-74.5210189819336
390144,-23.237751007080078
390320,-142.75692749023438
390496,-144.48434448242188
390528,-32.98947525024414
390816,-48.39729690551758
390928,-87.0923080444336
391088,-147.25941467285156
391280,-152.38426208496094
391312,-39.61929702758789
391360,-137.9893035888672
391680,-49.553531646728516
392080,-168.2621612548828
392144,-28.68143653869629
392224,19.918182373046875
392464,-33.077613830566406
392608,-22.57862663269043
392640,-145.63845825195312
392784,16.092958450317383
392992,-163.0067596435547
393136,-58.483882904052734
393392,-154.12777709960938
393408,-147.59933471679688
393440,-148.2269287109375
393552,-73.13352966308594
393808,-139.50259399414062
394576,-143.2535858154297
394864,-136.4075469970703
395216,-146.24705505371094
395328,-103.22491455078125
395424,-52.096595764160156
395504,-155.99932861328125
395552,-158.41168212890625
396496,-158.80967712402344
396672,-156.5388641357422
396672,-153.3584442138672
396832,-153.0937957763672
396960,-156.95254516601562
397472,13.974172592163086
397648,-91.38969421386719
397664,-79.87154388427734
397712,-148.77777099609375
397984,-153.3937225341797
398336,-171.98281860351562
398528,-23.332624435424805
399104,-33.88779067993164
399408,-136.93894958496094
399584,-149.8979034423828
399760,-149.3937225341797
399760,-149.60000610351562
399808,-81.78311920166016
399824,-154.80967712402344
400000,-74.55732727050781
400096,-146.24705505371094
400448,-160.90997314453125
400624,-171.72523498535156
400704,-140.08685302734375
401184,-154.72921752929688
401456,31.240251541137695
401872,-164.05279541015625
401936,-153.46803283691406
401984,-101.49252319335938
402112,-142.611328125
402272,-155.00909423828125
403088,-56.36190414428711
403328,-159.75466918945312
403456,-154.582763671875
403552,-161.0957794189453
403648,-67.41798400878906
403984,-152.90997314453125
404096,-129.77769470214844
404256,-141.47296142578125
404352,-139.75466918945312
404384,-146.41168212890625
404576,4.993548393249512
404912,-163.5500030517578
404928,-156.38426208496094
404928,-30.24210548400879
405072,-27.326995849609375
405200,-144.24285888671875
405568,-139.47415161132812
405648,-22.115068435668945
405808,-167.86062622070312
406096,-145.9893035888672
406192,-42.36227798461914
406352,-156.78359985351562
406464,-149.80491638183594
406496,-134.75692749023438
407024,-141.72962951660156
407040,-163.47415161132812
407184,-158.5242462158203
407200,-77.09274291992188
407552,-153.19859313964844
407664,-153.9077911376953
407872,-144.97708129882812
407984,-59.738887786865234
408128,-71.27214813232422
408208,-157.6664276123047
408464,-147.50794982910156
408528,-156.05279541015625
408608,-151.72018432617188
409152,-145.80491638183594
409296,-132.40188598632812
409776,-179.39712524414062
410032,-129.80491638183594
410144,-118.61572265625
410304,-160.5894775390625
410784,-168.7064208984375
411040,-67.55762481689453
411232,-160.37142944335938
411264,-144.76666259765625
411296,-28.804658889770508
411360,-100.17201232910156
411424,-135.75466918945312
411888,-163.03150939941406
412144,-135.75466918945312
412256,-142.41168212890625
412288,-8.961653709411621
412304,-158.21075439453125
412464,-161.6587371826172
412752,-135.75466918945312
413152,-147.39712524414062
413184,-80.54285430908203
413344,-146.4565887451172
413408,-155.69322204589844
413680,-151.9108123779297
414000,-145.46803283691406
414304,-152.24285888671875
414384,-149.86593627929688
414560,-18.848299026489258
414784,-48.489620208740234
415296,-151.2535858154297
415312,5.022580623626709
415408,-68.50338745117188
415440,-153.54757690429688
415520,-151.58091735839844
415664,-57.43708419799805
416320,-49.99177932739258
416448,-62.88187789916992
416464,-172.07244873046875
416496,-167.75466918945312
416640,-146.35157775878906
416672,-160.76666259765625
416896,-152.48434448242188
416960,-155.69322204589844
417408,-149.73548889160156
417488,-51.14373016357422
417520,-1.2855595350265503
417552,-151.69322204589844
417616,-142.36654663085938
418144,-74.72958374023438
418368,-75.32682800292969
418432,-123.01519012451172
418432,-154.8079071044922
418832,-126.13888549804688
419520,-151.03150939941406
419568,-93.76885223388672
419968,-57.69091033935547
420256,-132.6714324951172
420464,-159.19393920898438
420496,-51.4636344909668
420544,-157.6587371826172
420672,-71.88787841796875
420864,-156.90997314453125
420912,-77.6096420288086
420944,-146.4565887451172
421408,-90.28860473632812
421424,-63.900001525878906
421632,-159.0067596435547
421696,-33.33943557739258
421744,-133.29684448242188
421840,-155.75466918945312
421856,-39.3551025390625
421904,-146.5029296875
422064,-150.98919677734375
422272,-61.438377380371094
422368,-140.7031707763672
422560,-155.72523498535156
422608,-150.8079071044922
422720,-152.1630859375
423024,-151.55238342285156
423056,-148.13031005859375
423536,-145.19859313964844
423760,-26.65294075012207
423952,-155.7825469970703
424384,-146.75692749023438
424880,-33.25031661987305
424992,-63.5576286315918
425136,-157.3937225341797
425152,-149.92218017578125
425632,-146.0084991455078
425648,-176.18743896484375
425696,-139.9108123779297
425776,-17.516948699951172
425792,-118.92996978759766
426048,-141.3937225341797
426064,-148.96218872070312
426208,-78.42816925048828
426288,-140.12693786621094
426592,-149.8177947998047
426992,-144.10000610351562
427104,-149.20448303222656
427120,-34.44210433959961
427152,-69.4661865234375
427264,-191.21377563476562
427312,-143.47415161132812
427904,-153.6587371826172
428144,-67.78205108642578
428320,-176.34161376953125
428384,-158.98919677734375
428496,-143.16488647460938
428560,-62.78481674194336
429344,-154.22857666015625
429456,-154.0084991455078
429472,-55.336978912353516
429648,-12.155555725097656
429728,-168.71029663085938
429856,-128.1957550048828
430000,-163.2025604248047
430016,-148.5548553466797
430272,-147.00909423828125
430496,-129.92791748046875
430672,-147.2025604248047
430736,-29.433101654052734
431136,-64.9369888305664
431376,-142.0084991455078
431456,-138.90789794921875
431488,-162.87107849121094
431568,-142.582763671875
431584,-151.0067596435547
431744,-156.38426208496094
431968,-159.00909423828125
432112,-154.8079071044922
432112,-54.957401275634766
432112,-181.60848999023438
432368,-155.97021484375
432592,-138.81805419921875
432784,-146.75692749023438
432832,-141.0822296142578
432944,-33.46207046508789
433152,-15.061832427978516
433232,-155.2025604248047
433424,-22.618919372558594
433488,-141.9893035888672
433504,-58.27295684814453
433600,-148.96218872070312
434016,25.1130428314209
434208,-154.78305053710938
434224,-151.2025604248047
434272,-3.2752065658569336
434384,-53.13333511352539
434416,-147.0230712890625
434880,-157.37747192382812
434944,-148.93894958496094
435072,-95.27767181396484
435536,-131.1769256591797
435600,-151.59933471679688
435792,-145.18609619140625
435888,-7.087265968322754
436128,-133.9893035888672
436320,-142.24705505371094
436336,-149.9960174560547
436480,-148.19735717773438
436592,-149.19859313964844
436640,-16.81317901611328
436704,-49.43333435058594
437184,-147.99964904785156
437360,-15.841935157775879
437888,-169.08876037597656
438064,-157.3000030517578
438448,-147.48709106445312
438496,-147.78338623046875
438528,-156.35157775878906
438704,-149.19859313964844
438816,-152.5388641357422
439456,-155.09771728515625
439488,-163.0067596435547
439712,-0.7919540405273438
439792,17.544170379638672
439824,-147.50794982910156
439968,-26.664939880371094
439984,-149.16807556152344
440016,-107.63389587402344
440112,-175.75840759277344
440176,-140.24285888671875
440272,-63.53116989135742
440544,-10.40517807006836
440608,-150.75692749023438
440928,-143.0230712890625
441264,-61.86666488647461
441344,-127.5526351928711
441456,-84.66062927246094
441840,-91.57080841064453
441904,-157.3937225341797
441936,-139.9108123779297
442384,-144.72412109375
442656,-160.1630859375
442896,-95.92467498779297
443040,-159.69322204589844
443072,-39.081817626953125
443456,-147.99964904785156
443552,-159.5500030517578
443936,-144.6714324951172
444048,-142.86422729492188
444176,-134.41168212890625
444384,-152.5388641357422
444512,-21.45245933532715
444544,-85.94754028320312
445008,-141.9893035888672
445024,-96.8810806274414
445152,-153.84494018554688
445184,-144.6714324951172
445664,-143.2025604248047
446128,7.448453426361084
446336,-147.75466918945312
446416,-157.43333435058594
446496,-158.41168212890625
446592,-246.07774353027344
446656,-179.88253784179688
446688,-30.248781204223633
446704,-157.94699096679688
446864,-84.45352935791016
446896,-129.2633056640625
446992,-149.18609619140625
447136,-153.9960174560547
447264,-136.93894958496094
447296,-154.21075439453125
447680,-16.386873245239258
448240,-148.72500610351562
448368,9.805405616760254
448640,-86.8331069946289
448752,-111.875
448816,-155.39712524414062
449008,-143.03150939941406
449104,-138.10000610351562
449408,-144.24285888671875
449792,-153.18609619140625
449936,66.80221557617188
450352,-132.26806640625
450480,-154.21075439453125
450512,-153.27647399902344
450640,-152.34161376953125
450704,-139.85665893554688
450880,-135.75466918945312
451056,-6.736708641052246
451120,-103.0287857055664
451120,-143.2535858154297
451216,-149.20448303222656
451712,-19.10463523864746
451728,0.8689655065536499
451904,-136.4027862548828
452560,-156.56802368164062
452864,-147.9108123779297
452992,-160.5388641357422
453104,-60.622806549072266
453232,-156.1630859375
453232,-144.34161376953125
453312,-157.54757690429688
453328,-208.3270721435547
453440,-143.69322204589844
453536,-60.267295837402344
453840,-145.20448303222656
454000,-139.74305725097656
454672,-155.2535858154297
455200,-143.59933471679688
455344,-136.24285888671875
455424,-138.7409210205078
455440,-131.58091735839844
455472,-70.25631713867188
455744,-79.30038452148438
456144,-142.35604858398438
456144,-98.14013671875
456240,-45.13333511352539
456752,-29.420915603637695
456800,-193.3000030517578
456832,-64.86331176757812
456976,-1.0374501943588257
457328,-84.16301727294922
457440,-140.55589294433594
457456,-142.0084991455078
457472,-64.4964370727539
457536,-152.5388641357422
457536,-155.8000030517578
457552,-62.90557861328125
457552,-139.85665893554688
457584,-152.5548553466797
457632,-63.246952056884766
457808,-21.77407455444336
458352,-142.75692749023438
459088,-136.24285888671875
459552,-148.34161376953125
459552,-147.99964904785156
459568,-153.18609619140625
459648,-147.69322204589844
459648,-146.78305053710938
459696,-163.39712524414062
459744,-150.5029296875
460336,-145.35891723632812
460464,-151.69322204589844
461312,-142.36654663085938
461472,29.962068557739258
461536,6.178787708282471
461664,-142.41168212890625
461664,-145.60000610351562
461776,-154.35604858398438
461856,-168.1630859375
462016,-161.3000030517578
462272,3.1241378784179688
462848,-0.11510791629552841
463072,-149.43333435058594
463344,-18.54361343383789
463424,-144.96218872070312
463456,-147.20948791503906
463648,-140.7031707763672
463664,-148.72412109375
463776,-160.13031005859375
463792,-156.76666259765625
463856,-149.80491638183594
463888,-146.582763671875
463968,-154.72921752929688
464128,-150.41168212890625
464528,-175.7664337158203
465120,-109.94415283203125
465184,-137.20448303222656
465456,-148.24285888671875
465536,-164.7064208984375
465568,-141.3937225341797
465680,-143.47415161132812
465888,-150.12777709960938
465968,-160.5548553466797
466000,-154.35604858398438
466080,-142.8079071044922
466192,-62.280460357666016
466240,-150.24705505371094
466640,-141.18609619140625
466768,-168.9075927734375
466992,-3.3628664016723633
467232,-143.58091735839844
467296,-133.72962951660156
467568,-160.7064208984375
467648,-158.69818115234375
467680,-164.72500610351562
467792,-138.7409210205078
468080,-166.21075439453125
468112,-155.00909423828125
468304,-138.582763671875
468352,-158.41168212890625
468416,-100.0413818359375
468608,-62.29814147949219
468752,-134.5029296875
469104,-143.69322204589844
469168,-0.2701030969619751
469248,-31.644092559814453
469344,-149.43333435058594
469408,-153.18609619140625
469536,-81.43225860595703
469680,-145.3937225341797
469776,-155.74305725097656
469984,-136.6714324951172
470192,-151.59043884277344
470288,-151.0518035888672
470448,-147.3589324951172
470720,-147.03150939941406
470832,-12.383268356323242
471216,-154.0084991455078
471248,-97.57981872558594
471280,-153.60000610351562
471296,-148.24285888671875
471360,-159.59043884277344
471440,-172.97647094726562
471520,-143.58091735839844
471648,-141.19859313964844
471792,-148.24285888671875
472000,-152.35157775878906
472096,-154.582763671875
472304,-152.24285888671875
472336,19.70682716369629
472560,-155.04293823242188
472672,-27.641935348510742
473264,16.78024673461914
473408,-178.86190795898438
473472,-150.21075439453125
473552,-164.5388641357422
473568,-80.1442642211914
473760,-142.5029296875
474096,-56.86750793457031
474400,-143.99932861328125
474432,-151.59043884277344
474448,-63.10704040527344
474448,-148.97708129882812
474784,-130.7409210205078
474960,-134.5029296875
475040,-147.69322204589844
475376,-147.99964904785156
475568,-146.36654663085938
475840,-97.28518676757812
476192,-145.7310333251953
476512,-153.60000610351562
476528,-145.16807556152344
476784,-154.1731719970703
477072,-154.0084991455078
477152,-143.0230712890625
477232,-26.788429260253906
477472,-134.3019256591797
477552,-162.582763671875
477680,-137.00119018554688
477920,-157.18609619140625
477952,5.835338115692139
478112,-64.67778015136719
478304,-141.8979034423828
478640,-22.564865112304688
478896,-166.35604858398438
479168,-155.99932861328125
479200,-72.53888702392578
479344,-138.7409210205078
479344,-74.33053588867188
479632,-25.043136596679688
479648,-163.39730834960938
479792,-151.47415161132812
479808,-2.027118682861328
480032,-144.5548553466797
480208,1.0545454025268555
480416,-139.99964904785156
480416,-95.45294189453125
480736,-158.21075439453125
481024,-67.7483139038086
481024,-149.7310333251953
481312,-147.39712524414062
481456,-155.59043884277344
481760,-153.6664276123047
481904,-159.0067596435547
482064,-18.414695739746094
482112,-41.57276153564453
482128,-145.37933349609375
482528,-18.818588256835938
482656,-204.56007385253906
482848,-145.46803283691406
483104,-53.3877067565918
483136,-146.35604858398438
483296,28.78936195373535
483408,-161.3584442138672
483568,-140.72412109375
483872,-32.612327575683594
484016,-134.4565887451172
484032,-152.12693786621094
484160,-150.1065673828125
484160,-94.96883392333984
484320,-32.888450622558594
484608,-162.6196746826172
484832,-238.02499389648438
485136,-31.308391571044922
485216,-141.8979034423828
485248,-140.76666259765625
485312,-96.99252319335938
485664,-176.78359985351562
485936,-85.9076919555664
486128,-150.87107849121094
486176,-85.28044891357422
486272,-147.7825469970703
486400,-168.28143310546875
486880,-154.582763671875
486944,-149.18609619140625
487312,-154.29200744628906
487360,-150.12777709960938
487424,-143.79478454589844
487744,-110.68048858642578
487776,-152.12693786621094
487872,-175.22039794921875
488048,-152.34161376953125
488240,-133.9893035888672
488272,-163.74305725097656
488384,-134.24705505371094
488992,-158.35604858398438
489024,-72.61817932128906
489424,-143.2535858154297
489696,-44.944793701171875
490400,-224.9967498779297
490496,-158.80967712402344
490976,1.882154941558838
491104,-182.8787078857422
491424,-236.37692260742188
491520,-187.57675170898438
491584,-142.582763671875
491808,-144.96218872070312
491952,-369.7037048339844
492272,-139.99964904785156
492448,-41.07582473754883
492496,-144.885498046875
492608,-154.35604858398438
493024,-140.48619079589844
493216,-137.6664276123047
493536,-146.80967712402344
493680,-155.16842651367188
493728,-148.19735717773438
493904,-162.70265197753906
493952,-47.21762466430664
494064,-136.72412109375
494224,-155.99932861328125
494384,-125.89791107177734
494560,-112.93894958496094
494608,-154.8079071044922
494704,-155.8000030517578
495120,-170.345458984375
495328,-138.35604858398438
495632,-151.59933471679688
495648,-145.45802307128906
495728,-135.00909423828125
495792,-154.24705505371094
495840,-150.41168212890625
496176,-149.60000610351562
496240,-70.16511535644531
496672,-27.89581871032715
496672,-15.64848518371582
496800,-156.24444580078125
497008,-51.68771743774414
497296,-68.27449798583984
497440,-156.97708129882812
497520,-62.56569290161133
497728,84.31914520263672
497888,-149.51626586914062
498048,-88.30683898925781
498160,-150.6571502685547
498448,-141.80491638183594
498592,-60.322967529296875
498784,-158.611328125
498784,-156.34161376953125
498912,-148.13031005859375
498960,42.32176971435547
499408,-163.21377563476562
499456,-116.2750015258789
500192,-69.31558990478516
500256,-169.7310333251953
500560,-153.27647399902344
500896,-150.1731719970703
500896,-26.52735137939453
500896,-145.46803283691406
500992,-56.265342712402344
501264,-84.55787658691406
501392,-155.5870361328125
501520,-151.50794982910156
501568,-158.69818115234375
501632,-146.345458984375
502304,-149.6664276123047
502368,-156.2176513671875
502640,-268.9335632324219
502896,-88.69999694824219
502992,-160.5894775390625
503008,-156.72500610351562
503088,-137.62353515625
503360,-141.51626586914062
503632,-167.59043884277344
503680,-158.582763671875
503744,-147.9108123779297
503872,-143.9108123779297
504304,-158.87107849121094
504400,-142.98919677734375
504656,-92.55796813964844
504976,-203.6413116455078
505008,-147.72018432617188
505120,-156.97708129882812
505248,-150.41168212890625
505792,-143.79478454589844
505856,-144.97708129882812
506128,-158.35604858398438
506448,-164.72412109375
506784,-59.68770217895508
506848,-150.12777709960938
507072,-152.5852813720703
507104,-146.03256225585938
507360,-144.35157775878906
507376,-84.33390045166016
507440,-53.98283004760742
507840,-158.41168212890625
507904,-153.45802307128906
507968,-149.3937225341797
508096,-132.93894958496094
508240,-136.90997314453125
508784,-66.37449645996094
508864,-147.37367248535156
508896,-153.18609619140625
508928,9.354873657226562
509168,-52.51643753051758
509216,-137.6664276123047
509472,-141.43333435058594
509488,-131.5500030517578
509648,-137.5919189453125
509792,-38.69273376464844
509872,-154.35604858398438
510240,-194.4197235107422
510352,-151.03150939941406
511008,-146.8079071044922
511280,-162.21075439453125
511328,-145.46803283691406
511344,-9.29940128326416
511568,-152.19735717773438
511744,-150.582763671875
511744,-168.9219512939453
511904,-142.75692749023438
511984,-133.59019470214844
512240,14.399999618530273
512464,-139.75466918945312
512816,-18.558208465576172
513152,-145.46803283691406
513392,-147.99964904785156
513392,-145.6664276123047
513456,-139.69322204589844
513600,-89.05081939697266
513712,-142.582763671875
513952,26.778444290161133
514016,-146.8079071044922
514032,-140.885498046875
514048,-101.01052856445312
514080,-157.9443359375
514336,-143.99932861328125
514704,-144.76666259765625
514768,-119.05179595947266
514864,-74.11981201171875
515264,-135.2025604248047
515504,-156.12693786621094
515568,-147.50794982910156
515824,-156.05279541015625
515968,-141.26182556152344
516064,-154.5242462158203
516128,-139.75466918945312
516144,-53.102996826171875
516144,-147.97021484375
516432,-85.0
516576,-138.6527099609375
516752,-133.0135955810547
517184,-5.5208635330200195
517264,-34.70140838623047
517376,-153.34495544433594
517616,-139.25941467285156
517936,-154.41168212890625
518160,-141.51626586914062
518240,-143.59933471679688
518240,-139.74305725097656
518368,-16.125896453857422
518528,-154.81805419921875
518544,-150.36654663085938
518688,-160.96218872070312
519024,-15.153815269470215
519136,-71.41798400878906
519216,-43.94501495361328
519648,-58.73783874511719
519712,-150.83798217773438
519760,-123.05830383300781
519760,-38.05441665649414
519776,-155.39730834960938
520176,-143.2535858154297
520272,-143.03150939941406
520352,-158.21075439453125
520464,-150.03256225585938
520576,-106.24488830566406
520640,-142.75692749023438
520704,-43.5
520720,-266.2235412597656
520800,-158.611328125
521136,-142.7409210205078
521248,-142.24705505371094
521680,-40.06111145019531
521760,-140.48434448242188
522064,-7.083154201507568
522304,-11.406529426574707
522368,-164.97647094726562
522464,-144.5548553466797
522576,-148.12693786621094
522736,-39.0506477355957
522752,-158.41168212890625
522832,-147.03150939941406
522896,-150.29200744628906
523248,-154.80967712402344
523424,-161.8000030517578
524112,-78.90487670898438
524176,-144.5548553466797
524416,-142.80967712402344
524576,-133.9893035888672
524672,-155.59933471679688
524736,-72.0372543334961
525008,-147.75466918945312
525168,-87.22171020507812
525360,-160.34161376953125
525824,-49.379390716552734
525904,-9.527152061462402
526112,-146.582763671875
526288,-145.20448303222656
526288,7.356287479400635
526576,-150.12777709960938
526592,-144.1630859375
526608,-54.542266845703125
526672,-153.3584442138672
526848,-142.21075439453125
527008,9.818713188171387
527280,-146.582763671875
527648,-148.6388702392578
528016,-139.25941467285156
528096,-160.34161376953125
528224,-149.60000610351562
528400,-140.6714324951172
528400,-143.47415161132812
528672,-147.8000030517578
528704,-146.24705505371094
528720,-144.1630859375
528768,-153.9443359375
528896,-141.3937225341797
529120,-139.30307006835938
529568,-136.40188598632812
529760,-147.50794982910156
529984,-158.36654663085938
530112,-151.0518035888672
530208,-143.75466918945312
530336,-130.13308715820312
530512,-137.72962951660156
530800,-135.20425415039062
530992,-148.5894775390625
531040,-137.13333129882812
531072,-102.80000305175781
531200,-64.07499694824219
531440,45.386207580566406
531504,-6.099999904632568
531664,-137.62353515625
531872,-145.43333435058594
532016,-41.73155975341797
532096,-162.80967712402344
532624,-150.41168212890625
532688,-50.52280044555664
533232,16.516027450561523
533312,-153.3937225341797
533392,-62.7110710144043
533552,-155.39712524414062
533616,-145.9893035888672
533744,-96.08192443847656
533776,-151.7825469970703
533792,-143.2535858154297
534112,-147.8000030517578
534288,-73.22577667236328
534288,15.856249809265137
534480,-89.76301574707031
534640,-20.676305770874023
534736,-142.582763671875
534800,-144.5548553466797
535008,-145.7310333251953
535104,-147.99964904785156
535424,-156.34161376953125
535632,-141.72962951660156
535696,-92.6293716430664
535728,-152.48434448242188
535872,-139.74305725097656
535904,-144.97708129882812
536224,-150.80967712402344
536384,-158.83798217773438
536384,-150.36654663085938
536480,-27.907886505126953
536592,-150.75692749023438
536736,-143.19393920898438
537120,-150.0084991455078
537216,-158.611328125
537776,-146.21075439453125
537808,-161.60000610351562
537872,-110.0667724609375
537984,-135.99964904785156
538000,-142.81805419921875
538016,-87.3810806274414
538064,-69.52019500732422
538496,-147.00909423828125
538496,-150.80967712402344
538832,-22.745283126831055
538864,-1.9878981113433838
538912,-98.26841735839844
539200,-37.274818420410156
539296,-145.63845825195312
539328,-160.54444885253906
539920,-146.35604858398438
539984,-151.75466918945312
540096,-134.72921752929688
540096,-152.1957550048828
540944,-136.885498046875
540944,-147.2535858154297
540976,-59.68770217895508
540976,-147.69322204589844
541312,-144.5548553466797
541328,-34.74964141845703
541440,-147.59043884277344
541680,-72.96410369873047
541696,-69.66153717041016
542032,-134.7409210205078
542032,-125.80491638183594
542208,-155.99964904785156
542400,-76.44999694824219
542784,36.65400695800781
543056,-139.25941467285156
543056,-156.97708129882812
543136,12.341697692871094
543424,-145.19859313964844
543440,-148.76666259765625
543456,-64.26729583740234
543488,-57.39929962158203
543552,-148.76666259765625
543856,-97.1709213256836
544256,-59.414085388183594
544320,-136.72412109375
544400,-147.88697814941406
544432,-6.10707950592041
544896,-171.97341918945312
544992,-167.47415161132812
545184,-153.27647399902344
545232,-141.6664276123047
545248,-168.12693786621094
545376,-93.26667022705078
545536,-132.93118286132812
545568,-145.60000610351562
545968,-137.59019470214844
546000,-31.259807586669922
546176,-67.27567291259766
546368,-135.30307006835938
546432,-157.34495544433594
546496,-160.5894775390625
546528,-139.5142822265625
547008,-144.48434448242188
547040,21.766666412353516
547280,-143.2025604248047
547296,-147.9108123779297
547344,-142.582763671875
547360,-158.3492431640625
547680,-151.50794982910156
547712,-138.35604858398438
548000,-63.0538444519043
548112,28.4303035736084
548480,-150.8079071044922
548640,-157.9960174560547
548784,-15.598113059997559
549152,-160.90997314453125
549520,-8.703773498535156
549696,13.766666412353516
549792,-162.35604858398438
549824,-142.21075439453125
550096,-147.59933471679688
550224,-150.1731719970703
550576,-65.19862365722656
550576,-76.32978820800781
550656,-153.80491638183594
550864,-84.32675170898438
551264,-125.46803283691406
551376,-62.45059585571289
551504,-155.25941467285156
551568,-145.5580291748047
551936,-142.582763671875
552016,-85.61234283447266
552256,-152.35157775878906
552336,-143.47415161132812
552688,-145.6664276123047
553104,-101.45714569091797
553376,-153.18609619140625
553616,-163.55238342285156
553680,-32.313514709472656
553728,-142.7409210205078
553952,-45.897953033447266
553968,-81.04210662841797
554256,-55.64109420776367
554368,-134.4565887451172
554432,-154.345458984375
554592,-145.59019470214844
554784,18.29152488708496
554880,-166.3492431640625
554976,-145.9812469482422
554992,-136.48434448242188
555168,-49.875431060791016
555392,4.423961639404297
555488,-162.582763671875
556048,-141.86593627929688
556160,-144.96218872070312
556224,-145.51626586914062
556688,-154.98919677734375
556992,-141.46803283691406
557072,-157.37933349609375
557104,-148.97708129882812
557280,-137.8979034423828
557504,-161.60000610351562
557936,-143.0518035888672
558160,-137.8979034423828
558160,-85.75492858886719
558336,-138.8079071044922
558480,-152.1630859375
558800,-157.80491638183594
559184,-145.18609619140625
559200,-169.80491638183594
559216,-145.9960174560547
559584,-15.323529243469238
559648,-72.78726959228516
559872,-79.74651336669922
560256,-155.19393920898438
560448,-154.35604858398438
561296,-139.85665893554688
561312,-151.28387451171875
561776,-141.20448303222656
561792,-150.0686492919922
561984,-150.0084991455078
562016,-76.0999984741211
562160,-149.19859313964844
562352,-147.0518035888672
562384,-149.60000610351562
562560,-148.12693786621094
562704,-152.54444885253906
562784,-16.930768966674805
563024,-148.24285888671875
563392,-160.07244873046875
563408,-166.70265197753906
563712,-78.83636474609375
563856,-154.345458984375
563904,-149.80491638183594
564096,-144.6714324951172
564128,-145.3937225341797
564496,-140.97708129882812
564672,-65.97295379638672
564816,-143.9108123779297
564896,-156.5388641357422
565152,-10.116849899291992
565488,-167.89938354492188
565504,-73.310302734375
565520,-146.12777709960938
565808,-142.78305053710938
565952,-148.86293029785156
566032,-154.3339385986328
566224,-159.99932861328125
566576,-48.23448181152344
566608,-2.828169107437134
566928,-58.205265045166016
567008,-151.03150939941406
567248,-144.76666259765625
567312,13.370369911193848
567392,-163.81558227539062
567520,-59.0848503112793
567600,-147.99932861328125
567904,-155.5500030517578
567984,13.562162399291992
568048,-154.6571502685547
568144,-145.46803283691406
568672,-4.204698085784912
568688,-139.00909423828125
568704,-83.50071716308594
568880,-146.6571502685547
569104,-153.9443359375
569344,-149.0822296142578
569632,-159.69322204589844
569696,-78.07251739501953
570160,-130.7409210205078
570432,-54.531036376953125
570736,-6.3560285568237305
570800,-157.45802307128906
571216,-142.7409210205078
571440,-142.03256225585938
571520,-150.87107849121094
571824,-147.55238342285156
572368,-135.79478454589844
572544,-145.60000610351562
572832,-95.68729400634766
572848,-141.6664276123047
573136,-106.71038818359375
573232,-127.5142822265625
573936,-134.23114013671875
574304,-152.37142944335938
574384,-150.611328125
574528,-144.24285888671875
574816,-70.5628662109375
574848,-137.43333435058594
574944,-144.72412109375
574992,-140.86293029785156
575184,-84.5
575248,-150.582763671875
575344,-137.43333435058594
575584,-84.84484100341797
576048,-151.9108123779297
576064,-3.104635715484619
576080,-39.081817626953125
576736,-71.1058578491211
576800,-96.42835998535156
576880,-366.7328796386719
576928,-158.21075439453125
576960,-140.6714324951172
576976,53.18623352050781
577056,-161.34495544433594
577360,-148.24285888671875
577456,-154.12777709960938
578384,3.4636363983154297
578848,-143.50794982910156
578912,-151.9108123779297
579072,-162.0686492919922
579376,-44.758209228515625
579568,-152.24285888671875
580288,-143.75466918945312
580496,-135.25941467285156
580576,-139.2535858154297
580784,-69.73728942871094
581008,-158.38754272460938
581104,-131.30307006835938
581168,-152.5894775390625
581184,-152.12693786621094
581312,-39.122222900390625
581504,-155.59043884277344
581552,-167.37367248535156
581584,-52.26433563232422
581680,-148.34161376953125
582128,-152.4197235107422
582176,-161.59689331054688
582320,-19.8873233795166
582608,-149.3937225341797
582912,-128.0111083984375
583120,-138.8079071044922
583280,-154.21075439453125
583296,-135.30307006835938
583616,-21.234329223632812
583856,-71.1058578491211
583952,-146.582763671875
584000,-101.5059585571289
584272,-153.9443359375
584432,-155.59043884277344
584608,-60.54426193237305
584752,-74.90225219726562
584800,-145.8979034423828
585024,-144.96218872070312
585232,-146.21075439453125
585328,-123.69322204589844
585392,-158.69818115234375
585408,-149.18670654296875
585456,-91.25588989257812
585776,-151.2535858154297
585856,-151.0518035888672
585952,-150.78305053710938
586112,-151.48709106445312
586368,-155.01766967773438
586544,-156.96218872070312
586624,-71.3499984741211
586720,-160.35157775878906
586912,-154.12777709960938
587136,-139.99964904785156
587408,1.9759398698806763
587440,-141.6664276123047
587520,-144.5548553466797
587600,12.541176795959473
588288,-95.87100219726562
588640,-146.5755157470703
588832,-139.69322204589844
589024,-152.1630859375
589376,-144.40188598632812
589504,-139.09771728515625
589552,-163.69322204589844
589616,-60.19581985473633
589632,-143.9108123779297
589968,-151.62608337402344
590112,-1.0736842155456543
590352,-155.17837524414062
590400,-150.41168212890625
590464,-146.6655731201172
590544,-128.10000610351562
590848,-149.8979034423828
591136,-87.0287857055664
591136,-36.61532974243164
591728,-148.34161376953125
591728,-148.1957550048828
591776,-148.96218872070312
592080,-150.0084991455078
592512,-150.35604858398438
592864,-53.42063522338867
592896,-86.78321838378906
593072,-26.711679458618164
593200,-156.24285888671875
593248,-152.34161376953125
593776,-139.50794982910156
593824,-152.39405822753906
593840,-147.9108123779297
593888,-145.6664276123047
593904,-42.56922912597656
593952,-156.5894775390625
594080,-79.66690063476562
594768,-164.4627227783203
594816,-100.55509948730469
594976,23.957534790039062
594976,-141.43333435058594
594992,-142.1065673828125
595184,-149.8979034423828
595312,-158.0084991455078
595344,-146.47515869140625
595632,-49.68854522705078
595888,-133.03895568847656
596016,-145.6664276123047
596064,-156.72500610351562
596192,-137.9893035888672
596544,-28.946853637695312
596784,-9.567289352416992
596928,-147.58091735839844
597104,-139.85665893554688
597232,-161.99688720703125
597424,-147.00909423828125
597440,-161.3584442138672
598000,-160.5388641357422
598128,-153.45802307128906
598144,-10.915884017944336
598176,-161.45802307128906
598304,-144.93894958496094
598656,-135.58091735839844
598832,-70.75733947753906
598880,-157.54757690429688
599056,-263.534912109375
599168,-149.16807556152344
599520,-152.19735717773438
600112,-153.43333435058594
600240,-150.21075439453125
600256,-154.5029296875
600288,-143.39712524414062
600368,-1.777902603149414
600768,-156.35157775878906
601152,-103.32807159423828
601168,-144.12693786621094
601280,-148.12693786621094
601488,-148.72500610351562
601616,-150.10769653320312
601664,-243.80490112304688
601984,-138.582763671875
602336,-144.6358184814453
602464,-160.19735717773438
602560,-179.3000030517578
602720,-52.238128662109375
602880,-157.8177947998047
603056,-147.03150939941406
603280,-129.29684448242188
603600,-148.72412109375
604096,-139.9108123779297
604448,-158.1731719970703
604560,18.534177780151367
604624,-141.4875030517578
604736,2.1157894134521484
604848,-1.9423208236694336
604992,-150.41168212890625
605200,-78.11534118652344
605376,-145.9893035888672
605744,-143.69322204589844
605840,-161.27647399902344
605872,-81.33726501464844
606048,-68.12577056884766
606176,-146.611328125
606208,-154.5242462158203
606240,-82.95806121826172
606656,-146.47515869140625
606736,-137.91070556640625
606784,-80.66773986816406
607232,-14.17543888092041
607424,-139.9108123779297
607472,-45.052940368652344
607840,-162.10769653320312
607984,-143.9108123779297
608016,-268.0496826171875
608160,-141.00119018554688
608528,-3.5099291801452637
608768,-163.2025604248047
608880,-150.29200744628906
608944,-49.38042068481445
609344,-145.43333435058594
609424,-148.34161376953125
609760,-145.449462890625
609888,-149.9960174560547
609952,-139.00909423828125
610288,-82.0404281616211
610624,18.883211135864258
610640,-142.7409210205078
610864,-163.19393920898438
610896,-44.08489990234375
611056,-127.58091735839844
611312,-73.0540542602539
611456,-162.35604858398438
611536,-146.582763671875
611584,30.40804672241211
611664,-31.721622467041016
611872,-144.76666259765625
612064,-156.35157775878906
612480,-31.395145416259766
612496,-143.59933471679688
612592,-56.36488342285156
612976,-159.39712524414062
613040,-184.02996826171875
613152,-158.36654663085938
613424,-141.00119018554688
613456,-22.947471618652344
613648,-150.75692749023438
613696,-153.9893035888672
613776,-145.80491638183594
614112,-148.48434448242188
614176,-143.75466918945312
614256,-74.96826171875
614592,-141.72962951660156
614592,-151.59933471679688
615056,-41.22237777709961
615088,-139.9108123779297
615120,-145.63845825195312
615248,-153.7310333251953
615536,-157.60000610351562
615552,-137.37933349609375
615872,-144.13082885742188
615872,-6.853846073150635
616208,-172.37142944335938
616240,-31.811887741088867
616688,-93.51173400878906
616688,-161.74594116210938
616816,-138.12777709960938
616848,-35.077430725097656
616848,-102.70909118652344
616992,-76.53157806396484
617008,-87.41519165039062
617120,-142.7919158935547
617168,-138.24705505371094
617184,-167.16842651367188
617232,-152.12693786621094
617488,-158.12777709960938
617648,-155.8000030517578
618256,-154.69818115234375
618640,-32.28687286376953
618704,-49.47142791748047
618784,-155.01766967773438
618800,-155.9108123779297
618928,-144.48434448242188
618960,-141.8979034423828
619104,-130.1700439453125
619120,-155.03150939941406
619232,-155.47415161132812
619472,-87.74528503417969
619648,-46.468292236328125
619872,-68.47142791748047
620368,-147.25941467285156
620432,-92.30000305175781
620512,2.6944222450256348
620560,-137.1112060546875
620752,-167.04293823242188
620896,-143.59043884277344
620912,-148.90997314453125
621216,-76.44761657714844
621216,-170.1227264404297
621232,-145.6664276123047
621328,-80.6689682006836
621440,-155.74305725097656
621760,-141.80491638183594
621824,-62.050743103027344
621984,-142.12777709960938
622384,-148.12693786621094
622656,-156.1957550048828
622848,-47.681819915771484
622864,-130.45872497558594
623008,-154.35604858398438
623168,-94.85223388671875
623328,-160.4197235107422
623328,-145.63845825195312
623328,-141.19859313964844
623552,-148.72500610351562
623936,-159.2025604248047
623952,-62.810447692871094
624016,-165.73548889160156
624080,-168.4197235107422
624144,-57.341949462890625
624496,-156.12693786621094
624576,0.6783132553100586
624768,-147.47415161132812
624976,-139.00909423828125
625104,-152.64210510253906
625328,-57.63469314575195
625440,-146.0084991455078
625536,-155.59043884277344
625984,-18.351970672607422
626064,-146.1700439453125
626592,-52.154788970947266
627024,-7.3629631996154785
627280,-162.37295532226562
627440,-143.47415161132812
627536,-133.1112060546875
627552,-148.24285888671875
627552,-141.9893035888672
627584,-16.339860916137695
627792,-68.08333587646484
628208,-9.184615135192871
628224,-151.97021484375
628304,-150.12777709960938
628640,8.142857551574707
628640,0.6850746273994446
628784,-144.86293029785156
629136,-147.2535858154297
629152,-49.73561477661133
629280,-83.85529327392578
629296,-1.4428093433380127
629392,-167.04293823242188
629552,-149.9893035888672
629648,-153.3937225341797
629664,-146.86422729492188
629712,11.505343437194824
629744,-18.163013458251953
630416,-141.3937225341797
630624,-42.46133804321289
630752,-158.72921752929688
630896,-143.39712524414062
631248,-145.37933349609375
631392,-152.86293029785156
631392,-152.12693786621094
631664,-149.72962951660156
631744,-144.19735717773438
631824,-123.39712524414062
631856,-151.30307006835938
632176,-92.80701446533203
632400,-81.39306640625
632528,-158.1731719970703
632736,-155.39712524414062
632800,-10.316849708557129
633040,-26.351011276245117
633360,-155.2025604248047
633360,-168.76666259765625
633456,-155.97341918945312
633776,-153.0937957763672
633872,-141.29684448242188
633920,-155.32186889648438
633952,-151.2535858154297
633968,-140.48434448242188
634288,-31.0867919921875
634288,-142.80967712402344
634432,16.372161865234375
634784,-9.242856979370117
634880,-24.601755142211914
635152,-154.12777709960938
635264,-144.67295837402344
635472,-139.9108123779297
635872,-151.39730834960938
636064,-148.39405822753906
636064,-149.8979034423828
636176,-6.229151248931885
636384,-146.15615844726562
636400,-143.50794982910156
636432,-63.352630615234375
636736,-167.39712524414062
636992,-141.26182556152344
637264,-135.25941467285156
637760,-25.46521759033203
637984,-148.97708129882812
638368,15.298168182373047
638448,-74.96826171875
638512,-137.8296356201172
638512,-135.14285278320312
638528,-145.0822296142578
638976,-33.284027099609375
639104,-156.48434448242188
639104,-152.75413513183594
639488,-151.21377563476562
639872,-137.8979034423828
640128,-161.66006469726562
640288,-147.39712524414062
640464,-138.58261108398438
640560,-161.6587371826172
640608,-147.99964904785156
640608,-147.19393920898438
640624,-119.69322204589844
640640,-154.275634765625
641088,-143.47415161132812
641456,-209.14999389648438
641600,-149.43333435058594
641936,-142.41168212890625
642208,131.44937133789062
642288,-139.50794982910156
642400,-161.80491638183594
642512,-13.442856788635254
642576,-155.2535858154297
642592,-155.2535858154297
642720,-141.60000610351562
642736,-155.69322204589844
643200,-162.80967712402344
643712,-144.1630859375
643712,0.46451613306999207
644032,-156.19735717773438
644160,-71.46331024169922
644304,-153.60000610351562
644320,-154.41168212890625
644368,-8.28555965423584
644672,-150.36654663085938
644832,-145.60000610351562
644864,-163.59043884277344
645120,-40.20000076293945
645312,-143.2025604248047
645328,-107.49712371826172
645456,5.087574005126953
645824,-150.0084991455078
646144,-138.24705505371094
646448,-2.7249999046325684
646944,-153.0275421142578
646976,-148.72412109375
647056,-95.90958404541016
647232,-151.69322204589844
647440,-150.75692749023438
647440,-146.00701904296875
647568,-145.60000610351562
647920,-148.97647094726562
648096,16.712766647338867
648512,-157.16807556152344
648528,-68.2512435913086
648560,-162.611328125
649168,-164.5548553466797
649472,-48.968421936035156
649488,-28.926054000854492
649520,-108.8115234375
649552,-146.80967712402344
649680,-145.9893035888672
649936,-46.74736785888672
650208,-148.48434448242188
650656,-147.07508850097656
651168,-156.12693786621094
651168,-140.34161376953125
651264,-162.81805419921875
651520,-52.58108139038086
651664,-139.85665893554688
651824,-84.20359802246094
652048,-154.41168212890625
652128,-143.50794982910156
652320,-158.80967712402344
652736,-150.98919677734375
652752,-139.28387451171875
652768,-33.52653121948242
653040,-151.39730834960938
653264,-163.72523498535156
653376,-163.47415161132812
653472,-107.47647094726562
653776,-143.1769256591797
653824,-151.39730834960938
654272,-20.12508773803711
654432,-144.24285888671875
654544,-247.94752502441406
654768,-60.19044494628906
655168,-50.82773208618164
655184,-65.09329223632812
655520,-11.985478401184082
655568,-146.5755157470703
655840,-153.25454711914062
656048,-137.72962951660156
656272,35.50236129760742
656272,-136.13031005859375
656352,-160.2176513671875
656656,-157.8177947998047
656768,-131.37802124023438
656880,-133.5876007080078
656928,-144.13082885742188
657248,-155.47415161132812
657280,-6.6032257080078125
657632,-168.9901580810547
657728,-8.024920463562012
658656,-23.06774139404297
658832,-70.22049713134766
658880,-150.8079071044922
658992,-140.13031005859375
659040,-149.63845825195312
659360,-135.58091735839844
659392,-144.76666259765625
659728,-150.15615844726562
660048,-159.5500030517578
660992,-145.80491638183594
661104,-147.47415161132812
661168,-126.01063537597656
661232,-243.1450653076172
661456,-170.22857666015625
661888,-159.97341918945312
662480,-66.5163803100586
663472,-46.66557312011719
663488,-178.51681518554688
663568,-151.97341918945312
663616,-155.03150939941406
663888,-75.43448638916016
663968,-141.00119018554688
664000,-153.18609619140625
664080,-139.9108123779297
664208,-154.2388916015625
664624,-142.35604858398438
664768,-76.6500015258789
665600,-148.35157775878906
665680,-147.69322204589844
665696,-145.8979034423828
665728,-89.51594543457031
665728,-143.0067596435547
665760,-158.7774658203125
665984,-1.969098687171936
666144,-142.56922912597656
666192,-152.5548553466797
666336,-88.7249984741211
666736,-143.9108123779297
666864,-137.21176147460938
667136,-144.72412109375
667712,-154.69818115234375
667712,-32.80344772338867
667808,-140.01080322265625
667808,-142.21075439453125
667824,-156.1630859375
667840,-144.93894958496094
667872,-145.80491638183594
668256,-168.5548553466797
668288,-154.6571502685547
668416,-153.8979034423828
668960,-158.29200744628906
669152,-14.444681167602539
669232,-147.61817932128906
669824,-145.9960174560547
669872,-154.47515869140625
669920,-132.40188598632812
669920,-147.97341918945312
669936,-163.37367248535156
669936,-139.25941467285156
669952,-166.611328125
669968,-152.4197235107422
670400,-144.96218872070312
670464,-86.14966583251953
670528,-145.43333435058594
671264,-155.0067596435547
671408,-79.7324447631836
671936,-161.80491638183594
672032,-147.2025604248047
672032,-152.35157775878906
672048,-141.6664276123047
672176,-102.52149963378906
672208,-134.180419921875
672384,-69.99610137939453
672496,-130.23114013671875
672512,-148.34161376953125
672576,-134.87107849121094
672640,-151.2535858154297
673152,-167.3222198486328
673360,-152.1957550048828
673456,-146.21075439453125
673520,-137.20448303222656
674048,-137.20448303222656
674144,-148.72412109375
674160,-146.75692749023438
674192,-7.359259128570557
674496,-156.72500610351562
674624,-139.9108123779297
674848,-63.94210433959961
674928,-88.88745880126953
675280,-143.9108123779297
675472,-150.35604858398438
675568,-148.5548553466797
675568,-71.35454559326172
675616,-144.39405822753906
675696,-147.00909423828125
676608,-156.5388641357422
676960,-145.27647399902344
677024,-147.39730834960938
677152,-148.34161376953125
677344,-131.1090850830078
677408,-136.93894958496094
677584,-140.76666259765625
677680,-144.48434448242188
677792,-128.5894775390625
678368,-156.0452117919922
678928,-107.7387466430664
679056,-136.38426208496094
679136,-146.8079071044922
679184,-161.6664276123047
679248,-156.78359985351562
679456,-151.97341918945312
679520,-145.6664276123047
679520,-60.330535888671875
679696,-137.29684448242188
679792,-142.582763671875
679840,-151.47415161132812
679856,-148.34161376953125
680480,-152.97708129882812
680848,-51.101417541503906
681568,-163.38357543945312
681600,-49.438377380371094
681616,-164.5388641357422
681632,-135.99964904785156
681808,-168.12693786621094
681904,-161.27647399902344
681952,-163.7825469970703
682944,-142.98919677734375
683440,-155.39712524414062
683472,-106.17483520507812
683536,-58.81490707397461
683664,-143.50794982910156
683728,-160.54444885253906
683744,-151.69322204589844
683744,-142.35604858398438
683792,-152.12693786621094
683904,-148.78359985351562
684064,-56.230613708496094
684560,-133.60389709472656
684816,-141.60000610351562
685024,-14.473913192749023
685056,-141.43333435058594
685184,-78.56007385253906
685392,-156.5388641357422
685584,-145.20448303222656
685632,-154.10769653320312
685776,-156.5388641357422
685824,-153.9077911376953
686176,-150.582763671875
686288,-65.50992584228516
686544,-161.37313842773438
686672,-161.63845825195312
687456,33.78931427001953
687504,-159.21377563476562
687568,-50.24946594238281
687680,-162.6571502685547
687744,-132.4027862548828
688336,-21.727798461914062
688384,-146.15615844726562
688592,-160.5548553466797
688704,-6.961483955383301
688784,-142.12777709960938
689456,-91.77037048339844
689568,-141.9893035888672
689568,-149.76109313964844
689616,-152.34161376953125
689792,-139.75466918945312
689856,-143.69322204589844
690016,-52.11428451538086
690064,-156.76666259765625
690096,-209.57020568847656
690448,-146.35604858398438
690496,-145.6664276123047
690688,-136.38426208496094
690896,-144.34161376953125
691568,-140.12693786621094
691680,-149.3937225341797
691680,-149.43333435058594
691904,-141.20448303222656
691968,56.13788604736328
691968,-138.24705505371094
692080,-174.10769653320312
692128,-147.47415161132812
692176,-151.72018432617188
692448,-66.47272491455078
692560,-143.2535858154297
692800,-149.8177947998047
692816,-2.4121952056884766
692816,-88.4000015258789
693200,2.2227468490600586
693664,-153.3584442138672
693792,-129.29684448242188
694016,-152.34161376953125
694080,-140.34161376953125
694080,-153.45802307128906
694192,-132.13031005859375
694560,-163.60794067382812
694608,-83.4076919555664
694672,-144.73069763183594
694672,-144.5548553466797
694912,-148.76666259765625
694928,-148.48434448242188
695072,-139.75466918945312
695104,-161.9960174560547
695312,-154.21075439453125
696128,13.562162399291992
696128,-139.47415161132812
696176,-133.1112060546875
696192,-139.99964904785156
696784,-130.7409210205078
696960,-97.64779663085938
697008,-141.7310333251953
697024,-139.97021484375
697040,-156.72500610351562
697120,-74.86154174804688
697200,-151.89938354492188
697328,-78.46886444091797
697376,-139.47415161132812
697424,-151.21377563476562
697792,-33.4218864440918
698224,-153.73548889160156
698288,-153.63845825195312
698304,-141.72962951660156
699120,-138.75692749023438
699136,-149.18609619140625
699152,-141.18609619140625
699200,-157.45802307128906
699232,-150.80967712402344
699312,-149.60000610351562
699360,-85.30810546875
699440,-149.8979034423828
699472,10.04476547241211
699472,-141.3000030517578
699536,-169.8177947998047
699904,-146.41168212890625
700336,-146.611328125
700720,-51.88888931274414
701232,-145.9893035888672
701248,-158.21075439453125
701296,-147.89938354492188
701344,-129.00119018554688
701408,-165.25454711914062
701472,-147.47415161132812
702016,-159.59043884277344
702064,-60.0936164855957
702448,-151.9108123779297
702512,-140.72412109375
702736,-142.80967712402344
703344,-163.72523498535156
703392,-171.32186889648438
703424,10.762913703918457
703680,-146.58261108398438
703760,-143.75466918945312
703936,-70.53380584716797
704112,-159.01766967773438
704144,-75.27006530761719
704176,-134.24705505371094
704448,22.00371742248535
704544,-0.4316770136356354
704560,-148.72500610351562
704624,-134.5029296875
704832,13.473381042480469
704848,-141.19859313964844
704896,-50.38646697998047
705248,-143.43902587890625
705456,-155.9108123779297
705504,-119.91081237792969
705616,-162.75367736816406
705792,-152.34161376953125
706048,-144.5548553466797
706256,-137.19859313964844
706288,-156.34161376953125
706544,-143.19393920898438
706624,-45.064056396484375
706656,-142.5755157470703
706720,-139.97021484375
706944,-155.7825469970703
706960,-133.26182556152344
707008,-131.58091735839844
707648,-37.98480987548828
707728,-135.50794982910156
707856,-71.20469665527344
707888,-144.64210510253906
708144,-159.19622802734375
708352,-153.8000030517578
708400,-144.72412109375
708720,-146.345458984375
708752,-149.63845825195312
708832,-142.0084991455078
709040,-142.345458984375
709328,-93.5369873046875
709760,-141.80491638183594
709968,-139.0230712890625
710144,-50.03529357910156
710464,-146.21075439453125
710496,-143.28387451171875
710704,-157.3675079345703
710864,-140.96218872070312
710880,-155.2025604248047
710944,-150.3492431640625
711136,-156.41539001464844
711440,-148.34161376953125
711520,-64.81561279296875
711872,-140.13031005859375
712080,-155.03150939941406
712224,-147.2535858154297
712256,-149.3937225341797
712352,-167.89938354492188
712560,-146.5755157470703
712608,-147.00909423828125
712976,-52.468292236328125
712992,-135.0230712890625
713248,-154.21075439453125
713248,-26.145992279052734
713280,16.284313201904297
713552,-146.0084991455078
713824,-106.21666717529297
714192,-139.47415161132812
714272,-18.77627182006836
714272,-43.02394485473633
714368,-134.75692749023438
714544,-42.911678314208984
714672,-154.0960235595703
715088,-136.40188598632812
715104,-149.46803283691406
715504,-7.457243919372559
715616,-46.932106018066406
716128,-99.23619842529297
716160,-147.8206329345703
716304,-150.1731719970703
716320,-156.38153076171875
716368,-127.19393920898438
716384,-139.99964904785156
716480,-148.48434448242188
716656,-160.90997314453125
716960,-76.7750015258789
717040,-69.4330825805664
717200,-162.611328125
717216,-145.3937225341797
717440,27.881481170654297
717728,-134.5029296875
718224,-146.98919677734375
718400,-147.74305725097656
718496,-143.50794982910156
718528,12.764705657958984
718768,-140.7031707763672
718992,-150.8079071044922
719072,-153.60000610351562
719312,-146.5242462158203
719328,-141.8979034423828
719760,-140.97708129882812
720048,-14.452861785888672
720144,4.671428680419922
720336,-145.19859313964844
720384,0.5101045370101929
720512,-145.43333435058594
720608,-140.34161376953125
720624,-135.51084899902344
720704,-87.9208755493164
720704,-142.7409210205078
720816,-38.66148376464844
720880,-140.76666259765625
721424,-154.0084991455078
721456,-146.12777709960938
721856,-140.64210510253906
722160,-149.34495544433594
722256,-145.9893035888672
722448,-140.96218872070312
722496,-154.15615844726562
722496,-137.29684448242188
722624,-142.24705505371094
722704,-152.97647094726562
722800,-145.0822296142578
722816,-145.8979034423828
722928,-149.19859313964844
722976,-149.7310333251953
723568,-122.21074676513672
723760,-78.703857421875
724064,-156.5388641357422
724560,-149.63845825195312
724608,-139.25941467285156
724816,-138.582763671875
724848,-156.72412109375
724896,-139.87547302246094
724928,-158.41168212890625
725104,-60.58108139038086
725536,-30.159364700317383
725664,-146.345458984375
725872,-149.19859313964844
726064,-141.80491638183594
726176,-137.72962951660156
726672,-122.61315155029297
726912,-87.47647094726562
726928,-86.0404281616211
726944,-146.58261108398438
727040,-135.00909423828125
727120,-140.64210510253906
727136,-75.03157806396484
727184,-145.51626586914062
727648,-144.76666259765625
727776,-135.75466918945312
727968,-147.8000030517578
728256,13.009157180786133
729056,-135.30307006835938
729248,-161.9960174560547
729312,-154.15615844726562
729744,-137.13333129882812
729888,-135.99964904785156
730080,-139.69322204589844
730336,-148.12693786621094
730384,-150.582763671875
730896,-142.0084991455078
731136,-143.69322204589844
731264,-158.69818115234375
731744,-52.92856979370117
731792,-153.45802307128906
732000,-140.96218872070312
732192,-154.0084991455078
732448,-149.60000610351562
732928,12.764705657958984
733008,-146.611328125
733248,-150.275634765625
733264,-143.7825469970703
733408,-68.75904083251953
733536,-155.00909423828125
733744,-147.5500030517578
733840,-155.5142822265625
734112,-148.90997314453125
734144,-148.24285888671875
734304,-123.78253936767578
734496,-68.02857208251953
734560,-140.4027862548828
734624,24.845172882080078
734912,-9.933333396911621
735104,-13.046218872070312
735120,-140.76666259765625
735232,-145.0937957763672
735360,-136.96218872070312
735376,-177.3937225341797
735520,-149.9960174560547
735680,-140.0489044189453
736240,-131.51084899902344
736416,-155.69322204589844
736720,-147.04293823242188
736768,-102.945068359375
736992,-147.38357543945312
737200,-140.1957550048828
737232,-146.21075439453125
737296,-70.34927368164062
737408,-88.37181091308594
737472,-137.72962951660156
737488,-150.5029296875
737792,-143.2535858154297
738352,-140.97708129882812
738528,-143.39712524414062
738784,-125.89791107177734
738832,-145.8177947998047
738848,-156.35157775878906
738880,-140.96218872070312
739104,-163.9108123779297
739344,-153.60000610351562
739408,-157.60000610351562
739440,-155.8000030517578
739520,-147.85665893554688
739584,-142.0084991455078
739600,-155.7825469970703
739728,-145.72962951660156
740352,-32.68888854980469
740432,-25.94285774230957
740464,-145.6664276123047
740720,23.21891975402832
740944,-147.38357543945312
740976,-142.75692749023438
740992,-145.60000610351562
741216,-133.46803283691406
741424,-146.1731719970703
741520,-160.76666259765625
741584,-141.89691162109375
741632,-151.59043884277344
741712,-140.76666259765625
741840,-153.63845825195312
741856,1.1664495468139648
742448,-153.92218017578125
742544,-139.9108123779297
743264,-85.01240539550781
743536,-143.39712524414062
743632,-147.47415161132812
743744,-145.9893035888672
743808,-136.6358184814453
743952,-130.4565887451172
744144,-24.583221435546875
744240,-82.23332977294922
744656,-145.18609619140625
744656,-258.29998779296875
744688,-148.97708129882812
745376,-79.63558959960938
745648,-148.97708129882812
745744,-83.79940795898438
745744,-141.43333435058594
745792,-142.21075439453125
746352,-129.88125610351562
746464,-17.233333587646484
746768,-140.5548553466797
746800,-143.30307006835938
746848,-150.611328125
747120,-70.79936981201172
747296,-29.484615325927734
747552,-151.69322204589844
747760,-144.76666259765625
747840,-143.59933471679688
747840,-58.94834518432617
747856,-137.8979034423828
747904,-153.43333435058594
748160,-161.18609619140625
748368,-161.34495544433594
748784,-148.54444885253906
748864,-149.80491638183594
748880,-147.2025604248047
748960,-149.80491638183594
749408,-148.96218872070312
749872,-137.19859313964844
749936,-146.1065673828125
749952,-134.83798217773438
749952,-153.0937957763672
750080,-151.1815185546875
750480,-132.13031005859375
750528,-70.7151107788086
750672,-159.97021484375
750992,-150.0084991455078
751504,-28.866666793823242
751760,-142.5755157470703
751984,-139.0230712890625
752032,-141.3000030517578
752048,-143.59933471679688
752048,-144.19735717773438
752048,6.991512775421143
752544,-64.21111297607422
752928,-55.64444351196289
753056,-8.472611427307129
753136,0.48361775279045105
753136,11.639326095581055
753600,-153.54757690429688
753616,-147.72523498535156
753728,-104.4000015258789
754128,-152.5852813720703
754160,-147.9108123779297
754240,-142.611328125
754368,-59.93708419799805
754448,-9.312647819519043
754528,-158.87107849121094
754896,-148.34161376953125
755024,-40.94100570678711
755040,-132.6714324951172
755152,-148.78359985351562
755248,-148.48434448242188
755536,-70.26040649414062
755712,-132.13031005859375
755840,-152.12693786621094
756272,-147.47415161132812
756336,26.104942321777344
756352,-134.1700439453125
756400,-118.99208068847656
756560,-144.5548553466797
756640,-144.6714324951172
756704,-77.34706115722656
756752,-142.5755157470703
757136,-124.9770736694336
757152,-145.18609619140625
757200,-98.21666717529297
757264,-137.03895568847656
757648,-146.8079071044922
758384,-146.611328125
758448,-143.39712524414062
758464,-143.00909423828125
758512,-142.8079071044922
758672,-139.99964904785156
758736,-142.81805419921875
758816,-159.1429443359375
758848,-157.62353515625
759232,-153.92218017578125
759296,-140.38426208496094
759456,-75.45471954345703
759584,26.781356811523438
760080,-72.78789520263672
760336,-140.4197235107422
760416,-139.5142822265625
760496,-138.35604858398438
760624,-149.80491638183594
760784,-131.85665893554688
760960,-145.18609619140625
761472,-139.0518035888672
762432,-124.39405822753906
762720,-152.5894775390625
762912,-78.32740020751953
763024,-144.35157775878906
763072,-159.97341918945312
763104,-194.7137451171875
763184,-89.98263549804688
763632,-147.97341918945312
763664,-156.07244873046875
763680,-68.26667022705078
763696,-101.73558044433594
763792,-53.478511810302734
763952,-16.606779098510742
764080,-3.660402774810791
764544,-151.59043884277344
764848,-157.73548889160156
765344,-59.193233489990234
765600,-73.62059783935547
765680,-147.99932861328125
765744,-141.3937225341797
765760,-144.885498046875
765808,-146.12777709960938
765904,-147.03150939941406
766064,-137.8979034423828
766192,-144.35157775878906
766240,-15.61391544342041
766960,-142.0084991455078
767104,-154.80967712402344
767312,-153.8979034423828
767328,-145.8979034423828
767456,-139.9108123779297
767696,-154.47515869140625
767776,-145.92218017578125
767792,-149.73548889160156
767872,-158.0084991455078
768016,-153.80491638183594
768176,-156.97708129882812
768240,-61.99473571777344
768288,-154.10769653320312
768352,-140.97708129882812
768784,-71.1500015258789
769056,-145.9443359375
769184,-12.713857650756836
769424,-167.72523498535156
769552,-127.80000305175781
769648,-89.56207275390625
769792,-158.886962890625
769888,-158.36654663085938
769984,-142.12777709960938
770352,-147.2025604248047
770400,-149.60000610351562
770464,-143.97341918945312
770480,-12.236363410949707
770928,-146.8079071044922
771168,-152.97708129882812
771216,-68.55901336669922
771296,-161.80491638183594
771664,-136.96218872070312
771904,-148.7064208984375
772000,-146.41168212890625
772096,-51.525447845458984
772096,-142.0084991455078
772240,-17.83067512512207
772464,-145.0937957763672
772496,-154.85882568359375
772512,-154.21075439453125
772560,-143.19393920898438
772576,-151.72523498535156
773040,-141.46803283691406
773328,-137.43333435058594
773392,-141.13333129882812
773568,-78.68218994140625
774016,4.583630084991455
774016,-149.3937225341797
774032,-76.08804321289062
774048,-82.7750015258789
774096,-147.5142822265625
774208,-145.8177947998047
774352,-139.50794982910156
774400,-144.34161376953125
774576,-141.43333435058594
774688,-147.72018432617188
774960,-52.74285888671875
775440,-138.582763671875
775680,-144.96218872070312
775936,-97.51851654052734
776128,-142.8079071044922
776128,-145.88125610351562
776144,-141.6664276123047
776208,-143.75466918945312
776304,-146.15615844726562
776512,-144.96218872070312
776688,-32.81888198852539
776816,-44.238128662109375
776912,-86.58840942382812
777024,-75.93333435058594
777040,-95.48344421386719
777200,-15.570870399475098
777344,-53.57741928100586
777552,-150.1227264404297
777984,-136.96218872070312
778048,-142.75692749023438
778240,-143.59933471679688
778256,-163.4744110107422
778416,-143.59043884277344
778624,-152.34161376953125
778784,-138.345458984375
779008,-151.19622802734375
779136,-118.5029296875
779296,-152.78359985351562
779920,-26.052940368652344
780096,-142.21075439453125
780432,-148.5548553466797
780528,-156.34161376953125
780736,-144.76666259765625
781120,-135.48709106445312
781248,-147.50794982910156
781264,-21.200000762939453
781408,-130.7409210205078
781552,-141.88125610351562
781760,-135.30307006835938
782016,-138.58261108398438
782256,-154.6571502685547
782464,-160.34161376953125
782464,-154.12777709960938
782512,-58.05789566040039
782528,-143.74305725097656
782640,-99.8586196899414
782848,-148.97708129882812
783376,-132.93894958496094
783520,-137.8979034423828
783552,-7.699283123016357
783568,-74.42469024658203
783648,-147.87547302246094
783664,-141.80491638183594
783872,-144.5548553466797
784128,-142.4565887451172
784576,-154.41168212890625
784624,-158.80967712402344
784720,-71.03972625732422
785200,26.09674835205078
785456,-151.99932861328125
785744,-152.39405822753906
785776,-151.04293823242188
785984,-134.5029296875
786784,-69.09274291992188
786880,-151.69322204589844
787312,-162.4276885986328
787456,-61.35384750366211
787472,-88.149658203125
787552,-137.4875030517578
787744,-145.46803283691406
787792,-138.12777709960938
787856,-131.58091735839844
787888,-152.1630859375
788096,-137.46803283691406
788864,13.673380851745605
788896,-141.6664276123047
788912,-73.7523193359375
788976,-144.19735717773438
789056,-82.58679962158203
789584,-143.25941467285156
789664,-148.72500610351562
789696,-159.4744110107422
789920,-15.527777671813965
789968,-147.99964904785156
789984,-159.72523498535156
790144,-78.26383209228516
790416,-75.81221008300781
790976,-144.5548553466797
791024,-150.36654663085938
791088,-145.6664276123047
791168,-152.38153076171875
791504,-138.81805419921875
791760,-158.0686492919922
791808,-141.8979034423828
792080,-145.00119018554688
792096,-145.8979034423828
792448,-95.8586196899414
792800,-142.21075439453125
793088,-143.59043884277344
793120,-151.38357543945312
793136,-143.47415161132812
793200,-143.25941467285156
793280,-151.69322204589844
793360,-51.79999923706055
793600,-134.83448791503906
793872,-126.611328125
793904,-154.36654663085938
794064,-72.53888702392578
794064,-152.5548553466797
794192,-139.74305725097656
794192,-80.77588653564453
794192,-154.41168212890625
794608,-140.4197235107422
794912,-139.03150939941406
795056,-22.476470947265625
795392,-137.9893035888672
796016,-143.2535858154297
796176,-139.47415161132812
796304,-140.96218872070312
796304,-137.43333435058594
796304,-149.19859313964844
797008,-57.08648681640625
797024,-132.6714324951172
797360,-140.96218872070312
797632,-62.51638412475586
798176,-145.9443359375
798288,-141.72962951660156
798416,-143.59043884277344
798416,-143.2535858154297
798416,-61.15034866333008
799120,-149.8979034423828
799136,-154.80967712402344
799440,-141.18609619140625
799616,-148.34161376953125
799744,-153.18609619140625
800064,-143.00909423828125
800176,-135.58091735839844
800288,-146.0084991455078
800384,-146.29200744628906
800512,-148.19735717773438
800528,-152.97708129882812
800736,-86.12727355957031
801552,-147.2025604248047
801584,-146.582763671875
801616,-131.62608337402344
802144,-61.20000076293945
802160,-146.15615844726562
802288,-145.8979034423828
802384,-152.24444580078125
802624,-148.24285888671875
802640,-152.5388641357422
802640,-142.85693359375
802832,-146.78305053710938
802992,-78.27449798583984
803056,-133.46803283691406
803264,0.15064935386180878
803344,-158.70265197753906
804080,-145.45802307128906
804240,-165.8000030517578
804400,-138.24705505371094
804496,-139.99964904785156
804736,-135.58091735839844
804752,-134.5029296875
805088,-161.73548889160156
805168,-147.88697814941406
805376,-132.40188598632812
805440,-145.7310333251953
805744,-147.5500030517578
805792,-141.80491638183594
806128,-79.27767181396484
806192,-143.7825469970703
806336,-146.3019256591797
806496,-146.1065673828125
806608,-148.7064208984375
806720,-149.6664276123047
806864,-147.59043884277344
807056,-150.611328125
807184,-148.1957550048828
807200,-8.604698181152344
807232,-6.1560282707214355
807280,-153.9689483642578
807472,-149.7310333251953
808432,-147.19393920898438
808608,-145.45802307128906
808960,-144.97647094726562
808976,-75.22718048095703
809168,-147.0067596435547
809200,-136.528564453125
809296,-142.41168212890625
809344,-150.8079071044922
809664,-137.20448303222656
809968,-121.18609619140625
810240,5.412734031677246
810544,-145.19859313964844
810656,-56.322967529296875
810928,-143.7825469970703
811088,-138.8079071044922
811504,-144.76666259765625
811776,14.968772888183594
812064,-149.3584442138672
812352,-159.47415161132812
812368,-49.71476364135742
812384,-146.0084991455078
812976,-47.560672760009766
813136,23.299999237060547
813200,-136.93894958496094
813424,-151.38357543945312
813488,-148.39405822753906
813616,-150.1731719970703
813872,-132.93894958496094
813888,-138.12777709960938
813920,-68.2931900024414
814464,-133.20448303222656
814480,-138.81805419921875
814656,-11.509634971618652
814864,-139.47415161132812
814976,-1.7428570985794067
815008,48.512699127197266
815152,-140.40188598632812
815312,-132.6714324951172
815488,-147.2535858154297
815536,-162.0084991455078
815600,-152.1630859375
815984,-130.36654663085938
816560,-146.10769653320312
816592,-135.00909423828125
816592,-142.41168212890625
816768,-137.43333435058594
816976,-148.5388641357422
817088,-150.3492431640625
817184,-139.9108123779297
817424,-153.8177947998047
817584,-64.58484649658203
817600,-137.43333435058594
817648,-129.00119018554688
817712,-151.0067596435547
818096,-147.47415161132812
818416,-165.9769287109375
818704,-144.5548553466797
818704,-144.6714324951172
818880,-146.611328125
819088,-120.34161376953125
819088,-118.76692962646484
819760,-143.47415161132812
819824,-143.99964904785156
819904,-47.44113540649414
820208,-141.6664276123047
820528,-159.7825469970703
820816,-155.69322204589844
820880,-136.96218872070312
821184,-23.701549530029297
821200,-136.24285888671875
821200,-146.41168212890625
821264,-49.4826774597168
821392,-142.12777709960938
821424,-47.0059928894043
821808,-149.5831298828125
821936,-136.24285888671875
822112,-81.6093521118164
822464,-81.3115005493164
822592,-89.23828125
822640,-137.20448303222656
822912,-146.36654663085938
823312,-140.72412109375
823312,-142.21075439453125
823504,-143.69322204589844
823536,-155.04293823242188
823760,-28.811111450195312
823904,-151.72523498535156
823920,-145.63845825195312
824048,-143.50794982910156
824128,-144.34161376953125
824560,-151.59933471679688
824704,-138.24705505371094
824752,-148.24285888671875
825024,-136.10000610351562
825360,41.458621978759766
825424,-139.9108123779297
825776,-146.611328125
825856,-146.83798217773438
826016,-122.58261108398438
826160,-132.6714324951172
826320,-148.14210510253906
826640,-145.18609619140625
826672,-139.9108123779297
826816,-157.9960174560547
827440,-56.8370361328125
827744,-149.72962951660156
827744,-145.80491638183594
827968,-118.3560562133789
828288,-79.0527114868164
828592,-149.8177947998047
828752,-71.40546417236328
828976,-133.20448303222656
829216,-72.64286041259766
829552,-141.8979034423828
829648,-147.59043884277344
829856,-146.1731719970703
830000,-143.7825469970703
830064,-152.07244873046875
830208,-50.233333587646484
830464,-153.18609619140625
830704,-139.69322204589844
830848,-146.47515869140625
831104,-94.4137954711914
831424,-62.50164031982422
831664,-153.3937225341797
831968,-155.21377563476562
832112,-142.80967712402344
832176,-151.9108123779297
832624,-69.4051742553711
832672,-33.31039047241211
832800,-77.32589721679688
832960,-155.59043884277344
833184,-135.50936889648438
833216,-135.75466918945312
833520,-142.83448791503906
833856,-132.40188598632812
834080,-139.85665893554688
834096,-139.99964904785156
834208,-149.9443359375
834288,-144.34161376953125
834736,-147.21377563476562
834784,-133.9893035888672
834864,-82.418701171875
834912,-139.6960906982422
834992,-70.00445556640625
835040,-82.67500305175781
835056,-144.86293029785156
835280,-156.97647094726562
835456,-98.70909118652344
835840,-77.32453155517578
835952,-142.78305053710938
836368,-101.77971649169922
836400,-140.97708129882812
836896,-139.69322204589844
837024,-152.5548553466797
837024,-144.34161376953125
837392,-142.0084991455078
837440,-135.00909423828125
837552,-131.4744110107422
837952,-141.18609619140625
838176,-26.365604400634766
838288,-151.89938354492188
838512,-146.80967712402344
838848,-64.12577056884766
838960,-158.21075439453125
839088,-141.3937225341797
839136,-153.27647399902344
839136,-144.5388641357422
839216,-142.21075439453125
839248,-145.3000030517578
839344,-21.579252243041992
839504,-151.2535858154297
839552,-138.75692749023438
839664,-141.60000610351562
840176,-79.42218780517578
840272,-152.19735717773438
840624,-135.25941467285156
841072,-129.88125610351562
841184,-137.86593627929688
841232,-3.6065292358398438
841248,-142.8079071044922
841328,-133.9893035888672
841600,-137.13333129882812
841776,-133.72962951660156
842128,54.65213394165039
842176,-149.19859313964844
842208,-84.73009490966797
842256,-148.19735717773438
842384,-139.75466918945312
843072,-148.38153076171875
843328,-147.59933471679688
843440,-144.5388641357422
843472,-150.8079071044922
843696,-57.405555725097656
843776,-135.50794982910156
843888,-135.30307006835938
844304,-150.98919677734375
844368,-140.34161376953125
844384,-141.43333435058594
844480,-149.16807556152344
844848,-141.8979034423828
844864,-136.13031005859375
845424,-143.19393920898438
845536,-139.28387451171875
845808,-127.48709869384766
845888,-136.72412109375
846000,-151.69322204589844
846336,-136.6714324951172
846384,-141.6664276123047
846480,-142.12777709960938
846496,-142.21075439453125
846784,-37.71282196044922
846960,-146.5242462158203
846976,-157.63845825195312
847648,-145.8177947998047
847696,-151.0067596435547
848224,-72.81787109375
848272,-44.856990814208984
848448,-141.99790954589844
848496,-133.91070556640625
848608,-137.19859313964844
848688,-150.41168212890625
848880,-146.58261108398438
849632,-120.34161376953125
849648,-129.5876007080078
849808,-151.7825469970703
850016,-148.5388641357422
850560,-149.27647399902344
850608,-132.93894958496094
850704,-135.58091735839844
850800,-141.80491638183594
851504,-61.99040985107422
851744,-143.2025604248047
851760,-154.57887268066406
851920,-147.2025604248047
852272,-53.06581497192383
852432,-142.611328125
852720,-142.0084991455078
852736,-137.43333435058594
852816,-144.1630859375
852912,-128.7031707763672
853616,-136.24285888671875
853856,-146.47515869140625
854032,-135.50794982910156
854224,-138.12777709960938
854384,-139.99964904785156
854528,-147.39730834960938
854736,23.314085006713867
854768,-140.24285888671875
854912,-127.59933471679688
854928,-138.5029296875
855024,-132.93894958496094
855728,-144.5548553466797
855968,-156.18743896484375
856256,-67.20469665527344
856496,-141.60000610351562
856736,-139.5142822265625
856784,-1.2315789461135864
856832,-158.83798217773438
856880,-147.2025604248047
856880,-87.3226547241211
856928,-142.21075439453125
856960,-138.582763671875
857024,-141.9893035888672
857040,-135.00909423828125
857312,16.519540786743164
857344,-95.02091217041016
857552,15.295817375183105
857776,-22.487789154052734
857920,-19.976398468017578
858080,-145.18609619140625
858384,-50.74736785888672
858944,-141.46803283691406
858992,-154.87107849121094
859456,-135.30307006835938
859520,-7.085320949554443
859648,-141.13333129882812
860192,-141.8979034423828
860256,-60.148719787597656
860912,-73.61370086669922
861056,-146.87107849121094
861104,-136.40188598632812
861216,-87.02237701416016
861248,-145.45802307128906
861264,-155.88697814941406
861408,-50.66557312011719
861520,-138.75692749023438
861568,-135.00909423828125
861616,-147.8000030517578
862080,-55.38571548461914
862288,-142.1065673828125
863024,-147.2535858154297
863120,-129.59019470214844
863152,-104.44161224365234
863168,-146.0084991455078
863328,-151.97341918945312
863360,-152.05279541015625
863520,-140.5548553466797
863552,-46.52592468261719
863632,-143.59043884277344
863680,-138.75692749023438
864400,-134.75692749023438
864704,-137.43333435058594
865136,-136.96218872070312
865248,-146.78305053710938
865280,-131.0230712890625
865472,-147.2025604248047
865616,-11.222267150878906
865664,-140.5548553466797
865760,-71.5433578491211
865792,-139.50794982910156
866304,-151.39712524414062
866464,-38.43684387207031
866800,-153.9443359375
867232,-146.98919677734375
867360,-139.00909423828125
867376,-147.89938354492188
867776,-141.18609619140625
867872,-155.21377563476562
867888,-158.38754272460938
867952,-145.60000610351562
868416,-134.5029296875
868560,-149.74594116210938
868608,-144.72412109375
868688,-152.78359985351562
868912,-151.9108123779297
868992,-66.71885681152344
869024,-0.8872909545898438
869344,-132.6714324951172
869648,-106.46065521240234
869664,-140.48434448242188
869824,-148.96218872070312
869856,-142.12777709960938
869872,-140.1957550048828
869968,-147.74305725097656
870000,-135.99964904785156
870064,-79.89292907714844
870528,-145.18609619140625
870720,-143.9108123779297
870800,-148.90997314453125
871024,-146.0084991455078
871136,-138.35604858398438
871296,-81.87692260742188
871456,-138.35604858398438
871584,-139.9108123779297
871760,-127.19393920898438
871920,-145.3584442138672
871968,-143.39712524414062
872080,-151.2025604248047
872096,-145.73548889160156
872288,-45.915828704833984
872640,-136.7031707763672
872832,-139.47415161132812
873136,-143.9108123779297
873168,-18.893749237060547
873552,-138.58261108398438
873696,-136.96218872070312
873872,-150.8079071044922
873872,-144.5548553466797
874192,-149.80491638183594
874192,-149.16807556152344
874400,-138.582763671875
874752,-132.93894958496094
874752,-87.70735168457031
875008,-152.07244873046875
875280,-137.43333435058594
875632,-37.24444580078125
875664,-151.46841430664062
875760,-89.4208755493164
875808,-141.18609619140625
875984,-111.85665130615234
876176,-145.18609619140625
876288,-144.78359985351562
876304,-138.582763671875
876496,-144.64210510253906
876512,-139.69322204589844
876864,-137.19859313964844
877056,-144.96218872070312
877120,-143.00909423828125
877392,-153.60000610351562
877776,-151.55238342285156
877920,-147.39712524414062
878080,-143.8000030517578
878080,-143.28387451171875
878112,-53.02631759643555
878288,-139.47415161132812
878400,-142.8079071044922
878416,-140.48434448242188
878592,-145.51626586914062
878608,-146.47515869140625
878848,-0.9643835425376892
879120,-96.68888854980469
879168,-147.55238342285156
879216,-139.74305725097656
880032,-145.3937225341797
880384,-149.08876037597656
880400,-96.73332977294922
880496,-146.83448791503906
880880,-101.00173950195312
881072,-141.4875030517578
881136,-67.33158111572266
881232,-153.43333435058594
881312,-150.6571502685547
881616,-42.815093994140625
881616,-123.00675201416016
882144,-137.8979034423828
882304,-138.35604858398438
882320,-129.94517517089844
882336,-140.40188598632812
882496,-146.21075439453125
882608,-146.80967712402344
882640,-152.7064208984375
882816,-128.7031707763672
883248,-152.5548553466797
883344,-137.9893035888672
883696,-13.089743614196777
883728,-135.75466918945312
883728,-142.12777709960938
883744,-60.16779708862305
884400,-145.51626586914062
884432,-130.1700439453125
884624,-142.582763671875
884800,-86.79784393310547
884832,11.466666221618652
884912,-132.65374755859375
885296,-147.2535858154297
885360,-132.93894958496094
885456,-141.80491638183594
885840,-135.75466918945312
886512,-132.13031005859375
886544,-189.47021484375
886544,-146.3492431640625
886912,-132.40188598632812
886928,-145.3584442138672
887632,8.84615421295166
887728,-145.51626586914062
887744,-72.19937133789062
887952,-42.124324798583984
887952,-13.457950592041016
887952,-145.27647399902344
888000,-143.99964904785156
888624,-138.582763671875
888656,-133.20448303222656
888848,-141.18609619140625
889024,-147.97341918945312
889280,-139.99964904785156
889296,-44.47142791748047
889504,-150.0084991455078
889568,-137.00119018554688
889856,-136.96218872070312
890000,-146.5029296875
890064,-139.2535858154297
890064,-149.43333435058594
890096,-152.41539001464844
890736,-140.97708129882812
891120,-148.75413513183594
891328,-74.75814056396484
891392,-150.69818115234375
891408,-144.5548553466797
891616,-143.03150939941406
891744,-138.12777709960938
891952,-148.34161376953125
892048,-19.08730125427246
892160,-151.9108123779297
892176,-139.03150939941406
892176,-139.47415161132812
892384,-77.88775634765625
893088,11.11228084564209
893440,-148.34161376953125
893472,-83.45454406738281
893504,-135.50794982910156
893520,-143.03150939941406
894048,-149.51626586914062
894144,-133.4875030517578
894192,-153.92218017578125
894272,-142.75692749023438
894496,-142.21075439453125
894592,28.22834587097168
895184,-141.9443359375
895584,-148.97708129882812
895632,-144.5388641357422
895840,-137.59019470214844
896160,-137.6664276123047
896160,-138.582763671875
896256,-135.50794982910156
896400,-145.60000610351562
896400,-132.93894958496094
896688,-138.1065673828125
897232,-147.47415161132812
897296,-149.19859313964844
897696,-142.0084991455078
897728,-146.1065673828125
897952,-139.75466918945312
898176,-80.20359802246094
898256,-141.62353515625
898368,-144.34161376953125
898416,-147.39712524414062
898496,-151.37367248535156
898512,-148.96218872070312
898720,-142.35604858398438
899056,-67.74285888671875
899696,-78.0526351928711
899712,-31.38593101501465
900064,-139.69322204589844
900064,-41.3899040222168
900192,-68.2931900024414
900464,-137.76109313964844
900512,-156.5894775390625
900624,-157.63845825195312
900832,-155.59043884277344
900880,-140.72412109375
900944,-141.80491638183594
901152,-100.22650146484375
901728,-7.711111068725586
901808,-138.35604858398438
901808,-158.6571502685547
902304,-146.12777709960938
902464,-141.13333129882812
902624,-155.72018432617188
902704,-127.05179595947266
902736,-143.39712524414062
902944,-150.582763671875
902976,-158.47515869140625
903056,-144.5548553466797
903264,-138.75692749023438
903920,-140.12693786621094
903920,-148.86744689941406
904576,-146.1731719970703
904672,-142.58261108398438
904688,-154.72921752929688
904736,-137.20448303222656
904816,-138.24705505371094
905040,-146.83798217773438
905072,-130.0686492919922
905088,-83.20970153808594
905168,-143.9108123779297
905376,-141.60000610351562
905952,-139.69322204589844
906032,-157.34495544433594
906688,-135.75466918945312
906784,-135.75466918945312
906800,-144.97708129882812
906848,-145.80491638183594
907024,-69.90318298339844
907152,-151.03150939941406
907168,-164.07244873046875
907200,-138.12777709960938
907264,-143.59933471679688
907488,-143.0067596435547
908000,-20.100000381469727
908064,-145.3937225341797
908128,-158.38754272460938
908304,-153.9960174560547
908912,-147.2535858154297
909184,-63.64444351196289
909312,-143.03150939941406
909376,-147.39712524414062
909472,-67.69959259033203
910176,-148.1630859375
910240,-147.2025604248047
910416,-142.35604858398438
910448,-46.31014633178711
910736,-155.97341918945312
910800,-89.32605743408203
910848,-151.02737426757812
911072,-140.24285888671875
911152,-138.81805419921875
911392,-131.30307006835938
911488,-135.00909423828125
911584,-140.76666259765625
911712,-138.582763671875
912272,-142.78305053710938
912544,-140.1957550048828
912960,-143.03150939941406
913200,-53.896629333496094
913392,-128.7031707763672
913456,-71.04035186767578
913584,-141.37933349609375
913680,-142.58261108398438
913824,-142.75692749023438
914384,-148.05279541015625
914480,-150.83798217773438
914832,-141.60000610351562
914944,-136.24285888671875
915248,-63.581851959228516
915312,-139.69322204589844
915344,-64.71685028076172
915360,-151.32186889648438
915504,-142.611328125
915696,-145.8177947998047
915920,-147.97341918945312
916352,-17.235841751098633
916688,-91.36227416992188
916896,-44.49961853027344
916944,-144.5548553466797
917088,-52.69893264770508
917280,-70.16511535644531
917360,-140.48434448242188
917440,-139.0518035888672
917600,-140.885498046875
917680,-141.43333435058594
917760,-142.12777709960938
917808,-136.93894958496094
917904,-142.0084991455078
918656,-91.04444122314453
918704,11.396587371826172
918992,-144.78359985351562
919056,-149.8979034423828
919392,-137.46803283691406
919472,-135.58091735839844
919520,-151.8000030517578
919552,-147.89938354492188
919568,-46.41579055786133
919776,-139.0518035888672
919856,-141.3000030517578
919920,-145.6664276123047
919920,-59.13548278808594
920144,-148.38153076171875
920768,-135.75466918945312
921104,-135.25941467285156
921296,15.007452964782715
921504,-151.59043884277344
921584,-145.9893035888672
921664,-140.96218872070312
922000,-54.6588249206543
922032,-137.6664276123047
922112,-161.6587371826172
922256,-141.80491638183594
922384,0.2838926315307617
922928,-143.2025604248047
923200,-151.97021484375
923376,-13.23180103302002
923408,-143.03150939941406
923536,-47.70000076293945
923616,-143.59043884277344
923664,-80.30683898925781
923680,-60.285186767578125
923696,-144.72500610351562
924112,-147.99964904785156
924368,-135.99964904785156
924432,-50.11538314819336
925040,-145.18609619140625
925488,-157.9960174560547
925520,-151.55238342285156
925648,-148.12693786621094
925648,-133.72962951660156
926048,-54.115684509277344
926176,-141.60000610351562
926320,-150.15615844726562
926480,-147.59043884277344
926544,-145.20448303222656
926864,-134.5029296875
927072,-38.508392333984375
927136,-33.900787353515625
927152,-138.582763671875
927424,-140.97708129882812
927632,-139.47415161132812
927920,-136.13031005859375
927936,-52.26433563232422
928112,-78.64193725585938
928432,-137.19859313964844
928528,-45.71282196044922
928576,-154.70265197753906
928848,-80.60413360595703
928976,-143.39712524414062
929184,-123.69322204589844
929248,-146.41168212890625
929264,-168.34161376953125
929536,-121.39373016357422
929728,-141.51626586914062
930048,-134.24705505371094
930176,-25.94285774230957
930224,-141.43333435058594
930528,-142.15615844726562
930688,-140.34161376953125
930960,-123.97341918945312
931312,-57.85584259033203
931648,-135.25941467285156
931920,-78.83155822753906
932144,-147.55238342285156
932144,-147.72523498535156
932336,-142.0084991455078
932640,-147.39712524414062
933040,-60.8237419128418
933072,-140.5548553466797
933136,-54.531036376953125
933472,-142.5029296875
933760,-137.72962951660156
934032,-140.12693786621094
934064,-136.6358184814453
934256,-156.35157775878906
934320,-131.85665893554688
934384,-136.72412109375
934448,-141.43333435058594
934864,-145.0937957763672
935152,-141.6664276123047
935184,-144.12693786621094
935248,-146.8079071044922
935504,-142.15615844726562
935584,-139.2535858154297
935872,-146.80967712402344
936176,-138.582763671875
936432,-137.9893035888672
936496,-143.69322204589844
936544,-149.41934204101562
936656,-8.434853553771973
936720,-61.055843353271484
936864,-154.3492431640625
937264,-139.9108123779297
937296,-142.75692749023438
937984,-150.69818115234375
938256,-139.9108123779297
938272,-152.24444580078125
938384,-147.38357543945312
938480,-143.39712524414062
938592,-145.51626586914062
938752,-148.9219512939453
938944,-73.85094451904297
938960,-146.345458984375
939328,-85.4208755493164
939376,-141.8979034423828
939408,-138.75692749023438
939472,-43.122802734375
940368,-139.9108123779297
940496,-143.50794982910156
940864,-144.97708129882812
940944,-137.43333435058594
941072,-42.822776794433594
941392,-49.93333435058594
941440,-135.00909423828125
941504,-145.16807556152344
941584,-149.9960174560547
942208,-146.87107849121094
942752,-142.80967712402344
942928,-85.66521453857422
943168,-137.37933349609375
943184,-143.7825469970703
943248,-135.50794982910156
943488,-30.162277221679688
943504,-142.582763671875
943840,-78.31314086914062
943888,-71.3643798828125
944592,-135.99964904785156
944848,-143.19393920898438
944960,15.547760963439941
945088,-145.18609619140625
945280,-132.40188598632812
945280,-148.78359985351562
945344,-141.51626586914062
945584,-140.1957550048828
945664,-142.0084991455078
945808,-134.4565887451172
946080,-33.579715728759766
946304,-142.12777709960938
946432,-140.12693786621094
946704,-150.21075439453125
946960,-116.72411346435547
947056,-143.0518035888672
947152,-135.75466918945312
947392,-146.21075439453125
947456,-135.00909423828125
947696,-143.9108123779297
947920,-148.97708129882812
947984,-77.78311920166016
948416,-137.0275421142578
948448,-61.34626770019531
948800,-142.78305053710938
949040,-9.631579399108887
949056,-137.62353515625
949168,-143.0067596435547
949488,-138.81805419921875
949520,-148.39405822753906
949568,-143.9108123779297
949888,-139.69322204589844
950128,-56.52553176879883
950400,-125.35918426513672
950528,-140.72412109375
950912,-146.41168212890625
950928,-145.80491638183594
951152,-140.97708129882812
951168,-136.72412109375
951280,-144.1630859375
951616,-144.5388641357422
951616,-149.5831298828125
951680,-141.9893035888672
951840,-76.50895690917969
952000,-142.41168212890625
952384,1.1267974376678467
952512,-56.18301773071289
952512,-141.3937225341797
952640,-145.9893035888672
952928,-141.9443359375
953040,-141.18609619140625
953040,-157.34495544433594
953280,-147.59043884277344
953328,-26.145992279052734
953728,-135.50794982910156
953728,-145.45802307128906
953776,-145.80491638183594
954112,-115.2594223022461
954352,-7.66863489151001
954624,-147.97341918945312
954864,-56.209678649902344
955040,-74.39218139648438
955152,-148.54444885253906
955376,-149.41934204101562
955840,-141.60000610351562
955872,-149.92218017578125
956048,-136.13031005859375
956128,-30.56131362915039
956224,-150.41168212890625
956464,-142.582763671875
956736,-146.69818115234375
956960,-143.39730834960938
957120,-46.314571380615234
957152,-137.8979034423828
957248,-144.90997314453125
957472,-141.80491638183594
957488,-141.8979034423828
957952,-138.86422729492188
957984,-145.19859313964844
958000,-150.5242462158203
958112,-38.09795379638672
958160,-140.72412109375
958784,-85.72509002685547
958848,-133.46803283691406
959072,-143.9108123779297
959248,-150.03256225585938
959360,-148.1630859375
959440,-84.73985290527344
960064,-139.25941467285156
960096,-139.03150939941406
960112,-141.18609619140625
960256,-139.5142822265625
960320,-151.59933471679688
961168,-139.0518035888672
961472,-147.55238342285156
961552,-144.35157775878906
961696,-143.39712524414062
962176,-125.81779479980469
962224,-132.13031005859375
962320,-150.275634765625
962368,-143.75466918945312
962432,-135.99964904785156
962560,-1.5878981351852417
962960,-79.2884750366211
963040,-140.4197235107422
963264,-141.51626586914062
963344,-32.988887786865234
963664,-147.7825469970703
963792,-136.38426208496094
964208,-70.97100830078125
964336,-137.19859313964844
964544,-143.2535858154297
964656,-86.36259460449219
964656,-151.39730834960938
964672,-21.192981719970703
964784,-20.147876739501953
964928,-58.209678649902344
965072,-147.03150939941406
965104,-142.12777709960938
965152,-149.8142852783203
965376,-148.35157775878906
965456,-139.30307006835938
965584,-149.0099639892578
966320,-139.9108123779297
966400,-141.80491638183594
966432,-145.16807556152344
966656,-133.72962951660156
966752,-134.56922912597656
966768,-138.24705505371094
966896,-151.21377563476562
967104,-51.866424560546875
967168,-137.76109313964844
967216,-140.97708129882812
967376,-82.31428527832031
967568,-142.41168212890625
967600,-61.48448944091797
967696,-139.2535858154297
968512,-136.48434448242188
968528,-142.15615844726562
968592,-97.38571166992188
968704,-143.74305725097656
968752,-122.98918914794922
968864,-147.00909423828125
969008,-145.27647399902344
969024,-115.77545928955078
969504,-59.64444351196289
969584,-141.3000030517578
969792,-147.19622802734375
970640,-139.03150939941406
970688,-142.58261108398438
970800,-142.5755157470703
970944,-61.99040985107422
970976,-152.1630859375
971344,-71.0600814819336
971696,-142.35604858398438
971920,-64.32296752929688
972128,-63.03877639770508
972912,-144.5548553466797
972976,-136.24285888671875
973056,-138.8079071044922
973088,-136.40188598632812
973216,-140.5548553466797
973440,-135.61817932128906
973808,-145.3937225341797
973840,-146.29200744628906
973888,-135.79478454589844
974000,-140.1957550048828
974272,-138.8079071044922
974576,-39.476924896240234
974848,-153.16807556152344
974912,-133.46803283691406
975088,-126.611328125
975200,-137.19859313964844
975296,-64.71685028076172
975360,-76.78111267089844
975552,-143.2535858154297
975616,-16.155555725097656
975920,-146.80967712402344
975952,-155.04293823242188
975984,-150.1065673828125
977024,-150.3492431640625
977424,-153.5831298828125
977472,-143.97341918945312
977664,-160.2176513671875
977712,-147.01766967773438
977760,-145.27647399902344
977776,-61.64444351196289
978064,-139.47415161132812
978096,-139.25941467285156
978224,-142.0084991455078
978400,-48.05512237548828
978480,-129.29684448242188
979296,-122.3665542602539
979392,-57.34329605102539
979424,-31.571815490722656
979536,-152.12693786621094
979584,-141.80491638183594
979696,-157.92218017578125
979776,-137.43333435058594
979872,-145.45802307128906
979888,-137.9893035888672
980176,-132.40188598632812
980208,-139.03150939941406
980512,-135.75466918945312
980592,-66.45185089111328
980592,-140.48434448242188
981408,-142.5029296875
981504,-144.1630859375
981536,-144.48434448242188
981648,-139.47415161132812
981696,-153.9960174560547
981776,-142.80967712402344
981984,-144.97708129882812
982288,-138.35604858398438
982336,-69.47460174560547
982624,-149.18609619140625
982720,-42.92253494262695
983248,-50.280460357666016
983600,-148.64210510253906
983632,-140.1957550048828
983760,-153.6587371826172
983920,-135.99964904785156
984000,-135.99964904785156
984096,-129.88125610351562
984240,-73.61641693115234
984720,-150.47515869140625
984816,-143.0067596435547
985328,2.4358973503112793
985360,-148.97708129882812
985712,-143.0067596435547
985728,-143.8000030517578
985872,-144.12693786621094
985920,-138.35604858398438
986400,-51.93708419799805
986832,-140.96218872070312
987168,-150.38754272460938
987440,-136.93894958496094
987472,-142.0084991455078
987840,-129.00119018554688
987984,-149.63845825195312
988032,-147.0067596435547
988320,-128.7031707763672
988400,-147.47415161132812
988416,-144.76666259765625
988512,-133.9893035888672
988624,-127.17692565917969
988672,-150.0084991455078
989024,-33.7343635559082
989280,-66.07320404052734
989312,-82.96826171875
989552,-138.12777709960938
989632,-167.2017059326172
989936,-141.0822296142578
990096,-144.12693786621094
990144,-145.63845825195312
990432,-137.9893035888672
990528,-146.582763671875
990608,-150.29200744628906
990736,-146.75692749023438
991136,-141.43333435058594
991392,-153.8177947998047
991424,-147.9108123779297
991680,-146.78305053710938
991728,-149.73548889160156
992208,-145.8979034423828
992240,-139.5142822265625
992528,-145.73548889160156
992624,-135.85665893554688
992720,-139.00909423828125
992896,-146.12777709960938
993024,-86.36259460449219
993520,-141.9443359375
993840,-147.04293823242188
993840,-64.08212280273438
994320,-136.48434448242188
994352,-146.3492431640625
994400,-72.11817932128906
994736,-135.75466918945312
994832,-145.80491638183594
994976,-55.64109420776367
995248,-78.8121109008789
995296,-94.54689025878906
995344,-145.73548889160156
995600,-151.38357543945312
995616,-143.39730834960938
995728,-18.700000762939453
995872,-143.0067596435547
995888,-150.22857666015625
995936,-140.885498046875
995952,-141.19859313964844
996448,-148.07244873046875
996944,-150.41168212890625
997088,-148.1630859375
997360,-132.6714324951172
997360,-194.4919891357422
997408,-147.55238342285156
997440,-139.0518035888672
997712,-146.611328125
997712,-143.39730834960938
997840,-143.2535858154297
997984,-137.8979034423828
998000,-147.03150939941406
998032,-149.73548889160156
998048,-141.51626586914062
998080,-38.1686897277832
998544,-139.9108123779297
998560,-135.99964904785156
998624,-141.4937286376953
999056,-136.40188598632812
999520,-140.34161376953125
999520,-39.70000076293945
999824,-142.21075439453125
1000000,-89.98148345947266
1000096,-131.30307006835938
1000096,-139.74305725097656
1000400,-78.07859802246094
1000480,-38.569698333740234
1000576,-52.72063446044922
1000720,-144.19735717773438
1001168,-120.55484771728516
1001632,-139.47415161132812
1001632,-146.36654663085938
1001936,-143.7825469970703
1002048,-153.0937957763672
1002112,-138.582763671875
1002208,-148.5548553466797
1002512,-153.9689483642578
1002640,-17.50594711303711
1002784,-139.85665893554688
1002816,-134.03256225585938
1003264,-149.0822296142578
1003552,-5.991695404052734
1003648,36.56756591796875
1003728,-150.83798217773438
1004000,-50.39253616333008
1004048,-131.58091735839844
1004224,-130.7409210205078
1004704,-148.72500610351562
1005136,-78.09928131103516
1005760,-144.90997314453125
1005808,-149.0937957763672
1005824,-138.345458984375
1005904,-151.04293823242188
1006112,-134.5029296875
1006160,-145.27647399902344
1006160,-139.2535858154297
1006272,-140.48434448242188
1006528,-88.10356140136719
1006816,-135.75466918945312
1007232,-146.47515869140625
1007344,-90.74732971191406
1007472,-143.99932861328125
1007776,-151.2025604248047
1007872,-146.35604858398438
1007920,-145.60000610351562
1008016,-144.76666259765625
1008224,-136.93894958496094
1008272,-144.48434448242188
1008272,-136.96218872070312
1008528,-14.74951171875
1008544,-78.39288330078125
1009040,-133.46803283691406
1009344,-143.2025604248047
1009456,-150.0084991455078
1009888,-140.76666259765625
1009984,-143.47415161132812
1010384,-43.614803314208984
1010384,-150.611328125
1010496,-81.56938934326172
1010640,-143.25941467285156
1010656,-147.7825469970703
1010928,-123.20256042480469
1011008,-142.582763671875
1011040,-146.0084991455078
1011440,-147.5500030517578
1011456,-26.66030502319336
1011568,-149.60000610351562
1012000,-138.86422729492188
1012496,-143.47415161132812
1012496,-139.9108123779297
1013040,-143.03150939941406
1013072,-41.002723693847656
1013152,-147.97341918945312
1013552,-145.16807556152344
1013552,-126.52424621582031
1013680,-137.6664276123047
1014192,-138.81805419921875
1014864,-139.03150939941406
1015008,-34.10283660888672
1015152,-67.74285888671875
1015184,-136.24285888671875
1015232,-142.35604858398438
1015392,-93.28075408935547
1015504,-136.96218872070312
1015632,-138.8079071044922
1015664,-141.3937225341797
1016208,-148.76666259765625
1016304,-146.21075439453125
1016864,-141.3937225341797
1016960,-149.5831298828125
1017104,-143.59933471679688
1017376,-150.4276885986328
1017632,-65.87127685546875
1017856,-64.6937026977539
1018112,-49.93333435058594
1018560,-78.32740020751953
1018672,44.57567596435547
1018816,-145.9443359375
1018976,-142.41168212890625
1019072,-150.21075439453125
1019120,-82.0404281616211
1019216,-144.34161376953125
1019408,-143.7825469970703
1019664,-139.69322204589844
1019856,-143.7825469970703
1019888,-131.59152221679688
1020528,-149.45802307128906
1020560,-69.43514251708984
1020656,-144.39405822753906
1020912,-144.78359985351562
1021088,-145.27647399902344
1021168,-161.9077911376953
1021232,-148.1630859375
1021520,-144.35157775878906
1021776,-141.3937225341797
1021840,-131.30307006835938
1021952,-65.64444732666016
1021968,-140.34161376953125
1022080,-147.9108123779297
1022304,-73.43521881103516
1023280,-157.27647399902344
1023344,-145.8177947998047
1023632,-137.43333435058594
1023888,-127.7947769165039
1023952,-145.0937957763672
1024192,-145.60000610351562
1024224,-106.46065521240234
1024416,-147.7825469970703
1024752,-139.50794982910156
1024864,-147.59043884277344
1025312,-136.48434448242188
1025392,-146.0084991455078
1025440,-146.29200744628906
1025552,-140.34161376953125
1026000,-139.99964904785156
1026064,-140.5548553466797
1026176,-116.885498046875
1026304,-150.12777709960938
1026336,-141.8979034423828
1026720,-75.19676208496094
1026848,-143.5142822265625
1026992,-65.79207611083984
1027264,-142.12777709960938
1027488,-142.345458984375
1027520,-140.86293029785156
1027536,-136.885498046875
1027616,-78.83180236816406
1027648,-146.5755157470703
1027808,-47.560672760009766
1027856,-136.96218872070312
1028112,-150.1731719970703
1028400,-145.3000030517578
1028448,-140.5548553466797
1028512,-66.5628662109375
1028832,-137.43333435058594
1028960,-147.00909423828125
1029088,-144.34161376953125
1029104,-137.19859313964844
1029376,-148.12693786621094
1029600,-138.582763671875
1029632,-141.72962951660156
1029920,-140.97708129882812
1029952,-143.97021484375
1030048,-54.6588249206543
1030512,-143.99964904785156
1030560,-142.0084991455078
1030624,-149.50230407714844
1031200,-144.1630859375
1031216,-138.35604858398438
1031744,-137.43333435058594
1031872,-138.35604858398438
1032064,-141.18609619140625
1032208,-92.13636016845703
1032560,-38.18447494506836
1032624,-134.75692749023438
1032656,-141.60000610351562
1033184,-139.25941467285156
1033312,-134.75692749023438
1033312,-144.19735717773438
1033408,-59.28384017944336
1033856,-143.99964904785156
1033968,-139.97021484375
1034096,-132.40188598632812
1034672,-137.19859313964844
1034768,-144.6358184814453
1035072,-44.43882751464844
1035216,-134.75692749023438
1035296,-142.21075439453125
1035424,-139.9108123779297
1035504,-137.37933349609375
1035712,-135.00909423828125
1035968,-150.87107849121094
1036080,-133.72962951660156
1036176,-150.0084991455078
1036208,-141.60000610351562
1036400,-136.38426208496094
1036576,-66.3724136352539
1036768,-145.16807556152344
1036864,-127.7947769165039
1036880,-141.60000610351562
1037168,-140.4197235107422
1037408,-142.8079071044922
1037824,-133.20448303222656
1037936,-44.438568115234375
1037984,-35.04386520385742
1038080,-143.7825469970703
1038288,-133.9893035888672
1038320,-146.21075439453125
1038512,-143.9108123779297
1038528,-53.405555725097656
1038688,-143.75466918945312
1038944,-44.53333282470703
1038976,-144.97647094726562
1039120,-78.32740020751953
1039440,-139.50794982910156
1039792,-56.18301773071289
1039936,-142.21075439453125
1040048,-154.72921752929688
1040192,-143.0067596435547
1040400,-143.47415161132812
1040432,-139.03150939941406
1040624,-140.76666259765625
1040800,-139.25941467285156
1040816,-109.42879486083984
1041056,-141.3937225341797
1041088,-143.39712524414062
1041216,-154.98919677734375
1041392,-149.6587371826172
1041904,-151.7825469970703
1042160,-136.24285888671875
1042192,-140.4197235107422
1042512,-143.97341918945312
1042544,-133.72962951660156
1042720,-148.5894775390625
1042896,-134.83448791503906
1042928,-138.8079071044922
1043168,-130.4565887451172
1043184,-140.76666259765625
1043200,-137.19859313964844
1043504,-136.24285888671875
1043632,-71.67261505126953
1044272,-150.87107849121094
1044448,-144.97708129882812
1044640,-62.5538444519043
1044656,-144.72500610351562
1044992,-151.99932861328125
1045040,-144.24285888671875
1045280,-140.34161376953125
1045312,-136.93894958496094
1045616,-147.2535858154297
1045728,-119.97021484375
1046112,-140.97708129882812
1046384,-144.5388641357422
1046560,-123.97341918945312
1046736,-131.30307006835938
1046752,-151.21377563476562
1046768,-137.8979034423828
1046944,-133.9893035888672
1047424,-148.72500610351562
1047504,-59.00526428222656
1047728,-133.20448303222656
1048272,-135.0230712890625
1048624,-136.96218872070312
1048624,30.751127243041992
1048720,-59.072383880615234
1048848,-143.39730834960938
1048880,-133.72962951660156
1049056,-145.60000610351562
1049216,-135.0230712890625
1049264,-27.7277774810791
1049472,-127.72523498535156
1049920,-17.799999237060547
1049936,-115.50794219970703
1050336,-139.2535858154297
1050368,-136.6358184814453
1050736,-147.2025604248047
1050960,-147.00909423828125
1050976,-140.86293029785156
1051120,-148.5548553466797
1051168,-143.9108123779297
1051584,-137.6664276123047
1051936,-138.12777709960938
1052032,-139.2535858154297
1052048,-147.38357543945312
1052432,-150.85882568359375
1052480,-140.24285888671875
1052832,-148.07244873046875
1053264,-147.72523498535156
1053312,-69.8484878540039
1053440,-144.1630859375
1053488,-142.35604858398438
1053696,-151.59043884277344
1054144,-140.6714324951172
1054208,-94.96131134033203
1054240,-137.70645141601562
1054528,-141.7310333251953
1054592,-142.611328125
1054944,-138.12777709960938
1054944,-137.72962951660156
1055184,-153.9077911376953
1055328,-148.76666259765625
1055376,-138.8079071044922
1056144,-145.73548889160156
1056256,-143.2025604248047
1056256,-142.0084991455078
1056320,-138.24705505371094
1056640,-140.5548553466797
1056704,-143.59043884277344
1057264,-77.32453155517578
1057296,-147.97341918945312
1057440,-138.24705505371094
1057488,-149.0937957763672
1057664,-134.5029296875
1057744,-141.51626586914062
1058256,-137.8979034423828
1058320,-148.2176513671875
1058432,-132.93894958496094
1058464,-140.96218872070312
1058720,-53.63469314575195
1058736,-139.0518035888672
1058816,-148.1630859375
1059120,-148.24444580078125
1059360,-128.39405822753906
1059552,-135.75466918945312
1059776,-142.611328125
1059856,-139.03150939941406
1060352,-82.43277740478516
1060528,-147.19393920898438
1060560,-140.1957550048828
1060752,-74.23332977294922
1060832,-138.582763671875
1061568,-49.733333587646484
1061600,-139.97021484375
1061680,-141.0822296142578
1061808,-77.94509887695312
1061888,-148.05279541015625
1062224,-70.7151107788086
1062480,-143.2535858154297
1062528,-136.6358184814453
1062640,-113.94999694824219
1062640,-137.8979034423828
1062672,-134.75692749023438
1062944,-134.5029296875
1063552,-141.37692260742188
1063648,-144.5388641357422
1063680,-163.21377563476562
1063776,-149.73548889160156
1063920,-143.9108123779297
1064640,-134.0084991455078
1064768,-142.36654663085938
1065008,-66.7151107788086
1065024,-75.13841247558594
1065056,-137.8979034423828
1065248,-99.28498077392578
1065648,-131.89938354492188
1065664,-140.34161376953125
1065920,-88.86923217773438
1066032,-139.69322204589844
1066320,-66.22972869873047
1066752,-134.5029296875
1066880,-145.60000610351562
1067120,-144.24285888671875
1067136,-139.69322204589844
1067760,-134.5029296875
1067776,-140.34161376953125
1068144,-137.19859313964844
1068192,-81.32453155517578
1068544,-138.12777709960938
1068992,-142.80967712402344
1069104,-152.95254516601562
1069232,-139.03150939941406
1069248,-138.8079071044922
1069264,-137.13333129882812
1069792,-140.64210510253906
1069872,-142.98919677734375
1070064,-88.0999984741211
1070256,-133.20448303222656
1070288,35.45611572265625
1070416,-63.22413635253906
1070416,-142.611328125
1070656,-134.75692749023438
1070960,-136.48434448242188
1071104,-142.582763671875
1071632,-70.19567108154297
1071648,-68.16666412353516
1071904,-131.21377563476562
1072160,-144.5894775390625
1072528,-136.40188598632812
1072528,-141.18609619140625
1072656,-147.69322204589844
1072768,-148.54444885253906
1072768,-74.34285736083984
1073040,-121.66643524169922
1073072,-136.72412109375
1073440,-156.24444580078125
1073728,-139.74305725097656
1073760,-146.3492431640625
1074000,-137.13333129882812
1074512,-70.90225219726562
1074528,-77.43286895751953
1074640,-124.26806640625
1074768,-142.5029296875
1074880,-136.96218872070312
1074880,-68.7518539428711
1075136,-145.16807556152344
1075328,-138.35604858398438
1075552,-142.41168212890625
1076112,-134.24705505371094
1076592,-132.93894958496094
1076608,-146.5755157470703
1076880,-143.2025604248047
1076992,-136.96218872070312
1077248,-138.582763671875
1077280,-51.05223846435547
1077440,-133.9893035888672
1077584,-141.60000610351562
1077984,-133.88125610351562
1078160,-87.88778686523438
1078224,-140.12693786621094
1078704,-149.6664276123047
1078848,-146.10769653320312
1078944,-139.03150939941406
1078976,-141.3000030517578
1079360,-134.7409210205078
1079520,-13.47364330291748
1079696,-144.01080322265625
1079824,-45.57741928100586
1080160,22.93067741394043
1080272,-138.8079071044922
1080336,-143.5741424560547
1080464,-34.80283737182617
1080816,-146.80967712402344
1080832,-153.9960174560547
1081056,-139.2535858154297
1081088,-141.6664276123047
1081472,-134.75692749023438
1081632,-148.5548553466797
1081856,-140.1957550048828
1081936,-133.72962951660156
1082192,-52.72063446044922
1082368,-91.5
1082528,-22.99822425842285
1082576,-136.6714324951172
1082592,-81.32453155517578
1082928,-140.24285888671875
1082928,-138.22857666015625
1083184,-142.98919677734375
1083328,-64.22406005859375
1083392,-94.68402862548828
1083632,-7.675448894500732
1083744,-142.582763671875
1084048,-153.0275421142578
1084240,-63.94659423828125
1084288,-136.72412109375
1084304,-135.00909423828125
1084384,-134.5029296875
1084560,-150.21075439453125
1084688,-146.83798217773438
1084688,-148.76666259765625
1084848,-44.66478729248047
1085040,-147.25941467285156
1085040,-135.99964904785156
1085504,-138.35604858398438
1085744,-139.75466918945312
1085776,-61.517845153808594
1086160,-135.99964904785156
1086176,-61.99040985107422
1086400,-140.1957550048828
1086480,-151.37367248535156
1086800,-146.0084991455078
1086800,-140.5548553466797
1086944,-151.72523498535156
1087008,-52.69893264770508
1087136,-158.29200744628906
1087408,-138.8079071044922
1087600,-143.59933471679688
1087888,-143.9108123779297
1088176,-34.60771560668945
1088256,-145.9443359375
1088512,-146.611328125
1088592,-131.30307006835938
1088896,-51.83333206176758
1088912,-134.75692749023438
1089248,-1.2397260665893555
1089264,-145.80491638183594
1089456,-78.77008819580078
1089712,-140.5548553466797
1090000,-146.69818115234375
1090336,-143.9108123779297
1090368,-149.0275421142578
1090560,-138.3019256591797
1090624,-142.21075439453125
1090752,-53.63469314575195
1091024,-143.69322204589844
1091024,-144.34161376953125
1091360,-144.48434448242188
1091552,-156.9219512939453
1091616,-142.0084991455078
1091760,-68.00259399414062
1091824,-148.35157775878906
1092112,-133.9893035888672
1092480,-139.2535858154297
1092672,-142.41168212890625
1092736,-130.86422729492188
1093104,-39.771427154541016
1093104,-132.7031707763672
1093136,-149.60000610351562
1093424,-56.78823471069336
1093472,-141.60000610351562
1093728,-136.48434448242188
1093872,-146.1731719970703
1093936,-140.24285888671875
1094224,-142.12777709960938
1094720,-108.1865234375
1094784,-144.48434448242188
1094976,-146.5242462158203
1095200,-147.74305725097656
1095216,-135.50794982910156
1095216,-36.99458312988281
1095248,-139.47415161132812
1095584,-147.99932861328125
1095984,-85.2865219116211
1096048,-143.2535858154297
1096704,-137.19859313964844
1096896,-140.2269287109375
1097024,-93.05904388427734
1097312,-142.98919677734375
1097328,-147.7825469970703
1097360,-132.93894958496094
1097696,-152.34161376953125
1097952,-140.72412109375
1097968,-142.0084991455078
1098096,-137.19859313964844
1098160,-136.96218872070312
1098640,-98.4321060180664
1099040,-92.81688690185547
1099088,-26.63615608215332
1099200,-117.10299682617188
1099424,-134.24705505371094
1099440,-142.611328125
1099472,-136.24285888671875
1099664,-93.28075408935547
1099760,-143.69044494628906
1100064,-141.3937225341797
1100096,-48.00189971923828
1100272,-139.99964904785156
1100384,-101.00173950195312
1101152,-148.1630859375
1101200,-129.59019470214844
1101424,-151.01766967773438
1101552,-137.6664276123047
1101776,-135.25941467285156
1101856,-150.0686492919922
1102096,-59.739715576171875
1102176,-141.18609619140625
1102368,-78.93333435058594
1102496,-139.2535858154297
1102864,-143.50794982910156
1103248,-151.8000030517578
1103520,-141.7310333251953
1103632,-134.24705505371094
1103696,-139.03150939941406
1103712,-58.09390640258789
1103888,-143.69322204589844
1104160,-113.10211181640625
1104192,-148.75413513183594
1104480,-148.1630859375
1104496,-141.19859313964844
1104496,-143.7825469970703
1104592,-152.24444580078125
1105264,-31.712820053100586
1105344,-148.97647094726562
1105424,-138.35604858398438
1105632,-141.80491638183594
1105744,-143.9108123779297
1105744,-144.78359985351562
1105808,-138.582763671875
1106000,-137.72962951660156
1106288,-142.98919677734375
1106608,-141.80491638183594
1106736,-24.26642608642578
1106736,-32.313514709472656
1106832,-89.08496856689453
1107376,-129.00119018554688
1107920,-140.34161376953125
1107968,-93.69999694824219
1108112,-146.35604858398438
1108128,-149.74594116210938
1108400,-9.654545783996582
1108784,-149.50230407714844
1108816,-141.60000610351562
1108944,-150.1731719970703
1109184,-48.74285888671875
1109184,-51.10704040527344
1109888,-134.3019256591797
1110080,-135.00909423828125
1110256,-72.29541778564453
1110416,-105.00173950195312
1110496,-141.60000610351562
1110512,-146.87107849121094
1110816,-140.48434448242188
1110896,-147.7825469970703
1110928,-133.9893035888672
1111040,-139.28387451171875
1111296,-137.9893035888672
1111296,-138.582763671875
1112000,-127.48709869384766
1112192,-144.72500610351562
1112336,-143.39712524414062
1112368,-135.99964904785156
1112528,-139.75466918945312
1112928,-149.27647399902344
1112992,-42.715824127197266
1112992,-133.46803283691406
1113152,-146.8079071044922
1113232,-87.66609954833984
1113296,-140.93894958496094
1113408,-144.5548553466797
1113408,-139.9108123779297
1114112,-139.03150939941406
1114144,56.07956314086914
1114304,-140.34161376953125
1114400,9.605405807495117
1114624,-147.0518035888672
1114736,-148.1630859375
1115088,-142.15615844726562
1115104,-141.60000610351562
1115152,-146.3492431640625
1115264,-136.48434448242188
1115520,-140.97708129882812
1116112,-143.97341918945312
1116416,-143.59043884277344
1116496,-149.16807556152344
1116736,-149.0937957763672
1116784,17.596643447875977
1116896,-69.4051742553711
1117088,-75.94203186035156
1117200,-141.18609619140625
1117216,-144.90997314453125
1117376,-134.5029296875
1117488,-87.25102233886719
1117632,-143.69322204589844
1117792,-95.11886596679688
1118144,-0.33380281925201416
1118336,-140.72412109375
1118592,-136.13082885742188
1118768,-142.21075439453125
1118864,-40.82748031616211
1118896,-135.25941467285156
1119008,-146.3492431640625
1119152,-75.57708740234375
1119312,-136.96218872070312
1119328,-139.69322204589844
1119456,-142.611328125
1119600,-134.5029296875
1119744,-135.00909423828125
1120432,-147.37367248535156
1120624,-133.9893035888672
1120880,-136.24285888671875
1120960,-145.73548889160156
1121120,-132.40188598632812
1121568,-144.90997314453125
1121648,-71.76896667480469
1121696,-32.973358154296875
1121712,-139.9108123779297
1122016,-135.58091735839844
1122032,8.671428680419922
1122368,-133.9893035888672
1122544,-136.4027862548828
1122752,-8.03636360168457
1122928,-70.88861846923828
1122992,-144.12693786621094
1123120,-135.99964904785156
1123344,-139.0518035888672
1123472,-70.07859802246094
1123552,-135.25941467285156
1123680,-137.43333435058594
1123712,-141.60000610351562
1123744,-143.19393920898438
1123808,-143.39730834960938
1123952,-146.83798217773438
1124128,-138.8079071044922
1124480,-140.12693786621094
1124656,-122.80790710449219
1125104,-138.582763671875
1125232,-138.1700439453125
1125376,-38.42945861816406
1125456,-153.27647399902344
1125568,-147.89938354492188
1125824,-119.47415161132812
1125856,-160.7064208984375
1125904,-71.6138687133789
1125952,-87.0062484741211
1126064,-139.47415161132812
1126256,-147.9108123779297
1126480,-55.18828582763672
1126592,-136.48434448242188
1126768,-137.8979034423828
1127200,-131.5500030517578
1127344,-141.60000610351562
1127488,-136.48434448242188
1127680,-130.7409210205078
1127936,-145.0937957763672
1127968,-142.582763671875
1127968,-57.5092887878418
1128032,-147.88697814941406
1128064,-135.00909423828125
1128176,-143.99964904785156
1128592,-149.27647399902344
1129040,-38.7938232421875
1129072,-149.63845825195312
1129456,-143.47415161132812
1129600,-147.59043884277344
1130064,-60.7646598815918
1130080,-147.04293823242188
1130112,-135.09771728515625
1130144,-143.2025604248047
1130176,-136.96218872070312
1130256,-88.71034240722656
1130320,-95.78913879394531
1130464,-142.345458984375
1130704,-138.582763671875
1130992,-147.59043884277344
1131152,-140.72412109375
1131184,-134.5029296875
1131664,-134.75692749023438
1131696,-137.37933349609375
1132288,-144.90997314453125
1132368,-141.3000030517578
1132432,-133.46803283691406
1132576,-134.4565887451172
1132608,-49.067832946777344
1132800,-138.1065673828125
1133104,-139.75466918945312
1133264,-144.24285888671875
1133312,-5.4384613037109375
1133664,-135.75466918945312
1133776,-135.75466918945312
1134464,-149.27647399902344
1134656,-142.98919677734375
1134688,-133.20448303222656
1134768,-66.14013671875
1134784,-63.754940032958984
1135008,-139.03150939941406
1135152,-70.07859802246094
1135712,-63.017730712890625
1135776,-140.12693786621094
1135776,-144.72500610351562
1135856,22.73893165588379
1136576,-137.76109313964844
1136720,-131.0230712890625
1136768,-147.7825469970703
1136832,-139.47415161132812
1136880,-121.08222961425781
1137120,-141.3937225341797
1137472,-137.43333435058594
1137824,-137.46803283691406
1137888,-143.69322204589844
1137888,-147.97341918945312
1137968,-144.72500610351562
1137984,-141.9443359375
1138688,-146.0084991455078
1138896,-152.39405822753906
1138944,-124.7249984741211
1138992,-139.9108123779297
1139232,-133.72962951660156
1139360,-145.54757690429688
1139584,-135.99964904785156
1139664,-137.43333435058594
1139968,14.424124717712402
1140000,-132.40188598632812
1140080,-143.69322204589844
1140800,-136.24285888671875
1140928,-139.69322204589844
1140992,-148.05279541015625
1141344,-46.494117736816406
1141344,-144.12693786621094
1141504,-49.66883087158203
1141680,-143.39730834960938
1141776,-148.7064208984375
1142032,-145.3937225341797
1142064,-141.51626586914062
1142112,-134.5029296875
1142192,-142.0084991455078
1142208,-146.87107849121094
1142368,-144.64210510253906
1142912,-138.12777709960938
1143040,-138.1700439453125
1143456,-146.21075439453125
1143584,-152.05279541015625
1143616,-145.18609619140625
1143792,-140.34161376953125
1143888,-136.48434448242188
1143984,-139.2535858154297
1144176,-142.21075439453125
1144320,-151.72018432617188
1144480,-57.23044967651367
1144672,-64.07499694824219
1145504,-26.252941131591797
1145728,-146.611328125
1145824,-62.9985237121582
1145872,-136.96218872070312
1145904,-126.54898071289062
1146096,-142.582763671875
1146288,-135.50794982910156
1146704,-65.02608489990234
1147328,-139.03150939941406
1147792,-138.582763671875
1147840,-134.75692749023438
1147856,-133.20448303222656
1147936,-148.72412109375
1147984,-140.5548553466797
1148112,-133.46803283691406
1148304,-64.85853576660156
1148400,-88.53262329101562
1148528,-140.72412109375
1148800,-142.15615844726562
1149120,-60.900001525878906
1149440,-131.85665893554688
1149712,-146.36654663085938
1149904,-143.59043884277344
1149952,-145.6664276123047
1149968,-123.78253936767578
1150048,-138.12777709960938
1150096,-143.97341918945312
1150224,-136.48434448242188
1150640,-147.69322204589844
1150720,-72.6812515258789
1150912,-132.13031005859375
1150992,-150.3492431640625
1151232,-145.8979034423828
1151808,-146.83798217773438
1152016,-141.43333435058594
1152080,-134.75692749023438
1152176,-48.478946685791016
1152208,-136.72412109375
1152288,-81.34706115722656
1152336,-146.1731719970703
1152512,-55.28384017944336
1152720,-147.5500030517578
1153024,-145.45802307128906
1153408,-71.22492218017578
1153872,-144.78359985351562
1153904,-147.39730834960938
1154112,-149.74594116210938
1154320,-142.80967712402344
1154384,-80.39533233642578
1154432,-139.97021484375
1154832,-141.9443359375
1154880,-76.37181091308594
1155120,-146.47515869140625
1155232,-51.05223846435547
1155520,-139.9108123779297
1155984,-134.24705505371094
1156000,-143.59933471679688
1156224,-143.7825469970703
1156384,-145.9960174560547
1156496,-149.18609619140625
1156544,-143.2535858154297
1156944,-133.9893035888672
1156976,-138.58261108398438
1157120,-146.10769653320312
1157232,-149.0275421142578
1157344,-135.00909423828125
1157632,-141.3937225341797
1158096,-142.611328125
1158112,-141.60000610351562
1158336,-140.34161376953125
1158496,-134.24705505371094
1158544,-153.63845825195312
1158608,-144.1630859375
1158608,-133.72962951660156
1158640,-147.19622802734375
1159232,-149.8177947998047
1159280,-72.81787109375
1159344,-150.57887268066406
1159408,-68.07368469238281
1159440,-136.13082885742188
1159632,-139.9108123779297
1159680,-139.00909423828125
1160208,-139.03150939941406
1160224,-147.7825469970703
1160448,-138.5029296875
1160608,-140.76666259765625
1160752,-140.97708129882812
1160896,-102.88944244384766
1161344,-136.24285888671875
1161376,-152.07244873046875
1161520,-136.24285888671875
1161552,-121.5999984741211
1161744,-136.24285888671875
1161792,-139.2535858154297
1162336,-149.43333435058594
1162352,-142.582763671875
1162560,-146.0084991455078
1163104,-78.35555267333984
1163120,-39.122222900390625
1163168,-41.226863861083984
1163488,-146.87107849121094
1163632,-136.24285888671875
1163664,-141.43333435058594
1163856,-149.34495544433594
1163968,-132.40188598632812
1164416,-142.98919677734375
1164816,-145.54757690429688
1165232,-143.69322204589844
1165280,-137.6664276123047
1165568,-150.24705505371094
1165776,-139.03150939941406
1165840,-12.170588493347168
1165968,-139.03150939941406
1166000,-142.80967712402344
1166528,-146.1731719970703
1166992,-74.36165618896484
1167312,-138.5029296875
1167344,-143.9108123779297
1167520,-144.97647094726562
1167680,-135.50794982910156
1167696,-137.43333435058594
1167712,-56.4636344909668
1167888,-137.43333435058594
1168048,-86.35631561279297
1168112,-135.99964904785156
1168192,-137.46803283691406
1168640,-138.582763671875
1168880,-139.97021484375
1169456,-139.03150939941406
1169632,-139.03150939941406
1169792,-123.47415161132812
1170000,-137.6664276123047
1170032,-145.51626586914062
1170144,-147.5142822265625
1170176,-145.0937957763672
1170224,-150.8079071044922
1170304,-143.59043884277344
1170992,-129.59019470214844
1171040,-74.83636474609375
1171536,-144.35157775878906
1171568,-140.76666259765625
1171904,-142.8079071044922
1171936,-140.12693786621094
1172128,-140.64210510253906
1172288,-145.3937225341797
1172400,-145.3584442138672
1172400,-53.896629333496094
1172480,-77.83187103271484
1173008,-137.20448303222656
1173104,-145.63845825195312
1173184,-72.58613586425781
1173296,-142.5755157470703
1173536,-34.74964141845703
1173632,-141.3000030517578
1173680,-142.35604858398438
1174016,-134.5029296875
1174048,-139.47415161132812
1174176,-59.93333435058594
1174400,-140.97708129882812
1174448,-139.9108123779297
1174576,-153.8000030517578
1175104,-144.97647094726562
1175216,-145.3937225341797
1175296,-132.6714324951172
1175392,-140.64210510253906
1175632,-147.19393920898438
1175744,-142.611328125
1175792,-147.38357543945312
1175952,-70.54061126708984
1176128,-143.03150939941406
1176288,-139.69322204589844
1176352,-134.24705505371094
1176512,-64.03376007080078
1176512,-144.34161376953125
1176560,-138.35604858398438
1176688,-131.85665893554688
1177328,-144.48434448242188
1177408,-150.69818115234375
1177728,-150.83798217773438
1177776,-81.15316772460938
1177856,-143.2025604248047
1177904,-145.60000610351562
1178064,-139.69322204589844
1178240,-138.582763671875
1178400,-132.93894958496094
1178448,-147.89938354492188
1178656,-152.41539001464844
1178720,-146.1731719970703
1178800,-130.1700439453125
1179088,-47.64982604980469
1179520,-136.96218872070312
1179888,-131.85665893554688
1179952,-140.1957550048828
1180160,-141.7310333251953
1180336,-145.3584442138672
1180512,-148.72500610351562
1180560,-135.75466918945312
1180832,-135.75466918945312
1180896,-153.16807556152344
1181056,-59.06616973876953
1181200,-137.6664276123047
1181632,-141.60000610351562
1181920,-139.5142822265625
1182000,-141.60000610351562
1182032,-55.21636962890625
1182048,-141.7310333251953
1182192,-24.89496421813965
1182432,-135.50794982910156
1182448,-143.59043884277344
1182608,-138.58261108398438
1182672,-143.03150939941406
1182832,-138.81805419921875
1182848,-147.7825469970703
1182944,-139.47415161132812
1183280,-63.94659423828125
1184128,-144.78359985351562
1184160,-141.3937225341797
1184272,-87.0062484741211
1184320,-57.378135681152344
1184544,-140.72412109375
1184560,-134.24705505371094
1184944,-146.36654663085938
1184944,-152.0452117919922
1185056,-140.97708129882812
1186240,-141.80491638183594
1186272,-140.5548553466797
1186384,-145.80491638183594
1186656,-134.75692749023438
1186672,-148.05279541015625
1186832,-143.97341918945312
1186880,-142.345458984375
1187040,-140.1957550048828
1187168,-143.39712524414062
1187696,-20.23892593383789
1187872,-138.35604858398438
1187952,-140.34161376953125
1188480,-145.92218017578125
1188512,-130.02951049804688
1188544,-138.35604858398438
1188720,-64.14871978759766
1188784,-134.24705505371094
1188976,-121.73103332519531
1189024,-63.42555236816406
1189104,-96.85836791992188
1189136,-148.64210510253906
1189168,-127.48709869384766
1189280,-140.34161376953125
1189792,-148.19735717773438
1189984,-147.39712524414062
1190592,-147.97341918945312
1190624,-143.59043884277344
1190656,-135.25941467285156
1190816,-157.8816375732422
1190880,-142.78305053710938
1191136,-140.24285888671875
1191216,-138.24705505371094
1191248,-139.69322204589844
1191376,-141.3000030517578
1191600,-63.03877639770508
1192144,-34.82773208618164
1192336,-74.9635009765625
1192416,-78.32740020751953
1192592,-143.99932861328125
1192704,-141.18609619140625
1192720,-142.36654663085938
1192928,-139.99964904785156
1192976,-80.72352600097656
1193200,-136.40188598632812
1193328,-138.582763671875
1193360,-135.50794982910156
1193488,-146.582763671875
1193696,-144.19735717773438
1194256,-144.72500610351562
1194432,-92.4153823852539
1194448,-129.00119018554688
1194528,-146.1731719970703
1194704,-18.351970672607422
1194896,-99.42257690429688
1195104,-129.88125610351562
1195440,-134.5029296875
1195472,-134.24705505371094
1195600,-133.20448303222656
1196368,-143.97341918945312
1196640,-141.19859313964844
1196816,-133.9893035888672
1196848,-48.8370361328125
1196912,-142.36654663085938
1197008,-138.8079071044922
1197200,-140.34161376953125
1197264,-129.1112060546875
1197424,-132.7031707763672
1197536,-134.0686492919922
1197712,-135.75466918945312
1197776,-129.29684448242188
1198464,-143.39730834960938
1198672,-133.46803283691406
1198752,-134.75692749023438
1198928,-138.35604858398438
1199024,-137.43333435058594
1199120,-137.8979034423828
1199312,-136.72412109375
1199328,-59.68770217895508
1199360,-147.19622802734375
1199536,-143.7825469970703
1199648,-145.45802307128906
1199824,-134.24705505371094
1199888,-149.18609619140625
1199888,-133.9893035888672
1199904,-55.483829498291016
1200576,-144.35157775878906
1200784,-137.19859313964844
1201024,-144.97647094726562
1201136,-137.43333435058594
1201200,-44.43882751464844
1201408,-142.58261108398438
1201648,-149.0275421142578
1201760,-131.0230712890625
1202000,-137.6664276123047
1202016,-148.97708129882812
1202176,-86.92337799072266
1202688,-138.8079071044922
1203136,-143.2025604248047
1203248,-140.97708129882812
1203312,-140.5548553466797
1203328,-150.54556274414062
1203584,-145.9960174560547
1203760,-149.27647399902344
1203824,-45.13333511352539
1203872,-143.19393920898438
1203888,-142.21075439453125
1204112,-143.97341918945312
1204320,-86.57777404785156
1204384,-139.50794982910156
1205344,-141.51626586914062
1205424,-140.96218872070312
1205440,-143.2025604248047
1206000,-146.21075439453125
1206144,-91.55864715576172
1206208,-55.56084060668945
1206224,-142.582763671875
1207024,-50.27592086791992
1207104,-150.69818115234375
1207184,-56.7646598815918
1207360,-144.5548553466797
1207456,-131.58091735839844
1208032,-149.74594116210938
1208096,-136.48434448242188
1208096,-141.7310333251953
1208336,-144.5548553466797
1208576,-67.74285888671875
1209120,-146.81805419921875
1209296,-148.90997314453125
1209472,-148.76666259765625
1209568,-131.85665893554688
1209632,-137.43333435058594
1209648,-135.75466918945312
1210144,-146.5242462158203
1210144,-141.3937225341797
1210208,-142.611328125
1210208,-143.59043884277344
1210688,-120.9770736694336
1210736,-49.96450424194336
1210880,-71.76896667480469
1211216,-143.39730834960938
1211312,-26.61808204650879
1211328,-141.60000610351562
1211408,-144.90997314453125
1211584,-144.35157775878906
1211744,-139.2535858154297
1212256,-142.21075439453125
1212256,-135.50794982910156
1212320,-132.93894958496094
1212656,-70.36825561523438
1212800,-145.3937225341797
1212832,-136.885498046875
1212896,-145.7310333251953
1212992,-141.80491638183594
1213424,-131.79478454589844
1213424,-141.51626586914062
1213520,-147.55238342285156
1213664,-41.226863861083984
1213696,-134.24705505371094
1213760,-137.86593627929688
1213856,-142.80967712402344
1214016,-20.440425872802734
1214368,-140.12693786621094
1214928,-148.24444580078125
1215024,-21.622377395629883
1215184,-104.26547241210938
1215680,-99.1043472290039
1215888,-79.02104949951172
1215968,-139.03150939941406
1216256,-136.40188598632812
1216544,-141.3937225341797
1216624,-92.4153823852539
1216736,-140.34161376953125
1217040,-136.96218872070312
1217296,-139.2535858154297
1217392,-67.09337615966797
1217872,-146.10769653320312
1217920,-136.72412109375
1217984,-151.02737426757812
1217984,-147.19393920898438
1218080,-143.0067596435547
1218112,-61.46082305908203
1218352,8.310104370117188
1218368,-139.69322204589844
1218640,-154.75367736816406
1218736,-141.60000610351562
1219216,-140.38426208496094
1219408,-134.24705505371094
1219504,-140.12693786621094
1220032,-135.75466918945312
1220096,-139.69322204589844
1220464,-55.68770217895508
1220480,-132.4027862548828
1220752,-53.896629333496094
1220848,-139.69322204589844
1221328,-133.9893035888672
1221520,-142.41168212890625
1221616,-154.80967712402344
1221856,-147.55238342285156
1222080,-145.3000030517578
1222128,-146.78305053710938
1222208,-142.611328125
1222320,-145.18609619140625
1222864,-129.59019470214844
1222864,-140.12693786621094
1223008,-147.7825469970703
1223056,-137.8979034423828
1223264,-69.86451721191406
1223632,-131.58091735839844
1223712,-143.8000030517578
1223968,-138.35604858398438
1224320,-145.0937957763672
1224416,-142.0084991455078
1224480,-83.71580505371094
1224672,-137.13333129882812
1224672,-140.12693786621094
1224768,-58.865753173828125
1225120,-139.03150939941406
1225376,-126.86422729492188
1225552,-141.60000610351562
1225728,-140.86293029785156
1225808,7.332704544067383
1225824,-143.39712524414062
1226528,-139.9108123779297
1226544,-135.99964904785156
1226768,-136.38426208496094
1227088,-150.57887268066406
1227232,-141.60000610351562
1227488,-133.20448303222656
1227568,-122.20344543457031
1227824,-148.24444580078125
1227936,-140.97708129882812
1228192,-140.34161376953125
1228480,-43.16826629638672
1228640,-137.8979034423828
1228688,-141.3000030517578
1228880,-139.2535858154297
1228912,-129.59019470214844
1229184,-143.3589324951172
1229344,-134.5029296875
1229584,-143.39730834960938
1229680,-143.2025604248047
1230032,-138.12777709960938
1230048,-145.27647399902344
1230128,-63.54536819458008
1230240,-56.95523452758789
1230304,-142.611328125
1230576,-134.03256225585938
1230784,-141.0822296142578
1230992,-137.6664276123047
1231024,-145.80491638183594
1231440,-149.6587371826172
1231456,-140.76666259765625
1231696,-142.80967712402344
1231792,-143.39712524414062
1231824,19.138931274414062
1232144,-137.19859313964844
1232160,-128.4027862548828
1232320,-6.895420074462891
1232544,-81.28044891357422
1232592,-69.66073608398438
1232688,-137.8979034423828
1232736,-29.378007888793945
1232864,-132.93894958496094
1233104,-135.75466918945312
1233136,-135.50794982910156
1233248,-61.055843353271484
1233536,-141.0822296142578
1233568,-136.24285888671875
1233888,-140.86293029785156
1234112,-106.53973388671875
1234256,-139.69322204589844
1234272,-135.99964904785156
1234432,-143.69322204589844
1234736,-65.46360778808594
1234848,-140.72412109375
1235152,-68.2931900024414
1235216,-147.21377563476562
1235360,-148.86744689941406
1236368,-144.72500610351562
1236384,-96.1866455078125
1236384,-137.43333435058594
1236544,-140.72412109375
1236752,-133.46803283691406
1236816,-147.88697814941406
1236848,-139.85665893554688
1236960,-142.21075439453125
1237344,-145.9443359375
1237552,-53.990840911865234
1237792,-130.7409210205078
1237808,-53.27943420410156
1238496,-145.63845825195312
1238544,-136.96218872070312
1238928,-143.39712524414062
1238928,-50.115684509277344
1238944,-136.885498046875
1239072,-143.7825469970703
1239328,-140.34161376953125
1239648,-99.16545104980469
1239664,-144.76666259765625
1239920,-140.76666259765625
1240608,-145.8979034423828
1240656,-143.0067596435547
1240896,-138.8079071044922
1240960,-142.21075439453125
1241024,-148.19735717773438
1241040,-141.18609619140625
1241440,-141.60000610351562
1241536,-131.51084899902344
1241968,-142.8079071044922
1241968,-66.54285430908203
1242032,-146.1731719970703
1242352,-64.08212280273438
1242720,-136.48434448242188
1242768,-134.5029296875
1243008,-140.34161376953125
1243008,-75.22492218017578
1243056,27.54901885986328
1243136,-137.8979034423828
1243152,-135.25941467285156
1243168,-143.2025604248047
1243584,-76.15177154541016
1243888,-135.99964904785156
1244080,-142.80967712402344
1244144,-146.0084991455078
1244448,-140.6358184814453
1244832,-155.38357543945312
1244880,-147.88697814941406
1245168,-136.96218872070312
1245168,-132.6714324951172
1245328,-87.87222290039062
1245360,-84.60717010498047
1245536,4.601661205291748
1245584,-61.99040985107422
1245984,-150.15615844726562
1246000,-21.9674015045166
1246080,-147.19393920898438
1246224,-72.81787109375
1246256,-135.50794982910156
1246368,-92.97653198242188
1246976,-139.5142822265625
1247264,-66.0999984741211
1247280,-140.34161376953125
1247280,-141.80491638183594
1247440,-142.582763671875
1247472,-132.93894958496094
1247648,-133.9893035888672
1247696,-142.21075439453125
1247920,-35.27049255371094
1248112,-139.9108123779297
1248192,-138.8079071044922
1248240,-98.59245300292969
1248336,-147.38357543945312
1248368,-149.0275421142578
1249088,-140.76666259765625
1249360,-150.0686492919922
1249376,-141.9443359375
1249472,-140.34161376953125
1249552,-112.12477111816406
1249552,-153.27647399902344
1249584,-140.76666259765625
1249808,-141.60000610351562
1250032,-147.69322204589844
1250288,-154.0762481689453
1250352,-146.21075439453125
1250480,-141.80491638183594
1250640,-31.807571411132812
1250832,-27.323808670043945
1251488,-136.93894958496094
1251664,-139.00909423828125
1251664,-140.12693786621094
1251984,-56.24074172973633
1252144,-144.90997314453125
1252288,-56.54426193237305
1252400,-135.58091735839844
1252592,-142.21075439453125
1252720,-78.14966583251953
1252752,-138.5029296875
1252880,-162.21322631835938
1252944,-146.41168212890625
1253312,-135.75466918945312
1253584,-143.2025604248047
1253696,-135.99964904785156
1253984,-132.93894958496094
1254096,-143.03150939941406
1254256,-135.75466918945312
1254400,-139.03150939941406
1254864,-136.48434448242188
1255088,-39.10584259033203
1255184,-53.63469314575195
1255360,-30.177099227905273
1255424,-135.25941467285156
1255696,-137.43333435058594
1255872,-143.99932861328125
1255888,-132.93894958496094
1256112,-56.322967529296875
1256208,-143.69322204589844
1256576,-82.58840942382812
1256912,-75.88961029052734
1257152,-147.01766967773438
1257184,-142.15615844726562
1257200,-143.97341918945312
1257296,-134.75692749023438
1257792,-66.59833526611328
1257808,-139.2535858154297
1257808,-141.80491638183594
1257968,-147.37367248535156
1257968,27.04811668395996
1258224,-143.0067596435547
1258320,-139.2535858154297
1258672,-146.83798217773438
1258848,-75.37164306640625
1259360,-137.62353515625
1259408,-144.90997314453125
1259536,-68.50895690917969
1259632,-59.64373016357422
1259920,-132.13031005859375
1260080,-142.21075439453125
1260784,-144.1630859375
1260944,-136.13082885742188
1261392,-138.58261108398438
1261648,-139.9108123779297
1261744,-138.12777709960938
1261824,-46.08149337768555
1262032,-137.43333435058594
1262048,-141.3000030517578
1262192,-144.97708129882812
1262192,-136.24285888671875
1262448,-141.18609619140625
1262896,-141.60000610351562
1263504,-137.9893035888672
1263760,-139.03150939941406
1263856,-140.76666259765625
1263936,-149.0275421142578
1264096,-100.88877868652344
1264112,-143.39730834960938
1264128,-138.1065673828125
1264128,-147.28387451171875
1264160,-144.5388641357422
1264560,-139.2535858154297
1264928,-148.1630859375
1265200,-57.30617141723633
1265536,-136.72412109375
1265616,-123.93122100830078
1265968,-131.0230712890625
1266224,-141.80491638183594
1266240,-144.96218872070312
1266240,-138.582763671875
1266272,-143.0067596435547
1266416,-135.00909423828125
1266656,-143.39730834960938
1267120,-140.12693786621094
1267312,-141.3937225341797
1267648,-133.72962951660156
1267712,-151.89938354492188
1268064,-144.19735717773438
1268256,-77.54361724853516
1268304,-107.12886047363281
1268336,-146.0084991455078
1268352,-142.21075439453125
1268384,-143.7825469970703
1268672,-54.73783874511719
1268720,-76.7988510131836
1269024,-136.48434448242188
1269152,-49.04252624511719
1269232,-133.72962951660156
1269424,-135.50794982910156
1269760,-145.18609619140625
1269824,-118.24705505371094
1270160,-145.16807556152344
1270368,-140.6714324951172
1270416,-141.6664276123047
1270448,-149.5831298828125
1270496,-132.40188598632812
1270624,-148.75413513183594
1270784,-138.24705505371094
1270832,-142.21075439453125
1271536,-149.27647399902344
1271872,-139.47415161132812
1272256,-154.29200744628906
1272816,-52.82841491699219
1272928,-58.75734329223633
1273024,-61.674217224121094
1273360,-153.1616668701172
1273360,-154.275634765625
1273360,-144.39405822753906
1273520,-71.44422149658203
1273648,-139.85665893554688
1273792,-130.4276885986328
1274272,-60.091548919677734
1274368,-67.58515167236328
1274672,-147.03150939941406
1274736,-2.9077253341674805
1275008,-136.13031005859375
1275040,-139.25941467285156
1275232,-91.50621795654297
1275424,-69.78585815429688
1275456,-141.37933349609375
1275456,-146.29200744628906
1275472,-132.93894958496094
1275744,-128.41539001464844
1276016,-66.26119232177734
1276480,-146.3492431640625
1276656,-75.13841247558594
1276688,-136.24285888671875
1276896,-19.66899299621582
1277104,-139.97021484375
1277536,-142.75692749023438
1277568,-148.5852813720703
1277856,-144.1630859375
1278128,-144.24285888671875
1278576,-140.64210510253906
1278768,-147.0067596435547
1278800,-139.9108123779297
1278880,-144.97647094726562
1278944,-139.28387451171875
1279216,-135.75466918945312
1279488,-141.3937225341797
1279648,-143.7825469970703
1279872,-100.88877868652344
1279936,-68.53888702392578
1279968,-142.611328125
1280240,-137.19859313964844
1280688,-147.04293823242188
1280896,-136.13082885742188
1280992,-137.43333435058594
1281056,-148.5388641357422
1281536,-144.5388641357422
1281600,-147.39712524414062
1282048,-142.41168212890625
1282352,-140.5548553466797
1282448,-55.16233825683594
1282784,-135.3589324951172
1283008,-147.75466918945312
1283312,-83.50071716308594
1283440,-121.5999984741211
1283488,-132.13031005859375
1283696,-141.51626586914062
1283872,-136.72412109375
1283872,-150.57887268066406
1284080,-139.74305725097656
1284144,-130.1700439453125
1284160,-147.38357543945312
1284560,-149.6587371826172
1284704,-55.83333206176758
1285280,-157.1616668701172
1285552,-139.69322204589844
1285792,-140.64210510253906
1285872,-74.23332977294922
1286128,-95.85970306396484
1286256,-57.91492462158203
1286256,-145.8177947998047
1286272,-148.90997314453125
1286672,-131.0230712890625
1287392,-140.12693786621094
1287456,-83.72013854980469
1287536,-132.93894958496094
1287664,-139.2535858154297
1287904,-136.72412109375
1288128,-141.51626586914062
1288368,-139.47415161132812
1288784,-141.80491638183594
1288832,-47.53525161743164
1289120,-95.78630065917969
1289120,-131.30307006835938
1289232,18.685714721679688
1289504,-134.5029296875
1289552,-148.78359985351562
1289648,-142.35604858398438
1289776,-141.60000610351562
1290000,-153.92218017578125
1290656,-45.57741928100586
1290688,-28.600000381469727
1290704,-73.33636474609375
1290800,-144.78359985351562
1290896,-145.60000610351562
1290944,-140.5548553466797
1291232,-138.75692749023438
1291232,-145.45802307128906
1292224,-30.829248428344727
1292448,-151.6138153076172
1292768,-144.97708129882812
1292800,-147.04293823242188
1292816,-141.18609619140625
1292912,-129.29684448242188
1292992,-142.15615844726562
1293056,-147.04293823242188
1293328,-153.54757690429688
1293344,-141.60000610351562
1293456,-137.6664276123047
1293728,-139.25941467285156
1293856,-138.35604858398438
1293968,-92.19222259521484
1294016,-139.5142822265625
1294224,-143.99964904785156
1294336,-135.50794982910156
1294560,-140.34161376953125
1294880,-135.30307006835938
1294912,-144.35157775878906
1294912,-144.78359985351562
1295024,-142.41168212890625
1295104,-138.35604858398438
1295168,-146.3492431640625
1295440,-144.1630859375
1295456,-139.9108123779297
1295840,-132.13031005859375
1295968,-142.80967712402344
1296016,-34.74507141113281
1296080,-144.76666259765625
1296336,-139.9108123779297
1296432,-33.555171966552734
1296800,-55.28384017944336
1297024,-133.9893035888672
1297552,-65.47460174560547
1297568,-136.96218872070312
1297664,-144.19735717773438
1297936,-149.41934204101562
1298080,-143.2025604248047
1298176,-142.98919677734375
1298448,-129.59019470214844
1298560,-138.8079071044922
1298768,-153.92218017578125
1298800,-72.6689682006836
1298896,-142.98919677734375
1299120,-145.3584442138672
1299120,-138.1065673828125
1299440,-57.81621551513672
1299600,-22.88947296142578
1299776,-152.88705444335938
1300192,-142.80967712402344
1300240,-88.36204528808594
1300288,-137.43333435058594
1300544,-147.5500030517578
1300768,-53.855831146240234
1300880,-146.0084991455078
1300896,-138.58261108398438
1301424,-80.31211853027344
1301504,-143.97341918945312
1301552,-137.43333435058594
1301712,-136.72412109375
1301760,-141.3000030517578
1301888,-136.96218872070312
1302656,-132.13031005859375
1302880,-143.97341918945312
1303008,-136.6714324951172
1303344,-141.18609619140625
1303360,-146.47515869140625
1303520,-135.51084899902344
1303824,-134.75692749023438
1303872,-151.0067596435547
1304288,-55.06616973876953
1304400,-139.47415161132812
1304720,-81.70963287353516
1304768,-141.60000610351562
1304848,-138.35604858398438
1305104,-134.5029296875
1305280,-66.87010192871094
1305456,-52.69893264770508
1305456,-148.39405822753906
1305616,-151.72523498535156
1305632,-104.60389709472656
1305760,-140.12693786621094
1305936,-139.50794982910156
1306000,-136.6358184814453
1306048,-135.87547302246094
1306400,-139.69322204589844
1306448,-27.60281753540039
1306512,-142.12777709960938
1306880,-133.46803283691406
1306960,-137.43333435058594
1307216,-143.7825469970703
1307488,7.961224555969238
1307744,-133.29684448242188
1307888,-46.927066802978516
1308048,-146.80967712402344
1308096,-127.7947769165039
1308112,-139.75466918945312
1308160,-135.25941467285156
1308560,-140.34161376953125
1308624,-137.43333435058594
1308944,-134.24705505371094
1308992,-143.2025604248047
1309072,-140.5548553466797
1309328,-143.2025604248047
1309504,-142.80967712402344
1309584,-141.9443359375
1309840,-134.4565887451172
1309984,-119.91081237792969
1310160,-147.0067596435547
1310224,-145.9960174560547
1310736,-138.24705505371094
1310944,-60.16470718383789
1311056,-145.3937225341797
1311696,-132.6714324951172
1311824,-98.6405029296875
1311952,-138.582763671875
1312096,-138.3019256591797
1312240,-38.36049270629883
1312272,-141.60000610351562
1312320,-142.5755157470703
1312624,-80.60717010498047
1312848,-142.41168212890625
1313216,-130.1700439453125
1313792,-147.72523498535156
1313936,-136.24285888671875
1314032,-142.12777709960938
1314064,-139.2535858154297
1314192,-147.39730834960938
1314336,-149.9077911376953
1314384,-143.7825469970703
1314432,-143.0067596435547
1314576,-146.29200744628906
1314736,-139.47415161132812
1314960,-142.0084991455078
1315264,-141.7310333251953
1315328,-152.54444885253906
1315904,-140.12693786621094
1316048,-144.34161376953125
1316144,-143.2025604248047
1316176,-144.72500610351562
1316288,-152.39405822753906
1316480,-147.99932861328125
1316544,-148.2176513671875
1316736,-148.86744689941406
1316848,-144.35157775878906
1317376,-143.2025604248047
1317440,-127.17692565917969
1317440,-60.148719787597656
1317696,-139.25941467285156
1317760,-136.72412109375
1318016,-135.50794982910156
1318144,-149.5831298828125
1318400,-141.19859313964844
1318560,-138.12777709960938
1318592,-144.72500610351562
1318960,-125.58760070800781
1319232,-41.528812408447266
1319488,-142.12777709960938
1319824,-77.77625274658203
1320128,-151.04293823242188
1320144,-80.32675170898438
1320256,-144.5388641357422
1320336,-138.345458984375
1320384,-141.51626586914062
1320496,-146.29200744628906
1320672,-145.6999969482422
1321008,-68.47752380371094
1321072,-116.48434448242188
1321408,-32.400001525878906
1321600,-147.9108123779297
1321664,-138.582763671875
1321920,-145.73548889160156
1322160,-148.41539001464844
1322240,-143.99932861328125
1322432,-133.72962951660156
1322448,-139.69322204589844
1322496,-141.18609619140625
1322576,-96.13139343261719
1322784,-130.7409210205078
1323120,-141.60000610351562
1323280,-131.58091735839844
1323520,-143.47415161132812
1323520,-18.77627182006836
1323712,-141.80491638183594
1324016,-82.79432678222656
1324032,-140.5548553466797
1324272,-144.35157775878906
1324336,-137.62353515625
1324544,-130.7409210205078
1324544,-148.41539001464844
1324992,-145.60000610351562
1325232,-146.582763671875
1325296,-132.13031005859375
1325312,-7.071014404296875
1325392,-141.19859313964844
1325632,-149.27647399902344
1325872,-65.46875
1326112,-145.3584442138672
1326384,-139.69322204589844
1326400,-82.80447387695312
1326448,-143.39712524414062
1326784,-146.98919677734375
1327072,-26.461563110351562
1327104,-44.73456954956055
1327344,-135.50794982910156
1327408,-142.611328125
1327424,-144.1630859375
1327712,-80.24871063232422
1327744,-135.50794982910156
1327936,-135.00909423828125
1328512,-137.19859313964844
1328848,-44.1848258972168
1328880,-64.0729751586914
1329184,-59.017730712890625
1329184,-138.35604858398438
1329216,-148.7064208984375
1329216,-139.69322204589844
1329456,-136.72412109375
1329456,-139.99964904785156
1329824,-149.50230407714844
1330032,-153.16807556152344
1330192,-64.08212280273438
1330592,-139.0518035888672
1330912,-64.34685516357422
1330992,-134.5029296875
1331200,-153.60000610351562
1331296,-121.18609619140625
1331312,-139.74305725097656
1331552,-149.92218017578125
1331600,-70.96826171875
1331632,-139.9108123779297
1331936,-132.93894958496094
1332704,-138.582763671875
1333024,-131.85665893554688
1333312,-137.19859313964844
1333392,-145.92218017578125
1333392,-138.8079071044922
1333408,-53.855831146240234
1333616,-84.55787658691406
1333680,-144.1630859375
1333744,-136.96218872070312
1334048,-48.23122787475586
1334416,-143.59043884277344
1334480,-73.6093521118164
1334816,-135.99964904785156
1335136,-141.18609619140625
1335200,-136.6358184814453
1335296,-63.775882720947266
1335424,-142.0084991455078
1335792,-123.97341918945312
1335840,-69.90318298339844
1335856,-138.35604858398438
1336064,-66.07320404052734
1336160,-148.97708129882812
1336368,-106.45882415771484
1336816,-55.05223846435547
1336928,-139.9108123779297
1337232,-143.28387451171875
1337232,-87.02237701416016
1337296,-143.59933471679688
1337408,-141.80491638183594
1337616,-148.7064208984375
1337632,-141.60000610351562
1337888,-136.72412109375
1338240,-71.88961029052734
1338432,-53.957427978515625
1339040,-143.97341918945312
1339328,-48.00819778442383
1339344,-137.6664276123047
1339408,-133.46803283691406
1339648,-145.45802307128906
1339728,-59.2634162902832
1339728,-137.19859313964844
1339920,-78.418701171875
1340000,-139.03150939941406
1340320,-131.30307006835938
1340544,-132.93894958496094
1340688,-30.916128158569336
1341152,-143.2025604248047
1341456,-139.99964904785156
1341616,-132.37142944335938
1341760,-134.75692749023438
1341776,-84.41703796386719
1341840,-143.59043884277344
1342128,-145.18609619140625
1342432,-142.582763671875
1342496,-134.75692749023438
1342656,-134.5029296875
1343056,-136.24285888671875
1343152,-49.067832946777344
1343264,-143.2025604248047
1343568,-137.8979034423828
1343728,-148.86744689941406
1343952,-142.68275451660156
1344336,-145.6664276123047
1344544,-65.59832763671875
1344544,-142.41168212890625
1344752,-145.18609619140625
1344768,-133.9893035888672
1345152,-148.78359985351562
1345376,-136.72412109375
1345968,-68.34285736083984
1345968,-146.10769653320312
1345968,-148.41539001464844
1346064,-142.0084991455078
1346064,-141.80491638183594
1346352,-148.38153076171875
1346400,-18.349658966064453
1346640,-151.32186889648438
1346656,-136.24285888671875
1346880,-144.34161376953125
1347248,-144.97647094726562
1347664,-60.091548919677734
1347936,-138.582763671875
1348080,-151.59043884277344
1348080,-139.03150939941406
1348080,-147.21377563476562
1348176,-148.97708129882812
1348464,-145.45802307128906
1348512,-126.21074676513672
1348656,-38.1686897277832
1348784,-150.83798217773438
1348960,-138.345458984375
1348976,-83.95197296142578
1349536,-29.543088912963867
1350176,-148.97647094726562
1350192,-144.1630859375
1350192,-135.25941467285156
1350272,-145.73548889160156
1350272,-139.2535858154297
1350624,-129.88125610351562
1350768,-137.8979034423828
1350880,-148.5852813720703
1351648,-144.90997314453125
1352160,-145.60000610351562
1352288,-155.17520141601562
1352304,-139.2535858154297
1352384,-145.9960174560547
1352688,-139.75466918945312
1352976,-132.93894958496094
1352992,-145.63845825195312
1353072,-52.83693313598633
1353168,-143.59933471679688
1353488,-75.43485260009766
1353744,-143.59933471679688
1353792,-142.81805419921875
1353840,-146.6571502685547
1354304,-24.666425704956055
1354416,-155.88697814941406
1354416,-132.93894958496094
1354656,-136.24285888671875
1354752,-58.50874710083008
1354800,-143.7825469970703
1354832,-37.7343635559082
1355568,-61.91532897949219
1355600,-147.97341918945312
1355904,-118.3560562133789
1356416,-146.3492431640625
1356528,-146.1731719970703
1356544,-141.60000610351562
1356768,-147.0067596435547
1356864,-135.99964904785156
1356896,-48.58108139038086
1356912,-131.85665893554688
1356944,-144.12693786621094
1357184,-144.39405822753906
1357216,-139.69322204589844
1357296,-143.2535858154297
1357680,-129.88125610351562
1357712,-139.2535858154297
1358016,-143.69322204589844
1358256,-140.1957550048828
1358528,-138.7409210205078
1358624,-130.1700439453125
1358640,-139.00909423828125
1358656,-135.00909423828125
1358880,-146.87107849121094
1358992,-145.54757690429688
1359056,-140.6714324951172
1359296,-139.69322204589844
1359312,-147.89938354492188
1359408,-143.39712524414062
1359792,-119.47415161132812
1360368,-135.00909423828125
1360736,-145.27647399902344
1360752,-134.24705505371094
1360768,-133.72962951660156
1361088,-144.35157775878906
1361152,-140.1957550048828
1361344,-137.6664276123047
1361504,-141.51626586914062
1361744,-63.5576286315918
1362736,-145.92218017578125
1362752,-39.122222900390625
1362864,-130.1700439453125
1362880,-136.72412109375
1363200,-133.72962951660156
1363456,-149.27647399902344
1363520,-141.18609619140625
1363616,-131.0230712890625
1363776,10.240154266357422
1364000,-148.39405822753906
1364304,-144.97647094726562
1364592,-146.69818115234375
1364864,-149.18670654296875
1364976,-150.83798217773438
1365376,-130.1700439453125
1365600,-138.582763671875
1365632,-137.19859313964844
1365712,-147.01766967773438
1365888,-150.1227264404297
1366112,-147.04293823242188
1366336,-114.24705505371094
1366416,-144.76666259765625
1366704,-143.59043884277344
1367088,-148.54444885253906
1367424,-135.99964904785156
1367440,-60.037254333496094
1367472,-146.3492431640625
1367632,-143.7825469970703
1367744,-136.72412109375
1367984,-143.39730834960938
1368032,-143.0067596435547
1368112,-68.82711791992188
1368448,-85.13252258300781
1368800,-50.810035705566406
1368816,-90.16253662109375
1369072,-135.25941467285156
1369200,-133.46803283691406
1369552,-142.8079071044922
1369600,-135.25941467285156
1369728,-151.16842651367188
1369824,-143.0067596435547
1369872,-56.78823471069336
1370096,-140.5548553466797
1370224,-139.47415161132812
1370560,-115.00909423828125
1370912,-150.41168212890625
1370912,-135.00909423828125
1371120,-85.01240539550781
1371184,-143.59043884277344
1371712,-149.0275421142578
1371952,-137.43333435058594
1372208,-135.00909423828125
1372256,-141.60000610351562
1372672,-146.69818115234375
1372704,-38.28853225708008
1373024,-135.99964904785156
1373024,-141.80491638183594
1373232,-135.99964904785156
1373296,-144.5388641357422
1373584,-91.11886596679688
1373776,-137.8979034423828
1373824,-137.43333435058594
1374048,-138.8079071044922
1374096,-142.0084991455078
1374096,-37.41167449951172
1374224,-94.12940979003906
1374304,-143.19393920898438
1374368,-144.1630859375
1374816,-144.07342529296875
1375136,-54.18813705444336
1375168,-29.06619644165039
1375344,-139.2535858154297
1375536,-42.22881317138672
1375616,-81.19486999511719
1375872,-143.0518035888672
1376256,-143.97341918945312
1376384,-88.64981079101562
1376480,-129.29684448242188
1376496,-49.12727355957031
1376544,-60.453819274902344
1376624,-65.73381042480469
1377248,-139.69322204589844
1377248,-142.41168212890625
1377264,-144.97647094726562
1377632,-84.468994140625
1377648,-137.6664276123047
1377728,-138.35604858398438
1378048,-138.8079071044922
1378496,-146.12777709960938
1378576,-134.03256225585938
1378608,-138.582763671875
1378656,-135.50794982910156
1378736,-146.3492431640625
1379040,-134.24705505371094
1379360,-139.2535858154297
1379376,-141.18609619140625
1380080,-65.59832763671875
1380096,-145.9960174560547
1380160,-141.80491638183594
1380208,-72.6572265625
1380608,-132.40188598632812
1380672,-138.345458984375
1380720,-133.72962951660156
1380768,-147.04293823242188
1380848,-145.8177947998047
1380880,-80.72352600097656
1381152,-141.60000610351562
1381456,-144.39405822753906
1381744,-134.4565887451172
1381840,-149.74594116210938
1382176,-142.5755157470703
1382208,-143.7825469970703
1382272,-143.0067596435547
1382304,-153.93850708007812
1382720,-137.9893035888672
1382832,-143.69322204589844
1382880,-139.9108123779297
1382960,-134.5029296875
1383184,-98.62188720703125
1383568,-136.96218872070312
1383600,-140.72412109375
1383856,-149.50230407714844
1383952,-142.80967712402344
1384304,-154.886962890625
1384896,-133.9893035888672
1384944,-134.4565887451172
1384976,-147.19622802734375
1385024,-95.78630065917969
1385056,-135.61817932128906
1385376,-129.88125610351562
1385968,-145.60000610351562
1386016,-73.74285888671875
1386032,-54.229496002197266
1386064,-143.2025604248047
1386416,-137.8979034423828
1386432,23.399999618530273
1386720,-85.72509002685547
1387008,-144.5388641357422
1387008,-142.611328125
1387056,-140.12693786621094
1387088,-144.1630859375
1387168,-140.76666259765625
1387408,-140.72412109375
1387472,-53.97024154663086
1388080,-132.93894958496094
1388176,-137.19859313964844
1388544,-137.8979034423828
1388832,-138.12777709960938
1388848,-55.38571548461914
1389280,-136.72412109375
1389312,-100.60327911376953
1389344,-85.56207275390625
1389520,-135.99964904785156
1389584,-143.39712524414062
1390240,-140.12693786621094
1390288,-126.86422729492188
1390656,-138.582763671875
1390720,-137.6664276123047
1391008,-145.45802307128906
1391392,-138.8079071044922
1391632,-136.96218872070312
1391648,-49.71476364135742
1391904,-85.56207275390625
1391920,-75.87100219726562
1392288,-148.75413513183594
1392352,-150.80967712402344
1392752,-145.7310333251953
1392832,-138.12777709960938
1393072,-143.47415161132812
1393120,-141.3937225341797
1393536,-138.582763671875
1393680,-70.2491226196289
1393760,-142.35604858398438
1393776,-142.80967712402344
1394016,-143.8000030517578
1394048,-37.19682693481445
1394464,-128.7031707763672
1394464,-138.35604858398438
1394864,-136.72412109375
1394944,-138.12777709960938
1395424,-85.2044906616211
1395616,-148.65484619140625
1395872,-147.39712524414062
1396128,-141.60000610351562
1396128,-141.3937225341797
1396160,-141.18609619140625
1396208,-59.30557632446289
1396512,-131.85665893554688
1396624,-136.96218872070312
1396832,-43.93333435058594
1396976,-139.47415161132812
1397360,-51.21605682373047
1397536,-149.34495544433594
1397536,-80.1754379272461
1397760,-147.88697814941406
1398144,-141.18609619140625
1398240,-137.6664276123047
1398272,-133.9893035888672
1398688,-129.00119018554688
1398736,-132.6714324951172
1398944,-140.12693786621094
1399072,-149.92218017578125
1399776,-63.651851654052734
1399840,-141.8979034423828
1399856,-142.5755157470703
1400096,-117.43333435058594
1400352,-140.72412109375
1400352,-152.74864196777344
1400416,-138.12777709960938
1400624,-81.38351440429688
1400736,-133.72962951660156
1401152,-53.07747268676758
1401184,-139.69322204589844
1401760,-141.18609619140625
1401872,-133.76109313964844
1401936,-139.97021484375
1401968,-146.87107849121094
1401984,-144.1630859375
1402528,-142.8079071044922
1402720,-79.36418151855469
1402768,-47.0059928894043
1402960,-139.99964904785156
1403136,-48.621212005615234
1403296,-141.3937225341797
1403872,-139.47415161132812
1404048,-136.13031005859375
1404320,-142.21075439453125
1404576,-140.34161376953125
1404640,-130.7409210205078
1404832,-142.0084991455078
1404848,-140.34161376953125
1404864,-138.58261108398438
1405072,-135.50794982910156
1405264,-144.1630859375
1405984,-138.35604858398438
1406192,-146.3492431640625
1406208,-138.582763671875
1406352,-92.19222259521484
1406400,-138.12777709960938
1406432,-145.18609619140625
1406688,-151.72018432617188
1406752,-132.13031005859375
1406944,-141.3937225341797
1406960,-134.75692749023438
1407344,-143.8000030517578
1407360,-148.24444580078125
1407456,-79.06719970703125
1407824,-143.39712524414062
1408096,-145.27647399902344
1408464,-134.7409210205078
1408576,-78.58679962158203
1408816,-59.022220611572266
1408864,-136.48434448242188
1409088,-139.47415161132812
1409248,-98.0617446899414
1409472,-145.0937957763672
1409568,-144.34161376953125
1409936,-138.582763671875
1410208,-141.80491638183594
1410384,-7.863608360290527
1410640,-140.64210510253906
1410688,-125.45802307128906
1410848,-64.99252319335938
1410912,-158.47515869140625
1411168,-153.3798370361328
1411360,-129.59019470214844
1411568,-133.9893035888672
1411840,-96.5892105102539
1412048,-123.78253936767578
1412304,-153.74594116210938
1412768,-137.43333435058594
1412912,-94.96131134033203
1413088,-134.75692749023438
1413184,-147.8000030517578
1413680,-143.97341918945312
1413952,-143.39712524414062
1413952,-142.83888244628906
1414352,-81.38687133789062
1414592,-138.8079071044922
1415024,-140.12693786621094
1415072,-138.582763671875
1415296,-134.5029296875
1415568,-147.37367248535156
1415584,-65.62059783935547
1415792,-138.12777709960938
1415936,-139.5142822265625
1416064,-145.8177947998047
1416272,-138.8079071044922
1416736,-151.62608337402344
1416944,-82.8121109008789
1417136,-136.96218872070312
1417184,-144.1630859375
1417664,-149.50230407714844
1417712,-122.1065673828125
1418048,-139.25941467285156
1418176,-137.8296356201172
1418176,-144.1630859375
1418752,-61.64444351196289
1418832,-146.47515869140625
1419040,-140.4197235107422
1419248,-137.6664276123047
1419504,-80.72352600097656
1419760,-140.86293029785156
1419808,-62.26382827758789
1419808,-146.87107849121094
1419824,-138.8079071044922
1420016,-143.0067596435547
1420192,-95.02482604980469
1420256,-133.20448303222656
1420272,-144.19735717773438
1420288,-143.0067596435547
1420448,-64.85853576660156
1420864,-137.8979034423828
1421152,-142.80967712402344
1421360,-139.9108123779297
1421520,-133.9893035888672
1421616,-146.3492431640625
1421696,38.65217208862305
1421872,-129.8177947998047
1421920,-141.60000610351562
1421936,-130.7409210205078
1422128,-147.38357543945312
1422304,-135.99964904785156
1422384,-133.72962951660156
1422560,-152.32888793945312
1422736,-75.43243408203125
1423296,-78.35555267333984
1423472,-145.8177947998047
1423472,-76.8242416381836
1423616,-143.74305725097656
1423808,-145.3937225341797
1424048,-144.1630859375
1424240,-140.12693786621094
1424384,-144.5894775390625
1424384,-59.52294921875
1424416,-137.6664276123047
1424496,-140.34161376953125
1424512,-137.8979034423828
1424832,-134.83448791503906
1425072,-140.4197235107422
1425408,-145.45802307128906
1425584,-158.275634765625
1425712,-133.4875030517578
1425872,-63.83157730102539
1426144,-154.83798217773438
1426480,-141.0822296142578
1426864,-49.93333435058594
1427184,-135.75466918945312
1427520,-135.50794982910156
1427808,-147.8000030517578
1427936,-144.97647094726562
1427984,-137.43333435058594
1427984,-57.92856979370117
1428240,-148.39405822753906
1428848,-71.73258209228516
1428896,-137.43333435058594
1428912,-147.72018432617188
1429296,-130.4565887451172
1429632,-124.7249984741211
1429904,-142.36654663085938
1430048,-140.34161376953125
1430096,-144.97708129882812
1430400,-51.64870071411133
1430464,-58.62394714355469
1430704,-142.611328125
1430832,-140.4197235107422
1430960,-142.80967712402344
1431008,-140.34161376953125
1431024,-147.55238342285156
1431392,-147.39730834960938
1431504,-137.6664276123047
1431744,-138.8079071044922
1431808,-39.546905517578125
1432016,-140.34161376953125
1432160,-135.75466918945312
1432432,-139.03150939941406
1432512,-137.43333435058594
1432576,-139.99964904785156
1433008,-3.5569405555725098
1433040,-84.69999694824219
1433120,-142.80967712402344
1433488,-138.1065673828125
1434032,-54.743038177490234
1434128,-148.5548553466797
1434224,-30.177099227905273
1434272,-139.9108123779297
1434544,-136.72412109375
1434624,-131.1769256591797
1434688,-154.4276885986328
1435056,-144.5548553466797
1435120,-142.12777709960938
1435168,-134.75692749023438
1435248,-141.3937225341797
1435440,-66.26383209228516
1435712,-141.3937225341797
1436240,-141.19859313964844
1436304,-93.70885467529297
1436336,-140.5548553466797
1436384,-134.5029296875
1436432,-142.611328125
1436736,-136.24285888671875
1437280,-135.25941467285156
1437328,-147.04293823242188
1437392,7.1270270347595215
1437392,-85.56207275390625
1437552,-145.8177947998047
1437712,-139.75466918945312
1438448,-135.00909423828125
1438496,-145.3937225341797
1438640,-68.82711791992188
1438752,-141.51626586914062
1438832,-142.98919677734375
1438880,-142.5755157470703
1439344,-141.80491638183594
1439376,-148.24444580078125
1439424,-140.86293029785156
1439488,-144.19735717773438
1439504,-135.50794982910156
1439648,-152.07244873046875
1439824,-147.88697814941406
1440560,-141.80491638183594
1440608,-142.41168212890625
1440864,-136.24285888671875
1440928,-56.7646598815918
1440944,-135.0230712890625
1440992,-135.85665893554688
1441472,-146.47515869140625
1441600,-137.43333435058594
1441616,-20.79298210144043
1441616,-141.18609619140625
1441728,-85.46363830566406
1441824,-75.17101287841797
1441856,-148.24444580078125
1441920,-148.75413513183594
1442048,-143.2025604248047
1443040,-144.5388641357422
1443728,-149.80491638183594
1443824,-139.28387451171875
1443888,-84.468994140625
1443920,-42.52592468261719
1443968,-134.24705505371094
1444032,-139.75466918945312
1444144,-138.1065673828125
1444976,-103.16545104980469
1445152,-134.5029296875
1445168,-137.20448303222656
1445616,-92.42835998535156
1445840,-140.76666259765625
1445936,-141.18609619140625
1445984,-142.15615844726562
1445984,-131.30307006835938
1446032,-140.5548553466797
1446032,-145.45802307128906
1446128,-151.0140838623047
1447088,-135.99964904785156
1447280,-131.30307006835938
1447616,-66.42977905273438
1447728,-144.90997314453125
1448096,-138.582763671875
1448128,-138.58261108398438
1448144,-135.00909423828125
1448176,-137.8979034423828
1448368,-141.3937225341797
1448368,-43.68620681762695
1448384,-69.30810546875
1449536,-143.39712524414062
1449728,-144.72500610351562
1449824,-136.72412109375
1450032,-144.78359985351562
1450048,-137.43333435058594
1450192,-147.01766967773438
1450240,-148.19735717773438
1450240,-138.35604858398438
1450352,-139.03150939941406
1450480,-122.21074676513672
1450480,-139.9108123779297
1450544,-69.25724029541016
1451648,-129.88125610351562
1451840,-148.05279541015625
1451936,-146.80967712402344
1452144,-139.9108123779297
1452144,-81.66277313232422
1452160,-136.24285888671875
1452336,-148.75413513183594
1452352,-130.1700439453125
1452464,-141.18609619140625
1452464,-94.54689025878906
1452576,-146.98919677734375
1452656,-140.96218872070312
1452832,-91.55000305175781
1453056,-66.2737045288086
1453952,-137.8979034423828
1454240,-147.5500030517578
1454256,-146.6571502685547
1454448,-148.05279541015625
1454464,-140.34161376953125
1454560,-68.47752380371094
1454576,-142.41168212890625
1454688,-153.0247344970703
1454752,-139.0518035888672
1454944,-141.3937225341797
1455488,-133.72962951660156
1456048,-134.4565887451172
1456144,-138.8079071044922
1456368,-141.60000610351562
1456560,-142.41168212890625
1456656,-146.6571502685547
1456688,-140.97708129882812
1456800,-148.5388641357422
1456864,-142.0084991455078
1456960,-79.48974609375
1457248,-162.22857666015625
1457376,-40.318748474121094
1457584,-143.99932861328125
1457952,-139.97021484375
1458144,-138.1065673828125
1458160,-140.86293029785156
1458480,-136.48434448242188
1458672,-139.50794982910156
1458720,-65.14545440673828
1458800,-144.1630859375
1458912,-142.0084991455078
1458976,-146.41168212890625
1459024,-55.561241149902344
1459072,-141.18609619140625
1459696,-142.80967712402344
1459824,-57.81621551513672
1460048,-145.54757690429688
1460272,-133.72962951660156
1460832,-140.12693786621094
1461024,-140.96218872070312
1461088,-137.6664276123047
1461136,-140.76666259765625
1461216,-104.07315063476562
1461664,-138.35604858398438
1461808,-141.60000610351562
1461936,-141.43333435058594
1462160,-141.60000610351562
1462352,-143.0518035888672
1462384,-139.69322204589844
1462464,-138.58261108398438
1462896,-135.99964904785156
1463136,-147.88697814941406
1463200,-135.75466918945312
1463296,-145.3937225341797
1463328,-123.39712524414062
1463360,-53.65261459350586
1463776,-145.27647399902344
1463920,-142.21075439453125
1464272,-142.0084991455078
1464400,-57.95960235595703
1464464,-140.24285888671875
1464480,-148.5852813720703
1464960,-82.80000305175781
1465008,-151.3222198486328
1465296,-144.5894775390625
1465296,-75.45454406738281
1465360,-134.7409210205078
1465408,-147.39712524414062
1465440,-145.9960174560547
1465472,-138.35604858398438
1465888,-142.80967712402344
1466064,-69.55231475830078
1466320,-68.16666412353516
1466384,-137.19859313964844
1466512,-145.6664276123047
1466576,-142.611328125
1466592,-145.60000610351562
1467120,-137.8979034423828
1467456,-149.92218017578125
1467504,-143.8000030517578
1467552,-145.0937957763672
1467600,-77.31705474853516
1468000,-144.72500610351562
1468432,-138.8079071044922
1468480,-144.19735717773438
1468528,-44.238128662109375
1468928,-70.77436065673828
1469104,-53.52661895751953
1469184,-125.26182556152344
1469232,-132.93894958496094
1469616,-144.90997314453125
1469664,-129.88125610351562
1469680,-134.75692749023438
1469712,-137.19859313964844
1469744,-90.41881561279297
1470480,-19.08730125427246
1470592,-139.03150939941406
1470640,-140.5548553466797
1470800,-144.1630859375
1470816,-141.18609619140625
1471200,-105.10997009277344
1471216,-116.24285888671875
1471520,-82.0404281616211
1471552,-72.6812515258789
1471632,-136.48434448242188
1471728,-142.0084991455078
1471792,-136.93894958496094
1472048,-74.86853790283203
1472128,-61.055843353271484
1472592,-141.60000610351562
1472704,-143.03150939941406
1472912,-156.1630859375
1473248,-65.09329223632812
1473312,-135.00909423828125
1473680,-57.95960235595703
1473984,-50.04833984375
1474160,-146.87107849121094
1474240,-135.75466918945312
1474368,-128.4027862548828
1474816,-146.5242462158203
1475072,-44.489620208740234
1475424,-139.03150939941406
1475792,-133.72962951660156
1475936,-130.02951049804688
1476016,-136.24285888671875
1476080,-145.3584442138672
1476352,-145.9960174560547
1476480,-138.75692749023438
1476928,-137.19859313964844
1476976,-135.99964904785156
1477184,-67.06315612792969
1477312,-140.34161376953125
1477568,-17.027799606323242
1477664,-85.91159057617188
1477856,-144.90997314453125
1478032,-142.98919677734375
1478192,-137.6664276123047
1478480,-56.36488342285156
1479040,-139.69322204589844
1479296,-134.1700439453125
1479408,-54.229496002197266
1479424,-134.5029296875
1479648,-138.582763671875
1479680,-145.9960174560547
1479968,-145.0937957763672
1479984,-100.36573028564453
1480016,-133.9893035888672
1480048,-132.37142944335938
1480144,-142.582763671875
1480960,-42.822776794433594
1481152,-148.1630859375
1481520,-133.9893035888672
1481760,-131.85665893554688
1481776,-77.85713958740234
1481776,-148.97647094726562
1482064,-145.73548889160156
1482112,-139.28387451171875
1482256,-137.19859313964844
1482352,-59.97719192504883
1482400,-133.20448303222656
1482496,-48.56536102294922
1482928,-46.31014633178711
1482944,-135.75466918945312
1483056,-130.6292724609375
1483104,-27.976533889770508
1483264,-136.72412109375
1483408,-92.85836791992188
1483632,-144.35157775878906
1483744,-144.76666259765625
1483872,-135.25941467285156
1484368,-138.12777709960938
1484448,-141.9443359375
1484512,-135.99964904785156
1484608,-139.03150939941406
1485040,-139.03150939941406
1485168,-153.50230407714844
1485568,-96.1431884765625
1485744,-132.93894958496094
1485856,-137.19859313964844
1485984,-140.12693786621094
1486000,-139.03150939941406
1486368,-34.05441665649414
1486480,-131.0230712890625
1486608,-144.39405822753906
1486928,-65.06097412109375
1487152,-143.0067596435547
1487280,-141.6664276123047
1487312,-139.74305725097656
1487680,-143.2025604248047
1487856,-129.88125610351562
1488576,-139.5142822265625
1488720,-145.27647399902344
1488768,-82.3708724975586
1489040,-135.99964904785156
1489264,-146.69818115234375
1489392,-140.96218872070312
1489408,-147.89938354492188
1489792,-140.12693786621094
1489936,-138.12777709960938
1489968,-140.34161376953125
1490080,-151.3222198486328
1490464,-145.18609619140625
1490816,-142.81805419921875
1491072,-83.32901000976562
1491152,-142.80967712402344
1491376,-144.5388641357422
1491504,-19.0
1491520,-126.17317199707031
1492048,-150.3492431640625
1492064,-128.48619079589844
1492176,-140.76666259765625
1492192,-119.47415161132812
1492608,-144.72500610351562
1493184,-54.957977294921875
1493264,-149.45802307128906
1493488,-139.47415161132812
1493600,-135.30307006835938
1493616,-142.1065673828125
1493760,-136.48434448242188
1494000,-145.3584442138672
1494144,-135.51084899902344
1494176,-139.69322204589844
1494400,-147.38357543945312
1494704,-146.6571502685547
1494912,-134.75692749023438
1495296,-142.41168212890625
1495600,-82.49151611328125
1495600,-133.9893035888672
1495712,-146.1731719970703
1495728,-138.35604858398438
1495872,-143.69322204589844
1496288,-142.21075439453125
1496544,-73.23633575439453
1496688,-74.6873779296875
1497024,-139.69322204589844
1497120,-44.49961853027344
1497392,-143.59933471679688
1497392,-140.1957550048828
1497712,-146.3492431640625
1497712,-150.3492431640625
1497824,-129.1112060546875
1497824,-139.47415161132812
1497824,-148.5852813720703
1498608,-89.72509002685547
1498656,-134.75692749023438
1498864,-81.08013916015625
1499088,-75.27767181396484
1499136,-135.50794982910156
1499504,-146.1731719970703
1499504,-138.35604858398438
1499824,-144.35157775878906
1499936,-151.6138153076172
1499936,-139.9108123779297
1500064,27.328571319580078
1500096,-148.97708129882812
1501008,-71.19999694824219
1501088,-31.81254005432129
1501248,-144.5388641357422
1501328,-146.10769653320312
1501600,-149.08876037597656
1501600,-32.40174102783203
1501936,-135.00909423828125
1502048,-142.0084991455078
1502048,-138.8079071044922
1502176,-137.6664276123047
1502192,-123.3973159790039
1502304,-135.61817932128906
1502432,-141.80491638183594
1503072,-143.59933471679688
1503440,-137.6664276123047
1503632,-142.12777709960938
1503696,-137.86593627929688
1503712,-146.1731719970703
1504048,-130.1700439453125
1504160,-140.12693786621094
1504288,-139.9108123779297
1504448,-55.70289993286133
1504544,-146.75692749023438
1504640,-52.69893264770508
1505440,-65.14545440673828
1505456,-120.64210510253906
1505504,-133.20448303222656
1505728,-136.37142944335938
1505808,-137.6664276123047
1505808,-78.14966583251953
1506016,-98.61315155029297
1506112,-145.45802307128906
1506160,-147.21377563476562
1506272,-138.8079071044922
1506400,-142.8079071044922
1506656,-141.80491638183594
1506752,-147.72018432617188
1507552,-151.97341918945312
1507568,-151.75840759277344
1507616,-140.76666259765625
1507920,-135.75466918945312
1507920,-143.7825469970703
1508112,-144.5894775390625
1508224,-134.75692749023438
1508496,-144.5894775390625
1508768,-125.81779479980469
1508864,-138.35604858398438
1509248,-64.08212280273438
1509680,-137.19859313964844
1509728,-145.45802307128906
1510336,-128.10000610351562
1510368,-141.18609619140625
1510592,-143.59933471679688
1510608,-52.72063446044922
1510736,-149.80491638183594
1510832,-59.937416076660156
1510976,-149.8142852783203
1511360,-140.97708129882812
1511760,-143.8000030517578
1511792,-142.0084991455078
1511792,-148.05279541015625
1511840,-145.18609619140625
1512144,-156.54444885253906
1512352,-73.67948913574219
1512448,-137.6664276123047
1512672,-98.4321060180664
1512784,-34.559364318847656
1512832,-147.37367248535156
1512912,-45.84859848022461
1512944,-150.57887268066406
1512992,54.61034393310547
1513088,-129.59019470214844
1513328,-137.6664276123047
1513760,-66.87010192871094
1513872,-136.24285888671875
1514240,-146.78305053710938
1514496,-69.31558990478516
1514640,-108.1865234375
1514784,-142.21075439453125
1514896,-142.80967712402344
1514944,-138.35604858398438
1515008,-136.6358184814453
1515040,-151.37367248535156
1515104,-139.47415161132812
1515440,-139.99964904785156
1515968,-143.99932861328125
1516032,-140.4197235107422
1516352,-141.80491638183594
1516608,-143.97341918945312
1516896,-138.582763671875
1516912,-140.12693786621094
1517008,-125.26182556152344
1517040,-61.73380661010742
1517104,-148.5852813720703
1517200,-145.92218017578125
1517296,-142.611328125
1517840,-47.775875091552734
1517968,-144.5894775390625
1518144,-135.99964904785156
1518368,-60.12086486816406
1518912,-66.55862426757812
1519008,-137.8979034423828
1519024,-141.3937225341797
1519120,-135.99964904785156
1519168,-147.38357543945312
1519216,-138.8079071044922
1519264,-130.1227264404297
1519680,-55.00646209716797
1520080,-133.9893035888672
1520256,-140.12693786621094
1520480,-142.582763671875
1521024,-142.80967712402344
1521120,-148.76666259765625
1521136,-144.5388641357422
1521168,-141.18609619140625
1521264,-141.3937225341797
1521264,-154.29200744628906
1521424,-136.72412109375
1521792,-145.18609619140625
1522192,-143.2025604248047
1522560,-95.39794158935547
1522592,-142.21075439453125
1523040,-137.46803283691406
1523136,-131.58091735839844
1523248,-141.43333435058594
1523280,-135.99964904785156
1523472,-143.59043884277344
1523536,-146.87107849121094
1523584,-49.65261459350586
1523600,-96.1866455078125
1523696,-21.200000762939453
1523712,-56.121253967285156
1524080,-108.1865234375
1524304,-148.2176513671875
1524416,-139.47415161132812
1524656,-144.97647094726562
1524704,-138.8079071044922
1525248,-147.59043884277344
1525392,-144.76666259765625
1525488,-139.9108123779297
1525616,-80.30683898925781
1525696,-138.58261108398438
1525824,-149.18670654296875
1525952,-56.728294372558594
1526416,-134.75692749023438
1526560,-30.932836532592773
1526768,-139.47415161132812
1526784,-72.6689682006836
1526816,-143.97341918945312
1527360,-144.1630859375
1527488,-70.16511535644531
1527728,-145.63845825195312
1527744,-145.63845825195312
1527808,-119.47415161132812
1527888,-62.7110710144043
1527904,-142.611328125
1528000,-87.47647094726562
1528048,-149.73548889160156
1528528,-136.24285888671875
1528672,-137.19859313964844
1528896,-135.75466918945312
1529168,-87.07640838623047
1529200,-39.62941360473633
1529472,-145.27647399902344
1529792,-151.39730834960938
1529840,-137.19859313964844
1529856,-150.611328125
1530000,-140.76666259765625
1530048,-136.6714324951172
1530096,-143.59933471679688
1530160,-135.99964904785156
1531280,-137.43333435058594
1531584,-140.12693786621094
1531712,-134.75692749023438
1531952,-139.47415161132812
1531968,-137.8979034423828
1532192,-70.26040649414062
1532208,-135.99964904785156
1532208,-69.18230438232422
1532272,-144.34161376953125
1532464,-93.11479187011719
1532480,-51.38704299926758
1532480,-59.30557632446289
1533088,-134.24705505371094
1533152,-136.48434448242188
1534064,-138.582763671875
1534080,-135.50794982910156
1534320,-140.5548553466797
1534496,-105.99626159667969
1534592,-134.7409210205078
1534688,-57.755592346191406
1535392,-84.55787658691406
1535504,-64.74231719970703
1535520,-138.35604858398438
1535664,-38.769203186035156
1535744,-87.1432113647461
1536192,-136.96218872070312
1536432,-129.59019470214844
1536512,-47.901832580566406
1536608,-147.47415161132812
1536800,-136.24285888671875
1536832,-99.1043472290039
1536864,-140.86293029785156
1537504,-142.41168212890625
1537600,-150.15615844726562
1537632,-146.80967712402344
1537776,-138.75692749023438
1538528,-142.78305053710938
1538944,-143.0067596435547
1539184,-142.0084991455078
1539696,-65.26183319091797
1539712,-141.18609619140625
1540000,-71.22718048095703
1540016,-150.0686492919922
1540400,-136.38426208496094
1540912,-58.483642578125
1541024,-136.24285888671875
1541072,-135.0230712890625
1541168,-58.88187789916992
1541280,-123.59933471679688
1541456,-27.523529052734375
1541968,-81.08013916015625
1542000,-141.80491638183594
1542064,-149.9960174560547
1542128,-146.41168212890625
1543088,-56.265342712402344
1543184,-137.43333435058594
1543232,-143.99932861328125
1543280,-149.8177947998047
1543344,-67.58515167236328
1543360,-85.98866271972656
1543392,-140.5548553466797
1543728,-102.55936431884766
1543936,-147.21377563476562
1544176,-149.0275421142578
1544544,-134.75692749023438
1544608,-123.2713394165039
1545296,-136.40188598632812
1545456,-129.1112060546875
1545456,-146.0084991455078
1545488,-55.64444351196289
1545504,-141.18609619140625
1545840,-146.611328125
1546192,-132.6714324951172
1546224,-135.75466918945312
1546288,-141.3937225341797
1546352,-47.0059928894043
1546640,-142.345458984375
1546704,-144.5388641357422
1547392,-144.78359985351562
1547440,-142.0084991455078
1547504,-134.5029296875
1547568,-141.18609619140625
1547568,-147.39712524414062
1547600,-142.21075439453125
1547616,-140.12693786621094
1547952,-143.39712524414062
1548336,-141.18609619140625
1548400,-136.96218872070312
1548464,-141.80491638183594
1548752,-138.345458984375
1548752,-142.611328125
1548832,-142.80967712402344
1549488,-144.39405822753906
1549616,-138.35604858398438
1549664,-149.73548889160156
1549712,-141.3937225341797
1549776,-48.26502227783203
1549840,-61.68767166137695
1550064,-139.47415161132812
1550416,-144.96218872070312
1550448,-137.19859313964844
1550512,-140.12693786621094
1550544,-68.4076919555664
1550576,-146.21075439453125
1550640,4.0633745193481445
1550864,-136.96218872070312
1550912,-143.39712524414062
1550928,-147.19622802734375
1551600,-142.21075439453125
1551760,-142.98919677734375
1551888,-152.72500610351562
1551952,-143.59043884277344
1552016,-78.8121109008789
1552176,-141.80491638183594
1552528,-118.58275604248047
1552624,-142.35604858398438
1552656,-143.7825469970703
1552736,-142.98919677734375
1553312,-46.02962875366211
1553312,-79.94999694824219
1553872,-140.34161376953125
1553904,-63.80085372924805
1554000,-142.80967712402344
1554064,-147.72018432617188
1554128,-143.0067596435547
1554640,-139.9108123779297
1554672,-146.611328125
1555024,-88.468994140625
1555040,-86.92337799072266
1555072,-140.72412109375
1555312,-133.9893035888672
1555408,-142.98919677734375
1555408,-139.5142822265625
1556016,-141.60000610351562
1556112,-137.19859313964844
1556240,-141.60000610351562
1556384,-124.19734954833984
1556752,-141.80491638183594
1556784,-142.21075439453125
1556848,-135.99964904785156
1556880,-136.72412109375
1557136,-142.35604858398438
1557184,-142.611328125
1557408,53.20232391357422
1557424,-136.24285888671875
1557520,-138.8079071044922
1557520,-140.96218872070312
1558352,-135.99964904785156
1558480,-140.4197235107422
1558864,-142.80967712402344
1558960,-142.611328125
1558992,-143.0067596435547
1559296,-134.5029296875
1559520,-142.80967712402344
1559632,-137.8979034423828
1559632,-139.9108123779297
1560624,-96.5892105102539
1560672,-144.90997314453125
1560704,-89.8017578125
1561104,-147.2535858154297
1561344,-141.51626586914062
1561376,-151.72018432617188
1561408,-139.47415161132812
1561632,-138.582763671875
1561632,-135.1090850830078
1561744,-128.10000610351562
1562144,-138.582763671875
1562800,-141.7310333251953
1562912,-82.12727355957031
1563056,-67.9779052734375
1563088,-138.35604858398438
1563216,-137.8979034423828
1563440,-120.8629379272461
1563520,-147.21377563476562
1563744,-142.12777709960938
1563744,-126.54898071289062
1563856,-136.96218872070312
1563904,-71.47272491455078
1564256,-128.05279541015625
1564896,-133.46803283691406
1564912,-142.41168212890625
1565168,-64.58484649658203
1565328,-139.03150939941406
1565504,-148.1630859375
1565536,-141.3000030517578
1565632,-151.72018432617188
1565840,-145.3000030517578
1565856,-140.5548553466797
1565936,-121.73103332519531
1566368,-140.96218872070312
1567008,-133.9893035888672
1567024,-134.75692749023438
1567136,-146.41168212890625
1567248,-22.276470184326172
1567264,-134.5029296875
1567280,-140.76666259765625
1567312,-142.80967712402344
1567440,-139.47415161132812
1567648,-143.2025604248047
1567744,-128.7031707763672
1567952,-142.21075439453125
1568112,-135.00909423828125
1568224,-58.50874710083008
1568480,-141.19859313964844
1569104,-141.3000030517578
1569376,-136.96218872070312
1569392,-145.27647399902344
1569504,-95.0180435180664
1569536,-143.19393920898438
1569552,-66.58547973632812
1569712,-135.00909423828125
1569760,-138.12777709960938
1569792,-40.94100570678711
1570160,-144.72412109375
1570192,-32.28627395629883
1570224,-140.76666259765625
1570336,-139.9108123779297
1570416,-60.54821014404297
1570592,-139.03150939941406
1571248,-139.75466918945312
1571488,-140.5548553466797
1571488,-138.81805419921875
1571552,-58.3508415222168
1571632,-134.56922912597656
1571664,-134.5029296875
1571824,-143.03150939941406
1571872,-152.0452117919922
1571904,-131.58091735839844
1572272,-138.8079071044922
1572304,-142.611328125
1572336,-142.21075439453125
1572448,-146.611328125
1572528,-134.5029296875
1572688,-141.51626586914062
1573360,-148.38153076171875
1573600,-133.72962951660156
1573728,-129.88125610351562
1573776,-139.2535858154297
1573888,-65.87127685546875
1573936,-138.582763671875
1573968,-144.19735717773438
1574016,-48.478946685791016
1574416,-143.59043884277344
1574560,-139.00909423828125
1574640,-64.6146011352539
1575472,-131.0230712890625
1575712,-132.40188598632812
1575856,-142.80967712402344
1575872,-138.1065673828125
1576048,-145.63845825195312
1576080,-136.72412109375
1576112,-142.41168212890625
1576176,-60.97085952758789
1576752,-142.80967712402344
1576800,-62.88555908203125
1577008,-64.00259399414062
1577264,-141.9443359375
1577824,-138.12777709960938
1577984,-132.40188598632812
1578160,-143.2025604248047
1578176,-136.13082885742188
1578224,-141.3937225341797
1578272,-143.39730834960938
1578304,-58.865753173828125
1578864,-136.3428497314453
1578864,-131.85665893554688
1579200,-53.411766052246094
1579536,-59.6907958984375
1579696,-147.2025604248047
1579744,-42.20000076293945
1580096,-144.72500610351562
1580288,-52.51643753051758
1580288,-139.03150939941406
1580384,-136.48434448242188
1580464,-131.0230712890625
1580512,-89.98148345947266
1580704,-34.349815368652344
1580784,-139.47415161132812
1580960,-142.5755157470703
1580976,32.08571243286133
1581808,-142.611328125
1581840,-142.36654663085938
1582208,-133.20448303222656
1582368,-145.3584442138672
1582400,-144.35157775878906
1582480,-144.19735717773438
1582512,-135.99964904785156
1582560,-138.1065673828125
1582800,-139.0518035888672
1582912,-56.24074172973633
1583184,-80.00152587890625
1583344,-129.59019470214844
1583392,-140.86293029785156
1583392,-68.94285583496094
1583920,-145.45802307128906
1583952,-152.54444885253906
1584496,-139.50794982910156
1584576,-140.1957550048828
1584608,-55.64444351196289
1584672,-136.24285888671875
1584912,-142.21075439453125
1585024,-142.21075439453125
1585184,-145.0937957763672
1585280,-150.83798217773438
1585440,-140.86293029785156
1586064,-134.24705505371094
1586272,-76.02438354492188
1586480,12.924793243408203
1586608,-129.88125610351562
1586720,-128.4027862548828
1586784,-145.80491638183594
1587008,-139.97021484375
1587136,-143.39712524414062
1587296,-140.76666259765625
1587392,-151.3222198486328
1587616,-143.0067596435547
1588096,-91.77872467041016
1588176,-133.9893035888672
1588384,-138.12777709960938
1588592,-134.75692749023438
1588720,-138.582763671875
1588736,-140.96218872070312
1588832,-133.9893035888672
1588896,-146.21075439453125
1589104,-139.5142822265625
1589136,-138.8079071044922
1589408,-141.18609619140625
1589488,-147.8000030517578
1590000,-78.21391296386719
1590208,-136.24285888671875
1590784,-131.51084899902344
1590848,-143.10675048828125
1591008,-138.12777709960938
1591104,-88.95865631103516
1591248,-138.35604858398438
1591440,-74.36165618896484
1591520,-145.0937957763672
1591760,-83.60200500488281
1592112,-140.97708129882812
1592816,-133.72962951660156
1592896,-139.47415161132812
1592944,-132.10000610351562
1592960,-152.34161376953125
1593040,-135.3589324951172
1593216,-149.34495544433594
1593440,-132.93894958496094
1593936,-53.243038177490234
1593952,-55.264835357666016
1594208,-146.83798217773438
1594720,-132.40188598632812
1594992,-145.9443359375
1595056,-141.43333435058594
1595152,-145.63845825195312
1595328,-139.9108123779297
1595520,-34.72941207885742
1595552,-145.8177947998047
1595856,-137.6664276123047
1596048,-128.10000610351562
1596064,-144.35157775878906
1596320,-139.9108123779297
1596976,-87.67142486572266
1597040,-142.80967712402344
1597104,-138.8079071044922
1597152,-69.90318298339844
1597152,-124.97647094726562
1597168,-123.74305725097656
1597264,-137.6664276123047
1597632,-139.2535858154297
1598000,-49.93333435058594
1598272,-99.00689697265625
1598432,-152.1630859375
1598528,-25.929119110107422
1599152,-143.97341918945312
1599152,-71.23846435546875
1599216,-138.8079071044922
1599264,-142.0084991455078
1599264,-134.5029296875
1599280,-138.35604858398438
1599392,-82.38823699951172
1599520,-142.78305053710938
1599744,-147.55238342285156
1600096,-147.19393920898438
1600416,-139.69322204589844
1600544,-142.582763671875
1601376,-147.39712524414062
1601504,-146.87107849121094
1601568,-71.94029998779297
1601616,-51.95154571533203
1601616,-61.86249923706055
1601632,-139.47415161132812
1601632,-48.58108139038086
1601840,-145.3584442138672
1602176,-143.9108123779297
1602192,-138.3019256591797
1602496,-139.2535858154297
1602656,-148.5388641357422
1602672,-146.5242462158203
1602752,-140.97708129882812
1603616,-138.582763671875
1603680,-138.8079071044922
1603744,-144.1630859375
1603776,-135.50794982910156
1603904,-86.36259460449219
1603936,-150.29200744628906
1604048,-50.04833984375
1604288,-135.25941467285156
1604304,-138.582763671875
1604608,-131.0230712890625
1604640,-136.48434448242188
1604768,-155.77688598632812
1604864,-144.1630859375
1605168,-69.60286712646484
1605600,-145.9960174560547
1605728,-142.21075439453125
1606016,-69.62217712402344
1606064,-101.37530517578125
1606160,-146.5242462158203
1606272,-62.9985237121582
1606288,-45.16666793823242
1606384,-61.517845153808594
1606384,-148.41539001464844
1606416,-131.85665893554688
1606752,-137.46803283691406
1606960,-77.38351440429688
1606976,-139.2535858154297
1607552,-47.55338668823242
1607904,-83.80000305175781
1607952,-146.10769653320312
1608096,-53.30967712402344
1608128,-136.72412109375
1608176,-116.48434448242188
1608272,-133.46803283691406
1608496,-149.0937957763672
1608496,-141.19859313964844
1608688,-92.42835998535156
1608768,-41.869205474853516
1608992,-140.5548553466797
1609072,-130.1700439453125
1609648,-145.3584442138672
1610208,-148.35157775878906
1610304,-82.78321838378906
1610512,-142.21075439453125
1610592,-142.5755157470703
1610608,-141.60000610351562
1610624,-36.007843017578125
1610800,-134.7409210205078
1610880,-144.1630859375
1610976,-148.05279541015625
1611520,-57.23044967651367
1612112,-152.07244873046875
1612320,-143.2535858154297
1612480,-150.29200744628906
1612560,-92.85746765136719
1612688,-38.569698333740234
1612704,-113.20447540283203
1612720,-134.75692749023438
1612736,-27.78664207458496
1612864,-65.26183319091797
1612912,-129.59019470214844
1613088,-118.58275604248047
1613104,-47.88888931274414
1613632,-143.59043884277344
1614592,-140.5548553466797
1614656,-137.13333129882812
1614800,-144.5548553466797
1614800,-136.885498046875
1614832,-151.77688598632812
1615024,-133.20448303222656
1615200,-137.43333435058594
1615200,-79.75895690917969
1615216,-144.12693786621094
1615328,-137.19859313964844
1615408,-133.72962951660156
1615744,-132.13031005859375
1616512,-85.89463806152344
1616544,-143.39712524414062
1616768,-138.12777709960938
1617136,-132.7031707763672
1617200,-139.03150939941406
1617312,-140.72412109375
1617856,-144.12693786621094
1617904,-45.329410552978516
1618656,-152.74864196777344
1619008,-135.99964904785156
1619024,-138.35604858398438
1619040,-91.27894592285156
1619040,-147.37367248535156
1619248,-141.3937225341797
1619312,-140.97708129882812
1619424,-137.43333435058594
1619712,-140.97708129882812
1619920,-140.34161376953125
1620768,-132.93894958496094
1621136,-149.25454711914062
1621136,-138.12777709960938
1621152,-145.0937957763672
1621360,-144.35157775878906
1621408,-151.5500030517578
1621488,-66.99852752685547
1621520,-139.61817932128906
1621824,-145.18609619140625
1621824,-131.85665893554688
1622032,-134.75692749023438
1622080,-140.5548553466797
1622768,-76.83067321777344
1623056,-97.00173950195312
1623216,-136.24285888671875
1623232,-142.15615844726562
1623248,-125.58760070800781
1623264,-144.1630859375
1623312,-137.72962951660156
1623472,-141.60000610351562
1623728,-102.33108520507812
1623792,-98.945068359375
1623840,-140.76666259765625
1623872,-43.614803314208984
1623936,-135.25941467285156
1624144,-135.50794982910156
1624192,-135.99964904785156
1625152,-50.115684509277344
1625360,-137.8979034423828
1625424,-141.43333435058594
1625584,-137.72962951660156
1625712,-40.19503402709961
1625904,-146.3492431640625
1625984,-135.00909423828125
1626160,-92.34314727783203
1626256,-138.12777709960938
1626576,-85.7098388671875
1627264,-142.21075439453125
1627424,-146.83798217773438
1627536,-131.85665893554688
1627680,-141.9443359375
1627824,-129.88125610351562
1627840,-140.97708129882812
1628016,-141.6664276123047
1628096,-133.46803283691406
1628144,-120.76667022705078
1628368,-145.45802307128906
1628464,-82.01778411865234
1628560,-73.94509887695312
1628640,-139.00909423828125
1628688,-151.17520141601562
1629360,-141.51626586914062
1629536,-144.72500610351562
1629568,-142.12777709960938
1629776,-135.61817932128906
1629920,-141.51626586914062
1629952,-137.19859313964844
1630128,-138.582763671875
1630192,-147.37367248535156
1630256,-140.97708129882812
1630800,-144.35157775878906
1630816,-57.2779655456543
1630992,-65.09329223632812
1631648,-88.64981079101562
1631712,-146.10769653320312
1631888,-140.5548553466797
1631904,-61.90111541748047
1631920,-89.08496856689453
1632000,-61.86249923706055
1632032,-138.582763671875
1632240,-141.3937225341797
1632288,-141.51626586914062
1632368,-147.97341918945312
1632688,-139.69322204589844
1632864,-137.6664276123047
1632912,-148.75413513183594
1632912,-142.0084991455078
1633104,-133.72962951660156
1633808,-140.4197235107422
1634000,-125.09378814697266
1634016,-140.76666259765625
1634112,-127.7947769165039
1634176,-141.18609619140625
1634368,-73.09781646728516
1634400,-143.7825469970703
1634480,-140.93894958496094
1634976,-140.97708129882812
1635024,-137.43333435058594
1635152,-55.28384017944336
1635392,-45.87133026123047
1636112,-136.72412109375
1636128,-136.48434448242188
1636160,-78.8121109008789
1636224,-139.69322204589844
1636256,-144.24285888671875
1636288,-137.46803283691406
1636448,-126.65714263916016
1636896,-57.41403579711914
1637472,-43.80588150024414
1637504,-142.12777709960938
1637632,-27.27751922607422
1638368,-139.9108123779297
1638400,-102.18770599365234
1638480,-77.32453155517578
1638560,-140.72412109375
1638608,-138.12777709960938
1639008,-141.60000610351562
1639440,-135.25941467285156
1639472,-50.115684509277344
1639584,-140.12693786621094
1639744,-140.5548553466797
1639984,-62.769840240478516
1640480,-138.582763671875
1640512,-137.03895568847656
1640512,-147.7825469970703
1640544,-87.47647094726562
1640592,-139.2535858154297
1640672,-143.2025604248047
1640688,-145.8177947998047
1640704,-131.0230712890625
1640816,-145.8177947998047
1641040,-44.344276428222656
1641120,-141.3937225341797
1641552,-144.35157775878906
1641584,-135.25941467285156
1641696,-145.45802307128906
1642096,-135.75466918945312
1642608,-145.3584442138672
1642624,-142.21075439453125
1642800,-143.9108123779297
1642816,-143.59043884277344
1642928,-129.59019470214844
1643152,-132.93894958496094
1643184,-31.69742774963379
1643984,-69.78585815429688
1644208,-129.29684448242188
1644736,-137.8979034423828
1645024,-142.98919677734375
1645104,-143.7825469970703
1645264,-141.3937225341797
1645328,-149.92218017578125
1645584,-38.1129035949707
1646224,-140.12693786621094
1646304,-146.6571502685547
1646816,-137.43333435058594
1646848,-140.34161376953125
1646896,-147.5500030517578
1647008,-148.5894775390625
1647216,-131.30307006835938
1647344,-72.6812515258789
1647696,-138.582763671875
1647696,-43.023075103759766
1647744,-62.14013671875
1647872,-122.78305053710938
1648928,-141.3937225341797
1648944,-35.04386520385742
1649008,-128.4027862548828
1649120,-138.35604858398438
1649328,-130.84092712402344
1649680,-96.84733581542969
1649712,-132.40188598632812
1649792,-136.08685302734375
1649856,-138.12777709960938
1649984,-135.00909423828125
1650112,-132.93894958496094
1650736,-78.5857162475586
1650752,-64.14899444580078
1651072,-130.4565887451172
1651120,-141.6664276123047
1651424,-145.3584442138672
1651424,-37.24444580078125
1651824,-142.582763671875
1651904,-133.46803283691406
1652192,-68.04285430908203
1652224,-136.48434448242188
1652848,-132.6714324951172
1652864,-134.5029296875
1653168,-132.93894958496094
1653184,-143.39712524414062
1653216,-149.73548889160156
1653344,-142.0084991455078
1653744,-72.6812515258789
1653808,-53.8118782043457
1653888,-140.5548553466797
1654080,-138.12777709960938
1654304,-63.31267547607422
1654336,-140.97708129882812
1654736,-132.93894958496094
1654944,-117.13333129882812
1654976,-143.2025604248047
1655264,-144.78359985351562
1655328,-137.6664276123047
1655920,-130.4565887451172
1655984,-154.48492431640625
1656048,-152.76666259765625
1656400,-136.6358184814453
1656400,-142.36654663085938
1656432,-137.86593627929688
1656592,-38.1129035949707
1657040,-143.74305725097656
1657072,-155.8000030517578
1657088,-81.85713958740234
1657376,-134.24705505371094
1657536,-145.73548889160156
1657760,-61.99040985107422
1658032,-146.1731719970703
1658096,-139.9108123779297
1658160,-143.03150939941406
1658512,-135.50794982910156
1658608,-68.07368469238281
1658704,-150.8787078857422
1659152,-147.0067596435547
1659184,-143.69322204589844
1659184,-139.97021484375
1659488,-147.38357543945312
1659648,-141.60000610351562
1659760,-152.60948181152344
1660064,-143.2025604248047
1660144,-135.50794982910156
1660208,-138.582763671875
1660624,-143.39712524414062
1660624,-143.0067596435547
1660720,-138.12777709960938
1661264,-136.48434448242188
1661296,-135.99964904785156
1661296,-141.18609619140625
1661600,-154.79818725585938
1662128,-72.6689682006836
1662256,-148.38153076171875
1662272,-68.16666412353516
1662736,-139.2535858154297
1662832,-135.99964904785156
1662928,-139.47415161132812
1663040,-48.815120697021484
1663408,-144.1630859375
1663600,-89.23477935791016
1664032,-144.97647094726562
1664352,-127.20425415039062
1664432,-137.43333435058594
1664480,-79.25794982910156
1664752,-63.653846740722656
1664848,-141.3937225341797
1664864,-143.9108123779297
1665152,-123.59044647216797
1665472,-145.3584442138672
1665520,-140.76666259765625
1665696,-149.41934204101562
1665808,-149.16807556152344
1666144,-138.582763671875
1666592,-133.46803283691406
1666960,-147.89938354492188
1667088,-52.49475860595703
1667136,-138.12777709960938
1667568,-137.62353515625
1668224,-48.8370361328125
1668256,-135.25941467285156
1668704,-138.8079071044922
1668880,-49.438377380371094
1669072,-136.72412109375
1669152,-148.97708129882812
1669344,-145.3937225341797
1669360,-135.99964904785156
1669424,-84.468994140625
1669680,-136.24285888671875
1669744,-143.9108123779297
1669920,-133.72962951660156
1670320,-143.19393920898438
1670608,-139.9108123779297
1670736,-144.78359985351562
1670816,-136.48434448242188
1671184,-142.611328125
1671536,-141.3937225341797
1671792,-147.2025604248047
1671984,-45.04252624511719
1672432,-138.12777709960938
1672480,-142.41168212890625
1673504,-138.345458984375
1673520,-69.62217712402344
1673648,-146.69818115234375
1673808,-74.36165618896484
1673984,-143.3025665283203
1674096,-121.5999984741211
1674096,-76.80428314208984
1674512,-50.83333206176758
1674592,-153.80491638183594
1674816,-70.00653076171875
1674832,-145.9960174560547
1675440,-93.28075408935547
1675600,-135.61817932128906
1675760,-139.69322204589844
1675920,-146.0084991455078
1676080,-139.2535858154297
1676096,-140.97708129882812
1676208,-142.0084991455078
1676352,-143.2535858154297
1676704,-139.2535858154297
1676944,-145.45802307128906
1677616,-46.08149337768555
1677840,-75.19999694824219
1677936,-54.527587890625
1677936,-147.38357543945312
1678032,-140.12693786621094
1678320,-139.47415161132812
1678320,-131.30307006835938
1678464,-132.6714324951172
1679040,-153.08876037597656
1679040,-129.88125610351562
1679712,-136.48434448242188
1679984,-70.2491226196289
1680048,-135.00909423828125
1680048,-138.24705505371094
1680144,-132.93894958496094
1680304,-136.24285888671875
1680320,-138.582763671875
1680432,-136.96218872070312
1680576,-136.96218872070312
1680928,-139.69322204589844
1681136,-138.03256225585938
1681152,-131.85665893554688
1681808,-144.19735717773438
1682048,-146.6571502685547
1682096,-137.43333435058594
1682096,-137.43333435058594
1682160,-136.24285888671875
1682416,-149.34495544433594
1682464,-45.762264251708984
1682528,-142.0084991455078
1683200,-86.52149963378906
1683200,-96.1866455078125
1683264,-143.97341918945312
1683904,-140.4197235107422
1684272,-132.6714324951172
1684464,-78.08123016357422
1684528,-136.93894958496094
1684544,-136.48434448242188
1684560,-142.15615844726562
1684640,-139.99964904785156
1685120,-141.18609619140625
1685296,-144.97647094726562
1685312,-130.7409210205078
1685712,-48.516788482666016
1686016,-142.41168212890625
1686304,-147.55238342285156
1686384,-147.2535858154297
1686448,-146.69818115234375
1686560,-148.07244873046875
1686624,-154.22857666015625
1686656,-136.38426208496094
1686752,-139.03150939941406
1686752,-142.41168212890625
1686752,-144.39405822753906
1687232,-140.5548553466797
1687408,-131.8000030517578
1687408,-140.12693786621094
1687456,-144.97647094726562
1687744,-23.84981346130371
1688480,-51.95154571533203
1688496,-132.40188598632812
1688560,-144.5548553466797
1688672,-148.54444885253906
1688736,-139.47415161132812
1688752,-141.51626586914062
1688768,-143.39712524414062
1688784,-50.83333206176758
1688864,-141.18609619140625
1689344,-144.12693786621094
1689520,-142.80967712402344
1689520,-134.5029296875
1689792,-70.16511535644531
1690176,-75.54822540283203
1690192,-52.83693313598633
1690592,-144.72500610351562
1690672,-120.76667022705078
1690848,-142.611328125
1690864,-148.75413513183594
1690976,-78.83180236816406
1691152,-47.13750076293945
1691168,-89.3816909790039
1691216,-94.44634246826172
1691456,-140.12693786621094
1691632,-143.2025604248047
1692288,-137.43333435058594
1692304,-137.6664276123047
1692688,-143.19393920898438
1692784,-142.582763671875
1693008,-138.12777709960938
1693024,-61.11507034301758
1693088,-137.43333435058594
1693264,-138.12777709960938
1693568,-133.72962951660156
1694704,-63.31267547607422
1694800,-137.8979034423828
1695072,-138.35604858398438
1695088,-149.0937957763672
1695120,-145.27647399902344
1695184,-43.068851470947266
1695376,-135.3589324951172
1695376,-137.19859313964844
1695568,-38.92856979370117
1695680,-141.60000610351562
1696560,-135.75466918945312
1696784,-129.88125610351562
1696912,-139.00909423828125
1697120,-139.2535858154297
1697152,-50.932373046875
1697184,-142.0084991455078
1697232,-135.75466918945312
1697232,-133.9893035888672
1697296,-137.6664276123047
1697392,-84.27169799804688
1697472,-141.51626586914062
1697680,-137.19859313964844
1697776,-145.54757690429688
1697776,-62.19444274902344
1697952,-150.22857666015625
1697968,-147.88697814941406
1698896,-139.2535858154297
1699216,-86.12342071533203
1699344,-143.59043884277344
1699536,-82.37335205078125
1699824,-49.43333435058594
1700176,-59.017730712890625
1700784,-140.76666259765625
1701344,-137.43333435058594
1701392,-125.26182556152344
1701504,-143.8000030517578
1701696,-143.2025604248047
1702000,-132.6714324951172
1702160,-71.22718048095703
1702288,-143.7825469970703
1702448,-50.280460357666016
1703104,-140.64210510253906
1703440,-141.60000610351562
1703488,-138.58261108398438
1703568,-146.87107849121094
1703600,-144.19735717773438
1703760,-137.43333435058594
1703808,-132.6714324951172
1704016,-126.87692260742188
1704112,-136.96218872070312
1704544,-144.64210510253906
1704592,-144.34161376953125
1705296,-137.8979034423828
1705488,-52.59884262084961
1705552,-128.2176513671875
1705568,-147.21377563476562
1705600,-140.34161376953125
1705664,-139.9108123779297
1705680,-138.582763671875
1705872,-141.19859313964844
1705920,-142.41168212890625
1705968,-70.73986053466797
1706128,-125.26182556152344
1706384,-137.8979034423828
1706496,-82.7750015258789
1706512,-139.2535858154297
1706640,-145.54757690429688
1706704,-145.0937957763672
1707408,-155.46841430664062
1707712,-149.50230407714844
1707776,-140.76666259765625
1707792,-140.97708129882812
1707936,-61.26496505737305
1708240,-140.12693786621094
1708352,-41.478511810302734
1708816,-134.75692749023438
1708960,-72.6812515258789
1709504,-141.51626586914062
1709696,-139.69322204589844
1709792,-135.00909423828125
1709872,-148.07244873046875
1709904,-138.35604858398438
1710048,-143.99964904785156
1710080,-133.76109313964844
1710336,-148.07244873046875
1710480,-138.5029296875
1710720,-153.8142852783203
1710736,-139.69322204589844
1710912,-142.36654663085938
1710992,20.93761444091797
1711072,-148.35157775878906
1711200,-54.73783874511719
1711616,-141.80491638183594
1711808,-133.46803283691406
1711984,-140.76666259765625
1712192,-149.50230407714844
1712256,-71.74591064453125
1712336,-99.65646362304688
1712560,-136.6358184814453
1712576,-152.5852813720703
1712832,-144.72500610351562
1712848,-145.8177947998047
1713024,-142.80967712402344
1713104,-141.3937225341797
1713184,-141.60000610351562
1713312,-144.90997314453125
1713712,-141.3000030517578
1713920,-137.8979034423828
1714288,-135.09771728515625
1714368,-144.5388641357422
1714384,-136.48434448242188
1714944,-136.72412109375
1714960,-138.12777709960938
1715136,-129.88125610351562
1715216,-147.04293823242188
1715280,-145.3584442138672
1715664,-81.92162322998047
1716032,-146.69818115234375
1716640,-136.72412109375
1716704,-33.662349700927734
1716752,-141.9443359375
1716784,-146.3492431640625
1716832,-143.0067596435547
1716832,-57.81621551513672
1717056,-132.13031005859375
1717072,-136.6714324951172
1717328,-123.78253936767578
1717776,-139.9108123779297
1718320,-144.5388641357422
1718736,-148.41539001464844
1718848,-148.24444580078125
1718944,-131.85665893554688
1719056,-97.38571166992188
1719184,-79.26551818847656
1719344,-145.9443359375
1719440,-140.5548553466797
1719488,-149.5831298828125
1719888,-132.13031005859375
1720416,-102.2979507446289
1720704,-140.34161376953125
1720848,-140.12693786621094
1720928,-141.18609619140625
1720960,-140.34161376953125
1721168,-136.72412109375
1721296,-139.69322204589844
1721440,-140.1957550048828
1721600,-139.03150939941406
1721776,-80.66773986816406
1722176,-92.97653198242188
1722496,-137.72962951660156
1722528,-138.582763671875
1722544,-144.72500610351562
1722960,-144.5388641357422
1723024,-143.99932861328125
1723168,-63.0538444519043
1723264,-73.0999984741211
1723280,-131.0230712890625
1723376,-115.2594223022461
1723440,-77.78311920166016
1723552,-141.18609619140625
1723888,-133.88125610351562
1724288,-144.35157775878906
1724608,-145.9960174560547
1724656,-143.47415161132812
1725056,-148.41539001464844
1725280,-147.0067596435547
1725376,-139.75466918945312
1725392,-139.03150939941406
1725488,-139.69322204589844
1725504,-155.16842651367188
1725664,-147.04293823242188
1726720,-138.35604858398438
1726848,-30.175949096679688
1727472,-144.97647094726562
1727600,-141.3000030517578
1727616,-120.34161376953125
1727712,-76.9064712524414
1727856,-142.5755157470703
1727904,-144.1630859375
1728112,-133.9893035888672
1728944,-143.99932861328125
1729472,-143.8000030517578
1729504,-56.159847259521484
1729552,-57.06928253173828
1729568,-141.3937225341797
1729584,-137.43333435058594
1729616,-146.3492431640625
1729712,-135.99964904785156
1729712,-140.97708129882812
1729728,-139.47415161132812
1729968,-134.1700439453125
1730000,-141.7310333251953
1730064,-143.99932861328125
1731232,-67.85529327392578
1731280,-98.24488830566406
1731664,-149.5831298828125
1731824,-135.00909423828125
1731840,-129.59019470214844
1731920,-136.48434448242188
1731936,-88.505126953125
1732080,-148.7064208984375
1732096,-143.19393920898438
1732176,-138.12777709960938
1732560,-67.9779052734375
1733344,-143.2025604248047
1733712,-142.78305053710938
1733776,-142.21075439453125
1733776,-140.12693786621094
1733824,-142.41168212890625
1733920,-136.24285888671875
1733936,-144.72500610351562
1733952,-133.72962951660156
1733984,-52.37971115112305
1734048,-143.2025604248047
1734176,-132.93385314941406
1734208,-146.5242462158203
1735456,-141.18609619140625
1735504,-132.93894958496094
1735888,-130.8787078857422
1736032,-147.0067596435547
1736048,-132.40188598632812
1736144,-139.74305725097656
1736160,-68.49002838134766
1736176,-26.15517234802246
1736288,-141.3937225341797
1736320,-136.96218872070312
1736768,-127.48709869384766
1736784,-134.24705505371094
1737568,-131.0230712890625
1737616,-137.43333435058594
1737984,-143.0518035888672
1738160,-130.7409210205078
1738208,-140.34161376953125
1738240,-147.19622802734375
1738384,-146.29200744628906
1738416,-94.09204864501953
1738432,-143.0067596435547
1739088,-85.66277313232422
1740016,-55.56084060668945
1740096,-136.96218872070312
1740160,-141.18609619140625
1740304,-146.10769653320312
1740368,-143.39730834960938
1740400,-142.21075439453125
1740480,-144.19735717773438
1740544,-135.50794982910156
1740560,-81.7591781616211
1740608,-57.81621551513672
1740816,-72.12715148925781
1741184,-142.36654663085938
1741360,-53.07747268676758
1741376,-4.557768821716309
1742176,-141.80491638183594
1742416,-147.21377563476562
1742464,-150.611328125
1742528,-56.75384521484375
1742656,-136.13082885742188
1742656,-127.17692565917969
1742864,-49.067832946777344
1742928,-59.40936279296875
1742928,-133.20448303222656
1742928,-88.71034240722656
1743296,-83.79003143310547
1743296,-136.72412109375
1743472,-139.00909423828125
1743680,-101.31351470947266
1744240,-142.21075439453125
1744288,-133.9893035888672
1744288,-149.54757690429688
1744528,-141.60000610351562
1744576,-144.90997314453125
1744752,-147.5500030517578
1744800,-77.84577941894531
1744960,-140.64210510253906
1745040,-135.99964904785156
1745040,-143.97341918945312
1745104,-78.67544555664062
1745248,-104.29489135742188
1745408,-138.24705505371094
1745792,-117.20447540283203
1746352,-132.6714324951172
1746400,-116.72411346435547
1746688,-147.55238342285156
1746912,-138.12777709960938
1747360,-140.24285888671875
1747504,-54.18813705444336
1747520,-139.2535858154297
1747520,-135.50794982910156
1748464,-133.9893035888672
1748784,-151.9268035888672
1749168,-65.08421325683594
1749184,-139.47415161132812
1749264,-59.50634765625
1749264,-134.5029296875
1749472,-146.69818115234375
1749600,-137.86593627929688
1749632,-146.0084991455078
1749712,-68.52352905273438
1749808,-131.85665893554688
1749872,-81.48644256591797
1750208,-89.6656723022461
1750560,-142.98919677734375
1750816,-140.97708129882812
1751184,-51.10704040527344
1751280,-141.7310333251953
1751376,-149.34495544433594
1751712,-139.69322204589844
1751920,-135.50794982910156
1752032,-95.15675354003906
1752512,-84.73985290527344
1752656,-138.345458984375
1753472,-139.5142822265625
1753520,-132.93894958496094
1753536,-79.26551818847656
1753600,-147.19622802734375
1753680,-146.47515869140625
1753808,-149.9077911376953
1753824,-143.7825469970703
1753840,-134.5029296875
1754032,-144.5548553466797
1754080,-145.63845825195312
1754624,-137.6664276123047
1755136,-42.67482376098633
1755360,-138.81805419921875
1755504,-139.47415161132812
1755584,-144.35157775878906
1755648,-138.8079071044922
1756112,-100.02542114257812
1756144,-149.8177947998047
1756192,-129.59019470214844
1756240,-123.59044647216797
1756336,-53.243038177490234
1756736,-139.03150939941406
1757152,-134.75692749023438
1757904,-144.1630859375
1757920,-137.19859313964844
1757936,-77.11588287353516
1758128,-48.00847625732422
1758224,-128.4027862548828
1758256,-134.24705505371094
1758304,-153.27647399902344
1758624,-104.60389709472656
1758896,-142.80967712402344
1759232,-65.30733489990234
1759264,-138.24705505371094
1759360,-136.72412109375
1759728,-144.76666259765625
1759776,-93.81742095947266
1760016,-135.75466918945312
1760032,-137.13333129882812
1760320,-135.87547302246094
1760352,-143.99932861328125
1760400,-43.88888931274414
1760416,12.703371047973633
1760448,-151.01766967773438
1760592,-37.124717712402344
1760720,-139.47415161132812
1760720,-151.0140838623047
1761008,-144.72500610351562
1761376,-136.48434448242188
1761632,-53.990840911865234
1761824,-143.87547302246094
1761888,-133.9893035888672
1762144,-141.60000610351562
1762432,-127.17692565917969
1762512,-142.1065673828125
1762560,-128.7031707763672
1762704,-145.45802307128906
1762816,-139.0518035888672
1763120,-135.99964904785156
1763136,-76.4153823852539
1763472,-144.39405822753906
1763744,-139.9108123779297
1764272,-64.4964370727539
1764576,-139.03150939941406
1764608,-145.92218017578125
1764624,-136.82411193847656
1764816,-138.35604858398438
1764928,-142.80967712402344
1765216,-137.86593627929688
1765776,-65.91385650634766
1766096,-133.72962951660156
1766144,-62.7110710144043
1766352,-146.29200744628906
1766720,-129.59019470214844
1767024,-88.68852233886719
1767024,-118.81805419921875
1767104,-90.36259460449219
1767424,-50.810035705566406
1767888,-153.8142852783203
1768256,-141.8979034423828
1768448,-143.7825469970703
1768464,-141.18609619140625
1769024,-143.99932861328125
1769136,-133.46803283691406
1769424,-132.6714324951172
1769696,-82.4137954711914
1770000,-140.97708129882812
1770368,-138.8079071044922
1770544,-135.3589324951172
1770560,-120.34161376953125
1770864,-56.265342712402344
1771120,-135.09771728515625
1771232,-81.96918487548828
1771248,-151.3222198486328
1771248,-140.76666259765625
1771280,-137.8979034423828
1771328,-142.41168212890625
1771792,-139.74305725097656
1771856,-46.60930252075195
1772656,-136.48434448242188
1772832,-27.923622131347656
1772896,-68.52352905273438
1772976,-139.69322204589844
1773024,-141.7310333251953
1773344,-144.19735717773438
1773344,-136.72412109375
1773360,-142.80967712402344
1773392,-144.90997314453125
1773648,-134.75692749023438
1773664,-69.99610137939453
1774128,-72.29541778564453
1774208,-145.3584442138672
1774944,-128.4027862548828
1775088,-134.5029296875
1775120,-142.78305053710938
1775328,-62.51638412475586
1775344,-127.7947769165039
1775440,-146.83798217773438
1775504,-141.60000610351562
1775648,-104.94013214111328
1775760,-140.12693786621094
1775856,-56.87042236328125
1776000,-72.81787109375
1776208,-40.19503402709961
1776240,-136.96218872070312
1776416,-129.29684448242188
1777200,-141.80491638183594
1777536,-61.62935256958008
1777552,-138.8079071044922
1777616,-138.8079071044922
1777728,-62.47272872924805
1777728,-130.7409210205078
1777760,-141.3937225341797
1778208,-61.517845153808594
1778304,-141.7310333251953
1778896,-30.23408317565918
1779168,-143.39712524414062
1779296,-148.41539001464844
1779648,-147.04293823242188
1779664,-146.5242462158203
1779728,-136.72412109375
1779840,-134.5029296875
1779872,-138.12777709960938
1780080,-135.00909423828125
1780752,-137.43333435058594
1780992,-135.3589324951172
1781408,-125.58760070800781
1781760,-144.12693786621094
1781856,-111.8232650756836
1781952,-132.13031005859375
1781968,-101.50506591796875
1781984,-142.41168212890625
1782192,-136.24285888671875
1782416,-147.38357543945312
1782576,-139.47415161132812
1782768,-144.72500610351562
1783088,-147.5500030517578
1783152,-66.3724136352539
1783376,-135.50794982910156
1783504,-146.10769653320312
1783616,-71.67261505126953
1783872,-136.72412109375
1783952,-145.80491638183594
1784048,-138.345458984375
1784064,-143.2025604248047
1784080,-136.48434448242188
1784096,-150.72921752929688
1784304,-145.27647399902344
1784688,-135.50794982910156
1784944,-154.21322631835938
1785104,-74.36165618896484
1785200,-138.582763671875
1785728,-151.04293823242188
1786064,-135.50794982910156
1786192,-145.73548889160156
1786192,-134.75692749023438
1786400,-67.44285583496094
1786640,-135.50794982910156
1786720,26.345582962036133
1786800,-141.3937225341797
1787216,-135.25941467285156
1787680,-42.20000076293945
1787792,40.100341796875
1788096,-131.58091735839844
1788160,-141.51626586914062
1788304,-138.582763671875
1788496,-88.95865631103516
1788528,-127.7947769165039
1788752,-135.25941467285156
1788832,-137.9893035888672
1789136,-78.31314086914062
1789312,-147.5500030517578
1789328,-134.75692749023438
1789712,-142.80967712402344
1790128,-34.42945861816406
1790192,-67.68729400634766
1790224,-136.96218872070312
1790256,-137.43333435058594
1790272,-133.9893035888672
1790416,-139.2535858154297
1790624,-138.8079071044922
1790864,-139.9108123779297
1791248,-138.582763671875
1791312,-0.44035089015960693
1791424,-139.03150939941406
1792240,-129.59019470214844
1792304,-154.21075439453125
1792320,-143.39712524414062
1792512,-139.0518035888672
1792704,-55.38571548461914
1792720,-138.8079071044922
1792736,-140.12693786621094
1792752,-137.8979034423828
1792976,-137.19859313964844
1793056,-139.47415161132812
