step,value
96,4.0
256,4.0
272,4.0
384,4.0
464,4.0
608,4.0
688,4.0
800,4.0
912,4.0
1072,4.0
1120,4.0
1168,4.0
1264,4.0
1312,4.0
1376,4.0
1680,4.0
1728,4.0
1792,4.0
2288,4.0
2336,4.0
2352,4.0
2432,4.0
2512,4.0
2752,4.0
2816,4.0
3024,4.0
3248,4.0
3424,4.0
3520,4.0
3552,4.0
3648,4.0
3840,4.0
4048,4.0
4128,4.0
4176,4.0
4896,4.0
5200,4.0
5248,4.0
5424,4.0
5456,4.0
5664,4.0
6032,4.0
6064,4.0
6496,4.0
6736,4.0
6800,4.0
6880,4.0
6992,4.0
7216,4.0
7312,4.0
7456,4.0
7776,4.0
7952,4.0
8368,4.0
8432,4.0
8496,4.0
8624,4.0
8976,4.0
9040,4.0
9456,4.0
9552,4.0
9712,4.0
9744,4.0
9856,4.0
10144,4.0
10304,4.0
10416,4.0
10448,4.0
10464,4.0
10640,4.0
10672,4.0
10704,4.0
11072,4.0
11328,4.0
11360,4.0
11776,4.0
11856,4.0
12048,4.0
12128,4.0
12160,4.0
12256,4.0
12384,4.0
12512,4.0
12576,4.0
12704,4.0
13088,4.0
13232,4.0
13280,4.0
13440,4.0
13504,4.0
13568,4.0
13600,4.0
13632,4.0
13680,4.0
13888,4.0
14016,4.0
14048,4.0
14160,4.0
14416,4.0
14640,4.0
14752,4.0
14832,4.0
15328,4.0
15744,4.0
16000,4.0
16432,4.0
16560,4.0
16656,4.0
16928,4.0
17008,4.0
17120,4.0
17296,4.0
17408,4.0
17488,4.0
17632,4.0
18080,4.0
18496,4.0
18864,4.0
19136,4.0
19504,4.0
19568,4.0
19808,4.0
20288,4.0
20672,4.0
20864,4.0
21248,4.0
21376,4.0
21424,4.0
21664,4.0
21728,4.0
22272,4.0
22416,4.0
22576,4.0
22608,4.0
22752,4.0
23008,4.0
23040,4.0
23488,4.0
23616,4.0
23744,4.0
23776,4.0
24000,4.0
24240,4.0
24304,4.0
24336,4.0
24960,4.0
25248,4.0
25280,4.0
25776,4.0
26016,4.0
26064,4.0
26160,4.0
26176,4.0
26224,4.0
26496,4.0
26704,4.0
26960,4.0
27056,4.0
27120,4.0
27168,4.0
27280,4.0
27840,4.0
28336,4.0
28464,4.0
28624,4.0
29280,4.0
29376,4.0
29520,4.0
29760,4.0
29840,4.0
29888,4.0
30128,4.0
30432,4.0
30496,4.0
30688,4.0
30784,4.0
30832,4.0
30864,4.0
31792,4.0
31984,4.0
32336,4.0
32480,4.0
32512,4.0
32592,4.0
32640,4.0
32768,4.0
32976,4.0
33040,4.0
33456,4.0
33472,4.0
33888,4.0
33936,4.0
33984,4.0
34464,4.0
34720,4.0
35808,4.0
35904,4.0
35968,4.0
36416,4.0
37024,4.0
37344,4.0
37376,4.0
37520,4.0
38224,4.0
38256,4.0
38432,4.0
38480,4.0
38800,4.0
38816,4.0
39184,4.0
39216,4.0
39360,4.0
39488,4.0
39616,4.0
40048,4.0
40208,4.0
40240,4.0
40272,4.0
40480,4.0
40544,4.0
40768,4.0
41232,4.0
41376,4.0
41424,4.0
41632,4.0
41664,4.0
41824,4.0
42016,4.0
42064,4.0
42096,4.0
43136,4.0
43216,4.0
43264,4.0
43488,4.0
44016,4.0
44112,4.0
44224,4.0
44816,4.0
44832,4.0
45008,4.0
45024,4.0
45568,4.0
45584,4.0
45648,4.0
45760,4.0
45776,4.0
45808,4.0
45984,4.0
46176,4.0
46592,4.0
46784,4.0
46960,4.0
47616,4.0
47872,4.0
47888,4.0
47936,4.0
48096,4.0
48112,4.0
48144,4.0
48592,4.0
48640,4.0
48736,4.0
48928,4.0
48976,4.0
49648,4.0
50048,4.0
50176,4.0
50320,4.0
50576,4.0
50672,4.0
50912,4.0
51008,4.0
51248,4.0
51264,4.0
51600,4.0
51664,4.0
51984,4.0
52000,4.0
52768,4.0
52944,4.0
53264,4.0
53360,4.0
53488,4.0
53504,4.0
53520,4.0
53680,4.0
53904,4.0
53936,4.0
54064,4.0
54112,4.0
54384,4.0
54496,4.0
54688,4.0
54976,4.0
55104,4.0
55360,4.0
55424,4.0
55520,4.0
55648,4.0
55760,4.0
55856,4.0
56160,4.0
56240,4.0
56512,4.0
56544,4.0
56640,4.0
56656,4.0
56704,4.0
57008,4.0
57216,4.0
57392,4.0
57568,4.0
57616,4.0
57664,4.0
58128,4.0
58144,4.0
58240,4.0
58272,4.0
58336,4.0
58368,4.0
58624,4.0
58848,4.0
59120,4.0
59168,4.0
59216,4.0
59264,4.0
59312,4.0
59392,4.0
59456,4.0
59520,4.0
59552,4.0
59568,4.0
59584,4.0
59840,4.0
59952,4.0
60480,4.0
60544,4.0
60640,4.0
60720,4.0
60960,4.0
61008,4.0
61088,4.0
61648,4.0
61712,4.0
61792,4.0
61968,4.0
62752,4.0
62784,4.0
62880,4.0
62896,4.0
62912,4.0
62976,4.0
63136,4.0
63696,4.0
63840,4.0
63968,4.0
64496,4.0
64800,4.0
64848,4.0
64944,4.0
64976,4.0
65280,4.0
65392,4.0
65520,4.0
65824,4.0
66208,4.0
66464,4.0
66784,4.0
66880,4.0
66992,4.0
67008,4.0
67296,4.0
67312,4.0
67456,4.0
67728,4.0
67792,4.0
67872,4.0
68000,4.0
68048,4.0
68128,4.0
68272,4.0
68528,4.0
69072,4.0
69088,4.0
69248,4.0
69856,4.0
69872,4.0
69888,4.0
70032,4.0
70048,4.0
70288,4.0
70336,4.0
70464,4.0
70480,4.0
70976,4.0
71248,4.0
71424,4.0
71600,4.0
71680,4.0
71856,4.0
72032,4.0
72272,4.0
72448,4.0
72480,4.0
72512,4.0
72608,4.0
72672,4.0
72800,4.0
73200,4.0
73216,4.0
73328,4.0
73360,4.0
73792,4.0
73888,4.0
73936,4.0
73968,4.0
74080,4.0
74208,4.0
74416,4.0
75264,4.0
75280,4.0
75696,4.0
75856,4.0
75920,4.0
76016,4.0
76304,4.0
76320,4.0
76352,4.0
76368,4.0
76464,4.0
76544,4.0
76992,4.0
77200,4.0
77328,4.0
77632,4.0
77680,4.0
78208,4.0
78288,4.0
78320,4.0
78480,4.0
78576,4.0
78592,4.0
78672,4.0
78752,4.0
78832,4.0
79056,4.0
79360,4.0
79696,4.0
79920,4.0
80048,4.0
80240,4.0
80736,4.0
80800,4.0
80912,4.0
81136,4.0
81360,4.0
81440,4.0
81712,4.0
81888,4.0
82176,4.0
82272,4.0
82560,4.0
82704,4.0
82816,4.0
82864,4.0
83184,4.0
83376,4.0
83920,4.0
83952,4.0
84336,4.0
84384,4.0
84496,4.0
84768,4.0
84944,4.0
85008,4.0
85120,4.0
85424,4.0
85600,4.0
85648,4.0
85792,4.0
86016,4.0
86048,4.0
86272,4.0
87024,4.0
87056,4.0
87104,4.0
87216,4.0
87408,4.0
87920,4.0
88336,4.0
88368,4.0
88400,4.0
88576,4.0
88640,4.0
88800,4.0
89024,4.0
89056,4.0
89152,4.0
89632,4.0
89792,4.0
90112,4.0
90128,4.0
90272,4.0
90352,4.0
90416,4.0
90592,4.0
90640,4.0
90896,4.0
90912,4.0
91296,4.0
91440,4.0
91856,4.0
92080,4.0
92512,4.0
92608,4.0
92624,4.0
92688,4.0
92800,4.0
92816,4.0
93024,4.0
93088,4.0
93136,4.0
93296,4.0
93312,4.0
93344,4.0
93680,4.0
93776,4.0
93872,4.0
93936,4.0
94096,4.0
94208,4.0
94288,4.0
94544,4.0
94608,4.0
94816,4.0
94848,4.0
94944,4.0
94976,4.0
95008,4.0
95200,4.0
95440,4.0
95552,4.0
95584,4.0
95696,4.0
95856,4.0
95872,4.0
95936,4.0
96064,4.0
96304,4.0
96752,4.0
96864,4.0
96912,4.0
96944,4.0
96976,4.0
97008,4.0
97328,4.0
97456,4.0
97504,4.0
97584,4.0
97680,4.0
97952,4.0
97968,4.0
98192,4.0
98224,4.0
98272,4.0
98432,4.0
99168,4.0
99360,4.0
99424,4.0
99456,4.0
99856,4.0
100016,4.0
100144,4.0
100336,4.0
100720,4.0
100832,4.0
100944,4.0
101344,4.0
101360,4.0
101696,4.0
102032,4.0
102320,4.0
102368,4.0
102544,4.0
102560,4.0
102576,4.0
102784,4.0
103056,4.0
103296,4.0
103504,4.0
104048,4.0
104080,4.0
104208,4.0
104320,4.0
104368,4.0
104608,4.0
104656,4.0
104784,4.0
105408,4.0
105456,4.0
105552,4.0
105616,4.0
105664,4.0
105760,4.0
105872,4.0
106048,4.0
106224,4.0
107360,4.0
107408,4.0
107440,4.0
107472,4.0
107488,4.0
107568,4.0
107712,4.0
107808,4.0
108624,4.0
109024,4.0
109280,4.0
109520,4.0
109536,4.0
109584,4.0
110016,4.0
110352,4.0
110416,4.0
110576,4.0
111088,4.0
111424,4.0
111744,4.0
112224,4.0
112480,4.0
112592,4.0
112864,4.0
113120,4.0
113312,4.0
113392,4.0
113648,4.0
113888,4.0
114000,4.0
114320,4.0
114544,4.0
114704,4.0
114880,4.0
114912,4.0
115424,4.0
115536,4.0
115808,4.0
115920,4.0
116048,4.0
116064,4.0
116080,4.0
116160,4.0
116384,4.0
116576,4.0
117056,4.0
117552,4.0
117600,4.0
117632,4.0
117888,4.0
118000,4.0
118064,4.0
118416,4.0
118432,4.0
118464,4.0
119024,4.0
119040,4.0
119056,4.0
119264,4.0
119312,4.0
119568,4.0
119600,4.0
120208,4.0
120304,4.0
120432,4.0
120464,4.0
120528,4.0
120656,4.0
120768,4.0
121024,4.0
121072,4.0
121328,4.0
121712,4.0
121840,4.0
121920,4.0
122800,4.0
122816,4.0
123056,4.0
123488,4.0
123552,4.0
123632,4.0
123856,4.0
124000,4.0
124128,4.0
124144,4.0
124256,4.0
124560,4.0
124608,4.0
124800,4.0
125744,4.0
125776,4.0
125808,4.0
126128,4.0
126144,4.0
126304,4.0
126832,4.0
126928,4.0
127152,4.0
127328,4.0
127792,4.0
127856,4.0
127968,4.0
128048,4.0
128144,4.0
128240,4.0
128576,4.0
129056,4.0
129248,4.0
129264,4.0
129408,4.0
129664,4.0
129744,4.0
129760,4.0
130048,4.0
130224,4.0
130576,4.0
131024,4.0
131152,4.0
131472,4.0
131488,4.0
131776,4.0
132080,4.0
132256,4.0
132384,4.0
132448,4.0
132496,4.0
132608,4.0
132752,4.0
132768,4.0
133232,4.0
133472,4.0
133616,4.0
133824,4.0
134208,4.0
134240,4.0
134480,4.0
134576,4.0
134592,4.0
134832,4.0
134848,4.0
134912,4.0
134928,4.0
134960,4.0
135936,4.0
136128,4.0
136704,4.0
136784,4.0
136848,4.0
137184,4.0
137472,4.0
137792,4.0
137840,4.0
137952,4.0
138000,4.0
138176,4.0
138352,4.0
138656,4.0
139056,4.0
139120,4.0
139152,4.0
139328,4.0
140080,4.0
140224,4.0
140416,4.0
140496,4.0
140512,4.0
140576,4.0
141104,4.0
141184,4.0
141264,4.0
141376,4.0
141600,4.0
141728,4.0
141808,4.0
142160,4.0
142432,4.0
142640,4.0
142704,4.0
142960,4.0
143024,4.0
143248,4.0
143728,4.0
143904,4.0
144048,4.0
144416,4.0
144544,4.0
144976,4.0
145360,4.0
145456,4.0
145552,4.0
145920,4.0
146336,4.0
146544,4.0
146672,4.0
146832,4.0
146880,4.0
146992,4.0
147008,4.0
147440,4.0
147568,4.0
147600,4.0
147904,4.0
147952,4.0
148288,4.0
148320,4.0
148720,4.0
149040,4.0
149280,4.0
149392,4.0
149440,4.0
150640,4.0
150864,4.0
151120,4.0
151136,4.0
152016,4.0
152048,4.0
152240,4.0
152320,4.0
152384,4.0
152432,4.0
152800,4.0
152864,4.0
152912,4.0
153024,4.0
153184,4.0
153360,4.0
153456,4.0
153856,4.0
153920,4.0
154288,4.0
154384,4.0
154432,4.0
154896,4.0
154928,4.0
155184,4.0
155360,4.0
155424,4.0
155712,4.0
156288,4.0
156320,4.0
156368,4.0
156736,4.0
156976,4.0
156992,4.0
157232,4.0
157264,4.0
157296,4.0
157312,4.0
157328,4.0
157696,4.0
157744,4.0
158064,4.0
158304,4.0
158352,4.0
158432,4.0
158912,4.0
158944,4.0
159120,4.0
159360,4.0
159376,4.0
159424,4.0
159504,4.0
159584,4.0
159840,4.0
160096,4.0
160112,4.0
160320,4.0
160416,4.0
160864,4.0
160912,4.0
161072,4.0
161472,4.0
161744,4.0
161968,4.0
162176,4.0
162224,4.0
162320,4.0
162512,4.0
162640,4.0
162976,4.0
163040,4.0
163072,4.0
163344,4.0
163376,4.0
163520,4.0
163728,4.0
163776,4.0
163872,4.0
163920,4.0
164160,4.0
164432,4.0
164592,4.0
164752,4.0
164896,4.0
164976,4.0
165168,4.0
165232,4.0
165760,4.0
166096,4.0
166208,4.0
166256,4.0
166272,4.0
166368,4.0
166480,4.0
166608,4.0
166864,4.0
167552,4.0
167616,4.0
167856,4.0
168128,4.0
168608,4.0
168624,4.0
168720,4.0
168784,4.0
168896,4.0
169152,4.0
169296,4.0
169440,4.0
169696,4.0
169904,4.0
169936,4.0
170192,4.0
170224,4.0
170368,4.0
170512,4.0
170528,4.0
170560,4.0
170624,4.0
170640,4.0
170784,4.0
171200,4.0
171280,4.0
171328,4.0
171664,4.0
171952,4.0
172336,4.0
172384,4.0
172576,4.0
172944,4.0
173136,4.0
173328,4.0
173344,4.0
173680,4.0
173856,4.0
174032,4.0
174176,4.0
174384,4.0
174464,4.0
174656,4.0
174912,4.0
175088,4.0
175104,4.0
175696,4.0
176320,4.0
176336,4.0
176368,4.0
176480,4.0
176576,4.0
176608,4.0
176704,4.0
176848,4.0
177344,4.0
177600,4.0
177632,4.0
177808,4.0
177888,4.0
178128,4.0
178288,4.0
178304,4.0
178400,4.0
178736,4.0
178992,4.0
179104,4.0
179168,4.0
179248,4.0
179360,4.0
179440,4.0
179472,4.0
179680,4.0
179888,4.0
180192,4.0
180256,4.0
180320,4.0
180688,4.0
180768,4.0
180800,4.0
180960,4.0
180992,4.0
181088,4.0
181344,4.0
181408,4.0
182032,4.0
182080,4.0
182160,4.0
182336,4.0
182352,4.0
182464,4.0
183040,4.0
183136,4.0
183328,4.0
183824,4.0
184240,4.0
184560,4.0
184576,4.0
184656,4.0
184816,4.0
184832,4.0
184976,4.0
185184,4.0
185408,4.0
185664,4.0
186384,4.0
186480,4.0
186624,4.0
186960,4.0
187488,4.0
187824,4.0
187840,4.0
187872,4.0
187952,4.0
187968,4.0
188080,4.0
188144,4.0
188224,4.0
188720,4.0
188880,4.0
189136,4.0
189984,4.0
190000,4.0
190368,4.0
190464,4.0
190560,4.0
190704,4.0
190816,4.0
191216,4.0
191264,4.0
191360,4.0
191376,4.0
191520,4.0
191680,4.0
191968,4.0
192016,4.0
192032,4.0
192144,4.0
192320,4.0
192384,4.0
192464,4.0
192624,4.0
192976,4.0
192992,4.0
193088,4.0
193104,4.0
193120,4.0
193184,4.0
193264,4.0
193456,4.0
193632,4.0
193696,4.0
193792,4.0
193984,4.0
194176,4.0
194464,4.0
194496,4.0
194784,4.0
194800,4.0
195056,4.0
195536,4.0
195616,4.0
195696,4.0
196016,4.0
196032,4.0
196224,4.0
196352,4.0
196400,4.0
196880,4.0
197088,4.0
197184,4.0
197408,4.0
197488,4.0
197504,4.0
197520,4.0
197664,4.0
197776,4.0
197888,4.0
198048,4.0
198368,4.0
198560,4.0
198592,4.0
198976,4.0
199088,4.0
199104,4.0
199296,4.0
199328,4.0
199696,4.0
199792,4.0
199904,4.0
199984,4.0
200064,4.0
200112,4.0
200304,4.0
200688,4.0
200864,4.0
200912,4.0
201168,4.0
201392,4.0
201440,4.0
201520,4.0
201904,4.0
202112,4.0
202256,4.0
202272,4.0
202352,4.0
202512,4.0
202544,4.0
203024,4.0
203376,4.0
203408,4.0
203568,4.0
203712,4.0
203728,4.0
203824,4.0
203840,4.0
203888,4.0
204368,4.0
204496,4.0
204528,4.0
204976,4.0
205296,4.0
205488,4.0
205760,4.0
206016,4.0
206416,4.0
206464,4.0
206560,4.0
206656,4.0
206688,4.0
206944,4.0
206960,4.0
207360,4.0
207536,4.0
208320,4.0
208576,4.0
209200,4.0
209280,4.0
209312,4.0
209968,4.0
210000,4.0
210528,4.0
210560,4.0
210576,4.0
210992,4.0
211040,4.0
211248,4.0
211344,4.0
211536,4.0
211744,4.0
212048,4.0
212128,4.0
212464,4.0
212576,4.0
212592,4.0
212624,4.0
212768,4.0
212944,4.0
213472,4.0
213520,4.0
213632,4.0
213776,4.0
213808,4.0
214608,4.0
214656,4.0
214944,4.0
215024,4.0
215088,4.0
215376,4.0
215632,4.0
215712,4.0
216128,4.0
216576,4.0
216592,4.0
216688,4.0
217072,4.0
217184,4.0
217456,4.0
217632,4.0
217792,4.0
218272,4.0
218400,4.0
218528,4.0
218864,4.0
219168,4.0
219200,4.0
219312,4.0
219488,4.0
219664,4.0
220320,4.0
220400,4.0
220752,4.0
220784,4.0
220864,4.0
221104,4.0
221136,4.0
221664,4.0
221808,4.0
222064,4.0
222368,4.0
222448,4.0
222576,4.0
222624,4.0
222736,4.0
222896,4.0
223264,4.0
223392,4.0
223488,4.0
223552,4.0
223888,4.0
224016,4.0
224608,4.0
224688,4.0
224704,4.0
224752,4.0
224880,4.0
224896,4.0
224928,4.0
225696,4.0
225840,4.0
225984,4.0
227088,4.0
227136,4.0
227184,4.0
227536,4.0
227680,4.0
227808,4.0
227968,4.0
228128,4.0
228224,4.0
228288,4.0
228416,4.0
228592,4.0
228944,4.0
228960,4.0
229008,4.0
229024,4.0
229136,4.0
229248,4.0
229424,4.0
229488,4.0
229792,4.0
229888,4.0
230256,4.0
230464,4.0
230560,4.0
230960,4.0
231248,4.0
231760,4.0
231792,4.0
231808,4.0
231968,4.0
232336,4.0
232480,4.0
232528,4.0
232736,4.0
232784,4.0
232880,4.0
232944,4.0
233104,4.0
233552,4.0
233648,4.0
233792,4.0
233920,4.0
234096,4.0
234528,4.0
234608,4.0
235360,4.0
235376,4.0
235552,4.0
235616,4.0
235632,4.0
235792,4.0
235936,4.0
236096,4.0
236128,4.0
236288,4.0
236608,4.0
236656,4.0
236672,4.0
236864,4.0
236912,4.0
236976,4.0
237136,4.0
237504,4.0
237792,4.0
238128,4.0
238240,4.0
238256,4.0
238896,4.0
238960,4.0
238992,4.0
239104,4.0
239184,4.0
239456,4.0
239728,4.0
239904,4.0
240016,4.0
240112,4.0
240128,4.0
240688,4.0
240768,4.0
241152,4.0
241504,4.0
241728,4.0
241744,4.0
242016,4.0
242176,4.0
242560,4.0
242880,4.0
242960,4.0
243936,4.0
244048,4.0
244064,4.0
244128,4.0
244272,4.0
244400,4.0
244624,4.0
244944,4.0
245136,4.0
245648,4.0
246048,4.0
246448,4.0
246640,4.0
246656,4.0
246816,4.0
247008,4.0
247200,4.0
247488,4.0
247696,4.0
248192,4.0
248208,4.0
248416,4.0
248544,4.0
248560,4.0
248640,4.0
248832,4.0
248864,4.0
248992,4.0
249328,4.0
249504,4.0
250112,4.0
250224,4.0
250304,4.0
250560,4.0
250736,4.0
250832,4.0
250992,4.0
251024,4.0
251216,4.0
251328,4.0
251376,4.0
251984,4.0
252096,4.0
252528,4.0
252736,4.0
252832,4.0
252992,4.0
253104,4.0
253184,4.0
253408,4.0
253456,4.0
253696,4.0
253744,4.0
253808,4.0
253856,4.0
253872,4.0
254208,4.0
254368,4.0
254528,4.0
254560,4.0
254608,4.0
254816,4.0
254912,4.0
254960,4.0
255200,4.0
255216,4.0
255520,4.0
256128,4.0
256560,4.0
256608,4.0
256848,4.0
256880,4.0
257024,4.0
257424,4.0
257488,4.0
257728,4.0
257744,4.0
257776,4.0
258000,4.0
258048,4.0
258144,4.0
258208,4.0
258400,4.0
258512,4.0
258784,4.0
258976,4.0
259136,4.0
259232,4.0
259264,4.0
259312,4.0
259504,4.0
259680,4.0
259760,4.0
259824,4.0
259936,4.0
260400,4.0
260560,4.0
260592,4.0
260688,4.0
260768,4.0
260992,4.0
262256,4.0
262368,4.0
262448,4.0
262608,4.0
262976,4.0
263008,4.0
263296,4.0
263312,4.0
263328,4.0
263408,4.0
263568,4.0
263744,4.0
263824,4.0
263904,4.0
264144,4.0
264240,4.0
264272,4.0
264320,4.0
264576,4.0
264736,4.0
264752,4.0
264960,4.0
265024,4.0
265216,4.0
265360,4.0
265408,4.0
266032,4.0
266192,4.0
266304,4.0
266336,4.0
266368,4.0
266576,4.0
266640,4.0
266656,4.0
266688,4.0
266944,4.0
266976,4.0
267376,4.0
267472,4.0
267776,4.0
268176,4.0
268352,4.0
268496,4.0
268576,4.0
268592,4.0
268688,4.0
268736,4.0
268832,4.0
268880,4.0
268992,4.0
269008,4.0
269344,4.0
269488,4.0
269760,4.0
269808,4.0
269952,4.0
269968,4.0
270112,4.0
270224,4.0
270416,4.0
270544,4.0
270576,4.0
270704,4.0
270816,4.0
271376,4.0
271520,4.0
271648,4.0
271776,4.0
272080,4.0
272128,4.0
272160,4.0
272288,4.0
272400,4.0
272624,4.0
272832,4.0
272848,4.0
273312,4.0
273376,4.0
273552,4.0
273648,4.0
273824,4.0
273840,4.0
273856,4.0
273936,4.0
274352,4.0
274688,4.0
274720,4.0
274752,4.0
274816,4.0
275024,4.0
275168,4.0
275280,4.0
276016,4.0
276048,4.0
276272,4.0
276576,4.0
276832,4.0
277152,4.0
277408,4.0
277520,4.0
277712,4.0
277888,4.0
278288,4.0
278320,4.0
278400,4.0
278560,4.0
278672,4.0
278800,4.0
279104,4.0
279648,4.0
279920,4.0
280096,4.0
280176,4.0
280224,4.0
280448,4.0
280576,4.0
280592,4.0
280640,4.0
280736,4.0
281120,4.0
281216,4.0
281376,4.0
281536,4.0
281824,4.0
282080,4.0
282480,4.0
282752,4.0
282864,4.0
283024,4.0
283056,4.0
283072,4.0
283152,4.0
283280,4.0
283584,4.0
283712,4.0
283904,4.0
284064,4.0
284208,4.0
284544,4.0
284688,4.0
285184,4.0
285312,4.0
285344,4.0
285424,4.0
285616,4.0
285888,4.0
285904,4.0
285936,4.0
285952,4.0
286016,4.0
286352,4.0
286512,4.0
286656,4.0
286816,4.0
287056,4.0
287072,4.0
287424,4.0
287456,4.0
287488,4.0
287552,4.0
287904,4.0
288112,4.0
288192,4.0
288544,4.0
288912,4.0
288960,4.0
288992,4.0
289376,4.0
289728,4.0
289888,4.0
289984,4.0
290000,4.0
290272,4.0
290304,4.0
290352,4.0
290448,4.0
290704,4.0
290800,4.0
290816,4.0
290880,4.0
290976,4.0
291024,4.0
291184,4.0
291440,4.0
291552,4.0
291856,4.0
292272,4.0
292288,4.0
292304,4.0
292544,4.0
292656,4.0
292816,4.0
292944,4.0
293344,4.0
293952,4.0
294032,4.0
294080,4.0
294240,4.0
294368,4.0
294384,4.0
294752,4.0
295024,4.0
295072,4.0
295648,4.0
296080,4.0
296384,4.0
296544,4.0
296848,4.0
297216,4.0
297280,4.0
297328,4.0
297360,4.0
297600,4.0
297648,4.0
297680,4.0
298576,4.0
298640,4.0
298736,4.0
298880,4.0
298912,4.0
299024,4.0
299200,4.0
299408,4.0
299600,4.0
299680,4.0
299824,4.0
299904,4.0
300112,4.0
300192,4.0
300384,4.0
300528,4.0
300640,4.0
301088,4.0
301136,4.0
301184,4.0
301232,4.0
301264,4.0
301456,4.0
302080,4.0
302112,4.0
302224,4.0
302288,4.0
302320,4.0
302336,4.0
302400,4.0
302576,4.0
303600,4.0
304144,4.0
304368,4.0
304624,4.0
305008,4.0
305136,4.0
305184,4.0
305344,4.0
305408,4.0
305888,4.0
306064,4.0
306208,4.0
307264,4.0
307328,4.0
307552,4.0
307632,4.0
307920,4.0
308000,4.0
308560,4.0
309088,4.0
309104,4.0
309344,4.0
310064,4.0
310192,4.0
310384,4.0
310464,4.0
311056,4.0
311072,4.0
311520,4.0
311728,4.0
311968,4.0
312352,4.0
312416,4.0
312480,4.0
312560,4.0
312592,4.0
312608,4.0
312672,4.0
312784,4.0
312976,4.0
313008,4.0
313216,4.0
313360,4.0
313376,4.0
313472,4.0
313584,4.0
313648,4.0
313792,4.0
313872,4.0
314016,4.0
314288,4.0
314592,4.0
314736,4.0
315184,4.0
315248,4.0
315264,4.0
315344,4.0
315376,4.0
315488,4.0
315632,4.0
316048,4.0
316080,4.0
316144,4.0
316160,4.0
316256,4.0
316272,4.0
316304,4.0
316432,4.0
316656,4.0
316960,4.0
317280,4.0
317440,4.0
317584,4.0
317664,4.0
318000,4.0
318064,4.0
318080,4.0
318224,4.0
318352,4.0
318432,4.0
318960,4.0
318992,4.0
319008,4.0
319104,4.0
319216,4.0
319248,4.0
319328,4.0
319648,4.0
319872,4.0
320224,4.0
320288,4.0
320336,4.0
320352,4.0
320368,4.0
320384,4.0
320544,4.0
320624,4.0
320704,4.0
320864,4.0
321024,4.0
321152,4.0
321232,4.0
321568,4.0
321600,4.0
321792,4.0
321920,4.0
322048,4.0
322064,4.0
322560,4.0
322672,4.0
322704,4.0
322736,4.0
323552,4.0
323568,4.0
323760,4.0
323808,4.0
323936,4.0
324400,4.0
324448,4.0
324512,4.0
324608,4.0
324768,4.0
324864,4.0
325280,4.0
325504,4.0
325536,4.0
325600,4.0
325760,4.0
325888,4.0
326016,4.0
326080,4.0
326272,4.0
326752,4.0
326976,4.0
327168,4.0
327808,4.0
327968,4.0
328000,4.0
328640,4.0
328736,4.0
328976,4.0
329104,4.0
329200,4.0
329440,4.0
329488,4.0
329680,4.0
329840,4.0
329888,4.0
330160,4.0
330208,4.0
330464,4.0
330560,4.0
330592,4.0
330640,4.0
330848,4.0
331264,4.0
331392,4.0
331456,4.0
331696,4.0
331808,4.0
331840,4.0
331888,4.0
331968,4.0
331984,4.0
332400,4.0
332960,4.0
333072,4.0
333136,4.0
333648,4.0
333712,4.0
334624,4.0
334880,4.0
335040,4.0
335152,4.0
335232,4.0
335392,4.0
335760,4.0
335968,4.0
336160,4.0
336432,4.0
336928,4.0
337040,4.0
337104,4.0
337216,4.0
337248,4.0
337280,4.0
337408,4.0
337472,4.0
337760,4.0
337776,4.0
337968,4.0
338000,4.0
338144,4.0
338464,4.0
338496,4.0
338784,4.0
338864,4.0
338960,4.0
339232,4.0
339360,4.0
339392,4.0
339664,4.0
339840,4.0
340112,4.0
340144,4.0
340496,4.0
340640,4.0
340752,4.0
340832,4.0
341104,4.0
341536,4.0
341568,4.0
341696,4.0
341712,4.0
341792,4.0
341840,4.0
342368,4.0
342576,4.0
342624,4.0
342688,4.0
342784,4.0
342928,4.0
343184,4.0
343264,4.0
343424,4.0
343440,4.0
343488,4.0
343792,4.0
344224,4.0
344368,4.0
344496,4.0
344704,4.0
344768,4.0
344848,4.0
345072,4.0
345104,4.0
345120,4.0
345136,4.0
345232,4.0
345360,4.0
345568,4.0
345584,4.0
345872,4.0
346032,4.0
346128,4.0
346144,4.0
346672,4.0
346704,4.0
346832,4.0
346928,4.0
346976,4.0
347104,4.0
347136,4.0
347392,4.0
347408,4.0
347472,4.0
347712,4.0
347744,4.0
347808,4.0
347968,4.0
348064,4.0
348320,4.0
348336,4.0
348400,4.0
348688,4.0
348800,4.0
348960,4.0
349168,4.0
349216,4.0
349248,4.0
349840,4.0
349984,4.0
350368,4.0
350576,4.0
350592,4.0
350640,4.0
350656,4.0
350672,4.0
350896,4.0
350976,4.0
351408,4.0
351456,4.0
351472,4.0
351648,4.0
351680,4.0
351696,4.0
351712,4.0
351760,4.0
352032,4.0
352832,4.0
353088,4.0
353264,4.0
353392,4.0
353600,4.0
353616,4.0
353664,4.0
354176,4.0
354368,4.0
354512,4.0
354688,4.0
354816,4.0
354864,4.0
354880,4.0
355072,4.0
355232,4.0
355280,4.0
355664,4.0
355808,4.0
355872,4.0
356144,4.0
356192,4.0
356304,4.0
356416,4.0
356720,4.0
357072,4.0
357488,4.0
357552,4.0
357584,4.0
357776,4.0
358000,4.0
358064,4.0
358320,4.0
358448,4.0
358512,4.0
358624,4.0
358640,4.0
358720,4.0
358784,4.0
358800,4.0
358944,4.0
359280,4.0
359648,4.0
359664,4.0
359936,4.0
360112,4.0
360128,4.0
360384,4.0
360464,4.0
360544,4.0
360864,4.0
361056,4.0
361088,4.0
361120,4.0
361152,4.0
361392,4.0
361440,4.0
361584,4.0
361792,4.0
361872,4.0
361920,4.0
362032,4.0
362192,4.0
362288,4.0
362432,4.0
362480,4.0
362592,4.0
362656,4.0
362752,4.0
362880,4.0
363072,4.0
363328,4.0
363472,4.0
363488,4.0
363568,4.0
363632,4.0
363872,4.0
363904,4.0
364064,4.0
364160,4.0
364384,4.0
364544,4.0
364592,4.0
364800,4.0
365040,4.0
365264,4.0
365408,4.0
365472,4.0
365728,4.0
365920,4.0
366128,4.0
366208,4.0
366320,4.0
366416,4.0
366432,4.0
366752,4.0
366800,4.0
366864,4.0
366992,4.0
367280,4.0
367520,4.0
367792,4.0
367808,4.0
367840,4.0
367888,4.0
367968,4.0
368368,4.0
368672,4.0
369024,4.0
369520,4.0
369648,4.0
369872,4.0
370064,4.0
370624,4.0
370768,4.0
370864,4.0
371120,4.0
371184,4.0
371200,4.0
371632,4.0
371808,4.0
371872,4.0
371888,4.0
372064,4.0
372080,4.0
372960,4.0
373024,4.0
373088,4.0
373264,4.0
373568,4.0
373632,4.0
373744,4.0
373824,4.0
373840,4.0
373856,4.0
374112,4.0
374192,4.0
374368,4.0
374832,4.0
374912,4.0
374928,4.0
375120,4.0
375472,4.0
375600,4.0
375680,4.0
375920,4.0
376112,4.0
376336,4.0
376464,4.0
376496,4.0
376752,4.0
376960,4.0
377232,4.0
377296,4.0
379200,4.0
379488,4.0
379648,4.0
379760,4.0
379952,4.0
379968,4.0
380448,4.0
380624,4.0
380720,4.0
380848,4.0
380880,4.0
380960,4.0
381152,4.0
381520,4.0
382080,4.0
382224,4.0
382416,4.0
382784,4.0
382880,4.0
382992,4.0
383024,4.0
383040,4.0
383136,4.0
383184,4.0
383392,4.0
384112,4.0
384352,4.0
384800,4.0
385328,4.0
385552,4.0
385840,4.0
385936,4.0
386224,4.0
386512,4.0
386544,4.0
386640,4.0
387040,4.0
387104,4.0
387472,4.0
387616,4.0
387904,4.0
388576,4.0
388640,4.0
388736,4.0
388848,4.0
388992,4.0
389296,4.0
389472,4.0
389744,4.0
389760,4.0
390048,4.0
390896,4.0
391056,4.0
391104,4.0
391184,4.0
391520,4.0
391696,4.0
391760,4.0
392240,4.0
392336,4.0
392432,4.0
392480,4.0
392800,4.0
392896,4.0
393360,4.0
393392,4.0
393552,4.0
393856,4.0
394512,4.0
394608,4.0
394624,4.0
394656,4.0
394816,4.0
395520,4.0
395680,4.0
395776,4.0
395904,4.0
396688,4.0
396752,4.0
396848,4.0
397088,4.0
397552,4.0
397616,4.0
397632,4.0
397696,4.0
398064,4.0
398112,4.0
398192,4.0
398816,4.0
399008,4.0
399616,4.0
399840,4.0
399888,4.0
400432,4.0
400464,4.0
400656,4.0
400672,4.0
400736,4.0
400800,4.0
401136,4.0
401280,4.0
401328,4.0
401376,4.0
401984,4.0
402768,4.0
402944,4.0
403136,4.0
403328,4.0
403360,4.0
403472,4.0
403488,4.0
403632,4.0
403696,4.0
403984,4.0
404480,4.0
404608,4.0
404640,4.0
404672,4.0
404688,4.0
404704,4.0
404752,4.0
404784,4.0
404896,4.0
405072,4.0
405104,4.0
405264,4.0
405520,4.0
405680,4.0
405728,4.0
405872,4.0
406048,4.0
406096,4.0
406224,4.0
406288,4.0
406304,4.0
406416,4.0
406672,4.0
406768,4.0
407312,4.0
407600,4.0
407776,4.0
408048,4.0
408192,4.0
408288,4.0
408336,4.0
408352,4.0
408864,4.0
409136,4.0
409168,4.0
409264,4.0
409440,4.0
409696,4.0
409984,4.0
410128,4.0
410320,4.0
410384,4.0
410528,4.0
410560,4.0
410864,4.0
410944,4.0
411152,4.0
411216,4.0
411664,4.0
412144,4.0
412224,4.0
412240,4.0
412272,4.0
412416,4.0
412528,4.0
412560,4.0
412656,4.0
412848,4.0
413072,4.0
413312,4.0
413456,4.0
413696,4.0
413872,4.0
413968,4.0
414096,4.0
414176,4.0
414192,4.0
414272,4.0
414304,4.0
414368,4.0
414400,4.0
414448,4.0
414496,4.0
414528,4.0
414560,4.0
414576,4.0
414736,4.0
414864,4.0
414960,4.0
415280,4.0
415296,4.0
415456,4.0
415472,4.0
415520,4.0
415712,4.0
415936,4.0
416016,4.0
416032,4.0
416176,4.0
416528,4.0
416560,4.0
416640,4.0
416688,4.0
417104,4.0
417136,4.0
417168,4.0
417264,4.0
417328,4.0
417360,4.0
417536,4.0
417808,4.0
417824,4.0
417840,4.0
418096,4.0
418608,4.0
418816,4.0
418832,4.0
418992,4.0
419120,4.0
419168,4.0
419280,4.0
420112,4.0
420272,4.0
420352,4.0
420464,4.0
420624,4.0
420688,4.0
421248,4.0
421520,4.0
421600,4.0
422000,4.0
422016,4.0
422192,4.0
422256,4.0
422960,4.0
423232,4.0
423920,4.0
424016,4.0
425280,4.0
425408,4.0
425488,4.0
425904,4.0
426208,4.0
426240,4.0
426848,4.0
427184,4.0
427392,4.0
427984,4.0
428192,4.0
428368,4.0
428400,4.0
428656,4.0
428976,4.0
429824,4.0
430032,4.0
430096,4.0
430192,4.0
430240,4.0
430528,4.0
430752,4.0
430848,4.0
431088,4.0
431280,4.0
431408,4.0
431488,4.0
431616,4.0
431856,4.0
431952,4.0
432016,4.0
432672,4.0
432848,4.0
432928,4.0
433024,4.0
433072,4.0
433136,4.0
433200,4.0
433264,4.0
433328,4.0
433840,4.0
433904,4.0
433920,4.0
434176,4.0
434192,4.0
434336,4.0
434400,4.0
434592,4.0
434704,4.0
434912,4.0
434976,4.0
435408,4.0
435744,4.0
435824,4.0
435904,4.0
436272,4.0
436352,4.0
437008,4.0
437104,4.0
437152,4.0
437264,4.0
437280,4.0
437552,4.0
437792,4.0
438608,4.0
438848,4.0
439088,4.0
439392,4.0
439872,4.0
439888,4.0
440000,4.0
440064,4.0
440528,4.0
440544,4.0
440960,4.0
441120,4.0
441136,4.0
441280,4.0
441440,4.0
441488,4.0
441840,4.0
441984,4.0
442240,4.0
442496,4.0
442592,4.0
442608,4.0
442656,4.0
442704,4.0
442768,4.0
442832,4.0
442976,4.0
443120,4.0
443264,4.0
443568,4.0
443984,4.0
444032,4.0
444176,4.0
444400,4.0
444528,4.0
444640,4.0
444768,4.0
444928,4.0
444960,4.0
445104,4.0
445200,4.0
445360,4.0
445760,4.0
446112,4.0
446352,4.0
446448,4.0
446528,4.0
446576,4.0
446608,4.0
446640,4.0
446720,4.0
446752,4.0
447008,4.0
447360,4.0
447600,4.0
447680,4.0
447776,4.0
447888,4.0
447984,4.0
448048,4.0
448064,4.0
448320,4.0
448464,4.0
448528,4.0
448608,4.0
448944,4.0
449376,4.0
449536,4.0
449616,4.0
449632,4.0
449744,4.0
449888,4.0
449920,4.0
450448,4.0
450688,4.0
450864,4.0
450912,4.0
451040,4.0
451264,4.0
451408,4.0
451472,4.0
451680,4.0
451744,4.0
451824,4.0
451840,4.0
451872,4.0
451968,4.0
452112,4.0
452240,4.0
452512,4.0
452800,4.0
453520,4.0
453616,4.0
453760,4.0
454160,4.0
454528,4.0
454608,4.0
454688,4.0
454752,4.0
455168,4.0
455264,4.0
455760,4.0
455808,4.0
455824,4.0
456032,4.0
456128,4.0
456160,4.0
456224,4.0
456512,4.0
456576,4.0
456608,4.0
456784,4.0
456816,4.0
456832,4.0
456912,4.0
456976,4.0
457136,4.0
457280,4.0
457376,4.0
457440,4.0
457808,4.0
457840,4.0
458016,4.0
458128,4.0
458144,4.0
458528,4.0
458576,4.0
458672,4.0
458928,4.0
458960,4.0
458976,4.0
459024,4.0
459120,4.0
459264,4.0
459472,4.0
460048,4.0
460112,4.0
460240,4.0
460272,4.0
461184,4.0
461744,4.0
461776,4.0
461952,4.0
462048,4.0
462080,4.0
462480,4.0
462512,4.0
462640,4.0
462656,4.0
462672,4.0
462720,4.0
462880,4.0
462960,4.0
462976,4.0
463040,4.0
463136,4.0
463456,4.0
463776,4.0
463808,4.0
464000,4.0
464096,4.0
464128,4.0
464240,4.0
464320,4.0
464352,4.0
464464,4.0
464672,4.0
464688,4.0
464768,4.0
464816,4.0
465440,4.0
465696,4.0
465712,4.0
465920,4.0
466192,4.0
466480,4.0
466688,4.0
466880,4.0
467104,4.0
467328,4.0
467584,4.0
467616,4.0
468080,4.0
468304,4.0
468448,4.0
468464,4.0
468736,4.0
469040,4.0
469168,4.0
469632,4.0
469728,4.0
470112,4.0
470272,4.0
470400,4.0
470544,4.0
470672,4.0
470704,4.0
470928,4.0
471152,4.0
471216,4.0
471264,4.0
471296,4.0
471392,4.0
471536,4.0
471584,4.0
472112,4.0
472224,4.0
472384,4.0
472432,4.0
472448,4.0
472464,4.0
472592,4.0
472608,4.0
472752,4.0
473040,4.0
473360,4.0
473488,4.0
473552,4.0
473584,4.0
473776,4.0
473920,4.0
473952,4.0
474032,4.0
474096,4.0
474416,4.0
474592,4.0
474832,4.0
474848,4.0
475264,4.0
475472,4.0
475584,4.0
475744,4.0
475840,4.0
475872,4.0
475968,4.0
475984,4.0
476352,4.0
476400,4.0
476544,4.0
476736,4.0
476832,4.0
477424,4.0
477648,4.0
477664,4.0
477728,4.0
478304,4.0
478336,4.0
478528,4.0
478592,4.0
478800,4.0
479312,4.0
479728,4.0
480048,4.0
480096,4.0
480144,4.0
480192,4.0
480320,4.0
480416,4.0
480432,4.0
480496,4.0
480512,4.0
480576,4.0
480736,4.0
480864,4.0
481488,4.0
481632,4.0
481936,4.0
482096,4.0
482144,4.0
482176,4.0
482352,4.0
482448,4.0
482464,4.0
482688,4.0
482896,4.0
482960,4.0
483360,4.0
483440,4.0
483600,4.0
484336,4.0
484672,4.0
484816,4.0
484976,4.0
485136,4.0
485488,4.0
485520,4.0
485552,4.0
485696,4.0
485808,4.0
485888,4.0
485920,4.0
485936,4.0
486112,4.0
486464,4.0
486688,4.0
487200,4.0
487504,4.0
487984,4.0
488048,4.0
488064,4.0
488112,4.0
488160,4.0
488336,4.0
488864,4.0
489088,4.0
489456,4.0
489600,4.0
489648,4.0
489760,4.0
489968,4.0
489984,4.0
490032,4.0
490192,4.0
490288,4.0
490624,4.0
490976,4.0
491072,4.0
491152,4.0
491392,4.0
491472,4.0
491552,4.0
491600,4.0
491680,4.0
491744,4.0
492032,4.0
492256,4.0
492512,4.0
492560,4.0
492816,4.0
493216,4.0
493392,4.0
493408,4.0
493760,4.0
494128,4.0
494176,4.0
494240,4.0
494304,4.0
494384,4.0
494448,4.0
494608,4.0
494624,4.0
494688,4.0
494784,4.0
495264,4.0
495440,4.0
495584,4.0
495728,4.0
495824,4.0
496192,4.0
496208,4.0
496288,4.0
496576,4.0
496720,4.0
497200,4.0
497472,4.0
497536,4.0
497856,4.0
497872,4.0
497968,4.0
498016,4.0
498064,4.0
498160,4.0
498416,4.0
498512,4.0
498688,4.0
498752,4.0
498800,4.0
499344,4.0
499744,4.0
499888,4.0
500048,4.0
500720,4.0
500768,4.0
500816,4.0
501056,4.0
501136,4.0
501216,4.0
501536,4.0
501952,4.0
501968,4.0
502032,4.0
502080,4.0
502224,4.0
502240,4.0
502416,4.0
502480,4.0
502784,4.0
502864,4.0
503088,4.0
503424,4.0
503856,4.0
503920,4.0
504144,4.0
504256,4.0
504336,4.0
504400,4.0
504672,4.0
504800,4.0
504912,4.0
505072,4.0
505104,4.0
505152,4.0
505360,4.0
505456,4.0
505536,4.0
505664,4.0
505872,4.0
505952,4.0
506384,4.0
506464,4.0
506480,4.0
506544,4.0
506752,4.0
506768,4.0
506896,4.0
506928,4.0
507232,4.0
507296,4.0
507408,4.0
507680,4.0
507728,4.0
508176,4.0
508384,4.0
508512,4.0
508592,4.0
508688,4.0
508736,4.0
508784,4.0
509056,4.0
509424,4.0
509456,4.0
509696,4.0
509728,4.0
509792,4.0
510048,4.0
510368,4.0
510448,4.0
510688,4.0
510832,4.0
510880,4.0
510912,4.0
511200,4.0
511248,4.0
511744,4.0
511936,4.0
512064,4.0
512368,4.0
512400,4.0
512624,4.0
512640,4.0
512656,4.0
512688,4.0
512832,4.0
512896,4.0
512928,4.0
513008,4.0
513200,4.0
513488,4.0
513504,4.0
513600,4.0
513792,4.0
513936,4.0
513968,4.0
514240,4.0
514640,4.0
514832,4.0
515600,4.0
515728,4.0
515904,4.0
515984,4.0
516320,4.0
516560,4.0
517376,4.0
517632,4.0
517952,4.0
518032,4.0
518240,4.0
518336,4.0
518384,4.0
518432,4.0
518608,4.0
519152,4.0
519200,4.0
519264,4.0
519360,4.0
519696,4.0
520064,4.0
520096,4.0
520144,4.0
520256,4.0
520432,4.0
520800,4.0
520992,4.0
521040,4.0
521136,4.0
521312,4.0
521504,4.0
521792,4.0
522032,4.0
522592,4.0
522928,4.0
523504,4.0
523536,4.0
523552,4.0
523584,4.0
523792,4.0
523904,4.0
523936,4.0
524000,4.0
524096,4.0
524160,4.0
524272,4.0
524304,4.0
524592,4.0
524640,4.0
524752,4.0
524832,4.0
525104,4.0
525408,4.0
525584,4.0
525728,4.0
525760,4.0
525824,4.0
525936,4.0
525984,4.0
526192,4.0
526528,4.0
526912,4.0
526976,4.0
527136,4.0
527184,4.0
527424,4.0
527504,4.0
527536,4.0
527616,4.0
527856,4.0
528400,4.0
528544,4.0
528592,4.0
528720,4.0
528784,4.0
528848,4.0
529024,4.0
529200,4.0
530128,4.0
530368,4.0
530432,4.0
530464,4.0
530512,4.0
530640,4.0
530912,4.0
531024,4.0
531376,4.0
531536,4.0
531728,4.0
532272,4.0
532288,4.0
532336,4.0
532352,4.0
532464,4.0
532640,4.0
533360,4.0
533376,4.0
533584,4.0
533648,4.0
534144,4.0
534160,4.0
534400,4.0
534416,4.0
534672,4.0
535040,4.0
535120,4.0
535488,4.0
535840,4.0
535872,4.0
536048,4.0
536144,4.0
536240,4.0
536336,4.0
536576,4.0
536656,4.0
536832,4.0
536864,4.0
537168,4.0
537328,4.0
537520,4.0
538096,4.0
538304,4.0
538464,4.0
538736,4.0
538768,4.0
538832,4.0
538928,4.0
538960,4.0
539392,4.0
539552,4.0
539792,4.0
539824,4.0
539904,4.0
540112,4.0
540448,4.0
540512,4.0
540640,4.0
540688,4.0
540752,4.0
540784,4.0
540928,4.0
540944,4.0
541104,4.0
541216,4.0
541568,4.0
541680,4.0
541824,4.0
542208,4.0
542416,4.0
542448,4.0
542848,4.0
542992,4.0
543280,4.0
543376,4.0
543472,4.0
543584,4.0
543744,4.0
543952,4.0
544144,4.0
544320,4.0
544336,4.0
544368,4.0
544752,4.0
545216,4.0
545232,4.0
545408,4.0
545600,4.0
546048,4.0
546080,4.0
546112,4.0
546160,4.0
546336,4.0
546640,4.0
546800,4.0
546816,4.0
547024,4.0
547248,4.0
547376,4.0
547440,4.0
547456,4.0
547872,4.0
547936,4.0
548336,4.0
548464,4.0
549520,4.0
549552,4.0
549632,4.0
549776,4.0
549872,4.0
549920,4.0
549968,4.0
549984,4.0
550688,4.0
550896,4.0
551072,4.0
551088,4.0
551504,4.0
551600,4.0
551648,4.0
551696,4.0
552048,4.0
552064,4.0
552080,4.0
552160,4.0
552224,4.0
553008,4.0
553904,4.0
553920,4.0
554192,4.0
554240,4.0
554256,4.0
554288,4.0
554400,4.0
554416,4.0
554608,4.0
554656,4.0
555056,4.0
555232,4.0
555360,4.0
555456,4.0
555712,4.0
555904,4.0
555936,4.0
556320,4.0
556976,4.0
557120,4.0
557152,4.0
557488,4.0
557728,4.0
558112,4.0
558160,4.0
558400,4.0
558720,4.0
558784,4.0
558960,4.0
559440,4.0
559472,4.0
559488,4.0
559664,4.0
559744,4.0
559856,4.0
559888,4.0
559936,4.0
560016,4.0
560240,4.0
560288,4.0
560304,4.0
560688,4.0
560928,4.0
561056,4.0
561120,4.0
561184,4.0
561392,4.0
561728,4.0
561824,4.0
562464,4.0
563232,4.0
563248,4.0
563360,4.0
563392,4.0
563664,4.0
563680,4.0
564480,4.0
564512,4.0
564688,4.0
564784,4.0
564848,4.0
564912,4.0
564976,4.0
565152,4.0
565568,4.0
565776,4.0
566800,4.0
567152,4.0
567168,4.0
567184,4.0
567792,4.0
568448,4.0
568688,4.0
568896,4.0
568992,4.0
569072,4.0
569184,4.0
569344,4.0
569376,4.0
569424,4.0
570016,4.0
570704,4.0
571072,4.0
571136,4.0
571456,4.0
571920,4.0
572048,4.0
572208,4.0
572624,4.0
572880,4.0
572912,4.0
572976,4.0
573040,4.0
573120,4.0
573808,4.0
574032,4.0
574096,4.0
574128,4.0
574304,4.0
574944,4.0
574976,4.0
575152,4.0
575200,4.0
575472,4.0
575536,4.0
575648,4.0
576016,4.0
576160,4.0
576240,4.0
576272,4.0
576368,4.0
576560,4.0
576656,4.0
576768,4.0
577328,4.0
577440,4.0
577472,4.0
577504,4.0
577968,4.0
578352,4.0
578576,4.0
578784,4.0
579120,4.0
579280,4.0
579344,4.0
579712,4.0
580256,4.0
580752,4.0
580768,4.0
580944,4.0
581072,4.0
581424,4.0
581456,4.0
581920,4.0
582512,4.0
582608,4.0
582672,4.0
582704,4.0
582832,4.0
583120,4.0
583216,4.0
583232,4.0
583424,4.0
583648,4.0
583872,4.0
584048,4.0
584240,4.0
584256,4.0
584432,4.0
584800,4.0
584960,4.0
585088,4.0
585120,4.0
585280,4.0
585296,4.0
585328,4.0
585344,4.0
585408,4.0
585440,4.0
585616,4.0
585808,4.0
586096,4.0
586400,4.0
586768,4.0
587264,4.0
587632,4.0
588288,4.0
588480,4.0
588592,4.0
588848,4.0
588928,4.0
589120,4.0
589376,4.0
589568,4.0
589712,4.0
589728,4.0
589744,4.0
589840,4.0
590112,4.0
590128,4.0
590320,4.0
590432,4.0
590464,4.0
590480,4.0
590768,4.0
590928,4.0
590960,4.0
591152,4.0
591264,4.0
591344,4.0
591568,4.0
591664,4.0
591680,4.0
592000,4.0
592496,4.0
592560,4.0
592784,4.0
592880,4.0
592976,4.0
593024,4.0
593184,4.0
593424,4.0
593552,4.0
593664,4.0
593776,4.0
594032,4.0
594384,4.0
594400,4.0
594864,4.0
594992,4.0
595152,4.0
595344,4.0
595440,4.0
595584,4.0
595728,4.0
595760,4.0
596064,4.0
596224,4.0
596448,4.0
597168,4.0
597504,4.0
597536,4.0
598416,4.0
598496,4.0
598560,4.0
598592,4.0
598784,4.0
598944,4.0
599216,4.0
599248,4.0
599600,4.0
600112,4.0
600128,4.0
600224,4.0
600288,4.0
600304,4.0
600320,4.0
600496,4.0
600560,4.0
600736,4.0
600816,4.0
600864,4.0
601024,4.0
601248,4.0
601360,4.0
601392,4.0
601504,4.0
601680,4.0
601792,4.0
601936,4.0
602048,4.0
602368,4.0
602576,4.0
602784,4.0
602816,4.0
602928,4.0
603728,4.0
603808,4.0
603984,4.0
604320,4.0
605344,4.0
605632,4.0
605712,4.0
605968,4.0
606016,4.0
606288,4.0
606432,4.0
606512,4.0
606928,4.0
606960,4.0
606992,4.0
607024,4.0
607280,4.0
607360,4.0
607392,4.0
607504,4.0
607552,4.0
607632,4.0
607648,4.0
607792,4.0
608080,4.0
608416,4.0
608576,4.0
608832,4.0
609392,4.0
609920,4.0
610144,4.0
610240,4.0
610416,4.0
610432,4.0
610848,4.0
610928,4.0
611120,4.0
611136,4.0
611184,4.0
611200,4.0
611328,4.0
611392,4.0
611712,4.0
611872,4.0
612144,4.0
612224,4.0
612704,4.0
612864,4.0
612912,4.0
613008,4.0
613216,4.0
613264,4.0
613360,4.0
613536,4.0
613904,4.0
614048,4.0
614208,4.0
614240,4.0
614336,4.0
614576,4.0
614944,4.0
614960,4.0
614976,4.0
615008,4.0
615264,4.0
615296,4.0
615312,4.0
615664,4.0
615808,4.0
615920,4.0
616144,4.0
616240,4.0
616272,4.0
616352,4.0
616416,4.0
616464,4.0
616720,4.0
616736,4.0
617008,4.0
617072,4.0
617120,4.0
617584,4.0
617600,4.0
617696,4.0
617792,4.0
617856,4.0
618032,4.0
618416,4.0
618432,4.0
618464,4.0
618496,4.0
618736,4.0
618752,4.0
618992,4.0
619136,4.0
619232,4.0
619264,4.0
619456,4.0
620016,4.0
620336,4.0
620640,4.0
620816,4.0
621024,4.0
621216,4.0
621408,4.0
621488,4.0
621600,4.0
622336,4.0
622576,4.0
622672,4.0
622832,4.0
622848,4.0
623136,4.0
623584,4.0
623648,4.0
623696,4.0
623728,4.0
623856,4.0
624128,4.0
624240,4.0
624416,4.0
625024,4.0
625360,4.0
625376,4.0
625408,4.0
625552,4.0
625920,4.0
625984,4.0
626032,4.0
626160,4.0
626224,4.0
626320,4.0
626368,4.0
626720,4.0
626752,4.0
626912,4.0
627200,4.0
627216,4.0
627408,4.0
627552,4.0
627568,4.0
627680,4.0
627696,4.0
627728,4.0
627840,4.0
627888,4.0
627936,4.0
628192,4.0
628288,4.0
628544,4.0
628688,4.0
628784,4.0
629040,4.0
629232,4.0
629344,4.0
629392,4.0
629472,4.0
629680,4.0
629792,4.0
629808,4.0
629824,4.0
629984,4.0
630032,4.0
630384,4.0
630496,4.0
630592,4.0
630896,4.0
630992,4.0
631232,4.0
631536,4.0
631728,4.0
631776,4.0
632336,4.0
632672,4.0
632992,4.0
633040,4.0
633184,4.0
633232,4.0
633280,4.0
633392,4.0
633584,4.0
633760,4.0
633792,4.0
633904,4.0
633952,4.0
634016,4.0
634048,4.0
634272,4.0
634480,4.0
634912,4.0
635072,4.0
635184,4.0
635600,4.0
635904,4.0
636096,4.0
636160,4.0
636224,4.0
636256,4.0
636928,4.0
637120,4.0
637440,4.0
637648,4.0
637968,4.0
638064,4.0
638448,4.0
638528,4.0
638576,4.0
639104,4.0
639184,4.0
639328,4.0
639472,4.0
639712,4.0
639872,4.0
639936,4.0
640240,4.0
640272,4.0
640336,4.0
640464,4.0
640624,4.0
640768,4.0
640816,4.0
640928,4.0
641024,4.0
641120,4.0
641264,4.0
641376,4.0
641808,4.0
641968,4.0
642528,4.0
642896,4.0
643056,4.0
643120,4.0
643552,4.0
643728,4.0
644064,4.0
644256,4.0
644304,4.0
644576,4.0
644688,4.0
644800,4.0
645072,4.0
645088,4.0
645120,4.0
645216,4.0
645552,4.0
645984,4.0
646080,4.0
646240,4.0
646256,4.0
646416,4.0
646480,4.0
646672,4.0
646688,4.0
646832,4.0
646896,4.0
646912,4.0
646960,4.0
647168,4.0
647280,4.0
647488,4.0
647504,4.0
647520,4.0
647648,4.0
647840,4.0
647856,4.0
648080,4.0
648304,4.0
648352,4.0
648448,4.0
648496,4.0
648544,4.0
649392,4.0
649536,4.0
649648,4.0
649744,4.0
649760,4.0
650016,4.0
650096,4.0
650160,4.0
650176,4.0
650464,4.0
650624,4.0
650688,4.0
651232,4.0
651408,4.0
651680,4.0
651696,4.0
651776,4.0
652128,4.0
652176,4.0
652416,4.0
652432,4.0
652656,4.0
653056,4.0
653072,4.0
653088,4.0
653392,4.0
653488,4.0
653536,4.0
653728,4.0
653776,4.0
653904,4.0
653920,4.0
653952,4.0
654144,4.0
654352,4.0
654544,4.0
654688,4.0
654752,4.0
654816,4.0
654912,4.0
654976,4.0
654992,4.0
655504,4.0
656112,4.0
656624,4.0
657152,4.0
657328,4.0
657344,4.0
657488,4.0
657616,4.0
657632,4.0
657712,4.0
658144,4.0
659008,4.0
659040,4.0
659232,4.0
659328,4.0
659360,4.0
659440,4.0
659520,4.0
659568,4.0
659856,4.0
660016,4.0
660144,4.0
660192,4.0
660304,4.0
660480,4.0
660496,4.0
660688,4.0
660704,4.0
660848,4.0
661056,4.0
661088,4.0
661360,4.0
661408,4.0
661424,4.0
661440,4.0
661536,4.0
661904,4.0
662000,4.0
662144,4.0
662160,4.0
662608,4.0
662704,4.0
663056,4.0
663552,4.0
663600,4.0
663840,4.0
663904,4.0
664304,4.0
664640,4.0
664656,4.0
664720,4.0
664880,4.0
664896,4.0
665040,4.0
665408,4.0
665456,4.0
665760,4.0
666160,4.0
666304,4.0
666448,4.0
666480,4.0
666736,4.0
666960,4.0
667264,4.0
667392,4.0
667648,4.0
668096,4.0
668240,4.0
668368,4.0
668480,4.0
668608,4.0
668752,4.0
669248,4.0
669776,4.0
669808,4.0
669936,4.0
669968,4.0
670192,4.0
670336,4.0
670816,4.0
671008,4.0
671168,4.0
671312,4.0
671808,4.0
672352,4.0
672368,4.0
672512,4.0
672624,4.0
672640,4.0
672912,4.0
673760,4.0
673888,4.0
673904,4.0
673968,4.0
674048,4.0
674352,4.0
674400,4.0
674736,4.0
675264,4.0
675392,4.0
675520,4.0
675616,4.0
675680,4.0
675808,4.0
676080,4.0
676176,4.0
676384,4.0
676592,4.0
676960,4.0
677056,4.0
677104,4.0
677456,4.0
677664,4.0
678704,4.0
678784,4.0
678976,4.0
679264,4.0
679280,4.0
679296,4.0
679600,4.0
679744,4.0
679856,4.0
680096,4.0
680208,4.0
680432,4.0
680496,4.0
680512,4.0
680672,4.0
680800,4.0
680960,4.0
681088,4.0
681232,4.0
681280,4.0
681472,4.0
681600,4.0
681648,4.0
681920,4.0
682336,4.0
682432,4.0
682512,4.0
682576,4.0
682640,4.0
682720,4.0
682752,4.0
682768,4.0
682912,4.0
683136,4.0
683200,4.0
683360,4.0
683472,4.0
683504,4.0
683520,4.0
683584,4.0
683712,4.0
684000,4.0
684336,4.0
684432,4.0
684512,4.0
684768,4.0
684880,4.0
685280,4.0
685296,4.0
685376,4.0
685616,4.0
685712,4.0
685792,4.0
685824,4.0
686064,4.0
686288,4.0
686352,4.0
686400,4.0
686624,4.0
686656,4.0
687136,4.0
687296,4.0
687360,4.0
687520,4.0
687536,4.0
687776,4.0
687792,4.0
687984,4.0
688000,4.0
688224,4.0
688416,4.0
688720,4.0
689168,4.0
689216,4.0
689264,4.0
689312,4.0
689344,4.0
689408,4.0
690000,4.0
690400,4.0
690480,4.0
690496,4.0
690608,4.0
690640,4.0
690672,4.0
690912,4.0
691568,4.0
691712,4.0
691840,4.0
691920,4.0
691936,4.0
692320,4.0
692400,4.0
692944,4.0
693136,4.0
693184,4.0
693312,4.0
693840,4.0
693856,4.0
694064,4.0
694128,4.0
694784,4.0
694896,4.0
695088,4.0
695248,4.0
695376,4.0
695904,4.0
696368,4.0
696544,4.0
696688,4.0
697264,4.0
697328,4.0
697456,4.0
698048,4.0
698064,4.0
698096,4.0
698112,4.0
698256,4.0
698352,4.0
698384,4.0
698416,4.0
698720,4.0
698800,4.0
699152,4.0
699168,4.0
699488,4.0
699504,4.0
699568,4.0
699632,4.0
699680,4.0
699952,4.0
700064,4.0
700112,4.0
700160,4.0
700176,4.0
700240,4.0
700256,4.0
700320,4.0
700352,4.0
700752,4.0
700896,4.0
701088,4.0
701200,4.0
701296,4.0
701392,4.0
701504,4.0
701824,4.0
702096,4.0
702320,4.0
702640,4.0
702688,4.0
702864,4.0
703136,4.0
703328,4.0
703472,4.0
703792,4.0
703888,4.0
703936,4.0
704080,4.0
704112,4.0
704224,4.0
704416,4.0
704528,4.0
704880,4.0
705024,4.0
705088,4.0
705824,4.0
706368,4.0
706464,4.0
706608,4.0
706848,4.0
706944,4.0
706992,4.0
707072,4.0
707152,4.0
707648,4.0
707744,4.0
707872,4.0
708192,4.0
708224,4.0
708368,4.0
708496,4.0
708528,4.0
708672,4.0
708832,4.0
708880,4.0
709120,4.0
709296,4.0
709376,4.0
709424,4.0
709760,4.0
710144,4.0
710192,4.0
710224,4.0
710448,4.0
710464,4.0
710576,4.0
710672,4.0
710688,4.0
710768,4.0
710832,4.0
711040,4.0
711136,4.0
711296,4.0
711456,4.0
711648,4.0
711664,4.0
711760,4.0
711808,4.0
711888,4.0
711952,4.0
712064,4.0
712272,4.0
712464,4.0
712528,4.0
712976,4.0
713040,4.0
713056,4.0
713136,4.0
713280,4.0
713392,4.0
713616,4.0
713664,4.0
713792,4.0
713872,4.0
714272,4.0
714288,4.0
714432,4.0
714512,4.0
714688,4.0
714704,4.0
714960,4.0
715424,4.0
715808,4.0
715904,4.0
715936,4.0
716000,4.0
716112,4.0
716944,4.0
717408,4.0
717424,4.0
717568,4.0
717856,4.0
717888,4.0
718256,4.0
718544,4.0
718576,4.0
718928,4.0
719024,4.0
719136,4.0
719152,4.0
719552,4.0
719632,4.0
719808,4.0
720128,4.0
720656,4.0
720704,4.0
720768,4.0
720880,4.0
721024,4.0
721168,4.0
721360,4.0
721472,4.0
721568,4.0
721872,4.0
721920,4.0
722032,4.0
722128,4.0
722144,4.0
722256,4.0
723008,4.0
723152,4.0
723360,4.0
723504,4.0
723520,4.0
723664,4.0
723792,4.0
724240,4.0
724560,4.0
724672,4.0
724736,4.0
724896,4.0
724992,4.0
725136,4.0
725248,4.0
725504,4.0
725584,4.0
725616,4.0
725664,4.0
726000,4.0
726240,4.0
726320,4.0
727504,4.0
727920,4.0
728272,4.0
728400,4.0
728480,4.0
728736,4.0
728768,4.0
729008,4.0
729392,4.0
729872,4.0
729888,4.0
730624,4.0
730736,4.0
730848,4.0
730880,4.0
731024,4.0
731120,4.0
731152,4.0
731216,4.0
731424,4.0
731504,4.0
731520,4.0
731792,4.0
731808,4.0
731824,4.0
732512,4.0
732544,4.0
732736,4.0
732960,4.0
733312,4.0
733472,4.0
733568,4.0
733632,4.0
734000,4.0
734016,4.0
734352,4.0
734496,4.0
734688,4.0
734784,4.0
735040,4.0
735184,4.0
735200,4.0
735360,4.0
735824,4.0
735888,4.0
735920,4.0
736032,4.0
736224,4.0
736272,4.0
736656,4.0
736832,4.0
737072,4.0
737264,4.0
737552,4.0
738384,4.0
738592,4.0
738672,4.0
738736,4.0
738816,4.0
738848,4.0
738864,4.0
738896,4.0
739056,4.0
739232,4.0
739456,4.0
739600,4.0
739984,4.0
740128,4.0
740144,4.0
740160,4.0
740368,4.0
740464,4.0
740528,4.0
740656,4.0
740688,4.0
740832,4.0
741168,4.0
741200,4.0
741440,4.0
741552,4.0
741616,4.0
741792,4.0
741888,4.0
742112,4.0
742432,4.0
742624,4.0
742704,4.0
742816,4.0
742848,4.0
742880,4.0
743008,4.0
743104,4.0
744128,4.0
744512,4.0
744704,4.0
744736,4.0
744864,4.0
744928,4.0
744976,4.0
745264,4.0
745488,4.0
745696,4.0
745744,4.0
745888,4.0
746208,4.0
746528,4.0
746592,4.0
746896,4.0
747376,4.0
747552,4.0
747856,4.0
747904,4.0
748128,4.0
748160,4.0
748224,4.0
748288,4.0
748400,4.0
748480,4.0
748528,4.0
748912,4.0
749200,4.0
749344,4.0
749392,4.0
749440,4.0
750208,4.0
750304,4.0
750400,4.0
750592,4.0
750784,4.0
750832,4.0
750912,4.0
750992,4.0
751312,4.0
751456,4.0
751712,4.0
751744,4.0
751936,4.0
752080,4.0
752432,4.0
752528,4.0
752592,4.0
752688,4.0
752976,4.0
753104,4.0
753344,4.0
753552,4.0
754048,4.0
754064,4.0
754224,4.0
754464,4.0
754544,4.0
754672,4.0
755136,4.0
755536,4.0
755712,4.0
755744,4.0
755984,4.0
756000,4.0
756448,4.0
756640,4.0
756704,4.0
756752,4.0
756896,4.0
757056,4.0
757088,4.0
757216,4.0
757360,4.0
757584,4.0
757968,4.0
758048,4.0
758256,4.0
758384,4.0
758656,4.0
758752,4.0
759136,4.0
759152,4.0
759440,4.0
759568,4.0
759904,4.0
759952,4.0
760032,4.0
760576,4.0
760592,4.0
760752,4.0
760784,4.0
761184,4.0
761280,4.0
761328,4.0
761344,4.0
761360,4.0
761536,4.0
761584,4.0
761680,4.0
762032,4.0
762224,4.0
762464,4.0
762624,4.0
762864,4.0
762944,4.0
762992,4.0
763232,4.0
763248,4.0
763360,4.0
763888,4.0
763920,4.0
763936,4.0
763984,4.0
764000,4.0
765664,4.0
765872,4.0
765920,4.0
766256,4.0
766320,4.0
766608,4.0
767424,4.0
767552,4.0
767600,4.0
767776,4.0
767840,4.0
767872,4.0
767904,4.0
767952,4.0
768512,4.0
768784,4.0
769120,4.0
769200,4.0
769232,4.0
769312,4.0
769360,4.0
769520,4.0
769632,4.0
769712,4.0
769808,4.0
769936,4.0
770000,4.0
770272,4.0
770656,4.0
770688,4.0
771008,4.0
771168,4.0
771216,4.0
771232,4.0
771472,4.0
771776,4.0
771808,4.0
771824,4.0
771936,4.0
772080,4.0
772624,4.0
772736,4.0
773168,4.0
773376,4.0
773584,4.0
773696,4.0
774064,4.0
774128,4.0
774320,4.0
774368,4.0
774576,4.0
774608,4.0
774672,4.0
774752,4.0
774768,4.0
775024,4.0
775072,4.0
775184,4.0
775616,4.0
775888,4.0
776880,4.0
777072,4.0
777216,4.0
777744,4.0
777888,4.0
778080,4.0
778112,4.0
778240,4.0
778304,4.0
778560,4.0
778928,4.0
779216,4.0
779248,4.0
779888,4.0
780096,4.0
780192,4.0
780352,4.0
780400,4.0
781024,4.0
781072,4.0
781328,4.0
781872,4.0
781904,4.0
782112,4.0
782176,4.0
782320,4.0
782816,4.0
782832,4.0
782928,4.0
782944,4.0
783152,4.0
783488,4.0
783536,4.0
783904,4.0
783936,4.0
784000,4.0
784160,4.0
784400,4.0
784736,4.0
784832,4.0
785024,4.0
785120,4.0
786000,4.0
786480,4.0
786640,4.0
786848,4.0
787120,4.0
787488,4.0
787520,4.0
787600,4.0
787632,4.0
787824,4.0
788048,4.0
788112,4.0
788144,4.0
788624,4.0
788752,4.0
789040,4.0
789168,4.0
789376,4.0
789440,4.0
789600,4.0
789824,4.0
790560,4.0
790672,4.0
790944,4.0
791008,4.0
791024,4.0
791184,4.0
791232,4.0
791520,4.0
791648,4.0
791712,4.0
791824,4.0
791936,4.0
791968,4.0
792000,4.0
792064,4.0
792128,4.0
792256,4.0
792352,4.0
792416,4.0
792496,4.0
792976,4.0
793072,4.0
793120,4.0
793216,4.0
793232,4.0
793456,4.0
793472,4.0
793536,4.0
793888,4.0
794512,4.0
794832,4.0
795008,4.0
795184,4.0
795408,4.0
795536,4.0
795920,4.0
796336,4.0
796352,4.0
796688,4.0
797216,4.0
797328,4.0
797424,4.0
797664,4.0
797680,4.0
797824,4.0
798032,4.0
798240,4.0
798256,4.0
798320,4.0
798416,4.0
798608,4.0
798768,4.0
798848,4.0
798880,4.0
799072,4.0
799088,4.0
799168,4.0
799200,4.0
799328,4.0
799360,4.0
799376,4.0
799616,4.0
799648,4.0
799824,4.0
800000,4.0
800016,4.0
800096,4.0
800128,4.0
800144,4.0
800320,4.0
801040,4.0
801360,4.0
801552,4.0
801792,4.0
801808,4.0
802032,4.0
802176,4.0
802800,4.0
802832,4.0
802992,4.0
803024,4.0
803248,4.0
803600,4.0
803648,4.0
803664,4.0
803696,4.0
804000,4.0
804048,4.0
804400,4.0
804496,4.0
804880,4.0
804912,4.0
805296,4.0
805520,4.0
805792,4.0
805856,4.0
805968,4.0
806048,4.0
806064,4.0
806176,4.0
806432,4.0
806608,4.0
806896,4.0
807120,4.0
807328,4.0
807360,4.0
807456,4.0
807664,4.0
808256,4.0
808592,4.0
809040,4.0
809072,4.0
809152,4.0
809504,4.0
810016,4.0
810240,4.0
810464,4.0
810896,4.0
811024,4.0
811184,4.0
811296,4.0
811504,4.0
811664,4.0
811760,4.0
812448,4.0
812736,4.0
812864,4.0
813184,4.0
813248,4.0
813504,4.0
813632,4.0
813888,4.0
814480,4.0
814560,4.0
814768,4.0
814896,4.0
814912,4.0
814992,4.0
815120,4.0
815152,4.0
815248,4.0
815328,4.0
815408,4.0
815472,4.0
815616,4.0
815872,4.0
816192,4.0
816432,4.0
816624,4.0
816688,4.0
817056,4.0
817424,4.0
817488,4.0
817552,4.0
817648,4.0
817696,4.0
817808,4.0
817936,4.0
818016,4.0
818576,4.0
818768,4.0
818816,4.0
818880,4.0
819184,4.0
819328,4.0
819472,4.0
820080,4.0
820352,4.0
820400,4.0
820560,4.0
820976,4.0
821040,4.0
821280,4.0
821440,4.0
821552,4.0
821872,4.0
821968,4.0
822304,4.0
822432,4.0
822528,4.0
822624,4.0
822768,4.0
822800,4.0
822944,4.0
823104,4.0
823136,4.0
823648,4.0
823808,4.0
823824,4.0
824048,4.0
824352,4.0
824384,4.0
825056,4.0
825088,4.0
825232,4.0
825248,4.0
825632,4.0
825696,4.0
825728,4.0
825792,4.0
825936,4.0
826064,4.0
826080,4.0
826160,4.0
826336,4.0
826464,4.0
826816,4.0
827152,4.0
827200,4.0
827472,4.0
827536,4.0
827632,4.0
827744,4.0
827792,4.0
827888,4.0
828016,4.0
828272,4.0
828400,4.0
828656,4.0
828768,4.0
828864,4.0
829504,4.0
829632,4.0
830064,4.0
830336,4.0
830384,4.0
830576,4.0
830640,4.0
830928,4.0
831072,4.0
831120,4.0
831152,4.0
831200,4.0
831360,4.0
831744,4.0
831904,4.0
832160,4.0
832176,4.0
832432,4.0
832528,4.0
832624,4.0
833712,4.0
833840,4.0
834096,4.0
834112,4.0
834224,4.0
834256,4.0
834352,4.0
834384,4.0
834672,4.0
834832,4.0
835008,4.0
835120,4.0
835152,4.0
835168,4.0
835312,4.0
835328,4.0
835456,4.0
835504,4.0
835600,4.0
835776,4.0
835824,4.0
836048,4.0
836112,4.0
836480,4.0
836784,4.0
836816,4.0
837168,4.0
837264,4.0
837296,4.0
837488,4.0
837552,4.0
837600,4.0
837728,4.0
837936,4.0
837952,4.0
838096,4.0
838544,4.0
838592,4.0
838608,4.0
838736,4.0
839312,4.0
839344,4.0
839408,4.0
839424,4.0
839440,4.0
839536,4.0
839840,4.0
840272,4.0
840416,4.0
840464,4.0
840704,4.0
840720,4.0
841168,4.0
841200,4.0
841376,4.0
841408,4.0
841488,4.0
841632,4.0
841792,4.0
841952,4.0
842064,4.0
842304,4.0
842320,4.0
842368,4.0
843280,4.0
843328,4.0
843696,4.0
843712,4.0
844064,4.0
844352,4.0
844384,4.0
844432,4.0
844528,4.0
844864,4.0
844880,4.0
844912,4.0
845008,4.0
845264,4.0
845664,4.0
845968,4.0
846336,4.0
846384,4.0
846768,4.0
846976,4.0
847216,4.0
847328,4.0
847568,4.0
847712,4.0
847728,4.0
847920,4.0
847984,4.0
848272,4.0
848320,4.0
848560,4.0
848752,4.0
848992,4.0
849024,4.0
849088,4.0
849104,4.0
849200,4.0
849376,4.0
849552,4.0
849616,4.0
850128,4.0
850272,4.0
850592,4.0
850704,4.0
851056,4.0
851072,4.0
851504,4.0
851520,4.0
851600,4.0
851760,4.0
851904,4.0
852576,4.0
852672,4.0
852720,4.0
852816,4.0
852864,4.0
852960,4.0
853024,4.0
853088,4.0
853232,4.0
853680,4.0
854080,4.0
854192,4.0
854224,4.0
854384,4.0
854576,4.0
854592,4.0
854624,4.0
854752,4.0
854976,4.0
855120,4.0
855312,4.0
855472,4.0
855776,4.0
856080,4.0
856128,4.0
856240,4.0
856912,4.0
856944,4.0
857136,4.0
857152,4.0
857168,4.0
857568,4.0
857712,4.0
857984,4.0
858128,4.0
858256,4.0
858272,4.0
858304,4.0
858368,4.0
858560,4.0
858640,4.0
858816,4.0
859072,4.0
859168,4.0
859184,4.0
859376,4.0
860064,4.0
860336,4.0
860784,4.0
860880,4.0
861152,4.0
861248,4.0
861264,4.0
861360,4.0
861712,4.0
861728,4.0
861744,4.0
862000,4.0
862480,4.0
862720,4.0
862768,4.0
862864,4.0
863056,4.0
863104,4.0
863520,4.0
863552,4.0
863616,4.0
863648,4.0
863712,4.0
863808,4.0
864048,4.0
864096,4.0
864160,4.0
865184,4.0
865328,4.0
865440,4.0
865504,4.0
865856,4.0
865920,4.0
865968,4.0
866080,4.0
866128,4.0
866176,4.0
866304,4.0
866368,4.0
866544,4.0
866736,4.0
866896,4.0
867072,4.0
867216,4.0
867232,4.0
867328,4.0
867456,4.0
867840,4.0
867968,4.0
867984,4.0
868032,4.0
868048,4.0
868176,4.0
868256,4.0
868336,4.0
868432,4.0
868480,4.0
868592,4.0
868944,4.0
869008,4.0
869040,4.0
869376,4.0
869584,4.0
869616,4.0
870128,4.0
870288,4.0
870432,4.0
870544,4.0
870560,4.0
870960,4.0
871072,4.0
871152,4.0
871248,4.0
871264,4.0
871312,4.0
871408,4.0
871968,4.0
872240,4.0
872288,4.0
872320,4.0
872544,4.0
873072,4.0
873248,4.0
873440,4.0
873632,4.0
873984,4.0
874048,4.0
874240,4.0
874368,4.0
874976,4.0
875008,4.0
875792,4.0
875856,4.0
875968,4.0
876032,4.0
876112,4.0
876544,4.0
876832,4.0
876992,4.0
877072,4.0
877120,4.0
877136,4.0
877344,4.0
877456,4.0
877968,4.0
878080,4.0
878224,4.0
878544,4.0
878832,4.0
878880,4.0
879136,4.0
879488,4.0
879696,4.0
879920,4.0
879968,4.0
880000,4.0
880240,4.0
880304,4.0
880432,4.0
880592,4.0
880768,4.0
881376,4.0
881408,4.0
881600,4.0
881872,4.0
882032,4.0
882064,4.0
882272,4.0
882352,4.0
882544,4.0
882704,4.0
883328,4.0
883488,4.0
883520,4.0
883792,4.0
883936,4.0
884352,4.0
884368,4.0
884400,4.0
884480,4.0
884784,4.0
884944,4.0
885216,4.0
885520,4.0
886080,4.0
886480,4.0
886512,4.0
886832,4.0
887200,4.0
887248,4.0
887264,4.0
887632,4.0
887760,4.0
887824,4.0
887856,4.0
888256,4.0
888336,4.0
888368,4.0
888832,4.0
888912,4.0
889440,4.0
889504,4.0
890032,4.0
890320,4.0
890608,4.0
890816,4.0
891472,4.0
891664,4.0
891840,4.0
891968,4.0
892176,4.0
892496,4.0
892528,4.0
892992,4.0
893056,4.0
893232,4.0
894112,4.0
894208,4.0
894224,4.0
894432,4.0
894544,4.0
894608,4.0
894752,4.0
894784,4.0
894960,4.0
895088,4.0
895216,4.0
895280,4.0
895360,4.0
895472,4.0
895536,4.0
895792,4.0
895920,4.0
896032,4.0
896224,4.0
896304,4.0
896448,4.0
897040,4.0
897120,4.0
897168,4.0
897248,4.0
897296,4.0
897312,4.0
897360,4.0
897408,4.0
897776,4.0
898256,4.0
898496,4.0
898608,4.0
898656,4.0
898832,4.0
899040,4.0
899056,4.0
899088,4.0
899152,4.0
899232,4.0
899296,4.0
899648,4.0
899824,4.0
900000,4.0
900080,4.0
900112,4.0
900752,4.0
901184,4.0
901376,4.0
901456,4.0
901632,4.0
901792,4.0
901936,4.0
901952,4.0
902400,4.0
902432,4.0
902544,4.0
902592,4.0
902720,4.0
902832,4.0
903040,4.0
903056,4.0
903152,4.0
903168,4.0
903520,4.0
903536,4.0
903632,4.0
903648,4.0
903840,4.0
904016,4.0
904064,4.0
904096,4.0
904208,4.0
904352,4.0
904752,4.0
904912,4.0
905824,4.0
905920,4.0
906000,4.0
906496,4.0
906576,4.0
906960,4.0
907232,4.0
907744,4.0
907776,4.0
908112,4.0
908272,4.0
908400,4.0
908560,4.0
908624,4.0
908816,4.0
908976,4.0
908992,4.0
909024,4.0
909056,4.0
909152,4.0
909520,4.0
909552,4.0
909616,4.0
909824,4.0
910512,4.0
910528,4.0
910672,4.0
910736,4.0
911136,4.0
911216,4.0
911536,4.0
911600,4.0
912016,4.0
912272,4.0
912560,4.0
913024,4.0
913104,4.0
913120,4.0
913168,4.0
913616,4.0
913696,4.0
913712,4.0
913808,4.0
914496,4.0
914560,4.0
914608,4.0
914992,4.0
915200,4.0
915424,4.0
915664,4.0
915824,4.0
916096,4.0
916176,4.0
916256,4.0
916480,4.0
916496,4.0
916624,4.0
916704,4.0
916768,4.0
916848,4.0
916992,4.0
917008,4.0
917152,4.0
917264,4.0
917360,4.0
917648,4.0
917824,4.0
917952,4.0
918128,4.0
918176,4.0
918352,4.0
918416,4.0
918448,4.0
918736,4.0
918864,4.0
918928,4.0
919008,4.0
919264,4.0
919760,4.0
920128,4.0
920144,4.0
920208,4.0
920416,4.0
920784,4.0
920848,4.0
921008,4.0
921328,4.0
921424,4.0
921584,4.0
921696,4.0
921824,4.0
921856,4.0
922016,4.0
922032,4.0
922064,4.0
922096,4.0
922304,4.0
922336,4.0
922384,4.0
922656,4.0
922912,4.0
922960,4.0
923248,4.0
923424,4.0
923584,4.0
923648,4.0
923792,4.0
924272,4.0
924384,4.0
924976,4.0
925056,4.0
925072,4.0
925120,4.0
925152,4.0
925328,4.0
925664,4.0
925808,4.0
926224,4.0
926240,4.0
926304,4.0
926352,4.0
926368,4.0
926416,4.0
926464,4.0
927184,4.0
927216,4.0
927264,4.0
927696,4.0
927776,4.0
927856,4.0
927872,4.0
927936,4.0
928032,4.0
928288,4.0
928496,4.0
928624,4.0
928768,4.0
928816,4.0
928944,4.0
929104,4.0
929136,4.0
929232,4.0
929248,4.0
929392,4.0
929712,4.0
929792,4.0
929904,4.0
930352,4.0
930432,4.0
930640,4.0
930944,4.0
931200,4.0
931344,4.0
931472,4.0
931504,4.0
932016,4.0
932080,4.0
932320,4.0
932544,4.0
932560,4.0
933232,4.0
933360,4.0
933424,4.0
933808,4.0
934176,4.0
934240,4.0
934384,4.0
934688,4.0
934736,4.0
934832,4.0
935104,4.0
935184,4.0
935264,4.0
935392,4.0
935600,4.0
935808,4.0
936064,4.0
936272,4.0
936416,4.0
936752,4.0
937040,4.0
937216,4.0
937488,4.0
937712,4.0
937792,4.0
937920,4.0
937968,4.0
938048,4.0
938160,4.0
938224,4.0
938368,4.0
938384,4.0
938784,4.0
938864,4.0
938912,4.0
939248,4.0
939600,4.0
940208,4.0
940336,4.0
940496,4.0
940512,4.0
940864,4.0
940880,4.0
941024,4.0
941216,4.0
941520,4.0
941552,4.0
941584,4.0
941664,4.0
941712,4.0
941840,4.0
941904,4.0
942064,4.0
942176,4.0
942704,4.0
942832,4.0
943024,4.0
943072,4.0
943280,4.0
943328,4.0
943776,4.0
944112,4.0
944208,4.0
944288,4.0
944448,4.0
944672,4.0
944736,4.0
944944,4.0
945040,4.0
945056,4.0
945104,4.0
945264,4.0
945520,4.0
945584,4.0
945840,4.0
946240,4.0
947024,4.0
947184,4.0
947264,4.0
947616,4.0
947760,4.0
947856,4.0
948064,4.0
948080,4.0
948768,4.0
948960,4.0
949360,4.0
949424,4.0
949712,4.0
949872,4.0
949952,4.0
950288,4.0
950432,4.0
950544,4.0
950592,4.0
950656,4.0
950704,4.0
951040,4.0
951152,4.0
951520,4.0
951568,4.0
951728,4.0
952400,4.0
952640,4.0
952736,4.0
952896,4.0
953792,4.0
954080,4.0
954128,4.0
954448,4.0
954464,4.0
954496,4.0
954576,4.0
954624,4.0
954672,4.0
954960,4.0
955648,4.0
956576,4.0
956688,4.0
956768,4.0
956912,4.0
956928,4.0
957072,4.0
957632,4.0
957664,4.0
957840,4.0
957888,4.0
957952,4.0
957984,4.0
958016,4.0
958224,4.0
958304,4.0
959408,4.0
959920,4.0
960192,4.0
960464,4.0
960656,4.0
960688,4.0
960752,4.0
960800,4.0
961056,4.0
961200,4.0
961216,4.0
961376,4.0
961648,4.0
961664,4.0
961872,4.0
961952,4.0
962240,4.0
962432,4.0
962656,4.0
962720,4.0
963248,4.0
963264,4.0
963344,4.0
963760,4.0
963888,4.0
964064,4.0
964448,4.0
964480,4.0
964560,4.0
964688,4.0
964720,4.0
965088,4.0
965568,4.0
965984,4.0
966016,4.0
966064,4.0
966112,4.0
966496,4.0
966704,4.0
966720,4.0
966832,4.0
967216,4.0
967280,4.0
967328,4.0
967440,4.0
967632,4.0
967760,4.0
967856,4.0
967872,4.0
967888,4.0
967904,4.0
968240,4.0
968512,4.0
968544,4.0
968560,4.0
968752,4.0
968960,4.0
968976,4.0
969808,4.0
969824,4.0
970672,4.0
970720,4.0
970784,4.0
971072,4.0
971536,4.0
971552,4.0
971568,4.0
971824,4.0
971984,4.0
972144,4.0
972176,4.0
973248,4.0
973264,4.0
973360,4.0
973392,4.0
973696,4.0
974048,4.0
974064,4.0
974112,4.0
974272,4.0
974320,4.0
974400,4.0
974416,4.0
974480,4.0
974592,4.0
974912,4.0
975296,4.0
975328,4.0
975456,4.0
975536,4.0
975792,4.0
976192,4.0
976304,4.0
976512,4.0
976608,4.0
976768,4.0
976864,4.0
976992,4.0
977248,4.0
977408,4.0
977616,4.0
977680,4.0
978080,4.0
978288,4.0
978368,4.0
978480,4.0
978592,4.0
978896,4.0
979728,4.0
980048,4.0
980080,4.0
980208,4.0
980240,4.0
980512,4.0
980592,4.0
980768,4.0
980816,4.0
980832,4.0
981024,4.0
981664,4.0
981696,4.0
981744,4.0
981904,4.0
982192,4.0
982256,4.0
982320,4.0
982496,4.0
982512,4.0
982624,4.0
982848,4.0
982896,4.0
982960,4.0
983584,4.0
983712,4.0
984352,4.0
984480,4.0
984512,4.0
984656,4.0
984720,4.0
985136,4.0
985200,4.0
985216,4.0
985248,4.0
985440,4.0
985696,4.0
985840,4.0
985888,4.0
986080,4.0
986192,4.0
986208,4.0
986224,4.0
986544,4.0
986608,4.0
987056,4.0
987152,4.0
987216,4.0
987968,4.0
988432,4.0
988560,4.0
988784,4.0
988800,4.0
989104,4.0
989600,4.0
989648,4.0
989776,4.0
989792,4.0
990112,4.0
990144,4.0
990208,4.0
990272,4.0
990288,4.0
990512,4.0
990656,4.0
991120,4.0
991152,4.0
991232,4.0
991440,4.0
991600,4.0
991632,4.0
991760,4.0
991904,4.0
991952,4.0
992096,4.0
992224,4.0
992416,4.0
992640,4.0
992816,4.0
993296,4.0
993648,4.0
994112,4.0
994144,4.0
994528,4.0
994688,4.0
994944,4.0
995072,4.0
995152,4.0
995216,4.0
995264,4.0
995472,4.0
995536,4.0
995568,4.0
995600,4.0
995648,4.0
995744,4.0
995904,4.0
995920,4.0
996176,4.0
996352,4.0
996400,4.0
997024,4.0
997376,4.0
997616,4.0
997984,4.0
998208,4.0
998304,4.0
998416,4.0
998448,4.0
998576,4.0
998800,4.0
998816,4.0
998912,4.0
999008,4.0
999088,4.0
999136,4.0
999328,4.0
999376,4.0
999536,4.0
999568,4.0
999584,4.0
999632,4.0
999664,4.0
999792,4.0
999808,4.0
999840,4.0
1000080,4.0
1000096,4.0
1000224,4.0
1000512,4.0
1000544,4.0
1000560,4.0
1000640,4.0
1000736,4.0
1000896,4.0
1000992,4.0
1001312,4.0
1001408,4.0
1001472,4.0
1002064,4.0
1002096,4.0
1002176,4.0
1002192,4.0
1002448,4.0
1002944,4.0
1002992,4.0
1003120,4.0
1003280,4.0
1003472,4.0
1003712,4.0
1003824,4.0
1003856,4.0
1003952,4.0
1004048,4.0
1004288,4.0
1004352,4.0
1004384,4.0
1004528,4.0
1004560,4.0
1004736,4.0
1004816,4.0
1004832,4.0
1005136,4.0
1005968,4.0
1006144,4.0
1006256,4.0
1006288,4.0
1006304,4.0
1006352,4.0
1006496,4.0
1007104,4.0
1007264,4.0
1007392,4.0
1008000,4.0
1008032,4.0
1008080,4.0
1008368,4.0
1008544,4.0
1008736,4.0
1008960,4.0
1009184,4.0
1009280,4.0
1009536,4.0
1009744,4.0
1010064,4.0
1010208,4.0
1010512,4.0
1010608,4.0
1010688,4.0
1010864,4.0
1010928,4.0
1011328,4.0
1011376,4.0
1011488,4.0
1011664,4.0
1012128,4.0
1012144,4.0
1012320,4.0
1012608,4.0
1012768,4.0
1012832,4.0
1012960,4.0
1013312,4.0
1013472,4.0
1013520,4.0
1013616,4.0
1013808,4.0
1014112,4.0
1014496,4.0
1014560,4.0
1014592,4.0
1014896,4.0
1014912,4.0
1015024,4.0
1015120,4.0
1015216,4.0
1015232,4.0
1015392,4.0
1015536,4.0
1015552,4.0
1015600,4.0
1015616,4.0
1015936,4.0
1016144,4.0
1016256,4.0
1016432,4.0
1016752,4.0
1017376,4.0
1017504,4.0
1017520,4.0
1017568,4.0
1017632,4.0
1017648,4.0
1017712,4.0
1017856,4.0
1017952,4.0
1017984,4.0
1018288,4.0
1018336,4.0
1018464,4.0
1018544,4.0
1018688,4.0
1018800,4.0
1018960,4.0
1019088,4.0
1019408,4.0
1019712,4.0
1019760,4.0
1020080,4.0
1020224,4.0
1020288,4.0
1020432,4.0
1020576,4.0
1020704,4.0
1020800,4.0
1020960,4.0
1021344,4.0
1021424,4.0
1021440,4.0
1021568,4.0
1021616,4.0
1021936,4.0
1022064,4.0
1022416,4.0
1022928,4.0
1023328,4.0
1023728,4.0
1023776,4.0
1023808,4.0
1024048,4.0
1024320,4.0
1024352,4.0
1024512,4.0
1024592,4.0
1024816,4.0
1024912,4.0
1025088,4.0
1025248,4.0
1025312,4.0
1025744,4.0
1025904,4.0
1026128,4.0
1026144,4.0
1026208,4.0
1026224,4.0
1026240,4.0
1026288,4.0
1026416,4.0
1026656,4.0
1027216,4.0
1027232,4.0
1027376,4.0
1027520,4.0
1027728,4.0
1027840,4.0
1028064,4.0
1028272,4.0
1028288,4.0
1028544,4.0
1028704,4.0
1028752,4.0
1028944,4.0
1029376,4.0
1029504,4.0
1029776,4.0
1029824,4.0
1029856,4.0
1029904,4.0
1029936,4.0
1030432,4.0
1030672,4.0
1030752,4.0
1030864,4.0
1031152,4.0
1031408,4.0
1031472,4.0
1031760,4.0
1031808,4.0
1032064,4.0
1032352,4.0
1032368,4.0
1032384,4.0
1032448,4.0
1032608,4.0
1032624,4.0
1032672,4.0
1032688,4.0
1032784,4.0
1033008,4.0
1033344,4.0
1033360,4.0
1033392,4.0
1033472,4.0
1033536,4.0
1033872,4.0
1033952,4.0
1034032,4.0
1034048,4.0
1034224,4.0
1034560,4.0
1034800,4.0
1034848,4.0
1035040,4.0
1035568,4.0
1035696,4.0
1035904,4.0
1036336,4.0
1036352,4.0
1036560,4.0
1036592,4.0
1036992,4.0
1037008,4.0
1037072,4.0
1037120,4.0
1037408,4.0
1037776,4.0
1038032,4.0
1038160,4.0
1038240,4.0
1038272,4.0
1038496,4.0
1038544,4.0
1038608,4.0
1038640,4.0
1038880,4.0
1038912,4.0
1039168,4.0
1039200,4.0
1039216,4.0
1039248,4.0
1039456,4.0
1039568,4.0
1039648,4.0
1039696,4.0
1040048,4.0
1040240,4.0
1040304,4.0
1040336,4.0
1040384,4.0
1040512,4.0
1040832,4.0
1040944,4.0
1041024,4.0
1041408,4.0
1041744,4.0
1042304,4.0
1042400,4.0
1042480,4.0
1042816,4.0
1042896,4.0
1043424,4.0
1043552,4.0
1044144,4.0
1044176,4.0
1044336,4.0
1044784,4.0
1045200,4.0
1045216,4.0
1045296,4.0
1045424,4.0
1045824,4.0
1046480,4.0
1046736,4.0
1047136,4.0
1047760,4.0
1047808,4.0
1048192,4.0
1048384,4.0
1048544,4.0
1048576,4.0
1048688,4.0
1049312,4.0
1049728,4.0
1050240,4.0
1050608,4.0
1051136,4.0
1051328,4.0
1051360,4.0
1051408,4.0
1051488,4.0
1051520,4.0
1052048,4.0
1052496,4.0
1052672,4.0
1052720,4.0
1052736,4.0
1053008,4.0
1053120,4.0
1053136,4.0
1053264,4.0
1053296,4.0
1053488,4.0
1053504,4.0
1053568,4.0
1054192,4.0
1054208,4.0
1054496,4.0
1054592,4.0
1054624,4.0
1054672,4.0
1054800,4.0
1054896,4.0
1055040,4.0
1055136,4.0
1055168,4.0
1055248,4.0
1055344,4.0
1055680,4.0
1055744,4.0
1056112,4.0
1056384,4.0
1056688,4.0
1056976,4.0
1057040,4.0
1057392,4.0
1057408,4.0
1057632,4.0
1058144,4.0
1058624,4.0
1058816,4.0
1058848,4.0
1058896,4.0
1059456,4.0
1059568,4.0
1059648,4.0
1059888,4.0
1059920,4.0
1060048,4.0
1060352,4.0
1060592,4.0
1060608,4.0
1060624,4.0
1060688,4.0
1060704,4.0
1060928,4.0
1061232,4.0
1061616,4.0
1061888,4.0
1061920,4.0
1061968,4.0
1062144,4.0
1062352,4.0
1062416,4.0
1062480,4.0
1062896,4.0
1063024,4.0
1063232,4.0
1063616,4.0
1064080,4.0
1064352,4.0
1064416,4.0
1064464,4.0
1064672,4.0
1064832,4.0
1064896,4.0
1064912,4.0
1065232,4.0
1065520,4.0
1065760,4.0
1066256,4.0
1066416,4.0
1066496,4.0
1066736,4.0
1066784,4.0
1066848,4.0
1066992,4.0
1067408,4.0
1067424,4.0
1067520,4.0
1067632,4.0
1067680,4.0
1067696,4.0
1067744,4.0
1067760,4.0
1067824,4.0
1067968,4.0
1068640,4.0
1068816,4.0
1069040,4.0
1069056,4.0
1069120,4.0
1069200,4.0
1069312,4.0
1069360,4.0
1069376,4.0
1069792,4.0
1070000,4.0
1070096,4.0
1070352,4.0
1070640,4.0
1070816,4.0
1071264,4.0
1071328,4.0
1071376,4.0
1071520,4.0
1071696,4.0
1071776,4.0
1071808,4.0
1071824,4.0
1071952,4.0
1072464,4.0
1072736,4.0
1072912,4.0
1073184,4.0
1073648,4.0
1073760,4.0
1073776,4.0
1073824,4.0
1074320,4.0
1074528,4.0
1074688,4.0
1074848,4.0
1074864,4.0
1074976,4.0
1075360,4.0
1075696,4.0
1076032,4.0
1076112,4.0
1076192,4.0
1076352,4.0
1076416,4.0
1076656,4.0
1076736,4.0
1076880,4.0
1077200,4.0
1077424,4.0
1077968,4.0
1078384,4.0
1078416,4.0
1078432,4.0
1078512,4.0
1078544,4.0
1078576,4.0
1078720,4.0
1079024,4.0
1079168,4.0
1079264,4.0
1079360,4.0
1079376,4.0
1079600,4.0
1079808,4.0
1079936,4.0
1080048,4.0
1080064,4.0
1080464,4.0
1080736,4.0
1081040,4.0
1081248,4.0
1081296,4.0
1081312,4.0
1081616,4.0
1081648,4.0
1081680,4.0
1081712,4.0
1081856,4.0
1082960,4.0
1083120,4.0
1083552,4.0
1084096,4.0
1084416,4.0
1084480,4.0
1084704,4.0
1085104,4.0
1085200,4.0
1085344,4.0
1085664,4.0
1085712,4.0
1085728,4.0
1086048,4.0
1086144,4.0
1086176,4.0
1086512,4.0
1086832,4.0
1087168,4.0
1087424,4.0
1087568,4.0
1087712,4.0
1088032,4.0
1088208,4.0
1088608,4.0
1088768,4.0
1088832,4.0
1088912,4.0
1089344,4.0
1089888,4.0
1090016,4.0
1090224,4.0
1090400,4.0
1090416,4.0
1090512,4.0
1090736,4.0
1090752,4.0
1090768,4.0
1090816,4.0
1091184,4.0
1091792,4.0
1092096,4.0
1092544,4.0
1092560,4.0
1093136,4.0
1093152,4.0
1094080,4.0
1094304,4.0
1094528,4.0
1095040,4.0
1095808,4.0
1095968,4.0
1096368,4.0
1096880,4.0
1096976,4.0
1097008,4.0
1097056,4.0
1097088,4.0
1097472,4.0
1097520,4.0
1097616,4.0
1097792,4.0
1097856,4.0
1098432,4.0
1098512,4.0
1098608,4.0
1099232,4.0
1099600,4.0
1099664,4.0
1099824,4.0
1099888,4.0
1099936,4.0
1100048,4.0
1100608,4.0
1100800,4.0
1100848,4.0
1100928,4.0
1101280,4.0
1101472,4.0
1101792,4.0
1101840,4.0
1101968,4.0
1102016,4.0
1102240,4.0
1102352,4.0
1102480,4.0
1102496,4.0
1102560,4.0
1102688,4.0
1102768,4.0
1103232,4.0
1103376,4.0
1103696,4.0
1104272,4.0
1104400,4.0
1104848,4.0
1104880,4.0
1105120,4.0
1106016,4.0
1106368,4.0
1106528,4.0
1106608,4.0
1106656,4.0
1106752,4.0
1106912,4.0
1107168,4.0
1107200,4.0
1107376,4.0
1107456,4.0
1107904,4.0
1108336,4.0
1108864,4.0
1108896,4.0
1109024,4.0
1109200,4.0
1109520,4.0
1109552,4.0
1109792,4.0
1109824,4.0
1110256,4.0
1110384,4.0
1110416,4.0
1110560,4.0
1110688,4.0
1111280,4.0
1111376,4.0
1111456,4.0
1111504,4.0
1111536,4.0
1111824,4.0
1111936,4.0
1112000,4.0
1112592,4.0
1112752,4.0
1112896,4.0
1113088,4.0
1113200,4.0
1113488,4.0
1113584,4.0
1113616,4.0
1113712,4.0
1113856,4.0
1113872,4.0
1113888,4.0
1114064,4.0
1114432,4.0
1114544,4.0
1114960,4.0
1115024,4.0
1115280,4.0
1115408,4.0
1115584,4.0
1115632,4.0
1115840,4.0
1115888,4.0
1116144,4.0
1116192,4.0
1116288,4.0
1117216,4.0
1117600,4.0
1117648,4.0
1117872,4.0
1117888,4.0
1118208,4.0
1118336,4.0
1118368,4.0
1118400,4.0
1118512,4.0
1118592,4.0
1118688,4.0
1118752,4.0
1118864,4.0
1118928,4.0
1118992,4.0
1119088,4.0
1119440,4.0
1119456,4.0
1119920,4.0
1120032,4.0
1120144,4.0
1120176,4.0
1120368,4.0
1120400,4.0
1120512,4.0
1120640,4.0
1120800,4.0
1121024,4.0
1121088,4.0
1121152,4.0
1121168,4.0
1121216,4.0
1121248,4.0
1121424,4.0
1121568,4.0
1121728,4.0
1121920,4.0
1121968,4.0
1122176,4.0
1122480,4.0
1122512,4.0
1122640,4.0
1122944,4.0
1123120,4.0
1123184,4.0
1123200,4.0
1123680,4.0
1124608,4.0
1125088,4.0
1125616,4.0
1125728,4.0
1125856,4.0
1125936,4.0
1126192,4.0
1126224,4.0
1126640,4.0
1126704,4.0
1126784,4.0
1126928,4.0
1127344,4.0
1127376,4.0
1127696,4.0
1128000,4.0
1128064,4.0
1128112,4.0
1129232,4.0
1129456,4.0
1129536,4.0
1129760,4.0
1129904,4.0
1130128,4.0
1130256,4.0
1130672,4.0
1130784,4.0
1131104,4.0
1131152,4.0
1131424,4.0
1131440,4.0
1131536,4.0
1131712,4.0
1131744,4.0
1132000,4.0
1132048,4.0
1132304,4.0
1132384,4.0
1132400,4.0
1132480,4.0
1132848,4.0
1132976,4.0
1133008,4.0
1133152,4.0
1133632,4.0
1134416,4.0
1135248,4.0
1135392,4.0
1135760,4.0
1136032,4.0
1136160,4.0
1136192,4.0
1136288,4.0
1136400,4.0
1136464,4.0
1136544,4.0
1136560,4.0
1136592,4.0
1136784,4.0
1136848,4.0
1136864,4.0
1137104,4.0
1137120,4.0
1137136,4.0
1137184,4.0
1137200,4.0
1137488,4.0
1137568,4.0
1137776,4.0
1137984,4.0
1138272,4.0
1138528,4.0
1138592,4.0
1138608,4.0
1138672,4.0
1138688,4.0
1138720,4.0
1138864,4.0
1138928,4.0
1138960,4.0
1139184,4.0
1139216,4.0
1139408,4.0
1139424,4.0
1139472,4.0
1139488,4.0
1139520,4.0
1139648,4.0
1139824,4.0
1140000,4.0
1140448,4.0
1140624,4.0
1141200,4.0
1141328,4.0
1141344,4.0
1141360,4.0
1141888,4.0
1142032,4.0
1142128,4.0
1142336,4.0
1142384,4.0
1142512,4.0
1142656,4.0
1142688,4.0
1142880,4.0
1142896,4.0
1142912,4.0
1143344,4.0
1143392,4.0
1143792,4.0
1143856,4.0
1144704,4.0
1144896,4.0
1144912,4.0
1145008,4.0
1145024,4.0
1145040,4.0
1145552,4.0
1145600,4.0
1145808,4.0
1145920,4.0
1146176,4.0
1146224,4.0
1146304,4.0
1146352,4.0
1146816,4.0
1147040,4.0
1147744,4.0
1147984,4.0
1148080,4.0
1148144,4.0
1148192,4.0
1148432,4.0
1149088,4.0
1149584,4.0
1150448,4.0
1150672,4.0
1150912,4.0
1151264,4.0
1151392,4.0
1151968,4.0
1152144,4.0
1152256,4.0
1152576,4.0
1152720,4.0
1153104,4.0
1153168,4.0
1153264,4.0
1153376,4.0
1153392,4.0
1153424,4.0
1153488,4.0
1153792,4.0
1154032,4.0
1154224,4.0
1154432,4.0
1154720,4.0
1154912,4.0
1155120,4.0
1155856,4.0
1156128,4.0
1156768,4.0
1156944,4.0
1157040,4.0
1157152,4.0
1157216,4.0
1157408,4.0
1157472,4.0
1157520,4.0
1157536,4.0
1158016,4.0
1158144,4.0
1158176,4.0
1158272,4.0
1158400,4.0
1158416,4.0
1158896,4.0
1158992,4.0
1159056,4.0
1159328,4.0
1159424,4.0
1159520,4.0
1159536,4.0
1159712,4.0
1159856,4.0
1159872,4.0
1160048,4.0
1160112,4.0
1160224,4.0
1160480,4.0
1160592,4.0
1160784,4.0
1160816,4.0
1160880,4.0
1161136,4.0
1161712,4.0
1161824,4.0
1161984,4.0
1162544,4.0
1162640,4.0
1162672,4.0
1162720,4.0
1162752,4.0
1162848,4.0
1162976,4.0
1163440,4.0
1163648,4.0
1163744,4.0
1164112,4.0
1164176,4.0
1164224,4.0
1164384,4.0
1164416,4.0
1164464,4.0
1164592,4.0
1165536,4.0
1165552,4.0
1165856,4.0
1166224,4.0
1166592,4.0
1166976,4.0
1167072,4.0
1167088,4.0
1167312,4.0
1167360,4.0
1167472,4.0
1167696,4.0
1167776,4.0
1168128,4.0
1168512,4.0
1168736,4.0
1168768,4.0
1168800,4.0
1168832,4.0
1168896,4.0
1168976,4.0
1169056,4.0
1169296,4.0
1169600,4.0
1169760,4.0
1169792,4.0
1169840,4.0
1170400,4.0
1170544,4.0
1170624,4.0
1170640,4.0
1170816,4.0
1171248,4.0
1171696,4.0
1172032,4.0
1172064,4.0
1172112,4.0
1172288,4.0
1172336,4.0
1172736,4.0
1173104,4.0
1173152,4.0
1173344,4.0
1173424,4.0
1173680,4.0
1173952,4.0
1174176,4.0
1174304,4.0
1174912,4.0
1175152,4.0
1175600,4.0
1175616,4.0
1175728,4.0
1175744,4.0
1175856,4.0
1176176,4.0
1176656,4.0
1176848,4.0
1176864,4.0
1176976,4.0
1177168,4.0
1177312,4.0
1177424,4.0
1177456,4.0
1177856,4.0
1177888,4.0
1178720,4.0
1178752,4.0
1178880,4.0
1179168,4.0
1179184,4.0
1179280,4.0
1179584,4.0
1179696,4.0
1179808,4.0
1179952,4.0
1180144,4.0
1180160,4.0
1180224,4.0
1180592,4.0
1180640,4.0
1180768,4.0
1180992,4.0
1181056,4.0
1181264,4.0
1182032,4.0
1182048,4.0
1182080,4.0
1182512,4.0
1182544,4.0
1182576,4.0
1182656,4.0
1182704,4.0
1182864,4.0
1183168,4.0
1183200,4.0
1183376,4.0
1183520,4.0
1183584,4.0
1183632,4.0
1183888,4.0
1184192,4.0
1184240,4.0
1184304,4.0
1184448,4.0
1184480,4.0
1184592,4.0
1184640,4.0
1184944,4.0
1184960,4.0
1185024,4.0
1185056,4.0
1185072,4.0
1185152,4.0
1185392,4.0
1185616,4.0
1185664,4.0
1185856,4.0
1185952,4.0
1186352,4.0
1186432,4.0
1186688,4.0
1186896,4.0
1187152,4.0
1187376,4.0
1187408,4.0
1187904,4.0
1188064,4.0
1188272,4.0
1188288,4.0
1188496,4.0
1188544,4.0
1188576,4.0
1188656,4.0
1188800,4.0
1188944,4.0
1189120,4.0
1189216,4.0
1189264,4.0
1189424,4.0
1189536,4.0
1189920,4.0
1189936,4.0
1190192,4.0
1190512,4.0
1190768,4.0
1190832,4.0
1190880,4.0
1191024,4.0
1191552,4.0
1191712,4.0
1191872,4.0
1191920,4.0
1192224,4.0
1192544,4.0
1193056,4.0
1193136,4.0
1193312,4.0
1193584,4.0
1193680,4.0
1193712,4.0
1193760,4.0
1193888,4.0
1194096,4.0
1194528,4.0
1194560,4.0
1194880,4.0
1194896,4.0
1194944,4.0
1195040,4.0
1195072,4.0
1195200,4.0
1195296,4.0
1195504,4.0
1195696,4.0
1196000,4.0
1196048,4.0
1196224,4.0
1196272,4.0
1196336,4.0
1196400,4.0
1196624,4.0
1196672,4.0
1196896,4.0
1197040,4.0
1197104,4.0
1197184,4.0
1197536,4.0
1197712,4.0
1198096,4.0
1198176,4.0
1198336,4.0
1198368,4.0
1198832,4.0
1198864,4.0
1198960,4.0
1199216,4.0
1199248,4.0
1199712,4.0
1199728,4.0
1200048,4.0
1200064,4.0
1200368,4.0
1200400,4.0
1200528,4.0
1200560,4.0
1200752,4.0
1200896,4.0
1201856,4.0
1201904,4.0
1201968,4.0
1202384,4.0
1202496,4.0
1202624,4.0
1202720,4.0
1202816,4.0
1202832,4.0
1203008,4.0
1203072,4.0
1203088,4.0
1203232,4.0
1203504,4.0
1203616,4.0
1203696,4.0
1203760,4.0
1203776,4.0
1204064,4.0
1204176,4.0
1204896,4.0
1205184,4.0
1205312,4.0
1205760,4.0
1205920,4.0
1205952,4.0
1206000,4.0
1206016,4.0
1206560,4.0
1206768,4.0
1207088,4.0
1207200,4.0
1207248,4.0
1207280,4.0
1207344,4.0
1207424,4.0
1207472,4.0
1207728,4.0
1207744,4.0
1207760,4.0
1207888,4.0
1208112,4.0
1208384,4.0
1208448,4.0
1208512,4.0
1208544,4.0
1208704,4.0
1208720,4.0
1208768,4.0
1208816,4.0
1208880,4.0
1208992,4.0
1209088,4.0
1209632,4.0
1209760,4.0
1209920,4.0
1209936,4.0
1210000,4.0
1210208,4.0
1210560,4.0
1210800,4.0
1211072,4.0
1211248,4.0
1211520,4.0
1211552,4.0
1211888,4.0
1212016,4.0
1212432,4.0
1212528,4.0
1212880,4.0
1213232,4.0
1213360,4.0
1213456,4.0
1213600,4.0
1213632,4.0
1214048,4.0
1215232,4.0
1215312,4.0
1215344,4.0
1215488,4.0
1215696,4.0
1215712,4.0
1215984,4.0
1216032,4.0
1216384,4.0
1216656,4.0
1217392,4.0
1217568,4.0
1217680,4.0
1217936,4.0
1217952,4.0
1218144,4.0
1218192,4.0
1218480,4.0
1219232,4.0
1219328,4.0
1219440,4.0
1219632,4.0
1219696,4.0
1220160,4.0
1220448,4.0
1220736,4.0
1220848,4.0
1220976,4.0
1221216,4.0
1221392,4.0
1221808,4.0
1222336,4.0
1222624,4.0
1222672,4.0
1223104,4.0
1223136,4.0
1223168,4.0
1223296,4.0
1223424,4.0
1223568,4.0
1223936,4.0
1224144,4.0
1224384,4.0
1224656,4.0
1224960,4.0
1225280,4.0
1225680,4.0
1225696,4.0
1225712,4.0
1225744,4.0
1225776,4.0
1225792,4.0
1225840,4.0
1226224,4.0
1226304,4.0
1226496,4.0
1226528,4.0
1226672,4.0
1226816,4.0
1227616,4.0
1227648,4.0
1227664,4.0
1227760,4.0
1227808,4.0
1228080,4.0
1228208,4.0
1228512,4.0
1228784,4.0
1228944,4.0
1228992,4.0
1229120,4.0
1229344,4.0
1229376,4.0
1229632,4.0
1229648,4.0
1229728,4.0
1229936,4.0
1230048,4.0
1230160,4.0
1230272,4.0
1230704,4.0
1231088,4.0
1231808,4.0
1231984,4.0
1232240,4.0
1232288,4.0
1232304,4.0
1232528,4.0
1232544,4.0
1232640,4.0
1232896,4.0
1233136,4.0
1233168,4.0
1233344,4.0
1233392,4.0
1233728,4.0
1233776,4.0
1233968,4.0
1234384,4.0
1234560,4.0
1234672,4.0
1234736,4.0
1234768,4.0
1234848,4.0
1234880,4.0
1235040,4.0
1235504,4.0
1235520,4.0
1235904,4.0
1236096,4.0
1236176,4.0
1236256,4.0
1236432,4.0
1236464,4.0
1236560,4.0
1236704,4.0
1236880,4.0
1237328,4.0
1237424,4.0
1237488,4.0
1237776,4.0
1238032,4.0
1238320,4.0
1238384,4.0
1238480,4.0
1238544,4.0
1238816,4.0
1238912,4.0
1238960,4.0
1239120,4.0
1239184,4.0
1239200,4.0
1239856,4.0
1240080,4.0
1240128,4.0
1240480,4.0
1240720,4.0
1241184,4.0
1241376,4.0
1241408,4.0
1241696,4.0
1241744,4.0
1241776,4.0
1241840,4.0
1242176,4.0
1242384,4.0
1243056,4.0
1243120,4.0
1243136,4.0
1243888,4.0
1243936,4.0
1243952,4.0
1244576,4.0
1244864,4.0
1245456,4.0
1245552,4.0
1245616,4.0
1245952,4.0
1246048,4.0
1246256,4.0
1246352,4.0
1246704,4.0
1246768,4.0
1247184,4.0
1247328,4.0
1247344,4.0
1247520,4.0
1247920,4.0
1247984,4.0
1248496,4.0
1249136,4.0
1249248,4.0
1249296,4.0
1249392,4.0
1249488,4.0
1249520,4.0
1249600,4.0
1249776,4.0
1249952,4.0
1250432,4.0
1250704,4.0
1251152,4.0
1251328,4.0
1251472,4.0
1251872,4.0
1252000,4.0
1252112,4.0
1252160,4.0
1252608,4.0
1252784,4.0
1253104,4.0
1253168,4.0
1253312,4.0
1253456,4.0
1253520,4.0
1253760,4.0
1253872,4.0
1253888,4.0
1254000,4.0
1254144,4.0
1254176,4.0
1254560,4.0
1254816,4.0
1255328,4.0
1255408,4.0
1255440,4.0
1255520,4.0
1255840,4.0
1256096,4.0
1256112,4.0
1256624,4.0
1256816,4.0
1257008,4.0
1257328,4.0
1257392,4.0
1258016,4.0
1258048,4.0
1258208,4.0
1258448,4.0
1258832,4.0
1258992,4.0
1259392,4.0
1259472,4.0
1259648,4.0
1259856,4.0
1259952,4.0
1260224,4.0
1260256,4.0
1260304,4.0
1260400,4.0
1260464,4.0
1260800,4.0
1260912,4.0
1261232,4.0
1261440,4.0
1261616,4.0
1261792,4.0
1261856,4.0
1262048,4.0
1262608,4.0
1262640,4.0
1262816,4.0
1262832,4.0
1262864,4.0
1262992,4.0
1263184,4.0
1263504,4.0
1263536,4.0
1263568,4.0
1263936,4.0
1264080,4.0
1264144,4.0
1264528,4.0
1264592,4.0
1264624,4.0
1264640,4.0
1264656,4.0
1264704,4.0
1264912,4.0
1265536,4.0
1265744,4.0
1265952,4.0
1266176,4.0
1266256,4.0
1266320,4.0
1266336,4.0
1266560,4.0
1266736,4.0
1266944,4.0
1267008,4.0
1267584,4.0
1267600,4.0
1267760,4.0
1267984,4.0
1268448,4.0
1269056,4.0
1269264,4.0
1269328,4.0
1269616,4.0
1269712,4.0
1269856,4.0
1269952,4.0
1270016,4.0
1270032,4.0
1270384,4.0
1270752,4.0
1270784,4.0
1270816,4.0
1270944,4.0
1271008,4.0
1271232,4.0
1271312,4.0
1271360,4.0
1271664,4.0
1271872,4.0
1272112,4.0
1272176,4.0
1272208,4.0
1272384,4.0
1272736,4.0
1272768,4.0
1272832,4.0
1272848,4.0
1273120,4.0
1273184,4.0
1273232,4.0
1273584,4.0
1273712,4.0
1273728,4.0
1273840,4.0
1274016,4.0
1274064,4.0
1274096,4.0
1274144,4.0
1274208,4.0
1274384,4.0
1274400,4.0
1274560,4.0
1274640,4.0
1275072,4.0
1275200,4.0
1275232,4.0
1275280,4.0
1275952,4.0
1276464,4.0
1276992,4.0
1277056,4.0
1277232,4.0
1277296,4.0
1277888,4.0
1277904,4.0
1277984,4.0
1278224,4.0
1278464,4.0
1278496,4.0
1278544,4.0
1278864,4.0
1279136,4.0
1279200,4.0
1279264,4.0
1279424,4.0
1279568,4.0
1279696,4.0
1279920,4.0
1279968,4.0
1280288,4.0
1280480,4.0
1280544,4.0
1280560,4.0
1280704,4.0
1280768,4.0
1281120,4.0
1281216,4.0
1281264,4.0
1281360,4.0
1281392,4.0
1281744,4.0
1282656,4.0
1282912,4.0
1283072,4.0
1283296,4.0
1283408,4.0
1283552,4.0
1283808,4.0
1283968,4.0
1284080,4.0
1284192,4.0
1284448,4.0
1284640,4.0
1284752,4.0
1284864,4.0
1285024,4.0
1285040,4.0
1285328,4.0
1285520,4.0
1285632,4.0
1285792,4.0
1285968,4.0
1286256,4.0
1286272,4.0
1286288,4.0
1287104,4.0
1287136,4.0
1287712,4.0
1287904,4.0
1288144,4.0
1288464,4.0
1288576,4.0
1288784,4.0
1288960,4.0
1288976,4.0
1289008,4.0
1289280,4.0
1289312,4.0
1289520,4.0
1290096,4.0
1290128,4.0
1290656,4.0
1291056,4.0
1291264,4.0
1291488,4.0
1291632,4.0
1291872,4.0
1291984,4.0
1292400,4.0
1292416,4.0
1292528,4.0
1292736,4.0
1292752,4.0
1293408,4.0
1293696,4.0
1293888,4.0
1293936,4.0
1294144,4.0
1294160,4.0
1294272,4.0
1294304,4.0
1294368,4.0
1294416,4.0
1294496,4.0
1294512,4.0
1294960,4.0
1295152,4.0
1295376,4.0
1295392,4.0
1295712,4.0
1295728,4.0
1295840,4.0
1295888,4.0
1295936,4.0
1295968,4.0
1296224,4.0
1296288,4.0
1296320,4.0
1296528,4.0
1296736,4.0
1296816,4.0
1296880,4.0
1296912,4.0
1297136,4.0
1297152,4.0
1297568,4.0
1297696,4.0
1297872,4.0
1297952,4.0
1298480,4.0
1298560,4.0
1298608,4.0
1298928,4.0
1298976,4.0
1299120,4.0
1299168,4.0
1299312,4.0
1299376,4.0
1299696,4.0
1299728,4.0
1299808,4.0
1300064,4.0
1300080,4.0
1300544,4.0
1300608,4.0
1301040,4.0
1301056,4.0
1301184,4.0
1301216,4.0
1301296,4.0
1301472,4.0
1301504,4.0
1301552,4.0
1301568,4.0
1301968,4.0
1302000,4.0
1302176,4.0
1303232,4.0
1303344,4.0
1303488,4.0
1303808,4.0
1303984,4.0
1304400,4.0
1304464,4.0
1304688,4.0
1304992,4.0
1305168,4.0
1305264,4.0
1305312,4.0
1305488,4.0
1305760,4.0
1305840,4.0
1306096,4.0
1306496,4.0
1306656,4.0
1306896,4.0
1306992,4.0
1307008,4.0
1307040,4.0
1307200,4.0
1307408,4.0
1307440,4.0
1307552,4.0
1307600,4.0
1307648,4.0
1307744,4.0
1307808,4.0
1308144,4.0
1308336,4.0
1308608,4.0
1308624,4.0
1309072,4.0
1309184,4.0
1309328,4.0
1309568,4.0
1309584,4.0
1309600,4.0
1309760,4.0
1310288,4.0
1310416,4.0
1310432,4.0
1310448,4.0
1310464,4.0
1310944,4.0
1311296,4.0
1311344,4.0
1311984,4.0
1312064,4.0
1312224,4.0
1312256,4.0
1312336,4.0
1312528,4.0
1312560,4.0
1313168,4.0
1313232,4.0
1313456,4.0
1313872,4.0
1314128,4.0
1314240,4.0
1314368,4.0
1314416,4.0
1314848,4.0
1314928,4.0
1315072,4.0
1315184,4.0
1315424,4.0
1315520,4.0
1315648,4.0
1315728,4.0
1315744,4.0
1316048,4.0
1316144,4.0
1316320,4.0
1316736,4.0
1317040,4.0
1317136,4.0
1317232,4.0
1317488,4.0
1317536,4.0
1317632,4.0
1317872,4.0
1317968,4.0
1318160,4.0
1318512,4.0
1318592,4.0
1318896,4.0
1319200,4.0
1319264,4.0
1319312,4.0
1319408,4.0
1319520,4.0
1319760,4.0
1319952,4.0
1319984,4.0
1320224,4.0
1320480,4.0
1320560,4.0
1320816,4.0
1321072,4.0
1321104,4.0
1321296,4.0
1321312,4.0
1321344,4.0
1321360,4.0
1321728,4.0
1322160,4.0
1322304,4.0
1322352,4.0
1322400,4.0
1322448,4.0
1322512,4.0
1322544,4.0
1322576,4.0
1322912,4.0
1323168,4.0
1323664,4.0
1324128,4.0
1324400,4.0
1324592,4.0
1324784,4.0
1324800,4.0
1324832,4.0
1324912,4.0
1324944,4.0
1325168,4.0
1325504,4.0
1325744,4.0
1326368,4.0
1326512,4.0
1326944,4.0
1326992,4.0
1327008,4.0
1327248,4.0
1327264,4.0
1327504,4.0
1327536,4.0
1327552,4.0
1327840,4.0
1328224,4.0
1328832,4.0
1328848,4.0
1328960,4.0
1328976,4.0
1328992,4.0
1329424,4.0
1329456,4.0
1329712,4.0
1329776,4.0
1329808,4.0
1329904,4.0
1330336,4.0
1330416,4.0
1330496,4.0
1330528,4.0
1330608,4.0
1330688,4.0
1330912,4.0
1331088,4.0
1331152,4.0
1331168,4.0
1331216,4.0
1331392,4.0
1331680,4.0
1332096,4.0
1332208,4.0
1332352,4.0
1332496,4.0
1332560,4.0
1332592,4.0
1332800,4.0
1332912,4.0
1333248,4.0
1333552,4.0
1333680,4.0
1333760,4.0
1333824,4.0
1333856,4.0
1333872,4.0
1334272,4.0
1334304,4.0
1334352,4.0
1334544,4.0
1334592,4.0
1334960,4.0
1335040,4.0
1335088,4.0
1335408,4.0
1335632,4.0
1335984,4.0
1336016,4.0
1336096,4.0
1336400,4.0
1336720,4.0
1336752,4.0
1336784,4.0
1336896,4.0
1337072,4.0
1337104,4.0
1337120,4.0
1337856,4.0
1338048,4.0
1338128,4.0
1338192,4.0
1338224,4.0
1338448,4.0
1338736,4.0
1339104,4.0
1339344,4.0
1339568,4.0
1339904,4.0
1340336,4.0
1340384,4.0
1340736,4.0
1340864,4.0
1340928,4.0
1341232,4.0
1341280,4.0
1341824,4.0
1342000,4.0
1342016,4.0
1342208,4.0
1342528,4.0
1342784,4.0
1343216,4.0
1343232,4.0
1343264,4.0
1343280,4.0
1343344,4.0
1343424,4.0
1343616,4.0
1343920,4.0
1343936,4.0
1344224,4.0
1344256,4.0
1344496,4.0
1344608,4.0
1344928,4.0
1344976,4.0
1345488,4.0
1345856,4.0
1346256,4.0
1346304,4.0
1346496,4.0
1346720,4.0
1346896,4.0
1346960,4.0
1347168,4.0
1347248,4.0
1347408,4.0
1347456,4.0
1347856,4.0
1347968,4.0
1348768,4.0
1349040,4.0
1349120,4.0
1349296,4.0
1349408,4.0
1349520,4.0
1349600,4.0
1349648,4.0
1349760,4.0
1349824,4.0
1349920,4.0
1350336,4.0
1350576,4.0
1350784,4.0
1351856,4.0
1352064,4.0
1352080,4.0
1352112,4.0
1352192,4.0
1352304,4.0
1352464,4.0
1352592,4.0
1352672,4.0
1352688,4.0
1352704,4.0
1353664,4.0
1353760,4.0
1353792,4.0
1353888,4.0
1353968,4.0
1354192,4.0
1354240,4.0
1354736,4.0
1354784,4.0
1355264,4.0
1355296,4.0
1355440,4.0
1355488,4.0
1355648,4.0
1355920,4.0
1356224,4.0
1356272,4.0
1356864,4.0
1356960,4.0
1357008,4.0
1357104,4.0
1357232,4.0
1357248,4.0
1357392,4.0
1357600,4.0
1357648,4.0
1357712,4.0
1357776,4.0
1357840,4.0
1357936,4.0
1358192,4.0
1358304,4.0
1358336,4.0
1358352,4.0
1358384,4.0
1358704,4.0
1358736,4.0
1359296,4.0
1359328,4.0
1359424,4.0
1359488,4.0
1359600,4.0
1359616,4.0
1359792,4.0
1359888,4.0
1360288,4.0
1360528,4.0
1360560,4.0
1360704,4.0
1360992,4.0
1361008,4.0
1361056,4.0
1361104,4.0
1361136,4.0
1361248,4.0
1361280,4.0
1361312,4.0
1361440,4.0
1361584,4.0
1361616,4.0
1361664,4.0
1361712,4.0
1361760,4.0
1362400,4.0
1362720,4.0
1362912,4.0
1363072,4.0
1363376,4.0
1363424,4.0
1363456,4.0
1363664,4.0
1363984,4.0
1364000,4.0
1364144,4.0
1364256,4.0
1364512,4.0
1364976,4.0
1365040,4.0
1365376,4.0
1365488,4.0
1365536,4.0
1366016,4.0
1366320,4.0
1366400,4.0
1366768,4.0
1366896,4.0
1366976,4.0
1367264,4.0
1367312,4.0
1367408,4.0
1367616,4.0
1367632,4.0
1367712,4.0
1367840,4.0
1367984,4.0
1368256,4.0
1368320,4.0
1369136,4.0
1369520,4.0
1370064,4.0
1370096,4.0
1370192,4.0
1370304,4.0
1370464,4.0
1370640,4.0
1370736,4.0
1370944,4.0
1371056,4.0
1371312,4.0
1371392,4.0
1371440,4.0
1371472,4.0
1371680,4.0
1371760,4.0
1371856,4.0
1372048,4.0
1372064,4.0
1372256,4.0
1372368,4.0
1372560,4.0
1372784,4.0
1372896,4.0
1373264,4.0
1373600,4.0
1374160,4.0
1374224,4.0
1374320,4.0
1374432,4.0
1374448,4.0
1374928,4.0
1375056,4.0
1375152,4.0
1375296,4.0
1375664,4.0
1375984,4.0
1376016,4.0
1376080,4.0
1376144,4.0
1376160,4.0
1376352,4.0
1376688,4.0
1376768,4.0
1376832,4.0
1377024,4.0
1377328,4.0
1377456,4.0
1377760,4.0
1377792,4.0
1377904,4.0
1378096,4.0
1378144,4.0
1378304,4.0
1378528,4.0
1378912,4.0
1378976,4.0
1379024,4.0
1379760,4.0
1380752,4.0
1380880,4.0
1381072,4.0
1381168,4.0
1381232,4.0
1381312,4.0
1381536,4.0
1381904,4.0
1382208,4.0
1382496,4.0
1382688,4.0
1382992,4.0
1383088,4.0
1383888,4.0
1384160,4.0
1384304,4.0
1384512,4.0
1384528,4.0
1384544,4.0
1384688,4.0
1385488,4.0
1385664,4.0
1385776,4.0
1385936,4.0
1386080,4.0
1386128,4.0
1386336,4.0
1386512,4.0
1386544,4.0
1386560,4.0
1386576,4.0
1386832,4.0
1386848,4.0
1387264,4.0
1387376,4.0
1387392,4.0
1387552,4.0
1388016,4.0
1388048,4.0
1388080,4.0
1388192,4.0
1388272,4.0
1388464,4.0
1388496,4.0
1388624,4.0
1388720,4.0
1388896,4.0
1389072,4.0
1389088,4.0
1389184,4.0
1389200,4.0
1389824,4.0
1389920,4.0
1390208,4.0
1390480,4.0
1390560,4.0
1390736,4.0
1390752,4.0
1391280,4.0
1391424,4.0
1391504,4.0
1391696,4.0
1391872,4.0
1391936,4.0
1392432,4.0
1392512,4.0
1392624,4.0
1392784,4.0
1392912,4.0
1393312,4.0
1393632,4.0
1393648,4.0
1393776,4.0
1393840,4.0
1393904,4.0
1394000,4.0
1394416,4.0
1394480,4.0
1394496,4.0
1394528,4.0
1394608,4.0
1394768,4.0
1394944,4.0
1394960,4.0
1395280,4.0
1395472,4.0
1395568,4.0
1395760,4.0
1395824,4.0
1396000,4.0
1396112,4.0
1396208,4.0
1396608,4.0
1396640,4.0
1396672,4.0
1396720,4.0
1396752,4.0
1396832,4.0
1396880,4.0
1397168,4.0
1397216,4.0
1397504,4.0
1397664,4.0
1397808,4.0
1397872,4.0
1398160,4.0
1398320,4.0
1398912,4.0
1398976,4.0
1399200,4.0
1399376,4.0
1399968,4.0
1400016,4.0
1400064,4.0
1400320,4.0
1400336,4.0
1400480,4.0
1400624,4.0
1400656,4.0
1400848,4.0
1401168,4.0
1401424,4.0
1402144,4.0
1402208,4.0
1402256,4.0
1402400,4.0
1402624,4.0
1402848,4.0
1403408,4.0
1403424,4.0
1403696,4.0
1404032,4.0
1404128,4.0
1404208,4.0
1404256,4.0
1404464,4.0
1404512,4.0
1404624,4.0
1404784,4.0
1404832,4.0
1404896,4.0
1405136,4.0
1405296,4.0
1405376,4.0
1405472,4.0
1405504,4.0
1405712,4.0
1406048,4.0
1406400,4.0
1406816,4.0
1406864,4.0
1407040,4.0
1407552,4.0
1407632,4.0
1407776,4.0
1407888,4.0
1407920,4.0
1408304,4.0
1408368,4.0
1409008,4.0
1409344,4.0
1410240,4.0
1411152,4.0
1411168,4.0
1411216,4.0
1411296,4.0
1411344,4.0
1411424,4.0
1411600,4.0
1411728,4.0
1411776,4.0
1411808,4.0
1411824,4.0
1413072,4.0
1413616,4.0
1413680,4.0
1414512,4.0
1414528,4.0
1414576,4.0
1414688,4.0
1414704,4.0
1414768,4.0
1414928,4.0
1414976,4.0
1415024,4.0
1415232,4.0
1415248,4.0
1415328,4.0
1415536,4.0
1415792,4.0
1415888,4.0
1415952,4.0
1416144,4.0
1416224,4.0
1416480,4.0
1416528,4.0
1416944,4.0
1417072,4.0
1417408,4.0
1417504,4.0
1417616,4.0
1417808,4.0
1417888,4.0
1418128,4.0
1418160,4.0
1418208,4.0
1418224,4.0
1418272,4.0
1418336,4.0
1418432,4.0
1418464,4.0
1418544,4.0
1418608,4.0
1418672,4.0
1419040,4.0
1419104,4.0
1419232,4.0
1419440,4.0
1419632,4.0
1419648,4.0
1419840,4.0
1420048,4.0
1420192,4.0
1420272,4.0
1420480,4.0
1420800,4.0
1420944,4.0
1420960,4.0
1421456,4.0
1421488,4.0
1421728,4.0
1421888,4.0
1421968,4.0
1422176,4.0
1422560,4.0
1422720,4.0
1423024,4.0
1423856,4.0
1423904,4.0
1424016,4.0
1424128,4.0
1424160,4.0
1424288,4.0
1424384,4.0
1424560,4.0
1424704,4.0
1424832,4.0
1424864,4.0
1424960,4.0
1425296,4.0
1425504,4.0
1425856,4.0
1425984,4.0
1426208,4.0
1426912,4.0
1427696,4.0
1427712,4.0
1428144,4.0
1428352,4.0
1428576,4.0
1429056,4.0
1429072,4.0
1429296,4.0
1429456,4.0
1429488,4.0
1429536,4.0
1429584,4.0
1429680,4.0
1429712,4.0
1429856,4.0
1430112,4.0
1430464,4.0
1430784,4.0
1430800,4.0
1430880,4.0
1430896,4.0
1431008,4.0
1431024,4.0
1431120,4.0
1431264,4.0
1431504,4.0
1431536,4.0
1431872,4.0
1431920,4.0
1432176,4.0
1432272,4.0
1432400,4.0
1432512,4.0
1433248,4.0
1433424,4.0
1433456,4.0
1433536,4.0
1433728,4.0
1433792,4.0
1433984,4.0
1434016,4.0
1434096,4.0
1434128,4.0
1434416,4.0
1434816,4.0
1434864,4.0
1435296,4.0
1435440,4.0
1435872,4.0
1436288,4.0
1436384,4.0
1437088,4.0
1437232,4.0
1437408,4.0
1437664,4.0
1437728,4.0
1438256,4.0
1438720,4.0
1439248,4.0
1439280,4.0
1439328,4.0
1439696,4.0
1439712,4.0
1439760,4.0
1440080,4.0
1440096,4.0
1440112,4.0
1440208,4.0
1440368,4.0
1440432,4.0
1440512,4.0
1440544,4.0
1440704,4.0
1440816,4.0
1441056,4.0
1441168,4.0
1441312,4.0
1442656,4.0
1442736,4.0
1443120,4.0
1443136,4.0
1443440,4.0
1443648,4.0
1443760,4.0
1444016,4.0
1444032,4.0
1444048,4.0
1444128,4.0
1444528,4.0
1444592,4.0
1444784,4.0
1444928,4.0
1445072,4.0
1445088,4.0
1445280,4.0
1445456,4.0
1445584,4.0
1445712,4.0
1445728,4.0
1445856,4.0
1445984,4.0
1446512,4.0
1446560,4.0
1446992,4.0
1447008,4.0
1448144,4.0
1448496,4.0
1448512,4.0
1448848,4.0
1448928,4.0
1448992,4.0
1449344,4.0
1450144,4.0
1450304,4.0
1450432,4.0
1450512,4.0
1450656,4.0
1450752,4.0
1450768,4.0
1450960,4.0
1450992,4.0
1451072,4.0
1451200,4.0
1451280,4.0
1451824,4.0
1452016,4.0
1452208,4.0
1452288,4.0
1452480,4.0
1452496,4.0
1452832,4.0
1452912,4.0
1452928,4.0
1453024,4.0
1453120,4.0
1453232,4.0
1453680,4.0
1453872,4.0
1454048,4.0
1454112,4.0
1454240,4.0
1454304,4.0
1454496,4.0
1454768,4.0
1455136,4.0
1455248,4.0
1455584,4.0
1455648,4.0
1455664,4.0
1456080,4.0
1456928,4.0
1457120,4.0
1457248,4.0
1457536,4.0
1457584,4.0
1457648,4.0
1457824,4.0
1458144,4.0
1458160,4.0
1458192,4.0
1458256,4.0
1458576,4.0
1458592,4.0
1458704,4.0
1458880,4.0
1458928,4.0
1458976,4.0
1459152,4.0
1459280,4.0
1459344,4.0
1459360,4.0
1459424,4.0
1459488,4.0
1459520,4.0
1459888,4.0
1460048,4.0
1460128,4.0
1460384,4.0
1460400,4.0
1460896,4.0
1461200,4.0
1461216,4.0
1461296,4.0
1461504,4.0
1461792,4.0
1462288,4.0
1462816,4.0
1462912,4.0
1463040,4.0
1463152,4.0
1463184,4.0
1463264,4.0
1463616,4.0
1463664,4.0
1464384,4.0
1464432,4.0
1464784,4.0
1464848,4.0
1464960,4.0
1464992,4.0
1465104,4.0
1465248,4.0
1465360,4.0
1465568,4.0
1465616,4.0
1465728,4.0
1465792,4.0
1465920,4.0
1465984,4.0
1466032,4.0
1466400,4.0
1466432,4.0
1466848,4.0
1466864,4.0
1467216,4.0
1467264,4.0
1467616,4.0
1468016,4.0
1468848,4.0
1469056,4.0
1469568,4.0
1469696,4.0
1469968,4.0
1469984,4.0
1470320,4.0
1470592,4.0
1470720,4.0
1470944,4.0
1471184,4.0
1471296,4.0
1471376,4.0
1471616,4.0
1471776,4.0
1471824,4.0
1472208,4.0
1472336,4.0
1472400,4.0
1472512,4.0
1472592,4.0
1472656,4.0
1472688,4.0
1472704,4.0
1472720,4.0
1473120,4.0
1473280,4.0
1473440,4.0
1473488,4.0
1473696,4.0
1473728,4.0
1474208,4.0
1474368,4.0
1474448,4.0
1474560,4.0
1474656,4.0
1474784,4.0
1474800,4.0
1475152,4.0
1475600,4.0
1475632,4.0
1475936,4.0
1476096,4.0
1476176,4.0
1476800,4.0
1477088,4.0
1477200,4.0
1477264,4.0
1477408,4.0
1477760,4.0
1477904,4.0
1478192,4.0
1478256,4.0
1478288,4.0
1478304,4.0
1478336,4.0
1478352,4.0
1478816,4.0
1479424,4.0
1479856,4.0
1479968,4.0
1480032,4.0
1480048,4.0
1480416,4.0
1480464,4.0
1480656,4.0
1480832,4.0
1480944,4.0
1481136,4.0
1481952,4.0
1482128,4.0
1482736,4.0
1482944,4.0
1483088,4.0
1483200,4.0
1483312,4.0
1483712,4.0
1483792,4.0
1483984,4.0
1484256,4.0
1484544,4.0
1484608,4.0
1484832,4.0
1484992,4.0
1485472,4.0
1485600,4.0
1485664,4.0
1485680,4.0
1485856,4.0
1485904,4.0
1486016,4.0
1486192,4.0
1486352,4.0
1486512,4.0
1486688,4.0
1486912,4.0
1486976,4.0
1487008,4.0
1487168,4.0
1487296,4.0
1487328,4.0
1487344,4.0
1487392,4.0
1487776,4.0
1488416,4.0
1488672,4.0
1488720,4.0
1488832,4.0
1488976,4.0
1488992,4.0
1489120,4.0
1489184,4.0
1489504,4.0
1489696,4.0
1489824,4.0
1489840,4.0
1489920,4.0
1489984,4.0
1490160,4.0
1490224,4.0
1490656,4.0
1490736,4.0
1490880,4.0
1491008,4.0
1491424,4.0
1491600,4.0
1491824,4.0
1491840,4.0
1491872,4.0
1491904,4.0
1492000,4.0
1492400,4.0
1492432,4.0
1492624,4.0
1493152,4.0
1493184,4.0
1493296,4.0
1493440,4.0
1493456,4.0
1493648,4.0
1493712,4.0
1493808,4.0
1493872,4.0
1494160,4.0
1494544,4.0
1494752,4.0
1495088,4.0
1495216,4.0
1495520,4.0
1496080,4.0
1496240,4.0
1496448,4.0
1496496,4.0
1496608,4.0
1496640,4.0
1496672,4.0
1497280,4.0
1497328,4.0
1497344,4.0
1497776,4.0
1497808,4.0
1497920,4.0
1498096,4.0
1498112,4.0
1498160,4.0
1498352,4.0
1498384,4.0
1498464,4.0
1498656,4.0
1498848,4.0
1499152,4.0
1500000,4.0
1500368,4.0
1500624,4.0
1500752,4.0
1501232,4.0
1501264,4.0
1501280,4.0
1501728,4.0
1501760,4.0
1501920,4.0
1502176,4.0
1502192,4.0
1502576,4.0
1502656,4.0
1503392,4.0
1503520,4.0
1503536,4.0
1503568,4.0
1503712,4.0
1503776,4.0
1504016,4.0
1504080,4.0
1504272,4.0
1504304,4.0
1504464,4.0
1504528,4.0
1504576,4.0
1504688,4.0
1504800,4.0
1505120,4.0
1505152,4.0
1505248,4.0
1505488,4.0
1505504,4.0
1505696,4.0
1506224,4.0
1506240,4.0
1506304,4.0
1506432,4.0
1506832,4.0
1506992,4.0
1507104,4.0
1507488,4.0
1507712,4.0
1508224,4.0
1508400,4.0
1508448,4.0
1508624,4.0
1508640,4.0
1508736,4.0
1508784,4.0
1509024,4.0
1509072,4.0
1509280,4.0
1509440,4.0
1509552,4.0
1509568,4.0
1509696,4.0
1509808,4.0
1509824,4.0
1509920,4.0
1510208,4.0
1510304,4.0
1510960,4.0
1511072,4.0
1511376,4.0
1511504,4.0
1511632,4.0
1511760,4.0
1511840,4.0
1511936,4.0
1512320,4.0
1512480,4.0
1512544,4.0
1512608,4.0
1512640,4.0
1512880,4.0
1512912,4.0
1512992,4.0
1513088,4.0
1513184,4.0
1513200,4.0
1513360,4.0
1513456,4.0
1513584,4.0
1514096,4.0
1514208,4.0
1514240,4.0
1514368,4.0
1514416,4.0
1514528,4.0
1514560,4.0
1514720,4.0
1514752,4.0
1514960,4.0
1515216,4.0
1515232,4.0
1515424,4.0
1515632,4.0
1515664,4.0
1515856,4.0
1515872,4.0
1516048,4.0
1516512,4.0
1516624,4.0
1517424,4.0
1517520,4.0
1517920,4.0
1518176,4.0
1518208,4.0
1518480,4.0
1518688,4.0
1518704,4.0
1518720,4.0
1518752,4.0
1518768,4.0
1519024,4.0
1519664,4.0
1520160,4.0
1520224,4.0
1520256,4.0
1520400,4.0
1520592,4.0
1520656,4.0
1521136,4.0
1521184,4.0
1521552,4.0
1521568,4.0
1521632,4.0
1521648,4.0
1521808,4.0
1522000,4.0
1522384,4.0
1522768,4.0
1522944,4.0
1523120,4.0
1523152,4.0
1523280,4.0
1523424,4.0
1523664,4.0
1523776,4.0
1523808,4.0
1524048,4.0
1524240,4.0
1524368,4.0
1524384,4.0
1524432,4.0
1524448,4.0
1524576,4.0
1524832,4.0
1525136,4.0
1526080,4.0
1526112,4.0
1526176,4.0
1526288,4.0
1526544,4.0
1526640,4.0
1526800,4.0
1526912,4.0
1527328,4.0
1527376,4.0
1527456,4.0
1527568,4.0
1527792,4.0
1527904,4.0
1527984,4.0
1528720,4.0
1528880,4.0
1528912,4.0
1529248,4.0
1529472,4.0
1529792,4.0
1529888,4.0
1530160,4.0
1530272,4.0
1530320,4.0
1530480,4.0
1530928,4.0
1530944,4.0
1531088,4.0
1531472,4.0
1531552,4.0
1531760,4.0
1531776,4.0
1532016,4.0
1532032,4.0
1532176,4.0
1532304,4.0
1532400,4.0
1532544,4.0
1532656,4.0
1532688,4.0
1532752,4.0
1533200,4.0
1533344,4.0
1533600,4.0
1533616,4.0
1533824,4.0
1533984,4.0
1534144,4.0
1534160,4.0
1534656,4.0
1534736,4.0
1534960,4.0
1535088,4.0
1535168,4.0
1535664,4.0
1535760,4.0
1535792,4.0
1536208,4.0
1536432,4.0
1536640,4.0
1537040,4.0
1537200,4.0
1537232,4.0
1537296,4.0
1537328,4.0
1537568,4.0
1537760,4.0
1537792,4.0
1538016,4.0
1538048,4.0
1538096,4.0
1538896,4.0
1539184,4.0
1539232,4.0
1539728,4.0
1539760,4.0
1539776,4.0
1539856,4.0
1539936,4.0
1540080,4.0
1540144,4.0
1540240,4.0
1540416,4.0
1540704,4.0
1540816,4.0
1541008,4.0
1541440,4.0
1541728,4.0
1542368,4.0
1542400,4.0
1542512,4.0
1542672,4.0
1542816,4.0
1543184,4.0
1543440,4.0
1543648,4.0
1543904,4.0
1543968,4.0
1544096,4.0
1544304,4.0
1544320,4.0
1544672,4.0
1544768,4.0
1544912,4.0
1545120,4.0
1545200,4.0
1545472,4.0
1545552,4.0
1545632,4.0
1545792,4.0
1546000,4.0
1546432,4.0
1546480,4.0
1546512,4.0
1546544,4.0
1546656,4.0
1547184,4.0
1547232,4.0
1547440,4.0
1547824,4.0
1547936,4.0
1548000,4.0
1548272,4.0
1548480,4.0
1548624,4.0
1549008,4.0
1549200,4.0
1549424,4.0
1549568,4.0
1549888,4.0
1549952,4.0
1550128,4.0
1550192,4.0
1550288,4.0
1550400,4.0
1550752,4.0
1551072,4.0
1551312,4.0
1551744,4.0
1551888,4.0
1552144,4.0
1552160,4.0
1552336,4.0
1552368,4.0
1552832,4.0
1552848,4.0
1552992,4.0
1553072,4.0
1553120,4.0
1553152,4.0
1553536,4.0
1553600,4.0
1553712,4.0
1553840,4.0
1553920,4.0
1553952,4.0
1554048,4.0
1554064,4.0
1554192,4.0
1554896,4.0
1555136,4.0
1555376,4.0
1555392,4.0
1555520,4.0
1555648,4.0
1555792,4.0
1556144,4.0
1556192,4.0
1556544,4.0
1556592,4.0
1556944,4.0
1557632,4.0
1557744,4.0
1557792,4.0
1558160,4.0
1558208,4.0
1558224,4.0
1558464,4.0
1558672,4.0
1559232,4.0
1559744,4.0
1559968,4.0
1560208,4.0
1560416,4.0
1560448,4.0
1560656,4.0
1560736,4.0
1561008,4.0
1561264,4.0
1561392,4.0
1561888,4.0
1561936,4.0
1562256,4.0
1562432,4.0
1562544,4.0
1562640,4.0
1562720,4.0
1562816,4.0
1562992,4.0
1563360,4.0
1563536,4.0
1563584,4.0
1563824,4.0
1563840,4.0
1563856,4.0
1563904,4.0
1563936,4.0
1563984,4.0
1564096,4.0
1564752,4.0
1564784,4.0
1564912,4.0
1564944,4.0
1565024,4.0
1565136,4.0
1565312,4.0
1565424,4.0
1565760,4.0
1566160,4.0
1566320,4.0
1566352,4.0
1566640,4.0
1567280,4.0
1567424,4.0
1567712,4.0
1567920,4.0
1568192,4.0
1568240,4.0
1568320,4.0
1568384,4.0
1568448,4.0
1568544,4.0
1568896,4.0
1569184,4.0
1569248,4.0
1569312,4.0
1569488,4.0
1569744,4.0
1570272,4.0
1570352,4.0
1570416,4.0
1570832,4.0
1571088,4.0
1571792,4.0
1572112,4.0
1572144,4.0
1572272,4.0
1572560,4.0
1572624,4.0
1572656,4.0
1572672,4.0
1572768,4.0
1573024,4.0
1573072,4.0
1573184,4.0
1573248,4.0
1573616,4.0
1573648,4.0
1573824,4.0
1574032,4.0
1574064,4.0
1574160,4.0
1574320,4.0
1574400,4.0
1574752,4.0
1574800,4.0
1575136,4.0
1575184,4.0
1575200,4.0
1575328,4.0
1575376,4.0
1575488,4.0
1575728,4.0
1575760,4.0
1576416,4.0
1576528,4.0
1576592,4.0
1576624,4.0
1576736,4.0
1576832,4.0
1576992,4.0
1577280,4.0
1577296,4.0
1577376,4.0
1577504,4.0
1577568,4.0
1577952,4.0
1577984,4.0
1578000,4.0
1578304,4.0
1578848,4.0
1579344,4.0
1579440,4.0
1579712,4.0
1579776,4.0
1579968,4.0
1580032,4.0
1580624,4.0
1580752,4.0
1581344,4.0
1581808,4.0
1581856,4.0
1582176,4.0
1582368,4.0
1582432,4.0
1582496,4.0
1582512,4.0
1582528,4.0
1582592,4.0
1582880,4.0
1583040,4.0
1583440,4.0
1583680,4.0
1583760,4.0
1583968,4.0
1584240,4.0
1584896,4.0
1585024,4.0
1585040,4.0
1585264,4.0
1585392,4.0
1585456,4.0
1585472,4.0
1585552,4.0
1585616,4.0
1585744,4.0
1586064,4.0
1586128,4.0
1586304,4.0
1586688,4.0
1586832,4.0
1586880,4.0
1586944,4.0
1587216,4.0
1587264,4.0
1587680,4.0
1587776,4.0
1587792,4.0
1587904,4.0
1588064,4.0
1588128,4.0
1588144,4.0
1588160,4.0
1589120,4.0
1589168,4.0
1589264,4.0
1589344,4.0
1589376,4.0
1589424,4.0
1589472,4.0
1589920,4.0
1589936,4.0
1590528,4.0
1590544,4.0
1590576,4.0
1590688,4.0
1590736,4.0
1590752,4.0
1591152,4.0
1591552,4.0
1591648,4.0
1591792,4.0
1591808,4.0
1591824,4.0
1591840,4.0
1591904,4.0
1592000,4.0
1592080,4.0
1592336,4.0
1592416,4.0
1592736,4.0
1592816,4.0
1593232,4.0
1593360,4.0
1593424,4.0
1593440,4.0
1593552,4.0
1593664,4.0
1593680,4.0
1593728,4.0
1593888,4.0
1594176,4.0
1594496,4.0
1594704,4.0
1594784,4.0
1594912,4.0
1594928,4.0
1595088,4.0
1595264,4.0
1595280,4.0
1595472,4.0
1595664,4.0
1596176,4.0
1596352,4.0
1596432,4.0
1596672,4.0
1596704,4.0
1596832,4.0
1596960,4.0
1597104,4.0
1597232,4.0
1597344,4.0
1597648,4.0
1597728,4.0
1597872,4.0
1597888,4.0
1598064,4.0
1598096,4.0
1598288,4.0
1598384,4.0
1598928,4.0
1598976,4.0
1599008,4.0
1599104,4.0
1599168,4.0
1599200,4.0
1599472,4.0
1599504,4.0
1599808,4.0
1599872,4.0
1600000,4.0
1600016,4.0
1600160,4.0
1600256,4.0
1600368,4.0
1600672,4.0
1600688,4.0
1600736,4.0
1600752,4.0
1600816,4.0
1600944,4.0
1601008,4.0
1601136,4.0
1601536,4.0
1601552,4.0
1601600,4.0
1601616,4.0
1601744,4.0
1601856,4.0
1602112,4.0
1602240,4.0
1602384,4.0
1602576,4.0
1602656,4.0
1602768,4.0
1602848,4.0
1602880,4.0
1602976,4.0
1603184,4.0
1603296,4.0
1603424,4.0
1603520,4.0
1603664,4.0
1603888,4.0
1604176,4.0
1604208,4.0
1604368,4.0
1604704,4.0
1604816,4.0
1605072,4.0
1605184,4.0
1605232,4.0
1605312,4.0
1605376,4.0
1605856,4.0
1605920,4.0
1606112,4.0
1606960,4.0
1607104,4.0
1607376,4.0
1607552,4.0
1608032,4.0
1608128,4.0
1608256,4.0
1608288,4.0
1608400,4.0
1608480,4.0
1608912,4.0
1609120,4.0
1609184,4.0
1609360,4.0
1609712,4.0
1609872,4.0
1610064,4.0
1610176,4.0
1610400,4.0
1610752,4.0
1610848,4.0
1611312,4.0
1611696,4.0
1611872,4.0
1611936,4.0
1611968,4.0
1612064,4.0
1612128,4.0
1612400,4.0
1612512,4.0
1612608,4.0
1612704,4.0
1613104,4.0
1613344,4.0
1613472,4.0
1613840,4.0
1613856,4.0
1614096,4.0
1614144,4.0
1614272,4.0
1614736,4.0
1614880,4.0
1614944,4.0
1614976,4.0
1615120,4.0
1615376,4.0
1615520,4.0
1615536,4.0
1615728,4.0
1615744,4.0
1615824,4.0
1615856,4.0
1616512,4.0
1616688,4.0
1616736,4.0
1616848,4.0
1617056,4.0
1617072,4.0
1617168,4.0
1617264,4.0
1617664,4.0
1617744,4.0
1618256,4.0
1618496,4.0
1618688,4.0
1618736,4.0
1618816,4.0
1618976,4.0
1619184,4.0
1619232,4.0
1619488,4.0
1619632,4.0
1619696,4.0
1619760,4.0
1619792,4.0
1620048,4.0
1620080,4.0
1620208,4.0
1620448,4.0
1620480,4.0
1620560,4.0
1620704,4.0
1620720,4.0
1620928,4.0
1621136,4.0
1621200,4.0
1621280,4.0
1621344,4.0
1621408,4.0
1621552,4.0
1621584,4.0
1621632,4.0
1621776,4.0
1621856,4.0
1622576,4.0
1622864,4.0
1622912,4.0
1623424,4.0
1623456,4.0
1623968,4.0
1624064,4.0
1624288,4.0
1624768,4.0
1624880,4.0
1624944,4.0
1624960,4.0
1624992,4.0
1625104,4.0
1625264,4.0
1625296,4.0
1625392,4.0
1625968,4.0
1626016,4.0
1626048,4.0
1626080,4.0
1626096,4.0
1626288,4.0
1626496,4.0
1626560,4.0
1626672,4.0
1626768,4.0
1626848,4.0
1626864,4.0
1626896,4.0
1627024,4.0
1627056,4.0
1627088,4.0
1627136,4.0
1627280,4.0
1627600,4.0
1628016,4.0
1628288,4.0
1628384,4.0
1628432,4.0
1628464,4.0
1628512,4.0
1628944,4.0
1629072,4.0
1629104,4.0
1629344,4.0
1629456,4.0
1629536,4.0
1629680,4.0
1629856,4.0
1630032,4.0
1630128,4.0
1630144,4.0
1630176,4.0
1630400,4.0
1630624,4.0
1630672,4.0
1630784,4.0
1631136,4.0
1631360,4.0
1631552,4.0
1631728,4.0
1631760,4.0
1632112,4.0
1632592,4.0
1632608,4.0
1633488,4.0
1633632,4.0
1634080,4.0
1634128,4.0
1634496,4.0
1634688,4.0
1634832,4.0
1634864,4.0
1635168,4.0
1635648,4.0
1635824,4.0
1635840,4.0
1635920,4.0
1635936,4.0
1636160,4.0
1636320,4.0
1636432,4.0
1636448,4.0
1636496,4.0
1636848,4.0
1637312,4.0
1637552,4.0
1637600,4.0
1637648,4.0
1637952,4.0
1637968,4.0
1637984,4.0
1638320,4.0
1638512,4.0
1638656,4.0
1638880,4.0
1638912,4.0
1639104,4.0
1639184,4.0
1639296,4.0
1639456,4.0
1639584,4.0
1639616,4.0
1639936,4.0
1640016,4.0
1640032,4.0
1640048,4.0
1640064,4.0
1640096,4.0
1640224,4.0
1640288,4.0
1640384,4.0
1640592,4.0
1640816,4.0
1641184,4.0
1641216,4.0
1641424,4.0
1641488,4.0
1641536,4.0
1641568,4.0
1641648,4.0
1641920,4.0
1642000,4.0
1642016,4.0
1642128,4.0
1642272,4.0
1642592,4.0
1642656,4.0
1642672,4.0
1642784,4.0
1642848,4.0
1642976,4.0
1643120,4.0
1643168,4.0
1643232,4.0
1643328,4.0
1643472,4.0
1643520,4.0
1643536,4.0
1643584,4.0
1643872,4.0
1644032,4.0
1644144,4.0
1644304,4.0
1644608,4.0
1644752,4.0
1644848,4.0
1644880,4.0
1645040,4.0
1645296,4.0
1645312,4.0
1645376,4.0
1645632,4.0
1645648,4.0
1645680,4.0
1645696,4.0
1646208,4.0
1646224,4.0
1646336,4.0
1646416,4.0
1646880,4.0
1646928,4.0
1646976,4.0
1647168,4.0
1647248,4.0
1647344,4.0
1647472,4.0
1647664,4.0
1648064,4.0
1648112,4.0
1648688,4.0
1648880,4.0
1649088,4.0
1649776,4.0
1649792,4.0
1649904,4.0
1650000,4.0
1650048,4.0
1650192,4.0
1650208,4.0
1650576,4.0
1650672,4.0
1650848,4.0
1651072,4.0
1651312,4.0
1651328,4.0
1651424,4.0
1651440,4.0
1651504,4.0
1651632,4.0
1651696,4.0
1651728,4.0
1651840,4.0
1651888,4.0
1652032,4.0
1652048,4.0
1652080,4.0
1652144,4.0
1652448,4.0
1652496,4.0
1652624,4.0
1653376,4.0
1653792,4.0
1653808,4.0
1653984,4.0
1654224,4.0
1654240,4.0
1654384,4.0
1654400,4.0
1654528,4.0
1654544,4.0
1654672,4.0
1655248,4.0
1655584,4.0
1655600,4.0
1655712,4.0
1655856,4.0
1655968,4.0
1656064,4.0
1656336,4.0
1656352,4.0
1656496,4.0
1657104,4.0
1657200,4.0
1657392,4.0
1657424,4.0
1657584,4.0
1657856,4.0
1657872,4.0
1658032,4.0
1658336,4.0
1658368,4.0
1658464,4.0
1658800,4.0
1658880,4.0
1659072,4.0
1659216,4.0
1659456,4.0
1659472,4.0
1659568,4.0
1659664,4.0
1659840,4.0
1660016,4.0
1660096,4.0
1660656,4.0
1660768,4.0
1660928,4.0
1660944,4.0
1661232,4.0
1661344,4.0
1661456,4.0
1661520,4.0
1661568,4.0
1661840,4.0
1662384,4.0
1662464,4.0
1662496,4.0
1662832,4.0
1662880,4.0
1662992,4.0
1663184,4.0
1663360,4.0
1663408,4.0
1663840,4.0
1664016,4.0
1664432,4.0
1664928,4.0
1664992,4.0
1665536,4.0
1665616,4.0
1665664,4.0
1665728,4.0
1666176,4.0
1666464,4.0
1666752,4.0
1667040,4.0
1667264,4.0
1667392,4.0
1667424,4.0
1667440,4.0
1667696,4.0
1668128,4.0
1668656,4.0
1668672,4.0
1668912,4.0
1669072,4.0
1669456,4.0
1669648,4.0
1669824,4.0
1669968,4.0
1670096,4.0
1670192,4.0
1670864,4.0
1670976,4.0
1671296,4.0
1671328,4.0
1671456,4.0
1671632,4.0
1671936,4.0
1672016,4.0
1672032,4.0
1672064,4.0
1672208,4.0
1672352,4.0
1672880,4.0
1672976,4.0
1673136,4.0
1673632,4.0
1673792,4.0
1673952,4.0
1674256,4.0
1674320,4.0
1675024,4.0
1675040,4.0
1675216,4.0
1675296,4.0
1675856,4.0
1676400,4.0
1676448,4.0
1676480,4.0
1676528,4.0
1676688,4.0
1676720,4.0
1676736,4.0
1677008,4.0
1677024,4.0
1677088,4.0
1677232,4.0
1677408,4.0
1677568,4.0
1678096,4.0
1678160,4.0
1678384,4.0
1678528,4.0
1678576,4.0
1678624,4.0
1678928,4.0
1679472,4.0
1679600,4.0
1679664,4.0
1679856,4.0
1680032,4.0
1680144,4.0
1680384,4.0
1680544,4.0
1680624,4.0
1680736,4.0
1680944,4.0
1681008,4.0
1681056,4.0
1681808,4.0
1682176,4.0
1682192,4.0
1682208,4.0
1683040,4.0
1683152,4.0
1683248,4.0
1683808,4.0
1684064,4.0
1684448,4.0
1684624,4.0
1684768,4.0
1685552,4.0
1685568,4.0
1685616,4.0
1685664,4.0
1686160,4.0
1686560,4.0
1686624,4.0
1686800,4.0
1686816,4.0
1687120,4.0
1687152,4.0
1687232,4.0
1687248,4.0
1687328,4.0
1687424,4.0
1687440,4.0
1687616,4.0
1687728,4.0
1687872,4.0
1687968,4.0
1688288,4.0
1689200,4.0
1689616,4.0
1689728,4.0
1689824,4.0
1689888,4.0
1690128,4.0
1690256,4.0
1690352,4.0
1690528,4.0
1690560,4.0
1690848,4.0
1690992,4.0
1691120,4.0
1691824,4.0
1691856,4.0
1691904,4.0
1692000,4.0
1692384,4.0
1692608,4.0
1692976,4.0
1693296,4.0
1693520,4.0
1693600,4.0
1693616,4.0
1693920,4.0
1693952,4.0
1694080,4.0
1694144,4.0
1694320,4.0
1695152,4.0
1695312,4.0
1695616,4.0
1695648,4.0
1695760,4.0
1695920,4.0
1696016,4.0
1696096,4.0
1696272,4.0
1696336,4.0
1696416,4.0
1696496,4.0
1696608,4.0
1696640,4.0
1697152,4.0
1697264,4.0
1697280,4.0
1697504,4.0
1697584,4.0
1697632,4.0
1697648,4.0
1697696,4.0
1698128,4.0
1698384,4.0
1698672,4.0
1698688,4.0
1698768,4.0
1698832,4.0
1698864,4.0
1698992,4.0
1699264,4.0
1699536,4.0
1699680,4.0
1699696,4.0
1700240,4.0
1700400,4.0
1700432,4.0
1700496,4.0
1700704,4.0
1700976,4.0
1701184,4.0
1701216,4.0
1701328,4.0
1701536,4.0
1701808,4.0
1702000,4.0
1702048,4.0
1702304,4.0
1702416,4.0
1702544,4.0
1702608,4.0
1702688,4.0
1702832,4.0
1703008,4.0
1703120,4.0
1703200,4.0
1703248,4.0
1703296,4.0
1703456,4.0
1703632,4.0
1703760,4.0
1704016,4.0
1704032,4.0
1704112,4.0
1704416,4.0
1704432,4.0
1704592,4.0
1704704,4.0
1704736,4.0
1704752,4.0
1705024,4.0
1705328,4.0
1705424,4.0
1705648,4.0
1706080,4.0
1706208,4.0
1706368,4.0
1706448,4.0
1706480,4.0
1706528,4.0
1706688,4.0
1706912,4.0
1706928,4.0
1706992,4.0
1707104,4.0
1707152,4.0
1707248,4.0
1707264,4.0
1707280,4.0
1707328,4.0
1707552,4.0
1707632,4.0
1707728,4.0
1708160,4.0
1708288,4.0
1708320,4.0
1708512,4.0
1708544,4.0
1709072,4.0
1709280,4.0
1709296,4.0
1709424,4.0
1710288,4.0
1710512,4.0
1710640,4.0
1710656,4.0
1710704,4.0
1710800,4.0
1710928,4.0
1711072,4.0
1711120,4.0
1711216,4.0
1711360,4.0
1711616,4.0
1711840,4.0
1712288,4.0
1712448,4.0
1712832,4.0
1712992,4.0
1713120,4.0
1713696,4.0
1713936,4.0
1713952,4.0
1713984,4.0
1714096,4.0
1714256,4.0
1714320,4.0
1714416,4.0
1714528,4.0
1714864,4.0
1714880,4.0
1715072,4.0
1715456,4.0
1715776,4.0
1715840,4.0
1715904,4.0
1716048,4.0
1716320,4.0
1716816,4.0
1716880,4.0
1716992,4.0
1717024,4.0
1717040,4.0
1717088,4.0
1717504,4.0
1717776,4.0
1718144,4.0
1718160,4.0
1718272,4.0
1718416,4.0
1718480,4.0
1718816,4.0
1718864,4.0
1719008,4.0
1719216,4.0
1719232,4.0
1719568,4.0
1719728,4.0
1719904,4.0
1719968,4.0
1720208,4.0
1720320,4.0
1720400,4.0
1720448,4.0
1720560,4.0
1721088,4.0
1721120,4.0
1721488,4.0
1721664,4.0
1721712,4.0
1722064,4.0
1722368,4.0
1722608,4.0
1722656,4.0
1722816,4.0
1722880,4.0
1722928,4.0
1723216,4.0
1723472,4.0
1723552,4.0
1723920,4.0
1723968,4.0
1724496,4.0
1724656,4.0
1724736,4.0
1724832,4.0
1724848,4.0
1725088,4.0
1725200,4.0
1725744,4.0
1725808,4.0
1726048,4.0
1726256,4.0
1726928,4.0
1727024,4.0
1727104,4.0
1727184,4.0
1727328,4.0
1727408,4.0
1727488,4.0
1727840,4.0
1728000,4.0
1728192,4.0
1728368,4.0
1728416,4.0
1728432,4.0
1728512,4.0
1728544,4.0
1728768,4.0
1728832,4.0
1728848,4.0
1728944,4.0
1729088,4.0
1729136,4.0
1729840,4.0
1729872,4.0
1730096,4.0
1730176,4.0
1730688,4.0
1731072,4.0
1731568,4.0
1731600,4.0
1731728,4.0
1731808,4.0
1731824,4.0
1731904,4.0
1731920,4.0
1731968,4.0
1731984,4.0
1732112,4.0
1732160,4.0
1732336,4.0
1732704,4.0
1732816,4.0
1732832,4.0
1733088,4.0
1733104,4.0
1733232,4.0
1733264,4.0
1733872,4.0
1733936,4.0
1734352,4.0
1734400,4.0
1734432,4.0
1734672,4.0
1734720,4.0
1734992,4.0
1735152,4.0
1735376,4.0
1735728,4.0
1736000,4.0
1736160,4.0
1737264,4.0
1737328,4.0
1737360,4.0
1737456,4.0
1737712,4.0
1737904,4.0
1737984,4.0
1738080,4.0
1738448,4.0
1738464,4.0
1738576,4.0
1738864,4.0
1739056,4.0
1739216,4.0
1739232,4.0
1739760,4.0
1740000,4.0
1740160,4.0
1740288,4.0
1740416,4.0
1740464,4.0
1740480,4.0
1740800,4.0
1740864,4.0
1741056,4.0
1741072,4.0
1741280,4.0
1741568,4.0
1741584,4.0
1741664,4.0
1741744,4.0
1741760,4.0
1741808,4.0
1742528,4.0
1742560,4.0
1742704,4.0
1742720,4.0
1742768,4.0
1742832,4.0
1743088,4.0
1743536,4.0
1743680,4.0
1744176,4.0
1744336,4.0
1744608,4.0
1745104,4.0
1745168,4.0
1745280,4.0
1745296,4.0
1745472,4.0
1745648,4.0
1746016,4.0
1746208,4.0
1746576,4.0
1746848,4.0
1746928,4.0
1747136,4.0
1747232,4.0
1747280,4.0
1747600,4.0
1748208,4.0
1748320,4.0
1748512,4.0
1748816,4.0
1748960,4.0
1749024,4.0
1749088,4.0
1749216,4.0
1749248,4.0
1749392,4.0
1749440,4.0
1749568,4.0
1749616,4.0
1749664,4.0
1749792,4.0
1750016,4.0
1750208,4.0
1750320,4.0
1750432,4.0
1750496,4.0
1750560,4.0
1750928,4.0
1751008,4.0
1751024,4.0
1751088,4.0
1751248,4.0
1751360,4.0
1752272,4.0
1752384,4.0
1752688,4.0
1753312,4.0
1753376,4.0
1753392,4.0
1753456,4.0
1753488,4.0
1753616,4.0
1754128,4.0
1754160,4.0
1754304,4.0
1754416,4.0
1754848,4.0
1754864,4.0
1754896,4.0
1755104,4.0
1755552,4.0
1756208,4.0
1757008,4.0
1757344,4.0
1757552,4.0
1757936,4.0
1758192,4.0
1758208,4.0
1758528,4.0
1758640,4.0
1758736,4.0
1758768,4.0
1758848,4.0
1758896,4.0
1759200,4.0
1759232,4.0
1759408,4.0
1759760,4.0
1760160,4.0
1760224,4.0
1760368,4.0
1760400,4.0
1760512,4.0
1760544,4.0
1760560,4.0
1760608,4.0
1760912,4.0
1760944,4.0
1761088,4.0
1761152,4.0
1761312,4.0
1761552,4.0
1761760,4.0
1761808,4.0
1761888,4.0
1762240,4.0
1762496,4.0
1762592,4.0
1762704,4.0
1762816,4.0
1762880,4.0
1764064,4.0
1764080,4.0
1764096,4.0
1764336,4.0
1764480,4.0
1764512,4.0
1764528,4.0
1764768,4.0
1764864,4.0
1764928,4.0
1765120,4.0
1765472,4.0
1765904,4.0
1765968,4.0
1766000,4.0
1766016,4.0
1766032,4.0
1766080,4.0
1766304,4.0
1766864,4.0
1766912,4.0
1767312,4.0
1767408,4.0
1767424,4.0
1767440,4.0
1767600,4.0
1767616,4.0
1767648,4.0
1767744,4.0
1767760,4.0
1767808,4.0
1768864,4.0
1769200,4.0
1769360,4.0
1769504,4.0
1769568,4.0
1770304,4.0
1770816,4.0
1770832,4.0
1771328,4.0
1771568,4.0
1772224,4.0
1772240,4.0
1772608,4.0
1772960,4.0
1773104,4.0
1773168,4.0
1773184,4.0
1773376,4.0
1773664,4.0
1773728,4.0
1773840,4.0
1774048,4.0
1774176,4.0
1774592,4.0
1774784,4.0
1775184,4.0
1775344,4.0
1775696,4.0
1775968,4.0
1776112,4.0
1776592,4.0
1776736,4.0
1776864,4.0
1776976,4.0
1777056,4.0
1777200,4.0
1777280,4.0
1777552,4.0
1777680,4.0
1777824,4.0
1778128,4.0
1778624,4.0
1778704,4.0
1778736,4.0
1779072,4.0
1779168,4.0
1779536,4.0
1779760,4.0
1779888,4.0
1780032,4.0
1780048,4.0
1780128,4.0
1780176,4.0
1780448,4.0
1780592,4.0
1780608,4.0
1780656,4.0
1780720,4.0
1781536,4.0
1782016,4.0
1782144,4.0
1782432,4.0
1782480,4.0
1782608,4.0
1783088,4.0
1783136,4.0
1783312,4.0
1783392,4.0
1783568,4.0
1783728,4.0
1783792,4.0
1784288,4.0
1784848,4.0
1784928,4.0
1785040,4.0
1785072,4.0
1785104,4.0
1785200,4.0
1785552,4.0
1785664,4.0
1785712,4.0
1785824,4.0
1786048,4.0
1786144,4.0
1786192,4.0
1786368,4.0
1786448,4.0
1786544,4.0
1786752,4.0
1786976,4.0
1787104,4.0
1787184,4.0
1787280,4.0
1787392,4.0
1787440,4.0
1787504,4.0
1787520,4.0
1787680,4.0
1787744,4.0
1787792,4.0
1787968,4.0
1788016,4.0
1788192,4.0
1788288,4.0
1788352,4.0
1788384,4.0
1788608,4.0
1788960,4.0
1788992,4.0
1789040,4.0
1789056,4.0
1789088,4.0
1789152,4.0
1789424,4.0
1789600,4.0
1789712,4.0
1789856,4.0
1789920,4.0
1790192,4.0
1790320,4.0
1790592,4.0
1790688,4.0
1790880,4.0
1790912,4.0
1790928,4.0
1790960,4.0
1790976,4.0
1791248,4.0
1791344,4.0
1791376,4.0
1791760,4.0
1791952,4.0
1791968,4.0
1792240,4.0
1792352,4.0
1792672,4.0
1792800,4.0
1792864,4.0
1792912,4.0
1793024,4.0
1793136,4.0
