step,value
976,61.0
2080,130.0
2080,130.0
2096,131.0
2096,131.0
2096,131.0
2096,131.0
2096,131.0
2352,85.0
2720,170.0
3088,61.0
4192,130.0
4208,131.0
4208,131.0
4208,131.0
4208,131.0
4208,131.0
4544,152.0
4576,155.0
4832,131.0
5200,131.0
5472,78.0
5584,69.0
5952,108.0
6000,49.0
6192,60.0
6304,130.0
6320,131.0
6320,131.0
6512,275.0
6688,131.0
6944,131.0
7104,49.0
7216,63.0
7376,131.0
7392,131.0
7680,130.0
7776,45.0
7968,155.0
7968,63.0
8624,131.0
8752,102.0
8800,131.0
8976,62.0
9104,284.0
9280,40.0
9328,131.0
9472,130.0
9504,131.0
9728,80.0
9792,131.0
9952,60.0
10240,43.0
10384,101.0
10448,44.0
10544,89.0
10592,69.0
10608,68.0
10656,115.0
11216,131.0
11264,63.0
11440,131.0
11904,131.0
12000,131.0
12048,130.0
12496,131.0
12496,117.0
12512,58.0
12704,131.0
12752,130.0
13376,131.0
13504,62.0
13568,146.0
13568,66.0
13648,195.0
13760,144.0
14016,131.0
14112,131.0
14384,131.0
14608,130.0
14768,131.0
14864,131.0
14992,60.0
15200,64.0
15488,131.0
15616,131.0
15616,131.0
15616,115.0
15760,131.0
16096,157.0
16592,154.0
16720,131.0
16880,131.0
16976,131.0
17104,131.0
17264,64.0
17312,131.0
17488,166.0
17728,131.0
17728,131.0
17984,131.0
18288,174.0
18832,68.0
18896,135.0
18992,131.0
19120,146.0
19216,131.0
19376,131.0
19600,131.0
19936,52.0
20064,146.0
20096,131.0
20320,131.0
20368,103.0
20976,129.0
21040,137.0
21216,130.0
21424,131.0
21456,153.0
21520,236.0
21712,131.0
22448,63.0
22752,62.0
23072,130.0
23328,131.0
23920,224.0
24448,384.0
24464,106.0
24464,48.0
24560,131.0
24560,131.0
25184,131.0
25280,152.0
25424,100.0
25440,131.0
25488,64.0
25536,60.0
25632,258.0
25856,131.0
25856,86.0
26528,192.0
26560,130.0
26624,318.0
26656,91.0
26784,68.0
26912,65.0
27392,131.0
27440,219.0
27536,131.0
27584,65.0
27600,131.0
27744,131.0
27808,147.0
27920,62.0
28176,144.0
28672,131.0
28768,131.0
28784,131.0
28896,131.0
28912,68.0
29168,61.0
29488,130.0
29552,131.0
29696,131.0
29712,131.0
29872,68.0
30032,131.0
30400,93.0
30768,130.0
31008,130.0
31200,150.0
31216,130.0
31584,130.0
31648,131.0
31808,130.0
31952,131.0
32048,146.0
32048,64.0
32224,146.0
32416,148.0
32624,215.0
32736,67.0
32800,64.0
32848,55.0
33184,70.0
33328,131.0
33536,131.0
33712,115.0
33920,131.0
33984,131.0
34128,129.0
34320,130.0
34576,64.0
34848,131.0
34912,131.0
35264,150.0
35296,131.0
35744,150.0
35904,161.0
35952,131.0
36016,130.0
36032,131.0
36048,146.0
36240,131.0
36672,165.0
36688,131.0
36688,48.0
36960,131.0
37120,66.0
37536,141.0
37712,150.0
37856,131.0
38064,131.0
38336,130.0
38784,278.0
38960,42.0
39024,146.0
39040,146.0
39152,67.0
39232,131.0
39312,131.0
39568,290.0
39648,131.0
39824,131.0
40064,63.0
40096,70.0
40256,131.0
40656,108.0
40896,131.0
41264,131.0
41392,134.0
41536,138.0
41760,131.0
41824,174.0
41920,146.0
41920,130.0
42176,131.0
42192,130.0
42384,132.0
42544,130.0
42800,64.0
42928,103.0
43008,131.0
43152,131.0
43200,79.0
43344,167.0
43488,130.0
43504,266.0
43600,131.0
43648,131.0
43904,68.0
43904,107.0
43936,131.0
44032,131.0
45104,130.0
45280,83.0
45344,65.0
45376,116.0
45536,196.0
45600,131.0
45696,111.0
45760,131.0
45984,44.0
46240,55.0
46768,131.0
46976,61.0
47136,130.0
47360,215.0
47424,113.0
47568,136.0
47584,154.0
47648,131.0
47808,131.0
47856,130.0
48192,159.0
48336,46.0
48352,131.0
48624,50.0
49264,56.0
49280,63.0
49472,131.0
49504,131.0
49536,131.0
49664,130.0
49968,131.0
50160,66.0
50224,61.0
50432,162.0
50448,131.0
50528,63.0
50624,185.0
50736,131.0
51360,130.0
51376,131.0
51536,85.0
51648,131.0
51760,130.0
52336,131.0
52416,131.0
52416,152.0
52544,131.0
52560,131.0
52656,62.0
52736,131.0
52768,60.0
52848,131.0
53120,43.0
53488,131.0
53536,47.0
53584,138.0
53648,62.0
53648,68.0
53696,70.0
53808,66.0
53856,144.0
54448,131.0
54576,44.0
54832,63.0
54992,133.0
55232,131.0
55760,131.0
55760,131.0
55792,130.0
55808,131.0
55888,146.0
56288,130.0
56480,106.0
56944,61.0
57104,131.0
57232,46.0
57632,258.0
57744,131.0
58000,131.0
58128,73.0
58144,146.0
58208,149.0
58624,236.0
58800,131.0
58912,163.0
59056,69.0
59456,146.0
59968,145.0
59984,131.0
60112,131.0
60240,131.0
60288,150.0
61008,130.0
61008,148.0
61120,62.0
61568,131.0
61776,131.0
61856,131.0
62304,45.0
62336,130.0
62400,129.0
62400,131.0
62784,131.0
63024,190.0
63120,131.0
63376,131.0
63392,100.0
63520,69.0
63968,131.0
63984,131.0
64160,64.0
64352,66.0
64432,130.0
64512,131.0
64896,131.0
64992,63.0
65232,66.0
65472,130.0
65488,130.0
65616,130.0
65824,131.0
65904,91.0
66208,130.0
66288,197.0
66608,130.0
66656,64.0
66848,100.0
67088,130.0
67584,130.0
67728,144.0
67936,131.0
68016,131.0
68320,131.0
68400,55.0
68480,55.0
68496,131.0
68736,152.0
68736,101.0
68944,142.0
68960,131.0
69200,44.0
69312,168.0
69520,131.0
69664,160.0
69760,63.0
69840,131.0
70048,131.0
70432,131.0
70448,70.0
70464,131.0
70512,131.0
70592,130.0
70848,131.0
70976,90.0
71792,50.0
71856,130.0
71872,63.0
71936,130.0
72224,131.0
72544,130.0
72624,131.0
72688,46.0
72704,131.0
72768,47.0
73120,130.0
73280,66.0
73680,65.0
73840,236.0
73904,131.0
73968,131.0
73984,131.0
74336,131.0
74976,80.0
75280,350.0
75312,60.0
75392,131.0
75440,131.0
76000,130.0
76336,196.0
76336,146.0
76528,107.0
76848,55.0
77040,64.0
77072,58.0
77216,131.0
77440,68.0
77488,130.0
77504,92.0
77760,244.0
77760,152.0
78112,66.0
78192,131.0
78224,131.0
78448,131.0
78496,65.0
78560,149.0
78640,131.0
78960,131.0
79232,62.0
79312,130.0
79392,131.0
79536,64.0
79616,131.0
79664,131.0
80288,68.0
80304,131.0
81056,130.0
81408,61.0
81504,131.0
81632,130.0
81760,152.0
81808,98.0
81968,130.0
82320,131.0
82400,131.0
82400,130.0
82896,130.0
83408,62.0
83472,93.0
83600,130.0
83680,130.0
83824,130.0
83840,151.0
83872,131.0
84016,140.0
84432,131.0
84736,65.0
84960,67.0
84960,131.0
85008,131.0
85280,148.0
85376,131.0
85616,65.0
85696,130.0
85936,131.0
86128,72.0
86384,62.0
86496,66.0
86544,131.0
86592,130.0
86608,131.0
87120,61.0
87168,70.0
87248,69.0
87392,131.0
87520,56.0
87568,131.0
87600,62.0
87632,131.0
87792,130.0
88048,131.0
88080,49.0
88160,61.0
88416,50.0
88720,138.0
89664,130.0
89888,130.0
90192,131.0
90320,131.0
90416,147.0
90528,131.0
90592,130.0
91328,130.0
91424,268.0
91728,130.0
91760,130.0
91808,130.0
91856,131.0
91888,131.0
92000,131.0
92528,131.0
92784,63.0
93056,101.0
93440,131.0
93712,131.0
93824,130.0
93904,130.0
93968,131.0
93984,172.0
94000,131.0
94416,92.0
94496,131.0
94544,131.0
94640,131.0
95504,175.0
95552,131.0
95712,66.0
95936,131.0
96016,131.0
96080,131.0
96096,131.0
96112,131.0
96224,131.0
96528,131.0
96608,131.0
97008,131.0
97280,131.0
97664,131.0
97824,131.0
97888,131.0
98048,131.0
98192,130.0
98352,237.0
98480,153.0
98720,131.0
99120,131.0
99200,131.0
99296,172.0
99376,64.0
99440,59.0
99712,130.0
99776,131.0
100160,131.0
100304,131.0
100464,131.0
100656,143.0
100832,131.0
101120,131.0
101392,130.0
101504,131.0
101824,131.0
102032,130.0
102272,131.0
102288,66.0
102400,163.0
102576,131.0
102640,70.0
103056,149.0
103472,129.0
103504,71.0
103936,131.0
103968,64.0
104368,130.0
104400,131.0
104512,131.0
105168,131.0
105344,131.0
105568,130.0
105936,131.0
106064,159.0
106080,131.0
106080,218.0
106256,131.0
106304,45.0
106464,130.0
106496,130.0
106640,43.0
106768,131.0
106800,178.0
106896,131.0
107120,197.0
107168,67.0
107440,130.0
107488,61.0
108000,176.0
108112,61.0
108176,131.0
108464,148.0
108512,131.0
108560,130.0
108704,152.0
108880,131.0
109008,131.0
109120,43.0
109296,69.0
109360,77.0
109600,131.0
109840,149.0
110208,212.0
110576,131.0
110624,131.0
110656,217.0
110816,131.0
110864,131.0
110912,181.0
110992,131.0
111104,130.0
111232,131.0
111408,131.0
111696,130.0
111776,69.0
112320,131.0
112400,113.0
112432,63.0
112448,90.0
112624,63.0
112976,131.0
113024,131.0
113216,131.0
113488,72.0
113536,67.0
113584,146.0
113728,131.0
113872,67.0
113888,131.0
113968,61.0
114016,144.0
114096,66.0
114400,131.0
114528,130.0
114736,131.0
114896,62.0
115104,67.0
115200,41.0
115328,131.0
115600,131.0
115632,131.0
115648,131.0
115696,49.0
115968,130.0
116208,131.0
116256,65.0
116368,64.0
116512,131.0
116656,65.0
116912,131.0
116912,149.0
117008,131.0
117216,131.0
117280,206.0
117760,131.0
117792,130.0
117808,96.0
117808,131.0
118080,131.0
118320,131.0
118624,131.0
118848,64.0
119296,131.0
119312,130.0
119632,169.0
119840,130.0
119872,131.0
120736,131.0
121216,75.0
121232,131.0
121424,42.0
121488,130.0
121728,130.0
121744,131.0
121776,131.0
121808,130.0
121952,131.0
122288,150.0
122432,135.0
122544,131.0
122720,131.0
122816,62.0
122864,56.0
123072,131.0
123312,130.0
123328,130.0
123536,131.0
123600,131.0
123744,146.0
123776,65.0
123840,131.0
123920,68.0
124208,153.0
124384,131.0
124512,170.0
124544,131.0
124576,93.0
124656,131.0
125264,149.0
125408,130.0
125440,131.0
125584,66.0
125648,131.0
125856,131.0
125952,96.0
126256,41.0
126304,153.0
126496,131.0
126688,131.0
126768,131.0
127008,43.0
127552,131.0
127760,131.0
128048,130.0
128192,131.0
128192,145.0
128192,173.0
128368,131.0
128400,131.0
128448,66.0
128608,131.0
128800,131.0
128912,131.0
128960,47.0
130064,131.0
130160,154.0
130240,154.0
130304,131.0
130512,131.0
130720,131.0
130880,91.0
130896,152.0
130912,131.0
131024,131.0
131072,131.0
131312,283.0
131728,260.0
131872,60.0
132176,131.0
132272,131.0
132352,131.0
132368,90.0
132400,131.0
132416,131.0
132576,131.0
132928,74.0
133056,145.0
133072,136.0
133680,147.0
133968,130.0
134464,130.0
134512,131.0
134688,131.0
134736,144.0
134768,161.0
135040,131.0
135072,131.0
135248,131.0
135424,147.0
136000,272.0
136128,43.0
136192,156.0
136416,164.0
136576,131.0
136800,131.0
136832,130.0
137120,146.0
137168,138.0
137184,174.0
137296,131.0
137344,130.0
137488,152.0
137856,63.0
138112,131.0
138224,130.0
138288,130.0
138688,131.0
138832,150.0
139136,145.0
139232,131.0
139280,130.0
139280,131.0
139296,131.0
139408,131.0
139440,176.0
139824,154.0
139968,131.0
140288,62.0
140320,130.0
140464,146.0
140800,84.0
140944,131.0
141088,131.0
141248,131.0
141392,131.0
141408,131.0
141520,131.0
141696,131.0
142112,60.0
142432,131.0
143056,61.0
143200,131.0
143280,49.0
143360,131.0
143488,265.0
143520,131.0
143600,129.0
143792,104.0
143872,154.0
144576,80.0
145056,165.0
145104,131.0
145168,131.0
145184,162.0
145296,44.0
145312,131.0
145376,276.0
145504,175.0
145696,130.0
145984,131.0
146192,50.0
146384,216.0
146512,64.0
146656,131.0
146704,131.0
146880,42.0
147168,131.0
147408,106.0
147488,48.0
147552,148.0
147616,131.0
147712,149.0
147744,131.0
148096,131.0
148288,61.0
148480,130.0
148496,62.0
148576,53.0
148752,63.0
148992,131.0
149312,130.0
149664,72.0
149856,131.0
149968,60.0
150208,131.0
150304,48.0
150400,131.0
150400,242.0
150480,131.0
150592,131.0
150816,42.0
150848,130.0
150864,131.0
151760,84.0
152016,146.0
152080,131.0
152416,131.0
152416,131.0
152480,151.0
152512,131.0
152592,131.0
152704,131.0
152800,131.0
152912,55.0
152928,131.0
153152,41.0
153200,131.0
153328,131.0
153984,65.0
154000,67.0
154528,131.0
154528,131.0
154608,296.0
154608,130.0
154976,61.0
155072,130.0
155072,131.0
155296,168.0
155504,60.0
155584,69.0
155600,152.0
155616,100.0
156368,66.0
156592,130.0
156640,131.0
156672,152.0
156720,131.0
156720,131.0
156912,301.0
156928,131.0
157008,130.0
157184,131.0
157600,130.0
157664,167.0
157696,131.0
157712,131.0
157728,131.0
158464,130.0
158672,59.0
158688,130.0
158784,131.0
158800,131.0
158816,130.0
159024,131.0
159120,131.0
159296,131.0
159488,177.0
159712,131.0
159760,130.0
159808,131.0
159824,130.0
160256,88.0
160480,221.0
160576,131.0
160800,131.0
160896,131.0
160912,131.0
160928,131.0
161328,143.0
161600,131.0
161824,131.0
161856,130.0
162144,45.0
162304,155.0
162368,131.0
162688,131.0
162896,131.0
162896,130.0
162960,154.0
163008,131.0
163344,151.0
163440,131.0
163968,131.0
164016,60.0
164464,130.0
164528,148.0
165120,151.0
165120,131.0
165136,41.0
165456,131.0
165728,109.0
165808,131.0
166144,148.0
166624,130.0
166832,131.0
166976,61.0
167120,131.0
167232,131.0
167248,131.0
167568,131.0
167760,332.0
167824,144.0
167824,130.0
167856,244.0
167920,131.0
167952,131.0
168304,91.0
168512,147.0
168992,66.0
169232,131.0
169328,130.0
169344,147.0
169696,43.0
169856,130.0
169968,131.0
170064,131.0
170176,146.0
170384,64.0
170416,131.0
170560,408.0
170832,131.0
171440,131.0
171456,130.0
171520,98.0
171792,130.0
171792,131.0
171968,131.0
172080,131.0
172400,138.0
172496,131.0
173056,55.0
173424,63.0
173456,163.0
173456,131.0
173568,131.0
173632,131.0
173856,131.0
173888,130.0
173904,131.0
173920,154.0
174192,131.0
174368,94.0
174528,66.0
174608,131.0
174848,131.0
174896,131.0
175024,86.0
175152,48.0
175568,131.0
175968,131.0
176032,131.0
176144,69.0
176304,131.0
176640,131.0
176736,132.0
176752,178.0
177008,131.0
177232,129.0
177680,57.0
178016,66.0
178096,130.0
178144,135.0
178624,215.0
178640,316.0
178672,147.0
178896,46.0
178912,141.0
179136,149.0
179344,131.0
179504,113.0
179984,500.0
180128,131.0
180416,144.0
180528,273.0
180752,131.0
181008,131.0
181024,149.0
181248,131.0
181456,131.0
181792,194.0
181904,131.0
181968,153.0
182000,372.0
182080,130.0
182240,131.0
182288,131.0
182640,131.0
182720,131.0
182848,65.0
183120,131.0
183136,131.0
183264,177.0
183808,114.0
184192,131.0
184352,131.0
184400,131.0
184400,149.0
184480,102.0
184688,130.0
184752,131.0
184944,130.0
185072,137.0
185424,143.0
185552,71.0
185744,61.0
185920,131.0
185968,130.0
186112,130.0
186464,131.0
186480,68.0
186576,130.0
186800,131.0
186832,98.0
186848,165.0
187184,131.0
187536,131.0
187840,61.0
187856,131.0
187968,93.0
188080,131.0
188272,103.0
188416,131.0
188592,131.0
188688,131.0
188896,131.0
188912,131.0
188928,130.0
189088,69.0
189952,131.0
189952,130.0
190384,131.0
190528,131.0
190688,130.0
190800,131.0
190896,130.0
191008,131.0
191024,131.0
191200,131.0
191488,49.0
191744,131.0
192064,131.0
192112,67.0
192240,131.0
192496,131.0
192608,130.0
192640,131.0
192784,131.0
192896,71.0
192912,131.0
193008,131.0
193344,102.0
193392,148.0
194224,131.0
194464,138.0
194720,131.0
194752,131.0
194896,131.0
195024,131.0
195408,149.0
195632,154.0
195664,146.0
196704,130.0
196864,131.0
197104,148.0
197376,196.0
197520,131.0
197696,152.0
197744,131.0
197984,131.0
198144,147.0
198384,131.0
198656,130.0
198816,131.0
198976,131.0
199104,130.0
199184,219.0
199200,130.0
199328,58.0
199392,142.0
199456,144.0
199680,131.0
200208,46.0
200256,131.0
200480,170.0
200768,131.0
200912,200.0
201088,131.0
201216,131.0
201296,131.0
201440,131.0
201504,131.0
202096,150.0
202208,131.0
202320,131.0
202368,151.0
202368,131.0
202592,131.0
203024,131.0
203168,131.0
203200,131.0
203360,61.0
203392,68.0
203408,130.0
203440,131.0
203552,131.0
203616,131.0
204160,49.0
204192,49.0
204320,131.0
204416,62.0
204432,131.0
204800,151.0
204912,46.0
205056,131.0
205136,131.0
205280,131.0
205312,131.0
205472,65.0
205520,131.0
205552,131.0
205648,130.0
206304,131.0
206320,62.0
206432,131.0
206544,63.0
206640,130.0
206864,70.0
206880,113.0
206992,115.0
207024,131.0
207344,64.0
207360,64.0
207488,65.0
207584,131.0
207664,131.0
207728,152.0
207760,131.0
207872,62.0
208032,69.0
208736,42.0
208752,333.0
208944,66.0
208992,131.0
209104,131.0
209360,131.0
209872,131.0
209904,139.0
210144,131.0
210528,174.0
210848,131.0
210976,68.0
211040,131.0
211040,130.0
211216,131.0
211248,131.0
211472,131.0
211792,131.0
212016,131.0
212080,154.0
212144,68.0
212192,44.0
212256,131.0
212640,131.0
212960,131.0
213152,131.0
213312,130.0
213440,153.0
213488,131.0
214192,131.0
214256,131.0
214288,130.0
214304,71.0
214368,131.0
214416,130.0
214736,130.0
214816,131.0
215072,131.0
215312,55.0
215360,61.0
215584,130.0
216208,143.0
216368,131.0
216384,130.0
216400,130.0
217168,146.0
217184,131.0
217456,67.0
217472,131.0
217536,131.0
217536,174.0
217584,131.0
217840,157.0
217872,142.0
217952,149.0
218320,131.0
218384,130.0
218416,275.0
218416,51.0
218544,67.0
218912,64.0
218960,111.0
219088,131.0
219536,131.0
219536,61.0
219648,131.0
219952,131.0
220240,142.0
220368,51.0
220432,131.0
220512,130.0
220528,131.0
220656,131.0
220752,147.0
220928,131.0
221008,130.0
221248,50.0
221296,65.0
221632,68.0
221648,131.0
221680,81.0
221808,131.0
222016,279.0
222064,131.0
222624,131.0
222768,131.0
222848,130.0
223024,130.0
223120,131.0
223408,131.0
223488,143.0
223760,56.0
223776,130.0
223872,131.0
223920,131.0
223920,55.0
224096,177.0
224112,153.0
224128,131.0
224176,131.0
224448,64.0
224720,99.0
224832,66.0
224880,131.0
224896,141.0
225600,131.0
225648,91.0
226032,131.0
226208,131.0
226224,131.0
226272,146.0
226912,131.0
227136,143.0
227200,154.0
227712,131.0
227760,131.0
228272,131.0
228304,130.0
228352,131.0
228352,131.0
228768,65.0
229024,131.0
229248,131.0
229312,131.0
229408,131.0
229824,131.0
229872,131.0
230208,131.0
230464,131.0
230496,131.0
230576,287.0
231072,113.0
231200,61.0
231216,131.0
231232,45.0
231424,131.0
231520,131.0
231744,169.0
231936,131.0
232224,149.0
232320,49.0
232528,131.0
233152,131.0
233184,131.0
233328,131.0
233344,131.0
233840,130.0
234336,131.0
234432,131.0
234560,130.0
234624,233.0
234720,136.0
234880,130.0
235040,130.0
235152,130.0
235296,131.0
235376,131.0
235440,131.0
235536,148.0
235952,131.0
236544,131.0
236608,90.0
236640,143.0
236672,131.0
236816,130.0
236928,130.0
237488,162.0
237488,131.0
237616,60.0
237648,131.0
237680,47.0
238656,131.0
238720,131.0
238896,240.0
238928,131.0
239088,63.0
239120,152.0
239600,131.0
239600,131.0
239760,131.0
239792,131.0
239888,64.0
239920,131.0
240368,147.0
240768,131.0
240832,131.0
240896,68.0
240976,65.0
241008,131.0
241200,129.0
241312,49.0
241760,525.0
241840,131.0
241872,131.0
242000,131.0
242096,67.0
242208,64.0
242880,131.0
242912,64.0
243152,131.0
243312,131.0
243408,237.0
243824,41.0
243936,130.0
244064,131.0
244112,131.0
244208,152.0
244208,131.0
244576,141.0
244592,131.0
244928,68.0
245056,131.0
245520,131.0
245920,131.0
246048,131.0
246304,130.0
246432,144.0
246704,48.0
247168,131.0
247424,130.0
247424,69.0
247632,131.0
248160,131.0
248224,131.0
248816,131.0
249072,280.0
249152,131.0
249424,144.0
249536,131.0
249536,131.0
249920,412.0
250336,131.0
250384,131.0
250416,231.0
250816,412.0
250816,79.0
250928,280.0
251248,130.0
251648,131.0
252288,64.0
252288,146.0
252784,147.0
252928,131.0
252928,131.0
253088,49.0
253408,154.0
253504,131.0
253520,149.0
253632,51.0
253760,131.0
253856,130.0
254096,62.0
254336,130.0
254480,131.0
254608,131.0
254816,130.0
255040,131.0
255472,130.0
255616,49.0
255648,131.0
255776,141.0
255856,145.0
255872,131.0
255952,130.0
256016,61.0
256320,52.0
256368,184.0
256400,143.0
256448,131.0
256496,90.0
256576,49.0
256592,131.0
256704,130.0
256736,69.0
256784,64.0
257248,146.0
257600,63.0
257728,63.0
257968,130.0
258352,145.0
258592,102.0
258608,131.0
258736,147.0
258832,185.0
258880,130.0
258912,153.0
258928,136.0
258960,106.0
259712,131.0
259728,109.0
259840,131.0
259872,131.0
260464,131.0
260544,131.0
260704,131.0
260720,131.0
260816,131.0
260944,131.0
260992,131.0
261024,131.0
261040,131.0
261504,64.0
261616,66.0
261824,131.0
262400,166.0
262928,131.0
263056,146.0
263056,131.0
263280,151.0
263456,148.0
263600,130.0
263936,131.0
264256,144.0
264272,61.0
264512,131.0
264960,63.0
265040,131.0
265168,131.0
265200,130.0
265328,113.0
265344,67.0
265456,143.0
265552,130.0
265712,131.0
265840,131.0
266048,49.0
266384,131.0
266448,68.0
266464,62.0
266560,62.0
266688,94.0
266880,131.0
267072,131.0
267360,131.0
267440,131.0
267520,154.0
267584,70.0
268160,184.0
268784,130.0
269456,130.0
269552,131.0
269616,201.0
269648,151.0
269696,131.0
269888,131.0
269936,131.0
270240,131.0
270272,131.0
270784,131.0
270960,63.0
271136,146.0
271504,131.0
271568,131.0
271760,131.0
271808,131.0
271856,66.0
271904,146.0
272208,131.0
272288,251.0
272576,62.0
273088,177.0
273088,172.0
273344,83.0
273584,130.0
273872,131.0
273904,149.0
274160,65.0
274320,131.0
274496,131.0
275184,131.0
275200,131.0
275456,131.0
275616,126.0
276016,131.0
276032,131.0
276064,53.0
276128,57.0
276272,131.0
276416,131.0
276416,130.0
276464,130.0
276736,44.0
276816,48.0
277136,131.0
277296,131.0
277728,131.0
278368,149.0
278384,131.0
278432,131.0
278528,131.0
278704,131.0
278848,131.0
278912,130.0
279568,151.0
279680,131.0
279760,65.0
280416,62.0
280480,131.0
280544,131.0
280560,62.0
280624,130.0
280624,131.0
280960,131.0
281024,164.0
281312,148.0
281504,59.0
281792,131.0
281872,131.0
282272,168.0
282464,131.0
282512,130.0
282592,131.0
282672,131.0
282736,131.0
282768,172.0
283072,131.0
283104,130.0
283600,130.0
283904,72.0
283904,131.0
283968,130.0
284704,131.0
284720,212.0
284768,131.0
284784,131.0
284832,109.0
284880,131.0
285200,130.0
285296,131.0
285696,130.0
285856,44.0
285984,68.0
286016,131.0
286080,131.0
286544,344.0
286736,131.0
286816,130.0
286928,131.0
286944,131.0
287120,150.0
287152,148.0
288016,66.0
288144,152.0
288192,131.0
288368,146.0
288384,149.0
288464,130.0
288608,130.0
288656,131.0
288928,131.0
289040,131.0
289072,145.0
289216,130.0
289424,131.0
289760,71.0
290064,61.0
290128,43.0
290128,131.0
290224,115.0
290240,130.0
290240,144.0
290288,130.0
290480,130.0
291008,131.0
291152,131.0
291312,67.0
291344,65.0
291360,131.0
291408,171.0
291872,131.0
292080,225.0
292240,131.0
292336,130.0
292352,131.0
292352,64.0
292464,149.0
292752,41.0
292768,100.0
292912,151.0
293120,131.0
293136,130.0
293280,57.0
293456,131.0
293472,131.0
293520,131.0
293824,84.0
293856,67.0
293968,130.0
294304,58.0
294352,131.0
294448,131.0
294752,48.0
294864,131.0
294944,69.0
295024,131.0
295232,130.0
295232,131.0
295392,131.0
295584,131.0
295840,50.0
295952,130.0
296400,130.0
296544,130.0
296560,60.0
296800,146.0
296976,131.0
297312,147.0
297344,131.0
297696,151.0
297872,66.0
297920,145.0
297952,131.0
298128,48.0
298400,152.0
298672,201.0
299088,131.0
299456,131.0
299552,131.0
299696,148.0
299984,131.0
300016,100.0
300336,130.0
300496,186.0
300768,131.0
300784,131.0
301184,130.0
301552,48.0
301648,130.0
302080,142.0
302128,131.0
302144,130.0
302448,131.0
302608,131.0
302656,255.0
302672,69.0
302816,144.0
303184,131.0
303296,131.0
303344,130.0
303904,130.0
304032,52.0
304208,131.0
304224,130.0
304256,131.0
304464,72.0
304544,153.0
304720,131.0
304768,131.0
305168,56.0
305168,70.0
305296,131.0
305296,67.0
305488,131.0
306000,130.0
306096,130.0
306576,131.0
306656,131.0
306880,131.0
307072,66.0
307264,130.0
307280,131.0
307456,70.0
307600,131.0
307648,301.0
307712,313.0
308016,131.0
308416,83.0
308768,131.0
308928,146.0
309200,144.0
309376,131.0
309392,131.0
309520,131.0
309552,130.0
309760,131.0
309840,151.0
310080,43.0
310128,131.0
310208,155.0
310336,264.0
310448,42.0
310528,131.0
310528,42.0
310864,130.0
311024,130.0
311056,131.0
311248,49.0
311504,131.0
311616,131.0
311664,131.0
311824,131.0
311920,149.0
312192,131.0
312320,131.0
312640,131.0
312720,68.0
312864,41.0
313088,47.0
313104,172.0
313616,131.0
313664,150.0
313776,131.0
314144,93.0
314336,100.0
314576,131.0
314720,51.0
314928,142.0
314976,131.0
314992,247.0
315072,130.0
315200,130.0
315200,131.0
315776,131.0
315888,131.0
316240,130.0
316368,111.0
316432,131.0
316448,131.0
316832,131.0
316880,104.0
317040,131.0
317104,131.0
317168,130.0
317296,130.0
317440,66.0
317888,131.0
318560,131.0
318944,131.0
318976,100.0
318992,131.0
319136,130.0
319200,131.0
319200,130.0
319264,130.0
319632,243.0
320096,240.0
320224,63.0
320416,157.0
320624,61.0
320640,85.0
320800,153.0
320944,148.0
321232,130.0
321312,131.0
321696,131.0
322208,131.0
322320,130.0
322768,146.0
322912,131.0
322928,131.0
322992,146.0
323024,129.0
323424,131.0
323568,131.0
323808,131.0
324288,131.0
324432,131.0
324800,62.0
324992,131.0
325024,130.0
325376,131.0
325440,150.0
325536,131.0
325920,131.0
325936,67.0
326288,329.0
326400,131.0
326496,64.0
326528,130.0
326800,201.0
326912,131.0
327072,48.0
327136,131.0
327376,130.0
327488,155.0
327856,154.0
327888,60.0
327936,149.0
328048,131.0
328496,62.0
328704,206.0
328816,150.0
328912,131.0
329088,74.0
329184,70.0
329216,69.0
329296,145.0
329488,131.0
329600,154.0
329600,65.0
329968,131.0
330032,70.0
330048,131.0
330224,45.0
330720,130.0
330800,130.0
330816,63.0
330848,109.0
330944,152.0
331008,64.0
331328,131.0
331408,131.0
331760,50.0
331888,66.0
331968,147.0
332128,130.0
332416,93.0
332528,153.0
332832,131.0
332960,131.0
333104,130.0
333520,131.0
333600,221.0
333824,131.0
333840,62.0
333872,131.0
334288,143.0
334560,64.0
334560,151.0
334768,151.0
335072,131.0
335216,131.0
335888,152.0
335952,131.0
336064,130.0
336112,131.0
336192,91.0
336224,131.0
336400,131.0
336656,130.0
336656,130.0
337312,130.0
337424,146.0
337728,52.0
337936,131.0
338032,131.0
338064,131.0
338304,131.0
338304,131.0
338768,131.0
339072,131.0
339232,57.0
339264,114.0
339616,81.0
339840,131.0
339856,131.0
339952,42.0
340048,131.0
340112,64.0
340176,131.0
340208,131.0
340224,130.0
340336,131.0
340528,67.0
340992,64.0
341104,147.0
341344,131.0
341648,131.0
341728,131.0
341808,50.0
342224,131.0
342240,131.0
342336,131.0
342448,131.0
343216,131.0
343232,93.0
343328,196.0
343456,131.0
343760,131.0
344128,144.0
344256,130.0
344352,131.0
344432,131.0
344528,143.0
344560,131.0
344624,142.0
344864,68.0
345072,150.0
345312,130.0
345440,131.0
345744,142.0
345888,63.0
346176,131.0
346352,62.0
346448,65.0
346544,131.0
346640,131.0
346720,365.0
347184,131.0
347200,131.0
347296,130.0
347424,131.0
347488,64.0
347632,61.0
347792,100.0
348000,131.0
348528,173.0
348816,130.0
349152,130.0
349296,131.0
349344,133.0
349344,317.0
349520,61.0
349536,131.0
349584,130.0
349648,152.0
349904,131.0
349984,151.0
350144,177.0
350240,55.0
350288,43.0
350928,131.0
351184,131.0
351264,131.0
351856,97.0
352096,131.0
352272,185.0
352816,131.0
352848,131.0
352912,131.0
353280,130.0
353376,131.0
353568,131.0
353968,131.0
354208,131.0
354336,131.0
354368,131.0
354960,131.0
354992,63.0
355152,64.0
355200,142.0
355216,149.0
355552,135.0
355680,149.0
355680,131.0
355872,131.0
356032,66.0
356320,131.0
356432,130.0
356576,131.0
356720,146.0
357024,131.0
357232,74.0
357584,147.0
357776,130.0
357856,178.0
358432,131.0
358608,131.0
358688,131.0
358832,65.0
359088,128.0
359376,131.0
359424,131.0
359632,147.0
359936,68.0
359968,131.0
360080,130.0
360112,63.0
360784,43.0
360944,131.0
360944,60.0
360992,65.0
361136,157.0
361408,131.0
361488,131.0
361712,148.0
361744,131.0
362400,240.0
362512,150.0
362880,130.0
362896,131.0
362928,123.0
363232,130.0
363344,131.0
363392,149.0
363520,131.0
363920,149.0
363952,66.0
364000,68.0
364512,131.0
364624,131.0
364624,63.0
365040,131.0
365136,130.0
365280,220.0
365328,130.0
365344,131.0
365440,130.0
365504,131.0
365616,130.0
366096,130.0
366224,67.0
366304,63.0
366464,69.0
366624,131.0
366720,130.0
366800,80.0
367008,131.0
367536,93.0
367552,131.0
367568,83.0
367728,131.0
368160,131.0
368528,151.0
368528,131.0
368848,131.0
369040,81.0
369104,143.0
369120,131.0
369248,131.0
369648,131.0
369664,130.0
369712,41.0
370512,130.0
370592,241.0
370624,130.0
370736,198.0
370768,69.0
370832,130.0
370832,272.0
370960,131.0
371200,130.0
371216,130.0
371760,130.0
371808,130.0
372064,68.0
372192,130.0
372736,131.0
372832,130.0
372928,130.0
372976,148.0
373312,131.0
373328,131.0
373872,131.0
373904,130.0
373920,131.0
373984,81.0
374064,45.0
374176,131.0
374304,131.0
374848,131.0
374976,357.0
375056,131.0
375088,131.0
375184,116.0
375232,143.0
375792,131.0
375968,130.0
376032,131.0
376176,131.0
376560,148.0
376960,131.0
377104,131.0
377200,131.0
377296,131.0
377344,131.0
377536,154.0
378080,131.0
378112,131.0
378272,130.0
378704,108.0
378912,146.0
379184,130.0
379456,131.0
379536,145.0
379600,143.0
379648,131.0
379680,60.0
379792,151.0
380000,130.0
380192,131.0
380320,137.0
380368,131.0
380384,131.0
381024,131.0
381280,130.0
381904,131.0
382112,131.0
382368,131.0
382432,131.0
382480,174.0
382480,130.0
382480,131.0
383456,153.0
383872,131.0
383936,279.0
384016,131.0
384048,130.0
384208,131.0
384224,131.0
384400,130.0
384480,131.0
384480,146.0
384544,131.0
384592,131.0
385040,72.0
385056,131.0
385248,131.0
385280,131.0
386048,131.0
386128,131.0
386288,130.0
386336,131.0
386592,131.0
386656,131.0
386672,130.0
386816,145.0
386864,153.0
387024,42.0
387152,131.0
387168,131.0
387360,131.0
387376,130.0
387840,72.0
388048,42.0
388160,131.0
388208,64.0
388384,260.0
388704,131.0
388864,170.0
388928,131.0
388976,131.0
389040,145.0
389424,44.0
390144,62.0
390320,131.0
390496,131.0
390528,154.0
390816,41.0
390928,93.0
391088,131.0
391280,130.0
391312,61.0
391360,131.0
391680,136.0
392080,196.0
392144,68.0
392224,70.0
392464,102.0
392608,63.0
392640,131.0
392784,68.0
392992,131.0
393136,61.0
393392,131.0
393408,130.0
393440,131.0
393552,136.0
393808,165.0
394576,131.0
394864,197.0
395216,131.0
395328,94.0
395424,41.0
395504,130.0
395552,131.0
396496,131.0
396672,131.0
396672,130.0
396832,131.0
396960,130.0
397472,71.0
397648,50.0
397664,225.0
397712,155.0
397984,131.0
398336,176.0
398528,62.0
399104,63.0
399408,131.0
399584,131.0
399760,131.0
399760,131.0
399808,148.0
399824,131.0
400000,149.0
400096,131.0
400448,131.0
400624,130.0
400704,130.0
401184,131.0
401456,167.0
401872,131.0
401936,131.0
401984,149.0
402112,131.0
402272,131.0
403088,60.0
403328,131.0
403456,131.0
403552,130.0
403648,148.0
403984,131.0
404096,137.0
404256,141.0
404352,131.0
404384,131.0
404576,63.0
404912,130.0
404928,130.0
404928,55.0
405072,60.0
405200,131.0
405568,131.0
405648,66.0
405808,245.0
406096,131.0
406192,61.0
406352,130.0
406464,131.0
406496,131.0
407024,131.0
407040,131.0
407184,131.0
407200,45.0
407552,131.0
407664,130.0
407872,131.0
407984,59.0
408128,154.0
408208,131.0
408464,131.0
408528,131.0
408608,131.0
409152,131.0
409296,131.0
409776,131.0
410032,131.0
410144,141.0
410304,130.0
410784,131.0
411040,151.0
411232,130.0
411264,131.0
411296,61.0
411360,143.0
411424,131.0
411888,131.0
412144,131.0
412256,131.0
412288,63.0
412304,131.0
412464,131.0
412752,131.0
413152,131.0
413184,149.0
413344,131.0
413408,131.0
413680,131.0
414000,131.0
414304,131.0
414384,130.0
414560,64.0
414784,154.0
415296,131.0
415312,65.0
415408,51.0
415440,130.0
415520,131.0
415664,156.0
416320,173.0
416448,152.0
416464,130.0
416496,131.0
416640,184.0
416672,131.0
416896,131.0
416960,131.0
417408,130.0
417488,63.0
417520,66.0
417552,131.0
417616,130.0
418144,91.0
418368,50.0
418432,173.0
418432,131.0
418832,145.0
419520,131.0
419568,66.0
419968,152.0
420256,131.0
420464,130.0
420496,57.0
420544,131.0
420672,99.0
420864,131.0
420912,154.0
420944,131.0
421408,149.0
421424,54.0
421632,131.0
421696,63.0
421744,131.0
421840,131.0
421856,61.0
421904,131.0
422064,130.0
422272,150.0
422368,131.0
422560,130.0
422608,131.0
422720,131.0
423024,131.0
423056,131.0
423536,131.0
423760,64.0
423952,131.0
424384,131.0
424880,63.0
424992,151.0
425136,131.0
425152,130.0
425632,131.0
425648,131.0
425696,131.0
425776,65.0
425792,255.0
426048,131.0
426064,131.0
426208,152.0
426288,131.0
426592,131.0
426992,131.0
427104,131.0
427120,65.0
427152,94.0
427264,131.0
427312,131.0
427904,131.0
428144,64.0
428320,131.0
428384,130.0
428496,174.0
428560,173.0
429344,130.0
429456,131.0
429472,60.0
429648,64.0
429728,150.0
429856,130.0
430000,131.0
430016,131.0
430272,131.0
430496,146.0
430672,131.0
430736,62.0
431136,118.0
431376,131.0
431456,131.0
431488,131.0
431568,131.0
431584,131.0
431744,130.0
431968,131.0
432112,131.0
432112,60.0
432112,232.0
432368,130.0
432592,130.0
432784,131.0
432832,130.0
432944,74.0
433152,64.0
433232,131.0
433424,122.0
433488,131.0
433504,56.0
433600,131.0
434016,66.0
434208,130.0
434224,131.0
434272,64.0
434384,150.0
434416,131.0
434880,130.0
434944,131.0
435072,149.0
435536,131.0
435600,130.0
435792,131.0
435888,91.0
436128,131.0
436320,131.0
436336,131.0
436480,130.0
436592,131.0
436640,64.0
436704,151.0
437184,131.0
437360,64.0
437888,130.0
438064,130.0
438448,131.0
438496,147.0
438528,131.0
438704,131.0
438816,131.0
439456,130.0
439488,131.0
439712,78.0
439792,67.0
439824,131.0
439968,173.0
439984,130.0
440016,88.0
440112,131.0
440176,131.0
440272,48.0
440544,66.0
440608,131.0
440928,131.0
441264,100.0
441344,146.0
441456,91.0
441840,148.0
441904,131.0
441936,131.0
442384,131.0
442656,131.0
442896,61.0
443040,131.0
443072,153.0
443456,131.0
443552,130.0
443936,131.0
444048,131.0
444176,131.0
444384,131.0
444512,65.0
444544,93.0
445008,131.0
445024,198.0
445152,242.0
445184,131.0
445664,131.0
446128,69.0
446336,131.0
446416,131.0
446496,131.0
446592,404.0
446656,131.0
446688,63.0
446704,137.0
446864,146.0
446896,132.0
446992,131.0
447136,131.0
447264,131.0
447296,131.0
447680,61.0
448240,131.0
448368,68.0
448640,145.0
448752,134.0
448816,131.0
449008,131.0
449104,131.0
449408,131.0
449792,131.0
449936,73.0
450352,131.0
450480,131.0
450512,131.0
450640,131.0
450704,131.0
450880,131.0
451056,69.0
451120,143.0
451120,131.0
451216,131.0
451712,66.0
451728,68.0
451904,131.0
452560,129.0
452864,131.0
452992,131.0
453104,149.0
453232,131.0
453232,131.0
453312,130.0
453328,304.0
453440,131.0
453536,154.0
453840,131.0
454000,130.0
454672,131.0
455200,130.0
455344,131.0
455424,131.0
455440,131.0
455472,120.0
455744,144.0
456144,131.0
456144,168.0
456240,150.0
456752,62.0
456800,174.0
456832,42.0
456976,64.0
457328,146.0
457440,131.0
457456,131.0
457472,152.0
457536,131.0
457536,130.0
457552,146.0
457552,131.0
457584,131.0
457632,49.0
457808,62.0
458352,131.0
459088,131.0
459552,131.0
459552,131.0
459568,131.0
459648,131.0
459648,130.0
459696,131.0
459744,131.0
460336,174.0
460464,131.0
461312,130.0
461472,70.0
461536,66.0
461664,131.0
461664,131.0
461776,131.0
461856,131.0
462016,130.0
462272,66.0
462848,64.0
463072,131.0
463344,66.0
463424,131.0
463456,241.0
463648,131.0
463664,131.0
463776,131.0
463792,131.0
463856,131.0
463888,131.0
463968,131.0
464128,131.0
464528,178.0
465120,141.0
465184,131.0
465456,131.0
465536,131.0
465568,131.0
465680,131.0
465888,131.0
465968,131.0
466000,131.0
466080,131.0
466192,149.0
466240,131.0
466640,131.0
466768,268.0
466992,68.0
467232,131.0
467296,131.0
467568,131.0
467648,131.0
467680,131.0
467792,131.0
468080,131.0
468112,131.0
468304,131.0
468352,131.0
468416,102.0
468608,59.0
468752,131.0
469104,131.0
469168,65.0
469248,86.0
469344,131.0
469408,131.0
469536,48.0
469680,131.0
469776,130.0
469984,131.0
470192,131.0
470288,130.0
470448,130.0
470720,131.0
470832,157.0
471216,131.0
471248,59.0
471280,131.0
471296,131.0
471360,131.0
471440,130.0
471520,131.0
471648,131.0
471792,131.0
472000,131.0
472096,131.0
472304,131.0
472336,67.0
472560,131.0
472672,54.0
473264,72.0
473408,131.0
473472,131.0
473552,131.0
473568,177.0
473760,131.0
474096,43.0
474400,130.0
474432,131.0
474448,152.0
474448,131.0
474784,131.0
474960,131.0
475040,131.0
475376,131.0
475568,130.0
475840,141.0
476192,130.0
476512,131.0
476528,130.0
476784,131.0
477072,131.0
477152,131.0
477232,173.0
477472,130.0
477552,131.0
477680,131.0
477920,131.0
477952,65.0
478112,152.0
478304,131.0
478640,72.0
478896,131.0
479168,130.0
479200,148.0
479344,131.0
479344,86.0
479632,154.0
479648,130.0
479792,131.0
479808,65.0
480032,131.0
480208,64.0
480416,131.0
480416,143.0
480736,131.0
481024,50.0
481024,130.0
481312,131.0
481456,131.0
481760,131.0
481904,131.0
482064,65.0
482112,154.0
482128,130.0
482528,93.0
482656,250.0
482848,131.0
483104,61.0
483136,131.0
483296,72.0
483408,130.0
483568,131.0
483872,63.0
484016,131.0
484032,131.0
484160,130.0
484160,149.0
484320,63.0
484608,130.0
484832,342.0
485136,60.0
485216,131.0
485248,131.0
485312,148.0
485664,130.0
485936,49.0
486128,131.0
486176,143.0
486272,131.0
486400,147.0
486880,131.0
486944,131.0
487312,130.0
487360,131.0
487424,131.0
487744,83.0
487776,131.0
487872,325.0
488048,131.0
488240,131.0
488272,130.0
488384,131.0
488992,131.0
489024,48.0
489424,131.0
489696,41.0
490400,304.0
490496,131.0
490976,67.0
491104,131.0
491424,229.0
491520,202.0
491584,131.0
491808,131.0
491952,588.0
492272,131.0
492448,153.0
492496,130.0
492608,131.0
493024,130.0
493216,131.0
493536,131.0
493680,130.0
493728,130.0
493904,130.0
493952,150.0
494064,131.0
494224,130.0
494384,131.0
494560,131.0
494608,131.0
494704,130.0
495120,130.0
495328,131.0
495632,130.0
495648,131.0
495728,131.0
495792,131.0
495840,131.0
496176,131.0
496240,145.0
496672,64.0
496672,63.0
496800,130.0
497008,152.0
497296,49.0
497440,131.0
497520,149.0
497728,194.0
497888,130.0
498048,147.0
498160,130.0
498448,131.0
498592,150.0
498784,131.0
498784,131.0
498912,131.0
498960,62.0
499408,131.0
499456,97.0
500192,146.0
500256,130.0
500560,131.0
500896,131.0
500896,79.0
500896,131.0
500992,149.0
501264,143.0
501392,273.0
501520,131.0
501568,131.0
501632,130.0
502304,131.0
502368,131.0
502640,399.0
502896,145.0
502992,130.0
503008,131.0
503088,130.0
503360,130.0
503632,131.0
503680,131.0
503744,131.0
503872,131.0
504304,131.0
504400,130.0
504656,142.0
504976,365.0
505008,131.0
505120,131.0
505248,131.0
505792,131.0
505856,131.0
506128,131.0
506448,131.0
506784,154.0
506848,131.0
507072,130.0
507104,130.0
507360,131.0
507376,57.0
507440,155.0
507840,131.0
507904,131.0
507968,131.0
508096,131.0
508240,131.0
508784,42.0
508864,130.0
508896,131.0
508928,67.0
509168,153.0
509216,131.0
509472,131.0
509488,131.0
509648,174.0
509792,62.0
509872,131.0
510240,174.0
510352,131.0
511008,131.0
511280,131.0
511328,131.0
511344,71.0
511568,130.0
511744,131.0
511744,130.0
511904,131.0
511984,131.0
512240,79.0
512464,131.0
512816,112.0
513152,131.0
513392,131.0
513392,131.0
513456,131.0
513600,141.0
513712,131.0
513952,70.0
514016,131.0
514032,130.0
514048,143.0
514080,130.0
514336,130.0
514704,131.0
514768,130.0
514864,149.0
515264,131.0
515504,131.0
515568,131.0
515824,131.0
515968,131.0
516064,131.0
516128,131.0
516144,51.0
516144,130.0
516432,146.0
516576,158.0
516752,196.0
517184,65.0
517264,155.0
517376,131.0
517616,131.0
517936,131.0
518160,130.0
518240,130.0
518240,130.0
518368,61.0
518528,130.0
518544,130.0
518688,131.0
519024,67.0
519136,148.0
519216,41.0
519648,153.0
519712,130.0
519760,315.0
519760,155.0
519776,130.0
520176,131.0
520272,131.0
520352,131.0
520464,130.0
520576,145.0
520640,131.0
520704,61.0
520720,365.0
520800,131.0
521136,131.0
521248,131.0
521680,60.0
521760,131.0
522064,143.0
522304,65.0
522368,130.0
522464,131.0
522576,131.0
522736,60.0
522752,131.0
522832,131.0
522896,130.0
523248,131.0
523424,130.0
524112,151.0
524176,131.0
524416,131.0
524576,131.0
524672,130.0
524736,153.0
525008,131.0
525168,46.0
525360,131.0
525824,60.0
525904,65.0
526112,131.0
526288,131.0
526288,79.0
526576,131.0
526592,131.0
526608,155.0
526672,130.0
526848,131.0
527008,73.0
527280,131.0
527648,131.0
528016,131.0
528096,131.0
528224,131.0
528400,131.0
528400,131.0
528672,130.0
528704,131.0
528720,131.0
528768,130.0
528896,131.0
529120,131.0
529568,131.0
529760,131.0
529984,130.0
530112,130.0
530208,131.0
530336,131.0
530512,131.0
530800,130.0
530992,130.0
531040,130.0
531072,143.0
531200,154.0
531440,68.0
531504,61.0
531664,130.0
531872,131.0
532016,60.0
532096,131.0
532624,131.0
532688,60.0
533232,70.0
533312,131.0
533392,149.0
533552,131.0
533616,131.0
533744,184.0
533776,131.0
533792,131.0
534112,130.0
534288,55.0
534288,65.0
534480,162.0
534640,55.0
534736,131.0
534800,131.0
535008,130.0
535104,131.0
535424,131.0
535632,131.0
535696,146.0
535728,131.0
535872,130.0
535904,131.0
536224,131.0
536384,130.0
536384,130.0
536480,65.0
536592,131.0
536736,130.0
537120,131.0
537216,131.0
537776,131.0
537808,131.0
537872,102.0
537984,131.0
538000,130.0
538016,204.0
538064,151.0
538496,131.0
538496,131.0
538832,61.0
538864,67.0
538912,144.0
539200,43.0
539296,131.0
539328,131.0
539920,131.0
539984,131.0
540096,131.0
540096,130.0
540944,130.0
540944,131.0
540976,154.0
540976,131.0
541312,131.0
541328,155.0
541440,131.0
541680,152.0
541696,149.0
542032,131.0
542032,131.0
542208,131.0
542400,44.0
542784,67.0
543056,131.0
543056,131.0
543136,68.0
543424,131.0
543440,131.0
543456,154.0
543488,218.0
543552,131.0
543856,196.0
544256,42.0
544320,131.0
544400,131.0
544432,61.0
544896,131.0
544992,131.0
545184,131.0
545232,131.0
545248,131.0
545376,144.0
545536,131.0
545568,131.0
545968,131.0
546000,62.0
546176,49.0
546368,131.0
546432,131.0
546496,130.0
546528,130.0
547008,131.0
547040,66.0
547280,131.0
547296,131.0
547344,131.0
547360,131.0
547680,131.0
547712,131.0
548000,153.0
548112,68.0
548480,131.0
548640,131.0
548784,62.0
549152,131.0
549520,64.0
549696,67.0
549792,131.0
549824,131.0
550096,130.0
550224,131.0
550576,48.0
550576,142.0
550656,131.0
550864,148.0
551264,131.0
551376,49.0
551504,131.0
551568,131.0
551936,131.0
552016,93.0
552256,131.0
552336,131.0
552688,131.0
553104,107.0
553376,131.0
553616,131.0
553680,61.0
553728,131.0
553952,60.0
553968,149.0
554256,152.0
554368,131.0
554432,130.0
554592,131.0
554784,72.0
554880,131.0
554976,131.0
554992,131.0
555168,45.0
555392,88.0
555488,131.0
556048,130.0
556160,131.0
556224,130.0
556688,130.0
556992,131.0
557072,130.0
557104,131.0
557280,131.0
557504,131.0
557936,130.0
558160,131.0
558160,147.0
558336,131.0
558480,131.0
558800,131.0
559184,131.0
559200,131.0
559216,131.0
559584,62.0
559648,147.0
559872,47.0
560256,130.0
560448,131.0
561296,131.0
561312,130.0
561776,131.0
561792,130.0
561984,131.0
562016,144.0
562160,131.0
562352,130.0
562384,131.0
562560,131.0
562704,131.0
562784,62.0
563024,131.0
563392,130.0
563408,130.0
563712,149.0
563856,130.0
563904,131.0
564096,131.0
564128,131.0
564496,131.0
564672,80.0
564816,131.0
564896,131.0
565152,65.0
565488,130.0
565504,50.0
565520,131.0
565808,130.0
565952,130.0
566032,132.0
566224,130.0
566576,154.0
566608,67.0
566928,151.0
567008,131.0
567248,131.0
567312,67.0
567392,284.0
567520,147.0
567600,130.0
567904,130.0
567984,65.0
568048,130.0
568144,131.0
568672,66.0
568688,131.0
568704,144.0
568880,130.0
569104,130.0
569344,130.0
569632,131.0
569696,50.0
570160,131.0
570432,152.0
570736,64.0
570800,131.0
571216,131.0
571440,130.0
571520,131.0
571824,131.0
572368,131.0
572544,131.0
572832,149.0
572848,131.0
573136,143.0
573232,130.0
573936,131.0
574304,130.0
574384,131.0
574528,131.0
574816,152.0
574848,131.0
574944,131.0
574992,130.0
575184,142.0
575248,131.0
575344,131.0
575584,144.0
576048,131.0
576064,66.0
576080,153.0
576736,146.0
576800,141.0
576880,461.0
576928,131.0
576960,131.0
576976,57.0
577056,131.0
577360,131.0
577456,131.0
578384,66.0
578848,131.0
578912,131.0
579072,130.0
579376,152.0
579568,131.0
580288,131.0
580496,131.0
580576,131.0
580784,149.0
581008,130.0
581104,131.0
581168,130.0
581184,131.0
581312,153.0
581504,131.0
581552,130.0
581584,152.0
581680,131.0
582128,130.0
582176,174.0
582320,45.0
582608,131.0
582912,132.0
583120,131.0
583280,131.0
583296,131.0
583616,62.0
583856,146.0
583952,131.0
584000,144.0
584272,130.0
584432,131.0
584608,154.0
584752,146.0
584800,131.0
585024,131.0
585232,131.0
585328,131.0
585392,131.0
585408,131.0
585456,93.0
585776,131.0
585856,130.0
585952,130.0
586112,131.0
586368,130.0
586544,131.0
586624,47.0
586720,131.0
586912,131.0
587136,131.0
587408,64.0
587440,131.0
587520,131.0
587600,67.0
588288,145.0
588640,130.0
588832,131.0
589024,131.0
589376,131.0
589504,130.0
589552,131.0
589616,154.0
589632,131.0
589968,130.0
590112,67.0
590352,187.0
590400,131.0
590464,316.0
590544,131.0
590848,131.0
591136,143.0
591136,155.0
591728,131.0
591728,130.0
591776,131.0
592080,131.0
592512,131.0
592864,156.0
592896,146.0
593072,61.0
593200,131.0
593248,131.0
593776,131.0
593824,130.0
593840,131.0
593888,131.0
593904,150.0
593952,130.0
594080,93.0
594768,244.0
594816,143.0
594976,71.0
594976,131.0
594992,130.0
595184,131.0
595312,131.0
595344,130.0
595632,40.0
595888,131.0
596016,131.0
596064,131.0
596192,131.0
596544,84.0
596784,71.0
596928,131.0
597104,131.0
597232,153.0
597424,131.0
597440,130.0
598000,131.0
598128,131.0
598144,64.0
598176,131.0
598304,131.0
598656,131.0
598832,151.0
598880,130.0
599056,362.0
599168,130.0
599520,130.0
600112,131.0
600240,131.0
600256,131.0
600288,131.0
600368,64.0
600768,131.0
601152,141.0
601168,131.0
601280,131.0
601488,131.0
601616,130.0
601664,356.0
601984,131.0
602336,130.0
602464,130.0
602560,141.0
602720,153.0
602880,131.0
603056,131.0
603280,131.0
603600,131.0
604096,131.0
604448,131.0
604560,59.0
604624,130.0
604736,68.0
604848,66.0
604992,131.0
605200,53.0
605376,131.0
605744,131.0
605840,131.0
605872,196.0
606048,154.0
606176,131.0
606208,131.0
606240,93.0
606656,130.0
606736,131.0
606784,145.0
607232,63.0
607424,131.0
607472,154.0
607840,130.0
607984,131.0
608016,295.0
608160,131.0
608528,65.0
608768,131.0
608880,130.0
608944,48.0
609344,131.0
609424,131.0
609760,174.0
609888,131.0
609952,131.0
610288,145.0
610624,67.0
610640,131.0
610864,130.0
610896,62.0
611056,131.0
611312,41.0
611456,131.0
611536,131.0
611584,69.0
611664,64.0
611872,131.0
612064,131.0
612480,63.0
612496,130.0
612592,153.0
612976,131.0
613040,315.0
613152,130.0
613424,131.0
613456,154.0
613648,131.0
613696,131.0
613776,131.0
614112,131.0
614176,131.0
614256,148.0
614592,131.0
614592,130.0
615056,87.0
615088,131.0
615120,131.0
615248,130.0
615536,131.0
615552,130.0
615872,130.0
615872,105.0
616208,130.0
616240,61.0
616688,50.0
616688,130.0
616816,131.0
616848,60.0
616848,140.0
616992,48.0
617008,91.0
617120,158.0
617168,131.0
617184,130.0
617232,131.0
617488,131.0
617648,130.0
618256,131.0
618640,61.0
618704,153.0
618784,130.0
618800,131.0
618928,131.0
618960,131.0
619104,131.0
619120,131.0
619232,131.0
619472,142.0
619648,154.0
619872,148.0
620368,131.0
620432,93.0
620512,64.0
620560,130.0
620752,131.0
620896,131.0
620912,131.0
621216,43.0
621216,131.0
621232,131.0
621328,147.0
621440,130.0
621760,131.0
621824,56.0
621984,131.0
622384,131.0
622656,130.0
622848,154.0
622864,131.0
623008,131.0
623168,146.0
623328,130.0
623328,131.0
623328,131.0
623552,131.0
623936,131.0
623952,48.0
624016,130.0
624080,130.0
624144,148.0
624496,131.0
624576,63.0
624768,131.0
624976,131.0
625104,130.0
625328,153.0
625440,131.0
625536,131.0
625984,62.0
626064,131.0
626592,152.0
627024,64.0
627280,173.0
627440,131.0
627536,130.0
627552,131.0
627552,131.0
627584,64.0
627792,44.0
628208,62.0
628224,130.0
628304,131.0
628640,67.0
628640,65.0
628784,130.0
629136,131.0
629152,61.0
629280,149.0
629296,66.0
629392,131.0
629552,131.0
629648,131.0
629664,131.0
629712,66.0
629744,64.0
630416,131.0
630624,153.0
630752,131.0
630896,131.0
631248,130.0
631392,130.0
631392,131.0
631664,131.0
631744,130.0
631824,131.0
631856,131.0
632176,88.0
632400,93.0
632528,131.0
632736,131.0
632800,65.0
633040,63.0
633360,131.0
633360,131.0
633456,131.0
633776,131.0
633872,131.0
633920,130.0
633952,131.0
633968,131.0
634288,51.0
634288,131.0
634432,66.0
634784,63.0
634880,62.0
635152,131.0
635264,241.0
635472,131.0
635872,130.0
636064,130.0
636064,131.0
636176,82.0
636384,130.0
636400,131.0
636432,156.0
636736,131.0
636992,131.0
637264,131.0
637760,63.0
637984,131.0
638368,68.0
638448,148.0
638512,131.0
638512,232.0
638528,130.0
638976,63.0
639104,131.0
639104,130.0
639488,131.0
639872,131.0
640128,246.0
640288,131.0
640464,130.0
640560,131.0
640608,131.0
640608,130.0
640624,131.0
640640,131.0
641088,131.0
641456,174.0
641600,131.0
641936,131.0
642208,102.0
642288,131.0
642400,131.0
642512,65.0
642576,131.0
642592,131.0
642720,131.0
642736,131.0
643200,131.0
643712,131.0
643712,69.0
644032,130.0
644160,50.0
644304,131.0
644320,131.0
644368,65.0
644672,130.0
644832,131.0
644864,131.0
645120,149.0
645312,131.0
645328,100.0
645456,70.0
645824,131.0
646144,131.0
646448,70.0
646944,131.0
646976,131.0
647056,148.0
647232,131.0
647440,131.0
647440,191.0
647568,131.0
647920,130.0
648096,69.0
648512,130.0
648528,147.0
648560,131.0
649168,131.0
649472,157.0
649488,60.0
649520,142.0
649552,131.0
649680,131.0
649936,155.0
650208,131.0
650656,130.0
651168,131.0
651168,131.0
651264,130.0
651520,154.0
651664,131.0
651824,145.0
652048,131.0
652128,131.0
652320,131.0
652736,130.0
652752,130.0
652768,205.0
653040,130.0
653264,130.0
653376,131.0
653472,143.0
653776,131.0
653824,130.0
654272,62.0
654432,131.0
654544,303.0
654768,152.0
655168,149.0
655184,151.0
655520,77.0
655568,130.0
655840,130.0
656048,131.0
656272,68.0
656272,131.0
656352,131.0
656656,131.0
656768,98.0
656880,131.0
656928,130.0
657248,131.0
657280,62.0
657632,240.0
657728,66.0
658656,63.0
658832,154.0
658880,131.0
658992,131.0
659040,131.0
659360,131.0
659392,131.0
659728,130.0
660048,130.0
660992,131.0
661104,131.0
661168,281.0
661232,358.0
661456,130.0
661888,131.0
662480,151.0
663472,147.0
663488,301.0
663568,131.0
663616,131.0
663888,48.0
663968,131.0
664000,131.0
664080,131.0
664208,246.0
664624,131.0
664768,49.0
665600,131.0
665680,131.0
665696,131.0
665728,284.0
665728,131.0
665760,201.0
665984,61.0
666144,130.0
666192,131.0
666336,152.0
666736,131.0
666864,130.0
667136,131.0
667712,131.0
667712,60.0
667808,131.0
667808,131.0
667824,131.0
667840,131.0
667872,131.0
668256,131.0
668288,130.0
668416,131.0
668960,130.0
669152,175.0
669232,130.0
669824,131.0
669872,130.0
669920,131.0
669920,131.0
669936,130.0
669936,131.0
669952,131.0
669968,130.0
670400,131.0
670464,147.0
670528,131.0
671264,131.0
671408,91.0
671936,131.0
672032,131.0
672032,131.0
672048,131.0
672176,146.0
672208,145.0
672384,151.0
672496,131.0
672512,131.0
672576,131.0
672640,131.0
673152,131.0
673360,130.0
673456,131.0
673520,131.0
674048,131.0
674144,131.0
674160,131.0
674192,64.0
674496,131.0
674624,131.0
674848,43.0
674928,146.0
675280,131.0
675472,131.0
675568,131.0
675568,94.0
675616,130.0
675696,131.0
676608,131.0
676960,131.0
677024,130.0
677152,131.0
677344,196.0
677408,131.0
677584,131.0
677680,131.0
677792,130.0
678368,131.0
678928,144.0
679056,130.0
679136,131.0
679184,131.0
679248,130.0
679456,131.0
679520,131.0
679520,48.0
679696,131.0
679792,131.0
679840,131.0
679856,131.0
680480,131.0
680848,58.0
681568,131.0
681600,150.0
681616,131.0
681632,131.0
681808,131.0
681904,131.0
681952,131.0
682944,130.0
683440,131.0
683472,94.0
683536,142.0
683664,131.0
683728,131.0
683744,131.0
683744,131.0
683792,131.0
683904,130.0
684064,155.0
684560,165.0
684816,131.0
685024,76.0
685056,131.0
685184,108.0
685392,131.0
685584,131.0
685632,130.0
685776,131.0
685824,130.0
686176,131.0
686288,148.0
686544,174.0
686672,131.0
687456,68.0
687504,131.0
687568,238.0
687680,130.0
687744,131.0
688336,156.0
688384,130.0
688592,131.0
688704,54.0
688784,131.0
689456,144.0
689568,131.0
689568,130.0
689616,131.0
689792,131.0
689856,131.0
690016,152.0
690064,131.0
690096,174.0
690448,131.0
690496,131.0
690688,130.0
690896,131.0
691568,131.0
691680,131.0
691680,131.0
691904,131.0
691968,66.0
691968,131.0
692080,130.0
692128,131.0
692176,131.0
692448,149.0
692560,131.0
692800,131.0
692816,70.0
692816,144.0
693200,62.0
693664,130.0
693792,131.0
694016,131.0
694080,131.0
694080,131.0
694192,131.0
694560,131.0
694608,50.0
694672,315.0
694672,131.0
694912,131.0
694928,131.0
695072,131.0
695104,131.0
695312,131.0
696128,65.0
696128,131.0
696176,130.0
696192,131.0
696784,131.0
696960,146.0
697008,130.0
697024,130.0
697040,131.0
697120,152.0
697200,130.0
697328,146.0
697376,131.0
697424,131.0
697792,62.0
698224,130.0
698288,131.0
698304,131.0
699120,131.0
699136,131.0
699152,131.0
699200,131.0
699232,131.0
699312,131.0
699360,149.0
699440,131.0
699472,66.0
699472,130.0
699536,131.0
699904,131.0
700336,131.0
700720,154.0
701232,131.0
701248,131.0
701296,130.0
701344,131.0
701408,130.0
701472,131.0
702016,131.0
702064,83.0
702448,131.0
702512,131.0
702736,131.0
703344,130.0
703392,130.0
703424,71.0
703680,130.0
703760,131.0
703936,148.0
704112,130.0
704144,49.0
704176,131.0
704448,67.0
704544,69.0
704560,131.0
704624,131.0
704832,66.0
704848,131.0
704896,150.0
705248,208.0
705456,131.0
705504,131.0
705616,130.0
705792,131.0
706048,131.0
706256,131.0
706288,131.0
706544,130.0
706624,156.0
706656,130.0
706720,130.0
706944,131.0
706960,131.0
707008,131.0
707648,149.0
707728,131.0
707856,149.0
707888,130.0
708144,130.0
708352,130.0
708400,131.0
708720,130.0
708752,131.0
708832,131.0
709040,130.0
709328,144.0
709760,131.0
709968,131.0
710144,150.0
710464,131.0
710496,130.0
710704,233.0
710864,131.0
710880,131.0
710944,131.0
711136,130.0
711440,131.0
711520,50.0
711872,131.0
712080,131.0
712224,131.0
712256,131.0
712352,130.0
712560,130.0
712608,131.0
712976,149.0
712992,131.0
713248,131.0
713248,150.0
713280,65.0
713552,131.0
713824,143.0
714192,131.0
714272,63.0
714272,61.0
714368,131.0
714544,61.0
714672,131.0
715088,131.0
715104,131.0
715504,65.0
715616,58.0
716128,143.0
716160,267.0
716304,131.0
716320,131.0
716368,130.0
716384,131.0
716480,131.0
716656,131.0
716960,49.0
717040,41.0
717200,131.0
717216,131.0
717440,69.0
717728,131.0
718224,130.0
718400,130.0
718496,131.0
718528,67.0
718768,131.0
718992,131.0
719072,131.0
719312,131.0
719328,131.0
719760,131.0
720048,65.0
720144,66.0
720336,131.0
720384,66.0
720512,131.0
720608,131.0
720624,130.0
720704,143.0
720704,131.0
720816,92.0
720880,131.0
721424,131.0
721456,131.0
721856,130.0
722160,131.0
722256,131.0
722448,131.0
722496,130.0
722496,131.0
722624,131.0
722704,130.0
722800,130.0
722816,131.0
722928,131.0
722976,130.0
723568,131.0
723760,145.0
724064,131.0
724560,131.0
724608,131.0
724816,131.0
724848,131.0
724896,130.0
724928,131.0
725104,154.0
725536,60.0
725664,130.0
725872,131.0
726064,131.0
726176,131.0
726672,143.0
726912,143.0
726928,145.0
726944,130.0
727040,131.0
727120,130.0
727136,66.0
727184,130.0
727648,131.0
727776,131.0
727968,130.0
728256,66.0
729056,131.0
729248,131.0
729312,130.0
729744,130.0
729888,131.0
730080,131.0
730336,131.0
730384,131.0
730896,131.0
731136,131.0
731264,131.0
731744,169.0
731792,131.0
732000,131.0
732192,131.0
732448,131.0
732928,67.0
733008,131.0
733248,131.0
733264,131.0
733408,133.0
733536,131.0
733744,130.0
733840,130.0
734112,131.0
734144,131.0
734304,131.0
734496,46.0
734560,131.0
734624,67.0
734912,66.0
735104,61.0
735120,131.0
735232,131.0
735360,131.0
735376,131.0
735520,131.0
735680,192.0
736240,130.0
736416,131.0
736720,131.0
736768,141.0
736992,131.0
737200,130.0
737232,131.0
737296,148.0
737408,147.0
737472,131.0
737488,131.0
737792,131.0
738352,131.0
738528,131.0
738784,131.0
738832,131.0
738848,131.0
738880,131.0
739104,131.0
739344,131.0
739408,131.0
739440,130.0
739520,131.0
739584,131.0
739600,131.0
739728,131.0
740352,62.0
740432,61.0
740464,131.0
740720,70.0
740944,131.0
740976,131.0
740992,131.0
741216,131.0
741424,131.0
741520,131.0
741584,174.0
741632,131.0
741712,131.0
741840,131.0
741856,70.0
742448,130.0
742544,131.0
743264,143.0
743536,131.0
743632,131.0
743744,131.0
743808,130.0
743952,131.0
744144,64.0
744240,148.0
744656,131.0
744656,382.0
744688,131.0
745376,142.0
745648,131.0
745744,154.0
745744,131.0
745792,131.0
746352,131.0
746464,67.0
746768,131.0
746800,131.0
746848,131.0
747120,47.0
747296,85.0
747552,131.0
747760,131.0
747840,130.0
747840,154.0
747856,131.0
747904,131.0
748160,131.0
748368,131.0
748784,131.0
748864,131.0
748880,131.0
748960,131.0
749408,131.0
749872,131.0
749936,130.0
749952,130.0
749952,131.0
750080,184.0
750480,131.0
750528,147.0
750672,130.0
750992,131.0
751504,63.0
751760,130.0
751984,131.0
752032,130.0
752048,130.0
752048,130.0
752048,65.0
752544,48.0
752928,149.0
753056,66.0
753136,67.0
753136,67.0
753600,130.0
753616,130.0
753728,144.0
754128,130.0
754160,131.0
754240,131.0
754368,154.0
754448,62.0
754528,131.0
754896,131.0
755024,154.0
755040,131.0
755152,130.0
755248,131.0
755536,149.0
755712,131.0
755840,131.0
756272,131.0
756336,67.0
756352,131.0
756400,173.0
756560,131.0
756640,131.0
756704,145.0
756752,130.0
757136,131.0
757152,131.0
757200,143.0
757264,131.0
757648,131.0
758384,131.0
758448,131.0
758464,131.0
758512,131.0
758672,131.0
758736,130.0
758816,131.0
758848,130.0
759232,130.0
759296,130.0
759456,93.0
759584,70.0
760080,151.0
760336,130.0
760416,130.0
760496,131.0
760624,131.0
760784,131.0
760960,131.0
761472,130.0
762432,130.0
762720,130.0
762912,146.0
763024,131.0
763072,131.0
763104,272.0
763184,147.0
763632,131.0
763664,130.0
763680,198.0
763696,146.0
763792,148.0
763952,64.0
764080,65.0
764544,131.0
764848,130.0
765344,49.0
765600,150.0
765680,130.0
765744,131.0
765760,130.0
765808,131.0
765904,131.0
766064,131.0
766192,131.0
766240,65.0
766960,131.0
767104,131.0
767312,131.0
767328,131.0
767456,131.0
767696,130.0
767776,130.0
767792,130.0
767872,131.0
768016,131.0
768176,131.0
768240,152.0
768288,130.0
768352,131.0
768784,47.0
769056,130.0
769184,62.0
769424,130.0
769552,130.0
769648,145.0
769792,130.0
769888,130.0
769984,131.0
770352,131.0
770400,131.0
770464,131.0
770480,65.0
770928,131.0
771168,131.0
771216,151.0
771296,131.0
771664,131.0
771904,131.0
772000,131.0
772096,152.0
772096,131.0
772240,66.0
772464,131.0
772496,130.0
772512,131.0
772560,130.0
772576,130.0
773040,131.0
773328,131.0
773392,130.0
773568,93.0
774016,60.0
774016,131.0
774032,91.0
774048,148.0
774096,130.0
774208,131.0
774352,131.0
774400,131.0
774576,131.0
774688,131.0
774960,152.0
775440,131.0
775680,131.0
775936,107.0
776128,131.0
776128,131.0
776144,131.0
776208,131.0
776304,130.0
776512,131.0
776688,62.0
776816,153.0
776912,144.0
777024,152.0
777040,146.0
777200,66.0
777344,148.0
777552,131.0
777984,131.0
778048,131.0
778240,130.0
778256,130.0
778416,131.0
778624,131.0
778784,130.0
779008,130.0
779136,131.0
779296,130.0
779920,62.0
780096,131.0
780432,131.0
780528,131.0
780736,131.0
781120,131.0
781248,131.0
781264,154.0
781408,131.0
781552,131.0
781760,131.0
782016,130.0
782256,130.0
782464,131.0
782464,131.0
782512,150.0
782528,130.0
782640,143.0
782848,131.0
783376,131.0
783520,131.0
783552,63.0
783568,152.0
783648,130.0
783664,131.0
783872,131.0
784128,131.0
784576,131.0
784624,131.0
784720,153.0
785200,66.0
785456,130.0
785744,130.0
785776,131.0
785984,131.0
786784,49.0
786880,131.0
787312,131.0
787456,149.0
787472,146.0
787552,130.0
787744,131.0
787792,131.0
787856,131.0
787888,131.0
788096,131.0
788864,66.0
788896,131.0
788912,50.0
788976,130.0
789056,147.0
789584,131.0
789664,131.0
789696,130.0
789920,63.0
789968,131.0
789984,130.0
790144,149.0
790416,144.0
790976,131.0
791024,130.0
791088,131.0
791168,131.0
791504,130.0
791760,130.0
791808,131.0
792080,131.0
792096,131.0
792448,143.0
792800,131.0
793088,131.0
793120,131.0
793136,131.0
793200,131.0
793280,131.0
793360,150.0
793600,130.0
793872,131.0
793904,130.0
794064,148.0
794064,131.0
794192,130.0
794192,51.0
794192,131.0
794608,130.0
794912,131.0
795056,61.0
795392,131.0
796016,131.0
796176,131.0
796304,131.0
796304,131.0
796304,131.0
797008,152.0
797024,131.0
797360,131.0
797632,151.0
798176,130.0
798288,131.0
798416,131.0
798416,131.0
798416,149.0
799120,131.0
799136,131.0
799440,131.0
799616,131.0
799744,131.0
800064,131.0
800176,131.0
800288,131.0
800384,130.0
800512,130.0
800528,131.0
800736,144.0
801552,131.0
801584,131.0
801616,130.0
802144,149.0
802160,130.0
802288,131.0
802384,130.0
802624,131.0
802640,131.0
802640,131.0
802832,130.0
802992,91.0
803056,131.0
803264,68.0
803344,130.0
804080,131.0
804240,130.0
804400,131.0
804496,131.0
804736,131.0
804752,131.0
805088,130.0
805168,131.0
805376,131.0
805440,130.0
805744,130.0
805792,131.0
806128,149.0
806192,131.0
806336,130.0
806496,130.0
806608,131.0
806720,131.0
806864,131.0
807056,131.0
807184,130.0
807200,66.0
807232,64.0
807280,131.0
807472,130.0
808432,130.0
808608,131.0
808960,130.0
808976,147.0
809168,131.0
809200,145.0
809296,131.0
809344,131.0
809664,131.0
809968,131.0
810240,64.0
810544,131.0
810656,150.0
810928,131.0
811088,131.0
811504,131.0
811776,66.0
812064,130.0
812352,131.0
812368,154.0
812384,131.0
812976,151.0
813136,66.0
813200,131.0
813424,131.0
813488,130.0
813616,131.0
813872,131.0
813888,131.0
813920,153.0
814464,131.0
814480,130.0
814656,64.0
814864,131.0
814976,65.0
815008,70.0
815152,131.0
815312,131.0
815488,131.0
815536,131.0
815600,131.0
815984,130.0
816560,130.0
816592,131.0
816592,131.0
816768,131.0
816976,131.0
817088,131.0
817184,131.0
817424,131.0
817584,151.0
817600,131.0
817648,131.0
817712,131.0
818096,131.0
818416,212.0
818704,131.0
818704,131.0
818880,131.0
819088,131.0
819088,239.0
819760,131.0
819824,131.0
819904,154.0
820208,131.0
820528,131.0
820816,131.0
820880,131.0
821184,154.0
821200,131.0
821200,131.0
821264,148.0
821392,131.0
821424,150.0
821808,130.0
821936,131.0
822112,146.0
822464,203.0
822592,148.0
822640,131.0
822912,130.0
823312,131.0
823312,131.0
823504,131.0
823536,131.0
823760,155.0
823904,130.0
823920,131.0
824048,131.0
824128,131.0
824560,130.0
824704,131.0
824752,131.0
825024,131.0
825360,90.0
825424,131.0
825776,131.0
825856,130.0
826016,130.0
826160,131.0
826320,175.0
826640,131.0
826672,131.0
826816,131.0
827440,150.0
827744,131.0
827744,131.0
827968,131.0
828288,100.0
828592,131.0
828752,151.0
828976,131.0
829216,149.0
829552,131.0
829648,131.0
829856,131.0
830000,131.0
830064,130.0
830208,153.0
830464,131.0
830704,131.0
830848,130.0
831104,146.0
831424,152.0
831664,131.0
831968,131.0
832112,131.0
832176,131.0
832624,150.0
832672,62.0
832800,143.0
832960,131.0
833184,247.0
833216,131.0
833520,130.0
833856,131.0
834080,131.0
834096,131.0
834208,130.0
834288,131.0
834736,131.0
834784,131.0
834864,142.0
834912,131.0
834992,172.0
835040,51.0
835056,130.0
835280,130.0
835456,140.0
835840,144.0
835952,130.0
836368,141.0
836400,131.0
836896,131.0
837024,131.0
837024,131.0
837392,131.0
837440,131.0
837552,130.0
837952,131.0
838176,63.0
838288,130.0
838512,131.0
838848,154.0
838960,131.0
839088,131.0
839136,131.0
839136,131.0
839216,131.0
839248,130.0
839344,152.0
839504,131.0
839552,131.0
839664,131.0
840176,51.0
840272,130.0
840624,131.0
841072,131.0
841184,130.0
841232,65.0
841248,131.0
841328,131.0
841600,130.0
841776,131.0
842128,65.0
842176,131.0
842208,191.0
842256,130.0
842384,131.0
843072,131.0
843328,130.0
843440,131.0
843472,131.0
843696,152.0
843776,131.0
843888,131.0
844304,130.0
844368,131.0
844384,131.0
844480,130.0
844848,131.0
844864,131.0
845424,130.0
845536,130.0
845808,131.0
845888,131.0
846000,131.0
846336,131.0
846384,131.0
846480,131.0
846496,131.0
846784,154.0
846960,131.0
846976,131.0
847648,131.0
847696,131.0
848224,145.0
848272,153.0
848448,131.0
848496,131.0
848608,131.0
848688,131.0
848880,130.0
849632,131.0
849648,131.0
849808,131.0
850016,131.0
850560,131.0
850608,131.0
850704,131.0
850800,131.0
851504,151.0
851744,131.0
851760,131.0
851920,131.0
852272,157.0
852432,131.0
852720,131.0
852736,131.0
852816,131.0
852912,131.0
853616,131.0
853856,130.0
854032,131.0
854224,131.0
854384,131.0
854528,130.0
854736,69.0
854768,131.0
854912,130.0
854928,131.0
855024,131.0
855728,131.0
855968,131.0
856256,149.0
856496,131.0
856736,130.0
856784,65.0
856832,130.0
856880,131.0
856880,146.0
856928,131.0
856960,131.0
857024,131.0
857040,131.0
857312,65.0
857344,144.0
857552,65.0
857776,64.0
857920,64.0
858080,131.0
858384,155.0
858944,131.0
858992,131.0
859456,131.0
859520,67.0
859648,130.0
860192,131.0
860256,154.0
860912,147.0
861056,131.0
861104,131.0
861216,144.0
861248,131.0
861264,131.0
861408,147.0
861520,131.0
861568,131.0
861616,130.0
862080,151.0
862288,130.0
863024,131.0
863120,131.0
863152,100.0
863168,131.0
863328,131.0
863360,131.0
863520,131.0
863552,152.0
863632,131.0
863680,131.0
864400,131.0
864704,131.0
865136,131.0
865248,130.0
865280,131.0
865472,131.0
865616,155.0
865664,131.0
865760,148.0
865792,131.0
866304,131.0
866464,61.0
866800,130.0
867232,130.0
867360,131.0
867376,130.0
867776,131.0
867872,131.0
867888,130.0
867952,131.0
868416,131.0
868560,130.0
868608,131.0
868688,130.0
868912,131.0
868992,149.0
869024,66.0
869344,131.0
869648,141.0
869664,131.0
869824,131.0
869856,131.0
869872,130.0
869968,130.0
870000,131.0
870064,93.0
870528,131.0
870720,131.0
870800,131.0
871024,131.0
871136,131.0
871296,143.0
871456,131.0
871584,131.0
871760,130.0
871920,130.0
871968,131.0
872080,131.0
872096,130.0
872288,150.0
872640,131.0
872832,131.0
873136,131.0
873168,61.0
873552,130.0
873696,131.0
873872,131.0
873872,131.0
874192,131.0
874192,130.0
874400,131.0
874752,131.0
874752,93.0
875008,130.0
875280,131.0
875632,155.0
875664,131.0
875760,146.0
875808,131.0
875984,131.0
876176,131.0
876288,130.0
876304,131.0
876496,130.0
876512,131.0
876864,131.0
877056,131.0
877120,131.0
877392,131.0
877776,131.0
877920,131.0
878080,130.0
878080,130.0
878112,154.0
878288,131.0
878400,131.0
878416,131.0
878592,130.0
878608,130.0
878848,66.0
879120,140.0
879168,131.0
879216,130.0
880032,131.0
880384,130.0
880400,144.0
880496,130.0
880880,142.0
881072,130.0
881136,47.0
881232,131.0
881312,130.0
881616,152.0
881616,131.0
882144,131.0
882304,131.0
882320,262.0
882336,131.0
882496,131.0
882608,131.0
882640,131.0
882816,131.0
883248,131.0
883344,131.0
883696,65.0
883728,131.0
883728,131.0
883744,151.0
884400,130.0
884432,131.0
884624,131.0
884800,143.0
884832,68.0
884912,130.0
885296,131.0
885360,131.0
885456,131.0
885840,131.0
886512,131.0
886544,174.0
886544,131.0
886912,131.0
886928,130.0
887632,67.0
887728,130.0
887744,152.0
887952,155.0
887952,63.0
887952,131.0
888000,131.0
888624,131.0
888656,131.0
888848,131.0
889024,131.0
889280,131.0
889296,39.0
889504,131.0
889568,131.0
889856,131.0
890000,131.0
890064,131.0
890064,131.0
890096,130.0
890736,131.0
891120,130.0
891328,154.0
891392,131.0
891408,131.0
891616,131.0
891744,131.0
891952,131.0
892048,154.0
892160,131.0
892176,131.0
892176,131.0
892384,142.0
893088,69.0
893440,131.0
893472,146.0
893504,131.0
893520,131.0
894048,130.0
894144,130.0
894192,130.0
894272,131.0
894496,131.0
894592,67.0
895184,130.0
895584,131.0
895632,131.0
895840,131.0
896160,131.0
896160,131.0
896256,131.0
896400,131.0
896400,131.0
896688,130.0
897232,131.0
897296,131.0
897696,131.0
897728,130.0
897952,131.0
898176,145.0
898256,130.0
898368,131.0
898416,131.0
898496,130.0
898512,131.0
898720,131.0
899056,147.0
899696,149.0
899712,154.0
900064,131.0
900064,62.0
900192,153.0
900464,130.0
900512,130.0
900624,131.0
900832,131.0
900880,131.0
900944,131.0
901152,134.0
901728,152.0
901808,131.0
901808,130.0
902304,131.0
902464,130.0
902624,131.0
902704,130.0
902736,131.0
902944,131.0
902976,130.0
903056,131.0
903264,131.0
903920,131.0
903920,131.0
904576,131.0
904672,130.0
904688,131.0
904736,131.0
904816,131.0
905040,130.0
905072,130.0
905088,146.0
905168,131.0
905376,131.0
905952,131.0
906032,131.0
906688,131.0
906784,131.0
906800,131.0
906848,131.0
907024,152.0
907152,131.0
907168,130.0
907200,131.0
907264,130.0
907488,131.0
908000,66.0
908064,131.0
908128,130.0
908304,131.0
908912,131.0
909184,149.0
909312,131.0
909376,131.0
909472,144.0
910176,131.0
910240,131.0
910416,131.0
910448,152.0
910736,131.0
910800,141.0
910848,131.0
911072,131.0
911152,130.0
911392,131.0
911488,131.0
911584,131.0
911712,131.0
912272,130.0
912544,130.0
912960,131.0
913200,149.0
913392,131.0
913456,148.0
913584,130.0
913680,130.0
913824,131.0
914384,131.0
914480,130.0
914832,131.0
914944,131.0
915248,146.0
915312,131.0
915344,148.0
915360,130.0
915504,131.0
915696,131.0
915920,131.0
916352,157.0
916688,143.0
916896,150.0
916944,131.0
917088,152.0
917280,145.0
917360,131.0
917440,130.0
917600,130.0
917680,131.0
917760,131.0
917808,131.0
917904,131.0
918656,143.0
918704,68.0
918992,130.0
919056,131.0
919392,131.0
919472,131.0
919520,130.0
919552,130.0
919568,47.0
919776,130.0
919856,130.0
919920,131.0
919920,154.0
920144,131.0
920768,131.0
921104,131.0
921296,89.0
921504,131.0
921584,131.0
921664,131.0
922000,151.0
922032,131.0
922112,131.0
922256,131.0
922384,100.0
922928,131.0
923200,130.0
923376,61.0
923408,131.0
923536,155.0
923616,131.0
923664,147.0
923680,243.0
923696,131.0
924112,131.0
924368,131.0
924432,149.0
925040,131.0
925488,131.0
925520,131.0
925648,131.0
925648,131.0
926048,148.0
926176,131.0
926320,130.0
926480,131.0
926544,131.0
926864,131.0
927072,64.0
927136,59.0
927152,131.0
927424,131.0
927632,131.0
927920,131.0
927936,152.0
928112,148.0
928432,131.0
928528,154.0
928576,130.0
928848,143.0
928976,131.0
929184,131.0
929248,131.0
929264,131.0
929536,131.0
929728,130.0
930048,131.0
930176,61.0
930224,131.0
930528,130.0
930688,131.0
930960,131.0
931312,145.0
931648,131.0
931920,136.0
932144,131.0
932144,130.0
932336,131.0
932640,131.0
933040,149.0
933072,131.0
933136,152.0
933472,131.0
933760,131.0
934032,131.0
934064,130.0
934256,131.0
934320,131.0
934384,131.0
934448,131.0
934864,131.0
935152,131.0
935184,131.0
935248,131.0
935504,130.0
935584,131.0
935872,131.0
936176,131.0
936432,131.0
936496,131.0
936544,130.0
936656,66.0
936720,153.0
936864,131.0
937264,131.0
937296,131.0
937984,131.0
938256,131.0
938272,130.0
938384,131.0
938480,131.0
938592,130.0
938752,130.0
938944,145.0
938960,130.0
939328,146.0
939376,131.0
939408,131.0
939472,61.0
940368,131.0
940496,131.0
940864,131.0
940944,131.0
941072,154.0
941392,152.0
941440,131.0
941504,130.0
941584,131.0
942208,131.0
942752,131.0
942928,151.0
943168,130.0
943184,131.0
943248,131.0
943488,61.0
943504,131.0
943840,145.0
943888,149.0
944592,131.0
944848,130.0
944960,66.0
945088,131.0
945280,131.0
945280,130.0
945344,130.0
945584,130.0
945664,131.0
945808,131.0
946080,61.0
946304,131.0
946432,131.0
946704,131.0
946960,131.0
947056,130.0
947152,131.0
947392,131.0
947456,131.0
947696,131.0
947920,131.0
947984,148.0
948416,131.0
948448,147.0
948800,130.0
949040,65.0
949056,130.0
949168,131.0
949488,130.0
949520,130.0
949568,131.0
949888,131.0
950128,151.0
950400,154.0
950528,131.0
950912,131.0
950928,131.0
951152,131.0
951168,131.0
951280,131.0
951616,131.0
951616,130.0
951680,131.0
951840,146.0
952000,131.0
952384,68.0
952512,148.0
952512,131.0
952640,131.0
952928,130.0
953040,131.0
953040,131.0
953280,131.0
953328,150.0
953728,131.0
953728,131.0
953776,131.0
954112,131.0
954352,63.0
954624,131.0
954864,154.0
955040,149.0
955152,131.0
955376,130.0
955840,131.0
955872,130.0
956048,131.0
956128,60.0
956224,131.0
956464,131.0
956736,131.0
956960,130.0
957120,156.0
957152,131.0
957248,131.0
957472,131.0
957488,131.0
957952,131.0
957984,131.0
958000,131.0
958112,61.0
958160,131.0
958784,144.0
958848,131.0
959072,131.0
959248,130.0
959360,131.0
959440,143.0
960064,131.0
960096,131.0
960112,131.0
960256,130.0
960320,130.0
961168,130.0
961472,131.0
961552,131.0
961696,131.0
962176,131.0
962224,131.0
962320,131.0
962368,131.0
962432,131.0
962560,67.0
962960,144.0
963040,130.0
963264,130.0
963344,63.0
963664,131.0
963792,130.0
964208,156.0
964336,131.0
964544,131.0
964656,142.0
964656,130.0
964672,62.0
964784,61.0
964928,157.0
965072,131.0
965104,131.0
965152,131.0
965376,131.0
965456,131.0
965584,131.0
966320,131.0
966400,131.0
966432,130.0
966656,131.0
966752,130.0
966768,131.0
966896,131.0
967104,151.0
967168,130.0
967216,131.0
967376,152.0
967568,131.0
967600,152.0
967696,131.0
968512,131.0
968528,130.0
968592,141.0
968704,130.0
968752,130.0
968864,131.0
969008,131.0
969024,140.0
969504,149.0
969584,130.0
969792,130.0
970640,131.0
970688,130.0
970800,130.0
970944,151.0
970976,131.0
971344,144.0
971696,131.0
971920,150.0
972128,151.0
972912,131.0
972976,131.0
973056,131.0
973088,131.0
973216,131.0
973440,130.0
973808,131.0
973840,130.0
973888,131.0
974000,130.0
974272,131.0
974576,152.0
974848,130.0
974912,131.0
975088,131.0
975200,131.0
975296,148.0
975360,151.0
975552,131.0
975616,64.0
975920,131.0
975952,131.0
975984,130.0
977024,131.0
977424,130.0
977472,131.0
977664,131.0
977712,130.0
977760,131.0
977776,154.0
978064,131.0
978096,131.0
978224,131.0
978400,154.0
978480,131.0
979296,130.0
979392,147.0
979424,153.0
979536,131.0
979584,131.0
979696,130.0
979776,131.0
979872,131.0
979888,131.0
980176,131.0
980208,131.0
980512,131.0
980592,147.0
980592,131.0
981408,131.0
981504,131.0
981536,131.0
981648,131.0
981696,131.0
981776,131.0
981984,131.0
982288,131.0
982336,152.0
982624,131.0
982720,156.0
983248,149.0
983600,130.0
983632,130.0
983760,131.0
983920,131.0
984000,131.0
984096,131.0
984240,153.0
984720,130.0
984816,131.0
985328,67.0
985360,131.0
985712,131.0
985728,130.0
985872,131.0
985920,131.0
986400,154.0
986832,131.0
987168,130.0
987440,131.0
987472,131.0
987840,131.0
987984,131.0
988032,131.0
988320,131.0
988400,131.0
988416,131.0
988512,131.0
988624,131.0
988672,131.0
989024,61.0
989280,152.0
989312,148.0
989552,131.0
989632,244.0
989936,130.0
990096,131.0
990144,131.0
990432,131.0
990528,131.0
990608,130.0
990736,131.0
991136,131.0
991392,131.0
991424,131.0
991680,130.0
991728,130.0
992208,131.0
992240,130.0
992528,130.0
992624,131.0
992720,131.0
992896,131.0
993024,142.0
993520,130.0
993840,131.0
993840,152.0
994320,131.0
994352,131.0
994400,146.0
994736,131.0
994832,131.0
994976,152.0
995248,146.0
995296,141.0
995344,130.0
995600,131.0
995616,130.0
995728,61.0
995872,131.0
995888,130.0
995936,130.0
995952,131.0
996448,130.0
996944,131.0
997088,131.0
997360,131.0
997360,295.0
997408,131.0
997440,130.0
997712,131.0
997712,130.0
997840,131.0
997984,131.0
998000,131.0
998032,130.0
998048,130.0
998080,61.0
998544,131.0
998560,131.0
998624,131.0
999056,131.0
999520,131.0
999520,60.0
999824,131.0
1000000,142.0
1000096,131.0
1000096,130.0
1000400,146.0
1000480,152.0
1000576,155.0
1000720,130.0
1001168,131.0
1001632,131.0
1001632,130.0
1001936,131.0
1002048,131.0
1002112,131.0
1002208,131.0
1002512,131.0
1002640,62.0
1002784,131.0
1002816,130.0
1003264,130.0
1003552,64.0
1003648,89.0
1003728,130.0
1004000,73.0
1004048,131.0
1004224,131.0
1004704,131.0
1005136,146.0
1005760,131.0
1005808,131.0
1005824,130.0
1005904,131.0
1006112,131.0
1006160,131.0
1006160,131.0
1006272,131.0
1006528,143.0
1006816,131.0
1007232,130.0
1007344,94.0
1007472,130.0
1007776,131.0
1007872,131.0
1007920,131.0
1008016,131.0
1008224,131.0
1008272,131.0
1008272,131.0
1008528,65.0
1008544,141.0
1009040,131.0
1009344,131.0
1009456,131.0
1009888,131.0
1009984,131.0
1010384,153.0
1010384,131.0
1010496,141.0
1010640,131.0
1010656,131.0
1010928,131.0
1011008,131.0
1011040,131.0
1011440,130.0
1011456,154.0
1011568,131.0
1012000,131.0
1012496,131.0
1012496,131.0
1013040,131.0
1013072,151.0
1013152,131.0
1013552,130.0
1013552,131.0
1013680,131.0
1014192,130.0
1014864,131.0
1015008,156.0
1015152,147.0
1015184,131.0
1015232,131.0
1015392,146.0
1015504,131.0
1015632,131.0
1015664,131.0
1016208,131.0
1016304,131.0
1016864,131.0
1016960,130.0
1017104,130.0
1017376,131.0
1017632,149.0
1017856,146.0
1018112,152.0
1018560,146.0
1018672,72.0
1018816,130.0
1018976,131.0
1019072,131.0
1019120,145.0
1019216,131.0
1019408,131.0
1019664,131.0
1019856,131.0
1019888,131.0
1020528,131.0
1020560,152.0
1020656,130.0
1020912,130.0
1021088,131.0
1021168,130.0
1021232,131.0
1021520,131.0
1021776,131.0
1021840,131.0
1021952,154.0
1021968,131.0
1022080,131.0
1022304,150.0
1023280,131.0
1023344,131.0
1023632,131.0
1023888,131.0
1023952,131.0
1024192,131.0
1024224,141.0
1024416,131.0
1024752,131.0
1024864,131.0
1025312,131.0
1025392,131.0
1025440,130.0
1025552,131.0
1026000,131.0
1026064,131.0
1026176,130.0
1026304,131.0
1026336,131.0
1026720,143.0
1026848,130.0
1026992,50.0
1027264,131.0
1027488,130.0
1027520,130.0
1027536,130.0
1027616,143.0
1027648,130.0
1027808,151.0
1027856,131.0
1028112,131.0
1028400,130.0
1028448,131.0
1028512,152.0
1028832,131.0
1028960,131.0
1029088,131.0
1029104,131.0
1029376,131.0
1029600,131.0
1029632,131.0
1029920,131.0
1029952,130.0
1030048,151.0
1030512,131.0
1030560,131.0
1030624,131.0
1031200,131.0
1031216,131.0
1031744,131.0
1031872,131.0
1032064,131.0
1032208,142.0
1032560,156.0
1032624,131.0
1032656,131.0
1033184,131.0
1033312,131.0
1033312,130.0
1033408,153.0
1033856,131.0
1033968,130.0
1034096,131.0
1034672,131.0
1034768,130.0
1035072,152.0
1035216,131.0
1035296,131.0
1035424,131.0
1035504,130.0
1035712,131.0
1035968,131.0
1036080,131.0
1036176,131.0
1036208,131.0
1036400,130.0
1036576,149.0
1036768,130.0
1036864,131.0
1036880,131.0
1037168,130.0
1037408,131.0
1037824,131.0
1037936,156.0
1037984,154.0
1038080,131.0
1038288,131.0
1038320,131.0
1038512,131.0
1038528,152.0
1038688,131.0
1038944,75.0
1038976,130.0
1039120,146.0
1039440,131.0
1039792,148.0
1039936,131.0
1040048,131.0
1040192,131.0
1040400,131.0
1040432,131.0
1040624,131.0
1040800,131.0
1040816,142.0
1041056,131.0
1041088,131.0
1041216,130.0
1041392,131.0
1041904,131.0
1042160,131.0
1042192,130.0
1042512,131.0
1042544,131.0
1042720,130.0
1042896,130.0
1042928,131.0
1043168,131.0
1043184,131.0
1043200,131.0
1043504,131.0
1043632,150.0
1044272,131.0
1044448,131.0
1044640,152.0
1044656,131.0
1044992,130.0
1045040,131.0
1045280,131.0
1045312,131.0
1045616,131.0
1045728,130.0
1046112,131.0
1046384,131.0
1046560,131.0
1046736,131.0
1046752,131.0
1046768,131.0
1046944,131.0
1047424,131.0
1047504,153.0
1047728,131.0
1048272,131.0
1048624,131.0
1048624,69.0
1048720,145.0
1048848,130.0
1048880,131.0
1049056,131.0
1049216,131.0
1049264,157.0
1049472,130.0
1049920,155.0
1049936,131.0
1050336,131.0
1050368,130.0
1050736,131.0
1050960,131.0
1050976,130.0
1051120,131.0
1051168,131.0
1051584,131.0
1051936,131.0
1052032,131.0
1052048,131.0
1052432,130.0
1052480,131.0
1052832,130.0
1053264,130.0
1053312,146.0
1053440,131.0
1053488,131.0
1053696,131.0
1054144,131.0
1054208,141.0
1054240,192.0
1054528,130.0
1054592,131.0
1054944,131.0
1054944,131.0
1055184,130.0
1055328,131.0
1055376,131.0
1056144,130.0
1056256,131.0
1056256,131.0
1056320,131.0
1056640,131.0
1056704,131.0
1057264,144.0
1057296,131.0
1057440,131.0
1057488,131.0
1057664,131.0
1057744,130.0
1058256,131.0
1058320,131.0
1058432,131.0
1058464,131.0
1058720,153.0
1058736,130.0
1058816,131.0
1059120,130.0
1059360,130.0
1059552,131.0
1059776,131.0
1059856,131.0
1060352,49.0
1060528,130.0
1060560,130.0
1060752,148.0
1060832,131.0
1061568,152.0
1061600,130.0
1061680,130.0
1061808,149.0
1061888,131.0
1062224,147.0
1062480,131.0
1062528,130.0
1062640,238.0
1062640,131.0
1062672,131.0
1062944,131.0
1063552,174.0
1063648,131.0
1063680,131.0
1063776,130.0
1063920,131.0
1064640,131.0
1064768,130.0
1065008,147.0
1065024,148.0
1065056,131.0
1065248,142.0
1065648,130.0
1065664,131.0
1065920,141.0
1066032,131.0
1066320,149.0
1066752,131.0
1066880,131.0
1067120,131.0
1067136,131.0
1067760,131.0
1067776,131.0
1068144,131.0
1068192,144.0
1068544,131.0
1068992,131.0
1069104,130.0
1069232,131.0
1069248,131.0
1069264,130.0
1069792,130.0
1069872,130.0
1070064,143.0
1070256,131.0
1070288,73.0
1070416,149.0
1070416,131.0
1070656,131.0
1070960,131.0
1071104,131.0
1071632,147.0
1071648,149.0
1071904,131.0
1072160,130.0
1072528,131.0
1072528,131.0
1072656,131.0
1072768,131.0
1072768,154.0
1073040,131.0
1073072,131.0
1073440,130.0
1073728,130.0
1073760,131.0
1074000,130.0
1074512,146.0
1074528,146.0
1074640,131.0
1074768,131.0
1074880,131.0
1074880,153.0
1075136,130.0
1075328,131.0
1075552,131.0
1076112,131.0
1076592,131.0
1076608,130.0
1076880,131.0
1076992,131.0
1077248,131.0
1077280,149.0
1077440,131.0
1077584,131.0
1077984,131.0
1078160,146.0
1078224,131.0
1078704,131.0
1078848,130.0
1078944,131.0
1078976,130.0
1079360,131.0
1079520,157.0
1079696,131.0
1079824,148.0
1080160,65.0
1080272,131.0
1080336,131.0
1080464,157.0
1080816,131.0
1080832,131.0
1081056,131.0
1081088,131.0
1081472,131.0
1081632,131.0
1081856,130.0
1081936,131.0
1082192,155.0
1082368,142.0
1082528,65.0
1082576,131.0
1082592,144.0
1082928,131.0
1082928,130.0
1083184,130.0
1083328,147.0
1083392,145.0
1083632,68.0
1083744,131.0
1084048,131.0
1084240,148.0
1084288,131.0
1084304,131.0
1084384,131.0
1084560,131.0
1084688,130.0
1084688,131.0
1084848,154.0
1085040,131.0
1085040,131.0
1085504,131.0
1085744,131.0
1085776,152.0
1086160,131.0
1086176,151.0
1086400,130.0
1086480,130.0
1086800,131.0
1086800,131.0
1086944,130.0
1087008,152.0
1087136,130.0
1087408,131.0
1087600,130.0
1087888,131.0
1088176,64.0
1088256,130.0
1088512,131.0
1088592,131.0
1088896,156.0
1088912,131.0
1089248,66.0
1089264,131.0
1089456,152.0
1089712,131.0
1090000,131.0
1090336,131.0
1090368,131.0
1090560,130.0
1090624,131.0
1090752,153.0
1091024,131.0
1091024,131.0
1091360,131.0
1091552,130.0
1091616,131.0
1091760,152.0
1091824,131.0
1092112,131.0
1092480,131.0
1092672,131.0
1092736,131.0
1093104,149.0
1093104,131.0
1093136,131.0
1093424,149.0
1093472,131.0
1093728,131.0
1093872,131.0
1093936,131.0
1094224,131.0
1094720,142.0
1094784,131.0
1094976,131.0
1095200,130.0
1095216,131.0
1095216,154.0
1095248,131.0
1095584,130.0
1095984,144.0
1096048,131.0
1096704,131.0
1096896,131.0
1097024,143.0
1097312,130.0
1097328,131.0
1097360,131.0
1097696,131.0
1097952,131.0
1097968,131.0
1098096,131.0
1098160,131.0
1098640,143.0
1099040,145.0
1099088,63.0
1099200,143.0
1099424,131.0
1099440,131.0
1099472,131.0
1099664,146.0
1099760,131.0
1100064,131.0
1100096,149.0
1100272,131.0
1100384,142.0
1101152,131.0
1101200,131.0
1101424,130.0
1101552,131.0
1101776,131.0
1101856,130.0
1102096,49.0
1102176,131.0
1102368,141.0
1102496,131.0
1102864,131.0
1103248,130.0
1103520,130.0
1103632,131.0
1103696,131.0
1103712,150.0
1103888,131.0
1104160,143.0
1104192,130.0
1104480,131.0
1104496,131.0
1104496,131.0
1104592,130.0
1105264,149.0
1105344,130.0
1105424,131.0
1105632,131.0
1105744,131.0
1105744,130.0
1105808,131.0
1106000,131.0
1106288,130.0
1106608,131.0
1106736,61.0
1106736,61.0
1106832,146.0
1107376,131.0
1107920,131.0
1107968,145.0
1108112,131.0
1108128,130.0
1108400,63.0
1108784,131.0
1108816,131.0
1108944,131.0
1109184,152.0
1109184,152.0
1109888,130.0
1110080,131.0
1110256,145.0
1110416,142.0
1110496,131.0
1110512,131.0
1110816,131.0
1110896,131.0
1110928,131.0
1111040,130.0
1111296,131.0
1111296,131.0
1112000,131.0
1112192,131.0
1112336,131.0
1112368,131.0
1112528,131.0
1112928,131.0
1112992,155.0
1112992,131.0
1113152,131.0
1113232,145.0
1113296,131.0
1113408,131.0
1113408,131.0
1114112,131.0
1114144,75.0
1114304,131.0
1114400,68.0
1114624,130.0
1114736,131.0
1115088,130.0
1115104,131.0
1115152,131.0
1115264,131.0
1115520,131.0
1116112,131.0
1116416,131.0
1116496,130.0
1116736,131.0
1116784,89.0
1116896,150.0
1117088,146.0
1117200,131.0
1117216,131.0
1117376,131.0
1117488,145.0
1117632,131.0
1117792,141.0
1118144,65.0
1118336,131.0
1118592,130.0
1118768,131.0
1118864,152.0
1118896,131.0
1119008,131.0
1119152,150.0
1119312,131.0
1119328,131.0
1119456,131.0
1119600,131.0
1119744,131.0
1120432,130.0
1120624,131.0
1120880,131.0
1120960,130.0
1121120,131.0
1121568,131.0
1121648,145.0
1121696,61.0
1121712,131.0
1122016,131.0
1122032,66.0
1122368,131.0
1122544,131.0
1122752,65.0
1122928,143.0
1122992,131.0
1123120,131.0
1123344,130.0
1123472,146.0
1123552,131.0
1123680,131.0
1123712,131.0
1123744,130.0
1123808,130.0
1123952,130.0
1124128,131.0
1124480,131.0
1124656,131.0
1125104,131.0
1125232,131.0
1125376,152.0
1125456,131.0
1125568,130.0
1125824,131.0
1125856,131.0
1125904,146.0
1125952,141.0
1126064,131.0
1126256,131.0
1126480,146.0
1126592,131.0
1126768,131.0
1127200,130.0
1127344,131.0
1127488,131.0
1127680,131.0
1127936,131.0
1127968,131.0
1127968,156.0
1128032,131.0
1128064,131.0
1128176,131.0
1128592,131.0
1129040,152.0
1129072,131.0
1129456,131.0
1129600,131.0
1130064,148.0
1130080,131.0
1130112,130.0
1130144,131.0
1130176,131.0
1130256,144.0
1130320,146.0
1130464,130.0
1130704,131.0
1130992,131.0
1131152,131.0
1131184,131.0
1131664,131.0
1131696,130.0
1132288,131.0
1132368,130.0
1132432,131.0
1132576,131.0
1132608,153.0
1132800,130.0
1133104,131.0
1133264,131.0
1133312,63.0
1133664,131.0
1133776,131.0
1134464,131.0
1134656,130.0
1134688,131.0
1134768,150.0
1134784,146.0
1135008,131.0
1135152,146.0
1135712,149.0
1135776,131.0
1135776,131.0
1135856,67.0
1136576,130.0
1136720,131.0
1136768,131.0
1136832,131.0
1136880,130.0
1137120,131.0
1137472,131.0
1137824,131.0
1137888,131.0
1137888,131.0
1137968,131.0
1137984,130.0
1138688,131.0
1138896,130.0
1138944,131.0
1138992,131.0
1139232,131.0
1139360,130.0
1139584,131.0
1139664,131.0
1139968,66.0
1140000,131.0
1140080,131.0
1140800,131.0
1140928,131.0
1140992,131.0
1141344,149.0
1141344,131.0
1141504,156.0
1141680,130.0
1141776,131.0
1142032,131.0
1142064,130.0
1142112,131.0
1142192,131.0
1142208,131.0
1142368,130.0
1142912,131.0
1143040,131.0
1143456,131.0
1143584,131.0
1143616,131.0
1143792,131.0
1143888,131.0
1143984,131.0
1144176,131.0
1144320,131.0
1144480,152.0
1144672,154.0
1145504,63.0
1145728,131.0
1145824,147.0
1145872,131.0
1145904,131.0
1146096,131.0
1146288,131.0
1146704,154.0
1147328,131.0
1147792,131.0
1147840,131.0
1147856,131.0
1147936,131.0
1147984,131.0
1148112,131.0
1148304,149.0
1148400,143.0
1148528,131.0
1148800,130.0
1149120,153.0
1149440,131.0
1149712,130.0
1149904,131.0
1149952,131.0
1149968,131.0
1150048,131.0
1150096,131.0
1150224,131.0
1150640,131.0
1150720,144.0
1150912,131.0
1150992,131.0
1151232,131.0
1151808,130.0
1152016,131.0
1152080,131.0
1152176,153.0
1152208,131.0
1152288,145.0
1152336,131.0
1152512,153.0
1152720,130.0
1153024,131.0
1153408,150.0
1153872,130.0
1153904,130.0
1154112,130.0
1154320,131.0
1154384,143.0
1154432,130.0
1154832,130.0
1154880,147.0
1155120,130.0
1155232,149.0
1155520,131.0
1155984,131.0
1156000,130.0
1156224,131.0
1156384,131.0
1156496,131.0
1156544,131.0
1156944,131.0
1156976,130.0
1157120,130.0
1157232,131.0
1157344,131.0
1157632,131.0
1158096,131.0
1158112,131.0
1158336,131.0
1158496,131.0
1158544,131.0
1158608,131.0
1158608,131.0
1158640,130.0
1159232,131.0
1159280,145.0
1159344,131.0
1159408,151.0
1159440,130.0
1159632,131.0
1159680,131.0
1160208,131.0
1160224,131.0
1160448,131.0
1160608,131.0
1160752,131.0
1160896,142.0
1161344,131.0
1161376,130.0
1161520,131.0
1161552,131.0
1161744,131.0
1161792,131.0
1162336,131.0
1162352,131.0
1162560,131.0
1163104,146.0
1163120,153.0
1163168,152.0
1163488,131.0
1163632,131.0
1163664,131.0
1163856,131.0
1163968,131.0
1164416,130.0
1164816,130.0
1165232,131.0
1165280,131.0
1165568,131.0
1165776,131.0
1165840,63.0
1165968,131.0
1166000,131.0
1166528,131.0
1166992,145.0
1167312,131.0
1167344,131.0
1167520,130.0
1167680,131.0
1167696,131.0
1167712,151.0
1167888,131.0
1168048,143.0
1168112,131.0
1168192,131.0
1168640,131.0
1168880,130.0
1169456,131.0
1169632,131.0
1169792,131.0
1170000,131.0
1170032,130.0
1170144,130.0
1170176,131.0
1170224,131.0
1170304,131.0
1170992,131.0
1171040,149.0
1171536,131.0
1171568,131.0
1171904,131.0
1171936,131.0
1172128,130.0
1172288,131.0
1172400,130.0
1172400,149.0
1172480,145.0
1173008,131.0
1173104,131.0
1173184,149.0
1173296,130.0
1173536,155.0
1173632,130.0
1173680,131.0
1174016,131.0
1174048,131.0
1174176,152.0
1174400,131.0
1174448,131.0
1174576,130.0
1175104,130.0
1175216,131.0
1175296,131.0
1175392,130.0
1175632,130.0
1175744,131.0
1175792,131.0
1175952,52.0
1176128,131.0
1176288,131.0
1176352,131.0
1176512,153.0
1176512,131.0
1176560,131.0
1176688,131.0
1177328,131.0
1177408,131.0
1177728,130.0
1177776,148.0
1177856,131.0
1177904,131.0
1178064,131.0
1178240,131.0
1178400,131.0
1178448,130.0
1178656,130.0
1178720,131.0
1178800,131.0
1179088,154.0
1179520,131.0
1179888,131.0
1179952,130.0
1180160,130.0
1180336,130.0
1180512,131.0
1180560,131.0
1180832,131.0
1180896,130.0
1181056,149.0
1181200,131.0
1181632,131.0
1181920,130.0
1182000,131.0
1182032,150.0
1182048,130.0
1182192,61.0
1182432,131.0
1182448,131.0
1182608,130.0
1182672,131.0
1182832,130.0
1182848,131.0
1182944,131.0
1183280,148.0
1184128,130.0
1184160,131.0
1184272,141.0
1184320,149.0
1184544,131.0
1184560,131.0
1184944,130.0
1184944,131.0
1185056,131.0
1186240,131.0
1186272,131.0
1186384,131.0
1186656,131.0
1186672,131.0
1186832,131.0
1186880,130.0
1187040,130.0
1187168,131.0
1187696,64.0
1187872,131.0
1187952,131.0
1188480,130.0
1188512,130.0
1188544,131.0
1188720,154.0
1188784,131.0
1188976,130.0
1189024,143.0
1189104,141.0
1189136,130.0
1189168,131.0
1189280,131.0
1189792,130.0
1189984,131.0
1190592,131.0
1190624,131.0
1190656,131.0
1190816,130.0
1190880,130.0
1191136,131.0
1191216,131.0
1191248,131.0
1191376,130.0
1191600,151.0
1192144,149.0
1192336,146.0
1192416,146.0
1192592,130.0
1192704,131.0
1192720,130.0
1192928,131.0
1192976,144.0
1193200,131.0
1193328,131.0
1193360,131.0
1193488,131.0
1193696,130.0
1194256,131.0
1194432,140.0
1194448,131.0
1194528,131.0
1194704,62.0
1194896,143.0
1195104,131.0
1195440,131.0
1195472,131.0
1195600,131.0
1196368,131.0
1196640,131.0
1196816,131.0
1196848,150.0
1196912,130.0
1197008,131.0
1197200,131.0
1197264,130.0
1197424,131.0
1197536,130.0
1197712,131.0
1197776,131.0
1198464,130.0
1198672,131.0
1198752,131.0
1198928,131.0
1199024,131.0
1199120,131.0
1199312,131.0
1199328,154.0
1199360,130.0
1199536,131.0
1199648,131.0
1199824,131.0
1199888,131.0
1199888,131.0
1199904,154.0
1200576,131.0
1200784,131.0
1201024,130.0
1201136,131.0
1201200,152.0
1201408,130.0
1201648,131.0
1201760,131.0
1202000,131.0
1202016,131.0
1202176,146.0
1202688,131.0
1203136,131.0
1203248,131.0
1203312,131.0
1203328,130.0
1203584,131.0
1203760,131.0
1203824,150.0
1203872,130.0
1203888,131.0
1204112,131.0
1204320,143.0
1204384,131.0
1205344,130.0
1205424,131.0
1205440,131.0
1206000,131.0
1206144,141.0
1206208,152.0
1206224,131.0
1207024,154.0
1207104,131.0
1207184,148.0
1207360,131.0
1207456,131.0
1208032,130.0
1208096,131.0
1208096,130.0
1208336,131.0
1208576,147.0
1209120,130.0
1209296,131.0
1209472,131.0
1209568,131.0
1209632,131.0
1209648,131.0
1210144,131.0
1210144,131.0
1210208,131.0
1210208,131.0
1210688,131.0
1210736,154.0
1210880,145.0
1211216,130.0
1211312,156.0
1211328,131.0
1211408,131.0
1211584,131.0
1211744,131.0
1212256,131.0
1212256,131.0
1212320,131.0
1212656,152.0
1212800,131.0
1212832,130.0
1212896,130.0
1212992,131.0
1213424,131.0
1213424,130.0
1213520,131.0
1213664,152.0
1213696,131.0
1213760,130.0
1213856,131.0
1214016,63.0
1214368,131.0
1214928,130.0
1215024,62.0
1215184,142.0
1215680,140.0
1215888,147.0
1215968,131.0
1216256,131.0
1216544,131.0
1216624,140.0
1216736,131.0
1217040,131.0
1217296,131.0
1217392,151.0
1217872,130.0
1217920,131.0
1217984,131.0
1217984,130.0
1218080,131.0
1218112,151.0
1218352,67.0
1218368,131.0
1218640,130.0
1218736,131.0
1219216,130.0
1219408,131.0
1219504,131.0
1220032,131.0
1220096,131.0
1220464,154.0
1220480,131.0
1220752,149.0
1220848,131.0
1221328,131.0
1221520,131.0
1221616,131.0
1221856,131.0
1222080,130.0
1222128,130.0
1222208,131.0
1222320,131.0
1222864,131.0
1222864,131.0
1223008,131.0
1223056,131.0
1223264,150.0
1223632,131.0
1223712,130.0
1223968,131.0
1224320,131.0
1224416,131.0
1224480,146.0
1224672,130.0
1224672,131.0
1224768,152.0
1225120,131.0
1225376,131.0
1225552,131.0
1225728,130.0
1225808,70.0
1225824,131.0
1226528,131.0
1226544,131.0
1226768,130.0
1227088,131.0
1227232,131.0
1227488,131.0
1227568,131.0
1227824,130.0
1227936,131.0
1228192,131.0
1228480,152.0
1228640,131.0
1228688,130.0
1228880,131.0
1228912,131.0
1229184,130.0
1229344,131.0
1229584,130.0
1229680,131.0
1230032,131.0
1230048,131.0
1230128,153.0
1230240,150.0
1230304,131.0
1230576,130.0
1230784,130.0
1230992,131.0
1231024,131.0
1231440,131.0
1231456,131.0
1231696,131.0
1231792,131.0
1231824,66.0
1232144,131.0
1232160,131.0
1232320,63.0
1232544,143.0
1232592,153.0
1232688,131.0
1232736,151.0
1232864,131.0
1233104,131.0
1233136,131.0
1233248,153.0
1233536,130.0
1233568,131.0
1233888,130.0
1234112,142.0
1234256,131.0
1234272,131.0
1234432,131.0
1234736,52.0
1234848,131.0
1235152,153.0
1235216,131.0
1235360,131.0
1236368,131.0
1236384,141.0
1236384,131.0
1236544,131.0
1236752,131.0
1236816,131.0
1236848,131.0
1236960,131.0
1237344,130.0
1237552,149.0
1237792,131.0
1237808,152.0
1238496,131.0
1238544,131.0
1238928,131.0
1238928,148.0
1238944,130.0
1239072,131.0
1239328,131.0
1239648,143.0
1239664,131.0
1239920,131.0
1240608,131.0
1240656,131.0
1240896,131.0
1240960,131.0
1241024,130.0
1241040,131.0
1241440,131.0
1241536,130.0
1241968,131.0
1241968,144.0
1242032,131.0
1242352,152.0
1242720,131.0
1242768,131.0
1243008,131.0
1243008,150.0
1243056,67.0
1243136,131.0
1243152,131.0
1243168,131.0
1243584,149.0
1243888,131.0
1244080,131.0
1244144,131.0
1244448,130.0
1244832,131.0
1244880,131.0
1245168,131.0
1245168,131.0
1245328,144.0
1245360,146.0
1245536,67.0
1245584,151.0
1245984,130.0
1246000,150.0
1246080,130.0
1246224,145.0
1246256,131.0
1246368,142.0
1246976,130.0
1247264,151.0
1247280,131.0
1247280,131.0
1247440,131.0
1247472,131.0
1247648,131.0
1247696,131.0
1247920,149.0
1248112,131.0
1248192,131.0
1248240,140.0
1248336,131.0
1248368,131.0
1249088,131.0
1249360,130.0
1249376,130.0
1249472,131.0
1249552,141.0
1249552,131.0
1249584,131.0
1249808,131.0
1250032,131.0
1250288,130.0
1250352,131.0
1250480,131.0
1250640,157.0
1250832,155.0
1251488,131.0
1251664,131.0
1251664,131.0
1251984,149.0
1252144,131.0
1252288,154.0
1252400,131.0
1252592,131.0
1252720,147.0
1252752,131.0
1252880,130.0
1252944,131.0
1253312,131.0
1253584,131.0
1253696,131.0
1253984,131.0
1254096,131.0
1254256,131.0
1254400,131.0
1254864,131.0
1255088,155.0
1255184,153.0
1255360,154.0
1255424,131.0
1255696,131.0
1255872,130.0
1255888,131.0
1256112,150.0
1256208,131.0
1256576,144.0
1256912,149.0
1257152,130.0
1257184,130.0
1257200,131.0
1257296,131.0
1257792,151.0
1257808,131.0
1257808,131.0
1257968,130.0
1257968,65.0
1258224,131.0
1258320,131.0
1258672,130.0
1258848,145.0
1259360,130.0
1259408,131.0
1259536,146.0
1259632,154.0
1259920,131.0
1260080,131.0
1260784,131.0
1260944,130.0
1261392,130.0
1261648,131.0
1261744,131.0
1261824,153.0
1262032,131.0
1262048,130.0
1262192,131.0
1262192,131.0
1262448,131.0
1262896,131.0
1263504,131.0
1263760,131.0
1263856,131.0
1263936,131.0
1264096,143.0
1264112,130.0
1264128,130.0
1264128,130.0
1264160,131.0
1264560,131.0
1264928,131.0
1265200,155.0
1265536,131.0
1265616,131.0
1265968,131.0
1266224,131.0
1266240,131.0
1266240,131.0
1266272,131.0
1266416,131.0
1266656,130.0
1267120,131.0
1267312,131.0
1267648,131.0
1267712,130.0
1268064,130.0
1268256,149.0
1268304,140.0
1268336,131.0
1268352,131.0
1268384,131.0
1268672,153.0
1268720,154.0
1269024,131.0
1269152,155.0
1269232,131.0
1269424,131.0
1269760,131.0
1269824,131.0
1270160,130.0
1270368,131.0
1270416,131.0
1270448,130.0
1270496,131.0
1270624,130.0
1270784,131.0
1270832,131.0
1271536,131.0
1271872,131.0
1272256,130.0
1272816,149.0
1272928,151.0
1273024,149.0
1273360,131.0
1273360,131.0
1273360,130.0
1273520,148.0
1273648,131.0
1273792,131.0
1274272,149.0
1274368,151.0
1274672,131.0
1274736,154.0
1275008,131.0
1275040,131.0
1275232,150.0
1275424,149.0
1275456,130.0
1275456,130.0
1275472,131.0
1275744,130.0
1276016,155.0
1276480,131.0
1276656,148.0
1276688,131.0
1276896,61.0
1277104,130.0
1277536,131.0
1277568,130.0
1277856,131.0
1278128,131.0
1278576,130.0
1278768,131.0
1278800,131.0
1278880,130.0
1278944,130.0
1279216,131.0
1279488,131.0
1279648,131.0
1279872,143.0
1279936,148.0
1279968,131.0
1280240,131.0
1280688,131.0
1280896,130.0
1280992,131.0
1281056,131.0
1281536,131.0
1281600,131.0
1282048,131.0
1282352,131.0
1282448,154.0
1282784,130.0
1283008,131.0
1283312,144.0
1283440,131.0
1283488,131.0
1283696,130.0
1283872,131.0
1283872,131.0
1284080,130.0
1284144,131.0
1284160,131.0
1284560,131.0
1284704,146.0
1285280,131.0
1285552,131.0
1285792,130.0
1285872,148.0
1286128,140.0
1286256,148.0
1286256,131.0
1286272,131.0
1286672,131.0
1287392,131.0
1287456,146.0
1287536,131.0
1287664,131.0
1287904,131.0
1288128,130.0
1288368,131.0
1288784,131.0
1288832,152.0
1289120,143.0
1289120,131.0
1289232,68.0
1289504,131.0
1289552,130.0
1289648,131.0
1289776,131.0
1290000,130.0
1290656,148.0
1290688,151.0
1290704,145.0
1290800,130.0
1290896,131.0
1290944,131.0
1291232,131.0
1291232,131.0
1292224,152.0
1292448,131.0
1292768,131.0
1292800,131.0
1292816,131.0
1292912,131.0
1292992,130.0
1293056,131.0
1293328,130.0
1293344,131.0
1293456,131.0
1293728,131.0
1293856,131.0
1293968,143.0
1294016,130.0
1294224,131.0
1294336,131.0
1294560,131.0
1294880,131.0
1294912,131.0
1294912,130.0
1295024,131.0
1295104,131.0
1295168,131.0
1295440,131.0
1295456,131.0
1295840,131.0
1295968,131.0
1296016,61.0
1296080,131.0
1296336,131.0
1296432,61.0
1296800,153.0
1297024,131.0
1297552,152.0
1297568,131.0
1297664,130.0
1297936,130.0
1298080,131.0
1298176,130.0
1298448,131.0
1298560,131.0
1298768,130.0
1298800,147.0
1298896,130.0
1299120,130.0
1299120,130.0
1299440,152.0
1299600,64.0
1299776,131.0
1300192,131.0
1300240,143.0
1300288,131.0
1300544,130.0
1300768,152.0
1300880,131.0
1300896,130.0
1301424,143.0
1301504,131.0
1301552,131.0
1301712,131.0
1301760,130.0
1301888,131.0
1302656,131.0
1302880,131.0
1303008,131.0
1303344,131.0
1303360,130.0
1303520,130.0
1303824,131.0
1303872,131.0
1304288,149.0
1304400,131.0
1304720,147.0
1304768,131.0
1304848,131.0
1305104,131.0
1305280,149.0
1305456,152.0
1305456,130.0
1305616,130.0
1305632,142.0
1305760,131.0
1305936,131.0
1306000,130.0
1306048,130.0
1306400,131.0
1306448,61.0
1306512,131.0
1306880,131.0
1306960,131.0
1307216,131.0
1307488,67.0
1307744,131.0
1307888,151.0
1308048,131.0
1308096,131.0
1308112,131.0
1308160,131.0
1308560,131.0
1308624,131.0
1308944,131.0
1308992,131.0
1309072,131.0
1309328,131.0
1309504,131.0
1309584,130.0
1309840,131.0
1309984,131.0
1310160,131.0
1310224,131.0
1310736,131.0
1310944,148.0
1311056,131.0
1311696,131.0
1311824,144.0
1311952,131.0
1312096,130.0
1312240,149.0
1312272,131.0
1312320,130.0
1312624,146.0
1312848,131.0
1313216,131.0
1313792,130.0
1313936,131.0
1314032,131.0
1314064,131.0
1314192,130.0
1314336,130.0
1314384,131.0
1314432,131.0
1314576,130.0
1314736,131.0
1314960,131.0
1315264,130.0
1315328,131.0
1315904,131.0
1316048,131.0
1316144,131.0
1316176,131.0
1316288,130.0
1316480,130.0
1316544,131.0
1316736,131.0
1316848,131.0
1317376,131.0
1317440,131.0
1317440,154.0
1317696,131.0
1317760,131.0
1318016,131.0
1318144,130.0
1318400,131.0
1318560,131.0
1318592,131.0
1318960,131.0
1319232,155.0
1319488,131.0
1319824,148.0
1320128,131.0
1320144,148.0
1320256,131.0
1320336,130.0
1320384,130.0
1320496,130.0
1320672,131.0
1321008,150.0
1321072,131.0
1321408,152.0
1321600,131.0
1321664,131.0
1321920,130.0
1322160,130.0
1322240,130.0
1322432,131.0
1322448,131.0
1322496,131.0
1322576,144.0
1322784,131.0
1323120,131.0
1323280,131.0
1323520,131.0
1323520,63.0
1323712,131.0
1324016,146.0
1324032,131.0
1324272,131.0
1324336,130.0
1324544,131.0
1324544,130.0
1324992,131.0
1325232,131.0
1325296,131.0
1325312,157.0
1325392,131.0
1325632,131.0
1325872,146.0
1326112,130.0
1326384,131.0
1326400,147.0
1326448,131.0
1326784,130.0
1327072,157.0
1327104,61.0
1327344,131.0
1327408,131.0
1327424,131.0
1327712,144.0
1327744,131.0
1327936,131.0
1328512,131.0
1328848,149.0
1328880,151.0
1329184,149.0
1329184,131.0
1329216,131.0
1329216,131.0
1329456,131.0
1329456,131.0
1329824,131.0
1330032,130.0
1330192,152.0
1330592,130.0
1330912,149.0
1330992,131.0
1331200,131.0
1331296,131.0
1331312,130.0
1331552,130.0
1331600,148.0
1331632,131.0
1331936,131.0
1332704,131.0
1333024,131.0
1333312,131.0
1333392,130.0
1333392,131.0
1333408,152.0
1333616,143.0
1333680,131.0
1333744,131.0
1334048,150.0
1334416,131.0
1334480,146.0
1334816,131.0
1335136,131.0
1335200,130.0
1335296,50.0
1335424,131.0
1335792,131.0
1335840,152.0
1335856,131.0
1336064,152.0
1336160,131.0
1336368,144.0
1336816,149.0
1336928,131.0
1337232,130.0
1337232,144.0
1337296,130.0
1337408,131.0
1337616,131.0
1337632,131.0
1337888,131.0
1338240,149.0
1338432,147.0
1339040,131.0
1339328,156.0
1339344,131.0
1339408,131.0
1339648,131.0
1339728,155.0
1339728,131.0
1339920,142.0
1340000,131.0
1340320,131.0
1340544,131.0
1340688,152.0
1341152,131.0
1341456,131.0
1341616,130.0
1341760,131.0
1341776,147.0
1341840,131.0
1342128,131.0
1342432,131.0
1342496,131.0
1342656,131.0
1343056,131.0
1343152,153.0
1343264,131.0
1343568,131.0
1343728,131.0
1343952,131.0
1344336,131.0
1344544,151.0
1344544,131.0
1344752,131.0
1344768,131.0
1345152,130.0
1345376,131.0
1345968,149.0
1345968,130.0
1345968,130.0
1346064,131.0
1346064,131.0
1346352,131.0
1346400,63.0
1346640,130.0
1346656,131.0
1346880,131.0
1347248,130.0
1347664,149.0
1347936,131.0
1348080,131.0
1348080,131.0
1348080,131.0
1348176,131.0
1348464,131.0
1348512,131.0
1348656,61.0
1348784,130.0
1348960,130.0
1348976,144.0
1349536,152.0
1350176,130.0
1350192,131.0
1350192,131.0
1350272,130.0
1350272,131.0
1350624,131.0
1350768,131.0
1350880,130.0
1351648,131.0
1352160,131.0
1352288,131.0
1352304,131.0
1352384,131.0
1352688,131.0
1352976,131.0
1352992,131.0
1353072,152.0
1353168,130.0
1353488,149.0
1353744,130.0
1353792,130.0
1353840,130.0
1354304,61.0
1354416,131.0
1354416,131.0
1354656,131.0
1354752,147.0
1354800,131.0
1354832,61.0
1355568,149.0
1355600,131.0
1355904,131.0
1356416,131.0
1356528,131.0
1356544,131.0
1356768,131.0
1356864,131.0
1356896,154.0
1356912,131.0
1356944,131.0
1357184,130.0
1357216,131.0
1357296,131.0
1357680,131.0
1357712,131.0
1358016,131.0
1358256,130.0
1358528,131.0
1358624,131.0
1358640,131.0
1358656,131.0
1358880,131.0
1358992,130.0
1359056,131.0
1359296,131.0
1359312,130.0
1359408,131.0
1359792,131.0
1360368,131.0
1360736,131.0
1360752,131.0
1360768,131.0
1361088,131.0
1361152,130.0
1361344,131.0
1361504,130.0
1361744,151.0
1362736,130.0
1362752,153.0
1362864,131.0
1362880,131.0
1363200,131.0
1363456,131.0
1363520,131.0
1363616,131.0
1363776,64.0
1364000,130.0
1364304,130.0
1364592,131.0
1364864,131.0
1364976,130.0
1365376,131.0
1365600,131.0
1365632,131.0
1365712,130.0
1365888,131.0
1366112,131.0
1366336,131.0
1366416,131.0
1366704,131.0
1367088,131.0
1367424,131.0
1367440,153.0
1367472,131.0
1367632,131.0
1367744,131.0
1367984,130.0
1368032,131.0
1368112,149.0
1368448,145.0
1368800,153.0
1368816,149.0
1369072,131.0
1369200,131.0
1369552,131.0
1369600,131.0
1369728,130.0
1369824,131.0
1369872,149.0
1370096,131.0
1370224,131.0
1370560,131.0
1370912,131.0
1370912,131.0
1371120,143.0
1371184,131.0
1371712,131.0
1371952,131.0
1372208,131.0
1372256,131.0
1372672,131.0
1372704,154.0
1373024,131.0
1373024,131.0
1373232,131.0
1373296,131.0
1373584,141.0
1373776,131.0
1373824,131.0
1374048,131.0
1374096,131.0
1374096,152.0
1374224,141.0
1374304,130.0
1374368,131.0
1374816,131.0
1375136,153.0
1375168,53.0
1375344,131.0
1375536,156.0
1375616,144.0
1375872,130.0
1376256,131.0
1376384,142.0
1376480,131.0
1376496,152.0
1376544,152.0
1376624,149.0
1377248,131.0
1377248,131.0
1377264,130.0
1377632,142.0
1377648,131.0
1377728,131.0
1378048,131.0
1378496,131.0
1378576,130.0
1378608,131.0
1378656,131.0
1378736,131.0
1379040,131.0
1379360,131.0
1379376,131.0
1380080,151.0
1380096,131.0
1380160,131.0
1380208,154.0
1380608,131.0
1380672,130.0
1380720,131.0
1380768,131.0
1380848,131.0
1380880,144.0
1381152,131.0
1381456,130.0
1381744,131.0
1381840,130.0
1382176,130.0
1382208,131.0
1382272,131.0
1382304,130.0
1382720,131.0
1382832,131.0
1382880,131.0
1382960,131.0
1383184,143.0
1383568,131.0
1383600,131.0
1383856,131.0
1383952,131.0
1384304,130.0
1384896,131.0
1384944,131.0
1384976,130.0
1385024,143.0
1385056,130.0
1385376,131.0
1385968,131.0
1386016,152.0
1386032,151.0
1386064,131.0
1386416,131.0
1386432,65.0
1386720,144.0
1387008,131.0
1387008,131.0
1387056,131.0
1387088,131.0
1387168,131.0
1387408,131.0
1387472,152.0
1388080,131.0
1388176,131.0
1388544,131.0
1388832,131.0
1388848,151.0
1389280,131.0
1389312,143.0
1389344,145.0
1389520,131.0
1389584,131.0
1390240,131.0
1390288,131.0
1390656,131.0
1390720,131.0
1391008,131.0
1391392,131.0
1391632,131.0
1391648,154.0
1391904,145.0
1391920,145.0
1392288,130.0
1392352,131.0
1392752,130.0
1392832,131.0
1393072,131.0
1393120,131.0
1393536,131.0
1393680,147.0
1393760,131.0
1393776,131.0
1394016,130.0
1394048,150.0
1394464,131.0
1394464,131.0
1394864,131.0
1394944,131.0
1395424,143.0
1395616,131.0
1395872,131.0
1396128,131.0
1396128,131.0
1396160,131.0
1396208,151.0
1396512,131.0
1396624,131.0
1396832,147.0
1396976,131.0
1397360,150.0
1397536,131.0
1397536,146.0
1397760,131.0
1398144,131.0
1398240,131.0
1398272,131.0
1398688,131.0
1398736,131.0
1398944,131.0
1399072,130.0
1399776,150.0
1399840,131.0
1399856,130.0
1400096,131.0
1400352,131.0
1400352,131.0
1400416,131.0
1400624,146.0
1400736,131.0
1401152,153.0
1401184,131.0
1401760,131.0
1401872,130.0
1401936,130.0
1401968,131.0
1401984,131.0
1402528,131.0
1402720,153.0
1402768,150.0
1402960,131.0
1403136,149.0
1403296,131.0
1403872,131.0
1404048,131.0
1404320,131.0
1404576,131.0
1404640,131.0
1404832,131.0
1404848,131.0
1404864,130.0
1405072,131.0
1405264,131.0
1405984,131.0
1406192,131.0
1406208,131.0
1406352,143.0
1406400,131.0
1406432,131.0
1406688,131.0
1406752,131.0
1406944,131.0
1406960,131.0
1407344,130.0
1407360,130.0
1407456,148.0
1407824,131.0
1408096,131.0
1408464,131.0
1408576,147.0
1408816,150.0
1408864,131.0
1409088,131.0
1409248,143.0
1409472,131.0
1409568,131.0
1409936,131.0
1410208,131.0
1410384,80.0
1410640,130.0
1410688,131.0
1410848,148.0
1410912,130.0
1411168,130.0
1411360,131.0
1411568,131.0
1411840,141.0
1412048,131.0
1412304,130.0
1412768,131.0
1412912,141.0
1413088,131.0
1413184,130.0
1413680,131.0
1413952,131.0
1413952,173.0
1414352,143.0
1414592,131.0
1415024,131.0
1415072,131.0
1415296,131.0
1415568,130.0
1415584,150.0
1415792,131.0
1415936,130.0
1416064,131.0
1416272,131.0
1416736,130.0
1416944,146.0
1417136,131.0
1417184,131.0
1417664,131.0
1417712,130.0
1418048,131.0
1418176,131.0
1418176,131.0
1418752,154.0
1418832,130.0
1419040,130.0
1419248,131.0
1419504,144.0
1419760,130.0
1419808,149.0
1419808,131.0
1419824,131.0
1420016,131.0
1420192,142.0
1420256,131.0
1420272,130.0
1420288,131.0
1420448,149.0
1420864,131.0
1421152,131.0
1421360,131.0
1421520,131.0
1421616,131.0
1421696,89.0
1421872,131.0
1421920,131.0
1421936,131.0
1422128,131.0
1422304,131.0
1422384,131.0
1422560,131.0
1422736,53.0
1423296,146.0
1423472,131.0
1423472,144.0
1423616,130.0
1423808,131.0
1424048,131.0
1424240,131.0
1424384,130.0
1424384,153.0
1424416,131.0
1424496,131.0
1424512,131.0
1424832,130.0
1425072,130.0
1425408,131.0
1425584,131.0
1425712,130.0
1425872,149.0
1426144,130.0
1426480,130.0
1426864,152.0
1427184,131.0
1427520,131.0
1427808,130.0
1427936,130.0
1427984,131.0
1427984,149.0
1428240,130.0
1428848,155.0
1428896,131.0
1428912,131.0
1429296,131.0
1429632,131.0
1429904,130.0
1430048,131.0
1430096,131.0
1430400,149.0
1430464,154.0
1430704,131.0
1430832,130.0
1430960,131.0
1431008,131.0
1431024,131.0
1431392,130.0
1431504,131.0
1431744,131.0
1431808,157.0
1432016,131.0
1432160,131.0
1432432,131.0
1432512,131.0
1432576,131.0
1433008,74.0
1433040,145.0
1433120,131.0
1433488,130.0
1434032,157.0
1434128,131.0
1434224,154.0
1434272,131.0
1434544,131.0
1434624,131.0
1434688,131.0
1435056,131.0
1435120,131.0
1435168,131.0
1435248,131.0
1435440,149.0
1435712,131.0
1436240,131.0
1436304,141.0
1436336,131.0
1436384,131.0
1436432,131.0
1436736,131.0
1437280,131.0
1437328,131.0
1437392,67.0
1437392,145.0
1437552,131.0
1437712,131.0
1438448,131.0
1438496,131.0
1438640,149.0
1438752,130.0
1438832,130.0
1438880,130.0
1439344,131.0
1439376,130.0
1439424,130.0
1439488,130.0
1439504,131.0
1439648,130.0
1439824,131.0
1440560,131.0
1440608,131.0
1440864,131.0
1440928,148.0
1440944,131.0
1440992,131.0
1441472,130.0
1441600,131.0
1441616,62.0
1441616,131.0
1441728,143.0
1441824,154.0
1441856,130.0
1441920,130.0
1442048,131.0
1443040,131.0
1443728,131.0
1443824,130.0
1443888,142.0
1443920,152.0
1443968,131.0
1444032,131.0
1444144,130.0
1444976,143.0
1445152,131.0
1445168,131.0
1445616,141.0
1445840,131.0
1445936,131.0
1445984,130.0
1445984,131.0
1446032,131.0
1446032,131.0
1446128,130.0
1447088,131.0
1447280,131.0
1447616,153.0
1447728,131.0
1448096,131.0
1448128,130.0
1448144,131.0
1448176,131.0
1448368,131.0
1448368,151.0
1448384,149.0
1449536,131.0
1449728,131.0
1449824,131.0
1450032,130.0
1450048,131.0
1450192,130.0
1450240,130.0
1450240,131.0
1450352,131.0
1450480,131.0
1450480,131.0
1450544,147.0
1451648,131.0
1451840,131.0
1451936,131.0
1452144,131.0
1452144,144.0
1452160,131.0
1452336,130.0
1452352,131.0
1452464,131.0
1452464,141.0
1452576,130.0
1452656,131.0
1452832,146.0
1453056,145.0
1453952,131.0
1454240,130.0
1454256,130.0
1454448,131.0
1454464,131.0
1454560,150.0
1454576,131.0
1454688,131.0
1454752,130.0
1454944,131.0
1455488,131.0
1456048,131.0
1456144,131.0
1456368,131.0
1456560,131.0
1456656,130.0
1456688,131.0
1456800,131.0
1456864,131.0
1456960,148.0
1457248,130.0
1457376,151.0
1457584,130.0
1457952,130.0
1458144,130.0
1458160,130.0
1458480,131.0
1458672,131.0
1458720,147.0
1458800,131.0
1458912,131.0
1458976,131.0
1459024,147.0
1459072,131.0
1459696,131.0
1459824,152.0
1460048,130.0
1460272,131.0
1460832,131.0
1461024,131.0
1461088,131.0
1461136,131.0
1461216,141.0
1461664,131.0
1461808,131.0
1461936,131.0
1462160,131.0
1462352,130.0
1462384,131.0
1462464,130.0
1462896,131.0
1463136,131.0
1463200,131.0
1463296,131.0
1463328,131.0
1463360,153.0
1463776,131.0
1463920,131.0
1464272,131.0
1464400,153.0
1464464,131.0
1464480,130.0
1464960,140.0
1465008,131.0
1465296,130.0
1465296,146.0
1465360,131.0
1465408,131.0
1465440,131.0
1465472,131.0
1465888,131.0
1466064,50.0
1466320,149.0
1466384,131.0
1466512,131.0
1466576,131.0
1466592,131.0
1467120,131.0
1467456,130.0
1467504,130.0
1467552,131.0
1467600,143.0
1468000,131.0
1468432,131.0
1468480,130.0
1468528,153.0
1468928,150.0
1469104,150.0
1469184,131.0
1469232,131.0
1469616,131.0
1469664,131.0
1469680,131.0
1469712,131.0
1469744,142.0
1470480,154.0
1470592,131.0
1470640,131.0
1470800,131.0
1470816,131.0
1471200,141.0
1471216,131.0
1471520,145.0
1471552,144.0
1471632,131.0
1471728,131.0
1471792,131.0
1472048,145.0
1472128,153.0
1472592,131.0
1472704,131.0
1472912,131.0
1473248,151.0
1473312,131.0
1473680,153.0
1473984,151.0
1474160,131.0
1474240,131.0
1474368,131.0
1474816,131.0
1475072,154.0
1475424,131.0
1475792,131.0
1475936,130.0
1476016,131.0
1476080,130.0
1476352,131.0
1476480,131.0
1476928,131.0
1476976,131.0
1477184,150.0
1477312,131.0
1477568,155.0
1477664,143.0
1477856,131.0
1478032,130.0
1478192,131.0
1478480,153.0
1479040,131.0
1479296,131.0
1479408,151.0
1479424,131.0
1479648,131.0
1479680,131.0
1479968,131.0
1479984,144.0
1480016,131.0
1480048,130.0
1480144,131.0
1480960,154.0
1481152,131.0
1481520,131.0
1481760,131.0
1481776,146.0
1481776,130.0
1482064,130.0
1482112,130.0
1482256,131.0
1482352,143.0
1482400,131.0
1482496,156.0
1482928,152.0
1482944,131.0
1483056,130.0
1483104,61.0
1483264,131.0
1483408,141.0
1483632,131.0
1483744,131.0
1483872,131.0
1484368,131.0
1484448,130.0
1484512,131.0
1484608,131.0
1485040,131.0
1485168,131.0
1485568,143.0
1485744,131.0
1485856,131.0
1485984,131.0
1486000,131.0
1486368,155.0
1486480,131.0
1486608,130.0
1486928,154.0
1487152,131.0
1487280,131.0
1487312,130.0
1487680,131.0
1487856,131.0
1488576,130.0
1488720,131.0
1488768,149.0
1489040,131.0
1489264,131.0
1489392,131.0
1489408,130.0
1489792,131.0
1489936,131.0
1489968,131.0
1490080,131.0
1490464,131.0
1490816,130.0
1491072,143.0
1491152,131.0
1491376,131.0
1491504,64.0
1491520,131.0
1492048,131.0
1492064,130.0
1492176,131.0
1492192,131.0
1492608,131.0
1493184,147.0
1493264,131.0
1493488,131.0
1493600,131.0
1493616,130.0
1493760,131.0
1494000,130.0
1494144,130.0
1494176,131.0
1494400,131.0
1494704,130.0
1494912,131.0
1495296,131.0
1495600,145.0
1495600,131.0
1495712,131.0
1495728,131.0
1495872,131.0
1496288,131.0
1496544,149.0
1496688,148.0
1497024,131.0
1497120,150.0
1497392,130.0
1497392,130.0
1497712,131.0
1497712,131.0
1497824,130.0
1497824,131.0
1497824,130.0
1498608,144.0
1498656,131.0
1498864,146.0
1499088,149.0
1499136,131.0
1499504,131.0
1499504,131.0
1499824,131.0
1499936,131.0
1499936,131.0
1500064,74.0
1500096,131.0
1501008,149.0
1501088,63.0
1501248,131.0
1501328,130.0
1501600,130.0
1501600,61.0
1501936,131.0
1502048,131.0
1502048,131.0
1502176,131.0
1502192,130.0
1502304,130.0
1502432,131.0
1503072,130.0
1503440,131.0
1503632,131.0
1503696,130.0
1503712,131.0
1504048,131.0
1504160,131.0
1504288,131.0
1504448,149.0
1504544,131.0
1504640,152.0
1505440,147.0
1505456,130.0
1505504,131.0
1505728,130.0
1505808,131.0
1505808,147.0
1506016,143.0
1506112,131.0
1506160,131.0
1506272,131.0
1506400,131.0
1506656,131.0
1506752,131.0
1507552,131.0
1507568,131.0
1507616,131.0
1507920,131.0
1507920,131.0
1508112,130.0
1508224,131.0
1508496,130.0
1508768,131.0
1508864,131.0
1509248,152.0
1509680,131.0
1509728,131.0
1510336,131.0
1510368,131.0
1510592,130.0
1510608,155.0
1510736,131.0
1510832,152.0
1510976,131.0
1511360,131.0
1511760,130.0
1511792,131.0
1511792,131.0
1511840,131.0
1512144,131.0
1512352,149.0
1512448,131.0
1512672,143.0
1512784,61.0
1512832,130.0
1512912,144.0
1512944,131.0
1512992,74.0
1513088,131.0
1513328,131.0
1513760,149.0
1513872,131.0
1514240,130.0
1514496,146.0
1514640,142.0
1514784,131.0
1514896,131.0
1514944,131.0
1515008,130.0
1515040,130.0
1515104,131.0
1515440,131.0
1515968,130.0
1516032,130.0
1516352,131.0
1516608,131.0
1516896,131.0
1516912,131.0
1517008,131.0
1517040,149.0
1517104,130.0
1517200,130.0
1517296,131.0
1517840,149.0
1517968,130.0
1518144,131.0
1518368,149.0
1518912,143.0
1519008,131.0
1519024,131.0
1519120,131.0
1519168,131.0
1519216,131.0
1519264,131.0
1519680,148.0
1520080,131.0
1520256,131.0
1520480,131.0
1521024,131.0
1521120,131.0
1521136,131.0
1521168,131.0
1521264,131.0
1521264,130.0
1521424,131.0
1521792,131.0
1522192,131.0
1522560,143.0
1522592,131.0
1523040,131.0
1523136,131.0
1523248,131.0
1523280,131.0
1523472,131.0
1523536,131.0
1523584,153.0
1523600,141.0
1523696,154.0
1523712,152.0
1524080,142.0
1524304,131.0
1524416,131.0
1524656,130.0
1524704,131.0
1525248,131.0
1525392,131.0
1525488,131.0
1525616,147.0
1525696,130.0
1525824,131.0
1525952,154.0
1526416,131.0
1526560,154.0
1526768,131.0
1526784,147.0
1526816,131.0
1527360,131.0
1527488,145.0
1527728,131.0
1527744,131.0
1527808,131.0
1527888,149.0
1527904,131.0
1528000,143.0
1528048,130.0
1528528,131.0
1528672,131.0
1528896,131.0
1529168,146.0
1529200,151.0
1529472,131.0
1529792,130.0
1529840,131.0
1529856,131.0
1530000,131.0
1530048,131.0
1530096,130.0
1530160,131.0
1531280,131.0
1531584,131.0
1531712,131.0
1531952,131.0
1531968,131.0
1532192,149.0
1532208,131.0
1532208,143.0
1532272,131.0
1532464,46.0
1532480,154.0
1532480,151.0
1533088,131.0
1533152,131.0
1534064,131.0
1534080,131.0
1534320,131.0
1534496,143.0
1534592,131.0
1534688,154.0
1535392,143.0
1535504,149.0
1535520,131.0
1535664,156.0
1535744,147.0
1536192,131.0
1536432,131.0
1536512,152.0
1536608,131.0
1536800,131.0
1536832,140.0
1536864,130.0
1537504,131.0
1537600,130.0
1537632,131.0
1537776,131.0
1538528,130.0
1538944,131.0
1539184,131.0
1539696,146.0
1539712,131.0
1540000,147.0
1540016,130.0
1540400,130.0
1540912,148.0
1541024,131.0
1541072,131.0
1541168,152.0
1541280,130.0
1541456,156.0
1541968,146.0
1542000,131.0
1542064,131.0
1542128,131.0
1543088,149.0
1543184,131.0
1543232,130.0
1543280,131.0
1543344,151.0
1543360,145.0
1543392,131.0
1543728,141.0
1543936,131.0
1544176,131.0
1544544,131.0
1544608,262.0
1545296,131.0
1545456,130.0
1545456,131.0
1545488,149.0
1545504,131.0
1545840,131.0
1546192,131.0
1546224,131.0
1546288,131.0
1546352,150.0
1546640,130.0
1546704,131.0
1547392,130.0
1547440,131.0
1547504,131.0
1547568,131.0
1547568,131.0
1547600,131.0
1547616,131.0
1547952,131.0
1548336,131.0
1548400,131.0
1548464,131.0
1548752,130.0
1548752,131.0
1548832,131.0
1549488,130.0
1549616,131.0
1549664,130.0
1549712,131.0
1549776,145.0
1549840,138.0
1550064,131.0
1550416,131.0
1550448,131.0
1550512,131.0
1550544,51.0
1550576,131.0
1550640,63.0
1550864,131.0
1550912,131.0
1550928,130.0
1551600,131.0
1551760,130.0
1551888,131.0
1551952,131.0
1552016,146.0
1552176,131.0
1552528,131.0
1552624,131.0
1552656,131.0
1552736,130.0
1553312,152.0
1553312,149.0
1553872,131.0
1553904,143.0
1554000,131.0
1554064,131.0
1554128,131.0
1554640,131.0
1554672,131.0
1555024,142.0
1555040,146.0
1555072,131.0
1555312,131.0
1555408,130.0
1555408,130.0
1556016,131.0
1556112,131.0
1556240,131.0
1556384,130.0
1556752,131.0
1556784,131.0
1556848,131.0
1556880,131.0
1557136,131.0
1557184,131.0
1557408,88.0
1557424,131.0
1557520,131.0
1557520,131.0
1558352,131.0
1558480,130.0
1558864,131.0
1558960,131.0
1558992,131.0
1559296,131.0
1559520,131.0
1559632,131.0
1559632,131.0
1560624,141.0
1560672,131.0
1560704,143.0
1561104,131.0
1561344,130.0
1561376,131.0
1561408,131.0
1561632,131.0
1561632,131.0
1561744,131.0
1562144,131.0
1562800,130.0
1562912,144.0
1563056,146.0
1563088,131.0
1563216,131.0
1563440,130.0
1563520,131.0
1563744,131.0
1563744,131.0
1563856,131.0
1563904,157.0
1564256,131.0
1564896,131.0
1564912,131.0
1565168,151.0
1565328,131.0
1565504,131.0
1565536,130.0
1565632,131.0
1565840,130.0
1565856,131.0
1565936,130.0
1566368,131.0
1567008,131.0
1567024,131.0
1567136,131.0
1567248,61.0
1567264,131.0
1567280,131.0
1567312,131.0
1567440,131.0
1567648,131.0
1567744,131.0
1567952,131.0
1568112,131.0
1568224,147.0
1568480,131.0
1569104,130.0
1569376,131.0
1569392,131.0
1569504,140.0
1569536,130.0
1569552,150.0
1569712,131.0
1569760,131.0
1569792,154.0
1570160,131.0
1570192,152.0
1570224,131.0
1570336,131.0
1570416,153.0
1570592,131.0
1571248,131.0
1571488,131.0
1571488,130.0
1571552,152.0
1571632,130.0
1571664,131.0
1571824,131.0
1571872,131.0
1571904,131.0
1572272,131.0
1572304,131.0
1572336,131.0
1572448,131.0
1572528,131.0
1572688,130.0
1573360,131.0
1573600,131.0
1573728,131.0
1573776,131.0
1573888,149.0
1573936,131.0
1573968,130.0
1574016,153.0
1574416,131.0
1574560,131.0
1574640,147.0
1575472,131.0
1575712,131.0
1575856,131.0
1575872,130.0
1576048,131.0
1576080,131.0
1576112,131.0
1576176,152.0
1576752,131.0
1576800,148.0
1577008,152.0
1577264,130.0
1577824,131.0
1577984,131.0
1578160,131.0
1578176,130.0
1578224,131.0
1578272,130.0
1578304,152.0
1578864,131.0
1578864,131.0
1579200,149.0
1579536,157.0
1579696,131.0
1579744,154.0
1580096,131.0
1580288,153.0
1580288,131.0
1580384,131.0
1580464,131.0
1580512,142.0
1580704,154.0
1580784,131.0
1580960,130.0
1580976,89.0
1581808,131.0
1581840,130.0
1582208,131.0
1582368,130.0
1582400,131.0
1582480,130.0
1582512,131.0
1582560,130.0
1582800,130.0
1582912,149.0
1583184,149.0
1583344,131.0
1583392,130.0
1583392,150.0
1583920,131.0
1583952,131.0
1584496,131.0
1584576,130.0
1584608,149.0
1584672,131.0
1584912,131.0
1585024,131.0
1585184,131.0
1585280,130.0
1585440,130.0
1586064,131.0
1586272,146.0
1586480,64.0
1586608,131.0
1586720,131.0
1586784,131.0
1587008,130.0
1587136,131.0
1587296,131.0
1587392,131.0
1587616,131.0
1588096,143.0
1588176,131.0
1588384,131.0
1588592,131.0
1588720,131.0
1588736,131.0
1588832,131.0
1588896,131.0
1589104,130.0
1589136,131.0
1589408,131.0
1589488,130.0
1590000,148.0
1590208,131.0
1590784,130.0
1590848,131.0
1591008,131.0
1591104,143.0
1591248,131.0
1591440,145.0
1591520,131.0
1591760,141.0
1592112,131.0
1592816,131.0
1592896,131.0
1592944,131.0
1592960,131.0
1593040,130.0
1593216,131.0
1593440,131.0
1593936,155.0
1593952,151.0
1594208,130.0
1594720,131.0
1594992,130.0
1595056,131.0
1595152,131.0
1595328,131.0
1595520,149.0
1595552,131.0
1595856,131.0
1596048,131.0
1596064,131.0
1596320,131.0
1596976,143.0
1597040,131.0
1597104,131.0
1597152,152.0
1597152,130.0
1597168,130.0
1597264,131.0
1597632,131.0
1598000,152.0
1598272,143.0
1598432,131.0
1598528,154.0
1599152,131.0
1599152,145.0
1599216,131.0
1599264,131.0
1599264,131.0
1599280,131.0
1599392,150.0
1599520,130.0
1599744,131.0
1600096,130.0
1600416,131.0
1600544,131.0
1601376,131.0
1601504,131.0
1601568,146.0
1601616,153.0
1601616,146.0
1601632,131.0
1601632,154.0
1601840,130.0
1602176,131.0
1602192,130.0
1602496,131.0
1602656,131.0
1602672,131.0
1602752,131.0
1603616,131.0
1603680,131.0
1603744,131.0
1603776,131.0
1603904,142.0
1603936,130.0
1604048,151.0
1604288,131.0
1604304,131.0
1604608,131.0
1604640,131.0
1604768,130.0
1604864,131.0
1605168,156.0
1605600,131.0
1605728,131.0
1606016,145.0
1606064,144.0
1606160,131.0
1606272,147.0
1606288,156.0
1606384,152.0
1606384,130.0
1606416,131.0
1606752,131.0
1606960,146.0
1606976,131.0
1607552,148.0
1607904,143.0
1607952,130.0
1608096,147.0
1608128,131.0
1608176,131.0
1608272,131.0
1608496,131.0
1608496,131.0
1608688,141.0
1608768,155.0
1608992,131.0
1609072,131.0
1609648,130.0
1610208,131.0
1610304,146.0
1610512,131.0
1610592,130.0
1610608,131.0
1610624,152.0
1610800,131.0
1610880,131.0
1610976,131.0
1611520,152.0
1612112,130.0
1612320,131.0
1612480,130.0
1612560,140.0
1612688,152.0
1612704,131.0
1612720,131.0
1612736,60.0
1612864,146.0
1612912,131.0
1613088,131.0
1613104,154.0
1613632,131.0
1614592,131.0
1614656,130.0
1614800,131.0
1614800,130.0
1614832,130.0
1615024,131.0
1615200,131.0
1615200,154.0
1615216,131.0
1615328,131.0
1615408,131.0
1615744,131.0
1616512,142.0
1616544,131.0
1616768,131.0
1617136,131.0
1617200,131.0
1617312,131.0
1617856,131.0
1617904,155.0
1618656,131.0
1619008,131.0
1619024,131.0
1619040,145.0
1619040,130.0
1619248,131.0
1619312,131.0
1619424,131.0
1619712,131.0
1619920,131.0
1620768,131.0
1621136,130.0
1621136,131.0
1621152,131.0
1621360,131.0
1621408,130.0
1621488,147.0
1621520,130.0
1621824,131.0
1621824,131.0
1622032,131.0
1622080,131.0
1622768,150.0
1623056,142.0
1623216,131.0
1623232,130.0
1623248,131.0
1623264,131.0
1623312,131.0
1623472,131.0
1623728,139.0
1623792,141.0
1623840,131.0
1623872,153.0
1623936,131.0
1624144,131.0
1624192,131.0
1625152,148.0
1625360,131.0
1625424,131.0
1625584,131.0
1625712,154.0
1625904,131.0
1625984,131.0
1626160,144.0
1626256,131.0
1626576,146.0
1627264,131.0
1627424,130.0
1627536,131.0
1627680,130.0
1627824,131.0
1627840,131.0
1628016,131.0
1628096,131.0
1628144,131.0
1628368,131.0
1628464,142.0
1628560,149.0
1628640,131.0
1628688,131.0
1629360,130.0
1629536,131.0
1629568,131.0
1629776,130.0
1629920,130.0
1629952,131.0
1630128,131.0
1630192,130.0
1630256,131.0
1630800,131.0
1630816,152.0
1630992,151.0
1631648,142.0
1631712,130.0
1631888,131.0
1631904,147.0
1631920,146.0
1632000,146.0
1632032,131.0
1632240,131.0
1632288,130.0
1632368,131.0
1632688,131.0
1632864,131.0
1632912,130.0
1632912,131.0
1633104,131.0
1633808,130.0
1634000,131.0
1634016,131.0
1634112,131.0
1634176,131.0
1634368,152.0
1634400,131.0
1634480,131.0
1634976,131.0
1635024,131.0
1635152,153.0
1635392,154.0
1636112,131.0
1636128,131.0
1636160,146.0
1636224,131.0
1636256,131.0
1636288,131.0
1636448,130.0
1636896,150.0
1637472,152.0
1637504,131.0
1637632,154.0
1638368,131.0
1638400,142.0
1638480,144.0
1638560,131.0
1638608,131.0
1639008,131.0
1639440,131.0
1639472,148.0
1639584,131.0
1639744,131.0
1639984,154.0
1640480,131.0
1640512,131.0
1640512,131.0
1640544,143.0
1640592,131.0
1640672,131.0
1640688,131.0
1640704,131.0
1640816,131.0
1641040,151.0
1641120,131.0
1641552,131.0
1641584,131.0
1641696,131.0
1642096,131.0
1642608,130.0
1642624,131.0
1642800,131.0
1642816,131.0
1642928,131.0
1643152,131.0
1643184,156.0
1643984,149.0
1644208,131.0
1644736,131.0
1645024,130.0
1645104,131.0
1645264,131.0
1645328,130.0
1645584,149.0
1646224,131.0
1646304,130.0
1646816,131.0
1646848,131.0
1646896,130.0
1647008,130.0
1647216,131.0
1647344,144.0
1647696,131.0
1647696,151.0
1647744,150.0
1647872,130.0
1648928,131.0
1648944,154.0
1649008,131.0
1649120,131.0
1649328,131.0
1649680,145.0
1649712,131.0
1649792,130.0
1649856,131.0
1649984,131.0
1650112,131.0
1650736,146.0
1650752,150.0
1651072,131.0
1651120,131.0
1651424,130.0
1651424,155.0
1651824,131.0
1651904,131.0
1652192,148.0
1652224,131.0
1652848,131.0
1652864,131.0
1653168,131.0
1653184,131.0
1653216,130.0
1653344,131.0
1653744,144.0
1653808,148.0
1653888,131.0
1654080,131.0
1654304,149.0
1654336,131.0
1654736,131.0
1654944,130.0
1654976,131.0
1655264,130.0
1655328,131.0
1655920,131.0
1655984,130.0
1656048,131.0
1656400,130.0
1656400,130.0
1656432,130.0
1656592,149.0
1657040,130.0
1657072,130.0
1657088,146.0
1657376,131.0
1657536,130.0
1657760,151.0
1658032,131.0
1658096,131.0
1658160,131.0
1658512,131.0
1658608,151.0
1658704,131.0
1659152,131.0
1659184,131.0
1659184,130.0
1659488,131.0
1659648,131.0
1659760,131.0
1660064,131.0
1660144,131.0
1660208,131.0
1660624,131.0
1660624,131.0
1660720,131.0
1661264,131.0
1661296,131.0
1661296,131.0
1661600,131.0
1662128,147.0
1662256,131.0
1662272,149.0
1662736,131.0
1662832,131.0
1662928,131.0
1663040,154.0
1663408,131.0
1663600,143.0
1664032,130.0
1664352,130.0
1664432,131.0
1664480,146.0
1664752,154.0
1664848,131.0
1664864,131.0
1665152,131.0
1665472,130.0
1665520,131.0
1665696,130.0
1665808,130.0
1666144,131.0
1666592,131.0
1666960,130.0
1667088,145.0
1667136,131.0
1667568,130.0
1668224,150.0
1668256,131.0
1668704,131.0
1668880,150.0
1669072,131.0
1669152,131.0
1669344,131.0
1669360,131.0
1669424,142.0
1669680,131.0
1669744,131.0
1669920,131.0
1670320,130.0
1670608,131.0
1670736,130.0
1670816,131.0
1671184,131.0
1671536,131.0
1671792,131.0
1671984,155.0
1672432,131.0
1672480,131.0
1673504,130.0
1673520,145.0
1673648,131.0
1673808,145.0
1673984,131.0
1674096,131.0
1674096,143.0
1674512,154.0
1674592,131.0
1674816,148.0
1674832,131.0
1675440,146.0
1675600,130.0
1675760,131.0
1675920,131.0
1676080,131.0
1676096,131.0
1676208,131.0
1676352,131.0
1676704,131.0
1676944,131.0
1677616,153.0
1677840,149.0
1677936,145.0
1677936,131.0
1678032,131.0
1678320,131.0
1678320,131.0
1678464,131.0
1679040,130.0
1679040,131.0
1679712,131.0
1679984,147.0
1680048,131.0
1680048,131.0
1680144,131.0
1680304,131.0
1680320,131.0
1680432,131.0
1680576,131.0
1680928,131.0
1681136,130.0
1681152,131.0
1681808,130.0
1682048,130.0
1682096,131.0
1682096,131.0
1682160,131.0
1682416,131.0
1682464,150.0
1682528,131.0
1683200,146.0
1683200,141.0
1683264,131.0
1683904,130.0
1684272,131.0
1684464,147.0
1684528,131.0
1684544,131.0
1684560,130.0
1684640,131.0
1685120,131.0
1685296,130.0
1685312,131.0
1685712,152.0
1686016,131.0
1686304,131.0
1686384,131.0
1686448,131.0
1686560,130.0
1686624,130.0
1686656,130.0
1686752,131.0
1686752,131.0
1686752,130.0
1687232,131.0
1687408,130.0
1687408,131.0
1687456,130.0
1687744,61.0
1688480,153.0
1688496,131.0
1688560,131.0
1688672,131.0
1688736,131.0
1688752,130.0
1688768,131.0
1688784,154.0
1688864,131.0
1689344,131.0
1689520,131.0
1689520,131.0
1689792,145.0
1690176,146.0
1690192,152.0
1690592,131.0
1690672,131.0
1690848,131.0
1690864,130.0
1690976,143.0
1691152,149.0
1691168,143.0
1691216,146.0
1691456,131.0
1691632,131.0
1692288,131.0
1692304,131.0
1692688,130.0
1692784,131.0
1693008,131.0
1693024,150.0
1693088,131.0
1693264,131.0
1693568,131.0
1694704,149.0
1694800,131.0
1695072,131.0
1695088,131.0
1695120,131.0
1695184,149.0
1695376,130.0
1695376,131.0
1695568,154.0
1695680,131.0
1696560,131.0
1696784,131.0
1696912,131.0
1697120,131.0
1697152,152.0
1697184,131.0
1697232,131.0
1697232,131.0
1697296,131.0
1697392,143.0
1697472,130.0
1697680,131.0
1697776,130.0
1697776,149.0
1697952,130.0
1697968,131.0
1698896,131.0
1699216,143.0
1699344,131.0
1699536,148.0
1699824,151.0
1700176,149.0
1700784,131.0
1701344,131.0
1701392,131.0
1701504,130.0
1701696,131.0
1702000,131.0
1702160,147.0
1702288,131.0
1702448,149.0
1703104,130.0
1703440,131.0
1703488,130.0
1703568,131.0
1703600,130.0
1703760,131.0
1703808,131.0
1704016,130.0
1704112,131.0
1704544,130.0
1704592,131.0
1705296,131.0
1705488,148.0
1705552,131.0
1705568,131.0
1705600,131.0
1705664,131.0
1705680,131.0
1705872,131.0
1705920,131.0
1705968,147.0
1706128,131.0
1706384,131.0
1706496,148.0
1706512,131.0
1706640,130.0
1706704,131.0
1707408,131.0
1707712,131.0
1707776,131.0
1707792,131.0
1707936,148.0
1708240,131.0
1708352,148.0
1708816,131.0
1708960,144.0
1709504,130.0
1709696,131.0
1709792,131.0
1709872,130.0
1709904,131.0
1710048,131.0
1710080,130.0
1710336,130.0
1710480,131.0
1710720,131.0
1710736,131.0
1710912,130.0
1710992,74.0
1711072,131.0
1711200,153.0
1711616,131.0
1711808,131.0
1711984,131.0
1712192,131.0
1712256,152.0
1712336,142.0
1712560,130.0
1712576,130.0
1712832,131.0
1712848,131.0
1713024,131.0
1713104,131.0
1713184,131.0
1713312,131.0
1713712,130.0
1713920,131.0
1714288,130.0
1714368,131.0
1714384,131.0
1714944,131.0
1714960,131.0
1715136,131.0
1715216,131.0
1715280,130.0
1715664,146.0
1716032,131.0
1716640,131.0
1716704,150.0
1716752,130.0
1716784,131.0
1716832,131.0
1716832,152.0
1717056,131.0
1717072,131.0
1717328,131.0
1717776,131.0
1718320,131.0
1718736,130.0
1718848,130.0
1718944,131.0
1719056,141.0
1719184,146.0
1719344,130.0
1719440,131.0
1719488,130.0
1719888,131.0
1720416,141.0
1720704,131.0
1720848,131.0
1720928,131.0
1720960,131.0
1721168,131.0
1721296,131.0
1721440,130.0
1721600,131.0
1721776,145.0
1722176,142.0
1722496,131.0
1722528,131.0
1722544,131.0
1722960,131.0
1723024,130.0
1723168,153.0
1723264,143.0
1723280,131.0
1723376,131.0
1723440,148.0
1723552,131.0
1723888,131.0
1724288,131.0
1724608,131.0
1724656,131.0
1725056,130.0
1725280,131.0
1725376,131.0
1725392,131.0
1725488,131.0
1725504,130.0
1725664,131.0
1726720,131.0
1726848,63.0
1727472,130.0
1727600,130.0
1727616,131.0
1727712,146.0
1727856,130.0
1727904,131.0
1728112,131.0
1728944,130.0
1729472,130.0
1729504,147.0
1729552,154.0
1729568,131.0
1729584,131.0
1729616,131.0
1729712,131.0
1729712,131.0
1729728,131.0
1729968,131.0
1730000,130.0
1730064,130.0
1731232,149.0
1731280,145.0
1731664,130.0
1731824,131.0
1731840,131.0
1731920,131.0
1731936,146.0
1732080,131.0
1732096,130.0
1732176,131.0
1732560,146.0
1733344,131.0
1733712,130.0
1733776,131.0
1733776,131.0
1733824,131.0
1733920,131.0
1733936,131.0
1733952,131.0
1733984,150.0
1734048,131.0
1734176,130.0
1734208,131.0
1735456,131.0
1735504,131.0
1735888,131.0
1736032,131.0
1736048,131.0
1736144,130.0
1736160,152.0
1736176,149.0
1736288,131.0
1736320,131.0
1736768,131.0
1736784,131.0
1737568,131.0
1737616,131.0
1737984,130.0
1738160,131.0
1738208,131.0
1738240,130.0
1738384,130.0
1738416,146.0
1738432,131.0
1739088,144.0
1740016,152.0
1740096,131.0
1740160,131.0
1740304,130.0
1740368,130.0
1740400,131.0
1740480,130.0
1740544,131.0
1740560,143.0
1740608,152.0
1740816,149.0
1741184,130.0
1741360,153.0
1741376,62.0
1742176,131.0
1742416,131.0
1742464,131.0
1742528,147.0
1742656,130.0
1742656,131.0
1742864,153.0
1742928,152.0
1742928,131.0
1742928,144.0
1743296,47.0
1743296,131.0
1743472,131.0
1743680,143.0
1744240,131.0
1744288,131.0
1744288,130.0
1744528,131.0
1744576,131.0
1744752,130.0
1744800,152.0
1744960,130.0
1745040,131.0
1745040,131.0
1745104,152.0
1745248,144.0
1745408,131.0
1745792,131.0
1746352,131.0
1746400,131.0
1746688,131.0
1746912,131.0
1747360,131.0
1747504,153.0
1747520,131.0
1747520,131.0
1748464,131.0
1748784,130.0
1749168,152.0
1749184,131.0
1749264,146.0
1749264,131.0
1749472,131.0
1749600,130.0
1749632,131.0
1749712,145.0
1749808,131.0
1749872,146.0
1750208,143.0
1750560,130.0
1750816,131.0
1751184,152.0
1751280,130.0
1751376,131.0
1751712,131.0
1751920,131.0
1752032,144.0
1752512,143.0
1752656,130.0
1753472,130.0
1753520,131.0
1753536,146.0
1753600,130.0
1753680,130.0
1753808,130.0
1753824,131.0
1753840,131.0
1754032,131.0
1754080,131.0
1754624,131.0
1755136,154.0
1755360,130.0
1755504,131.0
1755584,131.0
1755648,131.0
1756112,142.0
1756144,131.0
1756192,131.0
1756240,131.0
1756336,155.0
1756736,131.0
1757152,131.0
1757904,131.0
1757920,131.0
1757936,146.0
1758128,154.0
1758224,131.0
1758256,131.0
1758304,131.0
1758624,142.0
1758896,131.0
1759232,155.0
1759264,131.0
1759360,131.0
1759728,131.0
1759776,143.0
1760016,131.0
1760032,130.0
1760320,130.0
1760352,130.0
1760400,154.0
1760416,65.0
1760448,130.0
1760592,153.0
1760720,131.0
1760720,130.0
1761008,131.0
1761376,131.0
1761632,149.0
1761824,130.0
1761888,131.0
1762144,131.0
1762432,131.0
1762512,130.0
1762560,131.0
1762704,131.0
1762816,130.0
1763120,131.0
1763136,150.0
1763472,130.0
1763744,131.0
1764272,152.0
1764576,131.0
1764608,130.0
1764624,131.0
1764816,131.0
1764928,131.0
1765216,130.0
1765776,143.0
1766096,131.0
1766144,149.0
1766352,130.0
1766720,131.0
1767024,146.0
1767024,130.0
1767104,142.0
1767424,153.0
1767888,131.0
1768256,131.0
1768448,131.0
1768464,131.0
1769024,130.0
1769136,131.0
1769424,131.0
1769696,146.0
1770000,131.0
1770368,131.0
1770544,130.0
1770560,131.0
1770864,149.0
1771120,130.0
1771232,148.0
1771248,131.0
1771248,131.0
1771280,131.0
1771328,131.0
1771792,130.0
1771856,144.0
1772656,131.0
1772832,153.0
1772896,145.0
1772976,131.0
1773024,130.0
1773344,130.0
1773344,131.0
1773360,131.0
1773392,131.0
1773648,131.0
1773664,151.0
1774128,145.0
1774208,130.0
1774944,131.0
1775088,131.0
1775120,130.0
1775328,151.0
1775344,131.0
1775440,130.0
1775504,131.0
1775648,142.0
1775760,131.0
1775856,150.0
1776000,145.0
1776208,154.0
1776240,131.0
1776416,131.0
1777200,131.0
1777536,150.0
1777552,131.0
1777616,131.0
1777728,149.0
1777728,131.0
1777760,131.0
1778208,152.0
1778304,130.0
1778896,154.0
1779168,131.0
1779296,130.0
1779648,131.0
1779664,131.0
1779728,131.0
1779840,131.0
1779872,131.0
1780080,131.0
1780752,131.0
1780992,130.0
1781408,131.0
1781760,131.0
1781856,142.0
1781952,131.0
1781968,143.0
1781984,131.0
1782192,131.0
1782416,131.0
1782576,131.0
1782768,131.0
1783088,130.0
1783152,149.0
1783376,131.0
1783504,130.0
1783616,150.0
1783872,131.0
1783952,131.0
1784048,130.0
1784064,131.0
1784080,131.0
1784096,131.0
1784304,131.0
1784688,131.0
1784944,130.0
1785104,145.0
1785200,131.0
1785728,131.0
1786064,131.0
1786192,130.0
1786192,131.0
1786400,146.0
1786640,131.0
1786720,90.0
1786800,131.0
1787216,131.0
1787680,154.0
1787792,74.0
1788096,131.0
1788160,130.0
1788304,131.0
1788496,143.0
1788528,131.0
1788752,131.0
1788832,131.0
1789136,145.0
1789312,130.0
1789328,131.0
1789712,131.0
1790128,152.0
1790192,149.0
1790224,131.0
1790256,131.0
1790272,131.0
1790416,131.0
1790624,131.0
1790864,131.0
1791248,131.0
1791312,65.0
1791424,131.0
1792240,131.0
1792304,131.0
1792320,131.0
1792512,130.0
1792704,151.0
1792720,131.0
1792736,131.0
1792752,131.0
1792976,131.0
1793056,131.0
