step,value
1040,3.384615421295166
2080,1.7538461685180664
2096,6.27480936050415
2096,3.969465732574463
2096,3.458015203475952
2096,4.984732627868652
2096,2.076335906982422
2400,4.166666507720947
3104,4.145161151885986
3152,2.389312982559204
4192,3.9083969593048096
4208,5.679389476776123
4208,5.152671813964844
4208,5.282442569732666
4208,5.14503812789917
4480,1.0
4512,5.0333333015441895
4592,2.200000047683716
5200,10.950819969177246
6224,4.587301731109619
6240,9.222222328186035
6272,6.461538314819336
6320,3.6259541511535645
6384,3.34074068069458
6528,4.307692527770996
6592,3.816793918609619
6960,6.91304349899292
7136,4.076335906982422
7312,1.6598985195159912
7312,3.068702220916748
7584,3.554054021835327
7808,6.129770755767822
8240,2.3435113430023193
8352,4.0916032791137695
8400,5.488549709320068
8432,1.9465649127960205
8704,5.267175674438477
8816,2.5
9072,2.786259651184082
9360,4.818840503692627
9408,4.230769157409668
9408,5.153846263885498
9648,2.7397260665893555
9744,5.313252925872803
9920,5.813793182373047
10464,2.0152671337127686
10784,1.9931507110595703
10912,3.321917772293091
11072,4.384146213531494
11184,1.6870229244232178
11472,2.0610687732696533
11520,2.641221284866333
11648,4.723404407501221
11744,4.653846263885498
11856,3.435114622116089
12032,3.496183156967163
12432,5.058510780334473
12512,1.875
12800,5.599999904632568
13056,3.2333333492279053
13184,4.047618865966797
13216,8.046357154846191
13232,12.346939086914062
13584,4.887850284576416
13856,1.3740458488464355
13936,5.266666889190674
14016,5.964912414550781
14192,4.0
14288,8.8695650100708
14624,2.8015267848968506
14640,3.357142925262451
14864,5.651006698608398
15168,2.778625965118408
15312,4.484615325927734
15664,4.751999855041504
15760,4.08849573135376
15968,8.038167953491211
16240,2.0152671337127686
16400,5.832061290740967
16544,2.5068492889404297
16656,10.7619047164917
16672,3.1666667461395264
16736,3.4732823371887207
17200,1.3103448152542114
17456,6.469879627227783
17568,3.1868131160736084
17712,1.6013513803482056
17760,5.55555534362793
17776,3.435114622116089
17824,7.4285712242126465
17872,3.824427366256714
17952,7.82608699798584
18464,5.765625
18464,3.8926830291748047
18512,2.7709922790527344
18640,6.961538314819336
18896,3.060606002807617
19328,11.071428298950195
19568,5.221374034881592
19824,3.0566036701202393
19872,4.893129825592041
19984,3.458015203475952
20048,2.069230794906616
20576,3.2061069011688232
20624,3.5114502906799316
20672,6.25
20704,1.0
20720,4.296875
20816,4.262295246124268
21008,2.6946563720703125
21088,5.328125
21856,3.186274528503418
21984,4.183206081390381
22096,4.618320465087891
22768,6.0
22832,5.58015251159668
22928,2.3435113430023193
23552,8.68108081817627
24192,1.3692307472229004
24400,2.419847249984741
24496,4.466019630432129
24768,5.890410900115967
24832,1.3692307472229004
24880,4.1984734535217285
24928,4.503816604614258
25024,5.692307472229004
25664,1.6717556715011597
25904,7.103773593902588
26000,5.496183395385742
26192,2.430769205093384
26512,3.7404580116271973
26640,3.784722328186035
26672,1.0
26928,5.338983058929443
26944,3.816793918609619
26992,3.458015203475952
27472,2.2697367668151855
27472,5.822784900665283
27776,3.038167953491211
27920,3.180327892303467
28096,7.461538314819336
28624,3.6641221046447754
28704,3.0534350872039795
28736,3.4769229888916016
28784,2.839506149291992
28848,2.992366313934326
29056,3.106870174407959
29312,2.786259651184082
29488,7.119999885559082
29792,3.9195401668548584
29808,2.307692289352417
29888,5.038167953491211
30208,1.9847328662872314
30736,2.7328243255615234
30848,3.1297709941864014
30960,5.560439586639404
31008,6.761904716491699
31088,3.8778626918792725
31248,3.4899327754974365
31904,2.7709922790527344
31920,11.160714149475098
32048,2.539682626724243
32304,2.4384615421295166
32432,2.3664121627807617
32720,10.408163070678711
32928,3.9160306453704834
33264,4.615384578704834
33360,3.4503817558288574
33408,6.346863269805908
33520,1.5894039869308472
34032,2.4503817558288574
34160,2.9007632732391357
34272,6.336065769195557
34336,4.0080647468566895
34400,3.09375
34544,2.0229008197784424
35040,1.3664121627807617
35088,3.4000000953674316
35344,4.260000228881836
35520,3.8091602325439453
35616,4.538461685180664
36176,4.771084308624268
36192,4.531835079193115
36192,4.544117450714111
36256,4.065573692321777
36272,3.351145029067993
36400,3.5714285373687744
36448,3.3816792964935303
36448,1.8933333158493042
36656,1.732824444770813
37344,9.7619047164917
37456,3.068702220916748
37504,8.985294342041016
37552,3.038167953491211
37712,2.115384578704834
37824,2.7251908779144287
38160,4.367924690246582
38288,2.7251908779144287
38304,3.0610687732696533
38368,2.3435113430023193
38384,4.9083967208862305
38400,6.107692241668701
38608,3.0
39376,2.177419424057007
39744,3.2061069011688232
39984,2.9190752506256104
40064,2.2123286724090576
40272,2.9770991802215576
40304,5.076335906982422
40400,7.338461399078369
40496,7.4122138023376465
40496,2.307692289352417
40720,4.541984558105469
40992,3.533568859100342
41376,8.333333015441895
41408,5.387096881866455
41472,2.7538461685180664
41888,5.68367338180542
42048,2.0534350872039795
42160,2.4076921939849854
42816,4.2727274894714355
42976,10.771929740905762
43040,5.840277671813965
43104,3.435114622116089
43168,2.5806450843811035
43168,3.506024122238159
43280,4.045801639556885
43328,3.0451977252960205
43568,2.0615384578704834
43696,3.436619758605957
43856,3.2063491344451904
43952,5.507692337036133
44128,2.492063522338867
44176,3.7328243255615234
44336,1.9407894611358643
45072,1.9923076629638672
45088,4.107142925262451
45152,2.3664121627807617
45280,2.3664121627807617
45296,4.897196292877197
45392,4.106870174407959
45440,2.717557191848755
45808,3.9083969593048096
46128,3.015625
46240,6.106870174407959
46416,6.857142925262451
46448,3.6259541511535645
46448,4.81944465637207
47168,2.576923131942749
47312,2.5337836742401123
47504,3.767123222351074
47536,11.0
47920,1.305343508720398
48048,2.358778715133667
48064,1.9847328662872314
48160,5.384615421295166
48304,2.7938930988311768
48640,4.6308722496032715
48736,4.7183098793029785
49280,1.3664121627807617
49472,3.4427480697631836
49616,3.0916030406951904
49648,3.2061069011688232
50016,2.7461538314819336
50144,3.192307710647583
50176,3.778625965118408
50784,8.617021560668945
50832,3.799999952316284
50832,4.2687225341796875
51392,4.27480936050415
51520,9.086956977844238
51584,2.786259651184082
51632,2.114503860473633
51728,5.534351348876953
51808,5.496183395385742
51920,4.507462501525879
52080,5.27957010269165
52176,5.541666507720947
52256,1.0
52288,5.824427604675293
52432,7.628571510314941
52736,6.397058963775635
52896,5.160305500030518
53136,5.013986110687256
53168,4.286324977874756
53264,1.9354838132858276
53488,4.461538314819336
53824,4.179104328155518
53840,2.427480936050415
53856,4.3758864402771
54144,2.5806450843811035
54176,3.096774101257324
54288,4.160305500030518
54352,4.865248203277588
54384,2.084615468978882
54512,2.396946668624878
54800,8.251396179199219
55104,3.8091602325439453
55200,4.287499904632568
55328,4.572519302368164
55520,2.4590163230895996
55952,3.6259541511535645
56224,4.587719440460205
56288,2.8473281860351562
56384,3.7076923847198486
56464,3.816793918609619
56784,6.28000020980835
56912,2.358778715133667
57536,2.8211920261383057
57712,3.0916030406951904
57728,3.9363057613372803
57952,3.072847604751587
57984,3.257575750350952
58368,5.295774459838867
58368,4.427480697631836
58512,2.251908302307129
58560,3.7586207389831543
58576,3.5877861976623535
58832,3.720588207244873
59056,3.0303030014038086
60128,2.3492064476013184
60144,5.023077011108398
60352,3.8620688915252686
60480,3.0534350872039795
60512,3.0229008197784424
60624,2.755725145339966
60672,4.213740348815918
60688,2.4122138023376465
60784,5.392670154571533
61760,2.2595419883728027
61984,2.3763442039489746
62128,3.90625
62176,3.0992367267608643
62576,2.9006621837615967
62784,2.358778715133667
62784,2.0615384578704834
62928,4.104477405548096
63248,6.294117450714111
63472,4.8015265464782715
63840,3.6764705181121826
63840,3.4846153259277344
63936,6.452381134033203
64096,4.6946563720703125
64112,3.45652174949646
64128,4.015151500701904
64288,10.0
65040,4.885496139526367
65152,6.018957138061523
65184,3.140939712524414
65360,3.816793918609619
65376,2.7538461685180664
65968,9.399999618530273
65968,3.007518768310547
66192,3.0153846740722656
66352,1.5705127716064453
66400,4.503816604614258
66992,2.923076868057251
67008,1.3740458488464355
67328,2.282442808151245
67392,3.15753436088562
67408,2.9629628658294678
67440,5.384615421295166
67472,4.656488418579102
68080,3.389312982559204
68160,10.44444465637207
68512,2.7938930988311768
68592,7.850746154785156
69088,6.653846263885498
69584,2.9770991802215576
69632,7.1027398109436035
69760,4.879432678222656
70192,3.076335906982422
70384,3.1420764923095703
70560,3.4732823371887207
70592,4.545454502105713
70624,2.358778715133667
70688,4.230769157409668
71104,4.615384578704834
71200,1.0
71200,4.77419376373291
71280,3.0806450843811035
71440,6.54054069519043
71552,3.8320610523223877
71584,3.852458953857422
71600,3.572519063949585
71616,2.3664121627807617
71808,2.855072498321533
72304,5.705882549285889
72592,3.392045497894287
72672,4.190839767456055
73312,3.786259651184082
73392,2.419847249984741
73536,2.7538461685180664
73664,2.5954198837280273
73680,4.599999904632568
73808,3.778625965118408
74400,2.8881988525390625
74416,5.573770523071289
74784,4.427480697631836
74816,2.307692289352417
75360,4.819355010986328
75424,2.778625965118408
75504,1.7175573110580444
75712,5.322580814361572
75840,6.6946563720703125
75888,4.264705657958984
75920,1.3435114622116089
76352,6.395209789276123
76512,3.7022900581359863
76512,3.717557191848755
76816,1.634920597076416
77232,5.031914710998535
77472,2.328244209289551
77504,3.1376519203186035
77536,3.9083969593048096
77616,5.687022686004639
78464,3.4122138023376465
78608,6.545454502105713
78624,3.0534350872039795
78624,2.8015267848968506
78784,2.2388663291931152
79056,2.6335878372192383
79344,1.0
79792,4.027777671813965
79808,4.310344696044922
79968,4.038461685180664
80384,3.680232524871826
80448,1.0
80560,3.415384531021118
80720,1.305343508720398
80736,2.7022900581359863
80896,3.7633588314056396
81168,4.015267372131348
81184,3.7627906799316406
81456,3.14503812789917
81824,2.2941176891326904
81904,2.862595319747925
82080,5.7633585929870605
82144,5.344827651977539
82432,1.305343508720398
82560,2.0152671337127686
83296,2.328244209289551
83360,2.351145029067993
83568,2.9007632732391357
83936,2.106870174407959
84016,1.6717556715011597
84144,7.121212005615234
84240,3.461538553237915
84768,8.310811042785645
84880,4.693877696990967
84944,3.427480936050415
85440,7.431818008422852
85472,2.846153736114502
85648,2.0923078060150146
86256,3.6259541511535645
86272,2.6384615898132324
86352,2.4809160232543945
86656,1.3740458488464355
86880,2.389312982559204
86992,3.7022900581359863
87056,1.3435114622116089
87344,1.2684563398361206
87488,4.189542293548584
87616,7.0740742683410645
87760,4.190839767456055
88144,1.6793893575668335
88368,2.0229008197784424
88384,2.0152671337127686
88464,3.7404580116271973
89168,3.14503812789917
89360,8.442623138427734
89504,3.4688994884490967
89696,2.824427366256714
89920,1.6783217191696167
89984,3.8310811519622803
90064,2.925373077392578
90256,11.52173900604248
90304,5.7336955070495605
90864,1.610687017440796
91168,5.602941036224365
91216,2.038167953491211
91696,3.0923078060150146
91792,2.107692241668701
92032,2.114503860473633
92096,2.328244209289551
92096,3.3246753215789795
92256,1.625
92272,3.2607004642486572
92368,3.1297709941864014
92416,1.610687017440796
92672,4.56488561630249
93088,1.8951048851013184
93376,1.9615384340286255
93792,2.730769157409668
93904,2.0229008197784424
94384,2.778625965118408
94480,4.199999809265137
94528,3.0534350872039795
94624,3.0151515007019043
95168,3.321100950241089
95200,2.8015267848968506
95472,4.1984734535217285
95488,4.099236488342285
95536,6.492957592010498
95552,2.3968253135681152
95680,5.615384578704834
95712,5.013157844543457
96336,2.9470198154449463
97280,3.7404580116271973
97312,4.090909004211426
97504,2.0152671337127686
97536,4.991304397583008
97600,5.56488561630249
97616,1.9605263471603394
97632,2.8507752418518066
97664,5.343511581420898
97824,1.7175573110580444
97856,2.730769157409668
98224,14.568965911865234
98240,3.1379311084747314
98640,5.160839080810547
99104,3.8354430198669434
99424,3.5114502906799316
99552,4.400000095367432
99648,2.7633588314056396
99712,3.0992367267608643
99744,2.862595319747925
99968,3.7633588314056396
100032,1.6846153736114502
100336,2.030534267425537
100560,1.9354838132858276
101136,3.5572519302368164
101216,2.351145029067993
101312,2.520270347595215
101728,1.6666666269302368
101744,4.376923084259033
102144,2.0152671337127686
102272,1.6538461446762085
102432,6.309523582458496
102464,3.786407709121704
102560,4.588235378265381
102800,1.8692810535430908
103312,2.653846263885498
103424,1.305343508720398
103632,1.0
104192,4.358778476715088
104208,5.870967864990234
104288,5.25
104544,2.786259651184082
104560,2.0839693546295166
104560,4.863849639892578
105008,3.28947377204895
105072,2.8505747318267822
105232,3.19138765335083
105360,4.360000133514404
105488,2.4193549156188965
105744,2.786259651184082
106304,1.0
106656,1.9276316165924072
106656,4.900763511657715
107008,1.3769230842590332
107344,2.0229008197784424
107456,3.799999952316284
107648,3.068702220916748
108064,4.165137767791748
108128,2.7938930988311768
108400,2.3307693004608154
108768,1.732824444770813
109120,2.396946668624878
109152,4.019802093505859
109296,4.015267372131348
109360,3.820945978164673
109456,3.4503817558288574
109472,7.5
109552,5.733333110809326
109568,2.671755790710449
109680,2.4045801162719727
109856,5.023255825042725
110240,2.137404680252075
110512,3.0
110592,6.453125
110624,5.0923075675964355
110832,3.686046600341797
110864,2.3538460731506348
110912,2.137404680252075
111248,6.128787994384766
111312,3.8015267848968506
111392,3.076923131942749
111456,8.706666946411133
111568,2.7022900581359863
111760,2.563758373260498
111872,3.320610761642456
111936,1.0
111968,1.6793893575668335
112976,2.29007625579834
113040,3.0303030014038086
113216,3.9389312267303467
113504,3.4427480697631836
113568,3.0916030406951904
113680,4.458015441894531
113792,2.0839693546295166
113968,2.7076923847198486
114000,6.634920597076416
114048,2.7100000381469727
114304,4.747368335723877
115456,3.5
115488,4.6820807456970215
115536,2.3435113430023193
115680,1.0
115776,3.423076868057251
116016,2.247126340866089
116160,3.8015267848968506
116240,3.2061069011688232
116416,2.0152671337127686
116544,3.6595091819763184
116560,3.9157893657684326
116896,3.4000000953674316
117632,2.576923131942749
117792,3.1221373081207275
117824,2.5586206912994385
118000,2.4427480697631836
118256,3.4538462162017822
118256,1.6769230365753174
118304,2.7887322902679443
118448,4.233576774597168
118496,5.396946430206299
118544,7.016666889190674
118656,3.2014389038085938
118672,1.7404580116271973
119024,3.101351261138916
119184,10.296296119689941
119744,3.0534350872039795
119904,3.5190839767456055
120032,1.6451612710952759
120128,3.9347825050354004
120288,3.7908496856689453
120320,2.3358778953552246
120368,4.6259541511535645
120560,2.5954198837280273
120768,3.435114622116089
120768,2.115384578704834
121120,2.251908302307129
121264,8.363636016845703
121296,3.030534267425537
121360,3.7704918384552
121408,8.253731727600098
121488,7.017543792724609
121552,8.645833015441895
121744,4.083969593048096
122016,4.885496139526367
122144,2.4427480697631836
122240,4.221374034881592
122256,6.489361763000488
122400,3.030534267425537
122512,4.617021083831787
122704,3.244274854660034
122864,2.0999999046325684
123232,2.328244209289551
123408,3.114503860473633
123792,3.4809160232543945
124240,2.4809160232543945
124256,2.038167953491211
125248,6.967741966247559
125376,4.455128192901611
125424,3.89393949508667
125520,2.0152671337127686
125648,5.099999904632568
125776,2.038167953491211
125824,1.305343508720398
125904,1.3740458488464355
125984,3.0916030406951904
126480,1.2739726305007935
126704,1.9847328662872314
126736,1.0
127344,2.307692289352417
127456,1.9160305261611938
127488,2.251908302307129
127536,4.4122138023376465
127632,1.6717556715011597
127888,1.9541984796524048
127904,2.2052979469299316
127936,1.6793893575668335
128016,3.0916030406951904
128096,1.0
128432,5.895522594451904
128448,3.3333332538604736
128592,3.244274854660034
128720,4.1762590408325195
128768,1.5094339847564697
128816,1.9770991802215576
129248,1.2884615659713745
129488,1.625
129600,1.9160305261611938
129632,3.0923078060150146
129712,6.733333110809326
129952,6.549295902252197
130160,5.617977619171143
130352,3.993333339691162
130416,3.75
130464,2.4166667461395264
130608,9.773585319519043
130704,1.305343508720398
130816,5.962264060974121
130928,2.0839693546295166
131632,4.380000114440918
131712,3.503816843032837
132560,2.700000047683716
132576,5.4122138023376465
132720,2.351145029067993
132960,2.730769157409668
133104,1.3221476078033447
133376,6.510204315185547
133408,1.753246784210205
133568,3.0152671337127686
133584,4.1315789222717285
133744,1.6793893575668335
133776,2.3615384101867676
133840,2.5954198837280273
133968,6.72580623626709
134112,8.088889122009277
134368,2.7076923847198486
134656,1.6769230365753174
134800,3.923076868057251
134832,1.6793893575668335
134848,2.390625
134896,6.0615386962890625
135216,1.7175573110580444
135392,4.777777671813965
135520,1.3435114622116089
136080,1.9541984796524048
136208,1.9923076629638672
136320,4.123529434204102
136480,2.396946668624878
136560,3.765625
136752,2.4427480697631836
136752,3.0994575023651123
136768,1.9541984796524048
136912,3.068702220916748
137008,1.9160305261611938
137328,1.9465649127960205
137504,3.435114622116089
137696,4.650000095367432
138320,3.265625
138432,2.0229008197784424
138688,3.597014904022217
138864,1.7175573110580444
138864,3.0230770111083984
138864,1.7404580116271973
139120,1.0
139248,6.196721076965332
139440,1.3435114622116089
139616,2.7022900581359863
139808,1.6488549709320068
140016,4.844444274902344
140352,2.9347825050354004
140432,2.0610687732696533
140544,4.129770755767822
140688,4.007633686065674
140784,3.084615468978882
140960,3.1461539268493652
140976,3.3129770755767822
141216,1.6846153736114502
141408,1.6666666269302368
141408,1.2597402334213257
141712,3.261538505554199
141920,1.6717556715011597
142384,4.866666793823242
142416,3.120805263519287
142640,3.230769157409668
142656,1.9770991802215576
142784,3.9668874740600586
142896,3.0610687732696533
142992,2.351145029067993
143056,2.230769157409668
143328,2.671755790710449
143520,7.342857360839844
143520,1.9923664331436157
143552,9.78723430633545
144032,3.244274854660034
144160,2.0
144160,2.230769157409668
144176,5.263157844543457
144544,6.4285712242126465
144768,2.9770991802215576
144896,2.0610687732696533
145008,2.786259651184082
145152,4.231884002685547
145232,2.89393949508667
145456,1.6510066986083984
145504,2.59375
145552,2.276150703430176
146048,1.3435114622116089
146288,4.732824325561523
147216,3.030534267425537
147296,3.047619104385376
147328,3.115384578704834
147344,8.938461303710938
147568,2.717557191848755
147616,2.328244209289551
147664,1.3435114622116089
148000,1.8815789222717285
148016,4.010416507720947
148160,1.0
148416,5.04477596282959
148544,4.804878234863281
148768,3.0992367267608643
148992,1.7404580116271973
149120,4.450381755828857
149168,4.541666507720947
149456,1.305343508720398
149680,1.0
150016,4.043956279754639
150112,2.320610761642456
150192,3.512500047683716
150256,2.0615384578704834
150256,2.5999999046325684
150528,2.862595319747925
150864,1.6849315166473389
150864,1.7384614944458008
151104,2.6335878372192383
151344,5.179104328155518
151680,1.9847328662872314
151792,2.3816792964935303
151888,1.3664121627807617
152224,3.0152671337127686
152352,2.230769157409668
152640,1.305343508720398
152976,2.4427480697631836
153344,5.85496187210083
153456,1.3435114622116089
153504,2.2416107654571533
153632,1.883561611175537
153744,2.8970587253570557
153792,2.4045801162719727
153984,7.5
154000,2.6946563720703125
154048,8.907691955566406
154672,2.909722328186035
154688,1.0
155088,2.3816792964935303
155456,3.320610761642456
155552,1.6538461446762085
155712,2.392307758331299
155744,4.461538314819336
156016,2.2595419883728027
156096,2.4863014221191406
156192,3.5033557415008545
156400,2.2483222484588623
156416,12.268292427062988
156496,6.0
156512,1.7099236249923706
156528,6.5625
156576,2.3492064476013184
156720,2.916083812713623
156768,3.461538553237915
157168,1.0
157168,6.439024448394775
157200,1.7480915784835815
157968,3.792792797088623
158128,2.038167953491211
158208,2.389312982559204
158288,7.289855003356934
158304,1.610687017440796
158816,1.715384602546692
158848,2.390625
158880,1.0
159008,5.933333396911621
159584,3.8777778148651123
159632,3.0610687732696533
159744,6.933333396911621
160080,2.4122138023376465
160400,1.0
160400,2.738589286804199
160416,2.6946563720703125
160640,2.282442808151245
160736,2.7251908779144287
160784,2.137404680252075
160896,4.176000118255615
160960,3.0
161200,2.148648738861084
161376,1.0
161408,2.396946668624878
161536,4.869565010070801
161696,1.0
161744,2.9389312267303467
161760,2.269841194152832
161856,3.1984732151031494
162192,2.4427480697631836
162512,1.0
162752,2.6946563720703125
162896,2.038167953491211
163008,1.305343508720398
163072,3.8230769634246826
163216,2.977142810821533
163264,2.5104894638061523
163296,1.6846153736114502
163488,2.0229008197784424
163648,1.0
163808,1.6717556715011597
163856,2.3435113430023193
163920,2.1987178325653076
163968,3.435114622116089
164288,3.423076868057251
164912,6.262295246124268
164960,2.3934426307678223
165008,2.0916030406951904
165104,4.099379062652588
165184,1.2649006843566895
165328,1.6870229244232178
165360,1.3769230842590332
165408,1.7404580116271973
165488,3.076923131942749
165744,1.307692289352417
165952,2.868852376937866
165968,1.305343508720398
166128,4.469387531280518
166256,1.3157894611358643
166272,5.95522403717041
166544,3.681159496307373
166592,2.9560439586639404
167152,3.904761791229248
167216,3.320610761642456
167360,2.7565789222717285
167520,1.3435114622116089
167712,1.0
168080,3.1679389476776123
168096,1.419354796409607
168128,3.6632652282714844
168256,4.220588207244873
168928,3.1034483909606934
169056,7.489795684814453
169088,8.025641441345215
169328,3.465648889541626
169488,3.2727272510528564
169712,2.3816792964935303
170144,1.6769230365753174
170192,2.4809160232543945
170192,1.923076868057251
170240,2.351145029067993
170464,3.3473684787750244
170512,2.252873659133911
170592,2.0615384578704834
171168,2.5414633750915527
171200,2.6946563720703125
171504,4.289473533630371
171520,3.7439024448394775
171600,1.6717556715011597
171808,1.307692289352417
171840,3.5975608825683594
172064,1.0
172256,1.0
172288,1.307692289352417
172448,4.736842155456543
172592,2.572864294052124
172832,3.174603223800659
172992,1.5906040668487549
173312,2.786259651184082
173712,1.6488549709320068
173792,2.4122138023376465
173952,2.0610687732696533
174288,2.7131783962249756
174336,2.3968253135681152
174512,1.5789474248886108
174736,3.931297779083252
174800,5.410714149475098
174944,2.748091697692871
175344,3.148514747619629
175392,2.29007625579834
175408,4.28994083404541
175904,2.6946563720703125
176064,4.163636207580566
176400,3.068702220916748
176624,1.3664121627807617
176848,1.7175573110580444
176912,2.0458016395568848
177056,2.3358778953552246
177056,7.4590163230896
177136,1.0
177472,2.65116286277771
177488,3.7142856121063232
177520,2.358778715133667
177648,4.300000190734863
177680,2.6351351737976074
178032,1.7480915784835815
178512,2.320610761642456
178544,1.615384578704834
178832,2.4589040279388428
178848,3.5652174949645996
178960,2.0152671337127686
179024,2.0152671337127686
179584,2.0230770111083984
179584,2.396946668624878
179600,3.7611939907073975
179744,3.487654209136963
179760,1.0
179792,2.0534350872039795
180352,2.9139785766601562
180400,6.224489688873291
180896,1.6575342416763306
180944,1.6717556715011597
180992,1.305343508720398
181040,1.692307710647583
181136,2.282442808151245
181280,2.70992374420166
181312,9.232142448425293
181488,1.7572463750839233
181760,7.199999809265137
181840,1.923076868057251
181904,1.305343508720398
182208,1.8815789222717285
182448,3.569444417953491
182640,2.3763442039489746
182816,3.0534350872039795
183008,1.6793893575668335
183104,1.6717556715011597
183152,1.7175573110580444
183216,1.615384578704834
183600,2.7251908779144287
183632,2.1580755710601807
183936,2.4000000953674316
184016,2.419847249984741
184320,1.0
184448,2.0152671337127686
184848,1.3221476078033447
185104,1.3020133972167969
185120,1.610687017440796
185216,3.564885377883911
185264,2.3816792964935303
185328,1.0
185728,2.0230770111083984
185856,5.82608699798584
185984,2.328244209289551
186128,1.305343508720398
187184,2.764045000076294
187232,1.0
187328,2.4809160232543945
187376,2.0458016395568848
187392,3.026845693588257
187408,1.3383458852767944
187440,1.305343508720398
187616,3.7538461685180664
187968,1.7099236249923706
188096,1.305343508720398
188240,2.9389312267303467
188256,2.4242424964904785
188448,5.303030490875244
189040,3.884615421295166
189392,2.5877861976623535
189424,1.307692289352417
189488,2.461538553237915
189936,1.6538461446762085
190080,1.9770991802215576
190192,1.307692289352417
190272,3.6946563720703125
190336,2.6769230365753174
190352,4.448979377746582
190368,2.0152671337127686
190560,1.6793893575668335
191152,2.0152671337127686
191440,1.305343508720398
191488,1.9923076629638672
191536,2.038167953491211
191600,1.0
191808,6.599999904632568
191840,1.0
192192,1.732824444770813
192464,1.305343508720398
192464,1.9615384340286255
193216,5.6964287757873535
193712,2.0534350872039795
193760,4.875
193824,1.324324369430542
193824,2.1379311084747314
193920,3.175572633743286
193952,1.0
194496,1.6713286638259888
194576,3.1221373081207275
194784,2.7633588314056396
194816,2.4590163230895996
194896,1.263157844543457
195472,5.11904764175415
195760,1.0
195824,1.9847328662872314
195840,1.923076868057251
195856,1.615384578704834
195936,2.0152671337127686
196032,1.0
196048,2.7153847217559814
196880,1.574324369430542
196928,1.7404580116271973
197424,3.0
197472,5.541666507720947
197920,2.115384578704834
197936,1.5816993713378906
197952,1.6717556715011597
198064,3.5757575035095215
198592,1.3333333730697632
198656,2.505747079849243
199536,1.6488549709320068
199584,1.6717556715011597
199968,1.6538461446762085
200048,1.0
200176,1.3664121627807617
200688,1.0
200768,2.0152671337127686
200976,3.4000000953674316
201088,2.389312982559204
201200,1.3664121627807617
201632,1.6846153736114502
201776,2.5
202016,1.0
202080,1.0
202128,1.923076868057251
202160,2.4809160232543945
202368,1.0
202464,1.9533333778381348
203200,1.6870229244232178
203264,2.9770991802215576
203408,1.9495798349380493
203520,2.517045497894287
203888,2.351145029067993
204112,5.023255825042725
204128,2.0152671337127686
204272,2.076335906982422
204480,1.7404580116271973
204640,1.0
204816,1.0
205376,1.6793893575668335
205616,1.5594406127929688
205632,1.7175573110580444
205792,1.3664121627807617
205984,1.3769230842590332
206224,1.305343508720398
206240,2.358778715133667
206304,1.6717556715011597
206336,1.3435114622116089
206448,4.77142858505249
206736,3.4427480697631836
206928,2.778625965118408
206976,2.7793102264404297
207392,1.8253967761993408
207488,1.3664121627807617
207712,1.6769230365753174
207744,2.0610687732696533
207904,2.0839693546295166
208320,1.331034541130066
208336,1.0
208336,3.461538553237915
208416,1.9923664331436157
208448,2.0152671337127686
208688,1.7404580116271973
208832,1.8986486196517944
208848,1.0
209024,2.4076921939849854
209040,2.7142856121063232
209504,2.0992367267608643
209600,1.3740458488464355
209680,3.6867470741271973
209856,3.9083969593048096
209952,2.4820144176483154
210064,1.6870229244232178
210176,4.380434989929199
210448,1.0
210528,1.3664121627807617
210720,1.5973154306411743
210848,4.639344215393066
210960,1.6717556715011597
211136,1.305343508720398
211152,1.9465649127960205
211360,1.617834448814392
211648,1.3082191944122314
211712,1.6793893575668335
211856,5.467741966247559
212416,1.305343508720398
212832,1.0
213072,2.3664121627807617
213248,2.389312982559204
213472,2.3664121627807617
213760,1.0
214480,2.2828686237335205
214528,3.183206081390381
214576,4.4242424964904785
214768,1.5714285373687744
214928,3.538461446762085
215184,1.3664121627807617
215200,1.985576868057251
215360,2.671755790710449
215408,4.313725471496582
215568,1.307692289352417
215904,2.7153847217559814
216256,2.2240896224975586
216352,2.341085195541382
216576,2.4384615421295166
216624,1.615384578704834
217008,2.4045801162719727
217040,1.9160305261611938
217136,2.797297239303589
217344,9.31147575378418
217456,1.3692307472229004
217664,1.0
218016,1.732824444770813
218368,3.4427480697631836
218992,1.75
219120,1.7480915784835815
219136,1.6538461446762085
219200,1.3435114622116089
219248,1.305343508720398
219328,1.676229476928711
219424,7.9076924324035645
219424,1.0
219936,2.7142856121063232
219984,2.0551180839538574
220048,3.0681817531585693
220448,2.904761791229248
220464,2.390625
220848,1.0
221232,2.320610761642456
221312,2.389312982559204
221440,1.0
221488,2.1301369667053223
222096,2.358778715133667
222144,1.7538461685180664
222208,2.328244209289551
222240,1.305343508720398
222240,1.6717556715011597
222336,3.3758389949798584
222560,1.6793893575668335
222576,1.0
222816,4.380000114440918
222960,1.0
223024,4.8932037353515625
223104,1.2797203063964844
223344,2.4122138023376465
223792,1.0
223904,3.6987950801849365
224208,1.732824444770813
224256,2.755725145339966
224320,2.2977099418640137
224336,5.592592716217041
224688,1.0
224800,3.8562090396881104
224912,1.307692289352417
225072,2.755725145339966
225216,2.5572519302368164
225232,10.236363410949707
225712,2.755725145339966
225728,1.0
225760,1.0
225904,2.4503817558288574
226144,2.8181817531585693
226464,1.7099236249923706
226560,1.0
226640,1.6111111640930176
226688,1.878612756729126
227072,2.0283687114715576
227328,1.0
227328,1.6717556715011597
227344,1.0
227808,4.91304349899292
227824,1.3664121627807617
227840,3.007633686065674
227872,4.36734676361084
227872,2.5954198837280273
228000,2.4384615421295166
228256,3.1679389476776123
228272,2.272108793258667
228672,2.358778715133667
228752,1.3435114622116089
228848,2.0916030406951904
228912,1.0
228928,3.0461537837982178
228928,3.076923131942749
229136,3.074626922607422
229440,2.6259541511535645
229952,1.9847328662872314
230032,2.2941176891326904
230112,1.3435114622116089
230368,1.9770991802215576
230384,1.9770991802215576
230672,2.4045801162719727
230800,1.9729729890823364
230864,1.0
231232,1.6846153736114502
231552,1.6488549709320068
231568,1.9541984796524048
231824,5.986111164093018
232144,4.259541988372803
232480,3.9083969593048096
232608,1.0
232784,1.0
232832,9.964912414550781
233408,1.0
233488,3.6716418266296387
233664,3.1679389476776123
233712,1.2922078371047974
233872,1.0
233936,2.29007625579834
234160,2.3692307472229004
234608,1.3664121627807617
234720,3.038167953491211
234912,2.304877996444702
234944,1.3740458488464355
234976,2.8125
235808,1.602739691734314
235936,1.889830470085144
235952,1.2614378929138184
235984,2.671755790710449
236704,3.0534350872039795
236736,4.469387531280518
236768,2.2897727489471436
237024,1.3356643915176392
237056,2.6946563720703125
237072,4.855072498321533
237120,1.5641025304794312
237904,1.0
238128,2.7142856121063232
238192,3.043010711669922
238304,5.633333206176758
238336,6.139534950256348
238848,5.269841194152832
238848,1.0
239136,1.6717556715011597
239136,3.1451613903045654
239152,1.5592105388641357
239456,1.0
240000,3.14503812789917
240256,1.0
240384,2.3487179279327393
240416,1.9160305261611938
240448,2.717557191848755
240944,3.115384578704834
241072,2.3333332538604736
241248,1.610687017440796
241280,1.9923371076583862
241328,5.10606050491333
241520,3.068702220916748
241568,1.9770991802215576
241824,2.4590163230895996
241840,2.5833332538604736
242256,4.016129016876221
242400,2.700000047683716
242544,2.3384616374969482
243072,2.7709922790527344
243232,6.186046600341797
243392,4.163636207580566
243392,1.6846153736114502
243424,1.923076868057251
243440,2.1935484409332275
243504,2.307692289352417
243680,1.6488549709320068
243936,1.9923664331436157
243952,1.9923664331436157
244192,6.510204315185547
244352,1.9846153259277344
244784,3.088235378265381
244896,5.023255825042725
245168,3.2153847217559814
245344,2.419847249984741
245488,2.7153847217559814
245616,2.137404680252075
245728,3.0
246032,2.3384616374969482
246288,1.8471074104309082
246400,1.0
246768,1.6488549709320068
246896,1.305343508720398
247008,1.305343508720398
247440,3.576923131942749
247600,1.610687017440796
247648,2.717557191848755
247728,1.9465649127960205
247920,1.3461538553237915
248128,1.7461538314819336
248496,1.0
248576,1.0
248704,1.8333333730697632
249008,1.3664121627807617
249072,3.8251748085021973
249104,1.3692307472229004
249280,1.307692289352417
249376,1.305343508720398
249504,1.725806474685669
249712,2.1221373081207275
249760,1.3435114622116089
249968,1.0
250464,2.341085195541382
250496,2.9347825050354004
250512,1.3310810327529907
251264,1.875
251392,1.0
251600,1.9846153259277344
251824,1.3664121627807617
251872,2.0229008197784424
252016,2.3763442039489746
252064,1.307692289352417
252368,6.058823585510254
252512,2.0538461208343506
252576,1.0
252608,1.9923664331436157
252800,2.419847249984741
253296,1.0
253376,2.0534350872039795
253424,3.619999885559082
253712,1.6717556715011597
253776,2.748091697692871
253984,1.3664121627807617
254128,1.0
254480,3.534351110458374
254704,2.430769205093384
254912,1.305343508720398
255568,1.283687949180603
256128,1.3200000524520874
256208,1.9615384340286255
256704,1.307692289352417
256736,1.6717556715011597
256800,1.7099236249923706
256976,4.522387981414795
256992,2.5568182468414307
257024,1.9770991802215576
257168,2.8396947383880615
257392,1.7175573110580444
257600,1.6488549709320068
257616,4.8214287757873535
257680,1.305343508720398
258192,2.4427480697631836
258240,1.0
258624,6.190476417541504
258672,1.5555555820465088
258928,1.6488549709320068
259088,3.084615468978882
259120,2.887500047683716
259280,1.610687017440796
259504,1.305343508720398
259728,1.923076868057251
259728,1.3435114622116089
259744,6.274509906768799
259840,2.392307758331299
259952,3.3191490173339844
259984,2.8892128467559814
260256,1.6218905448913574
260288,2.307692289352417
260608,1.5641025304794312
260720,2.0230770111083984
261200,2.0839693546295166
261216,1.0
261328,3.875
261616,1.7099236249923706
261760,2.3763442039489746
261840,2.389312982559204
262000,7.510204315185547
262272,1.0
262336,3.0705883502960205
262704,2.0538461208343506
262832,2.3664121627807617
262976,2.1343283653259277
263312,3.461538553237915
263440,1.305343508720398
263728,1.7480915784835815
263952,1.0
264096,1.0
264272,1.3223683834075928
264416,5.11904764175415
264432,1.615384578704834
264512,4.589928150177002
264544,1.4624277353286743
264640,2.6259541511535645
264832,1.942122220993042
265088,1.305343508720398
265232,2.1946308612823486
265680,3.4285714626312256
265920,1.5970149040222168
266000,3.5531914234161377
266112,1.8322784900665283
266512,2.403225898742676
266528,2.251908302307129
266752,1.0
267296,3.5
267392,2.0
267840,2.1204378604888916
268032,1.305343508720398
268096,1.7384614944458008
268176,1.610687017440796
268640,1.3740458488464355
268864,1.6488549709320068
269248,2.4589040279388428
269312,1.6488549709320068
269888,2.4809160232543945
270016,2.802816867828369
270144,1.3435114622116089
270208,2.038167953491211
270240,2.2682926654815674
270288,2.4503817558288574
270704,3.230337142944336
270752,1.0
270992,2.2369942665100098
271136,5.072727203369141
271152,1.0
271168,3.7936508655548096
271424,1.610687017440796
271520,2.038167953491211
271616,1.610687017440796
271872,8.272727012634277
272816,1.610687017440796
273104,1.3664121627807617
273264,1.3692307472229004
273456,1.7230769395828247
273472,1.6793893575668335
273536,1.0
273648,5.354838848114014
273968,2.84246563911438
274016,1.5741935968399048
274112,4.633587837219238
274320,6.426470756530762
274704,5.11904764175415
274928,2.358778715133667
274992,1.6538461446762085
275216,2.7633588314056396
275232,2.242774486541748
275376,1.3664121627807617
275552,1.715384602546692
275584,1.9923664331436157
275696,2.0
276160,1.634920597076416
276208,1.615384578704834
276384,2.3968253135681152
276704,3.8709676265716553
276816,2.0152671337127686
277488,1.0
277664,1.0
278048,3.0
278272,1.3664121627807617
278496,1.0
278816,2.9770991802215576
278928,2.0
279136,1.7242798805236816
279408,2.230769157409668
279424,3.0
279600,2.3664121627807617
279712,3.5
279776,1.9541984796524048
280160,2.389312982559204
280224,4.112903118133545
280496,1.305343508720398
280608,1.7404580116271973
280720,1.3769230842590332
280912,2.115384578704834
281168,1.6717556715011597
281376,2.2577638626098633
281536,1.0
281712,1.0
282272,2.0152671337127686
282624,1.7404580116271973
282720,1.3740458488464355
282832,1.0
283040,2.427480936050415
283072,2.952380895614624
283280,1.305343508720398
283360,1.0
284000,1.6717556715011597
284272,4.8035712242126465
284320,1.0
284736,1.3664121627807617
284784,1.3486841917037964
284928,1.3769230842590332
285152,1.305343508720398
285376,2.799999952316284
285472,1.3157894611358643
285696,3.4732823371887207
285744,2.648854970932007
285920,2.0307693481445312
286384,3.5114502906799316
286416,1.5866667032241821
286432,1.3435114622116089
286496,1.305343508720398
286512,1.75
286848,1.610687017440796
286880,1.9615384340286255
286912,1.0
287216,1.9014084339141846
287264,1.3740458488464355
287360,1.6666666269302368
287392,5.23199987411499
288112,2.1224489212036133
288224,1.0
288400,1.625
288432,1.5961538553237915
288544,2.282442808151245
288608,1.3435114622116089
288624,1.7404580116271973
288992,1.7404580116271973
289200,1.0
289248,1.3379310369491577
289376,1.6793893575668335
289504,1.7099236249923706
289920,2.0152671337127686
290224,1.305343508720398
290336,3.114503860473633
290512,1.305343508720398
290544,1.3740458488464355
290720,1.6488549709320068
290912,1.0
291088,2.084615468978882
291120,1.9160305261611938
291296,2.269230842590332
291360,1.305343508720398
291456,3.5652174949645996
292208,2.940298557281494
292336,1.305343508720398
292448,6.447761058807373
292656,1.0
292752,1.9160305261611938
293024,1.9541984796524048
293200,1.0
293520,1.0
293568,1.9847328662872314
293712,2.282442808151245
293792,4.617021083831787
294320,2.320610761642456
294448,1.6793893575668335
294480,6.690908908843994
294592,4.454545497894287
294640,1.7172131538391113
294768,2.137404680252075
294800,3.5
294848,1.0
295184,2.0652921199798584
295312,1.3435114622116089
295680,1.305343508720398
295744,1.0
295824,1.0
295904,1.6717556715011597
296048,1.3333333730697632
296496,5.243902206420898
296560,1.0
296672,6.491228103637695
296704,1.0
296752,2.0152671337127686
297136,1.0
297296,2.396946668624878
297328,1.0
297424,1.0
297680,1.7999999523162842
297712,1.0
297792,1.3435114622116089
297872,4.032258033752441
297920,1.2980132102966309
298160,2.0229008197784424
298784,2.6564886569976807
299072,1.6793893575668335
299184,2.3763442039489746
299232,1.6538461446762085
299536,3.183206081390381
299632,1.8638743162155151
299712,1.8933333158493042
299824,1.7099236249923706
299856,3.038461446762085
299904,1.305343508720398
300256,1.6554054021835327
300880,1.615384578704834
301184,1.0
301216,5.389830589294434
301296,2.6946563720703125
301648,1.2666666507720947
301648,1.0
301920,1.307692289352417
302080,2.594202995300293
302160,1.9539474248886108
302320,1.305343508720398
302832,1.9160305261611938
302960,3.90625
302992,1.0
303072,4.754098415374756
303296,2.786259651184082
303456,2.038167953491211
303840,1.7224489450454712
304432,1.0
304464,1.0
304528,1.610687017440796
304560,1.0
304944,2.351145029067993
305072,1.0
305408,2.7709922790527344
305568,1.3740458488464355
305808,1.0
305952,2.106870174407959
306192,1.5921052694320679
306256,2.348484754562378
306288,6.045454502105713
306672,1.9160305261611938
307216,2.4045801162719727
307248,2.4590163230895996
307504,1.3769230842590332
307664,5.0
307728,1.908108115196228
307920,1.6488549709320068
308096,4.473684310913086
308288,1.0
308336,5.72519063949585
308384,1.0
308656,1.0
308896,1.6805555820465088
309168,2.3816792964935303
309328,1.305343508720398
309360,1.3664121627807617
309616,1.0
309840,3.0152671337127686
310016,4.0
310032,1.305343508720398
310208,2.0839693546295166
310400,1.3740458488464355
310400,1.6793893575668335
310496,1.0
310800,1.0
311120,2.308823585510254
311312,1.0
311392,7.181818008422852
311728,1.0
311952,1.6488549709320068
312016,5.82608699798584
312144,1.0
312512,1.0
312512,1.3740458488464355
312608,1.732824444770813
312832,2.3617022037506104
312880,1.0
312912,2.0229008197784424
313280,4.46875
313296,2.760563373565674
313696,2.388059616088867
313744,1.8802227973937988
313840,1.6793893575668335
314048,2.761538505554199
314128,1.6488549709320068
314624,1.3740458488464355
314736,3.2727272510528564
314896,1.6486486196517944
314928,6.177419185638428
314960,1.2597402334213257
314992,1.7404580116271973
315024,1.0
315200,3.4242424964904785
315328,1.9102040529251099
315408,1.0
315680,1.0
315712,1.5970149040222168
315856,1.305343508720398
316160,1.305343508720398
316544,2.0534350872039795
316592,4.329896926879883
316640,1.305343508720398
317008,1.305343508720398
317072,1.7175573110580444
317344,1.5666667222976685
317440,1.3664121627807617
317472,1.0
317792,2.755725145339966
317824,1.305343508720398
317968,1.6488549709320068
318176,2.939393997192383
318272,1.0
318848,2.4761905670166016
319152,1.703125
319168,1.9846153259277344
319344,2.4896552562713623
319424,1.305343508720398
319456,1.0
319584,1.0
319904,1.610687017440796
319920,1.0
320080,3.282442808151245
320752,2.0230770111083984
320848,2.0461537837982178
320880,1.7911392450332642
320960,1.0
320960,1.875
321136,1.692307710647583
321264,1.305343508720398
321280,2.320610761642456
321456,1.0
321680,3.5211267471313477
322000,1.0
322976,1.0
323072,1.610687017440796
323264,1.2564102411270142
323376,1.0
323376,1.0
323536,2.606250047683716
323568,1.7404580116271973
323664,2.717557191848755
323792,1.305343508720398
323792,1.3740458488464355
324112,1.3664121627807617
325088,1.9770991802215576
325088,1.3435114622116089
325360,2.3664121627807617
325392,3.805555582046509
325488,1.0
325664,2.3307693004608154
325776,1.3221476078033447
326224,1.6488549709320068
326352,2.0114285945892334
326592,2.882352828979492
326720,1.3740458488464355
327056,2.0492610931396484
327472,1.0
327584,2.4000000953674316
327760,1.3461538553237915
328048,1.0
328160,2.885714292526245
328336,1.0
328464,1.7404580116271973
328800,1.0
328832,1.610687017440796
329008,1.0
329248,5.023255825042725
329568,1.307692289352417
329696,1.305343508720398
330144,1.0
330448,1.3435114622116089
330576,1.0
330672,1.5882352590560913
330848,4.099999904632568
330912,2.389312982559204
331120,3.1679389476776123
331280,1.9541984796524048
331360,1.0
331440,3.5531914234161377
331504,1.610687017440796
331792,1.9615384340286255
332240,1.3461538553237915
332544,1.6769230365753174
332672,1.0
332960,1.305343508720398
332992,1.0
333024,2.3664121627807617
333392,1.0
333552,1.0
333824,2.5352113246917725
333840,1.0
334640,1.6769230365753174
334672,1.0
334928,1.0
335072,1.610687017440796
335104,2.389312982559204
335136,1.3664121627807617
335344,1.0
335568,2.3307693004608154
335664,2.0152671337127686
335712,2.1221373081207275
335952,1.0
336144,1.0
336144,2.25
336240,1.0
336256,2.8840579986572266
336400,5.933333396911621
336752,1.0
336784,1.305343508720398
337040,1.3664121627807617
337616,1.0
337648,1.7393162250518799
337680,1.3664121627807617
337824,1.6717556715011597
338240,1.6846153736114502
338320,3.310077428817749
338368,1.305343508720398
338544,1.0
338848,1.2960525751113892
338880,1.615384578704834
339072,4.112903118133545
339296,1.6793893575668335
339456,1.0
339760,1.9541984796524048
340352,1.305343508720398
340416,2.0230770111083984
340480,1.6793893575668335
340656,1.7099236249923706
340960,1.0
340992,2.7938930988311768
341408,1.0
341568,1.0
341904,2.4045801162719727
341968,4.699999809265137
342064,1.8650000095367432
342096,1.6488549709320068
342096,2.3913042545318604
342368,3.448979616165161
342384,1.610687017440796
342768,1.3664121627807617
342848,2.5625
343392,1.0
343664,3.1818182468414307
343792,2.0582523345947266
343984,1.305343508720398
344192,1.0
344208,2.7633588314056396
344480,1.307692289352417
344576,1.0
344736,1.6846153736114502
344880,2.114503860473633
345264,6.309523582458496
345504,2.396946668624878
345600,3.076923131942749
345888,1.9923076629638672
346032,1.0
346128,1.610687017440796
346304,2.389312982559204
346320,1.610687017440796
346592,1.0
346592,2.320610761642456
346992,1.6717556715011597
347056,2.3816792964935303
347168,2.769230842590332
347168,1.5970149040222168
347312,1.3664121627807617
347376,1.610687017440796
347888,4.163636207580566
348000,1.0
348240,1.0
348368,5.815384387969971
348704,1.0
348704,1.0
349200,2.9139785766601562
349232,2.882352828979492
349280,1.305343508720398
349456,1.3288590908050537
349488,1.6870229244232178
349536,1.272108793258667
349712,2.7633588314056396
349744,1.625
350000,4.469387531280518
350000,1.0
350096,1.307692289352417
350336,1.3769230842590332
350816,1.6488549709320068
351552,1.0
351568,1.0
351600,1.610687017440796
351616,3.448979616165161
351648,1.610687017440796
351696,1.313725471496582
351808,2.0999999046325684
352096,1.0
352112,1.3740458488464355
352448,6.454545497894287
352448,2.0839693546295166
352928,1.3435114622116089
353632,2.140495777130127
353664,1.305343508720398
353712,1.6793893575668335
353760,1.6717556715011597
353904,1.305343508720398
354064,1.263157844543457
354208,1.0
354320,1.0
354544,1.6538461446762085
354720,5.370967864990234
354752,2.3333332538604736
354768,1.9847328662872314
354848,1.6510066986083984
354880,3.883333444595337
355040,2.0534350872039795
355264,3.0
355616,2.3333332538604736
355728,2.0999999046325684
355728,1.6451612710952759
355776,1.0
356416,1.0
356864,1.0
356864,1.6538461446762085
357264,2.70992374420166
357728,1.0
357840,1.0
357840,1.7404580116271973
357888,1.3664121627807617
357984,1.0
358272,3.0610687732696533
358928,2.390625
358976,1.0
359376,1.305343508720398
359424,1.0
359456,1.3435114622116089
359888,3.5
359920,1.3288590908050537
360096,1.0
360240,3.0402684211730957
360384,1.0
361040,1.0
361072,5.098039150238037
361088,1.0
361088,1.0
361152,2.8656716346740723
361488,1.3435114622116089
361568,1.0
361840,2.7633588314056396
361936,2.0458016395568848
362000,1.3435114622116089
362496,1.6717556715011597
363152,1.6793893575668335
363184,1.305343508720398
363648,1.6488549709320068
363888,1.3221476078033447
363936,1.0
364080,1.0
364112,1.305343508720398
364320,1.0
364608,1.305343508720398
364624,1.0
364960,3.060606002807617
365264,1.3435114622116089
365296,2.351145029067993
365696,3.014925479888916
365792,1.9847328662872314
366176,2.904153347015381
366192,2.038167953491211
366224,1.0
366256,1.305343508720398
366416,1.3061224222183228
366496,3.4000000953674316
366992,3.028571367263794
367040,2.0458016395568848
367072,1.0
367296,4.159420490264893
367552,4.313725471496582
367712,1.3223683834075928
367792,1.615384578704834
368192,1.6241611242294312
368304,1.6793893575668335
368320,1.3692307472229004
368368,2.038167953491211
368528,1.0
368544,3.245901584625244
368608,3.1221373081207275
368848,3.1666667461395264
369104,1.0
369136,4.8035712242126465
369392,1.307692289352417
369472,3.661764621734619
369904,2.6946563720703125
370096,1.324324369430542
370160,4.460317611694336
370304,1.3435114622116089
370416,1.6717556715011597
370464,2.2121212482452393
370640,1.6870229244232178
370656,1.3664121627807617
370720,1.0
371216,1.3664121627807617
371296,1.305343508720398
371584,1.305343508720398
372192,1.6769230365753174
372272,1.6793893575668335
372528,1.9160305261611938
372608,1.0
372720,1.307692289352417
372832,1.3664121627807617
372912,1.5263158082962036
373024,4.129032135009766
373040,1.2666666507720947
373280,3.2903225421905518
373328,3.448979616165161
373408,1.3740458488464355
373584,1.0
373664,5.098039150238037
373712,1.6557377576828003
374032,4.819672107696533
374064,2.9275362491607666
374704,1.0
374880,1.0
375024,1.610687017440796
375136,1.6717556715011597
375184,2.0839693546295166
375392,2.106870174407959
375440,1.9847328662872314
375520,1.0
375696,1.3435114622116089
375776,1.0
375792,3.238461494445801
375824,1.0
376176,1.0
376240,4.400000095367432
376816,2.3664121627807617
376912,3.528571367263794
377232,1.0
377504,2.038167953491211
377536,1.0
377632,1.0
377888,1.0
377936,1.0
378256,1.6488549709320068
378288,2.114503860473633
378336,1.615384578704834
378704,1.3740458488464355
378784,2.4809160232543945
378912,2.1764705181121826
379024,1.0
379120,4.541666507720947
379344,1.6488549709320068
379600,2.0534350872039795
379616,2.755725145339966
379648,2.0152671337127686
379744,1.0
380256,1.0
380624,1.0
380816,1.3740458488464355
381024,1.0
381136,1.3435114622116089
381232,1.5789474248886108
381232,3.068702220916748
381456,1.0
381760,2.320610761642456
382160,1.3740458488464355
382368,1.610687017440796
382736,1.732824444770813
382896,1.0
383120,1.3769230842590332
383136,1.9160305261611938
383184,1.0
383232,1.0
383296,2.0534350872039795
383344,2.8015267848968506
383344,1.3740458488464355
383568,1.0
383888,3.5531914234161377
384480,1.3435114622116089
384816,1.0
384848,3.007633686065674
385248,2.1301369667053223
385248,1.7175573110580444
385328,2.0
386000,2.9770991802215576
386384,1.0
386384,1.75
386416,2.5593221187591553
386432,1.6643835306167603
386592,1.3664121627807617
387360,1.0
387408,1.0
387408,1.6717556715011597
387440,1.305343508720398
387904,2.3435113430023193
388288,3.8538460731506348
388320,1.6870229244232178
388496,1.3435114622116089
388496,1.3435114622116089
388528,1.0
388976,4.969696998596191
389072,2.328244209289551
389328,4.612903118133545
389376,1.6488549709320068
389440,1.9846153259277344
389520,1.3435114622116089
389552,1.8917526006698608
389552,1.7175573110580444
390208,1.305343508720398
390400,1.305343508720398
390576,1.0
390608,2.3358778953552246
390624,1.0
390800,1.3664121627807617
391088,2.0229008197784424
391168,1.615384578704834
391488,1.0
391536,1.3461538553237915
391632,1.6717556715011597
391632,2.4285714626312256
391664,1.6717556715011597
391664,1.9847328662872314
392096,2.2363014221191406
392288,3.448979616165161
392320,1.6488549709320068
392512,1.0
392688,1.3740458488464355
392736,1.305343508720398
393200,2.358778715133667
393648,1.3740458488464355
393760,3.539682626724243
393760,1.0
394128,1.6193548440933228
394160,4.541666507720947
394208,2.29007625579834
394624,1.0
395168,1.9260563850402832
395568,1.610687017440796
395632,1.9847328662872314
395760,1.6488549709320068
395872,1.6793893575668335
396240,1.7404580116271973
396512,2.419847249984741
396736,2.0152671337127686
396912,1.0
396928,3.015625
397280,1.7099236249923706
397680,2.0610687732696533
397744,1.305343508720398
397856,1.3461538553237915
397968,1.0
397984,1.0
398384,1.305343508720398
398624,1.305343508720398
398720,1.2597402334213257
399392,1.3181818723678589
399968,1.3103448152542114
400288,2.1458332538604736
400384,1.0
400480,1.6538461446762085
400736,1.305343508720398
400736,5.365384578704834
401088,1.3664121627807617
401152,1.7175573110580444
401488,1.0
401552,2.01965069770813
401616,2.275362253189087
402256,1.2816901206970215
402592,1.0
402624,1.2903225421905518
402688,2.9000000953674316
402848,1.0
403120,1.2797203063964844
403200,1.7099236249923706
404192,1.3664121627807617
404256,2.3709676265716553
404368,2.030534267425537
404672,1.9923664331436157
404704,1.0
404736,1.3740458488464355
404736,1.0
404800,1.3435114622116089
404944,1.888157844543457
405168,2.563380241394043
405312,1.610687017440796
405392,1.305343508720398
405472,1.582191824913025
406368,2.2977099418640137
406512,4.625
406656,1.0
406784,1.0
406800,1.3769230842590332
407056,1.305343508720398
407488,1.6538461446762085
407680,6.111111164093018
407904,1.305343508720398
408384,1.611842155456543
408480,1.305343508720398
408592,1.3435114622116089
408720,1.0
408896,1.3435114622116089
408928,1.7404580116271973
408928,1.3461538553237915
409168,1.3664121627807617
409376,1.0
409536,1.3435114622116089
409792,1.0
409968,1.8311688899993896
410000,1.615384578704834
410704,1.7480915784835815
410736,1.7099236249923706
410832,1.6488549709320068
411024,1.610687017440796
411040,1.3664121627807617
411040,1.0
411280,1.0
411488,2.076335906982422
411648,1.0
412080,1.305343508720398
412288,2.2878787517547607
412400,1.0
412464,1.6488549709320068
412800,1.0
413136,1.615384578704834
413136,1.6793893575668335
413200,1.0
413392,3.068702220916748
413504,5.296875
413520,1.5779221057891846
413696,1.305343508720398
414480,1.3221476078033447
414496,1.0
414912,1.305343508720398
415056,1.0
415248,1.6488549709320068
415408,1.512295126914978
415616,1.3664121627807617
415632,1.305343508720398
415808,1.0
416096,1.0
416496,1.6488549709320068
416608,1.305343508720398
416896,1.9923664331436157
417360,1.7175573110580444
417360,1.3664121627807617
417616,2.0458016395568848
417696,1.3435114622116089
417712,1.0
417728,1.6846153736114502
417728,1.0
417760,1.0
417920,1.3435114622116089
418208,1.0
418384,1.634920597076416
419072,1.2614378929138184
419088,2.3711791038513184
419536,1.0
419824,1.0
419840,1.0
420032,1.0
420496,1.305343508720398
420656,1.5789474248886108
420752,4.484375
420880,1.6451612710952759
420928,1.692307710647583
421184,1.307692289352417
421392,1.9770114421844482
421920,1.0
421952,1.0
422016,1.6060606241226196
422032,1.600000023841858
422128,1.0
422128,1.6769230365753174
422144,1.0
422608,1.0
422864,1.0
423040,1.6793893575668335
423280,1.0
423424,1.0
423456,1.0
423504,1.305343508720398
423744,3.049180269241333
424240,2.0992367267608643
424544,5.4571428298950195
424704,1.0
425408,2.358778715133667
425536,1.0
425568,1.305343508720398
425600,1.6538461446762085
425728,1.634920597076416
426144,1.0
426176,1.3435114622116089
426336,1.692307710647583
426336,5.361701965332031
426368,1.3664121627807617
426656,1.6488549709320068
426656,2.0458016395568848
427072,1.0
427248,1.7230769395828247
427328,1.7480915784835815
427520,1.305343508720398
427648,1.3740458488464355
427712,1.9923664331436157
427824,2.276315689086914
427840,1.0
427968,1.0
428256,1.0
428288,1.3664121627807617
428448,1.3740458488464355
428448,1.0
428768,1.6870229244232178
429184,2.0229008197784424
429616,1.0
429984,1.283687949180603
430368,1.0
430384,1.307692289352417
430560,1.7175573110580444
430816,1.9319727420806885
430992,1.307692289352417
431200,1.2980132102966309
431280,1.9615384340286255
431392,8.235294342041016
431472,1.6488549709320068
431552,1.3664121627807617
431712,1.0
431888,2.3763442039489746
431888,1.6451612710952759
432048,2.389312982559204
432080,1.6769230365753174
432368,1.0
432480,1.305343508720398
433088,1.0
433312,1.305343508720398
433392,1.9541984796524048
433664,1.0
433824,1.0
434000,1.305343508720398
434128,1.6557377576828003
434144,1.610687017440796
434192,2.7251908779144287
434576,1.307692289352417
434960,1.6666666269302368
435200,1.732824444770813
435488,1.0
435600,1.0
435680,1.6846153736114502
435696,1.3740458488464355
435936,1.7099236249923706
435968,1.0
436256,2.7633588314056396
436304,2.0839693546295166
436304,1.3435114622116089
436592,1.305343508720398
436592,1.3461538553237915
436688,1.0
436992,1.3692307472229004
437072,1.0
437312,1.0
437584,1.0
437712,2.0229008197784424
437792,1.3461538553237915
438048,1.0
438080,1.9541984796524048
438368,1.3664121627807617
438416,1.0
438640,1.0
438704,1.3664121627807617
438784,1.3769230842590332
438848,3.5999999046325684
438960,1.0
439104,2.0534350872039795
439184,2.038167953491211
439424,1.0
439440,4.439393997192383
439712,1.6818181276321411
439904,1.9770991802215576
440192,1.732824444770813
440272,1.3740458488464355
440512,1.0
440528,1.610687017440796
440800,1.0
440896,1.0
440960,2.0229008197784424
441200,1.3692307472229004
441536,1.7175573110580444
441712,1.0
441808,1.692307710647583
442208,1.2797203063964844
442288,2.7538461685180664
442384,3.435114622116089
442640,1.7404580116271973
442640,1.6717556715011597
443072,1.305343508720398
443312,1.0
443376,1.0
443408,1.0
444208,1.3288590908050537
444304,1.3461538553237915
444400,1.0
444496,2.0534350872039795
444736,1.3740458488464355
445024,1.305343508720398
445184,1.0
445312,1.725806474685669
445424,1.305343508720398
445520,1.3664121627807617
446304,1.3461538553237915
446512,1.3664121627807617
446608,1.3435114622116089
446848,1.615384578704834
446848,1.0
446848,3.0992367267608643
447024,1.625
447280,1.0
447360,1.307692289352417
447376,1.0
447424,1.3435114622116089
447520,1.305343508720398
447520,1.615384578704834
447600,2.0534350872039795
448416,1.6488549709320068
448432,2.3692307472229004
448624,1.3435114622116089
448960,1.9847328662872314
448960,1.0
449136,1.305343508720398
449376,1.307692289352417
449472,1.3435114622116089
449536,1.0
449632,1.6488549709320068
449712,1.3740458488464355
450064,1.3740458488464355
450144,1.0
450544,1.3664121627807617
450864,1.305343508720398
451072,1.0
451248,1.3435114622116089
451264,1.0
451360,1.6241611242294312
451472,1.9846153259277344
451584,1.7099236249923706
451648,1.6717556715011597
451824,1.6717556715011597
452176,1.7404580116271973
452640,1.6870229244232178
452656,1.0
452832,1.3692307472229004
453184,2.038167953491211
453216,3.78125
453280,2.4692306518554688
453344,1.0
453472,1.0
453488,1.6510066986083984
453568,1.3769230842590332
453632,1.0
453760,1.0
453840,1.6717556715011597
455104,1.0
455280,1.307692289352417
455600,1.0
455600,1.2702702283859253
455680,1.305343508720398
455792,1.0
455808,2.3358778953552246
455856,3.0
455952,1.6793893575668335
455968,2.0916030406951904
456048,1.3435114622116089
456848,1.4047619104385376
457040,1.6793893575668335
457216,1.610687017440796
457392,1.305343508720398
457504,1.0
457712,1.0
457792,1.3740458488464355
457968,1.9541984796524048
458064,1.0
458080,1.305343508720398
458240,1.3664121627807617
458624,2.0056817531585693
458784,2.1783783435821533
458960,1.9160305261611938
459152,2.3934426307678223
459152,1.0
459184,1.610687017440796
459232,1.7213114500045776
459504,2.0152671337127686
459776,1.0
459888,1.307692289352417
459952,1.0
460896,1.610687017440796
461264,1.3664121627807617
461264,1.305343508720398
461344,1.0
461456,1.6717556715011597
461616,1.3435114622116089
461936,1.0
461984,1.0
462144,1.272108793258667
462208,1.0
462288,1.3740458488464355
463104,2.2898550033569336
463216,1.3333333730697632
463264,1.615384578704834
463376,1.0
463408,1.0
463408,1.0
463568,1.6793893575668335
463728,1.0
463760,2.457446813583374
463792,1.305343508720398
464048,1.7099236249923706
464240,1.0
464384,1.0
464432,1.615384578704834
465312,1.3461538553237915
465360,1.9615384340286255
465488,1.0
465520,1.0
465664,1.307692289352417
465872,1.3740458488464355
466000,4.469387531280518
466144,1.615384578704834
466352,1.6488549709320068
466528,1.3461538553237915
467408,1.0
467584,1.0
467632,1.0
468240,1.9770991802215576
468544,1.0
468608,1.7099236249923706
468608,1.305343508720398
469056,1.625
469296,1.5228757858276367
469456,2.3913042545318604
469568,1.0
469744,2.755725145339966
469872,1.5816993713378906
470064,1.0
470224,1.0
470352,1.305343508720398
470416,6.304347991943359
470576,1.0
470640,1.6846153736114502
470720,1.307692289352417
470720,1.0
470720,1.0
471152,1.3692307472229004
471568,1.610687017440796
471856,2.030534267425537
471984,1.0
472160,1.0
472464,2.0229008197784424
472528,1.0
472624,1.6241611242294312
472688,1.3740458488464355
472816,1.3699551820755005
472832,1.305343508720398
472832,1.0
472832,2.0458016395568848
472944,2.925373077392578
473168,1.8253967761993408
473264,1.6488549709320068
473408,3.7850468158721924
473680,1.3435114622116089
474096,1.3664121627807617
474576,1.610687017440796
474624,1.6538461446762085
474800,1.6793893575668335
474928,1.0
474944,1.305343508720398
474944,1.0
475056,2.0152671337127686
475232,1.3200000524520874
475264,1.0
475520,2.038167953491211
475776,1.307692289352417
476208,1.0
476288,2.0230770111083984
476368,1.6488549709320068
476688,1.0
476848,1.305343508720398
476912,1.0
477040,1.0
477056,1.0
477056,1.0
477344,1.305343508720398
477376,1.6488549709320068
477472,1.9923076629638672
477504,1.0
477616,1.0
477888,1.0
478384,2.2444443702697754
478736,1.263157844543457
478784,1.9923076629638672
478960,1.6488549709320068
479024,1.0
479152,1.305343508720398
479168,1.0264900922775269
479456,1.6793893575668335
479600,1.0
480336,1.91304349899292
480480,2.461538553237915
480848,1.305343508720398
480896,1.305343508720398
481072,1.305343508720398
481136,2.030534267425537
481248,1.6769230365753174
481264,1.0
481280,1.3435114622116089
481568,2.7251908779144287
481648,1.0
481696,1.610687017440796
481712,1.3740458488464355
481840,1.0
482592,1.305343508720398
483392,1.7099236249923706
483568,1.2980132102966309
483600,1.0
483744,1.615384578704834
483808,1.0
483824,1.305343508720398
484224,1.0
484224,1.7099236249923706
484880,1.0
485056,1.307692289352417
485120,1.3664121627807617
485680,1.0
485712,1.6488549709320068
485776,1.0
485792,1.0
485920,1.305343508720398
486224,1.0
486320,1.0
486336,1.6717556715011597
486672,1.0
486992,1.0
487168,1.3435114622116089
487232,1.9847328662872314
487392,1.305343508720398
487792,1.3435114622116089
487904,1.3664121627807617
487968,1.3435114622116089
488112,1.0
488160,1.1184210777282715
488224,1.263157844543457
488336,1.305343508720398
488384,1.6557377576828003
488416,1.7461538314819336
488752,1.5666667222976685
488864,5.981818199157715
489088,1.0
489280,1.0
489904,1.0
490016,1.305343508720398
490224,1.7461538314819336
490224,1.3664121627807617
490272,1.305343508720398
490336,1.6717556715011597
490448,1.0
490496,1.0
490528,1.9160305261611938
490896,1.0
490976,1.9770991802215576
491392,1.0
491488,1.0
491552,1.7480915784835815
491968,2.3934426307678223
492016,1.0
492064,4.013888835906982
492128,1.305343508720398
492256,1.0
492336,1.0
492384,2.0152671337127686
492560,1.3435114622116089
492624,1.9846153259277344
492848,1.1538461446762085
492976,1.2922078371047974
493600,1.3664121627807617
493648,1.3461538553237915
493680,2.3538460731506348
493824,1.0
494080,1.0
494112,1.0
494240,1.6488549709320068
494368,1.305343508720398
494384,1.0
494448,1.3740458488464355
494496,1.9541984796524048
494672,1.305343508720398
495152,1.0
495472,1.0
495760,1.610687017440796
496352,1.3740458488464355
496560,2.7251908779144287
496608,1.3740458488464355
497264,1.0
497296,1.0
497728,1.610687017440796
497872,1.0
498448,1.3692307472229004
498576,1.0
498640,1.0
498656,1.0
498672,1.0
498896,2.030534267425537
499088,1.4285714626312256
499360,1.6769230365753174
499872,1.0
499984,1.3435114622116089
500240,1.2739726305007935
500704,1.0
500752,1.0
500768,1.610687017440796
500784,1.3664121627807617
500944,1.9699571132659912
501008,1.305343508720398
501024,1.0
501200,1.0
501520,1.305343508720398
501760,1.2684563398361206
501888,3.471428632736206
501984,1.9541984796524048
502016,1.0
502096,1.3664121627807617
502832,1.6488549709320068
503104,1.2684563398361206
503136,1.6488549709320068
503136,2.310606002807617
503312,1.0
503632,1.9770991802215576
503872,2.396946668624878
504000,1.0
504048,1.0
504208,3.0
504400,1.3200000524520874
504432,1.6769230365753174
504944,1.0
504992,1.0
505008,1.305343508720398
505168,1.0
505232,1.6846153736114502
505424,1.732824444770813
505744,2.076335906982422
505984,1.0
506320,1.305343508720398
506448,2.1073825359344482
506528,2.0615384578704834
507104,1.732824444770813
507120,1.6793893575668335
507200,2.2356321811676025
507296,1.6643835306167603
507520,1.0
507536,1.305343508720398
507552,3.8412697315216064
507552,1.3435114622116089
508096,1.3664121627807617
508432,1.0
508560,1.0
508640,1.0
509216,1.3435114622116089
509232,1.0
509312,1.3664121627807617
509408,1.0
509536,3.933333396911621
509632,1.0
509648,1.9847328662872314
509984,1.3178807497024536
510208,1.0
510352,1.7183908224105835
510544,2.2846715450286865
510752,1.305343508720398
511344,1.0
511424,1.305343508720398
511504,1.615384578704834
511552,1.0
511760,1.305343508720398
511808,2.3763442039489746
512320,1.0
512336,1.0
512880,1.2580645084381104
512880,1.0
512944,1.305343508720398
513456,1.0
513664,1.0
513760,1.0264900922775269
513776,1.0
513856,1.3692307472229004
514256,1.3157894611358643
514432,1.305343508720398
514448,1.6488549709320068
514544,1.263157844543457
514576,1.3664121627807617
514976,1.3435114622116089
514992,1.3664121627807617
514992,2.389312982559204
515552,1.3461538553237915
515776,1.0
515888,1.3435114622116089
515936,1.0
516016,1.0
516048,1.0
516368,1.6717556715011597
516560,1.6793893575668335
516656,1.305343508720398
517088,1.3769230842590332
517168,1.3435114622116089
517920,1.8707482814788818
517984,1.6769230365753174
518032,1.7461538314819336
518112,1.307692289352417
518160,1.0
518480,1.0
518656,1.307692289352417
518752,1.715384602546692
518784,1.3435114622116089
519200,1.0
520000,2.0152671337127686
520016,1.0
520080,1.0
520096,1.305343508720398
520096,1.686813235282898
520128,1.0
520272,1.3435114622116089
520464,1.0
520592,1.7175573110580444
520864,1.0
520896,1.305343508720398
521120,1.2614378929138184
521296,1.0
521312,1.0
521312,1.0
522112,2.358778715133667
522192,2.076335906982422
522208,1.305343508720398
522288,1.610687017440796
522336,1.6115107536315918
522560,1.307692289352417
522656,1.324324369430542
522688,1.9923076629638672
523008,1.0
523280,3.09375
523312,1.0
523408,2.106870174407959
523424,1.305343508720398
523424,1.0
524288,1.0
524400,1.305343508720398
524512,1.0
524608,1.0
524672,1.3664121627807617
524800,1.7099236249923706
525104,1.0
525312,1.2797203063964844
525392,1.3740458488464355
525504,2.3692307472229004
525536,1.0
525616,1.2797203063964844
525712,1.877419352531433
526224,2.4885058403015137
526400,1.0
526432,1.6717556715011597
526512,1.6666666269302368
526544,1.3740458488464355
526608,1.307692289352417
526720,1.0
526880,1.5779221057891846
526912,1.0
527200,1.0
527424,2.3816792964935303
527504,1.0
527616,1.305343508720398
527728,1.0
528336,1.7404580116271973
528528,1.0
528720,1.305343508720398
528992,1.0
529264,1.582191824913025
529296,1.2884615659713745
529536,1.3435114622116089
529600,1.0
529728,2.0152671337127686
529824,1.0
529840,2.1594202518463135
529920,1.6793893575668335
530624,3.0
530624,1.0
530704,1.272108793258667
531104,1.0
531376,4.380000114440918
531392,1.307692289352417
531472,1.0
531664,2.2857143878936768
531712,1.305343508720398
532336,1.6193548440933228
532816,1.0
532848,2.389312982559204
532864,1.3769230842590332
532912,1.0
533200,2.0230770111083984
533392,2.307692289352417
533472,1.0
533552,1.0
533584,1.0
533776,1.0
533952,1.305343508720398
534336,1.0
534528,2.069230794906616
534928,1.3435114622116089
534960,1.9923664331436157
534976,1.3664121627807617
535024,1.3664121627807617
535296,1.9846153259277344
535488,1.0
535568,1.307692289352417
535616,1.0
535680,1.0
535920,1.6870229244232178
536064,1.0
536432,1.0
536448,1.3435114622116089
536608,1.737704873085022
536640,1.0
537040,2.389312982559204
537136,1.305343508720398
537600,2.0152671337127686
537680,2.328244209289551
537840,2.0212767124176025
538128,1.3157894611358643
538176,1.305343508720398
538272,1.9797297716140747
538720,1.0
538752,1.3740458488464355
539184,1.9354838132858276
539200,1.0
539232,1.3769230842590332
539600,1.6060606241226196
539712,1.3435114622116089
539952,1.3664121627807617
540128,1.0
540240,1.6870229244232178
540656,1.0
540720,1.0
540848,1.0
541008,1.615384578704834
541136,1.3200000524520874
541296,1.9770991802215576
541312,1.0
541344,1.6793893575668335
541440,1.0
541616,1.3461538553237915
541712,1.305343508720398
541824,1.0
542000,2.320610761642456
542112,1.305343508720398
542336,1.0
542768,1.0
542832,1.6717556715011597
543104,1.0
543248,1.6793893575668335
543408,1.305343508720398
543424,1.305343508720398
543440,1.0
543536,1.3769230842590332
543920,1.3692307472229004
544128,1.2999999523162842
544160,3.200000047683716
544432,3.126984119415283
544448,1.305343508720398
544560,1.0
544944,1.0
545168,1.305343508720398
545216,1.715384602546692
545248,1.7857142686843872
545600,1.0
545840,2.389312982559204
546016,1.3692307472229004
546272,1.0
546480,1.0
546544,1.0
546560,1.0
547056,1.0
547264,1.307692289352417
547328,1.0
547760,1.305343508720398
547888,1.0
548016,1.0
548416,1.307692289352417
548416,1.0
548592,2.0458016395568848
548656,1.305343508720398
548656,1.0
548672,1.3435114622116089
548784,1.305343508720398
549152,2.392307758331299
549376,1.0
549760,1.305343508720398
549776,1.5102040767669678
549872,1.0
549984,1.3461538553237915
550528,1.0
550688,1.0
550752,1.0
550784,1.3435114622116089
550896,1.305343508720398
551008,1.32876718044281
551488,1.0
551888,1.305343508720398
551952,2.0458016395568848
551984,1.7099236249923706
551984,1.9275362491607666
552000,1.6643835306167603
552096,2.0229008197784424
552624,1.0
552624,1.307692289352417
552800,1.3664121627807617
552864,1.0
552896,1.0
553008,1.6793893575668335
553600,1.3435114622116089
553824,1.0
554064,1.0
554096,1.0
554096,1.3664121627807617
554112,6.8913044929504395
554208,1.6793893575668335
554256,1.0
554480,1.0
554720,1.0
554736,1.305343508720398
554912,1.305343508720398
554976,1.6488549709320068
555120,1.3664121627807617
555232,1.0
555920,1.0
556080,1.103896141052246
556208,1.7099236249923706
556528,1.0
556592,1.0
556832,1.0
557232,1.0
557344,1.7404580116271973
557632,1.305343508720398
558032,1.305343508720398
558320,1.0
558320,1.0
558480,1.0
558624,1.307692289352417
558704,1.3435114622116089
558960,1.0
559136,1.305343508720398
559200,1.3664121627807617
559328,2.7076923847198486
559648,1.2797203063964844
560432,1.0
560432,1.0
560528,1.0
560528,1.0
560816,1.0
561248,1.305343508720398
561312,1.0
561440,1.3435114622116089
561760,1.305343508720398
561856,1.3664121627807617
562512,1.0
562544,1.0
562640,1.0
562768,4.032258033752441
562816,1.307692289352417
562928,1.305343508720398
563152,1.0
563184,1.0
563312,1.272108793258667
563360,1.3664121627807617
563424,1.0
563488,1.6774193048477173
564240,1.0
564752,1.0
564752,1.0
564864,1.0
565216,1.0
565296,2.5954198837280273
565424,1.7404580116271973
565536,1.0
565584,1.0
565600,1.0
566352,1.0
566768,1.7175573110580444
566864,1.0
566992,1.0
567216,1.0
567536,1.305343508720398
567632,1.0
567696,1.0
567712,1.615384578704834
567776,1.0
568016,1.0
569104,1.6488549709320068
569328,1.7099236249923706
569440,1.3435114622116089
569792,1.692307710647583
570080,1.0
570192,1.2666666507720947
570464,1.3157894611358643
570464,2.9571428298950195
570576,1.0
571088,1.3740458488464355
571232,1.0
571536,1.0
571536,1.305343508720398
571760,1.0
571776,1.307692289352417
571936,1.3435114622116089
572240,1.732824444770813
572240,1.2960525751113892
572576,2.0152671337127686
572576,1.0
572592,1.6769230365753174
572672,1.3181818723678589
573200,1.0
573632,1.307692289352417
573808,1.0
573888,1.0
573968,1.0
574352,2.0152671337127686
574352,1.0
574368,1.3245033025741577
574688,1.0
574688,1.3740458488464355
574688,1.0
574784,1.305343508720398
575552,1.0
575744,1.6488549709320068
575984,1.3692307472229004
576080,1.0
576208,1.2758620977401733
576480,1.3664121627807617
576688,1.3379310369491577
576752,1.0526316165924072
576800,1.7175573110580444
576896,1.305343508720398
576912,1.0
577040,1.0
577584,1.3740458488464355
577808,1.615384578704834
577936,1.0
578192,2.038167953491211
578304,1.0
578912,1.6488549709320068
579008,1.0
579152,1.0
579952,1.0
580032,1.6769230365753174
580112,1.0
580416,2.320610761642456
581008,1.3435114622116089
581296,1.0
581728,2.084615468978882
582144,1.0
582224,1.0
582288,1.0
582400,1.0
582528,1.610687017440796
583136,1.0
583344,2.9420289993286133
583408,1.0
583424,1.0
583440,1.2777777910232544
583696,1.6538461446762085
583840,1.3664121627807617
584256,1.305343508720398
584256,1.305343508720398
584496,1.307692289352417
584592,1.0
584624,1.3769230842590332
585120,1.0
585216,1.0
585248,1.0
585536,1.0
585536,1.0
585552,2.307692289352417
585808,1.6793893575668335
585824,1.0
585952,1.0
586288,1.0
586704,1.0
586736,1.0
587568,1.3435114622116089
587648,1.615384578704834
587648,1.0
588272,1.0
588448,1.0
588800,1.0
589472,1.305343508720398
589632,1.0
589632,1.0
589664,1.3692307472229004
589760,1.0
589760,1.0
590032,1.0
590176,1.0
590384,1.3740458488464355
590560,1.0
590704,1.0
590768,1.0
590816,1.305343508720398
590912,1.305343508720398
591120,1.692307710647583
591584,1.0
591744,1.0
592032,1.0
592112,1.263157844543457
592480,1.0
592496,1.0
592672,1.0
592928,1.0
593024,1.6793893575668335
593024,1.3664121627807617
593376,2.3763442039489746
593584,1.2614378929138184
593840,1.7099236249923706
593856,1.0
594064,1.0
594144,2.2977099418640137
594384,1.305343508720398
594432,1.0
594592,1.0
594592,1.0
594784,1.3435114622116089
595120,1.0
595136,1.9847328662872314
595312,1.0
595344,1.0
595488,1.0
595936,1.307692289352417
596176,1.0
596288,1.0
596416,1.0
596496,1.0
596704,1.6488549709320068
596896,1.0
597040,1.0
597248,1.0
597600,1.0
598048,1.0
598288,1.3435114622116089
598528,1.305343508720398
598608,1.305343508720398
598624,1.0
598640,1.3461538553237915
598816,1.0
598992,1.0
599520,1.0
599568,1.625
599680,2.3333332538604736
599712,1.0
599760,1.0
599936,1.0
600224,1.0
600384,1.307692289352417
600928,1.0
601104,1.0
601184,1.0
601456,2.427480936050415
601632,1.305343508720398
601792,1.3435114622116089
601824,1.0
601872,1.7175573110580444
602144,1.625
602320,1.3692307472229004
602384,1.2960525751113892
602848,1.0
602864,1.305343508720398
603040,1.0
603296,1.0
603520,1.610687017440796
603568,1.3664121627807617
603920,1.307692289352417
603984,1.0
604176,1.0
604256,1.3435114622116089
604352,1.0
604432,1.3664121627807617
604480,1.307692289352417
604960,1.3664121627807617
605152,2.0152671337127686
605680,1.0
605920,1.0
606096,1.0
606192,1.0
606272,1.0
606320,1.0
606736,1.6915584802627563
606880,1.6510066986083984
607072,1.305343508720398
607264,1.3740458488464355
607280,1.0
607792,1.0
607792,1.3740458488464355
608208,1.3740458488464355
608288,1.307692289352417
608288,1.5208333730697632
608336,1.0
608384,1.0
608416,1.0
608560,1.0
608992,1.3664121627807617
609392,1.0
609648,3.029850721359253
609664,1.0
609904,1.0
609904,1.305343508720398
610400,1.3740458488464355
610528,1.0
610736,1.3221476078033447
610992,1.0
611088,1.0
611760,1.0
611776,1.3664121627807617
612384,1.0
612512,1.3435114622116089
612512,1.0
612608,1.0
612848,1.0
613056,1.0
613872,1.0
614112,1.0
614496,1.305343508720398
614624,1.0
614880,2.5
614960,1.305343508720398
614960,1.2816901206970215
615056,1.0
615120,1.0
615168,1.0
615216,1.0
615312,1.0
615632,1.305343508720398
615712,1.0
615808,1.0
616000,1.6717556715011597
616208,1.0
616480,3.5531914234161377
616736,1.0
617072,1.0
617168,1.305343508720398
617216,1.0
617248,1.0
617328,1.305343508720398
617424,1.0
617744,1.3435114622116089
618320,1.0
618320,2.3283581733703613
618768,1.3380281925201416
618848,2.038167953491211
619008,1.0
619184,1.0
619280,1.610687017440796
619328,1.0
619344,1.0
619648,1.0
620016,1.0
620224,1.6488549709320068
620432,1.0
620432,1.0
620960,1.0
621120,1.6793893575668335
621392,1.0
621440,1.6451612710952759
621632,1.0
621664,1.0
621744,1.0
621776,1.0
621824,1.0
621952,1.0
621968,1.8767123222351074
622128,1.3740458488464355
622528,1.0
622960,1.3692307472229004
623056,1.307692289352417
623424,1.3426573276519775
623552,1.0
623744,1.610687017440796
623776,1.3664121627807617
623808,1.0
623840,1.0
623856,1.307692289352417
624064,1.0
624256,1.0
624448,1.0
624592,1.0
624640,1.0
624832,3.0634920597076416
625392,1.0
625536,1.0
625632,2.25
625856,1.9923664331436157
625952,1.0
625968,1.0
626176,1.0
626224,1.0
626368,2.0229008197784424
626384,1.0
626560,1.9923664331436157
626736,1.0
626944,1.7099236249923706
627184,1.0
627488,1.0
627632,1.307692289352417
627728,1.0
627952,1.3461538553237915
627968,1.0
627984,1.625
628080,1.6870229244232178
628288,1.0
628464,1.692307710647583
628544,1.1184210777282715
628560,1.0
628672,1.0
628784,1.0
629072,1.5970149040222168
629184,1.3157894611358643
629632,1.0
629744,1.0
630064,1.3664121627807617
630272,1.0
630272,1.5970149040222168
630400,1.0
630656,1.9160305261611938
630784,1.0
630896,1.0
630912,1.2960525751113892
631184,1.3664121627807617
631264,1.0
631712,1.0
631744,1.3664121627807617
631856,1.0
631936,1.0
632160,1.307692289352417
632384,1.0
632512,1.0
632592,1.0
632768,1.305343508720398
632896,1.0
633024,1.305343508720398
633168,1.3356643915176392
633296,1.305343508720398
633584,2.622950792312622
633600,1.0
633856,1.0
634240,1.0
634272,1.8166667222976685
634272,1.610687017440796
634384,1.617834448814392
634400,1.307692289352417
634496,1.7099236249923706
634880,1.305343508720398
635008,1.0
635120,1.0
635136,1.3435114622116089
635264,1.3692307472229004
635680,1.307692289352417
635968,1.305343508720398
636352,1.0
636384,1.305343508720398
636992,1.0
637216,1.0
637792,1.0
638016,1.0
638032,1.0
638256,1.0
638496,1.7175573110580444
638496,1.6488549709320068
638592,1.7230769395828247
638800,1.263157844543457
639104,1.7099236249923706
639216,1.0
639360,1.0
639488,1.0
639600,1.3310810327529907
639616,1.6451612710952759
640128,1.0
640144,1.0
640224,1.0
640368,1.610687017440796
640592,1.0
640608,1.0
640704,1.305343508720398
640832,1.3664121627807617
640912,1.0
641472,1.0
641600,1.0
641680,1.6717556715011597
641712,1.0
641728,1.3664121627807617
642336,1.0
642464,1.0
642624,1.0
642704,1.0
642816,1.0
643024,1.3740458488464355
643776,2.307692289352417
643808,1.0
643840,1.0
643872,1.0
643936,1.0
644080,1.0
644368,1.0
644448,1.0
644496,1.347517728805542
644736,1.0
644816,1.0
644928,1.305343508720398
645056,2.038167953491211
645136,1.0
645648,1.0
645728,1.0
645872,1.307692289352417
645984,1.3664121627807617
646192,1.0
646688,1.0
646720,1.3082191944122314
646832,1.0
646928,1.0
647024,1.6666666269302368
647040,1.0
647168,1.305343508720398
647232,1.0
647760,1.305343508720398
647840,1.0
648064,1.610687017440796
648128,2.2941176891326904
648304,1.3664121627807617
648800,1.3664121627807617
648928,1.0
649280,1.0
649344,1.0
649488,1.3157894611358643
649856,1.3769230842590332
650128,1.0
650176,1.305343508720398
650240,1.0
650944,1.6793893575668335
651104,1.3288590908050537
651280,2.40625
651376,1.0
651456,1.0
651520,1.0
651936,1.0
651952,1.0
652064,1.0
652192,1.307692289352417
652496,1.0
652688,1.884615421295166
652992,1.3769230842590332
653216,1.0
653376,1.0
653488,1.0
653536,1.0
653568,1.6793893575668335
653616,1.6769230365753174
654048,1.0
654176,1.3664121627807617
654352,1.0
655104,1.3664121627807617
655136,1.3692307472229004
655488,1.0
655584,1.3692307472229004
655600,2.195945978164673
655648,1.0
656016,1.3223683834075928
656400,1.0
656720,1.0
656752,1.2684563398361206
656912,1.0
657200,1.3461538553237915
657472,1.7175573110580444
657488,1.6643835306167603
657600,1.0
657696,1.3435114622116089
657936,1.773234248161316
658512,1.0
658544,1.3664121627807617
658832,1.3740458488464355
658864,1.305343508720398
659024,1.0
659504,1.2797203063964844
659568,1.0
659808,1.0
659824,1.305343508720398
659856,1.305343508720398
660096,1.0
660336,1.3221476078033447
660928,1.307692289352417
660976,1.0
661024,1.2580645084381104
661120,1.0
661616,1.0
661904,1.307692289352417
661920,1.0
662448,1.0
662640,1.0
662832,1.0
662976,1.0
662992,1.0
663040,1.0
663232,1.3664121627807617
663712,1.0
663792,1.0
664016,1.0
664080,1.305343508720398
664544,1.0
664592,1.0
664752,1.0
664800,1.0
664928,1.0
665088,1.0
665152,1.0
665344,1.0
665392,1.0
666128,1.0
666144,1.0
666432,1.0
666656,1.3664121627807617
667216,1.2999999523162842
667232,1.0
667296,1.0
667376,1.0
667456,1.0
667920,1.0
668016,1.0
668016,1.0
668240,1.0
668528,1.0
668544,1.0
668816,1.0
669264,1.3435114622116089
669328,1.0
669392,1.0
670032,1.0
670352,1.634920597076416
670352,1.0
670480,1.3435114622116089
670656,1.0
670864,1.0
670928,1.9770991802215576
671376,1.0
671456,1.610687017440796
671696,1.0
672224,1.0
672240,1.0
672592,1.0
672720,1.0
673456,2.3934426307678223
673776,1.0
674336,1.307692289352417
674576,1.0
674704,1.3664121627807617
675072,1.3435114622116089
675152,1.3435114622116089
675152,1.324324369430542
675312,2.492307662963867
675664,1.0
675680,1.0
675888,1.0
676096,1.9160305261611938
676448,1.6793893575668335
676448,1.0
676816,1.9160305261611938
677264,1.0
677264,1.3664121627807617
677360,1.0
677424,1.0
677680,1.305343508720398
677760,1.307692289352417
678000,1.0
678208,1.0
678320,1.305343508720398
678544,1.307692289352417
678880,1.2597402334213257
679056,1.0
679056,1.615384578704834
679168,1.0
679360,1.0
679360,1.0
679792,1.0
679840,1.103896141052246
679856,1.3692307472229004
679904,1.0
680416,1.0
680656,1.0
680816,1.6666666269302368
680976,1.0
681024,1.305343508720398
681168,1.0
681168,1.305343508720398
681280,1.0
681360,1.6846153736114502
681472,1.0
681808,1.0526316165924072
681904,2.3283581733703613
681968,2.465648889541626
682528,1.305343508720398
682960,1.3692307472229004
683088,1.610687017440796
683136,1.0
683280,1.0
683472,1.0
683584,1.0
683648,1.0
683920,1.0
684016,1.0
684048,1.0
684112,1.307692289352417
684192,1.6717556715011597
685072,1.3435114622116089
685200,1.3435114622116089
685216,1.0
685392,1.0
685872,1.0
686032,1.0
686144,1.0
686224,1.0
686304,1.610687017440796
686752,1.0
687312,1.307692289352417
687312,1.0
687344,1.0
687600,1.0
687824,1.3266667127609253
687984,1.0
688240,1.0
688336,1.0
688432,1.0
688512,1.3200000524520874
688880,3.225806474685669
689296,1.305343508720398
689408,1.0
689936,1.0
690016,1.610687017440796
690256,1.0
690336,2.875
690352,1.305343508720398
690512,1.0
690544,1.3435114622116089
690624,1.7480915784835815
690960,1.0
691216,3.637681245803833
691248,1.0
691504,1.0
691808,1.3692307472229004
692000,1.272108793258667
692128,1.3740458488464355
692368,1.0
692816,1.0
692992,1.480263113975525
693072,1.0
693360,1.0
693616,1.3435114622116089
694112,1.0
694240,1.0
694736,1.0
694800,1.0
694848,1.3435114622116089
694944,1.7142857313156128
695104,1.3664121627807617
695184,1.305343508720398
695248,1.3245033025741577
695440,1.0
695472,2.0152671337127686
695712,1.0
695712,1.6538461446762085
696512,1.75
696592,1.0
696624,1.0
696848,1.305343508720398
696912,1.305343508720398
696960,1.0
697040,1.0
697200,1.0
697216,1.305343508720398
697296,1.0
697360,1.7099236249923706
697536,1.6769230365753174
698336,1.0
698384,1.0
698960,1.0
699024,1.6793893575668335
699072,1.305343508720398
699312,1.7230769395828247
699408,1.305343508720398
699936,1.0
699936,2.038167953491211
700448,1.3435114622116089
700496,1.0
700704,1.6769230365753174
700816,1.9847328662872314
700912,1.0
701072,2.971428632736206
701072,1.0
701088,1.732824444770813
701136,1.305343508720398
701760,1.0
701936,1.2960525751113892
702000,1.2547770738601685
702048,1.0
702544,1.0
702592,1.307692289352417
702816,1.0
703200,1.0
703232,1.512295126914978
703232,1.2999999523162842
703296,1.6488549709320068
703312,1.0
703424,1.0
703440,1.0
703872,1.0
703920,1.0
704112,1.0
704160,1.6488549709320068
704656,1.0
704704,1.0
704928,1.0
705344,1.0
705392,1.3769230842590332
705424,1.3740458488464355
705520,1.307692289352417
705552,1.0
705984,1.0
706144,1.0
706256,1.0
706336,1.0
706560,1.0
706768,1.610687017440796
707040,1.0
707056,1.0
707456,1.0
707504,1.0
707616,1.0
707776,1.0
708096,1.0
708240,1.3461538553237915
708480,1.634920597076416
708672,1.3740458488464355
708864,1.0
709152,1.305343508720398
709360,1.0
709616,1.0
709728,1.3664121627807617
709760,1.0
709792,1.0
709888,1.6488549709320068
710000,1.6143790483474731
710192,1.0
710464,1.0
710512,2.126760482788086
710592,1.7404580116271973
710784,1.0
710976,1.0
711264,1.0
711600,1.0
711712,1.0
711840,1.3664121627807617
711872,1.305343508720398
711888,1.0
711984,1.0
712096,1.0
712304,1.0
712576,1.0
712736,1.3020133972167969
712896,1.305343508720398
713088,1.0
713344,1.703125
713376,1.9541984796524048
713712,1.0
713824,1.0
714240,1.0
714688,1.0
714784,1.6717556715011597
715008,1.0
715392,1.3356643915176392
715440,1.0
715824,1.0
715936,1.0
716096,1.0
716208,1.0
716304,1.0
716352,1.0
716848,1.0
716944,1.0
717088,1.0
717120,1.0
717168,1.0
717488,1.307692289352417
717552,1.0
717792,1.0
717840,1.0
717936,1.6488549709320068
718048,1.0
718176,1.0
718208,1.0
718416,1.0
718608,1.0
718784,2.3934426307678223
718960,1.6717556715011597
719184,1.0
719264,1.307692289352417
719296,1.0
719472,2.3968253135681152
719600,1.305343508720398
719648,1.0
720032,1.0
720160,1.305343508720398
720304,1.7538461685180664
720592,1.0
720896,1.0
720912,1.0
720960,1.2739726305007935
721328,1.610687017440796
721360,1.3020133972167969
721408,1.0
721584,1.6793893575668335
721760,1.0
722048,1.307692289352417
722144,1.9847328662872314
722752,1.0
723008,1.305343508720398
723072,1.0
723264,1.0
723472,1.0
723488,1.3664121627807617
723520,1.3664121627807617
723680,1.0
723776,1.3157894611358643
723872,1.610687017440796
724384,1.0
724512,1.0
725120,1.3740458488464355
725136,1.3310810327529907
725184,1.0
725328,1.305343508720398
725376,1.0
725520,1.0
725584,1.0
725888,1.0
725952,1.3245033025741577
725984,1.0
726416,2.3283581733703613
726624,1.3664121627807617
727104,1.3435114622116089
727232,1.0
727248,1.0
727472,1.0
727552,1.0
727696,1.0
728000,1.7099236249923706
728064,1.0
728528,1.0
728736,1.3740458488464355
729200,1.0
729344,1.305343508720398
729360,1.305343508720398
729392,1.0
729584,1.0
729664,1.0
729744,1.0
730000,1.0
730112,1.0
730192,1.0
730208,1.305343508720398
730640,1.0
731312,1.0
731456,1.0
731504,1.6717556715011597
731792,1.0
731856,1.0
731968,1.0
732112,1.0
732224,1.305343508720398
732288,1.305343508720398
732320,1.0
732912,2.384615421295166
733184,1.6060606241226196
733408,1.0
733520,1.0
733568,1.0
733808,1.0
733888,1.307692289352417
734032,1.0
734336,1.3435114622116089
734400,1.0
734416,1.3435114622116089
734576,1.0
734672,1.3310810327529907
734848,1.0
735024,1.732824444770813
735360,1.0
735616,1.307692289352417
735680,1.0
735696,1.0
735792,2.275362253189087
735888,2.0754716396331787
735920,1.2564102411270142
736000,1.0
736144,1.0
736448,1.3435114622116089
736512,1.0
736528,1.0
736688,1.0
737408,1.0
737568,1.615384578704834
737792,1.0
737888,1.0
738000,1.0
738016,1.3461538553237915
738032,1.0
738560,1.3740458488464355
738624,1.0
738800,1.0
738800,2.3709676265716553
739072,1.732824444770813
739520,1.0
739584,1.0
739680,1.3435114622116089
739920,1.0
740000,1.0
740144,1.3664121627807617
740352,1.0
740416,1.0
740432,1.0
740912,1.0
741088,1.0
741168,1.625
741632,1.3740458488464355
742256,1.0
742528,1.0
742800,1.0
743008,1.6538461446762085
743200,1.0
743296,1.0
743552,1.6486486196517944
743792,1.0
744048,1.3740458488464355
744448,1.3664121627807617
744624,1.0
744640,1.0
745072,1.305343508720398
745136,1.0
745408,1.0
746160,1.0
746208,1.0
746560,1.0
746688,1.0
746736,1.0
746736,1.6793893575668335
746752,1.0
747184,1.0
747216,1.0
747232,1.3692307472229004
747392,1.2922078371047974
747520,1.0
747664,1.0
747984,1.0
748320,1.3435114622116089
748848,1.0
748848,1.9160305261611938
749040,1.0
749184,1.0
749200,1.0
749296,1.0
749328,1.305343508720398
749344,1.3664121627807617
749504,1.0
749776,1.0
750240,1.0
750384,1.0
750432,1.0
750784,1.305343508720398
750960,1.0
751200,1.0
751312,1.3664121627807617
751440,1.9923664331436157
751488,1.5882352590560913
751600,1.0
751664,1.0
751680,1.0
751888,1.3664121627807617
752192,1.307692289352417
752352,1.3664121627807617
752896,1.0
753072,1.0
753520,1.0
753760,1.0
753792,1.0
753792,1.0
753856,1.0
753888,1.0
753920,1.0
753936,1.2960525751113892
754000,1.0
754304,1.0
754544,2.41269850730896
754656,1.0
754800,1.0
754992,1.3461538553237915
755184,1.0
755856,1.0
755904,1.0
755904,1.0
755968,1.3435114622116089
756000,1.0
756032,1.0
756656,1.305343508720398
756768,1.3664121627807617
756896,1.0
757104,1.0
757456,1.0
757968,1.305343508720398
758016,1.6793893575668335
758064,1.0
758144,1.0
758224,1.6488549709320068
758304,1.0
759024,1.3435114622116089
759104,1.0
759200,1.3202614784240723
759216,1.0
759232,1.0
760176,1.0
760224,1.305343508720398
760416,1.0
760496,1.0
760592,1.6488549709320068
761136,1.0
761152,1.0
761216,1.0
761312,1.6538461446762085
761344,1.6488549709320068
761472,1.0
761568,2.5432097911834717
761664,1.0
762192,1.0
762240,1.0
762512,1.615384578704834
762608,1.0
762704,1.0
763248,1.305343508720398
763328,1.7480915784835815
763424,1.0
763440,1.3692307472229004
763568,1.0
763776,1.0
764304,1.0
764352,1.0
764560,1.0
764720,1.0
764912,1.2758620977401733
765376,1.0
765552,1.0
765728,1.0
765792,1.0
765824,1.0
765824,1.0
766464,1.0
766816,1.737704873085022
766816,1.0
766912,1.0
767008,1.0
767488,1.0
767632,1.6717556715011597
767648,1.0
767888,1.0
767936,1.0
768000,1.0
768176,1.0
768512,1.3461538553237915
768784,1.0
768928,1.0
768992,1.0
769024,1.3740458488464355
769120,1.0
769168,1.0
769568,1.0
769600,1.0
769760,1.0
770048,1.610687017440796
770112,1.305343508720398
770320,1.0
770560,1.0
770624,1.0
770896,1.3435114622116089
771040,1.0
771104,1.305343508720398
771120,1.0
771280,1.3435114622116089
771296,1.0
771344,1.7142857313156128
771520,1.0
772224,1.0
772544,1.0
772656,1.0
772992,1.3692307472229004
773104,1.2922078371047974
773136,1.0
773216,1.610687017440796
773232,1.0
773312,2.8656716346740723
773392,1.0
773568,1.7142857313156128
773632,1.610687017440796
773792,1.0
773824,1.0
773984,1.6488549709320068
774544,1.0
775104,1.0
775248,1.0
775568,1.0
775696,1.0
775936,1.0
776080,1.307692289352417
777136,1.0
777216,1.3664121627807617
777328,1.0
777360,1.0
777456,1.0
777680,1.0
777680,1.6717556715011597
777792,1.0
777968,1.0
777968,1.305343508720398
778048,1.0
778176,1.307692289352417
778336,1.0
778752,1.0
779456,1.0
779568,1.0
779648,1.0
779776,1.7230769395828247
779904,1.0
780080,1.0
780160,1.0
780288,1.6488549709320068
780448,1.0
780864,1.0
781104,1.305343508720398
781360,1.0
781552,1.307692289352417
781648,1.0
781744,1.0
781744,1.0
781872,1.0
781888,1.0
782016,1.6184210777282715
782192,1.0
782272,1.0
782288,1.0
782384,1.0
782752,1.0
783216,1.3664121627807617
783472,1.0
783664,1.0
783760,1.0
783856,1.0
783856,1.305343508720398
783968,1.3461538553237915
784064,1.305343508720398
784288,1.0
784368,1.0
784400,1.0
784864,1.3435114622116089
785136,2.3709676265716553
785312,1.0
785584,1.0
785664,1.0
785776,1.0
785872,1.0
785952,1.3769230842590332
786080,1.0
786176,1.0
786272,1.0
786384,1.0
786512,1.0
786672,2.5
786896,1.0
786976,1.3435114622116089
787408,1.3461538553237915
787440,1.3356643915176392
787696,1.0
787888,1.0
787968,1.6060606241226196
787984,1.0
788064,1.0
788192,1.305343508720398
788208,1.0
788288,1.3435114622116089
788592,1.0
788624,1.0
788784,1.3740458488464355
788864,1.2922078371047974
789520,1.3740458488464355
789888,1.0
789968,1.283687949180603
790000,1.0
790096,1.0
790176,1.0
790320,1.3435114622116089
790384,1.0
790544,1.32876718044281
790704,1.0
790736,1.6717556715011597
790896,1.7480915784835815
790976,1.0
791376,1.0
791504,1.9354838132858276
791632,1.0
792080,1.0
792192,1.0
792192,1.0
792288,1.3288590908050537
792432,1.0
792496,1.0
792816,1.0
792832,1.0
793008,1.0
793168,1.5970149040222168
793248,1.615384578704834
793488,1.0
794304,1.0
794384,1.307692289352417
794928,1.0
794928,1.3461538553237915
795104,1.0
795184,1.3769230842590332
795280,1.0
795344,1.0
795600,1.7175573110580444
795856,1.6793893575668335
796320,1.307692289352417
796496,1.0
796512,1.0
796592,1.0
796656,1.0
796720,1.0
796880,1.0
797040,1.0
797216,1.3740458488464355
797392,1.305343508720398
797424,3.5531914234161377
797456,1.0
797712,1.3664121627807617
797824,1.305343508720398
797968,1.6793893575668335
798432,1.0
798608,1.0
798832,1.0
798992,2.106870174407959
799040,1.0
799504,1.0
800064,1.0
800544,1.0
800704,1.0
801264,1.0
801440,1.0
801504,1.305343508720398
801552,1.0
801648,1.3435114622116089
801664,1.0
802048,1.0
802128,1.0
802160,1.0
802640,1.0
802816,1.0
803216,1.0
803376,1.3435114622116089
803552,1.305343508720398
803744,1.0
803744,1.0
804016,1.0
804144,1.0
804240,1.0
804272,1.0
804752,1.0
804928,1.0
805152,1.307692289352417
805168,1.0
805696,1.0
805856,1.0
805856,1.0
806064,1.0
806128,1.0
806352,1.3435114622116089
806384,1.3435114622116089
806864,1.0
807040,1.0
807280,1.0
807440,1.3435114622116089
807456,1.6060606241226196
807776,1.0
807808,1.0
807952,1.0
807968,1.0
808128,1.0
808176,1.3435114622116089
808368,1.0
808464,1.0
808528,1.6510066986083984
808576,1.0
808976,1.0
809152,1.0
809376,1.0
809552,1.0
809568,1.7099236249923706
809888,1.3664121627807617
810464,1.0
810688,1.0
811088,1.0
811248,1.3692307472229004
811344,1.6666666269302368
811648,1.3435114622116089
811680,1.6717556715011597
811808,1.0
812176,1.0
812576,1.0
813008,1.0
813024,1.0
813200,1.0
813744,1.307692289352417
813776,1.3664121627807617
813824,1.396103858947754
813920,1.0
814144,1.0
814448,1.0
814800,1.0
814848,1.0
814896,1.3125
815104,1.0
815136,1.0
815312,1.305343508720398
815856,1.3664121627807617
815888,1.305343508720398
816400,1.0
816496,1.0
816560,1.0
816912,1.3740458488464355
816960,1.0
817008,1.0
817424,1.305343508720398
817648,1.0
817824,1.0
818000,1.0
818016,1.0
818288,1.2649006843566895
818304,1.0
818512,1.305343508720398
818608,1.0
819024,1.305343508720398
819120,1.0
819408,1.0
819536,1.305343508720398
819744,1.307692289352417
819936,1.0
820400,1.307692289352417
820400,1.0
820720,1.7099236249923706
820784,1.305343508720398
821008,1.3740458488464355
821120,1.0
821232,1.0
821296,1.7225433588027954
821424,1.6241611242294312
821648,1.305343508720398
821680,1.0
821808,1.0
822224,1.0
822240,1.0
822512,1.0
822832,1.0
822896,1.0
823104,1.307692289352417
823696,1.9245283603668213
823760,1.0
823968,1.6488549709320068
824336,1.0
824352,1.3435114622116089
824608,1.0
824624,1.3435114622116089
824656,1.0
825216,1.0
825520,1.0
825632,1.725806474685669
825696,1.0
825808,1.0
825904,1.0
826368,1.2614378929138184
827104,1.0
827456,1.0
827744,1.6793893575668335
827808,1.305343508720398
827872,1.2739726305007935
827920,1.0
828016,1.305343508720398
828480,1.0
828560,1.3664121627807617
828640,1.0
828880,1.0
829440,1.0
829488,1.2702702283859253
829856,1.305343508720398
829872,1.3200000524520874
829920,1.3435114622116089
829968,1.0
830064,1.0
830176,1.3740458488464355
830368,1.0
830672,1.0
830752,1.0
830928,1.0
831200,1.2777777910232544
831552,1.0
831984,1.0
832064,1.0
832144,1.3435114622116089
832176,1.305343508720398
832352,1.0
832352,1.2580645084381104
832480,1.0
832784,1.305343508720398
832800,1.0
832864,2.0839693546295166
833040,1.0
833312,1.0
833664,1.6717556715011597
833712,1.0
834096,1.0
834176,1.0
834256,1.0
834464,1.0
834592,1.0
834896,1.0
835408,1.6769230365753174
835440,1.0
835760,1.307692289352417
835824,1.0
836208,1.0
836288,1.0
836368,1.0
836384,1.3435114622116089
836576,1.0
836576,1.0
836704,1.0
837008,1.0
837008,1.0
837072,1.0
837552,1.0
838320,1.0
838384,1.0
838480,1.3664121627807617
838688,1.702247142791748
838688,1.0
838816,1.0
838832,1.2960525751113892
839120,1.3435114622116089
839360,1.0
839520,1.0
839568,1.7099236249923706
839632,1.0
840272,1.0
840432,1.3664121627807617
840496,1.0
840576,1.615384578704834
840800,1.305343508720398
841216,1.0
841232,1.0
841456,1.0
841632,1.0
841744,1.0
841856,2.384615421295166
842384,1.0
842608,1.0
843024,1.0
843056,1.0
843344,1.0
843792,1.3435114622116089
843952,1.0
844112,1.0
844992,1.0
845024,1.305343508720398
845088,1.0
845136,1.0
845168,1.0
845440,1.0
845456,1.0
845840,1.0
845968,1.0
845968,1.0
846384,1.0
846592,1.0
847088,2.0
847232,1.3740458488464355
847264,1.307692289352417
847376,1.0
847728,1.345070481300354
847952,1.7099236249923706
848016,1.305343508720398
848320,1.0
848432,1.2614378929138184
848624,1.615384578704834
848704,1.0
849200,1.0
849232,1.0
849344,1.3740458488464355
849360,1.0
849376,1.6488549709320068
849488,1.0
849600,1.3435114622116089
850064,1.0
850128,1.7175573110580444
850256,1.7099236249923706
850416,1.307692289352417
850592,1.305343508720398
850720,1.307692289352417
850816,1.0
851312,1.305343508720398
851456,1.0
851552,1.0
851584,1.0
851792,1.0
852240,1.0
852368,1.0
852848,1.0
852864,1.263157844543457
852912,1.0
853424,1.0
853696,1.305343508720398
853824,1.3664121627807617
853904,1.0
853920,1.0
853952,1.0
854320,1.0
854480,1.3435114622116089
854496,1.0
854800,1.3740458488464355
854928,1.307692289352417
854944,1.0
854976,1.0
855376,1.0
855808,1.0
855936,1.3435114622116089
856032,1.0
856432,1.0
856592,1.3435114622116089
856608,1.0
856832,1.0
856912,1.0
857040,1.7538461685180664
857456,1.6818181276321411
857488,1.3435114622116089
857648,1.0
857920,1.3664121627807617
858048,1.3740458488464355
858144,1.0
858720,1.305343508720398
858944,1.6488549709320068
859024,1.0
859104,1.0
859360,1.631205677986145
859840,1.0
859968,1.103896141052246
860160,1.0
860224,1.0
860256,1.0
860416,1.0
860656,1.0
861168,1.0
861216,1.0
861600,1.563380241394043
861952,1.6793893575668335
862080,1.3435114622116089
862112,1.0
862352,1.0
862384,1.0
862512,1.0
862672,1.2960525751113892
863104,1.263157844543457
863168,1.6488549709320068
863328,1.0
863360,1.305343508720398
864192,1.0
864224,1.0
864352,2.348484754562378
864384,1.0
864496,1.0
864832,1.0
864912,1.3020133972167969
865280,1.0
865360,1.0
865744,1.2999999523162842
865808,1.0
866464,1.610687017440796
866480,1.3461538553237915
866624,1.0
866944,1.0
867312,1.307692289352417
867376,1.0
867472,1.0
867808,1.305343508720398
867904,1.3461538553237915
868416,1.0
868592,1.0
868688,1.0
868720,1.3664121627807617
869056,1.3435114622116089
869472,1.0
869584,1.0
869920,1.3435114622116089
869952,1.0
870016,1.0
870352,1.263157844543457
870704,1.0
870800,1.305343508720398
871200,1.313725471496582
871248,1.3435114622116089
871408,1.0
871536,1.0
871696,1.0
872032,1.0
872112,1.0
872448,1.0
872624,1.0
872816,1.305343508720398
872912,1.0
872928,1.0
873088,1.0
873312,1.3740458488464355
873360,1.0
873504,1.3692307472229004
873648,1.0
873712,1.0
873808,1.305343508720398
874160,1.0
874432,1.0
874512,1.0
875024,1.0
875424,1.3435114622116089
875920,1.0
876272,1.0
876544,1.0
876576,1.0
876832,1.0
876976,1.0
877136,1.0
877552,1.31210196018219
877600,1.7175573110580444
877824,1.3221476078033447
877856,1.307692289352417
877904,1.0
877968,1.6557377576828003
878032,1.305343508720398
878384,1.0
878656,1.0
879056,1.0
879136,1.0
879424,1.316901445388794
879664,1.0
879712,1.3435114622116089
879824,1.305343508720398
879952,1.3461538553237915
880016,1.0
880032,1.0
880080,1.3664121627807617
880768,1.0
881216,1.0
881248,1.0
881520,1.615384578704834
882048,1.0
882064,1.0
882144,1.0
882192,1.3435114622116089
882240,1.3769230842590332
882608,1.0
882912,1.305343508720398
883552,1.0
883632,1.0
883888,1.0
883920,1.0
884304,1.0
884352,1.0
884384,1.0
884720,1.0
885248,2.2878787517547607
885312,1.0
885344,1.0
885440,1.615384578704834
885648,1.0
885648,1.0
885728,1.0
886000,1.305343508720398
886032,1.0
886368,1.0
886464,1.0
886528,1.3740458488464355
886624,1.0
886752,1.3223683834075928
887136,1.0
887360,1.0
887424,1.0
887456,1.0
887536,1.0
887744,1.0
887760,1.0
887824,1.307692289352417
888064,1.3461538553237915
888144,1.0
888464,1.0
888480,1.615384578704834
888576,1.0
888736,1.0
888992,1.0
889168,2.954545497894287
889248,1.3664121627807617
889552,1.0
889648,1.0
890176,1.0
890224,1.0
890256,1.0
890576,1.0
890848,1.0
890928,1.32876718044281
890976,1.0
891280,1.0
891344,1.0
891664,1.0
891760,1.305343508720398
891840,1.6557377576828003
891968,1.0
892048,1.0
892272,1.7461538314819336
892336,1.0
892672,1.0
892736,1.0
892960,1.0
893040,1.0
893088,1.0
893456,1.0
893696,1.0
893712,1.0
893824,2.760563373565674
893952,1.0
894144,1.0
894144,1.0
894592,1.0
894688,1.32876718044281
894848,1.3664121627807617
894896,1.0
895072,1.0
895152,1.3664121627807617
895184,1.0
895568,1.305343508720398
895824,1.0
895936,1.3116883039474487
896256,1.0
896800,1.0
896896,1.6060606241226196
896960,1.0
897264,1.0
897280,1.0
897680,1.0
897904,1.3769230842590332
898032,1.0
898304,1.0
898352,1.0
898352,1.0
898496,1.0
898640,1.0
898800,1.0
898896,2.123076915740967
899328,1.0
899392,1.0
899440,1.0
900000,1.307692289352417
900144,1.0
900400,1.0
900464,1.0
900464,1.0
900608,1.7175573110580444
900608,1.615384578704834
900912,1.3435114622116089
901184,1.0
901440,1.305343508720398
901504,1.0
902112,1.0
902192,1.0
902560,1.0
902864,1.0
902960,1.3082191944122314
903024,1.305343508720398
903408,1.0
903616,1.3740458488464355
904512,1.0
904624,1.0
904672,1.0
904720,1.0
904832,1.3740458488464355
904976,1.0
905072,1.0
905120,1.0
905408,1.0
905520,1.0
905728,1.0
905792,2.275362253189087
905968,1.0
906128,1.0
906304,1.0
906816,1.5970149040222168
906832,1.0
907168,1.0
907216,1.0
907264,1.0
907280,1.2797203063964844
907520,1.0
907632,1.305343508720398
907904,1.0
908064,1.0
908224,1.0
908592,1.7404580116271973
908720,1.0
908944,1.0
909216,1.305343508720398
909280,1.3664121627807617
909328,1.0
909360,1.0
909632,1.305343508720398
909728,1.3461538553237915
910176,1.0
910320,1.0
910832,1.0
911280,1.0
911392,1.9847328662872314
911440,1.0
911552,1.0
911840,1.0
912432,1.3664121627807617
912576,1.0
912800,1.0
912848,1.0
912944,1.0
913152,1.0
913584,1.0
913600,1.0
913744,1.0
913856,1.0
913952,1.0
914544,1.3664121627807617
914688,1.0
914752,1.0
915056,1.0
915200,1.0
915264,1.0
915504,1.3435114622116089
915696,1.0
915744,1.0
915776,1.0
916032,1.0
916656,1.0
916784,1.307692289352417
917152,1.0
917312,1.3435114622116089
917808,1.0
917856,1.0
917968,1.0
918016,1.2564102411270142
918144,1.0
918176,1.0
918304,1.0
918400,1.0
918768,1.0
918896,1.0
918976,1.0
919424,1.305343508720398
920000,1.0
920112,1.0
920144,1.0
920256,1.0
920416,1.3435114622116089
920464,1.0
920512,1.305343508720398
920880,1.3740458488464355
921008,1.0
921792,1.6530612707138062
921936,1.0
922224,1.0
922288,1.2758620977401733
922368,1.0
922416,1.0
922528,1.3435114622116089
922592,1.0
922672,1.0
922928,1.0
922992,1.0
923904,1.3740458488464355
924048,1.0
924080,1.0
924336,1.0
924528,1.0
924640,1.0
924704,1.0
924704,1.0
925040,1.0
925120,1.0
925312,1.0
926160,1.0
926496,1.0
926752,1.0
926816,1.7099236249923706
927136,1.0
927216,1.0
927216,1.0
927408,1.0
927696,1.0
927952,1.6351351737976074
928128,1.0
928240,1.0
928272,1.0
928304,1.0
928736,1.0
929152,1.2758620977401733
929248,1.0
929280,1.0
929520,1.610687017440796
930352,1.0
930368,1.0
930784,1.5714285373687744
930832,1.3692307472229004
931168,1.0
931264,1.0
931600,1.0
931632,1.305343508720398
931840,1.0
932176,1.0
932208,1.0
932464,1.0
932464,1.3664121627807617
932528,1.0
932832,1.305343508720398
932896,1.305343508720398
933280,1.305343508720398
933488,1.6717556715011597
933712,1.3664121627807617
933744,1.0
933952,1.0
934064,1.0
934288,1.0
934320,1.0
934576,1.0
934928,1.0784313678741455
935008,1.0
935040,2.3384616374969482
935152,1.0
935392,1.0
935472,1.0
935808,1.0
935856,1.0
936384,1.0
936432,1.0
936688,1.3435114622116089
936720,1.0
937024,1.0
937056,1.0
937104,1.6769230365753174
937136,1.6538461446762085
937264,1.6793893575668335
937424,1.6557377576828003
937504,1.0
937696,1.0
937920,1.305343508720398
938496,1.0
938800,1.0
939136,1.0
939168,1.0
939232,1.3769230842590332
939376,1.0
939616,1.0
939680,1.0
939696,1.0
939744,1.0
940000,1.0
940032,1.3435114622116089
940288,1.0
940384,1.305343508720398
940608,1.0
940944,1.0
941248,1.305343508720398
941280,1.0
941344,1.0
941728,1.0
941808,1.6793893575668335
942112,1.0
942224,1.2597402334213257
942496,1.0
942720,1.0
943008,1.0
943056,1.6488549709320068
943568,1.6769230365753174
943696,1.307692289352417
943920,1.305343508720398
944160,1.0
944224,1.0
944256,1.0
944336,1.0
944704,1.0
944816,1.0
944976,1.2597402334213257
945120,1.0
945472,1.0
945504,1.610687017440796
945680,1.305343508720398
945808,1.0
946016,1.0
946032,1.0
946336,1.0
946512,1.0
946704,1.0
946928,1.0
947088,1.324324369430542
947088,1.0
947232,1.0
947616,1.3740458488464355
947680,1.0
947904,1.307692289352417
948112,1.307692289352417
948256,1.0
948624,1.6488549709320068
948688,1.0
949200,1.0
949200,1.0
949600,1.0
949696,1.0
950112,1.0
950256,1.32876718044281
950368,1.7175573110580444
950416,1.0
950736,1.0
950800,1.3435114622116089
950928,1.7099236249923706
951312,1.0
951312,1.0
951712,1.0
951840,1.305343508720398
951904,1.6717556715011597
952224,1.0
952480,1.0
952528,1.0
952576,1.0
952848,1.0
952880,1.0
952912,1.0
953040,1.0
953600,1.0
953824,1.0
953936,1.3692307472229004
954000,1.0
954496,1.0
954576,1.0
954640,1.6488549709320068
954944,1.0
954992,1.3664121627807617
955152,1.0
955536,1.0
955712,1.305343508720398
955936,1.3664121627807617
955968,1.0
956112,1.0
956608,1.3664121627807617
956752,1.3740458488464355
956928,1.0
956976,2.2903225421905518
957088,1.0
957136,1.0
957424,1.0
957824,1.305343508720398
958160,1.0
958208,2.2878787517547607
958720,1.0
958912,1.305343508720398
959040,1.0
959088,1.0
959200,1.0
959408,1.0
959936,1.305343508720398
960144,1.0
960320,1.0
960336,1.305343508720398
960816,1.0
960976,1.305343508720398
961152,1.0
961248,1.5517241954803467
961312,1.0
961856,1.3435114622116089
962032,1.0
962384,1.0
962448,1.0
962544,1.0
962928,1.0
963088,1.0
963264,1.0
963312,1.0
963360,1.3435114622116089
963584,1.305343508720398
963632,1.0
963968,1.0
964144,1.3435114622116089
964384,1.0
964496,1.0
964528,1.305343508720398
964560,1.9847328662872314
965376,1.0
965408,1.0
965472,1.0
965488,1.0
965696,1.0
965744,1.0
965776,1.0
966592,1.0
966640,1.0
966672,1.0
967072,1.0
967488,1.7404580116271973
967520,1.0
967536,1.3435114622116089
967584,1.3740458488464355
967600,1.0
967808,1.0
968064,1.0
968528,1.0
968704,1.0
968752,1.0
968784,1.0
968944,1.3461538553237915
969600,1.0
969632,1.0
969648,1.0
969696,1.7404580116271973
969712,1.0
970000,1.0
970176,1.0
970288,1.2597402334213257
970464,1.305343508720398
970640,1.0
970848,1.3769230842590332
970896,1.9847328662872314
971056,1.0
971296,1.0
971360,1.0
971968,1.0
971968,1.0
972096,1.307692289352417
972272,1.0
972400,1.7480915784835815
972928,1.0
973008,1.0
973168,1.0
973472,1.0
973872,1.3435114622116089
974080,1.0
974176,1.3435114622116089
974384,1.0
974400,1.2797203063964844
974416,1.0
974512,1.0
975072,1.0
975104,1.0
975296,1.0
975344,1.0
975520,1.305343508720398
975664,1.0
975984,1.0
976128,1.0
976192,1.0
976624,1.0
976752,1.0
976864,1.0
977136,1.0
977216,1.3740458488464355
977520,1.0
977776,1.0
978048,1.0
978096,1.0
978416,1.0
978592,1.0
978976,1.6793893575668335
979328,1.3435114622116089
979744,1.0
979872,1.0
980000,1.0
980032,1.283687949180603
980160,1.0
980208,1.0
980704,1.305343508720398
980752,1.0
980848,1.0
980976,1.6717556715011597
981088,1.0
981360,1.3435114622116089
981840,1.0
981936,1.0
981984,1.0
982144,1.0
982320,1.0
982800,1.0
982800,1.0
982864,1.0
982960,1.0
982976,1.0
983088,1.0
983408,1.0
983840,1.0
983936,1.0
984048,1.3435114622116089
984096,1.0
984208,1.0
984256,1.3740458488464355
984432,1.0
984896,1.0
984912,1.3740458488464355
984976,1.0
985056,1.0
985088,1.0
985184,1.0
985520,1.0
985952,1.0
986032,1.0
986144,1.0
986192,1.0
986320,1.0
986368,1.0
986496,1.0
986544,1.0
987008,1.0
987024,1.0
987088,1.0
987632,1.3435114622116089
988144,1.3435114622116089
988304,1.6488549709320068
988432,1.0
988608,1.0
988800,1.2980132102966309
989136,1.0
989280,1.0
989360,1.0
989840,1.0
990544,1.0
990912,1.0
991248,1.3740458488464355
991312,1.3740458488464355
991392,1.0
991392,1.305343508720398
991888,1.0
991920,1.0
991936,1.0
992192,1.0
992480,1.0
992528,1.0
992576,1.0
992656,1.0
993008,1.0
993360,1.0
993504,1.0
993840,1.0
993920,1.0
994032,1.0
994032,1.0
994880,1.0
995280,1.0
995312,1.0
995616,1.305343508720398
995952,1.0
996016,1.0
996112,1.305343508720398
996144,1.0
996336,1.0
996592,1.0
996720,1.0
996736,1.0
996992,1.0
997376,1.0
997408,1.0
997584,1.0
997728,1.305343508720398
998048,1.0
998128,1.0
998240,1.0
998448,1.0
998624,1.2564102411270142
998704,1.0
998832,1.0
998848,1.3664121627807617
999200,1.0
999264,1.0
999472,1.0
999520,1.0
999680,1.615384578704834
999744,1.0
1000144,1.0
1000336,1.0
1000464,1.0
1000560,1.0
1000960,1.610687017440796
1001360,1.0
1001472,1.0
1001504,1.0
1001552,1.6557377576828003
1001856,1.0
1001952,1.0
1002032,1.0
1002256,1.0
1002928,1.0
1003040,1.3461538553237915
1003472,1.0
1003568,1.0
1003600,2.3492064476013184
1003616,1.0
1003664,1.0
1003888,1.0
1004144,1.3664121627807617
1005184,1.0
1005504,1.0
1005696,1.0
1005776,1.0
1005856,1.0
1005872,1.0
1006064,1.0
1006096,1.0
1006176,1.305343508720398
1006240,1.307692289352417
1006304,1.0
1006336,1.263157844543457
1006480,1.0
1007072,1.2564102411270142
1007296,1.0
1007600,1.0
1007808,1.0
1007952,1.0
1007984,1.0
1008160,1.0
1008176,1.3740458488464355
1008208,1.0
1008416,1.0
1008448,1.0
1008592,1.0
1009328,1.0
1009792,1.0
1009840,1.0
1009984,1.0
1010064,1.0
1010256,1.0
1010288,1.7404580116271973
1010320,1.0
1010512,1.0
1010576,1.0
1010704,1.0
1011008,1.0
1011824,1.0
1012096,1.0
1012192,1.0
1012272,1.0
1012352,1.0
1012384,1.0
1012624,1.3435114622116089
1012672,1.0
1012688,1.0
1013056,1.0
1013120,1.0
1013536,1.0
1013632,1.0
1013664,1.75
1014144,1.0
1014224,1.0
1014256,1.0
1014272,1.0
1014384,1.3435114622116089
1014496,1.0
1014640,1.5882352590560913
1014720,1.3057324886322021
1014736,1.0
1014768,1.0
1015168,1.3740458488464355
1015504,1.3040540218353271
1015728,1.0
1015776,1.0
1016240,1.0
1016352,1.0
1016496,1.0
1016496,1.0
1016608,1.0
1016624,1.0
1016704,1.0
1016832,1.0
1016832,1.0
1016880,1.0
1016960,1.0
1018048,1.0
1018352,1.0
1018464,1.3740458488464355
1018608,1.3664121627807617
1018704,1.0
1018736,1.0
1018944,1.0
1018944,1.0
1019408,1.0
1020160,1.0
1020336,1.0
1020448,1.0
1020720,1.0
1020800,1.0
1020864,1.0
1021056,1.0
1021104,1.0
1021168,1.305343508720398
1021280,1.2758620977401733
1021520,1.0
1021840,1.0
1022544,1.0
1022832,1.9541984796524048
1022960,1.0
1023168,1.0
1023216,1.0
1023872,1.0
1023904,1.0
1023936,1.3769230842590332
1024640,1.307692289352417
1024752,1.0
1024928,1.0
1025024,1.0
1025072,1.3664121627807617
1025088,1.3740458488464355
1025280,1.0
1025392,1.0
1025488,1.0
1025824,1.0
1025984,1.0
1026016,1.0
1026048,1.0
1026864,1.0
1027040,1.0
1027168,1.615384578704834
1027280,1.0
1027344,1.0
1027488,1.0
1027648,1.0
1027776,1.0
1027920,1.0
1028096,1.3435114622116089
1028160,1.305343508720398
1029136,1.0
1029280,1.0
1029392,1.0
1029456,1.0
1029456,1.0
1029504,1.0
1029552,1.0
1029600,1.0
1029760,1.0
1029888,1.0
1030032,1.0
1030272,1.0
1031072,1.0
1031664,1.0
1031760,1.0
1031984,1.0
1032144,1.0
1032336,1.0
1032496,1.0
1033680,1.0
1033712,1.0
1033760,1.6769230365753174
1033792,1.0
1033808,1.0
1033872,1.6793893575668335
1033904,1.0
1033936,1.0
1034240,1.0
1034752,1.0
1034784,1.0
1035856,1.0
1035888,1.6846153736114502
1036016,1.0
1036096,1.2999999523162842
1036208,1.0
1036592,1.0
1036896,1.305343508720398
1036912,1.634920597076416
1037056,1.0
1037120,1.5882352590560913
1037408,1.0
1037840,1.0
1037968,1.0
1038032,1.0
1038256,1.0
1038320,1.0
1038496,1.3223683834075928
1038992,1.3461538553237915
1038992,1.3692307472229004
1039024,1.0
1039024,1.0
1039168,1.3664121627807617
1039520,1.0
1040080,1.0
1040240,1.0
1040304,1.0
1040368,1.0
1040384,1.0
1040640,1.3435114622116089
1040672,1.32876718044281
1040912,1.0
1041632,1.3435114622116089
1042192,1.3435114622116089
1042240,1.0
1042352,1.0
1042416,1.0
1042496,1.0
1042752,1.0
1042768,1.3461538553237915
1043024,1.3740458488464355
1043200,1.0
1043232,1.3435114622116089
1043424,1.0
1044288,1.0
1044352,1.0
1044528,1.0
1044576,1.0
1044592,1.0
1044624,1.2980132102966309
1044864,1.0
1044880,1.0
1045136,1.3435114622116089
1045344,1.0
1045504,1.305343508720398
1045536,1.0
1045600,1.0
1045840,1.3740458488464355
1046400,1.0
1046464,1.0
1046576,1.0
1046640,1.305343508720398
1046688,1.0
1046704,1.3435114622116089
1046736,1.0
1046976,1.3435114622116089
1046992,1.0
1047248,1.0
1047424,1.0
1047456,1.0
1047632,1.0
1047696,1.0
1047856,1.0
1048576,1.0
1048688,1.0
1048752,1.0
1048816,1.0
1048832,1.0
1049088,1.0
1049360,1.0
1049536,1.0
1050048,1.0
1050144,1.0
1050688,1.0
1050800,1.0
1050864,1.0
1050928,1.0
1051024,1.0
1051248,1.0
1051472,1.3435114622116089
1051472,1.0
1051648,1.0
1052112,1.0
1052160,1.3435114622116089
1052432,1.0
1052976,1.0
1053280,1.3461538553237915
1053360,1.0
1053472,1.0
1053568,1.0
1053584,1.6488549709320068
1053760,1.0
1053792,1.0
1054224,1.0
1054256,1.0
1054368,1.0
1054544,1.0
1054896,1.0
1055136,1.0
1055264,1.0
1055328,1.0
1055392,1.0
1055472,1.0
1055664,1.0
1055696,1.3664121627807617
1055872,1.0
1055904,1.305343508720398
1056336,1.3435114622116089
1056368,1.0
1056480,1.0
1056656,1.0
1057008,1.0
1057248,1.0
1057376,1.3664121627807617
1057424,1.0
1057568,1.0
1057776,1.305343508720398
1057792,1.0
1057808,1.305343508720398
1057968,1.307692289352417
1058432,1.0
1058480,1.0
1058592,1.0
1058768,1.305343508720398
1059120,1.0
1059344,1.0
1059472,1.307692289352417
1059616,1.0
1059680,1.305343508720398
1059792,1.0
1059888,1.0
1059920,1.0
1060080,1.0
1060592,1.0
1060704,1.0
1060880,1.0
1061232,1.3664121627807617
1061456,1.0
1061568,1.0
1061648,1.305343508720398
1061728,1.0
1061792,1.0
1061904,1.0
1062032,1.0
1062464,1.32876718044281
1062704,1.0
1062816,1.7099236249923706
1063344,1.0
1063568,1.0
1063680,1.0
1063840,1.305343508720398
1063888,1.307692289352417
1064016,1.0
1064112,1.0
1064272,1.0
1064576,1.3664121627807617
1064928,1.0
1064960,1.0
1065040,1.0
1065376,1.3692307472229004
1065872,1.3435114622116089
1065952,1.0
1066000,1.0
1066240,1.0
1066384,1.0
1066416,1.625
1066512,1.0
1066576,1.0
1066688,1.0
1067280,1.0
1067408,1.0
1067568,1.0
1067904,1.3740458488464355
1068112,1.0
1068224,1.0
1068336,1.0
1068352,1.0
1068608,1.0
1068688,1.305343508720398
1068784,1.6241611242294312
1068800,1.0
1069488,1.0
1069680,1.0
1070016,1.0
1070224,1.0
1070288,1.0
1070336,1.634920597076416
1070448,1.0
1070464,1.0
1070896,1.0
1070896,1.0
1071600,1.0
1071632,1.0
1071680,1.3692307472229004
1072528,1.0
1072560,1.0
1072560,1.0
1072624,1.0
1072752,1.0
1072768,1.0
1072816,1.6769230365753174
1072848,1.615384578704834
1072912,1.0
1073008,1.0
1073744,1.0
1074400,1.0
1074640,1.305343508720398
1074656,1.0
1074864,1.305343508720398
1074880,1.0
1074960,1.3740458488464355
1075008,1.0
1075040,1.0
1075104,1.0
1075120,1.0
1075856,1.3435114622116089
1075904,1.0
1076016,1.2797203063964844
1076752,1.3664121627807617
1076768,1.0
1076960,1.0
1076976,1.0
1077024,1.0
1077024,1.0
1077072,1.0
1077216,1.305343508720398
1077328,1.3157894611358643
1077968,1.0
1078016,1.305343508720398
1078784,1.0
1078880,1.0
1079056,1.0
1079088,1.0
1079248,1.0
1079312,1.0
1079344,1.0
1079424,1.3221476078033447
1079424,1.307692289352417
1080080,1.0
1080128,1.0
1080128,1.3435114622116089
1080240,1.0
1080576,1.0
1080896,1.6488549709320068
1080992,1.0
1081200,1.0
1081424,1.0
1081456,1.0
1081536,1.0
1081616,1.0
1082240,1.305343508720398
1082352,1.0
1082688,1.0
1083104,1.0
1083152,1.0
1083264,1.0
1083312,1.0
1083344,1.0
1083568,1.0
1083648,1.0
1083760,1.0
1084336,1.0
1084464,1.305343508720398
1084800,1.3435114622116089
1085216,1.0
1085424,1.3435114622116089
1085616,1.0
1085680,1.3435114622116089
1085760,1.0
1086240,1.0
1086576,1.0
1086656,1.0
1086912,1.0
1087200,1.6060606241226196
1087328,1.0
1087360,1.0
1087488,1.0
1087520,1.0
1087728,1.0
1087776,1.0
1088192,1.0
1088240,1.0
1088512,1.0
1088672,1.0
1088768,1.0
1089312,1.0
1089440,1.0
1089472,1.0
1089600,1.0
1090224,1.0
1090336,1.3461538553237915
1090464,1.0
1090624,1.0
1090784,1.0
1090880,1.7404580116271973
1091136,1.6488549709320068
1091424,1.0
1091552,1.0
1091584,1.0
1091952,1.725806474685669
1092000,1.0
1092160,1.0
1092336,1.0
1092416,1.0
1092576,1.3435114622116089
1092736,1.0
1092880,1.0
1093248,1.0
1094048,1.0
1094256,1.314685344696045
1094464,1.3356643915176392
1094528,1.3435114622116089
1094656,1.6557377576828003
1094992,1.0
1095024,1.0
1095056,1.0
1095904,1.0
1096016,1.0
1096160,1.0
1096224,1.0
1096560,1.0
1096560,1.615384578704834
1096640,1.0
1096704,1.3288590908050537
1096752,1.0
1097104,1.305343508720398
1097200,1.0
1098016,1.3740458488464355
1098112,1.0
1098256,1.0
1098336,1.0
1098656,1.0
1098672,1.0
1098768,1.2684563398361206
1098784,1.0
1098816,1.0
1099216,1.0
1099232,1.3116883039474487
1099248,1.0
1099648,1.0
1100128,1.0
1100544,1.0
1100752,1.0
1100768,1.0
1100784,1.0
1100880,1.0
1100896,1.305343508720398
1100928,1.0
1101216,1.0
1101328,1.0
1101344,1.3435114622116089
1101344,1.6538461446762085
1101792,1.0
1101920,1.0
1101952,1.0
1102624,1.0
1102656,1.0
1102784,1.0
1102864,1.0
1102880,1.0
1102896,1.0
1102992,1.0
1103328,1.0
1103440,1.0
1103456,1.0
1104032,1.0
1104048,1.0
1104768,1.305343508720398
1104976,1.3435114622116089
1104992,1.0
1105184,1.0
1105232,1.0
1105456,1.0
1105472,1.0
1105568,1.0
1105792,1.0
1106144,1.0
1106160,1.0
1106864,1.0
1107088,1.0
1107296,1.0
1107408,1.0
1107520,1.0
1107584,1.0
1107616,1.0
1107680,1.0
1107888,1.0
1107968,1.0
1108128,1.0
1108512,1.0
1109200,1.0
1109312,1.0
1109392,1.307692289352417
1109584,1.0
1109616,1.0
1109664,1.305343508720398
1109728,1.0
1109984,1.0
1110240,1.0
1110320,1.0
1110624,1.0
1111088,1.0
1111312,1.3740458488464355
1111424,1.3664121627807617
1111632,1.0
1111776,1.0
1111808,1.0
1111840,1.0
1111904,1.0
1112096,1.0
1112352,1.3664121627807617
1112432,1.0
1112688,1.272108793258667
1112736,1.0
1113200,1.0
1113408,1.0
1113792,1.0
1113936,1.0
1114016,1.0
1114192,1.305343508720398
1114208,1.0
1114464,1.3435114622116089
1114784,1.0
1115312,1.0
1115776,1.3265305757522583
1115936,1.0
1115952,1.305343508720398
1116128,1.0
1116208,1.0
1116304,1.0
1116304,1.0
1116336,1.3288590908050537
1116576,1.0
1116864,1.0
1117232,1.0
1117424,1.0
1117888,1.0
1118032,1.0
1118048,1.0
1118208,1.0
1118304,1.305343508720398
1118320,1.0
1118416,1.0
1118448,1.0
1118688,1.3664121627807617
1119312,1.0
1119536,1.0
1120160,1.0
1120320,1.0
1120416,1.0
1120416,1.0
1120592,1.0
1120784,1.0
1120896,1.0
1121184,1.0
1121424,1.0
1121632,1.0
1122112,1.3435114622116089
1122256,1.0
1122432,1.0
1122528,1.0
1122624,1.0
1122640,1.0
1122688,1.0
1122816,1.0
1122992,1.307692289352417
1123008,1.0
1123152,1.3265305757522583
1123296,1.0
1123536,1.0
1123552,1.0
1123712,1.6060606241226196
1123744,1.3740458488464355
1124368,1.0
1124544,1.0
1124912,1.0
1124912,1.0
1124976,1.0
1125264,1.0
1125824,1.0
1125840,1.307692289352417
1125856,1.0
1126336,1.0
1126640,1.307692289352417
1127088,1.0
1127168,1.0
1127184,1.0
1127376,1.0
1127392,1.0
1127936,1.0
1127968,1.7099236249923706
1128448,1.3664121627807617
1128592,1.305343508720398
1128624,1.3461538553237915
1129040,1.0
1129184,1.0
1129280,1.0
1129296,1.305343508720398
1129488,1.3664121627807617
1129504,1.0
1129936,1.0
1130080,1.0
1130336,1.0
1130704,1.0
1130864,1.0
1131296,1.0
1131328,1.0
1131440,1.0
1131584,1.2816901206970215
1131584,1.0
1131600,1.0
1132048,1.0
1132176,1.0
1132176,1.0
1132432,1.0
1132976,1.0
1133408,1.0
1133504,1.0
1133552,1.0
1133696,1.0
1133712,1.305343508720398
1134160,1.3664121627807617
1134288,1.305343508720398
1134400,1.0
1134544,1.0
1134944,1.0
1135088,1.0
1135520,1.3664121627807617
1135616,1.0
1135664,1.0
1135824,1.0
1135952,1.0
1135968,1.0
1136112,1.0
1136400,1.0
1136512,1.0
1136640,1.634920597076416
1136656,1.0
1137056,1.0
1137200,1.305343508720398
1137776,1.0
1137920,1.0
1138064,1.0
1138240,1.324324369430542
1138496,1.3461538553237915
1138720,1.0
1138752,1.0
1139104,1.0
1139168,1.0
1139664,1.0
1139872,1.3769230842590332
1140064,2.2142856121063232
1140160,1.0
1140176,1.0
1140608,1.0
1140800,1.0
1141056,1.0
1141136,1.0
1141216,1.3664121627807617
1141280,1.0
1141568,1.0
1141760,1.0
1141856,1.305343508720398
1141872,1.715384602546692
1141984,1.0
1142128,1.0
1142176,1.0
1142256,1.0
1142288,1.0
1142464,1.0
1142992,1.0
1143184,1.324324369430542
1143248,1.0
1143616,1.3379310369491577
1143680,1.0
1143856,1.0
1143968,1.0
1144096,1.0
1144208,1.634920597076416
1144224,1.0
1144224,1.0
1144400,1.0
1144544,1.3265305757522583
1144576,1.0
1145088,1.0
1145280,1.0
1145344,1.0
1145728,1.0
1145792,1.0
1145968,1.0
1146208,1.3664121627807617
1146240,1.0
1146320,1.0
1146336,1.3740458488464355
1146480,1.0
1146496,1.0
1146656,1.0
1147440,1.0
1147536,1.0
1147696,1.0
1147840,1.0
1148080,1.0
1148432,1.0
1148448,1.0
1148576,1.0
1148576,1.0
1148592,1.0
1148592,1.0
1148768,1.305343508720398
1149072,1.0
1149552,1.0
1149616,1.0
1149632,1.3461538553237915
1149808,1.0
1150000,1.0
1150432,1.0
1150560,1.0
1150704,1.0
1150784,1.0
1151072,1.2597402334213257
1151488,1.0
1151520,1.75
1151744,1.0
1151808,1.0
1152048,1.0
1152192,1.5945945978164673
1152544,1.0
1152672,1.0
1152896,1.0
1153184,1.0
1153200,1.2564102411270142
1153600,1.0
1153632,1.0
1153824,1.3692307472229004
1154160,1.3435114622116089
1154224,1.305343508720398
1154288,1.0
1154656,1.0
1154912,1.0
1154992,1.0
1155280,1.0
1155312,1.0
1155920,1.0
1156000,1.0
1156336,1.0
1156400,1.0
1156768,1.0
1156896,1.0
1157024,1.615384578704834
1157104,1.0
1157392,1.0
1157424,1.0
1157744,1.0
1157856,1.0
1158032,1.0
1158112,1.0
1158128,1.0
1158512,1.0
1159008,1.0
1159136,1.0
1159360,1.305343508720398
1159504,1.0
1159504,1.0
1159520,1.0
1159840,1.0
1160144,1.0
1160240,1.0
1160496,1.0
1160544,1.0
1160624,1.0
1161120,1.0
1161232,1.6769230365753174
1161280,1.3461538553237915
1161408,1.0
1161472,1.0
1161616,1.0
1161952,1.0
1162064,1.0
1162240,1.0
1162656,1.0
1162736,1.0
1162896,1.0
1163040,1.2903225421905518
1163504,1.0
1163520,1.0
1163584,1.0
1163728,1.305343508720398
1164128,1.0
1164752,1.0
1164848,1.0
1164992,1.0
1165376,1.0
1165392,1.0
1165664,1.3435114622116089
1165824,1.0
1166160,1.0
1166448,1.3461538553237915
1166464,1.0
1166848,1.0
1167104,1.0
1167184,1.0
1167232,1.0
1167488,1.0
1167712,1.0
1167744,1.0
1167792,1.0
1168176,1.0
1168224,1.3221476078033447
1168256,1.0
1168560,1.0
1168576,1.9847328662872314
1168960,1.0
1169200,1.0
1169296,1.305343508720398
1169712,1.0
1169824,1.305343508720398
1169872,1.307692289352417
1169888,1.3461538553237915
1169952,1.2941176891326904
1170288,1.3692307472229004
1170336,1.0
1170368,1.0
1170672,1.3692307472229004
1170672,1.0
1171072,1.0
1171312,1.610687017440796
1171664,1.0
1171712,1.0
1171984,1.0
1172192,1.0
1172368,1.0
1172400,1.0
1172752,1.0
1172784,1.0
1172816,1.0
1173424,1.0
1173760,1.0
1173808,1.0
1174096,1.0
1174176,1.0
1174480,1.610687017440796
1174512,1.0
1174560,1.0
1174848,1.0
1174880,1.0
1175296,1.0
1175536,1.0
1175904,1.0
1176160,1.6488549709320068
1176192,1.6769230365753174
1176288,1.0
1176656,1.3082191944122314
1176672,1.305343508720398
1176864,1.0
1176960,1.0
1176976,1.0
1177008,1.0
1177024,1.0
1177408,1.0
1177632,1.0
1177984,1.0
1178016,1.0
1178272,1.0
1178400,1.0
1178512,1.0
1178560,1.0
1178688,1.0
1179024,1.0
1179024,1.0
1179088,1.0
1179120,1.0
1179744,1.0
1180096,1.0
1180128,1.0
1180512,1.0
1180672,1.0
1180752,1.0
1181136,1.0
1181168,1.0
1181200,1.0
1181616,1.0
1181856,1.0
1181856,1.7099236249923706
1182528,1.0
1182736,1.305343508720398
1182800,1.0
1182864,1.0
1183120,1.0
1183232,1.3769230842590332
1183360,1.0
1183728,1.0
1183952,1.0
1184368,1.6451612710952759
1184896,1.0
1184976,1.0
1185040,1.0
1185232,1.0
1185344,1.0
1185440,1.0
1185792,1.0
1186080,1.0
1186160,1.0264900922775269
1186464,1.2564102411270142
1186480,1.305343508720398
1186736,1.0
1186736,1.0
1187088,1.0
1187456,1.0
1187456,1.0
1187472,1.0
1187552,1.0
1188240,1.5970149040222168
1188256,1.0
1188352,1.0
1189104,1.0
1189104,1.0
1189120,1.0
1189200,1.0
1189552,1.0
1189568,1.0
1189856,1.0
1189968,1.0
1190352,1.0
1190608,1.0
1190704,1.0
1190736,1.3310810327529907
1191200,1.0
1191216,1.0
1191472,1.0
1191664,1.305343508720398
1191760,1.0
1191872,1.3740458488464355
1191968,1.0
1192416,1.0
1192688,1.0
1192752,1.0
1192800,1.0
1192816,1.0
1192848,1.0
1193328,1.0
1193520,1.0
1193792,1.0
1193872,1.0
1193984,1.3435114622116089
1194064,1.0
1194528,1.0
1194912,1.7404580116271973
1194928,1.0
1194944,1.0
1195040,1.0
1195136,1.0
1195168,1.0
1195424,1.0
1195632,1.0
1195648,1.0
1195680,1.0
1196096,1.0
1196176,1.0
1196240,1.0
1197024,1.0
1197040,1.0
1197040,1.0
1197152,1.0
1197232,1.3692307472229004
1197536,1.305343508720398
1197552,1.0
1197792,1.0
1197984,1.0
1198080,1.7175573110580444
1198208,1.305343508720398
1198288,1.0
1199136,1.3740458488464355
1199152,1.0
1199264,1.0
1199456,1.0
1199632,1.0
1199648,1.0
1199904,1.0
1200096,1.0
1200192,1.0
1200304,1.3692307472229004
1200384,1.0
1200464,1.0
1200864,1.0
1201248,1.0
1201264,1.305343508720398
1201360,1.0
1201568,1.0
1201728,1.0
1201760,1.0
1201952,1.0
1201984,1.0
1202016,1.0
1202208,1.0
1202304,1.0
1202560,1.0
1203248,1.3040540218353271
1203360,1.0
1203472,1.0
1203680,1.0
1203840,1.0
1204096,1.3435114622116089
1204128,1.305343508720398
1204320,1.0
1204912,1.0
1205344,1.0
1205680,1.0
1205872,1.0
1205952,1.0
1206112,1.0
1206176,1.0
1206208,1.0
1206432,1.3740458488464355
1206880,1.2614378929138184
1206960,1.0
1207456,1.3664121627807617
1207792,1.0
1207920,1.0
1207984,1.0
1208048,1.0
1208096,1.0
1208288,1.0
1208320,1.0
1208544,1.0
1208544,1.0
1208608,1.3265305757522583
1208944,1.0
1209104,1.0
1209568,1.0
1210032,1.0
1210096,1.0
1210160,1.0
1210192,1.0
1210400,1.0
1210432,1.0
1210656,1.0
1210656,1.0
1210720,1.0
1210832,1.0
1211392,1.0
1211424,1.0
1211536,1.2980132102966309
1211968,1.0
1212144,1.0
1212208,1.0
1212272,1.0
1212512,1.0
1212752,1.0
1212768,1.0
1212832,1.6488549709320068
1212896,1.0
1212944,1.0
1213344,1.0
1213504,1.0
1213632,1.0
1213728,1.0
1214256,1.0
1214400,1.0
1214848,1.0
1214880,1.3435114622116089
1214944,1.3435114622116089
1215040,1.3769230842590332
1215616,1.0
1215744,1.305343508720398
1215840,1.0
1216176,1.0
1216432,1.0
1216704,1.0
1216720,1.0
1216784,1.3310810327529907
1216960,1.0
1216992,1.0
1217120,1.0
1217152,1.0
1217552,1.0
1217856,1.0
1218016,1.0
1218240,1.5906040668487549
1218544,1.0
1218544,1.0
1218816,1.3664121627807617
1218816,1.3664121627807617
1218896,1.3435114622116089
1218992,1.0
1219168,1.0
1219168,1.3157894611358643
1219232,1.6793893575668335
1219296,1.0
1219600,1.0
1219648,1.0
1219968,1.0
1220352,1.0
1220496,1.0
1220928,1.0
1220960,1.0
1221008,1.0
1221264,1.0
1221280,1.0
1221328,1.0
1222000,1.3288590908050537
1222080,1.0
1222448,1.3692307472229004
1222608,1.0
1222768,1.0
1223040,1.0
1223040,1.0
1223072,1.0
1223104,1.0
1223424,1.3692307472229004
1223520,1.0
1223600,1.0
1223664,1.3096773624420166
1224544,1.3461538553237915
1224704,1.0
1225152,1.0
1225216,1.0
1225520,1.0
1225712,1.0
1225792,1.0
1226224,1.0
1226224,1.0
1226304,1.0
1226624,2.0
1226640,1.0
1227312,1.305343508720398
1227328,1.0
1227632,1.0
1227904,1.0
1228144,1.0
1228320,1.307692289352417
1228656,1.0
1228720,1.307692289352417
1228752,1.0
1228928,1.3664121627807617
1229376,1.0
1229408,1.3664121627807617
1229424,1.0
1229440,1.0
1229744,1.305343508720398
1229744,1.0
1230016,1.0
1230432,1.0
1230448,1.305343508720398
1230512,1.0
1230768,1.0
1230768,1.0
1230864,1.0
1231328,1.0
1231520,1.0
1231552,1.0
1231744,1.0
1231856,1.6717556715011597
1232368,1.0
1232560,1.6488549709320068
1232624,1.0
1232720,1.0
1232880,1.0
1232976,1.0
1233168,1.0
1233232,1.0
1233440,1.3664121627807617
1233584,1.0
1233856,1.3435114622116089
1234416,1.9541984796524048
1234720,1.0
1234848,1.0
1235072,1.0
1235536,1.307692289352417
1235680,1.0
1235776,1.0
1235968,1.0
1236112,1.0
1236240,1.0
1236288,1.0
1236848,1.0
1236960,1.0
1237392,1.305343508720398
1237440,1.0
1237472,1.0
1237584,1.305343508720398
1237648,1.0
1237888,1.305343508720398
1238080,1.0
1238080,1.0
1238224,1.0
1238336,1.0
1238912,1.0
1238944,1.0
1239072,1.3435114622116089
1239584,1.0
1239680,1.0
1240192,1.0
1240192,1.0
1240192,1.0
1240448,1.0
1241056,1.0
1241072,1.0
1241184,1.0
1241488,1.0
1241696,1.0
1241792,1.305343508720398
1241856,1.0
1242288,1.0
1242320,1.0
1242448,1.3664121627807617
1242624,1.0
1242816,1.0
1243168,1.0
1243296,1.9847328662872314
1243312,1.0
1243600,1.0
1243808,1.0
1243888,1.0
1244240,1.3310810327529907
1244400,1.3435114622116089
1244416,1.0
1244416,1.0
1244928,1.0
1245040,1.0
1245296,1.0
1245424,1.3740458488464355
1245648,1.0
1245920,1.0
1246224,1.0
1246528,1.6717556715011597
1246688,1.0
1246864,1.0
1247040,1.3740458488464355
1247152,1.0
1247376,1.0
1247760,1.0
1248112,1.0
1248128,1.0
1248256,1.0
1248320,1.0
1248800,1.0
1248880,1.0
1248976,1.0
1249008,1.0
1249392,1.0
1249472,1.0
1249504,1.3461538553237915
1249872,1.0
1250016,1.0
1250224,1.6488549709320068
1250240,1.0
1250416,1.0
1250976,1.0
1251120,1.3664121627807617
1251472,1.0
1251616,1.0
1251664,1.0
1251760,1.0
1251952,1.0
1251984,1.0
1252000,1.0
1252128,1.305343508720398
1252320,1.0
1252512,1.0
1252752,1.0
1252864,1.0
1253072,1.3769230842590332
1253200,1.0
1253232,1.305343508720398
1253344,1.305343508720398
1253760,1.0
1253872,1.0
1254064,1.3664121627807617
1254096,1.0
1254112,1.0
1254240,1.0
1254864,1.0
1255168,1.0
1255216,1.0
1255312,1.0
1255456,1.0
1256160,1.0
1256208,1.3435114622116089
1256224,2.389312982559204
1256352,1.0
1256544,1.305343508720398
1256720,1.0
1256976,1.0
1257280,1.0
1257440,1.0
1257568,1.305343508720398
1258128,1.0
1258128,1.3664121627807617
1258320,1.0
1258336,1.0
1258832,1.0
1258912,1.0
1259072,1.0
1259392,1.0
1259408,1.0
1259600,1.3404254913330078
1259680,1.0
1260240,1.0
1260432,1.6488549709320068
1260560,1.6488549709320068
1260656,1.0
1260736,1.0
1260896,1.0
1261024,1.0
1261504,1.0
1261664,1.0
1261792,1.0
1261904,1.0
1262352,1.0
1262352,1.0
1262496,1.0
1262672,1.0
1263056,1.0
1263136,1.0
1263280,1.0
1263344,1.0
1263456,1.3435114622116089
1263616,1.0
1263776,1.0
1264016,1.0
1264464,1.3664121627807617
1264608,1.0
1264736,1.0
1264992,1.0
1265104,1.0
1265168,1.0
1265424,1.0
1265456,1.0
1265840,1.0
1265888,1.0
1265904,1.0
1265920,1.0
1266016,1.0
1266128,1.305343508720398
1266576,1.0
1266720,1.3435114622116089
1266848,1.0
1267104,1.305343508720398
1267216,1.0
1267264,1.0
1267680,1.0
1267728,1.0
1267872,1.0
1267936,1.0
1268000,1.3435114622116089
1268016,1.0
1268032,1.3664121627807617
1268128,1.6793893575668335
1268464,1.0
1268672,1.0
1268960,1.0
1269216,1.0
1269328,1.0
1269376,1.0
1269664,1.0
1269792,1.0
1269984,1.0
1270080,1.3082191944122314
1270112,1.0
1270400,1.0
1270512,1.0
1270576,1.0
1271104,1.2649006843566895
1271488,1.3435114622116089
1271776,1.0
1272096,1.0
1272192,1.3221476078033447
1272224,1.0
1272400,1.0
1272512,1.0
1272624,1.3435114622116089
1272688,1.0
1272704,1.0
1273056,1.6488549709320068
1273216,1.305343508720398
1273392,1.307692289352417
1273440,1.0
1273776,1.0
1274304,1.0
1274304,1.0
1274336,1.0
1274512,1.7099236249923706
1274736,1.305343508720398
1274816,1.0
1275536,1.0
1275552,1.0
1275712,1.0
1275712,1.0
1275968,1.0
1276416,1.3664121627807617
1276416,1.0
1276624,1.0
1276736,1.0
1276848,1.0
1276928,1.0
1277648,1.0
1277664,1.0
1277824,1.0
1277824,1.0
1278256,1.0
1278528,1.0
1278544,1.615384578704834
1278736,1.0
1278848,1.0
1278944,1.0
1278992,1.0
1279040,1.0
1279552,1.0
1279776,1.0
1280096,1.0
1280352,1.0
1280992,1.0
1281056,1.0
1281056,1.0
1281104,1.0
1281152,1.0
1282048,1.0
1282208,1.0
1282464,1.0
1282608,1.0
1282736,1.0
1282912,1.0
1283104,1.0
1283168,1.305343508720398
1283216,1.0
1283584,1.0264900922775269
1283760,1.0
1284160,1.0
1284288,1.307692289352417
1284320,1.0
1284496,1.0
1284576,1.0
1285024,1.0
1285056,1.3461538553237915
1285264,1.0
1285264,1.0
1285328,1.0
1285696,1.0
1286400,1.0
1286592,1.307692289352417
1286688,1.3664121627807617
1286720,1.3221476078033447
1286816,1.0
1286960,1.0
1287376,1.3664121627807617
1287376,1.0
1287440,1.3435114622116089
1287472,1.0
1287648,1.0
1287808,1.0
1287984,1.0
1288384,1.0
1288512,1.0
1288704,1.0
1288816,1.0
1288912,1.0
1289056,1.0
1289488,1.0
1289552,1.305343508720398
1289728,1.0
1289760,1.3435114622116089
1289920,1.0
1289984,1.0
1290096,1.0
1290496,1.0
1290816,1.0
1290848,1.0
1290928,1.0
1291152,1.0
1291648,1.0
1292032,1.0
1292240,1.0
1292928,1.0
1293040,1.0
1293328,1.3664121627807617
1293392,1.3061224222183228
1293472,1.0
1293504,1.0
1293760,1.0
1293968,1.0
1294032,1.0
1294128,1.0
1294208,1.0
1294464,1.0
1294976,1.0
1295024,1.0
1295072,1.0
1295424,1.0
1295504,1.0
1295504,1.0
1295568,1.0
1295616,1.0
1295856,1.0
1296240,1.0
1296560,1.0
1296592,1.3310810327529907
1297136,1.0
1297472,1.0
1297616,1.0
1297920,1.0
1298192,1.0
1298256,1.3435114622116089
1298592,1.0
1298704,1.0
1298864,1.0
1298896,1.6538461446762085
1298992,1.0
1299200,1.0
1299632,1.0
1299712,1.615384578704834
1299840,1.0
1300080,1.0
1300128,1.6987179517745972
1300304,1.0
1300688,1.3461538553237915
1300976,1.305343508720398
1300992,1.0
1301312,1.0
1301744,1.305343508720398
1302240,1.0
1302416,1.0
1302432,1.0
1302784,1.0
1303088,1.0
1303424,1.3664121627807617
1303520,1.0
1303728,1.0
1303856,1.0
1303968,1.732824444770813
1304320,1.0
1304528,1.0
1304544,1.3435114622116089
1304560,1.0
1304896,1.3664121627807617
1305440,1.0
1305616,1.0
1305968,1.0
1306064,1.0
1306176,1.0
1306368,1.0
1306624,1.0
1306640,1.0
1307040,1.0
1307360,1.0
1307552,1.0
1307648,1.305343508720398
1307728,1.0
1308080,1.0
1308176,1.0
1308480,1.0
1309088,1.0
1309152,1.0
1309264,1.0
1309392,2.0538461208343506
1309472,1.6717556715011597
1309664,1.0
1309760,1.305343508720398
1310192,1.0
1310288,1.0
1310352,1.0
1310432,1.0
1310592,1.610687017440796
1310832,1.0
1310848,1.307692289352417
1311200,1.0
1311264,1.0
1311360,1.3769230842590332
1311504,1.0
1312464,1.0
1312480,1.307692289352417
1312544,1.0
1312704,1.305343508720398
1313184,1.0
1313296,1.0
1313360,1.0
1313456,2.4590163230895996
1313472,1.0
1313616,1.0
1313616,1.0
1313696,1.0
1313888,1.0
1313984,1.0
1314048,1.0
1314416,1.0
1314512,1.0
1314640,1.307692289352417
1314816,1.0
1315472,1.305343508720398
1315536,1.0
1315552,1.0
1315584,1.0
1315712,1.0
1315808,1.0
1316000,1.0
1316096,1.3664121627807617
1316528,1.0
1316544,1.3096773624420166
1316752,1.3435114622116089
1317568,1.0
1317664,1.0
1317824,1.0
1317920,1.0
1318208,1.0
1318496,1.2580645084381104
1318656,1.0
1318720,1.0
1318784,1.0
1318800,1.3664121627807617
1318864,1.0
1319600,1.0
1319664,1.0
1319776,1.0
1319808,1.0
1320016,1.0
1320320,1.0
1320608,1.0
1320768,1.0
1320832,1.0
1320896,1.0
1321120,1.0
1321200,1.0
1321776,1.305343508720398
1321872,1.6538461446762085
1321920,1.0
1321984,1.0
1322048,1.3435114622116089
1322144,1.0
1322880,1.0
1323312,1.0
1323728,1.0
1323824,1.0
1323888,1.0
1324016,1.0
1324080,1.0
1324256,1.0
1324544,1.0
1324832,1.0
1324992,1.305343508720398
1325040,1.0
1325344,1.0
1325392,1.0
1325424,1.0
1325936,1.0
1326096,1.0
1326112,1.0
1326192,1.0
1326272,1.0
1326368,1.0
1326592,1.0
1326640,1.0
1326944,1.0
1327136,1.0
1327456,1.0
1327504,1.3740458488464355
1327952,1.0
1328208,1.0
1328304,1.0
1328304,1.0
1328608,1.0
1328688,1.0
1328752,1.0
1329040,1.3461538553237915
1329248,1.0
1329504,1.0
1329568,1.0
1329632,1.0
1329856,1.0
1330048,1.0
1330304,1.3461538553237915
1330416,1.0
1330624,1.0
1330864,1.0
1331120,1.0
1331152,1.0
1331344,1.0
1332064,1.0
1332160,1.0
1332528,1.0
1332624,1.0
1332736,1.0
1332800,1.0
1332864,1.0
1333456,1.0
1333520,1.0
1333728,1.0
1334256,1.0
1334368,1.0
1334384,1.0
1334640,1.0
1334736,1.0
1334848,1.0
1334912,1.0
1334976,1.0
1335360,1.0
1335568,1.6488549709320068
1335616,1.0
1335840,1.0
1335856,1.0
1336352,1.0
1336496,1.0
1336704,1.0
1336752,1.305343508720398
1337216,1.0
1337376,1.0
1337488,1.0
1337840,1.0
1337952,1.3740458488464355
1337968,1.305343508720398
1338016,1.0
1338032,1.0
1338448,1.3435114622116089
1338464,1.0
1338480,1.0
1338864,1.0
1339216,1.0
1339488,1.0
1339568,1.32876718044281
1339952,1.0
1340064,1.0
1340128,1.0
1340560,1.6846153736114502
1340560,1.0
1340592,1.0
1340976,1.0
1341008,1.0
1341600,1.0
1341664,1.0
1341680,1.0
1341712,1.0
1342144,1.0
1342240,1.0
1342544,1.0
1342592,1.0
1342704,1.0
1342960,1.0
1343024,1.0
1343120,1.3664121627807617
1343456,1.0
1343776,1.0
1343968,1.0
1344256,1.0
1344288,1.0
1344352,1.0
1344352,1.3740458488464355
1344656,1.0
1344704,1.0
1344816,1.0
1345056,1.0
1345136,1.0
1345232,1.0
1345888,1.0
1345920,1.0
1346080,1.0
1346128,1.0
1346464,1.0
1346576,1.0
1346800,1.0
1346816,1.0
1346912,1.0
1347088,1.0
1347168,1.0
1347728,1.3096773624420166
1347872,1.0
1348240,1.0
1348256,1.0
1348576,1.0
1348688,1.0
1348928,1.305343508720398
1348960,1.0
1349024,1.0
1349280,1.0
1349280,1.0
1349648,1.0
1349984,1.0
1350080,1.2941176891326904
1350144,1.0
1350352,1.0
1350368,1.0
1350688,1.0
1351040,1.0
1351120,1.0
1351280,1.0
1351312,1.0
1351376,1.0
1351760,1.0
1351920,1.0
1352176,1.0
1352256,1.305343508720398
1352480,1.0
1352864,1.0
1353136,1.0
1353216,1.0
1353424,1.0
1353504,1.0
1353872,1.0
1354016,1.0
1354208,1.0
1354288,1.0
1354368,1.0
1354880,1.0
1355248,1.0
1355264,1.0
1355504,1.3435114622116089
1355536,1.0
1355696,1.0
1355904,1.0
1355984,1.0
1356128,1.6793893575668335
1356304,1.0
1356992,1.0
1357344,1.0
1357376,1.0
1357376,1.0
1357616,1.0
1357648,1.0
1357792,1.0
1357856,1.0
1357952,1.307692289352417
1358096,1.3664121627807617
1358240,1.0
1358304,1.0
1358512,1.0
1358592,1.0
1358992,1.0
1359472,1.0
1359728,1.7480915784835815
1359904,1.0
1360064,1.0
1360176,1.0
1360208,1.0
1360400,1.0
1360528,1.3664121627807617
1360624,1.0
1360704,1.0
1361104,1.0
1361344,2.3934426307678223
1361600,1.0
1361840,1.0
1361872,1.0
1362176,1.0
1362368,1.0
1362512,1.0
1362640,1.0
1362816,1.0
1363376,1.0
1363568,1.0
1363712,1.0
1363952,1.7175573110580444
1363984,1.0
1363984,1.0
1364288,1.0
1364464,1.0
1364928,1.0
1365488,1.0
1365568,1.0
1365584,1.6846153736114502
1365760,1.307692289352417
1365824,1.0
1366064,1.0
1366384,1.3288590908050537
1366768,1.0
1366848,1.0
1366912,1.0
1366928,1.0
1367024,1.5056179761886597
1367200,1.0
1367232,1.0
1367600,1.3435114622116089
1367680,1.0
1368176,1.305343508720398
1368336,1.0
1368496,1.0
1368496,1.0
1369040,1.0
1369184,1.0
1369392,1.0
1369408,1.0
1369616,1.0
1369792,1.0
1370064,1.0
1370096,1.0
1370288,1.0
1370448,1.0
1371056,1.307692289352417
1371152,1.0
1371280,1.0
1371504,1.0
1371520,1.0
1371888,1.0
1372064,1.0
1372176,1.0
1372704,1.2684563398361206
1373168,1.0
1373248,1.0
1373616,1.0
1373984,1.3769230842590332
1374176,1.0
1374192,1.0
1374320,1.0
1374624,1.0
1374816,1.6488549709320068
1374816,1.0
1374832,1.0
1374864,1.0
1375280,1.3664121627807617
1375504,1.0
1375728,1.0
1376080,1.0
1376080,1.0
1376288,1.0
1376304,1.3664121627807617
1376928,1.0
1376944,1.0
1377616,1.0
1377824,1.0
1377856,1.0
1378176,1.0
1378192,2.038167953491211
1378384,1.0
1378416,1.0
1378528,1.3769230842590332
1378832,1.0
1378880,1.0
1379024,1.0
1379040,1.0
1379296,1.0
1379376,1.0
1379408,2.41269850730896
1379488,1.0
1379584,1.305343508720398
1379936,1.0
1380288,1.0
1380304,1.305343508720398
1380640,1.0
1380944,1.0
1380992,1.0
1381136,1.0
1381488,1.0
1381600,1.0
1381696,1.0
1382032,1.0
1382064,1.0
1382400,1.0
1382880,1.2739726305007935
1383088,1.0
1383088,1.0
1383600,1.0
1383600,1.0
1383808,1.0
1384144,1.0
1384176,1.0
1384512,1.0
1384992,1.0
1385168,1.0
1385200,1.0
1385328,1.0
1385616,1.305343508720398
1385712,1.0
1385712,1.0
1385808,1.0
1386288,1.0
1386608,1.0
1386880,1.0
1387104,1.0
1387264,1.0
1387728,1.0
1387792,1.0
1387808,1.0
1387808,1.0
1387920,1.0
1388016,1.307692289352417
1388352,1.3664121627807617
1388384,1.0
1388720,1.0
1388992,1.0
1388992,1.0
1389216,1.0
1389376,1.0
1389616,1.0
1389920,1.0
1389920,1.0
1389920,1.0
1390032,1.3740458488464355
1390464,1.0
1390480,1.0
1390880,1.0
1391072,1.305343508720398
1391104,1.0
1391104,1.0
1391728,1.0
1391728,1.0
1391952,1.0
1392032,1.3435114622116089
1392032,1.0
1392928,1.0
1393168,1.0
1393424,1.3664121627807617
1393824,1.0
1393840,1.0
1394144,1.0
1394144,1.305343508720398
1394144,1.0
1394256,1.0
1394384,1.0
1394656,1.0
1395040,1.0
1395280,1.0
1395328,1.305343508720398
1395504,1.0
1395520,1.307692289352417
1395584,1.0
1395936,1.0
1396256,1.0
1396256,1.0
1396256,1.305343508720398
1396368,1.0
1396496,1.0
1396800,1.305343508720398
1397424,1.0
1397440,1.0
1397472,1.0
1397504,1.0
1397616,1.0
1397632,1.0
1397696,1.3435114622116089
1398048,1.0
1398368,1.0
1398368,1.0
1398432,1.0
1398464,1.0
1399120,1.305343508720398
1399488,1.0
1399584,1.0
1399600,1.0
1399728,1.0
1399776,1.0
1399808,1.0
1400032,1.0
1400160,1.0
1400528,1.0
1400576,1.0
1400720,1.3740458488464355
1401216,1.0
1401600,1.3740458488464355
1401696,1.0
1401840,1.0
1401888,1.0
1401920,1.0
1401936,1.0
1402016,1.0
1402144,1.0
1402592,1.0
1402592,1.0
1402640,1.0
1402688,1.7099236249923706
1403152,1.0
1403328,1.0
1403712,1.0
1403952,1.0
1404000,1.0
1404032,1.0
1404032,1.0
1404256,1.0
1404384,1.0
1404704,1.0
1404704,1.0
1404784,1.0
1405936,1.0
1406048,1.0
1406112,1.0
1406144,1.0
1406144,1.0
1406224,1.0
1406368,1.0
1406784,1.0
1406816,1.0
1406816,1.0
1407056,1.0
1407936,1.0
1408224,1.0
1408256,1.0
1408256,1.0
1408256,1.0
1408320,1.0
1408400,1.2739726305007935
1408480,1.3740458488464355
1408528,1.0
1408928,1.0
1409760,1.0
1409840,1.0
1410352,1.0
1410368,1.0
1410432,1.0
1410496,1.3692307472229004
1410816,1.0
1411008,1.0
1411040,1.0
1411104,1.0
1411248,1.0
1411952,1.3664121627807617
1412432,1.3664121627807617
1412544,1.0
1412608,1.0
1412928,1.0
1413040,1.0
1413088,1.0
1413152,1.0
1413360,1.0
1413488,1.0
1413984,1.0
1414544,1.0
1414720,1.0
1414832,1.0
1414880,1.0
1415040,1.3096773624420166
1415136,1.0
1415232,1.0
1415472,1.0
1415600,1.0
1415776,1.0
1416176,1.0
1416608,1.0
1416832,1.0
1416992,1.6717556715011597
1417152,1.0
1417152,1.3740458488464355
1417248,1.0
1417312,1.3435114622116089
1417568,1.0
1417664,1.0
1417712,1.0
1417888,1.0
1418208,1.0
1418272,1.0
1418768,1.0
1419088,1.0
1419248,1.0
1419360,1.0
1419680,1.0
1419744,1.0
1419776,1.0
1419824,1.0
1420384,1.0
1420496,1.0
1420832,1.0
1421168,1.3435114622116089
1421344,1.0
1421472,1.0
1421536,1.0
1421584,1.0
1421680,1.0
1421888,1.0
1421936,1.3435114622116089
1422112,1.0
1422496,1.305343508720398
1422608,1.0
1422944,1.0
1423184,1.305343508720398
1423584,1.305343508720398
1423696,1.0
1423792,1.0
1424000,1.3740458488464355
1424224,1.0
1424224,1.0
1424608,1.0
1425392,1.0
1425424,1.0
1425552,1.0
1425696,1.0
1425744,2.4045801162719727
1425808,1.3740458488464355
1426112,1.0
1426288,1.0
1426688,1.0
1426704,1.0
1427024,1.0
1427392,1.0
1427456,1.0
1427488,1.0
1427536,1.0
1427664,1.0
1427808,1.0
1427920,1.3740458488464355
1428224,1.0
1428400,1.0
1428800,1.0
1428816,1.0
1429056,1.0
1429600,1.0
1429840,1.2960525751113892
1430032,1.0
1430320,1.0
1430416,1.0
1430512,1.0
1430848,1.0
1430912,1.3664121627807617
1430912,1.0
1431248,1.0
1431680,1.0
1431952,1.0
1432016,1.305343508720398
1432144,1.0
1432448,1.0
1432528,1.3435114622116089
1432672,1.0
1432880,1.0
1433024,1.0
1433360,1.0
1433360,1.0
1433792,1.0
1434176,1.0
1434560,1.0
1434768,1.0
1434992,1.0
1435216,1.0
1435328,1.0
1435664,1.0
1435680,1.0
1436160,1.0
1436640,1.307692289352417
1436672,1.305343508720398
1436752,1.0
1436848,1.0
1437248,1.0
1437328,1.3664121627807617
1437440,1.0
1437760,1.3692307472229004
1437856,1.0
1438000,1.0
1438368,1.0
1438784,1.0
1438960,1.0
1439344,1.0
1439472,1.0
1439552,1.0
1439728,1.0
1439856,1.0
1440144,1.0
1440336,1.0
1440368,1.0
1440464,1.0
1440864,1.0
1440896,1.3435114622116089
1440976,1.0
1441072,1.0
1441104,1.0
1441248,1.0
1441456,1.0
1441568,1.3692307472229004
1441664,1.0
1442224,1.0
1442256,1.0
1442288,1.0
1442560,1.307692289352417
1442672,1.0
1442736,1.0
1442960,1.0
1443008,1.3740458488464355
1443088,1.0
1443360,1.0
1443456,1.0
1443664,1.0
1443776,1.0
1444400,1.0
1444576,1.0
1444608,1.0
1444672,1.0
1445072,1.0
1445120,1.0
1445200,1.0
1445280,1.3333333730697632
1445472,1.0
1445568,1.0
1445888,1.0
1446048,1.0
1446352,1.0
1446512,1.0
1446688,1.305343508720398
1446704,1.0
1446944,1.0
1447312,1.0
1447408,1.0
1448080,1.0
1448464,1.0
1448624,1.0
1448800,1.0
1448896,1.0
1449040,1.0
1449056,1.0
1449424,1.0
1449584,1.0
1449696,1.0
1450096,1.0
1450720,1.0
1450896,1.307692289352417
1451008,1.3740458488464355
1451152,1.3664121627807617
1451488,1.0
1451616,1.0
1451696,1.0
1451696,1.0
1451808,1.0
1451888,1.0
1451968,1.0
1452208,1.0
1452528,1.725806474685669
1452640,1.0
1452928,1.0
1453072,1.0
1453120,1.0
1453264,1.0
1453600,1.0
1453728,1.0
1453808,1.0
1453920,1.0
1453984,1.307692289352417
1454320,1.0
1454816,1.0
1455040,1.3664121627807617
1455232,1.0
1455408,1.0
1455840,1.0
1455904,1.0
1455920,1.0
1456016,1.0
1456096,1.0
1456192,1.305343508720398
1456432,1.0
1456848,1.0
1457120,1.0
1457200,2.25
1457328,1.0
1457520,1.0
1457520,1.0
1458016,1.0
1458128,1.305343508720398
1458304,1.3435114622116089
1458544,1.0
1458944,1.0
1459024,1.0
1459232,1.0
1459440,1.0
1459536,1.0
1459632,1.305343508720398
1460128,1.0
1460144,1.0
1460224,1.0
1460240,1.3740458488464355
1460384,1.0
1460416,1.0
1460656,1.0
1460736,1.0
1461040,1.0
1461344,1.0
1461536,1.0
1461648,1.305343508720398
1461728,1.0
1461744,1.0
1462240,1.3664121627807617
1462240,1.0
1462352,1.0
1462720,1.0
1462800,1.0
1462848,1.0
1463104,1.0
1463248,1.0
1463456,1.0
1463520,1.0
1463632,1.0
1463856,1.0
1464704,1.0
1464912,1.0
1465408,1.0
1465600,1.1184210777282715
1465600,1.0
1465632,1.0
1465728,1.0
1465856,1.3435114622116089
1465968,1.0
1466464,1.0
1466560,1.0
1466928,1.0
1467024,1.0
1467072,1.0
1467520,1.0
1467680,1.0
1467744,1.0
1468080,1.0
1468080,1.3664121627807617
1468576,1.0
1468912,1.0
1469184,1.0
1469328,1.0
1469632,1.3664121627807617
1469792,1.305343508720398
1469824,1.3740458488464355
1469856,1.0
1470288,1.0
1470688,1.0
1471024,1.0
1471072,1.0
1471232,1.0
1471296,1.0
1471376,1.0
1471744,1.3664121627807617
1471744,1.0
1471968,1.0
1472128,1.0
1472176,1.0
1472400,1.0
1472800,1.0
1473008,1.0
1473136,1.0
1473184,1.0
1473488,1.3435114622116089
1473664,1.0
1473696,1.0
1473776,1.7999999523162842
1473856,1.0
1474048,1.0
1474080,1.0
1474272,1.0
1474384,1.0
1474560,1.0
1475232,1.0
1475296,1.0
1475600,1.0
1475776,1.0
1475808,1.0
1475968,1.0
1476256,1.0
1476384,1.0
1476400,1.32876718044281
1476576,1.0
1476672,1.0
1477232,1.0
1477408,1.0
1477696,1.0
1478080,1.0
1478176,1.0
1478368,1.0
1478464,1.0
1478496,1.0
1478512,1.0
1478624,1.0
1478672,1.3769230842590332
1478720,1.6769230365753174
1478784,1.0
1478976,1.0
1479568,1.0
1479664,1.0
1479808,1.0
1480192,1.0
1480288,1.0
1480544,1.3061224222183228
1480576,1.0
1480608,1.0
1480736,1.0
1480784,1.0
1480880,1.0
1481136,1.0
1481920,1.0
1482448,1.0
1482592,1.0
1482656,1.0
1482720,1.0
1482736,1.0
1482896,1.0
1482992,1.0
1483040,1.0
1483472,1.0
1483520,1.0
1483680,1.634920597076416
1483792,1.0
1484368,1.0
1484512,1.0
1484704,1.0
1484800,1.0
1484832,1.0
1484848,1.0
1484992,1.0
1485088,1.0
1485152,1.0
1485584,1.305343508720398
1485632,1.0
1485904,1.0
1486000,1.0
1486480,1.0
1486624,1.0
1486816,1.305343508720398
1486944,1.0
1487040,1.0
1487200,1.0
1487200,1.0
1487264,1.0
1487296,1.3356643915176392
1487696,1.0
1487744,1.0
1487936,1.0
1488592,1.0
1488928,1.0
1489008,1.0
1489056,1.0
1489312,1.0
1489312,1.0
1489312,1.0
1489376,1.0
1489408,1.0
1490160,1.0
1490208,1.3664121627807617
1490752,1.0
1490944,1.0
1491120,1.0
1491168,1.0
1491232,1.0
1491408,1.0
1491424,1.0
1491424,1.0
1491504,1.0
1491776,1.0
1491904,1.0
1492144,1.0
1492320,1.0
1492560,1.0
1492864,1.0
1493056,1.0
1493136,1.0
1493232,1.6717556715011597
1493280,1.0
1493520,1.0
1493536,1.0
1493568,1.0
1493888,1.6488549709320068
1494016,1.0
1494240,1.0
1494256,2.222222328186035
1494672,1.0
1495392,1.0
1495632,1.0
1495680,1.3740458488464355
1495712,1.0
1495984,1.0
1496016,1.0
1496368,1.0
1496896,1.0
1497280,1.0
1497504,1.0
1497712,1.2597402334213257
1497824,1.0
1498080,1.0
1498096,1.6488549709320068
1498096,1.0
1498128,1.0
1498464,1.305343508720398
1498480,1.0
1498880,1.0
1499392,1.0
1499616,1.0
1499920,1.0
1500208,1.0
1500208,1.0
1500240,1.305343508720398
1500272,1.0
1500352,1.0
1500576,1.0
1500592,1.0
1500992,1.0
1501120,1.7404580116271973
1501296,1.0
1501856,1.2614378929138184
1502224,1.0
1502320,1.0
1502352,1.0
1502448,1.0
1502512,1.0
1502688,1.305343508720398
1502704,1.305343508720398
1503232,1.0
1503408,1.615384578704834
1503568,1.0
1503968,1.3435114622116089
1504000,1.0
1504144,1.0
1504272,1.0
1504416,1.0
1504432,1.0
1504496,1.0
1504560,1.0
1504640,1.0
1504800,1.0
1505328,1.0
1505504,1.0
1505680,1.3664121627807617
1506352,1.0
1506384,1.3740458488464355
1506432,1.0
1506544,1.0
1506608,1.0
1506912,1.0
1506928,1.0
1507072,1.0
1507328,1.0
1507440,1.0
1507616,1.0
1507776,1.0
1508464,1.0
1508480,1.0
1508544,1.0
1508656,1.610687017440796
1508832,1.3221476078033447
1509536,1.0
1509552,1.0
1509728,1.0
1509888,1.0
1510576,1.0
1510592,1.0
1510656,1.0
1510768,1.305343508720398
1510816,1.0
1510944,1.0
1511360,1.0
1511424,1.0
1511840,1.0
1511952,1.0
1512000,1.0
1512688,1.0
1512768,1.0
1512864,1.0
1513216,1.0
1513312,1.3265305757522583
1513488,1.0
1513520,1.0
1513696,1.0
1514064,1.3435114622116089
1514288,1.0
1514800,1.0
1514800,1.0
1514976,1.0
1515312,1.0
1515328,1.0
1515408,1.0
1515440,1.0
1515824,1.0
1515888,1.0
1516096,1.0
1516224,1.0
1516416,1.0
1516896,1.3692307472229004
1516912,1.0
1517280,1.0
1517424,1.0
1517520,1.0
1517888,1.0
1517936,1.0
1518000,1.0
1518208,1.0
1518336,1.0
1518496,1.0
1518784,1.0
1519008,1.0
1519024,1.0
1519184,1.3435114622116089
1519344,1.0
1519680,1.0
1519952,1.0
1520032,1.2777777910232544
1520048,1.0
1520112,1.3740458488464355
1520448,1.7099236249923706
1520608,1.0
1521120,1.0
1521136,1.0
1521216,1.3178807497024536
1521296,1.0
1521632,1.0
1522144,1.0
1522160,1.0
1522560,1.0
1522608,1.0
1523232,1.0
1523328,1.0
1523392,1.0
1523536,1.3221476078033447
1523552,1.0
1523744,1.0
1523856,1.0
1523904,1.0
1523904,1.0
1524160,1.0
1524720,1.0
1524912,1.0
1525120,1.2684563398361206
1525344,1.0
1525504,1.0
1525648,1.3664121627807617
1525664,1.0
1525968,1.0
1526000,1.307692289352417
1526016,1.0
1526112,1.6557377576828003
1526368,1.0
1526768,1.0
1526832,1.305343508720398
1526832,1.0
1526896,1.0
1527008,1.0
1527456,1.0
1527552,1.0
1527616,1.305343508720398
1527776,1.0
1528112,1.0
1528128,1.0
1528224,1.0
1528384,1.0
1528880,1.0
1528944,1.3664121627807617
1529008,1.0
1529088,1.0
1529120,1.0
1529728,1.0
1530320,1.0
1530496,1.0
1530560,1.0
1530976,1.307692289352417
1531232,1.0
1531360,1.0
1531648,1.0
1531776,1.0
1531840,1.0
1532336,1.0
1532608,1.0
1532672,1.0
1532848,1.0
1532960,1.0
1533072,1.0
1533152,1.0
1533152,1.0
1533312,1.305343508720398
1533344,1.0
1533472,1.0
1533872,1.0
1533952,1.0
1534448,1.0
1534704,1.0
1534736,1.0
1534784,1.0
1535184,1.0
1535264,1.0
1535296,1.0
1535424,1.0
1535456,1.0
1535632,1.0
1535760,1.0
1535984,1.0
1536064,1.0
1536544,1.0
1536800,1.0
1536848,1.305343508720398
1537296,1.0
1537488,1.0
1537536,1.305343508720398
1537568,1.0
1537696,1.0
1537840,1.0
1537872,1.305343508720398
1537984,1.0
1538176,1.0
1538656,1.0
1538960,1.0
1539200,1.0
1539392,1.0
1539488,1.0
1539600,1.0
1539648,1.0
1539792,1.0
1539984,1.0
1540064,1.0
1540176,1.0
1540496,1.0
1540768,1.0
1541008,1.0
1541312,1.305343508720398
1541504,1.0
1541600,1.0
1541712,1.0
1542096,1.0
1542160,1.3769230842590332
1542208,1.0
1542400,1.0
1542832,1.0
1543408,1.0
1543424,1.0
1543600,1.0
1543888,1.0
1543952,1.0
1543968,1.0
1544112,1.0
1544192,1.0
1544272,1.0
1544400,1.0
1544752,1.0
1544928,1.0
1544992,1.0
1545312,1.0
1545520,1.0
1545536,1.0
1545712,1.0
1546000,1.0
1546000,1.0
1546064,1.3435114622116089
1546224,1.0
1546304,1.0
1546368,1.0
1546432,1.0
1547632,1.0
1547648,1.0
1547760,1.0
1548064,1.0
1548096,1.0
1548112,1.0
1548176,1.0
1548192,1.0
1548336,1.0
1548464,1.0
1548624,1.3740458488464355
1548848,1.0
1548976,1.0
1549152,1.0
1549744,1.0
1549760,1.0
1549872,1.0
1550176,1.0
1550208,1.0
1550224,1.0
1550288,1.0
1550304,1.0
1550528,1.0
1550576,1.3435114622116089
1550720,1.0
1551088,1.0
1551264,1.0
1551328,1.0
1551856,1.0
1552400,1.0
1552544,1.0
1552560,1.2739726305007935
1552624,1.0
1552832,1.0
1552928,1.0
1553072,1.3664121627807617
1553200,1.0
1553376,1.0
1553968,1.0
1553984,1.0
1554336,1.0
1554368,1.0
1555008,1.0
1555040,1.0
1555184,1.0
1555312,1.0
1555888,1.0
1556080,1.3740458488464355
1556480,1.0
1556624,1.0
1556640,1.0
1556848,1.0
1556864,1.0
1557120,1.0
1557152,1.3664121627807617
1557488,1.0
1557712,1.0
1557872,1.0
1558192,1.0
1558208,1.3435114622116089
1558592,1.0
1558720,1.0
1558912,1.0
1558960,1.305343508720398
1559248,1.0
1559984,1.0
1560640,1.625
1560832,1.0
1560864,1.0
1561056,1.0
1561088,1.0
1561168,1.0
1561360,1.0
1561536,1.305343508720398
1561920,1.0
1562416,1.3769230842590332
1562752,1.0
1562752,1.0
1563088,1.0
1563120,1.0
1563136,1.0
1563184,1.0
1563280,1.0
1563472,1.0
1563648,1.0
1563872,1.31210196018219
1564032,1.0
1564208,1.3740458488464355
1564528,1.0
1564864,1.0
1564864,1.0
1565232,1.0
1565280,1.3435114622116089
1565296,1.0
1565392,1.0
1566144,1.0
1566208,1.0
1566320,1.0
1566640,1.0
1566960,1.0
1566960,1.307692289352417
1567024,1.0
1567200,1.0
1567344,1.0
1567360,1.0
1567408,1.0
1567504,1.0
1567600,1.0
1568208,1.305343508720398
1568224,1.0
1568320,1.0
1568448,1.0
1568736,1.0
1568752,1.0
1569072,1.0
1569312,1.3664121627807617
1569456,1.0
1569504,1.0
1569520,1.3740458488464355
1569616,1.0
1569696,1.0
1569776,1.0
1570336,1.0
1570432,1.0
1570848,1.0
1571152,1.0
1571184,1.0
1571424,1.0
1571440,1.0
1571568,1.0
1571616,1.0
1571712,1.715384602546692
1571888,1.0
1571888,1.0
1571904,1.0
1572448,1.0
1572544,1.305343508720398
1572672,1.0
1572832,1.0
1572960,1.0
1573264,1.0
1573296,1.0
1573552,1.0
1573904,1.0
1574000,1.305343508720398
1574016,1.0
1574176,1.0
1574560,1.3740458488464355
1574656,1.0
1574768,1.0
1574928,1.0
1575072,1.0
1575392,1.0
1575648,1.0
1576080,1.0
1576112,1.0
1576112,1.0
1576128,1.0
1576480,1.0
1576512,1.0
1576768,1.305343508720398
1577040,1.305343508720398
1577104,1.0
1577488,1.6488549709320068
1577504,1.0
1577744,1.0
1577760,1.0
1578128,1.0
1578192,1.0
1578224,1.0
1578240,1.0
1578592,1.0
1578624,1.0
1578768,2.0307693481445312
1579072,1.0
1579216,1.0
1579616,1.305343508720398
1579856,1.0
1579872,1.0
1580624,1.0
1580624,1.0
1580928,1.0
1580944,1.0
1581312,1.0
1581696,1.0
1581904,1.0
1581968,1.0
1582608,1.0
1582608,1.0
1582736,1.3435114622116089
1582976,1.602739691734314
1582976,1.0
1583056,1.0
1583296,1.0
1583824,1.2564102411270142
1584016,1.0
1584080,1.0
1584080,1.0
1584080,1.0
1584720,1.0
1584720,1.0
1584848,1.0
1585088,1.0
1585168,1.0
1585328,1.0
1585408,1.0
1585456,1.0
1585904,1.0
1586176,1.3461538553237915
1586192,1.0
1586672,1.0
1586832,1.0
1586832,1.305343508720398
1586944,1.0
1587200,1.0
1587232,1.0
1587568,1.0
1587632,1.0
1588016,1.0
1588224,1.0
1588288,1.0
1588288,1.3461538553237915
1588336,1.0
1588512,1.0
1588768,1.0
1589040,1.3769230842590332
1589232,1.0
1589296,1.0
1589632,1.0
1589680,1.0
1589712,1.0
1589744,1.0
1590336,1.0
1590400,1.3435114622116089
1590448,1.0
1590608,1.307692289352417
1590720,1.0
1590880,1.7175573110580444
1591040,1.3435114622116089
1591152,1.7480915784835815
1591344,1.0
1591408,1.0
1591504,1.0
1591792,1.0
1591824,1.0
1591856,1.0
1591984,1.3082191944122314
1592240,1.0
1592448,1.0
1592560,1.0
1592720,1.0
1592832,1.0
1592976,1.0
1593440,1.0
1593472,1.0
1593472,1.0
1593504,1.0
1593808,1.0
1593968,1.0
1594064,1.0
1594240,1.3266667127609253
1594416,1.0
1594560,1.0
1594688,1.0
1594960,1.0
1595088,1.0
1595120,1.0
1595216,1.2702702283859253
1595568,1.0
1595584,1.0
1595952,1.0
1596176,1.0
1596528,1.0
1596656,1.0
1596672,1.0
1596944,1.0
1597136,1.0
1597200,1.0
1597328,1.0
1597696,1.0
1598064,1.0
1598192,1.0
1598384,1.0
1598464,1.0
1598752,1.0
1599040,1.0
1599056,1.0
1599184,1.0
1599312,1.0
1599440,1.0
1599808,1.0
1600144,1.0
1600176,1.0
1600304,1.0
1600496,1.0
1600560,1.0
1600752,1.0
1600864,1.0
1601152,1.0
1601296,1.0
1601360,1.0
1601856,1.0
1601920,1.0
1601952,1.0
1602080,1.0
1602240,1.0
1602288,1.0
1602672,1.0
1602864,1.0
1602960,1.0
1603264,1.0
1603552,1.0
1603760,1.0
1603792,1.0
1604032,1.0
1604064,1.0
1604400,1.305343508720398
1604528,1.0
1604640,1.0
1604720,1.732824444770813
1604784,1.0
1604976,1.0
1605648,1.0
1605728,1.0
1605872,1.0
1605888,1.0
1606064,1.0
1606176,1.0
1606304,1.0
1606512,1.0
1606640,1.0
1606880,1.0
1607168,1.0
1607328,1.0
1607968,1.0
1608080,1.0
1608160,1.0
1608256,1.0
1608608,1.0
1608656,1.103896141052246
1608736,1.0
1608848,1.0
1608928,1.0
1608992,1.305343508720398
1609280,1.0
1609440,1.0
1610080,1.0
1610080,1.0
1610192,1.0
1610272,1.0
1610368,1.6488549709320068
1610384,1.0
1610720,1.3740458488464355
1610768,1.0
1610960,1.3740458488464355
1611088,1.0
1612176,1.0
1612272,1.0
1612384,1.3435114622116089
1612400,1.3082191944122314
1612464,1.0
1612832,1.1184210777282715
1612864,1.307692289352417
1613072,1.0
1613200,1.0
1613776,1.305343508720398
1613824,1.305343508720398
1614288,1.0
1614384,1.0
1614416,1.0
1614496,1.0
1614512,1.3664121627807617
1614976,1.0
1615184,1.0
1615312,1.0
1615856,1.305343508720398
1615936,1.0
1616400,1.0
1616512,1.0
1616576,1.0
1616608,1.3664121627807617
1616624,1.0
1616688,1.0
1617408,1.0
1617424,1.0
1617968,1.0
1618000,1.0
1618048,1.0
1618512,1.0
1618672,1.0
1618784,1.0
1618960,1.0
1619392,1.0
1619536,1.0
1620048,1.0
1620080,1.0
1620112,1.0
1620384,1.0
1620496,1.0
1620624,1.0
1620720,1.0
1620784,1.0
1620816,1.0
1620896,1.305343508720398
1621072,1.0
1621504,1.0
1621632,1.0
1622320,1.0
1622480,1.0
1622496,1.0
1622608,1.0
1622720,1.307692289352417
1622816,1.0
1622880,1.0
1623168,1.0
1623184,1.0
1623232,1.0
1623296,1.0
1623744,1.0
1623744,1.305343508720398
1624432,1.3664121627807617
1624592,1.0
1624720,1.0
1624992,1.6717556715011597
1625024,1.0
1625200,1.0
1625216,1.0
1625280,1.0
1625280,1.0
1625408,1.0
1625664,1.0
1625856,1.0
1625952,1.0
1626224,1.0
1626544,1.0
1626672,1.0
1626704,1.0
1627104,1.305343508720398
1627120,1.3221476078033447
1627136,1.0
1627312,1.0
1627328,1.0
1627392,1.0
1627392,1.0
1627504,1.0
1627776,1.0
1628064,1.0
1628336,1.0
1628784,1.0
1628816,1.0
1628880,1.0
1629216,1.0
1629216,1.0
1629248,1.0
1629424,1.305343508720398
1629440,1.0
1629488,1.0
1629504,1.3435114622116089
1629616,1.0
1630080,1.0
1630176,1.0
1630448,1.0
1631232,1.0
1631344,1.0
1631616,1.0
1631728,1.0
1631760,1.0
1631808,1.0
1631888,1.3020133972167969
1631984,1.0
1632288,1.305343508720398
1633200,1.6451612710952759
1633328,1.0
1633360,1.0
1633440,1.0
1633648,1.0
1633648,1.0
1633728,1.0
1633840,1.0
1633872,1.0
1633920,1.0
1634288,1.0
1634320,1.331034541130066
1634672,1.0
1635456,1.0
1635728,1.0
1635760,1.0
1635824,1.0
1635936,1.0
1635968,1.3692307472229004
1636048,1.3221476078033447
1636400,1.0
1636512,1.0
1636624,1.0
1636672,1.0
1636784,1.0
1637552,1.0
1637568,1.0
1637840,1.0
1638064,1.0
1638144,1.0
1638224,1.0
1638784,1.0
1638896,1.0
1639664,1.0
1639808,1.0
1639952,1.305343508720398
1639968,1.0
1640032,1.0
1640256,1.0
1640272,1.0
1640448,1.0
1640784,1.0
1640832,1.0
1641776,1.0
1641904,1.0
1642048,1.0
1642064,1.0
1642272,1.0
1642368,1.0
1642368,1.0
1642560,1.0
1642800,1.0
1642896,1.0
1643008,1.0
1643184,1.0
1643360,1.3356164693832397
1643872,1.0
1643904,1.3664121627807617
1644016,1.0
1644160,1.305343508720398
1644176,1.0
1644240,1.0
1644384,1.305343508720398
1644464,1.0
1644480,1.305343508720398
1644864,1.0
1644912,1.3664121627807617
1644992,1.0
1645008,1.0
1645120,1.0
1645456,1.307692289352417
1646288,1.0
1646288,1.0
1646352,1.0
1646608,1.0
1646864,1.0
1647104,1.0
1647232,1.3664121627807617
1647392,1.0
1647744,1.0
1648128,1.0
1648400,1.0
1648464,1.0
1648608,1.0
1648704,1.0
1648720,1.0
1648960,1.0
1649120,1.0
1649520,1.0
1649536,1.0
1649744,1.0
1649824,1.0
1649856,1.0
1650192,1.0
1650240,1.0
1650576,1.0
1650720,1.0
1650832,1.0
1651360,1.0
1651456,1.0
1651824,1.0
1651856,1.0
1651936,1.0
1651968,1.0
1652304,1.0
1652352,1.610687017440796
1652608,1.0
1652624,1.0
1652832,1.3664121627807617
1652928,1.0
1653168,1.0
1653472,1.0
1653568,1.0
1653584,1.0
1653744,1.0
1653936,1.0
1653968,1.0
1654048,1.3740458488464355
1654080,1.0
1654464,1.0
1654672,1.0
1654736,1.0
1655040,1.3740458488464355
1655280,1.0
1655696,1.0
1655856,1.0
1655888,1.0
1656048,1.0
1656048,1.3664121627807617
1656400,1.0
1656400,1.3356164693832397
1656560,1.0
1656784,1.0
1656848,1.0
1657056,1.0
1657072,1.0
1657136,1.3769230842590332
1657968,1.0
1658480,1.0
1658512,1.0
1658960,1.0
1659168,1.0
1659248,1.3435114622116089
1659488,1.0
1660064,1.0
1660112,1.0
1660256,1.0
1660576,1.0
1660592,1.0
1660608,1.3461538553237915
1660672,1.0
1660768,1.0
1661008,1.0
1661072,1.0
1661280,1.3664121627807617
1661360,1.0
1661488,1.0
1661760,1.0
1661808,1.0
1662224,1.0
1662224,1.0
1662368,1.0
1662384,1.0
1662704,1.0
1663056,1.0
1663120,1.0
1663376,1.0
1663472,1.0
1663872,1.0
1663920,1.0
1664320,1.0
1664800,1.0
1664896,1.0
1665232,1.0
1665568,1.0
1665984,1.0
1666032,1.0
1666432,1.0
1666688,1.0
1667008,1.0
1667104,1.0
1667264,1.3435114622116089
1667584,1.0
1667632,1.0
1668096,1.0
1668480,1.0
1668544,1.0
1668800,1.0
1668992,1.0
1669360,1.0
1669488,1.0
1669680,1.0
1669744,1.0
1669792,1.0
1670208,1.0
1670592,1.2580645084381104
1670592,1.0
1671104,1.0
1671152,1.0
1671280,1.2597402334213257
1671376,1.0
1671472,1.0
1671728,1.0
1671776,1.0
1671920,1.0
1672016,1.0
1672704,1.0
1672704,1.0
1673392,1.0
1673408,1.0
1673488,1.0
1673584,1.305343508720398
1673728,1.0
1673888,1.0
1674000,1.0
1674064,1.0
1674128,1.0
1674240,1.0
1674416,1.0
1674816,1.0
1675520,1.0
1675536,1.0
1675552,1.0
1675600,1.0
1675696,1.7099236249923706
1676064,1.0
1676224,1.0
1676416,1.0
1676528,1.0
1676912,1.0
1677600,1.0
1677696,1.0
1677792,1.0
1677840,1.0
1677856,1.0
1677888,1.0
1678032,1.103896141052246
1678176,1.0
1678256,1.0
1678352,1.0
1678528,1.0
1678624,1.0
1678992,1.0
1679024,1.0
1679808,1.3664121627807617
1679904,1.3740458488464355
1679952,1.0
1679968,1.305343508720398
1680000,1.0
1680144,1.0
1680288,1.0
1680432,1.305343508720398
1680576,1.0
1680736,1.0
1680976,1.0
1681136,1.0
1681424,1.0
1681920,1.0
1682064,1.0
1682112,1.0
1682240,1.0
1682384,1.0
1682528,1.0
1682672,1.0
1682848,1.0
1683216,1.0
1683520,1.0
1683936,1.0
1684128,1.0
1684224,1.0
1684352,1.0
1684640,1.0
1684768,1.0
1684960,1.0
1684960,1.0
1685200,1.305343508720398
1685328,1.3664121627807617
1685344,1.0
1686240,1.0
1686272,1.0
1686320,1.0
1686592,1.0
1686784,1.0
1686880,1.3740458488464355
1687104,1.0
1687440,1.0
1687744,1.0
1688144,1.0
1688368,1.0
1688896,1.0
1688976,1.0
1689216,1.0
1689536,1.0
1689568,1.3161290884017944
1689664,1.0
1689840,1.0
1690368,1.3664121627807617
1690464,1.0
1690544,1.0
1690592,1.0
1690816,1.0
1691008,1.0
1691296,1.305343508720398
1691312,1.0
1691616,1.0
1691680,1.0
1692464,1.0
1692576,1.0
1692960,1.0
1693184,1.0
1693200,1.0
1693792,1.0
1693872,1.0
1694240,1.0
1694560,1.3692307472229004
1694688,1.0
1695056,1.0
1695072,1.0
1695216,1.0
1695312,1.0
1695520,1.0
1695536,1.0
1695840,1.0
1695984,1.0
1696144,1.0
1696672,1.0
1696752,1.305343508720398
1697280,1.0
1697312,1.0
1697472,1.0
1697648,1.0
1698000,1.0
1698080,1.3461538553237915
1698304,1.0
1698448,1.0
1698864,1.0
1699264,1.0
1699392,1.0
1699424,1.0
1699760,1.0
1699952,1.0
1700064,1.0
1700176,1.0
1700560,1.0
1700752,1.0
1700960,1.0
1701136,1.6060606241226196
1701376,1.0
1701504,1.0
1701888,1.0
1702096,1.0
1702224,1.0
1702256,1.0
1702272,1.0
1702464,1.0
1702672,1.0
1703072,1.0
1703344,1.0
1703488,1.0
1703872,1.0
1704000,1.0
1704304,1.0
1704336,1.0
1704560,1.0
1705136,1.0
1705184,1.0
1705296,1.0
1705360,1.0
1705456,1.0
1705952,1.0
1705984,1.0
1706112,1.0
1706448,1.0
1706496,1.0
1706592,1.0
1706752,1.0
1706928,1.0
1707248,1.0
1707296,1.0
1707456,1.0
1707712,1.0
1707904,1.0
1707968,1.307692289352417
1708048,1.0
1708096,1.0
1708224,1.0
1708528,1.0
1708560,1.0
1708864,1.0
1709024,1.307692289352417
1709040,1.0
1709360,1.0
1709408,1.0
1709504,1.0
1709568,1.0
1709808,1.0
1710016,1.0
1710160,1.0
1710448,1.0
1710576,1.0
1710640,1.0
1710672,1.0
1711040,1.0
1711136,1.0
1711312,1.0
1711520,1.0
1711664,1.0
1711920,1.0
1712112,1.0
1712192,1.0
1712272,1.0
1712560,1.0
1712672,1.0
1713152,1.0
1713248,1.0
1713264,1.0
1713424,1.0
1714032,1.0
1714032,1.0
1714224,1.0
1714304,1.0
1714672,1.0
1715360,1.0
1715536,1.3435114622116089
1715744,1.0
1715856,1.0
1716144,1.0
1716336,1.0
1716416,1.0
1716448,1.0
1716496,1.0
1716896,1.0
1717072,1.0
1717360,1.0
1717472,1.0
1717648,1.0
1717840,1.0
1718096,1.0
1718176,1.0
1718256,1.0
1718256,1.3221476078033447
1718528,1.0
1718560,1.0
1718608,1.0
1718688,1.0
1719072,1.0
1719184,1.0
1719296,1.0
1719504,1.0
1719792,1.0
1720288,1.0
1720656,1.0
1721056,1.0
1721408,1.0
1721552,1.0
1722064,1.0
1722320,1.0
1722752,1.0
1722784,1.0
1723280,1.0
1723392,1.0
1723408,1.0
1723504,1.0
1723664,1.0
1724016,1.0
1724512,1.0
1724688,1.0
1724864,1.0
1724880,1.0
1725136,1.0
1725152,1.0
1725392,1.0
1725616,1.0
1725920,1.0
1726000,1.0
1726080,1.0
1726128,1.0
1726288,1.0
1726624,1.0
1726800,1.0
1726944,1.2777777910232544
1726960,1.0
1726992,1.0
1727248,1.0
1727552,1.0
1727632,1.0
1727712,1.0
1727856,1.0
1727904,1.0
1728032,1.0
1728112,1.0
1728400,1.0
1728704,1.0
1728736,1.0
1729040,1.0
1729104,1.0
1729152,1.75
1729952,1.0
1729968,1.0
1730144,1.0
1730400,1.0
1730496,1.0
1730816,1.0
1730848,1.0
1731136,1.0
1731184,1.0
1731200,1.307692289352417
1731248,1.0
1731408,1.0
1731456,1.0
1731776,1.0
1732240,1.0
1732336,1.0
1732464,1.307692289352417
1732512,1.0
1732608,1.0
1732816,1.610687017440796
1732928,1.3664121627807617
1732960,1.0
1733312,1.3435114622116089
1733520,1.0
1733568,1.0
1733616,1.0
1733632,1.0
1734128,1.0
1734352,1.0
1734448,1.0
1734576,1.0
1734624,1.0
1734720,1.0
1735040,1.0
1735360,1.0
1735360,1.0
1735728,1.0
1735744,1.0
1736448,1.3333333730697632
1736544,1.0
1736640,1.0
1736688,1.0
1736832,1.0
1737472,1.0
1737472,1.0
1737536,1.0
1737552,1.0
1737744,1.0
1737792,1.0
1737840,1.3664121627807617
1738192,1.0
1738656,1.0
1738928,1.0
1739216,1.0
1739584,1.0
1739632,1.0
1739856,1.0
1739904,1.0
1740304,1.0
1740864,1.0
1740864,1.0
1740976,1.0
1741024,1.0
1741328,1.0
1741664,1.0
1741696,1.0
1741744,1.0
1741856,1.0
1742016,1.0
1742080,1.3435114622116089
1742784,1.625
1742976,1.0
1743088,1.0
1743216,1.0
1743360,1.0
1743408,1.0
1743440,1.0
1743616,1.0
1743760,1.0
1743808,1.0
1743952,1.0
1744080,1.0
1744128,1.305343508720398
1744528,1.0
1744848,1.0
1745200,1.0
1745328,1.0
1745456,1.0
1745520,1.0
1745728,1.0
1745872,1.0
1746064,1.0
1746176,1.0
1746224,1.0
1746272,1.0
1746640,1.0
1747440,1.0
1747632,1.0
1748288,1.0
1748320,1.0
1748400,1.0
1748752,1.0
1749072,1.0
1749120,1.305343508720398
1749536,1.0
1749744,1.0
1749952,1.0
1750016,1.0
1750288,1.0
1750384,1.0
1750400,1.0
1750416,1.0
1750432,1.0
1750480,1.0
1750512,1.0
1751184,1.7099236249923706
1751600,1.0
1751632,1.0
1751840,1.0
1752064,1.0
1752496,1.0
1752592,1.0
1752624,1.305343508720398
1752736,1.0
1753296,1.0
1753296,1.0
1753856,1.0
1753936,1.0
1753968,1.3379310369491577
1754048,1.0
1754272,1.0
1754512,1.0
1754608,1.0
1754624,1.0
1754640,1.0
1754640,1.1783438920974731
1754704,1.0
1754736,1.0
1754944,1.6451612710952759
1755392,1.0
1755408,1.0
1756288,1.0
1756400,1.0
1756608,1.3692307472229004
1756720,1.0
1756736,1.0
1756816,1.0
1756960,1.0
1757056,1.0
1757488,1.0
1757520,1.0
1758080,1.0
1758176,1.0
1758400,1.0
1758720,1.0
1758768,1.0
1758832,1.307692289352417
1758864,1.0
1758928,1.0
1759248,1.0
1759600,1.0
1759824,1.0
1760288,1.0
1760752,1.0
1760880,1.0
1760912,1.0
1761040,1.0
1761184,1.0
1761232,1.0
1761264,1.0
1761712,1.0
1761728,1.0
1761936,1.0
1762304,1.0
1762400,1.0
1762848,1.0
1763024,1.0
1763152,1.0
1763280,1.0
1763328,1.0
1763504,1.0
1763664,1.0
1763712,1.0
1763824,1.0
1763840,1.0
1764032,1.0
1764400,1.0
1764512,1.0
1765104,1.0
1765120,1.0
1765152,1.0
1765200,1.32876718044281
1765216,1.3435114622116089
1765392,1.0
1765440,1.0
1765616,1.0
1765632,1.0
1765776,1.0
1765824,1.0
1766128,1.0
1766128,1.0
1766160,1.0
1766512,1.0
1767232,1.0
1767552,1.0
1767744,1.0
1768224,1.0
1768272,1.0
1768608,1.0
1768736,1.0
1769440,1.7404580116271973
1769664,1.0
1769824,1.0
1769856,1.0
1770032,1.0
1770080,1.0
1770352,1.0
1770608,1.0
1770720,1.3223683834075928
1770720,1.0
1770832,1.0
1771440,1.0
1771472,1.0
1771680,1.3435114622116089
1771728,1.0
1771888,1.0
1771936,1.0
1771952,1.0
1772720,1.0
1772944,1.0
1773536,1.0
1773792,1.0
1773840,1.0
1774048,1.3664121627807617
1774064,1.3740458488464355
1774240,1.0
1774304,1.0
1774544,1.0
1774576,1.0
1774832,1.0
1774928,1.0
1775056,1.0
1775184,1.0
1775904,1.0
1775984,1.0
1776112,1.3664121627807617
1776160,1.0
1776176,1.0
1776352,1.0
1776688,1.0
1777168,1.0
1777296,1.0
1778016,1.0
1778080,1.0
1778464,1.3664121627807617
1778528,1.0
1778624,1.0
1778768,1.0
1778800,1.0
1779056,1.0
1779152,1.0
1779872,1.0
1780128,1.0
1780160,1.0
1780192,1.0
1780320,1.0
1780352,1.0
1780560,1.0
1780640,1.0
1780656,1.0
1780864,1.0
1780896,1.0
1781040,1.0
1781376,1.0
1781520,1.0
1781984,1.0
1782432,1.305343508720398
1782464,1.0
1782544,1.0
1782544,1.0
1782672,1.0
1782672,1.0
1782976,1.0
1782992,1.0
1783264,1.0
1783488,1.0
1783616,1.0
1784096,1.0
1784544,1.0
1784640,1.0
1784656,1.0
1784784,1.0
1785088,1.0
1785104,1.0
1785248,1.0
1785472,1.0
1785584,1.0
1785728,1.0
1786656,1.0
1786752,1.0
1786896,1.0
1787024,1.0
1787200,1.0
1787360,1.0
1787600,1.3435114622116089
1787680,1.0
1787824,1.0
1788864,1.3435114622116089
1788864,1.0
1788992,1.0
1789136,1.0
1789312,1.0
1789472,1.0
1789680,1.0
1790432,1.0
1790976,1.0
1791088,1.0
1791264,1.0
1791344,1.0
1791424,1.0
1791440,1.305343508720398
1791520,1.0
1791568,1.0
1791776,1.0
1791872,1.0
1792128,1.0
1792384,1.0
1792976,1.0
1793200,1.0
1793360,1.0
1793456,1.0
1793536,1.0
1793552,1.0
1793616,1.0
1793824,1.0
1793872,1.0
1793872,1.0
1793984,1.0
1794640,1.307692289352417
1794672,1.0
1795088,1.0
1795392,1.0
1795568,1.0
1795648,1.0
1795664,1.0
1795712,1.0
1795872,1.0
1795952,1.0
1795968,1.0
1796096,1.0
1796352,1.0
1796752,1.0
1796784,1.0
1797168,1.0
1797200,1.0
1797664,1.0
1797760,1.0
1797872,1.0
1797984,1.0
1798064,1.0
1798080,1.0
1798192,1.0
1798320,1.0
1799200,1.0
1799488,1.0
1799776,1.0
1799872,1.0
1799920,1.0
1800096,1.0
1800176,1.3664121627807617
1800192,1.0
1800432,1.0
1800880,1.0
1801008,1.0
1801824,1.0
1801888,1.0
1802080,1.0
1802160,1.0
1802288,1.3435114622116089
1802640,1.0
1802704,1.0
1803280,1.0
1803344,1.0
1803408,1.0
1803904,1.0
1804000,1.0
1804144,1.0
1804192,1.0
1804256,1.0
1804304,1.0
1804400,1.3664121627807617
1804432,1.3223683834075928
1804656,1.0
1804800,1.0
1805088,1.0
1805392,1.0
1805440,1.0
1806000,1.307692289352417
1806048,1.0
1806112,1.0
1806416,1.0
1806544,1.0
1806768,1.0
1807072,1.0
1807184,1.0
1807840,1.0
1808112,1.305343508720398
1808176,1.0
1808464,1.0
1808496,1.0
1808528,1.0
1808880,1.0
1809184,1.0
1809296,1.0
1809936,1.0
1810224,1.0
1810256,1.0
1810288,1.0
1810320,1.0
1810480,1.0
1810528,1.305343508720398
1810592,1.0
1810624,1.0
1810848,1.0
1811072,1.0
1811264,1.0
1811296,1.305343508720398
1811712,1.0
1812336,1.0
1812400,1.0
1812432,1.305343508720398
1812592,1.0
1812736,1.0
1812880,1.0
1813232,1.0
1813408,1.0
1813440,1.0
1813520,1.0
1814144,1.0
1814448,1.0
1814480,1.305343508720398
1814512,1.0
1814752,1.0
1814800,1.0
1814848,1.0
1815280,1.0
1815344,1.0
1815520,1.0
1815632,1.0
1815664,1.0
1815920,1.0
1816544,1.0
1816576,1.0
1816624,1.0
1816640,1.0
1816800,1.0
1816864,1.0
1816912,1.0
1816960,1.0
1817376,1.0
1817440,1.0
1817600,1.6557377576828003
1817632,1.0
1817664,1.0
1817952,1.0
1818096,1.0
1818656,1.0
1818736,1.305343508720398
1818752,1.0
1818896,1.0
1818960,1.0
1819024,1.0
1819072,1.0
1819552,1.0
1819744,1.0
1819904,1.0
1820064,1.305343508720398
1820208,1.0
1820832,1.0
1820864,1.0
1821008,1.0
1821008,1.0
1821184,1.0
1821360,1.0
1821824,1.0
1821856,1.0
1822176,1.0
1822256,1.0
1822320,1.0
1822880,1.0
1822928,1.0
1822976,1.0
1823120,1.0
1823296,1.0
1823408,1.0
1823776,1.0
1823936,1.0
1823968,1.0
1824288,1.0
1824368,1.0
1824400,1.0
1824976,1.0
1825040,1.0
1825072,1.0
1825520,1.0
1825584,1.0
1825616,1.0
1826048,1.0
1826080,1.0
1826096,1.0
1826480,1.0
1826496,1.0
1826608,1.0
1826880,1.3664121627807617
1827088,1.0
1827152,1.0
1827184,1.3664121627807617
1827728,1.0
1828160,1.0
1828208,1.3740458488464355
1828608,1.0
1828960,1.0
1829200,1.0
1829248,1.0
1829280,1.0
1829792,1.0
1829840,1.0
1829840,1.0
1830288,1.0
1830384,1.0
1830704,1.0
1830704,1.0
1831360,1.0
1831392,1.305343508720398
1831600,1.3221476078033447
1831888,1.0
1831952,1.0
1832208,1.0
1832384,1.0
1832400,1.0
1832432,1.0
1832480,1.0
1832816,1.0
1833008,1.3426573276519775
1833184,1.0
1833504,1.0
1833712,1.0
1833872,1.2564102411270142
1833888,1.0
1834000,1.0
1834048,1.0
1834064,1.0
1834320,1.0
1834512,1.0
1834736,1.0
1834928,1.0
1835792,1.0
1835824,1.0
1836000,1.0
1836112,1.0
1836176,1.0
1836176,1.3664121627807617
1836432,1.0
1836512,1.0
1836656,1.0
1837040,1.0
1837392,1.0
1837504,1.0
1837936,1.0
1838544,1.305343508720398
1838608,1.0
1838912,1.0
1839152,1.0
1839312,1.0
1839344,1.0
1839504,1.0
1839904,1.0
1840016,1.0
1840144,1.0
1840192,1.625
1841040,1.0
1841040,1.0
1841424,1.0
1841440,1.0
1841616,1.0
1842128,1.0
1842240,1.0
1842480,1.0
1842496,1.0
1842512,1.0
1842992,1.305343508720398
1843136,1.0
1843136,1.0
1844240,1.0
1844352,1.0
1844528,1.0
1844592,1.0
1844608,1.0
1844608,1.0
1844832,1.0
1845104,1.0
1845232,1.0
1845632,1.0
1845840,1.0
1846016,1.0
1846352,1.0
1846384,1.0
1846464,1.0
1846640,1.0
1846704,1.0
1846720,1.0
1846928,1.3692307472229004
1847200,1.0
1847232,1.0
1847344,1.0
1847360,1.3664121627807617
1847744,1.0
1847936,1.0
1848464,1.0
1848496,1.0
1848816,1.0
1848832,1.0
1849040,1.0
1849040,1.0
1849120,1.0
1849456,1.0
1849632,1.0
1849760,1.0
1850048,1.0
1850576,1.0
1850608,1.0
1850688,1.0
1850944,1.0
1851152,1.0
1851152,1.0
1851200,1.3310810327529907
1851232,1.0
1851568,1.3664121627807617
1851744,1.0
1851744,1.0
1851792,1.0
1852032,1.0
1852160,1.0
1852800,1.0
1853312,1.0
1853376,1.0
1853600,1.3223683834075928
1853616,1.0
1853680,1.0
1854080,1.0
1854144,1.0
1854272,1.0
1854368,1.0
1854448,1.3435114622116089
1855424,1.0
1855488,1.0
1855712,1.0
1855776,1.0
1856176,1.0
1856256,1.305343508720398
1856304,1.0
1856368,1.0
1856384,1.0
1856528,1.0
1856560,1.0
1856928,1.0
1857024,1.0
1857072,1.0
1857472,1.0
1857520,1.0
1857600,1.0
1857824,1.0
1857888,1.0
1858368,1.0
1858416,1.0
1858496,1.0
1858640,1.0
1858672,1.0
1858848,1.0
1859040,1.0
1859136,1.0
