/home/UFAD/tcuevasmestanza/.conda/envs/racing/lib/python3.12/site-packages/tyro/_parsers.py:353: UserWarning: The field `track-seed` is annotated with type `<class 'int'>`, but the default value `None` has type `<class 'NoneType'>`. We'll try to handle this gracefully, but it may cause unexpected behavior.
  warnings.warn(message)
/home/UFAD/tcuevasmestanza/.conda/envs/racing/lib/python3.12/site-packages/tyro/_parsers.py:353: UserWarning: The field `wandb-entity` is annotated with type `<class 'str'>`, but the default value `None` has type `<class 'NoneType'>`. We'll try to handle this gracefully, but it may cause unexpected behavior.
  warnings.warn(message)
/home/UFAD/tcuevasmestanza/.conda/envs/racing/lib/python3.12/site-packages/tyro/_parsers.py:353: UserWarning: The field `target-kl` is annotated with type `<class 'float'>`, but the default value `None` has type `<class 'NoneType'>`. We'll try to handle this gracefully, but it may cause unexpected behavior.
  warnings.warn(message)
/home/UFAD/tcuevasmestanza/.conda/envs/racing/lib/python3.12/site-packages/tyro/_parsers.py:353: UserWarning: The field `resume-path` is annotated with type `<class 'str'>`, but the default value `None` has type `<class 'NoneType'>`. We'll try to handle this gracefully, but it may cause unexpected behavior.
  warnings.warn(message)
Experiment info saved → runs/adaptive_fps_track_aware_lstm/CarRacing_VarFramerate_WO_Time_Pen_fc_2.1_bud_180_04-08-14-42-01/info_settings.txt
Device: cpu
Navigation model path: experiments/navigation/CarRacing-v3__train__1__1785768450/final.pt
Env: CarRacing_VarFramerate_WO_Time_Pen  Wrapper: AdaptiveFPS_TrackAware_Wrapper
Navigation Model loaded on cpu
Navigation Model loaded on cpu
Navigation Model loaded on cpu
Navigation Model loaded on cpu
Navigation Model loaded on cpu
Navigation Model loaded on cpu
Navigation Model loaded on cpu
Navigation Model loaded on cpu
Navigation Model loaded on cpu
global_step=488 | return=22.00 | steps=61 | track=0bcfa14e6cdd29054f1afd26f969c194
global_step=520 | return=60.11 | steps=65 | track=cf980f4c9e8be1b5a16dea65756fa3f9
global_step=1048 | return=-110.63 | steps=131 | track=c01f4d991ace12d39b1f5503e5ac99df
global_step=1048 | return=-97.41 | steps=131 | track=639866c7fbca067ccc322d1d47bc491b
global_step=1048 | return=-88.00 | steps=131 | track=25a1d5c9863e0c87c8c1dc38e86ec4af
global_step=1048 | return=-95.48 | steps=131 | track=733955513caf9791203d0b5b86a192d0
global_step=1048 | return=-90.89 | steps=131 | track=d8bac67ea0d24c023e75a513eff33bbc
global_step=1208 | return=-71.28 | steps=89 | track=18ca35fc785088800249fa7a8dbf794b
global_step=1232 | return=5.24 | steps=154 | track=66ec84491282a8351a97288922a47064
global_step=1576 | return=-99.98 | steps=131 | track=7100ff97b5f5247f7ee8819dfce74810
global_step=1624 | return=41.09 | steps=71 | track=b27ef0c4b057ef02dbb9db2e1e925b8d
global_step=2104 | return=-104.36 | steps=131 | track=a1a1b01dc86f6fa75254c5e63c4ce719
global_step=2104 | return=-106.28 | steps=131 | track=e362d9da278d4b87540f8fd78948696f
global_step=2104 | return=-89.63 | steps=131 | track=171826a0677ca62edcb28a99cca42aab
global_step=2104 | return=-102.02 | steps=131 | track=2076f0bfd1e717f6367084187b35bc78
global_step=2136 | return=34.60 | steps=63 | track=85b306e8f8b937a5b7ef32d9cc70256b
global_step=2264 | return=-94.26 | steps=131 | track=5a3a81451ee8691d5b7189273dc0b712
global_step=2296 | return=-52.22 | steps=132 | track=909f544652f455430b011c11d37deb86
global_step=2704 | return=-40.32 | steps=140 | track=a461aee86929cb9913c85f4673499f4d
global_step=3048 | return=-66.08 | steps=117 | track=f3fa077f5f419be400f3bc9d701532c7
global_step=3160 | return=-108.81 | steps=131 | track=af890b3c11dbd9b8c2255d9a1d9d0a47
global_step=3160 | return=-98.65 | steps=131 | track=171d4524e764c3da69573ee1f18c5efd
global_step=3192 | return=-78.38 | steps=131 | track=a379de41b538f634024c925fad370f1c
global_step=3320 | return=-81.26 | steps=131 | track=00f6a697361f900cc8a5d8ac43e0d740
global_step=3352 | return=-87.08 | steps=131 | track=20640ecb26942b6d0ae0d30fb0c37e2b
global_step=3568 | return=-40.36 | steps=46 | track=15d325c9f92e774b212b4429d6319770
global_step=3696 | return=5.14 | steps=198 | track=b2dd5514d34d16ec596d8be56a2c962d
global_step=4104 | return=-99.68 | steps=131 | track=ad3fad3f6ecca3a9b26c4bfec8e15d14
global_step=4216 | return=-78.38 | steps=131 | track=7324c542e5e2a864b8c3ce00297b042d
global_step=4216 | return=-107.69 | steps=131 | track=158c2b17aefbaa333caa7dcc1375425e
global_step=4376 | return=-85.36 | steps=131 | track=086d1c9051c289736616525d10402cf8
global_step=4520 | return=-92.58 | steps=226 | track=2aaeef913363fae544d7c0a8620e867c
global_step=4712 | return=-24.44 | steps=61 | track=a721f90070c61a7daf3305513e3d4e60
global_step=5048 | return=-28.47 | steps=184 | track=72fe613b92901a2d3076d9e51ef8d7eb
global_step=5080 | return=-29.65 | steps=45 | track=ad10610a8bffa6176ababe2686893ae1
global_step=5160 | return=-84.33 | steps=131 | track=020b12484a8698c8a19a5b7ab0ca055d
global_step=5248 | return=33.33 | steps=193 | track=900042155520285da103b542d2e6fe05
global_step=5296 | return=-78.34 | steps=96 | track=72cb31d341db16c0030cff2cfb2588aa
global_step=5504 | return=-66.91 | steps=268 | track=a0991466ba088dc6ded4970de1e32a2c
global_step=5872 | return=78.70 | steps=71 | track=410374223d6702dcdc36e4819f643525
global_step=6000 | return=-38.57 | steps=104 | track=7408ef2a7becc29bf2c98f3353a24d2b
global_step=6032 | return=1.26 | steps=118 | track=5078ba5356c238ba11e35f57beef44ed
global_step=6104 | return=-99.77 | steps=131 | track=a2425bfd0a893c302b291cf2e52d0757
global_step=6296 | return=-101.67 | steps=130 | track=49f65cbd81ca9cd4427e6e232eecf6eb
global_step=6336 | return=-53.35 | steps=264 | track=b88ba5ce1cd3ada4b8b383574f7ba7cd
global_step=6384 | return=-125.06 | steps=250 | track=343949dbb878023ef98b28662176526b
global_step=6520 | return=-34.54 | steps=126 | track=8c52fd8a7f74881bae636be536745640
global_step=6928 | return=-73.76 | steps=131 | track=a926950c94188f4fb0cf86aa330c1298
global_step=7048 | return=-94.90 | steps=130 | track=287ee679f2d1c0b2186454ccff5171fd
global_step=7088 | return=-91.15 | steps=131 | track=b0583a09557313d426ebae2e80975f2d
global_step=7160 | return=-97.88 | steps=131 | track=1022baf0e57c8bfefa87d6dd01514607
global_step=7352 | return=-116.71 | steps=131 | track=b03b1f2036bdfa4acf11b337b2c11202
global_step=7392 | return=-103.35 | steps=131 | track=62b71741980b52bdef8f16c5bd4ec134
global_step=7432 | return=-60.10 | steps=130 | track=ee284b2a448fb56f681c9f8fac8ec857
global_step=7576 | return=-97.67 | steps=131 | track=cff63538a9421a333ecf4efb71198ef7
global_step=7856 | return=-16.67 | steps=62 | track=ff956abe2447c55ed46979c9707bc6cf
global_step=7904 | return=34.60 | steps=63 | track=3010a21c4601f1203ae06708b4eb0143
global_step=7984 | return=-95.14 | steps=131 | track=4430bb577adf0cb3ea94d23513525f16
global_step=8104 | return=-94.71 | steps=131 | track=28c01954ac554d4ac0c995266c55607a
global_step=8192, SPS=41
global_step=8216 | return=-96.67 | steps=131 | track=a118aa3bf98c57cab4c14d9e07d08460
global_step=8320 | return=-3.11 | steps=153 | track=68d327323efdb219ffcc6b9dd1f9e907
global_step=8344 | return=-4.69 | steps=60 | track=45b6f5cb091f6fd8cc63e411dfecc428
global_step=8488 | return=-102.20 | steps=131 | track=0cf9391b711e96ab60903c705d8fbfa9
global_step=8632 | return=-97.41 | steps=131 | track=659bfe114c7a4ce04ac5aa2d48205ed7
global_step=8704 | return=-69.94 | steps=89 | track=4fe16cd7a55fd62163943e3f2058b243
global_step=8936 | return=-42.70 | steps=89 | track=509a4ad85aeb75aa22cbfc52535241cd
global_step=8960 | return=-99.40 | steps=131 | track=1b9f6017e6cec8ddb993d181c4e053ea
global_step=9168 | return=-51.06 | steps=132 | track=ca93d1881a41eb1fd67f2c14d6bf4b7c
global_step=9392 | return=-90.13 | steps=130 | track=b09d8f307d63b7bb8abca9e19982dddc
global_step=9496 | return=-15.95 | steps=146 | track=d9943c1faeaac76f5879270dee4dae9d
global_step=9688 | return=-78.29 | steps=131 | track=ceb4963f27e522654227aeab49245093
global_step=9728 | return=-31.90 | steps=41 | track=81a6f490b2c95e39b20663da358106e6
global_step=9760 | return=-99.89 | steps=131 | track=20b400f09793590e02ad5574b3c79114
global_step=9992 | return=-82.65 | steps=131 | track=ce84d92d8b4efe90cb8fb1a93fd82ce4
global_step=10224 | return=-98.95 | steps=131 | track=3b36c489e1337125319196491c063b77
global_step=10280 | return=-124.56 | steps=223 | track=89d33ecfedc609a7ca6130acb1c12ff5
global_step=10280 | return=161.71 | steps=164 | track=76cadb03d2de07f7af43078167e12abe
global_step=10288 | return=-86.38 | steps=98 | track=3f05890a88a8332a10e864e19de4a770
global_step=10456 | return=-25.96 | steps=95 | track=be1e6066be5b73731e54d8bbdf7f3d50
global_step=10656 | return=-52.89 | steps=45 | track=88baeba92cd5276de136411a542c9f39
global_step=10784 | return=-94.95 | steps=131 | track=427294690dcdd2f490ecc6c1c0bec7aa
global_step=10808 | return=-109.54 | steps=130 | track=74f93d7c665233faaf5a4b2cf77b93e2
global_step=10944 | return=-70.04 | steps=89 | track=8ae154fceea477053e638e8cfdf79546
global_step=10960 | return=-24.01 | steps=62 | track=598ee3299047891375fae195ffed0b89
global_step=11048 | return=-81.17 | steps=131 | track=204ba32b55ec9a11ade99b88977f1d0f
global_step=11336 | return=-92.39 | steps=131 | track=f7b6b9fbd8e616b299e2a6655cda45a5
global_step=11504 | return=-2.11 | steps=152 | track=a53d212efe3102475bef09ac95b442ef
global_step=11568 | return=26.54 | steps=64 | track=f1ed6959fd87fc1f53a657674814992b
global_step=11584 | return=11.53 | steps=77 | track=00586aa6dfbbeea51ae7b17cacf278fd
global_step=11840 | return=-98.20 | steps=131 | track=e3d5dafb667e285827848d2482d933c5
global_step=11864 | return=-102.01 | steps=131 | track=a6c685c4ec4d1228b33fa766f282ca5b
global_step=11992 | return=-88.60 | steps=130 | track=a3d53506e6818bff5bac2944e1bb645e
global_step=12032 | return=-35.64 | steps=171 | track=43bcb82a3ca174f63668c3187b8381e1
global_step=12296 | return=-65.54 | steps=88 | track=d5586d76f611104ccb65566cd579071d
global_step=12544 | return=-44.16 | steps=150 | track=0ba2657799fb66fff456c6d624bcd2d4
global_step=12624 | return=-91.28 | steps=131 | track=0cd22971413360efa4da8c434e68642b
global_step=12776 | return=-19.97 | steps=92 | track=d1bceb3c834a653815a26e4fe0ceb765
global_step=12896 | return=-86.95 | steps=131 | track=513c2dde9684744ea4b0eb6bcf082473
global_step=12912 | return=-68.48 | steps=130 | track=5ac552ef33a345254bbb8366619eb8b1
global_step=13048 | return=-79.80 | steps=131 | track=d775640d2b0bc55eb50444f785226ff4
global_step=13088 | return=17.77 | steps=67 | track=35708a202ecba480b5a6ea6e2f16ea71
global_step=13352 | return=-104.18 | steps=131 | track=27b3fb930327d759daf3277cced1ac4e
global_step=13360 | return=38.29 | steps=72 | track=4291bdbb1535ecf3da3fcc420823e8e6
global_step=13432 | return=27.28 | steps=66 | track=4caa79a7beb23194c558e575361c0fe5
global_step=13592 | return=28.73 | steps=67 | track=9bb41a1f2d8137ecee9e060f24b0a21b
global_step=13856 | return=-80.23 | steps=153 | track=e0ec1a48cb74f559ee30e39ba776597f
global_step=13968 | return=-79.60 | steps=131 | track=303b8c4669d4adb9dcc70fa8607ef10c
global_step=14072 | return=121.29 | steps=320 | track=5b8a3b3650e94116e979757de91314fe
global_step=14240 | return=-120.77 | steps=143 | track=27816136bda17a2fa97b6817d0c24831
global_step=14416 | return=-93.23 | steps=131 | track=0b3f35441aff25b802168fc97830c291
global_step=14592 | return=19.22 | steps=64 | track=96c6f3db53f011ef4257512eb6a230d7
global_step=14648 | return=-96.88 | steps=131 | track=da2665c27f75a8f13d53d2327b75d339
global_step=14744 | return=24.03 | steps=62 | track=f1d1227cac912623c1dc977ec1537abb
global_step=14912 | return=-86.84 | steps=131 | track=8e685c0a33ea29ac9f85598831f8f369
global_step=15192 | return=-92.39 | steps=219 | track=a1536e4bedfd2775ac9abbe421a06e9c
global_step=15200 | return=-11.97 | steps=153 | track=5d5ebfa35a40191ff1f11361ec8af4ed
global_step=15440 | return=11.37 | steps=260 | track=899afa886b1e888e5cc9d25629705fd1
global_step=15456 | return=-32.34 | steps=100 | track=6cfeae41994cd8a7280272ca1fff97b1
global_step=15472 | return=-81.23 | steps=131 | track=6a4cd08a26b69b7f8f502f10e689d091
global_step=15792 | return=-99.02 | steps=130 | track=954bee5271b51509de44a598a5ac734c
global_step=15856 | return=-37.27 | steps=157 | track=40f5c7b0906d255ec69406226b46c541
global_step=15992 | return=-77.84 | steps=98 | track=9bfe5f50b6081e9fc929de096d03e04d
global_step=16240 | return=-98.29 | steps=130 | track=ddd7f8ffe6c7dc3cb1c4f5f46a40c03a
global_step=16312 | return=-66.40 | steps=174 | track=c40d1eda6f28a34c33d7d3d08089ed6c
global_step=16352 | return=-2.52 | steps=61 | track=1969f966f3b67525820dc721b7754358
global_step=16384, SPS=39
global_step=16496 | return=-88.79 | steps=131 | track=98b2434ee5e02dd670de96eb5b9a3d25
global_step=16512 | return=-93.38 | steps=131 | track=077ea9b52d07472c0e734ff49f77c972
global_step=16720 | return=-57.52 | steps=59 | track=a9a4a0327bbaff9db184d02c79ea9871
global_step=16784 | return=17.10 | steps=58 | track=b24c243b0967c64f51c965c89150c1a6
global_step=16848 | return=-106.74 | steps=131 | track=6d21b8edfb32d34163e508c5106bd090
global_step=17160 | return=-38.68 | steps=145 | track=8fa6b950855b01c40ac98f70dfa0f170
global_step=17248 | return=45.06 | steps=65 | track=592f079832a747dc11f79868a6805cd2
global_step=17408 | return=-99.57 | steps=131 | track=55f77c46efd28253eb9a25a83609c013
global_step=17568 | return=-89.18 | steps=131 | track=cbe3fca2dc4d6ceceadc9596f910cbff
global_step=17664 | return=6.65 | steps=51 | track=e698e454d6342d7935cb394a5973b549
global_step=17840 | return=-95.57 | steps=131 | track=1e34106e024b6a4abe1ae73bbd486086
global_step=17936 | return=-15.61 | steps=135 | track=a7a53fc82bb0128c7c90061500bc7cbb
global_step=18216 | return=-97.79 | steps=131 | track=88fe6967e1a62bd3df85d280a3f9b9d7
global_step=18240 | return=-5.60 | steps=83 | track=956c39af0091f67363deebfe9d153f6f
global_step=18464 | return=-90.13 | steps=131 | track=5f6b0f548f2853d42121a536ebec82eb
global_step=18736 | return=-95.71 | steps=133 | track=b7a6669d9752c9dfbaf3ca1a9aa19c7f
global_step=18888 | return=-22.22 | steps=298 | track=3339ee08af4f3a46ef3fb484a91f44f9
global_step=18984 | return=-95.88 | steps=130 | track=0bf51e32b418ae8c52560415621661fe
global_step=19272 | return=-82.75 | steps=131 | track=518c776a5d67d7ec3bf5b5b72a47393e
global_step=19296 | return=-87.97 | steps=131 | track=4607b7f798d1434e95eda99204c21113
global_step=19440 | return=-60.73 | steps=495 | track=7180ff7f20c4edeabd71268cef1de5fe
global_step=19504 | return=-24.93 | steps=207 | track=9c321b1c879a227476b9bee77d094971
global_step=19752 | return=23.84 | steps=160 | track=10750aca3f9362be5daed642cebf13ba
global_step=19784 | return=13.80 | steps=60 | track=7fd157ecb5518fcc2993fa5273870f3a
global_step=19856 | return=-8.33 | steps=72 | track=1b7657cee8609bd9815e8053b7bbfe74
global_step=19912 | return=-29.30 | steps=146 | track=04da58c25197a5363dfa91b660a1a782
global_step=19928 | return=-49.00 | steps=60 | track=199f898012503933d20e961ee29f70c8
global_step=19944 | return=-89.48 | steps=131 | track=1dbf1ea2a759bf5208f8d8224c00e6a7
global_step=20040 | return=-95.48 | steps=131 | track=15ff340edcdaca92be844ff237d8d1cd
global_step=20240 | return=-38.74 | steps=91 | track=9a2b064fbc2b9c8f268a6ebb52724a6e
global_step=20600 | return=-25.74 | steps=81 | track=4ffc8846c9984e4f7cbb613875329163
global_step=20608 | return=14.85 | steps=93 | track=f2e259cc2759df81e015cd845b9f0597
global_step=20760 | return=-101.72 | steps=105 | track=0aaf9b6628c462c614e39b78c4ec0678
global_step=20840 | return=-96.60 | steps=131 | track=e2b5727d5dbee75db796a4bdf97effcd
global_step=20872 | return=118.76 | steps=139 | track=36fd7b819236156e660e3f9842f9862f
global_step=20984 | return=-92.23 | steps=131 | track=3d265f2630ba461e2a6a96b48c72c749
global_step=21096 | return=-86.17 | steps=131 | track=bab0416ddee38ddca66646de6e2c735f
global_step=21304 | return=-97.13 | steps=132 | track=c5a4f14fcb6dd7ebcae84ad0953dec12
global_step=21664 | return=-98.30 | steps=131 | track=184fc64ed1d8c8585e2b512af91fe7a1
global_step=21816 | return=-105.23 | steps=131 | track=78d21c7b209de0d45d655cd9a595f722
global_step=21896 | return=-83.51 | steps=131 | track=ee91aa7b8c76b09bc80babefacf92973
global_step=21920 | return=-92.05 | steps=130 | track=9938a931b1fd29c4153fbc85d51a0e78
global_step=22040 | return=-94.04 | steps=131 | track=8b1e7135877ea2309050767d4dfc1c88
global_step=22064 | return=-25.87 | steps=49 | track=b36ffccf6274209f0fa532603792316e
global_step=22152 | return=-104.39 | steps=131 | track=14d52c7d80a5f0c901a22ba62e171430
global_step=22352 | return=45.36 | steps=66 | track=74f7d7e9e4ce99750125ad003f59aca3
global_step=22360 | return=-93.76 | steps=131 | track=c0aa46cae73dba5365a1789481ecf61b
global_step=22552 | return=-7.59 | steps=81 | track=ee07cdc2f22e248c1ee0b5dd952f1e94
global_step=22648 | return=-95.07 | steps=255 | track=21eb61c623d40876b5849ccbcecb5b10
global_step=22664 | return=21.25 | steps=77 | track=0525b661cdbd42a048089bb24507874a
global_step=22712 | return=-23.75 | steps=69 | track=0bfa1bbff8506f9fc3ab2e25731a8bbe
global_step=22968 | return=-90.05 | steps=130 | track=4c8464e523731efb43f6904f859ddd19
global_step=23112 | return=44.33 | steps=69 | track=887432df1b1eea19820afbfd7185be98
global_step=23408 | return=-88.94 | steps=131 | track=f71b5f1035ec3de616acf19099b958f7
global_step=23424 | return=-88.73 | steps=132 | track=7142cfae5a2f71c3ed2a62389ab2baae
global_step=23456 | return=-46.68 | steps=42 | track=c4de9d035c7696d882b3b2a3e36af3cd
global_step=23528 | return=-35.03 | steps=182 | track=dc0ac6111d6c33b01de41a23b8323d09
global_step=23704 | return=-94.75 | steps=131 | track=63906dd3a5af2de46adf0cdf2d8a9fc6
global_step=23720 | return=-81.90 | steps=131 | track=6f1bb17c1e719297c8f48867097fa44b
global_step=23760 | return=-97.68 | steps=130 | track=06380c645396096fb52140ccf53da6ce
global_step=23992 | return=-77.48 | steps=70 | track=49810f2bc852b4e38badc259e47e3c07
global_step=24024 | return=-83.83 | steps=131 | track=7bc43689f8554a0fbef9941e24679f7b
global_step=24056 | return=44.66 | steps=65 | track=6f4aa4a55be68a5e1ae1c7d026ea9174
global_step=24504 | return=-59.68 | steps=130 | track=c790efe504e0096c0baf2ccf795cff5e
global_step=24528 | return=-70.84 | steps=139 | track=277800f9876799de453f14a4005dbba3
global_step=24536 | return=3.29 | steps=63 | track=1ce63a6969b27bf0ca9b7cd7a7a192d2
global_step=24576, SPS=39
global_step=24752 | return=-95.43 | steps=130 | track=2093ec63ae54214305536d6e1bda0801
global_step=24768 | return=-61.23 | steps=130 | track=fa25d7d54bee918642708afcd8bd8cac
global_step=24800 | return=-19.45 | steps=92 | track=489eeb89652c9915ba6170a0645713f1
global_step=25056 | return=-73.61 | steps=132 | track=c7583669361bc9de09ed81f3df082d3c
global_step=25104 | return=31.22 | steps=70 | track=8ee79c7b14d73dc77af19ba63eb16b65
global_step=25304 | return=-43.06 | steps=66 | track=9e6bcd9be48c3853da766c7901a90bba
global_step=25584 | return=-104.64 | steps=131 | track=d8bf5b4e3777d5899e7f91ea04b6f980
global_step=25592 | return=-87.87 | steps=228 | track=781934664f72af34c61a9f626e0b9d83
global_step=25808 | return=-23.82 | steps=131 | track=790c262139ec53e0b638218f75ba55f8
global_step=25856 | return=-84.25 | steps=131 | track=f7d75ab304ad5429fb1ba8ea5cd7e888
global_step=26096 | return=23.64 | steps=62 | track=fa7b44d8688d56cdd2505cdc94b52189
global_step=26112 | return=-89.18 | steps=131 | track=5546c7484c2adedbae2aea75d2497d98
global_step=26160 | return=-108.31 | steps=131 | track=39ba80ed2cddce54e8a290ca3c5f2c08
global_step=26208 | return=1.62 | steps=212 | track=292e610427dd23f05ccc7dd178691fdd
global_step=26360 | return=-101.99 | steps=131 | track=6d1de0c76195c2d96c2205be03b1b30f
global_step=26392 | return=-4.90 | steps=72 | track=d3f96e8dad98063e7359407ec7ce3699
global_step=26632 | return=-68.64 | steps=130 | track=6e7274736e3cb5df55f05b8c3d3a6883
global_step=26648 | return=37.68 | steps=66 | track=ed572b65cf297566ab311a4dc153bbc9
global_step=26936 | return=-38.32 | steps=67 | track=70a428026f2e3810694c71b82ee1226d
global_step=27144 | return=-104.47 | steps=130 | track=7152ca69b3cd5cb151c99243f0b4cb66
global_step=27176 | return=50.07 | steps=67 | track=634a6b8f5a00aee882b17015d94aec6d
global_step=27208 | return=-78.58 | steps=130 | track=29bfd16ceba889b21a30a5bb1f4b43d0
global_step=27256 | return=-76.40 | steps=130 | track=3f5af2b51895f86b07fb677bae267e9a
global_step=27416 | return=-90.71 | steps=131 | track=e5b5e675a7911d8e79aa6d190d101b0f
global_step=27672 | return=23.21 | steps=65 | track=b58c10ec5320baf76896f320fd049af5
global_step=27704 | return=-10.09 | steps=61 | track=b9a4ecff878edaa75dd6dc8e5548d9e3
global_step=27824 | return=-30.72 | steps=146 | track=cac3e3b1b875f81d7640bbf3d1e23c01
global_step=27840 | return=-125.30 | steps=247 | track=305ee6049c84504bf77b8114480bf769
global_step=27992 | return=-103.18 | steps=131 | track=48c320a5c5662e11c007e37375c05653
global_step=28216 | return=15.30 | steps=67 | track=01791f1840e36aceca05007cb13d41fe
global_step=28232 | return=-93.77 | steps=131 | track=6645ccc5ebf6626de80ef6392edb0599
global_step=28312 | return=-91.40 | steps=131 | track=8ea7871ec9809147ee39c09ef1865de7
global_step=28472 | return=-105.53 | steps=131 | track=5ed0bb7f827f4e9517fff5a984881f1b
global_step=28560 | return=-5.15 | steps=70 | track=3aaba56924701caf5e24acf2a9b3692a
global_step=28576 | return=-79.45 | steps=108 | track=f6047869bda5481addf67a7eada9449b
global_step=28640 | return=7.95 | steps=52 | track=3efe5d71969f6307c98e6c8bd46466f6
global_step=28888 | return=-97.45 | steps=132 | track=68bd804f13756f375deff16f3a951d9c
global_step=29008 | return=-5.55 | steps=66 | track=f73b465f8d2c084375f0e8b8ca89a9e0
global_step=29024 | return=-73.68 | steps=98 | track=08ce870b286212c86b36f5d354d5e22b
global_step=29152 | return=16.46 | steps=63 | track=47c1599ec660f2fc939859d6036ad17e
global_step=29360 | return=-70.08 | steps=130 | track=9fb48b589e03b6d003d28f51f087c146
global_step=29616 | return=-86.35 | steps=131 | track=ef7d7c151dd8cbacf91a6742c2262472
global_step=29632 | return=-73.01 | steps=131 | track=dd2ff9f8ede8547df8c32c12ea6a3d28
global_step=29760 | return=82.95 | steps=239 | track=4b25cbcc86fbe20cad38d3f2e9403b48
global_step=29776 | return=-68.82 | steps=95 | track=4d29971cbfcddab1aed33b58a0b4f28c
global_step=29848 | return=-2.37 | steps=86 | track=cc7fdd203fd57cd0a7894236949381f9
global_step=29944 | return=-98.77 | steps=131 | track=b40d31a0604985aef42f125d3ccbbb94
global_step=30080 | return=-96.42 | steps=131 | track=68d73ca099cc91d9c3e5210885283b29
global_step=30136 | return=30.84 | steps=64 | track=490b6c9043b930eb528b5c6ce84c62f6
global_step=30192 | return=34.79 | steps=69 | track=a1eda2753369167e327b107bbf92f96b
global_step=30408 | return=-97.47 | steps=130 | track=d6645379aaf86570d10b7239dda7895d
global_step=30640 | return=-31.39 | steps=109 | track=c50a937f4f8c5ce1d84cc0aafa160548
global_step=30824 | return=-109.04 | steps=130 | track=2a059cc0ef15ada153a72e527a7ef5d3
global_step=30952 | return=-53.70 | steps=137 | track=68ababbc092416a4b4edfd6c5dec3aba
global_step=31136 | return=-104.28 | steps=131 | track=9ce2498522208024d641e500d1d6f371
global_step=31192 | return=-95.93 | steps=131 | track=7704dce1f0b7c2deaeb2de6444f83016
global_step=31248 | return=-117.40 | steps=131 | track=af6928438791b00c4fc13126b990b040
global_step=31336 | return=-88.40 | steps=173 | track=c0cc73153627fccf3b108599821a6745
global_step=31456 | return=17.25 | steps=101 | track=64ebce1d3da8a207c2f774e8415ff8d3
global_step=31504 | return=-17.58 | steps=136 | track=dc724247ce2c3610d8b795d3bb86e9c0
global_step=31896 | return=33.24 | steps=69 | track=0206fe5681a57dda9eca976aecb13126
global_step=32008 | return=-79.00 | steps=131 | track=2bfa0d8f0f152b67f6e96283b0ecdec9
global_step=32032 | return=45.42 | steps=71 | track=999a99e94ff1acdfd8216530c2972ad8
global_step=32192 | return=-89.63 | steps=131 | track=fe57c99776186cf8fa62cb0e9b581e06
global_step=32248 | return=-98.29 | steps=131 | track=c38c95931a9e9cff635012a7bce8d905
global_step=32432 | return=-8.79 | steps=147 | track=8a4a3d655a060958494288f24b716aad
global_step=32560 | return=-119.87 | steps=131 | track=e10a5b5bf653c4454ea47289eda374d4
global_step=32768, SPS=39
global_step=32832 | return=-25.99 | steps=99 | track=88d229462f74b03b0a79279b945b7dea
global_step=33064 | return=-84.10 | steps=131 | track=5396f13e402cca221ea7196016e98746
global_step=33176 | return=39.98 | steps=92 | track=4caac43c73a511cdd187901d228e22bd
global_step=33248 | return=-87.84 | steps=131 | track=a052f9ad12d242971d37b3596a854aaf
global_step=33368 | return=-42.13 | steps=139 | track=b4c34092e75c10b82f8a9a1d497d7b95
global_step=33520 | return=9.27 | steps=56 | track=60641d45245779e74703f479b6e2262f
global_step=33616 | return=-68.20 | steps=131 | track=b9181637bd1d258a613a9382875358e1
global_step=33872 | return=8.26 | steps=246 | track=d6c19ac1cb1affa13038bb76398fae4f
global_step=34056 | return=32.26 | steps=66 | track=bfb2d5514ae8049cc25406abaeb36da5
global_step=34232 | return=-102.20 | steps=131 | track=4d6868ae8f58e27ffeee4d16d92d8bcd
global_step=34304 | return=-117.10 | steps=131 | track=247bfed5e3cd980b9adbaa8e39096686
global_step=34384 | return=31.09 | steps=63 | track=7f9f8df6a151d76b4e6a96ceb8d5a460
global_step=34424 | return=81.11 | steps=449 | track=62d3f15ee018d8cbda4110da815111b2
global_step=34544 | return=-29.21 | steps=146 | track=1817c07d3f8f69051693613eb02212d6
global_step=34600 | return=-80.80 | steps=220 | track=48bb2653206ebd61d74f6a616fb8ea8c
global_step=34672 | return=-87.32 | steps=131 | track=03174e70e7ca95ec62beaf7f23ad5347
global_step=34816 | return=27.78 | steps=63 | track=4ce30f14013ba9161828f492643edce1
global_step=34976 | return=55.16 | steps=68 | track=caa073c0db9a5945b068d208c262ef41
global_step=35280 | return=-112.82 | steps=130 | track=de7e9929ebcb854add7b29953a6e0877
global_step=35440 | return=-98.14 | steps=172 | track=941a760ddb2b9e7fa1571af9d1ada606
global_step=35520 | return=-18.95 | steps=87 | track=8216cf0bb84adf8ce4ec56c9f44cf3f9
global_step=35656 | return=-95.78 | steps=131 | track=cf379d4ac058c7e929d3b1a58fea77b5
global_step=35720 | return=-83.03 | steps=130 | track=cec2fa87d3589b71fca6f6517c0a8059
global_step=35928 | return=-54.17 | steps=172 | track=cf9f139c580d8d2baa3354b4603afc14
global_step=36032 | return=-88.46 | steps=131 | track=d689dcf5677c445058320f4214bda29a
global_step=36400 | return=-85.92 | steps=92 | track=dc30aad045459eebfa417657dae3eab2
global_step=36464 | return=-11.01 | steps=147 | track=139f647f1b0fda0851b73e6d14afd45a
global_step=36496 | return=-95.93 | steps=131 | track=841ef7d6399ffeb4738d7c65cd76b6c1
global_step=36536 | return=-4.59 | steps=62 | track=4afd57f74ba2e4a215a528f83afbb4a4
global_step=36576 | return=-89.81 | steps=131 | track=3912299e1fa3e381bcb44d5d2616a11a
global_step=36600 | return=-78.48 | steps=109 | track=7da91d61bfc21606b8996bf8d1526218
global_step=36984 | return=-97.81 | steps=131 | track=0b7fef2a31016dca68cdc30da8f8da49
global_step=37120 | return=2.81 | steps=77 | track=45a10b8807db424e4e66377759f9c516
global_step=37408 | return=-82.70 | steps=377 | track=28190ae54d959c8a7614e9829aa552dd
global_step=37456 | return=-83.00 | steps=131 | track=63025119c1684d5d7b71135aa8695f5a
global_step=37512 | return=63.72 | steps=65 | track=b08ffba10ea0e63cc3e1ba44b3002c59
global_step=37592 | return=-87.74 | steps=131 | track=599ec359843f47ffe60b7c6d82cd41db
global_step=37624 | return=-90.87 | steps=130 | track=5b64e4c3a2ad47e3adcaf86723149c7d
global_step=37656 | return=-85.22 | steps=131 | track=8af65fc6fb1d7c485ab296842665af6a
global_step=37784 | return=-36.49 | steps=164 | track=fbdb1b3f5c0eaa4dcc51ba9f869d965a
global_step=37992 | return=22.58 | steps=66 | track=59cea7ba3eedebde227b1b462ebec6da
global_step=38008 | return=-51.84 | steps=47 | track=168ec97bf6300c7d0d45fe895d5296fd
global_step=38176 | return=-94.27 | steps=131 | track=b38740ed420d4e31b051a389707f65dd
global_step=38464 | return=-86.35 | steps=131 | track=b020badf538d4bb15bf1f72e67db07ee
global_step=38560 | return=-98.09 | steps=130 | track=43a4deb873920f5757b991e87bba4527
global_step=38712 | return=-92.90 | steps=131 | track=8410630336a75f6e934447c2d64e40a7
global_step=38832 | return=-85.05 | steps=130 | track=00c8b0af3c806247e09e3303634eb1dd
global_step=39016 | return=-113.92 | steps=177 | track=2d874a9a0d7e003117654bf89e547c0d
global_step=39016 | return=48.80 | steps=68 | track=01513e514dd83e0042d39f9fb8533284
global_step=39048 | return=-88.19 | steps=131 | track=72706a19351d2465d4fd32953ba00103
global_step=39064 | return=-81.44 | steps=131 | track=f3b163fa62dfe8b8366847f043e5ccff
global_step=39232 | return=-97.64 | steps=131 | track=3a0823298f274485ef90da8ec016c5eb
global_step=39240 | return=49.60 | steps=65 | track=833a0cc4e2de9259471efba3202d80e2
global_step=39608 | return=-91.82 | steps=130 | track=c841bca89b60496f866b65e5f5717dcc
global_step=39888 | return=-90.51 | steps=131 | track=e4e5365fb568deaf95a21c7fc85b681c
global_step=40072 | return=-99.11 | steps=131 | track=a4d0c1abaf2de1ffe2650eda318cd38e
global_step=40104 | return=-99.46 | steps=131 | track=857df6960f87fb26acab9759eed46e19
global_step=40184 | return=-96.68 | steps=145 | track=461f23fc0f06d340c7347b44e2fe9554
global_step=40288 | return=-2.92 | steps=152 | track=cde83c85781f38f84c4c74328b6caebd
global_step=40296 | return=-87.31 | steps=131 | track=33e98a527c06880a63bd7bb13dbac620
global_step=40392 | return=-137.02 | steps=144 | track=f4845130e14fa877be4661c1db88c384
global_step=40456 | return=52.09 | steps=70 | track=10203909b85533d601d6c1ab4fcb3b8e
global_step=40512 | return=-94.78 | steps=112 | track=c9cc0e35b11752cd673dd9ad14e99f89
global_step=40680 | return=-8.62 | steps=61 | track=4e57cca9f140cc6e48b162ee7ab8155c
global_step=40832 | return=42.98 | steps=66 | track=4dd26626279077fb5144c2f7af81b5fa
global_step=40960, SPS=39
global_step=41160 | return=-96.59 | steps=131 | track=2248a62b12545ee94e6aab85922419ce
global_step=41512 | return=-84.97 | steps=131 | track=08d2bc3483ce42837eafa04bc20a82a2
global_step=41568 | return=-89.32 | steps=131 | track=08a105520d2ec70cbcf6050b5ca55eac
global_step=41584 | return=-97.58 | steps=148 | track=e1a281a86134d79b62125df14c05c29b
global_step=41728 | return=12.48 | steps=111 | track=5492dcb773e49a0d37f766b143665e33
global_step=41744 | return=-101.61 | steps=132 | track=7751512599e6b025af0edbd465ea3af2
global_step=42024 | return=-57.73 | steps=216 | track=dd939c593e52176479649b98c732928b
global_step=42080 | return=15.49 | steps=63 | track=c35b96bb12d5d24d6eefe0ee42ef5589
global_step=42144 | return=-14.89 | steps=69 | track=85ff78c63d876daf94662df3bc0d41bb
global_step=42168 | return=52.23 | steps=261 | track=405a326affb0f20b2ace8ecc8d9f06b1
global_step=42216 | return=-99.51 | steps=131 | track=9a011efb33ddb7ab9f809b4f5af01650
global_step=42288 | return=-8.42 | steps=69 | track=90425262743d969508623f1471fbd66d
global_step=42624 | return=-48.62 | steps=138 | track=6aef36b58d225b44ef0d25e980468458
global_step=42760 | return=-76.51 | steps=91 | track=09081042d2d59566ae1a1cd04d782fb3
global_step=42960 | return=-51.21 | steps=92 | track=81528017b447c624804bf91a6dcb4c7b
global_step=43136 | return=-92.00 | steps=131 | track=d6312510b521375b51cd7781f62d7e45
global_step=43200 | return=-110.69 | steps=131 | track=0d118eb6a8028e988f14957ec97a4325
global_step=43224 | return=-104.79 | steps=131 | track=f6d5c3d5cb05f84c475a8c58a71929fc
global_step=43320 | return=44.74 | steps=86 | track=2d47ebee5f5e80483464d2bf8b21d5a4
global_step=43336 | return=-101.67 | steps=130 | track=cd95cb51fa80969400d1c4fb95b41e53
global_step=43504 | return=-125.97 | steps=219 | track=3277fca43e28f10a643b85b7b127999a
global_step=43712 | return=-36.94 | steps=46 | track=105d727897c6ab86c75061bebad1788d
global_step=43816 | return=-84.21 | steps=131 | track=6ad82e0d23c85780e5353ec370e148e9
global_step=43848 | return=-74.81 | steps=110 | track=de66198e9de9572a87590bb91df6a4f6
global_step=43896 | return=24.65 | steps=71 | track=1e0e7503d9539ed61c58a1d0e374f15b
global_step=44048 | return=27.18 | steps=67 | track=a83e79cb4fc16312526ba616dd0edd57
global_step=44192 | return=-96.67 | steps=131 | track=bfea1cd57760f8232f7bd114c9f06f3e
global_step=44264 | return=-96.35 | steps=132 | track=245bd9d636b0778d26f55fba2ee1cb54
global_step=44280 | return=-104.79 | steps=131 | track=d45ba97656c8365aeecdedb346cf0e97
global_step=44592 | return=-50.99 | steps=49 | track=b73d4ee627a47227fb4f3b6751f3dc7d
global_step=44872 | return=-41.69 | steps=144 | track=1e15c73ca794e49a381ef1954a9278ff
global_step=45000 | return=-57.98 | steps=137 | track=a72c3da97b67c15c95b211084035466d
global_step=45008 | return=-39.49 | steps=92 | track=fe0c5f4a937d74db8677f4f9a594c1cc
global_step=45104 | return=-100.13 | steps=131 | track=0cd6ea7b26b968cd10a28da895687916
global_step=45336 | return=-123.97 | steps=131 | track=878ed07ef63ced4b6a77b5ac8b12548c
global_step=45384 | return=-96.99 | steps=195 | track=ffec6b60cae4a049d9996b98fd4cd70a
global_step=45648 | return=-96.81 | steps=131 | track=d54642cc7372f30843010f51d1215279
global_step=45928 | return=-84.83 | steps=131 | track=c4d0ae0809818922d5f0676dc563609b
global_step=46048 | return=-88.28 | steps=130 | track=62f620c7c4ade97f44e4d72eccbc42c4
global_step=46056 | return=-107.44 | steps=130 | track=446e83b59754487bee48aa9abd3d11ee
global_step=46160 | return=-95.33 | steps=131 | track=2966dad9791a7b40fd6f6b7f26124051
global_step=46304 | return=-108.32 | steps=306 | track=f5dfbfc09c945623d1dd2f8fe1f03103
global_step=46392 | return=-95.14 | steps=131 | track=e945c80fe1c2e1cef01b11ecc8fe7cb6
global_step=46472 | return=5.47 | steps=67 | track=ace256ac27b1ea943d7e521831cd06be
global_step=46824 | return=30.67 | steps=146 | track=216af6be367ac59b70d1d4e1e2d8f4dc
global_step=47104 | return=-101.81 | steps=131 | track=8c9ddf2063290c012c4ed17006fbed25
global_step=47216 | return=-87.20 | steps=131 | track=7520b47a64f3364a8a8fe01a080c2bf2
global_step=47232 | return=-14.51 | steps=50 | track=2730833050522aea9b95d3d98eee5418
global_step=47352 | return=-93.33 | steps=130 | track=02469373441914eda25f968d6e3aa5bd
global_step=47360 | return=-35.86 | steps=120 | track=b1234ead87f184c893493e254f5f08ac
global_step=47488 | return=-15.35 | steps=126 | track=bf50ae53f01bb8a51f2a0064e5d5d17f
global_step=47656 | return=-111.61 | steps=283 | track=0c64ee5de91cfeaf4644a91b29c2d8c9
global_step=48160 | return=-86.78 | steps=131 | track=e00719fb7119791427e8d494058217ec
global_step=48200 | return=-114.70 | steps=88 | track=02f0d598062712210b381463d0c31378
global_step=48272 | return=-97.04 | steps=131 | track=585498539c32af9bbdfc6e1095d7259d
global_step=48272 | return=-24.85 | steps=113 | track=1c94ea123d14e4eecb32b469621bc643
global_step=48392 | return=-23.20 | steps=144 | track=cdb62171e1c38a59f92f699e43d93886
global_step=48400 | return=-44.98 | steps=292 | track=0717f2b66aeedc74a0ca10878a637247
global_step=48400 | return=-80.25 | steps=92 | track=50a915f97779331d54dbab046bdddf89
global_step=48408 | return=-82.43 | steps=131 | track=f47831dc9c93a2fb4111f17ebe2cfe46
global_step=49024 | return=28.04 | steps=77 | track=f539f88ee91819e6e52213c376e60764
global_step=49152, SPS=39
global_step=49208 | return=-110.58 | steps=130 | track=2b2f0f3d434219dc5016cb43bc36b0b2
global_step=49320 | return=-93.39 | steps=130 | track=90662053de51c8dfe2e44ad5d62d13ee
global_step=49432 | return=0.70 | steps=144 | track=36f14b1970e8e98f7304921a12520e64
global_step=49456 | return=-80.13 | steps=131 | track=120a5b5155034e3f3ef179ae798576b3
global_step=49464 | return=-98.69 | steps=131 | track=e5f23f3cfaccfbaabb47b2542caa0d5a
global_step=49464 | return=-46.14 | steps=54 | track=fd8c93d506e7c245e26eb3279ab0ec55
global_step=49792 | return=67.07 | steps=198 | track=628c68ef6584ac6e45eb8bdf3b8545f8
global_step=50128 | return=23.00 | steps=82 | track=f978f9139879fc51233a12745ff7122b
global_step=50376 | return=-106.01 | steps=131 | track=75d9eb2a73db46874b56e2d8a8bbbc4c
global_step=50480 | return=-107.88 | steps=130 | track=b42d44640da5226ad799432dc406b0d8
global_step=50520 | return=-74.03 | steps=131 | track=4b57672cec025c8095eff1827f267c62
global_step=50528 | return=-96.43 | steps=133 | track=06f689d122a4de8094a02760314b662a
global_step=50616 | return=1.08 | steps=277 | track=46c27b93fcf7114dcbbb770659040f8c
global_step=51120 | return=-17.74 | steps=62 | track=809f34c89c6b9be558230c60f182e0cb
global_step=51176 | return=-107.89 | steps=130 | track=1289ab9e6d972b12e6bd77acfbc9212e
global_step=51272 | return=-65.91 | steps=92 | track=dd545851da901bf31e72b3b277a5a385
global_step=51432 | return=54.21 | steps=277 | track=7f216b808a24e1490f92305e28d89bb3
global_step=51432 | return=-114.12 | steps=131 | track=800a01df89757da007d4a1cba5599975
global_step=51464 | return=-4.83 | steps=208 | track=aa3d0f3d9a00e9e287eb6c3168243fb4
global_step=51568 | return=-91.08 | steps=130 | track=9b9d12a054f16360415defadc2ba1e61
global_step=51792 | return=-48.27 | steps=44 | track=18766cb76937a498685c9f6f8f8da3e4
global_step=51944 | return=6.58 | steps=63 | track=45652d8ca3c47a7a1c4216baddb159c8
global_step=51968 | return=-24.57 | steps=86 | track=1612c7c8cba06bfc08b607cda44cbe35
global_step=52232 | return=-106.92 | steps=131 | track=e8bf4bf17b0613a3f829e6537a9d767c
global_step=52792 | return=21.49 | steps=288 | track=4d9638b32b7f8ec9a0320dcb09ad2f0f
global_step=52848 | return=-106.74 | steps=131 | track=dedf4a8652c1395798baf90fffa61524
global_step=53000 | return=219.98 | steps=178 | track=4640df0bc42ad1037d59abadd0e53186
global_step=53384 | return=49.51 | steps=66 | track=a28ba8c694f09c5880528100bde358b6
global_step=53432 | return=31.45 | steps=182 | track=307ca99150929f8fa9cca6ee3a66fef9
global_step=53616 | return=-85.32 | steps=102 | track=182b3cbc35a567778652c785ce6d9226
global_step=53672 | return=4.48 | steps=83 | track=14df26e8e5932f49477ac0f8031c0d3f
global_step=53704 | return=-64.12 | steps=39 | track=356ffccc26191d77d88065b62ff8104a
global_step=53792 | return=-100.74 | steps=230 | track=5c4237c5bc3af272ed7da47d2baed8b6
global_step=53896 | return=-73.24 | steps=207 | track=3c25b549a293e2f6978ff386e2d5770a
global_step=54128 | return=18.23 | steps=63 | track=12c7390327390fe9c974cbe9378723df
global_step=54264 | return=148.23 | steps=392 | track=25c468493743c9fad0cc4e2532822114
global_step=54416 | return=42.93 | steps=368 | track=57245cb308213978a42a7f1a5868f6b7
global_step=54480 | return=-94.33 | steps=130 | track=77efd4573c6f1f5414609d2c231307a7
global_step=54728 | return=-122.99 | steps=131 | track=1e85b75e70727401603b126755f1beb6
global_step=54752 | return=-95.49 | steps=130 | track=6cd24a502562910fced99c9806c73ae2
global_step=54848 | return=-101.81 | steps=131 | track=62f5c77ffa066c41f86295ea85a2d1ef
global_step=55112 | return=-58.98 | steps=122 | track=817fa72b7ea7e0df7f22b2c30fdbf229
global_step=55288 | return=60.74 | steps=69 | track=750da6be6cca43c497e706acbe1b3760
global_step=55328 | return=-90.06 | steps=132 | track=e57c311f92ca75340740e9159b7ed658
global_step=55472 | return=-81.44 | steps=131 | track=c22360fc8291ea4910381154fe337c95
global_step=55520 | return=44.11 | steps=202 | track=f674d6b54df85ebcaae30ec1a1c012ef
global_step=55872 | return=-20.86 | steps=173 | track=115223949af11f622abb410fc84cf019
global_step=55896 | return=-95.18 | steps=130 | track=c610f7e697eefa2ee3944994e5e96095
global_step=56160 | return=-100.55 | steps=130 | track=ba85a017ecd4c0e269379e4c6bb0dc31
global_step=56328 | return=-84.97 | steps=196 | track=921a26d928594f746915a858a5cf46cd
global_step=56384 | return=-87.80 | steps=131 | track=0f9c361d0e23b38626dc09d9915e0d36
global_step=56568 | return=-99.50 | steps=130 | track=33b92dc8c79ac5a61ec4f954c1ac2abb
global_step=56672 | return=-78.45 | steps=96 | track=8fc56d8e25415e94ca1abb738d1710bc
global_step=56672 | return=-81.23 | steps=172 | track=8e9ad40f457ad149098a17daad44e8b5
global_step=56864 | return=33.68 | steps=66 | track=4b48879818bc4d8f2bbfe7b580edda29
global_step=56928 | return=-129.14 | steps=131 | track=4b3851d2b741fc93fbd485d79ad830ef
global_step=57216 | return=-110.89 | steps=131 | track=e2d7c49360bda58039842346806b6c91
global_step=57344, SPS=39
global_step=57440 | return=-9.26 | steps=245 | track=3d7f4bba3791b2e4ae7b1a040b5b5838
global_step=57440 | return=-100.30 | steps=131 | track=302f48e46ad5681d51dbf82a6ccc5c68
global_step=57624 | return=-110.60 | steps=131 | track=d97a4c814eb348e6376e4e80940117b7
global_step=57720 | return=-84.18 | steps=130 | track=eb472024ffc2c512ce5955cd8f91f31c
global_step=57760 | return=-110.34 | steps=135 | track=8cff17e65fa85a43c3fa5cac1e0b4206
global_step=57920 | return=-89.27 | steps=131 | track=8df8dbfd73e0311058a8e428bbb15f8f
global_step=57984 | return=-93.61 | steps=131 | track=eb9a8ee6795c8edf9846672939bd15ec
global_step=58272 | return=-102.82 | steps=131 | track=9bae17e7a2cb563ced5fa16d728300d5
global_step=58488 | return=-97.98 | steps=130 | track=1aa219273904c3c0a30c35549b59caa6
global_step=58520 | return=13.12 | steps=66 | track=4fa46de56637789bc25072ac21302a79
global_step=58680 | return=-91.51 | steps=131 | track=c98c9ae07735bb52a836090e52812a69
global_step=58776 | return=-98.69 | steps=131 | track=dd6997bfb7ddf491857e6f29b3e25911
global_step=58808 | return=-93.39 | steps=170 | track=d7e5dc5f39d61eeae2e9ab5f35617d67
global_step=58944 | return=-71.70 | steps=147 | track=b2908d7d29b7860db79c4c2627efa860
global_step=58976 | return=-75.31 | steps=131 | track=49fd8ddcdf7eab60773abb5c75af978d
global_step=59328 | return=-107.35 | steps=131 | track=20276e40bd6bb3c0707805f3459eaf8b
global_step=59544 | return=-105.43 | steps=131 | track=c4c23eacf35969ab79db1149ebd57103
global_step=59568 | return=3.84 | steps=77 | track=7e66deb450aa753f55304a3b32a584fb
global_step=59576 | return=-89.81 | steps=131 | track=e879bc2c4cfc9a51b17276e0e93f0625
global_step=59736 | return=-101.01 | steps=131 | track=e3ef568584de17faf9c25c1626834050
global_step=59832 | return=-108.08 | steps=131 | track=917770ebb5f3989e0772c5534c8e509b
global_step=59856 | return=-59.27 | steps=130 | track=d2adcde4c3194bac5feef47b0dd135d0
global_step=59992 | return=-98.37 | steps=126 | track=e493ba4ab56eb794554c68533a2edc3e
global_step=60096 | return=20.53 | steps=64 | track=91d055afa83a108d6c25b8dedb345f06
global_step=60096 | return=-73.12 | steps=95 | track=2c38a0ca7e321bc978eb0ec3ac00202f
global_step=60168 | return=-16.33 | steps=74 | track=0fcefb3e973239b484353681b1640b9e
global_step=60488 | return=33.33 | steps=81 | track=572917b837bba23d70c77dadb043eab6
global_step=60536 | return=-44.91 | steps=45 | track=b9c911ae3d33319f7144f76753ab417d
global_step=60696 | return=-40.12 | steps=143 | track=08cd2f53d10923d15323e30bde7b9eed
global_step=60888 | return=-40.50 | steps=43 | track=1b1aff4b9ceffdd4d259aff6e275f72e
global_step=60904 | return=-97.88 | steps=130 | track=d061306f4646ec8659dd1239e3b083a0
global_step=60904 | return=-45.97 | steps=100 | track=507b1d1c77b1717e361dec9643a52de8
global_step=61152 | return=-107.53 | steps=131 | track=227deda99dfdb47c75d6113463e05245
global_step=61544 | return=-94.27 | steps=131 | track=16095a22d04679e2087aa6c464616bfb
global_step=61632 | return=-47.14 | steps=204 | track=d3feaffe3ac54c021a659d583fdddc10
global_step=61752 | return=-85.10 | steps=131 | track=110a842bf2383bfdb0de56be2dad41f6
global_step=61944 | return=-92.90 | steps=131 | track=e4ae3069c0d91ea2dfe35a961cce6ce6
global_step=62024 | return=-77.21 | steps=108 | track=15a1b1137e73f4ea1e3df0d00fcf6358
global_step=62064 | return=-31.52 | steps=144 | track=32b19a750e4ef86a3c08f64c96e26404
global_step=62104 | return=-36.46 | steps=43 | track=7caf0ff7f1d3ddd25b606570a9f383ed
global_step=62152 | return=0.61 | steps=155 | track=31372205a12e529bbd3c62805502fe70
global_step=62184 | return=2.53 | steps=305 | track=d59e5e2d7328cb8ba5eb847febd74d01
global_step=62680 | return=-66.06 | steps=141 | track=86cc784ba0842373a593efafe34e3c70
global_step=62688 | return=-87.53 | steps=131 | track=f0bf3bd2d0fb23b1697cdaa2a3336e4f
global_step=62904 | return=-39.56 | steps=93 | track=d2c425f32662d50ee550845a7208f076
global_step=63072 | return=-92.06 | steps=130 | track=c079ca106e1afe905e2414d53a02e2b2
global_step=63120 | return=-74.75 | steps=131 | track=0412926d8ac10fa29ae27f59cbcdd495
global_step=63120 | return=-35.17 | steps=146 | track=26c353cdd48c7b21d89ad3f364879500
global_step=63240 | return=-108.79 | steps=131 | track=183b83cc75bd0175bad3ed5a6bde52ef
global_step=63400 | return=95.19 | steps=88 | track=08df00cc5e3fdd6418d252e64695610c
global_step=63424 | return=-98.46 | steps=164 | track=cceaa63163fc941796f8958f064e8e99
global_step=63664 | return=44.11 | steps=67 | track=7f8fe4dcf8173ae90f093b89b7cb93df
global_step=63728 | return=-108.09 | steps=130 | track=2b0f4304f8f57be732e8d61eb628f597
global_step=63808 | return=-40.42 | steps=85 | track=92d0243c6280bd5a36f9fd1569aa6dc2
global_step=63960 | return=-92.83 | steps=131 | track=aff452552204591fb6c4b69d88894302
global_step=64176 | return=61.30 | steps=96 | track=d2572f98cbff6db80e9d78a59650e7ef
global_step=64336 | return=-53.60 | steps=46 | track=eca9ede3a46099e6f2ccb7311b7fcf01
global_step=64376 | return=-89.97 | steps=162 | track=b9054bbff8a7733b5a293678750ee38e
global_step=64432 | return=-25.27 | steps=148 | track=f9d5318744ce825ae1707302967df662
global_step=64432 | return=-4.31 | steps=125 | track=3d20bb4ef2c6420734f7d372ffa09076
global_step=64560 | return=-39.21 | steps=93 | track=c98fc670e5e4c65d9995f17d9fcb0b2f
global_step=64696 | return=-118.34 | steps=128 | track=95af26149fc396c97250bd69043f0026
global_step=64784 | return=-89.90 | steps=131 | track=63b803e1a5f26966d2371c9f24aa28b8
global_step=64920 | return=-0.13 | steps=60 | track=750159ec3b41a34d85b721d4cc120fb9
global_step=65016 | return=-46.23 | steps=56 | track=b950ac4b239658e58e884d0d6e995408
global_step=65392 | return=-96.67 | steps=131 | track=f000bbed28982bb1ddfa6b47b06e7c30
global_step=65424 | return=42.06 | steps=155 | track=b853e1024013ee64b6847f6a3597d2cc
global_step=65432 | return=-6.46 | steps=91 | track=085bc3ea28932dbd6ae3240242f3cc1d
global_step=65432 | return=-97.81 | steps=131 | track=5c77d2c355b09286b24ae9505971f963
global_step=65440 | return=42.70 | steps=64 | track=44291282ee4e3fc8588d71333c53b437
global_step=65488 | return=-80.54 | steps=131 | track=51d743d0b54e3c3721280ec85215b371
global_step=65536, SPS=39
global_step=65608 | return=-72.37 | steps=102 | track=ad046ad00bf8fd90051013fbd87aa768
global_step=65952 | return=-51.55 | steps=42 | track=6b970a60a47a3f7362b210796731249d
global_step=66072 | return=-89.66 | steps=131 | track=5771eafa1b5dc81204eac69d0472f316
global_step=66488 | return=-88.86 | steps=130 | track=22575b9fd2c0c55270dbd505e97371ad
global_step=66488 | return=-99.91 | steps=131 | track=dffc573cd0d23c18f03b6bee6ad98c3a
global_step=66488 | return=-91.15 | steps=131 | track=71b9f9ebd29abcceb575a2d5d2f4bf0b
global_step=66544 | return=-96.67 | steps=131 | track=e4827f3c0f54088182d1ebdc4d6a949c
global_step=66648 | return=9.32 | steps=152 | track=953d9285b34f2c8e360889ecd158c3bf
global_step=66800 | return=-80.52 | steps=105 | track=bc5fc560a6280b1e164f354d48300b7e
global_step=67008 | return=-99.72 | steps=201 | track=efbe309553c116e8ca028dfc1cfa3660
global_step=67016 | return=31.85 | steps=65 | track=3b2e9689c6a06a95bbebae303bd1d510
global_step=67032 | return=-0.32 | steps=67 | track=0d493566a796df08dc0c48e2756c64d1
global_step=67120 | return=-101.37 | steps=130 | track=7bea6cf137dd24a8a095e87aace9d473
global_step=67568 | return=45.70 | steps=68 | track=39c407e87c37388f51d589eafae5a33b
global_step=67696 | return=-54.33 | steps=130 | track=1bb43260267d1714f78f9b1f0d5a702a
global_step=67904 | return=-2.99 | steps=137 | track=0d9726385ac6b7345e0e781f097a314f
global_step=67904 | return=-54.55 | steps=169 | track=7dd8809a89b2bb2269df0a350013b91d
global_step=68056 | return=-110.00 | steps=130 | track=4df0b4c8cef2ebbab4d8bbea9ecb0647
global_step=68088 | return=-11.07 | steps=48 | track=cd592edbc1a7bc6478069f4c4a57d47d
global_step=68176 | return=-105.61 | steps=131 | track=20f7e7fd43a5ecb092474ec947153407
global_step=68312 | return=-21.47 | steps=159 | track=c107de6e71ea9d3f50e2627c7a5f46c0
global_step=68624 | return=-70.54 | steps=89 | track=0ca7baae30645d009489851420ab2226
global_step=68624 | return=-89.80 | steps=131 | track=82fade7d05a98f5d40e01f1465536c69
global_step=68776 | return=4.22 | steps=74 | track=53637ed95b38d65f98eb5a9fce4d03ca
global_step=68928 | return=-8.24 | steps=127 | track=46f7545f1b617c049f1332766b342f4b
global_step=69144 | return=-95.11 | steps=131 | track=e3242031d5be539e33f0cbf2844e5313
global_step=69368 | return=-45.37 | steps=131 | track=2aadf0453b1edc49dc8a8bf08fa4d128
global_step=69640 | return=7.29 | steps=197 | track=93200fcb59af5c52f2230484b5972ef7
global_step=69680 | return=-103.16 | steps=131 | track=c183e619c5c85ea479f51ec713620063
global_step=69832 | return=-104.11 | steps=131 | track=80eec965d4b601410dc280575dce34d0
global_step=69896 | return=3.45 | steps=425 | track=b7e08b8eb2b0e7b717af4cfc6ed69b47
global_step=69984 | return=-91.95 | steps=131 | track=aecdfb50cf8e669402cea05363629908
global_step=70112 | return=-31.01 | steps=58 | track=c42876f0f2dc4b2bdc3f3cb441e11925
global_step=70200 | return=-95.48 | steps=131 | track=53e7b0317c7dd64b9a6a32331e3d19fa
global_step=70424 | return=-102.01 | steps=131 | track=8380cf727500b5eb200c387a28740a04
global_step=70440 | return=-23.73 | steps=56 | track=de32016fbed19e158065a6487e6fe60c
global_step=70736 | return=-101.01 | steps=131 | track=15b7245e32391dd72f0942440db0eee5
global_step=70768 | return=110.78 | steps=267 | track=1bb6dfd6b8745872cc59b8641d71a58f
global_step=70888 | return=-81.66 | steps=131 | track=69790e61477e0711109c0563b104a8c6
global_step=70952 | return=-102.78 | steps=131 | track=04e68652e2e6452e8506cf39e9cf202b
global_step=71168 | return=-106.87 | steps=131 | track=85a3117365392cf2e742502cc471f455
global_step=71256 | return=-89.63 | steps=131 | track=a1d0f789f33d90fe4a8de33b4a162bf1
global_step=71472 | return=21.78 | steps=64 | track=ee619121cb0528b5a18332896a894738
global_step=71480 | return=-97.45 | steps=131 | track=3844a6722598c7468bf5873130c6fd89
global_step=71792 | return=-93.25 | steps=131 | track=f7251590aa8fbd62b95ec3d14d529163
global_step=71824 | return=-97.10 | steps=131 | track=6cdffc64fcc9b1b0ffc0950df9392f8c
global_step=71840 | return=-24.06 | steps=44 | track=c4fb2050302d99c2acd6b0c0391285bd
global_step=71944 | return=-108.48 | steps=131 | track=0ce7a9506e168c9baf04e652cf5531e8
global_step=72040 | return=-66.33 | steps=199 | track=c911bfaa4810df06b6e905ddea3b9ba3
global_step=72224 | return=-86.31 | steps=131 | track=375b0c953d627930a2c88e5dc287ec26
global_step=72312 | return=-117.81 | steps=131 | track=d1abcc09e0980933626086539af033bf
global_step=72376 | return=-66.57 | steps=41 | track=7517210625eba30cef99915cc9bac622
global_step=72528 | return=-89.18 | steps=131 | track=3bbe871e2a384ff0ed5b4555d9f9585c
global_step=72624 | return=-22.47 | steps=49 | track=b7c87caca50e786e90f932e2bfb617ab
global_step=72800 | return=-79.66 | steps=119 | track=7d9fbd5c8869426f78acc994ba41a0e2
global_step=72848 | return=-85.86 | steps=131 | track=4fdb955478f9114217723af0aa6f3927
global_step=72872 | return=0.39 | steps=61 | track=e0eaa9e7060d2becad8e76a3aa4230dc
global_step=72944 | return=-70.33 | steps=139 | track=c93d5a59b0291cbd854aa0bf5e2bcb0d
global_step=73120 | return=12.17 | steps=73 | track=ae694b166980e38869319e501c8c1067
global_step=73272 | return=20.70 | steps=165 | track=773ec750796cb4b49659aab6deab0fa0
global_step=73360 | return=-59.98 | steps=130 | track=f5184f1785411a86a58eaf6a83dd198a
global_step=73600 | return=-4.26 | steps=81 | track=5c897f2366a412e6bd44429f76a74fe9
global_step=73624 | return=-28.33 | steps=62 | track=cc2ab494f0e112da9f3d32d7c7c4e19c
global_step=73648 | return=19.75 | steps=96 | track=632a9a9d78faefab7e8b452d4d873d24
global_step=73672 | return=-89.48 | steps=130 | track=f8e38f3d97040efb6fc4fab6178c2de4
global_step=73728, SPS=39
global_step=73896 | return=-96.64 | steps=130 | track=69bd93ffef5830cf6b3787e66eed7ac9
global_step=74056 | return=47.86 | steps=86 | track=dbc2c9bf9d0439111447818e4213c108
global_step=74320 | return=-92.62 | steps=130 | track=d2ac03546997a96ed8e31d04587845da
global_step=74680 | return=-92.61 | steps=131 | track=27e50a60fd664ceaf1e117642cc215ef
global_step=74696 | return=-110.07 | steps=130 | track=2a56a10837c7be3289d9c434368247cd
global_step=74864 | return=18.44 | steps=257 | track=837acd8dfe8fe62172431379dc189ed3
global_step=74952 | return=-94.95 | steps=131 | track=b4bb35e5c821d1487281a519d12ac56a
global_step=75104 | return=-88.22 | steps=130 | track=5003cb01e9f1b13c3e35b99f5bd861e1
global_step=75232 | return=-23.73 | steps=45 | track=f9b81cd1c8c6ffb26333528b8c39ce19
global_step=75376 | return=-107.35 | steps=131 | track=c371e9f41e7b3292be1332e7a8655c5c
global_step=75464 | return=117.19 | steps=223 | track=693f4301781dad0abf5719ca940528b6
global_step=75496 | return=-31.54 | steps=48 | track=6d07e65f27e03a51eba93e6e030dad8f
global_step=75496 | return=-85.87 | steps=236 | track=2bc4159aa0ade22693e0116f0d13ed98
global_step=75736 | return=-82.11 | steps=131 | track=1e612d7e6bd2053b18fec8e3598de1e3
global_step=75752 | return=-91.04 | steps=131 | track=7b909819c5ef0950e610ea54ed11997c
global_step=76288 | return=-83.54 | steps=131 | track=27897bc702f0acbd1b3858846df76fb2
global_step=76296 | return=39.45 | steps=67 | track=5a61eb45d9680e5bd4ad5c811be87b92
global_step=76472 | return=85.92 | steps=189 | track=f234cbce8329df5c026875edb4daa365
global_step=76512 | return=-93.20 | steps=130 | track=019cbd5a1ad01c0371208d505b77c1a7
global_step=76552 | return=-82.90 | steps=131 | track=cd7d26b26cbbf43cd6eaf29f5ce3f026
global_step=76760 | return=-73.89 | steps=157 | track=f79032f5284dfe3563111790809f54f6
global_step=76784 | return=-92.51 | steps=130 | track=134998d836691632d4862b3b095f064e
global_step=77016 | return=-55.35 | steps=204 | track=23eac8531f0197780c0b1517962c1cd7
global_step=77344 | return=-86.95 | steps=131 | track=9b7ef665dd5db6603ab8b2674ac9d3cd
global_step=77352 | return=-67.79 | steps=131 | track=e284870e02a3c814a0bb3f4dbd6ecc3a
global_step=77568 | return=-122.65 | steps=131 | track=315d5eb556a9dbd5bcd0623b569dd0b6
global_step=77672 | return=21.21 | steps=149 | track=2194d3c54b08ea84d8d92fd8fcac4eca
global_step=77800 | return=-68.24 | steps=129 | track=7b28a6c87b45d8480e16525b61c438d2
global_step=77840 | return=-99.77 | steps=131 | track=e53f10e38c0c10a7fa0b484508aed632
global_step=78064 | return=-90.52 | steps=130 | track=ab94862ab812189b29d6b1e305ae7446
global_step=78344 | return=1.10 | steps=62 | track=15cddc21f34974c19906cc1843ec75af
global_step=78352 | return=45.07 | steps=224 | track=733db8e3162b2385fa61e8af4911dca7
global_step=78408 | return=-96.19 | steps=131 | track=7f615afe4bf8e734b474f6377bf9f8da
global_step=78536 | return=-25.65 | steps=148 | track=8aa2244d469bb4fa78a7fb1a47339c23
global_step=78552 | return=5.13 | steps=60 | track=9ee223cd67d8ae5602344d4df8d1a7f7
global_step=78552 | return=-37.11 | steps=93 | track=f5121d8a5498417fe43c1e005c04b1fc
global_step=78624 | return=-107.63 | steps=131 | track=65bec08bed25695d3137344b5aa1a6e1
global_step=78960 | return=-52.04 | steps=160 | track=3cd56ef4cc18a2af6d563195099da64d
global_step=78968 | return=-89.92 | steps=69 | track=fe64a7e7bf338010c5865e142d827159
global_step=79120 | return=-38.36 | steps=95 | track=60bbd426013a1af00ff4e8bfe1a89f64
global_step=79208 | return=57.15 | steps=72 | track=7d1c439c70e41f2cf1bb2ae109658dc5
global_step=79400 | return=-94.83 | steps=131 | track=c4b999c7c3e14b10be976cf6b440f4f2
global_step=79600 | return=-92.60 | steps=130 | track=69cceddc73a89c276eff645b3106521c
global_step=79608 | return=-93.33 | steps=131 | track=648ec95156efeeccfef5e40ef0f0fcfc
global_step=79656 | return=-3.00 | steps=66 | track=2580b3c4cb317ec5141c5e1109fed5e6
global_step=79712 | return=-44.80 | steps=92 | track=d89cbafc3fb733b5a36ee6c8aff8cb27
global_step=80016 | return=-83.80 | steps=131 | track=1ba2a9120fc954b915126e282ee30fdb
global_step=80136 | return=40.26 | steps=91 | track=3bfc2abe4010b586ecfe8ab1645c5ad9
global_step=80264 | return=-95.71 | steps=131 | track=e231df4e71582c240cc3e1a52b2a8e1b
global_step=80360 | return=-100.72 | steps=227 | track=1924382ff6a74cdf45517beac5d73373
global_step=80472 | return=-73.88 | steps=108 | track=2200caeb42dd22e5dd55a6f24174767b
global_step=80608 | return=10.77 | steps=73 | track=5dfb251da90e0c8aea5b5e5f0800870d
global_step=80664 | return=-91.40 | steps=131 | track=8c1bbd0656b881115fe4c1ed7c04afce
global_step=80712 | return=-103.88 | steps=131 | track=28f85af22d4bb36c1668fe8ded12432b
global_step=80768 | return=-106.09 | steps=131 | track=097195330978b6271e7d076b06c03199
global_step=81168 | return=-81.19 | steps=100 | track=794d6da8f9538c89610fd902e5bedcec
global_step=81184 | return=-91.76 | steps=130 | track=5441f2ba4dd94776332d0eede2793546
global_step=81320 | return=-74.09 | steps=131 | track=d7093f22e3af8aea168bf2177a2535a2
global_step=81544 | return=8.40 | steps=133 | track=3c0fdad879a21c89ce90cb2b3e74dcbb
global_step=81696 | return=26.35 | steps=63 | track=8c2f41e35d55d790e2bff216ce2a45a0
global_step=81760 | return=-99.10 | steps=130 | track=3e80b755b70c988e4eafc90feedbea9f
global_step=81816 | return=-8.40 | steps=61 | track=2a11fcd039c00cd233832337d3d8ac55
global_step=81816 | return=-97.98 | steps=130 | track=8beb32804c9336bfbff1f6b617b9c201
global_step=81840 | return=35.22 | steps=83 | track=716779ef4d31d364d5f764b97d1e88e7
global_step=81920, SPS=39
global_step=82216 | return=-127.08 | steps=193 | track=af4cf7b77cbcc9de8b462399c182c436
global_step=82304 | return=-4.73 | steps=60 | track=e08e3f6177d4404164666628a4db0ba3
global_step=82384 | return=-86.38 | steps=221 | track=f89a738d8588ac5eaa3b49b7a803b37f
global_step=82512 | return=-86.46 | steps=86 | track=452717f7f14e866a864b27610c7d926d
global_step=82600 | return=-87.31 | steps=131 | track=db722976f61f9c37c1bcbb8b7cb3624f
global_step=82752 | return=-93.16 | steps=131 | track=41451f3351650810e1263c89cd9e4fa2
global_step=82816 | return=-94.80 | steps=131 | track=888c4b02464625ef57d90701a85b8e60
global_step=82888 | return=-5.94 | steps=46 | track=7a26f7774ebedeff0a9672508018bc2d
global_step=83056 | return=10.91 | steps=151 | track=528e61526aac982fc49833e810b8b0b0
global_step=83320 | return=-2.65 | steps=62 | track=f7765438f6ee368dc718a99c21126045
global_step=83440 | return=-103.75 | steps=131 | track=29174f48d649c0540a0cc252dd0dca74
global_step=83608 | return=-103.90 | steps=162 | track=832a2e8574878ef96b729adb6b5ee7ed
global_step=83768 | return=1.14 | steps=145 | track=309d3c02a07ab2a1959922ad241cbd30
global_step=83808 | return=-101.10 | steps=131 | track=4f5a9d0c2a08d8efa146b79aa6f8f256
global_step=83928 | return=3.18 | steps=213 | track=9b0600a209268cdb10784d73fad233df
global_step=84112 | return=-88.03 | steps=131 | track=c9e967ce0f4851f9058d43e4950b8c9d
global_step=84152 | return=-22.76 | steps=88 | track=37863a75998bbb560b1c9ea5cfaf082a
global_step=84376 | return=-98.34 | steps=131 | track=f1bc412b727538cb8bedd7416d8abd44
global_step=84464 | return=196.92 | steps=81 | track=b40110850f4fb4dca06bb1b2811a8e63
global_step=84560 | return=-52.14 | steps=55 | track=c37db1de392c7f9c1ea39daa820715ad
global_step=84664 | return=-73.23 | steps=131 | track=56b426c05f8b13adaea139691050044d
global_step=84824 | return=-95.26 | steps=131 | track=94d1c893a63a3021fde3aca197477603
global_step=84872 | return=-50.47 | steps=50 | track=f12fcdd2a6c0738c6cacde8fa7eeb76b
global_step=84992 | return=13.48 | steps=132 | track=fb8fd93ee294ccb0b49582922902c0eb
global_step=85120 | return=8.39 | steps=120 | track=69ee4d55c770493e46826acde5c844a3
global_step=85168 | return=21.67 | steps=62 | track=f3c0007db6fe27cd372b211eca31c25b
global_step=85432 | return=-109.19 | steps=131 | track=bf8787589bd923226e66961840b78229
global_step=85560 | return=51.16 | steps=70 | track=b5ec12144eeb0a0b25ff6524c7f12705
global_step=85616 | return=-82.90 | steps=131 | track=32173e7f09b9af08f2304937fbe582da
global_step=85656 | return=30.16 | steps=66 | track=011a3321724286843b50e170508a334d
global_step=85776 | return=173.39 | steps=360 | track=0c8b94b51207fbd1d5d5ac634994d87e
global_step=86048 | return=16.47 | steps=152 | track=b6205f4f7ba0efb4c2653cf8a20c3ff9
global_step=86096 | return=9.94 | steps=152 | track=09368b71608165b1a75c6d6710d09590
global_step=86488 | return=-102.97 | steps=131 | track=0d29a58f6d8a81e7ef44ed1826a242b9
global_step=86576 | return=-104.66 | steps=119 | track=41f24528f6649556609d6941abffbf9a
global_step=86616 | return=-89.18 | steps=131 | track=444a04cf9e9555a97e8801ead6ee1f5f
global_step=86616 | return=39.46 | steps=64 | track=47c4ad4e7ceb3a73af0f2d81d07c1d7e
global_step=86712 | return=-94.71 | steps=131 | track=55e97c025ec7abeb17937e232921953a
global_step=86832 | return=-77.77 | steps=131 | track=d30df58c88b31d1588df170c521bd353
global_step=87032 | return=-61.01 | steps=232 | track=53cfbdc0338d63de56fe09a64aa83855
global_step=87104 | return=-77.70 | steps=131 | track=954d96f2d9f2eb6955f6630b174e0464
global_step=87216 | return=-30.36 | steps=90 | track=e38113117f32072bdcc2cc39920ebf39
global_step=87496 | return=-70.76 | steps=109 | track=2afcfd783604bbae4b03c84e9aed7701
global_step=87672 | return=-98.06 | steps=131 | track=c012faa0384b18d6252338d679cbeb55
global_step=87768 | return=-92.47 | steps=131 | track=1a0c0092855e2065437b2bcb207d09dc
global_step=87880 | return=-103.86 | steps=130 | track=222f261bdba409035d8951114198a73d
global_step=87984 | return=-11.29 | steps=60 | track=2e4977bbb93c84fb192719d5e930ae35
global_step=88088 | return=-65.07 | steps=131 | track=b7c217831a1e39fd26bbf69ffa42e10a
global_step=88088 | return=-21.19 | steps=188 | track=ffeda6426151dc265e2e89cd1984f684
global_step=88248 | return=-26.87 | steps=142 | track=9e7bedb346a6de4d3385e7b76d037000
global_step=88400 | return=-54.79 | steps=147 | track=a6a8bb09855363c3103c4e1feafa490c
global_step=88752 | return=12.61 | steps=62 | track=d209cf468a149cde9a238ec080b5b41b
global_step=88824 | return=-106.40 | steps=131 | track=5f0740a636b579a80cc36f983301997c
global_step=88936 | return=-67.17 | steps=131 | track=86ec0f0b03ba44ac73a0cf39c0daa928
global_step=89040 | return=-92.90 | steps=131 | track=483cb65b1ee1a0a89db7accde1b03e57
global_step=89056 | return=184.41 | steps=172 | track=62f636924ee00a9d7b664e5bb96e7460
global_step=89144 | return=-99.46 | steps=131 | track=787982c3db8483ed4c7f869a24453c60
global_step=89456 | return=-95.90 | steps=131 | track=95ff9a149fd921fd122e1c41d2111e0c
global_step=89584 | return=-65.93 | steps=94 | track=5513a8ba252c354a3d53556e0b4a0c61
global_step=89600 | return=57.06 | steps=69 | track=a6a2b3925572ffc4691853e5c3772303
global_step=89752 | return=-13.56 | steps=207 | track=82f1580676b2bf4beac95296f1d0aefd
global_step=89808 | return=-86.09 | steps=131 | track=57ce7a36c5b65c3405115668de56f8af
global_step=89992 | return=-96.43 | steps=131 | track=30194719d73169224b7137ba247cd4b0
global_step=90112, SPS=39
global_step=90120 | return=18.40 | steps=64 | track=521bf24c115f60a3f3871073f2b8dd20
global_step=90152 | return=48.24 | steps=70 | track=c4cd5c0a4b26447caf06a51e5564b30f
global_step=90200 | return=-93.80 | steps=131 | track=c64443f18280c634cd66b5c2aadefbe1
global_step=90296 | return=-9.74 | steps=154 | track=8520fabee3e74bc9aedd1d26e8b4c30d
global_step=90328 | return=-25.28 | steps=64 | track=439d0f4042010b45ff0abe46fa50ba2b
global_step=90512 | return=-94.30 | steps=131 | track=ba7b02e7761be535d30c576ede20194c
global_step=90808 | return=-97.43 | steps=131 | track=2fba8080da6ac426d4c363870654ad81
global_step=91048 | return=-88.20 | steps=131 | track=81a938454dbc5f1992f2398cc4936db4
global_step=91176 | return=-82.73 | steps=131 | track=202d7141910e63ed4cb206dcb1e541aa
global_step=91256 | return=-99.26 | steps=131 | track=419251884c8ab8ae27f66e28a1ce9376
global_step=91384 | return=-89.66 | steps=131 | track=665d523d5a4b828fa406488a342af797
global_step=91424 | return=-7.20 | steps=158 | track=5602d11da35d08db1d66ca55ef101602
global_step=91568 | return=-78.29 | steps=131 | track=411b7d8017c9ef664ef92938f2f04b25
global_step=91600 | return=-29.99 | steps=162 | track=cf092e7950b705e7c37d3cd3dadefc1d
global_step=91856 | return=-97.88 | steps=130 | track=13d1652d895ce3ad9bf7cf1cb21227e8
global_step=91888 | return=-69.69 | steps=104 | track=6101ccd9b849d1669216fd8419f8e237
global_step=92184 | return=19.56 | steps=99 | track=0dc6ea88ff410b96f52dba1b784d87c1
global_step=92304 | return=-89.07 | steps=130 | track=f28c3b310ceaf1591b2adbe4a81ea5c4
global_step=92376 | return=-59.41 | steps=149 | track=906cf32bd6cb3fb72def3b31a8ecb838
global_step=92480 | return=-116.33 | steps=131 | track=c73d5c66c0412ba3bf62268032b34725
global_step=92624 | return=-98.91 | steps=131 | track=9adfbd852d612aef426f96e034622f94
global_step=92656 | return=-93.66 | steps=131 | track=4bb0510298bde51da1d2e8f91e5864d4
global_step=92904 | return=39.69 | steps=65 | track=59b332b162e0ae2db49fca760779918d
global_step=92912 | return=-98.20 | steps=131 | track=54b0367148217ce8065e218bc167bd44
global_step=92944 | return=-105.61 | steps=131 | track=2d9bde8f32cfbf1aab108ee278911040
global_step=93240 | return=-84.76 | steps=131 | track=14aba93e4d5397cf4a4c0d7a7ef715bc
global_step=93360 | return=-100.26 | steps=131 | track=410c59d4b89669019cec4a7c7ada481f
global_step=93536 | return=-81.90 | steps=131 | track=617c3349216b6b42bbd4d4fb42bd5376
global_step=93704 | return=-86.52 | steps=130 | track=f4dc1c8903a07a21724a7134b02ba369
global_step=93960 | return=-96.43 | steps=131 | track=be650d82413bcb54af0feee901dcf045
global_step=93968 | return=-91.15 | steps=131 | track=4a00aee101aa078b4aefd30386c56624
global_step=94000 | return=-107.22 | steps=131 | track=34553cf427d1a91aa7c69a0f498403b1
global_step=94296 | return=-98.06 | steps=131 | track=f76ab8e57f73102f05056bf016b306fc
global_step=94328 | return=-78.49 | steps=212 | track=8802cec269bc4e10af914ec03d07853c
global_step=94416 | return=-58.50 | steps=131 | track=1599412d4dfc3fa09b52326408da83a2
global_step=94472 | return=8.27 | steps=63 | track=37267ad56d9701ab182733d6a8861edb
global_step=94592 | return=-114.78 | steps=131 | track=fb840bfb4657f4f0e2bb352ca9c3148b
global_step=94728 | return=-67.67 | steps=49 | track=a53f9f99ccacf5671efec5c4d781f41b
global_step=94816 | return=-67.18 | steps=105 | track=ce6350c63a6abe7692ed0d014c2de896
global_step=95056 | return=-99.40 | steps=131 | track=d2adf255e04be6f040b4fd7adec9ba18
global_step=95352 | return=-93.77 | steps=131 | track=e50be505573b780df947c4c82dcdead0
global_step=95472 | return=-88.45 | steps=131 | track=97c508e911f494c07b8bc1a8d579c0f5
global_step=95528 | return=-85.54 | steps=131 | track=8f9115a29116e5ecb1b36001708974b6
global_step=95648 | return=-90.94 | steps=131 | track=c57abd5aa43e71eff7bfdc4ab2def17e
global_step=95784 | return=-83.45 | steps=90 | track=2d1f0a5f0b2cf738d3234e5f9bbe0799
global_step=95784 | return=-75.99 | steps=131 | track=c4f604fdaf80c68235d39e171bb546c2
global_step=96104 | return=53.24 | steps=299 | track=cc05c95d7e0448505a160ee4a123fdcf
global_step=96400 | return=-101.21 | steps=130 | track=3bb6de523426294b7832ace0421a83f7
global_step=96584 | return=-90.02 | steps=131 | track=3e3c15f8e7911cf05f621f8ba208ab65
global_step=96704 | return=147.93 | steps=153 | track=8e97ccac01f838ef0897baa5280d0ab0
global_step=96704 | return=-95.78 | steps=131 | track=25850537cb704185272b986ffdd34f5e
global_step=96840 | return=-89.85 | steps=131 | track=49ba19bab696013b53689d9f37b3b9dd
global_step=96840 | return=-87.32 | steps=131 | track=bb6d027070cb63442053a29d9f49555e
global_step=97080 | return=-91.46 | steps=121 | track=4eba84c0f6e91d7787937fb3bffea92b
global_step=97080 | return=15.71 | steps=61 | track=f788db053442cacc925d0d9a1b5bb564
global_step=97136 | return=260.72 | steps=289 | track=f6c05634744fed099d373f7c793563ce
global_step=97216 | return=-37.17 | steps=63 | track=a20b79f7ffbb4987b0cc1cb4742f1ba7
global_step=97456 | return=-23.45 | steps=46 | track=43cefba067dd12ae43c491a871373d09
global_step=97456 | return=-97.61 | steps=131 | track=47e32430cb1808b7fc3253098fa687a5
global_step=97640 | return=-48.26 | steps=116 | track=26c9f9014c479a09781cb094151b4af5
global_step=97696 | return=-12.03 | steps=59 | track=b25b485b306bcfb33c9594cf4f668868
global_step=97968 | return=-105.35 | steps=140 | track=01b1557ff05fddb2cccbe451c7c59df6
global_step=98136 | return=-105.98 | steps=131 | track=19bd35badb740f3c91c01fd1ed7353ba
global_step=98192 | return=-87.53 | steps=131 | track=14b241ec911675b400b9d1d81df06ef5
global_step=98304, SPS=39
global_step=98512 | return=-83.36 | steps=131 | track=94e51681840f7aa112cd66a8e94207fb
global_step=98696 | return=-109.15 | steps=131 | track=e2bf94395e2e22233007369415859b41
global_step=98752 | return=-93.01 | steps=131 | track=71ad596478f589b751d1960f8938415f
global_step=99024 | return=-102.78 | steps=131 | track=e407719495da1da85430ca24f7a87789
global_step=99088 | return=-134.41 | steps=203 | track=d6003d0ca74b27c0cb189ce0b54f36bb
global_step=99248 | return=-87.53 | steps=131 | track=ea088540f99d7c0e1f6636e27eef4625
global_step=99280 | return=-43.43 | steps=142 | track=72fda07c088669977263abbfac8fc675
global_step=99624 | return=-23.12 | steps=347 | track=9e14ef3386a6ea7aaa0752f04e76004f
global_step=99752 | return=-81.62 | steps=131 | track=d2a230ac664b24fa4081b45a89b6c91f
global_step=99984 | return=13.51 | steps=119 | track=0e2c9cf186d07b895895cfe248eba182
global_step=100064 | return=-53.55 | steps=163 | track=e9272315e1d2fa479d3063fee1920c96
global_step=100144 | return=-84.30 | steps=131 | track=cd4df3e5d261e3999446640628c2ad12
global_step=100160 | return=-98.71 | steps=205 | track=893525f4d586aff04623268a3a23ab4c
global_step=100304 | return=-90.29 | steps=131 | track=0668bd3be7159e3c37e46fe90cde6e53
global_step=100336 | return=-96.42 | steps=131 | track=bc8750173d85a1149121e44f077634bf
global_step=100472 | return=-61.06 | steps=40 | track=ea12f88c45569881fb423cedce516879
global_step=100560 | return=-4.21 | steps=61 | track=7732513777f24dd622b78f2a7aeb326c
global_step=100680 | return=-100.87 | steps=131 | track=f9000aad7188ca15f3c566f2d3cd3936
global_step=100808 | return=-97.24 | steps=131 | track=cadb11f708feeb1e8cffc11bf2616534
global_step=100848 | return=1.45 | steps=67 | track=95c862e76220662704066c1a8e5e779f
global_step=101008 | return=32.40 | steps=66 | track=383d63f9d3a65380cddee989bbfb4650
global_step=101240 | return=-9.56 | steps=134 | track=5798e30048962ee49a35d410dbf6c865
global_step=101384 | return=-53.83 | steps=102 | track=7f5528d297d5464e84ec54b5291269e1
global_step=101384 | return=-101.94 | steps=130 | track=1344938408628f1d9bba86d7cd02cf60
global_step=101408 | return=-17.01 | steps=69 | track=10e7bba3e6e24a1a85b18e712c48fb3f
global_step=101656 | return=180.48 | steps=208 | track=580370e6504fad79a57b2bcbbe7b9d77
global_step=101736 | return=-87.47 | steps=131 | track=605d48cd91e844ac075523c8dd5aa8c5
global_step=101944 | return=39.66 | steps=66 | track=ac49b5d8806ee2349f6c4c5c0b7f6027
global_step=102032 | return=-7.96 | steps=152 | track=34d8cf093fe759d0cc736f966700cd98
global_step=102168 | return=-27.26 | steps=144 | track=dfd89369a55adbac69fbef02335d597d
global_step=102280 | return=-5.29 | steps=67 | track=a04d306c67916f75b9f177808d617a9d
global_step=102296 | return=-94.30 | steps=131 | track=a735409023043310ea28669ad72cb58e
global_step=102440 | return=-87.17 | steps=131 | track=98d09d8ac665a1226b84f6690e91c326
global_step=102440 | return=-87.79 | steps=131 | track=5fec95b5065cf5e185b7596a0c6c11ca
global_step=102496 | return=-44.23 | steps=40 | track=6e7c04416be33932b9a4354c399aaa58
global_step=102712 | return=-103.66 | steps=131 | track=d6f603aa07a99283f06a3344d1ad686f
global_step=102848 | return=45.77 | steps=70 | track=bf50b57d7d2449d0137a0a0cd406f3b2
global_step=102936 | return=8.03 | steps=61 | track=34aeb7938d87e4ce4318f375079c2081
global_step=103000 | return=-97.24 | steps=131 | track=2bf3fd34e4a59935f70e003b78de4cb7
global_step=103344 | return=-94.90 | steps=130 | track=f6a68f8bdb6155b81c1d3f23f13e00dc
global_step=103384 | return=-46.48 | steps=47 | track=e83210eaee5e69cdc8ad640e7d4474a8
global_step=103480 | return=-43.21 | steps=95 | track=163a040e90c27be1ea85200918368d8e
global_step=103488 | return=-86.21 | steps=130 | track=b1d7e0847ef291a303c0f569d09649e6
global_step=103552 | return=-88.03 | steps=131 | track=62d5bb82bb3d8e254ad04393a33c93a0
global_step=103736 | return=-82.60 | steps=110 | track=aa1a271f89bd3f7524282435081f9d0b
global_step=104400 | return=-75.93 | steps=131 | track=83db9722dc1876c9c8ac423466ec4fd8
global_step=104432 | return=-102.12 | steps=130 | track=d9690560a116f4e679a11b80e2234a9e
global_step=104488 | return=32.54 | steps=306 | track=60903259daef5b4a1845bc670a9676e0
global_step=104528 | return=-80.59 | steps=198 | track=1c558065278afe50cd939988c4033118
global_step=104536 | return=-107.53 | steps=131 | track=e1c9c1f3f6e9868b5a6ce6111e6c9f23
global_step=104544 | return=-91.76 | steps=131 | track=22c3ba32cc9a5d42a5f4933c102c5704
global_step=104600 | return=-92.51 | steps=130 | track=ff8f40a534c944b6cb9b69e706548123
global_step=105408 | return=-31.82 | steps=107 | track=01df36acbde287be031a4d7842de4f9b
global_step=105448 | return=-109.80 | steps=130 | track=faca9017728a363155525bba578d5b23
global_step=105536 | return=-95.30 | steps=130 | track=43fd75b204d80d5cfbc78106508b9cc3
global_step=105584 | return=-94.71 | steps=131 | track=017484a60f7838170c6dfc98fd20355b
global_step=105592 | return=-99.77 | steps=131 | track=0ee4e8b15399a122b429339a38b7066d
global_step=105648 | return=-24.99 | steps=238 | track=c446cc7d8ba1a79d450b916e76f2f13f
global_step=105760 | return=-29.00 | steps=144 | track=b5436409561a3b0073f096002c71b6c6
global_step=105784 | return=-20.19 | steps=46 | track=349753946d57096edc569ce7e2851d5f
global_step=105992 | return=-29.43 | steps=42 | track=7f3a19e4ac502f0f0f569ced09533f74
global_step=106000 | return=32.10 | steps=68 | track=af2b0123428b4e2cd4fc5b69b89e191d
global_step=106096 | return=57.96 | steps=69 | track=24e4b4cbf4421780c215e699ed75e1cf
global_step=106360 | return=-24.88 | steps=44 | track=ed8ae7a5acaa2505ca3e71bb87def5e7
global_step=106392 | return=-18.71 | steps=244 | track=0ca9cf56626515158b32aa003fff2d10
global_step=106496, SPS=39
global_step=106640 | return=-90.83 | steps=131 | track=fe7418879b5dbddd3d1f92a29095246b
global_step=106648 | return=-102.02 | steps=131 | track=493adee76185f17bb5eefd00f6227458
global_step=106768 | return=-0.22 | steps=83 | track=5ea0308f7e38fe06a6fe861d1eff9d78
global_step=106840 | return=-97.24 | steps=131 | track=d986e827cf41a7fc3d0c3c4b35f4968e
global_step=107144 | return=-63.37 | steps=97 | track=6d5cbdb511b72369d7e9b001515705c9
global_step=107192 | return=-9.45 | steps=43 | track=fc5d3fa23af1881be853ae356638fd72
global_step=107312 | return=109.47 | steps=193 | track=c683db43e1aa891526f3ade255d1cfeb
global_step=107448 | return=-98.53 | steps=131 | track=dc91148c9df7daa0bc1f8ee6a51ecac8
global_step=107512 | return=-56.41 | steps=45 | track=ec53b999596e83814a73babd48d6c992
global_step=107696 | return=-50.51 | steps=130 | track=b944dafd35f33493e4a553a5d566a83f
global_step=107696 | return=-92.40 | steps=131 | track=457374e472285d07830c69a20aee6d60
global_step=107976 | return=-81.14 | steps=247 | track=71036c1579e0446178779cbd08c8a9ca
global_step=108040 | return=-31.01 | steps=158 | track=e09056262c53fa20f75ba2b8b05fb677
global_step=108096 | return=-61.16 | steps=49 | track=efa76c92c473b68ee29a322a94daa70e
global_step=108120 | return=-45.98 | steps=100 | track=eada695127a68b336c100a40d167172c
global_step=108248 | return=-97.45 | steps=131 | track=4ca2468d5c6bee66b9036c3c5e6c1763
global_step=108392 | return=-32.76 | steps=51 | track=c97c279dc45deb74ec897a68f0755d42
global_step=108496 | return=-45.82 | steps=46 | track=c318eac2dd008f9bc8410ea9b99ca024
global_step=108504 | return=-86.11 | steps=131 | track=a325a2d092abc619e82c9e807bb7a06a
global_step=108568 | return=-92.47 | steps=131 | track=7b48e3beeb50af730c7ebf6f8ab98818
global_step=108744 | return=-98.74 | steps=130 | track=d540beded4929f4983b6520220086b49
global_step=108896 | return=11.17 | steps=62 | track=e7c10afee96fa7bb7ca6591bef6cd3e3
global_step=109248 | return=-39.01 | steps=143 | track=50f66c809d5e3e2a39686484a588bb1b
global_step=109256 | return=5.71 | steps=151 | track=0dfe0355398f52faea4bf653fedeb84f
global_step=109304 | return=-97.41 | steps=131 | track=15ea3ec2fc6dee3393bcefcde4f5aa40
global_step=109384 | return=-10.08 | steps=60 | track=7c7af345e1aaff432c23198d038c596f
global_step=109552 | return=-81.97 | steps=131 | track=85694bd632df74db5c9b58ea448bcc5f
global_step=109552 | return=-99.02 | steps=130 | track=465a2dd434259aa6c053c1272908b8b3
global_step=109624 | return=-93.59 | steps=131 | track=714e788cdba474de8f2ac39187ecf7d3
global_step=109800 | return=-67.46 | steps=131 | track=d75427e2833d87bd2ebf33dbfac2a79e
global_step=109816 | return=41.00 | steps=63 | track=df5f50b1c562b941172cf51f14c58164
global_step=110000 | return=-55.60 | steps=76 | track=6a654a943ea9bbc6690dcaa4aa2622b7
global_step=110040 | return=-31.00 | steps=98 | track=4faf0db4cc0608c744d0a254dc8da9be
global_step=110160 | return=26.75 | steps=75 | track=701b9f51db2ae537c7ffab821e1465ca
global_step=110312 | return=-100.97 | steps=131 | track=32d44851bf7e6314d38f769128b66ad0
global_step=110392 | return=-34.69 | steps=43 | track=eb7cdd1eea529acca8072fd6e4015ca2
global_step=110608 | return=-94.00 | steps=131 | track=3df67bce74361bd38c5c435229ef3d18
global_step=110680 | return=-84.69 | steps=131 | track=f2bbb429814dd1171fe2c0c56f31d32d
global_step=110856 | return=-91.52 | steps=131 | track=e4d295aaf7fa0860f4c7f7852e5683fd
global_step=110888 | return=-78.41 | steps=110 | track=479f185cea851d3ca1c5c4051b270b0a
global_step=111184 | return=-90.97 | steps=170 | track=ba38e9beaa55b34ea7cf16df05181725
global_step=111216 | return=-90.51 | steps=131 | track=89cb1a4cf0c0087f9f4061eb5f8e7483
global_step=111368 | return=-97.58 | steps=131 | track=1ae9ca9c8a30d192ad5160c2ac24d821
global_step=111384 | return=27.56 | steps=65 | track=4e41bd7307aa1425b7fa5f751f4ea1ff
global_step=111416 | return=-6.03 | steps=91 | track=a6efc7432b98e328feb0791745c4fb52
global_step=111440 | return=-93.27 | steps=130 | track=075451731be7f935613495385318d2ce
global_step=111696 | return=-50.77 | steps=100 | track=e5ad81c12d2d9fbfae396a7baab4ae2a
global_step=111856 | return=-28.64 | steps=60 | track=d489b64278038805314d313e97e2b2ff
global_step=112024 | return=60.52 | steps=72 | track=0dd1d165bf6da8c27cd2b8f09b8dd3e8
global_step=112048 | return=-78.35 | steps=107 | track=35391804e0f814a9196feda5aa3ac913
global_step=112264 | return=-12.08 | steps=206 | track=df97895272cfbd541ee20a4805e8b0fe
global_step=112392 | return=-69.27 | steps=146 | track=b62e94ed00ec0811c8403d9b134cd4fe
global_step=112472 | return=-94.49 | steps=131 | track=9c7b1532776fdad5bfd1f31b6d388396
global_step=112648 | return=-79.87 | steps=157 | track=9f2e3981e8b7358a91f54d1f0ae73b09
global_step=112752 | return=-122.15 | steps=131 | track=fb86fb8edf7b4585283b94d4caaebe27
global_step=112800 | return=-43.63 | steps=66 | track=7c746ad2fa429cabdc1fe08bc2c10243
global_step=112912 | return=-83.36 | steps=131 | track=f8f9a196658ed600c31f88f93deb7f55
global_step=113072 | return=-94.16 | steps=130 | track=e4014031933cecb41c9bc29ab12c9102
global_step=113096 | return=-92.63 | steps=130 | track=e36b4a8f4c20e86f3f11c230d2698cb7
global_step=113224 | return=25.21 | steps=103 | track=c3f16288c14a1b09097017e3db55168f
global_step=113272 | return=4.23 | steps=58 | track=8186a572f0b39f4c03b5f8e75b723fb3
global_step=113416 | return=31.32 | steps=62 | track=fdb988f57b0d24b2d6a1cd3baf98a3e8
global_step=113528 | return=-88.00 | steps=131 | track=eed563b0d63c899bce981de0c5c961da
global_step=113632 | return=12.44 | steps=69 | track=eab79f5b4c2ab2d0cc37de526637c520
global_step=113704 | return=-98.96 | steps=131 | track=2a233ae8493f8f375fbf9fb20f422a64
global_step=113712 | return=-49.34 | steps=54 | track=2f5b31405d6803820ea7209a57251c1a
global_step=113808 | return=-87.97 | steps=131 | track=f05322bf3981a7af6b12fe9b59fdaf9f
global_step=113864 | return=-34.54 | steps=95 | track=29ed746dfe47af527874292596a785a4
global_step=114280 | return=-99.91 | steps=131 | track=2f4afc6376e49d2e1f5dfda43359762f
global_step=114344 | return=-64.16 | steps=101 | track=0af742c3a1580c4d0afdc4cfe0bed3a2
global_step=114424 | return=37.77 | steps=69 | track=299140529fc096a6b85d71bcd8142f45
global_step=114472 | return=-99.77 | steps=131 | track=1c228865534ffb26621e5f02bd269eb7
global_step=114688 | return=-66.60 | steps=131 | track=a512ec7997fbac1e4dd0fdc7950c169e
global_step=114688, SPS=39
global_step=114704 | return=-21.49 | steps=123 | track=f4b8d963efe96af4158e673e22d530b1
global_step=114760 | return=-88.00 | steps=131 | track=989ed7f03e73b33dba69bcf2cb475dcb
global_step=114864 | return=-100.60 | steps=131 | track=a4e838175cd330edf9d24e35b4cfd7f3
global_step=115264 | return=10.49 | steps=62 | track=dbbfd77ace07fa8603cf0a27a8f69357
global_step=115336 | return=-89.66 | steps=131 | track=80e65935649cd5cac73f1ed891a79336
global_step=115400 | return=-78.55 | steps=131 | track=c184ba55d034bf6d560dac5b0189d9a9
global_step=115400 | return=-3.71 | steps=66 | track=d638335bc163db2134b9627c6ad46fcf
global_step=115528 | return=-94.93 | steps=131 | track=a307fe513721c298d0217ce693387a42
global_step=115600 | return=-15.56 | steps=146 | track=5d352ab74f49ae0ce812aa03749ef831
global_step=115744 | return=-96.81 | steps=131 | track=24b11d39eb56184d3507c5bbbdc99fad
global_step=115760 | return=-100.80 | steps=131 | track=3be098689b70c2c572e39dba2b2ab18b
global_step=116120 | return=17.38 | steps=64 | track=bd873d9ec327aaad21bcb2edad6cf4d2
global_step=116320 | return=-72.73 | steps=131 | track=3fd3360bf67e3c0e301ce31f770ded44
global_step=116392 | return=-91.37 | steps=131 | track=1f3075aa1a43d3e59764a49a2083c664
global_step=116448 | return=-67.86 | steps=130 | track=28a67fe07e85f74f9caa11bdcd17438c
global_step=116800 | return=-94.19 | steps=131 | track=89e831382a039916656c64f9c27a21e7
global_step=116816 | return=-48.48 | steps=131 | track=6f184eb212175be1331cd4e44f45a91e
global_step=116976 | return=-21.95 | steps=81 | track=432265c62ed70bac104ebb53f483709c
global_step=117168 | return=-97.92 | steps=130 | track=8e0dcf69be40c2eb9a8223c0327712f2
global_step=117304 | return=228.72 | steps=106 | track=10cfb606fd33828bd61880b15bbbd94e
global_step=117392 | return=-11.73 | steps=248 | track=ad4102363b828c5eb9d27d622540b0bf
global_step=117440 | return=-100.73 | steps=130 | track=dac3a1e986fd9ede0b69194abef6d364
global_step=117704 | return=-75.93 | steps=110 | track=e0ff21fe5e0a84039344b526ad8c0da6
global_step=117792 | return=15.94 | steps=282 | track=f346dc0bb7e76d7402c6f67b953da7e0
global_step=117816 | return=37.67 | steps=63 | track=0392621f45548ee611fc7645bb73cb1c
global_step=117856 | return=-106.48 | steps=131 | track=cdacc55a4f381827900640237a5949c0
global_step=117992 | return=-30.12 | steps=68 | track=e5071fa211ea1ebd2e4b844524cea483
global_step=118032 | return=-93.59 | steps=131 | track=d6cc34a2f1176dae4cf8cc7b1812f086
global_step=118128 | return=-23.70 | steps=52 | track=840aad1cf11dffcf0e37f57f2c3a3302
global_step=118224 | return=-92.90 | steps=131 | track=7feaf4c9e58ec566b135fd9c94026276
global_step=118296 | return=-56.09 | steps=37 | track=085f822989a903db8f02389e554c5eaa
global_step=118400 | return=38.63 | steps=67 | track=9c464e3a3b3ed3c2490c138eb86e4aa5
global_step=118760 | return=63.24 | steps=66 | track=8ed06a33e7209cdd12df1090c439f6f3
global_step=118848 | return=-92.70 | steps=131 | track=43d6f648f950d1ee061201432f49df0a
global_step=118968 | return=-116.31 | steps=143 | track=89f20f776375bd8613468c5d32c66f61
global_step=119088 | return=-88.94 | steps=131 | track=b9e6185577409aa51773ba364ba10a4c
global_step=119288 | return=-27.56 | steps=144 | track=0902c4395f10c77074fdec7e704b4f3f
global_step=119352 | return=-93.04 | steps=131 | track=1f1ad54a3d0b185643331e95072a9a7b
global_step=119408 | return=55.21 | steps=69 | track=c931af828752056196e3c37c9b0d05bd
global_step=119448 | return=-83.83 | steps=130 | track=87cf4dbc1640a748eddb1877d9cebe6b
global_step=119496 | return=96.38 | steps=262 | track=899691933c93acc4b0227db621570008
global_step=119816 | return=-87.56 | steps=131 | track=d91eec10b3cf839338b9305b26668a2b
global_step=120016 | return=-65.34 | steps=130 | track=9ded595d2cd5be0b0d013010355daa3d
global_step=120080 | return=-70.47 | steps=90 | track=9f873e86dbe5daf6e853e9cfac27c784
global_step=120288 | return=-26.10 | steps=149 | track=4b88dcfb0ca63b45394d14d95e7349bd
global_step=120344 | return=-94.71 | steps=131 | track=786d56a6b3baeddc38cab54835077900
global_step=120464 | return=-105.50 | steps=131 | track=f2bea73589b39048574c721ac5bb9b93
global_step=120552 | return=-87.71 | steps=131 | track=3998de77b82335b34a1bafbe69c05aca
global_step=120728 | return=22.53 | steps=54 | track=5763adc3bab7988b9f94b274817e4846
global_step=120872 | return=-85.93 | steps=131 | track=2f8683e2c795e7104386d0763852d25a
global_step=121072 | return=-19.72 | steps=75 | track=21266315d6b8f429b6e3857b97cc4967
global_step=121072 | return=-86.31 | steps=131 | track=e49e8542eefaf8e3989c84e7fe74c87a
global_step=121128 | return=-91.38 | steps=130 | track=f7d845e8a63f93bbe6c0cf0dd3110689
global_step=121136 | return=-7.47 | steps=210 | track=ed106ba29d9e6932e400e3d0e388b2ea
global_step=121400 | return=-92.90 | steps=131 | track=2ff8137b89f71da3a88674395bfc303a
global_step=121608 | return=-88.00 | steps=131 | track=7e84ea5b150950b5215a29093f9ae8ca
global_step=121648 | return=-30.69 | steps=71 | track=93809bd7eacbd5f274835d076bcd02cd
global_step=121784 | return=-95.96 | steps=131 | track=8e6759bcd81fae65329f3af2e4fcca0b
global_step=121928 | return=-89.41 | steps=131 | track=a269c865394c5d6b4d8d594f59a02dca
global_step=122136 | return=-112.15 | steps=132 | track=7f6ded461937e1b45c886716a871c324
global_step=122176 | return=-92.20 | steps=130 | track=7354e562564e253e54b8ed56d9adda4c
global_step=122328 | return=55.11 | steps=67 | track=0d528b2e070c324f2d5fdc1f0c05502c
global_step=122456 | return=-100.68 | steps=131 | track=2ba2431056d3cc09b23f2698ca9ed14b
global_step=122664 | return=-88.50 | steps=131 | track=7ed11447c2556cb812f1ac629d032bf0
global_step=122784 | return=-37.21 | steps=205 | track=9fcd8bbf37f728c96c0bf2c66856c619
global_step=122840 | return=-93.45 | steps=148 | track=f14432d8f74883073e0b2d8927fac4a4
global_step=122880, SPS=39
global_step=122904 | return=39.27 | steps=71 | track=bdb5eaeefb492b544fba72f3009208c7
global_step=122976 | return=-107.12 | steps=130 | track=392fb221f91cd8a1965989f9d0f7cc1c
global_step=123224 | return=-95.58 | steps=130 | track=dce1023a87ef86d91e84ea11a0f80826
global_step=123344 | return=-32.53 | steps=150 | track=851f419ff022982af1305d1b160a2c37
global_step=123376 | return=-28.12 | steps=49 | track=b7a1116326203bb524d72e26ef028797
global_step=123504 | return=-98.09 | steps=130 | track=b5d5753cbe05aa67bb54aebf1366fb93
global_step=123752 | return=49.11 | steps=105 | track=781ce4a4cd98aa4fe6f303842e096a19
global_step=123840 | return=-91.70 | steps=131 | track=78a83f98a4ebe76d5f3b26ab19932cdf
global_step=123896 | return=-96.37 | steps=131 | track=dd7a38304c9f7da7e8e9d16c21be0f4e
global_step=123896 | return=11.66 | steps=153 | track=23f3cbb72b197748a952e561e180835e
global_step=124256 | return=5.23 | steps=62 | track=aacb60d59f66daf74d16599f751313f3
global_step=124392 | return=-101.00 | steps=130 | track=216727151bbc48dd634df07c1d4fc605
global_step=124432 | return=-64.64 | steps=131 | track=8f82d5ee330bd4873f27e4d5a67b3114
global_step=124848 | return=-67.53 | steps=202 | track=712b026aa750cc377fb4387b72b51335
global_step=124896 | return=-76.19 | steps=131 | track=643d95f5d2e6334fcc170b19f4450e9e
global_step=124952 | return=-97.88 | steps=131 | track=243937560a13b4fad329129aef69dd15
global_step=124952 | return=-94.30 | steps=131 | track=e616b0d355eb54dab3fe1fb2b8bdfab6
global_step=124960 | return=-1.83 | steps=181 | track=0b3e9d7ada80de75ddfbf639c242911e
global_step=125304 | return=-90.98 | steps=130 | track=372196b03dad401a5232569d2632cd8c
global_step=125432 | return=-8.84 | steps=58 | track=50c98dca675a35ad530144b4a3b5fbab
global_step=125448 | return=-86.69 | steps=131 | track=66d03c3259c1c38d579a21e38ac67507
global_step=125488 | return=-94.50 | steps=131 | track=30dde1136bf6e93c64e5d870409ea34d
global_step=125904 | return=-100.06 | steps=131 | track=f9fb38029b39aafa33926e60178b575c
global_step=126008 | return=-100.80 | steps=131 | track=a244e9c15a72d6a80182268d787df62a
global_step=126008 | return=-99.34 | steps=131 | track=96b36d6100ea659bad65c77d7ce7d7ea
global_step=126160 | return=-56.13 | steps=157 | track=8609d23e4570ba1d090b578f0eaf34ff
global_step=126352 | return=-104.28 | steps=130 | track=67bc70180f53c3caebabfb7fdde7b033
global_step=126504 | return=-94.50 | steps=131 | track=81c4063a8175b0067dfd906cea0e5444
global_step=126544 | return=-110.21 | steps=131 | track=89bf6c7359a794c2aad742174673590d
global_step=126712 | return=70.80 | steps=68 | track=ca3c60b9bde05f2360bddab358e7e5b6
global_step=126776 | return=157.02 | steps=167 | track=8db294208f8b3347b0ef290ae36002e3
global_step=126960 | return=-89.84 | steps=131 | track=9dc0c0a2e7d46a2ea585547e534edf3e
global_step=126984 | return=-48.41 | steps=59 | track=4ff768a3e38cc50e2250586598340511
global_step=127064 | return=-105.07 | steps=131 | track=787b6dd17934110d54a569bf5b783492
global_step=127064 | return=-113.00 | steps=131 | track=4bc2fad9120eb82521cbfd6bb50b584e
global_step=127560 | return=-1.24 | steps=150 | track=91b849025b6b7eaa2894ab931a64ddf3
global_step=127600 | return=-93.38 | steps=131 | track=abaf19d32701d9598e6c0fb9213e9d14
global_step=127824 | return=-89.13 | steps=130 | track=bf007d9df950060215c23df79858b1a9
global_step=127984 | return=-81.39 | steps=158 | track=9511ce645ca6c09bf91203f76b034041
global_step=128016 | return=-94.95 | steps=131 | track=07ce7c6e994981e41b12af84806c94b5
global_step=128032 | return=-55.10 | steps=130 | track=6825e55252f868c6c0ef91a77eceeefa
global_step=128096 | return=18.30 | steps=61 | track=278dfe787344699087da86aaf5e8a0d6
global_step=128120 | return=-84.39 | steps=131 | track=3eb78ea59fa8347764cf9b911a230bb8
global_step=128120 | return=-94.27 | steps=131 | track=23872dba93d8c3db5eae649a745ab1fb
global_step=128576 | return=-40.73 | steps=93 | track=7151cf92e22bdc8c9c398bba9c702dae
global_step=128608 | return=-0.62 | steps=73 | track=64f496f22a28cab78d423ab1d75c157f
global_step=128608 | return=-96.18 | steps=130 | track=356b268159d1664800400fa6035cbb8c
global_step=128656 | return=-27.94 | steps=69 | track=3af4645f744dc3546dea52c20865ff73
global_step=128776 | return=29.27 | steps=81 | track=1dab4d24193a25ba2b9e681484c96351
global_step=129176 | return=-92.73 | steps=131 | track=81606328940f85fa717a690ac2760757
global_step=129256 | return=27.20 | steps=80 | track=3b73c0c9632b0d273514722aaa7d3169
global_step=129576 | return=42.47 | steps=192 | track=dbbe573f4412cd7dac127bb089284483
global_step=129592 | return=-40.71 | steps=200 | track=e59c7b2106550299dee06c11e8d3536b
global_step=129656 | return=-57.59 | steps=130 | track=ae9918e90e13dfe1dad0599fdfcc05fa
global_step=129712 | return=-105.64 | steps=131 | track=4629be2ad5b7d70a693c3b95ef59b103
global_step=129832 | return=-94.09 | steps=131 | track=6aec37cd4568e0f257a97d2077754442
global_step=129864 | return=148.75 | steps=160 | track=2cf2aea8cfa11fd31a7d20a3d9d91a84
global_step=130312 | return=-84.56 | steps=131 | track=854e47624bbaacfec2e72f0623bae389
global_step=130424 | return=185.75 | steps=155 | track=a63fd3c5815a69b4cef85b5132f5ec34
global_step=130544 | return=49.40 | steps=110 | track=d71c7afa0b28584fe3d8667a91c5b3be
global_step=130616 | return=-1.58 | steps=93 | track=0cc0ba9257a9767bdd8904d02ecaca8d
global_step=130632 | return=-96.88 | steps=131 | track=e2d47b0c03dafc91f0eab0d1d6956e04
global_step=130648 | return=-97.81 | steps=131 | track=d6e4710efddb499758c6f8f0428d9363
global_step=130768 | return=-75.14 | steps=131 | track=cecabb58ca68e275c20d9007e55d1735
global_step=130800 | return=-25.94 | steps=46 | track=9a6b8e6c2e2555bdea64155c25ff3ac7
global_step=130888 | return=-93.38 | steps=131 | track=661a84273ca56c45e23a2908a303d67a
global_step=131072, SPS=39
global_step=131160 | return=-9.28 | steps=76 | track=4a7125ae1ca9ca971d42dfa0250dcdac
global_step=131368 | return=-81.62 | steps=131 | track=b727207c57d125aab7fb014227ce6234
global_step=131432 | return=-59.18 | steps=67 | track=054f7b8634dbedffa422518c31a11451
global_step=131672 | return=-85.82 | steps=131 | track=3b0654f300ab6580cbfb5a913f5dadd2
global_step=131680 | return=-103.13 | steps=130 | track=4ac0e0e4d97991cbc41d05e89d0f249e
global_step=131696 | return=-101.00 | steps=130 | track=cbcc4188ad0b65faf49918b53dcfab7e
global_step=131904 | return=27.03 | steps=66 | track=b91dbba199ba13fd8682c25ecaa49907
global_step=131944 | return=4.73 | steps=63 | track=503d5fc43e1c87454a86b89ef6f52135
global_step=131960 | return=-19.25 | steps=144 | track=cf341047dc60290a88f8cd053ffb3590
global_step=131992 | return=-68.97 | steps=152 | track=4b58a0a03f5c0ebaa2712ca1beb57ae0
global_step=132144 | return=-13.60 | steps=55 | track=ab1f6fd3982cc503a0db7f506679ee96
global_step=132176 | return=-0.05 | steps=62 | track=9036ca05cffdf4ba5519703ce5d51f9e
global_step=132208 | return=-93.78 | steps=130 | track=5045ccf77a87b592e630b946c113b51d
global_step=132240 | return=56.28 | steps=69 | track=42b123ac7a58bc62d7e930489eb79e7c
global_step=132456 | return=20.39 | steps=68 | track=c9fbc379882582bee67ae7a5e8f6fbdc
global_step=132464 | return=-65.84 | steps=39 | track=a4648d3a2751f6b19f019154d81d9b03
global_step=133016 | return=-91.31 | steps=131 | track=f2710c2a689891383a50c3af10361a6a
global_step=133048 | return=-95.48 | steps=131 | track=02126613cb352e377b6625e6001bd54f
global_step=133096 | return=-29.09 | steps=143 | track=e8c7cdb8f8d490bbdb26b23093f3b2ed
global_step=133232 | return=-98.39 | steps=131 | track=7a2d8cd90b5da46acdf17da9c2cfeddd
global_step=133264 | return=-92.16 | steps=131 | track=b0d94d91d0169938f5b4c64ceda4dbdd
global_step=133280 | return=154.24 | steps=102 | track=230e75af9a7adf86bf939d0bc36a02dc
global_step=133456 | return=-1.69 | steps=54 | track=20be2c54a9661daaefbb765dc2283489
global_step=133520 | return=-81.40 | steps=131 | track=53315ab8f966a7e4906abe4fb12f4695
global_step=133832 | return=-34.94 | steps=46 | track=5041e9933740b295d8eb9a9c4426f19a
global_step=133888 | return=-74.68 | steps=104 | track=398ff34f2ad9d76eeeefd510615593db
global_step=133952 | return=1.12 | steps=213 | track=a27612f5c6a41027047cdee5460e8d8c
global_step=134032 | return=16.05 | steps=63 | track=f3157bbb1a084070fbf356f149a5562b
global_step=134144 | return=-102.83 | steps=130 | track=02b94090e890a859543918b1ac25ed87
global_step=134168 | return=-75.47 | steps=110 | track=3d4fb53a2df4aa358d7701ea811368fa
global_step=134320 | return=-78.29 | steps=131 | track=fdf3b19478ed708db2a7ff0c49b6c050
global_step=134336 | return=-26.11 | steps=55 | track=caa2e6f011adc0105443c31f0e23e96f
global_step=134488 | return=-90.33 | steps=156 | track=acc58d494008e1959bd68ccf1a873a6b
global_step=134488 | return=37.35 | steps=66 | track=e05bbc293cf8649c68c9b64e785154b0
global_step=134664 | return=-42.59 | steps=42 | track=23e721da8b1fa0d2ab085ed25cb7de05
global_step=134840 | return=23.34 | steps=83 | track=4231196dee267107828e503e8a78f017
global_step=134888 | return=-95.71 | steps=131 | track=7268031b73f4847d8d0453dfdecb83cd
global_step=135200 | return=-96.37 | steps=131 | track=f18996d41f8605957eed558e01c8c40f
global_step=135384 | return=-83.73 | steps=130 | track=50690fa850a92d76a51db6832c260abf
global_step=135544 | return=-92.93 | steps=131 | track=6fb20dbe970e547f2bf905ffe355591e
global_step=135624 | return=-32.94 | steps=198 | track=536e5291b805fefafa3439c9a79b2181
global_step=135640 | return=-20.58 | steps=143 | track=72787ad73d137d1c7976d1ebfd4cc617
global_step=135872 | return=-91.95 | steps=83 | track=6a3fad21a1d94051bd232eecffe0e484
global_step=135944 | return=-101.21 | steps=131 | track=aa800970e206e4b901d84d33f500b662
global_step=136112 | return=-119.74 | steps=180 | track=90166a96f06508317d309e498a4b6101
global_step=136168 | return=19.56 | steps=67 | track=bf3f379d6039102fc48cc9a3848117fb
global_step=136440 | return=-82.64 | steps=131 | track=f5aaa559acb68897dcd039f62d86675c
global_step=136576 | return=-91.89 | steps=128 | track=6212bf85ac21c991c3048a529a41004d
global_step=136688 | return=-132.20 | steps=230 | track=4517e928b373b7b800e1a3267f186397
global_step=136696 | return=-90.29 | steps=131 | track=b35e13da306c9a8dc1bb32ba971502b9
global_step=136928 | return=-89.85 | steps=131 | track=55023f5e860f54c9598434992b80f4cb
global_step=137000 | return=-92.90 | steps=131 | track=d0ec329fc8795f0a12ac029b7239b5de
global_step=137080 | return=47.14 | steps=62 | track=af751595bffccb184f3e2ee7bf02d248
global_step=137168 | return=-95.51 | steps=131 | track=8e93a8472e78084ae479a0bf3beafd84
global_step=137488 | return=-89.22 | steps=130 | track=ec4c7684e858fbe1629018e5e2e25612
global_step=137568 | return=38.68 | steps=174 | track=7994837963a41182070af3d9e829d3aa
global_step=137744 | return=-103.77 | steps=131 | track=dda2c7138c42169b0edb7fbb200622f8
global_step=137904 | return=-48.94 | steps=150 | track=19ec366bd28bc41624b9dbb623c3dba1
global_step=137984 | return=-94.29 | steps=131 | track=0c66c8242e39ecbd59e009e50b9499e1
global_step=138048 | return=-112.41 | steps=130 | track=ffc585db7cdddf28f6abde3f116ad8a6
global_step=138136 | return=-92.93 | steps=131 | track=6146474bbe5d669ee671101206557b9f
global_step=138224 | return=-107.20 | steps=131 | track=a1b09f04428cef6cb98a1afbbd5a6a39
global_step=138256 | return=-44.84 | steps=43 | track=1641f3ec0800b3ee7d7e381a87fea803
global_step=138544 | return=-95.57 | steps=131 | track=a1a757440609c1509522eb8ebdda80b7
global_step=138624 | return=-92.70 | steps=131 | track=e361d793da0b044e67d759092ce38365
global_step=138904 | return=6.58 | steps=95 | track=e3fcbf9ec2f89943887575b82dec1bd5
global_step=139104 | return=-48.48 | steps=139 | track=99faa20bf975f9958fbc95bbe869083d
global_step=139248 | return=-30.43 | steps=42 | track=db0b131d056f8afe8544e1fd91a5b03a
global_step=139264, SPS=39
global_step=139296 | return=-93.37 | steps=133 | track=71b51726a5dcfa7595754afdfd51b38b
global_step=139600 | return=-94.30 | steps=131 | track=223ed199092951c0c24bd3f23d5c597a
global_step=139624 | return=-16.17 | steps=124 | track=4840b85844e1bc8a13d69f4ae3842831
global_step=139632 | return=24.08 | steps=65 | track=a9773f2db126b4b941a6363db894f183
global_step=139728 | return=-128.47 | steps=247 | track=fb9264a294eede9f5547b5eaa5296e6b
global_step=140008 | return=-54.53 | steps=47 | track=7dc7af1f8fb2ba36904780681971eb86
global_step=140016 | return=-100.50 | steps=219 | track=07f6e1f0dd802bb662d7763a4a50f8a1
global_step=140056 | return=-86.79 | steps=250 | track=efb6bbd49f493939cf278cc9d1e5c915
global_step=140296 | return=-95.16 | steps=130 | track=e9f0c0fcb5580a72d836612af23f017f
global_step=140344 | return=-79.48 | steps=130 | track=4cb935fda9912249ee3f1013e21d6c43
global_step=140360 | return=-73.47 | steps=90 | track=5e03ff7b66eb450bc1783e6daaca2a20
global_step=140648 | return=-98.93 | steps=130 | track=7439e9d6fd7a64befb86b0c82053d2df
global_step=140776 | return=-115.87 | steps=130 | track=99262452c576d2edb5d188b876896576
global_step=141072 | return=-91.66 | steps=131 | track=c08cdf2dfa91197a70d1796d41516dde
global_step=141352 | return=-93.23 | steps=131 | track=3b38dd9c65ef79ae448eb6eb5eb2e48c
global_step=141416 | return=-101.50 | steps=131 | track=e858cdd241b8710762661ab997063882
global_step=141456 | return=-16.87 | steps=180 | track=a0b93fb89f4ec822ff8996796b8b9c1e
global_step=141592 | return=-77.14 | steps=191 | track=bde7fe17882ce5d859c17cbdc46540c8
global_step=141664 | return=-78.12 | steps=110 | track=2e69ae63251b0a74fc2147b99f25da19
global_step=141704 | return=-100.10 | steps=131 | track=de0edbea16011ab228f9cfcb266d25d1
global_step=141896 | return=40.18 | steps=67 | track=2cea225c44e4e0bbe25716e49212a2be
global_step=142024 | return=-37.69 | steps=118 | track=9f286c0b123dba0eb3fedf180f7cdf71
global_step=142472 | return=-105.70 | steps=131 | track=8c34d48f9750f0933246f7051b8aac1b
global_step=142568 | return=-75.36 | steps=107 | track=fff8c4fb33b0f6e78789a592ea444d6b
global_step=142712 | return=37.57 | steps=139 | track=890168720a2cd4fcc1df5162d0899455
global_step=142712 | return=-104.02 | steps=130 | track=862f6f39d21def15f665d0f43d3dff0b
global_step=142864 | return=-38.51 | steps=175 | track=52585299051a25ecb1cafda0d648e9cb
global_step=142952 | return=-99.57 | steps=131 | track=dd6754c4392df3d68d1d4680273a1368
global_step=143080 | return=-88.45 | steps=131 | track=d0fc3a6eb013e3a4b53cd3b2ccee1b47
global_step=143096 | return=-46.26 | steps=47 | track=bf3856954da8d0a4752c31329a571fe9
global_step=143272 | return=-83.57 | steps=99 | track=071642d9d1438170c0bec919983c7498
global_step=143624 | return=-97.19 | steps=131 | track=788da36a42261f38e6fc34474c220391
global_step=143632 | return=63.49 | steps=68 | track=8b7275d2498e4786eb068159b5b00218
global_step=143768 | return=-95.24 | steps=131 | track=5478937feaa5ac540ce651fd24aa51b8
global_step=143920 | return=-94.30 | steps=131 | track=3a656385b69e7aede0958d78aa9c9a80
global_step=144000 | return=-96.02 | steps=130 | track=b9b12aacbca878d28f0d0d79eb7e18e5
global_step=144280 | return=-6.81 | steps=147 | track=ec8332d968695dd9abd713e56963a122
global_step=144304 | return=16.07 | steps=84 | track=7628d65a3adb201e1da0e2c7c0fef20d
global_step=144320 | return=-100.97 | steps=130 | track=1d2d2ff4fb0f93fbdb51020a6bc7043d
global_step=144472 | return=19.26 | steps=515 | track=3bb80c57f9e6a8611b4988caca4eb9f5
global_step=144560 | return=56.74 | steps=69 | track=c401d40c8204c1c644e8adbdf731e2bf
global_step=144680 | return=-85.69 | steps=130 | track=6e512289ac7db54492b509544633fa32
global_step=144872 | return=53.85 | steps=70 | track=da9d4e5d611bf16363ef3d05ef234d82
global_step=144880 | return=8.04 | steps=74 | track=34cb6e6a1b76acf0bdb4363f73263a0d
global_step=144904 | return=-27.78 | steps=141 | track=c3dde12a1d8486e389988ddf89a41032
global_step=144968 | return=-99.48 | steps=130 | track=a8037515f1199465cce70220c372c0bf
global_step=145432 | return=70.46 | steps=138 | track=c7d6e2c24f0eb3744f171bc9a5bf145c
global_step=145432 | return=20.89 | steps=65 | track=555974aac5ad1a6f667bb039b8abd50d
global_step=145528 | return=-54.38 | steps=105 | track=c9c380751c2e7b960c9b3796babce592
global_step=145528 | return=-94.14 | steps=131 | track=60cf1167408fdbf8afba3befc9af2bc7
global_step=145616 | return=-98.87 | steps=131 | track=667d05eb779a1270e5435aec17a9b706
global_step=145728 | return=-30.52 | steps=94 | track=48cf8f428ea3435c08079b3a977f832a
global_step=145920 | return=-101.42 | steps=130 | track=3bccb7694b0faf82e876ffdd5bf111ea
global_step=145928 | return=-15.60 | steps=61 | track=163d75b8426052210d38d1db5ecaf5bd
global_step=145936 | return=-84.83 | steps=131 | track=b49ab0cda6937b9d2a71dcd6a8a2e6ae
global_step=146112 | return=-16.74 | steps=61 | track=131f98b64182211028265085b2d9d460
global_step=146464 | return=34.27 | steps=66 | track=a2c36b2a4f6dda257ffb6ce83e8e7ef7
global_step=146480 | return=-119.92 | steps=130 | track=ad1e553649978f3beee399b9c0aa86a5
global_step=146520 | return=-50.67 | steps=72 | track=914df99f97b4c14598fec952c1c8989a
global_step=146576 | return=-65.98 | steps=130 | track=2d7811d1dc6234a25798ab37297d0bfe
global_step=147064 | return=54.10 | steps=67 | track=a29058013563f8ecdf780f3cad99576c
global_step=147240 | return=9.89 | steps=140 | track=0e2c4fd765fc648fd3cccb343316dbc9
global_step=147280 | return=-34.47 | steps=99 | track=a1aac303bbdd98588ae09a67e0185ad2
global_step=147416 | return=-90.01 | steps=186 | track=250b6d38b786a74c3b46b29a5d73bbff
global_step=147456, SPS=39
global_step=147528 | return=-98.70 | steps=132 | track=0a279e377e59592ed859653208187445
global_step=147664 | return=-51.00 | steps=241 | track=e6e674344e3d0ebb2b08a40cfdeca140
global_step=147984 | return=-3.35 | steps=56 | track=2c92406bbc0fd2cb582c028e867cc594
global_step=148000 | return=-124.13 | steps=308 | track=29b9846818764e685103662d6ba122ed
global_step=148120 | return=-90.31 | steps=131 | track=5958013c4ff5ff0f91536c7b5345ee2e
global_step=148296 | return=-101.21 | steps=131 | track=632c0e3112124f403d1d7b4fce7b575e
global_step=148328 | return=-100.19 | steps=130 | track=123c6699dbc14ff15e9e5b046cec2f1d
global_step=148368 | return=264.70 | steps=223 | track=65531a89006e3372177aec48f53f0570
global_step=148456 | return=-8.82 | steps=58 | track=2576b60209faf5def81fc1bfd253cbf3
global_step=148712 | return=-97.71 | steps=130 | track=a96b47b7dd788d0077dd6c2fcd37ccaa
global_step=149048 | return=-108.09 | steps=130 | track=566bf707c4a7be6c3187e4310569872d
global_step=149168 | return=-91.80 | steps=130 | track=3b33eb352ffaad4a2fe82c87b33bbd11
global_step=149264 | return=-63.72 | steps=116 | track=f9e39b93488e082148fe9bc65d87e702
global_step=149416 | return=-107.20 | steps=130 | track=781a037b4d3d49903bf26b1529b58a93
global_step=149512 | return=-3.11 | steps=151 | track=06070a762acc717d2d3ce9ee1b32e557
global_step=149632 | return=-26.96 | steps=146 | track=73576202d0130a1ce371ba8c5afdf3b2
global_step=149760 | return=-102.26 | steps=130 | track=e69cd16ccd6cae12f0e4dd978de2ec56
global_step=149888 | return=-54.62 | steps=77 | track=aa0f95fd0223844db343804099f13c13
global_step=150224 | return=-94.33 | steps=131 | track=ea40beee4add0bcb6e641c0e21a57297
global_step=150264 | return=-66.29 | steps=355 | track=b45ed956386cc421ceec7b1376459dac
global_step=150408 | return=39.50 | steps=96 | track=ae17b54c56d359f7910fe438871315da
global_step=150472 | return=-86.38 | steps=131 | track=d6ea44818cc29dd90f26311a37e9e61d
global_step=150552 | return=-62.56 | steps=129 | track=387af75296ed91752b00c672046f224a
global_step=150704 | return=-107.37 | steps=206 | track=a78238c0e3b936ea21a6cd5c49d5a6d2
global_step=150760 | return=23.28 | steps=124 | track=f11651e3793763892ec1fa0153719a2e
global_step=150928 | return=22.82 | steps=64 | track=6aa7694d8a9c6080c5cad83a49c89909
global_step=150968 | return=3.48 | steps=61 | track=84c83297173b014f0fd20974b83f0e74
global_step=151048 | return=11.05 | steps=61 | track=12f123e0ee4aee3c18b841038e6ddf8c
global_step=151120 | return=6.94 | steps=153 | track=0948d9908a531985fc15a55c3160c3da
global_step=151280 | return=-97.61 | steps=131 | track=abf1bbec9296c6d48feda1689bc83243
global_step=151296 | return=-15.79 | steps=66 | track=d8259bb82386bb0e0b778c91f60f0751
global_step=151312 | return=-83.33 | steps=130 | track=061efac96c8163e9ba1d1e92694e335e
global_step=151496 | return=-39.48 | steps=46 | track=cafebb283ebe049419bc385653912b88
global_step=151760 | return=-82.49 | steps=131 | track=fb5e76561e42983e78707914c2a9f367
global_step=151784 | return=230.73 | steps=106 | track=a2a29240221e07845569d5574a3b91db
global_step=152024 | return=-99.34 | steps=131 | track=038160e2322411e2414d12127a58f2f3
global_step=152224 | return=-48.01 | steps=146 | track=5c3650ffbda429b10edd93f3af9e6485
global_step=152296 | return=-51.66 | steps=99 | track=6d53087498a1c55bc64438420ac54073
global_step=152336 | return=-101.23 | steps=131 | track=8ae8c9e6e9656b14e8805457d86ead40
global_step=152352 | return=-87.47 | steps=131 | track=0a1313537aa1e4e63f38a059f4e6a2e0
global_step=152368 | return=-50.51 | steps=131 | track=aad537fba20426ab5b9873ecce81aa8a
global_step=152792 | return=-11.19 | steps=61 | track=7181b0e1f69ce90ee58d8c2387e0a174
global_step=152816 | return=-84.74 | steps=131 | track=dc5696e1c46d99c04cbc58e3c74be1f6
global_step=152840 | return=-93.25 | steps=131 | track=ab241dd02e7468619fda02e735784c22
global_step=152864 | return=37.74 | steps=65 | track=be2c712d1850a4474333a0b361165497
global_step=152888 | return=-62.58 | steps=82 | track=cf1b7b04a7493c5d092d08f37e050b40
global_step=152888 | return=-44.87 | steps=107 | track=4406a3d63225372ba3a7557c93b51a90
global_step=153424 | return=-65.53 | steps=131 | track=ce76c01dbfa721f7e32743587ac93b25
global_step=153432 | return=63.82 | steps=70 | track=fe32d5e07cdf1159ed6472cf6506c8f2
global_step=153528 | return=3.66 | steps=91 | track=c176f37b0a4d16977700f66fb241b9a6
global_step=153576 | return=14.72 | steps=152 | track=c722e2ab7fd724f2a78a2697e87a66c5
global_step=153872 | return=-86.84 | steps=131 | track=51f670cebfb692b66c43b4a1884aaf05
global_step=153904 | return=-102.25 | steps=132 | track=cb184a05d179d280a57c60b002af3261
global_step=153944 | return=-55.93 | steps=131 | track=555d539fa6523417572c80a22fc1c73c
global_step=154088 | return=2.26 | steps=63 | track=97adc246b8cd7cd872846f3b4123f3d8
global_step=154456 | return=-68.14 | steps=195 | track=86fefb6d0c10017e1c01496c12c348c4
global_step=154480 | return=-80.78 | steps=131 | track=28648efcd7d269a7ce05f9cd8123695b
global_step=154584 | return=-90.98 | steps=131 | track=54aae37b493f8a08cab5fd211fd9cf00
global_step=154632 | return=37.69 | steps=67 | track=934a0174a23837d0d1ddf9e0b21f6df4
global_step=154640 | return=4.57 | steps=150 | track=36f3252ae373524aaed9694b4a344337
global_step=154928 | return=-89.27 | steps=131 | track=03945d8d3f9ca592f1f6042c92e4238a
global_step=154984 | return=-16.72 | steps=129 | track=cae0f6825ce35df362b41af387c5f107
global_step=155184 | return=50.68 | steps=67 | track=b2ad4070b6c6291adcaa0652e9c1a49c
global_step=155512 | return=-61.01 | steps=131 | track=5f873b41c18ad426c4e86c8cbae2a881
global_step=155536 | return=-89.56 | steps=131 | track=62d2c7fc117a2c41c9469fabe1793865
global_step=155632 | return=-98.92 | steps=130 | track=805ea878f99fa3ec4e761a4695ff4caf
global_step=155648, SPS=39
global_step=155976 | return=-108.22 | steps=130 | track=fc587c165c7a5aba6c512efcd9e8f6a8
global_step=155984 | return=-46.36 | steps=58 | track=41b7844037bec21e93b025235cd6ebf0
global_step=156232 | return=-96.19 | steps=130 | track=b80af8d95c4f207d8650c990bf7bc145
global_step=156472 | return=46.32 | steps=320 | track=2adf1b90b511ced29968240b54f1ce48
global_step=156600 | return=148.52 | steps=245 | track=a72d0191c0cb40f5336bf2182e9cc624
global_step=156776 | return=-27.00 | steps=142 | track=125764c84ed577be89533d8a4027d89d
global_step=156776 | return=26.83 | steps=67 | track=c2a50e2a4771d8a3d758893d6f72dbf2
global_step=156976 | return=-64.86 | steps=179 | track=24dd9ed4c121d25e542ac85c08dc081b
global_step=156992 | return=-51.73 | steps=48 | track=0352ab075b8be80945fcf96f8590e01f
global_step=157032 | return=-77.58 | steps=131 | track=275a53c3c5f5a507131a35111eac4ab6
global_step=157040 | return=-105.81 | steps=131 | track=209da930e1718a5084ec9977bfaf25e2
global_step=157128 | return=-37.23 | steps=43 | track=42c3c963b2a479c0b5976e5f91c88958
global_step=157232 | return=15.68 | steps=280 | track=ec5677766ece87ae8956cf0da860444e
global_step=157360 | return=32.63 | steps=72 | track=5e633970474199858a271780e161628a
global_step=157520 | return=-97.40 | steps=130 | track=0686d369905c6befecab93cf96e90de9
global_step=157552 | return=17.64 | steps=63 | track=5d65411830492335886a84944aab7928
global_step=157904 | return=21.44 | steps=67 | track=61a2e8296b346653435998afe632ab89
global_step=158048 | return=-102.59 | steps=131 | track=2e25114fa9135605c094819ceba2ffd4
global_step=158056 | return=-16.30 | steps=66 | track=4f17360ee12a06ab62c355bd275b8604
global_step=158088 | return=-91.40 | steps=131 | track=e87e68b5957002ecb2c4a4c001ca5eb1
global_step=158184 | return=-108.97 | steps=131 | track=3afcc571f2a1b0517c0be03f3b91cfa8
global_step=158288 | return=-96.20 | steps=131 | track=5c996f0c0ec4321dfcc45773dff1e66f
global_step=158400 | return=-42.67 | steps=43 | track=1e4e725c0308bebcea64feeb506df545
global_step=158616 | return=-2.23 | steps=132 | track=53bb1b2d0af6fe5fc7901f34d272b11d
global_step=158840 | return=166.15 | steps=232 | track=7688247f763d707672d4b1cec7b9a541
global_step=158960 | return=-89.42 | steps=131 | track=c43eba221830caecdb8935b5de1efa81
global_step=159112 | return=-84.07 | steps=131 | track=698291a6041f290fccabd9fa54bffcad
global_step=159144 | return=-84.07 | steps=131 | track=ad4f595f3e97f3bcc1fab7809a095d2e
global_step=159232 | return=-98.72 | steps=130 | track=66bef0ba2f5c33d6a8392f4f77852abd
global_step=159344 | return=-87.46 | steps=131 | track=8201d561d6c599b33159efd2a1420389
global_step=159608 | return=5.48 | steps=150 | track=6b60f79e2df355f59ee615784669c901
global_step=159672 | return=-89.80 | steps=131 | track=90b3b2ebf81c4d9d6623e61b3470aaf5
global_step=159832 | return=-43.14 | steps=89 | track=a1101f8ceb0a2801d2c137ab184ed00e
global_step=159888 | return=-60.40 | steps=130 | track=0f0279d4fc64fc1ad81a7f77b164d565
global_step=160016 | return=-99.11 | steps=131 | track=ebb076d1ec9c9ef9ba2b525ddcde6fab
global_step=160200 | return=-85.10 | steps=131 | track=0990d24d23af0ebd63a20217ef9ab67a
global_step=160392 | return=-83.14 | steps=130 | track=a4b7adf2e21d64fe8ead7b4916d40087
global_step=160536 | return=13.10 | steps=162 | track=2d2b2712670d0cd95a832fd169daeb14
global_step=160664 | return=-90.13 | steps=131 | track=a54d8824c4775b49629cc5cd1ddc6d3b
global_step=160728 | return=-96.29 | steps=131 | track=35095ee95cf7be63722534eddc0a597d
global_step=160888 | return=-84.30 | steps=131 | track=d5f50304509575a19151a06945a83e6b
global_step=160944 | return=-94.38 | steps=131 | track=05efc12d1bace5eb1100beb111935ed9
global_step=161072 | return=-93.62 | steps=131 | track=d8ede51f2912c896e9118d2ef117a4f4
global_step=161096 | return=-39.91 | steps=69 | track=9ded8c4ab4b372e6d4fdacc5e3143d37
global_step=161256 | return=-92.40 | steps=131 | track=c16e09000440f89b01312b04bc06ae79
global_step=161416 | return=-14.87 | steps=127 | track=0bcc57fdd37452329f4a841315e45394
global_step=161440 | return=-13.01 | steps=61 | track=720474869bdfd93affcc64eac0dc2edf
global_step=161720 | return=-97.61 | steps=131 | track=2df511e92f5494396ef268cfad86279e
global_step=161824 | return=35.13 | steps=90 | track=2fa67b1bedf1face1e0ae8f05680892b
global_step=161856 | return=-47.79 | steps=140 | track=3eaba65406bebb16a1c038800d32379e
global_step=161944 | return=-96.37 | steps=131 | track=ada4ddab421c6d0c723d8f11e99218a3
global_step=162120 | return=-106.90 | steps=130 | track=36740a4d9ce7f8ab13b5efd50bcd416c
global_step=162232 | return=-15.17 | steps=63 | track=a59c306ef2290cde763717e9e726ca1e
global_step=162472 | return=-89.85 | steps=131 | track=38740f27660fe03bfa5066e6abaeb8a2
global_step=162496 | return=-95.02 | steps=131 | track=ca3c9587dab2f14c25b10b01544fbf4e
global_step=162688 | return=13.55 | steps=92 | track=e21bbbfbee4bc12bf2f9464f52fb2a78
global_step=162880 | return=-62.69 | steps=202 | track=d5251c16f67ae328d335ff9368591c71
global_step=162992 | return=-12.39 | steps=94 | track=66586527d99e45d42d3485e9463cea17
global_step=163024 | return=-72.20 | steps=149 | track=5b174a9e4c21c024af4c7cabb833e622
global_step=163176 | return=-83.77 | steps=131 | track=955330f08e3b884e6be20fcfb8582140
global_step=163232 | return=-24.65 | steps=67 | track=5e0894210cb45b463e41459187c944cb
global_step=163552 | return=-77.46 | steps=131 | track=e4827844f39f6f751fec870abd18b728
global_step=163568 | return=-85.19 | steps=136 | track=41aea8c350913cbf2c79312610c437da
global_step=163616 | return=-51.97 | steps=47 | track=54ca17c1def9d6c539d447fd23f430fc
global_step=163728 | return=-56.58 | steps=233 | track=522e87e811d93c9b2fa1fa8bc4c6419d
global_step=163776 | return=-32.16 | steps=93 | track=357bd9df938a13e158ddd36aa53548b1
global_step=163840, SPS=38
global_step=163936 | return=-106.43 | steps=131 | track=74d8cde2e35ddac0d9ba427cb59d7886
global_step=164032 | return=-72.03 | steps=59 | track=0a51d462355125dd3f3b692c74a834d9
global_step=164048 | return=-108.14 | steps=131 | track=40917dd7cb59f8f984535567e04d6d53
global_step=164184 | return=-64.48 | steps=50 | track=ead60a6955393c71709d660757fdd4b4
global_step=164224 | return=-94.52 | steps=130 | track=cacfa647c908e28b09fd0cac9da716aa
global_step=164496 | return=-43.72 | steps=69 | track=dbbd37ae07c7639eb359f6d7f76eb672
global_step=164624 | return=-84.85 | steps=131 | track=970ecd5fae2b75ccb6001ec12bebfe65
global_step=164672 | return=-85.37 | steps=131 | track=c84a11fe6514a9c71b5e0ea9655e71d4
global_step=164784 | return=-107.45 | steps=131 | track=4dfd61ac08900be34d32b87589e0771b
global_step=164992 | return=-48.97 | steps=45 | track=135ed1c4719499772d39dcf44fdfa381
global_step=165104 | return=-81.16 | steps=131 | track=d5c27b5f7a8163f51be2e7b0423d6bd5
global_step=165176 | return=-89.94 | steps=142 | track=f282d7a89dcbac2d42db56a4a6c000d4
global_step=165344 | return=-98.53 | steps=139 | track=0d2652b7ecb8a8089bae2761567ffeb5
global_step=165512 | return=42.44 | steps=64 | track=1204cb487a0224454884d5dbe514f88c
global_step=165512 | return=11.96 | steps=165 | track=aa901a1548614560699fc61bb5b7aac0
global_step=165616 | return=9.40 | steps=63 | track=a0bfb62518ce643dfe8abb41c3519251
global_step=165728 | return=-113.39 | steps=131 | track=31be97dba0d3576f54e0ed22f35b642c
global_step=165840 | return=-92.66 | steps=131 | track=518daddb4be9276e787ee4ec3909f50b
global_step=166224 | return=-87.15 | steps=130 | track=5710e57890557b430f67b1c26309ce3d
global_step=166248 | return=-66.32 | steps=218 | track=a3e173b336a64fee763dffd3989b9ad4
global_step=166400 | return=-90.71 | steps=131 | track=77049c569f14c370f3de1cf42ea34965
global_step=166568 | return=-100.92 | steps=131 | track=1758a7933fe0c3b9f45bb806a1b12317
global_step=166568 | return=-100.44 | steps=131 | track=7a55c9b05eea2f7dc7161b0c9b8e0beb
global_step=166776 | return=-102.32 | steps=130 | track=29c1a3dd5f65d492cafeb4e70b0397b4
global_step=166792 | return=-37.25 | steps=146 | track=0c52132d91fd96c0662c9f688585d57a
global_step=166808 | return=-71.24 | steps=69 | track=9fc35d59c579941d051a4fea3aa3be51
global_step=166816 | return=-23.16 | steps=121 | track=0689786cbb5b2a7d470942b296ade6f9
global_step=167280 | return=-86.17 | steps=131 | track=6628b0cade7998912659723f1addfa22
global_step=167304 | return=-44.23 | steps=91 | track=40d2bc17b62f4e7fad300d18032d5dbe
global_step=167528 | return=-100.35 | steps=140 | track=5d2bb4a7013b1982163f0eb555e4eafd
global_step=167696 | return=-23.10 | steps=140 | track=b8d46fdcb4d1292bdf420d56ded768c3
global_step=167824 | return=-97.38 | steps=130 | track=ec6961a00ff8f57679ff7068d2653ead
global_step=167848 | return=-86.40 | steps=131 | track=d2cf1338fa8918053b5f441f2e3c12bd
global_step=167864 | return=-95.26 | steps=131 | track=7316631bba089baeddf4c9e8c4dbb8d9
global_step=168336 | return=-98.77 | steps=131 | track=4b0210364cf3502cc17750d38e23cb32
global_step=168352 | return=-75.41 | steps=102 | track=39ebdd82c6622ddd1d81125f0e3e96cb
global_step=168360 | return=-92.39 | steps=131 | track=687c0ca6d7702b8dec6b6aeab7577845
global_step=168424 | return=-0.21 | steps=69 | track=ab2d26242ef37391d20e13f6e7fc2ac2
global_step=168872 | return=-94.61 | steps=130 | track=626d590752433e7b7ef22bfd664cd741
global_step=168888 | return=-51.99 | steps=129 | track=7a07a024041ca3c71b17f8328a975c69
global_step=168896 | return=90.75 | steps=259 | track=609d1e5f42c8251ac346d36a0373143f
