/home/UFAD/tcuevasmestanza/.conda/envs/racing/lib/python3.12/site-packages/tyro/_parsers.py:353: UserWarning: The field `track-seed` is annotated with type `<class 'int'>`, but the default value `None` has type `<class 'NoneType'>`. We'll try to handle this gracefully, but it may cause unexpected behavior.
  warnings.warn(message)
/home/UFAD/tcuevasmestanza/.conda/envs/racing/lib/python3.12/site-packages/tyro/_parsers.py:353: UserWarning: The field `wandb-entity` is annotated with type `<class 'str'>`, but the default value `None` has type `<class 'NoneType'>`. We'll try to handle this gracefully, but it may cause unexpected behavior.
  warnings.warn(message)
/home/UFAD/tcuevasmestanza/.conda/envs/racing/lib/python3.12/site-packages/tyro/_parsers.py:353: UserWarning: The field `target-kl` is annotated with type `<class 'float'>`, but the default value `None` has type `<class 'NoneType'>`. We'll try to handle this gracefully, but it may cause unexpected behavior.
  warnings.warn(message)
/home/UFAD/tcuevasmestanza/.conda/envs/racing/lib/python3.12/site-packages/tyro/_parsers.py:353: UserWarning: The field `resume-path` is annotated with type `<class 'str'>`, but the default value `None` has type `<class 'NoneType'>`. We'll try to handle this gracefully, but it may cause unexpected behavior.
  warnings.warn(message)
Experiment info saved → runs/adaptive_fps_track_aware_lstm/CarRacing_VarFramerate_WO_Time_Pen_fc_2.0_bud_180_04-08-14-41-59/info_settings.txt
Device: cpu
Navigation model path: experiments/navigation/CarRacing-v3__train__1__1785768450/final.pt
Env: CarRacing_VarFramerate_WO_Time_Pen  Wrapper: AdaptiveFPS_TrackAware_Wrapper
Navigation Model loaded on cpu
Navigation Model loaded on cpu
Navigation Model loaded on cpu
Navigation Model loaded on cpu
Navigation Model loaded on cpu
Navigation Model loaded on cpu
Navigation Model loaded on cpu
Navigation Model loaded on cpu
Navigation Model loaded on cpu
global_step=488 | return=-15.02 | steps=61 | track=fa9187906600ea33d858a2ca1d42b216
global_step=496 | return=17.78 | steps=62 | track=6f10bb368b868ea8bef06d3aa4179483
global_step=1040 | return=-81.57 | steps=130 | track=dd4d8e92bed40e6db88cd78539c15837
global_step=1040 | return=37.11 | steps=67 | track=27a41edbca64218dd077a4b57ab48af3
global_step=1048 | return=-114.44 | steps=131 | track=add2529554909ffa2961ad55f38c8016
global_step=1048 | return=-102.93 | steps=131 | track=2817418d43f1f2b8a07a23c7cdd180c1
global_step=1048 | return=-103.90 | steps=131 | track=6f1cb4865ac019d56f58cc9367f54a27
global_step=1048 | return=-79.63 | steps=131 | track=3adee935eee528b5188940cca52e5de0
global_step=1048 | return=-97.91 | steps=131 | track=5abf778be23ce76c3a528026d622d049
global_step=1544 | return=-31.48 | steps=61 | track=4f4f713c835257dc3bba1fe4f7a5c3a0
global_step=1544 | return=-78.11 | steps=131 | track=b297b58c4114323d3d2bb2b2bade8822
global_step=1608 | return=39.14 | steps=70 | track=379f2e8f9e40dff3f44475ebf69486f0
global_step=1960 | return=-39.43 | steps=113 | track=94c8a5893787b099af83e4c90e0a17dc
global_step=2104 | return=-102.51 | steps=131 | track=9e2cfa4c4e4ed77dd84278830289807b
global_step=2104 | return=-87.80 | steps=131 | track=4b7e5dd6da839c3db36093cd4d1f160c
global_step=2104 | return=-92.91 | steps=131 | track=ff2661aa1d7802bfb06a2b499724fd15
global_step=2152 | return=-4.25 | steps=75 | track=ea82b1a2138d64180d5e9cf90f4fd7ae
global_step=2440 | return=8.90 | steps=111 | track=d31ca8f7be461e5a4a667dd1e9186914
global_step=2648 | return=51.34 | steps=67 | track=17c19aa6b884d49b9eb6b41eff9c861e
global_step=2664 | return=-88.24 | steps=131 | track=468d53814ecbf0df7385b294b95efb33
global_step=3016 | return=-96.24 | steps=131 | track=a2934e5edeaa97de0d23c113d22d5dee
global_step=3160 | return=-97.40 | steps=131 | track=dc103678018226daeff7462981fadd9d
global_step=3160 | return=-95.57 | steps=131 | track=6715c5938663f5247b7e39d3a8c49cce
global_step=3440 | return=-111.61 | steps=160 | track=57f414ce7045a2b800c1b9358b81274e
global_step=3704 | return=-91.10 | steps=131 | track=98aeede825e5291d7a5bac4d3a4bdf20
global_step=3752 | return=-5.95 | steps=338 | track=c94eb413fc39a8dc5163a1291db63b00
global_step=3824 | return=-85.93 | steps=172 | track=b378f70c28007854351e08c1bb4b009a
global_step=4064 | return=-97.72 | steps=130 | track=ed38ece43c7d079af2d1730442ff4012
global_step=4216 | return=-91.37 | steps=131 | track=fa67368e5aeaef4791e0af14bc5d550a
global_step=4272 | return=-3.33 | steps=70 | track=268c5acf111d4c1d66d8be85b8f4883c
global_step=4320 | return=-35.42 | steps=144 | track=91d6f55f85fb7707dfe508c677bd6639
global_step=4440 | return=-17.58 | steps=76 | track=62a05e619b2a668cb8c2fee5708add4e
global_step=4496 | return=-92.91 | steps=131 | track=4bce1e5eedd1016cad9696286179dc42
global_step=4800 | return=-47.14 | steps=59 | track=919c5b6eec017deeb7fe525fc8c87011
global_step=4800 | return=-97.22 | steps=130 | track=321a6f6b24f56f3cdc0548cec855f89f
global_step=5112 | return=-100.79 | steps=130 | track=6c2c9f72a3b50da75656e0c990b4582e
global_step=5320 | return=-51.14 | steps=137 | track=aa4df10c0f67366dda0e7758c601bf7b
global_step=5328 | return=-100.99 | steps=131 | track=cf477a06dacb90ed01248d973757b398
global_step=5488 | return=-89.58 | steps=130 | track=e6c3bec41830f32b527dec976ee0a271
global_step=5552 | return=-101.37 | steps=131 | track=8ae33ce40e9cb985ff0e2cf743ba8d5c
global_step=5832 | return=6.17 | steps=62 | track=17a4129b8752505e4661d87a95090a1f
global_step=5848 | return=-105.75 | steps=130 | track=0d91594c34c4c48fbfd46b80afea1d52
global_step=5856 | return=-88.76 | steps=131 | track=64a2c4ad063363b112a8246b1d7e47ad
global_step=5864 | return=54.63 | steps=67 | track=5cefd086c8cf5a914170e5a84bbb7019
global_step=5936 | return=-17.83 | steps=55 | track=f83a794191d0288be2eda11e02699160
global_step=6168 | return=-100.51 | steps=131 | track=14a7d7a207cc9d6fae5c75e18be7ee38
global_step=6352 | return=11.20 | steps=60 | track=c3bd9bb24b26b91f0d1f58d11228cc34
global_step=6424 | return=76.35 | steps=70 | track=590bb3aeabeaeeecd900192a3b5793b9
global_step=6608 | return=-95.68 | steps=131 | track=23a3002bf389e03bb7a39f62ad15e8a4
global_step=6824 | return=7.47 | steps=519 | track=eea8e1f679f8fdb5ed054f4f9edf07ff
global_step=6888 | return=-80.86 | steps=131 | track=0fc49325805fa8b2c4475c91014e03c8
global_step=6904 | return=-103.11 | steps=131 | track=b6c0042eaf02abb8230fe2e34cad9bbb
global_step=6992 | return=-95.65 | steps=131 | track=b6657ee0d4f867350a93e9ad3e700bf6
global_step=7240 | return=1.14 | steps=133 | track=9d28634fce7e7782ca92a9e4367af757
global_step=7408 | return=-89.68 | steps=131 | track=ccc2ab5d7d74a9ff2a7d6a472e208b91
global_step=7488 | return=-32.40 | steps=109 | track=dbde5dde97401c3c9a18d7fc9af37f1a
global_step=7616 | return=-51.73 | steps=46 | track=dea8119faf2c9f88f9dee54983ffa3af
global_step=7792 | return=-48.69 | steps=47 | track=457044e8cbe3640606f042f04ea16de0
global_step=7880 | return=-90.71 | steps=131 | track=1f74526e8c3db09a27250291100cfb2b
global_step=7936 | return=-101.57 | steps=130 | track=81ed0d2de726b07bac32d2cef64ba621
global_step=8048 | return=-85.80 | steps=131 | track=1d596ca18ece231a3afc43d2d16efd6e
global_step=8080 | return=-13.41 | steps=146 | track=6cc308a73ad853a37b960086a724bcbb
global_step=8144 | return=31.85 | steps=65 | track=18f0afae7ab64c7a016fc642fe599b9b
global_step=8184 | return=-33.76 | steps=48 | track=db53b426d7b2d12117b1855c9b1ca875
global_step=8192, SPS=41
global_step=8544 | return=-91.78 | steps=131 | track=ef0e49fe3aa2cb83d3b33aef6ee2dda1
global_step=8600 | return=46.61 | steps=68 | track=591dee023dec47f1e5298f72d7cf6825
global_step=8936 | return=-100.63 | steps=131 | track=4d6adb4dff4da178e436c529801a8b26
global_step=8992 | return=-93.29 | steps=131 | track=4290548749a9eea58fa4525a3488f88f
global_step=9056 | return=-34.89 | steps=63 | track=c0ca43d0bd135b5aa12ea38be82fd6c6
global_step=9120 | return=-64.31 | steps=129 | track=e05ae71af0d76d0c46893b3f3950bbc5
global_step=9216 | return=-109.09 | steps=348 | track=5222aa61f822e9ed98af8f64d5d424f9
global_step=9248 | return=-102.98 | steps=132 | track=fb525afcf8604358b76ae838b5c1136a
global_step=9384 | return=9.81 | steps=154 | track=6bdac1d7b92f21a9d64a99e15de16e03
global_step=9624 | return=-0.48 | steps=70 | track=740ec503149bb505d3771c4c163b10be
global_step=9656 | return=-98.24 | steps=131 | track=8d1807d976f0e3e21fb9b5f3be95b7a2
global_step=9712 | return=-41.42 | steps=57 | track=18157a9257e023b4defb5169ac1a4a96
global_step=9720 | return=-76.02 | steps=97 | track=36350a572cdb77dd73ef3481a728e8f2
global_step=9816 | return=-55.40 | steps=74 | track=f455193e209297f57e14b249308adf1a
global_step=10032 | return=-45.16 | steps=113 | track=ef79154ffa334215b8eeb0263f6bb98e
global_step=10048 | return=-103.28 | steps=131 | track=a1bbb06e2dae0b0fd802a42e8ab43576
global_step=10352 | return=0.88 | steps=78 | track=bc45c3cb79cdcf0149748b22d060d1ea
global_step=10440 | return=-95.41 | steps=131 | track=b56278085625de89d9fa57b27f3fc315
global_step=10664 | return=-79.75 | steps=129 | track=a63231996f7ac1ed8ee81987808c61e8
global_step=10712 | return=-96.11 | steps=131 | track=57d468079d3f4474c8aa3c44ac5d38b0
global_step=10776 | return=-110.71 | steps=132 | track=a02ba1f46956a899c31488610231fa33
global_step=10872 | return=-84.60 | steps=131 | track=3a82697a8921d4eeae1485a9eba6f008
global_step=11088 | return=-99.76 | steps=131 | track=2fabe9dcdf611057d4d6c656a1742408
global_step=11096 | return=-86.78 | steps=130 | track=e6b20549939c4184bfc99150beec4a33
global_step=11184 | return=38.68 | steps=64 | track=1466202b71fc626987dff34de8fef716
global_step=11400 | return=-110.14 | steps=130 | track=0ec5f7abfdc3ccdd675f290cde9f966d
global_step=11496 | return=-80.64 | steps=131 | track=7c6494f77707dc28c8188901ab883469
global_step=11768 | return=22.26 | steps=83 | track=55d81ded3a57c5e283e2ffafbba8cd9f
global_step=11832 | return=-114.77 | steps=131 | track=b1b275d2184a29f13da6ecd343a828f3
global_step=11936 | return=-35.60 | steps=93 | track=ea8a0530b8b5ae3cba4399f9a2120a97
global_step=11936 | return=-91.63 | steps=132 | track=82369b2f29cee9199d28300d9ee1f568
global_step=11960 | return=63.33 | steps=69 | track=26625f6b1ff81f12c4171f2af633d1da
global_step=12104 | return=15.68 | steps=75 | track=efcf74f2595af2f58c7c3d37a043a877
global_step=12144 | return=-86.66 | steps=131 | track=46e6349485e545324a243874d6acd084
global_step=12208 | return=-38.35 | steps=46 | track=ba7d1c4cffaf58e59a49e7d7b5840ae4
global_step=12448 | return=173.13 | steps=216 | track=7c70740fc4749ca5cd7eb56cc74dceee
global_step=12816 | return=-92.98 | steps=130 | track=efb21bc02d41b30208ddcc8567a2d8c2
global_step=12904 | return=-92.95 | steps=99 | track=f82e863c978cc3bca71018b909182332
global_step=12992 | return=-96.93 | steps=131 | track=1df837c0dd87344067a357a1e5f0aca7
global_step=13008 | return=-92.68 | steps=130 | track=e15f5720ac5bcfe9f87d1910c669948d
global_step=13200 | return=-96.86 | steps=131 | track=67233dd41ea65be6429a9ed8057859aa
global_step=13264 | return=-94.24 | steps=131 | track=e197b507413f664843665d089e015d52
global_step=13504 | return=-93.70 | steps=131 | track=7fbbd2df7a32d9c09ce2e9441a4ef5a8
global_step=13576 | return=-47.43 | steps=46 | track=b5ea796d2f121073191f3a62731d3620
global_step=13864 | return=-98.59 | steps=130 | track=e762cb4b24829c364dba5af33633554c
global_step=13960 | return=-107.91 | steps=131 | track=5cd99d22222854114c6790eee58e9a7f
global_step=14048 | return=-98.45 | steps=131 | track=edb04dda031ae3d94d4ec5c096ad9ed1
global_step=14232 | return=22.08 | steps=152 | track=dd3f4e9f3b61e614dae2df9e396e0181
global_step=14248 | return=23.58 | steps=288 | track=758e6bf5be394c2440f0c0d83cb3a866
global_step=14256 | return=50.82 | steps=84 | track=f8635689a6235ca467041e9ac04eca03
global_step=14312 | return=-79.13 | steps=130 | track=ff32bd6a9a061b1df2d037cb223bb740
global_step=14352 | return=31.89 | steps=60 | track=6bb83eca3c8016f453002d43154781f4
global_step=14552 | return=-95.82 | steps=130 | track=023bcd6596a3c3bca25cf34d0f91422a
global_step=15016 | return=-94.51 | steps=131 | track=0a76700072392b4d876217fbba1fe9ca
global_step=15064 | return=-42.19 | steps=93 | track=4daa7dda0f2e4084ad28e5586d6c1ebc
global_step=15088 | return=-43.50 | steps=104 | track=13223aecf008f625bc16bcc4a35fb2c6
global_step=15104 | return=-117.62 | steps=131 | track=67f2165a911d85cab4b5413a9414606f
global_step=15288 | return=-103.37 | steps=131 | track=83709c493844f0874410de77e38a6174
global_step=15408 | return=-102.93 | steps=131 | track=711d257a2c71b228085e49c56d658e2d
global_step=15504 | return=-87.40 | steps=155 | track=f5896b67703f9f6302af1e7cd239bd36
global_step=15608 | return=-105.41 | steps=131 | track=1411d04198552f8e1c24838cb282b30d
global_step=16120 | return=-98.25 | steps=131 | track=d8d14ce7b2e0182ded2e0b06dd615cec
global_step=16144 | return=-81.41 | steps=131 | track=a3a11d9e2472ef9982048f1f77d48bb6
global_step=16152 | return=-74.31 | steps=130 | track=d542bfd9dd3cf619c646bcf3576cb65d
global_step=16384, SPS=41
global_step=16464 | return=-85.87 | steps=146 | track=91b737dce0ae27454129e2e1a7cb1de2
global_step=16464 | return=-112.48 | steps=131 | track=879745a6bd3b03908e8f3e175b780382
global_step=16512 | return=-81.15 | steps=186 | track=fe818dadae4e8eb7cadde07383b6c360
global_step=16552 | return=-113.06 | steps=130 | track=76785885c9ab660c437d95e4439124e9
global_step=16664 | return=-86.48 | steps=131 | track=a35c7195a362c35df5977a659f1fd94a
global_step=17168 | return=-101.28 | steps=130 | track=5e9584732bd233dfcabf0f2fb653150d
global_step=17200 | return=-92.03 | steps=131 | track=32efc22fd5d51c5d46262b756febd7ce
global_step=17208 | return=-102.93 | steps=131 | track=67d234ea27c34a54d62537121b854891
global_step=17208 | return=-28.02 | steps=86 | track=b3973cde507a89dabec8f05bce5caad9
global_step=17504 | return=-62.17 | steps=129 | track=1ae27433a4f061b272a7759b36764bb6
global_step=17520 | return=-93.70 | steps=131 | track=0983dd3a5ffcff7e8f282ebdc4ef3c67
global_step=17616 | return=-87.16 | steps=132 | track=fb444c164ac7307cccf5280550087719
global_step=17720 | return=-83.57 | steps=131 | track=a92ae307ba1f4e912c69a65784567a48
global_step=18096 | return=-36.55 | steps=110 | track=3a1568afa1e01d0033e3dbd63d39d772
global_step=18224 | return=-85.90 | steps=131 | track=373902c6bb621446c1b92fccd42c7311
global_step=18248 | return=-104.49 | steps=130 | track=503e1a7ae45fbd2d2814689db909e8f7
global_step=18256 | return=-75.28 | steps=130 | track=b154a16d4fe7b92868141bfb466bf8ed
global_step=18560 | return=-65.90 | steps=131 | track=0d3cebc76f30f5505193356e7154b743
global_step=18576 | return=-92.71 | steps=131 | track=3b74029490f71519102b035da73f3d37
global_step=18608 | return=-18.51 | steps=44 | track=eb2d4157b347d516af34634137e105f0
global_step=18672 | return=-104.07 | steps=131 | track=6aa711f6fc32ac74ef7cc3e5e8120788
global_step=18776 | return=-84.15 | steps=131 | track=27bc80ff91322977dadc120874533e91
global_step=18808 | return=34.94 | steps=68 | track=7c71b08ecad5d87918328e218312d940
global_step=19112 | return=-46.76 | steps=66 | track=1b70222368e5870538e0223179165d29
global_step=19144 | return=-91.28 | steps=130 | track=532ae2aaf93b543e202c83b594a3ffa8
global_step=19288 | return=-94.66 | steps=132 | track=461692bbc94286e4da6bc973543dbb4e
global_step=19608 | return=-104.20 | steps=130 | track=90e0e2adfa1da991e1b3134011512259
global_step=19656 | return=19.79 | steps=67 | track=3e3c3c8ed42621b415b8fad5353482d0
global_step=19664 | return=-104.33 | steps=131 | track=722a363382c9ca74f93847da2e721310
global_step=19720 | return=-71.48 | steps=130 | track=300bce3c1927bf4d7b83475f05450cd5
global_step=19832 | return=-100.63 | steps=131 | track=e970839d482e1bbcbe99cc5a8c8f5e55
global_step=19864 | return=-101.10 | steps=131 | track=aae35c76e81b712ecc8521f2fb33ab65
global_step=20200 | return=-80.36 | steps=131 | track=fb1d282ebd921a97a8c197dd550ec085
global_step=20248 | return=88.64 | steps=72 | track=2dd37cf750999a2be94ebfc3aaff9adf
global_step=20344 | return=-97.37 | steps=131 | track=cc7119b8c43507cba03cb6e6cdeac2ff
global_step=20712 | return=-109.09 | steps=131 | track=e0b7eae37f2101467c87d57a321e94b9
global_step=20720 | return=-84.69 | steps=138 | track=0d11c0cdab435c6f9d5ec6a633852bb7
global_step=20768 | return=-105.56 | steps=130 | track=cb5aa02ce6b38df9c4c8f66aba3e2d12
global_step=20880 | return=-98.14 | steps=130 | track=b1e74e14097088c85b0a253625a0154e
global_step=20920 | return=-97.37 | steps=131 | track=77787a52930b37d8f452d31910eb3fb5
global_step=20968 | return=-75.06 | steps=89 | track=a45664c28d19f283f5f5a8abf3bb5040
global_step=20992 | return=-10.96 | steps=98 | track=fb1934d41842895a3fe9941273f6cdd4
global_step=21232 | return=27.64 | steps=63 | track=c470dea52c30b04ab0f6ac7867ef3dac
global_step=21784 | return=-57.60 | steps=179 | track=119f29cadd864205b1d843d6a75d1390
global_step=21824 | return=-93.70 | steps=131 | track=0826e735e99380435595374cbd01b766
global_step=21928 | return=-100.20 | steps=130 | track=d20d9988ba972c641ebd12dbafd01b76
global_step=21952 | return=-6.82 | steps=154 | track=257a79496d2baaaeaae0301d5b1fae46
global_step=22016 | return=-101.18 | steps=130 | track=35303bb7d0b56858e37610516f39fa09
global_step=22048 | return=25.76 | steps=140 | track=f8e1b614e26464ebcbedb299b781ec50
global_step=22048 | return=-97.10 | steps=131 | track=582b20417e291d8dde9ba26415de401f
global_step=22288 | return=-105.79 | steps=131 | track=bf49a2e8868b75656f11e78b0be62355
global_step=22320 | return=35.88 | steps=66 | track=cd8bcba6ef2fc5af6c9432f77b9382b9
global_step=22528 | return=8.61 | steps=63 | track=95cacf97d39c56f65b5133117f973aa6
global_step=22560 | return=-23.79 | steps=75 | track=2564c0b9a976debdba0079149493502b
global_step=22880 | return=-67.08 | steps=131 | track=d5c3824413875c7106aca3adf25d4b06
global_step=22904 | return=-48.24 | steps=46 | track=e9688fa3e8b5441cdc8cbe5e776a6060
global_step=22984 | return=-96.31 | steps=131 | track=670a36d80069043cd2bdb1e21b06e552
global_step=23104 | return=-94.71 | steps=131 | track=70043aebaff7660ca38619f46067cc1e
global_step=23104 | return=-95.29 | steps=131 | track=1eb5af2af0363e4470244b0429cf4c97
global_step=23344 | return=-82.15 | steps=131 | track=f8150280ce42b3e7abe28655de7580ae
global_step=23376 | return=-96.03 | steps=131 | track=541a0e8486994540139a9dad9ae9f7d7
global_step=23552 | return=45.19 | steps=70 | track=5eadda800139694f0560014713ac4c2a
global_step=23616 | return=-86.66 | steps=131 | track=8f410d98436fbf3a0bd8f77af97bc44b
global_step=23656 | return=-74.89 | steps=96 | track=d4fe6eb23cd7313f68f7d18a312eb7e6
global_step=23712 | return=24.60 | steps=75 | track=436c731ef371d9958515358d0469ed09
global_step=23880 | return=-18.55 | steps=66 | track=2f6b1aecfa32b59679dc468e1bd4ea8a
global_step=23952 | return=-96.14 | steps=130 | track=38a2fa35e9b3920618625cb73c35e26a
global_step=24080 | return=29.18 | steps=121 | track=e3509c657652a2d9c7598488b961797f
global_step=24392 | return=-24.07 | steps=63 | track=bef006476eca6408bfb225dd98bade02
global_step=24432 | return=-93.90 | steps=131 | track=c79e2c5c8354a0980933c631cfcf7638
global_step=24576, SPS=41
global_step=24608 | return=-109.68 | steps=131 | track=1ce253dc1d487f189962282fdf6beb14
global_step=24720 | return=-94.03 | steps=132 | track=20cba3979f3b926556e7a8088f1b22b9
global_step=24768 | return=-91.91 | steps=131 | track=68b4064744cb17c7c8c84a6a11a401ea
global_step=24776 | return=-39.29 | steps=42 | track=d0a129e1a6b5fbf31cc11b5f29297154
global_step=24832 | return=-79.75 | steps=109 | track=9c8319f8ecb66c7eaf0a83959f35f00d
global_step=24888 | return=-52.95 | steps=100 | track=c670dbeb365a91aa2807546a68628176
global_step=24920 | return=47.50 | steps=162 | track=50e6ce3d42519fb1b432c4fba47eeaa7
global_step=25272 | return=113.76 | steps=109 | track=cca6a78b309e70dbfe33f37529fcc248
global_step=25656 | return=-93.72 | steps=130 | track=8e5c51de3d274a4749d649bbf5bf62c9
global_step=25688 | return=-14.42 | steps=51 | track=b1608f8118fb0f9dbef18916bcfd81cb
global_step=25776 | return=-79.16 | steps=131 | track=3c03ed0c139fab6b89f69de273116cb2
global_step=25824 | return=-94.03 | steps=131 | track=b26ddafbd71003be302935922706cfc4
global_step=25832 | return=-99.11 | steps=131 | track=f0f1e93d9be281db577c6247c27ac053
global_step=25888 | return=-90.88 | steps=131 | track=61095cbee8317ea4d2985d5807c5b1d2
global_step=25944 | return=-85.33 | steps=131 | track=3163c3eccec7b27716e9d1f048921534
global_step=26048 | return=-24.79 | steps=140 | track=308cd8bda863f1745059483cddd08373
global_step=26544 | return=-5.63 | steps=61 | track=160c07af5b3eec5a6a2622ad3caa9863
global_step=26712 | return=-89.76 | steps=131 | track=ae48b9edd3323ba67863dc1775dd0c4c
global_step=26744 | return=-101.30 | steps=131 | track=571eff9f771b54fde53d984af0579e03
global_step=26824 | return=-106.43 | steps=130 | track=28f5fb23f6677cb5b3c8b1399c7dd252
global_step=26880 | return=-110.77 | steps=131 | track=5fab2b717edf1035b8b587ff4d988603
global_step=26944 | return=-99.09 | steps=131 | track=c954f6da556444aa5d09b6b9b3388fa8
global_step=27000 | return=-88.48 | steps=131 | track=24ba74a75238918f60fb183f68e9c077
global_step=27136 | return=36.34 | steps=73 | track=02e949eea799e65bb40bd8afed1e48ed
global_step=27272 | return=27.21 | steps=65 | track=4540fc32a8df14075af559853d96a960
global_step=27656 | return=-159.29 | steps=227 | track=abffbdb919fd9436b161a09729a109a5
global_step=27704 | return=46.61 | steps=70 | track=a62284ea2c187ad66cb53640e3001deb
global_step=27768 | return=-91.89 | steps=131 | track=3ee25b50834f2869c3e14a9be10f1e1b
global_step=27872 | return=-83.13 | steps=130 | track=41b948b3acd93af2f6723341efb53372
global_step=28000 | return=-95.57 | steps=131 | track=83b053cdcbf919f9ed653e7bba2f30f8
global_step=28056 | return=-99.45 | steps=131 | track=3d629f72ecd0a3d7baf671cca41aa7e3
global_step=28160 | return=-64.00 | steps=110 | track=f96ef8c3309a0a248e6ee9498a82742b
global_step=28216 | return=-13.34 | steps=166 | track=0002c23a7afa6aaa80669d50bd82fbec
global_step=28792 | return=2.87 | steps=78 | track=e36cba690973bb9a1155d55874ce2342
global_step=28824 | return=-80.14 | steps=131 | track=6f380a29ab02278a747b381269b3478d
global_step=28864 | return=37.49 | steps=150 | track=eece1170f6033ac92727a807b0158046
global_step=28896 | return=-13.26 | steps=148 | track=4730af4935fdaa194c0f873345c79af6
global_step=28928 | return=-81.10 | steps=131 | track=3242aee463cf0fd70b2ede6fd8412e6a
global_step=29064 | return=-66.01 | steps=105 | track=7c726950ca1ab13727576a02d73743ef
global_step=29112 | return=-100.91 | steps=131 | track=5654176c01e6fadffb6978cbe45dd4dc
global_step=29272 | return=9.64 | steps=158 | track=1719ed3bfe840eca99982ce246d34910
global_step=29464 | return=33.60 | steps=70 | track=70abf187c7158535ca449753b7e72267
global_step=29488 | return=-38.05 | steps=46 | track=62000897850cc3ba3ec2fe9ca0608e63
global_step=29880 | return=-101.79 | steps=131 | track=c867e2a8041a6592f7c8e869964a5660
global_step=30104 | return=-116.57 | steps=163 | track=3e7d2a2632d73e7500da5471b692f6cd
global_step=30160 | return=-48.14 | steps=136 | track=3f7f9f03ae916651f469c6a75b73c2e4
global_step=30288 | return=-66.71 | steps=177 | track=31af93cd776aab80dbc2af928d5e334f
global_step=30384 | return=-49.41 | steps=138 | track=5c674f897fd544e1f1c2fa19c85a021c
global_step=30520 | return=-101.79 | steps=131 | track=287102d8db5a6476bfd7cf39bd8ad3c4
global_step=30544 | return=-98.40 | steps=131 | track=86995615b79efe73301e120e672951a6
global_step=30648 | return=44.13 | steps=67 | track=8adfa4c42a94fb1a238e75b5df440a82
global_step=31216 | return=-101.91 | steps=131 | track=0f4b03f2ece8bc6302887f65565a56a3
global_step=31256 | return=82.24 | steps=290 | track=5aa6d1dcf1a8585c070c506bacc1a409
global_step=31344 | return=-90.03 | steps=131 | track=28ce7e1cd22d026746415f85fa50a288
global_step=31368 | return=3.20 | steps=122 | track=2ffa2ca9c9207fbaa0a86af3f70a0dba
global_step=31576 | return=-101.10 | steps=131 | track=cd1127190a69216cd87883f7fc661eeb
global_step=31600 | return=-95.37 | steps=131 | track=3eca5ca48d2d364fb0cb650602d9d020
global_step=31704 | return=-108.77 | steps=131 | track=f4198b8fe20a7e71ca0663cf7895b71a
global_step=31960 | return=-50.89 | steps=259 | track=ccd7ae102ae8b2c18ae4cda3e9d436bf
global_step=32144 | return=49.58 | steps=67 | track=9d18a22635f997a71184ef5f0cf0ddad
global_step=32272 | return=-88.26 | steps=131 | track=4a089b350e2d7919b7f94b978cacdfbe
global_step=32312 | return=-85.41 | steps=131 | track=a50cde00b78550d69b86be5af665e036
global_step=32632 | return=-52.84 | steps=131 | track=b31f4f79fb39ae84c38bd8aec0de3994
global_step=32640 | return=-53.69 | steps=45 | track=06e44b3f046a8768ac6a9a7b4661ff08
global_step=32704 | return=71.43 | steps=69 | track=06788c7892674c2daec73c500e03d220
global_step=32760 | return=-100.93 | steps=131 | track=94c579bd9905fd2b78fda1c1a58e7aec
global_step=32768, SPS=41
global_step=33016 | return=-106.63 | steps=131 | track=281654aae9d4499523b7dba00f9c75a3
global_step=33232 | return=-16.52 | steps=58 | track=9d5c949f8e71e82644b9854091206b2b
global_step=33368 | return=-85.33 | steps=131 | track=1f52ead55a20ffd1bfee211f309bf219
global_step=33408 | return=-66.96 | steps=96 | track=7af2c15a02c223014fd1dd933579a63a
global_step=33648 | return=163.94 | steps=287 | track=4fadf08e2a460648a57fb33d0abbfcb3
global_step=33696 | return=-105.90 | steps=131 | track=d77d507004c6f941c147f7e435f6c511
global_step=33744 | return=-92.62 | steps=129 | track=d2206002229446ab5756ef7ab42963d0
global_step=33784 | return=-27.68 | steps=46 | track=07a847c60e0bc257ba4f06a22bba2c97
global_step=34072 | return=-82.84 | steps=131 | track=843919be67fbdea50de8acb044369ce0
global_step=34120 | return=-76.94 | steps=93 | track=2749b1704877269a1a0d205c9dc609b3
global_step=34288 | return=-101.90 | steps=131 | track=98ed6c04eb988da360404ce2f2be683a
global_step=34288 | return=7.70 | steps=62 | track=35e7c60ee0fd181c35447ad6de845c62
global_step=34368 | return=-14.96 | steps=374 | track=36688724009ca22355f302ec52f991c1
global_step=34544 | return=-55.27 | steps=58 | track=b24463b18d3f23c13eae396bb20117ff
global_step=34704 | return=-92.40 | steps=131 | track=48f4efa1a99c7c4b1cf5b1048766d95a
global_step=34752 | return=-99.65 | steps=131 | track=76cb93f5344abd1a420c9ae8ab40a4b6
global_step=34840 | return=46.11 | steps=68 | track=3b337fd48ec00fb28f1071f4b6674936
global_step=34896 | return=-47.38 | steps=43 | track=b00b897e666c5a6d390b7ae88014e932
global_step=35152 | return=-85.39 | steps=97 | track=a454e3c0e4063e352e933ab46fc37e69
global_step=35168 | return=-96.78 | steps=130 | track=f82f0dbac85de3bf16841d86e107a477
global_step=35344 | return=-79.41 | steps=131 | track=23a3ccde718295e0c3fceb20332cbc15
global_step=35416 | return=85.60 | steps=71 | track=ba3ff51570ff0736708258dcd1409e51
global_step=35496 | return=-52.31 | steps=42 | track=c3d77e7c01af7b9c7a3dd914ba23d3ef
global_step=35760 | return=-94.38 | steps=131 | track=890b49db6ce50750aeb9fefe49aeb806
global_step=35776 | return=-45.16 | steps=44 | track=f7525a9dd6e00f2083c24df6c20a1ae6
global_step=35800 | return=-107.94 | steps=130 | track=0804dd28fcbc65d968d1bfecfffb43f0
global_step=35952 | return=-82.03 | steps=131 | track=ceb737e06372334f7d5f6263dff6e862
global_step=36128 | return=-68.51 | steps=297 | track=676a9c9c80baa84988b7cf1e4d22f6aa
global_step=36224 | return=-88.86 | steps=131 | track=315cb1090048b17de9c321f822d9ed7d
global_step=36400 | return=-91.57 | steps=131 | track=afff4370fdf6baf57c6aea7898de4e80
global_step=36552 | return=-73.15 | steps=131 | track=28be2ac4da736f3693da458781d61b15
global_step=36832 | return=-90.88 | steps=131 | track=34df759e184aaabe6be7b22d0d5be754
global_step=36856 | return=-81.20 | steps=131 | track=348d62592dc2686a2a001463cd166ec4
global_step=37008 | return=-88.45 | steps=131 | track=d0160e667ed18d00ee5c50d7c655ae8d
global_step=37008 | return=-68.30 | steps=109 | track=70f1b3d66233d7c96989776043ab7f25
global_step=37112 | return=-103.49 | steps=168 | track=9ef74ffc2d3858bbd21d23232979ee14
global_step=37136 | return=0.71 | steps=113 | track=bc424730267ef6c27fd959e10867aea9
global_step=37456 | return=-79.57 | steps=131 | track=1ce9e3d5d8d44b9af2c55f2d744fed97
global_step=37600 | return=-101.06 | steps=130 | track=7b878245a994484b952f7a736f58f3c5
global_step=37880 | return=-72.40 | steps=130 | track=da1e62683583af936cbbd395f283c2b6
global_step=37904 | return=-105.56 | steps=130 | track=14204dccb320008038c4d178226788dc
global_step=37952 | return=9.28 | steps=117 | track=77abf11081a629bb93fceef842f38885
global_step=38064 | return=-97.95 | steps=131 | track=60649fc0ec5a014b45962d44a2935beb
global_step=38192 | return=-91.72 | steps=131 | track=952804d951cdc5a15b798c7f8fdee6f2
global_step=38272 | return=-73.29 | steps=101 | track=96d87d8582bc1f70f6286e69741ce7df
global_step=38552 | return=78.92 | steps=179 | track=64bb0b9644cf7742ee8e210eb72f31f9
global_step=38656 | return=-88.40 | steps=131 | track=348389a3b8d94b977c9d7bb7ff6e02dd
global_step=38936 | return=-50.71 | steps=131 | track=9be7f02801efc7fd0ce4eecf07be79eb
global_step=38960 | return=-90.51 | steps=131 | track=b2eba625258bb32ec9b134017f5cbd33
global_step=39000 | return=-59.30 | steps=130 | track=9869284eea9bb481e6e8e3623877874c
global_step=39112 | return=-115.22 | steps=130 | track=f3a61ab7ced1b267019079d08e6eb704
global_step=39136 | return=-88.61 | steps=107 | track=fb55b8d2f944b51fd2c63cd9fb1a56ef
global_step=39248 | return=-91.70 | steps=131 | track=bcdcfec269d071678d2f3a5e86c398a8
global_step=39312 | return=-53.09 | steps=43 | track=a3dea4facc11ed0c1f02067e65e9ad82
global_step=39608 | return=-89.80 | steps=131 | track=2c21bf81248a1af390b77623170d5fe3
global_step=39680 | return=-23.62 | steps=67 | track=630f872b76d9ea3f67f6c05ec083866e
global_step=39712 | return=-93.72 | steps=131 | track=9c5ef958bba4ac23413fd9ad7036eae8
global_step=39744 | return=-64.51 | steps=92 | track=46e90ee3015e59ff81f150ae3672be47
global_step=39992 | return=-108.03 | steps=131 | track=dbb317495fbcc137a8f48b7524a4e4c7
global_step=40168 | return=-101.28 | steps=131 | track=6540c005136a68423c66598c38464bb1
global_step=40184 | return=26.28 | steps=108 | track=17bcc2f5db27a46b945da319f8b5d047
global_step=40304 | return=-92.26 | steps=131 | track=5251285c71980c0989f2e3172931e3a0
global_step=40664 | return=-87.18 | steps=131 | track=5967f6bf16e6b0c03da76100b9a1c59b
global_step=40728 | return=-102.75 | steps=130 | track=a511aa9f2eac2a67dddf8dea4f60d677
global_step=40768 | return=-100.15 | steps=131 | track=bc94caabf562715ffdbef947a772006b
global_step=40808 | return=-90.45 | steps=132 | track=e5440c65a0c2f641ad53ed9c06092f03
global_step=40960, SPS=41
global_step=41056 | return=-39.39 | steps=93 | track=72b72544e81404610a6f170af48f8210
global_step=41168 | return=-37.00 | steps=146 | track=24a943def4c53c075617301ca5330d30
global_step=41224 | return=-88.03 | steps=131 | track=033fec458923016b505b21d7a29cb35a
global_step=41232 | return=-97.37 | steps=130 | track=8011a7f12b8610421f9463a1c971d617
global_step=41240 | return=22.83 | steps=63 | track=ce34f9a17cd965ff251a70f1324699b3
global_step=41344 | return=14.90 | steps=66 | track=1f0ae5c0fa8a624847c09be2dfc54501
global_step=41712 | return=-97.56 | steps=130 | track=8c559c8a22640d3418f759e2e516ff5c
global_step=41824 | return=-90.45 | steps=131 | track=56e8e83aa57fca4249bb707d6e7fa131
global_step=41896 | return=13.73 | steps=81 | track=b812e455255bf03b3160c9b747e59f8b
global_step=41968 | return=-42.46 | steps=91 | track=651879a91c36e34e3047cbb1ee3e0063
global_step=42112 | return=-96.24 | steps=131 | track=03dc6a6212d6d882b83b61d2e580a575
global_step=42304 | return=-56.87 | steps=41 | track=6f6c94671f9537d3f3715f8a5e7710be
global_step=42344 | return=-38.52 | steps=139 | track=7729e28b6b478104d5c8df789ea36b08
global_step=42384 | return=3.01 | steps=151 | track=0a6c7f2ef48c3b0c128844356fb0717a
global_step=42400 | return=-99.10 | steps=131 | track=c603543945129b6e94b9306438a81a28
global_step=42512 | return=40.41 | steps=76 | track=8e89db6a5be2e2aab20efe524cf963d8
global_step=42592 | return=-72.01 | steps=109 | track=da9c94bb4ca4fdcaba568141049929f2
global_step=42640 | return=-33.93 | steps=41 | track=1da93396c138cc0df2f530afb2c8b00d
global_step=42880 | return=-93.15 | steps=131 | track=1ae80df23de59bf1ffe12ffe715cca9e
global_step=42968 | return=45.63 | steps=72 | track=f4aa99b4db9b01a0957a358ebe4bb2fb
global_step=43168 | return=-100.06 | steps=131 | track=5364e255e0a0eefebd8270f38f2b214f
global_step=43304 | return=-14.15 | steps=82 | track=af98207a590e5b19e6a53368a540bb91
global_step=43400 | return=-84.03 | steps=131 | track=849a9910deca2fb86b221749cf759436
global_step=43568 | return=-71.33 | steps=131 | track=83448c9f13a499f332ba3ff96a9795e5
global_step=43648 | return=-89.37 | steps=131 | track=1e6227e21da79cabba3e1aa4105e1db9
global_step=43888 | return=-69.21 | steps=89 | track=a9def0789e12e965e17fbe88a675ab77
global_step=44016 | return=2.51 | steps=130 | track=794fb915de46c89740d42807bbcc9873
global_step=44112 | return=42.21 | steps=67 | track=ce74243243e20d6040250fc914f334e6
global_step=44136 | return=8.19 | steps=156 | track=7441e26f161bcfdd8a793e7a74395a89
global_step=44360 | return=-91.10 | steps=131 | track=17bbf2c738bf6904864cf49f78bf8f3b
global_step=44512 | return=-54.29 | steps=263 | track=78046170cae48fd7918caa6a4b27f0c6
global_step=44520 | return=4.13 | steps=62 | track=ac8f30da54414edfd50efbed91d2d68c
global_step=44672 | return=-28.88 | steps=158 | track=701bad2d48bc8f70672f60033c67cdf3
global_step=44800 | return=-25.08 | steps=143 | track=4436fde48da879b7b7495f02f1e36453
global_step=44944 | return=-91.80 | steps=131 | track=7b22b1d498201769ba4e0257198d0766
global_step=45168 | return=-92.14 | steps=131 | track=ebe18ba470cbb895c8de17dde719a93d
global_step=45192 | return=-85.65 | steps=131 | track=188bdc66d77ca1d6c6fc74a4b9191a3d
global_step=45304 | return=12.88 | steps=62 | track=981c774c443a292b0e681c587776154c
global_step=45416 | return=-93.50 | steps=131 | track=6ffbb5773bf857951d8be42e72ce6f8f
global_step=45568 | return=-89.70 | steps=131 | track=01318193f024e332468b73f16a4f4f14
global_step=45576 | return=-82.15 | steps=131 | track=b25f7cd24050b0ce81ee88920294c8b6
global_step=45728 | return=-88.71 | steps=131 | track=b6ef7ef383f945ad356330569baa9196
global_step=46000 | return=-92.31 | steps=131 | track=a155e0d139372dc4f937d586cb051b1e
global_step=46248 | return=-89.10 | steps=131 | track=2e20513cf7af61e180de99fd15e890d0
global_step=46360 | return=-95.16 | steps=131 | track=36e08a1b02977baae92dbb74ac4d1c15
global_step=46408 | return=-9.73 | steps=50 | track=8c380f6db54d09e527852c3e268aa521
global_step=46472 | return=-89.57 | steps=131 | track=4a08b124624fcc569f2193023ccb7881
global_step=46544 | return=-47.01 | steps=171 | track=e8b0823827cc6628f86a73d42f00f7e8
global_step=46608 | return=-99.85 | steps=128 | track=244b5057b45ce691832f747a00119d77
global_step=46616 | return=-88.40 | steps=130 | track=9383e336febc2099f5bb294f558fca0b
global_step=46904 | return=7.57 | steps=146 | track=c9ff215b180ab23d28ad4c6aecf7964b
global_step=47000 | return=43.54 | steps=73 | track=6d132c8cc24f8208891e63717cabd086
global_step=47304 | return=-90.48 | steps=131 | track=9209a9fb5b5ded88fbfa500d3014de42
global_step=47416 | return=-95.80 | steps=131 | track=f0fb1dde6a17ac2d0704ae48e4370497
global_step=47448 | return=19.21 | steps=67 | track=37a130d15423543e45e453d98b22ae94
global_step=47600 | return=-93.63 | steps=131 | track=e71070820dd356de3edbffe7ff494b12
global_step=47664 | return=-81.37 | steps=131 | track=1ac9cefdb0aec8733562e9b802a61bd5
global_step=47968 | return=-69.10 | steps=186 | track=b2b8e8aae4711655e715fc346cb5bfcc
global_step=48032 | return=-34.52 | steps=176 | track=d086285ff9ada2c04b9b5767eb6b8a50
global_step=48056 | return=-89.80 | steps=131 | track=96c6d09042eff8b0dfd9df6917bdf934
global_step=48344 | return=30.38 | steps=92 | track=d6cb4cf929ce4f3be487647404baf1e0
global_step=48352 | return=-102.33 | steps=130 | track=a639476a461fa5cdf7b2ad5fb50c5bd4
global_step=48472 | return=-100.07 | steps=131 | track=a412eed37537c00b9692587d8888190b
global_step=48704 | return=4.74 | steps=156 | track=84e34fe0332e8c35a9fb4fe74563d8e0
global_step=48720 | return=-122.07 | steps=131 | track=f56f20820d6f2fa73e1e08866dd47dc9
global_step=49024 | return=-103.81 | steps=131 | track=c85df85c6ada5a7f3caaa1cf8148f09d
global_step=49112 | return=-82.86 | steps=131 | track=8175c5c4f1af51a62c3c12e78ebb99ac
global_step=49128 | return=-46.34 | steps=136 | track=39fd2f8610edb1576be93293a6fa9290
global_step=49152, SPS=40
global_step=49224 | return=-42.39 | steps=62 | track=b6cdd49efec18debdb70c4426e9aaff7
global_step=49392 | return=-101.06 | steps=130 | track=1126a352b49e8d19253b176d476e91fe
global_step=49400 | return=-95.72 | steps=130 | track=ebe5f536e8c2ff80b815a598d7cbbb7b
global_step=49496 | return=-31.77 | steps=98 | track=bfbb43ee746169ceabd7cd6bbae0d97a
global_step=49528 | return=-90.06 | steps=131 | track=0e95aafe2d30408e0f3c5b0ba9957aba
global_step=49728 | return=-24.45 | steps=87 | track=8033dab8d25f3715b13e52f95e39ab79
global_step=49784 | return=-54.03 | steps=47 | track=ac31c0412857cd42446c4fd898679dcb
global_step=49912 | return=45.65 | steps=85 | track=043b1df7e64101d745ca8ccd032d7825
global_step=50176 | return=-99.78 | steps=130 | track=c256346cec33461d77e81d015d32f065
global_step=50256 | return=-69.26 | steps=107 | track=b74e12cb95650ca0077afd8442498e7c
global_step=50360 | return=-81.65 | steps=155 | track=26b8658dc940fabe9871234beb20f4e8
global_step=50552 | return=-88.15 | steps=131 | track=b38ca133adf80c3710cbe5dbf309d684
global_step=50584 | return=-91.50 | steps=131 | track=41584df85b14964de0dc2ec25901ce1d
global_step=50840 | return=-90.91 | steps=131 | track=f12c62bf2eab15b4668c613c452827d7
global_step=50936 | return=-9.61 | steps=150 | track=88ac84849a9ad1662575fbebf9b428c8
global_step=51080 | return=-25.24 | steps=145 | track=d65c3afc5d98c5fa09f89f8db8cac901
global_step=51232 | return=-91.50 | steps=131 | track=632897ada4e9c53d1964e2300bedd207
global_step=51312 | return=-98.03 | steps=131 | track=27725dc7294f63975a04bed57c1fde59
global_step=51520 | return=-32.83 | steps=144 | track=3f6a56f8b97199e0b3d809d0d3950999
global_step=51600 | return=-99.80 | steps=130 | track=e3d877af0988433860e5b2b23140801a
global_step=51640 | return=-100.44 | steps=131 | track=8bcc4543c19505f40e49cb19a1a8893b
global_step=51664 | return=-17.47 | steps=53 | track=93d342993a32dbf8a07a7e6a8906e504
global_step=51672 | return=-15.77 | steps=44 | track=c868d0865894d9f7319672544303810b
global_step=52032 | return=-101.52 | steps=136 | track=07f25e7879b3abe3681378b7ba888779
global_step=52056 | return=-9.36 | steps=151 | track=f77cfe52bd172619271696470630cd67
global_step=52136 | return=-90.51 | steps=131 | track=d874d716aa5e43875b7c299bf7a53a2b
global_step=52208 | return=38.18 | steps=67 | track=1072d729e11904f1ad4a404bb403595d
global_step=52424 | return=-48.83 | steps=48 | track=2d4ebda54f9d2713daafd17d85b84697
global_step=52448 | return=80.23 | steps=100 | track=0f0c15996c7f9ed83f9a54ffc99b828a
global_step=52528 | return=-28.45 | steps=48 | track=f86e03476632a8bb35f1b7310dc31938
global_step=52568 | return=-82.20 | steps=130 | track=056870ee93be06af3b902392ab0329a1
global_step=52728 | return=2.43 | steps=64 | track=399d788d7180efbd149fa9f1529728f2
global_step=52800 | return=-15.60 | steps=140 | track=2110042c62ba6f3c046fbeb3350f29f1
global_step=53224 | return=-43.23 | steps=145 | track=6ced8cce35229342e9a2fe5ddea9eb55
global_step=53584 | return=-85.65 | steps=131 | track=434e1ba492d3de4c60194a2be9b443c3
global_step=53600 | return=-71.95 | steps=146 | track=020019bab916b8fc790859dfa49923b2
global_step=53616 | return=-111.56 | steps=130 | track=3405250a81a3b800479808b3005c0120
global_step=53632 | return=-17.90 | steps=147 | track=9674ecffbf98f315500f4068c9fb756f
global_step=53968 | return=-24.42 | steps=154 | track=d68980d1e963c5ba703637af9ad40c85
global_step=54016 | return=19.29 | steps=151 | track=ad9fa3f2071cab2e0e2e2937d1cf376f
global_step=54072 | return=20.72 | steps=60 | track=8d3743ddbc639c5e1450403342d03dec
global_step=54280 | return=-96.03 | steps=131 | track=26767c3fdb9b708ec0bce7dbe9bcb0da
global_step=54280 | return=33.88 | steps=84 | track=0a14b72e6ddf5a19b5eb296aac067623
global_step=54280 | return=52.53 | steps=334 | track=240fd03ba3a3872eff3368462f65ccf8
global_step=54376 | return=-52.31 | steps=50 | track=c6a6251ab70afe9dd4d1619dd3d2a0a8
global_step=54544 | return=32.38 | steps=65 | track=a6507dc6e92291f41e8072b978ec3e4b
global_step=54672 | return=-94.03 | steps=131 | track=beb914465745c8f82cd37be63497c200
global_step=54688 | return=-94.51 | steps=131 | track=fdc948590c29172a62a79a27b4566dd8
global_step=55080 | return=34.76 | steps=66 | track=f24af6fa049b377f0f031a665eebd7f7
global_step=55128 | return=-92.86 | steps=131 | track=bd42d45cec854346c16529f9e44ce29a
global_step=55336 | return=-97.90 | steps=131 | track=d421c0c9fb8b5f5f68c74fef39695100
global_step=55336 | return=-82.14 | steps=131 | track=0beee03479da7db285588f47f3bbfc0a
global_step=55432 | return=-90.38 | steps=131 | track=415d5705583219691523591c368adb09
global_step=55592 | return=10.34 | steps=63 | track=113cab80cbe5d868459caa185b3e8898
global_step=55624 | return=68.70 | steps=167 | track=7a83bb7d9f099c17f1f4bef2664aa45c
global_step=55728 | return=-99.10 | steps=131 | track=8e34903ee5e4688b24038f0ac6a9e2f3
global_step=55968 | return=-6.65 | steps=46 | track=f10fd1ca9ef0de80b9019667c202b54a
global_step=56344 | return=10.67 | steps=151 | track=d525bcdb8226eac48ac2569e6a971f54
global_step=56392 | return=-115.70 | steps=131 | track=bc8c0d369780d88631787df84f2b28eb
global_step=56392 | return=-98.03 | steps=131 | track=dea6b181a684e927b513dc290b955834
global_step=56488 | return=-76.92 | steps=131 | track=c5dad0032ec001a2ee8a294f4237ea20
global_step=56752 | return=-108.63 | steps=140 | track=acbcaf3d24eefe20def3f868777d7167
global_step=56776 | return=-67.24 | steps=130 | track=bdb7cdbd9a9ce7cef33d0b4722f17042
global_step=56848 | return=-73.29 | steps=269 | track=5c0460cd2838ffdad8d72e4e466a8c21
global_step=57024 | return=-102.93 | steps=131 | track=ac5e08ffaacc18076c72a3f5ffc687cc
global_step=57344, SPS=41
global_step=57384 | return=32.28 | steps=66 | track=512c60d42d507963f59bcf95812e6450
global_step=57400 | return=-101.09 | steps=131 | track=48662d789823e4ce3461baa25f7b04ea
global_step=57488 | return=-29.81 | steps=124 | track=027ec82ad3e1eca9cc2be82ba4975e98
global_step=57504 | return=-72.71 | steps=138 | track=d5d1f0b4026a40b5166ac73fa0314b3f
global_step=57520 | return=-46.93 | steps=92 | track=e5b85655fc6614828f418f0a71dfce9a
global_step=57808 | return=-93.50 | steps=131 | track=113bde87502a23a8af7bb51e91a52c39
global_step=57848 | return=-39.35 | steps=181 | track=1f61c245b8eebf08a26c4987c6a29a4e
global_step=57848 | return=-75.31 | steps=102 | track=3bb2c6c5e3af2c4777f30bf3ec107ac6
global_step=57904 | return=12.03 | steps=64 | track=5310f9312d1cd11603af991f8d37074a
global_step=58416 | return=45.32 | steps=70 | track=0aa3f3cc775f7d49a4cae3c11620a56b
global_step=58456 | return=-81.16 | steps=131 | track=1da07c98b3424bd897fcd276ab78db19
global_step=58536 | return=-89.19 | steps=130 | track=2ff868ada65a8ee77afe1ae718942232
global_step=58560 | return=-79.20 | steps=131 | track=f1c549ea3e87c0b06301cd8018f42ed6
global_step=58568 | return=-87.18 | steps=130 | track=c87907da194295f23d521a810b1def99
global_step=58696 | return=-81.50 | steps=98 | track=8df2376970e2c0185193a573c599a6bb
global_step=58904 | return=-48.88 | steps=60 | track=0696a185ed4309b65f600d576efedf0e
global_step=58904 | return=-104.25 | steps=131 | track=6b2bda2d694e0e6619bf0df10d176f03
global_step=58992 | return=32.76 | steps=66 | track=b182a0149fa61e5bb068e825e2c1759d
global_step=59120 | return=-0.80 | steps=72 | track=16ddff5b095f3143ac6ae20f008f8145
global_step=59464 | return=17.53 | steps=206 | track=240a34a339d1573dab9ecbd087286654
global_step=59616 | return=-91.33 | steps=131 | track=3f10825faa3aec5a8702d68533a223a6
global_step=59624 | return=-82.36 | steps=131 | track=7a02b4179ddaf4b7637633b48d1a446c
global_step=59744 | return=-85.19 | steps=130 | track=aa2df4670a8426a7eb88f31b3c45ac3c
global_step=59952 | return=-89.13 | steps=130 | track=fa11d8848beb4748e24b002303f49c22
global_step=59960 | return=-84.03 | steps=131 | track=f778c67e8b2af48c604859744bdb7f85
global_step=60040 | return=-96.14 | steps=130 | track=3795d83089556ad6632f1764c2d578d3
global_step=60104 | return=-21.12 | steps=44 | track=717bca1484ac9a207795b6d7ff7eb5ba
global_step=60128 | return=33.00 | steps=63 | track=2a18f8032c40cc1e4734fdfb333b4bfa
global_step=60440 | return=-72.24 | steps=164 | track=b4a2a4504f19daa386d6a26fd108f02a
global_step=60552 | return=-59.26 | steps=115 | track=df26f4071bdda3bf9573a5b268b632c1
global_step=60712 | return=33.65 | steps=83 | track=c4a023d510b4abd81aade6efb72e81f0
global_step=60840 | return=-118.00 | steps=88 | track=e7c480bf380efa59be8c2d6ac11d7d52
global_step=60880 | return=-12.48 | steps=114 | track=7d8eec5df430caa2ba22c4a6a258dfc5
global_step=60984 | return=-101.20 | steps=189 | track=18b47bbb1207e2d427b1a3d6603b721a
global_step=61008 | return=-100.03 | steps=131 | track=d5893ef09b8d6ddfe55e31947e77e739
global_step=61160 | return=-85.29 | steps=131 | track=b0ad2be110cf792eb5e0f27f3c90a4a8
global_step=61192 | return=-54.01 | steps=93 | track=1a63a0dab2eeaffd1db4f974306563a7
global_step=61240 | return=30.92 | steps=65 | track=16ba6634f943720ab9036bc54130c5d7
global_step=61368 | return=-41.42 | steps=65 | track=30267f2f89f12d02e9e110c7483ab741
global_step=61576 | return=166.58 | steps=70 | track=58e437c17ef225191e262bf286443c5e
global_step=61576 | return=-37.18 | steps=47 | track=14f61a21753f0582280e2dc933a75a02
global_step=61936 | return=-85.68 | steps=131 | track=254ca3b872c8f1a6ae99bb6e03672ba5
global_step=62040 | return=-89.65 | steps=131 | track=0fb123f7540e0ceb7736d91935642019
global_step=62216 | return=-90.40 | steps=131 | track=ffa5c0818a1415b78275dafab4b8e852
global_step=62360 | return=-74.71 | steps=225 | track=a0f5bcff4520304a248926a9a5cbdd8c
global_step=62624 | return=-83.30 | steps=130 | track=881c45b6ca81a266d7a0313718e7041a
global_step=62728 | return=24.88 | steps=63 | track=7709452e5226b30d11c62f22f87cccdb
global_step=62936 | return=0.41 | steps=71 | track=87bc8bf56b3e9e7dcd82fe943bc62587
global_step=62992 | return=-85.33 | steps=131 | track=0cd4830c2e760c38dc3ffcfe03b83e4b
global_step=63080 | return=-81.69 | steps=213 | track=ef3330ca16e73850b51b81de89a76b64
global_step=63296 | return=37.00 | steps=83 | track=b7ac752fba26b3120399f2bc39f1dd8d
global_step=63352 | return=-25.69 | steps=263 | track=246dec57d847c81dd3150e1709e629e3
global_step=63528 | return=9.35 | steps=73 | track=dbaff48c3a7dda569b8469f1a2b3fbab
global_step=63720 | return=-69.82 | steps=209 | track=3215071146305a4af464ceac74a1ff3c
global_step=63864 | return=7.95 | steps=285 | track=d2f3c4b80ea44a39db825ccc1c752d5d
global_step=63928 | return=-13.85 | steps=78 | track=ebe64ed6c6893d06adde2b352f540dc1
global_step=64144 | return=-103.18 | steps=132 | track=aeabfaa7c59c22bffb8b7a394d18176d
global_step=64392 | return=132.78 | steps=207 | track=68a6d66ec1d4ef66980035e394081dd4
global_step=64408 | return=-88.45 | steps=131 | track=36e65e98bb86bfde404faf142f92e1b5
global_step=64584 | return=-94.11 | steps=131 | track=042bde9e7fbeda801ba17a30e3c90f8d
global_step=64688 | return=12.72 | steps=67 | track=83e164230c4cc5fc21a7017cc740869c
global_step=64776 | return=-101.24 | steps=131 | track=ee43d34b54e41ec5ffb058d76cd00ef1
global_step=64920 | return=-94.91 | steps=131 | track=abb9a5a68faf4ee5a9e43456a7206948
global_step=65048 | return=-103.12 | steps=256 | track=c62a93d3cd7fd53e6669a8c488972278
global_step=65192 | return=-102.44 | steps=157 | track=4e03887fd1e167a7a1b1d527dfc73f21
global_step=65424 | return=-2.88 | steps=80 | track=c440036b20d6edc40040900388e920fb
global_step=65440 | return=-96.43 | steps=130 | track=0f4541841e42bb87b9e01c7a2bfe0bea
global_step=65448 | return=39.15 | steps=65 | track=9bfcde760e8e7f9517b2dc4ff01d9f32
global_step=65464 | return=-81.90 | steps=131 | track=996474970b171bbb92514a661f266fc7
global_step=65536, SPS=41
global_step=65640 | return=-95.49 | steps=131 | track=f43f51b48602774fbee0579ef8d8e7b4
global_step=65736 | return=-91.80 | steps=130 | track=8ae10d67322a20a9155b88ee8b3fe294
global_step=66104 | return=-87.37 | steps=131 | track=7b40b4075ec9ec72743cf4e197d0b55c
global_step=66248 | return=-104.03 | steps=131 | track=586adb36d93cff7d85b071b140444086
global_step=66272 | return=32.76 | steps=66 | track=a426a022e4cc0f63f35d9ecc3557a09c
global_step=66320 | return=-44.83 | steps=109 | track=b9ba0c8bcdf8955ea01e4dbfa44ef13d
global_step=66480 | return=-97.62 | steps=131 | track=e88dd8729c06da5ba25553f2e6df3434
global_step=66512 | return=-91.33 | steps=130 | track=76df02d96014074637f90eb2f24d0d39
global_step=66616 | return=-27.67 | steps=145 | track=04917c7eab0d4f264ccce411cedaf21b
global_step=66696 | return=-86.26 | steps=131 | track=37e0d1e9a56900048846479a30dd652f
global_step=67304 | return=-92.48 | steps=131 | track=6396b917b1849041136b26508846c51c
global_step=67328 | return=-92.48 | steps=131 | track=ff2b0e500a9a3e1411262bbd78638b16
global_step=67376 | return=-95.57 | steps=131 | track=3b1ff8937f606b509321700cf93bcbcf
global_step=67536 | return=-88.03 | steps=131 | track=5cb695c4aea495bcab5fb27ea07d7fa5
global_step=67568 | return=-88.03 | steps=131 | track=6f511ba360ce15ecb9e2115b3d061f18
global_step=67672 | return=-96.44 | steps=131 | track=09ad90173d18b36baefc9d4df05ecb34
global_step=67848 | return=-43.01 | steps=143 | track=f093b65d99c828e3fc686587a100eb30
global_step=68136 | return=-53.65 | steps=100 | track=1eac7f693101c06468e23001475cbc12
global_step=68192 | return=22.78 | steps=77 | track=387ab39dd9b4a46f98ead55c0caad00f
global_step=68360 | return=-90.38 | steps=131 | track=cc857268a2f33f21b9e2eb01ae4cc3ef
global_step=68432 | return=-45.01 | steps=290 | track=9d13cc2335f090fe0400a99df62808a9
global_step=68568 | return=-81.60 | steps=89 | track=f967906ab9af50aadbc2ad509d43b8b0
global_step=68592 | return=-95.10 | steps=131 | track=40d1e0b3f2ab5e7941d2d598361b9141
global_step=68832 | return=-46.41 | steps=49 | track=fd2f9ef890cd5adf5801b60e53a9bdcd
global_step=69096 | return=-72.92 | steps=214 | track=dce2f512659e5f314487c076a933b6d9
global_step=69192 | return=-92.93 | steps=131 | track=82d829e4e662ffb164012e0c528230ac
global_step=69240 | return=-78.58 | steps=130 | track=6fa2e10b723f137946450d2db3af5f06
global_step=69248 | return=-89.03 | steps=110 | track=789207b974788ede0b96ef331183f82d
global_step=69320 | return=-66.93 | steps=90 | track=393a35fc376689820937d628ff29845f
global_step=69392 | return=-71.11 | steps=102 | track=40ed9f06e3e7bf149301a05dbe766cd7
global_step=69424 | return=-116.24 | steps=218 | track=40e8678a32c501609e08eb71467672ce
global_step=69520 | return=36.48 | steps=85 | track=74584307908001fc15f40029a62f8771
global_step=69752 | return=-4.55 | steps=63 | track=ddb0295f96ffa9cdbfb5214aa9cc1b13
global_step=70248 | return=-58.57 | steps=131 | track=266e3a9a5e90c41abf20095e8d76e699
global_step=70248 | return=-12.58 | steps=61 | track=b808670f6e3437eb9a12540afd5240bd
global_step=70304 | return=-60.93 | steps=131 | track=c0f9667cb20caf0c4eeb23662fdaa4db
global_step=70376 | return=-81.57 | steps=131 | track=7a7ad4dee589e49e1f3cef200dddf6d6
global_step=70448 | return=-83.37 | steps=131 | track=1583f79b9f6c195f53957e2b40ec3232
global_step=70480 | return=-96.94 | steps=131 | track=ef297267e2e3ad26742ff9f0a8f8005b
global_step=70576 | return=-80.90 | steps=131 | track=a36976434167b8e3faece9353aa5fc1e
global_step=70768 | return=-25.03 | steps=48 | track=706bc7f5009fcae00640b384955c3db5
global_step=70784 | return=-51.40 | steps=41 | track=07e7531dfede8a4abf32dd8dd78c1cb2
global_step=71048 | return=67.29 | steps=70 | track=1f76261b64f1c6dcd4661c6821cabd98
global_step=71304 | return=-101.90 | steps=131 | track=5e9ffe5e25768011e6afb33dbc4a79e6
global_step=71360 | return=-101.87 | steps=131 | track=00004c18f4aabdeb96589c23e4aef6b4
global_step=71632 | return=-85.89 | steps=131 | track=c6f89df057d484e088d4c910dfb0d127
global_step=71648 | return=-46.91 | steps=74 | track=0d46040bfde546fc59d0e659c43d7e32
global_step=71816 | return=-88.77 | steps=130 | track=2fc5a28687f9fe02ef879b0cf1c67508
global_step=71840 | return=-95.50 | steps=131 | track=91e89801772670ec5c0abd48535eaa25
global_step=72152 | return=-72.91 | steps=105 | track=394889f9c27f6b498be2f1f8524daa2f
global_step=72488 | return=-50.16 | steps=140 | track=730a24e02ce46a3f19ce0d9994cb94bf
global_step=72688 | return=-93.41 | steps=131 | track=5f95857b84b43c282089101fe42229d4
global_step=72704 | return=-101.37 | steps=131 | track=29a800cc0e6211590d87db67d7e94c7b
global_step=72864 | return=-96.78 | steps=130 | track=a8248e132fba12040fa65fdf764001bd
global_step=72896 | return=-94.71 | steps=131 | track=41ebb4cc68e23834554578ba9d5286d5
global_step=73008 | return=177.25 | steps=344 | track=1b3a21992e3dc70e5f6c9fa845d6523c
global_step=73168 | return=49.23 | steps=84 | track=0f0ccde9b4c5f6aaff8f4f2839b037cf
global_step=73208 | return=-85.90 | steps=131 | track=756442d95b06e3da2ed4f8f3a28f44b5
global_step=73384 | return=3.71 | steps=64 | track=bd641837a518e92c913b2545f9b779ac
global_step=73424 | return=-66.91 | steps=89 | track=5c6ff109ce11293a1073ae7511dceecc
global_step=73592 | return=49.61 | steps=86 | track=f0a382fd20f47e0d7b40eacaff2a2909
global_step=73728, SPS=41
global_step=73752 | return=-62.42 | steps=132 | track=773300502b44bd1636d67cff15c3f4a7
global_step=73904 | return=20.29 | steps=64 | track=924ef4734623e72af73a31a723c894ca
global_step=74064 | return=-106.26 | steps=131 | track=483b4bb288568f01040a52e54e36b25e
global_step=74096 | return=-9.13 | steps=624 | track=a9751b2e3702ba4b4cdb18a1fa855929
global_step=74136 | return=-46.78 | steps=47 | track=b8a784eefaf7b10cc2da47b1c2744c8e
global_step=74224 | return=-116.07 | steps=131 | track=e75affa7c534d0c43eff276fffeff002
global_step=74264 | return=-66.45 | steps=131 | track=5dfc73218f951fb373c4ec5684d16f79
global_step=74272 | return=-21.79 | steps=105 | track=9d399f3d43ed36d117a5ffae4f8af349
global_step=74384 | return=-42.13 | steps=98 | track=234b0191c783b5e1094712a8ccb63707
global_step=74928 | return=199.23 | steps=87 | track=cd06a695c7ce129053f80256d46824ad
global_step=74944 | return=-58.09 | steps=129 | track=75f90c5d60305762985091bd29efeebe
global_step=75120 | return=-82.03 | steps=131 | track=0cb9075243bca408d84ef199e41ea8f2
global_step=75152 | return=-105.59 | steps=131 | track=c4d0514caa053efffebb1c2a472b6abd
global_step=75192 | return=-92.15 | steps=131 | track=bd29de00437d590ec553a638e98dbe1a
global_step=75328 | return=-87.20 | steps=131 | track=6e40238493f491ebcee16373670351f4
global_step=75384 | return=-58.02 | steps=139 | track=5b9deb6eba6da5e36e672b4f5630bdaa
global_step=75440 | return=-92.15 | steps=131 | track=71d35a9b04724146d969c23d05bea772
global_step=75808 | return=-61.47 | steps=107 | track=2e124ff7f072a6aa5978e67d7dddece6
global_step=75984 | return=-97.09 | steps=131 | track=09079e7c73fd61ceda114411d39f8333
global_step=76048 | return=-57.89 | steps=89 | track=10b354836a418f3caa2c1d257362b0b3
global_step=76176 | return=-94.71 | steps=131 | track=911dd74a72d359d303387f84cfe408b8
global_step=76208 | return=-76.36 | steps=131 | track=b540bfa93346c53070b01a46aaef93ff
global_step=76240 | return=-106.90 | steps=130 | track=bf55eb7ec02b58d317c376db6724754b
global_step=76440 | return=-87.81 | steps=131 | track=f36c99b8225629b3222b5c07bb3081dd
global_step=76440 | return=-43.93 | steps=56 | track=a08f878da8dffcdd7ab9e18ef2390773
global_step=76808 | return=-38.83 | steps=45 | track=b183f29cf8bbb3c65749bb97c5742c7d
global_step=76864 | return=-89.70 | steps=131 | track=265b673e7f91a7445c5b9eb06daf7c3e
global_step=77232 | return=-92.42 | steps=131 | track=c02ad934588e0154d4301c8fdda04333
global_step=77248 | return=-17.22 | steps=225 | track=2a5fb5c3fdd856f37d083119aac28775
global_step=77296 | return=-86.11 | steps=131 | track=bfb8aad4cf6fc728ce1f68123409fb80
global_step=77384 | return=-15.71 | steps=146 | track=d8aeedaaba2bb28533aa622f963d35e9
global_step=77392 | return=25.10 | steps=65 | track=31174ffd2cbaec78b4ab1321077f0074
global_step=77456 | return=-35.93 | steps=175 | track=462cf08d293340ce2f33cc5bc63aa46e
global_step=77632 | return=-3.28 | steps=49 | track=5c448166d9c7edf79cf3a4760350f209
global_step=77856 | return=-94.86 | steps=130 | track=96915f0e404eb2d6ec6e53b5ddab3e77
global_step=77896 | return=-55.37 | steps=181 | track=57135df2e14565ad26ddb4598211c82b
global_step=78352 | return=-88.03 | steps=131 | track=13bf3bcef8452ed9309ff3b927b1ba9d
global_step=78512 | return=-89.37 | steps=131 | track=294e2509c5c4769826aadee3314d1d27
global_step=78528 | return=-41.31 | steps=78 | track=1b83c8866a356b17adb6777c452fd434
global_step=78552 | return=-106.91 | steps=162 | track=01f9559869897bc054cfa444fc5b1120
global_step=78680 | return=-76.00 | steps=130 | track=7e3fa14e1789da59a0e341657844aadb
global_step=78712 | return=147.01 | steps=164 | track=b402d6463c834c47ff4fbd89f75b3fb4
global_step=78728 | return=-116.82 | steps=167 | track=eb57afc5bc58799da862d8d4a6748cda
global_step=78912 | return=-94.06 | steps=131 | track=d846eded49e2ef60666f7d22994e02a6
global_step=79408 | return=-88.91 | steps=131 | track=6d4d8f207ab5c423aed7dc5a7216e9a0
global_step=79552 | return=-3.47 | steps=79 | track=87dd84a1d78d2c698d35a9ef7cef133b
global_step=79568 | return=-98.25 | steps=131 | track=0eaa1ec1195f108e2f29cb2bcbe1c6a8
global_step=79608 | return=-83.80 | steps=131 | track=66264d01475f05575ab7f07298da95f6
global_step=79736 | return=-84.57 | steps=131 | track=a7e8d216a5570116daeff019d3555a69
global_step=79776 | return=-108.43 | steps=130 | track=54e658fcaf3955b57fb57609a015d46e
global_step=80080 | return=8.67 | steps=65 | track=b4ef07e34c92715018786a2c2a798ac6
global_step=80416 | return=-55.34 | steps=41 | track=73562d3e6aa5409d2d327de91ea6d2aa
global_step=80464 | return=-87.81 | steps=131 | track=77cba14ac7456b04ecc7c4d08aef28b9
global_step=80624 | return=-93.15 | steps=131 | track=1b87804d55c889542edd720de6e95a17
global_step=80664 | return=-84.91 | steps=131 | track=b8e2173e7f96b49bdbe2b31c42a8e010
global_step=80672 | return=-2.04 | steps=116 | track=82508feebddf17cb06e82c42b5c98f78
global_step=80816 | return=-63.98 | steps=262 | track=5af56598663bf8d85d9003d1906b5067
global_step=80992 | return=-53.64 | steps=45 | track=c3c3fd6a03dacf8cc477977e056c72a2
global_step=81120 | return=-42.77 | steps=167 | track=3bc8580dffd1148b5aa1b805b8b6789a
global_step=81176 | return=-51.68 | steps=44 | track=87cecbe7886108e8e988e038bdc40219
global_step=81224 | return=53.41 | steps=68 | track=4497f727431c5058a6622111d7708323
global_step=81240 | return=-69.76 | steps=102 | track=0c86861f8c6b0109e7bd4fa9a5b6d4d6
global_step=81448 | return=115.64 | steps=364 | track=9cae2a2417fdebecbea7cb3c24971626
global_step=81520 | return=-91.29 | steps=131 | track=ffc97dec627f01d2461581af1130f08b
global_step=81888 | return=-54.60 | steps=152 | track=17329205b9c83e2e3b69bb59d59830d5
global_step=81920, SPS=41
global_step=81984 | return=34.75 | steps=66 | track=b9f57eae47292d2cdc1229464092c84b
global_step=82000 | return=-41.51 | steps=59 | track=54751b22ce636a62daaad9b469259337
global_step=82048 | return=-90.92 | steps=131 | track=60c4ed4df3757ed2debd0d832edb368f
global_step=82176 | return=-91.29 | steps=131 | track=055ecb60bc6326311cfe7d592272ad68
global_step=82280 | return=-92.38 | steps=131 | track=2511df9a221525228a56a258e29169e9
global_step=82296 | return=-68.93 | steps=131 | track=6a60a3ca8fee61d306eee4c479a42bb6
global_step=82560 | return=-69.63 | steps=172 | track=7257901012c5a9b28bc08b356250fd3b
global_step=82576 | return=30.16 | steps=65 | track=ae6c85da1593c50882e2933b54ceece7
global_step=82784 | return=-26.12 | steps=60 | track=8e37a1c92fe15912063772dbba78f25f
global_step=82944 | return=-100.42 | steps=131 | track=fc4b45f7728f0867254a6a48d8ce14e3
global_step=83040 | return=-87.65 | steps=131 | track=2719a0ab493a5721e8b79ac6cb3e7907
global_step=83128 | return=40.14 | steps=68 | track=17ecfdec17b4f70d5678804595b409b6
global_step=83280 | return=-87.23 | steps=137 | track=7af48b08607a93064bfab1775cfc5bf4
global_step=83336 | return=-95.89 | steps=131 | track=9966c6f6218814390268dc34b4067eef
global_step=83624 | return=-86.71 | steps=132 | track=91412b3f5d1adba2a43027a53e36de3f
global_step=83640 | return=166.63 | steps=204 | track=612b8c73df8f7afa125afae16fd2032b
global_step=83992 | return=-91.72 | steps=130 | track=2180d106465e7a7610e29058c60dfb11
global_step=84016 | return=4.34 | steps=153 | track=1449d5deea290b9aab00690cd9fef815
global_step=84096 | return=-89.80 | steps=131 | track=3eda5f542c530af5945b607c025c7184
global_step=84152 | return=16.59 | steps=63 | track=856b8206f4ded53e9b3e8115636ae884
global_step=84152 | return=45.79 | steps=65 | track=9234e2db808051df29a6bca191f394cf
global_step=84160 | return=-74.11 | steps=109 | track=5314fccb00a08a6dcf7531288e884885
global_step=84392 | return=-77.63 | steps=131 | track=28d7b06c1a2a1177c11133096b7f826a
global_step=84528 | return=1.85 | steps=66 | track=0e65e08e6c6ee695710791a72bd16dae
global_step=84880 | return=-76.05 | steps=107 | track=7a1bc12f3e793daf58f30eaf4d9ec1c5
global_step=85016 | return=-38.33 | steps=107 | track=c7d748c5de77b858d8c02ac762cf2b45
global_step=85024 | return=20.49 | steps=78 | track=2cf66e9e9327f9c35ce319d0249cb011
global_step=85160 | return=-27.41 | steps=132 | track=b55f8d38f4eff20bd4d2ff384f43b41d
global_step=85200 | return=-71.39 | steps=130 | track=7d2f0cf92f71f982bc7dcec043bfcd49
global_step=85216 | return=-90.03 | steps=131 | track=a5e975c89da9f15e0ffc8dd0a21d3eb1
global_step=85424 | return=-45.63 | steps=111 | track=13c50283d0a4a9d992995105b147b03c
global_step=85944 | return=-98.25 | steps=132 | track=21b18104c246e0e6800506a83cd43799
global_step=85960 | return=30.56 | steps=66 | track=8dd10fb944d140c009bbdc9aac8e9e45
global_step=85968 | return=-10.90 | steps=100 | track=2bcac87c66d6b94086970659cc6efced
global_step=86072 | return=-91.81 | steps=131 | track=3aa4fb7af35ae0f142d89554e7baf94e
global_step=86080 | return=-101.90 | steps=131 | track=f56777e5a5d223829490160d9243b845
global_step=86080 | return=-74.66 | steps=368 | track=e98d816e160562689f95d3e6b5f2428d
global_step=86256 | return=-91.57 | steps=131 | track=2f2b2b78e82d348b3e8b85a4efdb83c1
global_step=86376 | return=-34.76 | steps=144 | track=73f04173f9722966be1475e4dba64ae9
global_step=86440 | return=-12.91 | steps=61 | track=343323087a4fe66e2b8b67584ba18095
global_step=86704 | return=23.15 | steps=78 | track=a86bbe258ff7774e04626c961e5ee6a7
global_step=86816 | return=-79.16 | steps=105 | track=f265337b22365cd40785db3d602ca02b
global_step=87008 | return=-59.09 | steps=130 | track=7849f33f7b3422293683c87739c19c1a
global_step=87136 | return=-97.09 | steps=131 | track=d579ab1afda2374886c543ad39faa4fd
global_step=87136 | return=-94.51 | steps=131 | track=94f66b4301c15c63852f11364a7aec98
global_step=87352 | return=-72.13 | steps=136 | track=9193d11595f4c19f1fb38117e2934d24
global_step=87432 | return=-93.10 | steps=131 | track=619185a1a9ff39293875871002d26c9d
global_step=87488 | return=-53.37 | steps=130 | track=45dbad8147ba6bf684f37f05feaae1b4
global_step=87496 | return=3.72 | steps=60 | track=3d89a0bcda57afbe0a2e8844a5b6f422
global_step=87864 | return=-94.62 | steps=130 | track=3f64fbad86e5207e356f763058def77c
global_step=87928 | return=11.26 | steps=152 | track=33e136dd60d2918c663a0d46986427c9
global_step=88192 | return=-90.24 | steps=131 | track=6de4171ae0fcfd80c933448d76c862c8
global_step=88376 | return=-67.87 | steps=109 | track=5dfcff07e4a5da8eb2866745b794ed2b
global_step=88400 | return=-49.65 | steps=130 | track=a191235d21a04505d86d744367c9ecd6
global_step=88488 | return=-94.81 | steps=131 | track=774e0d156f8b95b5925f746ec0c96dbd
global_step=88632 | return=16.69 | steps=95 | track=ba359b8765f61542591c64e9c96f4d25
global_step=88976 | return=-97.04 | steps=130 | track=a9a3dd17f2c702b131f900d277177a32
global_step=89056 | return=42.95 | steps=81 | track=fb8954deb29d4d9a8a08ba9d725f3c54
global_step=89184 | return=-57.35 | steps=255 | track=0a6e3ce77fb85334e99935cf04c833dd
global_step=89248 | return=-68.45 | steps=131 | track=cca2aa6d43194a8627d5f658c7882cb2
global_step=89360 | return=-42.48 | steps=47 | track=7a568e9784aae8563c3b9895be7354de
global_step=89376 | return=-118.14 | steps=235 | track=dfa30d9e88df1b0ada7b99f0c8ed9b27
global_step=89544 | return=-94.31 | steps=131 | track=9e4ba0833d481304253957647cf0226a
global_step=89792 | return=-27.42 | steps=144 | track=d7343bbf69653439878465fa41f26d51
global_step=90040 | return=-80.41 | steps=207 | track=56a113f5f7a27fac30a054de978ae279
global_step=90072 | return=-70.78 | steps=88 | track=2a9849cbc8ce6ab3fe57b2ad567209ab
global_step=90112 | return=-63.20 | steps=131 | track=cee1a8ae8dc5ac0b6667ea06043b3114
global_step=90112, SPS=41
global_step=90296 | return=-98.31 | steps=130 | track=6f6a0b96d74ca2f46c857d5c0da7156f
global_step=90344 | return=-29.40 | steps=144 | track=a061c00610853bb4a691080c41527743
global_step=90432 | return=-95.49 | steps=131 | track=060389096157109fec2214f9bf71f467
global_step=90592 | return=-98.31 | steps=130 | track=2846307315263baf86bc0b20f9f14146
global_step=90600 | return=31.23 | steps=65 | track=2f431b6202f38a41b9ca977d255e6627
global_step=90848 | return=-98.45 | steps=131 | track=f8db9aa50ce1f273ecb13cc6779aa4f8
global_step=91168 | return=-88.48 | steps=131 | track=222f716879aa3586d9def17c57733f16
global_step=91208 | return=-69.60 | steps=145 | track=ad04edf8f875310ad0d66a6f448f5a18
global_step=91352 | return=-98.88 | steps=131 | track=9a1db0a3a6e2362a6aa9047a34563f96
global_step=91392 | return=-82.31 | steps=130 | track=b53ef0085172e883fd05250b1e14a80d
global_step=91480 | return=-65.02 | steps=130 | track=f864783929873d0c5fa0f31184ea515b
global_step=91648 | return=-87.80 | steps=131 | track=04108fa1cff77778550f933d346c7b4d
global_step=91656 | return=-101.72 | steps=131 | track=13e956c6deedd5c2b4bf949ea7532b0e
global_step=91672 | return=18.70 | steps=62 | track=87d8a3e9e9363bf74e576d8026e81902
global_step=91904 | return=-100.81 | steps=131 | track=27403b7342023a2778c94c457f43864b
global_step=92232 | return=-73.46 | steps=109 | track=3efd4cb69a09c9396a9324edf31c9b57
global_step=92272 | return=-99.48 | steps=132 | track=c17cbf1880bec3e67cec86b14a2bff2d
global_step=92384 | return=-108.00 | steps=88 | track=8dd4717bef45d634c5a00bea23af6f78
global_step=92448 | return=-107.81 | steps=131 | track=651504e94576aaca0172b19d12c1847d
global_step=92592 | return=-52.36 | steps=138 | track=349ef10643db3ec058d4a38aea04ba29
global_step=92696 | return=-92.07 | steps=130 | track=2ac5341bf4cd26447a724187deb50229
global_step=92712 | return=-95.50 | steps=131 | track=5768337b8c75fdcfe245d03b1a4a9153
global_step=92768 | return=-84.56 | steps=107 | track=ae77854a66e0e8400e7dce597cbdbe1f
global_step=92896 | return=23.58 | steps=63 | track=9fd2925fb1adf6bd57d7fd2bc2d60a12
global_step=92976 | return=42.29 | steps=65 | track=d9e0a54b3108fe0c5e1c28714750d22f
global_step=93232 | return=44.07 | steps=79 | track=943ba2cbc48ba8458860c033a4473931
global_step=93288 | return=-94.26 | steps=131 | track=e2afe1cd4f7c01616aec67052d36a01b
global_step=93328 | return=-86.91 | steps=131 | track=376055d2de9e47ca72e7184260eb57f3
global_step=93752 | return=-90.93 | steps=131 | track=329efa56cc0328bb609329dc8b987bda
global_step=93768 | return=-90.66 | steps=131 | track=aaf40e1aa1d9b4dd12a5c4f8a54570b9
global_step=94032 | return=-83.50 | steps=131 | track=54555bbc9104209a00cc1e16394a543d
global_step=94344 | return=-67.10 | steps=131 | track=c0cb819839117f6449bb096d74188abb
global_step=94384 | return=-89.59 | steps=131 | track=1ae400c443b2ab8c2fd89513a56b93f2
global_step=94568 | return=47.70 | steps=166 | track=51deb77163040de89fa1b52ed8f2b221
global_step=94800 | return=-93.37 | steps=130 | track=c44d17ff45ca8c2cc4521ac5c327d93d
global_step=94824 | return=-99.56 | steps=131 | track=df53ad84153f1e864aeaef7f67e4547a
global_step=94992 | return=99.53 | steps=277 | track=d5c7d93aed959fd6967d654c51124e3a
global_step=95120 | return=-94.23 | steps=277 | track=eb29cdbe072fc45a59022b862eaa1131
global_step=95248 | return=0.51 | steps=151 | track=c665709f0e75f4f2666c4c143605831e
global_step=95304 | return=-38.25 | steps=59 | track=a307c3c52f633f18369919cdb434985e
global_step=95336 | return=31.31 | steps=66 | track=07c6ed9d04cd98420633212f38ae3eca
global_step=95400 | return=-91.37 | steps=131 | track=7a87add5fa1e126aeed1f6aa754ed2b5
global_step=95440 | return=-67.91 | steps=131 | track=57d42bbb12fc06e141c82dcf27e5ab61
global_step=95624 | return=-87.16 | steps=131 | track=0080a911fd5ea6ac45c37231ed2990d3
global_step=95728 | return=25.47 | steps=75 | track=1ffd1f98ee3912c8a9dccc7d4a3913ea
global_step=95760 | return=7.82 | steps=63 | track=f357743e26817a3b4691889785a808c3
global_step=95856 | return=41.93 | steps=64 | track=97bc315c587e7fd277e71f7faee2a9ab
global_step=96048 | return=-88.03 | steps=131 | track=693da11ec52898ca4e891c2030d60ce6
global_step=96224 | return=-81.94 | steps=57 | track=e8ff4dbea73c3f15886cc0d7ddd80d37
global_step=96240 | return=9.68 | steps=63 | track=90dc835fd35097b0e4d06650303afddf
global_step=96400 | return=61.28 | steps=67 | track=9e53319d0f7d29d45711f4bc73296ef9
global_step=96416 | return=-43.87 | steps=45 | track=da1010f2170c785911cf3d0fee472124
global_step=96496 | return=-95.70 | steps=131 | track=d8c8c57b0b876abdddc40b9d1fd82ab3
global_step=96504 | return=44.28 | steps=149 | track=9312f404a3a2eeff5397743ec818859d
global_step=96568 | return=-21.65 | steps=145 | track=67854e1e69d1ce01b22ac3eee67bf6d1
global_step=96680 | return=-88.45 | steps=131 | track=61ed4c88003dcfabe49fa5b4af0042e0
global_step=97120 | return=53.68 | steps=68 | track=18815abef04a12a025bba60f08dfb223
global_step=97272 | return=-89.19 | steps=130 | track=eb575611f351dae7a2f521e877748688
global_step=97296 | return=-78.38 | steps=131 | track=e0361c529a3d9640f289f5d7db474977
global_step=97456 | return=-83.65 | steps=131 | track=504c4caef62d67d44fd11e74a25915e1
global_step=97552 | return=-88.66 | steps=131 | track=6dfd01b5e836ea76e85e7d2973070e41
global_step=97560 | return=-102.93 | steps=131 | track=6e6ba73c6337648babff5149a326d0a9
global_step=97624 | return=14.91 | steps=62 | track=3af66bd73ae35dec2c73d1e5e3860463
global_step=97736 | return=-88.03 | steps=131 | track=5f8f4fd6270eec3c567e1213b911531f
global_step=97896 | return=-28.40 | steps=42 | track=663a254d3637fc2acea088b03b72a93f
global_step=98120 | return=19.48 | steps=69 | track=54efda3b572c3fe7b0ab9ec3ecf3c6d6
global_step=98208 | return=-56.71 | steps=223 | track=4a069bf4b5576234eef2c5371d089080
global_step=98280 | return=30.59 | steps=102 | track=4ac7dca66c2935b38e7b1ff44564467d
global_step=98304, SPS=41
global_step=98320 | return=-94.78 | steps=130 | track=73491be3c2f840c9b50a9cee98f60cdd
global_step=98344 | return=-94.12 | steps=130 | track=16e48731bbf0640e8964840e6b3983e7
global_step=98664 | return=-97.70 | steps=129 | track=9e4de8821d24da54785ea8ce19669218
global_step=98848 | return=-1.28 | steps=62 | track=b4a6074258e5bfea4f7d745ff3a5e127
global_step=99176 | return=-92.67 | steps=131 | track=b0b4cb1bbc39e3b9c69d65dddc6f0b0e
global_step=99216 | return=8.90 | steps=164 | track=e2dfe56c14b2ec5a453abb5991cc3fa7
global_step=99264 | return=-100.88 | steps=131 | track=da3cca657d0f45fb2922240aa2ae19fa
global_step=99328 | return=-90.78 | steps=130 | track=4504ae73bf099cdce693e02a43c2130f
global_step=99344 | return=28.44 | steps=84 | track=c4fd2fcb1af49a118fed6b13b96766e8
global_step=99376 | return=-93.68 | steps=131 | track=c265e9304103590d7031f2972197fc76
global_step=99760 | return=-18.80 | steps=72 | track=bb94b68472c727a11a647b81c87bf4d7
global_step=99904 | return=-89.78 | steps=131 | track=87bc73e353c43669081eeacc9934abf0
global_step=100104 | return=-76.75 | steps=110 | track=a0bb681a7755a275867814d26c7e4bdf
global_step=100328 | return=-7.85 | steps=132 | track=181214daa9acdd420ec0045c95539c4f
global_step=100376 | return=-96.40 | steps=130 | track=67f2f031aa5fd7d7b231e2e83ed32567
global_step=100392 | return=-72.31 | steps=130 | track=768734bed585d7564b2ac03d66ae1911
global_step=100432 | return=-67.50 | steps=131 | track=5ea0ef880ad2193491e4a29182279c2a
global_step=100488 | return=-120.14 | steps=343 | track=c36a7d0c0074fa664f344f0100b09c09
global_step=100624 | return=22.28 | steps=64 | track=53eeab79d1bba1aedb3c380d54e2e416
global_step=100688 | return=89.45 | steps=115 | track=995f3499e80ea1a23f17fc47bfbfafe0
global_step=100944 | return=-93.82 | steps=129 | track=3a3abda0943e7fbba811fc0e93892e79
global_step=101016 | return=12.00 | steps=79 | track=e825a377b40e5dfa2cb4a824e606a1ed
global_step=101384 | return=-98.67 | steps=131 | track=9226d1a42998a5fcdd5a87b666fe76ae
global_step=101448 | return=-83.89 | steps=131 | track=806448635858bc2a298797dba1dc92bd
global_step=101480 | return=-44.57 | steps=106 | track=8b336734d1580c56aec0bef78457be20
global_step=101488 | return=-86.48 | steps=131 | track=0445f00e7e8ce79be48cd5877ba8fc8d
global_step=101544 | return=-96.63 | steps=131 | track=bab817fa57286ea27ee838711eadee87
global_step=101744 | return=-88.48 | steps=131 | track=15e3802218eff488a0c0066d6c699bfd
global_step=102064 | return=-90.31 | steps=130 | track=7dc151fa8dff095fd5c48118efb68991
global_step=102144 | return=24.92 | steps=94 | track=444c882440fa511e0b9268271c7ad377
global_step=102144 | return=-15.84 | steps=149 | track=4deb67dc3f404d5a60f7f0196cf56ed9
global_step=102168 | return=-10.79 | steps=52 | track=50d1894cf59df9e017f7c9b55cf4c703
global_step=102528 | return=-91.94 | steps=130 | track=a3e9a2848a71d528599d09c1259aeaaf
global_step=102528 | return=-80.59 | steps=129 | track=dd0eb26056eee68839f5dbce521a4a2f
global_step=102648 | return=-1.84 | steps=149 | track=95761023ac3f695b562100e36401515f
global_step=103072 | return=29.53 | steps=67 | track=ca86dca5745616835cd3634f0f835b41
global_step=103112 | return=-103.29 | steps=130 | track=11a41c54e067ce1385719c6f70229294
global_step=103200 | return=-85.10 | steps=131 | track=327c7108ee161419f82142c126bebfb5
global_step=103200 | return=-93.70 | steps=131 | track=d0522b2b8678df3392bc5c5c3f677012
global_step=103224 | return=-95.10 | steps=131 | track=ccaaac0a18204c5be8ec2f02d89b39f2
global_step=103504 | return=-51.99 | steps=244 | track=6ef6f95afcaacd92165ce3d0612da625
global_step=103584 | return=-97.59 | steps=131 | track=685afc74e5a0c39e61ad2eb8f8c9dff1
global_step=103664 | return=-26.83 | steps=73 | track=a72c30235c964867920ae2f2f069e50f
global_step=103696 | return=-97.40 | steps=130 | track=b3e0c51d3f8887d2c5ed458ed7d03f41
global_step=103744 | return=41.49 | steps=67 | track=63ed040e392c74240cb3b55ff1ad89cb
global_step=104128 | return=-43.31 | steps=47 | track=2368ecd9b5ffa428550eb191d6c81f7d
global_step=104136 | return=-20.28 | steps=127 | track=ba38e07f9d118029d1745b0cdafbbf84
global_step=104256 | return=-93.10 | steps=131 | track=c61f24984f12c3edeaecee732e2592e1
global_step=104288 | return=-90.38 | steps=132 | track=7bf2c5c8ea21cd9c63e33571120903d2
global_step=104408 | return=-33.96 | steps=92 | track=26bf83780081efb9232e4623994e7c68
global_step=104552 | return=-97.19 | steps=130 | track=a30c693cbc587de4e867cbd8da10af17
global_step=104640 | return=-102.25 | steps=131 | track=2001c8f750f4072e58c5a96ba350f988
global_step=104672 | return=27.79 | steps=67 | track=2569c928b3c2464a391e331581d1e2bd
global_step=104752 | return=-86.71 | steps=131 | track=87119cb6eb107a18973873c781a5c788
global_step=105088 | return=50.17 | steps=66 | track=1f1abc1219a54ad8a38018a678ad6df0
global_step=105192 | return=-92.45 | steps=131 | track=9c6deaa124bff3570da0a6f93313e82d
global_step=105312 | return=-83.59 | steps=131 | track=48e6b64dc44ca349109eb19c68ebff64
global_step=105344 | return=-85.90 | steps=131 | track=b0e2acd9b6360895baa343d2fa130fcd
global_step=105464 | return=-81.57 | steps=131 | track=916035e93166fa6a93bbe4c2003d4c7d
global_step=105728 | return=-90.71 | steps=131 | track=03bcba972058a732dac3228af3e14f43
global_step=105728 | return=-31.22 | steps=135 | track=35bd8fc708e0163bc9ef946bd872e47b
global_step=105816 | return=-89.58 | steps=132 | track=8cacd18135bcbb6f948d00052f563f44
global_step=106144 | return=-85.48 | steps=131 | track=c93f6973048425df29bbc88294bc9497
global_step=106248 | return=-95.41 | steps=131 | track=c2865da9adb2a961c58eef83123e4515
global_step=106368 | return=-80.40 | steps=131 | track=7f7abd9e5a75f429402b4beb18bea22b
global_step=106400 | return=-83.37 | steps=131 | track=648ee5f7897eec1447fea0cc65280baf
global_step=106456 | return=44.94 | steps=90 | track=3d01e2b3df3cab01f79804ea4302571f
global_step=106496, SPS=41
global_step=106520 | return=-94.07 | steps=131 | track=0f103780a7704d080d1c0642b0fe72ea
global_step=106776 | return=-108.72 | steps=130 | track=1742e2757dec843192898ff344da1c6a
global_step=106792 | return=-33.62 | steps=80 | track=db18d99ad2fdca10c0409180f2fd12eb
global_step=106872 | return=-96.71 | steps=131 | track=4133e8e22d255adfe047f0556917eed1
global_step=107304 | return=-89.80 | steps=131 | track=61aed4835ae4c1a7f130e015f4830925
global_step=107416 | return=-45.89 | steps=130 | track=3f6012dd07a5157359f27d83af53f152
global_step=107456 | return=-77.10 | steps=131 | track=9a0a2e371ef4e90d9e6b9b10a80e2ff1
global_step=107512 | return=-91.30 | steps=131 | track=e77ea57607ecb03b528451a1ae173080
global_step=107576 | return=-82.38 | steps=131 | track=ce9fc4e1eb071fe3ed8159073ac9be25
global_step=107832 | return=-95.28 | steps=131 | track=0d99779be48166f7ec8ba5da77d8c6fc
global_step=107840 | return=-79.50 | steps=130 | track=32c3cb5c5631e991830044357622d5e8
global_step=107920 | return=-93.62 | steps=130 | track=6738b5f4addd5be2758ee5c61d6e1092
global_step=107936 | return=-7.76 | steps=59 | track=87d1013b075314c2ea4835588046d29b
global_step=108296 | return=-70.47 | steps=89 | track=0f6ca8660881fc20a8001128efac991f
global_step=108456 | return=-25.46 | steps=143 | track=db2a86ae472f9ff7d0ddcc8f6c344dce
global_step=108472 | return=-93.91 | steps=131 | track=54ea8bca89eaf781f06d39e431f4828a
global_step=108496 | return=37.02 | steps=69 | track=c93853c6101ac6800405f1b5c21cc9d0
global_step=108568 | return=-81.59 | steps=131 | track=378a7de7e8afc1fc4eea54e47519ef39
global_step=108888 | return=-66.71 | steps=130 | track=6c6e6d3f193a184859436c3f79d561f8
global_step=108888 | return=-95.30 | steps=131 | track=67b6f0e106dd4e6140db97695cc55706
global_step=108976 | return=-87.29 | steps=131 | track=06d7b56537c10c4c9cc44cb0d8ef2b5f
global_step=108984 | return=-18.62 | steps=60 | track=5a8d710efcf8377e55f4ba0f7d01551a
global_step=109320 | return=-26.17 | steps=93 | track=e2dc556bd2011fd83991506b2603059a
global_step=109504 | return=80.31 | steps=65 | track=e1cf3bc27ecd09c5b7bae475e88342b2
global_step=109512 | return=-91.57 | steps=131 | track=d1d7f4c512d189f52780d64f13786ac9
global_step=109528 | return=-85.48 | steps=131 | track=dd6d31a90a46aaf812f4143325eb4bee
global_step=109600 | return=-118.00 | steps=88 | track=d5c27171a4f4373d66b8ad14cc82248f
global_step=109640 | return=-65.48 | steps=167 | track=d3d1e49cba541f005296e73d63d7024f
global_step=109848 | return=44.39 | steps=65 | track=24bd4360fe58e6b354f102ff37e1db17
global_step=109944 | return=-90.26 | steps=131 | track=6d2a4e4b81dd791fd0e7109d9fbca48e
global_step=110040 | return=-102.14 | steps=131 | track=c99000bfb8fdb26d8bc48abf488febb4
global_step=110560 | return=-92.17 | steps=130 | track=2b0506fbe1afd90961c8f69cce54f619
global_step=110584 | return=-91.90 | steps=131 | track=0fbde8f43a17b07a498fce0978075948
global_step=110640 | return=-26.48 | steps=86 | track=3a7dc1fa7aa19ca82ec64bde8c430e56
global_step=110808 | return=-111.51 | steps=150 | track=8a69fc422ad7180ff8ad9c250ce3ebab
global_step=110904 | return=-112.11 | steps=131 | track=1bf1464a7ef0086e6cd650314ab28218
global_step=110928 | return=-64.33 | steps=177 | track=5bd4b9197aed8527f6d00377ab6d4f79
global_step=110960 | return=-61.54 | steps=49 | track=23603170ef6b1a79e420f462bea0a20d
global_step=111072 | return=-6.59 | steps=60 | track=8736d4a17e1c23893f20dffaeba32c80
global_step=111096 | return=-90.45 | steps=131 | track=aec8ff28afde3e19297b53b876cd096f
global_step=111128 | return=-95.91 | steps=185 | track=7d7912066cb3b8ee80f5282a2c96364c
global_step=111160 | return=10.79 | steps=64 | track=3d4a7958ac4343457d30d0cb0a45ebe8
global_step=111400 | return=-1.91 | steps=61 | track=5e046451392936d6183d4e75d777f921
global_step=111576 | return=11.51 | steps=76 | track=9fcc48539ec79d21ccba2f7be046f445
global_step=111624 | return=-75.48 | steps=101 | track=52991fdf5a8ec3b5606a566190a9930f
global_step=111936 | return=-12.36 | steps=66 | track=8455f3dc4c9a32d5c9c2f96ebe4cf9dd
global_step=111984 | return=-100.99 | steps=131 | track=85d6bbd19812684533b80f8ff2dab369
global_step=112120 | return=-102.79 | steps=130 | track=85e30101b3cd8c8ebe7f4adf2e4fe94b
global_step=112152 | return=-89.16 | steps=131 | track=9bb8e7a13cc2e577f65ca941ded85f79
global_step=112168 | return=-112.11 | steps=129 | track=6c66cfbf75c1eecf66bcd35568df9801
global_step=112224 | return=-94.48 | steps=132 | track=5ec442f457395da66ec8122ce138e9d0
global_step=112480 | return=33.55 | steps=67 | track=bb77ead02ed8ae91b43cb769b29c2962
global_step=112632 | return=-88.67 | steps=131 | track=b1a4389708fb17bb151622518a625aec
global_step=112680 | return=-94.36 | steps=131 | track=1f8a2bf9776222e34a1ed4713e03713b
global_step=112752 | return=-13.69 | steps=72 | track=0180c8a3447f3e8bbb227039e3d6113e
global_step=113032 | return=-96.00 | steps=130 | track=a4c669a445e2c25a4f76fb8562f3119d
global_step=113176 | return=-92.26 | steps=131 | track=e0fd7d25f5d225dd533c2c138a42a722
global_step=113208 | return=25.81 | steps=65 | track=a11dfaaaa328a576ae96e98fca1f9f85
global_step=113208 | return=-84.57 | steps=131 | track=33245e3b8b3622f8eaa7fa13b8c5e9b9
global_step=113264 | return=19.13 | steps=63 | track=681afffb6a1e194b7ea9b3d9f40d3522
global_step=113280 | return=-91.65 | steps=131 | track=a44ab5c99c03e543cc161fb75c5edf56
global_step=113280 | return=-75.88 | steps=99 | track=70277cae3c3c2700b029119ce33dadab
global_step=113440 | return=-78.31 | steps=100 | track=8ac1c3c10f1abf4a2bdae1ce0bf063a1
global_step=113560 | return=-26.95 | steps=65 | track=b62a8ecb4831517af151eaa121888253
global_step=113736 | return=24.69 | steps=65 | track=a14d4a84633b79f29901ac2370057ee2
global_step=113800 | return=44.34 | steps=66 | track=34d0df8d58bb94c9f9107bf5f09e89c2
global_step=113888 | return=-79.44 | steps=88 | track=6b6102aa959ff9441a00958bc8b86c0c
global_step=113976 | return=50.90 | steps=66 | track=aa8999a5f7bf367833266f6b3627db84
global_step=114080 | return=33.90 | steps=64 | track=4814ccf817255a3a924b8cb07edfa0e4
global_step=114256 | return=-93.80 | steps=130 | track=fbbf15892581b5ffc80c427bedb3c543
global_step=114336 | return=-103.79 | steps=131 | track=7c9efcdac43bf5c78c16805a28771250
global_step=114336 | return=-87.37 | steps=131 | track=72fd46459e52fb8bd0a8d874a4bfa658
global_step=114688, SPS=41
global_step=114776 | return=-65.78 | steps=129 | track=5c671f2cf4274821c30eed2e383bf9eb
global_step=114848 | return=-101.18 | steps=130 | track=716fce9ac9603b2334f48e6abe7c130f
global_step=114936 | return=-62.89 | steps=106 | track=384a0e46c08fac91759524ae1c166d72
global_step=115032 | return=-90.51 | steps=131 | track=d6e6296660b028a0451aa7fe1389df72
global_step=115104 | return=-66.20 | steps=95 | track=272064e46faf604d4ab14e807df1e848
global_step=115320 | return=61.39 | steps=67 | track=cfe24f18be9555b9aa9eac4f73dd992d
global_step=115368 | return=-74.82 | steps=184 | track=069ee6d2941321b77b5f70ef9307a237
global_step=115384 | return=-96.27 | steps=130 | track=0f237a0cdc257efb8e7b821a505aa8ff
global_step=115744 | return=-71.76 | steps=88 | track=e32a8b5f2700e6c3fcf6468e3abe17a4
global_step=115904 | return=-99.41 | steps=131 | track=171b000f0e8f84de2675008fd600ab6e
global_step=115992 | return=-98.48 | steps=131 | track=505304f9ec71bfc3bc045a84e1c30bf8
global_step=116112 | return=49.41 | steps=231 | track=54f20547e5866b306cfba9efaed230b1
global_step=116160 | return=-62.62 | steps=131 | track=38e589b68ff84eb502c6e022f9594c92
global_step=116368 | return=-87.82 | steps=130 | track=cda2553cfc2273426e9b72e8e75d9d27
global_step=116392 | return=11.84 | steps=80 | track=6f53e36eb294a24cddec5ffd19a65143
global_step=116424 | return=-91.90 | steps=131 | track=8b623cc7d26a09c7f2fb816585ad0f20
global_step=116440 | return=-96.03 | steps=131 | track=360d261af1cdfb5721290908a4ddb738
global_step=116536 | return=-47.99 | steps=46 | track=5d177cf93f3fe84c5fd10585973f0941
global_step=116552 | return=48.37 | steps=69 | track=9a2153d174d49a15aa4b87de8ea86eae
global_step=116888 | return=-50.38 | steps=41 | track=a6e56e5f32b210aa01b27e88d5c3941e
global_step=116896 | return=36.67 | steps=65 | track=1ce7ee1e6a738e7a2f71183e7090d19b
global_step=116960 | return=-91.90 | steps=131 | track=9d848ea2d7b7a1616645b191a8b80681
global_step=117168 | return=-87.90 | steps=131 | track=ec4e3ee20ee5f4ad2e682b7355f1d336
global_step=117384 | return=-35.69 | steps=105 | track=b94e0b1c61036c027a6ff24a194a82e5
global_step=117440 | return=-84.62 | steps=130 | track=7d06bd7a4489e5575cc5e95db52793a3
global_step=117448 | return=34.92 | steps=68 | track=4f169381f998b02ba6e691dbf526f070
global_step=117480 | return=-100.44 | steps=131 | track=fd9db98afd9f2ff000156cc8185f02ff
global_step=117496 | return=-88.99 | steps=131 | track=6b8d468aeb753a7d1aea67914d579cf9
global_step=117640 | return=-77.56 | steps=93 | track=0b8d082a9bd843b017308697967816fb
global_step=118024 | return=29.50 | steps=65 | track=8294452965bb3f6991ccae9ff626efb9
global_step=118160 | return=-81.51 | steps=89 | track=1acf29e2f629d43a2a003d07caac1e7d
global_step=118224 | return=-103.90 | steps=131 | track=9c4dbd933a92cd9e1922bca65c4829cb
global_step=118536 | return=-92.03 | steps=131 | track=8811d1bd6ee34a2accd234183b29e3f2
global_step=118560 | return=8.39 | steps=146 | track=d09f9cbb4fdb63651236666b2f04bd91
global_step=118656 | return=-15.62 | steps=211 | track=239388e5c2a83de12d30d9a2cd314b45
global_step=118688 | return=46.94 | steps=65 | track=663ce412aee8e248165636e799c5cc2c
global_step=118696 | return=-91.89 | steps=131 | track=7c3cebf80264da36cdb3088451fda792
global_step=118696 | return=-48.46 | steps=155 | track=64cfb3a8ddbf64a88bb7803e1e2a36a4
global_step=118976 | return=-46.31 | steps=118 | track=6652de73511434f806b83abdafff3795
global_step=119080 | return=24.71 | steps=64 | track=beb4ba50e7e5d7b9087f61f996830be5
global_step=119280 | return=-100.67 | steps=131 | track=802f524f03a5ab4c6e0e8fbff55cbaf8
global_step=119592 | return=-89.91 | steps=131 | track=112cd5bbdddfd2efc11be4bb3108cf8b
global_step=119632 | return=40.06 | steps=68 | track=ac3d1559e6329f194acf651f2cb331cc
global_step=119712 | return=-109.70 | steps=131 | track=4e881ede4593ca816e929d701a622e02
global_step=119744 | return=-81.10 | steps=131 | track=e227d4d42ec4b93e832b2153ffd50e88
global_step=119752 | return=-44.15 | steps=131 | track=7180020881b83ca833ff8772a330d1b1
global_step=120024 | return=-95.12 | steps=130 | track=4fbec3bb330a3dbdc0781d4d9e04ac1a
global_step=120168 | return=-98.28 | steps=183 | track=736a533d532332305512140770f9a262
global_step=120680 | return=-65.32 | steps=135 | track=63a799ed2bd841e1a5b2accd729e2e65
global_step=120688 | return=-24.43 | steps=131 | track=8be02fd74776a742435d1eaa5436ec3d
global_step=120704 | return=33.06 | steps=66 | track=3d6930470b6b0c35aba5e04c2154ef95
global_step=120768 | return=-94.26 | steps=131 | track=d2e0a3bf427a81072718541b70286a0a
global_step=120800 | return=-103.95 | steps=131 | track=28bcaf84055df0406223ee61985e4a72
global_step=120800 | return=-84.55 | steps=130 | track=f0abc4b61698af057a7b83fb1f267be2
global_step=121008 | return=-56.56 | steps=215 | track=8550ae4f5a93de01a7f15545bac23a6d
global_step=121112 | return=-93.48 | steps=135 | track=0a39865487b4565f528fd629d8e53fd0
global_step=121256 | return=28.94 | steps=68 | track=7967532dda2f6702dd716528734249a1
global_step=121352 | return=-62.87 | steps=68 | track=549652d0a67b837dbf19a7d37316d543
global_step=121368 | return=-49.53 | steps=85 | track=a0d42fa1de12e642cd93db57313944f0
global_step=121656 | return=-54.05 | steps=67 | track=7c0f2a75fc10237a6adfd2c643240ccc
global_step=121744 | return=-83.37 | steps=131 | track=39fbfe7f96bfb26ebab94219e89a6484
global_step=121824 | return=-92.48 | steps=131 | track=c82f88aa7dffce609e90481136526fe5
global_step=121856 | return=-88.91 | steps=131 | track=d21498177c1d1ce63713bbf82ad585f5
global_step=122064 | return=-81.37 | steps=131 | track=350a613391d0fff4384853eb236e4843
global_step=122304 | return=-97.75 | steps=130 | track=14af81683207f79082188eb5f7f7cb20
global_step=122408 | return=-91.81 | steps=131 | track=b4f6102088f7ee098e0f7c88de928f12
global_step=122584 | return=7.10 | steps=151 | track=17d09d0fb0b294a755a46feb1593638c
global_step=122680 | return=-19.73 | steps=76 | track=78781e83488b751800e5777747071160
global_step=122712 | return=-95.90 | steps=131 | track=10f83dac04cf05319e71de408c89d20f
global_step=122800 | return=-101.30 | steps=131 | track=67cca283898f34afb62ce3eefdad0392
global_step=122840 | return=21.71 | steps=66 | track=36c21bd98781f314623f220954a728bb
global_step=122880 | return=-110.62 | steps=131 | track=de478abe437c813417548f54562ddb47
global_step=122880, SPS=41
global_step=122904 | return=-106.59 | steps=130 | track=90261edffb28a7739335512941996693
global_step=123328 | return=28.37 | steps=65 | track=feb4ac0ae588031fd61a869a3108353b
global_step=123456 | return=-107.93 | steps=130 | track=8c603b5c3e1b63d0024a79a581347d0f
global_step=123640 | return=-96.06 | steps=131 | track=847d40a1427df8fa62317b252920ec79
global_step=123664 | return=-30.95 | steps=102 | track=21f91c201396c1f7b4e056dbe2c07895
global_step=123728 | return=-94.95 | steps=130 | track=30fa6b8b513825517a7b1eb4213bec49
global_step=123768 | return=-94.06 | steps=131 | track=c68bc2f5ddeb3b15fc24b2e63639c3c2
global_step=123840 | return=93.30 | steps=116 | track=31de2bdcb73a168690b7ff1114914af5
global_step=123848 | return=34.96 | steps=64 | track=355025c4b158669ff230e5613cc9d82c
global_step=123936 | return=-89.50 | steps=131 | track=6ccbe06e79b94c1562418cd34cc82dfb
global_step=124160 | return=-26.97 | steps=87 | track=36975a90250c9fd5ed0fcb239b69fb5d
global_step=124160 | return=-52.93 | steps=48 | track=d2d3c503b49365a06a1fd4a1c010b698
global_step=124552 | return=30.81 | steps=110 | track=78550dadf30dea0a2e4735790d40f126
global_step=124560 | return=-68.29 | steps=89 | track=6b44d39c3ac69d490399292f493592f3
global_step=124696 | return=-106.06 | steps=131 | track=b1563f8812b925652d3f81702afe2399
global_step=124696 | return=-9.05 | steps=66 | track=a3cefcf329192ba61ecd50a2dbe3aa99
global_step=124784 | return=-101.18 | steps=131 | track=3f6b1688b08a0000effcf2d16cdf506c
global_step=124904 | return=-88.03 | steps=131 | track=d2954cffc09585019b8eb98d1ecf747b
global_step=124984 | return=-70.81 | steps=130 | track=4aa23f0d6cbdc95d75021f62c8c5f622
global_step=125096 | return=44.57 | steps=67 | track=58c3ee0b597f1483cda17860700456fb
global_step=125288 | return=4.43 | steps=62 | track=35218325310c18913d1cda05f22790b6
global_step=125464 | return=52.52 | steps=69 | track=3423690707bcde370466050d8f2df1e9
global_step=125568 | return=-3.75 | steps=108 | track=d832015cd6e1fe97bd8fe7b65c078458
global_step=125608 | return=-110.44 | steps=130 | track=d5d5f62c9534bc931f1a6d73017b5608
global_step=125752 | return=-102.93 | steps=131 | track=2eddfacbbd4e09525aa9b5d49bba1a6b
global_step=125760 | return=30.16 | steps=96 | track=d5cc3a84c8cd4c7f577221e7e1076d20
global_step=125872 | return=33.53 | steps=213 | track=4083d4c4d4fecdd32ef052246eff3a92
global_step=126032 | return=-12.23 | steps=70 | track=f0295c2b38a98bbe8afe9770e657326c
global_step=126112 | return=39.63 | steps=67 | track=c7d7ef16876fd5e324022ea779660018
global_step=126144 | return=-108.43 | steps=130 | track=feee0a64560b6f77d03ed99a63e03721
global_step=126312 | return=35.60 | steps=68 | track=356ec789ab00cbc6ad6e82be52013773
global_step=126320 | return=-120.00 | steps=88 | track=ed4cafa5eb19dd70d5870bb49f3c5448
global_step=126344 | return=-107.72 | steps=131 | track=a1bc167da3268e7326789654f9480655
global_step=126808 | return=-95.90 | steps=131 | track=e6b6cdbd01f85b9a621152c4b24dd127
global_step=126928 | return=-94.03 | steps=131 | track=5481217a2ee370d3847bc1978c9e034d
global_step=127088 | return=-93.72 | steps=131 | track=2085ca38c3f66011d93465816e64ab08
global_step=127160 | return=-72.86 | steps=105 | track=c39219b93f77fc6d4a49a7950f1394e9
global_step=127168 | return=-93.41 | steps=131 | track=1e83b2c61345269b4255865812f4f027
global_step=127200 | return=-90.03 | steps=131 | track=74ee521187291fab6222d1707508c516
global_step=127376 | return=-86.67 | steps=131 | track=209ddb3a6ebe8ea244f1331a89fcdfa1
global_step=127392 | return=-100.98 | steps=130 | track=835014098e11e22d2f45c5afb16b545d
global_step=127864 | return=-90.86 | steps=131 | track=1957aa62251c7b29b7bd749719facd1d
global_step=127976 | return=-93.33 | steps=130 | track=04a98f1dc3c5016f4dd0712d4c71cd11
global_step=128088 | return=-32.62 | steps=124 | track=66947ad97c916f10f67995619ced4de5
global_step=128216 | return=-74.13 | steps=131 | track=c7a472bd14ad8d2dd58695529797aede
global_step=128224 | return=-88.31 | steps=131 | track=2c1fb7702a4f8defa2fdce6d064362e2
global_step=128248 | return=-103.75 | steps=130 | track=28ee54aeab55b087a4153ce1d3f848df
global_step=128432 | return=-95.50 | steps=131 | track=8411e4a0bff5d797f94b9c026dd5333f
global_step=128600 | return=17.63 | steps=77 | track=43788efa340a35a714b01a7f92d6a370
global_step=128928 | return=-55.60 | steps=40 | track=98f87547750fba2633f389775bc97d6d
global_step=128976 | return=-45.02 | steps=138 | track=85d90afb486dd47bfca414e69a85aad1
global_step=129112 | return=-76.27 | steps=110 | track=a3590ff966e31633ddfdf31abbb5b095
global_step=129144 | return=-106.18 | steps=131 | track=f046cf1f29ace352a5b4644c0fe9e901
global_step=129264 | return=-99.37 | steps=130 | track=be3d71dac0c02789a3370564b133ee1a
global_step=129304 | return=-115.68 | steps=131 | track=1a9f8875ec1c9e2f7054db79bf7bffd3
global_step=129488 | return=-58.60 | steps=131 | track=6d6830c726d7398de608cbe8241b64b1
global_step=129528 | return=33.18 | steps=68 | track=eb51284e355d12e390d33e4f7b52369e
global_step=129984 | return=-94.40 | steps=131 | track=e6436ddaae01a4aa8272b5037dea23d8
global_step=130056 | return=-56.30 | steps=332 | track=70b01578fbd4818efe3271b6b60c1a60
global_step=130160 | return=52.54 | steps=78 | track=063bd767f7e491ac9c70050421337e01
global_step=130200 | return=-90.11 | steps=131 | track=585b169c6ebeb58a7b7df454a5dfee33
global_step=130320 | return=-98.25 | steps=131 | track=56174f62940596a1e5b7822a28ba5fbf
global_step=130360 | return=-88.66 | steps=131 | track=017bcbd1d3e926115d5b9d9bb82105a5
global_step=130544 | return=-84.62 | steps=131 | track=2a7c389cfdd3ad7fac75c484421e925b
global_step=130712 | return=-118.68 | steps=199 | track=b74f83410c5254a5dfdbc0a0c8a349fd
global_step=130968 | return=15.59 | steps=75 | track=6d73d9874a85502067dbd2e35760f4bf
global_step=131040 | return=-100.03 | steps=131 | track=17e3414a42c424f8d41217a8e5cd05fb
global_step=131072, SPS=41
global_step=131080 | return=36.46 | steps=66 | track=45dae291a7228b41f34a99e58b4acfe6
global_step=131112 | return=-105.91 | steps=131 | track=b757909c72ffde04fbddd25a80ca8ed3
global_step=131208 | return=-94.95 | steps=130 | track=144612bc192e99d5a6c30ddff52298b0
global_step=131376 | return=-98.45 | steps=131 | track=a9f033bb9c47d772c6ff0ca2dd7fca32
global_step=131528 | return=-74.99 | steps=101 | track=f3f3225f31d5b4566b72daa99aa413e4
global_step=131640 | return=146.20 | steps=179 | track=7f4ebeea4f063d8b14a6c1fdacd57f29
global_step=131800 | return=-78.39 | steps=103 | track=50a497f8c0d5f2c6a66072e254f840de
global_step=132016 | return=-44.34 | steps=46 | track=d1f3860cb11c710bf4796a55ff8148a8
global_step=132032 | return=-29.09 | steps=123 | track=81b82867051ab423e629bd2e6317ee8b
global_step=132184 | return=-61.62 | steps=137 | track=6ea2a20ada0440911a82bbe7bde29ab0
global_step=132256 | return=-57.82 | steps=130 | track=e8a797c2369bc3cab85cf64929dac135
global_step=132344 | return=12.74 | steps=153 | track=c9553024d24c8837fda99d82b826ec4c
global_step=132432 | return=-92.24 | steps=131 | track=83f2c779dcbdb6c0722d3dfcfa17c3c1
global_step=132584 | return=-93.29 | steps=131 | track=23fa065a13ba78e9f39efaf90eac88e7
global_step=132768 | return=43.77 | steps=63 | track=5d2894c1f96ab001ff3bf7a4c06fd03b
global_step=132856 | return=-93.57 | steps=131 | track=03b9eb5e96c033722636fae86f3f6563
global_step=133088 | return=-93.10 | steps=131 | track=91f24670f574044ef990a84802a77a21
global_step=133120 | return=-20.89 | steps=137 | track=8e5926edb0429684f860cb7de8ca1578
global_step=133240 | return=-75.72 | steps=131 | track=3abd22e1eb1ffffe20b52ce48ad92b2c
global_step=133384 | return=-25.54 | steps=65 | track=d8448d9c490b481ff73b31647eb75c5a
global_step=133400 | return=-101.29 | steps=131 | track=a20d39c9e58f9c1da1c30a92caba25a0
global_step=133488 | return=-76.62 | steps=89 | track=ffdc1941ac2d280452d76b86e8214006
global_step=133640 | return=-51.20 | steps=131 | track=b7c8686db50667b6a809767003cabb0c
global_step=133856 | return=21.24 | steps=177 | track=0a1487415afae8d95507a794cc106a59
global_step=133880 | return=11.89 | steps=61 | track=c9628e8429f359692db6f12135353a9d
global_step=134144 | return=-96.44 | steps=131 | track=38374951755fa17252d6181851ad6e0e
global_step=134176 | return=-80.38 | steps=131 | track=83d4152018b1ee927ca8dc1a7cb26314
global_step=134296 | return=-111.09 | steps=131 | track=a5620ef0d7712d1944de1ec440722754
global_step=134456 | return=-93.59 | steps=131 | track=668e6159aa746d275d30b60570f3cc63
global_step=134536 | return=-18.29 | steps=44 | track=a08861ccbb5d1b908fccc40b514c220b
global_step=134600 | return=-117.85 | steps=138 | track=97b2f64ea8b3558d856d0efbd4151072
global_step=134696 | return=-115.91 | steps=131 | track=543c737798ea2e5b1aadee20627e6495
global_step=134912 | return=-93.57 | steps=131 | track=bcd769d8ea60bf3b09db640443fe0245
global_step=134936 | return=-95.54 | steps=131 | track=e91a04360a46729afcd3724784a3ceb3
global_step=134984 | return=-11.51 | steps=65 | track=d0d507a7232d22b434bb915c4144be91
global_step=135192 | return=-96.86 | steps=130 | track=ea51876bf39b3b3759bf634f8a60b307
global_step=135304 | return=32.97 | steps=75 | track=245312d0fa4e71f20cbca4dc31690343
global_step=135352 | return=-90.14 | steps=131 | track=a8ffe290db6a54780b6802ca10881049
global_step=135592 | return=-84.66 | steps=131 | track=f21904c3dbae29f250969533c23c771a
global_step=135712 | return=17.33 | steps=64 | track=99bf136caa3ba805f314c3f365ba94df
global_step=135944 | return=-68.21 | steps=167 | track=a2eab97b30c6dc3f8952188d2e61e637
global_step=135960 | return=-87.03 | steps=130 | track=d327894eea5c3bc0a173a86b9449118b
global_step=136032 | return=-106.59 | steps=130 | track=77e1be28b62454f6a5c8b4df827fa232
global_step=136136 | return=-83.95 | steps=103 | track=a6e0a936b19e0320be0ba16cee0b3093
global_step=136168 | return=-35.67 | steps=153 | track=ec1224e66ada248b7b9a9fcff7d58d0b
global_step=136216 | return=32.29 | steps=77 | track=bf8434c2bd9d9df1ab2eff773163abc9
global_step=136528 | return=73.11 | steps=70 | track=4fd2f3a6c35d13c7bc69d39bc66d5063
global_step=136792 | return=30.99 | steps=71 | track=0af9cf5a38d5535ea9534288530043cd
global_step=137000 | return=-94.62 | steps=131 | track=43caace646b77f1a47eac84f98a398f9
global_step=137088 | return=-97.57 | steps=131 | track=d9781d614f696121b70ba27599419794
global_step=137096 | return=-44.76 | steps=172 | track=b00853edbd815e98ad6cfd0cb5cf2a7a
global_step=137136 | return=65.58 | steps=75 | track=690634fe363901cb35a090355cf5ca81
global_step=137192 | return=-87.59 | steps=131 | track=17926303ad09abf778a335025c96d301
global_step=137232 | return=-93.63 | steps=132 | track=8e5b32dec2af5e426159e7f1246f8b08
global_step=137320 | return=-60.82 | steps=245 | track=3121a9ef9c30aa2153a55c7be567d43a
global_step=137648 | return=36.18 | steps=68 | track=632b7f193147bfb7c34e99bd3a123dc0
global_step=137840 | return=-92.57 | steps=130 | track=0d16c6d7ed8e71c53f4ffb6318424846
global_step=138056 | return=-90.15 | steps=131 | track=797e42198e446fdbebb3e04a898456d2
global_step=138136 | return=55.61 | steps=60 | track=46e6dd6d6816789783ed83367af3b532
global_step=138144 | return=-91.15 | steps=131 | track=6f24507334ac5a4a69a8e40f30606b4d
global_step=138192 | return=-105.80 | steps=131 | track=44d46af019df56c0522c10b486364384
global_step=138248 | return=-85.89 | steps=131 | track=020609d57857e83766e1ed5e9286eb70
global_step=138376 | return=-87.81 | steps=131 | track=dabf22eaa04354e5a925b43689299983
global_step=138528 | return=-69.77 | steps=161 | track=f784fa3e496077daf24bce72a6732576
global_step=138896 | return=-110.63 | steps=131 | track=f45384aeae46ae322fe51844c38733a7
global_step=139040 | return=2.00 | steps=63 | track=92872dc542431f0c0b33d99e944e906e
global_step=139168 | return=-71.75 | steps=138 | track=f18a73a74e444301e4b21c861214f984
global_step=139192 | return=-112.91 | steps=131 | track=b02cb1228109abf05d043319cad6c30f
global_step=139248 | return=-90.86 | steps=131 | track=af34589e475df6edd60aaab86345959b
global_step=139264, SPS=41
global_step=139304 | return=-95.09 | steps=131 | track=0a02a20e194614248d893637b3b6d19c
global_step=139432 | return=-93.80 | steps=131 | track=c884c92c688ac868d0260106da095542
global_step=139544 | return=-32.14 | steps=174 | track=fa329350ccf2286cc73fbd31f4ff43c6
global_step=139544 | return=13.85 | steps=62 | track=f7b6e6eefc33c2797e1283345166f5a5
global_step=139680 | return=-42.74 | steps=46 | track=36ccadaeaff1cdaeede929a823c0b077
global_step=139752 | return=4.46 | steps=62 | track=f67310ec1daf7128fed166c2b29040bb
global_step=139760 | return=-71.93 | steps=107 | track=4076b6ea5f36f1e8df8c61e56bc34fa2
global_step=139776 | return=53.67 | steps=72 | track=4626337e93ca433cf30269382c14468d
global_step=140224 | return=-94.38 | steps=131 | track=06084cb4c25fefdfa90ceb7361a4bda5
global_step=140488 | return=-78.64 | steps=131 | track=878bbc4f26fcf39e01fec518540e31ac
global_step=140600 | return=-100.42 | steps=131 | track=5d345c042dc1740172542b4cebeb0a5f
global_step=140600 | return=-87.10 | steps=131 | track=8874c974772207f4cfc85be8af184f2d
global_step=140736 | return=-94.11 | steps=131 | track=d432ba1ec367192933f0c60223e8701f
global_step=140800 | return=-88.84 | steps=130 | track=5a95e3e8b29421898c3010a6ea700fdc
global_step=140808 | return=-97.28 | steps=130 | track=e95bc5ebda64df40780d6049da2b3c89
global_step=140832 | return=-98.71 | steps=131 | track=48e6ef70a1bb94cc130ba97a1da3ad1e
global_step=141272 | return=-104.08 | steps=130 | track=0d8a8e69c91165e0dfedbf901121867b
global_step=141552 | return=-88.71 | steps=132 | track=05cff9f9dbd7b3f1811ba3adcc41c784
global_step=141784 | return=-93.72 | steps=130 | track=9ee975e49deb15abf3e47750c5536509
global_step=141832 | return=35.64 | steps=153 | track=2283c2a4c7373f34472efc305b1b807c
global_step=141880 | return=-100.44 | steps=130 | track=fbb225136e7e9e63ff1b59189bf2a926
global_step=142072 | return=-27.29 | steps=158 | track=9518454dac1bd934228065828db74b73
global_step=142320 | return=-103.56 | steps=130 | track=731999ff3882ccb6c297e83e52de6e9d
global_step=142736 | return=89.59 | steps=266 | track=73385ed92b10202adf44b99d46ea33f0
global_step=142840 | return=-84.07 | steps=131 | track=fc46381cf00df721a0727a42d2495168
global_step=142888 | return=-92.03 | steps=131 | track=edaf39f3267850c4acba5cac86c3583c
global_step=142896 | return=-75.36 | steps=167 | track=277e13fd4ed90c1ba1fa86989cc6ce50
global_step=142928 | return=-89.06 | steps=130 | track=49082edd481567b3a1af3fc6d651c35f
global_step=143128 | return=-92.11 | steps=131 | track=11040b76a03ef7b971d8aeae2fe996fb
global_step=143376 | return=-91.57 | steps=131 | track=d15bd5b4e3829de9f8f95930a574b3f6
global_step=143784 | return=-91.39 | steps=130 | track=e164bc2aff0070e8f8ea26c8c0ef0523
global_step=143872 | return=40.00 | steps=382 | track=50b8a70084eb87b68d278c6567f70983
global_step=143896 | return=-90.67 | steps=131 | track=a3f7d21370cbce7866995ac9764a7d63
global_step=143944 | return=-75.50 | steps=131 | track=1f40f840ab2f3b0002d8e8d43ea73f43
global_step=143952 | return=-87.16 | steps=131 | track=4fcb8934d8bf7d906a532ee2be264048
global_step=143984 | return=-104.51 | steps=131 | track=591f4f0629263d67becb05d312a3883a
global_step=144184 | return=-105.72 | steps=131 | track=93ed5afebd1d3ed62c248e16ac5488aa
global_step=144432 | return=-87.59 | steps=131 | track=e7e54999d551da358f832252e17692e2
global_step=144600 | return=40.45 | steps=81 | track=a92e2fb9c68f8132f11a8f5ac1dd7f27
global_step=144776 | return=-46.96 | steps=73 | track=9a3eba4f01c9711eed2d15f78a373323
global_step=144840 | return=-92.81 | steps=131 | track=bb680808346830b8ccd25949b5e22f17
global_step=144928 | return=-97.90 | steps=131 | track=7fb45aeee46fff0a51da1f827cdce876
global_step=144952 | return=-91.41 | steps=131 | track=5208448f7a91d0228674f5babf17cc5b
global_step=144984 | return=-89.02 | steps=128 | track=1f3a1ec6d5da32b8a65f7959d709bd97
global_step=145040 | return=-82.40 | steps=131 | track=c2b5401ef6065c95af0a7ad4076320ea
global_step=145184 | return=-37.96 | steps=93 | track=70b98cf788bd94c6becefdfb8aee3974
global_step=145392 | return=47.07 | steps=68 | track=8c9537e510614a456d804f6360899de4
global_step=145648 | return=-53.57 | steps=130 | track=3412edd119c21886519eeb331e02c522
global_step=145824 | return=28.92 | steps=79 | track=becf51d70af1a2278d37b15d2b598323
global_step=145984 | return=-85.10 | steps=131 | track=0f1785e14baa666ef2ec618201e997db
global_step=146008 | return=-112.11 | steps=131 | track=fdb085df6a7dbb1e8d07585b86603792
global_step=146040 | return=-102.06 | steps=131 | track=46360e2d6ebec59f910f1d42d731ba55
global_step=146096 | return=-90.40 | steps=131 | track=3d635b61ae21909b9bd9b15277b8e1de
global_step=146448 | return=-91.59 | steps=131 | track=90b12b78646749400f201a01dfa62e1a
global_step=146520 | return=64.57 | steps=66 | track=b941a8680b8d8a51c25b0110d809a154
global_step=146696 | return=-96.20 | steps=130 | track=f261dca123992c989ace5e81119aaf45
global_step=146880 | return=-96.93 | steps=131 | track=3121da1dc3168243805fb4f107e572b1
global_step=147064 | return=-50.97 | steps=76 | track=c860ddfa2777efcd7963a77f91184274
global_step=147064 | return=-88.71 | steps=131 | track=43beb3752ed9f80428652515f0293d41
global_step=147096 | return=-78.30 | steps=131 | track=9f5cc0253c4626cd944f62590436ce76
global_step=147416 | return=33.99 | steps=66 | track=5b45837d904f82b1ece48779331bd7aa
global_step=147456, SPS=41
global_step=147576 | return=-93.37 | steps=131 | track=fbd6709190d58b69d4012e2e699b899f
global_step=147752 | return=-86.26 | steps=131 | track=17e5d77b989771a0e256f3aa3a47fee9
global_step=148024 | return=-118.99 | steps=405 | track=036ad747333edec32412979c38fef54e
global_step=148112 | return=-95.03 | steps=86 | track=bdce9b08530a5bc943d7c05cf854161e
global_step=148120 | return=-98.94 | steps=131 | track=605bbde3f2d2ddff1341eb07bdb00880
global_step=148120 | return=-91.33 | steps=131 | track=3e5f3c7c0fff86bc49813a57576bb788
global_step=148152 | return=-90.14 | steps=131 | track=7b946f71fefcba67cf2f6e8789f6b6ca
global_step=148240 | return=14.37 | steps=267 | track=74c9a6e18a8bd8a409b1b0abb857f456
global_step=148296 | return=-66.00 | steps=89 | track=d4e4830128bd9208f20f2f96e5b0d41a
global_step=148640 | return=9.88 | steps=64 | track=c584855880b8ae83332564a466c4538d
global_step=148656 | return=52.63 | steps=67 | track=4e4eb895140c3cf5a8ac86d784819be0
global_step=148792 | return=-11.84 | steps=61 | track=cc99d31eeb01a5d0f9a65ef17a1d1675
global_step=148808 | return=-85.10 | steps=131 | track=428f3101ee25bbc318f9a245d718a837
global_step=149080 | return=-87.59 | steps=131 | track=fd937ce9687627d1db0725856b8f815b
global_step=149176 | return=-92.93 | steps=131 | track=fb994bc326f0c79032ace90e07d80293
global_step=149208 | return=-93.15 | steps=131 | track=fb2747321b7b160a0b252745060d3795
global_step=149536 | return=-50.88 | steps=40 | track=9c636dfe33561b283df496caf9f457e0
global_step=149576 | return=-135.60 | steps=166 | track=5389c3106e6188052a9e4b6013c9b33b
global_step=149696 | return=-62.98 | steps=129 | track=47e77b1708561d99d989f7359241be47
global_step=149832 | return=-91.11 | steps=148 | track=78a03390024e414679c6e0e9b4bd0756
global_step=149848 | return=-98.03 | steps=131 | track=f4a9b2092e97f0b8aa998639fed60065
global_step=149864 | return=-91.91 | steps=131 | track=317b6b9504d3cf90ccfb77c0d984dd47
global_step=150136 | return=-91.90 | steps=131 | track=8c911e64fe662c43ddcb63811be353f0
global_step=150240 | return=-90.26 | steps=132 | track=ad7b0697cd8f8051c41881fa00cf770f
global_step=150368 | return=30.98 | steps=64 | track=9c802947569c6539e4f421b49447e283
global_step=150496 | return=-39.07 | steps=44 | track=191744c931410cc7fc7925315db85522
global_step=150592 | return=-103.10 | steps=131 | track=c0f788e3dbb591c3b0614acac2ae596f
global_step=150632 | return=-76.48 | steps=131 | track=557eb279f71afa65c2ef4428f5082fcb
global_step=150808 | return=-38.80 | steps=138 | track=3879ccbd9848e011175b3c46f6fd9b11
global_step=150888 | return=-103.81 | steps=131 | track=f4db198f53b7720f39f1dabae75adc4a
global_step=150920 | return=-82.40 | steps=131 | track=f2df95d833b6785d5524898d02d5c38c
global_step=151192 | return=-31.58 | steps=47 | track=025506eaa5cce8082a6cecc097158197
global_step=151296 | return=-99.70 | steps=131 | track=43465e83fcb791cd1e0107475777edcb
global_step=151552 | return=-98.31 | steps=131 | track=8d162c6580bf19e21fa62b127ce1aa4a
global_step=151664 | return=-12.68 | steps=45 | track=c992b773a3d4cb123a3f0bc0ba3bb7e2
global_step=151672 | return=-56.89 | steps=134 | track=0214157e71cac03aa2e2e7d5fc24698b
global_step=151688 | return=-91.37 | steps=131 | track=676eb6d559bf52141dd1df9f40b7d0f7
global_step=151936 | return=-87.25 | steps=130 | track=f9331be0a9c003504ac8e261f950ee9b
global_step=151976 | return=-107.54 | steps=131 | track=3b917d58c99449f7139fd437df89efed
global_step=152232 | return=209.21 | steps=232 | track=aaa4ea4c8048c5d7f1d510f60e3c87fc
global_step=152248 | return=-94.81 | steps=131 | track=d85064df624f6aafaf0f6eff0133e9c5
global_step=152424 | return=-30.22 | steps=93 | track=c63b3a6d1ced37b07743a12bfc5b38d2
global_step=152568 | return=-74.77 | steps=109 | track=38b91635b6699e6b985cffdb50c5db03
global_step=152608 | return=-102.93 | steps=131 | track=e51912a58e65e96d5408637b17774779
global_step=152720 | return=-105.89 | steps=131 | track=32ca3be4a9e4b483c18f2d0b4adea7df
global_step=152960 | return=-118.00 | steps=88 | track=49004df5ff048eb1eb22cb2bea318796
global_step=152992 | return=-87.57 | steps=131 | track=ca23d4674c0aaf6a304c58f07de7fd3f
global_step=153024 | return=-93.71 | steps=130 | track=27742c76b2006b6015cf58e727716777
global_step=153208 | return=-25.86 | steps=97 | track=d65977df3a0fe46a90db496080712adc
global_step=153288 | return=-90.26 | steps=131 | track=1e42ffdd08f9e857662d0b17cb532d6b
global_step=153624 | return=-90.62 | steps=131 | track=f63a90f3d7b12c591c17569eddb71615
global_step=153664 | return=-97.50 | steps=131 | track=7bad6414116c18ba38c40212a32ec71f
global_step=153768 | return=-87.82 | steps=130 | track=9829f56bddcd98ef644644869c64243f
global_step=154016 | return=-95.59 | steps=131 | track=7da9aa817b0eaa7c681de22508b8baef
global_step=154048 | return=-85.16 | steps=131 | track=806b76d1c810d581f668f7bdc90b5b46
global_step=154080 | return=-88.07 | steps=131 | track=74a9276e33273b169fbd20a3535f71f9
global_step=154256 | return=-98.62 | steps=130 | track=5e9002b6fb3f22d9c69e6896629dfc53
global_step=154344 | return=-80.14 | steps=131 | track=4e3b89f352691c5b9ff58c347190dcd4
global_step=154680 | return=-95.91 | steps=131 | track=f525ecd144705b34635e15550d0ae67f
global_step=154712 | return=-104.49 | steps=130 | track=ccb184de5c521fc3a57c6c159df7a13b
global_step=154760 | return=1.45 | steps=62 | track=d1d5c5acc3043ccf2fb0efe92deed750
global_step=154824 | return=-95.30 | steps=131 | track=7f4522628dc9db2029939a91262c06f1
global_step=155072 | return=-93.70 | steps=131 | track=224415c4480e46ff441f87efe859a315
global_step=155104 | return=-99.29 | steps=131 | track=d3f897806221538bbf16ba32f3ca9d15
global_step=155136 | return=-95.15 | steps=131 | track=8a2577204b5a600e28d55170766d5033
global_step=155280 | return=-17.73 | steps=64 | track=9f6c7b4a072b1d19e0cc683de6782294
global_step=155400 | return=-99.87 | steps=131 | track=b34ef710a0e74ced3b8a43251aa6ec31
global_step=155584 | return=38.50 | steps=63 | track=329a25fcee293cb514393a63bcaa9842
global_step=155648, SPS=41
global_step=155736 | return=-106.31 | steps=131 | track=263fd70f57896b2100657356f949c300
global_step=155768 | return=-103.81 | steps=131 | track=36a6016cf56f2ca7855a67be52d7926b
global_step=155968 | return=-36.50 | steps=142 | track=c9922a556a5a758cac6508d6d7625334
global_step=156192 | return=-92.24 | steps=131 | track=ae5b023d3a9fb35d9ca58ed9c8608ea6
global_step=156336 | return=-89.80 | steps=131 | track=50cfd20759069a37c607ec08359bf64d
global_step=156456 | return=-49.33 | steps=131 | track=7247fd4003316d423f24b6b4c15c9136
global_step=156640 | return=-91.10 | steps=131 | track=432af8383d01f79ea76710b3a627a36a
global_step=156720 | return=-31.74 | steps=47 | track=559191ce208ba19942a71d403d5d2c53
global_step=156792 | return=-87.80 | steps=131 | track=f5340c3e16826d308105af04ab77dd89
global_step=156824 | return=-63.10 | steps=131 | track=11b4abcdfc174915d57fc79f5deb5586
global_step=157000 | return=-67.15 | steps=100 | track=ab534dd1d4250e4476f41758f8a26242
global_step=157024 | return=-89.10 | steps=131 | track=681c1e97c71e9125d99b1d4ed572b706
global_step=157080 | return=-102.62 | steps=246 | track=c61e5021963278a6397e9157e6d88b27
global_step=157168 | return=-60.90 | steps=55 | track=8582155852375c1326312c0d2c12a6a9
global_step=157512 | return=-60.88 | steps=131 | track=afd1b278d65af236bfc842c4bacb63f9
global_step=157536 | return=7.41 | steps=66 | track=09c72276332a080089747b4f532f37a7
global_step=157688 | return=-87.56 | steps=130 | track=a323c2c5617d3a9a9e4feb4fff7a707f
global_step=157768 | return=77.52 | steps=85 | track=59fb3a29860b9ec15d01a494d7e54523
global_step=157848 | return=-84.91 | steps=131 | track=c8010936cc9cca74c7b23b496dbcf33d
global_step=157872 | return=-102.11 | steps=130 | track=492b014eb0322e2b6888a8f0e1a4a8db
global_step=157984 | return=-73.60 | steps=101 | track=860815828f10ef2fcdd29b76b9d94e93
global_step=158216 | return=44.52 | steps=148 | track=50dddcebc963a0d86abf2f95d0b2eb88
global_step=158312 | return=15.34 | steps=96 | track=65f374793b0156c3a4154b1dc2ba72f7
global_step=158432 | return=23.18 | steps=69 | track=2a35feca6914707520f05bfaf5a1f382
global_step=158560 | return=-103.82 | steps=130 | track=0d6186aa8a413d30c1a016b2a269e133
global_step=158560 | return=-108.00 | steps=88 | track=160e2cbed9e7a0f523283be1fac050b9
global_step=158744 | return=-91.57 | steps=131 | track=84ee6126f257aa862176f297cb75f9ad
global_step=158824 | return=-99.28 | steps=131 | track=7790fe7d60329b3f919f421aab8c9a20
global_step=159040 | return=-89.50 | steps=131 | track=8c4a6ca9159764765249f107f3662e23
global_step=159080 | return=64.22 | steps=64 | track=c1287d90573a870fe32c8adc37a02f17
global_step=159264 | return=-88.62 | steps=130 | track=40793ea64722030c3ae242ff8fe15f08
global_step=159320 | return=18.62 | steps=71 | track=895a8036678cc2c39e32694745fb47f2
global_step=159360 | return=6.17 | steps=66 | track=589578b7cf949e53ca3625f36d148d36
global_step=159488 | return=-95.45 | steps=131 | track=89fe2f771a06274f8f0703cdc008487e
global_step=159536 | return=19.86 | steps=152 | track=90d4f3890db623a59b985f48903ec372
global_step=159616 | return=-97.91 | steps=131 | track=2d531145a7b0b8fe457e2c2335ba92a2
global_step=160096 | return=-85.33 | steps=131 | track=b18311fcd0e852620e7fac9a550b0f96
global_step=160096 | return=-43.34 | steps=91 | track=ef82c6edbceaa7e18d7f2e1a109980e1
global_step=160136 | return=-89.54 | steps=131 | track=db746027802e6c52331156973729df31
global_step=160152 | return=-28.01 | steps=82 | track=7977206fd6fdfdffc6ae9295a09feaa1
global_step=160320 | return=-97.72 | steps=131 | track=598dcb9e6d13f12a82e3eee235b946fa
global_step=160376 | return=-69.16 | steps=131 | track=f52481305e410feef76d921603dcccfd
global_step=160592 | return=-96.93 | steps=131 | track=ae9130d075414a4597ea6d322f90a467
global_step=160632 | return=-13.46 | steps=66 | track=fc5c8fe7e884f2e656ecf4911fd18055
global_step=160664 | return=35.24 | steps=70 | track=d03528766ea1ab8828cc9a031fbafa48
global_step=160672 | return=-82.15 | steps=131 | track=4c76c1199544c767a03011af94e606ca
global_step=160888 | return=-44.90 | steps=91 | track=748c22fde003f3c5bcc60875ad117e2a
global_step=161144 | return=20.57 | steps=63 | track=bffaf213b4095d9d2650654c1e46a6cd
global_step=161192 | return=-66.66 | steps=131 | track=4aba6acd8e2437dd855210cc9f2781b0
global_step=161616 | return=12.35 | steps=154 | track=03f40cb355d84bd8b9bc22252c4beb77
global_step=161648 | return=-88.03 | steps=131 | track=bd53631e1da85534a999a6756ce1c670
global_step=161712 | return=-61.62 | steps=130 | track=ee626ff726499c141c96122100c87300
global_step=161720 | return=-92.12 | steps=130 | track=6b4af74569ea2fd7632e2e63284ddf14
global_step=161944 | return=-64.86 | steps=131 | track=93377c3f978fe5ff53a6dcf33f4554bf
global_step=162200 | return=-91.70 | steps=131 | track=87a09dca09653947c20fd8e5b67eab8d
global_step=162352 | return=25.50 | steps=144 | track=29082c4605f31bc54554217cba1b358f
global_step=162672 | return=-83.63 | steps=131 | track=51e843d2aa2c8070127b8d174e2843ce
global_step=162760 | return=-94.57 | steps=130 | track=e37ef2d690ae75fae8c2e04d3fc8e0e8
global_step=162776 | return=-94.77 | steps=131 | track=c002cf2e88344fd9ac3021cc11ebcdbe
global_step=162904 | return=-117.80 | steps=156 | track=812fd7b1dabc2ce624ae1539074d4086
global_step=163056 | return=-18.49 | steps=341 | track=8995901046b8da443318f3de738a58da
global_step=163256 | return=-99.54 | steps=131 | track=2296c6b1d177030366812665d8113bd9
global_step=163264 | return=-25.16 | steps=164 | track=aea1fe6c0deb4210fe55a380478af205
global_step=163288 | return=11.99 | steps=63 | track=8631b43cc2b6adc20d0b592f6170ac75
global_step=163304 | return=43.37 | steps=67 | track=b056b88252b7af0f661f04fa6b2a7bd3
global_step=163408 | return=-87.90 | steps=131 | track=c764c80b9f25f2607ae05731feada0d9
global_step=163552 | return=-79.26 | steps=109 | track=343a00cb4d8622955314753377b3c529
global_step=163776 | return=11.81 | steps=63 | track=38243a1af57f5f179fc1b05980b3088d
global_step=163840, SPS=41
global_step=163880 | return=-44.42 | steps=58 | track=1cc6c86584037477e1397dfb8d963dfe
global_step=163960 | return=-96.07 | steps=131 | track=52e181ce9dd5a860530f3b70a8eef6b3
global_step=164040 | return=-46.46 | steps=93 | track=608a743a9e10e780c12fe1361bc8a02f
global_step=164112 | return=-92.86 | steps=131 | track=c5eddbc0a818dd55e2cf3443077a6e92
global_step=164360 | return=-94.77 | steps=131 | track=9dc2de87e93328718f71472b0b04d729
global_step=164400 | return=26.06 | steps=64 | track=b6d1aad7673dd112ab23f703f51c5061
global_step=164528 | return=-9.46 | steps=158 | track=d7d7825437424d00bb86ad151eec6b99
global_step=164608 | return=-100.25 | steps=131 | track=a28d36706aa4f2b405c375309b400bd8
global_step=164832 | return=-91.57 | steps=131 | track=d49a785206c3ecfbbcb6cfd4950a5694
global_step=165024 | return=-99.63 | steps=132 | track=dd2170bdd4d0ade797b492d38d97ce55
global_step=165072 | return=-37.16 | steps=57 | track=57370002844361d651ba9c05d7bbf5ce
global_step=165096 | return=-80.62 | steps=131 | track=e6a4e3e700ee16c8dcde46924da221c7
global_step=165104 | return=-37.53 | steps=92 | track=b9d314e58428993469b8f53021914f9d
global_step=165120 | return=-84.29 | steps=89 | track=e6a8866ff412110b924b1dd799be0657
global_step=165160 | return=-92.59 | steps=130 | track=0c99e81ba5fdd97477b91edc218eacf4
global_step=165584 | return=-96.93 | steps=131 | track=e2b800c3ea117a94bcfd8e6c39c888a8
global_step=165600 | return=29.98 | steps=65 | track=3dacd90217ebb08124ab30f4e4488f20
global_step=165888 | return=-76.36 | steps=131 | track=b03b127c04374a63560e45fbf949c90e
global_step=165984 | return=-55.51 | steps=102 | track=54d4df9f6c40b82efe45322fe0e9b537
global_step=166080 | return=-95.81 | steps=131 | track=36eb4e771e08268d058566e6fe45dd6c
global_step=166152 | return=-93.37 | steps=131 | track=65fa2b89ed33bbf984114d351dea2fc2
global_step=166160 | return=-109.87 | steps=131 | track=cc1442eab3d31cfcc3cfe47d1dc7a328
global_step=166176 | return=-99.91 | steps=131 | track=1c0bc68ad163403d866150de1529805b
global_step=166360 | return=-42.06 | steps=94 | track=e0cc284977257771f2021d976b3c63fd
global_step=166392 | return=5.60 | steps=62 | track=a7705c8b6e3af732fd0369f735e047fc
global_step=166456 | return=-43.87 | steps=46 | track=3cf63c50b70331f2e401ed6d162d043a
global_step=166640 | return=-98.99 | steps=131 | track=26df768cd0a6219f882ac972b9ae1431
global_step=166720 | return=65.41 | steps=69 | track=53583981e8221b969efb11bae81be116
global_step=167040 | return=-107.29 | steps=131 | track=f62292fa68e37426d0d354cb63b3dfdf
global_step=167208 | return=-91.15 | steps=131 | track=2dcf2e42f150614285d03eb42d912391
global_step=167440 | return=-91.56 | steps=130 | track=ada8d0c7eb17a575a6b34131b3086696
global_step=167504 | return=-93.60 | steps=130 | track=fc3acc2c5af512293d3647debabe472a
global_step=167768 | return=-88.14 | steps=130 | track=7069031be296becb8e4209889fcd889c
global_step=167808 | return=-14.62 | steps=145 | track=e193c0f31a83a4493b682715105c229a
global_step=167912 | return=45.96 | steps=216 | track=79201582c64b03817efac58ddaec45d9
global_step=167960 | return=-55.36 | steps=93 | track=89f6a2f1f12a3f4bd3ed45c1ffd40c0b
global_step=168096 | return=-97.10 | steps=131 | track=4090709b4f3c8a757d7422fb3e973641
global_step=168440 | return=20.78 | steps=65 | track=4e7dcf77291797c6373515b7531571ec
global_step=168496 | return=-98.11 | steps=131 | track=dfb3187ad8ea5f69d0c6bc37d6c9966e
global_step=168504 | return=-135.99 | steps=267 | track=a02fcb15c1ee0c928e7624c54c03cab0
global_step=168560 | return=-99.41 | steps=131 | track=d545383b3965e2bd4b2c0af0aea7042f
global_step=168824 | return=-91.59 | steps=131 | track=df92ae085aeb47362d67bc7f53a76401
global_step=169112 | return=40.38 | steps=68 | track=d71d6a09dc35be073419f1e251393bca
global_step=169152 | return=-95.49 | steps=131 | track=c69f5d77cc5a3eff08aaa75ddb0a2a04
global_step=169496 | return=-96.03 | steps=131 | track=dc47664eec4257daf74920494e526e39
global_step=169552 | return=-161.87 | steps=217 | track=9d60ac3399d23e69531b2972fec66639
global_step=169560 | return=-89.65 | steps=131 | track=7b71252ea4af8ae33d2af8fb9594653c
global_step=169672 | return=-28.15 | steps=146 | track=9a6357b87fd4e09dda8c923c8abb64a1
global_step=169848 | return=-76.58 | steps=235 | track=ac8752e768805173277f63a053deaaf6
global_step=169880 | return=-90.48 | steps=131 | track=3737d7be6197e697b87fedbd2dbc37a0
global_step=170208 | return=-81.37 | steps=131 | track=85090bae45819e68d7010e0c10aa5b47
global_step=170256 | return=-49.08 | steps=142 | track=e831da208604aa2feb5434bb9465d51a
global_step=170552 | return=-91.76 | steps=131 | track=f832550a0b48a33904151f4a75a1b8b7
global_step=170616 | return=-107.09 | steps=131 | track=4295945f022ba8015335901bd8266046
global_step=170648 | return=-14.20 | steps=136 | track=2f855cede50a2a966d434864895ef65a
global_step=170680 | return=-16.05 | steps=52 | track=6b506bc6e0bd51f8270922adc8d9f3a3
global_step=170728 | return=-81.48 | steps=131 | track=c038c0f84f4e084fe7956774c1292364
global_step=170896 | return=-87.09 | steps=130 | track=89e5b2ca269a5779e9c5523378e31d28
global_step=170928 | return=-96.49 | steps=130 | track=0a0e389a0ef9060f0a8f91e1212169f8
global_step=171008 | return=-8.16 | steps=40 | track=4755d27a70163cc6907194776204eb37
global_step=171264 | return=-86.71 | steps=131 | track=90fd57a46dd2219c820bf1f240278f24
global_step=171360 | return=-56.20 | steps=57 | track=44f3226f9222b3926871ddabb76c27c9
global_step=171608 | return=-75.72 | steps=131 | track=3cf613f2f9b74b57ae5ba7ddf220753f
global_step=171672 | return=-72.71 | steps=131 | track=f60d19d48698ec38db8530ac306c2d39
global_step=171776 | return=-65.10 | steps=130 | track=8c0ee3eaece7d2a59b4733f237b33672
global_step=172032, SPS=40
global_step=172064 | return=-15.99 | steps=48 | track=aad0c0a38b8f147cdedfce42458b634b
global_step=172064 | return=-91.36 | steps=131 | track=3d3ed50561fbe79168aea619c6d5fb88
global_step=172096 | return=8.00 | steps=60 | track=4b1ccacf93b407099276938de1546d1c
global_step=172104 | return=-18.06 | steps=146 | track=ced6d7fb1941015b6af8fcf234825a8b
global_step=172320 | return=-93.50 | steps=131 | track=b689a94f616ae2a20c9f2db49745d7b4
global_step=172376 | return=20.98 | steps=215 | track=c7617de8d4bdeb62a9beceea653c2e2b
global_step=172408 | return=-69.19 | steps=130 | track=05737bd083f8d95ab0f993b12df32df1
global_step=172600 | return=43.31 | steps=66 | track=c854b028478d04ccc3969e5907ce4b1c
global_step=172632 | return=21.11 | steps=66 | track=bc93f8666d9ea7e38f28ff9c47d4500f
global_step=172832 | return=-93.59 | steps=131 | track=5384ec3257f3b8ad9b9d95eea421c386
global_step=172920 | return=0.24 | steps=67 | track=61db7db612e8336f387ae6dfc6430739
global_step=172952 | return=44.61 | steps=67 | track=c4bb87e66c21816d4a3600be8626ee32
global_step=173160 | return=-92.03 | steps=131 | track=58656ac4fc565e06d151befe64a9c3f7
global_step=173192 | return=23.53 | steps=140 | track=cb292ef2df91868af03f66cb994a322a
global_step=173368 | return=-93.57 | steps=130 | track=5e5dc5e3ae5f95cc478e7f87dff06b24
global_step=173424 | return=12.90 | steps=62 | track=2fb0c2fefa993f7873b2d942b79c4fa9
global_step=173520 | return=-41.61 | steps=44 | track=a588a3aa5f64277c44e0b81ae3cea025
global_step=173656 | return=-90.26 | steps=131 | track=3af7cdb44c0d03a90c2a9de63842c272
global_step=173688 | return=-85.59 | steps=131 | track=9f8fbe373f78e944be8e9823056f1b01
global_step=173880 | return=23.58 | steps=63 | track=08d6dcdd1638cb5c94d8d84abc335240
global_step=173880 | return=-111.50 | steps=130 | track=2399c78e5a102c9a04c42d4d308da8c2
global_step=174008 | return=-88.45 | steps=131 | track=94ac78d89c098898fb49c7cbaeadc5fc
global_step=174248 | return=-104.45 | steps=131 | track=ee42f5165567fbb7cc0cf948e231d5c0
global_step=174576 | return=-100.38 | steps=131 | track=337b5799c6d4d6cefe5df677270b5197
global_step=174712 | return=-91.91 | steps=131 | track=e8bacfab03c8ede0ad4390bd96d791e0
global_step=174728 | return=-75.58 | steps=89 | track=563ae84dc88fdc306f832585624fa6f0
global_step=174744 | return=-95.68 | steps=131 | track=bfc0676987716c679966afa4dae9961e
global_step=174832 | return=-7.28 | steps=175 | track=91854e63ec7f91bf658b64846c157a67
global_step=174936 | return=-102.28 | steps=131 | track=8e581789d6c8e085b664efbcd08b8c64
global_step=175296 | return=-62.97 | steps=176 | track=1386e5e3c622ab0ca3bfebeceb007551
global_step=175632 | return=-92.03 | steps=131 | track=7bfd2d70786f1bb6c527ebffaf2dc284
global_step=175768 | return=-95.09 | steps=131 | track=b530ac9a75f79801fc88e91d9e8dd308
global_step=175784 | return=-104.11 | steps=131 | track=380278d608ce2d27584811ba5e0cc97b
global_step=175800 | return=-114.25 | steps=131 | track=e2df789bf5de77cf8cd4a3e119d292a2
global_step=176016 | return=-10.55 | steps=147 | track=e1fb7ba8dc42af37c4205fc259cb05e5
global_step=176048 | return=-44.70 | steps=51 | track=15db7c71f0f9283e957d756517463e31
global_step=176216 | return=-152.08 | steps=245 | track=821ebd99814c8d284e02bd8524bf0be2
global_step=176264 | return=-0.18 | steps=165 | track=cd8cbb7862b77a5f5daa6c582d693c53
global_step=176344 | return=-99.37 | steps=130 | track=8c9118f1e5f7e6ee8f4e2fef7a4d5e38
global_step=176712 | return=43.48 | steps=86 | track=c295d9649b0c9df16bd166de2ca10ec3
global_step=176824 | return=-93.49 | steps=131 | track=8944f47347ead5fb49f10bb5e7e600cf
global_step=176840 | return=-96.00 | steps=131 | track=15af7494377b4a406a535a25d2802292
global_step=176856 | return=-88.45 | steps=131 | track=92237731c5c29390e26ff7f3a799797e
global_step=177104 | return=-88.38 | steps=131 | track=c8561bc59d00a4232648b9dddda28a38
global_step=177272 | return=-94.81 | steps=131 | track=e6d0fe94ae2b6e2badab98f77c74b1e6
global_step=177320 | return=-82.15 | steps=131 | track=bbcc4a0e0e824239f140fd599d4b7200
global_step=177400 | return=-90.71 | steps=131 | track=d21c353e8a5791e019da2774d4626691
global_step=177768 | return=-94.26 | steps=131 | track=e9a9a584b76fe3762e08247e34a2e9d2
global_step=177896 | return=-94.11 | steps=131 | track=93e489fb161d2cc9d10a3bfc6196dab7
global_step=177912 | return=-89.41 | steps=131 | track=d61258cee0993279ae9b602972550745
global_step=177944 | return=-56.11 | steps=139 | track=655ad4a74c1b45b40fd1c161d496a5f6
