/home/UFAD/tcuevasmestanza/.conda/envs/racing/lib/python3.12/site-packages/tyro/_parsers.py:353: UserWarning: The field `track-seed` is annotated with type `<class 'int'>`, but the default value `None` has type `<class 'NoneType'>`. We'll try to handle this gracefully, but it may cause unexpected behavior.
  warnings.warn(message)
/home/UFAD/tcuevasmestanza/.conda/envs/racing/lib/python3.12/site-packages/tyro/_parsers.py:353: UserWarning: The field `wandb-entity` is annotated with type `<class 'str'>`, but the default value `None` has type `<class 'NoneType'>`. We'll try to handle this gracefully, but it may cause unexpected behavior.
  warnings.warn(message)
/home/UFAD/tcuevasmestanza/.conda/envs/racing/lib/python3.12/site-packages/tyro/_parsers.py:353: UserWarning: The field `target-kl` is annotated with type `<class 'float'>`, but the default value `None` has type `<class 'NoneType'>`. We'll try to handle this gracefully, but it may cause unexpected behavior.
  warnings.warn(message)
/home/UFAD/tcuevasmestanza/.conda/envs/racing/lib/python3.12/site-packages/tyro/_parsers.py:353: UserWarning: The field `resume-path` is annotated with type `<class 'str'>`, but the default value `None` has type `<class 'NoneType'>`. We'll try to handle this gracefully, but it may cause unexpected behavior.
  warnings.warn(message)
Experiment info saved → runs/adaptive_fps_track_aware_lstm/CarRacing_VarFramerate_WO_Time_Pen_fc_1.7_bud_180_04-08-14-41-57/info_settings.txt
Device: cpu
Navigation model path: experiments/navigation/CarRacing-v3__train__1__1785768450/final.pt
Env: CarRacing_VarFramerate_WO_Time_Pen  Wrapper: AdaptiveFPS_TrackAware_Wrapper
Navigation Model loaded on cpu
Navigation Model loaded on cpu
Navigation Model loaded on cpu
Navigation Model loaded on cpu
Navigation Model loaded on cpu
Navigation Model loaded on cpu
Navigation Model loaded on cpu
Navigation Model loaded on cpu
Navigation Model loaded on cpu
global_step=1040 | return=-90.08 | steps=130 | track=6600aa8faac5578a7f52b086b93b29b7
global_step=1040 | return=-99.82 | steps=130 | track=ee1463cd5eecbbc3550c03a9d889e9d0
global_step=1040 | return=-94.50 | steps=130 | track=487ea57f6ff1a8f722bf7dc0137921ce
global_step=1048 | return=-101.28 | steps=131 | track=3504134a7459b1b66807f9e462a3e699
global_step=1048 | return=-83.06 | steps=131 | track=5ce78d7be2f80cd63846e0afd717cf52
global_step=1048 | return=-99.42 | steps=131 | track=c08347936f0fe0d27409b6949f0eeea6
global_step=1160 | return=12.21 | steps=145 | track=c9446c94ebc64c0d1347056a6a38aa80
global_step=1528 | return=-99.01 | steps=191 | track=79f8dd32779a34d705cbfcf34b38d4ca
global_step=2096 | return=-97.88 | steps=131 | track=8ab50ad424da11fc1af14cb2c798170f
global_step=2096 | return=-82.17 | steps=131 | track=59f5bb42709825e10e23665fe8100a09
global_step=2104 | return=-95.11 | steps=131 | track=f32481814448de376a3f72dabf1d266c
global_step=2112 | return=-99.30 | steps=132 | track=66f1a33773b7f44e97a15f2a129168b0
global_step=2344 | return=-74.48 | steps=101 | track=53019b36b75782a1c7cfddfa336281f7
global_step=2600 | return=25.53 | steps=61 | track=5762c21cd8cffa831bc40040f425adb0
global_step=2648 | return=66.48 | steps=68 | track=5bfff94e7bfdabb49566af12f4b38496
global_step=2752 | return=-60.70 | steps=212 | track=99664d9a0315c4708511db7beee4bd55
global_step=2776 | return=28.45 | steps=84 | track=149d04df971a59c04eeddb573a4e130f
global_step=2856 | return=-92.03 | steps=211 | track=4cd9995973b45a2a4630811805d39fd4
global_step=3184 | return=-70.38 | steps=133 | track=ca300d8f372c4d99b73a020c239703e6
global_step=3400 | return=-91.11 | steps=131 | track=c5986a21c40e1c52ad1977e70d1e4b46
global_step=3656 | return=-82.78 | steps=131 | track=39e9971e379886a4f3764f0e7e866c33
global_step=3760 | return=-40.68 | steps=339 | track=ec0fa5133309350f523940b72da53ce1
global_step=3912 | return=-84.76 | steps=131 | track=c591357dc7a6e38a42bc1bc8cc440716
global_step=3992 | return=-100.23 | steps=154 | track=5eeedff2194399399285d018905d571f
global_step=4064 | return=-16.06 | steps=160 | track=1b2f4a7702ca4dbd85acb87690574283
global_step=4240 | return=-84.67 | steps=131 | track=4833a2656e834eb95a85da839e824c65
global_step=4456 | return=-83.60 | steps=131 | track=77894d747ff7f71f7f72f18e7cbe1d5f
global_step=4464 | return=5.43 | steps=49 | track=bfc3ca393f4dcde15f9a24c7c7b8bb32
global_step=4480 | return=-64.31 | steps=89 | track=99e680c6a478159709d4ee420ca9dc65
global_step=4712 | return=-93.50 | steps=131 | track=d5d509f28c1a3051ffb516863e1cca6c
global_step=4952 | return=91.04 | steps=287 | track=9809832f901bc95add8f685bd9d887b7
global_step=5008 | return=-3.29 | steps=67 | track=2e032594ac638f5fb76e748cbdccea65
global_step=5040 | return=-96.80 | steps=130 | track=f680e708f7d723ddc7a78196e923aea5
global_step=5160 | return=-88.67 | steps=155 | track=f1770f3754239ffeeb3574227dd30435
global_step=5288 | return=-89.48 | steps=130 | track=d7bfd0bec56f61af4a3cb2765c0d9328
global_step=5536 | return=-58.97 | steps=134 | track=2e78d6b09cc1466ad91f1945dd9c58cd
global_step=5536 | return=-98.16 | steps=131 | track=c376e26d550181bb926e868c6e2c0c21
global_step=5768 | return=-76.87 | steps=131 | track=8376623fc97c8f9b048ee961bfd9120e
global_step=6008 | return=-105.18 | steps=131 | track=d56a16d3feb25b3e7a89fef136129931
global_step=6056 | return=-75.33 | steps=130 | track=ba400dc8818ee197df2ffe3645c1125a
global_step=6216 | return=-94.23 | steps=131 | track=72c7ecabeaa87b3dc48cc174a6a753e7
global_step=6272 | return=5.15 | steps=153 | track=90ffdc48d0c0d352d974de87fbb8a6a9
global_step=6344 | return=-85.01 | steps=131 | track=1565a6712f0cee33dcd33af90e3225b5
global_step=6584 | return=-90.99 | steps=130 | track=d4a45d82364c0f48238aba3fa7a3f09a
global_step=6592 | return=-89.86 | steps=131 | track=147599ddd139e5dce6a953a067b583a3
global_step=6832 | return=-95.71 | steps=132 | track=932c05a154da80f543463c15a9fea511
global_step=7064 | return=-83.06 | steps=131 | track=879a4cbf44458c7e21698e9dc150a89e
global_step=7112 | return=-89.86 | steps=131 | track=5eded6494b09bf411e474b97e4389b34
global_step=7192 | return=-2.90 | steps=44 | track=934a4a551ecc33b7094b1b68f7dc7e16
global_step=7320 | return=-45.11 | steps=137 | track=bede166fa137fa6369b7bde6c8823f15
global_step=7400 | return=-93.85 | steps=131 | track=06e1bd01257631f49dce2736b67c1b16
global_step=7640 | return=-82.17 | steps=131 | track=c37f16075e8bd1bd14400e91a0191da5
global_step=7648 | return=-102.16 | steps=131 | track=d08910c23b0de152f11a60727acb2025
global_step=7808 | return=-89.29 | steps=86 | track=bf298046d56963bbef40e63edf30d0c0
global_step=8120 | return=-91.10 | steps=131 | track=d0af41d521b0681d01b64e2864530665
global_step=8184 | return=52.37 | steps=67 | track=170ccae5d474add27a36b42c0b7aea7e
global_step=8192, SPS=33
global_step=8248 | return=-52.59 | steps=131 | track=a5e3de9ccf6465d267c7d7b5e4c25cf8
global_step=8376 | return=-81.36 | steps=131 | track=28414bf86338294017df4b879c319a35
global_step=8456 | return=-99.17 | steps=131 | track=045a2df84615a23ab79b2e7fb66c8d49
global_step=8488 | return=27.77 | steps=276 | track=4b5be811d781579d33eaccdc339f7da0
global_step=8640 | return=17.38 | steps=123 | track=5164f3bc3e47c1da0af9d699c293c693
global_step=8712 | return=-60.76 | steps=57 | track=7d79f5e6120b503681129dadbb9e7332
global_step=8864 | return=-96.84 | steps=131 | track=4f3600de6a0277a23193b5883a663362
global_step=9032 | return=34.02 | steps=81 | track=720530ad9cfdb6fb83a2c847a34fc60c
global_step=9176 | return=-80.83 | steps=131 | track=e7f9d0843789a1915a0032452b899d58
global_step=9240 | return=-112.50 | steps=131 | track=3e0f2cd5fce4fc1abda83e4078cb09c2
global_step=9280 | return=23.16 | steps=70 | track=3b6aec8eb54001f7e291bcc7d3542cb9
global_step=9536 | return=-93.84 | steps=130 | track=7743697cdb14ae10e88a673ce79e4ecf
global_step=9696 | return=-95.32 | steps=131 | track=8e1f9ef6d8564aa55ca2d26c2840f23a
global_step=9920 | return=-67.92 | steps=131 | track=15a9fb61793e2f3191a53de8f8c83a96
global_step=10096 | return=-93.18 | steps=132 | track=2b672b82bb8b14f67105d1ae3165656b
global_step=10232 | return=-99.58 | steps=131 | track=f4cd9d2c11a6f07c8cacee538ecde3d3
global_step=10232 | return=32.23 | steps=66 | track=19c10da42dbd35afb1c5b1996a3a0cb9
global_step=10288 | return=-111.29 | steps=228 | track=7366a03a0edfad7175344bf23383bce2
global_step=10336 | return=-93.97 | steps=131 | track=f0cc7086e43dfe24d74466e02704ed00
global_step=10552 | return=8.95 | steps=163 | track=fd978eb206b92a65dec748fb15af943b
global_step=10584 | return=-106.68 | steps=130 | track=29d749efb09d6f361b247be0e154ba30
global_step=10592 | return=-37.10 | steps=44 | track=42fe9c4ac8b75de97606496aaa49f0c9
global_step=10688 | return=-12.54 | steps=56 | track=b813c0d1c11f574b63119977b3817dae
global_step=10888 | return=59.73 | steps=68 | track=3bb252df8713bd6e5adb13d36d934d70
global_step=10976 | return=-96.13 | steps=131 | track=74736a1e576072189efc1741d81d485a
global_step=11264 | return=-22.87 | steps=145 | track=d3c784ba04e324f10210f03f0a470388
global_step=11344 | return=-96.49 | steps=131 | track=d28187e5db37dd9f53cd8a547e97ff70
global_step=11384 | return=-84.10 | steps=98 | track=ceb9200b1e3c7783d3f34067e1f1e0a9
global_step=11528 | return=-49.79 | steps=104 | track=0062bccddb751af5dc29db5b62f2990f
global_step=11640 | return=-48.16 | steps=131 | track=334a971669fc750e6264ae439a4bedee
global_step=11896 | return=20.43 | steps=63 | track=15adca3ff382acd60ab5d0b0e999dbac
global_step=11944 | return=-48.70 | steps=131 | track=bb725d9b3e7ea4ed1ffb2a786bef7318
global_step=12168 | return=-80.90 | steps=112 | track=d17eef07add274a8d0fd9a1a45da1a6e
global_step=12192 | return=-37.33 | steps=204 | track=d5f4d9abb5bf7a20cc44b7aa8ec59703
global_step=12208 | return=24.93 | steps=153 | track=284331f8f2f91dbeff7d96e05f1db350
global_step=12248 | return=-54.69 | steps=89 | track=c91a79515e113a1114fd31d7f1c5a19e
global_step=12456 | return=22.12 | steps=63 | track=a52cb2cf529a3a4be0380cb00d886302
global_step=12696 | return=-42.16 | steps=62 | track=2abfb7f7cd3004a4598dc1090fc76b3c
global_step=12696 | return=-100.08 | steps=131 | track=c5bbd4498c5485d7351c3f4da5649ae2
global_step=12728 | return=33.81 | steps=69 | track=7869f4ed7ecd2f8f8b51a9de97de8b76
global_step=12960 | return=-92.39 | steps=132 | track=cbdb3b0cd4d5a12c8d726c29a42b3f31
global_step=13264 | return=-89.56 | steps=131 | track=fcd6ec2196d8a0c2a4d5312a65de2aee
global_step=13304 | return=-89.63 | steps=131 | track=d6ff95a69ed1ec7103fbba18ce272906
global_step=13400 | return=-47.21 | steps=256 | track=ff36545db35f56dbce51e9cff605d518
global_step=13424 | return=-53.69 | steps=90 | track=d49e1b4c957614a6d0b5988afffe6a56
global_step=13512 | return=-94.91 | steps=131 | track=a59ff665d66d34b5a206f148171a67e3
global_step=13744 | return=-76.49 | steps=130 | track=97df74d49987623c129a652158d9d39c
global_step=13776 | return=-71.57 | steps=101 | track=badcb48c4d2cb72bfdc51cddcfb57b92
global_step=13784 | return=-108.10 | steps=131 | track=764d0ffb96352d7b58c6b9d75eab4f56
global_step=13952 | return=62.93 | steps=68 | track=3d71d59820f8a77e4afbcacf5cc19a6a
global_step=13952 | return=-0.23 | steps=65 | track=f87763b1ad4991c695f4944318ed7585
global_step=14040 | return=7.90 | steps=65 | track=12c0463acb5e5c0062185b5070f12a09
global_step=14360 | return=-97.90 | steps=131 | track=b1bb97741641edf18a9406fc782e93a7
global_step=14464 | return=-91.29 | steps=149 | track=9f26022a3a92b23e8245a1ee8fe537a7
global_step=14544 | return=-39.16 | steps=62 | track=41fb225ae487406e7b2f9479483acb44
global_step=14552 | return=-75.41 | steps=96 | track=d2b4c7772cbeed97463bcb8c1733d84a
global_step=14792 | return=-95.78 | steps=130 | track=237bf2b32659b9fc066d75284500639d
global_step=14824 | return=175.17 | steps=129 | track=0840f16888208d6c4be467afa258dd25
global_step=15000 | return=-108.78 | steps=130 | track=c9c24d3e365cd26de7944f1c5b00b890
global_step=15008 | return=-96.99 | steps=131 | track=fc707d3c5babea8376ed10be50cbf86f
global_step=15064 | return=40.18 | steps=87 | track=b21417be4aa8c58e57d267423fd09693
global_step=15136 | return=-43.70 | steps=42 | track=52cb8cd3a9edad3d2d6f25343157bed1
global_step=15320 | return=-74.17 | steps=95 | track=2530adb623e9721e434fc5bcb27af950
global_step=15392 | return=-34.25 | steps=70 | track=1c84219f356bd8e54efa72657c82a272
global_step=15488 | return=12.61 | steps=60 | track=997308620dde7070f3c468da2d61f237
global_step=15520 | return=-110.26 | steps=131 | track=55026e1becebda9cf430c49691c35134
global_step=15560 | return=60.91 | steps=68 | track=594d314876610ceedad8139753eacbbd
global_step=15576 | return=-110.11 | steps=128 | track=1156a3a045f98d07415c944a02668d8e
global_step=16152 | return=-1.93 | steps=71 | track=25e0eefbbed0464d07746c27abb050a1
global_step=16160 | return=-49.68 | steps=136 | track=6d868caf79d3e28da677f53b61e8fe69
global_step=16192 | return=-97.99 | steps=131 | track=ce711d4e102b8d260fdd362e99699d06
global_step=16384, SPS=34
global_step=16440 | return=-51.20 | steps=130 | track=5a145ac81e750ae51587c7cee5c9d004
global_step=16544 | return=-89.11 | steps=131 | track=204e12ce23f2f88b910ea4dca091fc6d
global_step=16568 | return=-3.84 | steps=155 | track=1425f67cd7e4713afcb65d393e25123f
global_step=16576 | return=-92.51 | steps=131 | track=53db6711fcd421b08fd3715e6caf0504
global_step=17208 | return=-103.22 | steps=131 | track=284809c4c78e773191afdfdc9b5eeb6c
global_step=17208 | return=-65.03 | steps=78 | track=512b498374742dfba2e898cee2392b26
global_step=17248 | return=-57.03 | steps=87 | track=5ee3ce404cc5a8685a6c0c0417f4e4d1
global_step=17488 | return=-84.32 | steps=130 | track=7544eb8c6bedab6fa4ae789b7b297458
global_step=17672 | return=-87.15 | steps=188 | track=53c5dc9a66b2ca0c180147ca6be0bd5f
global_step=17688 | return=-59.80 | steps=139 | track=4f8ce527d6c1f79db289d6c84f4b2d1f
global_step=17984 | return=-38.63 | steps=61 | track=c98f8d837af0b7d55c02e95276f166e6
global_step=18024 | return=-56.90 | steps=101 | track=43f26b5775156abd74f536d34cdf0b31
global_step=18304 | return=-89.56 | steps=131 | track=cfc3e7070e0d62207a19ff7c0383b0e1
global_step=18360 | return=-13.77 | steps=143 | track=3ae24b392999d2a9ab2e86255eebf325
global_step=18400 | return=-73.74 | steps=51 | track=c4c3b5b00261b58e413e6ca9a18d78b5
global_step=18528 | return=7.50 | steps=62 | track=858c72a514cb7177321f20442b557cf3
global_step=18584 | return=-76.60 | steps=113 | track=3ddd543c486b34bfaba43796b75be02d
global_step=18744 | return=-99.50 | steps=131 | track=187ae549ad5b3f62c15066d10fb60f34
global_step=18760 | return=-56.37 | steps=320 | track=1d07ffb06929471272f21eae87c5cb49
global_step=18808 | return=-37.07 | steps=62 | track=0277e0c416f88882e86a7a8974dead3c
global_step=18928 | return=-67.25 | steps=420 | track=8522871be0c44624c12dbcd3da737710
global_step=19416 | return=-94.59 | steps=131 | track=5a5e8eb5da3ac72fa0f9c5eb7ff06da1
global_step=19456 | return=-87.66 | steps=131 | track=39d284e1b6ad59b20278c0a0c81d294b
global_step=19640 | return=-89.10 | steps=131 | track=24647a984de90d49850bcf2e2bb39d9b
global_step=19816 | return=-87.79 | steps=131 | track=4c02075d664cb32ce393647604c8f85e
global_step=19864 | return=-89.62 | steps=131 | track=78359f350e707290d127a075201f93eb
global_step=19912 | return=16.31 | steps=61 | track=7987802b5d2e9891fb965a0f973cd4c7
global_step=20448 | return=134.60 | steps=212 | track=5ff00da60f17caf42211bef48880226f
global_step=20696 | return=-40.00 | steps=270 | track=489cd8e36b6bc8c90cde46a1492300a4
global_step=20696 | return=-2.01 | steps=220 | track=8f891504da1514545410eaa053f89ded
global_step=20872 | return=-90.41 | steps=131 | track=81dcafc259185b1be97375f46fa8d79a
global_step=20968 | return=-82.05 | steps=131 | track=7ef1ca0d83f1c383fe8dc805884a9f57
global_step=21360 | return=-13.35 | steps=60 | track=b18f4e6caa258313b363c1e84b64e284
global_step=21368 | return=59.03 | steps=83 | track=fb1920c4a9a81755cb17e5de0b15e8e7
global_step=21384 | return=85.99 | steps=217 | track=6aa9a2006acb6c7107e3518c58687254
global_step=21704 | return=-91.45 | steps=229 | track=5df0f5830800a00e88dac139f49b4131
global_step=21704 | return=-15.63 | steps=156 | track=88e4786f54ac1a5779e331cc540bef78
global_step=21752 | return=-91.56 | steps=131 | track=4f0353e4d7a716e4a33eddb888136c46
global_step=22016 | return=-89.11 | steps=130 | track=14c7b92668d998602d43fbebe9aecf59
global_step=22112 | return=-35.13 | steps=44 | track=8c4c875b3b727a6c099d30abdfc4210d
global_step=22216 | return=-6.05 | steps=63 | track=81942b916c482a840f97cdbb3eb98510
global_step=22224 | return=-38.02 | steps=345 | track=c57419ade1bc354bc0a6fc47044d7cbe
global_step=22440 | return=-96.61 | steps=131 | track=0af7fc87fb7a2d69617d992e842ac540
global_step=22640 | return=-104.35 | steps=158 | track=3778125b168bc5a605dcf06b59eb8cc8
global_step=22760 | return=-95.93 | steps=131 | track=00e4b823e54a1373341ce5d420ec0485
global_step=23064 | return=-98.33 | steps=130 | track=3fd69d24d8c920483e65e54e82ce6e95
global_step=23144 | return=-19.81 | steps=222 | track=53955288377857e879645b53af249519
global_step=23168 | return=-93.02 | steps=131 | track=ce8d81aeed24c2c674f99463bb9f5a48
global_step=23216 | return=-25.15 | steps=56 | track=11a2c493dac5ca341c8c5f8e67585788
global_step=23272 | return=-86.71 | steps=131 | track=510d624dc668ec5ab47925c814be512c
global_step=23344 | return=43.47 | steps=87 | track=de008f12ba79ca9a120aea8ea8d73691
global_step=23496 | return=-85.57 | steps=131 | track=a9a97bd30e4236e150e60c462b7ce664
global_step=23600 | return=-52.24 | steps=47 | track=3a1ec9e405e3b925ea89cac27e5f7a5a
global_step=24064 | return=197.38 | steps=98 | track=e7d6f6d7b732b90d0c87897a582eda51
global_step=24120 | return=-92.50 | steps=131 | track=6f2fe984254ac60cbc9482c1ba22a1f8
global_step=24200 | return=-100.42 | steps=131 | track=e590ddf3d9e0757cd5237d48938eec3f
global_step=24224 | return=-103.00 | steps=131 | track=2dcd20af8e4df090717ae675df2c2e38
global_step=24400 | return=-89.38 | steps=131 | track=291cebc6d442dfd267da391e6d85fbb3
global_step=24408 | return=-97.33 | steps=272 | track=af035c022c239781422b53ca9702d925
global_step=24576, SPS=35
global_step=24680 | return=12.00 | steps=76 | track=0b1cb3a72cb1e95ccc64a90c8cdaa88f
global_step=24808 | return=-2.99 | steps=163 | track=6e32bd495fecfc9183db958d9589a399
global_step=24848 | return=-77.53 | steps=90 | track=0f11a8bd20546223d4c77ed441256400
global_step=24904 | return=3.68 | steps=61 | track=6504c0732c8d8d6d2faf913c3daf744c
global_step=25008 | return=20.40 | steps=175 | track=6ee1406ff63dc3246e56aece21e21e22
global_step=25096 | return=-70.46 | steps=108 | track=f21c41a7dd0c4a4a21389942f7ef5a6c
global_step=25312 | return=23.10 | steps=78 | track=c65026783fb78b84e641eeae1df2ee67
global_step=25440 | return=5.15 | steps=154 | track=390943af4972c99244507f6ab5648c0d
global_step=25448 | return=48.34 | steps=67 | track=4b9acd7ecc5a1ed9619b57b09809fc23
global_step=25456 | return=-89.19 | steps=131 | track=1d9a16b899b5876fdfb3cb01effe6413
global_step=25560 | return=52.52 | steps=68 | track=82e2d9e207f7de418a6e863d1eba946b
global_step=25904 | return=-108.01 | steps=131 | track=3bab56a9495bb1abc73d381570811ece
global_step=26144 | return=31.15 | steps=85 | track=7a8ad92c580134336f67a8875b7ba621
global_step=26152 | return=-96.30 | steps=131 | track=e771a4334b7e8defa54c346dce992d1f
global_step=26368 | return=-82.81 | steps=131 | track=67d24ac6fb7dca41a50f634a11f28707
global_step=26424 | return=7.98 | steps=121 | track=12e08142dfba071aaddd146f216899ce
global_step=26440 | return=24.52 | steps=66 | track=820f81fee390ff8dfa5ad12085256d7c
global_step=26488 | return=-98.50 | steps=130 | track=267949dd57eeac996cd79d149ceffd0d
global_step=26616 | return=-111.20 | steps=131 | track=78936ab7b3b4840d7abb2fa8bdefd92a
global_step=26816 | return=143.56 | steps=250 | track=69cd2b3d8511cca992c9956762747486
global_step=26840 | return=-42.86 | steps=49 | track=5f93e10e205a760ef024c1057242da3f
global_step=27184 | return=-52.83 | steps=45 | track=f7cbb72f56318e428ae9151ca8b2f6cf
global_step=27208 | return=-90.33 | steps=131 | track=0d3b251ecd5ce8b432f6bbd58667fe6d
global_step=27280 | return=-69.31 | steps=141 | track=19ff9b8662cac2e2b82acd627f159693
global_step=27480 | return=-73.16 | steps=131 | track=03517a0b6688703b402266bb7fefd961
global_step=27488 | return=-49.45 | steps=139 | track=b62c16e1161d543eebb997c92ee9dd4e
global_step=27536 | return=-56.36 | steps=130 | track=fe84dfccffaef8651e5f54575327add4
global_step=27640 | return=-35.68 | steps=44 | track=1873f7a852ffaad402b896fde6367353
global_step=27672 | return=-91.71 | steps=131 | track=b25e35e81b09eaf4ed536d0acc2cd15d
global_step=28032 | return=3.00 | steps=148 | track=6c1a3f76056a14a0095b2287eaf61b49
global_step=28176 | return=56.24 | steps=66 | track=d924da77faf071ff22185f19ff8db24c
global_step=28240 | return=-89.36 | steps=131 | track=2266de81be50235d920234b3687b8089
global_step=28320 | return=-36.07 | steps=97 | track=a341582ecb332bbbaf8abe5b2fa2c621
global_step=28480 | return=-33.79 | steps=158 | track=fead237cc875947822f007ea2029e4e7
global_step=28520 | return=-43.44 | steps=129 | track=eef5dcf604f7ac0162b68a7defa3afb0
global_step=28544 | return=-116.07 | steps=131 | track=0a163e552e65a5cbcba80a9722a152a2
global_step=28880 | return=9.67 | steps=150 | track=e8e155f06002bad0536d212b46bea917
global_step=28952 | return=-111.90 | steps=88 | track=6e67dcee4aed21dc2f39321ccc8194a0
global_step=28992 | return=-9.79 | steps=58 | track=6759e3f53acfa2852e938f562ffb5436
global_step=29216 | return=-100.46 | steps=129 | track=2e566d11b7e9284a1191c195a1235ef9
global_step=29248 | return=176.93 | steps=115 | track=432d241de1cc1baedfcd8366ee0a0566
global_step=29320 | return=-98.62 | steps=160 | track=3a1007fed3dadb653c281c280c5d2968
global_step=29336 | return=208.10 | steps=106 | track=4becf6150dff6f8e00c4fb7902572a58
global_step=29344 | return=-34.99 | steps=48 | track=4d8aafe56d8c97797ba7f669679e3c0a
global_step=29552 | return=-63.60 | steps=41 | track=e81cb4e25d3bcc202cc0d82e83ba3944
global_step=29600 | return=-83.55 | steps=131 | track=0720378f26daec612a41687b5ae34cb1
global_step=29944 | return=-91.00 | steps=132 | track=a585955ef5956f8ea66b80871f15f9b1
global_step=30040 | return=-88.30 | steps=130 | track=8b5da0277c4fc80e9d5d6be232e00b95
global_step=30192 | return=-71.61 | steps=106 | track=71a838c4a689e9797f5877bbd81006d1
global_step=30304 | return=-78.13 | steps=131 | track=ab774c035e7847bd2602bc6ed2cd7e0a
global_step=30400 | return=-99.05 | steps=131 | track=ccd695e481068a4fa8c5dbbe48c5fc45
global_step=30424 | return=-91.62 | steps=137 | track=3408ca1dec9bd7cf330116ccc95dffbe
global_step=30608 | return=-86.70 | steps=131 | track=d5884fe59cec666f3b90f7046a4c519b
global_step=30656 | return=-93.26 | steps=131 | track=a33e414274378b325a033be24d836ba5
global_step=31000 | return=-95.35 | steps=131 | track=242e16a2e8b13528af56414e9b4a6848
global_step=31096 | return=-80.83 | steps=131 | track=efc1d64c806c81455c5366c534f3e61e
global_step=31248 | return=-77.97 | steps=131 | track=0496e476fc7145b82fa551290207a92c
global_step=31368 | return=-94.70 | steps=132 | track=b75218256e56b55aff0e7f3b7868e930
global_step=31376 | return=-64.84 | steps=89 | track=1da3fb1c9cffa91a61384fe39046ae9f
global_step=31512 | return=-57.64 | steps=135 | track=81d16332b31c6800f1628354eaf6d713
global_step=31552 | return=-39.55 | steps=143 | track=547fc5d3a3879682f40d0b1491622408
global_step=31664 | return=-83.80 | steps=131 | track=777b9a93b641f08b61f4eeb9cd351d05
global_step=31856 | return=-27.00 | steps=60 | track=63f8c2466c20e5420112e8bd084f030b
global_step=32152 | return=-85.00 | steps=131 | track=9b779bfa801cc8e5284bb7053d8a36ad
global_step=32256 | return=49.22 | steps=87 | track=53271a9b3214d30dcbab42e57b06816d
global_step=32432 | return=-87.41 | steps=131 | track=d7f45d411523852b5e05a2605cd30e2f
global_step=32560 | return=-66.75 | steps=87 | track=391dc4da84d02dec82b3acd7ec0c9bba
global_step=32608 | return=-71.66 | steps=200 | track=10ad082e30073d94edac9fb3e6676056
global_step=32648 | return=9.72 | steps=61 | track=769b7b0563673933caec0a8eb00756eb
global_step=32696 | return=-88.13 | steps=147 | track=1c6f282ef35f995da265477f40c62286
global_step=32720 | return=-94.50 | steps=131 | track=131c2d40b3557219c1d211998e410b6d
global_step=32768, SPS=36
global_step=32776 | return=25.45 | steps=64 | track=c685d1b0d8e0b81b119615a378942494
global_step=33088 | return=93.07 | steps=229 | track=ee9a73449fd1d8224b42470125b2570a
global_step=33128 | return=-67.46 | steps=50 | track=84413a2773afae750922ee88cdb724cb
global_step=33320 | return=-106.80 | steps=88 | track=79d40cf17a70fc3fa1732d899fd48638
global_step=33488 | return=-86.70 | steps=131 | track=bfdae4f3feff74fe71d2918b8b02c0db
global_step=33616 | return=-95.31 | steps=131 | track=614db1931a32067f951c93f70e4e4b58
global_step=33648 | return=18.29 | steps=64 | track=961fafbba442c3e5cd8d085b8905db0b
global_step=33680 | return=-77.07 | steps=122 | track=30a6049d2817074b1819f2392a743e39
global_step=33696 | return=-59.58 | steps=130 | track=10c96f327d545fa224481083becf3f81
global_step=33832 | return=-3.25 | steps=63 | track=732ddd1762ea14a7e61f4b7c5afaec48
global_step=34120 | return=-16.57 | steps=62 | track=68d1387d2c0d2a3af8f68946940408f7
global_step=34144 | return=-89.41 | steps=131 | track=2c9dbbe1c9f02881c671e7d1d1557328
global_step=34192 | return=19.96 | steps=61 | track=833c286ccf2b8ea5e7434856353994f7
global_step=34392 | return=86.90 | steps=69 | track=41c7b18260d4d6d0155d8a5d5ca5537c
global_step=34544 | return=-51.30 | steps=131 | track=02361188e7a6107db7ba73a47b822d84
global_step=34704 | return=-78.50 | steps=131 | track=a01c1177ad57baae78b26960b217532a
global_step=34832 | return=-53.18 | steps=256 | track=4ba5e6289e7cfb518464d7dcce8de521
global_step=35032 | return=-11.27 | steps=168 | track=4130c293d03254b2b73ed7e1cb7b6d84
global_step=35176 | return=-83.79 | steps=131 | track=a8459c3a46111481fa1d6cc462dbd3a5
global_step=35192 | return=-62.70 | steps=130 | track=9bc0aecc364894a9c8c0957c15650101
global_step=35248 | return=-82.07 | steps=131 | track=f6066b6398e31b65a416e3499c00b077
global_step=35320 | return=9.72 | steps=60 | track=e87ddcac1637586e693e987c4d1f5f78
global_step=35488 | return=-37.00 | steps=38 | track=2cce31f83bd1566af23efe4fdf4d2898
global_step=35600 | return=-86.47 | steps=131 | track=bb728d98a102987556d251c946a12cec
global_step=35760 | return=-82.78 | steps=131 | track=7ee35c40d49e7e08e83e227e091448af
global_step=35952 | return=-22.32 | steps=87 | track=799054d7ecc8fd3b0c7df11a4eddfba3
global_step=36000 | return=-80.99 | steps=200 | track=d57775efa203f49249fcb341d31e5cdc
global_step=36088 | return=-95.67 | steps=131 | track=5eda7df5d22ba0a1bf35c0a9a644dd18
global_step=36136 | return=53.94 | steps=80 | track=ac96213def450131ba8c4f9d424ce9b2
global_step=36296 | return=41.17 | steps=66 | track=a86b5254c4ba0238571aa91e8a8263f2
global_step=36376 | return=-94.51 | steps=131 | track=37ee203db2c2a90adf2bf98db6ad5663
global_step=36456 | return=-77.74 | steps=157 | track=4b4a70cafeb72a410604700c760da3c6
global_step=36824 | return=-10.43 | steps=55 | track=132334183a679378a74ce3d3f3094b0f
global_step=36992 | return=-61.11 | steps=173 | track=efab1c570c746beb89f7e4038be99bf6
global_step=36992 | return=41.25 | steps=86 | track=850610fb29140e95e01af36fae56ea4f
global_step=37008 | return=-94.04 | steps=131 | track=ae6af41f843dd47031b0b0ee40d12730
global_step=37048 | return=-47.20 | steps=130 | track=c5bec128ddea2d65b64e64940dc00bdf
global_step=37176 | return=-4.78 | steps=129 | track=9456222eff9f74a662e903c99fd6ffb3
global_step=37256 | return=-38.22 | steps=145 | track=5d31ad1622860e76a6657f0cced0d7fd
global_step=37376 | return=-38.88 | steps=47 | track=296160ece3ed16e13ee56200d99e142d
global_step=37528 | return=-60.58 | steps=133 | track=b4ea615fb18c5e11c1269fa714e5bcf9
global_step=37576 | return=21.12 | steps=72 | track=27fd71cc5219dfb96fbcaba70a207eb5
global_step=37832 | return=50.58 | steps=71 | track=a2efac5f95d3158ce1754a57a5556335
global_step=37976 | return=-1.26 | steps=74 | track=211d4fa7de8192e0f8ff3357721bc81f
global_step=38048 | return=-12.41 | steps=152 | track=c73fe01317101fbe6408689bf0f14882
global_step=38104 | return=-94.91 | steps=131 | track=250067de592009da7f2ade65fed73ea3
global_step=38168 | return=-1.98 | steps=73 | track=59c20d9cb4cc3a7ec95f42188ff53f18
global_step=38232 | return=-85.19 | steps=131 | track=87c30341960dca6a6b034a556fe24477
global_step=38528 | return=23.79 | steps=68 | track=7cac27cbe6cb1d7f94e5b31077637e47
global_step=38632 | return=-136.66 | steps=202 | track=a9bba831d8e73cf59c03bfa6fe9a85a2
global_step=38784 | return=-41.00 | steps=156 | track=5569b2016f8152b502ee8724eed49961
global_step=38880 | return=-71.26 | steps=88 | track=0cfb97e281ffc61ac39d7d6605bf93c9
global_step=38888 | return=-102.57 | steps=131 | track=228fe1d74a69e03c75c668e5846d94fb
global_step=39160 | return=-113.30 | steps=131 | track=e336daed2661c8707b996eaced6a5364
global_step=39176 | return=-89.61 | steps=140 | track=553b3bf358115c1231fbfa158233c051
global_step=39256 | return=-79.05 | steps=90 | track=0f8afb997d3973d9d6ea17031a278c80
global_step=39280 | return=-104.38 | steps=130 | track=f59b489d9429ace8948a325a1e40b96e
global_step=39504 | return=-69.90 | steps=89 | track=66b66d483e562027600ed3d18ace5ec2
global_step=39688 | return=-103.25 | steps=131 | track=dd65557708612d764da818fe9f272842
global_step=39920 | return=5.36 | steps=94 | track=c9f58433e25c221a9b240ede48282a15
global_step=39928 | return=-94.19 | steps=130 | track=0a5a0845a29d5377e2c086d811e9d1e5
global_step=39944 | return=-98.04 | steps=131 | track=50bd82b9746a71b68ee728acbf63bdab
global_step=40232 | return=-80.60 | steps=131 | track=d70ab3bbda60bc6aefcb4bb324972efb
global_step=40304 | return=-92.58 | steps=130 | track=e8be0a8a476a902f1ddbd72a3850b80f
global_step=40336 | return=-90.01 | steps=131 | track=44b309410fb121cfbd2c6f65c6603014
global_step=40360 | return=-33.10 | steps=53 | track=fb92f7d9fca4e108af77c8011a0f4e8f
global_step=40560 | return=-84.00 | steps=131 | track=446c70b0c1f3016ac8ea0573c5f56c60
global_step=40744 | return=-96.48 | steps=131 | track=d975f9548615ba787f7ed62cf4c18a15
global_step=40752 | return=-18.22 | steps=51 | track=0d98cb6aa048ae563d3a57fa7df873f3
global_step=40840 | return=11.28 | steps=66 | track=ecefcaa0494d972f63b5e2c25c43b8f2
global_step=40960, SPS=35
global_step=40976 | return=-70.60 | steps=131 | track=a9a1e10bf961a47b1c3da699f8448449
global_step=41080 | return=-36.02 | steps=141 | track=5a32eed65fd0e13d0692b847b8c65a51
global_step=41128 | return=-17.03 | steps=47 | track=8c9fe8eeefa8b411b56ad897c2df103a
global_step=41400 | return=-93.40 | steps=129 | track=892186bb30b574490eb40149c0ac90d1
global_step=41608 | return=-93.87 | steps=130 | track=46a1e1c8fd4a6bd1454f5370bdec09ff
global_step=41800 | return=-92.38 | steps=130 | track=68f731aac864ef2890d6354de8fc0001
global_step=41856 | return=-62.48 | steps=202 | track=3d3eea14368fdd9d469f6b706d250097
global_step=41896 | return=-87.27 | steps=131 | track=be2c40991a1d1bed502aaae9422f5b93
global_step=42032 | return=-71.20 | steps=131 | track=9b6939b77ee51d3cd1ae61f276cbf30a
global_step=42176 | return=-103.93 | steps=130 | track=b8f9903089edcae3587b066206af6f76
global_step=42656 | return=-97.24 | steps=130 | track=3cc72e001fa18cfa9cdf65a34a3668fd
global_step=42752 | return=20.84 | steps=208 | track=f92fbe96f65e7fdeb8dc3dd6b1a74cba
global_step=42848 | return=-95.68 | steps=130 | track=93933889fcec56e88ccb96f25c198d4b
global_step=42912 | return=-93.20 | steps=131 | track=e832ce42369797bebd95e2ea282c4fe4
global_step=43008 | return=-53.15 | steps=103 | track=75bb685d4055bf6c87bec16f005605ab
global_step=43080 | return=-63.22 | steps=130 | track=f0e0e5db8e3534b0ecbc51a235651c8d
global_step=43272 | return=-117.71 | steps=171 | track=45f534a1ff3c903bb54522553373db2e
global_step=43360 | return=-9.66 | steps=43 | track=1a59c24342b68a43c31bd0eede5afabf
global_step=43432 | return=109.74 | steps=72 | track=b021ef3b82d22942ff51d97703bb06b3
global_step=43456 | return=20.32 | steps=256 | track=4b8fc8025d8eee351f30c05286263f8a
global_step=43808 | return=-90.57 | steps=131 | track=36b4ac12b55c06132c5f076d305299f7
global_step=43816 | return=-36.84 | steps=144 | track=b759f00474924b811c46cda5ccd048ca
global_step=43872 | return=4.52 | steps=63 | track=41a98c681fa57e300227037469ff6012
global_step=43944 | return=1.29 | steps=63 | track=68606bcf38f45dd253077c1cb50b9b88
global_step=43968 | return=-92.80 | steps=131 | track=81ace76f44b7f456d765f6ef68f0fa93
global_step=44000 | return=-86.91 | steps=90 | track=c3a78a04fd9efb93a6a41d55c423300d
global_step=44128 | return=-96.28 | steps=130 | track=1384aa83ebbe38de0258bcada9fa9e07
global_step=44368 | return=-16.97 | steps=45 | track=9aef4f59f835a69f437141ec908d153d
global_step=44512 | return=-80.35 | steps=131 | track=78b193744414885cf71f0d1e38ddb55b
global_step=44656 | return=34.39 | steps=65 | track=a25e3611d63f94497f5dae52740d6757
global_step=44872 | return=-83.33 | steps=131 | track=831caf5bf261c7e0ceb7a76fbd2067b3
global_step=44872 | return=-94.21 | steps=132 | track=d1fb62d8eb1ade9b1940639045a0b757
global_step=44928 | return=-86.61 | steps=131 | track=7fac85ea8f6b89563322b2d2a59eafd8
global_step=45024 | return=-92.31 | steps=131 | track=ae186686f3cca12024da9c160ead735c
global_step=45256 | return=20.57 | steps=163 | track=7790b83f3d0a6895aeeaaaa6de396ae5
global_step=45424 | return=-97.06 | steps=131 | track=e4d2915e228cc90c0ecc21d90137b3e4
global_step=45568 | return=-88.31 | steps=131 | track=63627c655506650858f2c154d0c48701
global_step=45640 | return=-52.04 | steps=47 | track=f29d7d86b047e0ede4863a8a217be883
global_step=45712 | return=-87.05 | steps=131 | track=b69175e137894efdc3280ca35f19b97f
global_step=45920 | return=-98.72 | steps=130 | track=45cd80516c346ab0b354a1a0479fe199
global_step=45928 | return=-98.19 | steps=131 | track=ea6707e5b556271e539ca50467ef6dba
global_step=45984 | return=-99.51 | steps=131 | track=fa2dab1b35bc7febe56ae8306f012774
global_step=46080 | return=-90.07 | steps=131 | track=2831e9e3ac877fbec45dbe4b07300268
global_step=46400 | return=11.83 | steps=59 | track=b4e8e27146aab3fdb74ac28250650820
global_step=46456 | return=31.46 | steps=65 | track=5a51b32f4f8dde140ae8be2f6d8086cb
global_step=46480 | return=-76.68 | steps=131 | track=64aa9f139321043d76bc780ed4c04efa
global_step=46624 | return=-88.71 | steps=131 | track=93f6b346cdca5be5a39e6fa8e56b2851
global_step=46696 | return=-87.49 | steps=131 | track=93bf85f4b6136af87e61763927af63ec
global_step=46728 | return=23.83 | steps=80 | track=cc98f34d1cea69e2826d79cd9fe4d969
global_step=46768 | return=-87.49 | steps=131 | track=950429e5b680d65e80430d146265a6f8
global_step=47024 | return=-54.87 | steps=129 | track=1c4019ec5142f270efafe64b65cfe958
global_step=47176 | return=24.51 | steps=68 | track=7bbccdc5e0a8f26764e1a4c0b5726e4e
global_step=47368 | return=-75.38 | steps=110 | track=c7181503303e2c31c53588fc145a2e7c
global_step=47456 | return=-87.90 | steps=131 | track=fbfabd6142b89ed6b6d1ac7ba4937a30
global_step=47768 | return=-75.10 | steps=92 | track=11437c985e50c9f7d3e808a8056349c2
global_step=47784 | return=-91.33 | steps=131 | track=cef725a77cb0c525b6a0d681b2994f44
global_step=47832 | return=-102.90 | steps=132 | track=f4db638998bc3815e9bf2d5ca0f195ad
global_step=47864 | return=-18.53 | steps=175 | track=30f60f523cc876f380822e77b34976eb
global_step=47888 | return=15.32 | steps=148 | track=d2c0cb2487d7c784b804b567538f9d22
global_step=48224 | return=-91.18 | steps=130 | track=918b3b4479d69e4c67abc9b119ca4c15
global_step=48440 | return=-5.76 | steps=75 | track=ae517df94ed89d8fcd5e3bf5b066dd10
global_step=48504 | return=-47.99 | steps=141 | track=96a1c8414440784e105227bf3c2cddef
global_step=48504 | return=-88.15 | steps=130 | track=83e342348f50ada026b3a01f48b0c207
global_step=48776 | return=31.79 | steps=68 | track=b0dd81a91834c53428f449671bf17741
global_step=48824 | return=-87.44 | steps=131 | track=8ba5c7dffc59e168660b581825d3a07c
global_step=48920 | return=-118.53 | steps=131 | track=773a58ae9dea988682f719143a3ea40e
global_step=48944 | return=-104.87 | steps=131 | track=0e56f4823f1e5df305a061ecfb087173
global_step=49000 | return=181.79 | steps=151 | track=49e72dfe16b6f2397396f4a6006c3089
global_step=49152, SPS=35
global_step=49288 | return=-1.77 | steps=63 | track=1f4ee5035917c16d9297bff91252e3ac
global_step=49472 | return=46.30 | steps=65 | track=6379c2992bc3f880b496c8848fd3673c
global_step=49496 | return=-85.96 | steps=131 | track=4272fbbf9b5cc3b7693fbef8632e4de4
global_step=49560 | return=-95.14 | steps=131 | track=78dad6748d8192130110960a7a9f82de
global_step=49728 | return=37.24 | steps=152 | track=96ab7e9ad6167c39e5d70bd5f0adab81
global_step=49968 | return=-96.20 | steps=130 | track=1b5d2df0d3f7f8eef98da976cfb67925
global_step=50000 | return=-5.11 | steps=62 | track=1a036224353272351c3c48b745b1dcff
global_step=50048 | return=-92.25 | steps=130 | track=595174bd23bad8456af8303931b6b445
global_step=50056 | return=30.98 | steps=153 | track=f7988359f85201470547b63651abf686
global_step=50152 | return=-16.34 | steps=73 | track=2432a324f8bbf4fea5955627ef954d1e
global_step=50336 | return=-90.47 | steps=130 | track=85579b6fe1ddc461abd5ab1076e59096
global_step=50360 | return=-26.48 | steps=78 | track=6abeaf040078ff371ae54c350b671946
global_step=50544 | return=1.81 | steps=61 | track=5143792d7013ffbccb985e490e2e73f5
global_step=50552 | return=29.51 | steps=68 | track=24e4d1216df5120931fe11823206a557
global_step=51056 | return=-44.73 | steps=135 | track=f37643aa5ca04b46961322b143d74078
global_step=51120 | return=-106.68 | steps=132 | track=007e677b1ca0f5364a3ce43dd434ec24
global_step=51200 | return=-84.15 | steps=130 | track=e65df64edf329101ca43c9e7d6e7b10f
global_step=51392 | return=-78.70 | steps=131 | track=2ee0ef856093a2bc0fe273f5b6fc5cc9
global_step=51400 | return=-97.06 | steps=240 | track=b052d9f4605ca88ac7bd32de37a3840c
global_step=51416 | return=-84.76 | steps=131 | track=17ee13fc59049e629eb79a9fcc5c3c45
global_step=51600 | return=-83.21 | steps=131 | track=6f85544fca6d92cb44f4fc2bb26243a8
global_step=51608 | return=-95.55 | steps=131 | track=3f39e6190fe61822c3e59b97cc5f899f
global_step=51728 | return=43.39 | steps=65 | track=d325bcde42d3807699194d65dabe66d5
global_step=51920 | return=-12.11 | steps=62 | track=b4572a7e08ca529c4689f8cdb0a6268e
global_step=52024 | return=-42.33 | steps=77 | track=d13541bd7ed4a53ce350f431a5870df6
global_step=52112 | return=-95.99 | steps=131 | track=c915647e10d6d129542ffb466dd58668
global_step=52128 | return=23.14 | steps=64 | track=358eb42436b430be654890a480709249
global_step=52176 | return=-96.48 | steps=131 | track=830ed9d92853bda2c84930c0fe47d53c
global_step=52448 | return=-94.29 | steps=131 | track=b506f44311b6531cf3a46426a7348973
global_step=52632 | return=-39.17 | steps=56 | track=15e2cdee2c44f9fdc4200b3f9a638714
global_step=52656 | return=-83.36 | steps=131 | track=ca1b1a97cbfa4b7eb0319ca20880515d
global_step=52848 | return=55.30 | steps=139 | track=54bcc31c7a68356190f55492a5672d85
global_step=52904 | return=-52.51 | steps=109 | track=a010faee5e8173e31740703c2b9a7995
global_step=52968 | return=-16.74 | steps=64 | track=49123a0e321f21530904e9a5f0a2cbe9
global_step=52976 | return=-88.35 | steps=131 | track=c6932aa55026ff0c188354676cdcb595
global_step=53176 | return=-96.21 | steps=132 | track=bfd99b127a1e81e2c38255aba9825a09
global_step=53296 | return=-14.05 | steps=48 | track=746350e372e16f0f2c831f42767bb748
global_step=53400 | return=-74.71 | steps=158 | track=b41117e7c22ebe43c09b0b5dede02025
global_step=53480 | return=-14.69 | steps=63 | track=f1df2800886a9f5935edece475e4b6c6
global_step=53680 | return=-82.57 | steps=130 | track=25b938864472655660e1fddf3c845954
global_step=53712 | return=-101.91 | steps=131 | track=945fc9d2e26fe5699cad950a20fa7639
global_step=53904 | return=-92.59 | steps=131 | track=916f971276210728e8716d5dc6b3f2f5
global_step=54032 | return=-91.54 | steps=131 | track=4b23b0c8a59aac96454289c729fd0e7f
global_step=54224 | return=-89.54 | steps=130 | track=58190d48d5362d3b33b4f77e1a348a48
global_step=54360 | return=-97.97 | steps=132 | track=86752bc2643e266e2c2e5398efac7bd5
global_step=54512 | return=-67.58 | steps=138 | track=91920663d64e059278272585147efb20
global_step=54528 | return=-97.58 | steps=130 | track=ae17e6a39940196283bbe6b02b3189e4
global_step=54736 | return=-100.04 | steps=131 | track=ab949720022d6abde38e76144243ed27
global_step=54768 | return=-100.06 | steps=131 | track=e3781d8a6cef2485c22cd5f0cfe81690
global_step=54896 | return=42.68 | steps=66 | track=b731095ee4549981295e3a42dfd78069
global_step=54960 | return=-87.20 | steps=131 | track=94f771d4df70d69cfb4296485ae078a8
global_step=55080 | return=65.15 | steps=70 | track=11ce7dc8f82366b044da23b8f84f4526
global_step=55088 | return=-100.41 | steps=131 | track=217247c3c3fdcd6369b8f0a55e3342de
global_step=55280 | return=-98.28 | steps=131 | track=6726fe122cf36999b9c680a0c456aafa
global_step=55576 | return=-89.12 | steps=130 | track=deaa97db9651a69949afe1b1a27d6468
global_step=55664 | return=-57.06 | steps=95 | track=6f8f03bf21f1d63dd35ec2bff45e3989
global_step=55816 | return=-71.24 | steps=130 | track=20336b7a5b19f23ad1303b105232fde6
global_step=55904 | return=-30.13 | steps=145 | track=80373d2c70e51bc9fffec6c200331dc0
global_step=56024 | return=-89.63 | steps=116 | track=95e3ea4fbb84f95df5f86b1b9e58ffa9
global_step=56136 | return=-81.56 | steps=131 | track=5a706b0dde632b8dd3fb3c876416b0a1
global_step=56208 | return=-45.69 | steps=155 | track=e98ef5284e6d6bb6f8c7934942f7ce8d
global_step=56328 | return=-103.92 | steps=130 | track=495921f02eedd52dff1befa32b109590
global_step=56376 | return=67.75 | steps=99 | track=6aa2a2923a333d6571d0c88a86bcee30
global_step=56760 | return=41.40 | steps=68 | track=52584a54a772f2729835168269d95fab
global_step=56888 | return=-59.03 | steps=93 | track=c0a4f52ccfdb6c2dbb45ad3e85f5d172
global_step=56960 | return=-78.43 | steps=131 | track=f9418a685ff697616d37f5b2764e3628
global_step=57080 | return=-93.21 | steps=131 | track=ea1c823cf56dc1fcf365d284cedab0c8
global_step=57272 | return=-41.78 | steps=47 | track=0027d2cc18c13e5d0e42daab58291e63
global_step=57344, SPS=36
global_step=57360 | return=-91.81 | steps=211 | track=c4e21e509c988ebd30677953dcafc637
global_step=57384 | return=-93.26 | steps=131 | track=8d7b014b37798145f295bbd61352583e
global_step=57424 | return=-50.33 | steps=130 | track=2b44a844ce8e2461e0941f9c80ed52d3
global_step=57568 | return=36.17 | steps=75 | track=5ad24a52e030e942eb62e801132eeda6
global_step=57776 | return=-39.03 | steps=43 | track=8d64978cad9113fa863ee3aba5e67a14
global_step=57840 | return=100.72 | steps=252 | track=67f5eb98b35c3e2351d0d062dd6021c9
global_step=57880 | return=13.18 | steps=61 | track=96ad41e74989e9991203c3179053d729
global_step=58016 | return=33.70 | steps=156 | track=399922b6ba1d75f975393c3843f2515a
global_step=58136 | return=-89.60 | steps=131 | track=2d444a3b00910b20ce192880de4ae341
global_step=58208 | return=-6.66 | steps=45 | track=e4b368286b8b3b4d74ee3d2e6d303e29
global_step=58408 | return=28.39 | steps=65 | track=064aa9d16ce6eb8e0d2eb221aca63a2b
global_step=58416 | return=-85.45 | steps=131 | track=ea1aa0e52ad648276c34267f2ec58b79
global_step=58624 | return=-95.55 | steps=131 | track=0373fbd4a9f2e12add638888b2aa1028
global_step=58704 | return=12.87 | steps=61 | track=0e24ff7347b29403fb368f36d59253f7
global_step=58848 | return=-99.58 | steps=133 | track=3f9122f1918bc48701432f9bf41c701f
global_step=58976 | return=56.38 | steps=212 | track=189dbac79087f7f1cd93949c05e38c2b
global_step=59072 | return=-92.76 | steps=131 | track=457444720fe09e19788c6cede1b46ff3
global_step=59248 | return=-23.08 | steps=67 | track=0d87aa547ebef7b6f82961470b5e812a
global_step=59280 | return=-42.98 | steps=142 | track=8ac4240ec658f2c608b7237983c0168b
global_step=59464 | return=-80.24 | steps=131 | track=de1d1e19f6c16fb05f94c3aaf12baf02
global_step=59472 | return=-99.50 | steps=131 | track=02a2700f0fed986d67e9609b503d7062
global_step=59680 | return=-90.29 | steps=131 | track=8826ce52b1a0701fc6e5c118c24646e4
global_step=59704 | return=-16.26 | steps=90 | track=2a3a8c42e7a3bc7bbfc63bfe943290d3
global_step=59784 | return=33.36 | steps=66 | track=585e91655887d13fad9871cc1de182eb
global_step=59792 | return=-31.84 | steps=89 | track=85f80c4eabfffc3b6b945545c4fa82b5
global_step=59792 | return=-57.50 | steps=40 | track=98b454b1e6e3eeb1ade80bae9ef474ca
global_step=59904 | return=-97.41 | steps=131 | track=9ed43807ea490a6861eb2a7711e03267
global_step=60336 | return=-85.84 | steps=131 | track=658d5eec1b48f1318bb144f1f387b00d
global_step=60496 | return=15.73 | steps=88 | track=0bde81ed1b64b82160e2706035524246
global_step=60528 | return=-94.50 | steps=131 | track=ef28f08d6cfab80853da9c24b5c6b89d
global_step=60568 | return=-55.29 | steps=107 | track=46b2c215c5efacaa6ae467494b7f0417
global_step=60848 | return=-101.50 | steps=131 | track=59b11a349c190e00f41757fb43cbe280
global_step=60848 | return=-85.19 | steps=131 | track=10be8714d1e57e9548a40956d596b9f1
global_step=60944 | return=-6.14 | steps=157 | track=f115714f5db8a5004078cec6928486a7
global_step=61440 | return=-53.27 | steps=137 | track=680cef8af96c65c0ebc12e7c7d81d582
global_step=61552 | return=-55.15 | steps=131 | track=b36ff048d95da04d63204861071ccd80
global_step=61568 | return=-70.87 | steps=129 | track=1eeeaf6ded1ddcf03500ee680d596385
global_step=61616 | return=-121.33 | steps=130 | track=d75f41d770362451903859b8fb50d197
global_step=61736 | return=-123.96 | steps=228 | track=b54b067e87cf84a0ae1a1c049e142673
global_step=61896 | return=-86.37 | steps=130 | track=54e48e29d810ad812300eeb901933e91
global_step=61904 | return=-91.91 | steps=131 | track=5c18e9403948d6537f44e4bd8a4eeacb
global_step=61992 | return=-93.01 | steps=130 | track=94896ae4b2e8865839f214cb1ca16c72
global_step=62104 | return=8.29 | steps=60 | track=9930a4bf85fe066271312495fdd63eac
global_step=62112 | return=-1.56 | steps=69 | track=ee70a2c11e03fd5ef9e61d05a88b2cb2
global_step=62192 | return=-37.51 | steps=93 | track=2670c2dca1f9ce65359edddea0667b2c
global_step=62232 | return=-48.99 | steps=41 | track=f70a006d24d7651d46fb1bd23e681c7c
global_step=62624 | return=-79.90 | steps=131 | track=6576a5c2e85e949fb08785e6a36410e6
global_step=62688 | return=-0.16 | steps=61 | track=b79cb38ac934f813de0018dd4f3c993e
global_step=62792 | return=-98.37 | steps=131 | track=93e991dfd30a482cd99edbd65cd3c7f2
global_step=62872 | return=-52.59 | steps=120 | track=398c6caca7f9326a9abf3b490aded48d
global_step=63048 | return=-94.07 | steps=131 | track=6af5f3d062276e8dd6bb1cc31737a3a7
global_step=63160 | return=-84.00 | steps=131 | track=127c35d2c7edd11d1bea07d6757957de
global_step=63160 | return=-93.87 | steps=130 | track=a0033aa303249248177eab26dfac3a02
global_step=63288 | return=-90.89 | steps=131 | track=a17e7db7bf69105b390df47d3f6878c6
global_step=63336 | return=-30.79 | steps=88 | track=4400fa89571b686e29dde90a5b248659
global_step=63336 | return=54.36 | steps=67 | track=fa4f3435d777e6001ad68eb65cb412fe
global_step=63448 | return=-57.97 | steps=94 | track=ab170a4ec7490d7e6b8eb487bad0b47c
global_step=63792 | return=-4.92 | steps=114 | track=9fdbdb05a84e95cffd24cfb5ca7f5c7c
global_step=63800 | return=-60.33 | steps=93 | track=cb61f05e452bbc38e2d22c37529784e2
global_step=63832 | return=22.00 | steps=83 | track=f82c447924a26abd6ad81f7754b253f4
global_step=64208 | return=-84.89 | steps=130 | track=6df19ab45100578cffc43f601e58e9da
global_step=64312 | return=32.92 | steps=64 | track=38811b1c6b900767754a235b24500703
global_step=64392 | return=-95.79 | steps=131 | track=110a17f8ea1b48d648cfd1b1ce00067a
global_step=64504 | return=-60.65 | steps=131 | track=5a45cb3dd108c072e6dfbe073990bf6a
global_step=64544 | return=80.11 | steps=156 | track=0031e64fec457882c5d13b0615d7e0aa
global_step=64856 | return=-99.30 | steps=131 | track=543a27de7e54838d86e540564d5ca0a2
global_step=64888 | return=-77.11 | steps=131 | track=c2bf693d4d347d62ad337ddfc49188e9
global_step=64928 | return=30.58 | steps=66 | track=5a34f803060803a7053e82183d21aad3
global_step=65096 | return=-57.57 | steps=219 | track=2f65e11075ddd0d17ea3f7c76068566d
global_step=65360 | return=-92.58 | steps=130 | track=96ff1bb5aea1b77de9315e5158bf6ddb
global_step=65432 | return=2.51 | steps=152 | track=1482cfdde19a66a193b053735f2dfdfb
global_step=65536, SPS=36
global_step=65744 | return=-31.29 | steps=154 | track=5d706e09e7768ac19789401abf9b60ae
global_step=65912 | return=-97.69 | steps=131 | track=8b02c22574c1e06fa865639aa58ec08a
global_step=65936 | return=-92.25 | steps=130 | track=ddb5a0bc02f52aea0db8bd7addbfc144
global_step=65952 | return=-78.52 | steps=175 | track=fbba92d51c69997dce1ee6a5759f519d
global_step=65984 | return=-91.10 | steps=131 | track=f958efd573ec45fdff12cd81d644fd3d
global_step=66208 | return=-40.06 | steps=138 | track=c49ff304105685ac194839d902438aba
global_step=66480 | return=37.63 | steps=65 | track=9e2326dd323158c2e50fc4b08775330a
global_step=66488 | return=-93.97 | steps=131 | track=38136c680417e0f1e25041b121876b9a
global_step=66488 | return=27.03 | steps=62 | track=1d71ce8b65d85d54922b20e4842e8a66
global_step=66544 | return=97.11 | steps=99 | track=7a9924fbcef3705eb2c6d0a68c74c79a
global_step=66896 | return=4.93 | steps=119 | track=16e7b81dcbfd890484964587b949a49e
global_step=66968 | return=-91.03 | steps=131 | track=58993ddb5d752f0a0a1a4cf695d2f9b3
global_step=67000 | return=-14.40 | steps=64 | track=e29e706fa143c652c9cd85424aebaf06
global_step=67384 | return=-38.47 | steps=146 | track=44da911f8a05589efc6f9630a5fcc9b8
global_step=67536 | return=-104.17 | steps=271 | track=6542d46281e44f41d122b6ac171675a4
global_step=67808 | return=70.72 | steps=113 | track=fb80a9d7ca33fa306dfbe393501b097e
global_step=67816 | return=-77.31 | steps=101 | track=7f5d72a75ec334ce53a94cb0264288ce
global_step=67944 | return=-73.26 | steps=174 | track=62ce1e2e1139e2ebaa8d52db063d6120
global_step=68024 | return=-89.61 | steps=131 | track=b500cedca0c6d1121c4162ad09653e77
global_step=68072 | return=33.86 | steps=66 | track=fb9f7115a2554452998e46e0fa8ec0a7
global_step=68256 | return=-132.68 | steps=220 | track=7c751cd1027781adfbfe6e766807a3f0
global_step=68296 | return=-51.89 | steps=225 | track=f419092b63e9f074ef97e617f378abfa
global_step=68440 | return=-90.40 | steps=131 | track=94460d4f4ca4d5f6bd3484c0bd15930a
global_step=68864 | return=-101.01 | steps=131 | track=992fd4a5db356ab6cd325bc076134db6
global_step=68872 | return=-97.49 | steps=131 | track=cb8682f71053c002b6c1be1d6d80be81
global_step=69000 | return=-86.38 | steps=131 | track=b592e8dac86da606e0c12a7e3fefef2a
global_step=69080 | return=-78.39 | steps=131 | track=effb9404cf12b7ef8414b18e3f962bdc
global_step=69136 | return=-95.90 | steps=132 | track=7cc4804d4945e1b41049f504e398e0e0
global_step=69304 | return=-100.40 | steps=130 | track=e254f06ab686e25bbc696c87d31619de
global_step=69352 | return=-75.55 | steps=131 | track=ea9c32901af342b58916364b8a29b527
global_step=69584 | return=-74.40 | steps=89 | track=b73d60c638c19eb328dd710db67a971c
global_step=69776 | return=-49.96 | steps=52 | track=07a12da416cfb7960f8b924f0f5bd101
global_step=69920 | return=-79.44 | steps=104 | track=67cd5def18acc1607ab69fa586b3a151
global_step=69928 | return=-89.61 | steps=131 | track=ef0bda53e4726c19ed59bee48a9f175f
global_step=70056 | return=-90.01 | steps=131 | track=fb172c18c3ab0f4cef5f60cdcdd565b5
global_step=70096 | return=-92.20 | steps=206 | track=913536b608355be54bcf4ce165b46977
global_step=70152 | return=-35.92 | steps=46 | track=81e28ce417b74f48a376edc6dc256fe7
global_step=70360 | return=-100.68 | steps=131 | track=cf90730202a3300bcc9c1550bbf170b9
global_step=70608 | return=59.49 | steps=68 | track=7af14e002c55ec4a73d3f319af1e8d83
global_step=70640 | return=-100.87 | steps=131 | track=577d5a269d7552216193efad441b679b
global_step=70968 | return=-80.87 | steps=130 | track=d35ed5da137d343b355a517d2a93473a
global_step=70984 | return=-83.23 | steps=131 | track=a10e68ede60521356fbc116b4b638ecf
global_step=71128 | return=-58.66 | steps=248 | track=05842556a2a144bab31f6a33cc3dbd87
global_step=71152 | return=-105.51 | steps=131 | track=9197654d8cc05508c6b0d15ebdc37e36
global_step=71208 | return=-85.00 | steps=131 | track=1204dab4e9b064a7cf78c9dd39d8bc54
global_step=71696 | return=-84.91 | steps=131 | track=17c14e052618762495f756d09fee6979
global_step=71704 | return=-63.37 | steps=89 | track=b66431aac6a49e052618f71bbc2ba02b
global_step=71800 | return=-96.97 | steps=148 | track=5e9f42a4d7c6a2dbe67b54a80b4bb2c6
global_step=72024 | return=-96.21 | steps=131 | track=97a4855849063a975381c407e51a1fd6
global_step=72184 | return=-93.43 | steps=131 | track=e3d0acf5b11ae298fbcbce5723e2c61b
global_step=72200 | return=-8.94 | steps=49 | track=6bc8df0dda52029291dc07fea74aca3a
global_step=72208 | return=-85.70 | steps=131 | track=4898d466e9e5662b1fc8be113c9fc586
global_step=72232 | return=38.66 | steps=65 | track=fb63a2001c4eb1fc232febf8ac1e2cbf
global_step=72264 | return=-83.49 | steps=131 | track=56d1eef29e5284c6af22695467556e05
global_step=72536 | return=9.27 | steps=63 | track=7c03dd0aad124805b5b9754adb2eb82a
global_step=72560 | return=-30.97 | steps=46 | track=7afaef1669479416e8f979592022bac6
global_step=72752 | return=-96.64 | steps=131 | track=a060e7bd3d80f91c5d15746229805b49
global_step=73200 | return=-55.49 | steps=82 | track=75e14f53f388efb86642a774771a3355
global_step=73256 | return=-78.23 | steps=131 | track=e0931a8cd32ba4c4771f6566edda7c3b
global_step=73264 | return=-85.96 | steps=131 | track=8de7c63476c4c8820a72a8178c01f227
global_step=73272 | return=17.33 | steps=64 | track=afcd76b3c343d062ac1c4e85acbac539
global_step=73288 | return=-90.41 | steps=131 | track=a8086029e4e5c8b7096a5ff6f647b9f6
global_step=73320 | return=-94.66 | steps=131 | track=c1579f488e32c0474c7a52fdb178c6f8
global_step=73616 | return=-103.86 | steps=131 | track=18d1a2e48d50c0ea04f67e656e24ab19
global_step=73688 | return=-28.82 | steps=53 | track=7713304a98400e1c84c51fa7e481d6ab
global_step=73728, SPS=36
global_step=73920 | return=0.80 | steps=74 | track=c814c2bc3e97c3a6f8f88ca761fc8cca
global_step=73992 | return=271.55 | steps=453 | track=4f0cb255cae55168cdec45aa884b1fa9
global_step=74016 | return=-69.86 | steps=92 | track=1d27ac00915d769acc46bf841ff349f4
global_step=74320 | return=-88.90 | steps=131 | track=1bfb394d0ca0a0d91d69bc090c617225
global_step=74344 | return=-113.88 | steps=131 | track=9d2ff87abf5fc75c9e0445913bfb24a6
global_step=74672 | return=-91.33 | steps=131 | track=beadc2af6d25797cc1c1327c34627581
global_step=74744 | return=-93.26 | steps=131 | track=510c766c9fe6696c2a3c98e911333d64
global_step=74968 | return=-94.18 | steps=130 | track=c8e8060f8e2fce62a189dd7f84beba4d
global_step=75040 | return=-37.95 | steps=45 | track=ee2d1c743e70bd4c9f6030152697ba1d
global_step=75048 | return=-85.47 | steps=131 | track=956a2e439f1d1607b6bd63dfaf07bf10
global_step=75072 | return=-85.00 | steps=131 | track=122004528f434c30af643b4bf9fc4fc1
global_step=75336 | return=-110.47 | steps=266 | track=21390c33dbaa99f160956f94bad383a8
global_step=75376 | return=-86.46 | steps=131 | track=3d4ba6206870ba9420be7bebf19c74ef
global_step=75400 | return=-81.94 | steps=131 | track=cdfff085630da2abcab2d86bd0e9fea6
global_step=75408 | return=-5.78 | steps=45 | track=1df54d3f556b623a59132b1f1c960782
global_step=75800 | return=-90.84 | steps=131 | track=9f942b693caf59f4c98d7d34c2e990d8
global_step=76024 | return=-93.44 | steps=131 | track=bc1c367e013ea454f074e622b5ece2fc
global_step=76032 | return=-59.54 | steps=119 | track=ee02f5bcce73ca34f22b781604ac4043
global_step=76392 | return=-92.78 | steps=131 | track=4ab2e9fcabe11fcd3ecdb42f232cc68c
global_step=76432 | return=-90.10 | steps=131 | track=9e61f59ba9dba4ad4a58dac0bc6b58b9
global_step=76448 | return=-104.98 | steps=130 | track=4d7b07d35ad2563f2d630be904f42598
global_step=76464 | return=-87.68 | steps=131 | track=f70f03838d6ba6b083049565cef214fc
global_step=76616 | return=-74.28 | steps=101 | track=c70f156ffd0fd63d23dc0723ad4a2691
global_step=76640 | return=-48.82 | steps=198 | track=0fbcfc4e0f3058cb42da4564ed11cd8f
global_step=76808 | return=-9.61 | steps=42 | track=e40c4c6fd1b334460b44891406112a39
global_step=76952 | return=-37.56 | steps=62 | track=ae7c26279b55456b407f31ff5d241ae2
global_step=76976 | return=-50.25 | steps=41 | track=e052e2288e6e14ec9c258a7a4390108f
global_step=77072 | return=-53.92 | steps=130 | track=506feb251292880f607fcb5a655f534e
global_step=77264 | return=18.72 | steps=153 | track=31597bbe09a4f71dc3d9b612e600a9b0
global_step=77336 | return=-14.85 | steps=65 | track=74869cc97ddc401aca4ede68b213a5c6
global_step=77440 | return=-95.30 | steps=130 | track=9a948d30f64ed1a06e0829780d7abefe
global_step=77488 | return=-92.81 | steps=131 | track=a387f434f93629e1eaca0c86f2024d7d
global_step=77512 | return=13.93 | steps=66 | track=4072c4050884f4d5b7e623baca91c870
global_step=77672 | return=-94.87 | steps=131 | track=02f173ce0e835e9a0a79841306bce93c
global_step=78232 | return=62.60 | steps=69 | track=40f3a80bbeaef1dec4bed0e1c99d9fdf
global_step=78320 | return=-119.53 | steps=170 | track=45d971223fbb76997a27ab4a8c6c9d44
global_step=78320 | return=-96.29 | steps=131 | track=ee04ed729893cdf0f6dcc324b136b640
global_step=78392 | return=-78.77 | steps=131 | track=9ec7e28d01ae309e665517c0554fcedd
global_step=78488 | return=-90.52 | steps=130 | track=e0f151b52131d29c814a71f55d757dbf
global_step=78544 | return=-87.49 | steps=131 | track=d0a2e04d18103d9d5381d7dd39d14567
global_step=78568 | return=-94.94 | steps=131 | track=7e98a17747ce7d2bbb84a0b1c459c6a2
global_step=78912 | return=-62.43 | steps=64 | track=620258a347c634ef387f920971d0a9ed
global_step=79096 | return=51.67 | steps=68 | track=ffd3ad1cd2dd14c15246052cf637ba14
global_step=79296 | return=-79.38 | steps=132 | track=328cbd09d27532673bd80388a8f2d68f
global_step=79376 | return=-91.91 | steps=131 | track=2719d98efac9b1cfd623f2e480812514
global_step=79448 | return=-48.65 | steps=43 | track=32d74d221a2320da9be99a1eb8e7544a
global_step=79544 | return=-90.55 | steps=131 | track=3de113eabe83fe7463b816ca778060f5
global_step=79616 | return=-89.48 | steps=130 | track=17cb0669cfa8178317b503197d8807e0
global_step=79792 | return=20.65 | steps=61 | track=c6ff0a046ec17e622b474c3e75113b27
global_step=79808 | return=-21.36 | steps=53 | track=06e9e2c8cc83551c220362f487ee3e70
global_step=79864 | return=-31.72 | steps=192 | track=e7bba01899ec776dd231a22cb20f81a2
global_step=79968 | return=-99.31 | steps=131 | track=e34ef47359489c6d0c0b7a053b0b21e1
global_step=79968 | return=21.23 | steps=64 | track=463ba7f5b4a1def1c15b089ca6c19810
global_step=80144 | return=18.73 | steps=65 | track=5c6b58cf0dcbf4b44889876bb07baffd
global_step=80280 | return=0.41 | steps=60 | track=072113b4c149adad27659061563c3295
global_step=80424 | return=81.23 | steps=69 | track=f39837d503691d62f07436be648f277d
global_step=80752 | return=81.98 | steps=459 | track=548a43e1ce8bebdd5802798d7e3efc3f
global_step=80864 | return=-94.94 | steps=131 | track=d452d622ef978783bf1857490d9e9d89
global_step=80936 | return=-79.86 | steps=173 | track=e065ae2f4d8a869c2a9924f67787acd4
global_step=80936 | return=-81.68 | steps=98 | track=ed9c21663419ed1a65c272aac6c7866d
global_step=81024 | return=-86.93 | steps=131 | track=a6fc2225f711f61ec7cbee45b1df8d93
global_step=81648 | return=87.64 | steps=152 | track=ac3348d98e8d290057091884cfc5032a
global_step=81680 | return=-21.28 | steps=174 | track=2d5a6b3ccaa8ce3dc0ee6a9c1750b50e
global_step=81808 | return=-92.27 | steps=131 | track=cd43d479a5ae13fdbb5329f1711fab74
global_step=81864 | return=-99.89 | steps=236 | track=94d7ded43a65ec0f924c837e80c01f4c
global_step=81920 | return=-95.70 | steps=131 | track=0ebb48127200f07b9292adb934da4a61
global_step=81920, SPS=36
global_step=81968 | return=-21.01 | steps=128 | track=f39b4e7b2bb787afd1e669239efb1ed2
global_step=81984 | return=-44.13 | steps=41 | track=505373991fe7ae98c893a619ea74feaa
global_step=82064 | return=33.79 | steps=140 | track=9b2c26f45c4cde12674c3a0e61dc27d7
global_step=82080 | return=-90.89 | steps=131 | track=dfaf1e5b61e5d3c3119d8a00a6f8af99
global_step=82496 | return=34.68 | steps=65 | track=bfe43617658a279ecd9b9e1e787b8bd1
global_step=82624 | return=48.49 | steps=101 | track=c83e94d52a39664753018e6a25aed934
global_step=82720 | return=-98.90 | steps=129 | track=4e22f5817702f3298a97c72261085dc2
global_step=83072 | return=-61.37 | steps=135 | track=27641ccc12dc64086f8bf0be010ec7c1
global_step=83120 | return=-72.51 | steps=156 | track=a13e7c2bdd6c4e6ee7d041a28313fed1
global_step=83120 | return=-93.47 | steps=131 | track=c7d48d365f5d34333a1963ae8a3fd729
global_step=83136 | return=-92.03 | steps=131 | track=4e52d874131e5e09fd8c38f801e7073e
global_step=83552 | return=-87.44 | steps=131 | track=164d50f77162119bc9d7d6fde2e2c067
global_step=83776 | return=-86.38 | steps=131 | track=391fcf5e28ffec5b3ca081209efebcd2
global_step=83792 | return=-70.46 | steps=89 | track=e8b22914ec292de14f3132816b723b0d
global_step=83952 | return=10.34 | steps=165 | track=ed5dfb6afdd731fbfbbb7a527cea62a5
global_step=84192 | return=-94.29 | steps=131 | track=3cffae30a3ca7446c9bfc6313262c73e
global_step=84336 | return=-11.21 | steps=69 | track=88110d4437a4886a0bd9bbc46d47aa61
global_step=84424 | return=34.60 | steps=162 | track=86c7782fe02d717adbd05e4377ba6bb9
global_step=84504 | return=49.33 | steps=68 | track=f803a7a1120167f941af0e2c0ce9e765
global_step=84576 | return=131.42 | steps=331 | track=be44c2d2d0f15e8dfe172b2e8f42434f
global_step=84600 | return=-98.76 | steps=130 | track=4f239e7e7b8390916389f2a2d18196b3
global_step=85016 | return=6.43 | steps=152 | track=4a60b8684896810839605d955f96fad5
global_step=85080 | return=6.35 | steps=244 | track=3c8cdbea1570ea2d18d362b092310e2c
global_step=85248 | return=-92.03 | steps=131 | track=080c16749e8159e477ca3eb5bff46030
global_step=85392 | return=-84.23 | steps=131 | track=84055fa56ad11acd764a3e8002defbf7
global_step=85560 | return=-98.41 | steps=131 | track=2aba89d39b473dd0690849c7a747dacc
global_step=85632 | return=-98.06 | steps=131 | track=853064bf602637b5fa9506ce54d1eca7
global_step=85648 | return=-95.36 | steps=130 | track=943a4b4035e77401fc0c1fbedeecf141
global_step=85848 | return=-28.35 | steps=177 | track=14d2e92d288de4f8cb33a27640955388
global_step=85952 | return=46.21 | steps=69 | track=59f8e4d6bb62ce24b9f4909f3ec5b5f2
global_step=85984 | return=-0.35 | steps=43 | track=1e12dd8f2768b8924c4acf14dfd3141d
global_step=86064 | return=-91.79 | steps=130 | track=f180be4b12a831e66af578c78648445c
global_step=86080 | return=14.25 | steps=64 | track=be2d77ba66fee24630de9f4246ee57c5
global_step=86136 | return=-92.37 | steps=131 | track=bf7893aab06f0a1c91c80869226192e2
global_step=86600 | return=26.74 | steps=66 | track=3f3aa0ad43a45d5b310173f9b08b5b38
global_step=86664 | return=-69.51 | steps=101 | track=7280627354b7e70f725f3c149832b9fa
global_step=86696 | return=0.91 | steps=69 | track=8bf8c090d1759c1d92da5d3cfea2f4c0
global_step=86704 | return=-87.91 | steps=131 | track=8004ab11ab3af0252d4e0a19bcfa4c22
global_step=86856 | return=-78.62 | steps=200 | track=e1659a48bd44e9d36bbd39530e3bb335
global_step=87008 | return=-81.53 | steps=131 | track=bebcb7f6fd084787cb197360f1f5dd16
global_step=87040 | return=-86.93 | steps=131 | track=82ac27f86af51bde9d46587154f5b90c
global_step=87136 | return=-90.40 | steps=131 | track=c34bbf77190764f2690d910cdbaaf71d
global_step=87408 | return=-72.03 | steps=92 | track=ed67b8c31a903494b725d2d31dfbde52
global_step=87560 | return=44.84 | steps=64 | track=9a22b31d06bdaf7a21b44ec48a6d8553
global_step=87600 | return=-15.27 | steps=73 | track=9713a69d2b068e81548a0f5b4515021a
global_step=87656 | return=-102.31 | steps=131 | track=4c4877705e282dcf2ebd3d0ee3211a90
global_step=87744 | return=-87.20 | steps=130 | track=5ed2084b6562b4f11adff0ffef2996ae
global_step=87752 | return=-84.63 | steps=130 | track=babbc63b9b87f8cf357dce376859f41f
global_step=87912 | return=-94.07 | steps=131 | track=a487c90ab0f824130f62168d148eb42b
global_step=88088 | return=-40.38 | steps=42 | track=3070ccf81ce0daf30741b4b937517b69
global_step=88272 | return=27.46 | steps=64 | track=8554c6b9bc171f08b8a6f2fd68e21d42
global_step=88360 | return=-72.39 | steps=152 | track=eaede2d45ebc7b499d90014526a18e17
global_step=88464 | return=-85.84 | steps=131 | track=3c3c6e0e68ebf9506d59adc87473596a
global_step=88616 | return=-86.21 | steps=131 | track=21e12bb3de50b7da04106ca7b7fe45a1
global_step=88656 | return=-99.80 | steps=131 | track=b24810e88ae759a48f973a26b586921c
global_step=88688 | return=-71.31 | steps=96 | track=3eb778583f9bf5c0bd23c7c612f57042
global_step=88800 | return=-86.32 | steps=142 | track=e76d9e2308e76477eccaa5ac7d5eeb31
global_step=89176 | return=-111.90 | steps=88 | track=1fb285429429cd274f8ede7977ca1448
global_step=89192 | return=-27.54 | steps=71 | track=59683b583d71a4fa129cc1d3d5dc9ec7
global_step=89192 | return=-47.21 | steps=48 | track=1af3a31c83f6be24b0b8651d2e06a67a
global_step=89360 | return=-28.88 | steps=135 | track=bb1e0b52c4283adea3cdace020b5293a
global_step=89416 | return=-84.28 | steps=131 | track=8e7def38ca028f9af75e4b8ba5c7c532
global_step=89712 | return=-88.31 | steps=131 | track=6c84e9b11be4f6499f3ff678f9fecd04
global_step=89736 | return=-69.89 | steps=130 | track=3357590cf6ece2d9cd66f9f76cd511e3
global_step=90112, SPS=36
global_step=90240 | return=-92.10 | steps=130 | track=522cbbe3cc90bd92fe8315067a918322
global_step=90296 | return=-19.62 | steps=275 | track=d4a50bdb061db6e90d11850a324836b4
global_step=90408 | return=-99.12 | steps=130 | track=bba5b5c2ed992fdb609eeceee4b69c6e
global_step=90464 | return=-88.30 | steps=130 | track=f981b013ce68ee421749a0e6e7b35ba4
global_step=90688 | return=-49.14 | steps=48 | track=59f9e5ba3dbb98d4e4defb84d1f83ba4
global_step=90744 | return=-117.03 | steps=195 | track=ad180b802ef5c15a53cb62f03adf362a
global_step=90768 | return=-89.38 | steps=131 | track=8a9492c5509141f417c85c95de4882ec
global_step=90792 | return=-90.23 | steps=131 | track=72f03792e309588d6aa3ae284c39a59f
global_step=90920 | return=-129.18 | steps=215 | track=fbbb4b745f0b834c81f8e6bf4e2514e7
global_step=90960 | return=50.18 | steps=89 | track=c3edaa08824a6d107314e4ced85392f0
global_step=90968 | return=7.96 | steps=62 | track=8eb7db88689dbaf84c9974953a87690b
global_step=91216 | return=15.33 | steps=65 | track=c90e85400e1d25710303661ac79117cc
global_step=91464 | return=-94.01 | steps=131 | track=0836771abb662d7939c8ac65798b90a6
global_step=91480 | return=17.20 | steps=91 | track=532b29771fa6871674c17000b97ce31b
global_step=91824 | return=-83.77 | steps=131 | track=cf3bc32005d30693718b5fd9f66faf15
global_step=91848 | return=-95.33 | steps=131 | track=eece82d35744a06ab1480aadc1db9a93
global_step=91984 | return=35.29 | steps=64 | track=6d69aee91648469cdcb2fc9840c7234a
global_step=92008 | return=-97.61 | steps=130 | track=57d78684d3bbd022327b269002986cad
global_step=92176 | return=134.48 | steps=156 | track=0f718195e6ba9f225e4a69fc62b8aeff
global_step=92216 | return=25.09 | steps=155 | track=07d65055d03536c0f05c8ad428259c13
global_step=92272 | return=-90.69 | steps=131 | track=92f501d8e3e7f01ee9a21acb2596da35
global_step=92536 | return=-84.67 | steps=131 | track=243c983390d2a33bb51d3d631acffc52
global_step=92880 | return=-91.06 | steps=131 | track=452ceebf9f9d7da21b08039ff71497a2
global_step=92904 | return=-78.50 | steps=131 | track=46e4b7c2caae4558dc1ad2908e63f67b
global_step=93040 | return=-98.95 | steps=131 | track=aa14caef4a4e899b7a51f09d2d79e2d3
global_step=93088 | return=-73.58 | steps=101 | track=87addd1733295c51c114b080c6d6809e
global_step=93232 | return=-94.96 | steps=131 | track=53364ea8023c84c60d32999f626fddc2
global_step=93320 | return=-39.39 | steps=163 | track=e90b71a5951374bd3bf2a63eeb816b6f
global_step=93384 | return=22.28 | steps=145 | track=2615e67d16db5ca2adb6c9189e70618f
global_step=93592 | return=-86.01 | steps=131 | track=07e37ccc2162f9b583ac456d88e2aeba
global_step=93616 | return=29.86 | steps=65 | track=6ea7f6aa5d6a4e4885022cea92bf676e
global_step=93960 | return=-91.06 | steps=131 | track=703b99bf09ca934a5a8f3c66a06d4b16
global_step=94096 | return=-79.57 | steps=131 | track=7a9bf65109a9edd25de3e54096a7ce04
global_step=94376 | return=-86.93 | steps=131 | track=9c765863dd6df19aff376fad5ef93422
global_step=94648 | return=-91.11 | steps=131 | track=fbe46a6748db257651933977799bae56
global_step=94688 | return=-89.77 | steps=133 | track=d6fcf355f4b5ad1fd89751d6f2f8f48a
global_step=94728 | return=0.04 | steps=95 | track=1da645fbc8d56cc67938ca0b2b7b731a
global_step=94808 | return=7.62 | steps=196 | track=30b7c34861ec7708a0a98717c22c543f
global_step=94888 | return=36.59 | steps=63 | track=a7b3b73ca6257c285bf4cb460d108951
global_step=95144 | return=-81.58 | steps=130 | track=db248935ad594e734e65cadf73e1bf8c
global_step=95384 | return=27.22 | steps=312 | track=ae281a9e6f034741c04cae712361f429
global_step=95560 | return=-66.65 | steps=108 | track=eec6ea537a65c422cc40a640781b0388
global_step=95704 | return=-90.21 | steps=131 | track=1da6e5800b1b7ccd5979da404a123694
global_step=95784 | return=-84.91 | steps=131 | track=53b6627f193302cfbc9e43193ea17215
global_step=95864 | return=-82.70 | steps=131 | track=90cab4ba6743efa0e01fea8c7e320068
global_step=95944 | return=-78.54 | steps=131 | track=baff5e7deef6e9ccdc47509520a2600d
global_step=96096 | return=37.81 | steps=338 | track=a3cf1aabbe0b9742deeecf40b63f3717
global_step=96200 | return=-86.61 | steps=131 | track=6fc6835bf0e2256eae4a5dfe1855ead0
global_step=96288 | return=-47.21 | steps=90 | track=aee1b9e06a1b42081ba278cf51b56e0c
global_step=96440 | return=-85.23 | steps=131 | track=819b5d1f6f754923ef4c2cdc20e4a56d
global_step=96488 | return=-27.95 | steps=97 | track=012944db197bb018dae82c7b611d6807
global_step=96496 | return=-30.49 | steps=88 | track=1320be6f438784363aa2e938b02a24df
global_step=96592 | return=-48.91 | steps=90 | track=88694b5545b69040a9388730f135ff17
global_step=96688 | return=66.73 | steps=73 | track=047ab22897539fad7e25803a97ef016c
global_step=96728 | return=42.63 | steps=65 | track=c7a67761045f554b13b5762915842161
global_step=97016 | return=-8.15 | steps=64 | track=913fb7d0f613ad3ee7c1882c29070ccc
global_step=97088 | return=-2.32 | steps=61 | track=ef544a3cde0e0b42e1dd3b46ceaa0677
global_step=97112 | return=-30.13 | steps=145 | track=16124743f8bc28639973931337bc1de5
global_step=97120 | return=-73.93 | steps=103 | track=f96254221175a601f528d571b2836ea7
global_step=97224 | return=-3.82 | steps=61 | track=0d32d4471bcc195a526a4dc29308fc3e
global_step=97504 | return=-41.92 | steps=48 | track=cf5c9ec89066fd2681bacee1cfc9cb0e
global_step=97544 | return=-93.67 | steps=131 | track=0ce23be1fcfa2d924d5a31d9010169ce
global_step=97744 | return=-97.69 | steps=131 | track=e0eecba9a94e66f4e526f6229b2f3f3d
global_step=97776 | return=-36.00 | steps=166 | track=32133d11a1ff38c5171b313ab76da4b7
global_step=98072 | return=-97.81 | steps=131 | track=15c3ddf9fb4d5587c76975034a8864de
global_step=98136 | return=-64.67 | steps=130 | track=4bf49a9d6827a8ba01d015843fe3cf87
global_step=98176 | return=-93.51 | steps=131 | track=1f7fd6632c6628a1cd997768d9b1d5fe
global_step=98280 | return=-105.87 | steps=131 | track=96a1fd6bbaed03dff2683c4ac2d7568b
global_step=98304, SPS=36
global_step=98600 | return=-115.84 | steps=131 | track=97968231473606840bf8f35cf420dd3f
global_step=98720 | return=-77.31 | steps=67 | track=8b7997fc4f613fe2a84e56cfa27913a5
global_step=98832 | return=-96.68 | steps=131 | track=8b0043bd55972c1ddb922ec0aefce43e
global_step=98832 | return=-57.92 | steps=135 | track=f85af1ee2313de074cb391c7b11692f3
global_step=99128 | return=-86.46 | steps=131 | track=b6f0fae3ef93b9fd2d03ca418a37fa11
global_step=99192 | return=-93.88 | steps=131 | track=1722c28d541566a2ad98db4f43cc3a38
global_step=99192 | return=-25.89 | steps=44 | track=45622fc5a255e9c14fddf227e09fce55
global_step=99336 | return=-91.75 | steps=131 | track=aeed6c4685ee8e6298c140149ba7e132
global_step=99448 | return=46.98 | steps=242 | track=a68f0f4da953ac9f755d5a20cf04e8a7
global_step=99536 | return=-74.97 | steps=101 | track=4d5ea98ed1782d42e9727d7e6ca791c6
global_step=99648 | return=12.03 | steps=64 | track=d3cc4694f04d85cce8d0485c2411d88b
global_step=99648 | return=-83.98 | steps=130 | track=a07331c6a4d8d88cfb429d855c053b20
global_step=99736 | return=30.15 | steps=67 | track=cf3b0940066e8124c25557065d2bb3ff
global_step=99880 | return=-85.97 | steps=130 | track=cd0a4ca0842442289ddbc4692c933361
global_step=100104 | return=96.13 | steps=95 | track=a67f872a3a610fe75b85b0f628917b45
global_step=100368 | return=-60.15 | steps=89 | track=05a3411d93b2cc2461fcf89304762d2a
global_step=100496 | return=-97.79 | steps=130 | track=c1b8679ad0b88b09fc8ac59ea9d3978b
global_step=100592 | return=-89.19 | steps=131 | track=39280dec9803adc09fbd8e3dcbe27ca4
global_step=100600 | return=74.63 | steps=89 | track=41fc7d8433e8862f5f5370bf6ae0b266
global_step=100704 | return=-75.10 | steps=131 | track=7e31e7cf413db3932db56ac17eb08cd9
global_step=100784 | return=-85.01 | steps=130 | track=93ef8c6232a548b4fb610eeea66888db
global_step=101152 | return=-33.25 | steps=69 | track=c7e871cc3f32275dcbeebed9f001de96
global_step=101160 | return=-86.37 | steps=131 | track=e143771137a40e727092fa3eddcd4263
global_step=101248 | return=31.47 | steps=67 | track=2c7d93929c7fdd2460696b4c05110aab
global_step=101336 | return=65.97 | steps=68 | track=46678da04d94fb2df0426f9b3d2fb821
global_step=101424 | return=-90.23 | steps=131 | track=42b6afa5181da91eb8552ecbf37ed7cb
global_step=101488 | return=-95.22 | steps=123 | track=5edb3d3cede8b0b28c51740be9de0441
global_step=101816 | return=-73.65 | steps=151 | track=82851bac0fe199fa118dee4914e7b70f
global_step=101952 | return=-81.96 | steps=98 | track=65216cd8d7d5a408dd6caf6388ed772a
global_step=102152 | return=-97.85 | steps=112 | track=0b0b3b0f602e5c6e17492510f6894dcb
global_step=102200 | return=-87.38 | steps=130 | track=2f9062f85cead90158acddce6673e301
global_step=102216 | return=34.85 | steps=377 | track=3a395a2c6944e2db3d801fb6ddaeb554
global_step=102352 | return=63.32 | steps=66 | track=d752b872ff6040c37ae3114e3ad4a6c1
global_step=102392 | return=-85.70 | steps=131 | track=e6bdcfa6a4f89756f32d4c7556c1b70f
global_step=102480 | return=-102.73 | steps=131 | track=f87c86b5509b766ca6d374473be57705
global_step=102728 | return=-10.87 | steps=154 | track=ef75de3ca8423fb4f7352f7bed7c4bd5
global_step=102728 | return=-46.48 | steps=96 | track=e8bcc5415962d0f4bf0a3063a3f4e0ae
global_step=102760 | return=-44.34 | steps=67 | track=ec6013c90c71c97bbae23365f03e06eb
global_step=102936 | return=12.43 | steps=91 | track=ab1379dbe5976dfad49d59a148ac1e12
global_step=103208 | return=-93.45 | steps=131 | track=77b5ccb397df760066319b87637585a2
global_step=103240 | return=-36.32 | steps=59 | track=68ac1b69e1042f01d8e20b4e5805689e
global_step=103272 | return=-79.80 | steps=98 | track=128a47bab1d2307712053ef14ea9a33d
global_step=103288 | return=-12.83 | steps=111 | track=68ebecf285a5383f4f57e4ff3968b9b9
global_step=103400 | return=-91.70 | steps=130 | track=ee65a6fd1d732c870c8e7a3aab9c9269
global_step=103464 | return=30.19 | steps=65 | track=d79bf2fd8b8cae407e2aa3228334f8ef
global_step=103776 | return=-94.08 | steps=130 | track=f2715ef98e3b1c153c516234effe2b48
global_step=103784 | return=-86.71 | steps=131 | track=969bde709b1eb67be897f376cbd7fe60
global_step=104264 | return=-85.93 | steps=131 | track=3bbe12f0192225b511a3d9f4fc34d760
global_step=104296 | return=-91.58 | steps=131 | track=f33a742ecd364827583fa15a94a4266f
global_step=104328 | return=-82.30 | steps=131 | track=d1547ddee8ef7ac44a8a1ec1fe654746
global_step=104344 | return=-96.81 | steps=131 | track=1053d7f9049e6bd541dfc42b5768d1bf
global_step=104512 | return=-91.10 | steps=130 | track=be7bd9880e8d4c862304d1a039f89c9f
global_step=104792 | return=23.29 | steps=55 | track=4a88ea96b6c2bb896e53402abf541f24
global_step=104800 | return=1.14 | steps=62 | track=47268b12fca148babf59d57a154931e5
global_step=105088 | return=-17.22 | steps=163 | track=93f36af853c2e59cf6adb36557695337
global_step=105136 | return=-117.13 | steps=216 | track=db4a982f2d692d399ca87b1a8e069eb8
global_step=105320 | return=-94.01 | steps=131 | track=d601651a748b1bbd3ee2c3134473e5a3
global_step=105384 | return=-88.53 | steps=131 | track=f7c30760689fed40a9fc497b6c770801
global_step=105392 | return=-62.01 | steps=200 | track=8e4270cb30b28f374bec7eede918a2b4
global_step=105568 | return=-102.16 | steps=131 | track=8058d2d9121bf79a958dee8e1ac2f357
global_step=105808 | return=71.40 | steps=89 | track=b1eba3ff5fa9fd76909a4e8a5891f2dc
global_step=105848 | return=-103.10 | steps=131 | track=f0902f79da1f9c12a5cce83f496dd23d
global_step=105856 | return=-89.63 | steps=131 | track=661d75af2b910071cae8b46fa6759538
global_step=106128 | return=-33.58 | steps=92 | track=449f02e67f994e5d64e9e6dbadfd4105
global_step=106192 | return=-90.07 | steps=131 | track=88f55b3a49b063ddf4b9d4692b365366
global_step=106376 | return=-91.11 | steps=131 | track=da6ea8aca6d970b3352a92d238ad2f96
global_step=106416 | return=-124.02 | steps=127 | track=5a98332df5f6ccec519ac3534c971479
global_step=106496, SPS=36
global_step=106584 | return=84.62 | steps=91 | track=592595bc63231e310a1547bafad55cb7
global_step=106624 | return=-86.10 | steps=131 | track=e1f96db78ccd962247a97de33aa38806
global_step=106872 | return=-81.53 | steps=132 | track=fa1914cb32e3fa7d09543da2f8a85963
global_step=106960 | return=-31.70 | steps=137 | track=139f1d0406a4e4d6b3b5a6b466a82919
global_step=107112 | return=36.60 | steps=65 | track=51b5c12a6a8705a0e90eed79845a9f82
global_step=107168 | return=24.36 | steps=67 | track=0a489050b5ac28f4cead5c559f193888
global_step=107184 | return=-99.14 | steps=131 | track=41777f55d93b372e8ba636406c56934c
global_step=107240 | return=-97.98 | steps=130 | track=f7b9cc6c40c60fc0be51690494b09dd9
global_step=107424 | return=-86.96 | steps=130 | track=dc668834f871db3d7ad77ce7b23091e7
global_step=107432 | return=64.64 | steps=69 | track=e3e50504967069a3578b9a06415441d0
global_step=107472 | return=-60.15 | steps=131 | track=9bc5d0ee6a03509dc177c402fb62b43e
global_step=107640 | return=37.14 | steps=65 | track=e590ec7290ad832181c8210fe330cdb4
global_step=107640 | return=-15.64 | steps=49 | track=cc594cc5077b80bbb3ca3683e4c6eb43
global_step=107736 | return=34.23 | steps=70 | track=a8d966673a43c7d9eeab3eb7f7e51b17
global_step=107864 | return=6.96 | steps=53 | track=e1cd7c4a845ab11ea5ef13592ffa773b
global_step=108008 | return=-81.03 | steps=130 | track=e2facb336c1905efb427b87e9599ee7e
global_step=108080 | return=-22.95 | steps=54 | track=3607a5ee10a03a2f3be7fc42b0af1925
global_step=108112 | return=-17.95 | steps=79 | track=97053a5129b7f79f0880c954741292fd
global_step=108232 | return=-98.76 | steps=130 | track=f115aecedb78e14187f2feba6cbb9837
global_step=108376 | return=-58.67 | steps=91 | track=b73addd98b820b6366f1d5651efbcbd4
global_step=108480 | return=-92.71 | steps=131 | track=76afaf93f1b3a9470dd53739f077cd64
global_step=109064 | return=-107.05 | steps=131 | track=638646a37ad591ebfd61ca792b79fac6
global_step=109136 | return=-96.87 | steps=131 | track=303445d59b81e5ffca491090ac781163
global_step=109160 | return=-51.56 | steps=130 | track=35c5bac5cb60ed4872fccd3e0c7c46cd
global_step=109288 | return=-84.76 | steps=131 | track=33402b6df98f929f59098be2a550c042
global_step=109432 | return=-89.63 | steps=131 | track=e492f9da9e612d4273411988b313eb34
global_step=109536 | return=-91.11 | steps=131 | track=5b2826fca7e111bcada6e5f14d5952d0
global_step=109664 | return=56.25 | steps=240 | track=82698e96cbcf1a4a72f16cbc69d41104
global_step=109680 | return=5.91 | steps=64 | track=fe7896b25cb41339009d2b1ffaf304a6
global_step=109824 | return=-12.12 | steps=48 | track=09a8fe24b74ad6e1c32d2bb20f3970b9
global_step=110088 | return=46.52 | steps=277 | track=a9b4bb74539ee296ddea8bc0b93e1dea
global_step=110120 | return=-84.91 | steps=131 | track=99c57ba2690d213fa7319addeedddaf7
global_step=110192 | return=-95.91 | steps=131 | track=2d3df0666741cf2c1eec197f81f9531d
global_step=110344 | return=-93.08 | steps=131 | track=c3a0bb8da9bbd01ec771a14790407c6a
global_step=110376 | return=-111.90 | steps=88 | track=63955b55dc69b695a8ccd1f67463bf5f
global_step=110592 | return=-109.10 | steps=131 | track=265afb904a4af2e0105f7325644a15ba
global_step=110704 | return=-39.58 | steps=44 | track=d4f3523e5e1c5ccdb1e09fab80ae9d82
global_step=110776 | return=-40.08 | steps=72 | track=3bde8d675c0fe2e77d73c7a2f3803581
global_step=110984 | return=-19.82 | steps=144 | track=1e71c711c91f2cc8418268aaffdd01ba
global_step=111144 | return=-93.85 | steps=131 | track=830425c96e469c7c3c97ef1ae562394d
global_step=111176 | return=-74.43 | steps=131 | track=8b5ab99af1d9ef24b7458ef61951db22
global_step=111752 | return=-113.66 | steps=130 | track=97513a1a9a1e64cd1c6f01445aff33c8
global_step=111752 | return=-56.63 | steps=121 | track=548c3801346edde1025b3b208d41307c
global_step=111896 | return=-125.41 | steps=276 | track=ebcbb275b59e842c42c6ba7aad2b6033
global_step=112008 | return=-54.64 | steps=203 | track=e30947a0f9cea9dddd506aa7c7c8f6fc
global_step=112040 | return=-109.12 | steps=131 | track=8d5772cebb64bec1befd841ff9600fc3
global_step=112200 | return=-83.80 | steps=131 | track=c49e7abfbe895f35cde344a94c714091
global_step=112224 | return=-81.31 | steps=130 | track=458807f38c7bc1a23b14db8a085e6d2c
global_step=112576 | return=11.33 | steps=247 | track=0c196e9d7297bea694f190dcd6b5e616
global_step=112592 | return=-47.61 | steps=48 | track=c6162bea14e089c3d95ec303086ad4d4
global_step=112808 | return=-90.67 | steps=131 | track=bf1c7aa769a536b5be6cf529bd8bae16
global_step=112808 | return=-96.85 | steps=131 | track=fbbdf3a13a3d027d6bb859b1e0432088
global_step=112944 | return=-90.06 | steps=130 | track=854a5756ac109658a58c64066ffd7a51
global_step=113064 | return=-85.25 | steps=131 | track=a0d1a87cec649d3919e13a97f214ce9f
global_step=113088 | return=-97.12 | steps=130 | track=44f519832ae4de5d911dff18b7a24477
global_step=113280 | return=-38.28 | steps=131 | track=55677ea4b1c6c6c19771790bf9288ab0
global_step=113632 | return=-85.47 | steps=131 | track=784dc950bbefd8f72656ec0d7a5e4eca
global_step=113648 | return=61.13 | steps=69 | track=bbf54e630cbf19c47c08e994800ed7f7
global_step=113648 | return=-82.30 | steps=131 | track=99a8e79d1b88f21dac0dae1016264a61
global_step=113704 | return=43.44 | steps=111 | track=dc090bc01a05dc69305d68692babe74e
global_step=113864 | return=-78.68 | steps=131 | track=e9f3d1df6b1cdd0956cafd6dd0b2b3d4
global_step=113992 | return=-90.79 | steps=130 | track=3a443fee4b3b9ca7fa49d696d0bd2274
global_step=114096 | return=-46.91 | steps=57 | track=11a3e5ec9ccb6778701b69e2a754e8c5
global_step=114176 | return=21.57 | steps=65 | track=70745cd9645117f5095b172eabf6d2ca
global_step=114336 | return=-82.10 | steps=131 | track=9cf22cd8a73be4be9bd64748768a9f1c
global_step=114640 | return=-55.92 | steps=196 | track=cd0dec9aee4b59712c1c37e17d430215
global_step=114688, SPS=36
global_step=114752 | return=-93.01 | steps=130 | track=31971d4fb921b4d065ee95801439b3d6
global_step=114920 | return=-93.63 | steps=131 | track=1b6f0fdfaeb29cd29cbac2cec8805c18
global_step=114960 | return=23.73 | steps=163 | track=aa82289672e0a8bb0f20e94fb42b0dd7
global_step=115000 | return=-65.71 | steps=44 | track=9ad27f51008bb55be53ba91d6e708dfb
global_step=115048 | return=-90.07 | steps=131 | track=35966ebb93a66378face610fb6144ba7
global_step=115152 | return=-84.28 | steps=131 | track=a47a0320f23d295b91ed2627f1edc8c8
global_step=115328 | return=12.86 | steps=143 | track=317175065f0c9760a8e6188a6d6b4fbc
global_step=115392 | return=-80.64 | steps=131 | track=d775f8a5deb119b18c49e09ac73835c5
global_step=115808 | return=-88.97 | steps=131 | track=16db2a00942a4af074d293bc426b249f
global_step=115904 | return=-42.21 | steps=93 | track=b64127614bb30991408f2e4834ef2ad6
global_step=115952 | return=27.57 | steps=77 | track=f5154ee6711cdf48fbc5a1f260095549
global_step=115968 | return=-92.22 | steps=130 | track=74972fefd8a110d3742c9ce9b6cd5954
global_step=116016 | return=-100.25 | steps=131 | track=de86f41e1f85ae52785a42e97e2f9965
global_step=116056 | return=-69.00 | steps=131 | track=bc5822577d9ad378687c01b84eb672c8
global_step=116448 | return=-99.77 | steps=131 | track=2e82639092f50b92af80cf45208f0259
global_step=116560 | return=-7.18 | steps=62 | track=bc329643cd1cd1ac7e2d3334dd0d0425
global_step=116856 | return=-86.68 | steps=130 | track=dbe8bbcb9a43300530d0019597f869b8
global_step=116904 | return=-55.39 | steps=231 | track=974b41fd3d394692d01d659a45f2d920
global_step=117032 | return=-98.13 | steps=132 | track=553d3ef955fde50010948d3ca3ee0557
global_step=117112 | return=-43.10 | steps=150 | track=fcddb509814bbef7e4b6265e74688727
global_step=117112 | return=54.56 | steps=68 | track=e326de4257c81132e1800d8d677460b4
global_step=117136 | return=-18.21 | steps=147 | track=879c45257267655c0938658e6b4d8501
global_step=117168 | return=-25.37 | steps=143 | track=aee19420535f71ce84dc1549485e443e
global_step=117184 | return=-56.21 | steps=40 | track=3505e2b7350b94e58240256e55191235
global_step=117504 | return=-97.28 | steps=131 | track=8128beadc3496613c47dd985ff4b05d7
global_step=117856 | return=-91.49 | steps=102 | track=9c7fb3556d663b44353ee4a843e5a328
global_step=118096 | return=39.50 | steps=73 | track=a04a8672976035908b4ff2f1833ca182
global_step=118160 | return=-106.54 | steps=130 | track=a5f5226825d7dcfa4ea177bef12bc549
global_step=118168 | return=-86.87 | steps=131 | track=d806b20098f1e36819e074540beaf16c
global_step=118184 | return=-84.75 | steps=130 | track=d9154b011292356429848928d9eb68b2
global_step=118224 | return=-106.31 | steps=131 | track=5efcaae9a802f1f76e4eee804d0f8673
global_step=118240 | return=-98.85 | steps=131 | track=6c031409d8a7f5e9531686ee03a1000e
global_step=118440 | return=-46.48 | steps=72 | track=b9765e0466b5262e4d7c74620c2bb141
global_step=118448 | return=-25.93 | steps=43 | track=bdf6d2e8b0a2a58a660cb57ca17263e1
global_step=118712 | return=34.91 | steps=68 | track=cffc12c0d47978ddcff0771268e1ab78
global_step=118760 | return=170.08 | steps=231 | track=891910ac136d707268df3d6b0886735a
global_step=118768 | return=32.31 | steps=67 | track=c86554b15e6348f2514289f2e4562f83
global_step=118776 | return=-47.71 | steps=41 | track=6401bcd8a531bc0f78ef2a4d6fdd7025
global_step=119224 | return=-83.25 | steps=131 | track=596748557a33f9566b87fe51f492856d
global_step=119224 | return=-61.30 | steps=129 | track=3d54ebdd24cbec100f0852925da1731d
global_step=119240 | return=14.74 | steps=65 | track=6bda3e5a2297fe3599be304bbb262a08
global_step=119328 | return=50.72 | steps=69 | track=e288e0b49665d6e31825d119b703b366
global_step=119496 | return=-97.98 | steps=130 | track=0acb96b871e3cd1df25f37f72581690d
global_step=119544 | return=-1.40 | steps=162 | track=69fb90bcc67792b9f704a146f8122281
global_step=119816 | return=-105.70 | steps=131 | track=aa070aec24861c5e87c695b0760b2b07
global_step=119832 | return=-100.54 | steps=131 | track=1cad0ac3f24ac995c3fd7493cc3c7797
global_step=120056 | return=55.37 | steps=69 | track=8f83b2b898b4463f0c7cfc36426b477a
global_step=120280 | return=-89.19 | steps=131 | track=3f3b87128d12318bafd03abe013e623b
global_step=120384 | return=197.19 | steps=144 | track=126d179ad92ccba3603e3a847bd2f660
global_step=120384 | return=-95.67 | steps=131 | track=b73b6c5fd64f5408005694c5b89fd6c0
global_step=120408 | return=-36.90 | steps=43 | track=06235ef7fbb09ab9bff9528504cb3dec
global_step=120600 | return=-84.67 | steps=131 | track=d4f958ced69789457ebe8ae60bcd38cd
global_step=120736 | return=-39.14 | steps=56 | track=21a9a039c2ba8e37af8c47f83f194e79
global_step=120784 | return=-52.09 | steps=49 | track=7127d98d0effaeb56866cb818fa66a5e
global_step=120864 | return=-92.71 | steps=130 | track=3f8fb82145af45d5683fe390bceaf7d5
global_step=120864 | return=-25.68 | steps=56 | track=ed2618917424eedb695b7e12eeb0c488
global_step=120880 | return=-86.14 | steps=130 | track=4e656bd5c107732b2751ac8a0f8defc2
global_step=120928 | return=-112.59 | steps=210 | track=fa524cd214f6f86a3e797b70b32ccf7e
global_step=121440 | return=-85.57 | steps=131 | track=ebd9373e81158e9e4fd0932cc326874c
global_step=121448 | return=30.55 | steps=82 | track=016d8a590d80e37e403010e3ddca0d85
global_step=121544 | return=-60.30 | steps=100 | track=763319f6e40740337c545ebf938ad614
global_step=121648 | return=-85.85 | steps=130 | track=7f64dfc8488d58349ba74660b3ef6cca
global_step=121920 | return=-91.10 | steps=131 | track=17737f579fcb2292ed7ff9b0bef7c706
global_step=121920 | return=-91.91 | steps=131 | track=909f4d2919376a05946e2c82f089a954
global_step=121928 | return=-83.72 | steps=130 | track=19267a155d980ad5f1495be951a17083
global_step=122480 | return=58.97 | steps=69 | track=32fb0bd525a3b72ce09025df356a3c3c
global_step=122488 | return=-100.24 | steps=130 | track=3aebb7c1b96965ab6002f312c71457fe
global_step=122504 | return=-83.04 | steps=131 | track=30cde9f151ca84cd5f6b072208a3b18b
global_step=122576 | return=-97.52 | steps=128 | track=7be651adb532e11a5e7ccad17576bd3d
global_step=122696 | return=-108.95 | steps=130 | track=0a95ef6392f039d259228edc3be8523b
global_step=122880, SPS=36
global_step=122976 | return=-99.98 | steps=131 | track=cad3d5fb46e820417f27cdc0a0970c39
global_step=122984 | return=-91.93 | steps=131 | track=4c9e0e044a3bd276bfe523abc094c4b8
global_step=123544 | return=-87.08 | steps=131 | track=590a45faa1ed10d2498a6b4e8281542b
global_step=123568 | return=-98.90 | steps=132 | track=a8907bfa759ff1ec8e2e2b22a3575494
global_step=123632 | return=-81.00 | steps=131 | track=ae84f0be915e3bc9bd5a8c5e74a8ed6a
global_step=123808 | return=77.88 | steps=359 | track=92e11cb366dc7ba7a41aa7d72ad1066a
global_step=123888 | return=-42.49 | steps=175 | track=f43af37d792b42783e06eb1b01a69f05
global_step=123992 | return=-10.29 | steps=44 | track=05dbb5182bff8292fc3dbb3b4ce36667
global_step=124040 | return=-91.10 | steps=131 | track=bed31d1b7d1f89e17e155b394d8d0e8f
global_step=124120 | return=46.04 | steps=68 | track=d8a13d7bbd51d3f7f2cb239d111c1714
global_step=124296 | return=-5.68 | steps=60 | track=abb29ff92257d568e145ebb4d02bd6cb
global_step=124592 | return=-69.80 | steps=130 | track=7d2f0072b7ba85e508e3ded9a8528318
global_step=124816 | return=-55.02 | steps=229 | track=518e26af57251a1405da0286d43be2b4
global_step=124928 | return=29.67 | steps=110 | track=5c7397e9e8293b8c531d8500600a3356
global_step=124936 | return=-60.81 | steps=130 | track=b4827d05a3c0f1ffb09d7ad21dda952d
global_step=125128 | return=-32.51 | steps=141 | track=ee21c05bd4eb771a06102fce0c3bc169
global_step=125176 | return=-79.66 | steps=131 | track=e89fff55c12920f854a74881937a975c
global_step=125352 | return=-80.52 | steps=131 | track=4f9c49205c07e867db7c2b7995fa2f2a
global_step=125480 | return=43.05 | steps=68 | track=aa8e480eed4bbf7b1089ed6b59f2cf92
global_step=125640 | return=-100.57 | steps=130 | track=802e8be1cf9dfc08467fe75ccdc1600d
global_step=125712 | return=-61.37 | steps=376 | track=fc2eccd217d08816395e40fbd5921432
global_step=125736 | return=-46.99 | steps=99 | track=d97679c9114e00fcf2b7eef5f4f9127b
global_step=125864 | return=-84.90 | steps=130 | track=f58dcfcbddcb876fdaa939d6419785be
global_step=126112 | return=-46.47 | steps=46 | track=e54d98d2e1590d8327d3a76e9021dcc2
global_step=126160 | return=29.84 | steps=64 | track=e73b448be7943968cbfff5e35bc24d91
global_step=126184 | return=-93.67 | steps=131 | track=ba5f56901ca74b8fcddb4a5e938a1710
global_step=126224 | return=-103.75 | steps=130 | track=d34f62da0d147c23c196ebfd3e0e0421
global_step=126400 | return=-88.39 | steps=130 | track=d2bc7ac83f5480eb63a19387c804bb60
global_step=126528 | return=-74.28 | steps=130 | track=2e99c52ab6b2aa371c784dac75f16bae
global_step=126736 | return=-60.75 | steps=63 | track=c0f3cddce70569a43625732297e63288
global_step=126768 | return=-88.71 | steps=131 | track=d84d0ebd4eea36197eb3e20dfc65c9d6
global_step=126920 | return=31.32 | steps=64 | track=3ccf07417bf5a643d1c80b2b88592f5b
global_step=127080 | return=-75.03 | steps=151 | track=c921edc9daeb07671666b0c2824decc1
global_step=127168 | return=-92.12 | steps=131 | track=d7384cd9d1250706361358e94ac07ab7
global_step=127216 | return=-96.21 | steps=131 | track=d9c87dce74af0b36c535306e38b6cb72
global_step=127264 | return=-1.86 | steps=61 | track=4a136f8d776be14761749ed46b136e5e
global_step=127416 | return=-94.35 | steps=153 | track=e11a3c6a25f588f736a9cf476181fee3
global_step=127584 | return=-89.24 | steps=131 | track=8c89696363384f4445d483faad16688a
global_step=127792 | return=-78.80 | steps=131 | track=a50ba73df8739f3806dcc0e4adcfdae6
global_step=127792 | return=34.11 | steps=65 | track=e0ff634980b8e716db89cd8779ccd360
global_step=127952 | return=-30.87 | steps=91 | track=5fb1d738f5c56a6408d93e832b76453c
global_step=128032 | return=-53.26 | steps=138 | track=9d60b5668660df462936de14279ea43e
global_step=128136 | return=-84.04 | steps=131 | track=527b4bda830982aa041c305165ceda00
global_step=128320 | return=32.31 | steps=65 | track=4f9498cf323365fd4b09e3bb76d48321
global_step=128472 | return=-89.41 | steps=131 | track=2a0b5d261ee1a11a5b3d970320d48f9c
global_step=128528 | return=-33.91 | steps=91 | track=84cafdf2ad9ee98678076345d8c46270
global_step=128640 | return=4.05 | steps=183 | track=1693d76a66ee82d9f19682ffeb08bd7b
global_step=128712 | return=-74.85 | steps=140 | track=84a63ebfb117b3a83c47f501981f3b03
global_step=128808 | return=-10.17 | steps=60 | track=8c1e0054af875e7ad3f58c9b894b3f31
global_step=129000 | return=26.33 | steps=65 | track=4d4821b86c8a6bcda5cc73c546742d67
global_step=129008 | return=-88.37 | steps=131 | track=9f86b8020636bc8332404feca04a9d4e
global_step=129088 | return=-92.18 | steps=131 | track=c17ef67bb3c272723e2da4be0f16249c
global_step=129192 | return=-86.70 | steps=131 | track=05a21ced5586998bf0ad66b25347f61f
global_step=129328 | return=-44.90 | steps=76 | track=dc32f36564fa23f04011c4609deb661d
global_step=129584 | return=-98.54 | steps=131 | track=0ea981fe44355e749ef9691a6cb0bff7
global_step=129696 | return=-93.45 | steps=131 | track=ca36b270fea441c0b8f54179bdb9fe42
global_step=129728 | return=-61.32 | steps=66 | track=b69b6527a76623cd000656c866fc25f5
global_step=129768 | return=-14.58 | steps=95 | track=b5ad9075ee1e8e134219d5e2ba929f4d
global_step=130112 | return=-45.45 | steps=137 | track=4eaa1c7c9bf968984db4a2270e654050
global_step=130144 | return=-92.53 | steps=131 | track=4a270f04d73a687989220de09647dc2d
global_step=130224 | return=-3.83 | steps=61 | track=17eedf2aa82fefd2654d2d5830c67ce2
global_step=130384 | return=-92.90 | steps=131 | track=bf73fa278e20f28771073986f23a926c
global_step=130680 | return=35.95 | steps=66 | track=fcd77007995a42cc10b292dd3327280e
global_step=130744 | return=-103.82 | steps=130 | track=9e4bccb784d3bdea1ecdec35b3df657f
global_step=131072, SPS=36
global_step=131136 | return=142.10 | steps=290 | track=3e9caf9c41a8219d7018e54b9fea29f2
global_step=131168 | return=-81.73 | steps=131 | track=662dd6bac38e621283a0d314cd9cd613
global_step=131280 | return=-101.20 | steps=131 | track=5deaad1d86cc5f575b47867af3de4813
global_step=131304 | return=57.33 | steps=69 | track=ba462ebbe91fe072697d62ea4a16ce4d
global_step=131440 | return=-93.47 | steps=131 | track=fa35024ddbd6b4e49603c2053b0c2953
global_step=131520 | return=41.54 | steps=241 | track=e1d6ce04f738198229ae9baf86fb7050
global_step=131728 | return=-94.19 | steps=130 | track=ed9c2530d9df7478006bb94d5537058c
global_step=131944 | return=-20.69 | steps=271 | track=7d7ac2a64c7ceb0cfda237763960676b
global_step=131976 | return=-79.28 | steps=100 | track=61e0d9dcd10a7d554405d2f505102e60
global_step=132288 | return=7.46 | steps=69 | track=cd114ea578ce7372dca49bb59ccec02b
global_step=132336 | return=-67.40 | steps=131 | track=89f850fcd60852f635e10d4014e4ad4e
global_step=132344 | return=-62.71 | steps=129 | track=fdda101864e145d3a72dd04a83975158
global_step=132576 | return=-105.09 | steps=131 | track=0759957e294ece9a912130cbfd6d4391
global_step=132584 | return=-29.16 | steps=142 | track=ce09361a19344889a598fcc7b14ab712
global_step=132664 | return=-8.55 | steps=46 | track=dbc13b84c8a2e29ea02bd05839a55baa
global_step=132720 | return=36.09 | steps=96 | track=592a4f5c7f7b72b331c871d272c2af2d
global_step=132856 | return=-82.57 | steps=109 | track=9618dce41d1d59efb7bf4defb54a89a7
global_step=133088 | return=-11.22 | steps=45 | track=24ac4d136e1580e9db93332bd386a2f1
global_step=133392 | return=-94.07 | steps=131 | track=18177003085f88b4f9f3d708b40bafc4
global_step=133600 | return=7.62 | steps=63 | track=829dc9eb9f69b8eed4f813ff9d770273
global_step=133632 | return=-90.23 | steps=131 | track=98ad65246621328fe7a6729b26bac58f
global_step=133632 | return=334.88 | steps=311 | track=d862e6759f5639bb2ad133595871ee6c
global_step=133640 | return=-109.90 | steps=131 | track=b38c25a9abb21036e56525fd0aeadcde
global_step=133800 | return=-50.96 | steps=141 | track=91948533503c8a6ff5479c64fae497e5
global_step=133912 | return=-87.17 | steps=131 | track=0e70b6837d3a08a62dff074a225fab80
global_step=134176 | return=-35.71 | steps=46 | track=c0408e8e5a563d5b57932c6006eb7c26
global_step=134272 | return=-71.65 | steps=240 | track=b123da956396f9c5b53bbf86ca49d4af
global_step=134416 | return=-56.76 | steps=96 | track=f138365bd2ae1c342febd601b7fd91a5
global_step=134424 | return=-78.23 | steps=98 | track=529cf07376d113c4d2ccaeebce907065
global_step=134456 | return=-109.36 | steps=132 | track=a0fb8def2e0cbeaa7fc0f0cb32f78ea1
global_step=134544 | return=-36.00 | steps=45 | track=2b13e36cd806f79db072b2cc0eceb129
global_step=134656 | return=-84.71 | steps=131 | track=6c1c99b4536dad5ec327185d05b45079
global_step=134688 | return=-77.39 | steps=131 | track=ced06b0ace4477c71b28492f0c67624c
global_step=134976 | return=-83.31 | steps=132 | track=b52c824c28657c207fbf3f0b11d7450e
global_step=134992 | return=37.26 | steps=70 | track=1214c65230abfce87998ec9d65d21e07
global_step=135328 | return=-92.37 | steps=131 | track=158df9019cf185bf77e8d8bad069fcf8
global_step=135464 | return=-100.60 | steps=130 | track=b854e68b6f3726b44bcde20cf438464c
global_step=135512 | return=-100.28 | steps=131 | track=2954654a845ecfd33128213c6664d503
global_step=135600 | return=-94.79 | steps=131 | track=0e51c37b87a6afdcf60febe566e60ef9
global_step=135712 | return=-81.37 | steps=131 | track=f177baacaa3cf60c3f205c005b2f9ff7
global_step=136032 | return=-88.65 | steps=131 | track=378f9a9c8affb7a615c7024b1c3a05ad
global_step=136248 | return=40.35 | steps=66 | track=f75cf9726d4724891947196bf2282332
global_step=136248 | return=21.87 | steps=156 | track=6185495b7d4e3252f5bf4fd657076139
global_step=136376 | return=-92.48 | steps=130 | track=8d369462531c8395b102c7077491c1ba
global_step=136488 | return=-72.34 | steps=110 | track=824d66dd26786391b2b06f7385de2b50
global_step=136520 | return=-86.71 | steps=131 | track=a0aae3f81e72bfe6c8affe3b8f7d4182
global_step=136560 | return=-9.43 | steps=130 | track=641fa1c74f214a3c8b83cea37fdc49c8
global_step=136672 | return=-121.67 | steps=247 | track=cb81201794510cfc2a18579265a53f9d
global_step=136800 | return=-43.80 | steps=95 | track=3492dfa825ee33dca1f68373ea1ca017
global_step=136872 | return=-11.58 | steps=61 | track=99d9e15c6b0206e042ebe2f80d5dae8e
global_step=137008 | return=-2.33 | steps=60 | track=450a66c6c7ef8f47e155d9b0cf4da6bb
global_step=137304 | return=-92.51 | steps=131 | track=a3aad1ebb4aafd3ded1bb7b6886998fb
global_step=137400 | return=-81.89 | steps=90 | track=3447d8d430233a80c4c92c481b52c23f
global_step=137616 | return=-96.29 | steps=131 | track=55d593960f46b2d78ac7c1f383db4ae2
global_step=137776 | return=-100.60 | steps=160 | track=8b73df28e808a4283896fc0f74e08ab2
global_step=137856 | return=-89.19 | steps=131 | track=8ad23169cfd7df5ebcbcb1728cd07faa
global_step=137904 | return=9.49 | steps=62 | track=cb068910c063ee683709dcba0ddd9e70
global_step=137920 | return=-91.76 | steps=130 | track=ba0369c0daae1cf19f41b5ecfd2cff18
global_step=138064 | return=-99.39 | steps=131 | track=d2b4dbc646076219570cdb9369e29c33
global_step=138072 | return=-69.91 | steps=227 | track=9dfded17196f2e27bd21a6965433eb2f
global_step=138360 | return=-103.41 | steps=131 | track=259abad94721be56d6c4e5e006b4c8e7
global_step=138408 | return=33.36 | steps=68 | track=e8c09f1d142292a207d6bd2cc7b28a98
global_step=138704 | return=-84.05 | steps=97 | track=7033bffa9dd1a4e80a08bb292fbc6944
global_step=138736 | return=-15.23 | steps=46 | track=4c918f28f763f5388c7d13f0f8a1e6c2
global_step=138832 | return=-91.41 | steps=131 | track=73760b6ce8eb1ff70513bb5cfd1b57cf
global_step=138952 | return=-90.26 | steps=130 | track=9036389d1b18e143ed73b79f51d87d14
global_step=139120 | return=-84.93 | steps=131 | track=0027ca5e61077faf30d47971ec5f53ea
global_step=139176 | return=-96.16 | steps=194 | track=a319b52d0824173212b09a7632308dab
global_step=139264, SPS=36
global_step=139456 | return=-73.31 | steps=89 | track=c9be5b9c8545852273dbe8b9ea973a7b
global_step=139464 | return=-94.01 | steps=131 | track=18a1990604ac2ef1b2f505be7424bb5a
global_step=139832 | return=-62.26 | steps=140 | track=75eadcb2ebee36eca3bac532842e439a
global_step=139888 | return=-91.97 | steps=131 | track=9e32c1b03ef51e78b015c68933c26728
global_step=140008 | return=-96.01 | steps=131 | track=09a61fcfe36337bb4e76dd699f15d3f3
global_step=140136 | return=-76.85 | steps=257 | track=8b2f51696b97a54fd8493d637216d630
global_step=140176 | return=-88.53 | steps=131 | track=c34b7e63b0a1abc4df99365dc2765143
global_step=140232 | return=-75.64 | steps=131 | track=3209c436d4849183dad52604e6d63bf3
global_step=140512 | return=-96.64 | steps=131 | track=4bf4ba00954e47bb8158cc2658a4afa0
global_step=140520 | return=-75.90 | steps=131 | track=cf3752b5e5f7020dfe3727b682511dfe
global_step=140560 | return=-32.91 | steps=47 | track=d7b5c59e1f0a16c57bdf1635c2dbb358
global_step=140888 | return=-88.94 | steps=131 | track=10648016bc3c797969ef0bbcf5ded841
global_step=140944 | return=-90.01 | steps=131 | track=662e47431d97d796334754aea1c70890
global_step=141064 | return=-94.09 | steps=131 | track=30b00d59c3b793fc2424a3a75c857b6a
global_step=141184 | return=-92.77 | steps=130 | track=5bab914e36a30dfe58fe202223552436
global_step=141288 | return=-83.80 | steps=131 | track=ade6b134f5ebaf68db838be5a9638eb3
global_step=141344 | return=25.55 | steps=103 | track=f0057cbcbeeaffdcaf2fd19d1b4d7406
global_step=141344 | return=-16.14 | steps=49 | track=25490d48ea7da076c8c2a78f6313b285
global_step=141416 | return=31.14 | steps=65 | track=c59bae9bfbece3dec64e5c58672e0a37
global_step=141568 | return=-91.74 | steps=130 | track=12be5d64a115d76522943463b0040cb4
global_step=141592 | return=19.61 | steps=65 | track=6f45840f028ac0369f584e3cab666a58
global_step=141616 | return=-81.61 | steps=131 | track=f014dccc64e1949061289bd709cc06c2
global_step=141688 | return=6.58 | steps=62 | track=de5ade84ed70dc24a5513c7cfe76bdc5
global_step=141952 | return=-32.53 | steps=41 | track=8b25ddc28871a521028f9713d24ec86d
global_step=142344 | return=-83.77 | steps=131 | track=bba64feb3762f075f0418d6df43079e8
global_step=142392 | return=-103.22 | steps=130 | track=891f8a809297d0fb29320b8b1f01168e
global_step=142392 | return=-88.56 | steps=130 | track=b8aa33a6cab151f3f8bea79bb124e338
global_step=142456 | return=-89.10 | steps=129 | track=0316fbca1f4eec14c10d140f1fcc8698
global_step=142472 | return=1.11 | steps=64 | track=32dd20851d5af813582aef1e456b1b73
global_step=142624 | return=-87.17 | steps=131 | track=e337e1de2a9781eb21247dfba518af33
global_step=142728 | return=-43.89 | steps=141 | track=8a6a9578557601212cac68f0e47b7648
global_step=142744 | return=-95.99 | steps=131 | track=eb1880258c367f62359b091d2ca60421
global_step=143016 | return=8.70 | steps=67 | track=6e97254ed6a2aedac6db2ca8b103ce4f
global_step=143112 | return=-57.72 | steps=95 | track=d227aa40e9b62edb51ddd352f9223784
global_step=143160 | return=68.76 | steps=66 | track=517a502556fff1f319035e3b448f4481
global_step=143448 | return=-79.38 | steps=131 | track=b4a5bcea5cf2c59ae79e8e5144da8d77
global_step=143448 | return=-91.10 | steps=131 | track=92497fd3a8ba3a84057b450abaab4274
global_step=143616 | return=-81.78 | steps=110 | track=c770b231a2fc18a81726ffcc04970d03
global_step=143728 | return=-105.10 | steps=88 | track=0c174ede90c8099801a365dc06605484
global_step=143784 | return=-93.95 | steps=129 | track=eb23d3fa926c7f091473224874ec779e
global_step=143976 | return=-46.52 | steps=44 | track=9f2d1259c98488f55a52b9e3ae1e5ff3
global_step=144072 | return=-32.38 | steps=42 | track=1605e41cc09fecb2eee797d2f4a456c1
global_step=144176 | return=-90.61 | steps=132 | track=344af609728518d53c93c7aa1ec8db4f
global_step=144216 | return=-99.60 | steps=131 | track=d4dd18f139e8c044721d94d5d82e3bba
global_step=144496 | return=-48.40 | steps=130 | track=bd028818189b3e62a44ba665034787a9
global_step=144504 | return=-88.53 | steps=131 | track=624c8f2be7a8ca0fac7b3101cebe26a6
global_step=144840 | return=-90.69 | steps=131 | track=39b8871b594b474eebc8a672b0d743fc
global_step=145128 | return=-82.98 | steps=131 | track=416016413e7a30e71ce377f459b55dd6
global_step=145216 | return=19.54 | steps=154 | track=cf0ccf4391e6cac588dbe87900119e0c
global_step=145232 | return=-97.69 | steps=131 | track=a34a2b1e6b2aa5603652fd8492500a80
global_step=145272 | return=-92.89 | steps=131 | track=26b07cc88cd24961f13a3384489d6cec
global_step=145296 | return=-58.67 | steps=98 | track=14fff44864b00b764aae6e7b1a8f350f
global_step=145328 | return=-114.10 | steps=358 | track=d607d9f9f09776aadce9cc919da3cd8e
global_step=145552 | return=-73.63 | steps=131 | track=870ba2a6c859b05742dcb369ed0416c2
global_step=145896 | return=-79.09 | steps=131 | track=9c40a81d9a9cca0117c375b52cfdb077
global_step=146032 | return=-24.62 | steps=99 | track=185f45488f7c481497ca723fe22c76ec
global_step=146168 | return=-79.99 | steps=108 | track=0e56faf057b4fdbea211acbc169ef0bf
global_step=146272 | return=-92.39 | steps=131 | track=d5af3a87b0642692da0f8c5590265a84
global_step=146320 | return=-104.11 | steps=123 | track=e493eaea7cf25fb6832fe59d29c699ec
global_step=146328 | return=-88.33 | steps=131 | track=0278d971d57e7d79fd21f3c49a5f5260
global_step=146608 | return=-101.59 | steps=131 | track=b6407ee34805882e50a0f7bc6f261400
global_step=146744 | return=-64.89 | steps=88 | track=b3c40796c027976b24637a9736bc11ee
global_step=146944 | return=-97.42 | steps=130 | track=0e06cc50b95e462013b510a59758906c
global_step=146992 | return=31.99 | steps=83 | track=4c97ee020fc075c7668ce214586f5875
global_step=147176 | return=-50.69 | steps=105 | track=a3921b60105eb7ee1ab55fcd2ba66824
global_step=147456, SPS=36
global_step=147656 | return=14.35 | steps=88 | track=19eef39ece26ea0b0d58a674efa9f386
global_step=147664 | return=-84.50 | steps=131 | track=ef9cdcd1cb61d5fcdf7d9357bab6334e
global_step=147920 | return=-15.27 | steps=146 | track=7a614145cede8523ef850c3a1a0a2c97
global_step=148048 | return=-81.00 | steps=131 | track=c02296b6953b63311c686928c8d939bc
global_step=148224 | return=-52.59 | steps=130 | track=3ab9589adc4e0940ade41711fb8c923e
global_step=148456 | return=-36.55 | steps=272 | track=aa6e3c971792615d9edb91f0fd8e1248
global_step=148672 | return=56.68 | steps=312 | track=c70de49a5ceec4809808a57e2f452de3
global_step=148976 | return=-87.05 | steps=131 | track=69883bc98fee6fb68f778edc5f498dc8
global_step=149016 | return=-2.73 | steps=168 | track=35a683c4bfdbd732230f004a5eee74b6
global_step=149104 | return=-92.27 | steps=131 | track=85e49cfb0e61f228ff7e0f9c4a73677b
global_step=149256 | return=-118.87 | steps=199 | track=d66099d77f02e2296002e07cc25572d0
global_step=149280 | return=-90.01 | steps=131 | track=5751234a8c8d86ff629fb398ca1450e4
global_step=149304 | return=-29.25 | steps=78 | track=6c0a25406b78a879fee42be0c58a0543
global_step=149792 | return=40.55 | steps=66 | track=7ef56f32bc864665eeee9d081ab3e38a
global_step=150160 | return=-98.75 | steps=131 | track=9196c4750f653ade11eded5f252ac03a
global_step=150184 | return=-18.33 | steps=145 | track=122e05542fecff1c319f298f82eb17c7
global_step=150216 | return=140.32 | steps=635 | track=9609131b08ec2c4b925291e5bd1b5564
global_step=150336 | return=-91.73 | steps=131 | track=ab759cc651a6930b3c1b6f67e8d9a98f
global_step=150352 | return=-98.16 | steps=236 | track=3bc63318f4485ba95a30d05d1693a2b0
global_step=150360 | return=-88.99 | steps=131 | track=07de490625771c0f8752808ced0171d5
global_step=150536 | return=-40.73 | steps=46 | track=27f25afdcaf9b9d7c9c5b4ac5b1619c3
global_step=150752 | return=-45.39 | steps=49 | track=d41772e01dd44fb48eefbede63416344
global_step=150848 | return=-88.16 | steps=131 | track=aad10fe256a0079c74a089b663472690
global_step=150976 | return=140.32 | steps=79 | track=b5132405f2771db7077b5e033478249a
global_step=151240 | return=-89.86 | steps=131 | track=3aede790e9ccad8411f88d75f52dc0eb
global_step=151264 | return=-55.70 | steps=130 | track=be113a2ca948d920c2c30e8044becb46
global_step=151408 | return=-47.00 | steps=130 | track=b5f3dc7b6abdea9f04c00b37992688bb
global_step=151488 | return=9.29 | steps=63 | track=49f2bde0433b0166ae5d9c5b1396aaea
global_step=151672 | return=-14.62 | steps=336 | track=a51ff49bf743b51be7cbc60dc3732270
global_step=151760 | return=-9.98 | steps=43 | track=fe4793e0db8ca84376a227ff95c5a4c6
global_step=151800 | return=-89.12 | steps=130 | track=91aa9ec60d4d92635346bca996155a05
global_step=151896 | return=-57.60 | steps=130 | track=f48cec3f6717088e496d08d2db4f10a5
global_step=151920 | return=4.13 | steps=172 | track=5d2029e56ad075cc79d4c8c2b41703d7
global_step=152024 | return=-45.91 | steps=94 | track=28604c26949e014b31796d0e0d863434
global_step=152288 | return=-90.68 | steps=130 | track=1160ff6e3b2d42b4df97dab4ff3bcb14
global_step=152304 | return=-26.48 | steps=47 | track=267956432b47903beab92367613dbe74
global_step=152400 | return=11.36 | steps=62 | track=72009d25f7f897b5fce0642e1c73d974
global_step=152552 | return=15.95 | steps=65 | track=19cb017919705f04c7f1702d3ec5a20f
global_step=152816 | return=-99.19 | steps=131 | track=ce2418824b4da1285fb4b3c40a4773ab
global_step=152856 | return=-93.81 | steps=131 | track=394e02ce3728f961c88d2ada75086f6c
global_step=152920 | return=4.55 | steps=45 | track=78c6ed556be39fb6f58a710da98fcc91
global_step=153192 | return=-29.23 | steps=189 | track=9a83998b6468700d7130ad6ceae3c541
global_step=153344 | return=-100.53 | steps=131 | track=63659e853349c90f0f1b8d2d55526bf7
global_step=153360 | return=-86.16 | steps=131 | track=1cf4dbfa34e9cabbdc7b8344d87aed2b
global_step=153400 | return=34.76 | steps=59 | track=2d817eca28fb979090b91c8ca44969e3
global_step=153456 | return=-88.75 | steps=131 | track=81f746501064faddd179a5174adf348a
global_step=153816 | return=-30.86 | steps=58 | track=e3029b342282dbfcb005d0a737a5acdb
global_step=153872 | return=-88.91 | steps=131 | track=deba223d839562f7d89b9082fc2f595b
global_step=153912 | return=-80.25 | steps=131 | track=793af90855b452852fb1e3ff3aaf5405
global_step=153912 | return=53.57 | steps=89 | track=19ba5a1551a14159d25d9301105b5e44
global_step=154136 | return=-36.03 | steps=330 | track=1469300290a0680cf43654bec224cf44
global_step=154416 | return=-86.71 | steps=131 | track=045b139cce513933c2dd515221e0ff04
global_step=154456 | return=-78.45 | steps=131 | track=4e0af18c47ac1d547dd68ccb2ca2f21c
global_step=154512 | return=-79.16 | steps=131 | track=b0e76a05400b4b2dc8204f69aa8c782f
global_step=154536 | return=-9.20 | steps=49 | track=0e7a113f2355739c792ebcf3db4d380c
global_step=154928 | return=-82.81 | steps=131 | track=fb1310cad447d415b2795192a2638457
global_step=154968 | return=-83.49 | steps=131 | track=3d227addc0403933a5034f15ab2b3cb4
global_step=155128 | return=-28.59 | steps=163 | track=514e36b34824688feaa9b555192fba17
global_step=155328 | return=-3.94 | steps=176 | track=0d19e7a4f82b24b5b2c7b2ed4d7f3069
global_step=155360 | return=-35.31 | steps=48 | track=8c71119b623a577a6b9ca563313ae7fe
global_step=155504 | return=-41.71 | steps=46 | track=773e3ab6b9209f516b9aaf1e87857197
global_step=155512 | return=-97.47 | steps=131 | track=9000b6bd7f309b50c5042aac83c69729
global_step=155584 | return=-53.80 | steps=130 | track=3fa0756aa3f6c4bf8140f73685594d62
global_step=155648, SPS=36
global_step=155816 | return=-72.21 | steps=174 | track=7735049b71fed08348ec90a81091fb03
global_step=155856 | return=34.98 | steps=65 | track=01916875efe0b6a204ad86a6eee95732
global_step=155856 | return=3.13 | steps=115 | track=c6f59256fc4c2b5f7abd4d3034907a05
global_step=156136 | return=0.05 | steps=77 | track=036022027453025f4f5e88f9a9f9707f
global_step=156360 | return=5.67 | steps=62 | track=dd715f909737eeb0cac6dfd6fc055a0f
global_step=156360 | return=-68.84 | steps=106 | track=6e425f8da3e440caf9c9ffdd5d46db6d
global_step=156368 | return=36.33 | steps=68 | track=9f594fac8bd44996441fdeea47d574f6
global_step=156416 | return=-87.27 | steps=131 | track=e54abdc2c9214849fcd3d5c7d299f2ac
global_step=156472 | return=-128.36 | steps=244 | track=0bc2446098e964546263e06fffb1583c
global_step=156624 | return=-62.62 | steps=129 | track=7f46419e1920623a8925495c347ce98e
global_step=156912 | return=-84.52 | steps=131 | track=c5e806d04459daf9f19857ce41431e67
global_step=157048 | return=26.05 | steps=78 | track=f1181bf5d121ff7294a3275ce9c0b332
global_step=157160 | return=0.69 | steps=66 | track=36f2cd1c934f32387e9276aef91a8786
global_step=157184 | return=-100.42 | steps=130 | track=d9a5ce2734cfa907e35f7a8ca6496cb5
