/home/UFAD/tcuevasmestanza/.conda/envs/racing/lib/python3.12/site-packages/tyro/_parsers.py:353: UserWarning: The field `track-seed` is annotated with type `<class 'int'>`, but the default value `None` has type `<class 'NoneType'>`. We'll try to handle this gracefully, but it may cause unexpected behavior.
  warnings.warn(message)
/home/UFAD/tcuevasmestanza/.conda/envs/racing/lib/python3.12/site-packages/tyro/_parsers.py:353: UserWarning: The field `wandb-entity` is annotated with type `<class 'str'>`, but the default value `None` has type `<class 'NoneType'>`. We'll try to handle this gracefully, but it may cause unexpected behavior.
  warnings.warn(message)
/home/UFAD/tcuevasmestanza/.conda/envs/racing/lib/python3.12/site-packages/tyro/_parsers.py:353: UserWarning: The field `target-kl` is annotated with type `<class 'float'>`, but the default value `None` has type `<class 'NoneType'>`. We'll try to handle this gracefully, but it may cause unexpected behavior.
  warnings.warn(message)
/home/UFAD/tcuevasmestanza/.conda/envs/racing/lib/python3.12/site-packages/tyro/_parsers.py:353: UserWarning: The field `resume-path` is annotated with type `<class 'str'>`, but the default value `None` has type `<class 'NoneType'>`. We'll try to handle this gracefully, but it may cause unexpected behavior.
  warnings.warn(message)
Experiment info saved → runs/adaptive_fps_track_aware_lstm/CarRacing_VarFramerate_WO_Time_Pen_fc_2.2_bud_180_04-08-14-42-03/info_settings.txt
Device: cpu
Navigation model path: experiments/navigation/CarRacing-v3__train__1__1785768450/final.pt
Env: CarRacing_VarFramerate_WO_Time_Pen  Wrapper: AdaptiveFPS_TrackAware_Wrapper
Navigation Model loaded on cpu
Navigation Model loaded on cpu
Navigation Model loaded on cpu
Navigation Model loaded on cpu
Navigation Model loaded on cpu
Navigation Model loaded on cpu
Navigation Model loaded on cpu
Navigation Model loaded on cpu
Navigation Model loaded on cpu
global_step=520 | return=-5.36 | steps=65 | track=3ace1da45bbc32630d15ae8efd7b838f
global_step=528 | return=47.60 | steps=66 | track=b99ca100847b21997ca2943c124f4723
global_step=584 | return=44.94 | steps=73 | track=9449881cc81a67a3c32ec360b7ef335b
global_step=744 | return=43.12 | steps=93 | track=097aefed7fcd6cdaf04e3870860bd555
global_step=776 | return=-75.17 | steps=97 | track=cb25c819f5dd000d575d6ea0b7780c14
global_step=1032 | return=1.93 | steps=63 | track=80a6336cd00142fe66096d00ab1d113b
global_step=1040 | return=-102.20 | steps=130 | track=d2f5d33c8580042d028bd75e1f64c8a1
global_step=1048 | return=-90.46 | steps=131 | track=6e6f15df4ee2d9ccd2946c7b91cbf732
global_step=1056 | return=-103.11 | steps=132 | track=b8128a549d78289041634831db76f3ef
global_step=1504 | return=-77.79 | steps=94 | track=db9ad677dade1180a182eb441c3e7e75
global_step=1688 | return=-55.21 | steps=113 | track=10039c215cc5528f2983c00b5d72c3ae
global_step=1776 | return=-86.23 | steps=148 | track=a877496986a838e7490f860b4dff485e
global_step=2104 | return=-99.02 | steps=131 | track=fa9e6a1120950cdc575c3a91054d715c
global_step=2256 | return=-54.43 | steps=215 | track=9a5fe955f8e04fa7bda008181363117b
global_step=2544 | return=14.94 | steps=95 | track=1ac0ec23d7e4a1ca610677e6f26df459
global_step=2560 | return=-92.69 | steps=131 | track=9602011722067d3e63c283ee1a1cd325
global_step=2744 | return=-88.02 | steps=131 | track=769b90e4022ef6897548d3a5be282fd3
global_step=2912 | return=-121.63 | steps=234 | track=17a5395021cf709833b7a0d31271ef00
global_step=3160 | return=0.42 | steps=112 | track=f980d9c716d01eb863e99aa537631b49
global_step=3160 | return=-92.88 | steps=131 | track=540b8f63a379710be11472e92466b8b7
global_step=3184 | return=27.92 | steps=77 | track=9a6ae2ff4c097cba91a7450af6852b46
global_step=3600 | return=-99.48 | steps=131 | track=5cefeff2cad4fb0c4d25e06d1e3c486c
global_step=3800 | return=-108.09 | steps=131 | track=9ff9f8de4710d61ab83d13cc9931e667
global_step=3968 | return=-102.91 | steps=131 | track=53b12b28ecf09442ff6b26944471ba15
global_step=4208 | return=-103.75 | steps=130 | track=9fa77aafcd23f64e58d34b8b1cc11e36
global_step=4216 | return=-104.84 | steps=131 | track=071af1b7ed35fc7d4bb938625557ce2f
global_step=4240 | return=-116.11 | steps=131 | track=e76ea676a60df397f139df5a190aaec7
global_step=4248 | return=-52.51 | steps=400 | track=c3dcf05362b39a1bc3a908df4b28f5d6
global_step=4376 | return=-74.10 | steps=96 | track=e7d502878d727e475e07c124d5976c83
global_step=4464 | return=-149.72 | steps=425 | track=e55bbba5ae41edd6462854b140408902
global_step=4776 | return=35.24 | steps=65 | track=70abf8649e011ba5c19d28c206b35542
global_step=4824 | return=-11.19 | steps=44 | track=7f363de58b5257136a860cde43805c08
global_step=4848 | return=-82.38 | steps=130 | track=5b7f3346ff5b486614082e7d72ebb8b6
global_step=5024 | return=-90.96 | steps=131 | track=f302f4310a22a18ecc20a77a1ce7ffd1
global_step=5224 | return=-102.35 | steps=122 | track=e2fb8eb1fa490fb1c195a316e9798597
global_step=5248 | return=-37.17 | steps=58 | track=b7a5871a185869f11fae6ede793e86c0
global_step=5272 | return=-94.74 | steps=131 | track=a44ad099b75e6a512d53792f2c9c73d6
global_step=5528 | return=56.76 | steps=84 | track=92e67b01a51b274f4dee278c1c581231
global_step=5592 | return=-12.44 | steps=151 | track=8e4617441166734f1d31dda538d98948
global_step=5792 | return=70.27 | steps=67 | track=9a88c72a1da1f9f20e5e624f6ae451a2
global_step=5880 | return=-96.04 | steps=131 | track=c15e1699f164571424dee1acd02fadbc
global_step=6072 | return=-112.35 | steps=130 | track=19879f461fda2ed23628749be85f8ede
global_step=6080 | return=111.40 | steps=233 | track=bd791b981ce80a4c98bad15a9eee5abe
global_step=6288 | return=-86.81 | steps=132 | track=96a9bb33f9d220422b1958d1b7c0f0b0
global_step=6328 | return=-101.72 | steps=131 | track=e61a72737bb1f83f110bcdb546ec71cd
global_step=6576 | return=-94.88 | steps=130 | track=51d91e10a32e5d1339c9ced469a4ef99
global_step=6720 | return=-107.65 | steps=140 | track=d20672e0708d357f678aaf3dec09eb7c
global_step=6848 | return=-94.73 | steps=131 | track=51e8ceeac7c942f2f0a5be57b7baec94
global_step=6936 | return=-62.88 | steps=131 | track=59e94c823cd11a90359aaa5747a5e9cc
global_step=7176 | return=-77.97 | steps=136 | track=abca9f4aa9c62995538c11db511faae5
global_step=7336 | return=-103.20 | steps=130 | track=24c5a11076ff0f26815e651ab4fc8822
global_step=7376 | return=-92.02 | steps=130 | track=7209c31578de8d22a2ecfcd4ba505897
global_step=7520 | return=-22.35 | steps=83 | track=6fbabac505048a4f02c5e615bdc8a94e
global_step=7632 | return=-92.97 | steps=131 | track=d87a4476e76d2cbd9844a3815abd2c41
global_step=7768 | return=-54.31 | steps=130 | track=8bb771bae3eea7f2e882f6af7ef451f0
global_step=7888 | return=-68.68 | steps=88 | track=4595891b42011d05e175882dcd58b4d9
global_step=7928 | return=8.94 | steps=68 | track=bc26bf11e37186458469f9135ee222f1
global_step=7976 | return=-59.57 | steps=237 | track=344561675ac5dbc805dbc1f20ce3d7e3
global_step=7992 | return=-78.20 | steps=131 | track=17ea6da81a6bd358db97d96c4cb08f63
global_step=8192, SPS=44
global_step=8688 | return=-89.95 | steps=131 | track=a704f8aa2029d2281dd7c11dcb81257a
global_step=8824 | return=-98.51 | steps=131 | track=9ec262af3c6a63ceccb2d10351844b45
global_step=8936 | return=-125.92 | steps=199 | track=3c8ab9a58efaa99c789d4da3840ef695
global_step=8952 | return=-100.50 | steps=178 | track=3b6670f7a0e1bde8e4d8c15a1ee66059
global_step=9032 | return=-95.46 | steps=131 | track=3fe8aed7a99611a7f31098daf6c082dc
global_step=9048 | return=-100.43 | steps=131 | track=c71397d3d49a236119930879ac6d5899
global_step=9088 | return=-32.06 | steps=144 | track=42b9cf2050e881d6e4c4b946c2fe9703
global_step=9312 | return=-92.26 | steps=177 | track=ad122ea055f3a6d208de6399e0106e39
global_step=9872 | return=-97.52 | steps=130 | track=eeb38e60a5a79399477d5571b2793408
global_step=9952 | return=-26.69 | steps=157 | track=0a269c97dcc6793f76b87d17b5632261
global_step=9992 | return=-88.02 | steps=131 | track=a4ddb60de4804f7e001c87856cd42e6b
global_step=10008 | return=-100.37 | steps=131 | track=5ad6c397ff4ab5a44c600acb54f259a6
global_step=10432 | return=-96.49 | steps=174 | track=c2985072413a88c8fe1374260b5eb257
global_step=10448 | return=6.21 | steps=61 | track=454a5846b7b4723ed6dd875b80321b76
global_step=10936 | return=-88.73 | steps=132 | track=ad1e1b0e238e4e3fcbafb8f794ee0b3e
global_step=10944 | return=-46.78 | steps=61 | track=5b902b0d3f11a13bfa5b0c529f6d5fd6
global_step=10960 | return=35.72 | steps=65 | track=03eb051260d55e9f68e997f0fbf1f033
global_step=10968 | return=-21.58 | steps=206 | track=023797d9df31722c06229e9282f8783f
global_step=11048 | return=-86.53 | steps=131 | track=6a3155ef62a50938634c2d37fd448e7b
global_step=11064 | return=-91.40 | steps=131 | track=ab9c94c489ef7ff31e396daab0060b46
global_step=11296 | return=-60.10 | steps=40 | track=4a9494be1a1c446e9cc4289180d94ba0
global_step=11440 | return=0.43 | steps=46 | track=82951d4f482292b4b37827dfd3ef27ed
global_step=11496 | return=23.97 | steps=66 | track=ceb18523dcee54f6ebc5db6a25149241
global_step=11672 | return=6.83 | steps=90 | track=c49d26b8dcf0ab324dbebf054fa752f2
global_step=11984 | return=-71.43 | steps=130 | track=97db6b54117d4afc1a0ca71f318adf99
global_step=12040 | return=-116.36 | steps=373 | track=703c55cd53c74e006cef99cefd285326
global_step=12104 | return=-102.99 | steps=131 | track=f82f5c9cd717b435d98d2492cc04e57c
global_step=12352 | return=-96.99 | steps=131 | track=b2724f742ba3d47e8c8f2ce73a577632
global_step=12496 | return=-96.71 | steps=131 | track=a53f146ab9e39317cc2f3e8a36c5363c
global_step=12552 | return=-96.03 | steps=131 | track=1a7b725bf295c3267340fe72c2882884
global_step=12624 | return=-0.84 | steps=441 | track=e3411f8b6c3bb87b4a8c6364a1fa2835
global_step=12728 | return=-94.86 | steps=131 | track=29ac8437ab03792a783ebf35476692c2
global_step=12752 | return=-7.71 | steps=88 | track=3a634388bb2e21f10770a8206f89a1be
global_step=12952 | return=-94.84 | steps=105 | track=cc38ddebe4ac862e1c11f25720d95bfb
global_step=13032 | return=-94.38 | steps=130 | track=9473759106a9c5e997f11a0244e0bbbd
global_step=13288 | return=25.04 | steps=66 | track=1c1c1ae008ddd03a57386633f0a47c6e
global_step=13408 | return=-98.24 | steps=131 | track=50aba21b3c1b89553824ee0cb9607747
global_step=13440 | return=-124.20 | steps=88 | track=e80b0ee987d83488bdc9d82fcb6cdc3f
global_step=13552 | return=-99.91 | steps=131 | track=d977789d4dd646ec840cd0f0ae9deaaa
global_step=13608 | return=-89.66 | steps=131 | track=e5feebd447f4e3d8b4accb4dc8902696
global_step=13672 | return=-117.14 | steps=130 | track=3c71ffa065e77cf86fd39e9b8f1e5fb1
global_step=13928 | return=-34.54 | steps=39 | track=602d6bc74db3003f17643c0be96c165f
global_step=14008 | return=-91.40 | steps=131 | track=9a774fc3d56cb3514bdd7d04525a49a1
global_step=14088 | return=-90.22 | steps=131 | track=58fab2f39eed9fbde2f811d6531ef3f1
global_step=14344 | return=-96.48 | steps=131 | track=2e59a0cf5e35b936196fbff562e0e583
global_step=14456 | return=-53.41 | steps=130 | track=8bd35ce2c57179d46acc0eed2dfb9c79
global_step=14496 | return=-89.66 | steps=131 | track=d22b5139e9fc642627d2e0cc3313c5d4
global_step=14496 | return=-39.84 | steps=60 | track=88ff86383b044b29ec7ba5140ed10815
global_step=14608 | return=-84.77 | steps=131 | track=0b81b6fcbe5f85b4afd6ec3f1c1d96fc
global_step=14728 | return=-103.75 | steps=131 | track=7c90443d7be79abd92a2a6658cc1f8de
global_step=14816 | return=-54.36 | steps=44 | track=3e0770131c463dc4e540c8405034629a
global_step=14976 | return=-106.51 | steps=130 | track=5a66eed3526054d25a1136567cecc91e
global_step=15008 | return=29.18 | steps=63 | track=c4d76d34735b1dd00ba09d00a2357fbe
global_step=15136 | return=2.93 | steps=65 | track=0509f454922accd4d76d37fe9bf1989c
global_step=15152 | return=-9.81 | steps=132 | track=b5497c8b873b6d1fbd8cd16e67a0a98e
global_step=15392 | return=-119.43 | steps=130 | track=2c4b80a81b7229873118edcb8cf88bfe
global_step=15552 | return=-91.37 | steps=131 | track=6bf76ca936b36a47313d4a3d147f1109
global_step=15560 | return=41.74 | steps=68 | track=8e8031a75db1d1bad967b12c328ef565
global_step=15720 | return=-79.15 | steps=92 | track=f923869973eb137d0b90e0e545039bb8
global_step=15784 | return=-91.21 | steps=131 | track=96e47dcb31dc92e355d431ddfb833e71
global_step=15848 | return=-1.55 | steps=128 | track=6be2b75d2d04f7213388e9f048e166d7
global_step=15880 | return=-79.75 | steps=92 | track=15918d27a1752d9f073cfc5796b1a72c
global_step=16144 | return=-102.65 | steps=123 | track=678b7e75f012de033fdab71f1e5bd7bf
global_step=16384, SPS=44
global_step=16432 | return=-122.00 | steps=88 | track=95bc564bd112b24197252d981f5b26e3
global_step=16448 | return=-110.80 | steps=131 | track=51e73c49390b908b6da5cdae4ddca300
global_step=16616 | return=-87.67 | steps=131 | track=476fde953c437ebc260383386de62cff
global_step=16768 | return=-63.39 | steps=151 | track=d13365cb79137f5033bfcf255946d86a
global_step=16832 | return=-92.71 | steps=130 | track=adc11c9b07ea7d27ed401210c41fcb0e
global_step=16904 | return=-87.05 | steps=131 | track=092728600a98d44dfd6dd40c598b2f88
global_step=16936 | return=-107.09 | steps=131 | track=474d949b608505c7f2504d1e9a569c06
global_step=17200 | return=-97.33 | steps=131 | track=0128974db86272be5a58b851d29aadbb
global_step=17488 | return=-89.01 | steps=131 | track=15939c2f6a63f794c42305789b06ba7c
global_step=17504 | return=-103.75 | steps=131 | track=1e58019d35e82e8ec068295ee9ce8219
global_step=17728 | return=-40.48 | steps=138 | track=76c2e2e5deb098f5c2887991a9428f9e
global_step=17800 | return=-75.28 | steps=74 | track=cef047b57690f364dcfa2041d4b6c67b
global_step=17824 | return=-108.12 | steps=131 | track=4d662fa8408c760f7a591ba2316261ab
global_step=17960 | return=-85.93 | steps=131 | track=111584005544d9e9b0fdbd513d621ad3
global_step=17992 | return=-59.47 | steps=62 | track=705b485f3e22ad6abf6a529096743ca1
global_step=17992 | return=-95.51 | steps=131 | track=25e6221c90d18e76b8c96ed9395a8019
global_step=18032 | return=-79.30 | steps=149 | track=ae597a591a5b5f0c92e6deb661692158
global_step=18232 | return=3.27 | steps=62 | track=39289a3a25c6af46452d5597e7581404
global_step=18320 | return=23.45 | steps=64 | track=98780ec8ffea4bfb7e4fd0309d959c44
global_step=18560 | return=-105.01 | steps=131 | track=13f5bb833d4f43312cf67949fbc7e629
global_step=18584 | return=55.96 | steps=73 | track=61b0910a17fcfc4509f94e87d3cab529
global_step=18800 | return=-50.39 | steps=104 | track=aa338db56bd47605d6b02f0c3cee3189
global_step=19040 | return=-49.48 | steps=130 | track=91dc2b9cc0ccf2cb29a1e112d247bcad
global_step=19088 | return=-99.13 | steps=131 | track=4840ea48a367664fa1fbd587ad39eb0d
global_step=19296 | return=-126.99 | steps=132 | track=04b4131ae7c8d20577f0c43e55527a45
global_step=19376 | return=-80.00 | steps=131 | track=a5ce419e845d399cbf5d36e8a499927c
global_step=19384 | return=-68.95 | steps=102 | track=01a9f7671fe762b2552832ce77ea6d14
global_step=19640 | return=-84.11 | steps=131 | track=be054e904c1004add660e02bd1c51335
global_step=19760 | return=-33.29 | steps=89 | track=545701523073162847467204aa2c9007
global_step=19824 | return=44.36 | steps=65 | track=dfe16b638bb8b0f76d22fa2d0fc7fe49
global_step=19856 | return=-106.80 | steps=131 | track=438e0d6675c2887dbffcd48a466211d3
global_step=19920 | return=40.49 | steps=261 | track=b3127be70422eb69a2a42d156dc0f4bf
global_step=20144 | return=-103.28 | steps=131 | track=3d8ca8c43d05c3d995947c0996fa712d
global_step=20424 | return=-102.98 | steps=130 | track=9532e110c8148a876b222f8f6918d69d
global_step=20432 | return=-90.18 | steps=130 | track=df465e9185f3404b5c0882ccfb29f9ae
global_step=20680 | return=68.36 | steps=66 | track=0584ecb0cf87089a03ad433b75d1d3c8
global_step=20696 | return=-79.03 | steps=131 | track=85632c40b3ee566e37c8b8c7e63ac407
global_step=20880 | return=-92.76 | steps=131 | track=7a38d54c442ace8bfc84fb173324426a
global_step=20912 | return=-109.24 | steps=131 | track=b80b21d7f51e0b571cd7ab275b01d816
global_step=20944 | return=-16.14 | steps=147 | track=f9b8e781f0eb1014fc8e4b15282660ee
global_step=20968 | return=-57.59 | steps=130 | track=c4bcca75ba045d81aa9da0f80443b151
global_step=21288 | return=-53.49 | steps=106 | track=9632c069da24615536b878437f494dce
global_step=21712 | return=-39.06 | steps=92 | track=3f282ecb8f748e5b950cae5272212176
global_step=21720 | return=-70.73 | steps=127 | track=e97c9986615af61d48420189cbef8462
global_step=21744 | return=-40.57 | steps=164 | track=d6d657096a2241c3800fa9050825dd25
global_step=21752 | return=-88.58 | steps=100 | track=834863238e13d617b695df6bce56e2be
global_step=21776 | return=-56.40 | steps=136 | track=274d1db9eb6dd339067f72cebe538277
global_step=21936 | return=-90.33 | steps=131 | track=17e7caae10e961ee16489ab4cec28888
global_step=21968 | return=-104.64 | steps=131 | track=9e8690b81fb0ae9450773ef40530ac9d
global_step=22064 | return=-50.99 | steps=39 | track=e8335db6ac26dd2b19ab8fdb78f7f59f
global_step=22320 | return=14.35 | steps=75 | track=71e569a32012c9b8caa4f1871c80f0a0
global_step=22344 | return=63.42 | steps=70 | track=aa06d72688a6ace105d9e84b0b661af4
global_step=22344 | return=-100.01 | steps=131 | track=7cbca0de724944e5ea5eea81f5cf70a4
global_step=22720 | return=-52.06 | steps=46 | track=ebddb8176ccbf6d8fc648de4977f7cda
global_step=22752 | return=-71.62 | steps=101 | track=894e03e306007a3de0f2debbc81c78e7
global_step=22776 | return=-116.31 | steps=131 | track=c5b8c6e45a57ca78393505ad2b42020c
global_step=22912 | return=42.37 | steps=73 | track=987e79a4cca7acfafedf154f93d36a9e
global_step=23024 | return=-96.58 | steps=131 | track=695eb5f07bc98fb746776ee13d692d02
global_step=23120 | return=-89.71 | steps=131 | track=109b86c1bc5b925b583381c69d4648dc
global_step=23352 | return=26.43 | steps=71 | track=603e15b53052b907c9235f735ed442fb
global_step=23456 | return=2.76 | steps=67 | track=8400f6f0a7d4fa8c1dc9bdd7927613a3
global_step=23464 | return=-89.77 | steps=139 | track=6d41418dd1064a5b51bfc4cbe135105f
global_step=23600 | return=-100.49 | steps=230 | track=94279d8bd51472a09e118c55361d4424
global_step=23776 | return=-90.71 | steps=131 | track=cfccacc32cdee7987902fe3c2ef90072
global_step=23808 | return=-94.89 | steps=131 | track=8fc1961756f0d0629236b953d06d457d
global_step=23848 | return=10.91 | steps=61 | track=1f03633557a4347630b95507794ee3f8
global_step=24080 | return=-93.83 | steps=131 | track=717d246283a67802ee717d15716f515c
global_step=24152 | return=47.67 | steps=68 | track=45a23034cf0edb7882a98a942e08eb51
global_step=24176 | return=-86.81 | steps=131 | track=34e6c0f9bba7bdf696ddef88cb142e89
global_step=24296 | return=29.26 | steps=64 | track=55b981a4d1fb8a7fed8dce1b18e4d1c4
global_step=24408 | return=34.92 | steps=74 | track=beb6f380c7191143214eac218d1f5d8e
global_step=24520 | return=-90.08 | steps=131 | track=e3d256ddc785e9dcf51ef054916db420
global_step=24576, SPS=44
global_step=24664 | return=-78.49 | steps=150 | track=88c7485cbdccf8057d241e516c56997f
global_step=24776 | return=2.93 | steps=45 | track=f40bcbc841906c311f27977d80c5ce0a
global_step=25136 | return=-70.13 | steps=131 | track=36070fecc9d815c27c51395318abb65f
global_step=25208 | return=-118.03 | steps=131 | track=f741aaba6fd19edceb1b089ce8cd905e
global_step=25232 | return=-115.91 | steps=131 | track=6086939cf1ca3b2ea07eb2cfc102c6be
global_step=25352 | return=-97.12 | steps=131 | track=2594a95badefca9ed8b78d689da0625b
global_step=25488 | return=21.22 | steps=120 | track=e74e48cb842555df2eb672516e8c3e30
global_step=25648 | return=-24.64 | steps=224 | track=c68177e0906535ee7a56053d07fc7393
global_step=25720 | return=-103.66 | steps=131 | track=437d23df94de68f7e0e7eac5db878fe0
global_step=25744 | return=-27.36 | steps=48 | track=f6cf5d7e87068de4e5601752ec6bdcc3
global_step=26272 | return=-90.71 | steps=132 | track=d2892d04bf63e7d7e93898f63057f457
global_step=26280 | return=-71.01 | steps=130 | track=103f4e40fa0d47554dcd91e12c8c9374
global_step=26392 | return=12.28 | steps=156 | track=fcdb8570bda47665cca116eb32acf6fd
global_step=26536 | return=-59.67 | steps=130 | track=32a81d8ceca14b8681e7355272d7b642
global_step=26704 | return=-101.30 | steps=131 | track=e709ef128a298d7058b0f23570b790c4
global_step=26736 | return=-11.30 | steps=123 | track=c8615dc8cfd67d71b84a85366376357d
global_step=26872 | return=-57.34 | steps=41 | track=4fd2d05f91acc858607aaf23a0796fe4
global_step=26904 | return=6.43 | steps=63 | track=e53aa3ee22b899f4f367336ea1adae55
global_step=26904 | return=-92.16 | steps=147 | track=95ca0f37e68566a7ac2d2ab9faca3e70
global_step=27352 | return=-111.01 | steps=133 | track=9a27f923f60cf4046629798e23be0c33
global_step=27440 | return=31.76 | steps=70 | track=53540c925bfc1901a9a6ab7b3f482416
global_step=27440 | return=-74.93 | steps=145 | track=b294a1288321d2262eb82bada3f70803
global_step=27744 | return=-43.19 | steps=104 | track=87458997310d57d1cd74a70373739134
global_step=27760 | return=-105.86 | steps=131 | track=c69a34061da04971e9e6af6fa0505832
global_step=27792 | return=-95.30 | steps=131 | track=596564109c622bc4ee285d2d5fa0c200
global_step=27872 | return=-50.98 | steps=53 | track=33a7989b037f457bc2e59864c0b1df03
global_step=27960 | return=-100.23 | steps=131 | track=f24319ee1d5f250e5fdf63b3c27ff203
global_step=28408 | return=-111.76 | steps=131 | track=069f3bd62ce2363c7a965694cc817e1f
global_step=28808 | return=81.67 | steps=132 | track=977d2a7f178ec1b6c975ad91d1982182
global_step=28816 | return=-107.51 | steps=131 | track=ffd999ce1e5a6abb97e7c52bdf17ebe4
global_step=28848 | return=-94.70 | steps=131 | track=9db8d0ad21a6c3bf475bf1d81b734d09
global_step=28928 | return=-94.86 | steps=131 | track=9d14b5c41acb78e15f068a7084a842df
global_step=29016 | return=-103.90 | steps=131 | track=7e6251756110e1b524b2f5b5ed0fadd0
global_step=29224 | return=-71.82 | steps=101 | track=2db16b0cffa92848025beb14e1a4fca4
global_step=29376 | return=29.77 | steps=65 | track=2aaef6d41b8c4b72e8c7494622d88139
global_step=29440 | return=27.05 | steps=78 | track=1d78d377cd86fc02bb666a285e01b4fc
global_step=29608 | return=103.00 | steps=270 | track=750c3cca4eab8885ad7e88103b58a199
global_step=29872 | return=-89.66 | steps=131 | track=6c36cc0458f8d69df8cd6a5d6430a44e
global_step=29904 | return=-28.46 | steps=84 | track=76001ea2bf4bff623feab6b00270b6b6
global_step=29912 | return=38.31 | steps=66 | track=d2c7ec08eaca70e4683ddfd1e993b4d5
global_step=30008 | return=53.11 | steps=70 | track=352990c9d555adcb6f7b26d06b396266
global_step=30072 | return=-89.31 | steps=131 | track=b4850a8939daed44761fe07cb8bbfd62
global_step=30664 | return=-86.17 | steps=131 | track=be042e68f3bdccdf4b30531921636914
global_step=30712 | return=57.47 | steps=741 | track=8da049c5e0c851b6dfcc9dd81a7bb50f
global_step=30968 | return=-105.69 | steps=131 | track=9d90d917df622f496e8978acbba62448
global_step=31008 | return=-65.51 | steps=137 | track=043ec9f4718cc631a296ff00716050d4
global_step=31112 | return=-85.56 | steps=129 | track=ca9b4f5972d58d4bc29192b8dc8c97a0
global_step=31248 | return=169.56 | steps=171 | track=67b486ffd07ab49f7604f9edc716df9f
global_step=31296 | return=-68.61 | steps=72 | track=b2bd42d4f8f9db7fcc7ecd8efa46b1c5
global_step=31592 | return=-54.35 | steps=197 | track=afe5413b3e68b08f80f8461421871e67
global_step=31608 | return=-45.53 | steps=44 | track=2418d6a9847fcc4173891a06eebbac76
global_step=31704 | return=-42.34 | steps=73 | track=f743c60a00be1c98902ca5f5e1391104
global_step=31720 | return=-105.19 | steps=131 | track=01f77b4ea9509e4782c64646b675f7df
global_step=32056 | return=-0.18 | steps=390 | track=18689caa3b1e15ee32acc8bf8a2cd2cf
global_step=32064 | return=-95.80 | steps=131 | track=9803c1a17c20c6de751ddd206e1178bc
global_step=32256 | return=37.13 | steps=119 | track=af75f51b4b1b2faf083e669023682de5
global_step=32448 | return=-50.22 | steps=184 | track=d1b8cc2215fdc03db4f161bca070518d
global_step=32592 | return=-49.64 | steps=108 | track=a2a940c858d76113011910daad494155
global_step=32640 | return=-104.87 | steps=130 | track=373e9c03ee0e73c03496406d3afe49e9
global_step=32768, SPS=44
global_step=33120 | return=-86.81 | steps=131 | track=d9165edad5b5357d4242e38508b0a644
global_step=33144 | return=158.21 | steps=135 | track=50bc5302a2b341e6e48e8f3c586eaeae
global_step=33312 | return=-102.85 | steps=131 | track=81b64e55055cfdc7ffbba6de33971d02
global_step=33472 | return=31.53 | steps=232 | track=b268a5130db288b14b73abc4b8f3a934
global_step=33512 | return=-115.60 | steps=132 | track=b57aca4522f143409bdfb9096e4c817c
global_step=33624 | return=-49.29 | steps=122 | track=9a4c387f920a3d340f829da1da47956b
global_step=33648 | return=-91.63 | steps=131 | track=d1529b76ee216d768d209d8a945f61e7
global_step=33768 | return=-0.73 | steps=80 | track=0825955877631fccff3e162bdaf5d647
global_step=33784 | return=-114.25 | steps=259 | track=a0d6db732f0be7977d90e0deaf4c13b5
global_step=33856 | return=60.69 | steps=88 | track=1554e9ca3ac61db566d78ea9a59642e0
global_step=33992 | return=32.35 | steps=84 | track=d5bc59de51337c8bbfd7704e8b9edac8
global_step=34528 | return=-87.24 | steps=131 | track=b27fc3e20b2ee2d1a65425d61efd986f
global_step=34680 | return=28.13 | steps=113 | track=442fc11a6a0ed8d359de6d235f413ebf
global_step=34680 | return=-94.11 | steps=131 | track=091507d21493a3072ad522bd5d828864
global_step=34696 | return=-106.14 | steps=130 | track=a22eb104c70a7bc305137dea84162ab6
global_step=34752 | return=58.30 | steps=154 | track=7c0b421844f839a38af219832e93f1eb
global_step=34840 | return=-110.67 | steps=131 | track=61df1976a5ccfacd9d7705909d7977f8
global_step=34904 | return=-90.04 | steps=130 | track=cf0dd7b18d638111aaf9449a09962167
global_step=35048 | return=-101.08 | steps=131 | track=5800a5bb89d27085bc88559384a780be
global_step=35384 | return=-29.20 | steps=87 | track=6dd56df88f903c65066732c405a8382a
global_step=35392 | return=35.44 | steps=68 | track=a3511ed6bf39ce21d0117980a4e72d02
global_step=35408 | return=-25.33 | steps=109 | track=6f51bf4e4575ad0a4cda0f0adb2e3f34
global_step=35728 | return=-49.50 | steps=130 | track=7f354e0a5240a80c2f5bf9d549f36593
global_step=35752 | return=-102.71 | steps=131 | track=9521a4cd7cfc2c4a38bbeff6b18890f1
global_step=35808 | return=-96.63 | steps=131 | track=d075fb2e8e9f805360362cd13637e3c3
global_step=35968 | return=-87.28 | steps=132 | track=44e3103333fc4907ea027ac9e10f3ed6
global_step=36016 | return=-11.40 | steps=75 | track=0fe7805c3ba1a7a8f6f14ced57da5533
global_step=36104 | return=-86.77 | steps=131 | track=507a1fa225853f94c15b94b662b1cb4b
global_step=36192 | return=-46.52 | steps=99 | track=6055500452dc254feaeaf2bb2b7fa447
global_step=36280 | return=50.29 | steps=68 | track=a3e2cbc509c11927aaafd46fc08e448e
global_step=36328 | return=-49.54 | steps=44 | track=8355a4a966cf2a8dd2241d81307d25df
global_step=36448 | return=-98.45 | steps=132 | track=d1ca6caeea088eb3dc0a98a2acc5d298
global_step=36776 | return=0.73 | steps=61 | track=f8f2cc8afcfa992211aa20461e79593a
global_step=36864 | return=-96.26 | steps=131 | track=384aa724b1a043f0c6a2274598f7d83e
global_step=36920 | return=-36.56 | steps=145 | track=3f7a94023c8335261d1cbc2ad96c0028
global_step=37072 | return=-79.30 | steps=131 | track=a3de1c62c3cbc5b69867fcddd816f94b
global_step=37160 | return=-76.89 | steps=131 | track=62a7c3ea61a9c779c85261d64e94668e
global_step=37248 | return=-80.30 | steps=131 | track=bbf254f9137fc10dd20f90a9ce287543
global_step=37384 | return=-67.84 | steps=57 | track=28abea0883d2ad00ae4a9491dda536a3
global_step=37504 | return=-108.31 | steps=131 | track=325cd1c3b905b9e1ac22876cbe17f757
global_step=37816 | return=-35.16 | steps=92 | track=2ebef277818f20e4249782567c71f2a6
global_step=37832 | return=-87.30 | steps=131 | track=43bc13cbfeabee3e9f31060243045f8c
global_step=37920 | return=-91.86 | steps=131 | track=79bccd5bbd467d0ee25658860a5c9f9c
global_step=38208 | return=-101.17 | steps=130 | track=de9f820133a6c6b6c71448ad9a5f8064
global_step=38440 | return=-89.71 | steps=131 | track=39d5eb6c01a8a6d05a8d7298f4bfb785
global_step=38464 | return=-2.70 | steps=151 | track=8e279bea66fde9549898d1b7000b0fad
global_step=38552 | return=-89.93 | steps=130 | track=4237221636845b5b49cd010212ff2169
global_step=38720 | return=-90.62 | steps=298 | track=129460c04780bb03132e973ca6bbe14c
global_step=38872 | return=-99.50 | steps=131 | track=85b9e4c29546a54d61143339e39a55dc
global_step=38880 | return=-113.13 | steps=130 | track=e861d5a2cb177b4e14b297ae5e91969c
global_step=38976 | return=-94.06 | steps=131 | track=9adcb305ccd866bd3f9e016fc98be7a0
global_step=39264 | return=-97.06 | steps=131 | track=c70c8a4a1cf5bee78ebb945a0e19d9ca
global_step=39496 | return=-88.50 | steps=131 | track=9936cf9df7b75106ceeaa206991cd421
global_step=39520 | return=-95.83 | steps=131 | track=28b86fee3124978da79aa50e22fc59fd
global_step=39608 | return=-101.68 | steps=131 | track=a2200937661ff340a4ad1d2b2d0df5f3
global_step=39624 | return=-10.84 | steps=80 | track=96e2b7e5748ba7c0319d57f2bd165d03
global_step=39768 | return=-55.91 | steps=130 | track=0590961845c8212af9e55e1651d2327d
global_step=39928 | return=-113.22 | steps=131 | track=86bec1a42b5353e87249ea99b16313a3
global_step=39936 | return=-109.31 | steps=131 | track=82edb6cb64b5afbb30fc16352ebe6b5f
global_step=40008 | return=1.29 | steps=63 | track=2123f789f3a64a5aef35b2baa8fc7b63
global_step=40304 | return=46.91 | steps=66 | track=b00a14d2e175d24410e9080d8d4bfe84
global_step=40312 | return=-102.11 | steps=130 | track=d0cf37ce9b815e118de3a581d15f9f09
global_step=40576 | return=-100.23 | steps=131 | track=9736de359c82c0595093985c1f1a7a8c
global_step=40616 | return=-95.83 | steps=123 | track=057575509a810f48792be451f86e5370
global_step=40624 | return=12.74 | steps=85 | track=7fd2114ec26ae65d16e7a4e10ff55026
global_step=40664 | return=-99.29 | steps=131 | track=2f3d64e17b87313689f7f01c46e6e303
global_step=40688 | return=7.69 | steps=94 | track=6430c1a9032f931405b40be7b4985d53
global_step=40960, SPS=44
global_step=41064 | return=-96.48 | steps=131 | track=2019410d3bcdf1c67d09b0a1065ac22c
global_step=41368 | return=13.08 | steps=87 | track=6e4a557205014646bb6a51856ab786d6
global_step=41400 | return=-56.75 | steps=135 | track=d5574aefa2fb196946df5b9a33e9bbbe
global_step=41504 | return=-82.50 | steps=110 | track=f27f23a23111b166abf8d90a5fc9eedb
global_step=41632 | return=-103.36 | steps=131 | track=8045ffa970a2cacd789d821db0c75cf7
global_step=41672 | return=-97.20 | steps=130 | track=407fee7f2b8eb791e9e8e24331b1de72
global_step=41696 | return=-39.08 | steps=173 | track=a5706bcc472cc686dc94feb8df835a0f
global_step=41944 | return=-27.76 | steps=54 | track=c909f78e1726534035b81d1386575225
global_step=41944 | return=-76.98 | steps=109 | track=0eec9325dfbddd8639a308750f11cbac
global_step=42200 | return=25.96 | steps=70 | track=1549459bfa6fdde2b11da36dc87c9c6c
global_step=42280 | return=-50.61 | steps=41 | track=24624379fbc0746de4c728686d3ca69d
global_step=42328 | return=-95.14 | steps=204 | track=9ea827db635d1e9da65bbb0fe3540d95
global_step=42424 | return=-97.53 | steps=131 | track=77db1a4cd15138438c63204ef5584187
global_step=42456 | return=-100.50 | steps=131 | track=e415ad71ac075773aa7b49b6eba3588b
global_step=42728 | return=-107.04 | steps=131 | track=61c8fa99dbdb334f8bd42bcb8287e120
global_step=42992 | return=-105.93 | steps=130 | track=521e9c89f5deeff6d2714cc2693becee
global_step=43080 | return=-80.73 | steps=172 | track=300be743778e605f16aed63cdf74ad19
global_step=43176 | return=-37.82 | steps=93 | track=f17c4444b5b1c577e3d66e2d43fc7743
global_step=43240 | return=-63.05 | steps=129 | track=57c5a79b72909fb474ffdbf341f6c85b
global_step=43248 | return=5.32 | steps=64 | track=4fe69b9ef5965c93f1610d49fc9f1db3
global_step=43336 | return=-89.76 | steps=131 | track=be0009e1fff4d2f836eba64256e71cfe
global_step=43384 | return=-116.95 | steps=131 | track=8a279ff64a318b220950668a5c5d1dea
global_step=43512 | return=-108.53 | steps=131 | track=ca6a58ed2a6f390835056d9d4bc64e8d
global_step=43632 | return=-15.39 | steps=47 | track=b7bf8061f3a6fe2df35ec91b07770d50
global_step=43880 | return=65.53 | steps=67 | track=3bfc83e9834e05c3d0bcdc48fe2a6c3e
global_step=43992 | return=3.77 | steps=101 | track=860f41f48900d2d9a37c66716ce11687
global_step=44048 | return=-99.97 | steps=131 | track=b5aff2b4c603f9f796851279e98d1cf9
global_step=44136 | return=-101.57 | steps=131 | track=d1ff32ff99714452597bfedb60e886fd
global_step=44192 | return=-81.61 | steps=100 | track=a8b26b056d0552d9f6f396235b38f2ae
global_step=44296 | return=-86.31 | steps=131 | track=88810fbf1a81fb7671fabbf70029758b
global_step=44528 | return=0.88 | steps=126 | track=e988f7ef7f7adfe2ff0ed65940e717c2
global_step=44656 | return=-52.88 | steps=44 | track=58ad4dea1b224303326f4e705d235d7a
global_step=44656 | return=28.92 | steps=64 | track=89863d3a3e3d6bb336a0a58aee54ed03
global_step=44688 | return=-87.75 | steps=131 | track=183f386075b45d61e5929cb7e864e7b4
global_step=44936 | return=-85.90 | steps=131 | track=18aa1297a69773ee2ed8f745a3b95db6
global_step=45040 | return=18.65 | steps=63 | track=75a532e1a1db5086dd72c31b81e92495
global_step=45048 | return=-77.66 | steps=131 | track=8778fbbcae5d467799ac8fe0b4e23e22
global_step=45104 | return=-67.10 | steps=131 | track=701aa5f8c5325ea1410fb4d6d14cf80e
global_step=45344 | return=74.18 | steps=85 | track=f6821a5ac621d4384bd93b95e4c6e108
global_step=45728 | return=37.96 | steps=84 | track=8ccf5999946f733a9558e081b2aa2896
global_step=45744 | return=-103.07 | steps=131 | track=8cf198169e01cc489c1c1d121e040b6d
global_step=45848 | return=-80.47 | steps=148 | track=54143ed9a2a61cca5cfd68559fdea12e
global_step=45992 | return=-48.76 | steps=131 | track=19e51fe3aaed0e416793c30e6c121bf5
global_step=46096 | return=-95.85 | steps=131 | track=e285565e93200a4bcfb90bb4ae7d0396
global_step=46160 | return=-81.68 | steps=131 | track=c227cc231f56fbf5e7ebd44e3c8058a6
global_step=46272 | return=31.26 | steps=65 | track=1e6aee76d4acebf64a8ee6afe5924356
global_step=46392 | return=-94.35 | steps=130 | track=985c723edb0bb2bf3817500bef52c518
global_step=46528 | return=29.06 | steps=66 | track=4ff4b253c9d81332f99354793732e7fb
global_step=46544 | return=-2.36 | steps=293 | track=268896530544fd3ca92dd58633b7224e
global_step=46784 | return=-97.77 | steps=131 | track=7e9604705d5132d96d7e94921bcfacfb
global_step=46904 | return=-96.25 | steps=131 | track=107a5e397af26f8930e1373481df1668
global_step=47016 | return=-10.03 | steps=60 | track=34d836b5cb509cb8f9f955198325be0f
global_step=47016 | return=58.02 | steps=77 | track=359fb0e4d4720252bc3fb23cbfd2b071
global_step=47144 | return=-95.99 | steps=130 | track=8e434b34d2a17de975ceab7434415849
global_step=47232 | return=-29.77 | steps=133 | track=b3ec9d3e06df48847974d8425dc5c203
global_step=47328 | return=-102.25 | steps=131 | track=f31728ee92d58fe903baf24080bb5f46
global_step=47392 | return=-46.71 | steps=46 | track=937764348e3ad8959e1628d8803cfd5d
global_step=47440 | return=36.73 | steps=66 | track=48c8815b4b2b4eea10bb5dd06f7f5508
global_step=47600 | return=-83.06 | steps=131 | track=f942d1ec78511723d42bd3e7af5bd03e
global_step=47840 | return=-97.59 | steps=131 | track=6c1e961bd10b4c3c8a153327cb9c355b
global_step=48072 | return=-84.52 | steps=131 | track=7573262e266146af03ded5241cd2d5f5
global_step=48200 | return=-101.29 | steps=131 | track=b26a99a6c5e96a2dbe52e6e01806e81e
global_step=48256 | return=-82.19 | steps=101 | track=d5f50c69de845fc095faba5ca6fa2da0
global_step=48288 | return=-101.29 | steps=131 | track=7de844b5121ce864a707c4b5dc3dde0e
global_step=48368 | return=12.09 | steps=65 | track=b5c7d672e499d65b79b5c8091357452d
global_step=48376 | return=-106.96 | steps=130 | track=448a1b0214c7d321c0b414ef3168b674
global_step=48448 | return=-95.61 | steps=131 | track=3647bcbcec79851ef0d64d72fbdf478e
global_step=48632 | return=-53.92 | steps=42 | track=0d324b516115dd14cad71dc0c2ffe971
global_step=48656 | return=-109.44 | steps=131 | track=64f6118d63c94cbe94e0da86fee875be
global_step=48960 | return=40.23 | steps=72 | track=3f213a0c43e584eeeec9fa6813eada3d
global_step=49128 | return=-105.51 | steps=131 | track=fb3cc4cdf20044272a65a1eb47e6578e
global_step=49152, SPS=44
global_step=49256 | return=-92.90 | steps=131 | track=3d3dfae2705e9f88f7182b1e867fc1fd
global_step=49304 | return=-92.24 | steps=130 | track=0cadafbcd5e9f560d5eda670278d05c7
global_step=49504 | return=-99.79 | steps=131 | track=e2b349603a78aabbca541b97dcb6e231
global_step=49704 | return=-102.79 | steps=130 | track=ae1fe7c361d242b783cba8e69087b3bd
global_step=49976 | return=-23.71 | steps=83 | track=ad76037060570ae78aedf13e8195564d
global_step=49976 | return=-62.04 | steps=89 | track=e0ff85ae138b202be3118ca58238969a
global_step=50056 | return=43.31 | steps=68 | track=f959dd17647e167afcc1a8f5db4e9062
global_step=50112 | return=-52.26 | steps=122 | track=d79afb18cd936c6d5d993d0f49692d9f
global_step=50208 | return=-141.95 | steps=229 | track=8b86824f842cd12d1875cc3b512fe721
global_step=50560 | return=-73.00 | steps=199 | track=f974d24f19da1a6579a5f6e2e7d16c1a
global_step=50696 | return=-19.41 | steps=60 | track=790914c2c900d445f2deba5dde8aab65
global_step=50760 | return=-94.80 | steps=131 | track=3b720b0bf0682aeca7da76091c1e2c9e
global_step=51112 | return=-98.23 | steps=131 | track=94cc7c2765823e4319457704950487fe
global_step=51160 | return=-45.73 | steps=130 | track=afd83360a8748ddde5ee3603f8cf2e88
global_step=51208 | return=37.24 | steps=153 | track=096a709370877b94c70ccb7001d2559f
global_step=51504 | return=115.48 | steps=190 | track=ce1dacd920e9ce4285594f6be1a184c7
global_step=51648 | return=-14.30 | steps=66 | track=d021ddbad1b77588b19a2fe3e6691e7e
global_step=51736 | return=268.10 | steps=387 | track=4c9b9bba6dab6ad02efa3296a53c47e3
global_step=51744 | return=-92.18 | steps=130 | track=3bb01c01e2236cfadc8367fab8f5beff
global_step=51816 | return=-89.20 | steps=131 | track=3fe3371ae28e012f394af63beddd1a57
global_step=52120 | return=-38.13 | steps=47 | track=8eb0eae2e990d586621a21ce7c320d9f
global_step=52216 | return=-81.60 | steps=131 | track=ea1aff4fc7b3efe365db3ee05191105c
global_step=52256 | return=2.71 | steps=63 | track=9f5a4cf0f37f61b78a32146c2a2d085b
global_step=52560 | return=-99.79 | steps=131 | track=c79812cc833640a66f0821cc3f95a671
global_step=52616 | return=-3.35 | steps=99 | track=b46077519a630f67c849b56159f74dc3
global_step=52704 | return=-92.15 | steps=131 | track=6a0972c8e7fd63b1de75b40b4c5b50db
global_step=52816 | return=180.83 | steps=86 | track=7c83e80b11c66f93d68f4a169a7b58ce
global_step=53184 | return=-19.28 | steps=327 | track=e88995d5280b6d1fa491729c1a2a15cd
global_step=53304 | return=-93.31 | steps=130 | track=b25c826132cdf603b56f6c6a2115fd7b
global_step=53344 | return=-65.12 | steps=266 | track=f48223272cc0d4d813d2499acc7fe7d9
global_step=53608 | return=-94.58 | steps=130 | track=a639c5be6f93c5a568be28498e4d7f6c
global_step=53840 | return=-90.00 | steps=141 | track=8b8cbcceed1138b4d0cb7db4ed60b7f9
global_step=53872 | return=-102.21 | steps=131 | track=7954bb0d77baa950d460d793f21c9c73
global_step=54360 | return=-102.22 | steps=131 | track=e720afc8ff9eb1cac1bb3394566edc42
global_step=54400 | return=-107.31 | steps=131 | track=2f070ec9e0282106c4f3aebe0c148948
global_step=54400 | return=-110.80 | steps=272 | track=52321797824ed3e4b64794212774aaaf
global_step=54408 | return=2.85 | steps=152 | track=86faab6d7f1ebe94fee555ad99efc736
global_step=54664 | return=-90.70 | steps=131 | track=7fe393c68958f2046287253f4a550d82
global_step=54888 | return=-96.53 | steps=130 | track=befc130d2ab5b55fd4bb0b0c01722890
global_step=54928 | return=-99.91 | steps=131 | track=04d8326b11b5d6271ee6d2a6289992df
global_step=55368 | return=23.07 | steps=119 | track=789c4e3511a98992a96c091d91b91ff6
global_step=55448 | return=-100.14 | steps=130 | track=69b483c4f1d587ddb1cf879179392fab
global_step=55448 | return=-86.25 | steps=130 | track=f4931e254edd08619221a8dcbf62960b
global_step=55704 | return=107.23 | steps=385 | track=deccf80dc8b8aab7657b7ac7be178fc9
global_step=55720 | return=-88.07 | steps=131 | track=78c46dddb120144a68c9c4648a618ac4
global_step=55944 | return=-108.25 | steps=131 | track=ef2f9bdc8f9155ef245468d3ba026b9e
global_step=55976 | return=-114.39 | steps=130 | track=3fd9ef017f636d24f6a16c897f6d3f75
global_step=56032 | return=-10.95 | steps=72 | track=3767838bad94a7bdc8110097156e9480
global_step=56096 | return=-36.70 | steps=48 | track=4c34d7c6383cf7a0b9456d92f3162d5b
global_step=56104 | return=-15.63 | steps=81 | track=7a1fd7c3700a9030f604915c6b946971
global_step=56104 | return=16.06 | steps=217 | track=f761ee70c35d692255504e17d9ca07d1
global_step=56576 | return=-5.40 | steps=74 | track=d86e48589ac47e4086d2c743c097935c
global_step=56600 | return=-66.98 | steps=153 | track=889cc034da2b89f1086f782f901b837b
global_step=56776 | return=-80.63 | steps=131 | track=075e3a01bc767333050c8ba7926119b7
global_step=56872 | return=-83.46 | steps=96 | track=964f54545f7ca60e6a26e8286078402a
global_step=56896 | return=-72.96 | steps=98 | track=2a8d8bbe10005c000a72f27dcda76e24
global_step=56952 | return=-46.38 | steps=43 | track=5c9a7703a008f09ad7b490271b98a52f
global_step=56968 | return=-119.24 | steps=127 | track=88b3daec11ed8e6609766f2513735630
global_step=57152 | return=20.61 | steps=71 | track=338bf77ca14dabceabb3a49be3be3ae0
global_step=57344, SPS=44
global_step=57856 | return=-65.82 | steps=227 | track=86f3c534997e97ac9865c60ba2a0de29
global_step=57952 | return=-95.61 | steps=131 | track=ca0e90a0cfa50ac751b12a549c07edff
global_step=58000 | return=-94.22 | steps=130 | track=9d0f2e35b0ba70c5541230f828b96e3c
global_step=58016 | return=-127.43 | steps=130 | track=f338b14ff9b5cd63c366820ee5406292
global_step=58040 | return=5.65 | steps=157 | track=eef67d37b5b82090e27d8fc2aafbc59f
global_step=58104 | return=-10.84 | steps=153 | track=434247dbd1cd97bd7ac3b9b5d1cef4ff
global_step=58200 | return=-47.52 | steps=42 | track=8de084e9e9860ddc3d649cebdfe45e10
global_step=58208 | return=-91.91 | steps=131 | track=9486d9ee12296bbd45088afdb4439562
global_step=58240 | return=85.98 | steps=266 | track=62f7fe4e83db6dd7c47137fcef6f2ba4
global_step=58584 | return=34.23 | steps=67 | track=b4aa02ac85cc415bd6ab7398f80bdb50
global_step=58824 | return=6.16 | steps=89 | track=ff621d43101a743b0e6b395ee6b76a02
global_step=59056 | return=-112.70 | steps=131 | track=8ffe7271bb0fafda896c846c7475e6a3
global_step=59072 | return=-91.85 | steps=131 | track=9532a8231d3aa21804cb31b885cf343b
global_step=59256 | return=-102.98 | steps=130 | track=1303433be5c36c6be874fc5c1a63b394
global_step=59256 | return=-98.51 | steps=131 | track=cbffb07f6bca6bb0961c05093980e892
global_step=59296 | return=-99.10 | steps=131 | track=31200d8a85d64a068c51a2f19ef03d9c
global_step=59632 | return=-96.38 | steps=130 | track=43f7197f7f27f65bd4a9517d86e192d0
global_step=59720 | return=-7.92 | steps=220 | track=58b0eb617e767af7317aac74255c0128
global_step=59880 | return=-99.29 | steps=131 | track=c36e49ede556314168588ae3feb38672
global_step=60016 | return=19.39 | steps=89 | track=051098f7037f4609268c6dcc2e3a6b01
global_step=60112 | return=-92.31 | steps=131 | track=72d91840bb0db4c6f624421a37436531
global_step=60168 | return=30.29 | steps=66 | track=3b325299919859eeabc083dd5e4557a8
global_step=60304 | return=-99.60 | steps=130 | track=4e157d1eae9864fd5c9869a5b1be78f1
global_step=60312 | return=-99.48 | steps=131 | track=ecbb83058e50ab347ebe223b0c5f8969
global_step=60552 | return=-72.62 | steps=184 | track=834dad3db9b47da93c0de415c61fe438
global_step=60648 | return=32.11 | steps=66 | track=ea4ca4a74c90e1494e9f0ad593d8ccd9
global_step=60688 | return=28.44 | steps=64 | track=e99bf4cfd68ae0f9ab4a18cfbe72857a
global_step=60760 | return=-30.18 | steps=109 | track=9d6142ce1b7ea8d15ae9a064e699fbdb
global_step=60776 | return=-83.14 | steps=131 | track=caefbfe4c3dcaab7ac857054e603d699
global_step=60880 | return=60.08 | steps=71 | track=0b1215bfb7a8553101748a11e0a57bb8
global_step=61080 | return=-100.48 | steps=132 | track=3ae6cef055fa325c0be26006e77b4baa
global_step=61152 | return=2.38 | steps=62 | track=541767a3247b2832dd09bf4be479b429
global_step=61200 | return=-6.57 | steps=63 | track=362ba4eef4c90f15f7f657280563f326
global_step=61368 | return=-99.57 | steps=131 | track=c165cda5dd4beb85830930e8cdc6dbd6
global_step=61688 | return=-9.60 | steps=60 | track=ae9a8718d9cad2ae24d0423f00a7549a
global_step=61816 | return=-88.00 | steps=131 | track=abf97bb642f60b47be88d92ae681f4a0
global_step=61816 | return=10.98 | steps=82 | track=1c6fb37c89ab9e64d96d8c01feaee715
global_step=61832 | return=-88.07 | steps=131 | track=f136589de32b06d4a2c0cd2678369af1
global_step=61936 | return=-94.48 | steps=131 | track=da5b179d65a814b4ccc4da3d1383552a
global_step=62128 | return=-106.79 | steps=130 | track=4026de44bb23745bc87741d464bb59f8
global_step=62624 | return=151.97 | steps=258 | track=5ee58aee9964281af325743a837d32f0
global_step=62856 | return=-71.17 | steps=145 | track=324a93f4bbcb83bb2976bb4ddb6668f9
global_step=62872 | return=-86.44 | steps=131 | track=077def5617d90cb8e64fa18965331f9d
global_step=62888 | return=-85.10 | steps=131 | track=ad810c8bded768097e5946baf3c6c40b
global_step=63096 | return=-39.86 | steps=144 | track=1777090f4bc216e0d29d9fdc9a00aaa0
global_step=63184 | return=-97.06 | steps=131 | track=882a992c88be3a5d7c42935fbc5b8fce
global_step=63200 | return=-31.06 | steps=228 | track=7de65e98c4920967d174cc3295a8b573
global_step=63328 | return=-34.52 | steps=87 | track=2ce0a65b0311e807c3d6b39690cbf0ae
global_step=63408 | return=-5.90 | steps=68 | track=ab077763831f8cb7ac93e81f116c0831
global_step=63680 | return=14.91 | steps=61 | track=a63831de4d1518a163b9dc6826075b3d
global_step=63864 | return=-37.55 | steps=255 | track=6dc35ced9752c2f730edbc085bf784d7
global_step=63920 | return=-97.15 | steps=130 | track=5cbf977acb6bd1c03e87d0eec46676f7
global_step=63936 | return=-100.39 | steps=130 | track=dd8062f783ba3f9d2424c3f7a38cfed5
global_step=64176 | return=-69.77 | steps=105 | track=79e7e351f0b8514574eb7d25cf7bf9bc
global_step=64216 | return=-29.05 | steps=139 | track=7ce82d52777c168da5e85024d412b84d
global_step=64256 | return=-100.61 | steps=131 | track=fbda987946af088291822e9573b87206
global_step=64744 | return=36.70 | steps=65 | track=c8537539c21d79fe73c2d04bd92072fd
global_step=64744 | return=-106.27 | steps=132 | track=acfdd88501b1ac5fa6e1cef2232e7c5b
global_step=64856 | return=240.79 | steps=116 | track=ed8120c52af2b7b9e2bc1155e0a0107a
global_step=64912 | return=-93.12 | steps=130 | track=e6736ed3a9a28cc9d749f7d38dfb9796
global_step=65144 | return=-68.67 | steps=216 | track=324dfa3a0e1c222d64f0bf68aa6767de
global_step=65224 | return=-100.87 | steps=130 | track=861f0320fc0343b8d4f306f73cb57767
global_step=65312 | return=-96.94 | steps=131 | track=6c5325eb7c4453181632ef583e07c564
global_step=65536, SPS=44
global_step=65616 | return=22.23 | steps=209 | track=e51d94924ce684a30a9e3a9fc2daae54
global_step=65672 | return=40.63 | steps=65 | track=8d587daaa18a493d9c9f78646b1d4b80
global_step=65800 | return=-100.25 | steps=131 | track=8abc5c35e8db865fb75148448a800ff8
global_step=65800 | return=-80.63 | steps=131 | track=cb93eb304dc17092b556952ee6c60ac0
global_step=65912 | return=-99.00 | steps=131 | track=57fc98b49cfaa2aaeb9e5bb5f7387b05
global_step=65968 | return=-96.89 | steps=131 | track=53072132fea9a0e2436223de61026d83
global_step=66200 | return=-51.63 | steps=49 | track=30dd2c688ca7f5293f466059878b88a4
global_step=66272 | return=-85.31 | steps=130 | track=ba797d3b1c623f15661ee11be1c5d661
global_step=66360 | return=-100.00 | steps=130 | track=c4b0e3e7778db7bed964da73b19ec99f
global_step=66736 | return=-24.34 | steps=132 | track=a8795d6bb924be5d6c8634e850ebc2d6
global_step=66784 | return=-28.20 | steps=145 | track=77d618b9e28df93bd07055500132816f
global_step=66856 | return=-101.49 | steps=131 | track=276e0cff543ce19bd1fa79041cadf9b3
global_step=66952 | return=-22.88 | steps=84 | track=d8a56c85c09497b66aa7fb65d1ade9b5
global_step=66968 | return=-95.10 | steps=131 | track=02b3fd29d23a1aae8553818e1f832282
global_step=67096 | return=-89.72 | steps=111 | track=5f0ab1dce0676fa88d3e8014ec4f2f84
global_step=67280 | return=49.07 | steps=67 | track=94f803dd0ef64b88d87fc0319c6b9723
global_step=67384 | return=31.39 | steps=65 | track=e52aa0871a84772e54b4d3593160eb60
global_step=67440 | return=-83.77 | steps=183 | track=70a853c1584509803caea6221bb5f147
global_step=67600 | return=-6.87 | steps=78 | track=c11a631b7b4afbe1e98bb7e348a92dcd
global_step=67736 | return=-8.78 | steps=171 | track=a429dfe14929398a0a0a5b81e56284cc
global_step=67824 | return=-111.43 | steps=129 | track=a89fabd36c650fd08d8b7ba2a3728191
global_step=68008 | return=-94.05 | steps=131 | track=0d1a8d2dda57e2ec0eb295d0116a50d7
global_step=68120 | return=37.79 | steps=64 | track=3751d188a02c42cfd03ab1a2c1175456
global_step=68152 | return=-105.73 | steps=131 | track=da1c242a11d94bab1c3cc0135b26b61d
global_step=68328 | return=-58.00 | steps=130 | track=5ad2b84d5d2d4d706e913363f3d7c5f5
global_step=68392 | return=-61.93 | steps=47 | track=339f3e4aba1f00bd470e9ba7746ef050
global_step=68440 | return=-89.20 | steps=131 | track=4d67489ae6de37e56f89557d21cd6334
global_step=68488 | return=-97.25 | steps=130 | track=c9804d6ebd57f4aea525d910dfa3c355
global_step=68880 | return=-104.60 | steps=131 | track=ec7706ace1accab6ca0ddebf842e2f13
global_step=68896 | return=-71.89 | steps=96 | track=8e195022846e729c6584bc01c84844f6
global_step=69168 | return=-21.79 | steps=178 | track=ed5b4cad151e03e9d7f0068b41f0dd2f
global_step=69208 | return=-97.28 | steps=131 | track=2efff27bdf034af9d3fc81a64100f21d
global_step=69456 | return=50.04 | steps=69 | track=d936c8bd5ab59ff14d0d484017870dee
global_step=69496 | return=-109.85 | steps=131 | track=0df67f9e2bc2fa93e3fc8251dd50d8c5
global_step=69544 | return=-102.03 | steps=131 | track=8e693cb0337842bba0bfb7f464a96067
global_step=69656 | return=16.84 | steps=165 | track=bbe4c364eccc41a073616607462dc823
global_step=69696 | return=4.57 | steps=65 | track=056bb74b368e9feb86f761064364018e
global_step=69920 | return=-94.16 | steps=88 | track=cfc43284a00881297998871edb291afd
global_step=69936 | return=-98.11 | steps=131 | track=49321084de98c27220c48d3b3b134dce
global_step=70040 | return=-1.89 | steps=61 | track=6e137afb328032ad7a5dbe211fbd858a
global_step=70400 | return=-35.58 | steps=250 | track=ff17f46c85bbef85a32438f9fefa6d3e
global_step=70504 | return=-82.61 | steps=130 | track=a9c0679c651a799c1e1548370b88e188
global_step=70544 | return=-106.27 | steps=130 | track=5e22a8bb1c7d477e0e9e14bbdd8ff066
global_step=70752 | return=-96.10 | steps=131 | track=5b355aa84247ae57740e7aba4a9dd886
global_step=70880 | return=-20.81 | steps=152 | track=1193eee150877ae3344720cff250ac53
global_step=70976 | return=-97.28 | steps=131 | track=4b51011005382d65ff689f890452bfc2
global_step=70992 | return=-96.47 | steps=131 | track=6ef356ea88989912576a3ab9abcbecef
global_step=71064 | return=58.52 | steps=69 | track=d505e93b4f8981ffcdd10f023ea0a2c4
global_step=71440 | return=-50.96 | steps=55 | track=a6ad5c6157feca3738c7bc59989722e0
global_step=71456 | return=-93.37 | steps=131 | track=65e4612e71b6b02962209243940a9344
global_step=71600 | return=-100.88 | steps=131 | track=6f4d2b7f42e70d15c71e1233613c0db0
global_step=71608 | return=-88.13 | steps=195 | track=d3ffa46219755392c5b66b3f0762387b
global_step=71728 | return=-82.70 | steps=105 | track=9931bbfddd8ac0c29eff8b7e5c0fc192
global_step=71808 | return=-95.84 | steps=131 | track=43b75fe2bc03724a125b25cc85ce9d85
global_step=72024 | return=-92.80 | steps=130 | track=0f7687c7291bdef569c2c87c027939ee
global_step=72120 | return=-103.69 | steps=131 | track=e5938f440d9514a4e7e38a5f7f5a30cd
global_step=72336 | return=14.81 | steps=65 | track=86d2b8460242d52d490218f81095f88f
global_step=72496 | return=-82.56 | steps=131 | track=0a140f8a66bee0a73084c97471d66a4b
global_step=72504 | return=-24.14 | steps=59 | track=37e429eb08cd7d1f592a7026d3e06238
global_step=72512 | return=-85.90 | steps=131 | track=d80b4960c58f7e8a4fd1e4162acf7de5
global_step=72672 | return=-102.51 | steps=132 | track=20232a2a80af269f2f633c9f65346f5d
global_step=73168 | return=-72.18 | steps=130 | track=2c5e234b518ef8aa26f781bf7c9022de
global_step=73208 | return=-67.29 | steps=184 | track=104e3dc9f1e14f1705f31bc98a95caa0
global_step=73392 | return=-105.56 | steps=131 | track=4fe6be63991a51318ec02054262c75a9
global_step=73448 | return=-14.30 | steps=230 | track=28d6dadceed0e16bfcaf8dedd75aa194
global_step=73544 | return=-93.54 | steps=130 | track=c344cbb9c93057683b55b9bd4ea8ca51
global_step=73560 | return=-95.30 | steps=131 | track=d01fc252d6b47bb44fc379fcf418fbfe
global_step=73568 | return=-94.05 | steps=131 | track=c65e557f24734a7fd9aefaea803199a1
global_step=73712 | return=-4.74 | steps=62 | track=4f82bfe6f74486b12df4b6d8245d5dab
global_step=73728 | return=-92.69 | steps=131 | track=107ea557d0490d37a986bcbcdb71df13
global_step=73728, SPS=44
global_step=73960 | return=-14.51 | steps=48 | track=e2bc106cdbf307a64e0f188243fdf7be
global_step=74424 | return=-122.00 | steps=88 | track=8a16c125ed7c0b1896691d9a720f85e0
global_step=74424 | return=-89.83 | steps=156 | track=9525669be07733f3dbb19c922d05a0be
global_step=74448 | return=-83.16 | steps=131 | track=dd867f711ffafd839b7ba16517176261
global_step=74600 | return=-103.53 | steps=131 | track=3c66a524fb890d2d522d522dda776a15
global_step=74616 | return=-105.28 | steps=131 | track=fbf056ffde9db6fce057c482848fdbb6
global_step=74784 | return=-87.83 | steps=131 | track=cac2a2237c745299285844f252129de8
global_step=75016 | return=-93.41 | steps=131 | track=7db5cfbcfe24ae2b8ba7c70cb5cc7c43
global_step=75144 | return=40.60 | steps=65 | track=644ddf354913e5a07cd0165e079a0e09
global_step=75472 | return=-99.80 | steps=130 | track=87bccfcd91d6ede027420075ce08077d
global_step=75480 | return=-104.90 | steps=131 | track=4c7c3eb24aa485de9ae6358495a49e62
global_step=75496 | return=-110.63 | steps=130 | track=e343bc92701920797b583b3e4261bca4
global_step=75648 | return=-89.82 | steps=130 | track=25f1e9a9c4db861105bca7c8df8f3735
global_step=76072 | return=-90.46 | steps=131 | track=f812a69a6075c959fb22cde0d2aee7a8
global_step=76200 | return=-102.40 | steps=131 | track=f9761e350dcea7d4d6bc67e37f95609b
global_step=76520 | return=-98.37 | steps=130 | track=b8734299188ace9800b31502da4f5d56
global_step=76672 | return=-70.98 | steps=235 | track=bb38d40f1650d532b7076c781551c7b9
global_step=76688 | return=183.19 | steps=404 | track=2ef71fdee5e9ad94a606d1d861c0f0cc
global_step=76704 | return=-98.68 | steps=131 | track=5479ab3515b4c6eb13c6ec440ad97e05
global_step=76704 | return=-91.72 | steps=152 | track=0a23104156374cefc3b985660083b86b
global_step=76728 | return=43.42 | steps=65 | track=fabfa0a7dbbd039d2ad48c8f18dd7b75
global_step=77064 | return=35.91 | steps=67 | track=b9a792c4a92452b2c87f451991e55a4c
global_step=77128 | return=-82.41 | steps=131 | track=64624d17b5b25aa6a1796c8f589fa006
global_step=77200 | return=-4.04 | steps=63 | track=91d27e82a983d7da8b11df187332ae16
global_step=77216 | return=14.88 | steps=67 | track=d8e8df8c90717076bb6bdc0b12f9a957
global_step=77288 | return=55.62 | steps=69 | track=8175effcfb814ffb4c77fed7eef39c90
global_step=77368 | return=46.98 | steps=82 | track=ee177eb9f4218b289e0fbfdba042ae56
global_step=77584 | return=18.15 | steps=64 | track=cf5910f6f3e31110662dafa0ba88e1c1
global_step=77632 | return=-31.65 | steps=53 | track=ab7dab9175de283f6d7748bbd733941c
global_step=77744 | return=-47.49 | steps=46 | track=a135ea4f3ec6e3cceb23f37e94b324f3
global_step=77760 | return=-97.12 | steps=131 | track=61aa6494c3586bdd00d7250ccfbd2206
global_step=78176 | return=-92.39 | steps=130 | track=dab3c55fdd341d8bfdf674ddd4b67b4e
global_step=78280 | return=-96.89 | steps=132 | track=55db07a2e07266a73fb72a704b8dc5c5
global_step=78336 | return=-94.38 | steps=130 | track=abe20a235aa3e887d10f82e2f5f30d73
global_step=78336 | return=-72.67 | steps=87 | track=b7711cb18b8f0f3a4a14b230663e7a1d
global_step=78368 | return=-94.78 | steps=97 | track=6c87a1d8097260b7822124edcd993949
global_step=78376 | return=-6.67 | steps=78 | track=0981086210c51af7f8c86a03a4fcc881
global_step=78440 | return=-92.78 | steps=367 | track=a9f351c09488f50a761a219a38b51a04
global_step=78816 | return=-100.98 | steps=131 | track=3f14e81110cc5a799d96989203fae8e3
global_step=79224 | return=-71.50 | steps=130 | track=ee10dc495238365ce272f34561920de5
global_step=79336 | return=-60.43 | steps=131 | track=c00bfd53da3b6817099b5a431084dad4
global_step=79392 | return=-81.29 | steps=131 | track=ee919bca11bbb85debcfd39a0eaff888
global_step=79392 | return=-93.04 | steps=131 | track=9676c67eb651790c14bde94d5ae453fd
global_step=79432 | return=-94.70 | steps=131 | track=6c1ab02f23510361cb7e25ff872446c3
global_step=79464 | return=-20.23 | steps=127 | track=d1c0e36ab43265df9b21531d7e33c5b3
global_step=79872 | return=-97.30 | steps=131 | track=9f6253147b9f1d56f3bdce20658e3022
global_step=80280 | return=-94.86 | steps=131 | track=38d87e34611151ea1d502f3b60da2966
global_step=80392 | return=-85.10 | steps=131 | track=2af278a155a21086c92a62674132ed2a
global_step=80400 | return=-48.39 | steps=65 | track=a65d3a7b58ce8cc4623fc2d05b9f902b
global_step=80448 | return=-94.50 | steps=131 | track=adfd07b96b4f595dcee5fb7d6836d731
global_step=80448 | return=-97.59 | steps=131 | track=270451379b4cf0980a859c725d163234
global_step=80480 | return=-93.76 | steps=130 | track=ca4a802805a7511472f323a6b50d4da7
global_step=80792 | return=-8.25 | steps=49 | track=90487224c208a2c9cdcdd78cb3344fb1
global_step=80832 | return=63.15 | steps=170 | track=f2fb8c0300809f14bb47bd6e59da40c8
global_step=80872 | return=80.97 | steps=312 | track=1b565e970148134b469b876026781cff
global_step=81152 | return=-22.48 | steps=87 | track=9d03afa9c7bb63915dcb72cc8323419c
global_step=81288 | return=-7.80 | steps=125 | track=a9f6735e570aa5efe9a5145ad745132f
global_step=81456 | return=-81.91 | steps=131 | track=b7734b3be12d7dc531ce279025a33140
global_step=81504 | return=-99.48 | steps=131 | track=330aef75c7e468209603ae846864c5ff
global_step=81536 | return=-97.30 | steps=131 | track=6c3257ea19806bb6b78711612371fe2b
global_step=81888 | return=-109.60 | steps=131 | track=baaa80b025fefdf52db51cf6e0bbc768
global_step=81920, SPS=44
global_step=81944 | return=-5.30 | steps=60 | track=86084f6c1d7c8f39ffd378d36a24064b
global_step=81992 | return=-81.53 | steps=149 | track=0fad513bf34d512a4e18f77da9d44db7
global_step=82072 | return=-1.83 | steps=149 | track=f1ea76e460b7949b6f4613c5689543d8
global_step=82208 | return=-112.16 | steps=131 | track=3f0a0f22ff1c8da36169af025ef1cbe8
global_step=82344 | return=-123.05 | steps=131 | track=c260dc0f6a9b0aa726ccff25f0079887
global_step=82560 | return=18.59 | steps=76 | track=4ef65c2e26614b7d6e6344994cd4dcc1
global_step=82592 | return=-93.41 | steps=131 | track=73ccfe6bc01196f0ebcfcfd575e82333
global_step=82744 | return=-3.28 | steps=154 | track=6157a1c961afd096ff72e9e95367151e
global_step=82904 | return=15.71 | steps=69 | track=c8f02f1951c84c353e9b4dc6ec733974
global_step=82944 | return=-99.73 | steps=131 | track=ce2ddfd2667cca5c4197c095fea8a04a
global_step=83048 | return=-86.97 | steps=131 | track=7243fc5a381cf3128afc58fa9126719c
global_step=83128 | return=-82.90 | steps=131 | track=cfb24a88c60f128c3a7e00b3a52b219c
global_step=83272 | return=33.00 | steps=65 | track=51a3673dc743a10cfbb24466a9f36029
global_step=83488 | return=26.88 | steps=72 | track=d31100f657aec47c325b65a05d3ad728
global_step=83592 | return=-96.09 | steps=128 | track=65c47ab4c336a480aeaa206366670e83
global_step=83592 | return=37.91 | steps=67 | track=e0a4ebb19d57122de31b8b1da942f267
global_step=83640 | return=-95.96 | steps=130 | track=1f414525002e3ae491908183ee6f1f1c
global_step=83808 | return=-8.19 | steps=66 | track=5fdb2e3b09dfe412ad3d36f714d65a48
global_step=84000 | return=-106.46 | steps=131 | track=ba41060625789a3178529b1a1c21744f
global_step=84184 | return=-86.66 | steps=131 | track=4401f3a427dc7bd18c2b9ebfb33c12b5
global_step=84616 | return=-59.46 | steps=140 | track=7458aa93fa93a8c4ebe5262967517cf6
global_step=84640 | return=-101.35 | steps=130 | track=9fb6729dddcc2f194c9579e54eb985e3
global_step=84760 | return=-29.52 | steps=145 | track=4eadb74d4753217291f460c26ed69e15
global_step=85056 | return=-86.28 | steps=131 | track=98886bbe6adf4ab4ad26703837d46f00
global_step=85240 | return=-87.88 | steps=131 | track=376a10407ec46fd54b0167d12097882a
global_step=85296 | return=2.99 | steps=185 | track=4c7ebfa0092fbd7f7d0fe0af99b8eb9d
global_step=85392 | return=-44.20 | steps=218 | track=47b19a3b4d11276948a48de292b1f92c
global_step=85664 | return=-63.54 | steps=130 | track=fc0324c35c916aa761bad111c768f7f7
global_step=85752 | return=-71.79 | steps=138 | track=3e6d66a9f33854ce1e655e293d17491e
global_step=85816 | return=-95.33 | steps=131 | track=72ae82ee0a0c4dc06f5449cc0e0700d8
global_step=85872 | return=-65.46 | steps=457 | track=8af9c771edda02cd75d6edcd7a050d24
global_step=86104 | return=-108.52 | steps=130 | track=052f283f2a12e6c9c766c4465a532193
global_step=86112 | return=-70.07 | steps=101 | track=1ddbe4ab502d9a4c92a2f50055a09d9a
global_step=86144 | return=-68.84 | steps=93 | track=1a8902d73fcbaab46b5a59e9851da097
global_step=86296 | return=-88.02 | steps=131 | track=d5e0b89311d29307e9ad65ef2e2b9c6c
global_step=86720 | return=-94.48 | steps=131 | track=2451a63575fa5e6e8670d25fb9f8555b
global_step=86808 | return=-101.70 | steps=131 | track=bbb3620f61d0704c7ee9a80e3e1eb2a8
global_step=86872 | return=-97.31 | steps=131 | track=37e163e9f7abf2836d77bd1f33d5166b
global_step=86920 | return=-90.80 | steps=130 | track=c78f544d54592468a6ac5cb697852d12
global_step=86944 | return=-12.25 | steps=80 | track=96ab227b982348116552aca2f5aab37b
global_step=87152 | return=-97.94 | steps=130 | track=720bba801d012d37ae19182e0c4f2f7d
global_step=87160 | return=-90.44 | steps=130 | track=37a593f13545ae62da29874129a92342
global_step=87200 | return=-101.70 | steps=131 | track=68685ce60056e34300c17521e81cdb50
global_step=87240 | return=-27.33 | steps=45 | track=232774bdd39b41301df138eb09264ced
global_step=87256 | return=-40.17 | steps=38 | track=6655205fc8f4c968471d3ae41c0be973
global_step=87776 | return=-101.16 | steps=131 | track=34eb1c194e2574a8d4934d22247e1537
global_step=87864 | return=-101.16 | steps=131 | track=a6888c54e4537305f629ee7c29a4c9f9
global_step=87984 | return=-99.64 | steps=132 | track=5993292ee2505f22ef0749e01185681f
global_step=88056 | return=-65.07 | steps=99 | track=816eb501a19932d352dea2aadcb52058
global_step=88216 | return=-93.41 | steps=131 | track=0933065481afa728f24609293ac8e232
global_step=88256 | return=-107.82 | steps=131 | track=6ac32f2eb105b1c09b62216490a64979
global_step=88288 | return=-88.24 | steps=130 | track=8049ed06969ed5ffc52028e47c454f94
global_step=88352 | return=-74.54 | steps=149 | track=fe15a90d34514da43d7b6c87b45a5bd1
global_step=88400 | return=10.58 | steps=66 | track=8ab997c9fe59f8386100c9a13f8d61f2
global_step=88520 | return=-8.92 | steps=66 | track=5b071375449d3d14d6fc0b2d3355f660
global_step=88552 | return=-2.60 | steps=61 | track=3ffc826cd9126cdc3bcba3c62494f091
global_step=88832 | return=-93.19 | steps=131 | track=327ee25ff9d0cc00e4c6e74343e8cab8
global_step=88888 | return=-72.52 | steps=83 | track=e9108591a6406ff97ab16e2fb57b3a34
global_step=89096 | return=39.44 | steps=67 | track=a4c636915fbc0bbc2630295264912c24
global_step=89304 | return=-97.08 | steps=130 | track=87a16fbf705786bcbb0b1e600d35f218
global_step=89336 | return=-95.62 | steps=130 | track=224b8baeb0a64edc89a2f7626dea302f
global_step=89424 | return=-92.90 | steps=133 | track=d66421bc1b3654a408ee6aae211d38b2
global_step=89576 | return=-84.50 | steps=131 | track=919e71cc2f4575a07609bbc402c4bf55
global_step=89888 | return=-98.78 | steps=131 | track=7543847c07fd37e80467734d0275afc6
global_step=89944 | return=-82.60 | steps=131 | track=f5e51ca849fd3f0bbccc5a96ba3eb76e
global_step=90096 | return=16.55 | steps=64 | track=4677b72ac283ed20f8fa2e986df04891
global_step=90112, SPS=44
global_step=90144 | return=-78.25 | steps=89 | track=c164b7adec56011d27469a84b1f046af
global_step=90360 | return=-101.93 | steps=131 | track=e82ce24e850dc0b6c258ad485e0d4721
global_step=90432 | return=-29.31 | steps=253 | track=fa0924b4beaeec41763305189169a2f8
global_step=90504 | return=-71.68 | steps=44 | track=ee7b51fc0f3964867c8b67848efca427
global_step=90552 | return=-85.27 | steps=151 | track=96d8dd66a1f5f470adf1979973def8f4
global_step=90576 | return=36.59 | steps=78 | track=b2292a4eddeb5e7f934dc9788e56b482
global_step=90776 | return=-127.97 | steps=209 | track=502e9492d0a9a9f25a4de955fa7c5075
global_step=90944 | return=-110.02 | steps=131 | track=f7427dab4151e4afbf4512ce93a9ceff
global_step=91016 | return=6.96 | steps=114 | track=5acf7febfb058ef2d8802e9fb6cb5f10
global_step=91048 | return=3.68 | steps=76 | track=3ace8b02b6c566776a4527ca60ee6e64
global_step=91416 | return=-98.23 | steps=131 | track=a61718d7cd14e208e99b926f2a56a25a
global_step=91560 | return=-101.99 | steps=131 | track=9a4f24d90e5cf69cbc640c0bbed6cb79
global_step=91608 | return=-96.39 | steps=131 | track=ef951847442c104fac45bfa2ab5fb6ff
global_step=91632 | return=-82.16 | steps=131 | track=fcbc11256aab3f23acc2446ede5f3892
global_step=91832 | return=-103.25 | steps=131 | track=348b6e135d5d4262b807c4d069091fe9
global_step=92072 | return=-85.03 | steps=131 | track=bc30a735dc2a460b83c19af6a9aa919e
global_step=92104 | return=-81.75 | steps=131 | track=8b29e2d42836ae7bd577b96a6460827a
global_step=92120 | return=-4.85 | steps=146 | track=f9e382d9bcd9d1c6c139186440b6f55b
global_step=92184 | return=19.16 | steps=71 | track=3b87bdf8456a278de68ca7c18556e427
global_step=92472 | return=-98.31 | steps=131 | track=4212f474f55575559fdc3306414c0bd9
global_step=92616 | return=-85.80 | steps=131 | track=4c99bf39867fd4091726ae17d2978c9c
global_step=92688 | return=-92.25 | steps=131 | track=517297d115ea92175f899fb8ce47021d
global_step=92848 | return=-78.90 | steps=96 | track=4ddaebf08a57da64095774ec51a56035
global_step=92944 | return=-55.11 | steps=40 | track=a797718210a66ee59efb0a2110d6f94c
global_step=92976 | return=-23.12 | steps=142 | track=4205c167088984a1e6a5ae59728cc064
global_step=93176 | return=-93.57 | steps=131 | track=fba8d8136192eaf2a1a8004e084cfbbc
global_step=93336 | return=15.67 | steps=153 | track=6b9180ca3fd31c2af91bc966a1c0a073
global_step=93400 | return=14.18 | steps=151 | track=25bdca9f906faa7f288a3427ff8ba4ef
global_step=93408 | return=-46.98 | steps=89 | track=1f7c4ce6edd7acefe0c029988406f62e
global_step=93528 | return=-95.61 | steps=131 | track=10f458755aa9f838ca0e6b102b6b359f
global_step=93832 | return=8.11 | steps=61 | track=805ec55e4403f37cd2584354b8103cae
global_step=93896 | return=-81.49 | steps=130 | track=4e58a86156015c9d6c100a39655c9bb3
global_step=93984 | return=-43.65 | steps=56 | track=1535abda989124029dcc5a20a4a47720
global_step=94000 | return=-98.03 | steps=131 | track=adcc3025d699e34d1c10b22c83d533a4
global_step=94032 | return=-87.05 | steps=131 | track=410f1300487a165c1b9f22f60e9e9af5
global_step=94232 | return=-93.26 | steps=131 | track=043906edf07ad8681fa32daff2a7303c
global_step=94456 | return=-96.71 | steps=131 | track=99b683732b9bfe5e6f5980121b5ed701
global_step=94464 | return=-98.91 | steps=131 | track=ed4acc112462df9f17aacb6a45a87c24
global_step=94984 | return=-39.97 | steps=93 | track=04d34471cc76e8015c3bb1013be807af
global_step=95008 | return=39.34 | steps=67 | track=37f07e7f6bab2cc4577f1e5c98eb86ac
global_step=95040 | return=-95.85 | steps=131 | track=1bcb9b6594c2ab677d95279e1cfbfe45
global_step=95056 | return=-92.15 | steps=131 | track=2e8cc3f94cd5073cc5eebb34b8115d54
global_step=95088 | return=-89.01 | steps=131 | track=097a37cf3539bd265713cd2a32b537e3
global_step=95400 | return=-14.53 | steps=48 | track=3c5dff96ef8cc0bc5ea5e03ecc4246c8
global_step=95512 | return=-92.30 | steps=131 | track=f1f748d94644d3dd524141e1db68fe9e
global_step=95512 | return=-35.66 | steps=209 | track=b9ba81e944db9bccb770ba886cf34bdd
global_step=95792 | return=-21.66 | steps=91 | track=e93bdf33ff6a516f9f8d52dcfc8ecb46
global_step=96016 | return=12.97 | steps=62 | track=6ed2fd7dca7fc3ce316c26c25036484c
global_step=96032 | return=-86.84 | steps=130 | track=6c0de26df2e01e0f427ecfaaad47ab81
global_step=96032 | return=-7.47 | steps=64 | track=0742b56ced0ba22149edb62bf40ec56e
global_step=96144 | return=-88.50 | steps=131 | track=5ff30070de8b40a8a68a03a00bc05d70
global_step=96448 | return=-96.58 | steps=130 | track=be1299fd6c3d049df808a9f3f53d7b9d
global_step=96576 | return=-19.06 | steps=334 | track=b0ae16bb5c83c14f040e821aefcfe0f9
global_step=96640 | return=-12.05 | steps=61 | track=2a0a7d4c95b4a4ae33968775bff478ab
global_step=96736 | return=-69.71 | steps=89 | track=dcef048d81ac84d1c5cdd36eb4856495
global_step=96768 | return=-133.90 | steps=215 | track=3f9844174eca094ea94198d1aa9ff9e7
global_step=97088 | return=-84.11 | steps=131 | track=217dd29a6b3158d7830555b8be638983
global_step=97120 | return=-74.17 | steps=135 | track=c0fd169987875c8f07d4d6598f790391
global_step=97128 | return=6.58 | steps=166 | track=68d156a996635259e286548ccc98dc16
global_step=97464 | return=-41.74 | steps=46 | track=b7dd4f0289a0fba8fe5c81f4c294ef46
global_step=97504 | return=-95.91 | steps=131 | track=79e30c48d7b68465ff2a817dcfb11f7b
global_step=97632 | return=-89.44 | steps=131 | track=f6f8608b74596d84beb947afe508f53f
global_step=97656 | return=17.20 | steps=66 | track=fdd5011ee58b1808b13a627916a8e4bb
global_step=97688 | return=-88.60 | steps=130 | track=5760236269986e5d0b7e4dee764a99f6
global_step=97728 | return=-68.56 | steps=123 | track=117cfc74a21b762d0a3439c415404888
global_step=97816 | return=-83.85 | steps=130 | track=2deff39854e6c907faf48ce4d815f80b
global_step=98040 | return=44.24 | steps=71 | track=5df94f712fd7e23d569c49c5febe9650
global_step=98176 | return=-100.59 | steps=130 | track=80dd5b1e1886ae925fedcf6c0b9e8eb1
global_step=98304, SPS=44
global_step=98560 | return=-49.25 | steps=47 | track=2ed2a73b0e1b8be8cb5fbe4039575e02
global_step=98688 | return=-85.29 | steps=131 | track=36f8e46f06f23b62f61ee25b124272b3
global_step=98712 | return=-88.36 | steps=131 | track=7f50981f49645436a26db67215a89d7c
global_step=98736 | return=-110.60 | steps=130 | track=8a201d08ee66a2762e545df2f9597833
global_step=98776 | return=-90.00 | steps=130 | track=cdc6b4156f250a1349d8b3c7cfc80e1a
global_step=98872 | return=-78.01 | steps=131 | track=516e61c295f0fa798fc590f56eac10b6
global_step=98904 | return=-36.41 | steps=42 | track=ff3b64ba8fc7807d7896a96f90a3835e
global_step=99096 | return=-86.06 | steps=131 | track=185d406e2e04b4e76797988a254e3ed3
global_step=99488 | return=-2.39 | steps=48 | track=0067569fe4387803996797b87b607265
global_step=99560 | return=79.14 | steps=108 | track=02fe9f41bc2318ea5a7ccb32dfcc2b3d
global_step=99568 | return=28.31 | steps=257 | track=d85211c1beee3660e627fcf1d7833218
global_step=99768 | return=-98.90 | steps=131 | track=3a65ab892c77c62c4478c645540c50eb
global_step=99792 | return=-94.06 | steps=131 | track=386fc22d9d7b86c86b3124e57fe740be
global_step=99824 | return=-95.40 | steps=130 | track=d9424c705e2f24c933c639e318a3cd1a
global_step=99856 | return=14.85 | steps=118 | track=32f10126a2fbb5b5fa1a5ab646a40e2c
global_step=99928 | return=-87.91 | steps=131 | track=f6e90393da846c05af52094f86c90520
global_step=100072 | return=11.30 | steps=62 | track=17df8538aa6574442f60294826c75b96
global_step=100296 | return=39.08 | steps=65 | track=4a64440de674cbaca5b71c492cdce124
global_step=100304 | return=47.32 | steps=63 | track=32446bee9deed60441c0fd04312fc308
global_step=100344 | return=-31.14 | steps=60 | track=4bd3b7c25b88c8590648cbaeb5cd884b
global_step=100560 | return=-103.08 | steps=133 | track=85645f17576cfbeed7e603edbc9dd1ea
global_step=100880 | return=-90.22 | steps=131 | track=f9f75ee8389a804c5f831c1f243e9ac7
global_step=100984 | return=-94.73 | steps=131 | track=684368729561c77a059a440c755762c1
global_step=101128 | return=-95.91 | steps=131 | track=1f2511b6335416d1bbf8cc46a3c34ab1
global_step=101232 | return=-41.89 | steps=83 | track=e4d21cbf8281359b145483cc301cc939
global_step=101344 | return=4.86 | steps=44 | track=450a61112976d9b9e20f357fd66fd2e2
global_step=101352 | return=-99.85 | steps=131 | track=0cf51073a82480e44486ae006a7c2d6a
global_step=101384 | return=-123.81 | steps=227 | track=10c9b4ec8d2eac01f871732d8b10ac33
global_step=101528 | return=11.71 | steps=152 | track=ff9eaa6f3c64a27c3b06c591f9165fe3
global_step=101928 | return=45.47 | steps=197 | track=7a6c42f0d82fadd68021e9b522fa7f42
global_step=101936 | return=-83.97 | steps=131 | track=8a489cb518bde4be0111841b4c69bba0
global_step=102192 | return=-83.16 | steps=132 | track=f73bba065a081ff7e8832b4f050dd280
global_step=102288 | return=-91.11 | steps=131 | track=5b1ee49e25656d838263520e6582de8e
global_step=102392 | return=-91.59 | steps=130 | track=767af5a44149f120b2495a1d12a83015
global_step=102408 | return=-107.11 | steps=131 | track=8741b539c08c504599ffa7fa6e6f0df8
global_step=102440 | return=-89.69 | steps=131 | track=f4e7620c4cc0714f4b3d7f965230006a
global_step=102576 | return=-93.54 | steps=130 | track=2368b5a0fac2e805fc89429ae5c6db5a
global_step=102680 | return=-6.28 | steps=60 | track=5a763f9051432c08e5a243a4967231f7
global_step=102752 | return=-31.79 | steps=57 | track=5f9f11e2f1666dfe2edd13bb12becf0d
global_step=102832 | return=-9.87 | steps=48 | track=52d3cd0eb5842aca5dd58747900a2672
global_step=102984 | return=-93.08 | steps=130 | track=7ceb6cf29c3a644c2b64c042036b0af0
global_step=103080 | return=-30.94 | steps=143 | track=ade86f338e45c42a7543564927b796d6
global_step=103176 | return=-12.51 | steps=61 | track=a627761e08f35fd62d2faeaf8bdd442a
global_step=103440 | return=-91.77 | steps=130 | track=914b3ff66bdb1d5fee02e78f41875d61
global_step=103464 | return=-81.15 | steps=131 | track=3f6977c24a821dc6d8a37158659847b2
global_step=103568 | return=-43.50 | steps=123 | track=9736d68d8c2204ecbdcc6d2c140eb176
global_step=103808 | return=-83.86 | steps=131 | track=83e261b15054ac29588291bfd83df30a
global_step=103888 | return=-91.53 | steps=131 | track=d7a57dc7ce4ce5110d1a3ce077fca661
global_step=104040 | return=-84.10 | steps=131 | track=ba4561d459c6d4c8c4a39b6ca1597e69
global_step=104128 | return=-100.57 | steps=130 | track=109dd07639117c69eab400fde88277f8
global_step=104216 | return=55.42 | steps=80 | track=c11a65b14c29b4686c2fc4916e0cd8df
global_step=104216 | return=-24.92 | steps=129 | track=f6fd7002118d11233d900201363cc595
global_step=104512 | return=-99.60 | steps=130 | track=497d7007993699562608b1ea9f5e1084
global_step=104864 | return=-104.45 | steps=131 | track=6b31f4e258b2403b7909f2f788e896b4
global_step=105040 | return=-127.86 | steps=199 | track=f07e02a3d9e7e186997adcede53754c3
global_step=105040 | return=-79.60 | steps=102 | track=97e46d44eadfdb5082aae62a46d692f9
global_step=105096 | return=-82.13 | steps=131 | track=6bb3c32125eeb53caf50387f8e0a02f6
global_step=105184 | return=-78.69 | steps=131 | track=d4df8718eef842e2d9b0bbfb64888edd
global_step=105224 | return=-66.04 | steps=166 | track=6ee4629ed2e4bd05f21838168ddedad5
global_step=105568 | return=-80.40 | steps=131 | track=de2e68af1eec03d959c0d59348e2f8bc
global_step=105648 | return=-48.34 | steps=68 | track=d4a4f6ccd3db3f5ec3722ab21b519aa3
global_step=105776 | return=-15.98 | steps=91 | track=3e2230e27288540234f053c3a2361ab6
global_step=105920 | return=-108.12 | steps=131 | track=87305e5d436a0b2b139e46631474c8f3
global_step=106096 | return=-92.18 | steps=131 | track=b436a3c7c7a0d9fc0103c6fc91dcba70
global_step=106136 | return=-4.18 | steps=60 | track=a94b19570b1197fb29e51796d171d6c6
global_step=106232 | return=-87.17 | steps=130 | track=c85c88a50261c7fed63e185b50c5f8ae
global_step=106304 | return=-76.76 | steps=260 | track=c7818573ce89a16516828cffcb10c2ad
global_step=106488 | return=-106.60 | steps=88 | track=fb8d5a9049fe3ec37875c311eacee120
global_step=106496, SPS=44
global_step=106536 | return=-60.53 | steps=49 | track=679291fb4fbc243e5a67bea689925a98
global_step=106624 | return=-85.55 | steps=131 | track=158c166ec20aadcaef32d3c0ba052a18
global_step=106672 | return=-47.75 | steps=93 | track=53557fb3056c6a0806df972b2971aacb
global_step=107040 | return=-100.95 | steps=226 | track=822d5e6c2b28f5ef664388155308a382
global_step=107152 | return=-90.70 | steps=131 | track=b00e4d3ba0c1091df5684fef7568f74b
global_step=107288 | return=-77.53 | steps=131 | track=782943da1106f26578bf9ac71a9122b6
global_step=107344 | return=-81.13 | steps=100 | track=0c2e64b5621e28e54ba726ece0e0ace0
global_step=107360 | return=-85.89 | steps=131 | track=1f91a68c9ada7304f2712eb6e8f5210f
global_step=107512 | return=-80.07 | steps=104 | track=04a43771712f2edbebe193ee7d5a769b
global_step=107544 | return=-91.11 | steps=131 | track=1ff87db3d28745531a113179e4e55d83
global_step=107680 | return=-95.45 | steps=131 | track=d9cca27143f40974a8e9a484ca2d6460
global_step=107920 | return=-24.58 | steps=50 | track=a5dd23b07a7660d1cd9ef4354a7e93d2
global_step=108208 | return=-103.42 | steps=131 | track=33365ffa09ec43d74288ba1b7343a4de
global_step=108240 | return=-24.07 | steps=149 | track=98d62acceac3b5c1d8fecf6215301432
global_step=108344 | return=-53.13 | steps=131 | track=e921392e5acfc01e3eca8427d996e41d
global_step=108392 | return=-97.73 | steps=130 | track=fcab44460d257c5092456b9023462971
global_step=108408 | return=-96.07 | steps=130 | track=8e2cfc746048bf42e6155082e12d5074
global_step=108632 | return=-35.83 | steps=48 | track=0615fac648ee81c96500647e9a521d1c
global_step=108976 | return=-82.80 | steps=131 | track=9f7604256f9068079eb23a1fd8cbc604
global_step=109160 | return=41.68 | steps=65 | track=561670ea51e7c47a76c24351224a1857
global_step=109456 | return=-90.42 | steps=130 | track=ba166bfd53a7445fc0c526f4eb41ced3
global_step=109488 | return=22.34 | steps=159 | track=de18cfce61a08fcc8df3efa304b99256
global_step=109528 | return=30.71 | steps=68 | track=86fdca182bd0625444b701cd5770e14e
global_step=109648 | return=25.52 | steps=162 | track=fb0e86bfedaed81eaceadfa411253047
global_step=110048 | return=41.19 | steps=69 | track=20b558d4ff9b005175387a36fd7ed682
global_step=110064 | return=-46.90 | steps=297 | track=e7623bc4f074c837bae75a8d86fd6b6f
global_step=110288 | return=-82.64 | steps=140 | track=694e41b9bac2f465e90b9bc03ed8b87b
global_step=110504 | return=-89.39 | steps=130 | track=d9b7247d82efac1ba54d78573ceb60b2
global_step=110696 | return=-96.31 | steps=130 | track=96cb1f2c4be9ae73faaa323648354947
global_step=110720 | return=43.82 | steps=290 | track=265f975df31b3985ffe89d4b5fef6d74
global_step=110880 | return=-91.30 | steps=168 | track=a17b9d00a26a4773b8709b55d18c73e4
global_step=110904 | return=-23.81 | steps=419 | track=b88215706369ab493ea6fd52ca562c95
global_step=111120 | return=-86.97 | steps=131 | track=57a01d03383e4edb319bb6949f9dbfb9
global_step=111208 | return=13.19 | steps=63 | track=fb09054962cd517c2864ad66ea8f8ed9
global_step=111344 | return=-89.95 | steps=131 | track=5fa1d315ce9f89ec7c574dab49ba09fb
global_step=111560 | return=-79.27 | steps=131 | track=aa270c46a9190ea4021e96d57953aea7
global_step=111776 | return=-93.65 | steps=131 | track=a06caf6f7c4582dcf0e714054b294894
global_step=111928 | return=28.31 | steps=72 | track=93e12d88e3022fa89cd739d30160aaab
global_step=111936 | return=-103.75 | steps=131 | track=7bd9110727011340264ef75424aabb26
global_step=111960 | return=-91.10 | steps=131 | track=1b07221ccfa18cb72fe25637c876ffc3
global_step=112256 | return=-41.36 | steps=275 | track=b7b8b293368ffef0f6c7aafb97a033f6
global_step=112360 | return=43.55 | steps=154 | track=87b5bc40e7e5a010fb65f1e7f0a9dafe
global_step=112456 | return=14.88 | steps=64 | track=6b4c8db86885086b32290f8a09d3a926
global_step=112464 | return=7.02 | steps=62 | track=8afdaf253530def0b89512c02fbc4f8c
global_step=112600 | return=-94.05 | steps=129 | track=719b49a504429949ff6d093e503b1cbd
global_step=112792 | return=-10.41 | steps=66 | track=88247a8ed60dfdac75812724b17b90a0
global_step=112832 | return=-105.86 | steps=131 | track=50e9a6be352798d07897d54ebb4d71f7
global_step=112984 | return=-85.80 | steps=131 | track=2b2600a827dd23eae5b0a56e92ae9dc3
global_step=113096 | return=0.87 | steps=61 | track=b402cd207dbf3dc74f634d5be664ce85
global_step=113200 | return=-40.53 | steps=92 | track=37e6868285b55e488914eccf54c3b945
global_step=113240 | return=23.89 | steps=109 | track=634c5cdc6b1d88941ef5effe76cc03cc
global_step=113512 | return=-34.54 | steps=287 | track=9c48ed816411374648e4bb6d69bd103d
global_step=113520 | return=-86.37 | steps=131 | track=8c76f95e10d5853f504ba23059f877e9
global_step=113592 | return=-8.31 | steps=61 | track=d45d1f7a1160212ad0f8ac7b1dbf5d48
global_step=113824 | return=47.64 | steps=72 | track=118d5a75645748ec99b3c29679cdca4b
global_step=113848 | return=-87.91 | steps=131 | track=c523ff4db20b7bce5d617e3e249822f6
global_step=113888 | return=-94.06 | steps=131 | track=81625e68826fd9840d25b2e8413519c2
global_step=113928 | return=-74.41 | steps=90 | track=e64e7399952ac9b36c27bfc374fe718e
global_step=114040 | return=-92.07 | steps=131 | track=55cd7f5eae74dc6f7720276fee8319e4
global_step=114064 | return=29.08 | steps=67 | track=6013422ff06083a15efdbae0c10d483c
global_step=114328 | return=-4.40 | steps=62 | track=4ef394a6acd5036249ac37526d86fffb
global_step=114568 | return=-93.31 | steps=131 | track=056cccb29e6b9a0a8f8af0c88cfcba05
global_step=114616 | return=62.79 | steps=71 | track=ada5daf4916466f2c9d2ed1778c7bf7a
global_step=114648 | return=-95.91 | steps=131 | track=1b44543a08d49f306ec93c77f91337b8
global_step=114656 | return=-75.71 | steps=100 | track=1e7093f53694c2523662400999e1c3e7
global_step=114688, SPS=44
global_step=114944 | return=-104.42 | steps=131 | track=6433d807af5ce65a2507b29c7413a3b9
global_step=114976 | return=-98.19 | steps=130 | track=21466ea29afe3237605cf61fb0a861fa
global_step=115168 | return=43.13 | steps=64 | track=c13be323ffed21e01eb81318d6f8125d
global_step=115216 | return=-84.55 | steps=110 | track=ed662f3237ab15792cfc8021a76159d0
global_step=115216 | return=-34.96 | steps=143 | track=6f7d3171dbfd09cb43d530d150dccc6e
global_step=115312 | return=-45.27 | steps=45 | track=314efdf907e179d77f987f023375a17b
global_step=115672 | return=-90.84 | steps=131 | track=196a3b161864636d743d0ccade0b2cf6
global_step=115712 | return=-51.63 | steps=131 | track=573156b2090317d1fe6a0a646ad79399
global_step=115720 | return=18.17 | steps=143 | track=3e0df56464bd9fbc4ca2db2baad5e356
global_step=116272 | return=-86.77 | steps=131 | track=2c87e2144baf202e94e66e7bcd96311e
global_step=116368 | return=-98.04 | steps=131 | track=630dd88ec5695dc36de41ddae2fdda4c
global_step=116504 | return=-42.17 | steps=166 | track=0e0a4929da665903803df03eb8ba9e36
global_step=116600 | return=-31.45 | steps=115 | track=f197d5424d25f65860c91f7007b807ab
global_step=116768 | return=-91.85 | steps=131 | track=5638bc8adb0c7c9504bcab26667f1a8d
global_step=116872 | return=62.76 | steps=236 | track=081b2973391dabc895b41ed2270964ef
global_step=116944 | return=-3.25 | steps=152 | track=4a50a7d642c0f01df5458af705080a3f
global_step=117320 | return=-93.68 | steps=130 | track=bef85fed6ea45d7f66895d891a16af2a
global_step=117384 | return=-40.06 | steps=109 | track=72d06a14380b1c9aa567ebdafe90282e
global_step=117424 | return=-96.39 | steps=131 | track=2b9771ff7a8ff34bf487fdafee699147
global_step=117560 | return=16.18 | steps=76 | track=7ec54e42ffed05fac5bfd85f7e99f5e9
global_step=117744 | return=-46.79 | steps=121 | track=fbef6ec6491481103feb8b6493dec852
global_step=117752 | return=-39.74 | steps=143 | track=f9a5e2d9f68ccd3fe7e281160d11bac4
global_step=117872 | return=17.98 | steps=331 | track=1e27804abf5a086aa7bfc131f5fe8cdd
global_step=117928 | return=-96.93 | steps=131 | track=eb99574113f401d0a3fb50167807eac9
global_step=117992 | return=16.68 | steps=70 | track=754c22ab89de47883ec66d99b1ada37f
global_step=118152 | return=-27.54 | steps=49 | track=de3b471482a33802c3b88526c1567dd4
global_step=118368 | return=-99.95 | steps=130 | track=57f7d71d4235441934fb25a7bcc26fa6
global_step=118440 | return=-91.44 | steps=131 | track=6d55e0fca6ca975d7a390c606392e613
global_step=118528 | return=15.66 | steps=74 | track=46e6fa84735429b107d580ca9bb45446
global_step=118616 | return=-98.00 | steps=131 | track=ef3087055cafe58c57db204ae73da69c
global_step=118800 | return=-88.79 | steps=131 | track=d20fc678bf668ce641d0cf0ca896d3b2
global_step=118920 | return=-97.71 | steps=130 | track=ba2195247c77f51dde44c61c87353c19
global_step=119048 | return=-97.91 | steps=131 | track=06be71a4012f8b648a86944d4e64bdd6
global_step=119208 | return=-97.82 | steps=131 | track=474b3ff027d7957525f30b4c24dd52ce
global_step=119424 | return=-100.91 | steps=131 | track=1839de4e8fb57ed6666bfbf8c2e5daf5
global_step=119488 | return=-81.38 | steps=130 | track=956339da78acdb49b9026e36738be75c
global_step=119544 | return=-14.97 | steps=92 | track=d3930109bda04a57569013a7fce9c601
global_step=119584 | return=-86.06 | steps=131 | track=d7334a6135984ed47ae912586cccd43b
global_step=119832 | return=10.94 | steps=151 | track=c9b7fb14e3f4abf7d177efef3dad18d8
global_step=119864 | return=19.36 | steps=117 | track=ebe72a29ab150f0e18bb85f12c2c09ba
global_step=120104 | return=-91.94 | steps=131 | track=2b75d336fa3586514da1343da4ea53c3
global_step=120472 | return=-88.19 | steps=130 | track=5657ac8ee7affe95e5dfcd481ecec729
global_step=120592 | return=-104.86 | steps=130 | track=44003d0f4503a8a5fdfb91a997dd9530
global_step=120640 | return=-97.09 | steps=131 | track=5102e8f65274e319b36f053af34b127d
global_step=120848 | return=-21.51 | steps=46 | track=77b65b125668558e9a0e462b3852c894
global_step=120896 | return=-96.34 | steps=132 | track=e35e21e6c37333427a60b810a721f1a5
global_step=120912 | return=-101.65 | steps=130 | track=9db1ed7d39fe05f1da366be48550c7b1
global_step=121160 | return=-93.13 | steps=131 | track=ebc0e96815d68d4b402e5e924b678f7a
global_step=121160 | return=22.84 | steps=64 | track=4ff2a7d0df33454a684870886b28cad0
global_step=121312 | return=-28.28 | steps=227 | track=702bdc8e55b10c1d7743254e2e0208ab
global_step=121648 | return=-96.55 | steps=131 | track=c049a2590f0244952931349fcf465ba9
global_step=121872 | return=-101.55 | steps=332 | track=0a6ed2b6b5aab36721893452f4775f27
global_step=121952 | return=-105.79 | steps=131 | track=23193cc05464110ee23b9dbce4140913
global_step=122216 | return=-91.71 | steps=131 | track=59e410e512dda37aa7364edeec0794e3
global_step=122368 | return=-106.61 | steps=131 | track=550c664e752a38eb396ef8e9933ae889
global_step=122384 | return=223.43 | steps=152 | track=c0dbca5129e938097906ce648f4622c5
global_step=122632 | return=-116.26 | steps=222 | track=6c13d361d0147ef87b34c2a309e3eb4b
global_step=122880, SPS=44
global_step=123008 | return=-92.96 | steps=169 | track=4e8897273b5c9b93fcb795a9e29868cb
global_step=123160 | return=-102.46 | steps=150 | track=21d14f702c95a362f000ae2f69c849d1
global_step=123304 | return=-90.00 | steps=114 | track=b034a24f4d73b038bd5348b8f4722b10
global_step=123424 | return=-88.50 | steps=131 | track=6f42316f591d9de55fad903324d1607c
global_step=123512 | return=-5.36 | steps=161 | track=d834376e82fda9b14e963f97199b88e1
global_step=123688 | return=-90.55 | steps=131 | track=1d43d90c77657c16a31a448ca2b430fb
global_step=123800 | return=5.02 | steps=61 | track=d66c7986b026db93100804e06fe17567
global_step=123864 | return=-1.49 | steps=248 | track=a7d53012b0982d84aeb3985d10671a67
global_step=123936 | return=-71.06 | steps=96 | track=b8fc64a305fa9fa840b23a6189d25cf3
global_step=124288 | return=-53.61 | steps=159 | track=d9ca6a3c9e569e8cfafab10c5a6060e9
global_step=124480 | return=-91.31 | steps=131 | track=3a86154cc80295be15ce61ad134ecfe3
global_step=124568 | return=-104.60 | steps=131 | track=7f2abf3a6cf27820f9d6125a223b8c76
global_step=124616 | return=-56.31 | steps=462 | track=c8316bb68db0f8f8401e46b7bbc1f42a
global_step=124864 | return=-92.77 | steps=132 | track=65fedb277736a6f7536db0a2c5ffe77d
global_step=124992 | return=-94.31 | steps=131 | track=917f90fb396104efbe8e3c1e86643d71
global_step=125120 | return=59.77 | steps=68 | track=3ae3cc22a0b880f2be9fd993bcd99241
global_step=125272 | return=-2.01 | steps=197 | track=8d2231fd4b732014256581cd3fa58cd2
global_step=125344 | return=-92.53 | steps=131 | track=1dce6b94467a4f606382b07542b4f1ad
global_step=125480 | return=-134.17 | steps=201 | track=ecc031d524b26827127bf7365c635a3d
global_step=125536 | return=-95.27 | steps=131 | track=2bb650acbfe8330a3801930fb0f4175e
global_step=125664 | return=50.85 | steps=67 | track=8a4bcddb998aa841ce07523f5d4c974e
global_step=125672 | return=-90.77 | steps=131 | track=63653713df4f44e9a34af2d384b2bcf1
global_step=125872 | return=35.08 | steps=65 | track=9386ab8278df4f8a430d78cd45afffa0
global_step=126048 | return=-49.47 | steps=147 | track=2354010a27fa1e3d1a84f9a3c3a8a6d8
global_step=126168 | return=-3.62 | steps=85 | track=1f9025af1e64dcd07b6da5d8f5992e25
global_step=126320 | return=-21.14 | steps=130 | track=a6b7091a533147d7af477d22ce93f262
global_step=126592 | return=-88.70 | steps=131 | track=7e24a5b4e89bf47b1179f377fc8be5a7
global_step=126712 | return=-98.27 | steps=130 | track=a45419dd74201aa75a70a13ebd97536c
global_step=126728 | return=-84.24 | steps=131 | track=ab586ece3f21e583a5989819651dc4cf
global_step=126928 | return=-111.01 | steps=131 | track=8fbfd06a430449255dfe575361ca081d
global_step=127104 | return=-87.78 | steps=131 | track=09b5e355c8dea779ab8c038a428f1cca
global_step=127224 | return=-86.06 | steps=131 | track=dd1543095f87b24b94ca27983d7652bd
global_step=127376 | return=-87.91 | steps=131 | track=437732ba0b9e576b7f267d1378faf225
global_step=127424 | return=0.41 | steps=61 | track=eb13eafca095c6fc526e0e3d5faa578a
global_step=127704 | return=8.80 | steps=123 | track=d1f50a60c23fec701d611e8ca5cec730
global_step=127960 | return=131.49 | steps=170 | track=ed0fa777a128d412f40e83862839326d
global_step=128080 | return=-10.25 | steps=46 | track=a54f5a90069a43f588a73964103a74be
global_step=128120 | return=-61.89 | steps=173 | track=32a84effad0ee4195f0ab8a8854fea3c
global_step=128160 | return=-97.09 | steps=131 | track=123ffc8ff01dc4c722260b3567fad3b5
global_step=128280 | return=-94.48 | steps=131 | track=4581294bf6ed3494c31cef0a0007e556
global_step=128424 | return=25.20 | steps=428 | track=c7e0d4b3e15c43c37f8a74b9f4847a5b
global_step=128480 | return=-95.17 | steps=131 | track=40512a28546e02e5a478624f43b76803
global_step=128512 | return=-61.89 | steps=141 | track=72cf9ed46aae069bd4a9e242a06b87d7
global_step=128584 | return=-3.31 | steps=57 | track=2c22922f7ac858e50fc3c36d107a0aac
global_step=128664 | return=-40.26 | steps=47 | track=81a883d59fb286b3c70a3d2e6e1950bc
global_step=128984 | return=-2.56 | steps=69 | track=54c602918eda0013cf1edc87bd9f4d0b
global_step=129016 | return=-90.20 | steps=131 | track=934f8b04b3f944f6b385214909970fc8
global_step=129096 | return=17.84 | steps=116 | track=82fc51fd88a95b490c819200c60b7978
global_step=129144 | return=-89.48 | steps=132 | track=2d0e15e921c22cb505431cc7d7dfccb0
global_step=129232 | return=54.24 | steps=70 | track=843bb595880b5a720a357a37e7b39f39
global_step=129536 | return=-91.63 | steps=131 | track=17f8c17b2170bd713fb1041724e0c3f1
global_step=129640 | return=-95.24 | steps=131 | track=dac91d13180f25281beb6958acffcd0e
global_step=129704 | return=-21.84 | steps=148 | track=a23503969a53d7558ecba7c3592941b4
global_step=129768 | return=-45.60 | steps=93 | track=d84ad8f715a1370a198dbbbba028fafc
global_step=129872 | return=-46.97 | steps=41 | track=ec1c984b881acbfd0dc0986958c1e20f
global_step=130152 | return=-89.66 | steps=131 | track=e40fa65d6efac801033dfaa61285dd01
global_step=130160 | return=18.69 | steps=146 | track=bb38df64fbe3ae3b631c87f6b3bc8f47
global_step=130256 | return=-41.78 | steps=47 | track=a38499ed011e710e031422e3b4386c96
global_step=130600 | return=-91.28 | steps=170 | track=84be3e9fbd9d841c2f9a8d4f6f2f1307
global_step=130664 | return=-56.67 | steps=63 | track=5e8ef00f3e872f0c70f2f9bc00b52893
global_step=130688 | return=-101.65 | steps=130 | track=2f092a58c4431ecbaf493e5e17c7dd4b
global_step=130760 | return=-94.89 | steps=131 | track=afccc7452cefd2eed42e2f37fc1d374a
global_step=130824 | return=-102.04 | steps=131 | track=10d85217f62611d56157b5d0b0ce54d1
global_step=131072, SPS=44
global_step=131176 | return=-40.38 | steps=253 | track=6c21bda04c287cc47da5584bc4d7112a
global_step=131256 | return=-66.69 | steps=124 | track=0737957864ea775a1948ce896c9d50a6
global_step=131376 | return=88.76 | steps=85 | track=6da89e08bd41079b396bb77d12a0b1e9
global_step=131656 | return=-88.50 | steps=131 | track=0143c17f6666f9fc1ac6c1720e015430
global_step=131712 | return=-90.93 | steps=130 | track=d42a84e33a390a65629d304e33ddaaa3
global_step=131816 | return=-93.10 | steps=131 | track=a6facb43a9da09c08753c2f17d1d2a26
global_step=131880 | return=-92.90 | steps=131 | track=e17f109ac7fde3a784f6977607513d42
global_step=132224 | return=-95.51 | steps=130 | track=038f57cc2546dc526c186ee081967eda
global_step=132384 | return=40.75 | steps=277 | track=2a8453b85dacc90577dee4a25f4e968a
global_step=132400 | return=-51.92 | steps=142 | track=7d6995ff63200e6b2f0368297509004a
global_step=132432 | return=-96.03 | steps=131 | track=7c62b87dcf114e457c9e67f29303181f
global_step=132712 | return=-89.98 | steps=131 | track=75409e8ea1db20d0a40c198c3c31bef0
global_step=132872 | return=-103.69 | steps=131 | track=11cdd0120e4f5cfed0755bdb2d78b6bc
global_step=132936 | return=-93.63 | steps=131 | track=7021bae4d9081b9f86493b420c4f793f
global_step=133008 | return=8.91 | steps=161 | track=37662f52b23e530255710dbc47616a9b
global_step=133208 | return=-61.86 | steps=102 | track=2c4d8c048a330d906ccc73ea892b42f1
global_step=133488 | return=-85.90 | steps=131 | track=64563e7d7c882f9cbee9a152d54ca7cf
global_step=133504 | return=16.85 | steps=61 | track=0dc8d2dc0c231f24d1e5d2aeb16f128b
global_step=133552 | return=-23.80 | steps=143 | track=2cc1342d3bb37a3822ec43f9ba29c980
global_step=133568 | return=-33.15 | steps=106 | track=289fb97f48dfb6d1e93e27ff17127b88
global_step=133840 | return=-79.08 | steps=201 | track=6625a75c43c6f9fac0e22534a65da0c9
global_step=133920 | return=-108.64 | steps=130 | track=a9f8d8205eda5048e83c3169b18d23c9
global_step=133992 | return=-101.22 | steps=131 | track=582c30f85bec00f8bd7913a1a1e39a08
global_step=134024 | return=27.27 | steps=66 | track=0152dafb62897072ec018ecbfbf9de7b
global_step=134032 | return=-74.18 | steps=102 | track=e8591aeb739a35cf3557403318888b38
global_step=134376 | return=-18.59 | steps=56 | track=07069479a397749b00b67a3fb6bf474d
global_step=134536 | return=34.60 | steps=67 | track=e3dd7eff9d055a4da9de3cb61d795bdc
global_step=134624 | return=-82.04 | steps=131 | track=dd9c580edbc645abdc9f0e374b6c41a3
global_step=134752 | return=-76.35 | steps=149 | track=d477a8aa30a693fc2c5b2c8dfce94d73
global_step=134768 | return=-71.39 | steps=157 | track=f78441253c16ac9327f74e51848ec2ef
global_step=134896 | return=-96.76 | steps=131 | track=e6b198237b11600cee26722329cc1ea4
global_step=135080 | return=-87.23 | steps=131 | track=14eb4a5d50e792739066d3d6fe660da9
global_step=135088 | return=-84.61 | steps=131 | track=ce29b0ff13f07cb25660927746bde841
global_step=135432 | return=-89.43 | steps=131 | track=89b6b223cedee5bfafa05066fc209bfe
global_step=135672 | return=-94.88 | steps=130 | track=f7adb6bf8bc2af7aa1bb0bd6295d8782
global_step=135704 | return=-40.94 | steps=145 | track=fc9d971012f775f440bb265a79d58e32
global_step=135808 | return=-104.31 | steps=131 | track=a7865eac09a64ff73429d273bc45b809
global_step=135960 | return=-98.78 | steps=132 | track=cbb2fc886d1207f32da72af2408ac3c4
global_step=135976 | return=6.68 | steps=150 | track=54d9648d72dde596c4cbdc7bf850f52f
global_step=136144 | return=-87.49 | steps=131 | track=360a265b84f058aa50c7280b85fe623b
global_step=136488 | return=-87.78 | steps=131 | track=b487fe0c416f2fe1e1762d50bace9e03
global_step=136720 | return=-14.72 | steps=113 | track=4e869930501e55a2dac218ef865ae8ba
global_step=136728 | return=-88.02 | steps=131 | track=0a432a6a19e569b6efa50321e3bda2f9
global_step=136880 | return=-35.73 | steps=112 | track=b6fe52ce04c46bf12f4c24730cf31488
global_step=136944 | return=29.51 | steps=154 | track=baf04e5d6144c80eaff49a3862511594
global_step=137128 | return=-9.88 | steps=49 | track=f743d26d5f1380c20d740f5dafabcc24
global_step=137240 | return=-43.59 | steps=159 | track=ae813a8ca1555c284038889cb1b23178
global_step=137408 | return=-23.50 | steps=157 | track=78d3ef047ac7940f0072e981da82100e
global_step=137536 | return=-95.51 | steps=130 | track=801c81b9856a0f2a10486a490a7fde3b
global_step=137776 | return=-90.93 | steps=131 | track=0dff6b0d9a788283b58b965036b023d5
global_step=137792 | return=-151.35 | steps=338 | track=a70141457e3e65e5aaab6bdf12ad2a6a
global_step=137952 | return=-90.22 | steps=133 | track=8d99386f5d9010b19a00a6a7e5640973
global_step=138008 | return=-107.76 | steps=132 | track=9a94d4705f0c16c0d9d08248e2fea336
global_step=138104 | return=148.87 | steps=107 | track=f29e74aaaa9603f873f3b45d9c6ca9d9
global_step=138184 | return=-91.21 | steps=131 | track=1b2636ea6b34ff69d7795ebe4f94cca5
global_step=138376 | return=-45.32 | steps=45 | track=773530b52aa7547f01ac97f7cd78398a
global_step=138592 | return=-96.04 | steps=131 | track=690fbc60351c37045fc54a3147b029a3
global_step=138632 | return=-79.89 | steps=152 | track=5b1b7fc0e4ac0225551ec19d274dfeaa
global_step=138680 | return=-51.75 | steps=90 | track=1fc758b45d3c00d148fd4a4728bd7681
global_step=138832 | return=-81.77 | steps=131 | track=2b4f0547a064003e03bc8736ead07965
global_step=138848 | return=-87.46 | steps=131 | track=2e74ecdd8072a76efd52ac1c47da787e
global_step=138856 | return=-0.06 | steps=93 | track=b4c8676d33df3674b26214dacf26737f
global_step=139016 | return=-39.11 | steps=41 | track=a4126ae20b6e718a4bf006301fc6b72d
global_step=139168 | return=67.58 | steps=66 | track=4642ad3f382579ef3e378496d1851c8d
global_step=139240 | return=-90.11 | steps=131 | track=7320d74d5b0239022b117555e3316d4f
global_step=139264, SPS=44
global_step=139432 | return=-101.30 | steps=131 | track=e8aa4d4cb810b4c82425cc3daf8d97ec
global_step=139536 | return=-33.91 | steps=45 | track=e8f67799e246852332a124b3405993b1
global_step=139640 | return=-56.68 | steps=130 | track=04d2d26faf102f352a3d3ac9f1d3f492
global_step=139888 | return=-109.03 | steps=131 | track=d64e5b0552e0f304963a7a910fc1eec2
global_step=139912 | return=8.02 | steps=83 | track=49cd4f7947ce9ed9b68c335153c2c4c6
global_step=139912 | return=-96.25 | steps=131 | track=1c4ab28075b9191b5c97ae5ef12bd76a
global_step=140072 | return=-108.91 | steps=131 | track=daad822701180f36c072d835e7b8446a
global_step=140136 | return=49.45 | steps=160 | track=4973828910fc79ba0f5bb32d5b927339
global_step=140272 | return=-13.49 | steps=44 | track=b6e4acafd2bc0ac54a40041c1eefd4c1
global_step=140440 | return=-13.07 | steps=45 | track=edb7a47abcfd694b4cacf747e6c51ab6
global_step=140488 | return=-66.28 | steps=131 | track=cbdfc171425fbc840ae6b5ca7b71e3a6
global_step=140592 | return=-97.59 | steps=131 | track=a7dc21dba526f09971642265bcb2a389
global_step=140648 | return=31.90 | steps=63 | track=0bcf6bfb04e64e14c1d66de89668b0ee
global_step=140688 | return=-85.78 | steps=130 | track=0201f72898e2bcc9de776fe15b2f4ba7
global_step=140840 | return=-85.64 | steps=115 | track=8e6a5d6b35b3439396f366a1b75a9d23
global_step=140944 | return=-70.33 | steps=131 | track=38d6abc2a931d8ef59dfe6a35d4df04a
global_step=141016 | return=-31.80 | steps=71 | track=b71872cc9bebe4cc0feb35fa11a1188e
global_step=141552 | return=-94.70 | steps=132 | track=40f6a781fec3946998298a70266ccfbe
global_step=141648 | return=-74.50 | steps=131 | track=32eec2e47bcb8730087db0f11946a90b
global_step=141872 | return=-92.53 | steps=147 | track=a8a747493a051f4ad18414593d15f9cc
global_step=141896 | return=-92.29 | steps=131 | track=0902bc0e049eab00ab2894351bda03bd
global_step=141904 | return=-59.41 | steps=110 | track=1ffdf1c9420d9505ce68857e1c68226c
global_step=141952 | return=-10.69 | steps=49 | track=d1b5bdf31f3a4a9e0efc012fb72dcefa
global_step=141992 | return=-97.82 | steps=130 | track=efb8df6137720fed685a0309b47e4f9f
global_step=142016 | return=-19.20 | steps=170 | track=e0c9a539fd5028469c041d890045e956
global_step=142736 | return=-55.53 | steps=89 | track=fb03999cfa640ffce7e03cc5c8d7f175
global_step=142928 | return=-96.36 | steps=131 | track=e23389921d7a287e911a8f3d4bcbd22e
global_step=142952 | return=-98.11 | steps=131 | track=5ba9fcdd10ed04c7de76bd533c2c6b27
global_step=142952 | return=-73.00 | steps=130 | track=59fdfb5085397de2d65a2d80c4552114
global_step=142976 | return=82.28 | steps=337 | track=fb77385f5628656ba528da8d6b404ce8
global_step=143008 | return=-101.11 | steps=131 | track=8d1f5bfdde33c3665a5b57cf94709c9a
global_step=143144 | return=-98.63 | steps=143 | track=0d00f162bb688d36603b25d62371e618
global_step=143272 | return=32.68 | steps=66 | track=2df3e6ff7084a3ed7fd0edc4efee3f93
global_step=143776 | return=-29.71 | steps=265 | track=b942cf377780e73599bd1595be227a03
global_step=143984 | return=-93.10 | steps=131 | track=06ccdebb275058831a0b6ca99af99f24
global_step=144008 | return=-92.97 | steps=131 | track=fe4e23c2f8f3e355837f2d6821ac271f
global_step=144008 | return=-96.82 | steps=131 | track=9b3084213ef416374f1b4a20fabd3ebc
global_step=144200 | return=-87.75 | steps=131 | track=2f92e35e6fa773fe24b956b5957e9b6f
global_step=144328 | return=-95.10 | steps=131 | track=7a745ca7631e69d114949c64aef48871
global_step=144344 | return=51.10 | steps=170 | track=e705305f2f7e7ecbb9e10287e1bef9db
global_step=144416 | return=-14.48 | steps=50 | track=e280ec832fdbf1f8305c2c4841c83eb5
global_step=144592 | return=40.31 | steps=75 | track=474c67c796f4484e94091df5de3213a8
global_step=144768 | return=33.03 | steps=70 | track=d4eaa82786825a5b6e1797fad98f7e17
global_step=144832 | return=-100.88 | steps=131 | track=d2fe6cbc17fa35cf4101830338b8a8ed
global_step=144992 | return=-20.01 | steps=247 | track=d22e931276731af401517c420b8f3957
global_step=145360 | return=-20.55 | steps=45 | track=36e18e1ccf89c425eba78fe89118e1d6
global_step=145376 | return=-48.37 | steps=130 | track=1256f49bc3bc10bee855cb748067eaa0
global_step=145400 | return=-87.71 | steps=131 | track=1e6c6b4308ab721ca069e3691bb1cfcd
global_step=145472 | return=-85.04 | steps=131 | track=bedd60eb709ba24498bd82b4aa5bd7ff
global_step=145680 | return=-112.03 | steps=208 | track=e7bdd14b033ccd01e41b9c6648165131
global_step=145776 | return=-42.18 | steps=147 | track=a50e03023623e8441827e37bcf064534
global_step=145888 | return=-96.71 | steps=131 | track=a3439ca711c573a542cb4647e54fdde0
global_step=145904 | return=64.71 | steps=67 | track=906e915da9671d08057c5ee57889b568
global_step=145928 | return=-55.58 | steps=144 | track=7bc00d29fb05b36650c7aa574767e0f8
global_step=145968 | return=47.27 | steps=73 | track=f93180b526a6978e89aef564e8902b05
global_step=146064 | return=-44.12 | steps=47 | track=b3162c51e9c1a4b332f1619e7c0aaaab
global_step=146232 | return=195.42 | steps=103 | track=2adb79271e81dc8d89f87e4d2f0c1d04
global_step=146520 | return=11.06 | steps=76 | track=4576793573b920dbd05cb6a03127556e
global_step=146680 | return=-37.34 | steps=150 | track=77915df91349d1cdb8c26d4bcc30a7cb
global_step=146832 | return=-98.78 | steps=131 | track=cd4c082cc1dac22660d3451b6f860329
global_step=146944 | return=-85.26 | steps=131 | track=fc2383b51c43c53fcb9a326eab321aed
global_step=146984 | return=-94.48 | steps=131 | track=d5cfba701d9b269d76e82c487138c42c
global_step=147024 | return=-98.51 | steps=131 | track=8bc616cc479f44fbd296d959ac4a2ad8
global_step=147120 | return=-97.50 | steps=131 | track=6e517405b306b84ceb96a07b2c466b4d
global_step=147184 | return=-42.72 | steps=43 | track=aaff0f28e9a5da7a7568e36510061a26
global_step=147288 | return=-91.00 | steps=131 | track=7b8defaab84a96bfcdf68942c896cdf7
global_step=147456, SPS=44
global_step=147520 | return=27.21 | steps=66 | track=83f58d30d2ed431379ac99292b1b8d2c
global_step=147584 | return=-52.95 | steps=112 | track=2df8eac36a5fc4fd19a4ee7cea176639
global_step=147672 | return=-46.83 | steps=47 | track=6d89e0a627da894cf05fa705918fe07d
global_step=147984 | return=-54.30 | steps=57 | track=03d07b702e68a5c8fb147e1524fe5959
global_step=147992 | return=-50.71 | steps=130 | track=c736dd0b174ef20f3e87148c4c64a135
global_step=148216 | return=-55.97 | steps=136 | track=7e5fa30a76d7af9e65de5394c0274b28
global_step=148312 | return=47.74 | steps=90 | track=65a166a17ff35f4c1d5609bf1bc9374d
global_step=148360 | return=-25.25 | steps=146 | track=718262e9351e7e12a936734279ad511a
global_step=148384 | return=-1.06 | steps=169 | track=2e6e87b6b2881016a8dd12b1ab6f8593
global_step=148704 | return=0.99 | steps=60 | track=5770a34e82a7950093e69ba47457bd84
global_step=148728 | return=-42.47 | steps=92 | track=175269f1956ff060c81dc39b2aafdf5d
global_step=148728 | return=-96.79 | steps=131 | track=f88d8ec555d95aae533854c38311cb92
global_step=148808 | return=-124.38 | steps=285 | track=12ba05535384907b9cd11eb9bc4985e3
global_step=149032 | return=-50.44 | steps=129 | track=50ed2d9acabb079d8b2c4b6a990f86cc
global_step=149072 | return=-38.07 | steps=42 | track=7dbb94d2f7b5c91da17706a8cd3f78cb
global_step=149424 | return=-106.35 | steps=132 | track=2aec64c14d5939f919b8248e4254803e
global_step=149440 | return=-92.42 | steps=131 | track=c51c116a99c72828df9c833e425cc5b2
global_step=149760 | return=-102.18 | steps=131 | track=da9b64ed1109482541a71d36e08db610
global_step=149784 | return=-87.46 | steps=131 | track=d8914158464adb6d1e6c1b47eee2b209
global_step=149800 | return=-5.64 | steps=46 | track=96e89bf2d3c29486addb28b88fc5108b
global_step=149864 | return=-96.87 | steps=131 | track=20a201b7d71acd8318af49fdf5a62692
global_step=150088 | return=-81.40 | steps=131 | track=e1355f0ab1466d0d170f8babf5b8c434
global_step=150128 | return=-103.66 | steps=131 | track=ae04e0ce5d447557cfc0f11de17078d0
global_step=150272 | return=0.00 | steps=103 | track=9cd56cbff74f1c2af979418c858a2419
global_step=150312 | return=-27.21 | steps=63 | track=e71ab85c09788d4ceb622b28037d8899
global_step=150576 | return=-109.95 | steps=282 | track=15f1d84775578a66d4f63e056eac582c
global_step=150832 | return=-100.35 | steps=130 | track=36a5f090917310a951c5cb0a633d22e8
global_step=150920 | return=-98.30 | steps=131 | track=f3d65c2d0627885da44b058d70070f3d
global_step=151104 | return=28.92 | steps=126 | track=3b824c0f48e86b8234f2cab4ee9943d1
global_step=151176 | return=-11.43 | steps=176 | track=4d69b38fd65f7f9ded8562a58bb8a10f
global_step=151184 | return=-88.57 | steps=131 | track=99dd4980327d7a72be4d0430de331522
global_step=151328 | return=-83.86 | steps=131 | track=8a13142858fc59993b3b009b504999a5
global_step=151360 | return=-92.37 | steps=130 | track=b9b702715cebc08af0710319699becd1
global_step=151392 | return=29.73 | steps=69 | track=f9a70bdfdf0e28a4bb005ddd2a9a99bf
global_step=151648 | return=62.24 | steps=67 | track=5e74b0fefa8587f7da3f5e3735277354
global_step=151720 | return=-74.24 | steps=142 | track=c1ac2544f022af7ff18021c7638155f7
global_step=151896 | return=19.45 | steps=89 | track=0c388b254b72edd0758b50bc660979a2
global_step=151904 | return=40.23 | steps=67 | track=d38885bb4df73d09a724c69d0a16f1f9
global_step=151976 | return=-91.86 | steps=131 | track=11a1447e0fe557144b79e695205ba4d5
global_step=152048 | return=-77.98 | steps=107 | track=d67fa3b96f395aa26a362f37598c9364
global_step=152104 | return=-27.55 | steps=47 | track=e30b4f9ed9439a423cf46476042141ac
global_step=152400 | return=-68.10 | steps=62 | track=597e66724ec9332817f7efc61f27b1fa
global_step=152544 | return=22.75 | steps=151 | track=d87538c6d3c8c765288cc91109db57d6
global_step=152696 | return=-97.27 | steps=130 | track=d5d7d71c91ad4e14bc1902f06af6f029
global_step=152928 | return=-25.04 | steps=47 | track=09f52f5faa34b1590fc90757e69629ef
global_step=152992 | return=-28.77 | steps=110 | track=dd9d5f589fbdfbc83ba34d377eebd03a
global_step=153024 | return=-85.78 | steps=130 | track=2954b8c18a1f33f14989933289e61b97
global_step=153104 | return=-87.68 | steps=131 | track=aa957bae0f0a0854674c975793b53e31
global_step=153144 | return=33.21 | steps=154 | track=812b8e8164387bec3929cec7cb0ea261
global_step=153336 | return=-108.06 | steps=242 | track=54eb0a804c7dbf6919f231b6dfbeed08
global_step=153456 | return=-103.97 | steps=131 | track=84d8dceb2d364170c2dcba77e7a2c1fa
global_step=153576 | return=17.11 | steps=80 | track=c8c8d668787ecad18ca5704cdd6c2953
global_step=153752 | return=-79.13 | steps=131 | track=ca7f3d9a2c5ac25131545675fa3bf849
global_step=153864 | return=20.40 | steps=89 | track=daa5df17c5d2e2ebdee3bad588ed7bd9
global_step=154048 | return=-95.24 | steps=131 | track=cfcf530a2c840a6cad68b5004497adc8
global_step=154080 | return=-99.67 | steps=131 | track=130de8b3a6afdeec2be525a6f890f511
global_step=154160 | return=-92.40 | steps=131 | track=d04d08b6449ab2ec2d1d3421eddcf2a3
global_step=154304 | return=197.18 | steps=105 | track=f87e83f44118ba5858bff8b38cf895a2
global_step=154392 | return=-81.40 | steps=131 | track=737db28ee57d3cca607e169780eac6d0
global_step=154488 | return=-33.07 | steps=91 | track=a37784ff4021988ca2638e189721f375
global_step=154608 | return=-45.89 | steps=55 | track=f4715eb60ca680f2f271522be4c56dbf
global_step=154632 | return=-100.91 | steps=131 | track=0f9f54ecda97b72c663b600c45494126
global_step=154920 | return=-95.61 | steps=131 | track=3d6eb83b996034ac643881fad2a9d2b1
global_step=155104 | return=-101.29 | steps=131 | track=dff960323d749cad44d85ffabaf20ccc
global_step=155136 | return=-87.54 | steps=131 | track=b1a7f0e3f9200b61abec10395776b270
global_step=155360 | return=-95.61 | steps=131 | track=f634918426d29140b5cf8fe21f4e6efe
global_step=155448 | return=-77.10 | steps=131 | track=c5484af1d76cb9b581bd03dcc690b6bb
global_step=155544 | return=-103.29 | steps=131 | track=5782a563adce87c6f756cd9045ed0153
global_step=155648, SPS=44
global_step=155664 | return=-90.87 | steps=131 | track=c0f126aad3a6582e60fcde23a373e905
global_step=155664 | return=-24.47 | steps=128 | track=4327968dbd4c13d1a5eabc5a2244db3f
global_step=155976 | return=-95.80 | steps=131 | track=caa0f4d98902210f2bbf775bbf386627
global_step=156192 | return=-98.51 | steps=131 | track=16dfa53696c22572762a734e2c6c539b
global_step=156240 | return=37.96 | steps=141 | track=0da4e721cddb3b10a189edfabd194314
global_step=156416 | return=-97.09 | steps=131 | track=efcc1b640211ebd2e942f67dd6f81e7b
global_step=156432 | return=-73.36 | steps=110 | track=768313596ebe4f8aa9a9dbd395a939ce
global_step=156504 | return=-91.86 | steps=131 | track=ce939b69d78bee426fca352c171541f8
global_step=156720 | return=-91.64 | steps=131 | track=5367c055737a4186bf72e1866074aff1
global_step=156720 | return=-82.30 | steps=131 | track=470c5b2c7aef33b2f0a36a4db9a9442d
global_step=157032 | return=-89.23 | steps=131 | track=0e85420a367ae795e26d0c304df8e8f2
global_step=157088 | return=57.86 | steps=72 | track=ee171daf06bb9ce879af7f775beabf6f
global_step=157240 | return=-97.71 | steps=130 | track=ac453d3845c525a6d6f5ed22d4e326e7
global_step=157296 | return=-92.49 | steps=131 | track=f286fd39d997ad0cf6ce24352a6e7ebf
global_step=157472 | return=-94.38 | steps=131 | track=83c973e28b31855eb3adebef148a787f
global_step=157648 | return=46.31 | steps=69 | track=28235b8c475667dfccc88870486f4721
global_step=157776 | return=-102.40 | steps=131 | track=29b6a8fd5b922812c8a482b05a73c1d0
global_step=157776 | return=-87.71 | steps=131 | track=944216435f3e608a34b07e7765385495
global_step=158056 | return=-35.69 | steps=202 | track=46d2566ad922d07bff0a047096d3ed4d
global_step=158360 | return=-92.62 | steps=132 | track=0f6f374dc153d01a33ad1428d6a733a3
global_step=158408 | return=-11.37 | steps=145 | track=87dbac2b78b113f94145f80ab83d81ac
global_step=158520 | return=-106.09 | steps=130 | track=4ac505eb1b8d7bdfcb6c8a8d6f24a6d1
global_step=158704 | return=-88.90 | steps=131 | track=260306fc2e3ce4e7e8a7348cd251f9e9
global_step=158784 | return=-71.48 | steps=90 | track=09ea4b549dafb2ea12966355de5ddbd8
global_step=158984 | return=16.97 | steps=150 | track=8f5f6c06baf89d121d60a101df9a3304
global_step=159000 | return=4.79 | steps=152 | track=1a22d1a308ad58f04626b1a8a524078c
global_step=159392 | return=-75.51 | steps=108 | track=1ad361d436267e4453144017d368d978
global_step=159400 | return=-27.93 | steps=49 | track=a57fe70ded6b0e5dfab805981acdccf9
global_step=159416 | return=-97.30 | steps=131 | track=73ae553426e56a20cf37dc1ef5ef389f
global_step=159760 | return=-100.54 | steps=131 | track=a1afd75ed47ba87e7ead251d73409397
global_step=159832 | return=-100.46 | steps=130 | track=019c9658d3701f60fdf6906945afedaa
global_step=159928 | return=5.81 | steps=63 | track=28478d91539a0617d44362ea0391e5d3
global_step=160040 | return=-106.65 | steps=131 | track=f60ddc2f7e266d362ea8570ef316921e
global_step=160296 | return=11.44 | steps=66 | track=a54784fa9ae1e97b7572567000f350fe
global_step=160448 | return=-100.11 | steps=131 | track=c44b4c2cbbc414ef7c5461373c0da3be
global_step=160456 | return=-95.46 | steps=131 | track=16db3642aa2a98d935fb4908d9270766
global_step=160480 | return=25.28 | steps=80 | track=21151f06ef6054f9df1bb08e5e27b964
global_step=160528 | return=-180.37 | steps=436 | track=401288b3d32691287d9caeec8cfe21cd
global_step=160864 | return=-93.63 | steps=306 | track=f91f1899d69bda8c84d25b41c95c54f2
global_step=161024 | return=41.87 | steps=67 | track=7b7bdf745caef6d115500e9290f5b0ea
global_step=161088 | return=-104.68 | steps=130 | track=7b58cf54cd83f625603717cd236596da
global_step=161352 | return=-93.07 | steps=131 | track=1318ab4ae3c72eb99e0922d7c47cbfc6
global_step=161416 | return=-52.16 | steps=185 | track=1c3d7d05cfda88890c485a0ef6ca8484
global_step=161504 | return=-94.01 | steps=131 | track=094cce895e3cfc1c08ef647260cd1a88
global_step=161568 | return=36.73 | steps=67 | track=b985c97978a11a5db2ee300987c51298
global_step=161584 | return=-99.19 | steps=131 | track=8688177a4624f8be274a725f82c12031
global_step=161792 | return=31.95 | steps=166 | track=e60bb9481b5ca345bffe8187aa1772fb
global_step=161920 | return=-93.37 | steps=131 | track=373d3229588fedc1f1fd82de4fdf7b20
global_step=162144 | return=-99.29 | steps=131 | track=a5c7d14079d8b766cf98409227ab0226
global_step=162152 | return=64.12 | steps=72 | track=26979925cc2a4c95c746fbba19ceef43
global_step=162400 | return=-87.56 | steps=130 | track=5fb80be7b9428aefa0a585bd88563652
global_step=162472 | return=-101.70 | steps=131 | track=ab621ffba0fa2d85c8f196b5e448dc61
global_step=162560 | return=-88.64 | steps=131 | track=3cb9455f9ee6d8d3d8d1fdc8d1e21e1f
global_step=162640 | return=-80.17 | steps=131 | track=30c1e02dd9af1b4106c9ab0c3ced9f84
global_step=162768 | return=2.69 | steps=77 | track=a0f2a54577508eb219973147ff5fc416
global_step=162840 | return=-96.86 | steps=130 | track=39e9b19640d497acc6fa3280c89b86bd
global_step=162920 | return=47.99 | steps=64 | track=df9f723999b136c162659054fcee3846
global_step=162976 | return=-81.11 | steps=131 | track=3f26319828f2791d980ca6c323df04d2
global_step=163320 | return=-35.82 | steps=145 | track=bde85c139286db4aa5e2f18f9661b99f
global_step=163440 | return=7.96 | steps=74 | track=afa709dd65b878ea1ebfbf73dab3c041
global_step=163592 | return=-53.01 | steps=139 | track=81d8936e821dd8bde36eafa8ffe7733f
global_step=163608 | return=-89.14 | steps=130 | track=f75d77cd0203ce2161407a84326674e2
global_step=163824 | return=-90.70 | steps=131 | track=3e26e9c62fb281e40608d363ff70014c
global_step=163840, SPS=44
global_step=164032 | return=-92.28 | steps=131 | track=685cd68b009adce14308fb2cf0453c63
global_step=164056 | return=-18.72 | steps=141 | track=569bdeeb63f9aa6b2bb6f54369c1bae0
global_step=164376 | return=-96.11 | steps=131 | track=cf917b60b92b6af64e132e792c81ad0e
global_step=164448 | return=-19.32 | steps=77 | track=7c79a780b15eb2a24ee451520b217b25
global_step=164496 | return=-93.91 | steps=131 | track=53337d93883ef2d1d5991708675f6a13
global_step=164568 | return=-54.05 | steps=240 | track=60c434ee296b65e821cadfa73f9f8998
global_step=164656 | return=-98.58 | steps=132 | track=684106cea178a5d46672175630b7af20
global_step=164664 | return=-93.10 | steps=131 | track=c32b92a96024d8369ec36390b059ef7a
global_step=164952 | return=-1.84 | steps=71 | track=13934013eb7a81b38033b374688f4d9e
global_step=164960 | return=1.14 | steps=48 | track=76bbeb60358d931b919abb101bd56843
global_step=165088 | return=-97.30 | steps=131 | track=a9401baf7bc6844a41e3b99b3e4a3ac5
global_step=165120 | return=-85.00 | steps=132 | track=323ff3b05ae55442d5dd97d0622748bf
global_step=165248 | return=16.46 | steps=73 | track=c057963c4295f53de732dc6435dd0278
global_step=165304 | return=14.94 | steps=100 | track=25964280c60dfbc657686b6adc404cef
global_step=165504 | return=-105.50 | steps=131 | track=029f1f64d6144291a3b55923376fd89f
global_step=165976 | return=-111.56 | steps=163 | track=e8782d528ebdef50e63e0f7170a4945e
global_step=166008 | return=-86.53 | steps=131 | track=c0157fabb886790eaca73ae153ba94a8
global_step=166016 | return=-96.03 | steps=131 | track=38a91537e4b34f24299997b54a3453a5
global_step=166144 | return=-90.93 | steps=131 | track=5f897ef13f0782cd914c45f24ba84a1f
global_step=166280 | return=-10.03 | steps=144 | track=b821e9cc712f6cc043cea46c45f6a3d2
global_step=166296 | return=-104.50 | steps=130 | track=7919277da0163874e42681c0dcc210e5
global_step=166360 | return=-88.90 | steps=131 | track=6c30c9942d8c1b15509dfd47449982a9
global_step=166560 | return=-61.08 | steps=131 | track=f7a7688032be63f2b4542d44b36172ad
global_step=167032 | return=-80.21 | steps=131 | track=1398f731c1fd2104c478f26f77b84e4a
global_step=167064 | return=-94.05 | steps=131 | track=63b518bc5e15e9733dead9cc23383611
global_step=167072 | return=-85.31 | steps=98 | track=ac2e7c28a009c6905d4bf4fed7ea40cd
global_step=167072 | return=-93.84 | steps=131 | track=a010ab4700ab1d1c2cbc287f20de3780
global_step=167384 | return=-70.96 | steps=154 | track=15d9bf0c308a9959580214e2e7566cdf
global_step=167392 | return=7.91 | steps=136 | track=e06de841cdcfb831f749c67cf0406d2a
global_step=167424 | return=-6.08 | steps=132 | track=d2bd55dee66ba6429e4b003daf4926d9
global_step=167592 | return=23.30 | steps=64 | track=11312acf6a8af45ecfe3d9e92ed28186
global_step=167616 | return=-90.08 | steps=131 | track=002bad26d994bc324a0085321dda6e39
global_step=167816 | return=-39.06 | steps=93 | track=23eb3f3e7ee01fc0be0316acb0b54bb6
global_step=167920 | return=62.29 | steps=66 | track=256fd5109e2b0e9960a3a0204b52f121
global_step=167960 | return=24.50 | steps=66 | track=a62a2778d24be58df97cedd0b0b1b2fe
global_step=168104 | return=1.68 | steps=60 | track=cc8351c996729c364e55514f78abae98
global_step=168112 | return=-75.67 | steps=89 | track=7382770c5b43f79f4252be6c48a66a34
global_step=168288 | return=-36.54 | steps=45 | track=8393e74c498b9ca3c0424c7ce0aa35b7
global_step=168576 | return=-93.80 | steps=192 | track=fdd00cbcf06b2ee6e745f70d6f183a6e
global_step=168656 | return=-0.81 | steps=132 | track=90a3eafe9ae1146c82291d2716340113
global_step=168872 | return=-92.07 | steps=131 | track=5bd707ceeb87f2d2ce5fb5a7e6fffa89
global_step=168920 | return=-96.20 | steps=230 | track=1d3b0fc0c0eb8874de925efa20440781
global_step=169016 | return=-93.08 | steps=131 | track=b985e36b760641b0ca53dd39825bb5d3
global_step=169160 | return=-87.54 | steps=131 | track=d2c6b8df770d0e2c8d8c43f2d28575ab
global_step=169168 | return=-49.98 | steps=131 | track=715ebb7eb7a840a5a7a3fb111b855042
global_step=169488 | return=51.11 | steps=70 | track=59154785ecfac81fe447b7d1e1545860
global_step=169680 | return=-63.44 | steps=137 | track=870f39db35af30d8a2a4a57af91dcca3
global_step=169704 | return=-100.72 | steps=130 | track=766e35874a54bcec0f3d965c47755c82
global_step=169720 | return=54.28 | steps=178 | track=c1e521ae8d4c0b6aa933635119fb0f08
global_step=169928 | return=-100.91 | steps=131 | track=de3b7416a40fa78fbdcc744cc727a84c
global_step=170064 | return=-99.35 | steps=130 | track=ac7edcb5c2f80ad47b53582578ef051d
global_step=170144 | return=-89.81 | steps=122 | track=ba077d7b73990a9459be3e4b7939e095
global_step=170216 | return=-93.08 | steps=130 | track=703ae077107d2b9ef837935869cab107
global_step=170392 | return=-40.18 | steps=88 | track=f7f7e3862dfd79ac88350a26234ae1b6
global_step=170496 | return=-90.60 | steps=125 | track=14d6b2c4a66858629dbc25028666aa31
global_step=170592 | return=26.86 | steps=65 | track=5cecaf943f6af292f54a9dc545de359f
global_step=170592 | return=-39.71 | steps=46 | track=cb306b6db6d0da6d8cf9bd85d378846d
global_step=170688 | return=47.57 | steps=67 | track=09884c4cb57542d90d3e1f39c5634ba9
global_step=170760 | return=-87.49 | steps=131 | track=09346b444e2f6b1874432d7ec83c5012
global_step=170776 | return=-95.84 | steps=131 | track=1a1837b556112bd5090ec3b9f9f95fae
global_step=170984 | return=-106.57 | steps=131 | track=b3018a9b7fac265e2aaebbc6964a710d
global_step=171184 | return=-21.03 | steps=98 | track=edcc04067d9215562212f8e76a7c8c87
global_step=171336 | return=-44.01 | steps=92 | track=df47e524f5e5f6506ca9327a63071163
global_step=171544 | return=-87.58 | steps=130 | track=4138db595719a572e6b9a715f004f1ad
global_step=171680 | return=10.35 | steps=61 | track=4ac33ce6a86f6f8625680b1b7b339c92
global_step=171744 | return=-75.65 | steps=131 | track=25796b554abbf45471296d180a8202af
global_step=171816 | return=-86.30 | steps=131 | track=430e511ced2fc39fcdd256f7cfe59d2b
global_step=171832 | return=-93.91 | steps=131 | track=065c96e4239d9e35857f7224de520e1f
global_step=171856 | return=43.14 | steps=157 | track=52b6727958d114d2c62edb88ed7fc89a
global_step=172032 | return=-75.42 | steps=130 | track=104a729801c46c92ac91952bece36b3d
global_step=172032, SPS=44
global_step=172168 | return=-54.22 | steps=41 | track=0e05c6ea26ed511efb98698b1b89d81d
global_step=172392 | return=-79.22 | steps=131 | track=98ab69de3a05ea436e397f7c16a0c6ae
global_step=172600 | return=-87.54 | steps=131 | track=44e0215a7a551320dbf1f11d66a31d35
global_step=172712 | return=-32.04 | steps=106 | track=175304278540d0f17a69b57875934753
global_step=172784 | return=-50.45 | steps=137 | track=b5c2294b400d7360f98f86bb094051f1
global_step=172872 | return=-79.30 | steps=131 | track=44761dcf1f54aa290e5bfa872491e0e3
global_step=173088 | return=-83.14 | steps=131 | track=b7c96073ff753ef50d5845c9854bd184
global_step=173200 | return=38.20 | steps=181 | track=173f975d9867ea9aa16ae31461253433
global_step=173208 | return=-54.82 | steps=129 | track=5c52d1ac0ebe771b87377fb112273649
global_step=173216 | return=-49.87 | steps=42 | track=d50aca0f309c9eb1b1871a352ca7f0f3
global_step=173288 | return=4.94 | steps=62 | track=382391cb299ca343062104547d2276fb
global_step=173448 | return=-82.20 | steps=131 | track=4bbd67e2d98559bff5583031d2aac82d
global_step=173736 | return=-37.96 | steps=141 | track=1f51093f210258ef83ff6bc75d9f2cd3
global_step=173736 | return=-6.81 | steps=65 | track=b5d6dbab1395472d4cf5d609def8883d
global_step=173768 | return=-84.80 | steps=131 | track=6a5273b3279c2ecdc75e80ee9f1fac23
global_step=173816 | return=-50.48 | steps=45 | track=7378288bc60b6525e13958820f6ee717
global_step=174144 | return=-82.83 | steps=131 | track=9b32f7911d5d8cd47f4b0072ad351777
global_step=174360 | return=-19.14 | steps=144 | track=9eec29b03b7f9317855ba2a9681c3677
global_step=174440 | return=-69.37 | steps=152 | track=d34442fdbcb4bcc695a04acfbd790280
global_step=174472 | return=-3.00 | steps=91 | track=c6d62ff10658de3a5ff11bc8dfe214f0
global_step=174520 | return=65.29 | steps=87 | track=d0e9c88eecea12a14108a21cae307548
global_step=174792 | return=-87.78 | steps=131 | track=07eb4ee6a7d617d5a9f3c817ae0b7fbc
global_step=174824 | return=-90.46 | steps=131 | track=27badd8ab6d85c3e45889b4c3f2f7590
global_step=174904 | return=-41.04 | steps=201 | track=8eb30a020623e61a30cfee375055b9dd
global_step=174976 | return=40.40 | steps=66 | track=400e5db66b2ba2edba9deb0c679322a9
global_step=175312 | return=-77.90 | steps=104 | track=483f2931e518c758dd5aaf45c2c577d8
global_step=175416 | return=-87.78 | steps=131 | track=fe8f6e7eec6937ae54b07ab38ec28093
global_step=175480 | return=-84.55 | steps=71 | track=90de2570e3d3cab9d5f105e8fc57ae48
global_step=175568 | return=-85.02 | steps=130 | track=a63943b328839640671072c52a2d28f5
global_step=175592 | return=153.73 | steps=180 | track=d89f2f172f7e6a584ed3774ac56a9ed2
global_step=175944 | return=-20.98 | steps=65 | track=0cb8879941b0996c2d04433f6469bb44
global_step=175976 | return=-62.06 | steps=147 | track=9dbe394bc06a1965517664f885fd3354
global_step=176016 | return=36.99 | steps=66 | track=da0fff470ba039ab24415c648fdb45cc
global_step=176032 | return=-100.96 | steps=131 | track=747c5800e07e55f963bd734a812dd000
global_step=176112 | return=61.78 | steps=67 | track=e1b6cede5e36af2df73242dd5132e925
global_step=176376 | return=-83.15 | steps=97 | track=3bb530d32a964280ccd51a4709cde971
global_step=176552 | return=13.70 | steps=64 | track=676b5283f1aa0b1ffb76e2589ba13236
global_step=176800 | return=-77.65 | steps=102 | track=75c600b97cb1ea4cde1eb0e2bb1c1294
global_step=176896 | return=-100.44 | steps=258 | track=85cab94b4bfd4c46eb35bb3df244ab2f
global_step=177000 | return=39.78 | steps=77 | track=4f90c47d896d6c37ca81865c3ed3ac29
global_step=177008 | return=-96.26 | steps=132 | track=3abe13bf00df1319d34edb625ccb87d2
global_step=177072 | return=-88.35 | steps=131 | track=d455440c855ae03f5810b567498a9405
global_step=177160 | return=-87.75 | steps=130 | track=bb6fd123364f365876432b48c7914fed
global_step=177488 | return=-46.39 | steps=51 | track=b74810b7da020a3364ad841f2afb9b03
global_step=177616 | return=-93.71 | steps=132 | track=76447f7b873f62be0dd6b29ff3d7cbd3
global_step=177680 | return=-92.28 | steps=109 | track=286e1defc1fe65ffa75661ded88ce703
global_step=177944 | return=-99.47 | steps=130 | track=f3e2a0c2a948126673e4376d15674b0c
global_step=178016 | return=27.98 | steps=65 | track=764c56701206a97257d35f2e5073952b
global_step=178056 | return=-105.40 | steps=131 | track=d90dacc1aff24c7630baf13e0a2b9bc1
global_step=178104 | return=84.50 | steps=348 | track=0d9f19098e627525936a28ed656428fd
global_step=178320 | return=-27.32 | steps=144 | track=7b145fab1194dcfd4e785019b49caf51
global_step=178376 | return=0.96 | steps=86 | track=24c10b11616a95924a2fde100a8bc333
global_step=178520 | return=-82.09 | steps=188 | track=4ebe3bfcfff7ba63de68e6f003fa97eb
global_step=178672 | return=-103.90 | steps=131 | track=958f01752d9a8fe054fddfa72367fe9b
global_step=179072 | return=-85.93 | steps=131 | track=02e217c03e6c374a1a2f8541558cb3c5
global_step=179112 | return=-99.90 | steps=131 | track=8676e2a08726bad9dc6e087a37566611
global_step=179216 | return=-64.19 | steps=158 | track=924115996a193136a92c44d530957795
global_step=179320 | return=-45.33 | steps=117 | track=0220fe2a38825552184d0ca663ee5f0d
global_step=179368 | return=-53.61 | steps=130 | track=867ac0936a44d388de28333e15caa172
global_step=179696 | return=-38.11 | steps=46 | track=8a459690d1cfa688c2279eaa4578a67f
global_step=179696 | return=6.64 | steps=146 | track=e85ec5421f9b451e98f4760a613c591c
global_step=179728 | return=-95.08 | steps=131 | track=b93694ccf3d015947ec4f59d376b64de
global_step=179880 | return=39.12 | steps=82 | track=a1e5a5d7f42b6d41d2e5c79bdd3e6f92
global_step=179968 | return=-65.89 | steps=106 | track=0e3e295f9954883987ccfb1eda39b314
global_step=180224, SPS=44
global_step=180424 | return=-69.30 | steps=131 | track=72caf71a2f9af5d5280670d1d27c793c
global_step=180480 | return=14.54 | steps=63 | track=dcde180262fe498ec43fa92a8876e292
global_step=180736 | return=-39.68 | steps=106 | track=29cfd06dca033bdc6ee1df1a82de1c43
global_step=180744 | return=-95.96 | steps=130 | track=e00f97df7cd267d79bd5ad973a3c25a5
global_step=180744 | return=-92.59 | steps=130 | track=27610cb2a0805d73fd906a62c7caadf5
global_step=180784 | return=-80.63 | steps=131 | track=3d68767ffbd944c9cb4feef0697c93d6
global_step=180976 | return=-32.63 | steps=358 | track=ac81a975985e8930e0e1ec5ce6045a1d
global_step=181104 | return=-57.73 | steps=44 | track=2bc52ffc1800296668bbd05ec57f9d0e
global_step=181480 | return=-74.27 | steps=131 | track=580b974ab3642c6f51ec6c19d370d28c
global_step=181496 | return=-64.79 | steps=93 | track=8de98805e6241aa3a9be5924da13d432
global_step=181536 | return=-86.09 | steps=131 | track=860a806a158df613116f497ea8cdbec9
global_step=181552 | return=-17.01 | steps=309 | track=33dbb3deccaf709e04c2c3d19a91d537
global_step=181792 | return=-77.10 | steps=131 | track=f35c7685166086a37413f533d123e90a
global_step=181832 | return=-89.36 | steps=130 | track=6bf0f40ba59e0c5e426cf2ade4379003
global_step=182032 | return=-95.61 | steps=131 | track=3023aa19a63f493685f88eaa527fc9af
global_step=182160 | return=-97.47 | steps=131 | track=1b65944fb348b2159b2613fabd33d565
global_step=182312 | return=-9.72 | steps=96 | track=a8020a86b8b1f3f06201aeb76c5a5800
global_step=182536 | return=-90.08 | steps=131 | track=96f44c846b78c891c5c15f709d37c966
global_step=182552 | return=-91.22 | steps=131 | track=0baa482c48163ff03b380780bf84147d
global_step=182608 | return=-86.97 | steps=131 | track=5036af3b423b54ff023b590369c359f6
global_step=182848 | return=-92.08 | steps=131 | track=25a56b33a5bd27e9190a88ef7ceecf61
global_step=183048 | return=-5.01 | steps=63 | track=9eba25f93c4e64b10917e415336a614b
global_step=183088 | return=-84.52 | steps=131 | track=4dedaa73fd3aa8f1f74ca6561ad2e6fe
global_step=183152 | return=-28.36 | steps=164 | track=bb55b41ff2acd1ff14a6aea49437760b
global_step=183216 | return=-90.49 | steps=131 | track=26cc05afdb666f9ded60640b584f1557
global_step=183216 | return=-45.23 | steps=45 | track=071e67e29578e0fae6dc99522933bc5d
global_step=183552 | return=-14.93 | steps=49 | track=b5e47e3390eaeb45c3bd05a9b0469040
global_step=183608 | return=-84.83 | steps=131 | track=c6e8a809cc51808ac2ec229cefc1c7df
global_step=183696 | return=-87.04 | steps=135 | track=801e4b9840170e3201b468bb45b9ab2e
global_step=183712 | return=152.11 | steps=174 | track=fd32fd082b7dc9a0da2084b7d60f8c9c
global_step=184048 | return=-51.16 | steps=103 | track=060fc8545f49822c48c517aaefc867f6
global_step=184104 | return=-87.46 | steps=131 | track=a840e14e1baea5a950aff7af241c0005
global_step=184144 | return=-99.29 | steps=131 | track=8a6a3019d2a2a6c7985296c49de2a407
global_step=184160 | return=-54.17 | steps=57 | track=fe4740e457f905284cb8af1b0f5fe052
global_step=184272 | return=-95.11 | steps=131 | track=3d35d07291676c72880659c8009da9d5
global_step=184432 | return=-78.39 | steps=102 | track=7696f6494aeab4782015d304cb1683a6
global_step=184544 | return=-39.22 | steps=61 | track=59d8986b92cb5f5ba80ed5dcd1fd7431
global_step=184608 | return=-90.93 | steps=131 | track=0ad057ce4c394a2015d8b9713f13a5df
global_step=184768 | return=-95.91 | steps=131 | track=51015e7ee714b63731f3b318a95d4df9
global_step=184952 | return=-22.10 | steps=50 | track=0f26181051604f9cd0fd2e08aace162a
global_step=185008 | return=-63.45 | steps=91 | track=b82a3e8accddf62a91f3a8e3e152b070
global_step=185016 | return=-79.29 | steps=108 | track=a028287e59c114eb0c7392154842bde2
global_step=185216 | return=-80.17 | steps=131 | track=43547838a1d3652131510c9d1722041e
global_step=185472 | return=5.71 | steps=64 | track=071ad29065ba1e02cee871dc4df3719c
global_step=185488 | return=-97.81 | steps=131 | track=0b8c20f0f4282f1fd40ad7338356cafe
global_step=185656 | return=-85.55 | steps=130 | track=6bd1d6842022a90d2d0f019fad01f893
global_step=185816 | return=-101.80 | steps=130 | track=d5fd857c098684f60f5c3eb6a32797a6
global_step=185896 | return=-30.02 | steps=223 | track=94829d929670c722e0f3ea2a685f0029
global_step=186016 | return=-20.26 | steps=65 | track=51bed3c8c0e2cae7d50c119b432a5463
global_step=186384 | return=-19.61 | steps=145 | track=e899b5898e18fbc91c5a602bb47320a5
global_step=186512 | return=-83.45 | steps=76 | track=af165f502db85e3cce8f70d6044a5ce7
global_step=186528 | return=-94.38 | steps=131 | track=8bde554b7af54a3717db661a25a2f64f
global_step=186720 | return=-9.70 | steps=213 | track=ced6666a55ed45415c3b498e8114b632
global_step=186872 | return=-70.76 | steps=231 | track=d485f35caf9307dd790152ef9397b061
global_step=186872 | return=-87.24 | steps=131 | track=aa71382ccb9232841fda025bd152fccb
global_step=187024 | return=16.63 | steps=63 | track=7fc8066e65848eda406ec827f892b149
global_step=187032 | return=68.00 | steps=171 | track=e0c3fe4b3c53f05db9ab81a283d38002
global_step=187072 | return=-90.96 | steps=131 | track=65576c4de69b3393886111018a0ff5ca
global_step=187408 | return=34.97 | steps=66 | track=a5390e318d6bebe07f4d1a712358ea94
global_step=187584 | return=-87.11 | steps=131 | track=71ed669fbf2be227c46192593c76444a
global_step=187584 | return=-30.23 | steps=68 | track=86e6bff386ae0e2f9f09e7c079094e41
global_step=187776 | return=-85.90 | steps=131 | track=0cdaf6e99ae3967c553b5a44d73eed78
global_step=187824 | return=-19.11 | steps=93 | track=8346067e6be14617d763f0534946afba
global_step=187928 | return=-77.77 | steps=131 | track=858ef38016f49497a26917fccbe38260
global_step=187984 | return=-59.73 | steps=71 | track=54148e256ddb09081f0311c8d76dc26f
global_step=188080 | return=-102.99 | steps=131 | track=52c40b6e3a8e9eb8e7f0f207a2fdf98b
global_step=188416, SPS=44
global_step=188448 | return=-38.24 | steps=64 | track=52aa41add88e22cb979fcc1df30d6255
global_step=188504 | return=-3.39 | steps=264 | track=99de23ade15d69cb82bfc2bb52d776e9
global_step=188544 | return=-71.16 | steps=89 | track=46eda5fd2412cfb24b57999325b1cc3c
global_step=188632 | return=-100.00 | steps=130 | track=ae5c9d42d4919ff1ba7eaf209b913414
global_step=188640 | return=-89.01 | steps=131 | track=8664fa52f975e3a7f66fe267dc69ba6f
global_step=188760 | return=33.07 | steps=84 | track=461416a7e21023bd55170b615cb6efb9
global_step=188832 | return=-98.88 | steps=131 | track=274c594795b68d93bd50774a3a6d4c19
global_step=189040 | return=-79.27 | steps=131 | track=fb841d6a5fc1cca672f3cc63583e8a14
global_step=189176 | return=-80.57 | steps=90 | track=e3b24aeca23c93cf09e961a8be612e5d
global_step=189360 | return=36.34 | steps=65 | track=1a3bd6857ded667bd37a1d22ca093739
global_step=189552 | return=-93.68 | steps=130 | track=fc2fd2ca0131f75df71dbf832c007d72
global_step=189560 | return=-49.85 | steps=47 | track=ad84630301496c038a70a4d939eac103
global_step=189688 | return=-91.40 | steps=131 | track=0efdc8605173e5339a0f36c7cd4f5336
global_step=189696 | return=-68.28 | steps=131 | track=4d80137224a4cd875a3cd2121675f6f8
global_step=189816 | return=-87.78 | steps=131 | track=7e227f3c5ebe9c56dc4cae7f76ef26d5
global_step=190088 | return=-109.66 | steps=130 | track=2d753d2491950625cfdf9dd8924478cc
global_step=190192 | return=-5.78 | steps=61 | track=e1b7a458b4e6bad79960a86aaf357f06
global_step=190280 | return=-115.96 | steps=216 | track=a1b1c6bcdcef7e11e31745b747078d86
global_step=190416 | return=-75.62 | steps=131 | track=11a8c7e54ae097bb6338c9bf4895fb11
global_step=190608 | return=-88.79 | steps=131 | track=d05c3f2bdc9300d0dc6de483c6862097
global_step=190744 | return=-90.90 | steps=131 | track=2e91874a399e8dd0b0e628bb3cd38eab
global_step=190872 | return=-90.29 | steps=131 | track=b3192b4872f1bbf3c2c3148cdf399058
global_step=191032 | return=43.21 | steps=183 | track=71955f23220c210a8927d0a2bf36e7eb
global_step=191160 | return=-97.50 | steps=133 | track=f6dec2741ae2f8042a5eb909e4da3220
global_step=191376 | return=-1.55 | steps=62 | track=402b23195cac643c1c4239a6f2ce100f
global_step=191392 | return=-72.64 | steps=149 | track=a11f4ceb0d2a3f5f09cf142ff1dadab4
