/home/UFAD/tcuevasmestanza/.conda/envs/racing/lib/python3.12/site-packages/tyro/_parsers.py:353: UserWarning: The field `track-seed` is annotated with type `<class 'int'>`, but the default value `None` has type `<class 'NoneType'>`. We'll try to handle this gracefully, but it may cause unexpected behavior.
  warnings.warn(message)
/home/UFAD/tcuevasmestanza/.conda/envs/racing/lib/python3.12/site-packages/tyro/_parsers.py:353: UserWarning: The field `wandb-entity` is annotated with type `<class 'str'>`, but the default value `None` has type `<class 'NoneType'>`. We'll try to handle this gracefully, but it may cause unexpected behavior.
  warnings.warn(message)
/home/UFAD/tcuevasmestanza/.conda/envs/racing/lib/python3.12/site-packages/tyro/_parsers.py:353: UserWarning: The field `target-kl` is annotated with type `<class 'float'>`, but the default value `None` has type `<class 'NoneType'>`. We'll try to handle this gracefully, but it may cause unexpected behavior.
  warnings.warn(message)
/home/UFAD/tcuevasmestanza/.conda/envs/racing/lib/python3.12/site-packages/tyro/_parsers.py:353: UserWarning: The field `resume-path` is annotated with type `<class 'str'>`, but the default value `None` has type `<class 'NoneType'>`. We'll try to handle this gracefully, but it may cause unexpected behavior.
  warnings.warn(message)
Experiment info saved → runs/adaptive_fps_track_aware_lstm/CarRacing_VarFramerate_WO_Time_Pen_fc_1.8_bud_180_04-08-14-41-57/info_settings.txt
Device: cpu
Navigation model path: experiments/navigation/CarRacing-v3__train__1__1785768450/final.pt
Env: CarRacing_VarFramerate_WO_Time_Pen  Wrapper: AdaptiveFPS_TrackAware_Wrapper
Navigation Model loaded on cpu
Navigation Model loaded on cpu
Navigation Model loaded on cpu
Navigation Model loaded on cpu
Navigation Model loaded on cpu
Navigation Model loaded on cpu
Navigation Model loaded on cpu
Navigation Model loaded on cpu
Navigation Model loaded on cpu
global_step=544 | return=47.23 | steps=68 | track=05564034a0b5dd5d8a64f1e6cd6935b6
global_step=1040 | return=-85.84 | steps=130 | track=eefa7f70e4b2f6a86abc2966eeb4f6c7
global_step=1048 | return=-107.48 | steps=131 | track=5eafee2840e1066198f729b61074bd0b
global_step=1048 | return=-87.36 | steps=131 | track=fc8e40189369af10068dfaab28f81dc4
global_step=1048 | return=-96.97 | steps=131 | track=ec6894e0fde6bfc6607ea381c331a4a8
global_step=1048 | return=-102.28 | steps=131 | track=b4750a79aef1997c9eeb3a62c4ba0a9b
global_step=1048 | return=-91.33 | steps=131 | track=0c22d85c4ea11e34d9f97f19faea1c9e
global_step=1056 | return=-98.71 | steps=132 | track=c58bbcb829d493e0f03e5dfdbb9ea010
global_step=1592 | return=36.27 | steps=67 | track=251520e75f7f91ce8c98b1c5265d263c
global_step=2104 | return=-92.68 | steps=131 | track=89364311c6bca420e55da2c3f3ef2a81
global_step=2104 | return=-91.13 | steps=131 | track=22073c10f7ab1e98b175b3978eea51b7
global_step=2112 | return=-109.42 | steps=132 | track=20fd5cfc62475103680e4e66363cfd81
global_step=2112 | return=-54.57 | steps=131 | track=98d6b00cfa66369d72cfea32bced3889
global_step=2248 | return=-29.17 | steps=212 | track=c77ee46c1302cf3e1d77284d6267f9f7
global_step=2312 | return=-68.77 | steps=89 | track=8a78917fa7b7b9121df4aac4cf06c308
global_step=2432 | return=-113.87 | steps=172 | track=c268427b5849859e26f32583a38f94b7
global_step=2632 | return=-89.33 | steps=198 | track=c581b49aee6f93d785b10013a9b584ee
global_step=2880 | return=27.42 | steps=78 | track=a2627b000dc9af4f4b306b1c207037ca
global_step=3120 | return=6.15 | steps=126 | track=d43193b17860628b2a254f63e72f7f28
global_step=3160 | return=-96.68 | steps=131 | track=268116d18697d07053f9f38845975144
global_step=3168 | return=-83.90 | steps=131 | track=2b22c9a9657984cd28fe6e186ad6fccf
global_step=3368 | return=-85.27 | steps=131 | track=df8b1175fd861c76d07ef56f53a9c836
global_step=3416 | return=31.43 | steps=162 | track=391c285911e446e707697f63ce31ed9d
global_step=3488 | return=-85.81 | steps=131 | track=9f31ede5cf1ef50649cad69f5346a6ee
global_step=3688 | return=-93.37 | steps=131 | track=3bafcdf894a8c5501c44cfb6c6b0f664
global_step=3824 | return=-18.30 | steps=81 | track=6da9f0dab8042b6793846f884af2316c
global_step=3928 | return=16.20 | steps=95 | track=d96bc5b42cc9fb773573d6ca3d4d00cc
global_step=4040 | return=-23.06 | steps=144 | track=9d7a7538c54085082440252f09c8ca80
global_step=4176 | return=-97.38 | steps=131 | track=283208e563e62f9aa969c8b204863d86
global_step=4424 | return=-90.38 | steps=131 | track=5c34f78b29c7ebcfd996c716bc83b576
global_step=4760 | return=19.22 | steps=167 | track=90a68e5458b162f25641346ecb589dd1
global_step=4784 | return=36.17 | steps=161 | track=1da389788f851d9d7d0ffc3b7fcf2f97
global_step=4824 | return=-50.15 | steps=141 | track=90d64f078de6f5c10798586fb5047537
global_step=4880 | return=-69.30 | steps=131 | track=d4a6d27da41b60c454281c505d8b9366
global_step=5040 | return=-67.09 | steps=138 | track=f5127dde164aa600427fd817dc2426e6
global_step=5232 | return=-94.93 | steps=131 | track=e07924f807b4b7446b45cc869a70a115
global_step=5256 | return=-3.37 | steps=151 | track=ba2c470640d3ceea70ed9ff31e5c8634
global_step=5264 | return=10.49 | steps=62 | track=ab59c3178a17312ff9cf7299af44da6b
global_step=5480 | return=-92.68 | steps=131 | track=4f98594a4bc9722a00396505b207fa67
global_step=5616 | return=-40.90 | steps=43 | track=441273059ef477d54b1fa31835a390d3
global_step=5632 | return=-9.26 | steps=49 | track=7567e2c33aafddf4c5fcc6ab6e7f2f2c
global_step=5680 | return=-72.93 | steps=99 | track=6e2ffc70c230a9f9564ef29aad12e1af
global_step=5832 | return=-94.60 | steps=130 | track=9617bb88a517d95491ec18da206f619b
global_step=5880 | return=-77.78 | steps=104 | track=863323c1d7e60d6b7c2acfc489deef9e
global_step=5880 | return=-86.57 | steps=131 | track=765c17388a7ae069d8875af12cf0f82c
global_step=6312 | return=-100.11 | steps=131 | track=c69bd8d238cfb43e9ed04c30dae559d8
global_step=6424 | return=35.51 | steps=67 | track=e0fdb97a4bd383d565fc8aeca1ed3a54
global_step=6536 | return=-83.01 | steps=131 | track=f57cd64110a26d2eabfd1492794fd7b6
global_step=6672 | return=-95.09 | steps=131 | track=4e89c6f8c5546299c6aaa31f51e85c74
global_step=6680 | return=-95.18 | steps=130 | track=e1c207c2ecd7c186ae16bec5dafba510
global_step=6736 | return=-89.99 | steps=131 | track=b581207b753810a2c71fc4ee7fafe2a3
global_step=6888 | return=-84.77 | steps=131 | track=46d146c107e0736dff72a0826f16c9c4
global_step=6936 | return=-108.67 | steps=131 | track=d437c1e9c4a070a4c5c9d1014bfc26dc
global_step=7064 | return=-37.76 | steps=48 | track=2f8f4dbc46567c82a1968efb43e848cd
global_step=7072 | return=55.87 | steps=66 | track=6ec9b4f43c5ebe57ff50358cdd0ebc8e
global_step=7368 | return=-98.99 | steps=131 | track=c02f11c6461d8ba48016ffafcb0612fd
global_step=7392 | return=11.63 | steps=62 | track=613c0a6a5d6f1bbc952199c30cdd2846
global_step=7480 | return=-85.06 | steps=131 | track=39f5893322368931b87db4f4751b2e6f
global_step=7736 | return=-91.10 | steps=131 | track=d69056bad0193f23dfec77672ff52b06
global_step=7784 | return=-97.31 | steps=130 | track=f127be0d48ceb9137fb7fbde296cb43e
global_step=7784 | return=-109.00 | steps=88 | track=6741f744b10efb10cf241511d4f6b094
global_step=7880 | return=-67.30 | steps=101 | track=94c7bb4080e1ac9637d511481295eab9
global_step=8000 | return=-67.91 | steps=132 | track=a091eb4fcd54c3d85a5284eeb48ed7e9
global_step=8192, SPS=51
global_step=8424 | return=-92.68 | steps=131 | track=df1ba566fd978eac33d7174b78300c28
global_step=8448 | return=-90.38 | steps=131 | track=f45144c18586e10ab6ebae9f7e5c1beb
global_step=8536 | return=-90.00 | steps=131 | track=b91489d1e4b9fc5d1c5fd043518b57f1
global_step=8552 | return=60.73 | steps=68 | track=6ed50c264ffd9e0baccfd8bd80cd32b6
global_step=8840 | return=-74.68 | steps=131 | track=eed6d9a9b589c10e0d45bfdc77a482f0
global_step=8840 | return=-89.99 | steps=131 | track=09b0a39b018a0017d2c30147cef53e27
global_step=8888 | return=31.22 | steps=143 | track=dda8c2713fa62a702dc9be19cafdc766
global_step=9024 | return=39.56 | steps=74 | track=801a300cc580f0d7cb9a510309d02acc
global_step=9192 | return=-76.84 | steps=92 | track=3e729028a0a001a33036866229618254
global_step=9592 | return=-81.62 | steps=131 | track=6b53accb4ed58d7c6c36071c3c53c00c
global_step=9704 | return=-16.76 | steps=63 | track=bd7b53e0d63f16c275c8b80aae159919
global_step=9808 | return=-12.29 | steps=240 | track=5c914a2efa72410135d0e9d6db21ceac
global_step=9888 | return=-105.98 | steps=130 | track=b5e157fa3391992d81f63f76a8db99d4
global_step=9896 | return=-97.68 | steps=131 | track=45e8d1b0dc93359ab2232227878743a5
global_step=10080 | return=-96.89 | steps=131 | track=aa84248ff6bae60bccd9ca32b4be217a
global_step=10568 | return=-68.64 | steps=94 | track=e9f672c614bc885aadc8eb8e6a1d6d10
global_step=10616 | return=-80.27 | steps=113 | track=c80711549faf8c5276c5402a015e3407
global_step=10648 | return=-85.46 | steps=131 | track=4848aa29f162f19df497c23f542d6954
global_step=10680 | return=-24.13 | steps=265 | track=5138c3bb73e821a03dbf3bd5648ba7f4
global_step=10808 | return=-91.48 | steps=239 | track=a018a96c3de184c224c404d8d1bc52fa
global_step=10824 | return=7.14 | steps=116 | track=9326769cbdb9832b15361f6dfa9304b3
global_step=10952 | return=-85.22 | steps=131 | track=3d0ffd4992851e130a616fbcc1100d79
global_step=11144 | return=-88.40 | steps=132 | track=60bbeddcab4622ec4916e627e74da141
global_step=11328 | return=-20.89 | steps=64 | track=7e47b2aae68eeae08168e2508d5879f1
global_step=11432 | return=5.86 | steps=75 | track=d7150e0499503141ee9e503a21ae3773
global_step=11624 | return=-86.86 | steps=131 | track=8bcf607b2e4614900f77e055e24af5e1
global_step=11672 | return=-68.20 | steps=131 | track=32e2016bbf1614e09548028d091513e7
global_step=11704 | return=-93.29 | steps=131 | track=28a99896fcff856a623ab6a436f3ebed
global_step=11736 | return=-86.35 | steps=131 | track=6cb5ce9df82db5d27342120e8b167dab
global_step=11840 | return=-75.47 | steps=110 | track=2309b932e9f03ea3ce10fe1a6fe1af15
global_step=12200 | return=-88.41 | steps=131 | track=59c4114ba2c6c9970790e59c10d19f3f
global_step=12256 | return=-28.47 | steps=51 | track=5cf8bae971b0b9345f1d6cadc7feb3e9
global_step=12384 | return=-90.71 | steps=131 | track=97325cf71adb0c21b439ebba5b5791ff
global_step=12488 | return=-86.11 | steps=131 | track=6617d54744545235003570e3faf93663
global_step=12528 | return=-87.67 | steps=98 | track=89f9d7e49952f65c2a6cdc1a45408db7
global_step=12728 | return=-87.25 | steps=131 | track=ad460027218cfe58ea0801ea588512df
global_step=12760 | return=-71.06 | steps=141 | track=c4963c2ed2b2182773d81173a5e2fb0a
global_step=12760 | return=-83.78 | steps=131 | track=afc6fb48128477f172f3f43822b32bfc
global_step=12912 | return=18.61 | steps=65 | track=76d7eddf21c4e4abe370928c1fc1cb6d
global_step=13096 | return=-4.40 | steps=75 | track=f0ffcde874dd742efb087b5b8a68fcd1
global_step=13256 | return=-97.10 | steps=131 | track=3001071c2bc0294b11f5d1cf43d0fb61
global_step=13304 | return=-59.40 | steps=130 | track=b8dde8ff82e10c85e41371d523842606
global_step=13320 | return=27.78 | steps=69 | track=95e1a5cd0f9fca2b9ccce336c725973e
global_step=13320 | return=64.67 | steps=73 | track=5b06cf521639b0607a1136a5867ccd51
global_step=13472 | return=-69.88 | steps=88 | track=80b656655edb4723a143ae7d0d28f1af
global_step=13576 | return=-100.64 | steps=130 | track=afb22a347cd6152d6d2555f49a151d72
global_step=13968 | return=-91.79 | steps=131 | track=f3a0de86c5001a061eb2d2846a2143ab
global_step=14144 | return=-87.20 | steps=130 | track=43abd4582ab2f94187c76cc325034c4f
global_step=14312 | return=-91.33 | steps=131 | track=7c7f4139f03d3bcc475ccde2cb3759aa
global_step=14352 | return=-101.36 | steps=130 | track=d0c4ea6298fccc1acc1ee8c881a0cf2c
global_step=14376 | return=-96.97 | steps=131 | track=a93648ac3f5f58aec80dc4195422d813
global_step=14376 | return=-91.28 | steps=131 | track=a4abf673e0488f1e426f167b3e399e8f
global_step=14632 | return=-28.79 | steps=144 | track=945eef584be67b8cd16f7a3bc25fd34a
global_step=14632 | return=-115.87 | steps=131 | track=35dc9d119def36039edae9ab1dc75ade
global_step=15008 | return=15.96 | steps=78 | track=af7a0cfa2882820cb99cc30e10582587
global_step=15016 | return=-89.65 | steps=130 | track=ca10fff280e7be7eaf30793504696175
global_step=15200 | return=-93.15 | steps=131 | track=ea78800d3d077a4b817bd9237ad90a78
global_step=15368 | return=-92.71 | steps=131 | track=27526b7dc0bfd0ab556e1625252eba2a
global_step=15432 | return=-91.28 | steps=131 | track=084253aa864edece5c6f115eabfb180e
global_step=15496 | return=-31.46 | steps=142 | track=53fc6faa3eea7479b07eacd9972dc2f4
global_step=15688 | return=-89.55 | steps=131 | track=5105d78dda99d7a609943166c92fadea
global_step=15808 | return=-31.20 | steps=146 | track=a9b0315be016a5be8e89d09d49933601
global_step=16048 | return=-66.65 | steps=128 | track=08565b0f6625e25052a2b6b4e04885e4
global_step=16064 | return=-64.74 | steps=131 | track=0af5bad5769c1f3fc725b154e3c20bda
global_step=16144 | return=-51.98 | steps=41 | track=101b24f1aa0efad9c280546d441a20da
global_step=16256 | return=-113.17 | steps=131 | track=d675680aeb3199afb32012c265a571ff
global_step=16384, SPS=53
global_step=16424 | return=5.03 | steps=91 | track=89490e07cd578ac956fe96395dfc2013
global_step=16424 | return=-99.20 | steps=131 | track=a865324ade0742c62f450c74c6b1aff4
global_step=16488 | return=-108.30 | steps=131 | track=163b388fa177201c41613d478650fff9
global_step=16552 | return=-95.11 | steps=131 | track=b1a9d5fce8f96fe28585818ed537a5b0
global_step=16936 | return=44.57 | steps=63 | track=c4f3d568bfb7be103556dd28d91948f0
global_step=17040 | return=41.17 | steps=68 | track=5cc0e3795c5e013e47a5e39165f0fbf9
global_step=17200 | return=-93.15 | steps=131 | track=098480621d4efc9ee9918110a1a35e71
global_step=17224 | return=18.68 | steps=120 | track=8eac6c7dbf5ce40c63f19fe3583e391b
global_step=17616 | return=-101.01 | steps=132 | track=1fb960f30f26ed958bad18e4a66ad600
global_step=17648 | return=39.90 | steps=197 | track=c72c30e04d5b1e509089b890f6f9cb82
global_step=18032 | return=-93.44 | steps=100 | track=97b626f3fae9662f78d9b7da54d354fc
global_step=18096 | return=-74.49 | steps=131 | track=c5a79ddf2be6b4435b268f56001d64f9
global_step=18096 | return=-42.29 | steps=59 | track=2b4dea79aa7bb2b8d2b929a9a4c2651d
global_step=18248 | return=-82.29 | steps=130 | track=c73e6b3eeff0c427c3f6bf32e328ab5d
global_step=18416 | return=112.43 | steps=248 | track=97d62743da0e618d581e5611f6a1e118
global_step=18576 | return=43.66 | steps=204 | track=0fece0465a65e3e6392604d806515be8
global_step=18608 | return=59.47 | steps=71 | track=81d73ad22c5772eb90d3762c72cfc43f
global_step=18688 | return=-3.25 | steps=73 | track=94d586b8766802ba816a0a9ddb2ec844
global_step=18704 | return=-89.90 | steps=131 | track=df2ba4eedfa9d4117b721a5592ccc7d1
global_step=18904 | return=16.70 | steps=356 | track=716b5cb7fa5ae27fa1694d2d5dfae486
global_step=19136 | return=32.17 | steps=65 | track=197f5a3c722d2509f4bb948be0dde0f4
global_step=19152 | return=-86.40 | steps=131 | track=4e5134f7c7332527cc0255427b21632f
global_step=19296 | return=-97.77 | steps=130 | track=cc14dd93807d2dcc47f5db9b9e14e205
global_step=19352 | return=-52.82 | steps=55 | track=f1e072afbff69e8e9f07b4a48359f5be
global_step=19384 | return=-70.40 | steps=100 | track=334f987b66d9865cb9b81f9f1c1761c0
global_step=19472 | return=-89.04 | steps=131 | track=bf2fa9dbb709a49ac49ed837c9737df2
global_step=19504 | return=-55.20 | steps=45 | track=b6f1abd4429973723d835c4a27077102
global_step=19584 | return=-80.30 | steps=109 | track=e9f64fbb2e2393a71f31b16a472c2137
global_step=19864 | return=-64.48 | steps=146 | track=1a925c61286be43cd81033ed6ba66a3c
global_step=19904 | return=32.86 | steps=68 | track=25d0e417a96ae26b8871a65b2332735c
global_step=20048 | return=54.46 | steps=67 | track=11dbd8e485eea78f27afd558ff8a3c24
global_step=20200 | return=-95.64 | steps=130 | track=7b3404f87e3430bec81067962cf9883b
global_step=20352 | return=-94.31 | steps=131 | track=f04a913487949f99503e9428370bf374
global_step=20528 | return=-94.75 | steps=131 | track=c897f3b23517d011f4a018e510fe38e9
global_step=20640 | return=-103.67 | steps=131 | track=e6d4099b21bc936805f32b83115e2c4a
global_step=20920 | return=-96.04 | steps=131 | track=c780b0f902c102d2d942ed63506a5f84
global_step=20960 | return=-80.36 | steps=131 | track=050884c5acffcd4479f842e6844961fa
global_step=20976 | return=-40.22 | steps=96 | track=9a117bb1888836bf6276c4355459def9
global_step=21104 | return=-110.01 | steps=131 | track=8f5b9e8c3c1a896b6cbd661e0db0570f
global_step=21224 | return=15.96 | steps=72 | track=1360a4212d7a1c73d068f702ba60a077
global_step=21280 | return=-42.68 | steps=93 | track=de90623dbf831d978ae855d941984a6a
global_step=21312 | return=171.38 | steps=240 | track=655f3b86fa36775a27aef9e5f49bba7e
global_step=21432 | return=-68.71 | steps=134 | track=369b2621490aff5d8b5570d967c74cae
global_step=21520 | return=57.28 | steps=69 | track=1515f768833b237c12cd91bc90f4c93f
global_step=21704 | return=-45.31 | steps=74 | track=cc6852ff5324c645ecac386d7bb1105b
global_step=21920 | return=0.04 | steps=49 | track=4592af4672fc0bb351e5ba193f23dcf0
global_step=21976 | return=-101.90 | steps=131 | track=1bfae6c070b009989cf54dedb77a9109
global_step=22080 | return=-11.51 | steps=46 | track=355d3461bde41bf3074dec88a5613cb3
global_step=22096 | return=-17.08 | steps=139 | track=e69aa52017c181984ac339cbc7147415
global_step=22336 | return=-100.61 | steps=131 | track=0bf72e136a53ad79a3c5fa57f8fc64e9
global_step=22368 | return=-94.27 | steps=131 | track=c38287314e2a3352e1908e7c52448848
global_step=22432 | return=20.86 | steps=150 | track=bea2f6d28c5f3fbb19ccefce1c3aa56a
global_step=22464 | return=-21.91 | steps=45 | track=3220aa431aa7c38a2d33ef7e3c31cb7f
global_step=22480 | return=-96.25 | steps=130 | track=1257dbbb1a7d2a307e8843304a142e49
global_step=22792 | return=-37.26 | steps=44 | track=1acd290782df5ff9252650db0fa6d1df
global_step=22848 | return=-76.92 | steps=108 | track=4ad94743d3354d9f1088a68e973eaad6
global_step=22960 | return=-1.56 | steps=73 | track=ccf582227f48340837926a92062d06cf
global_step=22976 | return=-90.38 | steps=131 | track=0c7ca136bae2dfd5d4567ac3ba3c11d8
global_step=23120 | return=-31.39 | steps=40 | track=56928dd42a4bbcba7cf2ab4a80582393
global_step=23352 | return=-3.34 | steps=62 | track=32c54c08f59f035b215798c074548234
global_step=23384 | return=-96.98 | steps=130 | track=308cbcbc5ab36ff268c8ecb71fa110c1
global_step=23488 | return=15.43 | steps=63 | track=506e45c6223d71889bd1d8f17f1c4808
global_step=23520 | return=-86.78 | steps=131 | track=63bd292a6d72b412c33510a9400579d8
global_step=23528 | return=-83.53 | steps=130 | track=ce49bd5334a3534a348ff4bf67856c1f
global_step=23568 | return=21.78 | steps=55 | track=df6302a23fce056760f5c4a1f53e857d
global_step=23608 | return=-44.60 | steps=190 | track=62a3fad6367ba4d82782057571855451
global_step=24280 | return=-47.22 | steps=94 | track=487cf43d66e211b48ce391694528e800
global_step=24376 | return=-45.38 | steps=176 | track=bf4066dc7bec163b3c0d2b66bee0cd83
global_step=24440 | return=-103.51 | steps=131 | track=a90d6af87c4d3f486d05bcea458f6fbc
global_step=24544 | return=-93.90 | steps=131 | track=5202c1ef6cb8fb47e26a4d34bc2b7959
global_step=24576, SPS=52
global_step=24584 | return=-86.03 | steps=131 | track=d3257dbec4580b2f3d1f7def4eb0fd4e
global_step=24624 | return=-77.60 | steps=131 | track=8b99be0d1d4399212be3be441b219303
global_step=24656 | return=-98.14 | steps=130 | track=ca4bf2f910b906ed856fe483aa5b81cb
global_step=24744 | return=-28.59 | steps=173 | track=53bbb453d5ddc1634bdc651d4d4e8864
global_step=25000 | return=-62.20 | steps=89 | track=5b2a18ae4fd26b3405c25eb05e5822f9
global_step=25112 | return=-63.85 | steps=91 | track=a7395d828d8ed8fe9efc5510ba56ee87
global_step=25360 | return=-71.42 | steps=101 | track=25ee04bb0ff2dc67e9d89ddebbc1ccb7
global_step=25488 | return=-61.23 | steps=130 | track=203c25a8dcaa506eb24ca03037eb0528
global_step=25640 | return=-102.68 | steps=131 | track=2784791f5c477c56b6da359226ff336a
global_step=25680 | return=-91.70 | steps=131 | track=b19c142fab562913cb25f1bf9a85eed4
global_step=25712 | return=-81.71 | steps=131 | track=8abcda439a4c92bae77eb0e7812ad321
global_step=25760 | return=20.26 | steps=80 | track=db3d2f8c3d3ca18eeb7def2baab972cb
global_step=25808 | return=-125.19 | steps=132 | track=6b6386aa8b93d1312acbd40f51cddaa4
global_step=25984 | return=22.90 | steps=61 | track=65614b5ae1412c7e3d78693a3d3daffd
global_step=26128 | return=-57.31 | steps=140 | track=210a47f324be45d88dc23b82dcdebd7a
global_step=26232 | return=44.79 | steps=68 | track=df2691e5fa75b54bea0b68b528940269
global_step=26480 | return=-78.12 | steps=104 | track=9eaed1d183e1739014b1984fa1ba6250
global_step=26656 | return=18.16 | steps=65 | track=7b3ee4ca0b2c5062efa9eea9a490857e
global_step=26760 | return=-89.78 | steps=130 | track=c61c4831badbe8b46f05e55de0da499f
global_step=26808 | return=-91.82 | steps=130 | track=07cfe32bb58c2d9bcce21b54da914dfd
global_step=26976 | return=-23.04 | steps=145 | track=00396ca71a9dd977013c0e631e6e61dd
global_step=27184 | return=24.13 | steps=65 | track=2c82bbbe800491ba54b9cc5d88247695
global_step=27280 | return=-94.34 | steps=130 | track=2c58f413fd94687ffe92f19e34e63727
global_step=27328 | return=-52.57 | steps=245 | track=7884826c7202119ff90f775547d7c6a7
global_step=27512 | return=37.28 | steps=66 | track=82057658ac308b05e206ea009792653f
global_step=27528 | return=-100.79 | steps=130 | track=e421716bf0cce2e17a12a4d4adcf0293
global_step=27792 | return=-12.59 | steps=225 | track=038c992868503ccf88b78e8f33ebb632
global_step=27816 | return=-89.71 | steps=131 | track=371e72c453719ce0c66d71be64eef4dd
global_step=28240 | return=-81.97 | steps=131 | track=8fccb2709a22cb45bf8d6765e132b985
global_step=28336 | return=-79.29 | steps=102 | track=96ce2009715e545578a13dbeb6825161
global_step=28352 | return=44.63 | steps=192 | track=16d52da78335c151265f6db87b567eab
global_step=28392 | return=-103.03 | steps=132 | track=675a3a254ec94de9c0b96d3f45f9a293
global_step=28504 | return=29.71 | steps=152 | track=a4cc4889ed28f2530458ddc201dcb8b9
global_step=28576 | return=-95.82 | steps=130 | track=3314a0c96f6ed81ff9b91f09432faf66
global_step=28832 | return=-32.14 | steps=40 | track=f1da12c2fff7fb7b7b25b12f4d23cbac
global_step=28848 | return=-90.96 | steps=131 | track=8ac3f8f642b10c260384e70f433a49b2
global_step=28864 | return=33.94 | steps=65 | track=a9ecd8b76d755f9da850cf94fe5c8605
global_step=28872 | return=-84.11 | steps=131 | track=6cc49d46fd6c085a1395c37535f6eb35
global_step=28904 | return=62.37 | steps=68 | track=f3f2b0fb18862c39c224fbc22cd7cf02
global_step=29128 | return=-44.84 | steps=91 | track=7ab51b8ba5f6a3268fbc3890325d6657
global_step=29296 | return=-86.21 | steps=131 | track=212a7be7009c62bf824adf72fcdf3313
global_step=29360 | return=6.77 | steps=61 | track=d64c4da82a1ad51807203c85313c613a
global_step=29408 | return=-64.93 | steps=103 | track=5d4d0fb8abeaa18102a50b9aa97b5945
global_step=29880 | return=-87.57 | steps=130 | track=17944710ac2476f42bb4f3b6698c3493
global_step=29904 | return=-88.64 | steps=131 | track=ee0a71665d02a694eb9457468f866438
global_step=29920 | return=-98.84 | steps=130 | track=51072e3a5321845a77694c72ea5180de
global_step=29960 | return=-88.88 | steps=131 | track=66765be7046bf8b9512d67cf1b256d7c
global_step=30184 | return=-102.07 | steps=131 | track=33bff436982abf1bce7db46cbbdeee05
global_step=30416 | return=-110.34 | steps=131 | track=d9b9f23ff2c9c7541b1dea09f004cd85
global_step=30464 | return=-82.21 | steps=131 | track=6845ee10e6663c3bb5ad3678b84c1ae4
global_step=30480 | return=13.80 | steps=64 | track=b6f094e53fbd03813dd932f280aa83d6
global_step=30544 | return=-35.98 | steps=44 | track=e6b493e52ad7e9c405fbfc6f38d94184
global_step=30632 | return=-110.80 | steps=88 | track=ca45dc7c3f7d957b26536656fd69de6c
global_step=30880 | return=-76.70 | steps=121 | track=4935ee78daa1306354d37aba4e220c57
global_step=30936 | return=-90.10 | steps=131 | track=5d47e8247ee38d983fd32284932a8c88
global_step=31248 | return=-30.96 | steps=97 | track=5fcc0cffeb0023ae45b3b656624c1b3e
global_step=31440 | return=38.76 | steps=69 | track=ecbd5e0da542f994131b161b0f262b7a
global_step=31472 | return=-89.90 | steps=131 | track=2e1448d31fa22131976402a513eb7e53
global_step=31528 | return=-93.70 | steps=130 | track=2c6833b50ea21da2a1282618c482b86f
global_step=31600 | return=-95.61 | steps=131 | track=6dc81db4c619c0a05072e670913d8d82
global_step=31640 | return=93.06 | steps=292 | track=c7ac2325b7d2ef57cccd3580fc3843b0
global_step=31768 | return=-68.10 | steps=64 | track=0a0ac71856b6df3893a2cfbaf7a4ada1
global_step=31856 | return=28.61 | steps=152 | track=46b3c47cd671ae3aa3155b1226ff910c
global_step=31992 | return=-92.42 | steps=131 | track=37ce1064f1f06090b49c14287667c3c0
global_step=32176 | return=46.30 | steps=66 | track=df8324b19d7cf01df2cc32aefc7f0a03
global_step=32344 | return=-49.32 | steps=92 | track=bfa6c26ae0689889ab0ad076388ba459
global_step=32400 | return=-88.52 | steps=115 | track=33c687c9730ea0cd66a04c0c259a6f6f
global_step=32496 | return=-93.50 | steps=131 | track=8b67dd558a4b8bc58efbdd87f7b7a13f
global_step=32576 | return=-16.49 | steps=72 | track=a51ac3c96302c16453bac1c0270a75a1
global_step=32584 | return=-103.81 | steps=131 | track=06dad2890fd56f88abeef81fa6ebe47e
global_step=32768, SPS=52
global_step=32920 | return=-95.88 | steps=132 | track=30705f91caf2e4a92bb78a432a3f24c9
global_step=32936 | return=-19.74 | steps=66 | track=ec6ec594e470788e3672e28fef01e1de
global_step=33016 | return=3.75 | steps=155 | track=da53218d9d80517fedf0d4f8706c9c7a
global_step=33392 | return=-104.82 | steps=130 | track=fc04459813152b0694e6750834a995ca
global_step=33400 | return=4.54 | steps=152 | track=5e78fd181869b37338a0974d8007e502
global_step=33432 | return=-82.89 | steps=106 | track=c76a14204d9ce5c310690a6695c5bd35
global_step=33432 | return=0.25 | steps=61 | track=a799fd121b347bc55d3facdcc3b3f9e5
global_step=33552 | return=-89.33 | steps=131 | track=f471bddd4903fc95460a2f31f847924a
global_step=33640 | return=-102.55 | steps=131 | track=64728e4ed6e8c75fc1c07db29cbb60e1
global_step=33760 | return=-30.33 | steps=92 | track=6288f920e2884796feff7c69f2824f94
global_step=33888 | return=30.51 | steps=120 | track=6524279c44d391715d943eef811465ca
global_step=34072 | return=-31.07 | steps=64 | track=6d4db2f85d7fb77f0bbefaa64fe3c97f
global_step=34376 | return=-1.14 | steps=121 | track=4778d82793e18754f92137b8e3c62091
global_step=34440 | return=-88.30 | steps=130 | track=c6326977e5103e4bfbf03a1f81ffe1ec
global_step=34480 | return=-52.76 | steps=130 | track=bd2e4ce509703cb8bd3ad2791feb13ae
global_step=34488 | return=-83.90 | steps=131 | track=21c62cc96e060a4bd9443938d8cd146c
global_step=34640 | return=-23.05 | steps=93 | track=c93b93e604eb6d67f434cfa9828c018b
global_step=34776 | return=-73.51 | steps=141 | track=fdf269a5f2afce43444b3195e784841e
global_step=34800 | return=-53.59 | steps=129 | track=3b6bdc48ecc1d3f3f92f2a9b205e0958
global_step=34896 | return=12.41 | steps=64 | track=d09771840efc24b99dd60fe08f440517
global_step=35128 | return=-92.42 | steps=131 | track=a6c538626dbfc811b3d6227b21455f69
global_step=35264 | return=31.97 | steps=60 | track=3eafda982eb7b21d373be8650dc9e642
global_step=35360 | return=-86.16 | steps=89 | track=4508c2da876a37aef7156f33910dd145
global_step=35496 | return=-90.48 | steps=131 | track=24cd83fa18ee031098fd49fa564047c3
global_step=35544 | return=-82.49 | steps=131 | track=493e67daf026e9c9caa897679a2827fb
global_step=35584 | return=-21.69 | steps=97 | track=390c7ad5071159558e4004bd499f1fba
global_step=35608 | return=-19.88 | steps=42 | track=362324aa1c69fe6c823e1a32058d4c7d
global_step=35944 | return=-63.29 | steps=130 | track=d01b739b006284827f0f9963c3dcaaaf
global_step=35976 | return=11.20 | steps=59 | track=377ed3994e97dd8296ecd5d37af23d1b
global_step=36080 | return=56.32 | steps=199 | track=0b5d61943ef9cf28c4e068291a9504ff
global_step=36184 | return=-100.57 | steps=131 | track=d6f671e361dd70500b80ab470bd93ba3
global_step=36336 | return=-69.86 | steps=93 | track=2b8396209986fe5fe5b9f1920614a6a2
global_step=36416 | return=-92.26 | steps=131 | track=0ef6120ae027ecfe358e293eb951dd9b
global_step=36664 | return=-96.68 | steps=131 | track=5517ebeffb3788e484eddfa5438fa9d9
global_step=36904 | return=-80.84 | steps=89 | track=dcef450433ba23136b2714c163959f04
global_step=37000 | return=-97.00 | steps=131 | track=23d68b2f874dcf107b16dc4a4f3b1943
global_step=37032 | return=-100.98 | steps=131 | track=f61097ca97849aa2503907b402811c37
global_step=37136 | return=-93.11 | steps=131 | track=2102ab6d24b261ccaaff668a73ddd5a5
global_step=37392 | return=-83.49 | steps=131 | track=31ce1969cbede163acc1c882b44c40f8
global_step=37448 | return=-72.75 | steps=237 | track=4a37b3c081fbc0b7de6b9e64e7cc0a81
global_step=37464 | return=-36.07 | steps=40 | track=c9e0baeef721088636b2ce5597213eeb
global_step=37472 | return=-90.71 | steps=131 | track=1eed647fa04a57b58cd76eede02fa101
global_step=37472 | return=15.60 | steps=58 | track=8255355c327025c4831cc131f22c3cdc
global_step=37720 | return=-90.67 | steps=131 | track=29fe065b98b3afb895fae9fd4aee515d
global_step=37984 | return=9.91 | steps=63 | track=31a81612625a38999041a5bcea0e720c
global_step=38088 | return=-84.25 | steps=131 | track=6e38696bdd2c19d6dfb0941c0432f7d4
global_step=38240 | return=191.02 | steps=95 | track=49a61e44cc250bd7cc8d1a7ed8036eed
global_step=38248 | return=-69.48 | steps=106 | track=870cb10759bfeeac2725b2176b7ea371
global_step=38368 | return=-6.67 | steps=182 | track=43841a833da1a419ecee7a74bc2eda91
global_step=38504 | return=-98.16 | steps=131 | track=f60db81b0dd8abbd709e3b7b836e4f06
global_step=38512 | return=23.66 | steps=65 | track=a01b456930b5a7684127f31d292030cd
global_step=38632 | return=-86.78 | steps=113 | track=afcb03c238189232f83d6f85f6281617
global_step=38768 | return=30.37 | steps=65 | track=f87105e8a010281a58fbc26f37147289
global_step=38864 | return=-27.39 | steps=174 | track=972886cd70333cba05db99bda064e15c
global_step=39024 | return=-102.19 | steps=116 | track=daecf3b4c3a0e317d5bebcef0b8b535d
global_step=39136 | return=19.36 | steps=62 | track=749002e306aea3418615efb065052184
global_step=39304 | return=-65.56 | steps=98 | track=61ef45980c6af6b3c2b20510b6dcdc99
global_step=39304 | return=-81.46 | steps=131 | track=5028524b5d4cdf9ca4b0eb683d3c72d4
global_step=39552 | return=-99.22 | steps=130 | track=7ebab7641006f7a8c11477b95ee40cba
global_step=39824 | return=-89.48 | steps=131 | track=2577ebf4d09d1ff04672ad69797993e4
global_step=39928 | return=-79.24 | steps=132 | track=eac4a6e46641c6380f97ca73f4c62fb5
global_step=39944 | return=-71.90 | steps=196 | track=766477a321e9f539940a76b16d1a1401
global_step=40080 | return=-86.83 | steps=131 | track=c710da0de1b181af98fdbbe49d386ab2
global_step=40096 | return=53.04 | steps=67 | track=27cf087f86068dcc9fb0489f12431a6a
global_step=40192 | return=-87.26 | steps=131 | track=7536d1521e0e773392e78895436dd7f6
global_step=40504 | return=59.05 | steps=149 | track=b5d5d62a99207077a25477c29c9eef50
global_step=40880 | return=-76.87 | steps=131 | track=db2e072c4ad2284488ada22ce6abde64
global_step=40960, SPS=52
global_step=41000 | return=-92.65 | steps=131 | track=adf7be02a900d7a80ac906fc59c7fb7b
global_step=41136 | return=-113.21 | steps=131 | track=c1f2f7b1e213a4a74bbbd3910ad62cee
global_step=41144 | return=-96.17 | steps=130 | track=469acd601c6e6ceec0beec24eb217c6c
global_step=41160 | return=8.09 | steps=153 | track=5f5b948327b05eb82613782244b88f8d
global_step=41248 | return=-83.00 | steps=131 | track=1a16cf16e03138ea1e39f6544718bd6f
global_step=41552 | return=-2.24 | steps=51 | track=d8876b6a8c61a9431783d8c51f9234dc
global_step=41560 | return=-90.91 | steps=131 | track=c3b6169cae285e262c358e02ebf3dad0
global_step=41920 | return=-14.00 | steps=45 | track=663964ea21a91868f3438c42a0e7df10
global_step=42032 | return=-36.46 | steps=143 | track=d6bba335bb4e08cf15bebcf7f9ab8006
global_step=42056 | return=-92.18 | steps=131 | track=9222741f6814822365ebd991bca45801
global_step=42200 | return=-82.79 | steps=131 | track=96c51b1f86a9a25cffd8964a716947a2
global_step=42216 | return=-84.92 | steps=131 | track=34b1f22aa66151115b835059b69117be
global_step=42304 | return=-87.26 | steps=131 | track=f125ebfc03d2ddc2f8b1cb76df5791c5
global_step=42536 | return=-32.92 | steps=403 | track=0376b98642d937a2203d03161cea338e
global_step=42608 | return=-90.60 | steps=130 | track=4cec77fc186e4fa01e3f1a536cce0f5a
global_step=42712 | return=9.72 | steps=63 | track=9b2049ce432b6ed97821b71ddc96467a
global_step=42792 | return=4.76 | steps=94 | track=56012518913f38be107b2f4095247682
global_step=42848 | return=30.90 | steps=67 | track=8f3f0ef0b5c3e4f32831ee127fe49ec1
global_step=42976 | return=-76.83 | steps=131 | track=a8cdeb548fc917cba421792bfcf8cb94
global_step=43072 | return=-64.05 | steps=106 | track=a58483f57b9b61ec2e61da77dcb93be1
global_step=43200 | return=-40.85 | steps=142 | track=be4c92937d461a0c853d3a3f78a63672
global_step=43328 | return=45.43 | steps=89 | track=e499521a94c705918c90effa73a0ea29
global_step=43336 | return=-10.49 | steps=60 | track=f48aae49b78759733d22496746af2e27
global_step=43448 | return=-34.29 | steps=46 | track=50d1acecc9526e9865ec6f329add7ecd
global_step=43520 | return=42.94 | steps=67 | track=e81021ed9136486a6249bda8bb5e394d
global_step=43592 | return=-92.18 | steps=131 | track=34c423ba3523d6cbc4a94128d0eb3db9
global_step=43744 | return=44.75 | steps=67 | track=57474d7b1f36fc71e5e8b2128d4ce46f
global_step=43872 | return=-37.27 | steps=134 | track=f1ad5c48bf17fe889c9c789a2bf9212f
global_step=44144 | return=14.80 | steps=68 | track=9e89028d493d8362851c6192d5e9f567
global_step=44168 | return=147.74 | steps=181 | track=62b802c5654c2bc095a1c97dff1d5da6
global_step=44384 | return=-87.02 | steps=131 | track=633b0485ba1639d1f0defc7eb835b730
global_step=44392 | return=-76.56 | steps=131 | track=9ac69bbb108abdf9c350f8c74ff7eb20
global_step=44504 | return=-99.97 | steps=131 | track=80be45ecb3d708774c0c39e021e9a2b6
global_step=44576 | return=-94.65 | steps=131 | track=7ba448be4a6f2c09b80c5db5a3faed9a
global_step=44768 | return=-54.04 | steps=46 | track=fe4fc5efc5a4c5d9466aabfa02762ec5
global_step=44800 | return=-85.81 | steps=131 | track=182c56e809803ce6bffce74dcbd91401
global_step=44928 | return=-82.33 | steps=131 | track=255e4ddacea5934596b7c787eb939c01
global_step=45224 | return=-92.87 | steps=131 | track=024211c04b5f7685ea74bc6f246e5735
global_step=45440 | return=-92.18 | steps=131 | track=0386df3331a5adfc7d3beea1ba2d3432
global_step=45560 | return=-75.77 | steps=131 | track=79d0580162eace1f390a693e3d26b9a7
global_step=45632 | return=-88.24 | steps=131 | track=3ae709ba4e547006e7b6125c4c4e20f9
global_step=45736 | return=10.75 | steps=63 | track=227a569404c4ae63949c7c56c49c4bd0
global_step=45824 | return=-93.11 | steps=131 | track=c4045aac3f8528d6106ca478bbc5f222
global_step=45848 | return=-92.54 | steps=130 | track=21866a9c13882993f35a92ce485a96ba
global_step=45984 | return=-87.11 | steps=131 | track=e4926c5943096153c21845336337cad6
global_step=46072 | return=24.96 | steps=63 | track=4239e461f7313265d1bbc52b6e9960a0
global_step=46480 | return=-50.22 | steps=92 | track=5d49b02da6fb5adcc356dbc6e723ffc5
global_step=46496 | return=-77.50 | steps=131 | track=80d99674905bfed41fa0c3d9ab4f9d30
global_step=46664 | return=22.25 | steps=84 | track=665c455cef4f438b063d67a80ba6856e
global_step=46680 | return=-96.98 | steps=130 | track=533731e1c0e88200f6e72f8a0c5bdc14
global_step=46880 | return=-93.90 | steps=131 | track=d03081aa685db5ed9198b3177ec7d5d2
global_step=46896 | return=-98.50 | steps=130 | track=0cbe6c4a8404a5efc76e08f47667641f
global_step=47128 | return=-91.13 | steps=131 | track=96908cf8408f73ad2e8b1ec5354a45d8
global_step=47544 | return=-82.45 | steps=130 | track=fcb5a929ae091db63ca661bcb129a3e2
global_step=47648 | return=-53.69 | steps=145 | track=e17642365543145b7ca396e6cf79364f
global_step=47720 | return=-101.03 | steps=131 | track=344b13c50df047a02e14021ad4c6137d
global_step=47728 | return=-98.69 | steps=130 | track=831c82daaaa1f9b214d4f431a002ce76
global_step=47880 | return=-57.91 | steps=41 | track=fcb7d93f5b8b73d3b7a870fd8398a303
global_step=47936 | return=-87.31 | steps=131 | track=14c27152a10714344bd4ac26335083c2
global_step=48184 | return=-95.50 | steps=131 | track=e9367a8a5ba715e3ece17bc17ff4ae98
global_step=48312 | return=127.82 | steps=520 | track=a4cdb5cabda17e358b8d001776d1e6f7
global_step=48320 | return=-10.01 | steps=177 | track=47524a88299dcd21dc3c46f4c49736c1
global_step=48768 | return=-87.38 | steps=130 | track=ffe7813043bc5deb1ff437d79cd6505c
global_step=48784 | return=-104.05 | steps=131 | track=2f4ca0c3949bacf7b184e3aa50bd19cf
global_step=48808 | return=-17.31 | steps=144 | track=6b94e6c6c8cd5f6c19d12d20c6bede3f
global_step=48928 | return=-102.79 | steps=130 | track=e24b54db4897669d1de188aa0f3484f5
global_step=48992 | return=-116.48 | steps=131 | track=f40b7008bc2bd0de941ba2af1ac192b3
global_step=49152, SPS=52
global_step=49240 | return=-104.50 | steps=131 | track=36b3a11fba9bd0a217b354791e0c591a
global_step=49304 | return=-46.06 | steps=64 | track=e9a82cb3716e09fdb321a2a14f180aac
global_step=49360 | return=-100.99 | steps=130 | track=7b60c5ac2ffec0967a71aa676ed3e51f
global_step=49552 | return=20.78 | steps=153 | track=2815d952fdc544f19b2f2152a94e9d27
global_step=49696 | return=-51.16 | steps=95 | track=f2495e74d445b3543cfdf4370e984de1
global_step=49824 | return=-80.95 | steps=131 | track=e55da3784885c156a73e282f1ea0f073
global_step=49856 | return=28.79 | steps=68 | track=d652c49533587ed7985b515e020d38bd
global_step=50048 | return=-102.89 | steps=131 | track=398823a971c082f2e14b048a7eb32f97
global_step=50288 | return=-93.38 | steps=130 | track=af617a2f9da9c88107f26d2ca058aa57
global_step=50416 | return=-82.09 | steps=131 | track=852d20fbebcc18e842132fc34e4aa948
global_step=50536 | return=-74.85 | steps=104 | track=04f0f21c3c0a495a9c3b9ce125165e41
global_step=50624 | return=-24.32 | steps=133 | track=872e7c91a296bd70b229969fedc76666
global_step=50840 | return=-51.02 | steps=52 | track=80a4f60cc3b7f845163bbc2bf75399c4
global_step=51072 | return=33.38 | steps=155 | track=8e0fbc83e90ba642eaa2f1aef1d78cb2
global_step=51104 | return=-95.94 | steps=131 | track=1f4e7047db74256826e208302f2dcfe3
global_step=51176 | return=51.27 | steps=68 | track=b969abd04fbffab66befdb401e2a3d1b
global_step=51584 | return=-94.62 | steps=130 | track=2785a85713dfc09bf97047915e71631a
global_step=51624 | return=33.66 | steps=64 | track=29d095c795a50b4fbaf028ce14a86c15
global_step=51848 | return=18.24 | steps=83 | track=d2d0a89896f7945fff5edebc21508242
global_step=51888 | return=-91.17 | steps=130 | track=8f8df950619e1b222e9673da76146171
global_step=51952 | return=-68.19 | steps=392 | track=b5beaf3102d73207e555cf6b816887c5
global_step=52128 | return=-99.82 | steps=131 | track=a0c0231d962a9011bc33ef7b17797fbc
global_step=52200 | return=-19.64 | steps=71 | track=df67cf147b947cd2b26f05115a911fbd
global_step=52208 | return=-33.75 | steps=293 | track=6e5ef1c94a114fdc83e914dc89eee8c9
global_step=52360 | return=19.24 | steps=63 | track=e02eabf20bc6cbc7d25d1513ba00e70b
global_step=52632 | return=-89.98 | steps=130 | track=72f4e40db0a3d6ea19046f38f8d68a2d
global_step=52688 | return=-12.25 | steps=60 | track=5d4eda7dc2eb4154de41c7f9f48b5c8b
global_step=52968 | return=-46.29 | steps=104 | track=9bdc35f252b7a51d457e3af0581219b5
global_step=53008 | return=-97.09 | steps=131 | track=9ab1f09f2db9736453881c6d07369a99
global_step=53168 | return=33.90 | steps=66 | track=28278cfe55e032391ddc59f8644adb31
global_step=53208 | return=26.69 | steps=64 | track=e32ab7e661565b3f1c960ab793a1f7d1
global_step=53264 | return=-93.70 | steps=131 | track=1227776fd3dcb3fc3349b87787471757
global_step=53376 | return=45.80 | steps=385 | track=521b2694bda7a9896f026e93d48e61a4
global_step=53416 | return=-93.81 | steps=131 | track=29cfb843a138d154a7006aa64e938faa
global_step=53432 | return=-61.57 | steps=192 | track=163aadfab7027ecae614bcae660e1ce1
global_step=53472 | return=-13.84 | steps=62 | track=b5ddaa8b4bc7d78fc2393701f612975e
global_step=53504 | return=4.01 | steps=61 | track=a32b2200e0779b60fa91d3f4a236ae05
global_step=53728 | return=17.08 | steps=64 | track=7b30faaf71d53aa3550b6b8089dbd1c0
global_step=53792 | return=-32.94 | steps=65 | track=4d95a9efee88ccbd5531496af20e925b
global_step=53808 | return=-53.73 | steps=46 | track=3b83a6f3cb7a92293d4527b35aa8d03b
global_step=53912 | return=54.38 | steps=66 | track=afb9ac075c1bd4c5a25fbdf7612ea8b2
global_step=54088 | return=61.73 | steps=72 | track=70435cddc1b009e79dadc80c984ab410
global_step=54224 | return=-85.95 | steps=131 | track=f3f58d002e848f6b4a25d6fa673b6099
global_step=54248 | return=18.30 | steps=64 | track=1a040c2d6f662c8c3ef570ef802af484
global_step=54472 | return=-91.77 | steps=131 | track=83fd01d731fb12f699f6034cc9d05909
global_step=54528 | return=-94.67 | steps=131 | track=1d13e0e361f745b38ae32ad6b889e24e
global_step=54592 | return=32.69 | steps=84 | track=6adafd704b8d12bd8528424030b8b90c
global_step=54600 | return=-38.59 | steps=98 | track=313fd60235dee34a84a2adcc171f819c
global_step=54848 | return=-84.60 | steps=131 | track=89e1ca244695f1363828e91935dbaa7b
global_step=55136 | return=-82.57 | steps=130 | track=296f902b038d66286fd11bd5e7d76488
global_step=55280 | return=-92.79 | steps=131 | track=7c141aa9f334935f99b9421d4a55e081
global_step=55304 | return=-112.13 | steps=131 | track=6f2a02cdb9211ba10bb0492d63085eb6
global_step=55488 | return=-2.68 | steps=79 | track=c41c53a113bf11a87665ad9c3ee54dda
global_step=55528 | return=-95.08 | steps=131 | track=71569041d65fd3be31d8a782b3981ae9
global_step=55632 | return=7.05 | steps=61 | track=b1e104263259d42b0de6b7016a442dba
global_step=55648 | return=-88.50 | steps=131 | track=08ed9552f50b0c188c996a30c0f534f2
global_step=55656 | return=-78.83 | steps=131 | track=3fe5b62c63e4d8936d379de6f3f88eeb
global_step=55688 | return=-17.44 | steps=144 | track=f90993beca6885484238dc4090663e69
global_step=56160 | return=-13.96 | steps=65 | track=0bb595e4eafba40748ae0ca17d437cb0
global_step=56336 | return=-86.29 | steps=131 | track=b543dfe843f27c0ef1c29e8f0f57f5ef
global_step=56360 | return=-83.77 | steps=131 | track=17339729e2b51b28892d443f66f90b76
global_step=56488 | return=-39.63 | steps=124 | track=d3fa2a727c776022de230da68428e2e9
global_step=56704 | return=-92.70 | steps=131 | track=7976819bacb0efdc0f6dacf5e5c41296
global_step=56712 | return=-27.27 | steps=147 | track=c48970dbfaec47c4bfe9fefa633550ed
global_step=56712 | return=-106.19 | steps=131 | track=ab6faa09f95785ca00f632455eca87c2
global_step=56888 | return=59.83 | steps=68 | track=1c3559ddc7baf5a58e6a7171a9e4a2f1
global_step=57200 | return=-65.17 | steps=104 | track=9d3b716c0aa9d12aa447f7a20b6849cc
global_step=57216 | return=-89.89 | steps=131 | track=e2743b963f4215f72aa08741dfcd311b
global_step=57344, SPS=52
global_step=57440 | return=-124.49 | steps=218 | track=81f6e25a9142d92d81fe007cb13a48ca
global_step=57536 | return=-92.37 | steps=130 | track=55e3cda7593003b6fb6833b13ffff37b
global_step=57688 | return=11.71 | steps=58 | track=54e5d714b508bd596c7bbe852a4ad423
global_step=57752 | return=46.12 | steps=68 | track=ac3ec65f273817be4adb979551c5c603
global_step=57760 | return=-100.94 | steps=131 | track=bfa403e541828830068f7cc6f6a1ee96
global_step=57768 | return=-83.49 | steps=131 | track=b0a265ce54c7736e771535b595fb4d78
global_step=57768 | return=-89.65 | steps=131 | track=aaffe26f29821d5011bc41f1c18dc507
global_step=57936 | return=-92.55 | steps=130 | track=09d2fdba79444c9ffd0b0ef5084c9c37
global_step=58136 | return=-34.52 | steps=45 | track=8fe13bd14ec5b9534c0b3a83c508bfb8
global_step=58288 | return=20.25 | steps=64 | track=25dada29ee1c52b30df82321d234d21b
global_step=58472 | return=39.41 | steps=66 | track=a53a65539b2507ea022d76ca09b57896
global_step=58504 | return=-95.83 | steps=132 | track=aef2fdbb4939f531247f4c432a3122f9
global_step=58600 | return=-89.43 | steps=132 | track=7d7bb68a76188badea4ad37069a1d214
global_step=58744 | return=-86.50 | steps=131 | track=48daea45c1ce0ded67b681b011dfd091
global_step=58760 | return=-56.99 | steps=124 | track=6416b193ddbe7ba0f38d2064d06da3de
global_step=58800 | return=-91.20 | steps=130 | track=09e1ef45370c24a0f726a9b110c7c0ad
global_step=59072 | return=6.01 | steps=74 | track=a31cbd603f5cf7e73e294485bb367625
global_step=59192 | return=-88.66 | steps=131 | track=cb72438004de2d679d11e0bddf6643fb
global_step=59256 | return=214.33 | steps=93 | track=022b4d30835ca33531d843dc09d74c6a
global_step=59344 | return=38.08 | steps=67 | track=e907f16142449016d07983b4ca68dfb0
global_step=59800 | return=-85.46 | steps=131 | track=af44683c9dbc89ff83c9fc49fef74f4d
global_step=59816 | return=-100.75 | steps=131 | track=b8219c7841c405b8355d0aef475df01c
global_step=60000 | return=-81.24 | steps=213 | track=12d74f23ca6324a4cbb2c4e74ee2ab21
global_step=60032 | return=-72.97 | steps=96 | track=a2aefd32c32fbc591d3f45139e874d6c
global_step=60248 | return=-89.33 | steps=131 | track=bf3c3a2bb92380c91fec06a3dc9e30a3
global_step=60384 | return=16.99 | steps=163 | track=d2c42c2dda97adde2479f05204809761
global_step=60400 | return=-95.11 | steps=131 | track=b91a807fd71b7354f2bb494e43e76d05
global_step=60568 | return=37.66 | steps=66 | track=c5e260d0210c476c417e76296d48fdfb
global_step=60816 | return=-17.19 | steps=53 | track=8d5580207f15a727eca7d2eaf54c76f2
global_step=60872 | return=-105.95 | steps=131 | track=b885a7a3c443f87eb0f2f5554d2ca36e
global_step=60960 | return=-118.00 | steps=88 | track=dbc814f39ec05a8e1e3e5098d3db5839
global_step=61056 | return=-91.90 | steps=131 | track=db51601d3c4aefa29eb96aeef3fd45bd
global_step=61272 | return=51.27 | steps=333 | track=ebca72a52e55b61d2d41f4703e6facfb
global_step=61408 | return=203.20 | steps=200 | track=5dcc208b6907c172de172b34354bbad6
global_step=61456 | return=-90.85 | steps=131 | track=798ca4bd300e064e26e45d04813f6887
global_step=61624 | return=-91.33 | steps=131 | track=6733fdc36b5aefedb3c8425807ad5774
global_step=61856 | return=-32.07 | steps=49 | track=095f6399f46bb0baf1f1bf22f4b94c33
global_step=61864 | return=-105.75 | steps=130 | track=e310f45f66acbc03bdc3ce8570fbc15e
global_step=62112 | return=-99.91 | steps=131 | track=6489ea0efd981b021394989499e2ebd3
global_step=62288 | return=-32.89 | steps=165 | track=b81956728e86ec2105b3ada5bd3c3bce
global_step=62400 | return=39.51 | steps=67 | track=1a5218fa4983c5fcbd2d4a73ec9fab31
global_step=62432 | return=31.27 | steps=144 | track=b894a4dc6673af2bb5f20181907040c3
global_step=62648 | return=19.77 | steps=66 | track=1345704c86dc306436418c0dc1d12cec
global_step=62784 | return=18.73 | steps=144 | track=6db2bde402222d8bc5c27d2735251a31
global_step=62920 | return=-7.14 | steps=131 | track=d5120369bb625f4d31783eb3df357494
global_step=63024 | return=32.50 | steps=268 | track=58376c471ce54d850e7f3751b44422e9
global_step=63064 | return=-52.58 | steps=206 | track=1610cdf17c4e5fc3237ef3bf8c2f5e38
global_step=63456 | return=-89.95 | steps=131 | track=c40a75ec37966474844ff4091e4c5ba2
global_step=63760 | return=-40.00 | steps=138 | track=fe419517f4f44c2cb0f53a4aa5595c94
global_step=63832 | return=-91.38 | steps=130 | track=597af008d4c940124bed7e5edbc43a56
global_step=63976 | return=-93.77 | steps=131 | track=f9abdde4c94b5c915f788ccde6bf21b2
global_step=64120 | return=-98.53 | steps=131 | track=7d6553c314ffaa79b7257f7f886d18ea
global_step=64336 | return=-40.69 | steps=237 | track=61bebd64c7cb39b9965832974311ce65
global_step=64568 | return=-54.67 | steps=284 | track=29bf41cbf81d5e19b505a9ff0f079dac
global_step=64816 | return=-95.58 | steps=131 | track=c4d1adb6c3ece9f4be8942eeacef490a
global_step=64896 | return=11.04 | steps=233 | track=c6548bbebbf6b427d27c9f947718b258
global_step=65000 | return=-28.41 | steps=145 | track=87905e7eff15b54bae68cafde0bf8f5f
global_step=65032 | return=-82.79 | steps=131 | track=aa03cd6109d40ebc85387ce2d5d49936
global_step=65296 | return=-17.20 | steps=146 | track=ff6cc4bee55fd355c70c1a5339f4e020
global_step=65392 | return=-7.80 | steps=61 | track=19048689f6167c5bafc7697ee8f1f24a
global_step=65392 | return=-77.09 | steps=131 | track=0e87dbfcd0bfe7e9bd6d5287c0abf070
global_step=65472 | return=-95.60 | steps=251 | track=b851fd051fd7957e1ad8ce0be0f81b31
global_step=65488 | return=31.24 | steps=83 | track=0c8214b5a5c081d52cbe3ceb05ee0774
global_step=65536, SPS=51
global_step=65632 | return=-98.11 | steps=132 | track=a427197cea58ed2d828626a35380194d
global_step=66048 | return=-99.42 | steps=130 | track=188a4d0a09962bcbc49f76746016e57d
global_step=66080 | return=-91.91 | steps=130 | track=4dbc3cf948d67ea6bca5101e9e591409
global_step=66344 | return=-91.45 | steps=130 | track=87147f491fa6b6e30a1fe0da4b6966ec
global_step=66448 | return=-77.57 | steps=131 | track=7a810ca46abe04572e297a11e1f0e169
global_step=66528 | return=-84.50 | steps=131 | track=ab30b4850d1fb0489193d2b760c212db
global_step=66544 | return=-87.50 | steps=131 | track=bf49392bb691c4fbb380e0d66a7255ac
global_step=66688 | return=-94.14 | steps=131 | track=69b211278eb4621ffa54c54a3ca52d14
global_step=66760 | return=-61.68 | steps=170 | track=f02a3c8cba3cf5011ed182d962e44027
global_step=67104 | return=-64.13 | steps=131 | track=b536c17fa5134d65c453f5f235056f6e
global_step=67144 | return=-33.74 | steps=86 | track=56d7da2166ac4690b4a6835cda25ea44
global_step=67304 | return=-3.12 | steps=152 | track=9add3679bdef8fd03c80deec64cc1a56
global_step=67360 | return=-95.00 | steps=126 | track=a850dfbb16df873d1fc28c6c0c06627c
global_step=67584 | return=-93.49 | steps=131 | track=bf21cd7979968a8e59e5e70df0d42c04
global_step=67736 | return=-89.66 | steps=130 | track=4be9456a67ef3deb823fd850b6d5d8e7
global_step=67808 | return=-91.45 | steps=130 | track=d4bbf63b70b3b6c9523b62526fef9606
global_step=67808 | return=-43.79 | steps=157 | track=4a2a787919cac0782f94ab97e0e0ac04
global_step=68152 | return=-77.80 | steps=130 | track=cd4f3a18734e2cf61c2bff357dba904f
global_step=68200 | return=-13.84 | steps=131 | track=689f80e6f68cdea61414826f611f75c2
global_step=68360 | return=-99.18 | steps=131 | track=a1cb9d29738671ba10f0b191716db928
global_step=68632 | return=-101.20 | steps=130 | track=4d1ed6c25bc5f61d674b613960bc7bf8
global_step=68824 | return=-104.32 | steps=182 | track=cc3b9a434f64e609024830343f328254
global_step=68864 | return=-82.80 | steps=131 | track=f91890647333297f81742fab8eb91866
global_step=68872 | return=-103.02 | steps=132 | track=c637eb3a3f24d44379f743c92f009d89
global_step=68944 | return=-39.32 | steps=150 | track=eb81167b39bbb72aa6d7020ab9022c08
global_step=69200 | return=-89.04 | steps=130 | track=4aabb9d3f65c84648021b2be0cdecc4b
global_step=69360 | return=-25.25 | steps=144 | track=e21520361511a88c18d7cb37a545dc0b
global_step=69416 | return=-83.44 | steps=131 | track=8bb6cccf52c5a64ffc7a4c677047de89
global_step=69448 | return=-71.16 | steps=101 | track=34cbcaf28357c4428ed979c3a601f81e
global_step=69768 | return=-35.42 | steps=70 | track=a20928dd2ac0d72a78a7f477b627e0df
global_step=69880 | return=-73.90 | steps=131 | track=0ac69df51a9be8a2ea1cdcf07ab259a3
global_step=69928 | return=-91.80 | steps=132 | track=1de1c571f124c2dd4d9ed06ef23500cb
global_step=69928 | return=-88.58 | steps=131 | track=5eb32fcd038cb3d0623ea8fdf395d282
global_step=70000 | return=40.32 | steps=68 | track=784313c1f64329cb43bcbb320288bec5
global_step=70144 | return=-26.66 | steps=46 | track=79dd0b39802fdad77e1f4dc48b70c58b
global_step=70368 | return=-32.75 | steps=177 | track=a35b03f95185f8a4192385e0fff2d213
global_step=70416 | return=-91.70 | steps=131 | track=8e9a3a94aa5fb8f61ad0ec104f777381
global_step=70472 | return=-90.38 | steps=131 | track=d9603716ec8bf5b4a21e0ba27669b1ad
global_step=70768 | return=-83.30 | steps=110 | track=b9f432c3f3a304042b6ca3e9204baccd
global_step=70872 | return=-1.06 | steps=62 | track=414e288f3a2bff8453e886f2e215af74
global_step=70984 | return=-88.91 | steps=131 | track=4dde2010d8785db7e9c98c4bcdd77186
global_step=71056 | return=-91.77 | steps=131 | track=8bcfba2bf8386b0e6350ef3039626f0c
global_step=71200 | return=-93.78 | steps=131 | track=8661fa804bb95749fa57184afe67cd90
global_step=71432 | return=-30.93 | steps=69 | track=f0f072e19c75ed76e440f7c4fb3072dc
global_step=71472 | return=-83.42 | steps=131 | track=c6279ad385fac72b0e529775df1c0573
global_step=71528 | return=-81.98 | steps=131 | track=763e5b18f0b702a05871aa2effc2c623
global_step=71824 | return=-82.94 | steps=131 | track=c452f6da22d05fbcb241b28e7d97e156
global_step=72040 | return=-105.98 | steps=131 | track=cdd5ff3c95b88d96259b5165db51b10b
global_step=72112 | return=-68.10 | steps=131 | track=c9c83beeb8a5e1defee927d5734b00c7
global_step=72256 | return=-92.87 | steps=131 | track=f6384e546cf4bf5d4e0329866baec2b2
global_step=72312 | return=-80.82 | steps=109 | track=140f775f366d1ecda775cdc7480afa44
global_step=72488 | return=-47.00 | steps=46 | track=d963238866a40f8699664a1250aac51e
global_step=72520 | return=-99.18 | steps=130 | track=4d9be066982d76ee0a50b782e0d1d36b
global_step=72576 | return=-96.79 | steps=130 | track=e30ad3c962a2d1639739a502db6e1dc6
global_step=72664 | return=-71.70 | steps=341 | track=d61e6dde555c396b9ca2f6b91c5de167
global_step=72872 | return=66.85 | steps=69 | track=715ccd57fac6da850bd68735ef48eef2
global_step=72880 | return=-97.68 | steps=131 | track=d159ca77a5d602c9d8d31690a304690a
global_step=73088 | return=-124.26 | steps=130 | track=770b23da4709a474970319780ad43e8b
global_step=73104 | return=7.73 | steps=76 | track=acca2be1d9ff09c930250a95fe1c0d85
global_step=73216 | return=69.39 | steps=68 | track=1ffd4f876ab347f43d94d05154b43c58
global_step=73312 | return=-94.51 | steps=131 | track=9ae639159b7690882a0f9fb74bb9dbd4
global_step=73360 | return=-0.47 | steps=60 | track=35c54dfaf928629b291c1080248d1c31
global_step=73448 | return=-45.05 | steps=44 | track=cccba87cd30fb27cf099a6d8ee354851
global_step=73576 | return=-99.18 | steps=131 | track=1c83296aa8e98c719bf5df1a0a6e095a
global_step=73632 | return=-85.81 | steps=131 | track=e0e01f93428a8163707f896574150fa4
global_step=73728, SPS=52
global_step=74272 | return=-95.44 | steps=131 | track=8c0ff1308575d07b19a0a2e2ad78125b
global_step=74416 | return=-92.90 | steps=131 | track=87be76f5acd7f4c6a9f7b581ff014d71
global_step=74416 | return=84.00 | steps=191 | track=cbab4856a36a9def609360030aba99ad
global_step=74504 | return=-95.76 | steps=131 | track=9ce33ada6a1ad37d7ce22ed856ba9d75
global_step=74512 | return=56.68 | steps=149 | track=20d864342d4adca60343b20f489ed394
global_step=74632 | return=-83.18 | steps=131 | track=dbeedb191c05d382fae1c5bd0188a253
global_step=74696 | return=-109.11 | steps=132 | track=f5647c6989ab6ee065b42882104c8f18
global_step=75128 | return=-69.40 | steps=88 | track=38d06286a14e1f3727dc1b736c5f2d44
global_step=75328 | return=-84.81 | steps=131 | track=2d081d62ae6ad7001adeb8b534f4c15e
global_step=75472 | return=-90.30 | steps=131 | track=5f4a4fdee2688161a878f8aec27d3742
global_step=75560 | return=-93.31 | steps=131 | track=a3b60a242e3efbed5d1e6e1a0c153804
global_step=75688 | return=-81.85 | steps=131 | track=832ed4e10fc56278bceac2d9d75dcb33
global_step=75744 | return=-91.82 | steps=130 | track=259e346bd75660bd73a633f1b55b4bf7
global_step=75784 | return=-27.47 | steps=81 | track=1a40152da24ec35d747c3da2d47169fe
global_step=76024 | return=-19.56 | steps=364 | track=6b71ff1415a4d8ec74a28d7c49b3da5c
global_step=76176 | return=-59.92 | steps=207 | track=64152a29b6283c9269e8f54d486ba5a3
global_step=76384 | return=-103.09 | steps=131 | track=9b9d4ae635dc3df13b2293bf87aac0e5
global_step=76520 | return=-109.09 | steps=130 | track=4d6711f9b8e5e8cfef3b298a80d26500
global_step=76616 | return=-87.97 | steps=131 | track=be427c5f3a14990a067eadfc732a31f5
global_step=76744 | return=-76.64 | steps=131 | track=88cf52b34722e4ef6a9c8e010d27ce45
global_step=76840 | return=20.85 | steps=136 | track=c6d88d54aa8f9f1c01cbd40abae01537
global_step=76920 | return=-43.70 | steps=141 | track=e7f3a1b7505a71e415f821f203739538
global_step=77064 | return=-96.31 | steps=129 | track=d63f939157dddf889042d1a124885c97
global_step=77232 | return=-93.15 | steps=131 | track=aefca2b87c0461b24847e7cb1537b3b2
global_step=77440 | return=-98.19 | steps=131 | track=5e61c629dfd7560b0acee7b5898f4a44
global_step=77568 | return=-103.17 | steps=130 | track=fafde556012aace40f72267d21c99781
global_step=77672 | return=-104.76 | steps=131 | track=09e837eece18abe3bbbddf324400690f
global_step=77800 | return=-101.93 | steps=131 | track=da19a9f63e6f966811950a9d5678e9af
global_step=77896 | return=-78.37 | steps=131 | track=765257e3434f06a4d649a7957dd3d397
global_step=78112 | return=-105.35 | steps=130 | track=ce6a94a6ee81dd943ff1b7fbdea566fb
global_step=78248 | return=199.50 | steps=126 | track=72f36d1c38f920b2b1e5960acec14f3f
global_step=78320 | return=36.87 | steps=64 | track=ddc4d548822726e9788c808a8233416a
global_step=78400 | return=4.70 | steps=62 | track=25010173643df3cb5916ccf5974aee59
global_step=78432 | return=-36.30 | steps=188 | track=f25c3abd6ffbddd378a4b62276cbac14
global_step=78488 | return=-95.05 | steps=130 | track=01c761b12542ed292dbf24de45feb5bb
global_step=78608 | return=8.77 | steps=61 | track=0a12c53e5bcdf081990ccef86ce026a1
global_step=78616 | return=-69.78 | steps=130 | track=95faa3f835610107e1f1dcdc02f268c7
global_step=78728 | return=-110.51 | steps=131 | track=267610e3f62f3ffd65efa311747bd62e
global_step=78848 | return=-24.70 | steps=44 | track=b1bc395bc572121bd8a9f8a03857b075
global_step=79296 | return=-17.90 | steps=121 | track=515c22383c8c1614533aa5723c96849a
global_step=79304 | return=-105.55 | steps=131 | track=3f749f03207dadef2579539889ac4e7c
global_step=79368 | return=-32.08 | steps=116 | track=8ca9e66295424a9a62ed6b06b958a6fd
global_step=79384 | return=-72.32 | steps=66 | track=68a7d258f8ec3a1e4035ac67e4e6f174
global_step=79664 | return=-91.51 | steps=131 | track=a8bf1eb370877f1318049aeb27b3f3f5
global_step=79672 | return=-84.01 | steps=131 | track=69b9a2cc0af81dc80b8c7f729a2c0995
global_step=79784 | return=-86.05 | steps=131 | track=52d927f2bca817f2c2c2c14de3cb84d7
global_step=80040 | return=-49.77 | steps=92 | track=21b24522bf1e8b2e4a933b065fbd470d
global_step=80296 | return=8.61 | steps=63 | track=7cf70b2a93cac28199485e1f55ce5be1
global_step=80360 | return=-91.98 | steps=131 | track=ecdb5d867cf7717a784a86403e27b294
global_step=80416 | return=-92.40 | steps=130 | track=203f9dd8ab02a98e4bfd09d945288a5e
global_step=80488 | return=-81.96 | steps=101 | track=20b609016dd7cf0a9f44d10d06ef0e04
global_step=80672 | return=14.36 | steps=283 | track=15292af5c27a4890ac1a50784124a1d5
global_step=80720 | return=-98.90 | steps=131 | track=84848f3e5b81666c5eb7fc419d562d08
global_step=80736 | return=80.29 | steps=168 | track=88714c94c8023e637952acbcff57c20c
global_step=80888 | return=57.70 | steps=65 | track=f4ddd027690c039b30bfbb7958211ec7
global_step=81096 | return=-89.11 | steps=131 | track=a65e4163acf2753bf3435f57b5cd97a5
global_step=81104 | return=38.16 | steps=76 | track=238ce6cdb4e4263f289cf4361a09f9a9
global_step=81352 | return=-89.71 | steps=131 | track=3f3cb22fff2dbdb22c023a2304ebf732
global_step=81472 | return=-97.49 | steps=131 | track=4ad7284fdb983ff4754b73a6c8db493c
global_step=81648 | return=50.14 | steps=67 | track=a82893a0c87cfda3cc813b54154ae2c7
global_step=81728 | return=-96.64 | steps=131 | track=90e3b1e3737bc86857ab53dbd171babb
global_step=81760 | return=-68.50 | steps=129 | track=2c6040f9a0c425ca8c7c9df15e970fb0
global_step=81792 | return=-96.65 | steps=131 | track=82874d461fafe76ffb2932141e630ac7
global_step=81872 | return=33.79 | steps=64 | track=a77c4ada365fea000339b04781b5f6a1
global_step=81920, SPS=52
global_step=81944 | return=-94.51 | steps=131 | track=18d87ed081df0b392e52660a7c19e9cd
global_step=82152 | return=-97.88 | steps=131 | track=6c26563efd732c7c91297d4fe50c93a2
global_step=82568 | return=-43.82 | steps=136 | track=07f1ecd4689cc834aa86a16405bdad7e
global_step=82680 | return=-67.51 | steps=91 | track=a55053eb16e1d05e5f8fba7b6242059b
global_step=82704 | return=-81.44 | steps=131 | track=26a9b2fbfbb1ff8e9d31e1a6194b5a30
global_step=82784 | return=-80.69 | steps=131 | track=aa6bd23b86e9c365fde5d70dcd33b33b
global_step=82816 | return=-86.05 | steps=131 | track=07d78188edb27529a0476f76bc9dff42
global_step=82848 | return=-123.72 | steps=131 | track=89cfc1af301da50f457967f11bb64bb8
global_step=82928 | return=-82.56 | steps=131 | track=b2974ffb8fd4fd870f64650f8dafed38
global_step=83208 | return=-81.97 | steps=131 | track=4d0c967eddd3af56e647964bc4791c01
global_step=83384 | return=42.67 | steps=101 | track=445ad28a0a07b6869c345c0cf8913cbe
global_step=83456 | return=36.65 | steps=65 | track=9292ce8bebfa9c78f5a154da149992ae
global_step=83552 | return=-93.04 | steps=108 | track=1bd513e98c2d34c0e2f9287495ee9331
global_step=83632 | return=192.63 | steps=105 | track=cec821fc66bf89bce92da77959d81d43
global_step=83760 | return=-75.50 | steps=131 | track=f0b83ee9c112d2e04686527095a411de
global_step=83872 | return=-85.06 | steps=131 | track=5464b58d74aa6384c4bde11e0089a5cd
global_step=83904 | return=-85.70 | steps=131 | track=0820b56b08bca5aa4d28e33ccf583bd7
global_step=83960 | return=13.96 | steps=62 | track=51786eb4606ad3785a613d21475f8509
global_step=84016 | return=-60.59 | steps=47 | track=671ead88ce0440c41d8a9058f8b01352
global_step=84264 | return=-76.98 | steps=109 | track=fd28ae08b09e97b4913aa27d2ef3d699
global_step=84264 | return=-101.03 | steps=131 | track=e3ecd4dca54fc78ee32435c8240f39ee
global_step=84608 | return=-89.69 | steps=131 | track=458d9ae2f6d4bb625be161954cf032b9
global_step=84776 | return=22.50 | steps=63 | track=7bc0da6bd5a6a3f7b4798cb10293ba77
global_step=84920 | return=-94.56 | steps=130 | track=1c4369db6c35e04fe2780a3d21b529ec
global_step=84960 | return=-91.11 | steps=131 | track=836a147001be6ef6c5fa1bac8c6b3144
global_step=84968 | return=11.74 | steps=150 | track=a82d01e5e1a6fac1b974a7dbdef9e9da
global_step=85016 | return=-89.06 | steps=131 | track=315e3af5e953290bf4bf51847875a570
global_step=85088 | return=-95.70 | steps=133 | track=a878cc0776c5605916384edd8b89e8b0
global_step=85312 | return=-95.28 | steps=130 | track=24fae621975ae8cf6d0b880a9eff94f2
global_step=85440 | return=15.25 | steps=64 | track=2d5afa18e041f6802fcf236221ba8a45
global_step=85648 | return=66.52 | steps=69 | track=783bdc6afee214145aaea9ad64ce68fb
global_step=85664 | return=-93.90 | steps=131 | track=953f5fdb8f930ec6a4928c7216617646
global_step=85984 | return=63.87 | steps=67 | track=cc7a5eae459fdeb6f39463ee4af0b1b3
global_step=86024 | return=-96.11 | steps=131 | track=f959eebcd054635de14e34cbd296e17d
global_step=86064 | return=6.18 | steps=160 | track=01e4e807197b423b362afa08394af4f3
global_step=86064 | return=-85.58 | steps=130 | track=88a352d105bd6fd0750e337c94f0cb1f
global_step=86608 | return=34.70 | steps=67 | track=2461274fc94370ef76e9b27a22425a17
global_step=86704 | return=-90.85 | steps=131 | track=244f48d13e03b2d7d61bdf2835ba5fba
global_step=86720 | return=-88.82 | steps=131 | track=e3014fe7eb0c9abfe8dab510d6336c04
global_step=87040 | return=-89.33 | steps=131 | track=38f9c33fe76f0c854d8ec661b70fb399
global_step=87072 | return=-115.57 | steps=130 | track=82f04e47cbda8cea4b03ed9ec7b04c4b
global_step=87144 | return=63.53 | steps=228 | track=02479fac47018b9ac20c62e0fa04106c
global_step=87168 | return=-19.58 | steps=137 | track=99a0edaf04603b4c86748a2c94f3af5f
global_step=87560 | return=-15.60 | steps=51 | track=85501ea410ee7060cba6de2e74aec0ef
global_step=87728 | return=39.85 | steps=69 | track=e312eafe55b77a9e59eac070c025bf52
global_step=87760 | return=-90.10 | steps=131 | track=5de8536d6e565be40de6c0ee0fb0ffd3
global_step=87776 | return=-89.43 | steps=131 | track=0fa72ab43e8add03e975f6f5c7c0f3ed
global_step=88088 | return=-105.15 | steps=130 | track=e98eddf6acbefb8d9ce83225fb349826
global_step=88104 | return=57.97 | steps=67 | track=aa52f7aaf95340f214b00991371983ba
global_step=88256 | return=32.67 | steps=147 | track=892c43f702adbc338d8ce3284b686b54
global_step=88264 | return=43.05 | steps=66 | track=e040a141f85ff5014ee398404dcf3b8c
global_step=88616 | return=218.12 | steps=250 | track=15d233cc21f675c2829505a53460b6f2
global_step=88632 | return=-43.74 | steps=106 | track=ba7f8dbe376c86dbd103816c9e3287ad
global_step=88776 | return=33.90 | steps=64 | track=203c1ee6a8a6d8b77f438f02bab19a32
global_step=88816 | return=-80.06 | steps=131 | track=4370a2a2d7404e56a55f6c7a6c5bee29
global_step=89008 | return=-98.85 | steps=112 | track=1169ad7bb9457cc43a6bb25c1dd6df5f
global_step=89088 | return=5.23 | steps=515 | track=005d1031d0a697b741c8957aa689b955
global_step=89128 | return=-10.08 | steps=63 | track=db921988e9018d0ea4be384a0803c43d
global_step=89144 | return=-82.23 | steps=131 | track=d48070f693ae50ebe0a409b335687e51
global_step=89224 | return=-33.75 | steps=55 | track=3d798b2103c0cd6337092bda83ae9549
global_step=89320 | return=-92.18 | steps=131 | track=7aacdb3ee68cfb64f8f7b70e737af32d
global_step=89424 | return=-83.09 | steps=98 | track=35a93c79177aedc8904a614fd6ee1fc1
global_step=89848 | return=-32.68 | steps=94 | track=13cd1dbb257ddc10fbaacc7f3568869b
global_step=89872 | return=-96.73 | steps=131 | track=8db46a7f9db3352b4f2f18134678185c
global_step=90016 | return=69.56 | steps=73 | track=9c36ce430fd014615af4e631cb2a20d7
global_step=90056 | return=-49.77 | steps=130 | track=49164c6d09540510ecfc6953f216deea
global_step=90112, SPS=52
global_step=90160 | return=-77.51 | steps=104 | track=9741e2785a97ed7b4b4a70aaf58a27b9
global_step=90184 | return=-89.11 | steps=131 | track=903417fa626e1e3dc49fa3ae4eb720c8
global_step=90200 | return=16.55 | steps=131 | track=e9677f296195f8da79f60305cc5e49f5
global_step=90280 | return=-93.89 | steps=131 | track=e4327b792ceca1dc8753f192379037f9
global_step=90584 | return=-110.80 | steps=88 | track=dff986a73de42587d9bf8ee1a2c027bb
global_step=90704 | return=-9.08 | steps=67 | track=f0d36b3ca49ef95307000c3ac2fe9359
global_step=90760 | return=160.85 | steps=92 | track=31a3f5b6580f237e4dfb1d78018e142e
global_step=90904 | return=-88.43 | steps=131 | track=5ea0fbd1fd6672a46eb927ffb894ef16
global_step=91112 | return=-68.79 | steps=131 | track=600b475f4e4fe8e159fe5b6618b888de
global_step=91152 | return=-87.54 | steps=108 | track=d10ab956e11fa50d1d6cd592550cc894
global_step=91232 | return=-62.48 | steps=130 | track=451367e7f53eecbbd0e3239eae5153a3
global_step=91256 | return=-5.98 | steps=61 | track=4cdce627e4e64e1f164764a68071307d
global_step=91456 | return=-0.41 | steps=156 | track=13a26df92b5445b0a8740dbdabd7948f
global_step=91464 | return=-72.68 | steps=109 | track=f8c1a46e97cfa52c31f649a187aeccc9
global_step=91712 | return=-41.27 | steps=100 | track=837469b097463806239a7cf9bb4c5ace
global_step=91760 | return=-85.06 | steps=131 | track=141eac6d75940a4ec26fbe35c67c0c70
global_step=91904 | return=-10.15 | steps=93 | track=7d5c7e7204b47ee5fbd8fb73b8f14aab
global_step=92000 | return=-65.34 | steps=95 | track=f78a8be45bc7ea6c3e984226b3129674
global_step=92168 | return=-85.22 | steps=131 | track=3a7fdde8821d1fbe70492f4e915cd2e2
global_step=92304 | return=-78.67 | steps=130 | track=db753721a26e14d24613efdbd841d04b
global_step=92504 | return=-90.85 | steps=130 | track=96ff0378f8f2651349020e297eee6eb5
global_step=92520 | return=-79.89 | steps=131 | track=186fcdb27a7d0a0a4f7e41736ed23664
global_step=92760 | return=-86.97 | steps=130 | track=13418e98ab0c5307d01ce0237c47f897
global_step=92816 | return=-80.55 | steps=131 | track=1b1c71ba1ee369e0d1d3e34af9524b25
global_step=92952 | return=-87.98 | steps=130 | track=5413ac43c3f689d28ae663f8337b63d9
global_step=93160 | return=-75.81 | steps=106 | track=389cde40110c70e6c8068eae01518a4f
global_step=93296 | return=34.47 | steps=66 | track=4a958d0639203a959d542d4b050e0b3c
global_step=93560 | return=-87.97 | steps=131 | track=6eee134df1bce41cfee21cd3e1f51b46
global_step=93568 | return=-93.38 | steps=130 | track=039442f8e65ea8d94b90f6226aeed60b
global_step=93656 | return=-2.90 | steps=61 | track=464029d000969b98963eb51c551fb100
global_step=93680 | return=-55.91 | steps=188 | track=34023e13449f550fbddb087f84248f10
global_step=93872 | return=-93.37 | steps=131 | track=b8c6b93cb6dffa6487bece0bda10b4f8
global_step=94000 | return=-32.80 | steps=249 | track=03e39eee0cdc03b982a1c7bb83b6fe56
global_step=94008 | return=-68.34 | steps=131 | track=851112f895ee9b26fd6e732d983485cb
global_step=94216 | return=38.98 | steps=66 | track=b67208d84d0f4740e04d78c66bf66299
global_step=94352 | return=-90.43 | steps=131 | track=bd6866056ef072f3715b2d80bd941764
global_step=94464 | return=-40.99 | steps=57 | track=df9043fc4cb6ea24916879bd240a22a4
global_step=94608 | return=-109.47 | steps=130 | track=e83e4ec5582808feaaafebebd9ee488c
global_step=94624 | return=-105.36 | steps=131 | track=ce8db421f0282455cc85369de3fc0905
global_step=94920 | return=-99.95 | steps=130 | track=53762fa750424311c5943a6b64c40960
global_step=95064 | return=-93.55 | steps=131 | track=9256e693af24b93877a4cb463abf6327
global_step=95256 | return=1.00 | steps=78 | track=81003831f39fc4e34cb9489dadbe6720
global_step=95352 | return=6.04 | steps=141 | track=46971f1c2c0c36af304fd8154654d921
global_step=95408 | return=-85.93 | steps=131 | track=1e0df875bb3b00076a8b0d7fe0335c00
global_step=95520 | return=-85.31 | steps=131 | track=ebed2fc6e495e44362933f56874307a3
global_step=95664 | return=-97.85 | steps=131 | track=d1ed9d547ea935f4e0a8107de7cedbc5
global_step=95936 | return=33.87 | steps=65 | track=e5948e8c0c877346039ba5c107900256
global_step=95976 | return=-91.69 | steps=131 | track=e64469e3e59aada4085a38e4f10f0803
global_step=96112 | return=-110.07 | steps=130 | track=155c49f5c50f92471020b3e061a52d85
global_step=96256 | return=-71.31 | steps=91 | track=21a7faf270cf7c6e113a8be04668188a
global_step=96312 | return=-90.88 | steps=131 | track=59228e06c2aae160ba8fdf4ff28cb315
global_step=96408 | return=-88.91 | steps=131 | track=2b727f0edbbbd1a90e04e7ad1d4dd270
global_step=96728 | return=-101.66 | steps=132 | track=0ea8307e814bff0d605331361bb5f9f1
global_step=96992 | return=-71.59 | steps=131 | track=b1803b4f0d9f3bf6fb380d5749d48ed3
global_step=97032 | return=-88.84 | steps=131 | track=5c8beb28b0d5efe852303fbde66277ee
global_step=97168 | return=-88.58 | steps=131 | track=a174c878a7cc82f7d29b70ba1745bae0
global_step=97184 | return=26.52 | steps=440 | track=6d260b844b1ffc5ec1e5a89e9113497b
global_step=97312 | return=-96.30 | steps=131 | track=fbd98cbf36fe304fd64bdf3840eb0aee
global_step=97368 | return=-94.32 | steps=131 | track=d1e9779291badf1443cf4be93ca4c4f1
global_step=97456 | return=-99.60 | steps=130 | track=0e73d798a7172c1e197ddda3b1dd8602
global_step=97960 | return=18.41 | steps=153 | track=8b87f4ac69b0eb4891528c30c1e5163b
global_step=97976 | return=-77.38 | steps=98 | track=e08a5952e1e40356bf65abbdd1c3ee38
global_step=98048 | return=-87.02 | steps=131 | track=b1b935f5940cbffdc2e639877593d3ce
global_step=98080 | return=-91.90 | steps=130 | track=0c971a9cfaea8491ff07ba5c4c810a91
global_step=98304, SPS=52
global_step=98368 | return=-98.05 | steps=131 | track=7f8741f325677406d0be7303fcd8f9bf
global_step=98424 | return=-84.92 | steps=131 | track=deb56b169229d07145d416b1c53c66a6
global_step=98608 | return=-16.49 | steps=143 | track=0c45e2bce6388335f97ea72671476db4
global_step=98840 | return=-80.35 | steps=109 | track=db25b9b7268a8fa3972ad531b8c20051
global_step=99024 | return=-86.22 | steps=130 | track=e8b28b49e2c278ebfb57a8ed302dab1e
global_step=99104 | return=-90.85 | steps=131 | track=4338ae07f2a958457fd7462d513a54d3
global_step=99424 | return=-101.18 | steps=131 | track=6af16828f3a05147dcdbb2212e8316a8
global_step=99480 | return=-95.50 | steps=131 | track=5bee766a9c1570fa66fb6757e96167ce
global_step=99488 | return=-32.98 | steps=47 | track=e57dd8270c55289bc28d98cc538b6d08
global_step=99664 | return=8.72 | steps=197 | track=070d8c8f09eca32d4770b207854972f8
global_step=99664 | return=-81.10 | steps=131 | track=7feb727ebc6a46b656246ff022a8c8a8
global_step=99888 | return=-103.17 | steps=130 | track=cbd293d7ae639ab7d3804b05b358d426
global_step=99992 | return=44.83 | steps=70 | track=afbf194a9ef27d7817bd659e6c55efd0
global_step=100072 | return=-97.18 | steps=130 | track=a2d87682dbb9de868fc62271ef9dda59
global_step=100208 | return=25.80 | steps=67 | track=a44a26be8649cca04295033516b98af6
global_step=100504 | return=21.45 | steps=63 | track=3608197c8e3fdc1e2082360e5193ba97
global_step=100528 | return=-101.84 | steps=130 | track=6577522b8ce880ef72e0bb86ad650658
global_step=100536 | return=-94.84 | steps=130 | track=df69adbd8c10ebbdf966612df6eaa228
global_step=100720 | return=-84.55 | steps=131 | track=be5f61d5a92dfcb33b9319c13e55ed4a
global_step=100728 | return=-101.53 | steps=444 | track=05aee3bdae23650ed9392ade22558cd4
global_step=101128 | return=-92.31 | steps=131 | track=f97d337b349c2bb64f6be3b61564d4b9
global_step=101264 | return=-99.49 | steps=131 | track=a38d4adfcd39cf084074159218d8a32f
global_step=101560 | return=-89.89 | steps=131 | track=5b8b5a09ab0be63fa45a4cd123b9efb1
global_step=101584 | return=-99.54 | steps=131 | track=bb59a7015b94bc62aad38aee543aea3c
global_step=101696 | return=114.06 | steps=225 | track=6189c5b05e88235b26cef37f31124e27
global_step=101776 | return=-88.53 | steps=130 | track=a20905dbeafbee104c912715308837e3
global_step=101792 | return=-41.65 | steps=156 | track=52bad9422dae77b48a3ba940307499b1
global_step=101920 | return=-18.95 | steps=149 | track=42f54387308c557a3d05e72b5aa41f02
global_step=102064 | return=-2.29 | steps=62 | track=294c4298e8552b97e474145190b154d8
global_step=102192 | return=-83.00 | steps=132 | track=1abceb5faf0023626ba8880833cb27d5
global_step=102288 | return=1.45 | steps=63 | track=726d9b582a6abdfa29e682594479be51
global_step=102320 | return=-92.01 | steps=131 | track=8e3633588728b486eab2a0b9c8adc67f
global_step=102640 | return=-100.94 | steps=131 | track=1febf22226383e15e49d603376fe3449
global_step=102848 | return=-102.01 | steps=131 | track=55f937a23fc7937e52620611166c01ea
global_step=102864 | return=-27.64 | steps=145 | track=baba44679a256dfe98fa507502a7de79
global_step=102976 | return=-90.48 | steps=131 | track=99369331f8f2fbde25dff6950129e0aa
global_step=103032 | return=-72.33 | steps=104 | track=51ea1a754da93705ea9261c9d50fb056
global_step=103272 | return=-0.43 | steps=150 | track=66fbb3e307913ece4c911e167de277de
global_step=103352 | return=-94.77 | steps=132 | track=e3e9d55b161d807b157c7edcd2359627
global_step=103512 | return=-45.03 | steps=148 | track=81f90b16883cd17cf66ce8e3d76fd327
global_step=103688 | return=-72.34 | steps=104 | track=c54b13986c79190d992c19165a1ae05a
global_step=103688 | return=-97.26 | steps=130 | track=447fbd853125598c1ffcbc1cfd711fc3
global_step=103896 | return=51.35 | steps=67 | track=1e5d3e0f8cab626752cfde55dfc0e59a
global_step=103920 | return=-88.09 | steps=131 | track=66194a3a74bc0b39c84a99fbdbf0a166
global_step=104088 | return=-82.49 | steps=131 | track=73066fa7db5484ae860ea927d7ca35fd
global_step=104208 | return=-69.77 | steps=86 | track=48e092acc29e0cf64227fd8f8c0689bb
global_step=104328 | return=-98.81 | steps=131 | track=8dad6889765d368acce5cf1387fb5eee
global_step=104416 | return=-22.37 | steps=61 | track=9debdd839137f8c200d4fc4079b2ee43
global_step=104744 | return=-69.61 | steps=131 | track=cedef930cf300e1bc4469210d872e08f
global_step=104808 | return=-38.64 | steps=139 | track=f6656b06990d42bd46f76964e9a67ce9
global_step=104952 | return=-95.29 | steps=131 | track=e448259d686317d2b1083cd5beaf1e3a
global_step=104976 | return=51.75 | steps=69 | track=a83657a3957edaa271743a8d4e470cfa
global_step=105144 | return=-89.69 | steps=131 | track=a48179fc8d8d189971fd5d4b9e65c755
global_step=105200 | return=-52.64 | steps=277 | track=5540e1d4e28ba0272215a80084784a52
global_step=105208 | return=-80.31 | steps=109 | track=c9b9392026333d998ac9857235545bb9
global_step=105320 | return=0.17 | steps=71 | track=fc20c9be966a72d04569cf6b0f2b073d
global_step=105320 | return=12.85 | steps=63 | track=85d513eaf19aa11d2356165cf3cf9ec5
global_step=105432 | return=-2.58 | steps=152 | track=711917b0cf885851131cf75665220707
global_step=105856 | return=-79.18 | steps=109 | track=80b0cbe5c85cd35ea0e0f772dc1e123b
global_step=106072 | return=-44.92 | steps=139 | track=1cc7dff77d7f1a39ff9b3b86af11ea90
global_step=106192 | return=-90.35 | steps=130 | track=1387d2b85389ba4e418b8907ecad6078
global_step=106256 | return=-93.60 | steps=131 | track=950752da2d009fa41364840bd298f206
global_step=106264 | return=-95.21 | steps=131 | track=4de346037af98158f0924db71ef7d42f
global_step=106376 | return=-87.31 | steps=131 | track=599694d2fa6d21d51a2c21e7430cc8fd
global_step=106432 | return=6.95 | steps=71 | track=11c71e08b9592127247abd51f4c64198
global_step=106496, SPS=52
global_step=106576 | return=-75.73 | steps=156 | track=9785bbd88460f37371e54a56c8508724
global_step=107008 | return=59.22 | steps=93 | track=e5d3cf551fc19c1add4455d51380e00b
global_step=107120 | return=-92.74 | steps=130 | track=55e5d3c471bd839fe461347b99e9d6ca
global_step=107248 | return=-79.50 | steps=101 | track=faba41a7265c864d8a12d7acce3a0563
global_step=107256 | return=-119.85 | steps=132 | track=7714c212b13a377318c1f474fee9452a
global_step=107320 | return=-90.91 | steps=131 | track=74eea0bd87cebe96434c291a3e67b085
global_step=107440 | return=-100.64 | steps=132 | track=adc36c28d2b9e6f07f8002cc33760cc7
global_step=107448 | return=-26.73 | steps=54 | track=9be4c7cc4e3691fedfe9c028e3e199a5
global_step=107456 | return=-74.14 | steps=109 | track=4d3384d03370b136159fa282ebcda2e3
global_step=107760 | return=85.84 | steps=290 | track=f3e893e0c8d9cea9b33113ab224d3866
global_step=108160 | return=-1.18 | steps=129 | track=bf69fdaa6025fe758d5af6408a6c3de6
global_step=108312 | return=-95.76 | steps=131 | track=4bc0fb7efc975105d8ac75a53bbb1239
global_step=108376 | return=-87.75 | steps=131 | track=cff37ecf8a4d9617bd50ddb4ae83f0cc
global_step=108424 | return=-9.99 | steps=82 | track=b333f452316df62c3d292cd53bddbc3f
global_step=108504 | return=-93.62 | steps=130 | track=1298a90f5bab620eecc6e77568f8ceb1
global_step=108576 | return=15.92 | steps=165 | track=9475a8edff25f075492b01d4a56c58b6
global_step=109216 | return=-90.65 | steps=131 | track=8e13233a0918c2c8de34967c9495a520
global_step=109296 | return=34.74 | steps=89 | track=92da39aeb3f86015d0b9c016ddc72500
global_step=109368 | return=-82.35 | steps=131 | track=914740b229fc779b0138c12d2c011d1b
global_step=109432 | return=-78.96 | steps=131 | track=4e576438c189f0a8a1992d4aca34dc82
global_step=109432 | return=-27.01 | steps=247 | track=c79d48ce450ceee1577bb1f28c1f65b3
global_step=109472 | return=-90.18 | steps=130 | track=624c70c0425b77923e9edc7ab759104a
global_step=109552 | return=-100.73 | steps=130 | track=9e49ba99fff89b5864c1f9b745f8d871
global_step=109728 | return=44.30 | steps=285 | track=60aff1b5c7aa7bffdbd11fb3949935d9
global_step=110016 | return=-28.61 | steps=67 | track=5302cc7bb322edc3d78f6ea3cc6694eb
global_step=110288 | return=-67.50 | steps=106 | track=58e426b7224fad0863381c82a63238e5
global_step=110296 | return=-100.62 | steps=134 | track=6d6440a30282fde47a372bdb53029e48
global_step=110352 | return=-92.03 | steps=131 | track=a20464f286e38547a94fec664f38346c
global_step=110424 | return=-101.93 | steps=131 | track=3511483dc109349ff6645a766b6ded5c
global_step=110520 | return=5.97 | steps=62 | track=43292880ce4bb7a69e14d0d131625113
global_step=110600 | return=-107.00 | steps=130 | track=d7a8b9f94cb202e539b0f872651e3783
global_step=110752 | return=-59.94 | steps=40 | track=8728f5d851c1769a46ac636e2ecdfb70
global_step=110776 | return=-86.39 | steps=130 | track=cc4a5559a4d0db712e8436da448ceb04
global_step=111024 | return=16.20 | steps=62 | track=4039caa1f353d02400ab0ecbf75eadad
global_step=111272 | return=7.90 | steps=229 | track=f0489c820ed3a9db0d7fdb1d7f0c7e7c
global_step=111280 | return=23.91 | steps=65 | track=1c61fe0754943752e148a17aa3086ed3
global_step=111344 | return=-48.40 | steps=131 | track=6183dbf0eb208ea45917fa484376a566
global_step=111408 | return=-83.48 | steps=131 | track=fa0f6e7940e2233fcc3760d2cc6f911a
global_step=111664 | return=-79.90 | steps=110 | track=f344f6b3522396649b26fab12c58031d
global_step=111696 | return=-18.67 | steps=136 | track=4f2d28efd16a043c4c79e1673886081a
global_step=111752 | return=-68.38 | steps=42 | track=c679873f7c2adcc1973dc22e8dd378b1
global_step=111992 | return=-93.97 | steps=211 | track=7917f03e590099b00cd60ce66aa65bcf
global_step=112168 | return=-80.52 | steps=110 | track=d443c07696108aef0fbfe13ae88bbfb4
global_step=112392 | return=-102.26 | steps=130 | track=f50a8ef6d8a45e853c48a6d6ba117516
global_step=112408 | return=62.73 | steps=141 | track=c68dae863d4991bc9348f9a405bc0eae
global_step=112704 | return=-101.92 | steps=125 | track=0bf9587c45e3a9853389f34709aa5ed4
global_step=112720 | return=-93.96 | steps=131 | track=58045fe54d70a4636012922173851348
global_step=112808 | return=-102.22 | steps=131 | track=9389b0395072cd5bb09cf7f1c646e3a1
global_step=112872 | return=11.87 | steps=87 | track=ad7871a39571a873a1af65759b194ebb
global_step=113048 | return=-90.10 | steps=131 | track=ec279ded7fb834eb3d87e6f4095a71cb
global_step=113256 | return=32.34 | steps=66 | track=e43e90d22f7be4ac4f5d6035a4aa9bf0
global_step=113448 | return=-86.40 | steps=131 | track=1574f3a178d69cf29c0ddd2165e92805
global_step=113464 | return=-93.96 | steps=131 | track=2bc2d611412992e8054d405d45d5f4b7
global_step=113656 | return=17.68 | steps=75 | track=f6b5fe81d7692b5a5369691382c36f03
global_step=113760 | return=-91.79 | steps=131 | track=387405264b0a84efffd4eeefc78b9e3b
global_step=113800 | return=-54.64 | steps=123 | track=920f80344637a8699d582d99a9ca5ccb
global_step=113888 | return=85.50 | steps=357 | track=b6f5eb089c7a01d2e583628eceab80bd
global_step=113944 | return=-7.76 | steps=61 | track=993527ea178daf8b6240d4c967138be6
global_step=114216 | return=58.73 | steps=69 | track=52cb8596128c4622f4fd2f3af10c75c7
global_step=114312 | return=-82.10 | steps=131 | track=12e3c2bf34cb9a576231e869e8affe5b
global_step=114320 | return=-0.06 | steps=64 | track=79c956d374552ed95ed2e97b3b0fb976
global_step=114488 | return=12.54 | steps=67 | track=7b759e556276faed912eb0ee450c2f2d
global_step=114496 | return=-83.03 | steps=91 | track=0147a1b230767def3a7aa93344af7c40
global_step=114512 | return=-87.98 | steps=130 | track=d4e024fbf25814af229a7b47f19922a9
global_step=114632 | return=-33.29 | steps=39 | track=b6cfac8ef4292276f83a9bff74726d8e
global_step=114688, SPS=52
global_step=114832 | return=-27.91 | steps=42 | track=d1bc3c8119f3934c2e61e2a6ef590b87
global_step=114888 | return=5.27 | steps=251 | track=a0158b60111008390a2998e92317cf49
global_step=114944 | return=-94.51 | steps=131 | track=f226f4b4ab1a00931202455c2deebd19
global_step=115272 | return=-93.70 | steps=131 | track=9b89f35f4bc765c909e14c028bf75f2d
global_step=115376 | return=-86.05 | steps=131 | track=007ac3d24f74c860ff83883d0fec407c
global_step=115552 | return=-104.50 | steps=131 | track=1932df9d27fd5112542628b0570806a3
global_step=115560 | return=-91.45 | steps=130 | track=4206d46a43126eaaccef98c7cafc21e9
global_step=115808 | return=20.55 | steps=66 | track=b2a2eb40fa35c5883cdefa4763fb4847
global_step=115840 | return=-10.65 | steps=150 | track=09fdd89d6616a7bc9020bed1192f1961
global_step=115888 | return=-91.10 | steps=131 | track=ea656e85b4d763faed787a8b9d017191
global_step=115944 | return=-96.47 | steps=131 | track=2b0dbe9ffe0cbd2687b6a731c8596fa9
global_step=116000 | return=-82.16 | steps=131 | track=91c671a396e0b5d6945dd801370a4bc5
global_step=116088 | return=54.48 | steps=66 | track=eaea9ee6866dbf57a3c87675b31f8649
global_step=116432 | return=-85.73 | steps=131 | track=531279ea6c57c70d846165cccb296e63
global_step=116536 | return=-0.26 | steps=66 | track=42b9c5da87040d207c2a4196eaf80646
global_step=116552 | return=-29.96 | steps=57 | track=1175230c9b4de3628302d5fdcebc567c
global_step=116904 | return=-74.15 | steps=132 | track=b4ba71d876526504ef01c2a49a50aa2c
global_step=116920 | return=-33.00 | steps=138 | track=9bdba5747a12141901c7180922bc18e0
global_step=116944 | return=-103.67 | steps=131 | track=1e6baf3dfcb8cdd020f3decbb6baec00
global_step=117000 | return=-75.07 | steps=131 | track=970f214f43e5db1776f06ee0f9477fd9
global_step=117040 | return=-31.79 | steps=60 | track=ba5f5dc6b566599efcf3acc70d81f159
global_step=117200 | return=2.76 | steps=95 | track=8d3c7cbc0d52c2500bed9e1acc869fe6
global_step=117304 | return=-62.39 | steps=47 | track=4d84a6be297350bb649761cd1e36a1a6
global_step=117448 | return=-31.53 | steps=235 | track=e771bf4aee54deec70b518d9066ede63
global_step=117592 | return=-103.40 | steps=131 | track=187ccb69967e930e0e327710e1cfa405
global_step=117728 | return=43.40 | steps=65 | track=d0d5bdb48bd9349b14e8fce737c186a8
global_step=117864 | return=46.63 | steps=69 | track=449956449d4a78fdb61d229c8a2bd791
global_step=117960 | return=-104.50 | steps=131 | track=7081e024d9874ea577265815f3c6069d
global_step=118056 | return=-99.51 | steps=131 | track=f9a09b46e7a0f873650638588b879417
global_step=118096 | return=-98.06 | steps=131 | track=a4d822691e03622158f9de5c4c96c01a
global_step=118264 | return=11.95 | steps=49 | track=bdef04169eed7096cd5d86f1d8edbc07
global_step=118440 | return=-110.80 | steps=88 | track=736b5d50531fc4af0f4997be8f947a2f
global_step=118504 | return=-90.64 | steps=131 | track=3b710f1c9a687380015085b29d45219c
global_step=118520 | return=14.48 | steps=196 | track=13983cf4a845dffac35f5eeb50e91267
global_step=118768 | return=-34.13 | steps=146 | track=01dceae16aacaa1c4bf6f5c43f2f55d9
global_step=118984 | return=-74.27 | steps=110 | track=31a1b41c549a70f47f8597fc1466bac6
global_step=119016 | return=-88.30 | steps=131 | track=5f8b9573a5b1c9cb122cb465eaee6eee
global_step=119112 | return=-95.69 | steps=131 | track=e3e389e24ae50803695e2005edc08abb
global_step=119320 | return=-91.31 | steps=131 | track=14f34f00c22b1cb9f8ecaf2c18fc44a6
global_step=119456 | return=-46.02 | steps=42 | track=4367b4670b1c88a620995657de2d3c80
global_step=119488 | return=-81.80 | steps=130 | track=4ab6eb2652c355e45b0b75f7d1ba8d7d
global_step=119560 | return=-77.09 | steps=131 | track=76a61de516af841469b00867782a9e26
global_step=119704 | return=-51.68 | steps=47 | track=076edf179e4d09e0f0cef166e91d88b1
global_step=119920 | return=-48.60 | steps=44 | track=a37c78d3f49740c268886ab0cb040cfd
global_step=119992 | return=-92.70 | steps=183 | track=99b480507a41d86c2a1bd9d95570703c
global_step=120040 | return=-103.08 | steps=131 | track=3efa330312bd2a61c0aff60d5195e764
global_step=120056 | return=32.41 | steps=70 | track=cb71a2be6a0f81ff34de9cfa1eed8854
global_step=120072 | return=-83.91 | steps=131 | track=3e28563397d40b8b301c3802e1039736
global_step=120216 | return=-46.12 | steps=180 | track=89cd30ddf47308b962f978b9d202312a
global_step=120384 | return=-43.97 | steps=48 | track=0105b05f3a5f0e3030d86b20a7fbeffd
global_step=120504 | return=-84.48 | steps=130 | track=417588dba7bb25f529d28387749d4805
global_step=120592 | return=-52.21 | steps=46 | track=3a7ca0269ff4f36eaa4b3259dbfe05fe
global_step=120872 | return=-16.54 | steps=45 | track=ac87a87c8452e50d457ff91883d1e62e
global_step=121096 | return=-90.14 | steps=131 | track=6eb20feb154b8d54b64a506463f34952
global_step=121104 | return=-90.27 | steps=130 | track=bd7ba42295204012bf93362d8f1f244d
global_step=121128 | return=-93.08 | steps=131 | track=b4a3229c434c894a7439f16a49479e3c
global_step=121440 | return=-80.16 | steps=131 | track=6132cc8c6f515d6dafbbe61ec2e9c41d
global_step=121592 | return=-73.88 | steps=208 | track=cc3c4d3bbf06079cc3b6e656857064f0
global_step=121648 | return=-93.83 | steps=131 | track=d5e7cc9a06625494eac6e207f5e9486e
global_step=121808 | return=-109.25 | steps=262 | track=d6bcbb03da4b439cb88b313e1a9e6b0e
global_step=121920 | return=-93.97 | steps=130 | track=0cd1e399dd9d7f31e67e60a9114c256c
global_step=122152 | return=-84.60 | steps=131 | track=58938f1d714f4c689e22771331c75b47
global_step=122176 | return=-95.59 | steps=130 | track=869fdf8109476a1f4282c8c92779fbb7
global_step=122248 | return=-44.69 | steps=142 | track=eddcb5693949a4e168c5cce021ee4dae
global_step=122368 | return=63.70 | steps=69 | track=62db20a897d67ecbd30eedd7c0698f2f
global_step=122408 | return=-6.87 | steps=60 | track=21fad5007d604cf7148d784defa2511e
global_step=122496 | return=-96.50 | steps=131 | track=05bc4374f8a285ba5d28c98fac72e88a
global_step=122648 | return=-89.53 | steps=131 | track=6b9bacee2eee6ed5be23033e2bf89f1a
global_step=122696 | return=21.54 | steps=67 | track=4a17354bf6e6a64b6b1585e9a7f78fab
global_step=122704 | return=-89.96 | steps=131 | track=ea664cd747a312a1c9d71ba9d8b9b0c2
global_step=122880, SPS=52
global_step=123056 | return=-67.12 | steps=100 | track=60a1c174b3834023d0f57490bf9f4a46
global_step=123224 | return=-86.97 | steps=130 | track=73e37237113693eef82be525e5a6b766
global_step=123416 | return=-67.16 | steps=130 | track=169da94a0b9f388b1869dfd62f336cda
global_step=123464 | return=-93.59 | steps=131 | track=8ed10673c9087f21976fca099c79868a
global_step=123520 | return=-67.68 | steps=101 | track=09be58d103584c2c52d6a3dd2ccaf6bd
global_step=123544 | return=-88.50 | steps=130 | track=1110a8a84a9ff42857e961f5eefd79c0
global_step=123704 | return=-84.59 | steps=131 | track=ee749d97bea0cb40f24cda08b9006b5c
global_step=123752 | return=-98.63 | steps=131 | track=3cee4956452087c81c921964ffbe008d
global_step=124032 | return=15.03 | steps=70 | track=726605c1c619997e221d12a611840862
global_step=124112 | return=-81.44 | steps=131 | track=1e74889458f6b16c925aad2f1a1360b0
global_step=124280 | return=-90.10 | steps=131 | track=ba959cc79c4d75473a097c14b6247d40
global_step=124472 | return=-90.10 | steps=131 | track=97378828713455f3269c127f806f0d03
global_step=124560 | return=29.44 | steps=65 | track=0f5071aa36d44a463a801bade4c04bc0
global_step=124568 | return=-97.95 | steps=130 | track=955aa85b69f67fa8eb2daca5c225e59c
global_step=124592 | return=-89.37 | steps=130 | track=1784810f6ec147a1382468554321d2c7
global_step=124752 | return=-109.35 | steps=130 | track=e0de0c33b4ed402cbc7ddfd25e036ec4
global_step=124800 | return=-96.75 | steps=130 | track=9c23f72a851fa1f60432b8985a749b6f
global_step=124808 | return=34.33 | steps=65 | track=1ceba687381df3407d9b1807b1b7320e
global_step=125096 | return=41.43 | steps=66 | track=d75b31fc5eb189d31d6858f7719da43f
global_step=125144 | return=38.73 | steps=68 | track=d69ad372f397c0312c89f41fa3204d01
global_step=125168 | return=-93.01 | steps=131 | track=8b743a267a0aa11738144534348ab59e
global_step=125336 | return=26.72 | steps=65 | track=8530245d25eb3a22c3bb24973efda026
global_step=125528 | return=-80.77 | steps=131 | track=f71d2dd61244f26bdf8926736195735d
global_step=125624 | return=-89.33 | steps=131 | track=3484793e26bfcd1e810a704b699c17b9
global_step=125688 | return=-41.64 | steps=43 | track=e51d82090d5d934f790d5d1af0dac8ed
global_step=125712 | return=36.22 | steps=67 | track=2886206121672ddfb622fd02c80a8468
global_step=126024 | return=-82.83 | steps=152 | track=b6909ae2401c5fd3637b0c3dc5db9975
global_step=126072 | return=-41.82 | steps=164 | track=54e58d4095b9f5cfac7c92d9a877df56
global_step=126152 | return=-86.60 | steps=131 | track=828ee45a97ea490a604547ff48ffead4
global_step=126200 | return=-73.16 | steps=131 | track=5c7cb93060a99ad5bac030b57285ce5d
global_step=126584 | return=-78.20 | steps=108 | track=66ec8eea6a403dc1b8576230061c6b73
global_step=126584 | return=-76.06 | steps=131 | track=8a5a4a04ef39fa76631688baa1a3194d
global_step=126616 | return=42.65 | steps=67 | track=35a4509d1cfecf147259f241d5492804
global_step=126672 | return=-104.54 | steps=130 | track=78cfc846cd7569af2d3c79c0ae385127
global_step=126688 | return=-12.67 | steps=60 | track=af1ba5b54a69ec1a808fa4df7b89b1f2
global_step=126744 | return=-90.85 | steps=131 | track=086c9e9c298a5aa98b48e0beb4667606
global_step=126864 | return=-118.00 | steps=88 | track=bf1905c533dc816bc953054942556d08
global_step=127080 | return=-81.17 | steps=131 | track=f8d6c6df5379d51f6dcf43ac4eb4ed18
global_step=127240 | return=71.78 | steps=68 | track=b70b6b6f08d71477703ae6517703d86e
global_step=127240 | return=-38.29 | steps=46 | track=466b9c57784768cc92d4ca9a4f901c78
global_step=127496 | return=-78.70 | steps=109 | track=103d717562e5c3ae8031550ed648a77a
global_step=127632 | return=-92.36 | steps=130 | track=10559f8f08e831baf6a8892e71f9784d
global_step=127648 | return=-96.75 | steps=132 | track=e710dc6662884ea8a56c08fbfe4c5ff5
global_step=128104 | return=42.37 | steps=169 | track=b8bb8f2fe024b0ccc6040e19d8e3f9a3
global_step=128136 | return=-82.43 | steps=131 | track=ed3d98c3ceed3caf77f55e6a30de1668
global_step=128184 | return=47.85 | steps=66 | track=188b8bbaeb6a9a88b94d0d771aa69759
global_step=128272 | return=-86.73 | steps=199 | track=20f9aa5ae602c433a218b3d10847017b
global_step=128288 | return=-96.20 | steps=130 | track=0bafc03f7011acf68a17cf732cfe38ca
global_step=128392 | return=-26.26 | steps=143 | track=8c68c86e1df6a459dee2516241bd5bb1
global_step=128552 | return=-88.09 | steps=131 | track=07064f6eecf6cd1b5c1e0403f9c6a5b6
global_step=128744 | return=-48.85 | steps=138 | track=3e772573f6d1c3f8b31d018b061350fb
global_step=129160 | return=-89.30 | steps=131 | track=1d570ec6b2712337f23d37ddbfc88b68
global_step=129192 | return=-97.30 | steps=131 | track=77754010d5199e6c9a0eac4b6cf8bc65
global_step=129240 | return=-94.06 | steps=131 | track=e94d913def9dc388282ae30d465c8e93
global_step=129336 | return=-94.16 | steps=130 | track=fa4b6daff77a454cb3fea64607b0ea80
global_step=129448 | return=-104.71 | steps=131 | track=2760af66adf5f1b46de2603d5286553d
global_step=129600 | return=-96.79 | steps=130 | track=29bf7f08c5702a49e4260b149b9cd145
global_step=129800 | return=-85.06 | steps=131 | track=ab854c7a49e030e0da70a38719620eb6
global_step=129824 | return=33.96 | steps=82 | track=119b44becc317bb14bf971a5f59466f8
global_step=129984 | return=26.93 | steps=66 | track=26900dc9dad1773ccb69c3662922e571
global_step=130064 | return=-59.46 | steps=90 | track=2cd5cf263e3cb5c5e807441599daa299
global_step=130240 | return=-89.65 | steps=130 | track=280b98fc3ee9308fd7b19d4aff631165
global_step=130512 | return=26.71 | steps=279 | track=cbd07f95f6f2c95660da33f93c526e97
global_step=130520 | return=45.00 | steps=159 | track=9058642e614e5ef07f765c5ebcf9801a
global_step=130584 | return=36.97 | steps=64 | track=98c224c1d87f503af126352b238c9dc1
global_step=130656 | return=-97.56 | steps=131 | track=53b3a002cb405a8a2e8a7028888f2c92
global_step=130856 | return=-97.37 | steps=131 | track=136fa8611e84780924e5a2552c828150
global_step=130880 | return=-85.73 | steps=131 | track=28b54b170b012bf5abd69491e8130164
global_step=131056 | return=-67.64 | steps=101 | track=ceedf45a84aa0b0d3cae1344634ec22c
global_step=131072, SPS=52
global_step=131192 | return=37.08 | steps=66 | track=e3b14252cf76b8d95bca4298a5945d90
global_step=131568 | return=-107.58 | steps=130 | track=1e16b15d354c6d083ae0e156080af0e2
global_step=131568 | return=-84.07 | steps=131 | track=b96a33874a92d166979118519c2bb333
global_step=131640 | return=-88.34 | steps=131 | track=4b3e57054c0acc15991e53f7bf1fc12e
global_step=131656 | return=-55.15 | steps=96 | track=49ade531f92ad9fedd09e3334cdac4c9
global_step=131800 | return=2.16 | steps=92 | track=b46d6a62d5db364114a39e37bba78d7d
global_step=131912 | return=-24.55 | steps=42 | track=29513a086bb8a56c202731230718d73a
global_step=131912 | return=-90.46 | steps=131 | track=d69aad08b101747e006ca56575904034
global_step=132232 | return=31.59 | steps=82 | track=54f4ba35eb94f81fb6f022c88fc937ad
global_step=132232 | return=9.28 | steps=280 | track=bd62503ee063328224a531a67cb6a2cc
global_step=132248 | return=-94.91 | steps=131 | track=67f58f14e5683345115adc14d6bb915b
global_step=132272 | return=-44.35 | steps=44 | track=7b43d8ad865871fd2a845e8368ad5868
global_step=132440 | return=26.03 | steps=65 | track=f309028458c5f4e44878850f106d21e6
global_step=132632 | return=-49.76 | steps=44 | track=0f3777b7ef2c3be421a157f5022ff05b
global_step=132648 | return=-28.74 | steps=105 | track=b6783c1204b785ec3ed61af1d0558f3b
global_step=132816 | return=-18.65 | steps=144 | track=d7e7bd58a90b0e86c58a28319f2ba6dc
global_step=132944 | return=35.65 | steps=162 | track=be8ac3fa4f8354fea8eda9254553199c
global_step=133208 | return=41.84 | steps=69 | track=99e4d58af51562e1269b3567a72b65f9
global_step=133280 | return=-94.58 | steps=130 | track=30362523117f5548c85f79c03341be37
global_step=133288 | return=-68.09 | steps=131 | track=d48460f362d516891e0cb19a3df43db9
global_step=133296 | return=-92.60 | steps=130 | track=0e2b023e1078ba34b91cc6c24e73f947
global_step=133320 | return=-77.89 | steps=109 | track=1ee799637921fbf70d615b158ed22f45
global_step=133688 | return=-83.26 | steps=131 | track=2e30e83d67a50ad30642946ecd400b6e
global_step=133760 | return=37.93 | steps=68 | track=529dba8ed0c39d61e08fab816e43618c
global_step=133872 | return=-87.08 | steps=131 | track=4202a4439217f0ba87e7f761d8618783
global_step=134000 | return=-87.26 | steps=131 | track=1b5548782d3bcb2f903af26ffdebd287
global_step=134328 | return=-65.52 | steps=129 | track=fc92d30194c73b4370d7547597b937c8
global_step=134336 | return=-91.57 | steps=131 | track=06ce91f5036acd279ff1b0c3ab38bf61
global_step=134352 | return=-85.81 | steps=131 | track=350a482e4558d8b8b6798ba1d3e5ad9f
global_step=134376 | return=-93.05 | steps=131 | track=8f5543c4535e7cbbeca2cdb8ff26edda
global_step=134752 | return=-110.62 | steps=132 | track=987b6f8d73bd7de24a55c3cf29134228
global_step=134816 | return=-87.73 | steps=131 | track=b120b73b47d65b813426a746d29d5ea3
global_step=134920 | return=38.60 | steps=67 | track=f793a6db97fc0bc42dea60153554e5a3
global_step=135024 | return=22.74 | steps=143 | track=f38b8146e03ee08731b3ced76e573a28
global_step=135048 | return=-98.20 | steps=130 | track=372896150e702354dc73af63a1958988
global_step=135384 | return=-106.10 | steps=131 | track=e4937d98aff163d8ba7c3ba4f78a876c
global_step=135384 | return=-95.39 | steps=130 | track=dca62aed179b288cf7696f02c2bb213f
global_step=135408 | return=-55.50 | steps=131 | track=e980d760dc0638e8286e83d326c9c5ca
global_step=135880 | return=-91.43 | steps=132 | track=56ed3bc7270ec595199088ed0c54c5de
global_step=135880 | return=0.14 | steps=61 | track=f0a95e76979b537df2a239a55f2ad27a
global_step=135976 | return=-94.46 | steps=131 | track=455eff47f19bd4a8aa94ec444770343c
global_step=136080 | return=-33.61 | steps=131 | track=7ea10c05a0e2ec0b9446e3b863896274
global_step=136096 | return=-82.83 | steps=130 | track=05cb37234fd73f133b38736d9949671d
global_step=136432 | return=-90.10 | steps=130 | track=f1fda007bed8c70a09b3a2069e439bbc
global_step=136440 | return=-26.49 | steps=57 | track=087129a38d1c7ad6af75388f7f872abf
global_step=136464 | return=-95.39 | steps=131 | track=9634b62526c431bc0e1cf9cc9f1e3f78
global_step=136912 | return=-79.01 | steps=101 | track=9dbd8256218a47f15f6a8ce5651935b6
global_step=136936 | return=-85.73 | steps=131 | track=e2f7275eda00a5e50672aae68ad36415
global_step=136992 | return=-58.97 | steps=138 | track=c86e24682cdf3efaac6ed0c70b3cde0e
global_step=137136 | return=-75.69 | steps=131 | track=43df88e124d3150020c95b6e4c6ecd05
global_step=137328 | return=117.32 | steps=321 | track=2b7e9579065f12f6bd3ca6037ebad62e
global_step=137376 | return=-92.78 | steps=116 | track=a23b95f6ced0db896b4ff9197a908e14
global_step=137624 | return=-28.31 | steps=144 | track=c210c85a430c85c415ff1321739cb720
global_step=137696 | return=58.43 | steps=157 | track=8da1d3efa900a3cc8e5f299908cc9e4f
global_step=137768 | return=-36.55 | steps=78 | track=1c6f22a8b1b3a533e87473f2b2d547de
global_step=137992 | return=-90.71 | steps=131 | track=4517b6be6dad445922737dc8862220c0
global_step=138168 | return=-81.91 | steps=146 | track=c3ad68c7901d7288b6b3936f11ed2be2
global_step=138320 | return=-10.31 | steps=68 | track=748239828de47a89435dad0974257ced
global_step=138384 | return=-104.21 | steps=131 | track=fdb7b79e2514bcb4ff563eaf7895ee1b
global_step=138432 | return=-81.17 | steps=131 | track=a35826b51c3deb556564d1d3ab3d1134
global_step=138680 | return=-85.03 | steps=131 | track=9095a37e69f6a0771e1aaad2b97c78b7
global_step=138752 | return=-84.37 | steps=131 | track=2e3dcb0426e2934e8a709c77751d9bb2
global_step=138800 | return=-35.19 | steps=45 | track=9b9ce52a9e21dd2d7228a685ba755871
global_step=138840 | return=30.76 | steps=64 | track=d6bb1212be4873d7bb333f180977936f
global_step=139048 | return=-93.49 | steps=131 | track=2d0f768202b80c8e4b04d4b1151ea2cf
global_step=139136 | return=33.40 | steps=277 | track=7ac6a36f06fcdc74b070d268068bdc30
global_step=139160 | return=-70.81 | steps=96 | track=224fbaeaab439b87c70407b2152118a0
global_step=139216 | return=-83.31 | steps=130 | track=e8f95190a30955e4a5e45b957e3271c7
global_step=139264, SPS=51
global_step=139464 | return=-118.00 | steps=88 | track=52cb91d8a11f6f6f9c4182ab9725585a
global_step=139480 | return=-24.77 | steps=42 | track=3e8cb9dbcbdf7da16ff81901c790a2ff
global_step=139720 | return=-63.77 | steps=129 | track=c549652d7903cc8b05ed9446bf3c3abd
global_step=139856 | return=-86.70 | steps=131 | track=45fcaf1e12ce223aaf13fa74dfc702cd
global_step=139888 | return=-45.37 | steps=130 | track=ad8f74a3ebd24c602ace204a42aedc11
global_step=140104 | return=-85.28 | steps=131 | track=3d770ffbdf3178d4d294eb9b6c4806ca
global_step=140216 | return=-92.42 | steps=131 | track=d6d5b6a75e6579cf463a7117100d0c11
global_step=140272 | return=-97.56 | steps=131 | track=f6b9c9302416739f0f37a6a968bf49e5
global_step=140520 | return=-87.07 | steps=131 | track=113cdf5b6a4c2674c5eb6128701b42d1
global_step=140536 | return=-80.43 | steps=131 | track=1f94c66de254ca3c109262126df07c11
global_step=140776 | return=-92.51 | steps=131 | track=ab0ed979b4850a0183516af51debd772
global_step=140824 | return=-88.48 | steps=120 | track=c663072bf19310b874e54e937ac71fc9
global_step=141160 | return=-22.51 | steps=158 | track=8c4b2c3b4ebe185b6b3f39d14bd17d62
global_step=141160 | return=-93.90 | steps=131 | track=59044eba16018018dfe035fd36bdaf2d
global_step=141272 | return=-81.23 | steps=131 | track=af3374800067844863bb948fd3300371
global_step=141304 | return=-44.07 | steps=65 | track=9bfa1d816bfd7cf6245f68be56e68276
global_step=141328 | return=-90.30 | steps=131 | track=96d2cb274159c4ea2f72f3dbbfaed721
global_step=141592 | return=-80.45 | steps=131 | track=67e71922ac8cd563ea1fcf0e6d015255
global_step=141880 | return=-94.92 | steps=131 | track=d361b90d7da6e4af851f373490aba90d
global_step=142096 | return=-69.54 | steps=102 | track=88e2fb0deb7aceeb83ef84ca010df7f5
global_step=142120 | return=35.59 | steps=65 | track=e1df4a9e024280abe90fae67375ca269
global_step=142192 | return=-93.21 | steps=128 | track=36db574d51cf30b955d9c58723fcaf5f
global_step=142208 | return=-96.98 | steps=130 | track=28c4d3f505eb293136c006697dfbd408
global_step=142472 | return=-74.19 | steps=142 | track=6dfd6d6bb71f8f3b2a718879b2ecddba
global_step=142624 | return=25.75 | steps=65 | track=919bdf9d78bb8c7cfe87385ec5db67f5
global_step=142640 | return=-111.99 | steps=264 | track=0e47012609a8b8f0d20c89ea28a33549
global_step=142656 | return=-23.08 | steps=55 | track=478bee483fd6941d005dba508092e8e7
global_step=142680 | return=-16.77 | steps=171 | track=f0dee73a1bc07ed60c8613956a91a7a9
global_step=142976 | return=25.10 | steps=62 | track=366ae3ac2b0d5b3645c8b701313600cd
global_step=143008 | return=-40.10 | steps=45 | track=936b1f819e67e93824d1a913197fb0d7
global_step=143120 | return=11.54 | steps=154 | track=cc96051c24a3d060b982fd2ca0f80300
global_step=143176 | return=-97.10 | steps=131 | track=216196190d6ec67dc1b4646f0c6a26b8
global_step=143408 | return=15.25 | steps=151 | track=6681d5e6fe25174297d78a4df61a8cb2
global_step=143472 | return=9.14 | steps=61 | track=aa3ec8a8ff4498e96ebfee56a13d2100
global_step=143712 | return=33.19 | steps=66 | track=31b25ead6836e05586458e928e80642c
global_step=143712 | return=-88.41 | steps=131 | track=db22fa4e6bf2e0d648d8e312a4c21b98
global_step=143736 | return=-85.30 | steps=131 | track=26f3259b7b16a9156d5c71c21b547436
global_step=143864 | return=15.14 | steps=154 | track=636e5dcc0bbc4eadc1dfe876a2e8a510
global_step=144064 | return=-97.91 | steps=131 | track=bda3187b47aa80810ed1f3f615ca988d
global_step=144152 | return=-10.19 | steps=84 | track=c9e9c5949200cc3089a98b9b99304198
global_step=144224 | return=4.62 | steps=63 | track=43e1748ffaca59e83727193c399dbcb4
global_step=144256 | return=155.36 | steps=141 | track=9b0a23b3ac9e2b35f81aae476b75a472
global_step=144464 | return=-79.58 | steps=131 | track=1c3517f5afbe1645aacab9eea96363aa
global_step=144744 | return=40.34 | steps=64 | track=d72f522359c97c910ef4aa674e9b413d
global_step=144760 | return=-87.73 | steps=130 | track=f8435f9ec8c577c0b2708326c6630f8c
global_step=144784 | return=-58.05 | steps=130 | track=58ab974fb244e63e05126a96874825dd
global_step=144920 | return=-80.08 | steps=131 | track=b042b22bce1ffb554caab12c90023ba5
global_step=144984 | return=27.44 | steps=64 | track=bd3010a66e0c289023c4ebb2532f1ca1
global_step=145120 | return=-87.75 | steps=131 | track=21d29df2fc7c72c5c50cfe3a6d747892
global_step=145160 | return=-30.35 | steps=112 | track=25c37f1b06763dcbf7c7aa3f77d699bc
global_step=145208 | return=-96.47 | steps=131 | track=56d4e74f93460d9aaaac0639b6664628
global_step=145256 | return=-33.11 | steps=58 | track=b5b457201c9d45dfad263d92a513fca0
global_step=145520 | return=-40.67 | steps=44 | track=7dff17f775da9c4370482d360f997540
global_step=145800 | return=-97.41 | steps=131 | track=53796af7e1ce218e58d44978189b2495
global_step=145816 | return=-77.09 | steps=131 | track=bacd4b054429f54077018966b6d43b31
global_step=145976 | return=-90.64 | steps=131 | track=c277207a8c80b39d62716c3eca6431a4
global_step=146032 | return=-85.05 | steps=130 | track=2f87cac8971d67313e5a8b6e8f967810
global_step=146152 | return=-70.14 | steps=117 | track=3516b8b06a620109292741591a52838d
global_step=146176 | return=-89.77 | steps=131 | track=9aaafae180414c08754fce1c0db3e240
global_step=146312 | return=-82.33 | steps=131 | track=348ed4514830d630676a56a42b7bbbb9
global_step=146576 | return=-100.13 | steps=131 | track=178945b0a603d29c4abda1cbc70ae587
global_step=146856 | return=-74.68 | steps=131 | track=4f43e6cfe01f13cdea1096700db05b20
global_step=146872 | return=-93.31 | steps=131 | track=b55b0a8aa074dac454a3ae85a31e9020
global_step=147032 | return=-91.70 | steps=131 | track=1991168869446521bfc64b2d32ace1db
global_step=147088 | return=-96.04 | steps=131 | track=1f9fe617f4fff16891a7c78e7340acc9
global_step=147232 | return=-106.74 | steps=131 | track=472311e99cf37fc47cd49ae5078f6a60
global_step=147368 | return=-92.10 | steps=131 | track=a1bab38785538521edd866ff54079b4a
global_step=147456, SPS=51
global_step=147536 | return=-8.77 | steps=172 | track=0693dfc363bff4530eac663598fb4e5f
global_step=147632 | return=-96.64 | steps=131 | track=2be0e1e97194a6aaf3bda383309cfa37
global_step=147728 | return=9.93 | steps=61 | track=030894f4d7cf4f8fa9a7d299273bdb2f
global_step=147928 | return=-93.37 | steps=131 | track=b4df696a9b52bb2ba0a021973d08d103
global_step=148016 | return=-18.50 | steps=144 | track=4dcb96971e379bf8c17f45ad34e42e2b
global_step=148088 | return=-111.96 | steps=131 | track=aea70e4c0dabe1b87867f2a0f3cbce71
global_step=148144 | return=-92.10 | steps=131 | track=71b558b055833333b43e044f37839d0e
global_step=148424 | return=-89.89 | steps=131 | track=799157d1de4287ca7efb514eec190e30
global_step=148600 | return=-94.67 | steps=132 | track=375b8f9876579ece35d94ae8eb07345c
global_step=148680 | return=-76.25 | steps=130 | track=9c62c05f3eefe41711300603de1581e7
global_step=148720 | return=-8.92 | steps=123 | track=b1433d9e21a4a50b3700519475410f67
global_step=148976 | return=-91.46 | steps=130 | track=f67fb7f399fc1c479fa3e11e709fce52
global_step=149072 | return=-95.39 | steps=131 | track=052321439488b4c9da965f48fbe2dc99
global_step=149144 | return=-107.99 | steps=131 | track=f98fc57f2fe8d37cb79f10ff9a51d29b
global_step=149200 | return=-95.30 | steps=131 | track=81292b486f6be02f5f6a0017f6c741b2
global_step=149360 | return=-36.91 | steps=47 | track=f6938d6e6a547746e8cae2cf495c358c
global_step=149648 | return=2.66 | steps=152 | track=cca6ee7d0cb75297fe0dacf24a472d00
global_step=149736 | return=-92.87 | steps=131 | track=da6f94b54b18fbd55bd026c579a9e5d6
global_step=149776 | return=-89.43 | steps=131 | track=8450a2d28d4075e58d81a11da687cd73
global_step=149776 | return=12.99 | steps=146 | track=a6288fa43a37be66d66ce1f28c13dc23
global_step=150128 | return=-84.29 | steps=131 | track=fb9efa145181a3476cf43d90ade98bc2
global_step=150256 | return=-93.81 | steps=131 | track=b42bf9d4b0ffbbcc1872db8b512da29f
global_step=150360 | return=23.90 | steps=151 | track=7b23d923079015d6b7d67c8a7d72a874
global_step=150384 | return=-22.76 | steps=91 | track=cb0dbb75717abedd916720d0dc0680af
global_step=150488 | return=-19.04 | steps=140 | track=618deaa5cae0ff0c571fb4ae55de8922
global_step=150792 | return=-94.06 | steps=131 | track=30364df278106d901aa44e3fd98dd9f3
global_step=150824 | return=-93.97 | steps=130 | track=417cd05df3f0fe4d3f21e49a86096a3b
global_step=150840 | return=-114.05 | steps=132 | track=1ea74de50c55fa47b8cec2d225d8ce10
global_step=151184 | return=-90.46 | steps=131 | track=e67a1ffa722e2a59527e2eaf7e5122d2
global_step=151408 | return=-62.91 | steps=130 | track=75392316c530f6bcb43967e1f520ba49
global_step=151544 | return=-85.95 | steps=131 | track=2b036453fb7424b2b306ec80277b7e1c
global_step=151552 | return=-40.84 | steps=145 | track=798878967b3e46a0c75b1c8308239d51
global_step=151760 | return=-6.19 | steps=43 | track=ed09a05578fdc8dd6e4af68d07b25820
global_step=151848 | return=-67.85 | steps=131 | track=0dd06a39f1db847e78e3b3aa218586c9
global_step=151880 | return=-88.28 | steps=131 | track=2f9f689e6366503415617b1cb86972d0
global_step=151896 | return=-89.99 | steps=131 | track=b2a96ac43677960f2cb16ed5cc91152e
global_step=152064 | return=-86.49 | steps=225 | track=b658b2feed50e187125d9c92362f0266
global_step=152248 | return=-51.77 | steps=43 | track=260e67c5543cf2c44e1c3b43cd9102ee
global_step=152344 | return=6.41 | steps=61 | track=7db567e37779f8a19a12a7426352ef94
global_step=152360 | return=-70.54 | steps=100 | track=24d34c0a5e52f1dac0dd44c666041771
global_step=152488 | return=13.38 | steps=162 | track=aa2a7695d45a4e7cc855bd1b3ecad899
global_step=152600 | return=-91.80 | steps=131 | track=80d3c3ec14d4599d875c4d8c62ca5b45
global_step=152808 | return=-98.28 | steps=130 | track=12bef8003a498e9aeb4fb704af2c7235
global_step=152944 | return=-103.45 | steps=132 | track=8fc5668cab977767dba9e27f6e926602
global_step=153120 | return=-106.63 | steps=131 | track=27765c50d9315e29beaabf765529784d
global_step=153296 | return=-93.48 | steps=130 | track=c496bceff5435be550b8fa91600f0c2b
global_step=153400 | return=-106.56 | steps=131 | track=2ae1234b39ab05be3073b050d83bdd6f
global_step=153488 | return=30.91 | steps=140 | track=8b7b0ed19819266a8e663604a0d1c024
global_step=153544 | return=-93.83 | steps=131 | track=f31c35c53d34d656dc5c9fc890776941
global_step=153656 | return=-96.73 | steps=131 | track=a13604c49b9074c8c78142d7e0613f79
global_step=153808 | return=-0.00 | steps=63 | track=ba142727897f3148b5b27f7d3f9ff045
global_step=153864 | return=-80.95 | steps=131 | track=ffcf81049ff7f5df7f3142b2036162e6
global_step=154000 | return=-85.81 | steps=131 | track=8985df3bb30e9261e7cdc42ab3eb7366
global_step=154016 | return=53.89 | steps=65 | track=92e4ee9fcf9c87a9cca6c12ee1b738a4
global_step=154176 | return=-103.56 | steps=131 | track=8659957232329bf4c4a137b3d939328b
global_step=154208 | return=55.73 | steps=68 | track=a8a2c4685122d55d83cc136faa7624b2
global_step=154360 | return=-3.77 | steps=61 | track=5f56506e60233ad565823b9bdc47fa29
global_step=154576 | return=-49.64 | steps=146 | track=20da74fbd3ee4bb16382727473714f03
global_step=154696 | return=20.15 | steps=64 | track=3ca043180c24cfe395cacce31e04fabe
global_step=154864 | return=-94.31 | steps=131 | track=0936196e9e980d1b56ec69ee9f253d28
global_step=155056 | return=-93.40 | steps=131 | track=9ca63c87e47bf1a1d1c5c8fc26484d4c
global_step=155072 | return=-94.06 | steps=131 | track=148f1bce3125f06b4ac20bfd542be771
global_step=155320 | return=111.77 | steps=221 | track=1a321b1c4e485984c355cf44471023b8
global_step=155520 | return=-31.64 | steps=144 | track=2a9d3769f0a96e206893664c8ed53119
global_step=155632 | return=-109.23 | steps=131 | track=af1b95a20902804403ff1bbae67b1cd4
global_step=155640 | return=-104.58 | steps=178 | track=c0b6abe6420bdf60bbec78adbcfc5949
global_step=155648, SPS=51
global_step=155816 | return=10.04 | steps=61 | track=3f9c37c03474b0025d6e9abfb83f629e
global_step=155920 | return=-89.89 | steps=131 | track=4606c3f7fee1815fa6da28fe64bce584
global_step=156064 | return=41.25 | steps=67 | track=00b263fbb2db18d915af5f53306ee15f
global_step=156128 | return=-86.17 | steps=131 | track=2dbb2c89a617316c368ddb6b18448be4
global_step=156480 | return=-49.45 | steps=177 | track=904031d2f99d1ed5a117701c4df85ed4
global_step=156488 | return=-57.54 | steps=44 | track=e7e3ea28024c94afbf59013e780e3998
global_step=156504 | return=-106.35 | steps=225 | track=28de0ac4d4f0cf34e33c6b568e30b6ef
global_step=156688 | return=-101.18 | steps=131 | track=d2f80aa74e7b30a537f4e3f2f70b9a41
global_step=156696 | return=-92.23 | steps=131 | track=5f5d05d289c578f9b25d88f61c3d9be9
global_step=156760 | return=-69.73 | steps=104 | track=6bc924f9646c47b650dba11b175d4e7c
global_step=156872 | return=-90.86 | steps=131 | track=05a524579ff0f68d3be6c93237aad01b
global_step=157120 | return=-95.39 | steps=131 | track=a272ce892356a32d866398d92a96cdde
global_step=157504 | return=-2.21 | steps=78 | track=31d336b231f0d6fd199851a99399a969
global_step=157536 | return=-92.11 | steps=131 | track=0ff2ddc11d3c0068ecf268322b63ed33
global_step=157544 | return=-92.23 | steps=131 | track=672e7798bf5bf58176fd393fd4c6a3d5
global_step=157744 | return=-85.51 | steps=131 | track=3919ca543378399a0646ea4d29a62b84
global_step=157744 | return=-98.20 | steps=130 | track=cb2f5b8de08d3f2e2396b640f673c3d7
global_step=157816 | return=-114.04 | steps=131 | track=9c34afe477dedb048e6ba1ef64c28749
global_step=158176 | return=-92.31 | steps=131 | track=5d243fd7e39200ce305286424bf3b9ea
global_step=158288 | return=-4.42 | steps=67 | track=b6e7841c841912e52e8312c79e40bfc5
global_step=158432 | return=-86.74 | steps=240 | track=d9d2640c8fb3d94f2e765addee558584
global_step=158560 | return=-83.66 | steps=131 | track=3e650073e8ab8abbc0f08c25432b4196
global_step=158592 | return=-85.91 | steps=131 | track=6ffb7cea6881540caf864449e8ef5f7e
global_step=158600 | return=-98.25 | steps=131 | track=6b3a63f7a863b43feaec5c4b63b149d4
global_step=158656 | return=-48.99 | steps=113 | track=1c1bd47864dfbdb4dd4ee2ae360e4bec
global_step=158872 | return=-112.56 | steps=131 | track=01353ff23fb8d21d347f9101afd29094
global_step=158944 | return=48.37 | steps=81 | track=06a59240cdbf7a89cc9c45295d8f3741
global_step=159056 | return=-30.34 | steps=109 | track=f1bbe74ad69aa8a2b8acadf5c93644b5
global_step=159336 | return=-18.51 | steps=91 | track=3ed82df82a4d07fc43778eeaa5c66e6e
global_step=159488 | return=-102.89 | steps=131 | track=cbe28da3c404e0cc550e295b2c460441
global_step=159608 | return=-94.54 | steps=130 | track=c7ac34ddff3b0d40802c8fe0a733a1f5
global_step=159624 | return=-30.01 | steps=93 | track=a7b45dafa5bfa6a7dfeac0f6c980e379
global_step=159648 | return=-90.20 | steps=131 | track=0f40a83ecfda04c35fd215ea115fdb01
global_step=159712 | return=-94.11 | steps=131 | track=e14fc5733490c11ef780cf9cfb121582
global_step=159984 | return=-41.07 | steps=41 | track=71ecff37700e4f1ac76ef6ca7625261d
global_step=160008 | return=-94.17 | steps=132 | track=aa3d52c7f3f0125b7e252474d66ec1e9
global_step=160112 | return=-95.29 | steps=131 | track=774f9ae1a57497d640becc503846124f
global_step=160160 | return=28.34 | steps=68 | track=1bec31c50d37b1c70753c590f63169a7
global_step=160392 | return=-56.28 | steps=131 | track=77a72ce09c74326522b096ba9b22aec0
global_step=160672 | return=-87.49 | steps=130 | track=70557dcb5181a6f6564e576b38e876de
global_step=160760 | return=-51.97 | steps=130 | track=b8f2f90c97190886cef28926625877aa
global_step=161032 | return=-97.08 | steps=130 | track=57982a4e81556ed678ca0280c55870da
global_step=161064 | return=-95.83 | steps=131 | track=b8f90b2eeb391fea74820fd50e372914
global_step=161208 | return=-92.17 | steps=130 | track=68fe1295f4719c3d186e5fa9fa95bdb9
global_step=161376 | return=8.97 | steps=157 | track=65b0467cb914470ba7e1a512ed81c11d
global_step=161416 | return=-96.03 | steps=240 | track=cf14d029c04f52925272cda029ca3c3c
global_step=161440 | return=-112.77 | steps=130 | track=e2446c8d2dfee8bbd7cfaaccddfd48d1
global_step=161512 | return=-31.10 | steps=93 | track=d023ef5921b8f21ec834b9255bd1e42e
global_step=161592 | return=27.79 | steps=65 | track=dcb16da85e807f2c3e67f7d6ae209511
global_step=161728 | return=-96.39 | steps=131 | track=e4f6a1b72650211b6085f70f9d9c3d73
global_step=161776 | return=26.45 | steps=92 | track=b2d1c987387df22f33acd31ed059e802
global_step=162080 | return=57.91 | steps=70 | track=9df085e407faaba870a425dc8fb0b5ad
global_step=162136 | return=-58.59 | steps=94 | track=74c5a87f5dec79a23ef91d5fa71fe009
global_step=162168 | return=-53.37 | steps=54 | track=9da2a4e43934f4161e98ddc5110e767a
global_step=162264 | return=-86.88 | steps=131 | track=d0d07d91b306016b4a1d721ec42341d2
global_step=162472 | return=-86.84 | steps=131 | track=ac1b09997e2ab66d24f2c17dd4eb3d27
global_step=162496 | return=-86.83 | steps=131 | track=aec9d57308682fa8c193e5cde5687381
global_step=162648 | return=-89.36 | steps=131 | track=b805017da829bc2b45a92101771f22b6
global_step=162832 | return=-95.30 | steps=131 | track=c01fd5da3c4baa361f0bdbd2d2a3df3a
global_step=163064 | return=52.28 | steps=70 | track=6d9be6318edd3847df515169ba927cba
global_step=163136 | return=-100.11 | steps=131 | track=a38e3a5e218d05adb066ed25e2b2893b
global_step=163192 | return=-87.28 | steps=131 | track=4cea8120cde68f5ee6f996318dfc6dd1
global_step=163232 | return=-85.33 | steps=132 | track=7b92c874d935e8ff7320ec32c73b368b
global_step=163320 | return=-91.35 | steps=131 | track=6f0b5ae4e67637036dd40918eb950df3
global_step=163528 | return=-79.40 | steps=131 | track=c193f9d290b63e1cfc7e5f23fe7ae5fa
global_step=163704 | return=-85.03 | steps=131 | track=02c93728cd719dc80c437fa35862dbaf
global_step=163840, SPS=51
global_step=163872 | return=-52.95 | steps=42 | track=2832414ec6574cc00b8969e341b78c70
global_step=163984 | return=-53.74 | steps=143 | track=777e9eefdf9487616266ffd22ad382e2
global_step=164112 | return=-101.80 | steps=130 | track=eae956df8ac1e38670df96d8f4df9902
global_step=164192 | return=-98.45 | steps=131 | track=073a7837c3eb2f0cd4e1e99048d3d02f
global_step=164248 | return=-86.17 | steps=131 | track=5e48817d76e492f2da23d313f8dbf79e
global_step=164344 | return=-64.33 | steps=138 | track=3cab2fb0981a05d1928938f69fa5e311
global_step=164376 | return=-81.88 | steps=131 | track=61d40d192a68ca7d06cc9a0135e946f8
global_step=164616 | return=8.80 | steps=62 | track=0d0bbc894eeb0432fd5f1d7de4e3f0f7
global_step=164760 | return=-91.49 | steps=131 | track=470ba4ac3bfbd0fbf146f5fe04b88693
global_step=165040 | return=-91.69 | steps=131 | track=ff7f1633884ad08fa4d20ce8ca6378cb
global_step=165040 | return=-94.04 | steps=145 | track=5853fa3d728b8c869142ac2484c27c1c
global_step=165256 | return=-98.06 | steps=132 | track=1e02793bd1e6be8958763d1cf9f28b47
global_step=165304 | return=-84.29 | steps=131 | track=958be57925d7f500c3b543753ce31681
global_step=165384 | return=-50.30 | steps=129 | track=7a2d330d570927de6efaaa5c4dc74b9d
global_step=165432 | return=-81.04 | steps=131 | track=6e214e97834a453cf956a8bd8462180c
global_step=165640 | return=-50.09 | steps=47 | track=7699b95ebfab1ce7dee383b05130507f
global_step=165664 | return=-63.58 | steps=130 | track=ca22ccc49c5b1f771c571e1d510da7a5
global_step=165816 | return=-87.26 | steps=131 | track=d123bfdd324644e600b647f7b4657cc6
global_step=166088 | return=-110.17 | steps=130 | track=bb3673c74966f861658e3d90546acb27
global_step=166096 | return=-88.58 | steps=131 | track=e3515c224c2a196dfa32b63e52f79ed4
global_step=166352 | return=-98.98 | steps=130 | track=b641f73799dad7aa6f9807b532e4bedd
global_step=166432 | return=-82.82 | steps=130 | track=e54b299d924c4e48d2cb857349fe9cc9
global_step=166488 | return=-84.13 | steps=131 | track=e10d3c89d1b85ec1c6f4cd55485a4f19
global_step=166688 | return=-85.43 | steps=130 | track=909494f1c20c4d23f57f8aa1aa01b0fa
global_step=166696 | return=-44.73 | steps=42 | track=f6cfbb28632c5c233e76679998d35fc3
global_step=166720 | return=-92.90 | steps=131 | track=021b988897648b2d0269d236110a51ef
global_step=166872 | return=-91.45 | steps=131 | track=ab0bc6ef3f356ec2d6029bbcc95b26c3
global_step=167144 | return=-92.87 | steps=131 | track=1d760761f003df85b3814a1074ed47ce
global_step=167232 | return=66.52 | steps=67 | track=9e649e2e20d83b26ae7efc44643c345e
global_step=167280 | return=35.01 | steps=147 | track=540e2d3ce6b7bbebb4a64c2ce759b2b8
global_step=167488 | return=-78.06 | steps=131 | track=c3e0cf0ccadbf6bc7579f9e0b89de799
global_step=167536 | return=-78.22 | steps=130 | track=fe2270aa58de34ab7665511a90de5712
global_step=167592 | return=-77.79 | steps=89 | track=3bedb9ab06cbd909447c533f11cc2bf5
global_step=167720 | return=-17.24 | steps=60 | track=ae4cb86f72a2b9cae54281076df9132c
global_step=167752 | return=-81.68 | steps=131 | track=48771f9ac4b08390eeaa6b562eabc4f9
global_step=167760 | return=-12.78 | steps=129 | track=28063baba804a25db424e1244375d1bc
global_step=168304 | return=-12.39 | steps=72 | track=0db6b41a0db8f80015bffc19b3777ba9
global_step=168336 | return=-89.41 | steps=131 | track=a9f605829231ba4e7bafc231e1c6e32b
global_step=168472 | return=-75.47 | steps=109 | track=689dc01dcedf19dc2c0fa2375e901a41
global_step=168544 | return=-109.79 | steps=131 | track=8ab625b7863bdb0f15ca1af7e9a407b8
global_step=168592 | return=-94.06 | steps=131 | track=2d78e435ede3194733db1789da810c9b
global_step=168808 | return=-111.59 | steps=131 | track=70f3b05a45d68fa56adca6738efec7cb
global_step=168816 | return=-98.99 | steps=131 | track=43c75207ad2dafa8156e899454505e6b
global_step=168904 | return=12.99 | steps=74 | track=08e73b1920f1abd881091a06e5f84b5f
global_step=169016 | return=0.09 | steps=84 | track=e9a4415189aa49b60dee0a46245a3fe1
global_step=169208 | return=197.93 | steps=76 | track=dc1a227cbf719835249e85bd537f606f
global_step=169296 | return=-2.12 | steps=268 | track=ab6558664dd6f5b96624817c2715639f
global_step=169304 | return=-9.42 | steps=60 | track=553219b51f3d359024a861f9715bf441
global_step=169520 | return=-90.08 | steps=130 | track=b78f9b8d4c3a7fcd406e70f60d62c222
global_step=169600 | return=-94.95 | steps=131 | track=fcd6b61043f6c3558537eb45e069cc61
global_step=169864 | return=-100.79 | steps=131 | track=c9504ba25eceb11587431f21c2853bc0
global_step=169952 | return=-94.11 | steps=130 | track=28191ab7f7ea0046d40db2eb0222ec6b
global_step=170072 | return=-85.06 | steps=131 | track=6070fb24be14006bfbe58cbd9bd6b733
global_step=170256 | return=-110.74 | steps=130 | track=fd110dd68080d8a744c80a9769a33e5e
global_step=170360 | return=-94.65 | steps=131 | track=293f78e4ba5c3dc03824aa548949adbe
global_step=170392 | return=-35.81 | steps=136 | track=281d55985cf343790d1a6c2cc7388f39
global_step=170576 | return=-90.21 | steps=131 | track=05876d5792a1e2232bc1de6cb464f33b
global_step=170608 | return=-43.67 | steps=125 | track=6bcd3a782d84b522f44059e3e147e161
global_step=170752 | return=-44.88 | steps=48 | track=8a3511b58c3ba5e2402a08c032fb9755
global_step=170920 | return=-97.37 | steps=131 | track=18998cd503aaf074d944ddb4649e9c35
global_step=171128 | return=-98.05 | steps=131 | track=53b95e30e04cb20e44c4e65a8b38bacd
global_step=171256 | return=-86.50 | steps=107 | track=d0d41797c495a7c16027bbeda11a195f
global_step=171624 | return=-86.43 | steps=130 | track=e5339be20d0d914f8fa9d2b0cb0a5226
global_step=171664 | return=-88.88 | steps=131 | track=268611d195f2056328ed7ea7d8b7e429
global_step=171808 | return=-67.02 | steps=131 | track=31d68cd79f4e33b7cbc4ea9da91aa751
global_step=171976 | return=-89.06 | steps=131 | track=f567f332a1a06618aac871d6b63e033f
global_step=172032 | return=-131.01 | steps=221 | track=797acb7347932c1ad1d37bee0987a0c5
global_step=172032, SPS=51
global_step=172184 | return=-84.37 | steps=131 | track=025edf8c06f0864ca029575d9350ee83
global_step=172224 | return=36.63 | steps=283 | track=4de42fbf4ca898ea0e09cc39b57cff76
global_step=172312 | return=-97.63 | steps=131 | track=65cc156d63b82e70a0b56f0f52906712
global_step=172576 | return=57.60 | steps=67 | track=6e96e766f5b3cff1acb03d29bb5d9f79
global_step=172672 | return=-12.21 | steps=86 | track=7145a92a3a1068c3555dd0345e60de32
global_step=172680 | return=-96.96 | steps=131 | track=b6079327293447d752a8413bca6ff14e
global_step=172720 | return=-90.62 | steps=131 | track=70a025c0cf4fa80475b64a6c30e3c11e
global_step=172864 | return=-88.09 | steps=131 | track=2a8959781bb468e8f8bba98ef3697761
global_step=173152 | return=53.42 | steps=71 | track=7b31b5af58c35760cd5a743be2379db2
global_step=173264 | return=-59.80 | steps=67 | track=51b992a5328cf783a25afacd8766d2e7
global_step=173280 | return=-97.10 | steps=131 | track=9953338feaa59ade43121cb34e401d9e
global_step=173368 | return=-96.91 | steps=131 | track=3e19911ed3e5a70755b2427f9ad8976c
global_step=173656 | return=-84.43 | steps=183 | track=26d5720523930f22edf7eae416c20d4f
global_step=173728 | return=-89.43 | steps=131 | track=5d46afbf990be1c47db2e542e5b1e76d
global_step=173736 | return=-79.90 | steps=131 | track=2cecd78203a05fc277d9ed12a8260f66
global_step=173912 | return=-89.88 | steps=130 | track=e9261e97b969ba1dd11d42fc7d16c226
global_step=174104 | return=16.85 | steps=91 | track=eed333b8d962d9c36790ccba78721cf3
global_step=174208 | return=-90.21 | steps=131 | track=8f5b8e29e91f7538218dc01560b3aeab
global_step=174256 | return=46.49 | steps=65 | track=01e79e7e1d870d9d32ab62fa074b4549
global_step=174312 | return=-79.22 | steps=130 | track=5bddd7461c9037c7b50f7b013d8dcca4
global_step=174608 | return=-87.90 | steps=108 | track=7921606196390df177387fb854bf7c36
global_step=174616 | return=41.65 | steps=63 | track=2d92f346f5b5f81ab8e2a861d972319e
global_step=174656 | return=4.99 | steps=171 | track=26e918a5f4be4bd0c8c6961eceabb521
global_step=174712 | return=-94.65 | steps=131 | track=a290dedfd17adcadb987f7631cafce28
global_step=174816 | return=22.67 | steps=75 | track=91e7bd4411d415b296ca224688cd78b3
global_step=174840 | return=36.03 | steps=65 | track=fc8c3e8767dacf21bf2cd5ff7289861e
global_step=174968 | return=-94.06 | steps=131 | track=8dec3d8b1649e1c0a1e4e56d81ca37b6
global_step=175304 | return=-108.22 | steps=130 | track=500fcb9be8b99e5fc1554e1f037c14bf
global_step=175360 | return=8.15 | steps=67 | track=cf14e91b23364cf580c51d8c04ce0485
global_step=175368 | return=-73.32 | steps=88 | track=9ddce0e510f60854238d3b21cd37b75a
global_step=175400 | return=-69.29 | steps=97 | track=c60f0b1183365e94a4e2d1782a204167
global_step=175440 | return=3.51 | steps=74 | track=0e907a5541e05021a0fc3fc212606dd4
global_step=175984 | return=-5.38 | steps=72 | track=3f6f94d3a20c0c3edbf73b39c9fc056d
global_step=176024 | return=-49.70 | steps=131 | track=5095790f991d0555ff1988c8d01f539d
global_step=176216 | return=-71.60 | steps=106 | track=0f2f2fd4a04c53d9e0525f6b7e51e1be
global_step=176424 | return=-105.25 | steps=131 | track=4f952b5239850071801f5ad2a0ad857c
global_step=176496 | return=-94.57 | steps=131 | track=2aba4b098039e4f2d9d85eb4c646ddce
global_step=176824 | return=-21.61 | steps=189 | track=30cb9fa02cd92ed556a17df32fcf2a26
global_step=176880 | return=-43.46 | steps=47 | track=16a85b5c3bce3a2987726041ef4aec96
global_step=177040 | return=-89.17 | steps=131 | track=356968903e3ad166b36a9340fc318952
global_step=177080 | return=-93.90 | steps=131 | track=a6fe0842ff9f569e3d0b7a43c993412e
global_step=177208 | return=178.57 | steps=311 | track=6c27831212d76ed9dcd2cab4df261e52
global_step=177224 | return=-30.01 | steps=99 | track=2b109844d5dd13f4027b3f6f16bb174a
global_step=177280 | return=-110.17 | steps=132 | track=907fd216beb822f2ad73e4b3c30e4cfb
global_step=177680 | return=-10.61 | steps=79 | track=d918a49ebbc4205d16d6e0cb5e8401ae
global_step=177720 | return=-77.57 | steps=111 | track=05e207caf0d045f1346e46619d880731
global_step=177760 | return=-56.90 | steps=393 | track=99659d0d8e76a116ae0342b8cefbd0c4
global_step=177936 | return=-84.08 | steps=131 | track=f3f1d82924f9c306810d8b8c02b0110a
global_step=178136 | return=-93.29 | steps=131 | track=8a7a236186db7e54f9d151ef72ed8764
global_step=178240 | return=30.14 | steps=69 | track=a7ece704745464392af63a7e7f17d57b
global_step=178256 | return=-102.27 | steps=130 | track=fb75a0dc298561eaf6308552872ef68a
global_step=178368 | return=-5.19 | steps=142 | track=dac55472348ce402df2543c4711c31ac
global_step=178496 | return=40.93 | steps=69 | track=f48fa0d36126e1bd264827108fe91533
global_step=178656 | return=-36.66 | steps=171 | track=bed14b82ee874df026ae8b068b90ded2
global_step=178656 | return=-63.14 | steps=111 | track=7b109ce5de33b7db850e0bb5b5bc2bbb
global_step=178872 | return=-45.08 | steps=143 | track=46d8945426262aad673d9c05ec3f019e
global_step=179152 | return=15.09 | steps=61 | track=12641cff99efc05910b33146287bcd0a
global_step=179192 | return=-103.28 | steps=131 | track=830ac18d0008b35175c9cc21d4f950dc
global_step=179264 | return=-40.63 | steps=48 | track=ca96c076db40f617ef73971c14270aa3
global_step=179296 | return=-88.10 | steps=131 | track=bac8693cedc52d0764311a7de99acca3
global_step=179304 | return=-82.27 | steps=130 | track=97a3c93a88794205db98af83e26b6998
global_step=179424 | return=-81.60 | steps=131 | track=4d32bc8f664185b4d8be19199f4135e5
global_step=179552 | return=-72.69 | steps=131 | track=78c940160b67372633b502be5a1b6963
global_step=179568 | return=-20.37 | steps=46 | track=3d5f90e4f22f4a5ad1e2a308259b32e4
global_step=179680 | return=-20.57 | steps=46 | track=7db9fe0c5808cc12ab0f8a7ae841cbae
global_step=179704 | return=-46.49 | steps=54 | track=52b0c97fe2db731f3c72fea36763e841
global_step=179712 | return=-90.46 | steps=131 | track=0b6679d0703a41a05d916b20e98994fe
global_step=180040 | return=7.76 | steps=60 | track=57aad9ea744194f02f3c4f6228248e4f
global_step=180208 | return=-90.21 | steps=131 | track=5a840b8769a4ee3c423b29ec204408e2
global_step=180224, SPS=51
global_step=180352 | return=-93.70 | steps=131 | track=c7febf1afa8347291f61e3ea85c5c51c
global_step=180480 | return=-72.39 | steps=131 | track=cf41bf35b57fd5d1adf937bbac79dd31
global_step=180488 | return=-51.79 | steps=114 | track=0694798f82d1ffcaab6b0c681ce46db6
global_step=180736 | return=-83.26 | steps=131 | track=4b2f055405f2da21f16dd7f9935e74c8
global_step=180768 | return=-84.77 | steps=131 | track=7655cf55ddcfd681e818e163168b374f
global_step=181096 | return=-95.40 | steps=131 | track=d44dae5a1e0cd5292df839934c572a70
global_step=181256 | return=-97.18 | steps=130 | track=9109bb394c85789db191b92e659209ef
global_step=181408 | return=-77.16 | steps=131 | track=fb8b92b3d8eb3e4311e230caccb50e99
global_step=181496 | return=22.02 | steps=223 | track=6306662e42bfa89468ba952cccd7bfff
global_step=181536 | return=-83.65 | steps=131 | track=596d66b8273412c1825061c5f8fa9d3d
global_step=181544 | return=-91.51 | steps=131 | track=4fe03b3036fe9bb70109046c6122de1d
global_step=181552 | return=-67.66 | steps=101 | track=56a25614ee5f27b6393066296b105b0d
global_step=181576 | return=-25.72 | steps=59 | track=5fcaf3018f0f7d4dbb7a5a63b8ac6989
global_step=182024 | return=-49.45 | steps=156 | track=9277fdc52a957db19f194f3c536c76dc
global_step=182312 | return=-66.23 | steps=131 | track=f794d66e87b1ae74f5718690ef9a46b7
global_step=182392 | return=-81.10 | steps=105 | track=46982faebbed71337836bf224c720f62
global_step=182464 | return=-89.11 | steps=131 | track=7cef33cc45bd3a1d13801c38834eb1de
global_step=182544 | return=-95.58 | steps=130 | track=42c96278e03666f9d4829fddff462eba
global_step=182592 | return=-119.85 | steps=131 | track=a58e074198cd143d541d874ea6d43531
global_step=182608 | return=-86.05 | steps=131 | track=7f369c3c74d071023069b1207789b956
global_step=182792 | return=-52.54 | steps=40 | track=5c80b2fca025d5f4dc37d7981e1d2e56
global_step=182864 | return=38.70 | steps=68 | track=87ba4b99043312619715777779e5ac7b
global_step=183080 | return=-91.79 | steps=131 | track=8ab4841d10febadc337315e828358b2b
global_step=183112 | return=24.39 | steps=64 | track=190e73d65d473f1b1eaa9e1f18c3efe2
global_step=183216 | return=-7.35 | steps=43 | track=6a18f4b8e49d9495f771aae1548d5fc9
global_step=183352 | return=60.69 | steps=69 | track=c97d3f4648860cc4001a8ddf6298bdb5
global_step=183528 | return=219.59 | steps=141 | track=bb3de239ca4a3a00ca38277c3b7444c9
global_step=183600 | return=-98.31 | steps=131 | track=b4c80fc7d07cd5e23f3d705f5dfdcf21
global_step=183664 | return=-80.11 | steps=131 | track=2a4c6cbb9d7bd34f7b4bd03f115d5f26
global_step=183880 | return=44.20 | steps=287 | track=91b40d4703326d2a33254df903cf8dc4
global_step=184136 | return=-93.11 | steps=131 | track=d19d4264d3b008ad7161a0d3c1f6e49f
global_step=184168 | return=-82.80 | steps=131 | track=65d877652f71fab735b05b73c880d3ec
global_step=184200 | return=12.03 | steps=66 | track=d6299d46b14ffb89a1fe0a6c52d0466a
global_step=184272 | return=-99.71 | steps=131 | track=191aa577748cb77c66fd52e88cf59848
global_step=184408 | return=-92.76 | steps=131 | track=ac1b42638f2989429a6a42650143b1e5
global_step=184648 | return=-95.80 | steps=130 | track=db2a2175f7909e226d35e29bbefb0f6e
global_step=184680 | return=51.62 | steps=99 | track=82cf3b3eda820c8a1f2cffa7398b7edf
global_step=184800 | return=42.66 | steps=65 | track=d0a768c339088edb37d96560a2254f97
global_step=185192 | return=-80.43 | steps=131 | track=457854664dca217b84c1f6869c853152
global_step=185224 | return=-81.44 | steps=131 | track=b94946be9741716dfd759ea2f723f9c0
global_step=185256 | return=-86.86 | steps=131 | track=9c7c21e2005f156cd63f564a719a3322
global_step=185376 | return=165.74 | steps=230 | track=f253a2750f36a89a3c7fd43ff6ce42c6
global_step=185608 | return=-70.60 | steps=100 | track=75dd05569efbfbb1015bf220b3f276e8
global_step=185704 | return=-94.06 | steps=131 | track=7e5274713ed60a0b180e7a71b0886ad4
global_step=185736 | return=-85.31 | steps=131 | track=4255bf7f9e7de14a263842400e957e53
global_step=186096 | return=-7.02 | steps=60 | track=a177d6313bfc9c8f010f8ac32f1eab15
global_step=186160 | return=-71.08 | steps=218 | track=37ffdb5a47fd82f7581b075260d57167
global_step=186272 | return=-22.09 | steps=134 | track=09fdb3006467ecda16f347b809adad6f
global_step=186280 | return=-84.50 | steps=131 | track=a4bb35371ed5e8437154c3b8162ffc86
global_step=186320 | return=-100.61 | steps=132 | track=1b5f8c7ebc8c9e5ef049c62764bf4353
global_step=186432 | return=-87.11 | steps=131 | track=b619ea5efb8fdf2c12ba251a398cea7c
global_step=186696 | return=-27.74 | steps=119 | track=c11186382a0bc3ac81073c23411013b0
global_step=186880 | return=-64.31 | steps=89 | track=4229003c70b116ee3d0be3acd4c70d9c
global_step=187208 | return=-85.99 | steps=115 | track=ddce6db1560b6d946c218b604a30159a
global_step=187272 | return=-71.59 | steps=195 | track=30fbe933d0560e878287a7b6e1206c28
global_step=187376 | return=-85.30 | steps=131 | track=f290f8345e4977eb0cbab69ca811eab4
global_step=187480 | return=-85.35 | steps=130 | track=f7ef92da71527d084492a2d5323393bc
global_step=187752 | return=-88.91 | steps=131 | track=d6cc1c7ca6baf1f998b5dcd8f11761d7
global_step=187760 | return=-7.04 | steps=60 | track=621eaddc02c0799097107e5e4d9d04a1
global_step=187784 | return=10.73 | steps=210 | track=4efbdeaf45dcd7f1195d8fe668416d32
global_step=187968 | return=176.55 | steps=135 | track=5f55f46d2355ca15e5d016b135f9f4e2
global_step=188256 | return=-96.73 | steps=130 | track=2583a79751751b82c1f4586f62687eb7
global_step=188272 | return=-15.54 | steps=249 | track=c7c6c165c3cab96131f113da00d03d70
global_step=188352 | return=63.38 | steps=70 | track=8e0a396d6acdd7b61c3fc00931c36cdd
global_step=188416, SPS=51
global_step=188432 | return=-95.30 | steps=131 | track=6c62e734169b1569bccb5e39ff2d97b9
global_step=188536 | return=-90.10 | steps=131 | track=2bb553c4dca27c45823e1bb40df41a1a
global_step=188808 | return=-91.35 | steps=131 | track=7b0b2b0142721b64f1e024913f7c9eae
global_step=188816 | return=-88.10 | steps=131 | track=a6811f4513fd0928a33f4a5a01764a59
global_step=188992 | return=36.63 | steps=69 | track=d061482bcf4a3444fb5ca88cd67f6eed
global_step=189008 | return=-27.27 | steps=93 | track=51454a3b7b891ad67f5cf9c07f0847a3
global_step=189024 | return=-92.01 | steps=131 | track=a6f098f021d382373b845765de1f8ad3
global_step=189304 | return=-22.38 | steps=128 | track=449344dbc41a4f746ba0b2672db3376c
global_step=189408 | return=-87.91 | steps=131 | track=759a10dabffcae7dcb82531f0ec76eed
global_step=189552 | return=48.24 | steps=67 | track=7bbbf69a7a498f29b93b6403458058de
global_step=189592 | return=-90.20 | steps=131 | track=4138527b60bcdb02fda925392b85d4f1
global_step=189856 | return=-85.58 | steps=130 | track=b083ca1f0bf873288b2108502232b40f
global_step=189872 | return=-86.84 | steps=131 | track=408e154f82fd08bd5947587e0209c635
global_step=190080 | return=-93.29 | steps=131 | track=37bb83a7a73a557e70c57a00d3e07751
global_step=190208 | return=-35.20 | steps=41 | track=efbd578442e02670a0f7d0f480b36865
global_step=190360 | return=-71.13 | steps=131 | track=e9d1ea1c4fb7520686f75f6e5a6230d4
global_step=190464 | return=-90.70 | steps=131 | track=3dd47160bd77b57888261c858970ef34
global_step=190600 | return=-37.23 | steps=92 | track=f08077fd4913242d8f8f5adebc823185
global_step=190608 | return=-92.85 | steps=131 | track=1742b5e5534067f8395983200aa41b79
global_step=190640 | return=-78.80 | steps=130 | track=97fe2d6ee3da0bf388fa6688a5fdd7cf
global_step=190696 | return=16.66 | steps=76 | track=91df93db292f93ac6de52348e83e1927
global_step=190976 | return=-26.65 | steps=41 | track=095bfa7c24f8167ddfc4690623e99bc5
global_step=191200 | return=117.00 | steps=275 | track=ffa3f50c9af38c385b18215526e9c04e
global_step=191256 | return=-108.10 | steps=130 | track=8a7f107a63b104986646d17ac293750f
global_step=191352 | return=-24.89 | steps=92 | track=99d2620e3bc82fb011cf75630f574742
global_step=191408 | return=-98.32 | steps=130 | track=21c8c1451dd4fcc5df90b2e97e8be992
global_step=191512 | return=-96.00 | steps=130 | track=aab25c823f9835fa0fd370f7b3b68ec0
global_step=191744 | return=-104.96 | steps=130 | track=f704b3d6a3c25f258ceffb778503b99e
global_step=192032 | return=-97.84 | steps=131 | track=31b4b65951f1eb9e11328dd6402b2a3d
global_step=192128 | return=-68.75 | steps=89 | track=ad155d68e62e3d93a41e5d56f2568751
global_step=192248 | return=39.68 | steps=91 | track=ea07f9b52f22435a57ceb552ffedb452
global_step=192256 | return=-92.01 | steps=131 | track=d41f474e9c05368b8072a23b15d7cd53
global_step=192280 | return=-32.78 | steps=209 | track=4e28111f08faecb4a44b1aebb9a03108
global_step=192312 | return=-93.10 | steps=131 | track=98ec7129cd0250d1f79c88eca3bafe6a
global_step=192408 | return=-77.84 | steps=131 | track=b0e334b3c41836277b4c42b4f1fb62aa
global_step=192552 | return=-53.53 | steps=64 | track=b2ae0d7e5911c007b8ed02895c80d8df
global_step=192616 | return=-75.59 | steps=108 | track=29af6ad91a9ddadc72aeccaca87e8ff9
global_step=192840 | return=13.69 | steps=53 | track=1b0172a712300a76d99776fef50ac2f2
global_step=193144 | return=-84.01 | steps=111 | track=1d75abf439f2f4156f9fd5cc9c5ba6b5
global_step=193184 | return=-94.67 | steps=131 | track=04515c3d52c72bbfc192af6d701b974c
global_step=193312 | return=-81.44 | steps=131 | track=edfd48e54a342546df89a23dfdaa49b7
global_step=193328 | return=-92.82 | steps=130 | track=d418dcd368f8253b3e3b3c37f277a1c6
global_step=193368 | return=-88.10 | steps=131 | track=417e06985766be70b8bba1406701ffd2
global_step=193776 | return=3.85 | steps=152 | track=3052df854930759eb6113b549e1b6543
global_step=193896 | return=-96.45 | steps=131 | track=c4cab512cb37311ba67a137fa2a77ffa
global_step=194280 | return=-55.40 | steps=136 | track=906f90409592d1942e2c3afbd67f7107
global_step=194352 | return=-28.29 | steps=150 | track=41046498cd6d25b41fba0f70e2a3e6bd
global_step=194368 | return=-92.65 | steps=131 | track=4a5ea8682122c02bf859598b99e77a2f
global_step=194384 | return=-82.60 | steps=131 | track=7bb4b2e28c627da05ef32c2a1e76a12e
global_step=194400 | return=-125.24 | steps=222 | track=f909738a4828e9de417f9eb8e7422d0c
global_step=194536 | return=-29.34 | steps=94 | track=18932d68af7bc054d8400ab11f4a582a
global_step=194944 | return=-100.47 | steps=130 | track=d5bad87fa14363b3cd4a276dd5c2838a
global_step=195192 | return=102.68 | steps=227 | track=714f1edaf66f8acae54854be90d73c39
global_step=195336 | return=-83.50 | steps=131 | track=9e818a62c564ba372b5538f81b43e80c
global_step=195408 | return=-99.14 | steps=131 | track=3b98998cad3edfcc15ef6f64d3129276
global_step=195424 | return=-96.31 | steps=131 | track=28811122192bba1303aa75ca7fef0e71
global_step=195448 | return=8.05 | steps=132 | track=6abb7285e36ed460dec7178355a992e6
global_step=195464 | return=-105.50 | steps=132 | track=dbbef4d62fd15b45eff6d024b7422338
global_step=195584 | return=-21.57 | steps=48 | track=0088a9818a0298cc8acfdc38f79ae072
global_step=195760 | return=6.29 | steps=152 | track=361f2697fdc615f0ab78f3a4d60b0273
global_step=195984 | return=29.86 | steps=66 | track=e8b75afc1ec647c8363b66c298ece3cf
global_step=196000 | return=-88.82 | steps=131 | track=6ba1e1679834cd727148af759ec24b39
global_step=196392 | return=-91.07 | steps=131 | track=e23584cbe6fb539fed73a8a7bafefe0f
global_step=196464 | return=-72.65 | steps=131 | track=f44d5ca06afd65578ea8fb62a855ed60
global_step=196480 | return=-85.81 | steps=131 | track=6af98e4ebc1215486694b04de5104282
global_step=196496 | return=23.98 | steps=63 | track=1dae6f8fd07f77250ef5334557033b40
global_step=196520 | return=-83.03 | steps=131 | track=f60daa2dce18acac01722376b38de0b7
global_step=196520 | return=33.35 | steps=64 | track=8b2cddc7acb9c2a3a0fbdc4916607d86
global_step=196608, SPS=51
global_step=196800 | return=-75.06 | steps=151 | track=706dd130ca84e82a783fc42b4596cbd4
global_step=196880 | return=-33.15 | steps=139 | track=84894e8e9bc30a5b588fb29e3c587631
global_step=196888 | return=13.71 | steps=61 | track=eb45cbb6b3eae52381bca1d21ae786e0
global_step=197160 | return=27.84 | steps=84 | track=b767a09cdaa96761dfa14772d44f0092
global_step=197520 | return=-87.62 | steps=131 | track=be6aaa5bf98be0f882360cdc08094bd1
global_step=197552 | return=-96.83 | steps=131 | track=992aa51322929d0c9fe5a52b23555a68
global_step=197576 | return=-86.60 | steps=131 | track=3d21fca8be64d8115c9d33182507fe1f
global_step=197576 | return=-85.30 | steps=131 | track=61a50cc420b29fa5d0a9b3dd9105b86a
global_step=197856 | return=-73.31 | steps=131 | track=d2ad14304e046658bd652b205243f144
global_step=197888 | return=1.37 | steps=45 | track=eeba3bf9488e73a96f8e0f798f3af31d
global_step=197936 | return=-96.51 | steps=131 | track=99e84933314f7a5bdd3083c2f310fc1a
global_step=197936 | return=-115.22 | steps=130 | track=a43eff042e06dff28e8a8f51f18fa426
global_step=198216 | return=-86.05 | steps=131 | track=0369a570ca09b5f92b20cf3ec0823482
global_step=198352 | return=0.60 | steps=61 | track=9c56045bf3761962c67f35748556549a
global_step=198464 | return=-74.83 | steps=110 | track=f3ea096db3ec3c809cfbb43fa6a4c65b
global_step=198480 | return=37.98 | steps=67 | track=e01e5865fe9e7b7a6908eef6fe3100ee
global_step=198608 | return=-104.86 | steps=131 | track=3d5ff161f9c0d206d1a11bdb945d67cc
global_step=198736 | return=-28.56 | steps=144 | track=fe1d446d16231b435c4c4fd56507de27
global_step=198736 | return=-74.73 | steps=105 | track=bb56ac8a4700f0b7d44e0d8ce6c4ccca
global_step=198992 | return=-86.09 | steps=131 | track=cf5c914d20627d05adc0be1a306d9e96
global_step=199272 | return=-95.20 | steps=131 | track=566221763f88031fe2620087e981c493
global_step=199360 | return=-80.60 | steps=109 | track=b5e0b7ec84a4099c829c2ceb8c22987e
global_step=199408 | return=-99.99 | steps=131 | track=48cda54480187900daee2262292910aa
global_step=199512 | return=-96.00 | steps=130 | track=ae3c3cefc43cfb9404e04e7e5c3f86f1
global_step=199664 | return=-78.36 | steps=131 | track=dd9ae72743a598d30c1761f09b74c0a1
global_step=199784 | return=-98.88 | steps=130 | track=308f409c5d406235bda5c44769160cf3
global_step=199960 | return=25.90 | steps=152 | track=297ee8a20cdcc545e7cb2c91a448d36b
global_step=200000 | return=-21.71 | steps=60 | track=63e4facba7355b11a1bc38110b7572d6
global_step=200048 | return=-91.11 | steps=131 | track=b902dfe62300c549690937533e6188a9
global_step=200240 | return=61.12 | steps=71 | track=e1dc1598afc11e7089a41635b92d0e51
global_step=200336 | return=-109.77 | steps=132 | track=9b3bf11cc408d238bc0e5758b933bde0
global_step=200416 | return=-92.03 | steps=131 | track=987bf613839a306e4992ee13021a0b55
global_step=200464 | return=-83.24 | steps=131 | track=22fe6b46eb0d5dcbe3a0261c73db3473
global_step=200536 | return=61.81 | steps=66 | track=449b2e31cdc5efa465f867f235b0d71e
global_step=200840 | return=-86.83 | steps=131 | track=3f4696f0f85467560a80e4da08c14d20
global_step=201096 | return=-92.82 | steps=130 | track=025539c670928ca1bac5db95a5b28d97
global_step=201120 | return=-64.36 | steps=97 | track=1a4547bdf2b2cefe70468cc2bd0cb4d1
global_step=201296 | return=-92.91 | steps=131 | track=ef2463458b03d7a552793a8bcbd6af01
global_step=201472 | return=-102.12 | steps=131 | track=c56a71f8e2310811d76e998b2fa74057
global_step=201520 | return=-93.70 | steps=131 | track=0adb23adee940e7789e628d8b755671f
global_step=201584 | return=-113.09 | steps=130 | track=700f2d5af683f97a9166e20acf68afff
global_step=201640 | return=56.36 | steps=67 | track=eefb85a1f2dce6760b5c47837e7fc584
global_step=201824 | return=23.90 | steps=65 | track=5436bc54c20bf6746ed3dc636be49073
global_step=201896 | return=-96.07 | steps=131 | track=1fd9ed91e6bfb14888a4cc4a67d99ac7
global_step=202128 | return=35.54 | steps=67 | track=9ff5b4ee7d9b36ee2ea727532a6ebdcf
global_step=202176 | return=-98.81 | steps=131 | track=947cffbea2c1f1346bb307aa9d3fc725
global_step=202512 | return=-4.52 | steps=318 | track=c692e03da8ddcc15c43062c0ab7b7cdf
global_step=202528 | return=-88.41 | steps=131 | track=b02fdb3386057fdb25c92a7be9bb3e83
global_step=202568 | return=-94.20 | steps=130 | track=7a56bcd6aade72bfd430caeca26d0d74
global_step=202696 | return=-80.63 | steps=131 | track=7159dd99443237b87e3ba3fd7e7d87f0
global_step=202872 | return=-96.34 | steps=130 | track=8d6403bd469aafbf87b700cde8a1b0cc
global_step=202952 | return=-79.24 | steps=131 | track=218da7c246a01252f38fb1ed24befc87
global_step=203032 | return=36.12 | steps=64 | track=bb8dfcbdfd9f16c3285cd1991e4c8897
global_step=203232 | return=-90.91 | steps=131 | track=d1f365f2c06a0506681af1db074f5717
global_step=203480 | return=-84.58 | steps=97 | track=b4b85d0414ad64f3450ce12217e5b94c
global_step=203624 | return=-84.89 | steps=131 | track=d781608da70d8f0962b2bf1a743b9b92
global_step=204008 | return=-91.33 | steps=131 | track=ab07a6472454318c833e97f3711d29cb
global_step=204072 | return=-61.78 | steps=129 | track=61397d0918847cb083e7ec26ae0a0761
global_step=204280 | return=-90.02 | steps=130 | track=d765664434bc3c41295918c642ca74d3
global_step=204280 | return=-33.34 | steps=175 | track=846dd4dcd5ab220bdc10f9d51c388c53
global_step=204360 | return=57.89 | steps=91 | track=1039c8d77d01acde47f47ee7d33a7f2b
global_step=204432 | return=-39.44 | steps=52 | track=1e04df9d8a8ab315b8903ee0fef79e95
global_step=204528 | return=-98.20 | steps=130 | track=a59cd36ed3164f8e61192c9d07831671
global_step=204800, SPS=51
global_step=204960 | return=-110.91 | steps=303 | track=13725b53d3895cd1c7ad43b85e254058
global_step=205024 | return=4.78 | steps=61 | track=fd0808aee1dde3c43f62b64390d9559d
global_step=205128 | return=-100.94 | steps=131 | track=19ad35776c224a2f935c8baf144898fa
global_step=205336 | return=-93.60 | steps=131 | track=a7a508d15d6111a0cd9b525fb4a55e6b
global_step=205336 | return=-84.55 | steps=131 | track=fe32f4ec317833e905e08850b0f67b28
global_step=205416 | return=-88.88 | steps=131 | track=3747b74f501ff57e4be9673b52a43600
global_step=205480 | return=-92.97 | steps=130 | track=9ed45cf53f9ca7bcbb0e9c8a72fa47fe
global_step=205856 | return=-41.39 | steps=46 | track=cae56ee58a1b52b5486758280bbc1b14
global_step=205888 | return=-8.89 | steps=58 | track=57a9d7d89985d57135be3d68d70488b0
global_step=206080 | return=-88.66 | steps=131 | track=46b3c568149202fec324e7dffc39c414
global_step=206176 | return=9.85 | steps=151 | track=83ec71e53b94e829da54f6acfede3df2
global_step=206184 | return=-91.49 | steps=131 | track=3ba2edc90cc37bdf23382097fe0e54f6
global_step=206392 | return=-82.33 | steps=131 | track=2dc91a1fb34594043cb056a065e393e2
global_step=206392 | return=-86.44 | steps=131 | track=03d5dfcc535929d9a38c16a40ac6b2c1
global_step=206904 | return=-84.38 | steps=130 | track=85cd6ca6d81f7fe7e6d185d9b7ed1bc5
global_step=207048 | return=-25.23 | steps=120 | track=b944b18966054b4c681130639685a49b
global_step=207096 | return=-64.96 | steps=620 | track=a2794de3fcffcab7526469098d54cbe5
global_step=207232 | return=-91.28 | steps=131 | track=e1bf1e28ec37efd27768fbd6c4024328
global_step=207240 | return=-85.06 | steps=131 | track=d9741f7a8411d155c7a8887284e3ae69
global_step=207368 | return=-19.45 | steps=184 | track=d63101d84bedf4aa497648f44771a9d3
global_step=207448 | return=-80.90 | steps=131 | track=74dca383a3bab7d1b927cf7575faf3f6
global_step=207528 | return=-29.55 | steps=141 | track=ae3a0df0c1d610037908c8892640a36c
global_step=207960 | return=-87.31 | steps=131 | track=c3c9b78551dcdd950515174a17fcb392
global_step=208096 | return=-100.79 | steps=130 | track=806d566f9989bbee64d2c6fd27109c71
global_step=208152 | return=-83.12 | steps=131 | track=e63e8cb33f8bf681dcc114ee3fcb9793
global_step=208208 | return=52.11 | steps=121 | track=3306797b24a6763161af5d7210dd2235
global_step=208296 | return=-97.19 | steps=131 | track=95e08380ce3bb05a847d852b29a72c63
global_step=208416 | return=-104.42 | steps=130 | track=c13707e5837c36af0e5d0411696d5299
global_step=208496 | return=-99.37 | steps=130 | track=f78b4a2582a325436e33851ab97b50b1
global_step=208504 | return=-7.34 | steps=50 | track=2f453452d5232754bcd5463cd809a473
global_step=208512 | return=42.13 | steps=68 | track=6c9f9df823f3b4c913a485facb412d0e
global_step=208584 | return=-73.43 | steps=131 | track=4cc60abd3380c9752b518cb37a35afa9
global_step=208664 | return=24.83 | steps=63 | track=0d9bceb662e61510d65c523657b09b70
global_step=208848 | return=37.15 | steps=68 | track=ce0f2af6f6e101df7b68a68160809cd5
global_step=209296 | return=-48.69 | steps=135 | track=4225d5f0324e0a1d57e0c5870da6435e
global_step=209392 | return=-72.93 | steps=110 | track=9663382f80610bb0eb0c5adc02bfe805
global_step=209520 | return=-57.73 | steps=137 | track=9701def6ef451b7fd309109544849ed4
global_step=209552 | return=-106.84 | steps=131 | track=d29e4ee5e3d611ef69246f3bfdb0b36e
global_step=209568 | return=-98.27 | steps=131 | track=dd22ebaa879ae0c32e9bd89aa2d07443
global_step=209720 | return=-89.45 | steps=131 | track=9e5a9a64f4b8116af03edcb21848e585
global_step=209752 | return=18.92 | steps=145 | track=f495306b11043e4aad9d678c74e37fd6
global_step=209768 | return=-3.36 | steps=46 | track=fab792e42081ba6963a10f7da9aef897
global_step=209904 | return=-101.09 | steps=131 | track=a882a00a72ede9a776cb739978c65f00
global_step=209976 | return=26.36 | steps=84 | track=52d6327f05655a8f63b3de37fd069ed8
global_step=210056 | return=30.01 | steps=66 | track=c01c7135ee42ed60577e24154386a7eb
global_step=210136 | return=-46.22 | steps=47 | track=835c734c6fe3c13283a121b8351ed518
global_step=210520 | return=25.89 | steps=67 | track=c17c0b40bc75dac33978c5e43bec7f74
global_step=210544 | return=-41.73 | steps=79 | track=564030d26a91b56569ebb2e40cd0bdf0
global_step=210600 | return=-92.54 | steps=130 | track=fa07b603bcd3628592a816108ff5ba1c
global_step=210616 | return=80.80 | steps=69 | track=931e95c937b6a47f97470a932e3fbd2e
global_step=210624 | return=-92.48 | steps=131 | track=8c5466f83c823d6a34472c6ee9bdc1ef
global_step=210768 | return=-99.08 | steps=130 | track=7ba45012a1e2a5b5a07da1d800dfda62
global_step=210824 | return=-84.60 | steps=131 | track=c696489b7863931e6677415c831e7ed5
global_step=211064 | return=44.62 | steps=64 | track=a85e740e938f1743ea508adf01b0cd8b
global_step=211152 | return=-16.02 | steps=66 | track=b96985fa93f0d01df18183ee338cfc5d
global_step=211184 | return=-9.60 | steps=82 | track=bcec50413dbc61c4bfbbeb53fe0b42f1
global_step=211192 | return=-83.48 | steps=131 | track=4dcac326be94b31a1f4b7f20fd2e9ea8
global_step=211592 | return=26.07 | steps=65 | track=b1deef836d8b2fcbf6c3ad5926afd4d4
global_step=211656 | return=-91.31 | steps=131 | track=f35a668b71d7fbf0cc20a5651eb47b3c
global_step=211680 | return=-86.83 | steps=131 | track=22ce15e802b77abdbbb9c59808ac7116
global_step=211712 | return=6.14 | steps=64 | track=137b21253874f078ab1d3b27c8eb7bad
global_step=211816 | return=-20.67 | steps=78 | track=18ca9d39d022888309f28c73200d68ce
global_step=211824 | return=-90.38 | steps=131 | track=7352d2a3b69e881ca422fae40209826d
global_step=211880 | return=-86.29 | steps=131 | track=4fe7e41a339f5b6ebd9bdff83a55d2f9
global_step=212208 | return=-87.11 | steps=131 | track=7638148e09d2f298346910185cdf3784
global_step=212464 | return=-64.20 | steps=108 | track=5b190d6177478d026ba00be9990067df
global_step=212504 | return=44.74 | steps=85 | track=f5f92941f076849b825e6b25ec500438
global_step=212704 | return=-85.44 | steps=130 | track=e923a109b941bb40bb815c37a18b1fab
global_step=212736 | return=-89.81 | steps=131 | track=5a295a1fb0a3b27f43b93d4aa6878fdb
global_step=212760 | return=59.19 | steps=68 | track=298a49e8f9b7bb96a483c7a96c85c187
global_step=212768 | return=-81.97 | steps=131 | track=c9b02821e035894ae9dcf963c4abfb89
global_step=212936 | return=-102.22 | steps=131 | track=aad8783c62626602125c8e1e8e01425e
global_step=212992, SPS=51
global_step=213520 | return=-97.91 | steps=131 | track=dc505fbe92e45c1615645bb7c41b6055
global_step=213560 | return=-104.00 | steps=131 | track=6d537938fea446ae2ea39d8e869004be
global_step=213560 | return=-40.25 | steps=216 | track=ceec324b51d7ea9f345330133191ef63
global_step=213792 | return=-90.10 | steps=131 | track=5404978983e2c47b8e8f13fe9bb86081
global_step=213816 | return=-105.31 | steps=131 | track=defc482e2f4d01e749585a1eaf777a21
global_step=213824 | return=-95.39 | steps=131 | track=3cd79d29f290e40a8193773b4cdfc2c1
global_step=213944 | return=-82.82 | steps=154 | track=a011c33ce2852fca723d40377624425a
global_step=213992 | return=-86.05 | steps=131 | track=6677114266df66a8e0b55a84a20a4a34
global_step=214336 | return=27.47 | steps=64 | track=69a5a682998dc6f5d723efce041a3538
global_step=214576 | return=-87.10 | steps=131 | track=494e0b2de6aeaf04a03bc89b93422ab8
global_step=214616 | return=-84.03 | steps=131 | track=017a4c3f0281db94b3ba0e6fa5fe27c9
global_step=214616 | return=-75.70 | steps=131 | track=ded175e5d5b5ea829bf0df87c0c34c5a
global_step=214848 | return=-103.32 | steps=131 | track=b099bdbf53ae094a714250e8865da41d
global_step=214872 | return=-96.52 | steps=130 | track=6345864f92e8523e251ba990c1e22b8c
global_step=215000 | return=-85.22 | steps=131 | track=186218e630b0f8919dbd5c655b0111e8
global_step=215304 | return=3.65 | steps=163 | track=83c6fbe9212208891e837dfee5e3cce5
global_step=215624 | return=-91.98 | steps=130 | track=e042426b182d65819a3ad61961b3bd01
global_step=215656 | return=-44.68 | steps=129 | track=7d8c5ac0a6ae20996dc01bb1e5c9a351
global_step=215672 | return=-76.06 | steps=131 | track=a4c8965c3a344c2b62fb25e85220b375
global_step=215928 | return=-89.89 | steps=131 | track=d2eb68bdf76bd52c4ff4143bf9d6b931
global_step=216032 | return=-99.51 | steps=128 | track=34a6b734d171c6f24f9938013d96d987
global_step=216128 | return=-3.43 | steps=62 | track=e3eec5ade589b1b61f126c9531902b4d
global_step=216232 | return=20.68 | steps=236 | track=ec36254695d6b8394dc8e5111f96b7f1
global_step=216352 | return=-93.39 | steps=130 | track=db2e78dac238761202015a822107df55
global_step=216512 | return=-10.79 | steps=207 | track=a09c8de8961d070e370133bfe55daace
global_step=216728 | return=-93.37 | steps=131 | track=6051104061d62f0a3ebd68c10516d495
global_step=216760 | return=39.56 | steps=65 | track=558edab90661cd2d7e07aac4227c3977
global_step=216976 | return=-95.19 | steps=130 | track=7a181ba01df68aa51974d0d5f59fab27
global_step=217184 | return=-89.31 | steps=131 | track=559ada1735da7458fc2723864a93e048
global_step=217248 | return=25.61 | steps=64 | track=291ca1dcafbf27a5fe7045f6e67e8111
global_step=217264 | return=14.72 | steps=153 | track=3f175213c09bc4ddf75ec4c4df55d782
global_step=217408 | return=-82.33 | steps=131 | track=a716ef1145be26c869c8d75d057b0485
global_step=217448 | return=-114.90 | steps=223 | track=30c69c93fcbca59d01fd9cdb03d4853b
global_step=217560 | return=-75.59 | steps=130 | track=8c3a4e7a69898c262bf5f2cef34d424c
global_step=217672 | return=-6.89 | steps=113 | track=b66c5cd6759c057be9276591a99aa5ad
global_step=217936 | return=-4.63 | steps=60 | track=dd0b311468f85a3d3116b73ade8dabcf
global_step=218024 | return=-84.62 | steps=130 | track=fed959781469211edb7439f4fa5e8110
global_step=218048 | return=-49.57 | steps=107 | track=035899c0e1aa429ca50052dc0fdcc971
global_step=218304 | return=-94.67 | steps=131 | track=ab38e91f9cf8a7c7d154cd563961f676
global_step=218320 | return=-93.01 | steps=131 | track=f8de8e02bc626456bdccd3e6a7a64f62
global_step=218464 | return=-82.79 | steps=131 | track=28943d1fae5fafa4c19c20927bae246d
global_step=218616 | return=-84.15 | steps=131 | track=a824cfecb5431062a56b62e5902107ff
global_step=218720 | return=-109.83 | steps=130 | track=e495e9ea4d8571dc50ecada9da600083
global_step=218992 | return=-78.96 | steps=131 | track=033b60a2bb9eb539ec46ed12472a2880
global_step=219072 | return=-58.55 | steps=95 | track=171b4bdeb3520c159af4c4354f1f8041
global_step=219080 | return=-86.35 | steps=131 | track=e4b46d6f8fde8402752ac0b6f1ca42a3
global_step=219104 | return=-99.82 | steps=131 | track=a6d2ce2c8bc135a8e8c5cab59c504ffb
global_step=219376 | return=-91.10 | steps=131 | track=452434083837d45db40a2335d6d23d73
global_step=219472 | return=-44.03 | steps=48 | track=582704a882c70cc6acb2497421cb7d56
global_step=219480 | return=-1.46 | steps=60 | track=9fa0022d60803da1a8798f4cf295b86d
global_step=219496 | return=-86.43 | steps=128 | track=8b6632650cc92abdc5f1b0b1640fd78b
global_step=219672 | return=-95.11 | steps=131 | track=28aa8fa1a5dc47113615055236d54d31
global_step=219768 | return=-98.69 | steps=130 | track=cdd0f6ecf74f5f92c55a41297d926653
global_step=219792 | return=-64.51 | steps=89 | track=f47dd6fd7f7a6d05063e79ea1c825c2c
global_step=219856 | return=-17.16 | steps=93 | track=7b12a1e81f9568a0c2e79dfb369edd21
global_step=219984 | return=-0.25 | steps=75 | track=4688baa7069637258f519b7f20c2cf75
global_step=220064 | return=-8.32 | steps=48 | track=384f8e97689e68352895b1d1a195888d
global_step=220304 | return=19.33 | steps=66 | track=cb8b03a25df686ec518eb24ae97ea2b3
global_step=220384 | return=10.53 | steps=65 | track=68cf7ed5603a292f0094721ef27bf5a5
global_step=220528 | return=-96.20 | steps=131 | track=8d5b79faca50cc4f3580dcff1a99b635
global_step=220536 | return=-52.91 | steps=131 | track=cc48409f3ce5f6914ca81902e6801cc3
global_step=220704 | return=-21.62 | steps=49 | track=051665b2651c38c1e7f5d5cff98f3a22
global_step=220832 | return=-49.00 | steps=166 | track=7cd3aad0a3558fac7c8786822d89d155
global_step=220848 | return=-80.90 | steps=131 | track=26215e243d4f76f835e74ab42d99a2b0
global_step=220904 | return=52.10 | steps=64 | track=ce55efcceeb42b6c932147d69cd076f8
global_step=221120 | return=-91.57 | steps=131 | track=6ce4b0912b64a5615deb72eca1cefbc1
global_step=221184, SPS=51
global_step=221256 | return=6.31 | steps=158 | track=eb53ccdf5f8c02153ce4902e3e36ed9a
global_step=221584 | return=-81.71 | steps=131 | track=c965d5e35cbab35779ab381f0b6d4d2a
global_step=221592 | return=-88.91 | steps=131 | track=ca44eb6372c834fa2ca0ab8ff247dbb3
global_step=221712 | return=7.66 | steps=125 | track=0f83bb38d97c4f11c92f6dd100f4a2d0
global_step=221880 | return=-84.87 | steps=130 | track=03927f0bfb23e98bd7e51f5b1d2e0c9f
global_step=221904 | return=-87.02 | steps=131 | track=378c706948aac63365ccf9d825875e02
global_step=221968 | return=-93.04 | steps=132 | track=49bf467a490455134c3ed1e86fdc32d1
global_step=222168 | return=-88.95 | steps=130 | track=34d92494344acdcc53a073f66fff43b1
global_step=222312 | return=-97.87 | steps=131 | track=a8d908e8fad1b814e8fb1d048225a606
global_step=222632 | return=-82.09 | steps=130 | track=5691f3ebbeba0f3ba067273d53fad744
global_step=222640 | return=-93.18 | steps=130 | track=339a932c4c5072b3d0b956dc4e6cc035
global_step=222704 | return=-12.46 | steps=48 | track=c1064a545ed80985a6d1bc31adfc946d
global_step=222768 | return=-83.24 | steps=131 | track=77361f7915694eebcf317d479b29002a
global_step=222944 | return=-55.09 | steps=129 | track=e30ecf1ad544b9b919f8e696c9fb9c91
global_step=223192 | return=10.51 | steps=152 | track=a7f5bd88d7f07d2ef674d2ceb626fbd5
global_step=223224 | return=-86.50 | steps=131 | track=cc7419145469bad6295aa6ae41d5f6e3
global_step=223328 | return=-11.37 | steps=180 | track=1d8253f8873777793b05bdd319accf0d
global_step=223688 | return=-89.33 | steps=131 | track=b680b16f47cb1970b3a3d646c17a8fb9
global_step=223696 | return=-87.25 | steps=131 | track=90203310d1e31875f629f9ab421f53c4
global_step=223760 | return=-84.37 | steps=131 | track=5abcb35538301c5b3adba6da3a766003
global_step=223824 | return=-84.60 | steps=131 | track=4ec301808bea40c9ea3bf773d97b0f9b
