/home/UFAD/tcuevasmestanza/.conda/envs/racing/lib/python3.12/site-packages/tyro/_parsers.py:353: UserWarning: The field `track-seed` is annotated with type `<class 'int'>`, but the default value `None` has type `<class 'NoneType'>`. We'll try to handle this gracefully, but it may cause unexpected behavior.
  warnings.warn(message)
/home/UFAD/tcuevasmestanza/.conda/envs/racing/lib/python3.12/site-packages/tyro/_parsers.py:353: UserWarning: The field `wandb-entity` is annotated with type `<class 'str'>`, but the default value `None` has type `<class 'NoneType'>`. We'll try to handle this gracefully, but it may cause unexpected behavior.
  warnings.warn(message)
/home/UFAD/tcuevasmestanza/.conda/envs/racing/lib/python3.12/site-packages/tyro/_parsers.py:353: UserWarning: The field `target-kl` is annotated with type `<class 'float'>`, but the default value `None` has type `<class 'NoneType'>`. We'll try to handle this gracefully, but it may cause unexpected behavior.
  warnings.warn(message)
/home/UFAD/tcuevasmestanza/.conda/envs/racing/lib/python3.12/site-packages/tyro/_parsers.py:353: UserWarning: The field `resume-path` is annotated with type `<class 'str'>`, but the default value `None` has type `<class 'NoneType'>`. We'll try to handle this gracefully, but it may cause unexpected behavior.
  warnings.warn(message)
Experiment info saved → runs/adaptive_fps_track_aware_lstm/CarRacing_VarFramerate_WO_Time_Pen_fc_1.9_bud_180_04-08-14-41-58/info_settings.txt
Device: cpu
Navigation model path: experiments/navigation/CarRacing-v3__train__1__1785768450/final.pt
Env: CarRacing_VarFramerate_WO_Time_Pen  Wrapper: AdaptiveFPS_TrackAware_Wrapper
Navigation Model loaded on cpu
Navigation Model loaded on cpu
Navigation Model loaded on cpu
Navigation Model loaded on cpu
Navigation Model loaded on cpu
Navigation Model loaded on cpu
Navigation Model loaded on cpu
Navigation Model loaded on cpu
Navigation Model loaded on cpu
global_step=560 | return=44.84 | steps=70 | track=57baab59175e3add4e491dd035213973
global_step=1040 | return=-93.56 | steps=130 | track=ea9e461dc503a1ec4fe8f7c7e7415975
global_step=1040 | return=-97.78 | steps=130 | track=c5e251843eaa7867f5e001849cf8553d
global_step=1048 | return=-97.79 | steps=131 | track=513fbc7e2c33fac1e5742a8a035addfa
global_step=1048 | return=-91.81 | steps=131 | track=5edaa2bf978f091426672b4b5600652b
global_step=1048 | return=-83.84 | steps=131 | track=1e475533553baf03780812a06d19e959
global_step=1048 | return=-78.87 | steps=131 | track=38c463d2c18f9bbc48b332d985d7b246
global_step=1048 | return=-112.65 | steps=131 | track=a484cd53d0ddae9d55119426f5c1e06f
global_step=1272 | return=-103.80 | steps=88 | track=db44669ebb95799ff2c7daa61e836d6b
global_step=1792 | return=-84.94 | steps=92 | track=802650a3e88bf77a81861d3415b6a574
global_step=2096 | return=-99.81 | steps=131 | track=53b11e803fc98ff5d7ca313ad8afcd42
global_step=2104 | return=-90.90 | steps=131 | track=46c96673ce93e10a5c26f6fd07182e0a
global_step=2104 | return=-84.46 | steps=131 | track=2d51e1d1c321259099f435c5c5568e22
global_step=2104 | return=-100.20 | steps=131 | track=b22899d354c2d2c4189092c583854a71
global_step=2104 | return=-97.91 | steps=131 | track=2e878b58fdc4a56734957ad9939602a2
global_step=2328 | return=-96.20 | steps=131 | track=6c3aaa0fcea0cdff4e5039d5ae51f20d
global_step=2424 | return=-46.40 | steps=39 | track=03c5bb435c6d22a2dced019665e281c7
global_step=2744 | return=-34.83 | steps=212 | track=04529841414b93682258548d16cbeeb5
global_step=2840 | return=-104.96 | steps=130 | track=1ca25f4d9efa23d3ac96210349120291
global_step=3152 | return=-90.13 | steps=131 | track=1c4d04aa11cf313e27f3c3ff7c9ed279
global_step=3160 | return=-87.33 | steps=131 | track=a8644ed2073c97d75eb45380099a9f61
global_step=3160 | return=-91.30 | steps=131 | track=4dbbce161b2b2fd34c52cd1cc56444db
global_step=3328 | return=2.60 | steps=60 | track=d79644e8257d5cbea055d6310f7307c8
global_step=3376 | return=-72.71 | steps=130 | track=0130191fcc9544d2d29047e8d4c3a96e
global_step=3472 | return=-102.77 | steps=130 | track=2146426f8d219e393ea11159bcdc0d8e
global_step=3616 | return=23.67 | steps=188 | track=2e67fdfc4c82ae7a6e2df6342577773f
global_step=3800 | return=-89.91 | steps=131 | track=79023f12f21d17cc44210cf56479c977
global_step=4208 | return=-103.48 | steps=131 | track=8da0bfd1103b1cc6943f463c7d5e51c4
global_step=4216 | return=-106.82 | steps=131 | track=49c632e19d26efc3411d004973390b05
global_step=4216 | return=-68.53 | steps=131 | track=cc537f2466b1b51ccb500aad1d01a9e4
global_step=4384 | return=-80.85 | steps=131 | track=d7efcb7b96b4f9f1f18c0d60cda73c8d
global_step=4408 | return=-4.63 | steps=128 | track=13e5e0b0500a408e94dcb3e874cec5de
global_step=4656 | return=-55.68 | steps=129 | track=cd0fffaaba5e1228f17b74d3a4c773bf
global_step=4760 | return=-32.33 | steps=43 | track=655536992561e86d31023830ad7afa03
global_step=4832 | return=197.00 | steps=77 | track=c06871447d434a8c2680500fe7e8e313
global_step=4936 | return=44.91 | steps=89 | track=7ea14ad90043382d3bd66e503f443775
global_step=4992 | return=37.00 | steps=75 | track=643ca8e03467ef4366b203eaf4fb65d0
global_step=5008 | return=212.51 | steps=191 | track=af9410105f6e75e133642e510c16f8a7
global_step=5256 | return=4.57 | steps=61 | track=484d1c53320304473755eda359003251
global_step=5712 | return=-70.90 | steps=131 | track=b72214b8e0fbc6a1e845f6e5737ddc21
global_step=5872 | return=-32.25 | steps=258 | track=1ff920ae060389be00dbcb6f4dfb3bf2
global_step=5912 | return=-56.87 | steps=134 | track=6a89f56a7e8a9451433f817a73c1af36
global_step=5992 | return=-101.53 | steps=131 | track=a6168ecf0e8c1d5f763d2ba1e76dd3fb
global_step=6048 | return=-125.24 | steps=131 | track=127fa34a7b5750b19de3fc2c630a860d
global_step=6064 | return=-82.60 | steps=131 | track=39ebaf75537fea25fa83278ce737301e
global_step=6192 | return=-66.80 | steps=246 | track=a07f80923a2ad0cde460645b715ef437
global_step=6304 | return=-98.60 | steps=130 | track=7a2d2ad7d2727a7a58d7e8e142049e43
global_step=6344 | return=-27.23 | steps=43 | track=a61fc2f81776667f2a63f2e58bb0ec9a
global_step=6768 | return=-87.85 | steps=131 | track=70a56312804ba77516041240dc2cdac9
global_step=6928 | return=-84.58 | steps=131 | track=3d151f1fac8de3340d7e9a1f4ea1598c
global_step=6952 | return=-37.47 | steps=94 | track=4adddfa164d482254f0f0174b14e4338
global_step=6968 | return=-52.33 | steps=131 | track=5695ee8d042939746aed864f7db970eb
global_step=7096 | return=-87.37 | steps=130 | track=0ef426bf337446443e06e255d33660ed
global_step=7120 | return=-91.38 | steps=131 | track=dd1e894fdcf28f6bb302e50f2c4dacd8
global_step=7360 | return=-106.10 | steps=131 | track=37ad260f4d671e84b06c0992379b5548
global_step=7400 | return=-90.11 | steps=131 | track=759872c2d27711fb9ceda7e1fd30efc6
global_step=7816 | return=-74.08 | steps=105 | track=59abc716c31e176a6d9042affd154474
global_step=7944 | return=-34.95 | steps=146 | track=92a96e6ec1573618651be031560d7c30
global_step=7976 | return=-82.85 | steps=130 | track=448bd84db8ad1b621ac987f61da03760
global_step=8040 | return=-3.63 | steps=84 | track=49f01214496b1dbaaea0fbfbfaf8a835
global_step=8152 | return=-91.27 | steps=131 | track=69939b3fe337a42b0c6fd1f85602391e
global_step=8176 | return=-90.67 | steps=131 | track=f177fab2fad65f720b9a658d1b32bd11
global_step=8192, SPS=42
global_step=8456 | return=-77.53 | steps=131 | track=10e9472b024156fa89425f574939c65f
global_step=8528 | return=-47.75 | steps=46 | track=44d2dc52d624057e425558b79c81d0e7
global_step=8560 | return=-44.07 | steps=64 | track=db5e34333d259e98ba093297088ef53b
global_step=8800 | return=-62.30 | steps=42 | track=8bbd8637e006b4622de698f9614f8164
global_step=8872 | return=-89.91 | steps=131 | track=1d548a973acf498c81eeef5c2bc10f6a
global_step=9000 | return=-84.46 | steps=131 | track=12aee3c2be2dfba955d93414a1205106
global_step=9032 | return=-85.92 | steps=131 | track=9524c8c3b65eb00cc2a05f206e4b19bf
global_step=9176 | return=-80.55 | steps=277 | track=7f23681e90fa173afdb7f8983606ad95
global_step=9232 | return=-88.49 | steps=131 | track=08dd432e93191a9aa42bba73c8604ddb
global_step=9384 | return=-39.98 | steps=47 | track=0cc711f450a59351fc16919cc01f8d24
global_step=9512 | return=-12.75 | steps=59 | track=554732178f5f6d335741828b3c25f5f4
global_step=9584 | return=-86.85 | steps=131 | track=dc9bee1977cbe2f0a5a5c0bc34c4f6df
global_step=9616 | return=-114.07 | steps=131 | track=7e77dbb94f73ab67cdfc152823c11f21
global_step=9856 | return=-115.97 | steps=131 | track=49ef644a420fc14228c2a9f9e9524cdf
global_step=9880 | return=-20.17 | steps=45 | track=7544ee8476e3517d07a06be27b23da91
global_step=9928 | return=-84.87 | steps=131 | track=2741ad0b41eb617156d01686491a436a
global_step=10128 | return=27.17 | steps=63 | track=901082a5c7726f8b856ee40662bb1ef0
global_step=10288 | return=-106.14 | steps=131 | track=38fbdc68ef2f8b2ee6004bb1799d0c39
global_step=10424 | return=43.20 | steps=104 | track=91768f8b587fadd493d040752e48db33
global_step=10440 | return=-88.69 | steps=131 | track=2fabac54dc24a16e2e0668d5ecc76a11
global_step=10568 | return=-73.60 | steps=173 | track=9f55c2b53f9dd8142ca97ac78dc2cc02
global_step=10592 | return=-66.13 | steps=88 | track=821da88bafd8922a3bff1d2557e9d8dc
global_step=10912 | return=23.49 | steps=60 | track=d91de05bbcaa15c17b5513f8a1b27193
global_step=10912 | return=-93.71 | steps=131 | track=3f502d44c22e7c2bc577a2b24ad77375
global_step=10976 | return=-62.95 | steps=66 | track=e0780898c6e4dc5ee6206e3209d98316
global_step=10976 | return=-91.60 | steps=130 | track=9251fd8fe713195d514eb6a7c6abbc05
global_step=11184 | return=-102.48 | steps=131 | track=ffd7b6e7daa98186e938bd2855118714
global_step=11344 | return=-113.82 | steps=131 | track=2ab7529cb5bb6ee16b9356189294bc36
global_step=11560 | return=6.96 | steps=80 | track=bb9d9f528ec670a28cf01a8327ce4a3f
global_step=11624 | return=-96.38 | steps=131 | track=9e5d1ed49e7c4dbcc273fa09ac9dd54b
global_step=11648 | return=-88.26 | steps=131 | track=99e3f1469dbc3da177e6f560993a12f6
global_step=11968 | return=-92.80 | steps=131 | track=8844dcfb099ccc4b57a703e260167d9e
global_step=12024 | return=-56.29 | steps=130 | track=d1af83d627b505d7ad18e788a706e231
global_step=12072 | return=-60.39 | steps=136 | track=3aef27cce42dea1ab5e7ca550fc588d9
global_step=12392 | return=-108.10 | steps=130 | track=4f75c0f88ea9310f4757b9198e29f432
global_step=12472 | return=-90.60 | steps=160 | track=14f2899bdea101b4da3d643e1f5f9958
global_step=12616 | return=-87.10 | steps=131 | track=1da60b3aa16f8138914d91e681598eaa
global_step=12616 | return=-8.32 | steps=67 | track=5eed16f38ba63770674bf80665b91c04
global_step=12680 | return=-86.16 | steps=131 | track=9655f4820a9c6d7d5b63b16fe2b4a811
global_step=13024 | return=-90.53 | steps=131 | track=4aa45e41f7b42ee897ca348be62613d0
global_step=13080 | return=-106.33 | steps=131 | track=9bb0499fa0870cd933bc77b741fb1aa7
global_step=13176 | return=68.35 | steps=69 | track=60703e01e812d91d0b82abc3e270f0d2
global_step=13432 | return=-113.46 | steps=222 | track=321884295cf6497ec2ba512b9e0d13d7
global_step=13448 | return=-93.48 | steps=131 | track=34a05e1a60cc96cbe4b8a1bd2fe35cac
global_step=13520 | return=-99.68 | steps=130 | track=8a7ad3b41fb63204543d959354fe0793
global_step=13736 | return=-82.83 | steps=131 | track=26521ae877843dba802acfd8d71953c4
global_step=13912 | return=6.91 | steps=161 | track=16f53b80c47c9a2e9ecd8e5df7d7dcd7
global_step=14000 | return=47.01 | steps=68 | track=d7db29e6da9d787fabeb9d0d89700a06
global_step=14232 | return=-98.03 | steps=131 | track=87208bb9bad9327304df1b8db139e41e
global_step=14288 | return=17.28 | steps=157 | track=580d5f0cca0cb2906e7da308ad9d05a0
global_step=14408 | return=-16.74 | steps=110 | track=dfeddd3ef8c46f6762ccd4cc5ef081c0
global_step=14480 | return=-100.18 | steps=130 | track=a15fbc08bd96e4f835b7accc38ba5068
global_step=14576 | return=-48.56 | steps=186 | track=4c01a7b1d65a106d4defdb18efeb2e3a
global_step=14784 | return=-102.84 | steps=130 | track=16bc174efd1628259b5b4424ea0302bc
global_step=14968 | return=-38.25 | steps=91 | track=594a53108409a7547e1883306ac919e7
global_step=14968 | return=-96.50 | steps=131 | track=f0bc2f6db0331166a93c960cb5954321
global_step=15056 | return=-97.91 | steps=131 | track=3c97e6bc8a626ffc0ed9a416259ea8ec
global_step=15144 | return=-29.81 | steps=44 | track=eea6898681055936ff038ae4c925c75c
global_step=15152 | return=64.42 | steps=71 | track=d64aa2d715eaa350d0fc0b15455b9eed
global_step=15336 | return=-95.68 | steps=130 | track=8800fb762ed390e5109ab0c2521e8507
global_step=15464 | return=-101.51 | steps=131 | track=03f3bff310bb90517196ac56ee80475c
global_step=15504 | return=22.23 | steps=66 | track=4e8590c7eeafe5825bc42993e92cb09a
global_step=15528 | return=-84.66 | steps=130 | track=0a6b71532717f417346ed7730cd52d28
global_step=15648 | return=-13.09 | steps=73 | track=fc5b514d705c5662540e8f177a815f5f
global_step=16000 | return=-6.45 | steps=61 | track=8264aec543c461df15955ba602c6a736
global_step=16024 | return=-94.50 | steps=131 | track=d7e004b2da64499ffa3dd6e3d8109afc
global_step=16024 | return=-76.38 | steps=108 | track=7d746cf3bfaad75d814879e9667e0a88
global_step=16144 | return=32.40 | steps=76 | track=ddb01abb8c90898ce4bc4de5d092f675
global_step=16200 | return=-95.88 | steps=131 | track=aa84b944fe1f4f837d095e9c873fac44
global_step=16384 | return=-35.07 | steps=44 | track=f996ad434586c000c495edcee66d8851
global_step=16384 | return=-85.67 | steps=130 | track=ecf7971b01d39abb6eb9f084fc9a0f5e
global_step=16384, SPS=41
global_step=16512 | return=-91.80 | steps=130 | track=ebf5123dea1b32932ad6d1ef873f7b90
global_step=16584 | return=60.26 | steps=69 | track=bdd57c7f99b371ccddf0e8d270fb012b
global_step=16856 | return=36.92 | steps=81 | track=b61fbbfd4ca035818c2948cca2760cde
global_step=16904 | return=22.21 | steps=156 | track=5756d535e168ba4f77f41f01239e98e1
global_step=17056 | return=-87.76 | steps=131 | track=2cf033a3cdd8faaea7da8a9d1032319f
global_step=17208 | return=-95.45 | steps=132 | track=e27dd17f251bca1c9032842d9beccf3b
global_step=17440 | return=-103.26 | steps=131 | track=9cc4c8d996e71c884541a7d10308968f
global_step=17544 | return=58.57 | steps=85 | track=e78284ef898b8235ebd76da9ea170c19
global_step=17568 | return=-92.80 | steps=131 | track=6c330b5f1779a5f9ba5fdd841c174de1
global_step=17632 | return=-112.31 | steps=130 | track=006172466a26ac013c26254c42ed5f32
global_step=17816 | return=-44.26 | steps=46 | track=800f5431fbc773579412596e0ca61964
global_step=17896 | return=-106.13 | steps=188 | track=348f79770d5ac0636f402b31f1ee53c2
global_step=17992 | return=-27.20 | steps=55 | track=5d53910e1c903354c8533820b7e6f469
global_step=18072 | return=-74.52 | steps=107 | track=716398d2c3cf4a480d2470af69afd1c2
global_step=18112 | return=-104.95 | steps=131 | track=230753fa290cbe8ff0aafa5228d5fd5e
global_step=18152 | return=-18.48 | steps=64 | track=867637e4b633c0e6f8eade5d645f4e7c
global_step=18624 | return=-100.91 | steps=131 | track=69008c6cc0d097b55247fff151e00f82
global_step=18872 | return=-61.26 | steps=94 | track=3d6371d77bc6051a3a5970df9aaba5cd
global_step=18896 | return=119.61 | steps=248 | track=e617873b86a555b12dc708cbc3d91b04
global_step=18952 | return=-53.00 | steps=131 | track=1a672ed69afe1df2d4cb8af2bb7ec280
global_step=19048 | return=-88.90 | steps=131 | track=1ad07525880c2d0126429a0bd6a68173
global_step=19048 | return=21.89 | steps=153 | track=7b1aedb3875370d716a4b8e9ab8489c7
global_step=19208 | return=-91.22 | steps=131 | track=c7a78e29ef22c2f19c5967d86991d86b
global_step=19432 | return=30.10 | steps=66 | track=36a5345b87dc5acca38749f61832de4b
global_step=19672 | return=-86.38 | steps=130 | track=c0916fa8e91d66d137d4690d0b30ec91
global_step=19928 | return=-90.43 | steps=131 | track=3ec75488938635d72fb31d799b390b4b
global_step=19968 | return=-163.95 | steps=236 | track=bd15f928de938298ac2ecf21ba19b8dd
global_step=20008 | return=-92.29 | steps=131 | track=53a693fe99b8c3b3d3b7da7f6715a56c
global_step=20104 | return=-91.14 | steps=131 | track=36ca26437fba69498b366eb53663ea59
global_step=20104 | return=-91.87 | steps=131 | track=507fde34bc5d71369c412e9bed13e03a
global_step=20224 | return=26.41 | steps=68 | track=aa24dead8de1a6aad46ea1dfea7b6d90
global_step=20264 | return=-91.81 | steps=131 | track=ad09b5a35eec2a06a8e1fc2664010e2e
global_step=20488 | return=-91.13 | steps=131 | track=04131a46a4782281348bdafdefc3d048
global_step=20936 | return=72.99 | steps=115 | track=fb54cb96045c23f926fa320165f60ee6
global_step=20976 | return=24.65 | steps=88 | track=e15e6a6322238c85a63801ae78f2bcee
global_step=21176 | return=15.28 | steps=150 | track=df1589fc546b8c1cab41eb480a95849f
global_step=21256 | return=-100.40 | steps=128 | track=97c74b128ff1e308d802d67a64e1406c
global_step=21544 | return=-81.88 | steps=131 | track=66e4e37338652d01a65e2c42a6776929
global_step=21984 | return=-121.11 | steps=234 | track=ccabdddbb812be8c3545398485ccc477
global_step=21992 | return=-111.03 | steps=131 | track=c7c1ceddc15a484e9f603f226d4e2768
global_step=22120 | return=-83.53 | steps=273 | track=2607383e1ea757263bffbd09ea47ff9a
global_step=22224 | return=-96.62 | steps=130 | track=ea17cc2181b3f44a4b3c0ef9f3eae664
global_step=22312 | return=-100.91 | steps=131 | track=0af8a52c928ebf028983a0e899083ec1
global_step=22576 | return=-92.98 | steps=199 | track=bba257f60a4a368cc47827a061d3ad98
global_step=22648 | return=18.36 | steps=65 | track=a79e503a161f843c66063fe598398876
global_step=22680 | return=-87.77 | steps=141 | track=0ae9bd84f61f47a35ce831be52c48813
global_step=22688 | return=95.43 | steps=322 | track=69eccb8ed0e6576d2e2c7614758865af
global_step=23024 | return=-55.73 | steps=88 | track=7a55d56020c8757d004a5cc7062351ab
global_step=23040 | return=-107.89 | steps=131 | track=e42b80fd765c5653013551f4531c6aac
global_step=23048 | return=-91.21 | steps=131 | track=e5b0abd970eeac0d71ea12d47d7bb127
global_step=23400 | return=-70.53 | steps=89 | track=6e4610f76864c2cc90eff05c8e828d04
global_step=23464 | return=17.21 | steps=154 | track=8838aaaab395a83584b352dc8fe1b3d3
global_step=23624 | return=-105.27 | steps=130 | track=32f8c6e8ebeb7153745d132d41f4e992
global_step=23744 | return=-95.83 | steps=131 | track=bcec00af82ff4ac8a876c3cf1dc895ac
global_step=23816 | return=-30.37 | steps=145 | track=ef2d1276b1ba326f0a57a15a2dcd9705
global_step=23928 | return=42.58 | steps=65 | track=bdf56b4bc9d2a1f8ddc7fbbc8641fadc
global_step=24080 | return=-88.30 | steps=131 | track=578d9b22cb5fe0ed7f3eafc563cb1701
global_step=24096 | return=-106.41 | steps=131 | track=46772de2bbcc8d49c6dc79b558fa2338
global_step=24264 | return=-29.09 | steps=79 | track=4a6cee6a5a98f51c89517043c3ea6527
global_step=24576, SPS=41
global_step=24752 | return=137.98 | steps=212 | track=2f689b44a81ce52c3706d6581e37c0f8
global_step=24752 | return=59.80 | steps=60 | track=728aad9a5d5a55be2400ce1214754ea0
global_step=24800 | return=-102.44 | steps=131 | track=aab6c604808ce3e92a47f49791a7e7b5
global_step=25152 | return=-100.13 | steps=131 | track=fdc260882b11a1b904be89f08900ced0
global_step=25232 | return=-67.63 | steps=220 | track=581d30b39ca6cd24699cbfb0bf1c52bc
global_step=25232 | return=-85.50 | steps=176 | track=87d4b7545e56770235c216ddf010eae1
global_step=25576 | return=8.03 | steps=205 | track=32c627d7f03e034fb2e564e863e9b8f7
global_step=25808 | return=-90.80 | steps=131 | track=0ff6c0f46df14ab7eea8fc810d1d117a
global_step=25856 | return=-79.97 | steps=131 | track=5b69f70e23039fb02023015c84503507
global_step=25992 | return=-78.83 | steps=154 | track=c573d37ebf67f074f641d66be4596f75
global_step=26120 | return=-37.91 | steps=254 | track=6c975fda1199c0aaadae3007c100fd5d
global_step=26208 | return=-81.84 | steps=131 | track=fe9df78da9d8c4a49f3b6df9819d83fd
global_step=26288 | return=-69.46 | steps=131 | track=93b60f90561401dcef0b4cec16664461
global_step=26288 | return=-99.01 | steps=131 | track=2e2d1a49dba679fb317e172bc4d6a812
global_step=26632 | return=-89.24 | steps=131 | track=09ceaaf34d59aeed87e1e4d504007573
global_step=26832 | return=8.44 | steps=67 | track=3008be193c45372dfc36d33512e9b498
global_step=26856 | return=-90.91 | steps=130 | track=da1c6c689871cbbe1d8c4ba21a5596e5
global_step=27224 | return=-41.49 | steps=137 | track=c3966fb5ca6ec2aae5829d5724a8c70e
global_step=27256 | return=-24.31 | steps=49 | track=0b5d7ac6a9e512b78390c9ba3298ae5d
global_step=27264 | return=-106.06 | steps=131 | track=dace690d1a9521044439b741e17c037e
global_step=27272 | return=-22.12 | steps=176 | track=d8ee71e4794f87095eb0755c9e3c52e6
global_step=27344 | return=-102.97 | steps=131 | track=d6b01b9ecf4933466c99a178234e1e85
global_step=27616 | return=-44.72 | steps=42 | track=8143ba2d7d36d8a614fd2388d6f793cb
global_step=27680 | return=117.90 | steps=210 | track=4b78da0175fa05c125fcaed18d861b46
global_step=27680 | return=-103.39 | steps=130 | track=9f41d0030eed08cd2b4d0f07c60253d2
global_step=27776 | return=-68.26 | steps=53 | track=025f51ffae972a1918f55dfff2747522
global_step=27824 | return=86.46 | steps=69 | track=d4da19584752f07632603c0ded79a372
global_step=27888 | return=-103.21 | steps=131 | track=11c4658c265ec5f67517b1c65882f2d8
global_step=28192 | return=27.06 | steps=63 | track=e26f11b73e306fb1354da46ce1a74280
global_step=28272 | return=-101.31 | steps=130 | track=f1cccee5173b6860d42ff61be6dafd01
global_step=28312 | return=-81.40 | steps=131 | track=17f15bce12d7e89aed6be769b57b6191
global_step=28664 | return=-97.69 | steps=130 | track=13df85bf9d8dcec0521ff171497a1607
global_step=28688 | return=-72.26 | steps=61 | track=2910418a28ad12fcaf5b0bdeb469a24d
global_step=28736 | return=-97.76 | steps=131 | track=88f8373eb06527192e51a5de30ca1fea
global_step=28824 | return=-95.40 | steps=130 | track=7533901c319aafc490cbd76df11bb0fe
global_step=28880 | return=-88.06 | steps=131 | track=ecac57d5a4d708d2525f51f3adf24e7d
global_step=28936 | return=-58.80 | steps=130 | track=9cc9d19c7a1962237b1e3847a10ab7cf
global_step=29040 | return=-54.40 | steps=46 | track=1baed89ef08b52f804c8c89651510e56
global_step=29320 | return=-94.44 | steps=130 | track=442d2562ffd8ae88e890d28d6f40a6d1
global_step=29368 | return=-96.60 | steps=131 | track=0c6fcde1e77b4af068a823046826c1c1
global_step=29424 | return=45.04 | steps=67 | track=8d286eba1580c925a57f33ba4311c229
global_step=29664 | return=-80.24 | steps=104 | track=8429870b147f6f681659b0e449fcbc9c
global_step=29744 | return=-94.59 | steps=131 | track=d746b4742ce89a475a991bb154e4b060
global_step=29864 | return=-85.20 | steps=140 | track=71d20a242aa9dad053ed64f9a7f4597f
global_step=29928 | return=5.67 | steps=62 | track=eee323242611c6bfe740c4a475dd6236
global_step=29992 | return=-98.82 | steps=131 | track=96e870c71f4594082bfe8b241020e987
global_step=30088 | return=-99.72 | steps=130 | track=b5b59e74a4e6692a5b6a7c834d2f0b23
global_step=30176 | return=36.39 | steps=63 | track=915a16a0bef074c2267e7b2524945b92
global_step=30376 | return=-109.43 | steps=131 | track=be501b17251794b204272acae3dcf835
global_step=30424 | return=-89.90 | steps=131 | track=d65b11f95590bb3612e17605c7124b4d
global_step=30504 | return=29.51 | steps=63 | track=e01c97861cab361eb8710211725b4858
global_step=30632 | return=26.26 | steps=67 | track=c7194149ef8b8fc226efd8e041706e3c
global_step=30664 | return=7.62 | steps=60 | track=a6f01aa2aaf0ef47ddfbedd13344f3a2
global_step=30752 | return=-57.59 | steps=46 | track=0de12b681868a5f4660a60cb661ee01f
global_step=30800 | return=-95.64 | steps=131 | track=d8e04528e696d6220dde96374cb3c5ac
global_step=30920 | return=-93.51 | steps=131 | track=3d1ed0ba585ff845ebada9ed61c8257c
global_step=30960 | return=33.36 | steps=66 | track=a5e1d09307366fe03832a27162c8cc92
global_step=31032 | return=-18.94 | steps=45 | track=276876d533b1244fd5cf3730f64d2d31
global_step=31176 | return=4.29 | steps=46 | track=c47d13a66c2ced285d10f9a414999840
global_step=31552 | return=-20.06 | steps=46 | track=7239b2c9c7a8cb4764a570d3327c246d
global_step=31560 | return=-107.23 | steps=131 | track=0f362a7984925e33938bad19d6afc482
global_step=31640 | return=-89.94 | steps=125 | track=7c1fb84ae03485f22ec75a3d8a7da099
global_step=31904 | return=-20.82 | steps=43 | track=49321029d4268c27b823c0297f3a4fe0
global_step=31976 | return=-85.92 | steps=131 | track=025af2426a01c88245b1e913d0399ac5
global_step=32088 | return=-84.21 | steps=131 | track=eedbf80324f36793fa3fef778c41414c
global_step=32112 | return=-19.74 | steps=143 | track=b87fec7041c278e86e2fe5a7d5e2b731
global_step=32536 | return=19.16 | steps=222 | track=8198273330425ca3bab8d5d46cf50427
global_step=32696 | return=-91.00 | steps=131 | track=0655f28741d20a19eb79eff872d1214f
global_step=32712 | return=44.17 | steps=91 | track=be6a28914f741d6386526cf078eaeadb
global_step=32768, SPS=41
global_step=32952 | return=-124.89 | steps=377 | track=6b25942b690d4ac974027c3b294bd6fc
global_step=32960 | return=-100.40 | steps=131 | track=a669b18f21bede59bb0c4bf3fea07137
global_step=33056 | return=-30.71 | steps=42 | track=7e94d24eb13057a95aa53a6730a69baa
global_step=33144 | return=-82.97 | steps=131 | track=afd919c4b1687f8270e42683e3a391b5
global_step=33160 | return=-101.71 | steps=130 | track=855ae8523813476fc6d5cf99f41d5135
global_step=33208 | return=9.44 | steps=63 | track=cd4b74f33a8378c0c1f4a9304d9467ef
global_step=33592 | return=-77.49 | steps=131 | track=ba0c460f2763943550f13819ce2ddcf1
global_step=33752 | return=27.84 | steps=67 | track=58698671bb45b6ff2e346e104abf0ea4
global_step=34000 | return=-99.79 | steps=130 | track=807ec095d39a41050548671922da9ca7
global_step=34072 | return=-62.93 | steps=138 | track=8aaf3a4ee48bcf126c49198173c04706
global_step=34104 | return=-85.43 | steps=130 | track=78a7704d3cbe4f41dd07cf4c014bbd0e
global_step=34200 | return=-82.68 | steps=131 | track=c80955fe8a4bd515ad793ded64561cc0
global_step=34320 | return=-1.94 | steps=144 | track=2b66b79316da9dff80dcaf572d65087e
global_step=34376 | return=-132.31 | steps=351 | track=493983fa9f34880fd15b51a634183002
global_step=34528 | return=-42.49 | steps=56 | track=1f1c373ebf700faed446f41771702b42
global_step=34640 | return=62.82 | steps=66 | track=a8215c345146ec4a363072974dfe4a2f
global_step=34648 | return=-91.44 | steps=131 | track=b8900ddc8ffb6079c9d5ad1ce1440b2a
global_step=34760 | return=-44.79 | steps=69 | track=eed7ea0ce26371dd29e3e616aa83c36f
global_step=35048 | return=-109.39 | steps=130 | track=851564d7513ec3076337860d0dcef3f5
global_step=35152 | return=30.98 | steps=62 | track=f08361fd5ef3f55450367d4d2772c9bf
global_step=35248 | return=-52.35 | steps=186 | track=672e2f41e52b84dcc078e6ba23f708a8
global_step=35376 | return=-92.70 | steps=131 | track=309e1596e63a9e9dbebb006d788a2f12
global_step=35512 | return=-41.29 | steps=57 | track=af6ae79d805ffbd2fe0a00772e136052
global_step=35696 | return=-75.41 | steps=131 | track=1f5bc2c02aa047196fbeaee72ceabfdc
global_step=35752 | return=36.99 | steps=152 | track=89ef6ee75c56080998725fc3caf20a0b
global_step=35816 | return=-102.98 | steps=131 | track=9a4942d0cd48bac2a1985a4955d3dd86
global_step=36192 | return=71.88 | steps=226 | track=a16882e14825b84f5d19bcc4d32cc32a
global_step=36208 | return=-95.16 | steps=131 | track=7d9f3eb86e56ea0477f93634cff56c0f
global_step=36288 | return=-78.41 | steps=129 | track=afe413d611a3c0fb12c40f0768337698
global_step=36528 | return=-36.17 | steps=143 | track=49cbb6141d8440681cd9fea7f97a5166
global_step=36568 | return=-98.30 | steps=131 | track=599eec8b83d6c8ddd9fba178c9f3ae0c
global_step=36872 | return=-93.55 | steps=131 | track=040c8a73a76a339abbcf42bbe117b0b4
global_step=36968 | return=-5.21 | steps=49 | track=98708f03ea264a58aab12e66698dc309
global_step=37000 | return=5.29 | steps=155 | track=df45bc42cc7a80f96fba445c66af306b
global_step=37032 | return=6.37 | steps=62 | track=d3656e96380ba52fbd05003c8d9ef687
global_step=37048 | return=-80.91 | steps=94 | track=939cb5d52b12aacfd6f46dfab3e4575d
global_step=37224 | return=93.18 | steps=190 | track=3980d9747010d6bf723e38d7337bf892
global_step=37240 | return=-89.24 | steps=130 | track=3b45662f6b96be7d9cc586730d604c8b
global_step=37432 | return=26.89 | steps=152 | track=00a957ae7ec8236c587b69d21ff26d56
global_step=37536 | return=3.92 | steps=60 | track=a41373226cfdfc5c928c5f8c4e74a3e7
global_step=37720 | return=1.50 | steps=61 | track=2e71f2fe74b657a723bcd01e27cc6d1b
global_step=37928 | return=-99.99 | steps=131 | track=72f9a07becd37e7b523161af46d3f8f0
global_step=38024 | return=-116.80 | steps=131 | track=fab19626cec8cbfb519e1263077a692a
global_step=38056 | return=-98.28 | steps=131 | track=87ea001308ca53c14f7cea90edab90e8
global_step=38072 | return=59.29 | steps=66 | track=a490c32a9770e146a65ff4ae88633a59
global_step=38088 | return=-89.00 | steps=131 | track=23fd181635240179baf721ee304c2b1d
global_step=38248 | return=45.96 | steps=65 | track=2b8dd0d3c30800015d2b05560f16bdd6
global_step=38288 | return=-62.63 | steps=130 | track=b6c78310fc905db84c7921e71f05a9c9
global_step=38488 | return=-97.54 | steps=131 | track=4b9f9f12ce44dec08ab0e7a6b8afd84a
global_step=38984 | return=-94.50 | steps=131 | track=94de6177e58be4870f83f8e3a9635ca5
global_step=39080 | return=-87.10 | steps=131 | track=3d5bfdd3d0c1731321e9bc28989ed45c
global_step=39104 | return=-100.49 | steps=130 | track=ac5c652a9f86031972138dd44a1b7936
global_step=39128 | return=-98.82 | steps=131 | track=55dc4ac6ca651afac98af1c940034226
global_step=39144 | return=-79.50 | steps=131 | track=e17ccfadcab31ff0a8af01798cf8bb94
global_step=39304 | return=-96.60 | steps=131 | track=bc605d932f5eb412338b5915e1962466
global_step=39320 | return=-41.47 | steps=41 | track=91e2d98a6b2674d8d099606a84ce5ae7
global_step=39344 | return=-93.03 | steps=131 | track=21bc6433a4c88dd5cc49e079ed8ec25b
global_step=39408 | return=-50.47 | steps=40 | track=0083ae9ce4add3e9d279a9888e8351a8
global_step=39544 | return=-86.77 | steps=131 | track=019a055c3d9586c90d3a25a3c5a0a224
global_step=40160 | return=-87.81 | steps=131 | track=3aebc7809e31dd7aa93de079e7941274
global_step=40176 | return=-109.32 | steps=130 | track=dedfd5319a3c78450706cfb60ce890a9
global_step=40200 | return=-98.60 | steps=131 | track=9bdfb202b833b94c4a66aa81b9bccf55
global_step=40376 | return=-103.21 | steps=131 | track=9724cb840ce225f1f17fb8fac58f6c4a
global_step=40552 | return=-12.87 | steps=150 | track=33a0cf98f565282dd50a97432c4cbba7
global_step=40760 | return=-48.75 | steps=168 | track=e7eef19c970720a7fea6a1129c0156e6
global_step=40792 | return=-15.54 | steps=76 | track=624aa2fbb890344f890739a43d7bd32c
global_step=40960, SPS=40
global_step=41048 | return=-48.82 | steps=61 | track=7bdf7503a0dc345f9e222c0b182bd565
global_step=41216 | return=-84.20 | steps=131 | track=be89dad4bc8a7d7f1251e34b5e9b5145
global_step=41224 | return=-108.30 | steps=239 | track=782104d49c19e6f94c3caba5ee2d45e5
global_step=41616 | return=-67.06 | steps=102 | track=a2625edd7f0f6d2876eedb2a61d9acc4
global_step=41624 | return=-78.55 | steps=259 | track=fd815e047976b8f5336f1213b18aa862
global_step=41808 | return=-92.92 | steps=130 | track=d630f06ecc1af7a795222a1c19914854
global_step=42008 | return=-56.23 | steps=203 | track=aa930a275cb5b06381686494c95ce325
global_step=42024 | return=-73.48 | steps=99 | track=a846c90044f549c289c4ddc46a1cfbb1
global_step=42104 | return=-98.50 | steps=131 | track=ae60d523c62ff573ebf3895a1d493f72
global_step=42264 | return=36.87 | steps=80 | track=ee7b898bf3a1825ee350719940583433
global_step=42312 | return=-55.17 | steps=136 | track=35d7bfb5184242e72604d24774c84071
global_step=42528 | return=18.49 | steps=64 | track=3381218b5a8819dccc43087a437e6271
global_step=42664 | return=-133.11 | steps=307 | track=7936c7a50cf2cae8b0e4621f384ba84c
global_step=42680 | return=-91.00 | steps=131 | track=dc4d203850138989b91c1939f5688b9f
global_step=42704 | return=-14.46 | steps=111 | track=215f3bf062dc49958705b429827a6674
global_step=42760 | return=-4.36 | steps=61 | track=261bc0fa24e9871bac81b34a5ea6b722
global_step=42984 | return=-37.24 | steps=56 | track=7b06206201aeecc346abe98dae781b3c
global_step=43080 | return=-95.83 | steps=131 | track=b511ffad4d8ee1435e2ae1e29f568bc9
global_step=43128 | return=-18.47 | steps=45 | track=4b3aaa439c2e7652b2159b0c6ff46ddc
global_step=43160 | return=-90.11 | steps=131 | track=533d91ed71ab16ee01d2f8ab7bb1e7ae
global_step=43160 | return=-5.96 | steps=61 | track=abd39c21eb16026a993d18e90b5100cc
global_step=43368 | return=-80.50 | steps=131 | track=1c1bee6f7ab42f4c17e853251ce2bb72
global_step=43736 | return=-94.11 | steps=131 | track=237928c68f26debe93aaed736b95217b
global_step=43760 | return=-87.10 | steps=131 | track=688d8ba4c4a6087b5e5e0d3932bcff0b
global_step=43872 | return=-64.09 | steps=88 | track=fbdade61ec857d1d71fc4c1580549376
global_step=43952 | return=-68.20 | steps=102 | track=237abb74ecc24fab1d021d5e26d2740e
global_step=44040 | return=-95.03 | steps=131 | track=42870e85aaa828878658758dde1e945c
global_step=44136 | return=-80.78 | steps=131 | track=30696f7361ffa86beb95a2abdde8bd68
global_step=44216 | return=-66.99 | steps=131 | track=5219577bda5e1ae15ba9446f576a11c5
global_step=44424 | return=-86.99 | steps=131 | track=98e1b07ae453500314610a4e5a6d30fd
global_step=44552 | return=-20.29 | steps=63 | track=a62e261293e10b480a426df5bf3989cc
global_step=44816 | return=-95.81 | steps=131 | track=cbb3adf53462f4c7cfd6dba38666bbd5
global_step=44856 | return=2.91 | steps=139 | track=0c43a9f6a2d21aa0cb1ac779d74c1d90
global_step=44928 | return=-87.81 | steps=131 | track=574aa06a5e92ff7544f2f274d67d3816
global_step=45008 | return=-89.91 | steps=131 | track=e4b41206865049c2c2dff20702a320f5
global_step=45104 | return=-89.38 | steps=110 | track=1c7b804542025f42f7b9841f9d63074c
global_step=45192 | return=-88.89 | steps=131 | track=4daafcf0f2304b156db1806871609ece
global_step=45384 | return=27.24 | steps=65 | track=48bdb5e177c7ca52dcd7a810474ab6f5
global_step=45472 | return=-51.81 | steps=130 | track=77cefe2d4e368eb96365e05f20fb1034
global_step=45608 | return=-56.60 | steps=131 | track=98a7091ec9c0e24e96b1bf5ca8771a11
global_step=45696 | return=-4.72 | steps=62 | track=64fc233acb3bcfe74e6f64cf459120d9
global_step=45744 | return=-38.68 | steps=44 | track=30bd2512b46c090ec6e318cd57af7fa0
global_step=45792 | return=71.24 | steps=107 | track=771dbac88b3af21f137ff7dcd4c5675c
global_step=45880 | return=-93.57 | steps=132 | track=069d5933c1372eef75b8bbbd70cb73b1
global_step=46064 | return=-98.70 | steps=131 | track=8dc74bc916d9a24ca1b17cd7b27b741f
global_step=46160 | return=-62.36 | steps=131 | track=576b07a234a7c04d7b8c2e09350d009a
global_step=46288 | return=3.18 | steps=61 | track=89943cbc4f6cb19986532009f8d65df8
global_step=46528 | return=-100.64 | steps=131 | track=2bdeab939f59a1d3fda06272d8039dde
global_step=46664 | return=-108.72 | steps=131 | track=89e6b269541cd214f6cefc5083a3abee
global_step=46744 | return=-93.27 | steps=130 | track=4df61089d555d0780093275d7b768f15
global_step=46800 | return=-100.30 | steps=131 | track=3c4d6377f9f5f238d857bad4f3317d63
global_step=46864 | return=59.94 | steps=71 | track=1dd02944ee49688eda7f59b1a6000dfd
global_step=46928 | return=-92.70 | steps=130 | track=eb56f877ecaa31e282a5d1fef358e2a8
global_step=47112 | return=-92.92 | steps=130 | track=b0606e154c3f3df78949ab3ca7324043
global_step=47192 | return=-23.85 | steps=48 | track=d415721a1d6e4e5f89a42dd2c07891af
global_step=47216 | return=-97.71 | steps=131 | track=700e447f516daecc8ba4202583ceb040
global_step=47576 | return=-91.41 | steps=130 | track=34a66f6ea663d713f47676237ea0f17a
global_step=47712 | return=-94.80 | steps=130 | track=44290d368b7f8c876ce33156a9433d6d
global_step=47976 | return=-100.67 | steps=130 | track=2f31a83e737428ca37d7b6ebd01b223a
global_step=48056 | return=-77.73 | steps=104 | track=457288f5a9cf4b7f35adcbac19effe4c
global_step=48120 | return=6.34 | steps=156 | track=984afad950e4f8f7cbab827bb43a710b
global_step=48176 | return=-93.48 | steps=132 | track=622e1ef94af1edaa2cd7827974db8215
global_step=48248 | return=-80.46 | steps=131 | track=e824828f63c4208332dd2ef33e363c34
global_step=48576 | return=-77.58 | steps=228 | track=4d5a6419139b1794ede6a98c7ec4ae93
global_step=48592 | return=-46.20 | steps=42 | track=36eb641701acf7ba23cd3b0684070a3a
global_step=48632 | return=-93.91 | steps=131 | track=4ef15c62c31ac511dad122068710bf21
global_step=48768 | return=-95.41 | steps=131 | track=986f8aa0d22791df1b44ca5f178605b9
global_step=49024 | return=-103.68 | steps=130 | track=2965279223f5d7df654f4681eaa5f871
global_step=49112 | return=-90.43 | steps=131 | track=aeeb38c3b14f80bad6f7f4da9fb0e4c2
global_step=49120 | return=35.27 | steps=67 | track=c76e2d316f82245ad118494028c280a5
global_step=49128 | return=41.71 | steps=66 | track=782419858917f715e26371c78fb07836
global_step=49152, SPS=40
global_step=49176 | return=-92.80 | steps=131 | track=f4c68939faa2603415bc58beacd0b2a6
global_step=49232 | return=-89.96 | steps=131 | track=cb5d35f4bc077b076a64ef1e6040a9e3
global_step=49600 | return=-43.12 | steps=58 | track=1fc26e2a980f81caf27134a4189c4eee
global_step=49688 | return=-83.07 | steps=114 | track=7b12546a5cfd822b6a7e17f12cc780cc
global_step=49688 | return=-88.75 | steps=131 | track=aaf92c341f6c0d25911c89d3092d52de
global_step=50080 | return=-90.43 | steps=131 | track=7a3762ef6f70b96e0a85e7cbe2ca6aeb
global_step=50168 | return=-102.44 | steps=131 | track=08a39c2bd0bfd7149637f6c3ebd82c6c
global_step=50168 | return=65.41 | steps=70 | track=8decaf099058dd0cb9f44b4c0b562456
global_step=50176 | return=-87.34 | steps=131 | track=e8c4e04483b79dabdc7aad4af019c375
global_step=50232 | return=25.97 | steps=67 | track=3f221e568afe02d7198b0484ffb89df2
global_step=50232 | return=-81.40 | steps=131 | track=92a338cee9fc67d0c9c52fb077a994f4
global_step=50288 | return=-116.56 | steps=131 | track=3f61ba7f676d1168aad145fe02c5e36b
global_step=50528 | return=-78.16 | steps=104 | track=417b8a7d3806a6c9ef9ffbbb1567c43f
global_step=50624 | return=-43.87 | steps=67 | track=6419c113f732bae4900ed4d74b38878e
global_step=50688 | return=13.15 | steps=63 | track=4d411b5eca766bf882c37b6f9eb399b9
global_step=50920 | return=-46.50 | steps=93 | track=736f04895507861f4fd80439fd11c570
global_step=51072 | return=-39.60 | steps=67 | track=acc6f17704bfd547f7190aa2b26dcb4b
global_step=51224 | return=-91.86 | steps=131 | track=ddc04f2fc4e78209ba3bab5711ed9559
global_step=51280 | return=-98.08 | steps=130 | track=1ba25e6e8f3a9fe475743267d317462d
global_step=51288 | return=-96.29 | steps=131 | track=ee40d2192bd2825429dd36d75d06ef7a
global_step=51336 | return=43.45 | steps=88 | track=27b416986e199921abf1887a7b173c20
global_step=51344 | return=-89.66 | steps=131 | track=8107804be48e57d45957ec6911d9cc3c
global_step=51744 | return=-80.70 | steps=131 | track=7ac4151203fe99c6f2a730abb3b98b6b
global_step=51896 | return=58.06 | steps=68 | track=2abf089ca39794cd1e0d4eb671dbc1d2
global_step=51904 | return=8.29 | steps=70 | track=2f822088bdb3abf1cc23997f4077b647
global_step=51976 | return=-97.35 | steps=131 | track=9f5e1c6ecd2a13084d9ceb7c7e764dc2
global_step=52080 | return=8.08 | steps=106 | track=ee33c06a4bc16e00419d0c80a6d850d8
global_step=52128 | return=-45.86 | steps=131 | track=78418c563d1373bf578f0c145b702590
global_step=52328 | return=-80.72 | steps=130 | track=940aa0e7bb53d176f9c9fdadad4e2fa8
global_step=52344 | return=-84.95 | steps=131 | track=de32e726033bff35339a620df7b44e69
global_step=52544 | return=8.73 | steps=80 | track=d1bccdad1ab58eba91e85daa4279c559
global_step=52560 | return=-33.44 | steps=72 | track=fbd986919a84627f798ee8fe035f7a16
global_step=52840 | return=-3.31 | steps=61 | track=89eccbfdb750aa5230eb48cb3398b362
global_step=53080 | return=20.63 | steps=64 | track=ffb206678b6abfb3ed880562227b53de
global_step=53112 | return=-108.75 | steps=128 | track=0d9f7ff0431186e2e550557e9ab125be
global_step=53184 | return=-38.75 | steps=131 | track=c36c13627c6fd36d37e8447c7600e4c6
global_step=53352 | return=10.74 | steps=63 | track=b75050ab84946caf10bcba53e81d027f
global_step=53384 | return=-104.87 | steps=131 | track=98bc132bac5fc73d61e0036051b97575
global_step=53432 | return=-54.11 | steps=110 | track=0e8574b1b77e56c7406c247eb75214d4
global_step=53584 | return=-116.29 | steps=209 | track=5bbb95bbeaa0deac73618595a3d2b8ac
global_step=53656 | return=-84.43 | steps=71 | track=484b08c4d1bfe3794563829d779c1363
global_step=53704 | return=-36.70 | steps=244 | track=9a05de0ac27b9c8bafa1bbe4c94ec50a
global_step=53808 | return=-51.97 | steps=46 | track=3401c12c065b6775902a199954fac5fb
global_step=54168 | return=-50.60 | steps=131 | track=1341ce9c0e0154bc4bac8f73e266c526
global_step=54232 | return=-81.01 | steps=130 | track=9f098cbb51184cf2c3d95cb90d0c51bf
global_step=54376 | return=-86.34 | steps=98 | track=71490be048542a5fa6080c12098d30b4
global_step=54432 | return=-90.92 | steps=130 | track=285a4fd47c8a62c56f4733385c9a2b8a
global_step=54528 | return=95.90 | steps=102 | track=c6007856c1548d0cdc2a451e7e2325fe
global_step=54560 | return=-26.69 | steps=150 | track=839c2ece4efc11cc140e55cf8184cea3
global_step=54600 | return=-48.49 | steps=98 | track=e46fbcdf4738effb324f74b6df866130
global_step=54712 | return=-118.61 | steps=131 | track=23c6ec3e16f6c7898a4da19cfe0a7008
global_step=55232 | return=22.49 | steps=64 | track=c13689ea0f0fd5ec62e9325af863e855
global_step=55400 | return=9.18 | steps=153 | track=d3f0168a2b98261be7eb971dd5da0595
global_step=55432 | return=-112.30 | steps=131 | track=1aee7feebf958157e02af805ed2cc0a2
global_step=55488 | return=-90.79 | steps=131 | track=e963361fe64ad1c267f3281c0deb0907
global_step=55584 | return=-96.40 | steps=131 | track=09ae2c4c491097f0be95142b247580a4
global_step=55600 | return=-23.96 | steps=45 | track=8563ffd2aebf217e4c24d08c6994d570
global_step=55608 | return=-88.46 | steps=130 | track=10dd9aeacf5de797be9dad5eda46d20e
global_step=55656 | return=-96.29 | steps=131 | track=ba6b87896648b9d62e8b25e2da0bb92e
global_step=55952 | return=26.46 | steps=64 | track=f2db51bbd74c4d13de963ca8cb2582f9
global_step=56112 | return=-58.97 | steps=234 | track=2f5a17cf5ecc02976db7042365142961
global_step=56136 | return=-33.75 | steps=68 | track=c5ebb9d9eeb95920c79a61138b246f01
global_step=56544 | return=-86.16 | steps=131 | track=d601d3817d3e1541c24744382ac504e7
global_step=56712 | return=-112.17 | steps=131 | track=3034c5b765c8338c6ddac6f4f4cb39de
global_step=56824 | return=10.61 | steps=152 | track=ad3ad343f05f999afd5e665c66042344
global_step=56936 | return=-75.60 | steps=165 | track=281d01bd9b533cdda232fe86efe72f56
global_step=57000 | return=-87.97 | steps=130 | track=23a8a62a6bc35afdde2715781591877c
global_step=57168 | return=-91.87 | steps=131 | track=2b3bab2456aaef13987d9aba59e6d36c
global_step=57192 | return=-94.45 | steps=131 | track=cb2636ec52035a9f4e57c89cb8d3f03b
global_step=57344, SPS=40
global_step=57472 | return=39.74 | steps=66 | track=78e9bf26fb4d22f3997f37ac86fff56d
global_step=57544 | return=33.01 | steps=67 | track=cc2e734f41cf068715ca4f49b9b7969f
global_step=57600 | return=-101.58 | steps=131 | track=0ff6bb2166806a48fe049b05f52bb403
global_step=57720 | return=-125.81 | steps=289 | track=517b7130b11ce06074c6d678ab5dbf38
global_step=57768 | return=-87.30 | steps=131 | track=a637741387f13dba85e3c0c7c61ec797
global_step=57880 | return=-85.88 | steps=131 | track=1a8e31918744bc2dd816cbbcb39a3a8a
global_step=58016 | return=38.45 | steps=67 | track=ca48ae026dfbc8ce9890db2168ca3a50
global_step=58032 | return=-76.36 | steps=104 | track=2f57f7be2ae159925b5f16880931aaaa
global_step=58232 | return=-92.26 | steps=132 | track=5c5f0b8b186fe551ad3f0d15bff8d93c
global_step=58600 | return=-81.79 | steps=131 | track=430462960341a65689e5213e1e07f965
global_step=58656 | return=-98.30 | steps=131 | track=788ee74f25733bd94841ac56b40feac3
global_step=58744 | return=21.15 | steps=63 | track=8305eabcf1a292157c4afd82b2a3cfd4
global_step=58776 | return=-90.16 | steps=131 | track=ed4a127af94ded61557d93a6992822a7
global_step=58824 | return=-95.83 | steps=131 | track=f0ebac5883533538e7526918e791f5cf
global_step=58936 | return=-83.78 | steps=131 | track=7c10d8ed479b059e1e002112303bf7ed
global_step=59088 | return=-93.28 | steps=131 | track=4dcb29a0a1417ad334ee015b6ec9c7b8
global_step=59344 | return=51.25 | steps=70 | track=2f5ccc2992c66be3a0b68daad31127f4
global_step=59656 | return=-95.64 | steps=131 | track=dfbd6f5c8f960278a225a037995374ff
global_step=59712 | return=-82.96 | steps=131 | track=ff55fb835b4921a05d5bddcefa76cc60
global_step=59792 | return=-86.79 | steps=130 | track=b14b79febacfcc88f16b87f7d3205714
global_step=59880 | return=-93.26 | steps=131 | track=0b84580b45ae880e296700b9884371db
global_step=59992 | return=-52.07 | steps=41 | track=cf7ca4807fa062fc4dded396121209a3
global_step=60112 | return=-48.58 | steps=95 | track=394c74a3220369614da0820ea462ba72
global_step=60136 | return=-99.64 | steps=130 | track=f32544a807ad405db0282d2550497e0b
global_step=60288 | return=-44.10 | steps=283 | track=458704e2717212b4952e5d3a8d30c76d
global_step=60736 | return=-6.16 | steps=106 | track=f78d028e215ba073614a6e396e698242
global_step=60768 | return=-97.51 | steps=131 | track=1a2f7c994cd905cbf3b2c19d547719da
global_step=60816 | return=-61.82 | steps=102 | track=e54f4a2d76146df3e620d6751d7fdcbc
global_step=60912 | return=10.51 | steps=77 | track=04f9060c725570d4d2925cd012679ef8
global_step=61008 | return=-18.14 | steps=258 | track=32a26f05e445e710d2c563bfb5a0e81d
global_step=61168 | return=-97.42 | steps=131 | track=abb246192c253eae1e9d12b2465a9932
global_step=61280 | return=-115.47 | steps=185 | track=cfeb56f36000e97dcccc3e4590636a3b
global_step=61304 | return=-58.00 | steps=145 | track=f452772c2a3f67270be1e7c043ca46c9
global_step=61632 | return=-65.16 | steps=89 | track=d053c3310945e5a96f11e9fa473df412
global_step=61784 | return=-93.07 | steps=130 | track=db69b7f15719da118c27e9cffc347767
global_step=61816 | return=-104.53 | steps=130 | track=242f51ace70297188015ba167730d889
global_step=61856 | return=48.44 | steps=68 | track=bb583616dcc2186990bbee94b00c924f
global_step=61872 | return=-98.60 | steps=131 | track=3f201feacc8150ed91016bb1f96c0b75
global_step=62064 | return=-89.23 | steps=131 | track=175639ec71e14ed3043d31f43d94bcc0
global_step=62336 | return=-96.91 | steps=131 | track=4f3625b810a12b0b5a15aad130633209
global_step=62344 | return=8.30 | steps=69 | track=511814992855f2ee0ee090eae9a58d2d
global_step=62480 | return=18.59 | steps=163 | track=cc7ac9542c77f6b10123973cc3d4e426
global_step=62864 | return=22.04 | steps=153 | track=442bd1d45014e65c644325f2d00e4fa5
global_step=62872 | return=-97.95 | steps=131 | track=eee0da7a3c566aaea4ddba71eba97eac
global_step=62912 | return=-79.80 | steps=131 | track=c3dda26548772de558e412ca712e02d3
global_step=62920 | return=-84.00 | steps=130 | track=45e437fe521c5de06838c76e37ceb002
global_step=63120 | return=-84.04 | steps=131 | track=54bcba08ffd16a270c3960573c26cfd8
global_step=63392 | return=-86.40 | steps=131 | track=f49a0839aa4a262d17068eca88989ef3
global_step=63400 | return=-83.30 | steps=131 | track=7527706ad9d3d576cec8604a75e6cf0f
global_step=63536 | return=-91.38 | steps=131 | track=8b403e17f91c6c8c93c4ee3e09fd2d7b
global_step=63632 | return=-71.44 | steps=89 | track=80f9249d2a8ea125b8129ec4f433d47a
global_step=63784 | return=1.82 | steps=82 | track=c1dbfc6823f49c280dacf557684d0863
global_step=63920 | return=-97.50 | steps=130 | track=5bbd28db2a15d302cf92019d5a1c8126
global_step=63920 | return=-94.11 | steps=131 | track=ea145b77b27c58e1d2724ba617c6a401
global_step=63976 | return=-113.97 | steps=131 | track=409bf01b2d3ea5252cf01e47fbb4eccd
global_step=64072 | return=21.31 | steps=84 | track=6036960dd0a5777c66d2084552625107
global_step=64144 | return=-37.11 | steps=92 | track=3d0ff04fb17efa01986973c7d3c6b0d8
global_step=64296 | return=-45.38 | steps=46 | track=c791c529cefa5531f79ba6ad1921dac1
global_step=64688 | return=-93.48 | steps=131 | track=22c4a3f3c75e7a8d758341cff5a188c5
global_step=64832 | return=-85.67 | steps=130 | track=39645bcbbda0a52f7bf767f1c6e8ef28
global_step=64888 | return=68.27 | steps=168 | track=5d4981b3f30a76c3130bcfd1a6c26f85
global_step=64968 | return=-94.59 | steps=130 | track=d882afd57c83115dd05969beb482c579
global_step=65032 | return=-83.19 | steps=131 | track=f97b74917785be4aadb5d35bf40161dd
global_step=65144 | return=-55.36 | steps=133 | track=f7924bfdfbc7ffc08c82e2b1d611bb4f
global_step=65336 | return=5.80 | steps=62 | track=1712678f60388621c5c59415f33f55bc
global_step=65376 | return=-36.61 | steps=153 | track=64c1bbcf58ccd31353ac3a709240f82f
global_step=65536, SPS=40
global_step=65744 | return=-90.20 | steps=131 | track=6ad796b5e597f89386516cf421e75f6c
global_step=65800 | return=-60.68 | steps=81 | track=6fd19dc43293f79da1b00578b3510aee
global_step=65944 | return=-86.47 | steps=131 | track=2bd493dfea3fd6c2e94aacfaec05aa2b
global_step=65960 | return=-73.03 | steps=207 | track=b456ae6a8d16cec963dbf1f165975a62
global_step=66016 | return=-85.22 | steps=130 | track=24f55ef0850133744c68086b3857538d
global_step=66088 | return=-79.66 | steps=131 | track=22cbc1e7d3e15ecbfe58fe02c1452009
global_step=66248 | return=-71.31 | steps=108 | track=1d8319943d772c8ada617564ad077fce
global_step=66288 | return=-97.31 | steps=118 | track=a8396e65baaadfa3fb08d96e453ddc71
global_step=66336 | return=8.69 | steps=66 | track=d01186cbf6f8b2a553bccd9a6ba0dbac
global_step=66464 | return=0.20 | steps=62 | track=ba26d394c6c4603308876cdff0306efe
global_step=66800 | return=-83.07 | steps=131 | track=266479b553a3d7c03d01a96ebfa12929
global_step=67000 | return=-94.37 | steps=131 | track=25467fc680faae8bdbed9901940dfaa9
global_step=67072 | return=-80.66 | steps=131 | track=28c1c1f586e1483a6cad677989c75ddf
global_step=67216 | return=-71.26 | steps=140 | track=a8fb49d8c9e3de26912f959cae230929
global_step=67296 | return=-104.92 | steps=130 | track=dfbc3dfb4bff835a7cb2c501468f0de9
global_step=67336 | return=-46.40 | steps=130 | track=0bab3a9a215f5e1dc6596c003c7f913e
global_step=67392 | return=-94.93 | steps=131 | track=7d034de52cd5e306930aadeca2f86460
global_step=67504 | return=0.92 | steps=62 | track=fa9e09d8fe536ad653749914cae80e14
global_step=67520 | return=-82.06 | steps=131 | track=df314d2d5eb5c715df06c1ea46e1dbd3
global_step=67784 | return=-113.30 | steps=88 | track=36e41b69fae556861915047ea4b4d7fa
global_step=67888 | return=7.94 | steps=135 | track=7a77d7b6dc715bdfc1a0f4cd09fd61d5
global_step=68272 | return=-96.70 | steps=131 | track=731f1796508d8ce3c1cf8bdbe4271914
global_step=68448 | return=-79.37 | steps=131 | track=0d1b55d49119d6ce9f914d11a7e87897
global_step=68560 | return=-86.38 | steps=131 | track=bbc64a6bb065b2bf6d6dd35b0951e505
global_step=68576 | return=-87.28 | steps=131 | track=7e4d3ef4dd05b90c2ffeb7cdd02841e4
global_step=68944 | return=27.60 | steps=61 | track=f60f6a08ac0951384df91c7b5a4b1a02
global_step=68952 | return=-96.37 | steps=132 | track=30b91f4067ec566b5c6cef06dee4d9bb
global_step=69056 | return=-5.99 | steps=61 | track=4469de1528770b721433087c0b44a617
global_step=69264 | return=-20.02 | steps=240 | track=cfc6b8572e7bbd677601e3ae02c0fb4e
global_step=69280 | return=-57.55 | steps=41 | track=a42910fc82d42a5ae6383e0ffce99a72
global_step=69328 | return=-93.91 | steps=131 | track=71f3cba9ae9f55ed0d8d154f9aca3849
global_step=69520 | return=-36.57 | steps=277 | track=9a0b72364e80a0f1671c1e7e54ad717d
global_step=69576 | return=14.49 | steps=64 | track=cef7fd3ccbd126be02cc3f1940fafbe9
global_step=69624 | return=-37.11 | steps=42 | track=96f2f18c0105dc05842a130838f08e77
global_step=69624 | return=-19.37 | steps=229 | track=09453677a3c79d241f89519aa1420baa
global_step=69632 | return=-108.91 | steps=131 | track=64b7d43fa291a053e55841a0c8524862
global_step=69784 | return=-0.60 | steps=64 | track=2d58fe6a3f0046794198e91d097d5aad
global_step=70008 | return=-85.44 | steps=131 | track=5db8005d98a232a1fcf7e1682478328d
global_step=70384 | return=-95.67 | steps=131 | track=72d32c4dbd17a509b5fb00a132a4e3c3
global_step=70568 | return=-94.38 | steps=130 | track=187ac121e839d4d193b553777cabd6be
global_step=70632 | return=-96.27 | steps=131 | track=57d3699a8c1a53d79108631a78100ef1
global_step=70680 | return=-89.91 | steps=131 | track=dd4030ad1fddced836ea7c92bfd557ff
global_step=70688 | return=-81.13 | steps=131 | track=a33570764f4b38b7e3f6690f9c52d19a
global_step=70840 | return=-87.34 | steps=131 | track=4ca326a735a1d76f0324d5b6cade1f1e
global_step=70864 | return=23.64 | steps=154 | track=9ff3f40898df5ac9ee3eb0c99f746844
global_step=71064 | return=-91.21 | steps=131 | track=f76c5a7bebd699289d83f394620e6b87
global_step=71128 | return=43.67 | steps=69 | track=6fa99d06a8203e391fe74b80a14e648a
global_step=71400 | return=19.38 | steps=66 | track=bbe86f1e1116ac9fdcb300b4778a9c55
global_step=71432 | return=-92.58 | steps=130 | track=ceb3bac6679583a39bb3a41ef5b13e6c
global_step=71728 | return=-87.46 | steps=130 | track=503f05509d23a44535e6e1e4b9443927
global_step=71744 | return=-81.27 | steps=131 | track=d5e3499f2078e6849d21f33c569ac56a
global_step=71888 | return=-103.27 | steps=130 | track=9b898ef58cba426062a379e74f1b9fd7
global_step=72000 | return=-17.47 | steps=74 | track=2b26b00bfaf5bac78c3229710479f10b
global_step=72120 | return=-90.80 | steps=131 | track=67a0b64958401650927bbba9783cd219
global_step=72184 | return=-82.40 | steps=131 | track=4bbe0d36940f11ca8e260a7261be4bf9
global_step=72272 | return=29.97 | steps=65 | track=7c0ef4370ae448870d47e9690a1b29d1
global_step=72936 | return=-98.95 | steps=130 | track=f0ab529e06acf295e42bc05dacde6d30
global_step=72976 | return=30.21 | steps=192 | track=867cb0c312741f3d31e1b9402f4e737a
global_step=73048 | return=-90.68 | steps=130 | track=8d2d6a066305a60836c2a68519e87305
global_step=73168 | return=-93.70 | steps=130 | track=96d2dad726a8f82dd6bc4cebab5ec6e5
global_step=73240 | return=-101.48 | steps=131 | track=e1a76d694998f9cf58a4391f0a67754d
global_step=73328 | return=-85.13 | steps=131 | track=91abdd7d2423ea87156d1834be3ac001
global_step=73632 | return=-32.91 | steps=237 | track=612ccff5597e8d72719ef82cd3d1cfe3
global_step=73664 | return=-0.92 | steps=61 | track=7950cd16db6e72322d9c6b0ed2fd841c
global_step=73728, SPS=40
global_step=73760 | return=16.53 | steps=64 | track=e0a961864ea0af81ecefafc355aec8a9
global_step=73992 | return=-96.05 | steps=131 | track=601b2ece8e19e8e43948ecd651927dc7
global_step=74032 | return=-82.81 | steps=131 | track=83b85b1d515c0072ec7d31f16d080fa7
global_step=74168 | return=31.17 | steps=66 | track=1a817545e716e4323bf4a512e408884e
global_step=74376 | return=-115.95 | steps=130 | track=8d2ac67d6cb3611510c3394769882baf
global_step=74720 | return=-99.81 | steps=131 | track=43317777109a763decf038a1dcfbdf6b
global_step=74728 | return=19.92 | steps=69 | track=6586b185cbf9841b3d1eff10b0088477
global_step=74808 | return=-75.38 | steps=96 | track=a5f0f27a89aa2b2db39d1879edd74c8c
global_step=74984 | return=22.67 | steps=152 | track=cbc4bb1e06fb03cee75c6e646070cb64
global_step=75032 | return=207.68 | steps=247 | track=2a960e6c49066cffce9b142fe308d334
global_step=75048 | return=-13.57 | steps=131 | track=2d0697f207a4f3b8a631631d3f96df56
global_step=75304 | return=-9.22 | steps=71 | track=4a9670c5f984b7311eac547a9ac5d712
global_step=75440 | return=-46.66 | steps=89 | track=3df6e4d4e1c98307cf57d49ac3d7c3f0
global_step=75616 | return=30.41 | steps=154 | track=51894391cf439d8ebd1e9319368808e6
global_step=75632 | return=-71.51 | steps=102 | track=03973f807b91d04b357979265e78ed19
global_step=76040 | return=-87.25 | steps=131 | track=0a90a4e9187b46a936a56ec56ff23a01
global_step=76072 | return=-34.65 | steps=54 | track=6d392e1cd61d9740fdf94e5e71e7bcfd
global_step=76088 | return=-85.20 | steps=131 | track=2541891cd35dfc96e2e9032123285fa4
global_step=76176 | return=-45.06 | steps=91 | track=93fe5cfe5f18f0e39e2d3ad506821f55
global_step=76224 | return=-41.37 | steps=146 | track=2f83bbf450a5843b3d7df0bad05bee3b
global_step=76360 | return=-91.84 | steps=131 | track=1ed903434081fcff5f622b2d6ae3a865
global_step=76464 | return=-11.87 | steps=46 | track=0172af62105c68fd337da6825588d635
global_step=76664 | return=-94.16 | steps=130 | track=c5d9ecf41ca87944dbe6b276b2ead6c5
global_step=76768 | return=35.56 | steps=67 | track=2473b8968370d44bbbfed8213f683b2a
global_step=77128 | return=-73.80 | steps=131 | track=41050806b9717c68fec4e8c4e6de0386
global_step=77152 | return=-44.11 | steps=138 | track=b5d0d8a6298777bd7356c2af829f1775
global_step=77160 | return=-73.66 | steps=815 | track=3c61ed2ae0b0bace0337ca54092354ef
global_step=77232 | return=-83.74 | steps=131 | track=3aacf033b69fe264214b836f80b150a9
global_step=77408 | return=-97.32 | steps=130 | track=eba767ad068a9117a9e65438dab84c11
global_step=77440 | return=38.92 | steps=83 | track=91bf4a4c9d18108c32516c0f2d8b3f6d
global_step=77520 | return=-85.43 | steps=131 | track=ffca2258a94b57afdc80476bc16e6a4d
global_step=77704 | return=49.59 | steps=67 | track=27e353872942e0a367dd273f5aa70b8a
global_step=77728 | return=-94.80 | steps=132 | track=b9c3828fbf76a928b8dcbc5372b9df19
global_step=78104 | return=32.63 | steps=82 | track=dd7e3dddfb16be9b096b000020a5a253
global_step=78176 | return=-100.84 | steps=130 | track=17bfcacbcb54a0a5ea5940d8b25fc03b
global_step=78208 | return=-88.01 | steps=131 | track=c63358d2a5783742e8b67fb3565afadb
global_step=78416 | return=-82.57 | steps=147 | track=0d7b8da7792441251a277bd3275d56d1
global_step=78464 | return=-82.40 | steps=131 | track=a29836f79463c224a458503a4c63c238
global_step=78568 | return=-100.30 | steps=130 | track=f2a6b9e53b6e9daaf60e6161fb40a391
global_step=78688 | return=-3.45 | steps=59 | track=c2f841229203e6d6c8b2f253afd32785
global_step=78760 | return=-86.85 | steps=131 | track=3a494f630f55d76b689ee1b254a5c56a
global_step=78784 | return=-85.94 | steps=131 | track=eff0ed35fbcf3e5c089338fc62615f0b
global_step=79048 | return=-14.06 | steps=44 | track=9744f7c8d077791a0a4c874f1e8f2c40
global_step=79160 | return=-82.67 | steps=131 | track=fa405e886d6d92b45e2863fc894c412d
global_step=79520 | return=-87.30 | steps=131 | track=0c4d99f5fc8a9a997598c80f6ee2c9af
global_step=79576 | return=-32.04 | steps=174 | track=95728dab0c49a63e4adff4ab5ff27bec
global_step=79616 | return=-65.56 | steps=130 | track=db10e010af0b421f5815a1db48669044
global_step=79648 | return=0.50 | steps=153 | track=72d99ab405da140c35c7f85509d05f51
global_step=79816 | return=-99.17 | steps=131 | track=df15fc6ceb311502eb53de5764b55f39
global_step=79928 | return=-50.77 | steps=142 | track=ca35d0191ad9528ba46f38a147ffd43c
global_step=80104 | return=-97.71 | steps=131 | track=7c5b5c283a49b86d2bb40e994c103225
global_step=80208 | return=-93.04 | steps=130 | track=3c34ef48f0db70291e25c7ea0cfc561a
global_step=80544 | return=-7.35 | steps=120 | track=0eb8fac0714c364041285347b8229b52
global_step=80576 | return=-18.78 | steps=131 | track=f6f77cde87fd0cfa2a7c230e32f34b8b
global_step=80664 | return=-75.60 | steps=130 | track=3db60fd208419ac105f7e438d749545c
global_step=80696 | return=-80.72 | steps=130 | track=379e212b82d7c7692e381f91b3036ffb
global_step=80728 | return=20.69 | steps=64 | track=e6bbac31cf24df2b7ec53b080193d170
global_step=80984 | return=-92.10 | steps=131 | track=9551e5ef31c51b533ee287c45ea1dc82
global_step=81032 | return=12.83 | steps=151 | track=c7accfd55530ffa797e53f2372de250a
global_step=81048 | return=4.82 | steps=62 | track=0be25719da5594d9220eebdc052c8147
global_step=81160 | return=-98.68 | steps=131 | track=ab921d434f9479a098b4098d5e761a8a
global_step=81200 | return=12.45 | steps=62 | track=aed388c811d9bc33620224b7c5353e09
global_step=81504 | return=51.58 | steps=64 | track=854a28383ae5912239d5d9ff57c5508d
global_step=81624 | return=-93.04 | steps=130 | track=fd2024ceb748cd9c2ec9598d9e2bd7d6
global_step=81688 | return=-12.34 | steps=60 | track=eb025c9ab3d015e69f7d329ce44c6027
global_step=81776 | return=-95.42 | steps=130 | track=985afa121bf3c34c8846e40c3ec9bdaf
global_step=81904 | return=17.21 | steps=154 | track=ed8ce6f4ffbaab44f7ba0e53c943f2b9
global_step=81920, SPS=40
global_step=82104 | return=-79.08 | steps=131 | track=59bd92c39760cea5428822cce8ca4b06
global_step=82216 | return=-92.70 | steps=131 | track=345231dd0777a9c079d26da099947d4b
global_step=82304 | return=-65.66 | steps=158 | track=0760d8bd267ade22598c441e5d41c62b
global_step=82368 | return=-88.92 | steps=92 | track=f86a92c0b191740346e787a4d345cccd
global_step=82472 | return=8.47 | steps=86 | track=2bfad6892b17fd627f44106796ac6619
global_step=82512 | return=-50.16 | steps=102 | track=cb6ca1444e9810e4cc49559931adb385
global_step=82560 | return=-120.53 | steps=131 | track=86b1fc0032beb1c43c3c5d5635a63455
global_step=82560 | return=-44.50 | steps=42 | track=957dd9d9dd64d5e1b287857c84a19a3a
global_step=82616 | return=26.08 | steps=63 | track=2fba01e2f31b2162768e1cc4416382fd
global_step=82864 | return=-44.09 | steps=43 | track=40ca49afd1131de5941a7e5022ecad55
global_step=82960 | return=-90.70 | steps=131 | track=a6ecb25b9f9702de9aa50218772d6d3e
global_step=83160 | return=-89.13 | steps=98 | track=da77778b929b48f2aa8a203ea106ba14
global_step=83360 | return=-86.73 | steps=131 | track=22f3169cae96e50f1c77880b507567b1
global_step=83528 | return=-104.00 | steps=131 | track=8d231013df63e4cfff9a8a7747f40ba3
global_step=83608 | return=-97.51 | steps=130 | track=3b30e7083fe2ea3b88fa88d3ef72c58f
global_step=83616 | return=-90.18 | steps=131 | track=9c30ca028993763e3363bee33408f45d
global_step=83664 | return=-97.98 | steps=130 | track=8d48e43e46b8fbb0d902e493901bd615
global_step=84016 | return=-91.05 | steps=131 | track=e90706a2edf6f92e01ff17bb038e50c9
global_step=84208 | return=-85.32 | steps=130 | track=25ab2cd9073676671938833a9971a354
global_step=84248 | return=-72.77 | steps=110 | track=e6e358fee863a4158f6df0cdc26a21b4
global_step=84400 | return=-78.31 | steps=97 | track=61d1561fc379ec482b2439eab6e70dbf
global_step=84456 | return=10.23 | steps=54 | track=7f5c167a1af8be9d7a55992295ed5110
global_step=84480 | return=-129.87 | steps=201 | track=f170135a764e369a58f8ef1b820ee994
global_step=84584 | return=-103.79 | steps=131 | track=40486d769c1788234074023d970de4da
global_step=84664 | return=-91.23 | steps=131 | track=b6ad7029d820a75f6dbfd881c703f4f5
global_step=84728 | return=-88.67 | steps=132 | track=d9a2486c721d13b25362a9e3af2419e4
global_step=84824 | return=26.65 | steps=76 | track=4aff94a2352706f48b7e43564f6c99c6
global_step=85208 | return=6.21 | steps=93 | track=2cca9ad6316b58ffb6d4c3f77470a36a
global_step=85456 | return=-106.42 | steps=131 | track=535580d519741b7add09403181498147
global_step=85528 | return=-96.29 | steps=130 | track=761244a650ff27ece37c495401768de3
global_step=85600 | return=-82.36 | steps=108 | track=302977b38044673c020c9abb59661dcc
global_step=85712 | return=-94.02 | steps=130 | track=fa7e49cddf5cdbf0a9e8fed3a55717fe
global_step=85792 | return=150.07 | steps=192 | track=dcb3a3b637d6937c58b39c9ccd9a90d1
global_step=85880 | return=-103.27 | steps=131 | track=8afa64d29250bfbce7dcece571320757
global_step=86512 | return=-95.01 | steps=131 | track=1bcc0e3c2a9fec79bede8a6e20af0c4c
global_step=86568 | return=-31.97 | steps=247 | track=36bae96756e8953aa15726c48cd1390f
global_step=86576 | return=-92.55 | steps=130 | track=5cf1438511949f155fc6a1b3f9121496
global_step=86656 | return=-82.97 | steps=131 | track=5184c451296714789d0c0702d653b8d8
global_step=86768 | return=-91.00 | steps=131 | track=c8733347b7b6d32df0151beff6bdf483
global_step=86848 | return=-86.90 | steps=131 | track=d6fc72d5a609adf2a34784e6f4c0e30c
global_step=86864 | return=-134.95 | steps=206 | track=37807781e2613783e1a85d5cb77b7e7a
global_step=86904 | return=-56.72 | steps=40 | track=c6aec31a693f9e3430977993109cba32
global_step=86936 | return=-84.95 | steps=131 | track=5d6320233927f2dc12cc696a7886f205
global_step=87344 | return=16.25 | steps=61 | track=2c08b11cbc65b35c6d47a38c8dabcb03
global_step=87624 | return=-106.64 | steps=131 | track=0aa1f70636edbdb9fa7d236da40d60c4
global_step=87656 | return=-82.58 | steps=110 | track=e2a8857f0cb17f2644a90e74644e5b12
global_step=87656 | return=-34.14 | steps=98 | track=12d32db7c70dc7783546c738dc850270
global_step=87712 | return=-98.39 | steps=131 | track=122ffede91a6081bd0cbff45aeabcbee
global_step=87968 | return=-85.20 | steps=132 | track=be16a7478bfabf792c504fa1910295a7
global_step=88096 | return=-33.43 | steps=144 | track=de3bb42303df5a2eec7676d9b939785b
global_step=88144 | return=-6.59 | steps=60 | track=f958399f5de858cc3623b82ed381851b
global_step=88224 | return=19.82 | steps=70 | track=3821c5da8496e009525c3b781d91267e
global_step=88400 | return=-94.34 | steps=131 | track=f2c587aede6f5def624fe07a7b3f99a7
global_step=88488 | return=33.98 | steps=64 | track=8ae542804d63e02b3f9d4d8c6a376a03
global_step=88880 | return=-62.53 | steps=145 | track=16e94f883809ca3a05e1fd1a06c03489
global_step=89152 | return=-95.55 | steps=131 | track=b65a96686be6813f38ccda5e5f502b16
global_step=89160 | return=-1.19 | steps=94 | track=58449f677dfadc3c8f4db9068e48a8fa
global_step=89200 | return=-83.03 | steps=131 | track=929b78b2000580dcb3d3b57a46f5a367
global_step=89312 | return=257.61 | steps=349 | track=390f2d9a1691ef0030e4a40e5186e0af
global_step=89544 | return=-94.84 | steps=131 | track=6e1e005a91e34c9295f146dbe2ccf315
global_step=89680 | return=21.01 | steps=64 | track=8169070d1441d63297748f4994dc6763
global_step=89744 | return=14.80 | steps=67 | track=1a1c9c5f0b9182b1e431f3d9af6c273c
global_step=89848 | return=29.35 | steps=66 | track=c455928d0a302b2fd0fb16514d485bd6
global_step=89928 | return=-99.26 | steps=130 | track=486c1b00098bf0c85b027f3c252e7189
global_step=89928 | return=130.75 | steps=287 | track=9c2af718db79a5e6b3fbc5a6be6431c3
global_step=90080 | return=38.78 | steps=66 | track=5eb7cdfc629f5912db381dce4aed915e
global_step=90104 | return=-53.29 | steps=234 | track=53c0dc889f3abb07d364a87851330273
global_step=90112, SPS=40
global_step=90208 | return=-89.23 | steps=131 | track=f2d8d0b85fb69e10a4653680133b6553
global_step=90280 | return=39.21 | steps=66 | track=2d33edd6e8f04e5e042884baf715776d
global_step=90440 | return=18.04 | steps=63 | track=cd5c2f8cf9bb9433b0161e9fee03e08b
global_step=90736 | return=-85.86 | steps=131 | track=1cf3f78107c1f47e125e656244e62d43
global_step=90904 | return=-110.88 | steps=131 | track=745e2301c5d5cd6a6acd4abb2e3a066f
global_step=90976 | return=-88.78 | steps=130 | track=96b97c17af914e43f394c88260dbe05c
global_step=91264 | return=-85.40 | steps=131 | track=75e6d4e9b6b8eb52fd07e5ec9a3f3519
global_step=91328 | return=-88.78 | steps=130 | track=2c09ff0c2be31cf85e96fdea83a2ba08
global_step=91344 | return=34.91 | steps=154 | track=f9c7f32f3e860f7c185bf301bdf66fc4
global_step=91400 | return=-6.13 | steps=61 | track=c5244d71f0a14ee56ca4e6010a5efc47
global_step=91496 | return=-85.35 | steps=131 | track=74e9f1941f8673d301b962fdef971d03
global_step=91608 | return=101.14 | steps=190 | track=55a6d1ed7ceb69744261a15ebae9e8d0
global_step=91792 | return=-91.81 | steps=131 | track=c3f6201f03dce481918d3208b2742c52
global_step=91856 | return=-76.58 | steps=109 | track=6902b5aee476074b5f01649801750d34
global_step=92064 | return=-67.04 | steps=89 | track=82f03ed353437ee7f2c550468b1edcdd
global_step=92216 | return=-71.40 | steps=101 | track=52c7da3b6c8a4037a75d7428b402f664
global_step=92320 | return=-91.00 | steps=131 | track=888d85937dfaa1b0d0bb190dcb1ea731
global_step=92368 | return=-32.85 | steps=108 | track=9b78548e010921c9fe68caa7f8637b8b
global_step=92384 | return=-95.26 | steps=131 | track=e794a6857990d9dc6a66630f01a53256
global_step=92576 | return=-85.33 | steps=89 | track=01d7b8d150edb8e6b3c6f5812f788712
global_step=92664 | return=-80.66 | steps=131 | track=aea7d69649fe9c834688c3e7676da0ef
global_step=92848 | return=-97.51 | steps=131 | track=e4dd561781c633cdd7b642ffd9b907a8
global_step=92928 | return=-36.53 | steps=107 | track=8e6583edbc95f5afdf463b345bc0f594
global_step=92960 | return=-4.37 | steps=47 | track=b3de3496ef1a46b045cb0537497dd71e
global_step=93040 | return=-73.91 | steps=102 | track=fb9a79e652f16bf09c8fa217c5b6db82
global_step=93112 | return=-40.99 | steps=92 | track=c1f34bb32ff93517ef183c5bd520aaf0
global_step=93200 | return=-74.65 | steps=101 | track=53c05a06a342ab56ab8a48c539ad79b3
global_step=93368 | return=-91.82 | steps=130 | track=0c2f1d8aa11b0c4ce53a837159864258
global_step=93520 | return=31.03 | steps=73 | track=ae971af2807e06d5d04fa22594b914a3
global_step=93720 | return=-93.34 | steps=131 | track=e0dae7f8d4dd944f9467ee27e190b5f8
global_step=93752 | return=-58.03 | steps=88 | track=d220262f960b93d0d4524d396cc8ae4c
global_step=93904 | return=-91.23 | steps=131 | track=11a29de84efb31e7378eba701ac67f80
global_step=94008 | return=-99.59 | steps=130 | track=7672bc4a1413788e68f14636a8fc0d3c
global_step=94056 | return=-36.86 | steps=41 | track=61a7e6daa687533e8b105b229aae105d
global_step=94128 | return=-49.71 | steps=46 | track=01cbf41e995b281d12230d5fb44ecfd0
global_step=94128 | return=18.12 | steps=94 | track=4d517eb37ad022ec2405e93c11c454b0
global_step=94256 | return=-95.44 | steps=131 | track=676467b34765717e338159a95ce7cf38
global_step=94576 | return=-73.80 | steps=131 | track=12f924b4325eae5791ba8b46a05fffac
global_step=94888 | return=-17.40 | steps=221 | track=a277a78d32be38c8450fa99dfcb3fdff
global_step=94960 | return=-97.51 | steps=131 | track=8959b9e724eeb6197fd47c180b1bfdf1
global_step=95056 | return=-98.77 | steps=130 | track=1c65c17f2302e03ef5a021fd308b001e
global_step=95112 | return=-57.51 | steps=131 | track=81911d1d1550e25d09c5b98e088da51d
global_step=95184 | return=-88.75 | steps=131 | track=1362572ae67e9cc9af125b4195ea502d
global_step=95184 | return=-88.45 | steps=131 | track=1eeed86ce4d3a961d054365a52214030
global_step=95312 | return=-88.53 | steps=131 | track=fb030d226b5a2dec951fd0d9b99e49a6
global_step=95632 | return=-73.09 | steps=131 | track=4d301816de785f2d49860946b98eb722
global_step=95656 | return=-15.95 | steps=74 | track=9c5e674e8ac8c6b49ee1120159f9d224
global_step=95936 | return=-54.59 | steps=130 | track=e0a81a9fbb34a60e7377ed343e2d910e
global_step=96152 | return=19.80 | steps=64 | track=bacf336edfff44a739bdb1a781c7ac6b
global_step=96168 | return=-97.80 | steps=131 | track=a5dfb0743d2c7c8e25b4c0faa1890da1
global_step=96192 | return=-57.98 | steps=66 | track=f1e95864c2c1723313451f0f6742b6b0
global_step=96232 | return=-79.48 | steps=158 | track=2ada0fb493cce7ea12208af5ebac0238
global_step=96240 | return=-109.89 | steps=131 | track=547b287baabfe1140a8860a0a298ee5d
global_step=96240 | return=-88.75 | steps=131 | track=4b8f1b8f837e8933ebce7c3850333237
global_step=96368 | return=-89.33 | steps=131 | track=c6f6d02649b81b774a1a5e6649543b86
global_step=96744 | return=-29.84 | steps=68 | track=8dd3ba1f150a5da1877a885f42a4919e
global_step=96992 | return=-93.28 | steps=131 | track=87348dfab6ac2c6c071e796442e2beae
global_step=97208 | return=-79.80 | steps=131 | track=0bfcfda88350540c337cf0736de951c7
global_step=97296 | return=-93.13 | steps=131 | track=cd79754659680178feea0880caf927e0
global_step=97304 | return=27.85 | steps=133 | track=e202c9108aa8bf3034cf92d0e37a1076
global_step=97360 | return=-16.23 | steps=148 | track=35b5dfbcbf6f7f3f0475d8b235fd9e47
global_step=97592 | return=0.03 | steps=152 | track=4722470e0259edf4892e0740cf5483d2
global_step=97640 | return=-57.70 | steps=174 | track=955f9d275621ff4012ce7d890097f99d
global_step=98176 | return=-28.80 | steps=108 | track=d67be346951875667793fedb0d7de41e
global_step=98240 | return=35.03 | steps=155 | track=3fb449b11f7a2ecb378b588e85f157f0
global_step=98264 | return=-108.75 | steps=131 | track=a679e3d0d36d86d58838d50c298643ce
global_step=98304, SPS=40
global_step=98352 | return=-88.45 | steps=131 | track=0b824eb93481b8a5a5edb1ad791fb7af
global_step=98416 | return=-103.26 | steps=131 | track=1e7bdcb7fe8ab4fdac4a4bece50ea630
global_step=98640 | return=-23.97 | steps=49 | track=7c08b17b8649d03324621d53054aba31
global_step=98648 | return=-104.01 | steps=131 | track=054802f4e0b70118454f105d5f938143
global_step=98696 | return=-89.33 | steps=131 | track=ccfc1243fae8d3f51b71f77986aab566
global_step=98784 | return=53.42 | steps=254 | track=a0b1e98aaf8178cfb4df75d4523741c5
global_step=98792 | return=41.93 | steps=65 | track=425149669ba36759a1b1459628e8db90
global_step=99136 | return=-82.76 | steps=89 | track=403eabb5623829e7059202f6f4cf5335
global_step=99232 | return=-91.23 | steps=131 | track=cf2feadf7f4e81d291b1f08b04066522
global_step=99384 | return=-36.17 | steps=92 | track=1ce1036a27a86c24fc53accaa62d2aae
global_step=99400 | return=-93.10 | steps=130 | track=652d2c76ab168908c87f0864fffda1ed
global_step=99816 | return=-9.45 | steps=145 | track=8a58379f779ad0a3d828320b7c4aea16
global_step=99824 | return=-59.46 | steps=129 | track=e64f05c34e0071a7fce5fc13131f8580
global_step=99848 | return=-90.35 | steps=131 | track=b2bc214ca6e263967f8aa2c16552a43b
global_step=100184 | return=-103.59 | steps=130 | track=43ed7ce7d36a2c41a937ba9b0f2d57ce
global_step=100288 | return=-95.41 | steps=131 | track=cb509535516edab45932cb24250e5b7b
global_step=100432 | return=-121.57 | steps=130 | track=1413cd582e16f434c7e99fd388f4b51c
global_step=100456 | return=-90.13 | steps=131 | track=dbf5618fccf110b66602affcb8315321
global_step=100856 | return=207.82 | steps=269 | track=d69355d26ff577b2d8709cb2c7f6b16d
global_step=100872 | return=-56.49 | steps=131 | track=47302947920b8efa16004501ed6a8720
global_step=100872 | return=-98.77 | steps=130 | track=decfb46894a33702fdb25ff2da853a5d
global_step=101240 | return=-96.09 | steps=131 | track=03e0547b940761470b2098851e08ee03
global_step=101336 | return=-83.93 | steps=130 | track=c0ccfb6cac7d943e7665e6159c49ebb3
global_step=101488 | return=-96.91 | steps=131 | track=7df6b0008564d488641057de84199cfb
global_step=101512 | return=-84.50 | steps=131 | track=7af5255c3e1c46c3257b96657838741c
global_step=101696 | return=-73.50 | steps=102 | track=31d784180de1cdc1b1ccb603fa3b8f3c
global_step=101800 | return=-53.84 | steps=243 | track=d3e32ba7b2776697cae90c0bbc1e83d6
global_step=101904 | return=-84.00 | steps=130 | track=ac9ff5dd2777f438b93cf8e6a695799b
global_step=101928 | return=-89.00 | steps=131 | track=2fc09a3de4cead5f5714c29a07050ba5
global_step=102184 | return=-38.92 | steps=47 | track=d404bfb1f2340da77d8c4445e3568390
global_step=102392 | return=-93.20 | steps=131 | track=263b117230451b0464441cd64a944d03
global_step=102496 | return=-93.10 | steps=156 | track=758b52edd03e34c9f3985acbfd8e2945
global_step=102536 | return=-84.23 | steps=130 | track=7bd9bdcfc54ec7fce18524cc1cd793c4
global_step=102568 | return=-100.55 | steps=131 | track=9b9c967a5f021fb8c9178d66c22d36cf
global_step=102840 | return=-9.83 | steps=81 | track=4a905564b604078ca26d6a6140e4382c
global_step=102952 | return=-25.49 | steps=56 | track=35422cf4cbd3ebf2ada443fc0bb88747
global_step=102976 | return=-90.22 | steps=130 | track=3467f0f7039da3fed15d2002d66f8161
global_step=103176 | return=-40.84 | steps=41 | track=e20014212acc8db632d26af16ffa564c
global_step=103360 | return=-72.30 | steps=102 | track=eb866ad2062ee2ded058022d306b6f87
global_step=103448 | return=-93.52 | steps=131 | track=3e6384e67908ace0b4572d82fa9ff973
global_step=103624 | return=-86.33 | steps=131 | track=7bf34e87393f7cf07b0b92edc23d9a1c
global_step=103800 | return=73.07 | steps=262 | track=bfe1fffdaae4146ea0554934604cdc58
global_step=103864 | return=-1.53 | steps=62 | track=d4aed35f7fdb4d2042500d1128de8067
global_step=104008 | return=-65.36 | steps=131 | track=3eca18376b2d74c5b8cd438c6a01a65a
global_step=104032 | return=-88.30 | steps=131 | track=70a7f8de0972ad4234e24f242eda26da
global_step=104496 | return=-82.96 | steps=130 | track=9582667aeba81e96963285a611843fd7
global_step=104528 | return=-27.52 | steps=61 | track=81b09d20d176b48874f6b0e772458d66
global_step=104672 | return=-95.99 | steps=130 | track=ee480ac4a47fc7761a67e0c28c5dcbba
global_step=104856 | return=-82.40 | steps=131 | track=0596f4494465553c8c1320a99e275f17
global_step=104920 | return=-95.26 | steps=131 | track=de99d419cf51fffa2fb880fe0427c92a
global_step=105064 | return=-89.11 | steps=131 | track=360b1cb7b0ca8cfcb6d136d51d597983
global_step=105064 | return=101.74 | steps=235 | track=b1d20f0265b6b4475881ff8ff4909f61
global_step=105104 | return=-54.28 | steps=399 | track=cd4b3304bbf397216d952445a6ee4cd8
global_step=105584 | return=-88.56 | steps=135 | track=ad59e4be25888e22c6919619e200c1c7
global_step=105584 | return=-92.47 | steps=131 | track=00bd89ba6ae7429be1e4888cd97b1441
global_step=105592 | return=20.71 | steps=65 | track=0ceb635462f8c7e287a69a89ac2e19a8
global_step=105696 | return=-39.08 | steps=96 | track=5089496ea1df0de31ce4ac18aa2c311e
global_step=105728 | return=-86.48 | steps=131 | track=ec98dfb70f40dd7710e777569ce767fe
global_step=106120 | return=-103.89 | steps=131 | track=3b7ef1be2892a2a75a815f31499e6f62
global_step=106160 | return=-101.68 | steps=131 | track=423ae58157e9d55bf73c0e887aa47c12
global_step=106168 | return=-37.26 | steps=163 | track=44ab9202788d7cc62cded7c396998205
global_step=106344 | return=6.82 | steps=76 | track=5357d9a295268c49d8b9e6dd96553929
global_step=106496, SPS=40
global_step=106640 | return=-94.08 | steps=131 | track=2c9b860c709f2aa52ef48970346c5cbf
global_step=106640 | return=-89.72 | steps=131 | track=74bd1d968a64d8433561be5eb622a9d1
global_step=106648 | return=-93.11 | steps=131 | track=12c970cabac84dc2f1875bba0aec2d2f
global_step=106744 | return=-91.66 | steps=130 | track=00f4503f4becd7b6de0e45d5759805d8
global_step=106856 | return=15.22 | steps=63 | track=e67a9d6a98570470d4220739842f30a7
global_step=106936 | return=-67.83 | steps=96 | track=928941fc30f0b864ebacb8578bcd3aac
global_step=107176 | return=-96.01 | steps=131 | track=a7116528ab8fdb390f5fc52e5af6d4d2
global_step=107528 | return=-63.78 | steps=83 | track=cd01788ac5719b78e0e5a929cbcfaf43
global_step=107552 | return=-71.03 | steps=112 | track=89c510a741803e9131fb35ccd8bae666
global_step=107696 | return=-104.66 | steps=131 | track=ff715ab947700c662830e38041cc20c2
global_step=107696 | return=-89.11 | steps=131 | track=a8e74549121dea40321f5e8109fd1018
global_step=107800 | return=-109.28 | steps=131 | track=c2fd1ab0a80129edb80512f3aebd657e
global_step=108072 | return=-34.66 | steps=46 | track=7d94d0278c5d0a0983baa480af43e456
global_step=108232 | return=-90.49 | steps=131 | track=64f65638bbb9860ab94998da8049d7f6
global_step=108360 | return=-50.57 | steps=177 | track=602dccbeaf26b57fef8777250479b8c6
global_step=108608 | return=-96.50 | steps=131 | track=f320299199308a87328f8a926e1ac70a
global_step=108752 | return=-94.50 | steps=131 | track=b9a4e8b36f74e779bb77d11440cd0810
global_step=108784 | return=81.39 | steps=156 | track=f236601e540cbf34d55a3ed6d50a01c1
global_step=108856 | return=-77.18 | steps=131 | track=f50466ecc25e2ad448d59c58846561f0
global_step=109008 | return=80.14 | steps=354 | track=dc3f90edd173bdcaf13ec1886b3cf8de
global_step=109128 | return=-88.01 | steps=131 | track=9ac53907445b891c9e92dce5a9635078
global_step=109280 | return=-108.72 | steps=130 | track=f2cd1a4b78d93139e9806cbcf53c83ed
global_step=109312 | return=27.97 | steps=65 | track=0e6091f3baabe7c3b0458bbdebd097f3
global_step=109416 | return=-70.79 | steps=131 | track=560bd422ca371968620f0cd408ba98d9
global_step=109416 | return=58.73 | steps=69 | track=b50fc8368047618f589cfd4146ed3c69
global_step=109664 | return=-93.26 | steps=131 | track=665d0b33f22333fee697113f58f232cf
global_step=109808 | return=-38.14 | steps=99 | track=74e8b9b2f3b00dd9c944e20489ae242a
global_step=109832 | return=4.39 | steps=64 | track=0bb18bd89143e3a12facaaf0f54a1f8e
global_step=109944 | return=19.20 | steps=65 | track=f7445801363f753a0659d495ca1e62bc
global_step=110184 | return=-99.25 | steps=131 | track=69a71663a88a78197a2a8c8b035292da
global_step=110312 | return=-77.85 | steps=111 | track=a1deea6ee30709b4b867d55e684fdcc2
global_step=110464 | return=57.56 | steps=213 | track=6bc3710683f90530a90fac4ad211ae2c
global_step=110744 | return=77.21 | steps=69 | track=0970fdae736fd665ab060a84e4b30cfd
global_step=110864 | return=-106.21 | steps=131 | track=63c27c39caae5d71a1b3e4539871dab6
global_step=110880 | return=-113.18 | steps=130 | track=411c28454dbdadf618530ff317214b8d
global_step=110976 | return=9.59 | steps=211 | track=8db172dc003f72f8d433f12b664f0e7b
global_step=111000 | return=-98.64 | steps=131 | track=d53f912240a18cc76d25a93af1b62ee9
global_step=111376 | return=-69.49 | steps=213 | track=f594a9a0381d7d4fdeb8e00223e53296
global_step=111512 | return=-95.40 | steps=130 | track=19258771d1d6098eae8b613be3b66c45
global_step=111640 | return=3.05 | steps=111 | track=3d1888e49f19c7d1a37576d5c019694d
global_step=111856 | return=-30.34 | steps=42 | track=44eaff282f08f9087e250b5ea7de7a14
global_step=111920 | return=-101.93 | steps=131 | track=66927985bf28e6be3b1ea954125644a1
global_step=111936 | return=-79.16 | steps=131 | track=217ede1df67c8aafff6ca1c6ade947e2
global_step=112032 | return=-88.67 | steps=131 | track=8310dcb76d2fc93290e43e5bf443925c
global_step=112056 | return=-107.60 | steps=131 | track=edc3e24a213d870f3e3c7278e7e6d3a1
global_step=112160 | return=20.15 | steps=64 | track=e88f24b15c70fc6256ce8a96207f91af
global_step=112160 | return=-121.83 | steps=230 | track=3a16e3ed4f159375624376e6f6e9ec8c
global_step=112536 | return=8.87 | steps=62 | track=dbc04fd9665de0bb57d83d1c58d755ab
global_step=112560 | return=-53.41 | steps=147 | track=8f81578da987fa64fd8fbad0e8feb823
global_step=112760 | return=59.38 | steps=74 | track=d75f6b0a28aae48b2242d367b1c318f7
global_step=112912 | return=-86.16 | steps=131 | track=dacd97f67e61ca4a03a8fd3ffdbdeb7a
global_step=112976 | return=-76.89 | steps=131 | track=12f241068cfa48d314a94d8af76d7f20
global_step=112992 | return=-103.32 | steps=131 | track=b67eb245b4c6966b93a781ccfa53e06a
global_step=113104 | return=-102.80 | steps=130 | track=68f3df7a248e4d1f34ef5503567e2dd5
global_step=113216 | return=-78.80 | steps=131 | track=aecad81e612da96a9c9425b2d2275bf6
global_step=113616 | return=-97.62 | steps=131 | track=3f665a59ddd2385863be7d539e8d00c1
global_step=113712 | return=-17.49 | steps=146 | track=ef2247640aafab365a345017e851b6eb
global_step=113816 | return=-98.81 | steps=131 | track=c7f8ebd86dba668468f863e958b22afe
global_step=114032 | return=-95.16 | steps=131 | track=11f4bd34c3e1dba76a86e3e37aee7126
global_step=114048 | return=-82.63 | steps=131 | track=a30378f9579951084c2954171ce39921
global_step=114160 | return=-91.81 | steps=131 | track=56fcc711695d64a68396799cdebc214d
global_step=114272 | return=-79.69 | steps=169 | track=7780d7e153729aa02f78d03e13190a0d
global_step=114672 | return=-93.93 | steps=131 | track=60fe602c87adbe31efb64f9d26a753bf
global_step=114688, SPS=40
global_step=114704 | return=26.86 | steps=67 | track=cfd0a236e84447fa2dd151daad2d5988
global_step=114768 | return=-86.48 | steps=131 | track=e9171a7682b966964f61334fe97222f9
global_step=114976 | return=19.39 | steps=144 | track=393c26afa5ea29600a80f9eefcaaa7ac
global_step=115088 | return=-90.57 | steps=131 | track=354674c01f131c30de17f21fe8621ff4
global_step=115104 | return=-96.29 | steps=131 | track=478de1a9155d226e9a1920d89cbc8090
global_step=115312 | return=37.92 | steps=67 | track=73f1e8fcfd838f1af321462bf7b62fcc
global_step=115328 | return=-103.87 | steps=131 | track=8c37ccf430f2ba756d26e4c98b20ccad
global_step=115728 | return=-106.00 | steps=131 | track=86a61bfcfebcbe6ec8f88bf3cd6095fc
global_step=115760 | return=-94.47 | steps=131 | track=b39eefe59ddb1a02548ba765b7422394
global_step=116096 | return=-45.73 | steps=45 | track=43cba24b9934b59a04e9011cfee27e90
global_step=116144 | return=-94.90 | steps=131 | track=6d254485c21cf3cc7642a0c9d6966ef2
global_step=116160 | return=-98.40 | steps=131 | track=beb1bb9305dd063a1fb1114c2e6e3511
global_step=116352 | return=-186.86 | steps=391 | track=5c44496f0b672e75bdb506111694b9ee
global_step=116416 | return=-44.51 | steps=179 | track=120e9bde2d0002dbfc5838260fdcda81
global_step=116552 | return=10.76 | steps=152 | track=00ff02e562c6b594781cff04f1bc7b6f
global_step=116648 | return=8.63 | steps=62 | track=e5a0f5aeacf320528e934d4ed34b5208
global_step=116816 | return=-38.83 | steps=131 | track=641d043014e270c51505456140f25f1c
global_step=116864 | return=0.52 | steps=63 | track=83168734f1221348c1acade474c7a6d6
global_step=116928 | return=-27.46 | steps=201 | track=7a90ec8235819025bd8b2dfd755b6ef6
global_step=117464 | return=-98.62 | steps=130 | track=0afbd3298d617a52f956983b01e9d8fe
global_step=117656 | return=-53.36 | steps=137 | track=2a38f2e127ced2bc6986be79f84113a4
global_step=117728 | return=12.01 | steps=134 | track=1a4d53ad65180c259fc0fb1e3bc1e9cd
global_step=117840 | return=-41.31 | steps=46 | track=861a2f6062536fe4702a5df184ef60be
global_step=117872 | return=-110.65 | steps=131 | track=db9f86f2ca4ee9dae1fb7405d5ce4448
global_step=117976 | return=-100.94 | steps=130 | track=0a3083e903d0ba7c5eb7efe40df7ad68
global_step=118016 | return=-40.52 | steps=44 | track=b018c0d438385a0ade74068e8d37b653
global_step=118064 | return=-55.09 | steps=237 | track=8efa1728377e1fb9fad4ee96c9fbe420
global_step=118352 | return=-46.71 | steps=185 | track=dcaae85fbfad1890eb660f7c38f2a918
global_step=118368 | return=-4.04 | steps=61 | track=d4e4c4daa8eb0a32cb552ed9bc4dc9e5
global_step=118776 | return=-90.68 | steps=130 | track=837a1e84c86daae4ef805451112cdb26
global_step=118960 | return=-38.74 | steps=139 | track=d6a0c07b421680de391fddbb53658fc1
global_step=118968 | return=-41.96 | steps=358 | track=f65bf08885bac18ca933a62efb77295f
global_step=119032 | return=-111.79 | steps=131 | track=5f715ac808b692fdaed835f754b4b26c
global_step=119072 | return=-86.77 | steps=131 | track=902af2aab30ae5ab6f9723fb9d2727b1
global_step=119408 | return=-73.21 | steps=131 | track=d0b52998353b988dff3af3bf53a317de
global_step=119424 | return=-89.91 | steps=131 | track=4e77a280c2f8c9a0c40eaa8d2e52607b
global_step=119568 | return=-64.58 | steps=98 | track=2a451a032582be82ceed191cbd65ef5b
global_step=120016 | return=-86.56 | steps=130 | track=d630c7a449a4ccfa53df65cb0495e547
global_step=120016 | return=-99.63 | steps=131 | track=f81e63accacb041ab79b315fd8d4635c
global_step=120088 | return=-48.77 | steps=131 | track=4d78720b50e539be5f24f8e058314926
global_step=120128 | return=-92.95 | steps=131 | track=7dcea63b356587398728be21458d9f7c
global_step=120192 | return=-99.46 | steps=265 | track=a935d39ca83b639582b575703834ac70
global_step=120464 | return=-87.03 | steps=131 | track=dfe0a6e043e6230d8a1b1c44211aab31
global_step=120480 | return=-92.10 | steps=131 | track=3d271100ec60ec41cb4ef18f39bf2ba7
global_step=120616 | return=-92.90 | steps=130 | track=ddde24c62d490ad43b563a9a3fc3e451
global_step=120680 | return=31.74 | steps=68 | track=7658af4324a91ff6801cb8a199bdb12a
global_step=120952 | return=-28.69 | steps=58 | track=ea919c932c9950dfbf209a0a9a926eb9
global_step=121064 | return=-100.51 | steps=130 | track=b266cc8bc3ac149b9e33e3c26ebbef9f
global_step=121072 | return=-83.17 | steps=131 | track=55ae824d3f7d4df6928c70e8fb7f5eff
global_step=121112 | return=-1.16 | steps=61 | track=3e80ec7b8752d2a5b029233790a62b93
global_step=121144 | return=-78.60 | steps=131 | track=6eeea950f0fc94b65eb2753afb20de03
global_step=121248 | return=-95.45 | steps=131 | track=e33636ecd235c53ff598ed1e8bbda601
global_step=121272 | return=34.25 | steps=73 | track=c011d385e26ebfd77355619cb3ef43fd
global_step=121608 | return=44.81 | steps=67 | track=73eccf0027dc292d90bcbc3a410872df
global_step=121648 | return=8.64 | steps=62 | track=a3cdd8df688559d332fa23d5bb6ba309
global_step=121704 | return=-10.27 | steps=154 | track=e88c6f7ddfd8ae67ae5e0f96f2f1b835
global_step=121808 | return=31.56 | steps=66 | track=ad19ce1853c1c0871f32418e9ec6c56b
global_step=122000 | return=-101.72 | steps=130 | track=113fcdab84eeab22a67a6886c8c7acf5
global_step=122000 | return=-26.20 | steps=93 | track=0a6572f3fc49f8ca160205e6f1266410
global_step=122056 | return=-84.35 | steps=122 | track=32126ea432fe44676651893b4619f3ec
global_step=122168 | return=-91.01 | steps=131 | track=259710941edf0726d39cc40bb355e4d1
global_step=122232 | return=24.62 | steps=65 | track=34e42e344df00e9d4a06e829f821c449
global_step=122520 | return=24.26 | steps=64 | track=752b9be692fe5052b2ecaabf0ddb5124
global_step=122664 | return=-105.02 | steps=131 | track=e51365f9dca44eef039eb53d5b8e561e
global_step=122680 | return=-18.91 | steps=108 | track=8376cf91de28c122f7b8562a64fded61
global_step=122880, SPS=40
global_step=123056 | return=-100.30 | steps=131 | track=5766c890ee8813e351c45f941b567efe
global_step=123112 | return=-80.46 | steps=131 | track=94b21373f5bbe8a25e9069258d37b0a5
global_step=123224 | return=-113.48 | steps=131 | track=d26f81413daf47f5aefba704cf591adc
global_step=123288 | return=-96.75 | steps=131 | track=4e0530a3cf3ec86ed2b5d3e023abf22c
global_step=123592 | return=-83.17 | steps=133 | track=bf3a8b1a67b0b09569f0044721ac1506
global_step=123640 | return=40.78 | steps=65 | track=89145988b867afd393255ce2aa087816
global_step=123656 | return=-39.17 | steps=250 | track=ebf595f7dfc50594112fd223a6cfdb2c
global_step=123720 | return=-96.84 | steps=131 | track=18029b0e2bcc7f97255d38897f7ad53f
global_step=123920 | return=27.11 | steps=154 | track=590fbd02a5969dd7f0a82aaf233a9a2a
global_step=124104 | return=-107.59 | steps=130 | track=cf1d94b5cea9697ad3a51d320affb61d
global_step=124168 | return=-75.68 | steps=109 | track=966f99ec1e9e4ea6430418c3dab7ef62
global_step=124192 | return=71.72 | steps=68 | track=3a0e0a70625a60981820e18f07c5c12e
global_step=124304 | return=-119.00 | steps=88 | track=9878e0aeb265adc01ce5163a6b3d4c67
global_step=124712 | return=-90.18 | steps=131 | track=52f73ec3ed1e7de246519b9e1d6b551e
global_step=124856 | return=-84.36 | steps=203 | track=6400533862866e85fa810aee5b0706cb
global_step=124904 | return=-5.76 | steps=147 | track=4706b78ee84790b1ceec740e39edc496
global_step=124976 | return=-92.08 | steps=131 | track=a6d203196da414befd00d1b2b2170485
global_step=125160 | return=-116.91 | steps=131 | track=4ed6bef6e2ddf362d55558c22914d3f3
global_step=125224 | return=-93.82 | steps=131 | track=0c41b39635a3a19fb731852b108bf6ca
global_step=125248 | return=-88.51 | steps=131 | track=1d525561bd8e7f98d73ea7012a1740f1
global_step=125256 | return=-55.18 | steps=49 | track=6110758f501500be4569fffc9284465f
global_step=125360 | return=-92.98 | steps=131 | track=ea1a27651039730a1a773755b1f96cfe
global_step=125768 | return=-99.06 | steps=131 | track=c6fdbf5e094faa2c8035d1b4a05624eb
global_step=125784 | return=43.94 | steps=69 | track=472452f3b7e2a3a4bf283229c0e43ec0
global_step=125960 | return=-98.83 | steps=131 | track=e97760305e3dbacfa4bccca5553ad831
global_step=126216 | return=-91.01 | steps=131 | track=2020c8884887b7cc8c93ddbe480fbfac
global_step=126296 | return=-57.52 | steps=129 | track=a7986aea5824b80c0b2850b6238180b6
global_step=126304 | return=-69.18 | steps=131 | track=ab179302750948f4f1b2e4b7d816fc95
global_step=126416 | return=-93.11 | steps=131 | track=50595a2f8605d0a2d72021fd8e8a946f
global_step=126624 | return=-52.74 | steps=205 | track=499d756d12be9e3451524339ad604b6e
global_step=126808 | return=3.16 | steps=62 | track=5114b4154e3be81602ada02174980b81
global_step=126824 | return=-82.00 | steps=131 | track=15e6cd76ef68cfa82e1a429028611cdf
global_step=126840 | return=1.43 | steps=52 | track=d381e6811b20bb47040af24f23107ec8
global_step=126840 | return=-93.94 | steps=131 | track=c2117a274f7661ac8bd4c877c2b12263
global_step=127016 | return=-91.55 | steps=131 | track=8e514ef8c12e34b7770519af0785b8a1
global_step=127272 | return=-90.90 | steps=131 | track=98ef3b641445d098ee52a8fc121da75d
global_step=127344 | return=-102.84 | steps=130 | track=3a03ce2aea4ed1f7df4270aaaa0f2825
global_step=127568 | return=35.84 | steps=68 | track=43d16a637b2a94d72057b001c194b139
global_step=127680 | return=-94.30 | steps=131 | track=6c0666edfde051aac6f52b6c4ff29346
global_step=127864 | return=-98.50 | steps=131 | track=8196ce0cb8032b7a42b8668f9cfe5fc4
global_step=127872 | return=-93.50 | steps=130 | track=3706f680a21afa94b7842514084596b8
global_step=127896 | return=-92.91 | steps=131 | track=054fbfd533c72eb34cf75b64aa612a32
global_step=128248 | return=-39.59 | steps=175 | track=45d64c2a04cf9d4652e05414f8bd5047
global_step=128248 | return=0.02 | steps=47 | track=a3ea285548507ac337b16b09a23923a6
global_step=128392 | return=-92.49 | steps=130 | track=d9ee0651d830c4e27c8282f4c70856b4
global_step=128448 | return=-24.87 | steps=146 | track=2bf514bbc27600d8dc3fa168dbee612e
global_step=128608 | return=-43.13 | steps=44 | track=35a2f6401d8868df957cd172f69ee647
global_step=128624 | return=-94.34 | steps=131 | track=77e9457b318e9a511c4a6f60035ca61b
global_step=128736 | return=-107.69 | steps=131 | track=6bd589445db6ffa51ec2e260fd39b9e4
global_step=128928 | return=-90.57 | steps=131 | track=7a20855b569e7579ecc07ceac7bd4d90
global_step=128952 | return=-103.27 | steps=131 | track=ffe205df993e4c4934723b7a7d111a57
global_step=129232 | return=9.31 | steps=61 | track=f998dbce3f2442f3f90f6bd1091361a5
global_step=129304 | return=-87.85 | steps=131 | track=765fc68f11fcf5f9de6f39af52fdb295
global_step=129448 | return=-92.47 | steps=131 | track=b8c827a0b20f8e52508e718f42bc1bcd
global_step=129496 | return=-100.18 | steps=130 | track=5ce486575fee186d7d87872b841c256f
global_step=129600 | return=38.09 | steps=83 | track=3be3f486a1ac4fe9691a28800f23458f
global_step=129664 | return=-81.60 | steps=131 | track=a8f2338bdb045457f52d7689b1ee81a7
global_step=129680 | return=-110.23 | steps=131 | track=5b273df23dec54e6f63e3be46217375c
global_step=129784 | return=61.93 | steps=68 | track=61b49f0c2864214f669ab9adbdf84bcc
global_step=130168 | return=-29.76 | steps=151 | track=2c78637c5954edb6fe3930d53fca63e1
global_step=130368 | return=-90.79 | steps=132 | track=c5c639fbd242c05536337ab527e129ac
global_step=130392 | return=-72.60 | steps=111 | track=ec48814f81714953e00e2deab9ee3e59
global_step=130496 | return=-99.42 | steps=130 | track=a1e0cefda61bf2c7d4c3e2e4265c7b2d
global_step=130656 | return=-95.24 | steps=131 | track=52f412a6548472e8c8cfcdd572712356
global_step=130712 | return=-84.24 | steps=130 | track=f578a2ac561d9ac7ff51c516f62e00d9
global_step=130720 | return=-14.60 | steps=68 | track=5d4a963ef2848087078529edf94f78e2
global_step=130736 | return=-95.45 | steps=131 | track=d795fe8714fcb7a33394559ff67d717a
global_step=130840 | return=-95.41 | steps=131 | track=fec42cf50fcc48c634be073942c2cb17
global_step=130928 | return=46.52 | steps=66 | track=321a7b4e31c8102e9657ccfe0f0302a0
global_step=131072, SPS=40
global_step=131280 | return=14.54 | steps=113 | track=0b7dcf45ca117e6945ac86b099fc26f2
global_step=131560 | return=-74.39 | steps=104 | track=a48e5f8c92834cf8585e3fb3e931c5e2
global_step=131712 | return=-91.14 | steps=131 | track=4e314a7f024c235dc3a688a9c98b9839
global_step=131760 | return=-93.10 | steps=130 | track=6f78239bec12625de603026464dd0391
global_step=131792 | return=-97.35 | steps=131 | track=be47d5b4778761e8679d91ba7e7388b1
global_step=131896 | return=-89.00 | steps=131 | track=4b0ac96199df0a276ac4946df7006ee1
global_step=131952 | return=-95.90 | steps=181 | track=04f5a34b8f1e25e6fdfaad4f934635dd
global_step=131984 | return=-90.50 | steps=131 | track=6e80f475b3f60b111d5658c824d0a65a
global_step=132088 | return=26.83 | steps=65 | track=682218665d4b7ac979a21298d6c5d7f7
global_step=132496 | return=-11.35 | steps=63 | track=95090357e09028d8e9d1a256beddfcb5
global_step=132512 | return=1.02 | steps=153 | track=d64ccc2347ef9e5352f5fdc670a9c737
global_step=132768 | return=-74.60 | steps=131 | track=658ca38c93a0316185877062c8a4bc4e
global_step=132808 | return=-67.59 | steps=130 | track=941a6fe9e78eee71f0ac4d9c499a2a73
global_step=132840 | return=47.87 | steps=93 | track=fd5a1d057bd81bfd8e043c668a6f138e
global_step=132952 | return=-98.28 | steps=131 | track=deea71064c0c1de5bb8dae5bfce9b384
global_step=132992 | return=-95.84 | steps=129 | track=d211232aa12b38360f21427d2dc8b0d4
global_step=133024 | return=9.97 | steps=153 | track=fe6069a3c97b005ab79757e8bcf65033
global_step=133352 | return=5.43 | steps=63 | track=20a29f2f100a093ead4f05bcb4dd34aa
global_step=133504 | return=8.51 | steps=63 | track=6d28b5e6999d0b55f66297a805df0fea
global_step=133552 | return=-96.09 | steps=131 | track=aa2b2c62c1c472edfb2612811f44236f
global_step=133752 | return=-96.41 | steps=122 | track=08d1df840a34b7b2e9ddf14e4cd55774
global_step=133856 | return=-92.72 | steps=130 | track=bba21a00fb31f59da40baa2400c9ebd2
global_step=133856 | return=-13.23 | steps=43 | track=68e862aef4aac97398435c2ade82621c
global_step=134008 | return=-93.51 | steps=131 | track=441bedb484dd6930db4bb08358dcb1b1
global_step=134032 | return=-51.53 | steps=59 | track=418bd64b167c8bfcfc173a28f4495fae
global_step=134216 | return=-60.70 | steps=212 | track=2569110417397b5a64a04a8d77b9d3b6
global_step=134272 | return=11.88 | steps=64 | track=18f7d077d3fd6fb2bc353a44fe52d9e2
global_step=134376 | return=-62.62 | steps=168 | track=91d7f76e5b63a38046ef814bd6999cff
global_step=134408 | return=-95.55 | steps=131 | track=cb316ba237edfb80df636df6b98eeca3
global_step=134776 | return=27.79 | steps=114 | track=5ea478a30e46b4575113c19447236f46
global_step=134912 | return=-89.50 | steps=131 | track=8a2c7d493ddc98e98fdf524ccae9c091
global_step=135056 | return=-38.87 | steps=127 | track=486f9bae859d931e8c99b95cff989770
global_step=135064 | return=-91.84 | steps=131 | track=e6a8e1ad72ca00625c469543b9c0d2c2
global_step=135328 | return=-97.06 | steps=131 | track=7557778d7f6157ce6b3da24b893ee5d6
global_step=135432 | return=-88.30 | steps=131 | track=884311d998bd4585a54cb01a2a306e9e
global_step=135464 | return=-89.00 | steps=131 | track=3fbe78e2f8485ef0d647c7cac8e8f7d9
global_step=135688 | return=-41.27 | steps=113 | track=cc8ea34c8868f94446dd1f22a9d734fc
global_step=135864 | return=24.70 | steps=66 | track=ae7c3a4648197c5440df194e5b027cd4
global_step=135872 | return=-80.27 | steps=101 | track=9c8938c20e4fb6d955befcf8feca444d
global_step=135968 | return=-103.98 | steps=131 | track=a424f44fbf4c9dfa476f9121e91404f7
global_step=136008 | return=30.47 | steps=67 | track=2c9d9c9854c03e44ea44500057a2f757
global_step=136120 | return=-82.40 | steps=131 | track=847d8be9a48f899de101471b4a8efaa1
global_step=136144 | return=-105.70 | steps=88 | track=93f1042b7bbcd848b60697330196d221
global_step=136416 | return=53.29 | steps=67 | track=a2f8f0e40c62d0eb48e282752a0a9dfd
global_step=136480 | return=-34.10 | steps=41 | track=a00f146dfec9bebb03144be92a596d3e
global_step=136488 | return=31.49 | steps=77 | track=6d7c30283423a4f726ba651d12f2731e
global_step=136736 | return=-82.17 | steps=130 | track=92817a0923adcf838e93cb9b94fa123d
global_step=136840 | return=-25.62 | steps=52 | track=06acc6d007615faab91ef4b0785bde18
global_step=136992 | return=28.20 | steps=63 | track=292aa40aa33b27e06b74088c1f0062a1
global_step=137000 | return=73.58 | steps=347 | track=f16bba70200a008cd7596d14a8d7aa8f
global_step=137016 | return=-86.50 | steps=130 | track=0639bed0eec7144ea5aac52923249583
global_step=137064 | return=-84.57 | steps=131 | track=e5386808e960a125e714be784b5b62f3
global_step=137296 | return=-9.39 | steps=146 | track=742010303776fa1062bef1daf7814cdb
global_step=137536 | return=-96.34 | steps=130 | track=dd49121afdc6c9a0b00c5a7c428208ce
global_step=137688 | return=37.95 | steps=86 | track=0d8fca62d42e9a8c91335cac9d637c21
global_step=137984 | return=65.08 | steps=142 | track=512b9954c383da63ef4feea37d613b24
global_step=138072 | return=-91.13 | steps=131 | track=b26e5a31a8386f4ea88a931895d99d64
global_step=138120 | return=-83.54 | steps=131 | track=8df1a11be25d1751be2d1b032b82d5c1
global_step=138344 | return=-100.09 | steps=130 | track=d91ca8a997aa104f047906445ce28b7d
global_step=138464 | return=6.65 | steps=96 | track=a49c3a5c758ca485c178c2c1b1ac1b08
global_step=138488 | return=-11.95 | steps=118 | track=9654acffe5dd00bdc2dd87f9118e6155
global_step=138520 | return=43.42 | steps=66 | track=24812f2ce2022ba928b5ee8e667f5bcb
global_step=138728 | return=-74.81 | steps=248 | track=cc3fa5400da21787bab8c6118035027b
global_step=138736 | return=-10.40 | steps=82 | track=da8340c6adef96d13c2b810a283dac9b
global_step=139016 | return=15.20 | steps=61 | track=086c9b50b7e4e0af8f22e62d7d2ad923
global_step=139264, SPS=40
global_step=139360 | return=-16.75 | steps=126 | track=643f6987f77e6269b119aebf18c08c71
global_step=139376 | return=-76.60 | steps=110 | track=5d17832621fb00b6baa87e2f8a1b60f2
global_step=139440 | return=-145.20 | steps=304 | track=2722dbc190cbb3d2e34f8e0068ac3246
global_step=139520 | return=-92.25 | steps=131 | track=35a1de30e086d65ea82f8d6c90ca96ab
global_step=139776 | return=-84.22 | steps=130 | track=819ff4c9741f1d6629682aa175d258a8
global_step=139960 | return=25.07 | steps=64 | track=5b7a580ad67cfc8c090021ece6374b97
global_step=140072 | return=-85.74 | steps=131 | track=2e409f939dd1dba38d2510d8ab81a09c
global_step=140112 | return=-132.35 | steps=171 | track=c2ed076e82d655a01361354d2d9117b2
global_step=140176 | return=-72.02 | steps=101 | track=3ae7ac1fb1d1934f2de37ce0fa149ece
global_step=140240 | return=-77.29 | steps=107 | track=ab5be90bc6cd01d75270f01351bfd9af
global_step=140248 | return=-50.59 | steps=265 | track=9629b0e2110012e448c2eec9d3971ca9
global_step=140680 | return=-17.10 | steps=144 | track=46c48a5c66730091e0e2ad6bf6b8dc46
global_step=140888 | return=-76.37 | steps=115 | track=7f125da8a2083d49494ec1f81ebf6cb0
global_step=140968 | return=-81.75 | steps=90 | track=7d9716ca6aafbf11b6b92508da92571b
global_step=140984 | return=-15.69 | steps=150 | track=bf39a74c38b169d8ffe7dd481334d304
global_step=141120 | return=-81.91 | steps=130 | track=74e923675045a0a413119184800e6172
global_step=141168 | return=-90.72 | steps=131 | track=deb296db6870d5d89f3b48969e4d2081
global_step=141232 | return=-83.23 | steps=131 | track=f77da0423ae98118a53be0e38f652614
global_step=141304 | return=-93.98 | steps=131 | track=06c8718a0ddf8f0ce0d79865bb91ef56
global_step=141672 | return=56.69 | steps=68 | track=d6260c46f71f1627a2431505b0ad8d73
global_step=141736 | return=-93.50 | steps=131 | track=ea9ce9bb5470fda772a57b63f3b33714
global_step=141736 | return=-33.39 | steps=62 | track=ed4230f92411904ffd1a328c02d015c2
global_step=142192 | return=-2.28 | steps=152 | track=e174972901f109fd3946abc5ce570051
global_step=142232 | return=23.26 | steps=155 | track=82a25cd500d825183c59840deaa2e1a4
global_step=142304 | return=-82.30 | steps=141 | track=b6d13db3f243794dfb060611fac94c70
global_step=142528 | return=-75.25 | steps=204 | track=b113706c9844f94e647c8e4c1df1313f
global_step=142720 | return=-88.78 | steps=130 | track=9e7662f45c72dc7c4cc02cbbfd310a8a
global_step=142792 | return=-104.35 | steps=131 | track=5efc05704865169bb43a9f4ae5476a91
global_step=142792 | return=-97.27 | steps=131 | track=d8c0d367ec7257da05eef8e8f5180ff0
global_step=143240 | return=-44.76 | steps=55 | track=2ca5b50a49feefcd390bc95dd63aeca7
global_step=143248 | return=-84.26 | steps=131 | track=c196f95d0657d23c21b8b177f68f9364
global_step=143264 | return=34.51 | steps=67 | track=f96a69356ec17f8760e06613ace05609
global_step=143280 | return=-64.58 | steps=93 | track=cf7b7bbead9461ea8cbdf401b88883a8
global_step=143288 | return=-86.70 | steps=131 | track=f0e16b8ac1dee9112fcb4ced069e80bf
global_step=143360 | return=-86.99 | steps=131 | track=804f490881bb5a194b108a544407a41f
global_step=143744 | return=-53.51 | steps=59 | track=1f1a9efa4ed0c73bfae37f7be47d50eb
global_step=144040 | return=-39.91 | steps=94 | track=5386722abf83a4cffe1f5ea3c3f362e5
global_step=144296 | return=-99.21 | steps=131 | track=78bc8327861ea5e791fc19a00957f682
global_step=144304 | return=-89.23 | steps=131 | track=0fb855b1dd2f7f69d4ae8ddd3cace21b
global_step=144344 | return=-89.96 | steps=131 | track=f2fef28c8613b05f3d1e89908fc0ff1b
global_step=144416 | return=-92.55 | steps=131 | track=cf78319aee99782edd62ef68bc02aaa9
global_step=144680 | return=-26.89 | steps=47 | track=ece405e3fbd383b70322f94d021be5f5
global_step=144744 | return=55.53 | steps=429 | track=c25a59301ffbe8aab01e72e6a42dbd7d
global_step=144800 | return=-96.01 | steps=131 | track=4bd27689cbb75a39b591729f7aa5216b
global_step=144976 | return=-54.77 | steps=36 | track=df5da7a0d7ca5ae34b118be4eae124a1
global_step=145096 | return=-71.69 | steps=131 | track=4efd71c378e88ad90afebf11e3a8b3a0
global_step=145280 | return=-40.33 | steps=121 | track=9368d0bb8334e169599f78b3adbaa9b0
global_step=145400 | return=-88.49 | steps=131 | track=a6394cd49c651f14729f3201f3c6eccb
global_step=145472 | return=-44.90 | steps=46 | track=a31314997d3ed0a5337b39d2c033e4b8
global_step=145624 | return=-81.58 | steps=109 | track=4ee7c2dbf8cb81d28b4cabe2a01885b7
global_step=145800 | return=2.61 | steps=64 | track=3cd35ebfb2444a92e61eef0ec505b156
global_step=145856 | return=-60.66 | steps=56 | track=5d552685ebffb10ba1606082b47cd37f
global_step=145856 | return=-89.10 | steps=131 | track=2bd763777f71d15fe4277138f5bf918d
global_step=146008 | return=-64.75 | steps=401 | track=31afed22f23a3e2592bef8bdcd8caf34
global_step=146032 | return=-102.53 | steps=131 | track=1c5952d19b321c6a0438bd73f75a6d86
global_step=146144 | return=10.69 | steps=64 | track=862ffd172415ee2a1fb2f646dffa1c56
global_step=146176 | return=-67.35 | steps=219 | track=d72cd07cb3901f4f531898d31c02071a
global_step=146344 | return=-17.89 | steps=60 | track=481393b9d2379c4222a72b16d7a74fd6
global_step=146600 | return=8.33 | steps=70 | track=b6216ab6fd8e6bc62e3bf8576489fa87
global_step=146640 | return=-10.46 | steps=57 | track=1e7a1e11bb9302f407788ae11b120722
global_step=146848 | return=-85.74 | steps=130 | track=77d4f610eff30f048694b7bfabbc582d
global_step=146912 | return=-87.34 | steps=131 | track=29186506efbc80d57cc856ef9aba7427
global_step=146976 | return=-63.63 | steps=187 | track=421618d25a5598f2a9f0851463837273
global_step=147072 | return=-102.77 | steps=132 | track=8226f41584c2498c89c5564f588c88cf
global_step=147280 | return=-44.18 | steps=141 | track=da578d1d9eaf0e8ce1b4736d8f4f9805
global_step=147368 | return=15.35 | steps=64 | track=ec10c1c9a5b5a168db7ca89d0c2683b7
global_step=147392 | return=-101.32 | steps=130 | track=69ff3d30efa9964a66876a7b901e0935
global_step=147456, SPS=40
global_step=147656 | return=-93.93 | steps=131 | track=850f97f56c49c99f79fc45294b31edf2
global_step=147696 | return=-65.31 | steps=131 | track=6eee1912bd2af01b264fbd6f5e54f672
global_step=147968 | return=-84.30 | steps=131 | track=6662b005d9efc1d8fd526e1088081eb4
global_step=148032 | return=-88.49 | steps=131 | track=dc18d6ef6bf2a1508a1ddbba40685d6e
global_step=148336 | return=-93.71 | steps=131 | track=48233c397fda73901cdb5e812fc8b706
global_step=148416 | return=-69.56 | steps=94 | track=6192e3c57d312e5761813e3ce67a4dc4
global_step=148424 | return=-93.03 | steps=131 | track=96fcb4d6da4b51042505fe87aae3da1a
global_step=148448 | return=-92.91 | steps=131 | track=54154d2262c02197a76de083eec57eac
global_step=148752 | return=-91.81 | steps=131 | track=b69c22920a6fcd7116ae045856b72640
global_step=148928 | return=-125.77 | steps=231 | track=06f54b9848bcff228c33b9bf13dd44b3
global_step=149248 | return=-1.16 | steps=151 | track=e4553691751834b499c75664fd9ea8f6
global_step=149304 | return=-9.87 | steps=109 | track=58c38c20fbbcc46fb3fe7436ac67ccfc
global_step=149328 | return=14.79 | steps=71 | track=1ce490ad5086bd23fd6229477f68f311
global_step=149392 | return=-100.96 | steps=131 | track=be51acbb5f44964428ee9130e31565f6
global_step=149472 | return=-89.33 | steps=131 | track=ad7a8b63d537755c184b50efef7a8eb4
global_step=149504 | return=-83.45 | steps=131 | track=e9fde7bd811762e27ac5f3fda2e0218c
global_step=149984 | return=-90.67 | steps=131 | track=a96483747cb675596d81d85591a9dca9
global_step=150000 | return=-9.84 | steps=65 | track=7714cdb715bd46549478e79e865f7a5a
global_step=150184 | return=-81.32 | steps=109 | track=3b6caa757dbc53a5f23b58e4e1d33019
global_step=150192 | return=66.78 | steps=99 | track=723b79baca123c780e80485a2e96b76b
global_step=150216 | return=-77.81 | steps=110 | track=ecbed014c6df39e1c5eb3aefd12e4a64
global_step=150296 | return=-85.88 | steps=130 | track=1477b2bec7e44b0ee805b423e8f42e01
global_step=150456 | return=-42.22 | steps=56 | track=0cf2d6fb89fc9c364628d63406fc3e9b
global_step=150552 | return=-103.59 | steps=130 | track=131e754e47589deaf3f4ee308246b8af
global_step=150736 | return=-18.68 | steps=345 | track=08afccc76022f336bf87d2c6928aab09
global_step=150744 | return=23.49 | steps=68 | track=cbd9e1b80eeab9c8fceb0ec4f1ff37b6
global_step=151136 | return=46.35 | steps=72 | track=633cb27fcc18a031926fa599dd2a11f6
global_step=151224 | return=25.54 | steps=154 | track=7406a99c65759c3043f887dfe41b9140
global_step=151240 | return=-99.68 | steps=131 | track=85da75259022fe7007a0a9d65e69af88
global_step=151272 | return=-80.50 | steps=131 | track=19621948ef5eec97a38015576cb536c1
global_step=151272 | return=31.67 | steps=101 | track=b38279ad8473861af3fe16b886317969
global_step=151344 | return=-89.80 | steps=130 | track=0cdac04b3563151cb746d35f1279b992
global_step=151640 | return=-15.77 | steps=45 | track=fa2e5e37f59d286f116657a9ea8d756e
global_step=151792 | return=-81.22 | steps=131 | track=cb971083d70eba36b742ee5623a76719
global_step=151800 | return=-97.91 | steps=131 | track=442dda4968df70e05ba0af2e3b89bd10
global_step=151872 | return=33.27 | steps=65 | track=bff65e8a79ab11f495cf0f1bb99e4068
global_step=152192 | return=-92.69 | steps=131 | track=88fe8ecf5e040652b560de8b1742ecbd
global_step=152280 | return=-84.73 | steps=131 | track=60a3672cd8a1c1cde13af15457adc4f7
global_step=152288 | return=-96.38 | steps=130 | track=c9c1fb9498971772e44261e9f896553a
global_step=152304 | return=3.16 | steps=62 | track=ccc47ad7756b1e84d9e10318f6c25bf1
global_step=152320 | return=-106.55 | steps=130 | track=2c5f1c46cc3a0af96eb15f37d48e7613
global_step=152392 | return=20.27 | steps=64 | track=33ef539da190b845f245dbc75ce0bcef
global_step=152696 | return=-81.27 | steps=131 | track=75f1a2d32417c33103f513d28ccd15fb
global_step=152848 | return=-88.89 | steps=131 | track=036da1163d45f7eaf91a59c065441840
global_step=152864 | return=-12.21 | steps=72 | track=08b72587cfc8de41020adde2204c880a
global_step=152928 | return=37.85 | steps=66 | track=955c0f917053109ceb526addd7dcd615
global_step=153096 | return=-44.77 | steps=96 | track=3f8fe652b43aff98f4546efd13bf578a
global_step=153248 | return=-84.71 | steps=131 | track=1853e02d083e92bf7854ff2a4084aa83
global_step=153352 | return=-93.72 | steps=130 | track=42f3d19497bf124fa6b355b076458afe
global_step=153624 | return=36.05 | steps=65 | track=056418dbe78f8cb7913662a20c137041
global_step=153752 | return=-101.53 | steps=131 | track=e02e70badcf40661db941ccaae2f00d3
global_step=153792 | return=33.64 | steps=67 | track=955e3d3fb509e4c56ebeda366c0e05df
global_step=153800 | return=49.44 | steps=108 | track=6a8a58d8ac869c6746040ae2ca903773
global_step=153904 | return=-84.04 | steps=131 | track=426943a2bcebdf1283fd471719de96fd
global_step=153920 | return=-93.36 | steps=131 | track=17c8feafc3fecfbd601ececf45deda41
global_step=154408 | return=-100.20 | steps=131 | track=94c3a1673ed99247c2c143dca2e644d3
global_step=154664 | return=-72.68 | steps=108 | track=f9f3c8b8750ab90ae2c1dd420f7424cb
global_step=154680 | return=-78.26 | steps=131 | track=bcb9d9799512bb93d7ad13312f25c15f
global_step=154688 | return=6.04 | steps=95 | track=9c8f48dc93a670418e76fdb5d2c36180
global_step=154960 | return=-81.94 | steps=131 | track=45e0a3da2e55bb1653a3009a3211b84a
global_step=155040 | return=19.80 | steps=154 | track=5372fbe1ab0a530e04467c9be4d9a70d
global_step=155128 | return=138.54 | steps=354 | track=058c004d8a931f48d1b8f37b515a424d
global_step=155312 | return=41.28 | steps=78 | track=d0c56df57d98a68cdaa1182093e1b4e4
global_step=155328 | return=22.74 | steps=79 | track=47e7fa5eb656236939930291409b8aa0
global_step=155456 | return=-94.09 | steps=130 | track=0157bf007c48586dc389428ac6e1bbcd
global_step=155544 | return=-4.51 | steps=62 | track=042a798ffd2334d8eedb6516005dc7ac
global_step=155648, SPS=40
global_step=155712 | return=-98.28 | steps=130 | track=b77570546af657769136908d82aa5956
global_step=156000 | return=46.22 | steps=280 | track=47b58441a5567f709218e94b75ebac2c
global_step=156112 | return=-38.71 | steps=143 | track=ac18d2835b513c509f5c3039108253fe
global_step=156248 | return=21.15 | steps=139 | track=8e6a335313579089284faa52617c4434
global_step=156304 | return=-30.39 | steps=94 | track=bff9463691f331662da163c36028d00e
global_step=156368 | return=-90.35 | steps=129 | track=2091eeea0d8cb09b92e7d1500a6d2ace
global_step=156472 | return=18.98 | steps=58 | track=d952643ef84de0887245b59c4ebe2c0a
global_step=156504 | return=-95.00 | steps=130 | track=570e4d1b8039c569e5485d54b438707c
global_step=156584 | return=-23.26 | steps=108 | track=16c4958efcafb840bf6beafe3c2c3160
global_step=156688 | return=-78.81 | steps=171 | track=ad186bb508bc3062d6b5c34b506ef28f
global_step=156984 | return=13.22 | steps=63 | track=ccb1ae04e3be32f17c77cd801fa4c1c2
global_step=157168 | return=-75.33 | steps=131 | track=17dac8611abe340087107c4d22faa501
global_step=157304 | return=-103.21 | steps=131 | track=7604d661b4b2f212084c37f3e0ca0f07
global_step=157360 | return=-88.77 | steps=131 | track=ff874be46732f1ea22018a7fce6548d0
global_step=157424 | return=-86.61 | steps=131 | track=38b9527f45570c2fdc1813b1a40df11b
global_step=157784 | return=-50.47 | steps=44 | track=5a1593874d250f6e705d06c0062cc462
global_step=158024 | return=-71.70 | steps=179 | track=3a84fd9bb53c6954c4b599636e709cd9
global_step=158216 | return=-90.22 | steps=130 | track=72845a7ca8d912db6184a82e0d608fd9
global_step=158360 | return=-96.01 | steps=131 | track=501f8d3fd97bd996e1d7934c211d00fa
global_step=158408 | return=-84.24 | steps=130 | track=0982f80894a4cd638d256d8d7c66c277
global_step=158504 | return=101.55 | steps=226 | track=8c348f4135c434a4b14a45500de0f762
global_step=158616 | return=3.50 | steps=203 | track=4d60e3081a17042e559e5628293254ec
global_step=158744 | return=30.99 | steps=65 | track=ab832d05c1cd62b19f5797b73dde4563
global_step=158792 | return=-49.58 | steps=285 | track=eb18023fe79048822de18663f9108b06
global_step=159080 | return=-99.04 | steps=131 | track=46cd3e5abad9c7b868a48de69ee6bfbe
global_step=159344 | return=-19.68 | steps=90 | track=a787919f6f95d28809ebb9fabf70a027
global_step=159416 | return=-94.47 | steps=131 | track=6d494a3d02b9a2ba91cf69a17a8f3b6a
global_step=159464 | return=-88.28 | steps=131 | track=761b5cf5c34485e06a0effff045c9930
global_step=159552 | return=-80.48 | steps=130 | track=ff34208965297745fd45d09c1887ab23
global_step=159800 | return=-82.67 | steps=131 | track=e8fc9e5bdae0d1ee9b60c23c29d054e7
global_step=159840 | return=-66.64 | steps=130 | track=2fc39ec27f6a17ac3abd85f332fb3348
global_step=159960 | return=23.85 | steps=271 | track=54106c8cfbf38c9a12192b03ea7c1427
global_step=160136 | return=-101.15 | steps=131 | track=aa721b4dc1d03bccb11c18f1a763d4f9
global_step=160400 | return=-87.10 | steps=131 | track=a19dede7cbcf43d75fe52e4efb5c0b9c
global_step=160464 | return=-86.17 | steps=130 | track=e8837c8e463eb8ccf51de7dbd734f66d
global_step=160512 | return=-89.92 | steps=130 | track=6724c8590f9bcf0d29e7f57b9308a01a
global_step=160552 | return=32.84 | steps=88 | track=844f49a492e2e479dd776ef3bda9bbcd
global_step=160608 | return=-96.78 | steps=131 | track=045d927ad2876f751f8f44cb1aa45458
global_step=160856 | return=-98.82 | steps=131 | track=7353444e0bb023a536d6bf136238e68b
global_step=160912 | return=24.92 | steps=63 | track=ea91771e74e595df5c35da559d634070
global_step=160952 | return=-12.30 | steps=60 | track=0f1cbe81d420b5431eeb942b2adeaaa7
global_step=161016 | return=-80.69 | steps=131 | track=6cd4f0fbd03b847b0102a52871631c9f
global_step=161192 | return=-103.58 | steps=131 | track=8e0d05a2959d99878b1d4580a4704630
global_step=161376 | return=-74.60 | steps=44 | track=fe019faf7ee3ddd67ded0b51ad61d014
global_step=161592 | return=-42.80 | steps=91 | track=49d9e4727aac0e944d69bbbead588d4a
global_step=161600 | return=-80.53 | steps=130 | track=3fb40d2a03df5504a4053e60a86333f8
global_step=161664 | return=-86.40 | steps=131 | track=adc883604358601dc88427651a911385
global_step=161696 | return=11.90 | steps=62 | track=17c931447ce84dc0f8c983201fa16440
global_step=161968 | return=-79.50 | steps=131 | track=38c2e6a651bb175a22bc99b5d9a4361d
global_step=162016 | return=-16.37 | steps=51 | track=8c1342f36a448204ffc11402f37aa1f2
global_step=162016 | return=-92.49 | steps=132 | track=d62eecec102c165e5c1b87b992320a5e
global_step=162128 | return=44.57 | steps=66 | track=4318af79d0247870df1e0acc10a8ecff
global_step=162184 | return=23.53 | steps=64 | track=eb6baf59916d455ceece101f30323b0f
global_step=162320 | return=-42.83 | steps=43 | track=1066141f21efb7f78d85ef20d4446204
global_step=162424 | return=-96.76 | steps=130 | track=9532d25beeafc2b6d37e6931afac060a
global_step=162752 | return=-78.88 | steps=131 | track=ed571cab599f944fb0ca493e46ba6ada
global_step=162872 | return=-45.81 | steps=92 | track=9581b81d7602038e4e68bec81ed505ac
global_step=163072 | return=-91.21 | steps=131 | track=54a6be61316226c2c420615d4bf8a33f
global_step=163192 | return=-73.43 | steps=108 | track=727bd23266dbadd65d2f79d2d5a0325e
global_step=163224 | return=-7.32 | steps=150 | track=fb6979c5f28d4ee7c6cf2a72d21d55d9
global_step=163296 | return=35.68 | steps=347 | track=b6c173df7ec5d63ddd7ecc34679b783b
global_step=163504 | return=-0.51 | steps=134 | track=5f5ddf02c22f63a178cd0866a9f61a90
global_step=163584 | return=-115.20 | steps=88 | track=b72a38924cef190707ca25b350014916
global_step=163800 | return=-90.58 | steps=130 | track=9ae8f9e33acd17ad3470e57393bf4cda
global_step=163824 | return=26.11 | steps=65 | track=46f5b61e7b6f77643c8a6f0ca33c7a93
global_step=163840, SPS=40
global_step=163984 | return=-41.22 | steps=224 | track=9a34bc3e8eb8fffcfa2e7dbab877382e
global_step=164128 | return=-93.04 | steps=131 | track=15a3ad9fa3cb69026bd48f0e543c79b3
global_step=164248 | return=-87.64 | steps=131 | track=dec7b0b3b8b91331e01a8723883be97b
global_step=164560 | return=-93.91 | steps=131 | track=76d5e0ad6611daf392494a45add78c45
global_step=164640 | return=-93.71 | steps=131 | track=eb42c65aa5bfb7a7205412f6df3cea13
global_step=164680 | return=-42.95 | steps=181 | track=2d85ff7dbb3f22ea94aad5c32854e056
global_step=164888 | return=-102.80 | steps=132 | track=54a09998a3513ad8bd6213c2c5d4456a
global_step=165024 | return=29.23 | steps=152 | track=f772094a909f7661a40e47a92292f693
global_step=165040 | return=-81.64 | steps=131 | track=46111a09f272e7aae83c8c5e3344e6fe
global_step=165184 | return=-91.27 | steps=131 | track=3b4503e16d5a456a619b9247c8de416e
global_step=165192 | return=21.08 | steps=78 | track=ea1796c8e68da86459922b784b306f5e
global_step=165304 | return=-100.39 | steps=131 | track=2d4810cbbe23e432bd35fd06f4898876
global_step=165696 | return=-92.49 | steps=131 | track=88c52039ca124f4cff8c9e7976b85ee7
global_step=165736 | return=-104.31 | steps=131 | track=42f34faf86c79002b0639ab7be6ff8f7
global_step=165832 | return=58.21 | steps=79 | track=3404398ffd58eb285aa3b478f3f4cb91
global_step=165944 | return=-100.40 | steps=131 | track=1381248c76d82a4eb9e2122a966fd251
global_step=166072 | return=-82.54 | steps=130 | track=0ab0fd24909b5f8e2e133eda748b640d
global_step=166096 | return=-99.99 | steps=131 | track=aa6fdb5c55a79a8cfaa75ce5ee47cc88
global_step=166328 | return=-19.68 | steps=61 | track=0ac9459e624bd2acb15c4cde2be94ea9
global_step=166360 | return=-88.77 | steps=131 | track=78f31a1f03f7b04e2ecbbfaacbb23f53
global_step=166464 | return=27.89 | steps=64 | track=a965f36b8e5d84a5709bbfa572da52e7
global_step=166608 | return=0.15 | steps=63 | track=561e6ceacfff308ba175cca5d0257feb
global_step=166752 | return=-91.41 | steps=131 | track=7bbc6c26d9788bb2f5e60a73c6935071
global_step=166792 | return=-92.40 | steps=131 | track=0a83d81e92138a6694cef4316475b752
global_step=166864 | return=-48.10 | steps=209 | track=ec18f5204148c0068ec3b2e8401343f6
global_step=166912 | return=66.98 | steps=68 | track=567a7df5bd934b9c015a7cf90c28f7ac
global_step=167120 | return=-85.38 | steps=130 | track=01ab942ecc637ac2846ad778e5ea8d3b
global_step=167288 | return=36.78 | steps=66 | track=3e2975107890c12c85cbfce757296f5d
global_step=167320 | return=19.28 | steps=65 | track=00cd442bac0668e755ec890ef7f92d73
global_step=167384 | return=-96.74 | steps=131 | track=fddf843d8fd9758fbb5ef586380a7345
global_step=167632 | return=-11.30 | steps=145 | track=c32b994e7d4612d6dd63e24668c70f09
global_step=167656 | return=46.25 | steps=66 | track=ec02105fde1c6cda94f60aa3ec033b70
global_step=167664 | return=-86.85 | steps=131 | track=51da18203183e39c4aa0ac101124ed28
global_step=167872 | return=60.46 | steps=125 | track=cbdd6c9ef38a41f4c4690142facb3d69
global_step=168040 | return=-27.18 | steps=93 | track=e51403ab9c227e62867416e6b744deda
global_step=168056 | return=-35.32 | steps=142 | track=2de021049d0b8eeade1dd0c48efb54bb
global_step=168184 | return=36.12 | steps=68 | track=95ed7b85dad8907e8012e5b4a99a512f
global_step=168240 | return=2.46 | steps=72 | track=9c168171f83b06077b081d5d486869b1
global_step=168376 | return=-99.81 | steps=131 | track=269bb333ebf623d47c504c88c2e73ec4
global_step=168424 | return=-92.10 | steps=129 | track=a4a1f09a3ef497f1e8b784cf3165c7f5
global_step=168512 | return=13.86 | steps=79 | track=16cd100fdb5043e18d4cfdb08f027d9d
global_step=168720 | return=-91.22 | steps=131 | track=c4440cbf731c259e116c16c4e0681bbd
global_step=168832 | return=-77.10 | steps=96 | track=7b665f157f23d2e283b29c7d47316dbf
global_step=169096 | return=-84.26 | steps=131 | track=2041ff63f5a2cc015aa2d935ebb86271
global_step=169232 | return=-109.23 | steps=130 | track=03f9a4ebd6ee02256e430952744ca5df
global_step=169256 | return=-21.09 | steps=52 | track=405b34d82294ebe736ded72a1051f0f7
global_step=169480 | return=-95.72 | steps=131 | track=90e66a28db70105f0746cbc31b8a06db
global_step=169496 | return=7.67 | steps=156 | track=8c0f22a54db360697e220c44676d06dc
global_step=169600 | return=-50.87 | steps=152 | track=0ca0ab7fa5a4fde8c1c547da03a49bd1
global_step=169696 | return=-91.55 | steps=147 | track=9cf81c8bcaf6eb288cf9076f38b9cf30
global_step=169776 | return=-89.32 | steps=131 | track=4c3790ba4f67562a4ada58848d7085d3
global_step=170312 | return=-68.49 | steps=131 | track=48e9da2b67fadecbf59daf89b198eb56
global_step=170352 | return=-2.65 | steps=156 | track=a799b4d2e27e8b06eeb7acbf4b75d7ba
global_step=170472 | return=10.63 | steps=154 | track=ea7f62c6eae87bbcf9b5c2a4f22782df
global_step=170528 | return=-104.10 | steps=130 | track=ab12a675ba4124de14b39f28e7b07e66
global_step=170552 | return=-93.74 | steps=131 | track=c8280345213023db629ee4580652711b
global_step=170648 | return=-101.03 | steps=130 | track=6a872cc68eb115a3e4c5aab2bb23ce92
global_step=170664 | return=-73.82 | steps=110 | track=78a0b566181d23bcae179a8d63ad4607
global_step=170752 | return=-95.61 | steps=131 | track=1d34a00ffdba8b1202cfe23b7c9da9dc
global_step=171088 | return=42.98 | steps=66 | track=c59a452198386268f886699810ab9392
global_step=171368 | return=-103.83 | steps=131 | track=251a5138abe0cf44fe031e666024cf03
global_step=171408 | return=-98.73 | steps=131 | track=9f12b195f225e6a1be159edcccc17ce0
global_step=171528 | return=-89.11 | steps=131 | track=99edb240f8f426fd152e7fac7d9df5cc
global_step=171584 | return=-99.61 | steps=131 | track=5001f95057ba5f46f374a15c2e24389c
global_step=171704 | return=-93.17 | steps=131 | track=d23849bee6753d336262f06f1bd574f6
global_step=171896 | return=-60.58 | steps=153 | track=52aa2b885a6a922f88d4e918698f41a1
global_step=171952 | return=-68.82 | steps=149 | track=8e2b25bc34f3802b210e442042718077
global_step=172032, SPS=40
global_step=172080 | return=52.09 | steps=68 | track=b6d6002ce40857f4d96b23e7dd869ed6
global_step=172144 | return=-88.67 | steps=131 | track=9f7076cc164560fc078b3b09a078a911
global_step=172424 | return=-75.85 | steps=131 | track=171e1f5d291fd1dfcae673d223a843c8
global_step=172464 | return=-88.77 | steps=131 | track=6cf8573f27b86f6af354edd50d174b00
global_step=172504 | return=36.81 | steps=68 | track=7b3a8d9f3a6f3ede5e560552a5effef4
global_step=172640 | return=-92.47 | steps=131 | track=4eb6bb3767ae60fe66ad556d3f4b7780
global_step=172752 | return=-90.09 | steps=130 | track=c63bda147f5a95fc1750261a92ed88ef
global_step=173080 | return=-52.69 | steps=116 | track=9b748cacdf1a228f6dd36c24b032f78b
global_step=173136 | return=-88.23 | steps=131 | track=9c301a2cbdd3cff2ee3e4d0add595f56
global_step=173200 | return=2.68 | steps=86 | track=eaf9d78dd9566079ffe5cb3ec5af6a37
global_step=173512 | return=-92.04 | steps=130 | track=37eaf0173486923ed1b980c033bd5249
global_step=173632 | return=41.41 | steps=68 | track=bd45964e25a58717bc1470dd1947a5e2
global_step=173696 | return=-81.06 | steps=131 | track=910d2866c8fba88c19635c3c70f73149
global_step=173744 | return=60.88 | steps=67 | track=b6b20cce6a32c4b3fb48878b0c2eb4ff
global_step=173808 | return=-98.09 | steps=131 | track=660ca88dd179cd484e573ec9f418de35
global_step=173880 | return=142.78 | steps=247 | track=6fe796057ddeae2a799b836728f5f887
global_step=173928 | return=-26.43 | steps=187 | track=e0eebc769f1b130ef43e47fca29bc3ba
global_step=174184 | return=-94.12 | steps=130 | track=d64804ec53098b60a8ae3a11ba4865cb
global_step=174568 | return=-96.83 | steps=131 | track=8d2ab59a7ba117b663c0b1e78d300118
global_step=174688 | return=-85.20 | steps=131 | track=b6b85561921a19a64eac8d471ec99457
global_step=174744 | return=-65.70 | steps=130 | track=8e498379c6db4fee67306328f476e6f0
global_step=174864 | return=-90.35 | steps=131 | track=d5feed39f28aa3846dce3c2216bcbdc4
global_step=174936 | return=-89.71 | steps=131 | track=8a622d29f27e0a934f2eee75b004df0f
global_step=174984 | return=-104.31 | steps=131 | track=845ef152366d007cd35b4cca67e478ef
global_step=175000 | return=44.35 | steps=156 | track=0ded7b5ad3a5f9d0bb275d3ce3e21327
global_step=175128 | return=15.99 | steps=117 | track=be9fc802581bb362e9907ce25668e4b5
global_step=175240 | return=8.45 | steps=61 | track=c9c9d88d08266f4ca9ec20d954ccd6a5
global_step=175248 | return=-18.76 | steps=47 | track=e37ea89ff0e94e9b3f7b4e7298a0da39
global_step=175616 | return=-87.12 | steps=130 | track=32c3867bf10af5f94482e94f640cc30a
global_step=175736 | return=-85.44 | steps=130 | track=18f5daff2af76204726ec9280a85a8b8
global_step=175992 | return=-78.34 | steps=131 | track=9bf76d055ae6bc0132ead72fe2190c19
global_step=176048 | return=-94.48 | steps=130 | track=c82711c0e215ccb9b3a968a34728be99
global_step=176152 | return=-5.65 | steps=145 | track=07f4647e1a4f1221b1fa78f5db999ced
global_step=176272 | return=75.13 | steps=142 | track=eddf67ffbaff3edae32cb3a2b2a4b4e8
global_step=176288 | return=-96.50 | steps=130 | track=0e0be0c0eb8736e408ea9b119a744f9a
global_step=176304 | return=-91.44 | steps=131 | track=8b508ac4eb6a079db3f7687456b7f8e0
global_step=176600 | return=38.22 | steps=68 | track=27286a1d5107dd84e9064b50da69a065
global_step=176664 | return=1.71 | steps=63 | track=4fef4ebbcbc2d19f5a265c42a9c5d525
global_step=176712 | return=-65.38 | steps=89 | track=466667780fd9b6b2aeb87bd079954c29
global_step=176800 | return=-101.88 | steps=132 | track=1cb00d4433de5733d9cebe8f4360618f
global_step=176976 | return=-52.26 | steps=87 | track=0f804efa6c62a91dff0cf663127e8874
global_step=177344 | return=-86.49 | steps=131 | track=2bee9071711b10db284d47fdd3b9c594
global_step=177360 | return=-96.76 | steps=131 | track=d7bad7b6141aa37bc04c22272826eaa9
global_step=177512 | return=29.66 | steps=66 | track=c34e0baac027e870718637c38e463f56
global_step=177656 | return=-89.51 | steps=131 | track=97fda0750918df12529c6ffdfe29bfad
global_step=177688 | return=-79.21 | steps=110 | track=110499c84cf3eab6ed45f6aa2a03a927
global_step=177720 | return=-88.07 | steps=131 | track=8e2a36631d13d4271e185cbf4626491d
global_step=177768 | return=-88.53 | steps=131 | track=0ecdc3441d746fd247d944aed3f3ae43
global_step=177888 | return=-71.59 | steps=283 | track=96e348f2b6beef13ce6e2bdfbdd79985
global_step=178168 | return=31.89 | steps=100 | track=c26366d547f128e4116b6d786fa0f5a4
global_step=178208 | return=15.98 | steps=64 | track=3e3bcdebed206c96b10f260af9d56e29
global_step=178272 | return=-22.78 | steps=94 | track=694880ff0d63735684edb9b90ec5342a
global_step=178296 | return=25.84 | steps=65 | track=e1f1ea6cc1d4ce647d1ac655990310c5
global_step=178400 | return=-92.70 | steps=131 | track=63d2959813c4e740ef3b44fabf15d6b5
global_step=178712 | return=-82.96 | steps=131 | track=d7dec57a80045ca6d5cd27667641f948
global_step=178776 | return=-97.95 | steps=131 | track=430b0e12b29fb339ad60f22096aa4ce4
global_step=179120 | return=-10.02 | steps=153 | track=5906f4251f24a5cf1d397c9a938876b3
global_step=179168 | return=-46.17 | steps=95 | track=35109c8a5cf2b3767f9efb63f53cd1f6
global_step=179192 | return=-84.61 | steps=127 | track=1fb8c0b034b6673bee54c2844976e5c0
global_step=179256 | return=-96.61 | steps=130 | track=a0bc58b0b67be6d1cb28da055c902b14
global_step=179328 | return=-85.20 | steps=131 | track=0da54072413d213db702a1fcad91a76d
global_step=179664 | return=-1.22 | steps=61 | track=2d6d2ad9bda7b465792139947fe8241e
global_step=179816 | return=-57.29 | steps=137 | track=eb2fbb96eca751452fdd8cb0024808fe
global_step=180000 | return=-7.70 | steps=152 | track=cb74035bd8f8e1139ee01dd693f54f74
global_step=180224, SPS=40
global_step=180240 | return=-98.47 | steps=130 | track=ff283f1e68722832f92e578591e70ff8
global_step=180272 | return=28.87 | steps=143 | track=cd8159cb8f45d616795f997d7a20c02f
global_step=180304 | return=-87.37 | steps=130 | track=60367ea8e83bd81c691c5d6afe8cbe2a
global_step=180312 | return=-85.25 | steps=122 | track=6eb672ef921012b847f7b264c56f7eb2
global_step=180448 | return=-35.77 | steps=268 | track=2c1e791f6f94bab2279cec5a83f3d701
global_step=180720 | return=-68.01 | steps=131 | track=1ec763330f1ddc0049b87f0562321195
global_step=180864 | return=-101.10 | steps=130 | track=df0304df3d78c2f8e802f79b94fb709c
global_step=180880 | return=-34.21 | steps=53 | track=38f13073ffa069d985e70553425f2fd3
global_step=181056 | return=-95.02 | steps=131 | track=796487ac9fadcfa645d27ec67f5caab3
global_step=181288 | return=-90.28 | steps=130 | track=a1497669d94c1886079c500f75e4e45e
global_step=181320 | return=-104.95 | steps=130 | track=e526db66d93837db050c3b326da92103
global_step=181360 | return=-87.50 | steps=131 | track=b160a206ba014f78c895853bee045ff8
global_step=181368 | return=-86.85 | steps=131 | track=33b8cb1c110473d18335f56601da30b2
global_step=181464 | return=40.01 | steps=74 | track=410c41af980fe289e2bb8f64bad038cb
global_step=181520 | return=-31.23 | steps=99 | track=88dafa6a7f3d7744424ff7aa956d20c2
global_step=181864 | return=21.58 | steps=67 | track=1b8644866f5f6ab5ac1bf61d8d79493c
global_step=181936 | return=-87.61 | steps=131 | track=553797b977c9ee9088ab15b82caa3622
global_step=182032 | return=34.04 | steps=63 | track=503fa3351e359fb15c914193792c3239
global_step=182072 | return=21.62 | steps=87 | track=16e30cbc6a05fc24bcccb349611fbc5b
global_step=182336 | return=-99.59 | steps=130 | track=cfd42a5bce6bdeff46558d0e7953bb5e
global_step=182416 | return=-81.40 | steps=131 | track=7d8e9e0eef92f08571b636a0b6028154
global_step=182608 | return=2.84 | steps=71 | track=5ea24c22a7dcc3610b7af86495215f7b
global_step=182624 | return=-41.86 | steps=94 | track=356f32f9500fe9a0e035f934bee0419c
global_step=182680 | return=15.44 | steps=151 | track=c76966bddf011d3ed395caee118e095a
global_step=182912 | return=-24.52 | steps=61 | track=e9451633b35da2851807baff825dda75
global_step=182992 | return=-92.91 | steps=131 | track=a3ce3704d654d353a3c5e90f9f4dd5e5
global_step=183256 | return=-9.90 | steps=147 | track=e67a0fbf7ea2df1a1099ac9a80a4854a
global_step=183256 | return=27.34 | steps=78 | track=0f83dd5fa5bc82db88c22e21608a26fb
global_step=183288 | return=10.15 | steps=84 | track=dfc8248182148b0b94bc39887fcd77eb
global_step=183392 | return=-78.88 | steps=131 | track=09d49a977642424363612589537816fe
global_step=183472 | return=48.81 | steps=69 | track=e27ea81a2da202d66070bdb29fe0da57
global_step=183816 | return=52.72 | steps=141 | track=5c9a3469755d4549187911e1832b625e
global_step=183864 | return=-57.35 | steps=350 | track=f865063fdeb99a40fdc22e002d6f96ff
global_step=184136 | return=142.87 | steps=109 | track=8d8e8a28a91734dbc7fcc3b0724fd732
global_step=184312 | return=-77.49 | steps=131 | track=7ec61ed4b46d3fd9885db52cfc1bb389
global_step=184344 | return=-86.11 | steps=131 | track=07feddae96f789b04fcd727105b98dcf
global_step=184448 | return=-89.96 | steps=131 | track=57e2d2f8b40ce8e9d8fc29dfcaf51fbe
global_step=184528 | return=-74.11 | steps=131 | track=0095c9a7b37a66b7c34eaeee898cc00c
global_step=184672 | return=-23.55 | steps=44 | track=3549128fe3046d57646391f34674acd2
global_step=184808 | return=23.55 | steps=83 | track=654480c9f807f27fb4ca2bfa154085ad
global_step=184872 | return=-84.50 | steps=131 | track=9f67a94d1ff942e56c84b6ec8aa3f3c5
global_step=185016 | return=-42.91 | steps=143 | track=387a2c32ad50d1dcf1b12e5c65556502
global_step=185064 | return=47.51 | steps=66 | track=92cdb68899e71b048a4d59972fcdc5bc
global_step=185208 | return=6.86 | steps=66 | track=b4a6c0d27e62de1faa40e5206b9c7e0d
global_step=185224 | return=45.48 | steps=278 | track=49985635855a99c34f5de2758aae8247
global_step=185488 | return=-6.85 | steps=142 | track=d4838df653699f18119ce23fe275faa5
global_step=185536 | return=31.79 | steps=64 | track=e2913899f8224e566cde3bd11563cd9b
global_step=185856 | return=-85.22 | steps=130 | track=d91c1b0e32dcafb5d5777636dbe75c94
global_step=185928 | return=-91.81 | steps=131 | track=2855a85aa21f9ddd88a7fff8bb359c02
global_step=186120 | return=-87.50 | steps=131 | track=473cc753d7cc5a653cce66b00d78268f
global_step=186288 | return=-89.77 | steps=132 | track=b5e8cac60c5e63cb2c97a1e38e61948d
global_step=186480 | return=36.06 | steps=158 | track=3f60c2d993d5deb78af6132664b069f6
global_step=186544 | return=-88.69 | steps=131 | track=65052147138437122cefb1f916da4c41
global_step=186592 | return=-80.00 | steps=131 | track=9ce37ef6c35e0930e2c5d8ab0e67116f
global_step=186912 | return=-95.01 | steps=131 | track=4c369999594e2ffe87db9f4e41ca4a66
global_step=186984 | return=-84.48 | steps=131 | track=1fc817d25f6823926977b362627c4fa2
global_step=187296 | return=-67.35 | steps=101 | track=f20b99e7a933ce2b6cc6a0ba4f3f8492
global_step=187344 | return=-82.06 | steps=131 | track=0504e379faafe29a7d584bfb3e1928e4
global_step=187352 | return=16.18 | steps=153 | track=7b0a8e842a52ac9f4d82174634c02602
global_step=187600 | return=-101.79 | steps=131 | track=c248c92b9c63ace77d10d0b8f27b4fa6
global_step=187648 | return=-89.31 | steps=131 | track=2f93b27344687a537632e93da2b0f2be
global_step=187952 | return=-61.78 | steps=129 | track=408b687a700d71f65aeb68e7b15096c6
global_step=188016 | return=20.07 | steps=45 | track=0bf9ecbd95ef1b1de973483289bf701a
global_step=188040 | return=-85.53 | steps=131 | track=7f05b10fcedf7c1ff093f6d12103f1ae
global_step=188088 | return=101.28 | steps=454 | track=e0d194aa6ad5a989fa6a49593e63cd0d
global_step=188352 | return=-99.04 | steps=131 | track=94a7b49cf8016177724f9387f631b4a3
global_step=188408 | return=-86.14 | steps=131 | track=0f045f7d1f636703260d96235dae2d1a
global_step=188416, SPS=40
global_step=188424 | return=-74.21 | steps=102 | track=8f022bae225c043ff8352e29f5576d5b
global_step=188944 | return=11.42 | steps=64 | track=f04812e2171922d5887dc61e677d67f0
global_step=189008 | return=-76.61 | steps=131 | track=b962f621870a4b700228c082b2796239
global_step=189072 | return=-87.64 | steps=131 | track=f66439b51772689c0e4f9ddacd462737
global_step=189096 | return=-91.27 | steps=131 | track=47d5c3c53550ca94dd7c5b34b0ffefbe
global_step=189104 | return=-53.09 | steps=219 | track=1a4e9ba424250da52ee0704f9229e855
global_step=189144 | return=-101.15 | steps=131 | track=0a322fc704bbe28c804cfc8eb2d6bd4a
global_step=189408 | return=-89.97 | steps=131 | track=7529b696a368b2d6d4e5b66e86b17d60
global_step=189456 | return=-105.27 | steps=130 | track=3a3e5b1b94b58571f163a14487f70b6f
global_step=189904 | return=-7.13 | steps=61 | track=72194d79055207c1627ec973e3bcf6f5
global_step=190112 | return=-50.24 | steps=120 | track=94fb630abbaec0833c4bb072d93295a2
global_step=190128 | return=-83.76 | steps=131 | track=f2d4ed4b35a4cf5e1171281b0a8cabaf
global_step=190144 | return=-53.30 | steps=141 | track=c5a5ea9239f5621ddf67f11249851e6b
global_step=190152 | return=-92.29 | steps=131 | track=b4822b94e608c41a0be040ff737f2b55
global_step=190184 | return=-60.76 | steps=134 | track=77d69daab7c0e467e932d5e701c25569
global_step=190688 | return=62.55 | steps=69 | track=a59d38b9fefb9560656b68e840182b50
global_step=190720 | return=-127.60 | steps=221 | track=fed436bcc2230f657382c0ff1abae42b
global_step=190960 | return=-69.30 | steps=187 | track=8b971d1945b9d8b1e4f58c25adfa68f0
global_step=190960 | return=-81.33 | steps=131 | track=c747a71ebc43798aa3d5f4298c99784b
global_step=191160 | return=-94.28 | steps=130 | track=bb8c2cb6a85e7411169f080baba55d38
global_step=191208 | return=-84.73 | steps=131 | track=0a39c481afe91813636185a46d793568
global_step=191224 | return=26.07 | steps=66 | track=fa3a02df5db69a811be5a00f8550fe40
global_step=191240 | return=-109.11 | steps=131 | track=e257b41dd76c2686a704f36a5b5953ed
global_step=191296 | return=-65.95 | steps=143 | track=f6f31354eb5c1e8fbe4c6507d69d7025
global_step=191464 | return=-0.62 | steps=62 | track=2554f4eda16dbbf0b13821be577f46fa
global_step=191768 | return=-104.74 | steps=130 | track=9c59d0cde508b74520fe1aaf61a4c466
global_step=192016 | return=-100.44 | steps=131 | track=cb3590a69f0d6b76a5ce327baedaf349
global_step=192024 | return=-22.73 | steps=107 | track=dc1082ed8de84ae5677d722d9356305d
global_step=192264 | return=-86.99 | steps=131 | track=d62d55054f251ce667cfc01ea6bd7037
global_step=192280 | return=-91.65 | steps=131 | track=9188df2559399af0e484bacfa1d86dc8
global_step=192296 | return=-97.28 | steps=131 | track=34d6a0f9fe46d6ebae6aad36353d3583
global_step=192528 | return=-82.56 | steps=132 | track=88ba26b68a71086d455d781db585dcaa
global_step=192752 | return=-2.29 | steps=91 | track=8880f017415337291b8406a47fe297c0
global_step=193080 | return=-98.74 | steps=131 | track=9eadaf73962cadbfda9ce08e259e3138
global_step=193256 | return=-90.34 | steps=244 | track=952f75732383e5c6d9e22999251c35f9
global_step=193320 | return=-99.63 | steps=131 | track=6e75006cce114470e9bddf5e2b0ebfa6
global_step=193336 | return=-89.47 | steps=131 | track=10a9add822b7ca0e642fd6fc64fe912b
global_step=193352 | return=-94.30 | steps=131 | track=fa34a951e7a1d2d0c9a8591afc18cebb
global_step=193560 | return=-26.86 | steps=223 | track=8f2723c74fabd4ff0ad5bf75b29089c2
global_step=193584 | return=-90.16 | steps=131 | track=b1f3425ff4aee422e739399a0066deb6
global_step=193768 | return=16.24 | steps=63 | track=f87ca9149bf5aad545e17448700f18cf
global_step=193808 | return=-86.55 | steps=131 | track=e04f19ab103a865d3aa1375b4a0b040d
global_step=193872 | return=22.96 | steps=64 | track=db0c89c6ace98ba8328932751878039b
global_step=193952 | return=5.85 | steps=108 | track=7096c8d44d578db68b1801a95e424332
global_step=194296 | return=-0.12 | steps=60 | track=562329f2af936663ac602d4e6e0d3b1b
global_step=194376 | return=-95.67 | steps=131 | track=b1ffbc716263943d91fd61f9e8eef342
global_step=194552 | return=5.98 | steps=151 | track=d26281c3b6ce7ac56fb050a98e62dc06
global_step=194616 | return=-96.49 | steps=131 | track=67f4f16bd5250d0b4f3201fcf5e88ba0
global_step=194824 | return=-111.39 | steps=131 | track=f5695f002655daba6d8450e05f65fba7
global_step=194832 | return=31.10 | steps=155 | track=ee3dc16c0f41de1940e47d949a627c3f
global_step=194928 | return=-89.48 | steps=131 | track=b2d7274cc5edb8db8df739a59e567be0
global_step=195000 | return=-86.51 | steps=130 | track=0d34aaeaac2b20ff8b077e8fa6253589
global_step=195128 | return=6.81 | steps=71 | track=b22f4f875c3692e5034aff2390514dba
global_step=195352 | return=-89.11 | steps=131 | track=95f775c95c59e3c13d593b164ce0177a
global_step=195432 | return=-89.97 | steps=131 | track=0ab2d25875559c934a1f9b95b977a238
global_step=195496 | return=-8.19 | steps=61 | track=c821ed74fe6ec21ae5135b0ee5d6ab09
global_step=195672 | return=-89.71 | steps=131 | track=e70b5bc7f582f9b44de4b031e4473d06
global_step=195880 | return=-88.99 | steps=131 | track=12d736bd0eaef9e1ed0eb7d78d74532c
global_step=195888 | return=-112.12 | steps=131 | track=c326e93c7728e903bb72f44271923a46
global_step=195984 | return=-87.82 | steps=131 | track=5dd50eea4c6e761acd32fc0265546130
global_step=196408 | return=-97.54 | steps=131 | track=73267030c03de517c4fe3fce7bba1ac1
global_step=196488 | return=-95.01 | steps=131 | track=5a9f166f4eb4ab384ef9dcd818e8cde2
global_step=196552 | return=-105.05 | steps=131 | track=6ad44582ac81b71332f56358d5006474
global_step=196608, SPS=40
global_step=196728 | return=-88.89 | steps=131 | track=f6e2c7e07ff32a8f9e12b9e43689ce57
global_step=196936 | return=-91.02 | steps=130 | track=2ebcb3c75e1688f3135f721db36149c1
global_step=196936 | return=-49.15 | steps=131 | track=eccc813702501e6b48e5882bb0bd8a0a
global_step=197040 | return=-89.71 | steps=131 | track=9ca1779b7977726d6973bf5535885b39
global_step=197288 | return=224.03 | steps=269 | track=f96f8809d57a48c2fd72da0e4c4b7bec
global_step=197336 | return=3.22 | steps=75 | track=ddad9c0175c386f9ec8387280a67e044
global_step=197432 | return=-14.04 | steps=61 | track=20c0157e49e234e375fe580f15c20639
global_step=197464 | return=-86.36 | steps=131 | track=bb65cac07ce2db3a3a6ca3520d6aa2b9
global_step=197464 | return=57.15 | steps=65 | track=711788b192f3c0fac077204395705f40
global_step=197544 | return=-90.43 | steps=131 | track=3f4fdc8c549a1ee18a4cae8234e67a76
global_step=197568 | return=18.89 | steps=65 | track=079844ac6b9ee6d2c1c9804a560ea6ad
global_step=197608 | return=-76.97 | steps=131 | track=178688c10cd5b873b255fffada4e998c
global_step=198344 | return=-65.30 | steps=131 | track=90fc92bbeb28901f991c3b7970309006
global_step=198392 | return=-82.88 | steps=131 | track=4fb53d4a5cfb8a1421b6839c2f4daa44
global_step=198512 | return=-52.49 | steps=130 | track=a2e3066ad3a44a6a03930a04190ea96e
global_step=198568 | return=-54.94 | steps=137 | track=fcead571ada6eea648e504e8dd20334d
global_step=198600 | return=-89.94 | steps=131 | track=b055283fc40d868c712276510c910914
global_step=198624 | return=-83.70 | steps=131 | track=638e3495352ee6643f43444eba915093
global_step=198648 | return=-97.11 | steps=129 | track=8fa3a49eb90b4351c3f4b0a4d043ea4f
global_step=198720 | return=-55.25 | steps=160 | track=c0d3e4ebd69f345d6df48ff8c7246c63
global_step=199072 | return=8.64 | steps=62 | track=7aa00d1d8688c14b56b2a985fa0c90dc
global_step=199440 | return=-93.71 | steps=130 | track=ad909ef6cc274ad6db86a048bfe0aef4
global_step=199560 | return=-103.94 | steps=130 | track=d959cb8cddd28b6d4855d769a278f8af
global_step=199584 | return=16.60 | steps=154 | track=60edf27975e7f42a52b20923572f68f8
global_step=199656 | return=-87.09 | steps=131 | track=6d61cc1f642b073e58a01806fb83b002
global_step=199680 | return=-78.56 | steps=131 | track=1616b86dc070c8ccc65d700338e4dbcc
global_step=199704 | return=-81.80 | steps=131 | track=111abb886d1e52871fe8720097974d67
global_step=199760 | return=-11.94 | steps=129 | track=083b1d018fd9cc1451415d2cb3a6fe99
global_step=200080 | return=-49.19 | steps=61 | track=32ce637d4d6a130b0ca68e606d19d661
global_step=200128 | return=-86.85 | steps=131 | track=a87fdd049fabefe7f5d50bd796c0effb
global_step=200256 | return=-6.31 | steps=74 | track=f7cd6d066ee3b81f2904d5c1ed6e65a2
global_step=200496 | return=-91.65 | steps=131 | track=0c3d6ca8472c5915b685b5cd859c2487
global_step=200592 | return=10.61 | steps=63 | track=cffb2d354438242697d4697170a03f9e
global_step=200616 | return=-88.63 | steps=131 | track=cb3cca5a075705832b0f7e9172a37d9a
global_step=200688 | return=4.00 | steps=69 | track=ff08107abfd8bf1daa934be43d236dda
global_step=200728 | return=-99.96 | steps=130 | track=514e7bbe0e68ab61d6d8bac2640a480c
global_step=200760 | return=-88.67 | steps=131 | track=1652289007b1da5a7091260911f024e1
global_step=201312 | return=-92.03 | steps=131 | track=89a6303576cb67cafa3c28a7dd65fb41
global_step=201568 | return=-96.75 | steps=133 | track=47ff3125144181c4df933ae830feff90
global_step=201648 | return=-84.21 | steps=131 | track=884d1a097dcb2ac6753619b2f52e2bac
global_step=201672 | return=-95.20 | steps=131 | track=060a0571a2eb58dc5d53d643faaf0561
global_step=201744 | return=-86.11 | steps=131 | track=0406599ff87a3d4cf687649e69e8c6a6
global_step=201784 | return=-95.45 | steps=131 | track=70d3ac70f3287537a525748be46ad3e2
global_step=201816 | return=-78.88 | steps=131 | track=cae087277b5154732f8badb1c064bc80
global_step=202344 | return=39.50 | steps=65 | track=81de36f2bfbd714fdfe715152e4febbb
global_step=202480 | return=114.16 | steps=339 | track=efc64680e2a677252dbb037c9ac503aa
global_step=202536 | return=-73.13 | steps=107 | track=930f55db9f153e29fa1adfde298b3803
global_step=202544 | return=4.30 | steps=153 | track=3dd5c3adbf26efdfb9baa98e4a13db5c
global_step=202624 | return=-90.79 | steps=131 | track=aecec746c26ec2fb3b84162ba59e9cfd
global_step=202696 | return=-95.17 | steps=130 | track=70178450dcdbb10e8fbc6be302ce4e88
global_step=203336 | return=-77.98 | steps=198 | track=7eddbe5736d21b2231e98aae575a3d29
global_step=203536 | return=-89.97 | steps=131 | track=2ba03a9f62e9f48c038fe9f2e25feeb3
global_step=203592 | return=-85.68 | steps=131 | track=a21a0daf146d604d3c9e79090d12c81b
global_step=203600 | return=-85.40 | steps=131 | track=5c449469efbce46c24fa53e3476e4231
global_step=203680 | return=-83.96 | steps=131 | track=852269d3c04c015a91a3995f58c506cb
global_step=203752 | return=-97.00 | steps=131 | track=be10e0e024cdd537e545351340ed7efb
global_step=204024 | return=-31.29 | steps=279 | track=07b02819fb077937da1fac2c4406c835
global_step=204120 | return=28.39 | steps=65 | track=fcab5498821225e78c8ad017c1ecacce
global_step=204152 | return=58.29 | steps=68 | track=2bcc0737f6a14ca6b67cda11b5bae5d5
global_step=204192 | return=-2.04 | steps=230 | track=b3d8f354c8a1712763b84fb2328d8f33
global_step=204392 | return=-103.32 | steps=131 | track=a2fc6c4c0b666fa2a6248e5d6783bb8b
global_step=204592 | return=-86.47 | steps=131 | track=56e6813171bc80c604a876b0c161ff44
global_step=204616 | return=-12.33 | steps=107 | track=f3de2aae2faf609ebe9016fe8e08c5ee
global_step=204728 | return=-9.99 | steps=66 | track=ec4398439832d97b32b0678ea795cd3c
global_step=204736 | return=-47.34 | steps=131 | track=e8578afee524c2cd4f70a4fd7747a7d1
global_step=204800, SPS=40
global_step=204896 | return=19.08 | steps=62 | track=55a702e52ec1a6c235d62708552ddb54
global_step=205072 | return=-97.05 | steps=130 | track=bfb0c88d5eb6f2872482858033736c3c
global_step=205168 | return=-94.60 | steps=130 | track=7ea71dee8af5746e71019711dd6d38f3
global_step=205280 | return=-4.46 | steps=67 | track=ca6d3d4a1a6fad629fe38615f85f359a
global_step=205280 | return=-77.53 | steps=140 | track=e1333fe101c46378801a33c4e0a9f426
global_step=205680 | return=-87.60 | steps=132 | track=586ea5d5625ec0640523b22b2fd8d3f5
global_step=205768 | return=-48.49 | steps=146 | track=956307c19a0159309481a5b35a550aaf
global_step=205792 | return=-39.29 | steps=89 | track=bf5a549cdc0f5ad8536381d405911abb
global_step=205952 | return=2.07 | steps=152 | track=48eb40430b8bee104d14916165304a2f
global_step=205952 | return=-86.11 | steps=131 | track=74aa231ae5726e8c8ed4e9fe7fdbb13e
global_step=206224 | return=-67.77 | steps=131 | track=695a629d95689aa1fd03cb6428b1f030
global_step=206328 | return=-37.21 | steps=46 | track=05abf43b390c9d11cf25ffb61099fbe5
global_step=206336 | return=-85.20 | steps=131 | track=c224742206ad7ffed5a2541520952d47
global_step=206336 | return=-93.11 | steps=131 | track=8abcdd2dc324bfc94825fd49b8046a5f
global_step=206608 | return=-12.42 | steps=81 | track=c410cf6f302ac9099ccbd4a3c3620142
global_step=206736 | return=-95.67 | steps=131 | track=77249ed8a898e719f1663b26bfdd0ddd
global_step=206816 | return=-88.41 | steps=130 | track=cb44d0098ad584f42574275c827eb50f
global_step=206840 | return=-100.15 | steps=130 | track=f48eca4ad4158060e3cc1f0643ca3117
global_step=206896 | return=50.74 | steps=69 | track=a1740a0be369ce2d8fce4be0ca9720d2
global_step=207136 | return=47.34 | steps=65 | track=56b5087cc4a7dfdb5f6e89643e0ac7c7
global_step=207280 | return=-80.46 | steps=131 | track=4c4b1f69c0ab4ae2a57582a2c16711f8
global_step=207312 | return=7.45 | steps=61 | track=bc13debe0785bb8cee91a04d99366e87
global_step=207432 | return=-56.24 | steps=136 | track=70b0e6a430a48021f430ac2329605a49
global_step=207456 | return=60.07 | steps=69 | track=64c50c43e8c98202f13098b4aba94100
global_step=207472 | return=-57.00 | steps=142 | track=ae118b2faa57d9f7bdda8fa96266b992
global_step=207640 | return=12.93 | steps=62 | track=879764da7f3d6005d9eafbf4dfd03834
global_step=207896 | return=-93.13 | steps=131 | track=ed672aef323570b676a16a1da135e8a7
global_step=207976 | return=9.48 | steps=62 | track=347505bb65c092e117a990fd5503ce9e
global_step=208128 | return=38.26 | steps=83 | track=a23284bf8c2e0bd1ff5c126177fc6ab7
global_step=208168 | return=47.15 | steps=65 | track=52a297dcf884e040d4441fe193c95506
global_step=208328 | return=-92.68 | steps=130 | track=55136ea7012eb91255d8aff3a4a4569e
global_step=208368 | return=-84.46 | steps=131 | track=1f31057d1ea707ea45e8aa97b607535d
global_step=208488 | return=-92.40 | steps=131 | track=0f05eff2aaca1693700cededd7cfe089
global_step=208952 | return=-93.51 | steps=131 | track=142e23205fc94abc6340dd8cce8b3385
global_step=208960 | return=-71.95 | steps=98 | track=1ef06d8418451fa24f9f4f32805ef3ae
global_step=209032 | return=-88.80 | steps=131 | track=5a364d4769972cd7e44e8790883fea1b
global_step=209176 | return=-81.01 | steps=130 | track=768cade63b9fa41f472fc4a3409d371b
global_step=209176 | return=-75.51 | steps=100 | track=c3c2544d663dcc7a1ddae2f61cf7a5a3
global_step=209208 | return=-7.26 | steps=308 | track=df8de8248d784638c6611a7b98e42c66
global_step=209384 | return=-98.70 | steps=131 | track=92e34269bc891a73ec8d178fb76f92ae
global_step=209544 | return=-92.01 | steps=131 | track=10ebf595370cca31b168c7f335d02f56
global_step=209552 | return=-50.07 | steps=46 | track=b2bdad8a96a3e713f6befedea97676bb
global_step=209912 | return=-2.62 | steps=91 | track=2cc397764cc6276b06585facd23beeaa
global_step=210008 | return=-89.00 | steps=131 | track=5dac1f02f8bc5f1a0563021d52439075
global_step=210016 | return=-92.91 | steps=131 | track=fdf4b203ef948e73037bb25dad7148a4
global_step=210056 | return=-81.97 | steps=105 | track=92cb763079c162e12ba5f8bdfc5d51eb
global_step=210088 | return=-83.98 | steps=131 | track=708367240b8f58c0ed297af3a1d6b454
global_step=210432 | return=-93.89 | steps=130 | track=33e70ce8789c191c383e66a540c17f94
global_step=210472 | return=-34.56 | steps=56 | track=4c531d306652a1ad9c2b1696d19dde5b
global_step=210600 | return=-88.48 | steps=130 | track=cc7ba01c109b17176e1c48f12de51c5b
global_step=210600 | return=-92.06 | steps=131 | track=e8f2b8d91377766e735a6f7b7d158dcb
global_step=210968 | return=-93.48 | steps=131 | track=d3942d3b46148b54ed787f8f2a878b61
global_step=211064 | return=-111.21 | steps=131 | track=ba5d1538b4887a8677ebcd74bf1644d3
global_step=211088 | return=9.77 | steps=76 | track=cfefbf9f4d7da6a95227e03081948495
global_step=211120 | return=22.54 | steps=64 | track=762127b7c183ceff32500d11275f7252
global_step=211120 | return=-100.32 | steps=132 | track=4eb515dcf14da907b4e71b3db5389e47
global_step=211256 | return=-12.12 | steps=145 | track=27a76251474d36bb27ad8a219f0436cf
global_step=211296 | return=-75.31 | steps=107 | track=be406ccea41c9a5e2d7e6db7e3f2b620
global_step=211656 | return=-96.13 | steps=131 | track=a86d1d9879dffebde0141ea3ff25d08e
global_step=212024 | return=-92.08 | steps=131 | track=c1648200c7e992968bd11cbc916506c7
global_step=212120 | return=-87.64 | steps=131 | track=ae72f88a840f19687fe3e51236361106
global_step=212144 | return=-101.75 | steps=131 | track=c5e2f617d1f7f26d1598d555930fea5f
global_step=212176 | return=-94.19 | steps=131 | track=a34cbb4b12fad7e10753eea6db91bb2d
global_step=212312 | return=-93.76 | steps=131 | track=6ba952531d2bdad6c02df1a3785b0d4d
global_step=212352 | return=-92.58 | steps=131 | track=0fd1c99218f1677d3cf3c13e129e48a9
global_step=212584 | return=28.71 | steps=69 | track=d0536d1fe71232762154241d7134fbba
global_step=212712 | return=-97.14 | steps=131 | track=148ed9b238516883caa493a2da245409
global_step=212992, SPS=40
global_step=213064 | return=-48.57 | steps=110 | track=59ddc71573f560d7ae7bbaecabfb2ce7
global_step=213168 | return=-92.76 | steps=130 | track=b1d859bf3c6492995fda229a0bbc4ae3
global_step=213200 | return=-87.64 | steps=131 | track=e33cbd0b3f505ccd153c6f3785522920
global_step=213200 | return=-74.10 | steps=110 | track=686873b64c05b7e304bf1b7b661e3001
global_step=213240 | return=31.44 | steps=65 | track=df0aed47c77f5f00604eb3e7175ce47c
global_step=213408 | return=-89.97 | steps=131 | track=1266a971700df71271661a54e4f41973
global_step=213432 | return=-24.38 | steps=288 | track=aade6c2d08becb5b3b6883017875b0b3
global_step=213584 | return=24.08 | steps=64 | track=11a4e58a5bb4eb93e0428f72b80f17c1
global_step=213792 | return=3.84 | steps=150 | track=4c09b4248e1bdc9cc72449bd5b309306
global_step=214112 | return=33.34 | steps=65 | track=2c4ba766f777f55cac9e5c3810b3ee3f
global_step=214224 | return=-84.73 | steps=131 | track=144f2cef433673a1da01e6d152a24074
global_step=214256 | return=-88.23 | steps=131 | track=e8bac21c47e2a95432aeae3c942996b7
global_step=214256 | return=-92.40 | steps=131 | track=4a28906d8ea3da7ea6bd3b960f3fcf9c
global_step=214296 | return=-94.66 | steps=131 | track=3d8c1aadf39f554dc74516bfe9bc8560
global_step=214456 | return=-87.02 | steps=130 | track=436e315250d4616a3c4426a48017b01b
global_step=214480 | return=-77.74 | steps=130 | track=675a5a3e8bb18c88623bf0a5687e1147
global_step=214488 | return=-42.09 | steps=46 | track=2f145a01b824f8a3c21c4fc8344b23d4
global_step=214704 | return=-8.64 | steps=55 | track=9a0d1593be63114dbba3f63823353cae
global_step=214848 | return=-88.26 | steps=131 | track=0149cfcb152ad9831e832e86fea75847
global_step=215200 | return=-61.20 | steps=89 | track=53ba5c506910fc21d9e5655319613498
global_step=215312 | return=-93.48 | steps=131 | track=4ced3bd3de084781454f014ed513eef2
global_step=215512 | return=-92.95 | steps=131 | track=b5329646e81996e249915376bd1a23e1
global_step=215544 | return=-81.64 | steps=131 | track=b924bc5d5fbe36785494c832fbd858e2
global_step=215584 | return=-77.88 | steps=109 | track=a5a67664c30c9a4ebc6dc790a229ee05
global_step=215728 | return=-103.90 | steps=178 | track=14225acf4e6a7beba2747cdaee85becd
global_step=215816 | return=7.81 | steps=198 | track=6f62a91fce65800d4fb6ac25fd111abd
global_step=215912 | return=-105.10 | steps=132 | track=8c798844c4b96bc056a8ca3162c9cf28
global_step=216120 | return=29.21 | steps=66 | track=978b9b4f06ec4fcfedfa935320cf213c
global_step=216256 | return=-84.95 | steps=131 | track=678d99df83c7ec1d2820d6dd650b691a
global_step=216352 | return=29.98 | steps=66 | track=fad29ed5f31d77a8cfba35b5ba27e009
global_step=216368 | return=-89.97 | steps=131 | track=a07aa4982330daa31771bfc0b591ef38
global_step=216568 | return=-89.71 | steps=131 | track=38aec7cd5fc92f0c9309a5c345af364a
global_step=216784 | return=-86.38 | steps=131 | track=52e9d9df8e333be5cbb76a798ff7a9fb
global_step=217056 | return=33.39 | steps=188 | track=3899a40208c8793a0bc1158438b0b5cf
global_step=217176 | return=-101.53 | steps=131 | track=da0fc72af72b3c6aa873c0b9b4b61242
global_step=217312 | return=-84.02 | steps=131 | track=64a613fba03c658dc7b72984aa24f9bc
global_step=217400 | return=-108.88 | steps=130 | track=56e80afbf1ef6d85566e026a5e0b4fe1
global_step=217424 | return=-99.87 | steps=131 | track=6eccb7cfa0c672f7f98339652c6cd7f3
global_step=217472 | return=-70.17 | steps=194 | track=62c3c7658f8e35cec4351845f50ce8f1
global_step=217624 | return=-88.53 | steps=131 | track=48db4e79f3b0226c87ea3d4ab3883a4a
global_step=217832 | return=34.08 | steps=64 | track=17474e5067aafb51a1143aa7d410bd41
global_step=217840 | return=-101.15 | steps=131 | track=980912757082ffcb30d68a2ff108a746
global_step=218000 | return=-36.03 | steps=46 | track=2e27988bef20e897ddde6f77347b801f
global_step=218104 | return=-90.87 | steps=130 | track=b1665e458f9a5699cdc5e7c860f7aad8
global_step=218232 | return=-94.84 | steps=131 | track=cfacb250be358184af7bc179ae100bcf
global_step=218288 | return=-69.40 | steps=101 | track=232822838223a797b784f634425e81c3
global_step=218456 | return=-71.13 | steps=131 | track=ad6f4ab25bf0158a061a717dd04546a8
global_step=218480 | return=-93.11 | steps=131 | track=dae176de090e37dd33581e89e6e92607
global_step=218752 | return=59.22 | steps=113 | track=3b3c58de979b047d2d1a8906b76623a2
global_step=218880 | return=-84.05 | steps=130 | track=7260a179e4a882f10105a6ef314c1cff
global_step=219048 | return=-85.38 | steps=130 | track=8c733c4bb358013dabeb83960f1e08d5
global_step=219160 | return=-95.41 | steps=131 | track=705101d4b1d427bf88c596bd0d212e28
global_step=219344 | return=-93.17 | steps=131 | track=19776ef725bd6efee5ba0f8f5e16beb8
global_step=219504 | return=-92.77 | steps=130 | track=399e010c5d81dcc08575ac58d0215e30
global_step=219528 | return=-97.57 | steps=130 | track=e06b304429f4fe6eb8cb117926f31b58
global_step=219680 | return=49.53 | steps=78 | track=67d94b0f0e14dc307095bb2f2bb5153b
global_step=219808 | return=-88.06 | steps=131 | track=7cc95c7a00ae509755feee7b602a6d0c
global_step=219928 | return=-84.98 | steps=130 | track=10048adfeb436b0c4b5d0921be5ddc26
global_step=220064 | return=45.19 | steps=69 | track=f7f7f5f4a65905fbc2d4b354f1082116
global_step=220216 | return=-84.21 | steps=131 | track=ed4c65cd1979d381f19dc80db0b73eea
global_step=220400 | return=-89.98 | steps=131 | track=28ba02beb0c6a81b5d1af873ae859f1e
global_step=220576 | return=-88.46 | steps=130 | track=74519ee304717e55d12613c098b8bbd3
global_step=220656 | return=-38.83 | steps=302 | track=c58153dbcee3d36d1bd70257748c6f49
global_step=220728 | return=-96.90 | steps=130 | track=40682cf68eb3437633dee4e435248c50
global_step=220816 | return=-48.06 | steps=93 | track=387c97067900110f4b04d9804cfb3289
global_step=220856 | return=-86.17 | steps=130 | track=fa58e9441c17bd45e7adbcd82a455975
global_step=220976 | return=-91.60 | steps=130 | track=df1a6b952555ea928de251fd7aa03c84
global_step=221184, SPS=40
global_step=221328 | return=-41.73 | steps=93 | track=1d2f74b88d4c5d7255d35f117db4427d
global_step=221448 | return=-89.98 | steps=130 | track=765a232878307f177e1a4aa42693eab1
global_step=221480 | return=2.65 | steps=62 | track=39e9a162ff5047802302fbed1eb5deaa
global_step=221520 | return=-51.36 | steps=162 | track=9f55b8f0aefff1332ec890d5235cfc7f
global_step=221712 | return=-82.93 | steps=131 | track=770747ce05f06c0a6d8c216cdf7a6cbf
global_step=221784 | return=-85.66 | steps=131 | track=04ffaf0ac546161f6f161a1e250ae907
global_step=221872 | return=-91.64 | steps=131 | track=6cac47ab89f9822fcefcfda6d797a412
global_step=221912 | return=-80.85 | steps=131 | track=c3e95b4b7410bc53c98dfc284aabd610
global_step=222344 | return=31.12 | steps=69 | track=92cfcce8bfbd803bb37c339621a3f2a0
global_step=222384 | return=-90.35 | steps=131 | track=2a4f2f68093506ffb4c7fa6c77692ede
global_step=222456 | return=35.52 | steps=67 | track=9eb866880b2052e394e41d11e84cf0bd
global_step=222496 | return=-51.13 | steps=130 | track=c6600dbec6b3b4d214b624da310a7f06
global_step=222536 | return=-98.86 | steps=131 | track=9a3f40355031c9b91420e9b1a09b6f66
global_step=222568 | return=-91.06 | steps=130 | track=fa2cf87b46b3ab97e616bff4a2929b70
global_step=222776 | return=-96.27 | steps=132 | track=3d3296e88e0337fd972b74c13ca4acf3
global_step=222928 | return=-68.06 | steps=131 | track=1765fe93a2743faa81cb28682c46825b
global_step=223008 | return=42.90 | steps=68 | track=a818a56bc1e9921c794e422965cf6215
global_step=223280 | return=-54.60 | steps=92 | track=dd32bde071442da0e817e5a0a5c73187
global_step=223400 | return=-89.20 | steps=131 | track=0cca66d76b085c4154e2a3a104956724
global_step=223440 | return=-73.80 | steps=131 | track=7eac1feeb572dffe291bf3d7c9f0cb16
global_step=223552 | return=-81.86 | steps=131 | track=098a460284207b6dc44656f5d010cefa
global_step=223616 | return=-91.80 | steps=130 | track=00f5562ea09999ffc4b90b6c66d6e43a
global_step=223832 | return=-103.21 | steps=131 | track=b008116b221ef8831add5aff7faffcdb
global_step=223984 | return=-84.71 | steps=131 | track=42a9f59b419bac15e64fbd0400f030c4
global_step=224064 | return=-93.26 | steps=131 | track=9f9f57df1490ee9971b13db25ccdeeaf
global_step=224448 | return=-98.95 | steps=130 | track=a36951ba0b36e5f7b3f0cebc2e13e726
global_step=224496 | return=-88.90 | steps=131 | track=a203dba10c52c8d6d977630bdcaa0b8b
global_step=224600 | return=-94.59 | steps=130 | track=d1cdd9999a42ead8c6d51a130c873e72
global_step=224672 | return=-80.50 | steps=131 | track=17f2e53b57f6e38d2126840d395affe9
global_step=224752 | return=-25.94 | steps=95 | track=cea9a6cc92d66cc2397fe97bd2566ef7
global_step=224888 | return=-84.50 | steps=131 | track=b18ef70f09f9906afc7fe3597004350c
global_step=225120 | return=-85.43 | steps=131 | track=f6f9ffe328e51aad52145e8a0c7a410e
global_step=225248 | return=60.17 | steps=245 | track=e9bc4337a5683dc1fd9a61a909e7996b
global_step=225488 | return=199.01 | steps=74 | track=5e4761694901e5eeb16585df2a77544d
global_step=225496 | return=-92.58 | steps=130 | track=f78bfb80e2dddcee080a3396b4f73e94
global_step=225544 | return=-93.50 | steps=130 | track=1d0c938582d08d84daad6d8fa961b52e
global_step=225720 | return=-99.64 | steps=130 | track=df1072749f11eb7fdafbecd9ecd9e41b
global_step=225808 | return=-103.50 | steps=131 | track=a6576ee002749be9ba96a8d043659f27
global_step=226024 | return=-57.19 | steps=177 | track=70e13147e27267405c22ac02938b67e9
global_step=226248 | return=-33.07 | steps=94 | track=527a78c7152523556fcc564e15cd9af8
global_step=226272 | return=-37.38 | steps=143 | track=2a41295986c1c0335005e21adae339a6
global_step=226304 | return=-86.40 | steps=131 | track=1d146800d3bd3d7be9c5eb66ca409d73
global_step=226552 | return=-88.77 | steps=131 | track=25c343232a74451dd979c05487ca5d67
global_step=226600 | return=-84.30 | steps=131 | track=09b520c2ea64182781991a2a7f4ebb78
global_step=226768 | return=-101.10 | steps=130 | track=35f0ec76d4fc7c526d4fa0b94908c2da
global_step=226816 | return=-33.67 | steps=63 | track=57bf883db45092f12e34ce4889defe15
global_step=226856 | return=-95.86 | steps=130 | track=57b5c928a186a0423bf4bb209f1b850b
global_step=227080 | return=-97.11 | steps=131 | track=29c5db68d858a9bdf557c50d23565c6e
global_step=227304 | return=-92.31 | steps=131 | track=0749845644e9899fae9fb92112daca94
global_step=227312 | return=34.49 | steps=67 | track=0eb50d1f9ec84b9a03cdc7236316ca4b
global_step=227328 | return=-80.50 | steps=131 | track=c1272b3868e4e5b4dc5f26433c921ace
global_step=227600 | return=-62.05 | steps=97 | track=020e8df96332e756ceafa34af8f397d5
global_step=227608 | return=-85.09 | steps=131 | track=ed18c2c8fe41740f4c441a7cfa7d9a81
global_step=227648 | return=-89.50 | steps=130 | track=f92ad26b036ef7d3b67156b8be54e92f
global_step=227912 | return=-75.01 | steps=131 | track=8fca78c73230f9dadcfec753454f8fd6
global_step=228200 | return=-88.40 | steps=110 | track=b47bc7acb5da69d7da56d4ff11f29023
global_step=228288 | return=-86.56 | steps=150 | track=3aec496e8f6ae039f20f64d1881d223a
global_step=228416 | return=-27.07 | steps=138 | track=959d367bb2ac240ecc95eedae57fa27d
global_step=228656 | return=-91.40 | steps=130 | track=28cbd1b48d5bffdae77d6b9ccc5ec7c9
global_step=228656 | return=-95.07 | steps=131 | track=8e7316026429c7cb2586640f7ffdfc1e
global_step=228816 | return=169.86 | steps=185 | track=a9375bcdfb6be67631195df13ac13314
global_step=228968 | return=-89.66 | steps=131 | track=f87df16966d6ecc53ff45cdc27b8c546
global_step=228976 | return=-76.04 | steps=165 | track=39badebc9c8a7e786038e2e0fc696aca
global_step=229256 | return=-96.97 | steps=131 | track=e4de11dfd384f9affc763fb88085c873
global_step=229296 | return=-8.66 | steps=125 | track=c202b2b70055f1d153e7082d7cb8b684
global_step=229376, SPS=40
global_step=229464 | return=-91.99 | steps=130 | track=c8a32821f2481c4aad065d45a8488341
global_step=229712 | return=-88.67 | steps=131 | track=529052b059d27658b83f1361cc5686ca
global_step=229864 | return=-104.17 | steps=130 | track=ee176e092be07b40269b1d3c790afb92
global_step=230024 | return=-97.69 | steps=130 | track=0362ed7b9f7077cc5b94f7901f99bd9f
global_step=230024 | return=-89.97 | steps=131 | track=586537634657521d01ff0a7746396adc
global_step=230256 | return=-78.71 | steps=199 | track=38a23ff60b792ad6773fa37ada0254fb
global_step=230304 | return=-94.48 | steps=130 | track=5c3f33d6ff0eaa365b639c023ceef407
global_step=230608 | return=-12.12 | steps=142 | track=bce08138981d2928d74e57a9aba5f785
global_step=230760 | return=13.14 | steps=182 | track=ca2eddca90d668210300d5a7bee9c8a7
global_step=230768 | return=-80.91 | steps=131 | track=3ce482a7c7bbf44f1e13ae4bf139daea
global_step=230912 | return=-92.33 | steps=130 | track=679499d9c6df13a4d8001855ba485884
global_step=231080 | return=-90.70 | steps=131 | track=de172529cbfba6a9892b6b46003e7fdb
global_step=231080 | return=-85.43 | steps=131 | track=18f20609f478be819eb5ec48cb4e668c
global_step=231160 | return=53.07 | steps=68 | track=34b6cc3a7c089acbee941bb5bdb39e23
global_step=231264 | return=3.54 | steps=61 | track=8d889f3e11804d02806d09b69abb4f89
global_step=231312 | return=-77.30 | steps=131 | track=b837c8fbefd68f0ced59262a29b22f5d
global_step=231360 | return=-79.13 | steps=131 | track=ff94f4154d251ff6b97ca8f56b68cd0c
global_step=231808 | return=9.89 | steps=55 | track=2cab6e4bce14f3871a35604b174b4a09
global_step=231912 | return=-8.62 | steps=143 | track=3b837b3a979c3dc73c20e3e6f846f160
global_step=231968 | return=-93.30 | steps=131 | track=c4cfdf0e337999b9f262f154ea8716fa
global_step=232008 | return=-38.63 | steps=86 | track=1fcdb4d89dac377d97deb08e320866ef
global_step=232128 | return=-98.42 | steps=130 | track=13ba5ae76694192597451aa9d1e6b5cf
global_step=232136 | return=-70.90 | steps=131 | track=91956144861b1b737daefb62aa2d9539
global_step=232216 | return=-88.28 | steps=131 | track=1925939d8b1e2f09f7833c8df643426d
global_step=232320 | return=-84.97 | steps=131 | track=12ba65640cc4a862f89c091549192600
global_step=232576 | return=58.50 | steps=82 | track=403a1654a07477a5bde92bc9c86f8c3b
global_step=232576 | return=-3.92 | steps=95 | track=54296221eb87af276dfe4b2b9eb03f7f
global_step=232648 | return=25.04 | steps=64 | track=f2b882baceb17e6416151f7feda864c1
global_step=233024 | return=-43.59 | steps=131 | track=23b0c6c7b28d6cd8fb8fb3a4d72cc6ac
global_step=233024 | return=-73.10 | steps=87 | track=65252164fb8bbe1b01431c09dda084b0
global_step=233192 | return=-92.03 | steps=131 | track=de8c4437919f5c0ea0febcfa36f3177f
global_step=233272 | return=-87.00 | steps=131 | track=2972b89105431fa75cc27112914ed726
global_step=233632 | return=-99.15 | steps=131 | track=4fb6dc73e16070378101f83f7deea7e0
global_step=233632 | return=-100.81 | steps=131 | track=86cdaa538e96133f6628c6157abeae4a
global_step=233704 | return=-92.90 | steps=131 | track=0d67fbd15bc366ba8e1763e121e9fe5e
global_step=233712 | return=28.80 | steps=64 | track=45ded8bc24856277c6e66dbc682baa8f
global_step=234032 | return=-44.12 | steps=39 | track=0a10ee41b5cd226e25e9e996113a665a
global_step=234080 | return=-90.79 | steps=131 | track=4fc4f9088d5d0f989596a9b601d251e1
global_step=234080 | return=-100.09 | steps=131 | track=37bdeb803ee0bffcc632c9efd54c20a0
global_step=234104 | return=-91.94 | steps=261 | track=d41d357f0a3e5ecfdcdd16036e78fcf1
global_step=234208 | return=13.88 | steps=62 | track=c0e8890c9030e8c5987cc7fb0ed710e4
global_step=234328 | return=-84.26 | steps=131 | track=b3c9fa7f0f082ec15922ff07bcea89ad
global_step=234568 | return=-8.41 | steps=60 | track=fb5fbaabbe86300cf6d96544a72a246f
global_step=234688 | return=-91.04 | steps=131 | track=7c719e9a33ea3a582502137ddb0c5c3d
global_step=234688 | return=-83.63 | steps=131 | track=8cb314fcc49eb9c633505dac45a5b678
global_step=234776 | return=73.86 | steps=86 | track=e248aa53d09659237062b1fe9ecfa91f
global_step=234944 | return=-66.06 | steps=91 | track=0b251d333dda217eb8e72fc89fa0e2b8
global_step=235384 | return=-83.74 | steps=131 | track=db4677bde50f45b93be856f9a15258a3
global_step=235456 | return=-76.66 | steps=110 | track=e3a3e8024da15e37fc0f76cefa70ce1d
global_step=235744 | return=-82.67 | steps=131 | track=f09f468ce862852a8ca2e5dc1c67eda9
global_step=235800 | return=-45.56 | steps=220 | track=65ff9e80d455c492bd6badf8d1d9dc4e
global_step=235824 | return=-93.10 | steps=130 | track=6f897155d126e2c3384404cdf2ab7e6e
global_step=235920 | return=62.61 | steps=66 | track=e8ef713969ca47dd9d7d3da9dcdf822a
global_step=235992 | return=-54.59 | steps=130 | track=cc8431cdb56d4dfcbe570033cc1573ca
global_step=236304 | return=20.45 | steps=274 | track=cf1d83fd92eafa2a3c66f4e242486c98
global_step=236416 | return=46.81 | steps=76 | track=d940c05d6d52c93aa2c2efb183fb7b2e
global_step=236552 | return=-33.67 | steps=136 | track=6b7ca0d64e5b7abcaab07ae430c207ca
global_step=236792 | return=-109.28 | steps=130 | track=c0b345b408013fad8d5d44f75fc2533a
global_step=236968 | return=-105.17 | steps=130 | track=e1e458e4e6d0cbe8c6522833ad73a9c0
global_step=237320 | return=-53.90 | steps=186 | track=f2501f7d72b4d600b6b8bd4032aea00c
global_step=237360 | return=-82.96 | steps=131 | track=2e89b4f1e194455be084e9a41d7bc160
global_step=237472 | return=-98.81 | steps=131 | track=0fbe18dd958458b6458f8092eb89e14a
global_step=237568, SPS=40
global_step=237600 | return=-93.52 | steps=130 | track=4627ef45777247e5c544cd3e3e7e5b70
global_step=237792 | return=-85.59 | steps=224 | track=36a215bca131ef87072dcf098349d153
global_step=237848 | return=-93.30 | steps=131 | track=06984cee03f901cae7e95557a77d7cd1
global_step=238016 | return=-89.76 | steps=130 | track=2fa485bc32e18186541d0ec98d83b92e
global_step=238216 | return=-28.57 | steps=440 | track=0b712fabb11875df24af21a5a5d980e8
global_step=238368 | return=-94.80 | steps=130 | track=bd8d9e355b5c126a857e748d3f02c7cc
global_step=238416 | return=-76.42 | steps=131 | track=351deba188b67ffb069ebec2076e7c16
global_step=238528 | return=-102.62 | steps=131 | track=e4f48f26b8b14284a66c2e11d569cb6b
global_step=238528 | return=-48.96 | steps=91 | track=f3a945284b54cd3349c9b6eab9bb144f
global_step=238656 | return=-88.04 | steps=131 | track=aff8b5855018d84749e84e3c1736c897
global_step=238864 | return=9.21 | steps=61 | track=02dd8a18bbf6369227cc9a481b7cf60a
global_step=238920 | return=-89.60 | steps=133 | track=41229937aa8346e94c499580ded83ce0
global_step=239072 | return=-87.06 | steps=131 | track=6397e4feed802879d53ddfb80337011d
global_step=239472 | return=-91.57 | steps=131 | track=65763b5a139e08048bfcbe3e007e42ff
global_step=239584 | return=-95.02 | steps=131 | track=b3059e8947f4095e369e2e1656bd763d
global_step=239584 | return=-89.23 | steps=131 | track=4b992d4763a82c948de1d7eab7a455d4
global_step=239704 | return=-88.53 | steps=130 | track=b8b6a2fc81501859001d167febaed244
global_step=239912 | return=-92.49 | steps=130 | track=f0b295952de96e090648536f53bd9fbe
global_step=239976 | return=-95.67 | steps=131 | track=956dea75c98f848e0416ac8408687425
global_step=239976 | return=-0.48 | steps=62 | track=83c8ebbe27d4a84f1f3ab244e6279850
global_step=240112 | return=25.53 | steps=65 | track=5b238aafdaffdc407143e2d6e667d7e1
global_step=240128 | return=-89.15 | steps=131 | track=929d45b0616177c1770f072c8819ed66
global_step=240240 | return=-73.24 | steps=252 | track=0731fd83b161fe66115412e6dd23ad65
global_step=240640 | return=-83.54 | steps=131 | track=1161489c5617c40eef108e489165e3f5
global_step=240760 | return=-85.20 | steps=131 | track=ba088c934cc77c61d38c3922505b4bbd
global_step=241064 | return=-62.69 | steps=135 | track=36b17e4ca2451949798c59725d4f1c73
global_step=241168 | return=-80.46 | steps=131 | track=9d274219a7df707156389124e4224ffb
global_step=241296 | return=-92.08 | steps=131 | track=73f9735201a06fe707e101eb412b244d
global_step=241456 | return=-49.11 | steps=184 | track=70a56de1b0ecaf3a3ed460e4bac472db
global_step=241656 | return=-18.10 | steps=73 | track=d9a012104f9ae55d9486bb7a0e170156
global_step=241696 | return=-93.71 | steps=131 | track=b96fb143eac42002e0c68d08ffa1324c
global_step=241816 | return=-82.40 | steps=131 | track=758a043f7065503c8b0076b4b6e61513
global_step=241848 | return=-43.50 | steps=214 | track=ac403dd534a159bc739158c868705ea7
global_step=241944 | return=-39.19 | steps=253 | track=357e1a6344ce3601339b73fd7e2eb340
global_step=242216 | return=-80.01 | steps=130 | track=ded63fed349f007e0ebfdfd0b92aaa90
global_step=242344 | return=-83.22 | steps=130 | track=fb786403e0a90d2f43aaceabafccd972
global_step=242512 | return=-102.34 | steps=131 | track=f49f16acc274603071c3a300be5654dd
global_step=242712 | return=-108.97 | steps=131 | track=615b27994acff750b21867fc13c0bbbf
global_step=242752 | return=-81.88 | steps=131 | track=91b67c51447973d57e2c431aa186c1e5
global_step=242872 | return=-88.23 | steps=131 | track=c8650d34be748f2e34c3015242f35958
global_step=242944 | return=50.02 | steps=74 | track=41a80d7fa5b28d1393c69d7655d08af5
global_step=243000 | return=-85.66 | steps=131 | track=1e606998c576a14332cf0837bb09cdb5
global_step=243088 | return=5.20 | steps=154 | track=2f44dfe2d22451c30871129b02845029
global_step=243272 | return=-77.18 | steps=131 | track=bccb2e44445a30084888bbdc27151dc3
global_step=243568 | return=-96.35 | steps=131 | track=70b397eb241f788355b83362e6681edf
global_step=243624 | return=8.88 | steps=93 | track=933019b2fce034f5b194ca8177e2f7e8
global_step=243760 | return=-65.51 | steps=130 | track=b45fd6c873d336f7c2e1c3f140f7435d
global_step=243800 | return=-82.62 | steps=130 | track=e462ab9c72abf3b680a070448ff917f8
global_step=244056 | return=-86.16 | steps=131 | track=1d0dd536ce95cb7de972565914401102
global_step=244144 | return=-82.75 | steps=131 | track=4bdfd333815b5342946360e723a8504b
global_step=244336 | return=-88.28 | steps=132 | track=4be21050ed46c80931d2f56309cf34e9
global_step=244384 | return=-11.62 | steps=179 | track=c406bcf853254925cab844f4bfe44597
global_step=244624 | return=-98.17 | steps=131 | track=692fd566364f0ccd0d1c70ddc81984f9
global_step=244680 | return=-96.11 | steps=131 | track=83efe980d1171c155f8fe52af9089b49
global_step=244680 | return=-77.96 | steps=109 | track=57aac42f4ce974b9bcbdea047238e8f5
global_step=244816 | return=-86.87 | steps=131 | track=cf97274d81f90854d0362016349e2a2d
global_step=244944 | return=-71.68 | steps=110 | track=ae536c72896fc4452739f0f62f84daa5
global_step=244968 | return=-69.94 | steps=102 | track=357d3914a092920e5a9c4f9c2072726a
global_step=245160 | return=29.93 | steps=66 | track=89be8007350745ec2dd1280f40ed8803
global_step=245176 | return=6.13 | steps=61 | track=e70fe200c6bbb92063f79702663683c9
global_step=245440 | return=-94.39 | steps=131 | track=06455ecea849ad506d4061bdc0e610a6
global_step=245480 | return=35.74 | steps=66 | track=7a52e011011353ac88894344e1c49f34
global_step=245760, SPS=40
global_step=246008 | return=27.83 | steps=65 | track=b613476f972e5fee711e037b0b388e93
global_step=246016 | return=-62.11 | steps=130 | track=3a9e6a109d05bdae301ed249f6282430
global_step=246216 | return=-79.94 | steps=131 | track=e226727e20bbfe0b015fed284d13461d
global_step=246280 | return=17.85 | steps=242 | track=08dc482527ca448cb6acff1f82ab91eb
global_step=246320 | return=-21.39 | steps=142 | track=01630c5483a0bf3e9f14c7284abfa2d8
global_step=246472 | return=-123.67 | steps=206 | track=f975ad2f7ec2fc355eb3be7b3f8c1fa1
global_step=246496 | return=-93.91 | steps=131 | track=ff3abfeb4e7d49a78d8cd76a532067c3
global_step=246528 | return=17.88 | steps=64 | track=c2d053b4b3c20618a3db8e56fea392ed
global_step=246528 | return=78.23 | steps=230 | track=10896dbeb46c3997c84fe4605c19f2d1
global_step=246800 | return=-31.17 | steps=40 | track=96575a1decec98690f9a5ddb0b923598
global_step=247072 | return=-96.17 | steps=131 | track=e759ae7940c67fe1f057a185ae366d91
global_step=247272 | return=-80.41 | steps=131 | track=6ccd21b66884609dfab25f35d24730db
global_step=247336 | return=-92.03 | steps=131 | track=aa0d2e6a713afe204bcb56b21e543083
global_step=247368 | return=34.13 | steps=70 | track=448c67a04428cf8b6316023976ea70b5
global_step=247376 | return=-99.89 | steps=131 | track=8df69b26c9f71449ecbeb8cd13250c92
global_step=247552 | return=-88.01 | steps=131 | track=962a4dbce7449c8fa6ef1ed1ac4289e5
global_step=247576 | return=-98.05 | steps=130 | track=732c7dd2b153e2729ad08daa3c0db62a
global_step=247576 | return=-78.42 | steps=130 | track=9f473660c65d8d66da7eebb91a8f5ca3
global_step=247600 | return=35.09 | steps=65 | track=3017ee3f0ce23f678e36c0c6ff28cf86
global_step=247864 | return=7.88 | steps=61 | track=676c7b1b22917a667e15a05c1f9479c1
global_step=248384 | return=-44.57 | steps=130 | track=36e84f1583ca8c5bd7b521bed250c094
global_step=248424 | return=-98.24 | steps=130 | track=09a7d068edf48a3dd96a05a882c1632b
global_step=248480 | return=36.47 | steps=150 | track=caff002b569cd9cb6826bfb1e00bb079
global_step=248568 | return=-55.21 | steps=126 | track=fddddc71d5dced727239efda28fbd365
global_step=248632 | return=-91.44 | steps=131 | track=7dfbfddf7280efafa6b5b31d8c5f3803
global_step=248648 | return=-98.60 | steps=130 | track=7d435ee541203d6accc116ca66844d12
global_step=248920 | return=-81.56 | steps=131 | track=e34c4f9d2306d94401ac237dbf98409f
global_step=249112 | return=-25.54 | steps=90 | track=3bdb04aaa03330c5962c8319678997ab
global_step=249216 | return=-63.86 | steps=204 | track=16a95ba1619116f02861954e55b782b1
global_step=249480 | return=-89.18 | steps=131 | track=ef9e8d388546e971516b48e52f8dbd57
global_step=249496 | return=64.21 | steps=71 | track=06670959f9534182041aa55fc5e61748
global_step=249536 | return=-84.04 | steps=131 | track=f6cc6db90b49f7a0bf3be8a34adbd4cd
global_step=249688 | return=-84.48 | steps=131 | track=b7670b42c47f9f5174b403206a03ecae
global_step=249696 | return=-97.14 | steps=130 | track=892d4e056d3e238bffa4f512cb8a5f8f
global_step=249744 | return=45.44 | steps=65 | track=14a31d564c825fcee5d17f4bfd303541
global_step=249928 | return=-81.08 | steps=101 | track=d7272870651e25376728f009eaa046e9
global_step=249984 | return=-42.20 | steps=176 | track=82025651f9d2dabefdc3029f182f7153
global_step=250384 | return=-70.04 | steps=110 | track=b2e5a7505f4336a7d9b7a39470f9aac0
global_step=250416 | return=25.30 | steps=83 | track=9068f68ada73a5bb241b8f51cc054b6e
global_step=250424 | return=12.68 | steps=61 | track=371414bf7b5562ff29d5e0f6e87150ca
global_step=250536 | return=-83.30 | steps=131 | track=cbae6b0b692534797d957e08b1b3f310
global_step=250584 | return=-98.51 | steps=130 | track=63576d751d58c0b4ffc528022d644844
global_step=250736 | return=-89.54 | steps=130 | track=3d1b15ad4c6121d1aa7187dac0cc6c27
global_step=250752 | return=-88.98 | steps=131 | track=61cf8700316cb740e2b6a01e87bddefd
global_step=250960 | return=34.86 | steps=71 | track=1a22766fe6a0b42ce0bcb74cf9e92d2b
global_step=251040 | return=-90.80 | steps=131 | track=7283363863dbba84188b578ea068fbc4
global_step=251256 | return=2.20 | steps=62 | track=566a6823e32c2a3b85624be1536b4f09
global_step=251376 | return=-12.34 | steps=119 | track=ac8f837466aa4e8adcb96463c6d714c1
global_step=251488 | return=32.65 | steps=65 | track=c3fb013d639ab02517b90fadafcdc621
global_step=251592 | return=-83.54 | steps=131 | track=59e12735f097e629923c5c6abf377ff5
global_step=251624 | return=-22.48 | steps=45 | track=faf778bbfc7cd8207cbb4c6c936cd933
global_step=251632 | return=-88.89 | steps=130 | track=4561a632bf6b89bfd7757acbefa2e2d2
global_step=251640 | return=17.77 | steps=151 | track=17c17435692b7452cae7884533e99c6d
global_step=251792 | return=-81.10 | steps=131 | track=376073ffdee449d410c9594a926d525a
global_step=251936 | return=53.81 | steps=69 | track=011a0b5090efdf7ce1c6ea59f1c0d049
global_step=252096 | return=-100.21 | steps=131 | track=dd75fd0c8f6d32daa7d122efd3b6f9a2
global_step=252152 | return=36.75 | steps=64 | track=6cb500db4b716efb0126815c84a2a92c
global_step=252456 | return=11.58 | steps=64 | track=6241e439df771e30cb6bdb92f7b5c3f4
global_step=252512 | return=-63.77 | steps=89 | track=130f5704017abe6663a22f4b79359df5
global_step=252536 | return=-94.35 | steps=130 | track=1e9f59d32c2b1cf86c8bb76b33045559
global_step=252648 | return=-89.72 | steps=131 | track=6ccc263aad6283ed7c579e7190de9bd6
global_step=252680 | return=-88.89 | steps=131 | track=866107be3f035d013a3937e3b3a23656
global_step=252864 | return=-74.16 | steps=152 | track=d693ae94961cb51d0f945d9aadfea9d5
global_step=252968 | return=14.34 | steps=63 | track=9e18f12e8f23fc61d6c6f9a8ded664b6
global_step=253152 | return=-80.69 | steps=131 | track=62a3bdf74da9bb54a3ad3d03131aa088
global_step=253208 | return=-69.75 | steps=131 | track=d7283c563ce7b0c15603550bc88f10b4
global_step=253568 | return=-90.70 | steps=131 | track=702dbafc0c8fb154ba3a0385c2abe3c0
global_step=253584 | return=-99.40 | steps=130 | track=ee6a90d545b5027886916cd540af2390
global_step=253664 | return=14.79 | steps=63 | track=7d807f14251f0ff2ece4ba50a71ded59
global_step=253704 | return=-80.93 | steps=131 | track=f77fa098decc89b819de5adb9f8dd4a2
global_step=253784 | return=-53.79 | steps=137 | track=1738ec81cebbc1249e178e5c2f73635f
global_step=253920 | return=-86.39 | steps=131 | track=cdfc03f27148d2b5926aa0551fe2e7e1
global_step=253952, SPS=40
global_step=254016 | return=-96.95 | steps=130 | track=80ca9025ab17ca3a37a4363faa6e2563
global_step=254056 | return=-33.42 | steps=60 | track=32150a2f0aa40d44460df9d4db5e0251
global_step=254256 | return=-89.54 | steps=130 | track=62368dd4d5350d1a1d3272c45722583e
global_step=254328 | return=-37.66 | steps=67 | track=a51c7edb99dfbca5e798b85d31c8bd1d
global_step=254640 | return=-87.21 | steps=131 | track=77dd5d90dcbffc9886d2410b54cfe0fe
global_step=254672 | return=-22.46 | steps=93 | track=f978ac13c4efcb933fe16303d5479036
global_step=254760 | return=-50.17 | steps=136 | track=b8dfb6482cebf28620438c080bf0e3dd
global_step=255072 | return=-101.77 | steps=131 | track=40f0b48362b980516a56c97cf4aaf971
global_step=255112 | return=-75.57 | steps=131 | track=a5cb2aac66e21ef526f7b163e27df552
global_step=255312 | return=-93.98 | steps=131 | track=75128ee749c63f3f7a284349a97aa97e
global_step=255384 | return=-90.94 | steps=131 | track=452780669f95674cd7bfc26e9d0f2f5a
global_step=255728 | return=-93.48 | steps=131 | track=696a5dcb2fad2a381562957b865071ec
global_step=255808 | return=-113.50 | steps=130 | track=fe8bf1b76f48fe396ed8393634b14d10
global_step=256224 | return=-21.99 | steps=143 | track=a1e996996bf176c95a73c431ae1edcb5
global_step=256312 | return=50.00 | steps=72 | track=8c2b2610b09fab428fd73d48771f780b
global_step=256336 | return=48.01 | steps=65 | track=188ecfcf4e05b5c4bf3fd7ca4e8c92ed
global_step=256440 | return=-89.97 | steps=131 | track=ea319065813dded8b92304630cbc04ad
global_step=256456 | return=-47.93 | steps=226 | track=a49998b2412f53424d5e3b7d2e591c02
global_step=256656 | return=-7.45 | steps=167 | track=b12fa2308c9a146586cd2310ce621cc4
global_step=256736 | return=-59.53 | steps=202 | track=c300e6bb857bcb55f8cc0f97a7490072
global_step=256776 | return=35.24 | steps=68 | track=04893e6e6449540159d788abb8091821
global_step=256808 | return=-51.03 | steps=387 | track=f536caf8503ee552db5ffae494dacb19
global_step=257120 | return=-49.90 | steps=42 | track=29d9033dd25bfb4e500c7e2e8be73b33
global_step=257368 | return=-95.61 | steps=131 | track=862fffab4512d0a3cfb4368484b1164b
global_step=257392 | return=-104.91 | steps=131 | track=4c11be800f910f6e9140f7faecbae8c0
global_step=257496 | return=-94.70 | steps=131 | track=ea787e6850da1a85e6d160b14879ff21
global_step=257512 | return=-83.30 | steps=131 | track=fa2c16f177a78fb8ed8599ee16ee17ca
global_step=257712 | return=-90.18 | steps=131 | track=c4899a099aa42bc55ae9896801ec150c
global_step=257776 | return=-29.14 | steps=47 | track=96c9b0968b484d8a07ed797f2412cd9c
global_step=257784 | return=-93.30 | steps=130 | track=60c1e7bb8a376ceb76214fc66f2d7a84
global_step=257864 | return=-94.59 | steps=131 | track=779f9820aa9e9531c3a6391e635a411d
global_step=258176 | return=-83.70 | steps=131 | track=79680afee617e34a64b0fdf17adcfaa6
global_step=258424 | return=-92.98 | steps=131 | track=6e1e1bc831f95d798cd9ded09ab9ff66
global_step=258504 | return=-2.28 | steps=123 | track=f720cf393bcd118a84f8c55f4dc91746
global_step=258648 | return=-18.73 | steps=143 | track=5834fed0ee476a52d1013320ad59b415
global_step=258768 | return=-86.63 | steps=131 | track=c6ac6bbff426a7bde63ca15bcf187632
global_step=258840 | return=-76.97 | steps=131 | track=0cde8b6ba2f5db1746cd304b631d8c86
global_step=258920 | return=-93.11 | steps=131 | track=f049c13a34313a12e49e401e3898be8d
global_step=258952 | return=30.71 | steps=146 | track=5822c63c22fc3f6e297313420d84eaf8
global_step=259224 | return=-101.47 | steps=130 | track=1ec3a6109ce7593487b0dd6444736555
global_step=259480 | return=-100.94 | steps=131 | track=f15b0563e0a2050da9efa4446e092f45
global_step=259520 | return=-13.76 | steps=74 | track=1c392ff66b6741e7e63f23a4e351db89
global_step=259704 | return=-6.27 | steps=149 | track=04357967c714cce2c3ec2c37a72e41d7
global_step=259704 | return=-83.46 | steps=131 | track=3b59788a19a217283bf57f2d16c065e4
global_step=259712 | return=-81.87 | steps=108 | track=2e11f62d966767d8e666ee2d1763ad2f
global_step=260000 | return=-94.09 | steps=130 | track=aa5a2eecbd642e97975cf98000638499
global_step=260008 | return=31.75 | steps=154 | track=45ebb14cc4c8a98730b74bcadbbb21a0
global_step=260208 | return=17.18 | steps=62 | track=e34112b0fddf3383234df1f3c49a2dcc
global_step=260280 | return=-87.43 | steps=131 | track=fee59377f05420b4678b37d7a4fa387a
global_step=260536 | return=-94.39 | steps=131 | track=babd073ae77344785d9b4141dcaaece0
global_step=260576 | return=-98.68 | steps=131 | track=5cdbdf1e4468cf889619969c6bb6edf9
global_step=260592 | return=-17.47 | steps=73 | track=cef22a8f1899cc107965b5eb7e381f4a
global_step=260664 | return=-0.38 | steps=56 | track=5a6639985b7af8cffe10640faa6b4d33
global_step=260680 | return=36.51 | steps=83 | track=b56e5cdd7399732b4f056905eaaf83da
global_step=260752 | return=-55.99 | steps=129 | track=59e692b27e4e03da799df1b8ab8a0ec1
global_step=260760 | return=-82.59 | steps=131 | track=cd79890bb9e60dd6110dbba7bef2069a
global_step=260792 | return=20.04 | steps=63 | track=0bb3af66f8225425c8e5ef211664dcb9
global_step=261104 | return=24.23 | steps=63 | track=6bec6ed227d8b28f1f144a68f2f177e2
global_step=261592 | return=-96.38 | steps=131 | track=dd337c500d98d6ebe31af7139665b710
global_step=261624 | return=-96.87 | steps=130 | track=5b469a7cd0a5a0f22e9080157678852c
global_step=261736 | return=-81.84 | steps=131 | track=1553f95a5f884f0dc1af5dd1665ddc14
global_step=261800 | return=-108.58 | steps=130 | track=2f91072005b04559e7151e51a6bc8e2c
global_step=261816 | return=-81.86 | steps=131 | track=1f5c11541b08209ac387bddba367059f
global_step=261952 | return=-30.06 | steps=144 | track=ef174d451cb59e883fe345190e04acb2
global_step=262136 | return=67.77 | steps=67 | track=270902773eadb2cffd2a99a006f8100b
global_step=262144, SPS=40
global_step=262160 | return=-88.51 | steps=131 | track=d833f8717262e756f427b49cf26e3283
global_step=262296 | return=-111.60 | steps=203 | track=f83f27c877d4088fff6da43fedc6b489
global_step=262296 | return=48.02 | steps=69 | track=0b221f85fc61d19489ab226ec00a78a6
global_step=262656 | return=-41.66 | steps=44 | track=fc98853483c1ce0326ac80260ba6363f
global_step=262664 | return=52.71 | steps=88 | track=4ef79d099cbfacecdb12af3c1537ba51
global_step=262672 | return=15.17 | steps=63 | track=933c76c0e7719b64721fe32df0b76f8b
global_step=262680 | return=-97.57 | steps=131 | track=66bbc460adcf1c96d1df03f58ceca77d
global_step=262856 | return=-85.43 | steps=131 | track=52bc25449ef4a999c782554cd4eb4152
global_step=262872 | return=-76.98 | steps=131 | track=6f629829f1a240ccfd670580647d9ec9
global_step=263184 | return=2.25 | steps=62 | track=a8626ec82e2231e4674014fb597ae005
global_step=263184 | return=-79.93 | steps=130 | track=09034acaa4cde0780571e3cc835ec5bd
global_step=263352 | return=-83.98 | steps=131 | track=9d77c158fd7a76e3a36532fd0c9b8c60
global_step=263392 | return=47.07 | steps=66 | track=fb63dc1661068e1e015014b6a91e0f01
global_step=263712 | return=-85.40 | steps=131 | track=b72ae61511de6f962481dde5f68a377f
global_step=263720 | return=-110.06 | steps=130 | track=3f098ae27635a640ced55fa90a509266
global_step=263720 | return=-85.67 | steps=131 | track=8414e879a72df608ab08fdf4e8528379
global_step=264072 | return=-68.91 | steps=89 | track=1e684199e8bd450108b019ac943b0f6b
global_step=264112 | return=-8.69 | steps=154 | track=bae054620826a50bdc39333a16675c3d
global_step=264232 | return=-84.07 | steps=130 | track=416ee0a7247272812f270eae252c3ce3
global_step=264240 | return=-98.30 | steps=131 | track=aa3f9d18603522d278cbc42311a2e3ee
global_step=264560 | return=-24.06 | steps=145 | track=2f895c6040ff7ae5824ee5227587baed
global_step=264744 | return=276.03 | steps=127 | track=eaaf2a7cbb57a94bea105751e677927e
global_step=264768 | return=-97.31 | steps=131 | track=967279250f4c61852831641840d0b3cb
global_step=264768 | return=-99.26 | steps=130 | track=647cd51e929ec506960ce946e576c368
global_step=264776 | return=42.67 | steps=66 | track=72d3a0a5d72b4d492252cb14ea38a1fb
global_step=264944 | return=-40.09 | steps=47 | track=6321fcff553eedfde8b8881fca60e11e
global_step=265128 | return=-90.50 | steps=131 | track=8471ffd4e8f40c12c9fa7d71e2fe3169
global_step=265152 | return=-40.03 | steps=47 | track=2fae807c3baf52a682ebb0f9d8043874
global_step=265160 | return=-93.31 | steps=130 | track=e29ce23349def9fc636e1e9efa762729
global_step=265288 | return=-87.56 | steps=131 | track=8c06efb36994af074c6bad7138c42c2f
global_step=265472 | return=42.29 | steps=65 | track=0ea6593113bde1738fb98610f31186d7
global_step=265824 | return=-79.66 | steps=131 | track=c4670e7e49303f7ded0fa46e6ba34a47
global_step=265832 | return=-79.94 | steps=131 | track=ffa636fba9e7a89d8bff63302dcea37a
global_step=265920 | return=-38.22 | steps=146 | track=7a3f4326326a886c93456ac5b88761a8
global_step=266016 | return=23.82 | steps=67 | track=951a45817367cf4e601c276aacd5ea57
global_step=266040 | return=-49.95 | steps=93 | track=c75712a3a65bf2357ef5642819045ae4
global_step=266096 | return=-25.82 | steps=120 | track=eb7184d4074b21fe1575c586d36e66a6
global_step=266376 | return=-77.62 | steps=152 | track=d7b08d73f1fd55a12eae859bee81f604
global_step=266632 | return=-65.33 | steps=99 | track=0975cc46b39cd154490b1ae1e92afd81
global_step=266880 | return=-93.03 | steps=131 | track=db487910f687dfbc6a24554e04743697
global_step=266904 | return=-50.47 | steps=100 | track=4a2ed400e45fed41889c46923e9aaf29
global_step=266976 | return=-81.03 | steps=131 | track=95ccc808a047b4658f54fe9d6a7e98ab
global_step=267016 | return=-49.39 | steps=47 | track=2632bc985a066d0c77838f8b8b26c13e
global_step=267024 | return=-115.83 | steps=232 | track=1f916f2b51396cb014bed3f53e7b3bd8
global_step=267072 | return=-85.68 | steps=131 | track=23ed0445b252d382edbbac96e2cba2b3
global_step=267096 | return=-103.02 | steps=131 | track=84f7caeec2807c2f1df76416f9ee3ded
global_step=267568 | return=-4.45 | steps=61 | track=64619549a7a209e789d316f0b72944b9
global_step=267648 | return=-70.39 | steps=95 | track=735777e53da7cfa7d731fc87136a0a0f
global_step=267720 | return=-77.83 | steps=167 | track=83b2ce5deb7758a544b240461c4ecfae
global_step=267784 | return=-82.37 | steps=109 | track=25852ae8b1bf30974c53d5ecf2b4248e
global_step=267800 | return=37.45 | steps=87 | track=cfc03413a0c17dec8397bc1f67602368
global_step=267920 | return=-93.30 | steps=117 | track=c95449225ef8fde8d52f375c92c16adb
global_step=268072 | return=-78.60 | steps=131 | track=230d24f8fa12e2822bd76be81ad45879
global_step=268080 | return=-97.99 | steps=131 | track=06178f89796e893374edc303d2d2bc6a
global_step=268256 | return=-7.69 | steps=66 | track=ba040df7dbca5cb1194ef1a5ae615e66
global_step=268288 | return=10.93 | steps=62 | track=3926d5fe7d86b176e7139d76b48b8c3f
global_step=268600 | return=2.35 | steps=64 | track=c6923dc76b94161c7fdace0a82514752
global_step=268624 | return=-86.39 | steps=131 | track=3db3d18da2bb7858835983a01bbad04b
global_step=268704 | return=-95.41 | steps=131 | track=15e20acbf7f1827b8a41bc9ce9c73d78
global_step=268808 | return=10.52 | steps=64 | track=aa60071ad8a8081203dc8cd9fa672c15
global_step=268856 | return=-85.20 | steps=131 | track=d3039125455bf793ecb37c26dbadfdc6
global_step=268920 | return=5.27 | steps=82 | track=463375c54c1f03a6fc20b3f230057250
global_step=268976 | return=-93.91 | steps=131 | track=3c65678054dff52e8596db64997a3de8
global_step=269128 | return=-90.65 | steps=131 | track=47ca776bfbab7084db6029607d79f5d9
global_step=269520 | return=41.44 | steps=67 | track=d6f2110789b7063492c8b3b3b4df9dfa
global_step=269656 | return=-86.16 | steps=131 | track=9f9b0626f327dd98945c75fd40531329
global_step=269680 | return=-93.55 | steps=131 | track=d961ddb7b94553b87f5b8c2c4e929cc5
global_step=269864 | return=-74.52 | steps=131 | track=ed1aa108e6b9f4e8ea71daf51d15bfe9
global_step=269904 | return=-92.58 | steps=130 | track=2b79c45735f8b90997345cbbc4496955
global_step=269968 | return=35.94 | steps=157 | track=f2151d44dcf997fbc5cb149efd9d0baa
global_step=269968 | return=-86.42 | steps=130 | track=585472c3a19c3fdf36f262cf5acff9f9
global_step=270176 | return=-57.05 | steps=130 | track=9acf3b939f675467f3554aba25b2cdfe
global_step=270176 | return=26.63 | steps=64 | track=b3e1dde037ee89b8f3a75781bfc6c237
global_step=270336, SPS=40
global_step=270592 | return=-20.96 | steps=77 | track=2d09eb2da9e5e7fe1bfa1f58bf1685be
global_step=270736 | return=-88.01 | steps=131 | track=c0d0d44a3e7387c246ae2f06f8b90a08
global_step=270920 | return=-82.75 | steps=131 | track=fd5c618f7de59c7b620b684065dff3b5
global_step=271024 | return=-98.09 | steps=131 | track=429ce1d6c5f0b2b91ba6e21942823cd4
global_step=271112 | return=17.44 | steps=64 | track=4a86f50ab4e51935fcdb3d7b2fa6cb39
global_step=271232 | return=-77.18 | steps=131 | track=83073ad9cd4f7a0766a6ace278581273
global_step=271232 | return=-89.10 | steps=131 | track=2380f50b7ffd00906f223dad55b9c557
global_step=271576 | return=-75.90 | steps=208 | track=3a332c47d349d596c1b4c69fce79f6c4
global_step=271784 | return=-81.41 | steps=130 | track=0779812c2ed85ccdb36fd6e9bdcc8269
global_step=272080 | return=-89.91 | steps=131 | track=3713628b7dd0f912aa566bc324af7824
global_step=272096 | return=-26.62 | steps=146 | track=6378701a44e0b19d53a16d23aeb73790
global_step=272160 | return=-93.77 | steps=130 | track=0a9b5cbfae9b551a8089ef6a9bb4a114
global_step=272264 | return=-24.66 | steps=128 | track=668582b392e74aca4064e89d0681e1fb
global_step=272280 | return=-82.85 | steps=130 | track=7f4858ed39a78e345e510dcc9a96ef89
global_step=272608 | return=9.85 | steps=65 | track=e51b8567d83b7abe68b70e20b2e56c87
global_step=272632 | return=-85.20 | steps=131 | track=e5860589da83da8c5bd43875894cd69f
global_step=272840 | return=-92.90 | steps=131 | track=10140684655138a6e958b4f10a1123f4
global_step=273080 | return=11.99 | steps=114 | track=e8065438c9f40bf5d5b83df095a779b1
global_step=273152 | return=-96.83 | steps=131 | track=c824705a841af23a7ed8bf897aabff96
global_step=273200 | return=74.33 | steps=70 | track=8a916be78c138d33612152d47f481dab
global_step=273320 | return=-96.60 | steps=131 | track=ca67fb52d9924b6d94a6c8bbf2ecee9b
global_step=273336 | return=-91.58 | steps=131 | track=40c34fac3675ab946e55c774d4708bcf
global_step=273536 | return=5.98 | steps=501 | track=f8a7cbeda343f740280a20bb22c86fb9
global_step=273664 | return=-73.47 | steps=131 | track=8bc55d9756ed91ca9232e9df4b5f43a7
global_step=273896 | return=-93.71 | steps=131 | track=9ac811619e4ec678cffb40950ac6252b
global_step=274200 | return=23.96 | steps=66 | track=c62d8da0f1199ef8afaa0a11dc528041
global_step=274256 | return=-95.37 | steps=131 | track=bc250dcb8d7c55be16f2ec9e79b43e9d
global_step=274376 | return=-95.16 | steps=131 | track=3b10026f0874f98d6013b4275a01fce1
global_step=274392 | return=-84.65 | steps=131 | track=32e1c7f879b2f5cb6b531aed8f7395fa
global_step=274568 | return=-9.87 | steps=45 | track=8c7527f04c37e1b07bd546cbadceea29
global_step=274592 | return=-93.34 | steps=131 | track=9570459606ad873d28a75c0b30a53a10
global_step=274864 | return=-53.51 | steps=120 | track=66f3d460e5446c5204a84c52c110af78
global_step=274864 | return=-79.45 | steps=222 | track=ce16d1173064f0110787a58d349ba5db
global_step=274928 | return=32.83 | steps=66 | track=3025cc5491625be293c91305f82f7a73
global_step=274968 | return=-12.15 | steps=49 | track=07f12b4afd8e819cb456d848b24fd985
global_step=275184 | return=-23.15 | steps=253 | track=ca4945b74f6c028576d3fee19fc8cf16
global_step=275272 | return=-37.98 | steps=42 | track=da06b16717e9f0e40103bf3640644be2
global_step=275304 | return=-120.90 | steps=88 | track=f729a0897a71f41e8a6fe43555d4f1ba
global_step=275312 | return=-99.89 | steps=131 | track=19947c8dc8b7b1529066bc9c7ed61955
global_step=275432 | return=-88.30 | steps=131 | track=21a0f99fe65f4ee30bc0534bc31655ca
global_step=275528 | return=20.43 | steps=82 | track=fc45803d3eb8812b23f6a37f47ec0c94
global_step=275920 | return=-92.91 | steps=131 | track=0851b78157ed1f44e552765835ac4a72
global_step=275928 | return=1.30 | steps=61 | track=a0fb369f6ba880a22995e1219911d13b
global_step=276024 | return=-92.21 | steps=131 | track=c265e3dc8f6b22f44cae01d027e7f660
global_step=276056 | return=52.39 | steps=65 | track=e8c4a73e43d135b5a519fa8743ff55e4
global_step=276208 | return=52.27 | steps=116 | track=fda61ef08ef541f2e90815b15c698273
global_step=276240 | return=-93.91 | steps=131 | track=cbb7a83f38d3bf1041bf67cc989854db
global_step=276280 | return=-17.32 | steps=44 | track=bb316a7c7f89c616a62ea40b99df7a44
global_step=276352 | return=-73.99 | steps=130 | track=e28c605c5f26d75b75dde5a62d9e96c8
global_step=276360 | return=-94.59 | steps=130 | track=c9f11ea963a3eaa032aa2bfd5d7403da
global_step=276984 | return=-53.34 | steps=131 | track=7dbe7aed55dd0fddbf69872a408a1924
global_step=277080 | return=-94.66 | steps=131 | track=78975b2f06d83aa0477022f1e050c8ee
global_step=277104 | return=-91.37 | steps=130 | track=37ec597355bffc60ef593b369f8108e4
global_step=277256 | return=-78.28 | steps=111 | track=dd97df4ab4e27ea9dd66f3591c93083d
global_step=277272 | return=-85.20 | steps=132 | track=be7a98311a65e35360024f5b78cb7f40
global_step=277296 | return=-92.06 | steps=131 | track=9acb93891cc5735cdd65ee71679c1972
global_step=277336 | return=-93.62 | steps=131 | track=cbff25cc632f48898999e601574cb734
global_step=277408 | return=-84.65 | steps=131 | track=7fe45296c91ba3e599eb9bcb0a6d89e9
global_step=278040 | return=-97.99 | steps=131 | track=7a0629185e99c0e6971fa22da6b58647
global_step=278136 | return=-86.55 | steps=131 | track=3d77f5c3dc73ac3587152b8dfff3d988
global_step=278168 | return=-64.30 | steps=132 | track=7d805c141bba3aa0c6211aed33f43bee
global_step=278312 | return=-95.45 | steps=131 | track=3d7b694bdd049d0f09fc10ad1826f63a
global_step=278320 | return=-92.96 | steps=130 | track=8fbd2a2bb8f5a8ec07c5088880ad46d2
global_step=278352 | return=-72.03 | steps=131 | track=5a5d6a985c4a4d0de0769febfd362053
global_step=278384 | return=-76.45 | steps=130 | track=a4c692aa20596b75b9ff687d66b09210
global_step=278464 | return=-87.41 | steps=131 | track=93d10ff76ac5ec2ecedbc076d4f17e33
global_step=278528, SPS=40
global_step=278768 | return=37.56 | steps=90 | track=bbbfd4ce8b8a8acf2455d5ceaaf6b652
global_step=279192 | return=-77.23 | steps=131 | track=e380591a14fbe67a9d277e0187546f9f
global_step=279224 | return=-95.67 | steps=131 | track=3a6044063d38b8f85fdc679d547c9f0d
global_step=279304 | return=-81.26 | steps=123 | track=18ec1d64cff4b6413df1c8745cbd3413
global_step=279432 | return=-86.34 | steps=130 | track=1565866b9dc0b8d2e09ed03b6cebf002
global_step=279488 | return=-35.20 | steps=145 | track=9b52cee9a80832725acf1812f3338553
global_step=279520 | return=-87.00 | steps=131 | track=67145a1a655956d4d1d0c79bbecacea0
global_step=279688 | return=3.53 | steps=166 | track=298cd23fc3e7b573d7b19e68504fb102
global_step=279824 | return=-81.88 | steps=131 | track=ab972ca89bcea90d4303d2f69de740db
global_step=279904 | return=-65.65 | steps=84 | track=ddf3d400524a86cfbd1f580dffad861b
global_step=279968 | return=-43.95 | steps=82 | track=dd0484fff8483fd8b2c9385595627fc4
global_step=280016 | return=27.56 | steps=65 | track=517bd62cd611c39c03cf2c3759e7842f
global_step=280248 | return=-86.14 | steps=131 | track=2a191f4c8bce654598d4883da5f57652
global_step=280440 | return=68.10 | steps=66 | track=c6bcaa541912a5a6acca97330251aedd
global_step=280496 | return=-25.26 | steps=83 | track=325bef082eb05468939aae3e36cd2666
global_step=280560 | return=-27.60 | steps=140 | track=e31605d2efcf2c65ed37199dcab1674b
global_step=280576 | return=-56.83 | steps=131 | track=deeb46b08e4e9df51784791739ffd347
global_step=280736 | return=-83.73 | steps=130 | track=0d7cb224f3d01c2552cc58b1c13cf430
global_step=281064 | return=-101.76 | steps=130 | track=52439728880ac26b2cc0576e34b2fcae
global_step=281304 | return=-86.11 | steps=131 | track=6e36df5ec7651a00dab002c9913b5a74
global_step=281360 | return=23.58 | steps=173 | track=e746395758fb729c22b87e35e19d40c4
global_step=281496 | return=-95.68 | steps=131 | track=01c8ef91d254878c72bf82270d97a172
global_step=281552 | return=-85.20 | steps=131 | track=8ec7342963d4d29909e28babecaa4140
global_step=281608 | return=-92.26 | steps=130 | track=2a86db80f2436a1cb75d780e4d57d0ed
global_step=281632 | return=-90.79 | steps=131 | track=95630c3152197324b4115683f08adb5d
global_step=281792 | return=-86.63 | steps=131 | track=af8e3c394b71189b62027fd7dd47c5d8
global_step=281808 | return=5.40 | steps=62 | track=1d2a17805b7efde759f90db53504c8b2
global_step=281992 | return=0.28 | steps=61 | track=fe744731e2724b756d2c3b6d0f9dd1cf
global_step=282104 | return=45.17 | steps=68 | track=6ff0836fb066c2f3fc48f6b65e7da0b3
global_step=282408 | return=-95.84 | steps=130 | track=8eaee1ff1af6749f2e828618894e02da
global_step=282672 | return=-84.97 | steps=132 | track=7862250d1831249a1e133de44403310a
global_step=282680 | return=-79.22 | steps=130 | track=8626ded30c51c2d61dad654c3489dfd1
global_step=282784 | return=-93.90 | steps=214 | track=46e8ff8036ab883345c8eacb7bd68dc0
global_step=282848 | return=-89.94 | steps=131 | track=7591637fd9889361fd3b78c4f2b7df4c
global_step=282864 | return=-84.21 | steps=131 | track=1edb2c454f6600dae7e61b610a28fbc2
global_step=283048 | return=-85.60 | steps=131 | track=54c61d1735f52562699c9a6c3e0b450a
global_step=283160 | return=-89.94 | steps=131 | track=49317fe586c4336c89494cfc8522ff49
global_step=283456 | return=-97.74 | steps=130 | track=c117d00b144676dacaa5a360418b1f44
global_step=283664 | return=-18.90 | steps=109 | track=d7b4ddd3e2621f3fb3e2d8345f39e81d
global_step=283728 | return=-84.48 | steps=131 | track=4fffb22e4a8da3f9427684da4b02a9ec
global_step=283736 | return=-92.01 | steps=131 | track=13202ec2cd93b9bda68f57c326b61d43
global_step=283792 | return=-33.06 | steps=92 | track=4f47a915f5d31e94feee54c7f9540c9f
global_step=283904 | return=-83.05 | steps=131 | track=ca1f8d92b9b9e5e1e50dfe52adc5f776
global_step=283912 | return=-94.59 | steps=130 | track=20176565a8b19270668a593516e9a4cb
global_step=284192 | return=38.29 | steps=65 | track=523bf6475285c473a7fb69f578a3bda2
global_step=284216 | return=-95.61 | steps=131 | track=af9233c597761622ee0fbbe42f3d9441
global_step=284288 | return=58.22 | steps=69 | track=b797bfbcd4fe2be555cecf3171dcdd52
global_step=284720 | return=40.43 | steps=65 | track=c72e67e65e9a7a06161b0d6771e97a78
global_step=284792 | return=-85.71 | steps=131 | track=52cb774d06197ebb05e03cc2f08a2158
global_step=284848 | return=-80.18 | steps=131 | track=a68ce9f7553ceea71ac644b792763e29
global_step=284968 | return=16.03 | steps=188 | track=d692d4ae7d37703ed6056d1de6920494
global_step=284968 | return=-82.36 | steps=131 | track=98530ade358e7aead3221f5dae292543
global_step=285000 | return=-105.70 | steps=88 | track=9cc791adb156b1608d1bb3d5cd487177
global_step=285176 | return=-36.24 | steps=47 | track=af0d7da13c11607a4c704afddbfdb635
global_step=285272 | return=-90.90 | steps=131 | track=76e53adef3db051b8cf561312b0ead03
global_step=285688 | return=-73.27 | steps=89 | track=f11ed66709a0bc1fbf5da9ea8b3d41eb
global_step=285776 | return=-88.89 | steps=131 | track=5d9c2dca18fc8b3d9c5c7902db517fc3
global_step=285904 | return=-94.70 | steps=131 | track=a83b9b3d7689d80816edaec9c80cbf76
global_step=286024 | return=-89.33 | steps=131 | track=794fa421bd321726c638d0aa4874a6fe
global_step=286056 | return=-79.65 | steps=131 | track=2420d3f485fca52dafd0e6c82d483ebf
global_step=286096 | return=-13.04 | steps=273 | track=d4ce4cf234b10f9980efd4338f645114
global_step=286224 | return=-48.25 | steps=130 | track=7b8760927991e8c0547636db038cfa0a
global_step=286320 | return=-84.60 | steps=130 | track=4e2f4dc9bf2a37f114f2628ff25c3e4e
global_step=286432 | return=22.82 | steps=65 | track=b2d955c7061f4b1b97c6ef03a0c7841f
global_step=286720, SPS=40
global_step=286744 | return=-89.10 | steps=131 | track=a6a4ffba8312721609834677ddcbf66d
global_step=286832 | return=-87.50 | steps=131 | track=e02053e5fbdbf2488eab104e537f8d59
global_step=287280 | return=-81.40 | steps=131 | track=1c2507368ae9503fc886d0666387f3b3
global_step=287336 | return=2.65 | steps=62 | track=7325f3eff43449969c8110527e5d791a
global_step=287376 | return=-81.03 | steps=131 | track=d412d3630812fd8504c5c4dccce74675
global_step=287384 | return=45.95 | steps=169 | track=3fbceaea60194066e7926b564c9959a8
global_step=287488 | return=-92.60 | steps=131 | track=167f8af04e45233da77a9792f736a7ac
global_step=287960 | return=-50.21 | steps=237 | track=9f312021d224a2ceee75c46e42946102
global_step=288024 | return=-64.04 | steps=240 | track=e7152b69d44d99c795bb715fec8c08c6
global_step=288096 | return=-64.99 | steps=168 | track=133eacafb920b89060e6f22ea0493299
global_step=288384 | return=-98.60 | steps=130 | track=a632b7a9825892d20a2d0820625e7a29
global_step=288432 | return=-79.39 | steps=131 | track=3dec3046552d31e3e87df5041798a43e
global_step=288456 | return=-2.31 | steps=146 | track=5e7915a97d42ad9577d3bcb141aa9f44
global_step=288552 | return=-85.92 | steps=132 | track=a8cd597db391098a9c0a9cacd651337c
global_step=288632 | return=24.20 | steps=83 | track=b737a7c68739d2d05e40da217558d68c
global_step=288672 | return=-37.46 | steps=160 | track=9e10afeedeb201f798edb8d0b493d4d4
global_step=289144 | return=-94.12 | steps=130 | track=662a7ebaf2c02da39a6f9ef2951bb529
global_step=289184 | return=-2.07 | steps=63 | track=c56b00144a24c96eb87acdb0b7fcb53b
global_step=289256 | return=23.22 | steps=153 | track=805c41548af1360a338570463cc59c1f
global_step=289432 | return=-90.38 | steps=130 | track=4f1147114fc13c410f53ef6c15b9411f
global_step=289472 | return=-50.89 | steps=129 | track=23aa630581c54ebce0e3de6b9c41c264
global_step=289512 | return=-87.10 | steps=131 | track=1fc5639e5d7a7cc054ad51e6ee697e4c
global_step=289608 | return=-72.98 | steps=131 | track=32e57b5c3f79cc9fc3ebc86c547c41d1
global_step=289632 | return=-14.83 | steps=60 | track=cf3ae284db5672411741534961a4306c
global_step=289688 | return=-84.02 | steps=131 | track=4bfe0143cfd477407af648230a67b3ec
global_step=289760 | return=21.49 | steps=62 | track=eff537490985bd7a887a3d0171d2aa0d
global_step=289816 | return=29.74 | steps=78 | track=1154f27e96ad3bf77326ff8e0d53de6a
global_step=290024 | return=37.81 | steps=73 | track=8a5f863af232f8540ede69a45dbacdd2
global_step=290200 | return=18.64 | steps=63 | track=b5248d8112a85f6e49f2670e19fd6f02
global_step=290400 | return=-77.81 | steps=110 | track=d884580a67a5af3bf5d033e2e2b58650
global_step=290528 | return=-91.27 | steps=131 | track=fa53bdb6076a76304455046383527b5a
global_step=290744 | return=-40.33 | steps=138 | track=a2a6121b762fa130695f3254181bfe0b
global_step=290808 | return=-81.90 | steps=130 | track=bf004e522fab9ae62260523e11e8f72d
global_step=290816 | return=8.98 | steps=150 | track=a9094729a8ae574385c0a182f911583d
global_step=290872 | return=-79.98 | steps=131 | track=8d79300984fc8d22d1902acf0f9a83c9
global_step=291080 | return=-97.28 | steps=131 | track=ee3af2c515185766f0d3136acb5d3574
global_step=291256 | return=-78.00 | steps=131 | track=f41a279ab15d2f793cc3ade080d9b1a8
global_step=291264 | return=26.29 | steps=64 | track=a4fae7711be1cf9e38ad241912265389
global_step=291456 | return=-88.89 | steps=131 | track=7c02f11dbf991566bb711bdc902b07c0
global_step=291584 | return=-87.85 | steps=131 | track=9584b5e4e937cc87273d52990b5030a3
global_step=291856 | return=-94.18 | steps=130 | track=d7aa1c9b57dd220564c97abc25cd04f6
global_step=291928 | return=-84.71 | steps=131 | track=a6b842db7f219d1cb5a02d3a47cd75e1
global_step=291936 | return=-24.33 | steps=139 | track=5536caf11a271175c9058bd962f84526
global_step=292136 | return=-86.33 | steps=131 | track=016de91f7361b6ab1c4457bfe47983e7
global_step=292304 | return=-89.33 | steps=130 | track=140f76d9e46f56784c26dded8c4ba874
global_step=292320 | return=-84.04 | steps=131 | track=31a3e77505f58b67029a69815ecf7877
global_step=292512 | return=-95.67 | steps=131 | track=15ca80db1bd1bec963a74d2d0252e504
global_step=292520 | return=63.73 | steps=72 | track=18e763a515daf0cfc8f72efeadd64d80
global_step=292640 | return=-92.58 | steps=131 | track=0d6bb647c113c5164c9917a1c28fdbf9
global_step=292912 | return=-90.31 | steps=131 | track=94c5cc5080aad7b9a69044241ba33c9c
global_step=292976 | return=-79.93 | steps=130 | track=1e96e46df38b2049db2a7b5ba01f813b
global_step=293192 | return=-91.87 | steps=131 | track=e7b5a3e6348d7d1cb50d0e1addd0ff40
global_step=293360 | return=-92.90 | steps=131 | track=9aedb02022746c6a0fe77b18c8f8c622
global_step=293376 | return=-96.09 | steps=131 | track=89a08305d4775f7de1b49331aca426db
global_step=293560 | return=-96.38 | steps=130 | track=a4bd1f24ea4d87793beb9518bcf43a52
global_step=293568 | return=-90.38 | steps=130 | track=4abf035f56d1bd6eb2dc84dbea375591
global_step=293696 | return=-100.50 | steps=131 | track=ef5aeb2d5a2e666ad5f075cc02d90439
global_step=293880 | return=5.40 | steps=62 | track=79965d99302b0cc080e2723512e1b770
global_step=293960 | return=-96.85 | steps=130 | track=147b6b5fe1acec5bc0264a1596019788
global_step=294024 | return=-99.96 | steps=130 | track=e725e38d76e74aaa1ee2d52758ccfee5
global_step=294248 | return=-78.79 | steps=131 | track=c4e831777dfafac514a6e461c609bb31
global_step=294416 | return=-93.91 | steps=131 | track=b13143872e29df80109ff3b46c6d6cda
global_step=294512 | return=34.92 | steps=68 | track=b00167b5a87c1e238a43c7fd36bcbd7d
global_step=294616 | return=-91.50 | steps=131 | track=84d008aa60d0a290418f229794ae4c38
global_step=294744 | return=-99.96 | steps=130 | track=c33ecfa85f28fd978dfc8c3fddbbd9a3
global_step=294912, SPS=40
global_step=294928 | return=-104.92 | steps=130 | track=890f74739b8c85eeb655b3efc3f30638
global_step=295072 | return=-99.30 | steps=130 | track=ff7f235b8544986cb382234b94c62c48
global_step=295128 | return=-18.11 | steps=47 | track=6e63341acfc31b70b7fd90f5c21e779e
global_step=295224 | return=-32.36 | steps=206 | track=269f255b10712cec86866847968a66c2
global_step=295416 | return=-6.13 | steps=60 | track=4b06caade1880356f3a71aab40034404
global_step=295464 | return=-71.25 | steps=130 | track=c6a8d8cd44ce53d03711e3b287113e3f
global_step=295568 | return=-97.88 | steps=131 | track=033c712734e2bad2eb26673812c17d38
global_step=295672 | return=-90.70 | steps=131 | track=e3d3df1267d9cbeaaff80fb1dff92134
global_step=296128 | return=-86.47 | steps=131 | track=59bada2b9a040c60acd71e37f1dbc26c
global_step=296280 | return=-80.16 | steps=131 | track=8582e70e69bd1dbbaf195e1027b82262
global_step=296288 | return=171.55 | steps=254 | track=9612306ad3f9809db573a94678c54a16
global_step=296472 | return=-98.09 | steps=131 | track=3f877ab7b9f076d433281a53f39fb3ec
global_step=296520 | return=-87.33 | steps=131 | track=de2d302e8db6a290f05c49d47b4c3e43
global_step=296520 | return=-30.59 | steps=173 | track=27a5d79eb5c893384e32c04b7424da15
global_step=296624 | return=-5.71 | steps=61 | track=007d1d2d50a689efbcc8b95d7c0b0796
global_step=296624 | return=-93.36 | steps=131 | track=a318b32bce0242e69e0dc95699190ca3
global_step=296632 | return=-51.31 | steps=43 | track=ed4004fd635a6f8f5d96ba2b74e57160
global_step=296720 | return=-98.83 | steps=130 | track=9e5ada4b290d0190d53d980c0dbb4fc2
global_step=297280 | return=-14.81 | steps=81 | track=94f6a3e09db31d5e29abb47109e817c8
global_step=297456 | return=-15.92 | steps=145 | track=f4acfe07d0f8f52937b4ee8cb0d4f7e8
global_step=297576 | return=-73.21 | steps=131 | track=e1b367a415c21cf9f6dc8e3998189e8d
global_step=297576 | return=-86.73 | steps=131 | track=cc025f15a0bf1ddc672b65d45c3c1e04
global_step=297664 | return=-92.49 | steps=129 | track=f530c89b078713b309eebc6483398057
global_step=297688 | return=-80.93 | steps=131 | track=1e2a41cb6da3247e07fe31b46b1ae49f
global_step=297728 | return=-45.47 | steps=156 | track=79311d18f78488184c057d4e330ac2d1
global_step=297776 | return=-79.94 | steps=131 | track=d1e1510d96bc254a40210c736d6446b1
global_step=297808 | return=25.67 | steps=65 | track=cb8e7747bf9261b931e614509362fa8d
global_step=298280 | return=-42.91 | steps=62 | track=77c815a9a37c229e03fe78f981b2a537
global_step=298288 | return=-16.20 | steps=59 | track=1d5fbb2d6791f1ea28a09ffeca23614a
global_step=298512 | return=-105.31 | steps=131 | track=57742cf14603d678f6da84bda017df97
global_step=298720 | return=-87.10 | steps=131 | track=bef492b686cf5c6c64bae7d9949a9e91
global_step=298744 | return=-92.39 | steps=131 | track=7d581dfc2f00c945d7af6632a952f30b
global_step=298784 | return=-79.74 | steps=131 | track=5a54c83951d721b55d33f5cc02f8fede
global_step=298784 | return=-84.81 | steps=150 | track=bf81b74e573387c36be816857276e759
global_step=299232 | return=-66.85 | steps=206 | track=75ca9bdfe9b1edcebd589d93ba7b38a3
global_step=299336 | return=-92.57 | steps=131 | track=13ff32ad7903ad2955cbe5a1e013ea64
global_step=299344 | return=-82.31 | steps=131 | track=8ac592d5455022f7d14788877c339814
global_step=299360 | return=85.08 | steps=71 | track=5f9d9ff2bda98469d82dab7ed32edf0f
global_step=299568 | return=-82.31 | steps=131 | track=2a3f9f4aff48fedbcc1eec8ea7c6664e
global_step=299768 | return=-57.25 | steps=130 | track=0ccd858779a5c92a8d0629f0c8806be5
global_step=299800 | return=-88.30 | steps=131 | track=d0efc8b53378a25579b4ac7eaf98883e
global_step=299840 | return=-98.83 | steps=131 | track=105bf8e7cce5bb1d606bfad05312f36d
global_step=299912 | return=51.36 | steps=68 | track=75a1da12a17dc2b520f82dea241fae33
global_step=300280 | return=-96.95 | steps=130 | track=9f563527fabfad5bae7975f10e58512a
global_step=300384 | return=-89.98 | steps=130 | track=35fc39da54fd115383fe979aba3a2373
global_step=300392 | return=-80.01 | steps=130 | track=fbf2842b25d5e822f4862dc784e90900
global_step=300456 | return=-21.57 | steps=110 | track=ca7955e1431e4475b2705eba69b46e98
global_step=300816 | return=-88.92 | steps=130 | track=16599a7a9055122bf08b1d21d8cb30fb
global_step=300856 | return=-68.38 | steps=131 | track=66fd4def6b760db086e618503806761d
global_step=300896 | return=-91.40 | steps=131 | track=78cce4d1b28ad370ff77ab7d8ec58596
global_step=300968 | return=-89.33 | steps=131 | track=1e49414517e32ee9eac98333a3725b26
global_step=301328 | return=-73.11 | steps=108 | track=604e32b2f58e396ea538c32d8cf3f6d1
global_step=301432 | return=94.47 | steps=66 | track=a50fc2650917ce40db3700bbf6b78c48
global_step=301432 | return=-79.68 | steps=130 | track=b7d8031e7b23297db571cb9b03a8c734
global_step=301448 | return=-88.01 | steps=131 | track=171bb5e701362ad81dc105e4061204b4
global_step=301496 | return=33.08 | steps=65 | track=57ff75995c2bc480e23a0cf5f7e22e41
global_step=301512 | return=-20.39 | steps=153 | track=3bee24b7639e41dcd7025136c0f69f00
global_step=301568 | return=16.41 | steps=93 | track=cf231d8035933ffb3dca9c068d660f7c
global_step=301912 | return=-58.74 | steps=131 | track=ff87f988ede2be534b356d7ae01c5a01
global_step=301976 | return=41.74 | steps=65 | track=7e2df4139923ffacf8c19f55cea7392c
global_step=302008 | return=-5.86 | steps=61 | track=45e0c8eca2125cb6c03622a17bc849ad
global_step=302312 | return=-36.39 | steps=92 | track=ddb4abaa900d9c55ff34fd45d01bbc9a
global_step=302320 | return=-78.38 | steps=110 | track=02d882939816568c0138e47dca6d40bf
global_step=302384 | return=-82.81 | steps=131 | track=2c7cab5bf273186c8b5145c125b4fd32
global_step=302424 | return=-28.53 | steps=63 | track=a57c18718498bacd5e9394191eb59986
global_step=302480 | return=-84.28 | steps=130 | track=b03268e1685996fa5c8ffe1363258304
global_step=302736 | return=72.35 | steps=154 | track=7eea5eb6da3999e38ea124cd5662990f
global_step=302840 | return=13.74 | steps=64 | track=fa253acccd06c143c5d743c0eb91fcec
global_step=302864 | return=-55.01 | steps=68 | track=d72b997e053f2b7b0589a7ef8e99d70c
global_step=303064 | return=-96.49 | steps=131 | track=ddf21722bbb08d15a1d53d6cab8bf1b0
global_step=303104, SPS=40
global_step=303256 | return=30.22 | steps=64 | track=c142dce41ecf855993d3b7d4ad006eaf
global_step=303440 | return=-86.85 | steps=131 | track=0ec689b4e8291b83fb05de459aa38c30
global_step=303464 | return=-35.84 | steps=122 | track=31f186bbc378ef391256cc267e6ae019
global_step=303480 | return=-78.76 | steps=131 | track=00426c1b0cb98400c2e7c4c48a378460
global_step=303608 | return=81.64 | steps=92 | track=7dae75a19741d8880b578c9baa818415
global_step=303896 | return=-86.87 | steps=131 | track=20bdd45d095fbca11b79855af7b49c30
global_step=304120 | return=-90.50 | steps=131 | track=17345b613c57b1d55c19a0f8801de889
global_step=304152 | return=-70.97 | steps=271 | track=f2d80d47c9ad0b8bcd8eb3ced9949320
global_step=304320 | return=-26.72 | steps=104 | track=5fda66a3db1ed422b17a61d28461b066
global_step=304640 | return=-17.77 | steps=146 | track=8238f1119487d1b679ae457db27611bc
global_step=304656 | return=-95.03 | steps=130 | track=c8321edb6bafced0115a27c958d39de7
global_step=304712 | return=-68.45 | steps=181 | track=86e1a86aafe9040a54f646eda490b8b8
global_step=304800 | return=-5.70 | steps=169 | track=a6129b8980af5a0b5843194436939d8e
global_step=304848 | return=30.26 | steps=90 | track=a0fb7040bcc0390fe278d0ac41654969
global_step=304952 | return=-87.78 | steps=131 | track=5107569db52f944879f7301b0411edd0
global_step=305176 | return=42.45 | steps=66 | track=7d58ed4db344406f82db2adbe0beae57
global_step=305368 | return=-94.79 | steps=130 | track=2b4fa5976976d5bf171fd99bae57c932
global_step=305464 | return=4.79 | steps=163 | track=74827c78698829bb89e9582a3d007f39
global_step=305712 | return=-88.41 | steps=131 | track=c0f43060ac2101b0d91966f8df09d118
global_step=305768 | return=-91.81 | steps=131 | track=0ac6ff160df28a329fdb87f7ae5f6044
global_step=305824 | return=-14.52 | steps=127 | track=9f0ff99a0e906fdbfa60422c7d8999c0
global_step=305896 | return=-88.24 | steps=130 | track=455a1960fd818429610590eea35bcacf
global_step=306232 | return=-45.54 | steps=159 | track=e77feb7e125da671dc9c907a72e9e484
global_step=306232 | return=-81.29 | steps=131 | track=a302acd73f724402dbf5c938af8e86c6
global_step=306416 | return=-94.62 | steps=130 | track=aa4eee70cd8c67a4f4db4db0762ebbf8
global_step=306520 | return=-82.36 | steps=131 | track=1bce4d3ca3d6a3c258c06f112677938a
global_step=306768 | return=-85.60 | steps=131 | track=206a5db142cb697550277c0a3c33e06d
global_step=306824 | return=-83.78 | steps=131 | track=e1db3c4bcd4ac9b1001a73d741522e16
global_step=306872 | return=-87.02 | steps=130 | track=07a4710074b8a014e04969a4a012ba1b
global_step=306888 | return=-76.92 | steps=123 | track=8406e7956e0107f271f33964bbb87a4e
global_step=307288 | return=-96.29 | steps=131 | track=b3d5fb30a7fdebb2cb0c11767c2bcbf2
global_step=307296 | return=-95.90 | steps=132 | track=2fc60e1052717ed9293a0e146fdab4a3
global_step=307464 | return=-98.39 | steps=130 | track=3a19f71922c3f8d5bd10a5af770f91d0
global_step=307800 | return=35.25 | steps=63 | track=396bb58629162671047b338c3c6d546a
global_step=307824 | return=-96.50 | steps=131 | track=ec9d06345effbd8f17790094ccbccbf2
global_step=307880 | return=-91.90 | steps=131 | track=186efca758e9e6c0f7094db0a87f06d1
global_step=307944 | return=-86.63 | steps=131 | track=9664cca1f88a07c0f4a8c673564f20f6
global_step=308112 | return=7.33 | steps=154 | track=c6b213f746dbf57fb97cedd7a0b07e8e
global_step=308256 | return=-112.43 | steps=216 | track=cee7e033487acb3d3a52955ac1c9005a
global_step=308344 | return=-88.07 | steps=130 | track=3822fcb049720b094dcf554c02cbfaf2
global_step=308520 | return=-40.64 | steps=131 | track=2a3997f23dfec81537d042e93501d199
global_step=308936 | return=-95.01 | steps=131 | track=a7a9a05716192799683576b1e285794e
global_step=308960 | return=72.20 | steps=141 | track=5a9d2004589de24f4e73f3ad2ffbdade
global_step=308992 | return=-94.89 | steps=148 | track=70835a5818be01c330770799c060ceb4
global_step=309000 | return=-82.06 | steps=131 | track=c1567b3537fc9a3f16eb1f12dee5bd8b
global_step=309048 | return=21.91 | steps=65 | track=f25387f9f37f79a8260c6a16ec59333f
global_step=309168 | return=-79.97 | steps=131 | track=01d49e5801ee343cb4f98c7dab7efa7e
global_step=309312 | return=-100.81 | steps=131 | track=143f1d1adfd10567f317c7d887e57fe1
global_step=309392 | return=-88.90 | steps=130 | track=251fc1d706fdc7ef6b6ad69093f41127
global_step=309520 | return=48.10 | steps=64 | track=a1b883fc51d75eeca8447636fefda155
global_step=309992 | return=-89.94 | steps=131 | track=e1d03a3ae8a20abb74d95b511e431dfa
global_step=310016 | return=-95.03 | steps=131 | track=e9228127a83a65c7c0b9ec2634da35f7
global_step=310048 | return=-89.33 | steps=131 | track=5ecf4b40d13ebb58d8417b181d1f535f
global_step=310224 | return=-94.51 | steps=131 | track=064f303c119aee49d347f2aa0a9cdd86
global_step=310288 | return=23.05 | steps=154 | track=8deffa15932ff39da094e2d01b202209
global_step=310320 | return=-78.83 | steps=125 | track=f4dee13e5b528058e8363e71ba25ef07
global_step=310440 | return=-94.18 | steps=130 | track=eb765f6bde0d800ef09591e28606a950
global_step=310744 | return=19.49 | steps=152 | track=82c6e51112d42a89ab19c8d3403619d1
global_step=310856 | return=26.42 | steps=66 | track=c47c9d9689a3042ad616144635d5f039
global_step=311072 | return=-89.00 | steps=131 | track=229b54b67a1ec17110461d69d9e24604
global_step=311112 | return=-96.08 | steps=132 | track=327f279f860a305f36a6a6cda9391e56
global_step=311280 | return=-95.07 | steps=131 | track=d74f168427a1665c467b472bd66953b0
global_step=311296, SPS=40
global_step=311336 | return=-99.96 | steps=130 | track=07734c8ed397f9a21a9bc0ff5efad264
global_step=311496 | return=-84.43 | steps=131 | track=e268ba3d5c943f7192b3421137a6ad78
global_step=311800 | return=-73.55 | steps=131 | track=4d068a9a9fa46547d251ccb37d58e111
global_step=311912 | return=-99.52 | steps=131 | track=b4832dcc5058264d4cc84710b7a4fcfb
global_step=312104 | return=-50.00 | steps=263 | track=41b6dbfbef60ad201f8ebf552f39d379
global_step=312328 | return=36.58 | steps=156 | track=5254d4ee02127ba023ea3d6d9d2e6bf5
global_step=312328 | return=-95.24 | steps=130 | track=7783fe5feeb744393cd7a07e42e67627
global_step=312392 | return=-85.43 | steps=131 | track=49a30c51fff05dcacce178a1420fea01
global_step=312552 | return=-91.65 | steps=131 | track=3b0f81d7a324a891cd2a8d3ed19ad7fc
global_step=312576 | return=37.61 | steps=182 | track=b4915cfe9d3bd1bd348b585724ac3c20
global_step=312888 | return=-30.83 | steps=69 | track=d157808bba583353ad2c837287384d58
global_step=312952 | return=41.86 | steps=69 | track=283c10376346577c4fd8d90d7d76bd47
global_step=313000 | return=-72.25 | steps=149 | track=c6bb8472673179ad3a715310b47b2433
global_step=313088 | return=32.70 | steps=146 | track=46a9f71807b15383b973ea9f73b80f4a
global_step=313160 | return=-88.69 | steps=131 | track=c2bf5f27bcf26b25b11c7fb2d0426f4e
global_step=313384 | return=-85.44 | steps=131 | track=7702e3e176eabd0e95dbfd1a8f3501b7
global_step=313600 | return=-88.55 | steps=130 | track=b679cb6505658a5c32f0f7ffc97e00b9
global_step=313776 | return=-41.67 | steps=149 | track=b229ad578f9abc08f4c7cca5c533809f
global_step=313936 | return=32.39 | steps=68 | track=27cc44a5a3217400864d157dc9092c64
global_step=313936 | return=-91.40 | steps=130 | track=aa44d2b99c9823aff60dd320096504d9
global_step=314008 | return=-81.10 | steps=131 | track=00e9aebf74759bca5e5f19ef1ca66946
global_step=314056 | return=-100.38 | steps=131 | track=bdbe3800f0ccd8c2814c9e39f2c85d05
global_step=314144 | return=-87.85 | steps=131 | track=16ab0f05f0be3da2ea7727371a0a6fe3
global_step=314224 | return=-88.92 | steps=132 | track=ff3d65606a210eaa7fa5aac54c439acb
global_step=314632 | return=-2.69 | steps=60 | track=7f3466536d9d7667078b8ea2f925f070
global_step=314760 | return=-74.01 | steps=102 | track=da898bc1f9496cc138583ffa0af6ac45
global_step=314824 | return=-85.67 | steps=130 | track=43e23a08589e988492e60b06379357e1
global_step=315064 | return=-97.25 | steps=131 | track=bee3604b193a2602424a8c24c6ef945e
global_step=315112 | return=-93.13 | steps=131 | track=b3d9101e235377e232b61e8a92c677c8
global_step=315264 | return=9.66 | steps=62 | track=8bb99b257d079e0e23707380a0baf872
global_step=315280 | return=-87.34 | steps=131 | track=fd564ac5a2c1ef31118f998a7a14e0dc
global_step=315880 | return=-84.69 | steps=131 | track=7e723668bd2999058231a5f0b16bd28d
global_step=316112 | return=-91.99 | steps=130 | track=1ebdeee5ecbb4173015e0fa36acc4803
global_step=316112 | return=0.55 | steps=271 | track=2bbe4fb7eb134e411e051ad0057f6433
global_step=316152 | return=46.60 | steps=189 | track=dda7fec0a6d2d2ca5725cf86faeb431a
global_step=316168 | return=-91.22 | steps=131 | track=efc99c298fad0ef7e8342d19f082581a
global_step=316264 | return=62.77 | steps=332 | track=641d7a3a157041b046ecd332af222b6f
global_step=316336 | return=-86.77 | steps=131 | track=6e584b943e1137916598c0e941f35ed7
global_step=316936 | return=-84.02 | steps=131 | track=035046581211863899d75eedc15252cb
global_step=317160 | return=-83.88 | steps=236 | track=7db8fae3346202223f5b2ca25fc9213f
global_step=317168 | return=-75.28 | steps=131 | track=d57e4746ffab9b47fce90469a59ecde6
global_step=317168 | return=-84.65 | steps=131 | track=74cdf192188abffbe35c65cfa01dab2f
global_step=317208 | return=-83.53 | steps=131 | track=1ebc2a0ef4a95e7876099430360a546b
global_step=317280 | return=-37.44 | steps=138 | track=40ab1749fd186dbe266cf97a30c67707
global_step=317408 | return=-24.52 | steps=142 | track=7054ab985f49202f0df8cc1444cf3b43
global_step=317456 | return=44.23 | steps=64 | track=7dd491234f7579f23eddd23100f58399
global_step=317528 | return=-25.05 | steps=148 | track=8f4d230e4cd1c8378119eb14fea1bdb4
global_step=317656 | return=-5.11 | steps=60 | track=0015846df49fa1982a618a74a562c15b
global_step=317840 | return=9.87 | steps=53 | track=b0e4fca8762d72343edaae4775085257
global_step=318040 | return=25.98 | steps=63 | track=7e42d74fb3456c6d6408d58f027dbbfb
global_step=318208 | return=-92.08 | steps=130 | track=33576abb201d4d9d21f76ad38a4f3bda
global_step=318264 | return=-96.20 | steps=131 | track=fe9ef426672451cbee37e82fb068b31d
global_step=318336 | return=-86.63 | steps=131 | track=d757ea936762aeafdf8a35de3dd5f36c
global_step=318504 | return=-78.90 | steps=130 | track=eef73e0ce9931d30ddbefdac54285975
global_step=318584 | return=40.65 | steps=67 | track=206204857097b990eade2105c185d43d
global_step=318712 | return=-87.56 | steps=131 | track=d0fcde78e43dd69d17fe0ae30e2c8b91
global_step=318856 | return=43.14 | steps=64 | track=add0634f45cf42bd0cbafab5473a9363
global_step=318912 | return=48.63 | steps=217 | track=3d5c6ab83bb5692e3d7eeb399e97d293
global_step=319016 | return=-19.81 | steps=146 | track=413b4f48b6821465a32ee27ddda7ea81
global_step=319264 | return=-85.92 | steps=131 | track=66de8afe1a2899d34917a692c27d8068
global_step=319264 | return=-64.95 | steps=68 | track=ad3f3c259d5284fd9af6af06d5d2c05a
global_step=319320 | return=-80.78 | steps=131 | track=b62caf31b933d6fe32c4aebca4b2bb92
global_step=319488, SPS=40
global_step=319560 | return=-87.03 | steps=131 | track=1e3ff7abe18f9f150de9e7c5fcbe65e3
global_step=319576 | return=-77.73 | steps=89 | track=5a32de2be435d075b2e4974dc08d18e3
global_step=319640 | return=-89.20 | steps=131 | track=5848a1bbcf066f1bf753b1d15bb81f60
global_step=320064 | return=-93.30 | steps=130 | track=cafd676820cd93b7030f2d6c6465719f
global_step=320080 | return=-26.88 | steps=145 | track=eae6d8aa122efa9bb75cd2584586cb41
global_step=320312 | return=-103.33 | steps=130 | track=24135438e1fef9b35ca0e0cfa88270e4
global_step=320360 | return=-92.70 | steps=129 | track=19e963430f9f6ff47dd99e24afcc5fc5
global_step=320616 | return=-97.91 | steps=131 | track=7d80f3be1ffa8851c21ab8897459fe31
global_step=320632 | return=-83.05 | steps=131 | track=fc4eabf7cf5392b922ccac30d55b1096
global_step=320672 | return=-107.98 | steps=175 | track=15a5033650a3a8d21d06ecf7e0cd6ed5
global_step=320696 | return=-92.49 | steps=131 | track=a96ade2923d6f16d6ef6c428164efba8
global_step=320864 | return=6.66 | steps=62 | track=bf6ed34ea0f69143066a5cb306e210f1
global_step=321120 | return=-93.30 | steps=131 | track=1f25b9ebc7a9513f78030abef7dabd69
global_step=321128 | return=-87.20 | steps=130 | track=185b7a6354963c8b05557558d777cbb1
global_step=321296 | return=-2.33 | steps=74 | track=e9eb35cb02b73589e4a0eeffc29cc770
global_step=321368 | return=-80.77 | steps=131 | track=bb8f7fe200b96254364e1a10686142e7
global_step=321408 | return=-7.52 | steps=67 | track=7d620af9c9ce4aa367bf5f91de69c40d
global_step=321416 | return=-35.64 | steps=92 | track=2714e330149df824d032aee8aae87fa6
global_step=321656 | return=25.23 | steps=65 | track=ab04809d0386452a9ce62291c12ab5eb
global_step=321664 | return=-84.89 | steps=130 | track=f6d6e39835c64d59884672bb199909c6
global_step=321688 | return=-88.45 | steps=131 | track=328e1d6863c99b434ef03b20099a0f63
global_step=321800 | return=-34.01 | steps=47 | track=b94f1ee3a0457c75fb0f106971fce556
global_step=322176 | return=-100.20 | steps=131 | track=18d1316df5e777d2c8fde52953fb1c97
global_step=322208 | return=35.28 | steps=67 | track=b4e006149b476f5d683e1d5ddea78323
global_step=322352 | return=-86.77 | steps=131 | track=e81dd7c8832e101df691e50bd31221ae
global_step=322424 | return=-84.21 | steps=131 | track=8259d8035382c6ad6963098c3ebc7213
global_step=322456 | return=-92.29 | steps=130 | track=dd05c6a31e3476b415ee520b44455e40
global_step=322856 | return=-91.65 | steps=131 | track=537fe9c773dc72973c8918a3736b2141
global_step=323000 | return=-57.12 | steps=67 | track=866ed36d52c099b53a864080de906753
global_step=323232 | return=-89.11 | steps=131 | track=faf4d2c1fdf532a3bb783048e154e12e
global_step=323408 | return=-77.80 | steps=131 | track=729d614b7f68e7a52d1b7e654b4b528e
global_step=323440 | return=-104.56 | steps=218 | track=ef10d39072874f381e383833e47ad213
global_step=323704 | return=-95.58 | steps=255 | track=b6536df767db14d2f0f0dd72080f28b8
global_step=323912 | return=-85.53 | steps=131 | track=6520e18c33d14be235ae217bac43e376
global_step=323968 | return=-118.19 | steps=219 | track=33a8c07036e4faf46e3a6ca047d05af2
global_step=324056 | return=-87.33 | steps=131 | track=dab1f46c44ae3ad1d7f50492ea4fb7a5
global_step=324288 | return=-94.47 | steps=131 | track=752d14b35bebae1217bafc00dcf5fa20
global_step=324456 | return=-87.64 | steps=130 | track=09863de52a816f3af16e7860a66a3e89
global_step=324464 | return=1.64 | steps=61 | track=599f67471ddfe2583c5b295235089324
global_step=324496 | return=-103.05 | steps=131 | track=90666f6c4084403fa83c901b325fb46e
global_step=324656 | return=-79.44 | steps=92 | track=d5730168f792b95e356ae3335210c1cd
global_step=324776 | return=-99.81 | steps=133 | track=978e86974e76501f44dc13ffe012be61
global_step=324848 | return=-77.36 | steps=302 | track=26a69225df53d58d2654c3c317898cca
global_step=325112 | return=-84.83 | steps=131 | track=9f5148bfa0ed90870555e1ab59692b3a
global_step=325344 | return=-82.06 | steps=131 | track=302805d4e25a8a36f693410a0c18e75f
global_step=325512 | return=-50.56 | steps=131 | track=c02e1490af29279ef1d1542939ba9f3e
global_step=325512 | return=39.04 | steps=106 | track=2cf0393ac51d85c85a05e8b17d0ba14a
global_step=325560 | return=-31.73 | steps=55 | track=17be50d35cb220f3b2a32f0f3a6b7714
global_step=325640 | return=-20.41 | steps=146 | track=8cac187a1d9837bcd0cf6327bcbde67c
global_step=325832 | return=-82.06 | steps=131 | track=57574004c1bde417caf120fc5ee46841
global_step=325872 | return=55.70 | steps=65 | track=505d4ed73fc6268bef03f6eee4c07203
global_step=325944 | return=141.34 | steps=136 | track=53ba1a1a2afe1cf0842f8921d01882ab
global_step=326040 | return=-12.69 | steps=65 | track=9477fce5afdcf8378346d2e606915aea
global_step=326352 | return=-84.11 | steps=231 | track=92db48c7c0d204853cac318e1702a88e
global_step=326424 | return=35.21 | steps=68 | track=dc730909898de1b3f6ffc0e6f324f954
global_step=326568 | return=-60.53 | steps=131 | track=540ef50c310ff905fb9f3844fcb2088e
global_step=326696 | return=-96.83 | steps=131 | track=1be54976f09795dc43ff8ca485436171
global_step=326768 | return=5.43 | steps=150 | track=85c8a52cc085c1291220779458f758a7
global_step=326808 | return=-39.87 | steps=47 | track=b5d95c3119b64226d1304c6293885a2b
global_step=326888 | return=-82.53 | steps=131 | track=d6a4604252de7ac98cf16252d9a4a376
global_step=327000 | return=-80.77 | steps=131 | track=bb9b7e9687a908392f2f2c05a4be7714
global_step=327096 | return=-96.50 | steps=131 | track=006a98297b8db6804d989c6ac8adf7f4
global_step=327136 | return=53.41 | steps=70 | track=783560ca2f143dfde7d364bb48b59cc1
global_step=327368 | return=70.44 | steps=69 | track=57108022d2b63f9cb827fe1ec5c2c415
global_step=327392 | return=-5.31 | steps=62 | track=3113d26e5b9e40b895aef6c8d4be20ee
global_step=327400 | return=-91.99 | steps=130 | track=70cd59b8c4cca21bd3378d8b467588b8
global_step=327680, SPS=40
global_step=327752 | return=-91.41 | steps=131 | track=372f0368c7351bd8d20d5a0e2a43165c
global_step=327816 | return=-95.17 | steps=130 | track=c96f54bc922b1dcbd2a727915eb1d3f0
global_step=327856 | return=-10.67 | steps=60 | track=5a65cbb9af763ee829d3b1aa09b2ef0a
global_step=328144 | return=-43.50 | steps=130 | track=ff3c9976509cf397fb34a876e62758d9
global_step=328152 | return=-19.69 | steps=143 | track=9b178821cde7901150245622cbceb839
global_step=328400 | return=36.00 | steps=67 | track=c102ceb17c226f43c822267280a4d16c
global_step=328448 | return=-94.11 | steps=131 | track=74c4409b337a40115c8562bbfc09328c
global_step=328456 | return=-88.69 | steps=131 | track=74a0a88568580c97cd95717371ba2eaf
global_step=328672 | return=15.37 | steps=64 | track=80227d5f0c8c79106a0197d49303e799
global_step=328680 | return=30.10 | steps=66 | track=c85cb02f434e2a42493e0f924c6d9469
global_step=328808 | return=-94.17 | steps=131 | track=f2f7eb953cc477935d2c421261fa3e2a
global_step=328872 | return=-90.79 | steps=131 | track=b39daf63ac4033a9c9cf6a936b537030
global_step=328904 | return=27.60 | steps=220 | track=eedb16cd947fe88441e57211f4af75c9
global_step=328952 | return=7.84 | steps=62 | track=0062d4132d2908bc577945f84e76fc51
global_step=329456 | return=-104.71 | steps=131 | track=c48b03d3bda82c21c1211daefc0548d4
global_step=329512 | return=-88.28 | steps=131 | track=16e9081e719b9094035f3ebbfdeb8a4c
global_step=329736 | return=-84.73 | steps=131 | track=d36c0afc501b4ebde7ac0b2cf95e8a38
global_step=329856 | return=-82.62 | steps=130 | track=3cc8c2e90570f22b8e7ce5de8c81978f
global_step=329952 | return=-37.96 | steps=159 | track=9bcd71583f8744b636b6b1127db3bf4b
global_step=330008 | return=-86.77 | steps=131 | track=f17d1e0750a775ad5a30120d59a74d01
global_step=330096 | return=28.65 | steps=152 | track=222e4b86523e72ab00f3b8b7b214e9b2
global_step=330128 | return=-5.61 | steps=152 | track=9c213e56f5391af9900f202568acce27
global_step=330216 | return=5.17 | steps=59 | track=ba0303aec185655d66e73e6ecd179b25
global_step=330512 | return=-90.11 | steps=131 | track=3d11589e83d67116fee1eed5bc89bda5
global_step=330568 | return=-90.35 | steps=131 | track=aceb96755d4793172c7ef002d3e93117
global_step=330712 | return=1.95 | steps=87 | track=2fc45b25ef0e497de0712a933d3c6fad
global_step=330800 | return=17.44 | steps=117 | track=64c41346ed0936087bd9b3365256c3f3
global_step=331008 | return=-88.28 | steps=131 | track=ca640e5e257c21deba884da875b10977
global_step=331152 | return=-84.26 | steps=131 | track=70e815334ae2749b6de0e6cc95313aa3
global_step=331168 | return=-39.41 | steps=56 | track=9e182d992e65ce89ec4a533116d26523
global_step=331184 | return=-81.55 | steps=131 | track=1b45542f1c8ab9a15ac119077b6a7e5b
global_step=331264 | return=-94.48 | steps=130 | track=2e9f620ca9167be95a666cc815d9e91e
global_step=331568 | return=-89.10 | steps=131 | track=21c06e9216b2b718086edf53e452b983
global_step=331624 | return=-89.97 | steps=131 | track=5f2a25058e999945adea21c06e961dff
global_step=331792 | return=33.90 | steps=65 | track=96b52a32a97f725bf88b2a375e14e1ea
global_step=331856 | return=-105.38 | steps=131 | track=5ffaf737ddf3b9f2b39d1de36d8a8ec4
global_step=331904 | return=-63.77 | steps=89 | track=b7f9b46e47c7325d53281857d4bb1011
global_step=332008 | return=-43.58 | steps=47 | track=db56141cbb7ca92f20ca0c73ef98457d
global_step=332064 | return=-84.69 | steps=131 | track=e4e4a57fa32896239ea1a9783c8b6189
global_step=332224 | return=-82.81 | steps=131 | track=20d3d23debe2b6f4acaa642b07d15dc2
global_step=332280 | return=-44.47 | steps=140 | track=3f0e183083f091f6b2599d25cc6138cc
global_step=332616 | return=-94.80 | steps=130 | track=960cbee9efe56173a7b4e45cf4e426ef
global_step=332648 | return=-64.52 | steps=106 | track=9493b1d61771c2622b7dfaf16ffa3e68
global_step=332912 | return=-88.49 | steps=131 | track=da95f047c3f1ad78490a04953f789632
global_step=332952 | return=-97.11 | steps=130 | track=46adf8297cbf6f8124309c2df1c1f7a1
global_step=333064 | return=-87.33 | steps=131 | track=7cababc9081fe42cb284ac61dd5e5c08
global_step=333112 | return=-91.62 | steps=130 | track=0742662e5b72b7bf2b0a447a9acd0422
global_step=333160 | return=-36.92 | steps=67 | track=036c521976153ab7f266042154021e18
global_step=333336 | return=-92.01 | steps=131 | track=f3c2bfdea2308b4bb3d3704f92d4ca35
global_step=333440 | return=-1.09 | steps=151 | track=a9ae2198a82e7f3c7aee674f614441a5
global_step=333520 | return=38.88 | steps=70 | track=7f5cbf84c890c5f5af424b8432a887eb
global_step=333704 | return=-90.20 | steps=131 | track=9e47ca3773f650fbb35c92ebfa13ab9e
global_step=333816 | return=-38.34 | steps=46 | track=9ebd12f0d9757f709890daf9aa18ec85
global_step=333968 | return=-86.99 | steps=131 | track=155a0ebca2ef3974b4bfd251c910a152
global_step=333976 | return=51.51 | steps=79 | track=473eb6c5c72700a4bb279964fa80ba20
global_step=334216 | return=-95.07 | steps=131 | track=4cf74556777520d8a83d36bdf79f823c
global_step=334448 | return=-58.33 | steps=172 | track=a3bca67432d2216132118cbf8769171f
global_step=334456 | return=-43.48 | steps=93 | track=20c8772d24abbd4f72775af4c6278761
global_step=334576 | return=-81.27 | steps=131 | track=a29a8543fc489afe6d992fbe0270ccb4
global_step=334752 | return=-0.11 | steps=66 | track=cb3b1bde6467a09d7b972d1c28651648
global_step=334864 | return=-63.54 | steps=130 | track=0056cdc8ff9fcba145771acc6acfa73a
global_step=334952 | return=5.67 | steps=62 | track=fb52cb1c11f794376ec67f993e64deed
global_step=335032 | return=-90.11 | steps=131 | track=0aafeaaa3b63e52b09a8f0229458d760
global_step=335248 | return=-7.93 | steps=159 | track=166bd50a08bd06d4d685deadb7498fc8
global_step=335280 | return=-2.77 | steps=270 | track=87bb1e8bfd4c94b372d9fd971609bf4e
global_step=335400 | return=3.88 | steps=55 | track=0cce13d900e8928bcb3df94d7482b404
global_step=335504 | return=-94.62 | steps=130 | track=d60bdf5a306b6e50df1c20c5ba4f85c0
global_step=335632 | return=-88.77 | steps=131 | track=c34c0b5ca731269147e0c8b8fd733d9d
global_step=335784 | return=5.89 | steps=62 | track=6625625ca20eb8c5ae71454c154b2de3
global_step=335808 | return=-100.20 | steps=131 | track=e019be553ee582ca21020638f35c6f34
global_step=335872, SPS=40
global_step=335920 | return=-93.31 | steps=131 | track=37d0867dc3c9090e2e9b563aea03af9c
global_step=336088 | return=-93.93 | steps=131 | track=a1f16765b4ce9cf0f044886949285ee9
global_step=336304 | return=-91.65 | steps=131 | track=ebcdd729479ad879b816ad37cae25161
global_step=336456 | return=-78.20 | steps=131 | track=87c3d61e9338cd350162fdfe9c0634e2
global_step=336560 | return=-86.31 | steps=131 | track=9b051d8d1eda83d43cc7a849282dde05
global_step=336688 | return=-39.12 | steps=47 | track=298c29a2e3378df33f6b649e22b74002
global_step=336688 | return=-87.76 | steps=131 | track=3a73ec2beb132908c23d4704bec1dadc
global_step=336832 | return=-85.09 | steps=130 | track=eae7b8b4db66a2b5663a8805754a8d0b
global_step=336968 | return=-94.29 | steps=130 | track=76a5cd13ac909b58a7854ca8109fe062
global_step=336984 | return=26.66 | steps=65 | track=f2eaee5bccbe741a83bd5f066f503c5c
global_step=337160 | return=-85.94 | steps=133 | track=d7cdbe53f5bc982163b9d5711c847e77
global_step=337352 | return=31.79 | steps=82 | track=3291215638264d16473fa74ace41f0de
global_step=337512 | return=47.19 | steps=67 | track=0fb9f527b74156edb73e3dadde0ec233
global_step=337616 | return=-78.00 | steps=131 | track=fe037fffdaf51c6d07394fea5782c3f2
global_step=337728 | return=18.79 | steps=70 | track=ba9dc18a75b67f71855a16aac3ee8562
global_step=337752 | return=-87.06 | steps=132 | track=29cd9ac3becb8f972e9523eca15d2e3a
global_step=337888 | return=-88.41 | steps=131 | track=0cef4ee15d7c95d30bd1bd0e1f3c2514
global_step=338040 | return=-96.17 | steps=131 | track=24a8b0f01c4389b58a03dac757703c47
global_step=338400 | return=-94.67 | steps=130 | track=4d4ebc5425169a2c65c7d9e6cf6a325c
global_step=338472 | return=22.34 | steps=332 | track=83caf1bec9cc49cc553cb57d3f1787fc
global_step=338560 | return=-65.68 | steps=130 | track=06e5de19364f9553ee9a138c1970a3f3
global_step=338608 | return=-68.41 | steps=106 | track=0b53cda52057c2201d6d2d1bdc8c0f72
global_step=338672 | return=-80.85 | steps=131 | track=6ad468f62163fa13df2af11372f37f5f
global_step=338776 | return=-88.46 | steps=130 | track=8c192634e716231e97e6674b8990b15f
global_step=338824 | return=-46.86 | steps=43 | track=49f476fe98c28d0899386ba09d22f709
global_step=338944 | return=-94.37 | steps=131 | track=1c395b10eebf5f8b09a7f00d8ce3370f
global_step=339056 | return=-5.00 | steps=61 | track=1e4dbf921b67d220238c733d53153dd4
global_step=339088 | return=-88.46 | steps=130 | track=7ed4ba5488e9082eefaa06024bf005eb
global_step=339120 | return=-68.96 | steps=89 | track=28d50e14e83470b377918702ec3f140a
global_step=339176 | return=-29.71 | steps=70 | track=25a950fcd1b4f7fae007673397367cea
global_step=339616 | return=-9.28 | steps=65 | track=c29a972ff3b74ea44fd8e6e5e9d73ed9
global_step=339728 | return=-78.32 | steps=131 | track=2ec0d7ccdc84e50162c90de6f4e1f573
global_step=339816 | return=-104.01 | steps=129 | track=d3692b12381e3e889150bd2c348dfa5b
global_step=339880 | return=-86.85 | steps=131 | track=27aafcd6db6c2f376b562c3359eb4e48
global_step=340104 | return=-85.22 | steps=130 | track=35c0194bb6438924168cefead60388bb
global_step=340120 | return=0.32 | steps=146 | track=00d03339b96cec2cb6a4ed4b3b358706
global_step=340144 | return=10.70 | steps=65 | track=b022c37c0ae366d6bf8317f4262d03c3
global_step=340176 | return=-92.57 | steps=131 | track=ddcf5bbc963a2f9ae97bd81f0c5d74e4
global_step=340352 | return=16.93 | steps=66 | track=568f4c5253796ba52a023cb4b4d8d647
global_step=340384 | return=-66.17 | steps=150 | track=371907e00fde7f1e9b040312ff259f34
global_step=340784 | return=-35.49 | steps=131 | track=fff4e959c7f31de1df16a6727ab4ccfb
global_step=340832 | return=34.18 | steps=88 | track=c4afefdf085052b074552e8efad065db
global_step=341016 | return=19.98 | steps=78 | track=2dede9945bd3e6302104189f841aeea0
global_step=341160 | return=-88.67 | steps=131 | track=d221a92fea64c163169c334dd6e30db5
global_step=341200 | return=-80.77 | steps=131 | track=582f74772eb3e5f7fa4022bbed7b0ae6
global_step=341232 | return=-93.13 | steps=131 | track=af28242b2278580af8d8fdbf35ab8a83
global_step=341328 | return=49.54 | steps=67 | track=1a301acb739ce81af93e2b681a09dd8e
global_step=341408 | return=-81.29 | steps=131 | track=2dc62427a5404c810052da34157f524d
global_step=341880 | return=-91.53 | steps=130 | track=606a2bd89fdb44a76f3564113086c63e
global_step=341944 | return=-48.69 | steps=92 | track=e533351dc73cc8a82b57ff11f2381d31
global_step=342072 | return=-85.44 | steps=131 | track=8774db9cccc8ae1c77b13a2ad918e7bd
global_step=342216 | return=-93.48 | steps=131 | track=f059c473a0a74e3562fe6e1e0d0b1a8a
global_step=342216 | return=-10.48 | steps=100 | track=11275ddd05f706d0ecf2e736729c0364
global_step=342384 | return=-95.24 | steps=131 | track=141ecd5adbd458061dd60c852077757f
global_step=342464 | return=49.17 | steps=72 | track=33e5d4116bb427269af11783c6f5463d
global_step=342480 | return=-24.07 | steps=324 | track=4aff17a440dda26217375afb3c10ffbf
global_step=342800 | return=-29.13 | steps=51 | track=c46048eb026c1fb72ebc163fcae03dd1
global_step=342960 | return=-3.67 | steps=61 | track=40709efc747b2a7c9d44bf3934a7a467
global_step=342992 | return=-89.47 | steps=130 | track=b5d559eef8a0dde8d90e88350b7ad484
global_step=343064 | return=-69.10 | steps=105 | track=0a8f0e80ca952006ee2cea082d4636fb
global_step=343136 | return=-103.66 | steps=237 | track=fadc095e91d7d8b22b979ee84bf38a3c
global_step=343192 | return=-35.10 | steps=139 | track=48c030e6fb9843206e946cdcf0d43fa3
global_step=343352 | return=-63.08 | steps=44 | track=906d4d1b65cb112e9fe49b90abd32a32
global_step=343352 | return=42.35 | steps=68 | track=24b1495a0a7919d099f274457aa41c1c
global_step=343648 | return=22.50 | steps=63 | track=b96d15613cbbbe8d5b37ea7c543585cf
global_step=343800 | return=38.07 | steps=197 | track=4379ee71c7fe2d7db3b6e29262e5aa81
global_step=343880 | return=-34.07 | steps=114 | track=851d5c0cb63f6e12bf24574326284751
global_step=343896 | return=39.83 | steps=67 | track=a2905f00eff94bc6a735a9e7cac98649
global_step=344064, SPS=40
global_step=344144 | return=-55.47 | steps=134 | track=086f31f2c1de05a31b77d81a622300af
global_step=344248 | return=-82.14 | steps=131 | track=a0d0a1052beaf3b772ae918ac7aa6ca7
global_step=344320 | return=21.70 | steps=64 | track=513027bf6f4ec0808bb5f004862c12a2
global_step=344400 | return=-95.40 | steps=130 | track=fa8ab12060f33821f278283cfe60aea8
global_step=344480 | return=-14.23 | steps=72 | track=44985642f594b238807bafa10f1e472b
global_step=344512 | return=-31.72 | steps=253 | track=2491d87d2e7715e2cea300c1d041dd2b
global_step=344936 | return=-84.71 | steps=131 | track=a816144e7d8847b52dfdea0a170ab737
global_step=345192 | return=46.65 | steps=192 | track=6c54275c668ce1242465d62544a6b307
global_step=345200 | return=-66.17 | steps=131 | track=fa2caf92d2641a24378f14b3fad4ba9b
global_step=345304 | return=-84.71 | steps=131 | track=1bb7af2860ec6a5dfc37d08cf2dd81ab
global_step=345376 | return=-84.26 | steps=131 | track=b20c109e62393d8216888228fc298563
global_step=345536 | return=-91.14 | steps=131 | track=41666f3ed64a1f43dc2224172de1f7b3
global_step=345568 | return=-77.49 | steps=131 | track=c50ed1c59be92ac91cefb341e3da27d8
global_step=345736 | return=19.70 | steps=66 | track=4acb8bb37ea7409a9a64609268b0ae68
global_step=345776 | return=-35.95 | steps=171 | track=371f4a44cfa7ed6ad1bf388cac3d6fba
global_step=345984 | return=-94.48 | steps=130 | track=8840722aaa4f10b84dce1cc660a966c2
global_step=346176 | return=-27.89 | steps=75 | track=6b8285c7611440998a4019d9bb814240
global_step=346240 | return=-86.14 | steps=130 | track=ca3c7d16398f745938320c441594c687
global_step=346424 | return=-95.00 | steps=130 | track=065b0ce0b9977214eac2b4936612218b
global_step=346520 | return=-6.09 | steps=151 | track=544b100a02c5c262d04cd0fa1217a875
global_step=346592 | return=-89.33 | steps=131 | track=fa383e835eb554688015ccad9c774c6a
global_step=346792 | return=-87.41 | steps=131 | track=ab4701c3c198345a7be447ef9cbcf87a
global_step=346824 | return=-104.95 | steps=130 | track=8126c95703c6b33e67017c378cf1885a
global_step=347040 | return=-112.78 | steps=131 | track=a15e4145220ac6e6f3955241715e84dd
global_step=347224 | return=-70.58 | steps=130 | track=4d09e42d47ec4772f3f953e052dc609b
global_step=347296 | return=-46.85 | steps=131 | track=cc70ee25deea1be8d6b2a3e164bfd56d
global_step=347344 | return=-28.38 | steps=93 | track=1beccbacff79a8798a07392cbec71a71
global_step=347416 | return=-35.49 | steps=111 | track=8139bbfe9d41efea8c2666ad873883e8
global_step=347480 | return=-98.46 | steps=131 | track=30737bf8d2b9e741ffbecbc3ea9a07a9
global_step=347680 | return=-35.38 | steps=47 | track=e8bcab342c9cd21b71c5f67cdc584337
global_step=347848 | return=-86.51 | steps=131 | track=cc6f99207d7f48a0b3a92975efdb0375
global_step=347864 | return=-48.52 | steps=47 | track=1e9fdcfa328ac302d72e93fca33853f2
global_step=347872 | return=-91.60 | steps=130 | track=41aa56c2faa7380a4984e84267a62792
global_step=347896 | return=-54.33 | steps=106 | track=f9ba6b3e1251db75893dc44e69a0df33
global_step=348200 | return=-74.26 | steps=106 | track=64384934161864cb35ba54a553775639
global_step=348216 | return=35.84 | steps=66 | track=74d66fc09777c243929723dc1ee52d32
global_step=348264 | return=-81.67 | steps=105 | track=4c0cda52fa1e040c40645c226e51ee96
global_step=348392 | return=16.70 | steps=61 | track=1caa2c062c16ec43e05bbd0ffc8c26c8
global_step=348904 | return=-89.91 | steps=131 | track=bd41c64cad689f810b91b6f944fd6168
global_step=348920 | return=-82.60 | steps=131 | track=c8f476ab30c6897de34899026c08d424
global_step=348944 | return=-89.91 | steps=133 | track=0835cb89523599738bd50fd3bc9819db
global_step=349256 | return=-99.63 | steps=131 | track=e8d0a25ac25d37a860249a8b49143633
global_step=349272 | return=-64.92 | steps=131 | track=5810815977c5713468b13407f4a89cb9
global_step=349288 | return=-149.22 | steps=257 | track=3a92572f8327aac3c4a7d91302689b0f
global_step=349320 | return=-84.73 | steps=131 | track=f3f0bc5969826640c2a41d2b923f48a1
global_step=349448 | return=-92.60 | steps=131 | track=5000fa77fd4e21e5d789cd0445a9ccdd
global_step=349768 | return=34.03 | steps=63 | track=d41e447e8a521323cd9b8641322e0ef1
global_step=349960 | return=-84.21 | steps=131 | track=d5a8bae295515966e6dd50fda27c3759
global_step=349976 | return=-81.27 | steps=131 | track=6ca124fe89a0238dd1ab9c3b35a14391
global_step=349992 | return=-96.90 | steps=130 | track=68bdc5865fb6bc28d7fdeea798b2100c
global_step=350344 | return=-85.20 | steps=131 | track=7a5d5308ebdaacd7ba045ce38f9e0033
global_step=350368 | return=-54.59 | steps=136 | track=758435a4324a6db6b403fd65abff587b
global_step=350376 | return=-83.05 | steps=131 | track=94b42048907457b1fcd5e293a9bc931b
global_step=350504 | return=-89.51 | steps=131 | track=1fe8204d2782f539849db0cf2bc9059f
global_step=350824 | return=-85.92 | steps=131 | track=f8da41d91df302f57bbd3c7310200dc1
global_step=350880 | return=48.78 | steps=66 | track=ac9c7d72f547f98306f94d4bdb6c6808
global_step=351016 | return=-90.50 | steps=131 | track=4f6150e4553116a84ccd7f1dca37361b
global_step=351048 | return=-94.70 | steps=131 | track=9a052d0642916c3d6ddf30caf220c39d
global_step=351328 | return=-12.19 | steps=119 | track=1a65f7a3e98665147e3a3552b4d48d23
global_step=351344 | return=-4.92 | steps=64 | track=f64754bfed3a4829c39be7bce69d7ce8
global_step=351600 | return=15.37 | steps=152 | track=c24d2019f7189b8235c3b11c42680ad3
global_step=351704 | return=-18.06 | steps=149 | track=5144f123573716cc37ed2edfa6634333
global_step=351936 | return=-83.97 | steps=131 | track=5475990440adcbf1952f7e1374883d44
global_step=351984 | return=177.39 | steps=250 | track=c072422b6abd9237fdaa72242d2fa796
global_step=352008 | return=28.98 | steps=82 | track=148802d5c32952f2b1c2807f3bef4990
global_step=352104 | return=-95.30 | steps=131 | track=76caf6b2e0431ce0a90d28c171dd8fd1
global_step=352256, SPS=40
global_step=352664 | return=-96.09 | steps=132 | track=f731383b978bed9b6450da5150098b5c
global_step=352760 | return=-95.66 | steps=131 | track=4c11c7f86798055f5fc2c540c563b35f
global_step=352792 | return=-64.35 | steps=221 | track=f6935107fcaebd6c6f6c06315e2d0b74
global_step=352976 | return=-52.01 | steps=205 | track=2b1ef9c9f45d62823b614c969f963689
global_step=352984 | return=-88.02 | steps=130 | track=0c018f63cae8438aeba1f812231fa861
global_step=353040 | return=-84.50 | steps=131 | track=7a9b49b2de0cd8e2c5f68d5b87110f3f
global_step=353064 | return=-71.46 | steps=131 | track=68e916730c75607a33c148b1b0ee1089
global_step=353160 | return=-86.77 | steps=131 | track=77c65542c85132c082efcb6eb4c0d868
global_step=353208 | return=32.20 | steps=67 | track=f0a78f9db3d392443d6ee30cd13a592b
global_step=353744 | return=43.23 | steps=84 | track=0050f3dcee4389965b504ce827b06cbf
global_step=353816 | return=-83.30 | steps=131 | track=504936384ec379e95f28ef478ffeebcc
global_step=353848 | return=-89.46 | steps=131 | track=ca9c5592f3af951af44d3d37cd4acb5b
global_step=354032 | return=-86.11 | steps=131 | track=7941b2772db76d5159460afed0686367
global_step=354040 | return=-81.87 | steps=131 | track=f1b9c92037e5fc3b6a04fef7a76b0f22
global_step=354096 | return=-84.50 | steps=131 | track=44847c6f0cae8dd4dc140fd03f463348
global_step=354264 | return=-92.21 | steps=131 | track=1a54e026ebe3c7f7a78fb781a5cb77c8
global_step=354288 | return=-64.69 | steps=140 | track=8bc0cdd0655fb171927e76d626d50b79
global_step=354376 | return=63.08 | steps=69 | track=de2b8ad4ac93736fbaeea11c6953fe2a
global_step=354800 | return=-93.93 | steps=131 | track=501938e265e45dddb838c31b0ff065f1
global_step=354896 | return=-85.16 | steps=130 | track=143ab540cbc4acd6e79674606beaa47f
global_step=355008 | return=-6.61 | steps=92 | track=0ea90b7c025e3c7faec97eef07300eeb
global_step=355080 | return=-91.02 | steps=130 | track=9738a5ff4c1e1d92e37969025ddfaa3a
global_step=355096 | return=-85.20 | steps=131 | track=b4e6439b1befa674c93f00a05c3a476a
global_step=355336 | return=-96.95 | steps=130 | track=b48a77322a7ef73ad05b143b96b1a1d5
global_step=355608 | return=5.46 | steps=153 | track=ccc01e322b7f7b71b873a58291b9ce84
global_step=355856 | return=-78.32 | steps=131 | track=e4b7036837add8c3c4fcd8a73521fa6e
global_step=355880 | return=-10.41 | steps=222 | track=7825d6a674b274db1e86a24f907b6dc6
global_step=356104 | return=5.43 | steps=150 | track=6c7c786b7a023be885b3c0fd7dd84712
global_step=356136 | return=-82.31 | steps=131 | track=dc2991a8970e569eca16df9713f78e8a
global_step=356144 | return=-85.96 | steps=130 | track=f1b6def617518178fb35b2e795743330
global_step=356144 | return=9.22 | steps=66 | track=46eb78def39a97d095186f12a806b2b2
global_step=356160 | return=23.37 | steps=143 | track=e681621b80da8568ce344d894a6a9082
global_step=356392 | return=-85.20 | steps=131 | track=d7c034cdf0370db8fb72220d910a416b
global_step=356400 | return=35.10 | steps=67 | track=0bb0123b4ba72f29c160146ae176b258
global_step=356648 | return=-0.36 | steps=62 | track=04b304a36bb6725f654d2f145a5d81a9
global_step=356936 | return=-91.23 | steps=131 | track=c8acbe6e62234a49b2ae0bfea9b60052
global_step=357160 | return=-82.75 | steps=131 | track=3da4eb3a988bf1e3789648c5a3c798ea
global_step=357192 | return=-88.28 | steps=131 | track=dcaf3aa821c1667520e4c362c7b686cf
global_step=357200 | return=-100.18 | steps=131 | track=c31ae2edb14c26bd192a554e098416eb
global_step=357216 | return=-77.60 | steps=131 | track=30bc60dd80a3be4d044ab5ee4c7d0f07
global_step=357440 | return=-48.92 | steps=130 | track=0a0069011b13d0f32e1a3cb385662557
global_step=357568 | return=1.31 | steps=78 | track=1430e0461e8620a9d8c4fab1f788ff8c
global_step=357624 | return=-13.06 | steps=152 | track=0706a180b0ac64110e72fdb205317d7d
global_step=358008 | return=-63.83 | steps=105 | track=96e14a6681f12eab4022a38d62ad5957
global_step=358112 | return=-80.79 | steps=182 | track=fc71e33eee846dd3e81e7527893307b9
global_step=358256 | return=-86.20 | steps=131 | track=74f1e1f44de09b8302c489b23d523c4f
global_step=358272 | return=-84.41 | steps=131 | track=228c19c593a28576b3e1650c8efcb38d
global_step=358376 | return=-78.48 | steps=116 | track=475101353e9e2565cc8db59f7e686f47
global_step=358560 | return=-81.80 | steps=170 | track=b3b722e0004e0a0f3c58abb4a74e645d
global_step=358680 | return=-94.88 | steps=131 | track=45ad319b8add91d6e105c5acc22ad188
global_step=358768 | return=3.34 | steps=63 | track=946e79852d0bf605557d0bf72f9584de
global_step=358800 | return=42.29 | steps=65 | track=f4252ae9a6b7766874258556caefdc9d
global_step=359160 | return=-92.13 | steps=130 | track=4e025e4ea6bd3457da42e27275d47bda
global_step=359248 | return=26.85 | steps=154 | track=820153ebfc80f9061d1f153caa175293
global_step=359432 | return=-80.50 | steps=131 | track=144c34ed812ac44174ce97c01c66c9c2
global_step=359616 | return=-89.00 | steps=131 | track=25d6587377e8759b30f83b86b2bf823a
global_step=359816 | return=-92.90 | steps=130 | track=8c01725c18921f43c06c8fa75141563d
global_step=359848 | return=39.08 | steps=85 | track=fdc393f259f230934fb9488c2e6f0904
global_step=359856 | return=-80.22 | steps=131 | track=9fec9cb714ad7e10e34f24c70cb79a11
global_step=360000 | return=-75.97 | steps=93 | track=01a78371bb431d82f132f3b93da7e16b
global_step=360136 | return=61.71 | steps=64 | track=4d89a4a6754bc23bfc32df108669b4e6
global_step=360344 | return=-35.01 | steps=346 | track=52186f33c861b857015f58201b41f347
global_step=360448, SPS=40
global_step=360488 | return=-87.33 | steps=131 | track=b2c7f411a198ee297db5848eb3ce30a7
global_step=360872 | return=-80.70 | steps=131 | track=8ee9404f881050228c986e79af010f6b
global_step=360912 | return=-88.01 | steps=131 | track=17dbeee0b6159ef33bda39f6300e64a9
global_step=361080 | return=-0.84 | steps=134 | track=a1f2dc41895db92e4ca6f1b3c0624b21
global_step=361176 | return=391.25 | steps=311 | track=05b3b52340177e12e74d14c844318c48
global_step=361200 | return=-93.34 | steps=132 | track=e0a9afc6a3dd12b8705d6803b2099dc9
global_step=361400 | return=-89.72 | steps=131 | track=ca4c2e49683fa4dc0ebf39419447aba9
global_step=361408 | return=6.55 | steps=61 | track=1d32f775aa86acc4bf6442f3a0cda5aa
global_step=361512 | return=-71.05 | steps=207 | track=4216d831c1c2878ef213ff17618ee39e
global_step=361544 | return=-81.80 | steps=131 | track=1cc1dcfb1c62d2a1f2b7a4489a800cd3
global_step=361600 | return=35.84 | steps=64 | track=cf91d5a4fe3e8b3fe9247c9cb631e818
global_step=362128 | return=24.51 | steps=156 | track=db87ca2b26f28631efefb3aa3077410e
global_step=362224 | return=-90.87 | steps=130 | track=6173fbb7d74f4d746faee6c81d5f6227
global_step=362256 | return=-89.91 | steps=131 | track=c9ae8d94e09b8799f4002084ddbf87cb
global_step=362456 | return=-93.12 | steps=131 | track=f2348d1e2aec2af394d9da154102851f
global_step=362464 | return=-85.66 | steps=131 | track=bc11faba060f84b11b75c3e308cb8dde
global_step=362568 | return=-93.30 | steps=131 | track=3d5d8f049b8f21ae6c05e4e8f82dabab
global_step=362600 | return=-90.13 | steps=131 | track=dc283001fed05ebe93c5f5a5c7b9c012
global_step=362616 | return=-10.36 | steps=60 | track=d946e2be8a0ab314a03fe48e5740bd69
global_step=363128 | return=-77.35 | steps=108 | track=c551c27787485442cc52cf27a0c7b450
global_step=363312 | return=6.14 | steps=135 | track=9587d3815e2a928c29cfca9eba86b0e6
global_step=363464 | return=-119.99 | steps=232 | track=6db748382d78bbd3b5fbd2f565b3234c
global_step=363512 | return=-97.09 | steps=131 | track=9c01a455dbb7dad727e94fe1587756ff
global_step=363520 | return=-99.17 | steps=131 | track=92647fe0caa91d7ad4e26c674329b098
global_step=363624 | return=-78.07 | steps=131 | track=bccaf1611a6225b46b4dd95abce60de2
global_step=363656 | return=-88.69 | steps=131 | track=84f69c190304428c9a9b57785bd46deb
global_step=363656 | return=41.82 | steps=65 | track=a4563ccf3e69c0a6902d1a26b27f1a1a
global_step=363672 | return=-82.83 | steps=131 | track=e84d8f81949367b95b58c5bd026a9fef
global_step=363872 | return=57.17 | steps=69 | track=6a954945675727135f1f7190cae6b997
global_step=363960 | return=-1.41 | steps=61 | track=a64a1ec5d7dfcdb6310e6a92b8a9d5f2
global_step=364568 | return=-73.96 | steps=131 | track=5aa4ee372add8b41b78948676f15df84
global_step=364576 | return=-82.75 | steps=131 | track=869492e7624db8d5fe67fc2ecafe10da
global_step=364680 | return=-82.53 | steps=131 | track=d425804f103791d4644fc34704877b0b
global_step=364704 | return=-88.97 | steps=130 | track=0a8e38ee746db66eaf2b66e64e9a96ea
global_step=364728 | return=-75.57 | steps=131 | track=9afe020e15926a0c9e3e47eac4c2fcc4
global_step=364808 | return=-30.08 | steps=143 | track=671bd7f7a82f1f3d4fc0ed71914c6859
global_step=364928 | return=-83.78 | steps=131 | track=da72ad0f36f44301b6b2e49c5d77eaee
global_step=365328 | return=-9.77 | steps=170 | track=f5923915fbe2cb1abc871a717066054d
global_step=365368 | return=40.41 | steps=69 | track=baae9008d052743e93c871be7e01a58a
global_step=365624 | return=-81.15 | steps=131 | track=1d580ad78bffbbce71c637051e599c2f
global_step=365624 | return=-94.28 | steps=130 | track=b22ed14c56511e24c2c1b2347895f880
global_step=365752 | return=-88.53 | steps=130 | track=644893bd3c34a13cc73e5453f0300fe9
global_step=365776 | return=-95.88 | steps=130 | track=35b4162e473825719afa7ed47f8d9b61
global_step=365936 | return=-1.11 | steps=156 | track=bea55dffd603170699b820073237b7d6
global_step=365976 | return=-92.69 | steps=130 | track=a9976805cff3c4caa8edc32cdcdddfed
global_step=366136 | return=-3.61 | steps=63 | track=fc0eb465336cd94a69a37cbba2114fdf
global_step=366384 | return=-81.07 | steps=131 | track=07ea737b78aab258b2fb806ddc107c25
global_step=366416 | return=58.21 | steps=82 | track=f1103fc09b8d84039b99ac1e103a238e
global_step=366424 | return=-63.30 | steps=131 | track=d570d348a0b26986a5fbf40bb36926ba
global_step=366680 | return=-74.27 | steps=131 | track=b886e164fb47118c5ed6325cfa87138c
global_step=366832 | return=-91.87 | steps=131 | track=e120a08948cf7326a623abe8257edbd3
global_step=367032 | return=-89.75 | steps=131 | track=42b4c3a52c44d709f389b366e9f85ae2
global_step=367040 | return=-61.85 | steps=137 | track=768faf9ac47fd115b7a67a218654cfb5
global_step=367192 | return=-91.41 | steps=131 | track=0111599e817f26581aa652ddcf177400
global_step=367288 | return=-15.84 | steps=112 | track=6e16b5abe3dba2b4f3f05214176a5aad
global_step=367296 | return=-31.49 | steps=57 | track=155fa517a717ab8e08666e4fd54aec27
global_step=367464 | return=-94.79 | steps=130 | track=75925bebcf7de783295fde217a6cc1e8
global_step=367480 | return=-75.70 | steps=131 | track=e978fa69171826fa86c67f7152f73248
global_step=367736 | return=-97.11 | steps=131 | track=c5fcbd11f5a6353135ca009c08d0d25a
global_step=368088 | return=-3.32 | steps=131 | track=d6340cca8343400e4c946e03e2417a21
global_step=368096 | return=-92.10 | steps=131 | track=c45a0124b395ce568dfcbcf57ba0e254
global_step=368168 | return=-22.32 | steps=87 | track=1f4486334532d2d68b0974bdcc5262aa
global_step=368248 | return=-85.09 | steps=131 | track=3073939bbd9499455e300dab3a629508
global_step=368344 | return=-92.90 | steps=131 | track=eb79a05a2d50985410b3b71d5c3eae0c
global_step=368352 | return=-92.08 | steps=131 | track=c8816fa9189c8d23278465429bd4b84f
global_step=368536 | return=-96.24 | steps=131 | track=9896e43065d86fdacd4a037dfb6bbfd9
global_step=368640, SPS=40
global_step=368792 | return=-86.31 | steps=131 | track=092cf57e7edd350eaf2d5bbb0df7aaa0
global_step=369056 | return=53.48 | steps=64 | track=5fb26292a9db09a5c1aa7f06922b1990
global_step=369136 | return=-90.48 | steps=130 | track=295617b7b4abe4edca372a18880ef57c
global_step=369160 | return=-81.70 | steps=132 | track=8986ddd64287aab78b516ec0e38cec6e
global_step=369304 | return=-87.20 | steps=131 | track=9a431bbbe005665a0e0747a3e00a2f64
global_step=369408 | return=-82.12 | steps=131 | track=8b7996028ef5445acd4f6ab4dc1ef951
global_step=369408 | return=27.95 | steps=154 | track=2ddc2447b1cd7f53daf70aa6fdd58edb
global_step=369456 | return=26.16 | steps=82 | track=d6f98151522cefa4aad9252ab7a437ba
global_step=369696 | return=40.06 | steps=66 | track=9579f1e9cc83078edc7435f01930df19
global_step=369976 | return=20.25 | steps=64 | track=d29dce043655c4abbab27af401da8e4e
global_step=370184 | return=-86.76 | steps=130 | track=677fad6e39fe5fbfa24bfd1cda2aca8a
global_step=370192 | return=31.14 | steps=141 | track=9559066e7cade4befef8a41004dd6e16
global_step=370360 | return=-78.56 | steps=131 | track=fe7003629ca564d7563b03278b653b55
global_step=370464 | return=-82.60 | steps=131 | track=d5326d01d16011c19e425b1cd8a2dd5f
global_step=370472 | return=-96.29 | steps=132 | track=deb62b1105d28a6ebbd38089898b960f
global_step=370736 | return=-31.16 | steps=298 | track=1936e2353476242157352ca732bbf3c3
global_step=370744 | return=-90.36 | steps=130 | track=24c428c603fd8120468ddca321e9d94c
global_step=371032 | return=-90.43 | steps=131 | track=6bf0663e10f75c73e46ec8515d6b96e3
global_step=371128 | return=-45.02 | steps=47 | track=349dff9c0fa812612e8f044b3ce930ff
global_step=371240 | return=-92.70 | steps=131 | track=c1614c2b6c1562b2c0e5f894839c28fc
global_step=371248 | return=-80.41 | steps=131 | track=8259ac8169a48f47a87a8d426609d57b
global_step=371408 | return=-88.08 | steps=130 | track=0f9cfe43921083ff4794c672a01c8299
global_step=371512 | return=-95.67 | steps=130 | track=5358add32e0311f235b9bd3bb71d004c
global_step=371528 | return=-91.21 | steps=131 | track=331d433c1bd33b9e84d2a7d7057ba9aa
global_step=371792 | return=-88.28 | steps=131 | track=3a61514b5109925d4cd008f9ee41bf33
global_step=371920 | return=19.72 | steps=83 | track=e8f0d57c2fcb037d83fa989f7350a5f7
global_step=372088 | return=-81.17 | steps=131 | track=8f5a7fbf5b87dfe59e27518f8bb2fbce
global_step=372184 | return=-93.98 | steps=131 | track=381b4e07a8666f51380fd01da6c8139c
global_step=372296 | return=-92.94 | steps=131 | track=d74827c4d999f760bb459ac2edc4d7ed
global_step=372464 | return=-87.41 | steps=131 | track=6ab80589b0cfefa17988d970a4be6eb5
global_step=372568 | return=-87.28 | steps=131 | track=453bbd55596ba9c2449ae2fcfab8c45e
global_step=372568 | return=-32.30 | steps=47 | track=2743145958a81c8dc8d16d8ee18cc386
global_step=372584 | return=-91.81 | steps=131 | track=92c9ece87b9ca92afa7cd9815c722d20
global_step=372808 | return=1.61 | steps=63 | track=e2489bb5f3dd6fd76d099bc783c76ddd
global_step=372848 | return=-92.10 | steps=131 | track=1c269900aff4cbcc8232f50d241fcde0
global_step=372976 | return=-89.91 | steps=131 | track=b63216a525ed1e31e5713e6b1d540041
global_step=373112 | return=50.30 | steps=65 | track=3cbe22743434c3ae2c0e7e653f6f72b7
global_step=373144 | return=-86.87 | steps=131 | track=93592e734e915221197f3e977570b837
global_step=373512 | return=-99.41 | steps=130 | track=228b177d0453a1d64f1f0eb4d2266bba
global_step=373624 | return=-75.11 | steps=131 | track=f1c4dcc42947f23159a4bf047e60844b
global_step=373640 | return=0.10 | steps=133 | track=c2a9f82d0962ba8ac42377bb9e761949
global_step=373864 | return=-84.50 | steps=131 | track=fa9e567a522d5b63dc57e62bc0e1e07a
global_step=373904 | return=-92.79 | steps=131 | track=50b35524fef513ab1cb8a22d911ee164
global_step=374032 | return=-85.35 | steps=131 | track=89388bd32ea5975c975fcc074ca9bd40
global_step=374160 | return=-107.78 | steps=130 | track=a732926a26992a47f7c6f029b31a413e
global_step=374200 | return=-87.56 | steps=131 | track=b2592dce237e341e23d0f253395c99f9
global_step=374400 | return=39.82 | steps=66 | track=279276a2af6a260bd93984d9aa744028
global_step=374552 | return=-99.13 | steps=129 | track=12de5010949b31310c412bd82d36cc78
global_step=374680 | return=-88.90 | steps=131 | track=d7c3ad5f5580b41043842a2aa5635359
global_step=374696 | return=-68.30 | steps=131 | track=45746ede40323d4f00d44b0b032a673b
global_step=375088 | return=-87.58 | steps=131 | track=33d79612d91229ea856837fd51e58290
global_step=375104 | return=37.03 | steps=68 | track=13c640ebf6ddd7e6f87e920bbda59c92
global_step=375216 | return=-108.85 | steps=131 | track=5f6652de5fbb74bcbde8ba0635d86985
global_step=375304 | return=65.64 | steps=137 | track=b01301ad24f239367bf4ac3be5727c5f
global_step=375592 | return=-70.81 | steps=148 | track=a5851c87593c42b5f2e5ca67e9cef3fb
global_step=375664 | return=-35.32 | steps=44 | track=ea053b4b8ae66dbdd715bf423ca25b95
global_step=375736 | return=-79.94 | steps=131 | track=4b7729939708895912f47072ea91e0db
global_step=376000 | return=-55.80 | steps=41 | track=84110e9d96d9fa9c5ed8670785c24cfc
global_step=376152 | return=-87.10 | steps=132 | track=5a3c60b8a32e90410c46c7a6b9c4e266
global_step=376176 | return=-25.82 | steps=133 | track=23ca51f2ef14cdf7a1e221bfadd6b429
global_step=376208 | return=74.91 | steps=287 | track=2b871d6c556763fd7dbf2d419f088dc8
global_step=376272 | return=-91.58 | steps=131 | track=695aa054948c83d295098a3cdcb636f6
global_step=376640 | return=-25.07 | steps=130 | track=c2250beb32b1a45941a4069fd24cfa13
global_step=376704 | return=203.12 | steps=250 | track=f42936f01b81b714605ccc7cc3a19614
global_step=376784 | return=-108.09 | steps=130 | track=d07a991cd24f8590b35c031a689d6313
global_step=376832, SPS=40
global_step=376848 | return=39.16 | steps=79 | track=8c3f4b9c8346a8fabba60b5b8383881c
global_step=377056 | return=-80.24 | steps=131 | track=a5a5b285c76e60c9e15cb971e35a800d
global_step=377200 | return=-89.54 | steps=130 | track=8d5c67c4a4cdd5e742ec87a03b1fbf28
global_step=377232 | return=-92.91 | steps=131 | track=1f2beec774c464c3bdca1513734e4501
global_step=377328 | return=-91.88 | steps=131 | track=c9a93753545c735612533a20a92d2c0e
global_step=377760 | return=-88.06 | steps=131 | track=57057e6242d4fc609ccce7fbed6ecf56
global_step=377840 | return=-86.59 | steps=131 | track=2389d43673b8d4f8e2c1ebeb62a8f6fe
global_step=377904 | return=-103.89 | steps=131 | track=f7b8c5dc0a848e43c8efee66daa6b11d
global_step=378128 | return=-47.24 | steps=185 | track=b8a1eba23dddf81a730ad9de5a9dcebe
global_step=378336 | return=-21.48 | steps=159 | track=437ce387b2395c3fa99f2fde03801d73
global_step=378376 | return=-86.23 | steps=130 | track=94893b2708892f633c6a0acd7516fa54
global_step=378528 | return=-32.76 | steps=161 | track=27b48e0143e8361746fb69271fc8ca5c
global_step=378816 | return=-87.20 | steps=131 | track=b0edb659717381ac45adb344159cf3f3
global_step=378896 | return=-87.09 | steps=131 | track=cd11cb6400cb812a798c21e1da36280d
global_step=378952 | return=-94.71 | steps=130 | track=7764ff4a783c7a647af7e699a21fc2b8
global_step=379096 | return=-64.49 | steps=120 | track=96f7fe06791e3153d5624d8f25db10ac
global_step=379112 | return=-84.04 | steps=238 | track=6a9c4ca23de9558a63008070fb604744
global_step=379392 | return=-85.86 | steps=131 | track=66b411c3342803b1f23ae61febe67e7b
global_step=379432 | return=-92.69 | steps=131 | track=c7456be680cf62bbb3b0f82cb2335f0f
global_step=379872 | return=-83.54 | steps=131 | track=b2e916677db5d8b6283b4ce64974f61e
global_step=379952 | return=-93.34 | steps=131 | track=82aeff2a1e25352c22da886c11aded2b
global_step=380024 | return=-89.91 | steps=133 | track=804210bd452819cf102490d4e3e9b866
global_step=380168 | return=-84.04 | steps=131 | track=ff17e8f90b1c06c4b52af31d7e5c679a
global_step=380208 | return=-57.97 | steps=138 | track=1ed1a07e780bd76f381179365a58c0f6
global_step=380216 | return=-54.73 | steps=210 | track=585e3842b29f94dba36b4366b8f3b7be
global_step=380392 | return=-29.53 | steps=45 | track=56078b1f288c84965f29f701f7975970
global_step=380448 | return=-90.35 | steps=131 | track=3e10c19f5e64085acb296b6d3fd50419
global_step=380496 | return=-85.97 | steps=132 | track=5c26ecef6c25cd3a51868818d9a5b966
global_step=380736 | return=43.54 | steps=65 | track=f5e72327197b33ceae5c30a98d9384cf
global_step=380768 | return=-34.50 | steps=74 | track=ed9d3ad09638c2db46e84bbb1c215540
global_step=380928 | return=-82.81 | steps=131 | track=019700a2743fb76f4e0cde0546683013
global_step=381000 | return=-93.50 | steps=130 | track=901eb65b2020dba594539cb7420a9f5a
global_step=381272 | return=-84.21 | steps=131 | track=ee2c640ae639fd45eec93472c9f80fdf
global_step=381440 | return=-87.20 | steps=130 | track=897a5d6b206564d6d39cb3ab53d325ce
global_step=381504 | return=-90.90 | steps=131 | track=a524de9ef745397c729945ca04d57b6a
global_step=381552 | return=-77.31 | steps=131 | track=7d63f0dfc976f604b7e7f52cb65182d7
global_step=381792 | return=-90.80 | steps=131 | track=4b7f16cdfa3c3401ae6bb222ca400363
global_step=381984 | return=-82.08 | steps=131 | track=f228ad8c14995338f34dce0bfdbccfc9
global_step=382056 | return=-83.96 | steps=131 | track=5e3e3a67a97b56df36a388a678529dc7
global_step=382448 | return=-14.72 | steps=146 | track=078a4fcf1068a9e4ca694461ecad961c
global_step=382496 | return=-43.60 | steps=131 | track=3e7c8318318195c6e7a60fd130ea4338
global_step=382608 | return=-86.77 | steps=131 | track=3ec8945b3834c9d58554d1c60bd5d92b
global_step=382656 | return=-109.22 | steps=235 | track=b9d78f089cf1f94935d94ee8d38dfd2a
global_step=382848 | return=-94.69 | steps=131 | track=9a0f454f1f97797c8c92cea68a43d2d9
global_step=383032 | return=-82.10 | steps=130 | track=95c7cfad458ff94c52b6ed54014fb400
global_step=383112 | return=-84.49 | steps=131 | track=8c3ba9225957ec33ab85e9de9fefe7f5
global_step=383480 | return=-73.60 | steps=102 | track=fc9945f5fa69b9e17e44358019424fb6
global_step=383504 | return=-91.21 | steps=131 | track=c98fcd2641db61e31182411275766660
global_step=383552 | return=-15.39 | steps=255 | track=e413f9784851e3433afebd7e86005529
global_step=383632 | return=-50.04 | steps=141 | track=a60d79d0085e3d18db8bce2f7be11c18
global_step=383664 | return=-83.05 | steps=131 | track=f00f9bddf4025ca3d23721e5001d542c
global_step=383728 | return=41.04 | steps=86 | track=b2240c5881b85267091ab6f397a17d58
global_step=383904 | return=-94.59 | steps=131 | track=8841d2c608e0e4383ff98dbc18779758
global_step=384096 | return=48.87 | steps=67 | track=ed030a3db53ceac6ac4cb2aa039576e5
global_step=384168 | return=-45.44 | steps=131 | track=55966ae6f14d9bf931ce993f6bcf6bac
global_step=384536 | return=-86.79 | steps=131 | track=39d1eefc2af8ebba96e3920a1495ed2e
global_step=384560 | return=-74.66 | steps=131 | track=9fc4b92add56f5cbf01be137c641a5a0
global_step=384680 | return=-74.95 | steps=130 | track=6bc6336bbac93f51e0502474aa60c3a8
global_step=384712 | return=-92.96 | steps=130 | track=2dd88953440fd6eab226f63c5ade27f6
global_step=384960 | return=31.63 | steps=153 | track=60957ef29bf6700fda22ebd1fad41af5
global_step=385024, SPS=40
global_step=385064 | return=-34.89 | steps=144 | track=4e227b5a7014997c3b165fdda9345658
global_step=385152 | return=-93.31 | steps=131 | track=2dd3d2fac2f0f59dff4f5e6d2379e9b9
global_step=385224 | return=-92.57 | steps=131 | track=ae31be3068a96431b7fc78edeee3e224
global_step=385512 | return=31.96 | steps=68 | track=2b784b6d1b9962950c6de832143b8329
global_step=385528 | return=-34.96 | steps=120 | track=ea57ab66031d639c1200e866195028ee
global_step=385688 | return=-47.99 | steps=66 | track=c562619ec1f7ea302e774f593395c2b7
global_step=385768 | return=-74.24 | steps=131 | track=feccebaa91c9ea31887682f22d904397
global_step=385888 | return=-7.71 | steps=46 | track=436d2a91cecdad1a0c878143e6072269
global_step=385896 | return=17.17 | steps=151 | track=84779ffcb4358c71574d6378e267107e
global_step=386000 | return=-77.05 | steps=96 | track=fa00995a6522b4f52a1999565eaad965
global_step=386120 | return=-92.53 | steps=131 | track=e55732aaaf9f0e7600750d5ac0427e27
global_step=386248 | return=-72.76 | steps=89 | track=2079ecfe570fa9ab2af686b6680ec3a0
global_step=386352 | return=-17.15 | steps=43 | track=fa3dc97932c9eb5cfe984e54fa554e92
global_step=386416 | return=35.09 | steps=65 | track=e36ee5ae2b8fc8bad41ddfa287ba4158
global_step=386744 | return=-81.94 | steps=131 | track=f7b6cfcf534e03e3bbfc312dd44397b2
global_step=386824 | return=-93.82 | steps=131 | track=ac2fabbfb7b9b5f52db63ca8fc3782d3
global_step=386944 | return=32.35 | steps=65 | track=b14906a41731c004dddcb74211c1aebd
global_step=387176 | return=35.84 | steps=159 | track=936b986b2192febd9d78357a96249cf4
global_step=387184 | return=-50.79 | steps=132 | track=8ad5a4455c7da2111aac57b15db939bf
global_step=387256 | return=37.20 | steps=63 | track=eb154c17e77ecff002a66a59bc4e4672
global_step=387328 | return=2.23 | steps=62 | track=e0e05c32ebd76478b95cfbe7598503b7
global_step=387408 | return=-84.97 | steps=131 | track=3171f0edea509a210b1e41ab298ce63e
global_step=387704 | return=-24.60 | steps=181 | track=4f31511c54564b16eea02cda90a3a0bd
global_step=387720 | return=52.57 | steps=66 | track=aeeb790eeff256ac90dcfe59ae539249
global_step=388000 | return=-91.41 | steps=131 | track=88cbbc9b6b850c3ae154e25c2ee297f6
global_step=388072 | return=31.51 | steps=82 | track=6cd87fd51ab5d9f0eb82df6d18c2f0cb
global_step=388232 | return=-92.79 | steps=131 | track=43230bd1d00153229c36bbcb77bbcbc4
global_step=388368 | return=116.74 | steps=478 | track=bb2169eedc662766480fe17c989c676d
global_step=388376 | return=-92.49 | steps=130 | track=b8860334f58b6dd624bcd14ea360fe63
global_step=388480 | return=-77.58 | steps=152 | track=4896e348b1b08ac1a2dba5667a690164
global_step=388776 | return=-86.11 | steps=131 | track=ad8dfec8973e9dacb53ec4e1f1955a5f
global_step=388904 | return=-45.99 | steps=112 | track=6463f90e875b7607718f341a76e6990c
global_step=388928 | return=60.48 | steps=68 | track=e3813e7e4df7501885dd929a04586353
global_step=389024 | return=-36.78 | steps=164 | track=4cb7f35d08068f90fd82cea95a95969a
global_step=389120 | return=-87.00 | steps=130 | track=92a6cd780aa25bd15690064d3e653748
global_step=389264 | return=-44.35 | steps=60 | track=96e7aee7fc2145db3d897a37e1cbc761
global_step=389288 | return=-79.50 | steps=131 | track=aa25e5ce971c6b27c4993e241926e095
global_step=389424 | return=-77.75 | steps=131 | track=8659a04c1a04f317f9c8b07a6128cb7d
global_step=389528 | return=-78.60 | steps=130 | track=47c2fd306c3fe2f1534df7651ea0d9d8
global_step=389904 | return=-9.16 | steps=76 | track=6a6d6f4e20aedd4bc203f92474b17043
global_step=389952 | return=-84.00 | steps=130 | track=f7f62b65e049d7337cb0e1101324b225
global_step=390152 | return=14.54 | steps=152 | track=f6cc72b4a3829a9664f3832b45c669a8
global_step=390176 | return=-86.63 | steps=131 | track=17989f3ced3e263b96d369504a51351f
global_step=390280 | return=34.17 | steps=156 | track=35804b6aa2a7be497006df709686b540
global_step=390312 | return=-89.68 | steps=130 | track=5e4d9dbd881cbb3b34e3464da9890a1f
global_step=390408 | return=-78.16 | steps=109 | track=d09432c482382cf63527e838f0557a72
global_step=390480 | return=-85.09 | steps=131 | track=b41f25068c6a636160896805dfd937e8
global_step=390840 | return=53.58 | steps=85 | track=c63dce48d659d1a66959bfb984df2f4f
global_step=390896 | return=-72.10 | steps=89 | track=af3aeeafbc2089d214bf5302d3b91211
global_step=390960 | return=-82.83 | steps=131 | track=e73da0dd1c53a4c3e55c12c3a631f692
global_step=391008 | return=-80.91 | steps=131 | track=de509a299561d31df4efeddc6480ff00
global_step=391336 | return=-97.51 | steps=131 | track=249415102a3f3caefcbe9b3af45e5dc7
global_step=391360 | return=-96.38 | steps=130 | track=cffeb0718296c0e0d1fabf226fac1869
global_step=391528 | return=-84.60 | steps=130 | track=0dae546de55278442c79fe0aa39071d0
global_step=391616 | return=-83.47 | steps=96 | track=35d0079c2351938a6d10a153bde5b1d0
global_step=391952 | return=-78.28 | steps=131 | track=87c8974009f40e93d825a8f5d4f316f5
global_step=392016 | return=-91.65 | steps=131 | track=c23d375d36a1d7325b3ca615bb039e3d
global_step=392056 | return=-94.62 | steps=130 | track=34e4be8ad39fea3a0939b43fd8202da5
global_step=392144 | return=61.77 | steps=97 | track=ec81fb2c401d72d6e148f464222437dc
global_step=392304 | return=79.95 | steps=85 | track=a888d21ef3d9cea644a23d46e619bf9d
global_step=392312 | return=-34.89 | steps=237 | track=c88b2e341d1472f61f0b780e4693ca10
global_step=392392 | return=-94.37 | steps=131 | track=b53c83a37fa7836dc6d47b18e02320fd
global_step=392584 | return=-88.89 | steps=131 | track=3e30da0b9589ce20d397d79fe9e5dab7
global_step=392688 | return=-33.52 | steps=83 | track=6460ebaa36bdd240cbd2f597504268f0
global_step=393008 | return=-88.45 | steps=131 | track=4756b803f28970ee863c288e1e9a1881
global_step=393096 | return=14.89 | steps=63 | track=ff75f75c034c115ad673877743ce9106
global_step=393112 | return=-83.78 | steps=131 | track=e55d9780ae5f5aedb351828680dc9d05
global_step=393200 | return=-83.05 | steps=131 | track=5bbc58d5f5f76ac91ca23e29a481a4b0
global_step=393216, SPS=40
global_step=393360 | return=-81.40 | steps=131 | track=1b4366c304f4cff781b3ba6dfc725283
global_step=393360 | return=-90.80 | steps=130 | track=c19d08dbea845df9789365cf322283e1
global_step=393440 | return=-46.49 | steps=130 | track=0c4404716c2e3227c9acaeb7b377d5f5
global_step=393504 | return=5.18 | steps=61 | track=fae68d3c6e2ae1822dba2f8ad184451b
global_step=393712 | return=2.10 | steps=63 | track=df220c68d41e2524641aa2c2e62e060f
global_step=393744 | return=-78.51 | steps=131 | track=7b6d0ea21c530ef00deef8f5a576c40e
global_step=394008 | return=30.36 | steps=62 | track=98e27c1db35228478179a79b6ffd9752
global_step=394152 | return=-96.28 | steps=131 | track=49be317357b7764f46dee92bbc704ce7
global_step=394264 | return=-35.24 | steps=143 | track=13cd8bd06f0f36c2e84e4487392ce8cc
global_step=394416 | return=-88.01 | steps=131 | track=171d97fe644db681cbb7fd87f3dba24d
global_step=394416 | return=-89.46 | steps=131 | track=48b916fd3e18ec0ef1b3213379191aff
global_step=394624 | return=11.68 | steps=147 | track=76fbd41d4a5f4b5b6c355a797df0ef1d
global_step=394768 | return=-86.99 | steps=131 | track=d0336b824164f9917952f6a7f8749b33
global_step=394800 | return=-83.78 | steps=131 | track=b9678b1c5f3173f05529e43353d42dcf
global_step=395064 | return=-83.70 | steps=131 | track=97a65f762ea5193e369f866d0d954deb
global_step=395320 | return=-85.20 | steps=131 | track=72cf6b6cc053963275aa9ec1a8852c2c
global_step=395472 | return=-84.46 | steps=131 | track=8eaf3fb909318d71fca3a91676c636b9
global_step=395472 | return=-85.66 | steps=131 | track=ad5b8b6fc7c8b1edf757d65b1a5ea5b7
global_step=395688 | return=8.33 | steps=77 | track=632bd0065f7261732fe94ebb41d10b4d
global_step=395824 | return=-89.54 | steps=131 | track=7bd093a644d466eb8af2627ab7af83b3
global_step=395848 | return=-91.99 | steps=130 | track=d89c394abc95422ef95b443401c37111
global_step=396376 | return=-96.50 | steps=131 | track=4fb20d9f69b8f7db0e6d20d04b7ffba6
global_step=396384 | return=-87.05 | steps=278 | track=a1bbf5bcda75f90a9a09fb7b20fdff52
global_step=396528 | return=-96.07 | steps=131 | track=f41c1e6a44a4b464bd3a4c93e45a5b3e
global_step=396528 | return=-90.18 | steps=131 | track=f3da0d6e95a9328c2287e8b34226dcf1
global_step=396688 | return=-72.18 | steps=107 | track=bf83356685ec101cccb9e0d878e0d191
global_step=396720 | return=6.12 | steps=261 | track=f675171db1ce82ba975535abdc539e9f
global_step=396744 | return=-89.91 | steps=131 | track=3715992dc823e9afdd824d2b335340a3
global_step=396904 | return=-93.30 | steps=131 | track=771ac12d55132ad378cd23acd9aafde2
global_step=397336 | return=-25.79 | steps=76 | track=a10f07f840737823936cb5f57fd219b4
global_step=397432 | return=-88.28 | steps=131 | track=7b703b5c69e6bf59d2dff21deae664c7
global_step=397440 | return=-81.80 | steps=131 | track=5498d57cceade20c5fc79d06a7342038
global_step=397584 | return=-88.80 | steps=131 | track=fe3780f008305eb7e403e93b7eefcee4
global_step=397584 | return=-77.75 | steps=131 | track=60b6868a984a8cb37395784611751a62
global_step=397744 | return=-103.15 | steps=131 | track=033a26d53ffd5b79b808f9c80b086032
global_step=397800 | return=-82.14 | steps=131 | track=0680e3a7afea99e19997e27a9ee804ba
global_step=397960 | return=-86.61 | steps=131 | track=3e79f4018999ad4670c10ae8e21b4f0b
global_step=398104 | return=26.38 | steps=64 | track=a59eb2dfda98f1918a57da6a343b389d
global_step=398384 | return=-86.88 | steps=130 | track=def6520fdfb046499aa4679f801d2099
global_step=398480 | return=-91.82 | steps=130 | track=26c42046654c390956d467f945dc36f3
global_step=398496 | return=-87.66 | steps=131 | track=3849c753803d0524a514f99514e0b69b
global_step=398640 | return=-86.99 | steps=131 | track=38b13e5faf6e607b03acb9b2fa3c19d4
global_step=398800 | return=-83.76 | steps=131 | track=0c8f54ba987458582491a44889d2dd7b
global_step=398856 | return=-92.70 | steps=131 | track=7143e1b48c400aa840d24b82929a8879
global_step=399000 | return=-1.44 | steps=62 | track=a6e6ff66b31ff424cca9222e7077786c
global_step=399016 | return=-93.55 | steps=131 | track=5d85cf8ae0cf7356951676f73f32e2ea
global_step=399152 | return=-91.37 | steps=130 | track=44b20840d3479d917f889cc9a02ced26
global_step=399152 | return=15.23 | steps=63 | track=6fdcd8d7914d4f6f116cefb898ad481a
global_step=399440 | return=-80.85 | steps=131 | track=f01b12530b2d81f84a8444e37180a933
global_step=399504 | return=-10.51 | steps=60 | track=865e22aa14ad0d5e6357ce74b8ffd599
global_step=399528 | return=-81.87 | steps=130 | track=e5a539af52706cccb51d04981a844fbf
global_step=399856 | return=-73.38 | steps=131 | track=319a9ebea8b5c174192ef132fe9eef62
global_step=399904 | return=-39.36 | steps=93 | track=6e9868d898b512d385947733eeddc5f6
global_step=399928 | return=-84.87 | steps=96 | track=71a7a79e67e12f7329f8ae335c482bf1
global_step=400056 | return=-103.41 | steps=131 | track=496c20aad3cf7cb9429c61c036ed88eb
global_step=400216 | return=27.85 | steps=169 | track=152d0fdb617a80f72a6cb1694faa3961
global_step=400496 | return=-88.41 | steps=131 | track=454e50f114d1dff58de29bf350b81601
global_step=400560 | return=-75.33 | steps=131 | track=7ce2225e95f0cda25166528edc33497c
global_step=400576 | return=-92.18 | steps=130 | track=a57a0c598c700c808187d0d908218127
global_step=400672 | return=-77.09 | steps=101 | track=689c85972d04aa17246613936d56ae35
global_step=400776 | return=-75.15 | steps=89 | track=32a1069a359cecc396bfb4bb0fa55bca
global_step=400960 | return=-28.38 | steps=92 | track=b9b478db318a17b2b1fe4a3f3efb5b28
global_step=400984 | return=-100.30 | steps=131 | track=65fb85425dfbe7187bd8d211fccca17b
global_step=401000 | return=10.50 | steps=62 | track=3a8d66615e7f7f46d881afcb93ad53cb
global_step=401160 | return=21.03 | steps=156 | track=7fb5f24e8c6df9e017c67f0b6cd5122f
global_step=401312 | return=-72.57 | steps=91 | track=c09dc6db88f61499ac7d0b401a4fb968
global_step=401408, SPS=40
global_step=401616 | return=-82.12 | steps=131 | track=bb500c90963b420dbb8957fc65262eba
global_step=401704 | return=-58.93 | steps=67 | track=ad738bdf8ffc05910337db4f56025998
global_step=401728 | return=-82.83 | steps=131 | track=14fe0d857185901990be599b2fa64c12
global_step=401808 | return=-73.80 | steps=102 | track=69bae88caea5236e5aab137cfeaa8728
global_step=401824 | return=-95.05 | steps=130 | track=aab5978d9d01ae05dc1487f20670280b
global_step=402008 | return=-92.58 | steps=130 | track=d3f9e2f58247cff103dd6be632f72eb9
global_step=402048 | return=-99.22 | steps=130 | track=e2e89f04ec8292bb078100f00f45ff0a
global_step=402344 | return=37.78 | steps=64 | track=bc79dd694f9b4cfbc3adfd3ef18b5029
global_step=402360 | return=-91.14 | steps=130 | track=9fffc4b6316bcb188895a0e9ba8a08aa
global_step=402568 | return=25.43 | steps=64 | track=5106e634cda3b4a424050257ee5d78ff
global_step=402672 | return=-91.84 | steps=131 | track=8bfea1969acafb87fc6c70e457af7a0e
global_step=402760 | return=-89.47 | steps=131 | track=ee502a063d174d7b149c5ca5135f2523
global_step=402776 | return=-87.60 | steps=130 | track=321c0f7487c563441b839e1aa9429326
global_step=402888 | return=45.24 | steps=67 | track=336ee3ac2e756ccb82efe5b6c57d0016
global_step=402936 | return=-41.12 | steps=140 | track=3f5f3b9d0556d9f3d59a3af130333d8e
global_step=403056 | return=-94.39 | steps=130 | track=47b3a1d179d39b2ad33cf53f74f00c5c
global_step=403176 | return=-72.79 | steps=101 | track=cfbfa6489019ad2e2efac531f8b648ea
global_step=403304 | return=40.14 | steps=65 | track=e26f3284eb5c94a3dd8e7b669c31f1f2
global_step=403440 | return=-39.14 | steps=47 | track=add341f1e42a796234a06c9bba16c4e5
global_step=403624 | return=-88.01 | steps=131 | track=372b6f5a856b8c66e03c4d24cba7f1fa
global_step=403696 | return=-43.68 | steps=48 | track=a6ee3bb9ca081e0e0b7c6a7e62b09bfe
global_step=403728 | return=-90.31 | steps=131 | track=8510c9b134af0bb59597589333d1013d
global_step=403816 | return=-91.87 | steps=131 | track=4c14ebf44cbcfa779aef0f1c55d8d55e
global_step=403944 | return=-79.37 | steps=131 | track=e669a84f052128d77b52714bdcb959c2
global_step=403992 | return=-66.66 | steps=131 | track=52dc4b8cd14b3b218857e68058213396
global_step=404232 | return=-89.33 | steps=131 | track=569dc64fcbeaae276c65df1c0dc63a2e
global_step=404240 | return=20.13 | steps=63 | track=0ce61d3a626a6558bc0f6fcdd5f0d269
global_step=404448 | return=-20.57 | steps=56 | track=8f95b5f4dd21af901da4de122e1396de
global_step=404496 | return=-91.46 | steps=131 | track=78b50ce74372dbb579b89e0c0395158c
global_step=404680 | return=-84.21 | steps=131 | track=7af32d7840f8136b710241e5d6f0f416
global_step=404752 | return=-84.73 | steps=131 | track=c529ab94612892941a226bdbc16a6814
global_step=404864 | return=-88.78 | steps=130 | track=b8592af59e8e718ad3cde5e775ae90fc
global_step=404888 | return=-2.19 | steps=81 | track=4703807d1025971462db114ff0f672a6
global_step=405000 | return=-93.98 | steps=131 | track=757cd4ee5a272846190fd1c3ab986334
global_step=405136 | return=-50.04 | steps=47 | track=6c3079e8c24237c97fe65a45c927034d
global_step=405296 | return=-72.49 | steps=131 | track=d3dfe0e96a4d0609d15dfa3834283cc3
global_step=405424 | return=1.31 | steps=92 | track=53e22925cfee9545f9b9b1f447e7cced
global_step=405504 | return=-92.70 | steps=131 | track=3eabf5211e56ed862cb57f67a7c7df77
global_step=405544 | return=-81.67 | steps=130 | track=56d0b1defa835dbe07886b41b71c6ea4
global_step=405632 | return=-3.50 | steps=61 | track=d2704ddd20ddb89b93e93d9bf95d2243
global_step=405920 | return=-96.59 | steps=131 | track=d0cd228305e315a03da58964d57327a9
global_step=406048 | return=-54.45 | steps=93 | track=1af42ac916f1e1777d4d98889fd46235
global_step=406056 | return=-83.05 | steps=131 | track=257d94c7459ab4a6b9dc0e2d8dd6bfb2
global_step=406480 | return=-91.01 | steps=131 | track=d84cf3713ed3c067e72d4dd2ed2aa663
global_step=406560 | return=-102.29 | steps=131 | track=1966f579a886d397349c8ee89106eb6b
global_step=406600 | return=-72.90 | steps=131 | track=ee847bdc0a7eca10e8c9ffc5756f4a20
global_step=406680 | return=-99.22 | steps=130 | track=1bc5ba83cbe94650324860c01e959abc
global_step=406968 | return=-81.25 | steps=259 | track=fbe6502f1d049aff2d9978d724177057
global_step=406976 | return=-80.41 | steps=131 | track=d3c88ea0f71aa213d8c8b5cc6be353c0
global_step=407104 | return=-84.50 | steps=131 | track=852e2ae2f608bc305e53121349053453
global_step=407112 | return=-89.23 | steps=131 | track=bcddb0cdcb61a2d3eba4d2973b99ab3d
global_step=407416 | return=-34.27 | steps=54 | track=ee43ff1370ac03ae5e9c5dc1ce9bf7be
global_step=407528 | return=-80.01 | steps=130 | track=fe933a2ab47c8f810e42f4b5c38f9a63
global_step=407616 | return=-78.76 | steps=131 | track=18ec633b943c87a972d922d9883a9163
global_step=407616 | return=41.75 | steps=80 | track=69dec3edfaddd8b7bf57fee0a2511823
global_step=407648 | return=-90.64 | steps=130 | track=e1904b08bc176ebc2c08ee391b88dc59
global_step=407728 | return=-95.61 | steps=130 | track=150a642135532e066a06974a5e43dc91
global_step=407936 | return=-9.66 | steps=64 | track=d902d78f3b11a5cc981e71f59c42eedf
global_step=408152 | return=-93.87 | steps=130 | track=f7705587d2626e7fe7f0ea6614efc0d8
global_step=408168 | return=-90.57 | steps=131 | track=9ea73b9fb89252980e8575d7ad8ecae4
global_step=408240 | return=-107.60 | steps=88 | track=bcb9c2531781dd4725a40d0a5f861e6b
global_step=408664 | return=-83.80 | steps=130 | track=12e86581b4f6107008e1296ca57e19f8
global_step=408704 | return=-84.26 | steps=131 | track=692b425fc0a3abdd19b09a4e668d03bb
global_step=408784 | return=-86.99 | steps=131 | track=6283e40a86c4478183132ec930f32c62
global_step=408856 | return=-34.27 | steps=154 | track=ad7375ad330f8c988da50523b3a2eac4
global_step=408984 | return=-83.53 | steps=130 | track=f02ceb78fe1bcbeec3c198e7309b3544
global_step=409208 | return=-75.33 | steps=131 | track=e724c913e5b0bce8045802f5c708c3df
global_step=409224 | return=-85.68 | steps=131 | track=a9f67d6af29f5fcc3e754984c5324e05
global_step=409296 | return=-68.15 | steps=131 | track=e0cefed8667dc1dbf835be1ced10173a
global_step=409392 | return=39.37 | steps=66 | track=0dcc5163b464d666dd782d2d5bf6a6c9
global_step=409432 | return=-73.74 | steps=95 | track=be81dcd16b94598a0b13a1e762fafad1
global_step=409528 | return=-81.15 | steps=92 | track=d407b67755a75b6004ed8de445dde7e4
  Checkpoint saved → runs/adaptive_fps_track_aware_lstm/CarRacing_VarFramerate_WO_Time_Pen_fc_1.9_bud_180_04-08-14-41-58/ckpts/ckpt_409600_iterations_50.pt
global_step=409600, SPS=40
global_step=409760 | return=-88.07 | steps=131 | track=b1d2b090a6fc946029b8e2bd265a5ae0
global_step=409800 | return=43.27 | steps=73 | track=f86d3b922e9a6c10b5d22d4404f452ed
global_step=409832 | return=-25.62 | steps=66 | track=5a2f166abf92e69ae83bf4e70ef6e282
global_step=409992 | return=46.84 | steps=69 | track=e53cdf68b0e6ce67158ebf6faaf666e7
global_step=410040 | return=-85.20 | steps=131 | track=a62a66844469f1a4f701e33dbf320c19
global_step=410176 | return=-49.05 | steps=46 | track=6443c564fa85fa6984c97962acaec152
global_step=410280 | return=-78.32 | steps=131 | track=f6b99985928ff728a70fa0c4528a74be
global_step=410320 | return=-9.53 | steps=60 | track=d5cb5461101fa73706a6823f814bb398
global_step=410448 | return=-90.31 | steps=131 | track=21ab78d54025c6107a7442c14b66ada0
global_step=410504 | return=8.32 | steps=63 | track=b0e2c8458b121561a4c9e9a9a41ce330
global_step=410584 | return=-79.97 | steps=131 | track=5a4eb3ee68fc1ec277c4bc720aaf6863
global_step=410776 | return=2.71 | steps=74 | track=083871723227c2fa2540209d25ae9bb4
global_step=410856 | return=-12.97 | steps=136 | track=f719c876943482825d9dda37ffd00c81
global_step=411016 | return=22.70 | steps=63 | track=9a4f00413ca3e4cb8245998d23052bd4
global_step=411104 | return=-77.62 | steps=102 | track=cc850d8c39504a825d9d3d1be60ba7e0
global_step=411120 | return=39.37 | steps=66 | track=54ef38040b4221046525c507f251f93e
global_step=411216 | return=-50.95 | steps=146 | track=5da1c72803f6a1d9c8465c0c2eb28741
global_step=411376 | return=-90.31 | steps=131 | track=609646781bb1d3907a4bd701a5ae7024
global_step=411504 | return=-83.19 | steps=131 | track=74f6bfc17d25c758deb04a9e5e465adc
global_step=411728 | return=26.65 | steps=63 | track=c86a829fc67a6f16516c3165c5b1aa3d
global_step=411832 | return=-85.68 | steps=131 | track=692d5b5ed9e9b80295981133a61b387e
global_step=411912 | return=-90.70 | steps=131 | track=09be755382e97d3196f2db76c456ac5e
global_step=412072 | return=-82.31 | steps=131 | track=f3a8bf4eb7f15629734129eb7eb75a1f
global_step=412160 | return=-89.31 | steps=131 | track=4dbb93f7efa37add1aeacf4e3ff4a5de
global_step=412168 | return=-92.72 | steps=130 | track=1b815a74a392e042c8166349a5b8a434
global_step=412432 | return=-79.27 | steps=131 | track=8444d358dcd290dfa512415289e79538
global_step=412560 | return=-75.57 | steps=131 | track=7e22ae1e492e7821a312f8ce40b9855a
global_step=412784 | return=-84.97 | steps=131 | track=c0b916cc1ed05fe1430601dc76aecd26
global_step=412888 | return=-77.26 | steps=131 | track=77fa020bdff4d123367210db84c51c44
global_step=412968 | return=-86.99 | steps=131 | track=b3e99460be29660b9c9080a5ab092aa9
global_step=413104 | return=-88.75 | steps=128 | track=5f566f60a577cf380064db416a2075d9
global_step=413216 | return=-85.31 | steps=131 | track=025034d27f21c195736950207ac9b6b1
global_step=413224 | return=-82.93 | steps=131 | track=4ab9e3420919815d72daebc4837b38cc
global_step=413400 | return=45.75 | steps=76 | track=f356a5b649bfbe1815bdb6b1266978cb
global_step=413504 | return=-18.35 | steps=117 | track=397a054b306af8553bdcc4ecfe14cd73
global_step=413592 | return=-21.85 | steps=60 | track=98580e80030ebe9b7a54e8f5e0e166b1
global_step=413656 | return=-62.47 | steps=152 | track=238575f8feb0dd2538257ecd66fb83d5
global_step=413752 | return=-4.19 | steps=65 | track=75e5f6348584c79f1940ee04300c710e
global_step=413944 | return=-86.33 | steps=131 | track=1858a3d03fe688faf7734db1a7beced7
global_step=414032 | return=-95.40 | steps=132 | track=7b06d6e41d1ecd4bc5fe475fe7b06e35
global_step=414280 | return=-81.60 | steps=132 | track=a10e35378deb39c570e952d09337cdd6
global_step=414416 | return=4.28 | steps=113 | track=4d1b50398521d92a8ad37f140a5f65df
global_step=414456 | return=-78.08 | steps=131 | track=ee454e4857e9a1b11d09c10b47eb82e4
global_step=414544 | return=22.76 | steps=63 | track=b5df8f9b12a4f9437ad6322abf0a1667
global_step=414648 | return=-92.40 | steps=131 | track=573e5844296c81b8b78c918b7da5643f
global_step=414712 | return=-89.96 | steps=131 | track=da466cb175f0ca2c18604b56afedb3f8
global_step=414736 | return=-66.33 | steps=98 | track=951d633e12180e7dbef6a4d6907eeb12
global_step=414800 | return=-88.92 | steps=130 | track=74853fccf922a826fc60cc4852755d9e
global_step=415280 | return=47.90 | steps=67 | track=781ddf300ff842cbe3e2fcd47b8281d1
global_step=415328 | return=-84.44 | steps=130 | track=aba256ce1d5180cd9e9f8e0b2e1b0325
global_step=415464 | return=-92.92 | steps=130 | track=9873afd509a5c397659ad6a5dc94cdae
global_step=415600 | return=-5.32 | steps=142 | track=c30fbb01480f329e184d6328f395eca0
global_step=415600 | return=-69.31 | steps=131 | track=61374470b40a43ad2efba96e6a04fb3a
global_step=415704 | return=-88.59 | steps=131 | track=ff37ca938f394588bc3da179e4e5d614
global_step=415768 | return=-105.22 | steps=131 | track=340330520acff880f31dca94a1186fe3
global_step=415856 | return=-79.25 | steps=131 | track=a2261821edf2bba03ce798a2ab7b6505
global_step=416328 | return=-83.32 | steps=130 | track=92a02bdb73dabb238ef3f7614c878564
global_step=416376 | return=28.74 | steps=64 | track=fc7b003f0c8cbcbccddb65d4cc2b15f2
global_step=416384 | return=-83.45 | steps=131 | track=446af245c08f3b1c485a36092aaf0cc0
global_step=416512 | return=-96.38 | steps=130 | track=5b287f5c44ab692a7717ee77b5784813
global_step=416648 | return=-97.83 | steps=130 | track=b49c26cca36f289217711cf734d971ae
global_step=416656 | return=-91.00 | steps=131 | track=db783eeed9f36b541bf5b13087283ae2
global_step=416760 | return=-83.60 | steps=131 | track=11180951a9498c1b89310696e3696e6e
global_step=416824 | return=-89.23 | steps=131 | track=b37a258c4292092474c8c2b37d81556e
global_step=417048 | return=40.39 | steps=66 | track=8609ab1b22da9cea0e7a12d6ff534c1b
global_step=417096 | return=-52.01 | steps=95 | track=6e647b6173fa358f55753941c9bf2ea0
global_step=417168 | return=22.53 | steps=64 | track=c1ce5ad6e25e867ad3436c2508451a6a
global_step=417320 | return=7.45 | steps=61 | track=66b3816546ae2d87de80f5c925491a63
global_step=417368 | return=-8.91 | steps=75 | track=29775cd6e5cc9761c935682ddeef7dde
global_step=417432 | return=-67.19 | steps=131 | track=a1156448e2e3a46ccde8a01542bddc3a
global_step=417440 | return=-88.01 | steps=131 | track=cab53d91d905724446c6f0fd91f9bcbe
global_step=417704 | return=-8.40 | steps=47 | track=2db4d2f5d0e9777f79a3e5cba995a33b
global_step=417712 | return=-93.51 | steps=131 | track=7b237aae4da82657fcf92b953220f7fa
global_step=417792 | return=29.02 | steps=86 | track=ad82d933aa432c28425d481f3ff5edcf
global_step=417792, SPS=40
global_step=418224 | return=-91.58 | steps=131 | track=1b1ebb15ff20181f5dac1d6a607fa33f
global_step=418296 | return=34.22 | steps=155 | track=3ee8d5e45df3ba980765c23e33768359
global_step=418336 | return=42.79 | steps=67 | track=4f86843b418528d1a50403a4afc953b1
global_step=418480 | return=-82.10 | steps=130 | track=2d852e9da31855622491f585ef045cba
global_step=418488 | return=-99.41 | steps=130 | track=668fbec40c48f16e65dd3463c2d3606e
global_step=418560 | return=-110.48 | steps=148 | track=d8cfe3571b784dddc7c96d16dbfa7d26
global_step=418752 | return=-91.17 | steps=130 | track=9676ce2a8f581b4f7ff1c6e9cbdb7618
global_step=418872 | return=-18.45 | steps=144 | track=b5d31ef315bbd1dcf9dd9dab88a3edbf
global_step=419152 | return=-82.92 | steps=106 | track=16819aba8fdc7e9876388b5b221f5913
global_step=419280 | return=-97.96 | steps=131 | track=8c9068a96e1b631dc74914bfec9977fa
global_step=419392 | return=-88.64 | steps=131 | track=1cd1a76ab81047c79f2ac53ad5ed56e5
global_step=419536 | return=-82.31 | steps=131 | track=f55b658336e119dd766963d6ed25cc9c
global_step=419544 | return=-84.89 | steps=131 | track=0c3b7b14338e0d9853e88a314d83dbd1
global_step=419616 | return=-88.69 | steps=131 | track=7645d22b29af154d9be48451479df77a
global_step=419808 | return=-81.64 | steps=131 | track=c90033f2f11d954402e831d756ff024c
global_step=419928 | return=-105.18 | steps=131 | track=60a28c82c9ba34c6e6f726b60b32df46
global_step=420096 | return=52.19 | steps=69 | track=eca3a086377e601539657ff0ef135b8d
global_step=420136 | return=10.48 | steps=64 | track=70240365b395a93618e0bf4d74655950
global_step=420208 | return=-90.20 | steps=131 | track=b81bb07a42f073f388561e8dee86013e
global_step=420448 | return=-91.61 | steps=131 | track=215aa66afa6c1e3803fb26a59443d96c
global_step=420768 | return=-74.63 | steps=152 | track=d2c9e3c2490610d918a541199b0e1868
global_step=420864 | return=-84.27 | steps=131 | track=63aa0127d71b18df066b5e38dd1f3080
global_step=420904 | return=-11.95 | steps=56 | track=6775cab58741a7d614423d35770955bb
global_step=420976 | return=-96.29 | steps=130 | track=24c4ebb96d9772ce120e1dede5e301ff
global_step=421056 | return=-94.03 | steps=221 | track=3e98d251b4c8dfb4f24a455853265072
global_step=421264 | return=-94.69 | steps=131 | track=022a80e0babd80bbd7e90c1e9f966e57
global_step=421792 | return=14.53 | steps=65 | track=38b9af8efda931f644e57bf4dc9f0ae5
global_step=421824 | return=-81.51 | steps=131 | track=5b6b1d565b9526b4e80e91f507d59550
global_step=421920 | return=-119.42 | steps=227 | track=28773e37b059afb9afa36f70cd40e86b
global_step=421960 | return=-86.11 | steps=131 | track=cae1f17bd03138ebc5131ad60eb18418
global_step=421960 | return=-26.23 | steps=136 | track=b0bff6ffa306e4ab3971f3f2bc4c595f
global_step=422032 | return=-84.83 | steps=131 | track=78ecebfaf83b20967ef544702be1a959
global_step=422112 | return=-84.50 | steps=131 | track=6e9e1242c39d85fdf37818a8155baa96
global_step=422520 | return=21.67 | steps=86 | track=936dfdbda96ca67e2e41f4fe5c191758
global_step=422608 | return=7.21 | steps=61 | track=c77248af0e4e42d3b05b45abd1e0c02d
global_step=422688 | return=-74.45 | steps=90 | track=d6a2dd4571b18c823ad109829b261d03
global_step=422696 | return=45.14 | steps=319 | track=3845d39093f0767d8269f63861128624
global_step=422856 | return=-101.37 | steps=132 | track=ae9dc18381e759cd163ef72c85940ec3
global_step=422976 | return=-84.05 | steps=131 | track=25b3f4a9bc5392b05b3f26a7c85af8cb
global_step=423016 | return=-60.24 | steps=131 | track=d3f47cf194d61d91bf4d82dac7c003e7
global_step=423088 | return=-80.93 | steps=131 | track=eae02251d220c2ff700ed67f5cdc4a30
global_step=423608 | return=-24.68 | steps=93 | track=10b886851ad163b22b656b7d15268a8a
global_step=423664 | return=-86.59 | steps=131 | track=2ad1617b05ac54fa48e4a133d5532288
global_step=423688 | return=-31.05 | steps=145 | track=a0879f40557308cde18b88d9e2074e38
global_step=423752 | return=-80.22 | steps=131 | track=4f65cf382000ea56d8cab75f5fe491b2
global_step=423752 | return=-91.21 | steps=132 | track=6c08aa4ae74cef431ccfbb026b4679ca
global_step=424032 | return=-74.48 | steps=131 | track=fa540e895de12e3754aeda081d186e97
global_step=424072 | return=-97.91 | steps=131 | track=4f229deb8c404e9a73a213f954cfc1ed
global_step=424144 | return=-87.33 | steps=131 | track=713fd0f904327b41bd00cfe4aef6f71a
global_step=424256 | return=4.68 | steps=62 | track=6713ce937e6bbc8e50effa4eb6882055
global_step=424664 | return=-90.39 | steps=131 | track=8a3c2e1a619799f5156e28afd750ce6e
global_step=424744 | return=-85.43 | steps=131 | track=ff138b1c96e0e70864e3d6b7181d2c7b
global_step=424808 | return=-91.01 | steps=131 | track=c46a6e2ae238486502593bbb5db2182f
global_step=425120 | return=-27.10 | steps=121 | track=7d114f6a89c82322c48f36103582db45
global_step=425288 | return=21.25 | steps=156 | track=fa2bb2d7de8af60a1dafe39ea90a28c1
global_step=425304 | return=-87.64 | steps=130 | track=9d4cccea82a88d2de622881c868852e9
global_step=425464 | return=-59.60 | steps=224 | track=101af01956eb813e1dcb54579885829d
global_step=425624 | return=260.78 | steps=193 | track=14c4f45ae91b5ec89ac0c8991a8125af
global_step=425720 | return=-95.68 | steps=131 | track=5b57a4605441272208d03a9cde7a398d
global_step=425800 | return=-95.55 | steps=131 | track=048a4b644681c5856bbf02eba2f694a5
global_step=425856 | return=-92.04 | steps=130 | track=a861cac61cd611a2aad0442b6908d0ab
global_step=425984, SPS=40
global_step=426136 | return=4.51 | steps=63 | track=def0cef10cab44db56b9ef390652a2d1
global_step=426176 | return=-91.39 | steps=131 | track=4f8816e94966a0f1877690b6d4aaace4
global_step=426336 | return=-61.64 | steps=130 | track=ed35529f1464d63935df8e2c5c82a37d
global_step=426360 | return=-76.89 | steps=131 | track=90c7d2902e6de071e103ef3b19e8880a
global_step=426520 | return=-81.07 | steps=131 | track=3c8adfa14db2ee779c13285497582720
global_step=426568 | return=51.27 | steps=88 | track=5a0a58b6985ed21fb8e85c6e3f445d06
global_step=426776 | return=-81.56 | steps=131 | track=b2230686d751c9985373d5b20f4a577b
global_step=426856 | return=-89.91 | steps=131 | track=69d5fafa1e1af9b962802123ea96f1c2
global_step=427032 | return=38.71 | steps=83 | track=9d9b988de0643b087d0cae249e0f6e9f
global_step=427192 | return=-98.15 | steps=131 | track=daff5e99e12c30ce7d6014fa74076bf2
global_step=427224 | return=-91.02 | steps=130 | track=1c2edb606768526b3d21bba48cd32108
global_step=427392 | return=-81.80 | steps=131 | track=606b439e13f2f74d13f3e077e6bf2a26
global_step=427568 | return=-95.46 | steps=130 | track=6e332bf12642e3329a71a558d93ab93f
global_step=427616 | return=-87.85 | steps=130 | track=4805aa2d9c76dbe8de95404e9bb08550
global_step=427824 | return=-89.54 | steps=130 | track=e0c724287fd4c082e32b8ebd4ecacdb2
global_step=427904 | return=-96.35 | steps=130 | track=564d4e6391ab170841d8b0bd75100cbc
global_step=428080 | return=-91.06 | steps=130 | track=018724fbbf579f6073131e8dbb9abf80
global_step=428136 | return=-42.23 | steps=92 | track=b5fe5bbfce09744159bf53730e8296e0
global_step=428240 | return=-81.18 | steps=130 | track=1da693f911d5c73182c541afbf50debf
global_step=428280 | return=-94.11 | steps=131 | track=3f3958be9d8df6c96e01ade5eb322c83
global_step=428304 | return=-21.04 | steps=91 | track=a6b82e97f88adc56795434781d027fea
global_step=428672 | return=-92.47 | steps=131 | track=acc1816c8d7875768e9107a39c64c69f
global_step=428680 | return=20.57 | steps=74 | track=845b0d8c9c9b27b28b93515e137683cb
global_step=428880 | return=-79.50 | steps=131 | track=2164083498a38e0f90d00606be74f157
global_step=428984 | return=-37.50 | steps=84 | track=f2d13cf03ab86e9a3a33f15375f0d424
global_step=429160 | return=37.01 | steps=156 | track=0091a4d9e447caefc463df19db98b6d0
global_step=429192 | return=33.70 | steps=64 | track=94851770e9bdfca1ff0ee7b3b061ed19
global_step=429288 | return=-83.98 | steps=130 | track=731f91ab03b3083983480c6d390c282a
global_step=429440 | return=-37.72 | steps=162 | track=ed172e39c580b2d97412f58a8f168229
global_step=429480 | return=28.48 | steps=61 | track=ed4522b699a597f2387b96d1b5644213
global_step=429504 | return=-3.93 | steps=152 | track=cb0121093fe0006520cfa7e219c6c3ff
global_step=429688 | return=13.45 | steps=65 | track=037ddee499be6a536df0aa5cae1f9b51
global_step=429728 | return=-91.25 | steps=130 | track=4a6e90d1f3f246a27349355e904bc629
global_step=429936 | return=-91.05 | steps=131 | track=b9fbf045a79ee9ecb740685d6e1f3fa3
global_step=430248 | return=-84.50 | steps=131 | track=4b3af42fb77f6e2c9b30f7e10e237d51
global_step=430344 | return=-84.21 | steps=131 | track=5babeada946f7894e86a2d85835081ca
global_step=430536 | return=-97.30 | steps=131 | track=0b59c9435ad47beef3c66c4361fa9949
global_step=430560 | return=-77.35 | steps=131 | track=d55539d518e95ec06449a0ce1242e874
global_step=430744 | return=-63.05 | steps=131 | track=6c13595f4f52bb0d99ca38f0dda60bdb
global_step=430784 | return=-82.31 | steps=131 | track=4d66af5c7aea922f9b04fc5b67fbd548
global_step=430968 | return=-74.60 | steps=190 | track=7c3b5c385562413e720dfbed0ef9f430
global_step=430992 | return=-89.31 | steps=131 | track=92d6d77e50ac4071a1493c5763f4c1a5
global_step=431304 | return=-91.84 | steps=131 | track=14e7161cdfd6b3e256bc746468b2ed67
global_step=431400 | return=-77.76 | steps=131 | track=eceb92b1f2169db9306da4be4473f028
global_step=431608 | return=-103.69 | steps=130 | track=fdcdc5581d75f613a5e4ec5428ddbd4c
global_step=431712 | return=-34.75 | steps=92 | track=3dd38a30b04686497cae4ad8125ca97b
global_step=431816 | return=17.95 | steps=63 | track=3dda895dcd5c4958832cc654f6925be9
global_step=431840 | return=-91.87 | steps=131 | track=d8fce8944e13e806c6bd6624322a0e9e
global_step=432024 | return=-10.93 | steps=77 | track=cc97916042a38e52c57afd210b7e11a2
global_step=432048 | return=-85.74 | steps=131 | track=70f4d3fc42759270d77220ef53189089
global_step=432056 | return=257.66 | steps=163 | track=38bf8950e8c892ea0d4843cc126d2757
global_step=432328 | return=-121.30 | steps=223 | track=a6671ec2b27e0a4e34034b4ff35037c4
global_step=432432 | return=-62.32 | steps=102 | track=7873ec28329523180808c62bf95929ee
global_step=432864 | return=-78.63 | steps=130 | track=d1c31fe5f8437f03474f6e5f06b4f60d
global_step=433072 | return=-94.59 | steps=130 | track=b025bf9330956404cc469f708e043c78
global_step=433096 | return=-85.10 | steps=130 | track=8a15c55ddbeca48dbd2859bf6e647b1b
global_step=433112 | return=-86.47 | steps=131 | track=0ad163ff8f76795226f3168dcf8ca339
global_step=433152 | return=-67.14 | steps=89 | track=087b27282a668b14577c1197753e1164
global_step=433688 | return=47.32 | steps=66 | track=48dd94a67aa7a4ceb9a122a1f83ee95d
global_step=433704 | return=16.18 | steps=171 | track=75b0133da7ce434937ef45cab9dc2917
global_step=433776 | return=-52.46 | steps=241 | track=6134eff29770eb0da8adda777c482769
global_step=433952 | return=295.06 | steps=279 | track=559103b752413e544c59c70d2bac2ceb
global_step=434128 | return=-80.18 | steps=131 | track=a397b6e5f8b39340c5ba1b8bc76cd2df
global_step=434168 | return=-61.71 | steps=131 | track=7b4e1525e9e9b39eae38b61e69d2e1b7
global_step=434176, SPS=40
global_step=434240 | return=-107.74 | steps=171 | track=965940278032baaed60822f9290d7a7e
global_step=434256 | return=17.83 | steps=68 | track=7ea56261d09171107c650b1810f0fcef
global_step=434368 | return=-10.32 | steps=158 | track=760eb3f28b3c9c2944601229a35c5991
global_step=434744 | return=-77.23 | steps=131 | track=7d2e2c43c076a5f6d2ad2c89b04a0c24
global_step=434832 | return=-86.16 | steps=131 | track=9613cae05ed46fc8acf0fa8afcd0692a
global_step=435016 | return=-83.98 | steps=132 | track=e91d0a8286ddb52a7dc2e1070f1559ab
global_step=435120 | return=-37.72 | steps=93 | track=d029998dc8332af01a71178091439573
global_step=435184 | return=-80.93 | steps=131 | track=c535a89f950f294dade3ea112e354ba6
global_step=435224 | return=-91.00 | steps=131 | track=62c3795a7ae99ed187e5bfd22f9d0eff
global_step=435304 | return=-81.83 | steps=130 | track=a049553cdb8efa90f03e5bea1f55c7b6
global_step=435448 | return=-54.19 | steps=40 | track=39144efd858f9fd1542f2573d205f14b
global_step=435800 | return=-86.36 | steps=131 | track=5485f22713f0208d6b06c21223b76478
global_step=435880 | return=-41.33 | steps=130 | track=492a85fadc0ed6b1df0cb55069284ebb
global_step=436072 | return=-92.25 | steps=131 | track=9e00ad771f6416d1158a0160c87bd7ab
global_step=436240 | return=-89.23 | steps=131 | track=1face991f30ae9bb3a9ee9e4dff72a21
global_step=436272 | return=-120.15 | steps=253 | track=2ab3fe7045c397ecdff5efaf80934b60
global_step=436352 | return=-87.40 | steps=130 | track=a3d14eb3b20fa7ac1d0d9ab84fd3ab6e
global_step=436392 | return=1.05 | steps=63 | track=58825c5ae9cb3eb4b864dc68c3e03e66
global_step=436432 | return=34.58 | steps=150 | track=601b7cdaba26828397fa509b28851691
global_step=436440 | return=2.70 | steps=45 | track=8f44b5cf1586b309381edfafdfeffaf4
global_step=436504 | return=-98.83 | steps=131 | track=c893328edafb9b506fe6c8f3dc5480cf
global_step=436728 | return=-9.60 | steps=60 | track=a5f2955163272665666c29c6ae243f5f
global_step=436848 | return=-76.40 | steps=130 | track=e0dbee4ec7e589fdf52b1ea393ae17a6
global_step=436976 | return=39.37 | steps=66 | track=8bc03969d6c7843320488b827f11bb6c
global_step=437224 | return=-11.49 | steps=61 | track=1bd82e5748dfe0e73f65f1c1b19d82d6
global_step=437232 | return=-90.04 | steps=90 | track=6be12e9dfb830ce58536f4574a0f0299
global_step=437328 | return=-96.49 | steps=131 | track=bd07aa1777c9efd767ede512e4e0622f
global_step=437448 | return=-84.26 | steps=131 | track=3466e21d2c1e6e38bcab875909dcb825
global_step=437752 | return=-30.41 | steps=96 | track=ed73b4215796234748c6dd72f312922a
global_step=437904 | return=-93.62 | steps=131 | track=745fc98142649ee6fb9c9b9170a6e55e
global_step=437944 | return=-3.67 | steps=76 | track=0d53a6d050011a03a7a9916f404a3aa1
global_step=437992 | return=53.47 | steps=67 | track=dc0eec5574d20ddae35956bf07631f9e
global_step=438144 | return=-105.90 | steps=223 | track=bdd8e47f43e9a4785dbdafdccaa739ce
global_step=438280 | return=-99.26 | steps=130 | track=58b02e463c69f00b540254b8fce8da64
global_step=438280 | return=-81.86 | steps=131 | track=1054afb072770c1455af4fbee2bfd52a
global_step=438560 | return=-55.28 | steps=100 | track=2f202c2292f79dda4360adb3440379ae
global_step=438864 | return=-80.88 | steps=303 | track=ca466930faced1075375047aa815b61b
global_step=438896 | return=-14.04 | steps=76 | track=4f37fc13e8f1e042482a17a902e72a9b
global_step=438952 | return=-92.48 | steps=130 | track=bda94d0de05bb622b0462704c0bf1876
global_step=438992 | return=-53.26 | steps=130 | track=835756f525ee0b1a3c90f4d9cfde6ebf
global_step=439048 | return=-83.61 | steps=131 | track=30d6f11e50ee505230fbb7f0da82cadc
global_step=439192 | return=-82.85 | steps=130 | track=af0c2a2e7520373110725bc08899db00
global_step=439336 | return=-84.73 | steps=131 | track=56e9b77d9078377930dea5677a721420
global_step=439608 | return=-96.16 | steps=130 | track=0022e0114515b893de5ba72c0a351b8b
global_step=439920 | return=-84.69 | steps=131 | track=073df1c88f6d41b35ffb04c4a4036c6b
global_step=439952 | return=-89.32 | steps=131 | track=ccd0be9e236f8ef35234cd5c9083033f
global_step=440008 | return=-86.31 | steps=131 | track=a6bec9ed5cf7f1deb5e13e83a1ae729c
global_step=440048 | return=-86.17 | steps=131 | track=530a0e9eff07014c2a229f44ce986e53
global_step=440096 | return=-85.47 | steps=130 | track=356f2e01ba5a844be595f9477a9fb611
global_step=440248 | return=-82.75 | steps=131 | track=7cff092690c7f7d42d9e467b3f1f5a88
global_step=440392 | return=-78.32 | steps=131 | track=34e8533de8fc71b88332de42c2fea6bc
global_step=440560 | return=10.23 | steps=75 | track=23e3e5e576db57a8006559d23626059a
global_step=440664 | return=-82.75 | steps=131 | track=3d4f5c3ac44d0e25b5746fbcbcd113ae
global_step=441064 | return=-96.58 | steps=131 | track=47d6d2d3ace0fe67f0d708b2825d1bd1
global_step=441104 | return=-81.73 | steps=131 | track=38241fbd4939a53de4b60601e757303b
global_step=441232 | return=68.44 | steps=70 | track=cac7d7032a1b65b2a16dd3ad51aa48f0
global_step=441304 | return=-90.35 | steps=131 | track=1ebdad00087ab43db9fc44c431618261
global_step=441352 | return=11.51 | steps=156 | track=488ad220834e8204d24dbae5563cf6f5
global_step=441616 | return=10.22 | steps=152 | track=a6d94106274c70d729912a06104217a1
global_step=441648 | return=-61.13 | steps=135 | track=be660c1355a8953b47b33bf235e4e72b
global_step=441800 | return=62.16 | steps=70 | track=4b188e823668906f2e06dbed83d0e88a
global_step=441944 | return=-33.05 | steps=40 | track=517970e9e7ac0383640e10009ebd3d04
global_step=441944 | return=8.93 | steps=73 | track=d0e63fbc0b5f7d6cb91df1b8ed748c53
global_step=442072 | return=-122.40 | steps=268 | track=c32c0095966d1352ab2b53806f2096cc
global_step=442120 | return=-90.70 | steps=131 | track=8f4b62437f4de87c01ac1db27283e800
global_step=442160 | return=-93.30 | steps=131 | track=2a24a70974fd6e8493169ec7c18011e5
global_step=442360 | return=-84.65 | steps=131 | track=7e9c62a463a19c8b0fd9469f06043f7b
global_step=442368, SPS=40
global_step=442512 | return=37.84 | steps=88 | track=b0102e2803c3507a692f85f4640ff2ac
global_step=442704 | return=-66.79 | steps=131 | track=22e010f1a7a815730a62d7660016c0a2
global_step=442992 | return=-95.99 | steps=130 | track=8d8be8e35640656165acde31a5cfe1c1
