step,value
944,7.237287998199463
1904,1.9747898578643799
1904,2.1554622650146484
1904,3.8235294818878174
1904,4.483193397521973
2856,1.7071130275726318
3816,2.058577299118042
3816,4.259414196014404
3816,2.92887020111084
4768,3.1673641204833984
5728,1.7405858039855957
5728,2.824267864227295
5728,4.744770050048828
5728,3.1548116207122803
5728,2.4853556156158447
6680,1.569037675857544
7640,3.543933153152466
7640,3.627614974975586
7640,3.5146443843841553
7640,2.686192512512207
7640,3.2259414196014404
8592,4.263598442077637
9552,3.686192512512207
9552,2.523012638092041
9552,4.811715602874756
9552,4.3096232414245605
9552,5.397489547729492
10504,3.5397489070892334
11464,5.150627613067627
11464,5.046025276184082
11464,5.251046180725098
11464,2.707113027572632
11464,3.443514585494995
11464,3.430962324142456
13376,4.18410062789917
13376,5.205020904541016
13376,4.012552261352539
13376,2.7698745727539062
13376,1.698744773864746
13376,2.184100389480591
13376,3.313807487487793
14328,2.9707112312316895
15288,4.3305439949035645
15288,4.401673793792725
15288,3.0753138065338135
15288,4.979079723358154
16240,4.962343215942383
17200,2.384937286376953
17200,6.0
17200,2.824267864227295
17200,2.301255226135254
17200,2.8870291709899902
18152,0.9958158731460571
18752,3.806004524230957
19112,4.430962562561035
19112,3.9832634925842285
19112,3.815899610519409
19112,3.73221755027771
20064,2.4937238693237305
20664,2.765690326690674
20928,6.527777671813965
21024,3.9497907161712646
21024,5.246861934661865
21024,3.150627613067627
21024,3.4937238693237305
21024,2.4602510929107666
22840,3.125523090362549
22936,2.698744773864746
22936,4.117154598236084
22936,2.8661088943481445
22936,1.5732218027114868
22936,4.292887210845947
24488,2.502092123031616
24848,2.510460138320923
24848,4.3305439949035645
24848,3.556485414505005
24848,2.1464436054229736
24848,3.6443514823913574
26280,2.4136126041412354
26400,3.0669455528259277
26760,3.1338911056518555
26760,2.3179917335510254
26760,2.707113027572632
26760,2.3556485176086426
27048,5.989583492279053
28312,3.7029287815093994
28672,4.849372386932373
28672,2.0753138065338135
28672,2.8451883792877197
28672,3.874476909637451
28960,5.0167365074157715
30224,4.95815896987915
30584,2.0878660678863525
30584,4.874476909637451
30584,3.255230188369751
30584,3.0167365074157715
30872,2.719665288925171
32496,6.2970709800720215
32496,3.4351463317871094
32496,3.8075313568115234
32496,3.2468619346618652
32496,4.60669469833374
32784,3.083682060241699
34408,2.7154812812805176
34408,3.744769811630249
34408,2.53556489944458
34408,2.7364015579223633
34408,2.2970712184906006
34696,3.6192469596862793
35960,5.125523090362549
36320,3.012552261352539
36320,2.757322072982788
36320,3.2510459423065186
36320,2.723849296569824
36608,1.853556513786316
37872,7.008368015289307
38232,4.18410062789917
38232,2.456066846847534
38232,4.0
38232,5.418409824371338
38232,3.2719664573669434
38232,4.313807487487793
38520,2.6317992210388184
39480,4.935897350311279
39784,5.4937238693237305
40144,4.736401557922363
40144,5.083682060241699
40144,2.1338911056518555
40432,3.870292901992798
42056,3.510460138320923
42056,2.489539861679077
42344,3.2970712184906006
43304,4.326359748840332
43608,3.765690326690674
43968,4.811715602874756
44256,3.594142198562622
45520,4.2259416580200195
45664,3.5732216835021973
45864,4.560669422149658
45880,4.644351482391357
45880,3.8870291709899902
45880,5.372385025024414
46168,2.907949686050415
47128,3.615062713623047
47432,6.171547889709473
47576,3.723849296569824
47776,3.6945607662200928
47792,3.2719664573669434
47792,3.079497814178467
47792,3.058577299118042
48080,5.025104522705078
49040,2.707113027572632
49344,4.497908115386963
49488,4.079497814178467
49688,5.782426834106445
49704,5.7740583419799805
49704,4.368200778961182
49992,4.125523090362549
51256,3.2845187187194824
51600,3.4225940704345703
51616,2.26778244972229
51616,2.3556485176086426
51616,2.5523011684417725
51904,2.9372384548187256
52864,4.707112789154053
53168,4.138075351715088
53512,3.765690326690674
53528,3.815899610519409
53528,2.8786611557006836
53528,4.987447738647461
53816,3.0878660678863525
54712,3.0067567825317383
55080,2.7405858039855957
55224,5.615062713623047
55424,4.2259416580200195
55440,3.1548116207122803
56624,2.384937286376953
56688,2.125523090362549
57136,4.0292887687683105
57192,5.453551769256592
57336,2.8451883792877197
57352,1.866108775138855
57352,2.895397424697876
58536,3.138075351715088
58600,2.92887020111084
59048,1.7531380653381348
59104,3.079497814178467
59248,2.5188283920288086
59264,5.824267864227295
60512,4.313807487487793
60816,4.7740583419799805
60960,3.150627613067627
61016,4.033473014831543
61160,4.723849296569824
61176,4.7740583419799805
61176,2.8786611557006836
62360,2.594142198562622
62424,5.284518718719482
62728,3.8786611557006836
62928,5.020920276641846
63072,3.07112979888916
63088,2.150627613067627
64640,6.891213417053223
64784,2.5062761306762695
64984,5.305439472198486
65000,3.292886972427368
65000,6.0
66184,4.100418567657471
66248,5.945606708526611
66552,4.510460376739502
66696,3.451882839202881
66752,5.11297082901001
66912,4.953974723815918
66912,2.849372386932373
68096,4.008368015289307
68160,5.836820125579834
68464,2.5523011684417725
68608,5.230125427246094
68808,4.615062713623047
68824,2.7029287815093994
68824,3.8995816707611084
70008,2.9497907161712646
70072,4.548117160797119
70376,1.9539748430252075
70576,5.719665050506592
70720,3.0753138065338135
70736,3.0962343215942383
70736,3.4100418090820312
71920,2.7280335426330566
72288,3.1004183292388916
72488,3.347280263900757
72648,3.6317992210388184
72648,3.0753138065338135
72800,2.5188283920288086
73832,1.3682007789611816
74200,5.451882839202881
74344,1.9414225816726685
74400,3.5983264446258545
74544,2.4853556156158447
74560,5.9832634925842285
74560,2.7280335426330566
75744,2.707113027572632
76112,2.874476909637451
76256,4.050209045410156
76472,2.8870291709899902
76472,3.757322072982788
77656,7.698744773864746
78024,2.451882839202881
78168,2.4686193466186523
78224,3.6108787059783936
78368,2.5397489070892334
78384,4.769874572753906
78384,3.4937238693237305
78536,4.150627613067627
79520,4.556149959564209
79568,3.707113027572632
80080,4.238493919372559
80136,2.7824268341064453
80280,6.066945552825928
80296,4.8535566329956055
80296,2.3514645099639893
80448,4.719665050506592
80832,6.398734092712402
81432,3.66108775138855
81992,3.5523011684417725
82048,4.757322311401367
82192,5.85774040222168
82208,3.033472776412964
82208,2.4686193466186523
82360,3.3891212940216064
82744,3.0753138065338135
83344,5.3765692710876465
83600,4.261682033538818
83904,4.912133693695068
84104,4.267782211303711
84120,6.338912010192871
84272,2.80334734916687
84784,4.7727274894714355
85256,3.824267864227295
85512,5.251046180725098
85872,4.920502185821533
86032,3.8912134170532227
86184,3.2635984420776367
86696,4.255229949951172
87424,5.85774040222168
87784,2.8870291709899902
87928,4.728033542633057
87944,2.1589958667755127
88608,4.916317939758301
89104,5.11232852935791
89336,4.0167365074157715
89696,3.8200836181640625
89840,3.0292887687683105
89856,3.640167474746704
89856,3.2510459423065186
90520,4.711297035217285
91016,2.3430962562561035
91608,3.1087865829467773
91752,5.870292663574219
91768,2.916317939758301
92904,6.14225959777832
92928,3.418410062789917
93160,1.5857740640640259
93520,2.0502092838287354
93680,4.317991733551025
93680,5.485355854034424
94344,4.192468643188477
94496,3.9215686321258545
94704,5.363143444061279
94816,3.456066846847534
94840,1.7907949686050415
95072,3.66108775138855
95432,2.8661088943481445
95592,4.435146331787109
96256,4.60669469833374
96408,3.242677927017212
96616,3.9916317462921143
96752,3.8661088943481445
96984,8.133891105651855
97216,4.379310131072998
98168,4.129707336425781
98320,2.5313806533813477
98640,2.8912134170532227
98664,2.73221755027771
98896,1.3891212940216064
99128,4.811715602874756
99256,2.7615063190460205
100080,2.372385025024414
100232,2.0543932914733887
100552,5.397489547729492
100576,2.176795482635498
100576,4.966526985168457
100808,2.456066846847534
101520,4.598326206207275
101992,5.9832634925842285
102144,3.2008368968963623
102464,3.7364015579223633
102488,4.14225959777832
102720,4.230125427246094
103432,1.9372384548187256
104056,2.1715481281280518
104112,4.3913044929504395
104400,4.92887020111084
104632,3.242677927017212
104744,4.30476188659668
105200,5.062761306762695
105968,2.8200836181640625
106024,4.0167365074157715
106128,6.112245082855225
106288,4.953974723815918
106312,4.4937238693237305
106544,4.88702917098999
107880,5.552301406860352
107936,3.280334711074829
108200,4.698744773864746
108224,3.4351463317871094
108456,3.80334734916687
108568,3.456066846847534
109024,1.7949790954589844
109848,3.548117160797119
110136,5.3765692710876465
110368,4.594142436981201
110480,3.0543932914733887
110768,4.401960849761963
111024,7.824561595916748
111704,3.8284518718719482
111760,2.9037656784057617
111792,3.138075351715088
112280,3.874476909637451
112680,6.11297082901001
113616,3.5313806533813477
113704,2.079497814178467
113960,2.719665288925171
114304,6.108786582946777
114440,4.194029808044434
115224,1.9052631855010986
115328,1.7740585803985596
115528,5.008368015289307
116352,4.288702964782715
116504,4.313807487487793
116760,3.0376570224761963
117240,5.355648517608643
117440,4.661087989807129
117784,2.1924686431884766
118128,4.108786582946777
118264,4.012552261352539
118416,4.2259416580200195
119048,2.8451883792877197
119152,6.715481281280518
120176,4.276150703430176
120328,5.11297082901001
120584,4.598326206207275
121064,3.3891212940216064
121136,4.57446813583374
121608,4.443514823913574
122088,2.916317939758301
122240,2.3430962562561035
122496,2.1087865829467773
122872,2.6652719974517822
123048,4.769874572753906
123176,3.9916317462921143
124408,3.221757411956787
124624,5.068965435028076
124784,2.384937286376953
124888,2.80334734916687
124960,3.025104522705078
125912,3.439330577850342
126064,4.602510452270508
126696,2.384937286376953
126800,2.723849296569824
126872,4.589958190917969
127000,1.7991632223129272
127824,2.347280263900757
127976,3.3179917335510254
128448,4.476987361907959
128608,2.1338911056518555
128712,3.569037675857544
128784,2.9121339321136475
129656,5.1271185874938965
129888,4.334728240966797
130144,4.192468643188477
130360,1.401673674583435
130520,2.8451883792877197
130696,2.744769811630249
130768,3.819532871246338
131568,3.698744773864746
131648,3.907949686050415
131800,3.451882839202881
132056,2.9456067085266113
132432,2.4476988315582275
132608,4.602510452270508
132680,3.2384936809539795
133560,3.916317939758301
133712,3.8870291709899902
133968,5.85774040222168
134344,2.5062761306762695
134520,2.46443510055542
134592,2.8451883792877197
134912,3.4880383014678955
135168,5.0
135880,4.129707336425781
136256,4.456067085266113
136432,4.895397663116455
136824,3.7991631031036377
137536,3.2259414196014404
138168,1.8744770288467407
138416,6.108786582946777
138536,4.792168617248535
138736,4.284518718719482
138992,5.020920276641846
139400,3.556485414505005
140080,4.200836658477783
140328,4.548117160797119
140448,2.2594141960144043
140648,2.9246861934661865
140904,6.3096232414245605
141312,4.53556489944458
141360,2.548117160797119
141992,3.5648536682128906
142168,2.92887020111084
142360,3.6485354900360107
142560,2.7364015579223633
142816,4.033473014831543
143224,3.849372386932373
143272,4.020920276641846
143904,2.8870291709899902
143976,4.665271759033203
144272,4.665271759033203
145184,5.405857563018799
145816,4.3096232414245605
145888,4.18410062789917
145992,4.6694560050964355
146184,2.882845163345337
146640,3.2259414196014404
147040,1.9665272235870361
147096,1.9623430967330933
147728,3.9958159923553467
147800,4.07112979888916
148096,4.158995628356934
148552,4.615062713623047
148952,3.6443514823913574
148960,2.9372384548187256
149008,3.138075351715088
149640,2.73221755027771
149712,2.916317939758301
149816,4.891213417053223
150008,4.60669469833374
150464,4.163179874420166
150864,3.4142260551452637
150920,5.4602508544921875
151144,3.9457831382751465
151552,4.020920276641846
151624,2.6903765201568604
152200,4.511111259460449
153056,3.652719736099243
153464,3.4225940704345703
154288,4.075314044952393
154688,5.7740583419799805
154968,2.7364015579223633
155448,4.075314044952393
155616,1.3640167713165283
156024,3.347280263900757
156576,2.543933153152466
156600,5.087866306304932
157288,5.615062713623047
157528,2.80334734916687
157936,2.2594141960144043
158512,4.0
159272,4.435146331787109
159440,3.347280263900757
159848,3.8995816707611084
160024,3.4225940704345703
160400,5.707112789154053
160424,3.974895477294922
160704,3.012552261352539
161112,2.711297035217285
161184,4.020920276641846
162312,5.485355854034424
162336,3.2845187187194824
162616,4.945606708526611
163024,4.665271759033203
163096,4.769874572753906
163264,3.9037656784057617
163672,2.079497814178467
163848,1.569037675857544
164248,5.912133693695068
164528,5.209205150604248
164936,5.682008266448975
165584,4.836820125579834
165760,2.5397489070892334
166136,4.870292663574219
166160,4.288702964782715
166440,5.987447738647461
166848,3.815899610519409
167496,6.079497814178467
167672,4.878661155700684
168048,5.560669422149658
168760,2.3891212940216064
168832,3.276150703430176
169000,5.53556489944458
169408,3.4686193466186523
169584,3.916317939758301
169960,3.7405858039855957
169984,2.1087865829467773
170264,4.410041809082031
170672,4.665271759033203
170912,3.66108775138855
171496,3.288702964782715
172584,5.18410062789917
172656,6.284518718719482
173784,3.4225940704345703
173808,3.7866108417510986
174496,4.937238693237305
174568,3.916317939758301
174640,4.751072883605957
175144,2.7615063190460205
175696,5.167364120483398
175720,3.8912134170532227
176000,3.652719736099243
176480,6.117154598236084
176552,2.6359832286834717
177056,4.39330530166626
177232,2.640167474746704
177608,2.5397489070892334
177632,5.317991733551025
178464,4.849372386932373
179144,2.9707112312316895
179544,3.456066846847534
179824,3.3891212940216064
180232,5.04184103012085
180304,5.481171607971191
180376,2.815899610519409
180880,3.9121339321136475
181056,3.3305439949035645
181432,4.732217788696289
181736,2.5523011684417725
182216,2.3347280025482178
182280,3.301886796951294
182288,4.372385025024414
183368,1.7573221921920776
183648,2.920502185821533
184056,5.665271759033203
184128,3.7029287815093994
184192,4.384937286376953
184200,5.523012638092041
184704,2.7364015579223633
184880,5.104602336883545
185280,2.4937238693237305
185560,4.631799221038818
185968,3.033472776412964
186040,5.2970709800720215
186104,3.020920515060425
186616,3.5397489070892334
187192,3.790795087814331
187472,3.4267783164978027
187880,6.108786582946777
188016,2.5774059295654297
188024,2.1464436054229736
188704,4.602510452270508
189104,3.0083682537078857
189792,3.2133891582489014
189856,4.701234340667725
189864,4.196652889251709
189936,4.171547889709473
190616,3.556485414505005
191016,3.079497814178467
191296,3.870292901992798
191768,2.9916317462921143
191776,5.050209045410156
191840,3.7949790954589844
192528,5.439330577850342
192848,6.703703880310059
192928,3.686192512512207
193616,4.485355854034424
193688,3.4853556156158447
193752,5.778242588043213
194440,5.46443510055542
194760,4.497908115386963
194840,2.7280335426330566
195120,3.3430962562561035
195528,5.301255226135254
195600,5.410041809082031
195672,4.234309673309326
196672,2.907949686050415
197032,3.5271966457366943
197440,3.6317992210388184
197576,4.53556489944458
198584,4.263598442077637
198816,3.987730026245117
199024,3.704057216644287
199488,3.3054392337799072
200176,2.2008368968963623
200496,3.2594141960144043
200696,7.303370952606201
200856,3.138075351715088
200936,2.9121339321136475
201264,3.3179917335510254
202408,4.6694560050964355
202608,5.497908115386963
202640,4.3305439949035645
202768,2.46443510055542
202848,4.079497814178467
203144,3.6608314514160156
203176,6.6108784675598145
204320,4.292887210845947
204520,3.73221755027771
204552,3.221757411956787
204680,2.874476909637451
204760,3.8995816707611084
205056,7.359832763671875
205088,4.728033542633057
205840,2.3947367668151855
206432,7.14225959777832
206464,6.903765678405762
206592,6.192468643188477
206672,2.723849296569824
206968,3.301255226135254
207752,1.7824268341064453
207824,3.502092123031616
208344,5.489539623260498
208376,4.246861934661865
208584,6.334728240966797
208880,4.2259416580200195
208912,3.26778244972229
209664,5.025104522705078
209736,3.882845163345337
210256,3.3054392337799072
210288,3.0962343215942383
210416,5.121338844299316
210496,2.1338911056518555
210792,5.88702917098999
210824,3.0167365074157715
211576,3.138075351715088
211648,4.8661088943481445
212168,2.079497814178467
212200,3.6569037437438965
212328,3.33891224861145
212408,2.3054392337799072
212704,3.6903765201568604
212736,2.92887020111084
213544,6.2746477127075195
213560,2.2594141960144043
214080,2.3179917335510254
214240,2.5523011684417725
214616,3.3096234798431396
215400,2.5146443843841553
215456,4.644351482391357
215472,3.861924648284912
215520,5.451327323913574
216024,5.447698593139648
216560,2.6569037437438965
217312,4.414226055145264
217368,3.723849296569824
217384,3.439330577850342
217816,4.6059956550598145
217936,7.313807487487793
218064,3.4811716079711914
218472,1.9497908353805542
219224,5.410041809082031
219280,2.9707112312316895
219296,3.861924648284912
219344,4.359832763671875
219728,3.790795087814331
219976,4.117154598236084
220384,4.255229949951172
221136,5.861924648284912
221192,2.510460138320923
221208,3.510460138320923
221256,5.138075351715088
221640,2.719665288925171
221760,2.510460138320923
221888,4.2259416580200195
222296,2.1338911056518555
222648,7.179893970489502
223104,2.953974962234497
223168,2.6569037437438965
223552,3.974895477294922
223800,4.916317939758301
224208,3.138075351715088
224288,3.4246575832366943
224560,4.723849296569824
224848,4.527196884155273
225016,4.020920276641846
225080,3.7949790954589844
225464,3.8870291709899902
225712,5.60669469833374
226120,2.4267783164978027
226472,3.242677927017212
226760,3.9037656784057617
226992,3.3305439949035645
227376,4.020920276641846
227552,5.97777795791626
227624,5.196652889251709
228032,6.008368015289307
228112,3.5313806533813477
228672,5.276150703430176
228904,4.790794849395752
229464,3.6820082664489746
229536,3.234309673309326
230152,4.288702964782715
230584,3.2635984420776367
231376,2.719665288925171
231936,3.5523011684417725
232496,3.7029287815093994
232728,2.9497907161712646
233112,4.518828392028809
233288,2.686192512512207
233360,5.163179874420166
233600,4.205020904541016
233848,3.6778242588043213
233976,3.397489547729492
234408,1.9456067085266113
234640,4.012552261352539
235200,3.815899610519409
235272,3.5523011684417725
235512,2.941422700881958
235760,4.092050075531006
235888,2.2845187187194824
236320,4.2970709800720215
236552,6.267782211303711
236600,4.333333492279053
236936,3.815899610519409
237112,3.615062713623047
237184,3.9121339321136475
237424,5.1338911056518555
237800,3.443514585494995
238232,2.1087865829467773
238848,4.560669422149658
239024,2.33891224861145
239096,1.9246861934661865
239712,1.569037675857544
239944,4.545454502105713
240144,2.73221755027771
240760,2.1087865829467773
240936,5.050209045410156
241008,3.142259359359741
241248,6.937238693237305
241624,4.0292887687683105
241856,5.368200778961182
242056,3.326359748840332
242120,3.6330275535583496
242672,5.079497814178467
242920,2.125523090362549
243456,4.030612468719482
243536,2.7531380653381348
243968,4.2970709800720215
244760,2.9497907161712646
245368,3.4351463317871094
245448,3.2301254272460938
245680,3.234309673309326
245880,2.719665288925171
245944,3.707113027572632
246040,2.987447738647461
246672,2.4267783164978027
247280,5.589958190917969
247360,6.57740592956543
247592,3.7824268341064453
247624,7.615062713623047
247792,5.083682060241699
247952,5.502091884613037
248584,3.861924648284912
249272,3.4728033542633057
249504,4.046025276184082
249536,3.907949686050415
249768,5.995815753936768
250496,5.11297082901001
251184,3.907949686050415
251448,2.5732216835021973
251616,6.435146331787109
251680,7.046025276184082
251776,5.209205150604248
251824,4.893617153167725
252408,5.472803115844727
253096,3.3054392337799072
253112,4.873614311218262
253360,3.723849296569824
253528,5.995815753936768
253592,2.73221755027771
253688,5.062761306762695
253736,4.845188140869141
254320,3.1129708290100098
254400,4.449541091918945
255008,5.079497814178467
255272,4.004184246063232
255600,4.414226055145264
255648,6.205020904541016
256312,4.682008266448975
256936,3.313807487487793
257560,3.0418410301208496
258224,4.824267864227295
258472,3.2925000190734863
258528,4.497354507446289
258832,5.087866306304932
259424,5.11297082901001
259472,4.502091884613037
260136,1.8117154836654663
260384,2.150627613067627
260440,3.2845187187194824
260744,4.744770050048828
260760,4.39330530166626
261384,2.9372384548187256
261608,2.372385025024414
262352,1.4058576822280884
262528,4.4871134757995605
262672,3.849372386932373
262968,4.474576473236084
263296,4.238493919372559
263536,4.032258033752441
264264,4.602510452270508
264440,5.1464433670043945
264568,2.615062713623047
264584,5.502091884613037
264880,3.7154812812805176
265208,4.18410062789917
265432,4.267782211303711
265448,2.9707112312316895
266176,4.39330530166626
266352,5.054393291473389
266480,3.9121339321136475
266496,2.723849296569824
266792,4.138075351715088
267120,3.3891212940216064
267344,3.150627613067627
267360,2.9372384548187256
268088,3.7615063190460205
268264,3.7029287815093994
268408,4.652719497680664
268704,2.502092123031616
269032,1.9205020666122437
269272,3.0962343215942383
269504,6.023809432983398
270000,4.619246959686279
270176,4.476987361907959
270616,3.3221757411956787
270944,3.80334734916687
271168,1.5941423177719116
271184,4.627614974975586
271416,2.966527223587036
272232,4.004184246063232
272856,3.548117160797119
273080,2.523012638092041
274144,5.552301406860352
274440,4.481171607971191
274768,4.326359748840332
274992,2.1213388442993164
275008,3.870292901992798
275240,2.0962343215942383
275736,4.8535566329956055
275912,2.3305439949035645
276056,2.5774059295654297
276680,2.117154836654663
276920,3.347280263900757
277152,4.104602336883545
277648,5.267782211303711
277824,5.121338844299316
277968,2.707113027572632
278264,2.836820125579834
278592,2.6359832286834717
278816,2.4476988315582275
278832,2.6903765201568604
279712,4.821875095367432
279880,4.0167365074157715
280176,5.355648517608643
280504,2.5523011684417725
280728,6.3305439949035645
280744,3.012552261352539
280744,5.416666507720947
280760,3.749318838119507
281624,3.2970712184906006
282248,4.101190567016602
282416,4.6778244972229
282640,2.4853556156158447
282656,3.079497814178467
282656,3.2384936809539795
282672,5.410041809082031
284000,4.707112789154053
284160,5.761506080627441
284328,4.092050075531006
284552,4.707112789154053
284568,3.790795087814331
284584,4.271966457366943
285448,5.230125427246094
286072,2.53556489944458
286240,5.64853572845459
286464,4.129707336425781
286480,6.18410062789917
286496,7.11297082901001
287824,2.556485414505005
288392,3.8075313568115234
288392,3.8117153644561768
288408,4.066945552825928
289480,5.841975212097168
289736,2.3514645099639893
289896,2.815899610519409
290304,5.443514823913574
290320,1.7615063190460205
290360,4.425051212310791
290576,2.4016735553741455
291808,3.2635984420776367
292216,3.2259414196014404
292216,4.430962562561035
292232,2.6820082664489746
292272,3.5983264446258545
292488,1.3891212940216064
293304,2.757322072982788
293560,4.14225959777832
293720,2.66108775138855
294128,5.301255226135254
294128,3.556485414505005
294144,3.8200836181640625
295216,5.125523090362549
295472,2.347280263900757
295632,3.2594141960144043
296040,5.104602336883545
296056,2.489539861679077
297152,3.3576643466949463
297384,4.85774040222168
297544,2.301255226135254
297952,3.874476909637451
298992,4.20718240737915
299040,2.560669422149658
299064,3.092050313949585
299296,5.263598442077637
299456,1.3514643907546997
299864,1.983263611793518
300136,2.815899610519409
300608,4.295180797576904
300904,2.2594141960144043
300952,3.7824268341064453
300976,3.7029287815093994
301208,1.1841003894805908
302048,3.9916317462921143
302520,4.037656784057617
302584,5.030690670013428
302816,3.4351463317871094
302864,4.6234307289123535
302888,5.359832763671875
303120,4.585773944854736
303688,7.338912010192871
303960,4.518828392028809
304368,5.798969268798828
304432,4.60669469833374
304496,3.221757411956787
304776,3.778242588043213
304800,3.5146443843841553
305032,6.426778316497803
305600,4.4937238693237305
305872,2.523012638092041
306344,2.6569037437438965
306408,2.556485414505005
306688,2.9037656784057617
306712,2.489539861679077
306944,4.246861934661865
307512,1.9456067085266113
307784,6.276150703430176
308192,4.6903767585754395
308256,4.288702964782715
308320,5.410041809082031
308600,2.7615063190460205
308624,4.46443510055542
308856,3.476987361907959
309424,2.129707098007202
309696,2.8912134170532227
310104,4.870292663574219
310168,2.9121339321136475
310232,4.723849296569824
310536,3.2050209045410156
310768,3.8451883792877197
311336,3.543933153152466
312016,3.9372384548187256
312080,3.5983264446258545
312144,5.284518718719482
312448,6.748953819274902
312680,2.3682007789611816
313248,3.3347280025482178
313296,4.757777690887451
313928,3.175732135772705
314056,3.4476988315582275
314336,2.849372386932373
314360,4.167364120483398
314592,3.33891224861145
315208,4.255229949951172
315840,2.719665288925171
316096,5.823529243469238
316248,3.556485414505005
317048,3.0529801845550537
317120,2.73221755027771
317928,5.285024166107178
318000,4.439436435699463
318160,6.602510452270508
318416,3.347280263900757
319032,3.6694560050964355
319840,1.9623430967330933
319912,5.6778244972229
319920,2.1799163818359375
320072,6.945606708526611
320328,4.497908115386963
320472,2.288702964782715
320872,3.4853556156158447
320944,3.242677927017212
321752,4.782426834106445
321824,2.9916317462921143
321832,2.7154812812805176
321984,1.9372384548187256
322240,6.903765678405762
322384,7.1338911056518555
323736,5.025104522705078
323920,6.104986667633057
324152,3.4267783164978027
324296,7.368200778961182
324344,4.609411716461182
325592,4.290465831756592
325656,5.188284397125244
325832,4.723849296569824
326208,2.1715481281280518
326256,5.2970709800720215
327408,2.824267864227295
327504,4.209205150604248
327560,3.456066846847534
327568,4.719665050506592
327976,3.6778242588043213
328168,3.3347280025482178
329320,5.974895477294922
329416,4.895397663116455
329656,5.861924648284912
329888,5.037656784057617
330032,4.263598442077637
330080,4.326359748840332
331328,5.230125427246094
331384,4.5397491455078125
331944,3.7866108417510986
331992,5.9832634925842285
333144,3.870292901992798
333240,3.7405858039855957
333296,4.740585803985596
333304,3.129707098007202
333480,2.7405858039855957
333712,6.5062761306762695
333856,5.81589937210083
333904,1.7071130275726318
334232,4.255319118499756
335056,3.7029287815093994
335152,3.9246861934661865
335208,6.066945552825928
335216,2.19665265083313
335624,4.205020904541016
335768,1.987447738647461
335816,6.560669422149658
337064,3.640167474746704
337120,5.04184103012085
337536,5.903765678405762
337680,4.916317939758301
337728,4.2259416580200195
338056,4.217573165893555
338880,5.523012638092041
338976,5.188284397125244
339040,4.744770050048828
339448,5.6903767585754395
339640,3.5146443843841553
339968,5.171547889709473
340792,4.8535566329956055
340888,3.5983264446258545
341360,3.3054392337799072
341504,2.3682007789611816
341552,3.0962343215942383
341880,2.4267783164978027
341888,5.397758960723877
342704,3.07112979888916
342800,6.108786582946777
342864,4.3305439949035645
343416,4.456067085266113
343464,6.573221683502197
343800,2.4142260551452637
344352,6.037036895751953
344712,3.673640251159668
344776,4.841004371643066
345376,4.100418567657471
345624,6.698412895202637
345704,2.5313806533813477
345712,2.9246861934661865
346264,2.117154836654663
346376,5.229729652404785
346624,4.246861934661865
346688,4.556485176086426
347288,1.5732218027114868
347624,5.0
348176,5.782426834106445
348288,3.451882839202881
348536,5.481171607971191
348600,4.175732135772705
349200,3.723849296569824
349536,2.9246861934661865
350088,1.5564854145050049
350104,3.4937238693237305
350448,3.6945607662200928
351440,7.397489547729492
351448,4.079497814178467
352000,4.288702964782715
352016,2.301255226135254
352112,7.242677688598633
352360,2.8451883792877197
352424,3.1799163818359375
353024,5.292887210845947
353352,3.0753138065338135
353360,3.07112979888916
353928,3.025104522705078
354272,5.715481281280518
354936,3.8451883792877197
355264,2.8870291709899902
355272,2.175732135772705
355376,5.816176414489746
355840,4.748953819274902
356136,5.777777671813965
356184,5.271966457366943
357184,5.673640251159668
357288,2.6569037437438965
357736,3.9246861934661865
358048,2.8995816707611084
358096,5.564853668212891
358496,4.217573165893555
358760,2.861924648284912
359088,3.033472776412964
359200,5.209205150604248
359648,4.305439472198486
359960,3.3305439949035645
360008,6.765690326690674
360408,5.60669469833374
361112,4.916317939758301
361560,5.732217788696289
361616,6.300632953643799
361872,2.150627613067627
362320,4.008368015289307
362752,5.312910079956055
363024,2.6694560050964355
363472,6.46443510055542
363528,5.447698593139648
363784,4.405857563018799
363832,2.510460138320923
364664,3.5983264446258545
364936,2.2175731658935547
364952,3.8876404762268066
365384,2.602510452270508
365520,4.8501362800598145
365696,3.8535563945770264
366144,3.974895477294922
366576,6.150627613067627
366864,1.970711350440979
367296,4.246861934661865
367432,1.7071130275726318
367656,4.150627613067627
367752,6.017699241638184
368056,5.0
368304,5.045871734619141
368488,1.9497908353805542
368776,3.7280335426330566
369208,3.0418410301208496
369520,3.347280263900757
370216,7.280334949493408
370400,3.652719736099243
370688,5.246861934661865
371120,5.757322311401367
371432,3.276150703430176
371576,6.008368015289307
371880,4.1338911056518555
372312,6.426778316497803
373008,1.9665272235870361
373344,3.6778242588043213
373488,4.037656784057617
373792,5.974895477294922
375304,5.062761306762695
375400,3.974895477294922
375704,3.3347280025482178
376832,9.414225578308105
376856,4.920502185821533
377312,6.874476909637451
377312,4.832635879516602
377616,4.949790954589844
378048,5.334728240966797
378064,4.198113441467285
378744,3.2008368968963623
378768,3.326359748840332
379224,3.142259359359741
379224,2.4476988315582275
379528,2.7029287815093994
379960,2.288702964782715
380656,5.953974723815918
381064,4.357531547546387
381136,4.556485176086426
381136,4.096234321594238
381688,5.7174391746521
381872,5.6108784675598145
382568,6.364016532897949
382976,4.803347110748291
383048,2.8451883792877197
383400,3.079497814178467
383600,3.765690326690674
383784,2.175732135772705
384880,4.297008514404297
384888,3.66108775138855
384960,5.514644145965576
385264,2.2845187187194824
385312,4.979079723358154
385696,8.179916381835938
386384,6.811715602874756
386392,3.53556489944458
386792,3.9581589698791504
386872,3.7489540576934814
387224,6.765690326690674
387600,4.563421726226807
388704,5.736401557922363
388760,6.169713020324707
388784,6.1464433670043945
389136,5.380753040313721
389512,5.171547889709473
389536,4.956852912902832
390672,6.3305439949035645
390696,5.874476909637451
391000,4.602510452270508
391048,3.138075351715088
391192,2.523012638092041
391424,3.025104522705078
392512,6.0966386795043945
392584,3.5983264446258545
392608,5.6694560050964355
392912,6.066945552825928
392960,5.3430962562561035
393104,6.066945552825928
393336,5.334728240966797
393360,2.476987361907959
394424,3.66108775138855
394496,3.3682007789611816
394824,3.849372386932373
394872,5.1464433670043945
395016,6.920502185821533
395248,5.242677688598633
395272,5.895397663116455
396336,5.589958190917969
396408,5.6778244972229
396736,6.652719497680664
396784,5.397489547729492
397160,6.163179874420166
397184,1.9414225816726685
398320,2.9037656784057617
398344,3.744769811630249
398648,2.707113027572632
398696,5.60669469833374
398840,3.673640251159668
398896,5.775000095367432
399072,7.481171607971191
400256,1.9037656784057617
400560,4.962343215942383
400608,5.7029290199279785
400752,4.602510452270508
400808,4.57740592956543
400984,2.92887020111084
401008,7.573221683502197
401408,4.828452110290527
402472,4.3305439949035645
402520,3.393305540084839
402664,4.564853668212891
402720,4.476987361907959
402920,2.6778242588043213
404048,5.363636493682861
404384,5.518828392028809
404576,5.234309673309326
404632,3.4686193466186523
404768,6.556922912597656
404808,3.5523011684417725
404832,4.602510452270508
405960,4.2259416580200195
406032,4.726666450500488
406296,3.757322072982788
406544,3.4811716079711914
406680,5.3305439949035645
406720,4.435146331787109
407160,6.715481281280518
407872,2.9707112312316895
408592,5.020920276641846
408632,3.7405858039855957
409072,5.355648517608643
409784,4.368200778961182
409856,2.7364015579223633
410544,2.719665288925171
410544,5.7175140380859375
410984,4.824267864227295
411336,6.010100841522217
411592,1.9790794849395752
411696,5.979079723358154
411768,4.95815896987915
412280,2.4937238693237305
412416,3.5271966457366943
412456,4.794979095458984
412896,5.020920276641846
413248,5.284518718719482
414192,6.476987361907959
414328,4.640167236328125
414368,2.384937286376953
414808,4.3096232414245605
414912,4.935064792633057
415160,5.736401557922363
415520,5.355648517608643
416104,5.85774040222168
416280,7.594142436981201
416720,6.757322311401367
416824,9.288702964782715
417072,3.242677927017212
417328,3.6192469596862793
417432,2.7280335426330566
417720,5.267857074737549
418016,5.125523090362549
418152,5.807531356811523
418192,4.2970709800720215
418200,7.304964542388916
418632,5.481171607971191
419240,2.92887020111084
419344,4.468619346618652
419928,2.707113027572632
420064,5.07112979888916
420104,3.4728033542633057
420112,3.033472776412964
420544,2.6694560050964355
421152,2.7615063190460205
421544,3.012552261352539
421840,6.066945552825928
421976,3.3305439949035645
422016,3.07112979888916
422024,4.686192512512207
422456,4.728033542633057
423064,5.280334949493408
423168,6.60669469833374
423456,4.046025276184082
423752,6.020920276641846
423928,3.7154812812805176
423936,4.81589937210083
424368,4.987447738647461
424920,3.75
424976,5.079497814178467
425080,2.1589958667755127
425088,7.0
425848,5.861924648284912
425968,8.585585594177246
426280,3.916317939758301
426832,3.6778242588043213
426888,5.3430962562561035
427000,6.200836658477783
427280,2.384937286376953
427576,2.9456067085266113
427760,2.7029287815093994
427880,4.192468643188477
428744,6.489539623260498
428848,5.628931045532227
428912,8.242677688598633
429192,5.9707112312316895
429672,4.020920276641846
429792,7.845188140869141
429984,5.636363506317139
430104,8.958159446716309
430656,3.012552261352539
430760,1.163179874420166
431200,6.153988838195801
431584,4.3891215324401855
431888,4.25537633895874
431896,2.92887020111084
432016,3.711297035217285
432568,4.3096232414245605
432672,3.26778244972229
433496,6.514644145965576
433800,5.711297035217285
433808,5.7740583419799805
434584,6.485355854034424
435024,4.682008266448975
435408,4.6108784675598145
435672,5.981651306152344
435712,3.1213388442993164
435720,5.020920276641846
436392,3.083682060241699
436496,5.941422462463379
437320,6.125523090362549
437584,5.033473014831543
437624,5.35146427154541
437632,2.7029287815093994
438304,6.066945552825928
438848,6.338912010192871
439232,3.815899610519409
439496,3.4937238693237305
439544,4.205020904541016
440040,5.643564224243164
440216,4.916317939758301
440760,4.39330530166626
440856,5.034653663635254
441408,4.920502185821533
441456,2.8912134170532227
442128,4.602510452270508
442768,3.3765690326690674
442768,5.4817070960998535
443176,6.548117160797119
443320,5.1338911056518555
444040,6.966526985168457
444096,4.791304111480713
444144,6.832635879516602
444520,7.104602336883545
444584,4.979079723358154
444680,6.020920276641846
445232,5.1464433670043945
446056,4.443514823913574
446592,3.012552261352539
446592,5.196652889251709
447128,3.7959184646606445
447144,5.259414196014404
447920,6.824267864227295
447968,6.6694560050964355
448344,1.7949790954589844
448408,2.8661088943481445
448504,2.6820082664489746
448504,2.73221755027771
449040,2.313807487487793
449880,7.07112979888916
450256,3.025104522705078
450320,6.205020904541016
450416,4.899581432342529
450416,5.811715602874756
450952,3.1338911056518555
450968,4.631799221038818
451744,5.903765678405762
451792,3.4937238693237305
452232,7.050209045410156
452328,4.6903767585754395
452328,7.18410062789917
453576,6.533742427825928
453704,3.974895477294922
453744,5.9655961990356445
453808,9.661017417907715
454104,3.0405404567718506
454144,5.3305439949035645
455056,5.551319599151611
455488,6.326359748840332
455568,3.6569037437438965
455616,7.280334949493408
455656,4.468619346618652
456016,4.719665050506592
457288,8.20920467376709
457304,8.850533485412598
457480,4.548117160797119
457528,6.213388919830322
457568,8.28451919555664
458352,4.6815643310546875
458856,4.250704288482666
459200,5.728033542633057
459216,6.715481281280518
459392,5.104602336883545
459440,5.104602336883545
459480,5.355648517608643
459544,2.451882839202881
460264,5.125523090362549
460768,4.652719497680664
461112,4.447698593139648
461304,6.192468643188477
461392,4.3305439949035645
461456,5.020920276641846
462144,4.952381134033203
462176,4.0
462680,4.631799221038818
463264,6.527196884155273
463304,3.627614974975586
463368,4.221757411956787
464056,4.18410062789917
464088,6.338912010192871
464520,8.818181991577148
464592,2.280334711074829
465176,3.9330544471740723
465216,5.4602508544921875
465608,5.209205150604248
466000,5.301255226135254
466432,8.054393768310547
466504,6.129707336425781
467128,2.5271966457366943
467192,5.384937286376953
467520,8.36820125579834
467880,2.1715481281280518
467912,2.707113027572632
468320,6.0
468344,2.510460138320923
469104,3.6903765201568604
469232,4.9666666984558105
469736,4.9846625328063965
469792,4.288702964782715
469824,2.1338911056518555
470256,4.799163341522217
470328,7.53556489944458
471016,5.263598442077637
471144,5.569037437438965
471736,2.8410041332244873
472144,4.3305439949035645
472168,6.5062761306762695
472240,5.39330530166626
473056,5.60669469833374
473560,2.301255226135254
473648,6.087866306304932
474056,4.012552261352539
474080,4.644351482391357
474152,6.175732135772705
474840,5.527196884155273
474968,6.619246959686279
475472,5.217573165893555
475528,5.209205150604248
476064,4.037656784057617
476752,8.200837135314941
476880,6.121338844299316
477128,5.302083492279053
477384,9.184100151062012
477440,4.916317939758301
477976,5.171547889709473
479040,5.355648517608643
479352,3.326359748840332
479888,7.405857563018799
480040,5.024096488952637
480696,7.72560977935791
481000,5.491525650024414
481400,3.3682007789611816
481520,6.36274528503418
481800,2.175732135772705
481952,8.28451919555664
482608,4.054393291473389
482864,6.267782211303711
482912,4.966526985168457
483176,3.4476988315582275
483312,4.790794849395752
483432,7.426778316497803
483712,4.803347110748291
483864,9.460250854492188
484496,3.989898920059204
484520,4.263598442077637
484776,6.799163341522217
485088,5.292887210845947
485624,7.456067085266113
485776,6.3891215324401855
486408,2.895397424697876
486432,4.497908115386963
486688,4.234309673309326
487000,6.364016532897949
487136,4.175732135772705
487256,4.163179874420166
487536,4.874476909637451
487688,7.092050075531006
488320,5.230125427246094
488344,7.6778244972229
488600,3.0418410301208496
488912,2.1338911056518555
489048,2.150627613067627
489168,5.008368015289307
489448,5.5062761306762695
490232,7.861924648284912
490256,5.313807487487793
490512,2.6192469596862793
490960,8.158995628356934
491080,3.548117160797119
491360,8.891213417053223
492144,7.11297082901001
492168,2.1882846355438232
492528,3.9121339321136475
492872,2.7280335426330566
493272,3.347280263900757
493904,2.092050313949585
494080,2.4728033542633057
494336,2.7615063190460205
494784,4.602510452270508
494904,7.02830171585083
494904,2.6945607662200928
495184,6.615062713623047
495248,5.282352924346924
495816,1.9246861934661865
495992,6.527196884155273
496248,11.192468643188477
496696,3.0543932914733887
496816,4.824267864227295
496816,7.3891215324401855
497160,3.0627615451812744
497904,7.092050075531006
498160,5.368200778961182
498608,2.8661088943481445
499008,6.761506080627441
499072,3.73221755027771
499640,7.6234307289123535
499768,5.263157844543457
500072,5.234309673309326
500640,2.4853556156158447
500984,3.326359748840332
501552,6.765690326690674
501728,5.564853668212891
501768,7.951898574829102
501984,5.255229949951172
502552,5.251046180725098
502896,7.912133693695068
503464,9.92887020111084
503512,3.9037656784057617
503592,2.953974962234497
503640,9.20920467376709
503896,4.841004371643066
504464,2.7405858039855957
504808,3.0878660678863525
505504,5.757322311401367
505552,6.635983467102051
506376,9.35146427154541
506656,5.67669153213501
507336,2.07112979888916
507416,2.142259359359741
507464,4.121338844299316
507504,10.991631507873535
507720,1.7698744535446167
507936,8.268542289733887
508288,2.7949790954589844
508568,3.138075351715088
509248,5.355648517608643
509328,2.907949686050415
509376,4.602510452270508
509632,3.4686193466186523
510200,4.585773944854736
510480,7.410041809082031
510496,6.1871657371521
511160,8.397489547729492
511240,3.790795087814331
511288,3.3430962562561035
512112,2.5146443843841553
512648,8.210227012634277
513200,4.476987361907959
513456,6.569037437438965
513672,4.933054447174072
514024,5.230125427246094
514304,7.761506080627441
514320,1.7405858039855957
514984,2.8870291709899902
515112,4.707112789154053
515776,5.820971965789795
515936,4.292887210845947
516232,2.1338911056518555
516400,7.77419376373291
516896,8.49372386932373
517024,5.832635879516602
517280,3.5146443843841553
517296,6.330357074737549
518168,7.666666507720947
518760,8.013404846191406
518808,4.288702964782715
518936,2.3221757411956787
519296,3.7428572177886963
519304,8.0078125
520672,7.845188140869141
521024,5.182072639465332
521120,8.828452110290527
521216,8.347280502319336
521672,6.715481281280518
522584,6.004184246063232
522632,2.707113027572632
522760,5.828452110290527
523120,8.64853572845459
524456,6.212345600128174
524496,7.234309673309326
524544,6.154811859130859
524944,3.439330577850342
526224,4.769874572753906
526368,2.347280263900757
526408,1.7573221921920776
526456,5.380753040313721
526584,5.355648517608643
526760,3.3179917335510254
526856,5.188284397125244
526944,4.238493919372559
528136,3.916317939758301
528320,7.104602336883545
528368,5.8661088943481445
528496,5.175732135772705
528672,5.878661155700684
528768,5.581590175628662
530048,3.280334711074829
530192,3.4728033542633057
530280,3.104602575302124
530680,6.987447738647461
530768,5.439330577850342
531248,4.74316930770874
531960,8.57740592956543
532104,3.6820082664489746
532192,2.907949686050415
532568,8.17575740814209
532592,6.673640251159668
532680,5.167364120483398
533408,7.164306163787842
534480,4.104602336883545
534504,3.6485354900360107
534592,2.92887020111084
536016,5.920502185821533
536144,4.949790954589844
536416,5.899581432342529
536504,2.719665288925171
537232,3.3765690326690674
537696,3.6317992210388184
537928,6.3765692710876465
538056,4.694560527801514
538112,5.3305439949035645
538328,4.794979095458984
538416,5.083682060241699
539144,5.790794849395752
539608,6.531380653381348
539840,3.4602510929107666
539848,3.242677927017212
539968,3.5271966457366943
540240,5.527196884155273
540328,2.502092123031616
541056,5.100418567657471
541520,5.828452110290527
541752,2.4686193466186523
541880,6.937238693237305
541936,3.870292901992798
542240,4.456067085266113
542968,3.73221755027771
542984,4.871720314025879
543432,7.004184246063232
543664,3.292886972427368
543672,8.949790954589844
543792,4.037656784057617
544816,7.952777862548828
544896,6.719665050506592
545576,7.020920276641846
545584,9.510459899902344
545704,2.280334711074829
545872,6.176308631896973
546064,5.748953819274902
546728,4.39330530166626
546808,3.4853556156158447
547496,4.39330530166626
547616,4.6903767585754395
547976,4.271966457366943
548344,5.04672908782959
548640,9.016736030578613
548720,8.623431205749512
549168,2.0878660678863525
549888,5.192468643188477
550256,7.849372386932373
550552,7.401673793792725
550632,9.309623718261719
550648,5.5354838371276855
550896,5.238493919372559
551080,2.5188283920288086
551440,8.464435577392578
551800,3.138075351715088
552168,3.292886972427368
552464,6.075314044952393
552544,5.07112979888916
552560,7.468619346618652
553712,8.958159446716309
554080,2.569037675857544
554288,6.264044761657715
554376,7.991631984710693
554456,5.732217788696289
554472,2.4602510929107666
554904,4.476987361907959
555624,7.991631984710693
556200,3.870292901992798
556288,4.828452110290527
556368,2.5062761306762695
556816,5.698744773864746
557536,3.4728033542633057
557904,2.6694560050964355
558112,5.552301406860352
558200,5.004184246063232
558280,5.196652889251709
558296,3.0753138065338135
558568,10.64853572845459
558728,5.95815896987915
559448,4.811715602874756
560024,2.301255226135254
560112,2.5899581909179688
560192,3.443514585494995
560480,5.619246959686279
560640,6.175732135772705
560728,10.917762756347656
561360,6.966526985168457
561728,5.058577537536621
562024,7.937238693237305
562104,5.64853572845459
562392,2.523012638092041
562552,4.18410062789917
562640,6.18410062789917
562920,7.589285850524902
563272,2.7405858039855957
563456,7.751479148864746
563848,10.878661155700684
564464,4.6903767585754395
564552,3.4351463317871094
564832,8.870292663574219
565184,2.9707112312316895
565368,7.405857563018799
565552,4.728033542633057
566216,7.037656784057617
566744,2.9707112312316895
567096,7.418409824371338
567280,4.979079723358154
567672,3.8870291709899902
568128,4.686192512512207
568288,7.661087989807129
568376,5.502091884613037
568656,5.414226055145264
569192,5.686192512512207
569584,8.573222160339355
570040,2.7029287815093994
570200,3.9456067085266113
570568,5.941422462463379
571024,3.8078603744506836
571080,6.4082841873168945
571496,6.748953819274902
571952,2.6945607662200928
572112,4.276150703430176
572480,8.28451919555664
572992,4.861924648284912
573408,4.518828392028809
573864,10.0
574024,2.125523090362549
574248,2.3347280025482178
574392,3.3682007789611816
574848,7.3430962562561035
574904,4.740585803985596
575936,3.6820082664489746
576024,10.588234901428223
576160,5.644351482391357
576760,3.7866108417510986
576816,4.794979095458984
577528,6.212643623352051
577936,3.53556489944458
578072,4.368200778961182
578672,8.63179874420166
578728,5.439330577850342
579528,8.894472122192383
579760,2.4686193466186523
579984,3.138075351715088
580552,6.941422462463379
580640,5.355648517608643
580888,6.704761981964111
581056,7.585773944854736
581440,8.242677688598633
581672,1.569037675857544
581896,6.836820125579834
582464,3.5774059295654297
582800,7.920502185821533
582968,4.5397491455078125
583352,8.029288291931152
583584,4.732217788696289
583672,4.60669469833374
583808,3.857740640640259
584376,6.619246959686279
584464,3.0962343215942383
584712,2.7154812812805176
584792,6.344444274902344
585584,5.251046180725098
585720,2.502092123031616
585768,7.091428756713867
586288,5.100418567657471
586376,2.4853556156158447
587408,7.263598442077637
587496,4.3305439949035645
587680,6.058577537536621
588200,1.330543875694275
588288,5.4602508544921875
588616,3.7405858039855957
588776,8.645668983459473
589320,9.0836820602417
589408,6.924685955047607
590528,3.439330577850342
590688,5.020920276641846
591168,6.97706413269043
591232,2.4811716079711914
591320,3.033472776412964
591456,6.949790954589844
592024,8.828452110290527
592112,4.811715602874756
592600,2.790795087814331
593080,3.2133891582489014
593136,6.850574493408203
593232,4.995815753936768
593368,3.3640167713165283
593936,11.347280502319336
594024,5.870292663574219
594096,6.215083599090576
594240,8.02173900604248
594512,3.3430962562561035
594992,2.9372384548187256
595144,4.3430962562561035
595280,7.0292887687683105
595848,6.824267864227295
595936,5.355648517608643
596008,3.8912134170532227
596152,8.497907638549805
596424,9.426777839660645
596904,4.481171607971191
597056,4.481171607971191
597760,3.4142260551452637
597848,7.602510452270508
597920,9.343095779418945
598064,7.907949924468994
598336,3.2175731658935547
598648,11.80904483795166
598816,4.673640251159668
599672,6.066945552825928
599760,4.11297082901001
599832,3.979079484939575
599976,8.619246482849121
600560,3.443514585494995
600728,5.9707112312316895
601016,7.0292887687683105
601584,7.569037437438965
601744,7.949790954589844
601888,5.3305439949035645
602472,5.418409824371338
602672,8.263736724853516
602928,2.1464436054229736
603264,6.236074447631836
603656,8.13807487487793
603800,6.870292663574219
604384,2.711297035217285
604552,5.037656784057617
604584,4.037656784057617
604832,9.689922332763672
604840,1.728033423423767
604912,9.375
606296,3.092050313949585
606464,8.610878944396973
606744,4.962343215942383
606752,6.359832763671875
606824,4.276150703430176
607088,2.4267783164978027
607480,6.255229949951172
608208,10.531380653381348
608376,7.196652889251709
608656,7.531380653381348
609264,8.881967544555664
610120,5.397489547729492
610320,4.14225959777832
610576,5.301255226135254
611672,6.472148418426514
611984,5.697051048278809
612032,5.476987361907959
612200,3.3807530403137207
612232,2.6903765201568604
612448,9.832635879516602
612488,2.7824268341064453
612736,2.615062713623047
613896,6.531380653381348
614360,3.7280335426330566
614648,8.271966934204102
615808,10.878661155700684
615808,4.024096488952637
615856,7.631799221038818
616024,2.8200836181640625
616328,10.830904006958008
617720,6.548117160797119
617768,3.430962324142456
617968,5.426778316497803
618240,7.803347110748291
618472,3.882845163345337
619848,8.14225959777832
619904,2.4476988315582275
620152,8.221756935119629
620368,6.71999979019165
620384,7.347280502319336
621544,4.602510452270508
621760,2.301255226135254
621792,6.962343215942383
622064,4.355648517608643
622280,2.6945607662200928
622296,3.548117160797119
623456,10.217573165893555
623704,3.9958159923553467
623976,6.635983467102051
624208,5.761506080627441
625368,7.267782211303711
625616,5.338912010192871
625640,7.163179874420166
625888,5.698744773864746
626104,5.903765678405762
626120,3.3765690326690674
626728,2.6652719974517822
627280,5.548117160797119
627496,12.623431205749512
627528,7.292887210845947
627800,5.355648517608643
628016,9.29707145690918
628032,3.150627613067627
628640,6.280334949493408
629192,7.615062713623047
629440,10.510459899902344
629464,12.820083618164062
629712,8.782426834106445
629944,8.389121055603027
631104,9.456067085266113
631376,9.192468643188477
631624,7.447698593139648
631856,3.723849296569824
632464,4.334728240966797
633016,3.9372384548187256
633232,10.163180351257324
633264,11.079498291015625
633288,3.5313806533813477
633752,12.301255226135254
633768,2.4267783164978027
634376,4.384937286376953
634496,11.869080543518066
634928,2.2594141960144043
635144,11.322175979614258
635200,8.9163179397583
635680,4.39330530166626
636288,9.062761306762695
636408,6.874476909637451
636840,9.255229949951172
637080,10.451923370361328
637088,8.953974723815918
637112,7.117154598236084
637592,2.543933153152466
638320,8.21338939666748
638752,1.6066945791244507
638968,4.196652889251709
639000,1.9790794849395752
639504,7.062761306762695
640112,3.882845163345337
640232,8.054393768310547
640880,8.723849296569824
640904,4.979079723358154
640936,11.255229949951172
641416,6.966526985168457
642024,8.28451919555664
642144,4.435146331787109
642576,6.313807487487793
643328,8.43514633178711
643624,5.5
644056,10.56485366821289
644704,4.707112789154053
644728,7.259414196014404
644736,7.88702917098999
645240,2.73221755027771
645536,7.062761306762695
646616,11.171547889709473
646640,4.435146331787109
646672,7.439330577850342
647152,3.46443510055542
647328,9.652719497680664
647448,2.9916317462921143
648312,7.259414196014404
648584,3.0083682537078857
649040,8.227723121643066
649064,12.983263969421387
649240,10.0
649360,3.0292887687683105
650168,15.0
650224,10.460250854492188
650472,6.255229949951172
650952,4.2259416580200195
650976,5.60669469833374
652080,2.80334734916687
652136,10.728033065795898
652376,6.882845401763916
652384,10.037656784057617
652888,6.234309673309326
653184,4.673640251159668
653816,11.122904777526855
653992,9.372385025024414
654048,4.39330530166626
654288,4.301255226135254
654448,13.727272987365723
654800,9.836819648742676
655096,8.410041809082031
655728,5.108786582946777
655904,4.53556489944458
656360,3.6820082664489746
656456,12.393258094787598
656712,10.251046180725098
657008,9.63179874420166
657456,9.027777671813965
657520,6.992574214935303
658272,9.832635879516602
658368,3.5397489070892334
658920,9.489540100097656
659368,3.025104522705078
659432,9.288702964782715
659728,4.2259416580200195
659784,4.058577537536621
660280,7.489539623260498
660832,8.092050552368164
661280,8.485355377197266
661344,5.108786582946777
661640,4.04184103012085
661696,9.539749145507812
662192,2.3640167713165283
662288,7.371179103851318
662744,7.251046180725098
663192,2.615062713623047
663256,9.539749145507812
663344,2.7029287815093994
663552,5.543932914733887
664200,8.891213417053223
665256,4.205020904541016
665520,9.518828392028809
666016,7.439330577850342
666056,7.517571926116943
666112,5.949790954589844
666760,10.15936279296875
667080,5.167364120483398
667136,8.242574691772461
667168,5.259414196014404
667968,2.92887020111084
668024,10.062761306762695
668416,8.571428298950195
668672,6.418409824371338
668992,2.92887020111084
669048,10.041840553283691
669080,5.941422462463379
669840,9.472803115844727
669880,2.083682060241699
669936,10.092050552368164
670328,2.6945607662200928
670904,8.221756935119629
670960,7.301255226135254
670992,3.280334711074829
671752,3.276150703430176
671792,8.690376281738281
671848,11.820083618164062
672240,10.263598442077637
672496,8.054393768310547
672816,6.213388919830322
672872,12.765690803527832
673664,4.916317939758301
673704,3.53556489944458
674152,6.673640251159668
674408,3.9581589698791504
674728,11.77405834197998
674816,10.481171607971191
675616,7.799163341522217
675672,7.2970709800720215
676064,5.974895477294922
676728,4.937238693237305
677528,6.828452110290527
677584,4.564853668212891
678072,6.185897350311279
678608,3.4476988315582275
678640,7.560669422149658
679440,6.744770050048828
679816,11.530611991882324
679864,11.945606231689453
679888,4.581590175628662
679984,4.728033542633057
680144,9.129707336425781
681352,6.753138065338135
681408,8.389121055603027
681728,7.037656784057617
681776,11.150628089904785
682056,4.2259416580200195
682432,6.8200836181640625
683320,5.861924648284912
683640,8.087865829467773
683688,8.326359748840332
683712,2.092050313949585
683808,2.80334734916687
683968,8.673640251159668
684344,5.3305439949035645
685176,1.552301287651062
685232,7.439330577850342
685552,9.267782211303711
685600,3.418410062789917
685624,10.527196884155273
685720,3.1213388442993164
685880,1.5899581909179688
687088,4.723849296569824
687464,12.179916381835938
687632,3.0376570224761963
688168,16.066946029663086
688336,12.608247756958008
689376,8.041840553283691
689448,9.205020904541016
689544,6.230125427246094
690248,6.9707112312316895
690376,11.07112979888916
691288,8.983263969421387
691336,2.92887020111084
691360,10.510459899902344
691456,7.3430962562561035
692160,6.569037437438965
692288,4.765690326690674
692824,9.322175979614258
693248,10.104602813720703
693368,8.63598346710205
693904,7.53556489944458
694072,2.9707112312316895
694200,6.284518718719482
694736,7.619246959686279
695160,5.426778316497803
695184,2.711297035217285
695984,2.5397489070892334
696112,7.803347110748291
696648,5.556485176086426
696664,2.6778242588043213
697024,6.401673793792725
697072,11.799162864685059
697096,4.723849296569824
697192,1.5899581909179688
697896,6.6694560050964355
698024,5.987447738647461
698560,9.016736030578613
698576,6.966526985168457
698984,4.14225959777832
699104,4.569037437438965
699648,11.195121765136719
699808,10.12552261352539
699936,5.3221755027771
700472,7.3096232414245605
700488,6.991631984710693
700896,3.5062761306762695
700920,2.824267864227295
701016,3.6443514823913574
701720,6.694560527801514
701848,8.80334758758545
702200,14.702194213867188
702384,10.426777839660645
702808,10.292886734008789
702832,1.3514643907546997
703192,6.9763312339782715
704112,6.523012638092041
704216,13.14102554321289
704296,3.556485414505005
704720,3.80334734916687
705104,9.527196884155273
705368,10.459016799926758
705672,5.782426834106445
706128,9.175732612609863
706208,7.079497814178467
706656,9.740585327148438
707016,9.251046180725098
707280,3.347280263900757
707936,5.560669422149658
708120,7.782426834106445
708568,10.953974723815918
708928,2.92887020111084
709192,2.3430962562561035
709496,5.740585803985596
710032,4.3096232414245605
710456,11.610878944396973
710480,3.9958159923553467
710840,2.3682007789611816
711032,4.476987361907959
711104,7.338912010192871
711408,6.548117160797119
711528,10.15625
711944,4.899581432342529
712368,5.481171607971191
712392,11.15481185913086
712752,11.439330101013184
712944,3.941422700881958
713016,3.4602510929107666
713440,3.405857801437378
713856,3.1129708290100098
714280,3.9372384548187256
714304,1.9748953580856323
714488,9.402597427368164
714664,11.380753517150879
714928,4.338912010192871
715864,10.188118934631348
716576,7.263598442077637
716768,2.489539861679077
716840,6.945606708526611
717008,18.15989875793457
717072,6.526315689086914
717776,2.4686193466186523
718104,9.36820125579834
718128,2.3179917335510254
718488,3.556485414505005
718680,4.372385025024414
718752,6.1338911056518555
718920,11.765690803527832
718984,11.552301406860352
719144,11.523077011108398
719688,2.711297035217285
720040,3.058577299118042
720400,4.3096232414245605
720664,4.769874572753906
720896,2.6569037437438965
721056,5.472803115844727
721600,3.0753138065338135
721952,2.8661088943481445
722312,3.033472776412964
722504,10.21338939666748
722744,8.610878944396973
722968,9.271966934204102
723512,8.041840553283691
723864,10.313807487487793
724224,9.167364120483398
724488,4.334728240966797
724656,7.3430962562561035
724720,3.092050313949585
724880,6.891213417053223
725424,10.36820125579834
725672,14.594594955444336
725776,6.18410062789917
726328,7.962343215942383
726568,12.305438995361328
726792,5.832635879516602
727336,2.2594141960144043
727584,5.472803115844727
727688,6.364016532897949
728048,2.313807487487793
728240,3.5983264446258545
728480,2.3514645099639893
728544,4.518828392028809
728704,4.100418567657471
729248,2.92887020111084
729496,11.129707336425781
729960,5.468619346618652
730152,12.610878944396973
730456,12.376568794250488
730616,15.288702964782715
731160,10.669456481933594
731512,8.271966934204102
731872,12.761506080627441
732064,8.895397186279297
732304,13.347280502319336
732368,7.46443510055542
733320,3.0669455528259277
733784,8.058577537536621
733976,6.799163341522217
734280,5.439330577850342
734440,3.2719664573669434
734984,6.527196884155273
735696,2.4686193466186523
735888,8.57740592956543
736192,10.543932914733887
736352,15.271966934204102
736896,10.0836820602417
737248,7.769874572753906
737608,2.4476988315582275
737800,2.280334711074829
738040,8.008596420288086
738104,11.581589698791504
738264,5.230125427246094
738808,3.26778244972229
739056,3.974895477294922
739160,10.20920467376709
739520,10.836819648742676
739712,11.736401557922363
739952,4.748953819274902
740016,9.6443510055542
740176,7.711297035217285
740720,4.100418567657471
740968,9.9163179397583
740992,15.307692527770996
741072,7.694560527801514
741432,9.267782211303711
741736,20.279069900512695
742088,5.723849296569824
742632,5.782426834106445
742880,9.623431205749512
742984,11.464435577392578
743344,2.857740640640259
743536,15.690376281738281
743648,8.200837135314941
743792,14.241379737854004
744000,6.07112979888916
744792,3.974895477294922
744816,4.686192512512207
744896,2.372385025024414
745448,8.171547889709473
745560,7.3891215324401855
745704,8.585774421691895
745912,12.092050552368164
746728,3.8451883792877197
747360,15.230125427246094
747616,2.150627613067627
747824,13.552301406860352
748640,8.146443367004395
748720,8.602510452270508
749080,4.46443510055542
749272,12.447698593139648
749528,4.903765678405762
750040,9.383177757263184
750552,3.3514645099639893
750632,11.188284873962402
751144,8.870292663574219
751440,7.347280502319336
751952,10.589958190917969
752440,8.14225959777832
752464,8.711297035217285
752904,10.945606231689453
753056,2.0753138065338135
753096,9.539749145507812
753352,6.3430962562561035
753864,15.811715126037598
754352,9.22594165802002
754376,10.033473014831543
754456,11.29707145690918
754968,15.669456481933594
755008,6.736401557922363
755264,5.736401557922363
755776,2.7991631031036377
756264,4.811715602874756
756368,11.100418090820312
756472,13.990338325500488
756880,2.092050313949585
757688,12.560669898986816
757968,18.022058486938477
758200,11.238493919372559
758384,3.0962343215942383
758712,17.96875
758832,10.347280502319336
760088,5.230125427246094
760112,12.322175979614258
760624,8.238493919372559
760744,10.669456481933594
761000,3.3054392337799072
762000,9.765690803527832
762024,10.661087989807129
762464,3.4476988315582275
762912,4.7029290199279785
764016,13.732217788696289
764120,2.7405858039855957
764376,9.9163179397583
764448,5.213388919830322
764568,13.489540100097656
764824,8.740585327148438
766288,6.757322311401367
766360,9.50627613067627
766480,11.485355377197266
766736,11.42259407043457
766776,2.686192512512207
767736,13.581589698791504
767944,8.682008743286133
768200,4.707112789154053
768272,2.175732135772705
768648,7.665271759033203
768688,8.841004371643066
768872,3.083682060241699
769648,7.07112979888916
770560,9.313807487487793
770784,2.405857801437378
771560,10.271966934204102
771768,3.711297035217285
772008,15.847345352172852
772024,2.707113027572632
772096,9.464435577392578
772472,10.502092361450195
772512,2.9707112312316895
772696,3.8284518718719482
773104,18.89629554748535
773472,6.046025276184082
773680,10.020920753479004
773920,9.158995628356934
774008,5.564853668212891
774384,10.12552261352539
774424,8.28451919555664
774608,12.221756935119629
775016,8.158995628356934
775384,10.711297035217285
775592,4.912133693695068
775832,3.46443510055542
775920,10.502092361450195
776088,13.365385055541992
776296,10.238493919372559
776520,11.129707336425781
776696,12.189023971557617
776928,10.313807487487793
777160,14.58955192565918
777504,6.661087989807129
777744,4.686192512512207
777832,9.9163179397583
778208,10.995816230773926
778432,9.334728240966797
778840,10.744770050048828
779072,12.799162864685059
779416,10.21338939666748
779656,9.656904220581055
780120,2.8786611557006836
780344,3.7405858039855957
780752,9.07112979888916
780984,11.970711708068848
781328,11.380753517150879
781440,13.883212089538574
781568,2.6778242588043213
781656,3.9372384548187256
782032,11.903765678405762
782664,2.301255226135254
783168,16.246479034423828
783240,11.397489547729492
783352,3.012552261352539
783480,10.456067085266113
783568,7.251046180725098
784208,9.393305778503418
784576,4.711297035217285
785152,3.3221757411956787
785264,3.033472776412964
786120,12.606694221496582
786488,11.025104522705078
786720,12.979079246520996
786992,9.761506080627441
787064,3.3054392337799072
787152,10.534883499145508
787392,11.046025276184082
788400,11.025104522705078
788632,4.874476909637451
788904,6.753138065338135
788976,10.025104522705078
789064,5.334728240966797
789216,9.9163179397583
790312,7.154811859130859
790544,8.912134170532227
790888,8.0
790976,7.167364120483398
791000,2.6778242588043213
791128,11.42259407043457
791216,8.63179874420166
791704,15.068965911865234
792224,9.376568794250488
792728,11.242677688598633
792800,6.966526985168457
792888,1.7656903266906738
793144,14.295652389526367
793616,2.895397424697876
794640,10.359832763671875
794800,10.276150703430176
794824,8.359832763671875
795528,2.2594141960144043
796552,9.3556489944458
796664,11.255229949951172
796712,6.301255226135254
796736,3.033472776412964
796952,9.78661060333252
797440,12.615062713623047
797680,7.397489547729492
798464,8.117155075073242
798624,3.418410062789917
798648,9.983263969421387
798864,10.912134170532227
798880,6.987447738647461
799352,13.305438995361328
799592,13.246861457824707
799672,9.9163179397583
800376,8.807531356811523
800560,14.832635879516602
800776,3.012552261352539
800792,4.0167365074157715
801584,11.234309196472168
802288,13.158995628356934
802448,10.041840553283691
802472,8.690376281738281
803416,11.430962562561035
803496,6.267782211303711
804200,12.610878944396973
804360,10.87447738647461
805088,12.669456481933594
805408,14.748953819274902
805696,8.86192512512207
806112,4.686192512512207
806272,10.732217788696289
806296,13.389121055603027
806760,16.56390953063965
807000,9.163180351257324
807160,7.740585803985596
807320,8.35146427154541
808024,1.3974895477294922
808184,10.535564422607422
808208,8.723849296569824
808280,9.410041809082031
808672,4.602510452270508
808912,10.19665241241455
809072,12.13807487487793
809232,9.016736030578613
809936,7.790794849395752
810096,10.234309196472168
810120,8.397489547729492
810192,10.769874572753906
810584,3.288702964782715
810824,11.615062713623047
810984,11.36401653289795
811144,10.85774040222168
812008,7.824267864227295
812104,2.301255226135254
812736,13.28451919555664
812896,5.81589937210083
813920,2.384937286376953
814408,10.251046180725098
814648,5.64853572845459
814808,11.21338939666748
814968,10.192468643188477
815672,2.594142198562622
815832,12.50627613067627
815856,8.451883316040039
815928,10.430962562561035
816320,9.22594165802002
816560,2.6485354900360107
816720,4.748953819274902
816880,4.380753040313721
817584,9.615062713623047
817744,12.86192512512207
817768,5.6694560050964355
817840,8.974895477294922
818232,3.778242588043213
818472,2.4351463317871094
818632,11.092050552368164
818792,11.292886734008789
819656,8.966526985168457
819680,12.468619346618652
820384,3.0669455528259277
820544,9.251046180725098
820704,2.857740640640259
821568,8.184100151062012
821592,3.5983264446258545
821664,13.092050552368164
821728,15.8203125
822464,18.560606002807617
823504,4.246861934661865
823576,3.5188283920288086
823640,14.589958190917969
823968,2.8410041332244873
824208,4.828452110290527
824368,11.941422462463379
824376,10.987447738647461
825288,17.851852416992188
825392,17.163179397583008
825416,9.430962562561035
825488,13.941422462463379
825880,9.853556632995605
826280,4.85774040222168
826288,10.57740592956543
827200,13.933053970336914
827304,2.8326358795166016
827328,11.652719497680664
827400,3.3891212940216064
827464,11.937238693237305
827792,10.70292854309082
828192,4.6234307289123535
828200,4.355648517608643
829216,10.041840553283691
829240,10.242677688598633
829376,7.640167236328125
829704,3.66108775138855
830104,3.301255226135254
830112,13.054393768310547
830760,21.227272033691406
831024,8.28451919555664
831152,11.882844924926758
831224,11.870292663574219
831288,10.062761306762695
832024,13.50627613067627
832192,11.352150917053223
832672,2.80334734916687
832936,12.238493919372559
833064,11.3556489944458
833136,11.29707145690918
833928,10.585774421691895
833936,13.769874572753906
834104,15.121338844299316
834584,6.209205150604248
834976,11.924686431884766
835112,13.389121055603027
835840,14.192468643188477
836016,4.497908115386963
836096,12.552301406860352
836496,2.594142198562622
836536,8.933053970336914
836888,12.050209045410156
837024,5.543932914733887
837752,12.376568794250488
837760,3.6192469596862793
837928,11.012552261352539
838008,2.9832634925842285
838408,14.744770050048828
838448,9.041840553283691
838800,2.9372384548187256
839664,9.623431205749512
839840,10.815899848937988
839920,1.6066945791244507
840320,6.861924648284912
840360,9.606694221496582
840712,12.410041809082031
840912,19.417909622192383
841528,17.615894317626953
841584,10.991631507873535
841832,10.56485366821289
842008,16.832117080688477
842624,5.85774040222168
842760,10.661087989807129
843440,10.757322311401367
843440,19.178081512451172
843496,3.372385025024414
843744,9.288702964782715
843920,4.35146427154541
844536,10.63598346710205
844552,12.761506080627441
844672,4.138075351715088
845352,17.40585708618164
845352,2.1004183292388916
845408,10.70292854309082
845656,10.502092361450195
845832,8.995816230773926
846584,10.108786582946777
847264,8.70292854309082
847264,11.79079532623291
848144,16.65048599243164
848360,6.841004371643066
848376,10.656904220581055
848496,1.3891212940216064
849176,10.217573165893555
849176,13.765690803527832
849480,10.439330101013184
849656,12.179916381835938
850232,18.939393997192383
850272,3.2635984420776367
850408,13.29707145690918
850584,13.396720886230469
851392,11.924686431884766
851568,11.92887020111084
852184,8.933053970336914
852200,16.782426834106445
852320,3.8535563945770264
852496,11.728033065795898
853000,11.19665241241455
853304,2.1338911056518555
853480,3.4016735553741455
854072,20.888059616088867
854096,11.0836820602417
854112,10.451883316040039
854232,2.4602510929107666
854408,11.581589698791504
854528,19.847328186035156
855216,15.096234321594238
855968,10.175732612609863
855984,4.644351482391357
856008,2.8912134170532227
856024,10.878661155700684
856144,12.092050552368164
856320,11.728033065795898
856440,13.309623718261719
857128,9.585774421691895
857376,19.727272033691406
857880,12.912134170532227
858056,6.004184246063232
858192,19.932331085205078
858352,11.192468643188477
859272,24.074073791503906
859464,14.119171142578125
859792,5.439330577850342
859848,13.330543518066406
859968,13.410041809082031
860264,12.439330101013184
860408,12.945606231689453
860856,21.374046325683594
861184,9.414225578308105
861704,4.3096232414245605
861760,3.723849296569824
861880,14.748953819274902
862176,12.079498291015625
862320,19.456066131591797
862768,13.652719497680664
863096,2.0376570224761963
863288,11.338912010192871
863672,10.263598442077637
863792,11.288702964782715
864088,13.832635879516602
864232,2.53556489944458
864632,17.596567153930664
865200,11.179916381835938
865528,12.15481185913086
865584,13.598326683044434
865696,18.646615982055664
865704,13.317991256713867
866000,2.7531380653381348
866088,19.27407455444336
867112,13.920501708984375
867440,13.518828392028809
867608,11.899581909179688
867616,14.794979095458984
867912,2.3054392337799072
868000,13.033473014831543
869408,10.531380653381348
869528,11.121338844299316
869824,5.1464433670043945
869968,11.317991256713867
870936,4.644351482391357
871144,16.911447525024414
871432,15.246861457824707
871440,10.004183769226074
871736,13.974895477294922
871824,14.037656784057617
872848,14.129707336425781
873056,11.70292854309082
873232,12.589958190917969
873344,14.686192512512207
873352,10.723849296569824
873648,13.443514823913574
873736,13.807531356811523
873792,7.246861934661865
874760,14.058577537536621
874816,18.740739822387695
874968,9.853556632995605
875144,12.121338844299316
875256,13.945606231689453
875264,12.56485366821289
875560,2.9330544471740723
875704,13.0
876448,13.382352828979492
876672,13.472803115844727
876880,1.9456067085266113
877056,15.104602813720703
877128,19.044944763183594
877168,6.861924648284912
878184,21.590909957885742
878216,3.359832525253296
878584,9.924686431884766
878792,4.518828392028809
879080,3.80334734916687
879384,11.661087989807129
880272,13.092050552368164
880496,4.937238693237305
880704,13.242677688598633
880992,9.6443510055542
881240,19.055944442749023
881296,14.79079532623291
881920,18.884614944458008
882408,12.29707145690918
882904,11.22594165802002
883152,16.066946029663086
883224,14.63179874420166
883656,10.841004371643066
883832,6.07112979888916
883952,12.907949447631836
884320,12.598326683044434
885064,10.778243064880371
885120,12.117155075073242
885136,13.682008743286133
885568,5.384937286376953
885744,12.970711708068848
885864,14.84518814086914
886232,13.12552261352539
886728,13.640167236328125
886976,4.100418567657471
887032,11.548116683959961
887048,12.84518814086914
887480,3.2175731658935547
887656,13.376568794250488
887776,13.974895477294922
888144,2.0962343215942383
888944,14.037656784057617
888960,3.138075351715088
889392,7.489539623260498
889568,4.18410062789917
889688,4.192468643188477
890008,14.946564674377441
890056,3.7489540576934814
890552,12.079498291015625
890800,3.092050313949585
890856,9.276150703430176
891304,12.535564422607422
891480,2.8912134170532227
891600,8.020920753479004
891920,16.86192512512207
891968,2.719665288925171
892488,20.013513565063477
892712,3.711297035217285
892768,11.841004371643066
893512,15.748953819274902
893832,14.22594165802002
893880,15.15481185913086
894376,14.937238693237305
894400,16.757322311401367
894624,20.7112979888916
894680,11.778243064880371
895304,14.20920467376709
895424,12.991631507873535
895744,2.6359832286834717
896288,12.276150703430176
896312,10.85774040222168
896536,4.07112979888916
896864,11.627614974975586
897216,4.083682060241699
897336,11.656904220581055
897656,7.280334949493408
897976,20.791366577148438
898200,13.221756935119629
898224,13.49372386932373
898448,14.753138542175293
898504,12.481171607971191
898728,22.014925003051758
899128,13.778243064880371
899248,10.066946029663086
899888,14.271966934204102
900112,1.3682007789611816
900136,9.924686431884766
900360,14.673640251159668
900416,12.343095779418945
900640,11.171547889709473
901040,10.673640251159668
901160,2.07112979888916
901800,1.7615063190460205
902024,17.259414672851562
902048,15.815899848937988
902272,14.12552261352539
902952,13.598326683044434
903400,24.354999542236328
903936,16.73640251159668
903960,13.895397186279297
904120,5.502091884613037
904184,11.456067085266113
904240,17.539749145507812
904464,9.799162864685059
904864,16.00836753845215
905312,12.80334758758545
905872,6.079497814178467
906032,14.953974723815918
906096,12.418410301208496
906152,14.602510452270508
907224,14.443514823913574
907760,14.468619346618652
907784,12.36401653289795
907944,5.079497814178467
908008,12.887029647827148
908064,13.820083618164062
908688,13.849371910095215
909568,14.22594165802002
909672,10.63179874420166
909856,5.104602336883545
909920,2.80334734916687
909976,5.60669469833374
910760,13.242677688598633
911048,3.451882839202881
911480,4.811715602874756
911768,2.673640251159668
911832,13.757322311401367
912512,12.970711708068848
912960,13.079498291015625
913552,20.75384521484375
913680,12.489540100097656
913744,9.602510452270508
913800,14.476987838745117
914016,13.384868621826172
914496,22.13768196105957
914584,11.958159446716309
914872,10.234309196472168
915464,11.602510452270508
915592,9.330543518066406
915656,10.309623718261719
915712,11.92887020111084
916408,12.468619346618652
916784,13.13807487487793
917376,10.188284873962402
917504,13.313807487487793
917568,12.807531356811523
917624,12.49372386932373
917736,12.16814136505127
918408,11.589958190917969
918696,14.769874572753906
919288,3.2719664573669434
919416,2.882845163345337
919480,10.753138542175293
919536,12.782426834106445
919648,12.447698593139648
920232,10.891213417053223
920320,12.447698593139648
920512,20.852712631225586
920824,21.764705657958984
921200,22.782426834106445
921328,3.3891212940216064
921448,4.39330530166626
921560,5.945606708526611
922144,12.619246482849121
922232,6.560669422149658
922424,10.234309196472168
922736,13.263598442077637
923240,3.083682060241699
923360,13.744770050048828
923472,12.008368492126465
924056,12.899581909179688
924144,12.949790954589844
924336,14.054393768310547
924648,12.63598346710205
925152,3.1673641204833984
925272,14.686192512512207
925384,8.539749145507812
925592,21.169231414794922
925968,15.062761306762695
926056,11.025104522705078
926560,4.665271759033203
927064,2.707113027572632
927184,10.891213417053223
927296,6.154811859130859
927648,21.323530197143555
927880,11.217573165893555
927968,12.447698593139648
928160,20.875911712646484
928160,3.7824268341064453
928848,16.70516014099121
929096,14.07112979888916
929208,11.188284873962402
929792,16.42259407043457
929880,12.991631507873535
930072,11.543932914733887
930072,12.995816230773926
931008,8.912134170532227
931704,7.1338911056518555
932672,19.175731658935547
932920,16.01673698425293
933032,5.753138065338135
933056,20.567163467407227
933384,3.920502185821533
933616,10.953974723815918
933896,14.338912010192871
934120,20.300752639770508
934584,13.443514823913574
934880,17.40506362915039
934880,14.63179874420166
935296,13.514644622802734
935808,11.338912010192871
935872,23.069231033325195
936032,14.28033447265625
936408,16.49561309814453
936792,7.3765692710876465
936792,12.602510452270508
937208,2.707113027572632
937784,2.640167474746704
937944,11.80334758758545
938320,14.288702964782715
938704,9.891213417053223
938704,4.920502185821533
938768,2.6443514823913574
939120,9.979079246520996
939632,10.447698593139648
939696,14.414225578308105
939808,23.830768585205078
939856,15.794979095458984
939856,22.57638931274414
940232,2.4686193466186523
940616,3.953974962234497
941032,12.497907638549805
941344,19.56834602355957
941544,14.330543518066406
941608,5.627614974975586
941768,14.728033065795898
941768,13.096234321594238
942528,15.426777839660645
943256,10.979079246520996
943456,8.556485176086426
943520,15.878661155700684
943632,14.330543518066406
943680,12.092050552368164
943680,11.690376281738281
944440,14.723849296569824
944856,15.418410301208496
945368,2.301255226135254
945432,15.606694221496582
945544,3.765690326690674
945592,10.447698593139648
945592,11.769874572753906
945896,21.0
946352,12.748953819274902
947080,28.45188331604004
947280,14.84518814086914
947344,13.179916381835938
947504,3.0962343215942383
947504,12.217573165893555
947808,10.669456481933594
949192,13.347280502319336
949256,16.669456481933594
949368,13.334728240966797
949416,15.317991256713867
949416,12.28033447265625
949720,14.29707145690918
950176,15.397489547729492
950904,11.694561004638672
951104,15.552301406860352
951168,4.401673793792725
951280,14.87447738647461
951328,11.815899848937988
951328,16.14644432067871
952416,22.19718360900879
952816,10.012552261352539
953016,6.903765678405762
953080,13.728033065795898
953240,6.3765692710876465
953544,15.3556489944458
954000,12.761506080627441
954328,10.389121055603027
954928,11.824267387390137
955080,18.183368682861328
955152,12.439330101013184
955456,12.71966552734375
955528,20.424837112426758
956640,13.661087989807129
956992,2.8075313568115234
957064,14.046025276184082
957368,17.108787536621094
957440,14.832635879516602
957824,14.43514633178711
958016,21.1015625
958152,14.451883316040039
958464,23.13868522644043
958552,2.3807530403137207
958752,4.405857563018799
958752,14.236967086791992
959736,16.020919799804688
959928,12.887029647827148
960408,10.85774040222168
960464,16.58995819091797
960664,19.56485366821289
960664,12.443514823913574
961840,10.217573165893555
961976,13.991631507873535
962288,9.573222160339355
962376,11.117155075073242
962576,12.970711708068848
962576,13.066946029663086
963560,15.016736030578613
963752,13.246861457824707
963888,14.832635879516602
964200,14.744770050048828
964232,2.5983264446258545
964288,13.19665241241455
964488,15.723849296569824
964784,22.674419403076172
965344,23.38848876953125
965472,15.246861457824707
966112,3.012552261352539
966200,2.2635984420776367
966400,8.389121055603027
966696,11.317991256713867
967384,13.163180351257324
968112,10.970711708068848
968312,12.523012161254883
968784,15.7488374710083
969296,9.682008743286133
969624,11.899581909179688
970024,12.054393768310547
970224,13.736401557922363
970224,16.811716079711914
970696,3.033472776412964
971080,22.34848403930664
971208,13.974895477294922
972136,12.531380653381348
972136,14.556485176086426
972432,14.472803115844727
972608,12.878661155700684
972992,14.43514633178711
973120,15.230125427246094
973448,15.598326683044434
974048,20.920501708984375
974048,12.112970352172852
974344,4.916317939758301
974520,3.6192469596862793
974904,15.794979095458984
975032,9.891213417053223
975360,10.029288291931152
975672,2.510460138320923
975960,13.728033065795898
975960,13.033473014831543
976256,15.079498291015625
976432,4.661087989807129
976816,13.414225578308105
976944,15.230125427246094
977272,17.071128845214844
977584,2.2594141960144043
977752,18.7939395904541
977872,13.966526985168457
977872,5.07112979888916
978168,18.317991256713867
978856,3.73221755027771
979184,14.63179874420166
979496,12.13807487487793
979664,13.330543518066406
979784,6.6694560050964355
979784,5.585773944854736
980640,11.267782211303711
981096,20.949790954589844
981408,15.234309196472168
981576,15.849371910095215
981680,26.153846740722656
981696,2.456066846847534
981696,16.531381607055664
981992,3.1004183292388916
982120,22.2578125
982448,23.076923370361328
982680,5.899581432342529
982776,19.77777862548828
983488,2.615062713623047
983592,14.652719497680664
983608,2.1338911056518555
983904,10.397489547729492
984032,13.062761306762695
984360,15.606694221496582
984592,2.6359832286834717
984688,11.108786582946777
985080,21.3435115814209
985400,13.640167236328125
985504,3.5146443843841553
985520,14.22594165802002
985816,7.07112979888916
986224,23.076923370361328
986272,12.251046180725098
986504,12.510459899902344
986600,3.138075351715088
986968,20.34722137451172
987432,13.569037437438965
988184,6.100418567657471
988376,3.451882839202881
988416,15.899581909179688
988480,21.18320655822754
988880,10.35146427154541
989328,14.539749145507812
989552,24.207693099975586
990048,15.317991256713867
990096,13.401673316955566
990288,17.55230140686035
990392,21.527196884155273
990792,14.9163179397583
991240,4.35146427154541
991464,17.00836753845215
992200,10.460250854492188
992240,12.008368492126465
992280,24.730770111083984
993000,25.153846740722656
993376,9.995816230773926
993920,11.711297035217285
994152,3.73221755027771
994192,10.841004371643066
994216,12.602510452270508
994912,15.062761306762695
995288,15.405858039855957
995832,5.698744773864746
996024,14.958159446716309
996064,2.3430962562561035
996104,17.740585327148438
996128,15.389121055603027
996528,13.13807487487793
996824,14.707113265991211
997200,3.0627615451812744
997744,3.3054392337799072
998016,4.3096232414245605
998040,13.242677688598633
998440,13.945606231689453
998736,4.079497814178467
999016,21.55384635925293
999072,22.13953399658203
999440,17.0374698638916
999592,23.09027862548828
999616,20.867549896240234
999656,13.35146427154541
999928,13.907949447631836
1000648,11.50627613067627
1000928,3.209204912185669
1001352,15.71966552734375
1001504,12.50627613067627
1001528,15.794979095458984
1001840,2.8870291709899902
1002136,17.41666603088379
1002560,14.765690803527832
1002672,12.744770050048828
1003416,15.518828392028809
1003752,15.334728240966797
1004048,2.5983264446258545
1004472,14.033473014831543
1004576,21.075862884521484
1004752,16.744770050048828
1005176,14.14225959777832
1005352,15.49372386932373
1005960,13.765690803527832
1006488,15.49372386932373
1006496,18.175731658935547
1006664,15.066946029663086
1006800,23.239437103271484
1007264,10.426777839660645
1007872,14.263598442077637
1008400,4.121338844299316
1008464,16.62287139892578
1008576,18.561643600463867
1008576,15.585774421691895
1008712,12.426777839660645
1009176,13.828452110290527
1009784,4.832635879516602
1010264,19.375
1010312,14.330543518066406
1010320,13.677824020385742
1010376,15.246861457824707
1010488,17.397489547729492
1010488,6.066945552825928
1010624,15.397489547729492
1011568,23.33333396911621
1011576,19.669116973876953
1011696,12.707113265991211
1012176,3.765690326690674
1012224,13.602510452270508
1012232,16.41840934753418
1012288,12.330543518066406
1012536,15.129707336425781
1013480,15.518828392028809
1013488,16.786611557006836
1013608,4.079497814178467
1014088,16.066946029663086
1014136,14.242677688598633
1014144,11.970711708068848
1014200,12.108786582946777
1014448,14.811715126037598
1014744,21.373239517211914
1015392,5.564853668212891
1015400,4.39330530166626
1015504,20.68181800842285
1015808,17.330827713012695
1016000,8.531380653381348
1016056,3.8410041332244873
1016112,14.958159446716309
1016240,22.9069766998291
1017304,10.087865829467773
1017312,12.543932914733887
1017416,15.313807487487793
1017968,2.3305439949035645
1018152,13.690376281738281
1019064,23.44615364074707
1019216,8.13807487487793
1019224,14.979079246520996
1019328,14.447698593139648
1019632,14.895397186279297
1019824,13.49372386932373
1020064,14.728033065795898
1020352,23.421875
1020976,10.251046180725098
1021544,15.20920467376709
1021736,1.569037675857544
1021792,12.92887020111084
1021976,14.456067085266113
1022264,3.397489547729492
1022576,22.325580596923828
1022888,14.100418090820312
1023040,4.087866306304932
1023048,16.56903839111328
1023648,11.820083618164062
1023704,12.405858039855957
1023888,13.14225959777832
1024176,15.20920467376709
1024488,14.899581909179688
1024800,11.698744773864746
1024952,6.694560527801514
1024960,4.451882839202881
1025560,16.878660202026367
1026000,23.884614944458008
1026088,8.598326683044434
1026400,6.778242588043213
1026712,11.71548080444336
1026864,13.85774040222168
1027472,10.066946029663086
1027528,15.376568794250488
1027712,3.083682060241699
1027912,15.046025276184082
1028000,13.251046180725098
1028624,14.184100151062012
1028776,3.5983264446258545
1029192,20.625
1029392,13.556485176086426
1029440,2.640167474746704
1029624,14.19665241241455
1029912,3.1799163818359375
1030456,22.41044807434082
1030536,14.046025276184082
1030688,14.514644622802734
1031104,13.230125427246094
1031304,10.075313568115234
1031352,17.11297035217285
1031536,19.037656784057617
1031824,16.799163818359375
1032368,13.430962562561035
1032448,13.640167236328125
1032576,24.615385055541992
1032600,2.627614974975586
1033016,15.589958190917969
1033216,15.230125427246094
1033264,4.560669422149658
1033704,23.224637985229492
1033720,22.327043533325195
1033736,4.313807487487793
1034280,15.472803115844727
1034928,10.464435577392578
1035128,14.79079532623291
1035616,12.598326683044434
1035632,14.761506080627441
1036400,13.882844924926758
1036840,3.221757411956787
1037040,3.8912134170532227
1037088,4.497908115386963
1037560,10.933053970336914
1038104,13.970711708068848
1038168,24.148147583007812
1038312,5.7740583419799805
1038752,3.0753138065338135
1038952,12.966526985168457
1039440,18.32636070251465
1039456,8.870292663574219
1039472,3.974895477294922
1040016,2.430962324142456
1040080,14.15481185913086
1040864,15.481171607971191
1041000,16.682926177978516
1041104,23.4375
1041336,23.05035972595215
1041352,11.29707145690918
1041720,24.696969985961914
1042408,23.846153259277344
1042464,21.808509826660156
1042776,16.347280502319336
1043016,10.146443367004395
1043216,16.21459197998047
1044000,24.457515716552734
1044376,15.937238693237305
1044824,13.347280502319336
1044928,3.627614974975586
1045128,14.899581909179688
1045208,12.288702964782715
1045368,15.732217788696289
1045912,4.497908115386963
1045976,18.38167953491211
1046184,24.24242401123047
1046256,24.41984748840332
1046504,25.153846740722656
1046736,2.606694459915161
1046952,22.038461685180664
1047280,9.43514633178711
1047456,18.69037628173828
1047888,14.6443510055542
1047992,24.9769229888916
1048096,12.426777839660645
1048416,16.71548080444336
1049192,15.527196884155273
1049368,19.790794372558594
1049448,22.248062133789062
1049904,11.979079246520996
1050008,12.29707145690918
1050080,9.656904220581055
1051104,15.941422462463379
1051280,16.087865829467773
1051360,3.4811716079711914
1051712,16.025104522705078
1051920,12.192468643188477
1051992,16.682008743286133
1052240,4.761506080627441
1052960,23.46923065185547
1053016,20.71966552734375
1053192,16.1673641204834
1053728,10.502092361450195
1053904,4.8535566329956055
1054152,15.481171607971191
1054344,19.813432693481445
1054872,2.2175731658935547
1054928,17.12970733642578
1055016,20.201438903808594
1055408,24.04511260986328
1055640,4.497908115386963
1056840,10.941422462463379
1057320,10.79079532623291
1057344,20.451128005981445
1057448,15.066946029663086
1057552,13.527196884155273
1058432,13.50627613067627
1058840,17.322175979614258
1058928,4.058577537536621
1059232,14.43514633178711
1059360,14.79079532623291
1059784,4.53556489944458
1060272,26.923076629638672
1060480,22.40234375
1060496,14.414225578308105
1060752,15.062761306762695
1060840,13.878661155700684
1061272,2.556485414505005
1061696,12.234309196472168
1061808,23.409090042114258
1062184,17.476987838745117
1062392,15.581589698791504
1062408,16.5606689453125
1062752,16.196653366088867
1063080,15.70292854309082
1063504,22.30935287475586
1063720,16.12970733642578
1064096,16.225940704345703
1064320,1.9288703203201294
1064664,2.9121339321136475
1065312,24.230770111083984
1065352,20.968992233276367
1065416,16.98326301574707
1065520,17.133892059326172
1065632,13.150628089904785
1065776,23.748201370239258
1066008,16.485355377197266
1067008,5.502091884613037
1067224,16.58995819091797
1067264,11.71966552734375
1067328,16.11297035217285
1067688,8.949790954589844
1067920,10.418410301208496
1068688,23.076923370361328
1068920,21.878660202026367
1069136,16.380752563476562
1069176,15.757322311401367
1069240,17.058576583862305
1069344,19.6066951751709
1069600,8.079498291015625
1069832,13.656904220581055
1069960,26.384614944458008
1070600,15.995816230773926
1071048,18.305438995361328
1071088,17.472803115844727
1071152,18.075313568115234
1071512,16.062761306762695
1071872,15.799162864685059
1072128,27.0
1072960,16.945606231689453
1073064,10.12552261352539
1073168,15.150628089904785
1073656,14.230125427246094
1073960,24.393939971923828
1074424,12.485355377197266
1074872,14.711297035217285
1075080,18.761507034301758
1075952,12.63598346710205
1076336,17.192468643188477
1076784,17.57322120666504
1076992,17.928871154785156
1077784,19.87447738647461
1078248,9.033473014831543
1078800,16.380752563476562
1078904,20.753137588500977
1079160,15.539749145507812
1079392,15.686192512512207
1079696,13.870292663574219
1079776,15.405858039855957
1080608,19.69037628173828
1080712,16.29707145690918
1080816,18.682008743286133
1081072,9.004183769226074
1081304,17.740585327148438
1081608,19.29288673400879
1081688,3.765690326690674
1081856,22.299999237060547
1082072,12.761506080627441
1082520,15.63598346710205
1082624,3.451882839202881
1082984,14.046025276184082
1083216,2.6778242588043213
1083520,4.6234307289123535
1083576,27.310606002807617
1083768,8.372385025024414
1083984,16.937238693237305
1084640,17.84518814086914
1084896,15.569037437438965
1085128,16.2887020111084
1085256,19.8427677154541
1085432,3.138075351715088
1085488,14.602510452270508
1085680,17.82845115661621
1087040,18.510459899902344
1087168,2.497907876968384
1088360,12.656904220581055
1088720,18.054393768310547
1088952,15.104602813720703
1089312,12.970711708068848
1089504,17.42677879333496
1090752,25.33333396911621
1090992,14.192468643188477
1091168,16.73640251159668
1091224,16.765689849853516
1091392,12.267782211303711
1091672,24.346153259277344
1092288,18.29707145690918
1092464,24.328357696533203
1092664,17.510459899902344
1092776,11.380753517150879
1092904,13.443514823913574
1093080,3.1004183292388916
1093136,15.439330101013184
1093584,17.121339797973633
1094200,3.640167474746704
1094576,19.041841506958008
1094688,16.71966552734375
1094816,19.539749145507812
1095048,17.364017486572266
1095496,3.242677927017212
1095672,24.445255279541016
1096600,14.36401653289795
1096728,13.962343215942383
1096904,15.158995628356934
1097176,10.853556632995605
1097392,22.47101402282715
1097408,16.790794372558594
1097584,13.78661060333252
1098512,16.70292854309082
1098640,17.57322120666504
1098816,16.209205627441406
1098872,17.44769859313965
1099088,14.912134170532227
1099304,17.225940704345703
1099320,4.81589937210083
1099496,13.974895477294922
1100344,24.30769157409668
1100424,17.468618392944336
1100552,17.907949447631836
1100784,15.079498291015625
1101000,15.330543518066406
1101232,17.85774040222168
1101408,15.753138542175293
1102040,24.0
1102272,24.69230842590332
1102336,18.744770050048828
1102464,18.32636070251465
1102640,11.129707336425781
1102696,14.246861457824707
1104168,16.2887020111084
1104184,15.271966934204102
1104248,13.958159446716309
1104552,15.78661060333252
1105232,13.849371910095215
1106080,15.35146427154541
1106160,17.368200302124023
1106288,14.539749145507812
1106464,16.108787536621094
1106520,14.853556632995605
1106984,27.157142639160156
1107144,15.343095779418945
1107992,3.778242588043213
1108072,17.761507034301758
1108376,17.121339797973633
1108432,17.958158493041992
1108896,16.29707145690918
1109056,17.782426834106445
1109440,20.29323387145996
1109904,8.309623718261719
1109984,17.656904220581055
1110112,2.9330544471740723
1110808,14.832635879516602
1110944,19.80769157409668
1111352,17.334728240966797
1111832,17.02928924560547
1111896,17.761507034301758
1112024,17.73221778869629
1112120,17.567567825317383
1112376,17.195180892944336
1112856,19.062761306762695
1112872,24.846153259277344
1113264,15.753138542175293
1113808,18.196653366088867
1113936,3.9330544471740723
1114032,14.937238693237305
1114288,18.87029266357422
1114632,3.4937238693237305
1114768,15.426777839660645
1114784,16.221757888793945
1115072,25.373239517211914
1115176,5.652719497680664
1115720,16.401674270629883
1115944,3.058577299118042
1116200,17.866107940673828
1116544,7.288702964782715
1116696,15.221756935119629
1116984,15.690376281738281
1117088,19.8326358795166
1117632,1.7238494157791138
1117856,17.807531356811523
1117944,23.044872283935547
1118112,19.58159065246582
1118456,17.179916381835938
1118896,16.380752563476562
1119000,17.242677688598633
1119192,20.592592239379883
1119544,21.84937286376953
1119656,23.83458709716797
1119768,3.3807530403137207
1120808,13.167364120483398
1120912,16.5606689453125
1121104,19.42677879333496
1121392,14.267782211303711
1121456,16.108787536621094
1121680,17.58159065246582
1121720,22.635658264160156
1121768,17.4393310546875
1122720,9.246861457824707
1122824,12.765690803527832
1123016,15.811715126037598
1123304,14.56485366821289
1123368,14.255229949951172
1123632,3.2301254272460938
1124464,26.13138771057129
1124736,16.31380844116211
1125216,18.57322120666504
1125504,16.640167236328125
1125544,14.728033065795898
1125592,13.359832763671875
1126376,15.899581909179688
1126544,15.29707145690918
1126552,23.931297302246094
1126648,1.3891212940216064
1127040,25.74626922607422
1127128,14.217573165893555
1127456,12.623431205749512
1127504,15.192468643188477
1128288,16.73640251159668
1128456,12.962343215942383
1128464,14.882844924926758
1128488,24.689922332763672
1128560,17.531381607055664
1129040,17.071128845214844
1129416,17.037656784057617
1130200,16.786611557006836
1130368,17.55230140686035
1130400,12.912134170532227
1130472,16.380752563476562
1130952,19.205020904541016
1132112,14.43514633178711
1132216,23.670886993408203
1132280,12.652719497680664
1132312,16.56903839111328
1132776,16.652719497680664
1133240,17.184101104736328
1134024,17.28033447265625
1134128,17.259414672851562
1134192,15.36820125579834
1134200,15.267782211303711
1134224,17.58995819091797
1134688,14.573222160339355
1135152,15.853556632995605
1135936,13.953974723815918
1136040,9.309623718261719
1136104,18.45188331604004
1136112,16.790794372558594
1136136,17.769874572753906
1136208,18.117155075073242
1136600,18.514644622802734
1137064,17.02928924560547
1137440,21.281436920166016
1137952,4.748953819274902
1138048,18.200836181640625
1138120,19.01255226135254
1138296,22.415584564208984
1138464,26.15625
1138512,15.497907638549805
1139064,26.899999618530273
1139760,15.020920753479004
1139864,19.510459899902344
1140032,15.12552261352539
1140144,23.36296272277832
1140208,6.891213417053223
1140376,17.70711326599121
1140424,17.083681106567383
1141672,14.464435577392578
1141776,12.393305778503418
1141944,16.389122009277344
1142056,17.70292854309082
1142120,6.401673793792725
1142336,16.414226531982422
1143584,16.020919799804688
1143688,16.092050552368164
1143784,17.782426834106445
1144032,4.895397663116455
1144248,17.54811668395996
1144920,17.99163246154785
1145008,17.238492965698242
1145496,18.30125617980957
1145600,22.01673698425293
1145696,18.85355567932129
1145944,17.953975677490234
1146160,18.00836753845215
1146672,23.902984619140625
1146832,11.610878944396973
1146920,15.736401557922363
1146984,21.769229888916016
1147408,21.0
1147608,20.74895477294922
1147904,22.113821029663086
1148024,15.029288291931152
1148056,26.7578125
1148584,17.824268341064453
1148744,18.786611557006836
1148896,4.3305439949035645
1148944,20.769229888916016
1149320,19.58159065246582
1149936,17.355648040771484
1149968,20.460250854492188
1150496,18.121339797973633
1150656,19.916318893432617
1150808,8.870292663574219
1150976,27.461538314819336
1151232,18.380752563476562
1151432,18.384937286376953
1151664,26.410959243774414
1151904,18.920501708984375
1152568,19.347280502319336
1152720,19.920501708984375
1152920,19.209205627441406
1152936,23.33333396911621
1153144,17.355648040771484
1153576,17.11297035217285
1154384,17.644351959228516
1154480,17.343095779418945
1154632,15.606694221496582
1154800,18.41004180908203
1154832,17.677824020385742
1154848,15.682008743286133
1155056,16.40585708618164
1155488,18.45188331604004
1155840,26.899999618530273
1156296,13.426777839660645
1156544,19.8326358795166
1156744,17.85774040222168
1156760,19.221757888793945
1156968,16.556486129760742
1157400,19.217573165893555
1157584,27.30769157409668
1157752,19.058576583862305
1158208,18.57740592956543
1158656,14.518828392028809
1158880,20.45188331604004
1159312,19.037656784057617
1159664,18.033472061157227
1160120,20.7112979888916
1160216,16.903766632080078
1160568,20.782426834106445
1160584,15.753138542175293
1160792,17.652719497680664
1160840,23.46938705444336
1161224,17.866107940673828
1161408,16.933053970336914
1162032,16.799163818359375
1162128,15.836819648742676
1162480,17.414226531982422
1162496,14.682008743286133
1162704,18.933053970336914
1162752,18.623430252075195
1163136,16.242677688598633
1163320,19.351465225219727
1164040,16.527196884155273
1164392,18.661087036132812
1164408,17.99163246154785
1164616,19.100418090820312
1164664,16.213388442993164
1165232,18.8326358795166
1165440,26.66666603088379
1165856,20.4393310546875
1165952,19.096233367919922
1166304,18.075313568115234
1166576,14.723849296569824
1166920,25.939849853515625
1166960,17.066946029663086
1167144,15.665271759033203
1167352,14.347280502319336
1167720,25.874126434326172
1167864,10.71966552734375
1168216,18.912134170532227
1168400,26.32061004638672
1168832,19.058576583862305
1168872,15.836819648742676
1169056,4.267782211303711
1169632,17.740585327148438
1170128,19.037656784057617
1170312,16.376569747924805
1170352,3.0962343215942383
1170744,17.57322120666504
1170784,22.01673698425293
1171776,25.581396102905273
1172224,3.117154836654663
1172880,15.29707145690918
1173304,25.925926208496094
1173456,16.652719497680664
1173600,4.769874572753906
1173688,16.57322120666504
1173952,14.9163179397583
1174176,18.966527938842773
1174768,14.3556489944458
1174792,17.40585708618164
1174992,26.907691955566406
1175216,19.26778221130371
1175512,14.401673316955566
1175600,2.3640167713165283
1176088,18.54811668395996
1176416,15.57740592956543
1176704,19.364017486572266
1176904,16.99163246154785
1177128,23.221757888793945
1177424,17.046024322509766
1177512,13.472803115844727
1177720,19.456066131591797
1178000,17.782426834106445
1178328,16.523012161254883
1178544,24.263565063476562
1179040,17.539749145507812
1179336,15.418410301208496
1179368,23.538461685180664
1179632,16.443513870239258
1179912,17.682008743286133
1180728,18.32636070251465
1180952,17.3933048248291
1181248,17.489540100097656
1181280,2.2594141960144043
1181544,16.01673698425293
1182440,16.192468643188477
1182864,14.602510452270508
1183160,12.271966934204102
1183192,17.920501708984375
1183416,15.970711708068848
1183456,15.033473014831543
1183736,19.769874572753906
1184352,18.602510452270508
1184496,25.961538314819336
1184552,18.414226531982422
1185072,2.092050313949585
1185104,18.359832763671875
1185328,19.351465225219727
1185648,18.619247436523438
1186168,20.518247604370117
1186264,18.493722915649414
1186408,19.188283920288086
1186464,16.56485366821289
1187016,18.656904220581055
1187240,18.376569747924805
1188176,21.56485366821289
1188296,22.65625
1188320,17.01673698425293
1188600,18.414226531982422
1188872,17.99581527709961
1189104,17.912134170532227
1189152,19.054393768310547
1189416,3.3640167713165283
1190088,17.866107940673828
1190208,16.468618392944336
1190232,15.765690803527832
1190784,18.4393310546875
1191016,2.502092123031616
1191328,16.485355377197266
1192000,18.41004180908203
1192120,16.652719497680664
1192424,17.510459899902344
1192976,16.953975677490234
1193216,22.203947067260742
1193912,22.836820602416992
1194032,17.510459899902344
1194056,16.58159065246582
1194840,20.230125427246094
1194888,19.163179397583008
1195128,17.57322120666504
1195152,19.29288673400879
1195944,16.86192512512207
1195968,14.112970352172852
1196208,21.55555534362793
1196248,18.200836181640625
1196752,20.230125427246094
1197064,17.133892059326172
1197736,17.32636070251465
1197792,26.538461685180664
1197856,15.309623718261719
1197880,15.979079246520996
1198120,15.887029647827148
1198712,15.447698593139648
1198976,14.920501708984375
1199576,18.874418258666992
1199648,3.3891212940216064
1199704,12.21338939666748
1199792,17.4393310546875
1200032,14.573222160339355
1200072,16.343095779418945
1200624,16.790794372558594
1200664,24.65441131591797
1200888,19.602510452270508
1201560,18.13807487487793
1201704,17.364017486572266
1201984,15.627614974975586
1202696,25.19259262084961
1202800,15.188284873962402
1203472,16.066946029663086
1203616,16.485355377197266
1203856,16.343095779418945
1203896,16.485355377197266
1204448,15.359832763671875
1204488,17.610877990722656
1205384,19.121339797973633
1205768,18.807531356811523
1205808,15.740585327148438
1206360,17.866107940673828
1206400,17.020919799804688
1206520,12.255229949951172
1206624,23.920501708984375
1206824,26.515151977539062
1207296,17.364017486572266
1207440,13.769874572753906
1207720,12.811715126037598
1208536,24.15062713623047
1208736,17.88702964782715
1209208,19.472803115844727
1209352,3.5313806533813477
1209480,26.321918487548828
1209520,15.953974723815918
1210184,17.937238693237305
1210304,23.540145874023438
1210392,24.9769229888916
1210448,19.937238693237305
1210648,18.619247436523438
1210760,16.778242111206055
1211392,21.12970733642578
1212512,27.33333396911621
1212560,11.129707336425781
1212672,17.42677879333496
1213304,20.497907638549805
1213600,23.15441131591797
1214128,19.041841506958008
1214216,13.765690803527832
1214472,17.11297035217285
1215216,18.598325729370117
1215512,17.824268341064453
1215920,18.355648040771484
1216040,3.8661088943481445
1216128,18.200836181640625
1216496,11.974895477294922
1217424,13.326359748840332
1217424,18.72385025024414
1217832,18.075313568115234
1218040,17.966527938842773
1218096,15.20920467376709
1218408,26.255229949951172
1219040,15.594141960144043
1219336,16.98744773864746
1219336,14.748953819274902
1219744,17.815898895263672
1219864,12.92887020111084
1220008,18.41004180908203
1220320,17.460250854492188
1221248,17.82845115661621
1221656,21.368200302124023
1221776,22.59414291381836
1221864,17.99163246154785
1221920,20.42677879333496
1222976,27.280303955078125
1223160,16.615062713623047
1223248,22.36683464050293
1223688,17.27614974975586
1223776,18.598325729370117
1224776,16.464435577392578
1224888,5.6903767585754395
1224976,23.266666412353516
1225072,16.71548080444336
1225600,17.033472061157227
1226056,16.820083618164062
1226688,15.464435577392578
1226776,22.496599197387695
1226800,13.979079246520996
1226888,3.543933153152466
1227096,27.669231414794922
1228024,16.255229949951172
1228336,26.580644607543945
1228688,18.765689849853516
1228712,17.050209045410156
1228800,18.075313568115234
1229624,25.390625
1229808,29.6862735748291
1229936,18.765689849853516
1230248,16.075313568115234
1230600,18.41004180908203
1230808,17.30125617980957
1231720,18.096233367919922
1232088,24.107913970947266
1232512,18.192468643188477
1232536,7.979079723358154
1232624,2.4476988315582275
1233632,18.979080200195312
1234424,17.949790954589844
1234448,19.28451919555664
1235032,18.096233367919922
1235984,17.30125617980957
1236176,24.055944442749023
1236336,9.447698593139648
1236448,17.41840934753418
1236544,16.644351959228516
1237272,17.615062713623047
1237456,17.481170654296875
1238088,3.2008368968963623
1238248,17.28033447265625
1238272,15.623431205749512
1238320,25.549617767333984
1238496,26.16153907775879
1239808,20.794979095458984
1240000,17.184101104736328
1240160,16.882844924926758
1240232,13.012552261352539
1240272,15.539749145507812
1240368,15.418410301208496
1240408,18.635982513427734
1241320,26.86206817626953
1241552,23.62837791442871
1241912,17.259414672851562
1242096,18.82845115661621
1242144,19.456066131591797
1242184,18.786611557006836
1242320,13.970711708068848
1242408,21.735294342041016
1243632,16.86192512512207
1243824,15.326359748840332
1244008,19.087865829467773
1244096,16.803346633911133
1244232,16.29707145690918
1245376,16.44769859313965
1245544,16.799163818359375
1245736,10.263598442077637
1245800,20.943878173828125
1245920,17.305438995361328
1246008,14.71548080444336
1246232,20.066946029663086
1247056,26.81818199157715
1247288,16.221757888793945
1247456,19.43514633178711
1247712,19.45188331604004
1247832,17.376569747924805
1247920,16.974895477294922
1248112,18.23737335205078
1248968,2.5146443843841553
1249200,18.054393768310547
1249368,4.39330530166626
1249624,12.970711708068848
1249744,12.907949447631836
1249832,17.87447738647461
1250024,18.5606689453125
1250032,24.052631378173828
1250056,20.912134170532227
1251112,16.539749145507812
1251152,28.467153549194336
1251280,18.619247436523438
1251656,15.451883316040039
1251744,17.99163246154785
1251936,18.100418090820312
1251944,21.00418472290039
1252736,26.66666603088379
1252840,21.905471801757812
1253024,2.8075313568115234
1253064,18.84518814086914
1253192,15.205020904541016
1253656,12.753138542175293
1253848,21.56903839111328
1253856,12.301255226135254
1253928,28.294116973876953
1254896,25.369230270385742
1254976,18.104602813720703
1255104,19.585773468017578
1255568,19.623430252075195
1255760,20.041841506958008
1256560,14.794979095458984
1256808,16.179916381835938
1256848,4.263598442077637
1256888,15.619246482849121
1257480,18.079498291015625
1257672,17.539749145507812
1258472,20.815898895263672
1258720,13.828452110290527
1258760,18.765689849853516
1258928,15.42259407043457
1259584,21.359832763671875
1260384,18.44769859313965
1260672,18.225940704345703
1260704,16.945606231689453
1260840,19.70711326599121
1261304,3.765690326690674
1261496,16.8326358795166
1262584,19.476987838745117
1262616,16.27614974975586
1262752,18.01255226135254
1263408,21.338912963867188
1263696,27.841726303100586
1264208,19.665271759033203
1264456,19.2887020111084
1264464,17.266525268554688
1264528,18.41004180908203
1264664,17.209205627441406
1265128,17.903766632080078
1265320,2.510460138320923
1265352,16.813953399658203
1265608,28.1407413482666
1266120,17.602510452270508
1266200,27.21641731262207
1266376,16.443513870239258
1267232,19.037656784057617
1267264,17.28451919555664
1267520,17.74895477294922
1267584,28.11258316040039
1268032,19.351465225219727
1268112,20.88702964782715
1268280,18.598325729370117
1269176,18.071128845214844
1269432,20.209205627441406
1269496,20.45188331604004
1269944,19.12552261352539
1270024,17.933053970336914
1271088,19.217573165893555
1271344,17.092050552368164
1271408,19.6066951751709
1271856,19.958158493041992
1271936,18.104602813720703
1272104,17.615062713623047
1272968,18.29707145690918
1273000,20.527196884155273
1273008,19.184101104736328
1273256,17.104602813720703
1273320,20.397489547729492
1274016,2.1338911056518555
1274024,26.886363983154297
1274912,23.57740592956543
1274920,19.82845115661621
1275168,18.330543518066406
1275232,17.757322311401367
1275680,15.665271759033203
1275760,4.769874572753906
1275928,18.744770050048828
1275936,17.836820602416992
1275976,29.159090042114258
1276208,29.230770111083984
1277016,25.769229888916016
1277144,17.656904220581055
1277592,17.205020904541016
1277848,18.824268341064453
1278120,4.661087989807129
1278736,21.200836181640625
1278928,19.087865829467773
1278984,25.3873233795166
1279056,3.2845187187194824
1279504,21.824268341064453
1279752,18.506277084350586
1280032,19.037656784057617
1280648,19.640167236328125
1280840,18.355648040771484
1280896,20.677824020385742
1280968,17.811716079711914
1281056,28.515625
1281416,18.351465225219727
1281496,18.322175979614258
1281664,17.85774040222168
1282560,21.025104522705078
1282752,23.322175979614258
1282808,20.188283920288086
1282968,20.376569747924805
1283408,19.769874572753906
1283576,18.200836181640625
1284472,20.1673641204834
1284664,19.079498291015625
1284720,25.209205627441406
1284792,19.322175979614258
1284904,24.47590446472168
1285240,19.058576583862305
1285320,24.4393310546875
1286088,24.0864200592041
1286384,17.882844924926758
1286384,28.939849853515625
1286576,17.472803115844727
1286632,20.920501708984375
1286792,17.761507034301758
1287152,17.72385025024414
1287472,27.169116973876953
1288000,19.5606689453125
1288296,20.456066131591797
1288488,17.472803115844727
1288544,19.58159065246582
1288728,23.820083618164062
1289064,14.744770050048828
1289384,21.665271759033203
1289912,19.456066131591797
1290208,18.117155075073242
1290400,17.493722915649414
1290456,17.40585708618164
1290616,21.73640251159668
1290640,20.372385025024414
1290952,28.461538314819336
1290976,18.974895477294922
1291296,18.01255226135254
1292120,22.497907638549805
1292312,20.066946029663086
1292528,18.196653366088867
1292552,21.67363929748535
1292864,20.640167236328125
1293008,20.345794677734375
1293832,23.8157901763916
1294032,18.100418090820312
1294280,17.200836181640625
1294464,20.489540100097656
1294800,19.514644622802734
1294920,18.389122009277344
1295072,26.53076934814453
1295480,20.6066951751709
1295744,18.6066951751709
1296376,19.096233367919922
1296688,22.259414672851562
1296712,18.82845115661621
1296832,17.55230140686035
1296984,20.188283920288086
1297392,17.824268341064453
1297656,21.087865829467773
1298288,6.125523090362549
1298600,3.548117160797119
1298744,20.29707145690918
1298896,17.033472061157227
1299304,19.979080200195312
1299568,19.937238693237305
1299776,22.89922523498535
1300016,17.087865829467773
1300200,16.066946029663086
1300376,27.634328842163086
1300512,22.217573165893555
1300536,22.895397186279297
1300808,19.020919799804688
1301480,17.71966552734375
1301688,17.57322120666504
1301928,19.677824020385742
1302288,19.163179397583008
1302424,17.98744773864746
1302448,21.025104522705078
1303600,18.389122009277344
1303840,17.12970733642578
1304024,18.765689849853516
1304200,16.108787536621094
1305240,29.58461570739746
1305512,19.539749145507812
1305752,19.40585708618164
1305936,18.209205627441406
1306248,20.12970733642578
1306272,17.962343215942383
1306304,18.73221778869629
1306344,18.85355567932129
1307424,13.389121055603027
1307664,15.36401653289795
1307848,20.84518814086914
1308184,17.824268341064453
1308216,22.489540100097656
1308256,19.096233367919922
1308488,26.691728591918945
1309064,21.092050552368164
1309200,18.4393310546875
1309576,20.497907638549805
1309760,22.45188331604004
1310096,18.050209045410156
1310128,18.510459899902344
1310168,18.656904220581055
1310400,19.31380844116211
1310976,3.079497814178467
1311112,20.29288673400879
1311488,20.209205627441406
1311672,18.55230140686035
1312008,13.234309196472168
1312040,21.163179397583008
1312080,18.26778221130371
1312312,17.071128845214844
1312888,20.6066951751709
1313024,20.794979095458984
1313400,19.037656784057617
1313920,21.757322311401367
1313928,27.669231414794922
1313952,19.86192512512207
1313992,10.979079246520996
1314224,21.384937286376953
1315088,24.328767776489258
1315312,1.9330544471740723
1315496,17.066946029663086
1315840,17.866107940673828
1315864,16.878660202026367
1315904,13.673640251159668
1316136,17.259414672851562
1317000,20.58159065246582
1317176,28.076923370361328
1317408,20.41840934753418
1317752,21.962343215942383
1317776,19.539749145507812
1318760,18.200836181640625
1318912,17.99163246154785
1319136,18.117155075073242
1319320,20.531381607055664
1319688,20.12552261352539
1319728,19.066946029663086
1320672,18.782426834106445
1320824,18.0
1321000,18.8326358795166
1321048,19.635982513427734
1321232,19.317991256713867
1321576,19.096233367919922
1321600,16.041841506958008
1321640,19.205020904541016
1322040,26.55384635925293
1322584,18.556486129760742
1322736,20.025104522705078
1323144,20.1673641204834
1323488,18.510459899902344
1323512,19.87447738647461
1323552,17.782426834106445
1323952,18.368200302124023
1324496,20.98326301574707
1324648,18.472803115844727
1324872,19.811716079711914
1325400,23.744770050048828
1325424,19.602510452270508
1325464,7.3221755027771
1325864,16.820083618164062
1326408,18.962343215942383
1326560,19.43514633178711
1326968,20.523012161254883
1327312,18.133892059326172
1327336,22.050209045410156
1327776,19.30962371826172
1328320,20.753137588500977
1328880,21.765689849853516
1329248,17.27614974975586
1329288,23.163179397583008
1330232,20.14644432067871
1330384,22.510459899902344
1330608,19.322175979614258
1331136,21.472803115844727
1331160,2.707113027572632
1331200,20.025104522705078
1331520,28.274648666381836
1331600,19.85355567932129
1332144,19.3933048248291
1332520,21.73640251159668
1332704,13.941422462463379
1333072,22.59414291381836
1333432,17.811716079711914
1333512,19.807531356811523
1334152,19.209205627441406
1334552,30.369230270385742
1334616,21.443513870239258
1334960,19.485355377197266
1334984,19.907949447631836
1335344,26.389122009277344
1336000,29.592308044433594
1336064,17.824268341064453
1336344,18.355648040771484
1336464,19.096233367919922
1336896,20.962343215942383
1337032,29.3157901763916
1337040,28.05384635925293
1337976,14.87447738647461
1338256,16.98326301574707
1338376,17.493722915649414
1338440,21.531381607055664
1338808,19.677824020385742
1338944,17.916318893432617
1338952,18.242677688598633
1339168,20.460250854492188
1339888,18.87029266357422
1340168,20.255229949951172
1340288,19.01673698425293
1340352,19.255229949951172
1340720,18.179916381835938
1340856,19.68619155883789
1340864,20.6066951751709
1341800,18.11297035217285
1342080,19.502092361450195
1342200,19.539749145507812
1342264,21.652719497680664
1342632,28.033472061157227
1342768,19.100418090820312
1342776,18.70292854309082
1342992,18.28451919555664
1343240,29.22307777404785
1343368,27.355072021484375
1343712,21.7280330657959
1343992,19.774059295654297
1344544,19.958158493041992
1344680,19.037656784057617
1344688,20.974895477294922
1344904,18.68619155883789
1345152,20.00418472290039
1345280,19.037656784057617
1345624,19.31380844116211
1345632,27.316177368164062
1346592,17.43514633178711
1346600,21.86192512512207
1346816,19.209205627441406
1346936,26.976743698120117
1347536,18.305438995361328
1347544,21.652719497680664
1348504,19.456066131591797
1348512,18.82845115661621
1348728,19.037656784057617
1348848,19.44769859313965
1348976,19.518829345703125
1349448,18.489540100097656
1349592,24.962963104248047
1350416,18.67363929748535
1350640,18.2887020111084
1350760,20.083681106567383
1350888,18.786611557006836
1351016,19.225940704345703
1351368,20.242677688598633
1351904,21.076923370361328
1352328,19.58159065246582
1352544,20.00418472290039
1353272,18.774059295654297
1354240,18.075313568115234
1354320,19.062761306762695
1354464,22.020919799804688
1354712,16.464435577392578
1355184,21.757322311401367
1355728,19.12970733642578
1355912,28.723880767822266
1356152,21.67363929748535
1356232,19.661087036132812
1356376,20.55230140686035
1356624,22.384937286376953
1357096,19.5606689453125
1357640,21.359832763671875
1357824,16.59414291381836
1358280,17.221757888793945
1358288,17.866107940673828
1358536,18.56485366821289
1359008,22.133892059326172
1359736,18.460250854492188
1359896,26.647058486938477
1360056,17.615062713623047
1360200,19.133892059326172
1360920,18.99581527709961
1361464,18.933053970336914
1361648,20.820083618164062
1361808,20.99163246154785
1361888,21.489540100097656
1361968,20.14644432067871
1362104,18.493722915649414
1362112,18.912134170532227
1362136,25.953947067260742
1362592,27.943262100219727
1363560,19.476987838745117
1363720,24.121339797973633
1363800,17.364017486572266
1364016,24.184101104736328
1364048,18.807531356811523
1364504,22.41004180908203
1365472,19.694561004638672
1365632,19.665271759033203
1365712,29.916318893432617
1365792,17.15481185913086
1365928,19.020919799804688
1365936,20.12552261352539
1365960,22.5606689453125
1366416,20.73640251159668
1367264,27.77108383178711
1367544,20.29288673400879
1367704,21.631799697875977
1367840,18.912134170532227
1367872,19.85774040222168
1368176,21.977272033691406
1369176,19.974895477294922
1369456,19.510459899902344
1369536,18.26359748840332
1369616,18.092050552368164
1369784,20.761507034301758
1370088,22.84937286376953
1371088,24.058576583862305
1371208,20.108787536621094
1371368,19.665271759033203
1371448,19.88702964782715
1371528,18.799163818359375
1371664,20.092050552368164
1371696,22.88702964782715
1372128,29.207693099975586
1372688,29.275861740112305
1373120,21.782426834106445
1373280,18.108787536621094
1373360,21.456066131591797
1373576,20.502092361450195
1373608,18.28451919555664
1373912,21.087865829467773
1374040,21.41840934753418
1374600,19.456066131591797
1375032,22.192468643188477
1375192,22.255229949951172
1375488,20.43514633178711
1375520,17.69874382019043
1375824,20.56485366821289
1375952,18.221757888793945
1376512,19.037656784057617
1376656,27.01369857788086
1376944,20.334728240966797
1377104,11.6443510055542
1377432,23.221757888793945
1377696,28.461538314819336
1377736,22.489540100097656
1377864,25.196653366088867
1378856,19.85774040222168
1379344,16.807531356811523
1379608,8.36820125579834
1379648,18.535564422607422
1379776,16.945606231689453
1380336,18.054393768310547
1380768,19.644351959228516
1380832,28.430768966674805
1380928,16.523012161254883
1381256,13.669456481933594
1381560,9.535564422607422
1381688,19.619247436523438
1382248,11.794979095458984
1382840,21.74895477294922
1383168,21.42677879333496
1383432,20.4393310546875
1383472,23.640167236328125
1383600,19.037656784057617
1383800,28.128570556640625
1384160,16.84937286376953
1384656,4.288702964782715
1384752,19.497907638549805
1385080,20.803346633911133
1385344,18.1673641204834
1385712,18.962343215942383
1386072,19.916318893432617
1386512,27.157533645629883
1386568,22.1673641204834
1386664,17.803346633911133
1386992,18.359832763671875
1387424,20.485355377197266
1387624,17.895397186279297
1387984,18.619247436523438
1388424,19.200836181640625
1388480,18.8326358795166
1388576,17.85355567932129
1388848,24.257732391357422
1389336,18.41004180908203
1389536,18.44769859313965
1389840,27.468355178833008
1389896,23.43096160888672
1390336,20.15899658203125
1390760,19.41840934753418
1390816,21.694561004638672
1391024,27.312057495117188
1391248,18.200836181640625
1392248,19.866107940673828
1392304,18.782426834106445
1392672,4.230125427246094
1392728,18.70292854309082
1393160,17.464435577392578
1393664,25.523012161254883
1394216,16.42677879333496
1394640,19.623430252075195
1394848,21.12970733642578
1395072,26.98744773864746
1395272,19.28033447265625
1395576,19.2887020111084
1396128,7.234309673309326
1396496,21.338912963867188
1396760,19.12552261352539
1396984,19.740585327148438
1397168,27.769229888916016
1397184,23.11297035217285
1397984,17.912134170532227
1398408,19.351465225219727
1398464,18.71548080444336
1398616,7.384937286376953
1398672,18.84937286376953
1398896,16.083681106567383
1399080,18.096233367919922
1399096,17.255229949951172
1399896,18.82845115661621
1400320,17.380752563476562
1400528,19.3933048248291
1400584,18.117155075073242
1400808,18.45188331604004
1400992,17.464435577392578
1401008,21.29707145690918
1401552,28.875
1401808,18.661087036132812
1402232,19.359832763671875
1402496,19.661087036132812
1402720,19.259414672851562
1402904,17.87447738647461
1402920,19.70711326599121
1403464,21.510459899902344
1403720,19.85355567932129
1404144,21.472803115844727
1404200,19.058576583862305
1404408,21.443513870239258
1404504,27.30769157409668
1404544,13.333333015441895
1404816,20.753137588500977
1404832,18.87029266357422
1405632,22.468618392944336
1406416,28.033472061157227
1406456,23.15899658203125
1406728,20.359832763671875
1406744,19.489540100097656
1407128,21.29288673400879
1407544,18.895397186279297
1408024,19.790794372558594
1408232,19.73221778869629
1408328,17.907949447631836
1408368,19.25104522705078
1408656,20.782426834106445
1409040,18.907949447631836
1409456,17.2719669342041
1409864,26.928104400634766
1409936,20.384937286376953
1410144,19.97071075439453
1410240,26.820083618164062
1410568,22.25104522705078
1410952,21.192468643188477
1411368,17.878660202026367
1412056,18.096233367919922
1412480,19.669456481933594
1413280,21.527196884155273
1413760,18.225940704345703
1413968,19.73640251159668
1414104,19.86192512512207
1414392,18.41004180908203
1414776,18.1673641204834
1415192,20.117155075073242
1415600,22.217573165893555
1415672,15.230125427246094
1415880,20.397489547729492
1415976,19.14225959777832
1416016,17.539749145507812
1416304,22.85774040222168
1416688,17.86192512512207
1417080,25.95488739013672
1417104,19.518829345703125
1417512,20.878660202026367
1417584,20.083681106567383
1417792,17.84518814086914
1418600,17.920501708984375
1419016,19.456066131591797
1419424,23.389122009277344
1419496,20.083681106567383
1419800,20.31380844116211
1420128,18.820083618164062
1420512,25.020919799804688
1420904,18.59414291381836
1420928,16.799163818359375
1421336,19.29288673400879
1421408,19.87447738647461
1421616,19.079498291015625
1421712,18.28033447265625
1421944,27.27692222595215
1422040,20.41004180908203
1422424,22.25104522705078
1422840,21.11297035217285
1423248,25.104602813720703
1423320,20.397489547729492
1423528,19.5606689453125
1423856,18.45188331604004
1424336,20.209205627441406
1424752,18.87029266357422
1425160,19.02928924560547
1425232,21.464435577392578
1425440,19.079498291015625
1425536,20.962343215942383
1425768,17.200836181640625
1425864,20.31380844116211
1426248,21.966527938842773
1426664,18.635982513427734
1427072,20.104602813720703
1427144,19.330543518066406
1427352,19.351465225219727
1427680,20.058576583862305
1427872,26.68874168395996
1428160,18.70292854309082
1428912,28.83846092224121
1428984,20.1673641204834
1429056,17.050209045410156
1429264,19.456066131591797
1429360,19.87447738647461
1429592,21.037656784057617
1429688,18.966527938842773
1430072,18.635982513427734
1430280,27.77777862548828
1430896,19.556486129760742
1430968,21.062761306762695
1431272,22.175731658935547
1431504,22.192468643188477
1431600,19.790794372558594
1431984,22.97071075439453
1432192,17.472803115844727
1432312,25.19230842590332
1432808,20.14644432067871
1432880,18.82845115661621
1433088,17.32636070251465
1433416,20.460250854492188
1433512,21.255229949951172
1433896,19.648534774780273
1434104,19.539749145507812
1434128,24.80769157409668
1434224,19.769874572753906
1434720,19.205020904541016
1434792,22.468618392944336
1435328,19.30962371826172
1435808,19.4393310546875
1436016,19.096233367919922
1436040,23.69874382019043
1436136,12.121338844299316
1436704,18.72385025024414
1437240,18.55230140686035
1437336,18.648534774780273
1437720,18.255229949951172
1437952,19.184101104736328
1438048,18.811716079711914
1438072,24.94152069091797
1438544,19.623430252075195
1439248,20.380752563476562
1439632,19.205020904541016
1439840,19.330543518066406
1439864,9.870292663574219
1439960,10.983263969421387
1440456,22.30125617980957
1441064,23.121339797973633
1441160,20.209205627441406
1441544,17.67363929748535
1441736,23.622270584106445
1441752,9.205020904541016
1441776,19.01673698425293
1441872,9.71548080444336
1442976,17.786611557006836
1443072,17.510459899902344
1443648,23.020919799804688
1443664,16.85774040222168
1443688,22.384937286376953
1444280,21.527196884155273
1444888,15.941422462463379
1444984,12.970711708068848
1445600,17.627614974975586
1445696,20.933053970336914
1446800,16.98744773864746
1446896,14.744770050048828
1447280,18.364017486572266
1447472,15.397489547729492
1447488,20.225940704345703
1447512,19.246862411499023
1447608,21.12970733642578
1448104,17.30125617980957
1448320,26.515384674072266
1448712,21.669456481933594
1449384,22.882844924926758
1449400,17.456066131591797
1449424,18.598325729370117
1449520,22.945606231689453
1450016,19.769874572753906
1450232,19.43096160888672
1450624,21.67363929748535
1450720,22.11297035217285
1451312,20.757322311401367
1451336,17.15899658203125
1451432,18.619247436523438
1451928,20.669456481933594
1452144,19.037656784057617
1452536,20.98326301574707
1452632,16.778242111206055
1453064,24.654930114746094
1453208,11.615062713623047
1453224,16.075313568115234
1453344,23.43096160888672
1454056,21.807531356811523
1454392,27.465648651123047
1454448,18.631799697875977
1454544,21.794979095458984
1454976,18.619247436523438
1455136,20.878660202026367
1455160,20.979080200195312
1456304,20.205020904541016
1456888,19.67363929748535
1457032,18.493722915649414
1457072,18.57322120666504
1458216,21.7112979888916
1458368,29.079498291015625
1458944,6.661087989807129
1458960,21.29707145690918
1458984,19.937238693237305
1459792,17.99163246154785
1460128,21.661087036132812
1460184,14.669456481933594
1460280,17.255229949951172
1460856,21.041841506958008
1460872,20.230125427246094
1460896,20.878660202026367
1461856,21.179916381835938
1462040,19.372385025024414
1462096,19.665271759033203
1462768,19.121339797973633
1462784,20.0
1463616,20.29288673400879
1463768,18.32636070251465
1463952,21.230125427246094
1464008,19.317991256713867
1464104,16.661087036132812
1464680,20.958158493041992
1464696,18.903766632080078
1464720,18.58995819091797
1465240,27.605634689331055
1465680,19.037656784057617
1465864,22.71966552734375
1466592,19.941423416137695
1466608,20.25104522705078
1466632,19.456066131591797
1466728,27.854961395263672
1467440,21.338912963867188
1467776,16.949790954589844
1468504,21.54811668395996
1468520,21.108787536621094
1468544,21.01255226135254
1469064,18.811716079711914
1469352,16.255229949951172
1469584,25.769229888916016
1469688,22.175731658935547
1469744,19.916318893432617
1470432,20.41840934753418
1470552,22.384937286376953
1470976,19.85355567932129
1471264,20.058576583862305
1471496,18.778242111206055
1471600,19.359832763671875
1471656,19.928871154785156
1472192,22.106290817260742
1472344,20.464435577392578
1472464,14.112970352172852
1472680,24.3359375
1472888,23.117155075073242
1473176,20.2887020111084
1473408,19.506277084350586
1474376,20.811716079711914
1474592,18.652719497680664
1475320,19.5606689453125
1476168,22.635982513427734
1476288,18.32636070251465
1476504,17.99163246154785
1476536,23.486841201782227
1476712,19.121339797973633
1477000,17.355648040771484
1477232,20.527196884155273
1478080,20.28033447265625
1478208,20.586854934692383
1478376,25.369230270385742
1479144,20.12552261352539
1479992,18.493722915649414
1480112,22.59414291381836
1480288,19.30962371826172
1480296,22.874467849731445
1480824,18.087865829467773
1481056,18.916318893432617
1481904,21.163179397583008
1482200,19.083681106567383
1482208,19.397489547729492
1482448,19.087865829467773
1482736,17.26778221130371
1482968,18.355648040771484
1483816,13.133891105651855
1483936,26.15062713623047
1484112,19.866107940673828
1484120,21.82845115661621
1484648,20.962343215942383
1485728,20.56485366821289
1485848,19.414226531982422
1485856,14.393305778503418
1486032,18.757322311401367
1486272,18.058576583862305
1486560,21.12970733642578
1486792,15.20920467376709
1487640,11.656904220581055
1487760,25.25104522705078
1487768,18.025104522705078
1487936,21.54811668395996
1487944,19.071128845214844
1488184,17.84100341796875
1488472,17.87447738647461
1488704,19.117155075073242
1489552,21.85774040222168
1489856,19.694561004638672
1490096,22.59414291381836
1490384,20.456066131591797
1490616,20.598325729370117
1491584,19.317991256713867
1491592,24.895397186279297
1492008,17.28033447265625
1492296,19.7280330657959
1492528,22.343095779418945
1493376,22.343095779418945
1493496,18.82845115661621
1493504,19.87447738647461
1493672,20.669456481933594
1493680,24.744770050048828
1493920,24.26778221130371
1494208,23.86192512512207
1494440,18.661087036132812
1495288,17.824268341064453
1495416,21.1673641204834
1495584,21.523012161254883
1495592,19.40585708618164
1495736,23.27753257751465
1496120,22.343095779418945
1496352,20.878660202026367
1496360,27.223880767822266
1496776,28.0
1498032,19.376569747924805
1498264,19.661087036132812
1499232,22.343095779418945
1499240,21.12970733642578
1499408,22.00836753845215
1499416,21.338912963867188
1499944,19.769874572753906
1500176,18.87029266357422
1500600,20.083681106567383
1501152,20.096233367919922
1501320,21.87029266357422
1501328,18.899581909179688
1501856,30.962343215942383
1502088,18.41004180908203
1502512,20.460250854492188
1502512,21.627614974975586
1503064,17.17154884338379
1503768,18.389122009277344
1504000,19.790794372558594
1504424,20.59414291381836
1504976,19.97071075439453
1505000,27.62986946105957
1505032,27.829458236694336
1505144,18.815898895263672
1505784,21.619247436523438
1506336,19.916318893432617
1506888,21.338912963867188
1506944,19.615062713623047
1507064,15.866108894348145
1507696,19.246862411499023
1507832,20.100418090820312
1508248,20.45188331604004
1508800,17.188283920288086
1508824,24.14225959777832
1508856,22.025104522705078
1508976,23.640167236328125
1509608,20.15062713623047
1509744,16.527196884155273
1509880,25.02941131591797
1510736,20.73221778869629
1510880,19.623430252075195
1510888,11.71548080444336
1511520,22.062761306762695
1511792,20.87029266357422
1512624,24.518829345703125
1512648,20.824268341064453
1512680,20.25104522705078
1512792,21.11297035217285
1512800,20.794979095458984
1513432,22.238492965698242
1513568,22.518829345703125
1513704,21.903766632080078
1514536,23.01255226135254
1514560,22.694561004638672
1514592,19.778242111206055
1514704,22.866107940673828
1515344,20.00418472290039
1515480,21.73640251159668
1515616,18.98326301574707
1516448,20.644351959228516
1516472,21.17154884338379
1516616,20.598325729370117
1517256,20.066946029663086
1517392,20.815898895263672
1518416,24.912134170532227
1518528,19.163179397583008
1518536,20.949790954589844
1519168,22.510459899902344
1519304,20.769874572753906
1519440,20.7112979888916
1520272,20.213388442993164
1520296,23.255229949951172
1520328,21.364017486572266
1520440,21.502092361450195
1520448,20.757322311401367
1521080,22.092050552368164
1521216,25.104602813720703
1521352,20.083681106567383
1521608,29.09375
1522208,20.062761306762695
1522360,23.25104522705078
1522992,24.966527938842773
1523128,21.882844924926758
1523264,27.196653366088867
1523368,24.31818199157715
1524096,18.543933868408203
1524120,17.71966552734375
1524272,21.364017486572266
1524904,19.87447738647461
1525176,20.083681106567383
1525280,23.32636070251465
1525400,19.460250854492188
1526008,20.640167236328125
1526032,25.037656784057617
1526816,19.937238693237305
1526952,21.59414291381836
1527088,6.221757411956787
1527192,21.062761306762695
1527312,20.682008743286133
1527920,24.364017486572266
1527944,21.29707145690918
1528864,19.88702964782715
1529000,19.071128845214844
1529104,24.209205627441406
1529832,21.67363929748535
1530008,19.351465225219727
1530776,20.29288673400879
1530912,22.225940704345703
1530968,28.05251693725586
1531744,22.092050552368164
1532552,19.669456481933594
1532688,23.13807487487793
1532880,22.71966552734375
1533680,19.71966552734375
1533832,32.42677688598633
1533920,28.214284896850586
1534464,19.912134170532227
1534736,11.313807487487793
1534792,23.401674270629883
1534840,17.761507034301758
1535568,26.98744773864746
1535744,21.26778221130371
1535832,14.71966552734375
1536376,20.635982513427734
1536648,30.648534774780273
1536704,20.41840934753418
1536752,20.820083618164062
1537504,20.200836181640625
1537656,22.485355377197266
1538288,21.82845115661621
1538544,26.153846740722656
1538560,21.14225959777832
1538664,21.937238693237305
1539568,23.221757888793945
1539656,24.355648040771484
1540456,18.472803115844727
1540528,18.891212463378906
1540576,24.01673698425293
1541304,21.84100341796875
1541480,25.29707145690918
1541568,19.246862411499023
1542312,20.518829345703125
1542368,21.937238693237305
1542440,22.71966552734375
1542488,21.7112979888916
1543216,19.539749145507812
1543392,20.12970733642578
1543480,20.920501708984375
1544024,21.43514633178711
1544224,21.84100341796875
1544280,22.30125617980957
1544400,20.338912963867188
1544432,29.992307662963867
1545128,21.359832763671875
1545392,20.6066951751709
1545696,27.790122985839844
1546136,19.330543518066406
1546192,26.15062713623047
1546264,22.40585708618164
1546344,22.43096160888672
1547040,21.497907638549805
1547304,25.230125427246094
1547848,19.43514633178711
1548104,21.255229949951172
1548176,20.502092361450195
1549216,19.200836181640625
1549760,20.083681106567383
1549960,22.175731658935547
1550016,21.966527938842773
1550168,18.803346633911133
1550616,24.903766632080078
1550864,23.84937286376953
1551048,28.012422561645508
1551128,22.69874382019043
1551872,21.527196884155273
1551928,19.665271759033203
1552000,21.99581527709961
1552080,20.083681106567383
1552528,20.481170654296875
1552776,24.058576583862305
1552960,21.12970733642578
1553040,23.765689849853516
1553784,18.133892059326172
1553992,22.075313568115234
1554440,21.104602813720703
1554872,20.502092361450195
1554952,20.502092361450195
1555696,20.00836753845215
1555752,22.54811668395996
1555824,23.305438995361328
1555904,19.949790954589844
1556352,20.640167236328125
1556600,24.652719497680664
1556784,23.640167236328125
1556864,19.665271759033203
1556864,26.899999618530273
1557608,23.26359748840332
1557664,19.56485366821289
1557816,22.953975677490234
1558264,20.493722915649414
1558696,20.615062713623047
1559520,22.782426834106445
1559576,22.99163246154785
1559728,19.87447738647461
1560176,23.640167236328125
1560608,19.456066131591797
1560688,20.87029266357422
1560688,25.836820602416992
1561600,29.53061294555664
1561640,21.820083618164062
1562088,19.30962371826172
1562520,20.652719497680664
1562600,20.7112979888916
1562600,24.372385025024414
1563400,22.907949447631836
1563512,25.6066951751709
1564000,19.979080200195312
1564432,22.30125617980957
1564512,21.933053970336914
1564512,20.347280502319336
1565256,23.682008743286133
1565312,20.443513870239258
1565424,24.937238693237305
1565464,20.041841506958008
1566344,22.523012161254883
1566424,21.066946029663086
1566424,20.041841506958008
1567168,21.117155075073242
1567336,14.736401557922363
1567376,21.937238693237305
1568256,23.644351959228516
1568336,19.543933868408203
1568336,20.497907638549805
1568512,29.217687606811523
1569080,20.97071075439453
1569136,17.99581527709961
1569288,21.669456481933594
1569736,21.602510452270508
1570168,15.251046180725098
1570248,21.54811668395996
1570248,21.631799697875977
1570424,24.644351959228516
1570992,25.020919799804688
1571096,27.294116973876953
1571200,20.55230140686035
1572160,21.941423416137695
1572336,21.510459899902344
1573008,23.087865829467773
1573112,17.71966552734375
1574072,21.71548080444336
1574248,21.192468643188477
1574816,26.046024322509766
1574872,22.104602813720703
1575024,23.585773468017578
1575512,25.72222137451172
1575904,21.966527938842773
1576160,24.12552261352539
1576728,23.472803115844727
1576784,22.13807487487793
1576936,23.26359748840332
1577872,22.88135528564453
1578640,26.56903839111328
1578696,25.0
1578744,20.73221778869629
1578848,23.13807487487793
1579232,30.64827537536621
1579728,26.359832763671875
1579784,19.757322311401367
1580552,23.953975677490234
1580608,22.175731658935547
1580656,22.84937286376953
1580984,26.732484817504883
1581144,23.912134170532227
1581696,23.84937286376953
1582424,29.049999237060547
1582520,24.757322311401367
1582568,24.397489547729492
1582896,24.368200302124023
1583160,19.694561004638672
1583608,20.460250854492188
1583808,21.221757888793945
1584256,25.611764907836914
1584336,22.59414291381836
1584376,23.28451919555664
1584432,23.230125427246094
1584480,21.74895477294922
1585072,22.259414672851562
1585304,29.427806854248047
1585512,29.929576873779297
1585520,21.786611557006836
1586168,19.188283920288086
1586248,19.184101104736328
1587424,20.1673641204834
1587432,20.30962371826172
1588256,27.949790954589844
1589128,22.58995819091797
1589336,23.037656784057617
1589344,23.43096160888672
1589992,29.2887020111084
1590072,20.188283920288086
1590168,23.15899658203125
1590216,20.85355567932129
1591040,22.050209045410156
1591248,24.058576583862305
1591256,22.878660202026367
1591296,28.0
1591904,26.1673641204834
1591984,21.401674270629883
1592080,24.7280330657959
1592952,18.72385025024414
1593160,20.69874382019043
1593208,21.765689849853516
1593816,21.8326358795166
1593992,25.598325729370117
1594632,24.092050552368164
1594864,24.058576583862305
1594872,28.429203033447266
1595072,23.117155075073242
1595120,20.85774040222168
1595728,20.29288673400879
1595904,22.585773468017578
1596544,19.372385025024414
1596776,20.907949447631836
1596784,22.761507034301758
1597032,20.1673641204834
1597640,25.376569747924805
1597824,25.576923370361328
1598456,20.945606231689453
1598688,20.26359748840332
1598896,14.380753517150879
1598944,23.117155075073242
1599552,20.648534774780273
1599632,20.489540100097656
1599736,22.188283920288086
1600368,19.32636070251465
1600600,21.836820602416992
1600856,23.117155075073242
1601464,21.14225959777832
1602280,25.041841506958008
1602512,25.0
1602680,29.96923065185547
1602720,22.907949447631836
1603448,29.424657821655273
1603456,21.17154884338379
1603560,22.69874382019043
1604424,23.062761306762695
1604592,18.656904220581055
1604632,25.188283920288086
1604680,22.656904220581055
1605288,20.69037628173828
1605360,23.652719497680664
1605368,21.025104522705078
1605472,22.627614974975586
1606336,20.15899658203125
1606504,20.372385025024414
1606592,22.317991256713867
1607200,21.025104522705078
1607272,24.28451919555664
1607280,20.13807487487793
1607384,21.338912963867188
1608248,22.68619155883789
1608416,21.57740592956543
1608456,25.627614974975586
1608504,19.246862411499023
1609112,27.11297035217285
1609184,21.234310150146484
1609192,20.682008743286133
1609296,20.669456481933594
1610160,23.619247436523438
1610328,27.631799697875977
1610368,24.351465225219727
1611024,20.502092361450195
1611096,21.12970733642578
1611104,21.213388442993164
1611208,19.5606689453125
1612072,21.389122009277344
1612240,22.117155075073242
1612280,20.836820602416992
1612328,22.761507034301758
1612936,20.903766632080078
1613016,23.45188331604004
1613120,21.12970733642578
1614192,20.31380844116211
1614240,23.535564422607422
1614848,21.192468643188477
1614920,21.108787536621094
1615032,23.13807487487793
1615448,31.171974182128906
1615896,20.502092361450195
1616064,20.7112979888916
1616152,22.217573165893555
1616760,23.30962371826172
1616840,21.066946029663086
1616944,24.163179397583008
1617232,29.397260665893555
1617360,18.974895477294922
1617808,20.497907638549805
1618064,20.920501708984375
1618672,20.355648040771484
1618752,22.966527938842773
1618856,14.43514633178711
1619144,21.259414672851562
1619272,22.740585327148438
1619720,24.26778221130371
1619976,21.57322120666504
1620656,24.30962371826172
1620664,23.096233367919922
1620768,24.71966552734375
1621056,20.12552261352539
1621184,21.757322311401367
1621496,27.766082763671875
1621632,23.794979095458984
1621888,21.510459899902344
1622568,18.347280502319336
1622576,22.343095779418945
1622680,25.12552261352539
1622968,20.502092361450195
1623096,22.753137588500977
1623408,22.531381607055664
1623544,24.29288673400879
1624400,26.615720748901367
1624488,21.757322311401367
1624592,23.096233367919922
1624880,20.372385025024414
1625008,23.28033447265625
1625712,22.510459899902344
1626312,23.075313568115234
1626400,21.30125617980957
1626504,21.958158493041992
1627232,28.99581527709961
1627368,21.351465225219727
1627624,21.903766632080078
1628224,24.355648040771484
1628312,20.56903839111328
1628416,22.071128845214844
1628704,22.615062713623047
1628832,19.949790954589844
1629144,21.27614974975586
1629280,21.200836181640625
1629536,20.774059295654297
1630064,29.227272033691406
1630224,20.962343215942383
1630328,22.69874382019043
1630616,20.7112979888916
1631056,21.757322311401367
1631448,21.12970733642578
1631976,29.916318893432617
1632048,24.70292854309082
1632136,19.133892059326172
1632240,22.00836753845215
1632528,19.2887020111084
1632968,20.2719669342041
1633104,24.7280330657959
1633888,24.225940704345703
1634048,23.753137588500977
1634152,23.242677688598633
1634440,23.84937286376953
1634880,23.2887020111084
1635272,26.15062713623047
1635800,23.359832763671875
1635872,27.01255226135254
1636352,21.502092361450195
1636928,20.184101104736328
1637184,23.920501708984375
1637712,24.133892059326172
1637872,22.468618392944336
1637976,16.527196884155273
1639096,19.916318893432617
1639696,25.778242111206055
1639784,23.974895477294922
1639888,26.3933048248291
1639968,27.25
1640616,19.037656784057617
1640752,16.523012161254883
1641008,23.72385025024414
1641536,21.778242111206055
1641608,23.075313568115234
1641696,22.949790954589844
1641800,25.57322120666504
1641880,25.31380844116211
1642528,18.669456481933594
1642560,27.578125
1642664,23.13807487487793
1642920,23.669456481933594
1643792,32.949790954589844
1644440,25.69037628173828
1644576,21.338912963867188
1644832,21.41840934753418
1644840,23.949790954589844
1645432,22.502092361450195
1645624,21.891212463378906
1645704,21.98744773864746
1646352,30.543933868408203
1646384,21.669456481933594
1646488,26.98744773864746
1646744,20.962343215942383
1647344,23.209205627441406
1647616,24.694561004638672
1648296,21.543933868408203
1648400,20.891212463378906
1648656,21.464435577392578
1648664,23.13807487487793
1649448,21.31380844116211
1649528,25.2887020111084
1650176,21.046024322509766
1650208,23.57740592956543
1650312,20.648534774780273
1651080,29.824562072753906
1651360,19.84518814086914
1651440,19.8326358795166
1652088,22.384937286376953
1652120,20.117155075073242
1652224,19.665271759033203
1652488,24.895397186279297
1652992,22.100418090820312
1654000,23.43096160888672
1654032,25.69037628173828
1654136,20.14644432067871
1654400,24.14225959777832
1654904,24.01673698425293
1655008,30.578475952148438
1655184,20.355648040771484
1655912,21.7112979888916
1655944,19.100418090820312
1656920,22.209205627441406
1657096,30.041841506958008
1657584,26.364017486572266
1657824,26.58159065246582
1657856,21.98326301574707
1657960,22.71966552734375
1658224,25.376569747924805
1658728,18.12970733642578
1659008,24.104602813720703
1659496,23.744770050048828
1659736,23.84937286376953
1659768,24.372385025024414
1659872,25.355648040771484
1660744,23.765689849853516
1660752,30.560508728027344
1660920,23.01255226135254
1660952,33.06081008911133
1661304,29.76712417602539
1661648,23.953975677490234
1661784,26.338912963867188
1662552,23.28033447265625
1662664,27.025104522705078
1662832,19.330543518066406
1662864,22.803346633911133
1663216,21.84100341796875
1663560,26.598325729370117
1663696,25.2719669342041
1663976,32.811187744140625
1664464,24.121339797973633
1664568,25.01255226135254
1664576,24.359832763671875
1664776,21.42259407043457
1665128,23.99581527709961
1665472,19.807531356811523
1665888,20.322175979614258
1666688,22.74895477294922
1667040,25.17154884338379
1667208,30.89090919494629
1667384,23.209205627441406
1667520,28.807531356811523
1668288,25.97071075439453
1668392,19.531381607055664
1668600,21.70711326599121
1668952,22.59414291381836
1669296,23.15899658203125
1670200,27.824268341064453
1670304,23.953975677490234
1670312,25.372385025024414
1670472,29.984615325927734
1670512,24.372385025024414
1670864,20.962343215942383
1671032,22.615062713623047
1671208,27.02928924560547
1671752,29.354839324951172
1672112,25.26359748840332
1672216,25.523012161254883
1672224,25.481170654296875
1673120,27.020919799804688
1673352,34.32624053955078
1673664,23.899581909179688
1674024,22.615062713623047
1674128,28.033472061157227
1674296,21.769874572753906
1674856,23.347280502319336
1675032,25.502092361450195
1675264,27.037656784057617
1675576,24.69874382019043
1675936,20.585773468017578
1675944,21.58995819091797
1676040,22.782426834106445
1676208,21.046024322509766
1676944,24.782426834106445
1677488,20.2719669342041
1677848,27.42677879333496
1677952,28.661087036132812
1678680,24.635982513427734
1678856,25.163179397583008
1679088,23.29288673400879
1679400,25.26778221130371
1679760,22.00836753845215
1679768,23.32636070251465
1679864,23.317991256713867
1680032,24.602510452270508
1680592,26.98744773864746
1680768,24.556486129760742
1681000,21.079498291015625
1681312,29.29288673400879
1681672,23.188283920288086
1681680,24.640167236328125
1681776,19.7112979888916
1681944,25.188283920288086
1682680,27.84518814086914
1683224,23.481170654296875
1683584,30.13807487487793
1683592,24.205020904541016
1683856,25.523012161254883
1685136,19.807531356811523
1685496,24.372385025024414
1685600,21.502092361450195
1685768,28.472803115844727
1686504,21.12970733642578
1686560,23.460250854492188
1687408,23.59414291381836
1687416,22.43514633178711
1687512,27.40585708618164
1688240,20.29288673400879
1688416,26.42259407043457
1688472,24.98744773864746
1688960,21.351465225219727
1689320,25.192468643188477
1689328,23.974895477294922
1689424,27.510459899902344
1690232,30.188678741455078
1690384,22.682008743286133
1691232,22.933053970336914
1691240,22.355648040771484
1691336,22.322175979614258
1691504,21.54811668395996
1692064,21.924686431884766
1692144,28.401674270629883
1692240,27.322175979614258
1692416,32.24489974975586
1693248,25.669456481933594
1693416,25.799163818359375
1693976,25.037656784057617
1694056,23.28451919555664
1694152,20.12552261352539
1694328,24.895397186279297
1695056,21.364017486572266
1695328,24.661087036132812
1695888,25.794979095458984
1696064,27.25104522705078
1696120,24.476987838745117
1696240,28.807531356811523
1696968,22.117155075073242
1697072,19.376569747924805
1697240,27.652719497680664
1697800,22.175731658935547
1697880,26.527196884155273
1697976,20.937238693237305
1698152,29.26778221130371
1698880,21.966527938842773
1698984,23.514644622802734
1699152,24.539749145507812
1699792,26.372385025024414
1700064,20.58159065246582
1700792,25.42259407043457
1700984,22.476987838745117
1701064,26.67363929748535
1701624,22.71548080444336
1701704,21.627614974975586
1701800,23.84937286376953
1701976,25.14644432067871
1702704,22.192468643188477
1702808,20.14225959777832
1702896,23.322175979614258
1702976,24.096233367919922
1703536,22.71966552734375
1703712,24.527196884155273
1703888,20.083681106567383
1704616,25.12970733642578
1704720,27.196653366088867
1704808,23.5606689453125
1704888,23.74895477294922
1705448,20.5606689453125
1705528,19.820083618164062
1705624,28.025104522705078
1705800,27.907949447631836
1706720,21.539749145507812
1707256,29.5181827545166
1707360,23.2887020111084
1707440,33.93305587768555
1707536,25.368200302124023
1708712,22.907949447631836
1709168,27.55230140686035
1709352,22.305438995361328
1709448,23.179916381835938
1709624,23.493722915649414
1710456,29.100418090820312
1710544,25.502092361450195
1710624,26.86192512512207
1711080,26.046024322509766
1711184,25.836820602416992
1711360,24.17154884338379
1711536,23.414226531982422
1712368,22.59414291381836
1712456,23.464435577392578
1712992,23.765689849853516
1713168,31.55765151977539
1713272,25.669456481933594
1713448,28.933053970336914
1714280,23.368200302124023
1714368,22.2719669342041
1714448,22.510459899902344
1714904,30.790794372558594
1715008,21.54811668395996
1715080,23.43096160888672
1715184,25.0
1715360,23.57740592956543
1716280,24.058576583862305
1716360,29.916318893432617
1716816,25.669456481933594
1716992,26.882844924926758
1717272,22.69874382019043
1718192,24.510459899902344
1718272,25.824268341064453
1718904,26.98744773864746
1719008,22.050209045410156
1719880,26.114967346191406
1720104,27.510459899902344
1720184,25.73221778869629
1720640,23.096233367919922
1720744,26.225940704345703
1720816,24.866107940673828
1721096,21.27614974975586
1721792,24.163179397583008
1722016,26.242677688598633
1722552,22.59414291381836
1722656,23.343095779418945
1722832,23.330543518066406
1723008,24.627614974975586
1723928,28.786611557006836
1724008,16.121339797973633
1724464,23.00836753845215
1724568,26.778242111206055
1724744,25.104602813720703
1724920,26.778242111206055
1725616,26.359832763671875
1725840,23.916318893432617
1725920,29.70711326599121
1726376,24.953975677490234
1726480,25.58159065246582
1726656,25.121339797973633
1727752,30.543933868408203
1727832,21.903766632080078
1728288,24.43514633178711
1728464,20.615062713623047
1728568,28.891212463378906
1728744,23.15899658203125
1729664,23.70292854309082
1729744,25.523012161254883
1730304,25.899581909179688
1730376,25.209205627441406
1730480,22.958158493041992
1730656,24.100418090820312
1730776,29.302326202392578
1731576,20.062761306762695
1732216,22.175731658935547
1732392,23.740585327148438
1732568,24.121339797973633
1732688,24.213388442993164
1732816,28.989070892333984
1733488,26.464435577392578
1734024,19.98326301574707
1734304,23.092050552368164
1734600,25.815898895263672
1735400,27.196653366088867
1735936,25.523012161254883
1736040,24.476987838745117
1736112,28.12970733642578
1736216,22.84518814086914
1736392,23.56485366821289
1736512,24.476987838745117
1737312,23.468618392944336
1737848,20.188283920288086
1738024,23.527196884155273
1738424,25.6066951751709
1738552,25.7112979888916
1739760,28.033472061157227
1739864,29.079498291015625
1740040,23.933053970336914
1740216,24.3933048248291
1740336,21.380752563476562
1741672,23.820083618164062
1741776,25.73221778869629
1742128,26.527196884155273
1742248,26.757322311401367
1742376,25.104602813720703
1743584,24.769874572753906
1743688,22.42677879333496
1743760,23.26359748840332
1744040,23.962343215942383
1744160,26.29707145690918
1744288,29.15899658203125
1744712,32.9219856262207
1744960,22.769874572753906
1745600,22.32636070251465
1745672,21.966527938842773
1745952,23.903766632080078
1746072,26.820083618164062
1746200,23.12970733642578
1746624,25.033472061157227
1746872,25.73221778869629
1747512,26.778242111206055
1747688,21.464435577392578
1747864,24.58159065246582
1747984,26.25104522705078
1748112,20.769874572753906
1748536,26.15062713623047
1748784,26.062761306762695
1749424,27.510459899902344
1749496,25.209205627441406
1749600,18.514644622802734
1749896,24.937238693237305
1750024,26.485355377197266
1750448,24.799163818359375
1750696,19.30962371826172
1751408,25.54811668395996
1751512,30.14644432067871
1751688,20.31380844116211
1751808,23.13807487487793
1751936,20.117155075073242
1752360,27.30125617980957
1752608,23.937238693237305
1753248,25.82845115661621
1753424,22.133892059326172
1753720,22.920501708984375
1753848,23.058576583862305
1754272,26.02928924560547
1754520,26.384937286376953
1755160,27.196653366088867
1755232,25.602510452270508
1755336,22.343095779418945
1755512,27.88702964782715
1755632,22.133892059326172
1755760,30.376569747924805
1756184,27.71966552734375
1756432,30.962343215942383
1757072,24.895397186279297
1757144,20.355648040771484
1757248,27.033472061157227
1757424,25.962343215942383
1757544,25.523012161254883
1758096,25.020919799804688
1758344,26.502092361450195
1758984,28.28451919555664
1759056,26.70711326599121
1759160,23.058576583862305
1759584,23.912134170532227
1760008,23.071128845214844
1760896,25.962343215942383
1760968,25.493722915649414
1761072,26.778242111206055
1761496,25.523012161254883
1762168,26.56903839111328
1762376,34.680850982666016
1762880,12.761506080627441
1763280,27.661087036132812
1763408,20.083681106567383
1763832,25.523012161254883
1764080,26.648534774780273
1764288,24.225940704345703
1764720,23.820083618164062
1764792,19.916318893432617
1765192,22.59414291381836
1765312,30.779220581054688
1765320,28.539749145507812
1765744,26.046024322509766
1765888,32.171234130859375
1766704,21.338912963867188
1766808,17.953975677490234
1766968,26.9323673248291
1767104,32.84937286376953
1767800,23.531381607055664
1768112,25.31380844116211
1768616,19.807531356811523
1768720,25.799163818359375
1768880,24.443513870239258
1769016,22.59414291381836
1769144,27.489540100097656
1769912,30.283950805664062
1770024,22.635982513427734
1770632,24.2887020111084
1770928,27.803346633911133
1771056,24.372385025024414
1771824,24.497907638549805
1771936,23.037656784057617
1772704,24.476987838745117
1772840,26.359832763671875
1773392,28.682008743286133
1773536,25.1673641204834
1773736,22.84518814086914
1773848,22.966527938842773
1774456,26.924686431884766
1774752,22.196653366088867
1774880,24.3933048248291
1775304,24.43514633178711
1775448,25.02928924560547
1775648,27.196653366088867
1775760,26.86192512512207
1776368,20.58995819091797
1776664,22.175731658935547
1776792,23.2719669342041
1777216,21.338912963867188
1777560,21.464435577392578
1777672,23.765689849853516
1778280,28.075313568115234
1778440,24.485355377197266
1778576,30.209205627441406
1778704,26.70292854309082
1779128,29.100418090820312
1779272,22.878660202026367
1779472,24.476987838745117
1779584,21.631799697875977
1780192,24.644351959228516
1780352,22.97071075439453
1780488,24.071128845214844
1780616,34.93723678588867
1781040,25.11297035217285
1781184,27.615062713623047
1781360,27.70270347595215
1782104,25.14644432067871
1782264,23.974895477294922
1782400,26.757322311401367
1782528,22.56903839111328
1782952,25.209205627441406
1783096,25.230125427246094
1783272,25.397489547729492
1783296,29.305438995361328
1784016,28.87029266357422
1784176,25.384937286376953
1784312,21.945606231689453
1784864,25.104602813720703
1785008,25.941423416137695
1785184,25.062761306762695
1785208,26.025104522705078
1785480,25.104602813720703
1785928,31.58995819091797
1786088,26.757322311401367
1786224,24.68619155883789
1787096,23.347280502319336
1787120,21.924686431884766
1787392,27.196653366088867
1788000,27.196653366088867
1788688,29.920501708984375
1788832,27.44769859313965
1789008,28.45188331604004
1789304,23.26359748840332
1789752,26.43514633178711
1790048,22.225940704345703
1790744,23.99581527709961
1791824,29.43514633178711
1791960,25.799163818359375
1792656,25.246862411499023
1792856,22.384937286376953
1793560,28.418067932128906
1793736,26.56903839111328
1793872,29.330543518066406
1794424,22.677824020385742
1794568,27.330543518066406
1794744,12.36401653289795
1794768,23.974895477294922
1795040,28.70292854309082
1795472,25.372385025024414
1795648,30.68619155883789
1795784,13.849371910095215
1796336,26.30962371826172
1796480,22.903766632080078
1796656,28.87029266357422
1796680,34.72803497314453
1796952,22.217573165893555
1797384,25.794979095458984
1797560,31.652719497680664
1797696,28.966527938842773
1798248,22.217573165893555
1798392,24.26778221130371
1798568,22.510459899902344
1798864,27.25104522705078
1799296,25.230125427246094
1799472,27.42677879333496
1799608,22.28033447265625
1799800,30.493507385253906
1800304,25.083681106567383
1800776,33.47280502319336
1801208,24.476987838745117
1801712,22.928871154785156
1802072,27.824268341064453
1802216,25.384937286376953
1802416,24.669456481933594
1802688,23.891212463378906
1803120,22.493722915649414
1803296,22.656904220581055
1803432,25.73221778869629
1803624,22.343095779418945
1804128,26.0
1804328,27.238492965698242
1804600,23.221757888793945
1805032,25.5606689453125
1805208,24.42677879333496
1805536,25.188283920288086
1805896,23.518829345703125
1806040,28.556486129760742
1806240,28.87029266357422
1806512,26.27614974975586
1806944,24.782426834106445
1807120,28.15899658203125
1807256,23.384937286376953
1807448,23.72385025024414
1807808,27.55230140686035
1807952,24.41004180908203
1808152,24.69037628173828
1808424,25.941423416137695
1808856,23.598325729370117
1809032,26.364017486572266
1809168,26.820083618164062
1810064,21.882844924926758
1810336,26.108787536621094
1810768,23.179916381835938
1810944,25.627614974975586
1811592,29.628570556640625
1811632,21.682008743286133
1811976,23.782426834106445
1812248,30.962343215942383
1812680,21.28033447265625
1812856,22.782426834106445
1813504,20.020919799804688
1813544,24.99581527709961
1813888,25.104602813720703
1814160,26.765689849853516
1814904,22.28033447265625
1815096,19.895397186279297
1815416,25.523012161254883
1815456,22.531381607055664
1815800,24.58159065246582
1816072,26.820083618164062
1816448,29.970415115356445
1816504,23.669456481933594
1816680,28.380752563476562
1817984,23.01255226135254
1818360,23.242677688598633
1818592,30.020919799804688
1819240,26.67363929748535
1819280,27.17154884338379
1819624,23.866107940673828
1819896,27.958158493041992
1820272,25.73221778869629
1820504,25.962343215942383
1820640,24.68619155883789
1821152,22.958158493041992
1821192,24.071128845214844
1821536,16.45188331604004
1821808,28.242677688598633
1822184,27.205020904541016
1822240,24.13807487487793
1822416,25.98326301574707
1822552,24.414226531982422
1823064,24.443513870239258
1823448,26.359832763671875
1824096,21.26359748840332
1824328,24.26359748840332
1824464,26.82845115661621
1824760,28.143497467041016
1824976,27.933053970336914
1825360,19.497907638549805
1825632,28.82845115661621
1825720,27.33103370666504
1826008,30.15481185913086
1826376,20.502092361450195
1826888,28.242677688598633
1827272,26.903766632080078
1827632,25.00836753845215
1827920,25.317991256713867
1828288,24.895397186279297
1828584,27.217573165893555
1828800,23.57322120666504
1829184,19.351465225219727
1829544,26.924686431884766
1829832,20.1673641204834
1830064,25.43096160888672
1830712,28.037656784057617
1831456,24.924686431884766
1831744,26.15062713623047
1831976,22.97071075439453
1832112,24.920501708984375
1832408,24.84518814086914
1832624,24.497907638549805
1833008,29.42259407043457
1833280,26.401674270629883
1833368,25.104602813720703
1833656,22.949790954589844
1833888,28.32636070251465
1834024,28.347280502319336
1834320,25.794979095458984
1834512,27.595745086669922
1834536,25.104602813720703
1835192,23.640167236328125
1835280,23.163179397583008
1835568,21.317991256713867
1835936,22.59414291381836
1836424,26.213388442993164
1836448,25.73221778869629
1836936,31.28169059753418
1837104,26.949790954589844
1837192,21.338912963867188
1837480,22.0
1837848,27.41004180908203
1838144,25.815898895263672
1838336,24.14225959777832
1838360,26.891212463378906
1838848,21.359832763671875
1839016,29.184101104736328
1839104,24.937238693237305
1839392,23.70292854309082
1839760,26.811716079711914
1840056,30.753137588500977
1840248,35.71129608154297
1840272,23.27614974975586
1840760,28.196653366088867
1841016,21.12970733642578
1841304,21.506277084350586
1841968,22.54811668395996
1842160,25.41840934753418
1842184,27.907949447631836
1842296,26.744770050048828
1842904,32.1298713684082
1842928,28.347280502319336
1843216,25.31380844116211
1843880,21.234310150146484
1843896,26.882844924926758
1844072,25.73221778869629
1844208,22.631799697875977
1844840,21.087865829467773
1845792,23.13807487487793
1845808,23.45188331604004
1845984,24.372385025024414
1846008,22.213388442993164
1846120,22.8326358795166
1847040,10.794979095458984
1847720,24.895397186279297
1847896,29.079498291015625
1847920,28.221757888793945
1847928,31.00418472290039
1848032,25.962343215942383
1848952,33.74477005004883
1849808,28.98326301574707
1849840,18.28451919555664
1850576,30.753137588500977
1851528,24.205020904541016
1851720,22.87447738647461
1851856,30.334728240966797
1852488,31.17154884338379
1852776,27.69874382019043
1853440,32.635982513427734
1853456,29.74895477294922
1853656,26.73640251159668
1853664,22.42677879333496
1853768,23.221757888793945
1854400,27.84100341796875
1854688,25.31380844116211
1855240,31.58995819091797
1855568,25.30125617980957
1855576,24.73221778869629
1855680,24.531381607055664
1856312,11.744770050048828
1856600,23.058576583862305
1857152,25.0
1857264,24.259414672851562
1857280,23.974895477294922
1857480,22.351465225219727
1857488,25.104602813720703
1857592,21.255229949951172
1858224,27.351465225219727
1859400,26.56903839111328
1859504,27.510459899902344
1860136,28.644351959228516
1860296,31.006492614746094
1860424,28.179916381835938
1861088,26.71548080444336
1861312,24.602510452270508
1861416,26.543933868408203
1862048,28.13807487487793
1862208,28.242677688598633
1862880,24.610877990722656
1863000,28.70292854309082
1863216,29.58159065246582
1863328,28.01673698425293
1863960,19.87029266357422
1864064,25.85714340209961
1864120,24.665271759033203
1865128,28.347280502319336
1865136,30.962343215942383
1866032,23.26359748840332
1866264,27.476987838745117
1866704,30.12552261352539
1867040,28.531381607055664
1867248,28.837209701538086
1867888,24.058576583862305
1867944,23.84937286376953
1868616,23.083681106567383
1869160,23.364017486572266
1869800,26.317991256713867
1869856,23.054393768310547
1870088,23.57740592956543
1870528,26.506277084350586
1870872,23.15899658203125
1870976,26.98744773864746
1871072,26.15062713623047
1871768,30.12552261352539
1872000,26.368200302124023
1872440,27.615062713623047
1872784,20.401674270629883
1872888,29.70711326599121
1872984,22.769874572753906
1873624,24.85355567932129
1873912,26.01255226135254
1874664,28.538461685180664
1874688,27.28033447265625
1874800,21.71548080444336
1874896,22.585773468017578
1875592,34.41422653198242
1876264,23.72385025024414
1876576,23.42259407043457
1876600,25.753137588500977
1876608,22.69874382019043
1876712,24.041841506958008
1876808,26.42677879333496
1877736,24.108787536621094
1878176,27.615062713623047
1878488,33.368202209472656
1878624,23.200836181640625
1878720,19.769874572753906
1878976,27.120567321777344
1879648,28.14644432067871
1880088,24.67363929748535
1880168,25.670940399169922
1880400,23.640167236328125
1880424,25.85774040222168
1880632,27.84518814086914
1880888,24.046024322509766
1882000,25.14644432067871
1882080,19.640167236328125
1882312,30.531381607055664
1882336,23.054393768310547
1882448,22.238492965698242
1882544,21.67363929748535
1882800,25.104602813720703
1884456,31.27614974975586
1884712,25.481170654296875
1885384,23.753137588500977
1885824,27.30125617980957
1885904,24.414226531982422
1886272,26.694561004638672
1886368,26.489540100097656
1886624,27.740585327148438
1887200,27.322175979614258
1887296,28.82845115661621
1887816,26.67363929748535
1888048,26.71548080444336
1888184,27.631799697875977
1888536,28.99581527709961
1889112,10.016736030578613
1889648,24.5606689453125
1889728,33.59832763671875
1889960,23.046024322509766
1890096,27.00836753845215
1890192,22.384937286376953
1890448,28.481170654296875
1891024,24.811716079711914
1891560,28.87029266357422
1891640,25.0
1891872,30.020919799804688
1892008,25.2719669342041
1892104,30.31380844116211
1892360,29.117155075073242
1892936,30.041841506958008
1893032,30.376569747924805
1893456,31.065088272094727
1893472,25.15062713623047
1893552,25.242677688598633
1893784,25.98744773864746
1893920,25.836820602416992
1894272,27.28033447265625
1894800,28.988094329833984
1894848,30.209205627441406
1894944,28.45188331604004
1895384,29.100418090820312
1895464,25.740585327148438
1895832,27.02928924560547
1896184,24.133892059326172
1896760,25.949790954589844
1896856,25.88702964782715
1897296,26.778242111206055
1897376,25.627614974975586
1897744,28.45188331604004
1898096,30.25104522705078
1898768,27.213388442993164
1899200,27.531147003173828
1899656,30.062761306762695
1900008,27.40585708618164
1900544,22.40585708618164
1900680,36.046024322509766
1901112,21.163179397583008
1901120,27.42677879333496
1901352,24.661087036132812
1902000,29.180328369140625
1902456,23.619247436523438
1902592,27.133892059326172
1903024,20.414226531982422
1903480,23.334728240966797
1903832,26.807531356811523
1904368,20.0
1904504,23.184101104736328
1904944,21.184101104736328
1905392,23.514644622802734
1905744,22.782426834106445
1905824,24.68619155883789
1906280,13.686192512512207
1906632,32.425743103027344
1906848,25.046024322509766
1906856,27.40585708618164
1907304,25.627614974975586
1907656,23.953975677490234
1907736,25.73221778869629
1908192,22.57322120666504
1908328,26.71548080444336
1908544,25.920501708984375
1908760,22.635982513427734
1908768,26.15062713623047
1909216,29.2887020111084
1909568,22.518829345703125
1909808,29.615385055541992
1910240,27.920501708984375
1910456,27.01673698425293
1910672,25.585773468017578
1911128,24.824268341064453
1911480,24.2719669342041
1911560,21.778242111206055
1911720,30.962343215942383
1911896,31.135265350341797
1912016,27.824268341064453
1912368,22.782426834106445
1912584,23.205020904541016
1913392,29.079498291015625
1913472,28.033472061157227
1913632,32.510459899902344
1913808,25.397489547729492
1913928,25.317991256713867
1914280,30.334728240966797
1914952,30.066946029663086
1915304,29.70711326599121
1915384,23.493722915649414
1915544,27.57322120666504
1915720,27.907949447631836
1915840,27.368200302124023
1916192,27.99581527709961
1917216,25.824268341064453
1917296,26.67363929748535
1917456,30.882844924926758
1917632,21.966527938842773
1917752,23.84937286376953
1918104,24.100418090820312
1918304,31.081932067871094
1919128,25.665271759033203
1919208,29.2887020111084
1919544,23.087865829467773
1919664,24.317991256713867
1920016,32.71966552734375
1920216,24.476987838745117
1920592,22.69874382019043
1920688,27.468618392944336
1921040,16.644351959228516
1921120,24.71966552734375
1921576,25.790794372558594
1921928,22.69874382019043
1922504,26.73640251159668
1922952,25.3933048248291
1922952,31.674419403076172
1923368,29.665271759033203
1923840,28.347280502319336
1924040,26.238492965698242
1924512,29.656904220581055
1924864,24.790794372558594
1924864,30.962343215942383
1924944,24.895397186279297
1925752,24.213388442993164
1926328,31.535564422607422
1926424,22.803346633911133
1926776,19.2887020111084
1926776,26.401674270629883
1926856,32.21757507324219
1927192,25.761507034301758
1927664,28.033472061157227
1928240,26.472803115844727
1928336,28.807531356811523
1928688,28.15481185913086
1928768,23.535564422607422
1929104,27.196653366088867
1929576,27.598325729370117
1929776,26.29707145690918
1930152,28.87029266357422
1930248,28.033472061157227
1930600,28.661087036132812
1930600,26.359832763671875
1930680,27.225940704345703
1931016,23.799163818359375
1931488,24.87447738647461
1931688,29.497907638549805
1932160,29.30962371826172
1932512,27.928871154785156
1932592,33.891212463378906
1932848,28.931034088134766
1932928,25.255229949951172
1933400,30.543933868408203
1933800,22.42677879333496
1933976,24.11297035217285
1934072,26.359832763671875
1934504,30.794979095458984
1934760,25.096233367919922
1934840,28.096233367919922
1935312,33.7866096496582
1935712,24.8326358795166
1935888,22.88702964782715
1935984,23.384937286376953
1936336,23.70292854309082
1936416,24.68619155883789
1936672,22.28033447265625
1936752,23.401674270629883
1938040,30.28169059753418
1938328,29.70711326599121
1938424,30.41131019592285
1938584,31.799163818359375
1938664,18.85355567932129
1939808,25.29288673400879
1939952,28.033472061157227
1940240,28.26359748840332
1940336,24.192468643188477
1940576,27.104602813720703
1941448,29.497907638549805
1941624,22.464435577392578
1941720,27.14225959777832
1941864,28.079498291015625
1942152,33.891212463378906
1942248,26.73640251159668
1942408,21.907949447631836
1942488,26.807531356811523
1943288,29.96923065185547
1943360,29.00418472290039
1943632,27.665271759033203
1944056,30.252099990844727
1944320,26.046024322509766
1944400,29.359832763671875
1945200,28.661087036132812
1945272,26.652719497680664
1945440,31.40265464782715
1945688,27.092050552368164
1945968,25.230125427246094
1946232,27.543933868408203
1946312,23.640167236328125
1946872,22.543933868408203
1947184,25.799163818359375
1947352,24.3933048248291
1947880,32.00836944580078
1948144,27.945606231689453
1948224,22.84100341796875
1948784,30.543933868408203
1949024,20.903766632080078
1949096,30.6066951751709
1949264,23.640167236328125
1949312,35.08829879760742
1950056,32.635982513427734
1950136,27.196653366088867
1950696,27.824268341064453
1951176,27.615062713623047
1951224,21.73221778869629
1951704,27.510459899902344
1951968,21.12970733642578
1952608,30.083681106567383
1952920,26.054393768310547
1953088,24.376569747924805
1953136,27.075313568115234
1953616,30.41840934753418
1953880,28.98326301574707
1953960,31.799163818359375
1954520,28.55230140686035
1954760,28.493722915649414
1954832,32.635982513427734
1955000,34.121337890625
1955048,25.531381607055664
1955528,32.00836944580078
1955872,26.485355377197266
1956672,27.11297035217285
1956744,29.347280502319336
1956912,26.506277084350586
1956960,24.43514633178711
1957440,25.083681106567383
1957704,27.824268341064453
1958584,22.071128845214844
1958656,31.104602813720703
1958824,27.615062713623047
1958872,25.899581909179688
1959352,25.648534774780273
1959616,35.14644241333008
1959696,32.55229949951172
1960256,29.70711326599121
1960568,26.476987838745117
1960736,25.627614974975586
1961264,31.87447738647461
1962168,25.815898895263672
1962408,25.050209045410156
1962648,23.347280502319336
1962696,31.799163818359375
1963520,27.615062713623047
1964080,28.556486129760742
1964392,33.87029266357422
1964560,28.443513870239258
1965352,35.355648040771484
1965432,26.255229949951172
1966232,30.807531356811523
1966304,30.543933868408203
1966472,28.67363929748535
1966520,25.020919799804688
1967000,22.00836753845215
1967264,34.93723678588867
1967344,21.401674270629883
1967904,28.075313568115234
1968144,32.949790954589844
1968216,26.255229949951172
1968432,24.054393768310547
1968912,22.907949447631836
1969816,30.414226531982422
1970128,23.974895477294922
1970296,27.928871154785156
1970616,30.665870666503906
1970824,26.778242111206055
1971168,25.623430252075195
1971728,26.200836181640625
1972208,30.0
1972256,33.09623336791992
1972736,30.794979095458984
1973640,30.866107940673828
1973688,30.962343215942383
1973920,32.47663497924805
1973952,27.43514633178711
1974120,26.610877990722656
1974168,31.17154884338379
1974376,34.574466705322266
1974648,27.41004180908203
1975552,28.765689849853516
1975832,33.05439376831055
1975864,25.27614974975586
1976080,37.65690231323242
1976288,24.213388442993164
1976560,31.104602813720703
1977744,28.242677688598633
1977776,25.891212463378906
1977992,26.380752563476562
1978472,32.8953971862793
1979376,23.84937286376953
1979648,30.42035484313965
1979656,27.13807487487793
1979688,25.30125617980957
1979904,31.903766632080078
1981136,28.974895477294922
1981288,27.824268341064453
1981568,28.28451919555664
1981600,25.050209045410156
1981816,27.322175979614258
1982024,21.84100341796875
1983200,27.255229949951172
1983472,33.6820068359375
1983480,22.384937286376953
1983512,24.68619155883789
1983936,27.485355377197266
1984208,33.05439376831055
1984960,30.753137588500977
1985112,30.0
1985296,30.147058486938477
1985384,29.2887020111084
1985392,28.669456481933594
1985424,34.916316986083984
1986120,34.30962371826172
1986872,24.895397186279297
1987024,28.979080200195312
1987208,33.05439376831055
1987296,29.769874572753906
1987304,27.196653366088867
1987336,34.518829345703125
1987552,40.167362213134766
1988784,35.9832649230957
1988936,25.1673641204834
1989120,33.47280502319336
1989208,25.82845115661621
1989216,29.2887020111084
1989248,25.677824020385742
1989944,24.69874382019043
1990848,27.259414672851562
1991120,30.962343215942383
1991128,31.27614974975586
1991160,29.2887020111084
1991376,28.85774040222168
1991856,26.443513870239258
1992608,34.518829345703125
1992760,37.02928924560547
1992848,31.44186019897461
1992944,31.02928924560547
1993032,30.753137588500977
1993072,35.59414291381836
1993288,32.34309768676758
1993768,25.665271759033203
1994520,30.192468643188477
1994672,38.075313568115234
1994760,25.98326301574707
1994856,33.6820068359375
1994944,30.543933868408203
1994984,14.698744773864746
1995200,29.958158493041992
1995680,29.974895477294922
1996584,27.824268341064453
1996672,36.046024322509766
1996768,35.27196502685547
1996856,14.456067085266113
1996896,26.054393768310547
1997592,21.54811668395996
1998344,22.330543518066406
1998496,25.85774040222168
1998584,29.7280330657959
1998768,30.133892059326172
1998808,29.769874572753906
1999024,33.891212463378906
1999504,26.317991256713867
1999864,25.91240882873535
2000408,30.648534774780273
2000496,33.242679595947266
2000536,32.46284484863281
2000936,28.619247436523438
2001776,29.70711326599121
2002320,23.033472061157227
2002408,30.82845115661621
2002448,31.255229949951172
2002848,34.10041809082031
2003328,23.953975677490234
2003488,29.351465225219727
2003688,34.43514633178711
2004320,24.8326358795166
2004360,33.59414291381836
2004760,28.033472061157227
2005240,30.669456481933594
2005400,31.485355377197266
2005600,32.42677688598633
2006232,29.079498291015625
2006320,31.046154022216797
2006336,37.36500930786133
2007152,24.355648040771484
2007512,30.100418090820312
2008056,23.221757888793945
2008088,33.18965530395508
2008184,31.27614974975586
2008232,29.70711326599121
2009064,25.903766632080078
2009224,35.43096160888672
2009424,32.757320404052734
2010000,35.7740592956543
2010096,26.468618392944336
2010144,31.30125617980957
2010160,26.27614974975586
2010976,19.979080200195312
2011136,28.786611557006836
2011584,30.55555534362793
2011784,32.24137878417969
2011880,35.355648040771484
2012056,21.443513870239258
2013048,27.238492965698242
2013248,27.510459899902344
2013400,29.06295394897461
2013496,28.242677688598633
2013696,31.359832763671875
2013792,28.242677688598633
2013968,24.184101104736328
2014960,34.72803497314453
2015312,28.13807487487793
2015608,26.464435577392578
2015704,34.00836944580078
2016712,30.543933868408203
2016872,36.050209045410156
2017072,29.497907638549805
2017224,28.13807487487793
2017288,33.080806732177734
2017520,30.41840934753418
2017792,27.69874382019043
2018784,36.6527214050293
2018984,32.30962371826172
2019136,32.205020904541016
2019432,33.0
2019704,26.920501708984375
2020216,31.427135467529297
2020656,37.08393096923828
2020696,27.389122009277344
2021048,28.033472061157227
2021112,26.99163246154785
2021344,29.895397186279297
2021616,33.27196502685547
2022128,31.539749145507812
2022568,27.40585708618164
2022608,25.468618392944336
2022808,33.66108703613281
2023024,30.464435577392578
2023256,31.799163818359375
2023528,28.535564422607422
2024480,29.079498291015625
2024520,29.916318893432617
2024720,26.895397186279297
2024872,23.953975677490234
2024936,30.648534774780273
2025440,27.949790954589844
2025952,21.84100341796875
2026216,30.69124412536621
2026432,32.72803497314453
2026632,30.175731658935547
2026784,29.953975677490234
2026848,25.807531356811523
2027080,29.71966552734375
2027864,24.40585708618164
2028128,27.7280330657959
2028344,35.62761688232422
2028544,30.98326301574707
2028696,29.121339797973633
2028760,31.799163818359375
2028960,13.866108894348145
2028992,29.26778221130371
2029776,30.97071075439453
2030040,24.4393310546875
2030256,28.87029266357422
2030608,30.355648040771484
2030672,30.962343215942383
2030856,27.822784423828125
2030904,31.58995819091797
2031688,28.389122009277344
2031952,22.85355567932129
2032168,27.468618392944336
2032520,32.21757507324219
2032584,28.13807487487793
2032768,30.753137588500977
2032816,31.665271759033203
2032888,29.079498291015625
2033600,12.958159446716309
2034432,28.87029266357422
2034496,30.648534774780273
2034728,30.502092361450195
2034800,36.82008361816406
2035512,24.68619155883789
2035776,30.86192512512207
2036344,31.17154884338379
2036640,30.42677879333496
2036712,31.485355377197266
2037424,24.196653366088867
2037688,28.694561004638672
2037968,29.156625747680664
2038256,36.25522994995117
2038320,38.70293045043945
2038504,29.497907638549805
2038624,27.98326301574707
2039336,30.85774040222168
2039816,37.238494873046875
2039880,30.502092361450195
2040232,30.74895477294922
2040416,27.928871154785156
2041248,34.518829345703125
2041456,22.933053970336914
2041728,38.075313568115234
2041792,24.644351959228516
2042080,30.627614974975586
2042144,30.083681106567383
2042216,31.88888931274414
2042448,34.96652603149414
2043160,23.389122009277344
2043368,19.682008743286133
2043640,34.30962371826172
2043704,26.556486129760742
2044056,30.163179397583008
2044128,27.824268341064453
2045072,27.527196884155273
2045280,27.824268341064453
2045488,30.07623291015625
2045904,33.05439376831055
2046040,32.17573165893555
2046104,28.10077476501465
2047192,30.12552261352539
2047400,31.42583656311035
2047400,31.380752563476562
2047464,31.807531356811523
2047816,31.694561004638672
2048016,27.15899658203125
2048080,26.514644622802734
2049104,33.05439376831055
2049312,30.15062713623047
2049312,15.924686431884766
2049728,24.98326301574707
2049864,31.73221778869629
2049928,32.635982513427734
2049992,27.40585708618164
2051016,24.4393310546875
2051224,28.347280502319336
2051224,26.73640251159668
2051776,32.53137969970703
2051840,24.384937286376953
2052928,27.40585708618164
2053136,34.606693267822266
2053200,30.020919799804688
2053552,22.468618392944336
2053688,29.184101104736328
2053752,38.59832763671875
2053816,41.00418472290039
2054264,30.052631378173828
2054840,29.2887020111084
2054848,30.869159698486328
2055048,29.41840934753418
2055464,28.761507034301758
2055600,25.543933868408203
2055664,30.179916381835938
2055728,31.066946029663086
2056176,29.70711326599121
2056752,40.37656784057617
2056760,29.656904220581055
2056960,31.903766632080078
2057376,24.5606689453125
2057512,31.17154884338379
2057576,32.112972259521484
2057640,35.25104522705078
2058088,31.753137588500977
2058664,30.543933868408203
2058872,30.230125427246094
2059288,33.7866096496582
2059552,22.175731658935547
2060000,27.384937286376953
2060584,31.087865829467773
2060784,31.903766632080078
2061200,26.694561004638672
2061336,35.669456481933594
2061912,34.53974914550781
2062488,23.221757888793945
2062496,30.334728240966797
2062696,25.523012161254883
2063032,33.05439376831055
2063248,30.376569747924805
2063376,28.15899658203125
2063824,29.01255226135254
2064312,32.675437927246094
2064408,31.17154884338379
2064608,21.234310150146484
2064944,24.68619155883789
2065024,29.184101104736328
2065160,35.1046028137207
2065288,32.30125427246094
2065736,26.740585327148438
2065928,30.309091567993164
2066224,23.481170654296875
2066936,37.02928924560547
2067072,30.29707145690918
2067200,37.86610794067383
2067480,33.91167068481445
2067840,27.28033447265625
2068136,31.58995819091797
2068848,24.26778221130371
2068984,26.359832763671875
2069112,23.820083618164062
2069392,31.380752563476562
2069560,24.979080200195312
2069752,34.916316986083984
2070048,30.539749145507812
2070128,27.338912963867188
2070760,28.765689849853516
2070896,32.25941467285156
2071024,35.9832649230957
2071472,30.2887020111084
2071664,31.924686431884766
2071960,34.10041809082031
2072040,30.71548080444336
2072808,25.70711326599121
2072936,37.97071075439453
2073032,37.67033004760742
2073344,33.57143020629883
2073384,29.640167236328125
2073872,29.665271759033203
2073952,25.836820602416992
2074720,32.57322311401367
2074848,28.133892059326172
2074944,29.497907638549805
2075296,15.841004371643066
2075864,12.238493919372559
2076496,28.493722915649414
2076632,27.615062713623047
2076856,30.543933868408203
2077168,36.610877990722656
2077208,31.28033447265625
2077696,29.43514633178711
2077776,33.05439376831055
2078408,26.506277084350586
2078544,26.99163246154785
2078768,32.769874572753906
2079080,35.56485366821289
2079120,32.69874572753906
2079608,34.242679595947266
2079688,36.98744583129883
2080320,30.13807487487793
2080472,34.518829345703125
2080680,33.15899658203125
2080992,33.47280502319336
2081520,30.12552261352539
2082232,36.192466735839844
2082328,31.15856170654297
2082384,25.523012161254883
2082904,22.98326301574707
2082944,36.610877990722656
2083432,26.86192512512207
2083936,30.16431999206543
2084240,26.464435577392578
2084296,31.799163818359375
2084544,32.468292236328125
2084856,21.12970733642578
2085344,36.40167236328125
2086152,31.15062713623047
2086208,32.74058532714844
2086416,27.087865829467773
2086456,34.72803497314453
2086768,35.669456481933594
2087256,33.05439376831055
2087336,32.368202209472656
2088064,29.769874572753906
2088120,34.518829345703125
2088328,29.497907638549805
2088368,36.920501708984375
2088680,35.9832649230957
2089248,35.06276321411133
2090032,35.56485366821289
2090240,36.610877990722656
2090592,34.38075256347656
2091080,21.84100341796875
2091160,24.071128845214844
2091408,32.52193069458008
2091888,26.920501708984375
2092192,27.59414291381836
2092440,27.9069766998291
2092504,31.380752563476562
2092992,25.87029266357422
2093072,34.10041809082031
2093696,30.91324234008789
2094104,29.497907638549805
2094352,32.18410110473633
2094904,26.460250854492188
2094984,35.14644241333008
2095608,28.661087036132812
2095672,36.82008361816406
2095712,26.58159065246582
2096816,32.25941467285156
2096896,29.916318893432617
2097520,28.59414291381836
2097560,32.55786895751953
2097624,36.192466735839844
2097864,31.799163818359375
2098176,35.15899658203125
2098728,34.93723678588867
2098808,25.70711326599121
2099432,31.347280502319336
2099472,24.476987838745117
2099496,35.46025085449219
2100088,31.58995819091797
2100640,28.661087036132812
2100720,34.30962371826172
2101296,29.372385025024414
2101344,30.4393310546875
2101384,31.037656784057617
2101408,29.3933048248291
2101688,29.807531356811523
2102632,29.73640251159668
2103208,30.669456481933594
2103256,37.65690231323242
2103320,23.631799697875977
2103600,33.77824401855469
2103912,32.74058532714844
2104464,32.4393310546875
2105120,36.192466735839844
2105168,30.962343215942383
2105232,32.196651458740234
2106376,28.489540100097656
2106728,33.097434997558594
2107120,30.774059295654297
2107144,36.192466735839844
2107424,28.974895477294922
2108288,31.794979095458984
2108368,29.70711326599121
2108600,31.60683822631836
2109056,30.836820602416992
2109336,32.62761688232422
2110512,29.079498291015625
2110856,26.246862411499023
2110944,28.28451919555664
2110968,35.0
2111184,26.98744773864746
2111248,33.47280502319336
2111848,31.43712615966797
2112112,37.44770050048828
2112768,32.2133903503418
2112856,38.29706954956055
2113096,38.075313568115234
2113160,33.510459899902344
2114024,30.020919799804688
2114104,35.14644241333008
2114680,25.41840934753418
2114768,32.860694885253906
2114768,36.38075256347656
2114792,38.075313568115234
2115008,30.1673641204834
2115936,40.37656784057617
2116016,38.075313568115234
2116592,37.196651458740234
2116680,24.32636070251465
2116680,39.121337890625
2117848,32.82008361816406
2117928,32.96652603149414
2118200,34.29288864135742
2118312,35.61136245727539
2118368,32.58293914794922
2118504,28.661087036132812
2118592,24.895397186279297
2119264,36.50209045410156
2119760,29.86192512512207
2119840,29.071128845214844
2120280,27.941423416137695
2120504,32.99163055419922
2121176,36.6527214050293
2121672,41.00418472290039
2121752,30.962343215942383
2122072,34.173160552978516
2122192,33.5606689453125
2122328,24.916318893432617
2123088,37.97071075439453
2123512,32.03529357910156
2123584,33.15899658203125
2123984,32.21757507324219
2124104,31.506277084350586
2124240,31.86192512512207
2125000,32.77824401855469
2125424,30.85774040222168
2125496,37.02928924560547
2125576,27.57322120666504
2125896,32.635982513427734
2126240,29.2887020111084
2126912,32.21757507324219
2127336,30.7112979888916
2127408,32.21757507324219
2127488,32.02091979980469
2127808,27.949790954589844
2127928,36.50627517700195
2128064,28.523012161254883
2128824,31.58159065246582
2129248,31.17154884338379
2129320,35.050209045410156
2129400,29.443513870239258
2129720,28.347280502319336
2129840,36.82008361816406
2129976,29.644351959228516
2130064,30.12552261352539
2130736,29.949790954589844
2131160,35.9832649230957
2131232,29.179916381835938
2131312,36.15062713623047
2131632,29.2887020111084
2131752,29.41004180908203
2131888,32.00836944580078
2131976,36.924686431884766
2133072,35.72385025024414
2133144,32.53137969970703
2133544,26.945606231689453
2133664,29.70711326599121
2133888,31.58995819091797
2134512,30.25104522705078
2134984,28.45188331604004
2135056,39.53974914550781
2135136,33.3472785949707
2135456,27.962343215942383
2135576,30.815898895263672
2135712,32.84518814086914
2136424,31.380752563476562
2137368,35.7740592956543
2137488,30.4393310546875
2137536,35.14254379272461
2138736,35.8739128112793
2138808,32.96652603149414
2138960,26.836820602416992
2139448,28.979080200195312
2139536,31.694561004638672
2140248,34.18410110473633
2140648,30.41004180908203
2140872,33.33891296386719
2141136,30.552995681762695
2141360,36.50627517700195
2142160,27.518829345703125
2142560,32.65690231323242
2142632,34.30962371826172
2142744,32.63243865966797
2142784,27.531381607055664
2143272,29.380752563476562
2143360,33.70293045043945
2144176,32.910892486572266
2144544,30.836820602416992
2144656,17.217573165893555
2144696,36.40167236328125
2145184,25.523012161254883
2145984,35.807533264160156
2146088,40.167362213134766
2146456,29.020919799804688
2146568,32.635982513427734
2146608,30.259414672851562
2146872,33.22175598144531
2147096,31.192468643188477
2147184,24.476987838745117
2147896,32.41422653198242
2148368,32.4393310546875
2148520,38.49372482299805
2148784,29.878660202026367
2149008,29.790794372558594
2149808,32.635982513427734
2150280,39.3472785949707
2150392,20.765689849853516
2150432,31.87447738647461
2150696,34.93723678588867
2151720,37.02928924560547
2151824,15.146443367004395
2152192,27.196653366088867
2152304,30.543933868408203
2152344,31.556486129760742
2152608,29.497907638549805
2153008,32.91304397583008
2153736,35.355648040771484
2153776,34.34343338012695
2154216,31.322175979614258
2154256,25.41840934753418
2154520,28.58995819091797
2154688,39.330543518066406
2154832,35.355648040771484
2154920,26.866107940673828
2155056,32.42424392700195
2156128,37.99163055419922
2156168,36.86192321777344
2156432,34.72803497314453
2156600,30.962343215942383
2156832,39.62343215942383
2156968,31.84100341796875
2157256,35.06600570678711
2157528,36.40167236328125
2158032,32.296138763427734
2158040,33.06276321411133
2158344,32.41004180908203
2158512,23.953975677490234
2158664,33.820960998535156
2159168,24.359832763671875
2159440,40.37656784057617
2160000,33.08212661743164
2160424,35.61506271362305
2160576,28.200836181640625
2160792,30.12552261352539
2161080,29.2887020111084
2161352,29.68619155883789
2161488,33.85355758666992
2161864,26.351465225219727
2161912,35.878662109375
2162336,29.079498291015625
2162488,38.49372482299805
2162704,31.778242111206055
2162992,32.21757507324219
2163264,32.364017486572266
2163400,32.364017486572266
2164040,33.7746467590332
2164400,34.351463317871094
2164616,32.41841125488281
2164904,32.41841125488281
2165176,33.514644622802734
2165312,30.334728240966797
2165688,33.832637786865234
2165736,35.14644241333008
2165952,33.075313568115234
2166312,37.071128845214844
2166528,30.669456481933594
2167088,30.85774040222168
2167224,29.57740592956543
2167600,42.112972259521484
2167648,35.49372482299805
2167864,37.69456100463867
2168224,32.97489547729492
2169000,32.53137969970703
2169136,32.30125427246094
2169472,34.57711410522461
2169512,33.891212463378906
2169560,37.55229949951172
2170136,31.903766632080078
2170208,31.24434471130371
2171048,32.24686050415039
2171384,28.01255226135254
2171400,34.78260803222656
2171424,32.21757507324219
2172048,27.949790954589844
2172120,29.079498291015625
2172552,31.046024322509766
2172824,38.510459899902344
2172960,31.066946029663086
2173296,31.414226531982422
2173336,34.43514633178711
2173960,26.71966552734375
2174032,38.15899658203125
2174464,37.44770050048828
2174616,32.00893020629883
2174872,30.782426834106445
2175208,29.42677879333496
2175224,32.635982513427734
2175944,36.86192321777344
2176376,30.962343215942383
2176528,30.5606689453125
2176784,29.740585327148438
2177160,25.891212463378906
2177568,34.482757568359375
2177784,28.953975677490234
2178440,30.661087036132812
2178568,38.66108703613281
2178696,32.69874572753906
2179072,36.53137969970703
2179480,30.2719669342041
2179696,30.820083618164062
2180200,24.26778221130371
2180352,36.40167236328125
2180944,32.46862030029297
2180984,32.17573165893555
2181392,32.807533264160156
2181608,34.46862030029297
2182112,38.93305587768555
2182264,39.794979095458984
2182520,31.631799697875977
2182664,30.944185256958008
2182896,33.644351959228516
2183520,34.10041809082031
2184024,37.58158874511719
2184304,31.25104522705078
2184432,29.916318893432617
2184576,36.4225959777832
2184808,37.238494873046875
2185024,32.44713592529297
2185432,34.30962371826172
2185784,34.54545593261719
2185904,32.199073791503906
2186216,39.330543518066406
2186224,34.22815704345703
2186344,28.221757888793945
2186936,40.794979095458984
2187344,34.205020904541016
2188136,35.12970733642578
2188256,32.50627517700195
2188632,32.635982513427734
2188848,33.41422653198242
2189256,36.28451919555664
2189456,36.492374420166016
2189728,35.68619155883789
2190040,32.58577346801758
2190048,38.807533264160156
2190544,35.96234130859375
2190760,35.9832649230957
2191168,38.912132263183594
2191232,39.958160400390625
2191640,35.669456481933594
2191952,33.5774040222168
2191960,23.891212463378906
2192456,36.40167236328125
2192672,39.97908020019531
2193080,41.00418472290039
2193552,28.790794372558594
2193864,28.347280502319336
2193872,36.610877990722656
2194368,34.53974914550781
2194904,34.075313568115234
2194992,35.828453063964844
2195056,33.50627517700195
2195464,29.414226531982422
2195472,35.07462692260742
2196272,35.47111129760742
2196904,26.15062713623047
2197696,40.3347282409668
2198184,39.74895477294922
2198192,22.941423416137695
2198816,32.635982513427734
2199296,31.472803115844727
2199608,37.69874572753906
2200096,28.99581527709961
2200104,30.962343215942383
2200504,39.932125091552734
2200640,30.317991256713867
2200728,33.673641204833984
2201136,33.47280502319336
2201208,41.2133903503418
2202008,36.82008361816406
2202016,27.928871154785156
2202552,32.41422653198242
2202640,29.68619155883789
2203120,32.99581527709961
2203432,35.56485366821289
2203920,32.606693267822266
2203928,29.57740592956543
2204120,33.677825927734375
2204224,35.406700134277344
2204552,37.238494873046875
2204888,33.88912582397461
2205032,34.108787536621094
2205096,35.096153259277344
2205840,39.330543518066406
2206032,31.510459899902344
2206136,28.807531356811523
2206464,33.757320404052734
2206800,30.355648040771484
2206944,37.99581527709961
2207008,34.93723678588867
2207744,41.2133903503418
2207752,35.121337890625
2207944,33.891212463378906
2208048,36.40167236328125
2208376,41.00418472290039
2208712,32.58577346801758
2208856,30.27614974975586
2209664,32.84518814086914
2209856,25.00418472290039
2209960,31.98744773864746
2210624,37.14225769042969
2210832,30.916318893432617
2211304,35.07281494140625
2211576,34.891212463378906
2211768,33.05439376831055
2211872,35.669456481933594
2212200,28.45188331604004
2212536,35.31380844116211
2212680,30.380752563476562
2213368,34.349998474121094
2213488,30.974895477294922
2213784,29.665271759033203
2214112,41.2133903503418
2214424,36.57461166381836
2215280,36.29706954956055
2215320,34.93449783325195
2215696,40.02091979980469
2216504,32.26359939575195
2216896,33.648536682128906
2217192,31.334728240966797
2217232,25.133892059326172
2218016,34.062801361083984
2218248,28.45188331604004
2218416,32.53137969970703
2218808,31.234310150146484
2219104,40.58577346801758
2219928,32.82426834106445
2220160,34.15899658203125
2220328,33.90376663208008
2220720,39.121337890625
2221016,24.456066131591797
2221296,38.70293045043945
2221784,33.84236526489258
2221840,37.34309768676758
2222240,39.02928924560547
2222632,38.799163818359375
2222928,41.108787536621094
2222968,38.70293045043945
2223208,24.359832763671875
2223672,32.42677688598633
2223696,26.14225959777832
2223752,36.489540100097656
2224152,36.916316986083984
2224544,32.00836944580078
2224840,33.481170654296875
2225120,30.953975677490234
2225312,36.21287155151367
2225584,32.74058532714844
2225664,30.962343215942383
2226064,27.824268341064453
2226456,35.14644241333008
2226792,25.489540100097656
2227224,32.03347396850586
2227496,37.02928924560547
2227576,32.42677688598633
2227976,31.979080200195312
2228368,31.17154884338379
2228560,36.28318405151367
2228600,31.4489803314209
2228704,31.58995819091797
2229064,35.41304397583008
2229408,31.347280502319336
2229488,33.803348541259766
2229888,34.30962371826172
2230280,37.44770050048828
2230472,41.631797790527344
2230512,34.393306732177734
2230616,33.26359939575195
2230976,32.84518814086914
2231320,33.4560661315918
2232384,37.99163055419922
2232528,35.50209045410156
2232888,35.56485366821289
2233312,39.61506271362305
2234160,32.50691223144531
2234296,31.635982513427734
2234440,34.49372482299805
2234800,30.489540100097656
2234944,34.80392074584961
2235056,38.47280502319336
2235416,31.938966751098633
2236016,32.21757507324219
2236352,34.10041809082031
2236712,39.01255416870117
2236968,26.974895477294922
2237328,24.26778221130371
2237928,32.928871154785156
2237984,38.912132263183594
2238120,34.96652603149414
2238264,31.372385025024414
2238592,35.71428680419922
2238624,32.84518814086914
2238768,32.74058532714844
2239240,39.74895477294922
2239840,38.74477005004883
2239896,31.694561004638672
2240032,38.13389205932617
2240504,34.28870391845703
2240536,33.05439376831055
2240888,34.29611587524414
2241752,33.0167350769043
2242088,29.40585708618164
2242416,33.677825927734375
2242448,33.26359939575195
2242800,29.916318893432617
2243664,31.966527938842773
2243856,31.464435577392578
2244000,32.98744583129883
2244328,31.380752563476562
2244360,37.60869598388672
2244360,34.13389205932617
2244712,31.907949447631836
2245576,33.15899658203125
2245632,42.677825927734375
2245912,33.43096160888672
2245984,34.236454010009766
2246272,27.615062713623047
2246624,32.82426834106445
2247488,39.53974914550781
2247544,35.62761688232422
2247608,33.620689392089844
2247680,32.920501708984375
2247824,29.41004180908203
2248152,30.485355377197266
2248184,30.4393310546875
2248536,36.17991638183594
2249248,33.272727966308594
2249520,37.238494873046875
2249592,38.26359939575195
2250024,35.327274322509766
2250064,32.887027740478516
2251160,28.12552261352539
2251176,34.053138732910156
2251504,35.489540100097656
2251712,35.18446731567383
2251936,29.74895477294922
2252008,40.209205627441406
2253088,35.85774230957031
2253128,32.9378547668457
2253416,41.4225959777832
2253920,33.112972259521484
2254984,31.17154884338379
2255000,42.364017486572266
2255040,30.962343215942383
2255192,34.790794372558594
2255328,32.00836944580078
2255832,32.60251235961914
2256184,19.376569747924805
2256856,35.76442337036133
2256896,39.958160400390625
2256944,33.92856979370117
2257240,35.56485366821289
2257672,26.778242111206055
2257744,34.25941467285156
2258632,34.032257080078125
2258824,35.0
2258856,36.02510452270508
2259152,31.631799697875977
2259584,35.71548080444336
2260008,26.69037628173828
2260056,34.037498474121094
2260544,36.18410110473633
2260736,40.12552261352539
2261248,37.03196334838867
2261496,33.6820068359375
2261920,30.535564422607422
2262456,21.778242111206055
2262472,32.940093994140625
2262680,33.807533264160156
2262880,32.838233947753906
2262976,33.87447738647461
2263408,31.84100341796875
2263832,40.37656784057617
2263880,25.456066131591797
2264368,31.85355567932129
2264384,32.82426834106445
2264592,31.179916381835938
2264792,35.31380844116211
2264888,20.460250854492188
2265320,43.72385025024414
2265744,25.104602813720703
2265792,40.58577346801758
2266280,32.74058532714844
2266296,31.903766632080078
2266504,32.00836944580078
2266800,29.44769859313965
2267008,35.30805587768555
2267656,30.56485366821289
2267704,33.46862030029297
2268416,33.6820068359375
2268616,33.4225959777832
2268712,32.88284683227539
2268920,27.196653366088867
2269392,33.6729850769043
2269568,32.53137969970703
2270104,34.00418472290039
2270528,37.238494873046875
2270624,30.389122009277344
2270832,38.03347396850586
2271480,38.790794372558594
2272016,34.393306732177734
2272032,33.083683013916016
2272240,33.26359939575195
2272440,30.523012161254883
2272536,28.00418472290039
2273216,32.21757507324219
2273392,34.28033447265625
2273944,31.58995819091797
2274072,34.79901885986328
2274152,34.4393310546875
2274656,33.31380844116211
2275304,36.799163818359375
2275840,39.0167350769043
2275856,32.00836944580078
2275984,36.648536682128906
2276040,36.29706954956055
2276064,30.213388442993164
2277040,28.8326358795166
2277216,32.84518814086914
2277752,31.380752563476562
2277896,33.121337890625
2277976,34.93723678588867
2278480,28.414226531982422
2278952,35.30125427246094
2279128,30.058576583862305
2279664,32.13389205932617
2279680,31.71548080444336
2279888,28.401674270629883
2280392,40.62761688232422
2281040,32.42677688598633
2281128,32.870967864990234
2281576,34.769874572753906
2281592,40.794979095458984
2281720,33.5774040222168
2281776,35.794979095458984
2282112,31.65116310119629
2282568,36.4446907043457
2282952,37.57322311401367
2283040,32.112972259521484
2283504,40.58577346801758
2283688,29.979080200195312
2284024,35.9832649230957
2284480,40.167362213134766
2284864,36.82426834106445
2285392,37.0413932800293
2285400,26.15062713623047
2285416,34.518829345703125
2285600,33.7866096496582
2285936,31.066946029663086
2286392,31.58995819091797
2286720,32.004310607910156
2286864,31.56903839111328
2287312,33.47280502319336
2287328,34.85355758666992
2287848,33.6820068359375
2288632,26.359832763671875
2288776,36.46862030029297
2289224,31.945606231689453
2289240,34.96234130859375
2289424,32.42677688598633
2289760,42.38493728637695
2289864,36.52073669433594
2290544,40.22175598144531
2290688,31.58995819091797
2291072,39.053077697753906
2291136,29.497907638549805
2291152,30.820083618164062
2291336,33.74477005004883
2291672,34.0167350769043
2291776,39.330543518066406
2292456,36.15062713623047
2292600,31.17154884338379
2292744,32.535884857177734
2293048,38.200836181640625
2293064,35.06276321411133
2293248,31.70711326599121
2293584,36.393306732177734
2294368,30.70711326599121
2294496,34.30379867553711
2294656,35.25104522705078
2294688,34.84878158569336
2294976,33.878662109375
2295160,39.60251235961914
2295496,33.368202209472656
2295600,33.267784118652344
2296280,40.523014068603516
2296408,35.912132263183594
2296440,34.315067291259766
2296568,27.824268341064453
2296888,33.74477005004883
2297072,35.9832649230957
2297512,33.322174072265625
2298352,31.59414291381836
2298800,44.5606689453125
2298984,34.878662109375
2299424,34.920501708984375
2299528,32.00836944580078
2300232,35.02091979980469
2300264,26.953975677490234
2300392,38.24686050415039
2300712,34.29288864135742
2300808,31.899999618530273
2300896,41.2133903503418
2301232,35.0
2301336,34.518829345703125
2302144,38.49372482299805
2302624,32.84518814086914
2302808,35.878662109375
2303248,35.230125427246094
2303800,36.889671325683594
2304056,35.94560623168945
2304088,40.50209045410156
2304320,34.433963775634766
2304352,37.976924896240234
2304720,33.49372482299805
2305712,30.84100341796875
2305968,29.774059295654297
2306000,31.28033447265625
2306232,35.14644241333008
2306272,33.26829147338867
2306632,30.84518814086914
2307072,30.602510452270508
2307624,35.087867736816406
2307912,35.62343215942383
2308144,33.648536682128906
2308176,32.00836944580078
2308184,38.26359939575195
2308864,34.141937255859375
2309528,32.54438018798828
2309792,30.677824020385742
2309824,22.01673698425293
2310056,36.50627517700195
2310368,36.60813522338867
2310776,33.43096160888672
2310896,32.89958190917969
2311440,35.56485366821289
2311704,40.631797790527344
2311736,42.25941467285156
2311968,31.443513870239258
2312008,43.30543899536133
2312280,37.86610794067383
2312688,30.962343215942383
2312808,34.27614974975586
2313280,31.756521224975586
2313880,31.807531356811523
2314192,35.075313568115234
2315192,35.523014068603516
2315560,33.47280502319336
2315792,35.355648040771484
2315832,31.17154884338379
2316104,33.83681869506836
2316512,34.28033447265625
2316896,35.91549301147461
2317704,40.209205627441406
2317744,34.518829345703125
2318016,33.916316986083984
2318424,38.075313568115234
2318544,30.648534774780273
2319176,33.49765396118164
2319352,30.945606231689453
2319656,31.58995819091797
2319928,31.338912963867188
2320336,33.075313568115234
2320456,34.55229949951172
2320720,34.677825927734375
2321088,32.42677688598633
2321264,27.213388442993164
2321520,33.736488342285156
2321528,29.7112979888916
2322344,34.507389068603516
2322368,33.05439376831055
2323176,35.43514633178711
2323432,26.376569747924805
2323440,33.89958190917969
2323752,34.079498291015625
2324912,37.02928924560547
2325088,33.326358795166016
2325344,31.58995819091797
2325352,36.06694412231445
2325392,31.41004180908203
2325664,36.40167236328125
2326736,35.96929931640625
2327000,34.112972259521484
2327256,30.12552261352539
2327264,33.06694412231445
2327304,38.05439376831055
2327576,38.912132263183594
2328080,29.497907638549805
2328104,26.56485366821289
2328640,33.2100830078125
2328792,33.63839340209961
2329168,29.42677879333496
2329216,35.2259407043457
2329488,29.97071075439453
2330552,42.93305587768555
2330704,34.60251235961914
2331024,32.28033447265625
2331128,38.15899658203125
2331216,30.439815521240234
2331536,30.14644432067871
2331688,26.3933048248291
2332464,30.334728240966797
2332544,39.05213165283203
2332616,28.836820602416992
2332936,35.83681869506836
2333040,38.2133903503418
2333128,29.460250854492188
2333600,35.26359939575195
2334528,32.84518814086914
2334952,38.912132263183594
2335512,31.799163818359375
2336288,33.25941467285156
2336864,42.15481185913086
2337152,37.510459899902344
2337424,33.732215881347656
2337800,34.855770111083984
2338064,41.4225959777832
2338200,34.518829345703125
2338672,41.84100341796875
2338776,38.15481185913086
2338832,35.25104522705078
2339064,29.079498291015625
2339336,39.958160400390625
2339712,36.82008361816406
2339976,39.74895477294922
2340112,30.753137588500977
2340584,35.53974914550781
2340744,32.49790954589844
2340976,38.912132263183594
2341248,25.974895477294922
2341624,32.85355758666992
2341720,34.606964111328125
2341888,35.041839599609375
2342656,31.338912963867188
2342888,23.472803115844727
2343160,33.47280502319336
2343536,40.50209045410156
2344120,33.748252868652344
2344408,33.61506271362305
2345448,39.58577346801758
2345544,34.74058532714844
2345712,36.18828582763672
2346032,33.1046028137207
2346320,33.31380844116211
2346480,24.744770050048828
2346624,33.828948974609375
2346984,39.640167236328125
2347360,26.330543518066406
2347456,34.72803497314453
2347624,31.00836753845215
2347944,40.37656784057617
2348536,37.38493728637695
2348896,38.3179931640625
2349536,34.30962371826172
2350104,32.93457794189453
2350144,32.832637786865234
2350448,36.25522994995117
2350808,35.34309768676758
2351184,35.548118591308594
2351448,40.00836944580078
2351768,34.13389205932617
2352016,34.087867736816406
2352144,28.560606002807617
2352360,30.815898895263672
2353096,34.832637786865234
2353928,33.05439376831055
2353968,35.02091979980469
2354056,38.58158874511719
2354272,36.29706954956055
2354288,40.160919189453125
2355272,34.765689849853516
2355840,37.55229949951172
2355880,36.523014068603516
2355968,31.627614974975586
2356184,39.97489547729492
2356200,31.066946029663086
2356920,24.058576583862305
2357504,31.669456481933594
2357752,32.59414291381836
2357792,28.55230140686035
2357840,34.18803405761719
2358096,40.58577346801758
2358112,31.41004180908203
2359096,29.74895477294922
2359416,33.71966552734375
2359704,34.4560661315918
2359752,41.85774230957031
2360008,30.0
2361008,33.99581527709961
2361472,30.380752563476562
2361664,30.364017486572266
2361920,40.14644241333008
2362920,36.74058532714844
2363280,31.42259407043457
2363304,36.135372161865234
2363576,35.1046028137207
2363832,32.00836944580078
2364568,41.4393310546875
2364800,36.61971664428711
2365096,35.7740592956543
2365216,35.28870391845703
2365744,24.790794372558594
2366480,34.18410110473633
2366712,34.10041809082031
2366744,31.916318893432617
2366872,34.34782791137695
2367008,30.338912963867188
2367104,44.351463317871094
2367400,39.57322311401367
2368392,34.93723678588867
2368624,43.94142150878906
2368656,25.57322120666504
2368656,34.977577209472656
2368920,34.27196502685547
2369016,35.928871154785156
2369312,35.75313949584961
2369568,30.502092361450195
2370304,33.47280502319336
2370536,34.832637786865234
2370560,35.92436981201172
2370568,34.330543518066406
2370832,38.99581527709961
2372456,36.187191009521484
2372472,31.380752563476562
2372480,38.912132263183594
2372584,40.44351577758789
2373136,33.832637786865234
2373392,31.380752563476562
2374016,32.46666717529297
2374360,33.26359939575195
2374368,41.4225959777832
2374384,38.97071075439453
2374392,29.175731658935547
2374496,23.225940704345703
2374792,36.22222137451172
2375304,39.85355758666992
2375928,29.117155075073242
2376176,38.053096771240234
2376272,41.631797790527344
2376296,32.079498291015625
2376304,34.55229949951172
2376408,34.72803497314453
2376704,36.87029266357422
2377216,40.41841125488281
2377840,35.7740592956543
2378088,28.401674270629883
2378184,35.15481185913086
2378208,34.121337890625
2378216,34.267784118652344
2378320,42.46862030029297
2378616,34.958160400390625
2379128,33.61924743652344
2379752,33.7866096496582
2380000,40.58577346801758
2380128,31.485355377197266
2380528,35.38493728637695
2381040,42.677825927734375
2381840,35.223880767822266
2381840,37.933921813964844
2381912,32.09204864501953
2382040,32.85774230957031
2382440,33.99581527709961
2382952,33.33891296386719
2383424,35.610877990722656
2383568,35.41666793823242
2383752,37.02928924560547
2383824,31.02928924560547
2383952,38.0167350769043
2384352,33.13807678222656
2384864,38.075313568115234
2385336,42.25941467285156
2385480,31.17154884338379
2385592,35.956520080566406
2385736,33.47280502319336
2386776,25.523012161254883
2387144,34.04867172241211
2387392,32.635982513427734
2387400,34.93723678588867
2387504,36.803348541259766
2387648,36.15062713623047
2387776,43.72385025024414
2387904,35.60975646972656
2389304,39.230125427246094
2389312,37.02928924560547
2389416,40.05857849121094
2389560,37.42677688598633
2389688,42.06276321411133
2390552,34.22746658325195
2390960,36.16504669189453
2391216,32.29706954956055
2391352,36.07143020629883
2391728,35.209205627441406
2392248,29.077518463134766
2392464,42.30125427246094
2392872,39.121337890625
2393144,35.9375
2393192,34.67336654663086
2394160,40.59832763671875
2394376,42.887027740478516
2394496,35.29556655883789
2394792,34.89958190917969
2395056,34.81171417236328
2395104,29.631799697875977
2395152,41.087867736816406
2395248,40.37656784057617
2396072,37.949790954589844
2396288,32.00836944580078
2396664,34.82905960083008
2396968,37.17991638183594
2397016,34.72803497314453
2397608,37.14653015136719
2397664,33.819095611572266
2398200,37.02928924560547
2398576,33.27196502685547
2398776,36.946903228759766
2398928,36.192466735839844
2399056,37.32352828979492
2399520,36.393306732177734
2399576,34.81171417236328
2400488,36.451881408691406
2400824,36.278724670410156
2400968,31.882844924926758
2401432,29.665271759033203
2401488,33.72803497314453
2402016,36.47058868408203
2402280,34.773868560791016
2402400,35.514644622802734
2402736,37.765689849853516
2402752,38.832637786865234
2402880,34.832637786865234
2403344,34.769874572753906
2403400,37.99163055419922
2403928,27.799163818359375
2404192,34.56903839111328
2404648,30.949790954589844
2404664,30.12552261352539
2404792,29.803346633911133
2405040,34.55188751220703
2405840,34.079498291015625
2406224,26.359832763671875
2406392,34.16666793823242
2406560,35.71129608154297
2407224,35.878662109375
2408016,40.2259407043457
2408136,35.17991638183594
2408472,42.25941467285156
2408616,35.25104522705078
2408736,33.20093536376953
2409136,39.53974914550781
2409928,36.171546936035156
2409960,32.4225959777832
2410048,30.033472061157227
2410384,35.7740592956543
2410528,31.213388442993164
2410600,39.80263137817383
2411048,34.518829345703125
2411840,35.3347282409668
2411872,34.514644622802734
2411952,36.764705657958984
2412296,26.43514633178711
2412336,35.11520767211914
2412440,36.635982513427734
2412560,31.460250854492188
2412928,34.212764739990234
2413752,38.12552261352539
2413864,34.916316986083984
2414208,33.071128845214844
2414248,21.757322311401367
2414352,36.94560623168945
2415664,33.70711135864258
2415696,29.242677688598633
2415776,37.02928924560547
2416160,35.27614974975586
2416264,34.5606689453125
2416752,35.81589889526367
2417016,36.80341720581055
2417392,34.42079162597656
2417608,30.372385025024414
2418072,29.866107940673828
2418176,37.59414291381836
2418296,40.58577346801758
2418664,31.945606231689453
2418928,42.050209045410156
2419304,34.606693267822266
2419488,40.230125427246094
2419520,33.28033447265625
2419720,36.39320373535156
2419880,32.676055908203125
2419944,35.17961120605469
2420576,40.69037628173828
2420840,34.53137969970703
2421400,34.61506271362305
2421416,35.28302001953125
2421432,39.079498291015625
2421792,35.807533264160156
2421856,31.903766632080078
2422752,26.56903839111328
2423128,37.489540100097656
2423312,44.769874572753906
2423344,36.86192321777344
2423384,36.432159423828125
2423768,33.26359939575195
2424184,36.43867874145508
2424664,35.25104522705078
2425040,33.673641204833984
2425136,37.610618591308594
2425216,35.78602600097656
2425224,31.86192512512207
2425680,33.803348541259766
2426576,39.28033447265625
2426992,34.85355758666992
2427048,37.891212463378906
2427128,34.1046028137207
2427136,35.083683013916016
2427592,36.108787536621094
2427968,39.19450378417969
2428768,36.56387710571289
2428832,35.400943756103516
2428904,24.916318893432617
2428960,41.631797790527344
2429040,35.9832649230957
2429504,30.209205627441406
2429880,45.18828582763672
2430328,28.32636070251465
2430680,30.556486129760742
2430744,34.56485366821289
2430856,35.251102447509766
2430872,31.656904220581055
2431792,35.548118591308594
2432240,34.3347282409668
2432592,39.121337890625
2432656,34.30962371826172
2432728,31.41004180908203
2432768,42.25941467285156
2433328,35.46025085449219
2433704,31.648534774780273
2434152,33.71966552734375
2434496,34.02714920043945
2434504,30.41004180908203
2434696,34.58577346801758
2435240,33.6820068359375
2436064,40.167362213134766
2436408,32.28033447265625
2436416,30.962343215942383
2436480,33.891212463378906
2436592,31.6066951751709
2437152,35.14225769042969
2437528,31.12970733642578
2437968,34.410255432128906
2437992,37.162620544433594
2438112,36.02941131591797
2438112,34.20754623413086
2439032,36.5787239074707
2439440,34.41422653198242
2439864,34.25847625732422
2439880,35.648536682128906
2439904,33.34309768676758
2440024,32.21757507324219
2440944,29.242677688598633
2441352,38.02091979980469
2441776,33.330543518066406
2441792,34.29706954956055
2441816,32.00836944580078
2441936,35.13389205932617
2442312,31.820083618164062
2442856,35.9832649230957
2443264,33.50209045410156
2443568,35.29411697387695
2443688,31.217573165893555
2443704,35.640167236328125
2443728,29.3933048248291
2443736,34.042015075683594
2444224,34.832637786865234
2444648,34.75446319580078
2445600,37.238494873046875
2445616,35.56485366821289
2445648,42.69456100463867
2446136,34.510459899902344
2446560,31.468618392944336
2447088,32.732215881347656
2447328,35.0
2447512,43.93305587768555
2447552,31.066946029663086
2448048,36.02510452270508
2448472,28.84518814086914
2448696,35.32338333129883
2449120,33.01507568359375
2449240,37.55229949951172
2449424,38.11715316772461
2449464,38.368202209472656
2449960,35.53556442260742
2450344,35.194175720214844
2450936,35.55392074584961
2451152,35.68619155883789
2451320,37.715518951416016
2451328,35.94117736816406
2451872,41.2133903503418
2452256,43.93305587768555
2452296,37.196651458740234
2452848,35.72385025024414
2452944,35.69456100463867
2452976,31.7718448638916
2453064,34.732215881347656
2453232,37.24686050415039
2453680,36.061946868896484
2454168,41.2133903503418
2454208,32.209205627441406
2454760,35.7740592956543
2454856,35.7740592956543
2455144,43.14225769042969
2455768,35.994998931884766
2456672,36.52719497680664
2456768,39.28870391845703
2456800,33.55648422241211
2456888,39.958160400390625
2457056,28.0
2457504,32.44770050048828
2457680,33.40585708618164
2458032,30.803346633911133
2458392,33.38190841674805
2458584,26.15062713623047
2458800,28.84937286376953
2459416,38.2133903503418
2459592,33.93723678588867
2460496,32.326358795166016
2460592,43.72385025024414
2460880,32.075313568115234
2461328,31.58995819091797
2461504,34.087867736816406
2461632,38.05555725097656
2462216,32.2133903503418
2462488,35.42288589477539
2462504,35.200836181640625
2462624,30.962343215942383
2463240,32.93305587768555
2463544,36.196651458740234
2464128,33.03347396850586
2464320,35.205020904541016
2464400,33.70293045043945
2464416,34.72803497314453
2464536,37.34309768676758
2465328,25.7280330657959
2465456,30.15899658203125
2466040,36.58995819091797
2466080,35.0625
2466232,36.192466735839844
2466312,33.828453063964844
2466376,36.517391204833984
2467008,36.09913635253906
2467240,35.56485366821289
2467368,36.03347396850586
2467952,36.359832763671875
2468144,29.6066951751709
2468280,36.13445281982422
2468920,32.13389205932617
2469152,38.887027740478516
2469280,32.635982513427734
2469536,35.60606002807617
2469856,36.708152770996094
2470056,36.087867736816406
2470136,31.58995819091797
2470192,34.49372482299805
2471192,35.7740592956543
2471448,33.891212463378906
2471768,35.15899658203125
2471968,38.97071075439453
2472048,43.451881408691406
2472104,35.29706954956055
2472744,35.46025085449219
2472976,32.928871154785156
2473360,33.41004180908203
2473680,36.59832763671875
2473880,30.543933868408203
2473960,35.33891296386719
2474336,35.804019927978516
2474888,36.610877990722656
2475016,34.46025085449219
2475336,34.855072021484375
2475792,33.24686050415039
2475928,36.09623336791992
2476248,32.949790954589844
2476696,35.47618865966797
2476800,27.196653366088867
2477024,34.360191345214844
2477704,37.02928924560547
2477784,37.121337890625
2478160,30.020919799804688
2478608,40.209205627441406
2479096,41.84100341796875
2479752,35.041839599609375
2480072,38.389122009277344
2480520,33.368202209472656
2480624,36.90376663208008
2480712,33.37387466430664
2481528,29.200836181640625
2481608,35.878662109375
2481664,32.635982513427734
2481984,33.640167236328125
2482432,36.00836944580078
2482536,39.85355758666992
2482920,31.02928924560547
2483440,38.451881408691406
2483520,32.41841125488281
2483576,35.34309768676758
2484184,34.50228500366211
2484416,40.794979095458984
2485264,35.21929931640625
2485432,33.489540100097656
2485488,35.41841125488281
2485808,36.50627517700195
2486328,32.00836944580078
2486656,36.16228103637695
2487088,35.2850227355957
2487176,35.4393310546875
2487440,35.264705657958984
2487952,37.52155303955078
2488240,34.790794372558594
2488568,26.163179397583008
2489000,35.171546936035156
2489088,33.891212463378906
2489096,42.25941467285156
2489352,23.640167236328125
2489856,42.25941467285156
2489864,36.192466735839844
2490152,39.16318130493164
2490480,33.73640060424805
2490912,34.30962371826172
2490944,34.67336654663086
2491000,33.196651458740234
2491008,31.066946029663086
2491088,32.14285659790039
2491776,36.326358795166016
2491960,36.061946868896484
2492392,33.11715316772461
2492856,29.41840934753418
2492888,34.71111297607422
2492920,32.53137969970703
2493688,31.962343215942383
2493872,34.09204864501953
2494304,34.10041809082031
2494800,29.037656784057617
2494832,33.47280502319336
2495600,41.071128845214844
2495784,36.112972259521484
2496216,40.794979095458984
2496360,33.2512321472168
2496736,35.7740592956543
2496744,36.47280502319336
2497696,36.920501708984375
2498128,33.09204864501953
2498272,40.05857849121094
2498648,30.644351959228516
2498656,36.39748764038086
2499608,29.84518814086914
2500000,35.185184478759766
2500312,39.46862030029297
2500560,32.00836944580078
2500568,36.046024322509766
2501120,33.98113250732422
2501520,39.68619155883789
2501912,41.06694412231445
2501952,31.460250854492188
2502224,35.12552261352539
2502392,35.24017333984375
2502408,33.510459899902344
2503032,35.3347282409668
2503744,35.807861328125
2504120,36.673641204833984
2504200,35.49106979370117
2504304,43.09623336791992
2504944,41.924686431884766
2505336,35.96638488769531
2505656,32.65690231323242
2506032,38.26359939575195
2506048,25.104602813720703
2506112,30.4393310546875
2506552,35.44776153564453
2506896,34.60512924194336
2507416,35.794979095458984
2507568,35.94560623168945
2507960,33.09623336791992
2508128,36.17991638183594
2508264,35.51401901245117
2508808,43.43096160888672
2509328,32.732215881347656
2509480,37.44770050048828
2509856,35.71548080444336
2509872,35.94560623168945
2509888,35.74058532714844
2510040,35.41422653198242
2510176,31.6066951751709
2511240,36.50627517700195
2511392,34.60251235961914
2511768,34.58158874511719
2511776,33.690677642822266
2511784,35.14644241333008
2511952,34.10041809082031
2512088,36.25522994995117
2513152,39.196651458740234
2513304,36.192466735839844
2513680,42.050209045410156
2513688,38.28451919555664
2513696,34.72803497314453
2514000,41.631797790527344
2515216,36.97908020019531
2515592,36.071128845214844
2515608,17.041841506958008
2516976,43.09623336791992
2517128,34.97908020019531
2517344,34.3516731262207
2517504,37.14225769042969
2517512,35.648536682128906
2517520,32.69874572753906
2517960,38.28451919555664
2518528,36.88718032836914
2518872,33.25688171386719
2518888,39.72803497314453
2519176,34.2512092590332
2519256,34.93723678588867
2519344,35.327510833740234
2519416,33.16318130493164
2519728,34.502262115478516
2520440,37.61506271362305
2520528,35.28985595703125
2520800,35.2133903503418
2520904,35.55825424194336
2521256,35.669456481933594
2521328,34.74895477294922
2521640,35.85774230957031
2522352,29.953975677490234
2522368,32.8125
2522440,37.44770050048828
2523168,35.9832649230957
2523240,34.56485366821289
2524264,35.200836181640625
2524280,40.75313949584961
2524352,35.071128845214844
2524728,31.242677688598633
2525088,35.86079025268555
2525152,36.71548080444336
2526176,34.56903839111328
2526192,30.5606689453125
2526264,34.12970733642578
2526376,29.8471622467041
2526992,33.732215881347656
2527000,36.087867736816406
2528104,37.238494873046875
2528176,34.928871154785156
2528288,34.9832649230957
2528552,40.89958190917969
2528904,33.26359939575195
2528912,36.82008361816406
2528976,35.669456481933594
2530016,32.00836944580078
2530088,36.610877990722656
2530200,28.242677688598633
2530464,34.518829345703125
2530816,31.066946029663086
2530824,42.99163055419922
2530888,26.765689849853516
2531912,31.242677688598633
2531928,32.790794372558594
2532000,39.046024322509766
2532112,32.21757507324219
2532376,36.85774230957031
2532376,34.594871520996094
2532736,34.62343215942383
2532800,36.12970733642578
2533824,33.7866096496582
2533840,35.94560623168945
2533912,34.732215881347656
2534024,33.41004180908203
2534288,37.49372482299805
2534288,34.1046028137207
2534640,34.673912048339844
2535752,30.803346633911133
2535824,35.368202209472656
2535936,37.56485366821289
2536200,45.18828582763672
2536256,34.815921783447266
2536552,32.3347282409668
2537592,37.60869598388672
2537648,35.14644241333008
2537848,35.88284683227539
2538112,35.5439338684082
2538464,39.891212463378906
2539504,31.380752563476562
2539560,34.079498291015625
2539648,31.066946029663086
2539760,33.648536682128906
2539976,37.07725143432617
2540024,32.82426834106445
2540112,33.22330093383789
2541192,36.018959045410156
2541296,35.66990280151367
2541672,30.962343215942383
2541808,35.13389205932617
2541888,34.10041809082031
2541936,36.393306732177734
2542024,31.163179397583008
2543104,31.903766632080078
2543200,36.344539642333984
2543584,35.56485366821289
2543720,30.753137588500977
2543800,33.25104522705078
2543848,34.60251235961914
2543936,31.979080200195312
2544720,35.891090393066406
2545256,40.59196472167969
2545408,34.60198974609375
2545632,40.89958190917969
2545760,39.041839599609375
2546800,36.02369689941406
2547168,34.68619155883789
2547320,34.205020904541016
2547328,36.917030334472656
2547544,34.518829345703125
2547672,39.60251235961914
2548544,35.52719497680664
2548968,36.121952056884766
2549080,34.03765869140625
2549232,36.86192321777344
2549584,36.192466735839844
2550456,32.71548080444336
2550624,26.694561004638672
2550880,35.14644241333008
2550992,38.368202209472656
2551368,39.43514633178711
2551496,35.355648040771484
2551584,42.887027740478516
2552536,41.00418472290039
2552792,36.40776824951172
2552792,31.99163246154785
2553280,37.56485366821289
2553408,41.2133903503418
2554208,35.46025085449219
2554448,32.58158874511719
2554480,35.364017486572266
2554704,40.02928924560547
2554704,43.72385025024414
2555320,35.11715316772461
2555408,40.041839599609375
2556120,35.55648422241211
2556264,36.784141540527344
2556392,41.84100341796875
2556616,31.71548080444336
2556616,37.65690231323242
2557104,43.514644622802734
2557232,34.30962371826172
2557320,27.615062713623047
2558032,34.108787536621094
2558176,31.891212463378906
2558528,40.37656784057617
2558528,33.891212463378906
2558720,34.9009895324707
2558912,34.68341827392578
2559144,36.041839599609375
2560088,39.70293045043945
2560216,32.192466735839844
2560440,28.242677688598633
2560440,34.78242492675781
2560632,33.765689849853516
2560824,35.389122009277344
2561856,32.071128845214844
2562000,41.84100341796875
2562128,32.84518814086914
2562248,34.91584014892578
2562352,38.74895477294922
2562968,34.93723678588867
2563768,34.0167350769043
2563912,32.330543518066406
2563960,34.49781799316406
2564136,35.0
2564264,35.481170654296875
2564648,33.17991638183594
2564880,39.330543518066406
2565824,37.99163055419922
2566048,41.891212463378906
2566072,32.90376663208008
2566176,33.7866096496582
2566560,33.514644622802734
2566792,32.09623336791992
2567784,35.7740592956543
2567960,32.548118591308594
2567984,38.368202209472656
2568088,29.188283920288086
2568472,41.03765869140625
2568704,32.238494873046875
2569504,34.93723678588867
2569696,35.56903839111328
2569896,29.497907638549805
2570000,34.30125427246094
2570384,37.02091979980469
2570616,42.46862030029297
2571416,35.46025085449219
2571560,30.476987838745117
2571608,37.761505126953125
2571808,35.02091979980469
2571912,30.765689849853516
2573328,32.489540100097656
2573400,35.5606689453125
2573520,32.86610794067383
2573720,40.167362213134766
2573824,32.71966552734375
2574104,34.10041809082031
2574440,36.673641204833984
2575240,37.82426834106445
2575632,25.523012161254883
2575736,33.52719497680664
2576016,31.15062713623047
2576352,36.631797790527344
2577000,34.5774040222168
2577024,35.67839050292969
2577152,34.09623336791992
2577224,32.85355758666992
2577544,42.050209045410156
2577648,32.3179931640625
2578264,34.85355758666992
2578912,35.38493728637695
2578936,37.44770050048828
2579136,36.765689849853516
2579456,40.06694412231445
2579560,37.640167236328125
2580176,30.1673641204834
2580752,36.37440872192383
2580848,36.523014068603516
2581048,34.41422653198242
2581752,37.97071075439453
2582088,40.37656784057617
2582664,41.267784118652344
2582760,30.28451919555664
2583104,38.08126449584961
2583280,35.29706954956055
2583664,37.61506271362305
2584000,36.18828582763672
2584576,41.52719497680664
2584672,25.31380844116211
2584872,35.61924743652344
2585576,36.4225959777832
2585912,38.050209045410156
2586096,35.0
2586584,35.355648040771484
2586784,39.53974914550781
2586848,34.769874572753906
2587824,37.84100341796875
2588008,33.26359939575195
2588496,41.75313949584961
2588752,33.26359939575195
2589456,35.19607925415039
2590408,32.322174072265625
2590608,36.25522994995117
2590672,31.29707145690918
2591312,31.899581909179688
2591368,29.70711326599121
2591832,28.514644622802734
2592224,31.108787536621094
2592320,31.485355377197266
2592520,41.485355377197266
2592584,32.25941467285156
2593224,35.15899658203125
2593744,34.476985931396484
2594136,36.29706954956055
2594232,34.30962371826172
2594488,32.70293045043945
2594496,32.4393310546875
2594776,35.29896926879883
2594976,34.6698112487793
2595656,33.25941467285156
2596048,39.53974914550781
2596144,30.661087036132812
2596400,37.21757507324219
2596568,34.67336654663086
2597296,34.63902282714844
2597920,35.634517669677734
2597960,39.121337890625
2597976,34.47715759277344
2598056,29.14225959777832
2598200,33.28571319580078
2598480,31.17154884338379
2598600,35.15899658203125
2599208,31.652719497680664
2599872,35.39748764038086
2599968,38.98744583129883
2600112,38.11715316772461
2600392,35.55229949951172
2600512,36.3179931640625
2601120,31.468618392944336
2601744,37.17573165893555
2601784,35.420169830322266
2601784,33.389122009277344
2601784,35.69377899169922
2601880,38.49372482299805
2602304,31.104602813720703
2603032,39.958160400390625
2603656,33.46025085449219
2603696,37.13389205932617
2603696,34.769874572753906
2603696,34.10041809082031
2603792,29.979080200195312
2604216,39.84100341796875
2604264,35.760868072509766
2604944,35.83681869506836
2605560,34.39075469970703
2605608,35.29288864135742
2605648,34.91379165649414
2606128,30.98326301574707
2606176,43.514644622802734
2606856,35.050209045410156
2607352,35.37656784057617
2607472,31.882844924926758
2607520,31.87029266357422
2607520,36.924686431884766
2607560,35.1046028137207
2608040,35.794979095458984
2608088,30.85774040222168
2608768,31.87029266357422
2609112,34.92462158203125
2609176,35.02475357055664
2609264,34.33891296386719
2609384,35.94142150878906
2609952,38.49372482299805
2610000,38.0
2610480,33.8317756652832
2610744,33.57843017578125
2611080,35.1893196105957
2611176,36.96234130859375
2611760,30.530973434448242
2612392,34.205020904541016
2613088,36.02510452270508
2613208,35.89958190917969
2613672,34.93723678588867
2613824,35.56485366821289
2614304,33.93305587768555
2614568,41.2133903503418
2614904,39.12552261352539
2614912,34.677825927734375
2615000,35.083683013916016
2615352,35.78571319580078
2615736,35.83681869506836
2616480,35.7740592956543
2616648,35.194175720214844
2616824,32.075313568115234
2617648,29.820083618164062
2618328,34.53809356689453
2618392,35.29288864135742
2618728,35.606693267822266
2618736,36.90795135498047
2619176,43.72385025024414
2619560,35.14644241333008
2620040,35.62343215942383
2620240,37.86610794067383
2620304,40.29288864135742
2620592,35.745689392089844
2620640,36.2133903503418
2620912,37.09677505493164
2621160,36.25
2621952,36.3347282409668
2622152,38.68619155883789
2622184,34.42211151123047
2622192,35.25423812866211
2622568,31.259414672851562
2622824,34.98744583129883
2623072,32.6527214050293
2624064,30.12552261352539
2624096,37.18828582763672
2624464,35.393306732177734
2624528,36.63380432128906
2625720,34.545894622802734
2625776,31.033472061157227
2626008,34.05857849121094
2626016,34.02510452270508
2626120,35.16908264160156
2626440,38.912132263183594
2627632,36.790794372558594
2627688,32.21757507324219
2627920,41.631797790527344
2627928,30.209205627441406
2628032,38.17991638183594
2628352,34.30125427246094
2628776,37.13924026489258
2629544,36.40167236328125
2629552,34.436275482177734
2629600,33.11715316772461
2629656,35.67475891113281
2629840,29.57740592956543
2629944,29.539749145507812
2630264,38.610877990722656
2630368,34.64321517944336
2631200,34.400001525878906
2631456,41.84100341796875
2631464,31.066946029663086
2631568,39.234310150146484
2631752,36.94560623168945
2631856,35.99581527709961
2632176,38.99163055419922
2632280,41.84100341796875
2633112,35.648536682128906
2633368,33.47280502319336
2633480,36.192466735839844
2633768,33.891212463378906
2634088,34.71966552734375
2634192,32.200836181640625
2635024,31.184101104736328
2635032,38.47280502319336
2635280,28.179916381835938
2635392,37.43096160888672
2635576,27.15481185913086
2635680,41.3179931640625
2636000,24.083681106567383
2636704,34.766666412353516
2637192,26.11297035217285
2637304,42.25941467285156
2637488,35.94142150878906
2637592,32.050209045410156
2637768,34.58654022216797
2637912,32.677825927734375
2638800,35.32338333129883
2638856,33.93723678588867
2639216,35.02091979980469
2639400,21.86192512512207
2639480,35.032711029052734
2639504,31.815898895263672
2639824,37.640167236328125
2640472,36.138614654541016
2640528,31.359832763671875
2640712,31.087865829467773
2640920,35.3051643371582
2641416,32.44770050048828
2642624,31.100418090820312
2643088,34.86334228515625
2643328,34.90795135498047
2644296,29.033472061157227
2644352,29.782426834106445
2644536,20.493722915649414
2644744,33.47280502319336
2645000,34.10041809082031
2645240,39.677825927734375
2645560,34.49372482299805
2646264,29.15481185913086
2646456,35.74766540527344
2646912,34.7866096496582
2647152,28.899581909179688
2647472,32.635982513427734
2648120,41.22175598144531
2648152,34.33898162841797
2648368,29.397489547729492
2648824,46.02510452270508
2649064,39.99163055419922
2649800,35.93809509277344
2650192,32.21757507324219
2650368,31.192468643188477
2650736,37.75313949584961
2650976,36.322174072265625
2651296,32.916316986083984
2651712,35.355648040771484
2652104,34.832637786865234
2652192,31.58995819091797
2652280,35.31380844116211
2652888,29.661087036132812
2653208,35.807533264160156
2653624,30.29288673400879
2653664,35.18828582763672
2654016,32.00836944580078
2654104,30.41840934753418
2654192,40.41004180908203
2654352,34.4600944519043
2654800,34.958160400390625
2655120,35.765689849853516
2655472,37.16814041137695
2655536,30.55230140686035
2655928,32.82008361816406
2656016,13.179916381835938
2656624,34.8684196472168
2657032,36.610877990722656
2657384,34.351463317871094
2657448,37.97071075439453
2657840,38.28451919555664
2657928,28.87029266357422
2658016,39.330543518066406
2658176,32.075313568115234
2658240,35.6435661315918
2658944,43.09623336791992
2659296,36.40167236328125
2659360,41.84100341796875
2659752,38.828453063964844
2659912,37.341773986816406
2660088,34.832637786865234
2661272,33.200836181640625
2661704,33.77754211425781
2661824,31.096233367919922
2662000,31.041841506958008
2662064,33.368202209472656
2662768,34.364017486572266
2662848,34.832637786865234
2663576,34.93723678588867
2663608,35.32338333129883
2663616,33.41004180908203
2663976,41.71129608154297
2664760,31.71548080444336
2665488,33.11715316772461
2665528,44.351463317871094
2665648,36.238494873046875
2666592,34.72803497314453
2666672,41.2133903503418
2666792,35.610877990722656
2667400,30.85355567932129
2667432,30.200836181640625
2667440,35.606693267822266
2667560,30.778242111206055
2667800,46.33891296386719
2668288,35.14851379394531
2668496,35.44601058959961
2668504,31.443513870239258
2669312,34.43514633178711
2669352,36.15062713623047
2669472,37.4225959777832
2669712,34.489540100097656
2670200,36.58158874511719
2670408,36.69456100463867
2670416,34.368202209472656
2671176,33.72385025024414
2671224,35.14644241333008
2671264,35.28033447265625
2671384,34.97489547729492
2671624,34.72803497314453
2671992,34.786800384521484
2672320,32.57322311401367
2673176,26.73640251159668
2673904,44.5606689453125
2674024,34.30962371826172
2674232,40.640167236328125
2675000,25.941423416137695
2675032,18.619247436523438
2675048,33.25104522705078
2675088,29.661087036132812
2675448,37.55229949951172
2675816,35.230125427246094
2675880,35.436893463134766
2675936,36.079498291015625
2676840,36.08695602416992
2676960,32.242679595947266
2677360,25.523012161254883
2677384,35.96428680419922
2677792,40.108787536621094
2677848,32.66108703613281
2678752,35.15481185913086
2678856,33.075313568115234
2678872,33.00836944580078
2678912,30.376569747924805
2679008,34.94174575805664
2679296,30.489540100097656
2679704,24.246862411499023
2679760,40.58577346801758
2680768,36.610877990722656
2680784,42.481170654296875
2680824,40.640167236328125
2680920,30.820083618164062
2681208,32.87447738647461
2681616,35.351463317871094
2681672,35.41422653198242
2682312,32.635982513427734
2682392,34.93877410888672
2682680,34.62343215942383
2682696,30.6066951751709
2682832,34.53974914550781
2683120,36.05857849121094
2683584,32.97071075439453
2684224,30.1673641204834
2684304,30.891212463378906
2684744,35.86192321777344
2685208,36.00985336303711
2685408,41.1708869934082
2686136,31.380752563476562
2686504,32.38493728637695
2686520,29.70711326599121
2686656,35.330543518066406
2686816,34.25373077392578
2686872,35.25104522705078
2688128,32.606693267822266
2688432,30.020919799804688
2688568,29.460250854492188
2688728,37.10041809082031
2689040,39.33920669555664
2689800,19.665271759033203
2689960,36.50627517700195
2690040,42.050209045410156
2690344,35.108787536621094
2690456,34.933013916015625
2690640,30.376569747924805
2690952,31.037656784057617
2691712,33.3472785949707
2691872,39.121337890625
2691944,34.655460357666016
2692104,35.92232894897461
2692392,34.55648422241211
2692528,35.34745788574219
2692864,46.12970733642578
2693624,34.761505126953125
2693784,36.58995819091797
2693856,35.481170654296875
2693904,26.853933334350586
2694304,33.47280502319336
2694776,34.30962371826172
2695696,35.56485366821289
2695768,44.03765869140625
2695816,36.38493728637695
2696216,45.39748764038086
2697608,37.65690231323242
2697680,33.15899658203125
2697728,36.234310150146484
2697840,31.790794372558594
2698264,33.928871154785156
2699360,39.61924743652344
2699544,37.089202880859375
2699568,35.97881317138672
2699984,34.6325569152832
2700040,34.52719497680664
2700512,32.18828582763672
2701272,36.13389205932617
2701432,40.89958190917969
2701480,39.234310150146484
2701552,34.30962371826172
2701896,34.77824401855469
2701952,38.49372482299805
2702424,31.489540100097656
2702480,29.844961166381836
2703344,43.93305587768555
2703392,34.8953971862793
2703464,30.543933868408203
2703808,40.669456481933594
2704336,34.16318130493164
2704392,33.326358795166016
2705096,34.769874572753906
2705256,35.355648040771484
2705328,33.75536346435547
2705720,40.37656784057617
2705776,36.40167236328125
2706248,38.93723678588867
2706304,41.4225959777832
2707008,37.238494873046875
2707168,41.631797790527344
2707216,26.535564422607422
2707240,37.86610794067383
2707632,35.732215881347656
2707688,27.824268341064453
2707872,34.45320129394531
2709048,35.480350494384766
2709400,36.18552017211914
2709600,14.016736030578613
2710128,41.2133903503418
2710640,29.966527938842773
2710832,30.217573165893555
2710960,37.794979095458984
2711064,33.355648040771484
2711312,27.497907638549805
2711512,32.18410110473633
2711592,41.631797790527344
2712040,38.075313568115234
2712552,31.640167236328125
2712744,40.09623336791992
2712872,35.523014068603516
2712976,30.531381607055664
2713224,31.29288673400879
2713384,37.60683822631836
2713504,35.393306732177734
2713952,35.94560623168945
2714464,37.928871154785156
2714896,34.425838470458984
2715296,40.2133903503418
2715416,45.606693267822266
2715864,39.97908020019531
2716312,37.878787994384766
2716384,34.52000045776367
2716808,34.28870391845703
2717208,38.28451919555664
2717776,34.57322311401367
2718224,36.40167236328125
2718248,35.60514831542969
2718712,34.99581527709961
2718720,30.85355567932129
2719240,30.200836181640625
2719480,34.98591613769531
2720136,33.05439376831055
2720144,34.92890930175781
2720160,31.0
2720632,33.61924743652344
2721008,38.55789566040039
2721392,32.98744583129883
2722544,33.74477005004883
2722920,40.30962371826172
2723088,35.566036224365234
2723568,35.38864517211914
2723960,35.196651458740234
2723968,30.44769859313965
2724392,36.400909423828125
2724448,31.380752563476562
2724456,30.7112979888916
2724832,37.02928924560547
2725000,34.205020904541016
2725584,32.78325271606445
2726304,15.062761306762695
2726912,38.640167236328125
2727392,34.93723678588867
2727496,42.677825927734375
2727792,30.062761306762695
2728232,39.281185150146484
2728280,34.72803497314453
2728824,38.05439376831055
2729304,38.41004180908203
2729408,35.7740592956543
2729632,36.06087112426758
2730128,33.7740592956543
2730192,32.828453063964844
2730736,29.807531356811523
2731216,38.3472785949707
2731320,35.5606689453125
2731544,35.78242492675781
2731776,34.80882263183594
2732104,39.24686050415039
2732376,41.192466735839844
2732648,35.16318130493164
2733128,30.00836753845215
2733200,33.33333206176758
2733232,31.652719497680664
2733416,34.73170852661133
2733952,30.753137588500977
2734016,35.3347282409668
2734288,30.815898895263672
2734560,33.6820068359375
2734696,35.198978424072266
2735112,35.732215881347656
2735144,35.9832649230957
2735328,30.41840934753418
2735864,35.25104522705078
2735928,30.389122009277344
2736200,35.37238311767578
2736472,31.497907638549805
2736608,34.523014068603516
2737024,31.652719497680664
2737240,35.041839599609375
2737776,37.25522994995117
2737840,35.39748764038086
2738112,35.9832649230957
2738120,34.708736419677734
2738520,32.071128845214844
2738696,33.99163055419922
2738848,35.84577178955078
2738936,33.3472785949707
2739688,37.196651458740234
2739752,34.205020904541016
2740032,34.62761688232422
2740608,29.635982513427734
2740672,34.95391845703125
2740760,36.610877990722656
2741600,35.200836181640625
2741664,35.355648040771484
2741944,29.98744773864746
2742344,33.242679595947266
2742400,34.65365982055664
2742520,33.891212463378906
2742584,35.12552261352539
2743512,36.121337890625
2743808,37.60683822631836
2743888,35.46113967895508
2744496,42.84518814086914
2745424,32.887027740478516
2745488,31.121339797973633
2745720,32.84518814086914
2745768,34.55229949951172
2746224,34.790794372558594
2746344,33.69037628173828
2746408,34.958160400390625
2747336,26.71548080444336
2747400,35.230125427246094
2747520,34.20465087890625
2747632,32.28870391845703
2747680,34.93723678588867
2748136,35.97908020019531
2748256,25.092050552368164
2749344,34.144859313964844
2749432,34.644351959228516
2749592,34.37238311767578
2750048,26.255229949951172
2750168,35.121337890625
2751160,38.06694412231445
2751176,34.73799133300781
2751224,31.020919799804688
2751344,34.30962371826172
2751784,34.18316650390625
2751840,35.26785659790039
2752928,36.915889739990234
2753072,34.70711135864258
2753088,34.78242492675781
2753136,37.916316986083984
2753256,34.832637786865234
2753696,34.58158874511719
2753752,41.2133903503418
2753992,35.924686431884766
2754760,35.61135482788086
2754896,35.59090805053711
2755000,33.52719497680664
2755168,33.03347396850586
2755608,33.71129608154297
2755664,35.041839599609375
2756808,33.326358795166016
2756912,39.15899658203125
2757080,33.891212463378906
2757520,27.610877990722656
2757520,40.794979095458984
2758720,31.104602813720703
2758824,29.99581527709961
2758992,41.4225959777832
2759432,35.322174072265625
2760272,35.56185531616211
2760424,36.386138916015625
2760440,35.355648040771484
2760736,28.359832763671875
2761120,35.17156982421875
2761344,33.912132263183594
2761344,38.28451919555664
2762184,34.60251235961914
2762336,30.786611557006836
2762352,34.58577346801758
2762648,28.096233367919922
2762816,35.27196502685547
2763032,23.32636070251465
2763256,37.42677688598633
2763256,35.39748764038086
2764096,28.7280330657959
2764208,35.745689392089844
2764248,37.041839599609375
2764560,33.16318130493164
2764728,34.644351959228516
2764864,34.30348205566406
2764944,32.49372482299805
2766008,42.887027740478516
2766120,45.606693267822266
2766160,34.790794372558594
2766472,34.518829345703125
2766640,37.3472785949707
2766760,35.14070510864258
2766776,34.209205627441406
2766856,31.86192512512207
2767648,35.8731689453125
2767912,34.75342559814453
2768032,34.90795135498047
2768304,36.1135368347168
2768672,38.42677688598633
2768688,38.49372482299805
2769560,34.393306732177734
2769616,36.10798263549805
2769944,33.514644622802734
2770160,36.32338333129883
2770216,30.774059295654297
2770600,38.81589889526367
2771472,43.514644622802734
2771528,36.82008361816406
2771848,34.063724517822266
2771856,30.45188331604004
2772072,34.72803497314453
2772496,34.18410110473633
2772592,42.28451919555664
2773384,34.11715316772461
2773440,41.00418472290039
2773760,33.26359939575195
2773984,34.355648040771484
2774408,30.338912963867188
2774424,32.677825927734375
2774504,38.70293045043945
2775296,35.15899658203125
2775352,33.46862030029297
2775672,25.384937286376953
2775680,34.368202209472656
2775896,35.355648040771484
2776320,34.55229949951172
2776416,34.53974914550781
2776888,35.175880432128906
2777264,37.5439338684082
2777584,32.72803497314453
2777592,29.958158493041992
2778232,41.98744583129883
2778248,35.196651458740234
2778328,35.65690231323242
2778736,34.32900619506836
2779176,34.10041809082031
2779504,36.46443557739258
2779720,34.37238311767578
2779920,35.944725036621094
2780144,36.82008361816406
2780648,35.56485366821289
2781088,32.05439376831055
2781416,40.794979095458984
2781632,41.631797790527344
2781832,31.69037628173828
2782056,35.82008361816406
2782560,29.225940704345703
2783000,41.631797790527344
2783328,44.769874572753906
2783544,29.497907638549805
2783744,30.389122009277344
2783840,35.38461685180664
2784472,34.7866096496582
2784912,22.627614974975586
2785176,38.17409896850586
2785440,36.08490753173828
2785456,29.70711326599121
2785752,35.322174072265625
2785880,30.460250854492188
2786384,34.083683013916016
2786656,31.947114944458008
2786824,28.217573165893555
2787072,34.656864166259766
2787088,32.02928924560547
2787200,34.880733489990234
2787392,33.912193298339844
2787792,34.523014068603516
2788296,30.066946029663086
2788600,35.64021301269531
2788736,38.28451919555664
2788992,34.33035659790039
2789304,35.0
2789384,34.17085266113281
2790208,35.33891296386719
2790424,37.284481048583984
2790440,35.11737060546875
2790512,34.77824401855469
2790896,34.10041809082031
2790904,34.93723678588867
2791296,35.56485366821289
2791896,34.83412170410156
2792184,35.04587173461914
2792200,35.66350555419922
2792336,31.213388442993164
2792816,35.330543518066406
2793128,41.631797790527344
2793208,34.93305587768555
2793808,33.958160400390625
2794096,31.506277084350586
2794112,31.866107940673828
2794168,35.88516616821289
2794248,40.669456481933594
2795040,35.74058532714844
2795120,44.14225769042969
2795720,35.05857849121094
2795816,36.854461669921875
2796008,33.49372482299805
2796080,35.12552261352539
2796160,35.230125427246094
2796640,18.221757888793945
2797920,42.25941467285156
2798072,36.69037628173828
2798552,38.73640060424805
2798840,36.72566223144531
2798864,34.38075256347656
2799360,34.83333206176758
2799544,32.364017486572266
2799728,36.946903228759766
2799904,38.03347396850586
2800464,42.071128845214844
2800496,35.264705657958984
2800752,32.00836944580078
2801272,38.28451919555664
2801640,32.21757507324219
2801896,34.644351959228516
2802408,34.121337890625
2802664,32.46862030029297
2803184,31.380752563476562
2803368,30.648534774780273
2803552,15.481171607971191
2803808,34.73640060424805
2804288,39.06276321411133
2804320,30.468618392944336
2805096,33.70293045043945
2805280,35.56485366821289
2805464,39.205020904541016
2805640,36.39748764038086
2805720,36.13389205932617
2806200,34.58158874511719
2806232,38.28451919555664
2806488,32.38493728637695
2807192,35.7740592956543
2807368,35.68446731567383
2807376,29.41004180908203
2807552,33.7866096496582
2808112,40.12552261352539
2808920,34.98744583129883
2809104,37.238494873046875
2809280,32.364017486572266
2809288,33.05439376831055
2810312,36.12970733642578
2811192,34.29706954956055
2811200,29.669456481933594
2811936,34.97489547729492
2812032,34.88372039794922
2812720,34.912132263183594
2812744,35.230125427246094
2813104,35.18410110473633
2813112,36.71966552734375
2813680,35.09708786010742
2813848,35.06276321411133
2814568,36.074562072753906
2814632,32.514644622802734
2814784,29.01673698425293
2815016,37.01255416870117
2815024,34.49372482299805
2815552,35.18779373168945
2816472,35.41304397583008
2816480,35.121337890625
2816544,33.6363639831543
2816928,33.1046028137207
2817184,35.67839050292969
2817464,30.14644432067871
2818384,34.72803497314453
2818392,34.518829345703125
2818456,36.74477005004883
2818744,30.27614974975586
2818752,36.53508758544922
2818848,43.41004180908203
2819096,44.14225769042969
2820296,34.93723678588867
2820304,36.15062713623047
2820656,31.84518814086914
2820760,31.15481185913086
2821008,34.42677688598633
2822216,32.6652717590332
2822280,33.878662109375
2822464,34.389671325683594
2822568,39.85355758666992
2822576,34.05857849121094
2822920,34.205020904541016
2823200,29.184101104736328
2824120,29.769874572753906
2824128,29.59414291381836
2824192,37.40167236328125
2824480,31.41004180908203
2824832,35.69037628173828
2825112,35.794979095458984
2826032,41.322174072265625
2826040,34.53974914550781
2826104,31.635982513427734
2826216,31.811716079711914
2826392,30.26359748840332
2826400,40.58577346801758
2827024,34.09204864501953
2827856,36.34361267089844
2827944,26.71966552734375
2828016,38.58577346801758
2828128,40.37656784057617
2828312,38.82426834106445
2828568,43.912132263183594
2828936,38.807533264160156
2829584,34.73170852661133
2829928,35.02928924560547
2830040,34.81171417236328
2830216,35.81589889526367
2830224,30.26778221130371
2830480,32.03347396850586
2830696,27.05035972595215
2830848,43.12552261352539
2831360,28.610877990722656
2831568,32.24851989746094
2831840,42.25941467285156
2832392,44.5606689453125
2832608,40.167362213134766
2832760,41.4225959777832
2833272,33.12970733642578
2833480,33.05857849121094
2833712,30.9818172454834
2833752,41.00418472290039
2833840,35.022125244140625
2834304,34.28451919555664
2834520,34.85355758666992
2835184,30.3933048248291
2835624,31.234310150146484
2835752,33.644351959228516
2836264,34.72361755371094
2836432,34.765689849853516
2837096,35.3472785949707
2837208,36.25906753540039
2837536,30.602510452270508
2837536,35.633663177490234
2837664,34.97489547729492
2838176,34.5606689453125
2838344,32.84518814086914
2839448,32.53137969970703
2839448,33.05439376831055
2839576,35.41841125488281
2839752,33.25941467285156
2840088,35.75313949584961
2840256,31.799163818359375
2841032,20.00836753845215
2841088,34.17073059082031
2841360,34.74477005004883
2841488,32.89958190917969
2842000,36.673641204833984
2842168,34.94560623168945
2842560,35.43902587890625
2842736,35.53398132324219
2842944,32.635982513427734
2843312,34.22806930541992
2843576,34.55648422241211
2843704,34.26760482788086
2844080,32.42677688598633
2844472,35.39748764038086
2844648,32.635982513427734
2844856,40.58577346801758
2845184,36.192466735839844
2845224,34.121337890625
2845320,34.678218841552734
2845488,33.72803497314453
2845992,30.020919799804688
2846384,37.606693267822266
2847120,37.130802154541016
2847232,32.949790954589844
2847904,33.958160400390625
2848296,27.71966552734375
2848680,44.5606689453125
2849032,35.14644241333008
2849144,37.99581527709961
2850208,40.02510452270508
2850384,33.72803497314453
2850392,35.63084030151367
2850688,35.02415466308594
2850952,35.380489349365234
2851056,40.451881408691406
2851968,34.380489349365234
2851976,34.67839050292969
2852120,35.15062713623047
2852296,34.825870513916016
2852304,31.305438995361328
2852528,33.50253677368164
2852968,32.84937286376953
2853640,36.192466735839844
2853784,35.57692337036133
2853880,34.548118591308594
2853888,34.518829345703125
2854208,38.050209045410156
2854216,34.86192321777344
2854440,34.05857849121094
2855552,44.14225769042969
2855696,42.65690231323242
2855792,37.41004180908203
2855800,33.891212463378906
2856120,13.330543518066406
2856128,35.355648040771484
2856792,34.765689849853516
2857464,37.481170654296875
2857608,31.217573165893555
2857704,35.4393310546875
2858032,34.10041809082031
2858040,41.476985931396484
2858056,32.958160400390625
2858704,36.192466735839844
2859376,27.820083618164062
2859520,35.56903839111328
2859616,39.26359939575195
2859944,34.56903839111328
2859952,35.49372482299805
2859968,34.794979095458984
2860616,34.15899658203125
2860936,35.39196014404297
2861112,35.4271354675293
2861288,32.02928924560547
2861496,34.30412292480469
2861528,37.40585708618164
2861864,30.41004180908203
2861880,38.242679595947266
2862848,31.213388442993164
2863024,39.03765869140625
2863192,35.63679122924805
2863200,33.765689849853516
2863776,31.066946029663086
2863792,34.72803497314453
2864408,43.30543899536133
2864760,29.55230140686035
2864936,33.26359939575195
2865000,33.846153259277344
2865104,30.380752563476562
2865112,35.39748764038086
2865688,31.225940704345703
2865704,30.761507034301758
2866320,35.73640060424805
2866672,34.16318130493164
2866720,34.82089614868164
2866848,30.476987838745117
2866912,36.192466735839844
2867016,34.928871154785156
2867600,35.523014068603516
2867616,31.259414672851562
2868304,36.02941131591797
2868552,36.24454116821289
2868696,34.28571319580078
2868760,35.9832649230957
2868824,31.192468643188477
2869232,35.049503326416016
2869512,37.65690231323242
2870144,34.74477005004883
2870216,39.518829345703125
2870464,34.72803497314453
2870512,34.88151550292969
2870608,34.368202209472656
2870672,34.351463317871094
2871144,33.47280502319336
2872056,34.518829345703125
2872128,40.28870391845703
2872376,35.13389205932617
2872400,35.91101837158203
2872520,36.108787536621094
2873048,34.67226791381836
2873968,34.16318130493164
2874040,36.046024322509766
2874432,35.11715316772461
2874432,44.4560661315918
2874960,37.44770050048828
2875168,32.050209045410156
2875904,41.631797790527344
2875952,36.610877990722656
2876224,38.640167236328125
2876344,35.37656784057617
2877792,35.56485366821289
2877816,34.30962371826172
2877864,34.10041809082031
2878136,33.74058532714844
2878448,37.757320404052734
2878992,39.15899658203125
2879688,36.7088623046875
2879728,36.53974914550781
2880048,24.68619155883789
2880120,26.173728942871094
2880168,29.644351959228516
2881528,35.86521911621094
2881640,43.72385025024414
2881688,34.14225769042969
2881960,30.17154884338379
2882032,32.44770050048828
2882080,35.55648422241211
2882272,25.31380844116211
2882816,32.196651458740234
2883136,35.07462692260742
2883272,35.51960754394531
2883600,31.58995819091797
2883624,35.48704528808594
2883872,34.949790954589844
2883944,35.167362213134766
2884184,44.14225769042969
2884728,35.56485366821289
2885048,38.41422653198242
2885184,34.97908020019531
2885512,29.43514633178711
2885536,35.355648040771484
2885856,35.230125427246094
2885888,35.19248962402344
2886568,34.41304397583008
2886720,34.25837326049805
2887424,32.21757507324219
2887424,30.112611770629883
2887448,37.85355758666992
2887768,35.16318130493164
2887800,35.18410110473633
2888480,34.30962371826172
2888632,35.18410110473633
2889008,41.644351959228516
2889336,32.234310150146484
2889336,30.2719669342041
2889360,33.72385025024414
2889680,33.56903839111328
2889712,34.10041809082031
2890392,35.56485366821289
2890544,35.523014068603516
2891248,31.259414672851562
2891248,37.84100341796875
2891264,35.84848403930664
2891272,41.84100341796875
2892304,36.94560623168945
2892456,31.661087036132812
2892832,40.891212463378906
2892904,35.063724517822266
2893176,30.00836753845215
2893216,28.87029266357422
2894120,34.58654022216797
2894744,29.401674270629883
2894816,36.610877990722656
2895072,35.53137969970703
2895088,29.87447738647461
2895128,35.18828582763672
2896032,32.42677688598633
2896656,36.739131927490234
2896656,35.3347282409668
2896720,35.063724517822266
2896776,26.87029266357422
2896984,41.44770050048828
2897040,34.30962371826172
2897696,41.72803497314453
2898296,34.26395797729492
2898568,37.02091979980469
2898688,35.06276321411133
2898896,30.682008743286133
2898952,30.12970733642578
2899608,31.502092361450195
2900480,35.3347282409668
2900480,46.44351577758789
2900568,34.910892486572266
2900600,34.39748764038086
2902120,30.01673698425293
2902392,41.38075256347656
2902392,27.72385025024414
2902720,32.17573165893555
2903128,32.87064743041992
2903520,31.01255226135254
2904128,35.30962371826172
2904240,36.21758270263672
2904304,33.891212463378906
2904304,33.368202209472656
2904960,35.89519500732422
2905936,35.04901885986328
2905944,37.489540100097656
2906040,35.230125427246094
2906152,37.22175598144531
2906216,41.3179931640625
2906608,35.90776824951172
2907344,34.108787536621094
2907952,30.050209045410156
2908064,34.267784118652344
2908104,34.00877380371094
2909256,38.953975677490234
2909768,33.56903839111328
2909864,33.514644622802734
2910016,37.34309768676758
2910040,39.4560661315918
2910352,32.06276321411133
2911168,23.117155075073242
2911392,35.735294342041016
2911776,32.928871154785156
2911888,32.14644241333008
2911928,38.05439376831055
2912264,31.87029266357422
2913080,44.5606689453125
2913304,34.30962371826172
2913688,33.828453063964844
2913800,15.56485366821289
2913824,33.966243743896484
2913864,33.75313949584961
2914176,35.14644241333008
2914976,39.57281494140625
2915216,31.4393310546875
2915600,43.09623336791992
2915624,35.122806549072266
2915776,42.38493728637695
2916088,32.09623336791992
2916888,35.71129608154297
2916904,39.38493728637695
2917128,31.635982513427734
2917512,33.46443557739258
2917536,44.14225769042969
2917648,35.7740592956543
2917688,42.887027740478516
2918000,30.42677879333496
2918480,35.43718719482422
2919040,38.69456100463867
2919424,34.518829345703125
2919448,31.979080200195312
2920728,36.77824401855469
2920952,33.6820068359375
2921024,35.0253791809082
2921208,31.757322311401367
2921336,31.25104522705078
2921464,38.72536849975586
2921824,34.5774040222168
2922640,30.476987838745117
2922864,41.2133903503418
2922936,34.644351959228516
2923120,35.0
2923376,33.69456100463867
2923736,37.84518814086914
2924216,30.5606689453125
2924744,37.16814041137695
2924776,37.238494873046875
2925032,33.958160400390625
2925288,37.00418472290039
2925648,37.949790954589844
2926128,35.769874572753906
2926464,33.891212463378906
2926656,34.518829345703125
2926672,35.36097717285156
2926688,36.108787536621094
2926944,42.25941467285156
2927200,33.6820068359375
2927560,35.44351577758789
2927840,33.457942962646484
2928376,44.14225769042969
2928568,45.606693267822266
2928600,35.167362213134766
2928856,39.88284683227539
2929112,34.10041809082031
2929472,33.53974914550781
2929752,38.25941467285156
2929984,34.72636795043945
2930392,35.3070182800293
2930496,34.2259407043457
2930512,34.087867736816406
2931024,32.18828582763672
2931096,35.344825744628906
2931664,35.0167350769043
2931896,30.033472061157227
2932152,35.595123291015625
2932304,29.958158493041992
2932408,35.355648040771484
2932680,34.30962371826172
2932936,44.6652717590332
2933576,33.47280502319336
2933808,29.640167236328125
2934064,31.41004180908203
2934216,36.78242492675781
2934592,31.476987838745117
2934848,36.27614974975586
2934920,35.3472785949707
2935488,39.97071075439453
2935976,37.238494873046875
2936128,31.401674270629883
2936232,31.807531356811523
2936760,39.958160400390625
2936832,29.598325729370117
2937400,24.87447738647461
2937632,35.7740592956543
2937888,32.88284683227539
2938040,38.209205627441406
2938144,36.953975677490234
2938744,42.635982513427734
2939544,22.510459899902344
2939800,30.958158493041992
2939952,43.93305587768555
2940056,41.29706954956055
2940328,29.020919799804688
2940584,44.6652717590332
2940656,35.5439338684082
2941200,34.77542495727539
2941456,33.05439376831055
2941712,36.916316986083984
2941968,31.033472061157227
2942240,34.10041809082031
2942568,30.25104522705078
2942832,35.09803771972656
2943424,33.32820510864258
2943560,34.67336654663086
2943624,42.46862030029297
2944152,36.610877990722656
2944408,41.635982513427734
2944480,37.86610794067383
2944744,35.606693267822266
2945176,35.6435661315918
2945280,34.93723678588867
2945336,35.648536682128906
2945488,35.836910247802734
2946064,34.4560661315918
2946072,34.68341827392578
2946320,30.025104522705078
2946656,34.30962371826172
2947088,29.669456481933594
2947192,30.807531356811523
2947400,38.00836944580078
2947976,36.807533264160156
2948496,35.6260871887207
2948880,36.043270111083984
2949000,43.09623336791992
2949048,35.485435485839844
2949896,33.7866096496582
2950144,43.30543899536133
2950408,35.9832649230957
2950792,31.209205627441406
2950960,36.71548080444336
2951016,37.14225769042969
2951800,41.2133903503418
2951808,34.16318130493164
2951848,35.91549301147461
2952320,40.167362213134766
2952704,35.196651458740234
2952784,36.22806930541992
2952824,34.85355758666992
2953712,29.916318893432617
2953720,35.62761688232422
2953960,34.1268310546875
2954312,34.2039794921875
2954696,37.62761688232422
2954840,30.82845115661621
2955624,41.88284683227539
2955672,40.481170654296875
2955872,36.99163055419922
2956192,34.0625
2956224,37.389122009277344
2956752,29.238492965698242
2957184,36.38974380493164
2957520,33.31779479980469
2957584,38.57322311401367
2957784,31.635982513427734
2957816,35.4271354675293
2958104,25.949790954589844
2958384,34.79901885986328
2958520,26.56903839111328
2959096,35.43096160888672
2959208,35.684730529785156
2959432,33.368202209472656
2959696,31.598325729370117
2959728,37.4225959777832
2959792,35.78199005126953
2960296,31.087865829467773
2960432,32.84518814086914
2961008,39.0167350769043
2961120,33.94560623168945
2961400,35.311004638671875
2962208,35.46025085449219
2962344,24.01255226135254
2962584,35.2791862487793
2962992,33.92462158203125
2963200,35.26785659790039
2963256,35.481170654296875
2964120,41.44351577758789
2964256,36.50627517700195
2964496,31.4393310546875
2964904,32.94142150878906
2964944,35.351463317871094
2965432,35.13807678222656
2966168,35.75313949584961
2966408,38.807533264160156
2966464,34.264705657958984
2966816,34.58158874511719
2966856,35.196651458740234
2966976,36.72566223144531
2967128,34.90565872192383
2967664,22.57322120666504
2968080,34.476985931396484
2968320,34.72803497314453
2968376,30.40585708618164
2968584,35.57711410522461
2968704,35.2791862487793
2968728,32.351463317871094
2968768,31.380752563476562
2969992,35.17991638183594
2970232,36.2259407043457
2970288,36.40167236328125
2970344,35.15228271484375
2970496,35.167362213134766
2970616,42.06276321411133
2970640,35.1046028137207
2971904,40.29288864135742
2972016,34.68421173095703
2972144,30.627614974975586
2972200,35.41422653198242
2972272,34.80882263183594
2972408,35.121337890625
2972528,33.47280502319336
2973296,36.504425048828125
2973816,35.56485366821289
2973928,30.506277084350586
2973936,34.44196319580078
2974184,35.631797790527344
2974320,30.26778221130371
2974368,35.28260803222656
2975208,31.40585708618164
2975672,34.89268112182617
2975728,36.59414291381836
2975840,43.93305587768555
2975848,30.209205627441406
2976096,31.205020904541016
2976232,32.451881408691406
2976280,35.079498291015625
2977064,36.42241287231445
2977584,32.27196502685547
2977688,36.58008575439453
2978008,34.94560623168945
2978192,30.644351959228516
2978976,28.58995819091797
2979200,34.70711135864258
2979496,39.167362213134766
2979600,32.322174072265625
2979672,30.14644432067871
2979832,35.39024353027344
2979920,35.62343215942383
2980048,40.06289291381836
2980888,30.31380844116211
2981112,29.00418472290039
2981408,35.74058532714844
2981512,37.43096160888672
2981512,36.4782600402832
2981744,32.00836944580078
2982800,35.46025085449219
2983024,27.15899658203125
2983184,36.3636360168457
2983424,33.16318130493164
2983656,40.920501708984375
2984136,38.3564338684082
2984712,34.761505126953125
2984728,35.92232894897461
2985096,38.25522994995117
2985656,34.71129608154297
2986048,35.878662109375
2986624,34.93723678588867
2986640,32.46862030029297
2987008,30.41840934753418
2987248,35.03765869140625
2987480,33.05439376831055
2987568,35.167362213134766
2987904,36.82008361816406
2987960,34.71129608154297
2988536,35.52719497680664
2988552,30.979080200195312
2988560,35.041236877441406
2989160,30.962343215942383
2989392,39.53974914550781
2989480,33.47280502319336
2989816,30.652719497680664
2989872,34.70293045043945
2990448,34.15062713623047
2990464,41.631797790527344
2990472,37.02928924560547
2991304,34.97489547729492
2991728,37.924686431884766
2991784,37.86192321777344
2992176,35.0
2992376,30.02928924560547
2992984,31.69874382019043
2993304,32.21757507324219
2993592,38.197425842285156
2994016,34.238494873046875
2994288,33.953975677490234
2994816,35.371177673339844
2994856,36.10731887817383
2995504,34.93305587768555
2995608,31.58995819091797
2996000,24.0
2996200,35.18828582763672
2996432,35.2791862487793
2997128,36.70711135864258
2997280,33.52631759643555
2997416,38.56485366821289
2998112,34.57322311401367
