step,value
2080,130.0
2080,130.0
2304,144.0
2384,149.0
3360,65.0
3472,65.0
4128,131.0
4208,131.0
4400,144.0
5440,209.0
5584,131.0
5856,107.0
6816,148.0
7424,130.0
7584,131.0
7728,131.0
8928,131.0
9440,62.0
9696,131.0
10112,143.0
11040,131.0
11552,131.0
11824,116.0
12864,146.0
13152,131.0
14592,130.0
14880,191.0
14912,316.0
15232,259.0
16016,64.0
16832,50.0
17552,130.0
18352,131.0
18432,99.0
18768,110.0
19520,152.0
19760,131.0
19920,130.0
20576,131.0
21760,131.0
21952,223.0
22256,131.0
22704,51.0
23616,109.0
24064,131.0
25408,131.0
25984,131.0
26416,107.0
27088,104.0
27120,131.0
27296,129.0
28288,131.0
28720,130.0
28720,131.0
28928,131.0
29072,49.0
29264,69.0
30064,83.0
30224,120.0
30336,78.0
30880,131.0
32320,130.0
33408,131.0
34416,130.0
34624,131.0
36592,131.0
37760,130.0
38640,131.0
39920,49.0
40000,129.0
41040,131.0
41200,130.0
42032,131.0
43440,146.0
43584,177.0
43632,47.0
44448,145.0
44544,63.0
45168,130.0
45216,63.0
45488,146.0
46848,131.0
47936,131.0
48768,164.0
49216,131.0
49296,131.0
49408,68.0
49696,131.0
51056,114.0
51504,45.0
51792,130.0
53184,237.0
54272,130.0
54304,183.0
54496,148.0
55088,63.0
55536,147.0
56432,59.0
57168,342.0
58080,130.0
59312,131.0
59584,49.0
59760,131.0
61008,312.0
61296,131.0
62048,46.0
63120,131.0
63984,131.0
64688,65.0
64896,174.0
65584,153.0
66608,242.0
68096,130.0
68368,131.0
68928,131.0
70240,131.0
71120,111.0
71136,131.0
72192,131.0
72352,131.0
73520,68.0
73728,131.0
74320,152.0
75248,131.0
75472,102.0
75728,131.0
76608,47.0
77552,173.0
77696,138.0
78144,130.0
78720,131.0
78928,68.0
79008,186.0
79968,212.0
80832,131.0
82048,163.0
82672,131.0
83392,203.0
83984,130.0
85040,92.0
85248,131.0
85296,130.0
85600,130.0
85920,131.0
87088,131.0
87168,131.0
87408,131.0
89296,149.0
90224,131.0
92656,130.0
92880,131.0
93152,63.0
93296,130.0
93488,131.0
94528,46.0
95728,131.0
95824,131.0
96336,130.0
97552,62.0
98272,131.0
98624,131.0
99296,69.0
99776,320.0
100384,131.0
101056,131.0
101296,131.0
101392,130.0
102224,152.0
102944,176.0
103952,131.0
105552,54.0
105584,151.0
105904,106.0
106448,55.0
107152,248.0
107280,131.0
109248,130.0
109376,130.0
110128,131.0
110288,131.0
110480,68.0
110672,131.0
110912,131.0
112224,130.0
112384,130.0
112512,67.0
112704,42.0
113024,131.0
113648,131.0
113984,443.0
114656,67.0
114688,64.0
115152,66.0
115504,62.0
116208,58.0
116384,107.0
116784,130.0
117184,131.0
117600,130.0
118432,131.0
119104,131.0
119376,131.0
121136,131.0
121744,71.0
121984,227.0
122928,131.0
123056,66.0
123520,131.0
125456,131.0
126208,66.0
127456,130.0
128320,131.0
129216,45.0
129248,131.0
130432,131.0
130656,131.0
130720,131.0
131648,61.0
132544,130.0
133760,131.0
134352,91.0
134704,131.0
136464,131.0
136464,131.0
136912,130.0
137104,48.0
137888,174.0
139392,131.0
139392,207.0
139920,130.0
139984,47.0
140160,131.0
140944,131.0
140976,252.0
141136,70.0
141248,131.0
141664,131.0
142784,131.0
143072,131.0
143792,62.0
143792,105.0
145136,131.0
145728,131.0
147232,188.0
147792,60.0
148144,165.0
148272,63.0
149952,131.0
151040,131.0
152464,130.0
152848,131.0
154672,131.0
155280,200.0
156016,130.0
156608,134.0
157392,131.0
158656,92.0
159840,130.0
160224,96.0
161744,83.0
161744,64.0
162896,123.0
165200,130.0
165264,66.0
166432,66.0
166896,257.0
169088,130.0
169408,53.0
169520,67.0
169552,61.0
169648,130.0
169712,149.0
170000,133.0
170416,62.0
170544,90.0
170768,151.0
170816,131.0
172672,64.0
172784,63.0
173184,172.0
174128,83.0
175296,131.0
177696,131.0
178064,131.0
178096,131.0
178976,131.0
179200,131.0
179248,131.0
179808,131.0
180640,46.0
180656,131.0
180912,175.0
181104,131.0
181872,131.0
182016,60.0
183040,141.0
183488,131.0
184064,131.0
184128,131.0
184672,63.0
186976,131.0
187312,131.0
187712,131.0
188352,131.0
188784,244.0
189024,122.0
189088,131.0
189312,131.0
190000,62.0
190080,61.0
190640,131.0
191152,74.0
191728,67.0
192208,131.0
193552,130.0
194096,147.0
194272,95.0
194320,130.0
196352,93.0
196800,131.0
199216,131.0
199616,131.0
200320,373.0
200896,149.0
201504,118.0
201520,210.0
201520,131.0
202944,131.0
203008,131.0
203888,131.0
204832,212.0
205120,131.0
205728,131.0
205888,96.0
206016,131.0
206880,180.0
207232,131.0
207552,144.0
207824,45.0
207968,166.0
208000,131.0
208096,53.0
209056,131.0
209152,141.0
209200,85.0
209264,202.0
209808,131.0
210192,130.0
210288,130.0
210976,42.0
211648,161.0
212608,298.0
212992,64.0
213616,93.0
213760,131.0
214288,131.0
214704,130.0
215104,131.0
215120,131.0
215728,131.0
216320,130.0
216752,150.0
216816,131.0
217200,130.0
217472,131.0
217536,131.0
217584,93.0
219312,131.0
220992,175.0
221904,130.0
223072,129.0
223152,75.0
223536,131.0
223696,131.0
224272,131.0
224512,101.0
225264,186.0
225424,131.0
225600,82.0
226128,161.0
227296,131.0
227536,131.0
227616,92.0
227920,131.0
228448,130.0
228512,147.0
228800,59.0
229408,131.0
229728,131.0
229904,146.0
230160,131.0
230624,131.0
231344,89.0
231840,131.0
233104,49.0
233376,144.0
233792,65.0
235360,144.0
236656,226.0
236896,131.0
238016,131.0
238240,130.0
239856,184.0
239904,91.0
240112,143.0
240352,131.0
241024,106.0
242400,68.0
242736,131.0
242976,150.0
244032,152.0
244192,63.0
244848,62.0
245344,131.0
245728,105.0
246416,278.0
246528,43.0
247424,62.0
247808,236.0
248640,131.0
249376,48.0
250048,131.0
250128,145.0
251440,224.0
252976,131.0
253888,131.0
254192,151.0
254384,131.0
254784,75.0
254784,55.0
255056,131.0
255072,42.0
255568,130.0
256096,81.0
256448,140.0
257104,192.0
257168,131.0
257248,71.0
258096,61.0
258208,131.0
259120,131.0
259296,131.0
259296,130.0
260320,131.0
261104,131.0
261120,130.0
261232,64.0
261408,131.0
262320,130.0
262544,145.0
264384,130.0
264640,87.0
265456,66.0
265904,130.0
265920,131.0
266640,130.0
266720,129.0
267568,131.0
269536,130.0
269904,46.0
270144,131.0
270944,131.0
273568,130.0
274288,260.0
275360,130.0
276400,131.0
276576,130.0
277040,146.0
277264,131.0
278240,131.0
281744,131.0
282000,131.0
283216,49.0
283936,169.0
284288,131.0
284784,131.0
285088,131.0
286032,130.0
287376,203.0
289616,68.0
290256,134.0
290976,149.0
291008,69.0
291104,70.0
292720,130.0
294048,81.0
294240,254.0
296928,48.0
296928,131.0
297136,209.0
297408,131.0
298320,121.0
299200,128.0
301232,181.0
302528,129.0
302832,207.0
303248,130.0
303584,43.0
303920,131.0
304144,131.0
305536,131.0
306032,152.0
306064,245.0
306448,143.0
306816,131.0
307136,131.0
307648,131.0
308144,131.0
308176,131.0
308416,131.0
309264,152.0
309440,104.0
311664,149.0
311792,158.0
311840,58.0
312336,130.0
312624,183.0
313504,174.0
313600,131.0
314016,285.0
314448,131.0
314672,66.0
314816,131.0
315888,131.0
315904,143.0
315904,144.0
316528,151.0
316928,131.0
316944,131.0
317872,131.0
319056,131.0
319472,130.0
319760,69.0
320016,130.0
321584,131.0
322128,131.0
322752,130.0
323280,219.0
323600,131.0
324416,131.0
324592,101.0
324864,131.0
325392,131.0
326416,131.0
327072,121.0
327792,44.0
328240,91.0
328256,48.0
328560,147.0
329360,130.0
329920,131.0
330368,131.0
330784,131.0
332032,131.0
333520,130.0
333520,131.0
334144,131.0
334192,131.0
336224,262.0
336592,45.0
336656,131.0
337296,131.0
340720,66.0
340960,142.0
341056,131.0
341968,62.0
342544,130.0
342704,130.0
343168,131.0
343680,157.0
345280,131.0
345760,182.0
346320,131.0
349488,66.0
350752,148.0
351376,130.0
351488,154.0
351728,172.0
352256,41.0
353312,66.0
354928,223.0
355600,131.0
356224,131.0
357424,131.0
357504,130.0
357520,131.0
357712,131.0
358576,130.0
359568,76.0
359616,131.0
359808,130.0
361312,146.0
361888,61.0
361936,177.0
362512,183.0
363008,144.0
363104,70.0
363584,130.0
363664,145.0
363792,153.0
363808,49.0
364784,63.0
365120,130.0
366736,131.0
366992,67.0
367920,331.0
368992,130.0
369584,66.0
370112,63.0
370272,131.0
371216,68.0
371728,131.0
373008,142.0
373056,131.0
373056,233.0
373408,143.0
373664,55.0
374496,131.0
374688,131.0
375168,131.0
375776,99.0
375776,131.0
375904,131.0
378240,62.0
380048,131.0
380320,283.0
380880,416.0
381264,131.0
382016,143.0
382080,62.0
382112,149.0
382144,130.0
382576,131.0
383216,130.0
386224,45.0
386336,131.0
386992,208.0
387920,82.0
388336,131.0
388944,63.0
389088,130.0
389216,322.0
389648,131.0
391920,63.0
392496,131.0
394352,130.0
394816,131.0
395536,130.0
396416,67.0
397680,93.0
398224,130.0
398416,130.0
398512,130.0
399904,60.0
399952,131.0
402016,131.0
402144,177.0
402624,130.0
402672,130.0
404736,131.0
405280,93.0
405536,178.0
405536,130.0
405744,131.0
406368,154.0
406832,112.0
407264,73.0
407280,131.0
409616,145.0
409840,44.0
410672,130.0
410704,131.0
413152,131.0
413408,176.0
415696,131.0
417136,195.0
418944,131.0
419248,131.0
420224,68.0
422800,131.0
423440,49.0
423632,131.0
424592,152.0
424720,131.0
424848,61.0
425744,131.0
426064,49.0
427136,131.0
427200,131.0
427792,82.0
427952,131.0
427952,149.0
428176,131.0
428944,61.0
429232,130.0
430288,62.0
431120,131.0
431344,131.0
431968,64.0
432896,130.0
433312,131.0
433440,130.0
435344,131.0
435408,130.0
435536,130.0
435648,130.0
436096,145.0
436672,220.0
436672,49.0
437312,59.0
438704,129.0
438800,153.0
439088,186.0
439184,156.0
440080,62.0
440880,131.0
441328,129.0
442560,130.0
442624,130.0
443040,297.0
443136,276.0
443264,131.0
443440,131.0
443760,309.0
443808,101.0
445248,131.0
445744,143.0
445776,131.0
446160,194.0
447744,64.0
448224,131.0
448320,131.0
448432,141.0
449056,131.0
449312,130.0
449600,131.0
449856,131.0
450048,130.0
450240,131.0
450544,131.0
452368,62.0
454400,131.0
455344,131.0
456400,268.0
456720,93.0
457936,215.0
458352,48.0
458624,131.0
459696,185.0
460208,130.0
461392,131.0
461936,131.0
462112,63.0
462720,156.0
463200,131.0
463200,61.0
463472,84.0
463712,131.0
464048,131.0
464528,131.0
465328,131.0
465680,56.0
465824,131.0
465952,211.0
466176,166.0
466384,131.0
466688,62.0
467360,42.0
467920,130.0
469296,186.0
469408,61.0
469648,98.0
470000,131.0
470080,134.0
470400,131.0
470960,122.0
471456,131.0
471520,131.0
471568,130.0
472176,144.0
472192,131.0
472512,131.0
472848,131.0
472944,131.0
472944,47.0
473232,64.0
473520,159.0
473632,138.0
473680,131.0
475664,131.0
475792,131.0
476432,42.0
476720,130.0
477520,101.0
478096,66.0
480208,131.0
480240,152.0
480576,44.0
481216,131.0
481536,62.0
482080,55.0
482352,131.0
483584,210.0
484352,131.0
484832,130.0
484912,131.0
485488,63.0
485680,131.0
487200,113.0
489680,131.0
490448,108.0
490880,308.0
490928,131.0
491696,130.0
492880,149.0
494240,158.0
494864,119.0
494992,131.0
495104,131.0
495616,97.0
495936,131.0
496032,131.0
498336,143.0
498784,131.0
498928,130.0
498928,131.0
499232,144.0
499424,130.0
499472,130.0
499792,69.0
500112,131.0
500736,96.0
501536,131.0
501584,131.0
501824,180.0
502208,130.0
502240,55.0
503216,62.0
503296,131.0
503680,130.0
503760,131.0
504160,63.0
504288,63.0
505312,130.0
505824,131.0
506656,61.0
507072,131.0
508208,48.0
508272,131.0
508560,130.0
508768,131.0
508816,160.0
510000,131.0
512288,131.0
512512,69.0
512704,138.0
513008,264.0
513408,131.0
514416,153.0
514608,131.0
514768,196.0
514848,131.0
514896,131.0
515264,44.0
515744,85.0
515920,66.0
516224,100.0
516512,131.0
516912,142.0
517808,50.0
518624,131.0
518688,175.0
519632,58.0
519664,43.0
521136,131.0
521984,146.0
522192,131.0
522304,146.0
522384,70.0
522768,147.0
523248,131.0
523856,64.0
524976,65.0
526064,174.0
526608,131.0
527504,130.0
528080,131.0
528096,131.0
528928,131.0
529024,43.0
529104,62.0
529168,131.0
529520,131.0
529920,299.0
530640,57.0
530688,131.0
531264,130.0
532592,131.0
532624,147.0
532736,130.0
533248,131.0
533280,131.0
533664,131.0
534240,145.0
535056,153.0
535424,67.0
535776,131.0
536528,72.0
537008,41.0
537472,171.0
537856,55.0
537968,89.0
538464,142.0
539568,174.0
539584,131.0
540096,146.0
540208,276.0
540560,130.0
541408,131.0
542528,144.0
542992,71.0
543808,131.0
544272,131.0
545088,130.0
546944,131.0
547168,159.0
547200,131.0
548944,338.0
549392,167.0
551280,172.0
553360,131.0
553472,131.0
553600,62.0
554208,131.0
554416,131.0
555264,153.0
555360,130.0
555712,131.0
555728,134.0
556800,67.0
557472,131.0
558080,130.0
559408,131.0
559472,130.0
562064,131.0
563552,131.0
563600,145.0
563744,94.0
564192,131.0
565632,113.0
566832,64.0
567056,131.0
568128,66.0
568592,130.0
568832,270.0
568864,56.0
569024,58.0
570048,70.0
570112,131.0
571776,50.0
571808,215.0
573760,283.0
574960,131.0
575040,62.0
575104,131.0
575120,64.0
575616,238.0
575872,131.0
576160,69.0
576784,65.0
576880,131.0
577872,211.0
579472,68.0
580624,49.0
580656,60.0
581952,131.0
582096,131.0
582608,138.0
582912,59.0
583664,130.0
584848,172.0
585136,91.0
586384,135.0
586480,128.0
586768,131.0
586848,113.0
587632,48.0
588256,55.0
588576,130.0
589456,49.0
589792,149.0
590368,131.0
591600,131.0
592448,131.0
593104,131.0
593392,130.0
594016,131.0
594912,130.0
594912,131.0
595744,59.0
596128,131.0
596928,43.0
596944,46.0
598208,149.0
598640,238.0
598976,201.0
600448,131.0
601456,68.0
601664,75.0
602256,49.0
602272,63.0
602848,131.0
604096,62.0
604288,406.0
604896,150.0
605472,131.0
605488,129.0
605536,200.0
605664,137.0
605728,328.0
606208,131.0
606528,131.0
607008,131.0
608064,65.0
608624,64.0
610368,74.0
610736,131.0
611248,147.0
612064,131.0
612288,131.0
612544,131.0
613296,131.0
613392,131.0
616080,131.0
616480,74.0
618432,146.0
618976,155.0
619152,131.0
619392,149.0
620144,78.0
620560,61.0
620576,65.0
621040,131.0
621152,158.0
622240,130.0
622288,65.0
622336,82.0
623408,145.0
623520,131.0
624368,131.0
624784,131.0
625392,61.0
626464,67.0
627504,131.0
627696,142.0
627760,46.0
628240,211.0
628384,152.0
629232,131.0
629872,131.0
630048,158.0
632496,130.0
633184,130.0
633488,65.0
633888,145.0
634656,130.0
634992,131.0
636368,154.0
636768,131.0
637248,130.0
637696,131.0
639408,131.0
639808,131.0
640016,131.0
640128,44.0
641664,48.0
642016,130.0
642048,131.0
644112,147.0
645696,82.0
646672,131.0
648160,131.0
648976,51.0
649136,67.0
649424,131.0
649536,131.0
650384,143.0
651696,67.0
651888,153.0
652240,147.0
653024,131.0
654288,68.0
655280,47.0
655408,131.0
656352,302.0
656528,131.0
657424,131.0
657744,131.0
658464,131.0
659488,130.0
659504,131.0
660624,131.0
660784,71.0
661520,130.0
662192,131.0
662704,129.0
662896,62.0
662992,49.0
663776,131.0
664752,137.0
664800,130.0
665008,131.0
665072,131.0
665264,131.0
666832,129.0
666896,130.0
668096,67.0
668144,131.0
668496,131.0
668864,178.0
669008,131.0
669264,131.0
669760,46.0
671360,130.0
672720,131.0
672912,150.0
673328,152.0
673456,276.0
674304,131.0
675312,59.0
676192,131.0
676416,131.0
676928,130.0
677504,131.0
678000,132.0
678128,62.0
678384,154.0
679616,131.0
680688,131.0
681280,130.0
681440,131.0
681776,131.0
682560,131.0
682832,151.0
683264,65.0
683296,131.0
684000,273.0
685168,131.0
687152,131.0
687840,439.0
689264,131.0
690304,131.0
691024,129.0
691536,114.0
692176,130.0
692448,133.0
693488,68.0
695408,131.0
696320,131.0
696400,131.0
697504,130.0
697616,131.0
697760,181.0
698944,96.0
700832,146.0
700976,61.0
701392,130.0
702048,131.0
702496,131.0
703088,131.0
703552,131.0
703648,130.0
704304,43.0
705152,69.0
705312,103.0
706256,130.0
706336,131.0
706400,130.0
707072,131.0
707408,66.0
708160,55.0
709648,64.0
709744,130.0
710128,42.0
710256,86.0
710304,49.0
711856,131.0
712528,179.0
713968,131.0
714016,131.0
714624,46.0
715664,146.0
715760,130.0
716080,131.0
716720,130.0
717584,131.0
717664,131.0
718192,131.0
718448,131.0
718656,66.0
719664,52.0
720560,131.0
720624,70.0
722128,153.0
722736,131.0
723024,301.0
723216,70.0
723616,131.0
724720,431.0
726688,70.0
727792,159.0
728240,174.0
729600,163.0
729904,175.0
731296,159.0
731712,131.0
732672,49.0
732752,223.0
733184,204.0
733472,64.0
733632,131.0
733696,131.0
734208,96.0
735136,148.0
735216,87.0
735712,131.0
735840,49.0
736400,131.0
736816,66.0
737232,130.0
737408,131.0
737568,46.0
737568,83.0
738176,47.0
738528,53.0
738528,131.0
738832,151.0
740640,131.0
740736,143.0
741680,64.0
742176,131.0
742896,130.0
743312,67.0
744128,44.0
744176,146.0
744512,131.0
744976,62.0
745824,168.0
746000,131.0
746624,131.0
747680,242.0
748144,131.0
748384,131.0
749056,41.0
749568,131.0
750240,159.0
750464,146.0
750768,131.0
751136,186.0
751392,131.0
751408,41.0
751920,53.0
753168,147.0
754352,68.0
754512,131.0
754992,131.0
756048,362.0
756464,131.0
756624,131.0
757392,130.0
757488,131.0
758480,65.0
758576,131.0
759136,78.0
759280,131.0
759472,45.0
760240,131.0
760560,131.0
761712,91.0
762624,131.0
763488,130.0
763616,48.0
764816,131.0
765600,131.0
766224,66.0
766528,43.0
766832,63.0
766976,129.0
767008,131.0
767216,61.0
768944,131.0
769472,131.0
769904,131.0
770208,141.0
770320,129.0
770992,130.0
771056,71.0
771184,131.0
772048,131.0
774368,82.0
774416,131.0
775280,131.0
776544,131.0
776576,131.0
776832,130.0
776944,103.0
777392,131.0
777648,131.0
777680,206.0
778688,131.0
780368,131.0
780800,131.0
783168,55.0
783808,131.0
783824,96.0
784672,52.0
785024,131.0
785648,129.0
785792,68.0
786288,56.0
786608,131.0
788304,131.0
788400,131.0
788720,131.0
788992,131.0
789296,131.0
789536,70.0
791024,151.0
791648,131.0
792928,131.0
792976,46.0
794864,130.0
796320,131.0
796480,79.0
797040,131.0
797248,131.0
797520,131.0
797696,145.0
797728,59.0
798848,131.0
799520,64.0
800208,131.0
800960,131.0
801024,130.0
801072,131.0
801136,61.0
803136,131.0
803360,64.0
803712,131.0
803984,131.0
804528,113.0
806096,131.0
806240,58.0
806992,131.0
807280,131.0
807920,130.0
808640,149.0
808816,60.0
809120,131.0
810304,131.0
810400,61.0
810752,131.0
811472,131.0
812096,131.0
812144,131.0
813584,131.0
814272,135.0
814432,131.0
814816,166.0
814848,205.0
815696,131.0
816288,130.0
816368,130.0
816512,143.0
816880,128.0
818032,66.0
818400,131.0
818912,67.0
820736,130.0
822384,131.0
822864,131.0
823136,83.0
823424,130.0
823568,268.0
824048,131.0
824080,81.0
824896,156.0
825920,67.0
826368,148.0
826688,55.0
827152,131.0
827504,130.0
827648,254.0
828304,131.0
829200,50.0
830720,131.0
830880,146.0
831808,67.0
832048,41.0
832208,142.0
832672,147.0
832752,207.0
832992,131.0
833744,67.0
833776,130.0
833920,131.0
834320,131.0
834592,131.0
834640,131.0
834864,131.0
835168,131.0
836656,145.0
836960,131.0
837520,131.0
838256,65.0
838320,64.0
838640,150.0
838976,131.0
839584,50.0
842512,99.0
843008,254.0
843168,130.0
844784,130.0
844976,152.0
845088,174.0
846032,176.0
846320,175.0
847376,68.0
848352,151.0
849120,258.0
849296,130.0
849440,63.0
849456,92.0
849568,131.0
849936,142.0
849952,131.0
850192,130.0
850288,131.0
851568,131.0
852288,145.0
852976,87.0
853584,67.0
853600,112.0
853776,130.0
854144,130.0
855568,122.0
856688,208.0
857072,132.0
858624,131.0
860064,163.0
860256,154.0
860368,131.0
861424,101.0
861744,160.0
862224,152.0
863536,131.0
863840,130.0
863968,70.0
865648,131.0
865952,131.0
866336,198.0
866880,131.0
867520,131.0
867808,146.0
868240,142.0
868848,320.0
868848,64.0
868992,131.0
869232,131.0
869632,131.0
869824,60.0
870448,200.0
870960,131.0
872352,80.0
873072,131.0
874192,131.0
874432,131.0
874448,130.0
874720,174.0
875200,131.0
875328,168.0
878048,177.0
879552,40.0
879632,131.0
880144,130.0
880320,199.0
881984,131.0
882224,92.0
882256,131.0
882416,130.0
883088,201.0
884000,110.0
886944,131.0
887744,49.0
888384,98.0
888672,146.0
889376,130.0
890496,131.0
891488,131.0
891632,145.0
892080,131.0
892864,48.0
893088,150.0
893648,48.0
893840,130.0
894208,131.0
895104,131.0
897216,131.0
898880,84.0
899056,153.0
899312,130.0
899536,131.0
899712,373.0
899728,152.0
900416,131.0
902672,149.0
903328,130.0
904080,131.0
904112,83.0
904848,46.0
905072,105.0
906896,131.0
906944,130.0
906976,71.0
907168,130.0
908128,131.0
909552,103.0
909824,131.0
909952,130.0
910240,131.0
910320,54.0
911376,131.0
912288,150.0
913264,128.0
913488,46.0
914192,141.0
914400,131.0
914608,69.0
915360,130.0
915456,141.0
915600,131.0
916000,228.0
916224,131.0
918064,131.0
918400,131.0
919776,63.0
919920,131.0
922128,56.0
922208,131.0
923024,157.0
923504,67.0
924240,131.0
924272,47.0
924512,83.0
924656,131.0
925136,131.0
925680,63.0
927136,175.0
927392,178.0
927520,131.0
928816,152.0
928848,130.0
929920,66.0
931040,131.0
931104,39.0
931600,163.0
932272,41.0
933424,131.0
933520,72.0
934336,161.0
934384,131.0
934432,131.0
934784,65.0
935536,131.0
935552,151.0
936784,65.0
937120,173.0
938000,131.0
938096,67.0
938096,60.0
938432,48.0
939088,61.0
939120,63.0
940144,143.0
940176,131.0
940704,244.0
942944,131.0
943168,186.0
943808,94.0
944336,72.0
944352,131.0
944480,131.0
944576,131.0
944912,131.0
945312,147.0
948080,130.0
948672,131.0
949664,61.0
949920,61.0
950208,87.0
950704,131.0
951088,64.0
952016,130.0
953952,130.0
954176,51.0
956064,131.0
956304,151.0
956784,131.0
959648,178.0
960368,44.0
960768,130.0
960960,129.0
961328,67.0
962032,143.0
962160,218.0
963568,159.0
963584,131.0
964000,131.0
964400,151.0
964736,130.0
964800,134.0
965696,131.0
966496,130.0
967536,175.0
968624,67.0
968640,63.0
968736,131.0
968752,197.0
969520,62.0
969888,131.0
970048,131.0
970592,131.0
972384,60.0
972736,111.0
974000,130.0
974160,131.0
974240,63.0
974432,130.0
974496,131.0
974768,47.0
975008,131.0
975200,51.0
975488,61.0
976112,131.0
976272,131.0
976864,130.0
976960,91.0
977312,131.0
978032,134.0
978976,131.0
979168,68.0
979376,51.0
979632,131.0
979872,131.0
980992,100.0
981344,147.0
981520,60.0
981824,131.0
981984,131.0
982032,152.0
982208,131.0
982240,131.0
984192,152.0
986688,130.0
986976,131.0
987040,131.0
987392,43.0
987936,131.0
989040,269.0
990048,131.0
990112,131.0
990592,88.0
991232,165.0
991360,98.0
991568,66.0
991600,130.0
992704,131.0
993536,146.0
994192,161.0
994272,131.0
994560,49.0
994656,84.0
995008,148.0
995920,160.0
997168,131.0
998144,167.0
999680,64.0
1000000,152.0
1000192,122.0
1000832,144.0
1000944,84.0
1002112,131.0
1003024,176.0
1003232,144.0
1003904,131.0
1004080,131.0
1005952,131.0
1006768,50.0
1007712,130.0
1008320,131.0
1009168,130.0
1009824,232.0
1009840,132.0
1009888,131.0
1010096,73.0
1010416,130.0
1011280,131.0
1012400,177.0
1013584,131.0
1013632,131.0
1014416,103.0
1015392,131.0
1015488,46.0
1015488,130.0
1017120,131.0
1017504,131.0
1017600,131.0
1018432,51.0
1018448,107.0
1018512,278.0
1018656,65.0
1018656,61.0
1018752,63.0
1019328,55.0
1019616,131.0
1020032,131.0
1020544,213.0
1021968,67.0
1022448,100.0
1022656,131.0
1022736,131.0
1023504,130.0
1025072,135.0
1026624,131.0
1027216,61.0
1028240,59.0
1029280,130.0
1029760,141.0
1031216,138.0
1031552,44.0
1031744,86.0
1032368,60.0
1032464,131.0
1032560,131.0
1033184,63.0
1033328,131.0
1033520,131.0
1033568,131.0
1034032,93.0
1034192,152.0
1035056,130.0
1035232,131.0
1035952,131.0
1036080,63.0
1036080,49.0
1036640,212.0
1037232,167.0
1037904,60.0
1038016,131.0
1038864,130.0
1040896,130.0
1041056,109.0
1042128,98.0
1042144,61.0
1042832,153.0
1043120,131.0
1043184,138.0
1043520,194.0
1043744,56.0
1043744,154.0
1044256,131.0
1044560,58.0
1044960,110.0
1045248,135.0
1045488,131.0
1045520,61.0
1047296,112.0
1047696,131.0
1048160,130.0
1048896,131.0
1048976,159.0
1049040,131.0
1049424,132.0
1050400,130.0
1050512,90.0
1051328,94.0
1051472,74.0
1052672,131.0
1053232,131.0
1053360,142.0
1053632,131.0
1055024,68.0
1056032,130.0
1056320,219.0
1056960,134.0
1057584,131.0
1058032,131.0
1058912,148.0
1058960,175.0
1059440,149.0
1059856,129.0
1060144,131.0
1060880,181.0
1060912,65.0
1060976,180.0
1061056,130.0
1061520,58.0
1062048,72.0
1062128,130.0
1062144,152.0
1062560,131.0
1064944,66.0
1065200,274.0
1065488,182.0
1066592,68.0
1067504,131.0
1068096,175.0
1068576,150.0
1069168,131.0
1069568,130.0
1069776,174.0
1070608,55.0
1071680,131.0
1072864,140.0
1073296,130.0
1074976,131.0
1076288,146.0
1076944,131.0
1077344,70.0
1078112,47.0
1078544,131.0
1079920,106.0
1082208,131.0
1082448,147.0
1083024,131.0
1084560,131.0
1084592,70.0
1085296,65.0
1085632,70.0
1086192,55.0
1086672,131.0
1087696,130.0
1088160,131.0
1089808,131.0
1090272,131.0
1091392,68.0
1091472,103.0
1092224,57.0
1092720,164.0
1093296,153.0
1093472,281.0
1095856,131.0
1095920,131.0
1095984,131.0
1096144,136.0
1097200,131.0
1097968,131.0
1098240,131.0
1101152,131.0
1102320,269.0
1102480,143.0
1103456,130.0
1104208,285.0
1104576,130.0
1104816,86.0
1105392,131.0
1106272,64.0
1106640,44.0
1106720,337.0
1107280,130.0
1107328,133.0
1107632,67.0
1108320,64.0
1108640,96.0
1109152,131.0
1110944,131.0
1111856,134.0
1112576,61.0
1112704,142.0
1112880,65.0
1113792,67.0
1114960,131.0
1115776,131.0
1116752,131.0
1117040,129.0
1117504,130.0
1118320,131.0
1118480,130.0
1118864,57.0
1119248,131.0
1120112,218.0
1120432,50.0
1120976,134.0
1121104,131.0
1121936,192.0
1122800,417.0
1122848,224.0
1124896,131.0
1124912,131.0
1125248,130.0
1126288,50.0
1126960,131.0
1127008,131.0
1127648,61.0
1128400,131.0
1128480,131.0
1128944,60.0
1129104,130.0
1131056,184.0
1131088,82.0
1131184,130.0
1131600,165.0
1132288,174.0
1133184,131.0
1133712,131.0
1134512,263.0
1134624,130.0
1134784,296.0
1134960,45.0
1135280,131.0
1136064,195.0
1136144,150.0
1136672,64.0
1139184,131.0
1139552,453.0
1139664,50.0
1140080,168.0
1140176,108.0
1142576,181.0
1143216,131.0
1146352,83.0
1146352,130.0
1146672,48.0
1146832,128.0
1147712,131.0
1148480,131.0
1148688,131.0
1149856,131.0
1150112,224.0
1150304,131.0
1150544,131.0
1150560,131.0
1150896,66.0
1150976,53.0
1151088,162.0
1151264,108.0
1151952,130.0
1151968,131.0
1152256,49.0
1152672,43.0
1153200,131.0
1154192,131.0
1154784,107.0
1156272,131.0
1156288,55.0
1156432,130.0
1156480,105.0
1156816,48.0
1157424,200.0
1157744,47.0
1158928,131.0
1158944,131.0
1159568,131.0
1161472,131.0
1161856,47.0
1161968,130.0
1162640,70.0
1162736,55.0
1162928,147.0
1163184,114.0
1163792,171.0
1165856,249.0
1165904,131.0
1166192,131.0
1166336,66.0
1166480,68.0
1166960,131.0
1166976,215.0
1167104,131.0
1168688,137.0
1169072,131.0
1169200,130.0
1169216,131.0
1169568,131.0
1172928,131.0
1173440,164.0
1174096,69.0
1174608,130.0
1174944,174.0
1175408,131.0
1175440,74.0
1176784,67.0
1177184,131.0
1178016,131.0
1178240,131.0
1178256,133.0
1178896,131.0
1180688,152.0
1182464,131.0
1182784,93.0
1182912,131.0
1183072,131.0
1183408,130.0
1184400,267.0
1184832,131.0
1185376,153.0
1185504,41.0
1186560,57.0
1187392,186.0
1187648,131.0
1188064,131.0
1188224,46.0
1188384,57.0
1189456,131.0
1189760,131.0
1190336,169.0
1190368,60.0
1192816,144.0
1193024,203.0
1193280,105.0
1194016,131.0
1194544,130.0
1194608,61.0
1194624,130.0
1196720,131.0
1196944,149.0
1196992,148.0
1198480,198.0
1198544,62.0
1198768,61.0
1198928,148.0
1199056,131.0
1199184,202.0
1199680,131.0
1200208,109.0
1200944,148.0
1201856,50.0
1202320,131.0
1203056,131.0
1203120,177.0
1203296,131.0
1203408,131.0
1203856,67.0
1204416,217.0
1205520,131.0
1205536,150.0
1205968,131.0
1206592,66.0
1207344,45.0
1208080,131.0
1208384,94.0
1208576,65.0
1209056,41.0
1209488,54.0
1210528,131.0
1210688,131.0
1211200,57.0
1211968,131.0
1212816,51.0
1213456,68.0
1213664,130.0
1213712,66.0
1214416,43.0
1214448,46.0
1214480,155.0
1214656,131.0
1216496,131.0
1217104,105.0
1217552,131.0
1217728,131.0
1217792,137.0
1217856,85.0
1217872,85.0
1219216,131.0
1219776,67.0
1220288,129.0
1220848,62.0
1221152,129.0
1221216,48.0
1221888,131.0
1222112,66.0
1222624,131.0
1223792,124.0
1224368,65.0
1225680,131.0
1225712,148.0
1226256,152.0
1226480,151.0
1226800,151.0
1229472,72.0
1229696,131.0
1229984,131.0
1230320,327.0
1230576,146.0
1233216,77.0
1234176,144.0
1234848,131.0
1234976,67.0
1235040,215.0
1235664,44.0
1235776,130.0
1236848,194.0
1236960,131.0
1237232,131.0
1237552,210.0
1237760,130.0
1237856,129.0
1237952,131.0
1237968,152.0
1237968,189.0
1240096,132.0
1240304,171.0
1241008,104.0
1242432,145.0
1242816,145.0
1242848,110.0
1243120,131.0
1243600,72.0
1245504,46.0
1245504,240.0
1245840,106.0
1246096,52.0
1246112,143.0
1246256,131.0
1246304,215.0
1247328,64.0
1248416,131.0
1248816,64.0
1249328,61.0
1249552,51.0
1250432,43.0
1250672,115.0
1252256,89.0
1252608,131.0
1252800,154.0
1253344,127.0
1253520,72.0
1253680,131.0
1254544,131.0
1254688,169.0
1255440,130.0
1255664,130.0
1255840,71.0
1256480,131.0
1257536,145.0
1257728,131.0
1258432,43.0
1258592,131.0
1258848,131.0
1258960,180.0
1260112,137.0
1260544,131.0
1260928,175.0
1260960,131.0
1264032,61.0
1264080,197.0
1265152,66.0
1265648,63.0
1266288,239.0
1266304,131.0
1266464,81.0
1267072,315.0
1268176,106.0
1269872,145.0
1270192,48.0
1270928,378.0
1271088,49.0
1271456,131.0
1271568,73.0
1272000,130.0
1272464,161.0
1273136,131.0
1273312,138.0
1273552,130.0
1273888,71.0
1274240,131.0
1274544,129.0
1275040,84.0
1275328,94.0
1275504,147.0
1276000,59.0
1276272,131.0
1277872,60.0
1278080,131.0
1278656,48.0
1280016,131.0
1280016,66.0
1280272,204.0
1280944,308.0
1281936,119.0
1282128,131.0
1282320,131.0
1282416,97.0
1282464,367.0
1283056,131.0
1283600,229.0
1284864,149.0
1284976,131.0
1285648,185.0
1286000,178.0
1286784,129.0
1287520,131.0
1288064,131.0
1288096,149.0
1288240,131.0
1288688,97.0
1288816,148.0
1289120,130.0
1289376,103.0
1290208,131.0
1290352,60.0
1290848,55.0
1291376,49.0
1291456,131.0
1291776,85.0
1291936,131.0
1292544,131.0
1293040,46.0
1294256,174.0
1294624,202.0
1294688,133.0
1295136,222.0
1296016,130.0
1297024,62.0
1297248,131.0
1297856,61.0
1299360,145.0
1299856,130.0
1300000,130.0
1301184,119.0
1301744,71.0
1302368,130.0
1303856,131.0
1304992,68.0
1306592,131.0
1306688,210.0
1307376,148.0
1307696,131.0
1307888,131.0
1308336,244.0
1308400,63.0
1308656,81.0
1309440,131.0
1310576,58.0
1311200,131.0
1311744,131.0
1312336,56.0
1313504,107.0
1313552,131.0
1315648,130.0
1316192,65.0
1316336,61.0
1317216,130.0
1317536,131.0
1317792,99.0
1319200,131.0
1319440,107.0
1319840,129.0
1321072,130.0
1321536,83.0
1321760,131.0
1322960,79.0
1323408,130.0
1325184,64.0
1325440,57.0
1325568,119.0
1326208,71.0
1326608,214.0
1326816,131.0
1327680,131.0
1327760,130.0
1328240,150.0
1329552,131.0
1330096,67.0
1330656,131.0
1330832,131.0
1330992,186.0
1331664,131.0
1333216,131.0
1334208,68.0
1334816,160.0
1335504,185.0
1335696,167.0
1336192,131.0
1336976,53.0
1337616,131.0
1338144,140.0
1338272,51.0
1338576,91.0
1338608,181.0
1338768,50.0
1339824,226.0
1340192,92.0
1340384,131.0
1340576,131.0
1340624,83.0
1340880,131.0
1341968,41.0
1342112,109.0
1342496,131.0
1342992,131.0
1344896,131.0
1345392,300.0
1345696,131.0
1345712,224.0
1346064,131.0
1346448,131.0
1346512,131.0
1346896,131.0
1347264,147.0
1349008,131.0
1349184,293.0
1349344,131.0
1350416,131.0
1351456,151.0
1352480,128.0
1354672,224.0
1355088,131.0
1355296,373.0
1355568,54.0
1356272,168.0
1356944,74.0
1359120,119.0
1359392,131.0
1359488,158.0
1359904,86.0
1360752,131.0
1361136,70.0
1362864,131.0
1362976,64.0
1363616,131.0
1364304,82.0
1365184,131.0
1365328,131.0
1365552,77.0
1366288,45.0
1366496,118.0
1367616,148.0
1368400,171.0
1368608,168.0
1369360,151.0
1370336,123.0
1370864,54.0
1371568,145.0
1372416,130.0
1372432,130.0
1372624,203.0
1373184,46.0
1374176,186.0
1374416,131.0
1375648,57.0
1375664,131.0
1375936,164.0
1376704,131.0
1377008,130.0
1380192,134.0
1380272,131.0
1380976,69.0
1381232,131.0
1381600,103.0
1382096,62.0
1384992,61.0
1385152,131.0
1385392,143.0
1386544,68.0
1386560,87.0
1386992,131.0
1387152,99.0
1387392,43.0
1387792,149.0
1388144,78.0
1389232,129.0
1389760,283.0
1389856,64.0
1392256,131.0
1392512,131.0
1392880,130.0
1393264,62.0
1393872,142.0
1395392,66.0
1395472,100.0
1396192,131.0
1396848,131.0
1397504,80.0
1398304,49.0
1398656,131.0
1399600,130.0
1399920,131.0
1401072,130.0
1401232,47.0
1401376,145.0
1401744,131.0
1402032,131.0
1402336,264.0
1402496,131.0
1402912,223.0
1403392,125.0
1404496,131.0
1404592,130.0
1404944,71.0
1405792,152.0
1407024,311.0
1407952,131.0
1408192,92.0
1408784,130.0
1409024,66.0
1409136,131.0
1409360,130.0
1409712,236.0
1410048,63.0
1410464,68.0
1410816,156.0
1411024,131.0
1412032,53.0
1412080,63.0
1412912,189.0
1413376,131.0
1413840,174.0
1414800,55.0
1415584,80.0
1415952,131.0
1416016,131.0
1416416,131.0
1416816,68.0
1418000,176.0
1418048,163.0
1418944,131.0
1419408,84.0
1420160,131.0
1420160,131.0
1420464,281.0
1420640,131.0
1421120,159.0
1421488,144.0
1421680,131.0
1422496,109.0
1424128,154.0
1424512,44.0
1425840,140.0
1426624,131.0
1426768,68.0
1428880,131.0
1429136,131.0
1429392,383.0
1429632,130.0
1429856,131.0
1430272,131.0
1430304,162.0
1430624,99.0
1431744,76.0
1431920,62.0
1432096,55.0
1432784,154.0
1432912,136.0
1433104,131.0
1433616,131.0
1434576,131.0
1436720,131.0
1437968,197.0
1438112,207.0
1438672,131.0
1439008,176.0
1439792,69.0
1439872,131.0
1440160,360.0
1440480,172.0
1441856,216.0
1442576,130.0
1443872,46.0
1444400,49.0
1445552,128.0
1446592,78.0
1447536,222.0
1448496,131.0
1448576,131.0
1448704,131.0
1448720,91.0
1448896,130.0
1449568,131.0
1449584,54.0
1449792,80.0
1450640,65.0
1450672,64.0
1452400,165.0
1452944,45.0
1453104,194.0
1453792,62.0
1455312,226.0
1456112,131.0
1457600,153.0
1457984,131.0
1458800,47.0
1459344,62.0
1462480,147.0
1463024,96.0
1463216,65.0
1463696,70.0
1464192,148.0
1465136,48.0
1466544,207.0
1467008,64.0
1467264,131.0
1467696,131.0
1467984,145.0
1469120,131.0
1469472,69.0
1469952,130.0
1470832,131.0
1472016,140.0
1472176,187.0
1472960,151.0
1473392,67.0
1473664,43.0
1473936,65.0
1474048,68.0
1474512,64.0
1474880,82.0
1475536,154.0
1476160,131.0
1476240,148.0
1476672,130.0
1476704,131.0
1476944,48.0
1476944,67.0
1477664,59.0
1477792,96.0
1477904,59.0
1480528,170.0
1480816,65.0
1481360,66.0
1482384,131.0
1482448,179.0
1483440,131.0
1483728,83.0
1483888,130.0
1483984,51.0
1484272,131.0
1484560,130.0
1485008,147.0
1485216,61.0
1486880,131.0
1487520,93.0
1487664,131.0
1487744,76.0
1488640,130.0
1490080,131.0
1490304,131.0
1490432,137.0
1490976,143.0
1491824,94.0
1491824,192.0
1492128,158.0
1492528,130.0
1492592,131.0
1492864,131.0
1493072,61.0
1493920,130.0
1494704,131.0
1495248,61.0
1495440,145.0
1495792,96.0
1496048,266.0
1496688,45.0
1496768,44.0
1496832,63.0
1497440,61.0
1498064,154.0
1498944,131.0
1499136,131.0
1499504,179.0
1499552,131.0
1499584,217.0
1500528,153.0
1500544,131.0
1501840,145.0
1502000,205.0
1502336,92.0
1503008,132.0
1504576,58.0
1505104,80.0
1505648,131.0
1505840,176.0
1506560,243.0
1508048,149.0
1508224,43.0
1508672,152.0
1509264,315.0
1510464,144.0
1512368,132.0
1513136,59.0
1513232,108.0
1513696,247.0
1514480,131.0
1514512,50.0
1514688,131.0
1514784,69.0
1515312,197.0
1515424,43.0
1515664,166.0
1515904,71.0
1517072,142.0
1517120,175.0
1517696,130.0
1517808,45.0
1518208,50.0
1518672,46.0
1518800,138.0
1519520,240.0
1519696,63.0
1520304,130.0
1520896,131.0
1521024,274.0
1521584,130.0
1522304,86.0
1524496,149.0
1525056,131.0
1527152,130.0
1527280,65.0
1527360,114.0
1529008,102.0
1529344,86.0
1530096,60.0
1532304,130.0
1533152,131.0
1533184,131.0
1533632,220.0
1533936,131.0
1534384,46.0
1534768,130.0
1535696,81.0
1535840,131.0
1536384,57.0
1536480,159.0
1537104,50.0
1538192,50.0
1538656,102.0
1538720,152.0
1539200,131.0
1539216,131.0
1539744,67.0
1542016,50.0
1544448,66.0
1544448,63.0
1544448,161.0
1544896,113.0
1545360,62.0
1545728,67.0
1546512,119.0
1546592,76.0
1548288,481.0
1548624,131.0
1548832,247.0
1549200,63.0
1549376,154.0
1549408,92.0
1550320,154.0
1550960,272.0
1551216,125.0
1551424,43.0
1551840,130.0
1552704,130.0
1552816,81.0
1553952,131.0
1554336,131.0
1554352,131.0
1555072,174.0
1555232,81.0
1556160,165.0
1556880,44.0
1557184,131.0
1557744,131.0
1558560,131.0
1559152,244.0
1560848,150.0
1561040,131.0
1562208,141.0
1562272,151.0
1562384,201.0
1562896,92.0
1562992,42.0
1563632,173.0
1563760,131.0
1564304,156.0
1564688,57.0
1564704,66.0
1564896,73.0
1565488,185.0
1566928,126.0
1567632,268.0
1568336,131.0
1569664,83.0
1569728,134.0
1569952,146.0
1570592,199.0
1571712,240.0
1572064,44.0
1572176,131.0
1573040,87.0
1573920,72.0
1574400,334.0
1574720,131.0
1575168,84.0
1575232,51.0
1576080,144.0
1576464,188.0
1576528,131.0
1577488,140.0
1577648,149.0
1579008,64.0
1579536,50.0
1580048,94.0
1580208,152.0
1580224,168.0
1580640,130.0
1580992,117.0
1581632,61.0
1581632,131.0
1581872,246.0
1582560,45.0
1582656,198.0
1583312,144.0
1584736,130.0
1584832,199.0
1586176,92.0
1587840,131.0
1587904,131.0
1588976,66.0
1590336,84.0
1590512,131.0
1591056,131.0
1591360,66.0
1592896,150.0
1593472,131.0
1594064,53.0
1595008,131.0
1595024,67.0
1595152,67.0
1597360,130.0
1597392,131.0
1597744,131.0
1597920,49.0
1598880,94.0
1599264,108.0
1599664,217.0
1600256,42.0
1600288,259.0
1600608,131.0
1601040,85.0
1601040,63.0
1601536,51.0
1601680,201.0
1602096,69.0
1605808,371.0
1606240,131.0
1606816,62.0
1607040,63.0
1607696,130.0
1610608,50.0
1610960,131.0
1611392,175.0
1611408,131.0
1611536,189.0
1612128,210.0
1612160,163.0
1613200,217.0
1613744,129.0
1613872,145.0
1614480,45.0
1615104,131.0
1615808,52.0
1616368,131.0
1617136,146.0
1617888,165.0
1618976,131.0
1618992,163.0
1620928,131.0
1623680,142.0
1623872,201.0
1624096,237.0
1624720,130.0
1624752,131.0
1625424,131.0
1625488,45.0
1626640,158.0
1627536,131.0
1627568,131.0
1627984,113.0
1628080,221.0
1629392,145.0
1629696,85.0
1629872,45.0
1630832,246.0
1630960,149.0
1631248,150.0
1632144,51.0
1632640,51.0
1634544,169.0
1634704,153.0
1634864,91.0
1637296,49.0
1637456,59.0
1638304,234.0
1639056,65.0
1640080,61.0
1644832,161.0
1644992,64.0
1645632,48.0
1645680,65.0
1645840,131.0
1646016,100.0
1648304,152.0
1648704,131.0
1649056,131.0
1649760,148.0
1649792,103.0
1650160,200.0
1650416,131.0
1650800,131.0
1650816,63.0
1650928,61.0
1651072,147.0
1652000,131.0
1652928,241.0
1653120,167.0
1654720,131.0
1655472,143.0
1655856,94.0
1655856,131.0
1656096,53.0
1657824,146.0
1658480,106.0
1659056,125.0
1659456,105.0
1660112,71.0
1661088,162.0
1661120,64.0
1662096,164.0
1663376,131.0
1664368,67.0
1664864,92.0
1666816,57.0
1667232,131.0
1667680,154.0
1668320,65.0
1668352,72.0
1668816,131.0
1669488,154.0
1669520,60.0
1669920,63.0
1670240,131.0
1670928,131.0
1671136,75.0
1671248,50.0
1672288,130.0
1672592,41.0
1673584,104.0
1674064,131.0
1674608,60.0
1674704,131.0
1675584,162.0
1675872,130.0
1677328,107.0
1677376,131.0
1678192,131.0
1679088,225.0
1679312,67.0
1679440,131.0
1679456,239.0
1679568,55.0
1680224,151.0
1680400,131.0
1681776,131.0
1683264,130.0
1684560,131.0
1684656,71.0
1685344,84.0
1685376,131.0
1685440,48.0
1685664,131.0
1686320,62.0
1686544,131.0
1687600,65.0
1687712,64.0
1688432,131.0
1688816,174.0
1689360,102.0
1691152,56.0
1692848,131.0
1692896,71.0
1693264,131.0
1693632,154.0
1693680,66.0
1693872,131.0
1694800,130.0
1694880,130.0
1695008,131.0
1695344,55.0
1696256,148.0
1696832,131.0
1696992,131.0
1697456,131.0
1697584,131.0
1698064,171.0
1700176,131.0
1700256,194.0
1701216,131.0
1702128,146.0
1702768,137.0
1704656,131.0
1705376,162.0
1706032,112.0
1706480,68.0
1708128,417.0
1708496,142.0
1708560,157.0
1709008,68.0
1709312,149.0
1709552,65.0
1710592,153.0
1710704,237.0
1711136,66.0
1711328,62.0
1713248,131.0
1713632,130.0
1714784,147.0
1715568,133.0
1715744,131.0
1715840,65.0
1715968,51.0
1716416,65.0
1716608,131.0
1718352,273.0
1719872,221.0
1721440,60.0
1721872,118.0
1722208,217.0
1722240,117.0
1722384,58.0
1722752,131.0
1722832,436.0
1723200,60.0
1723552,211.0
1724656,45.0
1726000,131.0
1726464,131.0
1728112,131.0
1728128,131.0
1728384,201.0
1729168,65.0
1729472,131.0
1729568,131.0
1730352,131.0
1731072,151.0
1731664,217.0
1732368,131.0
1732704,110.0
1733072,131.0
1733984,151.0
1734800,141.0
1734928,102.0
1735024,144.0
1735184,131.0
1735344,61.0
1735520,132.0
1736640,69.0
1736848,68.0
1737296,131.0
1737408,201.0
1737552,43.0
1737616,93.0
1738416,49.0
1740272,87.0
1740848,205.0
1740992,56.0
1741040,128.0
1742176,130.0
1742176,192.0
1742896,161.0
1743184,62.0
1744400,207.0
1744672,131.0
1744928,51.0
1745312,130.0
1746176,173.0
1746624,105.0
1746944,63.0
1747584,147.0
1747616,61.0
1747888,131.0
1748720,64.0
1749056,131.0
1749728,131.0
1751248,86.0
1751584,157.0
1752000,163.0
1753472,54.0
1753712,141.0
1754240,176.0
1754528,69.0
1755024,148.0
1755808,130.0
1756352,131.0
1756416,131.0
1757872,116.0
1758256,109.0
1758736,43.0
1759008,160.0
1759488,229.0
1760080,66.0
1760800,130.0
1760832,131.0
1761248,109.0
1761664,45.0
1762480,104.0
1763344,131.0
1764864,131.0
1764992,205.0
1765232,248.0
1765552,159.0
1765904,131.0
1766304,174.0
1766448,341.0
1767136,42.0
1767216,63.0
1767280,107.0
1767328,129.0
1768976,328.0
1769248,126.0
1769776,506.0
1770000,131.0
1770256,316.0
1772432,54.0
1772720,207.0
1773088,131.0
1773712,278.0
1773984,84.0
1774784,48.0
1774992,130.0
1776080,365.0
1776096,131.0
1776880,130.0
1778512,72.0
1778864,101.0
1779168,49.0
1780448,131.0
1781248,131.0
1781712,53.0
1784272,131.0
1784272,150.0
1784448,44.0
1784560,174.0
1785408,82.0
1785440,196.0
1786576,130.0
1788048,61.0
1789312,131.0
1789808,162.0
1789808,102.0
1790064,46.0
1791344,74.0
1791984,144.0
1792688,169.0
1792736,213.0
1793296,114.0
1793744,129.0
1794992,131.0
1795888,131.0
1795904,178.0
1796096,131.0
1797088,175.0
1797936,131.0
1798896,131.0
1799024,131.0
1799440,93.0
1799472,156.0
1800416,130.0
1800480,161.0
1801312,130.0
1801888,131.0
1801952,91.0
1802624,161.0
1803248,181.0
1804064,65.0
1804560,230.0
1804624,131.0
1805136,71.0
1805168,131.0
1805568,51.0
1805888,131.0
1806384,43.0
1806736,131.0
1807440,47.0
1807984,98.0
1807984,131.0
1808160,44.0
1810112,133.0
1810384,114.0
1810816,220.0
1811840,230.0
1812224,49.0
1812496,131.0
1812512,149.0
1813568,45.0
1813824,145.0
1815136,114.0
1816320,182.0
1816448,131.0
1816880,169.0
1817072,131.0
1818032,147.0
1818160,129.0
1818432,131.0
1819008,175.0
1819056,131.0
1819808,46.0
1820272,131.0
1820432,146.0
1820928,55.0
1821008,185.0
1821856,108.0
1822592,65.0
1824368,131.0
1825056,144.0
1825648,89.0
1825808,46.0
1826176,67.0
1826400,63.0
1827088,130.0
1827920,141.0
1827952,130.0
1828240,117.0
1828576,131.0
1828832,131.0
1828944,158.0
1829072,180.0
1829888,50.0
1829904,151.0
1830880,130.0
1831264,156.0
1832160,55.0
1832288,98.0
1832928,51.0
1834768,55.0
1834880,131.0
1835808,131.0
1835856,371.0
1836384,131.0
1837008,153.0
1837872,131.0
1838208,207.0
1838496,131.0
1838896,131.0
1839136,139.0
1839328,69.0
1841200,44.0
1842624,131.0
1842656,298.0
1843072,50.0
1843264,131.0
1843552,60.0
1843552,166.0
1843872,55.0
1844592,206.0
1844960,87.0
1845376,131.0
1845664,43.0
1846496,218.0
1849424,67.0
1849504,173.0
1850304,64.0
1850336,130.0
1851552,131.0
1852352,182.0
1852416,131.0
1852544,131.0
1852880,210.0
1853360,155.0
1854416,143.0
1855568,131.0
1856208,118.0
1856768,437.0
1857024,147.0
1857088,131.0
1857440,61.0
1857776,62.0
1857952,283.0
1858448,191.0
1859056,80.0
1859136,131.0
1860064,131.0
1860544,95.0
1861024,160.0
1861296,68.0
1861360,131.0
1862864,148.0
1863104,129.0
1863472,131.0
1864064,173.0
1864064,59.0
1865232,67.0
1867312,73.0
1867424,131.0
1867472,60.0
1869344,169.0
1870128,154.0
1870400,88.0
1870544,62.0
1870752,172.0
1872688,108.0
1872768,131.0
1873072,131.0
1873792,77.0
1874064,53.0
1874064,360.0
1875232,94.0
1875296,131.0
1875744,333.0
1876016,207.0
1876144,129.0
1876560,128.0
1876928,56.0
1877856,131.0
1878864,47.0
1879088,157.0
1879488,146.0
1879936,188.0
1880064,99.0
1880416,102.0
1881024,53.0
1881520,248.0
1882304,55.0
1883344,68.0
1883824,90.0
1885888,131.0
1885984,146.0
1886112,274.0
1886528,68.0
1887264,131.0
1888336,130.0
1888384,148.0
1888992,219.0
1889088,47.0
1890128,63.0
1891344,131.0
1894480,149.0
1895536,131.0
1896064,180.0
1897120,136.0
1898592,248.0
1899136,197.0
1899904,154.0
1900320,31.0
1901232,178.0
1901408,131.0
1901728,131.0
1903424,136.0
1903568,94.0
1903840,131.0
1905792,133.0
1905856,94.0
1905936,130.0
1906000,131.0
1906960,131.0
1907616,159.0
1907840,279.0
1910080,130.0
1910112,129.0
1910288,131.0
1910320,130.0
1912224,213.0
1912432,131.0
1912896,129.0
1913648,75.0
1914752,244.0
1915040,131.0
1915600,131.0
1916576,176.0
1918208,130.0
1918976,289.0
1919344,70.0
1920080,143.0
1920944,42.0
1921184,148.0
1921360,150.0
1922416,147.0
1922496,81.0
1922528,131.0
1922800,138.0
1922800,68.0
1923040,130.0
1924256,131.0
1924528,131.0
1925056,166.0
1925312,114.0
1926448,131.0
1927360,130.0
1927664,200.0
1927920,123.0
1928208,163.0
1928560,131.0
1929664,287.0
1930128,174.0
1930560,146.0
1931024,108.0
1932080,177.0
1932656,57.0
1932768,130.0
1932976,121.0
1933488,161.0
1934464,148.0
1935216,56.0
1935536,130.0
1935968,131.0
1936864,61.0
1937376,142.0
1938080,131.0
1938880,177.0
1938912,47.0
1939568,251.0
1939600,61.0
1940032,103.0
1940064,130.0
1940304,43.0
1941152,61.0
1941552,132.0
1943056,130.0
1944640,131.0
1944640,217.0
1945232,131.0
1946208,162.0
1947152,156.0
1948016,131.0
1948512,173.0
1949792,114.0
1949872,44.0
1950176,130.0
1951232,131.0
1951792,61.0
1952304,131.0
1953040,54.0
1953296,190.0
1953536,181.0
1953808,131.0
1953904,47.0
1955856,44.0
1957072,131.0
1957520,161.0
1957568,48.0
1958592,219.0
1958784,65.0
1958992,63.0
1960016,56.0
1960032,89.0
1960464,180.0
1960640,182.0
1960960,131.0
1962032,131.0
1962496,131.0
1962544,110.0
1962736,130.0
1963072,64.0
1963344,49.0
1963552,65.0
1964592,134.0
1965184,131.0
1965184,131.0
1965248,510.0
1966048,137.0
1966144,73.0
1967296,131.0
1969472,153.0
1970032,135.0
1971952,48.0
1972592,45.0
1973424,71.0
1975792,163.0
1976176,131.0
1977280,244.0
1977952,173.0
1978480,153.0
1979120,63.0
1979360,423.0
1979680,147.0
1981440,64.0
1981792,131.0
1982112,237.0
1982592,49.0
1983184,66.0
1984096,165.0
1984352,336.0
1984400,67.0
1985968,159.0
1987360,262.0
1988096,153.0
1988208,174.0
1988256,68.0
1988400,44.0
1989024,131.0
1989952,94.0
1990832,160.0
1991248,119.0
1992160,138.0
1992416,60.0
1993424,130.0
1994208,184.0
1994432,131.0
1995440,62.0
1995904,154.0
1997216,131.0
1997312,230.0
1999424,131.0
1999744,156.0
2000016,170.0
2001024,80.0
2001552,130.0
2001856,70.0
2002496,131.0
2003136,131.0
2003472,57.0
2003552,129.0
2004016,131.0
2006464,86.0
2006560,117.0
2006816,52.0
2007232,131.0
2007376,93.0
2007888,57.0
2009552,177.0
2009888,155.0
2010096,218.0
2010912,44.0
2011488,131.0
2012352,153.0
2012464,131.0
2012896,131.0
2013184,195.0
2014640,54.0
2014992,130.0
2015360,65.0
2016240,59.0
2016864,167.0
2016976,45.0
2017456,192.0
2019088,131.0
2019280,64.0
2019392,46.0
2019472,62.0
2020128,45.0
2020288,62.0
2021648,74.0
2021680,46.0
2021728,46.0
2022016,168.0
2023824,130.0
2024016,142.0
2024272,167.0
2025696,330.0
2025792,89.0
2026304,126.0
2027376,112.0
2027968,266.0
2028208,64.0
2029056,104.0
2032208,209.0
2032336,77.0
2033184,161.0
2033488,131.0
2035360,61.0
2035408,207.0
2035760,187.0
2036720,220.0
2037312,131.0
2037408,112.0
2038096,54.0
2038608,129.0
2039520,73.0
2040304,152.0
2040608,129.0
2040624,243.0
2040640,265.0
2041632,131.0
2042256,154.0
2042352,100.0
2042464,113.0
2043344,291.0
2043488,172.0
2043792,43.0
2045792,200.0
2045968,141.0
2047520,172.0
2047616,131.0
2048160,147.0
2048480,131.0
2048992,322.0
2049088,123.0
2050576,189.0
2051056,56.0
2051920,131.0
2052224,195.0
2052672,99.0
2053072,131.0
2053856,120.0
2054144,188.0
2054464,43.0
2054576,44.0
2055280,137.0
2055296,170.0
2055584,48.0
2056384,65.0
2056864,158.0
2056880,262.0
2058864,154.0
2058896,154.0
2059104,63.0
2059312,168.0
2059616,174.0
2059808,146.0
2060176,300.0
2060512,88.0
2061968,131.0
2062176,130.0
2062720,137.0
2063808,131.0
2064816,149.0
2065504,131.0
2066128,61.0
2066640,161.0
2067424,94.0
2067648,131.0
2068112,73.0
2069536,131.0
2070224,131.0
2070336,131.0
2070352,122.0
2071632,70.0
2071760,149.0
2072192,165.0
2072752,268.0
2072752,157.0
2073568,131.0
2073680,172.0
2074096,171.0
2074384,67.0
2075136,97.0
2076448,146.0
2076496,131.0
2077776,131.0
2078016,264.0
2078256,130.0
2078656,126.0
2079152,129.0
2080272,411.0
2080416,57.0
2080592,250.0
2080928,63.0
2081024,131.0
2081568,180.0
2082144,121.0
2082256,131.0
2083088,66.0
2083504,154.0
2083680,131.0
2084096,131.0
2085136,131.0
2085552,151.0
2087616,154.0
2088352,202.0
2088624,187.0
2089008,66.0
2091440,293.0
2093296,291.0
2093296,131.0
2094016,131.0
2094208,148.0
2094528,103.0
2095136,61.0
2095872,550.0
2096240,122.0
2096752,158.0
2097248,131.0
2097520,131.0
2098000,46.0
2099312,284.0
2099408,131.0
2099840,192.0
2102144,131.0
2103376,104.0
2103376,72.0
2104064,47.0
2104368,58.0
2105504,62.0
2105776,130.0
2107168,236.0
2107664,119.0
2107920,176.0
2108032,130.0
2108688,461.0
2109248,129.0
2110144,131.0
2110560,180.0
2110880,48.0
2111040,131.0
2111200,117.0
2112608,166.0
2113216,65.0
2113472,141.0
2115408,66.0
2117184,266.0
2117312,44.0
2117696,57.0
2118784,102.0
2119872,49.0
2119904,131.0
2120576,51.0
2121472,160.0
2121632,72.0
2121680,131.0
2121696,131.0
2122720,69.0
2122736,65.0
2122880,130.0
2123440,145.0
2123984,146.0
2124176,51.0
2125296,131.0
2125952,201.0
2125968,64.0
2126416,162.0
2126912,141.0
2127296,82.0
2127568,58.0
2128000,147.0
2128240,79.0
2128528,131.0
2128608,165.0
2128800,202.0
2129680,131.0
2129856,159.0
2131344,217.0
2132256,106.0
2132944,137.0
2133552,82.0
2133648,86.0
2134736,60.0
2134816,130.0
2135664,131.0
2135872,70.0
2136992,69.0
2137104,130.0
2137136,129.0
2138416,130.0
2139152,90.0
2140224,66.0
2140576,157.0
2141968,207.0
2142304,131.0
2143072,81.0
2143280,243.0
2143504,45.0
2144016,130.0
2144752,107.0
2145680,180.0
2146944,181.0
2147056,131.0
2148224,79.0
2148336,142.0
2148816,46.0
2148848,148.0
2149792,131.0
2149872,161.0
2150384,207.0
2150752,131.0
2150752,130.0
2151728,108.0
2152560,135.0
2152640,117.0
2153712,133.0
2154416,131.0
2154480,171.0
2155616,190.0
2155824,131.0
2156064,98.0
2156496,99.0
2156528,150.0
2156608,115.0
2157952,130.0
2158704,130.0
2158768,131.0
2159776,131.0
2159872,131.0
2160736,137.0
2161504,174.0
2161824,46.0
2162400,55.0
2165408,58.0
2165472,71.0
2165904,130.0
2165904,143.0
2166144,178.0
2166160,174.0
2167232,131.0
2167680,130.0
2168352,50.0
2169072,157.0
2169792,67.0
2169952,131.0
2170016,145.0
2170672,130.0
2171040,194.0
2173152,101.0
2173424,45.0
2173600,50.0
2174112,131.0
2176512,131.0
2176672,131.0
2176960,79.0
2177024,155.0
2177200,158.0
2178016,237.0
2179488,150.0
2179504,143.0
2179552,147.0
2180640,225.0
2180688,73.0
2180752,238.0
2181744,68.0
2181968,159.0
2182256,93.0
2184352,130.0
2186736,273.0
2188400,69.0
2188608,131.0
2188848,131.0
2189200,131.0
2189984,120.0
2190800,149.0
2191808,70.0
2192304,44.0
2192752,209.0
2194208,144.0
2196032,131.0
2197696,64.0
2198032,246.0
2198112,63.0
2199072,54.0
2200032,59.0
2200048,87.0
2201520,59.0
2202032,130.0
2202464,150.0
2202848,131.0
2202880,78.0
2204848,55.0
2206832,69.0
2206912,130.0
2206928,146.0
2206976,409.0
2207088,46.0
2207392,248.0
2208736,118.0
2209504,131.0
2210144,131.0
2210736,152.0
2213072,244.0
2213136,124.0
2213984,166.0
2214464,158.0
2217280,130.0
2218624,193.0
2219376,64.0
2220384,62.0
2220592,131.0
2220640,166.0
2222192,175.0
2222704,131.0
2223008,50.0
2223968,132.0
2225104,64.0
2225712,179.0
2225888,48.0
2225952,131.0
2226192,58.0
2226880,42.0
2227024,70.0
2227856,56.0
2228304,164.0
2228688,145.0
2228704,131.0
2229136,131.0
2229664,130.0
2229680,98.0
2230416,131.0
2230464,45.0
2231248,131.0
2232704,251.0
2232928,131.0
2234128,64.0
2234400,244.0
2236352,173.0
2236608,131.0
2237328,57.0
2237536,139.0
2238032,97.0
2238352,64.0
2238512,60.0
2239440,131.0
2239456,45.0
2240416,64.0
2241152,45.0
2241648,158.0
2242240,67.0
2243104,138.0
2243536,83.0
2244208,55.0
2244464,57.0
2244496,142.0
2244848,204.0
2245136,57.0
2245248,46.0
2245680,137.0
2246144,80.0
2246320,175.0
2246832,61.0
2247296,127.0
2247904,145.0
2247952,175.0
2248000,173.0
2249792,131.0
2251376,254.0
2251568,54.0
2251904,131.0
2252640,57.0
2253616,213.0
2253824,96.0
2255200,74.0
2255280,130.0
2255616,185.0
2255792,131.0
2258224,131.0
2259568,103.0
2260688,210.0
2263696,78.0
2265296,353.0
2265568,275.0
2265760,220.0
2265808,131.0
2266800,93.0
2267056,131.0
2267184,163.0
2267520,131.0
2267568,124.0
2267904,131.0
2268128,131.0
2269312,131.0
2269472,150.0
2271216,108.0
2271328,62.0
2271488,135.0
2271840,147.0
2271840,147.0
2272512,63.0
2273360,131.0
2273776,173.0
2274752,129.0
2274944,131.0
2275680,170.0
2276512,131.0
2278704,171.0
2278736,220.0
2278768,175.0
2279120,251.0
2279520,131.0
2279552,50.0
2280240,61.0
2281328,90.0
2281360,40.0
2283024,235.0
2283168,130.0
2283376,172.0
2284336,298.0
2285216,131.0
2285264,277.0
2285552,172.0
2285824,174.0
2286240,82.0
2287120,229.0
2288784,239.0
2289488,67.0
2289728,228.0
2290112,107.0
2290560,59.0
2291152,64.0
2291456,124.0
2291824,83.0
2292928,260.0
2292944,148.0
2294176,73.0
2294464,131.0
2294912,45.0
2295824,82.0
2297056,69.0
2297168,130.0
2297504,131.0
2297712,367.0
2298720,131.0
2299488,131.0
2299568,243.0
2301456,351.0
2301744,74.0
2303776,130.0
2303856,131.0
2304848,66.0
2304896,55.0
2304928,121.0
2305248,220.0
2305712,74.0
2305728,51.0
2305776,171.0
2306512,56.0
2308048,66.0
2308704,147.0
2309008,205.0
2309856,187.0
2312080,130.0
2313504,170.0
2313504,131.0
2313808,85.0
2313824,139.0
2314400,130.0
2314624,63.0
2315072,98.0
2315680,65.0
2316128,163.0
2316400,130.0
2317104,131.0
2317648,146.0
2318032,227.0
2318512,131.0
2319136,66.0
2320080,154.0
2321552,137.0
2321824,92.0
2322432,250.0
2322784,130.0
2324720,130.0
2325024,52.0
2325168,148.0
2325280,130.0
2325280,159.0
2325408,165.0
2326000,155.0
2328080,276.0
2329040,53.0
2329792,71.0
2330224,54.0
2330272,231.0
2330816,173.0
2331392,54.0
2332336,145.0
2334848,156.0
2334864,65.0
2339696,377.0
2339744,66.0
2340640,58.0
2341584,130.0
2341888,130.0
2343216,67.0
2343440,307.0
2343648,187.0
2344560,131.0
2344656,54.0
2344688,121.0
2345104,140.0
2345136,269.0
2345200,154.0
2345664,62.0
2346448,117.0
2347392,168.0
2348592,129.0
2349200,57.0
2349728,76.0
2351088,148.0
2352704,67.0
2354208,157.0
2354880,321.0
2355520,47.0
2356912,171.0
2357312,146.0
2357776,68.0
2358064,71.0
2358480,145.0
2358640,165.0
2361696,131.0
2361872,284.0
2361920,210.0
2362288,62.0
2362880,67.0
2363136,191.0
2363136,131.0
2363872,164.0
2365072,210.0
2365216,131.0
2365280,226.0
2365728,70.0
2366112,270.0
2366192,159.0
2366512,210.0
2366640,56.0
2367920,107.0
2368928,69.0
2369232,75.0
2369248,131.0
2369520,55.0
2369600,63.0
2370032,131.0
2370064,44.0
2370080,131.0
2371360,131.0
2372160,129.0
2372256,165.0
2372688,71.0
2372816,260.0
2372896,176.0
2373184,101.0
2374368,142.0
2374928,131.0
2376704,283.0
2377280,131.0
2377632,131.0
2377808,144.0
2377936,81.0
2380720,185.0
2381280,131.0
2381856,85.0
2382672,197.0
2382800,129.0
2383344,88.0
2383792,63.0
2384048,150.0
2384432,170.0
2384480,130.0
2384992,58.0
2385152,285.0
2385808,85.0
2386480,53.0
2386544,94.0
2388976,155.0
2389584,129.0
2390304,282.0
2390512,322.0
2390928,83.0
2390976,327.0
2391296,48.0
2392240,223.0
2392320,131.0
2392944,131.0
2393264,131.0
2394544,202.0
2394880,51.0
2395440,162.0
2396544,42.0
2396640,130.0
2397360,169.0
2398624,131.0
2400832,62.0
2401936,72.0
2402816,54.0
2403392,213.0
2404128,192.0
2404432,137.0
2404656,131.0
2405296,177.0
2406464,309.0
2408944,69.0
2409136,151.0
2410576,101.0
2410704,182.0
2410752,131.0
2412080,82.0
2412080,131.0
2412192,141.0
2413744,121.0
2413792,165.0
2413920,208.0
2413952,157.0
2414576,110.0
2414640,356.0
2414752,59.0
2415376,90.0
2416912,87.0
2417488,131.0
2417536,70.0
2418240,130.0
2419200,206.0
2419232,131.0
2419904,151.0
2420992,93.0
2421392,66.0
2423776,115.0
2424128,130.0
2424432,182.0
2424816,144.0
2425072,164.0
2425200,191.0
2425808,130.0
2425872,108.0
2428032,224.0
2428512,66.0
2429968,227.0
2430288,96.0
2430800,51.0
2431440,134.0
2431840,147.0
2432112,224.0
2432144,55.0
2432864,87.0
2432912,131.0
2433616,58.0
2434112,141.0
2434384,49.0
2434496,98.0
2437248,171.0
2438224,131.0
2438336,131.0
2438352,127.0
2438976,107.0
2439232,294.0
2440736,157.0
2440784,185.0
2440848,104.0
2441216,186.0
2442080,259.0
2442416,42.0
2443456,131.0
2445232,131.0
2445520,194.0
2445568,131.0
2445760,209.0
2446640,131.0
2447472,118.0
2447744,68.0
2448960,130.0
2449040,204.0
2450464,130.0
2450608,102.0
2451088,66.0
2454272,154.0
2454928,133.0
2455792,193.0
2457760,93.0
2458240,152.0
2458400,171.0
2458480,47.0
2458672,131.0
2458912,288.0
2461152,134.0
2461232,65.0
2461696,132.0
2462560,87.0
2463200,89.0
2464080,183.0
2464352,300.0
2464400,131.0
2464672,149.0
2464912,146.0
2466432,39.0
2467872,148.0
2468256,47.0
2468336,129.0
2468784,202.0
2469616,130.0
2469664,66.0
2470416,81.0
2471328,155.0
2471728,131.0
2472336,65.0
2475152,310.0
2475424,49.0
2476976,115.0
2477488,176.0
2479552,130.0
2480704,131.0
2480752,130.0
2482800,278.0
2483664,44.0
2484160,131.0
2484464,201.0
2484464,320.0
2485216,150.0
2485424,78.0
2486096,201.0
2486576,181.0
2486592,83.0
2487072,236.0
2487328,45.0
2487360,119.0
2489200,163.0
2489456,191.0
2490304,131.0
2491152,62.0
2491680,115.0
2491888,45.0
2492256,131.0
2493744,146.0
2494000,55.0
2496224,131.0
2496816,189.0
2496992,149.0
2497968,44.0
2498160,131.0
2498288,88.0
2498752,131.0
2499088,69.0
2500048,102.0
2500848,143.0
2500864,131.0
2501184,130.0
2501568,189.0
2501632,47.0
2501856,174.0
2502064,317.0
2503024,64.0
2503968,131.0
2504368,265.0
2504640,84.0
2504976,131.0
2505056,134.0
2505232,150.0
2505408,239.0
2506048,131.0
2506736,104.0
2507232,140.0
2507664,151.0
2509264,92.0
2509440,241.0
2510368,68.0
2510976,68.0
2511664,145.0
2512000,61.0
2512672,131.0
2512688,180.0
2513312,51.0
2514048,45.0
2514320,304.0
2514544,198.0
2515200,152.0
2515632,319.0
2516256,71.0
2517088,79.0
2517472,81.0
2518240,47.0
2520688,186.0
2520992,124.0
2523632,164.0
2524800,257.0
2524928,264.0
2525040,176.0
2525136,42.0
2525984,65.0
2526816,71.0
2527824,216.0
2528992,142.0
2529616,325.0
2529920,130.0
2530144,93.0
2530768,126.0
2531312,217.0
2532368,277.0
2532560,164.0
2533184,38.0
2533408,64.0
2534400,132.0
2534896,86.0
2536176,62.0
2536880,123.0
2537056,241.0
2537328,71.0
2537520,197.0
2537744,224.0
2537856,149.0
2538048,85.0
2538144,47.0
2538944,388.0
2539024,70.0
2539104,77.0
2540144,175.0
2540720,253.0
2541600,294.0
2542256,201.0
2543056,131.0
2543376,187.0
2544384,143.0
2544432,256.0
2544608,146.0
2545280,155.0
2545312,131.0
2545808,94.0
2546032,272.0
2548784,131.0
2550144,69.0
2550144,131.0
2551344,149.0
2551616,71.0
2554256,210.0
2555280,63.0
2555760,363.0
2555856,68.0
2555968,50.0
2557216,206.0
2557776,42.0
2558560,201.0
2559008,131.0
2559264,51.0
2559664,128.0
2560528,282.0
2560752,192.0
2563536,175.0
2564432,119.0
2564784,94.0
2564992,216.0
2565808,172.0
2566064,101.0
2566592,65.0
2566752,109.0
2566832,70.0
2567360,42.0
2567968,118.0
2568336,157.0
2569056,149.0
2569344,100.0
2571712,147.0
2571728,131.0
2572816,234.0
2573696,65.0
2573696,97.0
2576624,129.0
2576912,121.0
2577472,103.0
2577536,180.0
2577712,128.0
2577824,131.0
2579568,147.0
2580416,64.0
2581104,190.0
2582032,198.0
2582928,161.0
2583024,215.0
2584288,211.0
2585456,136.0
2585856,182.0
2586256,131.0
2586496,216.0
2587040,47.0
2587184,184.0
2587552,226.0
2588672,73.0
2589952,79.0
2590016,167.0
2592432,131.0
2593968,341.0
2594064,56.0
2594176,195.0
2595376,501.0
2595680,206.0
2595856,130.0
2596480,92.0
2598592,93.0
2599136,326.0
2599200,74.0
2600768,131.0
2601200,99.0
2601664,47.0
2601824,115.0
2601872,41.0
2602048,177.0
2603056,151.0
2604048,186.0
2605648,111.0
2605840,68.0
2610192,149.0
2610400,63.0
2610480,177.0
2612352,406.0
2612832,540.0
2613072,273.0
2614128,187.0
2614416,131.0
2614464,131.0
2616288,134.0
2616512,229.0
2616560,179.0
2618368,245.0
2618960,146.0
2619680,150.0
2620208,160.0
2620288,108.0
2620448,131.0
2621008,72.0
2621104,88.0
2621664,245.0
2622448,124.0
2622976,170.0
2623440,279.0
2624448,109.0
2624848,87.0
2625808,109.0
2626112,57.0
2626224,336.0
2626384,190.0
2626608,61.0
2628144,206.0
2628944,226.0
2629136,196.0
2629568,451.0
2629776,65.0
2629984,75.0
2631376,63.0
2631920,133.0
2632128,131.0
2633456,95.0
2634400,130.0
2636224,302.0
2636464,289.0
2636640,60.0
2637536,336.0
2639184,48.0
2639616,469.0
2639648,131.0
2639696,265.0
2640464,83.0
2641376,275.0
2641488,106.0
2643456,186.0
2643520,207.0
2643968,130.0
2645136,221.0
2645680,130.0
2646096,63.0
2647392,140.0
2649456,187.0
2649456,187.0
2649632,245.0
2651008,134.0
2651536,187.0
2652096,43.0
2652224,116.0
2652304,105.0
2652864,63.0
2653456,249.0
2653568,51.0
2654960,130.0
2655312,187.0
2657552,255.0
2657776,153.0
2658704,148.0
2661216,165.0
2661680,55.0
2662240,91.0
2662944,131.0
2663472,219.0
2664432,78.0
2664528,59.0
2664560,64.0
2664640,186.0
2665712,215.0
2666752,64.0
2666960,77.0
2667328,112.0
2667872,148.0
2668400,66.0
2668640,242.0
2669328,130.0
2669696,159.0
2669856,180.0
2671280,43.0
2672416,207.0
2673072,131.0
2673552,180.0
2675648,131.0
2676512,146.0
2677824,154.0
2678704,176.0
2679664,130.0
2679920,130.0
2680208,93.0
2680992,45.0
2681120,301.0
2682208,124.0
2682576,275.0
2683232,131.0
2683296,423.0
2683856,99.0
2684272,64.0
2684960,314.0
2687328,207.0
2687376,438.0
2687600,131.0
2688736,203.0
2689472,45.0
2689728,342.0
2689920,110.0
2691232,226.0
2692112,147.0
2693328,302.0
2693568,229.0
2693584,56.0
2694160,216.0
2694384,129.0
2694944,231.0
2695136,226.0
2696512,149.0
2697488,84.0
2699712,48.0
2700096,258.0
2700144,54.0
2700640,42.0
2701824,131.0
2703952,68.0
2704736,170.0
2704736,181.0
2705568,159.0
2705664,53.0
2706368,131.0
2710528,216.0
2711856,118.0
2712512,73.0
2714464,353.0
2714512,165.0
2716048,146.0
2717792,142.0
2721664,106.0
2722032,73.0
2722944,72.0
2723552,167.0
2724064,69.0
2725248,144.0
2726128,190.0
2727296,206.0
2728160,93.0
2729616,378.0
2730368,96.0
2730976,176.0
2734016,141.0
2736112,91.0
2736128,131.0
2736768,212.0
2738528,131.0
2741008,154.0
2741632,306.0
2744432,213.0
2744880,154.0
2745424,282.0
2745728,117.0
2747856,215.0
2748304,213.0
2748336,106.0
2749296,131.0
2749552,143.0
2749584,63.0
2750912,151.0
2751280,130.0
2751552,130.0
2751776,44.0
2753536,354.0
2753856,111.0
2754480,221.0
2756624,172.0
2756672,96.0
2756864,139.0
2757648,43.0
2757872,57.0
2758608,151.0
2759856,131.0
2760800,306.0
2761248,279.0
2761248,93.0
2761440,54.0
2761840,209.0
2762432,493.0
2763360,131.0
2763712,62.0
2764144,52.0
2766096,309.0
2766896,130.0
2767280,222.0
2767760,103.0
2768176,70.0
2768336,292.0
2768768,63.0
2769296,130.0
2769568,142.0
2769616,169.0
2771152,148.0
2771488,260.0
2772304,293.0
2772896,434.0
2773376,45.0
2773824,186.0
2773904,57.0
2774192,149.0
2775056,131.0
2776912,130.0
2776992,117.0
2777632,214.0
2779344,207.0
2780336,61.0
2780448,273.0
2781696,41.0
2781792,122.0
2781984,130.0
2782032,166.0
2783536,126.0
2785008,273.0
2785344,77.0
2785664,74.0
2786560,153.0
2787360,452.0
2787440,436.0
2788064,185.0
2788224,274.0
2788272,65.0
2788672,207.0
2788960,143.0
2791040,128.0
2791040,253.0
2792128,67.0
2792336,117.0
2793136,316.0
2794720,208.0
2794864,170.0
2795024,63.0
2795536,69.0
2797168,191.0
2797584,244.0
2797888,178.0
2798448,169.0
2798864,204.0
2799184,278.0
2799216,224.0
2799872,312.0
2800352,131.0
2800720,52.0
2803376,334.0
2805392,289.0
2805760,146.0
2806464,142.0
2808112,193.0
2808896,167.0
2810544,50.0
2811136,361.0
2811904,131.0
2813088,261.0
2814048,71.0
2814608,253.0
2815312,56.0
2816560,58.0
2817536,192.0
2819968,131.0
2820256,255.0
2820608,217.0
2821216,59.0
2823504,111.0
2826064,329.0
2826528,237.0
2827536,237.0
2827648,307.0
2828080,125.0
2828144,300.0
2830048,130.0
2830864,162.0
2831024,116.0
2831056,66.0
2831184,220.0
2831216,48.0
2833184,124.0
2834384,131.0
2834496,177.0
2834832,130.0
2835504,312.0
2835936,316.0
2837584,69.0
2837824,289.0
2838208,228.0
2838384,92.0
2838384,47.0
2839824,231.0
2841344,304.0
2844352,212.0
2844352,130.0
2844800,196.0
2845104,164.0
2847136,145.0
2847280,182.0
2849056,365.0
2849120,70.0
2849568,195.0
2850176,180.0
2853472,275.0
2854544,251.0
2855264,237.0
2855968,167.0
2856768,305.0
2858112,166.0
2858688,131.0
2860208,99.0
2861056,147.0
2861488,294.0
2862224,146.0
2862480,341.0
2862528,294.0
2863904,125.0
2864272,132.0
2864528,200.0
2865104,259.0
2865776,298.0
2867616,156.0
2868672,112.0
2868816,207.0
2868896,91.0
2870160,365.0
2870880,173.0
2871648,46.0
2872096,213.0
2872848,141.0
2875584,191.0
2875920,107.0
2876432,148.0
2876432,236.0
2878144,256.0
2878912,182.0
2878928,130.0
2879392,161.0
2880544,65.0
2881280,300.0
2882176,43.0
2882480,322.0
2883008,158.0
2884592,94.0
2885600,131.0
2885712,217.0
2886160,196.0
2886736,154.0
2887216,245.0
2888896,158.0
2889808,124.0
2890432,70.0
2891232,247.0
2891472,101.0
2891584,89.0
2891808,152.0
2892112,361.0
2892464,215.0
2892880,271.0
2893568,145.0
2894800,53.0
2895392,258.0
2896304,66.0
2896592,55.0
2896704,69.0
2897648,131.0
2898432,169.0
2898608,125.0
2898976,64.0
2899008,142.0
2899136,233.0
2899856,272.0
2899920,130.0
2900096,152.0
2900464,182.0
2902496,129.0
2902752,180.0
2903328,178.0
2904560,198.0
2905872,65.0
2907888,146.0
2908864,186.0
2909120,240.0
2909680,485.0
2909776,212.0
2911520,203.0
2912496,117.0
2913008,342.0
2913232,215.0
2913296,112.0
2913680,344.0
2913776,173.0
2914336,290.0
2915552,251.0
2917088,101.0
2917808,44.0
2919888,350.0
2920912,85.0
2921088,298.0
2921952,126.0
2923648,301.0
2925920,44.0
2927040,131.0
2928192,131.0
2928576,277.0
2929904,61.0
2929904,234.0
2931392,92.0
2931808,201.0
2933440,44.0
2933712,206.0
2933776,256.0
2937504,255.0
2938224,192.0
2940720,61.0
2941008,226.0
2942560,234.0
2942800,285.0
2943504,383.0
2944048,92.0
2944112,165.0
2945008,281.0
2946128,129.0
2946224,131.0
2946944,258.0
2947952,94.0
2948336,131.0
2948720,154.0
2948896,131.0
2948912,221.0
2949024,57.0
2949584,53.0
2950016,263.0
2951040,248.0
2951536,156.0
2952640,99.0
2952912,106.0
2952992,191.0
2953760,150.0
2954640,131.0
2955664,111.0
2957632,75.0
2957776,131.0
2958240,227.0
2959120,63.0
2959808,84.0
2960480,171.0
2962896,233.0
2963360,221.0
2963616,157.0
2964832,141.0
2964992,150.0
2966288,182.0
2966432,68.0
2966768,162.0
2966896,248.0
2967296,102.0
2967968,104.0
2968032,199.0
2968656,139.0
2968688,140.0
2968832,138.0
2969408,131.0
2970272,133.0
2972816,101.0
2973520,47.0
2974288,83.0
2974800,361.0
2975360,58.0
2976160,146.0
2977552,281.0
2978288,131.0
2978608,159.0
2978704,243.0
2980800,192.0
2982816,116.0
2983232,131.0
2983344,140.0
2983552,236.0
2984928,131.0
2985296,116.0
2985488,130.0
2987152,197.0
2987168,131.0
2987536,130.0
2988320,46.0
2989984,69.0
2990160,163.0
2990592,214.0
2991824,440.0
2991888,386.0
2993504,94.0
2994592,172.0
2995424,119.0
2996048,202.0
2997984,97.0
2998560,168.0
2998720,232.0
2999664,241.0
3000560,156.0
3001376,49.0
3001680,194.0
3001920,319.0
3001920,131.0
3003072,225.0
3003488,131.0
3003792,224.0
3004352,236.0
3005040,59.0
3005440,122.0
3005584,53.0
3007696,375.0
3007728,167.0
3008192,110.0
3009856,188.0
3010064,410.0
3010656,52.0
3011408,360.0
3012000,360.0
3012192,199.0
3012384,178.0
3012736,314.0
3013200,111.0
3014144,236.0
3016832,115.0
3017440,224.0
3018288,262.0
3018480,270.0
3019056,140.0
3019168,197.0
3019360,62.0
3019552,78.0
3020000,355.0
3020160,323.0
3020832,316.0
3022640,204.0
3022896,311.0
3022992,311.0
3025280,52.0
3027536,180.0
3028032,119.0
3028352,208.0
3028816,321.0
3030928,160.0
3031472,178.0
3032880,410.0
3034112,44.0
3034704,131.0
3035200,51.0
3035616,235.0
3036512,118.0
3036864,178.0
3037088,131.0
3037136,188.0
3037456,58.0
3037648,126.0
3038000,56.0
3039040,118.0
3039200,131.0
3040384,91.0
3041680,69.0
3041984,282.0
3042144,222.0
3044160,101.0
3045008,207.0
3045648,218.0
3047056,87.0
3047088,349.0
3047952,431.0
3048912,88.0
3051312,55.0
3051712,131.0
3051904,186.0
3053840,187.0
3054368,131.0
3054752,177.0
3056016,110.0
3056816,49.0
3058848,66.0
3058864,153.0
3059520,282.0
3060512,139.0
3061808,121.0
3062560,63.0
3063536,107.0
3063760,218.0
3064944,177.0
3065104,321.0
3065664,174.0
3067488,297.0
3070032,254.0
3070480,186.0
3073824,77.0
3074208,118.0
3075232,64.0
3075520,86.0
3077360,114.0
3077712,108.0
3078112,56.0
3078176,166.0
3078368,354.0
3079408,86.0
3080416,165.0
3080496,311.0
3081776,200.0
3082224,252.0
3082336,131.0
3084080,126.0
3084704,131.0
3085248,142.0
3086608,387.0
3088000,292.0
3088688,168.0
3088800,203.0
3088960,59.0
3089504,232.0
3090768,78.0
3091600,201.0
3092032,245.0
3094704,285.0
3095584,158.0
3095680,182.0
3095744,282.0
3096064,119.0
3096864,206.0
3097536,62.0
3100016,266.0
3101920,206.0
3102080,271.0
3104176,146.0
3104736,235.0
3105296,254.0
3105968,169.0
3108304,49.0
3109584,238.0
3110304,198.0
3113344,243.0
3116944,259.0
3117232,131.0
3117504,59.0
3118496,131.0
3118640,299.0
3119392,196.0
3119808,97.0
3119904,349.0
3120592,130.0
3123232,286.0
3123280,154.0
3123728,106.0
3125392,245.0
3125840,91.0
3127680,194.0
3129360,106.0
3131280,156.0
3131696,52.0
3132144,235.0
3132512,138.0
3132976,278.0
3135536,158.0
3136400,273.0
3136624,145.0
3139184,102.0
3139200,150.0
3141632,149.0
3141712,193.0
3142448,45.0
3142576,58.0
3142880,250.0
3143040,239.0
3143648,313.0
3143696,131.0
3144080,64.0
3144240,141.0
3145024,90.0
3145216,413.0
3145808,131.0
3145920,69.0
3147216,222.0
3148480,222.0
3151632,100.0
3152656,172.0
3153040,269.0
3153552,195.0
3153888,337.0
3154224,244.0
3156336,131.0
3156608,67.0
3158064,271.0
3158656,130.0
3158704,130.0
3159632,179.0
3160432,319.0
3161296,229.0
3161648,182.0
3164064,206.0
3164336,189.0
3164480,88.0
3165312,131.0
3165328,182.0
3166096,378.0
3167152,115.0
3168208,179.0
3168528,200.0
3168704,106.0
3169200,240.0
3171552,146.0
3171936,240.0
3173264,111.0
3173616,110.0
3174048,131.0
3174432,97.0
3175056,220.0
3177248,205.0
3177664,225.0
3177936,242.0
3178752,67.0
3181968,335.0
3183248,374.0
3183248,214.0
3185120,130.0
3185712,60.0
3187664,168.0
3189728,130.0
3191216,139.0
3192032,389.0
3195216,130.0
3197904,280.0
3199120,306.0
3199872,156.0
3200144,60.0
3200832,182.0
3201296,168.0
3202192,144.0
3204880,268.0
3207904,188.0
3208688,264.0
3211312,324.0
3211616,231.0
3211664,221.0
3212720,65.0
3216608,302.0
3216624,49.0
3216720,249.0
3217552,284.0
3218656,75.0
3221584,121.0
3222128,211.0
3224112,52.0
3224400,130.0
3227904,218.0
3230368,58.0
3231424,298.0
3233440,50.0
3233520,45.0
3233600,131.0
3235408,89.0
3235904,143.0
3238288,224.0
3239008,202.0
3239296,222.0
3239648,92.0
3240400,131.0
3241856,268.0
3242512,163.0
3244304,133.0
3244480,152.0
3244752,104.0
3245328,131.0
3246368,370.0
3246576,250.0
3247616,195.0
3248624,140.0
3249952,595.0
3250672,203.0
3252864,195.0
3253056,110.0
3253568,171.0
3254976,313.0
3254992,88.0
3255424,297.0
3255840,284.0
3256704,180.0
3256896,239.0
3257008,125.0
3257248,113.0
3257728,242.0
3258656,131.0
3258848,187.0
3259360,172.0
3260864,195.0
3263456,68.0
3267472,81.0
3269200,269.0
3269536,278.0
3271568,321.0
3273536,210.0
3273696,166.0
3274816,458.0
3276208,166.0
3277056,209.0
3278048,179.0
3278816,221.0
3279216,187.0
3279936,173.0
3280176,292.0
3282208,250.0
3282784,177.0
3282800,194.0
3283184,272.0
3284272,494.0
3284592,148.0
3284720,302.0
3284912,178.0
3285456,45.0
3286672,88.0
3287120,147.0
3291536,235.0
3294752,55.0
3296576,112.0
3297808,45.0
3298016,148.0
3298288,263.0
3298544,236.0
3301744,255.0
3302864,102.0
3304464,277.0
3304608,316.0
3305312,196.0
3307136,145.0
3309456,217.0
3311744,336.0
3313728,303.0
3315472,286.0
3316752,144.0
3317424,358.0
3317488,193.0
3318496,249.0
3318992,71.0
3320752,215.0
3322752,262.0
3323056,243.0
3324512,216.0
3324704,131.0
3326016,64.0
3327472,275.0
3330624,142.0
3331072,71.0
3331088,160.0
3333584,184.0
3333744,111.0
3334016,248.0
3334992,142.0
3335360,164.0
3336256,213.0
3336720,84.0
3337104,131.0
3338576,189.0
3339216,131.0
3340784,218.0
3343152,138.0
3344800,240.0
3346400,111.0
3349120,246.0
3350128,133.0
3350960,200.0
3351408,373.0
3351904,254.0
3352272,85.0
3352336,381.0
3353552,66.0
3353680,142.0
3355744,68.0
3357056,81.0
3357456,105.0
3357568,51.0
3357632,183.0
3358432,153.0
3359392,120.0
3362976,174.0
3363008,339.0
3366256,218.0
3367552,271.0
3368816,159.0
3369008,288.0
3372272,288.0
3373680,71.0
3373776,363.0
3375504,149.0
3377920,110.0
3379360,59.0
3380032,131.0
3380832,153.0
3382128,157.0
3382832,216.0
3383376,77.0
3383616,279.0
3384224,297.0
3385056,104.0
3385504,138.0
3385600,271.0
3385904,142.0
3386976,92.0
3387456,269.0
3393392,114.0
3394176,97.0
3395568,129.0
3396208,226.0
3398272,181.0
3398352,181.0
3400432,129.0
3401280,236.0
3401792,167.0
3402288,145.0
3405856,273.0
3407456,234.0
3407520,342.0
3407920,165.0
3408096,285.0
3409168,359.0
3409648,218.0
3409840,165.0
3413600,148.0
3413760,244.0
3413760,216.0
3414112,76.0
3415776,150.0
3420144,239.0
3421968,159.0
3423104,246.0
3423440,248.0
3423456,92.0
3424000,130.0
3424224,215.0
3424928,242.0
3425424,168.0
3427472,250.0
3428448,213.0
3428560,187.0
3429184,323.0
3430224,322.0
3432112,182.0
3432384,269.0
3432704,128.0
3433600,131.0
3434064,212.0
3434320,427.0
3435024,245.0
3435648,220.0
3436736,183.0
3437584,99.0
3437872,179.0
3439024,129.0
3443472,116.0
3444064,226.0
3448336,461.0
3449232,234.0
3449616,124.0
3451072,131.0
3451088,131.0
3453104,202.0
3453776,181.0
3454096,187.0
3455888,62.0
3457120,113.0
3457360,172.0
3458000,247.0
3458864,130.0
3460240,170.0
3460448,168.0
3461232,61.0
3461296,52.0
3464240,370.0
3464592,187.0
3465728,215.0
3466224,529.0
3466416,131.0
3467680,60.0
3468032,143.0
3469328,115.0
3470512,207.0
3470992,225.0
3471696,465.0
3472816,117.0
3474000,213.0
3474640,343.0
3475344,209.0
3475680,62.0
3476816,132.0
3477856,130.0
3480176,228.0
3480800,249.0
3481440,100.0
3481888,452.0
3482368,123.0
3484240,222.0
3485392,246.0
3485424,73.0
3487216,189.0
3487664,156.0
3488016,249.0
3488768,96.0
3489216,118.0
3489328,222.0
3490496,446.0
3491312,303.0
3493376,161.0
3494720,83.0
3495520,75.0
3495632,318.0
3496224,163.0
3496432,344.0
3498000,147.0
3498032,206.0
3498912,112.0
3498992,370.0
3498992,90.0
3499776,377.0
3500080,67.0
3500240,236.0
3500464,251.0
3502320,268.0
3503776,220.0
3504784,179.0
3507088,297.0
3507600,317.0
3507840,74.0
3509088,85.0
3510496,114.0
3514048,221.0
3514816,122.0
3515728,245.0
3516048,262.0
3516960,131.0
3517232,198.0
3517248,223.0
3520096,195.0
3520240,261.0
3520992,233.0
3521232,409.0
3521456,131.0
3525728,155.0
3527152,131.0
3527392,279.0
3527776,186.0
3530304,153.0
3531584,60.0
3533024,249.0
3533536,270.0
3535376,270.0
3535424,149.0
3537136,109.0
3538480,284.0
3541456,136.0
3541728,109.0
3543328,128.0
3547328,252.0
3548416,220.0
3549744,213.0
3550560,181.0
3550896,154.0
3551072,228.0
3551152,287.0
3551824,131.0
3552320,172.0
3553536,148.0
3553648,357.0
3554896,191.0
3555728,201.0
3555888,222.0
3555936,225.0
3556128,236.0
3557680,258.0
3557840,131.0
3558640,195.0
3560368,167.0
3560592,143.0
3561104,322.0
3561568,131.0
3562432,264.0
3562736,60.0
3563088,251.0
3564080,218.0
3564432,289.0
3564464,231.0
3565872,195.0
3566496,242.0
3566528,255.0
3567440,160.0
3568480,431.0
3568768,124.0
3568976,302.0
3569792,179.0
3571008,156.0
3571216,128.0
3571312,94.0
3571440,185.0
3572464,62.0
3572880,103.0
3574400,95.0
3575424,273.0
3575952,308.0
3576576,181.0
3577584,132.0
3577840,131.0
3577840,119.0
3580848,202.0
3583488,195.0
3584912,233.0
3586976,226.0
3588992,214.0
3592832,218.0
3593872,304.0
3595072,224.0
3595296,131.0
3595664,212.0
3596240,154.0
3596256,223.0
3596656,66.0
3597072,246.0
3597184,288.0
3600672,217.0
3601088,131.0
3603168,214.0
3606368,188.0
3607232,423.0
3607792,238.0
3608304,222.0
3611248,173.0
3611744,281.0
3614304,238.0
3614896,196.0
3616848,45.0
3617648,171.0
3618176,130.0
3619504,176.0
3620160,63.0
3620432,214.0
3621904,281.0
3622624,342.0
3622704,282.0
3623264,193.0
3625200,161.0
3625632,187.0
3628064,54.0
3629120,65.0
3629952,263.0
3630480,113.0
3631856,218.0
3632496,214.0
3632832,192.0
3632848,147.0
3634368,63.0
3634944,130.0
3635744,230.0
3635984,230.0
3638496,61.0
3640400,258.0
3641344,189.0
3644816,159.0
3645632,50.0
3645984,160.0
3646336,108.0
3646576,206.0
3648032,248.0
3649472,179.0
3649968,270.0
3650464,200.0
3651008,291.0
3651520,292.0
3651792,151.0
3652096,104.0
3653136,226.0
3653952,191.0
3654672,253.0
3657200,202.0
3657936,203.0
3658736,82.0
3659552,169.0
3660096,163.0
3660320,352.0
3660784,214.0
3661712,57.0
3663408,149.0
3663872,197.0
3666464,167.0
3667152,166.0
3668016,148.0
3668768,154.0
3669024,334.0
3669680,141.0
3669952,191.0
3670320,67.0
3670976,121.0
3670992,583.0
3671520,256.0
3672016,200.0
3672240,186.0
3672880,256.0
3673584,170.0
3673648,132.0
3674016,124.0
3674688,112.0
3675216,98.0
3675568,286.0
3675616,119.0
3676240,165.0
3676816,197.0
3677632,152.0
3679072,89.0
3679872,265.0
3679952,276.0
3682176,169.0
3682992,50.0
3684256,273.0
3684336,317.0
3684448,210.0
3686048,111.0
3686192,130.0
3686256,177.0
3686864,145.0
3687664,76.0
3689120,207.0
3690096,73.0
3690576,131.0
3691968,184.0
3692992,241.0
3693248,118.0
3695056,233.0
3697632,160.0
3698880,231.0
3699040,282.0
3699616,131.0
3700400,228.0
3700672,101.0
3700720,194.0
3702976,82.0
3704320,339.0
3704800,319.0
3704944,191.0
3704992,243.0
3705424,267.0
3706480,239.0
3706816,331.0
3706976,249.0
3707472,150.0
3708448,223.0
3709392,228.0
3709552,326.0
3711920,186.0
3712096,227.0
3713600,235.0
3716048,257.0
3716320,169.0
3716416,306.0
3716736,281.0
3719296,231.0
3721072,232.0
3721904,184.0
3722784,206.0
3723632,136.0
3726496,214.0
3726528,288.0
3726608,185.0
3726864,254.0
3726864,206.0
3727456,130.0
3729312,175.0
3729536,182.0
3730000,158.0
3730016,43.0
3731248,238.0
3731312,298.0
3731504,220.0
3731760,138.0
3732368,259.0
3732464,137.0
3733376,92.0
3734864,193.0
3736000,183.0
3737456,64.0
3738048,198.0
3738128,110.0
3739776,212.0
3740944,174.0
3741808,213.0
3742464,108.0
3743744,145.0
3744608,147.0
3745440,280.0
3745936,255.0
3746224,216.0
3746592,191.0
3746896,131.0
3747552,148.0
3748080,216.0
3751104,261.0
3751232,245.0
3751552,185.0
3751552,109.0
3752928,134.0
3756032,208.0
3757728,190.0
3759040,439.0
3759248,63.0
3759680,158.0
3761264,281.0
3761568,53.0
3762448,184.0
3763344,197.0
3763744,135.0
3764160,70.0
3765536,85.0
3768896,224.0
3768992,124.0
3769488,258.0
3770960,128.0
3771008,282.0
3772128,266.0
3773280,144.0
3774176,233.0
3775024,241.0
3775488,139.0
3775648,219.0
3778576,170.0
3781280,216.0
3784288,268.0
3784560,173.0
3787424,231.0
3787840,215.0
3789808,296.0
3790528,261.0
3793456,264.0
3794128,267.0
3795184,227.0
3795376,197.0
3796704,400.0
3797632,226.0
3800160,395.0
3800432,64.0
3803392,179.0
3804688,246.0
3805120,195.0
3805328,216.0
3806224,299.0
3811536,252.0
3811776,201.0
3813600,147.0
3814464,331.0
3815216,259.0
3819552,228.0
3820464,240.0
3821232,199.0
3821584,109.0
3822496,236.0
3823424,241.0
3824608,361.0
3824624,250.0
3825632,244.0
3826464,51.0
3827024,230.0
3827792,181.0
3829904,69.0
3830384,434.0
3830864,317.0
3832560,124.0
3834880,144.0
3835296,213.0
3835664,244.0
3836256,191.0
3836384,191.0
3836976,262.0
3837024,217.0
3837040,239.0
3837600,277.0
3839216,276.0
3840544,249.0
3840976,299.0
3843936,176.0
3844624,254.0
3845680,293.0
3845968,83.0
3846384,181.0
3847008,64.0
3847440,228.0
3847504,119.0
3847824,185.0
3849232,133.0
3850160,253.0
3850512,218.0
3850672,381.0
3853344,313.0
3853520,160.0
3853648,231.0
3855216,176.0
3856992,197.0
3858704,131.0
3858912,223.0
3860384,238.0
3860816,175.0
3863680,417.0
3868112,194.0
3869168,148.0
3869616,207.0
3870528,126.0
3871120,336.0
3871760,227.0
3872176,164.0
3872736,222.0
3873472,288.0
3874352,54.0
3875376,164.0
3875808,252.0
3876112,236.0
3876112,104.0
3879952,239.0
3882208,276.0
3882592,267.0
3883344,214.0
3883392,131.0
3883568,167.0
3885728,219.0
3886016,213.0
3886096,171.0
3886864,194.0
3887120,68.0
3887184,282.0
3887824,130.0
3889136,90.0
3889296,187.0
3889904,341.0
3891776,355.0
3892576,336.0
3892704,138.0
3893344,248.0
3893536,251.0
3894352,281.0
3896336,248.0
3896464,131.0
3896816,46.0
3897104,168.0
3897152,192.0
3897568,222.0
3897712,136.0
3900800,227.0
3901824,319.0
3902544,131.0
3903600,232.0
3907440,270.0
3908560,274.0
3909568,117.0
3910672,131.0
3910784,218.0
3910816,97.0
3911488,119.0
3911872,127.0
3912528,245.0
3913168,59.0
3913984,199.0
3914592,169.0
3914688,204.0
3915392,49.0
3915904,219.0
3922064,125.0
3922560,270.0
3922784,204.0
3924240,101.0
3924640,232.0
3924832,172.0
3925904,145.0
3927104,208.0
3927856,316.0
3928112,189.0
3928224,144.0
3930096,208.0
3931104,62.0
3933232,319.0
3933936,110.0
3934048,110.0
3934400,61.0
3936752,219.0
3937696,298.0
3937856,244.0
3938528,198.0
3939984,210.0
3941024,213.0
3943248,189.0
3943456,183.0
3943488,348.0
3944384,218.0
3945328,114.0
3946336,53.0
3946656,199.0
3947360,43.0
3948544,93.0
3948944,171.0
3949872,159.0
3950224,241.0
3950432,233.0
3950736,111.0
3951152,236.0
3953904,197.0
3954560,212.0
3955328,233.0
3955392,128.0
3958480,210.0
3960976,229.0
3961856,186.0
3964208,201.0
3966112,227.0
3966416,100.0
3968160,239.0
3968240,128.0
3972096,240.0
3972960,255.0
3973680,189.0
3974304,361.0
3975104,174.0
3975104,251.0
3975760,219.0
3976400,88.0
3979504,193.0
3980304,192.0
3980336,323.0
3980448,195.0
3981968,153.0
3984432,248.0
3984960,290.0
3985856,242.0
3988688,145.0
3989440,214.0
3992544,65.0
3993328,286.0
3993808,121.0
3994192,116.0
3996528,105.0
3997328,217.0
4001264,136.0
4002544,103.0
4002560,184.0
4004560,125.0
4004704,145.0
4005232,261.0
4005760,277.0
4007248,266.0
4008000,217.0
4010752,252.0
4011920,139.0
4012000,311.0
4015360,209.0
4017248,244.0
4019312,201.0
4020080,237.0
4020288,182.0
4020784,316.0
4021808,158.0
4022224,373.0
4022288,184.0
4022544,130.0
4023888,99.0
4024256,242.0
4024976,130.0
4027136,132.0
4027776,242.0
4028848,343.0
4029472,158.0
4029520,237.0
4031696,131.0
4031840,253.0
4033056,220.0
4033504,103.0
4033552,264.0
4035072,262.0
4035392,117.0
4036560,275.0
4037184,165.0
4037568,247.0
4037760,125.0
4037776,221.0
4038128,96.0
4038800,232.0
4038896,218.0
4039344,95.0
4039920,133.0
4040320,234.0
4041104,220.0
4042032,131.0
4042144,118.0
4042560,203.0
4043680,209.0
4044112,331.0
4045808,291.0
4048352,222.0
4048592,207.0
4048816,217.0
4048976,255.0
4049056,245.0
4049584,70.0
4050576,113.0
4052240,234.0
4052688,131.0
4053072,217.0
4055728,192.0
4056864,176.0
4056944,497.0
4058384,130.0
4059408,200.0
4059824,172.0
4060160,284.0
4060464,210.0
4061312,272.0
4061920,209.0
4063120,109.0
4064528,184.0
4065360,214.0
4066128,250.0
4066416,206.0
4066704,80.0
4067056,258.0
4068112,223.0
4069872,272.0
4070288,203.0
4070400,134.0
4071616,128.0
4072432,225.0
4073488,192.0
4073680,204.0
4075856,213.0
4076640,194.0
4080288,72.0
4080704,131.0
4084752,175.0
4084912,288.0
4085248,177.0
4087440,230.0
4087712,360.0
4088944,229.0
4090240,121.0
4090480,241.0
4090576,251.0
4090768,207.0
4090864,198.0
4091264,42.0
4091984,348.0
4092384,94.0
4093888,131.0
4094064,205.0
4094944,180.0
4095552,273.0
4096144,259.0
4097744,260.0
4098368,108.0
4098912,265.0
4099312,234.0
4100784,213.0
4104064,321.0
4105296,324.0
4105808,185.0
4106080,220.0
4106336,221.0
4107568,117.0
4107584,227.0
4108496,226.0
4109696,225.0
4109776,257.0
4111696,199.0
4113968,98.0
4113984,280.0
4115184,345.0
4115536,61.0
4116336,220.0
4116624,191.0
4118160,246.0
4118272,170.0
4118656,164.0
4118928,260.0
4119664,220.0
4120288,246.0
4122160,235.0
4122192,224.0
4122192,246.0
4122480,210.0
4123184,61.0
4126272,101.0
4127568,205.0
4127712,253.0
4128880,196.0
4129328,84.0
4129728,231.0
4129808,119.0
4129888,241.0
4130352,80.0
4132112,283.0
4133648,235.0
4133856,258.0
4134000,213.0
4136000,124.0
4136032,243.0
4139488,207.0
4141024,151.0
4141472,226.0
4144080,160.0
4146144,244.0
4147104,260.0
4147536,230.0
4149136,52.0
4149296,269.0
4149920,215.0
4152096,256.0
4152192,225.0
4152496,206.0
4152560,144.0
4153472,199.0
4153568,227.0
4154128,301.0
4154416,110.0
4154512,62.0
4154896,240.0
4155568,226.0
4155648,196.0
4155744,192.0
4155968,262.0
4156464,272.0
4157040,66.0
4157296,173.0
4157520,252.0
4157648,254.0
4158800,148.0
4159584,239.0
4159712,348.0
4161136,299.0
4161552,192.0
4162864,66.0
4164304,259.0
4164448,206.0
4167552,214.0
4167888,214.0
4168224,185.0
4168928,172.0
4170752,199.0
4171760,195.0
4172912,107.0
4173904,117.0
4173920,255.0
4174208,215.0
4176816,243.0
4176992,173.0
4180752,234.0
4182512,209.0
4183024,155.0
4184064,193.0
4185312,314.0
4188720,313.0
4189056,205.0
4191344,205.0
4191776,251.0
4192784,254.0
4193488,207.0
4195296,289.0
4196560,191.0
4197248,242.0
4198384,326.0
4198912,209.0
4198960,223.0
4199136,232.0
4201312,161.0
4201920,239.0
4202896,207.0
4204544,267.0
4206496,151.0
4206832,97.0
4209200,273.0
4210448,224.0
4210656,259.0
4211296,235.0
4211408,186.0
4211728,305.0
4214448,249.0
4214608,272.0
4215664,224.0
4216144,233.0
4216592,228.0
4220880,174.0
4221808,270.0
4222368,88.0
4222480,264.0
4224064,248.0
4225040,274.0
4225376,229.0
4225632,364.0
4225664,240.0
4226432,211.0
4226656,208.0
4226928,184.0
4226976,174.0
4229056,169.0
4229280,432.0
4229392,153.0
4230768,219.0
4231360,71.0
4232304,254.0
4232864,203.0
4233232,317.0
4235200,281.0
4236736,208.0
4238112,259.0
4238208,216.0
4238896,225.0
4240576,233.0
4241824,231.0
4242800,236.0
4242960,218.0
4244096,324.0
4247776,270.0
4248528,286.0
4248800,213.0
4249984,118.0
4253024,225.0
4253280,221.0
4253328,72.0
4253360,198.0
4253456,59.0
4253536,221.0
4255360,153.0
4257312,248.0
4258880,243.0
4259920,280.0
4262496,225.0
4263200,125.0
4263600,246.0
4264192,259.0
4264720,237.0
4267424,368.0
4268112,244.0
4268896,246.0
4270368,235.0
4270976,183.0
4272672,204.0
4275280,211.0
4275504,186.0
4280176,206.0
4281872,217.0
4282160,112.0
4282816,196.0
4284128,247.0
4286512,174.0
4287824,239.0
4290320,213.0
4290416,285.0
4291040,302.0
4291488,310.0
4292384,208.0
4292528,171.0
4293056,139.0
4293120,116.0
4293456,86.0
4294576,319.0
4295072,230.0
4295168,229.0
4296880,213.0
4296928,272.0
4298048,159.0
4300000,233.0
4300176,114.0
4301008,115.0
4301680,245.0
4301856,244.0
4302080,321.0
4302784,227.0
4304832,137.0
4306048,261.0
4306320,120.0
4306640,231.0
4306928,54.0
4308016,200.0
4308752,93.0
4311424,211.0
4311520,251.0
4312400,167.0
4317152,281.0
4317328,281.0
4319632,153.0
4319808,224.0
4319888,334.0
4320480,207.0
4320896,194.0
4321728,225.0
4322656,177.0
4322912,188.0
4323968,231.0
4324560,155.0
4325408,207.0
4327216,163.0
4327408,235.0
4327632,245.0
4328144,248.0
4328240,266.0
4328560,352.0
4330160,149.0
4330432,240.0
4330560,196.0
4331664,251.0
4332208,254.0
4332480,233.0
4334000,213.0
4334576,131.0
4337808,191.0
4338576,186.0
4338624,277.0
4338672,157.0
4338800,299.0
4342144,222.0
4342320,230.0
4343088,170.0
4343664,217.0
4344400,95.0
4344896,171.0
4345824,170.0
4348704,204.0
4351040,262.0
4352432,232.0
4353888,240.0
4355824,231.0
4358992,258.0
4360224,222.0
4361840,62.0
4361952,233.0
4362448,79.0
4362608,171.0
4363312,240.0
4364656,314.0
4364784,219.0
4365424,216.0
4365952,208.0
4366624,47.0
4367712,339.0
4368384,289.0
4368496,231.0
4368944,219.0
4372128,179.0
4374816,262.0
4375168,296.0
4376448,222.0
4377776,227.0
4378064,129.0
4379344,282.0
4379568,116.0
4383296,190.0
4384064,131.0
4387216,255.0
4389072,84.0
4389936,228.0
4390448,219.0
4390560,280.0
4390640,310.0
4391904,99.0
4392016,278.0
4392464,307.0
4393392,269.0
4394512,246.0
4395056,243.0
4395152,202.0
4396032,60.0
4398816,210.0
4399776,250.0
4399984,120.0
4400912,249.0
4402960,198.0
4403392,161.0
4404896,293.0
4407072,122.0
4408016,311.0
4408240,208.0
4410384,175.0
4411488,199.0
4412800,187.0
4414464,215.0
4414960,241.0
4415440,181.0
4416288,286.0
4416592,132.0
4418096,262.0
4419904,222.0
4420752,258.0
4421824,231.0
4422560,251.0
4423296,264.0
4425504,229.0
4427040,248.0
4427952,114.0
4429728,130.0
4431696,290.0
4431968,250.0
4431968,110.0
4432224,224.0
4432720,228.0
4432784,100.0
4433840,138.0
4433888,119.0
4433888,197.0
4434384,190.0
4434416,207.0
4435952,131.0
4439824,101.0
4440512,219.0
4440640,222.0
4442192,361.0
4442784,245.0
4443536,208.0
4443872,194.0
4444000,85.0
4444480,43.0
4444720,305.0
4445968,235.0
4446064,204.0
4448256,220.0
4449136,99.0
4450432,248.0
4451728,250.0
4451936,225.0
4452048,243.0
4452784,172.0
4453952,120.0
4457648,122.0
4458896,108.0
4460576,217.0
4463280,251.0
4463744,66.0
4465296,262.0
4467344,258.0
4468208,213.0
4469344,201.0
4470400,292.0
4470624,232.0
4472704,199.0
4473584,175.0
4473728,193.0
4475296,88.0
4476128,213.0
4477136,261.0
4477424,260.0
4477584,249.0
4479152,257.0
4479808,222.0
4479888,249.0
4483392,218.0
4483952,238.0
4484128,210.0
4486288,235.0
4487328,239.0
4488512,357.0
4489248,407.0
4489264,233.0
4489712,213.0
4490192,214.0
4493008,233.0
4496080,190.0
4496848,165.0
4498912,176.0
4499616,196.0
4500512,228.0
4503104,236.0
4503360,233.0
4503456,312.0
4503712,207.0
4504496,64.0
4504544,51.0
4504736,196.0
4507056,246.0
4508848,55.0
4510736,226.0
4510800,222.0
4510864,297.0
4511040,140.0
4511792,183.0
4513504,120.0
4513680,178.0
4513696,184.0
4514336,216.0
4515808,175.0
4516160,153.0
4516576,243.0
4519392,216.0
4522720,204.0
4523168,184.0
4523808,148.0
4525024,236.0
4525888,207.0
4526000,136.0
4526720,250.0
4528960,245.0
4529888,294.0
4533248,152.0
4533664,199.0
4534064,44.0
4534368,98.0
4534544,200.0
4536416,289.0
4536448,148.0
4536672,93.0
4537552,97.0
4537632,235.0
4537872,71.0
4538080,186.0
4538224,240.0
4538880,433.0
4539360,191.0
4541264,226.0
4541376,248.0
4541536,187.0
4543136,124.0
4543376,250.0
4543760,122.0
4544256,256.0
4544528,237.0
4546304,197.0
4548592,142.0
4551840,229.0
4553920,235.0
4555424,253.0
4555632,235.0
4557632,137.0
4558656,63.0
4560064,125.0
4560384,214.0
4560672,265.0
4562064,240.0
4562912,177.0
4563744,51.0
4563760,208.0
4563968,205.0
4564560,269.0
4566720,204.0
4567504,131.0
4567520,366.0
4568320,285.0
4570464,233.0
4570768,229.0
4570816,196.0
4571728,262.0
4572480,152.0
4574624,279.0
4575152,197.0
4575568,223.0
4577136,129.0
4577504,239.0
4577728,165.0
4579760,153.0
4579904,171.0
4580976,239.0
4581312,223.0
4582752,212.0
4584176,199.0
4586736,100.0
4587184,196.0
4589536,258.0
4593824,148.0
4594560,276.0
4595648,179.0
4598000,249.0
4598432,173.0
4599248,288.0
4599520,142.0
4599728,218.0
4600416,310.0
4600544,131.0
4601728,259.0
4602560,307.0
4604544,123.0
4604768,252.0
4605664,245.0
4605936,180.0
4607744,265.0
4609424,209.0
4610128,261.0
4610224,109.0
4611008,251.0
4611088,223.0
4611456,230.0
4613248,238.0
4614080,182.0
4616368,67.0
4617680,204.0
4619280,228.0
4619664,231.0
4619888,126.0
4621136,217.0
4621264,229.0
4627152,209.0
4628032,132.0
4629424,127.0
4629568,529.0
4630480,207.0
4630512,213.0
4631824,218.0
4632064,237.0
4633536,224.0
4635616,320.0
4636288,238.0
4638624,219.0
4639088,179.0
4639312,220.0
4639440,206.0
4639504,189.0
4640864,268.0
4641344,250.0
4641648,188.0
4643488,114.0
4646080,194.0
4646160,427.0
4647952,201.0
4649376,90.0
4650560,228.0
4652656,103.0
4652912,220.0
4653488,182.0
4655056,264.0
4658160,210.0
4660464,222.0
4660480,280.0
4660656,216.0
4661280,219.0
4661616,261.0
4662480,262.0
4665040,244.0
4665056,235.0
4665456,310.0
4665984,249.0
4667872,165.0
4668048,186.0
4668688,258.0
4668864,212.0
4670016,133.0
4673280,203.0
4675376,198.0
4677616,237.0
4679072,127.0
4680432,244.0
4680448,314.0
4681680,253.0
4682640,176.0
4682848,267.0
4683888,205.0
4684096,368.0
4684480,174.0
4685504,100.0
4686144,205.0
4686576,100.0
4687328,229.0
4687392,298.0
4687920,110.0
4688352,47.0
4688944,214.0
4690928,339.0
4691072,229.0
4691536,209.0
4691632,203.0
4692096,219.0
4693104,144.0
4693504,242.0
4694320,230.0
4694624,230.0
4698160,283.0
4698432,204.0
4700816,154.0
4701696,205.0
4703296,180.0
4704416,145.0
4705200,224.0
4706384,216.0
4706768,196.0
4707152,210.0
4707568,170.0
4707904,217.0
4709440,185.0
4709984,224.0
4711200,75.0
4711536,273.0
4714720,232.0
4717952,196.0
4719696,191.0
4719936,130.0
4720960,187.0
4721728,227.0
4721824,132.0
4723072,173.0
4723168,243.0
4723888,246.0
4724144,312.0
4725296,216.0
4725616,210.0
4725856,240.0
4726944,94.0
4727856,219.0
4730272,213.0
4732320,208.0
4732384,225.0
4733920,162.0
4734304,240.0
4735456,278.0
4736080,230.0
4736400,224.0
4737744,221.0
4738304,189.0
4740528,173.0
4741168,219.0
4741168,178.0
4741632,265.0
4742976,231.0
4744176,216.0
4744576,246.0
4745776,279.0
4746064,225.0
4746560,198.0
4747568,254.0
4747696,211.0
4748000,224.0
4751296,224.0
4751488,209.0
4752992,131.0
4754592,248.0
4756592,224.0
4759856,213.0
4761360,189.0
4763840,226.0
4764352,258.0
4764784,245.0
4764832,295.0
4765152,64.0
4765968,100.0
4768160,198.0
4768400,202.0
4768416,269.0
4768896,239.0
4769184,130.0
4769744,68.0
4770336,152.0
4772144,208.0
4773024,215.0
4773856,247.0
4775312,104.0
4776208,211.0
4776416,161.0
4776880,240.0
4777312,338.0
4779040,163.0
4779072,252.0
4779136,201.0
4779600,229.0
4780272,211.0
4780976,209.0
4783712,278.0
4784032,234.0
4786992,383.0
4788368,208.0
4788688,336.0
4789104,194.0
4792352,228.0
4793424,227.0
4794208,262.0
4795328,228.0
4795488,128.0
4796544,220.0
4798208,188.0
4799680,240.0
4800208,236.0
4801632,203.0
4803088,231.0
4804032,217.0
4804624,241.0
4805008,60.0
4806272,232.0
4806608,219.0
4806912,300.0
4807056,205.0
4807488,237.0
4810480,63.0
4810848,236.0
4810928,254.0
4811632,213.0
4811920,224.0
4812848,345.0
4813424,239.0
4814256,223.0
4814832,131.0
4815824,243.0
4817600,191.0
4817936,193.0
4818080,226.0
4819568,233.0
4823136,222.0
4823600,238.0
4824128,196.0
4824448,224.0
4824752,157.0
4825056,205.0
4826816,229.0
4827392,236.0
4828304,202.0
4828368,211.0
4830608,236.0
4830944,189.0
4831904,230.0
4835120,248.0
4835168,347.0
4835712,270.0
4835760,253.0
4835760,256.0
4835984,254.0
4838800,339.0
4840112,242.0
4840832,130.0
4844016,221.0
4848928,100.0
4849216,256.0
4849408,114.0
4849872,187.0
4850016,208.0
4850832,147.0
4853136,48.0
4854832,249.0
4855968,235.0
4856576,208.0
4856592,241.0
4859888,139.0
4859984,212.0
4860080,327.0
4860304,244.0
4860368,136.0
4860880,133.0
4861248,130.0
4861296,75.0
4862128,234.0
4862432,250.0
4863280,265.0
4865360,182.0
4865376,280.0
4865632,233.0
4866448,324.0
4867008,127.0
4869200,220.0
4870224,235.0
4870528,190.0
4870704,194.0
4871024,129.0
4871824,225.0
4873584,213.0
4873760,253.0
4874880,179.0
4875216,225.0
4876064,137.0
4877248,217.0
4878320,214.0
4880672,241.0
4882560,264.0
4883200,140.0
4883936,268.0
4884160,217.0
4884384,205.0
4884496,211.0
4885504,219.0
4885840,265.0
4887680,198.0
4887712,62.0
4887808,264.0
4889808,212.0
4890192,148.0
4890272,190.0
4891936,223.0
4892336,229.0
4892752,325.0
4894032,217.0
4894976,164.0
4895056,245.0
4896272,159.0
4899920,249.0
4899920,270.0
4900048,228.0
4900736,253.0
4901312,219.0
4901392,194.0
4902960,189.0
4903152,245.0
4903552,218.0
4906416,188.0
4908752,232.0
4908896,228.0
4909632,219.0
4911280,205.0
4913216,200.0
4913264,238.0
4913360,228.0
4913984,317.0
4914864,205.0
4914928,241.0
4915312,251.0
4916720,215.0
4916736,210.0
4918816,246.0
4918944,253.0
4919856,195.0
4920720,113.0
4921728,86.0
4923760,290.0
4923888,142.0
4925616,222.0
4925952,220.0
4927760,249.0
4927792,375.0
4928208,259.0
4928464,233.0
4928480,157.0
4928880,237.0
4929616,360.0
4931648,208.0
4932048,239.0
4935744,214.0
4936176,280.0
4938080,252.0
4940256,58.0
4942272,184.0
4942448,229.0
4943056,240.0
4943696,232.0
4944544,238.0
4947024,184.0
4948048,194.0
4950656,307.0
4952048,225.0
4953152,215.0
4953824,230.0
4954048,55.0
4955552,225.0
4955888,188.0
4956208,248.0
4957008,243.0
4958016,115.0
4958112,138.0
4958304,257.0
4959136,211.0
4959312,193.0
4959888,237.0
4961248,205.0
4962512,199.0
4962768,218.0
4966080,215.0
4966112,208.0
4966400,213.0
4967104,262.0
4967952,217.0
4968032,226.0
4969296,222.0
4969680,107.0
4971040,309.0
4971040,218.0
4971872,229.0
4972000,258.0
4972752,114.0
4973808,172.0
4975712,107.0
4976784,130.0
4976880,191.0
4978608,156.0
4979024,216.0
4980176,242.0
4981136,131.0
4982992,177.0
4983280,223.0
4987040,180.0
4987248,207.0
4987984,220.0
4988400,183.0
4988640,215.0
4988944,234.0
4988976,109.0
4990400,196.0
4992096,215.0
4993392,241.0
4993664,295.0
4994496,217.0
4994944,335.0
5003264,268.0
5005056,215.0
5006144,208.0
5006624,212.0
5006864,213.0
5007376,95.0
5008080,212.0
5009024,200.0
5009280,334.0
5009456,222.0
5010160,173.0
5012336,231.0
5015168,191.0
5015696,209.0
5016000,282.0
5016240,201.0
5016304,231.0
5016384,308.0
5018304,134.0
5023888,106.0
5028176,279.0
5029088,314.0
5029488,239.0
5030704,226.0
5031616,276.0
5032320,201.0
5032592,152.0
5032704,237.0
5033584,209.0
5036704,160.0
5037184,207.0
5037616,195.0
5038848,63.0
5040352,227.0
5041792,236.0
5042192,175.0
5042368,199.0
5042928,287.0
5045568,230.0
5045792,224.0
5046496,209.0
5047104,194.0
5048000,220.0
5049152,209.0
5049232,221.0
5049392,180.0
5050016,228.0
5052656,203.0
5052832,210.0
5053104,226.0
5053664,51.0
5053744,115.0
5055504,177.0
5055760,191.0
5056592,182.0
5056672,250.0
5057872,131.0
5058912,188.0
5059168,207.0
5059760,197.0
5061120,119.0
5061424,221.0
5061696,157.0
5062416,61.0
5062880,232.0
5064016,276.0
5064512,248.0
5064624,300.0
5065312,180.0
5066720,239.0
5068736,270.0
5069104,236.0
5070384,208.0
5070816,224.0
5071072,190.0
5071936,190.0
5073808,228.0
5075296,204.0
5075504,222.0
5076992,198.0
5077248,247.0
5079200,219.0
5081056,169.0
5082912,187.0
5084112,203.0
5084352,225.0
5085536,174.0
5087840,191.0
5090848,271.0
5091040,192.0
5091360,183.0
5093280,208.0
5094528,168.0
5097424,222.0
5097664,273.0
5098080,241.0
5098528,197.0
5098944,136.0
5102912,131.0
5102960,240.0
5104096,321.0
5104256,62.0
5104560,255.0
5107824,222.0
5110528,196.0
5110544,169.0
5110768,225.0
5110848,220.0
5111024,246.0
5111488,257.0
5114048,159.0
5114336,222.0
5115184,77.0
5115968,213.0
5116336,149.0
5116368,333.0
5116560,171.0
5117232,202.0
5118224,242.0
5118512,260.0
5118544,160.0
5118784,129.0
5120080,231.0
5120320,189.0
5120512,204.0
5120528,156.0
5120704,121.0
5122064,219.0
5122816,268.0
5123136,175.0
5125008,268.0
5125088,284.0
5125520,225.0
5126432,225.0
5126592,226.0
5126688,201.0
5128016,222.0
5128320,107.0
5128880,209.0
5129552,152.0
5131856,220.0
5133200,219.0
5133856,219.0
5135760,261.0
5138048,261.0
5140032,185.0
5140608,196.0
5141296,123.0
5142800,229.0
5142928,362.0
5143584,221.0
5146080,196.0
5147088,212.0
5147280,69.0
5147408,234.0
5150368,282.0
5154336,247.0
5154672,317.0
5155184,264.0
5156960,220.0
5157440,229.0
5157904,201.0
5158672,218.0
5159600,360.0
5162000,208.0
5162784,234.0
5163984,184.0
5164608,215.0
5165152,112.0
5168320,197.0
5169696,234.0
5170016,220.0
5172432,150.0
5173248,230.0
5174736,210.0
5176048,225.0
5176064,226.0
5176240,152.0
5176368,194.0
5178064,266.0
5178288,223.0
5180304,219.0
5181040,185.0
5181808,139.0
5182160,111.0
5182240,246.0
5182432,191.0
5183648,249.0
5184352,233.0
5185168,70.0
5185760,219.0
5186928,217.0
5189728,203.0
5190512,223.0
5190608,199.0
5193520,220.0
5197360,300.0
5197440,239.0
5199952,278.0
5200448,220.0
5202896,195.0
5203696,189.0
5203936,200.0
5204192,232.0
5204480,124.0
5204832,200.0
5205088,260.0
5206992,205.0
5208160,247.0
5208464,222.0
5210048,153.0
5211072,201.0
5211184,216.0
5211616,282.0
5213648,153.0
5215136,219.0
5215792,216.0
5216592,156.0
5218464,200.0
5220000,181.0
5221072,274.0
5221312,186.0
5221664,197.0
5225008,245.0
5227168,215.0
5227424,233.0
5227712,199.0
5227712,215.0
5229200,144.0
5229248,223.0
5230832,249.0
5232352,238.0
5232576,210.0
5233376,194.0
5237136,279.0
5237680,298.0
5238336,221.0
5239824,243.0
5242320,248.0
5242800,124.0
5243088,207.0
5244752,210.0
5245552,217.0
5245840,228.0
5246784,195.0
5247936,233.0
5247952,113.0
5249200,227.0
5249392,253.0
5249888,75.0
5251904,209.0
5252336,249.0
5252880,217.0
5253584,245.0
5255120,264.0
5255840,198.0
5256000,228.0
5259584,203.0
5263104,258.0
5263392,97.0
5263648,161.0
5264304,230.0
5264416,65.0
5265760,269.0
5269632,139.0
5269744,209.0
5271152,194.0
5272928,252.0
5273168,220.0
5274688,202.0
5275168,359.0
5277856,173.0
5277968,230.0
5278992,238.0
5280112,230.0
5281536,217.0
5284976,200.0
5285360,273.0
5287312,226.0
5288640,234.0
5288656,216.0
5289136,196.0
5291376,324.0
5292384,202.0
5292560,243.0
5294064,228.0
5294064,124.0
5295168,306.0
5295328,183.0
5295680,180.0
5297344,224.0
5298400,169.0
5302544,109.0
5304912,83.0
5307488,293.0
5308672,163.0
5308672,196.0
5309216,186.0
5309232,190.0
5310592,228.0
5313904,243.0
5314320,252.0
5314864,266.0
5315520,212.0
5315776,198.0
5316416,147.0
5316784,117.0
5316992,166.0
5317296,211.0
5318016,196.0
5320368,220.0
5321328,115.0
5323232,325.0
5323248,222.0
5324416,166.0
5325568,123.0
5326048,354.0
5327504,180.0
5328240,152.0
5328720,288.0
5329680,328.0
5331872,244.0
5332000,204.0
5332080,109.0
5332224,185.0
5335248,259.0
5337648,205.0
5338448,180.0
5338896,198.0
5339264,337.0
5340416,225.0
5341184,203.0
5341408,234.0
5342032,193.0
5342192,110.0
5342672,243.0
5343024,257.0
5343232,247.0
5343376,234.0
5345008,175.0
5345792,211.0
5347344,196.0
5347616,216.0
5349024,170.0
5351360,200.0
5351920,184.0
5352784,227.0
5354000,229.0
5354896,241.0
5355200,238.0
5356768,130.0
5357808,199.0
5358688,290.0
5360576,205.0
5361984,67.0
5362080,215.0
5362688,258.0
5363360,229.0
5364368,62.0
5364976,392.0
5365264,247.0
5365264,219.0
5366608,196.0
5368432,113.0
5369216,264.0
5370448,201.0
5371744,206.0
5372944,184.0
5374448,215.0
5374672,206.0
5375424,60.0
5376144,274.0
5376496,221.0
5377600,313.0
5378880,193.0
5379344,199.0
5381360,257.0
5383552,251.0
5386112,207.0
5386336,173.0
5386448,234.0
5386544,269.0
5386864,358.0
5389008,248.0
5389344,222.0
5389648,220.0
5389888,208.0
5390432,248.0
5390624,267.0
5394784,201.0
5395344,241.0
5396128,202.0
5401232,242.0
5401248,187.0
5403776,232.0
5404400,263.0
5406144,201.0
5406160,244.0
5406320,225.0
5407424,110.0
5410800,186.0
5412992,313.0
5413488,228.0
5413808,187.0
5414304,213.0
5414816,265.0
5414992,211.0
5416784,122.0
5417296,231.0
5420512,195.0
5422704,220.0
5422720,176.0
5424800,183.0
5424912,225.0
5425872,209.0
5426896,251.0
5427104,204.0
5428288,320.0
5429584,216.0
5430192,205.0
5430832,207.0
5431728,214.0
5432112,245.0
5432480,233.0
5434304,256.0
5435040,302.0
5435184,215.0
5436544,215.0
5436656,118.0
5437104,206.0
5443088,263.0
5444912,240.0
5445216,201.0
5446672,176.0
5448432,122.0
5450464,251.0
5453104,175.0
5453808,192.0
5459568,230.0
5459856,196.0
5460400,217.0
5460768,206.0
5461536,238.0
5462784,200.0
5463936,156.0
5464336,279.0
5464928,277.0
5465840,276.0
5466176,199.0
5466560,240.0
5468176,194.0
5472224,239.0
5472288,257.0
5475504,238.0
5478016,65.0
5478656,267.0
5479808,154.0
5480448,207.0
5480720,255.0
5480816,205.0
5481088,137.0
5481616,224.0
5482512,201.0
5483312,249.0
5484528,237.0
5485744,118.0
5486608,129.0
5487344,301.0
5488304,218.0
5488352,203.0
5489136,211.0
5492912,156.0
5493568,196.0
5493984,192.0
5494144,174.0
5494848,281.0
5495248,114.0
5495840,264.0
5496112,296.0
5496976,161.0
5500512,212.0
5500832,294.0
5501200,189.0
5503728,67.0
5504480,247.0
5506240,314.0
5506656,249.0
5506736,187.0
5508240,259.0
5510320,217.0
5510544,214.0
5511232,108.0
5511632,212.0
5513952,251.0
5514640,212.0
5517264,206.0
5517808,197.0
5517824,213.0
5519648,129.0
5521152,207.0
5521168,211.0
5522000,210.0
5522992,208.0
5523520,242.0
5523904,131.0
5524832,229.0
5524960,236.0
5525360,233.0
5528256,211.0
5528368,256.0
5528480,285.0
5529440,172.0
5529712,185.0
5530016,157.0
5530240,228.0
5532784,208.0
5533984,212.0
5536176,186.0
5536208,223.0
5536928,223.0
5537312,183.0
5537872,138.0
5538384,66.0
5539232,190.0
5539872,228.0
5540464,129.0
5541648,227.0
5543824,246.0
5543872,213.0
5543984,296.0
5544448,213.0
5544768,213.0
5549824,247.0
5550624,190.0
5551344,223.0
5554640,218.0
5554736,181.0
5555232,148.0
5557056,218.0
5559264,310.0
5561104,208.0
5561888,301.0
5562560,230.0
5562896,251.0
5564832,261.0
5565456,172.0
5566864,236.0
5566992,237.0
5567808,206.0
5567968,217.0
5569152,186.0
5570320,207.0
5570736,196.0
5570800,186.0
5571856,191.0
5574672,193.0
5575104,202.0
5575392,292.0
5578912,259.0
5579856,203.0
5580944,219.0
5581680,272.0
5581872,223.0
5582416,213.0
5582720,213.0
5583904,184.0
5584576,262.0
5585552,194.0
5586096,257.0
5586992,266.0
5590512,212.0
5591408,57.0
5592784,193.0
5592816,216.0
5593328,224.0
5593584,191.0
5596080,269.0
5597200,309.0
5597376,236.0
5597888,238.0
5598448,228.0
5598608,233.0
5598960,192.0
5599392,206.0
5600416,227.0
5602832,239.0
5603936,219.0
5604160,249.0
5604320,256.0
5604640,215.0
5605472,216.0
5608144,258.0
5610016,216.0
5610800,204.0
5612032,188.0
5612912,116.0
5615296,262.0
5615488,215.0
5615824,181.0
5617568,122.0
5618864,214.0
5619280,236.0
5621040,264.0
5622512,248.0
5623328,249.0
5625728,214.0
5626272,215.0
5626688,271.0
5628288,159.0
5628848,207.0
5630720,146.0
5632416,398.0
5632896,180.0
5633168,211.0
5633872,204.0
5635520,163.0
5640752,177.0
5641744,194.0
5642080,299.0
5642208,214.0
5644608,209.0
5644640,188.0
5645440,210.0
5646480,121.0
5646848,297.0
5647888,235.0
5650704,213.0
5650880,217.0
5650928,254.0
5651280,219.0
5651536,227.0
5651600,206.0
5653168,252.0
5656144,220.0
5656736,222.0
5657728,198.0
5658928,248.0
5659504,163.0
5659952,188.0
5660048,170.0
5661552,285.0
5661760,191.0
5662448,282.0
5664576,192.0
5664672,92.0
5665888,200.0
5665936,260.0
5666080,228.0
5666288,236.0
5666624,260.0
5668176,218.0
5668608,123.0
5670560,148.0
5672144,387.0
5673648,233.0
5673936,282.0
5676544,210.0
5676736,192.0
5677280,257.0
5677888,98.0
5678128,304.0
5678800,259.0
5679824,156.0
5680592,206.0
5682320,155.0
5684336,213.0
5685920,219.0
5686240,140.0
5686848,119.0
5687984,227.0
5688672,229.0
5688992,243.0
5689360,204.0
5689840,242.0
5692736,210.0
5696880,212.0
5696928,252.0
5696944,248.0
5697952,151.0
5699472,85.0
5699856,205.0
5701584,218.0
5703120,227.0
5703424,179.0
5703552,209.0
5703952,223.0
5705312,189.0
5706480,216.0
5709024,231.0
5711488,130.0
5711664,232.0
5713104,161.0
5714624,115.0
5714688,300.0
5717232,237.0
5718528,242.0
5718688,249.0
5718880,238.0
5719984,226.0
5721600,184.0
5722352,196.0
5722992,192.0
5723072,211.0
5723600,169.0
5726592,273.0
5726832,215.0
5727216,240.0
5727472,241.0
5730800,223.0
5731488,290.0
5732624,160.0
5733616,137.0
5735632,296.0
5736864,226.0
5736912,227.0
5737328,227.0
5740144,203.0
5743264,202.0
5743728,218.0
5744976,111.0
5745744,211.0
5745872,280.0
5749392,275.0
5749504,225.0
5749616,231.0
5749760,173.0
5749920,197.0
5750304,177.0
5752624,178.0
5753552,200.0
5753936,237.0
5754736,190.0
5756224,282.0
5756256,226.0
5757936,247.0
5758240,218.0
5760944,251.0
5761536,207.0
5762128,127.0
5764192,150.0
5764368,227.0
5764400,202.0
5764800,201.0
5766688,213.0
5767024,223.0
5767776,194.0
5768496,198.0
5769968,188.0
5773136,218.0
5773264,115.0
5773504,187.0
5773824,154.0
5775136,231.0
5776608,208.0
5777696,261.0
5780912,200.0
5782992,262.0
5783440,225.0
5783568,216.0
5785472,264.0
5786768,235.0
5786992,195.0
5788208,213.0
5789408,227.0
5789696,182.0
5790016,212.0
5790048,212.0
5790256,128.0
5791760,221.0
5791776,263.0
5792640,247.0
5798224,232.0
5799088,225.0
5799936,227.0
5800912,255.0
5801136,266.0
5801872,188.0
5803024,245.0
5803744,204.0
5804416,206.0
5805264,211.0
5807216,98.0
5807392,192.0
5808176,205.0
5809632,191.0
5809952,242.0
5810944,232.0
5812752,214.0
5814416,216.0
5814448,211.0
5814768,183.0
5815856,233.0
5817424,245.0
5817584,262.0
5817600,250.0
5818000,203.0
5818208,211.0
5818928,198.0
5819200,170.0
5820928,169.0
5822672,131.0
5823008,254.0
5823632,190.0
5823680,218.0
5828608,134.0
5828624,240.0
5830896,210.0
5830960,198.0
5831184,232.0
5831424,255.0
5831536,262.0
5831712,193.0
5832624,173.0
5832752,180.0
5832768,116.0
5834448,221.0
5835168,226.0
5838944,216.0
5839328,210.0
5841488,215.0
5843456,246.0
5844064,128.0
5845760,197.0
5847056,209.0
5849344,223.0
5849376,175.0
5850720,216.0
5851280,188.0
5853392,250.0
5854000,208.0
5854752,216.0
5856000,184.0
5856400,211.0
5857376,210.0
5860512,240.0
5860640,212.0
5862416,245.0
5862928,216.0
5863296,222.0
5863792,196.0
5865600,200.0
5869792,365.0
5870048,225.0
5870272,226.0
5872928,221.0
5873344,237.0
5876992,195.0
5877008,385.0
5877184,217.0
5879296,199.0
5879552,181.0
5881056,196.0
5882320,203.0
5883392,262.0
5884816,220.0
5885520,221.0
5886304,262.0
5886512,188.0
5887664,266.0
5892016,251.0
5895856,233.0
5896400,196.0
5897744,186.0
5899200,174.0
5899408,237.0
5899904,222.0
5900976,215.0
5901936,117.0
5902368,206.0
5904416,232.0
5907328,234.0
5907744,237.0
5908912,113.0
5909136,209.0
5909328,229.0
5911984,146.0
5912384,221.0
5914656,299.0
5914656,220.0
5917552,198.0
5917808,196.0
5917824,159.0
5917968,217.0
5919344,217.0
5919600,255.0
5920672,192.0
5922480,281.0
5922704,193.0
5922896,221.0
5923392,173.0
5924032,277.0
5924784,203.0
5924992,109.0
5926128,170.0
5929328,200.0
5930128,227.0
5931312,248.0
5932000,197.0
5933216,233.0
5933760,226.0
5933888,295.0
5935280,162.0
5935840,207.0
5936256,183.0
5936544,210.0
5936704,224.0
5937776,123.0
5937792,121.0
5938000,191.0
5940448,211.0
5940560,268.0
5940704,259.0
5940752,184.0
5943088,190.0
5943712,203.0
5946432,243.0
5947152,191.0
5948560,241.0
5949168,211.0
5950544,209.0
5951904,208.0
5951984,218.0
5954912,272.0
5955968,266.0
5956000,142.0
5956480,185.0
5957200,283.0
5959504,220.0
5962144,205.0
5962512,230.0
5963056,221.0
5964336,227.0
5964400,216.0
5965440,234.0
5967536,199.0
5968272,217.0
5968896,215.0
5971600,58.0
5972080,235.0
5975040,172.0
5975648,254.0
5977008,185.0
5978256,154.0
5980064,230.0
5980720,231.0
5982976,235.0
5983984,214.0
5984256,238.0
5985984,203.0
5987008,294.0
5987664,226.0
5989280,284.0
5990048,250.0
5990144,235.0
5990800,195.0
5992064,178.0
5992912,202.0
5993184,185.0
5994096,111.0
5995264,278.0
5995296,195.0
5995648,227.0
5995824,130.0
5996240,271.0
5996720,229.0
5997408,219.0
5998496,201.0
5998800,196.0
5999680,216.0
5999744,277.0
6000112,258.0
6000272,251.0
6000496,192.0
6001632,266.0
6003120,221.0
6003376,226.0
6004032,137.0
6004304,237.0
6004656,240.0
6007904,224.0
6008864,117.0
6009856,236.0
6010976,255.0
6011216,212.0
6012240,362.0
6013824,247.0
6014496,201.0
6014624,212.0
6015568,253.0
6016624,128.0
6016880,226.0
6019168,205.0
6020544,351.0
6020688,210.0
6021536,204.0
6021936,301.0
6023344,112.0
6023376,213.0
6023600,228.0
6024736,252.0
6027504,108.0
6030736,219.0
6031136,201.0
6031600,223.0
6034784,227.0
6034848,160.0
6036704,162.0
6037312,200.0
6037424,263.0
6037856,235.0
6038144,187.0
6038416,222.0
6040544,194.0
6040800,209.0
6042352,260.0
6043584,316.0
6044080,220.0
6046048,230.0
6047328,149.0
6047504,265.0
6048432,249.0
6048816,146.0
6050656,196.0
6052320,117.0
6052768,230.0
6056960,189.0
6057104,209.0
6057248,218.0
6060400,273.0
6063072,157.0
6063616,174.0
6065232,218.0
6065248,190.0
6065616,116.0
6066272,273.0
6066736,257.0
6067984,239.0
6068896,195.0
6069520,184.0
6071200,371.0
6071968,198.0
6072816,212.0
6075296,254.0
6075792,214.0
6079648,201.0
6079712,233.0
6080576,62.0
6081840,203.0
6083808,143.0
6084704,146.0
6084928,200.0
6085744,165.0
6086928,96.0
6089152,184.0
6089856,205.0
6089888,208.0
6093152,239.0
6093808,212.0
6094160,216.0
6095504,192.0
6095632,288.0
6098000,218.0
6098976,182.0
6099472,239.0
6099856,219.0
6103360,222.0
6103600,226.0
6104368,211.0
6104496,268.0
6105536,166.0
6107808,214.0
6110224,245.0
6110800,244.0
6111136,212.0
6112336,138.0
6113456,218.0
6113520,205.0
6114576,214.0
6114688,210.0
6116192,219.0
6116288,209.0
6116688,198.0
6116848,207.0
6117968,242.0
6121696,191.0
6122592,135.0
6122768,220.0
6123408,339.0
6125472,168.0
6126528,193.0
6126560,247.0
6126832,173.0
6126992,235.0
6130432,260.0
6130448,215.0
6130832,249.0
6133232,173.0
6133456,207.0
6134416,223.0
6135344,151.0
6135360,189.0
6135424,189.0
6136608,213.0
6136768,313.0
6138656,289.0
6138704,269.0
6138880,141.0
6138992,226.0
6141520,122.0
6142048,208.0
6142080,192.0
6142544,213.0
6144432,235.0
6145616,188.0
6145808,245.0
6147136,184.0
6148608,195.0
6149440,226.0
6149760,163.0
6150176,213.0
6151552,131.0
6152128,122.0
6153280,219.0
6155584,223.0
6156000,219.0
6156816,222.0
6156960,354.0
6157312,71.0
6157584,124.0
6158800,239.0
6159664,212.0
6160256,205.0
6161600,315.0
6163024,242.0
6163744,217.0
6165024,208.0
6165264,181.0
6166160,143.0
6168448,235.0
6168976,231.0
6169840,229.0
6170608,284.0
6171872,118.0
6172544,83.0
6177888,193.0
6181344,203.0
6182192,419.0
6184816,211.0
6185040,323.0
6189776,234.0
6190960,250.0
6193472,196.0
6194768,223.0
6195296,274.0
6196800,302.0
6196832,190.0
6199696,253.0
6201408,229.0
6204288,213.0
6204816,213.0
6204912,205.0
6206000,178.0
6208032,233.0
6208512,224.0
6208640,210.0
6209328,197.0
6209776,247.0
6211520,126.0
6211808,217.0
6212112,219.0
6212656,207.0
6212960,307.0
6216688,271.0
6218576,68.0
6218848,192.0
6219072,131.0
6220928,140.0
6222176,224.0
6225408,226.0
6225792,185.0
6225984,237.0
6226336,219.0
6229616,226.0
6230416,191.0
6230720,244.0
6231072,209.0
6231184,235.0
6231552,128.0
6232272,223.0
6232576,62.0
6233648,130.0
6233920,198.0
6233984,272.0
6236960,185.0
6239648,214.0
6240784,211.0
6240880,232.0
6241872,198.0
6243968,258.0
6244896,220.0
6245392,216.0
6247680,231.0
6248624,249.0
6250944,245.0
6251056,160.0
6254576,106.0
6258160,221.0
6258176,231.0
6258560,244.0
6258864,116.0
6259488,247.0
6260496,120.0
6261536,110.0
6261968,262.0
6262576,147.0
6262704,200.0
6264080,144.0
6264928,276.0
6265936,196.0
6266704,230.0
6267280,236.0
6268736,154.0
6270240,273.0
6270816,263.0
6272656,190.0
6272896,194.0
6272928,226.0
6273024,283.0
6273936,210.0
6277072,275.0
6278256,239.0
6278784,302.0
6278816,254.0
6280032,230.0
6281840,141.0
6281840,205.0
6281952,253.0
6282000,227.0
6282352,261.0
6282672,240.0
6284368,125.0
6284784,176.0
6285104,254.0
6285168,207.0
6286032,208.0
6287328,236.0
6289168,240.0
6289216,231.0
6290128,153.0
6291776,158.0
6291792,213.0
6292544,208.0
6293680,234.0
6295312,219.0
6296880,199.0
6299376,207.0
6300560,365.0
6303776,331.0
6304864,225.0
6306112,229.0
6306256,125.0
6306592,110.0
6306752,185.0
6306784,149.0
6309632,196.0
6310368,225.0
6311024,220.0
6311664,217.0
6313456,192.0
6315056,211.0
6316384,182.0
6317760,126.0
6318496,128.0
6320848,276.0
6321024,203.0
6321440,280.0
6322640,208.0
6322688,261.0
6322720,147.0
6323376,256.0
6324336,180.0
6324512,190.0
6327328,183.0
6327520,162.0
6327760,202.0
6329248,298.0
6330080,191.0
6332320,204.0
6332880,206.0
6332896,227.0
6333184,252.0
6334080,212.0
6336848,195.0
6336880,248.0
6337712,186.0
6337856,231.0
6339952,123.0
6341504,229.0
6342976,317.0
6343120,261.0
6343696,215.0
6343952,224.0
6344992,250.0
6348096,210.0
6349120,231.0
6349216,252.0
6350528,204.0
6351664,222.0
6352320,228.0
6352464,202.0
6353168,229.0
6355056,384.0
6355504,198.0
6355568,172.0
6355680,197.0
6355744,204.0
6359104,213.0
6359696,232.0
6360496,228.0
6361440,198.0
6362128,205.0
6362336,201.0
6362784,224.0
6363472,193.0
6363680,285.0
6367824,251.0
6368064,273.0
6368800,198.0
6369472,230.0
6369664,210.0
6370656,224.0
6371408,208.0
6371584,234.0
6373536,121.0
6375792,140.0
6378416,221.0
6379056,197.0
6379488,205.0
6379584,272.0
6382960,243.0
6383088,224.0
6383632,213.0
6385024,211.0
6385584,209.0
6386736,199.0
6386768,237.0
6387424,219.0
6387872,264.0
6388576,256.0
6388576,193.0
6389280,221.0
6389344,242.0
6389824,206.0
6390672,243.0
6392064,191.0
6393088,203.0
6394944,216.0
6395584,184.0
6396672,205.0
6397984,219.0
6398672,232.0
6399696,253.0
6401808,204.0
6402640,218.0
6403872,185.0
6404400,181.0
6405088,190.0
6406960,187.0
6407568,197.0
6407680,142.0
6408272,199.0
6409472,206.0
6409984,206.0
6412320,202.0
6412992,163.0
6414528,250.0
6414592,215.0
6415584,240.0
6416800,209.0
6417920,207.0
6419488,259.0
6419632,238.0
6420032,166.0
6420960,213.0
6423600,195.0
6424560,197.0
6426784,198.0
6427136,229.0
6427216,235.0
6429792,189.0
6429888,221.0
6432912,204.0
6433040,195.0
6434000,281.0
6434768,274.0
6435824,232.0
6436416,218.0
6436544,229.0
6437568,221.0
6438048,202.0
6440016,208.0
6440368,174.0
6440784,233.0
6440976,197.0
6441216,235.0
6441568,162.0
6442256,299.0
6442704,252.0
6443616,226.0
6445456,264.0
6446416,259.0
6447056,214.0
6447216,220.0
6447424,122.0
6447568,223.0
6449488,191.0
6449968,212.0
6453488,219.0
6453664,158.0
6454208,282.0
6456496,201.0
6457056,211.0
6457200,186.0
6457392,243.0
6461312,200.0
6461712,193.0
6463888,160.0
6465056,203.0
6465264,228.0
6466000,267.0
6467248,241.0
6468640,265.0
6469504,249.0
6470240,186.0
6470624,206.0
6472544,223.0
6476544,166.0
6477216,140.0
6478512,209.0
6479072,217.0
6479776,218.0
6480752,220.0
6481840,192.0
6482816,217.0
6483424,140.0
6483760,212.0
6487696,194.0
6488112,187.0
6490144,217.0
6492592,195.0
6493584,219.0
6493984,213.0
6495280,229.0
6496912,359.0
6497168,245.0
6499280,164.0
6499424,199.0
6500848,236.0
6501152,248.0
6501728,233.0
6502128,370.0
6503328,208.0
6503776,229.0
6503856,212.0
6504096,202.0
6504192,218.0
6504816,192.0
6507392,276.0
6507904,231.0
6509456,219.0
6509504,169.0
6512576,189.0
6513024,222.0
6514640,136.0
6516480,216.0
6516512,219.0
6519600,197.0
6520240,201.0
6521920,133.0
6522096,253.0
6523632,219.0
6524224,250.0
6525408,229.0
6525616,219.0
6526432,281.0
6526624,181.0
6526976,250.0
6527232,251.0
6528032,244.0
6529120,289.0
6529136,219.0
6529504,191.0
6531024,238.0
6532304,200.0
6532736,242.0
6532928,237.0
6533088,138.0
6533152,227.0
6534672,183.0
6534880,225.0
6535936,226.0
6536016,195.0
6536240,206.0
6537216,226.0
6538912,247.0
6540240,216.0
6540304,219.0
6543488,214.0
6543712,212.0
6544368,257.0
6545568,222.0
6545856,248.0
6546512,238.0
6546992,284.0
6547792,245.0
6549312,174.0
6549312,233.0
6550464,228.0
6553504,411.0
6553968,219.0
6554656,178.0
6554832,199.0
6554928,245.0
6556000,300.0
6557008,240.0
6557376,229.0
6559536,232.0
6560288,187.0
6561456,117.0
6561680,291.0
6562224,180.0
6563696,212.0
6563840,206.0
6564016,223.0
6564320,160.0
6567392,230.0
6568144,225.0
6568352,217.0
6568448,251.0
6570240,243.0
6570336,177.0
6570864,217.0
6571952,284.0
6572752,196.0
6573680,208.0
6573712,216.0
6574720,207.0
6575072,228.0
6575824,215.0
6575952,136.0
6576080,220.0
6576384,214.0
6577072,229.0
6578096,210.0
6579632,212.0
6581248,221.0
6583568,288.0
6583808,203.0
6584992,230.0
6585040,203.0
6585456,212.0
6586144,87.0
6587360,236.0
6587824,264.0
6589280,204.0
6592096,258.0
6592336,233.0
6592800,282.0
6593600,199.0
6594496,210.0
6595232,231.0
6597840,247.0
6598832,236.0
6600288,152.0
6601664,224.0
6601808,294.0
6602208,201.0
6603184,242.0
6606128,207.0
6607088,222.0
6609072,204.0
6609504,210.0
6609920,201.0
6611392,241.0
6611664,258.0
6613792,205.0
6614432,250.0
6614832,190.0
6615744,221.0
6615792,131.0
6615888,146.0
6617232,100.0
6620544,196.0
6621120,275.0
6621664,219.0
6623696,114.0
6624672,246.0
6625472,235.0
6627344,185.0
6627344,220.0
6627360,217.0
6627552,231.0
6629248,330.0
6630688,208.0
6631744,97.0
6634912,240.0
6638528,194.0
6640640,210.0
6644832,164.0
6645104,122.0
6645888,174.0
6646368,70.0
6650544,260.0
6651776,244.0
6652352,221.0
6653008,220.0
6653920,210.0
6654736,181.0
6654800,151.0
6655552,241.0
6655872,178.0
6656176,249.0
6657696,234.0
6658832,202.0
6661856,188.0
6662256,262.0
6662336,190.0
6663808,218.0
6665376,187.0
6665648,204.0
6665728,203.0
6665792,183.0
6665920,184.0
6666160,243.0
6669168,214.0
6669520,232.0
6669760,234.0
6669760,224.0
6670608,251.0
6671584,167.0
6672464,182.0
6672464,174.0
6673600,186.0
6675104,199.0
6675712,219.0
6677312,231.0
6678592,211.0
6679360,206.0
6679632,197.0
6680848,220.0
6681728,219.0
6682928,159.0
6685584,168.0
6686384,333.0
6687216,210.0
6688352,122.0
6688912,207.0
6690384,197.0
6691552,224.0
6692656,233.0
6692928,215.0
6695792,195.0
6698656,199.0
6700192,409.0
6702288,279.0
6702672,210.0
6703648,208.0
6703904,203.0
6704112,340.0
6704208,223.0
6704336,103.0
6705520,201.0
6706512,256.0
6708416,219.0
6708912,106.0
6712016,242.0
6712272,209.0
6713648,237.0
6714480,228.0
6714560,264.0
6719264,222.0
6719568,253.0
6719984,225.0
6721504,226.0
6721872,235.0
6722608,208.0
6723584,229.0
6726144,199.0
6727248,183.0
6727616,195.0
6729120,185.0
6730032,204.0
6731200,231.0
6732608,229.0
6732880,230.0
6733392,208.0
6734688,213.0
6734832,250.0
6737376,280.0
6737648,175.0
6737744,254.0
6738304,224.0
6739344,220.0
6741328,214.0
6741360,248.0
6742016,225.0
6745056,209.0
6746048,207.0
6746432,235.0
6746768,200.0
6747824,221.0
6748224,215.0
6748592,220.0
6748624,160.0
6749136,197.0
6750560,236.0
6750960,233.0
6754128,247.0
6754160,217.0
6756624,248.0
6757600,217.0
6757696,259.0
6757792,251.0
6758016,222.0
6758896,57.0
6760400,216.0
6760928,176.0
6762000,222.0
6764576,168.0
6764704,196.0
6764992,251.0
6765456,242.0
6766176,158.0
6766464,209.0
6767216,177.0
6767616,218.0
6769232,216.0
6769584,122.0
6769792,190.0
6771152,245.0
6773008,115.0
6773680,156.0
6773968,205.0
6775008,209.0
6775808,219.0
6776336,188.0
6777040,209.0
6777232,203.0
6777552,216.0
6778432,223.0
6779024,208.0
6780544,186.0
6782864,191.0
6785088,243.0
6789040,246.0
6790208,231.0
6790896,201.0
6790976,240.0
6791552,257.0
6792464,220.0
6794032,195.0
6795072,230.0
6795104,318.0
6795408,177.0
6798928,219.0
6799072,200.0
6800160,315.0
6800432,230.0
6800656,276.0
6803488,207.0
6803904,228.0
6804960,213.0
6807072,223.0
6807392,217.0
6807504,253.0
6808352,217.0
6809088,236.0
6809312,271.0
6813632,188.0
6815232,266.0
6815696,224.0
6817232,226.0
6818080,213.0
6818128,218.0
6818992,227.0
6821632,228.0
6821760,226.0
6821920,207.0
6823296,101.0
6823360,284.0
6824704,126.0
6827904,199.0
6828080,192.0
6828080,189.0
6831616,247.0
6832032,243.0
6832112,184.0
6833936,252.0
6834912,179.0
6837040,238.0
6840416,236.0
6840432,61.0
6840464,207.0
6844080,227.0
6844096,148.0
6844128,243.0
6844816,222.0
6845520,259.0
6846896,215.0
6846944,164.0
6847520,211.0
6849520,293.0
6850112,193.0
6850624,185.0
6851184,225.0
6851200,265.0
6851904,194.0
6853936,207.0
6854672,232.0
6858192,51.0
6858416,279.0
6858752,115.0
6860288,127.0
6860368,219.0
6860400,102.0
6861584,231.0
6862176,165.0
6862768,229.0
6863504,193.0
6863696,115.0
6864064,189.0
6864800,200.0
6864992,251.0
6865264,118.0
6865520,208.0
6866016,202.0
6872944,267.0
6872992,238.0
6875408,209.0
6875552,158.0
6881392,234.0
6881808,232.0
6881904,205.0
6885120,232.0
6886208,214.0
6887296,215.0
6888320,244.0
6888496,141.0
6890160,206.0
6892272,131.0
6895472,243.0
6898384,217.0
6898400,195.0
6898992,220.0
6900272,216.0
6900336,251.0
6901984,226.0
6902048,205.0
6902608,218.0
6903056,253.0
6909040,80.0
6909520,215.0
6910384,268.0
6911312,244.0
6912144,189.0
6915088,233.0
6915120,133.0
6916800,241.0
6917568,185.0
6917648,133.0
6919472,217.0
6919568,226.0
6920080,229.0
6920256,215.0
6921312,65.0
6923408,244.0
6923904,238.0
6924256,142.0
6925024,222.0
6925152,239.0
6925232,243.0
6926016,263.0
6926480,243.0
6927488,256.0
6927696,158.0
6927760,204.0
6927840,84.0
6928704,212.0
6931856,272.0
6932208,196.0
6934352,206.0
6935536,193.0
6935760,225.0
6935968,208.0
6936048,239.0
6937808,179.0
6939216,215.0
6939424,188.0
6939504,196.0
6939536,220.0
6941936,118.0
6942400,195.0
6942416,222.0
6944176,249.0
6944304,149.0
6946544,205.0
6947504,230.0
6947712,211.0
6948896,191.0
6949264,202.0
6949552,210.0
6951120,212.0
6951440,222.0
6951872,272.0
6952320,213.0
6952448,237.0
6952896,208.0
6953488,224.0
6955072,225.0
6957392,204.0
6957680,298.0
6958368,184.0
6960512,283.0
6960832,223.0
6961136,233.0
6961536,216.0
6961600,231.0
6961696,187.0
6964848,250.0
6965904,157.0
6966128,125.0
6968320,241.0
6969120,306.0
6969696,236.0
6973376,315.0
6974288,123.0
6974832,251.0
6976256,220.0
6976576,214.0
6977488,199.0
6978080,93.0
6979120,267.0
6981168,170.0
6982624,207.0
6985424,227.0
6986384,233.0
6987632,239.0
6987776,229.0
6988144,203.0
6989488,186.0
6989808,237.0
6991216,214.0
6991296,195.0
6993888,302.0
6994608,195.0
6995840,79.0
6996048,116.0
6996752,210.0
6996912,188.0
6997392,111.0
6997520,55.0
6998800,242.0
6998800,268.0
6999744,230.0
7000352,232.0
7000800,212.0
7001952,251.0
7003120,210.0
7005280,207.0
7005952,235.0
7007392,254.0
7008448,229.0
7009152,134.0
7010160,468.0
7012784,179.0
7014128,216.0
7015792,210.0
7016464,206.0
7017024,201.0
7017520,276.0
7019456,332.0
7019600,237.0
7019968,183.0
7023184,193.0
7024048,218.0
7025616,123.0
7025664,164.0
7025984,158.0
7026224,233.0
7028960,208.0
7028992,216.0
7029344,209.0
7030032,232.0
7031168,132.0
7032784,255.0
7034640,282.0
7034944,235.0
7036000,241.0
7039808,226.0
7040048,241.0
7040800,231.0
7041328,280.0
7042384,215.0
7043008,104.0
7043568,141.0
7043872,222.0
7044416,237.0
7045008,217.0
7045808,49.0
7047488,191.0
7047680,214.0
7047856,260.0
7047968,210.0
7048208,289.0
7049152,232.0
7049184,248.0
7049360,199.0
7049440,205.0
7052624,214.0
7052832,141.0
7054096,246.0
7055616,229.0
7056176,221.0
7056608,287.0
7059360,198.0
7059376,174.0
7060848,205.0
7061456,111.0
7064000,120.0
7064176,207.0
7066112,195.0
7066464,272.0
7066544,217.0
7067264,219.0
7069680,190.0
7070096,228.0
7070560,205.0
7071728,248.0
7073840,232.0
7075248,219.0
7075344,221.0
7077376,228.0
7079808,195.0
7080432,197.0
7080480,200.0
7080768,211.0
7082480,166.0
7083472,189.0
7084560,236.0
7084608,237.0
7085792,239.0
7085968,249.0
7089184,211.0
7090592,229.0
7090736,177.0
7091008,248.0
7092992,140.0
7092992,225.0
7093840,226.0
7094176,201.0
7097888,137.0
7098608,219.0
7098656,247.0
7099440,195.0
7099872,219.0
7100016,205.0
7101360,236.0
7101440,221.0
7101856,202.0
7102000,221.0
7102320,240.0
7103456,214.0
7106192,235.0
7108112,194.0
7111328,232.0
7113824,235.0
7114112,205.0
7114704,229.0
7116400,205.0
7117056,239.0
7117744,214.0
7118512,131.0
7118640,161.0
7119520,252.0
7119728,218.0
7120656,177.0
7121408,159.0
7123744,209.0
7125248,193.0
7125840,103.0
7126752,270.0
7126944,211.0
7127840,226.0
7129792,196.0
7129952,170.0
7130288,215.0
7132064,202.0
7132960,197.0
7133232,258.0
7134928,66.0
7136912,187.0
7137344,219.0
7137344,196.0
7138720,222.0
7139360,261.0
7139536,215.0
7140544,226.0
7141728,338.0
7142160,240.0
7142880,219.0
7142976,215.0
7143904,231.0
7144192,199.0
7145840,229.0
7147824,70.0
7147968,242.0
7149328,134.0
7149376,201.0
7151744,126.0
7154384,208.0
7157248,263.0
7157712,207.0
7158512,232.0
7158544,260.0
7160208,193.0
7160512,203.0
7160784,232.0
7161616,191.0
7163296,348.0
7163984,215.0
7166432,175.0
7166848,247.0
7167008,231.0
7167648,224.0
7169216,137.0
7173408,187.0
7174112,210.0
7174688,252.0
7177056,182.0
7178752,225.0
7178800,256.0
7180928,267.0
7181152,194.0
7181344,153.0
7182160,212.0
7184224,206.0
7184240,208.0
7184944,196.0
7185360,243.0
7186960,250.0
7187856,201.0
7188752,237.0
7190864,204.0
7191024,368.0
7191136,148.0
7194240,210.0
7195328,229.0
7196384,256.0
7196464,229.0
7196576,256.0
7196704,135.0
7197808,227.0
7199104,197.0
7199280,289.0
7199440,256.0
7200480,266.0
7201328,138.0
7201376,291.0
7203664,204.0
7203696,220.0
7203904,217.0
7206656,198.0
7207152,206.0
7207168,203.0
7209488,206.0
7210112,203.0
7210816,207.0
7212288,237.0
7213536,252.0
7213712,224.0
7214096,217.0
7215008,249.0
7215264,465.0
7215840,221.0
7217328,246.0
7217648,203.0
7220432,202.0
7221152,250.0
7221184,217.0
7222000,202.0
7222800,232.0
7226432,226.0
7227520,210.0
7227776,237.0
7229744,248.0
7229840,157.0
7229904,239.0
7230032,237.0
7231632,197.0
7233792,207.0
7234048,324.0
7234160,204.0
7235120,202.0
7235824,261.0
7236288,202.0
7237264,199.0
7237456,215.0
7237664,191.0
7238240,217.0
7238976,103.0
7240032,214.0
7240160,206.0
7242736,245.0
7243280,192.0
7245296,175.0
7246784,218.0
7247744,265.0
7247952,125.0
7248288,197.0
7248432,206.0
7248448,192.0
7248576,237.0
7248736,200.0
7248848,225.0
7250336,218.0
7251920,224.0
7252176,228.0
7254480,218.0
7255584,216.0
7255824,243.0
7255840,216.0
7256096,245.0
7256176,194.0
7257920,209.0
7258384,165.0
7258400,244.0
7259104,219.0
7259344,202.0
7261024,196.0
7262848,233.0
7264672,227.0
7265360,218.0
7265376,157.0
7265936,199.0
7267408,221.0
7268560,198.0
7271008,240.0
7271280,193.0
7271984,213.0
7272448,211.0
7274608,238.0
7275376,182.0
7275616,197.0
7276368,114.0
7276992,244.0
7277792,252.0
7278128,219.0
7278240,202.0
7278352,190.0
7278832,295.0
7279696,323.0
7280368,274.0
7280512,303.0
7280576,138.0
7281024,205.0
7283200,189.0
7283952,214.0
7284336,247.0
7284864,267.0
7285456,232.0
7286288,311.0
7288880,213.0
7289440,208.0
7290256,222.0
7290336,252.0
7293888,226.0
7294080,191.0
7294480,258.0
7295568,254.0
7297392,218.0
7297472,186.0
7297712,215.0
7298544,278.0
7299216,266.0
7300176,160.0
7300704,206.0
7300720,221.0
7303600,242.0
7304160,198.0
7304368,284.0
7304496,235.0
7304560,200.0
7306288,197.0
7306432,169.0
7306896,205.0
7307104,170.0
7307152,203.0
7310288,240.0
7310784,183.0
7312128,223.0
7312432,133.0
7312768,218.0
7314240,219.0
7316832,198.0
7320608,190.0
7320704,405.0
7321056,194.0
7322512,231.0
7322784,222.0
7322944,196.0
7323488,197.0
7324272,200.0
7324960,249.0
7325408,227.0
7326160,235.0
7326816,147.0
7328112,271.0
7334528,197.0
7335664,210.0
7335872,223.0
7336496,193.0
7336656,214.0
7337376,240.0
7339248,213.0
7339248,213.0
7340192,230.0
7341024,225.0
7342016,149.0
7342512,203.0
7343184,252.0
7344480,182.0
7344752,223.0
7346032,219.0
7348704,227.0
7349392,242.0
7351584,179.0
7354736,220.0
7355184,224.0
7356976,312.0
7358064,251.0
7358688,190.0
7359520,202.0
7360064,222.0
7360208,233.0
7362224,298.0
7363792,223.0
7364864,198.0
7364912,182.0
7366320,243.0
7366416,263.0
7366672,195.0
7369696,210.0
7369760,242.0
7370240,222.0
7371088,289.0
7371824,154.0
7372512,175.0
7372688,142.0
7372992,201.0
7375216,181.0
7375280,215.0
7375904,211.0
7376640,227.0
7376672,175.0
7376832,239.0
7378336,160.0
7381040,217.0
7382176,158.0
7382512,222.0
7384992,235.0
7385712,199.0
7385856,229.0
7388384,211.0
7388592,138.0
7389616,202.0
7390928,252.0
7392544,201.0
7394752,218.0
7396112,185.0
7396688,202.0
7398032,208.0
7398560,220.0
7399056,195.0
7399536,219.0
7400848,142.0
7402416,218.0
7402704,221.0
7403520,297.0
7405600,180.0
7406320,207.0
7407696,122.0
7409616,159.0
7409920,178.0
7410096,211.0
7413024,207.0
7417024,214.0
7417056,266.0
7417760,225.0
7418144,115.0
7420480,222.0
7420896,212.0
7420944,240.0
7421936,246.0
7423488,221.0
7423648,213.0
7424048,222.0
7424272,302.0
7427984,280.0
7428976,204.0
7431072,208.0
7431440,215.0
7431616,236.0
7433440,237.0
7435216,195.0
7438704,219.0
7441104,132.0
7441280,148.0
7441888,221.0
7442144,214.0
7442464,262.0
7442848,248.0
7443456,262.0
7444080,214.0
7445424,256.0
7445520,210.0
7445824,185.0
7446352,230.0
7446896,116.0
7447408,182.0
7449120,138.0
7449552,226.0
7450736,184.0
7453008,215.0
7454400,224.0
7455104,204.0
7455216,232.0
7458096,120.0
7459904,210.0
7460080,221.0
7460208,218.0
7461056,219.0
7461376,204.0
7461824,100.0
7465456,269.0
7465456,226.0
7466528,312.0
7466560,273.0
7467408,197.0
7467616,244.0
7467968,206.0
7468528,114.0
7468960,263.0
7469040,248.0
7469120,210.0
7469152,230.0
7469536,254.0
7469552,188.0
7470608,217.0
7471328,201.0
7472432,216.0
7474480,120.0
7475808,368.0
7475888,220.0
7478288,165.0
7478864,209.0
7479024,195.0
7480400,200.0
7482240,210.0
7483328,182.0
7484544,227.0
7486464,260.0
7487728,135.0
7490096,226.0
7490496,230.0
7491072,214.0
7491232,210.0
7492704,117.0
7493664,197.0
7494608,133.0
7495088,205.0
7496976,287.0
7499248,247.0
7500768,201.0
7501664,209.0
7501792,270.0
7501840,246.0
7504144,210.0
7504736,148.0
7505632,206.0
7506176,226.0
7508032,205.0
7510672,221.0
7513008,133.0
7513120,234.0
7516512,131.0
7516736,194.0
7517664,178.0
7519216,233.0
7519760,218.0
7519920,201.0
7519968,205.0
7520752,230.0
7520832,238.0
7521520,156.0
7522688,216.0
7524368,208.0
7524720,243.0
7525392,208.0
7526608,230.0
7531440,258.0
7532784,228.0
7532976,239.0
7533792,213.0
7535552,225.0
7535904,257.0
7536336,221.0
7539120,209.0
7539952,197.0
7540800,141.0
7542064,252.0
7542656,220.0
7543328,211.0
7543792,239.0
7544080,196.0
7545488,213.0
7545584,160.0
7549776,273.0
7550688,139.0
7551120,217.0
7551168,213.0
7551520,208.0
7552208,116.0
7553792,209.0
7554720,156.0
7555472,201.0
7557936,176.0
7558560,130.0
7559488,250.0
7559664,308.0
7560704,222.0
7561168,204.0
7561616,223.0
7561776,200.0
7568176,183.0
7568336,206.0
7569696,211.0
7570048,116.0
7571344,217.0
7571872,186.0
7572480,258.0
7575248,118.0
7575440,222.0
7577792,241.0
7578048,219.0
7579648,213.0
7579664,124.0
7579872,249.0
7581776,255.0
7582256,233.0
7583504,214.0
7583504,239.0
7583952,246.0
7586912,203.0
7586976,216.0
7588672,198.0
7589776,212.0
7590016,193.0
7590368,235.0
7591472,138.0
7591760,221.0
7592352,250.0
7593776,227.0
7594096,232.0
7594128,147.0
7596144,291.0
7596352,201.0
7596448,213.0
7596656,252.0
7600096,219.0
7600896,238.0
7601584,228.0
7602416,359.0
7605024,228.0
7605024,257.0
7607040,224.0
7607776,181.0
7608304,234.0
7608416,211.0
7608432,214.0
7609872,243.0
7609984,322.0
7610736,230.0
7613040,214.0
7613376,208.0
7615312,150.0
7616736,212.0
7618272,187.0
7618416,229.0
7618800,187.0
7619296,309.0
7620016,204.0
7621120,211.0
7622224,231.0
7622592,235.0
7623280,203.0
7623520,108.0
7624176,207.0
7624992,232.0
7625456,201.0
7626576,236.0
7626640,209.0
7627904,237.0
7629120,240.0
7629744,193.0
7630480,296.0
7633376,234.0
7633568,149.0
7634000,213.0
7635536,223.0
7635648,189.0
7637264,239.0
7639584,169.0
7639888,271.0
7641104,242.0
7641232,245.0
7641376,190.0
7641392,226.0
7641984,193.0
7642208,224.0
7642208,146.0
7642304,189.0
7643840,205.0
7645568,125.0
7646640,176.0
7648096,231.0
7648224,155.0
7648272,241.0
7648560,186.0
7648800,174.0
7648848,199.0
7650688,230.0
7650736,192.0
7650944,214.0
7651664,193.0
7651744,233.0
7653216,204.0
7654176,247.0
7655552,205.0
7657632,200.0
7657792,225.0
7657952,301.0
7658528,210.0
7659664,213.0
7660128,131.0
7660368,277.0
7660880,182.0
7662816,237.0
7663328,228.0
7665440,211.0
7666640,203.0
7667760,212.0
7668288,189.0
7672624,234.0
7672640,52.0
7673536,207.0
7673760,187.0
7678032,233.0
7678960,253.0
7679392,197.0
7679504,225.0
7679744,224.0
7680576,220.0
7680752,198.0
7681200,271.0
7682736,134.0
7682848,192.0
7683472,291.0
7685904,182.0
7687648,244.0
7687696,266.0
7687744,284.0
7688224,236.0
7690640,213.0
7691968,204.0
7693632,217.0
7695168,199.0
7697616,225.0
7698304,195.0
7698320,277.0
7698416,142.0
7700240,286.0
7700384,212.0
7701392,190.0
7701488,208.0
7701760,213.0
7705088,283.0
7705392,256.0
7705920,200.0
7708096,204.0
7709344,246.0
7709584,213.0
7710272,185.0
7710400,227.0
7714096,238.0
7714848,256.0
7718336,220.0
7719952,235.0
7720512,248.0
7721088,235.0
7722624,217.0
7722624,133.0
7725024,224.0
7725760,258.0
7727360,204.0
7727472,254.0
7728480,198.0
7729376,225.0
7730576,194.0
7730768,207.0
7731456,176.0
7731600,199.0
7732464,195.0
7733120,103.0
7734512,252.0
7734544,220.0
7735296,117.0
7737824,334.0
7739024,232.0
7740288,192.0
7741952,250.0
7742368,210.0
7742592,231.0
7742992,288.0
7745120,245.0
7745424,190.0
7745488,203.0
7746128,195.0
7746720,230.0
7748656,100.0
7751280,239.0
7751296,207.0
7752720,219.0
7752896,199.0
7752928,102.0
7753376,195.0
7753552,262.0
7755936,200.0
7756816,203.0
7757856,222.0
7758304,186.0
7758400,207.0
7759568,225.0
7761440,224.0
7761712,229.0
7762576,223.0
7762864,205.0
7766016,197.0
7766624,226.0
7766736,149.0
7767872,156.0
7769632,247.0
7769792,250.0
7771296,213.0
7773040,205.0
7773520,242.0
7773696,209.0
7774448,196.0
7775072,210.0
7777104,184.0
7779744,185.0
7779744,191.0
7779920,191.0
7780336,128.0
7781120,203.0
7782576,137.0
7783312,222.0
7785840,203.0
7786816,203.0
7786960,218.0
7789392,207.0
7790032,200.0
7790416,201.0
7790960,218.0
7793248,200.0
7793744,207.0
7794608,227.0
7794880,215.0
7795104,194.0
7796416,214.0
7797680,225.0
7797760,198.0
7798752,250.0
7800752,221.0
7801104,243.0
7801248,198.0
7801456,260.0
7801840,259.0
7805632,203.0
7807024,171.0
7807168,229.0
7807984,250.0
7808640,214.0
7810736,243.0
7812160,197.0
7812240,214.0
7813568,252.0
7815888,227.0
7816624,228.0
7817040,216.0
7817744,209.0
7818944,114.0
7819552,228.0
7820752,283.0
7821072,207.0
7822064,223.0
7822784,201.0
7825488,215.0
7826848,229.0
7827856,186.0
7830720,241.0
7832448,107.0
7833056,283.0
7837776,286.0
7838160,199.0
7838528,204.0
7838976,205.0
7839536,276.0
7841216,214.0
7843248,192.0
7844592,223.0
7844832,181.0
7845408,221.0
7846240,206.0
7847504,154.0
7848672,239.0
7849072,136.0
7850192,200.0
7850304,206.0
7851568,154.0
7853696,212.0
7855008,214.0
7857632,210.0
7858288,267.0
7860688,218.0
7864256,224.0
7864448,243.0
7864592,211.0
7864800,199.0
7866144,241.0
7867088,196.0
7867440,186.0
7868976,117.0
7869408,203.0
7870960,191.0
7872368,240.0
7872400,195.0
7873984,115.0
7874288,207.0
7874368,272.0
7874416,237.0
7875056,206.0
7875616,202.0
7875952,305.0
7877744,167.0
7877776,212.0
7877792,234.0
7878624,142.0
7879472,240.0
7880464,138.0
7880912,235.0
7881104,209.0
7881936,222.0
7882592,194.0
7883152,200.0
7884592,207.0
7885968,210.0
7885968,205.0
7885984,316.0
7886304,106.0
7888464,259.0
7889024,143.0
7889440,205.0
7889616,230.0
7889696,211.0
7890224,254.0
7891200,198.0
7891264,240.0
7892992,231.0
7893232,220.0
7894496,206.0
7895856,166.0
7898576,270.0
7899344,218.0
7900256,210.0
7900736,203.0
7901312,122.0
7904320,226.0
7905296,210.0
7907376,234.0
7907616,238.0
7908544,202.0
7908720,120.0
7909104,211.0
7911232,238.0
7911280,228.0
7912368,218.0
7913472,194.0
7914144,211.0
7917920,117.0
7918080,229.0
7918304,215.0
7919072,257.0
7919504,227.0
7920800,266.0
7922688,198.0
7922960,204.0
7924144,208.0
7925936,202.0
7926768,237.0
7926800,223.0
7927984,237.0
7928544,137.0
7929056,220.0
7931680,227.0
7932144,259.0
7932208,228.0
7933328,234.0
7933360,227.0
7933424,193.0
7936016,220.0
7936144,219.0
7940192,182.0
7940768,209.0
7941872,244.0
7942448,109.0
7942848,189.0
7943584,175.0
7943776,191.0
7946736,213.0
7947696,249.0
7948144,121.0
7948592,217.0
7948976,350.0
7949536,269.0
7951520,210.0
7952032,214.0
7952960,176.0
7954336,334.0
7954544,223.0
7954720,198.0
7956272,244.0
7956384,213.0
7957168,237.0
7957840,222.0
7958592,216.0
7959584,216.0
7961360,244.0
7961952,229.0
7964384,143.0
7965152,210.0
7965408,198.0
7967952,222.0
7968064,188.0
7969024,138.0
7972272,214.0
7975072,238.0
7975168,205.0
7975984,219.0
7977072,204.0
7979056,228.0
7980144,197.0
7980176,193.0
7980560,103.0
7981136,194.0
7981456,392.0
7982416,227.0
7982480,222.0
7982624,222.0
7982880,210.0
7983584,238.0
7984848,211.0
7985808,291.0
7985824,212.0
7986736,194.0
7987120,202.0
7987904,223.0
7988512,228.0
7991424,137.0
7991504,278.0
7991568,238.0
7993088,213.0
7993184,212.0
7994416,289.0
7996272,221.0
7996416,128.0
7997264,200.0
7997792,217.0
7998640,185.0
7999744,193.0
7999776,182.0
8000016,349.0
8000848,223.0
8001216,306.0
8003248,228.0
8004016,204.0
8004512,256.0
8004544,207.0
8006480,194.0
8006880,178.0
8009088,191.0
8013456,186.0
8013456,117.0
8013504,248.0
8014144,226.0
8015200,108.0
8016240,179.0
8016288,227.0
8016528,114.0
8016656,180.0
8016960,105.0
8017456,206.0
8018880,193.0
8020816,210.0
8021472,63.0
8022528,227.0
8023408,208.0
