step,value
1904,3.663865566253662
1904,1.9747898578643799
1904,2.1554622650146484
1904,7.1218485832214355
1904,3.0966386795043945
1904,3.8235294818878174
1904,5.705882549285889
1904,4.483193397521973
3816,3.781512498855591
3816,2.0672268867492676
3816,3.4831931591033936
3816,2.9789915084838867
3816,2.0168068408966064
3816,4.277310848236084
3816,2.3151259422302246
3816,2.941176414489746
4304,2.4666666984558105
4344,3.0
4344,4.523077011108398
4872,5.151515007019043
5728,1.7478991746902466
5728,7.382352828979492
5728,2.172268867492676
5728,3.8235294818878174
5728,2.495798349380493
6216,2.7154812812805176
6256,4.259414196014404
6784,4.200836658477783
7640,3.2845187187194824
7640,3.3807530403137207
7640,2.301255226135254
7640,2.686192512512207
7640,4.129707336425781
8128,2.0
8168,3.138075351715088
8696,5.3765692710876465
9552,1.9581589698791504
9552,3.242677927017212
9552,1.5564854145050049
9552,5.439330577850342
9552,5.397489547729492
10040,2.489539861679077
10072,2.4769229888916016
10080,2.8661088943481445
10536,7.032258033752441
10608,3.6820082664489746
11464,2.9456067085266113
11464,1.9665272235870361
11464,2.7615063190460205
11464,4.083682060241699
11984,3.2259414196014404
11992,3.138075351715088
12448,5.092050075531006
12520,4.213388919830322
12976,5.7272725105285645
13376,3.6569037437438965
13376,3.543933153152466
13376,3.301255226135254
13376,2.7154812812805176
13896,4.585773944854736
13904,4.489539623260498
14416,7.65625
14432,3.46443510055542
14888,6.171547889709473
15288,2.301255226135254
15288,2.9121339321136475
15288,3.895397424697876
15288,2.606694459915161
15784,3.177419424057007
15808,4.11297082901001
16328,3.405857801437378
16344,3.861924648284912
16800,2.2008368968963623
17200,2.384937286376953
17200,4.4937238693237305
17200,2.3179917335510254
17696,3.652719736099243
17720,2.5648536682128906
18200,3.825396776199341
18240,3.5983264446258545
18256,5.439330577850342
18712,3.744769811630249
19112,5.025104522705078
19112,4.995815753936768
19112,3.824267864227295
19632,2.8661088943481445
20112,2.7029287815093994
20152,3.8117153644561768
20168,2.723849296569824
20624,5.058577537536621
21024,4.117154598236084
21024,3.313807487487793
21024,1.9748953580856323
21544,1.9748953580856323
22024,3.0543932914733887
22064,2.7029287815093994
22080,2.941422700881958
22536,2.142259359359741
22936,4.631799221038818
22936,2.150627613067627
22936,2.7824268341064453
23072,2.985074520111084
23456,4.280334949493408
23936,3.5983264446258545
23976,3.313807487487793
23992,3.0753138065338135
24848,3.1799163818359375
24848,3.6820082664489746
24848,2.1464436054229736
24984,2.1129708290100098
25368,3.230769157409668
25368,2.3514645099639893
25848,2.0878660678863525
25888,2.569037675857544
25904,3.744769811630249
26384,2.985074520111084
26760,2.0627615451812744
26760,2.4476988315582275
26896,3.6778242588043213
27280,2.556485414505005
27280,2.142259359359741
27800,3.3179917335510254
27816,2.4853556156158447
27872,4.934426307678223
28296,2.9707112312316895
28672,3.6903765201568604
28672,5.0
29192,2.347280263900757
29192,2.652719736099243
29712,3.6485354900360107
29728,1.983263611793518
29784,3.6192469596862793
30208,4.246861934661865
30584,4.874476909637451
30584,3.9037656784057617
31104,1.5774058103561401
31104,3.288702964782715
31152,4.197183132171631
31624,3.849372386932373
31640,4.100418567657471
31696,2.778242588043213
32120,4.234309673309326
32184,3.2352941036224365
32496,2.7154812812805176
32720,5.79104471206665
33016,2.6359832286834717
33016,3.4937238693237305
33064,3.3305439949035645
33536,5.64853572845459
33608,3.9037656784057617
34032,2.6820082664489746
34408,5.334728240966797
34632,5.619246959686279
34928,5.64853572845459
34928,2.4937238693237305
34976,3.698744773864746
35448,3.556485414505005
35520,3.8870291709899902
35944,3.138075351715088
36320,2.9497907161712646
36544,3.292886972427368
36840,2.313807487487793
36840,2.1589958667755127
36888,2.1004183292388916
37360,3.476987361907959
37432,6.380753040313721
37856,4.728033542633057
38232,4.267782211303711
38456,2.652719736099243
38752,5.502091884613037
38752,4.5397491455078125
38800,3.7615063190460205
39272,4.334728240966797
39344,3.8661088943481445
39768,5.14225959777832
40144,4.937238693237305
40320,5.666666507720947
40368,3.6945607662200928
40664,3.092050313949585
40664,5.899581432342529
40712,4.426778316497803
40888,6.723076820373535
41184,3.476987361907959
41256,3.7029287815093994
41728,4.789473533630371
42056,3.476987361907959
42232,5.092050075531006
42576,6.066945552825928
42624,2.9916317462921143
42800,4.079497814178467
43096,3.1338911056518555
43168,4.619246959686279
43640,2.301255226135254
43968,2.9456067085266113
44144,5.083682060241699
44488,5.158995628356934
44536,2.6945607662200928
44712,4.39330530166626
45008,3.138075351715088
45080,3.6569037437438965
45224,6.671875
45328,4.391891956329346
45552,3.606694459915161
45880,4.456067085266113
46400,3.5397489070892334
46448,3.46443510055542
46920,2.543933153152466
46992,2.5397489070892334
47136,4.518828392028809
47240,1.9414225816726685
47464,3.4728033542633057
47776,5.074626922607422
47792,2.9707112312316895
48312,2.7154812812805176
48360,2.92887020111084
48832,3.8661088943481445
48904,3.138075351715088
49048,2.673640251159668
49376,3.393305540084839
49688,3.2635984420776367
49704,2.4686193466186523
50224,5.602510452270508
50272,1.9288703203201294
50744,3.5983264446258545
50816,2.4853556156158447
50960,2.66108775138855
51288,4.748953819274902
51600,2.7824268341064453
51616,2.26778244972229
52136,3.092050313949585
52184,2.6359832286834717
52656,2.966527223587036
52728,3.138075351715088
52872,4.627614974975586
53200,1.7405858039855957
53512,4.39330530166626
53528,4.008368015289307
54048,3.836820125579834
54096,1.9748953580856323
54568,3.5313806533813477
54640,5.861924648284912
54784,1.987447738647461
55112,3.012552261352539
55424,3.4937238693237305
55440,3.3514645099639893
55920,2.548387050628662
55960,5.292887210845947
56008,2.3221757411956787
56480,3.53556489944458
56504,5.176470756530762
56552,2.9707112312316895
56696,3.8870291709899902
57024,4.163179874420166
57352,1.866108775138855
57832,2.92887020111084
57920,3.3640167713165283
58392,4.836820125579834
58416,7.284518718719482
58464,4.3096232414245605
58608,3.138075351715088
58888,5.306451797485352
58936,1.7238494157791138
59264,3.523012638092041
59744,2.9372384548187256
59768,5.365079402923584
59832,2.9037656784057617
60328,4.953974723815918
60376,4.267782211303711
60520,4.748953819274902
60800,1.9623430967330933
60848,3.3096234798431396
61656,2.560669422149658
61680,5.259414196014404
61744,2.5188283920288086
62232,2.86956524848938
62240,4.439330577850342
62288,3.430962324142456
62432,2.6359832286834717
62712,3.7615063190460205
62760,4.42259407043457
62760,3.5999999046325684
63568,1.9748953580856323
63656,3.0962343215942383
64088,3.799999952316284
64144,3.359832525253296
64144,5.173410415649414
64200,6.945606708526611
64344,3.8535563945770264
64624,3.9623429775238037
64672,2.5732216835021973
64880,7.895522594451904
65568,2.80334734916687
66000,3.209204912185669
66056,3.874476909637451
66056,4.644351482391357
66112,4.313807487487793
66536,2.489539861679077
66584,3.2510459423065186
66616,2.6984126567840576
66792,3.594142198562622
67112,2.7419354915618896
67480,3.4853556156158447
67528,5.104838848114014
67632,3.799999952316284
67912,4.117154598236084
67968,3.6694560050964355
67968,4.117154598236084
68176,4.382352828979492
68480,4.21875
68496,5.230125427246094
68704,3.0083682537078857
69392,4.18410062789917
69440,3.698744773864746
69824,5.117154598236084
69880,2.8995816707611084
70088,3.476987361907959
70392,2.640167474746704
70408,3.26778244972229
70616,5.334728240966797
70648,6.242856979370117
71304,4.129707336425781
71352,3.0962343215942383
71736,3.4937238693237305
71792,4.288702964782715
72304,3.543933153152466
72320,4.589958190917969
72528,5.790794849395752
72560,4.497908115386963
72864,3.548717975616455
73032,4.365079402923584
73168,6.180616855621338
73648,5.280334949493408
73704,4.188284397125244
74216,6.736401557922363
74232,5.020920276641846
74472,3.7991631031036377
74744,3.1875
74776,6.694560527801514
74944,3.313807487487793
75080,4.769874572753906
75312,4.211267471313477
75560,4.7029290199279785
75616,4.213388919830322
76128,5.564853668212891
76384,4.18410062789917
76688,4.07112979888916
76856,3.652719736099243
76992,4.083682060241699
77224,8.012552261352539
77472,6.046025276184082
77528,4.435146331787109
78040,2.9246861934661865
78040,2.3125
78296,3.895397424697876
78600,3.849372386932373
78768,6.192468643188477
78904,3.347280263900757
79176,8.93055534362793
79384,2.6778242588043213
79632,6.481481552124023
79952,6.3430962562561035
79952,3.07112979888916
80208,4.42259407043457
80568,5.234449863433838
80816,4.497908115386963
81088,5.64853572845459
81296,4.518828392028809
81544,2.7405858039855957
81864,5.8535566329956055
81864,5.301255226135254
82120,5.188284397125244
82408,6.455882549285889
82480,3.765690326690674
82728,5.615062713623047
82832,5.354037284851074
83000,3.849372386932373
83208,3.6820082664489746
83400,6.536458492279053
84032,4.0
84320,3.652719736099243
84392,5.188284397125244
84640,3.5062761306762695
84744,4.711297035217285
84912,4.14225959777832
85120,4.937238693237305
85312,4.42259407043457
85456,4.779411792755127
85864,8.594202995300293
86232,5.64853572845459
86304,4.2259416580200195
86432,2.816901445388794
86552,4.581590175628662
86656,4.7740583419799805
86880,5.416666507720947
87032,3.5062761306762695
87248,8.271143913269043
88144,3.3891212940216064
88336,5.152777671813965
88344,4.53556489944458
88464,3.117154836654663
88568,3.104602575302124
88792,4.979079723358154
88944,1.7740585803985596
89160,5.81589937210083
90056,5.42259407043457
90248,6.790794849395752
90256,5.171547889709473
90376,2.7698745727539062
90480,5.313807487487793
90704,4.447698593139648
90856,6.384937286376953
91072,4.510460376739502
91968,7.364016532897949
92160,7.761506080627441
92168,4.635983467102051
92288,5.355648517608643
92392,2.6778242588043213
92768,6.108786582946777
92984,4.5397491455078125
93536,6.019773960113525
93880,3.079497814178467
94072,4.728033542633057
94080,5.188284397125244
94200,5.117154598236084
94304,5.108786582946777
94648,3.5211267471313477
94680,9.887029647827148
94896,5.163179874420166
95448,3.874476909637451
95792,3.0543932914733887
95976,5.136363506317139
95984,2.8451883792877197
96112,4.602510452270508
96216,4.845188140869141
96368,4.916666507720947
96560,3.2719664573669434
96592,4.631799221038818
96808,6.234309673309326
97888,5.020920276641846
97896,4.4937238693237305
98024,2.8661088943481445
98128,3.46443510055542
98280,4.292887210845947
98472,5.209205150604248
98504,3.8284518718719482
98624,6.306451797485352
98720,3.1799163818359375
99800,4.3305439949035645
99808,3.9456067085266113
99936,8.175732612609863
100192,4.895397663116455
100384,3.640167474746704
100416,6.589958190917969
100464,3.848484754562378
100536,4.824267864227295
100632,5.527196884155273
101712,3.652719736099243
101720,3.7029287815093994
102104,2.6359832286834717
102296,5.502091884613037
102328,3.138075351715088
102376,4.334728240966797
102448,3.987447738647461
102544,6.359832763671875
103624,3.9916317462921143
103632,5.020920276641846
104016,5.744770050048828
104208,4.435146331787109
104240,3.6192469596862793
104288,5.707112789154053
104360,6.6569037437438965
104456,2.2594141960144043
104696,2.5081968307495117
104792,5.507246494293213
105536,4.8535566329956055
105928,3.117154836654663
106200,6.317991733551025
106272,4.807531356811523
106368,3.07112979888916
106608,5.355648517608643
106704,3.079497814178467
107136,4.420091152191162
107448,3.920502185821533
107840,5.0
108112,3.602510452270508
108184,5.1799163818359375
108280,5.57740592956543
108520,3.138075351715088
108616,4.476987361907959
109048,5.334728240966797
109360,2.4476988315582275
109752,4.435146331787109
110024,4.979079723358154
110096,3.765690326690674
110192,3.8284518718719482
110432,4.895397663116455
110528,5.941422462463379
110960,4.497908115386963
111272,4.481171607971191
111664,5.920502185821533
111936,6.489539623260498
112008,3.8117153644561768
112104,4.95815896987915
112344,4.4602508544921875
112440,2.686192512512207
112872,3.979079484939575
112944,4.5714287757873535
113184,5.9832634925842285
113576,4.209205150604248
113848,5.230125427246094
113920,5.1464433670043945
114016,6.234309673309326
114080,3.238095283508301
114256,5.418409824371338
114784,4.175732135772705
114856,6.2970709800720215
115096,2.8870291709899902
115760,4.594142436981201
115928,4.518828392028809
115992,4.18410062789917
116168,2.6569037437438965
116688,4.507692337036133
116696,3.280334711074829
116768,5.979079723358154
117008,4.644351482391357
117360,4.897674560546875
117672,3.5983264446258545
117840,4.548117160797119
117904,5.711297035217285
118600,4.334728240966797
118608,4.728033542633057
118920,5.665271759033203
119272,7.42259407043457
119584,3.849372386932373
119752,6.276150703430176
119816,4.991631984710693
120024,7.788697719573975
120376,7.114285945892334
120512,4.163179874420166
120520,5.732217788696289
120832,3.0376570224761963
121040,3.939393997192383
121184,3.242677927017212
121496,5.85774040222168
121664,5.6903767585754395
121936,6.987447738647461
122288,4.451882839202881
122432,1.9456067085266113
122952,4.920502185821533
123008,3.569444417953491
123096,2.707113027572632
123408,4.288702964782715
123576,4.058577537536621
123848,4.510460376739502
124200,6.004184246063232
124376,6.241535186767578
124864,6.5062761306762695
124920,6.589958190917969
125008,7.062761306762695
125320,3.6569037437438965
125432,4.1549296379089355
125488,5.9832634925842285
125760,6.556485176086426
126112,4.615062713623047
126832,5.589958190917969
126920,4.04184103012085
127232,8.417366981506348
127232,7.824267864227295
127344,3.502092123031616
127400,4.728033542633057
127672,7.782426834106445
127760,5.348484992980957
128024,6.548117160797119
128264,3.174603223800659
128744,4.665271759033203
128832,4.158995628356934
129144,6.317991733551025
129256,6.46443510055542
129312,3.640167474746704
129584,5.150627613067627
129936,6.53556489944458
130176,3.430962324142456
130656,6.589958190917969
130744,4.874476909637451
131056,3.9958159923553467
131168,5.230125427246094
131224,4.221757411956787
131496,7.238493919372559
131848,5.962343215942383
132088,4.35146427154541
132568,5.543932914733887
132656,4.100418567657471
132968,4.435146331787109
133080,5.4602508544921875
133136,5.941422462463379
133408,7.740585803985596
133760,6.42259407043457
134000,4.347280502319336
134480,2.849372386932373
134568,4.581590175628662
134992,5.221757411956787
135048,8.200837135314941
135320,4.092050075531006
135552,9.222222328186035
135672,5.4937238693237305
135912,3.8075313568115234
136224,5.766584873199463
136392,8.690376281738281
136480,4.18410062789917
136792,5.211267471313477
136904,6.317991733551025
136992,3.859375
137232,5.899581432342529
137464,4.753138065338135
137584,3.861924648284912
137824,4.811715602874756
138304,6.644351482391357
138704,9.267782211303711
138816,4.435146331787109
138832,4.5757575035095215
138904,4.100418567657471
139144,5.85774040222168
139288,4.726027488708496
139376,6.527196884155273
139480,6.25
139496,9.414225578308105
139736,6.066945552825928
140728,5.497908115386963
140744,7.6694560050964355
141056,5.271966457366943
141288,6.46443510055542
141392,7.447698593139648
141408,5.569037437438965
141520,6.078853130340576
141648,6.150627613067627
141888,4.032258033752441
142640,2.857740640640259
142656,5.81589937210083
142968,7.803347110748291
143200,3.5983264446258545
143320,4.8535566329956055
143432,2.6945607662200928
143560,6.836820125579834
143800,5.987447738647461
143816,3.064516067504883
143928,7.806451797485352
144552,8.326359748840332
144568,9.602510452270508
144880,3.0167365074157715
145112,3.974895477294922
145376,8.677419662475586
145472,5.020920276641846
145712,6.288702964782715
145728,4.602510452270508
145840,6.054393291473389
145912,8.149253845214844
146464,8.535564422607422
146480,5.439330577850342
147024,4.979079723358154
147384,2.292886972427368
147624,9.058577537536621
147640,5.732217788696289
147752,6.569037437438965
147824,4.903765678405762
148152,5.2272725105285645
148376,6.4602508544921875
148392,4.723849296569824
148784,5.681818008422852
149296,7.8661088943481445
149552,5.271966457366943
149664,7.238493919372559
149736,7.338912010192871
150064,2.384937286376953
150288,4.5397491455078125
150304,5.04184103012085
151208,5.602510452270508
151464,7.07112979888916
151576,4.543932914733887
151648,2.9958159923553467
151976,4.510460376739502
152200,4.167364120483398
152216,4.60669469833374
152528,4.735042572021484
153120,7.748953819274902
153376,6.401673793792725
153488,5.276150703430176
153560,6.108786582946777
153888,7.405857563018799
154112,3.849372386932373
154128,6.502091884613037
154440,6.715481281280518
154616,8.603174209594727
155032,8.64853572845459
155288,7.259414196014404
155400,6.108786582946777
155472,5.0
155800,5.949790954589844
156040,4.95815896987915
156352,4.476987361907959
156528,7.8661088943481445
156944,7.154811859130859
157200,4.589958190917969
157312,8.200837135314941
157384,4.527196884155273
157712,9.384937286376953
157952,5.585773944854736
158264,5.251046180725098
158440,6.652719497680664
158856,5.673640251159668
159112,6.907949924468994
159224,6.171547889709473
159296,6.903765678405762
159624,5.125523090362549
159864,4.728033542633057
160056,8.169642448425293
160352,4.937238693237305
160768,5.748953819274902
161024,9.686192512512207
161136,4.573221683502197
161208,6.3765692710876465
161344,6.788819789886475
161536,5.443514823913574
161776,7.6694560050964355
162264,6.418409824371338
162680,4.748953819274902
162936,6.092050075531006
163048,5.878661155700684
163120,5.753138065338135
163256,9.937238693237305
163448,4.2259416580200195
163560,6.0625
163688,7.196652889251709
164176,5.355648517608643
164592,8.43514633178711
164848,2.497907876968384
165032,9.163180351257324
165168,7.050209045410156
165360,3.125523090362549
165368,7.430769443511963
165472,7.008368015289307
165600,4.602510452270508
165600,6.690140724182129
165736,8.394366264343262
165896,4.469696998596191
166088,5.573221683502197
166104,4.746031761169434
166504,6.025104522705078
167272,6.682008266448975
167384,7.364016532897949
167512,4.765690326690674
167648,6.163179874420166
167808,7.573221683502197
168000,4.811715602874756
168016,5.443514823913574
168416,10.523012161254883
168424,7.607692241668701
168600,5.666666507720947
169184,7.154811859130859
169424,6.234309673309326
169560,6.882845401763916
169720,7.468619346618652
169928,5.836820125579834
170328,7.5397491455078125
170336,4.602510452270508
170512,5.451882839202881
170880,6.5
171096,7.447698593139648
171336,3.974895477294922
171408,3.89393949508667
171472,6.8661088943481445
171632,5.104602336883545
171840,6.025104522705078
171872,6.7164177894592285
172240,2.7405858039855957
172424,6.276150703430176
173008,4.686192512512207
173320,7.719665050506592
173384,4.581590175628662
173544,3.8656716346740723
173544,8.025104522705078
173752,8.598326683044434
173784,8.652719497680664
174152,5.439330577850342
174272,4.918032646179199
174336,7.824267864227295
174856,9.061538696289062
175232,9.205020904541016
175296,7.556485176086426
175456,10.251046180725098
175456,8.78661060333252
175664,5.439330577850342
175848,9.217391014099121
176064,8.133891105651855
176184,7.238493919372559
176768,7.0292887687683105
177144,7.6778244972229
177368,3.765690326690674
177368,5.682008266448975
177576,8.49372386932373
177712,6.901408672332764
177760,4.753138065338135
177856,2.704918146133423
177976,8.200837135314941
178096,5.334728240966797
178680,3.5899581909179688
179280,3.138075351715088
179488,5.85774040222168
179624,3.125523090362549
179672,2.8912134170532227
179768,6.92887020111084
179888,6.903765678405762
180008,5.384937286376953
180592,4.518828392028809
181088,6.451612949371338
181192,5.794979095458984
181400,6.719665050506592
181536,2.7615063190460205
181584,10.004183769226074
181680,7.9707112312316895
181800,5.941422462463379
181920,3.8912134170532227
182096,6.234375
183000,7.949790954589844
183104,5.2970709800720215
183312,9.066946029663086
183448,5.18410062789917
183592,5.824267864227295
183712,4.707112789154053
183832,3.1673641204833984
184008,10.439330101013184
184256,6.691176414489746
184584,4.94444465637207
184912,8.146443367004395
185224,6.3891215324401855
185360,5.07112979888916
185400,6.491803169250488
185504,4.267782211303711
185744,10.556485176086426
185904,7.8412699699401855
186008,3.269841194152832
186168,5.188284397125244
186496,4.3096232414245605
186576,8.278801918029785
186704,6.7164177894592285
186984,6.333333492279053
187024,9.666666984558105
187272,2.615062713623047
187656,7.3891215324401855
187920,9.539749145507812
188408,5.020920276641846
188488,6.075314044952393
188616,5.355648517608643
188896,6.903765678405762
188936,4.748953819274902
189184,3.4602510929107666
189512,7.222222328186035
189568,7.2259416580200195
189832,7.665271759033203
190320,6.661087989807129
190400,4.510460376739502
190528,4.748953819274902
190808,8.832635879516602
190832,10.703125
191096,5.246861934661865
191096,6.056337833404541
191424,7.397489547729492
191480,5.937238693237305
191744,7.531380653381348
192720,10.652719497680664
192744,5.188284397125244
193008,8.28451919555664
193008,3.4937238693237305
193248,5.303030490875244
193304,5.4352617263793945
193336,5.757322311401367
193392,6.8200836181640625
193656,11.163180351257324
193832,5.629032135009766
194656,3.9246861934661865
194920,4.912133693695068
194920,11.36401653289795
195160,9.510459899902344
195184,6.439393997192383
195216,6.903765678405762
195304,6.715481281280518
195568,6.941422462463379
195744,6.075314044952393
196832,7.740585803985596
196832,4.941422462463379
197072,4.246861934661865
197096,7.8200836181640625
197128,5.451882839202881
197216,6.8200836181640625
197344,8.21875
197352,3.200000047683716
197480,11.129707336425781
197624,6.3913044929504395
197640,9.411765098571777
197656,9.456067085266113
197880,6.803030490875244
198232,6.94444465637207
198400,9.861538887023926
198896,7.822580814361572
199040,6.497908115386963
199128,6.903765678405762
199256,6.317991733551025
199536,7.07112979888916
199552,6.276150703430176
200072,5.761194229125977
200144,5.556485176086426
200552,11.567708015441895
200808,9.037656784057617
200952,2.707113027572632
201040,5.920502185821533
201168,15.251046180725098
201464,2.2175731658935547
201512,7.5
201984,7.698744773864746
202048,8.149253845214844
202056,6.8535566329956055
202464,5.732217788696289
202520,6.7164177894592285
202720,6.694560527801514
202952,3.347280263900757
203000,11.686567306518555
203208,7.278688430786133
203376,9.832635879516602
203960,6.497908115386963
203968,7.949790954589844
204424,8.572481155395508
204432,6.2970709800720215
204864,9.589958190917969
204912,4.476987361907959
205120,5.64853572845459
205288,8.794979095458984
205640,6.892307758331299
205872,2.9246861934661865
205880,5.175732135772705
206336,4.234309673309326
206344,8.117155075073242
206776,7.200836658477783
206824,7.317991733551025
207200,5.079497814178467
207712,9.9375
207712,9.909910202026367
207768,8.030075073242188
207784,9.820083618164062
207792,5.548117160797119
208248,9.121338844299316
208256,5.753138065338135
208320,9.5820894241333
208344,6.159420490264893
208688,3.53556489944458
209624,6.39330530166626
209680,5.523012638092041
209680,13.145161628723145
210120,14.688034057617188
210168,12.133891105651855
210232,6.138075351715088
210256,10.401673316955566
210664,9.945799827575684
210744,8.4375
211184,6.846153736114502
211312,11.409396171569824
211536,12.740585327148438
211592,10.21338939666748
211592,10.878661155700684
211744,7.842857360839844
212080,6.652719497680664
212168,9.267782211303711
212656,3.882845163345337
213224,7.803347110748291
213448,11.84518814086914
213504,10.251046180725098
213504,9.079498291015625
213656,9.163180351257324
213992,10.502092361450195
214080,7.158995628356934
214568,8.640167236328125
215136,11.066946029663086
215360,5.841004371643066
215416,2.615062713623047
215416,5.0167365074157715
215568,14.811715126037598
215904,12.338912010192871
215992,17.782426834106445
216480,9.079498291015625
217048,5.64853572845459
217272,4.644351482391357
217328,11.271966934204102
217328,6.882845401763916
217480,9.42259407043457
217816,14.251046180725098
217904,8.761506080627441
218392,7.401673793792725
218960,14.14225959777832
219184,13.28451919555664
219240,6.514644145965576
219240,16.108787536621094
219392,7.635983467102051
219728,3.2970712184906006
219816,6.171547889709473
220000,6.447368621826172
220304,4.790794849395752
220872,10.543932914733887
221096,6.497908115386963
221152,14.80334758758545
221152,15.585774421691895
221408,7.985074520111084
221640,5.6108784675598145
221728,7.364016532897949
221912,9.313807487487793
221912,14.730158805847168
222216,6.121338844299316
222440,6.439393997192383
223008,7.728033542633057
223064,8.263598442077637
223064,4.631799221038818
223552,9.560669898986816
223640,5.004184246063232
223824,7.510460376739502
224128,5.786611080169678
224192,10.770270347595215
224352,14.853556632995605
224976,5.602510452270508
224976,6.652719497680664
225464,9.0836820602417
225552,8.661087989807129
225736,5.556485176086426
226040,8.054393768310547
226104,8.849371910095215
226264,15.585774421691895
226888,13.870292663574219
226888,5.661087989807129
227464,8.041840553283691
227472,13.106144905090332
227648,12.761506080627441
228016,4.895397663116455
228176,2.6778242588043213
228672,7.007481098175049
228800,8.15481185913086
228800,6.8535566329956055
229168,14.145161628723145
229376,8.451883316040039
229384,10.146443367004395
229928,4.602510452270508
230088,13.50627613067627
230712,9.87447738647461
230712,4.2259416580200195
230744,10.260981559753418
231080,7.573221683502197
231288,5.158995628356934
231296,13.158995628356934
231840,10.627614974975586
232000,6.213388919830322
232624,8.799162864685059
232624,12.384937286376953
232656,12.736401557922363
232992,12.28451919555664
233200,7.372385025024414
233208,15.690376281738281
233528,10.253731727600098
233752,3.4476988315582275
233912,14.012552261352539
234448,14.552238464355469
234536,6.04184103012085
234536,12.343095779418945
234568,10.418410301208496
234976,6.803030490875244
235104,9.690140724182129
235112,12.80334758758545
235120,14.22594165802002
235440,16.317991256713867
235664,5.85774040222168
236448,13.974895477294922
236480,8.158995628356934
236888,10.983263969421387
237016,12.405858039855957
237024,5.121338844299316
237032,6.694560527801514
237352,10.117155075073242
237464,8.943089485168457
237576,10.665271759033203
238360,11.71548080444336
238720,15.31847095489502
238800,16.359832763671875
238928,6.836820125579834
238936,12.343095779418945
238944,7.280334949493408
239264,15.794979095458984
239488,8.36820125579834
240032,10.117647171020508
240712,5.753138065338135
240840,11.924686431884766
240848,11.610878944396973
240856,10.271966934204102
241496,15.471939086914062
241616,17.748619079589844
241944,5.962343215942383
242072,19.116809844970703
242624,14.050209045410156
242752,9.184100151062012
242760,9.832635879516602
242768,9.22594165802002
243408,16.820083618164062
243528,11.799162864685059
243976,11.802817344665527
243984,7.11297082901001
244384,12.68852424621582
244536,8.242677688598633
244664,11.924686431884766
244672,13.887029647827148
244680,9.15481185913086
245240,10.31944465637207
245440,6.995815753936768
245888,10.828452110290527
245896,17.364017486572266
246296,10.983263969421387
246448,8.744770050048828
246584,9.334728240966797
246592,10.502092361450195
247352,12.84518814086914
247504,10.233830451965332
247608,8.56692886352539
247800,13.343095779418945
248144,17.190082550048828
248208,14.443514823913574
248360,5.209205150604248
248496,6.066945552825928
249264,10.414225578308105
249416,14.70292854309082
249520,7.443514823913574
249712,8.974895477294922
249944,11.121212005615234
250056,8.535564422607422
250120,13.995816230773926
250272,14.623431205749512
250408,20.083681106567383
250768,14.145161628723145
251072,16.312057495117188
251384,17.427711486816406
251432,5.962343215942383
251632,16.216217041015625
252032,9.309623718261719
252320,16.3933048248291
252680,19.87447738647461
252984,12.238493919372559
253296,5.3096232414245605
253320,9.614907264709473
253344,5.0
253432,12.956989288330078
254232,8.995816230773926
254488,12.72549057006836
254592,20.317991256713867
254896,10.585774421691895
255168,11.666666984558105
255208,7.1464433670043945
255232,22.175731658935547
255256,9.309623718261719
255344,8.410041809082031
255416,9.10769271850586
255816,11.285714149475098
256144,19.14225959777832
256400,14.958159446716309
257048,19.258216857910156
257080,10.104602813720703
257144,16.945606231689453
257328,15.481171607971191
257728,14.57740592956543
258312,8.179916381835938
258832,18.708608627319336
258992,14.958159446716309
259056,16.945606231689453
259240,17.259414672851562
259304,14.46329116821289
259640,5.85774040222168
260200,15.139594078063965
260224,19.25104522705078
260904,20.84100341796875
261152,12.384937286376953
261216,19.32636070251465
261552,9.163180351257324
262112,16.17154884338379
262136,15.271966934204102
262264,13.904428482055664
262816,17.133892059326172
263064,18.933053970336914
263128,17.050209045410156
263344,16.46455192565918
263464,3.5146443843841553
264024,6.631799221038818
264048,6.426778316497803
264176,11.958159446716309
264728,10.711297035217285
264976,14.456067085266113
265040,16.41004180908203
265256,17.57322120666504
265376,9.70292854309082
265936,17.523012161254883
265960,13.246861457824707
266088,12.656904220581055
266640,20.6066951751709
266888,17.3933048248291
266952,12.552301406860352
267288,20.815898895263672
267848,16.631799697875977
267872,18.933053970336914
268000,10.979079246520996
268056,22.614286422729492
268552,17.28033447265625
268800,13.966526985168457
268864,21.98744773864746
269200,20.627614974975586
269760,8.451883316040039
269784,7.949790954589844
269912,8.179916381835938
269968,13.326359748840332
270464,21.71548080444336
270712,9.761506080627441
270776,18.694561004638672
271112,12.343095779418945
271672,6.497908115386963
271824,23.221757888793945
271880,15.497907638549805
272376,19.44769859313965
272624,25.31380844116211
272688,7.673640251159668
273024,6.736401557922363
273576,18.99789047241211
273584,20.502092361450195
273736,25.209205627441406
273792,20.815898895263672
274288,14.380753517150879
274536,10.983263969421387
274600,12.761506080627441
274936,18.933053970336914
275648,19.5606689453125
275704,19.933053970336914
276200,6.468619346618652
276448,21.757322311401367
276512,15.397489547729492
276848,24.163179397583008
277024,12.360465049743652
277072,11.271428108215332
277304,17.757511138916016
277616,6.192468643188477
278112,17.782426834106445
278360,14.832635879516602
278744,11.472867965698242
278760,18.87029266357422
278936,21.025104522705078
278984,24.26778221130371
279216,22.803346633911133
279528,17.238492965698242
280024,18.933053970336914
280272,25.209205627441406
280296,18.041236877441406
280672,5.832635879516602
280896,16.778242111206055
281128,24.26778221130371
281896,18.9743595123291
282184,24.58159065246582
282208,12.092050552368164
282584,19.175731658935547
282808,22.652719497680664
283040,22.803346633911133
283248,20.298925399780273
283328,18.051002502441406
283808,17.88702964782715
284096,9.912134170532227
284120,16.70711326599121
284496,24.790794372558594
285160,6.627614974975586
285240,12.21338939666748
285600,19.151784896850586
286008,23.32636070251465
286608,23.067367553710938
286816,17.076271057128906
286824,17.45562171936035
287072,10.732217788696289
287152,5.8200836181640625
287512,17.050209045410156
287576,15.97402572631836
287920,25.104602813720703
288520,22.384937286376953
288728,18.472803115844727
288736,23.84937286376953
289064,23.01255226135254
289424,12.343095779418945
289488,23.221757888793945
290640,17.259414672851562
290648,18.096233367919922
290736,24.50873374938965
290976,21.338912963867188
291328,23.708919525146484
291336,19.87447738647461
291400,23.01255226135254
292144,23.67549705505371
292552,24.26778221130371
292560,14.129707336425781
292648,24.895397186279297
292888,19.42259407043457
293240,5.807531356811523
293312,7.761506080627441
294056,14.359832763671875
294472,21.652719497680664
295040,8.352051734924316
295152,5.899581432342529
295224,23.32636070251465
295504,18.753387451171875
295968,15.439330101013184
296384,15.941422462463379
297064,24.895397186279297
297136,24.476987838745117
297416,19.037656784057617
297872,18.765697479248047
298560,24.330041885375977
298712,17.781341552734375
299048,24.69874382019043
299328,15.849371910095215
299672,24.006908416748047
299784,5.3430962562561035
300040,22.04595184326172
300472,18.82845115661621
300624,13.28451919555664
300960,25.0
301360,21.841712951660156
301696,25.0
301952,21.903766632080078
302248,20.20547866821289
302384,22.489540100097656
302536,24.790794372558594
302872,18.933053970336914
303272,14.43514633178711
303336,25.218339920043945
303608,22.384937286376953
303864,17.57322120666504
304160,24.372385025024414
304296,18.41004180908203
304448,23.535564422607422
304784,22.69874382019043
305184,25.104602813720703
305248,23.01255226135254
305520,12.887029647827148
306056,6.2686567306518555
306072,25.104602813720703
306208,24.28451919555664
306696,14.016736030578613
307096,24.790794372558594
307160,10.410041809082031
307608,25.0
307968,25.209205627441406
307984,23.72385025024414
308120,24.476987838745117
308128,21.79347801208496
308608,18.619247436523438
309008,24.895397186279297
309520,22.28033447265625
309744,24.22600555419922
309880,19.87447738647461
309896,25.104602813720703
310032,24.476987838745117
310040,22.907949447631836
310520,23.84937286376953
311432,20.85774040222168
311616,14.340490341186523
311656,23.43096160888672
311792,8.765690803527832
311808,23.744770050048828
311952,18.640167236328125
312432,19.372385025024414
313344,25.41840934753418
313496,20.78059959411621
313528,23.221757888793945
313704,8.535564422607422
313720,24.372385025024414
313864,22.907949447631836
314344,24.790794372558594
315256,24.372385025024414
315408,21.757322311401367
315440,24.809724807739258
315616,25.104602813720703
315776,23.535564422607422
317144,10.971428871154785
317168,25.104602813720703
317296,23.460721969604492
317320,17.15481185913086
317352,25.0
318928,22.765701293945312
319056,5.7740583419799805
319264,19.87447738647461
319400,21.46799087524414
320736,21.744186401367188
320840,23.32636070251465
320856,24.945770263671875
320968,24.058576583862305
321064,22.168804168701172
321120,23.648649215698242
321176,20.397489547729492
322648,19.200836181640625
322976,15.585774421691895
323032,20.882844924926758
323088,23.535564422607422
323088,21.746204376220703
324488,24.013158798217773
324560,5.765690326690674
324680,24.892240524291992
324888,21.757322311401367
324944,24.895397186279297
325000,24.895397186279297
325000,24.895397186279297
326240,24.071321487426758
326400,24.895397186279297
326800,6.589958190917969
326912,17.677824020385742
327552,21.18984031677246
328152,24.26778221130371
328216,24.943439483642578
328312,22.907949447631836
328560,23.00885009765625
328704,21.652267456054688
328712,24.476987838745117
328824,24.58159065246582
329464,8.221756935119629
330224,25.104602813720703
330472,23.221757888793945
330624,18.615062713623047
330736,20.246862411499023
331376,24.895397186279297
331504,21.06205177307129
332032,24.947589874267578
332136,21.59414291381836
332384,24.895397186279297
332496,22.04641342163086
332536,24.476987838745117
332648,22.384937286376953
333288,24.68619155883789
333416,11.71548080444336
333944,19.979080200195312
334048,24.68619155883789
334296,18.99581527709961
334448,12.029288291931152
334560,15.481171607971191
335328,14.841004371643066
335856,23.84937286376953
335960,25.104602813720703
336104,20.062084197998047
336208,24.790794372558594
336344,17.99738311767578
336360,24.163179397583008
336472,6.569037437438965
337768,23.43096160888672
337872,25.31380844116211
338016,24.895397186279297
338024,23.961423873901367
338120,4.728033542633057
338256,22.949790954589844
338384,24.372385025024414
339680,25.0
339784,23.84937286376953
339936,9.205020904541016
340032,24.895397186279297
340168,21.205020904541016
340856,22.816726684570312
341592,24.26778221130371
341696,25.209205627441406
341704,22.45119285583496
341848,19.87447738647461
341944,24.43514633178711
342024,19.068132400512695
342768,6.380753040313721
343504,15.167364120483398
343616,24.163179397583008
343760,24.58159065246582
343808,24.450550079345703
343856,22.59414291381836
343936,14.150628089904785
344680,23.32636070251465
345336,25.10988998413086
345528,5.728033542633057
345720,10.820083618164062
345768,25.104602813720703
345848,17.020919799804688
346592,24.895397186279297
347224,16.698925018310547
347248,23.84937286376953
347288,16.405895233154297
347440,16.188283920288086
347632,24.895397186279297
347680,17.99163246154785
347760,24.895397186279297
349136,24.895397186279297
349160,24.895397186279297
349200,12.761506080627441
349352,12.552301406860352
349544,24.74895477294922
349592,24.895397186279297
350408,19.863731384277344
351072,24.58159065246582
351112,25.104602813720703
351264,16.945606231689453
351456,24.895397186279297
351504,15.799162864685059
352312,19.03022575378418
352320,25.104602813720703
353024,13.418410301208496
353176,12.092050552368164
353416,23.953975677490234
354224,25.0
354408,21.747966766357422
354464,21.816038131713867
355088,21.020919799804688
356016,24.830427169799805
356136,24.895397186279297
356304,24.59756088256836
356320,23.640167236328125
357000,24.895397186279297
357096,22.31993293762207
357928,22.803346633911133
358096,21.25550651550293
358232,23.744770050048828
358352,22.933549880981445
358912,8.28451919555664
359008,19.815898895263672
359768,25.0
359840,18.72385025024414
359928,21.54966926574707
360008,14.539749145507812
360144,25.0
360264,24.895397186279297
360920,20.28033447265625
361680,15.589958190917969
361840,8.945606231689453
361920,25.0
362056,17.99163246154785
362176,19.979080200195312
362832,25.0
363592,24.895397186279297
363640,25.210525512695312
363752,24.26778221130371
364088,12.343095779418945
365504,16.799163818359375
365544,14.54746150970459
365552,19.87447738647461
365664,23.780487060546875
365664,21.380752563476562
366000,25.0
366312,24.594594955444336
367360,21.908126831054688
367456,22.071128845214844
367576,24.895397186279297
367912,5.397489547729492
368224,17.221757888793945
368544,16.25
369232,15.743477821350098
369272,19.979080200195312
369280,18.418142318725586
369368,21.86192512512207
369784,13.936508178710938
369824,12.029288291931152
370136,25.104602813720703
370456,23.84937286376953
371000,22.65186882019043
371144,25.0
371184,24.895397186279297
371696,4.953974723815918
371736,24.163179397583008
372368,21.757322311401367
372912,21.757322311401367
373056,25.104602813720703
373096,19.5606689453125
373104,23.608137130737305
373608,18.619247436523438
373648,11.581589698791504
373864,23.927038192749023
374824,14.43514633178711
374968,11.71548080444336
375520,23.221757888793945
375560,25.0
375776,13.598326683044434
376736,17.468618392944336
377472,5.953974723815918
377688,9.372385025024414
378392,20.560747146606445
378600,24.126638412475586
378688,24.892704010009766
379000,19.195402145385742
379384,5.364016532897949
379488,23.255813598632812
379600,16.527196884155273
379872,20.682302474975586
380304,24.895397186279297
380512,8.953974723815918
380600,23.744770050048828
380912,24.895397186279297
381296,15.380753517150879
381400,18.28451919555664
381512,4.924685955047607
382424,17.468618392944336
382512,20.74895477294922
382824,17.84100341796875
383160,19.221410751342773
383208,24.895397186279297
383360,12.12303638458252
383424,12.970711708068848
384336,24.895397186279297
384424,24.895397186279297
384736,23.84937286376953
384920,20.05681800842285
385072,19.979080200195312
385120,5.53556489944458
385272,17.255229949951172
385336,10.238493919372559
386248,13.933053970336914
386336,13.112970352172852
386400,13.729729652404785
386648,7.079497814178467
386984,19.14225959777832
387032,24.058576583862305
387184,4.979079723358154
387248,16.903766632080078
388160,14.958159446716309
388312,6.083682060241699
388560,9.184100151062012
388896,4.92887020111084
388944,17.88702964782715
389096,10.460250854492188
389160,25.0
390024,21.42082405090332
390072,24.058576583862305
390224,12.259414672851562
390808,11.924686431884766
390856,6.6108784675598145
391008,22.907949447631836
391072,5.732217788696289
391936,6.033473014831543
392136,16.98744773864746
392296,22.194860458374023
392720,12.866108894348145
392920,24.058576583862305
393680,23.447893142700195
393848,21.443513870239258
394048,25.104602813720703
394208,13.933053970336914
394552,17.034631729125977
394632,23.221757888793945
394832,23.117155075073242
395760,24.895397186279297
395960,21.443513870239258
396088,17.759170532226562
396120,24.68619155883789
396544,16.506277084350586
397416,18.2334041595459
397664,16.709510803222656
397672,5.569037437438965
397872,20.585773468017578
398000,6.14225959777832
398032,24.895397186279297
398456,12.807947158813477
398456,24.058576583862305
399328,14.853556632995605
399576,16.317991256713867
399584,11.527196884155273
399784,5.907949924468994
399912,13.389121055603027
399944,17.677824020385742
400368,6.234309673309326
400368,19.602510452270508
401240,24.895397186279297
401488,6.2970709800720215
401496,17.677824020385742
401696,22.907949447631836
401856,25.0
402280,8.581589698791504
402280,18.26359748840332
403152,25.104602813720703
403184,15.828850746154785
403400,23.891212463378906
403408,23.221757888793945
403608,9.543932914733887
403768,4.552301406860352
404192,6.635983467102051
404192,8.263598442077637
405064,24.163179397583008
405312,11.192468643188477
405320,18.41004180908203
405520,18.41004180908203
405680,23.744770050048828
406104,5.949790954589844
406104,23.079498291015625
406840,14.715536117553711
406976,6.489539623260498
407232,20.6066951751709
407432,24.895397186279297
407592,25.0
408016,6.569037437438965
408016,6.317991733551025
408888,25.0
409072,24.46808433532715
409144,24.790794372558594
409344,9.970711708068848
409504,22.610877990722656
409928,23.221757888793945
409928,5.589958190917969
410984,24.058576583862305
411056,24.895397186279297
411256,24.895397186279297
411840,24.68619155883789
412392,24.272335052490234
412448,22.921348571777344
412888,19.324323654174805
412896,24.895397186279297
412968,17.57322120666504
413168,20.502092361450195
413184,20.05434799194336
413752,16.397489547729492
414360,21.443513870239258
414800,23.84937286376953
414808,24.895397186279297
414880,24.895397186279297
415080,13.192468643188477
416128,20.66381072998047
416272,8.63598346710205
416712,12.866108894348145
416720,7.196652889251709
416792,5.129707336425781
416952,24.946922302246094
416992,17.364017486572266
418184,6.594142436981201
418704,24.895397186279297
418904,18.033472061157227
420096,24.895397186279297
420288,13.957399368286133
420448,15.62098503112793
420616,23.221757888793945
420720,15.339702606201172
420816,24.895397186279297
421128,20.209327697753906
422008,16.42259407043457
422200,19.242677688598633
422360,20.815898895263672
422528,18.14225959777832
422632,23.01255226135254
422728,5.359832763671875
423040,19.351465225219727
423600,18.372591018676758
424112,24.058576583862305
424440,23.32636070251465
424544,7.058577537536621
424640,24.895397186279297
424952,25.104602813720703
425512,15.376568794250488
425712,18.25701904296875
426024,7.1338911056518555
426352,25.0
426456,23.117155075073242
426552,18.891212463378906
426864,24.163179397583008
427616,21.175037384033203
427624,23.640167236328125
427936,20.14644432067871
428368,14.43514633178711
428464,9.246861457824707
428776,24.058576583862305
429528,23.84937286376953
429536,25.0
429848,24.58159065246582
429872,24.829545974731445
430280,24.26778221130371
430376,24.895397186279297
430944,24.963180541992188
431440,14.979079246520996
431760,19.5606689453125
431832,20.353403091430664
432856,24.895397186279297
432864,21.323530197143555
432968,21.095571517944336
433352,24.476987838745117
433480,13.927835464477539
433672,24.26778221130371
433744,20.7112979888916
434696,22.599637985229492
434776,16.213388442993164
435264,17.677824020385742
435392,22.59414291381836
435656,24.895397186279297
436608,7.552301406860352
436648,25.05274200439453
437136,23.49884605407715
437176,25.0
437304,24.058576583862305
437400,24.277978897094727
438288,15.945330619812012
438520,24.476987838745117
439048,18.912134170532227
439088,20.396270751953125
439216,24.895397186279297
439312,25.104602813720703
440384,24.51820182800293
440432,25.209205627441406
440960,25.0
441128,24.790794372558594
441224,23.640167236328125
441976,25.162689208984375
442296,25.0
442872,24.895397186279297
442904,24.895177841186523
443040,23.221757888793945
443136,19.456066131591797
443888,16.45188331604004
444168,23.554603576660156
444288,25.01687240600586
446080,24.895397186279297
446200,25.104602813720703
446664,25.0
446728,25.055679321289062
446976,20.854700088500977
447600,23.78232765197754
447752,24.02376937866211
447992,20.543933868408203
448112,24.476987838745117
448512,24.64336585998535
448640,25.0
448888,19.87447738647461
449512,25.104602813720703
449664,24.058576583862305
449904,22.907949447631836
450024,24.790794372558594
450080,23.41920280456543
450424,25.41840934753418
450552,21.12970733642578
450800,16.108787536621094
451576,24.26778221130371
451816,25.0
451936,25.104602813720703
451992,24.58159065246582
452336,24.895397186279297
452464,25.0
453488,24.68619155883789
453728,23.84937286376953
453848,20.6066951751709
454248,23.744770050048828
454552,17.471216201782227
454712,22.484615325927734
455400,13.188284873962402
455640,19.7280330657959
455760,21.175731658935547
456144,25.05434799194336
456160,22.071128845214844
456464,24.895397186279297
456624,23.640167236328125
457432,24.852941513061523
458056,24.058576583862305
458072,25.104602813720703
458536,24.895397186279297
459024,24.944812774658203
459304,24.836244583129883
459344,25.209205627441406
459984,25.0
460048,25.11160659790039
460448,22.510459899902344
460456,24.574106216430664
460936,25.0
461216,23.32636070251465
461256,14.56485366821289
461616,20.955055236816406
461896,25.0
461960,25.209205627441406
462360,24.895397186279297
462848,24.26778221130371
463168,18.43096160888672
463808,24.895397186279297
463872,24.163179397583008
464144,25.10845947265625
464272,23.744770050048828
464760,13.598326683044434
465080,22.69874382019043
465240,24.061809539794922
465720,24.58159065246582
465784,23.953975677490234
466056,21.757322311401367
466184,25.104602813720703
466672,24.895397186279297
466688,21.206140518188477
466992,24.895397186279297
467152,23.535564422607422
467696,24.895397186279297
468096,25.104602813720703
468584,24.790794372558594
468600,24.895397186279297
469064,24.058576583862305
469400,24.94565200805664
469640,24.129465103149414
470008,25.0
470496,25.104602813720703
470680,24.457700729370117
470976,24.372385025024414
471312,23.953975677490234
471432,19.132762908935547
471552,9.13807487487793
472384,20.24312973022461
472592,25.0
472888,25.104602813720703
473224,25.209205627441406
473344,6.899581432342529
473464,21.966527938842773
473608,17.14666748046875
474800,24.476987838745117
475136,24.68619155883789
475376,24.58159065246582
476168,24.608501434326172
477048,23.117155075073242
477904,24.29805564880371
478080,24.895397186279297
478304,25.114154815673828
478704,24.25373077392578
478960,22.803346633911133
479128,22.185501098632812
479192,24.964183807373047
479560,24.581939697265625
479816,25.209205627441406
479992,24.895397186279297
480216,25.0
480616,17.15481185913086
480872,23.661087036132812
481040,17.322175979614258
481104,11.20920467376709
481472,24.372385025024414
481728,24.58159065246582
481904,25.209205627441406
482128,23.32636070251465
482528,25.0
482784,21.338912963867188
482952,20.815898895263672
483016,18.096233367919922
483384,24.58159065246582
483640,5.401673793792725
484040,20.397489547729492
484440,23.32636070251465
484864,16.84100341796875
484928,13.556485176086426
485296,4.8200836181640625
485552,23.083681106567383
485608,25.10799217224121
485952,25.0
486352,24.26778221130371
486568,24.577167510986328
486600,18.421052932739258
486776,23.221757888793945
487208,24.895397186279297
487464,10.527196884155273
487520,24.3933048248291
487864,4.807531356811523
488480,25.0
488512,22.196653366088867
488688,16.41840934753418
489120,12.447698593139648
489376,22.907949447631836
489432,10.548116683959961
489776,24.414226531982422
490144,24.208860397338867
490392,15.87447738647461
490600,22.59414291381836
491032,19.372385025024414
491288,15.376568794250488
491344,13.598326683044434
491688,23.43096160888672
492056,5.020920276641846
492304,25.104602813720703
492512,15.828452110290527
493200,5.602510452270508
493256,10.414225578308105
493600,11.251046180725098
494144,24.751420974731445
494216,20.083681106567383
494424,25.104602813720703
494704,17.505447387695312
495112,5.125523090362549
495168,25.31380844116211
495512,24.058576583862305
495584,25.113378524780273
496056,24.163179397583008
496128,4.782426834106445
496336,14.832635879516602
497024,22.384937286376953
497080,25.0
497496,17.209205627441406
497712,15.359042167663574
497968,16.631799697875977
498248,24.476987838745117
498936,5.380753040313721
498992,24.790794372558594
499272,25.106382369995117
499408,19.769874572753906
499624,5.6694560050964355
499832,13.509718894958496
499880,14.020920753479004
500160,6.757322311401367
500904,24.895397186279297
501184,13.711297035217285
501320,24.895397186279297
501536,14.251046180725098
501744,4.912133693695068
501792,23.368200302124023
502272,14.273381233215332
502816,17.234310150146484
503096,24.895397186279297
503184,22.39153480529785
503232,25.104602813720703
503448,19.351465225219727
503656,19.979080200195312
503704,4.728033542633057
504184,4.7740583419799805
504728,24.163179397583008
505008,17.033472061157227
505096,14.012552261352539
505144,19.769874572753906
505360,24.26778221130371
505568,4.364016532897949
505616,14.184100151062012
506096,20.17154884338379
506640,23.535564422607422
506920,19.974895477294922
507008,21.623430252075195
507056,4.497908115386963
507272,24.372385025024414
507480,13.389121055603027
507528,8.393305778503418
508552,25.0
508832,24.895397186279297
508920,25.0
508968,3.548117160797119
509184,6.11297082901001
509392,17.782426834106445
509440,24.895397186279297
509784,15.503253936767578
510464,24.372385025024414
510832,19.979080200195312
511304,4.414226055145264
511352,9.443514823913574
511696,4.8661088943481445
511888,25.0
512352,22.147727966308594
512744,10.025104522705078
512928,24.30555534362793
513216,24.895397186279297
513264,5.188284397125244
513608,23.744770050048828
513800,22.682008743286133
514264,19.414226531982422
514656,20.891212463378906
514840,24.895397186279297
515128,17.88702964782715
515176,24.58159065246582
515712,14.619246482849121
516176,10.799162864685059
516568,23.43096160888672
516752,24.58159065246582
517088,20.188283920288086
517312,24.730022430419922
517936,23.69807243347168
518088,25.209205627441406
518480,13.389121055603027
518664,23.221757888793945
519000,18.811716079711914
519224,19.456066131591797
519512,23.210525512695312
519848,24.372385025024414
520000,24.476987838745117
520024,20.629085540771484
521136,24.895397186279297
521760,5.468619346618652
522384,22.31182861328125
522944,19.055944442749023
523384,20.56737518310547
523672,23.744770050048828
523824,20.593685150146484
523896,23.33333396911621
523912,22.05449104309082
524296,12.866108894348145
524496,20.81513786315918
524856,24.895397186279297
525296,24.163179397583008
525584,25.209205627441406
525736,23.01255226135254
525808,21.075313568115234
525824,17.26359748840332
526408,25.0
526768,19.485355377197266
527208,22.907949447631836
527496,13.849371910095215
527648,24.790794372558594
527720,18.99581527709961
527864,25.0
528320,24.790794372558594
528680,19.456066131591797
529120,24.895397186279297
529408,24.895397186279297
529560,24.895397186279297
529632,24.895397186279297
529776,24.895397186279297
530232,18.84100341796875
531032,19.5606689453125
531256,24.59499168395996
531320,11.347280502319336
531472,25.209205627441406
531688,20.2719669342041
532496,24.947589874267578
533104,23.885793685913086
533384,24.895397186279297
533600,24.58159065246582
534600,24.719730377197266
534936,22.880434036254883
535016,11.962343215942383
535120,24.947368621826172
535224,19.81402015686035
535296,9.811715126037598
535512,24.058576583862305
536184,24.620389938354492
536848,18.619247436523438
536928,24.372385025024414
537032,25.0
537136,19.246862411499023
537208,23.953975677490234
537424,24.895397186279297
538096,21.97071075439453
538368,24.893842697143555
538840,16.468618392944336
538944,15.104602813720703
539336,21.966527938842773
540008,24.058576583862305
540280,25.0
540608,25.106382369995117
540752,24.68619155883789
540808,21.677560806274414
540856,24.372385025024414
541248,25.0
541920,17.238492965698242
542192,25.104602813720703
542288,24.685039520263672
542768,25.209205627441406
543160,17.02928924560547
543832,24.895397186279297
544104,25.209205627441406
544200,14.246861457824707
544336,24.570816040039062
544504,18.855010986328125
544576,24.309978485107422
544680,25.104602813720703
545072,25.104602813720703
545744,25.523012161254883
546016,21.025104522705078
546112,24.790794372558594
546416,24.790794372558594
546488,24.68619155883789
546592,12.552301406860352
546984,24.26778221130371
547656,14.14225959777832
547928,24.476987838745117
547936,25.05555534362793
548024,24.895397186279297
548328,23.640167236328125
548504,23.389122009277344
548896,25.0
549568,25.0
549840,25.104602813720703
549848,24.68619155883789
549936,18.610877990722656
550056,24.943946838378906
550240,11.192468643188477
550416,25.104602813720703
550808,23.84937286376953
551480,25.104602813720703
551752,25.0
551760,24.895397186279297
551848,24.895397186279297
551968,25.0
552152,25.104602813720703
552328,17.364017486572266
552720,24.790794372558594
553664,22.489540100097656
553880,25.104602813720703
554632,24.58159065246582
555544,24.783550262451172
555576,19.246862411499023
555720,22.443946838378906
555792,24.68619155883789
555912,25.0
556544,19.916318893432617
556888,24.519229888916016
557104,21.96556854248047
557488,24.68619155883789
557632,25.0
557704,20.878660202026367
557824,25.104602813720703
558456,24.790794372558594
558800,23.953975677490234
559104,24.382022857666016
559400,19.665271759033203
560720,24.77876091003418
561016,22.59414291381836
561192,24.157302856445312
561272,24.439462661743164
561312,19.372385025024414
562016,24.438201904296875
562520,24.086021423339844
562632,23.43096160888672
562992,24.53560447692871
563184,17.11297035217285
563224,24.58159065246582
563928,25.104602813720703
564544,23.01255226135254
564904,24.476987838745117
564984,24.26160430908203
565136,24.58159065246582
565840,23.953975677490234
565984,23.993558883666992
566216,24.134199142456055
566456,23.221757888793945
566664,14.016092300415039
566896,24.092050552368164
567048,23.01255226135254
567752,24.895397186279297
568128,24.895397186279297
568368,25.0
568552,24.353069305419922
568576,24.372385025024414
568808,8.941422462463379
568960,12.761506080627441
569664,17.782426834106445
570280,17.656904220581055
570464,23.640167236328125
570488,23.953975677490234
570720,12.598326683044434
570760,23.74371910095215
570872,16.359832763671875
571576,23.84937286376953
571576,18.951276779174805
572192,14.22594165802002
572400,24.58159065246582
572672,23.744770050048828
572784,24.163179397583008
573488,24.895397186279297
573912,24.245939254760742
574288,24.55156898498535
574312,15.104602813720703
574584,24.895397186279297
574696,11.63179874420166
575192,24.944690704345703
575504,20.036231994628906
576200,25.0
576496,15.313807487487793
576608,24.372385025024414
577072,23.995534896850586
577104,24.895397186279297
577696,24.471458435058594
578072,24.191490173339844
578112,24.163179397583008
578520,24.68619155883789
579016,20.7112979888916
579608,19.87447738647461
580024,24.68619155883789
580104,24.445676803588867
580432,23.01255226135254
580968,21.742313385009766
581720,19.24342155456543
581936,23.43096160888672
582016,23.953975677490234
582344,21.025104522705078
582680,23.85877227783203
582880,25.41840934753418
583240,24.39427375793457
583848,25.0
584104,24.921382904052734
584256,23.744770050048828
584592,25.209205627441406
584792,24.68619155883789
585152,25.41840934753418
585424,24.676025390625
585760,24.30962371826172
586016,24.372385025024414
586168,24.68619155883789
586504,20.083681106567383
586704,25.0
587064,25.0
587272,25.03805160522461
587336,25.209205627441406
587928,18.535564422607422
588416,24.895397186279297
588616,12.761506080627441
588976,23.598325729370117
589248,25.31380844116211
589456,24.246753692626953
589696,25.170068740844727
589840,23.953975677490234
590328,24.895397186279297
590664,18.76179313659668
590888,20.7112979888916
591120,20.62019157409668
591160,24.68619155883789
591608,15.63598346710205
592240,28.87029266357422
592280,25.10917091369629
592576,22.803346633911133
593032,23.221757888793945
593072,14.623431205749512
593520,23.535564422607422
593656,19.12997817993164
594152,24.790794372558594
594192,14.958159446716309
594464,20.302013397216797
594488,19.87447738647461
594944,23.640167236328125
595432,23.535564422607422
595568,18.619247436523438
596064,18.635982513427734
596104,20.481170654296875
596376,13.36820125579834
596400,13.389121055603027
596760,24.349241256713867
597344,24.372385025024414
597480,23.221757888793945
597976,23.744770050048828
598288,24.790794372558594
598312,23.57740592956543
598720,24.576271057128906
599392,23.43096160888672
599632,15.04178237915039
599728,23.89624786376953
599888,20.397489547729492
600200,25.41840934753418
600224,18.87029266357422
600632,17.866107940673828
600952,23.558757781982422
601304,25.209205627441406
601544,16.317991256713867
601640,15.585774421691895
601800,23.744770050048828
602112,24.58159065246582
602136,23.598325729370117
602864,25.41840934753418
603248,22.018348693847656
603456,18.01255226135254
603552,18.619247436523438
603712,25.523012161254883
604024,24.790794372558594
604776,25.209205627441406
605368,18.72385025024414
605464,23.535564422607422
605624,23.43096160888672
605912,20.86864471435547
606688,25.627614974975586
606696,23.75370979309082
606968,22.43010711669922
607280,21.338912963867188
607376,24.790794372558594
607536,25.104602813720703
607704,25.0
607824,22.803346633911133
608600,17.259414672851562
608608,21.54811668395996
608880,22.907949447631836
609192,15.56485366821289
609616,15.690376281738281
609736,19.246862411499023
610520,8.958159446716309
610792,22.907949447631836
610920,19.940898895263672
611528,24.895397186279297
611648,23.43096160888672
612152,22.466217041015625
612704,17.11297035217285
612808,24.7054500579834
612832,23.640167236328125
612888,24.458873748779297
613560,24.058576583862305
613728,17.538070678710938
614248,25.0
614616,18.514644622802734
614720,19.815898895263672
614744,15.439330101013184
614800,25.104602813720703
614912,25.11820411682129
615640,24.895397186279297
616160,21.966527938842773
616528,21.28451919555664
616632,25.836820602416992
616656,23.744770050048828
616712,25.0
617360,23.263158798217773
617552,12.447698593139648
618072,25.41840934753418
618440,12.322175979614258
618544,23.84937286376953
618624,25.31380844116211
618728,21.91823959350586
619272,24.476987838745117
619464,22.677824020385742
619984,7.740585803985596
620352,23.535564422607422
620400,24.604700088500977
620456,25.0
620536,24.790794372558594
620640,24.811716079711914
621184,23.221757888793945
621376,21.380752563476562
621896,22.69874382019043
622312,25.0
622368,25.0
622552,25.209205627441406
623096,17.050209045410156
623288,24.895397186279297
623808,8.012552261352539
624088,22.21627426147461
624224,23.01255226135254
624280,24.68619155883789
624304,25.053077697753906
624464,23.13807487487793
625008,24.058576583862305
625720,23.43096160888672
626000,20.502092361450195
626136,24.895397186279297
626192,23.744770050048828
626216,24.163179397583008
626376,24.58159065246582
626920,23.037656784057617
627048,22.325531005859375
627632,16.661087036132812
627912,22.28033447265625
628288,19.205020904541016
628504,13.310811042785645
628832,6.384937286376953
628960,9.665271759033203
629544,10.991631507873535
629864,14.798283576965332
629896,22.462202072143555
630416,13.158995628356934
630744,9.100418090820312
630872,15.22594165802002
631456,24.895397186279297
631544,19.082582473754883
631776,23.092050552368164
631808,4.6108784675598145
631984,11.166666984558105
632328,25.0
632360,14.898550987243652
632656,5.213388919830322
632784,15.665271759033203
632872,12.984375
633056,7.7985076904296875
633688,22.175731658935547
634240,5.9707112312316895
634568,23.640167236328125
634696,24.895397186279297
634784,3.7949790954589844
635112,18.533708572387695
635136,22.216035842895508
635400,22.273340225219727
636480,17.677824020385742
636488,24.77622413635254
636696,23.01255226135254
637048,22.28451919555664
637312,13.849371910095215
638056,18.534591674804688
638056,21.603260040283203
638392,24.225940704345703
638960,14.987447738647461
639224,7.129707336425781
639968,4.188284397125244
639968,21.234310150146484
640136,18.141176223754883
640304,8.581589698791504
640312,24.889381408691406
640872,18.652719497680664
641136,9.79079532623291
641880,18.221757888793945
641888,24.962963104248047
642048,19.062761306762695
642216,24.895397186279297
642224,25.104602813720703
642784,20.196653366088867
643048,19.460250854492188
643792,23.221757888793945
643800,24.058576583862305
643960,24.476987838745117
644128,11.50627613067627
644136,24.68619155883789
644960,16.98326301574707
645704,13.78661060333252
645712,23.744770050048828
646040,24.895397186279297
646048,24.058576583862305
646552,23.93842887878418
647320,19.157779693603516
647600,24.72527503967285
647616,24.895397186279297
647624,24.058576583862305
647952,24.58159065246582
647960,24.68619155883789
648240,21.95121955871582
649232,23.744770050048828
649512,14.393305778503418
649536,20.665271759033203
649864,19.677824020385742
650120,21.804933547973633
651144,17.640167236328125
651328,23.900861740112305
651424,24.895397186279297
651448,20.397489547729492
651712,20.554370880126953
651776,19.87447738647461
651784,24.435665130615234
653056,11.343095779418945
653240,14.623431205749512
653336,19.5606689453125
653360,14.853556632995605
653624,22.384937286376953
653696,22.907949447631836
653888,24.469213485717773
654968,24.372385025024414
655528,24.94669532775879
655536,24.895397186279297
655608,23.221757888793945
655800,23.535564422607422
656880,25.104602813720703
657176,24.685535430908203
657448,6.280334949493408
657520,13.744770050048828
657712,12.133891105651855
658512,20.809892654418945
658808,24.568965911865234
659088,12.163180351257324
659360,16.179916381835938
659432,20.502092361450195
659624,24.372385025024414
660424,24.895397186279297
660720,24.163179397583008
660952,24.188791275024414
661000,25.0
661344,24.895397186279297
662392,25.0
662728,19.09722137451172
662808,25.0
662864,23.01255226135254
663256,25.209205627441406
663320,21.969696044921875
664640,24.163179397583008
664720,24.895397186279297
664776,25.209205627441406
665848,22.56637191772461
665992,23.908889770507812
666632,14.958159446716309
666688,24.895397186279297
667760,22.071128845214844
667968,21.44591522216797
668544,25.31380844116211
668992,25.035261154174805
669672,18.82845115661621
669880,15.481171607971191
670432,24.94658088684082
670456,18.786611557006836
670544,24.374313354492188
671584,24.895397186279297
671664,24.43582534790039
671792,24.979080200195312
671976,22.600872039794922
672344,19.246862411499023
672368,23.933053970336914
672456,25.0
672800,24.21218490600586
673576,18.514644622802734
673704,22.489540100097656
673888,20.920501708984375
674256,16.28033447265625
674280,25.104602813720703
674368,22.677824020385742
675352,21.762208938598633
675488,14.9163179397583
676168,21.464435577392578
676192,23.744770050048828
676280,20.29288673400879
677264,24.895397186279297
677488,25.15856170654297
677632,23.450855255126953
678080,23.84937286376953
678488,23.628692626953125
679176,21.757322311401367
679192,21.587472915649414
679544,23.535564422607422
679960,24.946922302246094
680400,25.0
681088,23.640167236328125
681104,22.384937286376953
681456,19.456066131591797
681800,21.010753631591797
681800,24.094202041625977
681872,25.0
682312,25.523012161254883
683000,23.221757888793945
683368,22.071128845214844
683712,23.01255226135254
683712,13.200837135314941
684224,22.30125617980957
684456,21.10562515258789
684752,24.177631378173828
684912,19.979080200195312
685280,24.895397186279297
685424,24.887388229370117
686136,25.0
686664,19.769874572753906
686824,24.68619155883789
687192,14.121338844299316
687336,19.86192512512207
687416,21.814254760742188
688576,8.995816230773926
688736,23.43096160888672
688880,24.53560447692871
689104,23.476987838745117
689816,24.673913955688477
690488,21.966527938842773
690792,23.84937286376953
690984,21.811403274536133
691728,24.225940704345703
692400,24.26778221130371
692520,24.418603897094727
692704,14.330543518066406
692800,24.837661743164062
692896,18.933053970336914
693088,25.023170471191406
694128,22.914182662963867
694432,24.476987838745117
694616,24.790794372558594
694624,24.930938720703125
694808,25.104602813720703
695000,25.0
696040,25.0
696344,7.100418567657471
696528,24.476987838745117
696568,24.84076499938965
696720,24.26778221130371
696912,24.895397186279297
697712,24.623493194580078
697952,25.31380844116211
698256,25.209205627441406
698440,20.376569747924805
698480,23.953975677490234
698632,25.41840934753418
699624,24.895397186279297
699848,25.11485481262207
699864,24.163179397583008
700352,24.895397186279297
700392,25.104602813720703
700528,24.723451614379883
700544,25.0
701536,25.627614974975586
701760,23.221757888793945
701776,24.790794372558594
702016,24.308509826660156
702304,25.104602813720703
702440,24.26778221130371
702456,25.523012161254883
703448,25.0
703672,24.68619155883789
703688,24.68619155883789
703928,25.0
704024,24.16122055053711
704216,23.26359748840332
704352,23.807531356811523
705360,25.0
705584,24.895397186279297
705840,24.68619155883789
705936,23.32636070251465
706128,25.0
706224,24.893842697143555
706264,25.104602813720703
707456,24.84076499938965
707496,24.895397186279297
707752,24.476987838745117
707848,24.895397186279297
708040,25.31380844116211
708136,25.0
708176,25.209205627441406
709368,19.769874572753906
709664,13.343095779418945
709760,24.895397186279297
709952,16.811716079711914
710048,25.0
710808,22.43025016784668
711280,25.209205627441406
711576,24.68619155883789
711672,20.29288673400879
711960,24.58159065246582
712720,24.502296447753906
712720,24.476987838745117
713032,17.111940383911133
713488,24.330543518066406
713576,24.889625549316406
713584,24.372385025024414
713664,22.06414031982422
714632,25.0
714632,25.0
714824,20.051918029785156
714944,18.72385025024414
715400,19.799163818359375
715496,24.895397186279297
715576,24.58159065246582
716544,25.209205627441406
716544,24.476987838745117
716856,24.58159065246582
717184,20.031042098999023
717312,23.535564422607422
717408,24.372385025024414
717488,18.075313568115234
718416,24.610244750976562
718456,24.895397186279297
718456,19.5606689453125
718768,24.895397186279297
719096,17.40585708618164
719320,24.895397186279297
719616,15.015384674072266
720328,25.0
720368,11.924686431884766
720680,19.246862411499023
721008,23.81818199157715
721256,18.418258666992188
722056,24.77777862548828
722240,22.083681106567383
722280,25.104602813720703
722920,20.28033447265625
723072,18.123666763305664
723168,16.234310150146484
723392,24.684322357177734
723968,19.769874572753906
724152,24.68619155883789
724192,19.665271759033203
724296,16.526548385620117
724832,24.895397186279297
724984,10.836819648742676
725080,18.347280502319336
725304,12.552301406860352
725880,9.9163179397583
726064,17.88702964782715
726744,25.0
726896,25.0
726992,23.744770050048828
727216,21.00418472290039
727792,23.221757888793945
727976,20.376569747924805
728656,13.179916381835938
728808,19.87447738647461
729704,19.14225959777832
730568,25.104602813720703
730664,20.603485107421875
730720,11.748953819274902
730928,19.213361740112305
731288,23.731679916381836
731440,24.77603530883789
731632,22.21225357055664
732480,24.68619155883789
732576,18.640167236328125
732632,24.26778221130371
732840,17.259414672851562
733200,21.485355377197266
733352,21.15899658203125
733544,17.15481185913086
734392,21.86192512512207
734544,16.485355377197266
734752,20.083681106567383
734968,22.416414260864258
735456,21.083681106567383
736072,19.336383819580078
736304,24.476987838745117
736456,24.895397186279297
736664,17.050209045410156
736808,18.81818199157715
736880,11.71548080444336
737368,19.037656784057617
737984,20.188283920288086
738216,23.84937286376953
738368,23.744770050048828
738576,25.941423416137695
738680,23.498498916625977
739280,25.209205627441406
739896,25.104602813720703
740128,23.41004180908203
740280,19.87447738647461
740488,18.661087036132812
740600,24.894514083862305
741192,21.481170654296875
741512,21.50259017944336
741808,25.104602813720703
742192,25.104602813720703
742400,25.104602813720703
742488,22.321428298950195
742512,24.58159065246582
743104,25.41840934753418
743424,25.0
743720,24.895397186279297
743848,25.376344680786133
744312,25.0
744400,19.979080200195312
744424,24.895397186279297
745016,23.083681106567383
745336,19.87447738647461
745632,24.895397186279297
745760,25.0
745992,22.526315689086914
746224,19.979080200195312
746312,24.163179397583008
746336,24.489540100097656
746928,19.665271759033203
747248,25.73221778869629
747544,24.895397186279297
747672,24.895397186279297
747904,25.31380844116211
748136,24.895397186279297
748840,21.083681106567383
749160,25.0
749584,14.623431205749512
749816,25.0
749840,22.908676147460938
749912,24.88888931274414
750048,19.5606689453125
750752,23.087865829467773
751168,13.445916175842285
751496,21.682008743286133
751728,20.481170654296875
751824,25.0
751960,22.803346633911133
752920,25.0
753408,4.008368015289307
753640,11.849371910095215
753736,25.0
753872,25.31380844116211
754552,20.347368240356445
754832,20.188283920288086
754856,25.054229736328125
755320,24.895397186279297
755552,25.0
755648,24.476987838745117
755784,19.979080200195312
756464,24.895397186279297
756744,7.430962562561035
757232,19.979080200195312
757560,24.895397186279297
757696,24.895397186279297
758328,24.94239616394043
758656,20.14644432067871
758864,24.955673217773438
759040,21.961009979248047
759472,17.041841506958008
759608,25.523012161254883
760776,25.104602813720703
760952,24.895397186279297
761016,24.894290924072266
761384,22.476987838745117
762088,25.142248153686523
762352,25.108224868774414
762864,25.31380844116211
762928,25.0
763240,24.101322174072266
764000,25.0
764264,25.104602813720703
764432,18.105031967163086
764776,20.188283920288086
764840,25.0
764904,22.159090042114258
765152,24.163179397583008
765752,21.845905303955078
765912,24.895397186279297
766176,21.083681106567383
766344,24.68619155883789
766688,25.0
766752,24.68619155883789
767064,25.31380844116211
767664,25.41840934753418
767824,25.104602813720703
768088,17.84518814086914
768600,20.87447738647461
768640,25.160598754882812
768664,20.397489547729492
768976,16.29707145690918
769576,21.70292854309082
769736,24.895397186279297
770000,24.895397186279297
770512,25.41840934753418
770552,25.104602813720703
771928,24.498567581176758
772360,25.0
772424,24.895397186279297
772712,24.892932891845703
773456,24.892473220825195
773808,25.052520751953125
773840,24.895397186279297
774000,24.883991241455078
774272,25.0
774336,24.058576583862305
774984,24.9630184173584
775368,24.790794372558594
775752,24.895397186279297
775912,25.104602813720703
776184,24.895397186279297
776272,25.0
776896,24.895397186279297
777280,24.895397186279297
777416,24.889135360717773
777664,25.627614974975586
777824,25.73221778869629
778096,23.32636070251465
778136,25.157894134521484
778184,25.0
779576,25.627614974975586
779736,25.0
780008,25.104602813720703
780048,21.489540100097656
780096,21.079498291015625
781096,24.947589874267578
781488,25.0
781648,25.209205627441406
781960,24.895397186279297
782008,25.104602813720703
782600,23.520061492919922
783008,25.31380844116211
783400,10.037656784057617
783688,25.0
783920,25.31380844116211
784160,24.917400360107422
784920,24.790794372558594
785312,23.744770050048828
785432,25.0
785464,25.262054443359375
785600,25.0
785832,25.104602813720703
786072,24.58159065246582
786080,24.827587127685547
786832,25.523012161254883
787376,25.0
787984,22.175731658935547
787992,25.0
788960,22.548246383666992
789152,24.94623565673828
789288,25.31380844116211
789560,24.946352005004883
789896,25.209205627441406
789904,23.100418090820312
790592,25.159574508666992
790872,25.209205627441406
790944,23.624252319335938
791064,19.979080200195312
791200,19.14225959777832
791472,25.209205627441406
791816,19.456066131591797
792504,19.456066131591797
792784,24.68619155883789
792856,25.2719669342041
792976,25.0
793112,25.0
793384,25.0
793688,25.316455841064453
794696,25.0
794888,25.0
795024,24.476987838745117
795296,16.246862411499023
795600,24.895397186279297
796256,25.213218688964844
796576,25.21505355834961
796608,18.786611557006836
796800,25.31380844116211
796936,24.895397186279297
797208,24.790794372558594
797376,24.96402931213379
797512,24.895397186279297
798168,25.31380844116211
798712,25.209205627441406
798848,25.31380844116211
799120,14.14225959777832
800080,25.209205627441406
800376,21.292993545532227
800624,25.104602813720703
800760,21.694561004638672
802288,26.56903839111328
802536,25.523012161254883
802672,25.104602813720703
802760,23.157503128051758
802920,24.947368621826172
803536,25.143678665161133
803640,25.16853904724121
804584,24.895397186279297
804832,24.895397186279297
804896,25.0
805448,24.58159065246582
805552,24.68619155883789
806000,24.769052505493164
806088,24.947368621826172
806264,25.002283096313477
806808,25.104602813720703
807360,24.895397186279297
807912,24.895397186279297
808232,25.0
808640,24.147058486938477
808720,25.31380844116211
809296,23.69658088684082
809760,25.27233123779297
809824,24.476987838745117
810080,22.50524139404297
810144,25.31380844116211
810552,25.0
810632,25.104602813720703
811000,24.94505500793457
811672,25.31380844116211
811736,24.895397186279297
811992,21.26359748840332
812056,25.73221778869629
812464,25.31380844116211
812544,21.70711326599121
812912,26.046024322509766
812936,25.21977996826172
813648,25.31380844116211
813904,24.476987838745117
813968,25.41840934753418
814376,25.41840934753418
814456,20.6066951751709
814848,25.0
815440,24.681528091430664
815560,19.87447738647461
815880,24.790794372558594
816288,25.0
816368,25.31380844116211
816616,16.66666603088379
816688,25.05296516418457
816760,25.627614974975586
817472,24.26778221130371
817792,23.84937286376953
818280,25.523012161254883
818528,24.68619155883789
818600,15.376568794250488
819384,24.895397186279297
819448,25.036075592041016
819704,25.104602813720703
820064,24.68220329284668
820440,25.31380844116211
820512,20.058576583862305
820568,25.052520751953125
821616,20.502092361450195
821976,25.31380844116211
821984,24.848812103271484
822424,17.071128845214844
823152,23.630573272705078
823160,16.756465911865234
823888,24.58159065246582
823896,25.104602813720703
823912,16.447368621826172
824240,23.526315689086914
824336,24.26778221130371
825064,23.84937286376953
825072,23.43096160888672
825128,24.82915687561035
825800,24.895397186279297
825824,25.41840934753418
826152,19.108787536621094
826976,21.025104522705078
826984,23.535564422607422
827040,21.895397186279297
827640,24.94658088684082
827712,24.790794372558594
827736,25.0
828056,25.21505355834961
828064,21.44769859313965
828560,13.174603462219238
828888,24.895397186279297
828896,25.209205627441406
828952,25.104602813720703
829624,17.85355567932129
829648,14.267782211303711
829976,25.543933868408203
830472,25.627614974975586
830800,25.941423416137695
830808,20.29288673400879
830864,24.70711326599121
831264,25.275938034057617
831536,25.209205627441406
831888,25.209205627441406
832712,23.32636070251465
832720,26.359832763671875
832776,25.0
833136,24.94266128540039
833176,25.73221778869629
833448,14.184100151062012
834000,25.226757049560547
834624,23.85355567932129
834632,19.02928924560547
835048,24.895397186279297
835088,11.464435577392578
835360,25.0
835624,19.918628692626953
837000,19.502092361450195
837272,14.937238693237305
837360,22.801170349121094
837480,23.10344886779785
837536,18.2887020111084
838152,21.178571701049805
838328,25.216449737548828
838840,23.006328582763672
838912,25.73221778869629
839184,5.790794849395752
839272,25.556486129760742
839392,26.15062713623047
839448,18.45188331604004
840240,29.497907638549805
840752,19.456066131591797
841816,25.982532501220703
842152,25.523012161254883
842664,27.615062713623047
842944,26.914894104003906
842992,20.485326766967773
843728,27.30125617980957
844016,25.78369903564453
844064,25.41840934753418
844576,20.7112979888916
844856,16.67363929748535
844856,26.89828109741211
844904,23.117155075073242
844952,25.61151123046875
845640,25.941423416137695
845928,20.7112979888916
845976,27.092050552368164
846488,14.598326683044434
846816,25.98326301574707
847552,26.464435577392578
848536,26.163043975830078
849584,26.94013214111328
849840,19.68973731994629
850320,26.490312576293945
850368,23.40203285217285
850440,25.44150161743164
851192,26.208791732788086
851360,26.62002944946289
851496,24.163179397583008
851752,25.73221778869629
852192,26.039386749267578
852232,25.104602813720703
852280,20.69037628173828
852352,20.29288673400879
853104,25.41840934753418
853272,26.98744773864746
854104,26.359832763671875
854144,11.673640251159668
854264,25.41840934753418
855016,22.945606231689453
855184,19.037656784057617
855224,13.761802673339844
855544,27.742616653442383
855672,25.471698760986328
856056,1.73221755027771
856176,25.941423416137695
856928,15.602510452270508
857096,25.73221778869629
857584,25.941423416137695
857968,26.67363929748535
858088,25.73221778869629
858840,25.104602813720703
859008,25.523012161254883
859192,23.34119415283203
859336,25.105485916137695
859496,27.71966552734375
859880,22.69874382019043
860000,25.523012161254883
860544,26.225563049316406
860752,12.866108894348145
860920,22.57322120666504
861104,25.836820602416992
861248,24.68619155883789
861408,25.73221778869629
861792,4.8200836181640625
861912,25.941423416137695
862456,25.941423416137695
862664,27.196653366088867
862832,23.535564422607422
863160,24.163179397583008
863320,9.309623718261719
863704,25.41840934753418
863824,22.121339797973633
864368,22.30125617980957
864576,25.209205627441406
864744,25.627614974975586
864816,19.71982765197754
865232,25.31380844116211
867256,25.281532287597656
867360,25.791854858398438
867824,24.42361068725586
868256,21.899999618530273
868392,21.085010528564453
868472,26.223175048828125
868784,23.817567825317383
869272,28.45188331604004
869736,26.255229949951172
870168,23.32636070251465
870216,25.48185920715332
870896,26.868131637573242
871184,19.5606689453125
872080,26.464435577392578
872128,18.41004180908203
872176,22.494714736938477
872288,25.52410888671875
872488,26.187904357910156
873096,26.778242111206055
873992,25.523012161254883
874040,23.43096160888672
874088,16.644351959228516
874200,25.0
874400,25.523012161254883
875008,25.73221778869629
875112,25.9300594329834
875904,24.790794372558594
876232,25.659669876098633
876312,25.941423416137695
876920,26.464435577392578
877024,23.535564422607422
877608,22.47757911682129
877816,25.104602813720703
877824,25.551876068115234
878144,26.046024322509766
878224,24.058576583862305
878936,25.523012161254883
879520,17.899581909179688
879728,23.640167236328125
879736,25.523012161254883
880056,26.046024322509766
880136,19.246862411499023
880720,25.157894134521484
880792,23.978519439697266
881432,11.489540100097656
881640,24.26778221130371
881648,25.104602813720703
881968,22.28033447265625
882048,26.56903839111328
882632,23.117155075073242
882688,26.066097259521484
882704,25.627614974975586
883344,26.046024322509766
883552,24.414226531982422
883560,24.372385025024414
883880,26.56903839111328
883960,25.73221778869629
884544,26.389122009277344
884600,25.31380844116211
884616,23.953975677490234
885256,24.895397186279297
885464,26.15062713623047
885472,22.11297035217285
885792,23.15899658203125
885872,24.476987838745117
886528,12.656904220581055
887376,24.26778221130371
887384,25.627614974975586
887704,21.213388442993164
887784,22.59414291381836
888864,24.32815933227539
889224,23.712820053100586
889288,22.238492965698242
889296,25.41840934753418
889696,26.046024322509766
889856,21.7047176361084
889944,22.71662712097168
890776,25.209205627441406
891136,26.464435577392578
891200,26.046024322509766
891208,25.627614974975586
891312,25.554323196411133
891768,22.489540100097656
891856,23.535564422607422
892688,26.778242111206055
893048,26.15062713623047
893112,25.0
893224,22.071128845214844
893512,26.310272216796875
893680,22.28033447265625
893768,21.54811668395996
894600,24.58159065246582
894976,24.84076499938965
895024,25.41840934753418
895424,24.26778221130371
895680,23.535564422607422
896696,24.94239616394043
896744,24.945886611938477
896888,24.476987838745117
896936,26.255229949951172
897336,25.31380844116211
897592,24.68619155883789
898248,24.50657844543457
898608,21.966527938842773
898656,24.68619155883789
899248,14.205020904541016
899504,22.69874382019043
900048,24.654521942138672
900160,25.41840934753418
900520,25.93612289428711
900560,26.32450294494629
900568,15.690376281738281
901160,25.104602813720703
901960,24.476987838745117
902072,24.163179397583008
902128,24.204545974731445
902472,25.523012161254883
902480,23.953975677490234
903072,22.489540100097656
903216,25.754310607910156
903984,24.372385025024414
904016,24.885583877563477
904040,18.305438995361328
904384,25.836820602416992
904392,24.372385025024414
904984,22.803346633911133
905128,23.953975677490234
905768,21.628150939941406
905928,21.966527938842773
905952,16.84100341796875
906304,24.895397186279297
906896,26.046024322509766
907040,27.196653366088867
907232,25.492610931396484
907680,16.17154884338379
907792,21.129108428955078
907840,21.966527938842773
907864,26.15062713623047
908216,25.31380844116211
908808,26.15062713623047
908952,25.627614974975586
909144,26.046024322509766
909592,23.640167236328125
909704,21.652719497680664
909752,25.941423416137695
909776,24.372385025024414
910720,25.523012161254883
910864,25.73221778869629
911616,24.68619155883789
911664,25.523012161254883
911688,25.73221778869629
911808,25.0
912632,26.67363929748535
912776,26.046024322509766
913528,25.99163246154785
913600,25.54811668395996
913752,24.73958396911621
914688,21.652719497680664
915136,25.97402572631836
915296,25.516054153442383
915440,26.15062713623047
915512,26.15062713623047
915664,26.67363929748535
916152,24.488636016845703
916600,27.40585708618164
916776,26.017213821411133
917048,23.535564422607422
917208,26.56903839111328
917424,20.7112979888916
917576,17.99163246154785
918064,22.59414291381836
918344,22.823692321777344
918512,26.778242111206055
918960,12.468619346618652
919336,25.941423416137695
919488,27.40585708618164
919976,26.255229949951172
920256,24.476987838745117
920424,20.259414672851562
920576,24.83368492126465
920872,9.958159446716309
921400,25.941423416137695
921888,25.523012161254883
922168,22.803346633911133
922648,25.955883026123047
922784,22.928871154785156
922904,23.1278018951416
923800,24.11297035217285
924080,26.882844924926758
924144,25.483871459960938
924280,23.04103660583496
924696,25.523012161254883
925120,20.995698928833008
925712,25.41840934753418
926056,28.32636070251465
926376,22.062211990356445
926392,25.961538314819336
926608,26.046024322509766
927032,25.0
927624,26.882844924926758
928088,25.89285659790039
928304,27.092050552368164
928520,16.527196884155273
928944,21.32636070251465
929264,24.729938507080078
929272,25.662982940673828
929536,19.14225959777832
929688,26.817180633544922
930000,24.790794372558594
930432,19.71966552734375
930856,26.882844924926758
931176,27.928871154785156
931184,11.627614974975586
931912,13.075313568115234
932096,26.371307373046875
932344,19.096233367919922
932768,22.514644622802734
933088,14.828452110290527
933096,25.104602813720703
933248,26.23922348022461
933264,25.98210334777832
933776,18.190475463867188
934008,23.15899658203125
935000,26.485355377197266
935008,26.046024322509766
935160,11.058577537536621
935176,11.6443510055542
935368,15.192130088806152
935688,6.598326206207275
935920,23.510459899902344
936048,26.025917053222656
936920,15.129707336425781
937280,6.962343215942383
937832,26.464435577392578
937960,20.29288673400879
938832,23.539749145507812
938864,26.84381866455078
939192,21.025104522705078
939744,24.790794372558594
939872,21.71548080444336
940264,26.557750701904297
940688,26.099855422973633
940744,10.661087989807129
941056,21.336811065673828
941104,12.995816230773926
941784,12.410041809082031
942480,26.327434539794922
942656,25.0
942968,16.665271759033203
943016,22.14225959777832
943696,18.958158493041992
944352,27.565502166748047
944392,27.092050552368164
944568,25.209205627441406
944880,15.899581909179688
944928,20.7112979888916
945104,19.46567153930664
945608,16.98744773864746
945784,22.66666603088379
946264,18.506277084350586
946304,17.071128845214844
946480,27.40585708618164
946792,14.698744773864746
946840,26.046024322509766
947016,26.67363929748535
947520,26.882844924926758
948176,19.5606689453125
948216,25.73221778869629
948392,19.246862411499023
948752,26.778242111206055
949352,26.513452529907227
949432,22.42677879333496
950128,18.661087036132812
950304,26.443513870239258
950552,26.223403930664062
951264,25.836820602416992
951344,15.020920753479004
951736,21.460674285888672
952040,15.899581909179688
952216,26.56903839111328
952464,23.179916381835938
952472,25.857770919799805
953256,15.062761306762695
953648,16.255229949951172
953952,21.322175979614258
954128,25.836820602416992
954144,23.67952537536621
954384,6.435146331787109
954648,25.709218978881836
955560,1.1966527700424194
956040,20.907949447631836
956056,14.661087989807129
956296,26.359832763671875
956560,14.6443510055542
956984,25.912017822265625
957440,22.82110023498535
957472,22.192468643188477
957952,26.255229949951172
958040,25.047346115112305
958472,25.41840934753418
958896,11.255229949951172
959232,22.021799087524414
959352,7.42259407043457
959384,21.899581909179688
959784,26.287553787231445
959864,22.518829345703125
959952,27.092050552368164
960384,25.627614974975586
960808,8.393305778503418
961144,23.74895477294922
961264,25.73221778869629
961296,20.6066951751709
961696,11.64853572845459
961776,22.740585327148438
962296,12.28033447265625
962720,21.12552261352539
963176,26.882844924926758
963608,21.652719497680664
964208,26.359832763671875
964632,21.12970733642578
964712,26.121076583862305
965032,26.124197006225586
965088,26.778242111206055
965240,22.366111755371094
965424,25.76754379272461
965520,16.656904220581055
966120,10.037656784057617
966544,17.443513870239258
966944,26.046024322509766
967000,25.836820602416992
967152,25.163179397583008
967432,20.397489547729492
968032,25.941423416137695
968448,22.91220474243164
968456,12.112970352172852
968848,25.992990493774414
968856,24.895397186279297
968912,7.410041809082031
969064,17.071128845214844
969944,20.740585327148438
970360,14.472803115844727
970368,11.853556632995605
970760,25.73221778869629
970824,6.627614974975586
972272,24.372385025024414
972280,16.610877990722656
972608,16.076759338378906
972696,21.907489776611328
972736,21.025104522705078
972744,22.638553619384766
973504,26.685392379760742
974184,27.71966552734375
974192,26.98744773864746
974520,27.30125617980957
974608,16.092050552368164
974648,25.627614974975586
974656,11.025104522705078
975152,15.094717979431152
976096,2.0167365074157715
976104,26.98744773864746
976520,15.485355377197266
976560,15.707113265991211
976568,24.192468643188477
977288,23.78435516357422
977960,19.220930099487305
978432,25.523012161254883
978472,26.67363929748535
978768,15.953539848327637
979200,16.29288673400879
979720,23.00885009765625
979992,26.752336502075195
980384,20.55230140686035
980680,22.69874382019043
981112,24.343095779418945
981632,27.71966552734375
982136,26.943843841552734
982296,19.514644622802734
982592,22.761507034301758
983024,19.28033447265625
983272,26.506023406982422
983544,23.00418472290039
983624,25.66079330444336
984048,21.355648040771484
984208,24.55230140686035
984504,27.40585708618164
984856,25.228309631347656
984936,11.100418090820312
985184,14.07112979888916
985456,21.192468643188477
985960,25.401674270629883
986120,27.928871154785156
986416,17.72385025024414
986768,26.778242111206055
986848,26.56903839111328
987096,23.01255226135254
987256,20.42290687561035
987368,26.778242111206055
987872,25.836820602416992
988032,14.292886734008789
988328,21.539749145507812
988760,25.941423416137695
989784,19.903766632080078
990240,25.0
990504,19.51820182800293
990728,25.99118995666504
990808,27.44186019897461
990936,26.95652198791504
991320,15.014598846435547
992152,25.836820602416992
992440,24.295652389526367
992720,12.656904220581055
992848,11.456067085266113
993328,11.489842414855957
993360,22.689075469970703
994064,25.209205627441406
994256,25.736961364746094
994352,26.464435577392578
994760,25.627614974975586
994984,19.45414924621582
995240,24.121339797973633
995272,23.108787536621094
995976,22.903766632080078
996168,25.41840934753418
996264,26.882844924926758
996472,21.639657974243164
996672,27.30125617980957
996896,19.079498291015625
997152,18.899581909179688
997184,17.15481185913086
997888,22.489540100097656
998080,25.627614974975586
998384,26.98744773864746
998808,22.020919799804688
999768,22.5
1000296,22.384937286376953
1000720,23.01255226135254
1000800,27.741228103637695
1001680,19.87447738647461
1001696,26.995798110961914
1001880,25.052631378173828
1001976,17.790346145629883
1002208,26.255229949951172
1002632,25.209205627441406
1002640,22.772727966308594
1002712,26.56903839111328
1003480,17.33333396911621
1003592,25.627614974975586
1003792,25.627614974975586
1003888,24.895397186279297
1004552,17.43096160888672
1004624,26.15062713623047
1005336,23.351648330688477
1005504,25.364017486572266
1005704,15.046025276184082
1005800,24.58159065246582
1006328,26.24458885192871
1006464,25.836820602416992
1006536,25.941423416137695
1007200,25.80645179748535
1007248,28.033472061157227
1007712,25.836820602416992
1008240,11.548116683959961
1008448,19.769874572753906
1009160,26.67363929748535
1009624,25.117155075073242
1010152,27.30125617980957
1010184,16.8817195892334
1010360,15.794979095458984
1010648,22.38979148864746
1010808,23.678733825683594
1010992,26.059001922607422
1011072,27.40585708618164
1011536,20.29288673400879
1012064,26.98744773864746
1012272,26.15062713623047
1012904,16.84100341796875
1012984,26.255229949951172
1013448,23.54811668395996
1013976,25.73221778869629
1014184,25.941423416137695
1014560,18.997867584228516
1014896,13.464435577392578
1015360,22.928871154785156
1015448,23.69908905029297
1016472,26.464435577392578
1016680,23.19915199279785
1017360,19.87447738647461
1017808,22.45586585998535
1018384,24.531381607055664
1018592,25.31380844116211
1019408,26.41653823852539
1019720,18.665271759033203
1020296,19.87447738647461
1021016,26.988636016845703
1021128,21.93630599975586
1021320,19.72385025024414
1021632,26.56903839111328
1022208,19.87447738647461
1022328,23.755651473999023
1022768,26.79697608947754
1023040,20.7112979888916
1023232,27.30125617980957
1023544,27.510459899902344
1023760,24.894737243652344
1024120,27.41004180908203
1024240,21.025104522705078
1024680,1.1966527700424194
1024952,21.535564422607422
1025144,15.309623718261719
1025456,26.882844924926758
1026032,14.489540100097656
1026152,22.803346633911133
1026288,27.883155822753906
1026592,25.3933048248291
1026864,26.56903839111328
1027056,27.510459899902344
1027296,24.47058868408203
1027944,30.4393310546875
1028200,29.2887020111084
1028776,27.30125617980957
1028968,27.928871154785156
1029184,26.716737747192383
1029208,12.267782211303711
1030112,24.26778221130371
1030688,17.12970733642578
1030880,22.489540100097656
1031096,29.916318893432617
1031120,27.824268341064453
1031504,24.662921905517578
1031624,23.783626556396484
1032200,26.818830490112305
1032600,26.98744773864746
1032792,28.13807487487793
1033032,19.979080200195312
1033536,28.242677688598633
1033544,26.981351852416992
1034112,31.27614974975586
1034704,19.958158493041992
1035208,18.652267456054688
1035448,22.924686431884766
1035456,22.468618392944336
1036352,28.624732971191406
1036616,24.68619155883789
1037120,26.882844924926758
1037608,29.233409881591797
1038176,17.466562271118164
1038232,29.84865379333496
1038264,28.054393768310547
1038528,20.29707145690918
1039032,30.12552261352539
1039040,31.737194061279297
1039240,31.34249496459961
1039520,26.98744773864746
1040088,29.916318893432617
1041840,24.359201431274414
1042264,28.58672332763672
1042912,26.361656188964844
1043136,27.65486717224121
1043752,7.476987361907959
1044408,28.949329376220703
1044824,30.230125427246094
1045048,21.58995819091797
1045648,26.21582794189453
1045664,25.041841506958008
1046080,21.595388412475586
1046320,21.757322311401367
1046736,28.87029266357422
1046960,31.17154884338379
1047408,31.627296447753906
1047560,26.020919799804688
1047808,29.808568954467773
1047992,16.72385025024414
1049320,18.3933048248291
1049400,29.229122161865234
1049472,16.786611557006836
1049720,29.665271759033203
1049904,9.058577537536621
1050120,29.894737243652344
1051312,23.489540100097656
1051816,27.70711326599121
1052032,29.2887020111084
1052088,22.241809844970703
1052168,28.276878356933594
1053168,25.227272033691406
1053256,30.090497970581055
1053728,29.3933048248291
1054000,30.020919799804688
1054080,32.635982513427734
1054840,25.586956024169922
1054896,30.15625
1055080,28.556486129760742
1055168,21.585773468017578
1055640,22.28033447265625
1055816,29.65116310119629
1056752,28.033472061157227
1056808,16.15481185913086
1057552,31.799163818359375
1057784,31.14470863342285
1058664,27.510459899902344
1058672,27.405345916748047
1058720,22.59414291381836
1058832,29.967248916625977
1059448,25.93612289428711
1059696,28.45188331604004
1060584,29.497907638549805
1060632,35.14644241333008
1060744,14.158995628356934
1060920,31.73410415649414
1061360,14.753138542175293
1061608,25.104602813720703
1062176,26.195899963378906
1062496,22.682008743286133
1062544,25.523012161254883
1062656,28.033472061157227
1062832,23.380752563476562
1063272,16.246862411499023
1064088,29.7112979888916
1064408,22.59414291381836
1064456,30.543933868408203
1064744,29.70711326599121
1064856,28.888280868530273
1066000,13.945606231689453
1066312,29.7045955657959
1066656,10.912134170532227
1066824,24.324323654174805
1067912,19.209205627441406
1068144,26.573875427246094
1068224,27.928871154785156
1068328,28.917051315307617
1068736,29.347280502319336
1068960,30.467899322509766
1070072,29.700855255126953
1070240,27.40585708618164
1070648,25.73221778869629
1071864,23.736263275146484
1071984,30.230125427246094
1072168,29.063859939575195
1072344,23.83687973022461
1072560,22.59414291381836
1073776,30.334728240966797
1073840,27.563201904296875
1073896,29.497907638549805
1073928,31.182212829589844
1074080,21.652719497680664
1074256,30.12552261352539
1074472,21.179916381835938
1074816,29.54808807373047
1075808,19.196653366088867
1075992,30.334728240966797
1076168,32.42677688598633
1076384,17.98326301574707
1077392,29.70132827758789
1077672,29.594017028808594
1077720,29.811716079711914
1078152,27.398080825805664
1079096,28.044139862060547
1079304,26.778242111206055
1079440,29.234338760375977
1079584,28.347280502319336
1080064,30.4891300201416
1080064,22.28033447265625
1081008,31.799163818359375
1081456,29.614221572875977
1081496,22.974895477294922
1082920,11.966526985168457
1083208,28.503185272216797
1083368,29.2887020111084
1083408,21.757322311401367
1083624,29.606740951538086
1083672,27.7161865234375
1084736,24.83063316345215
1084856,29.03587532043457
1085280,22.00836753845215
1085320,28.13807487487793
1085536,31.799163818359375
1085584,32.238494873046875
1087192,26.443513870239258
1087448,26.359832763671875
1087624,28.393352508544922
1088184,29.942249298095703
1088616,25.110946655273438
1088736,28.969554901123047
1089104,28.974895477294922
1089344,28.93617057800293
1089360,29.916318893432617
1089536,27.740585327148438
1090096,31.066946029663086
1090304,30.80029296875
1090648,28.87029266357422
1091016,22.69874382019043
1091256,27.510459899902344
1091272,21.811716079711914
1091448,27.30125617980957
1092008,29.70711326599121
1092216,28.242677688598633
1092560,26.15062713623047
1092928,32.53137969970703
1093168,11.527196884155273
1093184,29.602510452270508
1094128,29.497907638549805
1094472,27.615062713623047
1094672,31.08108139038086
1094840,26.401674270629883
1094904,32.98611068725586
1095096,30.85774040222168
1096384,29.811716079711914
1096584,28.242677688598633
1096816,29.70711326599121
1097008,26.69874382019043
1097568,30.585344314575195
1098296,19.82845115661621
1098496,28.033472061157227
1098680,23.69375991821289
1098728,32.322174072265625
1099608,30.18248176574707
1100136,29.569486618041992
1100208,29.916318893432617
1100504,30.32036590576172
1100592,22.384937286376953
1101520,30.334728240966797
1102048,27.30125617980957
1102224,25.472103118896484
1102416,29.497907638549805
1102432,27.969762802124023
1102512,29.004854202270508
1103960,18.32636070251465
1104048,29.224536895751953
1104136,22.59414291381836
1104344,29.3933048248291
1105080,29.606740951538086
1106048,28.70292854309082
1106256,30.230125427246094
1106312,25.894737243652344
1106992,31.380752563476562
1107224,27.850627899169922
1107384,29.61630630493164
1107656,29.43722915649414
1108168,32.00836944580078
1108224,25.941423416137695
1109296,29.744770050048828
1109568,31.380752563476562
1109792,29.175704956054688
1110080,33.47280502319336
1110136,30.4393310546875
1111024,29.36842155456543
1112064,29.337539672851562
1112936,30.12552261352539
1112952,29.376367568969727
1113336,29.176904678344727
1113976,31.380752563476562
1114864,30.334728240966797
1115032,28.122987747192383
1116408,30.521236419677734
1116776,34.518829345703125
1116792,30.94285774230957
1116920,29.96651840209961
1116944,31.380752563476562
1117288,28.601789474487305
1117784,30.09453773498535
1118320,29.70711326599121
1118704,27.364017486572266
1120016,29.04947853088379
1120536,25.9255313873291
1120616,32.949790954589844
1120720,32.459205627441406
1121400,31.084070205688477
1121728,30.51643180847168
1121928,30.753137588500977
1122632,23.389122009277344
1123640,34.518829345703125
1123720,26.724777221679688
1123840,25.836820602416992
1124232,29.05194854736328
1124248,27.337003707885742
1125552,30.753137588500977
1125632,20.502092361450195
1126144,30.12552261352539
1126160,28.45188331604004
1126176,29.627538681030273
1127064,29.909305572509766
1127464,28.45188331604004
1128072,28.556486129760742
1129200,30.773542404174805
1129528,25.839662551879883
1129720,30.756208419799805
1131208,23.673076629638672
1131632,20.920501708984375
1132848,29.550437927246094
1133120,27.824268341064453
1133136,24.966739654541016
1133376,26.31637191772461
1133624,26.755043029785156
1133952,29.500579833984375
1134760,30.4393310546875
1135032,24.68619155883789
1135048,21.740585327148438
1135440,29.359243392944336
1135536,29.079498291015625
1136944,28.45188331604004
1136944,29.988788604736328
1136960,27.824268341064453
1137256,21.506053924560547
1137280,29.193954467773438
1139192,28.033472061157227
1139216,21.669565200805664
1140480,28.409090042114258
1140672,25.536479949951172
1140848,30.732248306274414
1140872,29.48008918762207
1141128,30.543933868408203
1143040,28.242677688598633
1143336,26.5391788482666
1144168,29.73421859741211
1144360,28.57917594909668
1144392,20.259593963623047
1144664,29.008438110351562
1144720,28.039073944091797
1144952,27.71966552734375
1145248,27.30125617980957
1146272,15.29707145690918
1146304,26.98744773864746
1146632,28.87029266357422
1146864,24.58159065246582
1147032,27.22832679748535
1147920,25.52025604248047
1148184,29.497907638549805
1148408,27.66025733947754
1148544,22.72385025024414
1148776,22.59414291381836
1148944,27.824268341064453
1149832,31.17154884338379
1149848,32.50564193725586
1150096,33.99581527709961
1150320,28.87029266357422
1150456,27.196653366088867
1150608,30.074626922607422
1150688,26.945606231689453
1151760,27.824268341064453
1152008,23.585773468017578
1152232,28.99581527709961
1152368,27.196653366088867
1152520,27.464435577392578
1153672,33.15899658203125
1153920,20.815898895263672
1154144,26.778242111206055
1154368,28.171091079711914
1154432,25.0
1155584,20.460250854492188
1155832,25.73221778869629
1156168,28.789474487304688
1156256,29.95689582824707
1156280,23.13807487487793
1156472,28.433734893798828
1157496,29.602510452270508
1157896,29.797441482543945
1158080,28.45188331604004
1158168,30.648534774780273
1158384,28.87029266357422
1159360,28.356008529663086
1159672,25.589622497558594
1159992,32.322174072265625
1160080,29.184101104736328
1160296,25.209205627441406
1161272,27.824268341064453
1161352,24.838150024414062
1161584,28.556486129760742
1162208,28.242677688598633
1162592,26.80533790588379
1163184,21.338912963867188
1163216,29.32330894470215
1163496,29.497907638549805
1163688,28.030303955078125
1163696,26.38274383544922
1164120,16.058576583862305
1164928,30.59284210205078
1165096,28.45188331604004
1165408,28.974895477294922
1166160,29.204036712646484
1166840,30.230125427246094
1166984,28.556262969970703
1167376,31.521739959716797
1167384,23.87445831298828
1168072,27.71966552734375
1168752,28.556486129760742
1168912,26.50524139404297
1169288,28.556486129760742
1169296,17.00836753845215
1169344,21.64624786376953
1169984,13.326359748840332
1170664,24.163179397583008
1170824,19.117155075073242
1171024,24.125356674194336
1171208,17.15481185913086
1171256,14.907949447631836
1172424,24.16323471069336
1172576,20.343095779418945
1172936,20.401674270629883
1173096,26.18067169189453
1173168,14.523012161254883
1173696,27.8125
1174336,21.966527938842773
1174368,24.891647338867188
1174488,17.050209045410156
1175008,19.317991256713867
1175608,16.12552261352539
1176248,14.468619346618652
1176280,14.903765678405762
1176400,26.087865829467773
1176656,27.933332443237305
1176912,24.572649002075195
1177400,20.829431533813477
1177520,25.882844924926758
1178312,21.86192512512207
1178824,31.17154884338379
1179312,25.57740592956543
1179432,16.84100341796875
1179552,28.211889266967773
1179840,22.078651428222656
1180032,27.378435134887695
1180040,25.177305221557617
1180224,23.43096160888672
1180736,23.640167236328125
1181344,29.916318893432617
1181752,21.338912963867188
1181944,30.962343215942383
1182136,19.502092361450195
1182648,23.640167236328125
1182744,22.128204345703125
1183256,24.26778221130371
1183328,27.542373657226562
1183664,16.464435577392578
1184048,22.803346633911133
1184560,31.27614974975586
1184656,21.234310150146484
1185240,27.824268341064453
1185704,25.446327209472656
1185960,16.506277084350586
1186472,10.828452110290527
1186568,18.907949447631836
1186816,29.559551239013672
1187152,28.974895477294922
1187296,24.229074478149414
1187352,25.554733276367188
1187616,31.799163818359375
1187872,23.179916381835938
1188480,24.26778221130371
1188728,26.67363929748535
1189064,25.104602813720703
1189208,19.14644432067871
1189264,26.359832763671875
1189528,23.535564422607422
1189784,23.221757888793945
1190224,22.174840927124023
1190392,30.648534774780273
1190976,16.56903839111328
1191120,27.824268341064453
1191176,27.615062713623047
1191696,17.99163246154785
1192304,13.585774421691895
1193088,21.42259407043457
1193240,29.525861740112305
1193608,20.401674270629883
1194208,29.45255470275879
1195000,16.86192512512207
1195896,23.552337646484375
1196120,13.953974723815918
1196456,24.686656951904297
1196496,25.36231803894043
1197008,26.15294075012207
1197416,27.50278091430664
1197808,22.489540100097656
1198032,31.380752563476562
1198368,22.071128845214844
1198440,28.384614944458008
1198680,27.77391242980957
1198920,28.45188331604004
1199328,27.824268341064453
1199720,28.29288673400879
1200280,25.665271759033203
1200352,22.175731658935547
1200592,32.112972259521484
1201240,23.01255226135254
1201632,31.799163818359375
1201784,25.213218688964844
1201824,27.927927017211914
1202192,10.753138542175293
1202264,23.84937286376953
1203696,30.020919799804688
1203736,22.69874382019043
1204104,29.497907638549805
1204176,22.175731658935547
1204376,23.365751266479492
1205232,29.08888816833496
1205648,22.30125617980957
1206016,21.359832763671875
1206088,23.481170654296875
1207144,23.84937286376953
1207488,25.369197845458984
1207560,31.903766632080078
1207920,26.953777313232422
1207928,14.167364120483398
1208000,20.648534774780273
1208184,27.258403778076172
1208560,29.098360061645508
1209400,28.347280502319336
1209472,28.45188331604004
1209840,31.380752563476562
1210920,28.180084228515625
1211264,17.675325393676758
1211384,21.57740592956543
1211440,29.31818199157715
1211752,26.98744773864746
1212832,24.26778221130371
1213176,24.58995819091797
1213288,28.290468215942383
1213352,18.200836181640625
1213576,24.681020736694336
1214872,26.54239845275879
1215088,23.01255226135254
1215200,17.28451919555664
1215264,20.389122009277344
1216360,27.947845458984375
1216744,28.395523071289062
1216784,20.502092361450195
1217000,18.953975677490234
1217176,19.585773468017578
1217272,23.13852882385254
1218272,31.485355377197266
1218696,22.372385025024414
1219088,14.878661155700684
1219184,24.916318893432617
1219296,26.628843307495117
1220248,24.78325080871582
1220424,21.15217399597168
1220600,26.877037048339844
1221096,23.221757888793945
1222160,24.2887020111084
1222336,33.05439376831055
1222504,26.628150939941406
1223008,24.8326358795166
1223360,29.599056243896484
1224072,16.73221778869629
1224160,19.68314552307129
1224248,22.59414291381836
1224384,21.130502700805664
1224400,26.08433723449707
1224416,19.5606689453125
1224920,27.615062713623047
1225272,22.28033447265625
1225984,14.14225959777832
1226160,10.502092361450195
1226296,15.271966934204102
1226312,20.43514633178711
1226832,6.799163341522217
1227184,27.510459899902344
1227832,25.496732711791992
1227896,28.974895477294922
1228176,23.893617630004883
1228208,21.610877990722656
1228224,29.2887020111084
1228744,15.92887020111084
1229096,16.305438995361328
1229656,18.784896850585938
1229744,29.184101104736328
1230088,12.263598442077637
1230120,15.903765678405762
1230656,26.359832763671875
1231496,19.54222297668457
1231992,17.855627059936523
1232032,23.01673698425293
1232568,22.69874382019043
1233344,23.935556411743164
1233408,26.778242111206055
1233728,21.865934371948242
1233904,17.234310150146484
1233944,21.86192512512207
1234480,29.70711326599121
1235152,28.732168197631836
1235640,14.22594165802002
1235816,28.242677688598633
1235856,14.22594165802002
1236392,20.25104522705078
1236440,29.983659744262695
1237064,18.602510452270508
1237552,10.19665241241455
1237728,25.0
1237768,14.686192512512207
1238304,16.460250854492188
1238352,23.225940704345703
1238512,26.081504821777344
1238976,24.397489547729492
1239000,20.793493270874023
1239464,18.744770050048828
1239640,8.410041809082031
1239680,13.158995628356934
1240216,6.359832763671875
1240264,9.665271759033203
1240424,17.317991256713867
1240888,26.00418472290039
1241376,15.523012161254883
1241552,15.481171607971191
1241592,15.933053970336914
1242128,26.15062713623047
1242176,14.22594165802002
1242232,20.88495635986328
1242800,9.075313568115234
1243072,24.648330688476562
1243288,26.67363929748535
1243464,14.096234321594238
1243504,16.518829345703125
1243616,23.54838752746582
1244088,6.046025276184082
1244144,20.836820602416992
1244712,7.0292887687683105
1244984,2.1799163818359375
1245200,6.0
1245376,2.73221755027771
1245416,17.824268341064453
1245528,16.527196884155273
1246000,15.983263969421387
1246056,18.68619155883789
1246624,6.087866306304932
1246896,18.28451919555664
1247112,12.430962562561035
1247288,2.9121339321136475
1247400,10.126984596252441
1247440,21.757322311401367
1247912,17.920501708984375
1247960,5.230769157409668
1247968,5.9707112312316895
1248496,10.298507690429688
1248536,14.0836820602417
1248704,21.192214965820312
1249024,16.631799697875977
1249200,4.723849296569824
1249312,12.615062713623047
1249824,4.125523090362549
1249880,3.1799163818359375
1250408,11.878661155700684
1250448,5.083682060241699
1250616,7.092050075531006
1250936,4.7740583419799805
1251224,6.3430962562561035
1251632,13.960177421569824
1251760,16.104476928710938
1251792,4.347280502319336
1252272,12.234375
1252320,14.811715126037598
1252320,10.625640869140625
1252528,9.22594165802002
1252848,14.682008743286133
1253544,8.870292663574219
1254008,21.382022857666016
1254184,14.489540100097656
1254232,20.359832763671875
1254232,13.723849296569824
1254440,20.54811668395996
1254760,1.7740585803985596
1255456,2.9372384548187256
1255504,21.984912872314453
1255864,19.019607543945312
1255920,4.497908115386963
1256096,11.020920753479004
1256144,14.769874572753906
1256352,10.0
1256416,7.246376991271973
1256672,9.79079532623291
1257120,27.884614944458008
1257416,15.062761306762695
1257560,20.239025115966797
1258008,13.087865829467773
1258056,26.635982513427734
1258264,19.769874572753906
1258328,7.6234307289123535
1258584,10.251046180725098
1259032,3.142259359359741
1259328,12.029288291931152
1259472,5.163179874420166
1259920,3.430962324142456
1259968,8.535564422607422
1260176,9.497907638549805
1260240,3.556485414505005
1260496,13.259414672851562
1260880,13.0
1260944,5.794979095458984
1261240,6.066945552825928
1261384,21.56903839111328
1261464,5.230769157409668
1261832,18.200836181640625
1261880,4.083682060241699
1262088,19.73640251159668
1262408,17.092050552368164
1262792,2.5774059295654297
1263296,17.7280330657959
1263744,9.050209045410156
1263792,13.087865829467773
1264000,8.004183769226074
1264320,20.546875
1265000,16.802127838134766
1265136,13.477124214172363
1265704,9.937238693237305
1265912,14.748953819274902
1266072,14.35152816772461
1266232,1.7405858039855957
1266288,23.553775787353516
1266456,19.054546356201172
1266912,13.510459899902344
1267040,10.85194206237793
1267616,21.98744773864746
1267824,2.3807530403137207
1267984,13.188284873962402
1268144,14.811715126037598
1268200,26.255229949951172
1268368,3.543933153152466
1268824,16.368200302124023
1268952,13.012552261352539
1269528,2.4016735553741455
1269736,2.163179874420166
1269896,9.012552261352539
1270056,23.43096160888672
1270112,16.682008743286133
1270280,17.69874382019043
1270736,3.142259359359741
1270864,1.3974895477294922
1271440,2.3807530403137207
1271648,17.364017486572266
1271808,20.6066951751709
1271968,1.9748953580856323
1271992,18.439716339111328
1272024,6.414226055145264
1272192,3.4728033542633057
1272648,14.468619346618652
1273352,23.5606689453125
1273560,24.380752563476562
1273720,21.757322311401367
1273880,17.514644622802734
1273904,27.510459899902344
1273936,17.84937286376953
1274056,17.0
1274104,7.907949924468994
1275264,15.184100151062012
1275472,15.627614974975586
1275816,3.347280263900757
1275848,27.510459899902344
1275968,14.682008743286133
1276016,2.7405858039855957
1277176,21.338912963867188
1277352,23.5744686126709
1277416,5.09307336807251
1277536,22.04595184326172
1277728,24.058576583862305
1277760,21.966527938842773
1277880,19.14225959777832
1277928,19.86192512512207
1279088,4.083682060241699
1279264,17.87029266357422
1279328,2.6778242588043213
1279448,17.401674270629883
1279640,27.11297035217285
1279672,16.317991256713867
1279792,16.73640251159668
1279840,14.263598442077637
1281000,24.42259407043457
1281176,16.694561004638672
1281240,21.84100341796875
1281360,18.242677688598633
1281552,24.68619155883789
1281584,19.351465225219727
1281704,22.28033447265625
1281752,3.0962343215942383
1282696,24.63157844543457
1282912,6.589958190917969
1283152,23.242677688598633
1283272,21.937238693237305
1283464,14.414225578308105
1283616,18.25104522705078
1283664,11.799162864685059
1283832,16.85714340209961
1284608,24.68619155883789
1284824,13.49372386932373
1285064,3.4937238693237305
1285376,26.97071075439453
1285392,25.052520751953125
1285528,26.046024322509766
1285576,20.799163818359375
1285744,20.041841506958008
1286520,25.31380844116211
1286736,10.426777839660645
1286976,12.92887020111084
1287288,16.8326358795166
1287304,17.99163246154785
1287440,19.037656784057617
1287488,13.401673316955566
1287656,17.682008743286133
1288184,4.39393949508667
1288432,11.380753517150879
1288648,18.757322311401367
1288888,27.824268341064453
1289200,21.00418472290039
1289352,7.907949924468994
1289400,8.410041809082031
1290096,21.54811668395996
1290344,28.242677688598633
1290800,14.22594165802002
1291032,18.371244430541992
1291112,20.255229949951172
1291264,17.635982513427734
1291312,21.071128845214844
1292008,12.28033447265625
1292256,20.29288673400879
1292360,16.41810417175293
1292712,14.476987838745117
1292944,12.447698593139648
1293024,19.979080200195312
1293176,18.41004180908203
1293224,17.87029266357422
1293920,26.046024322509766
1294168,22.15899658203125
1294272,5.937238693237305
1294624,25.4393310546875
1294856,1.1966527700424194
1294936,15.811715126037598
1295088,20.209205627441406
1295136,15.966526985168457
1295832,13.9163179397583
1296536,8.594141960144043
1296768,22.489540100097656
1296848,8.815899848937988
1297000,11.171547889709473
1297048,15.627614974975586
1297744,17.43096160888672
1297856,25.993303298950195
1297976,25.653362274169922
1298680,6.673640251159668
1298760,12.836819648742676
1298912,21.397489547729492
1298960,2.5271966457366943
1299656,22.196653366088867
1299768,20.7112979888916
1299888,12.288702964782715
1300256,22.365591049194336
1300592,18.84100341796875
1300672,22.71966552734375
1300824,14.267782211303711
1300872,19.246862411499023
1301568,20.489540100097656
1301680,7.0167365074157715
1301800,19.32636070251465
1302168,7.008368015289307
1302504,17.25104522705078
1302584,18.28033447265625
1302736,16.794979095458984
1302784,23.26359748840332
1303480,13.937238693237305
1303592,16.485355377197266
1303712,14.606694221496582
1304080,6.966526985168457
1304416,19.55230140686035
1304496,12.489540100097656
1304648,19.062761306762695
1304696,19.979080200195312
1305392,8.092050552368164
1305504,28.347280502319336
1305624,16.631799697875977
1305992,15.941422462463379
1306328,13.192468643188477
1306408,12.656904220581055
1306560,8.338912010192871
1306608,12.732217788696289
1307304,29.916318893432617
1307416,16.033472061157227
1307536,18.958158493041992
1307904,12.87447738647461
1308240,25.615062713623047
1308320,24.937238693237305
1308472,13.192468643188477
1308520,13.941422462463379
1308720,23.4797306060791
1308816,18.317461013793945
1309328,18.70292854309082
1309336,17.922077178955078
1309816,12.104602813720703
1310152,7.476987361907959
1310232,1.7615063190460205
1310384,21.28033447265625
1310432,3.2050209045410156
1310728,23.15899658203125
1311000,17.28169059753418
1311240,8.221756935119629
1311248,12.50627613067627
1312064,25.31380844116211
1312144,24.476987838745117
1312296,17.334728240966797
1312640,17.88702964782715
1312912,19.87447738647461
1313152,14.589958190917969
1313160,11.025104522705078
1313384,7.2727274894714355
1313408,15.922048568725586
1314056,20.14225959777832
1314208,6.790794849395752
1314824,15.255229949951172
1315064,13.518828392028809
1315072,14.6443510055542
1315296,23.230125427246094
1315320,14.133891105651855
1315560,5.627397060394287
1315968,14.853556632995605
1316736,18.70711326599121
1316976,22.531381607055664
1317208,12.761506080627441
1317232,24.058576583862305
1317624,22.969554901123047
1317880,24.916318893432617
1318224,13.324872970581055
1318648,2.778242588043213
1318840,18.29166603088379
1318888,7.079497814178467
1319088,18.53061294555664
1319120,13.13807487487793
1319144,23.43096160888672
1319536,11.652719497680664
1320136,14.108786582946777
1320560,17.510459899902344
1320752,23.075313568115234
1321000,19.205020904541016
1321032,17.31380844116211
1321056,24.58159065246582
1321448,26.778242111206055
1322048,20.489540100097656
1322600,22.89439582824707
1322664,20.00418472290039
1322912,12.598326683044434
1322944,28.025104522705078
1322968,15.627614974975586
1323360,10.640167236328125
1323960,16.108787536621094
1324088,24.539682388305664
1324576,3.581589937210083
1324824,12.573222160339355
1324856,23.98326301574707
1324880,9.573222160339355
1325272,19.29707145690918
1325872,20.460250854492188
1326000,2.602510452270508
1326128,12.759636878967285
1326488,2.3765690326690674
1326736,2.9456067085266113
1326768,11.100418090820312
1326792,21.12970733642578
1327184,24.71966552734375
1327784,22.88702964782715
1327912,22.384937286376953
1328400,22.355648040771484
1328648,9.615062713623047
1328704,19.29707145690918
1329096,9.07112979888916
1329696,19.665271759033203
1329824,3.556485414505005
1329896,22.435243606567383
1330312,15.439330101013184
1330456,21.301517486572266
1330560,15.062761306762695
1330616,15.585774421691895
1331008,7.35146427154541
1331608,11.6443510055542
1331736,18.041841506958008
1331808,28.033472061157227
1332224,21.046024322509766
1332368,23.5606689453125
1332472,15.397489547729492
1332528,12.552301406860352
1332920,14.35146427154541
1333520,12.338912010192871
1333648,12.594141960144043
1333720,18.72385025024414
1334136,19.903766632080078
1334280,8.389121055603027
1334384,29.916318893432617
1334440,16.753137588500977
1334832,8.497907638549805
1335432,20.397489547729492
1335560,19.037656784057617
1335632,20.98326301574707
1336048,28.033472061157227
1336192,7.046025276184082
1336352,22.949790954589844
1336744,26.255229949951172
1337472,10.468619346618652
1337544,20.6066951751709
1337960,24.26778221130371
1338104,8.221756935119629
1338656,14.029288291931152
1339048,13.843911170959473
1339232,19.8799991607666
1339456,16.083681106567383
1339872,12.326359748840332
1340016,23.117155075073242
1340568,20.083681106567383
1340960,18.200836181640625
1341144,29.602510452270508
1341264,24.47257423400879
1341368,30.543933868408203
1341784,1.8075313568115234
1341824,21.82602310180664
1341928,16.631799697875977
1342480,11.878661155700684
1343056,20.28451919555664
1343176,10.895397186279297
1343280,9.841004371643066
1343736,8.397489547729492
1343840,20.317991256713867
1344392,7.861924648284912
1344536,19.966442108154297
1344968,23.41004180908203
1345088,24.347280502319336
1345192,23.456066131591797
1345264,11.450549125671387
1345584,19.91789436340332
1345648,12.129707336425781
1345752,11.694561004638672
1346304,15.037656784057617
1346880,21.338912963867188
1347000,1.3974895477294922
1347104,22.757322311401367
1347560,9.36401653289795
1347664,21.54811668395996
1348216,20.920501708984375
1348792,8.807531356811523
1348912,23.02928924560547
1348984,24.032258987426758
1349016,12.426573753356934
1349016,20.661087036132812
1349472,23.221757888793945
1349576,23.054393768310547
1350128,22.28033447265625
1350344,23.52941131591797
1350704,18.619247436523438
1350824,2.4016735553741455
1350928,17.88702964782715
1350928,19.32636070251465
1351384,1.3849372863769531
1351488,15.983263969421387
1352040,25.891212463378906
1352616,18.895397186279297
1352736,1.1966527700424194
1352840,2.3765690326690674
1352840,1.1966527700424194
1353296,14.523012161254883
1353400,0.9958158731460571
1353952,1.7991632223129272
1353992,13.173245429992676
1354528,8.380753517150879
1354648,4.3891215324401855
1354752,1.7866108417510986
1355208,1.598326325416565
1355312,2.80334734916687
1355864,6.652719497680664
1355904,18.682008743286133
1356440,5.012552261352539
1356560,3.2050209045410156
1356560,14.804301261901855
1356664,2.4016735553741455
1356752,19.97222137451172
1357120,1.3974895477294922
1357776,18.71548080444336
1357816,16.71548080444336
1358352,27.40585708618164
1358472,28.13807487487793
1358576,13.510459899902344
1358664,22.468618392944336
1359032,15.230125427246094
1359688,14.518828392028809
1359728,25.104602813720703
1360264,20.920501708984375
1360384,15.456067085266113
1360488,24.372385025024414
1360688,20.270530700683594
1361600,18.242677688598633
1361640,15.050209045410156
1361728,23.306501388549805
1362176,16.213388442993164
1362296,11.627614974975586
1362400,22.790794372558594
1362424,24.32340431213379
1362600,12.6443510055542
1363512,15.690376281738281
1363552,15.585774421691895
1363640,19.397489547729492
1364088,7.209205150604248
1364208,10.665271759033203
1364336,7.418409824371338
1364512,18.67363929748535
1365424,12.460250854492188
1365464,17.255229949951172
1365552,10.255229949951172
1365832,26.060606002807617
1366000,24.790794372558594
1366120,17.68619155883789
1366248,8.57740592956543
1366424,26.656904220581055
1367336,11.255229949951172
1367376,20.071128845214844
1367464,10.669456481933594
1367912,19.246862411499023
1368032,25.15062713623047
1368160,20.87447738647461
1368336,15.979079246520996
1369248,9.221756935119629
1369288,29.2887020111084
1369376,21.322175979614258
1369824,25.45188331604004
1370072,8.050209045410156
1370248,20.920501708984375
1371160,8.606694221496582
1371200,5.991631984710693
1371288,11.058577537536621
1371320,22.568513870239258
1371736,18.4393310546875
1371848,18.643606185913086
1371984,10.376568794250488
1372160,17.41840934753418
1372872,20.99065399169922
1373112,27.71966552734375
1373200,10.456067085266113
1373232,11.230125427246094
1373648,23.364017486572266
1373760,15.376568794250488
1373896,26.443513870239258
1374072,18.933053970336914
1374784,9.828452110290527
1375024,6.033473014831543
1375112,17.11297035217285
1375144,19.8326358795166
1375560,15.167364120483398
1375672,22.071128845214844
1375808,20.7112979888916
1375984,10.815899848937988
1376696,18.12552261352539
1376936,14.100418090820312
1377024,28.13807487487793
1377056,27.71966552734375
1377472,24.765689849853516
1377584,25.31380844116211
1377720,21.234310150146484
1378608,10.050209045410156
1378848,1.3974895477294922
1378936,12.518828392028809
1378968,17.803346633911133
1379144,16.04303741455078
1379216,19.756879806518555
1379496,11.811715126037598
1379632,6.418409824371338
1380520,7.824267864227295
1380760,25.73221778869629
1380848,10.866108894348145
1380880,16.527196884155273
1381056,10.895397186279297
1381128,12.78661060333252
1381408,8.439330101013184
1381544,18.200836181640625
1382432,9.64853572845459
1382672,21.54811668395996
1382760,26.98744773864746
1382792,19.355648040771484
1382968,2.80334734916687
1383040,11.656904220581055
1383320,8.769874572753906
1383456,10.041840553283691
1383808,20.070423126220703
1384112,8.713286399841309
1384344,11.443514823913574
1384672,15.606694221496582
1384704,7.221757411956787
1385232,5.615062713623047
1385368,20.753137588500977
1385680,18.770492553710938
1385720,24.895397186279297
1386024,11.891213417053223
1386256,12.665271759033203
1386560,26.304546356201172
1386584,26.464435577392578
1387144,19.330543518066406
1387280,18.44769859313965
1387592,14.937238693237305
1387632,13.70292854309082
1387936,17.15481185913086
1388472,1.3974895477294922
1388496,2.2008368968963623
1389032,16.30547523498535
1389056,26.882844924926758
1389192,17.347280502319336
1389504,17.933053970336914
1389544,20.330543518066406
1389848,10.966526985168457
1390408,15.062761306762695
1390944,10.037656784057617
1390968,9.28033447265625
1391104,22.73640251159668
1391416,15.255229949951172
1391760,26.67363929748535
1392184,22.068965911865234
1392320,7.991631984710693
1392632,17.736841201782227
1392880,25.941423416137695
1393016,21.351465225219727
1393272,21.201717376708984
1393672,15.246861457824707
1393864,19.658031463623047
1394096,15.602510452270508
1394544,5.803347110748291
1394792,16.87447738647461
1394928,7.64853572845459
1395184,20.920501708984375
1395584,7.786611080169678
1395776,26.234310150146484
1396008,13.255229949951172
1396152,24.43010711669922
1396456,24.769874572753906
1396704,14.267782211303711
1396840,11.414225578308105
1397096,14.652719497680664
1397496,10.21338939666748
1397920,22.74895477294922
1398064,5.384937286376953
1398368,8.447698593139648
1398616,15.585774421691895
1398752,14.748953819274902
1399008,1.598326325416565
1399408,14.887029647827148
1399448,14.344226837158203
1399832,13.652719497680664
1399976,1.1966527700424194
1400240,14.98051929473877
1400280,7.234309673309326
1400664,6.384937286376953
1401360,14.037656784057617
1401744,12.673640251159668
1402176,14.840449333190918
1402192,16.644351959228516
1402576,20.527196884155273
1403112,21.7602596282959
1403128,20.2138729095459
1403544,27.186098098754883
1403632,19.19811248779297
1404088,24.42259407043457
1404104,26.882844924926758
1404488,13.288702964782715
1405024,18.56903839111328
1405040,10.066946029663086
1405136,21.55720329284668
1405456,19.414226531982422
1405544,8.029288291931152
1406000,16.050209045410156
1406016,26.98744773864746
1406400,24.43096160888672
1406776,18.762557983398438
1406952,26.359832763671875
1407048,21.84100341796875
1407368,17.531381607055664
1407456,15.933053970336914
1407912,7.60669469833374
1407928,17.899581909179688
1408312,19.928871154785156
1408688,21.778242111206055
1408864,30.020919799804688
1408960,27.196653366088867
1409280,15.14225959777832
1409368,6.196652889251709
1409824,23.0
1409840,11.87447738647461
1410224,18.497907638549805
1410600,15.230125427246094
1410776,24.330543518066406
1410872,19.786611557006836
1411192,16.543933868408203
1411280,27.928871154785156
1412136,26.882844924926758
1412512,18.29288673400879
1412784,12.669456481933594
1413600,29.042552947998047
1413616,16.109704971313477
1413952,21.36111068725586
1414048,11.895397186279297
1414512,26.980728149414062
1414952,21.506383895874023
1415048,21.496814727783203
1415512,3.2050209045410156
1415864,30.334728240966797
1415960,15.271966934204102
1416424,13.800000190734863
1417424,22.378150939941406
1417424,19.376569747924805
1417776,21.84518814086914
1417872,22.225940704345703
1418272,22.077922821044922
1418680,27.293991088867188
1418824,23.99364471435547
1419336,26.98744773864746
1419440,21.1989803314209
1419688,5.828452110290527
1420184,28.556486129760742
1420736,24.68619155883789
1420832,26.93661880493164
1421248,20.389122009277344
1421352,16.234310150146484
1421600,18.058576583862305
1421664,20.059284210205078
1422096,26.460250854492188
1422416,28.0513916015625
1422648,13.033473014831543
1423160,21.44769859313965
1423264,20.29288673400879
1423384,21.295963287353516
1423576,26.15062713623047
1424008,22.907949447631836
1424480,24.671052932739258
1425040,21.159420013427734
1425072,20.815898895263672
1425176,27.30125617980957
1425488,18.57740592956543
1426136,25.80430030822754
1426376,24.78540802001953
1426392,28.677824020385742
1426984,28.45188331604004
1427088,9.046025276184082
1427400,17.15481185913086
1427584,14.4399995803833
1427904,7.8412699699401855
1428288,21.443513870239258
1428304,28.242677688598633
1428664,16.58940315246582
1429000,11.456067085266113
1429496,27.615062713623047
1429816,27.510459899902344
1429832,30.032466888427734
1430216,7.531380653381348
1430576,24.372385025024414
1430912,31.066946029663086
1431408,21.514644622802734
1431728,27.824268341064453
1431744,26.95138931274414
1431744,18.200836181640625
1432128,26.85774040222168
1432488,15.062761306762695
1432552,25.991573333740234
1432824,23.765689849853516
1433320,25.56485366821289
1433656,27.40585708618164
1433656,28.13807487487793
1434040,23.384937286376953
1434400,23.213388442993164
1434624,16.835617065429688
1434736,6.0167365074157715
1435232,21.54811668395996
1435504,21.413135528564453
1436312,27.71966552734375
1437144,16.69037628173828
1437200,24.209932327270508
1437416,19.937238693237305
1437560,21.763578414916992
1438224,16.29288673400879
1438416,27.919830322265625
1438432,27.41991424560547
1439056,6.217573165893555
1439112,27.69874382019043
1439328,28.556486129760742
1440328,23.01255226135254
1440344,12.711297035217285
1440968,26.56903839111328
1441024,5.42259407043457
1441160,24.700000762939453
1441240,19.87447738647461
1442240,28.13807487487793
1442256,21.966527938842773
1442336,23.50783348083496
1442880,15.062761306762695
1443072,6.439330577850342
1443152,16.694561004638672
1443512,25.178518295288086
1444152,16.14644432067871
1444984,12.920501708984375
1445424,19.30125617980957
1445984,20.482831954956055
1446016,21.42060089111328
1446096,21.117021560668945
1446408,20.02823257446289
1446592,26.88577651977539
1446768,22.780973434448242
1446896,13.443514823913574
1447336,26.778242111206055
1447896,6.447698593139648
1447928,22.071128845214844
1448008,10.527196884155273
1448320,21.389122009277344
1448504,8.887029647827148
1448680,22.175731658935547
1449248,19.5606689453125
1449808,19.953975677490234
1449840,27.40585708618164
1450232,14.523012161254883
1450416,13.753138542175293
1450592,31.58995819091797
1451592,28.125
1451720,18.108787536621094
1451752,8.36820125579834
1452144,28.13807487487793
1452328,12.682008743286133
1452504,6.037656784057617
1452928,23.897825241088867
1453504,3.0041840076446533
1453664,17.3933048248291
1454088,27.864294052124023
1454240,29.079498291015625
1454840,28.242677688598633
1455576,27.71966552734375
1455912,28.927812576293945
1456000,17.121339797973633
1456152,21.765689849853516
1456752,27.510459899902344
1456992,24.62614631652832
1457824,19.037656784057617
1457912,17.58995819091797
1458064,24.815826416015625
1458064,20.74895477294922
1458664,16.73640251159668
1459312,24.117773056030273
1459416,25.360706329345703
1459736,31.17154884338379
1459976,29.916318893432617
1460808,17.767295837402344
1461328,19.079498291015625
1461392,27.758621215820312
1461888,23.020919799804688
1462056,28.242923736572266
1462720,30.602510452270508
1463096,25.477800369262695
1463240,26.062761306762695
1463304,21.652719497680664
1463352,21.993947982788086
1463800,14.518828392028809
1465008,22.933231353759766
1465008,21.966527938842773
1465152,14.510459899902344
1465264,14.92887020111084
1465616,26.629213333129883
1465712,24.058576583862305
1466192,21.140552520751953
1466408,22.61598014831543
1466920,16.30125617980957
1466920,12.100418090820312
1467064,17.57322120666504
1467528,11.255229949951172
1467624,23.351465225219727
1468832,17.00418472290039
1468976,26.255229949951172
1469440,6.2259416580200195
1469536,12.979079246520996
1469736,15.338942527770996
1469808,21.935840606689453
1470584,21.945863723754883
1470608,26.898048400878906
1470888,27.71966552734375
1471352,21.966527938842773
1471648,14.677824020385742
1471720,12.317991256713867
1472496,18.82845115661621
1472520,12.523012161254883
1472544,30.172412872314453
1472800,15.481171607971191
1473560,25.523012161254883
1473632,20.108787536621094
1474408,28.242677688598633
1474432,23.744770050048828
1474672,27.19158935546875
1474712,23.32636070251465
1475472,15.167364120483398
1475544,5.213388919830322
1475992,27.61020851135254
1476320,29.811716079711914
1476624,17.59414291381836
1476800,20.079294204711914
1477384,15.28451919555664
1477904,20.6066951751709
1478232,21.86192512512207
1478248,26.467504501342773
1478312,27.206592559814453
1478536,15.288702964782715
1479296,24.58159065246582
1479312,22.946922302246094
1479816,25.836820602416992
1480144,26.046024322509766
1480160,14.920501708984375
1480344,23.891647338867188
1480448,27.510459899902344
1481208,30.962343215942383
1481224,18.794979095458984
1481528,21.69158935546875
1482048,29.550321578979492
1482056,18.096233367919922
1482072,25.104602813720703
1482256,19.351465225219727
1482360,19.71966552734375
1483120,16.28033447265625
1483136,28.45188331604004
1483440,15.271966934204102
1483968,17.1673641204834
1483984,17.782426834106445
1484168,26.799163818359375
1484272,17.924686431884766
1485032,25.523012161254883
1485048,26.359832763671875
1485352,25.73221778869629
1485880,10.251046180725098
1486184,17.15481185913086
1486944,11.71548080444336
1486960,16.108787536621094
1487264,25.627614974975586
1487656,22.912853240966797
1487792,33.47280502319336
1487936,24.295116424560547
1488472,20.983810424804688
1488856,15.832635879516602
1489176,28.87029266357422
1489848,23.209205627441406
1490384,21.234310150146484
1490568,24.552106857299805
1490768,27.928871154785156
1491088,23.97071075439453
1491392,20.122055053710938
1491512,22.23723793029785
1491608,23.49475860595703
1491760,19.15481185913086
1492296,28.974895477294922
1492480,9.707113265991211
1492680,26.56903839111328
1493000,2.4016735553741455
1493304,26.67363929748535
1493424,15.539749145507812
1493672,29.3933048248291
1494208,25.627614974975586
1494392,28.661087036132812
1494592,23.01255226135254
1494912,30.334728240966797
1495016,24.941314697265625
1495584,5.205020904541016
1496120,8.86192512512207
1496824,25.73221778869629
1496992,25.724512100219727
1497240,18.53878402709961
1497496,6.238493919372559
1498032,27.196653366088867
1498064,24.742919921875
1498736,16.30962371826172
1498816,22.6842098236084
1498904,5.635983467102051
1499152,28.033472061157227
1499976,5.786611080169678
1499992,28.266666412353516
1500648,22.753137588500977
1500728,12.271966934204102
1500816,28.556486129760742
1500968,20.039648056030273
1501824,24.746835708618164
1501888,15.104602813720703
1502560,18.1673641204834
1502640,9.288702964782715
1502880,20.121339797973633
1503064,28.340517044067383
1504472,21.615062713623047
1504496,23.5108699798584
1504552,14.732217788696289
1504792,19.916318893432617
1505544,21.3544864654541
1505624,20.96631622314453
1506408,22.42677879333496
1506464,18.305438995361328
1506800,22.773019790649414
1507456,20.7280330657959
1507536,16.2887020111084
1507952,27.471263885498047
1508320,15.075313568115234
1508376,20.188283920288086
1508400,22.505542755126953
1508712,14.63598346710205
1509368,5.799163341522217
1509864,17.84100341796875
1510232,22.966527938842773
1510288,22.3933048248291
1510312,1.1966527700424194
1510624,26.046024322509766
1511240,29.37364959716797
1511776,12.092050552368164
1512200,22.57740592956543
1512320,22.090850830078125
1512352,16.88471794128418
1513152,21.234310150146484
1513688,14.728033065795898
1513888,19.726476669311523
1514056,26.709402084350586
1514112,17.753137588500977
1514248,23.631345748901367
1514264,27.30125617980957
1515064,25.523012161254883
1515600,14.673640251159668
1515744,25.717288970947266
1515800,25.941423416137695
1515968,23.117155075073242
1516160,18.57740592956543
1517512,26.67363929748535
1517656,27.928871154785156
1517816,26.673866271972656
1517880,22.69874382019043
1518000,27.03426170349121
1518072,21.397489547729492
1518776,23.26293182373047
1519424,19.087865829467773
1519464,21.00218391418457
1519568,15.22594165802002
1519728,26.255229949951172
1519792,6.238493919372559
1519912,22.071128845214844
1519984,17.364017486572266
1520688,27.196653366088867
1521376,12.665271759033203
1521480,18.82845115661621
1521640,26.778242111206055
1521824,29.184101104736328
1521896,17.99163246154785
1523288,19.456066131591797
1523552,7.824267864227295
1523808,21.414226531982422
1524216,21.428571701049805
1524584,24.922481536865234
1524880,22.36470603942871
1525152,23.395523071289062
1525512,24.023860931396484
1525720,26.359832763671875
1526128,20.6066951751709
1527064,22.69874382019043
1527216,15.644104957580566
1527424,25.73221778869629
1527632,19.665271759033203
1527960,27.07345962524414
1528488,28.0
1528592,27.747844696044922
1528976,26.67363929748535
1529128,22.694561004638672
1529544,23.7112979888916
1529872,12.418410301208496
1529936,16.296218872070312
1530400,23.8326358795166
1530888,24.790794372558594
1530928,20.148401260375977
1531040,25.523012161254883
1531456,25.31380844116211
1532312,23.01255226135254
1532800,18.493722915649414
1532840,16.656904220581055
1533368,22.100418090820312
1533552,25.774335861206055
1533632,26.489360809326172
1534088,26.85589599609375
1534712,26.15062713623047
1534752,20.502092361450195
1535280,19.14225959777832
1535544,11.246861457824707
1536000,20.188283920288086
1536024,24.842697143554688
1536624,25.31380844116211
1537184,27.013216018676758
1537192,18.72385025024414
1537456,29.497907638549805
1537800,26.931486129760742
1537912,10.037656784057617
1537936,26.67363929748535
1538536,22.899581909179688
1539104,18.652719497680664
1539368,27.364017486572266
1539712,25.627614974975586
1539824,12.71966552734375
1539848,12.246861457824707
1540352,26.66857147216797
1540448,21.652719497680664
1541016,27.615062713623047
1541280,25.0
1541624,16.949790954589844
1541736,11.472803115844727
1541760,17.456066131591797
1542264,18.811716079711914
1542360,18.933053970336914
1542928,25.41840934753418
1543192,20.58159065246582
1543672,26.464435577392578
1543928,21.794780731201172
1544176,20.26778221130371
1544840,12.753138542175293
1545448,22.29310417175293
1545584,26.359832763671875
1545840,20.083681106567383
1546088,16.192468643188477
1546152,26.45147705078125
1546672,27.011493682861328
1547224,25.321428298950195
1547360,18.502092361450195
1547496,28.347280502319336
1547752,24.26778221130371
1548064,27.510459899902344
1548584,18.305438995361328
1549272,26.98744773864746
1549408,26.56903839111328
1549664,19.979080200195312
1549976,20.083681106567383
1550888,21.39956283569336
1551184,26.234310150146484
1551208,24.96859359741211
1551320,14.518828392028809
1551496,27.440828323364258
1551576,23.73640251159668
1551888,9.937238693237305
1552296,20.851293563842773
1552800,24.68619155883789
1553232,25.941423416137695
1553488,25.941423416137695
1553800,6.205020904541016
1554712,23.32636070251465
1554752,14.692825317382812
1555184,27.331886291503906
1555400,17.359832763671875
1556608,28.148147583007812
1556664,24.100418090820312
1556912,26.032608032226562
1556920,22.91025733947754
1557312,27.510459899902344
1557888,25.536479949951172
1558304,22.98440933227539
1558520,17.217573165893555
1558576,26.255229949951172
1558832,16.192468643188477
1559224,25.941423416137695
1559800,24.372385025024414
1560216,21.933053970336914
1560376,24.422632217407227
1560432,28.87029266357422
1560680,28.639009475708008
1560744,15.439330101013184
1561712,25.627614974975586
1562128,24.68619155883789
1562280,27.753780364990234
1562288,12.481171607971191
1562656,15.0
1562968,24.732906341552734
1563624,17.497907638549805
1564040,19.70711326599121
1564152,24.404300689697266
1564192,12.728033065795898
1564336,25.382932662963867
1564880,14.35146427154541
1565424,21.84971046447754
1565536,26.025104522705078
1565976,21.848155975341797
1566104,28.661087036132812
1566248,15.376568794250488
1567448,24.476987838745117
1567888,31.066946029663086
1567952,27.157894134521484
1568016,25.953975677490234
1569360,28.661087036132812
1569560,24.311594009399414
1569864,28.033472061157227
1569928,24.476987838745117
1570048,28.3157901763916
1570272,22.121662139892578
1570928,22.430233001708984
1571272,20.071128845214844
1571472,13.246861457824707
1571664,27.383474349975586
1571776,29.602510452270508
1571840,28.033472061157227
1571960,26.98744773864746
1572184,27.71966552734375
1572840,19.351465225219727
1573384,18.86192512512207
1573688,12.882844924926758
1573752,23.054393768310547
1573872,28.25104522705078
1574096,26.56903839111328
1574752,28.242677688598633
1575600,27.71966552734375
1575664,21.652719497680664
1576008,14.748953819274902
1576480,26.374807357788086
1576808,15.18691635131836
1577512,21.778242111206055
1578392,6.707112789154053
1578472,23.064516067504883
1578720,19.5606689453125
1578984,25.0
1579424,25.73221778869629
1580304,29.184101104736328
1580384,29.079498291015625
1580632,26.046024322509766
1580896,25.0
1580920,24.96194839477539
1581048,25.64325523376465
1581336,20.753137588500977
1582216,20.246862411499023
1582296,21.924686431884766
1582832,24.58159065246582
1583248,30.020919799804688
1583336,26.883188247680664
1584128,9.623431205749512
1584192,25.31011199951172
1584744,11.338912010192871
1585160,24.347280502319336
1585248,27.824268341064453
1585960,28.65720558166504
1586040,23.73221778869629
1586104,19.196653366088867
1586352,23.167156219482422
1586512,23.535871505737305
1586656,18.882844924926758
1587072,5.414226055145264
1587160,26.882844924926758
1587872,22.071128845214844
1587952,23.117155075073242
1588016,11.050209045410156
1588264,28.305438995361328
1588424,24.26778221130371
1588568,6.205020904541016
1588984,25.941423416137695
1589072,14.539749145507812
1589784,27.57322120666504
1589864,21.13807487487793
1589928,25.941423416137695
1590176,19.5606689453125
1590336,27.824268341064453
1590480,26.464435577392578
1590896,17.28033447265625
1591696,21.2887020111084
1591776,30.648534774780273
1591840,15.732217788696289
1592088,26.882844924926758
1592392,26.58995819091797
1592696,26.98675537109375
1593608,17.6066951751709
1593688,29.184101104736328
1593856,18.095455169677734
1594296,22.352941513061523
1594608,11.205020904541016
1595520,27.40585708618164
1595592,24.6801700592041
1595600,13.271966934204102
1595712,20.192052841186523
1595768,15.020920753479004
1595952,15.92809009552002
1596520,20.7112979888916
1597504,29.079498291015625
1597512,25.941423416137695
1597672,22.687204360961914
1597680,13.974895477294922
1598432,19.14225959777832
1599224,11.516199111938477
1599392,27.15116310119629
1599424,24.26778221130371
1601056,18.97163200378418
1601112,28.44444465637207
1601112,18.512195587158203
1601136,27.196653366088867
1601304,25.104602813720703
1601304,21.192052841186523
1602160,22.82617950439453
1602968,26.778242111206055
1603024,17.259414672851562
1603024,22.71966552734375
1603048,20.882844924926758
1603056,29.438325881958008
1603216,8.054393768310547
1604072,26.778242111206055
1604880,12.179916381835938
1604936,17.28451919555664
1604936,22.489540100097656
1604960,17.949790954589844
1604968,23.744770050048828
1604976,26.252723693847656
1605128,26.882844924926758
1605984,30.753137588500977
1606792,17.57322120666504
1606848,28.033472061157227
1606888,13.677824020385742
1607040,20.74895477294922
1607896,26.464435577392578
1608656,27.150537490844727
1608704,20.790794372558594
1608800,21.54811668395996
1608952,15.794979095458984
1609808,15.690376281738281
1610448,20.79300308227539
1610616,26.464435577392578
1610712,25.41840934753418
1610864,25.627614974975586
1611880,22.77424430847168
1612360,7.158995628356934
1612528,26.046024322509766
1612624,14.251046180725098
1612776,27.40585708618164
1613792,19.794979095458984
1613928,27.589284896850586
1614176,23.659420013427734
1614272,19.104602813720703
1614688,27.510459899902344
1615704,18.43514633178711
1615840,22.665271759033203
1616184,26.56903839111328
1616216,16.48590087890625
1616944,26.961883544921875
1617232,14.921465873718262
1617616,27.092050552368164
1617752,27.092050552368164
1617872,24.428354263305664
1618072,27.387706756591797
1618096,29.3933048248291
1618128,28.033472061157227
1618856,21.025104522705078
1619528,30.230125427246094
1619664,25.941423416137695
1619984,24.163179397583008
1620008,30.85774040222168
1621368,26.88787269592285
1621440,26.464435577392578
1621576,22.69874382019043
1621608,25.126436233520508
1621920,21.117155075073242
1622496,27.80219841003418
1623280,22.092050552368164
1623352,21.025104522705078
1623520,16.075313568115234
1624408,26.98744773864746
1624592,27.201086044311523
1625264,25.209205627441406
1625432,6.799163341522217
1625528,23.0
1626504,18.82845115661621
1626928,26.76083755493164
1627280,26.26865577697754
1627344,22.384937286376953
1628176,22.452228546142578
1628416,28.242677688598633
1628840,18.096233367919922
1628888,26.863134384155273
1629192,28.033472061157227
1629296,23.138004302978516
1630088,13.129707336425781
1630328,24.895397186279297
1630640,27.30434799194336
1630912,24.15919303894043
1631104,25.31380844116211
1631208,26.56903839111328
1632000,26.464435577392578
1632240,16.443513870239258
1632552,26.046024322509766
1632656,24.004192352294922
1632824,17.677824020385742
1633016,17.15481185913086
1633120,27.092050552368164
1634152,19.665271759033203
1634568,23.640167236328125
1634736,26.15062713623047
1636080,27.25250244140625
1636280,21.16094398498535
1636648,12.970711708068848
1636792,25.211864471435547
1636800,26.521739959716797
1637400,25.250370025634766
1637992,29.811716079711914
1638192,28.13807487487793
1638560,23.14644432067871
1638704,31.17154884338379
1638712,19.665271759033203
1639976,25.813610076904297
1640104,16.807531356811523
1640472,19.456066131591797
1640616,13.979079246520996
1641600,26.38580894470215
1641888,11.255229949951172
1642016,24.01673698425293
1642408,28.084415435791016
1642528,25.104602813720703
1643192,27.455751419067383
1643928,27.40585708618164
1644320,26.255229949951172
1644440,26.694561004638672
1644656,27.673648834228516
1645280,26.576086044311523
1645496,29.767183303833008
1645840,28.347280502319336
1645872,28.148147583007812
1646232,26.15062713623047
1646352,28.45188331604004
1647192,19.092050552368164
1647752,26.464435577392578
1647784,27.40585708618164
1648144,20.920501708984375
1648264,11.263598442077637
1648472,24.654088973999023
1648704,26.632801055908203
1649104,26.046024322509766
1649664,20.397489547729492
1650056,26.98744773864746
1650176,23.2719669342041
1650616,14.836819648742676
1650824,26.546546936035156
1651016,27.824268341064453
1651560,22.485170364379883
1651576,16.56903839111328
1652088,25.57740592956543
1652288,15.96855354309082
1653472,28.661087036132812
1654000,19.26778221130371
1654200,19.665271759033203
1654272,26.039386749267578
1654528,24.01727867126465
1655064,27.15654945373535
1655384,26.98744773864746
1655912,27.510459899902344
1656184,26.15062713623047
1656440,20.41840934753418
1656976,27.40585708618164
1657296,26.15062713623047
1658096,25.376569747924805
1658352,27.092050552368164
1658688,25.253093719482422
1658888,17.535564422607422
1659208,11.924686431884766
1659448,23.66615867614746
1659664,27.173913955688477
1659680,28.768577575683594
1660264,21.11297035217285
1660600,26.15062713623047
1660800,26.15062713623047
1661120,21.652719497680664
1661576,26.464435577392578
1661824,26.60944175720215
1662176,21.12970733642578
1662512,27.196653366088867
1662712,28.13807487487793
1663032,26.464435577392578
1663048,26.662708282470703
1663072,28.200883865356445
1663488,30.230125427246094
1664088,13.025104522705078
1664624,25.523012161254883
1664944,26.67363929748535
1664984,29.079498291015625
1665400,28.661087036132812
1666000,27.824268341064453
1666224,26.88577651977539
1666536,17.98744773864746
1666856,26.15062713623047
1666896,29.3933048248291
1667312,19.192468643188477
1667312,26.195335388183594
1667912,13.870292663574219
1668568,22.02898597717285
1668808,26.359832763671875
1669224,12.86192512512207
1669224,16.27614974975586
1669648,23.918224334716797
1669824,27.30125617980957
1670288,22.324092864990234
1670352,27.68878746032715
1671136,25.104602813720703
1671136,26.67363929748535
1671560,22.104602813720703
1672264,14.52597427368164
1672608,21.473684310913086
1673048,26.67363929748535
1673048,13.263598442077637
1673544,26.935483932495117
1674056,27.861770629882812
1674176,28.661087036132812
1674960,27.30125617980957
1674960,21.025104522705078
1675200,20.956043243408203
1675456,28.13807487487793
1675968,24.092050552368164
1677112,11.56485366821289
1677368,23.117155075073242
1677576,26.470911026000977
1677848,22.527233123779297
1677880,15.389121055603027
1678120,24.833091735839844
1678440,17.740230560302734
1678512,14.662161827087402
1679024,25.523012161254883
1679280,19.456066131591797
1679488,22.44769859313965
1679760,21.351465225219727
1680032,11.732217788696289
1680352,16.84518814086914
1680424,21.966527938842773
1680984,26.332473754882812
1681064,15.038759231567383
1681192,11.64853572845459
1681672,27.928871154785156
1682264,1.3974895477294922
1682336,20.29288673400879
1682608,14.100446701049805
1682936,12.89791202545166
1682976,14.979079246520996
1683104,11.527196884155273
1683584,13.472803115844727
1684248,1.598326325416565
1684520,12.313807487487793
1684640,14.23851203918457
1684848,25.836820602416992
1685016,14.6443510055542
1685496,17.866107940673828
1685568,22.564165115356445
1686160,19.02928924560547
1686432,24.70711326599121
1686552,24.489540100097656
1686720,23.83974266052246
1686760,14.6443510055542
1687408,26.790794372558594
1687480,17.14225959777832
1688072,2.602510452270508
1688344,4.008368015289307
1688464,14.016736030578613
1688672,12.397489547729492
1689320,20.188283920288086
1689392,18.12552261352539
1689984,17.68619155883789
1690496,24.643795013427734
1690584,19.414226531982422
1690752,14.946428298950195
1691304,18.627614974975586
1691896,17.02928924560547
1692000,26.236324310302734
1692176,13.278017044067383
1692408,11.924686431884766
1692496,13.740585327148438
1692664,7.6778244972229
1692872,24.66216278076172
1693216,16.15062713623047
1693808,24.68619155883789
1693912,14.276150703430176
1694088,1.1966527700424194
1694320,14.158995628356934
1694408,11.661087989807129
1694576,14.20920467376709
1694784,0.9958158731460571
1695128,8.962343215942383
1695824,21.924686431884766
1696000,23.59414291381836
1696232,10.891213417053223
1696320,15.581589698791504
1696488,20.6066951751709
1696944,9.020408630371094
1697040,11.481171607971191
1697736,23.31380844116211
1697912,1.1966527700424194
1698144,22.527196884155273
1698232,20.11297035217285
1698400,1.3974895477294922
1698416,11.861233711242676
1698856,24.631799697875977
1698952,24.640167236328125
1699648,22.920501708984375
1699824,13.836819648742676
1700056,25.56485366821289
1700144,26.15062713623047
1700312,20.083681106567383
1700320,2.5322580337524414
1700328,1.3974895477294922
1700648,22.37264060974121
1700768,27.644351959228516
1701560,1.7991632223129272
1702224,26.56903839111328
1702232,14.309623718261719
1702240,17.44769859313965
1702560,15.330543518066406
1702680,12.050209045410156
1703392,21.342926025390625
1703768,23.67549705505371
1704136,1.1966527700424194
1704144,23.43096160888672
1704152,25.836820602416992
1704592,22.69874382019043
1705128,24.654708862304688
1705304,10.054393768310547
1705680,21.380752563476562
1706048,1.7991632223129272
1706056,1.1966527700424194
1706064,0.9958158731460571
1706128,12.912555694580078
1706504,7.008368015289307
1707040,1.3974895477294922
1707216,1.3974895477294922
1707592,1.3974895477294922
1707960,1.1966527700424194
1707968,5.368200778961182
1707976,0.9958158731460571
1708040,1.3974895477294922
1708288,6.156716346740723
1708416,3.2050209045410156
1708952,0.9958158731460571
1709504,1.1966527700424194
1709872,12.384937286376953
1709880,1.3974895477294922
1709888,1.1966527700424194
1709952,22.00836753845215
1711416,25.941423416137695
1711784,2.0
1711792,27.196653366088867
1711800,6.799163341522217
1711864,27.510459899902344
1712104,24.926624298095703
1712112,15.798701286315918
1712672,20.84086036682129
1712888,22.992700576782227
1713200,2.439393997192383
1713328,1.7991632223129272
1713696,11.058577537536621
1713712,20.979080200195312
1713776,1.1966527700424194
1714016,18.29288673400879
1714024,1.3974895477294922
1714800,6.025104522705078
1715080,19.181285858154297
1715240,14.556485176086426
1715520,23.017240524291992
1715608,14.242677688598633
1715688,7.489539623260498
1715936,21.56903839111328
1716040,1.7230769395828247
1716712,21.489540100097656
1716888,19.04867172241211
1717520,22.74895477294922
1717600,1.3974895477294922
1717784,25.0
1717848,19.481170654296875
1717952,23.31380844116211
1718624,0.9958158731460571
1718800,24.87447738647461
1718880,21.745054244995117
1719432,1.598326325416565
1719512,3.0041840076446533
1720288,24.16666603088379
1720536,9.205020904541016
1720608,11.529745101928711
1721136,22.783687591552734
1721296,9.995359420776367
1721344,1.1966527700424194
1721424,0.9958158731460571
1721712,20.404254913330078
1722200,1.7991632223129272
1722448,1.1966527700424194
1722520,1.3974895477294922
1722880,16.880733489990234
1723208,1.1966527700424194
1723256,1.3974895477294922
1723336,15.665271759033203
1723624,1.3974895477294922
1724112,25.941423416137695
1724360,5.7740583419799805
1724432,1.598326325416565
1724792,15.188284873962402
1725168,1.3974895477294922
1725248,1.598326325416565
1725536,18.937238693237305
1726272,0.9958158731460571
1726344,1.401673674583435
1726704,15.117155075073242
1727080,2.0
1727160,1.7991632223129272
1727448,1.1966527700424194
1727600,12.013761520385742
1728184,17.28451919555664
1728256,15.669456481933594
1728464,23.310503005981445
1728616,13.87447738647461
1728992,22.531381607055664
1729072,26.317991256713867
1729512,1.598326325416565
1730096,1.598326325416565
1730168,1.1966527700424194
1730528,10.460250854492188
1730904,14.121338844299316
1730984,2.2008368968963623
1731048,19.8266658782959
1731424,25.31380844116211
1732008,2.0
1732080,18.866107940673828
1732440,9.405858039855957
1732816,16.527196884155273
1732896,5.615062713623047
1732960,19.26778221130371
1733336,21.12970733642578
1733824,22.17462730407715
1733920,16.527196884155273
1733992,18.347280502319336
1734352,26.255229949951172
1734728,29.497907638549805
1734808,23.221757888793945
1735248,27.30125617980957
1735736,5.870292663574219
1735832,18.661087036132812
1736264,25.627614974975586
1736504,25.338600158691406
1736640,23.01255226135254
1736720,14.087865829467773
1737120,23.93861961364746
1737632,5.859375
1737648,16.949790954589844
1738176,26.56903839111328
1738416,15.426777839660645
1738552,23.84937286376953
1739016,19.501062393188477
1739544,22.88702964782715
1739560,17.493722915649414
1739648,22.597484588623047
1740088,21.82845115661621
1740328,21.527196884155273
1740464,25.0
1740464,21.399572372436523
1740896,15.550898551940918
1740928,12.046025276184082
1741456,5.987447738647461
1741560,14.853556632995605
1742000,14.92887020111084
1742240,21.079498291015625
1742376,11.338912010192871
1742800,15.158119201660156
1742808,18.55230140686035
1743368,18.4393310546875
1743472,21.317991256713867
1743912,13.179916381835938
1744144,28.478260040283203
1744152,20.397489547729492
1744288,15.690376281738281
1744712,8.20920467376709
1744720,27.02928924560547
1745280,8.63179874420166
1745384,9.836819648742676
1745768,17.175573348999023
1746056,8.510459899902344
1746064,11.891213417053223
1746200,7.57740592956543
1746624,1.598326325416565
1747192,23.096233367919922
1747296,19.40585708618164
1747616,20.10367202758789
1747680,6.18410062789917
1747968,20.502092361450195
1747976,13.117155075073242
1748112,13.150628089904785
1748536,24.68619155883789
1749104,26.778242111206055
1749208,21.803346633911133
1749592,1.3974895477294922
1749880,13.28451919555664
1749888,1.3974895477294922
1750024,17.866107940673828
1750448,11.464435577392578
1751016,20.67363929748535
1751120,22.100418090820312
1751936,17.99163246154785
1752512,21.697711944580078
1752928,7.489539623260498
1753032,22.56485366821289
1753400,12.930672645568848
1753528,14.554824829101562
1753664,19.11440658569336
1754048,15.466666221618652
1754424,22.803346633911133
1754840,17.30962371826172
1754944,2.0
1755312,10.707113265991211
1755392,20.57939910888672
1755528,22.681514739990234
1755576,16.317991256713867
1755960,12.397489547729492
1756024,18.82962989807129
1756336,20.7112979888916
1757224,15.058577537536621
1757304,24.518829345703125
1757440,22.656904220581055
1757488,19.87447738647461
1757872,14.012552261352539
1757936,23.84937286376953
1758248,10.84518814086914
1758408,24.367713928222656
1758784,16.044776916503906
1759136,19.14225959777832
1759352,10.439330101013184
1759400,10.041840553283691
1759728,22.790178298950195
1760320,20.083681106567383
1760696,22.489540100097656
1761264,21.656904220581055
1761312,15.573222160339355
1761640,12.761506080627441
1761688,22.962265014648438
1762232,13.732217788696289
1762608,15.334728240966797
1762896,21.45957374572754
1763144,24.884931564331055
1763224,7.3891215324401855
1763600,19.979080200195312
1764296,7.7985076904296875
1764520,12.301255226135254
1764808,24.12970733642578
1765056,15.271966934204102
1765080,23.39622688293457
1765320,14.091304779052734
1765512,9.414225578308105
1765800,20.60538101196289
1766432,19.188283920288086
1766720,15.481171607971191
1766992,1.1966527700424194
1767232,14.19665241241455
1767424,16.945606231689453
1767712,25.627614974975586
1767864,13.746835708618164
1767936,21.30549430847168
1768344,24.351465225219727
1768632,10.602510452270508
1768792,23.186294555664062
1768904,25.73221778869629
1769336,23.01255226135254
1769552,14.629630088806152
1769624,2.80334734916687
1769776,14.460250854492188
1769848,13.594141960144043
1770256,14.07112979888916
1770544,16.945606231689453
1771248,13.682008743286133
1771464,14.941422462463379
1771536,13.179916381835938
1771688,1.3974895477294922
1771760,15.062761306762695
1772168,18.807531356811523
1772456,18.933053970336914
1772560,19.1295108795166
1773160,11.393305778503418
1773448,20.598325729370117
1773600,23.916318893432617
1773672,10.334728240966797
1774080,8.401673316955566
1774368,9.12552261352539
1775032,14.760518074035645
1775072,15.514644622802734
1775160,21.313852310180664
1775360,18.82845115661621
1775512,14.853556632995605
1775584,16.761507034301758
1775992,26.464435577392578
1776280,19.85355567932129
1776944,15.062761306762695
1777048,17.78645896911621
1777072,13.062761306762695
1777272,12.690376281738281
1777496,9.309623718261719
1777904,20.682008743286133
1778192,19.037656784057617
1778800,24.751073837280273
1778856,18.619247436523438
1778984,19.14225959777832
1779184,10.585774421691895
1779408,23.43096160888672
1780712,20.815898895263672
1780896,25.523012161254883
1781096,1.598326325416565
1781320,23.347280502319336
1781616,18.35747718811035
1781616,17.517240524291992
1781920,21.10344886779785
1781920,17.543046951293945
1782512,20.733041763305664
1782808,19.56485366821289
1783008,23.979080200195312
1783232,17.836820602416992
1783528,12.112970352172852
1783528,15.439330101013184
1783832,10.832635879516602
1783832,23.58995819091797
1784424,2.4016735553741455
1784720,19.121339797973633
1784792,18.71666717529297
1784920,12.661087989807129
1785144,14.334728240966797
1785440,9.627614974975586
1785440,1.3974895477294922
1785744,11.21338939666748
1786336,18.234310150146484
1786632,20.941423416137695
1786704,16.640167236328125
1786832,13.912134170532227
1787056,4.619246959686279
1787352,18.485355377197266
1787352,12.548116683959961
1787656,14.853556632995605
1787968,17.46478843688965
1788248,14.937238693237305
1788616,7.794979095458984
1788968,11.451883316040039
1789264,21.656904220581055
1789568,22.803346633911133
1789880,12.815899848937988
1790144,20.615034103393555
1790160,15.690376281738281
1790880,21.42259407043457
1791152,22.113683700561523
1791176,13.246861457824707
1791480,10.598326683044434
1791792,15.322175979614258
1792056,11.255229949951172
1792072,16.882844924926758
1792240,22.516555786132812
1792792,23.43096160888672
1793064,11.28033447265625
1793088,9.64853572845459
1793392,7.8535566329956055
1793704,20.209205627441406
1793968,9.146443367004395
1793984,13.937238693237305
1794152,5.786611080169678
1794704,30.648534774780273
1794976,16.192468643188477
1795000,5.9832634925842285
1795304,17.217573165893555
1795616,19.2887020111084
1795640,13.587499618530273
1795896,27.510459899902344
1796064,14.581589698791504
1796888,5.790794849395752
1797216,1.598326325416565
1797528,13.866108894348145
1797552,25.395090103149414
1797552,12.476987838745117
1797808,11.259414672851562
1797976,14.63179874420166
1798496,21.824893951416016
1798800,20.669456481933594
1799440,20.502092361450195
1799464,19.5606689453125
1799464,1.1966527700424194
1799720,9.430962562561035
1799888,10.079498291015625
1800408,20.31380844116211
1800712,21.87447738647461
1800864,20.0657901763916
1801352,25.41840934753418
1801376,11.849371910095215
1801376,25.941423416137695
1801632,17.88702964782715
1801800,10.037656784057617
1802320,13.28451919555664
1802624,23.26359748840332
1802776,6.598326206207275
1802968,16.30137062072754
1803264,6.719665050506592
1803288,19.037656784057617
1803288,24.15481185913086
1804232,11.673640251159668
1804536,14.669456481933594
1804688,8.230125427246094
1805176,21.757322311401367
1805200,15.682008743286133
1805200,22.86192512512207
1805256,22.461368560791016
1806144,4.012552261352539
1806448,27.824268341064453
1806600,21.506277084350586
1806768,18.233684539794922
1807088,11.062761306762695
1807112,15.271966934204102
1807112,21.966527938842773
1807168,18.01255226135254
1808360,21.753137588500977
1808512,16.096233367919922
1808680,11.062761306762695
1809000,17.73221778869629
1809024,17.899581909179688
1809024,20.69874382019043
1809080,25.774059295654297
1810240,24.09765625
1810272,17.364017486572266
1810424,14.799162864685059
1810592,25.15481185913086
1810912,19.769874572753906
1810936,13.12552261352539
1810936,20.29288673400879
1810992,10.686192512512207
1812152,23.317991256713867
1812184,20.6066951751709
1812336,12.121338844299316
1812504,22.217573165893555
1812824,6.569037437438965
1812848,6.217573165893555
1814064,10.0836820602417
1814248,13.912134170532227
1814416,12.238493919372559
1814632,17.91208839416504
1814664,25.927038192749023
1814736,16.11297035217285
1814760,20.933053970336914
1815928,19.149572372436523
1815976,6.004184246063232
1816328,10.882844924926758
1816544,21.12970733642578
1816648,9.518828392028809
1817840,14.016736030578613
1817888,19.246862411499023
1818008,20.0
1818232,15.542600631713867
1818240,21.54811668395996
1818456,21.12970733642578
1818552,20.9704647064209
1818560,15.86192512512207
1819144,17.891719818115234
1819752,26.221757888793945
1820152,15.062761306762695
1820368,5.619246959686279
1820464,1.598326325416565
1821664,11.71548080444336
1821808,21.938947677612305
1821856,25.348785400390625
1822064,15.682008743286133
1822280,17.104602813720703
1822280,19.539785385131836
1822376,27.510459899902344
1822808,25.504365921020508
1823576,28.033472061157227
1823720,24.740585327148438
1823768,26.778242111206055
1823976,17.460250854492188
1824192,13.682008743286133
1824192,24.644351959228516
1824288,8.995816230773926
1825488,20.7112979888916
1825632,26.56903839111328
1825680,13.451883316040039
1825888,25.627614974975586
1826104,11.443514823913574
1826104,14.22594165802002
1826200,12.970711708068848
1826416,17.52993392944336
1827400,27.71966552734375
1827544,21.046024322509766
1827592,10.426777839660645
1827800,9.205020904541016
1828016,6.949790954589844
1828016,25.0
1828112,13.179916381835938
1828272,12.84705924987793
1828328,21.652719497680664
1829312,14.313807487487793
1829456,17.7280330657959
1829712,12.677824020385742
1829928,11.619246482849121
1829928,23.535564422607422
1830024,17.28033447265625
1830184,23.535564422607422
1830240,27.510459899902344
1831224,14.062761306762695
1831368,20.502092361450195
1831624,14.251046180725098
1831840,7.686192512512207
1831840,31.29707145690918
1831936,19.87029266357422
1832096,20.502092361450195
1832152,21.740585327148438
1833280,9.025104522705078
1833416,7.299492359161377
1833536,19.238492965698242
1833752,8.995816230773926
1833848,18.26778221130371
1834008,5.615062713623047
1835328,15.757322311401367
1835448,10.037656784057617
1835664,14.748953819274902
1835760,20.075313568115234
1835912,20.399999618530273
1836912,24.709251403808594
1837240,17.184101104736328
1837360,20.29288673400879
1837576,26.046024322509766
1837584,19.63087272644043
1837672,15.263598442077637
1837824,14.979079246520996
1838552,24.54803466796875
1839152,22.489540100097656
1839272,17.694561004638672
1839496,17.364017486572266
1839584,22.87447738647461
1839736,22.937238693237305
1840128,13.746835708618164
1840376,25.808313369750977
1840464,7.765690326690674
1841064,8.451883316040039
1841200,21.799116134643555
1841496,12.64853572845459
1841648,19.075313568115234
1841696,14.354430198669434
1842040,19.778242111206055
1842288,16.694561004638672
1842376,16.527196884155273
1842624,19.964200973510742
1843112,17.68619155883789
1843408,19.514644622802734
1843560,12.330543518066406
1843608,20.397489547729492
1843952,19.744770050048828
1844200,25.73221778869629
1844288,12.673640251159668
1844536,25.627614974975586
1845024,11.443514823913574
1845320,6.3305439949035645
1845472,20.104602813720703
1845520,23.066946029663086
1846112,15.100418090820312
1846200,7.560669422149658
1846448,13.686192512512207
1847232,27.092050552368164
1847312,24.847618103027344
1847432,14.853556632995605
1848024,15.20920467376709
1848112,14.267782211303711
1848624,19.464445114135742
1849144,5.602510452270508
1849224,20.397489547729492
1849272,20.151578903198242
1849344,27.928871154785156
1849936,18.242677688598633
1850024,21.966527938842773
1850184,21.927194595336914
1850536,25.836820602416992
1850872,18.299999237060547
1851056,18.69874382019043
1851136,5.615062713623047
1851256,24.790794372558594
1851936,11.238493919372559
1852096,19.769874572753906
1852448,9.518828392028809
1852968,6.020920276641846
1853048,13.029288291931152
1853168,14.610878944396973
1853528,23.044544219970703
1853848,19.665271759033203
1854008,17.338912963867188
1854360,12.748953819274902
1854880,12.175732612609863
1854960,21.899581909179688
1855080,15.619246482849121
1855440,20.6066951751709
1855760,20.7112979888916
1855920,21.234310150146484
1856272,9.841004371643066
1856792,23.096233367919922
1856992,19.489540100097656
1857104,20.663461685180664
1857672,13.150628089904785
1857832,15.481171607971191
1858128,20.65711212158203
1858184,21.368200302124023
1858704,27.824268341064453
1858904,19.242677688598633
1859016,1.598326325416565
1859584,19.384937286376953
1859744,13.347280502319336
1860040,21.29707145690918
1860096,26.046024322509766
1860336,26.30208396911621
1860616,22.933053970336914
1860816,19.694561004638672
1860928,27.615062713623047
1861656,6.020920276641846
1861952,22.794979095458984
1862008,12.899581909179688
1862248,19.87447738647461
1862496,6.642857074737549
1862528,12.460250854492188
1862840,14.866108894348145
1862968,17.9939022064209
1863088,15.71689510345459
1863864,22.518829345703125
1863920,8.656904220581055
1864160,12.652719497680664
1864408,14.652719497680664
1864440,26.84518814086914
1864752,10.037656784057617
1864880,19.88702964782715
1865776,24.338912963867188
1866072,11.849371910095215
1866320,18.2719669342041
1866352,13.669456481933594
1866664,27.40585708618164
1866792,14.330543518066406
1867480,19.9290771484375
1867688,19.062761306762695
1867984,26.255229949951172
1868232,12.062761306762695
1868576,19.2719669342041
1868704,17.85355567932129
1868840,19.227642059326172
1869392,5.581590175628662
1869600,27.71966552734375
1870056,23.909299850463867
1870144,15.476987838745117
1870152,18.262195587158203
1870488,17.464435577392578
1870616,18.071128845214844
1871512,26.359832763671875
1871512,16.26984214782715
1871968,13.13807487487793
1872064,14.259414672851562
1872112,19.310344696044922
1873144,18.123666763305664
1873424,21.234310150146484
1873816,22.766883850097656
1873880,26.67363929748535
1873976,16.42259407043457
1874024,25.73221778869629
1875056,25.73221778869629
1875112,17.217777252197266
1875336,22.878660202026367
1875792,15.397489547729492
1875872,23.231353759765625
1875888,25.523012161254883
1875936,22.30962371826172
1876968,26.359832763671875
1877024,4.619246959686279
1877352,18.671945571899414
1877704,14.748953819274902
1877784,10.271966934204102
1877800,13.514644622802734
1877848,8.870292663574219
1878880,11.041840553283691
1878936,18.40585708618164
1879264,26.882844924926758
1879304,22.03296661376953
1879616,16.481170654296875
1879696,13.221756935119629
1879712,26.882844924926758
1880792,21.231672286987305
1880792,16.489540100097656
1880848,16.372385025024414
1881216,19.8326358795166
1881608,25.523012161254883
1881624,19.5606689453125
1882704,23.2887020111084
1882704,11.016736030578613
1882992,21.701717376708984
1883128,7.489539623260498
1883224,19.95121955871582
1883520,20.962343215942383
1883536,21.966527938842773
1884584,21.43254852294922
1884616,20.25104522705078
1884616,17.669456481933594
1885040,27.30125617980957
1885136,14.64853572845459
1885432,18.794979095458984
1885448,16.510459899902344
1886528,13.246861457824707
1886600,22.782705307006836
1886952,7.07112979888916
1887344,5.615062713623047
1887360,11.92887020111084
1888216,25.66079330444336
1888264,19.927631378173828
1888440,25.523012161254883
1888512,23.28033447265625
1888712,24.09395980834961
1888864,23.384937286376953
1889272,21.11297035217285
1890176,20.485355377197266
1890424,17.87447738647461
1890624,6.619246959686279
1891080,13.299785614013672
1891184,24.912134170532227
1891848,21.356828689575195
1892088,19.087865829467773
1892112,20.6862735748291
1892336,26.882844924926758
1892496,15.171806335449219
1892536,18.57740592956543
1892992,25.31380844116211
1894000,19.916318893432617
1894248,15.794979095458984
1894408,25.31380844116211
1894448,25.209205627441406
1894808,23.470199584960938
1894904,26.464435577392578
1895912,22.836820602416992
1895936,6.966824531555176
1896320,21.7112979888916
1896360,15.062761306762695
1896720,21.54811668395996
1896816,21.468618392944336
1896976,18.93291664123535
1897792,19.388059616088867
1897824,14.686192512512207
1897848,15.271966934204102
1898232,25.359832763671875
1898272,8.995816230773926
1898728,28.556486129760742
1898888,20.1673641204834
1899288,21.115942001342773
1899528,22.446008682250977
1899608,7.356828212738037
1899760,15.514644622802734
1900144,6.020920276641846
1900184,20.083681106567383
1900640,15.29707145690918
1901088,21.0
1901200,14.811715126037598
1901520,15.276150703430176
1901672,23.953975677490234
1901792,20.07713508605957
1902056,24.790794372558594
1902096,17.42677879333496
1902552,14.6443510055542
1903000,4.012552261352539
1903112,14.853556632995605
1903704,7.799163341522217
1903968,15.020920753479004
1904008,14.6443510055542
1904464,6.631799221038818
1904912,25.13807487487793
1904992,19.889400482177734
1905024,1.3974895477294922
1905288,23.431415557861328
1905880,17.882844924926758
1906160,20.25943374633789
1906824,10.188284873962402
1906904,13.263598442077637
1906936,14.853556632995605
1907792,5.213388919830322
1908560,22.887531280517578
1908736,12.853556632995605
1908816,25.41840934753418
1908848,8.439330101013184
1909280,24.734577178955078
1909704,17.631799697875977
1909848,21.336225509643555
1910472,11.757322311401367
1910648,6.598326206207275
1910728,18.025104522705078
1910760,6.020920276641846
1911072,23.0
1911616,17.937238693237305
1911760,26.15062713623047
1912384,22.69874382019043
1912560,23.912134170532227
1912640,19.979080200195312
1912672,18.669456481933594
1912824,19.101579666137695
1912984,18.619247436523438
1913528,5.8200836181640625
1913672,6.995815753936768
1914296,25.543933868408203
1914472,18.493722915649414
1914552,21.11297035217285
1915440,14.43514633178711
1915584,22.28033447265625
1915584,17.720497131347656
1916384,23.01255226135254
1916464,19.046024322509766
1916504,20.939130783081055
1917352,16.8326358795166
1917480,14.532445907592773
1917496,7.585773944854736
1917496,26.255229949951172
1918296,25.627614974975586
1918376,14.456067085266113
1918416,26.98744773864746
1918536,24.7867431640625
1919264,19.665271759033203
1919392,19.87447738647461
1919408,6.418409824371338
1919408,24.803346633911133
1920288,24.523012161254883
1920328,15.665271759033203
1920448,15.292886734008789
1920992,20.2020206451416
1921176,27.510459899902344
1921304,28.033472061157227
1921320,6.025104522705078
1921328,14.84000015258789
1922048,22.633262634277344
1922200,21.54811668395996
1922360,15.9163179397583
1922904,17.99581527709961
1923240,19.665271759033203
1923960,5.991631984710693
1924688,19.030733108520508
1924752,20.10738182067871
1924816,17.2887020111084
1925152,14.539749145507812
1925872,21.15481185913086
1925912,23.491378784179688
1926104,20.264957427978516
1926600,20.397489547729492
1926728,7.439330577850342
1926840,17.6710147857666
1927064,7.405857563018799
1927784,19.58159065246582
1927824,18.506277084350586
1928016,15.481171607971191
1928408,20.42669677734375
1928640,15.054393768310547
1928752,17.104602813720703
1928976,19.71548080444336
1929696,18.485355377197266
1929928,13.472803115844727
1930232,23.61673927307129
1930552,15.832635879516602
1930664,27.824268341064453
1930888,20.958158493041992
1931608,25.527196884155273
1931624,6.343283653259277
1932144,20.794979095458984
1932208,20.467369079589844
1932576,19.234310150146484
1933008,20.75308609008789
1933504,20.033557891845703
1933536,15.690376281738281
1934056,21.079498291015625
1934120,24.895397186279297
1934488,21.68619155883789
1934528,18.28131866455078
1934920,24.058576583862305
1935336,19.761802673339844
1935416,19.74895477294922
1935448,26.376569747924805
1935968,21.72385025024414
1936032,8.376568794250488
1936400,25.627614974975586
1936440,14.267782211303711
1936832,17.56903839111328
1937208,22.08035659790039
1937248,17.527196884155273
1937880,9.238493919372559
1937944,14.460250854492188
1938312,12.447698593139648
1938352,19.794979095458984
1938744,19.15481185913086
1939120,19.238492965698242
1939160,24.31380844116211
1939208,19.374467849731445
1939792,29.184101104736328
1939856,13.029288291931152
1940264,12.63598346710205
1940656,19.895397186279297
1941032,21.338912963867188
1941072,19.87447738647461
1941120,20.6066951751709
1941544,17.396039962768555
1941704,21.29707145690918
1941768,14.050209045410156
1942176,15.460250854492188
1942568,21.694561004638672
1942984,9.205020904541016
1943032,14.460250854492188
1943456,5.213388919830322
1943616,22.84518814086914
1943680,15.292886734008789
1944088,20.27614974975586
1944632,22.34666633605957
1944896,13.70292854309082
1945528,14.033473014831543
1945592,22.046024322509766
1945952,18.030303955078125
1946000,14.326359748840332
1946280,20.053878784179688
1946608,18.548097610473633
1946808,12.020920753479004
1947232,19.222457885742188
1947472,8.724832534790039
1947504,2.602510452270508
1948520,11.887029647827148
1948720,26.15062713623047
1949088,18.768539428710938
1949144,19.108787536621094
1949224,24.743276596069336
1949384,8.322175979614258
1949416,20.188283920288086
1950336,17.0256404876709
1950432,19.41840934753418
1950632,19.351465225219727
1951056,12.652719497680664
1951296,14.121338844299316
1951328,19.351465225219727
1951408,21.300296783447266
1952248,8.828452110290527
1952344,19.933053970336914
1952544,24.493722915649414
1952664,19.872093200683594
1952968,13.347280502319336
1953208,26.56903839111328
1953240,13.087865829467773
1953320,18.083681106567383
1954160,14.326359748840332
1954256,10.255229949951172
1954456,25.836820602416992
1954576,19.665271759033203
1954880,23.117155075073242
1955152,28.033472061157227
1955232,21.86192512512207
1955368,22.5222225189209
1955552,17.875911712646484
1956072,27.30125617980957
1956248,15.88505744934082
1956488,24.26778221130371
1956792,25.73221778869629
1957144,19.033472061157227
1957280,24.1673641204834
1957856,13.404444694519043
1957984,21.255229949951172
1958160,11.924686431884766
1958200,16.66666603088379
1958400,19.200836181640625
1958704,11.058577537536621
1958728,19.919462203979492
1959768,21.025104522705078
1959896,14.870292663574219
1960072,15.192468643188477
1960112,26.046024322509766
1960312,21.246862411499023
1960616,22.489540100097656
1960640,27.615062713623047
1960960,28.2608699798584
1961680,23.933053970336914
1961808,17.99163246154785
1961984,5.619246959686279
1962024,3.2050209045410156
1962224,21.769874572753906
1962528,16.945606231689453
1962552,11.046025276184082
1962872,8.188284873962402
1963056,22.0155029296875
1963592,27.928871154785156
1963896,6.154811859130859
1964136,27.30125617980957
1964440,23.527196884155273
1964464,11.430962562561035
1964768,13.746835708618164
1964784,13.389121055603027
1964968,22.175731658935547
1965328,27.329545974731445
1965504,20.539749145507812
1965808,26.778242111206055
1966224,16.93630599975586
1966376,25.104602813720703
1966696,5.589958190917969
1967416,20.188283920288086
1968216,22.17796516418457
1968288,24.895397186279297
1968552,23.03382682800293
1968608,8.28451919555664
1969136,22.216386795043945
1969328,22.803346633911133
1969792,24.502243041992188
1970200,27.30125617980957
1970464,25.669456481933594
1970520,25.69037628173828
1971264,25.586509704589844
1971704,26.255229949951172
1972376,16.99163246154785
1972432,25.941423416137695
1972944,24.264705657958984
1973112,18.126850128173828
1973176,15.690376281738281
1973376,22.736434936523438
1973616,19.246862411499023
1973984,24.75687026977539
1974288,12.460250854492188
1974344,26.15062713623047
1974856,15.841004371643066
1975024,17.242677688598633
1975088,20.502092361450195
1975288,25.062761306762695
1975528,26.56903839111328
1975896,5.615062713623047
1976200,15.020920753479004
1976768,20.502092361450195
1977000,9.405858039855957
1977200,20.815898895263672
1977440,18.481170654296875
1977808,25.941423416137695
1978112,14.606694221496582
1978680,16.556486129760742
1978912,26.15062713623047
1979112,21.54811668395996
1979352,17.100418090820312
1979720,27.30125617980957
1979744,24.370370864868164
1980024,27.40585708618164
1980584,21.202877044677734
1980592,17.815898895263672
1981024,18.456066131591797
1981632,17.753137588500977
1981656,26.98744773864746
1982504,26.464435577392578
1982936,23.43096160888672
1983544,12.238493919372559
1983568,26.15062713623047
1983584,21.164045333862305
1983952,26.38888931274414
1984416,27.510459899902344
1984848,26.98744773864746
1984976,28.876245498657227
1985496,22.15062713623047
1985864,24.85774040222168
1986144,25.179855346679688
1986328,15.77405834197998
1986760,25.6066951751709
1986888,27.510459899902344
1987320,27.383474349975586
1987408,28.242677688598633
1987776,14.615062713623047
1988672,16.066946029663086
1988800,25.836820602416992
1988808,20.45801544189453
1989232,27.196653366088867
1989688,26.255229949951172
1989888,19.991453170776367
1989992,21.812227249145508
1990584,22.803346633911133
1990712,14.330543518066406
1990720,25.104602813720703
1990920,19.66514778137207
1991600,23.221757888793945
1991800,21.757322311401367
1991904,23.221757888793945
1992496,24.372385025024414
1992624,25.41840934753418
1992632,19.037656784057617
1992800,18.278026580810547
1993512,8.682008743286133
1993712,24.26778221130371
1993816,12.217573165893555
1994408,26.464435577392578
1994488,26.221973419189453
1994536,19.351465225219727
1994712,27.928871154785156
1995424,24.895397186279297
1995728,15.878661155700684
1996320,28.242677688598633
1996400,26.56903839111328
1996448,13.251046180725098
1996624,24.372385025024414
1997368,21.94748306274414
1997640,19.041841506958008
1998232,24.476987838745117
1998312,22.175731658935547
1998360,19.066946029663086
1998536,27.510459899902344
1999192,25.42462921142578
1999280,26.56903839111328
1999976,24.91830062866211
2000144,15.004183769226074
2000224,11.987447738647461
2000272,27.71966552734375
2000448,22.200836181640625
2001104,20.188283920288086
2001192,23.535564422607422
2001304,21.19650650024414
2001888,20.209205627441406
2002056,7.3430962562561035
2002136,25.627614974975586
2002184,12.129707336425781
2002360,21.25104522705078
2003016,27.196653366088867
2003216,20.45188331604004
2003800,15.271966934204102
2004048,23.744770050048828
2004096,26.778242111206055
2004928,23.4393310546875
2004968,25.360170364379883
2005128,25.523012161254883
2005712,27.30125617980957
2005752,21.63852882385254
2005936,21.70917320251465
2005960,17.635982513427734
2006008,23.744770050048828
2006840,19.769874572753906
2006880,18.949790954589844
2007664,23.317991256713867
2007848,18.242677688598633
2007872,19.769874572753906
2007920,24.56485366821289
2008648,24.897727966308594
2008752,24.476987838745117
2008792,14.43514633178711
2009384,19.226579666137695
2009576,20.464435577392578
2009760,19.456066131591797
2009784,14.468619346618652
2010560,27.928871154785156
2011488,19.669456481933594
2011544,24.59381866455078
2012384,21.971364974975586
2012472,19.169565200805664
2012472,25.338912963867188
2013016,25.0
2013416,25.7658634185791
2013496,26.778017044067383
2014384,26.255229949951172
2014928,19.351465225219727
2015176,21.25162696838379
2015328,19.083681106567383
2015408,18.619247436523438
2015992,24.966739654541016
2016064,18.77728271484375
2016840,12.782426834106445
2016840,24.46525764465332
2017088,21.619247436523438
2017240,15.815899848937988
2017320,28.45188331604004
2017904,19.401674270629883
2017976,24.476987838745117
2017992,25.554323196411133
2018752,6.744770050048828
2018752,22.104602813720703
2019000,26.046024322509766
2019232,12.133891105651855
2019816,25.523012161254883
2019888,13.799162864685059
2020664,25.627614974975586
2020864,28.194259643554688
2020912,23.535564422607422
2021144,26.882844924926758
2021704,25.64655113220215
2021800,18.774059295654297
2022576,25.941423416137695
2022776,28.99581527709961
2023056,9.841004371643066
2023584,22.29966926574707
2023592,26.85381317138672
2024384,26.440092086791992
2024488,24.895397186279297
2024688,18.786611557006836
2025400,22.14285659790039
2025496,6.405857563018799
2025504,19.619871139526367
2025504,16.502092361450195
2026296,14.476987838745117
2026400,25.836820602416992
2026600,21.610877990722656
2027312,15.029288291931152
2027416,19.769874572753906
2027416,25.627614974975586
2028208,20.6066951751709
2028312,24.85355567932129
2028512,10.711297035217285
2028656,24.928571701049805
2029224,11.690376281738281
2029232,26.713062286376953
2029328,23.28033447265625
2029328,27.71966552734375
2030120,13.179916381835938
2031136,24.895397186279297
2031144,27.092050552368164
2031240,16.234310150146484
2031240,26.359832763671875
2031648,19.268585205078125
2032032,22.489540100097656
2032280,21.772823333740234
2033056,26.56903839111328
2033152,18.305438995361328
2033560,23.640167236328125
2033944,7.962343215942383
2034064,22.22633171081543
2034744,21.496673583984375
2034968,27.30125617980957
2035040,26.789474487304688
2035064,24.163179397583008
2035472,26.778242111206055
2036056,27.133474349975586
2036656,26.046024322509766
2036952,19.539749145507812
2036976,8.995816230773926
2037384,22.59414291381836
2037408,26.154733657836914
2037768,18.034557342529297
2037968,27.196653366088867
2038568,20.945606231689453
2038712,20.58333396911621
2038864,7.803347110748291
2038888,27.196653366088867
2039296,25.523012161254883
2039320,19.979080200195312
2039680,26.882844924926758
2039880,15.313807487487793
2040480,20.598325729370117
2040776,17.531381607055664
2040800,24.70711326599121
2040912,22.023256301879883
2041208,14.259414672851562
2041232,18.42677879333496
2041592,20.585773468017578
2042384,18.782608032226562
2042392,26.046024322509766
2042688,19.979080200195312
2042712,24.68619155883789
2043120,14.016736030578613
2043144,16.99163246154785
2043504,14.430962562561035
2044296,25.69037628173828
2044336,21.173542022705078
2044600,20.920501708984375
2044624,21.878660202026367
2044840,11.652694702148438
2045056,24.26778221130371
2045816,23.85747718811035
2046512,17.87447738647461
2046536,12.64853572845459
2046752,18.42259407043457
2046968,10.42259407043457
2047728,12.008368492126465
2047968,21.986928939819336
2048040,23.90243911743164
2048424,26.778242111206055
2048448,9.84518814086914
2048880,19.037656784057617
2049680,25.462574005126953
2049880,17.364017486572266
2049952,21.58995819091797
2050336,22.481170654296875
2050360,12.389121055603027
2050360,24.62084197998047
2051520,23.42616081237793
2051592,23.744770050048828
2051792,20.083681106567383
2052168,5.712895393371582
2052248,22.02928924560547
2052272,19.769874572753906
2053432,14.748953819274902
2053488,25.056560516357422
2053504,20.71966552734375
2053704,22.69874382019043
2054080,25.209205627441406
2054160,19.790794372558594
2054184,11.828452110290527
2055344,20.41840934753418
2055872,24.844701766967773
2055992,1.3974895477294922
2056096,17.6066951751709
2057184,11.969565391540527
2057200,25.26939582824707
2057256,23.305438995361328
2057416,26.35344886779785
2057576,23.103044509887695
2058008,23.937238693237305
2059096,27.092050552368164
2059112,15.589958190917969
2059168,13.13807487487793
2059328,24.895397186279297
2059488,17.656904220581055
2059504,16.719818115234375
2059920,26.15062713623047
2060680,18.621301651000977
2061008,13.887029647827148
2061024,16.213388442993164
2061080,20.062761306762695
2061400,14.460250854492188
2061416,27.824268341064453
2061832,15.899581909179688
2062912,25.085227966308594
2062936,25.104602813720703
2062992,16.85774040222168
2063312,31.799163818359375
2063328,25.627614974975586
2063744,25.184101104736328
2064480,26.555299758911133
2064824,13.933053970336914
2064848,21.025104522705078
2065224,23.221757888793945
2065240,28.556486129760742
2065976,23.912385940551758
2066392,15.949790954589844
2066504,21.462413787841797
2067136,24.476987838745117
2067152,15.062761306762695
2067888,18.200836181640625
2068304,21.71548080444336
2068416,10.271966934204102
2068520,27.056276321411133
2069064,24.58159065246582
2069296,23.638328552246094
2069800,21.338912963867188
2070216,9.393305778503418
2070264,25.295421600341797
2070328,18.619247436523438
2070656,23.686363220214844
2071208,22.55230140686035
2071712,18.27614974975586
2072088,26.849775314331055
2072128,17.30125617980957
2072176,13.497907638549805
2072240,23.380752563476562
2072568,18.4393310546875
2072632,23.632286071777344
2073120,20.322175979614258
2073624,20.920501708984375
2074000,16.41004180908203
2074088,10.012552261352539
2074152,8.456067085266113
2074480,26.255229949951172
2074544,20.1673641204834
2075536,15.594141960144043
2075888,17.727659225463867
2075912,10.263598442077637
2076000,21.209205627441406
2076392,20.083681106567383
2076456,19.351465225219727
2076680,23.719100952148438
2077448,20.815898895263672
2077800,19.979080200195312
2077808,13.846827507019043
2077824,25.0
2078368,17.071128845214844
2078592,24.68619155883789
2079360,22.29707145690918
2079720,18.401674270629883
2079736,25.104602813720703
2080280,20.188283920288086
2080504,12.359832763671875
2081272,21.86192512512207
2081392,25.345211029052734
2081600,24.5
2081632,16.096233367919922
2081648,28.45188331604004
2081656,23.898176193237305
2082416,11.652719497680664
2083184,17.68619155883789
2083512,19.246862411499023
2083544,23.26359748840332
2083560,26.58159065246582
2083568,25.41840934753418
2084328,17.677824020385742
2085096,14.234309196472168
2085424,23.32636070251465
2085456,13.472803115844727
2085480,12.230125427246094
2086656,24.772035598754883
2087272,25.431034088134766
2087336,18.635982513427734
2087368,19.2887020111084
2087392,25.753137588500977
2088568,24.895397186279297
2088776,15.42391300201416
2088824,26.315542221069336
2089184,20.29288673400879
2089280,20.669456481933594
2089304,19.037656784057617
2089712,24.591381072998047
2090480,25.627614974975586
2091096,22.489540100097656
2091128,24.26160430908203
2091192,17.57322120666504
2091216,21.54811668395996
2091624,24.087865829467773
2092392,18.543933868408203
2092504,24.5108699798584
2092560,22.720930099487305
2093008,24.790794372558594
2093040,13.912134170532227
2093128,24.476987838745117
2094304,19.769874572753906
2094416,13.78661060333252
2094472,24.343095779418945
2094920,22.72385025024414
2095040,16.74895477294922
2095336,23.060344696044922
2096136,21.05986976623535
2096216,23.786611557006836
2096384,12.866108894348145
2096832,26.464435577392578
2096840,25.578947067260742
2096952,23.84937286376953
2097792,12.681159019470215
2098008,25.63474464416504
2098128,26.046024322509766
2098296,27.196653366088867
2098328,23.534759521484375
2098864,18.209205627441406
2099704,20.656904220581055
2099920,21.42259407043457
2100040,14.20920467376709
2100208,18.912134170532227
2100240,20.71548080444336
2100344,18.997716903686523
2100520,26.5184383392334
2100776,25.31380844116211
2101952,23.43096160888672
2102120,27.092050552368164
2102152,20.497907638549805
2102688,16.539749145507812
2102888,23.5013484954834
2103024,6.343283653259277
2103384,19.89130401611328
2103912,22.578475952148438
2104008,21.424312591552734
2104032,25.627614974975586
2104064,26.046024322509766
2104600,21.12970733642578
2104800,22.59414291381836
2104936,27.928871154785156
2105296,19.87447738647461
2105824,10.22594165802002
2105944,23.514644622802734
2106512,26.062761306762695
2106712,24.895397186279297
2106848,20.092050552368164
2107208,4.811715602874756
2107560,18.704954147338867
2107600,25.791854858398438
2107736,11.401673316955566
2108424,13.012552261352539
2108760,22.73640251159668
2109120,25.209205627441406
2109544,21.317777633666992
2109648,20.188283920288086
2110184,15.97744369506836
2110312,19.266666412353516
2110336,24.15899658203125
2111136,22.68099594116211
2111152,22.732738494873047
2111456,1.3974895477294922
2111560,21.510459899902344
2112200,20.620929718017578
2112216,21.437036514282227
2112224,16.104602813720703
2112248,21.54811668395996
2113040,14.1010103225708
2113472,13.033473014831543
2114128,11.552301406860352
2114136,22.397489547729492
2114720,12.071748733520508
2114952,13.384937286376953
2115384,15.28451919555664
2115704,19.786802291870117
2115824,21.64964485168457
2116000,24.263158798217773
2116048,10.188284873962402
2116864,16.087865829467773
2116976,23.213043212890625
2116976,14.426229476928711
2117296,22.071128845214844
2117616,24.68619155883789
2117736,19.456066131591797
2117928,14.354430198669434
2117960,14.255229949951172
2118432,19.935344696044922
2118776,16.527196884155273
2118888,10.259414672851562
2118888,12.656904220581055
2119648,7.037656784057617
2119840,20.945606231689453
2119872,24.68619155883789
2120344,23.104602813720703
2120800,39.74895477294922
2121328,23.11422348022461
2121752,31.29707145690918
2121784,11.418410301208496
2121976,18.393781661987305
2122256,17.472803115844727
2122448,24.88017463684082
2122712,14.305438995361328
2123112,19.99076271057129
2123664,17.878660202026367
2123696,25.523012161254883
2123888,16.69037628173828
2124360,19.41840934753418
2124624,24.058576583862305
2124672,17.942583084106445
2125576,17.82845115661621
2125608,16.489540100097656
2125632,19.064220428466797
2126032,22.19279670715332
2126272,19.317991256713867
2126536,14.20920467376709
2126584,9.63179874420166
2126664,20.641891479492188
2127488,19.769874572753906
2127520,11.12552261352539
2127544,25.0
2127944,23.502092361450195
2128184,24.26778221130371
2128448,12.9163179397583
2128496,21.234310150146484
2128576,1.598326325416565
2129400,26.778242111206055
2129432,18.966527938842773
2129456,11.84518814086914
2129856,7.364016532897949
2130096,15.062761306762695
2130360,21.234310150146484
2130408,6.209205150604248
2130488,10.849371910095215
2131312,17.866107940673828
2131368,13.853556632995605
2131768,15.271966934204102
2132008,12.878661155700684
2132264,18.590394973754883
2132320,12.292886734008789
2133224,17.815898895263672
2133920,12.460250854492188
2134008,22.08333396911621
2134096,22.67184066772461
2134176,22.384937286376953
2134232,5.991631984710693
2135104,22.16274070739746
2135136,21.31380844116211
2135384,16.814159393310547
2135832,19.456066131591797
2135920,21.740585327148438
2136008,6.995815753936768
2136088,17.40585708618164
2136144,18.98326301574707
2136568,16.100000381469727
2137016,17.88702964782715
2137048,22.70292854309082
2137296,5.8200836181640625
2137832,14.489540100097656
2138000,12.602510452270508
2138480,6.020920276641846
2138928,12.598326683044434
2138960,18.744770050048828
2139208,12.092050552368164
2139616,23.202959060668945
2139744,20.920501708984375
2139872,19.21030044555664
2139912,19.58159065246582
2140152,15.812080383300781
2140840,25.0
2141120,16.062761306762695
2141288,18.703350067138672
2141352,22.15877342224121
2141656,9.539749145507812
2141784,10.033473014831543
2141824,17.28033447265625
2142752,14.305438995361328
2143032,16.97071075439453
2143264,6.42259407043457
2143408,7.31941032409668
2143736,24.100418090820312
2144648,22.5
2144944,4.987447738647461
2145176,19.322175979614258
2145256,19.482221603393555
2145296,16.74715232849121
2145648,26.98744773864746
2146352,22.893333435058594
2146560,19.456066131591797
2147088,23.117155075073242
2147208,18.899581909179688
2147560,14.853556632995605
2147936,20.141342163085938
2148448,20.94748878479004
2148472,14.807531356811523
2148864,19.70953369140625
2149000,22.69874382019043
2149120,10.117155075073242
2149848,20.29288673400879
2150128,17.45339012145996
2150360,15.167364120483398
2150384,3.8075313568115234
2150776,8.891213417053223
2150912,25.0
2151032,12.050209045410156
2151760,1.7991632223129272
2151784,23.920454025268555
2152040,25.31380844116211
2152272,21.916318893432617
2152296,26.98744773864746
2152688,14.087865829467773
2152824,19.14225959777832
2152944,23.88702964782715
2153672,19.054393768310547
2153696,19.979080200195312
2154184,25.941423416137695
2154456,18.009050369262695
2154736,21.58995819091797
2154856,25.958158493041992
2155536,18.18077850341797
2155584,27.092050552368164
2155608,19.539749145507812
2156056,23.56382942199707
2156096,19.2719669342041
2156648,12.970711708068848
2157120,19.52083396911621
2157448,28.347280502319336
2157520,12.292886734008789
2157968,19.456066131591797
2158008,9.029288291931152
2158184,21.68025779724121
2158280,19.114486694335938
2159032,18.11297035217285
2159360,19.665271759033203
2159432,21.86192512512207
2159880,7.740585803985596
2159920,18.682008743286133
2160096,25.523012161254883
2160192,17.489540100097656
2160304,21.938730239868164
2160944,11.815899848937988
2161272,4.372385025024414
2161344,19.096233367919922
2161792,8.836819648742676
2162008,15.447698593139648
2162104,14.535564422607422
2162216,12.86192512512207
2162856,20.7112979888916
2163184,14.121338844299316
2163256,18.933053970336914
2163920,18.514644622802734
2164016,29.602510452270508
2164768,16.882844924926758
2164984,12.130326271057129
2165024,23.289968490600586
2165096,12.087865829467773
2165168,21.12970733642578
2165832,26.359832763671875
2165880,27.183406829833984
2165928,25.836820602416992
2166760,20.1843318939209
2167008,25.836820602416992
2167080,22.543933868408203
2167720,19.196428298950195
2167744,14.979079246520996
2167792,14.242677688598633
2168568,23.157894134521484
2168672,24.26778221130371
2168712,26.126609802246094
2168920,14.016736030578613
2168992,13.70292854309082
2169632,21.493722915649414
2169656,22.071128845214844
2170584,11.129707336425781
2170832,28.347280502319336
2170904,15.405858039855957
2171544,25.336021423339844
2171544,16.12552261352539
2172232,20.222726821899414
2172816,20.29288673400879
2172920,23.361934661865234
2173352,23.785715103149414
2174144,17.12970733642578
2174432,22.073333740234375
2175056,19.722095489501953
2175264,19.769874572753906
2175272,20.521459579467773
2175952,21.55439567565918
2176056,27.092050552368164
2176344,20.510459899902344
2176408,25.169265747070312
2176480,23.692134857177734
2176968,16.489540100097656
2177176,20.41840934753418
2177184,22.175731658935547
2177864,11.807531356811523
2178080,18.05500030517578
2178736,19.28205108642578
2179096,20.188283920288086
2179776,21.025104522705078
2179888,22.55172348022461
2179992,15.531380653381348
2181008,25.5606689453125
2181376,20.210525512695312
2181688,17.652719497680664
2181744,23.404254913330078
2181800,15.414225578308105
2181904,19.330543518066406
2182048,18.97756004333496
2182416,23.751834869384766
2182920,14.263598442077637
2183288,28.87029266357422
2183656,20.188283920288086
2183712,24.790794372558594
2183816,20.502092361450195
2183960,18.476987838745117
2184328,24.163179397583008
2184688,22.97599983215332
2184832,19.937238693237305
2185200,12.71966552734375
2185624,26.15062713623047
2185872,24.26778221130371
2186240,25.523012161254883
2186600,21.338912963867188
2187176,25.909090042114258
2187408,21.817371368408203
2187536,7.42259407043457
2187784,27.71966552734375
2188312,23.33103370666504
2188512,25.627614974975586
2189088,26.98744773864746
2189448,27.40585708618164
2189696,25.73221778869629
2190008,23.991506576538086
2190224,24.43514633178711
2190384,22.740739822387695
2190424,32.112972259521484
2190904,26.258581161499023
2191360,12.80334758758545
2191608,12.945606231689453
2191920,13.70292854309082
2192136,15.732217788696289
2192296,20.188283920288086
2192336,20.815898895263672
2192656,25.186098098754883
2192816,23.00836753845215
2193272,25.209205627441406
2193304,23.160377502441406
2193832,18.15899658203125
2194048,26.778242111206055
2194208,22.790794372558594
2194248,27.40585708618164
2194568,12.451883316040039
2194728,22.803346633911133
2195080,21.674419403076172
2195184,18.907949447631836
2195216,21.338912963867188
2195744,20.920501708984375
2196160,16.443513870239258
