step,value
96,180.0
256,180.0
272,180.0
384,180.0
464,180.0
608,180.0
800,180.0
912,180.0
1072,180.0
1120,180.0
1168,180.0
1264,180.0
1312,180.0
1376,180.0
1680,180.0
1728,180.0
2288,180.0
2336,180.0
2352,180.0
2432,180.0
2512,180.0
2752,180.0
2816,180.0
3024,180.0
3248,180.0
3424,180.0
3520,180.0
3648,180.0
3840,180.0
4048,180.0
4128,180.0
4176,180.0
4896,180.0
5200,180.0
5248,180.0
5424,180.0
5456,180.0
5664,180.0
6032,180.0
6064,180.0
6496,180.0
6736,180.0
6800,180.0
6880,180.0
6992,180.0
7216,180.0
7312,180.0
7456,180.0
7776,180.0
7952,180.0
8368,180.0
8432,180.0
8496,180.0
8624,180.0
8976,180.0
9040,180.0
9456,180.0
9552,180.0
9712,180.0
9744,180.0
9856,180.0
10144,180.0
10304,180.0
10416,180.0
10448,180.0
10464,180.0
10640,180.0
10672,180.0
10704,180.0
11072,180.0
11328,180.0
11360,180.0
11776,180.0
12048,180.0
12128,180.0
12160,180.0
12256,180.0
12384,180.0
12512,180.0
12576,180.0
12704,180.0
13088,180.0
13232,180.0
13280,180.0
13440,180.0
13504,180.0
13568,180.0
13600,180.0
13632,180.0
13680,180.0
13888,180.0
14016,180.0
14048,180.0
14160,180.0
14416,180.0
14640,180.0
14752,180.0
14832,180.0
15328,180.0
15744,180.0
16000,180.0
16432,180.0
16560,180.0
16656,180.0
16928,180.0
17008,180.0
17120,180.0
17296,180.0
17408,180.0
17488,180.0
17632,180.0
18080,180.0
18496,180.0
18864,180.0
19136,180.0
19504,180.0
19568,180.0
19808,180.0
20288,180.0
20672,180.0
20864,180.0
21248,180.0
21376,180.0
21424,180.0
21664,180.0
21728,180.0
22272,180.0
22416,180.0
22576,180.0
22608,180.0
22752,180.0
23008,180.0
23040,180.0
23616,180.0
23744,180.0
23776,180.0
24000,180.0
24240,180.0
24336,180.0
24960,180.0
25248,180.0
25280,180.0
25776,180.0
26016,180.0
26064,180.0
26160,180.0
26176,180.0
26224,180.0
26496,180.0
26704,180.0
26960,180.0
27056,180.0
27168,180.0
27280,180.0
27840,180.0
28336,180.0
28464,180.0
28624,180.0
29280,180.0
29376,180.0
29520,180.0
29760,180.0
29840,180.0
29888,180.0
30128,180.0
30432,180.0
30496,180.0
30688,180.0
30784,180.0
30832,180.0
30864,180.0
31792,180.0
31984,180.0
32480,180.0
32512,180.0
32592,180.0
32640,180.0
32768,180.0
32976,180.0
33040,180.0
33456,180.0
33888,180.0
33936,180.0
33984,180.0
34464,180.0
34720,180.0
35808,180.0
35904,180.0
35968,180.0
36416,180.0
37024,180.0
37344,180.0
37376,180.0
37520,180.0
38224,180.0
38256,180.0
38432,180.0
38480,180.0
38800,180.0
38816,180.0
39184,180.0
39216,180.0
39360,180.0
39488,180.0
39616,180.0
40048,180.0
40240,180.0
40272,180.0
40480,180.0
40544,180.0
40768,180.0
41232,180.0
41376,180.0
41424,180.0
41632,180.0
41664,180.0
41824,180.0
42016,180.0
42064,180.0
42096,180.0
43136,180.0
43216,180.0
43264,180.0
43488,180.0
44016,180.0
44112,180.0
44224,180.0
44816,180.0
44832,180.0
45008,180.0
45024,180.0
45568,180.0
45584,180.0
45648,180.0
45760,180.0
45776,180.0
45808,180.0
45984,180.0
46176,180.0
46592,180.0
46784,180.0
46960,180.0
47616,180.0
47872,180.0
47888,180.0
47936,180.0
48096,180.0
48112,180.0
48144,180.0
48592,180.0
48640,180.0
48736,180.0
48928,180.0
48976,180.0
49648,180.0
50048,180.0
50176,180.0
50320,180.0
50576,180.0
50672,180.0
50912,180.0
51008,180.0
51248,180.0
51264,180.0
51600,180.0
51664,180.0
51984,180.0
52000,180.0
52768,180.0
52944,180.0
53264,180.0
53360,180.0
53488,180.0
53504,180.0
53520,180.0
53680,180.0
53904,180.0
53936,180.0
54064,180.0
54112,180.0
54384,180.0
54496,180.0
54688,180.0
54976,180.0
55104,180.0
55360,180.0
55424,180.0
55520,180.0
55648,180.0
55760,180.0
55856,180.0
56160,180.0
56240,180.0
56512,180.0
56544,180.0
56640,180.0
56656,180.0
56704,180.0
57008,180.0
57216,180.0
57392,180.0
57568,180.0
57616,180.0
57664,180.0
58128,180.0
58144,180.0
58240,180.0
58272,180.0
58336,180.0
58368,180.0
58624,180.0
58848,180.0
59120,180.0
59168,180.0
59216,180.0
59264,180.0
59312,180.0
59392,180.0
59456,180.0
59520,180.0
59552,180.0
59568,180.0
59584,180.0
59840,180.0
59952,180.0
60480,180.0
60544,180.0
60640,180.0
60720,180.0
60960,180.0
61008,180.0
61088,180.0
61648,180.0
61712,180.0
61792,180.0
61968,180.0
62752,180.0
62784,180.0
62880,180.0
62896,180.0
62912,180.0
62976,180.0
63136,180.0
63696,180.0
63840,180.0
63968,180.0
64496,180.0
64800,180.0
64848,180.0
64944,180.0
64976,180.0
65280,180.0
65392,180.0
65520,180.0
65824,180.0
66208,180.0
66464,180.0
66784,180.0
66880,180.0
66992,180.0
67008,180.0
67296,180.0
67312,180.0
67456,180.0
67728,180.0
67792,180.0
67872,180.0
68000,180.0
68048,180.0
68128,180.0
68272,180.0
68528,180.0
69072,180.0
69088,180.0
69248,180.0
69856,180.0
69872,180.0
69888,180.0
70032,180.0
70048,180.0
70288,180.0
70464,180.0
70480,180.0
70976,180.0
71248,180.0
71424,180.0
71600,180.0
71680,180.0
71856,180.0
72032,180.0
72272,180.0
72448,180.0
72480,180.0
72512,180.0
72608,180.0
72672,180.0
72800,180.0
73200,180.0
73216,180.0
73328,180.0
73360,180.0
73792,180.0
73888,180.0
73936,180.0
73968,180.0
74208,180.0
74416,180.0
75264,180.0
75280,180.0
75696,180.0
75856,180.0
75920,180.0
76016,180.0
76304,180.0
76320,180.0
76368,180.0
76464,180.0
76544,180.0
76992,180.0
77200,180.0
77328,180.0
77632,180.0
77680,180.0
78208,180.0
78288,180.0
78320,180.0
78480,180.0
78576,180.0
78592,180.0
78672,180.0
78752,180.0
78832,180.0
79056,180.0
79360,180.0
79696,180.0
79920,180.0
80048,180.0
80240,180.0
80736,180.0
80800,180.0
80912,180.0
81136,180.0
81360,180.0
81440,180.0
81712,180.0
82176,180.0
82272,180.0
82560,180.0
82704,180.0
82816,180.0
82864,180.0
83184,180.0
83376,180.0
83920,180.0
83952,180.0
84336,180.0
84384,180.0
84496,180.0
84768,180.0
84944,180.0
85008,180.0
85120,180.0
85424,180.0
85600,180.0
85648,180.0
85792,180.0
86016,180.0
86048,180.0
86272,180.0
87024,180.0
87056,180.0
87104,180.0
87216,180.0
87408,180.0
87920,180.0
88336,180.0
88368,180.0
88400,180.0
88576,180.0
88640,180.0
88800,180.0
89024,180.0
89056,180.0
89152,180.0
89632,180.0
89792,180.0
90112,180.0
90128,180.0
90272,180.0
90352,180.0
90416,180.0
90592,180.0
90640,180.0
90896,180.0
90912,180.0
91296,180.0
91440,180.0
91856,180.0
92080,180.0
92512,180.0
92608,180.0
92624,180.0
92688,180.0
92800,180.0
92816,180.0
93024,180.0
93088,180.0
93136,180.0
93312,180.0
93344,180.0
93680,180.0
93776,180.0
93872,180.0
93936,180.0
94096,180.0
94208,180.0
94288,180.0
94544,180.0
94608,180.0
94816,180.0
94848,180.0
94944,180.0
94976,180.0
95008,180.0
95200,180.0
95440,180.0
95552,180.0
95584,180.0
95696,180.0
95856,180.0
95872,180.0
95936,180.0
96064,180.0
96304,180.0
96752,180.0
96864,180.0
96912,180.0
96944,180.0
96976,180.0
97008,180.0
97328,180.0
97456,180.0
97504,180.0
97584,180.0
97680,180.0
97952,180.0
97968,180.0
98192,180.0
98224,180.0
98272,180.0
98432,180.0
99168,180.0
99360,180.0
99424,180.0
99456,180.0
99856,180.0
100016,180.0
100144,180.0
100336,180.0
100720,180.0
100832,180.0
100944,180.0
101344,180.0
101360,180.0
101696,180.0
102032,180.0
102320,180.0
102368,180.0
102544,180.0
102560,180.0
102576,180.0
102784,180.0
103056,180.0
103296,180.0
103504,180.0
104048,180.0
104080,180.0
104208,180.0
104320,180.0
104368,180.0
104608,180.0
104656,180.0
104784,180.0
105408,180.0
105456,180.0
105552,180.0
105616,180.0
105664,180.0
105760,180.0
106048,180.0
106224,180.0
107360,180.0
107408,180.0
107440,180.0
107472,180.0
107488,180.0
107568,180.0
107712,180.0
107808,180.0
108624,180.0
109024,180.0
109280,180.0
109520,180.0
109536,180.0
109584,180.0
110016,180.0
110352,180.0
110416,180.0
110576,180.0
111088,180.0
111424,180.0
111744,180.0
112224,180.0
112480,180.0
112592,180.0
112864,180.0
113120,180.0
113312,180.0
113392,180.0
113648,180.0
113888,180.0
114000,180.0
114320,180.0
114544,180.0
114704,180.0
114880,180.0
114912,180.0
115424,180.0
115536,180.0
115808,180.0
115920,180.0
116048,180.0
116064,180.0
116080,180.0
116160,180.0
116576,180.0
117056,180.0
117552,180.0
117600,180.0
117632,180.0
117888,180.0
118000,180.0
118064,180.0
118416,180.0
118432,180.0
118464,180.0
119024,180.0
119040,180.0
119056,180.0
119264,180.0
119312,180.0
119568,180.0
119600,180.0
120208,180.0
120304,180.0
120432,180.0
120464,180.0
120528,180.0
120656,180.0
120768,180.0
121024,180.0
121072,180.0
121328,180.0
121712,180.0
121840,180.0
121920,180.0
122800,180.0
122816,180.0
123056,180.0
123488,180.0
123552,180.0
123632,180.0
123856,180.0
124000,180.0
124128,180.0
124144,180.0
124256,180.0
124560,180.0
124608,180.0
124800,180.0
125744,180.0
125776,180.0
125808,180.0
126128,180.0
126144,180.0
126304,180.0
126832,180.0
126928,180.0
127152,180.0
127328,180.0
127792,180.0
127856,180.0
127968,180.0
128048,180.0
128144,180.0
128240,180.0
128576,180.0
129056,180.0
129248,180.0
129264,180.0
129408,180.0
129664,180.0
129744,180.0
129760,180.0
130048,180.0
130224,180.0
130576,180.0
131024,180.0
131152,180.0
131472,180.0
131488,180.0
131776,180.0
132080,180.0
132256,180.0
132384,180.0
132448,180.0
132496,180.0
132608,180.0
132752,180.0
132768,180.0
133232,180.0
133472,180.0
133616,180.0
133824,180.0
134208,180.0
134240,180.0
134480,180.0
134576,180.0
134592,180.0
134832,180.0
134848,180.0
134912,180.0
134928,180.0
134960,180.0
135936,180.0
136128,180.0
136704,180.0
136784,180.0
136848,180.0
137184,180.0
137472,180.0
137792,180.0
137840,180.0
137952,180.0
138000,180.0
138176,180.0
138352,180.0
138656,180.0
139056,180.0
139120,180.0
139328,180.0
140080,180.0
140224,180.0
140416,180.0
140496,180.0
140512,180.0
140576,180.0
141104,180.0
141184,180.0
141264,180.0
141376,180.0
141600,180.0
141728,180.0
141808,180.0
142160,180.0
142432,180.0
142640,180.0
142704,180.0
142960,180.0
143024,180.0
143248,180.0
143728,180.0
144048,180.0
144416,180.0
144544,180.0
144976,180.0
145360,180.0
145456,180.0
145552,180.0
145920,180.0
146336,180.0
146544,180.0
146672,180.0
146832,180.0
146992,180.0
147008,180.0
147440,180.0
147568,180.0
147600,180.0
147904,180.0
147952,180.0
148288,180.0
148320,180.0
148720,180.0
149040,180.0
149280,180.0
149392,180.0
149440,180.0
150640,180.0
150864,180.0
151120,180.0
151136,180.0
152016,180.0
152048,180.0
152240,180.0
152320,180.0
152384,180.0
152432,180.0
152800,180.0
152864,180.0
152912,180.0
153024,180.0
153184,180.0
153360,180.0
153456,180.0
153856,180.0
153920,180.0
154288,180.0
154384,180.0
154432,180.0
154896,180.0
154928,180.0
155184,180.0
155360,180.0
155424,180.0
155712,180.0
156288,180.0
156368,180.0
156736,180.0
156976,180.0
156992,180.0
157232,180.0
157264,180.0
157296,180.0
157312,180.0
157328,180.0
157696,180.0
157744,180.0
158064,180.0
158304,180.0
158352,180.0
158432,180.0
158912,180.0
158944,180.0
159120,180.0
159360,180.0
159376,180.0
159424,180.0
159504,180.0
159584,180.0
159840,180.0
160096,180.0
160112,180.0
160320,180.0
160416,180.0
160864,180.0
160912,180.0
161072,180.0
161472,180.0
161744,180.0
161968,180.0
162176,180.0
162224,180.0
162512,180.0
162640,180.0
162976,180.0
163040,180.0
163072,180.0
163344,180.0
163376,180.0
163520,180.0
163728,180.0
163776,180.0
163872,180.0
163920,180.0
164160,180.0
164432,180.0
164592,180.0
164752,180.0
164896,180.0
164976,180.0
165168,180.0
165232,180.0
165760,180.0
166208,180.0
166256,180.0
166272,180.0
166368,180.0
166480,180.0
166608,180.0
166864,180.0
167552,180.0
167616,180.0
167856,180.0
168128,180.0
168608,180.0
168720,180.0
168784,180.0
168896,180.0
169152,180.0
169296,180.0
169440,180.0
169696,180.0
169904,180.0
169936,180.0
170192,180.0
170224,180.0
170368,180.0
170512,180.0
170528,180.0
170560,180.0
170624,180.0
170640,180.0
171280,180.0
171328,180.0
171664,180.0
171952,180.0
172336,180.0
172384,180.0
172576,180.0
172944,180.0
173136,180.0
173328,180.0
173344,180.0
173856,180.0
174032,180.0
174176,180.0
174384,180.0
174464,180.0
174656,180.0
175088,180.0
175104,180.0
175696,180.0
176320,180.0
176336,180.0
176368,180.0
176480,180.0
176576,180.0
176608,180.0
176704,180.0
176848,180.0
177344,180.0
177600,180.0
177632,180.0
177808,180.0
177888,180.0
178128,180.0
178288,180.0
178304,180.0
178400,180.0
178736,180.0
179104,180.0
179168,180.0
179248,180.0
179360,180.0
179440,180.0
179472,180.0
179680,180.0
179888,180.0
180192,180.0
180256,180.0
180320,180.0
180688,180.0
180768,180.0
180800,180.0
180960,180.0
180992,180.0
181088,180.0
181344,180.0
181408,180.0
182032,180.0
182080,180.0
182160,180.0
182336,180.0
182352,180.0
182464,180.0
183040,180.0
183136,180.0
183328,180.0
183824,180.0
184240,180.0
184560,180.0
184576,180.0
184656,180.0
184816,180.0
184832,180.0
184976,180.0
185184,180.0
185408,180.0
185664,180.0
186384,180.0
186480,180.0
186624,180.0
186960,180.0
187488,180.0
187824,180.0
187840,180.0
187872,180.0
187952,180.0
187968,180.0
188080,180.0
188144,180.0
188224,180.0
188720,180.0
188880,180.0
189136,180.0
189984,180.0
190000,180.0
190368,180.0
190464,180.0
190560,180.0
190704,180.0
190816,180.0
191216,180.0
191264,180.0
191360,180.0
191376,180.0
191520,180.0
191680,180.0
191968,180.0
192016,180.0
192032,180.0
192144,180.0
192320,180.0
192384,180.0
192464,180.0
192624,180.0
192976,180.0
192992,180.0
193088,180.0
193104,180.0
193120,180.0
193184,180.0
193264,180.0
193456,180.0
193696,180.0
193792,180.0
193984,180.0
194176,180.0
194464,180.0
194496,180.0
194784,180.0
194800,180.0
195056,180.0
195536,180.0
195616,180.0
195696,180.0
196016,180.0
196032,180.0
196224,180.0
196352,180.0
196400,180.0
196880,180.0
197088,180.0
197184,180.0
197408,180.0
197488,180.0
197504,180.0
197520,180.0
197664,180.0
197776,180.0
197888,180.0
198048,180.0
198368,180.0
198592,180.0
198976,180.0
199088,180.0
199104,180.0
199296,180.0
199328,180.0
199696,180.0
199792,180.0
199904,180.0
199984,180.0
200064,180.0
200112,180.0
200304,180.0
200688,180.0
200864,180.0
200912,180.0
201168,180.0
201392,180.0
201440,180.0
201520,180.0
201904,180.0
202112,180.0
202256,180.0
202272,180.0
202352,180.0
202512,180.0
202544,180.0
203024,180.0
203376,180.0
203408,180.0
203568,180.0
203712,180.0
203728,180.0
203824,180.0
203840,180.0
203888,180.0
204368,180.0
204496,180.0
204528,180.0
204976,180.0
205296,180.0
205488,180.0
205760,180.0
206016,180.0
206416,180.0
206464,180.0
206560,180.0
206656,180.0
206688,180.0
206944,180.0
206960,180.0
207360,180.0
207536,180.0
208320,180.0
208576,180.0
209200,180.0
209280,180.0
209312,180.0
209968,180.0
210000,180.0
210528,180.0
210560,180.0
210576,180.0
210992,180.0
211040,180.0
211248,180.0
211344,180.0
211536,180.0
211744,180.0
212048,180.0
212128,180.0
212464,180.0
212576,180.0
212592,180.0
212624,180.0
212768,180.0
212944,180.0
213472,180.0
213520,180.0
213632,180.0
213776,180.0
213808,180.0
214608,180.0
214656,180.0
214944,180.0
215024,180.0
215088,180.0
215376,180.0
215712,180.0
216128,180.0
216576,180.0
216592,180.0
216688,180.0
217072,180.0
217184,180.0
217456,180.0
217632,180.0
217792,180.0
218400,180.0
218528,180.0
218864,180.0
219168,180.0
219200,180.0
219312,180.0
219488,180.0
219664,180.0
220320,180.0
220400,180.0
220752,180.0
220784,180.0
220864,180.0
221104,180.0
221136,180.0
221664,180.0
221808,180.0
222064,180.0
222368,180.0
222448,180.0
222576,180.0
222624,180.0
222736,180.0
222896,180.0
223264,180.0
223392,180.0
223488,180.0
223552,180.0
223888,180.0
224016,180.0
224608,180.0
224688,180.0
224704,180.0
224752,180.0
224880,180.0
224896,180.0
224928,180.0
225696,180.0
225840,180.0
225984,180.0
227088,180.0
227136,180.0
227184,180.0
227536,180.0
227680,180.0
227808,180.0
227968,180.0
228128,180.0
228224,180.0
228416,180.0
228592,180.0
228944,180.0
228960,180.0
229008,180.0
229024,180.0
229136,180.0
229248,180.0
229424,180.0
229488,180.0
229792,180.0
229888,180.0
230256,180.0
230464,180.0
230560,180.0
230960,180.0
231248,180.0
231760,180.0
231792,180.0
231808,180.0
231968,180.0
232336,180.0
232480,180.0
232528,180.0
232736,180.0
232784,180.0
232880,180.0
233104,180.0
233552,180.0
233648,180.0
233792,180.0
233920,180.0
234096,180.0
234528,180.0
234608,180.0
235360,180.0
235376,180.0
235552,180.0
235616,180.0
235632,180.0
235792,180.0
235936,180.0
236096,180.0
236128,180.0
236288,180.0
236608,180.0
236656,180.0
236672,180.0
236864,180.0
236912,180.0
236976,180.0
237136,180.0
237504,180.0
237792,180.0
238128,180.0
238240,180.0
238256,180.0
238896,180.0
238960,180.0
238992,180.0
239104,180.0
239184,180.0
239456,180.0
239728,180.0
239904,180.0
240016,180.0
240112,180.0
240128,180.0
240688,180.0
240768,180.0
241152,180.0
241504,180.0
241728,180.0
241744,180.0
242016,180.0
242176,180.0
242560,180.0
242880,180.0
242960,180.0
243936,180.0
244048,180.0
244064,180.0
244128,180.0
244272,180.0
244400,180.0
244624,180.0
244944,180.0
245136,180.0
245648,180.0
246048,180.0
246448,180.0
246640,180.0
246656,180.0
247008,180.0
247200,180.0
247696,180.0
248192,180.0
248208,180.0
248416,180.0
248544,180.0
248560,180.0
248640,180.0
248832,180.0
248864,180.0
248992,180.0
249328,180.0
249504,180.0
250112,180.0
250224,180.0
250304,180.0
250560,180.0
250736,180.0
250832,180.0
250992,180.0
251216,180.0
251328,180.0
251376,180.0
251984,180.0
252096,180.0
252528,180.0
252736,180.0
252832,180.0
252992,180.0
253104,180.0
253184,180.0
253408,180.0
253696,180.0
253744,180.0
253808,180.0
253856,180.0
253872,180.0
254208,180.0
254368,180.0
254528,180.0
254560,180.0
254608,180.0
254816,180.0
254912,180.0
254960,180.0
255200,180.0
255216,180.0
255520,180.0
256128,180.0
256560,180.0
256608,180.0
256848,180.0
256880,180.0
257024,180.0
257424,180.0
257488,180.0
257728,180.0
257744,180.0
257776,180.0
258000,180.0
258048,180.0
258144,180.0
258208,180.0
258400,180.0
258512,180.0
258784,180.0
258976,180.0
259136,180.0
259232,180.0
259264,180.0
259312,180.0
259504,180.0
259680,180.0
259760,180.0
259824,180.0
259936,180.0
260400,180.0
260560,180.0
260592,180.0
260688,180.0
260768,180.0
260992,180.0
262256,180.0
262368,180.0
262448,180.0
262608,180.0
262976,180.0
263008,180.0
263296,180.0
263312,180.0
263328,180.0
263408,180.0
263568,180.0
263744,180.0
263824,180.0
263904,180.0
264240,180.0
264272,180.0
264320,180.0
264576,180.0
264736,180.0
264752,180.0
264960,180.0
265024,180.0
265216,180.0
265360,180.0
265408,180.0
266032,180.0
266192,180.0
266304,180.0
266336,180.0
266368,180.0
266576,180.0
266640,180.0
266656,180.0
266688,180.0
266944,180.0
266976,180.0
267376,180.0
267472,180.0
267776,180.0
268176,180.0
268352,180.0
268496,180.0
268576,180.0
268592,180.0
268688,180.0
268832,180.0
268880,180.0
268992,180.0
269008,180.0
269344,180.0
269488,180.0
269760,180.0
269808,180.0
269952,180.0
269968,180.0
270112,180.0
270224,180.0
270416,180.0
270544,180.0
270576,180.0
270704,180.0
270816,180.0
271376,180.0
271520,180.0
271648,180.0
271776,180.0
272080,180.0
272288,180.0
272400,180.0
272624,180.0
272832,180.0
272848,180.0
273312,180.0
273376,180.0
273552,180.0
273648,180.0
273824,180.0
273840,180.0
273856,180.0
273936,180.0
274352,180.0
274688,180.0
274720,180.0
274752,180.0
275024,180.0
275168,180.0
275280,180.0
276016,180.0
276048,180.0
276272,180.0
276576,180.0
276832,180.0
277152,180.0
277408,180.0
277520,180.0
277712,180.0
277888,180.0
278288,180.0
278320,180.0
278400,180.0
278672,180.0
278800,180.0
279104,180.0
279648,180.0
279920,180.0
280096,180.0
280176,180.0
280448,180.0
280576,180.0
280592,180.0
280640,180.0
280736,180.0
281120,180.0
281216,180.0
281376,180.0
281536,180.0
281824,180.0
282080,180.0
282480,180.0
282752,180.0
282864,180.0
283024,180.0
283056,180.0
283072,180.0
283152,180.0
283280,180.0
283584,180.0
283712,180.0
283904,180.0
284064,180.0
284208,180.0
284544,180.0
284688,180.0
285184,180.0
285312,180.0
285344,180.0
285424,180.0
285616,180.0
285888,180.0
285904,180.0
285936,180.0
285952,180.0
286016,180.0
286352,180.0
286512,180.0
286656,180.0
286816,180.0
287056,180.0
287072,180.0
287424,180.0
287456,180.0
287488,180.0
287552,180.0
287904,180.0
288112,180.0
288192,180.0
288544,180.0
288912,180.0
288960,180.0
288992,180.0
289376,180.0
289728,180.0
289888,180.0
289984,180.0
290000,180.0
290272,180.0
290304,180.0
290352,180.0
290448,180.0
290704,180.0
290800,180.0
290816,180.0
290880,180.0
290976,180.0
291024,180.0
291184,180.0
291440,180.0
291552,180.0
291856,180.0
292272,180.0
292288,180.0
292304,180.0
292544,180.0
292656,180.0
292816,180.0
292944,180.0
293344,180.0
293952,180.0
294032,180.0
294080,180.0
294240,180.0
294368,180.0
294384,180.0
294752,180.0
295024,180.0
295072,180.0
295648,180.0
296080,180.0
296384,180.0
296544,180.0
296848,180.0
297216,180.0
297280,180.0
297360,180.0
297600,180.0
297648,180.0
297680,180.0
298576,180.0
298640,180.0
298736,180.0
298880,180.0
298912,180.0
299200,180.0
299408,180.0
299600,180.0
299680,180.0
299824,180.0
299904,180.0
300112,180.0
300192,180.0
300384,180.0
300528,180.0
300640,180.0
301088,180.0
301136,180.0
301184,180.0
301232,180.0
301264,180.0
301456,180.0
302112,180.0
302224,180.0
302288,180.0
302320,180.0
302336,180.0
302400,180.0
302576,180.0
303600,180.0
304144,180.0
304368,180.0
304624,180.0
305008,180.0
305136,180.0
305184,180.0
305344,180.0
305408,180.0
305888,180.0
306064,180.0
306208,180.0
307264,180.0
307328,180.0
307552,180.0
307632,180.0
307920,180.0
308000,180.0
308560,180.0
309088,180.0
309104,180.0
309344,180.0
310064,180.0
310192,180.0
310384,180.0
310464,180.0
311056,180.0
311072,180.0
311520,180.0
311728,180.0
311968,180.0
312416,180.0
312480,180.0
312560,180.0
312592,180.0
312608,180.0
312672,180.0
312784,180.0
312976,180.0
313008,180.0
313216,180.0
313360,180.0
313472,180.0
313584,180.0
313648,180.0
313792,180.0
313872,180.0
314016,180.0
314288,180.0
314592,180.0
314736,180.0
315184,180.0
315248,180.0
315264,180.0
315344,180.0
315376,180.0
315488,180.0
315632,180.0
316048,180.0
316080,180.0
316160,180.0
316256,180.0
316272,180.0
316304,180.0
316432,180.0
316656,180.0
316960,180.0
317280,180.0
317440,180.0
317584,180.0
317664,180.0
318000,180.0
318064,180.0
318080,180.0
318224,180.0
318352,180.0
318960,180.0
318992,180.0
319008,180.0
319104,180.0
319248,180.0
319328,180.0
319648,180.0
319872,180.0
320224,180.0
320288,180.0
320336,180.0
320352,180.0
320368,180.0
320384,180.0
320544,180.0
320624,180.0
320704,180.0
320864,180.0
321024,180.0
321152,180.0
321232,180.0
321568,180.0
321600,180.0
321792,180.0
321920,180.0
322048,180.0
322064,180.0
322560,180.0
322672,180.0
322704,180.0
322736,180.0
323552,180.0
323568,180.0
323760,180.0
323808,180.0
323936,180.0
324400,180.0
324448,180.0
324512,180.0
324768,180.0
324864,180.0
325280,180.0
325504,180.0
325536,180.0
325760,180.0
325888,180.0
326016,180.0
326080,180.0
326272,180.0
326752,180.0
326976,180.0
327168,180.0
327808,180.0
327968,180.0
328000,180.0
328640,180.0
328736,180.0
329104,180.0
329440,180.0
329488,180.0
329680,180.0
329840,180.0
329888,180.0
330160,180.0
330208,180.0
330464,180.0
330560,180.0
330592,180.0
330640,180.0
330848,180.0
331264,180.0
331392,180.0
331456,180.0
331696,180.0
331808,180.0
331840,180.0
331888,180.0
331968,180.0
331984,180.0
332400,180.0
332960,180.0
333072,180.0
333136,180.0
333648,180.0
333712,180.0
334624,180.0
334880,180.0
335040,180.0
335152,180.0
335232,180.0
335392,180.0
335760,180.0
335968,180.0
336160,180.0
336432,180.0
336928,180.0
337040,180.0
337104,180.0
337216,180.0
337248,180.0
337280,180.0
337472,180.0
337760,180.0
337776,180.0
337968,180.0
338000,180.0
338144,180.0
338464,180.0
338496,180.0
338784,180.0
338864,180.0
338960,180.0
339232,180.0
339360,180.0
339392,180.0
339664,180.0
339840,180.0
340112,180.0
340144,180.0
340496,180.0
340640,180.0
340752,180.0
340832,180.0
341104,180.0
341536,180.0
341568,180.0
341696,180.0
341712,180.0
341792,180.0
341840,180.0
342368,180.0
342576,180.0
342624,180.0
342688,180.0
342784,180.0
342928,180.0
343184,180.0
343264,180.0
343424,180.0
343440,180.0
343488,180.0
343792,180.0
344224,180.0
344368,180.0
344496,180.0
344704,180.0
344768,180.0
344848,180.0
345072,180.0
345104,180.0
345120,180.0
345136,180.0
345232,180.0
345360,180.0
345568,180.0
345584,180.0
345872,180.0
346032,180.0
346128,180.0
346144,180.0
346672,180.0
346704,180.0
346832,180.0
346928,180.0
346976,180.0
347104,180.0
347136,180.0
347392,180.0
347408,180.0
347472,180.0
347712,180.0
347744,180.0
347808,180.0
347968,180.0
348064,180.0
348320,180.0
348336,180.0
348400,180.0
348688,180.0
348800,180.0
348960,180.0
349168,180.0
349216,180.0
349248,180.0
349840,180.0
349984,180.0
350368,180.0
350576,180.0
350592,180.0
350640,180.0
350656,180.0
350672,180.0
350896,180.0
350976,180.0
351408,180.0
351456,180.0
351472,180.0
351648,180.0
351680,180.0
351696,180.0
351712,180.0
351760,180.0
352032,180.0
352832,180.0
353088,180.0
353264,180.0
353392,180.0
353600,180.0
353616,180.0
353664,180.0
354176,180.0
354368,180.0
354512,180.0
354688,180.0
354816,180.0
354864,180.0
354880,180.0
355072,180.0
355232,180.0
355280,180.0
355664,180.0
355808,180.0
355872,180.0
356144,180.0
356192,180.0
356304,180.0
356416,180.0
356720,180.0
357072,180.0
357488,180.0
357552,180.0
357584,180.0
357776,180.0
358000,180.0
358064,180.0
358320,180.0
358448,180.0
358512,180.0
358624,180.0
358640,180.0
358720,180.0
358784,180.0
358800,180.0
358944,180.0
359280,180.0
359664,180.0
359936,180.0
360128,180.0
360384,180.0
360464,180.0
360544,180.0
360864,180.0
361056,180.0
361088,180.0
361120,180.0
361152,180.0
361392,180.0
361440,180.0
361792,180.0
361872,180.0
361920,180.0
362032,180.0
362192,180.0
362288,180.0
362432,180.0
362480,180.0
362592,180.0
362656,180.0
362752,180.0
362880,180.0
363072,180.0
363328,180.0
363472,180.0
363488,180.0
363568,180.0
363632,180.0
363872,180.0
363904,180.0
364064,180.0
364160,180.0
364384,180.0
364544,180.0
364592,180.0
364800,180.0
365040,180.0
365264,180.0
365408,180.0
365472,180.0
365728,180.0
365920,180.0
366128,180.0
366208,180.0
366320,180.0
366416,180.0
366432,180.0
366752,180.0
366800,180.0
366864,180.0
366992,180.0
367280,180.0
367520,180.0
367792,180.0
367808,180.0
367840,180.0
367888,180.0
367968,180.0
368368,180.0
368672,180.0
369024,180.0
369520,180.0
369648,180.0
369872,180.0
370064,180.0
370624,180.0
370768,180.0
370864,180.0
371120,180.0
371184,180.0
371200,180.0
371632,180.0
371808,180.0
371872,180.0
371888,180.0
372064,180.0
372080,180.0
372960,180.0
373024,180.0
373088,180.0
373264,180.0
373568,180.0
373632,180.0
373744,180.0
373824,180.0
373840,180.0
373856,180.0
374112,180.0
374192,180.0
374368,180.0
374832,180.0
374912,180.0
374928,180.0
375120,180.0
375472,180.0
375600,180.0
375680,180.0
375920,180.0
376336,180.0
376464,180.0
376496,180.0
376752,180.0
376960,180.0
377232,180.0
377296,180.0
379200,180.0
379488,180.0
379648,180.0
379760,180.0
379952,180.0
379968,180.0
380624,180.0
380720,180.0
380848,180.0
380880,180.0
380960,180.0
381152,180.0
381520,180.0
382080,180.0
382224,180.0
382416,180.0
382784,180.0
382880,180.0
382992,180.0
383024,180.0
383040,180.0
383136,180.0
383184,180.0
383392,180.0
384112,180.0
384352,180.0
384800,180.0
385328,180.0
385552,180.0
385840,180.0
385936,180.0
386224,180.0
386512,180.0
386544,180.0
386640,180.0
387040,180.0
387104,180.0
387472,180.0
387616,180.0
387904,180.0
388576,180.0
388640,180.0
388736,180.0
388848,180.0
388992,180.0
389296,180.0
389472,180.0
389744,180.0
389760,180.0
390048,180.0
390896,180.0
391056,180.0
391104,180.0
391184,180.0
391520,180.0
391696,180.0
391760,180.0
392240,180.0
392336,180.0
392432,180.0
392480,180.0
392800,180.0
392896,180.0
393360,180.0
393392,180.0
393552,180.0
393856,180.0
394512,180.0
394608,180.0
394624,180.0
394656,180.0
394816,180.0
395520,180.0
395680,180.0
395776,180.0
395904,180.0
396688,180.0
396752,180.0
396848,180.0
397088,180.0
397552,180.0
397616,180.0
397632,180.0
397696,180.0
398064,180.0
398112,180.0
398192,180.0
398816,180.0
399008,180.0
399616,180.0
399840,180.0
399888,180.0
400432,180.0
400464,180.0
400656,180.0
400672,180.0
400736,180.0
400800,180.0
401280,180.0
401328,180.0
401376,180.0
401984,180.0
402768,180.0
402944,180.0
403136,180.0
403328,180.0
403360,180.0
403472,180.0
403488,180.0
403632,180.0
403696,180.0
403984,180.0
404480,180.0
404608,180.0
404640,180.0
404672,180.0
404688,180.0
404704,180.0
404752,180.0
404784,180.0
404896,180.0
405072,180.0
405104,180.0
405264,180.0
405520,180.0
405680,180.0
405728,180.0
405872,180.0
406048,180.0
406096,180.0
406224,180.0
406288,180.0
406304,180.0
406416,180.0
406672,180.0
406768,180.0
407312,180.0
407600,180.0
407776,180.0
408048,180.0
408192,180.0
408288,180.0
408336,180.0
408352,180.0
408864,180.0
409136,180.0
409168,180.0
409264,180.0
409440,180.0
409696,180.0
409984,180.0
410128,180.0
410320,180.0
410384,180.0
410528,180.0
410560,180.0
410864,180.0
410944,180.0
411152,180.0
411216,180.0
411664,180.0
412144,180.0
412224,180.0
412240,180.0
412272,180.0
412416,180.0
412528,180.0
412560,180.0
412656,180.0
412848,180.0
413072,180.0
413456,180.0
413696,180.0
413872,180.0
413968,180.0
414096,180.0
414176,180.0
414192,180.0
414272,180.0
414304,180.0
414368,180.0
414400,180.0
414448,180.0
414528,180.0
414560,180.0
414576,180.0
414736,180.0
414864,180.0
414960,180.0
415280,180.0
415296,180.0
415456,180.0
415472,180.0
415520,180.0
415712,180.0
415936,180.0
416016,180.0
416032,180.0
416176,180.0
416528,180.0
416560,180.0
416640,180.0
416688,180.0
417104,180.0
417136,180.0
417168,180.0
417264,180.0
417328,180.0
417360,180.0
417536,180.0
417808,180.0
417824,180.0
417840,180.0
418096,180.0
418608,180.0
418816,180.0
418832,180.0
418992,180.0
419120,180.0
419168,180.0
419280,180.0
420112,180.0
420272,180.0
420352,180.0
420464,180.0
420688,180.0
421248,180.0
421520,180.0
421600,180.0
422000,180.0
422016,180.0
422192,180.0
422256,180.0
422960,180.0
423232,180.0
423920,180.0
424016,180.0
425280,180.0
425408,180.0
425488,180.0
425904,180.0
426208,180.0
426240,180.0
426848,180.0
427184,180.0
427392,180.0
427984,180.0
428192,180.0
428400,180.0
428656,180.0
428976,180.0
429824,180.0
430032,180.0
430096,180.0
430192,180.0
430240,180.0
430528,180.0
430752,180.0
430848,180.0
431088,180.0
431280,180.0
431408,180.0
431488,180.0
431616,180.0
431856,180.0
431952,180.0
432016,180.0
432672,180.0
432848,180.0
432928,180.0
433024,180.0
433072,180.0
433200,180.0
433264,180.0
433328,180.0
433840,180.0
433904,180.0
433920,180.0
434176,180.0
434192,180.0
434336,180.0
434400,180.0
434592,180.0
434704,180.0
434912,180.0
434976,180.0
435408,180.0
435744,180.0
435824,180.0
435904,180.0
436272,180.0
436352,180.0
437008,180.0
437104,180.0
437152,180.0
437264,180.0
437280,180.0
437552,180.0
437792,180.0
438608,180.0
438848,180.0
439088,180.0
439392,180.0
439872,180.0
439888,180.0
440000,180.0
440064,180.0
440528,180.0
440544,180.0
440960,180.0
441120,180.0
441136,180.0
441280,180.0
441440,180.0
441488,180.0
441840,180.0
441984,180.0
442240,180.0
442496,180.0
442592,180.0
442608,180.0
442656,180.0
442704,180.0
442768,180.0
442832,180.0
442976,180.0
443120,180.0
443264,180.0
443568,180.0
443984,180.0
444400,180.0
444528,180.0
444768,180.0
444928,180.0
445104,180.0
445200,180.0
445360,180.0
445760,180.0
446112,180.0
446352,180.0
446448,180.0
446528,180.0
446576,180.0
446608,180.0
446640,180.0
446720,180.0
446752,180.0
447008,180.0
447360,180.0
447600,180.0
447680,180.0
447776,180.0
447888,180.0
447984,180.0
448048,180.0
448064,180.0
448320,180.0
448464,180.0
448528,180.0
448608,180.0
448944,180.0
449376,180.0
449536,180.0
449616,180.0
449632,180.0
449744,180.0
449888,180.0
449920,180.0
450448,180.0
450688,180.0
450864,180.0
450912,180.0
451040,180.0
451264,180.0
451408,180.0
451472,180.0
451680,180.0
451744,180.0
451824,180.0
451840,180.0
451872,180.0
451968,180.0
452112,180.0
452240,180.0
452512,180.0
452800,180.0
453520,180.0
453616,180.0
453760,180.0
454160,180.0
454528,180.0
454608,180.0
454688,180.0
454752,180.0
455168,180.0
455264,180.0
455760,180.0
455808,180.0
455824,180.0
456032,180.0
456128,180.0
456160,180.0
456224,180.0
456512,180.0
456576,180.0
456608,180.0
456784,180.0
456816,180.0
456832,180.0
456912,180.0
456976,180.0
457136,180.0
457280,180.0
457376,180.0
457440,180.0
457808,180.0
457840,180.0
458016,180.0
458528,180.0
458576,180.0
458672,180.0
458928,180.0
458960,180.0
458976,180.0
459024,180.0
459120,180.0
459264,180.0
459472,180.0
460048,180.0
460112,180.0
460240,180.0
460272,180.0
461184,180.0
461744,180.0
461776,180.0
461952,180.0
462048,180.0
462080,180.0
462480,180.0
462512,180.0
462640,180.0
462656,180.0
462672,180.0
462720,180.0
462880,180.0
462960,180.0
462976,180.0
463040,180.0
463136,180.0
463456,180.0
463776,180.0
463808,180.0
464000,180.0
464096,180.0
464128,180.0
464240,180.0
464320,180.0
464352,180.0
464464,180.0
464672,180.0
464688,180.0
464816,180.0
465440,180.0
465696,180.0
465712,180.0
465920,180.0
466192,180.0
466688,180.0
467104,180.0
467328,180.0
467584,180.0
467616,180.0
468080,180.0
468304,180.0
468448,180.0
468464,180.0
468736,180.0
469040,180.0
469168,180.0
469632,180.0
469728,180.0
470112,180.0
470272,180.0
470400,180.0
470544,180.0
470672,180.0
470704,180.0
470928,180.0
471152,180.0
471216,180.0
471264,180.0
471296,180.0
471392,180.0
471584,180.0
472112,180.0
472224,180.0
472384,180.0
472432,180.0
472448,180.0
472464,180.0
472592,180.0
472608,180.0
472752,180.0
473040,180.0
473360,180.0
473488,180.0
473552,180.0
473584,180.0
473776,180.0
473920,180.0
473952,180.0
474032,180.0
474416,180.0
474592,180.0
474848,180.0
475264,180.0
475472,180.0
475584,180.0
475744,180.0
475840,180.0
475872,180.0
475968,180.0
475984,180.0
476352,180.0
476400,180.0
476544,180.0
476736,180.0
476832,180.0
477424,180.0
477648,180.0
477728,180.0
478304,180.0
478336,180.0
478528,180.0
478592,180.0
478800,180.0
479312,180.0
479728,180.0
480048,180.0
480096,180.0
480144,180.0
480192,180.0
480320,180.0
480416,180.0
480432,180.0
480496,180.0
480512,180.0
480576,180.0
480736,180.0
480864,180.0
481488,180.0
481632,180.0
481936,180.0
482096,180.0
482144,180.0
482176,180.0
482352,180.0
482448,180.0
482464,180.0
482688,180.0
482896,180.0
482960,180.0
483360,180.0
483440,180.0
483600,180.0
484336,180.0
484672,180.0
484816,180.0
484976,180.0
485136,180.0
485488,180.0
485520,180.0
485552,180.0
485696,180.0
485808,180.0
485888,180.0
485920,180.0
485936,180.0
486112,180.0
486464,180.0
486688,180.0
487200,180.0
487504,180.0
488048,180.0
488064,180.0
488112,180.0
488160,180.0
488336,180.0
488864,180.0
489088,180.0
489456,180.0
489600,180.0
489648,180.0
489760,180.0
489968,180.0
489984,180.0
490032,180.0
490192,180.0
490288,180.0
490624,180.0
490976,180.0
491072,180.0
491152,180.0
491392,180.0
491472,180.0
491552,180.0
491600,180.0
491680,180.0
491744,180.0
492032,180.0
492512,180.0
492560,180.0
492816,180.0
493216,180.0
493392,180.0
493408,180.0
493760,180.0
494128,180.0
494176,180.0
494240,180.0
494304,180.0
494384,180.0
494448,180.0
494608,180.0
494624,180.0
494688,180.0
494784,180.0
495264,180.0
495440,180.0
495584,180.0
495728,180.0
495824,180.0
496192,180.0
496208,180.0
496288,180.0
496576,180.0
496720,180.0
497200,180.0
497472,180.0
497536,180.0
497856,180.0
497872,180.0
498016,180.0
498064,180.0
498160,180.0
498416,180.0
498512,180.0
498688,180.0
498752,180.0
498800,180.0
499344,180.0
499744,180.0
500048,180.0
500768,180.0
500816,180.0
501056,180.0
501136,180.0
501536,180.0
501952,180.0
501968,180.0
502032,180.0
502080,180.0
502240,180.0
502416,180.0
502480,180.0
502784,180.0
502864,180.0
503088,180.0
503424,180.0
503856,180.0
503920,180.0
504144,180.0
504256,180.0
504336,180.0
504400,180.0
504672,180.0
504800,180.0
504912,180.0
505072,180.0
505104,180.0
505152,180.0
505360,180.0
505456,180.0
505536,180.0
505664,180.0
505872,180.0
505952,180.0
506384,180.0
506480,180.0
506544,180.0
506752,180.0
506768,180.0
506896,180.0
506928,180.0
507232,180.0
507408,180.0
507680,180.0
507728,180.0
508176,180.0
508384,180.0
508512,180.0
508592,180.0
508688,180.0
508736,180.0
509056,180.0
509424,180.0
509456,180.0
509696,180.0
509728,180.0
509792,180.0
510048,180.0
510368,180.0
510448,180.0
510688,180.0
510832,180.0
510880,180.0
510912,180.0
511200,180.0
511248,180.0
511744,180.0
511936,180.0
512064,180.0
512368,180.0
512400,180.0
512624,180.0
512640,180.0
512656,180.0
512688,180.0
512832,180.0
512896,180.0
512928,180.0
513008,180.0
513200,180.0
513488,180.0
513600,180.0
513792,180.0
513936,180.0
513968,180.0
514240,180.0
514640,180.0
514832,180.0
515600,180.0
515728,180.0
515904,180.0
515984,180.0
516320,180.0
516560,180.0
517376,180.0
517632,180.0
517952,180.0
518032,180.0
518240,180.0
518336,180.0
518384,180.0
518432,180.0
518608,180.0
519152,180.0
519200,180.0
519264,180.0
519360,180.0
519696,180.0
520064,180.0
520096,180.0
520144,180.0
520256,180.0
520432,180.0
520800,180.0
520992,180.0
521040,180.0
521136,180.0
521312,180.0
521504,180.0
521792,180.0
522592,180.0
522928,180.0
523504,180.0
523536,180.0
523584,180.0
523792,180.0
523904,180.0
523936,180.0
524000,180.0
524096,180.0
524160,180.0
524272,180.0
524592,180.0
524640,180.0
524752,180.0
524832,180.0
525104,180.0
525408,180.0
525584,180.0
525728,180.0
525760,180.0
525824,180.0
525936,180.0
525984,180.0
526192,180.0
526528,180.0
526912,180.0
526976,180.0
527136,180.0
527184,180.0
527424,180.0
527504,180.0
527536,180.0
527616,180.0
527856,180.0
528400,180.0
528544,180.0
528592,180.0
528720,180.0
528784,180.0
528848,180.0
529024,180.0
529200,180.0
530128,180.0
530368,180.0
530432,180.0
530512,180.0
530640,180.0
530912,180.0
531024,180.0
531376,180.0
531536,180.0
531728,180.0
532272,180.0
532288,180.0
532336,180.0
532352,180.0
532464,180.0
532640,180.0
533360,180.0
533376,180.0
533584,180.0
533648,180.0
534144,180.0
534160,180.0
534400,180.0
534416,180.0
534672,180.0
535040,180.0
535120,180.0
535488,180.0
535840,180.0
535872,180.0
536048,180.0
536240,180.0
536336,180.0
536576,180.0
536656,180.0
536832,180.0
536864,180.0
537168,180.0
537328,180.0
537520,180.0
538096,180.0
538304,180.0
538464,180.0
538768,180.0
538832,180.0
538928,180.0
538960,180.0
539392,180.0
539552,180.0
539792,180.0
539824,180.0
539904,180.0
540112,180.0
540448,180.0
540512,180.0
540640,180.0
540688,180.0
540752,180.0
540784,180.0
540928,180.0
540944,180.0
541104,180.0
541216,180.0
541568,180.0
541680,180.0
541824,180.0
542208,180.0
542416,180.0
542448,180.0
542848,180.0
542992,180.0
543280,180.0
543376,180.0
543472,180.0
543584,180.0
543744,180.0
543952,180.0
544144,180.0
544320,180.0
544336,180.0
544368,180.0
544752,180.0
545216,180.0
545232,180.0
545408,180.0
545600,180.0
546048,180.0
546080,180.0
546112,180.0
546160,180.0
546336,180.0
546640,180.0
546800,180.0
546816,180.0
547024,180.0
547248,180.0
547376,180.0
547440,180.0
547456,180.0
547872,180.0
547936,180.0
548336,180.0
548464,180.0
549520,180.0
549552,180.0
549632,180.0
549776,180.0
549872,180.0
549920,180.0
549968,180.0
549984,180.0
550688,180.0
550896,180.0
551072,180.0
551088,180.0
551504,180.0
551600,180.0
551648,180.0
551696,180.0
552048,180.0
552064,180.0
552080,180.0
552160,180.0
552224,180.0
553008,180.0
553904,180.0
553920,180.0
554192,180.0
554256,180.0
554288,180.0
554400,180.0
554416,180.0
554656,180.0
555056,180.0
555232,180.0
555360,180.0
555456,180.0
555712,180.0
555904,180.0
555936,180.0
556320,180.0
556976,180.0
557120,180.0
557152,180.0
557488,180.0
557728,180.0
558112,180.0
558160,180.0
558400,180.0
558720,180.0
558784,180.0
558960,180.0
559440,180.0
559472,180.0
559488,180.0
559664,180.0
559744,180.0
559856,180.0
559888,180.0
559936,180.0
560016,180.0
560240,180.0
560288,180.0
560304,180.0
560688,180.0
560928,180.0
561056,180.0
561120,180.0
561184,180.0
561392,180.0
561728,180.0
561824,180.0
562464,180.0
563232,180.0
563248,180.0
563360,180.0
563392,180.0
563664,180.0
563680,180.0
564480,180.0
564512,180.0
564688,180.0
564784,180.0
564848,180.0
564912,180.0
564976,180.0
565152,180.0
565568,180.0
565776,180.0
566800,180.0
567152,180.0
567168,180.0
567184,180.0
567792,180.0
568448,180.0
568688,180.0
568896,180.0
568992,180.0
569072,180.0
569184,180.0
569344,180.0
569376,180.0
569424,180.0
570016,180.0
570704,180.0
571072,180.0
571136,180.0
571456,180.0
571920,180.0
572048,180.0
572624,180.0
572880,180.0
572912,180.0
572976,180.0
573040,180.0
573120,180.0
573808,180.0
574032,180.0
574128,180.0
574304,180.0
574944,180.0
574976,180.0
575152,180.0
575200,180.0
575472,180.0
575536,180.0
575648,180.0
576016,180.0
576160,180.0
576240,180.0
576272,180.0
576368,180.0
576560,180.0
576656,180.0
576768,180.0
577328,180.0
577440,180.0
577472,180.0
577504,180.0
577968,180.0
578352,180.0
578576,180.0
578784,180.0
579120,180.0
579280,180.0
579344,180.0
579712,180.0
580256,180.0
580752,180.0
580768,180.0
580944,180.0
581072,180.0
581424,180.0
581456,180.0
581920,180.0
582512,180.0
582608,180.0
582672,180.0
582704,180.0
582832,180.0
583120,180.0
583216,180.0
583232,180.0
583424,180.0
583648,180.0
583872,180.0
584240,180.0
584256,180.0
584432,180.0
584800,180.0
584960,180.0
585088,180.0
585120,180.0
585280,180.0
585296,180.0
585328,180.0
585344,180.0
585408,180.0
585440,180.0
585616,180.0
585808,180.0
586096,180.0
586400,180.0
586768,180.0
587264,180.0
587632,180.0
588288,180.0
588480,180.0
588592,180.0
588848,180.0
588928,180.0
589120,180.0
589376,180.0
589568,180.0
589712,180.0
589728,180.0
589744,180.0
589840,180.0
590112,180.0
590128,180.0
590320,180.0
590432,180.0
590464,180.0
590480,180.0
590768,180.0
590928,180.0
590960,180.0
591152,180.0
591264,180.0
591344,180.0
591568,180.0
591664,180.0
591680,180.0
592000,180.0
592496,180.0
592560,180.0
592784,180.0
592880,180.0
592976,180.0
593024,180.0
593184,180.0
593424,180.0
593552,180.0
593664,180.0
593776,180.0
594032,180.0
594384,180.0
594400,180.0
594864,180.0
594992,180.0
595152,180.0
595344,180.0
595440,180.0
595584,180.0
595728,180.0
595760,180.0
596064,180.0
596224,180.0
596448,180.0
597504,180.0
597536,180.0
598416,180.0
598496,180.0
598560,180.0
598592,180.0
598784,180.0
598944,180.0
599216,180.0
599248,180.0
599600,180.0
600112,180.0
600128,180.0
600224,180.0
600288,180.0
600304,180.0
600320,180.0
600496,180.0
600560,180.0
600736,180.0
600816,180.0
600864,180.0
601024,180.0
601248,180.0
601360,180.0
601392,180.0
601504,180.0
601680,180.0
601792,180.0
601936,180.0
602048,180.0
602368,180.0
602576,180.0
602784,180.0
602816,180.0
602928,180.0
603728,180.0
604320,180.0
605344,180.0
605632,180.0
605712,180.0
605968,180.0
606016,180.0
606288,180.0
606432,180.0
606512,180.0
606928,180.0
606960,180.0
606992,180.0
607024,180.0
607280,180.0
607360,180.0
607392,180.0
607504,180.0
607552,180.0
607632,180.0
607648,180.0
607792,180.0
608080,180.0
608416,180.0
608576,180.0
608832,180.0
609392,180.0
609920,180.0
610144,180.0
610240,180.0
610416,180.0
610432,180.0
610848,180.0
610928,180.0
611120,180.0
611136,180.0
611184,180.0
611200,180.0
611328,180.0
611392,180.0
611712,180.0
611872,180.0
612144,180.0
612224,180.0
612704,180.0
612864,180.0
612912,180.0
613008,180.0
613216,180.0
613264,180.0
613360,180.0
613536,180.0
613904,180.0
614048,180.0
614208,180.0
614240,180.0
614336,180.0
614576,180.0
614944,180.0
614960,180.0
614976,180.0
615008,180.0
615264,180.0
615296,180.0
615312,180.0
615664,180.0
615808,180.0
615920,180.0
616144,180.0
616240,180.0
616272,180.0
616352,180.0
616416,180.0
616464,180.0
616720,180.0
616736,180.0
617008,180.0
617072,180.0
617120,180.0
617584,180.0
617600,180.0
617696,180.0
617792,180.0
617856,180.0
618032,180.0
618416,180.0
618432,180.0
618464,180.0
618496,180.0
618736,180.0
618752,180.0
618992,180.0
619136,180.0
619232,180.0
619264,180.0
619456,180.0
620016,180.0
620336,180.0
620640,180.0
620816,180.0
621024,180.0
621216,180.0
621488,180.0
621600,180.0
622336,180.0
622576,180.0
622832,180.0
622848,180.0
623136,180.0
623584,180.0
623648,180.0
623696,180.0
623728,180.0
623856,180.0
624128,180.0
624240,180.0
624416,180.0
625360,180.0
625376,180.0
625408,180.0
625552,180.0
625920,180.0
625984,180.0
626032,180.0
626160,180.0
626224,180.0
626320,180.0
626368,180.0
626720,180.0
626752,180.0
626912,180.0
627200,180.0
627216,180.0
627408,180.0
627568,180.0
627680,180.0
627696,180.0
627728,180.0
627840,180.0
627888,180.0
627936,180.0
628192,180.0
628288,180.0
628544,180.0
628688,180.0
629040,180.0
629232,180.0
629344,180.0
629392,180.0
629472,180.0
629680,180.0
629792,180.0
629808,180.0
629824,180.0
629984,180.0
630032,180.0
630384,180.0
630496,180.0
630592,180.0
630896,180.0
630992,180.0
631232,180.0
631536,180.0
631728,180.0
631776,180.0
632336,180.0
632672,180.0
632992,180.0
633040,180.0
633184,180.0
633232,180.0
633280,180.0
633392,180.0
633584,180.0
633760,180.0
633792,180.0
633904,180.0
633952,180.0
634016,180.0
634048,180.0
634272,180.0
634480,180.0
634912,180.0
635072,180.0
635184,180.0
635600,180.0
635904,180.0
636096,180.0
636160,180.0
636224,180.0
636256,180.0
636928,180.0
637120,180.0
637440,180.0
637648,180.0
637968,180.0
638064,180.0
638448,180.0
638576,180.0
639104,180.0
639184,180.0
639328,180.0
639472,180.0
639712,180.0
639872,180.0
639936,180.0
640240,180.0
640272,180.0
640336,180.0
640464,180.0
640624,180.0
640768,180.0
640816,180.0
640928,180.0
641024,180.0
641120,180.0
641264,180.0
641376,180.0
641808,180.0
641968,180.0
642528,180.0
642896,180.0
643056,180.0
643120,180.0
643552,180.0
643728,180.0
644064,180.0
644256,180.0
644304,180.0
644576,180.0
644688,180.0
644800,180.0
645072,180.0
645088,180.0
645120,180.0
645216,180.0
645984,180.0
646080,180.0
646240,180.0
646256,180.0
646416,180.0
646480,180.0
646672,180.0
646688,180.0
646832,180.0
646896,180.0
646912,180.0
646960,180.0
647168,180.0
647280,180.0
647488,180.0
647504,180.0
647520,180.0
647648,180.0
647840,180.0
647856,180.0
648080,180.0
648304,180.0
648352,180.0
648496,180.0
648544,180.0
649392,180.0
649536,180.0
649648,180.0
649744,180.0
649760,180.0
650016,180.0
650096,180.0
650160,180.0
650176,180.0
650464,180.0
650624,180.0
650688,180.0
651232,180.0
651408,180.0
651680,180.0
651696,180.0
651776,180.0
652128,180.0
652176,180.0
652416,180.0
652432,180.0
652656,180.0
653056,180.0
653072,180.0
653088,180.0
653392,180.0
653488,180.0
653536,180.0
653728,180.0
653776,180.0
653904,180.0
653920,180.0
653952,180.0
654144,180.0
654352,180.0
654688,180.0
654816,180.0
654912,180.0
654976,180.0
654992,180.0
655504,180.0
656112,180.0
656624,180.0
657152,180.0
657328,180.0
657344,180.0
657488,180.0
657616,180.0
657632,180.0
657712,180.0
658144,180.0
659008,180.0
659040,180.0
659232,180.0
659328,180.0
659360,180.0
659440,180.0
659520,180.0
659568,180.0
659856,180.0
660016,180.0
660144,180.0
660192,180.0
660304,180.0
660480,180.0
660496,180.0
660688,180.0
660704,180.0
660848,180.0
661088,180.0
661360,180.0
661408,180.0
661424,180.0
661440,180.0
661536,180.0
661904,180.0
662000,180.0
662144,180.0
662160,180.0
662608,180.0
662704,180.0
663056,180.0
663552,180.0
663600,180.0
663840,180.0
663904,180.0
664304,180.0
664640,180.0
664656,180.0
664720,180.0
664880,180.0
664896,180.0
665040,180.0
665408,180.0
665456,180.0
665760,180.0
666304,180.0
666448,180.0
666480,180.0
666736,180.0
666960,180.0
667264,180.0
667392,180.0
667648,180.0
668096,180.0
668240,180.0
668368,180.0
668480,180.0
668608,180.0
668752,180.0
669248,180.0
669776,180.0
669808,180.0
669936,180.0
669968,180.0
670192,180.0
670336,180.0
670816,180.0
671008,180.0
671168,180.0
671312,180.0
671808,180.0
672352,180.0
672368,180.0
672512,180.0
672624,180.0
672640,180.0
672912,180.0
673760,180.0
673888,180.0
673904,180.0
673968,180.0
674048,180.0
674352,180.0
674400,180.0
674736,180.0
675264,180.0
675392,180.0
675520,180.0
675616,180.0
675680,180.0
675808,180.0
676080,180.0
676176,180.0
676384,180.0
676592,180.0
676960,180.0
677056,180.0
677104,180.0
677456,180.0
677664,180.0
678704,180.0
678784,180.0
678976,180.0
679264,180.0
679280,180.0
679296,180.0
679600,180.0
679744,180.0
679856,180.0
680096,180.0
680208,180.0
680432,180.0
680496,180.0
680512,180.0
680672,180.0
680800,180.0
680960,180.0
681088,180.0
681232,180.0
681280,180.0
681472,180.0
681648,180.0
681920,180.0
682336,180.0
682432,180.0
682512,180.0
682576,180.0
682720,180.0
682768,180.0
682912,180.0
683136,180.0
683200,180.0
683360,180.0
683472,180.0
683504,180.0
683520,180.0
683584,180.0
683712,180.0
684000,180.0
684336,180.0
684432,180.0
684512,180.0
684768,180.0
684880,180.0
685280,180.0
685296,180.0
685376,180.0
685616,180.0
685712,180.0
685792,180.0
685824,180.0
686064,180.0
686288,180.0
686352,180.0
686400,180.0
686624,180.0
686656,180.0
687136,180.0
687296,180.0
687360,180.0
687520,180.0
687536,180.0
687776,180.0
687792,180.0
687984,180.0
688000,180.0
688224,180.0
688416,180.0
688720,180.0
689168,180.0
689216,180.0
689264,180.0
689312,180.0
689344,180.0
689408,180.0
690000,180.0
690400,180.0
690480,180.0
690496,180.0
690608,180.0
690640,180.0
690672,180.0
690912,180.0
691568,180.0
691712,180.0
691840,180.0
691936,180.0
692320,180.0
692400,180.0
692944,180.0
693136,180.0
693184,180.0
693312,180.0
693840,180.0
693856,180.0
694064,180.0
694128,180.0
694784,180.0
694896,180.0
695088,180.0
695248,180.0
695376,180.0
695904,180.0
696368,180.0
696544,180.0
696688,180.0
697264,180.0
697328,180.0
697456,180.0
698048,180.0
698064,180.0
698096,180.0
698112,180.0
698256,180.0
698352,180.0
698384,180.0
698416,180.0
698720,180.0
698800,180.0
699168,180.0
699488,180.0
699504,180.0
699568,180.0
699632,180.0
699680,180.0
699952,180.0
700064,180.0
700112,180.0
700160,180.0
700176,180.0
700240,180.0
700256,180.0
700320,180.0
700352,180.0
700752,180.0
700896,180.0
701088,180.0
701200,180.0
701296,180.0
701392,180.0
701504,180.0
701824,180.0
702096,180.0
702320,180.0
702640,180.0
702688,180.0
702864,180.0
703136,180.0
703328,180.0
703472,180.0
703792,180.0
703888,180.0
703936,180.0
704080,180.0
704112,180.0
704224,180.0
704416,180.0
704528,180.0
704880,180.0
705088,180.0
705824,180.0
706368,180.0
706464,180.0
706608,180.0
706848,180.0
706944,180.0
706992,180.0
707072,180.0
707152,180.0
707648,180.0
707744,180.0
707872,180.0
708192,180.0
708224,180.0
708368,180.0
708496,180.0
708528,180.0
708672,180.0
708832,180.0
708880,180.0
709120,180.0
709296,180.0
709376,180.0
709424,180.0
709760,180.0
710144,180.0
710192,180.0
710224,180.0
710448,180.0
710464,180.0
710576,180.0
710688,180.0
710768,180.0
710832,180.0
711040,180.0
711136,180.0
711296,180.0
711456,180.0
711648,180.0
711664,180.0
711760,180.0
711808,180.0
711888,180.0
711952,180.0
712064,180.0
712272,180.0
712464,180.0
712528,180.0
712976,180.0
713040,180.0
713056,180.0
713136,180.0
713280,180.0
713392,180.0
713616,180.0
713664,180.0
713792,180.0
713872,180.0
714272,180.0
714288,180.0
714432,180.0
714512,180.0
714688,180.0
714704,180.0
714960,180.0
715424,180.0
715904,180.0
715936,180.0
716000,180.0
716112,180.0
716944,180.0
717408,180.0
717424,180.0
717568,180.0
717856,180.0
717888,180.0
718256,180.0
718544,180.0
718576,180.0
718928,180.0
719024,180.0
719136,180.0
719152,180.0
719632,180.0
719808,180.0
720128,180.0
720656,180.0
720704,180.0
720768,180.0
720880,180.0
721024,180.0
721168,180.0
721360,180.0
721472,180.0
721568,180.0
721872,180.0
721920,180.0
722032,180.0
722128,180.0
722144,180.0
722256,180.0
723008,180.0
723152,180.0
723360,180.0
723504,180.0
723520,180.0
723664,180.0
723792,180.0
724240,180.0
724560,180.0
724672,180.0
724736,180.0
724896,180.0
724992,180.0
725136,180.0
725248,180.0
725504,180.0
725584,180.0
725616,180.0
725664,180.0
726000,180.0
726240,180.0
726320,180.0
727504,180.0
727920,180.0
728272,180.0
728400,180.0
728480,180.0
728736,180.0
728768,180.0
729008,180.0
729392,180.0
729888,180.0
730624,180.0
730736,180.0
730848,180.0
730880,180.0
731024,180.0
731120,180.0
731152,180.0
731216,180.0
731424,180.0
731504,180.0
731520,180.0
731792,180.0
731808,180.0
731824,180.0
732512,180.0
732544,180.0
732736,180.0
732960,180.0
733312,180.0
733472,180.0
733568,180.0
733632,180.0
734000,180.0
734016,180.0
734352,180.0
734496,180.0
734688,180.0
734784,180.0
735040,180.0
735184,180.0
735200,180.0
735360,180.0
735824,180.0
735920,180.0
736032,180.0
736224,180.0
736272,180.0
736656,180.0
736832,180.0
737072,180.0
737264,180.0
737552,180.0
738384,180.0
738592,180.0
738672,180.0
738736,180.0
738816,180.0
738848,180.0
738864,180.0
738896,180.0
739056,180.0
739232,180.0
739456,180.0
739600,180.0
739984,180.0
740128,180.0
740144,180.0
740160,180.0
740464,180.0
740528,180.0
740656,180.0
740688,180.0
740832,180.0
741168,180.0
741200,180.0
741440,180.0
741552,180.0
741616,180.0
741792,180.0
741888,180.0
742112,180.0
742432,180.0
742624,180.0
742704,180.0
742816,180.0
742848,180.0
742880,180.0
743008,180.0
743104,180.0
744128,180.0
744512,180.0
744704,180.0
744736,180.0
744864,180.0
744928,180.0
744976,180.0
745264,180.0
745488,180.0
745696,180.0
745744,180.0
745888,180.0
746208,180.0
746528,180.0
746592,180.0
746896,180.0
747376,180.0
747552,180.0
747856,180.0
747904,180.0
748128,180.0
748160,180.0
748224,180.0
748288,180.0
748400,180.0
748480,180.0
748528,180.0
748912,180.0
749200,180.0
749344,180.0
749392,180.0
749440,180.0
750208,180.0
750304,180.0
750400,180.0
750592,180.0
750784,180.0
750832,180.0
750912,180.0
750992,180.0
751312,180.0
751456,180.0
751712,180.0
751744,180.0
751936,180.0
752080,180.0
752432,180.0
752528,180.0
752592,180.0
752688,180.0
752976,180.0
753104,180.0
753344,180.0
753552,180.0
754048,180.0
754064,180.0
754224,180.0
754464,180.0
754544,180.0
754672,180.0
755136,180.0
755536,180.0
755712,180.0
755744,180.0
755984,180.0
756000,180.0
756448,180.0
756640,180.0
756704,180.0
756752,180.0
756896,180.0
757056,180.0
757088,180.0
757216,180.0
757360,180.0
757584,180.0
757968,180.0
758048,180.0
758256,180.0
758384,180.0
758656,180.0
758752,180.0
759136,180.0
759152,180.0
759440,180.0
759568,180.0
759904,180.0
760576,180.0
760592,180.0
760752,180.0
760784,180.0
761184,180.0
761280,180.0
761328,180.0
761344,180.0
761360,180.0
761536,180.0
761584,180.0
761680,180.0
762032,180.0
762224,180.0
762464,180.0
762624,180.0
762864,180.0
762944,180.0
762992,180.0
763232,180.0
763248,180.0
763360,180.0
763888,180.0
763920,180.0
763936,180.0
763984,180.0
764000,180.0
765664,180.0
765872,180.0
765920,180.0
766256,180.0
766320,180.0
766608,180.0
767424,180.0
767552,180.0
767776,180.0
767840,180.0
767872,180.0
767904,180.0
767952,180.0
768512,180.0
768784,180.0
769200,180.0
769232,180.0
769312,180.0
769360,180.0
769520,180.0
769632,180.0
769712,180.0
769808,180.0
769936,180.0
770000,180.0
770272,180.0
770656,180.0
770688,180.0
771008,180.0
771168,180.0
771216,180.0
771232,180.0
771472,180.0
771808,180.0
771824,180.0
771936,180.0
772080,180.0
772624,180.0
772736,180.0
773168,180.0
773376,180.0
773584,180.0
773696,180.0
774128,180.0
774320,180.0
774368,180.0
774576,180.0
774608,180.0
774672,180.0
774752,180.0
774768,180.0
775024,180.0
775072,180.0
775184,180.0
775616,180.0
775888,180.0
776880,180.0
777072,180.0
777216,180.0
777744,180.0
777888,180.0
778080,180.0
778112,180.0
778240,180.0
778304,180.0
778560,180.0
778928,180.0
779216,180.0
779248,180.0
779888,180.0
780096,180.0
780192,180.0
780352,180.0
780400,180.0
781024,180.0
781072,180.0
781328,180.0
781872,180.0
781904,180.0
782112,180.0
782176,180.0
782320,180.0
782816,180.0
782832,180.0
782928,180.0
782944,180.0
783152,180.0
783488,180.0
783904,180.0
783936,180.0
784000,180.0
784160,180.0
784400,180.0
784736,180.0
784832,180.0
785024,180.0
785120,180.0
786000,180.0
786480,180.0
786640,180.0
786848,180.0
787120,180.0
787488,180.0
787520,180.0
787600,180.0
787632,180.0
787824,180.0
788048,180.0
788112,180.0
788144,180.0
788624,180.0
788752,180.0
789040,180.0
789168,180.0
789376,180.0
789440,180.0
789600,180.0
789824,180.0
790560,180.0
790672,180.0
790944,180.0
791008,180.0
791024,180.0
791184,180.0
791232,180.0
791520,180.0
791648,180.0
791712,180.0
791824,180.0
791936,180.0
791968,180.0
792000,180.0
792064,180.0
792128,180.0
792256,180.0
792352,180.0
792416,180.0
792496,180.0
792976,180.0
793072,180.0
793120,180.0
793216,180.0
793232,180.0
793456,180.0
793472,180.0
793536,180.0
793888,180.0
794512,180.0
794832,180.0
795008,180.0
795184,180.0
795408,180.0
795536,180.0
795920,180.0
796336,180.0
796352,180.0
796688,180.0
797216,180.0
797328,180.0
797424,180.0
797664,180.0
797680,180.0
797824,180.0
798032,180.0
798240,180.0
798256,180.0
798320,180.0
798416,180.0
798608,180.0
798768,180.0
798848,180.0
798880,180.0
799072,180.0
799088,180.0
799168,180.0
799200,180.0
799328,180.0
799360,180.0
799376,180.0
799616,180.0
799648,180.0
799824,180.0
800000,180.0
800016,180.0
800096,180.0
800128,180.0
800144,180.0
800320,180.0
801040,180.0
801360,180.0
801552,180.0
801792,180.0
801808,180.0
802032,180.0
802176,180.0
802800,180.0
802832,180.0
802992,180.0
803024,180.0
803248,180.0
803600,180.0
803648,180.0
803664,180.0
803696,180.0
804000,180.0
804048,180.0
804400,180.0
804496,180.0
804880,180.0
804912,180.0
805296,180.0
805520,180.0
805792,180.0
805856,180.0
805968,180.0
806048,180.0
806064,180.0
806176,180.0
806432,180.0
806608,180.0
806896,180.0
807120,180.0
807328,180.0
807360,180.0
807456,180.0
807664,180.0
808256,180.0
808592,180.0
809040,180.0
809072,180.0
809152,180.0
809504,180.0
810016,180.0
810240,180.0
810464,180.0
810896,180.0
811024,180.0
811184,180.0
811296,180.0
811504,180.0
811664,180.0
811760,180.0
812448,180.0
812736,180.0
812864,180.0
813184,180.0
813248,180.0
813504,180.0
813632,180.0
813888,180.0
814480,180.0
814560,180.0
814768,180.0
814896,180.0
814912,180.0
814992,180.0
815120,180.0
815152,180.0
815248,180.0
815328,180.0
815408,180.0
815472,180.0
815616,180.0
815872,180.0
816192,180.0
816432,180.0
816624,180.0
816688,180.0
817056,180.0
817424,180.0
817488,180.0
817552,180.0
817648,180.0
817696,180.0
817808,180.0
817936,180.0
818016,180.0
818576,180.0
818768,180.0
818816,180.0
818880,180.0
819184,180.0
819328,180.0
819472,180.0
820080,180.0
820352,180.0
820400,180.0
820560,180.0
820976,180.0
821040,180.0
821280,180.0
821440,180.0
821552,180.0
821872,180.0
821968,180.0
822304,180.0
822432,180.0
822528,180.0
822624,180.0
822768,180.0
822800,180.0
822944,180.0
823104,180.0
823136,180.0
823648,180.0
823808,180.0
823824,180.0
824048,180.0
824352,180.0
824384,180.0
825056,180.0
825088,180.0
825232,180.0
825248,180.0
825632,180.0
825696,180.0
825728,180.0
825792,180.0
825936,180.0
826064,180.0
826080,180.0
826160,180.0
826336,180.0
826464,180.0
826816,180.0
827152,180.0
827200,180.0
827472,180.0
827536,180.0
827632,180.0
827744,180.0
827792,180.0
827888,180.0
828016,180.0
828272,180.0
828400,180.0
828656,180.0
828768,180.0
828864,180.0
829504,180.0
829632,180.0
830064,180.0
830336,180.0
830384,180.0
830576,180.0
830640,180.0
830928,180.0
831072,180.0
831120,180.0
831152,180.0
831200,180.0
831360,180.0
831744,180.0
831904,180.0
832160,180.0
832176,180.0
832432,180.0
832528,180.0
832624,180.0
833712,180.0
833840,180.0
834096,180.0
834112,180.0
834224,180.0
834256,180.0
834352,180.0
834384,180.0
834672,180.0
834832,180.0
835008,180.0
835120,180.0
835152,180.0
835168,180.0
835312,180.0
835328,180.0
835456,180.0
835504,180.0
835600,180.0
835824,180.0
836048,180.0
836112,180.0
836480,180.0
836784,180.0
836816,180.0
837168,180.0
837264,180.0
837296,180.0
837488,180.0
837552,180.0
837600,180.0
837728,180.0
837936,180.0
837952,180.0
838096,180.0
838544,180.0
838592,180.0
838608,180.0
838736,180.0
839312,180.0
839344,180.0
839408,180.0
839424,180.0
839440,180.0
839536,180.0
839840,180.0
840272,180.0
840416,180.0
840464,180.0
840704,180.0
840720,180.0
841168,180.0
841200,180.0
841376,180.0
841408,180.0
841488,180.0
841632,180.0
841792,180.0
841952,180.0
842064,180.0
842304,180.0
842320,180.0
842368,180.0
843280,180.0
843328,180.0
843696,180.0
843712,180.0
844064,180.0
844352,180.0
844384,180.0
844432,180.0
844528,180.0
844864,180.0
844880,180.0
844912,180.0
845008,180.0
845664,180.0
845968,180.0
846336,180.0
846384,180.0
846768,180.0
846976,180.0
847216,180.0
847328,180.0
847568,180.0
847712,180.0
847728,180.0
847920,180.0
847984,180.0
848272,180.0
848320,180.0
848560,180.0
848752,180.0
848992,180.0
849088,180.0
849104,180.0
849200,180.0
849376,180.0
849552,180.0
850128,180.0
850272,180.0
850592,180.0
850704,180.0
851056,180.0
851072,180.0
851504,180.0
851520,180.0
851600,180.0
851760,180.0
851904,180.0
852576,180.0
852672,180.0
852720,180.0
852816,180.0
852864,180.0
852960,180.0
853024,180.0
853088,180.0
853232,180.0
853680,180.0
854080,180.0
854192,180.0
854224,180.0
854384,180.0
854576,180.0
854624,180.0
854752,180.0
854976,180.0
855120,180.0
855312,180.0
855472,180.0
855776,180.0
856080,180.0
856128,180.0
856240,180.0
856912,180.0
856944,180.0
857136,180.0
857152,180.0
857168,180.0
857712,180.0
857984,180.0
858128,180.0
858256,180.0
858272,180.0
858304,180.0
858368,180.0
858560,180.0
858640,180.0
858816,180.0
859072,180.0
859168,180.0
859184,180.0
859376,180.0
860064,180.0
860336,180.0
860784,180.0
860880,180.0
861248,180.0
861264,180.0
861360,180.0
861712,180.0
861728,180.0
861744,180.0
862000,180.0
862480,180.0
862720,180.0
862768,180.0
862864,180.0
863056,180.0
863104,180.0
863520,180.0
863552,180.0
863616,180.0
863648,180.0
863712,180.0
864048,180.0
864096,180.0
864160,180.0
865184,180.0
865328,180.0
865440,180.0
865504,180.0
865856,180.0
865920,180.0
865968,180.0
866080,180.0
866128,180.0
866176,180.0
866304,180.0
866368,180.0
866544,180.0
866736,180.0
866896,180.0
867072,180.0
867216,180.0
867232,180.0
867328,180.0
867456,180.0
867840,180.0
867968,180.0
867984,180.0
868032,180.0
868048,180.0
868176,180.0
868256,180.0
868336,180.0
868432,180.0
868592,180.0
868944,180.0
869008,180.0
869040,180.0
869376,180.0
869584,180.0
869616,180.0
870128,180.0
870288,180.0
870432,180.0
870544,180.0
870560,180.0
870960,180.0
871072,180.0
871152,180.0
871248,180.0
871264,180.0
871312,180.0
871408,180.0
871968,180.0
872240,180.0
872288,180.0
872320,180.0
872544,180.0
873072,180.0
873248,180.0
873440,180.0
873632,180.0
873984,180.0
874048,180.0
874240,180.0
874368,180.0
874976,180.0
875008,180.0
875792,180.0
875856,180.0
875968,180.0
876032,180.0
876112,180.0
876544,180.0
876832,180.0
876992,180.0
877072,180.0
877120,180.0
877136,180.0
877344,180.0
877456,180.0
877968,180.0
878080,180.0
878224,180.0
878544,180.0
878832,180.0
878880,180.0
879136,180.0
879488,180.0
879696,180.0
879920,180.0
879968,180.0
880000,180.0
880240,180.0
880304,180.0
880432,180.0
880592,180.0
880768,180.0
881376,180.0
881408,180.0
881600,180.0
881872,180.0
882032,180.0
882064,180.0
882272,180.0
882352,180.0
882544,180.0
882704,180.0
883328,180.0
883488,180.0
883520,180.0
883792,180.0
883936,180.0
884352,180.0
884368,180.0
884400,180.0
884784,180.0
884944,180.0
885216,180.0
885520,180.0
886080,180.0
886480,180.0
886512,180.0
886832,180.0
887200,180.0
887248,180.0
887264,180.0
887632,180.0
887760,180.0
887824,180.0
887856,180.0
888256,180.0
888336,180.0
888368,180.0
888832,180.0
888912,180.0
889440,180.0
889504,180.0
890320,180.0
890608,180.0
890816,180.0
891472,180.0
891664,180.0
891840,180.0
891968,180.0
892176,180.0
892496,180.0
892528,180.0
892992,180.0
893056,180.0
893232,180.0
894112,180.0
894208,180.0
894432,180.0
894544,180.0
894608,180.0
894752,180.0
894784,180.0
894960,180.0
895088,180.0
895216,180.0
895280,180.0
895360,180.0
895472,180.0
895536,180.0
895792,180.0
895920,180.0
896032,180.0
896224,180.0
896304,180.0
896448,180.0
897040,180.0
897120,180.0
897168,180.0
897248,180.0
897296,180.0
897312,180.0
897360,180.0
897408,180.0
897776,180.0
898256,180.0
898496,180.0
898608,180.0
898656,180.0
898832,180.0
899040,180.0
899056,180.0
899088,180.0
899152,180.0
899296,180.0
899648,180.0
899824,180.0
900000,180.0
900080,180.0
900112,180.0
901184,180.0
901376,180.0
901456,180.0
901632,180.0
901792,180.0
901936,180.0
902400,180.0
902432,180.0
902544,180.0
902592,180.0
902720,180.0
902832,180.0
903040,180.0
903056,180.0
903152,180.0
903168,180.0
903520,180.0
903536,180.0
903632,180.0
903648,180.0
903840,180.0
904016,180.0
904064,180.0
904096,180.0
904208,180.0
904352,180.0
904752,180.0
904912,180.0
905824,180.0
905920,180.0
906000,180.0
906496,180.0
906576,180.0
906960,180.0
907232,180.0
907744,180.0
907776,180.0
908112,180.0
908272,180.0
908400,180.0
908560,180.0
908624,180.0
908816,180.0
908976,180.0
908992,180.0
909024,180.0
909056,180.0
909152,180.0
909520,180.0
909552,180.0
909616,180.0
909824,180.0
910512,180.0
910528,180.0
910672,180.0
910736,180.0
911136,180.0
911216,180.0
911536,180.0
911600,180.0
912016,180.0
912272,180.0
912560,180.0
913024,180.0
913104,180.0
913120,180.0
913168,180.0
913616,180.0
913696,180.0
913712,180.0
913808,180.0
914496,180.0
914560,180.0
914608,180.0
914992,180.0
915200,180.0
915424,180.0
915664,180.0
915824,180.0
916096,180.0
916176,180.0
916256,180.0
916480,180.0
916496,180.0
916624,180.0
916704,180.0
916768,180.0
916848,180.0
916992,180.0
917008,180.0
917152,180.0
917264,180.0
917360,180.0
917648,180.0
917824,180.0
918128,180.0
918176,180.0
918352,180.0
918416,180.0
918448,180.0
918736,180.0
918864,180.0
919008,180.0
919264,180.0
919760,180.0
920128,180.0
920144,180.0
920208,180.0
920416,180.0
920784,180.0
920848,180.0
921008,180.0
921328,180.0
921424,180.0
921584,180.0
921696,180.0
921824,180.0
921856,180.0
922016,180.0
922032,180.0
922064,180.0
922096,180.0
922304,180.0
922336,180.0
922384,180.0
922656,180.0
922912,180.0
922960,180.0
923248,180.0
923424,180.0
923584,180.0
923648,180.0
923792,180.0
924272,180.0
924384,180.0
924976,180.0
925056,180.0
925072,180.0
925120,180.0
925152,180.0
925328,180.0
925664,180.0
925808,180.0
926224,180.0
926240,180.0
926304,180.0
926352,180.0
926368,180.0
926416,180.0
926464,180.0
927184,180.0
927216,180.0
927264,180.0
927696,180.0
927776,180.0
927856,180.0
927872,180.0
927936,180.0
928032,180.0
928288,180.0
928496,180.0
928624,180.0
928768,180.0
928816,180.0
928944,180.0
929104,180.0
929136,180.0
929232,180.0
929248,180.0
929392,180.0
929712,180.0
929792,180.0
929904,180.0
930432,180.0
930640,180.0
930944,180.0
931200,180.0
931344,180.0
931472,180.0
931504,180.0
932016,180.0
932080,180.0
932320,180.0
932544,180.0
932560,180.0
933232,180.0
933360,180.0
933424,180.0
933808,180.0
934176,180.0
934240,180.0
934384,180.0
934688,180.0
934736,180.0
934832,180.0
935104,180.0
935184,180.0
935264,180.0
935392,180.0
935600,180.0
935808,180.0
936064,180.0
936272,180.0
936416,180.0
936752,180.0
937040,180.0
937216,180.0
937488,180.0
937712,180.0
937792,180.0
937920,180.0
937968,180.0
938048,180.0
938160,180.0
938224,180.0
938368,180.0
938384,180.0
938784,180.0
938864,180.0
938912,180.0
939248,180.0
939600,180.0
940336,180.0
940496,180.0
940512,180.0
940864,180.0
940880,180.0
941024,180.0
941216,180.0
941520,180.0
941552,180.0
941584,180.0
941664,180.0
941840,180.0
941904,180.0
942064,180.0
942176,180.0
942704,180.0
942832,180.0
943024,180.0
943072,180.0
943280,180.0
943328,180.0
943776,180.0
944112,180.0
944288,180.0
944448,180.0
944672,180.0
944736,180.0
944944,180.0
945040,180.0
945056,180.0
945104,180.0
945520,180.0
945584,180.0
945840,180.0
946240,180.0
947024,180.0
947184,180.0
947264,180.0
947616,180.0
947760,180.0
947856,180.0
948064,180.0
948080,180.0
948768,180.0
948960,180.0
949360,180.0
949424,180.0
949712,180.0
949872,180.0
949952,180.0
950288,180.0
950432,180.0
950544,180.0
950592,180.0
950656,180.0
950704,180.0
951040,180.0
951152,180.0
951520,180.0
951568,180.0
951728,180.0
952400,180.0
952640,180.0
952736,180.0
952896,180.0
953792,180.0
954080,180.0
954448,180.0
954464,180.0
954496,180.0
954576,180.0
954624,180.0
954672,180.0
954960,180.0
955648,180.0
956576,180.0
956688,180.0
956768,180.0
956912,180.0
956928,180.0
957072,180.0
957632,180.0
957664,180.0
957840,180.0
957888,180.0
957952,180.0
957984,180.0
958016,180.0
958224,180.0
958304,180.0
959408,180.0
959920,180.0
960192,180.0
960464,180.0
960656,180.0
960688,180.0
960752,180.0
960800,180.0
961056,180.0
961200,180.0
961216,180.0
961376,180.0
961648,180.0
961664,180.0
961872,180.0
961952,180.0
962240,180.0
962432,180.0
962656,180.0
962720,180.0
963248,180.0
963264,180.0
963344,180.0
963888,180.0
964064,180.0
964448,180.0
964480,180.0
964560,180.0
964688,180.0
965088,180.0
965568,180.0
965984,180.0
966016,180.0
966064,180.0
966112,180.0
966496,180.0
966704,180.0
966720,180.0
966832,180.0
967216,180.0
967280,180.0
967328,180.0
967440,180.0
967632,180.0
967760,180.0
967856,180.0
967872,180.0
967888,180.0
967904,180.0
968240,180.0
968512,180.0
968544,180.0
968560,180.0
968752,180.0
968960,180.0
968976,180.0
969808,180.0
969824,180.0
970672,180.0
970720,180.0
970784,180.0
971072,180.0
971536,180.0
971552,180.0
971568,180.0
971824,180.0
971984,180.0
972144,180.0
972176,180.0
973248,180.0
973264,180.0
973360,180.0
973392,180.0
973696,180.0
974048,180.0
974064,180.0
974112,180.0
974272,180.0
974320,180.0
974400,180.0
974416,180.0
974480,180.0
974592,180.0
974912,180.0
975296,180.0
975328,180.0
975456,180.0
975536,180.0
975792,180.0
976192,180.0
976304,180.0
976512,180.0
976608,180.0
976768,180.0
976864,180.0
976992,180.0
977248,180.0
977408,180.0
977616,180.0
977680,180.0
978080,180.0
978288,180.0
978368,180.0
978480,180.0
978592,180.0
978896,180.0
979728,180.0
980048,180.0
980080,180.0
980208,180.0
980240,180.0
980512,180.0
980592,180.0
980768,180.0
980816,180.0
980832,180.0
981024,180.0
981664,180.0
981696,180.0
981744,180.0
981904,180.0
982192,180.0
982256,180.0
982320,180.0
982496,180.0
982512,180.0
982624,180.0
982848,180.0
982896,180.0
982960,180.0
983584,180.0
983712,180.0
984352,180.0
984480,180.0
984512,180.0
984656,180.0
984720,180.0
985136,180.0
985200,180.0
985216,180.0
985248,180.0
985440,180.0
985696,180.0
985840,180.0
985888,180.0
986080,180.0
986192,180.0
986208,180.0
986224,180.0
986544,180.0
986608,180.0
987056,180.0
987152,180.0
987216,180.0
987968,180.0
988432,180.0
988560,180.0
988784,180.0
988800,180.0
989104,180.0
989600,180.0
989648,180.0
989776,180.0
989792,180.0
990112,180.0
990144,180.0
990208,180.0
990272,180.0
990288,180.0
990512,180.0
990656,180.0
991120,180.0
991152,180.0
991232,180.0
991440,180.0
991600,180.0
991632,180.0
991760,180.0
991904,180.0
991952,180.0
992096,180.0
992224,180.0
992416,180.0
992640,180.0
992816,180.0
993296,180.0
993648,180.0
994112,180.0
994144,180.0
994528,180.0
994688,180.0
994944,180.0
995072,180.0
995152,180.0
995216,180.0
995264,180.0
995472,180.0
995536,180.0
995568,180.0
995600,180.0
995648,180.0
995744,180.0
995904,180.0
995920,180.0
996176,180.0
996352,180.0
996400,180.0
997024,180.0
997376,180.0
997984,180.0
998208,180.0
998416,180.0
998448,180.0
998576,180.0
998800,180.0
998912,180.0
999008,180.0
999088,180.0
999136,180.0
999328,180.0
999376,180.0
999536,180.0
999568,180.0
999584,180.0
999632,180.0
999664,180.0
999792,180.0
999808,180.0
999840,180.0
1000080,180.0
1000096,180.0
1000224,180.0
1000512,180.0
1000544,180.0
1000560,180.0
1000640,180.0
1000736,180.0
1000896,180.0
1000992,180.0
1001312,180.0
1001408,180.0
1001472,180.0
1002064,180.0
1002096,180.0
1002176,180.0
1002192,180.0
1002448,180.0
1002944,180.0
1003120,180.0
1003280,180.0
1003472,180.0
1003712,180.0
1003824,180.0
1003856,180.0
1003952,180.0
1004048,180.0
1004288,180.0
1004352,180.0
1004384,180.0
1004528,180.0
1004560,180.0
1004736,180.0
1004832,180.0
1005136,180.0
1005968,180.0
1006144,180.0
1006256,180.0
1006288,180.0
1006304,180.0
1006352,180.0
1006496,180.0
1007104,180.0
1007264,180.0
1007392,180.0
1008000,180.0
1008032,180.0
1008080,180.0
1008544,180.0
1008736,180.0
1008960,180.0
1009184,180.0
1009280,180.0
1009536,180.0
1009744,180.0
1010064,180.0
1010208,180.0
1010512,180.0
1010608,180.0
1010688,180.0
1010864,180.0
1010928,180.0
1011328,180.0
1011376,180.0
1011488,180.0
1011664,180.0
1012128,180.0
1012144,180.0
1012320,180.0
1012608,180.0
1012768,180.0
1012832,180.0
1012960,180.0
1013312,180.0
1013472,180.0
1013520,180.0
1013616,180.0
1013808,180.0
1014112,180.0
1014496,180.0
1014560,180.0
1014592,180.0
1014896,180.0
1014912,180.0
1015024,180.0
1015120,180.0
1015216,180.0
1015232,180.0
1015392,180.0
1015536,180.0
1015552,180.0
1015600,180.0
1015616,180.0
1015936,180.0
1016144,180.0
1016256,180.0
1016432,180.0
1016752,180.0
1017376,180.0
1017504,180.0
1017520,180.0
1017568,180.0
1017632,180.0
1017648,180.0
1017712,180.0
1017856,180.0
1017952,180.0
1017984,180.0
1018288,180.0
1018336,180.0
1018464,180.0
1018544,180.0
1018688,180.0
1018800,180.0
1018960,180.0
1019088,180.0
1019408,180.0
1019712,180.0
1019760,180.0
1020080,180.0
1020224,180.0
1020288,180.0
1020432,180.0
1020576,180.0
1020704,180.0
1020800,180.0
1020960,180.0
1021344,180.0
1021424,180.0
1021440,180.0
1021568,180.0
1021616,180.0
1021936,180.0
1022064,180.0
1022416,180.0
1022928,180.0
1023328,180.0
1023728,180.0
1023808,180.0
1024048,180.0
1024320,180.0
1024352,180.0
1024512,180.0
1024592,180.0
1024816,180.0
1024912,180.0
1025088,180.0
1025248,180.0
1025312,180.0
1025744,180.0
1025904,180.0
1026128,180.0
1026208,180.0
1026224,180.0
1026240,180.0
1026288,180.0
1026416,180.0
1026656,180.0
1027216,180.0
1027232,180.0
1027376,180.0
1027520,180.0
1027728,180.0
1027840,180.0
1028064,180.0
1028272,180.0
1028288,180.0
1028544,180.0
1028704,180.0
1028752,180.0
1028944,180.0
1029376,180.0
1029504,180.0
1029776,180.0
1029824,180.0
1029856,180.0
1029904,180.0
1029936,180.0
1030432,180.0
1030672,180.0
1030752,180.0
1030864,180.0
1031152,180.0
1031408,180.0
1031472,180.0
1031760,180.0
1031808,180.0
1032064,180.0
1032352,180.0
1032368,180.0
1032384,180.0
1032448,180.0
1032608,180.0
1032624,180.0
1032672,180.0
1032688,180.0
1032784,180.0
1033008,180.0
1033344,180.0
1033360,180.0
1033392,180.0
1033472,180.0
1033536,180.0
1033872,180.0
1033952,180.0
1034032,180.0
1034048,180.0
1034224,180.0
1034800,180.0
1034848,180.0
1035040,180.0
1035568,180.0
1035696,180.0
1035904,180.0
1036336,180.0
1036352,180.0
1036560,180.0
1036592,180.0
1036992,180.0
1037008,180.0
1037072,180.0
1037120,180.0
1037408,180.0
1037776,180.0
1038160,180.0
1038240,180.0
1038272,180.0
1038496,180.0
1038544,180.0
1038640,180.0
1038880,180.0
1038912,180.0
1039168,180.0
1039200,180.0
1039216,180.0
1039248,180.0
1039456,180.0
1039568,180.0
1039648,180.0
1039696,180.0
1040048,180.0
1040240,180.0
1040304,180.0
1040336,180.0
1040384,180.0
1040512,180.0
1040832,180.0
1040944,180.0
1041024,180.0
1041408,180.0
1041744,180.0
1042304,180.0
1042480,180.0
1042816,180.0
1042896,180.0
1043424,180.0
1043552,180.0
1044144,180.0
1044176,180.0
1044336,180.0
1044784,180.0
1045200,180.0
1045296,180.0
1045424,180.0
1045824,180.0
1046736,180.0
1047136,180.0
1047760,180.0
1047808,180.0
1048192,180.0
1048384,180.0
1048576,180.0
1048688,180.0
1049312,180.0
1049728,180.0
1050240,180.0
1050608,180.0
1051136,180.0
1051360,180.0
1051408,180.0
1051488,180.0
1051520,180.0
1052048,180.0
1052496,180.0
1052672,180.0
1052720,180.0
1052736,180.0
1053008,180.0
1053120,180.0
1053136,180.0
1053264,180.0
1053296,180.0
1053488,180.0
1053504,180.0
1053568,180.0
1054192,180.0
1054208,180.0
1054496,180.0
1054592,180.0
1054624,180.0
1054672,180.0
1054800,180.0
1054896,180.0
1055040,180.0
1055136,180.0
1055248,180.0
1055344,180.0
1055680,180.0
1055744,180.0
1056112,180.0
1056384,180.0
1056688,180.0
1056976,180.0
1057040,180.0
1057392,180.0
1057408,180.0
1057632,180.0
1058144,180.0
1058624,180.0
1058816,180.0
1058848,180.0
1058896,180.0
1059456,180.0
1059568,180.0
1059648,180.0
1059888,180.0
1060048,180.0
1060352,180.0
1060592,180.0
1060608,180.0
1060688,180.0
1060704,180.0
1060928,180.0
1061232,180.0
1061616,180.0
1061888,180.0
1061920,180.0
1061968,180.0
1062144,180.0
1062352,180.0
1062416,180.0
1062896,180.0
1063024,180.0
1063232,180.0
1063616,180.0
1064080,180.0
1064352,180.0
1064416,180.0
1064464,180.0
1064672,180.0
1064832,180.0
1064896,180.0
1064912,180.0
1065232,180.0
1065520,180.0
1065760,180.0
1066256,180.0
1066416,180.0
1066496,180.0
1066736,180.0
1066784,180.0
1066848,180.0
1066992,180.0
1067408,180.0
1067424,180.0
1067520,180.0
1067632,180.0
1067680,180.0
1067696,180.0
1067744,180.0
1067760,180.0
1067824,180.0
1067968,180.0
1068640,180.0
1068816,180.0
1069040,180.0
1069056,180.0
1069120,180.0
1069200,180.0
1069312,180.0
1069360,180.0
1069376,180.0
1069792,180.0
1070000,180.0
1070096,180.0
1070640,180.0
1070816,180.0
1071264,180.0
1071328,180.0
1071376,180.0
1071520,180.0
1071696,180.0
1071776,180.0
1071808,180.0
1071824,180.0
1071952,180.0
1072464,180.0
1072736,180.0
1072912,180.0
1073184,180.0
1073648,180.0
1073760,180.0
1073776,180.0
1073824,180.0
1074320,180.0
1074528,180.0
1074688,180.0
1074864,180.0
1074976,180.0
1075360,180.0
1075696,180.0
1076032,180.0
1076112,180.0
1076192,180.0
1076352,180.0
1076416,180.0
1076656,180.0
1076736,180.0
1076880,180.0
1077200,180.0
1077424,180.0
1077968,180.0
1078384,180.0
1078416,180.0
1078432,180.0
1078512,180.0
1078544,180.0
1078576,180.0
1078720,180.0
1079024,180.0
1079168,180.0
1079264,180.0
1079360,180.0
1079376,180.0
1079600,180.0
1079808,180.0
1079936,180.0
1080048,180.0
1080064,180.0
1080464,180.0
1080736,180.0
1081040,180.0
1081248,180.0
1081296,180.0
1081312,180.0
1081616,180.0
1081648,180.0
1081680,180.0
1081712,180.0
1081856,180.0
1082960,180.0
1083120,180.0
1083552,180.0
1084096,180.0
1084416,180.0
1084480,180.0
1084704,180.0
1085104,180.0
1085200,180.0
1085344,180.0
1085664,180.0
1085712,180.0
1085728,180.0
1086048,180.0
1086144,180.0
1086176,180.0
1086512,180.0
1086832,180.0
1087168,180.0
1087424,180.0
1087568,180.0
1087712,180.0
1088032,180.0
1088208,180.0
1088608,180.0
1088768,180.0
1088832,180.0
1088912,180.0
1089344,180.0
1089888,180.0
1090016,180.0
1090224,180.0
1090400,180.0
1090416,180.0
1090512,180.0
1090736,180.0
1090752,180.0
1090768,180.0
1090816,180.0
1091184,180.0
1091792,180.0
1092096,180.0
1092544,180.0
1092560,180.0
1093136,180.0
1093152,180.0
1094080,180.0
1094304,180.0
1094528,180.0
1095040,180.0
1095808,180.0
1095968,180.0
1096368,180.0
1096880,180.0
1096976,180.0
1097008,180.0
1097056,180.0
1097088,180.0
1097472,180.0
1097520,180.0
1097616,180.0
1097792,180.0
1097856,180.0
1098432,180.0
1098512,180.0
1098608,180.0
1099232,180.0
1099600,180.0
1099664,180.0
1099824,180.0
1099888,180.0
1099936,180.0
1100048,180.0
1100608,180.0
1100800,180.0
1100848,180.0
1100928,180.0
1101280,180.0
1101472,180.0
1101792,180.0
1101840,180.0
1101968,180.0
1102016,180.0
1102240,180.0
1102352,180.0
1102480,180.0
1102496,180.0
1102560,180.0
1102688,180.0
1102768,180.0
1103232,180.0
1103376,180.0
1103696,180.0
1104400,180.0
1104848,180.0
1104880,180.0
1105120,180.0
1106016,180.0
1106368,180.0
1106528,180.0
1106608,180.0
1106656,180.0
1106752,180.0
1106912,180.0
1107168,180.0
1107200,180.0
1107376,180.0
1107456,180.0
1107904,180.0
1108336,180.0
1108864,180.0
1108896,180.0
1109024,180.0
1109520,180.0
1109552,180.0
1109792,180.0
1109824,180.0
1110256,180.0
1110384,180.0
1110416,180.0
1110560,180.0
1110688,180.0
1111280,180.0
1111376,180.0
1111456,180.0
1111504,180.0
1111536,180.0
1111824,180.0
1111936,180.0
1112000,180.0
1112592,180.0
1112752,180.0
1112896,180.0
1113088,180.0
1113200,180.0
1113488,180.0
1113616,180.0
1113712,180.0
1113856,180.0
1113872,180.0
1113888,180.0
1114064,180.0
1114432,180.0
1114544,180.0
1114960,180.0
1115024,180.0
1115280,180.0
1115408,180.0
1115584,180.0
1115632,180.0
1115840,180.0
1115888,180.0
1116144,180.0
1116192,180.0
1116288,180.0
1117216,180.0
1117600,180.0
1117648,180.0
1117872,180.0
1117888,180.0
1118208,180.0
1118336,180.0
1118368,180.0
1118512,180.0
1118592,180.0
1118688,180.0
1118752,180.0
1118864,180.0
1118928,180.0
1118992,180.0
1119088,180.0
1119440,180.0
1119456,180.0
1119920,180.0
1120032,180.0
1120144,180.0
1120176,180.0
1120368,180.0
1120400,180.0
1120512,180.0
1120640,180.0
1120800,180.0
1121024,180.0
1121088,180.0
1121152,180.0
1121168,180.0
1121216,180.0
1121248,180.0
1121424,180.0
1121728,180.0
1121920,180.0
1121968,180.0
1122176,180.0
1122480,180.0
1122512,180.0
1122640,180.0
1122944,180.0
1123120,180.0
1123184,180.0
1123200,180.0
1123680,180.0
1124608,180.0
1125088,180.0
1125728,180.0
1125856,180.0
1125936,180.0
1126192,180.0
1126224,180.0
1126640,180.0
1126704,180.0
1126784,180.0
1126928,180.0
1127344,180.0
1127376,180.0
1127696,180.0
1128000,180.0
1128064,180.0
1129232,180.0
1129456,180.0
1129536,180.0
1129760,180.0
1129904,180.0
1130128,180.0
1130256,180.0
1130672,180.0
1130784,180.0
1131104,180.0
1131152,180.0
1131424,180.0
1131440,180.0
1131536,180.0
1131712,180.0
1131744,180.0
1132000,180.0
1132048,180.0
1132304,180.0
1132384,180.0
1132400,180.0
1132480,180.0
1132848,180.0
1132976,180.0
1133008,180.0
1133152,180.0
1133632,180.0
1134416,180.0
1135248,180.0
1135392,180.0
1136032,180.0
1136160,180.0
1136192,180.0
1136288,180.0
1136400,180.0
1136464,180.0
1136560,180.0
1136592,180.0
1136848,180.0
1136864,180.0
1137104,180.0
1137120,180.0
1137136,180.0
1137184,180.0
1137200,180.0
1137488,180.0
1137776,180.0
1137984,180.0
1138272,180.0
1138592,180.0
1138608,180.0
1138672,180.0
1138688,180.0
1138720,180.0
1138864,180.0
1138928,180.0
1138960,180.0
1139184,180.0
1139216,180.0
1139408,180.0
1139424,180.0
1139472,180.0
1139488,180.0
1139520,180.0
1139648,180.0
1140000,180.0
1140448,180.0
1140624,180.0
1141200,180.0
1141328,180.0
1141344,180.0
1141360,180.0
1141888,180.0
1142128,180.0
1142336,180.0
1142384,180.0
1142512,180.0
1142656,180.0
1142688,180.0
1142880,180.0
1142896,180.0
1142912,180.0
1143344,180.0
1143392,180.0
1143792,180.0
1143856,180.0
1144704,180.0
1144896,180.0
1144912,180.0
1145008,180.0
1145024,180.0
1145040,180.0
1145552,180.0
1145600,180.0
1145808,180.0
1145920,180.0
1146176,180.0
1146224,180.0
1146304,180.0
1146352,180.0
1146816,180.0
1147040,180.0
1147744,180.0
1147984,180.0
1148080,180.0
1148144,180.0
1148192,180.0
1148432,180.0
1149088,180.0
1149584,180.0
1150448,180.0
1150672,180.0
1150912,180.0
1151264,180.0
1151392,180.0
1151968,180.0
1152144,180.0
1152256,180.0
1152576,180.0
1153104,180.0
1153168,180.0
1153264,180.0
1153376,180.0
1153392,180.0
1153424,180.0
1153488,180.0
1153792,180.0
1154224,180.0
1154432,180.0
1154720,180.0
1154912,180.0
1155120,180.0
1155856,180.0
1156128,180.0
1156944,180.0
1157040,180.0
1157152,180.0
1157216,180.0
1157408,180.0
1157472,180.0
1157520,180.0
1157536,180.0
1158016,180.0
1158144,180.0
1158176,180.0
1158272,180.0
1158400,180.0
1158416,180.0
1158896,180.0
1158992,180.0
1159056,180.0
1159328,180.0
1159424,180.0
1159520,180.0
1159536,180.0
1159712,180.0
1159856,180.0
1159872,180.0
1160048,180.0
1160112,180.0
1160224,180.0
1160480,180.0
1160592,180.0
1160784,180.0
1160816,180.0
1160880,180.0
1161136,180.0
1161712,180.0
1161824,180.0
1161984,180.0
1162544,180.0
1162640,180.0
1162720,180.0
1162752,180.0
1162848,180.0
1162976,180.0
1163440,180.0
1163648,180.0
1163744,180.0
1164112,180.0
1164176,180.0
1164224,180.0
1164384,180.0
1164416,180.0
1164464,180.0
1164592,180.0
1165536,180.0
1165552,180.0
1165856,180.0
1166224,180.0
1166592,180.0
1166976,180.0
1167072,180.0
1167088,180.0
1167312,180.0
1167360,180.0
1167472,180.0
1167776,180.0
1168128,180.0
1168512,180.0
1168736,180.0
1168768,180.0
1168800,180.0
1168832,180.0
1168896,180.0
1168976,180.0
1169056,180.0
1169296,180.0
1169600,180.0
1169760,180.0
1169792,180.0
1169840,180.0
1170400,180.0
1170544,180.0
1170624,180.0
1170640,180.0
1170816,180.0
1171248,180.0
1172032,180.0
1172064,180.0
1172112,180.0
1172288,180.0
1172336,180.0
1172736,180.0
1173104,180.0
1173152,180.0
1173424,180.0
1173952,180.0
1174176,180.0
1174304,180.0
1174912,180.0
1175152,180.0
1175600,180.0
1175616,180.0
1175728,180.0
1175744,180.0
1175856,180.0
1176176,180.0
1176656,180.0
1176848,180.0
1176864,180.0
1176976,180.0
1177168,180.0
1177312,180.0
1177424,180.0
1177456,180.0
1177856,180.0
1177888,180.0
1178720,180.0
1178752,180.0
1178880,180.0
1179168,180.0
1179184,180.0
1179280,180.0
1179584,180.0
1179696,180.0
1179808,180.0
1179952,180.0
1180144,180.0
1180160,180.0
1180224,180.0
1180592,180.0
1180640,180.0
1180768,180.0
1180992,180.0
1181056,180.0
1181264,180.0
1182032,180.0
1182048,180.0
1182080,180.0
1182512,180.0
1182544,180.0
1182576,180.0
1182656,180.0
1183168,180.0
1183200,180.0
1183376,180.0
1183520,180.0
1183584,180.0
1183632,180.0
1183888,180.0
1184192,180.0
1184240,180.0
1184304,180.0
1184448,180.0
1184480,180.0
1184592,180.0
1184640,180.0
1184944,180.0
1184960,180.0
1185024,180.0
1185056,180.0
1185072,180.0
1185152,180.0
1185392,180.0
1185616,180.0
1185664,180.0
1185856,180.0
1185952,180.0
1186352,180.0
1186432,180.0
1186688,180.0
1186896,180.0
1187152,180.0
1187376,180.0
1187408,180.0
1187904,180.0
1188064,180.0
1188272,180.0
1188288,180.0
1188496,180.0
1188544,180.0
1188576,180.0
1188656,180.0
1188800,180.0
1188944,180.0
1189216,180.0
1189264,180.0
1189424,180.0
1189536,180.0
1189920,180.0
1189936,180.0
1190192,180.0
1190512,180.0
1190768,180.0
1190832,180.0
1190880,180.0
1191024,180.0
1191552,180.0
1191712,180.0
1191872,180.0
1191920,180.0
1192224,180.0
1192544,180.0
1193056,180.0
1193136,180.0
1193312,180.0
1193584,180.0
1193680,180.0
1193712,180.0
1193760,180.0
1193888,180.0
1194096,180.0
1194560,180.0
1194880,180.0
1194896,180.0
1194944,180.0
1195040,180.0
1195072,180.0
1195200,180.0
1195296,180.0
1195504,180.0
1195696,180.0
1196000,180.0
1196048,180.0
1196224,180.0
1196272,180.0
1196336,180.0
1196400,180.0
1196624,180.0
1196672,180.0
1196896,180.0
1197040,180.0
1197104,180.0
1197184,180.0
1197536,180.0
1197712,180.0
1198096,180.0
1198336,180.0
1198368,180.0
1198832,180.0
1198864,180.0
1198960,180.0
1199216,180.0
1199248,180.0
1199712,180.0
1199728,180.0
1200048,180.0
1200064,180.0
1200368,180.0
1200528,180.0
1200560,180.0
1200752,180.0
1200896,180.0
1201856,180.0
1201904,180.0
1201968,180.0
1202384,180.0
1202496,180.0
1202624,180.0
1202720,180.0
1202816,180.0
1202832,180.0
1203008,180.0
1203072,180.0
1203088,180.0
1203232,180.0
1203504,180.0
1203616,180.0
1203696,180.0
1203760,180.0
1203776,180.0
1204064,180.0
1204176,180.0
1204896,180.0
1205184,180.0
1205312,180.0
1205760,180.0
1205920,180.0
1205952,180.0
1206000,180.0
1206016,180.0
1206560,180.0
1206768,180.0
1207088,180.0
1207200,180.0
1207248,180.0
1207280,180.0
1207344,180.0
1207424,180.0
1207472,180.0
1207728,180.0
1207760,180.0
1207888,180.0
1208112,180.0
1208448,180.0
1208512,180.0
1208704,180.0
1208720,180.0
1208768,180.0
1208816,180.0
1208880,180.0
1208992,180.0
1209088,180.0
1209632,180.0
1209760,180.0
1209920,180.0
1209936,180.0
1210000,180.0
1210208,180.0
1210560,180.0
1210800,180.0
1211072,180.0
1211248,180.0
1211520,180.0
1211552,180.0
1211888,180.0
1212016,180.0
1212432,180.0
1212528,180.0
1212880,180.0
1213232,180.0
1213360,180.0
1213456,180.0
1213600,180.0
1213632,180.0
1214048,180.0
1215232,180.0
1215312,180.0
1215344,180.0
1215488,180.0
1215696,180.0
1215712,180.0
1215984,180.0
1216032,180.0
1216384,180.0
1216656,180.0
1217392,180.0
1217568,180.0
1217680,180.0
1217936,180.0
1217952,180.0
1218144,180.0
1218192,180.0
1218480,180.0
1219232,180.0
1219328,180.0
1219440,180.0
1219632,180.0
1219696,180.0
1220160,180.0
1220448,180.0
1220736,180.0
1220848,180.0
1220976,180.0
1221216,180.0
1221392,180.0
1221808,180.0
1222336,180.0
1222624,180.0
1222672,180.0
1223104,180.0
1223136,180.0
1223168,180.0
1223296,180.0
1223424,180.0
1223568,180.0
1223936,180.0
1224144,180.0
1224384,180.0
1224656,180.0
1224960,180.0
1225280,180.0
1225680,180.0
1225696,180.0
1225712,180.0
1225744,180.0
1225776,180.0
1225792,180.0
1225840,180.0
1226224,180.0
1226304,180.0
1226496,180.0
1226528,180.0
1226672,180.0
1226816,180.0
1227616,180.0
1227648,180.0
1227760,180.0
1227808,180.0
1228080,180.0
1228208,180.0
1228512,180.0
1228784,180.0
1228944,180.0
1228992,180.0
1229120,180.0
1229344,180.0
1229376,180.0
1229632,180.0
1229648,180.0
1229728,180.0
1229936,180.0
1230048,180.0
1230160,180.0
1230272,180.0
1230704,180.0
1231088,180.0
1231808,180.0
1231984,180.0
1232240,180.0
1232288,180.0
1232304,180.0
1232528,180.0
1232544,180.0
1232640,180.0
1232896,180.0
1233136,180.0
1233168,180.0
1233344,180.0
1233392,180.0
1233728,180.0
1233776,180.0
1233968,180.0
1234384,180.0
1234560,180.0
1234672,180.0
1234736,180.0
1234768,180.0
1234848,180.0
1234880,180.0
1235040,180.0
1235504,180.0
1235520,180.0
1235904,180.0
1236096,180.0
1236176,180.0
1236256,180.0
1236464,180.0
1236560,180.0
1236704,180.0
1236880,180.0
1237328,180.0
1237424,180.0
1237488,180.0
1237776,180.0
1238032,180.0
1238320,180.0
1238480,180.0
1238544,180.0
1238816,180.0
1238912,180.0
1238960,180.0
1239120,180.0
1239184,180.0
1239200,180.0
1239856,180.0
1240080,180.0
1240128,180.0
1240480,180.0
1240720,180.0
1241184,180.0
1241376,180.0
1241408,180.0
1241696,180.0
1241744,180.0
1241776,180.0
1241840,180.0
1242176,180.0
1242384,180.0
1243056,180.0
1243120,180.0
1243136,180.0
1243888,180.0
1243936,180.0
1243952,180.0
1244576,180.0
1244864,180.0
1245456,180.0
1245552,180.0
1245616,180.0
1245952,180.0
1246048,180.0
1246352,180.0
1246768,180.0
1247184,180.0
1247328,180.0
1247344,180.0
1247520,180.0
1247920,180.0
1247984,180.0
1248496,180.0
1249136,180.0
1249248,180.0
1249296,180.0
1249392,180.0
1249488,180.0
1249520,180.0
1249600,180.0
1249776,180.0
1249952,180.0
1250432,180.0
1250704,180.0
1251152,180.0
1251328,180.0
1251472,180.0
1251872,180.0
1252000,180.0
1252112,180.0
1252160,180.0
1252608,180.0
1252784,180.0
1253104,180.0
1253168,180.0
1253312,180.0
1253456,180.0
1253520,180.0
1253760,180.0
1253872,180.0
1253888,180.0
1254000,180.0
1254144,180.0
1254176,180.0
1254560,180.0
1254816,180.0
1255328,180.0
1255408,180.0
1255440,180.0
1255520,180.0
1255840,180.0
1256096,180.0
1256112,180.0
1256624,180.0
1256816,180.0
1257008,180.0
1257328,180.0
1257392,180.0
1258016,180.0
1258048,180.0
1258208,180.0
1258448,180.0
1258832,180.0
1258992,180.0
1259392,180.0
1259472,180.0
1259648,180.0
1259952,180.0
1260224,180.0
1260256,180.0
1260304,180.0
1260400,180.0
1260464,180.0
1260800,180.0
1260912,180.0
1261232,180.0
1261440,180.0
1261616,180.0
1261792,180.0
1261856,180.0
1262048,180.0
1262608,180.0
1262640,180.0
1262816,180.0
1262832,180.0
1262864,180.0
1262992,180.0
1263184,180.0
1263504,180.0
1263536,180.0
1263568,180.0
1263936,180.0
1264080,180.0
1264144,180.0
1264528,180.0
1264592,180.0
1264624,180.0
1264640,180.0
1264656,180.0
1264704,180.0
1264912,180.0
1265536,180.0
1265744,180.0
1265952,180.0
1266176,180.0
1266256,180.0
1266320,180.0
1266336,180.0
1266560,180.0
1266736,180.0
1266944,180.0
1267008,180.0
1267584,180.0
1267600,180.0
1267760,180.0
1267984,180.0
1268448,180.0
1269056,180.0
1269264,180.0
1269328,180.0
1269616,180.0
1269712,180.0
1269856,180.0
1269952,180.0
1270016,180.0
1270032,180.0
1270384,180.0
1270752,180.0
1270784,180.0
1270816,180.0
1270944,180.0
1271008,180.0
1271232,180.0
1271312,180.0
1271360,180.0
1271664,180.0
1271872,180.0
1272112,180.0
1272208,180.0
1272384,180.0
1272736,180.0
1272768,180.0
1272832,180.0
1272848,180.0
1273120,180.0
1273184,180.0
1273232,180.0
1273584,180.0
1273712,180.0
1273728,180.0
1273840,180.0
1274016,180.0
1274064,180.0
1274096,180.0
1274144,180.0
1274208,180.0
1274384,180.0
1274400,180.0
1274560,180.0
1274640,180.0
1275072,180.0
1275200,180.0
1275232,180.0
1275280,180.0
1275952,180.0
1276464,180.0
1276992,180.0
1277056,180.0
1277232,180.0
1277296,180.0
1277888,180.0
1277904,180.0
1277984,180.0
1278224,180.0
1278464,180.0
1278496,180.0
1278544,180.0
1278864,180.0
1279136,180.0
1279200,180.0
1279264,180.0
1279424,180.0
1279568,180.0
1279696,180.0
1279920,180.0
1279968,180.0
1280288,180.0
1280480,180.0
1280544,180.0
1280560,180.0
1280704,180.0
1280768,180.0
1281120,180.0
1281216,180.0
1281264,180.0
1281360,180.0
1281392,180.0
1281744,180.0
1282656,180.0
1282912,180.0
1283072,180.0
1283296,180.0
1283408,180.0
1283552,180.0
1283808,180.0
1283968,180.0
1284080,180.0
1284192,180.0
1284448,180.0
1284640,180.0
1284752,180.0
1284864,180.0
1285024,180.0
1285040,180.0
1285328,180.0
1285520,180.0
1285632,180.0
1285792,180.0
1285968,180.0
1286256,180.0
1286272,180.0
1286288,180.0
1287104,180.0
1287136,180.0
1287712,180.0
1287904,180.0
1288144,180.0
1288464,180.0
1288576,180.0
1288784,180.0
1288960,180.0
1289008,180.0
1289280,180.0
1289312,180.0
1290096,180.0
1290128,180.0
1290656,180.0
1291056,180.0
1291264,180.0
1291488,180.0
1291632,180.0
1291872,180.0
1291984,180.0
1292400,180.0
1292416,180.0
1292528,180.0
1292736,180.0
1292752,180.0
1293408,180.0
1293696,180.0
1293888,180.0
1293936,180.0
1294144,180.0
1294160,180.0
1294272,180.0
1294304,180.0
1294368,180.0
1294416,180.0
1294496,180.0
1294512,180.0
1294960,180.0
1295152,180.0
1295376,180.0
1295392,180.0
1295712,180.0
1295728,180.0
1295840,180.0
1295888,180.0
1295936,180.0
1295968,180.0
1296224,180.0
1296288,180.0
1296320,180.0
1296528,180.0
1296736,180.0
1296816,180.0
1296880,180.0
1296912,180.0
1297136,180.0
1297152,180.0
1297568,180.0
1297696,180.0
1297872,180.0
1297952,180.0
1298480,180.0
1298560,180.0
1298608,180.0
1298928,180.0
1298976,180.0
1299120,180.0
1299168,180.0
1299312,180.0
1299376,180.0
1299696,180.0
1299728,180.0
1299808,180.0
1300064,180.0
1300080,180.0
1300544,180.0
1301040,180.0
1301056,180.0
1301184,180.0
1301216,180.0
1301296,180.0
1301472,180.0
1301504,180.0
1301552,180.0
1301568,180.0
1301968,180.0
1302000,180.0
1302176,180.0
1303232,180.0
1303344,180.0
1303488,180.0
1303808,180.0
1303984,180.0
1304400,180.0
1304464,180.0
1304688,180.0
1304992,180.0
1305168,180.0
1305264,180.0
1305312,180.0
1305488,180.0
1305760,180.0
1305840,180.0
1306096,180.0
1306496,180.0
1306656,180.0
1306896,180.0
1306992,180.0
1307008,180.0
1307040,180.0
1307200,180.0
1307408,180.0
1307440,180.0
1307552,180.0
1307600,180.0
1307648,180.0
1307744,180.0
1307808,180.0
1308144,180.0
1308336,180.0
1308608,180.0
1308624,180.0
1309072,180.0
1309184,180.0
1309328,180.0
1309568,180.0
1309584,180.0
1309600,180.0
1309760,180.0
1310288,180.0
1310416,180.0
1310432,180.0
1310448,180.0
1310464,180.0
1310944,180.0
1311296,180.0
1311344,180.0
1311984,180.0
1312064,180.0
1312224,180.0
1312256,180.0
1312336,180.0
1312528,180.0
1312560,180.0
1313168,180.0
1313456,180.0
1313872,180.0
1314128,180.0
1314240,180.0
1314368,180.0
1314416,180.0
1314848,180.0
1314928,180.0
1315072,180.0
1315184,180.0
1315424,180.0
1315520,180.0
1315648,180.0
1315728,180.0
1315744,180.0
1316048,180.0
1316144,180.0
1316320,180.0
1316736,180.0
1317040,180.0
1317136,180.0
1317232,180.0
1317488,180.0
1317536,180.0
1317632,180.0
1317872,180.0
1317968,180.0
1318160,180.0
1318512,180.0
1318592,180.0
1318896,180.0
1319200,180.0
1319264,180.0
1319312,180.0
1319408,180.0
1319520,180.0
1319760,180.0
1319952,180.0
1319984,180.0
1320224,180.0
1320480,180.0
1320560,180.0
1320816,180.0
1321072,180.0
1321104,180.0
1321296,180.0
1321312,180.0
1321344,180.0
1321360,180.0
1321728,180.0
1322304,180.0
1322352,180.0
1322400,180.0
1322448,180.0
1322512,180.0
1322544,180.0
1322576,180.0
1322912,180.0
1323664,180.0
1324128,180.0
1324400,180.0
1324592,180.0
1324784,180.0
1324800,180.0
1324832,180.0
1324912,180.0
1324944,180.0
1325168,180.0
1325504,180.0
1326368,180.0
1326512,180.0
1326944,180.0
1326992,180.0
1327008,180.0
1327248,180.0
1327264,180.0
1327504,180.0
1327536,180.0
1327552,180.0
1327840,180.0
1328224,180.0
1328832,180.0
1328848,180.0
1328960,180.0
1328976,180.0
1328992,180.0
1329424,180.0
1329456,180.0
1329712,180.0
1329776,180.0
1329808,180.0
1329904,180.0
1330336,180.0
1330416,180.0
1330496,180.0
1330528,180.0
1330608,180.0
1330688,180.0
1330912,180.0
1331088,180.0
1331152,180.0
1331168,180.0
1331216,180.0
1331392,180.0
1331680,180.0
1332208,180.0
1332352,180.0
1332496,180.0
1332560,180.0
1332592,180.0
1332800,180.0
1332912,180.0
1333248,180.0
1333552,180.0
1333680,180.0
1333760,180.0
1333824,180.0
1333856,180.0
1333872,180.0
1334272,180.0
1334304,180.0
1334352,180.0
1334544,180.0
1334592,180.0
1334960,180.0
1335040,180.0
1335088,180.0
1335408,180.0
1335632,180.0
1335984,180.0
1336016,180.0
1336096,180.0
1336400,180.0
1336720,180.0
1336752,180.0
1336784,180.0
1336896,180.0
1337072,180.0
1337104,180.0
1337120,180.0
1337856,180.0
1338048,180.0
1338128,180.0
1338192,180.0
1338224,180.0
1338448,180.0
1338736,180.0
1339104,180.0
1339344,180.0
1339568,180.0
1339904,180.0
1340336,180.0
1340384,180.0
1340736,180.0
1340864,180.0
1340928,180.0
1341232,180.0
1341280,180.0
1341824,180.0
1342000,180.0
1342016,180.0
1342208,180.0
1342528,180.0
1342784,180.0
1343216,180.0
1343232,180.0
1343264,180.0
1343344,180.0
1343424,180.0
1343616,180.0
1343920,180.0
1343936,180.0
1344256,180.0
1344496,180.0
1344608,180.0
1344928,180.0
1344976,180.0
1345488,180.0
1346256,180.0
1346304,180.0
1346496,180.0
1346720,180.0
1346896,180.0
1346960,180.0
1347168,180.0
1347248,180.0
1347408,180.0
1347456,180.0
1347856,180.0
1347968,180.0
1348768,180.0
1349040,180.0
1349120,180.0
1349296,180.0
1349408,180.0
1349520,180.0
1349600,180.0
1349648,180.0
1349760,180.0
1349824,180.0
1349920,180.0
1350336,180.0
1350576,180.0
1350784,180.0
1351856,180.0
1352064,180.0
1352080,180.0
1352112,180.0
1352192,180.0
1352304,180.0
1352464,180.0
1352592,180.0
1352672,180.0
1352688,180.0
1352704,180.0
1353664,180.0
1353760,180.0
1353792,180.0
1353888,180.0
1353968,180.0
1354192,180.0
1354240,180.0
1354736,180.0
1354784,180.0
1355264,180.0
1355296,180.0
1355440,180.0
1355488,180.0
1355648,180.0
1355920,180.0
1356224,180.0
1356272,180.0
1356864,180.0
1357104,180.0
1357248,180.0
1357392,180.0
1357600,180.0
1357648,180.0
1357712,180.0
1357776,180.0
1357840,180.0
1357936,180.0
1358192,180.0
1358304,180.0
1358336,180.0
1358352,180.0
1358384,180.0
1358704,180.0
1358736,180.0
1359296,180.0
1359328,180.0
1359424,180.0
1359488,180.0
1359600,180.0
1359616,180.0
1360288,180.0
1360528,180.0
1360560,180.0
1360704,180.0
1360992,180.0
1361008,180.0
1361056,180.0
1361104,180.0
1361136,180.0
1361248,180.0
1361280,180.0
1361312,180.0
1361440,180.0
1361584,180.0
1361616,180.0
1361664,180.0
1361712,180.0
1361760,180.0
1362400,180.0
1362720,180.0
1362912,180.0
1363072,180.0
1363376,180.0
1363424,180.0
1363456,180.0
1363664,180.0
1363984,180.0
1364000,180.0
1364144,180.0
1364256,180.0
1364512,180.0
1364976,180.0
1365040,180.0
1365376,180.0
1365536,180.0
1366016,180.0
1366320,180.0
1366400,180.0
1366768,180.0
1366896,180.0
1366976,180.0
1367264,180.0
1367312,180.0
1367408,180.0
1367616,180.0
1367632,180.0
1367712,180.0
1367840,180.0
1367984,180.0
1368256,180.0
1368320,180.0
1369136,180.0
1369520,180.0
1370064,180.0
1370096,180.0
1370192,180.0
1370304,180.0
1370464,180.0
1370640,180.0
1370736,180.0
1370944,180.0
1371056,180.0
1371312,180.0
1371392,180.0
1371440,180.0
1371472,180.0
1371680,180.0
1371760,180.0
1371856,180.0
1372048,180.0
1372064,180.0
1372256,180.0
1372368,180.0
1372560,180.0
1372784,180.0
1372896,180.0
1373264,180.0
1373600,180.0
1374160,180.0
1374224,180.0
1374320,180.0
1374432,180.0
1374448,180.0
1374928,180.0
1375056,180.0
1375152,180.0
1375296,180.0
1375664,180.0
1375984,180.0
1376080,180.0
1376144,180.0
1376160,180.0
1376352,180.0
1376688,180.0
1376768,180.0
1376832,180.0
1377024,180.0
1377328,180.0
1377760,180.0
1377792,180.0
1377904,180.0
1378096,180.0
1378144,180.0
1378304,180.0
1378528,180.0
1378912,180.0
1378976,180.0
1379024,180.0
1379760,180.0
1380752,180.0
1380880,180.0
1381072,180.0
1381168,180.0
1381232,180.0
1381312,180.0
1381536,180.0
1381904,180.0
1382208,180.0
1382496,180.0
1382688,180.0
1382992,180.0
1383088,180.0
1384160,180.0
1384304,180.0
1384512,180.0
1384528,180.0
1384544,180.0
1384688,180.0
1385488,180.0
1385664,180.0
1385776,180.0
1385936,180.0
1386080,180.0
1386128,180.0
1386336,180.0
1386512,180.0
1386544,180.0
1386560,180.0
1386576,180.0
1386832,180.0
1386848,180.0
1387264,180.0
1387376,180.0
1387392,180.0
1387552,180.0
1388016,180.0
1388048,180.0
1388080,180.0
1388192,180.0
1388272,180.0
1388464,180.0
1388496,180.0
1388624,180.0
1388720,180.0
1388896,180.0
1389072,180.0
1389088,180.0
1389184,180.0
1389200,180.0
1389824,180.0
1389920,180.0
1390208,180.0
1390480,180.0
1390560,180.0
1390736,180.0
1390752,180.0
1391280,180.0
1391424,180.0
1391504,180.0
1391696,180.0
1391872,180.0
1391936,180.0
1392432,180.0
1392512,180.0
1392624,180.0
1392784,180.0
1392912,180.0
1393312,180.0
1393632,180.0
1393648,180.0
1393776,180.0
1393840,180.0
1393904,180.0
1394000,180.0
1394416,180.0
1394480,180.0
1394496,180.0
1394528,180.0
1394608,180.0
1394768,180.0
1394944,180.0
1394960,180.0
1395280,180.0
1395472,180.0
1395568,180.0
1395760,180.0
1395824,180.0
1396000,180.0
1396112,180.0
1396208,180.0
1396608,180.0
1396640,180.0
1396672,180.0
1396720,180.0
1396752,180.0
1396832,180.0
1396880,180.0
1397168,180.0
1397216,180.0
1397504,180.0
1397664,180.0
1397808,180.0
1397872,180.0
1398160,180.0
1398320,180.0
1398912,180.0
1398976,180.0
1399200,180.0
1399376,180.0
1399968,180.0
1400016,180.0
1400064,180.0
1400320,180.0
1400336,180.0
1400480,180.0
1400624,180.0
1400656,180.0
1400848,180.0
1401168,180.0
1401424,180.0
1402144,180.0
1402208,180.0
1402256,180.0
1402400,180.0
1402624,180.0
1402848,180.0
1403408,180.0
1403424,180.0
1403696,180.0
1404032,180.0
1404128,180.0
1404208,180.0
1404256,180.0
1404464,180.0
1404512,180.0
1404624,180.0
1404784,180.0
1404832,180.0
1404896,180.0
1405136,180.0
1405296,180.0
1405376,180.0
1405472,180.0
1405504,180.0
1405712,180.0
1406048,180.0
1406400,180.0
1406816,180.0
1406864,180.0
1407040,180.0
1407552,180.0
1407632,180.0
1407776,180.0
1407888,180.0
1407920,180.0
1408304,180.0
1408368,180.0
1409008,180.0
1409344,180.0
1410240,180.0
1411152,180.0
1411168,180.0
1411296,180.0
1411344,180.0
1411424,180.0
1411600,180.0
1411728,180.0
1411776,180.0
1411808,180.0
1411824,180.0
1413072,180.0
1413616,180.0
1413680,180.0
1414512,180.0
1414528,180.0
1414576,180.0
1414688,180.0
1414704,180.0
1414768,180.0
1414928,180.0
1414976,180.0
1415024,180.0
1415232,180.0
1415248,180.0
1415328,180.0
1415536,180.0
1415792,180.0
1415888,180.0
1415952,180.0
1416144,180.0
1416224,180.0
1416480,180.0
1416528,180.0
1417072,180.0
1417408,180.0
1417616,180.0
1417808,180.0
1417888,180.0
1418128,180.0
1418160,180.0
1418208,180.0
1418224,180.0
1418272,180.0
1418336,180.0
1418432,180.0
1418464,180.0
1418544,180.0
1418608,180.0
1418672,180.0
1419040,180.0
1419104,180.0
1419232,180.0
1419440,180.0
1419632,180.0
1419648,180.0
1419840,180.0
1420048,180.0
1420192,180.0
1420272,180.0
1420480,180.0
1420800,180.0
1420944,180.0
1420960,180.0
1421456,180.0
1421488,180.0
1421728,180.0
1421888,180.0
1421968,180.0
1422176,180.0
1422560,180.0
1422720,180.0
1423024,180.0
1423856,180.0
1423904,180.0
1424016,180.0
1424128,180.0
1424160,180.0
1424288,180.0
1424384,180.0
1424560,180.0
1424704,180.0
1424832,180.0
1424864,180.0
1424960,180.0
1425296,180.0
1425504,180.0
1425856,180.0
1425984,180.0
1426208,180.0
1426912,180.0
1427696,180.0
1427712,180.0
1428144,180.0
1428352,180.0
1428576,180.0
1429056,180.0
1429072,180.0
1429296,180.0
1429456,180.0
1429488,180.0
1429536,180.0
1429584,180.0
1429680,180.0
1429712,180.0
1429856,180.0
1430112,180.0
1430464,180.0
1430784,180.0
1430800,180.0
1430880,180.0
1430896,180.0
1431008,180.0
1431024,180.0
1431120,180.0
1431264,180.0
1431504,180.0
1431536,180.0
1431872,180.0
1431920,180.0
1432176,180.0
1432272,180.0
1432400,180.0
1432512,180.0
1433248,180.0
1433424,180.0
1433456,180.0
1433536,180.0
1433728,180.0
1433792,180.0
1433984,180.0
1434016,180.0
1434096,180.0
1434128,180.0
1434416,180.0
1434816,180.0
1434864,180.0
1435296,180.0
1435440,180.0
1435872,180.0
1436288,180.0
1436384,180.0
1437088,180.0
1437232,180.0
1437408,180.0
1437664,180.0
1437728,180.0
1438256,180.0
1438720,180.0
1439248,180.0
1439280,180.0
1439328,180.0
1439696,180.0
1439712,180.0
1439760,180.0
1440080,180.0
1440096,180.0
1440112,180.0
1440208,180.0
1440368,180.0
1440432,180.0
1440512,180.0
1440544,180.0
1440704,180.0
1440816,180.0
1441056,180.0
1441168,180.0
1441312,180.0
1442656,180.0
1442736,180.0
1443120,180.0
1443136,180.0
1443440,180.0
1443648,180.0
1443760,180.0
1444016,180.0
1444032,180.0
1444048,180.0
1444128,180.0
1444528,180.0
1444592,180.0
1444784,180.0
1444928,180.0
1445072,180.0
1445088,180.0
1445280,180.0
1445584,180.0
1445712,180.0
1445728,180.0
1445856,180.0
1445984,180.0
1446512,180.0
1446560,180.0
1446992,180.0
1447008,180.0
1448144,180.0
1448496,180.0
1448512,180.0
1448848,180.0
1448928,180.0
1448992,180.0
1449344,180.0
1450144,180.0
1450304,180.0
1450432,180.0
1450512,180.0
1450656,180.0
1450752,180.0
1450768,180.0
1450960,180.0
1450992,180.0
1451072,180.0
1451200,180.0
1451280,180.0
1451824,180.0
1452016,180.0
1452208,180.0
1452288,180.0
1452480,180.0
1452496,180.0
1452832,180.0
1452912,180.0
1452928,180.0
1453024,180.0
1453120,180.0
1453232,180.0
1453680,180.0
1453872,180.0
1454048,180.0
1454112,180.0
1454240,180.0
1454496,180.0
1454768,180.0
1455136,180.0
1455248,180.0
1455584,180.0
1455648,180.0
1455664,180.0
1456080,180.0
1456928,180.0
1457120,180.0
1457248,180.0
1457536,180.0
1457584,180.0
1457648,180.0
1457824,180.0
1458144,180.0
1458160,180.0
1458192,180.0
1458256,180.0
1458576,180.0
1458592,180.0
1458704,180.0
1458880,180.0
1458928,180.0
1458976,180.0
1459152,180.0
1459280,180.0
1459344,180.0
1459360,180.0
1459424,180.0
1459488,180.0
1459520,180.0
1459888,180.0
1460048,180.0
1460128,180.0
1460384,180.0
1460400,180.0
1460896,180.0
1461200,180.0
1461296,180.0
1461504,180.0
1461792,180.0
1462288,180.0
1462816,180.0
1462912,180.0
1463040,180.0
1463152,180.0
1463184,180.0
1463264,180.0
1463664,180.0
1464384,180.0
1464432,180.0
1464784,180.0
1464848,180.0
1464960,180.0
1464992,180.0
1465104,180.0
1465248,180.0
1465360,180.0
1465568,180.0
1465616,180.0
1465728,180.0
1465792,180.0
1465920,180.0
1465984,180.0
1466032,180.0
1466400,180.0
1466432,180.0
1466848,180.0
1466864,180.0
1467216,180.0
1467264,180.0
1467616,180.0
1468016,180.0
1468848,180.0
1469056,180.0
1469568,180.0
1469696,180.0
1469968,180.0
1469984,180.0
1470320,180.0
1470592,180.0
1470720,180.0
1470944,180.0
1471184,180.0
1471296,180.0
1471376,180.0
1471616,180.0
1471776,180.0
1472208,180.0
1472336,180.0
1472400,180.0
1472512,180.0
1472592,180.0
1472656,180.0
1472688,180.0
1472704,180.0
1472720,180.0
1473120,180.0
1473280,180.0
1473440,180.0
1473488,180.0
1473696,180.0
1473728,180.0
1474368,180.0
1474448,180.0
1474560,180.0
1474656,180.0
1474784,180.0
1474800,180.0
1475152,180.0
1475600,180.0
1475632,180.0
1475936,180.0
1476096,180.0
1476176,180.0
1476800,180.0
1477088,180.0
1477200,180.0
1477264,180.0
1477408,180.0
1477760,180.0
1477904,180.0
1478192,180.0
1478256,180.0
1478288,180.0
1478304,180.0
1478336,180.0
1478352,180.0
1478816,180.0
1479424,180.0
1479856,180.0
1479968,180.0
1480032,180.0
1480048,180.0
1480416,180.0
1480464,180.0
1480656,180.0
1480944,180.0
1481136,180.0
1481952,180.0
1482128,180.0
1482736,180.0
1482944,180.0
1483088,180.0
1483200,180.0
1483312,180.0
1483712,180.0
1483792,180.0
1483984,180.0
1484256,180.0
1484544,180.0
1484608,180.0
1484832,180.0
1484992,180.0
1485472,180.0
1485600,180.0
1485664,180.0
1485680,180.0
1485856,180.0
1485904,180.0
1486016,180.0
1486192,180.0
1486352,180.0
1486512,180.0
1486688,180.0
1486912,180.0
1486976,180.0
1487008,180.0
1487296,180.0
1487328,180.0
1487392,180.0
1487776,180.0
1488416,180.0
1488672,180.0
1488720,180.0
1488832,180.0
1488976,180.0
1488992,180.0
1489184,180.0
1489504,180.0
1489696,180.0
1489824,180.0
1489840,180.0
1489920,180.0
1489984,180.0
1490160,180.0
1490224,180.0
1490656,180.0
1490736,180.0
1490880,180.0
1491008,180.0
1491424,180.0
1491600,180.0
1491824,180.0
1491840,180.0
1491872,180.0
1491904,180.0
1492000,180.0
1492400,180.0
1492432,180.0
1492624,180.0
1493152,180.0
1493184,180.0
1493296,180.0
1493440,180.0
1493456,180.0
1493648,180.0
1493712,180.0
1493808,180.0
1493872,180.0
1494160,180.0
1494544,180.0
1494752,180.0
1495088,180.0
1495216,180.0
1495520,180.0
1496240,180.0
1496448,180.0
1496496,180.0
1496608,180.0
1496640,180.0
1496672,180.0
1497280,180.0
1497328,180.0
1497344,180.0
1497776,180.0
1497808,180.0
1497920,180.0
1498096,180.0
1498112,180.0
1498160,180.0
1498352,180.0
1498384,180.0
1498464,180.0
1498656,180.0
1498848,180.0
1499152,180.0
1500000,180.0
1500368,180.0
1500624,180.0
1500752,180.0
1501232,180.0
1501264,180.0
1501280,180.0
1501728,180.0
1501760,180.0
1501920,180.0
1502176,180.0
1502192,180.0
1502576,180.0
1502656,180.0
1503392,180.0
1503520,180.0
1503536,180.0
1503568,180.0
1503712,180.0
1503776,180.0
1504080,180.0
1504272,180.0
1504304,180.0
1504464,180.0
1504528,180.0
1504576,180.0
1504688,180.0
1504800,180.0
1505120,180.0
1505152,180.0
1505248,180.0
1505488,180.0
1505504,180.0
1505696,180.0
1506224,180.0
1506240,180.0
1506304,180.0
1506432,180.0
1506832,180.0
1506992,180.0
1507104,180.0
1507488,180.0
1507712,180.0
1508224,180.0
1508400,180.0
1508448,180.0
1508624,180.0
1508640,180.0
1508736,180.0
1508784,180.0
1509024,180.0
1509072,180.0
1509280,180.0
1509440,180.0
1509552,180.0
1509568,180.0
1509696,180.0
1509808,180.0
1509824,180.0
1509920,180.0
1510208,180.0
1510304,180.0
1510960,180.0
1511072,180.0
1511376,180.0
1511504,180.0
1511632,180.0
1511760,180.0
1511840,180.0
1511936,180.0
1512320,180.0
1512480,180.0
1512544,180.0
1512608,180.0
1512640,180.0
1512880,180.0
1512912,180.0
1512992,180.0
1513088,180.0
1513184,180.0
1513200,180.0
1513360,180.0
1513456,180.0
1513584,180.0
1514096,180.0
1514208,180.0
1514240,180.0
1514368,180.0
1514416,180.0
1514528,180.0
1514560,180.0
1514720,180.0
1514752,180.0
1514960,180.0
1515216,180.0
1515232,180.0
1515424,180.0
1515632,180.0
1515664,180.0
1515856,180.0
1515872,180.0
1516048,180.0
1516512,180.0
1516624,180.0
1517424,180.0
1517520,180.0
1517920,180.0
1518176,180.0
1518208,180.0
1518480,180.0
1518688,180.0
1518704,180.0
1518720,180.0
1518752,180.0
1518768,180.0
1519024,180.0
1519664,180.0
1520160,180.0
1520224,180.0
1520256,180.0
1520400,180.0
1520592,180.0
1520656,180.0
1521136,180.0
1521184,180.0
1521552,180.0
1521568,180.0
1521632,180.0
1521808,180.0
1522000,180.0
1522384,180.0
1522768,180.0
1522944,180.0
1523120,180.0
1523152,180.0
1523280,180.0
1523424,180.0
1523664,180.0
1523776,180.0
1523808,180.0
1524048,180.0
1524368,180.0
1524384,180.0
1524432,180.0
1524448,180.0
1524576,180.0
1524832,180.0
1525136,180.0
1526080,180.0
1526112,180.0
1526176,180.0
1526288,180.0
1526640,180.0
1526800,180.0
1526912,180.0
1527328,180.0
1527376,180.0
1527456,180.0
1527568,180.0
1527792,180.0
1527904,180.0
1527984,180.0
1528720,180.0
1528880,180.0
1528912,180.0
1529248,180.0
1529472,180.0
1529792,180.0
1529888,180.0
1530160,180.0
1530272,180.0
1530320,180.0
1530480,180.0
1530928,180.0
1530944,180.0
1531088,180.0
1531472,180.0
1531552,180.0
1531760,180.0
1531776,180.0
1532016,180.0
1532032,180.0
1532176,180.0
1532304,180.0
1532400,180.0
1532544,180.0
1532656,180.0
1532688,180.0
1532752,180.0
1533200,180.0
1533344,180.0
1533600,180.0
1533616,180.0
1533824,180.0
1533984,180.0
1534144,180.0
1534160,180.0
1534656,180.0
1534736,180.0
1534960,180.0
1535088,180.0
1535168,180.0
1535664,180.0
1535760,180.0
1535792,180.0
1536208,180.0
1536432,180.0
1536640,180.0
1537040,180.0
1537200,180.0
1537232,180.0
1537296,180.0
1537328,180.0
1537760,180.0
1537792,180.0
1538016,180.0
1538048,180.0
1538096,180.0
1538896,180.0
1539184,180.0
1539232,180.0
1539728,180.0
1539760,180.0
1539776,180.0
1539856,180.0
1539936,180.0
1540080,180.0
1540144,180.0
1540240,180.0
1540416,180.0
1540704,180.0
1540816,180.0
1541008,180.0
1541440,180.0
1541728,180.0
1542368,180.0
1542400,180.0
1542512,180.0
1542672,180.0
1542816,180.0
1543184,180.0
1543440,180.0
1543648,180.0
1543904,180.0
1543968,180.0
1544096,180.0
1544304,180.0
1544320,180.0
1544672,180.0
1544768,180.0
1544912,180.0
1545120,180.0
1545200,180.0
1545472,180.0
1545552,180.0
1545632,180.0
1545792,180.0
1546000,180.0
1546432,180.0
1546480,180.0
1546512,180.0
1546544,180.0
1546656,180.0
1547184,180.0
1547232,180.0
1547440,180.0
1547824,180.0
1547936,180.0
1548272,180.0
1548480,180.0
1548624,180.0
1549008,180.0
1549200,180.0
1549424,180.0
1549568,180.0
1549888,180.0
1549952,180.0
1550128,180.0
1550192,180.0
1550288,180.0
1550400,180.0
1550752,180.0
1551072,180.0
1551312,180.0
1551744,180.0
1551888,180.0
1552144,180.0
1552160,180.0
1552336,180.0
1552368,180.0
1552832,180.0
1552848,180.0
1552992,180.0
1553072,180.0
1553120,180.0
1553152,180.0
1553536,180.0
1553600,180.0
1553712,180.0
1553840,180.0
1553920,180.0
1553952,180.0
1554048,180.0
1554064,180.0
1554192,180.0
1554896,180.0
1555136,180.0
1555376,180.0
1555392,180.0
1555520,180.0
1555648,180.0
1556144,180.0
1556192,180.0
1556544,180.0
1556592,180.0
1556944,180.0
1557632,180.0
1557792,180.0
1558160,180.0
1558224,180.0
1558464,180.0
1558672,180.0
1559232,180.0
1559744,180.0
1559968,180.0
1560208,180.0
1560416,180.0
1560448,180.0
1560656,180.0
1560736,180.0
1561008,180.0
1561264,180.0
1561392,180.0
1561888,180.0
1561936,180.0
1562256,180.0
1562432,180.0
1562544,180.0
1562640,180.0
1562720,180.0
1562816,180.0
1562992,180.0
1563360,180.0
1563536,180.0
1563584,180.0
1563824,180.0
1563840,180.0
1563856,180.0
1563904,180.0
1563936,180.0
1563984,180.0
1564096,180.0
1564752,180.0
1564784,180.0
1564912,180.0
1564944,180.0
1565024,180.0
1565136,180.0
1565312,180.0
1565424,180.0
1565760,180.0
1566160,180.0
1566320,180.0
1566352,180.0
1566640,180.0
1567280,180.0
1567424,180.0
1567712,180.0
1567920,180.0
1568192,180.0
1568240,180.0
1568320,180.0
1568384,180.0
1568448,180.0
1568544,180.0
1568896,180.0
1569184,180.0
1569248,180.0
1569312,180.0
1569488,180.0
1569744,180.0
1570272,180.0
1570352,180.0
1570416,180.0
1570832,180.0
1571088,180.0
1571792,180.0
1572112,180.0
1572144,180.0
1572272,180.0
1572560,180.0
1572624,180.0
1572656,180.0
1572672,180.0
1572768,180.0
1573024,180.0
1573072,180.0
1573184,180.0
1573248,180.0
1573616,180.0
1573648,180.0
1573824,180.0
1574032,180.0
1574064,180.0
1574160,180.0
1574320,180.0
1574400,180.0
1574752,180.0
1574800,180.0
1575136,180.0
1575184,180.0
1575200,180.0
1575328,180.0
1575376,180.0
1575488,180.0
1575728,180.0
1575760,180.0
1576416,180.0
1576528,180.0
1576592,180.0
1576624,180.0
1576736,180.0
1576832,180.0
1576992,180.0
1577280,180.0
1577296,180.0
1577376,180.0
1577504,180.0
1577568,180.0
1577952,180.0
1577984,180.0
1578000,180.0
1578304,180.0
1578848,180.0
1579344,180.0
1579440,180.0
1579712,180.0
1579776,180.0
1579968,180.0
1580032,180.0
1580752,180.0
1581344,180.0
1581808,180.0
1582176,180.0
1582368,180.0
1582432,180.0
1582496,180.0
1582512,180.0
1582528,180.0
1582592,180.0
1582880,180.0
1583040,180.0
1583440,180.0
1583680,180.0
1583760,180.0
1583968,180.0
1584240,180.0
1584896,180.0
1585024,180.0
1585040,180.0
1585264,180.0
1585392,180.0
1585456,180.0
1585472,180.0
1585552,180.0
1585616,180.0
1585744,180.0
1586064,180.0
1586128,180.0
1586304,180.0
1586688,180.0
1586832,180.0
1586880,180.0
1586944,180.0
1587216,180.0
1587264,180.0
1587680,180.0
1587776,180.0
1587792,180.0
1587904,180.0
1588064,180.0
1588128,180.0
1588144,180.0
1588160,180.0
1589120,180.0
1589168,180.0
1589264,180.0
1589344,180.0
1589376,180.0
1589424,180.0
1589472,180.0
1589920,180.0
1589936,180.0
1590528,180.0
1590544,180.0
1590576,180.0
1590688,180.0
1590736,180.0
1590752,180.0
1591152,180.0
1591552,180.0
1591648,180.0
1591808,180.0
1591824,180.0
1591840,180.0
1591904,180.0
1592000,180.0
1592080,180.0
1592336,180.0
1592416,180.0
1592736,180.0
1592816,180.0
1593232,180.0
1593360,180.0
1593424,180.0
1593440,180.0
1593552,180.0
1593664,180.0
1593680,180.0
1593728,180.0
1593888,180.0
1594176,180.0
1594496,180.0
1594704,180.0
1594784,180.0
1594912,180.0
1594928,180.0
1595088,180.0
1595280,180.0
1595472,180.0
1595664,180.0
1596176,180.0
1596352,180.0
1596432,180.0
1596672,180.0
1596704,180.0
1596832,180.0
1596960,180.0
1597104,180.0
1597232,180.0
1597344,180.0
1597648,180.0
1597728,180.0
1597872,180.0
1597888,180.0
1598064,180.0
1598096,180.0
1598288,180.0
1598384,180.0
1598928,180.0
1598976,180.0
1599008,180.0
1599104,180.0
1599168,180.0
1599200,180.0
1599472,180.0
1599504,180.0
1599808,180.0
1599872,180.0
1600000,180.0
1600016,180.0
1600160,180.0
1600256,180.0
1600368,180.0
1600672,180.0
1600688,180.0
1600736,180.0
1600752,180.0
1600816,180.0
1600944,180.0
1601008,180.0
1601136,180.0
1601536,180.0
1601552,180.0
1601600,180.0
1601616,180.0
1601744,180.0
1601856,180.0
1602112,180.0
1602240,180.0
1602384,180.0
1602576,180.0
1602656,180.0
1602768,180.0
1602848,180.0
1602880,180.0
1602976,180.0
1603184,180.0
1603296,180.0
1603424,180.0
1603520,180.0
1603664,180.0
1603888,180.0
1604176,180.0
1604208,180.0
1604368,180.0
1604816,180.0
1605072,180.0
1605184,180.0
1605232,180.0
1605312,180.0
1605376,180.0
1605856,180.0
1605920,180.0
1606960,180.0
1607104,180.0
1607376,180.0
1607552,180.0
1608032,180.0
1608128,180.0
1608256,180.0
1608288,180.0
1608400,180.0
1608480,180.0
1608912,180.0
1609120,180.0
1609184,180.0
1609360,180.0
1609712,180.0
1609872,180.0
1610064,180.0
1610400,180.0
1610752,180.0
1610848,180.0
1611312,180.0
1611696,180.0
1611872,180.0
1611936,180.0
1611968,180.0
1612064,180.0
1612128,180.0
1612400,180.0
1612512,180.0
1612608,180.0
1612704,180.0
1613104,180.0
1613344,180.0
1613472,180.0
1613840,180.0
1613856,180.0
1614096,180.0
1614144,180.0
1614272,180.0
1614736,180.0
1614880,180.0
1614944,180.0
1614976,180.0
1615120,180.0
1615376,180.0
1615520,180.0
1615536,180.0
1615728,180.0
1615744,180.0
1615824,180.0
1615856,180.0
1616512,180.0
1616688,180.0
1616736,180.0
1616848,180.0
1617056,180.0
1617072,180.0
1617168,180.0
1617264,180.0
1617664,180.0
1617744,180.0
1618256,180.0
1618496,180.0
1618688,180.0
1618736,180.0
1618816,180.0
1618976,180.0
1619184,180.0
1619232,180.0
1619488,180.0
1619632,180.0
1619696,180.0
1619760,180.0
1619792,180.0
1620080,180.0
1620208,180.0
1620448,180.0
1620480,180.0
1620560,180.0
1620704,180.0
1620720,180.0
1620928,180.0
1621136,180.0
1621200,180.0
1621280,180.0
1621344,180.0
1621408,180.0
1621552,180.0
1621584,180.0
1621632,180.0
1621776,180.0
1621856,180.0
1622576,180.0
1622864,180.0
1622912,180.0
1623424,180.0
1623456,180.0
1623968,180.0
1624064,180.0
1624288,180.0
1624768,180.0
1624880,180.0
1624944,180.0
1624960,180.0
1624992,180.0
1625104,180.0
1625296,180.0
1625392,180.0
1625968,180.0
1626016,180.0
1626048,180.0
1626080,180.0
1626096,180.0
1626288,180.0
1626560,180.0
1626672,180.0
1626768,180.0
1626848,180.0
1626896,180.0
1627024,180.0
1627056,180.0
1627088,180.0
1627280,180.0
1627600,180.0
1628016,180.0
1628288,180.0
1628384,180.0
1628432,180.0
1628464,180.0
1628512,180.0
1628944,180.0
1629072,180.0
1629104,180.0
1629344,180.0
1629456,180.0
1629536,180.0
1629680,180.0
1630032,180.0
1630128,180.0
1630144,180.0
1630176,180.0
1630400,180.0
1630624,180.0
1630672,180.0
1630784,180.0
1631136,180.0
1631360,180.0
1631552,180.0
1631728,180.0
1631760,180.0
1632112,180.0
1632608,180.0
1633488,180.0
1633632,180.0
1634080,180.0
1634128,180.0
1634496,180.0
1634688,180.0
1634832,180.0
1634864,180.0
1635168,180.0
1635648,180.0
1635824,180.0
1635840,180.0
1635920,180.0
1635936,180.0
1636160,180.0
1636320,180.0
1636432,180.0
1636448,180.0
1636496,180.0
1636848,180.0
1637312,180.0
1637552,180.0
1637600,180.0
1637648,180.0
1637952,180.0
1637968,180.0
1637984,180.0
1638320,180.0
1638512,180.0
1638656,180.0
1638880,180.0
1638912,180.0
1639104,180.0
1639184,180.0
1639296,180.0
1639456,180.0
1639584,180.0
1639616,180.0
1639936,180.0
1640016,180.0
1640032,180.0
1640048,180.0
1640064,180.0
1640096,180.0
1640224,180.0
1640288,180.0
1640384,180.0
1640592,180.0
1640816,180.0
1641184,180.0
1641216,180.0
1641424,180.0
1641488,180.0
1641536,180.0
1641568,180.0
1641648,180.0
1641920,180.0
1642000,180.0
1642016,180.0
1642128,180.0
1642592,180.0
1642672,180.0
1642848,180.0
1642976,180.0
1643120,180.0
1643168,180.0
1643232,180.0
1643328,180.0
1643472,180.0
1643520,180.0
1643536,180.0
1643584,180.0
1643872,180.0
1644032,180.0
1644144,180.0
1644304,180.0
1644608,180.0
1644752,180.0
1644848,180.0
1644880,180.0
1645040,180.0
1645296,180.0
1645312,180.0
1645376,180.0
1645632,180.0
1645648,180.0
1645696,180.0
1646208,180.0
1646224,180.0
1646336,180.0
1646416,180.0
1646880,180.0
1646928,180.0
1646976,180.0
1647168,180.0
1647248,180.0
1647344,180.0
1647472,180.0
1647664,180.0
1648064,180.0
1648112,180.0
1648688,180.0
1648880,180.0
1649088,180.0
1649776,180.0
1649792,180.0
1649904,180.0
1650000,180.0
1650048,180.0
1650192,180.0
1650208,180.0
1650576,180.0
1650672,180.0
1650848,180.0
1651072,180.0
1651312,180.0
1651328,180.0
1651424,180.0
1651440,180.0
1651504,180.0
1651632,180.0
1651696,180.0
1651728,180.0
1651840,180.0
1651888,180.0
1652032,180.0
1652048,180.0
1652080,180.0
1652144,180.0
1652448,180.0
1652496,180.0
1652624,180.0
1653376,180.0
1653792,180.0
1653808,180.0
1653984,180.0
1654224,180.0
1654240,180.0
1654384,180.0
1654400,180.0
1654528,180.0
1654544,180.0
1654672,180.0
1655248,180.0
1655584,180.0
1655600,180.0
1655712,180.0
1655856,180.0
1655968,180.0
1656064,180.0
1656336,180.0
1656352,180.0
1656496,180.0
1657104,180.0
1657200,180.0
1657424,180.0
1657584,180.0
1657856,180.0
1657872,180.0
1658032,180.0
1658336,180.0
1658368,180.0
1658464,180.0
1658800,180.0
1658880,180.0
1659072,180.0
1659216,180.0
1659456,180.0
1659472,180.0
1659568,180.0
1659664,180.0
1659840,180.0
1660016,180.0
1660096,180.0
1660656,180.0
1660768,180.0
1660928,180.0
1660944,180.0
1661232,180.0
1661344,180.0
1661456,180.0
1661520,180.0
1661568,180.0
1661840,180.0
1662384,180.0
1662464,180.0
1662496,180.0
1662832,180.0
1662880,180.0
1662992,180.0
1663184,180.0
1663360,180.0
1663408,180.0
1663840,180.0
1664016,180.0
1664432,180.0
1664928,180.0
1664992,180.0
1665616,180.0
1665664,180.0
1665728,180.0
1666176,180.0
1666464,180.0
1666752,180.0
1667040,180.0
1667264,180.0
1667392,180.0
1667424,180.0
1667440,180.0
1667696,180.0
1668128,180.0
1668656,180.0
1668672,180.0
1668912,180.0
1669072,180.0
1669456,180.0
1669648,180.0
1669824,180.0
1670096,180.0
1670192,180.0
1670864,180.0
1670976,180.0
1671296,180.0
1671328,180.0
1671456,180.0
1671632,180.0
1671936,180.0
1672016,180.0
1672032,180.0
1672064,180.0
1672208,180.0
1672352,180.0
1672880,180.0
1672976,180.0
1673136,180.0
1673632,180.0
1673792,180.0
1673952,180.0
1674256,180.0
1674320,180.0
1675024,180.0
1675040,180.0
1675216,180.0
1675296,180.0
1675856,180.0
1676400,180.0
1676448,180.0
1676480,180.0
1676528,180.0
1676688,180.0
1676720,180.0
1676736,180.0
1677008,180.0
1677024,180.0
1677088,180.0
1677408,180.0
1677568,180.0
1678096,180.0
1678160,180.0
1678384,180.0
1678528,180.0
1678576,180.0
1678624,180.0
1678928,180.0
1679472,180.0
1679600,180.0
1679856,180.0
1680032,180.0
1680144,180.0
1680384,180.0
1680544,180.0
1680624,180.0
1680736,180.0
1680944,180.0
1681008,180.0
1681056,180.0
1681808,180.0
1682176,180.0
1682192,180.0
1682208,180.0
1683040,180.0
1683152,180.0
1683248,180.0
1683808,180.0
1684064,180.0
1684448,180.0
1684624,180.0
1684768,180.0
1685552,180.0
1685568,180.0
1685616,180.0
1685664,180.0
1686160,180.0
1686560,180.0
1686624,180.0
1686800,180.0
1686816,180.0
1687120,180.0
1687152,180.0
1687232,180.0
1687248,180.0
1687328,180.0
1687424,180.0
1687440,180.0
1687616,180.0
1687728,180.0
1687872,180.0
1687968,180.0
1688288,180.0
1689200,180.0
1689616,180.0
1689728,180.0
1689824,180.0
1689888,180.0
1690128,180.0
1690256,180.0
1690352,180.0
1690528,180.0
1690560,180.0
1690992,180.0
1691120,180.0
1691824,180.0
1691856,180.0
1691904,180.0
1692000,180.0
1692384,180.0
1692608,180.0
1692976,180.0
1693296,180.0
1693520,180.0
1693600,180.0
1693616,180.0
1693920,180.0
1693952,180.0
1694080,180.0
1694144,180.0
1694320,180.0
1695152,180.0
1695312,180.0
1695616,180.0
1695648,180.0
1695760,180.0
1695920,180.0
1696016,180.0
1696096,180.0
1696272,180.0
1696336,180.0
1696416,180.0
1696496,180.0
1696608,180.0
1696640,180.0
1697152,180.0
1697264,180.0
1697280,180.0
1697504,180.0
1697584,180.0
1697632,180.0
1697648,180.0
1697696,180.0
1698128,180.0
1698384,180.0
1698672,180.0
1698688,180.0
1698768,180.0
1698832,180.0
1698864,180.0
1698992,180.0
1699264,180.0
1699536,180.0
1699680,180.0
1699696,180.0
1700240,180.0
1700432,180.0
1700496,180.0
1700704,180.0
1700976,180.0
1701184,180.0
1701216,180.0
1701328,180.0
1701536,180.0
1701808,180.0
1702000,180.0
1702048,180.0
1702304,180.0
1702416,180.0
1702544,180.0
1702608,180.0
1702688,180.0
1702832,180.0
1703008,180.0
1703120,180.0
1703200,180.0
1703248,180.0
1703296,180.0
1703456,180.0
1703632,180.0
1703760,180.0
1704016,180.0
1704112,180.0
1704416,180.0
1704432,180.0
1704592,180.0
1704704,180.0
1704736,180.0
1704752,180.0
1705024,180.0
1705328,180.0
1705424,180.0
1705648,180.0
1706080,180.0
1706208,180.0
1706368,180.0
1706448,180.0
1706480,180.0
1706528,180.0
1706688,180.0
1706912,180.0
1706928,180.0
1706992,180.0
1707104,180.0
1707152,180.0
1707248,180.0
1707264,180.0
1707280,180.0
1707328,180.0
1707552,180.0
1707632,180.0
1707728,180.0
1708160,180.0
1708288,180.0
1708320,180.0
1708512,180.0
1708544,180.0
1709072,180.0
1709280,180.0
1709296,180.0
1709424,180.0
1710288,180.0
1710512,180.0
1710640,180.0
1710656,180.0
1710704,180.0
1710800,180.0
1710928,180.0
1711072,180.0
1711120,180.0
1711216,180.0
1711360,180.0
1711616,180.0
1711840,180.0
1712288,180.0
1712448,180.0
1712832,180.0
1712992,180.0
1713120,180.0
1713696,180.0
1713936,180.0
1713952,180.0
1713984,180.0
1714096,180.0
1714256,180.0
1714320,180.0
1714416,180.0
1714528,180.0
1714864,180.0
1714880,180.0
1715072,180.0
1715456,180.0
1715776,180.0
1715840,180.0
1715904,180.0
1716048,180.0
1716320,180.0
1716816,180.0
1716880,180.0
1716992,180.0
1717024,180.0
1717040,180.0
1717088,180.0
1717504,180.0
1717776,180.0
1718144,180.0
1718160,180.0
1718272,180.0
1718416,180.0
1718480,180.0
1718816,180.0
1718864,180.0
1719008,180.0
1719216,180.0
1719232,180.0
1719568,180.0
1719728,180.0
1719904,180.0
1719968,180.0
1720208,180.0
1720320,180.0
1720400,180.0
1720448,180.0
1720560,180.0
1721088,180.0
1721120,180.0
1721488,180.0
1721664,180.0
1721712,180.0
1722064,180.0
1722368,180.0
1722608,180.0
1722656,180.0
1722816,180.0
1722880,180.0
1722928,180.0
1723216,180.0
1723472,180.0
1723552,180.0
1723920,180.0
1723968,180.0
1724496,180.0
1724656,180.0
1724736,180.0
1724832,180.0
1724848,180.0
1725088,180.0
1725200,180.0
1725744,180.0
1725808,180.0
1726048,180.0
1726256,180.0
1726928,180.0
1727024,180.0
1727104,180.0
1727184,180.0
1727328,180.0
1727488,180.0
1727840,180.0
1728000,180.0
1728192,180.0
1728368,180.0
1728416,180.0
1728432,180.0
1728512,180.0
1728544,180.0
1728768,180.0
1728832,180.0
1728848,180.0
1728944,180.0
1729088,180.0
1729136,180.0
1729840,180.0
1729872,180.0
1730096,180.0
1730176,180.0
1730688,180.0
1731072,180.0
1731568,180.0
1731728,180.0
1731808,180.0
1731824,180.0
1731904,180.0
1731920,180.0
1731968,180.0
1731984,180.0
1732112,180.0
1732160,180.0
1732336,180.0
1732704,180.0
1732816,180.0
1732832,180.0
1733088,180.0
1733104,180.0
1733232,180.0
1733264,180.0
1733872,180.0
1733936,180.0
1734352,180.0
1734400,180.0
1734432,180.0
1734672,180.0
1734720,180.0
1734992,180.0
1735152,180.0
1735376,180.0
1735728,180.0
1736000,180.0
1736160,180.0
1737264,180.0
1737360,180.0
1737456,180.0
1737712,180.0
1737904,180.0
1737984,180.0
1738080,180.0
1738448,180.0
1738464,180.0
1738576,180.0
1738864,180.0
1739056,180.0
1739216,180.0
1739232,180.0
1739760,180.0
1740160,180.0
1740288,180.0
1740416,180.0
1740464,180.0
1740480,180.0
1740800,180.0
1740864,180.0
1741056,180.0
1741072,180.0
1741280,180.0
1741568,180.0
1741584,180.0
1741664,180.0
1741744,180.0
1741760,180.0
1741808,180.0
1742528,180.0
1742560,180.0
1742704,180.0
1742720,180.0
1742768,180.0
1742832,180.0
1743088,180.0
1743536,180.0
1743680,180.0
1744176,180.0
1744336,180.0
1744608,180.0
1745104,180.0
1745168,180.0
1745280,180.0
1745296,180.0
1745472,180.0
1745648,180.0
1746016,180.0
1746208,180.0
1746576,180.0
1746848,180.0
1746928,180.0
1747136,180.0
1747232,180.0
1747280,180.0
1747600,180.0
1748208,180.0
1748320,180.0
1748512,180.0
1748816,180.0
1748960,180.0
1749024,180.0
1749088,180.0
1749216,180.0
1749248,180.0
1749392,180.0
1749440,180.0
1749568,180.0
1749616,180.0
1749664,180.0
1749792,180.0
1750016,180.0
1750208,180.0
1750432,180.0
1750496,180.0
1750560,180.0
1750928,180.0
1751008,180.0
1751024,180.0
1751088,180.0
1751248,180.0
1751360,180.0
1752272,180.0
1752384,180.0
1752688,180.0
1753312,180.0
1753376,180.0
1753392,180.0
1753456,180.0
1753488,180.0
1753616,180.0
1754128,180.0
1754160,180.0
1754304,180.0
1754416,180.0
1754848,180.0
1754864,180.0
1754896,180.0
1755104,180.0
1755552,180.0
1756208,180.0
1757008,180.0
1757344,180.0
1757552,180.0
1757936,180.0
1758192,180.0
1758208,180.0
1758528,180.0
1758640,180.0
1758736,180.0
1758768,180.0
1758848,180.0
1758896,180.0
1759200,180.0
1759232,180.0
1759408,180.0
1759760,180.0
1760160,180.0
1760224,180.0
1760368,180.0
1760400,180.0
1760512,180.0
1760544,180.0
1760560,180.0
1760608,180.0
1760944,180.0
1761088,180.0
1761152,180.0
1761312,180.0
1761552,180.0
1761760,180.0
1761808,180.0
1761888,180.0
1762240,180.0
1762592,180.0
1762704,180.0
1762880,180.0
1764064,180.0
1764080,180.0
1764096,180.0
1764336,180.0
1764480,180.0
1764512,180.0
1764528,180.0
1764768,180.0
1764864,180.0
1764928,180.0
1765472,180.0
1765904,180.0
1765968,180.0
1766000,180.0
1766016,180.0
1766032,180.0
1766080,180.0
1766304,180.0
1766864,180.0
1766912,180.0
1767312,180.0
1767408,180.0
1767424,180.0
1767440,180.0
1767600,180.0
1767616,180.0
1767648,180.0
1767744,180.0
1767760,180.0
1767808,180.0
1768864,180.0
1769200,180.0
1769360,180.0
1769504,180.0
1769568,180.0
1770304,180.0
1770816,180.0
1770832,180.0
1771328,180.0
1771568,180.0
1772224,180.0
1772240,180.0
1772608,180.0
1772960,180.0
1773104,180.0
1773168,180.0
1773184,180.0
1773376,180.0
1773664,180.0
1773728,180.0
1773840,180.0
1774048,180.0
1774176,180.0
1774592,180.0
1774784,180.0
1775184,180.0
1775344,180.0
1775696,180.0
1775968,180.0
1776112,180.0
1776592,180.0
1776736,180.0
1776864,180.0
1776976,180.0
1777056,180.0
1777200,180.0
1777280,180.0
1777552,180.0
1777680,180.0
1777824,180.0
1778128,180.0
1778624,180.0
1778704,180.0
1778736,180.0
1779072,180.0
1779168,180.0
1779536,180.0
1779760,180.0
1779888,180.0
1780032,180.0
1780048,180.0
1780128,180.0
1780176,180.0
1780448,180.0
1780592,180.0
1780608,180.0
1780656,180.0
1780720,180.0
1781536,180.0
1782016,180.0
1782144,180.0
1782432,180.0
1782480,180.0
1782608,180.0
1783088,180.0
1783136,180.0
1783312,180.0
1783392,180.0
1783568,180.0
1783728,180.0
1783792,180.0
1784848,180.0
1784928,180.0
1785040,180.0
1785072,180.0
1785104,180.0
1785200,180.0
1785552,180.0
1785664,180.0
1785712,180.0
1785824,180.0
1786048,180.0
1786144,180.0
1786192,180.0
1786368,180.0
1786448,180.0
1786544,180.0
1786752,180.0
1786976,180.0
1787184,180.0
1787280,180.0
1787392,180.0
1787440,180.0
1787504,180.0
1787520,180.0
1787680,180.0
1787744,180.0
1787792,180.0
1787968,180.0
1788016,180.0
1788192,180.0
1788288,180.0
1788352,180.0
1788384,180.0
1788608,180.0
1788960,180.0
1788992,180.0
1789040,180.0
1789056,180.0
1789088,180.0
1789152,180.0
1789424,180.0
1789600,180.0
1789712,180.0
1789856,180.0
1789920,180.0
1790192,180.0
1790320,180.0
1790592,180.0
1790688,180.0
1790880,180.0
1790912,180.0
1790928,180.0
1790960,180.0
1790976,180.0
1791248,180.0
1791344,180.0
1791376,180.0
1791760,180.0
1791952,180.0
1791968,180.0
1792240,180.0
1792672,180.0
1792800,180.0
1792912,180.0
1793024,180.0
1793552,180.0
1793696,180.0
1793728,180.0
1793872,180.0
1794480,180.0
1794720,180.0
1795184,180.0
1795296,180.0
1795424,180.0
1795568,180.0
1795712,180.0
1795744,180.0
1796368,180.0
1796416,180.0
1796512,180.0
1796720,180.0
1796800,180.0
1797360,180.0
1797440,180.0
1797456,180.0
1797680,180.0
1797840,180.0
1798176,180.0
1798656,180.0
1798752,180.0
1798976,180.0
1799024,180.0
1799296,180.0
1799472,180.0
1799792,180.0
1799872,180.0
1800704,180.0
1801072,180.0
1801312,180.0
1801360,180.0
1801392,180.0
1801408,180.0
1801520,180.0
1801536,180.0
1801600,180.0
1801792,180.0
1801824,180.0
1801968,180.0
1802176,180.0
1802320,180.0
1802480,180.0
1802640,180.0
1802784,180.0
1803072,180.0
1803216,180.0
1803344,180.0
1803472,180.0
1803792,180.0
1803936,180.0
1804224,180.0
1804320,180.0
1804544,180.0
1804816,180.0
1804944,180.0
1805024,180.0
1805232,180.0
1805616,180.0
1805760,180.0
1805776,180.0
1806016,180.0
1806048,180.0
1806144,180.0
1806320,180.0
1806592,180.0
1806624,180.0
1806928,180.0
1807104,180.0
1807248,180.0
1807376,180.0
1807520,180.0
1807648,180.0
1807664,180.0
1807856,180.0
1808144,180.0
1808160,180.0
1808256,180.0
1808448,180.0
1808464,180.0
1808576,180.0
1808736,180.0
1809024,180.0
1809456,180.0
1809648,180.0
1810096,180.0
1810224,180.0
1810672,180.0
1811200,180.0
1811280,180.0
1811296,180.0
1811328,180.0
1811392,180.0
1811632,180.0
1811952,180.0
1812032,180.0
1812048,180.0
1812544,180.0
1812928,180.0
1813184,180.0
1813456,180.0
1813472,180.0
1813904,180.0
1814128,180.0
1814576,180.0
1814672,180.0
1815024,180.0
1815056,180.0
1815136,180.0
1815408,180.0
1815584,180.0
1815856,180.0
1816000,180.0
1816176,180.0
1816624,180.0
1816784,180.0
1816800,180.0
1816976,180.0
1817088,180.0
1817152,180.0
1817216,180.0
1817280,180.0
1817328,180.0
1817344,180.0
1818240,180.0
1818464,180.0
1818656,180.0
1818720,180.0
1818912,180.0
1819008,180.0
1819168,180.0
1820000,180.0
1820592,180.0
1820720,180.0
1820768,180.0
1820928,180.0
1821328,180.0
1821648,180.0
1822000,180.0
1822240,180.0
1822304,180.0
1822864,180.0
1823216,180.0
1823296,180.0
1823920,180.0
1824304,180.0
1824656,180.0
1824800,180.0
1824912,180.0
1825040,180.0
1825120,180.0
1825280,180.0
1826096,180.0
1826192,180.0
1826256,180.0
1826384,180.0
1826416,180.0
1826528,180.0
1826592,180.0
1826832,180.0
1827264,180.0
1827488,180.0
1827584,180.0
1827712,180.0
1828160,180.0
1828240,180.0
1828288,180.0
1828544,180.0
1828752,180.0
1829552,180.0
1829728,180.0
1830016,180.0
1830160,180.0
1830528,180.0
1831056,180.0
1831232,180.0
1831328,180.0
1831424,180.0
1831472,180.0
1831568,180.0
1831952,180.0
1831984,180.0
1832080,180.0
1832112,180.0
1832128,180.0
1832208,180.0
1832528,180.0
1832864,180.0
1832960,180.0
1832992,180.0
1833296,180.0
1833344,180.0
1833552,180.0
1833744,180.0
1833840,180.0
1833920,180.0
1834640,180.0
1834752,180.0
1834784,180.0
1835152,180.0
1835312,180.0
1835392,180.0
1835424,180.0
1835552,180.0
1835584,180.0
1835648,180.0
1835728,180.0
1836032,180.0
1836048,180.0
1836592,180.0
1837024,180.0
1837472,180.0
1837504,180.0
1837664,180.0
1837888,180.0
1837952,180.0
1838368,180.0
1838496,180.0
1838608,180.0
1838720,180.0
1838736,180.0
1838752,180.0
1839088,180.0
1839312,180.0
1839360,180.0
1839872,180.0
1840080,180.0
1840096,180.0
1840224,180.0
1840368,180.0
1840704,180.0
1840720,180.0
1840800,180.0
1840944,180.0
1840960,180.0
1841184,180.0
1841344,180.0
1841408,180.0
1841680,180.0
1841936,180.0
1842032,180.0
1842224,180.0
1842288,180.0
1842384,180.0
1842464,180.0
1842864,180.0
1842992,180.0
1843024,180.0
1843040,180.0
1843136,180.0
1843216,180.0
1843312,180.0
1843360,180.0
1843408,180.0
1843472,180.0
1843520,180.0
1843600,180.0
1843664,180.0
1843712,180.0
1844256,180.0
1844416,180.0
1844752,180.0
1845008,180.0
1845488,180.0
1845568,180.0
1845584,180.0
1846016,180.0
1846032,180.0
1846064,180.0
1846368,180.0
1846576,180.0
1847008,180.0
1847088,180.0
1847200,180.0
1847520,180.0
1847696,180.0
1847856,180.0
1847904,180.0
1848144,180.0
1848160,180.0
1848544,180.0
1848720,180.0
1848768,180.0
1848800,180.0
1849104,180.0
1849216,180.0
1849232,180.0
1849264,180.0
1849776,180.0
1849952,180.0
1850000,180.0
1850096,180.0
1850208,180.0
1850272,180.0
1850304,180.0
1850480,180.0
1850576,180.0
1850736,180.0
1850800,180.0
1850816,180.0
1851072,180.0
1851120,180.0
1851328,180.0
1851392,180.0
