step,value
96,3.0
256,3.0
272,3.0
384,3.0
464,3.0
608,3.0
800,3.0
912,3.0
1072,3.0
1120,3.0
1168,3.0
1264,3.0
1312,3.0
1376,3.0
1680,3.0
1728,3.0
2288,3.0
2336,3.0
2352,3.0
2432,3.0
2512,3.0
2752,3.0
2816,3.0
3024,3.0
3248,3.0
3424,3.0
3520,3.0
3648,3.0
3840,3.0
4048,3.0
4128,3.0
4176,3.0
4896,3.0
5200,3.0
5248,3.0
5424,3.0
5456,3.0
5664,3.0
6032,3.0
6064,3.0
6496,3.0
6736,3.0
6800,3.0
6880,3.0
6992,3.0
7216,3.0
7312,3.0
7456,3.0
7776,3.0
7952,3.0
8368,3.0
8432,3.0
8496,3.0
8624,3.0
8976,3.0
9040,3.0
9456,3.0
9552,3.0
9712,3.0
9744,3.0
9856,3.0
10144,3.0
10304,3.0
10416,3.0
10448,3.0
10464,3.0
10640,3.0
10672,3.0
10704,3.0
11072,3.0
11328,3.0
11360,3.0
11776,3.0
12048,3.0
12128,3.0
12160,3.0
12256,3.0
12384,3.0
12512,3.0
12576,3.0
12704,3.0
13088,3.0
13232,3.0
13280,3.0
13440,3.0
13504,3.0
13568,3.0
13600,3.0
13632,3.0
13680,3.0
13888,3.0
14016,3.0
14048,3.0
14160,3.0
14416,3.0
14640,3.0
14752,3.0
14832,3.0
15328,3.0
15744,3.0
16000,3.0
16432,3.0
16560,3.0
16656,3.0
16928,3.0
17008,3.0
17120,3.0
17296,3.0
17408,3.0
17488,3.0
17632,3.0
18080,3.0
18496,3.0
18864,3.0
19136,3.0
19504,3.0
19568,3.0
19808,3.0
20288,3.0
20672,3.0
20864,3.0
21248,3.0
21376,3.0
21424,3.0
21664,3.0
21728,3.0
22272,3.0
22416,3.0
22576,3.0
22608,3.0
22752,3.0
23008,3.0
23040,3.0
23616,3.0
23744,3.0
23776,3.0
24000,3.0
24240,3.0
24336,3.0
24960,3.0
25248,3.0
25280,3.0
25776,3.0
26016,3.0
26064,3.0
26160,3.0
26176,3.0
26224,3.0
26496,3.0
26704,3.0
26960,3.0
27056,3.0
27168,3.0
27280,3.0
27840,3.0
28336,3.0
28464,3.0
28624,3.0
29280,3.0
29376,3.0
29520,3.0
29760,3.0
29840,3.0
29888,3.0
30128,3.0
30432,3.0
30496,3.0
30688,3.0
30784,3.0
30832,3.0
30864,3.0
31792,3.0
31984,3.0
32480,3.0
32512,3.0
32592,3.0
32640,3.0
32768,3.0
32976,3.0
33040,3.0
33456,3.0
33888,3.0
33936,3.0
33984,3.0
34464,3.0
34720,3.0
35808,3.0
35904,3.0
35968,3.0
36416,3.0
37024,3.0
37344,3.0
37376,3.0
37520,3.0
38224,3.0
38256,3.0
38432,3.0
38480,3.0
38800,3.0
38816,3.0
39184,3.0
39216,3.0
39360,3.0
39488,3.0
39616,3.0
40048,3.0
40240,3.0
40272,3.0
40480,3.0
40544,3.0
40768,3.0
41232,3.0
41376,3.0
41424,3.0
41632,3.0
41664,3.0
41824,3.0
42016,3.0
42064,3.0
42096,3.0
43136,3.0
43216,3.0
43264,3.0
43488,3.0
44016,3.0
44112,3.0
44224,3.0
44816,3.0
44832,3.0
45008,3.0
45024,3.0
45568,3.0
45584,3.0
45648,3.0
45760,3.0
45776,3.0
45808,3.0
45984,3.0
46176,3.0
46592,3.0
46784,3.0
46960,3.0
47616,3.0
47872,3.0
47888,3.0
47936,3.0
48096,3.0
48112,3.0
48144,3.0
48592,3.0
48640,3.0
48736,3.0
48928,3.0
48976,3.0
49648,3.0
50048,3.0
50176,3.0
50320,3.0
50576,3.0
50672,3.0
50912,3.0
51008,3.0
51248,3.0
51264,3.0
51600,3.0
51664,3.0
51984,3.0
52000,3.0
52768,3.0
52944,3.0
53264,3.0
53360,3.0
53488,3.0
53504,3.0
53520,3.0
53680,3.0
53904,3.0
53936,3.0
54064,3.0
54112,3.0
54384,3.0
54496,3.0
54688,3.0
54976,3.0
55104,3.0
55360,3.0
55424,3.0
55520,3.0
55648,3.0
55760,3.0
55856,3.0
56160,3.0
56240,3.0
56512,3.0
56544,3.0
56640,3.0
56656,3.0
56704,3.0
57008,3.0
57216,3.0
57392,3.0
57568,3.0
57616,3.0
57664,3.0
58128,3.0
58144,3.0
58240,3.0
58272,3.0
58336,3.0
58368,3.0
58624,3.0
58848,3.0
59120,3.0
59168,3.0
59216,3.0
59264,3.0
59312,3.0
59392,3.0
59456,3.0
59520,3.0
59552,3.0
59568,3.0
59584,3.0
59840,3.0
59952,3.0
60480,3.0
60544,3.0
60640,3.0
60720,3.0
60960,3.0
61008,3.0
61088,3.0
61648,3.0
61712,3.0
61792,3.0
61968,3.0
62752,3.0
62784,3.0
62880,3.0
62896,3.0
62912,3.0
62976,3.0
63136,3.0
63696,3.0
63840,3.0
63968,3.0
64496,3.0
64800,3.0
64848,3.0
64944,3.0
64976,3.0
65280,3.0
65392,3.0
65520,3.0
65824,3.0
66208,3.0
66464,3.0
66784,3.0
66880,3.0
66992,3.0
67008,3.0
67296,3.0
67312,3.0
67456,3.0
67728,3.0
67792,3.0
67872,3.0
68000,3.0
68048,3.0
68128,3.0
68272,3.0
68528,3.0
69072,3.0
69088,3.0
69248,3.0
69856,3.0
69872,3.0
69888,3.0
70032,3.0
70048,3.0
70288,3.0
70464,3.0
70480,3.0
70976,3.0
71248,3.0
71424,3.0
71600,3.0
71680,3.0
71856,3.0
72032,3.0
72272,3.0
72448,3.0
72480,3.0
72512,3.0
72608,3.0
72672,3.0
72800,3.0
73200,3.0
73216,3.0
73328,3.0
73360,3.0
73792,3.0
73888,3.0
73936,3.0
73968,3.0
74208,3.0
74416,3.0
75264,3.0
75280,3.0
75696,3.0
75856,3.0
75920,3.0
76016,3.0
76304,3.0
76320,3.0
76368,3.0
76464,3.0
76544,3.0
76992,3.0
77200,3.0
77328,3.0
77632,3.0
77680,3.0
78208,3.0
78288,3.0
78320,3.0
78480,3.0
78576,3.0
78592,3.0
78672,3.0
78752,3.0
78832,3.0
79056,3.0
79360,3.0
79696,3.0
79920,3.0
80048,3.0
80240,3.0
80736,3.0
80800,3.0
80912,3.0
81136,3.0
81360,3.0
81440,3.0
81712,3.0
82176,3.0
82272,3.0
82560,3.0
82704,3.0
82816,3.0
82864,3.0
83184,3.0
83376,3.0
83920,3.0
83952,3.0
84336,3.0
84384,3.0
84496,3.0
84768,3.0
84944,3.0
85008,3.0
85120,3.0
85424,3.0
85600,3.0
85648,3.0
85792,3.0
86016,3.0
86048,3.0
86272,3.0
87024,3.0
87056,3.0
87104,3.0
87216,3.0
87408,3.0
87920,3.0
88336,3.0
88368,3.0
88400,3.0
88576,3.0
88640,3.0
88800,3.0
89024,3.0
89056,3.0
89152,3.0
89632,3.0
89792,3.0
90112,3.0
90128,3.0
90272,3.0
90352,3.0
90416,3.0
90592,3.0
90640,3.0
90896,3.0
90912,3.0
91296,3.0
91440,3.0
91856,3.0
92080,3.0
92512,3.0
92608,3.0
92624,3.0
92688,3.0
92800,3.0
92816,3.0
93024,3.0
93088,3.0
93136,3.0
93312,3.0
93344,3.0
93680,3.0
93776,3.0
93872,3.0
93936,3.0
94096,3.0
94208,3.0
94288,3.0
94544,3.0
94608,3.0
94816,3.0
94848,3.0
94944,3.0
94976,3.0
95008,3.0
95200,3.0
95440,3.0
95552,3.0
95584,3.0
95696,3.0
95856,3.0
95872,3.0
95936,3.0
96064,3.0
96304,3.0
96752,3.0
96864,3.0
96912,3.0
96944,3.0
96976,3.0
97008,3.0
97328,3.0
97456,3.0
97504,3.0
97584,3.0
97680,3.0
97952,3.0
97968,3.0
98192,3.0
98224,3.0
98272,3.0
98432,3.0
99168,3.0
99360,3.0
99424,3.0
99456,3.0
99856,3.0
100016,3.0
100144,3.0
100336,3.0
100720,3.0
100832,3.0
100944,3.0
101344,3.0
101360,3.0
101696,3.0
102032,3.0
102320,3.0
102368,3.0
102544,3.0
102560,3.0
102576,3.0
102784,3.0
103056,3.0
103296,3.0
103504,3.0
104048,3.0
104080,3.0
104208,3.0
104320,3.0
104368,3.0
104608,3.0
104656,3.0
104784,3.0
105408,3.0
105456,3.0
105552,3.0
105616,3.0
105664,3.0
105760,3.0
106048,3.0
106224,3.0
107360,3.0
107408,3.0
107440,3.0
107472,3.0
107488,3.0
107568,3.0
107712,3.0
107808,3.0
108624,3.0
109024,3.0
109280,3.0
109520,3.0
109536,3.0
109584,3.0
110016,3.0
110352,3.0
110416,3.0
110576,3.0
111088,3.0
111424,3.0
111744,3.0
112224,3.0
112480,3.0
112592,3.0
112864,3.0
113120,3.0
113312,3.0
113392,3.0
113648,3.0
113888,3.0
114000,3.0
114320,3.0
114544,3.0
114704,3.0
114880,3.0
114912,3.0
115424,3.0
115536,3.0
115808,3.0
115920,3.0
116048,3.0
116064,3.0
116080,3.0
116160,3.0
116576,3.0
117056,3.0
117552,3.0
117600,3.0
117632,3.0
117888,3.0
118000,3.0
118064,3.0
118416,3.0
118432,3.0
118464,3.0
119024,3.0
119040,3.0
119056,3.0
119264,3.0
119312,3.0
119568,3.0
119600,3.0
120208,3.0
120304,3.0
120432,3.0
120464,3.0
120528,3.0
120656,3.0
120768,3.0
121024,3.0
121072,3.0
121328,3.0
121712,3.0
121840,3.0
121920,3.0
122800,3.0
122816,3.0
123056,3.0
123488,3.0
123552,3.0
123632,3.0
123856,3.0
124000,3.0
124128,3.0
124144,3.0
124256,3.0
124560,3.0
124608,3.0
124800,3.0
125744,3.0
125776,3.0
125808,3.0
126128,3.0
126144,3.0
126304,3.0
126832,3.0
126928,3.0
127152,3.0
127328,3.0
127792,3.0
127856,3.0
127968,3.0
128048,3.0
128144,3.0
128240,3.0
128576,3.0
129056,3.0
129248,3.0
129264,3.0
129408,3.0
129664,3.0
129744,3.0
129760,3.0
130048,3.0
130224,3.0
130576,3.0
131024,3.0
131152,3.0
131472,3.0
131488,3.0
131776,3.0
132080,3.0
132256,3.0
132384,3.0
132448,3.0
132496,3.0
132608,3.0
132752,3.0
132768,3.0
133232,3.0
133472,3.0
133616,3.0
133824,3.0
134208,3.0
134240,3.0
134480,3.0
134576,3.0
134592,3.0
134832,3.0
134848,3.0
134912,3.0
134928,3.0
134960,3.0
135936,3.0
136128,3.0
136704,3.0
136784,3.0
136848,3.0
137184,3.0
137472,3.0
137792,3.0
137840,3.0
137952,3.0
138000,3.0
138176,3.0
138352,3.0
138656,3.0
139056,3.0
139120,3.0
139328,3.0
140080,3.0
140224,3.0
140416,3.0
140496,3.0
140512,3.0
140576,3.0
141104,3.0
141184,3.0
141264,3.0
141376,3.0
141600,3.0
141728,3.0
141808,3.0
142160,3.0
142432,3.0
142640,3.0
142704,3.0
142960,3.0
143024,3.0
143248,3.0
143728,3.0
144048,3.0
144416,3.0
144544,3.0
144976,3.0
145360,3.0
145456,3.0
145552,3.0
145920,3.0
146336,3.0
146544,3.0
146672,3.0
146832,3.0
146992,3.0
147008,3.0
147440,3.0
147568,3.0
147600,3.0
147904,3.0
147952,3.0
148288,3.0
148320,3.0
148720,3.0
149040,3.0
149280,3.0
149392,3.0
149440,3.0
150640,3.0
150864,3.0
151120,3.0
151136,3.0
152016,3.0
152048,3.0
152240,3.0
152320,3.0
152384,3.0
152432,3.0
152800,3.0
152864,3.0
152912,3.0
153024,3.0
153184,3.0
153360,3.0
153456,3.0
153856,3.0
153920,3.0
154288,3.0
154384,3.0
154432,3.0
154896,3.0
154928,3.0
155184,3.0
155360,3.0
155424,3.0
155712,3.0
156288,3.0
156368,3.0
156736,3.0
156976,3.0
156992,3.0
157232,3.0
157264,3.0
157296,3.0
157312,3.0
157328,3.0
157696,3.0
157744,3.0
158064,3.0
158304,3.0
158352,3.0
158432,3.0
158912,3.0
158944,3.0
159120,3.0
159360,3.0
159376,3.0
159424,3.0
159504,3.0
159584,3.0
159840,3.0
160096,3.0
160112,3.0
160320,3.0
160416,3.0
160864,3.0
160912,3.0
161072,3.0
161472,3.0
161744,3.0
161968,3.0
162176,3.0
162224,3.0
162512,3.0
162640,3.0
162976,3.0
163040,3.0
163072,3.0
163344,3.0
163376,3.0
163520,3.0
163728,3.0
163776,3.0
163872,3.0
163920,3.0
164160,3.0
164432,3.0
164592,3.0
164752,3.0
164896,3.0
164976,3.0
165168,3.0
165232,3.0
165760,3.0
166208,3.0
166256,3.0
166272,3.0
166368,3.0
166480,3.0
166608,3.0
166864,3.0
167552,3.0
167616,3.0
167856,3.0
168128,3.0
168608,3.0
168720,3.0
168784,3.0
168896,3.0
169152,3.0
169296,3.0
169440,3.0
169696,3.0
169904,3.0
169936,3.0
170192,3.0
170224,3.0
170368,3.0
170512,3.0
170528,3.0
170560,3.0
170624,3.0
170640,3.0
171280,3.0
171328,3.0
171664,3.0
171952,3.0
172336,3.0
172384,3.0
172576,3.0
172944,3.0
173136,3.0
173328,3.0
173344,3.0
173856,3.0
174032,3.0
174176,3.0
174384,3.0
174464,3.0
174656,3.0
175088,3.0
175104,3.0
175696,3.0
176320,3.0
176336,3.0
176368,3.0
176480,3.0
176576,3.0
176608,3.0
176704,3.0
176848,3.0
177344,3.0
177600,3.0
177632,3.0
177808,3.0
177888,3.0
178128,3.0
178288,3.0
178304,3.0
178400,3.0
178736,3.0
179104,3.0
179168,3.0
179248,3.0
179360,3.0
179440,3.0
179472,3.0
179680,3.0
179888,3.0
180192,3.0
180256,3.0
180320,3.0
180688,3.0
180768,3.0
180800,3.0
180960,3.0
180992,3.0
181088,3.0
181344,3.0
181408,3.0
182032,3.0
182080,3.0
182160,3.0
182336,3.0
182352,3.0
182464,3.0
183040,3.0
183136,3.0
183328,3.0
183824,3.0
184240,3.0
184560,3.0
184576,3.0
184656,3.0
184816,3.0
184832,3.0
184976,3.0
185184,3.0
185408,3.0
185664,3.0
186384,3.0
186480,3.0
186624,3.0
186960,3.0
187488,3.0
187824,3.0
187840,3.0
187872,3.0
187952,3.0
187968,3.0
188080,3.0
188144,3.0
188224,3.0
188720,3.0
188880,3.0
189136,3.0
189984,3.0
190000,3.0
190368,3.0
190464,3.0
190560,3.0
190704,3.0
190816,3.0
191216,3.0
191264,3.0
191360,3.0
191376,3.0
191520,3.0
191680,3.0
191968,3.0
192016,3.0
192032,3.0
192144,3.0
192320,3.0
192384,3.0
192464,3.0
192624,3.0
192976,3.0
192992,3.0
193088,3.0
193104,3.0
193120,3.0
193184,3.0
193264,3.0
193456,3.0
193696,3.0
193792,3.0
193984,3.0
194176,3.0
194464,3.0
194496,3.0
194784,3.0
194800,3.0
195056,3.0
195536,3.0
195616,3.0
195696,3.0
196016,3.0
196032,3.0
196224,3.0
196352,3.0
196400,3.0
196880,3.0
197088,3.0
197184,3.0
197408,3.0
197488,3.0
197504,3.0
197520,3.0
197664,3.0
197776,3.0
197888,3.0
198048,3.0
198368,3.0
198592,3.0
198976,3.0
199088,3.0
199104,3.0
199296,3.0
199328,3.0
199696,3.0
199792,3.0
199904,3.0
199984,3.0
200064,3.0
200112,3.0
200304,3.0
200688,3.0
200864,3.0
200912,3.0
201168,3.0
201392,3.0
201440,3.0
201520,3.0
201904,3.0
202112,3.0
202256,3.0
202272,3.0
202352,3.0
202512,3.0
202544,3.0
203024,3.0
203376,3.0
203408,3.0
203568,3.0
203712,3.0
203728,3.0
203824,3.0
203840,3.0
203888,3.0
204368,3.0
204496,3.0
204528,3.0
204976,3.0
205296,3.0
205488,3.0
205760,3.0
206016,3.0
206416,3.0
206464,3.0
206560,3.0
206656,3.0
206688,3.0
206944,3.0
206960,3.0
207360,3.0
207536,3.0
208320,3.0
208576,3.0
209200,3.0
209280,3.0
209312,3.0
209968,3.0
210000,3.0
210528,3.0
210560,3.0
210576,3.0
210992,3.0
211040,3.0
211248,3.0
211344,3.0
211536,3.0
211744,3.0
212048,3.0
212128,3.0
212464,3.0
212576,3.0
212592,3.0
212624,3.0
212768,3.0
212944,3.0
213472,3.0
213520,3.0
213632,3.0
213776,3.0
213808,3.0
214608,3.0
214656,3.0
214944,3.0
215024,3.0
215088,3.0
215376,3.0
215712,3.0
216128,3.0
216576,3.0
216592,3.0
216688,3.0
217072,3.0
217184,3.0
217456,3.0
217632,3.0
217792,3.0
218400,3.0
218528,3.0
218864,3.0
219168,3.0
219200,3.0
219312,3.0
219488,3.0
219664,3.0
220320,3.0
220400,3.0
220752,3.0
220784,3.0
220864,3.0
221104,3.0
221136,3.0
221664,3.0
221808,3.0
222064,3.0
222368,3.0
222448,3.0
222576,3.0
222624,3.0
222736,3.0
222896,3.0
223264,3.0
223392,3.0
223488,3.0
223552,3.0
223888,3.0
224016,3.0
224608,3.0
224688,3.0
224704,3.0
224752,3.0
224880,3.0
224896,3.0
224928,3.0
225696,3.0
225840,3.0
225984,3.0
227088,3.0
227136,3.0
227184,3.0
227536,3.0
227680,3.0
227808,3.0
227968,3.0
228128,3.0
228224,3.0
228416,3.0
228592,3.0
228944,3.0
228960,3.0
229008,3.0
229024,3.0
229136,3.0
229248,3.0
229424,3.0
229488,3.0
229792,3.0
229888,3.0
230256,3.0
230464,3.0
230560,3.0
230960,3.0
231248,3.0
231760,3.0
231792,3.0
231808,3.0
231968,3.0
232336,3.0
232480,3.0
232528,3.0
232736,3.0
232784,3.0
232880,3.0
233104,3.0
233552,3.0
233648,3.0
233792,3.0
233920,3.0
234096,3.0
234528,3.0
234608,3.0
235360,3.0
235376,3.0
235552,3.0
235616,3.0
235632,3.0
235792,3.0
235936,3.0
236096,3.0
236128,3.0
236288,3.0
236608,3.0
236656,3.0
236672,3.0
236864,3.0
236912,3.0
236976,3.0
237136,3.0
237504,3.0
237792,3.0
238128,3.0
238240,3.0
238256,3.0
238896,3.0
238960,3.0
238992,3.0
239104,3.0
239184,3.0
239456,3.0
239728,3.0
239904,3.0
240016,3.0
240112,3.0
240128,3.0
240688,3.0
240768,3.0
241152,3.0
241504,3.0
241728,3.0
241744,3.0
242016,3.0
242176,3.0
242560,3.0
242880,3.0
242960,3.0
243936,3.0
244048,3.0
244064,3.0
244128,3.0
244272,3.0
244400,3.0
244624,3.0
244944,3.0
245136,3.0
245648,3.0
246048,3.0
246448,3.0
246640,3.0
246656,3.0
247008,3.0
247200,3.0
247696,3.0
248192,3.0
248208,3.0
248416,3.0
248544,3.0
248560,3.0
248640,3.0
248832,3.0
248864,3.0
248992,3.0
249328,3.0
249504,3.0
250112,3.0
250224,3.0
250304,3.0
250560,3.0
250736,3.0
250832,3.0
250992,3.0
251216,3.0
251328,3.0
251376,3.0
251984,3.0
252096,3.0
252528,3.0
252736,3.0
252832,3.0
252992,3.0
253104,3.0
253184,3.0
253408,3.0
253696,3.0
253744,3.0
253808,3.0
253856,3.0
253872,3.0
254208,3.0
254368,3.0
254528,3.0
254560,3.0
254608,3.0
254816,3.0
254912,3.0
254960,3.0
255200,3.0
255216,3.0
255520,3.0
256128,3.0
256560,3.0
256608,3.0
256848,3.0
256880,3.0
257024,3.0
257424,3.0
257488,3.0
257728,3.0
257744,3.0
257776,3.0
258000,3.0
258048,3.0
258144,3.0
258208,3.0
258400,3.0
258512,3.0
258784,3.0
258976,3.0
259136,3.0
259232,3.0
259264,3.0
259312,3.0
259504,3.0
259680,3.0
259760,3.0
259824,3.0
259936,3.0
260400,3.0
260560,3.0
260592,3.0
260688,3.0
260768,3.0
260992,3.0
262256,3.0
262368,3.0
262448,3.0
262608,3.0
262976,3.0
263008,3.0
263296,3.0
263312,3.0
263328,3.0
263408,3.0
263568,3.0
263744,3.0
263824,3.0
263904,3.0
264240,3.0
264272,3.0
264320,3.0
264576,3.0
264736,3.0
264752,3.0
264960,3.0
265024,3.0
265216,3.0
265360,3.0
265408,3.0
266032,3.0
266192,3.0
266304,3.0
266336,3.0
266368,3.0
266576,3.0
266640,3.0
266656,3.0
266688,3.0
266944,3.0
266976,3.0
267376,3.0
267472,3.0
267776,3.0
268176,3.0
268352,3.0
268496,3.0
268576,3.0
268592,3.0
268688,3.0
268832,3.0
268880,3.0
268992,3.0
269008,3.0
269344,3.0
269488,3.0
269760,3.0
269808,3.0
269952,3.0
269968,3.0
270112,3.0
270224,3.0
270416,3.0
270544,3.0
270576,3.0
270704,3.0
270816,3.0
271376,3.0
271520,3.0
271648,3.0
271776,3.0
272080,3.0
272288,3.0
272400,3.0
272624,3.0
272832,3.0
272848,3.0
273312,3.0
273376,3.0
273552,3.0
273648,3.0
273824,3.0
273840,3.0
273856,3.0
273936,3.0
274352,3.0
274688,3.0
274720,3.0
274752,3.0
275024,3.0
275168,3.0
275280,3.0
276016,3.0
276048,3.0
276272,3.0
276576,3.0
276832,3.0
277152,3.0
277408,3.0
277520,3.0
277712,3.0
277888,3.0
278288,3.0
278320,3.0
278400,3.0
278672,3.0
278800,3.0
279104,3.0
279648,3.0
279920,3.0
280096,3.0
280176,3.0
280448,3.0
280576,3.0
280592,3.0
280640,3.0
280736,3.0
281120,3.0
281216,3.0
281376,3.0
281536,3.0
281824,3.0
282080,3.0
282480,3.0
282752,3.0
282864,3.0
283024,3.0
283056,3.0
283072,3.0
283152,3.0
283280,3.0
283584,3.0
283712,3.0
283904,3.0
284064,3.0
284208,3.0
284544,3.0
284688,3.0
285184,3.0
285312,3.0
285344,3.0
285424,3.0
285616,3.0
285888,3.0
285904,3.0
285936,3.0
285952,3.0
286016,3.0
286352,3.0
286512,3.0
286656,3.0
286816,3.0
287056,3.0
287072,3.0
287424,3.0
287456,3.0
287488,3.0
287552,3.0
287904,3.0
288112,3.0
288192,3.0
288544,3.0
288912,3.0
288960,3.0
288992,3.0
289376,3.0
289728,3.0
289888,3.0
289984,3.0
290000,3.0
290272,3.0
290304,3.0
290352,3.0
290448,3.0
290704,3.0
290800,3.0
290816,3.0
290880,3.0
290976,3.0
291024,3.0
291184,3.0
291440,3.0
291552,3.0
291856,3.0
292272,3.0
292288,3.0
292304,3.0
292544,3.0
292656,3.0
292816,3.0
292944,3.0
293344,3.0
293952,3.0
294032,3.0
294080,3.0
294240,3.0
294368,3.0
294384,3.0
294752,3.0
295024,3.0
295072,3.0
295648,3.0
296080,3.0
296384,3.0
296544,3.0
296848,3.0
297216,3.0
297280,3.0
297360,3.0
297600,3.0
297648,3.0
297680,3.0
298576,3.0
298640,3.0
298736,3.0
298880,3.0
298912,3.0
299200,3.0
299408,3.0
299600,3.0
299680,3.0
299824,3.0
299904,3.0
300112,3.0
300192,3.0
300384,3.0
300528,3.0
300640,3.0
301088,3.0
301136,3.0
301184,3.0
301232,3.0
301264,3.0
301456,3.0
302112,3.0
302224,3.0
302288,3.0
302320,3.0
302336,3.0
302400,3.0
302576,3.0
303600,3.0
304144,3.0
304368,3.0
304624,3.0
305008,3.0
305136,3.0
305184,3.0
305344,3.0
305408,3.0
305888,3.0
306064,3.0
306208,3.0
307264,3.0
307328,3.0
307552,3.0
307632,3.0
307920,3.0
308000,3.0
308560,3.0
309088,3.0
309104,3.0
309344,3.0
310064,3.0
310192,3.0
310384,3.0
310464,3.0
311056,3.0
311072,3.0
311520,3.0
311728,3.0
311968,3.0
312416,3.0
312480,3.0
312560,3.0
312592,3.0
312608,3.0
312672,3.0
312784,3.0
312976,3.0
313008,3.0
313216,3.0
313360,3.0
313472,3.0
313584,3.0
313648,3.0
313792,3.0
313872,3.0
314016,3.0
314288,3.0
314592,3.0
314736,3.0
315184,3.0
315248,3.0
315264,3.0
315344,3.0
315376,3.0
315488,3.0
315632,3.0
316048,3.0
316080,3.0
316160,3.0
316256,3.0
316272,3.0
316304,3.0
316432,3.0
316656,3.0
316960,3.0
317280,3.0
317440,3.0
317584,3.0
317664,3.0
318000,3.0
318064,3.0
318080,3.0
318224,3.0
318352,3.0
318960,3.0
318992,3.0
319008,3.0
319104,3.0
319248,3.0
319328,3.0
319648,3.0
319872,3.0
320224,3.0
320288,3.0
320336,3.0
320352,3.0
320368,3.0
320384,3.0
320544,3.0
320624,3.0
320704,3.0
320864,3.0
321024,3.0
321152,3.0
321232,3.0
321568,3.0
321600,3.0
321792,3.0
321920,3.0
322048,3.0
322064,3.0
322560,3.0
322672,3.0
322704,3.0
322736,3.0
323552,3.0
323568,3.0
323760,3.0
323808,3.0
323936,3.0
324400,3.0
324448,3.0
324512,3.0
324768,3.0
324864,3.0
325280,3.0
325504,3.0
325536,3.0
325760,3.0
325888,3.0
326016,3.0
326080,3.0
326272,3.0
326752,3.0
326976,3.0
327168,3.0
327808,3.0
327968,3.0
328000,3.0
328640,3.0
328736,3.0
329104,3.0
329440,3.0
329488,3.0
329680,3.0
329840,3.0
329888,3.0
330160,3.0
330208,3.0
330464,3.0
330560,3.0
330592,3.0
330640,3.0
330848,3.0
331264,3.0
331392,3.0
331456,3.0
331696,3.0
331808,3.0
331840,3.0
331888,3.0
331968,3.0
331984,3.0
332400,3.0
332960,3.0
333072,3.0
333136,3.0
333648,3.0
333712,3.0
334624,3.0
334880,3.0
335040,3.0
335152,3.0
335232,3.0
335392,3.0
335760,3.0
335968,3.0
336160,3.0
336432,3.0
336928,3.0
337040,3.0
337104,3.0
337216,3.0
337248,3.0
337280,3.0
337472,3.0
337760,3.0
337776,3.0
337968,3.0
338000,3.0
338144,3.0
338464,3.0
338496,3.0
338784,3.0
338864,3.0
338960,3.0
339232,3.0
339360,3.0
339392,3.0
339664,3.0
339840,3.0
340112,3.0
340144,3.0
340496,3.0
340640,3.0
340752,3.0
340832,3.0
341104,3.0
341536,3.0
341568,3.0
341696,3.0
341712,3.0
341792,3.0
341840,3.0
342368,3.0
342576,3.0
342624,3.0
342688,3.0
342784,3.0
342928,3.0
343184,3.0
343264,3.0
343424,3.0
343440,3.0
343488,3.0
343792,3.0
344224,3.0
344368,3.0
344496,3.0
344704,3.0
344768,3.0
344848,3.0
345072,3.0
345104,3.0
345120,3.0
345136,3.0
345232,3.0
345360,3.0
345568,3.0
345584,3.0
345872,3.0
346032,3.0
346128,3.0
346144,3.0
346672,3.0
346704,3.0
346832,3.0
346928,3.0
346976,3.0
347104,3.0
347136,3.0
347392,3.0
347408,3.0
347472,3.0
347712,3.0
347744,3.0
347808,3.0
347968,3.0
348064,3.0
348320,3.0
348336,3.0
348400,3.0
348688,3.0
348800,3.0
348960,3.0
349168,3.0
349216,3.0
349248,3.0
349840,3.0
349984,3.0
350368,3.0
350576,3.0
350592,3.0
350640,3.0
350656,3.0
350672,3.0
350896,3.0
350976,3.0
351408,3.0
351456,3.0
351472,3.0
351648,3.0
351680,3.0
351696,3.0
351712,3.0
351760,3.0
352032,3.0
352832,3.0
353088,3.0
353264,3.0
353392,3.0
353600,3.0
353616,3.0
353664,3.0
354176,3.0
354368,3.0
354512,3.0
354688,3.0
354816,3.0
354864,3.0
354880,3.0
355072,3.0
355232,3.0
355280,3.0
355664,3.0
355808,3.0
355872,3.0
356144,3.0
356192,3.0
356304,3.0
356416,3.0
356720,3.0
357072,3.0
357488,3.0
357552,3.0
357584,3.0
357776,3.0
358000,3.0
358064,3.0
358320,3.0
358448,3.0
358512,3.0
358624,3.0
358640,3.0
358720,3.0
358784,3.0
358800,3.0
358944,3.0
359280,3.0
359664,3.0
359936,3.0
360128,3.0
360384,3.0
360464,3.0
360544,3.0
360864,3.0
361056,3.0
361088,3.0
361120,3.0
361152,3.0
361392,3.0
361440,3.0
361792,3.0
361872,3.0
361920,3.0
362032,3.0
362192,3.0
362288,3.0
362432,3.0
362480,3.0
362592,3.0
362656,3.0
362752,3.0
362880,3.0
363072,3.0
363328,3.0
363472,3.0
363488,3.0
363568,3.0
363632,3.0
363872,3.0
363904,3.0
364064,3.0
364160,3.0
364384,3.0
364544,3.0
364592,3.0
364800,3.0
365040,3.0
365264,3.0
365408,3.0
365472,3.0
365728,3.0
365920,3.0
366128,3.0
366208,3.0
366320,3.0
366416,3.0
366432,3.0
366752,3.0
366800,3.0
366864,3.0
366992,3.0
367280,3.0
367520,3.0
367792,3.0
367808,3.0
367840,3.0
367888,3.0
367968,3.0
368368,3.0
368672,3.0
369024,3.0
369520,3.0
369648,3.0
369872,3.0
370064,3.0
370624,3.0
370768,3.0
370864,3.0
371120,3.0
371184,3.0
371200,3.0
371632,3.0
371808,3.0
371872,3.0
371888,3.0
372064,3.0
372080,3.0
372960,3.0
373024,3.0
373088,3.0
373264,3.0
373568,3.0
373632,3.0
373744,3.0
373824,3.0
373840,3.0
373856,3.0
374112,3.0
374192,3.0
374368,3.0
374832,3.0
374912,3.0
374928,3.0
375120,3.0
375472,3.0
375600,3.0
375680,3.0
375920,3.0
376336,3.0
376464,3.0
376496,3.0
376752,3.0
376960,3.0
377232,3.0
377296,3.0
379200,3.0
379488,3.0
379648,3.0
379760,3.0
379952,3.0
379968,3.0
380624,3.0
380720,3.0
380848,3.0
380880,3.0
380960,3.0
381152,3.0
381520,3.0
382080,3.0
382224,3.0
382416,3.0
382784,3.0
382880,3.0
382992,3.0
383024,3.0
383040,3.0
383136,3.0
383184,3.0
383392,3.0
384112,3.0
384352,3.0
384800,3.0
385328,3.0
385552,3.0
385840,3.0
385936,3.0
386224,3.0
386512,3.0
386544,3.0
386640,3.0
387040,3.0
387104,3.0
387472,3.0
387616,3.0
387904,3.0
388576,3.0
388640,3.0
388736,3.0
388848,3.0
388992,3.0
389296,3.0
389472,3.0
389744,3.0
389760,3.0
390048,3.0
390896,3.0
391056,3.0
391104,3.0
391184,3.0
391520,3.0
391696,3.0
391760,3.0
392240,3.0
392336,3.0
392432,3.0
392480,3.0
392800,3.0
392896,3.0
393360,3.0
393392,3.0
393552,3.0
393856,3.0
394512,3.0
394608,3.0
394624,3.0
394656,3.0
394816,3.0
395520,3.0
395680,3.0
395776,3.0
395904,3.0
396688,3.0
396752,3.0
396848,3.0
397088,3.0
397552,3.0
397616,3.0
397632,3.0
397696,3.0
398064,3.0
398112,3.0
398192,3.0
398816,3.0
399008,3.0
399616,3.0
399840,3.0
399888,3.0
400432,3.0
400464,3.0
400656,3.0
400672,3.0
400736,3.0
400800,3.0
401280,3.0
401328,3.0
401376,3.0
401984,3.0
402768,3.0
402944,3.0
403136,3.0
403328,3.0
403360,3.0
403472,3.0
403488,3.0
403632,3.0
403696,3.0
403984,3.0
404480,3.0
404608,3.0
404640,3.0
404672,3.0
404688,3.0
404704,3.0
404752,3.0
404784,3.0
404896,3.0
405072,3.0
405104,3.0
405264,3.0
405520,3.0
405680,3.0
405728,3.0
405872,3.0
406048,3.0
406096,3.0
406224,3.0
406288,3.0
406304,3.0
406416,3.0
406672,3.0
406768,3.0
407312,3.0
407600,3.0
407776,3.0
408048,3.0
408192,3.0
408288,3.0
408336,3.0
408352,3.0
408864,3.0
409136,3.0
409168,3.0
409264,3.0
409440,3.0
409696,3.0
409984,3.0
410128,3.0
410320,3.0
410384,3.0
410528,3.0
410560,3.0
410864,3.0
410944,3.0
411152,3.0
411216,3.0
411664,3.0
412144,3.0
412224,3.0
412240,3.0
412272,3.0
412416,3.0
412528,3.0
412560,3.0
412656,3.0
412848,3.0
413072,3.0
413456,3.0
413696,3.0
413872,3.0
413968,3.0
414096,3.0
414176,3.0
414192,3.0
414272,3.0
414304,3.0
414368,3.0
414400,3.0
414448,3.0
414528,3.0
414560,3.0
414576,3.0
414736,3.0
414864,3.0
414960,3.0
415280,3.0
415296,3.0
415456,3.0
415472,3.0
415520,3.0
415712,3.0
415936,3.0
416016,3.0
416032,3.0
416176,3.0
416528,3.0
416560,3.0
416640,3.0
416688,3.0
417104,3.0
417136,3.0
417168,3.0
417264,3.0
417328,3.0
417360,3.0
417536,3.0
417808,3.0
417824,3.0
417840,3.0
418096,3.0
418608,3.0
418816,3.0
418832,3.0
418992,3.0
419120,3.0
419168,3.0
419280,3.0
420112,3.0
420272,3.0
420352,3.0
420464,3.0
420688,3.0
421248,3.0
421520,3.0
421600,3.0
422000,3.0
422016,3.0
422192,3.0
422256,3.0
422960,3.0
423232,3.0
423920,3.0
424016,3.0
425280,3.0
425408,3.0
425488,3.0
425904,3.0
426208,3.0
426240,3.0
426848,3.0
427184,3.0
427392,3.0
427984,3.0
428192,3.0
428400,3.0
428656,3.0
428976,3.0
429824,3.0
430032,3.0
430096,3.0
430192,3.0
430240,3.0
430528,3.0
430752,3.0
430848,3.0
431088,3.0
431280,3.0
431408,3.0
431488,3.0
431616,3.0
431856,3.0
431952,3.0
432016,3.0
432672,3.0
432848,3.0
432928,3.0
433024,3.0
433072,3.0
433200,3.0
433264,3.0
433328,3.0
433840,3.0
433904,3.0
433920,3.0
434176,3.0
434192,3.0
434336,3.0
434400,3.0
434592,3.0
434704,3.0
434912,3.0
434976,3.0
435408,3.0
435744,3.0
435824,3.0
435904,3.0
436272,3.0
436352,3.0
437008,3.0
437104,3.0
437152,3.0
437264,3.0
437280,3.0
437552,3.0
437792,3.0
438608,3.0
438848,3.0
439088,3.0
439392,3.0
439872,3.0
439888,3.0
440000,3.0
440064,3.0
440528,3.0
440544,3.0
440960,3.0
441120,3.0
441136,3.0
441280,3.0
441440,3.0
441488,3.0
441840,3.0
441984,3.0
442240,3.0
442496,3.0
442592,3.0
442608,3.0
442656,3.0
442704,3.0
442768,3.0
442832,3.0
442976,3.0
443120,3.0
443264,3.0
443568,3.0
443984,3.0
444400,3.0
444528,3.0
444768,3.0
444928,3.0
445104,3.0
445200,3.0
445360,3.0
445760,3.0
446112,3.0
446352,3.0
446448,3.0
446528,3.0
446576,3.0
446608,3.0
446640,3.0
446720,3.0
446752,3.0
447008,3.0
447360,3.0
447600,3.0
447680,3.0
447776,3.0
447888,3.0
447984,3.0
448048,3.0
448064,3.0
448320,3.0
448464,3.0
448528,3.0
448608,3.0
448944,3.0
449376,3.0
449536,3.0
449616,3.0
449632,3.0
449744,3.0
449888,3.0
449920,3.0
450448,3.0
450688,3.0
450864,3.0
450912,3.0
451040,3.0
451264,3.0
451408,3.0
451472,3.0
451680,3.0
451744,3.0
451824,3.0
451840,3.0
451872,3.0
451968,3.0
452112,3.0
452240,3.0
452512,3.0
452800,3.0
453520,3.0
453616,3.0
453760,3.0
454160,3.0
454528,3.0
454608,3.0
454688,3.0
454752,3.0
455168,3.0
455264,3.0
455760,3.0
455808,3.0
455824,3.0
456032,3.0
456128,3.0
456160,3.0
456224,3.0
456512,3.0
456576,3.0
456608,3.0
456784,3.0
456816,3.0
456832,3.0
456912,3.0
456976,3.0
457136,3.0
457280,3.0
457376,3.0
457440,3.0
457808,3.0
457840,3.0
458016,3.0
458528,3.0
458576,3.0
458672,3.0
458928,3.0
458960,3.0
458976,3.0
459024,3.0
459120,3.0
459264,3.0
459472,3.0
460048,3.0
460112,3.0
460240,3.0
460272,3.0
461184,3.0
461744,3.0
461776,3.0
461952,3.0
462048,3.0
462080,3.0
462480,3.0
462512,3.0
462640,3.0
462656,3.0
462672,3.0
462720,3.0
462880,3.0
462960,3.0
462976,3.0
463040,3.0
463136,3.0
463456,3.0
463776,3.0
463808,3.0
464000,3.0
464096,3.0
464128,3.0
464240,3.0
464320,3.0
464352,3.0
464464,3.0
464672,3.0
464688,3.0
464816,3.0
465440,3.0
465696,3.0
465712,3.0
465920,3.0
466192,3.0
466688,3.0
467104,3.0
467328,3.0
467584,3.0
467616,3.0
468080,3.0
468304,3.0
468448,3.0
468464,3.0
468736,3.0
469040,3.0
469168,3.0
469632,3.0
469728,3.0
470112,3.0
470272,3.0
470400,3.0
470544,3.0
470672,3.0
470704,3.0
470928,3.0
471152,3.0
471216,3.0
471264,3.0
471296,3.0
471392,3.0
471584,3.0
472112,3.0
472224,3.0
472384,3.0
472432,3.0
472448,3.0
472464,3.0
472592,3.0
472608,3.0
472752,3.0
473040,3.0
473360,3.0
473488,3.0
473552,3.0
473584,3.0
473776,3.0
473920,3.0
473952,3.0
474032,3.0
474416,3.0
474592,3.0
474848,3.0
475264,3.0
475472,3.0
475584,3.0
475744,3.0
475840,3.0
475872,3.0
475968,3.0
475984,3.0
476352,3.0
476400,3.0
476544,3.0
476736,3.0
476832,3.0
477424,3.0
477648,3.0
477728,3.0
478304,3.0
478336,3.0
478528,3.0
478592,3.0
478800,3.0
479312,3.0
479728,3.0
480048,3.0
480096,3.0
480144,3.0
480192,3.0
480320,3.0
480416,3.0
480432,3.0
480496,3.0
480512,3.0
480576,3.0
480736,3.0
480864,3.0
481488,3.0
481632,3.0
481936,3.0
482096,3.0
482144,3.0
482176,3.0
482352,3.0
482448,3.0
482464,3.0
482688,3.0
482896,3.0
482960,3.0
483360,3.0
483440,3.0
483600,3.0
484336,3.0
484672,3.0
484816,3.0
484976,3.0
485136,3.0
485488,3.0
485520,3.0
485552,3.0
485696,3.0
485808,3.0
485888,3.0
485920,3.0
485936,3.0
486112,3.0
486464,3.0
486688,3.0
487200,3.0
487504,3.0
488048,3.0
488064,3.0
488112,3.0
488160,3.0
488336,3.0
488864,3.0
489088,3.0
489456,3.0
489600,3.0
489648,3.0
489760,3.0
489968,3.0
489984,3.0
490032,3.0
490192,3.0
490288,3.0
490624,3.0
490976,3.0
491072,3.0
491152,3.0
491392,3.0
491472,3.0
491552,3.0
491600,3.0
491680,3.0
491744,3.0
492032,3.0
492512,3.0
492560,3.0
492816,3.0
493216,3.0
493392,3.0
493408,3.0
493760,3.0
494128,3.0
494176,3.0
494240,3.0
494304,3.0
494384,3.0
494448,3.0
494608,3.0
494624,3.0
494688,3.0
494784,3.0
495264,3.0
495440,3.0
495584,3.0
495728,3.0
495824,3.0
496192,3.0
496208,3.0
496288,3.0
496576,3.0
496720,3.0
497200,3.0
497472,3.0
497536,3.0
497856,3.0
497872,3.0
498016,3.0
498064,3.0
498160,3.0
498416,3.0
498512,3.0
498688,3.0
498752,3.0
498800,3.0
499344,3.0
499744,3.0
500048,3.0
500768,3.0
500816,3.0
501056,3.0
501136,3.0
501536,3.0
501952,3.0
501968,3.0
502032,3.0
502080,3.0
502240,3.0
502416,3.0
502480,3.0
502784,3.0
502864,3.0
503088,3.0
503424,3.0
503856,3.0
503920,3.0
504144,3.0
504256,3.0
504336,3.0
504400,3.0
504672,3.0
504800,3.0
504912,3.0
505072,3.0
505104,3.0
505152,3.0
505360,3.0
505456,3.0
505536,3.0
505664,3.0
505872,3.0
505952,3.0
506384,3.0
506480,3.0
506544,3.0
506752,3.0
506768,3.0
506896,3.0
506928,3.0
507232,3.0
507408,3.0
507680,3.0
507728,3.0
508176,3.0
508384,3.0
508512,3.0
508592,3.0
508688,3.0
508736,3.0
509056,3.0
509424,3.0
509456,3.0
509696,3.0
509728,3.0
509792,3.0
510048,3.0
510368,3.0
510448,3.0
510688,3.0
510832,3.0
510880,3.0
510912,3.0
511200,3.0
511248,3.0
511744,3.0
511936,3.0
512064,3.0
512368,3.0
512400,3.0
512624,3.0
512640,3.0
512656,3.0
512688,3.0
512832,3.0
512896,3.0
512928,3.0
513008,3.0
513200,3.0
513488,3.0
513600,3.0
513792,3.0
513936,3.0
513968,3.0
514240,3.0
514640,3.0
514832,3.0
515600,3.0
515728,3.0
515904,3.0
515984,3.0
516320,3.0
516560,3.0
517376,3.0
517632,3.0
517952,3.0
518032,3.0
518240,3.0
518336,3.0
518384,3.0
518432,3.0
518608,3.0
519152,3.0
519200,3.0
519264,3.0
519360,3.0
519696,3.0
520064,3.0
520096,3.0
520144,3.0
520256,3.0
520432,3.0
520800,3.0
520992,3.0
521040,3.0
521136,3.0
521312,3.0
521504,3.0
521792,3.0
522592,3.0
522928,3.0
523504,3.0
523536,3.0
523584,3.0
523792,3.0
523904,3.0
523936,3.0
524000,3.0
524096,3.0
524160,3.0
524272,3.0
524592,3.0
524640,3.0
524752,3.0
524832,3.0
525104,3.0
525408,3.0
525584,3.0
525728,3.0
525760,3.0
525824,3.0
525936,3.0
525984,3.0
526192,3.0
526528,3.0
526912,3.0
526976,3.0
527136,3.0
527184,3.0
527424,3.0
527504,3.0
527536,3.0
527616,3.0
527856,3.0
528400,3.0
528544,3.0
528592,3.0
528720,3.0
528784,3.0
528848,3.0
529024,3.0
529200,3.0
530128,3.0
530368,3.0
530432,3.0
530512,3.0
530640,3.0
530912,3.0
531024,3.0
531376,3.0
531536,3.0
531728,3.0
532272,3.0
532288,3.0
532336,3.0
532352,3.0
532464,3.0
532640,3.0
533360,3.0
533376,3.0
533584,3.0
533648,3.0
534144,3.0
534160,3.0
534400,3.0
534416,3.0
534672,3.0
535040,3.0
535120,3.0
535488,3.0
535840,3.0
535872,3.0
536048,3.0
536240,3.0
536336,3.0
536576,3.0
536656,3.0
536832,3.0
536864,3.0
537168,3.0
537328,3.0
537520,3.0
538096,3.0
538304,3.0
538464,3.0
538768,3.0
538832,3.0
538928,3.0
538960,3.0
539392,3.0
539552,3.0
539792,3.0
539824,3.0
539904,3.0
540112,3.0
540448,3.0
540512,3.0
540640,3.0
540688,3.0
540752,3.0
540784,3.0
540928,3.0
540944,3.0
541104,3.0
541216,3.0
541568,3.0
541680,3.0
541824,3.0
542208,3.0
542416,3.0
542448,3.0
542848,3.0
542992,3.0
543280,3.0
543376,3.0
543472,3.0
543584,3.0
543744,3.0
543952,3.0
544144,3.0
544320,3.0
544336,3.0
544368,3.0
544752,3.0
545216,3.0
545232,3.0
545408,3.0
545600,3.0
546048,3.0
546080,3.0
546112,3.0
546160,3.0
546336,3.0
546640,3.0
546800,3.0
546816,3.0
547024,3.0
547248,3.0
547376,3.0
547440,3.0
547456,3.0
547872,3.0
547936,3.0
548336,3.0
548464,3.0
549520,3.0
549552,3.0
549632,3.0
549776,3.0
549872,3.0
549920,3.0
549968,3.0
549984,3.0
550688,3.0
550896,3.0
551072,3.0
551088,3.0
551504,3.0
551600,3.0
551648,3.0
551696,3.0
552048,3.0
552064,3.0
552080,3.0
552160,3.0
552224,3.0
553008,3.0
553904,3.0
553920,3.0
554192,3.0
554256,3.0
554288,3.0
554400,3.0
554416,3.0
554656,3.0
555056,3.0
555232,3.0
555360,3.0
555456,3.0
555712,3.0
555904,3.0
555936,3.0
556320,3.0
556976,3.0
557120,3.0
557152,3.0
557488,3.0
557728,3.0
558112,3.0
558160,3.0
558400,3.0
558720,3.0
558784,3.0
558960,3.0
559440,3.0
559472,3.0
559488,3.0
559664,3.0
559744,3.0
559856,3.0
559888,3.0
559936,3.0
560016,3.0
560240,3.0
560288,3.0
560304,3.0
560688,3.0
560928,3.0
561056,3.0
561120,3.0
561184,3.0
561392,3.0
561728,3.0
561824,3.0
562464,3.0
563232,3.0
563248,3.0
563360,3.0
563392,3.0
563664,3.0
563680,3.0
564480,3.0
564512,3.0
564688,3.0
564784,3.0
564848,3.0
564912,3.0
564976,3.0
565152,3.0
565568,3.0
565776,3.0
566800,3.0
567152,3.0
567168,3.0
567184,3.0
567792,3.0
568448,3.0
568688,3.0
568896,3.0
568992,3.0
569072,3.0
569184,3.0
569344,3.0
569376,3.0
569424,3.0
570016,3.0
570704,3.0
571072,3.0
571136,3.0
571456,3.0
571920,3.0
572048,3.0
572624,3.0
572880,3.0
572912,3.0
572976,3.0
573040,3.0
573120,3.0
573808,3.0
574032,3.0
574128,3.0
574304,3.0
574944,3.0
574976,3.0
575152,3.0
575200,3.0
575472,3.0
575536,3.0
575648,3.0
576016,3.0
576160,3.0
576240,3.0
576272,3.0
576368,3.0
576560,3.0
576656,3.0
576768,3.0
577328,3.0
577440,3.0
577472,3.0
577504,3.0
577968,3.0
578352,3.0
578576,3.0
578784,3.0
579120,3.0
579280,3.0
579344,3.0
579712,3.0
580256,3.0
580752,3.0
580768,3.0
580944,3.0
581072,3.0
581424,3.0
581456,3.0
581920,3.0
582512,3.0
582608,3.0
582672,3.0
582704,3.0
582832,3.0
583120,3.0
583216,3.0
583232,3.0
583424,3.0
583648,3.0
583872,3.0
584240,3.0
584256,3.0
584432,3.0
584800,3.0
584960,3.0
585088,3.0
585120,3.0
585280,3.0
585296,3.0
585328,3.0
585344,3.0
585408,3.0
585440,3.0
585616,3.0
585808,3.0
586096,3.0
586400,3.0
586768,3.0
587264,3.0
587632,3.0
588288,3.0
588480,3.0
588592,3.0
588848,3.0
588928,3.0
589120,3.0
589376,3.0
589568,3.0
589712,3.0
589728,3.0
589744,3.0
589840,3.0
590112,3.0
590128,3.0
590320,3.0
590432,3.0
590464,3.0
590480,3.0
590768,3.0
590928,3.0
590960,3.0
591152,3.0
591264,3.0
591344,3.0
591568,3.0
591664,3.0
591680,3.0
592000,3.0
592496,3.0
592560,3.0
592784,3.0
592880,3.0
592976,3.0
593024,3.0
593184,3.0
593424,3.0
593552,3.0
593664,3.0
593776,3.0
594032,3.0
594384,3.0
594400,3.0
594864,3.0
594992,3.0
595152,3.0
595344,3.0
595440,3.0
595584,3.0
595728,3.0
595760,3.0
596064,3.0
596224,3.0
596448,3.0
597504,3.0
597536,3.0
598416,3.0
598496,3.0
598560,3.0
598592,3.0
598784,3.0
598944,3.0
599216,3.0
599248,3.0
599600,3.0
600112,3.0
600128,3.0
600224,3.0
600288,3.0
600304,3.0
600320,3.0
600496,3.0
600560,3.0
600736,3.0
600816,3.0
600864,3.0
601024,3.0
601248,3.0
601360,3.0
601392,3.0
601504,3.0
601680,3.0
601792,3.0
601936,3.0
602048,3.0
602368,3.0
602576,3.0
602784,3.0
602816,3.0
602928,3.0
603728,3.0
604320,3.0
605344,3.0
605632,3.0
605712,3.0
605968,3.0
606016,3.0
606288,3.0
606432,3.0
606512,3.0
606928,3.0
606960,3.0
606992,3.0
607024,3.0
607280,3.0
607360,3.0
607392,3.0
607504,3.0
607552,3.0
607632,3.0
607648,3.0
607792,3.0
608080,3.0
608416,3.0
608576,3.0
608832,3.0
609392,3.0
609920,3.0
610144,3.0
610240,3.0
610416,3.0
610432,3.0
610848,3.0
610928,3.0
611120,3.0
611136,3.0
611184,3.0
611200,3.0
611328,3.0
611392,3.0
611712,3.0
611872,3.0
612144,3.0
612224,3.0
612704,3.0
612864,3.0
612912,3.0
613008,3.0
613216,3.0
613264,3.0
613360,3.0
613536,3.0
613904,3.0
614048,3.0
614208,3.0
614240,3.0
614336,3.0
614576,3.0
614944,3.0
614960,3.0
614976,3.0
615008,3.0
615264,3.0
615296,3.0
615312,3.0
615664,3.0
615808,3.0
615920,3.0
616144,3.0
616240,3.0
616272,3.0
616352,3.0
616416,3.0
616464,3.0
616720,3.0
616736,3.0
617008,3.0
617072,3.0
617120,3.0
617584,3.0
617600,3.0
617696,3.0
617792,3.0
617856,3.0
618032,3.0
618416,3.0
618432,3.0
618464,3.0
618496,3.0
618736,3.0
618752,3.0
618992,3.0
619136,3.0
619232,3.0
619264,3.0
619456,3.0
620016,3.0
620336,3.0
620640,3.0
620816,3.0
621024,3.0
621216,3.0
621488,3.0
621600,3.0
622336,3.0
622576,3.0
622832,3.0
622848,3.0
623136,3.0
623584,3.0
623648,3.0
623696,3.0
623728,3.0
623856,3.0
624128,3.0
624240,3.0
624416,3.0
625360,3.0
625376,3.0
625408,3.0
625552,3.0
625920,3.0
625984,3.0
626032,3.0
626160,3.0
626224,3.0
626320,3.0
626368,3.0
626720,3.0
626752,3.0
626912,3.0
627200,3.0
627216,3.0
627408,3.0
627568,3.0
627680,3.0
627696,3.0
627728,3.0
627840,3.0
627888,3.0
627936,3.0
628192,3.0
628288,3.0
628544,3.0
628688,3.0
629040,3.0
629232,3.0
629344,3.0
629392,3.0
629472,3.0
629680,3.0
629792,3.0
629808,3.0
629824,3.0
629984,3.0
630032,3.0
630384,3.0
630496,3.0
630592,3.0
630896,3.0
630992,3.0
631232,3.0
631536,3.0
631728,3.0
631776,3.0
632336,3.0
632672,3.0
632992,3.0
633040,3.0
633184,3.0
633232,3.0
633280,3.0
633392,3.0
633584,3.0
633760,3.0
633792,3.0
633904,3.0
633952,3.0
634016,3.0
634048,3.0
634272,3.0
634480,3.0
634912,3.0
635072,3.0
635184,3.0
635600,3.0
635904,3.0
636096,3.0
636160,3.0
636224,3.0
636256,3.0
636928,3.0
637120,3.0
637440,3.0
637648,3.0
637968,3.0
638064,3.0
638448,3.0
638576,3.0
639104,3.0
639184,3.0
639328,3.0
639472,3.0
639712,3.0
639872,3.0
639936,3.0
640240,3.0
640272,3.0
640336,3.0
640464,3.0
640624,3.0
640768,3.0
640816,3.0
640928,3.0
641024,3.0
641120,3.0
641264,3.0
641376,3.0
641808,3.0
641968,3.0
642528,3.0
642896,3.0
643056,3.0
643120,3.0
643552,3.0
643728,3.0
644064,3.0
644256,3.0
644304,3.0
644576,3.0
644688,3.0
644800,3.0
645072,3.0
645088,3.0
645120,3.0
645216,3.0
645984,3.0
646080,3.0
646240,3.0
646256,3.0
646416,3.0
646480,3.0
646672,3.0
646688,3.0
646832,3.0
646896,3.0
646912,3.0
646960,3.0
647168,3.0
647280,3.0
647488,3.0
647504,3.0
647520,3.0
647648,3.0
647840,3.0
647856,3.0
648080,3.0
648304,3.0
648352,3.0
648496,3.0
648544,3.0
649392,3.0
649536,3.0
649648,3.0
649744,3.0
649760,3.0
650016,3.0
650096,3.0
650160,3.0
650176,3.0
650464,3.0
650624,3.0
650688,3.0
651232,3.0
651408,3.0
651680,3.0
651696,3.0
651776,3.0
652128,3.0
652176,3.0
652416,3.0
652432,3.0
652656,3.0
653056,3.0
653072,3.0
653088,3.0
653392,3.0
653488,3.0
653536,3.0
653728,3.0
653776,3.0
653904,3.0
653920,3.0
653952,3.0
654144,3.0
654352,3.0
654688,3.0
654816,3.0
654912,3.0
654976,3.0
654992,3.0
655504,3.0
656112,3.0
656624,3.0
657152,3.0
657328,3.0
657344,3.0
657488,3.0
657616,3.0
657632,3.0
657712,3.0
658144,3.0
659008,3.0
659040,3.0
659232,3.0
659328,3.0
659360,3.0
659440,3.0
659520,3.0
659568,3.0
659856,3.0
660016,3.0
660144,3.0
660192,3.0
660304,3.0
660480,3.0
660496,3.0
660688,3.0
660704,3.0
660848,3.0
661088,3.0
661360,3.0
661408,3.0
661424,3.0
661440,3.0
661536,3.0
661904,3.0
662000,3.0
662144,3.0
662160,3.0
662608,3.0
662704,3.0
663056,3.0
663552,3.0
663600,3.0
663840,3.0
663904,3.0
664304,3.0
664640,3.0
664656,3.0
664720,3.0
664880,3.0
664896,3.0
665040,3.0
665408,3.0
665456,3.0
665760,3.0
666304,3.0
666448,3.0
666480,3.0
666736,3.0
666960,3.0
667264,3.0
667392,3.0
667648,3.0
668096,3.0
668240,3.0
668368,3.0
668480,3.0
668608,3.0
668752,3.0
669248,3.0
669776,3.0
669808,3.0
669936,3.0
669968,3.0
670192,3.0
670336,3.0
670816,3.0
671008,3.0
671168,3.0
671312,3.0
671808,3.0
672352,3.0
672368,3.0
672512,3.0
672624,3.0
672640,3.0
672912,3.0
673760,3.0
673888,3.0
673904,3.0
673968,3.0
674048,3.0
674352,3.0
674400,3.0
674736,3.0
675264,3.0
675392,3.0
675520,3.0
675616,3.0
675680,3.0
675808,3.0
676080,3.0
676176,3.0
676384,3.0
676592,3.0
676960,3.0
677056,3.0
677104,3.0
677456,3.0
677664,3.0
678704,3.0
678784,3.0
678976,3.0
679264,3.0
679280,3.0
679296,3.0
679600,3.0
679744,3.0
679856,3.0
680096,3.0
680208,3.0
680432,3.0
680496,3.0
680512,3.0
680672,3.0
680800,3.0
680960,3.0
681088,3.0
681232,3.0
681280,3.0
681472,3.0
681648,3.0
681920,3.0
682336,3.0
682432,3.0
682512,3.0
682576,3.0
682720,3.0
682768,3.0
682912,3.0
683136,3.0
683200,3.0
683360,3.0
683472,3.0
683504,3.0
683520,3.0
683584,3.0
683712,3.0
684000,3.0
684336,3.0
684432,3.0
684512,3.0
684768,3.0
684880,3.0
685280,3.0
685296,3.0
685376,3.0
685616,3.0
685712,3.0
685792,3.0
685824,3.0
686064,3.0
686288,3.0
686352,3.0
686400,3.0
686624,3.0
686656,3.0
687136,3.0
687296,3.0
687360,3.0
687520,3.0
687536,3.0
687776,3.0
687792,3.0
687984,3.0
688000,3.0
688224,3.0
688416,3.0
688720,3.0
689168,3.0
689216,3.0
689264,3.0
689312,3.0
689344,3.0
689408,3.0
690000,3.0
690400,3.0
690480,3.0
690496,3.0
690608,3.0
690640,3.0
690672,3.0
690912,3.0
691568,3.0
691712,3.0
691840,3.0
691936,3.0
692320,3.0
692400,3.0
692944,3.0
693136,3.0
693184,3.0
693312,3.0
693840,3.0
693856,3.0
694064,3.0
694128,3.0
694784,3.0
694896,3.0
695088,3.0
695248,3.0
695376,3.0
695904,3.0
696368,3.0
696544,3.0
696688,3.0
697264,3.0
697328,3.0
697456,3.0
698048,3.0
698064,3.0
698096,3.0
698112,3.0
698256,3.0
698352,3.0
698384,3.0
698416,3.0
698720,3.0
698800,3.0
699168,3.0
699488,3.0
699504,3.0
699568,3.0
699632,3.0
699680,3.0
699952,3.0
700064,3.0
700112,3.0
700160,3.0
700176,3.0
700240,3.0
700256,3.0
700320,3.0
700352,3.0
700752,3.0
700896,3.0
701088,3.0
701200,3.0
701296,3.0
701392,3.0
701504,3.0
701824,3.0
702096,3.0
702320,3.0
702640,3.0
702688,3.0
702864,3.0
703136,3.0
703328,3.0
703472,3.0
703792,3.0
703888,3.0
703936,3.0
704080,3.0
704112,3.0
704224,3.0
704416,3.0
704528,3.0
704880,3.0
705088,3.0
705824,3.0
706368,3.0
706464,3.0
706608,3.0
706848,3.0
706944,3.0
706992,3.0
707072,3.0
707152,3.0
707648,3.0
707744,3.0
707872,3.0
708192,3.0
708224,3.0
708368,3.0
708496,3.0
708528,3.0
708672,3.0
708832,3.0
708880,3.0
709120,3.0
709296,3.0
709376,3.0
709424,3.0
709760,3.0
710144,3.0
710192,3.0
710224,3.0
710448,3.0
710464,3.0
710576,3.0
710688,3.0
710768,3.0
710832,3.0
711040,3.0
711136,3.0
711296,3.0
711456,3.0
711648,3.0
711664,3.0
711760,3.0
711808,3.0
711888,3.0
711952,3.0
712064,3.0
712272,3.0
712464,3.0
712528,3.0
712976,3.0
713040,3.0
713056,3.0
713136,3.0
713280,3.0
713392,3.0
713616,3.0
713664,3.0
713792,3.0
713872,3.0
714272,3.0
714288,3.0
714432,3.0
714512,3.0
714688,3.0
714704,3.0
714960,3.0
715424,3.0
715904,3.0
715936,3.0
716000,3.0
716112,3.0
716944,3.0
717408,3.0
717424,3.0
717568,3.0
717856,3.0
717888,3.0
718256,3.0
718544,3.0
718576,3.0
718928,3.0
719024,3.0
719136,3.0
719152,3.0
719632,3.0
719808,3.0
720128,3.0
720656,3.0
720704,3.0
720768,3.0
720880,3.0
721024,3.0
721168,3.0
721360,3.0
721472,3.0
721568,3.0
721872,3.0
721920,3.0
722032,3.0
722128,3.0
722144,3.0
722256,3.0
723008,3.0
723152,3.0
723360,3.0
723504,3.0
723520,3.0
723664,3.0
723792,3.0
724240,3.0
724560,3.0
724672,3.0
724736,3.0
724896,3.0
724992,3.0
725136,3.0
725248,3.0
725504,3.0
725584,3.0
725616,3.0
725664,3.0
726000,3.0
726240,3.0
726320,3.0
727504,3.0
727920,3.0
728272,3.0
728400,3.0
728480,3.0
728736,3.0
728768,3.0
729008,3.0
729392,3.0
729888,3.0
730624,3.0
730736,3.0
730848,3.0
730880,3.0
731024,3.0
731120,3.0
731152,3.0
731216,3.0
731424,3.0
731504,3.0
731520,3.0
731792,3.0
731808,3.0
731824,3.0
732512,3.0
732544,3.0
732736,3.0
732960,3.0
733312,3.0
733472,3.0
733568,3.0
733632,3.0
734000,3.0
734016,3.0
734352,3.0
734496,3.0
734688,3.0
734784,3.0
735040,3.0
735184,3.0
735200,3.0
735360,3.0
735824,3.0
735920,3.0
736032,3.0
736224,3.0
736272,3.0
736656,3.0
736832,3.0
737072,3.0
737264,3.0
737552,3.0
738384,3.0
738592,3.0
738672,3.0
738736,3.0
738816,3.0
738848,3.0
738864,3.0
738896,3.0
739056,3.0
739232,3.0
739456,3.0
739600,3.0
739984,3.0
740128,3.0
740144,3.0
740160,3.0
740464,3.0
740528,3.0
740656,3.0
740688,3.0
740832,3.0
741168,3.0
741200,3.0
741440,3.0
741552,3.0
741616,3.0
741792,3.0
741888,3.0
742112,3.0
742432,3.0
742624,3.0
742704,3.0
742816,3.0
742848,3.0
742880,3.0
743008,3.0
743104,3.0
744128,3.0
744512,3.0
744704,3.0
744736,3.0
744864,3.0
744928,3.0
744976,3.0
745264,3.0
745488,3.0
745696,3.0
745744,3.0
745888,3.0
746208,3.0
746528,3.0
746592,3.0
746896,3.0
747376,3.0
747552,3.0
747856,3.0
747904,3.0
748128,3.0
748160,3.0
748224,3.0
748288,3.0
748400,3.0
748480,3.0
748528,3.0
748912,3.0
749200,3.0
749344,3.0
749392,3.0
749440,3.0
750208,3.0
750304,3.0
750400,3.0
750592,3.0
750784,3.0
750832,3.0
750912,3.0
750992,3.0
751312,3.0
751456,3.0
751712,3.0
751744,3.0
751936,3.0
752080,3.0
752432,3.0
752528,3.0
752592,3.0
752688,3.0
752976,3.0
753104,3.0
753344,3.0
753552,3.0
754048,3.0
754064,3.0
754224,3.0
754464,3.0
754544,3.0
754672,3.0
755136,3.0
755536,3.0
755712,3.0
755744,3.0
755984,3.0
756000,3.0
756448,3.0
756640,3.0
756704,3.0
756752,3.0
756896,3.0
757056,3.0
757088,3.0
757216,3.0
757360,3.0
757584,3.0
757968,3.0
758048,3.0
758256,3.0
758384,3.0
758656,3.0
758752,3.0
759136,3.0
759152,3.0
759440,3.0
759568,3.0
759904,3.0
760576,3.0
760592,3.0
760752,3.0
760784,3.0
761184,3.0
761280,3.0
761328,3.0
761344,3.0
761360,3.0
761536,3.0
761584,3.0
761680,3.0
762032,3.0
762224,3.0
762464,3.0
762624,3.0
762864,3.0
762944,3.0
762992,3.0
763232,3.0
763248,3.0
763360,3.0
763888,3.0
763920,3.0
763936,3.0
763984,3.0
764000,3.0
765664,3.0
765872,3.0
765920,3.0
766256,3.0
766320,3.0
766608,3.0
767424,3.0
767552,3.0
767776,3.0
767840,3.0
767872,3.0
767904,3.0
767952,3.0
768512,3.0
768784,3.0
769200,3.0
769232,3.0
769312,3.0
769360,3.0
769520,3.0
769632,3.0
769712,3.0
769808,3.0
769936,3.0
770000,3.0
770272,3.0
770656,3.0
770688,3.0
771008,3.0
771168,3.0
771216,3.0
771232,3.0
771472,3.0
771808,3.0
771824,3.0
771936,3.0
772080,3.0
772624,3.0
772736,3.0
773168,3.0
773376,3.0
773584,3.0
773696,3.0
774128,3.0
774320,3.0
774368,3.0
774576,3.0
774608,3.0
774672,3.0
774752,3.0
774768,3.0
775024,3.0
775072,3.0
775184,3.0
775616,3.0
775888,3.0
776880,3.0
777072,3.0
777216,3.0
777744,3.0
777888,3.0
778080,3.0
778112,3.0
778240,3.0
778304,3.0
778560,3.0
778928,3.0
779216,3.0
779248,3.0
779888,3.0
780096,3.0
780192,3.0
780352,3.0
780400,3.0
781024,3.0
781072,3.0
781328,3.0
781872,3.0
781904,3.0
782112,3.0
782176,3.0
782320,3.0
782816,3.0
782832,3.0
782928,3.0
782944,3.0
783152,3.0
783488,3.0
783904,3.0
783936,3.0
784000,3.0
784160,3.0
784400,3.0
784736,3.0
784832,3.0
785024,3.0
785120,3.0
786000,3.0
786480,3.0
786640,3.0
786848,3.0
787120,3.0
787488,3.0
787520,3.0
787600,3.0
787632,3.0
787824,3.0
788048,3.0
788112,3.0
788144,3.0
788624,3.0
788752,3.0
789040,3.0
789168,3.0
789376,3.0
789440,3.0
789600,3.0
789824,3.0
790560,3.0
790672,3.0
790944,3.0
791008,3.0
791024,3.0
791184,3.0
791232,3.0
791520,3.0
791648,3.0
791712,3.0
791824,3.0
791936,3.0
791968,3.0
792000,3.0
792064,3.0
792128,3.0
792256,3.0
792352,3.0
792416,3.0
792496,3.0
792976,3.0
793072,3.0
793120,3.0
793216,3.0
793232,3.0
793456,3.0
793472,3.0
793536,3.0
793888,3.0
794512,3.0
794832,3.0
795008,3.0
795184,3.0
795408,3.0
795536,3.0
795920,3.0
796336,3.0
796352,3.0
796688,3.0
797216,3.0
797328,3.0
797424,3.0
797664,3.0
797680,3.0
797824,3.0
798032,3.0
798240,3.0
798256,3.0
798320,3.0
798416,3.0
798608,3.0
798768,3.0
798848,3.0
798880,3.0
799072,3.0
799088,3.0
799168,3.0
799200,3.0
799328,3.0
799360,3.0
799376,3.0
799616,3.0
799648,3.0
799824,3.0
800000,3.0
800016,3.0
800096,3.0
800128,3.0
800144,3.0
800320,3.0
801040,3.0
801360,3.0
801552,3.0
801792,3.0
801808,3.0
802032,3.0
802176,3.0
802800,3.0
802832,3.0
802992,3.0
803024,3.0
803248,3.0
803600,3.0
803648,3.0
803664,3.0
803696,3.0
804000,3.0
804048,3.0
804400,3.0
804496,3.0
804880,3.0
804912,3.0
805296,3.0
805520,3.0
805792,3.0
805856,3.0
805968,3.0
806048,3.0
806064,3.0
806176,3.0
806432,3.0
806608,3.0
806896,3.0
807120,3.0
807328,3.0
807360,3.0
807456,3.0
807664,3.0
808256,3.0
808592,3.0
809040,3.0
809072,3.0
809152,3.0
809504,3.0
810016,3.0
810240,3.0
810464,3.0
810896,3.0
811024,3.0
811184,3.0
811296,3.0
811504,3.0
811664,3.0
811760,3.0
812448,3.0
812736,3.0
812864,3.0
813184,3.0
813248,3.0
813504,3.0
813632,3.0
813888,3.0
814480,3.0
814560,3.0
814768,3.0
814896,3.0
814912,3.0
814992,3.0
815120,3.0
815152,3.0
815248,3.0
815328,3.0
815408,3.0
815472,3.0
815616,3.0
815872,3.0
816192,3.0
816432,3.0
816624,3.0
816688,3.0
817056,3.0
817424,3.0
817488,3.0
817552,3.0
817648,3.0
817696,3.0
817808,3.0
817936,3.0
818016,3.0
818576,3.0
818768,3.0
818816,3.0
818880,3.0
819184,3.0
819328,3.0
819472,3.0
820080,3.0
820352,3.0
820400,3.0
820560,3.0
820976,3.0
821040,3.0
821280,3.0
821440,3.0
821552,3.0
821872,3.0
821968,3.0
822304,3.0
822432,3.0
822528,3.0
822624,3.0
822768,3.0
822800,3.0
822944,3.0
823104,3.0
823136,3.0
823648,3.0
823808,3.0
823824,3.0
824048,3.0
824352,3.0
824384,3.0
825056,3.0
825088,3.0
825232,3.0
825248,3.0
825632,3.0
825696,3.0
825728,3.0
825792,3.0
825936,3.0
826064,3.0
826080,3.0
826160,3.0
826336,3.0
826464,3.0
826816,3.0
827152,3.0
827200,3.0
827472,3.0
827536,3.0
827632,3.0
827744,3.0
827792,3.0
827888,3.0
828016,3.0
828272,3.0
828400,3.0
828656,3.0
828768,3.0
828864,3.0
829504,3.0
829632,3.0
830064,3.0
830336,3.0
830384,3.0
830576,3.0
830640,3.0
830928,3.0
831072,3.0
831120,3.0
831152,3.0
831200,3.0
831360,3.0
831744,3.0
831904,3.0
832160,3.0
832176,3.0
832432,3.0
832528,3.0
832624,3.0
833712,3.0
833840,3.0
834096,3.0
834112,3.0
834224,3.0
834256,3.0
834352,3.0
834384,3.0
834672,3.0
834832,3.0
835008,3.0
835120,3.0
835152,3.0
835168,3.0
835312,3.0
835328,3.0
835456,3.0
835504,3.0
835600,3.0
835824,3.0
836048,3.0
836112,3.0
836480,3.0
836784,3.0
836816,3.0
837168,3.0
837264,3.0
837296,3.0
837488,3.0
837552,3.0
837600,3.0
837728,3.0
837936,3.0
837952,3.0
838096,3.0
838544,3.0
838592,3.0
838608,3.0
838736,3.0
839312,3.0
839344,3.0
839408,3.0
839424,3.0
839440,3.0
839536,3.0
839840,3.0
840272,3.0
840416,3.0
840464,3.0
840704,3.0
840720,3.0
841168,3.0
841200,3.0
841376,3.0
841408,3.0
841488,3.0
841632,3.0
841792,3.0
841952,3.0
842064,3.0
842304,3.0
842320,3.0
842368,3.0
843280,3.0
843328,3.0
843696,3.0
843712,3.0
844064,3.0
844352,3.0
844384,3.0
844432,3.0
844528,3.0
844864,3.0
844880,3.0
844912,3.0
845008,3.0
845664,3.0
845968,3.0
846336,3.0
846384,3.0
846768,3.0
846976,3.0
847216,3.0
847328,3.0
847568,3.0
847712,3.0
847728,3.0
847920,3.0
847984,3.0
848272,3.0
848320,3.0
848560,3.0
848752,3.0
848992,3.0
849088,3.0
849104,3.0
849200,3.0
849376,3.0
849552,3.0
850128,3.0
850272,3.0
850592,3.0
850704,3.0
851056,3.0
851072,3.0
851504,3.0
851520,3.0
851600,3.0
851760,3.0
851904,3.0
852576,3.0
852672,3.0
852720,3.0
852816,3.0
852864,3.0
852960,3.0
853024,3.0
853088,3.0
853232,3.0
853680,3.0
854080,3.0
854192,3.0
854224,3.0
854384,3.0
854576,3.0
854624,3.0
854752,3.0
854976,3.0
855120,3.0
855312,3.0
855472,3.0
855776,3.0
856080,3.0
856128,3.0
856240,3.0
856912,3.0
856944,3.0
857136,3.0
857152,3.0
857168,3.0
857712,3.0
857984,3.0
858128,3.0
858256,3.0
858272,3.0
858304,3.0
858368,3.0
858560,3.0
858640,3.0
858816,3.0
859072,3.0
859168,3.0
859184,3.0
859376,3.0
860064,3.0
860336,3.0
860784,3.0
860880,3.0
861248,3.0
861264,3.0
861360,3.0
861712,3.0
861728,3.0
861744,3.0
862000,3.0
862480,3.0
862720,3.0
862768,3.0
862864,3.0
863056,3.0
863104,3.0
863520,3.0
863552,3.0
863616,3.0
863648,3.0
863712,3.0
864048,3.0
864096,3.0
864160,3.0
865184,3.0
865328,3.0
865440,3.0
865504,3.0
865856,3.0
865920,3.0
865968,3.0
866080,3.0
866128,3.0
866176,3.0
866304,3.0
866368,3.0
866544,3.0
866736,3.0
866896,3.0
867072,3.0
867216,3.0
867232,3.0
867328,3.0
867456,3.0
867840,3.0
867968,3.0
867984,3.0
868032,3.0
868048,3.0
868176,3.0
868256,3.0
868336,3.0
868432,3.0
868592,3.0
868944,3.0
869008,3.0
869040,3.0
869376,3.0
869584,3.0
869616,3.0
870128,3.0
870288,3.0
870432,3.0
870544,3.0
870560,3.0
870960,3.0
871072,3.0
871152,3.0
871248,3.0
871264,3.0
871312,3.0
871408,3.0
871968,3.0
872240,3.0
872288,3.0
872320,3.0
872544,3.0
873072,3.0
873248,3.0
873440,3.0
873632,3.0
873984,3.0
874048,3.0
874240,3.0
874368,3.0
874976,3.0
875008,3.0
875792,3.0
875856,3.0
875968,3.0
876032,3.0
876112,3.0
876544,3.0
876832,3.0
876992,3.0
877072,3.0
877120,3.0
877136,3.0
877344,3.0
877456,3.0
877968,3.0
878080,3.0
878224,3.0
878544,3.0
878832,3.0
878880,3.0
879136,3.0
879488,3.0
879696,3.0
879920,3.0
879968,3.0
880000,3.0
880240,3.0
880304,3.0
880432,3.0
880592,3.0
880768,3.0
881376,3.0
881408,3.0
881600,3.0
881872,3.0
882032,3.0
882064,3.0
882272,3.0
882352,3.0
882544,3.0
882704,3.0
883328,3.0
883488,3.0
883520,3.0
883792,3.0
883936,3.0
884352,3.0
884368,3.0
884400,3.0
884784,3.0
884944,3.0
885216,3.0
885520,3.0
886080,3.0
886480,3.0
886512,3.0
886832,3.0
887200,3.0
887248,3.0
887264,3.0
887632,3.0
887760,3.0
887824,3.0
887856,3.0
888256,3.0
888336,3.0
888368,3.0
888832,3.0
888912,3.0
889440,3.0
889504,3.0
890320,3.0
890608,3.0
890816,3.0
891472,3.0
891664,3.0
891840,3.0
891968,3.0
892176,3.0
892496,3.0
892528,3.0
892992,3.0
893056,3.0
893232,3.0
894112,3.0
894208,3.0
894432,3.0
894544,3.0
894608,3.0
894752,3.0
894784,3.0
894960,3.0
895088,3.0
895216,3.0
895280,3.0
895360,3.0
895472,3.0
895536,3.0
895792,3.0
895920,3.0
896032,3.0
896224,3.0
896304,3.0
896448,3.0
897040,3.0
897120,3.0
897168,3.0
897248,3.0
897296,3.0
897312,3.0
897360,3.0
897408,3.0
897776,3.0
898256,3.0
898496,3.0
898608,3.0
898656,3.0
898832,3.0
899040,3.0
899056,3.0
899088,3.0
899152,3.0
899296,3.0
899648,3.0
899824,3.0
900000,3.0
900080,3.0
900112,3.0
901184,3.0
901376,3.0
901456,3.0
901632,3.0
901792,3.0
901936,3.0
902400,3.0
902432,3.0
902544,3.0
902592,3.0
902720,3.0
902832,3.0
903040,3.0
903056,3.0
903152,3.0
903168,3.0
903520,3.0
903536,3.0
903632,3.0
903648,3.0
903840,3.0
904016,3.0
904064,3.0
904096,3.0
904208,3.0
904352,3.0
904752,3.0
904912,3.0
905824,3.0
905920,3.0
906000,3.0
906496,3.0
906576,3.0
906960,3.0
907232,3.0
907744,3.0
907776,3.0
908112,3.0
908272,3.0
908400,3.0
908560,3.0
908624,3.0
908816,3.0
908976,3.0
908992,3.0
909024,3.0
909056,3.0
909152,3.0
909520,3.0
909552,3.0
909616,3.0
909824,3.0
910512,3.0
910528,3.0
910672,3.0
910736,3.0
911136,3.0
911216,3.0
911536,3.0
911600,3.0
912016,3.0
912272,3.0
912560,3.0
913024,3.0
913104,3.0
913120,3.0
913168,3.0
913616,3.0
913696,3.0
913712,3.0
913808,3.0
914496,3.0
914560,3.0
914608,3.0
914992,3.0
915200,3.0
915424,3.0
915664,3.0
915824,3.0
916096,3.0
916176,3.0
916256,3.0
916480,3.0
916496,3.0
916624,3.0
916704,3.0
916768,3.0
916848,3.0
916992,3.0
917008,3.0
917152,3.0
917264,3.0
917360,3.0
917648,3.0
917824,3.0
918128,3.0
918176,3.0
918352,3.0
918416,3.0
918448,3.0
918736,3.0
918864,3.0
919008,3.0
919264,3.0
919760,3.0
920128,3.0
920144,3.0
920208,3.0
920416,3.0
920784,3.0
920848,3.0
921008,3.0
921328,3.0
921424,3.0
921584,3.0
921696,3.0
921824,3.0
921856,3.0
922016,3.0
922032,3.0
922064,3.0
922096,3.0
922304,3.0
922336,3.0
922384,3.0
922656,3.0
922912,3.0
922960,3.0
923248,3.0
923424,3.0
923584,3.0
923648,3.0
923792,3.0
924272,3.0
924384,3.0
924976,3.0
925056,3.0
925072,3.0
925120,3.0
925152,3.0
925328,3.0
925664,3.0
925808,3.0
926224,3.0
926240,3.0
926304,3.0
926352,3.0
926368,3.0
926416,3.0
926464,3.0
927184,3.0
927216,3.0
927264,3.0
927696,3.0
927776,3.0
927856,3.0
927872,3.0
927936,3.0
928032,3.0
928288,3.0
928496,3.0
928624,3.0
928768,3.0
928816,3.0
928944,3.0
929104,3.0
929136,3.0
929232,3.0
929248,3.0
929392,3.0
929712,3.0
929792,3.0
929904,3.0
930432,3.0
930640,3.0
930944,3.0
931200,3.0
931344,3.0
931472,3.0
931504,3.0
932016,3.0
932080,3.0
932320,3.0
932544,3.0
932560,3.0
933232,3.0
933360,3.0
933424,3.0
933808,3.0
934176,3.0
934240,3.0
934384,3.0
934688,3.0
934736,3.0
934832,3.0
935104,3.0
935184,3.0
935264,3.0
935392,3.0
935600,3.0
935808,3.0
936064,3.0
936272,3.0
936416,3.0
936752,3.0
937040,3.0
937216,3.0
937488,3.0
937712,3.0
937792,3.0
937920,3.0
937968,3.0
938048,3.0
938160,3.0
938224,3.0
938368,3.0
938384,3.0
938784,3.0
938864,3.0
938912,3.0
939248,3.0
939600,3.0
940336,3.0
940496,3.0
940512,3.0
940864,3.0
940880,3.0
941024,3.0
941216,3.0
941520,3.0
941552,3.0
941584,3.0
941664,3.0
941840,3.0
941904,3.0
942064,3.0
942176,3.0
942704,3.0
942832,3.0
943024,3.0
943072,3.0
943280,3.0
943328,3.0
943776,3.0
944112,3.0
944288,3.0
944448,3.0
944672,3.0
944736,3.0
944944,3.0
945040,3.0
945056,3.0
945104,3.0
945520,3.0
945584,3.0
945840,3.0
946240,3.0
947024,3.0
947184,3.0
947264,3.0
947616,3.0
947760,3.0
947856,3.0
948064,3.0
948080,3.0
948768,3.0
948960,3.0
949360,3.0
949424,3.0
949712,3.0
949872,3.0
949952,3.0
950288,3.0
950432,3.0
950544,3.0
950592,3.0
950656,3.0
950704,3.0
951040,3.0
951152,3.0
951520,3.0
951568,3.0
951728,3.0
952400,3.0
952640,3.0
952736,3.0
952896,3.0
953792,3.0
954080,3.0
954448,3.0
954464,3.0
954496,3.0
954576,3.0
954624,3.0
954672,3.0
954960,3.0
955648,3.0
956576,3.0
956688,3.0
956768,3.0
956912,3.0
956928,3.0
957072,3.0
957632,3.0
957664,3.0
957840,3.0
957888,3.0
957952,3.0
957984,3.0
958016,3.0
958224,3.0
958304,3.0
959408,3.0
959920,3.0
960192,3.0
960464,3.0
960656,3.0
960688,3.0
960752,3.0
960800,3.0
961056,3.0
961200,3.0
961216,3.0
961376,3.0
961648,3.0
961664,3.0
961872,3.0
961952,3.0
962240,3.0
962432,3.0
962656,3.0
962720,3.0
963248,3.0
963264,3.0
963344,3.0
963888,3.0
964064,3.0
964448,3.0
964480,3.0
964560,3.0
964688,3.0
965088,3.0
965568,3.0
965984,3.0
966016,3.0
966064,3.0
966112,3.0
966496,3.0
966704,3.0
966720,3.0
966832,3.0
967216,3.0
967280,3.0
967328,3.0
967440,3.0
967632,3.0
967760,3.0
967856,3.0
967872,3.0
967888,3.0
967904,3.0
968240,3.0
968512,3.0
968544,3.0
968560,3.0
968752,3.0
968960,3.0
968976,3.0
969808,3.0
969824,3.0
970672,3.0
970720,3.0
970784,3.0
971072,3.0
971536,3.0
971552,3.0
971568,3.0
971824,3.0
971984,3.0
972144,3.0
972176,3.0
973248,3.0
973264,3.0
973360,3.0
973392,3.0
973696,3.0
974048,3.0
974064,3.0
974112,3.0
974272,3.0
974320,3.0
974400,3.0
974416,3.0
974480,3.0
974592,3.0
974912,3.0
975296,3.0
975328,3.0
975456,3.0
975536,3.0
975792,3.0
976192,3.0
976304,3.0
976512,3.0
976608,3.0
976768,3.0
976864,3.0
976992,3.0
977248,3.0
977408,3.0
977616,3.0
977680,3.0
978080,3.0
978288,3.0
978368,3.0
978480,3.0
978592,3.0
978896,3.0
979728,3.0
980048,3.0
980080,3.0
980208,3.0
980240,3.0
980512,3.0
980592,3.0
980768,3.0
980816,3.0
980832,3.0
981024,3.0
981664,3.0
981696,3.0
981744,3.0
981904,3.0
982192,3.0
982256,3.0
982320,3.0
982496,3.0
982512,3.0
982624,3.0
982848,3.0
982896,3.0
982960,3.0
983584,3.0
983712,3.0
984352,3.0
984480,3.0
984512,3.0
984656,3.0
984720,3.0
985136,3.0
985200,3.0
985216,3.0
985248,3.0
985440,3.0
985696,3.0
985840,3.0
985888,3.0
986080,3.0
986192,3.0
986208,3.0
986224,3.0
986544,3.0
986608,3.0
987056,3.0
987152,3.0
987216,3.0
987968,3.0
988432,3.0
988560,3.0
988784,3.0
988800,3.0
989104,3.0
989600,3.0
989648,3.0
989776,3.0
989792,3.0
990112,3.0
990144,3.0
990208,3.0
990272,3.0
990288,3.0
990512,3.0
990656,3.0
991120,3.0
991152,3.0
991232,3.0
991440,3.0
991600,3.0
991632,3.0
991760,3.0
991904,3.0
991952,3.0
992096,3.0
992224,3.0
992416,3.0
992640,3.0
992816,3.0
993296,3.0
993648,3.0
994112,3.0
994144,3.0
994528,3.0
994688,3.0
994944,3.0
995072,3.0
995152,3.0
995216,3.0
995264,3.0
995472,3.0
995536,3.0
995568,3.0
995600,3.0
995648,3.0
995744,3.0
995904,3.0
995920,3.0
996176,3.0
996352,3.0
996400,3.0
997024,3.0
997376,3.0
997984,3.0
998208,3.0
998416,3.0
998448,3.0
998576,3.0
998800,3.0
998912,3.0
999008,3.0
999088,3.0
999136,3.0
999328,3.0
999376,3.0
999536,3.0
999568,3.0
999584,3.0
999632,3.0
999664,3.0
999792,3.0
999808,3.0
999840,3.0
1000080,3.0
1000096,3.0
1000224,3.0
1000512,3.0
1000544,3.0
1000560,3.0
1000640,3.0
1000736,3.0
1000896,3.0
1000992,3.0
1001312,3.0
1001408,3.0
1001472,3.0
1002064,3.0
1002096,3.0
1002176,3.0
1002192,3.0
1002448,3.0
1002944,3.0
1003120,3.0
1003280,3.0
1003472,3.0
1003712,3.0
1003824,3.0
1003856,3.0
1003952,3.0
1004048,3.0
1004288,3.0
1004352,3.0
1004384,3.0
1004528,3.0
1004560,3.0
1004736,3.0
1004832,3.0
1005136,3.0
1005968,3.0
1006144,3.0
1006256,3.0
1006288,3.0
1006304,3.0
1006352,3.0
1006496,3.0
1007104,3.0
1007264,3.0
1007392,3.0
1008000,3.0
1008032,3.0
1008080,3.0
1008544,3.0
1008736,3.0
1008960,3.0
1009184,3.0
1009280,3.0
1009536,3.0
1009744,3.0
1010064,3.0
1010208,3.0
1010512,3.0
1010608,3.0
1010688,3.0
1010864,3.0
1010928,3.0
1011328,3.0
1011376,3.0
1011488,3.0
1011664,3.0
1012128,3.0
1012144,3.0
1012320,3.0
1012608,3.0
1012768,3.0
1012832,3.0
1012960,3.0
1013312,3.0
1013472,3.0
1013520,3.0
1013616,3.0
1013808,3.0
1014112,3.0
1014496,3.0
1014560,3.0
1014592,3.0
1014896,3.0
1014912,3.0
1015024,3.0
1015120,3.0
1015216,3.0
1015232,3.0
1015392,3.0
1015536,3.0
1015552,3.0
1015600,3.0
1015616,3.0
1015936,3.0
1016144,3.0
1016256,3.0
1016432,3.0
1016752,3.0
1017376,3.0
1017504,3.0
1017520,3.0
1017568,3.0
1017632,3.0
1017648,3.0
1017712,3.0
1017856,3.0
1017952,3.0
1017984,3.0
1018288,3.0
1018336,3.0
1018464,3.0
1018544,3.0
1018688,3.0
1018800,3.0
1018960,3.0
1019088,3.0
1019408,3.0
1019712,3.0
1019760,3.0
1020080,3.0
1020224,3.0
1020288,3.0
1020432,3.0
1020576,3.0
1020704,3.0
1020800,3.0
1020960,3.0
1021344,3.0
1021424,3.0
1021440,3.0
1021568,3.0
1021616,3.0
1021936,3.0
1022064,3.0
1022416,3.0
1022928,3.0
1023328,3.0
1023728,3.0
1023808,3.0
1024048,3.0
1024320,3.0
1024352,3.0
1024512,3.0
1024592,3.0
1024816,3.0
1024912,3.0
1025088,3.0
1025248,3.0
1025312,3.0
1025744,3.0
1025904,3.0
1026128,3.0
1026208,3.0
1026224,3.0
1026240,3.0
1026288,3.0
1026416,3.0
1026656,3.0
1027216,3.0
1027232,3.0
1027376,3.0
1027520,3.0
1027728,3.0
1027840,3.0
1028064,3.0
1028272,3.0
1028288,3.0
1028544,3.0
1028704,3.0
1028752,3.0
1028944,3.0
1029376,3.0
1029504,3.0
1029776,3.0
1029824,3.0
1029856,3.0
1029904,3.0
1029936,3.0
1030432,3.0
1030672,3.0
1030752,3.0
1030864,3.0
1031152,3.0
1031408,3.0
1031472,3.0
1031760,3.0
1031808,3.0
1032064,3.0
1032352,3.0
1032368,3.0
1032384,3.0
1032448,3.0
1032608,3.0
1032624,3.0
1032672,3.0
1032688,3.0
1032784,3.0
1033008,3.0
1033344,3.0
1033360,3.0
1033392,3.0
1033472,3.0
1033536,3.0
1033872,3.0
1033952,3.0
1034032,3.0
1034048,3.0
1034224,3.0
1034800,3.0
1034848,3.0
1035040,3.0
1035568,3.0
1035696,3.0
1035904,3.0
1036336,3.0
1036352,3.0
1036560,3.0
1036592,3.0
1036992,3.0
1037008,3.0
1037072,3.0
1037120,3.0
1037408,3.0
1037776,3.0
1038160,3.0
1038240,3.0
1038272,3.0
1038496,3.0
1038544,3.0
1038640,3.0
1038880,3.0
1038912,3.0
1039168,3.0
1039200,3.0
1039216,3.0
1039248,3.0
1039456,3.0
1039568,3.0
1039648,3.0
1039696,3.0
1040048,3.0
1040240,3.0
1040304,3.0
1040336,3.0
1040384,3.0
1040512,3.0
1040832,3.0
1040944,3.0
1041024,3.0
1041408,3.0
1041744,3.0
1042304,3.0
1042480,3.0
1042816,3.0
1042896,3.0
1043424,3.0
1043552,3.0
1044144,3.0
1044176,3.0
1044336,3.0
1044784,3.0
1045200,3.0
1045296,3.0
1045424,3.0
1045824,3.0
1046736,3.0
1047136,3.0
1047760,3.0
1047808,3.0
1048192,3.0
1048384,3.0
1048576,3.0
1048688,3.0
1049312,3.0
1049728,3.0
1050240,3.0
1050608,3.0
1051136,3.0
1051360,3.0
1051408,3.0
1051488,3.0
1051520,3.0
1052048,3.0
1052496,3.0
1052672,3.0
1052720,3.0
1052736,3.0
1053008,3.0
1053120,3.0
1053136,3.0
1053264,3.0
1053296,3.0
1053488,3.0
1053504,3.0
1053568,3.0
1054192,3.0
1054208,3.0
1054496,3.0
1054592,3.0
1054624,3.0
1054672,3.0
1054800,3.0
1054896,3.0
1055040,3.0
1055136,3.0
1055248,3.0
1055344,3.0
1055680,3.0
1055744,3.0
1056112,3.0
1056384,3.0
1056688,3.0
1056976,3.0
1057040,3.0
1057392,3.0
1057408,3.0
1057632,3.0
1058144,3.0
1058624,3.0
1058816,3.0
1058848,3.0
1058896,3.0
1059456,3.0
1059568,3.0
1059648,3.0
1059888,3.0
1060048,3.0
1060352,3.0
1060592,3.0
1060608,3.0
1060688,3.0
1060704,3.0
1060928,3.0
1061232,3.0
1061616,3.0
1061888,3.0
1061920,3.0
1061968,3.0
1062144,3.0
1062352,3.0
1062416,3.0
1062896,3.0
1063024,3.0
1063232,3.0
1063616,3.0
1064080,3.0
1064352,3.0
1064416,3.0
1064464,3.0
1064672,3.0
1064832,3.0
1064896,3.0
1064912,3.0
1065232,3.0
1065520,3.0
1065760,3.0
1066256,3.0
1066416,3.0
1066496,3.0
1066736,3.0
1066784,3.0
1066848,3.0
1066992,3.0
1067408,3.0
1067424,3.0
1067520,3.0
1067632,3.0
1067680,3.0
1067696,3.0
1067744,3.0
1067760,3.0
1067824,3.0
1067968,3.0
1068640,3.0
1068816,3.0
1069040,3.0
1069056,3.0
1069120,3.0
1069200,3.0
1069312,3.0
1069360,3.0
1069376,3.0
1069792,3.0
1070000,3.0
1070096,3.0
1070640,3.0
1070816,3.0
1071264,3.0
1071328,3.0
1071376,3.0
1071520,3.0
1071696,3.0
1071776,3.0
1071808,3.0
1071824,3.0
1071952,3.0
1072464,3.0
1072736,3.0
1072912,3.0
1073184,3.0
1073648,3.0
1073760,3.0
1073776,3.0
1073824,3.0
1074320,3.0
1074528,3.0
1074688,3.0
1074864,3.0
1074976,3.0
1075360,3.0
1075696,3.0
1076032,3.0
1076112,3.0
1076192,3.0
1076352,3.0
1076416,3.0
1076656,3.0
1076736,3.0
1076880,3.0
1077200,3.0
1077424,3.0
1077968,3.0
1078384,3.0
1078416,3.0
1078432,3.0
1078512,3.0
1078544,3.0
1078576,3.0
1078720,3.0
1079024,3.0
1079168,3.0
1079264,3.0
1079360,3.0
1079376,3.0
1079600,3.0
1079808,3.0
1079936,3.0
1080048,3.0
1080064,3.0
1080464,3.0
1080736,3.0
1081040,3.0
1081248,3.0
1081296,3.0
1081312,3.0
1081616,3.0
1081648,3.0
1081680,3.0
1081712,3.0
1081856,3.0
1082960,3.0
1083120,3.0
1083552,3.0
1084096,3.0
1084416,3.0
1084480,3.0
1084704,3.0
1085104,3.0
1085200,3.0
1085344,3.0
1085664,3.0
1085712,3.0
1085728,3.0
1086048,3.0
1086144,3.0
1086176,3.0
1086512,3.0
1086832,3.0
1087168,3.0
1087424,3.0
1087568,3.0
1087712,3.0
1088032,3.0
1088208,3.0
1088608,3.0
1088768,3.0
1088832,3.0
1088912,3.0
1089344,3.0
1089888,3.0
1090016,3.0
1090224,3.0
1090400,3.0
1090416,3.0
1090512,3.0
1090736,3.0
1090752,3.0
1090768,3.0
1090816,3.0
1091184,3.0
1091792,3.0
1092096,3.0
1092544,3.0
1092560,3.0
1093136,3.0
1093152,3.0
1094080,3.0
1094304,3.0
1094528,3.0
1095040,3.0
1095808,3.0
1095968,3.0
1096368,3.0
1096880,3.0
1096976,3.0
1097008,3.0
1097056,3.0
1097088,3.0
1097472,3.0
1097520,3.0
1097616,3.0
1097792,3.0
1097856,3.0
1098432,3.0
1098512,3.0
1098608,3.0
1099232,3.0
1099600,3.0
1099664,3.0
1099824,3.0
1099888,3.0
1099936,3.0
1100048,3.0
1100608,3.0
1100800,3.0
1100848,3.0
1100928,3.0
1101280,3.0
1101472,3.0
1101792,3.0
1101840,3.0
1101968,3.0
1102016,3.0
1102240,3.0
1102352,3.0
1102480,3.0
1102496,3.0
1102560,3.0
1102688,3.0
1102768,3.0
1103232,3.0
1103376,3.0
1103696,3.0
1104400,3.0
1104848,3.0
1104880,3.0
1105120,3.0
1106016,3.0
1106368,3.0
1106528,3.0
1106608,3.0
1106656,3.0
1106752,3.0
1106912,3.0
1107168,3.0
1107200,3.0
1107376,3.0
1107456,3.0
1107904,3.0
1108336,3.0
1108864,3.0
1108896,3.0
1109024,3.0
1109520,3.0
1109552,3.0
1109792,3.0
1109824,3.0
1110256,3.0
1110384,3.0
1110416,3.0
1110560,3.0
1110688,3.0
1111280,3.0
1111376,3.0
1111456,3.0
1111504,3.0
1111536,3.0
1111824,3.0
1111936,3.0
1112000,3.0
1112592,3.0
1112752,3.0
1112896,3.0
1113088,3.0
1113200,3.0
1113488,3.0
1113616,3.0
1113712,3.0
1113856,3.0
1113872,3.0
1113888,3.0
1114064,3.0
1114432,3.0
1114544,3.0
1114960,3.0
1115024,3.0
1115280,3.0
1115408,3.0
1115584,3.0
1115632,3.0
1115840,3.0
1115888,3.0
1116144,3.0
1116192,3.0
1116288,3.0
1117216,3.0
1117600,3.0
1117648,3.0
1117872,3.0
1117888,3.0
1118208,3.0
1118336,3.0
1118368,3.0
1118512,3.0
1118592,3.0
1118688,3.0
1118752,3.0
1118864,3.0
1118928,3.0
1118992,3.0
1119088,3.0
1119440,3.0
1119456,3.0
1119920,3.0
1120032,3.0
1120144,3.0
1120176,3.0
1120368,3.0
1120400,3.0
1120512,3.0
1120640,3.0
1120800,3.0
1121024,3.0
1121088,3.0
1121152,3.0
1121168,3.0
1121216,3.0
1121248,3.0
1121424,3.0
1121728,3.0
1121920,3.0
1121968,3.0
1122176,3.0
1122480,3.0
1122512,3.0
1122640,3.0
1122944,3.0
1123120,3.0
1123184,3.0
1123200,3.0
1123680,3.0
1124608,3.0
1125088,3.0
1125728,3.0
1125856,3.0
1125936,3.0
1126192,3.0
1126224,3.0
1126640,3.0
1126704,3.0
1126784,3.0
1126928,3.0
1127344,3.0
1127376,3.0
1127696,3.0
1128000,3.0
1128064,3.0
1129232,3.0
1129456,3.0
1129536,3.0
1129760,3.0
1129904,3.0
1130128,3.0
1130256,3.0
1130672,3.0
1130784,3.0
1131104,3.0
1131152,3.0
1131424,3.0
1131440,3.0
1131536,3.0
1131712,3.0
1131744,3.0
1132000,3.0
1132048,3.0
1132304,3.0
1132384,3.0
1132400,3.0
1132480,3.0
1132848,3.0
1132976,3.0
1133008,3.0
1133152,3.0
1133632,3.0
1134416,3.0
1135248,3.0
1135392,3.0
1136032,3.0
1136160,3.0
1136192,3.0
1136288,3.0
1136400,3.0
1136464,3.0
1136560,3.0
1136592,3.0
1136848,3.0
1136864,3.0
1137104,3.0
1137120,3.0
1137136,3.0
1137184,3.0
1137200,3.0
1137488,3.0
1137776,3.0
1137984,3.0
1138272,3.0
1138592,3.0
1138608,3.0
1138672,3.0
1138688,3.0
1138720,3.0
1138864,3.0
1138928,3.0
1138960,3.0
1139184,3.0
1139216,3.0
1139408,3.0
1139424,3.0
1139472,3.0
1139488,3.0
1139520,3.0
1139648,3.0
1140000,3.0
1140448,3.0
1140624,3.0
1141200,3.0
1141328,3.0
1141344,3.0
1141360,3.0
1141888,3.0
1142128,3.0
1142336,3.0
1142384,3.0
1142512,3.0
1142656,3.0
1142688,3.0
1142880,3.0
1142896,3.0
1142912,3.0
1143344,3.0
1143392,3.0
1143792,3.0
1143856,3.0
1144704,3.0
1144896,3.0
1144912,3.0
1145008,3.0
1145024,3.0
1145040,3.0
1145552,3.0
1145600,3.0
1145808,3.0
1145920,3.0
1146176,3.0
1146224,3.0
1146304,3.0
1146352,3.0
1146816,3.0
1147040,3.0
1147744,3.0
1147984,3.0
1148080,3.0
1148144,3.0
1148192,3.0
1148432,3.0
1149088,3.0
1149584,3.0
1150448,3.0
1150672,3.0
1150912,3.0
1151264,3.0
1151392,3.0
1151968,3.0
1152144,3.0
1152256,3.0
1152576,3.0
1153104,3.0
1153168,3.0
1153264,3.0
1153376,3.0
1153392,3.0
1153424,3.0
1153488,3.0
1153792,3.0
1154224,3.0
1154432,3.0
1154720,3.0
1154912,3.0
1155120,3.0
1155856,3.0
1156128,3.0
1156944,3.0
1157040,3.0
1157152,3.0
1157216,3.0
1157408,3.0
1157472,3.0
1157520,3.0
1157536,3.0
1158016,3.0
1158144,3.0
1158176,3.0
1158272,3.0
1158400,3.0
1158416,3.0
1158896,3.0
1158992,3.0
1159056,3.0
1159328,3.0
1159424,3.0
1159520,3.0
1159536,3.0
1159712,3.0
1159856,3.0
1159872,3.0
1160048,3.0
1160112,3.0
1160224,3.0
1160480,3.0
1160592,3.0
1160784,3.0
1160816,3.0
1160880,3.0
1161136,3.0
1161712,3.0
1161824,3.0
1161984,3.0
1162544,3.0
1162640,3.0
1162720,3.0
1162752,3.0
1162848,3.0
1162976,3.0
1163440,3.0
1163648,3.0
1163744,3.0
1164112,3.0
1164176,3.0
1164224,3.0
1164384,3.0
1164416,3.0
1164464,3.0
1164592,3.0
1165536,3.0
1165552,3.0
1165856,3.0
1166224,3.0
1166592,3.0
1166976,3.0
1167072,3.0
1167088,3.0
1167312,3.0
1167360,3.0
1167472,3.0
1167776,3.0
1168128,3.0
1168512,3.0
1168736,3.0
1168768,3.0
1168800,3.0
1168832,3.0
1168896,3.0
1168976,3.0
1169056,3.0
1169296,3.0
1169600,3.0
1169760,3.0
1169792,3.0
1169840,3.0
1170400,3.0
1170544,3.0
1170624,3.0
1170640,3.0
1170816,3.0
1171248,3.0
1172032,3.0
1172064,3.0
1172112,3.0
1172288,3.0
1172336,3.0
1172736,3.0
1173104,3.0
1173152,3.0
1173424,3.0
1173952,3.0
1174176,3.0
1174304,3.0
1174912,3.0
1175152,3.0
1175600,3.0
1175616,3.0
1175728,3.0
1175744,3.0
1175856,3.0
1176176,3.0
1176656,3.0
1176848,3.0
1176864,3.0
1176976,3.0
1177168,3.0
1177312,3.0
1177424,3.0
1177456,3.0
1177856,3.0
1177888,3.0
1178720,3.0
1178752,3.0
1178880,3.0
1179168,3.0
1179184,3.0
1179280,3.0
1179584,3.0
1179696,3.0
1179808,3.0
1179952,3.0
1180144,3.0
1180160,3.0
1180224,3.0
1180592,3.0
1180640,3.0
1180768,3.0
1180992,3.0
1181056,3.0
1181264,3.0
1182032,3.0
1182048,3.0
1182080,3.0
1182512,3.0
1182544,3.0
1182576,3.0
1182656,3.0
1183168,3.0
1183200,3.0
1183376,3.0
1183520,3.0
1183584,3.0
1183632,3.0
1183888,3.0
1184192,3.0
1184240,3.0
1184304,3.0
1184448,3.0
1184480,3.0
1184592,3.0
1184640,3.0
1184944,3.0
1184960,3.0
1185024,3.0
1185056,3.0
1185072,3.0
1185152,3.0
1185392,3.0
1185616,3.0
1185664,3.0
1185856,3.0
1185952,3.0
1186352,3.0
1186432,3.0
1186688,3.0
1186896,3.0
1187152,3.0
1187376,3.0
1187408,3.0
1187904,3.0
1188064,3.0
1188272,3.0
1188288,3.0
1188496,3.0
1188544,3.0
1188576,3.0
1188656,3.0
1188800,3.0
1188944,3.0
1189216,3.0
1189264,3.0
1189424,3.0
1189536,3.0
1189920,3.0
1189936,3.0
1190192,3.0
1190512,3.0
1190768,3.0
1190832,3.0
1190880,3.0
1191024,3.0
1191552,3.0
1191712,3.0
1191872,3.0
1191920,3.0
1192224,3.0
1192544,3.0
1193056,3.0
1193136,3.0
1193312,3.0
1193584,3.0
1193680,3.0
1193712,3.0
1193760,3.0
1193888,3.0
1194096,3.0
1194560,3.0
1194880,3.0
1194896,3.0
1194944,3.0
1195040,3.0
1195072,3.0
1195200,3.0
1195296,3.0
1195504,3.0
1195696,3.0
1196000,3.0
1196048,3.0
1196224,3.0
1196272,3.0
1196336,3.0
1196400,3.0
1196624,3.0
1196672,3.0
1196896,3.0
1197040,3.0
1197104,3.0
1197184,3.0
1197536,3.0
1197712,3.0
1198096,3.0
1198336,3.0
1198368,3.0
1198832,3.0
1198864,3.0
1198960,3.0
1199216,3.0
1199248,3.0
1199712,3.0
1199728,3.0
1200048,3.0
1200064,3.0
1200368,3.0
1200528,3.0
1200560,3.0
1200752,3.0
1200896,3.0
1201856,3.0
1201904,3.0
1201968,3.0
1202384,3.0
1202496,3.0
1202624,3.0
1202720,3.0
1202816,3.0
1202832,3.0
1203008,3.0
1203072,3.0
1203088,3.0
1203232,3.0
1203504,3.0
1203616,3.0
1203696,3.0
1203760,3.0
1203776,3.0
1204064,3.0
1204176,3.0
1204896,3.0
1205184,3.0
1205312,3.0
1205760,3.0
1205920,3.0
1205952,3.0
1206000,3.0
1206016,3.0
1206560,3.0
1206768,3.0
1207088,3.0
1207200,3.0
1207248,3.0
1207280,3.0
1207344,3.0
1207424,3.0
1207472,3.0
1207728,3.0
1207760,3.0
1207888,3.0
1208112,3.0
1208448,3.0
1208512,3.0
1208704,3.0
1208720,3.0
1208768,3.0
1208816,3.0
1208880,3.0
1208992,3.0
1209088,3.0
1209632,3.0
1209760,3.0
1209920,3.0
1209936,3.0
1210000,3.0
1210208,3.0
1210560,3.0
1210800,3.0
1211072,3.0
1211248,3.0
1211520,3.0
1211552,3.0
1211888,3.0
1212016,3.0
1212432,3.0
1212528,3.0
1212880,3.0
1213232,3.0
1213360,3.0
1213456,3.0
1213600,3.0
1213632,3.0
1214048,3.0
1215232,3.0
1215312,3.0
1215344,3.0
1215488,3.0
1215696,3.0
1215712,3.0
1215984,3.0
1216032,3.0
1216384,3.0
1216656,3.0
1217392,3.0
1217568,3.0
1217680,3.0
1217936,3.0
1217952,3.0
1218144,3.0
1218192,3.0
1218480,3.0
1219232,3.0
1219328,3.0
1219440,3.0
1219632,3.0
1219696,3.0
1220160,3.0
1220448,3.0
1220736,3.0
1220848,3.0
1220976,3.0
1221216,3.0
1221392,3.0
1221808,3.0
1222336,3.0
1222624,3.0
1222672,3.0
1223104,3.0
1223136,3.0
1223168,3.0
1223296,3.0
1223424,3.0
1223568,3.0
1223936,3.0
1224144,3.0
1224384,3.0
1224656,3.0
1224960,3.0
1225280,3.0
1225680,3.0
1225696,3.0
1225712,3.0
1225744,3.0
1225776,3.0
1225792,3.0
1225840,3.0
1226224,3.0
1226304,3.0
1226496,3.0
1226528,3.0
1226672,3.0
1226816,3.0
1227616,3.0
1227648,3.0
1227760,3.0
1227808,3.0
1228080,3.0
1228208,3.0
1228512,3.0
1228784,3.0
1228944,3.0
1228992,3.0
1229120,3.0
1229344,3.0
1229376,3.0
1229632,3.0
1229648,3.0
1229728,3.0
1229936,3.0
1230048,3.0
1230160,3.0
1230272,3.0
1230704,3.0
1231088,3.0
1231808,3.0
1231984,3.0
1232240,3.0
1232288,3.0
1232304,3.0
1232528,3.0
1232544,3.0
1232640,3.0
1232896,3.0
1233136,3.0
1233168,3.0
1233344,3.0
1233392,3.0
1233728,3.0
1233776,3.0
1233968,3.0
1234384,3.0
1234560,3.0
1234672,3.0
1234736,3.0
1234768,3.0
1234848,3.0
1234880,3.0
1235040,3.0
1235504,3.0
1235520,3.0
1235904,3.0
1236096,3.0
1236176,3.0
1236256,3.0
1236464,3.0
1236560,3.0
1236704,3.0
1236880,3.0
1237328,3.0
1237424,3.0
1237488,3.0
1237776,3.0
1238032,3.0
1238320,3.0
1238480,3.0
1238544,3.0
1238816,3.0
1238912,3.0
1238960,3.0
1239120,3.0
1239184,3.0
1239200,3.0
1239856,3.0
1240080,3.0
1240128,3.0
1240480,3.0
1240720,3.0
1241184,3.0
1241376,3.0
1241408,3.0
1241696,3.0
1241744,3.0
1241776,3.0
1241840,3.0
1242176,3.0
1242384,3.0
1243056,3.0
1243120,3.0
1243136,3.0
1243888,3.0
1243936,3.0
1243952,3.0
1244576,3.0
1244864,3.0
1245456,3.0
1245552,3.0
1245616,3.0
1245952,3.0
1246048,3.0
1246352,3.0
1246768,3.0
1247184,3.0
1247328,3.0
1247344,3.0
1247520,3.0
1247920,3.0
1247984,3.0
1248496,3.0
1249136,3.0
1249248,3.0
1249296,3.0
1249392,3.0
1249488,3.0
1249520,3.0
1249600,3.0
1249776,3.0
1249952,3.0
1250432,3.0
1250704,3.0
1251152,3.0
1251328,3.0
1251472,3.0
1251872,3.0
1252000,3.0
1252112,3.0
1252160,3.0
1252608,3.0
1252784,3.0
1253104,3.0
1253168,3.0
1253312,3.0
1253456,3.0
1253520,3.0
1253760,3.0
1253872,3.0
1253888,3.0
1254000,3.0
1254144,3.0
1254176,3.0
1254560,3.0
1254816,3.0
1255328,3.0
1255408,3.0
1255440,3.0
1255520,3.0
1255840,3.0
1256096,3.0
1256112,3.0
1256624,3.0
1256816,3.0
1257008,3.0
1257328,3.0
1257392,3.0
1258016,3.0
1258048,3.0
1258208,3.0
1258448,3.0
1258832,3.0
1258992,3.0
1259392,3.0
1259472,3.0
1259648,3.0
1259952,3.0
1260224,3.0
1260256,3.0
1260304,3.0
1260400,3.0
1260464,3.0
1260800,3.0
1260912,3.0
1261232,3.0
1261440,3.0
1261616,3.0
1261792,3.0
1261856,3.0
1262048,3.0
1262608,3.0
1262640,3.0
1262816,3.0
1262832,3.0
1262864,3.0
1262992,3.0
1263184,3.0
1263504,3.0
1263536,3.0
1263568,3.0
1263936,3.0
1264080,3.0
1264144,3.0
1264528,3.0
1264592,3.0
1264624,3.0
1264640,3.0
1264656,3.0
1264704,3.0
1264912,3.0
1265536,3.0
1265744,3.0
1265952,3.0
1266176,3.0
1266256,3.0
1266320,3.0
1266336,3.0
1266560,3.0
1266736,3.0
1266944,3.0
1267008,3.0
1267584,3.0
1267600,3.0
1267760,3.0
1267984,3.0
1268448,3.0
1269056,3.0
1269264,3.0
1269328,3.0
1269616,3.0
1269712,3.0
1269856,3.0
1269952,3.0
1270016,3.0
1270032,3.0
1270384,3.0
1270752,3.0
1270784,3.0
1270816,3.0
1270944,3.0
1271008,3.0
1271232,3.0
1271312,3.0
1271360,3.0
1271664,3.0
1271872,3.0
1272112,3.0
1272208,3.0
1272384,3.0
1272736,3.0
1272768,3.0
1272832,3.0
1272848,3.0
1273120,3.0
1273184,3.0
1273232,3.0
1273584,3.0
1273712,3.0
1273728,3.0
1273840,3.0
1274016,3.0
1274064,3.0
1274096,3.0
1274144,3.0
1274208,3.0
1274384,3.0
1274400,3.0
1274560,3.0
1274640,3.0
1275072,3.0
1275200,3.0
1275232,3.0
1275280,3.0
1275952,3.0
1276464,3.0
1276992,3.0
1277056,3.0
1277232,3.0
1277296,3.0
1277888,3.0
1277904,3.0
1277984,3.0
1278224,3.0
1278464,3.0
1278496,3.0
1278544,3.0
1278864,3.0
1279136,3.0
1279200,3.0
1279264,3.0
1279424,3.0
1279568,3.0
1279696,3.0
1279920,3.0
1279968,3.0
1280288,3.0
1280480,3.0
1280544,3.0
1280560,3.0
1280704,3.0
1280768,3.0
1281120,3.0
1281216,3.0
1281264,3.0
1281360,3.0
1281392,3.0
1281744,3.0
1282656,3.0
1282912,3.0
1283072,3.0
1283296,3.0
1283408,3.0
1283552,3.0
1283808,3.0
1283968,3.0
1284080,3.0
1284192,3.0
1284448,3.0
1284640,3.0
1284752,3.0
1284864,3.0
1285024,3.0
1285040,3.0
1285328,3.0
1285520,3.0
1285632,3.0
1285792,3.0
1285968,3.0
1286256,3.0
1286272,3.0
1286288,3.0
1287104,3.0
1287136,3.0
1287712,3.0
1287904,3.0
1288144,3.0
1288464,3.0
1288576,3.0
1288784,3.0
1288960,3.0
1289008,3.0
1289280,3.0
1289312,3.0
1290096,3.0
1290128,3.0
1290656,3.0
1291056,3.0
1291264,3.0
1291488,3.0
1291632,3.0
1291872,3.0
1291984,3.0
1292400,3.0
1292416,3.0
1292528,3.0
1292736,3.0
1292752,3.0
1293408,3.0
1293696,3.0
1293888,3.0
1293936,3.0
1294144,3.0
1294160,3.0
1294272,3.0
1294304,3.0
1294368,3.0
1294416,3.0
1294496,3.0
1294512,3.0
1294960,3.0
1295152,3.0
1295376,3.0
1295392,3.0
1295712,3.0
1295728,3.0
1295840,3.0
1295888,3.0
1295936,3.0
1295968,3.0
1296224,3.0
1296288,3.0
1296320,3.0
1296528,3.0
1296736,3.0
1296816,3.0
1296880,3.0
1296912,3.0
1297136,3.0
1297152,3.0
1297568,3.0
1297696,3.0
1297872,3.0
1297952,3.0
1298480,3.0
1298560,3.0
1298608,3.0
1298928,3.0
1298976,3.0
1299120,3.0
1299168,3.0
1299312,3.0
1299376,3.0
1299696,3.0
1299728,3.0
1299808,3.0
1300064,3.0
1300080,3.0
1300544,3.0
1301040,3.0
1301056,3.0
1301184,3.0
1301216,3.0
1301296,3.0
1301472,3.0
1301504,3.0
1301552,3.0
1301568,3.0
1301968,3.0
1302000,3.0
1302176,3.0
1303232,3.0
1303344,3.0
1303488,3.0
1303808,3.0
1303984,3.0
1304400,3.0
1304464,3.0
1304688,3.0
1304992,3.0
1305168,3.0
1305264,3.0
1305312,3.0
1305488,3.0
1305760,3.0
1305840,3.0
1306096,3.0
1306496,3.0
1306656,3.0
1306896,3.0
1306992,3.0
1307008,3.0
1307040,3.0
1307200,3.0
1307408,3.0
1307440,3.0
1307552,3.0
1307600,3.0
1307648,3.0
1307744,3.0
1307808,3.0
1308144,3.0
1308336,3.0
1308608,3.0
1308624,3.0
1309072,3.0
1309184,3.0
1309328,3.0
1309568,3.0
1309584,3.0
1309600,3.0
1309760,3.0
1310288,3.0
1310416,3.0
1310432,3.0
1310448,3.0
1310464,3.0
1310944,3.0
1311296,3.0
1311344,3.0
1311984,3.0
1312064,3.0
1312224,3.0
1312256,3.0
1312336,3.0
1312528,3.0
1312560,3.0
1313168,3.0
1313456,3.0
1313872,3.0
1314128,3.0
1314240,3.0
1314368,3.0
1314416,3.0
1314848,3.0
1314928,3.0
1315072,3.0
1315184,3.0
1315424,3.0
1315520,3.0
1315648,3.0
1315728,3.0
1315744,3.0
1316048,3.0
1316144,3.0
1316320,3.0
1316736,3.0
1317040,3.0
1317136,3.0
1317232,3.0
1317488,3.0
1317536,3.0
1317632,3.0
1317872,3.0
1317968,3.0
1318160,3.0
1318512,3.0
1318592,3.0
1318896,3.0
1319200,3.0
1319264,3.0
1319312,3.0
1319408,3.0
1319520,3.0
1319760,3.0
1319952,3.0
1319984,3.0
1320224,3.0
1320480,3.0
1320560,3.0
1320816,3.0
1321072,3.0
1321104,3.0
1321296,3.0
1321312,3.0
1321344,3.0
1321360,3.0
1321728,3.0
1322304,3.0
1322352,3.0
1322400,3.0
1322448,3.0
1322512,3.0
1322544,3.0
1322576,3.0
1322912,3.0
1323664,3.0
1324128,3.0
1324400,3.0
1324592,3.0
1324784,3.0
1324800,3.0
1324832,3.0
1324912,3.0
1324944,3.0
1325168,3.0
1325504,3.0
1326368,3.0
1326512,3.0
1326944,3.0
1326992,3.0
1327008,3.0
1327248,3.0
1327264,3.0
1327504,3.0
1327536,3.0
1327552,3.0
1327840,3.0
1328224,3.0
1328832,3.0
1328848,3.0
1328960,3.0
1328976,3.0
1328992,3.0
1329424,3.0
1329456,3.0
1329712,3.0
1329776,3.0
1329808,3.0
1329904,3.0
1330336,3.0
1330416,3.0
1330496,3.0
1330528,3.0
1330608,3.0
1330688,3.0
1330912,3.0
1331088,3.0
1331152,3.0
1331168,3.0
1331216,3.0
1331392,3.0
1331680,3.0
1332208,3.0
1332352,3.0
1332496,3.0
1332560,3.0
1332592,3.0
1332800,3.0
1332912,3.0
1333248,3.0
1333552,3.0
1333680,3.0
1333760,3.0
1333824,3.0
1333856,3.0
1333872,3.0
1334272,3.0
1334304,3.0
1334352,3.0
1334544,3.0
1334592,3.0
1334960,3.0
1335040,3.0
1335088,3.0
1335408,3.0
1335632,3.0
1335984,3.0
1336016,3.0
1336096,3.0
1336400,3.0
1336720,3.0
1336752,3.0
1336784,3.0
1336896,3.0
1337072,3.0
1337104,3.0
1337120,3.0
1337856,3.0
1338048,3.0
1338128,3.0
1338192,3.0
1338224,3.0
1338448,3.0
1338736,3.0
1339104,3.0
1339344,3.0
1339568,3.0
1339904,3.0
1340336,3.0
1340384,3.0
1340736,3.0
1340864,3.0
1340928,3.0
1341232,3.0
1341280,3.0
1341824,3.0
1342000,3.0
1342016,3.0
1342208,3.0
1342528,3.0
1342784,3.0
1343216,3.0
1343232,3.0
1343264,3.0
1343344,3.0
1343424,3.0
1343616,3.0
1343920,3.0
1343936,3.0
1344256,3.0
1344496,3.0
1344608,3.0
1344928,3.0
1344976,3.0
1345488,3.0
1346256,3.0
1346304,3.0
1346496,3.0
1346720,3.0
1346896,3.0
1346960,3.0
1347168,3.0
1347248,3.0
1347408,3.0
1347456,3.0
1347856,3.0
1347968,3.0
1348768,3.0
1349040,3.0
1349120,3.0
1349296,3.0
1349408,3.0
1349520,3.0
1349600,3.0
1349648,3.0
1349760,3.0
1349824,3.0
1349920,3.0
1350336,3.0
1350576,3.0
1350784,3.0
1351856,3.0
1352064,3.0
1352080,3.0
1352112,3.0
1352192,3.0
1352304,3.0
1352464,3.0
1352592,3.0
1352672,3.0
1352688,3.0
1352704,3.0
1353664,3.0
1353760,3.0
1353792,3.0
1353888,3.0
1353968,3.0
1354192,3.0
1354240,3.0
1354736,3.0
1354784,3.0
1355264,3.0
1355296,3.0
1355440,3.0
1355488,3.0
1355648,3.0
1355920,3.0
1356224,3.0
1356272,3.0
1356864,3.0
1357104,3.0
1357248,3.0
1357392,3.0
1357600,3.0
1357648,3.0
1357712,3.0
1357776,3.0
1357840,3.0
1357936,3.0
1358192,3.0
1358304,3.0
1358336,3.0
1358352,3.0
1358384,3.0
1358704,3.0
1358736,3.0
1359296,3.0
1359328,3.0
1359424,3.0
1359488,3.0
1359600,3.0
1359616,3.0
1360288,3.0
1360528,3.0
1360560,3.0
1360704,3.0
1360992,3.0
1361008,3.0
1361056,3.0
1361104,3.0
1361136,3.0
1361248,3.0
1361280,3.0
1361312,3.0
1361440,3.0
1361584,3.0
1361616,3.0
1361664,3.0
1361712,3.0
1361760,3.0
1362400,3.0
1362720,3.0
1362912,3.0
1363072,3.0
1363376,3.0
1363424,3.0
1363456,3.0
1363664,3.0
1363984,3.0
1364000,3.0
1364144,3.0
1364256,3.0
1364512,3.0
1364976,3.0
1365040,3.0
1365376,3.0
1365536,3.0
1366016,3.0
1366320,3.0
1366400,3.0
1366768,3.0
1366896,3.0
1366976,3.0
1367264,3.0
1367312,3.0
1367408,3.0
1367616,3.0
1367632,3.0
1367712,3.0
1367840,3.0
1367984,3.0
1368256,3.0
1368320,3.0
1369136,3.0
1369520,3.0
1370064,3.0
1370096,3.0
1370192,3.0
1370304,3.0
1370464,3.0
1370640,3.0
1370736,3.0
1370944,3.0
1371056,3.0
1371312,3.0
1371392,3.0
1371440,3.0
1371472,3.0
1371680,3.0
1371760,3.0
1371856,3.0
1372048,3.0
1372064,3.0
1372256,3.0
1372368,3.0
1372560,3.0
1372784,3.0
1372896,3.0
1373264,3.0
1373600,3.0
1374160,3.0
1374224,3.0
1374320,3.0
1374432,3.0
1374448,3.0
1374928,3.0
1375056,3.0
1375152,3.0
1375296,3.0
1375664,3.0
1375984,3.0
1376080,3.0
1376144,3.0
1376160,3.0
1376352,3.0
1376688,3.0
1376768,3.0
1376832,3.0
1377024,3.0
1377328,3.0
1377760,3.0
1377792,3.0
1377904,3.0
1378096,3.0
1378144,3.0
1378304,3.0
1378528,3.0
1378912,3.0
1378976,3.0
1379024,3.0
1379760,3.0
1380752,3.0
1380880,3.0
1381072,3.0
1381168,3.0
1381232,3.0
1381312,3.0
1381536,3.0
1381904,3.0
1382208,3.0
1382496,3.0
1382688,3.0
1382992,3.0
1383088,3.0
1384160,3.0
1384304,3.0
1384512,3.0
1384528,3.0
1384544,3.0
1384688,3.0
1385488,3.0
1385664,3.0
1385776,3.0
1385936,3.0
1386080,3.0
1386128,3.0
1386336,3.0
1386512,3.0
1386544,3.0
1386560,3.0
1386576,3.0
1386832,3.0
1386848,3.0
1387264,3.0
1387376,3.0
1387392,3.0
1387552,3.0
1388016,3.0
1388048,3.0
1388080,3.0
1388192,3.0
1388272,3.0
1388464,3.0
1388496,3.0
1388624,3.0
1388720,3.0
1388896,3.0
1389072,3.0
1389088,3.0
1389184,3.0
1389200,3.0
1389824,3.0
1389920,3.0
1390208,3.0
1390480,3.0
1390560,3.0
1390736,3.0
1390752,3.0
1391280,3.0
1391424,3.0
1391504,3.0
1391696,3.0
1391872,3.0
1391936,3.0
1392432,3.0
1392512,3.0
1392624,3.0
1392784,3.0
1392912,3.0
1393312,3.0
1393632,3.0
1393648,3.0
1393776,3.0
1393840,3.0
1393904,3.0
1394000,3.0
1394416,3.0
1394480,3.0
1394496,3.0
1394528,3.0
1394608,3.0
1394768,3.0
1394944,3.0
1394960,3.0
1395280,3.0
1395472,3.0
1395568,3.0
1395760,3.0
1395824,3.0
1396000,3.0
1396112,3.0
1396208,3.0
1396608,3.0
1396640,3.0
1396672,3.0
1396720,3.0
1396752,3.0
1396832,3.0
1396880,3.0
1397168,3.0
1397216,3.0
1397504,3.0
1397664,3.0
1397808,3.0
1397872,3.0
1398160,3.0
1398320,3.0
1398912,3.0
1398976,3.0
1399200,3.0
1399376,3.0
1399968,3.0
1400016,3.0
1400064,3.0
1400320,3.0
1400336,3.0
1400480,3.0
1400624,3.0
1400656,3.0
1400848,3.0
1401168,3.0
1401424,3.0
1402144,3.0
1402208,3.0
1402256,3.0
1402400,3.0
1402624,3.0
1402848,3.0
1403408,3.0
1403424,3.0
1403696,3.0
1404032,3.0
1404128,3.0
1404208,3.0
1404256,3.0
1404464,3.0
1404512,3.0
1404624,3.0
1404784,3.0
1404832,3.0
1404896,3.0
1405136,3.0
1405296,3.0
1405376,3.0
1405472,3.0
1405504,3.0
1405712,3.0
1406048,3.0
1406400,3.0
1406816,3.0
1406864,3.0
1407040,3.0
1407552,3.0
1407632,3.0
1407776,3.0
1407888,3.0
1407920,3.0
1408304,3.0
1408368,3.0
1409008,3.0
1409344,3.0
1410240,3.0
1411152,3.0
1411168,3.0
1411296,3.0
1411344,3.0
1411424,3.0
1411600,3.0
1411728,3.0
1411776,3.0
1411808,3.0
1411824,3.0
1413072,3.0
1413616,3.0
1413680,3.0
1414512,3.0
1414528,3.0
1414576,3.0
1414688,3.0
1414704,3.0
1414768,3.0
1414928,3.0
1414976,3.0
1415024,3.0
1415232,3.0
1415248,3.0
1415328,3.0
1415536,3.0
1415792,3.0
1415888,3.0
1415952,3.0
1416144,3.0
1416224,3.0
1416480,3.0
1416528,3.0
1417072,3.0
1417408,3.0
1417616,3.0
1417808,3.0
1417888,3.0
1418128,3.0
1418160,3.0
1418208,3.0
1418224,3.0
1418272,3.0
1418336,3.0
1418432,3.0
1418464,3.0
1418544,3.0
1418608,3.0
1418672,3.0
1419040,3.0
1419104,3.0
1419232,3.0
1419440,3.0
1419632,3.0
1419648,3.0
1419840,3.0
1420048,3.0
1420192,3.0
1420272,3.0
1420480,3.0
1420800,3.0
1420944,3.0
1420960,3.0
1421456,3.0
1421488,3.0
1421728,3.0
1421888,3.0
1421968,3.0
1422176,3.0
1422560,3.0
1422720,3.0
1423024,3.0
1423856,3.0
1423904,3.0
1424016,3.0
1424128,3.0
1424160,3.0
1424288,3.0
1424384,3.0
1424560,3.0
1424704,3.0
1424832,3.0
1424864,3.0
1424960,3.0
1425296,3.0
1425504,3.0
1425856,3.0
1425984,3.0
1426208,3.0
1426912,3.0
1427696,3.0
1427712,3.0
1428144,3.0
1428352,3.0
1428576,3.0
1429056,3.0
1429072,3.0
1429296,3.0
1429456,3.0
1429488,3.0
1429536,3.0
1429584,3.0
1429680,3.0
1429712,3.0
1429856,3.0
1430112,3.0
1430464,3.0
1430784,3.0
1430800,3.0
1430880,3.0
1430896,3.0
1431008,3.0
1431024,3.0
1431120,3.0
1431264,3.0
1431504,3.0
1431536,3.0
1431872,3.0
1431920,3.0
1432176,3.0
1432272,3.0
1432400,3.0
1432512,3.0
1433248,3.0
1433424,3.0
1433456,3.0
1433536,3.0
1433728,3.0
1433792,3.0
1433984,3.0
1434016,3.0
1434096,3.0
1434128,3.0
1434416,3.0
1434816,3.0
1434864,3.0
1435296,3.0
1435440,3.0
1435872,3.0
1436288,3.0
1436384,3.0
1437088,3.0
1437232,3.0
1437408,3.0
1437664,3.0
1437728,3.0
1438256,3.0
1438720,3.0
1439248,3.0
1439280,3.0
1439328,3.0
1439696,3.0
1439712,3.0
1439760,3.0
1440080,3.0
1440096,3.0
1440112,3.0
1440208,3.0
1440368,3.0
1440432,3.0
1440512,3.0
1440544,3.0
1440704,3.0
1440816,3.0
1441056,3.0
1441168,3.0
1441312,3.0
1442656,3.0
1442736,3.0
1443120,3.0
1443136,3.0
1443440,3.0
1443648,3.0
1443760,3.0
1444016,3.0
1444032,3.0
1444048,3.0
1444128,3.0
1444528,3.0
1444592,3.0
1444784,3.0
1444928,3.0
1445072,3.0
1445088,3.0
1445280,3.0
1445584,3.0
1445712,3.0
1445728,3.0
1445856,3.0
1445984,3.0
1446512,3.0
1446560,3.0
1446992,3.0
1447008,3.0
1448144,3.0
1448496,3.0
1448512,3.0
1448848,3.0
1448928,3.0
1448992,3.0
1449344,3.0
1450144,3.0
1450304,3.0
1450432,3.0
1450512,3.0
1450656,3.0
1450752,3.0
1450768,3.0
1450960,3.0
1450992,3.0
1451072,3.0
1451200,3.0
1451280,3.0
1451824,3.0
1452016,3.0
1452208,3.0
1452288,3.0
1452480,3.0
1452496,3.0
1452832,3.0
1452912,3.0
1452928,3.0
1453024,3.0
1453120,3.0
1453232,3.0
1453680,3.0
1453872,3.0
1454048,3.0
1454112,3.0
1454240,3.0
1454496,3.0
1454768,3.0
1455136,3.0
1455248,3.0
1455584,3.0
1455648,3.0
1455664,3.0
1456080,3.0
1456928,3.0
1457120,3.0
1457248,3.0
1457536,3.0
1457584,3.0
1457648,3.0
1457824,3.0
1458144,3.0
1458160,3.0
1458192,3.0
1458256,3.0
1458576,3.0
1458592,3.0
1458704,3.0
1458880,3.0
1458928,3.0
1458976,3.0
1459152,3.0
1459280,3.0
1459344,3.0
1459360,3.0
1459424,3.0
1459488,3.0
1459520,3.0
1459888,3.0
1460048,3.0
1460128,3.0
1460384,3.0
1460400,3.0
1460896,3.0
1461200,3.0
1461296,3.0
1461504,3.0
1461792,3.0
1462288,3.0
1462816,3.0
1462912,3.0
1463040,3.0
1463152,3.0
1463184,3.0
1463264,3.0
1463664,3.0
1464384,3.0
1464432,3.0
1464784,3.0
1464848,3.0
1464960,3.0
1464992,3.0
1465104,3.0
1465248,3.0
1465360,3.0
1465568,3.0
1465616,3.0
1465728,3.0
1465792,3.0
1465920,3.0
1465984,3.0
1466032,3.0
1466400,3.0
1466432,3.0
1466848,3.0
1466864,3.0
1467216,3.0
1467264,3.0
1467616,3.0
1468016,3.0
1468848,3.0
1469056,3.0
1469568,3.0
1469696,3.0
1469968,3.0
1469984,3.0
1470320,3.0
1470592,3.0
1470720,3.0
1470944,3.0
1471184,3.0
1471296,3.0
1471376,3.0
1471616,3.0
1471776,3.0
1472208,3.0
1472336,3.0
1472400,3.0
1472512,3.0
1472592,3.0
1472656,3.0
1472688,3.0
1472704,3.0
1472720,3.0
1473120,3.0
1473280,3.0
1473440,3.0
1473488,3.0
1473696,3.0
1473728,3.0
1474368,3.0
1474448,3.0
1474560,3.0
1474656,3.0
1474784,3.0
1474800,3.0
1475152,3.0
1475600,3.0
1475632,3.0
1475936,3.0
1476096,3.0
1476176,3.0
1476800,3.0
1477088,3.0
1477200,3.0
1477264,3.0
1477408,3.0
1477760,3.0
1477904,3.0
1478192,3.0
1478256,3.0
1478288,3.0
1478304,3.0
1478336,3.0
1478352,3.0
1478816,3.0
1479424,3.0
1479856,3.0
1479968,3.0
1480032,3.0
1480048,3.0
1480416,3.0
1480464,3.0
1480656,3.0
1480944,3.0
1481136,3.0
1481952,3.0
1482128,3.0
1482736,3.0
1482944,3.0
1483088,3.0
1483200,3.0
1483312,3.0
1483712,3.0
1483792,3.0
1483984,3.0
1484256,3.0
1484544,3.0
1484608,3.0
1484832,3.0
1484992,3.0
1485472,3.0
1485600,3.0
1485664,3.0
1485680,3.0
1485856,3.0
1485904,3.0
1486016,3.0
1486192,3.0
1486352,3.0
1486512,3.0
1486688,3.0
1486912,3.0
1486976,3.0
1487008,3.0
1487296,3.0
1487328,3.0
1487392,3.0
1487776,3.0
1488416,3.0
1488672,3.0
1488720,3.0
1488832,3.0
1488976,3.0
1488992,3.0
1489184,3.0
1489504,3.0
1489696,3.0
1489824,3.0
1489840,3.0
1489920,3.0
1489984,3.0
1490160,3.0
1490224,3.0
1490656,3.0
1490736,3.0
1490880,3.0
1491008,3.0
1491424,3.0
1491600,3.0
1491824,3.0
1491840,3.0
1491872,3.0
1491904,3.0
1492000,3.0
1492400,3.0
1492432,3.0
1492624,3.0
1493152,3.0
1493184,3.0
1493296,3.0
1493440,3.0
1493456,3.0
1493648,3.0
1493712,3.0
1493808,3.0
1493872,3.0
1494160,3.0
1494544,3.0
1494752,3.0
1495088,3.0
1495216,3.0
1495520,3.0
1496240,3.0
1496448,3.0
1496496,3.0
1496608,3.0
1496640,3.0
1496672,3.0
1497280,3.0
1497328,3.0
1497344,3.0
1497776,3.0
1497808,3.0
1497920,3.0
1498096,3.0
1498112,3.0
1498160,3.0
1498352,3.0
1498384,3.0
1498464,3.0
1498656,3.0
1498848,3.0
1499152,3.0
1500000,3.0
1500368,3.0
1500624,3.0
1500752,3.0
1501232,3.0
1501264,3.0
1501280,3.0
1501728,3.0
1501760,3.0
1501920,3.0
1502176,3.0
1502192,3.0
1502576,3.0
1502656,3.0
1503392,3.0
1503520,3.0
1503536,3.0
1503568,3.0
1503712,3.0
1503776,3.0
1504080,3.0
1504272,3.0
1504304,3.0
1504464,3.0
1504528,3.0
1504576,3.0
1504688,3.0
1504800,3.0
1505120,3.0
1505152,3.0
1505248,3.0
1505488,3.0
1505504,3.0
1505696,3.0
1506224,3.0
1506240,3.0
1506304,3.0
1506432,3.0
1506832,3.0
1506992,3.0
1507104,3.0
1507488,3.0
1507712,3.0
1508224,3.0
1508400,3.0
1508448,3.0
1508624,3.0
1508640,3.0
1508736,3.0
1508784,3.0
1509024,3.0
1509072,3.0
1509280,3.0
1509440,3.0
1509552,3.0
1509568,3.0
1509696,3.0
1509808,3.0
1509824,3.0
1509920,3.0
1510208,3.0
1510304,3.0
1510960,3.0
1511072,3.0
1511376,3.0
1511504,3.0
1511632,3.0
1511760,3.0
1511840,3.0
1511936,3.0
1512320,3.0
1512480,3.0
1512544,3.0
1512608,3.0
1512640,3.0
1512880,3.0
1512912,3.0
1512992,3.0
1513088,3.0
1513184,3.0
1513200,3.0
1513360,3.0
1513456,3.0
1513584,3.0
1514096,3.0
1514208,3.0
1514240,3.0
1514368,3.0
1514416,3.0
1514528,3.0
1514560,3.0
1514720,3.0
1514752,3.0
1514960,3.0
1515216,3.0
1515232,3.0
1515424,3.0
1515632,3.0
1515664,3.0
1515856,3.0
1515872,3.0
1516048,3.0
1516512,3.0
1516624,3.0
1517424,3.0
1517520,3.0
1517920,3.0
1518176,3.0
1518208,3.0
1518480,3.0
1518688,3.0
1518704,3.0
1518720,3.0
1518752,3.0
1518768,3.0
1519024,3.0
1519664,3.0
1520160,3.0
1520224,3.0
1520256,3.0
1520400,3.0
1520592,3.0
1520656,3.0
1521136,3.0
1521184,3.0
1521552,3.0
1521568,3.0
1521632,3.0
1521808,3.0
1522000,3.0
1522384,3.0
1522768,3.0
1522944,3.0
1523120,3.0
1523152,3.0
1523280,3.0
1523424,3.0
1523664,3.0
1523776,3.0
1523808,3.0
1524048,3.0
1524368,3.0
1524384,3.0
1524432,3.0
1524448,3.0
1524576,3.0
1524832,3.0
1525136,3.0
1526080,3.0
1526112,3.0
1526176,3.0
1526288,3.0
1526640,3.0
1526800,3.0
1526912,3.0
1527328,3.0
1527376,3.0
1527456,3.0
1527568,3.0
1527792,3.0
1527904,3.0
1527984,3.0
1528720,3.0
1528880,3.0
1528912,3.0
1529248,3.0
1529472,3.0
1529792,3.0
1529888,3.0
1530160,3.0
1530272,3.0
1530320,3.0
1530480,3.0
1530928,3.0
1530944,3.0
1531088,3.0
1531472,3.0
1531552,3.0
1531760,3.0
1531776,3.0
1532016,3.0
1532032,3.0
1532176,3.0
1532304,3.0
1532400,3.0
1532544,3.0
1532656,3.0
1532688,3.0
1532752,3.0
1533200,3.0
1533344,3.0
1533600,3.0
1533616,3.0
1533824,3.0
1533984,3.0
1534144,3.0
1534160,3.0
1534656,3.0
1534736,3.0
1534960,3.0
1535088,3.0
1535168,3.0
1535664,3.0
1535760,3.0
1535792,3.0
1536208,3.0
1536432,3.0
1536640,3.0
1537040,3.0
1537200,3.0
1537232,3.0
1537296,3.0
1537328,3.0
1537760,3.0
1537792,3.0
1538016,3.0
1538048,3.0
1538096,3.0
1538896,3.0
1539184,3.0
1539232,3.0
1539728,3.0
1539760,3.0
1539776,3.0
1539856,3.0
1539936,3.0
1540080,3.0
1540144,3.0
1540240,3.0
1540416,3.0
1540704,3.0
1540816,3.0
1541008,3.0
1541440,3.0
1541728,3.0
1542368,3.0
1542400,3.0
1542512,3.0
1542672,3.0
1542816,3.0
1543184,3.0
1543440,3.0
1543648,3.0
1543904,3.0
1543968,3.0
1544096,3.0
1544304,3.0
1544320,3.0
1544672,3.0
1544768,3.0
1544912,3.0
1545120,3.0
1545200,3.0
1545472,3.0
1545552,3.0
1545632,3.0
1545792,3.0
1546000,3.0
1546432,3.0
1546480,3.0
1546512,3.0
1546544,3.0
1546656,3.0
1547184,3.0
1547232,3.0
1547440,3.0
1547824,3.0
1547936,3.0
1548272,3.0
1548480,3.0
1548624,3.0
1549008,3.0
1549200,3.0
1549424,3.0
1549568,3.0
1549888,3.0
1549952,3.0
1550128,3.0
1550192,3.0
1550288,3.0
1550400,3.0
1550752,3.0
1551072,3.0
1551312,3.0
1551744,3.0
1551888,3.0
1552144,3.0
1552160,3.0
1552336,3.0
1552368,3.0
1552832,3.0
1552848,3.0
1552992,3.0
1553072,3.0
1553120,3.0
1553152,3.0
1553536,3.0
1553600,3.0
1553712,3.0
1553840,3.0
1553920,3.0
1553952,3.0
1554048,3.0
1554064,3.0
1554192,3.0
1554896,3.0
1555136,3.0
1555376,3.0
1555392,3.0
1555520,3.0
1555648,3.0
1556144,3.0
1556192,3.0
1556544,3.0
1556592,3.0
1556944,3.0
1557632,3.0
1557792,3.0
1558160,3.0
1558224,3.0
1558464,3.0
1558672,3.0
1559232,3.0
1559744,3.0
1559968,3.0
1560208,3.0
1560416,3.0
1560448,3.0
1560656,3.0
1560736,3.0
1561008,3.0
1561264,3.0
1561392,3.0
1561888,3.0
1561936,3.0
1562256,3.0
1562432,3.0
1562544,3.0
1562640,3.0
1562720,3.0
1562816,3.0
1562992,3.0
1563360,3.0
1563536,3.0
1563584,3.0
1563824,3.0
1563840,3.0
1563856,3.0
1563904,3.0
1563936,3.0
1563984,3.0
1564096,3.0
1564752,3.0
1564784,3.0
1564912,3.0
1564944,3.0
1565024,3.0
1565136,3.0
1565312,3.0
1565424,3.0
1565760,3.0
1566160,3.0
1566320,3.0
1566352,3.0
1566640,3.0
1567280,3.0
1567424,3.0
1567712,3.0
1567920,3.0
1568192,3.0
1568240,3.0
1568320,3.0
1568384,3.0
1568448,3.0
1568544,3.0
1568896,3.0
1569184,3.0
1569248,3.0
1569312,3.0
1569488,3.0
1569744,3.0
1570272,3.0
1570352,3.0
1570416,3.0
1570832,3.0
1571088,3.0
1571792,3.0
1572112,3.0
1572144,3.0
1572272,3.0
1572560,3.0
1572624,3.0
1572656,3.0
1572672,3.0
1572768,3.0
1573024,3.0
1573072,3.0
1573184,3.0
1573248,3.0
1573616,3.0
1573648,3.0
1573824,3.0
1574032,3.0
1574064,3.0
1574160,3.0
1574320,3.0
1574400,3.0
1574752,3.0
1574800,3.0
1575136,3.0
1575184,3.0
1575200,3.0
1575328,3.0
1575376,3.0
1575488,3.0
1575728,3.0
1575760,3.0
1576416,3.0
1576528,3.0
1576592,3.0
1576624,3.0
1576736,3.0
1576832,3.0
1576992,3.0
1577280,3.0
1577296,3.0
1577376,3.0
1577504,3.0
1577568,3.0
1577952,3.0
1577984,3.0
1578000,3.0
1578304,3.0
1578848,3.0
1579344,3.0
1579440,3.0
1579712,3.0
1579776,3.0
1579968,3.0
1580032,3.0
1580752,3.0
1581344,3.0
1581808,3.0
1582176,3.0
1582368,3.0
1582432,3.0
1582496,3.0
1582512,3.0
1582528,3.0
1582592,3.0
1582880,3.0
1583040,3.0
1583440,3.0
1583680,3.0
1583760,3.0
1583968,3.0
1584240,3.0
1584896,3.0
1585024,3.0
1585040,3.0
1585264,3.0
1585392,3.0
1585456,3.0
1585472,3.0
1585552,3.0
1585616,3.0
1585744,3.0
1586064,3.0
1586128,3.0
1586304,3.0
1586688,3.0
1586832,3.0
1586880,3.0
1586944,3.0
1587216,3.0
1587264,3.0
1587680,3.0
1587776,3.0
1587792,3.0
1587904,3.0
1588064,3.0
1588128,3.0
1588144,3.0
1588160,3.0
1589120,3.0
1589168,3.0
1589264,3.0
1589344,3.0
1589376,3.0
1589424,3.0
1589472,3.0
1589920,3.0
1589936,3.0
1590528,3.0
1590544,3.0
1590576,3.0
1590688,3.0
1590736,3.0
1590752,3.0
1591152,3.0
1591552,3.0
1591648,3.0
1591808,3.0
1591824,3.0
1591840,3.0
1591904,3.0
1592000,3.0
1592080,3.0
1592336,3.0
1592416,3.0
1592736,3.0
1592816,3.0
1593232,3.0
1593360,3.0
1593424,3.0
1593440,3.0
1593552,3.0
1593664,3.0
1593680,3.0
1593728,3.0
1593888,3.0
1594176,3.0
1594496,3.0
1594704,3.0
1594784,3.0
1594912,3.0
1594928,3.0
1595088,3.0
1595280,3.0
1595472,3.0
1595664,3.0
1596176,3.0
1596352,3.0
1596432,3.0
1596672,3.0
1596704,3.0
1596832,3.0
1596960,3.0
1597104,3.0
1597232,3.0
1597344,3.0
1597648,3.0
1597728,3.0
1597872,3.0
1597888,3.0
1598064,3.0
1598096,3.0
1598288,3.0
1598384,3.0
1598928,3.0
1598976,3.0
1599008,3.0
1599104,3.0
1599168,3.0
1599200,3.0
1599472,3.0
1599504,3.0
1599808,3.0
1599872,3.0
1600000,3.0
1600016,3.0
1600160,3.0
1600256,3.0
1600368,3.0
1600672,3.0
1600688,3.0
1600736,3.0
1600752,3.0
1600816,3.0
1600944,3.0
1601008,3.0
1601136,3.0
1601536,3.0
1601552,3.0
1601600,3.0
1601616,3.0
1601744,3.0
1601856,3.0
1602112,3.0
1602240,3.0
1602384,3.0
1602576,3.0
1602656,3.0
1602768,3.0
1602848,3.0
1602880,3.0
1602976,3.0
1603184,3.0
1603296,3.0
1603424,3.0
1603520,3.0
1603664,3.0
1603888,3.0
1604176,3.0
1604208,3.0
1604368,3.0
1604816,3.0
1605072,3.0
1605184,3.0
1605232,3.0
1605312,3.0
1605376,3.0
1605856,3.0
1605920,3.0
1606960,3.0
1607104,3.0
1607376,3.0
1607552,3.0
1608032,3.0
1608128,3.0
1608256,3.0
1608288,3.0
1608400,3.0
1608480,3.0
1608912,3.0
1609120,3.0
1609184,3.0
1609360,3.0
1609712,3.0
1609872,3.0
1610064,3.0
1610400,3.0
1610752,3.0
1610848,3.0
1611312,3.0
1611696,3.0
1611872,3.0
1611936,3.0
1611968,3.0
1612064,3.0
1612128,3.0
1612400,3.0
1612512,3.0
1612608,3.0
1612704,3.0
1613104,3.0
1613344,3.0
1613472,3.0
1613840,3.0
1613856,3.0
1614096,3.0
1614144,3.0
1614272,3.0
1614736,3.0
1614880,3.0
1614944,3.0
1614976,3.0
1615120,3.0
1615376,3.0
1615520,3.0
1615536,3.0
1615728,3.0
1615744,3.0
1615824,3.0
1615856,3.0
1616512,3.0
1616688,3.0
1616736,3.0
1616848,3.0
1617056,3.0
1617072,3.0
1617168,3.0
1617264,3.0
1617664,3.0
1617744,3.0
1618256,3.0
1618496,3.0
1618688,3.0
1618736,3.0
1618816,3.0
1618976,3.0
1619184,3.0
1619232,3.0
1619488,3.0
1619632,3.0
1619696,3.0
1619760,3.0
1619792,3.0
1620080,3.0
1620208,3.0
1620448,3.0
1620480,3.0
1620560,3.0
1620704,3.0
1620720,3.0
1620928,3.0
1621136,3.0
1621200,3.0
1621280,3.0
1621344,3.0
1621408,3.0
1621552,3.0
1621584,3.0
1621632,3.0
1621776,3.0
1621856,3.0
1622576,3.0
1622864,3.0
1622912,3.0
1623424,3.0
1623456,3.0
1623968,3.0
1624064,3.0
1624288,3.0
1624768,3.0
1624880,3.0
1624944,3.0
1624960,3.0
1624992,3.0
1625104,3.0
1625296,3.0
1625392,3.0
1625968,3.0
1626016,3.0
1626048,3.0
1626080,3.0
1626096,3.0
1626288,3.0
1626560,3.0
1626672,3.0
1626768,3.0
1626848,3.0
1626896,3.0
1627024,3.0
1627056,3.0
1627088,3.0
1627280,3.0
1627600,3.0
1628016,3.0
1628288,3.0
1628384,3.0
1628432,3.0
1628464,3.0
1628512,3.0
1628944,3.0
1629072,3.0
1629104,3.0
1629344,3.0
1629456,3.0
1629536,3.0
1629680,3.0
1630032,3.0
1630128,3.0
1630144,3.0
1630176,3.0
1630400,3.0
1630624,3.0
1630672,3.0
1630784,3.0
1631136,3.0
1631360,3.0
1631552,3.0
1631728,3.0
1631760,3.0
1632112,3.0
1632608,3.0
1633488,3.0
1633632,3.0
1634080,3.0
1634128,3.0
1634496,3.0
1634688,3.0
1634832,3.0
1634864,3.0
1635168,3.0
1635648,3.0
1635824,3.0
1635840,3.0
1635920,3.0
1635936,3.0
1636160,3.0
1636320,3.0
1636432,3.0
1636448,3.0
1636496,3.0
1636848,3.0
1637312,3.0
1637552,3.0
1637600,3.0
1637648,3.0
1637952,3.0
1637968,3.0
1637984,3.0
1638320,3.0
1638512,3.0
1638656,3.0
1638880,3.0
1638912,3.0
1639104,3.0
1639184,3.0
1639296,3.0
1639456,3.0
1639584,3.0
1639616,3.0
1639936,3.0
1640016,3.0
1640032,3.0
1640048,3.0
1640064,3.0
1640096,3.0
1640224,3.0
1640288,3.0
1640384,3.0
1640592,3.0
1640816,3.0
1641184,3.0
1641216,3.0
1641424,3.0
1641488,3.0
1641536,3.0
1641568,3.0
1641648,3.0
1641920,3.0
1642000,3.0
1642016,3.0
1642128,3.0
1642592,3.0
1642672,3.0
1642848,3.0
1642976,3.0
1643120,3.0
1643168,3.0
1643232,3.0
1643328,3.0
1643472,3.0
1643520,3.0
1643536,3.0
1643584,3.0
1643872,3.0
1644032,3.0
1644144,3.0
1644304,3.0
1644608,3.0
1644752,3.0
1644848,3.0
1644880,3.0
1645040,3.0
1645296,3.0
1645312,3.0
1645376,3.0
1645632,3.0
1645648,3.0
1645696,3.0
1646208,3.0
1646224,3.0
1646336,3.0
1646416,3.0
1646880,3.0
1646928,3.0
1646976,3.0
1647168,3.0
1647248,3.0
1647344,3.0
1647472,3.0
1647664,3.0
1648064,3.0
1648112,3.0
1648688,3.0
1648880,3.0
1649088,3.0
1649776,3.0
1649792,3.0
1649904,3.0
1650000,3.0
1650048,3.0
1650192,3.0
1650208,3.0
1650576,3.0
1650672,3.0
1650848,3.0
1651072,3.0
1651312,3.0
1651328,3.0
1651424,3.0
1651440,3.0
1651504,3.0
1651632,3.0
1651696,3.0
1651728,3.0
1651840,3.0
1651888,3.0
1652032,3.0
1652048,3.0
1652080,3.0
1652144,3.0
1652448,3.0
1652496,3.0
1652624,3.0
1653376,3.0
1653792,3.0
1653808,3.0
1653984,3.0
1654224,3.0
1654240,3.0
1654384,3.0
1654400,3.0
1654528,3.0
1654544,3.0
1654672,3.0
1655248,3.0
1655584,3.0
1655600,3.0
1655712,3.0
1655856,3.0
1655968,3.0
1656064,3.0
1656336,3.0
1656352,3.0
1656496,3.0
1657104,3.0
1657200,3.0
1657424,3.0
1657584,3.0
1657856,3.0
1657872,3.0
1658032,3.0
1658336,3.0
1658368,3.0
1658464,3.0
1658800,3.0
1658880,3.0
1659072,3.0
1659216,3.0
1659456,3.0
1659472,3.0
1659568,3.0
1659664,3.0
1659840,3.0
1660016,3.0
1660096,3.0
1660656,3.0
1660768,3.0
1660928,3.0
1660944,3.0
1661232,3.0
1661344,3.0
1661456,3.0
1661520,3.0
1661568,3.0
1661840,3.0
1662384,3.0
1662464,3.0
1662496,3.0
1662832,3.0
1662880,3.0
1662992,3.0
1663184,3.0
1663360,3.0
1663408,3.0
1663840,3.0
1664016,3.0
1664432,3.0
1664928,3.0
1664992,3.0
1665616,3.0
1665664,3.0
1665728,3.0
1666176,3.0
1666464,3.0
1666752,3.0
1667040,3.0
1667264,3.0
1667392,3.0
1667424,3.0
1667440,3.0
1667696,3.0
1668128,3.0
1668656,3.0
1668672,3.0
1668912,3.0
1669072,3.0
1669456,3.0
1669648,3.0
1669824,3.0
1670096,3.0
1670192,3.0
1670864,3.0
1670976,3.0
1671296,3.0
1671328,3.0
1671456,3.0
1671632,3.0
1671936,3.0
1672016,3.0
1672032,3.0
1672064,3.0
1672208,3.0
1672352,3.0
1672880,3.0
1672976,3.0
1673136,3.0
1673632,3.0
1673792,3.0
1673952,3.0
1674256,3.0
1674320,3.0
1675024,3.0
1675040,3.0
1675216,3.0
1675296,3.0
1675856,3.0
1676400,3.0
1676448,3.0
1676480,3.0
1676528,3.0
1676688,3.0
1676720,3.0
1676736,3.0
1677008,3.0
1677024,3.0
1677088,3.0
1677408,3.0
1677568,3.0
1678096,3.0
1678160,3.0
1678384,3.0
1678528,3.0
1678576,3.0
1678624,3.0
1678928,3.0
1679472,3.0
1679600,3.0
1679856,3.0
1680032,3.0
1680144,3.0
1680384,3.0
1680544,3.0
1680624,3.0
1680736,3.0
1680944,3.0
1681008,3.0
1681056,3.0
1681808,3.0
1682176,3.0
1682192,3.0
1682208,3.0
1683040,3.0
1683152,3.0
1683248,3.0
1683808,3.0
1684064,3.0
1684448,3.0
1684624,3.0
1684768,3.0
1685552,3.0
1685568,3.0
1685616,3.0
1685664,3.0
1686160,3.0
1686560,3.0
1686624,3.0
1686800,3.0
1686816,3.0
1687120,3.0
1687152,3.0
1687232,3.0
1687248,3.0
1687328,3.0
1687424,3.0
1687440,3.0
1687616,3.0
1687728,3.0
1687872,3.0
1687968,3.0
1688288,3.0
1689200,3.0
1689616,3.0
1689728,3.0
1689824,3.0
1689888,3.0
1690128,3.0
1690256,3.0
1690352,3.0
1690528,3.0
1690560,3.0
1690992,3.0
1691120,3.0
1691824,3.0
1691856,3.0
1691904,3.0
1692000,3.0
1692384,3.0
1692608,3.0
1692976,3.0
1693296,3.0
1693520,3.0
1693600,3.0
1693616,3.0
1693920,3.0
1693952,3.0
1694080,3.0
1694144,3.0
1694320,3.0
1695152,3.0
1695312,3.0
1695616,3.0
1695648,3.0
1695760,3.0
1695920,3.0
1696016,3.0
1696096,3.0
1696272,3.0
1696336,3.0
1696416,3.0
1696496,3.0
1696608,3.0
1696640,3.0
1697152,3.0
1697264,3.0
1697280,3.0
1697504,3.0
1697584,3.0
1697632,3.0
1697648,3.0
1697696,3.0
1698128,3.0
1698384,3.0
1698672,3.0
1698688,3.0
1698768,3.0
1698832,3.0
1698864,3.0
1698992,3.0
1699264,3.0
1699536,3.0
1699680,3.0
1699696,3.0
1700240,3.0
1700432,3.0
1700496,3.0
1700704,3.0
1700976,3.0
1701184,3.0
1701216,3.0
1701328,3.0
1701536,3.0
1701808,3.0
1702000,3.0
1702048,3.0
1702304,3.0
1702416,3.0
1702544,3.0
1702608,3.0
1702688,3.0
1702832,3.0
1703008,3.0
1703120,3.0
1703200,3.0
1703248,3.0
1703296,3.0
1703456,3.0
1703632,3.0
1703760,3.0
1704016,3.0
1704112,3.0
1704416,3.0
1704432,3.0
1704592,3.0
1704704,3.0
1704736,3.0
1704752,3.0
1705024,3.0
1705328,3.0
1705424,3.0
1705648,3.0
1706080,3.0
1706208,3.0
1706368,3.0
1706448,3.0
1706480,3.0
1706528,3.0
1706688,3.0
1706912,3.0
1706928,3.0
1706992,3.0
1707104,3.0
1707152,3.0
1707248,3.0
1707264,3.0
1707280,3.0
1707328,3.0
1707552,3.0
1707632,3.0
1707728,3.0
1708160,3.0
1708288,3.0
1708320,3.0
1708512,3.0
1708544,3.0
1709072,3.0
1709280,3.0
1709296,3.0
1709424,3.0
1710288,3.0
1710512,3.0
1710640,3.0
1710656,3.0
1710704,3.0
1710800,3.0
1710928,3.0
1711072,3.0
1711120,3.0
1711216,3.0
1711360,3.0
1711616,3.0
1711840,3.0
1712288,3.0
1712448,3.0
1712832,3.0
1712992,3.0
1713120,3.0
1713696,3.0
1713936,3.0
1713952,3.0
1713984,3.0
1714096,3.0
1714256,3.0
1714320,3.0
1714416,3.0
1714528,3.0
1714864,3.0
1714880,3.0
1715072,3.0
1715456,3.0
1715776,3.0
1715840,3.0
1715904,3.0
1716048,3.0
1716320,3.0
1716816,3.0
1716880,3.0
1716992,3.0
1717024,3.0
1717040,3.0
1717088,3.0
1717504,3.0
1717776,3.0
1718144,3.0
1718160,3.0
1718272,3.0
1718416,3.0
1718480,3.0
1718816,3.0
1718864,3.0
1719008,3.0
1719216,3.0
1719232,3.0
1719568,3.0
1719728,3.0
1719904,3.0
1719968,3.0
1720208,3.0
1720320,3.0
1720400,3.0
1720448,3.0
1720560,3.0
1721088,3.0
1721120,3.0
1721488,3.0
1721664,3.0
1721712,3.0
1722064,3.0
1722368,3.0
1722608,3.0
1722656,3.0
1722816,3.0
1722880,3.0
1722928,3.0
1723216,3.0
1723472,3.0
1723552,3.0
1723920,3.0
1723968,3.0
1724496,3.0
1724656,3.0
1724736,3.0
1724832,3.0
1724848,3.0
1725088,3.0
1725200,3.0
1725744,3.0
1725808,3.0
1726048,3.0
1726256,3.0
1726928,3.0
1727024,3.0
1727104,3.0
1727184,3.0
1727328,3.0
1727488,3.0
1727840,3.0
1728000,3.0
1728192,3.0
1728368,3.0
1728416,3.0
1728432,3.0
1728512,3.0
1728544,3.0
1728768,3.0
1728832,3.0
1728848,3.0
1728944,3.0
1729088,3.0
1729136,3.0
1729840,3.0
1729872,3.0
1730096,3.0
1730176,3.0
1730688,3.0
1731072,3.0
1731568,3.0
1731728,3.0
1731808,3.0
1731824,3.0
1731904,3.0
1731920,3.0
1731968,3.0
1731984,3.0
1732112,3.0
1732160,3.0
1732336,3.0
1732704,3.0
1732816,3.0
1732832,3.0
1733088,3.0
1733104,3.0
1733232,3.0
1733264,3.0
1733872,3.0
1733936,3.0
1734352,3.0
1734400,3.0
1734432,3.0
1734672,3.0
1734720,3.0
1734992,3.0
1735152,3.0
1735376,3.0
1735728,3.0
1736000,3.0
1736160,3.0
1737264,3.0
1737360,3.0
1737456,3.0
1737712,3.0
1737904,3.0
1737984,3.0
1738080,3.0
1738448,3.0
1738464,3.0
1738576,3.0
1738864,3.0
1739056,3.0
1739216,3.0
1739232,3.0
1739760,3.0
1740160,3.0
1740288,3.0
1740416,3.0
1740464,3.0
1740480,3.0
1740800,3.0
1740864,3.0
1741056,3.0
1741072,3.0
1741280,3.0
1741568,3.0
1741584,3.0
1741664,3.0
1741744,3.0
1741760,3.0
1741808,3.0
1742528,3.0
1742560,3.0
1742704,3.0
1742720,3.0
1742768,3.0
1742832,3.0
1743088,3.0
1743536,3.0
1743680,3.0
1744176,3.0
1744336,3.0
1744608,3.0
1745104,3.0
1745168,3.0
1745280,3.0
1745296,3.0
1745472,3.0
1745648,3.0
1746016,3.0
1746208,3.0
1746576,3.0
1746848,3.0
1746928,3.0
1747136,3.0
1747232,3.0
1747280,3.0
1747600,3.0
1748208,3.0
1748320,3.0
1748512,3.0
1748816,3.0
1748960,3.0
1749024,3.0
1749088,3.0
1749216,3.0
1749248,3.0
1749392,3.0
1749440,3.0
1749568,3.0
1749616,3.0
1749664,3.0
1749792,3.0
1750016,3.0
1750208,3.0
1750432,3.0
1750496,3.0
1750560,3.0
1750928,3.0
1751008,3.0
1751024,3.0
1751088,3.0
1751248,3.0
1751360,3.0
1752272,3.0
1752384,3.0
1752688,3.0
1753312,3.0
1753376,3.0
1753392,3.0
1753456,3.0
1753488,3.0
1753616,3.0
1754128,3.0
1754160,3.0
1754304,3.0
1754416,3.0
1754848,3.0
1754864,3.0
1754896,3.0
1755104,3.0
1755552,3.0
1756208,3.0
1757008,3.0
1757344,3.0
1757552,3.0
1757936,3.0
1758192,3.0
1758208,3.0
1758528,3.0
1758640,3.0
1758736,3.0
1758768,3.0
1758848,3.0
1758896,3.0
1759200,3.0
1759232,3.0
1759408,3.0
1759760,3.0
1760160,3.0
1760224,3.0
1760368,3.0
1760400,3.0
1760512,3.0
1760544,3.0
1760560,3.0
1760608,3.0
1760944,3.0
1761088,3.0
1761152,3.0
1761312,3.0
1761552,3.0
1761760,3.0
1761808,3.0
1761888,3.0
1762240,3.0
1762592,3.0
1762704,3.0
1762880,3.0
1764064,3.0
1764080,3.0
1764096,3.0
1764336,3.0
1764480,3.0
1764512,3.0
1764528,3.0
1764768,3.0
1764864,3.0
1764928,3.0
1765472,3.0
1765904,3.0
1765968,3.0
1766000,3.0
1766016,3.0
1766032,3.0
1766080,3.0
1766304,3.0
1766864,3.0
1766912,3.0
1767312,3.0
1767408,3.0
1767424,3.0
1767440,3.0
1767600,3.0
1767616,3.0
1767648,3.0
1767744,3.0
1767760,3.0
1767808,3.0
1768864,3.0
1769200,3.0
1769360,3.0
1769504,3.0
1769568,3.0
1770304,3.0
1770816,3.0
1770832,3.0
1771328,3.0
1771568,3.0
1772224,3.0
1772240,3.0
1772608,3.0
1772960,3.0
1773104,3.0
1773168,3.0
1773184,3.0
1773376,3.0
1773664,3.0
1773728,3.0
1773840,3.0
1774048,3.0
1774176,3.0
1774592,3.0
1774784,3.0
1775184,3.0
1775344,3.0
1775696,3.0
1775968,3.0
1776112,3.0
1776592,3.0
1776736,3.0
1776864,3.0
1776976,3.0
1777056,3.0
1777200,3.0
1777280,3.0
1777552,3.0
1777680,3.0
1777824,3.0
1778128,3.0
1778624,3.0
1778704,3.0
1778736,3.0
1779072,3.0
1779168,3.0
1779536,3.0
1779760,3.0
1779888,3.0
1780032,3.0
1780048,3.0
1780128,3.0
1780176,3.0
1780448,3.0
1780592,3.0
1780608,3.0
1780656,3.0
1780720,3.0
1781536,3.0
1782016,3.0
1782144,3.0
1782432,3.0
1782480,3.0
1782608,3.0
1783088,3.0
1783136,3.0
1783312,3.0
1783392,3.0
1783568,3.0
1783728,3.0
1783792,3.0
1784848,3.0
1784928,3.0
1785040,3.0
1785072,3.0
1785104,3.0
1785200,3.0
1785552,3.0
1785664,3.0
1785712,3.0
1785824,3.0
1786048,3.0
1786144,3.0
1786192,3.0
1786368,3.0
1786448,3.0
1786544,3.0
1786752,3.0
1786976,3.0
1787184,3.0
1787280,3.0
1787392,3.0
1787440,3.0
1787504,3.0
1787520,3.0
1787680,3.0
1787744,3.0
1787792,3.0
1787968,3.0
1788016,3.0
1788192,3.0
1788288,3.0
1788352,3.0
1788384,3.0
1788608,3.0
1788960,3.0
1788992,3.0
1789040,3.0
1789056,3.0
1789088,3.0
1789152,3.0
1789424,3.0
1789600,3.0
1789712,3.0
1789856,3.0
1789920,3.0
1790192,3.0
1790320,3.0
1790592,3.0
1790688,3.0
1790880,3.0
1790912,3.0
1790928,3.0
1790960,3.0
1790976,3.0
1791248,3.0
1791344,3.0
1791376,3.0
1791760,3.0
1791952,3.0
1791968,3.0
1792240,3.0
1792672,3.0
1792800,3.0
1792912,3.0
1793024,3.0
1793552,3.0
1793696,3.0
1793728,3.0
1793872,3.0
1794480,3.0
1794720,3.0
1795184,3.0
1795296,3.0
1795424,3.0
1795568,3.0
1795712,3.0
1795744,3.0
1796368,3.0
1796416,3.0
1796512,3.0
1796720,3.0
1796800,3.0
1797360,3.0
1797440,3.0
1797456,3.0
1797680,3.0
1797840,3.0
1798176,3.0
1798656,3.0
1798752,3.0
1798976,3.0
1799024,3.0
1799296,3.0
1799472,3.0
1799792,3.0
1799872,3.0
1800704,3.0
1801072,3.0
1801312,3.0
1801360,3.0
1801392,3.0
1801408,3.0
1801520,3.0
1801536,3.0
1801600,3.0
1801792,3.0
1801824,3.0
1801968,3.0
1802176,3.0
1802320,3.0
1802480,3.0
1802640,3.0
1802784,3.0
1803072,3.0
1803216,3.0
1803344,3.0
1803472,3.0
1803792,3.0
1803936,3.0
1804224,3.0
1804320,3.0
1804544,3.0
1804816,3.0
1804944,3.0
1805024,3.0
1805232,3.0
1805616,3.0
1805760,3.0
1805776,3.0
1806016,3.0
1806048,3.0
1806144,3.0
1806320,3.0
1806592,3.0
1806624,3.0
1806928,3.0
1807104,3.0
1807248,3.0
1807376,3.0
1807520,3.0
1807648,3.0
1807664,3.0
1807856,3.0
1808144,3.0
1808160,3.0
1808256,3.0
1808448,3.0
1808464,3.0
1808576,3.0
1808736,3.0
1809024,3.0
1809456,3.0
1809648,3.0
1810096,3.0
1810224,3.0
1810672,3.0
1811200,3.0
1811280,3.0
1811296,3.0
1811328,3.0
1811392,3.0
1811632,3.0
1811952,3.0
1812032,3.0
1812048,3.0
1812544,3.0
1812928,3.0
1813184,3.0
1813456,3.0
1813472,3.0
1813904,3.0
1814128,3.0
1814576,3.0
1814672,3.0
1815024,3.0
1815056,3.0
1815136,3.0
1815408,3.0
1815584,3.0
1815856,3.0
1816000,3.0
1816176,3.0
1816624,3.0
1816784,3.0
1816800,3.0
1816976,3.0
1817088,3.0
1817152,3.0
1817216,3.0
1817280,3.0
1817328,3.0
1817344,3.0
1818240,3.0
1818464,3.0
1818656,3.0
1818720,3.0
1818912,3.0
1819008,3.0
1819168,3.0
1820000,3.0
1820592,3.0
1820720,3.0
1820768,3.0
1820928,3.0
1821328,3.0
1821648,3.0
1822000,3.0
1822240,3.0
1822304,3.0
1822864,3.0
1823216,3.0
1823296,3.0
1823920,3.0
1824304,3.0
1824656,3.0
1824800,3.0
1824912,3.0
1825040,3.0
1825120,3.0
1825280,3.0
1826096,3.0
1826192,3.0
1826256,3.0
1826384,3.0
1826416,3.0
1826528,3.0
1826592,3.0
1826832,3.0
1827264,3.0
1827488,3.0
1827584,3.0
1827712,3.0
1828160,3.0
1828240,3.0
1828288,3.0
1828544,3.0
1828752,3.0
1829552,3.0
1829728,3.0
1830016,3.0
1830160,3.0
1830528,3.0
1831056,3.0
1831232,3.0
1831328,3.0
1831424,3.0
1831472,3.0
1831568,3.0
1831952,3.0
1831984,3.0
1832080,3.0
1832112,3.0
1832128,3.0
1832208,3.0
1832528,3.0
1832864,3.0
1832960,3.0
1832992,3.0
1833296,3.0
1833344,3.0
1833552,3.0
1833744,3.0
1833840,3.0
1833920,3.0
1834640,3.0
1834752,3.0
1834784,3.0
1835152,3.0
1835312,3.0
1835392,3.0
1835424,3.0
1835552,3.0
1835584,3.0
1835648,3.0
1835728,3.0
1836032,3.0
1836048,3.0
1836592,3.0
1837024,3.0
1837472,3.0
1837504,3.0
1837664,3.0
1837888,3.0
1837952,3.0
1838368,3.0
1838496,3.0
1838608,3.0
1838720,3.0
1838736,3.0
1838752,3.0
1839088,3.0
1839312,3.0
1839360,3.0
1839872,3.0
1840080,3.0
1840096,3.0
1840224,3.0
1840368,3.0
1840704,3.0
1840720,3.0
1840800,3.0
1840944,3.0
1840960,3.0
1841184,3.0
1841344,3.0
1841408,3.0
1841680,3.0
1841936,3.0
1842032,3.0
1842224,3.0
1842288,3.0
1842384,3.0
1842464,3.0
1842864,3.0
1842992,3.0
1843024,3.0
1843040,3.0
1843136,3.0
1843216,3.0
1843312,3.0
1843360,3.0
1843408,3.0
1843472,3.0
1843520,3.0
1843600,3.0
1843664,3.0
1843712,3.0
1844256,3.0
1844416,3.0
1844752,3.0
1845008,3.0
1845488,3.0
1845568,3.0
1845584,3.0
1846016,3.0
1846032,3.0
1846064,3.0
1846368,3.0
1846576,3.0
1847008,3.0
1847088,3.0
1847200,3.0
1847520,3.0
1847696,3.0
1847856,3.0
1847904,3.0
1848144,3.0
1848160,3.0
1848544,3.0
1848720,3.0
1848768,3.0
1848800,3.0
1849104,3.0
1849216,3.0
1849232,3.0
1849264,3.0
1849776,3.0
1849952,3.0
1850000,3.0
1850096,3.0
1850208,3.0
1850272,3.0
1850304,3.0
1850480,3.0
1850576,3.0
1850736,3.0
1850800,3.0
1850816,3.0
1851072,3.0
1851120,3.0
1851328,3.0
1851392,3.0
