step,value
912,57.0
2080,130.0
2096,131.0
2096,131.0
2096,131.0
2096,131.0
2096,131.0
2928,183.0
3024,131.0
3072,60.0
4192,130.0
4192,130.0
4208,131.0
4208,131.0
4304,76.0
4448,146.0
4496,149.0
4544,152.0
5088,55.0
5312,68.0
5424,60.0
5808,231.0
6016,61.0
6112,62.0
6112,61.0
6304,131.0
6416,131.0
7168,184.0
7200,131.0
7216,68.0
7344,131.0
7424,130.0
7424,131.0
7536,131.0
7600,149.0
8112,143.0
8224,131.0
8416,131.0
8688,66.0
8880,73.0
9280,131.0
9328,131.0
9392,60.0
9552,181.0
9712,131.0
9904,63.0
9936,156.0
10160,43.0
10304,56.0
10832,57.0
10992,65.0
11040,182.0
11104,179.0
11392,131.0
11504,268.0
11600,141.0
11760,131.0
11840,196.0
12352,131.0
12416,131.0
12608,152.0
12944,131.0
13152,131.0
13424,66.0
13504,131.0
13664,64.0
13696,130.0
13728,163.0
13808,143.0
13872,131.0
13904,130.0
14128,131.0
14576,52.0
15232,84.0
15264,131.0
15360,150.0
15536,131.0
15616,131.0
15680,68.0
15680,131.0
15808,131.0
15920,131.0
16336,68.0
16624,67.0
16704,67.0
16816,196.0
16976,68.0
17088,66.0
17136,49.0
17280,99.0
17376,131.0
17456,130.0
18016,167.0
18192,65.0
18720,130.0
18752,131.0
18816,131.0
18912,130.0
19184,146.0
19248,131.0
19456,89.0
19488,131.0
19632,158.0
19776,61.0
19904,131.0
20224,131.0
20384,80.0
20608,150.0
21024,131.0
21296,131.0
21504,131.0
22000,130.0
22304,130.0
22320,130.0
22496,131.0
23296,219.0
23440,70.0
23872,131.0
24064,131.0
24096,130.0
24144,131.0
24192,55.0
24256,171.0
24432,131.0
24432,131.0
24608,74.0
25024,130.0
25216,131.0
26016,121.0
26208,131.0
26304,131.0
26416,141.0
26480,127.0
26720,131.0
27040,63.0
27136,230.0
27136,131.0
27200,147.0
27312,130.0
27392,60.0
27456,137.0
28272,66.0
28416,131.0
28640,131.0
28832,131.0
28880,149.0
29008,174.0
29200,108.0
29248,131.0
29424,131.0
29712,303.0
29728,44.0
29920,44.0
30208,130.0
30512,48.0
30752,131.0
30784,156.0
30896,70.0
30992,131.0
31184,60.0
31360,131.0
31616,131.0
31632,67.0
31696,146.0
31808,160.0
31824,66.0
31824,131.0
32576,65.0
32688,66.0
32896,131.0
32944,69.0
33104,131.0
33136,102.0
33296,131.0
33792,130.0
33920,131.0
33936,48.0
34352,186.0
34496,84.0
34624,43.0
34688,131.0
34800,131.0
34816,67.0
34992,130.0
35136,136.0
35408,131.0
35472,130.0
35904,131.0
36032,131.0
36048,131.0
36224,46.0
36464,131.0
36736,131.0
36800,131.0
36896,130.0
37088,130.0
37376,266.0
37472,165.0
37856,47.0
38144,130.0
38336,131.0
38480,152.0
38576,131.0
38720,223.0
38720,131.0
39008,131.0
39488,131.0
39584,131.0
39584,131.0
39760,64.0
39952,130.0
40000,61.0
40368,156.0
40384,55.0
40592,131.0
40640,60.0
40960,131.0
41248,157.0
41424,114.0
41440,46.0
41504,70.0
41520,70.0
41872,131.0
42048,153.0
42064,131.0
42112,131.0
42272,47.0
42320,260.0
42368,130.0
42400,137.0
42704,131.0
42752,131.0
43056,130.0
43184,66.0
43408,64.0
43520,130.0
43520,129.0
43696,152.0
44160,130.0
44432,131.0
44512,122.0
44976,50.0
45168,131.0
45632,131.0
45872,146.0
46096,131.0
46416,149.0
46496,130.0
46544,131.0
46624,131.0
47264,142.0
47328,149.0
47552,131.0
47568,58.0
47920,344.0
47968,130.0
48320,131.0
48528,131.0
48576,51.0
48848,131.0
49664,131.0
49680,131.0
50288,146.0
50320,81.0
50320,131.0
50432,130.0
50432,131.0
50640,131.0
50672,130.0
51136,197.0
51280,130.0
51360,254.0
51424,68.0
51664,131.0
51904,337.0
52144,67.0
52256,60.0
52528,130.0
52704,189.0
52752,131.0
52784,131.0
53248,131.0
53408,108.0
53536,131.0
53552,47.0
53616,87.0
54016,131.0
54224,60.0
54240,130.0
54624,130.0
54640,271.0
54688,151.0
54816,131.0
54864,131.0
55600,253.0
55648,131.0
55728,131.0
55936,106.0
56352,131.0
56512,130.0
56800,131.0
57696,130.0
57760,131.0
57776,131.0
58032,149.0
58048,131.0
58208,131.0
58352,163.0
59056,62.0
59184,148.0
59280,147.0
59584,131.0
59872,131.0
60272,131.0
60304,130.0
60464,131.0
60704,182.0
60720,131.0
60976,43.0
61168,131.0
61280,143.0
61392,131.0
62080,114.0
62256,131.0
62288,61.0
62416,131.0
63280,131.0
63296,62.0
63408,71.0
63520,174.0
64032,131.0
64112,131.0
64352,129.0
64528,63.0
64528,131.0
64768,217.0
65088,212.0
65520,131.0
65552,130.0
65616,151.0
65776,77.0
65872,48.0
66208,42.0
66464,131.0
66624,130.0
66736,186.0
66880,131.0
67040,131.0
67072,80.0
67504,131.0
67520,131.0
67664,131.0
67728,131.0
68192,124.0
68320,131.0
68848,131.0
69136,131.0
69152,131.0
69776,131.0
69984,131.0
70096,131.0
70288,130.0
70624,259.0
70624,61.0
70672,131.0
70768,147.0
71248,131.0
71264,131.0
71280,151.0
71536,131.0
71584,50.0
71680,155.0
71888,131.0
72000,46.0
72080,130.0
72192,130.0
72544,131.0
72608,130.0
72736,131.0
72736,131.0
73376,131.0
73696,131.0
73776,130.0
73888,68.0
74112,131.0
74496,131.0
74640,130.0
74848,131.0
75168,131.0
75328,51.0
75488,131.0
75504,131.0
75792,71.0
76112,131.0
76224,131.0
76304,131.0
76528,130.0
76592,248.0
76960,131.0
77280,131.0
77440,131.0
77584,65.0
77600,131.0
77872,131.0
77920,131.0
79232,232.0
79392,131.0
79408,48.0
79424,130.0
79520,159.0
79552,131.0
79696,131.0
79984,131.0
80000,129.0
80320,131.0
80576,63.0
80752,130.0
80768,237.0
80800,68.0
81072,67.0
81232,56.0
81504,131.0
81744,61.0
81888,154.0
82096,149.0
82096,166.0
82112,131.0
82128,131.0
82880,131.0
83072,141.0
83216,65.0
83456,131.0
83520,60.0
83856,131.0
84192,130.0
84224,62.0
84240,131.0
84800,131.0
85248,63.0
85264,131.0
85520,164.0
86016,131.0
86160,152.0
86240,62.0
86240,173.0
86336,130.0
86336,131.0
86576,148.0
86848,131.0
86912,131.0
87536,80.0
87552,130.0
87616,130.0
87616,43.0
87712,131.0
88080,131.0
88672,130.0
88704,147.0
88960,131.0
89648,131.0
89648,130.0
89712,130.0
89712,130.0
90112,87.0
90176,175.0
90464,131.0
90464,61.0
90512,174.0
90784,131.0
91072,131.0
91312,310.0
91744,101.0
91760,131.0
91760,131.0
91824,131.0
91824,131.0
91840,90.0
92352,131.0
92576,131.0
93072,109.0
93472,61.0
93600,63.0
93728,47.0
93856,130.0
94112,146.0
94144,149.0
94688,131.0
94736,131.0
94800,130.0
95024,149.0
95168,130.0
95216,46.0
95728,43.0
95968,131.0
96080,162.0
96080,133.0
96256,131.0
96672,66.0
96784,65.0
96800,131.0
96848,131.0
97136,65.0
97312,130.0
97824,63.0
97952,131.0
98064,130.0
98464,148.0
98656,290.0
98880,130.0
99248,149.0
99312,135.0
99424,131.0
99872,61.0
100016,165.0
100208,130.0
100224,131.0
100384,66.0
100704,56.0
100768,131.0
101360,131.0
101504,131.0
101536,131.0
101696,131.0
101712,62.0
101920,71.0
102176,131.0
102368,85.0
102496,154.0
102672,131.0
102720,145.0
103376,130.0
103472,131.0
103616,101.0
103648,131.0
103968,141.0
104016,130.0
104080,43.0
104160,131.0
104288,131.0
104688,144.0
104816,130.0
104864,48.0
105584,131.0
105920,131.0
105936,131.0
106128,131.0
106480,55.0
106800,130.0
106800,131.0
106912,131.0
107024,121.0
107200,223.0
107424,103.0
107808,130.0
108032,131.0
108048,131.0
108096,72.0
108512,152.0
108592,131.0
108816,131.0
108912,131.0
109024,131.0
109056,62.0
109088,131.0
109088,65.0
109120,130.0
109536,131.0
109536,131.0
109872,65.0
109888,111.0
110096,64.0
110624,131.0
110688,131.0
110752,246.0
110960,67.0
111008,130.0
111120,130.0
111200,131.0
111264,131.0
111568,154.0
111648,131.0
111648,131.0
111792,118.0
112208,131.0
112368,68.0
112720,131.0
112736,131.0
112800,131.0
112896,82.0
113232,131.0
113376,72.0
114144,146.0
114272,64.0
114480,131.0
114592,116.0
114976,92.0
115120,144.0
115184,154.0
115568,152.0
115616,142.0
115728,146.0
116048,148.0
116256,131.0
116384,131.0
116448,91.0
116576,130.0
116592,131.0
116768,64.0
116800,104.0
117120,131.0
117232,131.0
117488,56.0
117552,46.0
117680,131.0
117728,131.0
117968,130.0
118160,131.0
118272,60.0
118496,131.0
118672,69.0
118704,131.0
118848,149.0
118880,131.0
118944,131.0
119184,63.0
119536,131.0
119600,131.0
119728,76.0
119776,130.0
119840,131.0
120160,189.0
120288,46.0
120416,131.0
120464,79.0
120560,142.0
120592,50.0
120624,55.0
120640,130.0
121056,131.0
121440,60.0
121888,187.0
121952,131.0
122512,130.0
122976,63.0
123072,149.0
123488,131.0
123552,152.0
123552,131.0
123648,187.0
123680,130.0
123904,51.0
123952,131.0
124240,131.0
124384,131.0
124416,130.0
124608,130.0
124656,62.0
124816,131.0
125360,130.0
125648,130.0
125728,171.0
125760,137.0
125792,131.0
126016,131.0
126112,131.0
126208,52.0
126384,151.0
126480,130.0
126528,131.0
126720,131.0
126768,131.0
126928,131.0
127120,226.0
127136,180.0
127840,131.0
127856,130.0
128032,55.0
128144,85.0
128320,131.0
128624,185.0
128640,131.0
128832,131.0
129024,131.0
129216,130.0
129840,130.0
130336,246.0
130432,131.0
130704,131.0
130944,131.0
131008,66.0
131024,131.0
131024,149.0
131136,131.0
131328,131.0
131456,64.0
131888,151.0
131952,131.0
132016,42.0
132224,130.0
132496,83.0
132544,131.0
132848,238.0
132880,61.0
132960,93.0
133056,131.0
133120,130.0
133120,131.0
133248,131.0
133328,143.0
133456,63.0
134128,131.0
134144,67.0
134192,131.0
134608,131.0
134640,130.0
134720,187.0
134992,131.0
135232,131.0
135328,131.0
135440,131.0
135616,134.0
136176,200.0
136256,131.0
136304,131.0
136560,63.0
136720,131.0
136832,131.0
137056,130.0
137344,131.0
137424,151.0
137456,131.0
137664,145.0
137696,70.0
137728,131.0
137744,40.0
138320,131.0
138352,130.0
138400,130.0
138848,131.0
138896,74.0
139168,131.0
139472,171.0
139536,131.0
139568,131.0
139840,131.0
139856,131.0
140000,65.0
140208,158.0
140384,131.0
140448,130.0
140912,156.0
140960,131.0
141008,131.0
141072,307.0
141264,130.0
141584,131.0
141648,131.0
141680,131.0
141776,43.0
142160,143.0
142256,61.0
142464,42.0
142480,55.0
142528,130.0
142560,131.0
143008,130.0
143024,67.0
143072,131.0
143936,147.0
144096,63.0
144560,129.0
144576,131.0
144608,131.0
144672,131.0
145120,131.0
145312,65.0
145632,63.0
145648,339.0
145872,131.0
146048,131.0
146208,130.0
146208,131.0
146384,131.0
146480,131.0
146576,152.0
146640,62.0
146688,131.0
147232,131.0
147968,130.0
148016,131.0
148144,130.0
148272,43.0
148320,131.0
148320,131.0
148480,130.0
148592,131.0
148672,130.0
148896,176.0
149184,64.0
149328,250.0
149328,130.0
149536,242.0
149984,93.0
150080,131.0
150208,117.0
150368,130.0
150576,123.0
150784,131.0
151008,131.0
151040,271.0
151296,131.0
151424,130.0
151648,131.0
151728,149.0
152240,131.0
152304,62.0
152352,131.0
152400,150.0
152448,129.0
152688,50.0
152752,63.0
152896,131.0
153120,131.0
153600,171.0
153760,131.0
154304,131.0
154416,130.0
154464,131.0
154480,135.0
154512,131.0
154560,131.0
154704,68.0
154800,131.0
154800,131.0
154864,131.0
155376,154.0
155584,131.0
155648,131.0
155696,61.0
155856,130.0
156576,130.0
156624,131.0
156640,61.0
156672,131.0
156976,79.0
157168,131.0
157264,174.0
157616,60.0
157696,131.0
157728,146.0
157792,50.0
158192,63.0
158304,242.0
158384,92.0
158496,130.0
158512,143.0
158656,174.0
158688,131.0
158736,131.0
158784,131.0
159168,60.0
159456,58.0
159488,68.0
159648,71.0
159680,150.0
159728,131.0
159808,131.0
159840,131.0
159888,130.0
160096,198.0
160288,69.0
160416,131.0
160704,131.0
160800,131.0
160848,131.0
161056,141.0
161552,130.0
161744,130.0
161776,130.0
161840,131.0
161872,126.0
161904,150.0
161920,131.0
161984,130.0
162512,130.0
162560,153.0
162816,131.0
162864,130.0
163168,131.0
163456,98.0
163584,66.0
163632,176.0
163664,131.0
163872,130.0
163952,131.0
164096,131.0
164112,147.0
164256,49.0
164672,131.0
164928,131.0
165056,131.0
165264,99.0
165744,131.0
165968,130.0
166064,131.0
166112,65.0
166704,62.0
166784,223.0
167088,131.0
167088,186.0
167376,131.0
167376,131.0
168080,131.0
168176,131.0
168224,175.0
168224,131.0
168480,131.0
168528,143.0
168608,131.0
168816,131.0
169024,139.0
169200,131.0
169328,131.0
169360,141.0
169488,131.0
169904,130.0
170192,131.0
170288,131.0
170320,153.0
170336,131.0
170592,131.0
171072,46.0
171120,48.0
171440,131.0
171584,41.0
171600,131.0
171664,66.0
171744,148.0
171888,149.0
172160,245.0
172288,130.0
172336,130.0
172752,131.0
173168,130.0
173184,63.0
173216,130.0
173360,63.0
173712,131.0
173760,93.0
174256,247.0
174864,131.0
174928,108.0
174944,131.0
175232,131.0
175248,61.0
175280,131.0
175328,131.0
175440,108.0
175472,131.0
175488,110.0
175888,131.0
175904,66.0
175968,131.0
176144,148.0
176288,130.0
177040,131.0
177056,131.0
177376,130.0
177440,131.0
177552,131.0
177584,131.0
177600,131.0
177632,149.0
178016,131.0
178080,131.0
178400,131.0
178976,86.0
179152,130.0
179168,145.0
179312,146.0
179472,131.0
179488,131.0
179552,131.0
179648,130.0
179664,128.0
179744,131.0
180112,131.0
180368,65.0
180480,57.0
180496,131.0
180592,69.0
181088,131.0
181264,131.0
181424,65.0
181584,68.0
181600,131.0
181872,138.0
182016,174.0
182032,178.0
182224,131.0
182240,71.0
182384,69.0
182592,131.0
182752,82.0
182768,135.0
183168,130.0
183696,131.0
183712,131.0
183808,64.0
183840,42.0
184144,131.0
184240,115.0
184304,151.0
184320,130.0
184352,108.0
184352,131.0
184672,49.0
184704,131.0
185808,131.0
186144,151.0
186240,131.0
186256,131.0
186288,152.0
186352,131.0
186464,131.0
186464,131.0
186720,150.0
187456,64.0
187488,130.0
187728,92.0
187920,131.0
188096,174.0
188208,273.0
188256,91.0
188400,131.0
188400,104.0
188576,131.0
188624,55.0
188640,44.0
188912,131.0
189232,131.0
189568,131.0
190128,175.0
190208,131.0
190608,146.0
190752,131.0
191104,146.0
191328,130.0
191344,130.0
191360,58.0
191712,131.0
191712,174.0
192016,40.0
192560,90.0
192656,152.0
192864,131.0
192960,107.0
192992,131.0
193008,212.0
193104,149.0
193440,131.0
193456,131.0
193584,131.0
194176,91.0
194224,156.0
194768,131.0
195072,131.0
195120,131.0
195248,66.0
195328,153.0
195536,130.0
196192,66.0
196224,60.0
196768,131.0
196928,208.0
197216,131.0
197552,130.0
197776,130.0
198208,142.0
198304,131.0
198336,131.0
198352,131.0
198512,66.0
198576,146.0
199008,43.0
199040,131.0
199136,98.0
199280,130.0
199328,131.0
199424,165.0
199856,146.0
200320,131.0
200528,154.0
200560,131.0
200688,131.0
200832,180.0
201120,131.0
201440,131.0
201536,131.0
201872,64.0
201984,131.0
202256,149.0
202464,63.0
202496,209.0
202672,131.0
202800,131.0
202848,60.0
202928,92.0
203488,130.0
203584,153.0
203648,131.0
203776,64.0
204064,97.0
204160,105.0
204176,131.0
204352,130.0
204624,63.0
204768,130.0
204944,184.0
205024,130.0
205152,60.0
205248,67.0
205440,50.0
205600,131.0
205696,131.0
205760,131.0
205760,131.0
206080,70.0
206128,68.0
206464,131.0
206640,381.0
206848,429.0
206880,131.0
207024,202.0
207072,131.0
207200,109.0
207632,154.0
207808,131.0
207872,131.0
207904,143.0
208192,131.0
208240,131.0
208288,131.0
208464,63.0
208576,131.0
208688,54.0
208736,130.0
209184,131.0
209248,62.0
209296,130.0
209360,145.0
209488,56.0
209968,130.0
210400,131.0
210800,128.0
210992,143.0
211280,130.0
211408,131.0
211456,130.0
211952,184.0
212016,142.0
212080,131.0
212112,131.0
212592,214.0
212800,149.0
212816,207.0
212912,131.0
213104,131.0
213152,70.0
213296,143.0
213472,131.0
213856,149.0
214016,68.0
214224,131.0
214528,131.0
214688,170.0
214928,131.0
215232,129.0
215344,139.0
215392,130.0
215584,131.0
215632,131.0
215824,233.0
215968,131.0
216336,131.0
216432,133.0
216624,130.0
217024,131.0
217040,131.0
217440,130.0
217504,131.0
217680,130.0
217936,131.0
218080,131.0
218464,234.0
218512,67.0
218640,56.0
218720,130.0
218928,131.0
219136,131.0
219136,131.0
219152,131.0
219264,49.0
219552,131.0
219616,131.0
219648,177.0
220048,131.0
220176,130.0
220544,131.0
220576,63.0
220608,130.0
220672,131.0
221248,131.0
221264,131.0
221376,131.0
221648,156.0
221712,68.0
221728,131.0
221760,131.0
221888,130.0
221904,131.0
222080,77.0
222272,130.0
222512,120.0
222624,129.0
222784,131.0
222864,99.0
223488,131.0
223760,131.0
223808,130.0
223824,130.0
224016,131.0
224192,131.0
224272,131.0
224384,131.0
224512,171.0
224704,114.0
224736,138.0
225232,130.0
225328,50.0
225872,131.0
225920,130.0
225920,131.0
226128,131.0
226176,131.0
226304,131.0
226704,131.0
226832,152.0
226848,133.0
226848,131.0
226848,131.0
226976,130.0
227344,131.0
227504,49.0
227920,66.0
228016,130.0
228272,130.0
228352,52.0
228944,131.0
228960,131.0
229248,131.0
229456,131.0
229648,130.0
229680,175.0
229984,64.0
230032,131.0
230144,131.0
230256,71.0
230384,131.0
230480,63.0
230688,62.0
231056,131.0
231344,148.0
231360,131.0
231760,131.0
232208,131.0
232256,131.0
232384,146.0
232480,130.0
232592,131.0
232624,130.0
232800,131.0
232960,100.0
233072,280.0
233152,130.0
233216,62.0
234368,131.0
234512,150.0
234560,67.0
234736,131.0
234784,106.0
234992,149.0
235248,130.0
235264,43.0
235616,62.0
235696,56.0
236064,131.0
236240,131.0
236432,131.0
236576,130.0
236720,146.0
236832,130.0
237360,131.0
237408,180.0
237648,302.0
237840,150.0
238000,131.0
238080,131.0
238176,131.0
238352,131.0
238800,131.0
238832,131.0
239312,230.0
239456,130.0
239456,100.0
239472,130.0
239520,131.0
239520,131.0
239808,101.0
240112,131.0
240336,95.0
240464,131.0
240608,70.0
240864,131.0
240928,130.0
241056,131.0
241552,130.0
241568,131.0
241712,57.0
242096,173.0
242192,70.0
242208,149.0
242288,41.0
242720,131.0
242720,72.0
242912,174.0
243680,131.0
243728,131.0
244208,131.0
244288,130.0
244400,131.0
244560,131.0
244832,131.0
245024,131.0
245152,131.0
245264,343.0
245408,131.0
245600,64.0
245744,329.0
245792,131.0
245824,130.0
246192,48.0
246400,131.0
246512,131.0
246720,131.0
247104,141.0
247248,130.0
247728,70.0
247856,131.0
247920,130.0
248304,131.0
248512,131.0
248544,64.0
248624,131.0
248832,131.0
248992,67.0
249360,131.0
249488,131.0
249584,64.0
249840,131.0
250048,131.0
250112,79.0
250224,147.0
250352,107.0
250416,131.0
251024,131.0
251616,230.0
251968,100.0
252064,191.0
252336,131.0
253136,131.0
253200,76.0
253696,130.0
253728,131.0
253792,130.0
254256,131.0
254256,131.0
254320,130.0
254448,131.0
254512,109.0
254608,158.0
254624,131.0
254784,178.0
255680,130.0
255776,61.0
255808,131.0
255824,130.0
256016,253.0
256128,50.0
256368,131.0
256368,131.0
256432,131.0
256496,50.0
256544,130.0
256704,130.0
256784,141.0
256880,46.0
256992,147.0
257328,55.0
257344,131.0
257392,63.0
257632,70.0
257888,131.0
257920,131.0
258000,130.0
258064,105.0
258224,130.0
258608,100.0
258976,130.0
259072,107.0
259568,83.0
259696,109.0
259744,146.0
259744,131.0
260000,131.0
260000,153.0
260016,130.0
260160,130.0
260240,131.0
260320,46.0
260608,253.0
260624,54.0
260784,173.0
261008,62.0
261184,131.0
261440,153.0
261552,131.0
261840,130.0
261840,65.0
262032,67.0
262112,131.0
262352,131.0
262432,131.0
262736,131.0
263536,130.0
263648,130.0
264224,131.0
264304,156.0
264464,131.0
264528,130.0
264704,230.0
264832,130.0
265216,131.0
265312,84.0
265552,59.0
265760,131.0
266048,64.0
266064,131.0
266224,62.0
266256,131.0
266400,130.0
266640,131.0
266688,70.0
266768,62.0
266928,149.0
266944,131.0
267664,131.0
267728,82.0
268160,130.0
268320,130.0
268752,131.0
269008,144.0
269344,149.0
269712,63.0
269744,276.0
269840,131.0
269936,100.0
270048,64.0
270128,63.0
270272,131.0
270464,177.0
270560,131.0
270736,42.0
270848,93.0
270880,131.0
270976,130.0
271200,152.0
271344,80.0
271376,108.0
272032,130.0
272176,145.0
272368,130.0
272624,66.0
272688,121.0
272960,131.0
272992,131.0
273072,130.0
273296,150.0
273712,67.0
274144,131.0
274352,131.0
274848,51.0
274960,93.0
275072,131.0
275088,45.0
275184,131.0
275408,131.0
275408,130.0
275472,154.0
275600,50.0
275824,131.0
276240,130.0
276352,129.0
276736,65.0
276960,131.0
277168,130.0
277184,130.0
277552,50.0
277584,131.0
277712,131.0
278192,147.0
278224,41.0
278352,131.0
278608,63.0
279280,131.0
279344,148.0
279360,131.0
279632,131.0
279680,151.0
280176,50.0
280336,131.0
280464,131.0
280720,131.0
281008,131.0
281136,130.0
281520,139.0
281568,68.0
281632,146.0
281744,131.0
281776,130.0
281904,283.0
281920,131.0
282160,171.0
282272,130.0
282448,131.0
282832,131.0
282880,84.0
283184,130.0
283232,130.0
283520,117.0
283680,131.0
283856,131.0
283888,131.0
284032,131.0
284048,53.0
284256,130.0
284288,146.0
284672,149.0
284704,174.0
284992,131.0
285200,130.0
285280,63.0
285328,130.0
285360,82.0
285968,131.0
285984,79.0
286304,150.0
286320,156.0
286400,131.0
286496,70.0
286688,157.0
287104,131.0
287312,131.0
287392,131.0
287440,131.0
287968,145.0
288080,131.0
288176,66.0
288416,130.0
288512,131.0
288704,45.0
288784,130.0
288896,131.0
289168,130.0
289488,66.0
289504,131.0
289552,131.0
289616,51.0
289664,146.0
290016,131.0
290240,245.0
290288,131.0
290864,131.0
291024,62.0
291040,145.0
291072,48.0
291248,197.0
291280,131.0
291536,50.0
291584,130.0
291616,131.0
291664,131.0
292352,239.0
292352,131.0
292800,130.0
293008,79.0
293120,64.0
293136,131.0
293344,130.0
293488,70.0
293728,131.0
293744,137.0
293776,131.0
293888,131.0
294448,43.0
294560,68.0
294736,100.0
294912,131.0
295040,50.0
295120,131.0
295440,130.0
295808,131.0
295840,131.0
295888,131.0
295952,131.0
296208,67.0
296512,208.0
296672,131.0
296832,130.0
297024,131.0
297680,158.0
297680,62.0
297888,131.0
297936,130.0
298064,131.0
298624,131.0
299056,177.0
299088,63.0
299136,131.0
299152,131.0
299472,98.0
299728,48.0
300048,131.0
300096,64.0
300160,42.0
300432,83.0
300736,131.0
300784,131.0
301040,209.0
301360,138.0
301760,150.0
301872,106.0
302096,131.0
302112,148.0
302160,131.0
302176,131.0
302288,93.0
302384,142.0
302848,131.0
302864,43.0
303280,131.0
303456,63.0
303472,131.0
303616,76.0
303776,208.0
303872,131.0
303984,131.0
304144,41.0
304288,131.0
304400,131.0
304592,148.0
304704,49.0
305392,155.0
305392,131.0
305472,82.0
305568,131.0
305728,131.0
305888,131.0
305920,106.0
306096,131.0
306752,63.0
306816,131.0
306896,62.0
307072,130.0
307504,131.0
307552,196.0
307584,131.0
307584,131.0
307680,131.0
307696,131.0
307840,67.0
308208,131.0
308496,130.0
308688,62.0
308992,130.0
309056,144.0
309184,131.0
309280,66.0
309616,131.0
309664,131.0
309680,130.0
309776,131.0
309808,131.0
309824,187.0
309952,131.0
310176,69.0
310512,94.0
310752,130.0
310768,130.0
310784,130.0
310896,149.0
311024,55.0
311776,131.0
311888,131.0
311920,131.0
312032,146.0
312064,131.0
312160,145.0
312608,130.0
312848,130.0
312880,130.0
313136,131.0
313536,209.0
313808,131.0
313872,106.0
314000,129.0
314128,131.0
314144,131.0
314176,131.0
314400,156.0
314960,131.0
314976,131.0
314992,131.0
315248,131.0
315360,147.0
315648,131.0
315920,131.0
315984,131.0
316048,66.0
316224,129.0
316512,131.0
317072,131.0
317088,131.0
317360,131.0
318016,58.0
318096,131.0
318144,130.0
318288,147.0
318336,131.0
318480,136.0
318560,152.0
318864,146.0
319264,43.0
319328,140.0
319376,232.0
319408,66.0
319760,149.0
320128,131.0
320320,106.0
320880,173.0
320976,131.0
321296,130.0
321440,184.0
321440,131.0
321824,348.0
322192,199.0
322240,131.0
322336,130.0
322432,131.0
323056,74.0
323088,131.0
323168,142.0
323408,131.0
323472,131.0
323520,67.0
323616,131.0
324208,172.0
324448,140.0
324640,131.0
325168,131.0
325248,48.0
325264,130.0
325264,130.0
325264,50.0
325376,142.0
325504,80.0
325584,131.0
325600,131.0
325632,130.0
326400,70.0
326464,131.0
326656,189.0
327056,131.0
327200,100.0
327280,131.0
327376,131.0
327664,149.0
328032,149.0
328064,43.0
328512,131.0
328576,131.0
328768,131.0
328800,205.0
328944,91.0
329392,131.0
329504,152.0
329664,71.0
329776,131.0
329792,150.0
329840,64.0
329856,131.0
329952,62.0
330144,131.0
330176,131.0
330304,131.0
330672,130.0
330880,131.0
331104,49.0
331584,43.0
331616,131.0
331776,131.0
331904,131.0
331952,149.0
332064,131.0
332208,44.0
332288,131.0
332288,151.0
332624,45.0
332720,152.0
332784,131.0
332944,44.0
332976,56.0
333888,131.0
333904,142.0
334016,131.0
334064,131.0
334400,131.0
334400,131.0
334816,130.0
334896,131.0
335584,149.0
335680,131.0
335808,131.0
335904,62.0
336000,131.0
336016,131.0
336352,45.0
336512,131.0
336512,131.0
336928,131.0
337008,131.0
337792,170.0
338112,131.0
338272,66.0
338432,131.0
338624,131.0
338624,131.0
338944,131.0
339120,131.0
339488,48.0
339792,130.0
339904,131.0
340064,58.0
340208,130.0
340240,131.0
340368,130.0
340464,66.0
340544,131.0
340736,131.0
340848,131.0
340976,146.0
341696,101.0
341952,55.0
342016,131.0
342480,131.0
342560,131.0
342576,131.0
342656,131.0
342784,47.0
343040,130.0
343216,131.0
343360,64.0
343536,159.0
343552,175.0
343808,131.0
343936,146.0
344064,131.0
344128,131.0
344576,130.0
344960,143.0
345072,131.0
345344,143.0
345648,131.0
345664,131.0
345904,130.0
346048,131.0
346048,176.0
346224,130.0
346592,157.0
346688,131.0
347056,130.0
347184,131.0
347184,176.0
347920,141.0
348048,53.0
348144,67.0
348160,131.0
348336,146.0
348416,171.0
348448,131.0
348528,83.0
348688,130.0
348800,131.0
348880,130.0
349008,67.0
349424,60.0
349536,130.0
350000,61.0
350256,131.0
350272,131.0
350608,152.0
350640,131.0
350800,131.0
351200,131.0
351968,82.0
352096,130.0
352352,130.0
352384,131.0
352528,130.0
353024,131.0
353056,152.0
353104,143.0
353328,130.0
353440,83.0
353600,66.0
354064,131.0
354096,61.0
354496,131.0
354512,66.0
354576,131.0
354896,267.0
355072,60.0
355168,131.0
355200,130.0
355424,131.0
355440,131.0
355760,131.0
355856,131.0
356176,131.0
356192,61.0
356688,131.0
356992,154.0
357056,100.0
357536,131.0
357808,130.0
357952,130.0
358288,131.0
358400,53.0
358528,131.0
358656,65.0
358720,131.0
358960,62.0
358976,142.0
359248,67.0
359504,49.0
360080,111.0
360160,93.0
360400,131.0
360416,131.0
360496,214.0
360832,131.0
360960,235.0
361008,154.0
361072,131.0
361360,131.0
361536,131.0
361536,159.0
361616,131.0
362272,131.0
362528,131.0
362576,131.0
362896,149.0
362976,131.0
363040,70.0
363120,131.0
363184,131.0
363312,146.0
363600,67.0
363696,134.0
363728,131.0
363760,149.0
363984,64.0
364096,65.0
364384,131.0
364640,131.0
365008,131.0
365280,130.0
365408,130.0
365616,60.0
365744,130.0
365872,131.0
365952,176.0
366096,50.0
366112,63.0
366496,131.0
366832,265.0
366864,131.0
367168,41.0
367200,131.0
367520,131.0
367680,91.0
367856,131.0
367904,45.0
368048,145.0
368208,131.0
368208,131.0
368368,209.0
368384,151.0
368688,51.0
369072,131.0
369136,57.0
369200,51.0
369296,151.0
369504,143.0
369552,131.0
369632,131.0
370144,153.0
370160,131.0
370288,148.0
370496,142.0
370496,131.0
371024,175.0
371392,152.0
371408,131.0
371744,131.0
371904,49.0
372160,184.0
372240,130.0
372400,131.0
372464,184.0
372608,131.0
372608,131.0
372784,85.0
373008,45.0
373120,130.0
373296,131.0
373856,131.0
374016,131.0
374240,153.0
374272,131.0
374320,63.0
374352,131.0
374368,109.0
374496,130.0
374656,49.0
374720,76.0
374896,131.0
375120,131.0
376112,130.0
376336,148.0
376352,131.0
376432,131.0
376592,131.0
376752,130.0
376960,148.0
376992,163.0
377008,131.0
377056,131.0
377456,66.0
377568,70.0
377568,131.0
377904,66.0
378416,143.0
378448,131.0
378464,131.0
378704,131.0
378704,131.0
378848,130.0
379056,130.0
379088,130.0
379616,173.0
380512,130.0
380560,131.0
380688,130.0
380720,68.0
380784,139.0
380816,131.0
381200,131.0
381216,40.0
381232,131.0
381664,68.0
381872,131.0
382416,99.0
382656,130.0
382784,130.0
382784,69.0
382896,131.0
383024,131.0
383136,144.0
383200,131.0
383312,131.0
383328,131.0
383344,131.0
383360,131.0
383904,131.0
383936,64.0
383984,131.0
384064,45.0
384704,130.0
384880,130.0
384880,130.0
384912,106.0
385248,131.0
385376,169.0
385424,131.0
385440,130.0
385472,131.0
385488,153.0
385504,49.0
385904,63.0
386016,131.0
386096,131.0
386112,66.0
386160,130.0
386640,70.0
387200,68.0
387392,156.0
387472,130.0
387584,131.0
388016,131.0
388160,131.0
388384,141.0
388752,131.0
388816,131.0
388848,176.0
389168,131.0
389504,131.0
389648,131.0
390160,68.0
390256,166.0
390272,131.0
390544,55.0
390560,158.0
390624,147.0
390960,131.0
391408,131.0
391408,165.0
391456,80.0
391680,131.0
391696,131.0
392000,176.0
392672,131.0
393008,63.0
393392,172.0
393504,130.0
393504,130.0
393712,61.0
393776,130.0
394240,131.0
394384,106.0
394464,130.0
394592,67.0
394768,131.0
395616,131.0
395808,130.0
395888,131.0
396208,130.0
396496,131.0
396704,131.0
397248,152.0
397360,147.0
397536,131.0
397616,131.0
397808,208.0
397920,131.0
398000,131.0
398304,130.0
398352,131.0
398608,131.0
398992,131.0
399152,131.0
399328,131.0
399488,241.0
399920,131.0
400096,130.0
400256,145.0
400288,58.0
401104,131.0
401600,131.0
401824,130.0
401840,156.0
402032,131.0
402144,131.0
402208,47.0
402368,131.0
402416,237.0
402544,312.0
402864,149.0
402928,48.0
403280,63.0
403360,130.0
403408,85.0
403584,131.0
403936,131.0
403984,148.0
404480,131.0
404528,144.0
404624,270.0
404640,131.0
404944,149.0
405328,131.0
405472,131.0
405696,131.0
406032,67.0
406048,131.0
406288,55.0
406432,152.0
406624,131.0
406736,130.0
407056,151.0
407072,130.0
407344,131.0
407376,213.0
408144,131.0
408208,70.0
408544,131.0
408704,131.0
408736,131.0
408832,86.0
409456,131.0
409488,131.0
409616,66.0
409696,53.0
409760,63.0
410480,145.0
410640,131.0
410704,62.0
410832,130.0
410928,131.0
410960,131.0
411504,63.0
411568,131.0
411680,52.0
411712,130.0
411792,154.0
412720,154.0
412752,131.0
412912,131.0
413056,130.0
413616,131.0
413776,130.0
413856,131.0
413936,147.0
413968,130.0
414416,131.0
414576,568.0
414816,130.0
414928,131.0
415296,140.0
415344,221.0
415712,130.0
415952,130.0
416048,143.0
416048,131.0
416080,131.0
416208,151.0
416512,130.0
416704,61.0
416816,130.0
416976,149.0
417008,59.0
417040,131.0
417152,68.0
418192,131.0
418448,155.0
418624,131.0
419088,131.0
419120,131.0
419152,131.0
419232,64.0
419280,131.0
419632,154.0
419760,131.0
419776,44.0
419936,62.0
420144,56.0
420448,131.0
420560,131.0
420848,138.0
420928,131.0
420944,49.0
421056,131.0
421088,71.0
421184,130.0
421232,131.0
421264,131.0
421632,146.0
421744,131.0
421760,51.0
421872,131.0
421888,131.0
422288,65.0
423008,85.0
423152,130.0
423360,315.0
423856,131.0
423872,131.0
423968,130.0
424000,131.0
424192,142.0
424400,131.0
424560,256.0
425072,66.0
425104,130.0
425168,131.0
425264,131.0
425296,130.0
425456,130.0
425472,131.0
425952,129.0
425968,131.0
426080,131.0
426176,130.0
426256,61.0
426864,109.0
427168,130.0
427280,131.0
427392,130.0
427488,130.0
427568,130.0
428320,147.0
428416,131.0
428576,62.0
428592,131.0
428768,130.0
428896,175.0
428976,131.0
429280,131.0
429296,131.0
429376,130.0
429504,131.0
430016,64.0
430032,153.0
430240,134.0
430272,149.0
430320,63.0
430432,131.0
430480,131.0
430528,131.0
430688,131.0
430880,131.0
431152,69.0
431392,131.0
431488,131.0
431776,55.0
431808,131.0
431872,73.0
431968,153.0
432128,131.0
432352,131.0
432368,130.0
432432,131.0
432592,131.0
432800,147.0
432816,69.0
433264,131.0
433376,131.0
433504,131.0
433856,78.0
433888,131.0
433904,130.0
434240,131.0
434448,130.0
434544,131.0
434720,130.0
434768,180.0
435264,152.0
435360,69.0
435456,45.0
435616,131.0
435840,84.0
435968,131.0
436000,130.0
436272,148.0
436320,65.0
436560,131.0
436864,130.0
437056,65.0
437424,58.0
437424,68.0
437600,131.0
437728,131.0
438176,131.0
438384,131.0
438560,67.0
438752,131.0
438928,184.0
439072,93.0
439168,131.0
439184,163.0
439376,69.0
439536,131.0
439552,54.0
439840,131.0
439840,185.0
440272,131.0
440288,131.0
440432,65.0
440496,131.0
440784,272.0
441040,131.0
441168,130.0
441984,174.0
442240,149.0
442272,151.0
442384,131.0
442544,131.0
442608,131.0
442704,150.0
442720,131.0
442880,130.0
442912,140.0
443280,131.0
443376,130.0
443760,64.0
444096,131.0
444384,131.0
444640,130.0
444720,131.0
444768,100.0
444816,131.0
445152,131.0
445376,130.0
445392,131.0
445472,67.0
445488,131.0
445712,58.0
445856,130.0
445888,131.0
446112,131.0
446160,47.0
446304,92.0
446512,49.0
446528,151.0
446752,131.0
446816,43.0
447520,147.0
447520,155.0
447600,131.0
447968,131.0
448032,93.0
448272,131.0
448624,131.0
448848,130.0
448912,130.0
448944,131.0
449056,130.0
449216,131.0
449392,84.0
449616,130.0
449712,131.0
450032,69.0
450048,152.0
450080,63.0
450288,131.0
450384,131.0
450944,130.0
451472,148.0
451488,130.0
451584,147.0
451728,131.0
451808,130.0
451952,154.0
452016,107.0
452128,130.0
452192,131.0
452768,196.0
452832,130.0
453984,149.0
454048,130.0
454080,161.0
454160,48.0
454224,131.0
454240,131.0
454800,49.0
454880,131.0
454944,131.0
455120,316.0
455328,67.0
455424,85.0
455488,151.0
455680,131.0
455696,218.0
456032,131.0
456096,131.0
456272,131.0
456528,152.0
456672,43.0
456864,130.0
456912,131.0
457040,130.0
457216,130.0
457440,131.0
457808,131.0
457888,111.0
457936,140.0
458336,131.0
458384,131.0
458784,131.0
459024,131.0
459152,131.0
459328,131.0
459552,131.0
460048,131.0
460080,65.0
460480,130.0
460896,131.0
461248,130.0
461440,131.0
461584,131.0
461648,130.0
461744,49.0
461760,131.0
462160,131.0
462224,131.0
462272,42.0
462336,131.0
462464,50.0
462480,98.0
462528,152.0
462544,131.0
462816,131.0
462912,151.0
462992,51.0
463232,66.0
463360,131.0
463472,131.0
464384,131.0
464576,176.0
464592,131.0
464816,154.0
464928,131.0
465024,131.0
465088,130.0
465344,62.0
465344,131.0
465392,131.0
465472,187.0
465744,200.0
465760,149.0
466240,147.0
466320,177.0
466912,145.0
466928,131.0
467136,55.0
467136,131.0
467200,131.0
467456,131.0
467456,131.0
467472,129.0
467536,517.0
467872,131.0
467872,149.0
468592,131.0
468672,146.0
468800,130.0
469120,130.0
469296,148.0
469312,131.0
469376,119.0
469552,130.0
469568,151.0
469584,131.0
469712,173.0
469952,130.0
469984,131.0
469984,131.0
470080,92.0
470112,49.0
470336,48.0
470704,69.0
471232,131.0
471408,131.0
471824,131.0
472368,148.0
472432,130.0
472512,63.0
472576,93.0
472752,130.0
473024,131.0
473328,130.0
473520,131.0
473552,172.0
473664,143.0
473920,131.0
473936,248.0
473936,131.0
474064,191.0
474480,131.0
474864,131.0
474880,152.0
474992,65.0
475776,131.0
476032,131.0
476048,131.0
476368,131.0
476400,131.0
476784,131.0
476944,149.0
476976,146.0
477264,149.0
477312,131.0
477536,130.0
477888,131.0
478144,275.0
478144,131.0
478512,131.0
478688,144.0
478768,93.0
478896,131.0
478976,67.0
479056,131.0
479088,131.0
479104,131.0
479504,130.0
479648,131.0
480176,151.0
480256,131.0
480528,246.0
480560,150.0
480608,68.0
480784,130.0
480864,130.0
481008,131.0
481088,131.0
481824,59.0
481856,131.0
481888,49.0
482288,131.0
482368,131.0
482528,142.0
482672,131.0
482672,133.0
482896,131.0
482976,131.0
483072,128.0
483296,131.0
483424,175.0
483904,155.0
484000,131.0
484128,147.0
484208,148.0
484224,147.0
484480,131.0
484784,131.0
485008,131.0
485152,154.0
485184,131.0
485232,140.0
485408,131.0
485872,86.0
486016,131.0
486112,131.0
486128,55.0
486240,131.0
486304,130.0
486320,130.0
486368,55.0
487120,145.0
487120,131.0
487296,131.0
487344,136.0
487520,131.0
487648,131.0
488224,131.0
488416,131.0
489136,44.0
489136,92.0
489280,181.0
489392,210.0
489504,130.0
489936,150.0
490192,95.0
490336,131.0
491152,131.0
491248,131.0
491248,131.0
491328,142.0
491328,131.0
491504,131.0
491648,130.0
492336,67.0
492704,213.0
492720,157.0
492960,163.0
493072,131.0
493264,131.0
493280,307.0
493344,66.0
493440,131.0
493632,274.0
493680,55.0
493696,147.0
493904,149.0
494432,44.0
494448,62.0
494800,55.0
495392,131.0
495456,131.0
495520,152.0
495728,131.0
495744,131.0
495808,131.0
495904,290.0
496128,152.0
496544,131.0
496720,61.0
496896,131.0
496912,131.0
496944,131.0
497168,131.0
497424,43.0
497472,131.0
497568,131.0
497600,65.0
497632,131.0
498016,131.0
498208,45.0
498240,131.0
498336,131.0
499008,131.0
499024,131.0
499056,131.0
499520,130.0
499648,154.0
499696,131.0
499712,131.0
499728,130.0
500304,153.0
500320,131.0
500352,131.0
500496,41.0
500736,62.0
500736,64.0
500784,152.0
501120,130.0
501168,131.0
501312,50.0
501504,152.0
501632,131.0
502432,131.0
502480,146.0
502528,63.0
503216,130.0
503232,155.0
503232,131.0
503408,234.0
503536,69.0
503744,131.0
504208,144.0
504496,66.0
504592,131.0
504640,131.0
504768,145.0
504960,131.0
505344,131.0
505520,131.0
505520,63.0
505856,131.0
506144,131.0
506272,409.0
506320,173.0
506400,86.0
506688,130.0
506688,131.0
506880,131.0
507056,130.0
507440,130.0
507632,131.0
507632,131.0
508080,154.0
508384,131.0
508432,131.0
508544,270.0
508832,130.0
509168,131.0
509456,158.0
509504,175.0
509552,131.0
510032,92.0
510064,131.0
510480,130.0
510544,49.0
510592,70.0
510768,195.0
510944,131.0
511104,131.0
511296,174.0
511360,50.0
511536,131.0
511616,131.0
511664,131.0
512144,131.0
512448,51.0
512592,131.0
512624,131.0
512864,174.0
512864,130.0
513024,130.0
513024,131.0
513040,130.0
513216,131.0
513392,131.0
513616,46.0
513648,131.0
513760,131.0
514064,149.0
514256,131.0
514432,41.0
514688,130.0
514928,143.0
515104,64.0
515136,131.0
515184,131.0
515360,155.0
515504,153.0
515584,131.0
515728,131.0
515744,146.0
515760,131.0
516352,130.0
516512,62.0
516544,131.0
516720,134.0
516752,61.0
516800,131.0
516816,67.0
517040,131.0
517200,130.0
517296,131.0
517296,58.0
517472,131.0
517504,131.0
517664,131.0
517744,61.0
517856,169.0
518208,153.0
518560,65.0
518624,131.0
518640,130.0
518672,62.0
518944,67.0
519152,131.0
519392,130.0
519568,130.0
519680,45.0
520032,200.0
520320,131.0
520320,104.0
520672,131.0
520720,130.0
520784,131.0
520848,50.0
521296,130.0
521424,131.0
521488,43.0
521520,131.0
521680,131.0
521792,131.0
522416,130.0
522432,131.0
522528,62.0
523376,131.0
523536,44.0
523536,131.0
523600,131.0
523616,131.0
523632,131.0
523696,46.0
523792,131.0
524272,55.0
524528,131.0
524816,69.0
524944,42.0
525008,178.0
525232,174.0
525504,130.0
525648,131.0
525648,131.0
525696,130.0
525728,131.0
525744,131.0
525904,131.0
526624,130.0
526752,131.0
526992,131.0
527056,131.0
527120,131.0
527232,150.0
527344,131.0
527488,52.0
527808,131.0
527856,131.0
528016,131.0
528112,153.0
528736,131.0
528864,131.0
529456,131.0
529600,131.0
529712,130.0
529872,131.0
529904,130.0
530144,130.0
530336,68.0
530544,151.0
530704,178.0
530848,131.0
530928,154.0
531168,143.0
531392,94.0
531536,131.0
531536,61.0
531552,130.0
531968,64.0
532000,130.0
532032,144.0
532080,131.0
532224,130.0
532240,130.0
532432,130.0
532464,131.0
532784,50.0
532800,130.0
532880,92.0
533136,55.0
533184,145.0
533184,68.0
533264,130.0
533344,69.0
533648,131.0
533888,146.0
533984,44.0
534272,79.0
534576,131.0
534816,131.0
534848,103.0
534896,131.0
534912,154.0
534976,130.0
535232,130.0
535440,130.0
535952,143.0
536096,131.0
536176,142.0
536272,61.0
536384,131.0
536688,131.0
536928,131.0
536960,131.0
536976,63.0
537200,68.0
537344,131.0
537360,131.0
537856,130.0
538032,161.0
538096,55.0
538144,48.0
538224,246.0
538384,131.0
538480,130.0
538624,151.0
538992,143.0
539072,131.0
539136,131.0
539456,157.0
539456,131.0
540208,131.0
540224,71.0
540240,130.0
540336,131.0
540464,62.0
540480,130.0
540720,130.0
541104,131.0
541168,130.0
541232,271.0
541248,131.0
541568,131.0
542064,130.0
542320,178.0
542336,131.0
542352,131.0
542448,131.0
542576,131.0
542592,131.0
542832,131.0
543216,131.0
543280,131.0
543344,131.0
543360,131.0
543680,131.0
544176,131.0
544352,131.0
544368,67.0
544432,131.0
544560,131.0
544656,144.0
544672,130.0
544688,130.0
545440,174.0
545456,131.0
545776,130.0
546448,130.0
546480,131.0
546672,131.0
546752,130.0
546784,131.0
546816,52.0
546912,131.0
547568,131.0
547776,61.0
547808,78.0
547888,131.0
548544,130.0
548624,131.0
548672,130.0
548768,205.0
548864,131.0
549312,93.0
549680,131.0
549744,50.0
550656,131.0
550656,131.0
550784,131.0
550784,68.0
550976,131.0
551056,151.0
551168,131.0
551760,143.0
551856,131.0
552112,131.0
552336,152.0
552736,191.0
552752,130.0
552752,130.0
552848,68.0
553088,131.0
553104,270.0
553168,131.0
553456,142.0
553664,131.0
553808,43.0
554224,131.0
554240,65.0
554752,150.0
554864,131.0
554864,131.0
554944,130.0
555504,127.0
555568,131.0
555744,55.0
555920,131.0
555968,131.0
556352,131.0
556976,131.0
557056,131.0
557360,131.0
557856,131.0
558032,131.0
558432,51.0
559088,131.0
559120,141.0
559168,131.0
559216,66.0
559440,129.0
559936,52.0
559968,131.0
560032,146.0
560032,131.0
560112,61.0
560192,131.0
560544,131.0
561328,131.0
561392,143.0
561552,150.0
561888,152.0
561888,108.0
562048,131.0
562112,149.0
562144,131.0
562208,130.0
562320,131.0
562656,131.0
563040,131.0
563168,293.0
563200,65.0
563440,131.0
563504,131.0
563904,61.0
564192,131.0
564416,131.0
564416,130.0
564816,172.0
564992,96.0
565280,131.0
565312,131.0
565616,131.0
565712,80.0
565776,242.0
566016,131.0
566048,187.0
566304,131.0
566432,131.0
566512,130.0
566672,319.0
566912,130.0
567120,68.0
567936,79.0
568112,76.0
568160,131.0
568608,130.0
568784,131.0
568960,131.0
569488,130.0
569888,68.0
570048,131.0
570224,131.0
570720,131.0
570960,130.0
571040,425.0
571424,131.0
571600,131.0
571776,65.0
572288,257.0
572320,130.0
572336,131.0
572368,144.0
572464,93.0
572480,150.0
572752,131.0
573168,131.0
573344,62.0
573424,146.0
573536,131.0
573712,131.0
573744,130.0
573760,62.0
573952,141.0
574224,54.0
574416,130.0
574560,130.0
574592,131.0
574640,130.0
574640,68.0
575280,131.0
575408,130.0
576000,131.0
576320,64.0
576336,131.0
576672,131.0
576752,131.0
576944,146.0
577872,130.0
578112,131.0
578176,131.0
578272,149.0
578384,93.0
578432,131.0
578448,131.0
578640,131.0
578784,131.0
578864,131.0
578864,131.0
578992,130.0
579056,131.0
579424,61.0
579504,65.0
579616,131.0
579872,92.0
580096,64.0
580224,131.0
580272,92.0
580384,131.0
580736,130.0
581104,131.0
581440,131.0
581520,130.0
581600,130.0
581728,131.0
581904,131.0
581984,131.0
582000,63.0
582208,131.0
582240,44.0
582368,130.0
582496,131.0
582512,157.0
582656,148.0
582848,131.0
583088,131.0
583200,130.0
583456,67.0
583520,63.0
583552,131.0
583840,131.0
583904,143.0
584080,130.0
584112,131.0
584352,131.0
584544,63.0
584624,131.0
584960,131.0
585216,187.0
585424,66.0
585664,131.0
585952,131.0
586256,131.0
586368,131.0
586640,130.0
586736,131.0
587056,130.0
587056,65.0
587280,131.0
587312,130.0
587536,131.0
587744,131.0
588064,131.0
588176,69.0
588624,322.0
588752,131.0
588848,131.0
589392,129.0
589648,131.0
589888,131.0
590176,131.0
590720,130.0
590800,244.0
590864,131.0
590960,66.0
590976,174.0
591072,131.0
591344,131.0
591488,131.0
591568,149.0
591936,192.0
591952,131.0
592288,131.0
592288,131.0
592720,102.0
592912,131.0
593040,237.0
593088,131.0
593136,150.0
593456,131.0
593760,147.0
593904,150.0
594016,64.0
594272,156.0
594400,131.0
594400,131.0
594528,47.0
594832,131.0
594944,55.0
595152,131.0
595168,130.0
595216,42.0
595232,130.0
595360,141.0
595456,65.0
595568,131.0
595920,46.0
596128,131.0
596368,130.0
596512,131.0
596624,104.0
596944,131.0
597168,61.0
597328,130.0
597568,65.0
597904,131.0
598016,130.0
598064,131.0
598688,62.0
598720,130.0
599056,131.0
599280,131.0
599424,131.0
599472,48.0
599712,208.0
599776,65.0
600528,131.0
600880,130.0
601168,131.0
601328,96.0
601584,131.0
601760,145.0
601776,131.0
601856,131.0
602192,131.0
602224,130.0
602432,130.0
602624,130.0
602752,60.0
602800,64.0
602848,131.0
602992,131.0
603280,131.0
603440,131.0
603696,131.0
603840,228.0
604208,146.0
604304,131.0
604368,85.0
604544,131.0
604704,62.0
604736,131.0
604960,131.0
605376,130.0
605552,131.0
605840,131.0
605936,130.0
606032,66.0
606304,131.0
606320,131.0
606448,131.0
606816,131.0
606848,131.0
606880,64.0
606976,131.0
607200,48.0
607584,149.0
607664,131.0
607904,43.0
608048,131.0
608224,240.0
608416,131.0
608656,145.0
608752,130.0
608912,131.0
608912,130.0
608960,131.0
608992,184.0
609088,131.0
609760,130.0
609824,174.0
609984,149.0
610016,131.0
610160,131.0
610336,131.0
610416,93.0
610528,131.0
610768,131.0
610864,131.0
611072,134.0
611072,131.0
611088,130.0
611104,131.0
611792,44.0
611856,130.0
611920,130.0
612128,131.0
612448,131.0
612528,131.0
612784,131.0
612864,130.0
612944,63.0
613184,131.0
613184,131.0
613200,131.0
613200,130.0
613264,149.0
613552,146.0
613952,130.0
614224,151.0
614224,130.0
614560,131.0
614752,131.0
614976,131.0
615056,131.0
615104,144.0
615296,66.0
615296,66.0
615296,131.0
615312,131.0
615664,154.0
616064,131.0
616416,131.0
616672,131.0
617088,131.0
617152,149.0
617200,130.0
617328,141.0
617408,131.0
617424,131.0
617712,150.0
618048,130.0
618112,175.0
618176,131.0
618384,65.0
618528,131.0
618688,130.0
618768,130.0
618880,43.0
619088,103.0
619200,131.0
619312,131.0
619504,130.0
620160,131.0
620208,155.0
620224,284.0
620240,192.0
620480,130.0
620768,129.0
620832,128.0
620848,144.0
620976,131.0
620992,131.0
621200,131.0
621232,46.0
621312,131.0
621424,131.0
621632,131.0
622320,130.0
622352,131.0
622592,151.0
622960,131.0
623024,43.0
623152,144.0
623472,154.0
623744,131.0
624784,65.0
624976,131.0
624976,148.0
625072,131.0
625136,131.0
625152,128.0
625248,130.0
625536,131.0
625584,131.0
625648,131.0
625664,42.0
625680,341.0
626272,69.0
626912,132.0
627216,133.0
627248,131.0
627296,144.0
627344,66.0
627360,131.0
627504,131.0
627520,131.0
627632,130.0
627776,131.0
627792,131.0
627840,61.0
627872,213.0
627952,131.0
629360,131.0
629408,131.0
629440,130.0
629472,131.0
629616,131.0
629872,131.0
629952,131.0
629984,131.0
630000,147.0
630016,138.0
630064,64.0
630080,148.0
630880,131.0
630944,66.0
631088,70.0
631376,93.0
631472,131.0
631520,131.0
631552,131.0
631568,130.0
631584,130.0
631728,131.0
631856,111.0
632128,131.0
632624,66.0
633024,96.0
633056,131.0
633200,131.0
633264,131.0
633632,131.0
633680,131.0
633696,131.0
633824,130.0
633840,153.0
633968,131.0
634224,131.0
634304,131.0
634992,42.0
635280,66.0
635520,144.0
635808,131.0
636320,154.0
636336,131.0
637104,131.0
637280,131.0
637504,130.0
638176,79.0
638192,149.0
638224,150.0
638400,194.0
638448,131.0
638464,130.0
639008,49.0
639216,131.0
639392,131.0
639600,130.0
639744,131.0
639760,349.0
640160,131.0
640320,130.0
640544,49.0
640544,130.0
640576,131.0
640672,155.0
640784,86.0
641120,131.0
641360,65.0
641584,64.0
641776,508.0
641872,131.0
642432,131.0
642608,128.0
642656,131.0
642672,130.0
642704,61.0
642896,131.0
643216,130.0
643440,131.0
643472,131.0
643808,131.0
643888,131.0
643936,146.0
644384,131.0
644704,130.0
644896,131.0
644928,131.0
645232,174.0
645408,63.0
645552,131.0
645584,131.0
645616,149.0
645936,64.0
645968,65.0
646448,64.0
646624,66.0
646816,131.0
646880,131.0
647264,146.0
647520,66.0
647696,131.0
647712,130.0
647808,249.0
647952,48.0
648048,131.0
648160,64.0
648736,131.0
648928,47.0
649024,131.0
649232,79.0
649248,138.0
649360,130.0
649824,131.0
649968,131.0
650160,49.0
650448,74.0
650528,131.0
650848,174.0
650928,131.0
651024,130.0
651104,147.0
651136,131.0
651328,130.0
651552,295.0
651744,131.0
652272,131.0
652288,130.0
652560,131.0
652640,131.0
653088,50.0
653136,131.0
653440,131.0
653520,130.0
653536,149.0
653856,131.0
654000,131.0
654016,65.0
654048,131.0
654656,69.0
654672,131.0
654880,63.0
655152,131.0
655184,130.0
655536,149.0
655712,63.0
656128,131.0
656160,131.0
656688,93.0
656880,264.0
656992,131.0
657200,157.0
657264,131.0
657344,130.0
657792,154.0
658224,130.0
658400,152.0
659168,149.0
659232,191.0
659440,130.0
660064,55.0
660320,130.0
660320,130.0
660512,131.0
661088,130.0
661152,66.0
661600,147.0
661712,149.0
661872,155.0
662000,131.0
662016,57.0
662160,130.0
662384,131.0
662624,131.0
662720,149.0
662736,150.0
662800,67.0
663024,131.0
663248,130.0
663776,64.0
663984,131.0
664096,130.0
664128,131.0
664272,91.0
664272,131.0
664496,131.0
664768,48.0
664816,131.0
664848,131.0
665120,130.0
665248,71.0
665360,131.0
665680,184.0
665856,67.0
665872,130.0
665936,69.0
666240,131.0
666384,131.0
666464,131.0
666496,50.0
666512,157.0
666592,130.0
666608,131.0
667072,131.0
667232,131.0
667312,153.0
667424,62.0
667440,98.0
668032,130.0
668448,199.0
668496,131.0
668544,69.0
668608,131.0
668688,130.0
668960,146.0
669040,62.0
669440,147.0
669552,131.0
669616,145.0
669744,156.0
670112,66.0
670448,130.0
670544,130.0
670608,131.0
670944,67.0
671072,131.0
671120,62.0
671552,131.0
671664,131.0
671856,131.0
672656,131.0
672688,130.0
672720,131.0
672752,131.0
672784,145.0
673168,130.0
673232,131.0
673664,131.0
673856,130.0
674304,66.0
674480,234.0
674560,131.0
674768,131.0
674896,131.0
675072,131.0
675280,131.0
675504,141.0
675760,130.0
675856,131.0
675968,131.0
676384,129.0
676672,131.0
676912,131.0
676912,130.0
677184,131.0
677216,152.0
677264,149.0
677664,79.0
678144,70.0
678784,131.0
678800,137.0
679184,141.0
679296,131.0
679376,131.0
679456,131.0
679936,131.0
680128,51.0
680160,130.0
680240,130.0
680368,149.0
680896,131.0
680912,131.0
681120,130.0
681136,62.0
681296,129.0
681296,131.0
681536,109.0
681568,131.0
681600,131.0
682048,131.0
682096,131.0
682304,128.0
682480,131.0
682512,146.0
683008,130.0
683232,131.0
683232,145.0
683248,131.0
683680,148.0
683712,131.0
684208,131.0
684400,130.0
684416,177.0
684592,131.0
685632,131.0
685712,131.0
685776,130.0
685808,130.0
686016,130.0
686144,131.0
686272,131.0
686320,131.0
686400,131.0
686496,130.0
686512,131.0
686704,131.0
687152,94.0
687456,131.0
687824,131.0
687872,130.0
687904,130.0
688368,130.0
688496,154.0
688512,131.0
688608,131.0
688624,131.0
688624,131.0
688640,205.0
688800,130.0
689104,147.0
689136,78.0
689808,62.0
689856,75.0
689920,130.0
689920,172.0
689984,239.0
690528,130.0
690608,131.0
690720,131.0
690736,131.0
690736,131.0
690912,61.0
691024,64.0
691200,130.0
691248,131.0
691680,131.0
691792,65.0
691920,131.0
691968,131.0
692512,147.0
692592,131.0
692832,131.0
692928,149.0
692960,51.0
693008,130.0
693344,130.0
693904,131.0
694016,130.0
694064,148.0
694080,131.0
694704,131.0
694960,131.0
695040,131.0
695072,131.0
695120,131.0
695136,131.0
695136,245.0
695248,131.0
696128,131.0
696192,131.0
696352,142.0
696704,98.0
696816,131.0
696992,147.0
697008,131.0
697072,131.0
697152,131.0
697168,130.0
697248,131.0
697248,131.0
697456,144.0
697968,60.0
698032,292.0
698128,131.0
698240,131.0
698256,68.0
698304,131.0
698464,131.0
699360,131.0
699360,131.0
699568,131.0
700096,42.0
700144,131.0
700240,131.0
700544,143.0
700576,131.0
701040,131.0
701168,152.0
701232,131.0
701424,271.0
701472,131.0
701472,131.0
701680,131.0
701888,130.0
702208,131.0
702256,131.0
702336,80.0
702352,131.0
702464,117.0
702480,131.0
702608,129.0
702912,40.0
702928,131.0
702992,152.0
703536,131.0
703648,154.0
703792,131.0
704000,131.0
704320,131.0
704432,184.0
704464,131.0
704512,204.0
704576,131.0
704704,130.0
705024,131.0
705040,131.0
705104,131.0
705392,66.0
705472,131.0
705648,131.0
705904,131.0
706112,131.0
706384,83.0
706528,130.0
706576,131.0
706672,130.0
706704,131.0
707424,110.0
707488,130.0
707632,62.0
707872,131.0
708224,131.0
708256,146.0
708480,130.0
708496,131.0
708560,66.0
708640,131.0
708688,131.0
708784,131.0
708912,131.0
709168,80.0
709296,68.0
709744,131.0
710288,150.0
710336,131.0
710592,130.0
710592,131.0
710672,131.0
710752,131.0
710800,131.0
710912,131.0
711264,130.0
711408,131.0
711840,92.0
711920,148.0
712400,131.0
712496,67.0
712528,42.0
712704,131.0
712704,131.0
712784,131.0
712896,130.0
713024,131.0
713728,58.0
713904,64.0
713936,130.0
714032,131.0
714112,131.0
714496,130.0
714608,131.0
714704,131.0
714816,131.0
714992,65.0
715232,247.0
716128,130.0
716160,130.0
716304,72.0
716592,130.0
716656,131.0
716704,130.0
716816,131.0
716928,131.0
717168,146.0
717344,131.0
717488,130.0
717920,130.0
718272,131.0
718336,131.0
718416,131.0
718448,144.0
718704,131.0
718816,131.0
718848,131.0
718912,130.0
718960,130.0
719024,130.0
719456,131.0
719488,176.0
719888,100.0
720032,131.0
720096,70.0
720272,130.0
720288,78.0
720528,131.0
720560,131.0
720928,64.0
720928,131.0
721024,131.0
721040,241.0
721184,145.0
721568,131.0
722208,131.0
722464,151.0
722560,131.0
722640,131.0
722672,149.0
723040,131.0
723136,131.0
723296,131.0
723392,153.0
723664,154.0
723680,148.0
723680,131.0
724304,130.0
724576,131.0
724672,131.0
724768,130.0
724960,144.0
725024,146.0
725152,131.0
725264,154.0
725488,44.0
725504,131.0
725792,131.0
726688,131.0
726880,131.0
727360,131.0
727600,131.0
727616,61.0
727840,175.0
727920,131.0
728064,131.0
728624,64.0
728944,131.0
728992,131.0
729680,144.0
729728,131.0
729856,111.0
730032,131.0
730208,131.0
730720,130.0
730816,67.0
730912,131.0
731056,131.0
731072,64.0
731088,130.0
731248,147.0
731776,44.0
731792,131.0
731968,131.0
732064,131.0
732112,86.0
732112,130.0
732320,131.0
732432,131.0
732608,84.0
732992,41.0
733024,131.0
733184,131.0
733184,66.0
733200,131.0
733200,148.0
733888,131.0
734080,131.0
734176,131.0
734208,130.0
734208,131.0
734224,131.0
734720,131.0
734848,103.0
735136,131.0
735296,131.0
735296,130.0
735312,131.0
735312,131.0
735680,70.0
736016,131.0
736304,130.0
736336,131.0
736544,69.0
736800,93.0
736960,131.0
737072,146.0
737072,45.0
737088,67.0
737168,186.0
737312,131.0
737392,129.0
737408,131.0
737792,131.0
738128,131.0
738384,66.0
738640,130.0
738704,149.0
738816,155.0
738912,131.0
739056,130.0
739184,130.0
739264,130.0
739488,130.0
739760,131.0
740480,130.0
740576,64.0
740752,131.0
740928,131.0
741024,131.0
741168,131.0
741280,130.0
741312,44.0
741376,131.0
741600,130.0
741952,152.0
742352,131.0
742592,131.0
742688,131.0
743040,131.0
743376,130.0
743408,131.0
743712,131.0
743728,131.0
743904,131.0
743984,58.0
744208,67.0
744448,72.0
744464,131.0
744704,131.0
744752,52.0
744784,130.0
744928,94.0
745264,131.0
745600,131.0
745840,131.0
746096,131.0
746320,131.0
746400,49.0
746480,131.0
746560,131.0
746896,131.0
746928,153.0
747040,131.0
747088,61.0
747680,150.0
747888,131.0
748016,71.0
748272,173.0
748288,131.0
748496,149.0
748512,131.0
748880,63.0
749136,130.0
749312,131.0
749328,65.0
749792,131.0
750048,130.0
750368,129.0
750400,66.0
750416,119.0
750528,156.0
750624,131.0
750688,130.0
751104,130.0
751168,130.0
751248,131.0
751424,131.0
751456,64.0
751904,131.0
752112,131.0
752160,131.0
752480,131.0
752512,131.0
752640,131.0
752720,130.0
752800,131.0
752896,131.0
753104,131.0
753216,131.0
753280,131.0
753344,130.0
753568,131.0
754016,131.0
754208,130.0
754752,131.0
754816,130.0
754896,130.0
755008,131.0
755024,224.0
755216,131.0
755312,130.0
755456,131.0
755616,145.0
755680,131.0
756128,131.0
756432,131.0
756704,131.0
756864,131.0
756912,130.0
757120,131.0
757328,131.0
757568,131.0
758160,154.0
758816,131.0
759024,131.0
759360,155.0
759424,131.0
759488,131.0
759536,65.0
759536,131.0
759984,150.0
760032,143.0
760096,131.0
760272,131.0
760352,131.0
760352,50.0
760640,130.0
760912,130.0
761136,131.0
761600,131.0
761648,131.0
761712,146.0
762096,131.0
762144,131.0
762384,131.0
762464,131.0
762752,131.0
763248,131.0
763520,47.0
763648,131.0
763664,151.0
763760,131.0
763824,131.0
763856,153.0
764208,131.0
764304,153.0
764912,152.0
765088,88.0
765184,174.0
765328,232.0
765344,63.0
765632,131.0
765872,131.0
765936,131.0
766224,147.0
766320,131.0
766400,130.0
766480,176.0
766688,131.0
767024,131.0
767296,131.0
767296,66.0
767440,131.0
767472,131.0
767744,131.0
767776,151.0
768032,130.0
768272,149.0
768432,131.0
768512,131.0
768528,65.0
768640,74.0
768848,147.0
769136,131.0
769136,152.0
769408,131.0
769408,131.0
769840,130.0
769888,131.0
770016,176.0
770224,50.0
770368,130.0
770432,149.0
770544,131.0
770592,131.0
770736,130.0
770960,131.0
771200,148.0
771216,129.0
771408,48.0
771520,131.0
771744,62.0
771936,130.0
772336,131.0
772480,131.0
772496,154.0
772688,130.0
772736,130.0
772896,146.0
772992,65.0
773072,131.0
773296,130.0
773328,131.0
773360,131.0
773504,130.0
773632,131.0
774096,131.0
774448,131.0
774592,131.0
774800,131.0
774816,60.0
775136,128.0
775232,116.0
775408,131.0
775616,131.0
775744,131.0
775792,174.0
776816,147.0
776928,131.0
777520,131.0
777536,44.0
777552,290.0
777680,131.0
777728,131.0
777904,131.0
778032,174.0
778192,68.0
778208,130.0
778304,130.0
778704,49.0
778896,42.0
778976,141.0
779040,131.0
779136,270.0
779616,131.0
779632,131.0
779664,131.0
779776,130.0
779840,131.0
780160,131.0
780336,143.0
780416,131.0
780512,144.0
780832,61.0
781008,131.0
781088,131.0
781120,43.0
781760,130.0
782336,42.0
782448,131.0
782944,131.0
783232,131.0
783344,131.0
783552,143.0
783824,131.0
783856,130.0
783872,131.0
784400,156.0
784448,131.0
784448,131.0
784720,131.0
785056,131.0
785296,131.0
785328,130.0
785344,131.0
785664,131.0
786240,147.0
786304,146.0
786432,68.0
786512,131.0
786560,131.0
786560,131.0
786832,131.0
787040,131.0
787408,131.0
787568,131.0
787776,131.0
788048,131.0
788064,131.0
788352,131.0
788672,131.0
788672,131.0
788864,146.0
789280,131.0
789312,46.0
789520,131.0
789536,133.0
789664,131.0
789680,131.0
790144,130.0
790176,131.0
790240,131.0
790432,130.0
790464,131.0
790768,130.0
790944,141.0
790976,131.0
791056,131.0
791424,131.0
791488,277.0
791632,131.0
791968,61.0
792272,130.0
792656,156.0
792880,55.0
792944,154.0
793040,130.0
793376,117.0
793536,131.0
793824,130.0
794080,131.0
794640,130.0
794656,187.0
794768,131.0
794992,131.0
795040,66.0
795488,131.0
795648,131.0
796272,157.0
796304,131.0
796480,62.0
796736,146.0
796736,130.0
796752,231.0
796880,131.0
797152,131.0
797424,151.0
797920,64.0
798128,131.0
798288,130.0
798416,131.0
798592,131.0
798848,131.0
798848,131.0
799040,131.0
799424,141.0
799456,53.0
799680,130.0
799728,409.0
799856,131.0
799856,62.0
799888,153.0
800384,130.0
800496,131.0
800576,152.0
800720,174.0
800960,131.0
801232,71.0
801792,131.0
801904,152.0
801968,131.0
801968,131.0
802000,131.0
802080,130.0
802128,149.0
802480,130.0
802688,131.0
802832,131.0
802976,55.0
803072,131.0
803360,178.0
803456,131.0
803632,130.0
803904,131.0
804000,130.0
804080,131.0
804480,146.0
804496,64.0
804944,131.0
805024,58.0
805088,131.0
805328,140.0
805680,144.0
805744,131.0
806224,131.0
806352,152.0
806592,156.0
806608,131.0
806624,154.0
806960,152.0
807040,130.0
807856,131.0
808160,61.0
808208,100.0
808288,68.0
808320,130.0
808464,131.0
808720,131.0
809248,131.0
809904,131.0
809968,131.0
810176,131.0
810272,131.0
810320,131.0
810400,131.0
810432,131.0
810816,130.0
810816,131.0
810880,130.0
811248,130.0
812016,131.0
812080,131.0
812096,61.0
812288,185.0
812368,130.0
812432,131.0
812512,131.0
812544,131.0
812688,131.0
812928,131.0
813216,149.0
813360,131.0
813664,143.0
813696,175.0
814128,131.0
814192,131.0
814384,131.0
814384,130.0
814480,131.0
814528,130.0
814656,131.0
815024,130.0
815216,67.0
815776,131.0
816144,152.0
816304,131.0
816496,131.0
816544,66.0
816592,149.0
816592,131.0
816640,131.0
816768,131.0
816912,131.0
817136,131.0
817440,175.0
817472,130.0
817648,149.0
818256,131.0
818608,131.0
818656,131.0
818752,152.0
818880,131.0
818912,110.0
818992,149.0
819552,131.0
819760,131.0
819808,131.0
819808,255.0
819984,130.0
820224,131.0
820528,100.0
820608,146.0
820720,131.0
820864,131.0
821104,131.0
821856,131.0
821872,131.0
821904,130.0
821920,131.0
822208,215.0
822480,131.0
822640,131.0
822704,130.0
823296,151.0
823648,108.0
823968,131.0
824256,148.0
824304,130.0
824544,141.0
824752,131.0
824816,131.0
824928,131.0
825312,135.0
825328,131.0
825632,43.0
825760,131.0
825888,131.0
826144,131.0
826304,130.0
826384,131.0
826688,130.0
826864,131.0
826944,149.0
827328,131.0
827424,131.0
827744,131.0
827856,130.0
828000,131.0
828240,130.0
828368,93.0
828576,101.0
828752,55.0
829040,131.0
829040,64.0
829040,49.0
829152,153.0
829216,131.0
829440,131.0
829536,131.0
829808,213.0
830288,130.0
830480,131.0
830528,131.0
830592,43.0
831152,131.0
831152,131.0
831328,131.0
831344,243.0
831552,174.0
832320,153.0
832400,131.0
832640,131.0
832640,67.0
832704,131.0
833152,131.0
833248,130.0
833264,131.0
833344,130.0
833568,139.0
833760,131.0
834048,49.0
834240,276.0
834432,131.0
834512,131.0
834704,131.0
834720,131.0
834752,131.0
834752,131.0
835360,131.0
835376,131.0
835856,130.0
836240,72.0
836352,131.0
836544,131.0
836608,130.0
836624,131.0
836816,131.0
836864,131.0
836960,93.0
836992,136.0
837136,150.0
837472,131.0
837968,131.0
838544,143.0
838656,131.0
838704,146.0
838736,131.0
838960,130.0
838976,131.0
839024,150.0
839088,130.0
839568,130.0
839600,131.0
839984,63.0
840064,130.0
840640,130.0
840816,131.0
841088,131.0
841136,131.0
841184,131.0
841184,62.0
841200,131.0
841376,45.0
841392,67.0
841680,131.0
841712,131.0
841952,205.0
842928,131.0
843136,130.0
843232,130.0
843296,131.0
843312,131.0
843488,131.0
843792,131.0
843824,131.0
844256,130.0
844304,61.0
845024,130.0
845040,48.0
845296,131.0
845312,130.0
845616,131.0
845888,130.0
846096,131.0
846176,131.0
846416,131.0
846752,93.0
847136,131.0
847296,131.0
847424,131.0
847456,131.0
847504,131.0
848144,137.0
848320,151.0
848672,41.0
848688,191.0
848848,130.0
849200,131.0
849248,131.0
849408,131.0
849424,68.0
849920,153.0
850240,130.0
850320,131.0
850480,79.0
850528,62.0
850960,151.0
850960,131.0
851360,131.0
851408,243.0
851536,131.0
851728,189.0
851888,154.0
852032,131.0
852288,146.0
852304,110.0
852352,131.0
852432,131.0
852496,131.0
852592,131.0
853072,131.0
853072,131.0
853840,131.0
854000,131.0
854592,130.0
854704,131.0
855024,149.0
855184,131.0
855184,131.0
855424,131.0
855520,66.0
855584,131.0
855632,131.0
856096,130.0
856496,131.0
856528,131.0
856688,130.0
856816,131.0
857120,130.0
857264,42.0
857424,131.0
857536,131.0
857568,131.0
857632,131.0
857680,130.0
857728,130.0
858208,131.0
858608,131.0
858640,131.0
858800,131.0
859376,131.0
859680,131.0
859680,66.0
859792,131.0
859872,152.0
859984,131.0
860304,130.0
860448,65.0
860736,130.0
861024,131.0
861488,131.0
861936,131.0
861952,131.0
861984,131.0
862048,175.0
862416,131.0
862528,63.0
862544,130.0
863024,131.0
863120,130.0
863600,131.0
864016,131.0
864144,146.0
864144,100.0
864160,131.0
864176,130.0
864336,131.0
864480,155.0
864528,93.0
864704,172.0
864752,145.0
864944,131.0
865168,51.0
865216,130.0
865344,174.0
865712,131.0
865760,99.0
865792,239.0
866128,131.0
866240,130.0
866240,130.0
866272,130.0
866592,131.0
866624,130.0
866752,64.0
866816,131.0
867056,131.0
867264,41.0
867280,131.0
867296,63.0
867328,67.0
867456,131.0
868144,146.0
868224,130.0
868560,237.0
868736,131.0
868864,131.0
869136,61.0
869168,146.0
869248,131.0
869376,131.0
869408,131.0
869488,134.0
869552,42.0
869552,130.0
869968,130.0
870048,130.0
870288,90.0
870400,62.0
870656,130.0
870832,130.0
871024,110.0
871248,131.0
871280,131.0
871504,130.0
871600,131.0
871632,153.0
871648,130.0
871664,62.0
872080,131.0
872144,130.0
872400,131.0
872448,131.0
872512,131.0
872928,130.0
873136,61.0
873360,131.0
873376,130.0
873616,131.0
873728,130.0
873776,131.0
874544,130.0
874624,131.0
874752,146.0
875248,131.0
875296,68.0
875456,130.0
875488,131.0
875696,131.0
875728,131.0
875824,131.0
875840,131.0
875888,131.0
875968,57.0
876032,48.0
876080,131.0
876736,131.0
876800,145.0
876864,131.0
877808,131.0
877824,130.0
877904,150.0
877936,131.0
877952,131.0
877984,130.0
878080,131.0
878144,131.0
878768,131.0
878848,131.0
878976,131.0
879792,131.0
879920,131.0
880064,131.0
880176,130.0
880256,131.0
880288,130.0
880880,131.0
880960,131.0
881776,131.0
882048,131.0
882128,131.0
882192,130.0
882304,148.0
882448,149.0
882576,149.0
882640,148.0
882736,42.0
882992,131.0
883200,131.0
883216,64.0
883456,131.0
883520,82.0
883600,131.0
884240,131.0
884416,131.0
884672,231.0
884688,131.0
884736,130.0
884848,131.0
885104,131.0
885312,131.0
885328,131.0
885552,130.0
885600,129.0
885712,131.0
885792,68.0
886000,131.0
886544,143.0
886672,131.0
886784,131.0
886848,131.0
887216,131.0
887440,131.0
887712,131.0
887808,130.0
887904,131.0
887984,151.0
888096,130.0
888656,131.0
888960,131.0
889328,131.0
889552,131.0
889664,112.0
889920,131.0
889920,131.0
890000,131.0
890016,130.0
890288,148.0
890432,68.0
891072,131.0
891184,131.0
891664,131.0
891744,174.0
891792,63.0
891936,131.0
892032,131.0
892064,61.0
892112,131.0
892304,131.0
892496,231.0
892560,131.0
892640,146.0
893264,43.0
893584,67.0
893824,73.0
893904,131.0
894032,130.0
894224,131.0
894352,276.0
894416,131.0
894816,131.0
894848,131.0
895296,66.0
895408,131.0
895584,144.0
895696,131.0
895936,131.0
896016,131.0
896464,131.0
896512,130.0
896784,149.0
896912,100.0
896928,131.0
896960,131.0
897472,154.0
897536,63.0
897696,131.0
898128,131.0
898256,131.0
898352,130.0
898576,131.0
898640,143.0
898976,44.0
899024,131.0
899024,130.0
899584,131.0
899616,130.0
899648,131.0
900112,131.0
900192,131.0
900512,285.0
900720,147.0
900752,131.0
901072,130.0
901232,131.0
901696,131.0
901760,131.0
901920,131.0
902224,131.0
902864,131.0
903184,131.0
903344,131.0
903520,93.0
903792,130.0
903840,131.0
903872,131.0
904032,131.0
904192,130.0
904256,131.0
904304,131.0
904320,130.0
904576,130.0
905280,130.0
905456,131.0
905584,128.0
905824,131.0
905984,131.0
906416,131.0
906432,131.0
907088,131.0
907392,131.0
907568,131.0
907936,131.0
908096,156.0
908096,131.0
908240,131.0
908384,130.0
908384,61.0
908448,130.0
908528,131.0
908544,131.0
908784,42.0
909024,131.0
909328,49.0
909584,64.0
909632,131.0
909680,131.0
910176,131.0
910208,131.0
910320,65.0
910448,156.0
910480,131.0
910496,131.0
910896,131.0
911136,131.0
911184,42.0
911440,131.0
911648,131.0
911936,146.0
912096,153.0
912320,131.0
912432,131.0
912560,131.0
912592,131.0
912656,130.0
912736,49.0
912960,153.0
913008,131.0
913248,131.0
913296,131.0
913552,131.0
913856,69.0
913904,131.0
914544,131.0
914576,63.0
914704,131.0
914752,130.0
915072,131.0
915120,131.0
915328,91.0
915360,131.0
915392,130.0
915696,69.0
915760,65.0
915856,131.0
916016,131.0
916144,63.0
916320,131.0
916544,131.0
916656,130.0
916688,61.0
916768,131.0
916976,131.0
917472,131.0
917872,131.0
918128,131.0
918256,131.0
918320,93.0
918432,131.0
918624,131.0
918800,140.0
918880,131.0
919072,130.0
919280,131.0
919536,68.0
919584,131.0
920080,131.0
920080,62.0
920240,131.0
920288,131.0
920352,130.0
920880,131.0
920912,131.0
921072,130.0
921520,180.0
921648,131.0
921792,93.0
922048,70.0
922080,174.0
922080,62.0
922192,131.0
922352,131.0
922400,144.0
922960,210.0
922992,131.0
923008,131.0
923136,147.0
923888,130.0
923952,143.0
924192,131.0
924304,131.0
924448,130.0
924544,130.0
924608,159.0
925072,131.0
925104,130.0
925296,39.0
925360,91.0
925456,62.0
926304,131.0
926304,131.0
926416,81.0
926416,131.0
926656,131.0
926720,131.0
927184,131.0
927328,145.0
927408,131.0
927552,207.0
927712,65.0
927888,151.0
928176,131.0
928416,131.0
928528,131.0
928720,143.0
929296,131.0
929424,194.0
929456,131.0
929664,145.0
929664,131.0
929760,146.0
930000,131.0
930288,131.0
930640,131.0
930816,193.0
930832,131.0
930944,131.0
931056,131.0
931552,130.0
931760,130.0
931856,130.0
932000,65.0
932112,131.0
932336,48.0
932752,131.0
932928,131.0
932992,61.0
933168,131.0
933424,67.0
933712,131.0
933888,131.0
933968,131.0
934208,130.0
934816,177.0
934864,131.0
935056,131.0
935216,62.0
935280,131.0
935536,131.0
935824,131.0
935968,131.0
936000,131.0
936800,44.0
936928,131.0
937120,131.0
937152,131.0
937312,61.0
937344,131.0
937392,131.0
937408,89.0
937648,131.0
937856,130.0
938480,154.0
938864,62.0
938912,131.0
939040,131.0
939232,131.0
939264,131.0
939328,146.0
939424,131.0
939440,130.0
939440,131.0
939520,131.0
940048,131.0
940192,47.0
940496,177.0
940512,61.0
940608,68.0
941296,151.0
941376,131.0
941440,131.0
941552,131.0
941632,131.0
941792,131.0
942048,131.0
942160,131.0
942304,131.0
942592,130.0
942816,100.0
943232,130.0
943296,173.0
943376,48.0
943392,130.0
943488,131.0
943680,130.0
943840,142.0
943904,131.0
944080,152.0
944272,131.0
944416,131.0
945104,149.0
945280,131.0
945328,156.0
945344,131.0
945488,131.0
945488,130.0
945600,131.0
945648,130.0
945760,130.0
946016,131.0
946384,64.0
946448,147.0
946528,131.0
947440,131.0
947600,131.0
947600,131.0
947744,130.0
948128,131.0
948160,149.0
948432,154.0
948496,131.0
948496,131.0
948560,131.0
949040,89.0
949440,141.0
949472,64.0
949504,131.0
949552,131.0
949648,131.0
949824,131.0
949840,130.0
950000,131.0
950272,131.0
950608,131.0
950672,131.0
950768,75.0
951152,131.0
951360,130.0
951536,130.0
951936,131.0
952112,131.0
952480,69.0
952560,59.0
952720,131.0
952880,131.0
952992,196.0
953536,65.0
953616,55.0
953680,131.0
953936,131.0
954224,131.0
954496,131.0
954608,100.0
954688,130.0
954848,132.0
954864,130.0
955376,155.0
955728,131.0
955984,131.0
956160,131.0
956336,131.0
956624,51.0
956720,131.0
956800,131.0
956800,131.0
956944,130.0
957136,141.0
957488,131.0
957648,43.0
957760,131.0
957776,325.0
957824,130.0
957840,64.0
958128,61.0
958160,131.0
958256,130.0
958416,244.0
958448,131.0
958720,130.0
958832,131.0
958832,65.0
958912,131.0
959584,131.0
959600,131.0
959744,130.0
959920,130.0
960192,151.0
960272,131.0
960448,144.0
960512,130.0
960560,131.0
960608,146.0
961008,130.0
961552,61.0
961712,131.0
961936,240.0
962128,148.0
962304,131.0
962352,41.0
962560,131.0
962880,184.0
963136,143.0
963824,131.0
964048,131.0
964336,131.0
964416,131.0
964496,131.0
964672,131.0
965168,131.0
965216,131.0
965248,130.0
965264,81.0
965360,63.0
965472,131.0
965488,66.0
965536,149.0
965936,131.0
966160,131.0
966624,70.0
966768,130.0
966992,247.0
967280,131.0
967312,130.0
967568,130.0
968048,131.0
968064,157.0
968368,65.0
968496,64.0
968624,46.0
968720,131.0
968736,131.0
969088,130.0
969280,131.0
969312,50.0
969376,130.0
969568,131.0
969680,131.0
970096,62.0
970160,131.0
970224,131.0
970480,131.0
970576,143.0
970736,131.0
970832,131.0
970848,131.0
971392,131.0
971424,131.0
971584,131.0
971728,130.0
971792,131.0
971824,152.0
972160,45.0
972208,131.0
972272,131.0
972592,131.0
972608,63.0
972688,131.0
972848,131.0
973504,131.0
973792,131.0
973840,131.0
973904,131.0
973936,131.0
974400,131.0
974704,131.0
974720,131.0
974752,150.0
974992,67.0
975056,131.0
975616,131.0
975792,49.0
975936,130.0
976048,131.0
976192,149.0
976432,131.0
976848,130.0
977072,146.0
977184,131.0
977648,70.0
977728,131.0
978048,131.0
978192,63.0
978304,131.0
978400,83.0
978544,131.0
978592,131.0
978688,64.0
978912,131.0
978928,131.0
978944,130.0
979424,63.0
979488,150.0
979616,151.0
979840,131.0
980160,131.0
980256,130.0
980288,130.0
980800,131.0
980976,70.0
981040,131.0
981456,131.0
981520,130.0
981632,252.0
981696,130.0
982256,130.0
982400,131.0
982528,131.0
982720,153.0
982960,143.0
983072,130.0
983136,131.0
983232,151.0
983712,131.0
983808,131.0
984208,65.0
984512,131.0
984704,152.0
984832,131.0
984848,68.0
984976,131.0
984992,153.0
985072,131.0
985184,131.0
985248,131.0
985280,131.0
985552,144.0
985680,131.0
985728,130.0
985808,130.0
985904,130.0
986464,140.0
986624,131.0
986816,131.0
986944,131.0
987072,130.0
987088,130.0
987184,131.0
987296,131.0
987440,134.0
987664,131.0
987840,131.0
987920,131.0
987936,130.0
987952,141.0
988240,143.0
988256,66.0
988288,148.0
988736,66.0
988816,146.0
988928,131.0
989184,130.0
989744,143.0
990048,130.0
990368,131.0
990368,152.0
990464,65.0
990832,130.0
991280,131.0
991632,152.0
991648,231.0
991840,130.0
991984,65.0
992288,131.0
992464,130.0
992512,131.0
992576,131.0
992944,131.0
992960,131.0
993152,42.0
993392,131.0
993936,130.0
994496,145.0
994592,131.0
994832,62.0
995040,130.0
995072,131.0
995248,130.0
995488,130.0
995840,131.0
996048,131.0
996480,131.0
996512,131.0
996608,131.0
996704,131.0
997104,131.0
997152,131.0
997184,131.0
997328,143.0
997360,131.0
997376,131.0
997952,131.0
998240,101.0
998592,131.0
998624,131.0
998624,63.0
999472,131.0
999488,131.0
999488,151.0
999600,152.0
999792,153.0
1000352,353.0
1000720,130.0
1000736,131.0
1000880,130.0
1001152,131.0
1001312,131.0
1001568,130.0
1001600,131.0
1001712,131.0
1002096,174.0
1002208,150.0
1002304,271.0
1002464,131.0
1002784,66.0
1003168,142.0
1003696,130.0
1004192,130.0
1004304,130.0
1004368,174.0
1004576,131.0
1005280,131.0
1005280,131.0
1005520,131.0
1005552,60.0
1005760,150.0
1005904,131.0
1006304,131.0
1006384,245.0
1006480,131.0
1006528,131.0
1006624,66.0
1007040,130.0
1007184,79.0
1007376,130.0
1007920,149.0
1008416,131.0
1008528,131.0
1008656,59.0
1008816,151.0
1008832,131.0
1009152,131.0
1009296,131.0
1009376,147.0
1009392,131.0
1009456,176.0
1009984,131.0
1010048,131.0
1010176,48.0
1010528,131.0
1010640,131.0
1010672,94.0
1010688,130.0
1010928,131.0
1011056,63.0
1011104,152.0
1011488,131.0
1011568,131.0
1011584,130.0
1011680,62.0
1011920,61.0
1012080,130.0
1012080,41.0
1013056,131.0
1013072,61.0
1013216,131.0
1013664,130.0
1013696,131.0
1013792,131.0
1014032,131.0
1014272,131.0
1014432,265.0
1014496,145.0
1014864,131.0
1015088,142.0
1015168,131.0
1015264,130.0
1015680,153.0
1015792,130.0
1015808,131.0
1015888,49.0
1015904,131.0
1015984,50.0
1016384,131.0
1016576,47.0
1016608,131.0
1016864,131.0
1016976,131.0
1017280,131.0
1017312,148.0
1017376,131.0
1017472,131.0
1017648,248.0
1017792,131.0
1018000,131.0
1018016,131.0
1018080,130.0
1018192,149.0
1018496,131.0
1018656,131.0
1018720,131.0
1018960,148.0
1018976,131.0
1019088,131.0
1019616,145.0
1019744,147.0
1019904,131.0
1020048,149.0
1020336,144.0
1020416,105.0
1020896,175.0
1021072,131.0
1021376,210.0
1021536,131.0
1021712,130.0
1021792,137.0
1021856,131.0
1022016,131.0
1022144,130.0
1023024,151.0
1023104,146.0
1023200,131.0
1023488,131.0
1023632,130.0
1023648,152.0
1023904,131.0
1024128,150.0
1024640,61.0
1024864,247.0
1025120,146.0
1025136,131.0
1025296,130.0
1025488,84.0
1025600,131.0
1025728,130.0
1025760,131.0
1025872,145.0
1026064,131.0
1026224,130.0
1026304,149.0
1026368,131.0
1026432,248.0
1026720,61.0
1026752,131.0
1027408,131.0
1027568,151.0
1027600,131.0
1027600,154.0
1027712,131.0
1027872,131.0
1027984,131.0
1028176,131.0
1028336,131.0
1028416,131.0
1028528,130.0
1028864,131.0
1029072,130.0
1029520,131.0
1029584,130.0
1029680,131.0
1029712,131.0
1029920,144.0
1029984,131.0
1030096,131.0
1030288,131.0
1030448,131.0
1030512,130.0
1030976,131.0
1031168,130.0
1031424,156.0
1031488,143.0
1031696,131.0
1031792,131.0
1032032,131.0
1032208,131.0
1032400,131.0
1032560,131.0
1032624,131.0
1032752,131.0
1032992,65.0
1033024,50.0
1033056,63.0
1033088,131.0
1033536,131.0
1033648,55.0
1033808,131.0
1033904,131.0
1034512,131.0
1034592,65.0
1034656,130.0
1034832,96.0
1035088,79.0
1035104,131.0
1035168,131.0
1035360,145.0
1035712,131.0
1035824,131.0
1036000,130.0
1036288,146.0
1036928,141.0
1037184,130.0
1037200,153.0
1037312,131.0
1037472,131.0
1037488,131.0
1037824,131.0
1037936,131.0
1038080,91.0
1038400,131.0
1038800,130.0
1039040,131.0
1039312,130.0
1039312,131.0
1039424,131.0
1039696,150.0
1039920,152.0
1040032,130.0
1040192,131.0
1040224,149.0
1040256,131.0
1041152,131.0
1041392,146.0
1041424,131.0
1041424,131.0
1041792,130.0
1042000,131.0
1042032,131.0
1042336,131.0
1042336,131.0
1042608,130.0
1042672,154.0
1043504,131.0
1043520,130.0
1043536,131.0
1043904,131.0
1044304,131.0
1044304,141.0
1044368,131.0
1044448,131.0
1044640,149.0
1044720,131.0
1045104,130.0
1045168,174.0
1045600,130.0
1045616,131.0
1045872,63.0
1046016,131.0
1046480,131.0
1046560,131.0
1046608,143.0
1046752,152.0
1046752,131.0
1047104,148.0
1047296,55.0
1047456,142.0
1047712,130.0
1047712,131.0
1047728,131.0
1048128,131.0
1048192,131.0
1048192,67.0
1048592,131.0
1048848,139.0
1048848,130.0
1048864,131.0
1049568,131.0
1049824,130.0
1049824,131.0
1049872,63.0
1050432,63.0
1050448,131.0
1050544,146.0
1050576,62.0
1050576,46.0
1050592,131.0
1050688,130.0
1050784,131.0
1050960,131.0
1050976,131.0
1051376,73.0
1051824,149.0
1051984,131.0
1052416,131.0
1052528,130.0
1052544,143.0
1052656,131.0
1052880,130.0
1053072,130.0
1053488,131.0
1053920,130.0
1054032,130.0
1054096,131.0
1054448,131.0
1054640,131.0
1054656,130.0
1054768,131.0
1054800,148.0
1054992,131.0
1055136,284.0
1055600,131.0
1056336,143.0
1056368,91.0
1056752,131.0
1056768,131.0
1056896,131.0
1057248,151.0
1057344,62.0
1057696,130.0
1057824,176.0
1058032,131.0
1058304,131.0
1058400,131.0
1058464,130.0
1058848,130.0
1058864,144.0
1058976,130.0
1058992,130.0
1059120,146.0
1059456,61.0
1059456,131.0
1059936,131.0
1060080,65.0
1060096,68.0
1060128,151.0
1060944,62.0
1060976,131.0
1061008,96.0
1061232,131.0
1061248,147.0
1061328,146.0
1061552,130.0
1061984,147.0
1062192,131.0
1062208,131.0
1062416,90.0
1062480,62.0
1062928,174.0
1063056,131.0
1063072,130.0
1063216,175.0
1063344,131.0
1063360,131.0
1063936,148.0
1064320,131.0
1064528,131.0
1065040,131.0
1065168,131.0
1065472,149.0
1065472,131.0
1065520,149.0
1065552,131.0
1066384,132.0
1066432,131.0
1066464,131.0
1066848,85.0
1066960,151.0
1067040,131.0
1067312,141.0
1067424,64.0
1067568,131.0
1067664,131.0
1068160,131.0
1068304,131.0
1068528,130.0
1068576,131.0
1068816,131.0
1068912,131.0
1069152,131.0
1069392,131.0
1069424,131.0
1069536,131.0
1069696,131.0
1069728,130.0
1069968,149.0
1070128,65.0
1070416,131.0
1070640,131.0
1070688,131.0
1070928,131.0
1071024,131.0
1071264,131.0
1071504,131.0
1071520,130.0
1071648,131.0
1071824,130.0
1071888,131.0
1072080,131.0
1072112,131.0
1072384,131.0
1072496,174.0
1072608,154.0
1072784,130.0
1072912,49.0
1073024,130.0
1073040,149.0
1073264,73.0
1073376,131.0
1073632,131.0
1074016,156.0
1074320,151.0
1074496,131.0
1074608,131.0
1074608,130.0
1074880,130.0
1075024,131.0
1075376,131.0
1075488,131.0
1075616,143.0
1075744,131.0
1076048,131.0
1076128,131.0
1076432,131.0
1076720,131.0
1076976,68.0
1076992,131.0
1077056,67.0
1077360,131.0
1077472,131.0
1077488,131.0
1077728,131.0
1077856,131.0
1078064,149.0
1078128,70.0
1078240,131.0
1078384,180.0
1078544,131.0
1078928,131.0
1079120,131.0
1079136,65.0
1079568,130.0
1079600,131.0
1079840,131.0
1079968,131.0
1080240,131.0
1080352,131.0
1080496,131.0
1080560,44.0
1080656,131.0
1081232,131.0
1081536,149.0
1081584,131.0
1081680,131.0
1081824,227.0
1081888,143.0
1082240,43.0
1082256,129.0
1082384,150.0
1082464,131.0
1082656,130.0
1083632,152.0
1083696,131.0
1083936,131.0
1084048,145.0
1084224,145.0
1084368,131.0
1084496,131.0
1084720,48.0
1084752,130.0
1084864,131.0
1084944,154.0
1085696,131.0
1085744,131.0
1085904,131.0
1085984,142.0
1086160,131.0
1086464,131.0
1086576,131.0
1086608,131.0
1086816,130.0
1086832,131.0
1086864,131.0
1087264,144.0
1087808,131.0
1088016,131.0
1088160,150.0
1088272,131.0
1088592,131.0
1088704,130.0
1088896,129.0
1088944,131.0
1089088,131.0
1089360,130.0
1089968,61.0
1090128,131.0
1090208,131.0
1090368,130.0
1090560,131.0
1090816,131.0
1090976,131.0
1090976,142.0
1091008,131.0
1091056,131.0
1091200,131.0
1091472,131.0
1091760,131.0
1092064,62.0
1092240,131.0
1092320,131.0
1092384,131.0
1092480,156.0
1092480,131.0
1092672,131.0
1092784,131.0
1093120,131.0
1093312,131.0
1093856,130.0
1093888,68.0
1094128,131.0
1094176,131.0
1094592,131.0
1095040,131.0
1095184,131.0
1095424,131.0
1095696,131.0
1095968,131.0
1096000,131.0
1096272,131.0
1096528,130.0
1096704,131.0
1097312,131.0
1097328,69.0
1097344,131.0
1097440,149.0
1097648,131.0
1097792,130.0
1098080,131.0
1098384,131.0
1098400,131.0
1098560,130.0
1098800,131.0
1098816,131.0
1099424,131.0
1099456,66.0
1099456,131.0
1099552,131.0
1099760,131.0
1100192,131.0
1100464,131.0
1100512,131.0
1100672,131.0
1100736,130.0
1100912,130.0
1101552,131.0
1101664,131.0
1101760,131.0
1101792,145.0
1101856,130.0
1102288,130.0
1102672,130.0
1102848,131.0
1103024,131.0
1103024,131.0
1103648,130.0
1103664,131.0
1103776,131.0
1103872,131.0
1103904,131.0
1103936,84.0
1104080,65.0
1104224,137.0
1104400,131.0
1104944,141.0
1104960,131.0
1105136,131.0
1105232,62.0
1105728,130.0
1105776,131.0
1106000,130.0
1106048,131.0
1106064,61.0
1106192,131.0
1106512,131.0
1107008,209.0
1107040,130.0
1107072,131.0
1107232,130.0
1107728,64.0
1108096,131.0
1108176,131.0
1108192,131.0
1108304,131.0
1108928,46.0
1108960,131.0
1109120,131.0
1109136,64.0
1109152,131.0
1109168,130.0
1109184,131.0
1109344,93.0
1109376,66.0
1109456,131.0
1109632,149.0
1109840,131.0
1109984,131.0
1110288,130.0
1110560,152.0
1110736,131.0
1110928,67.0
1111216,130.0
1111248,130.0
1111264,130.0
1111280,130.0
1111280,146.0
1111440,130.0
1111488,131.0
1111744,131.0
1112048,47.0
1112208,61.0
1112400,131.0
1112656,130.0
1112848,131.0
1113040,131.0
1113056,62.0
1113360,131.0
1113376,131.0
1113376,130.0
1113552,131.0
1113600,131.0
1113600,146.0
1113664,131.0
1114192,130.0
1114320,131.0
1114512,131.0
1114768,131.0
1115152,131.0
1115168,131.0
1115472,131.0
1115488,131.0
1115664,131.0
1115968,131.0
1116048,152.0
1116288,130.0
1116624,131.0
1116880,131.0
1117056,131.0
1117088,64.0
1117280,131.0
1117456,143.0
1117568,130.0
1117584,131.0
1117616,277.0
1117776,131.0
1118688,149.0
1118992,130.0
1118992,131.0
1119120,64.0
1119168,131.0
1119200,131.0
1119680,131.0
1119696,131.0
1119712,131.0
1119888,131.0
1119904,152.0
1120064,66.0
1120816,130.0
1120976,66.0
1121104,149.0
1121168,131.0
1121232,131.0
1121280,131.0
1121792,131.0
1121808,131.0
1121824,62.0
1122000,63.0
1122576,60.0
1122672,131.0
1122848,63.0
1123216,131.0
1123376,130.0
1123904,130.0
1123920,171.0
1123936,131.0
1123936,130.0
1124112,55.0
1124592,150.0
1124944,130.0
1124992,130.0
1125008,68.0
1125056,148.0
1125312,130.0
1125488,131.0
1125728,131.0
1126032,131.0
1126048,131.0
1126048,131.0
1126944,131.0
1126976,131.0
1127120,131.0
1127168,131.0
1127184,191.0
1127424,131.0
1127600,131.0
1127840,131.0
1128128,131.0
1128144,131.0
1128160,131.0
1128368,130.0
1128784,130.0
1128832,46.0
1128864,43.0
1128864,44.0
1129168,49.0
1129280,131.0
1129376,131.0
1129536,131.0
1129600,154.0
1129712,131.0
1129760,175.0
1129968,70.0
1130432,143.0
1130976,131.0
1131264,130.0
1131488,131.0
1131712,131.0
1131824,131.0
1131872,131.0
1132064,130.0
1132240,143.0
1133088,131.0
1133232,130.0
1133504,131.0
1133888,149.0
1134064,146.0
1134112,142.0
1134128,131.0
1134176,131.0
1134352,154.0
1134352,131.0
1134608,185.0
1134640,130.0
1135200,131.0
1135200,131.0
1135408,131.0
1135488,131.0
1135616,62.0
1136144,93.0
1136176,131.0
1136224,131.0
1136224,130.0
1136688,131.0
1136832,42.0
1136880,157.0
1137040,50.0
1137248,209.0
1137296,130.0
1137312,131.0
1137328,62.0
1137456,61.0
1137520,131.0
1137600,131.0
1137712,130.0
1138288,131.0
1138800,131.0
1138976,130.0
1139136,130.0
1139200,121.0
1139280,152.0
1139440,131.0
1139632,131.0
1139696,130.0
1139824,131.0
1140400,131.0
1140880,65.0
1140912,131.0
1141072,131.0
1141088,131.0
1141312,131.0
1141552,131.0
1141584,152.0
1141760,131.0
1141808,131.0
1141904,93.0
1142544,130.0
1142768,131.0
1142976,130.0
1143184,131.0
1143200,131.0
1143584,141.0
1143664,131.0
1143696,131.0
1143824,131.0
1143872,131.0
1143920,131.0
1143920,131.0
1144000,61.0
1144016,131.0
1144192,152.0
1144656,131.0
1144704,64.0
1144880,131.0
1145088,131.0
1145296,131.0
1145312,131.0
1145808,131.0
1145936,131.0
1146112,131.0
1146768,131.0
1146816,131.0
1147184,130.0
1147584,50.0
1147728,237.0
1147792,131.0
1148080,131.0
1148144,131.0
1148224,131.0
1148416,131.0
1148432,31.0
1148928,131.0
1149104,131.0
1149520,131.0
1149536,131.0
1149840,131.0
1150160,147.0
1150192,131.0
1150320,130.0
1150528,131.0
1150544,131.0
1151152,61.0
1151216,131.0
1151776,131.0
1151936,130.0
1151984,153.0
1152304,131.0
1152368,131.0
1152416,130.0
1152464,131.0
1152512,131.0
1152640,131.0
1153264,131.0
1153392,201.0
1153504,130.0
1153872,130.0
1153920,131.0
1154416,131.0
1154480,131.0
1154512,130.0
1154752,131.0
1154752,130.0
1155088,61.0
1155376,131.0
1155440,131.0
1156032,131.0
1156144,131.0
1156528,131.0
1156576,130.0
1156624,131.0
1156688,131.0
1156720,130.0
1156864,131.0
1157056,66.0
1157200,131.0
1157536,130.0
1157664,64.0
1157936,45.0
1158256,131.0
1158368,93.0
1158384,154.0
1158464,131.0
1158640,131.0
1158688,131.0
1158848,175.0
1158976,131.0
1159648,131.0
1159776,131.0
1159840,147.0
1160048,131.0
1160576,131.0
1160688,151.0
1160704,145.0
1160736,130.0
1160784,130.0
1160816,151.0
1160912,131.0
1160944,131.0
1160960,131.0
1161088,131.0
1161200,131.0
1161744,65.0
1161760,131.0
1161888,131.0
1162144,130.0
1162240,88.0
1162688,131.0
1162784,63.0
1162816,131.0
1162992,68.0
1163008,130.0
1163184,152.0
1163200,131.0
1163296,130.0
1163552,81.0
1163680,130.0
1163984,61.0
1164048,131.0
1164128,66.0
1164304,80.0
1164928,131.0
1165136,146.0
1165312,131.0
1165408,131.0
1165488,174.0
1165664,131.0
1165792,131.0
1165824,131.0
1165936,130.0
1166096,131.0
1166176,64.0
1166400,130.0
1166560,151.0
1166576,157.0
1167152,84.0
1167280,131.0
1167424,131.0
1167600,131.0
1168032,130.0
1168064,130.0
1168496,149.0
1168624,174.0
1168672,131.0
1169392,82.0
1169520,131.0
1169648,63.0
1169904,130.0
1170144,178.0
1170320,65.0
1170592,131.0
1170608,130.0
1170944,152.0
1170944,131.0
1171472,66.0
1171632,131.0
1171824,131.0
1171856,130.0
1172256,131.0
1172384,44.0
1172432,131.0
1172512,131.0
1172688,130.0
1172720,131.0
1173040,130.0
1173040,140.0
1173056,131.0
1173120,42.0
1173136,102.0
1173744,131.0
1173856,130.0
1174128,141.0
1174352,130.0
1174592,63.0
1174768,63.0
1174784,130.0
1174896,156.0
1175136,130.0
1175152,131.0
1175168,131.0
1175232,131.0
1175920,173.0
1176176,63.0
1176208,130.0
1176240,131.0
1176256,67.0
1176320,237.0
1176368,152.0
1176464,131.0
1176880,131.0
1176944,131.0
1177248,131.0
1177248,146.0
1177344,131.0
1177968,67.0
1178032,131.0
1178240,61.0
1178320,131.0
1178320,147.0
1178368,131.0
1178576,131.0
1179040,130.0
1179184,154.0
1179360,61.0
1179456,131.0
1180144,131.0
1180352,131.0
1180432,131.0
1180464,131.0
1180528,130.0
1180688,131.0
1180720,131.0
1181152,131.0
1181296,131.0
1181472,131.0
1181520,65.0
1181568,131.0
1181792,68.0
1182032,93.0
1182192,131.0
1182256,131.0
1182480,62.0
1182528,131.0
1182544,131.0
1182800,152.0
1182816,130.0
1183056,154.0
1183264,131.0
1183392,130.0
1183584,131.0
1183632,131.0
1184000,151.0
1184128,130.0
1184192,149.0
1184304,131.0
1184368,131.0
1184640,131.0
1184896,130.0
1184992,152.0
1185120,128.0
1185504,131.0
1185920,145.0
1186304,131.0
1186416,131.0
1186432,143.0
1186464,131.0
1186480,131.0
1186800,137.0
1187088,131.0
1187248,146.0
1187376,153.0
1187456,145.0
1187856,131.0
1188544,151.0
1188576,131.0
1188720,174.0
1189184,130.0
1189360,93.0
1189360,131.0
1189408,61.0
1189888,72.0
1190416,131.0
1190640,131.0
1190656,131.0
1190880,131.0
1191264,149.0
1191376,174.0
1191376,136.0
1191472,131.0
1192208,144.0
1192528,131.0
1192528,62.0
1192656,79.0
1192752,131.0
1192768,131.0
1192992,131.0
1193056,131.0
1193136,131.0
1193136,131.0
1193376,131.0
1193568,131.0
1193584,131.0
1193632,53.0
1193696,131.0
1194128,130.0
1194320,131.0
1194528,131.0
1194640,131.0
1195104,131.0
1195168,131.0
1195248,131.0
1195488,131.0
1195680,131.0
1195680,131.0
1195680,130.0
1195744,131.0
1195808,131.0
1196432,131.0
1196640,131.0
1196688,62.0
1196736,131.0
1196848,130.0
1197360,131.0
1197712,131.0
1197792,131.0
1197856,131.0
1198256,196.0
1199184,152.0
1199344,155.0
1199392,131.0
1199472,131.0
1199568,131.0
1199712,131.0
1199808,130.0
1200032,131.0
1200192,150.0
1200480,194.0
1200656,131.0
1200704,41.0
1200864,131.0
1201088,142.0
1201280,130.0
1201456,131.0
1201504,131.0
1201808,68.0
1201904,130.0
1202080,131.0
1202400,176.0
1202688,173.0
1202768,131.0
1203392,131.0
1203568,131.0
1203680,131.0
1203936,131.0
1204288,148.0
1204416,131.0
1204496,130.0
1204576,131.0
1204688,131.0
1204800,131.0
1205232,153.0
1205376,241.0
1205792,131.0
1206048,131.0
1206080,131.0
1206320,149.0
1206384,130.0
1206816,213.0
1206864,147.0
1206864,152.0
1206912,131.0
1207344,131.0
1207488,131.0
1207488,174.0
1207680,130.0
1207904,131.0
1208192,131.0
1208416,130.0
1208640,130.0
1208912,130.0
1208960,130.0
1208976,131.0
1209456,131.0
1209552,131.0
1209600,131.0
1209792,131.0
1210192,131.0
1210272,131.0
1210288,78.0
1210528,131.0
1211008,156.0
1211280,143.0
1211360,152.0
1211696,130.0
1211952,149.0
1211984,140.0
1212016,150.0
1212288,130.0
1212384,64.0
1212400,131.0
1212640,131.0
1212880,130.0
1213120,131.0
1213456,130.0
1213456,65.0
1214048,130.0
1214096,131.0
1214144,130.0
1214208,245.0
1214400,131.0
1214496,131.0
1214576,131.0
1214752,131.0
1214992,131.0
1215104,102.0
1215232,131.0
1215568,131.0
1215760,130.0
1215872,131.0
1216112,100.0
1216144,130.0
1216176,131.0
1216256,131.0
1216320,131.0
1217024,152.0
1217088,130.0
1217136,148.0
1217264,67.0
1217472,71.0
1217680,131.0
1217984,131.0
1218096,62.0
1218368,131.0
1218592,147.0
1218864,131.0
1218976,93.0
1219248,131.0
1219376,131.0
1219440,130.0
1219520,95.0
1219792,131.0
1220208,131.0
1220352,130.0
1220480,64.0
1220592,130.0
1220704,131.0
1220960,130.0
1221376,149.0
1221488,131.0
1221632,131.0
1222032,89.0
1222208,150.0
1222320,131.0
1222400,150.0
1222592,131.0
1222800,130.0
1222960,46.0
1223072,131.0
1223360,131.0
1223472,131.0
1223744,131.0
1224288,174.0
1224320,130.0
1224512,131.0
1224512,96.0
1224544,130.0
1224688,131.0
1224704,131.0
1224912,131.0
1225376,143.0
1225472,131.0
1225616,91.0
1225936,93.0
1226000,131.0
1226048,143.0
1226400,131.0
1226624,131.0
1226640,130.0
1226816,131.0
1227024,131.0
1227136,152.0
1227360,131.0
1227488,131.0
1227584,131.0
1227680,131.0
1228032,130.0
1228096,66.0
1228112,131.0
1228512,131.0
1228544,65.0
1228736,131.0
1228736,131.0
1228752,131.0
1228848,174.0
1228912,54.0
1228928,131.0
1229248,131.0
1229616,131.0
1229696,131.0
1229792,131.0
1229824,131.0
1230208,131.0
1230224,131.0
1230624,131.0
1230656,131.0
1230848,131.0
1230864,64.0
1230864,131.0
1230864,66.0
1230960,131.0
1231024,130.0
1231712,174.0
1231728,131.0
1231792,130.0
1232320,131.0
1232336,131.0
1232416,131.0
1232720,130.0
1232960,131.0
1233104,152.0
1233136,131.0
1233824,130.0
1233824,55.0
1234112,146.0
1234432,131.0
1234448,131.0
1234528,131.0
1234608,91.0
1234832,131.0
1235040,130.0
1235072,131.0
1235088,131.0
1235264,142.0
1235920,130.0
1235936,131.0
1236208,130.0
1236288,69.0
1236544,130.0
1236880,152.0
1236928,149.0
1237152,131.0
1237184,131.0
1237184,130.0
1237376,131.0
1237456,131.0
1237632,131.0
1238416,131.0
1238656,131.0
1238768,154.0
1239040,131.0
1239216,55.0
1239264,131.0
1239296,131.0
1239568,131.0
1239728,130.0
1240144,130.0
1240320,68.0
1240512,130.0
1240928,131.0
1241088,130.0
1241136,147.0
1241152,131.0
1241648,146.0
1241872,131.0
1242432,131.0
1242448,143.0
1242640,208.0
1242656,94.0
1242688,67.0
1242960,152.0
1243760,131.0
1243936,131.0
1243984,131.0
1244000,131.0
1244064,130.0
1244560,131.0
1244736,130.0
1244768,131.0
1244800,131.0
1245008,131.0
1245072,131.0
1245664,131.0
1245680,151.0
1245872,131.0
1246272,131.0
1246656,131.0
1246672,131.0
1246688,131.0
1246816,47.0
1247152,148.0
1247328,71.0
1247472,153.0
1247712,64.0
1247776,131.0
1247984,131.0
1248224,131.0
1248672,130.0
1248784,156.0
1248784,130.0
1248912,131.0
1248928,131.0
1248960,131.0
1249024,131.0
1249264,131.0
1249440,131.0
1249824,131.0
1249888,131.0
1250096,131.0
1250528,108.0
1250592,152.0
1250608,148.0
1250896,131.0
1251040,131.0
1251136,131.0
1251360,152.0
1251408,152.0
1251552,131.0
1251632,64.0
1251648,148.0
1252000,131.0
1252608,129.0
1252992,130.0
1253232,130.0
1253664,131.0
1253760,131.0
1254096,130.0
1254160,131.0
1254416,131.0
1254512,131.0
1254528,130.0
1254640,55.0
1254832,131.0
1254976,50.0
1255088,154.0
1255264,131.0
1255328,130.0
1255568,130.0
1255632,131.0
1256144,130.0
1256176,67.0
1256208,152.0
1256512,130.0
1256560,153.0
1256624,131.0
1256976,152.0
1257088,131.0
1257376,131.0
1257680,131.0
1258608,149.0
1258672,64.0
1258848,131.0
1258960,152.0
1259040,150.0
1259088,131.0
1259376,142.0
1259488,131.0
1259552,131.0
1259568,131.0
1260368,131.0
1260384,131.0
1260768,130.0
1261040,147.0
1261056,130.0
1261104,143.0
1261136,130.0
1261472,130.0
1261600,131.0
1261664,131.0
1262400,131.0
1263168,131.0
1263216,131.0
1263248,131.0
1263584,131.0
1263760,130.0
1263792,131.0
1263824,131.0
1264144,55.0
1264512,62.0
1264720,62.0
1264896,131.0
1264992,131.0
1265168,131.0
1265248,131.0
1265808,50.0
1265904,144.0
1266096,143.0
1266128,131.0
1266256,131.0
1266624,131.0
1266688,130.0
1266832,131.0
1267008,131.0
1267264,130.0
1267360,68.0
1267664,145.0
1267680,151.0
1267968,149.0
1267984,131.0
1268736,131.0
1269024,131.0
1269120,131.0
1269248,131.0
1269280,130.0
1269472,131.0
1269792,131.0
1270096,68.0
1270128,131.0
1270464,61.0
1270560,150.0
1270848,131.0
1270848,131.0
1271072,130.0
1271136,131.0
1271232,68.0
1271232,131.0
1272512,283.0
1272560,130.0
1272672,131.0
1272768,143.0
1272880,192.0
1273184,131.0
1273248,131.0
1273296,152.0
1273312,68.0
1273328,130.0
1273344,131.0
1273472,131.0
1273712,131.0
1273856,131.0
1273968,131.0
1274320,131.0
1274336,71.0
1274784,131.0
1274880,131.0
1274992,131.0
1275360,131.0
1275408,131.0
1275440,130.0
1275440,131.0
1275824,131.0
1275968,131.0
1276096,173.0
1276288,52.0
1276336,147.0
1276992,131.0
1277456,130.0
1277552,131.0
1277936,131.0
1278208,131.0
1278320,146.0
1278400,131.0
1278528,243.0
1278544,131.0
1278560,131.0
1278640,67.0
1279008,131.0
1279392,146.0
1279568,131.0
1279632,131.0
1280048,131.0
1280320,131.0
1280656,130.0
1280656,131.0
1280720,149.0
1280768,147.0
1280880,51.0
1280976,152.0
1281216,131.0
1281504,131.0
1281616,131.0
1281728,66.0
1281872,143.0
1282032,149.0
1282768,131.0
1282992,131.0
1283088,131.0
1283088,131.0
1283200,82.0
1283552,145.0
1283616,131.0
1284128,130.0
1284288,131.0
1284528,131.0
1284880,131.0
1284928,130.0
1284976,131.0
1285104,131.0
1285200,131.0
1285264,152.0
1285312,131.0
1285344,131.0
1285648,130.0
1285840,131.0
1285952,66.0
1285984,65.0
1286112,131.0
1286192,61.0
1286256,61.0
1286400,131.0
1286640,131.0
1286976,61.0
1287216,131.0
1287424,131.0
1287456,131.0
1287760,131.0
1287904,50.0
1288064,131.0
1288224,131.0
1288304,131.0
1288352,131.0
1288512,131.0
1288704,152.0
1288736,130.0
1289088,131.0
1289312,130.0
1289424,131.0
1289568,131.0
1290016,131.0
1290272,131.0
1290320,130.0
1290416,131.0
1290832,130.0
1291200,131.0
1291424,131.0
1291632,131.0
1291808,148.0
1291984,131.0
1292368,130.0
1292432,131.0
1292528,131.0
1292928,131.0
1292944,131.0
1293312,131.0
1293456,131.0
1293728,130.0
1293792,131.0
1293904,130.0
1294080,130.0
1294336,131.0
1294640,131.0
1294672,143.0
1294688,131.0
1294752,153.0
1295072,145.0
1295568,131.0
1295712,149.0
1295840,131.0
1296016,131.0
1296192,131.0
1296448,131.0
1296784,131.0
1296800,131.0
1296816,68.0
1296912,146.0
1297056,131.0
1297152,149.0
1297152,131.0
1297168,131.0
1297952,131.0
1298048,61.0
1298128,131.0
1298176,141.0
1298928,131.0
1299024,131.0
1299120,145.0
1299264,131.0
1299264,130.0
1299584,131.0
1300096,205.0
1300160,131.0
1300208,157.0
1300240,131.0
1300272,62.0
1300288,131.0
1301024,130.0
1301120,65.0
1301184,131.0
1301232,61.0
1301296,151.0
1301360,130.0
1301648,148.0
1301696,131.0
1301888,43.0
1302192,130.0
1302384,131.0
1302608,152.0
1303104,131.0
1303120,130.0
1303232,131.0
1303232,131.0
1303296,61.0
1303328,130.0
1303344,131.0
1303664,143.0
1303760,131.0
1304128,62.0
1304144,152.0
1304304,131.0
1304480,130.0
1304496,130.0
1304704,130.0
1305328,130.0
1305344,131.0
1305392,130.0
1305440,131.0
1305504,149.0
1305776,131.0
1306080,42.0
1306336,146.0
1306416,131.0
1306608,131.0
1306704,62.0
1306816,131.0
1307104,98.0
1307440,131.0
1307600,152.0
1307616,131.0
1307840,231.0
1308272,155.0
1308288,131.0
1308400,144.0
1308432,60.0
1308704,130.0
1308816,131.0
1309216,131.0
1309360,93.0
1309408,62.0
1309536,130.0
1309728,131.0
1309840,65.0
1310384,131.0
1310400,131.0
1310624,131.0
1310800,130.0
1310816,131.0
1311168,146.0
1311696,154.0
1311712,67.0
1311952,131.0
1312064,131.0
1312144,150.0
1312496,131.0
1312512,131.0
1312704,208.0
1312912,131.0
1312928,131.0
1313312,152.0
1313632,131.0
1313808,131.0
1313920,131.0
1314064,131.0
1314176,131.0
1314256,131.0
1314816,131.0
1314960,131.0
1315040,131.0
1315184,141.0
1315376,131.0
1315600,142.0
1315936,131.0
1316176,131.0
1316240,151.0
1316272,130.0
1316368,131.0
1316720,174.0
1316720,131.0
1316912,131.0
1316928,131.0
1317296,131.0
1317712,131.0
1318272,130.0
1318304,147.0
1318352,131.0
1318368,130.0
1318688,315.0
1318832,131.0
1319008,130.0
1319040,41.0
1319040,131.0
1319248,130.0
1319824,131.0
1319888,130.0
1320384,131.0
1320400,130.0
1320624,61.0
1320800,131.0
1320832,154.0
1321104,130.0
1321280,131.0
1321520,251.0
1322000,131.0
1322272,131.0
1322272,152.0
1322480,130.0
1322704,131.0
1322784,148.0
1323264,131.0
1323392,131.0
1323472,131.0
1323536,65.0
1323632,84.0
1323632,131.0
1323680,131.0
1324384,131.0
1324672,64.0
1324816,131.0
1324848,98.0
1324896,131.0
1325056,131.0
1325216,143.0
1325328,131.0
1325504,131.0
1325632,130.0
1325744,131.0
1325792,131.0
1326224,131.0
1326640,131.0
1326928,131.0
1327008,131.0
1327328,131.0
1327440,131.0
1327504,62.0
1327744,131.0
1327760,131.0
1327776,131.0
1327856,131.0
1328608,131.0
1328752,131.0
1329024,130.0
1329056,131.0
1329104,130.0
1329616,131.0
1329632,131.0
1329840,156.0
1330224,147.0
1330736,49.0
1330864,131.0
1331136,131.0
1331520,66.0
1331648,130.0
1331728,61.0
1331728,130.0
1331728,131.0
1331952,131.0
1331968,130.0
1332000,131.0
1332336,131.0
1332384,131.0
1332976,131.0
1333104,131.0
1333328,131.0
1333632,131.0
1333632,154.0
1333760,131.0
1334064,131.0
1334496,131.0
1335088,131.0
1335360,131.0
1335440,131.0
1335472,147.0
1335744,131.0
1335744,131.0
1335936,131.0
1336160,130.0
1336176,131.0
1336240,154.0
1336304,154.0
1336608,131.0
1336720,48.0
1336896,131.0
1336928,131.0
1337056,131.0
1337472,131.0
1337552,131.0
1337584,131.0
1337856,131.0
1338272,131.0
1338288,131.0
1338608,63.0
1339040,131.0
1339120,149.0
1339280,148.0
1339552,130.0
1339600,131.0
1339952,131.0
1339968,131.0
1340064,131.0
1340832,131.0
1340880,154.0
1341152,131.0
1341232,131.0
1341392,62.0
1341680,131.0
1342032,154.0
1342064,131.0
1342080,131.0
1342176,131.0
1342480,130.0
1342928,130.0
1343216,145.0
1343264,131.0
1343504,131.0
1343776,130.0
1343824,131.0
1344144,131.0
1344176,130.0
1344288,131.0
1344352,62.0
1344592,131.0
1344720,141.0
1345328,131.0
1345360,130.0
1345552,131.0
1345616,131.0
1345680,131.0
1345888,131.0
1345936,131.0
1346096,93.0
1346288,131.0
1346384,130.0
1346496,144.0
1346496,146.0
1346880,48.0
1347168,152.0
1347648,130.0
1347728,149.0
1347728,131.0
1347728,131.0
1347824,95.0
1347888,130.0
1348032,130.0
1348496,131.0
1348560,130.0
1348608,131.0
1348832,62.0
1349664,65.0
1349744,130.0
1349904,131.0
1350016,142.0
1350112,131.0
1350368,145.0
1350608,131.0
1350720,131.0
1351088,131.0
1351216,148.0
1351776,131.0
1351856,131.0
1351952,131.0
1352080,61.0
1352112,131.0
1352128,131.0
1352176,151.0
1352336,155.0
1352672,143.0
1353056,152.0
1353328,131.0
1353520,174.0
1353568,131.0
1353968,131.0
1354064,131.0
1354128,131.0
1354176,130.0
1354240,131.0
1354288,131.0
1354592,147.0
1354752,150.0
1354768,130.0
1355152,130.0
1355424,130.0
1355616,130.0
1355952,131.0
1356000,131.0
1356352,131.0
1356400,131.0
1356432,143.0
1356448,141.0
1356464,64.0
1356592,131.0
1356848,130.0
1357264,131.0
1357728,131.0
1357792,131.0
1357840,61.0
1358064,131.0
1358112,131.0
1358288,131.0
1358384,69.0
1358464,131.0
1358512,131.0
1358528,130.0
1358560,131.0
1358960,130.0
1358960,155.0
1359088,131.0
1359552,67.0
1359840,131.0
1359904,131.0
1360160,130.0
1360400,131.0
1360592,154.0
1360624,131.0
1360672,131.0
1360848,153.0
1360864,145.0
1361072,131.0
1361072,131.0
1361648,130.0
1362288,152.0
1362320,131.0
1362384,131.0
1362512,131.0
1362704,131.0
1362784,131.0
1362928,131.0
1362960,131.0
1362976,131.0
1363312,131.0
1363760,131.0
1364384,131.0
1364400,148.0
1364432,131.0
1364496,131.0
1364624,131.0
1364800,130.0
1364848,131.0
1364880,130.0
1365040,131.0
1365424,131.0
1366320,131.0
1366480,130.0
1366544,131.0
1366608,131.0
1366912,131.0
1366928,89.0
1366992,131.0
1367152,131.0
1367184,131.0
1367536,131.0
1367984,131.0
1368432,131.0
1368624,131.0
1368704,130.0
1368976,155.0
1369040,131.0
1369264,143.0
1369296,131.0
1369408,146.0
1369920,148.0
1369968,95.0
1370288,143.0
1370736,131.0
1370800,130.0
1371088,131.0
1371104,152.0
1371136,131.0
1371408,131.0
1371520,131.0
1371552,131.0
1371664,147.0
1372016,130.0
1372400,131.0
1372480,69.0
1372832,130.0
1373168,93.0
1373200,131.0
1373216,131.0
1373248,131.0
1373584,131.0
1373840,151.0
1373856,63.0
1373920,147.0
1373936,150.0
1374112,130.0
1374192,131.0
1374592,131.0
1375232,144.0
1375264,130.0
1375312,130.0
1375872,131.0
1375952,131.0
1375968,131.0
1376032,131.0
1376064,154.0
1376464,70.0
1376544,151.0
1376704,131.0
1377216,142.0
1377328,130.0
1377360,45.0
1377424,131.0
1377472,131.0
1378080,131.0
1378144,131.0
1378176,131.0
1378352,154.0
1378448,149.0
1378816,131.0
1378896,50.0
1379472,131.0
1379584,131.0
1379616,149.0
1379616,49.0
1379856,131.0
1380256,131.0
1380288,131.0
1381008,131.0
1381088,131.0
1381248,131.0
1381376,153.0
1381584,131.0
1381648,131.0
1381696,131.0
1381728,131.0
1382368,96.0
1382368,131.0
1382400,131.0
1382560,130.0
1382752,68.0
1382816,141.0
1382832,62.0
1383120,131.0
1383200,131.0
1383488,131.0
1383808,131.0
1383984,149.0
1384096,147.0
1384288,49.0
1384512,131.0
1384832,153.0
1384928,131.0
1385232,131.0
1385520,62.0
1385808,131.0
1385920,130.0
1386192,131.0
1386400,143.0
1386400,131.0
1386832,131.0
1386976,131.0
1387024,130.0
1387040,131.0
1387616,130.0
1387664,131.0
1387744,156.0
1388304,131.0
1388368,152.0
1388512,131.0
1388928,130.0
1389136,131.0
1389424,131.0
1389776,131.0
1390416,131.0
1390480,131.0
1390608,130.0
1390736,131.0
1391184,130.0
1391264,131.0
1391456,144.0
1391600,131.0
1391824,130.0
1391968,131.0
1392400,130.0
1392704,130.0
1392704,131.0
1392832,130.0
1393248,131.0
1393296,131.0
1393376,131.0
1393648,131.0
1393712,62.0
1394336,147.0
1394784,140.0
1394816,131.0
1394944,146.0
1395360,131.0
1395408,131.0
1395600,131.0
1395664,130.0
1395744,130.0
1396080,147.0
1396112,131.0
1396112,149.0
1396256,145.0
1396400,64.0
1396448,131.0
1396624,131.0
1396928,131.0
1397040,131.0
1397264,154.0
1397520,131.0
1397600,131.0
1397712,131.0
1397856,131.0
1398032,147.0
1398192,131.0
1398224,131.0
1398224,131.0
1398512,131.0
1398560,131.0
1399040,131.0
1399360,130.0
1399472,151.0
1399712,131.0
1399824,143.0
1399824,131.0
1400176,144.0
1400304,131.0
1400320,130.0
1400480,131.0
1400672,131.0
1400672,152.0
1400720,62.0
1401152,131.0
1401152,131.0
1401472,131.0
1401824,57.0
1401840,147.0
1402256,131.0
1402288,131.0
1402608,143.0
1403120,152.0
1403264,131.0
1403584,131.0
1403920,130.0
1403968,60.0
1404048,131.0
1404288,152.0
1404400,131.0
1404816,148.0
1404896,131.0
1405088,64.0
1405360,131.0
1405376,131.0
1405392,61.0
1405696,131.0
1406032,131.0
1406736,152.0
1406816,131.0
1406848,71.0
1406864,153.0
1406928,131.0
1406992,130.0
1407040,130.0
1407424,131.0
1407440,146.0
1407472,131.0
1407472,131.0
1407488,130.0
1407776,149.0
1408192,131.0
1408976,131.0
1409040,131.0
1409136,144.0
1409136,130.0
1409344,155.0
1409536,130.0
1409584,131.0
1409584,131.0
1409600,131.0
1410304,131.0
1410448,62.0
1410960,66.0
1411088,131.0
1411216,131.0
1411248,131.0
1411328,142.0
1411440,130.0
1411536,149.0
1411648,131.0
1411648,131.0
1411952,147.0
1412016,150.0
1412560,131.0
1413344,130.0
1413360,149.0
1413440,131.0
1413552,130.0
1413552,131.0
1413744,130.0
1413872,145.0
1414096,187.0
1414448,151.0
1414464,131.0
1414672,131.0
1414912,131.0
1415440,130.0
1415440,131.0
1415472,131.0
1415536,130.0
1415552,131.0
1415664,131.0
1415856,131.0
1416224,130.0
1416352,154.0
1416528,151.0
1416832,148.0
1417168,155.0
1417552,131.0
1417552,131.0
1417568,130.0
1417632,130.0
1417664,131.0
1417776,131.0
1417952,130.0
1417984,131.0
1418336,131.0
1418480,43.0
1419264,130.0
1419664,131.0
1419680,131.0
1419888,131.0
1420064,131.0
1420080,130.0
1420144,154.0
1420448,131.0
1420576,131.0
1420576,130.0
1420768,130.0
1421776,131.0
1421776,131.0
1421856,131.0
1421952,143.0
1422000,131.0
1422192,131.0
1422592,131.0
1422688,131.0
1422864,131.0
1423136,147.0
1423888,131.0
1423888,131.0
1424064,131.0
1424112,131.0
1424272,130.0
1424304,131.0
1424976,131.0
1425040,173.0
1425216,143.0
1425520,131.0
1425600,131.0
1425904,68.0
1426000,131.0
1426176,131.0
1426224,131.0
1426320,44.0
1426368,130.0
1426400,130.0
1427056,244.0
1427152,131.0
1427200,131.0
1427328,131.0
1427616,130.0
1427984,83.0
1428016,131.0
1428112,131.0
1428288,131.0
1428336,131.0
1428368,64.0
1428416,130.0
1428464,130.0
1429168,130.0
1429264,131.0
1429360,143.0
1429536,145.0
1429712,130.0
1430224,131.0
1430336,144.0
1430448,131.0
1430464,130.0
1430528,131.0
1430624,131.0
1431040,131.0
1431280,131.0
1431808,152.0
1432544,130.0
1432640,131.0
1432672,152.0
1432688,131.0
1432736,131.0
1432880,150.0
1433152,131.0
1433152,175.0
1433584,149.0
1433600,270.0
1433664,146.0
1433904,130.0
1433936,131.0
1434528,143.0
1434656,131.0
1434848,131.0
1434848,131.0
1435152,154.0
1435264,131.0
1435568,150.0
1435712,56.0
1436016,131.0
1436064,154.0
1436272,69.0
1436624,130.0
1436848,131.0
1436960,131.0
1437104,131.0
1437376,131.0
1437680,131.0
1437808,131.0
1437824,131.0
1437856,130.0
1438176,131.0
1438208,152.0
1438352,145.0
1438864,131.0
1438944,130.0
1439056,130.0
1439072,152.0
1439216,131.0
1439488,131.0
1439920,131.0
1440016,145.0
1440096,141.0
1440272,130.0
1440304,152.0
1440320,131.0
1440496,131.0
1440800,152.0
1441056,131.0
1441152,130.0
1441216,69.0
1441328,131.0
1441392,144.0
1441584,130.0
1441920,69.0
1442032,131.0
1442128,131.0
1442416,131.0
1442608,131.0
1443056,173.0
1443088,131.0
1443328,131.0
1443424,130.0
1443488,130.0
1443696,131.0
1443872,169.0
1444144,131.0
1444224,130.0
1444480,130.0
1444512,130.0
1444528,131.0
1444704,130.0
1445168,131.0
1445440,131.0
1445520,146.0
1445536,131.0
1445712,73.0
1445808,131.0
1445968,130.0
1446144,131.0
1446240,130.0
1446240,131.0
1446320,130.0
1446608,130.0
1446640,131.0
1446800,130.0
1446928,152.0
1447136,82.0
1447632,131.0
1447712,131.0
1448352,131.0
1448352,131.0
1448368,149.0
1448448,143.0
1449200,149.0
1449456,144.0
1449632,130.0
1449744,131.0
1449760,154.0
1449936,131.0
1450480,131.0
1450560,131.0
1451152,131.0
1451216,131.0
1451312,131.0
1451744,131.0
1451856,130.0
1451856,131.0
1451856,131.0
1451920,130.0
1452464,101.0
1452560,130.0
1452576,131.0
1452944,150.0
1453248,130.0
1453664,67.0
1453856,131.0
1453952,130.0
1453968,131.0
1454016,130.0
1454256,149.0
1454416,131.0
1454464,48.0
1454528,154.0
1454576,131.0
1454704,131.0
1455056,131.0
1455776,131.0
1456016,146.0
1456080,131.0
1456432,150.0
1456480,244.0
1456528,131.0
1456576,131.0
1456688,131.0
1456816,131.0
1457376,144.0
1457392,46.0
1457520,130.0
1457728,131.0
1457776,67.0
1457824,155.0
1457888,131.0
1458080,131.0
1458128,131.0
1458192,131.0
1458448,131.0
1458704,141.0
1458928,131.0
1459408,125.0
1459488,131.0
1459584,61.0
1459632,131.0
1459920,130.0
1460000,131.0
1460240,131.0
1460304,131.0
1460544,130.0
1460816,131.0
1460992,146.0
1461024,130.0
1461520,131.0
1461600,131.0
1461696,131.0
1461744,131.0
1462032,131.0
1462096,130.0
1462928,131.0
1463264,153.0
1463360,145.0
1463632,131.0
1463712,131.0
1463808,131.0
1463840,130.0
1464192,131.0
1464320,142.0
1464416,131.0
1464480,148.0
1464784,131.0
1465376,131.0
1465456,63.0
1465456,130.0
1465824,131.0
1465920,131.0
1466080,152.0
1466528,131.0
1466592,131.0
1466752,131.0
1467120,131.0
1467488,131.0
1467568,131.0
1467920,130.0
1467984,131.0
1468608,64.0
1468608,131.0
1468640,131.0
1468704,131.0
1468848,130.0
1469088,68.0
1469200,130.0
1469232,131.0
1469264,131.0
1469824,243.0
1470016,130.0
1470720,131.0
1470752,131.0
1470992,148.0
1471232,148.0
1471360,130.0
1471632,149.0
1471648,152.0
1471664,173.0
1471792,131.0
1471936,131.0
1472016,131.0
1472128,131.0
1472448,48.0
1472736,131.0
1473216,130.0
1473344,131.0
1473440,152.0
1473632,151.0
1473680,144.0
1473904,131.0
1474032,130.0
1474080,152.0
1474128,131.0
1474496,65.0
1474528,149.0
1474848,131.0
1475440,130.0
1475664,152.0
1475792,131.0
1476016,131.0
1476240,131.0
1476512,151.0
1476608,131.0
1476656,61.0
1476672,131.0
1476832,143.0
1476960,131.0
1476960,131.0
1477072,131.0
1478256,131.0
1478320,143.0
1478352,131.0
1478544,155.0
1478768,131.0
1478928,130.0
1479072,131.0
1479072,153.0
1479152,131.0
1479184,131.0
1479712,149.0
1479888,50.0
1480016,131.0
1480432,131.0
1480448,130.0
1480656,131.0
1480704,130.0
1480864,130.0
1481184,131.0
1481264,131.0
1481520,50.0
1481776,131.0
1481856,192.0
1482368,154.0
1482448,151.0
1482544,131.0
1482560,131.0
1482848,61.0
1483296,131.0
1483568,148.0
1483616,144.0
1483888,131.0
1484464,49.0
1484480,131.0
1484560,131.0
1484640,130.0
1484656,130.0
1484944,131.0
1485376,131.0
1485680,131.0
1485728,131.0
1485744,131.0
1485888,131.0
1486048,131.0
1486208,141.0
1486528,144.0
1486576,131.0
1486592,131.0
1486768,131.0
1487056,131.0
1487488,131.0
1487520,131.0
1487792,131.0
1487840,131.0
1487872,83.0
1488000,140.0
1488368,131.0
1488400,146.0
1488672,130.0
1488704,131.0
1488992,61.0
1489120,146.0
1489200,131.0
1489408,146.0
1489424,63.0
1489632,131.0
1489888,130.0
1489968,130.0
1490112,131.0
1490256,150.0
1490480,131.0
1490480,65.0
1490800,130.0
1490880,131.0
1491216,130.0
1491520,131.0
1491696,131.0
1491744,131.0
1491824,131.0
1491984,130.0
1492080,131.0
1492224,131.0
1492352,130.0
1492592,131.0
1492592,66.0
1492992,131.0
1493280,154.0
1493328,131.0
1494176,151.0
1494192,131.0
1494192,147.0
1494688,130.0
1494704,131.0
1494960,131.0
1495104,131.0
1495920,131.0
1495936,156.0
1496144,64.0
1496304,131.0
1496368,130.0
1496432,145.0
1496448,131.0
1496800,131.0
1496800,130.0
1496944,154.0
1497040,177.0
1497072,131.0
1497440,62.0
1497488,131.0
1497792,61.0
1497952,70.0
1498032,131.0
1498256,154.0
1498256,131.0
1498400,153.0
1498400,131.0
1498480,131.0
1498816,147.0
1498912,131.0
1499600,131.0
1499840,149.0
1499904,131.0
1500064,131.0
1500368,131.0
1500496,130.0
1500576,130.0
1500800,149.0
1500928,131.0
1501024,131.0
1501088,63.0
1501152,130.0
1501248,130.0
1501392,131.0
1501712,131.0
1501952,131.0
1502016,131.0
1502240,130.0
1502480,131.0
1502608,131.0
1502688,131.0
1503024,130.0
1503184,130.0
1503232,148.0
1503360,131.0
1503376,130.0
1503504,131.0
1503504,146.0
1504576,66.0
1504592,146.0
1504720,131.0
1504800,131.0
1505008,130.0
1505136,131.0
1505344,131.0
1505456,130.0
1505520,49.0
1505616,131.0
1505808,151.0
1506240,131.0
1507120,131.0
1507248,152.0
1507248,131.0
1507456,131.0
1507632,131.0
1507728,141.0
1508352,131.0
1508800,131.0
1508816,131.0
1509008,144.0
1509104,85.0
1509216,130.0
1509488,131.0
1509568,131.0
1509680,151.0
1509744,131.0
1509744,131.0
1510384,131.0
1510448,130.0
1510656,50.0
1510912,131.0
1511120,147.0
1511824,145.0
1511984,143.0
1512496,131.0
1512752,130.0
1513008,130.0
1513024,131.0
1513024,64.0
1513232,131.0
1513232,131.0
1513328,131.0
1513952,131.0
1513952,131.0
1514048,145.0
1514608,131.0
1514848,130.0
1514928,60.0
1515008,131.0
1515120,130.0
1515136,131.0
1515328,130.0
1515440,131.0
1515584,146.0
1515904,131.0
1516032,174.0
1516160,131.0
1516400,152.0
1517072,153.0
1517216,131.0
1517232,130.0
1517312,143.0
1517552,131.0
1517680,130.0
1518000,130.0
1518112,64.0
1518128,130.0
1518272,131.0
1518512,131.0
1519056,130.0
1519200,130.0
1519312,130.0
1519344,66.0
1519424,131.0
1519440,131.0
1519552,131.0
1519664,131.0
1520080,215.0
1520096,130.0
1520224,131.0
1520400,141.0
1521104,62.0
1521312,131.0
1521376,144.0
1521424,131.0
1521424,130.0
1521456,131.0
1521536,131.0
1521664,131.0
1521888,152.0
1522192,131.0
1522704,154.0
1522736,131.0
1523104,338.0
1523216,131.0
1523424,131.0
1523488,131.0
1523536,131.0
1523552,130.0
1523648,131.0
1523776,131.0
1523888,131.0
1523904,154.0
1524000,131.0
1524304,131.0
1524624,131.0
1524800,130.0
1524832,130.0
1525072,93.0
1525504,142.0
1525584,130.0
1525648,130.0
1526000,131.0
1526160,148.0
1526352,146.0
1526416,131.0
1526688,173.0
1526736,131.0
1526912,131.0
1527168,130.0
1527328,131.0
1527744,130.0
1527856,131.0
1527952,143.0
1528016,131.0
1528096,130.0
1528272,131.0
1528784,130.0
1528848,131.0
1528896,154.0
1529008,130.0
1529424,130.0
1529440,155.0
1529728,131.0
1529808,131.0
1529856,131.0
1530064,131.0
1530128,131.0
1530208,131.0
1530384,131.0
1530576,131.0
1530880,130.0
1531008,131.0
1531536,131.0
1531552,131.0
1531840,131.0
1532080,131.0
1532176,131.0
1532320,131.0
1532496,131.0
1533104,130.0
1533232,131.0
1533648,131.0
1533952,131.0
1534032,131.0
1534048,131.0
1534080,131.0
1534176,130.0
1534288,131.0
1534432,131.0
1534480,51.0
1534816,144.0
1535216,131.0
1535280,74.0
1535312,63.0
1535344,131.0
1536064,131.0
1536064,131.0
1536144,130.0
1536288,131.0
1536432,130.0
1536544,131.0
1536576,130.0
1536784,130.0
1536896,131.0
1537184,55.0
1537328,131.0
1537392,131.0
1537408,130.0
1537456,131.0
1538208,147.0
1538256,131.0
1538416,146.0
1538672,130.0
1538896,131.0
1539008,131.0
1539008,130.0
1539296,131.0
1539328,131.0
1539424,147.0
1539440,131.0
1539504,131.0
1539568,131.0
1540320,131.0
1540368,131.0
1540752,130.0
1540784,131.0
1540816,149.0
1541360,146.0
1541424,130.0
1541424,150.0
1541536,131.0
1541552,131.0
1541600,130.0
1541632,131.0
1541680,131.0
1542160,49.0
1542464,130.0
1542768,131.0
1542848,130.0
1542896,131.0
1542928,131.0
1543088,130.0
1543312,131.0
1543520,131.0
1543536,131.0
1543648,131.0
1543664,131.0
1543712,131.0
1543792,131.0
1543936,143.0
1544272,131.0
1544880,131.0
1544912,152.0
1544960,131.0
1545040,131.0
1545200,131.0
1545328,151.0
1545568,140.0
1545632,130.0
1545760,131.0
1545776,131.0
1545824,131.0
1545936,60.0
1545984,152.0
1546384,131.0
1547008,130.0
1547296,130.0
1547440,131.0
1547744,131.0
1547744,131.0
1547920,146.0
1547936,131.0
1548048,131.0
1548096,131.0
1548496,131.0
1549088,130.0
1549120,131.0
1549248,131.0
1549552,131.0
1549856,131.0
1549856,131.0
1549984,131.0
1550032,130.0
1550160,131.0
1550176,131.0
1550592,152.0
1550608,131.0
1550672,50.0
1550688,149.0
1551200,131.0
1551232,131.0
1551520,131.0
1551952,130.0
1552080,130.0
1552144,131.0
1552288,131.0
1552320,131.0
1552400,147.0
1552432,131.0
1552704,131.0
1552704,130.0
1553296,130.0
1553344,131.0
1553632,131.0
1553760,130.0
1554256,131.0
1554352,149.0
1554400,131.0
1554512,131.0
1554544,131.0
1554816,131.0
1554816,131.0
1554896,131.0
1554912,131.0
1555392,130.0
1555440,130.0
1556240,154.0
1556464,131.0
1556528,141.0
1556544,131.0
1556656,131.0
1556928,131.0
1556928,131.0
1556960,152.0
1557504,131.0
1557552,131.0
1557840,130.0
1558576,131.0
1558656,71.0
1558768,131.0
1558784,155.0
1558976,131.0
1559040,131.0
1559056,130.0
1559120,131.0
1559328,131.0
1559760,137.0
1559952,131.0
1560672,130.0
1560736,130.0
1560768,131.0
1560896,131.0
1560928,131.0
1561152,131.0
1561152,131.0
1561168,131.0
1561232,131.0
1562480,64.0
1562784,131.0
1562992,131.0
1563008,131.0
1563184,152.0
1563200,131.0
1563216,152.0
1563264,131.0
1563280,131.0
1564176,131.0
1564352,66.0
1564592,131.0
1564880,130.0
1564992,131.0
1565104,131.0
1565296,131.0
1565312,131.0
1565328,131.0
1565360,130.0
1566096,131.0
1566464,131.0
1567120,131.0
1567264,148.0
1567296,143.0
1567408,131.0
1567424,131.0
1567424,131.0
1567504,149.0
1567568,131.0
1567872,130.0
1568000,106.0
1568208,131.0
1569232,131.0
1569392,130.0
1569536,130.0
1569584,131.0
1569744,131.0
1569856,152.0
1569888,144.0
1569984,131.0
1570112,131.0
1570224,61.0
1570304,130.0
1570864,142.0
1571168,79.0
1571504,131.0
1571616,131.0
1571648,131.0
1571728,131.0
1571856,131.0
1571904,131.0
1572192,175.0
1572336,131.0
1572400,142.0
1572416,131.0
1572960,130.0
1573088,91.0
1573616,131.0
1573760,131.0
1573840,131.0
1573952,130.0
1573968,131.0
1574144,185.0
1574208,131.0
1574448,131.0
1574512,131.0
1575200,131.0
1575392,151.0
1575728,131.0
1575856,130.0
1575952,131.0
1576064,131.0
1576080,131.0
1576176,150.0
1576192,131.0
1576256,131.0
1576272,131.0
1576320,131.0
1576384,130.0
1576560,131.0
1576640,131.0
1577072,49.0
1577312,131.0
1577504,131.0
1577968,131.0
1578000,141.0
1578288,131.0
1578304,131.0
1578352,141.0
1578416,130.0
1578496,131.0
1578528,153.0
1578672,131.0
1578704,152.0
1578736,131.0
1579152,129.0
1579424,131.0
1579440,174.0
1579488,74.0
1579600,130.0
1580272,141.0
1580416,131.0
1580480,156.0
1580528,131.0
1580768,130.0
1580832,130.0
1581296,63.0
1581600,131.0
1581744,143.0
1581840,146.0
1581936,145.0
1582528,131.0
1582560,130.0
1582752,131.0
1582928,61.0
1582928,131.0
1582944,131.0
1582992,131.0
1583632,131.0
1583648,131.0
1583760,153.0
1583856,131.0
1583952,131.0
1584000,149.0
1584672,131.0
1584688,65.0
1584992,131.0
1585104,131.0
1585344,150.0
1585728,174.0
1585856,130.0
1585968,131.0
1586064,131.0
1586112,131.0
1586784,131.0
1586800,131.0
1586848,131.0
1586976,131.0
1587088,130.0
1587136,131.0
1587168,131.0
1587776,151.0
1588416,146.0
1588528,151.0
1588864,131.0
1589088,131.0
1589136,66.0
1589184,130.0
1589280,131.0
1589328,131.0
1589888,131.0
1589952,131.0
1590528,131.0
1590688,131.0
1591008,131.0
1591072,131.0
1591392,131.0
1591488,146.0
1591520,61.0
1591664,154.0
1592064,131.0
1592512,152.0
1592800,131.0
1592992,131.0
1593296,130.0
1593360,148.0
1593408,149.0
1593456,131.0
1593472,153.0
1593504,131.0
1593552,131.0
1593632,131.0
1593776,131.0
1593888,149.0
1594112,131.0
1594896,130.0
1595296,131.0
1595392,149.0
1595472,131.0
1595504,130.0
1595568,131.0
1595584,131.0
1595648,130.0
1595888,131.0
1596000,131.0
1596016,148.0
1597008,131.0
1597296,50.0
1597392,130.0
1597616,131.0
1597696,131.0
1597728,131.0
1597920,152.0
1598096,130.0
1598128,131.0
1598144,149.0
1598320,131.0
1598432,64.0
1598560,66.0
1599120,131.0
1599504,131.0
1599728,131.0
1599808,131.0
1599840,131.0
1599872,131.0
1600016,146.0
1600032,131.0
1600256,131.0
1600432,131.0
1600448,144.0
1600672,131.0
1601120,67.0
1601616,131.0
1601840,131.0
1601920,131.0
1601984,131.0
1602192,130.0
1602304,153.0
1602320,143.0
1602368,131.0
1602544,131.0
1602656,131.0
1603024,146.0
1603232,131.0
1603344,131.0
1603616,131.0
1603952,131.0
1604032,131.0
1604096,131.0
1604416,130.0
1604416,131.0
1604432,131.0
1604480,131.0
1604672,131.0
1605120,218.0
1605136,131.0
1605344,131.0
1605456,131.0
1605984,147.0
1606208,131.0
1606528,131.0
1606528,131.0
1606592,131.0
1606736,173.0
1606736,131.0
1606752,130.0
1606784,131.0
1606864,130.0
1607456,131.0
1608320,131.0
1608640,131.0
1608848,131.0
1608896,131.0
1608992,131.0
1609344,130.0
1610208,131.0
1610432,131.0
1610464,231.0
1610720,131.0
1610736,130.0
1610752,131.0
1610784,130.0
1611008,131.0
1611088,130.0
1611168,144.0
1611328,131.0
1611424,131.0
1611424,61.0
1611456,131.0
1611504,245.0
1612320,131.0
1612480,65.0
1612864,131.0
1613024,143.0
1613136,149.0
1613280,131.0
1613440,146.0
1613568,131.0
1613776,131.0
1613824,149.0
1614976,131.0
1615040,131.0
1615424,131.0
1615552,141.0
1615552,131.0
1615824,50.0
1615872,130.0
1615936,131.0
1617088,131.0
1617152,131.0
1617328,130.0
1617536,131.0
1617648,131.0
1617744,136.0
1618048,131.0
1618128,152.0
1618240,147.0
1618816,131.0
1619344,131.0
1619440,131.0
1619648,131.0
1619760,130.0
1619760,131.0
1619776,95.0
1619856,131.0
1620240,131.0
1620624,79.0
1620928,131.0
1621024,131.0
1621312,131.0
1621744,131.0
1621744,154.0
1621872,131.0
1621872,131.0
1622128,68.0
1622160,131.0
1622416,141.0
1622736,131.0
1623088,131.0
1623424,131.0
1623648,131.0
1623840,130.0
1623856,130.0
1624160,150.0
1624176,143.0
1624192,144.0
1624240,131.0
1624256,130.0
1624752,149.0
1624832,130.0
1625152,131.0
1625200,131.0
1625520,130.0
1625760,131.0
1626144,143.0
1626352,130.0
1626352,131.0
1626352,130.0
1626608,152.0
1626848,130.0
1626928,149.0
1627216,148.0
1627312,131.0
1627504,146.0
1627632,131.0
1627872,131.0
1627904,42.0
1628256,131.0
1628464,131.0
1628656,131.0
1628704,150.0
1628768,154.0
1628960,131.0
1628992,148.0
1629040,131.0
1629424,131.0
1629616,131.0
1629984,131.0
1630016,131.0
1630160,131.0
1630576,131.0
1630768,131.0
1630816,131.0
1631040,141.0
1631040,131.0
1631152,131.0
1631712,130.0
1631776,146.0
1632080,93.0
1632256,130.0
1632416,149.0
1632736,147.0
1632912,130.0
1633136,130.0
1633168,131.0
1633616,131.0
1633808,130.0
1634288,131.0
1634400,131.0
1634528,131.0
1634848,131.0
1634992,131.0
1635040,131.0
1635248,131.0
1635376,131.0
1635488,149.0
1635728,131.0
1635920,131.0
1635968,130.0
1636400,131.0
1637104,131.0
1637424,131.0
1637472,151.0
1637840,131.0
1638080,131.0
1638496,130.0
1639056,131.0
1639216,131.0
1639472,130.0
1639520,130.0
1639584,131.0
1639696,131.0
1639856,154.0
1640144,131.0
1640176,130.0
1640304,153.0
1640608,131.0
1640848,130.0
1641312,130.0
1641408,146.0
1641584,131.0
1641968,152.0
1642080,131.0
1642416,131.0
1642720,131.0
1642784,131.0
1643968,148.0
1644064,131.0
1644080,131.0
1644080,131.0
1644448,130.0
1644480,149.0
1644512,130.0
1644832,131.0
1644896,131.0
1645136,66.0
1645360,131.0
1645840,150.0
1645920,48.0
1646016,131.0
1646192,131.0
1646432,146.0
1646592,131.0
1646624,131.0
1646944,131.0
1647472,131.0
1648032,131.0
1648128,131.0
1648224,146.0
1648352,141.0
1648496,143.0
1648688,130.0
1648720,130.0
1648896,145.0
1649440,155.0
1649568,130.0
1650032,131.0
1650240,131.0
1650336,131.0
1650464,131.0
1650608,131.0
1650672,131.0
1651008,131.0
1651056,131.0
1651232,131.0
1651552,131.0
1651680,131.0
1652336,130.0
1652416,148.0
1652448,131.0
1652496,146.0
1652784,131.0
1653120,142.0
1653120,131.0
1653344,131.0
1653344,131.0
1653648,130.0
1653776,130.0
1654528,131.0
1654592,130.0
1654688,131.0
1655104,131.0
1655216,130.0
1655456,131.0
1655456,131.0
1655536,61.0
1655600,154.0
1655888,131.0
1655920,76.0
1656560,131.0
1656624,130.0
1656944,146.0
1657216,131.0
1657216,131.0
1657312,130.0
1657392,131.0
1657552,130.0
1657568,131.0
1657648,131.0
1657648,148.0
1657696,131.0
1657760,50.0
1657856,131.0
1658656,130.0
1658736,131.0
1659088,131.0
1659328,131.0
1659424,131.0
1659504,131.0
1659664,131.0
1659680,131.0
1659744,130.0
1659760,131.0
1659808,131.0
1659824,131.0
1659872,131.0
1660144,142.0
1661104,152.0
1661184,67.0
1661536,131.0
1661776,131.0
1661856,131.0
1661856,146.0
1661872,47.0
1661872,131.0
1661968,151.0
1661968,130.0
1662256,131.0
1663296,131.0
1663600,131.0
1663648,131.0
1663888,131.0
1663968,130.0
1664080,131.0
1664128,131.0
1664512,75.0
1665008,131.0
1665344,79.0
1665616,148.0
1665712,131.0
1665760,131.0
1665984,130.0
1666096,131.0
1666192,131.0
1666240,131.0
1666384,150.0
1666384,151.0
1666464,131.0
1666880,147.0
1667120,131.0
1667360,60.0
1667456,131.0
1667664,48.0
1667728,131.0
1667824,131.0
1668096,131.0
1668160,149.0
1668192,130.0
1668256,70.0
1668336,130.0
1668448,143.0
1668576,131.0
1669472,131.0
1669840,131.0
1670304,131.0
1670368,131.0
1670736,149.0
1670752,143.0
1671520,173.0
1671664,131.0
1671952,131.0
1672032,130.0
1672320,131.0
1672384,131.0
1672480,131.0
1672800,131.0
1672864,131.0
1673152,131.0
1673632,131.0
1673952,49.0
1674016,151.0
1674160,155.0
1674528,131.0
1674576,130.0
1674752,176.0
1674848,131.0
1674912,131.0
1674944,131.0
1674976,131.0
1675088,131.0
1675424,193.0
1675744,131.0
1676064,131.0
1676240,131.0
1676272,131.0
1676368,146.0
1676416,131.0
1676624,130.0
1676848,130.0
1676928,152.0
1677088,131.0
1677200,131.0
1677536,131.0
1678048,67.0
1678160,130.0
1678736,131.0
1678800,131.0
1678960,131.0
1679040,131.0
1679136,131.0
1679456,149.0
1679584,148.0
1679648,131.0
1679968,131.0
1680160,131.0
1680496,131.0
1680640,131.0
1680800,152.0
1680864,149.0
1680912,131.0
1681056,130.0
1681136,149.0
1681152,131.0
1681232,130.0
1681504,143.0
1681568,131.0
1681696,131.0
1682064,130.0
1682384,131.0
1682592,130.0
1682752,131.0
1682848,67.0
1682896,130.0
1683024,131.0
1683152,130.0
1683232,130.0
1683264,131.0
1683344,131.0
1683600,130.0
1683680,131.0
1683808,131.0
1684704,131.0
1684864,131.0
1684960,131.0
1685008,131.0
1685120,130.0
1685264,131.0
1685456,131.0
1686016,131.0
1686112,156.0
1686160,146.0
1686464,130.0
1686496,144.0
1686528,71.0
1686592,131.0
1686816,131.0
1687072,131.0
1687232,131.0
1687584,131.0
1688128,131.0
1688576,131.0
1688608,131.0
1688624,156.0
1689088,131.0
1689168,146.0
1689184,131.0
1689232,131.0
1689344,131.0
1689600,61.0
1689984,150.0
1690176,141.0
1690224,130.0
1690384,131.0
1690736,131.0
1691104,131.0
1691280,131.0
1691296,131.0
1691344,131.0
1691456,131.0
1691584,131.0
1691712,131.0
1691808,131.0
1692336,131.0
1692432,152.0
1692480,143.0
1692848,131.0
1693104,150.0
1693296,131.0
1693296,154.0
1693440,130.0
1693680,148.0
1693696,131.0
1694192,154.0
1694448,131.0
1694592,131.0
1694960,131.0
1695216,131.0
1695232,64.0
1695408,131.0
1695680,131.0
1695776,130.0
1696656,131.0
1697072,131.0
1697344,131.0
1697376,130.0
1697520,131.0
1697600,130.0
1697648,130.0
1697888,131.0
1697920,131.0
1698112,130.0
1698464,67.0
1698624,131.0
1698672,131.0
1698752,130.0
1698912,61.0
1699056,130.0
1699424,131.0
1699456,148.0
1699632,131.0
1699712,131.0
1699760,131.0
1699760,67.0
1700416,61.0
1700848,130.0
1701152,130.0
1701312,149.0
1701552,130.0
1701744,131.0
1701840,148.0
1701856,131.0
1702096,131.0
1702144,151.0
1702272,156.0
1702288,149.0
1702336,131.0
1702512,130.0
1702688,131.0
1702848,131.0
1702960,131.0
1703168,63.0
1703344,66.0
1703424,131.0
1703664,131.0
1703968,131.0
1704192,130.0
1704288,130.0
1704720,148.0
1704960,152.0
1705072,131.0
1705376,131.0
1705440,130.0
1705520,130.0
1705776,131.0
1706064,131.0
1706064,130.0
1706400,131.0
1706496,131.0
1707072,131.0
1707168,130.0
1707184,131.0
1707632,131.0
1707776,145.0
1707888,131.0
1708176,131.0
1708416,131.0
1708800,149.0
1709104,152.0
1709280,131.0
1709360,130.0
1709488,131.0
1709584,130.0
1709744,131.0
1709888,131.0
1710000,131.0
1710288,131.0
1710560,149.0
1710720,131.0
1710912,131.0
1711472,131.0
1711584,131.0
1711600,131.0
1711680,149.0
1711696,149.0
1711696,131.0
1711856,131.0
1711984,130.0
1712112,131.0
1712656,130.0
1712672,148.0
1712832,131.0
1712960,130.0
1713024,131.0
1713328,131.0
1713360,131.0
1713584,131.0
1713696,131.0
1713712,131.0
1713808,131.0
1713808,131.0
1713968,131.0
1714096,131.0
1714128,152.0
1714224,131.0
1714752,65.0
1715024,146.0
1715472,131.0
1715920,131.0
1716080,131.0
1716240,131.0
1716336,131.0
1716832,39.0
1716880,49.0
1717232,130.0
1717344,149.0
1717552,131.0
1717584,131.0
1718032,131.0
1718256,151.0
1718272,146.0
1718352,131.0
1718816,154.0
1718976,130.0
1718976,131.0
1719040,128.0
1719152,143.0
1719184,146.0
1719344,131.0
1719456,131.0
1719648,130.0
1720384,131.0
1720480,63.0
1720928,131.0
1721072,130.0
1721088,131.0
1721456,131.0
1721568,148.0
1721760,131.0
1722448,131.0
1722480,130.0
1722480,131.0
1722496,146.0
1722576,131.0
1722592,131.0
1722848,131.0
1723184,131.0
1723504,131.0
1723552,130.0
1723568,150.0
1723664,130.0
1723872,131.0
1724672,130.0
1724960,154.0
1725136,131.0
1725312,131.0
1725664,131.0
1725984,131.0
1726000,64.0
1726112,152.0
1726784,131.0
1726816,131.0
1726944,149.0
1727072,131.0
1727424,131.0
1727712,131.0
1727776,131.0
1727792,131.0
1727792,131.0
1727840,63.0
1728096,131.0
1728128,152.0
1728496,155.0
1728592,154.0
1729056,131.0
1729120,281.0
1729456,148.0
1729520,131.0
1729536,131.0
1729808,130.0
1729904,131.0
1729904,131.0
1729952,131.0
1730208,131.0
1730224,152.0
1730608,131.0
1730704,131.0
1731280,131.0
1731568,131.0
1731616,130.0
1731920,131.0
1731984,152.0
1732000,130.0
1732016,131.0
1732064,131.0
1732720,131.0
1733088,148.0
1733264,130.0
1733392,131.0
1733680,131.0
1733728,131.0
1734096,131.0
1734112,131.0
1734176,131.0
1734352,131.0
1734448,131.0
1735424,145.0
1735504,131.0
1735696,131.0
1735792,131.0
1736208,130.0
1736208,131.0
1736224,131.0
1736288,131.0
1736560,131.0
1737488,131.0
1737616,131.0
1737936,131.0
1738320,131.0
1738320,131.0
1738336,131.0
1738400,131.0
1738640,131.0
1738672,131.0
1739056,131.0
1739584,130.0
1739728,131.0
1739920,131.0
1739952,131.0
1739952,131.0
1740368,131.0
1740416,130.0
1740448,131.0
1740512,131.0
1740752,131.0
1740784,131.0
1741024,130.0
1741696,131.0
1741728,131.0
1741840,131.0
1742064,131.0
1742144,131.0
1742352,151.0
1742528,131.0
1742560,131.0
1742704,141.0
1742896,131.0
1743088,145.0
1743136,131.0
1743264,130.0
1743840,131.0
1743952,131.0
1744176,131.0
1744208,156.0
1744576,130.0
1744624,154.0
1744672,131.0
1744720,130.0
1745200,143.0
1745200,155.0
1745376,131.0
1745952,131.0
1746064,131.0
1746288,131.0
1746320,131.0
1746784,131.0
1747296,130.0
1747312,131.0
1747344,130.0
1747616,131.0
1748064,131.0
1748176,131.0
1748384,130.0
1748560,131.0
1748784,130.0
1748960,131.0
1749296,69.0
1749424,131.0
1749600,131.0
1749792,152.0
1750544,131.0
1750672,131.0
1750848,153.0
1750896,131.0
1751008,131.0
1751040,131.0
1751408,131.0
1751504,130.0
1751536,131.0
1751584,64.0
1751712,131.0
1751808,148.0
1751840,131.0
1752096,143.0
1752272,131.0
1752768,130.0
1752944,130.0
1753008,131.0
1753152,131.0
1753168,131.0
1753520,131.0
1753824,131.0
1753952,131.0
1754144,61.0
1754208,131.0
1754384,131.0
1755120,131.0
1755232,131.0
1755280,131.0
1755808,131.0
1755808,142.0
1755936,131.0
1756288,65.0
1756320,131.0
1756400,152.0
1756992,131.0
1757168,131.0
1757232,131.0
1757392,131.0
1757536,130.0
1757920,131.0
1758048,131.0
1758128,149.0
1758208,149.0
1758336,143.0
1758400,131.0
1758512,131.0
1758592,130.0
1758672,146.0
1759280,131.0
1759632,130.0
1759728,145.0
1760032,131.0
1760448,131.0
1760480,141.0
1760512,143.0
1760688,142.0
1760704,131.0
1760768,131.0
1761216,131.0
1761440,131.0
1761648,147.0
1761744,131.0
1762240,49.0
1762272,131.0
1762336,131.0
1762592,131.0
1762624,131.0
1762736,131.0
1762816,131.0
1762896,152.0
1763248,154.0
1763296,131.0
1763664,152.0
1764048,149.0
1764160,150.0
1764224,130.0
1764352,131.0
1764384,131.0
1764448,131.0
1764688,130.0
1764736,131.0
1764912,131.0
1764912,130.0
1765008,131.0
1765088,146.0
1765696,149.0
1765776,131.0
1766064,131.0
1766160,131.0
1766256,130.0
1766464,131.0
1766496,131.0
1766560,131.0
1766800,131.0
1767008,130.0
1767120,131.0
1767200,131.0
1767808,131.0
1768160,130.0
1768368,131.0
1768448,131.0
1768560,149.0
1768576,131.0
1768608,131.0
1768960,131.0
1769120,131.0
1769312,131.0
1769552,130.0
1769920,131.0
1770000,131.0
1770272,131.0
1770480,131.0
1770560,131.0
1770672,131.0
1770688,131.0
1771024,131.0
1771072,131.0
1771248,131.0
1771488,147.0
1771664,131.0
1771760,152.0
1772112,131.0
1772384,131.0
1772592,131.0
1772864,130.0
1772992,151.0
1773008,61.0
1773184,131.0
1773232,156.0
1773360,131.0
1773456,131.0
1773552,89.0
1773776,131.0
1774480,130.0
1774704,131.0
1775120,131.0
1775296,131.0
1775456,130.0
1775856,149.0
1775888,131.0
1775968,131.0
1775984,149.0
1776144,60.0
1776976,141.0
1777008,131.0
1777072,130.0
1777456,131.0
1777776,131.0
1777824,147.0
1777968,131.0
1777984,130.0
1778096,131.0
1779104,156.0
1779184,131.0
1779344,131.0
1779504,131.0
1779888,151.0
1779920,130.0
1780080,131.0
1780096,131.0
1780144,147.0
1780192,131.0
1780352,63.0
1780368,131.0
1780736,50.0
1780880,173.0
1781200,130.0
1781472,149.0
1781504,134.0
1781616,131.0
1781632,156.0
1782000,131.0
1782208,131.0
1782336,130.0
1782464,131.0
1782848,131.0
1782992,131.0
1783312,131.0
1783584,131.0
1783600,130.0
1783776,131.0
1784032,149.0
1784288,131.0
1784336,130.0
1784448,131.0
1784752,152.0
1785616,43.0
1785696,131.0
1785824,66.0
1786144,131.0
1786192,130.0
1786224,131.0
1786400,131.0
1786432,131.0
1786448,131.0
1786704,131.0
1787264,144.0
1788192,131.0
1788256,131.0
1788304,131.0
1788320,155.0
1788320,130.0
1788512,131.0
1788544,130.0
1789376,131.0
1789648,131.0
1789680,130.0
1789728,131.0
1790160,131.0
1790352,130.0
1790592,149.0
1790880,147.0
1790928,131.0
1791472,130.0
1791680,130.0
1791696,64.0
1791760,131.0
1791952,131.0
1792064,148.0
1792448,130.0
1792512,131.0
1792528,131.0
1792544,131.0
1792688,130.0
1792976,130.0
1793104,67.0
1793200,141.0
1793568,130.0
1793792,131.0
1793808,131.0
1793856,130.0
1794064,131.0
1794368,131.0
1794560,131.0
1794624,131.0
1794656,152.0
1794784,130.0
1795216,131.0
1795312,131.0
1795680,131.0
1795904,131.0
1795920,131.0
1796032,154.0
1796272,130.0
1796480,131.0
1796736,131.0
1796768,131.0
1796896,131.0
1797184,130.0
1797328,131.0
1797424,131.0
1798016,131.0
1798032,146.0
1798144,131.0
1798240,141.0
1798384,131.0
1798784,131.0
1798848,130.0
1798992,130.0
1799792,153.0
1799808,63.0
1800128,130.0
1800144,131.0
1800256,131.0
1800352,145.0
1800496,131.0
1800944,131.0
1800976,130.0
1801040,131.0
1801632,130.0
1801904,131.0
1801920,131.0
1802256,131.0
1802592,130.0
1802864,156.0
1803040,130.0
1803056,131.0
1803072,130.0
1803168,130.0
1803392,146.0
1803504,131.0
1803632,145.0
1803744,131.0
1804016,131.0
1804032,131.0
1804128,67.0
1804352,131.0
1804544,131.0
1804704,131.0
1805168,131.0
1805184,131.0
1805280,131.0
1805328,153.0
1805504,131.0
1805616,131.0
1805744,131.0
1806128,131.0
1806144,131.0
1806304,42.0
1806464,131.0
1806656,131.0
1806816,131.0
1807424,130.0
1807440,131.0
1807600,130.0
1807808,61.0
1807856,131.0
1808144,131.0
1808224,130.0
1808336,131.0
1808576,131.0
1808576,130.0
1809488,130.0
1809536,131.0
1809696,130.0
1809696,149.0
1809904,130.0
1810336,131.0
1810448,131.0
1810512,131.0
1810528,148.0
1810688,131.0
1810688,131.0
1811648,131.0
1811808,131.0
1811840,146.0
1812064,131.0
1812096,131.0
1812176,154.0
1812544,130.0
1812640,131.0
1812832,144.0
1812896,143.0
1813024,145.0
1813024,145.0
1813632,131.0
1813744,66.0
1813904,130.0
1813952,131.0
1814112,131.0
1814176,131.0
1814336,144.0
1814752,131.0
1814944,131.0
1815008,131.0
1815120,130.0
1815136,131.0
1815856,131.0
1815872,131.0
1816016,131.0
1816032,149.0
1816400,131.0
1816448,131.0
1816768,131.0
1816864,131.0
1817344,149.0
1817440,151.0
1817984,131.0
1818144,131.0
1818432,131.0
1818432,150.0
1818512,130.0
1818560,131.0
1819344,131.0
1819456,131.0
1819808,150.0
1820080,130.0
1820240,130.0
1820464,130.0
1820544,131.0
1820624,131.0
1820672,131.0
1820832,63.0
1821440,130.0
1821568,64.0
1821664,131.0
1822192,131.0
1822336,130.0
1822656,131.0
1822720,130.0
1822768,130.0
1822800,130.0
1822944,131.0
1823008,130.0
1823168,130.0
1823376,131.0
1823664,130.0
1823680,131.0
1823776,131.0
1824544,130.0
1824576,149.0
1824656,61.0
1824912,131.0
1825120,131.0
1825456,156.0
1825472,130.0
1825888,131.0
1825984,89.0
1827088,144.0
1827232,131.0
1827360,130.0
1827568,131.0
1827744,131.0
1827984,130.0
1828096,131.0
1828672,131.0
1828768,130.0
1828816,149.0
1828880,131.0
1828928,244.0
1829120,130.0
1829504,131.0
1829680,131.0
1829856,131.0
1830032,152.0
1830496,149.0
1830672,131.0
1830784,131.0
1830864,130.0
1830928,131.0
1831040,131.0
1831232,131.0
1831280,149.0
1831456,131.0
1831584,131.0
1831968,131.0
1832208,131.0
1832608,131.0
1832784,131.0
1832976,131.0
1833024,130.0
1833344,131.0
1833408,131.0
1833568,131.0
1833712,131.0
1834240,130.0
1834240,131.0
1834288,144.0
1834320,131.0
1834720,131.0
1835008,131.0
1836400,131.0
1836576,145.0
1837248,131.0
1837568,131.0
1837632,131.0
1837856,130.0
1838064,149.0
1838128,131.0
1838448,142.0
1838512,131.0
1838688,65.0
1839456,130.0
1839584,131.0
1839680,131.0
1839952,130.0
1840176,131.0
1840240,131.0
1840352,131.0
1840608,130.0
1840784,130.0
1841040,131.0
1841232,131.0
1841472,131.0
1841488,131.0
1841552,130.0
1842032,146.0
1842048,130.0
1842064,131.0
1842352,131.0
1842464,131.0
1842672,131.0
1842896,131.0
1842960,131.0
1842976,147.0
1843152,131.0
1843344,131.0
1843568,130.0
1843664,131.0
1843808,131.0
1844128,130.0
1844160,131.0
1844176,131.0
1844384,130.0
1844688,145.0
1845008,131.0
1845024,146.0
1845072,131.0
1845088,131.0
1845712,131.0
1846080,141.0
1846272,131.0
1846288,131.0
1846480,130.0
1846576,152.0
1846800,131.0
1847200,131.0
1847472,152.0
1847552,131.0
1847888,131.0
1848048,145.0
1848192,131.0
1848384,131.0
1848400,131.0
1848592,131.0
1848688,131.0
1849136,152.0
1849664,154.0
1849808,131.0
1849824,146.0
1850000,131.0
1850288,130.0
1850496,152.0
1850512,131.0
1850704,131.0
1850768,148.0
1850800,131.0
1851344,131.0
1851344,131.0
