/home/UFAD/tcuevasmestanza/.conda/envs/racing/lib/python3.12/site-packages/tyro/_parsers.py:353: UserWarning: The field `track-seed` is annotated with type `<class 'int'>`, but the default value `None` has type `<class 'NoneType'>`. We'll try to handle this gracefully, but it may cause unexpected behavior.
  warnings.warn(message)
/home/UFAD/tcuevasmestanza/.conda/envs/racing/lib/python3.12/site-packages/tyro/_parsers.py:353: UserWarning: The field `wandb-entity` is annotated with type `<class 'str'>`, but the default value `None` has type `<class 'NoneType'>`. We'll try to handle this gracefully, but it may cause unexpected behavior.
  warnings.warn(message)
/home/UFAD/tcuevasmestanza/.conda/envs/racing/lib/python3.12/site-packages/tyro/_parsers.py:353: UserWarning: The field `target-kl` is annotated with type `<class 'float'>`, but the default value `None` has type `<class 'NoneType'>`. We'll try to handle this gracefully, but it may cause unexpected behavior.
  warnings.warn(message)
/home/UFAD/tcuevasmestanza/.conda/envs/racing/lib/python3.12/site-packages/tyro/_parsers.py:353: UserWarning: The field `resume-path` is annotated with type `<class 'str'>`, but the default value `None` has type `<class 'NoneType'>`. We'll try to handle this gracefully, but it may cause unexpected behavior.
  warnings.warn(message)
Experiment info saved → runs/adaptive_fps_track_aware_lstm/CarRacing_VarFramerate_fc_1.7_bud_90_04-08-13-45-35/info_settings.txt
Device: cpu
Navigation model path: experiments/navigation/CarRacing-v3__train__1__1785768450/final.pt
Navigation Model loaded on cpu
Navigation Model loaded on cpu
Navigation Model loaded on cpu
Navigation Model loaded on cpu
Navigation Model loaded on cpu
Navigation Model loaded on cpu
Navigation Model loaded on cpu
Navigation Model loaded on cpu
Navigation Model loaded on cpu
Navigation Model loaded on cpu
Navigation Model loaded on cpu
Navigation Model loaded on cpu
Navigation Model loaded on cpu
Navigation Model loaded on cpu
Navigation Model loaded on cpu
Navigation Model loaded on cpu
Navigation Model loaded on cpu
global_step=1024 | return=0.66 | steps=64 | track=bf852f074f76cb8e48bdb1248b339ad3
global_step=2080 | return=-134.25 | steps=130 | track=f7cfd04c8cd6ce6e0bbdc759342233ba
global_step=2096 | return=-163.25 | steps=131 | track=9febeb659438f4b471d52635cbf40530
global_step=2096 | return=-140.26 | steps=131 | track=4ff49e2794ee29fab339403b9c2a93d4
global_step=2096 | return=-138.81 | steps=131 | track=d19a8e338e4531b00408ff54623f0a17
global_step=2096 | return=-151.43 | steps=131 | track=71907f4ee0f1caff9da6fae85a109b0b
global_step=2096 | return=-148.91 | steps=131 | track=5e4d28d2492abe490d122165fc8608d1
global_step=2096 | return=-141.48 | steps=131 | track=4fcec59fad0546aa38e4b2b81b681605
global_step=2096 | return=-145.34 | steps=131 | track=4323d5153d9366553ccfa29ef4c48c9e
global_step=2096 | return=-142.33 | steps=131 | track=2e92cea8a6475a9ad873e7a0e1eec097
global_step=2096 | return=-147.06 | steps=131 | track=0bec109996b922dfe160dea1fbeb519e
global_step=2096 | return=-148.95 | steps=131 | track=8c1ec2d0421a46754226e26572080dfc
global_step=2096 | return=-140.73 | steps=131 | track=4825e104fc60900a599980fb1547815b
global_step=2096 | return=-129.22 | steps=131 | track=bd47961d7b3c05775628c77d56e7d60d
global_step=2288 | return=-106.48 | steps=143 | track=89036293d3ed06688e476f099188b6a1
global_step=2336 | return=-5.55 | steps=81 | track=f9f4dcdcd68eefd508021a21fd0fcf31
global_step=2656 | return=-161.21 | steps=166 | track=efb99f292352da17e150a0284b3bacf0
global_step=3152 | return=13.92 | steps=65 | track=7a4943cd6ddaec1e93d9894e565608a8
global_step=3648 | return=-105.66 | steps=96 | track=443981cb8c1010099d6527b71756813e
global_step=3936 | return=-132.77 | steps=114 | track=600522c3e911ea33ce01577378109386
global_step=4128 | return=-49.02 | steps=60 | track=5ffef1e15d0841a2f14686b9e81c2647
global_step=4144 | return=-113.63 | steps=92 | track=67d0205b936eeab31e6b9e756c67cf46
global_step=4176 | return=-148.43 | steps=130 | track=905846f8a15c34ffc9e23b7c23aa114d
global_step=4192 | return=-146.67 | steps=130 | track=28dc101ab1731a0985e0031acdc4eb54
global_step=4208 | return=-151.27 | steps=131 | track=4c6e9cccb5a6c450d9e5cf595554a3d0
global_step=4208 | return=-155.39 | steps=131 | track=ed3ee5e619fc3bb14e68b8d9ad0fb835
global_step=4208 | return=-138.03 | steps=131 | track=6751c3db2bfd8e1ab2add73186e263ab
global_step=4208 | return=-144.37 | steps=131 | track=16a417e500283fd97688098c4ddd7ad5
global_step=4400 | return=-165.65 | steps=128 | track=da83da8389bcde42895b2f4d0c8e2ae1
global_step=4400 | return=-145.60 | steps=131 | track=3f94994de9f36ad14abd71fd086797c7
global_step=4480 | return=-134.07 | steps=148 | track=a5c37055fe50f8de3ae99a3ae7e3e323
global_step=4704 | return=-22.68 | steps=47 | track=3d9e9226693b9410ded1e2e7b9f87b96
global_step=5120 | return=-79.01 | steps=56 | track=8789983db5b82766e18189abc4412294
global_step=5312 | return=1.76 | steps=68 | track=295410c4a9632c095cf061580398578f
global_step=5552 | return=-138.37 | steps=215 | track=3a72f39f751268b8e6913c9b7ecd5367
global_step=5760 | return=-138.54 | steps=131 | track=62a141344519767d9a8314cdfc37b84e
global_step=5760 | return=-17.53 | steps=65 | track=0869a9b4a1d9f305bd2bf424208d55d2
global_step=5776 | return=-160.11 | steps=229 | track=f732ad2fd558e2e4a25e594b8755d652
global_step=5856 | return=-69.33 | steps=45 | track=f750b63931c3aef7618eccfbb748609e
global_step=5888 | return=-200.65 | steps=236 | track=51349812190937e7b0f86653595b63ce
global_step=6224 | return=-155.12 | steps=130 | track=f3989fbb5f8c64331f6ff4c583f249c1
global_step=6256 | return=-142.90 | steps=131 | track=fc3a393b4a4fbe806e9c6d48a50022a0
global_step=6288 | return=-152.18 | steps=131 | track=8a9542463eb02918fb637f7e2abfdbfd
global_step=6304 | return=-136.10 | steps=131 | track=9da0f84797ef2bcbd15e9be8f9d93427
global_step=6320 | return=-131.77 | steps=131 | track=740d1970d7e564b85c2291278ac778a1
global_step=6496 | return=-137.52 | steps=130 | track=8de2301d128cbc07a62948e95771222c
global_step=6720 | return=-110.09 | steps=156 | track=3d12a4fc66b22b747b85cf81401e99c1
global_step=7024 | return=-58.60 | steps=43 | track=90a63189bd6775244eea90f774761cd6
global_step=7200 | return=-67.55 | steps=169 | track=6605c5fb443a78184ee6879cc4ee9632
global_step=7344 | return=7.75 | steps=65 | track=0007d06914ca9802d6e8843bf98371e8
global_step=7376 | return=-150.15 | steps=185 | track=50580156fe48d0a5e7db00bc15d3f221
global_step=7520 | return=-108.18 | steps=108 | track=a84468da5f043138259c6f57ccc6b55f
global_step=7744 | return=-76.89 | steps=44 | track=3886a5cb7b34e48d1e05f6ac0ffe0f6c
global_step=7744 | return=-155.88 | steps=136 | track=b1d987638dc1dd70a76ea0c27671f9e7
global_step=7856 | return=-135.36 | steps=130 | track=bab1c728e3e01ed9f863ee6e3a763815
global_step=7872 | return=-121.23 | steps=131 | track=74bca8d5bf3cb5f400b423ad1d9a2057
global_step=7968 | return=-145.63 | steps=131 | track=4778e036bb5491da48802c481991bdc5
global_step=8000 | return=-130.75 | steps=131 | track=a595146041e53bc62e4a8961e077b955
global_step=8304 | return=-130.68 | steps=186 | track=9c97c94f613272609c2c32ba92db50af
global_step=8432 | return=-39.80 | steps=42 | track=fe1b13f33fdeed21e6d56c131d5d0928
global_step=8608 | return=-61.02 | steps=148 | track=1e24b9b4f7b4afdaf8f189a19261c891
global_step=8608 | return=-138.33 | steps=131 | track=78b5e43c18dcc29cfd5f0c747468af19
global_step=8672 | return=-71.21 | steps=121 | track=f88cfaa55607bf0cbbe7716dc7b2cf3c
global_step=8800 | return=-59.88 | steps=51 | track=b164dfe103a8d3ccab51114a3ae9f740
global_step=9040 | return=-69.27 | steps=45 | track=eb680b0fbf4b550e7af64a12f19a91c5
global_step=9120 | return=19.48 | steps=69 | track=07eb0f53062ff1572b2a8bcb8f90e7c6
global_step=9472 | return=-136.31 | steps=130 | track=9e97c1bbf6f0c33a6148b4eba8b2c007
global_step=9632 | return=-170.54 | steps=131 | track=548874424d1dc04de97cf09362162d7f
global_step=9728 | return=-129.05 | steps=148 | track=c8bc05498d7fbe918f6dee6d7990fe75
global_step=9856 | return=-143.57 | steps=131 | track=d4ef90a8866882250b0b15681dfe4c78
global_step=9968 | return=-137.81 | steps=131 | track=32e9f9eca86da56cfa4307b0d49b6ca0
global_step=9984 | return=-159.85 | steps=131 | track=46e73b968de45cdc4ccb6c146fb1a0fb
global_step=10032 | return=-167.11 | steps=176 | track=d4da7c0db4ca173502f4165299f67927
global_step=10384 | return=-12.23 | steps=78 | track=134703f37cd3727bad39f7a3acf83a11
global_step=10544 | return=-143.58 | steps=131 | track=d8a7ce168bad3c8f9e3c76d210ed2b62
global_step=10720 | return=-140.26 | steps=131 | track=985133bcb788bdd953d865939db2c6fd
global_step=10720 | return=-141.07 | steps=131 | track=ce8608399e8a05003c0c6e3ba781b1d6
global_step=10912 | return=-135.85 | steps=131 | track=7074701ded7dbedf0a13d3740b1d94f3
global_step=11008 | return=13.67 | steps=64 | track=9e3448715ae5bc6f76c8e162e5056b69
global_step=11088 | return=-125.52 | steps=100 | track=76349c77ddcb9a4fd3bd1e8795f329a6
global_step=11152 | return=-137.55 | steps=131 | track=82ac4ed7084bf17b163e2199a13083ae
global_step=11216 | return=-0.40 | steps=306 | track=2758dcd68d5467c254e6c2b3c3ec1f00
global_step=11472 | return=-105.11 | steps=89 | track=661add62e6eb998a74f3d0d1feff6ad8
global_step=11664 | return=-63.96 | steps=186 | track=f7d7c3b5541310af415e9b71cf438dbe
global_step=11712 | return=-139.54 | steps=340 | track=515d216e0d03aec1556ca562e643775b
global_step=11744 | return=-146.30 | steps=131 | track=c4b913379522b101389d34c12e184123
global_step=11840 | return=-160.63 | steps=131 | track=e0dc047507e3a4fd388a6b020dcbec0d
global_step=11888 | return=-131.63 | steps=93 | track=e29bb67d7a72a1865234248b9cc85e2a
global_step=11968 | return=-142.15 | steps=131 | track=406607aba6b6c9e3321ea398fbe0b546
global_step=12096 | return=-136.00 | steps=131 | track=d56e7ae3611714c4e8df0536587dd2b4
global_step=12144 | return=13.06 | steps=76 | track=9054e25c2ee0398c9ae38285258cb332
global_step=12208 | return=3.79 | steps=69 | track=303116234fbc0c75187b2bd1e30f3d68
global_step=12320 | return=-119.33 | steps=110 | track=2f8b14243428784696b43558948cab66
global_step=12496 | return=0.30 | steps=63 | track=604b355ee36cf37250c2c99793992f41
global_step=12640 | return=-14.27 | steps=60 | track=f6ddfb526ed9804326704a0df80318b4
global_step=12656 | return=-108.19 | steps=89 | track=d5c1fedf3d33a0a9af3a9b292e5b0edd
global_step=12752 | return=-2.08 | steps=62 | track=c4d328e0ca07f6c35f41e383873ae71b
global_step=12816 | return=-151.84 | steps=130 | track=a992df4ba2a84cd09536543f4b5b9fee
global_step=12832 | return=-125.50 | steps=131 | track=91a4f5646d173f04aa26ec6c2ad10794
global_step=13200 | return=-103.52 | steps=136 | track=02c1c630bba79eb4c5af32dacd2facb3
global_step=13504 | return=-89.50 | steps=100 | track=debe2f7fa5831ecca65ac719f13cdfc1
global_step=13968 | return=-112.56 | steps=140 | track=0ba59974e2c14f7e4501e3b23d7d38e6
global_step=14048 | return=-59.26 | steps=180 | track=b52915d6358f9ea0845398bdc7bd2aab
global_step=14144 | return=-97.32 | steps=143 | track=9a69708d7b65318fb5358609cbc91507
global_step=14192 | return=-145.98 | steps=130 | track=cf3ef5f5ca09ac2932b6b8a64c1fa1b0
global_step=14256 | return=-147.04 | steps=131 | track=243cf56f6b3c674a060848bfef6e92e1
global_step=14432 | return=-129.12 | steps=131 | track=772f1e4fa71a4ff5f4c3fb225fb601a0
global_step=14608 | return=-108.78 | steps=131 | track=3f1e28368c1733f51f1a76d01f37419a
global_step=14640 | return=-51.26 | steps=151 | track=f0c8ff6aed911de9fad1bd531a8a8c19
global_step=14752 | return=-156.59 | steps=131 | track=6a40bef9972b6dfbda372d892d8311e7
global_step=14784 | return=-147.01 | steps=132 | track=3542a22e61eef09ab8e7373e9a584b30
global_step=14864 | return=-158.43 | steps=131 | track=f87ad820f03523cb7090a99ce3c90cb5
global_step=14928 | return=-152.33 | steps=131 | track=a7c8b8a2c4427ef1b9a4daf3545e3aa6
global_step=14944 | return=-149.62 | steps=131 | track=249a95f1e6a8fec6f4cbbc35af95b471
global_step=15312 | return=-167.63 | steps=131 | track=ee61cad4aa98ae005f78ecbddf34b4b7
global_step=15616 | return=-146.61 | steps=131 | track=9d8b22a1010523dcf58ff3e3a275e3a9
global_step=15632 | return=-118.40 | steps=98 | track=36bf19387a7dcc856dc68bd1783ff215
global_step=15664 | return=-28.26 | steps=54 | track=554a79d9a2c5e4c11f796d2382998607
global_step=15888 | return=-124.42 | steps=108 | track=08e5d3215bf504bdbe6bbd643f091d86
global_step=16080 | return=-146.47 | steps=131 | track=21b7053ad6bc98afba81f4575e62faf9
global_step=16288 | return=-139.64 | steps=130 | track=f7180f2ad93a37f1e24ca30db5da5b03
global_step=16320 | return=-58.74 | steps=43 | track=14b575a375f5134b5e4d9e6755366c6a
global_step=16368 | return=-154.57 | steps=131 | track=32895c97c372e4ed85d182a7f435816a
global_step=16384, SPS=63
global_step=16720 | return=-146.17 | steps=131 | track=c53630e6bc005017cea14d5329f67b7c
global_step=16736 | return=-149.70 | steps=130 | track=dd2eb5abbff71e15a52bb5af74626a15
global_step=16816 | return=-53.84 | steps=45 | track=9104fe1a343523a313faf3b7bbc680de
global_step=16960 | return=-145.42 | steps=130 | track=01bd15c8457117f7b7ce2d9e4ddab1c7
global_step=17056 | return=-147.68 | steps=131 | track=1a485b64b6b516d9fcf8097e91ee8567
global_step=17152 | return=-164.97 | steps=149 | track=63622fdfc4ff518fc9c5682de1a60c8c
global_step=17424 | return=-148.68 | steps=131 | track=d2c6e4b880d38fe8714fea54975b2ec6
global_step=17648 | return=-122.46 | steps=200 | track=04ffde7b8c32a3b445d013185c3d26f9
global_step=17728 | return=-148.66 | steps=130 | track=d63f3bc5e4bee947093f7639151aebba
global_step=17968 | return=-113.32 | steps=104 | track=24eee9fdb32d38b391fa643472d1db58
global_step=18288 | return=-107.28 | steps=96 | track=db476edbc625b93150042e8115e532eb
global_step=18368 | return=-190.09 | steps=399 | track=e7f3f028a6f0826a654fd6671ad50915
global_step=18464 | return=-73.55 | steps=160 | track=4d2cb0fc2053e110b32492fe4feb14ed
global_step=18656 | return=-27.62 | steps=62 | track=61f7e7aed07a4f60d34b6b5095c8cdad
global_step=18672 | return=-87.87 | steps=146 | track=80979fa6978f80a49bcca4b0befbd6f3
global_step=18816 | return=-49.23 | steps=152 | track=aab958927f694adea1a70f98f61288b6
global_step=18928 | return=-141.66 | steps=131 | track=adcd5efeb75b4c08a4d0310ce8245c1a
global_step=19072 | return=-140.45 | steps=131 | track=fe6cd9790d97936471953e425f0765c5
global_step=19136 | return=-49.42 | steps=150 | track=5cff8dc68b00ff8744fa16d0af054e38
global_step=19168 | return=-143.81 | steps=131 | track=e19fe1665c1409a69294d134d1049fea
global_step=19264 | return=-161.81 | steps=131 | track=08a8608a1807649d238edf0dc46c90f0
global_step=19392 | return=-143.41 | steps=232 | track=d2967595dd9947f2a7897d7e3563f4a6
global_step=19488 | return=-124.29 | steps=109 | track=4c2c30199261bc2a265c201151a1da64
global_step=19776 | return=-63.71 | steps=302 | track=8d7d8a6530720734d2ae71253cdee3d3
global_step=20080 | return=-149.16 | steps=131 | track=df2ab6a0a16d6de778b5d258ac67aedd
global_step=20480 | return=-77.75 | steps=131 | track=2309181f12164298a8882423fd508e1a
global_step=20560 | return=-116.84 | steps=130 | track=e1b902c97cd532e59c70adc35bb5d9c4
global_step=20768 | return=-139.28 | steps=130 | track=0f0be48045d1a29387b28883b59495f0
global_step=20768 | return=-150.17 | steps=131 | track=658f3aa3b8cbf1c2fefa75bb634836f4
global_step=20800 | return=-62.86 | steps=210 | track=4dfa5f7f8b835cbdc72ef024c6c0c1f4
global_step=20928 | return=-130.31 | steps=131 | track=7dda09c63433659e5a296af95dc7f52d
global_step=21040 | return=-132.03 | steps=131 | track=392312356da6ce871287f7314eeccc42
global_step=21184 | return=-4.76 | steps=68 | track=8e62df04f7ce944c61f9c54437463f6e
global_step=21248 | return=-141.24 | steps=131 | track=1a85488fee48f6e70982dccbcda8f44f
global_step=21280 | return=-139.37 | steps=131 | track=c28307bee3e9feb6f776f489ea509c8f
global_step=21280 | return=-49.58 | steps=44 | track=97da322b0b2346f8b5fa7715c217bc25
global_step=21392 | return=-146.01 | steps=132 | track=2e7c9fe029c0e5e0aa405171dfc7a592
global_step=21504 | return=-147.06 | steps=131 | track=f67a3dd43159b1a5cddcf4736e84bbf3
global_step=21552 | return=-167.36 | steps=203 | track=47fdb15b7691ecd6af848feba6508982
global_step=21600 | return=-136.56 | steps=131 | track=291f1c1f740af5319e0721cf1ec02424
global_step=22080 | return=-72.45 | steps=64 | track=b0ae0c53287b722e153a79dbcf6ee5e6
global_step=22272 | return=-23.60 | steps=61 | track=cf202ecb4c614b4ff300f57823b13b8c
global_step=22544 | return=-38.17 | steps=216 | track=c13f4fd52e0db71ac8e193c5cd4252d9
global_step=22592 | return=-146.07 | steps=131 | track=40ed4e3ae31a98a66ac1214b92f307fc
global_step=22752 | return=-12.44 | steps=91 | track=6f04fdfb26fac4e448b271bada8321de
global_step=22880 | return=-146.82 | steps=131 | track=b6acdcc631130e647a0915261db3f9aa
global_step=22912 | return=-139.59 | steps=131 | track=215b1edd7340a13f1af5d4b7931c0b55
global_step=23040 | return=-142.99 | steps=131 | track=1d9c0304da059b35dc7ee7384164ae4e
global_step=23136 | return=-135.28 | steps=117 | track=b5941a7b3f3020ed0cd94069938ebd33
global_step=23296 | return=-134.59 | steps=131 | track=e8ba2acaf591580a2440bf669f4e75a7
global_step=23392 | return=-101.11 | steps=163 | track=4828c3666c0a5e86cf5fdd9bde0e759d
global_step=23440 | return=-17.72 | steps=114 | track=b0c8c69272dd4fc9cb8a5e38d6cddd07
global_step=23504 | return=-153.40 | steps=131 | track=ec1a298d94c6ab2faceb5a3b6997dbea
global_step=23600 | return=-153.72 | steps=130 | track=62527736fd17f103a56901f2003cd87a
global_step=23648 | return=-125.60 | steps=130 | track=e4e6a7553d2f1bd6a41124cf7f19b9e5
global_step=23872 | return=-183.26 | steps=255 | track=2c228c0e0d57a120b0e8b7d343f307af
global_step=24432 | return=2.07 | steps=64 | track=34639c5bb21434cbf1ad1015c2b9b44e
global_step=24464 | return=-144.10 | steps=98 | track=fb4f3817ab038117e6d62d43b9a97adb
global_step=24672 | return=-128.43 | steps=119 | track=ffff1515a495760362f57eea15da3cc5
global_step=24864 | return=-161.23 | steps=173 | track=7ac02244c07da2c07088fde84326b2dd
global_step=25024 | return=-143.20 | steps=131 | track=2e6f2238a2f1d9dfa4d01a669c881448
global_step=25152 | return=-148.97 | steps=131 | track=e6d584eda5c89ddb2ad41a71d9f92c65
global_step=25216 | return=-77.06 | steps=163 | track=1df84a5de2c41ecbf3d0ee132fff6efa
global_step=25232 | return=-141.17 | steps=130 | track=56605198c7b050f883280d72df1553f6
global_step=25408 | return=-153.38 | steps=131 | track=850137f97eebad2e5afab8cf5ce3c9b5
global_step=25536 | return=-152.20 | steps=130 | track=cb3dbd51912bf0393abbdd57b62229d8
global_step=25616 | return=-141.94 | steps=131 | track=9d928d9f16176b03b5182932ce98b871
global_step=25696 | return=-141.41 | steps=130 | track=63056b9182a71e397ce8996e1207cf35
global_step=25728 | return=-3.42 | steps=65 | track=1b8304a3351db288b232707b4ea61db8
global_step=25760 | return=-133.21 | steps=131 | track=65a9350462b0e832af1d71ecdcee1fb8
global_step=25920 | return=-68.63 | steps=43 | track=776a234c31a28753c5253fbcdc886b7e
global_step=25968 | return=-143.50 | steps=130 | track=40fd65f3a7565ac88f5aa6e332543a2f
global_step=25968 | return=174.02 | steps=93 | track=97fd8ef9b90edb5654df7c8c9bce4f14
global_step=26352 | return=-107.65 | steps=92 | track=23db846ce8b10914fce8f4fd2de27208
global_step=26544 | return=-151.93 | steps=131 | track=ae280e4665f50d07428e5cf6186cca8d
global_step=26672 | return=-102.93 | steps=89 | track=2315cf32045bc3ce905d062af9989fc6
global_step=27008 | return=16.50 | steps=86 | track=6a88952d383493cdad15b697105d9c1e
global_step=27120 | return=-139.58 | steps=130 | track=873f83405b6c78998813cebb6fd3d16f
global_step=27248 | return=-143.12 | steps=130 | track=205d14fdd6db328f620e95fefd54f3a0
global_step=27328 | return=-201.76 | steps=298 | track=5bda7f45da70cf5c6e3c379b3654b07e
global_step=27648 | return=-143.49 | steps=131 | track=ac011b17695b84184008ae9ea786bbb7
global_step=27808 | return=-133.81 | steps=131 | track=debb1fba848444115e4f1efd886e7b57
global_step=27840 | return=-139.89 | steps=131 | track=ee2a888e2b3e24cef8663179481344e7
global_step=27872 | return=-136.58 | steps=131 | track=b4729771209db79e36ce0838bf7f5949
global_step=28016 | return=-62.61 | steps=358 | track=6aca47a22ec9517e541ed987b44d518c
global_step=28032 | return=-149.16 | steps=131 | track=457842c54e8b39abc0bf47e99bfc7025
global_step=28064 | return=-147.48 | steps=130 | track=430322bcf1c42741f0fa933638513514
global_step=28096 | return=-129.67 | steps=132 | track=14678850fc2e1994e064e85f4649182a
global_step=28272 | return=59.45 | steps=71 | track=ab2740a19e1146bcb21a2d8855a99f45
global_step=28464 | return=-65.18 | steps=90 | track=f6ee3474b3a518f0876c96457b9b543e
global_step=28496 | return=-60.15 | steps=40 | track=8cdb1890078b4bea7386a6244086fd27
global_step=28656 | return=-101.30 | steps=131 | track=c1d669bbe474e929208807b219d95eb2
global_step=28784 | return=-141.79 | steps=131 | track=7468a6d7a51230fadb7f8bd368fddc2f
global_step=28784 | return=-120.49 | steps=95 | track=a80c266d182cc0ac7ae6f37f9295786c
global_step=28816 | return=-28.82 | steps=44 | track=188de27f90c4218143efa7e099aeb840
global_step=28880 | return=11.87 | steps=66 | track=e6692cc1900da07a2d1a70e31ce862d3
global_step=28928 | return=23.18 | steps=65 | track=43f0632424eb6174ae4d8944ae28eb88
global_step=28960 | return=-160.52 | steps=162 | track=520ed30c72d77678168f98aef6081083
global_step=28976 | return=-34.86 | steps=59 | track=e19cfa78d52184e5fcbf2e72101a2783
global_step=29104 | return=-1.71 | steps=64 | track=cb3928f49658b66e1a469aeeb6892bba
global_step=29616 | return=-105.78 | steps=262 | track=f8a9630d5e1332aacb41e9b83b643f27
global_step=29760 | return=-137.67 | steps=131 | track=fd3b73e736668b651699ec43d972f438
global_step=29824 | return=-16.29 | steps=64 | track=c291ba04d3cc057229fc065dc62e1e17
global_step=30128 | return=-151.20 | steps=130 | track=eceb720c8c77aa4bdc618fb83586ea9d
global_step=30144 | return=12.88 | steps=82 | track=02d0ae9bddbfbbd024f0c7ba269a93c8
global_step=30224 | return=-133.52 | steps=180 | track=9d1ac5e3a3979bdd5a2115d6dc7b81ed
global_step=30576 | return=-131.28 | steps=131 | track=877c0a153960b4b0dba6cf56baa106ae
global_step=30992 | return=-144.71 | steps=131 | track=834a0a2eb31a950ed07cfbe1e859b108
global_step=31040 | return=-147.25 | steps=131 | track=d55023e1272816daa66c44bd2e6191f3
global_step=31072 | return=-144.81 | steps=131 | track=f48946a032a37b1385e76227a22086b9
global_step=31088 | return=-145.06 | steps=131 | track=1999af1a45ec2991c49e909838f23892
global_step=31216 | return=-143.87 | steps=131 | track=64e2d80fc12c9f2f6d4d08f99748d5c9
global_step=31264 | return=12.27 | steps=69 | track=cbc973a6c328e1470cffcf9fc901aa82
global_step=31280 | return=-109.66 | steps=173 | track=33390cbd138041878ab15e935634470e
global_step=31872 | return=-152.05 | steps=131 | track=68d6fa53409fc77eb85bcee02afe4e19
global_step=31920 | return=-144.81 | steps=130 | track=597e20e326ed062b6faceb2a97339e92
global_step=31984 | return=-54.04 | steps=47 | track=9ab586760090c4e64d5d15809d860943
global_step=32032 | return=-7.37 | steps=64 | track=f182b5576784307ba3c025ac25589125
global_step=32048 | return=-74.36 | steps=235 | track=a3d18c570d8741e0c9665c20c229a556
global_step=32336 | return=-148.77 | steps=131 | track=b0f81c870560b3eff07fa5d35725a2c7
global_step=32368 | return=-27.28 | steps=79 | track=fa77e1743593ecdbc3118ee5fbf975ca
global_step=32544 | return=147.42 | steps=242 | track=b8dc77ad1eca6f85c131aedea86bef2c
global_step=32576 | return=-124.93 | steps=152 | track=2a75e730ca4fce48dce5eda1c9a1c70e
global_step=32672 | return=-138.92 | steps=130 | track=b9e2f2ddc53c62f43af9cd44b306437e
global_step=32736 | return=-50.88 | steps=42 | track=c3e7e5e5452f98fe0851099d75db0d40
global_step=32768, SPS=64
global_step=32992 | return=16.86 | steps=66 | track=6733c013366ee14d4544b9bb3408fc42
global_step=32992 | return=-61.56 | steps=62 | track=babf424c71b2e562816d174cccb835ff
global_step=33104 | return=-58.50 | steps=47 | track=79a746c40b5adad0570f730f0c1181aa
global_step=33136 | return=-141.52 | steps=130 | track=a31bafd9680fb6a7f37f951f2e52cdd1
global_step=33184 | return=-157.62 | steps=131 | track=fcdbc74f895c337ca1b95ec3804cdbf1
global_step=33360 | return=-151.09 | steps=130 | track=3e4539e826379e7c3f21e4b0eeea0ccf
global_step=33392 | return=-144.37 | steps=131 | track=1a77a27ac00f863a88e93e2df11cbea8
global_step=33568 | return=-32.00 | steps=61 | track=35f2c5ca18dfa876e94e27d511184baa
global_step=33680 | return=-13.44 | steps=62 | track=ecd650f0f368d86764556558363d3e77
global_step=33856 | return=-137.77 | steps=264 | track=25fdbb143b109b5f17d3d5a0efa55bd6
global_step=33968 | return=-271.53 | steps=323 | track=d883a29ebea6d733e6a1f0d6e985a9dd
global_step=34016 | return=-100.17 | steps=102 | track=84e33fc70b4dbfdbf4f8e1c4f75e1f90
global_step=34144 | return=-155.80 | steps=131 | track=1ab6f5859edc0d63c2a6657bfd0e701d
global_step=34160 | return=-91.61 | steps=142 | track=7414c31d01271ed1e2a0e0c5466bda25
global_step=34608 | return=-106.88 | steps=88 | track=bbab59ce8dabca861c8ff55309feb925
global_step=34624 | return=-1.18 | steps=65 | track=3045932c34bb2782dc7212167551ed69
global_step=34656 | return=-132.51 | steps=131 | track=b8168ce963224aeb578950baf500ee4f
global_step=34848 | return=-150.41 | steps=131 | track=4378e8b9fe20f4e4fee595915ca0b5ac
global_step=35104 | return=-136.86 | steps=131 | track=86172255ce06f33b7ab4441fc7124eca
global_step=35104 | return=-135.65 | steps=131 | track=44afb5c0ba6caec4e167ff7ce225b835
global_step=35184 | return=-167.70 | steps=127 | track=6b8f4991acf63547604fb51799f671c9
global_step=35440 | return=-9.38 | steps=98 | track=0d4b80d7055d4a5e53006d4d4762aa4d
global_step=35472 | return=-141.71 | steps=131 | track=6871e45001dd3a37cf3091f350e5f4c4
global_step=35488 | return=-141.84 | steps=130 | track=3d3fd7748507e0c3bbc028e5b4c03b81
global_step=35632 | return=-70.23 | steps=92 | track=7e76555e0743fc36359e84991a6b11b4
global_step=35760 | return=20.01 | steps=68 | track=d42e5f2abaec8892df5f709431096324
global_step=35904 | return=-55.31 | steps=44 | track=a170f7b9cd4ebd12f8e7e8ef63dc2244
global_step=35920 | return=-60.14 | steps=50 | track=3b75bcbf82227c9f90a7ff584cba71bd
global_step=36128 | return=-159.67 | steps=131 | track=5d18f0aff884081852a29273bfdffd45
global_step=36256 | return=-151.89 | steps=130 | track=7ec42327fcfda943b98e01ca19a57d02
global_step=36592 | return=-110.90 | steps=108 | track=9b8e406435ed1f172a2bb22796b5b2a9
global_step=36688 | return=-193.73 | steps=223 | track=c4c87b69cafe3d4ce65ff11edc23e7db
global_step=36720 | return=-125.53 | steps=131 | track=b3269fcc2d7c55b581752a251b657cf6
global_step=37056 | return=21.32 | steps=71 | track=0f261abe8b4d125759710178702494c2
global_step=37216 | return=-147.89 | steps=131 | track=f3d60ad38e11cf95e8c60e029939d2f1
global_step=37504 | return=-85.86 | steps=98 | track=4811c3f5098ae3cc991b308eb98e8375
global_step=37552 | return=-135.90 | steps=131 | track=f90bbc163d22cdc4a89fd92cc4fddbbf
global_step=37568 | return=-143.09 | steps=130 | track=01102c347593f007a943c42d6e332419
global_step=37600 | return=-151.71 | steps=131 | track=475cb25c8f5096ab946d90804b1036fb
global_step=37744 | return=-142.50 | steps=131 | track=e1913e350c52c849a7438e55860a7a89
global_step=37760 | return=-17.04 | steps=66 | track=cb27ad98ca8de6553e80cdb5d3b01c40
global_step=37808 | return=-37.24 | steps=239 | track=27a420092343bd2a52dc5c1ee038252f
global_step=37872 | return=-140.02 | steps=131 | track=fbc653128a675bb98c058f894feaed03
global_step=38240 | return=-143.42 | steps=131 | track=e9961f4db37352e1f77f754e4b5dfbf5
global_step=38368 | return=-150.65 | steps=131 | track=fdea1cba21e5f1f7548afd32c2f5ffb3
global_step=38400 | return=-100.00 | steps=112 | track=fa00521f811cd0b3c9f326b498b2bce2
global_step=38544 | return=-44.14 | steps=60 | track=de2bceec5b13c2e21ef3984a2e3f93c2
global_step=38720 | return=-91.96 | steps=103 | track=4357c4b141fd21a06f44c32b6ccea6dd
global_step=38832 | return=-127.01 | steps=131 | track=a0250263523487c86825338aa44b6dd7
global_step=39056 | return=-115.28 | steps=93 | track=1f220939f302d55dacf25f376359c9ce
global_step=39152 | return=19.01 | steps=86 | track=20e9870dfd14a8d7c559ca44516dbc76
global_step=39328 | return=-145.36 | steps=131 | track=51dc34bfa567cbc5d2a29b4acbc614d3
global_step=39568 | return=-148.15 | steps=308 | track=5b1bb9d49a79bc72563fcefed411f97f
global_step=39616 | return=-132.03 | steps=131 | track=28f3e1cdc84b7bfe51f5959cb686afa3
global_step=39696 | return=-148.49 | steps=130 | track=962dea7fce5d0d9e5b6ab3a570935214
global_step=39840 | return=-147.58 | steps=130 | track=bd1aca048a6afaf6af4d12bcc6217746
global_step=39904 | return=-146.08 | steps=130 | track=f9284ec3ca3b48f702d2f7ddd79be2ee
global_step=39968 | return=-169.30 | steps=130 | track=e915159040f1a6b28fbc1d0e95837206
global_step=39968 | return=-125.35 | steps=107 | track=64028ff573f5551835e47e864745aae1
global_step=40032 | return=-97.75 | steps=396 | track=c6bfd4a78fb009a3582e67158f5c48db
global_step=40224 | return=-11.92 | steps=86 | track=2213e01f9d3ea8ed6cb5a8f30c7cc747
global_step=40256 | return=-34.90 | steps=68 | track=51111cd45655c617ed289da3c8c0256a
global_step=40512 | return=-142.33 | steps=131 | track=3201f53ada809c390b7d6ea7ce3a0afa
global_step=40624 | return=-21.89 | steps=44 | track=431f26a575c44b68a0267c9a33b5eda7
global_step=40640 | return=-153.47 | steps=130 | track=f30fcd65a8e1c20db99869671f13e7dd
global_step=41008 | return=-144.46 | steps=164 | track=6c789c75f454eb910b9086fef8a14aca
global_step=41104 | return=20.92 | steps=70 | track=755ba2dabecb07a06ee14b79ceeffb0f
global_step=41104 | return=-8.87 | steps=66 | track=5626cc5263abfe660f35771edb59239f
global_step=41424 | return=-141.17 | steps=130 | track=394d517c2e6ef999c4c3f601eb269011
global_step=41424 | return=-39.17 | steps=74 | track=f24639f9ac63fe3e0a66f9ae107932b2
global_step=41536 | return=39.04 | steps=79 | track=4a85c9afc45c24dcce3049d516666d1f
global_step=41600 | return=-23.07 | steps=123 | track=c66574f9b73f4b31b4051eaefb78ab0c
global_step=41680 | return=-132.62 | steps=131 | track=d24ee2f3fcc34963cb11c6f58c8dd380
global_step=41808 | return=-141.09 | steps=131 | track=10b0a8dbe1a0cfb754fccef2bfe7ea5a
global_step=41856 | return=-63.18 | steps=75 | track=10d3839ab4bf8031a47619c117fe8c4f
global_step=41952 | return=-154.61 | steps=131 | track=c8de95c13e0d3bf8cedada2063cd5e9a
global_step=42080 | return=-144.49 | steps=131 | track=5f10b2d5b45fa6d577cc33afcff67b43
global_step=42128 | return=-47.26 | steps=43 | track=d80f98df97b1ec3bd73e0dcae1020390
global_step=42208 | return=10.44 | steps=68 | track=0f9708b57e2ebe441ff50903a73ebbb6
global_step=42480 | return=-132.80 | steps=234 | track=8a62ea3b8f39379e134700038d543193
global_step=42624 | return=-145.38 | steps=131 | track=bc29fddf302ebc5492eea66159c5f9e5
global_step=42640 | return=-103.50 | steps=95 | track=a41be1b6edcc408e827550ab7bbb9698
global_step=42720 | return=-120.50 | steps=130 | track=84252ff0904633a9017527814fc70add
global_step=42736 | return=-179.08 | steps=229 | track=191643d0631391cc3fec663b17496d7c
global_step=42896 | return=-102.60 | steps=91 | track=2bd5624977bfd75da844e56335044654
global_step=43296 | return=3.41 | steps=83 | track=558b1734441381919c1795ee225dadf9
global_step=43344 | return=-114.80 | steps=145 | track=7f5417918c831b543e8512e8ddd288a0
global_step=43648 | return=-139.50 | steps=131 | track=6c64fc2d8cd6ef8b82acfc1e681ce8a9
global_step=43712 | return=-147.04 | steps=131 | track=b4ba71fd395014f8907779d36ffd0f41
global_step=43776 | return=-0.04 | steps=64 | track=a872d7aa2e5b634d0176384d58972c79
global_step=43792 | return=-146.53 | steps=131 | track=74a49cfdcf679262440e1522e25f1fc3
global_step=43872 | return=-63.54 | steps=86 | track=a0a65027dcee3bd68e23a562a364edb5
global_step=43920 | return=-152.94 | steps=131 | track=2b0b7623fffb9a7d3dcbce1f7bf60836
global_step=43920 | return=-50.22 | steps=80 | track=2a2fb1d01a06d46df2ade5c75cd55b9b
global_step=43952 | return=-142.59 | steps=130 | track=a2b57371ccdcf48ad0c1a623425b231f
global_step=44192 | return=-148.30 | steps=131 | track=4f6ed35e5e2a2b3fa20e8d67be664348
global_step=44240 | return=-141.32 | steps=131 | track=8c7e095c78d1459df84b23b72ff64b93
global_step=44416 | return=-98.65 | steps=137 | track=ead866b2dcfba5f049ce00b71df0ecd7
global_step=44672 | return=-78.85 | steps=46 | track=69cc6fd38624188244417c9f7c21dd47
global_step=44752 | return=-141.00 | steps=131 | track=8144b0eed8a7f79577833281ec368db1
global_step=44752 | return=-22.39 | steps=68 | track=0998ec2ab4463d17564716713904bf35
global_step=44864 | return=-34.79 | steps=61 | track=6d5f8d0a91f4124ea0b19ce6a830e65b
global_step=44960 | return=-60.44 | steps=44 | track=f7ea4947e995de6410ce7baabfa173a5
global_step=45008 | return=-150.67 | steps=131 | track=e2e6f4ada36390734de28d8ef56ba836
global_step=45408 | return=-21.71 | steps=61 | track=f51388305a957bb77b7b5d633d1f0a68
global_step=45408 | return=-141.88 | steps=131 | track=3b78a98a4316fea97be3eda9935a452e
global_step=45440 | return=-127.93 | steps=130 | track=cbd733bd99f1a0023f7743bd13b7b689
global_step=45568 | return=-184.02 | steps=177 | track=fea5f8516f55cf944268e07b53d91cfc
global_step=45760 | return=-83.29 | steps=97 | track=e33d414a0500a2ca20cfb2b523e54fc7
global_step=45808 | return=-118.62 | steps=115 | track=a56a18b3af4af82611bd9200570716f8
global_step=45872 | return=-64.08 | steps=69 | track=ff2d6ded9f39790503d4ec32adf5500f
global_step=45888 | return=-141.20 | steps=131 | track=965dba4fa9bf83c1ca5842d055cfadb2
global_step=46032 | return=-140.41 | steps=131 | track=ab4aa49449b7d15a162c96204428a623
global_step=46464 | return=-107.86 | steps=171 | track=8548b58ae6a7c77776618874cf14e8b7
global_step=46464 | return=-127.06 | steps=166 | track=192b083b0f137896bf657c5140ec0165
global_step=46576 | return=-33.70 | steps=72 | track=419c5da5b368bee041d9ce0ba442f71c
global_step=46816 | return=-118.72 | steps=133 | track=b66a8b2c6ef9640c6716b7a904cdeee2
global_step=46960 | return=-146.58 | steps=130 | track=ef7c9776268a3f3e69e2c097032bc3d7
global_step=47104 | return=-146.38 | steps=130 | track=cb86a4f26478798a128cd55907ac6091
global_step=47216 | return=-62.77 | steps=46 | track=5792d491a95fa462974b60c00ea66cc5
global_step=47504 | return=-48.65 | steps=171 | track=a43ff8a17dcec100f132a1f1472e0ccd
global_step=47520 | return=-142.70 | steps=131 | track=68ddd1fb97ccf36efc1f31a4c0c72218
global_step=47536 | return=-148.80 | steps=130 | track=6a2698e46c5703b3d2124d8f47cd0d15
global_step=47536 | return=-5.52 | steps=66 | track=b16c6b31e1bc484685b76b5ad1654960
global_step=47680 | return=-141.20 | steps=131 | track=65a028fee4f81f803deb14a1fab63917
global_step=47872 | return=-117.11 | steps=131 | track=1ead650294505193b494a71efbb529fb
global_step=47920 | return=-141.98 | steps=131 | track=a04dd62d92e0c12f7a483319097ba74f
global_step=47984 | return=-133.10 | steps=131 | track=21b7b16b905a35a06f11fac21cba1541
global_step=48000 | return=-133.56 | steps=131 | track=ce080d327eb185a7d61f26a65381892a
global_step=48144 | return=-132.57 | steps=131 | track=7dc04f35826abe45ea514dfe56ca6324
global_step=48544 | return=-67.85 | steps=223 | track=65830f7500a6a5b9352e2819291f08cd
global_step=48592 | return=6.29 | steps=65 | track=143fbad05dabe24d759760b9fdfc37e8
global_step=48624 | return=-156.31 | steps=103 | track=6a8eb70723edd15299bbb697cab5f82a
global_step=48672 | return=-147.34 | steps=130 | track=6b1ce7af9279efedcd579fe59d1af18d
global_step=48928 | return=167.85 | steps=106 | track=2703fb9c18f18830f98e2a4b1faa7d5c
global_step=48928 | return=-145.38 | steps=131 | track=66d3ad4627f7650dbefe00fe8cab4d6a
global_step=48960 | return=-79.27 | steps=60 | track=4094bfa2693c366f57baebf3f4af50e7
global_step=48992 | return=-90.87 | steps=90 | track=8b10f19586b8b4d817c951617bc11b53
global_step=49120 | return=-110.12 | steps=100 | track=dddd999361d124ccbcc65cda6698a716
global_step=49152, SPS=62
global_step=49216 | return=-52.48 | steps=83 | track=611cbae5e10bfe5d05d09fb754114d0c
global_step=49568 | return=-47.25 | steps=153 | track=dfa0ba8a8a3cb7d62b1df3ac9d5ef70f
global_step=49584 | return=-22.10 | steps=61 | track=07fb0bd4f912fd50a28a67f6f4500057
global_step=49792 | return=-154.92 | steps=131 | track=72bf7a6d5bce86ec00259e72cf2017fc
global_step=50032 | return=-10.34 | steps=68 | track=1042942d050897f5eb589643ea26a5b6
global_step=50032 | return=-4.85 | steps=64 | track=94b49ab5f558fe000d57622b1df97ef8
global_step=50096 | return=-145.00 | steps=130 | track=9703940156dfdef891010b4dbe5c00c7
global_step=50192 | return=-19.17 | steps=141 | track=ff8fb94ecef939c98e7532bfc9522537
global_step=50256 | return=-69.69 | steps=42 | track=43a313e6359ef3c64cffb22ff356956f
global_step=50256 | return=-137.89 | steps=131 | track=82adc769c28972d25bd4ece7ce09778b
global_step=50656 | return=-157.21 | steps=131 | track=0d0b249d05a9efd5af52a59fdaf1e7fa
global_step=50720 | return=-146.96 | steps=130 | track=990bdea1c587b7b1bde50960f74d2c05
global_step=50864 | return=-27.23 | steps=66 | track=41bd63a1912689231aefa0184407c9f3
global_step=50944 | return=-35.83 | steps=56 | track=6a4f988e69e6261baa57052d5cbdf5cf
global_step=51024 | return=-153.90 | steps=130 | track=150c46d3ff1698dd6acb86a0f7933832
global_step=51200 | return=17.46 | steps=72 | track=7aa2881924d37b7b2c8bd6fab19f6962
global_step=51200 | return=-194.28 | steps=229 | track=1ffbc4de4020f19e4f76ba94f7d02e76
global_step=51232 | return=-143.85 | steps=131 | track=cfa2cacdeca95a0e80a1ef80a8a17718
global_step=51248 | return=-153.63 | steps=160 | track=48659abcc46c7089c8c621f75ea74cab
global_step=51296 | return=20.93 | steps=68 | track=1fc0f6951804d0a4ac664e0bc94bc6fc
global_step=51456 | return=-41.25 | steps=84 | track=e0582820d6ffb50656d5c3b70af1dea4
global_step=51472 | return=-82.48 | steps=140 | track=3a75acc3ff93bab698004b3ed40b9977
global_step=51680 | return=-150.36 | steps=130 | track=c6c0a08ae4b6939685bc11fa180a55f9
global_step=51728 | return=-62.97 | steps=43 | track=e47930f4f9527f1771f096c6f3657af5
global_step=51904 | return=-67.38 | steps=41 | track=1786c774bca38193ea7f395547e26d4b
global_step=52000 | return=-54.03 | steps=79 | track=8f3661cc4a45d137a0afa9ea17948bf6
global_step=52128 | return=-131.61 | steps=116 | track=d8df9d691eb0c85a292e6ea01fc7bb0d
global_step=52192 | return=-23.18 | steps=61 | track=d74a98e16de4c99cd267f491a2d48cf6
global_step=52368 | return=-151.08 | steps=131 | track=283a52c3e86e14d2f783910fdbbf2ec0
global_step=52400 | return=-55.28 | steps=214 | track=b27482aa57a07bd2a426d4dc64c50143
global_step=52448 | return=-33.83 | steps=93 | track=7055c33d4e5eaa40d130df09600a8181
global_step=52752 | return=-114.54 | steps=130 | track=4962421d7228647c56a53ee907502917
global_step=52816 | return=-84.34 | steps=121 | track=fde03173429d321d128126784445b4ea
global_step=53040 | return=-6.95 | steps=64 | track=6c268cf634020d32ada1a3670f2a9a35
global_step=53088 | return=-17.85 | steps=100 | track=8ed84f5203223ecc9f105b13a562814f
global_step=53216 | return=25.27 | steps=67 | track=92c19f65fc0115d3793e8d7ebb3d2a08
global_step=53232 | return=12.64 | steps=64 | track=7ea494eac02ab117f996f137af62fc28
global_step=53360 | return=-146.89 | steps=131 | track=fbcebe98ff57cf006a8eab623831eeaf
global_step=53392 | return=-115.05 | steps=92 | track=a5b79256af58502917e15c8a3313e815
global_step=53408 | return=-127.21 | steps=131 | track=484ba5a1f8356b8fe409811095667b74
global_step=53408 | return=-33.27 | steps=62 | track=9cdfdca6fb02e248ab9d488f74b5642a
global_step=53568 | return=-147.42 | steps=131 | track=dae3427e8a788c025a03a4b1d7e3b7da
global_step=53648 | return=-43.43 | steps=152 | track=17e7a604e1c5bcd114388e25fb54e4ea
global_step=54064 | return=-48.07 | steps=41 | track=e78ceddf1144f60c749a5a4cc1bb0d83
global_step=54112 | return=-102.04 | steps=151 | track=b760a73550044d2d3362c0483e86e744
global_step=54256 | return=-52.39 | steps=89 | track=c4955dc6a326b81b1425f43d05a2912d
global_step=54368 | return=-64.87 | steps=44 | track=8c2eb8466bea473493d417897f4684f0
global_step=54464 | return=-147.78 | steps=130 | track=ffecaf0f8e97ee245b48679a8710244c
global_step=54640 | return=-128.96 | steps=136 | track=069ccd39add6b3fa3c77df842d72ff55
global_step=54784 | return=-113.88 | steps=190 | track=d49d72ef5af50f2f5a55a3a37f8874e9
global_step=54864 | return=-136.50 | steps=131 | track=b76aa30197ab8da39cea38cb3e57c2f3
global_step=55008 | return=-58.27 | steps=58 | track=5c33653327387b4efaab539f4f66f690
global_step=55072 | return=-95.70 | steps=115 | track=99a00645789ed381da2c5a957cf1f69e
global_step=55184 | return=-145.72 | steps=130 | track=8210c9dff93b458f575db39b9b3d93fd
global_step=55344 | return=-142.39 | steps=131 | track=09bfaeb7697bc210f23c09f9128fcf54
global_step=55472 | return=-131.76 | steps=131 | track=fdffaca96e9749cf4d300e41cb6dadd1
global_step=55520 | return=-157.81 | steps=131 | track=c636f659ee16b5e6e0e3ab5290c34d74
global_step=55680 | return=-141.50 | steps=131 | track=6d29b6e6d044344d14918d5af00e0361
global_step=55760 | return=-71.03 | steps=146 | track=1765d68673c718e9810c06564399069d
global_step=56128 | return=-113.35 | steps=109 | track=be5240a3b5eeb32fed7da94121cf176d
global_step=56224 | return=-144.69 | steps=131 | track=aad5d28d4caef212959a64c0b1183a10
global_step=56368 | return=-172.90 | steps=207 | track=6f11f3c53ebf21814a1b4f840ffc2b50
global_step=56384 | return=122.53 | steps=119 | track=f09d569c231df7263fb5576de176c454
global_step=56496 | return=-112.10 | steps=101 | track=2af25a8932a4ac8794415aad9453393c
global_step=56704 | return=-0.03 | steps=84 | track=25346a6cbda42b952c614f2aa6c40637
global_step=56736 | return=-145.40 | steps=130 | track=ba279a911c86e1e281665699d78536b9
global_step=56752 | return=-149.60 | steps=155 | track=dc4e9c65c25ae286d6c5d538a1faf121
global_step=56880 | return=-145.30 | steps=130 | track=6bccc7fc30317acff6e6d6cb90eb9ea2
global_step=57120 | return=-148.20 | steps=131 | track=af88b81841d3c536a37e14bda1710a9b
global_step=57280 | return=-150.50 | steps=130 | track=e3977c3e94b60778ab0025073ac551be
global_step=57440 | return=11.69 | steps=65 | track=a631107fe8424ceb27e3cb46596f6be4
global_step=57456 | return=-83.32 | steps=148 | track=624c5c1324cf35cfa0b848f704aff1e5
global_step=57584 | return=-146.19 | steps=131 | track=b320c30eee95d530daa675d1045f316f
global_step=57632 | return=-143.41 | steps=131 | track=568a23b2ef5fa1180737a30c85cd06b5
global_step=57808 | return=-99.79 | steps=65 | track=1d1d2432954155f1adac06056e9b1d67
global_step=57824 | return=8.81 | steps=67 | track=3853f906150081bf5d19fa4506c3ea53
global_step=57872 | return=-112.03 | steps=131 | track=820d845d37b3113eba9e01e3c9c9dad5
global_step=58256 | return=-142.23 | steps=132 | track=6b8d1ac86047b06455b3c5884101a5d7
global_step=58336 | return=-135.43 | steps=131 | track=2864c263de44ef17749583b64b79010c
global_step=58480 | return=-162.10 | steps=131 | track=f6b0fdbe2e88560ca7c8c04ceb92bf93
global_step=58688 | return=-117.47 | steps=97 | track=276088225aec3553f94db03ac5de5a2a
global_step=58816 | return=-155.93 | steps=131 | track=be6a16f5741b3e854f92f61de8e6cd95
global_step=58864 | return=8.85 | steps=65 | track=0a95d087c8e79b021318a7893202ac94
global_step=58928 | return=14.62 | steps=65 | track=8fa189c96bdfddf6b8652f176f4f3bc4
global_step=58992 | return=-151.41 | steps=131 | track=9190e357f11e8ef215f90e399c8c5c8f
global_step=59360 | return=-34.09 | steps=178 | track=608af4aaa565828248e4e2d3113a39d0
global_step=59392 | return=-133.46 | steps=131 | track=8ce1769e68134ac735dd727d8870b43b
global_step=59552 | return=-62.55 | steps=42 | track=87cf9d4b48a5c9522a948876800ea3b0
global_step=59552 | return=-143.43 | steps=131 | track=b0c1943f87f49fd5bc6552b89731dcd8
global_step=59568 | return=-142.37 | steps=131 | track=47f6b9631d16445bec7324fdada02cef
global_step=59696 | return=-144.91 | steps=131 | track=338b2f6266839680b10fcf38678f44fe
global_step=59744 | return=-131.20 | steps=131 | track=a5fccc7f7e3ee1784258e06142822971
global_step=59936 | return=-138.86 | steps=131 | track=e418d81ccdb5f94c4f2e7e61e5ccb304
global_step=60256 | return=-36.11 | steps=43 | track=31da9aa6a73633eebeb54b3713f5918e
global_step=60352 | return=-143.12 | steps=130 | track=d7f9e8ce1077b289975bcd720ce27a0e
global_step=60448 | return=-141.79 | steps=131 | track=53799719df179070a25cf4b222918dcd
global_step=60592 | return=-137.89 | steps=131 | track=3927834f8bb7300c6537414ce4d63c81
global_step=60720 | return=-62.12 | steps=48 | track=87b28f06436f77f03c7bf4992b92894c
global_step=60928 | return=-153.91 | steps=131 | track=bf983a33dd6435221ab7767f868093a0
global_step=61024 | return=-21.87 | steps=79 | track=994ef80607de5c231c2266b965ed3811
global_step=61152 | return=-41.87 | steps=153 | track=08c7d3b3702a737c36d0ec36492e471b
global_step=61216 | return=-63.75 | steps=59 | track=7080bbc64c276842c2efe596bcdc70c3
global_step=61472 | return=-151.41 | steps=131 | track=2872b37d83801a6c52b56c5016d0fc90
global_step=61504 | return=-138.56 | steps=131 | track=70a1bfa82ebc764d9f6b0478aeeb8c3f
global_step=61536 | return=-84.90 | steps=67 | track=2dd4d3590fb20643addef810f78ce952
global_step=61648 | return=-101.54 | steps=130 | track=0670ed54ee92e6088cdd70eee5991025
global_step=61792 | return=-19.38 | steps=53 | track=63f2ca2984f5f070754818310ab96595
global_step=61792 | return=-129.70 | steps=130 | track=25044e70b839e6d02d4c38293a08bd45
global_step=61984 | return=-115.39 | steps=101 | track=7208accc057988dd1f491ff1e01eacc5
global_step=62032 | return=-9.82 | steps=81 | track=ba265a4b40297f0af92b1b2d117655a1
global_step=62064 | return=-76.34 | steps=56 | track=0073aa82cb0c10a157d7e8220e9eea8f
global_step=62368 | return=-67.77 | steps=55 | track=6ad10f31085e5d246b347c7b9fa76257
global_step=62544 | return=-68.89 | steps=221 | track=a266520422dae1e3a039b67f1256d172
global_step=62688 | return=-144.68 | steps=130 | track=9835c5c487ba8d2116120a66c8dbb419
global_step=62960 | return=-40.88 | steps=60 | track=92f2fbf9cb35c53aa847c5fa8774a51f
global_step=63136 | return=-141.20 | steps=131 | track=f7354aa3eb955ddda2fbfd9a0171b017
global_step=63216 | return=-151.34 | steps=267 | track=3135f130665b0b438dcce90193801152
global_step=63328 | return=-148.71 | steps=131 | track=62553d6d65d35a85c2297cd5fe2988af
global_step=63600 | return=-153.54 | steps=130 | track=c1074cd4acab280bf9a057feb62c1628
global_step=63760 | return=-139.15 | steps=131 | track=6a9b6f89e282907788c0ef029bf1b1da
global_step=63904 | return=-147.23 | steps=131 | track=b04d59d8bfdd55089e4181e5bf9c6d9f
global_step=63904 | return=-143.40 | steps=131 | track=b56c021e9507c0e3ab3776654d476b43
global_step=64080 | return=-22.12 | steps=53 | track=f4fec59bafd4f74c955b6aab8b8b4171
global_step=64144 | return=-134.20 | steps=131 | track=caf75092d42e5446113dd40beb511766
global_step=64176 | return=-139.59 | steps=131 | track=c3d8ada3b04c06b26ad30b5fc097e434
global_step=64288 | return=-260.75 | steps=537 | track=0d5f2cd9dd97367d76eacd9c9c2be934
global_step=64432 | return=30.47 | steps=68 | track=3d1d7b29ed42b7e27280a8c9dcda4c24
global_step=64480 | return=-140.67 | steps=131 | track=0071de291f65ee5c0d785762c4857890
global_step=64592 | return=-116.49 | steps=190 | track=3b17d43bfdb6e162a26d73ceab77f6c3
global_step=64656 | return=-133.83 | steps=131 | track=d831f30344158b241926378d235242c6
global_step=64688 | return=-231.45 | steps=319 | track=1b67aa8d5812d1a953127e30c68ed61f
global_step=64800 | return=-141.34 | steps=131 | track=6efe5df8198f7d29dd03cc1c47b96d23
global_step=65072 | return=-147.06 | steps=131 | track=a5ec381d29d92a3d89455a013389d5ad
global_step=65232 | return=-116.48 | steps=101 | track=9b470ec259c7a67199432e00e116abfc
global_step=65248 | return=-17.15 | steps=66 | track=b9d7b03f2776120566ed82e9c689be37
global_step=65312 | return=-108.19 | steps=96 | track=cd10ebb41fb02476822cd92c2e3d0d61
global_step=65488 | return=-76.69 | steps=146 | track=5b621a7f3f09c6e6849e118670501215
global_step=65536, SPS=62
global_step=65616 | return=-22.52 | steps=59 | track=fcbfdd26ee1f000615d2fc401ca49e23
global_step=65872 | return=-108.69 | steps=98 | track=258ae086567c33b3e58ac6f7d3c4b743
global_step=65968 | return=-111.59 | steps=117 | track=9acd421579015391443cb3cd11266782
global_step=66016 | return=-137.60 | steps=131 | track=0dc0cca74f6c02853f41d36f3603418b
global_step=66016 | return=-143.90 | steps=131 | track=6b65fd0720917910e17d1c8fe5e4dfb1
global_step=66112 | return=-118.71 | steps=101 | track=9b600b346159f1d039c7ed933934e5d6
global_step=66256 | return=-147.68 | steps=131 | track=dcb2d8dfa443e65199f12212e2df23ec
global_step=66352 | return=-20.59 | steps=69 | track=b993390f6e0cf178f815aa0075d6be4f
global_step=66352 | return=2.07 | steps=64 | track=f166c1bec8bcf1722a3c74d7acd5951f
global_step=66368 | return=-23.84 | steps=46 | track=239b82323cccb1ffd9a0f6cd7a6e8261
global_step=66528 | return=10.71 | steps=64 | track=fecb12a1e8dea97a308ebe36dd192a8d
global_step=66544 | return=-138.54 | steps=131 | track=218c4fea16edab09ac6e6518e55df4ae
global_step=66672 | return=-64.55 | steps=43 | track=7856b400032c6049c88989721a623481
global_step=66688 | return=-141.34 | steps=130 | track=ab88db43af12aa90c0afcde19493b108
global_step=66736 | return=-109.97 | steps=120 | track=0602aaf4772793effde4b25295cac3f2
global_step=66784 | return=-147.34 | steps=130 | track=aca69ef70a31a91e0e7484473cb1b5d8
global_step=67104 | return=-36.37 | steps=61 | track=1f66af46cd2508a91364ffb9fb53345b
global_step=67360 | return=-151.70 | steps=131 | track=9a16ca0233e4858f6dd339cce2e0cc63
global_step=67360 | return=-0.63 | steps=61 | track=69b286c3e749558da2e79e6beb88f397
global_step=67392 | return=2.16 | steps=64 | track=a9a773390751f1649ddc3458909c7285
global_step=67648 | return=-121.49 | steps=110 | track=88c95d2d1f7da0c6b1bd353fc502b443
global_step=67920 | return=-38.74 | steps=118 | track=19be4594f5125fe55f73a1afc9ba28f9
global_step=68112 | return=-140.18 | steps=130 | track=6bd3f39ca6820ddf1a5c9521bfe0d8ed
global_step=68112 | return=-111.58 | steps=189 | track=f3e4889c652334725d103ea41607c86e
global_step=68128 | return=-111.24 | steps=90 | track=7dadabd5e38e3362dec73be568114da0
global_step=68144 | return=8.35 | steps=64 | track=8a75aa807e482a5e492510bbfbf64707
global_step=68176 | return=-107.31 | steps=89 | track=780d4351621775268898cd99cd22f690
global_step=68368 | return=-140.21 | steps=131 | track=af98417c1531566e876b933279f9ec7e
global_step=68384 | return=13.26 | steps=63 | track=4ebe8433fd26b59ad5b8f18d80c923d5
global_step=68432 | return=-10.56 | steps=64 | track=77cf55a4c3988908fe084033a643b4a0
global_step=68640 | return=-138.31 | steps=131 | track=abf077bca2a4b1cd819bd98de9cfeb28
global_step=68656 | return=-129.65 | steps=131 | track=216bb05ebb754eeed2f90e65cf708f47
global_step=68784 | return=-150.35 | steps=130 | track=0fc0367480491713cb278359be96f69d
global_step=68784 | return=49.15 | steps=70 | track=190bb412737540dd4f6a55a258782e63
global_step=68896 | return=-132.70 | steps=131 | track=fc448fe990f43b896b59eb68d81a5767
global_step=69184 | return=23.80 | steps=66 | track=368345d1ccb7aba165b24589be01cd4d
global_step=69360 | return=1.19 | steps=75 | track=8b4a433d93e5ee0f93b4bec24c99d61c
global_step=69472 | return=-140.02 | steps=131 | track=3db98630680f9f759ce5b33a1cc0e40f
global_step=69488 | return=-25.23 | steps=85 | track=3b25f7f92b32de77b541299b0b2decf9
global_step=69808 | return=-5.17 | steps=72 | track=11fd6fc3b668782e696a81091c41a4f1
global_step=70032 | return=-140.75 | steps=131 | track=e205f951d6060800af2ba964da73953b
global_step=70224 | return=-155.60 | steps=130 | track=7acdb81964cdcafc78a4e3d6a39b175b
global_step=70272 | return=-151.68 | steps=130 | track=aa439797901343da8a3620e6f02b2020
global_step=70512 | return=-97.07 | steps=133 | track=ee44de7cbc475376449541a634f31ff7
global_step=70544 | return=-135.70 | steps=131 | track=4f99e11db2bbf6475c39438b25ec9685
global_step=70720 | return=17.52 | steps=84 | track=200ad43a02ab67ca5f88f0078f123238
global_step=70736 | return=-100.69 | steps=129 | track=bd4f7f52eebff8e0634e7616923b109c
global_step=70896 | return=-141.50 | steps=131 | track=ad42421b1bf4f49dd5b61f47bde94520
global_step=71008 | return=-137.05 | steps=131 | track=45867e897d57bc3980157967792b43ff
global_step=71280 | return=-101.99 | steps=130 | track=df9e307cefb1e3ea37c805824796fcdf
global_step=71504 | return=-78.78 | steps=321 | track=d5689998e006335a93bee82f9161d614
global_step=71584 | return=-148.40 | steps=131 | track=6f5ef760a45d6cf44b0fbd4412662c9a
global_step=71600 | return=-142.67 | steps=131 | track=424db7acc56b16c3edfc80060d2ec431
global_step=71616 | return=14.61 | steps=66 | track=3cded9307c7051ab6705d61f419fed6b
global_step=71648 | return=-71.37 | steps=46 | track=ac838a4021be611e5b87fc574da29a46
global_step=71792 | return=8.17 | steps=65 | track=f722b1dc1fe3bb367f6a5bee52f46b3a
global_step=71808 | return=5.65 | steps=67 | track=c3d02d5c303cb5b1825a240bd8decd64
global_step=71920 | return=-134.89 | steps=131 | track=6c31b65403097fbcdd750f9ceb89a5df
global_step=72016 | return=-141.13 | steps=201 | track=d1e24b1f0ef6e9283189ae9af1892f50
global_step=72336 | return=-144.44 | steps=131 | track=0006a3b4764cf339567c38f5c8800260
global_step=72384 | return=-150.38 | steps=131 | track=12a0898827f4e4539758b42a8eb86ae7
global_step=72608 | return=40.60 | steps=68 | track=be8dcc42b5617fd21415401f9238390c
global_step=72608 | return=-142.68 | steps=130 | track=abcb10c4691b147a8a78434296cccace
global_step=72672 | return=-21.89 | steps=67 | track=a09e2804b0dc1e48fead8afe2ea19880
global_step=73072 | return=-111.46 | steps=91 | track=7a042168352a26239172e083f3a76844
global_step=73120 | return=-138.11 | steps=131 | track=4d5c436abdfe6fe9e015d7e194500818
global_step=73344 | return=-62.47 | steps=41 | track=497a8b28f88df20d0d4e1e2c553b63f5
global_step=73360 | return=-108.00 | steps=89 | track=0d2b1ff6b0a42096662b6cf39e721722
global_step=73392 | return=-143.13 | steps=131 | track=c0fcbd1f497f91bbe374a3d34ca233c2
global_step=73728 | return=-141.24 | steps=131 | track=453d1067b393d029c1ca7177a49ef3fe
global_step=73760 | return=-150.17 | steps=131 | track=e73b1cdcc421c6def9cd623d70e313d9
global_step=73920 | return=-143.64 | steps=131 | track=8009d9348928b80c68154138ad304ff0
global_step=74128 | return=-130.49 | steps=131 | track=29636a51ed1a63c00ab402ff85f3d8e5
global_step=74128 | return=-4.80 | steps=62 | track=06b19fa2fc2445fc69ad0ec90cea1cf2
global_step=74304 | return=-214.64 | steps=369 | track=0351227d15060ec05ba9f6d92d34af5d
global_step=74368 | return=-39.16 | steps=63 | track=e638732b26c5859d230e23b17161620c
global_step=74448 | return=-130.06 | steps=131 | track=29f5095ac79cafeb7b78058f9fd0d239
global_step=74496 | return=-141.71 | steps=131 | track=87e763afce5cb9604e1f9bf48c90f305
global_step=74720 | return=-137.35 | steps=131 | track=284f768b229517d7d53cb6e924de7654
global_step=74896 | return=-131.56 | steps=142 | track=bb5496a338778f87236a006a851b90b3
global_step=75264 | return=5.44 | steps=70 | track=f9025d42056980038c85fa2165d030a4
global_step=75376 | return=-182.82 | steps=223 | track=1d766922d3d4412a7eadb6a4ccfcfbdf
global_step=75408 | return=-76.84 | steps=145 | track=8dd1d529aa07f024d950f62afe60356b
global_step=75472 | return=-139.18 | steps=131 | track=15a36d50c78f79d3f393581b4d046d3f
global_step=75504 | return=-135.59 | steps=131 | track=0b231cf23cab236d687e136d71b11437
global_step=75504 | return=-69.48 | steps=62 | track=a43bcbf60941151ae949645c7ca25c47
global_step=75840 | return=-135.07 | steps=131 | track=343fc56bb3dbc3f0878db812d4a16398
global_step=75872 | return=-146.88 | steps=131 | track=d02aaf77b6a197eb3b1916b2d75786f7
global_step=76032 | return=-147.04 | steps=131 | track=55489abc5a8b8e7c2334124281043526
global_step=76272 | return=-40.13 | steps=53 | track=4b798b8f5af10584f3822ef1ad1242f5
global_step=76416 | return=-140.61 | steps=131 | track=0f54290f023be45aced940302bd0eca5
global_step=76464 | return=-116.73 | steps=108 | track=86efaf5aa0f44ae61c71de9583c2b286
global_step=76480 | return=-160.29 | steps=131 | track=7262de8308c57e11969914ee482f3229
global_step=76544 | return=34.70 | steps=66 | track=b9d194315e0681fd7118e9fc329325fe
global_step=76544 | return=-37.67 | steps=130 | track=29231c609ba4562e6bc083e4e59fbcdc
global_step=76624 | return=-61.51 | steps=48 | track=71518c8e0b2ce7b727d691515fed7108
global_step=76848 | return=-212.27 | steps=425 | track=f9960f8272ab15c75b199bd77bfafcf6
global_step=77008 | return=-141.66 | steps=131 | track=e05f624ee4784ed126ddd658a4bc18a6
global_step=77056 | return=-105.58 | steps=96 | track=076a2fd55ef848e495457fc711f0576d
global_step=77312 | return=-105.36 | steps=198 | track=c84388ba1a9e5f13047e9bfef5e53f37
global_step=77376 | return=-139.27 | steps=131 | track=c9f8a002590b836bf8306fabf35aab47
global_step=77616 | return=-138.80 | steps=131 | track=9e8205b730e512a802079908b2177b91
global_step=77968 | return=-141.49 | steps=130 | track=c76613e277c7750711f09b733c4d2757
global_step=78144 | return=-130.92 | steps=131 | track=987302bdcab2da4bd94cdfd2c73d19ac
global_step=78224 | return=-60.20 | steps=108 | track=3e73f53f1aa61b056f84ecb7efff46d3
global_step=78336 | return=-119.06 | steps=106 | track=ba62fb143962ba35bab0b2d4fb2f3a0e
global_step=78496 | return=-107.35 | steps=89 | track=7118b16c2b13a083fef3f86131ecaaa5
global_step=78512 | return=-143.76 | steps=130 | track=ed888e190dd3c2863763ca5980caf9f3
global_step=78656 | return=-111.71 | steps=131 | track=c16288875d386178e93496cef5102fed
global_step=78656 | return=-169.37 | steps=131 | track=912bd6dd9516c277b87875451c4a6e4f
global_step=78832 | return=-61.65 | steps=147 | track=aa09c33e67fbba2afe3507fbdcf0c08c
global_step=79040 | return=98.91 | steps=228 | track=3ce212fe749f165b2c6fedf8b4688727
global_step=79312 | return=-42.73 | steps=153 | track=72a41529a7313b405c555fa7885fc808
global_step=79424 | return=-150.65 | steps=131 | track=1706510aaff9ce3284096b46228d43fe
global_step=79488 | return=-159.50 | steps=131 | track=b0e5f848049344f6c36b878d20fa32fb
global_step=79712 | return=26.89 | steps=74 | track=a2641ad53299461a7f3d98115b8294e2
global_step=80080 | return=-131.93 | steps=131 | track=69d77b37a38a6855787850b4e9fd064f
global_step=80160 | return=-27.55 | steps=158 | track=c0f787a97faf40e5699dd48715c23095
global_step=80256 | return=-140.00 | steps=131 | track=b6b18d468326cc4d55387b326d444454
global_step=80336 | return=-138.11 | steps=131 | track=93ad6ce9ffb56c2b10e4141a9a981c59
global_step=80336 | return=-75.09 | steps=93 | track=0f9c5fd93ed3838ff490858da04112ec
global_step=80384 | return=-0.04 | steps=66 | track=bd58ddcb12f6b02af0500a77acae409b
global_step=80400 | return=-107.08 | steps=211 | track=d50f00885541a4f765e30512be823b54
global_step=80432 | return=-148.80 | steps=130 | track=9b5d785ddfe26d14c21fc91acd0e3789
global_step=80592 | return=-134.08 | steps=130 | track=1619914fd99373d9ae0f89e63279a965
global_step=80736 | return=-7.56 | steps=63 | track=1cf10c6ac07ccff8cceacb33f3b1dcc9
global_step=80752 | return=-144.97 | steps=130 | track=c5b2a233f134df8ad92e25a40a9cf1aa
global_step=80768 | return=-153.81 | steps=131 | track=b3a0cbb1ecf57f1772e476da305315fa
global_step=81120 | return=-110.22 | steps=302 | track=51fb536f7226564bd3a63b5c7e6c7fb5
global_step=81152 | return=-127.01 | steps=131 | track=3626c80ca8fb28bf112dc4acb5366b55
global_step=81200 | return=-1.97 | steps=69 | track=6202a41e512a028b469a2b632283f8cf
global_step=81296 | return=-13.62 | steps=112 | track=9b6fd97de67595c6775d1d2f768d4f51
global_step=81472 | return=-5.44 | steps=70 | track=613b77e2142102aa36598bd377fcb531
global_step=81648 | return=-43.35 | steps=65 | track=02b1c18634869631b2294d8a07ed1475
global_step=81808 | return=-40.07 | steps=42 | track=61d31d3889e9b58d9f07b5077cb84ca1
global_step=81920, SPS=60
global_step=81968 | return=-79.10 | steps=112 | track=fc0c2f806fe0486fe73963ec09587a7d
global_step=82032 | return=-93.00 | steps=162 | track=1e6c9209075a1f0cce3ec2a7c6a123a4
global_step=82336 | return=-74.09 | steps=70 | track=b69dbe2107704358616761f95b7e9540
global_step=82352 | return=-140.46 | steps=130 | track=cbe66d3bd92f845fa232d34db8cb4081
global_step=82384 | return=-101.55 | steps=124 | track=d08bbf88c5d4acc2d6310ee40e22e9e0
global_step=82448 | return=-116.60 | steps=131 | track=2cfd8a29cae85451e0ec79cf01360595
global_step=82528 | return=-149.99 | steps=132 | track=50da12d5d98eb52abda842162dc96ee1
global_step=82560 | return=-157.19 | steps=132 | track=3a36fb34aee9a6d10887a174452cb225
global_step=82704 | return=3.17 | steps=65 | track=c9590ff7acdcb9da972edfa1eb1e0b87
global_step=82848 | return=-145.00 | steps=131 | track=e41d5455b6deb8757a50c8454fa964a8
global_step=82864 | return=-142.71 | steps=131 | track=4833e434e6b6181be6ef5f2736d0ec8c
global_step=82928 | return=-44.92 | steps=55 | track=b3664f592ae8d4e139a2a848100d6377
global_step=83024 | return=86.06 | steps=140 | track=2991172334ba0e17195fd9184b14b937
global_step=83040 | return=-26.09 | steps=43 | track=dc71e2205731c6c52bd712aba680c6c7
global_step=83264 | return=-145.76 | steps=131 | track=2a8002fd161c008811bb5d4d6f1d0237
global_step=83520 | return=-49.34 | steps=106 | track=4dad57b39df1701bd2303459863589ce
global_step=83536 | return=15.68 | steps=67 | track=3e544f83781db904a99aa419f7c7aa3a
global_step=83568 | return=-143.97 | steps=130 | track=9b26ce06020094b603ff9fb847b8a2ae
global_step=83696 | return=-16.84 | steps=61 | track=a244558cf418dd296e4094bf3423e4f2
global_step=83808 | return=-62.91 | steps=47 | track=94cb1ce9cc5eac8d2242bd4d14c2db25
global_step=84080 | return=-143.61 | steps=131 | track=0d583a7e7fe57b4cd49ddc8304784d7d
global_step=84464 | return=-143.42 | steps=131 | track=9693b6b69b458e51592e614dc54481a5
global_step=84496 | return=-144.25 | steps=131 | track=d378c69dcd09fa7380395f48673171de
global_step=84640 | return=-135.97 | steps=131 | track=0ad73c57096df93320a6432959a2dfd6
global_step=84640 | return=15.97 | steps=66 | track=6fd2407889683438fc4d55583092ba2b
global_step=84672 | return=-137.48 | steps=131 | track=dcc80f12e9c0b758f6563a7c3b754bd6
global_step=84944 | return=-34.55 | steps=70 | track=e8b62f0e8ecf40dab36ebe44d500524b
global_step=84976 | return=-142.71 | steps=131 | track=669509e0d36eb532f66b686e8dfa59be
global_step=85136 | return=-140.03 | steps=131 | track=dacb727e489f94071012ea1c499523b9
global_step=85216 | return=-111.33 | steps=147 | track=5260ee50bd6c71e730f1a60b1f7ef18f
global_step=85424 | return=29.80 | steps=83 | track=7a7c776ffd678f4da9ba98fb6d3a136a
global_step=85632 | return=-159.11 | steps=131 | track=a4a4d7652e8f67435fbace9150614a84
global_step=85808 | return=-135.85 | steps=131 | track=fee8b1835c2eec90e493833727f9e50f
global_step=86144 | return=-166.23 | steps=162 | track=ae29d3b21db488bfdaf592f9a9bf4865
global_step=86240 | return=-78.40 | steps=97 | track=cf4c0eb4016a8b45bd269653540348af
global_step=86272 | return=-153.00 | steps=187 | track=d8eed384f502d37fcf90326730561271
global_step=86416 | return=-38.58 | steps=48 | track=c7badda9ba9ff782367198584b6253a6
global_step=86592 | return=-144.08 | steps=130 | track=3393cd247048295e181ffab032b51a0e
global_step=86752 | return=-154.64 | steps=131 | track=433769e39e26501d72d772bffdce1501
global_step=86752 | return=-138.28 | steps=131 | track=4209fef1fa764fac297138505a822afb
global_step=86800 | return=-84.45 | steps=98 | track=ff86e2c99bda3ae4e8a00f75f93d6b37
global_step=86944 | return=-61.87 | steps=154 | track=7a7227aa321a0d7e623f68a6c6cea128
global_step=87024 | return=-55.20 | steps=54 | track=ded40f3cf5da92d1208b198c26ea8e79
global_step=87024 | return=-104.95 | steps=117 | track=d3aeadd7e7806c6a153f0915142808ea
global_step=87056 | return=-127.27 | steps=131 | track=1b728abbf52e40c7d0e3a636ed487bb7
global_step=87072 | return=-140.78 | steps=130 | track=132a1187c14151744c56c8f52ccf712a
global_step=87280 | return=-110.20 | steps=91 | track=4c30fdfc401418596d43d03c550f062d
global_step=87536 | return=-143.49 | steps=131 | track=2d6e3512a0140e9db9863303c0c123a9
global_step=87728 | return=-14.18 | steps=60 | track=762bc59d6cb4f81a38d25ac8e8ab4251
global_step=87856 | return=0.73 | steps=78 | track=79663be0d56a54ccb81caf5f4d661f37
global_step=87936 | return=-35.79 | steps=61 | track=4ba6698a4fa643cf355c60b63c49e13c
global_step=87968 | return=48.62 | steps=314 | track=b9c46139eab04b7c7c035bb78caa3525
global_step=88240 | return=-98.80 | steps=433 | track=d3bf22bf44c3997dd04d79e7e9161690
global_step=88240 | return=0.93 | steps=72 | track=d4eb10d9f80db922f03f67e898463444
global_step=88528 | return=-117.21 | steps=131 | track=ca2219c177e28c2ea1fa7666f6de60ee
global_step=88672 | return=17.27 | steps=70 | track=99addcf9dd74feec738a18a31485979e
global_step=88688 | return=-53.48 | steps=46 | track=f5d30198bdaa442646e4af1d64cbc9e0
global_step=88768 | return=26.50 | steps=157 | track=b03538ef08cba82a9ca486b58cadb935
global_step=88784 | return=-0.69 | steps=65 | track=fbc3c3d41484d4d2def0af287f88d7cf
global_step=88864 | return=-135.65 | steps=131 | track=8d87431c57b2ae41f12e39f3da38cfcc
global_step=89136 | return=-148.91 | steps=131 | track=fc62aae9cf64f0d6964fbee75eb4c602
global_step=89168 | return=-143.18 | steps=131 | track=0bfd3d8e08ad01b444791c592544d295
global_step=89216 | return=-111.46 | steps=136 | track=a3ca63b288d1076cd93e0fc002086b1c
global_step=89392 | return=-145.51 | steps=131 | track=a0349807abffb857308f795a6cd2de9a
global_step=90080 | return=-164.95 | steps=131 | track=12b6e3dffef381ef9b365596f69e7e5a
global_step=90160 | return=-96.46 | steps=143 | track=569792d0718c2a34b18c46763aaaee4c
global_step=90352 | return=-142.77 | steps=131 | track=8c692fdb47201dc8d71c3dca38aa5b6f
global_step=90480 | return=-123.58 | steps=262 | track=8d445af51003a81005f7d8189be1a37d
global_step=90624 | return=-144.23 | steps=130 | track=3da3cc1c6afafabd99cbdb28d985f40e
global_step=90672 | return=-133.95 | steps=124 | track=7079e413c7b45983078f7e1fd9639518
global_step=90800 | return=-147.41 | steps=131 | track=b5844bf4fe02254d6494a9be09651ccd
global_step=90864 | return=-135.82 | steps=130 | track=a50109bdab1fbf0a7fd2fdb3201cea9c
global_step=90880 | return=-131.12 | steps=130 | track=b468dfc8a85cf4bfd87ff01acf55bf8e
global_step=90976 | return=-169.63 | steps=131 | track=3c07957ec23366183b01e3127ccb9ddc
global_step=90992 | return=-152.41 | steps=261 | track=633b96ead88acb8aaeefd8a865500d25
global_step=91248 | return=-135.10 | steps=131 | track=8f801d50b9186675914209c3ff6da8f3
global_step=91280 | return=-145.95 | steps=131 | track=071b66b643fd716917b6c24608aed5f6
global_step=91328 | return=-145.13 | steps=131 | track=32ff19273ca8f1a693a4c0e550fa46c0
global_step=91456 | return=-48.02 | steps=60 | track=df6354cbbfb677eb88e16d47d3b85531
global_step=91504 | return=-164.45 | steps=131 | track=7171e9c21ee377cd33f6936687138680
global_step=91840 | return=-24.27 | steps=75 | track=081dae1dc496659abecba754d8fd2c19
global_step=91856 | return=-40.06 | steps=60 | track=b1f4dc1577152bf2110b0b7ffac293c5
global_step=92048 | return=14.08 | steps=65 | track=e923bb835ccc5383f6707179015a0f2c
global_step=92128 | return=-98.62 | steps=110 | track=b4b88f7c7f1107b272cb1d347bcdba94
global_step=92192 | return=-141.50 | steps=131 | track=da4b498fccaa158d73ffc0a196becf35
global_step=92272 | return=-144.91 | steps=131 | track=f61429ca23d652e2543eecee4e05893c
global_step=92304 | return=-74.89 | steps=253 | track=e8d25baf92d7c4591f2e2d19202c1312
global_step=92352 | return=-12.95 | steps=63 | track=5a9c4d259932c5e1747407c14718d807
global_step=92656 | return=-72.64 | steps=74 | track=685dcf973fea5d5698183f3cf95b7652
global_step=92784 | return=-139.18 | steps=131 | track=dc1940ca5037b947bd2f300b8b527556
global_step=92880 | return=-107.51 | steps=101 | track=5258dfcfadd6b0f8c562797dc21d1337
global_step=92912 | return=-121.73 | steps=131 | track=b3cff7f72ec5d1449867d9adbab40380
global_step=92976 | return=-18.56 | steps=70 | track=a9794d6ba54539990d78def508b5d93f
global_step=92976 | return=-145.85 | steps=131 | track=9a0f67291a7742a507bbd48e3d88fabd
global_step=93088 | return=-135.97 | steps=131 | track=165fe5f996a09752d79ab0cb9d8ab918
global_step=93392 | return=-137.10 | steps=131 | track=1bb40eaf29585b740b3063318e64fcc3
global_step=93696 | return=-13.65 | steps=83 | track=52dd2a5d6da02601c203f10e0d4d4813
global_step=93696 | return=-13.27 | steps=64 | track=82f58519b49f0445cb326cf7f7e7d4ff
global_step=93856 | return=2.79 | steps=66 | track=7ad1aeeeb6ef953019c573c82628ed65
global_step=93872 | return=-94.23 | steps=55 | track=88ab6d32a4a183dcb8bddd2901d984a0
global_step=93904 | return=8.48 | steps=99 | track=cfc0322912cda3db97985a39d049d481
global_step=94160 | return=-148.53 | steps=131 | track=28ff7a18374a6f687b894bcfe720d6ac
global_step=94240 | return=-133.37 | steps=131 | track=b522cc064b951b6f405c93a8f3edc8e6
global_step=94304 | return=-138.28 | steps=131 | track=30686af43906c0e0453bc833c70b376d
global_step=94368 | return=-145.64 | steps=130 | track=e3244594c240fe27824f498d3a3f7277
global_step=94368 | return=-158.14 | steps=156 | track=c2e15524d7db56b1a7e3b60e862cdd2c
global_step=94528 | return=66.68 | steps=188 | track=21f2025b4043713949e1e070ac0fa6a5
global_step=94752 | return=41.06 | steps=65 | track=54d4625ccf75b11840117ed35e8f64e7
global_step=94912 | return=-22.14 | steps=62 | track=8ad8957529f1175b72117c23484707a3
global_step=94992 | return=-149.13 | steps=131 | track=83f2d51862c149d486de91ebf4d5d4e8
global_step=95008 | return=-151.84 | steps=130 | track=259c2fa22016a8826ee24a747cba0a9d
global_step=95072 | return=-119.29 | steps=130 | track=895adf679996ebf08cdd79f9a4af6e45
global_step=95136 | return=-40.71 | steps=60 | track=22205df49d46aefc4c81e06e5ebf1f56
global_step=95200 | return=-13.32 | steps=55 | track=cb777c18000e08108ae29745ed6d2a00
global_step=95200 | return=-141.01 | steps=131 | track=683201dcd39a2a344863499ec0d4a75b
global_step=95376 | return=-80.19 | steps=93 | track=13fee9eea542b6e12f582d2b6c42aede
global_step=95488 | return=-120.21 | steps=130 | track=c90bf4eb37a4d5ac28a5598e0e09c391
global_step=95808 | return=-115.33 | steps=131 | track=908f590f0ad739ee18ba9e3cfcc6af2b
global_step=95808 | return=7.09 | steps=65 | track=66e12cd6e42db2dc4674d7cc4f109c08
global_step=95952 | return=-123.51 | steps=98 | track=c12dd6fb6c8ec54521f30a1e0c7c6109
global_step=96112 | return=34.49 | steps=68 | track=f342dc0399c0ef4feb6f597a6a93b627
global_step=96480 | return=-143.20 | steps=131 | track=5a283f949966f90d7c0e1ad34b0111b7
global_step=96528 | return=18.66 | steps=64 | track=2f5f3a7427babca36d5bb0ba876c2aae
global_step=96624 | return=-142.13 | steps=130 | track=62de6870570f8d62f9ee5d6a55c216cb
global_step=96704 | return=-20.95 | steps=153 | track=525d7bf62e9bca35bc156ff0f64f0dbe
global_step=96752 | return=-34.56 | steps=100 | track=78118bccfef7df7af20fea97b47b32aa
global_step=96816 | return=-71.46 | steps=89 | track=ee7e12e5f89b0ece49f0faf23ca58209
global_step=97024 | return=-148.98 | steps=131 | track=8fdf1cd23a8bc420787c54f2a6f9f199
global_step=97088 | return=-98.44 | steps=130 | track=b2987547f45795224594cadfbad63775
global_step=97184 | return=-143.81 | steps=131 | track=d43fb6a30935464d0c32d7767909f948
global_step=97184 | return=-14.18 | steps=66 | track=0aa010bb819276cfdd4de9c6d6ef5ce6
global_step=97296 | return=-142.06 | steps=130 | track=819791ece7dad1922f5f5501caece1f8
global_step=97312 | return=-143.90 | steps=131 | track=5b2766c259e4e84d8121f1ba749c5e67
global_step=97488 | return=-56.31 | steps=45 | track=4cb67bbd744296b5f18ca9937da5e0d9
global_step=98064 | return=-133.76 | steps=131 | track=c3f8617af77a921816b4df67434e6500
global_step=98080 | return=-35.96 | steps=90 | track=c73d7f82b3bfde8212f98002bf5c3504
global_step=98096 | return=-206.75 | steps=264 | track=6a6530c3d90bd89b35ed027dafbf388e
global_step=98144 | return=-91.48 | steps=145 | track=98a2d8618f40d3ba0cebcd55f03df02c
global_step=98256 | return=-109.10 | steps=89 | track=65613b96a4a098089ceebd6dab15737c
global_step=98304, SPS=59
global_step=98576 | return=-82.97 | steps=172 | track=66973c49e0b0972a9274335059e42122
global_step=98592 | return=-123.85 | steps=131 | track=337894306d48578a645c8cbe1ca45078
global_step=98720 | return=-106.67 | steps=105 | track=77b2bd4ab6de0aada6cecfe56f854012
global_step=98816 | return=-136.62 | steps=131 | track=f2d6558c13a481fc638192812b34dc55
global_step=98912 | return=-112.60 | steps=107 | track=1a392a6e8efeb1810b7907d9c69de869
global_step=99216 | return=-149.19 | steps=132 | track=50d2df498c89fecde14027ee0c7c5e30
global_step=99264 | return=-42.23 | steps=42 | track=7dc66a55785309ad450fadd19fabbd93
global_step=99296 | return=-133.37 | steps=131 | track=a0f4fa2302173c1b35f229b51d45f431
global_step=99408 | return=-116.41 | steps=131 | track=ab9d516938b0900dfb81bc26a495b582
global_step=99424 | return=-149.79 | steps=131 | track=f4c6fcdb2b89b95b0e9d9febadee50ba
global_step=100016 | return=-75.11 | steps=121 | track=b2925678bf1f18e27d4c316f23fefda9
global_step=100176 | return=-104.40 | steps=130 | track=cfed9dff43456820fdffeb5ceae78ad2
global_step=100240 | return=-75.88 | steps=88 | track=e9e2617a8f2e85fa77554c31bc8f342c
global_step=100256 | return=-143.85 | steps=131 | track=8460a6ecd80b72f6340eb1261fb774f4
global_step=100368 | return=-141.91 | steps=131 | track=7e0126ef483d54415429ee7c2eb2e08e
global_step=100400 | return=-25.69 | steps=60 | track=683b144cb2ecc3372554e5925f497c7f
global_step=100432 | return=-98.59 | steps=145 | track=f116420acbaf020c15f08d639de51b12
global_step=100576 | return=-23.41 | steps=192 | track=7a6ea3bf92170c35d1242cac6201c7bc
global_step=100704 | return=-166.91 | steps=131 | track=dd61c778e29d8d316321135753f681cd
global_step=100832 | return=-131.37 | steps=131 | track=190853c67767b7b4e663d806201a25fc
global_step=101024 | return=-137.60 | steps=131 | track=07259c38153efb0d4b873611dd50b8d1
global_step=101328 | return=-143.40 | steps=131 | track=320a90300812d3e29052a65e76fe0c2f
global_step=101392 | return=-141.09 | steps=130 | track=05168b442f7340032db7f0851be18eb7
global_step=101600 | return=-99.42 | steps=136 | track=03b2f7fff6ba63d0c9913673659ad1ea
global_step=101648 | return=7.56 | steps=66 | track=c4fa8f21259711422803175683ac9f7d
global_step=101664 | return=-72.75 | steps=59 | track=3a964a3ac0d18e08c91cde6fd9a6a828
global_step=101760 | return=33.49 | steps=84 | track=6569b2ae92a09dd5d1458b77f73dbb45
global_step=102208 | return=-107.02 | steps=136 | track=9158d00e9f022fcb1461e403622321ca
global_step=102272 | return=-140.19 | steps=130 | track=fe1b04c695c6184b862444580b44b16e
global_step=102368 | return=-141.70 | steps=132 | track=19488c07cd73413f72bf2a87c498517c
global_step=102368 | return=-139.71 | steps=131 | track=06f3a71c3b134288b83e6ea77dbad0e1
global_step=102480 | return=-200.24 | steps=371 | track=f0c98efc0cfdedabe9cc9f367c02a1ae
global_step=102544 | return=-139.51 | steps=131 | track=431ea65b9ab24cf12b7fd45207716d6b
global_step=102656 | return=-58.02 | steps=113 | track=6738ab926ae20ac2f2c63b6053a54c28
global_step=102880 | return=-7.93 | steps=92 | track=c1949adbe99ca1ccba0d78ece76536b2
global_step=103008 | return=-144.73 | steps=233 | track=9232093f80961b73d72c62116d1cc24f
global_step=103136 | return=-140.85 | steps=131 | track=a98481c24a18bf232047b1a42e1c6233
global_step=103344 | return=21.97 | steps=66 | track=3608868712b4be7e96718e9db2c622c4
global_step=103440 | return=-154.09 | steps=131 | track=de17cc94b9e09a2ec5f7b48f93dbce23
global_step=103632 | return=-105.72 | steps=67 | track=8e6a81526cce6bb71563ace4cdfe757a
global_step=103760 | return=-148.09 | steps=131 | track=9b35d7b710431b3c46aad62aa1aebca9
global_step=103824 | return=-49.86 | steps=42 | track=6a4f7e3dbf63267e464da563c98639ee
global_step=103872 | return=-148.23 | steps=131 | track=a023d4ceb8abeb0f73d8dae725660065
global_step=103888 | return=-51.41 | steps=142 | track=1b512d9893fca936028bb812c4f588c1
global_step=104176 | return=-238.43 | steps=237 | track=085d70fc848258d69a01fd0b5ee49e80
global_step=104240 | return=-106.03 | steps=109 | track=d9cc7949359792ffe367401e80b89952
global_step=104320 | return=-134.40 | steps=131 | track=c764224f749c5e9fde33fe196ab15332
global_step=104448 | return=-112.66 | steps=173 | track=b06c87fef93719ee3ff675e91d7df725
global_step=104480 | return=-145.31 | steps=131 | track=df1a1286df16b25dbb35ea057b7ccf01
global_step=104768 | return=-156.50 | steps=131 | track=e3ee24c2668083b25311273c33d16029
global_step=104784 | return=191.70 | steps=150 | track=ef5513019ae712dbad09130fe199da9c
global_step=104880 | return=-99.07 | steps=89 | track=e277c0b9232c1828c1f676556663bc6f
global_step=105120 | return=-144.37 | steps=131 | track=72be0f086d06a025c44fae88544d50fd
global_step=105200 | return=-120.76 | steps=144 | track=d518394331d7a75c551cca0624b2937e
global_step=105312 | return=-10.01 | steps=61 | track=3bbfed80577657a8bc3735c007a708e4
global_step=105376 | return=-15.75 | steps=92 | track=53beb6d3485e060f640ccc2ca918c35d
global_step=105760 | return=-27.20 | steps=61 | track=a3ab8519f8304ca70592846a0ae74199
global_step=105808 | return=-75.40 | steps=153 | track=369aec5dd4ced723e0345be50af23ee1
global_step=105856 | return=-74.31 | steps=138 | track=8be0868c2bff852d6c95a6a0e19d63a7
global_step=105872 | return=-139.03 | steps=131 | track=534f42899c28eaff9a695f51b29954e3
global_step=105920 | return=-103.69 | steps=89 | track=d108e2e8fe1273337e348b240d225ada
global_step=105936 | return=-145.91 | steps=131 | track=44c99aba54c8bdc48aec626a5d4ec8f1
global_step=105984 | return=-154.80 | steps=131 | track=b11be7513c3a1e8acf41abfaf525d84c
global_step=106000 | return=-119.01 | steps=109 | track=d28d7ed666e91fa7419aab9de30d8f8c
global_step=106288 | return=-139.50 | steps=131 | track=bd792eaf89f0bbeac5b7fcb9121f3b1f
global_step=106560 | return=-152.14 | steps=131 | track=7ec1ac4ef1fe97644035207d18199557
global_step=106640 | return=-123.02 | steps=89 | track=9f3ce83af333aaad5f3f2ad8a0317ef2
global_step=106896 | return=-153.40 | steps=131 | track=0d7c9a822c898886a3ad57ae9633d2f9
global_step=106976 | return=-156.47 | steps=130 | track=1e7d7b35be14664e602b719398ef676c
global_step=107312 | return=-109.10 | steps=89 | track=ca13e400f3039430d44828b02b39f319
global_step=107392 | return=-109.45 | steps=98 | track=e06fc54a4b884a00e13e5702f375472e
global_step=107472 | return=-138.40 | steps=130 | track=ae685d973cb98834add02fff8d1e9e30
global_step=107472 | return=-75.92 | steps=146 | track=c13917dfd0e99de667701f46db4deff0
global_step=107536 | return=-75.89 | steps=138 | track=7d65917155581a05b7edd450aa612997
global_step=107872 | return=-130.06 | steps=131 | track=74e2c7147f74d4f1b6e9310adbcdff68
global_step=107968 | return=-144.80 | steps=131 | track=514bb5c9841df578fa803a369154ce58
global_step=108032 | return=-134.84 | steps=130 | track=a822f04d43870db770151c7c34c76ac4
global_step=108032 | return=-128.78 | steps=131 | track=ac3a0a23ecce4b6a4b455176601ddd3d
global_step=108080 | return=-71.43 | steps=47 | track=1d6a4ec778cb5a7d9e91aaba5959d006
global_step=108096 | return=-140.63 | steps=131 | track=d8b8d2ac65fc323669f2e371ec347b2a
global_step=108304 | return=-56.37 | steps=47 | track=809e55a368d42abf889230f66beb6096
global_step=108352 | return=-43.42 | steps=146 | track=698c4b4e4581b7a63d5027f38540e23a
global_step=108672 | return=-132.60 | steps=131 | track=da64475dc926047551cdbe4545c931b6
global_step=108928 | return=-32.65 | steps=90 | track=43265bebee22a52cb8661f5f520a2084
global_step=109488 | return=4.57 | steps=70 | track=e2f2e7e8ce2a27f5416117f98a1abe59
global_step=109504 | return=-142.11 | steps=131 | track=4d0772305edca7579332268606d6ad0e
global_step=109568 | return=-8.08 | steps=204 | track=652f1167d83b7ff4025d5977077c79e6
global_step=109568 | return=-59.34 | steps=95 | track=c61e75a5b4b29354e277778930e0f0fc
global_step=109632 | return=-56.32 | steps=43 | track=baa106d8f9648ab23d1081d0a896346e
global_step=109728 | return=18.11 | steps=65 | track=99c573b60aff26d89b236a6ead7b49ae
global_step=109904 | return=-38.80 | steps=151 | track=5a0abe4a313f76098b99ab206d058dcc
global_step=110192 | return=-161.01 | steps=131 | track=b7a2b6966c85c1d13927786739a75136
global_step=110192 | return=-56.96 | steps=42 | track=835049f9b004118f074519372884f9df
global_step=110320 | return=-3.95 | steps=142 | track=db5207544b7543225add7bdc42758cdc
global_step=110352 | return=-83.00 | steps=231 | track=94c2915b9dd2954770ca476cf352b4d7
global_step=110464 | return=-152.43 | steps=217 | track=bd89166285682819e149b3708f345780
global_step=110656 | return=4.24 | steps=234 | track=d906d6c220ea33c4f8bb1494aa522fee
global_step=110672 | return=-137.20 | steps=147 | track=3ac92ded7611f49de730b665c95df8f5
global_step=110816 | return=-123.21 | steps=169 | track=9c401e28f42123b4859fc74a353bb2b4
global_step=110976 | return=11.14 | steps=77 | track=d4f0dd04ba0c7497af4aba5c9612f847
global_step=111152 | return=-102.80 | steps=198 | track=f9d76939c3fcfbb5f73323c6d83b5264
global_step=111408 | return=-110.44 | steps=110 | track=68816430c666f54e490d01c2338f172d
global_step=111584 | return=16.16 | steps=76 | track=ab8824ef403ed42dd0c6279c0efa0922
global_step=111600 | return=-126.60 | steps=131 | track=38c0fe9c7bbdd31ab4cd1ebe92c65eda
global_step=111664 | return=-153.37 | steps=130 | track=5121764189ba4d215917189ad787bce9
global_step=111680 | return=-137.89 | steps=131 | track=27a2482382d894bfef1b8aa0f9787c08
global_step=112032 | return=-127.46 | steps=132 | track=31ee68c13c4ee8b8ea3a803e93483d85
global_step=112208 | return=14.46 | steps=65 | track=b884e8df26d7024e32d9980a4db75b69
global_step=112288 | return=-140.18 | steps=130 | track=64ff117fb5993b689e66548f537e4dfd
global_step=112416 | return=-172.70 | steps=130 | track=3a60c3ac6562a079ffad5c02700a4d43
global_step=112560 | return=-159.07 | steps=130 | track=cd1e0f56ccc4f009169825ec5d12a8cd
global_step=112672 | return=-60.82 | steps=154 | track=041a0245bb3d63e2976b2fa7463b786d
global_step=112768 | return=-109.82 | steps=131 | track=09213ac3245c984d195950b0238b2a6a
global_step=112928 | return=-142.20 | steps=131 | track=8e1f51b8badffb58fc06cb69b006b5d3
global_step=113072 | return=-156.82 | steps=130 | track=a2702673f6ad4e9d170bcb5fdbe934f9
global_step=113104 | return=-153.46 | steps=326 | track=a9776a8054776bccab4e424fc188b1e5
global_step=113376 | return=-56.52 | steps=168 | track=5a1545fddfd4571d7ea7d7f3b4fce5e2
global_step=113520 | return=-140.88 | steps=131 | track=896769f44789fec9eb1c0d3068344500
global_step=113696 | return=-161.81 | steps=131 | track=f2b7f151cb0541623a930abf0af8e993
global_step=113712 | return=-123.90 | steps=131 | track=c9396cb727022acf5ca7f3298b232c3f
global_step=113776 | return=-111.97 | steps=97 | track=1338a0d2df84d51c87f7141d772df33a
global_step=113792 | return=-149.47 | steps=131 | track=508accef808ab077ce7cf44d1b68b549
global_step=114144 | return=-152.04 | steps=131 | track=4d0ff0cf61f42f9fa7e5b2886b0fdd30
global_step=114176 | return=-54.33 | steps=156 | track=f9f2ba3da1ecb48ff7db53a40535359a
global_step=114400 | return=-149.38 | steps=131 | track=ed8d02b58fe35e6933e7f767232efadd
global_step=114528 | return=-143.90 | steps=131 | track=f7eefe40dc4ce4b798bdd5e72886e953
global_step=114672 | return=-145.34 | steps=131 | track=c92f0a8b5feefb04bbfa4b8a0ea275eb
global_step=114688, SPS=59
global_step=114784 | return=-146.82 | steps=131 | track=071d4da57d563d75534827fb653b49e7
global_step=114880 | return=-145.00 | steps=131 | track=5d695018437a1a7e8328e99080adfc69
global_step=114896 | return=11.99 | steps=69 | track=68e42adf92c27ca62042bedd2592f3ec
global_step=114896 | return=-55.39 | steps=46 | track=b0f00412fdafbb5333cf4d60e264c9fd
global_step=115040 | return=-140.18 | steps=131 | track=47cda35ff1aa6d786d3a16709360482a
global_step=115184 | return=-147.06 | steps=131 | track=4283d328acb9d923fcc4bfa0b38a4b31
global_step=115216 | return=-144.49 | steps=131 | track=addb79f55eca6ee7a7846828d7fb6cf1
global_step=115440 | return=32.19 | steps=64 | track=df757819963e25cf99bd54a4c36ec7de
global_step=115456 | return=-96.43 | steps=120 | track=607fcaad1608e6fc319217f5adeab0db
global_step=115472 | return=-149.04 | steps=130 | track=cb8fd1b42c76779eca0a955afefd59f4
global_step=115808 | return=-134.40 | steps=131 | track=9b5081316617dc94fda986529668788d
global_step=115856 | return=-145.80 | steps=133 | track=829fbce363a654be46a936b9a7c66505
global_step=116096 | return=-8.91 | steps=65 | track=a709a9f3f22ea4a8b662055883672018
global_step=116272 | return=-154.88 | steps=130 | track=0e111c50beb7002b6482a8127568bf3b
global_step=116384 | return=-100.31 | steps=92 | track=80315ea1389e3f18c2fa6a5de23e31f5
global_step=116624 | return=-97.55 | steps=89 | track=e38d5973d7c08f4fe3d89eec89c75d59
global_step=116656 | return=-142.41 | steps=132 | track=66fa8e3c72859ea4a193119779e24f78
global_step=116880 | return=-130.14 | steps=130 | track=9356aad7f15295c5c7589501449df91f
global_step=116912 | return=11.83 | steps=65 | track=7f16f4e83c9a1a55a69914daa0b3c462
global_step=116992 | return=-148.09 | steps=131 | track=959b476d642abbfceeef3e17d5c79b94
global_step=117088 | return=-180.26 | steps=205 | track=fe178319b22c949b5ec054c37c176724
global_step=117120 | return=-61.18 | steps=152 | track=1e4548eda3359c2e104d7112cbc50693
global_step=117168 | return=-68.50 | steps=105 | track=149703a084c9e6d1a72a124929079ab5
global_step=117552 | return=-141.43 | steps=131 | track=35309893a923e64d6576824ea614cfa3
global_step=117568 | return=-147.21 | steps=131 | track=6c2d2d8c9adbfa45aa3ec20e97944163
global_step=117712 | return=19.97 | steps=67 | track=fc7813eb0fdc920dbf7d688c06057a00
global_step=117920 | return=-149.23 | steps=131 | track=11293b35bf821c915829dfba55cfad83
global_step=117920 | return=-102.70 | steps=188 | track=6aa592d8a0c2b91ab1a10ac40469e8f6
global_step=118064 | return=-132.64 | steps=177 | track=d1a0f886ab05c0d0bf1fb53ce41bc7b9
global_step=118208 | return=-159.03 | steps=131 | track=720c05c6008613a25074c140af8de035
global_step=118368 | return=-109.05 | steps=130 | track=50d910e2f529707f7f7b3d30b53863fa
global_step=118544 | return=10.19 | steps=90 | track=2dfd3e82731b17e26fee259872925a1f
global_step=118640 | return=-130.52 | steps=140 | track=8bf1055b5bc9471c123fb95266818a68
global_step=118704 | return=-29.89 | steps=111 | track=823367ad03ec0c9fca31e1e959bb55de
global_step=118992 | return=-137.45 | steps=131 | track=70472106a83aeef86f41b7cbfd37aeb9
global_step=119072 | return=-76.20 | steps=150 | track=26387a50acd8e020e71887dc7e57962a
global_step=119088 | return=-155.12 | steps=130 | track=9271905d5f2a2a43f31ed6dd76ba2353
global_step=119136 | return=-58.91 | steps=47 | track=65801eebc2ef657a53d47874437c655a
global_step=119248 | return=-145.36 | steps=132 | track=54c3a3c17cd98acd13d1cacff36ae2ac
global_step=119280 | return=-142.37 | steps=131 | track=ebcd13d9184d31a42e7fcec0c4a31f77
global_step=119376 | return=-52.73 | steps=45 | track=aeb2befd176a5a8b11e11b6f70e9d7d8
global_step=119664 | return=-140.67 | steps=131 | track=ac92dadd54153857f9317e528e56d04e
global_step=119680 | return=-139.27 | steps=131 | track=8cf21ac7b73f7df3636a34515b9c8c72
global_step=119840 | return=-143.86 | steps=132 | track=992557af601642d2c4661b78d1624a2c
global_step=120000 | return=-161.40 | steps=129 | track=fcf6464b45c1e71e90eded0a11936372
global_step=120032 | return=-127.01 | steps=131 | track=3f81d5a29d5a8f6a444e0141ffec6362
global_step=120160 | return=9.69 | steps=63 | track=a58412211b75b03680b3f43fd3e9cf3b
global_step=120192 | return=-45.08 | steps=123 | track=d38d6fecefff9eb3e976916639c41163
global_step=120512 | return=-71.48 | steps=52 | track=50423c1235d8bde5781282adb4cdfefe
global_step=120656 | return=-146.61 | steps=131 | track=267fd56feb7f175818cd6dbb1f30d1f4
global_step=120816 | return=-152.51 | steps=131 | track=4582b7467be7e3ec5873ecd9ede40b3a
global_step=121072 | return=-33.19 | steps=76 | track=d4efffd38ad9b202d577c86cbc3f4f27
global_step=121104 | return=-148.09 | steps=131 | track=7b95bfe49f6282f81f5012cac0e796cd
global_step=121184 | return=-143.72 | steps=130 | track=a31ef3c551934c46bbd84185514492a9
global_step=121216 | return=-30.16 | steps=133 | track=059a9198d14ec873215a63f607584c3b
global_step=121392 | return=-143.91 | steps=131 | track=68911a232ae8a06b7f1740fc498d1620
global_step=121440 | return=-104.20 | steps=109 | track=bd5ec5a79e1fea2ea63b46c987dc46fb
global_step=121584 | return=-206.13 | steps=219 | track=1bc9acb5e6cd01708f012cf6319946b2
global_step=122112 | return=-151.26 | steps=131 | track=a088a8c1dff06da1a30e5b1c4ff18d20
global_step=122144 | return=-51.41 | steps=180 | track=abd0400fcc3490066e589e99659e5f53
global_step=122144 | return=-141.88 | steps=131 | track=cc8bc6cfefbc0177c896c33533c6ebca
global_step=122160 | return=-51.70 | steps=67 | track=1379ceb849114be2b231ca93b3959ac9
global_step=122192 | return=-67.45 | steps=124 | track=efeb638021a0a54c675dd27fe8457ef6
global_step=122272 | return=-150.93 | steps=131 | track=425ca4e1b8bd80a47b25aaddfc91402b
global_step=122384 | return=-18.32 | steps=79 | track=ac1a99949ceecc65de418d0db8b1cc72
global_step=122448 | return=-73.30 | steps=78 | track=3f6f90e0418bd918b35305b95b059d91
global_step=122592 | return=-97.02 | steps=129 | track=bbde7756fb4b397f75bf6090f536e1c5
global_step=122768 | return=-148.50 | steps=131 | track=b6a00063a842ac8edd30a3ca0f7f08d1
global_step=123120 | return=-119.80 | steps=107 | track=7cd76ee7c39df2a57ab0d9208718765c
global_step=123120 | return=-116.91 | steps=104 | track=aba7304ca64f61ab9aa472c8e66e65c2
global_step=123168 | return=4.59 | steps=65 | track=9bde0a7dbaa555a7ef852bb4b0b241c0
global_step=123216 | return=-62.04 | steps=66 | track=02ef8bf5a19c970f75c91440b70b80bb
global_step=123296 | return=19.27 | steps=68 | track=65e51b35bb72963081bde33c946654ad
global_step=123328 | return=-145.51 | steps=131 | track=4804c7bd670c33ba4453631aa0034b8c
global_step=123424 | return=28.81 | steps=252 | track=ea5ed588479fce51adc099c7fc838eec
global_step=123488 | return=-67.57 | steps=166 | track=d08d1939dba6a6cf5e607b7037427e18
global_step=123568 | return=8.68 | steps=60 | track=7042b8c14789e579025999f9bd614c01
global_step=123680 | return=-138.17 | steps=130 | track=a6fa3c287f5c8fc073b400f363538970
global_step=123824 | return=97.05 | steps=85 | track=3e3885da88a3a3a4cf655febe5209941
global_step=123888 | return=37.58 | steps=69 | track=ae27c07ca1d30fd6b3b74d2c4d14ca06
global_step=124240 | return=-142.68 | steps=130 | track=bbb68bc7022244267cf935cfdc7c1b9f
global_step=124272 | return=-141.48 | steps=131 | track=e15376bcdfda981909349979fc30937c
global_step=124304 | return=-25.08 | steps=62 | track=8b53aa5a95e97b1df030c25dc97aec1b
global_step=124384 | return=-131.52 | steps=131 | track=0d698c6c32213cec6097c5d89f8b154d
global_step=124480 | return=-3.83 | steps=65 | track=3273c4036dd54f35d7249ba88d79a39b
global_step=124928 | return=0.56 | steps=64 | track=0099386c81013901e63cdcd08f455c1f
global_step=124944 | return=-72.19 | steps=41 | track=7fb2530d3eb529285342a5afb4bdf40e
global_step=125216 | return=-144.38 | steps=130 | track=e1f0ac5c945c34474353384aaa1c91b7
global_step=125232 | return=-155.30 | steps=131 | track=3f86b62403a1be96e39f4e456f8d7835
global_step=125264 | return=-145.64 | steps=130 | track=728585aac98d57479b723cc7e2648859
global_step=125328 | return=-123.83 | steps=131 | track=7a76ab82bb124671c3fed442f3869f45
global_step=125392 | return=3.39 | steps=97 | track=f8e28a86612c48395bab9ef59d160197
global_step=125440 | return=-147.11 | steps=131 | track=38af50f888f0c0c13914fdd1a28307da
global_step=125456 | return=19.96 | steps=66 | track=23fa2cf94ad0f4cc2c2348dc3c0d5097
global_step=125680 | return=-137.57 | steps=131 | track=b7009527daa625cb65c6bd284d716957
global_step=125792 | return=-144.90 | steps=131 | track=a43b4a3280071adf2a7ad0e2a207a66a
global_step=125808 | return=-143.06 | steps=144 | track=34d697feb933bb86bc447ec4ccd756df
global_step=126352 | return=-132.45 | steps=131 | track=3a2071998bfd21e904410ff39b28792b
global_step=126384 | return=-33.26 | steps=61 | track=055b3206cfd963b21cba76aeee0f50b8
global_step=126384 | return=-1.25 | steps=65 | track=94220fcf535bed94f4dae065d1f402e9
global_step=126432 | return=-21.96 | steps=60 | track=ce446c19bfc2f9d68aa3af3b46bb3456
global_step=126672 | return=-139.42 | steps=147 | track=93d5b551f597737b741818e282b1e6fa
global_step=126720 | return=-247.62 | steps=270 | track=7a62a16a93f49f4909353e2eacacef73
global_step=126816 | return=-39.17 | steps=63 | track=4f8ea03cffd6c019907f830b7302784e
global_step=127040 | return=-117.67 | steps=131 | track=1f5b263645886854a5fa4579acb7a80e
global_step=127056 | return=-149.00 | steps=131 | track=e70b7bf6eeeafd4d8b802863cd157177
global_step=127264 | return=-108.48 | steps=90 | track=4b196a487c54efe33ef885e8843c7063
global_step=127328 | return=-140.17 | steps=131 | track=676af8c034056d6e41dcbb3ea3f86664
global_step=127328 | return=-157.95 | steps=130 | track=eab435fe92d6f51269f06fd0ab3c6f58
global_step=127376 | return=-149.47 | steps=131 | track=f8d59d7a74f93f49be3d779fb2e7cbd7
global_step=127552 | return=-142.43 | steps=131 | track=3fe0015749fffa05e6f7f5d0d4f296f6
global_step=127792 | return=-136.86 | steps=131 | track=4915e231e5d32f45d2a54e90fbbfb0a1
global_step=127872 | return=-115.24 | steps=89 | track=808b1d34e0900927031563d478b6ca7e
global_step=128144 | return=-5.82 | steps=68 | track=a6d7932c91780e136fccfcda00cd6e14
global_step=128464 | return=-138.81 | steps=131 | track=5f1202832eb9613766c19a835dcc8de3
global_step=128480 | return=-100.57 | steps=130 | track=539b3b3eb65635bcfbc761bef4e72aa4
global_step=128496 | return=-144.88 | steps=131 | track=f7fd94e9a21c9d35d8e7534d88c25ffe
global_step=128784 | return=-134.15 | steps=131 | track=1049fade3c1560ff9a5ebd132f141e7a
global_step=128816 | return=73.58 | steps=270 | track=c69c7362a187c7f7854a04353df2aa0e
global_step=128912 | return=-149.32 | steps=130 | track=2b32d9fbdcceb33b121089c3a6358412
global_step=129168 | return=-145.61 | steps=131 | track=f8f497fd8d71aa7d07317637a428ed31
global_step=129376 | return=-107.65 | steps=131 | track=db2592115632a0bd6280dc7789ac0d1b
global_step=129440 | return=-145.11 | steps=131 | track=40f02222a7b0d9128f384d9110a7900d
global_step=129488 | return=-154.25 | steps=131 | track=2b81243eb5c8bb5ef75d57433b24a3cc
global_step=129584 | return=-91.01 | steps=89 | track=0fddc992f2c6acf1e0bb9e7ec5b46b18
global_step=129600 | return=-43.20 | steps=42 | track=5e08300cd0b13380d5758d5571d4b2c7
global_step=129664 | return=-145.83 | steps=131 | track=96afd6bf30d4e576d95b3e01d5f2105b
global_step=129744 | return=24.02 | steps=59 | track=e147b8b23c6b92bba11bf958ed20b340
global_step=129904 | return=-133.18 | steps=131 | track=eab23b0bdc7035fdf14692cb09dbaad4
global_step=129968 | return=-59.61 | steps=92 | track=48794b10d9a7684bc7397d396d362d08
global_step=129984 | return=-144.47 | steps=131 | track=92fcf9408ac06b8e5a3452c33f5d30d2
global_step=130368 | return=-9.48 | steps=227 | track=18fe56d261dd6e129665b67b3d6b26f1
global_step=130528 | return=18.66 | steps=64 | track=7274fca7eecfd2b191575778422a58c6
global_step=130544 | return=13.52 | steps=68 | track=5c150c8c9abe1c22c3a49895fc3afda8
global_step=130592 | return=-139.90 | steps=130 | track=83315d4609e3e2cdd9152de4878f3a04
global_step=130800 | return=41.97 | steps=70 | track=15fe5c2c0894f3cb67c4a57daab918f8
global_step=131072, SPS=59
global_step=131136 | return=-90.57 | steps=144 | track=ec7a42a3c69d62de645d4fca91032aa4
global_step=131184 | return=30.61 | steps=89 | track=06c7f3bdc6553e5bcdcda93867a019f5
global_step=131264 | return=-99.08 | steps=245 | track=6888705e760ad6ca9753c9041cedca8f
global_step=131424 | return=13.86 | steps=65 | track=b838904d03e9466cc79daeab2c59a102
global_step=131488 | return=-155.30 | steps=131 | track=3922168fb2b4e79572501a4e850fc1c8
global_step=131568 | return=-14.19 | steps=64 | track=1954b04d92a4a4e1385acfa53790dbbb
global_step=131648 | return=-65.05 | steps=154 | track=f44cfdc6001d47a9a73b3ee194e2598b
global_step=131696 | return=-141.48 | steps=131 | track=024dd06c2d7c8e3d056c2601e12ec87e
global_step=132064 | return=-105.49 | steps=129 | track=bee566da892672d151331902b891be66
global_step=132080 | return=-163.51 | steps=131 | track=2e404653d1c13bfa4631d9361ed48b46
global_step=132208 | return=-209.81 | steps=233 | track=b8f867cd5cd770f49da5acf3bc0c3396
global_step=132448 | return=-30.42 | steps=59 | track=2658c2194d368cb655c2d386c81820b6
global_step=132624 | return=-64.35 | steps=65 | track=7906cb3f06230cf74752f7f889207776
global_step=132656 | return=-132.62 | steps=131 | track=4c78c22110c6875055db35554c9c1e53
global_step=132672 | return=-15.44 | steps=60 | track=f5758ac2991dca0e9501747c7a7e0002
global_step=132704 | return=-147.46 | steps=131 | track=1f1774628770c601beaada905a26c146
global_step=132912 | return=-134.59 | steps=131 | track=9f8b25bf4dbdd7e9b3693d455230fc3e
global_step=133248 | return=-144.01 | steps=131 | track=baf97a2eb38dbb9abd052d2b61e74a4b
global_step=133296 | return=-137.80 | steps=131 | track=4f06aedfc30110c8888b9b08052d7944
global_step=133376 | return=-142.37 | steps=131 | track=378df2a68552b729ac0b469188186d9a
global_step=133504 | return=-127.35 | steps=129 | track=9f6b64fb758d963735a640e78fdcfef9
global_step=133584 | return=-66.01 | steps=56 | track=57697c810304c0a932c8ff5f2e494672
global_step=133696 | return=-5.24 | steps=66 | track=413942a3a1b06402e77f54ebfbedc938
global_step=133760 | return=-144.47 | steps=131 | track=4a3756b002e17a69477ce8542e0c72fd
global_step=133904 | return=-53.43 | steps=249 | track=8d14f7dee65ce189e6da10211881e738
global_step=134032 | return=6.67 | steps=69 | track=a1b9b72205ddd4b01c72b06429eee344
global_step=134080 | return=-122.33 | steps=101 | track=28fb0b8b6d7f76baed0d29f3ad5807aa
global_step=134176 | return=-147.21 | steps=131 | track=51f9ca64a2905a0371ca77026ef13fdf
global_step=134192 | return=-140.51 | steps=131 | track=e0e2cacae269e233099ef757b1a45443
global_step=134464 | return=-80.15 | steps=140 | track=f84e62602c2f385465b8c63d98fb1b6e
global_step=134864 | return=-112.69 | steps=137 | track=d7dd0f649a80804b8a672857b00e5a03
global_step=134992 | return=11.97 | steps=80 | track=5f4e0524170801ba47daf749124aa109
global_step=135056 | return=-79.59 | steps=146 | track=9bbae3d70bc30f323249ca47d78c5034
global_step=135232 | return=3.76 | steps=64 | track=50a07c394748cb6cd11369e2cd484e3e
global_step=135344 | return=-157.30 | steps=130 | track=c853b9747634842ae60c05b78cc279fb
global_step=135392 | return=-136.07 | steps=101 | track=0eb7c6c626e15372193b0e7045360eb8
global_step=135408 | return=-155.71 | steps=131 | track=571772e2286575f453f098b56bfdd89b
global_step=135472 | return=7.79 | steps=80 | track=3dea8c493c8a67fb60fcafa4000fafd9
global_step=135616 | return=-147.30 | steps=131 | track=89e1ffcdef3f34102a44264f9cb104ac
global_step=135696 | return=-147.08 | steps=131 | track=d7de2f302da8cc856118ccac85f6e613
global_step=135856 | return=-139.42 | steps=154 | track=5ea4b1fb6fa1d560497eb1bcc0ff38ec
global_step=136048 | return=-20.34 | steps=402 | track=88226adecf609b6fbe31b047140757bc
global_step=136256 | return=-71.67 | steps=146 | track=c4eab0789b8e02b578aa517602812ab2
global_step=136576 | return=-152.41 | steps=131 | track=1303a7634ec028f39dbc8f1a3ff5e812
global_step=136768 | return=9.84 | steps=71 | track=33a1a25c1a662be09e8988a6af1097ea
global_step=136976 | return=-170.10 | steps=183 | track=7029347e7c337978d1f0c12e5eb5b682
global_step=136976 | return=-128.11 | steps=131 | track=b40706dadf8828d007c5dcc05d48f3a9
global_step=137008 | return=-83.19 | steps=110 | track=5f8bf79826d199ae09000350182b7485
global_step=137104 | return=-134.88 | steps=131 | track=c2db9cf6694f1df4726f577e8aa407f7
global_step=137168 | return=-139.34 | steps=131 | track=ad7a0f0859ad2651bcb079e77676cce4
global_step=137296 | return=-161.30 | steps=200 | track=433da30d570a1a65e567c284e84c7b35
global_step=137312 | return=-38.92 | steps=119 | track=95560c38de305a6ddf4a5b6feef1b1a9
global_step=137456 | return=-148.58 | steps=131 | track=a880579cde763fd22f039a96ce1f56a0
global_step=137504 | return=-147.22 | steps=130 | track=d9732010d3653b542fbc802f43459038
global_step=137584 | return=-145.61 | steps=131 | track=e40f0f670320308996af5f822aa94e78
global_step=137776 | return=-36.06 | steps=62 | track=c46b73221668fbbb8f6011808babb79e
global_step=137808 | return=-94.74 | steps=131 | track=6648e13aebffc49e6467a28d59237ec2
global_step=138160 | return=-131.00 | steps=131 | track=2c2050129aa7bf0b56441ad3e7897b0d
global_step=138528 | return=-25.16 | steps=63 | track=541617a128b781bde3328deca9032fdb
global_step=138560 | return=-85.17 | steps=60 | track=1cede9776099fd106baee6bf349d2134
global_step=138576 | return=-100.06 | steps=144 | track=b79b351a2f90e8f9b37afd05fe0f3244
global_step=138640 | return=-102.79 | steps=173 | track=c6d3ee3e7539e380a3fd331e931aa61d
global_step=138688 | return=-146.70 | steps=131 | track=03ef5d0b088caa1d76af97c6689d3650
global_step=138848 | return=-24.12 | steps=66 | track=3d2f451bb8eadd7462a4892bd32e63d9
global_step=139088 | return=-133.22 | steps=131 | track=ba3f7c10c9523dc8719061b1a33dbe76
global_step=139088 | return=-137.57 | steps=131 | track=e9a1fca54cbe6fedfe54661f857a3160
global_step=139104 | return=-90.96 | steps=102 | track=46d1f617325570ff6bd55ab055a6fbd6
global_step=139120 | return=-140.26 | steps=131 | track=e8b215552933975d6275d51392fcf0c9
global_step=139232 | return=-34.91 | steps=66 | track=d98f89cdbda066ae7b69ac7e60af5137
global_step=139280 | return=-134.05 | steps=131 | track=3aa5321a74f5e212311958ed6ce6a50c
global_step=139408 | return=-137.98 | steps=130 | track=1e6674765760637f1e9808248db88fce
global_step=139408 | return=-147.42 | steps=131 | track=958fb45c5693bef8d522897f6236aa14
global_step=139632 | return=3.24 | steps=65 | track=3a78408eac1d676f4a9173e749535335
global_step=139696 | return=-60.31 | steps=161 | track=8f6c3f3c04ca0bf59c3bfaf3e10809d4
global_step=140480 | return=-112.48 | steps=66 | track=217a374b180f95c7bb034dad1f06733c
global_step=140640 | return=-142.85 | steps=131 | track=c58fe4a6309a64b2632fb94761b3dd0b
global_step=140656 | return=-96.71 | steps=96 | track=75133a457397a8a004625d5a4bce56b5
global_step=140704 | return=-119.93 | steps=133 | track=3efca32bbf885e6db346a2f500ae15de
global_step=140736 | return=165.42 | steps=90 | track=b1018809f4b56cea31c9d3f67eaa8241
global_step=140736 | return=-138.98 | steps=130 | track=94acfa246d7f77480ddd7fdda7b7ea87
global_step=140768 | return=-139.78 | steps=184 | track=58e991830d779f46935256b432e88a23
global_step=140800 | return=-136.86 | steps=131 | track=6aea72fe4da68024baa1d5b3824db043
global_step=140944 | return=-151.35 | steps=130 | track=75bb855681547b0c44eb51e2dcf52de1
global_step=141200 | return=-142.60 | steps=131 | track=e721f87333126265c676237ca00a6194
global_step=141232 | return=-132.70 | steps=131 | track=6b313ee6e832c5f6e412a0159e2cae47
global_step=141344 | return=-118.19 | steps=131 | track=662981efdd375a2d7fdb6bb24c2406f4
global_step=141504 | return=-142.24 | steps=130 | track=ff2951b1672a5a661a12eb9621f1de00
global_step=141632 | return=-39.80 | steps=120 | track=6103b0896e94856f00dc011e0afed972
global_step=141664 | return=-145.19 | steps=160 | track=d37101da1ca8ab8662dbc520c8198a2f
global_step=141744 | return=-29.38 | steps=131 | track=0b8f3764de8546cdf1b4bd2868dcb182
global_step=141952 | return=-38.89 | steps=81 | track=f320c574a61fff11de9eb38be7af5cb0
global_step=142224 | return=-56.05 | steps=79 | track=05f4a04385ce17f0d1e1cb2fd8e78228
global_step=142400 | return=-58.04 | steps=47 | track=1da3708d126007247f562ae0da98f758
global_step=142544 | return=-65.93 | steps=114 | track=78667f0faf2021ef7e174c67400643a8
global_step=142608 | return=-156.99 | steps=132 | track=907e0d003dbce403f7adc3d5e0452487
global_step=142768 | return=-137.57 | steps=131 | track=6d2b30304eec13dd6d228458b4111c5f
global_step=142848 | return=-147.60 | steps=131 | track=7dada4ef3e847bebf8ea6ff893ba82ed
global_step=142880 | return=-137.31 | steps=131 | track=3b4025dce860b432885e405646f7b527
global_step=142912 | return=-142.21 | steps=131 | track=c56b5e275986897223b984a66899999a
global_step=143104 | return=-143.76 | steps=147 | track=7c142f332edd2bb7f790dee448361150
global_step=143296 | return=12.92 | steps=66 | track=a622a5f0356de771bb78841a08612911
global_step=143344 | return=-140.18 | steps=131 | track=6e528c80eace7d84871a6215514d6a88
global_step=143456 | return=-137.60 | steps=131 | track=865f221d72155fdd456194cc9acebc47
global_step=143600 | return=-99.60 | steps=149 | track=1f85230a1a28e72eb9ceb9fa2ba7cf77
global_step=143616 | return=-134.00 | steps=131 | track=b4a22806eb06127bb730233c84b05311
global_step=143792 | return=-151.33 | steps=132 | track=9e3442b6f61875736ed94a5e88284afe
global_step=143856 | return=-150.16 | steps=131 | track=e8cb05edfc04df1d18a8e149ab7d0613
global_step=143904 | return=-119.52 | steps=84 | track=c741447c84297a3f04f896bfc3785e32
global_step=144048 | return=-139.64 | steps=130 | track=78194372f18870236602e70521d94947
global_step=144112 | return=-15.98 | steps=62 | track=ba9ea2dc88495195b485079b70b64560
global_step=144512 | return=-128.53 | steps=131 | track=01b8e3af2a45b71ec49ebe293d999f0a
global_step=144624 | return=-13.77 | steps=63 | track=7ed37c482e53329eb14d2e0dae2ecaea
global_step=144704 | return=-145.64 | steps=130 | track=782314aa0adf3d65b9aa44da11f1879c
global_step=144880 | return=-135.63 | steps=131 | track=b14517dff42bee30ae4285492e093c3b
global_step=144896 | return=-48.39 | steps=127 | track=425c8d34188365553fa74e681a114ca2
global_step=144976 | return=-41.68 | steps=69 | track=8729083abf125dfd27362494b5e613cd
global_step=144976 | return=-142.89 | steps=130 | track=e5b3dbe00f119886b9efaae7178a9138
global_step=145024 | return=-137.67 | steps=131 | track=f0a270598d13ee6e0e81572d1a154ea7
global_step=145184 | return=23.69 | steps=66 | track=5384ff1acf1807c6a804542e97dce97d
global_step=145408 | return=-147.42 | steps=131 | track=3ba4a8536f64ab754e356338199334b0
global_step=145456 | return=-154.81 | steps=131 | track=02a73dcc62d61b16f0cca4ff637aa182
global_step=145616 | return=-94.24 | steps=97 | track=5b028fb1d3d03889bd5f31921329086a
global_step=145728 | return=-138.56 | steps=131 | track=51de43c142140575e1a7e06ca4f7d23c
global_step=145744 | return=-107.07 | steps=142 | track=74acc9b4f4d8b314091755420aa83ca4
global_step=145904 | return=-140.97 | steps=131 | track=4b60f234efac96c4ae1c156ef1527fbd
global_step=145936 | return=-88.48 | steps=88 | track=6c75bd4d8a1d574145734306c6a622f9
global_step=146000 | return=-144.49 | steps=130 | track=1bc3ec9c28a0e4081399067a8b53dd85
global_step=146080 | return=5.64 | steps=65 | track=a81406e41d62b287de16956b4d02e53b
global_step=146448 | return=-114.14 | steps=96 | track=439de686bb025951ef1c6553646dfa0a
global_step=146464 | return=-57.19 | steps=45 | track=69da4ca7af830f4621b8abfc16bb2512
global_step=146672 | return=-69.28 | steps=105 | track=c5aee32845f5a025195ddf8dbb33ab92
global_step=146672 | return=-73.52 | steps=45 | track=0f91f869a1c34d98aa1a31e621bfd668
global_step=146720 | return=-153.36 | steps=130 | track=02f3623061338c092fc729f421b90aa0
global_step=147088 | return=-139.51 | steps=131 | track=9b294e2a085ee424d2472e3de38169ee
global_step=147120 | return=-45.50 | steps=40 | track=e490e400e51c138cfa699d79352b443b
global_step=147184 | return=-29.92 | steps=154 | track=71f0445bceb3a51935fbd765054dcd10
global_step=147296 | return=-140.45 | steps=131 | track=edf57a7c78884ce4ef5be97eb1cdf5f0
global_step=147456, SPS=59
global_step=147520 | return=-143.20 | steps=131 | track=5e1bbcddeb83065d9454752160982911
global_step=147568 | return=-151.66 | steps=131 | track=e0ef924c18ebd0207a0f614ee4b51f75
global_step=147584 | return=-49.17 | steps=56 | track=e0b26a20fb00bdbb0ae4bd03610e15e9
global_step=147600 | return=-118.11 | steps=105 | track=95992140646daa5404627a8f12132218
global_step=147632 | return=-111.98 | steps=96 | track=51a0d2e3d6e6e4ac54fa5d15b9562867
global_step=147712 | return=-71.84 | steps=176 | track=d4da610bf1a6f710fcf7ac88800d2dd5
global_step=148112 | return=-125.64 | steps=155 | track=db0267f93a7118da1baa202ef785a47f
global_step=148240 | return=-13.39 | steps=65 | track=903746388c01182606e228045d43c6af
global_step=148272 | return=-81.35 | steps=96 | track=ff3c17d14ca89001dcbd329d70f5f65b
global_step=148512 | return=-136.99 | steps=156 | track=b8fdf677d29461582a4d46845ce80e1b
global_step=148560 | return=-132.04 | steps=131 | track=7a7cb869a2c86d290025d86c55adeb5d
global_step=148736 | return=-12.45 | steps=72 | track=cab701ff9965cbd5d6cca0a69781085e
global_step=148768 | return=-141.89 | steps=130 | track=fe8e87f0cbe23eed6671dcd639760beb
global_step=149152 | return=195.50 | steps=96 | track=eb571a8ddb085a399e1759ed65681cfa
global_step=149184 | return=-155.62 | steps=130 | track=959ff9d86909483cea5fb7751497e1c9
global_step=149232 | return=-138.71 | steps=131 | track=91fb36240f6eb57078dd4ff419ee349b
global_step=149616 | return=-148.82 | steps=130 | track=f79c02af285d489e0dd4fa1de2cc5912
global_step=149696 | return=-143.20 | steps=131 | track=8a15c45fa77db11254290769f47b9c4e
global_step=149744 | return=-108.25 | steps=76 | track=7f77facb031cd992b3c1278166f4df1c
global_step=149792 | return=-80.68 | steps=252 | track=9a97599b8519f709f1a21f95c93b05f1
global_step=149824 | return=-146.33 | steps=131 | track=d8fcb24d59ff734449c602b09f497129
global_step=150224 | return=-133.01 | steps=131 | track=849a7aaa1f14984f89b622e4a8ed8015
global_step=150320 | return=-54.93 | steps=109 | track=1fd597fad4e12f5217e08eb5d8c9e58b
global_step=150320 | return=13.08 | steps=72 | track=3f81e9d468c5377f482978d9e45a5de1
global_step=150384 | return=-133.46 | steps=131 | track=0d7c394dbb661adcbf0ec1f8f6c46847
global_step=150736 | return=-133.71 | steps=155 | track=dcd91ab823540868cfc0972a72124d4d
global_step=150768 | return=-198.01 | steps=195 | track=f9879e0bdcf10ab6ab74cac41917d2e9
global_step=150832 | return=-141.63 | steps=130 | track=594936da4a11200d8d33d56b03c805c7
global_step=150880 | return=-47.99 | steps=73 | track=5c4d4c3b3700f34d93d8b5b786a7f348
global_step=150880 | return=-138.99 | steps=131 | track=5352ac770249ccc856f2eab817948fae
global_step=151280 | return=-141.08 | steps=248 | track=a2c93651ec8b5dc4d107484f48c3faad
global_step=151344 | return=-135.33 | steps=131 | track=406edc39f81ffe84a073c105279d760d
global_step=151632 | return=-64.02 | steps=87 | track=cd24df925fcc0e6e847d218bded1e3b0
global_step=151664 | return=-41.02 | steps=51 | track=014c91a3bf55d686ff76be2c01d37780
global_step=151728 | return=-141.94 | steps=131 | track=1472c46557db4e6d06580d4cf87be376
global_step=151808 | return=2.70 | steps=64 | track=e760d31f1c8d6b0a3b7b541e3800b31b
global_step=151856 | return=-137.03 | steps=131 | track=f5ce486d909cc16b25b81e1f7822bfd8
global_step=151904 | return=-144.01 | steps=131 | track=0105b32053e3e44dd7034823712f8204
global_step=151904 | return=-115.68 | steps=129 | track=8ca042e64bbc05e39076768a9aba19ba
global_step=152016 | return=-65.41 | steps=41 | track=799b901c8f66631c9246f5679f17cca2
global_step=152432 | return=-138.48 | steps=131 | track=9e75cb322a2ffeeab025fd2b8d66a45b
global_step=152432 | return=-186.59 | steps=202 | track=e2f1d46b449d0bfcf6ab6e5f19a5748c
global_step=152432 | return=-145.51 | steps=131 | track=6a573e8c655518af9ef002c39e52da63
global_step=152496 | return=-145.00 | steps=131 | track=71cd2a25e5ac00754beb26628c7a7039
global_step=152560 | return=-6.23 | steps=46 | track=415857fffb6f684dc6c340c63b7e063d
global_step=152848 | return=-118.48 | steps=131 | track=54e48472198035552bb12722ab5a9d36
global_step=152912 | return=-46.46 | steps=55 | track=300c17e9ff36c34ed67c2d2b21f9b1c8
global_step=152992 | return=-151.90 | steps=131 | track=d2e0f21bae867268d815a3556a6d724f
global_step=152992 | return=-139.90 | steps=131 | track=e05f0e3ec971394e58a7483f93bebee2
global_step=153280 | return=-46.26 | steps=48 | track=5fbcbbab9218143423e913b5fa876703
global_step=153392 | return=-139.81 | steps=131 | track=abb567edd3283318ff8915c778893e98
global_step=153536 | return=13.88 | steps=68 | track=9416787d00d6a6e8295aa2841ad0041b
global_step=153744 | return=-150.85 | steps=131 | track=12ae0edc6fb4b80de656c76d990fc9d3
global_step=153776 | return=-144.01 | steps=131 | track=179aa8419afdebde13cff1c2fc1abd55
global_step=154016 | return=-141.70 | steps=131 | track=b658cc0d231171475bc603cf3bfba18b
global_step=154160 | return=-52.96 | steps=151 | track=cd79de804a3b23d0000fe4de0739e841
global_step=154592 | return=-47.97 | steps=99 | track=5fb8a6104487bfccc4d2e79c325e9cac
global_step=154592 | return=4.19 | steps=65 | track=26eb3a8b28f306de6af812ad1436c1a2
global_step=154672 | return=-86.06 | steps=139 | track=a80c7b81c39301220096b8cb8dab2a7a
global_step=154672 | return=-163.61 | steps=131 | track=e1c4ef6eb738d9d5e961d9a1a8b197de
global_step=155024 | return=-143.21 | steps=131 | track=346b10cb27f53025b0e6e61f317c04ef
global_step=155088 | return=-15.40 | steps=198 | track=32a76776015847b47b3101acf88ad715
global_step=155104 | return=-138.81 | steps=131 | track=b4012a8ef0abc20c47aefc1268b4484f
global_step=155152 | return=-92.96 | steps=143 | track=6a4f5c8d0705874d2648ec3a7340d0ba
global_step=155488 | return=-156.78 | steps=130 | track=fea125362ffce26f798fdc4885a33160
global_step=155664 | return=-45.12 | steps=201 | track=1c2962b22a4d2b862b942a6f25bda957
global_step=155712 | return=-150.72 | steps=151 | track=40e2b717e0a51701340273c450d30dc7
global_step=155824 | return=-58.97 | steps=44 | track=937f7cac7e6ecc26f918019a72a45667
global_step=155840 | return=-136.54 | steps=130 | track=788a09a4b27315c36d28b07dfbf87b65
global_step=155888 | return=-142.51 | steps=131 | track=039a49ec806e8dc0924e6141cfed65d0
global_step=156032 | return=-117.77 | steps=260 | track=5500d1ec99e268eb837623f3b71201bd
global_step=156128 | return=-158.40 | steps=131 | track=888dca6ac970e54d5b4e6456d91d558a
global_step=156272 | return=-158.73 | steps=131 | track=e9b5db2677a30cf09cbc783572034119
global_step=156704 | return=-137.40 | steps=131 | track=2fb328994b39fc27f8d345cd23ca276d
global_step=156704 | return=-143.43 | steps=131 | track=183bb8631ac005eff58f958f422f63af
global_step=156784 | return=-160.81 | steps=131 | track=2a7a91eeaff0c5feb222423a7a4be991
global_step=157072 | return=-23.27 | steps=73 | track=a7ffd57991eef4d0310513b36dbbc068
global_step=157136 | return=-143.30 | steps=131 | track=77080795c7fde7316fad9bad2d89acef
global_step=157184 | return=-139.71 | steps=130 | track=b2c34d3262e73bae4cc9c672210fc165
global_step=157248 | return=-136.74 | steps=130 | track=ba8299af46702bf6bfd0f1fd2f5da941
global_step=157600 | return=-111.42 | steps=131 | track=8f35124081f47ce1564cd87b600c19e5
global_step=157776 | return=-149.51 | steps=131 | track=9ff2459d4121b64c9f877e3e06b3237f
global_step=157792 | return=-146.26 | steps=194 | track=3af1fc8c549fbaede4d8e37602502447
global_step=157824 | return=-147.77 | steps=131 | track=3eb28b23a15fe79711e19451e3bc91c3
global_step=157856 | return=-54.47 | steps=66 | track=b8f0060fff9921507965318978399a46
global_step=157936 | return=-141.94 | steps=131 | track=307c360474c20577596f75d37210016d
global_step=158064 | return=-85.03 | steps=138 | track=b764804cb185d5aed8f821dab8a25d9d
global_step=158128 | return=-40.94 | steps=61 | track=674ddbef2d776e68836f39d419e66547
global_step=158144 | return=-144.61 | steps=131 | track=28cc6d5b7e114f6f3e50dd03e9759388
global_step=158208 | return=-102.87 | steps=70 | track=7eaf638c59982c60a200ace48bf6bb06
global_step=158256 | return=-145.41 | steps=132 | track=703a3271f273474f44929283b5280306
global_step=158352 | return=-109.63 | steps=129 | track=61c7e8eaa0d17613e8546f2cf7207c94
global_step=158560 | return=-74.27 | steps=45 | track=578c1334eb7aba232ecfbb95a07e10da
global_step=158816 | return=-141.72 | steps=131 | track=4795bb79194db9bf6ac1b3ca6fd59b2f
global_step=159296 | return=-147.25 | steps=131 | track=6151eb36be1519d9da54efcc634d211b
global_step=159312 | return=-114.25 | steps=162 | track=cc69769d436873f4cda97492a540b0d7
global_step=159360 | return=-148.46 | steps=131 | track=1180d2d18d50d50647f9b2463dc8ae9b
global_step=159456 | return=-102.26 | steps=104 | track=f564ab1cd64e1c968b5f585b4dfd3201
global_step=159712 | return=-138.56 | steps=131 | track=bf1d70d81ff31952a5cfd49654b85ec9
global_step=159904 | return=-138.58 | steps=131 | track=6b9ace0ad429c97365e4f063e93d946c
global_step=160112 | return=-23.15 | steps=140 | track=1f3be5ae4ae735575ab0e863700af7dc
global_step=160176 | return=-138.31 | steps=131 | track=6ecd47af4448952f04e410140b4c7bc2
global_step=160240 | return=-131.28 | steps=131 | track=bf99110ac7385c2affe84994648cc57e
global_step=160256 | return=-139.73 | steps=131 | track=95fab6d60cb4fc2e4be195358d81c354
global_step=160320 | return=-138.99 | steps=131 | track=ab0e86ed6762f2fbe5326140a727747b
global_step=160336 | return=-0.06 | steps=64 | track=c97af3c665799efed1fd303cb0c498d2
global_step=160368 | return=-149.47 | steps=131 | track=7fc7cbd76bba86bc8e5449ba5be73e76
global_step=160464 | return=-143.61 | steps=131 | track=0807c332f9bd58ef19ba8a6f258a0510
global_step=160672 | return=-138.31 | steps=131 | track=3f29cbba65e65059f6bdb2bfca621cab
global_step=160864 | return=-69.28 | steps=37 | track=af7bf9c61401c9d5beacd8db833c94e9
global_step=160928 | return=-135.90 | steps=131 | track=a5860cfa7376ce6f78dcdf9765ea4fd5
global_step=161424 | return=-133.46 | steps=131 | track=8f2b3f33fa1ca517cda42e0b33def9fa
global_step=161472 | return=-145.95 | steps=131 | track=40a9bfa0568e71152c8d93d5f1f9cf8f
global_step=161568 | return=-144.07 | steps=131 | track=7000c0ed817102d1e381605c1131d332
global_step=161744 | return=-68.98 | steps=93 | track=62ce297d78273050843c5e93e41ca539
global_step=161808 | return=-129.13 | steps=130 | track=9341fed8a67f490025da76fbc08863f7
global_step=161952 | return=-11.21 | steps=63 | track=a32bfff625974455eab010007d476de2
global_step=161968 | return=19.46 | steps=80 | track=f5491c258d8e119304e242c728c1d937
global_step=162016 | return=-142.37 | steps=131 | track=af3e7439320008a64c3b274ac5388df9
global_step=162128 | return=-88.97 | steps=111 | track=22a7f23a55193b87e10bc802b380f2da
global_step=162224 | return=-136.61 | steps=131 | track=b6a4f4cbc5cc74a38ca805dc9a63f74d
global_step=162288 | return=-140.63 | steps=131 | track=035acffa6acce9700ec452592ee9eba3
global_step=162480 | return=-145.55 | steps=131 | track=abcc92718846340d197a484190c9db4a
global_step=162560 | return=-142.59 | steps=130 | track=20fd51352b4c227e5545bfc0d39eebbe
global_step=162592 | return=-112.56 | steps=141 | track=9681bc1596c04c585db9f4c34369da4d
global_step=162640 | return=-49.72 | steps=55 | track=956b1c402e662d940cf5a30820e7a30b
global_step=163232 | return=-22.74 | steps=62 | track=e4ae4a148b18cd56b63d3a946b4fd9ac
global_step=163312 | return=30.03 | steps=73 | track=5b11c38e86e35b00fd6835d5e56507f1
global_step=163408 | return=-38.70 | steps=69 | track=20799f698479274dd1887ada7e52d6b4
global_step=163536 | return=4.69 | steps=65 | track=ec97c7a0153e0e5a90004249100c1611
global_step=163536 | return=-141.07 | steps=131 | track=7b1b82406c284a26032145cfe5412b22
global_step=163584 | return=-133.37 | steps=131 | track=fb8c39331f15af96d1fee7f58c18499f
global_step=163648 | return=-68.97 | steps=129 | track=eda81b0c83ece95662eeb195132d0624
global_step=163744 | return=64.06 | steps=362 | track=9b422c7898a803e8395dc60dd9812cb9
global_step=163840, SPS=59
global_step=163888 | return=24.47 | steps=80 | track=07dccc636378c9652b65204bbc9b29e4
global_step=164048 | return=-142.89 | steps=130 | track=676f0c06f3e1c2d749701b4eca458022
global_step=164048 | return=-108.26 | steps=139 | track=e8fe79112ec7a9c16daf701eaf2ed879
global_step=164064 | return=-148.86 | steps=130 | track=c73cb19827f2297411b4e0deeda4e033
global_step=164128 | return=-137.83 | steps=131 | track=aba3e1a44fc35f702412121f513e4a48
global_step=164192 | return=-63.83 | steps=207 | track=118330d77e6efca6c3a8a384f1272d01
global_step=164224 | return=-48.30 | steps=42 | track=d236dce23a66c8af06d83d96fcdf748c
global_step=164576 | return=-36.77 | steps=42 | track=d1da50d0a9f8bed67f62952f1ef3282c
global_step=164720 | return=-121.91 | steps=92 | track=57cf9feeab5944012ff81f3650c150fe
global_step=164752 | return=-138.57 | steps=131 | track=ab627c96b5dd2ad570199b8790c80316
global_step=164800 | return=-106.29 | steps=92 | track=1b4c231b51a5f643dc18e1719cbe98f3
global_step=164896 | return=-79.17 | steps=145 | track=117fc936446ad03615327fa30e4a35df
global_step=165088 | return=-55.54 | steps=83 | track=ab52b6ee04605c3462a58310f4fe6b89
global_step=165520 | return=-158.84 | steps=131 | track=572e95ea2bdd18f39b2148c352d81da1
global_step=165648 | return=-147.89 | steps=131 | track=af7d63d5c3c4251ef7eebad78380ed3d
global_step=165760 | return=-129.34 | steps=131 | track=da0cff669d8c2959c056cfd3cbe673b4
global_step=165968 | return=105.05 | steps=148 | track=c02398e2be285d51f487a3d08e5ccf3c
global_step=166160 | return=-147.46 | steps=131 | track=0ae5747162adce497b14d36f18618445
global_step=166160 | return=-132.45 | steps=131 | track=fecc68c4b6549841e955b32b9ae3780d
global_step=166176 | return=-139.37 | steps=131 | track=99117133cd7f43e5636788946c28c750
global_step=166240 | return=-140.24 | steps=131 | track=ca34275a4f65636bb4d940f8d252fad6
global_step=166288 | return=-110.06 | steps=106 | track=0bff3ae3d7e0d761d0f0c78be8522fad
global_step=166304 | return=-79.67 | steps=96 | track=023b1bc44f47428ee5816a8ede653b93
global_step=166608 | return=-131.18 | steps=106 | track=fbce0b7f53b5116318bbf8609d89aac9
global_step=166720 | return=29.43 | steps=66 | track=159b36409feae9aac76389312e476d1e
global_step=166816 | return=-139.00 | steps=130 | track=b80a63ec3e1487007a580274f1b56c18
global_step=166864 | return=-49.49 | steps=42 | track=70f28c7a5e14acaf7f6944700c0802ef
global_step=166896 | return=-150.60 | steps=130 | track=d59931740ec588a09acb397b812ba183
global_step=167184 | return=-148.22 | steps=130 | track=99bc5b7c1ccb529d32aab85bb95aeae1
global_step=167264 | return=17.62 | steps=68 | track=ddf4196b9ef54ccac5e0fecd1599c407
global_step=167520 | return=-73.66 | steps=40 | track=aa1f0ed05bd3a8483c0eae91a5122647
global_step=167584 | return=-222.93 | steps=211 | track=2350f081ee3074cbe6d07bff2c8ecd98
global_step=167872 | return=-134.27 | steps=131 | track=4e5bc354f4f5a03d3dcd28f1b6180f4f
global_step=168272 | return=-140.73 | steps=131 | track=9ade8065b62d036a3c9c16f10fe7cb46
global_step=168400 | return=-144.25 | steps=131 | track=ea55dce22fcc96a80ecf2d1f66bd55bd
global_step=168400 | return=-53.78 | steps=75 | track=a43a83934aa9e800661982309aa57a8b
global_step=168672 | return=-163.69 | steps=196 | track=35228a38207ebcd68355907bdbd9cc3e
global_step=168912 | return=159.45 | steps=82 | track=f515053c4df3ecc5627654adf0065c99
global_step=168928 | return=-156.50 | steps=131 | track=250734675e10d8f4667f12f85b52d675
global_step=168992 | return=-72.41 | steps=107 | track=569307eb906e9cdcebacc3f2400ee5da
global_step=169008 | return=-141.29 | steps=131 | track=a7cb08e2ab6e2787491d34657f4a019a
global_step=169056 | return=-26.82 | steps=152 | track=4055bad63d5df77f7f067f0960e254b1
global_step=169424 | return=-190.54 | steps=324 | track=d0af3ae5b7a4959214467c8dbc544aff
global_step=169456 | return=-6.16 | steps=65 | track=3c7a59718794a7a58ffbb008d0130d06
global_step=169568 | return=-29.78 | steps=177 | track=72c54c7303fb7ceee4cf979cfa3014a9
global_step=169632 | return=-131.68 | steps=131 | track=f66d695cb5f050e19075229d94744d9e
global_step=169776 | return=27.42 | steps=68 | track=be961b5beb080ce4b3d9d1885d2ee401
global_step=169968 | return=-132.63 | steps=130 | track=a336ffb3f657f98b9f291daef9a4f541
global_step=169984 | return=-151.37 | steps=229 | track=9470d64a5ea9e4b34c4524e9746fb974
global_step=170272 | return=23.08 | steps=75 | track=69b1cb4ce6c0718510b21ce63b03b342
global_step=170400 | return=23.00 | steps=259 | track=a6b711317c0d794371716a8622144d7a
global_step=170720 | return=-52.97 | steps=152 | track=677fd9db38454a63ac1b6fce6dfb04f5
global_step=170832 | return=15.69 | steps=65 | track=be5f7fb99909f7d9314b514ad6d07e0f
global_step=171040 | return=-145.66 | steps=131 | track=182010e1d221028affac64b465670680
global_step=171104 | return=-136.58 | steps=131 | track=f3d3523cc6aa92b611ec633b037d788e
global_step=171120 | return=31.32 | steps=70 | track=81339c660bd88f3d91742e1f53bad1ec
global_step=171520 | return=-117.39 | steps=130 | track=7ef606fbf3d5eee549524ee9867c3b5f
global_step=171552 | return=-145.03 | steps=130 | track=002005690f34e764a7c3a9cacc2b3072
global_step=171712 | return=-205.69 | steps=358 | track=2182a3572a4daee72fbf3dd4ef331832
global_step=171744 | return=-12.49 | steps=63 | track=03ed585661775b76f74198b55973b0e4
global_step=171760 | return=-134.70 | steps=132 | track=ebadc37e39cb3031a803f6743f782fe2
global_step=171888 | return=6.34 | steps=65 | track=d666a7477411811cb564accd2a2583b0
global_step=172080 | return=-158.50 | steps=131 | track=b5493b496e1f5af4c6559c184f600710
global_step=172240 | return=36.61 | steps=70 | track=2d5dbd4b5e2f1b0662f8f0c88cf7fa4f
global_step=172384 | return=-151.35 | steps=131 | track=750e73f3bae1cff2f35d386e0f3462a9
global_step=172448 | return=-10.08 | steps=252 | track=2c2bda2fe4defc1b4764252f7fed2358
global_step=172512 | return=-133.83 | steps=131 | track=1885d671338e7220f95809ac2eead738
global_step=172576 | return=-95.13 | steps=187 | track=8f83c9345e3f09e468be46c61ccc8aef
global_step=172576 | return=-192.95 | steps=222 | track=a3cf70b3d365f56314fc614c2ca0126a
global_step=172640 | return=-197.21 | steps=232 | track=a64bb8f7151ae232397360ac5ac970fd
global_step=173232 | return=-136.62 | steps=131 | track=b7b03c4ad5a448b387ae9ee6442c978d
global_step=173584 | return=-105.74 | steps=128 | track=6218f85c4c3a85fc261251002612b351
global_step=173664 | return=-139.51 | steps=131 | track=06f03d418e6fd8561c3796303f8c51b8
global_step=173696 | return=48.94 | steps=69 | track=8c51bf1d18927145995cf43218df729f
global_step=173728 | return=24.84 | steps=67 | track=c64fc0709dcdd2f9b1c0993b1582dd87
global_step=173808 | return=-145.93 | steps=130 | track=14bd28825fde5b78fc83295c582866b2
global_step=173840 | return=-139.08 | steps=130 | track=f88afada648cdb9dfd38359869c52933
global_step=173872 | return=-136.62 | steps=131 | track=23806a20cd23b66ed0724f014e835951
global_step=174144 | return=-114.30 | steps=101 | track=fa5c672323cc623612a50a844a88a1b4
global_step=174192 | return=-140.41 | steps=131 | track=6975e7c739fe06d3aefcd2a2a66a08c1
global_step=174320 | return=27.16 | steps=67 | track=17b9f24e7b7b2b9d8645744ec2d2d9d1
global_step=174352 | return=-135.71 | steps=131 | track=3b93d37f576f83b597d31e5788ec0135
global_step=174368 | return=-45.89 | steps=154 | track=e8dc07e630baa7ff96eaf54f07437d9f
global_step=174480 | return=-69.14 | steps=48 | track=908065d3b2f6b9eb7a9767de9809e577
global_step=174496 | return=-146.89 | steps=131 | track=54cfd30ac0e57f1bd2e1c9fc6ed7cb31
global_step=174672 | return=-143.04 | steps=130 | track=a86449e03d814736be2266a3ab1e2c3c
global_step=174704 | return=-45.85 | steps=64 | track=72fa20fc664f4652b08b5af043a4f1cc
global_step=174912 | return=30.10 | steps=66 | track=f51076951b7f9738b2cad95e795a0b40
global_step=174960 | return=-112.18 | steps=244 | track=442194edbed3c2bab792776524cdb5eb
global_step=175216 | return=-132.42 | steps=172 | track=f402c927901dba526cf9207409efa452
global_step=175360 | return=-27.23 | steps=92 | track=abadbaafa62f393c5330207c380b6bfc
global_step=175680 | return=-147.15 | steps=130 | track=2e4a04b53c8e60b92041faa36eaba504
global_step=175792 | return=-116.53 | steps=128 | track=231a49a5f153518f0174189fb08b3d2d
global_step=176192 | return=-48.80 | steps=116 | track=24a27f8adaaa04cd87c88e0a7b5ee121
global_step=176240 | return=-51.15 | steps=95 | track=bca437fd7601658e53e8ac3c7dd2524a
global_step=176256 | return=-131.93 | steps=131 | track=8c9394ea421466d4778472ad09f2c992
global_step=176288 | return=21.15 | steps=66 | track=1b4f88246edf08ad35c61d7e18f353de
global_step=176304 | return=-151.43 | steps=131 | track=3b14ba085e0ac77164e91e9c40f55431
global_step=176448 | return=-106.36 | steps=130 | track=d722c4c5e2a1e0465f30001e6bea098f
global_step=176480 | return=-121.91 | steps=131 | track=0ba3fc499a50f09c60987b7ab248c4c5
global_step=176592 | return=-146.30 | steps=131 | track=ee3fa8788fdc8cd29cc861826357e956
global_step=176688 | return=-103.91 | steps=136 | track=682fd6a782a46093a7f2ce3fead33344
global_step=177024 | return=-138.39 | steps=131 | track=1c9880f30f9b9f557dc64250ae3e8171
global_step=177040 | return=-193.01 | steps=201 | track=87e43135637ea9482d2bd698209e82f1
global_step=177280 | return=-61.44 | steps=162 | track=e87a8bda3be20462512fc9514f439dcb
global_step=177472 | return=-149.93 | steps=131 | track=dcfa56273798c100b0b2afe72778df57
global_step=177680 | return=-57.45 | steps=39 | track=6fdceb6551d19a0e18f570d076c0ceef
global_step=177680 | return=-80.43 | steps=92 | track=c6a0c5d8411de69ff5696c5354873892
global_step=177904 | return=-132.84 | steps=131 | track=08f5330ec361acc7efc82dca22072b02
global_step=178064 | return=-40.39 | steps=193 | track=25d3cd8a6232536ffa72ab42cabc876a
global_step=178352 | return=-138.93 | steps=131 | track=472fe086fb4b57c18c14e2243304c6fe
global_step=178368 | return=-135.40 | steps=131 | track=e8f6895b15464daf59b8a1865ea33ba8
global_step=178384 | return=-142.24 | steps=130 | track=8823d6f46408deeb5887e328e61c2bac
global_step=178416 | return=-148.63 | steps=131 | track=b84b4261e50e61980e2b1c81a7993219
global_step=178560 | return=-149.23 | steps=131 | track=65dfb0a96ab0b83bb58b99f57722a51f
global_step=178592 | return=-131.48 | steps=131 | track=fb11650e7a6e91cc2a5f13b517fc6ec8
global_step=178656 | return=-26.53 | steps=60 | track=6243db663b1bd435504a0a076d67482b
global_step=178688 | return=-91.58 | steps=124 | track=4e107b6a99db579b57e1fb8cfb598b19
global_step=178704 | return=-62.67 | steps=131 | track=e882fd63f26558c9ae2f5e61780733c3
global_step=178928 | return=-22.75 | steps=63 | track=6dcf5b409af46c6e197327bf4da21cc2
global_step=179104 | return=-1.27 | steps=64 | track=418cf59d38b73b70398e8e3d179783b1
global_step=179120 | return=-136.96 | steps=130 | track=5dd1fcd9d4a4e16ee56cf1898c3f1620
global_step=179392 | return=-132.96 | steps=131 | track=4a3bf281463861167ed7c25468e4c5e7
global_step=179408 | return=-32.02 | steps=61 | track=ccd4a202283ab99c2e45cedba16c8284
global_step=179552 | return=-112.51 | steps=129 | track=be91f944bbc02361fd1bbb7d5e1d668e
global_step=179600 | return=-28.54 | steps=62 | track=857da224400b9bef2885757d8fc13327
global_step=179680 | return=-99.48 | steps=249 | track=5e45d42ed0429fc218f3618f73c30d03
global_step=179792 | return=-144.21 | steps=131 | track=0c5351c5a28d55305fc578820968cca3
global_step=179824 | return=-100.87 | steps=89 | track=df385752552f678c78fcee2837f1071a
global_step=179824 | return=29.71 | steps=70 | track=f463b258c8b80b0724ce7497cf8b74d3
global_step=180208 | return=-76.53 | steps=93 | track=160c91a5cc3034614465b5d1ebb306de
global_step=180224, SPS=60
global_step=180368 | return=-48.33 | steps=78 | track=117487ec8f7c032618d67a7a2f52ff72
global_step=180432 | return=-136.13 | steps=128 | track=36c2da3ea793ecedde382601e54a6e52
global_step=180464 | return=-149.49 | steps=131 | track=27b3747b75ea3eb0aae300117ed78f97
global_step=180544 | return=-33.50 | steps=61 | track=658bced1b6275c1ea4def23bfeb5301e
global_step=180672 | return=-155.96 | steps=131 | track=cb1982ca71b435ded3acbad7ff8bf83a
global_step=180768 | return=-141.51 | steps=131 | track=8cb6b9fe9e6111865cf2af7529180f6d
global_step=180848 | return=-2.73 | steps=65 | track=85a2675297abc774ee41fff5969e40f2
global_step=181024 | return=-135.68 | steps=130 | track=f7bd378ad81445a896c094cd7ee9fc80
global_step=181024 | return=-35.54 | steps=74 | track=5f9575630038a8a8bc4b091ce6088c2d
global_step=181184 | return=-49.88 | steps=46 | track=d628a23a1666c3e435371b8b474032a9
global_step=181328 | return=-58.43 | steps=53 | track=01b01fa649b0332a5757005669a988f3
global_step=181376 | return=-116.41 | steps=105 | track=3a9110025bcde22884de133978729cb0
global_step=181504 | return=-92.80 | steps=148 | track=ce615ee5c4ba407ec0b99d82304870a5
global_step=181504 | return=-145.36 | steps=131 | track=9f0e2cb8f42fb8457abd25cbdf35fe80
global_step=181504 | return=-56.87 | steps=45 | track=4d65bf3d0fb7a10dbfadb4bcedebafc2
global_step=181520 | return=-146.19 | steps=131 | track=5698bbdec32b167e58ddf5b18067949f
global_step=181712 | return=-140.03 | steps=131 | track=3396a18de147973e18e6bd3fff6f3570
global_step=181856 | return=-60.87 | steps=41 | track=bd501e9f3f52eb94668ad30532d8c220
global_step=181936 | return=-152.85 | steps=131 | track=be64cea5da1b03f01c342b6e2868f1f1
global_step=182320 | return=-134.63 | steps=131 | track=8a3decccee002afc7305dff5c0ff6df5
global_step=182480 | return=-131.76 | steps=131 | track=78c5aeb796a2b31e7e337cb3c907833b
global_step=182656 | return=-139.50 | steps=131 | track=df2508b685fde1e41b2f675904ac6568
global_step=182864 | return=-91.30 | steps=136 | track=e40ee1c7eeeae9be0e943b83aa554ef2
global_step=182960 | return=-27.96 | steps=90 | track=19857e65724a9ccadea5f8714e21289a
global_step=182976 | return=-142.83 | steps=132 | track=0160035b8eb136a537e8cee549beba86
global_step=183136 | return=-149.31 | steps=131 | track=e8fea393ca82aef4c8d7230a499f9249
global_step=183536 | return=-31.77 | steps=137 | track=07ae9815a4a1c2f39389d7ba90eb8f93
global_step=183568 | return=-113.51 | steps=136 | track=1a8d56d7a37179a153d22b271da78df2
global_step=183600 | return=-141.60 | steps=130 | track=0dadbaa46e0f2bb4cbbe2239b9efdd6d
global_step=183616 | return=-148.71 | steps=131 | track=3a59d8f1496d2d7fe9bfcde771210e21
global_step=183616 | return=-162.47 | steps=130 | track=7cf89694e049c1269930311b230b0f06
global_step=183696 | return=-11.90 | steps=64 | track=650d8523e7813c043981d2b7f3a7fe2e
global_step=183824 | return=-142.91 | steps=131 | track=1ed3c22bca9eeec7fed079013238cf50
global_step=183968 | return=-147.21 | steps=131 | track=f292d76c036f4ef2d1017ff0c10e5685
global_step=184432 | return=-140.02 | steps=131 | track=99e75cc7b08a526b03916921c99784e0
global_step=184576 | return=-148.19 | steps=130 | track=adb1f166de7a6cefdfa8e1106afd20cd
global_step=184768 | return=-85.33 | steps=49 | track=e74b46eb945cdbd51d545b406756d0d3
global_step=184816 | return=-32.82 | steps=61 | track=b7cefe612091470bf58f6f93f9f1312a
global_step=184912 | return=-190.08 | steps=185 | track=02e789e97d0664e43bc3fb3135459dd0
global_step=184976 | return=-139.51 | steps=131 | track=b9330bc4be093da86f6e1f6a745979a3
global_step=185072 | return=-152.11 | steps=131 | track=40b67228782d00b77449a9d714c2179d
global_step=185184 | return=-58.08 | steps=46 | track=13734e12d2f19a4cfa08c0150e31aa70
global_step=185216 | return=-161.09 | steps=129 | track=84a63757ae7f2ce525f2c0751feb6bea
global_step=185248 | return=-108.15 | steps=263 | track=db0472484beaecea03a03ab7ec9e329e
global_step=185312 | return=-30.97 | steps=145 | track=fa9d9d9d91d6d45f890406a2b3212156
global_step=185632 | return=-146.52 | steps=130 | track=21cc2bdeeecf06eac3ad7a2e6c3554d5
global_step=185712 | return=-134.60 | steps=131 | track=ad60d6ef3fef4e6268ddd834b3527c2d
global_step=185712 | return=-137.49 | steps=130 | track=0c3367959e07ac6797d727ca3d6d970a
global_step=185728 | return=-138.26 | steps=131 | track=45f03fa21c7ac4337dd3e656fcb37e85
global_step=185808 | return=-140.75 | steps=131 | track=a8ba4142b3571fab4ba2563bf862a5df
global_step=185856 | return=-34.32 | steps=67 | track=139a4d310098e2bcaa634ef064837500
global_step=186816 | return=-1.37 | steps=67 | track=44cef85f7ae297317d6261ff77cfde7c
global_step=186864 | return=-96.53 | steps=76 | track=6eec0b274b9278b5aba80fe1b3029f1b
global_step=186928 | return=-141.48 | steps=131 | track=87100ea101de8c287d8a7fff89d23215
global_step=186928 | return=-73.13 | steps=146 | track=9988ea4b7249d4fa0ce1a6e1b28fdb0a
global_step=186992 | return=-76.30 | steps=213 | track=719b16ff1a680fc6ff2531e51ba3aa83
global_step=186992 | return=-2.22 | steps=79 | track=8fac5659f935247c7c42e98bb5a27636
global_step=187088 | return=-139.89 | steps=131 | track=fa963cd8dfacebc5c86b5478df8c2267
global_step=187184 | return=-147.65 | steps=131 | track=25f0928469b579dbad6a09f65c61d9cf
global_step=187296 | return=-139.96 | steps=131 | track=01c1154904cc68b579ee328783e7949e
global_step=187328 | return=-146.98 | steps=131 | track=2753e228dfe7fe0129d11bdf58fbc922
global_step=187360 | return=-151.52 | steps=131 | track=7fdc291f93b66fe537d0d6584b297e46
global_step=187424 | return=-137.03 | steps=131 | track=d969d4eea492e05b798b13dceea09b98
global_step=187488 | return=-114.71 | steps=160 | track=513c90767ddcfc316e121079d4f6565b
global_step=187824 | return=-141.51 | steps=131 | track=961e5642e4d5c8524f5d3090df3568d2
global_step=187968 | return=-140.09 | steps=131 | track=0f57274f817532e9072fec66f9cfdea2
global_step=188416 | return=-116.29 | steps=162 | track=3bc73667266afaf879381d52f29dbfd8
global_step=188416 | return=14.12 | steps=65 | track=484513e9b08011dbed9b14d7e5730056
global_step=188464 | return=11.89 | steps=64 | track=4e832b56b0220d72610cd1130ced3ab9
global_step=188576 | return=-64.19 | steps=46 | track=6c71b2ca5d0261ec5090804c16f47795
global_step=188928 | return=-140.75 | steps=131 | track=9d944747454603f774002623de881035
global_step=188928 | return=-142.09 | steps=128 | track=9ed82ca6ed3cd13f7806ca6bcec6953a
global_step=189040 | return=-141.88 | steps=131 | track=9e369ef1b33764927e81a847e6e106ab
global_step=189040 | return=-138.08 | steps=131 | track=1796a53b6e343005574acdf87d25f9fd
global_step=189088 | return=-149.78 | steps=130 | track=c815d7e05393e47c116244d2a7204067
global_step=189104 | return=-150.64 | steps=131 | track=6344401573b0ce3f8a45574613c21644
global_step=189200 | return=-137.33 | steps=131 | track=95a3e2c7241338a218cfebbef17a2b86
global_step=189296 | return=-141.20 | steps=131 | track=0a313514aa7f5ac8a5d9b9ecca4b0224
global_step=189392 | return=-112.19 | steps=130 | track=54d8462a4a92ea153a7ef6273d43a277
global_step=189440 | return=-137.57 | steps=131 | track=50e05a451af78cc67ad8ec7729081567
global_step=189552 | return=-103.20 | steps=98 | track=3072350d193118b70b027db4084ce368
global_step=189680 | return=-80.66 | steps=136 | track=de51fde037fee7976ee69033bc42216b
global_step=189824 | return=-48.07 | steps=48 | track=8c979d792e277f0c7d247a3ab020823c
global_step=190288 | return=-118.42 | steps=113 | track=dfeaa15036e199f487004297d9bc4988
global_step=190432 | return=5.92 | steps=76 | track=2a5a84ccdc75e3c7032a39166c6a876d
global_step=190448 | return=7.13 | steps=84 | track=f6ef0323ebc380416bbe2c4aeff8e0d8
global_step=190512 | return=-157.65 | steps=130 | track=0665c84fc44f0d7a81f584577bcdd177
global_step=190528 | return=-158.84 | steps=131 | track=014df4da8e7a2c63945c19a524aa6cfa
global_step=190528 | return=25.64 | steps=67 | track=385ed0ea775f7c994a07788952f3babc
global_step=191024 | return=-149.41 | steps=130 | track=0d1facd66f3117e6beae9e8297e5e6bc
global_step=191024 | return=-139.90 | steps=130 | track=f483139b8208a787741486f056bfc1e6
global_step=191168 | return=-155.83 | steps=132 | track=1fa77e93b5c3c0206da93737ee9ac943
global_step=191216 | return=-150.67 | steps=131 | track=24d497a526cb9d5c706ceb8640582502
global_step=191408 | return=-102.25 | steps=131 | track=7c306a92e843554162d9f297455c8fc5
global_step=191472 | return=5.62 | steps=64 | track=6eb582f3e8b6604161d9cc8ba7f8da5e
global_step=191504 | return=-26.93 | steps=61 | track=9ab45ceb860e2a4c6e786c0d5c2c40f1
global_step=191664 | return=-140.63 | steps=131 | track=b7f3b4c78b625fb5bf9b540364c1fc1f
global_step=191792 | return=-144.90 | steps=131 | track=0893de9e3e221d390b0ccd4c769b95c6
global_step=191856 | return=-180.06 | steps=204 | track=5d99bf670875647cde74d00ea13b47b5
global_step=191968 | return=-85.19 | steps=94 | track=95e1d822d31a79d580c05c6ff31fdb16
global_step=192256 | return=-112.54 | steps=151 | track=98bdf92e36a2648262b2a57053075aed
global_step=192304 | return=-127.65 | steps=110 | track=fdde107905584d56d192b02196bdf8ac
global_step=192400 | return=-137.11 | steps=131 | track=f29f34016de92e6397e1da266c3537ec
global_step=192464 | return=-87.14 | steps=120 | track=f41e7e2f17400bd38fa5a6fcb4e71d4a
global_step=192496 | return=-14.82 | steps=61 | track=6dce240d1aab4ffe8f2f9486b2582592
global_step=192592 | return=-114.21 | steps=97 | track=dad8e4635e9b7b10110904419c2275c0
global_step=192768 | return=71.90 | steps=210 | track=3ec07ed3a94f4681bc71d81ce986568b
global_step=192960 | return=14.01 | steps=111 | track=598b59f025284716e8ec854d4e303f38
global_step=193104 | return=-64.66 | steps=49 | track=1169da20572675c3700cf3fa3d9ff050
global_step=193120 | return=-152.55 | steps=130 | track=147ea2e84e3d24cb6810c40000f3be42
global_step=193296 | return=-1.53 | steps=64 | track=4b8dc41aa0366c34b535c64628995e77
global_step=193328 | return=-149.11 | steps=131 | track=efa55b7b72c1a21e11ca3215a7a6ecad
global_step=193504 | return=-138.24 | steps=130 | track=97844aa8f7f5e3df9067080ebc884c6d
global_step=193584 | return=-150.61 | steps=131 | track=51594d35045bd9e504771db2b8ba6ccb
global_step=193648 | return=-62.39 | steps=54 | track=9e4c0452f2ec9a29399757b1cec9c389
global_step=193760 | return=-154.17 | steps=130 | track=68294efd5d304076b66ec3b896c1c953
global_step=193904 | return=-143.83 | steps=131 | track=5f9baae9d65bbaa866805960e094f9db
global_step=193968 | return=-137.41 | steps=131 | track=882c9631ee5e20b4e5748f054b4be282
global_step=194080 | return=-138.03 | steps=131 | track=f24b5aad323db1c741a3e4e26b498044
global_step=194160 | return=-117.03 | steps=109 | track=ff1303ced8d06b9756ec130992cbe66e
global_step=194224 | return=-114.32 | steps=109 | track=ec4f8379b2baf9208d2f6064384c1618
global_step=194416 | return=-75.56 | steps=56 | track=543de34f85048a3bf96b0dea23c2f006
global_step=194608 | return=-144.80 | steps=131 | track=eeda70061df5eaec26b94d1f2bff353f
global_step=194608 | return=17.42 | steps=81 | track=ebf18bd1ea3417f3f1633fd0b8f2a6e2
global_step=194608 | return=-72.97 | steps=43 | track=13dcb2bb82489f5828b157bdd7a1ed4e
global_step=194672 | return=-121.15 | steps=97 | track=4659c0e1415625fc44e631f06e0a2250
global_step=194688 | return=-163.48 | steps=130 | track=e132d8119e37332372149b15c359e274
global_step=194896 | return=-61.06 | steps=120 | track=c9cc8f5207e4b30e6750041408fc9388
global_step=195216 | return=-141.86 | steps=130 | track=a9c0c2199b541ce69cab5a83ecabc3c9
global_step=195440 | return=-130.07 | steps=131 | track=5a0f2e779cf9956f1eb1af63425c81c8
global_step=195696 | return=-143.66 | steps=131 | track=1cdec827509660345546c72b6d1ba31b
global_step=195760 | return=-145.06 | steps=131 | track=0ec059c9dd416289af0b37d8f8cf9e86
global_step=195872 | return=-148.95 | steps=131 | track=50c3a45aa1245af48edfc9a421d1c2a3
global_step=196080 | return=-136.86 | steps=131 | track=48e4cc417b4359cd977e7d79f8a70e22
global_step=196192 | return=-146.10 | steps=131 | track=88a55c67854684ca3fe85e17dbdcfd9d
global_step=196272 | return=-145.11 | steps=131 | track=c2651e68b6b7a59c3ad9d7a0e35a4450
global_step=196272 | return=-82.55 | steps=98 | track=e1a161c321b609a45142040d04fc397a
global_step=196336 | return=-149.73 | steps=131 | track=fcd28b4cf62c1ef021a8cb9f85058fe4
global_step=196528 | return=-147.23 | steps=131 | track=2ecf91a7d1282f1898c1909de4e73c2f
global_step=196608, SPS=60
global_step=196720 | return=-140.26 | steps=131 | track=74bb735cd35c819477bf87e819e9e990
global_step=196720 | return=-127.21 | steps=131 | track=7ec56e12ae459cdfa8865e630a8151c3
global_step=197008 | return=-130.55 | steps=131 | track=1ba4a2f744c3a43edd5e601e74355516
global_step=197280 | return=45.09 | steps=166 | track=5e240a8654909b4bb2f52779952f5ada
global_step=197360 | return=52.67 | steps=67 | track=d4bf05e66fa9e01eda67ce6346e6a2fe
global_step=197408 | return=27.58 | steps=70 | track=1e78bf8d4dea2c78b2d89d0064949124
global_step=197440 | return=-10.02 | steps=44 | track=8ea50f0ac0ce3ca88fb7234d0bdfd874
global_step=197504 | return=-31.64 | steps=60 | track=8c4938fe530449cc2a9a6e2cd1ab244a
global_step=197760 | return=-79.68 | steps=158 | track=6da6db98b4bea74ab1b2b4d84a8a14dc
global_step=197760 | return=-183.52 | steps=144 | track=29ad705cc23b833b4963e6d66155d6cf
global_step=197808 | return=-136.86 | steps=131 | track=3ebbe1cb141914d7fdbe2ce0e593fa85
global_step=197872 | return=-148.23 | steps=131 | track=ab9555082313b014da9343d681a85c2e
global_step=198192 | return=-139.15 | steps=131 | track=a956c6e25e24dcc1841f5812fce5f0b0
global_step=198256 | return=-106.04 | steps=95 | track=e233ccdd66bf5b6f7e68c80cb1ab28b0
global_step=198304 | return=-8.98 | steps=63 | track=8b4bdd598787ef5c43b00e486bfb6694
global_step=198304 | return=-140.67 | steps=131 | track=744f73b985b5c52a6f2ea91777393ac1
global_step=198448 | return=-140.63 | steps=131 | track=75214f5b564a7036db9b11601295284c
global_step=198544 | return=-98.21 | steps=95 | track=2279be5a4793fb08503748ae5f4a98a6
global_step=198576 | return=-50.90 | steps=47 | track=ac488798bae40bba059643cd4bea0555
global_step=199040 | return=-27.91 | steps=272 | track=3c13364a3c13deca040c725df8c0a683
global_step=199072 | return=-26.54 | steps=47 | track=43692a92a15e0bc0d61b4499eff35d53
global_step=199200 | return=-12.47 | steps=114 | track=6c858008ed6d521222d0098d06778b11
global_step=199280 | return=-45.12 | steps=63 | track=63263c2a037c4f3acba97f288a9e0e36
global_step=199360 | return=-204.22 | steps=217 | track=ab13180e59b1f53494720af1e5d4d1a2
global_step=199520 | return=-137.72 | steps=131 | track=3d71b1c68f4c71dd229b39d952faab18
global_step=199536 | return=-149.96 | steps=130 | track=1eef9caab015135294cac90082dd7ad0
global_step=199616 | return=-143.21 | steps=131 | track=e865823792d19a86dc8ffa0483beb313
global_step=199856 | return=-153.79 | steps=130 | track=af764c92d437c25c578e198278a5dfa5
global_step=199872 | return=-154.60 | steps=131 | track=9efbe4be070265cb7cf78661dd2e03b1
global_step=199984 | return=-146.82 | steps=131 | track=4913daaa4783bc0a018725e30f3e33a4
global_step=200176 | return=-23.72 | steps=50 | track=be7eddf0871c0c81da4d96608d51b9a1
global_step=200240 | return=-112.19 | steps=127 | track=e295156da694c0656cf42e4b3587553e
global_step=200384 | return=-54.26 | steps=47 | track=b1c8418bb75e8515b866bd20d72243d5
global_step=200416 | return=-139.80 | steps=131 | track=4f3f2d0c71243b9803072c76d83b4f84
global_step=200560 | return=-132.84 | steps=131 | track=569dfcc02726fde10ddde22de48aa8c0
global_step=200608 | return=31.73 | steps=67 | track=fb4ac8125cb0e4dec0790b35f2cdcfaf
global_step=200688 | return=-135.16 | steps=131 | track=21873ea9e5c5a321dad50647a0663060
global_step=200800 | return=-105.76 | steps=94 | track=26ecde4593ec57bd29f9fb1331248d08
global_step=200992 | return=-14.12 | steps=90 | track=cb31287b0653f1d5d73bf4211aeb5703
global_step=201136 | return=-151.11 | steps=130 | track=316dba44a907a6957b2568b575fed81e
global_step=201184 | return=-142.91 | steps=131 | track=c35558a2e607ee7d7b561e40bcecb150
global_step=201312 | return=-122.99 | steps=131 | track=f51c2925f753168ac1b4c178721cc278
global_step=201600 | return=18.27 | steps=108 | track=b0de0613f362ebd50bcde61a5fd21ca5
global_step=202080 | return=-147.68 | steps=130 | track=7ec4d6a71ec1889680bc14cf88f77a70
global_step=202272 | return=-150.34 | steps=130 | track=573de233add5981ffafed06f0972d71e
global_step=202304 | return=-84.12 | steps=151 | track=8cc82ebf99e243e3f0a82e385c1893a7
global_step=202496 | return=-146.76 | steps=131 | track=11ce2900a093c0747dc56607ac4bb093
global_step=202496 | return=-92.46 | steps=140 | track=6d63f465a55c4026c5c2faa735a5e108
global_step=202496 | return=-39.96 | steps=81 | track=24bacb92bdf55b4529678bc15e9b45b6
global_step=202528 | return=-134.59 | steps=131 | track=5717b5359434730588c35ec93cbfe2a9
global_step=202592 | return=-121.43 | steps=123 | track=79a17c5ae6c17c6bccb12351cc8f9c20
global_step=202592 | return=-69.30 | steps=252 | track=703637805bfeefa7da5520b3b9293ba8
global_step=202672 | return=-144.01 | steps=131 | track=fad70b075b6b8ad31bc5448dff5b3ab2
global_step=202720 | return=-57.01 | steps=98 | track=652a20bb224648f3c35094fdf2ca34bb
global_step=203040 | return=-105.16 | steps=89 | track=10c2481828c79eb2a60f95e1d1505d1c
global_step=203088 | return=-152.56 | steps=130 | track=66df2e2f71fbb2fea57906474a904033
global_step=203424 | return=-140.85 | steps=131 | track=cf12ce506157b4420e91e58c4f21b8c9
global_step=203712 | return=-8.47 | steps=64 | track=a1bfae0311da485b049ce939bd866ba3
global_step=203760 | return=-54.77 | steps=41 | track=b75751e770fae51a6664df376ab564cd
global_step=204032 | return=-74.04 | steps=208 | track=6e9fa0ccd1bcf174e9f444ad73152a02
global_step=204064 | return=-8.53 | steps=63 | track=639c9cdee0a7f6b8fe474f4d4bd2a618
global_step=204096 | return=-118.65 | steps=99 | track=8562250d5543a1372ba4b4424b7400fc
global_step=204368 | return=-108.52 | steps=130 | track=d1f3171a4ec5fc48945adbf7dcb506cc
global_step=204416 | return=-159.37 | steps=131 | track=5ed5e433521e8b2defde96ff86d45d40
global_step=204416 | return=-134.67 | steps=145 | track=0dbb8af8f001d6093691f2874220d092
global_step=204608 | return=-139.11 | steps=131 | track=f6a1c722bc60e26df531503c54652f76
global_step=204640 | return=-142.91 | steps=131 | track=71c1ddf460869cae583ba812c2790759
global_step=204704 | return=-140.67 | steps=131 | track=e93958f53c3d7aa15bc2e96cb000805b
global_step=204704 | return=-132.23 | steps=131 | track=ee2315fb4df9a587d9a82a9b35fb2af0
global_step=205072 | return=-14.22 | steps=64 | track=43c3d545bcd75da214daa1a9e483bb06
global_step=205408 | return=-48.08 | steps=43 | track=5a5f8085872b66acf0566f7c1565f6e1
global_step=205536 | return=-155.00 | steps=131 | track=3d30d23fc69d00610a60a76a4d195089
global_step=205600 | return=-69.62 | steps=179 | track=b328742a89ed772f24abf0d11b584367
global_step=205824 | return=-147.04 | steps=131 | track=b37e9fec6f15cd7d8c4d3d3f9784d4fe
global_step=205872 | return=-155.81 | steps=131 | track=7bd1d8f0f4ff5c4a6a28f5ac57d3aed6
global_step=205904 | return=-30.44 | steps=51 | track=105c0aa8bf89bc4ffb708a7b3ba812dc
global_step=206176 | return=-133.10 | steps=131 | track=b6b9491f802dfef9113192c6ed006b42
global_step=206208 | return=-136.36 | steps=131 | track=a28636b4b60f59457539b50ccdbfc740
global_step=206240 | return=-137.64 | steps=233 | track=6af40e57f4f27c5de89ba5bd4f44aa06
global_step=206256 | return=-122.69 | steps=340 | track=4dae2d51ee5e3b9511de2b3a8de5e62e
global_step=206480 | return=-135.16 | steps=131 | track=5113574919713500f38aeee2a4982198
global_step=206528 | return=-139.15 | steps=131 | track=ce8c1b5a8ad801f0bfb552286bf9dcb2
global_step=206816 | return=-140.26 | steps=131 | track=31e38d2e679819df2d8fab7c97a7d60f
global_step=207232 | return=-148.07 | steps=175 | track=ba91cf0dac64390786b6b3389c1ad927
global_step=207360 | return=-73.19 | steps=169 | track=d664f9289b754fc9548ba852e133173a
global_step=207472 | return=-10.57 | steps=76 | track=ede5d85db0785f919917b00f22d583c5
global_step=207520 | return=-138.33 | steps=131 | track=bd3a51121392b8b18138b72f4fc234f2
global_step=207600 | return=18.67 | steps=66 | track=7c77564c26aa6e10614852ea934da9e0
global_step=207648 | return=-148.39 | steps=131 | track=711be818aacf1e18b89ffe82fea9af5c
global_step=207712 | return=-141.00 | steps=131 | track=84044fc48abb984b97af780be7bd07be
global_step=207920 | return=-134.31 | steps=130 | track=63eb9bd361b5a12006d9b54f904a7980
global_step=207984 | return=-144.49 | steps=131 | track=d434417742f94cdf168b92f67a8d686d
global_step=208288 | return=-136.87 | steps=131 | track=f804df1c700fc6c69f31c556f3613882
global_step=208304 | return=-141.17 | steps=130 | track=f2b3c31620c418e4ebe9c9e9befbc6f3
global_step=208368 | return=-148.12 | steps=131 | track=7b515707efd27ffe70f560c3f780bc16
global_step=208416 | return=-19.40 | steps=156 | track=2ef38ac38dff6b75328740ecad8cca43
global_step=208480 | return=-73.81 | steps=62 | track=aaac59ed99d5a4941291daf6cc113787
global_step=208592 | return=-120.97 | steps=131 | track=7dcf79069b7b2f7a0745c524707001ae
global_step=208928 | return=-139.05 | steps=131 | track=7e5865815597ff81696fddff009e270d
global_step=209104 | return=-63.46 | steps=93 | track=aaffca656bf2174dd7db9cdd57e27c9c
global_step=209328 | return=-141.20 | steps=130 | track=e3a90dd2531ec92ab3657387ce617e7e
global_step=209360 | return=-6.50 | steps=66 | track=8db4388b5bd4ba5312928ea15ce4c827
global_step=209408 | return=-189.15 | steps=299 | track=9d376f3e274c341eee82a1104c97ec18
global_step=209472 | return=-137.90 | steps=131 | track=8f7712cd5d5092deaeb86c5b3b808361
global_step=209632 | return=-132.06 | steps=131 | track=1082b5167dce44192929a8c6d9bd0d27
global_step=209744 | return=-111.13 | steps=89 | track=8dfce11b1e7ac1255cef0b1c9f5d9bb2
global_step=209808 | return=-137.80 | steps=130 | track=12201460fad284df74d8029a6b07ed5a
global_step=210080 | return=-21.22 | steps=134 | track=89fa341db1282141ae60fbb83fe93a2a
global_step=210096 | return=-136.14 | steps=131 | track=8f5bfdc88ad20bb0cde943718de683b8
global_step=210480 | return=-139.50 | steps=131 | track=987bbaac8bf394e8f4aa9a6b7d236ac2
global_step=210688 | return=-151.48 | steps=130 | track=dec28f25cf010249a15b8fd93927f209
global_step=210816 | return=-92.83 | steps=66 | track=e387c3003adb9a48aa75d9f140ce892c
global_step=210848 | return=10.01 | steps=151 | track=456171487323dfe62740fee99416ee77
global_step=211024 | return=-140.91 | steps=130 | track=927fac3349042658ea611c3d8133e906
global_step=211216 | return=-125.20 | steps=131 | track=bf9e17e41e2d40ceee245154a6a3b82e
global_step=211456 | return=-155.67 | steps=132 | track=a77678e09821d108686b6ae274597abb
global_step=211472 | return=-148.68 | steps=131 | track=064c6c83e7f4a350632bd21661af7286
global_step=211520 | return=-137.03 | steps=131 | track=97d3c0a88e1e19ea9feb7cd1a199e72f
global_step=211536 | return=-113.23 | steps=190 | track=4667e5583ea7e3c0ba4feb9ec581c76d
global_step=211568 | return=-132.02 | steps=109 | track=54d8fd8e8828cbd4fd2c658a48652604
global_step=211568 | return=-164.58 | steps=130 | track=cad3a2f8668c447806aa823f3401b00c
global_step=211648 | return=-37.73 | steps=59 | track=7dda7c9b91020025b914f4aa6c5ab801
global_step=211760 | return=-162.78 | steps=132 | track=4296bf66c418a32f29a384ad463915b8
global_step=212144 | return=-53.81 | steps=41 | track=ffbc38a7112242d45d4f5c5dbc1cc2f8
global_step=212192 | return=-129.17 | steps=131 | track=b10fe63b1e482a1ad13077779f3a81a8
global_step=212208 | return=-139.96 | steps=131 | track=13f6a0328fffb36809c7cd972b55a14c
global_step=212272 | return=-30.77 | steps=43 | track=5661847c37dbf0c5ceaa06a6ac29e065
global_step=212288 | return=16.00 | steps=289 | track=0f3a47f4243dcfead4d3f5d2cfa192cf
global_step=212592 | return=-132.70 | steps=131 | track=9ae021174a7d8b9cb4412321cf1b314e
global_step=212928 | return=-150.83 | steps=131 | track=f7e4d4a0fbc7959be4a58bfd0a841f03
global_step=212992, SPS=59
global_step=213024 | return=-100.30 | steps=135 | track=c81950e2f01f2f3a84e914583480713a
global_step=213136 | return=-133.18 | steps=131 | track=4312bedd0f1271ad8f2e78dee2c31779
global_step=213328 | return=-142.32 | steps=131 | track=2fb0ec47e8dd03c9632bf6c6d4a469c2
global_step=213616 | return=-141.63 | steps=130 | track=f7c9cf39c31e0bffce03aaac54797757
global_step=213648 | return=-144.01 | steps=131 | track=f902b22c8d514e958b52683f91b9d453
global_step=213664 | return=-149.67 | steps=130 | track=59e49fd81ffb8b0c1da1bc6afedf8df1
global_step=213760 | return=-146.98 | steps=131 | track=6888f6b1f049bf8a10b54b27509c8c4d
global_step=213776 | return=-117.49 | steps=101 | track=93b66ef7375f74561a85ed921153f394
global_step=213872 | return=-114.30 | steps=104 | track=89e52988ce276f3f031227d472fd585f
global_step=213872 | return=-136.40 | steps=131 | track=54ffaa20ea82bfb797c8845576c23073
global_step=213936 | return=-74.69 | steps=154 | track=233715bfbc9fae92a9d3cb4eddb59797
global_step=214032 | return=-25.37 | steps=62 | track=83ce2ce654d2bc97aa3a70d6fc99c786
global_step=214320 | return=-118.33 | steps=131 | track=fe4777b6c26e4b8adce094fe45bfb8bf
global_step=214384 | return=-150.95 | steps=131 | track=3e2d5da30beeac268cff8c70915b27a9
global_step=214400 | return=-142.67 | steps=131 | track=e143285040a4852a3ed40da2fc4f4f28
global_step=214656 | return=-68.50 | steps=48 | track=3ffff46b1e86dd2b641db5be274fea0f
global_step=215040 | return=-126.57 | steps=131 | track=8a0c3e789d1f10c01ad681551c291846
global_step=215248 | return=-148.01 | steps=131 | track=4e6e021d23d1c1bf264f2b6ad8ff3b6e
global_step=215280 | return=-71.92 | steps=93 | track=da819efd65ffdeb84c59a59f8777806b
global_step=215440 | return=-135.97 | steps=131 | track=7312b24cc28f95064ad4b20c8c37cb28
global_step=215456 | return=-55.23 | steps=65 | track=83eb958dc0bfe44bed30413b03e8adc7
global_step=215536 | return=-19.39 | steps=183 | track=b6441e3b732b2c7e08f2c3c265efdb86
global_step=215760 | return=-128.63 | steps=131 | track=6747137fbe76b4270a8db6e9780d880b
global_step=215760 | return=-143.50 | steps=130 | track=40e7b6511941ffa4e08e569c74d63ba9
global_step=215872 | return=-153.73 | steps=131 | track=8455eec577699ad6230cafd75b6936f4
global_step=215984 | return=-139.34 | steps=131 | track=8c37c3ed87b26420e25f1dfb411befbd
global_step=216048 | return=-147.46 | steps=131 | track=3b9cf608d356df348786db4fd8b146e7
global_step=216128 | return=69.42 | steps=130 | track=65c55de8f77ffe1e1ae0ee943d99cbbf
global_step=216432 | return=-134.54 | steps=131 | track=2ee5fa1ace3194cf5b8bda4e51e1616f
global_step=216496 | return=-138.93 | steps=131 | track=373b2f5389588191ee86e77a336f98ef
global_step=216576 | return=-6.42 | steps=64 | track=a5af09695278a5a45bcbb7d09ce55a04
global_step=216720 | return=-56.81 | steps=59 | track=82dbe180d9cdf275ad2cc7284e1edbb0
global_step=216768 | return=-151.01 | steps=131 | track=25a15acfeb45e0aad3c2a20ad88f7b6e
global_step=216976 | return=-70.35 | steps=95 | track=11e2db504856f0f24d150820785fd376
global_step=217152 | return=-137.69 | steps=131 | track=a533f5dfa20e7be6da02989e5761d8fa
global_step=217184 | return=2.18 | steps=65 | track=2c416db492831a2f0750fd260d9721cd
global_step=217360 | return=-141.48 | steps=131 | track=b08d566bcfaaba985d985ee875131a7f
global_step=217376 | return=-142.42 | steps=130 | track=27339b8e1255cebe630c345029fdb7fb
global_step=217568 | return=-141.68 | steps=131 | track=eb94bfbca64d5be3f664c9c882812c35
global_step=217744 | return=-47.02 | steps=81 | track=7d765c6bc108612c617929b5a2067914
global_step=217872 | return=-136.86 | steps=131 | track=ba3c3976fdff766368ece088a1938fb2
global_step=217904 | return=63.75 | steps=267 | track=046bd8486c680bc0461892a72f577521
global_step=217984 | return=-150.46 | steps=131 | track=80d9483f20acb7a51ec0f6cf77fba864
global_step=218016 | return=-96.21 | steps=89 | track=c897821d0ad856a9c37bd61d7c471a9a
global_step=218080 | return=-135.52 | steps=130 | track=a4e576be1274418caf49482cfe8648e5
global_step=218160 | return=-141.48 | steps=131 | track=2d3e1814977915344a507ac0eebf9044
global_step=218208 | return=-27.33 | steps=89 | track=35f74f14ae69fa0b0bbaf444cb648746
global_step=218368 | return=-20.92 | steps=61 | track=39905d5e2d94dd9a44b9f056ade631e5
global_step=218560 | return=-63.67 | steps=50 | track=4d53b1b2a5639d0ba3809e6c5818aff1
global_step=218608 | return=-45.75 | steps=64 | track=ad2bfb8f6436cd295cb9973eaf7ccf1c
global_step=218784 | return=-113.21 | steps=101 | track=522f901d7f1e3b3a509c6757c210c59e
global_step=218800 | return=-145.62 | steps=129 | track=d5d3c2388c2260e2e6b1fdc4294627f7
global_step=219088 | return=-148.09 | steps=131 | track=0660f25eed796451048ba005678b8b8a
global_step=219296 | return=-146.53 | steps=131 | track=a29fce4ff3357eae72c71ecfde9cd402
global_step=219520 | return=-114.97 | steps=93 | track=f56bb11a4f29e56bf5c7e9e349b2ae36
global_step=219536 | return=-93.19 | steps=90 | track=ed3a06eb784e86f5861abb88138d9941
global_step=219600 | return=-144.61 | steps=193 | track=9328178c7ca259e53593fc2a38b5ee17
global_step=219616 | return=-116.72 | steps=108 | track=e394d95ac2fbdac8e252c1eef3c06546
global_step=219696 | return=-74.40 | steps=92 | track=6d01e4ed7626122a4eeb8f57bc826176
global_step=219968 | return=29.54 | steps=87 | track=75830dfb085e24742a32ed050481d76b
global_step=220016 | return=-155.77 | steps=131 | track=6446b6b262d243f176f651cc7a3f7327
global_step=220096 | return=-132.50 | steps=131 | track=660fa8014139bea55fcaf9df78174af8
global_step=220272 | return=-129.97 | steps=131 | track=5fc1e3ac0813726ea3c6827904222937
global_step=220480 | return=-158.01 | steps=131 | track=8cc9712d8c1cd94608840c915634c1cc
global_step=220576 | return=-73.95 | steps=59 | track=18da116a94054644a6c1cf0adbc3e302
global_step=220896 | return=-138.93 | steps=131 | track=58c4029ecfdac87ad3f2e82a53c491a3
global_step=220912 | return=-108.00 | steps=143 | track=f1b8af10ea0f5b5f351fd09bf42a67e3
global_step=220912 | return=-142.20 | steps=131 | track=c83f356acd443b6b185a2aaabb2f985e
global_step=221216 | return=-145.60 | steps=132 | track=50700ffbb41525d5d6d5bf2740069e71
global_step=221392 | return=-151.37 | steps=130 | track=c8cc643e9e087577d068cf8e6bf14e75
global_step=221440 | return=-195.98 | steps=254 | track=a58c13d1776bdc8999c6421a670b0695
global_step=221632 | return=-145.61 | steps=131 | track=45d2b3a688d21c15c1a9ca58fe8f2600
global_step=221648 | return=-131.20 | steps=131 | track=5108e2b0cd343074526a41adc8b597a3
global_step=221712 | return=-142.32 | steps=131 | track=6519d1638ec38fb2e0a8cf9973e7dc4b
global_step=221792 | return=-150.70 | steps=130 | track=484f60091cefaaaaeec88713d9bbe0b8
global_step=221904 | return=-22.67 | steps=61 | track=8b03402e8e5fb709848d5ea416f31c10
global_step=221904 | return=-8.09 | steps=82 | track=45a67c09eef70a6090b17dfb4e897c99
global_step=222080 | return=-135.16 | steps=131 | track=407053d03a4bd9b4a5d1acaa81bfcc35
global_step=222128 | return=-115.33 | steps=131 | track=2cc4adc0ae50da9ceb9233391eb022fe
global_step=222208 | return=-142.11 | steps=131 | track=2d290bd4431c09cad727752a9405540e
global_step=222448 | return=-64.87 | steps=62 | track=4423cd0116386df74d76d67f97788774
global_step=222448 | return=6.63 | steps=65 | track=ea0ffb49bf827ba42576c091d4b8630b
global_step=222592 | return=-140.88 | steps=131 | track=4765749e48faf368f845d93951648295
global_step=222768 | return=10.27 | steps=65 | track=0bc678aa2b3eebd85b21f045c562a84f
global_step=222960 | return=4.45 | steps=65 | track=afbb15cbc817262f363d547eecc1330b
global_step=223024 | return=-148.78 | steps=131 | track=c33cd0f7434b1c1bbf8eb3862ec2c3f8
global_step=223232 | return=-135.49 | steps=145 | track=af1d254cf16cf7811f86eab10b5fcae9
global_step=223312 | return=-173.58 | steps=189 | track=1336dcd3c79c6aa1fd9ddeef687fb2ac
global_step=223328 | return=-143.66 | steps=131 | track=6d4c687cc6bb0175c7c355e6dfe261d1
global_step=223456 | return=6.18 | steps=62 | track=81bf9c0cfbcd177f4ed4b1445bb368d4
global_step=223744 | return=-154.62 | steps=131 | track=13a957413d218f929c0ec008ad92fd75
global_step=223904 | return=-139.15 | steps=131 | track=0a2a2b685c787aecd11cce5879b1d394
global_step=224016 | return=-16.80 | steps=61 | track=469303018b5aa3dfdc950ed615cc9d20
global_step=224192 | return=-139.59 | steps=131 | track=35b48acf89b68ff92c0e6224ffa77197
global_step=224240 | return=-150.46 | steps=131 | track=df8c1ca6c7de02aa930a311fbcd28a29
global_step=224320 | return=-131.51 | steps=131 | track=93c2db830700925a881c1ad8530399a5
global_step=224336 | return=-13.18 | steps=63 | track=d06407fa8620288d9b9b0c2c164229e5
global_step=224336 | return=24.48 | steps=68 | track=e0a70ae313b39a102ab1f1716a24d2ec
global_step=224368 | return=-36.11 | steps=153 | track=9f7548baaf71b246539fa2236de39a51
global_step=224544 | return=-98.63 | steps=130 | track=2b92ddf9a8e9e7ac71c7c486ed484cd4
global_step=224688 | return=-162.48 | steps=130 | track=c33d2a9340ae6a0753c063e2dd55ee3d
global_step=224880 | return=-100.78 | steps=131 | track=dfc95509e668b486c87a5ae587fb856c
global_step=225056 | return=-5.50 | steps=64 | track=5ee804baaf19ce0eabcc631db20042b9
global_step=225072 | return=-140.51 | steps=131 | track=078df83e99d9147b0afe57e903700926
global_step=225120 | return=-57.35 | steps=48 | track=89bcf3cc50704073c157002ac04d53a0
global_step=225312 | return=29.72 | steps=66 | track=4f64bf9a745e87eec61412a55079d0a3
global_step=225408 | return=-104.78 | steps=129 | track=5f541bcfec560abf0877a13b3fd57a44
global_step=225568 | return=-141.66 | steps=131 | track=ff3e05f775fa6f4cfd2b7bd7107a3f4f
global_step=225680 | return=34.90 | steps=70 | track=a3a6dfff8868f860ad0f1783497ae451
global_step=226000 | return=-136.78 | steps=130 | track=ffc06c19916fb313ddb72152a536b9a6
global_step=226432 | return=-127.35 | steps=131 | track=11cbf26dfa19736e2a29e7a23af72d5a
global_step=226432 | return=-4.91 | steps=63 | track=9158d85085746590b443ec1b1c3a90d5
global_step=226448 | return=-153.22 | steps=131 | track=b9314e4f0374489053afc75e821ea7f4
global_step=226480 | return=-148.58 | steps=131 | track=321200a70098268dea15d5578c7f7197
global_step=226576 | return=-118.71 | steps=90 | track=54523210bbec5f975d97b178dfbd9e0f
global_step=226768 | return=-27.51 | steps=319 | track=afdfeebab38f83df5a76cfe2674f5ddb
global_step=226912 | return=-139.17 | steps=169 | track=ab121a033bf583ff3a948bc6d3cfd061
global_step=226992 | return=-140.97 | steps=131 | track=01d161970860f4a89618438454720980
global_step=227152 | return=-140.98 | steps=130 | track=dfe9cde7d1ca5a59832ca1e09be8c99a
global_step=227232 | return=-84.09 | steps=49 | track=a6a83783f1e3957d1cb87a20c7553411
global_step=227328 | return=-30.14 | steps=54 | track=02682968fe3455c4ff42691c080ccd97
global_step=227424 | return=-5.07 | steps=146 | track=70773acfd860dfc8d6a60a03e094c57b
global_step=227424 | return=-142.43 | steps=131 | track=0d2f13394a299cebc77030917c40e2a9
global_step=227664 | return=-137.71 | steps=130 | track=dfaf119de7437dd97501501dd40b6348
global_step=227760 | return=3.14 | steps=250 | track=5c69693e24a4f791ff149f79f1c745f3
global_step=227792 | return=-147.06 | steps=131 | track=08464ea2a4f9647ba05c1bc8a61488be
global_step=228160 | return=-151.83 | steps=216 | track=fd95c355c1a1f15cbcedbe204b2d3e8d
global_step=228208 | return=-40.12 | steps=60 | track=a827a40425e3c55cf29a440c1feb4b40
global_step=228448 | return=-64.88 | steps=152 | track=d734df546d016af362e6c898d4ce5be7
global_step=228576 | return=-166.13 | steps=133 | track=da80ea903d7c7f75b337bb7eecb6e4c0
global_step=228592 | return=-139.96 | steps=131 | track=344fbfa2a6af4678e5d065752c8362a4
global_step=228688 | return=-8.90 | steps=63 | track=a6efe9b6f9f5916a9b1adf6b76d24c30
global_step=228688 | return=-137.23 | steps=131 | track=825145552df694c5abd295625b254810
global_step=228880 | return=-146.80 | steps=131 | track=1fe3d10953ff0244475c53c44ee2249d
global_step=229088 | return=-29.77 | steps=82 | track=c0a397dcde7a884f786aa1bb264e12df
global_step=229264 | return=-141.07 | steps=131 | track=36cf63e7502f5e9cbdc5ce11ce90fa38
global_step=229376, SPS=58
global_step=229440 | return=-148.76 | steps=131 | track=b21f4381a14304ece10cd1fb81060a9d
global_step=229536 | return=-152.96 | steps=131 | track=4a222f63c6a04e946fabb682802043e5
global_step=229616 | return=-12.83 | steps=63 | track=1824d1d01b854cd9e5c67abaa395c38b
global_step=229792 | return=-30.49 | steps=174 | track=a9e8ddcc97f6245cfe598f4419ace632
global_step=229872 | return=-68.05 | steps=152 | track=a4053163e9e03da4fe83444831de435b
global_step=229904 | return=-117.48 | steps=131 | track=ce9282b985a56fa8eb4e3d73cf9ebc64
global_step=229936 | return=-77.39 | steps=41 | track=88cbf879b91f34a171ab7e9106e62b16
global_step=230208 | return=-111.34 | steps=101 | track=14a1e5d9dae928400302ada61aad4944
global_step=230272 | return=-152.80 | steps=131 | track=e65ff5d3fbd65bff65a6d1a6d97af00b
global_step=230320 | return=-148.58 | steps=131 | track=bde09db4126610b441a5a7ae07de837f
global_step=230464 | return=-121.74 | steps=110 | track=cf2edfb8a2c91764b4ef0409e9f274a7
global_step=230480 | return=-31.22 | steps=58 | track=52bb4d2670682f95ac3f1474add13392
global_step=230544 | return=-135.08 | steps=130 | track=5fd020d1cbd893310f6cc07fd2c3f900
global_step=230800 | return=-147.27 | steps=131 | track=94c729d70c12791b0c385d07900c1101
global_step=230992 | return=-148.94 | steps=131 | track=41c9cef71844127078ec7344462e549f
global_step=231072 | return=-28.76 | steps=70 | track=cc0f6a05bfd05f52775e545a12ee65ed
global_step=231200 | return=-128.08 | steps=131 | track=d86f22529873036c27dc4a54ec9ba564
global_step=231264 | return=-18.92 | steps=61 | track=8b40dde0116eb2ed0d91818a9753073b
global_step=231328 | return=21.62 | steps=69 | track=52348cd477b82555a218a2f09b076f53
global_step=231408 | return=-211.77 | steps=280 | track=adb351f3a7d9a4ef6ace19bc882c9de7
global_step=231536 | return=-152.90 | steps=130 | track=7addbef18ba5c26739f9f30cfed0e992
global_step=231728 | return=-143.81 | steps=131 | track=1079b73dcfa087a4633a6f3f7a7417b6
global_step=232000 | return=-140.65 | steps=130 | track=6934d5e6368a70aa443e2a207ce35fe1
global_step=232112 | return=-94.47 | steps=139 | track=c0aeecf80fcb4643fd26f09900370884
global_step=232128 | return=-8.21 | steps=65 | track=3ec55df685b6406a58403b4ea50b876a
global_step=232448 | return=12.17 | steps=165 | track=141df3ea410c14d93a0428c1f47189cf
global_step=232576 | return=-136.78 | steps=131 | track=76f2d31d18037c2d03f8b8e8dc067a22
global_step=232592 | return=-148.74 | steps=131 | track=1cdf5cefc800a8558b937d121959e743
global_step=232656 | return=-142.50 | steps=131 | track=70cf5f31a30c165164bb1e4375cd992f
global_step=232688 | return=-41.26 | steps=147 | track=d931e9fabadc3c873251797d9a5806b1
global_step=232896 | return=-144.51 | steps=130 | track=0fd4fabd6bf24058858803ef656ba31c
global_step=232896 | return=-116.47 | steps=97 | track=6883583bd90809c64b38d6ca803698d2
global_step=233008 | return=-118.06 | steps=108 | track=507a99ff3b2b2222a3919793d2f284fd
global_step=233104 | return=-143.49 | steps=131 | track=d2849a48914030f4a11d1a7aae84f04f
global_step=233312 | return=-149.31 | steps=131 | track=9743930f51d1fb0ac9996040a7f1f689
global_step=233552 | return=-101.64 | steps=96 | track=a240b50a9197f2833743a58fcc0772bc
global_step=233632 | return=-132.46 | steps=130 | track=af0712ce25e8d4df87cc8e3fe694428b
global_step=233728 | return=-86.89 | steps=144 | track=262f764d9a28db4372fdf816f3eec8ea
global_step=233824 | return=-141.89 | steps=130 | track=2f30c746836279e37a572325344c445b
global_step=234000 | return=26.08 | steps=68 | track=99084dcd1794c193c2591dfa5bb8bd2d
global_step=234112 | return=-91.98 | steps=94 | track=74411ee7aeb585cf81e783f3052b0c81
global_step=234128 | return=-15.09 | steps=63 | track=8f8477fe18363103240f256900d3ff66
global_step=234208 | return=-155.42 | steps=130 | track=b045b6f9dc3bfebf904dae59328079fa
global_step=234224 | return=-153.07 | steps=130 | track=0240aa160cea0970e31daa4aa7e972d1
global_step=234544 | return=-108.45 | steps=130 | track=db6d7306512522206341aa08c41092a2
global_step=234688 | return=-139.59 | steps=131 | track=c71c157125f6e46620c292231fbd5a3c
global_step=234768 | return=-139.30 | steps=131 | track=8e8f6c9eda05a548d95e8b97c824becd
global_step=234960 | return=-54.40 | steps=46 | track=acc4e2c02d08d2283665bc28af6cae06
global_step=234992 | return=-94.51 | steps=123 | track=2549544c9a25a2110a6e90efaa578d15
global_step=235104 | return=-9.87 | steps=61 | track=f13ca6042e5485477bb723dd3f8f6643
global_step=235264 | return=-26.22 | steps=64 | track=cdf09b6a983a2997f6aef0d9a890b2df
global_step=235312 | return=-99.68 | steps=104 | track=24aa79b3980dbbce2768c61823a14225
global_step=235456 | return=-142.35 | steps=172 | track=868a77e27503c80af5fa6f5c55a39af2
global_step=235632 | return=-77.54 | steps=170 | track=ec027e1b1d4de1331c870b5200c71cc8
global_step=235744 | return=68.71 | steps=136 | track=8bc6dae23b7a9bd11805b8e1b3708019
global_step=235840 | return=-151.52 | steps=131 | track=0c46abbe943dce5ff84c2a28f96cf2c5
global_step=235856 | return=-38.73 | steps=46 | track=61c5e5bffa88efc73ad160075b3860cd
global_step=235936 | return=-156.11 | steps=131 | track=e0ddb6e5e8c1ca279b774d2eaf3f617c
global_step=236000 | return=-24.02 | steps=62 | track=12d76d762c9419713e231760fabd2f7a
global_step=236112 | return=-140.67 | steps=131 | track=065f166274cbccce4d0eb70821c095a8
global_step=236128 | return=21.23 | steps=84 | track=1cdb7d2ace0d04f1fa38fced18f10cf0
global_step=236656 | return=-126.44 | steps=105 | track=ccec490f0ca0c7bee0bd38f9776cca48
global_step=236656 | return=-140.41 | steps=131 | track=7a6e070501b80b013def4c3493266d4b
global_step=237152 | return=59.11 | steps=71 | track=08a6b81e225e1e15bdcad7304dd25889
global_step=237184 | return=-159.98 | steps=155 | track=59c50848a225c3846224ac1987c927d1
global_step=237312 | return=-15.54 | steps=249 | track=3f18053ffea695a23ce4ab64c55269d8
global_step=237376 | return=-139.30 | steps=131 | track=d110b13ed5d2ae92e9c42b5c1e5b2a20
global_step=237424 | return=-154.01 | steps=205 | track=71c524c946f1480bc61504987ee629f6
global_step=237424 | return=-136.56 | steps=131 | track=9249dde78f48454a0c2073f1795be8a9
global_step=237568 | return=-141.09 | steps=131 | track=d2033c1494647107be31ac1198cad625
global_step=237888 | return=-72.77 | steps=45 | track=6732f6d5f64d698f270d52f2866d823b
global_step=237952 | return=-99.70 | steps=144 | track=386ec0fc788f25a3aa45028536d033fa
global_step=237952 | return=-139.70 | steps=131 | track=5054ab9069f8dfa415d22a7c3f4818ae
global_step=237968 | return=-140.85 | steps=131 | track=fe2b5a08e5780beaf0a8c2d9fda9da85
global_step=238032 | return=11.46 | steps=85 | track=32b9e845a256f01791ffddb6679ac497
global_step=238048 | return=-148.63 | steps=131 | track=c87439765a2a27245e31d900ba2ce8a5
global_step=238096 | return=-87.98 | steps=146 | track=0f97b9ee8671e71a21737ff5b7d063fe
global_step=238224 | return=-141.98 | steps=131 | track=516fe948b3bb88c9f82105a29766b78b
global_step=238240 | return=-145.19 | steps=131 | track=7eeae0c87bad7128c61797a080cfad7f
global_step=238432 | return=-18.98 | steps=62 | track=2814a3c03c5cd2df4bad80fdc8816073
global_step=238864 | return=-120.19 | steps=104 | track=fe3a46c2887bcf95b743a4bfcab6959d
global_step=238864 | return=-34.51 | steps=137 | track=eb422f73480533b54b7e968e7af30d98
global_step=238912 | return=-50.47 | steps=41 | track=385063534bf8639e003b13fc6eb20fb5
global_step=238912 | return=-6.93 | steps=63 | track=bab939caa0a1c9c25229463952a9977d
global_step=239024 | return=14.27 | steps=66 | track=99aee260b92d2b161d95ea6dde304b6c
global_step=239184 | return=-90.91 | steps=100 | track=45c3d268ce503fce339b041a8a175b66
global_step=239344 | return=16.24 | steps=85 | track=734966cbc0c47e728e932f2535179d48
global_step=239536 | return=-135.99 | steps=131 | track=d5e4f1e844ee39975479ceaabad1dbf1
global_step=239632 | return=-63.73 | steps=44 | track=b21174ccf2cad85f72c955f88229e5cb
global_step=239664 | return=-92.03 | steps=146 | track=3dfc10a7202abc682f48fcc4cd40a655
global_step=240096 | return=-76.98 | steps=124 | track=84043bc549c2cdee8210cd40d43686e9
global_step=240128 | return=-144.22 | steps=129 | track=33973b8a9a6539d3954611726ce5740e
global_step=240160 | return=-147.10 | steps=132 | track=79254d18670d999d60c6e3bd1870001f
global_step=240208 | return=0.83 | steps=63 | track=de68b5e654c379fe0af5e4549c72373d
global_step=240272 | return=-56.91 | steps=45 | track=d411ebb9c378ab408a55a0289a1c8208
global_step=240336 | return=-107.16 | steps=131 | track=be8c49304e4f10f81b5e3147fbf8c3ce
global_step=240400 | return=-12.76 | steps=95 | track=0a9ae6937a7d06f73ee131aefbef9388
global_step=240480 | return=-1.92 | steps=70 | track=a98212befc11e577d65ccd99e75d7349
global_step=240544 | return=-144.09 | steps=131 | track=e6b96c8ab80f36c83df5159e28e83081
global_step=240672 | return=-48.39 | steps=205 | track=39337670217fc961459af028d020aba7
global_step=240688 | return=-7.77 | steps=63 | track=be306328b938abbeb32474800acf5989
global_step=240736 | return=-114.60 | steps=173 | track=e6152c3c426fc89faf08659fd4774587
global_step=241136 | return=-140.01 | steps=131 | track=46a57580d257be16c1706268e5e1efd4
global_step=241152 | return=-14.50 | steps=63 | track=66298a5d663e507db2199b9a1998bedb
global_step=241264 | return=12.66 | steps=68 | track=ff02fb197662c63893311d55aa75c51f
global_step=241312 | return=-38.56 | steps=60 | track=5c732eeb64e0c87c2ebe1d06745b742f
global_step=241312 | return=-127.05 | steps=149 | track=d2a546a66794a30e8a772f42c9d8126d
global_step=241376 | return=-57.53 | steps=79 | track=223646e382b7d2e8da562cd36c33c2ff
global_step=241520 | return=18.38 | steps=69 | track=51a05b26e9f1580ae9a33b7bf3fdb7a8
global_step=241680 | return=29.72 | steps=74 | track=54764f7b039ae8a8ee40880a7dcdba4e
global_step=241744 | return=-135.59 | steps=131 | track=143760f8b819854ed94d4c68faa1f523
global_step=242240 | return=-29.49 | steps=60 | track=5c85291172ebfa61d84ef09266f743a2
global_step=242304 | return=-149.22 | steps=130 | track=d24ba9b52225e51ffb0378f3e22fbfba
global_step=242384 | return=-135.75 | steps=131 | track=f69a771879a099f1c3afa40bad51e56f
global_step=242512 | return=-35.60 | steps=61 | track=275372b48a31cb474f6d18cb89c99bf1
global_step=242576 | return=-88.84 | steps=126 | track=51a75da40379cbbd2ff89593ed3559da
global_step=242800 | return=-136.38 | steps=131 | track=c2f4c0681a86ccbea8fe4fca9dd851fd
global_step=242960 | return=-114.51 | steps=138 | track=13f0f005e825fd81dc3b39fa7afc5013
global_step=243232 | return=-19.09 | steps=61 | track=ea88d0957d9f05f0d977815fa833c306
global_step=243248 | return=-136.10 | steps=131 | track=d86712ec276e6d44195394537bb2edff
global_step=243264 | return=-133.83 | steps=131 | track=1aba3d5681330be08be686e04f1bbe14
global_step=243424 | return=-147.89 | steps=131 | track=6dd1b46e9e4ea771f74e622b1b7a6018
global_step=243472 | return=-140.98 | steps=130 | track=260a3e90e2ee258840a75b8102723e2f
global_step=243552 | return=-70.87 | steps=64 | track=de310cdcd686220a69426f4a61fa93cd
global_step=243696 | return=10.72 | steps=86 | track=22e11710f1b7add66489ea740ceba70d
global_step=243712 | return=-117.06 | steps=149 | track=2363e0650fba60d39812f1054ae79537
global_step=243712 | return=-91.48 | steps=126 | track=eb5a3c23774ac547abd31ae29b67ad21
global_step=243824 | return=-16.09 | steps=63 | track=e014398f31f9d161b759778198543e95
global_step=243856 | return=-123.30 | steps=131 | track=8e2957ce81099f5b13bba4ae72d83e07
global_step=244240 | return=-29.73 | steps=61 | track=79fbc2db5e011a5e4f8014f320cb8fcc
global_step=244400 | return=-63.44 | steps=43 | track=66d25d63822835efdda4b46f94f3982c
global_step=244400 | return=-106.05 | steps=89 | track=e3fb6bc8d8d18d1032bcf63e7ca568c6
global_step=244496 | return=-3.20 | steps=66 | track=3ca2710303f9d98bc3a3fb045258ffe5
global_step=244688 | return=-21.07 | steps=60 | track=181cc4ee7f62c9b1b84ddd730ffc9488
global_step=244688 | return=-96.75 | steps=143 | track=779f1798b76bd5b93cb66a81310982a7
global_step=244768 | return=-47.30 | steps=80 | track=e01cdf4dffe716f6aa7469b94d107edc
global_step=245296 | return=-219.04 | steps=401 | track=12f423509da3977a7ea6111abcb869a8
global_step=245328 | return=-48.65 | steps=51 | track=9614a18e6b0197ec76dd39be2708e919
global_step=245360 | return=28.04 | steps=69 | track=6205fdeac34e6e8f12206fa3af3dd909
global_step=245360 | return=-147.69 | steps=130 | track=f57acc092db0d7aa2c6b704fde21771e
global_step=245408 | return=-42.46 | steps=44 | track=9bbe24e7bab54f07ef26739a431a1298
global_step=245664 | return=-135.65 | steps=131 | track=7e04ac4efeeaab0512b95e9f3f31016e
global_step=245760, SPS=58
global_step=245808 | return=-111.38 | steps=130 | track=e158f161ad164798d87fd84bf8f62517
global_step=245920 | return=-149.22 | steps=130 | track=c6478f53519690b95f0a951db3783fcb
global_step=245936 | return=-71.64 | steps=77 | track=90b48fe98ba4aa04185561d90d6b0dde
global_step=245968 | return=-140.02 | steps=131 | track=0cb013b65f20e8df2ee106c4c3d21b32
global_step=246096 | return=-63.64 | steps=47 | track=6b19fe706ed5bee40d8fcb3d789f7e23
global_step=246384 | return=15.08 | steps=67 | track=ed58a1782564d0394a4fc4d21b883a46
global_step=246432 | return=-173.51 | steps=359 | track=7162929deb9e275018036750d0ec4639
global_step=246512 | return=-141.43 | steps=131 | track=d39b2e1b8c28500673e4d4b03a3f4ece
global_step=246560 | return=-98.76 | steps=248 | track=f1e411918b6612c73ff4f9b2c909e8fe
global_step=246672 | return=66.54 | steps=214 | track=c62a2b01a1ff2dae0bfeb378d889f8f8
global_step=246672 | return=48.39 | steps=81 | track=1b7060a079a50ade68e876edff650902
global_step=246752 | return=-47.14 | steps=146 | track=c2c205c6e6078baeb42a0ab27be3e274
global_step=246880 | return=-151.35 | steps=131 | track=632c0f2bab39c2eafcfb05c9ecd726e2
global_step=247360 | return=-8.59 | steps=52 | track=df1a84ce9c52768e6f9152f918160f9d
global_step=247472 | return=-139.30 | steps=131 | track=2630dbcc94a667ad8e3c83b4a6abc4cf
global_step=247504 | return=-133.14 | steps=130 | track=0f1e829b0dbcd04b17b25bbf219a503e
global_step=247536 | return=-19.58 | steps=60 | track=117109b5dfa708f6647fb6aa2c4fe836
global_step=247664 | return=-16.44 | steps=61 | track=86ed817b643db10f4d961c88cbd14457
global_step=247776 | return=-76.00 | steps=131 | track=ab4882a038506fe5d143b96274a49952
global_step=247920 | return=-147.81 | steps=131 | track=e125b4bef02465cd9c66c93f62112fb5
global_step=248032 | return=-146.10 | steps=131 | track=aaf6e645914a17f1afca533a1310ea04
global_step=248048 | return=-138.30 | steps=131 | track=701edf7751089ffbcdb776ab6c9ad1bf
global_step=248080 | return=-144.64 | steps=131 | track=8a9cbd0bd404b5a42f018f3407b709a9
global_step=248272 | return=-66.22 | steps=45 | track=16316aa87ffac263f5f419a5706b8488
global_step=248304 | return=6.37 | steps=96 | track=bf094f34cdc3e47bb7d995e849b77bf9
global_step=248496 | return=-139.51 | steps=131 | track=7b653ceb88353567c1f643ec233508d2
global_step=248528 | return=-89.78 | steps=102 | track=46f9eb5ea0e8dc4779907ac3ad5b7099
global_step=248528 | return=-145.40 | steps=151 | track=b5ccb27b8df1d7fc3a84737779fc63ca
global_step=248544 | return=-136.33 | steps=131 | track=440331bbba358b1b67f510c1a338c337
global_step=248768 | return=-144.59 | steps=130 | track=f6cf20a48d562329d5ac25bf3ba22b77
global_step=248848 | return=17.01 | steps=83 | track=2ed194f4d66a1efc2c30425c1d26671b
global_step=249024 | return=-63.65 | steps=46 | track=1d02ae1234b74037a661072aaf2ae5d0
global_step=249408 | return=-77.37 | steps=92 | track=d1bf0c51fcacf5ec01fd66980189686f
global_step=249472 | return=-144.80 | steps=131 | track=9c565aef8f913f70e5e398f1a0eb55fa
global_step=249584 | return=-141.78 | steps=131 | track=5631d6bd23e987bab7eac616ac1a3b27
global_step=249776 | return=-144.37 | steps=131 | track=6dded3585338ba15b1b46f82a7df7d49
global_step=249888 | return=-131.19 | steps=131 | track=9e202890609005c1d0fc89c684f7fda3
global_step=250144 | return=-148.59 | steps=131 | track=e2fc4a00060918351c879d168d9229e3
global_step=250416 | return=-139.03 | steps=131 | track=bf81e751a45d3a7e3b6d29023d2cc329
global_step=250448 | return=-19.23 | steps=64 | track=2faae5801191b47049a7b43d7302917d
global_step=250528 | return=-39.25 | steps=46 | track=7539cef14f6033806cee0825f835363b
global_step=250592 | return=-152.92 | steps=130 | track=6cff10be8bf87537ecb60c7684e9b95d
global_step=250640 | return=-149.59 | steps=130 | track=95e55aca17e43f8ffc7b466b78677910
global_step=250640 | return=-138.93 | steps=131 | track=00e5614209d8e999c2cc1a973455fd16
global_step=250640 | return=-146.50 | steps=131 | track=e84a29c82414678800a8ce8359865f3f
global_step=250864 | return=-194.53 | steps=175 | track=c45c98423ac1c9447b8949525ecdc051
global_step=250880 | return=-132.06 | steps=131 | track=7e99a2b1f3862fb559a32235cfaf9c01
global_step=250960 | return=-145.06 | steps=131 | track=79be1c96629747c5de571ff9ccd03e3b
global_step=251008 | return=-81.14 | steps=95 | track=80a99459a8d34f78931074d2c1476792
global_step=251056 | return=-103.41 | steps=91 | track=881ab100fb861b1238d055b44a598b17
global_step=251136 | return=-146.30 | steps=131 | track=88311f42f5244205772a70aacd556eb3
global_step=251696 | return=-50.00 | steps=42 | track=04f45c3a7c88564693c8bc6bc6dfa10e
global_step=252000 | return=-134.68 | steps=131 | track=ae695e8526ea36faf84a1f4e41736918
global_step=252016 | return=-43.46 | steps=116 | track=2f80e9659611234e2c9fc1233004c5ac
global_step=252208 | return=22.47 | steps=66 | track=11f33976713b5398da73f04f2289c19b
global_step=252528 | return=-141.24 | steps=131 | track=a200f520324799a2170492c82a1acb38
global_step=252544 | return=-132.38 | steps=130 | track=578c1a23df098bb0fa72a7ede4089671
global_step=252640 | return=-137.94 | steps=131 | track=c6e316ae5008ed6039c04dd929923222
global_step=252672 | return=-81.55 | steps=112 | track=f51471d70395261f1e34f6b83ae7b47d
global_step=252688 | return=-67.09 | steps=287 | track=5ecebda9fa6598a0e64f36ccf6185332
global_step=252736 | return=-141.53 | steps=130 | track=060313b679295d9659fe7b6f6e971fbc
global_step=252800 | return=-44.23 | steps=48 | track=11e2ea3aeeaa4ab2f0c9ce15b8513f7c
global_step=252992 | return=-143.76 | steps=131 | track=0b912666180c07364db5d4ea646c8995
global_step=253168 | return=-146.80 | steps=131 | track=b9df28f029ed035d188d89c0e8ab2abf
global_step=253696 | return=-88.35 | steps=59 | track=326f850a42a4e60e479dc7c62be2ace4
global_step=253808 | return=-142.31 | steps=131 | track=1c5e6ed12a5acdb09c80dbdfd833757c
global_step=254256 | return=14.81 | steps=228 | track=b5523e052599f56cc428c2b976932a27
global_step=254272 | return=77.92 | steps=226 | track=ebe0fcf7a221750243f2d740282ce9d9
global_step=254304 | return=-81.38 | steps=143 | track=353430adbc8ac5f46cc84a8497103195
global_step=254304 | return=-142.46 | steps=130 | track=79b8691a396cf9d7695030790dca4d96
global_step=254336 | return=-114.26 | steps=105 | track=bb47d1b69d6575bfb0524bd5291428ef
global_step=254368 | return=-68.39 | steps=212 | track=98c05391af8d8e23efe52cbbe6cc2ce3
global_step=254512 | return=-91.46 | steps=241 | track=d54de9fad6c07c648782058dff10f23a
global_step=254592 | return=-69.00 | steps=118 | track=4d25561c7209ae43c8e58fada5def2be
global_step=254640 | return=-150.17 | steps=131 | track=17d94bb80469471303a0476d62d96226
global_step=254656 | return=-138.80 | steps=131 | track=e3244a209e79d43d22d490c0463091f8
global_step=255040 | return=-90.62 | steps=147 | track=797274f3e0c9c8c5db7da469b9d10a2f
global_step=255120 | return=-111.49 | steps=88 | track=c4129ab6b5f656fb442c19b0093100ee
global_step=255264 | return=-154.60 | steps=130 | track=21886e808611cb075b61f30ad9318eb1
global_step=255360 | return=-11.49 | steps=65 | track=295539881224c08ca4e85fc4431806b4
global_step=255776 | return=-111.98 | steps=89 | track=6fcab2cdf18190c047b529d4eac6dc11
global_step=255920 | return=-122.37 | steps=131 | track=4cee488c7bba506a0b4240bb76708687
global_step=256128 | return=-175.14 | steps=195 | track=62bc25b4dca5db4516bc600595d92800
global_step=256240 | return=29.84 | steps=69 | track=4d583d37b9e536f3b0d4e1e3adc59002
global_step=256256 | return=-90.12 | steps=108 | track=dce93db5ac890e70b636fb2fa210e12a
global_step=256368 | return=-127.54 | steps=222 | track=1bb2bb8a2305e4fdaec61f7b5e9e2261
global_step=256384 | return=-152.18 | steps=131 | track=4737cc3471cac454ae0d6a42a0426a3c
global_step=256416 | return=-143.43 | steps=131 | track=4469e6720ef0404d89bad6d257b2d332
global_step=256480 | return=-91.63 | steps=131 | track=41a1afe7da8b6514662d8f14857a87c2
global_step=256704 | return=-145.76 | steps=131 | track=738f198883d8e8ffd95434513329d73b
global_step=256704 | return=-48.97 | steps=83 | track=c2ff03b7f1faf28294fbf3bf78c3b5a9
global_step=256752 | return=-145.20 | steps=130 | track=1f4c9ac584e69bbb8b375b0394b6c5d6
global_step=257088 | return=-54.97 | steps=152 | track=916f48b92c88ea8ce566c672c97b6a69
global_step=257328 | return=-66.62 | steps=58 | track=d4ec550b2a7924f57cbc82fb19dde6f4
global_step=257344 | return=-78.13 | steps=68 | track=81c4a1ad8268c3ab0f1d3f02169e56f6
global_step=257520 | return=-102.65 | steps=99 | track=64a9cd736636bc52a240a51a2d1ba251
global_step=257584 | return=-36.59 | steps=72 | track=c9b3ac7923f65f803bce8e7c4c3ae2f4
global_step=257744 | return=-202.43 | steps=217 | track=dccef0cbef8251532772d1548abcbd20
global_step=257888 | return=23.91 | steps=70 | track=3d94d557d00020e5d2c3547327f12aac
global_step=257888 | return=-149.13 | steps=131 | track=d1915c39d1df16e225cf52d78423d200
global_step=258064 | return=-161.06 | steps=188 | track=abc76af02aa3d5062f455b48cfab2579
global_step=258240 | return=-133.10 | steps=131 | track=2370d1dc599e78a9a1f452ddbca22dbc
global_step=258368 | return=-133.63 | steps=131 | track=cc806856e6b0c3813ea46f50b1c5a397
global_step=258416 | return=19.37 | steps=66 | track=af63673b824ead9efd700eb2814296f0
global_step=258608 | return=-147.83 | steps=132 | track=1374e566846977badcca2be515e3fba8
global_step=258816 | return=-113.01 | steps=131 | track=50caae4c619021fd66dcbce7506f5024
global_step=258816 | return=-142.58 | steps=131 | track=774eac6ef0f2dde3316597e27b080d16
global_step=258912 | return=-19.17 | steps=63 | track=4017e4c8cf3f10f8ee69f5d6d2ecee18
global_step=259024 | return=19.20 | steps=70 | track=6daedd2571bfef67fa50761054b4cbf8
global_step=259200 | return=-131.20 | steps=131 | track=0fde51caf4306657899f79a32f2d79e7
global_step=259312 | return=-69.33 | steps=111 | track=fc0012bfcaea5dc2674bbf0c79c6a91c
global_step=259568 | return=-165.45 | steps=268 | track=5db136be76c837f143ee8ecec82a7e72
global_step=259584 | return=-15.44 | steps=72 | track=c6e695e4039a917beea0b28f64fd87b5
global_step=259696 | return=-141.50 | steps=131 | track=6a5c9bf66edc55fe266db968ac08f5df
global_step=259760 | return=-86.23 | steps=151 | track=29080aa02c1625f35edf5689ce6dc489
global_step=259792 | return=-140.81 | steps=127 | track=a812dbd50cb7a504116445dc19ea2694
global_step=259856 | return=-0.73 | steps=64 | track=3cacdf55a0b60cec021902e0383531a6
global_step=260176 | return=-144.01 | steps=131 | track=15f5ba01d73044340ac0b44d36738c30
global_step=260272 | return=-119.69 | steps=243 | track=a5babfe0f31a1b8619124774be9da553
global_step=260448 | return=-102.19 | steps=88 | track=6d2766c405bf56b6f69a58afc35a8823
global_step=260464 | return=-140.89 | steps=130 | track=894fc2a8e65dd840172b703add2b718b
global_step=260560 | return=-64.27 | steps=53 | track=d867d9528b721f81a44f81b52b9724de
global_step=260608 | return=-33.77 | steps=52 | track=acba5dddae92404434c7882aeb1be041
global_step=260720 | return=-142.36 | steps=131 | track=4db95333f78c7cc2e759238b0296e54a
global_step=260864 | return=-134.14 | steps=121 | track=7f89f72f1c9ba0bc202ca3e1325608a8
global_step=260912 | return=-147.10 | steps=130 | track=b151c0fca081ddf54e1af1d232cb155f
global_step=261312 | return=-148.12 | steps=131 | track=af4fd1fbf47d681e217573c306678ea7
global_step=261424 | return=-145.72 | steps=131 | track=e1f7c28fe1a363fbe9ce7fc855b47189
global_step=261680 | return=-150.34 | steps=131 | track=7b32573dff0cadfff01fa06e3620a6a8
global_step=261696 | return=-134.49 | steps=131 | track=066d03df00da007e0cb620b93ec57b41
global_step=261744 | return=-65.22 | steps=97 | track=dddea13ac64ed6da01f4a0f816c9d219
global_step=261920 | return=-147.97 | steps=132 | track=83520e698554ccd386e86cc2e932da33
global_step=261968 | return=-136.50 | steps=131 | track=4a3a3ca354dd2629eed67d6458c03206
global_step=262016 | return=-102.13 | steps=96 | track=7247810af121005a7784e7d58dca46e1
global_step=262128 | return=-60.93 | steps=43 | track=bfdb64dd48014f2c9e4756621c32fffb
global_step=262144, SPS=57
global_step=262384 | return=-133.01 | steps=131 | track=170e313aa01b69fb26a15623a0e2462e
global_step=262656 | return=-144.74 | steps=130 | track=8fdce5bb74a493f1e1ca9c580acd39dd
global_step=262704 | return=-136.90 | steps=130 | track=b93f8496702ca71aa20efbba3338174a
global_step=262720 | return=-96.13 | steps=141 | track=f0f8b2ce3a26d6e0897d903ec02a1ab5
global_step=262784 | return=9.99 | steps=64 | track=83dccc89be3a89bc30ef9459d7e05c31
global_step=262816 | return=-147.12 | steps=130 | track=87ded2cd007b6b6ab141a0daddb6491c
global_step=262976 | return=-149.30 | steps=131 | track=26cf5fe6b7f0831ba977ea46db03931a
global_step=263008 | return=-153.90 | steps=130 | track=4bdbd13ab3b875746f31aae25d46b9fe
global_step=263248 | return=-280.13 | steps=312 | track=f63a1c1cd64bfa3cdae26db1b00677ed
global_step=263264 | return=-40.71 | steps=70 | track=c0212de648b537220f7fc0f1434e2a97
global_step=263472 | return=-57.49 | steps=47 | track=21c9b983bdbba657a0c241201f821dc4
global_step=263648 | return=-82.57 | steps=145 | track=f589dd9a02fddafdf580f1577035db3e
global_step=263760 | return=-10.59 | steps=64 | track=2a5b6bb747a7518d426cff6015ae6222
global_step=263792 | return=-138.52 | steps=131 | track=59abc8a9e87b7a41f9c8a4ae6ad663fe
global_step=263808 | return=-139.03 | steps=131 | track=2ca1a4a6576d9093000178b55feb8c40
global_step=263888 | return=-12.66 | steps=66 | track=b95e56fb6d02a34e30ee8670c4a97f45
global_step=264032 | return=-151.08 | steps=131 | track=d811db6e4cfe44f8d2fbdf31d13ecc1e
global_step=264064 | return=-146.62 | steps=130 | track=84afe72d1a124d153630b850c56b89fe
global_step=264128 | return=-148.23 | steps=131 | track=8208acd98699acf03674d5a914283c0b
global_step=264208 | return=-53.91 | steps=45 | track=fd7c3a688bdbef393b7f1943a611c9f0
global_step=264528 | return=-28.04 | steps=78 | track=ef57d7b61b55c4d2e46c213c232f98e7
global_step=264768 | return=-144.25 | steps=131 | track=ce46b1ddf651a35b3c751d28e735bb39
global_step=264768 | return=-127.97 | steps=109 | track=86c170a79c716d2e19092d8c82ae8286
global_step=264784 | return=-40.57 | steps=70 | track=9656eea925ff45d058e541ff42f02396
global_step=264896 | return=-61.67 | steps=47 | track=74a8ce32c64cccccd487b94bcd710bfa
global_step=264928 | return=-31.77 | steps=70 | track=d0c778d65f9f1a029943983a3a722949
global_step=265072 | return=-144.38 | steps=130 | track=f88115a60db8d94ee042a1e806e526c7
global_step=265120 | return=-61.64 | steps=145 | track=5c7f3c2f36e97b301b5523245e331485
global_step=265360 | return=-138.30 | steps=131 | track=e2fc07633201ba68819ab28e8896f2ee
global_step=265744 | return=-25.39 | steps=60 | track=2e9ce6c9bb43612b4a26bfbb680f00ef
global_step=265744 | return=-127.12 | steps=104 | track=cdfade497dea7cbcb3bd10a74484b467
global_step=265968 | return=-105.82 | steps=134 | track=6c85b2875eae4dba2b6bb8e5da5a3b4c
global_step=266144 | return=-145.31 | steps=131 | track=9d55637e6d7a84dbc56c95492accf9bf
global_step=266288 | return=19.58 | steps=72 | track=45bae2f752d53861f996bd30a250d16c
global_step=266416 | return=-147.14 | steps=165 | track=81fd9df6b9b8fb67c8f61a5dc02f8351
global_step=266544 | return=-114.91 | steps=100 | track=d0941dca77b4a49773e4e92208f9df3a
global_step=266672 | return=-14.38 | steps=133 | track=aef4a57b9b98cd6e96810e0b9420bfa6
global_step=266752 | return=-123.67 | steps=115 | track=0628c41b637d1c36d1b64e391a7d1911
global_step=266768 | return=150.69 | steps=159 | track=7a6ddc56649b7f20671f5c788f2c2a8f
global_step=266880 | return=-143.42 | steps=131 | track=f1bf643070be6b7d885652d58995e675
global_step=266896 | return=-144.37 | steps=131 | track=5ea4693d9349b5928498fd03d192b990
global_step=266992 | return=-162.67 | steps=193 | track=006101922d2ce260f57003c5e03b97a1
global_step=267072 | return=-94.43 | steps=82 | track=0c680ab9af7c0abf3f3bb337e58a53a4
global_step=267184 | return=19.18 | steps=64 | track=cfc80aea8832c8a8680c84f9167c4438
global_step=267184 | return=-145.00 | steps=131 | track=2e80f2e1de7014a298e00e5ccbd37aeb
global_step=267328 | return=-16.81 | steps=64 | track=4f2e9958618441b716e58d3c3d2db3be
global_step=267472 | return=-145.60 | steps=131 | track=a927e11193870b0944724420976c0c0b
global_step=267520 | return=-216.30 | steps=320 | track=d24f5690a58373f4d6427942f7b00052
global_step=267824 | return=9.66 | steps=66 | track=e76c75090fe82e65e53cd607bca4e9ef
global_step=267856 | return=-147.53 | steps=131 | track=b5e6103a57faff3903d9da803fd786cf
global_step=267936 | return=-67.82 | steps=64 | track=e9bb52d15b0f2677e741bd996ce7ae59
global_step=268032 | return=-26.31 | steps=71 | track=8d62cde216432fa5fea1b776afe2c610
global_step=268080 | return=-142.36 | steps=131 | track=bf37c0a0aaf1836a962c904b656a69cd
global_step=268208 | return=-115.71 | steps=103 | track=319dd8bbac95adfcf67990564c46917f
global_step=268528 | return=-139.78 | steps=131 | track=d634f7852e4bfb5bfa05723b3a8cb984
global_step=268768 | return=-33.15 | steps=56 | track=9c8381291c6b4d1719cda92734179ccc
global_step=268784 | return=-140.43 | steps=131 | track=05bddce9fec4a1efd943b79c0db75536
global_step=268944 | return=-114.80 | steps=109 | track=ba1de9b15b2c346e258c773af60fec6b
global_step=269104 | return=-136.56 | steps=131 | track=00730799f097c56a1ba507c21f0c581f
global_step=269168 | return=-149.28 | steps=130 | track=3612f449d76a3ff0d7338b0b53cbf049
global_step=269232 | return=-140.51 | steps=153 | track=34c2fe66d9ad9267543ac326bf78d91f
global_step=269440 | return=-139.10 | steps=131 | track=ea1df7c31b11829b51854d90aa40d4f9
global_step=269472 | return=-79.46 | steps=142 | track=8116db278e43c1c8331239905490982f
global_step=269520 | return=-93.58 | steps=92 | track=e5f0dd7ca99c4451253ed238039f44d5
global_step=269536 | return=-52.63 | steps=47 | track=17d91a267cd7ba27697c72a30b83ed24
global_step=269616 | return=14.88 | steps=67 | track=7e798dc2a9b4fce783ea104c8f667d4f
global_step=269632 | return=-146.76 | steps=131 | track=2f42f017ea42374e24d583e8968a127f
global_step=269824 | return=-90.73 | steps=117 | track=ef58d48e68e2dd8003f0d43bd221652e
global_step=270176 | return=-2.41 | steps=62 | track=d5269a882e18b92a09812ab0e4be7bd3
global_step=270192 | return=-133.23 | steps=131 | track=200ca180a06d5216d9404253809f2032
global_step=270256 | return=-144.93 | steps=151 | track=a019dad772086c85491e7dd0adc8a541
global_step=270304 | return=-10.69 | steps=48 | track=59d7ab7fff52e0e4bb9ce76ad6c80de1
global_step=270320 | return=-142.51 | steps=131 | track=924bfc46c1a479d33e7e2cd9913e0a33
global_step=270336 | return=-46.08 | steps=44 | track=6b6a3be5d969c71481ed13eae717d2d9
global_step=270384 | return=19.18 | steps=89 | track=06fbff462ac98328b64d6eef4f43d6ad
global_step=270880 | return=-34.06 | steps=65 | track=497d54bc237ab74461c09d4fdcdefc14
global_step=271152 | return=-66.99 | steps=47 | track=687a296dbc4a5e810b18208541eeed23
global_step=271296 | return=-11.92 | steps=64 | track=f1dbf829f71563ed2119a3fee41fd986
global_step=271344 | return=-116.81 | steps=131 | track=47790cca62ae3aa93fe1916c648f1e89
global_step=271392 | return=8.87 | steps=66 | track=ad72497e81425170fa97fd7d9b8e4898
global_step=271408 | return=-124.58 | steps=116 | track=50a0859bb94e9f8da938bb8fe469b5b1
global_step=271504 | return=-74.25 | steps=149 | track=9bdcab94ea472b283e23a1887c27d583
global_step=271552 | return=-112.98 | steps=131 | track=efeb3183034a565f1de853a6b7648068
global_step=271568 | return=-139.41 | steps=130 | track=ecd23f2b14cbaaa7a6611f8129ff6cd9
global_step=271616 | return=-83.25 | steps=258 | track=0123d298ede28ef5cc6ac305824e85c1
global_step=271616 | return=-111.54 | steps=176 | track=50fb739366ac44d5a57a01939402212c
global_step=272144 | return=-117.69 | steps=156 | track=01fe9f8783e208e94e4db5f564005d52
global_step=272272 | return=-148.82 | steps=130 | track=00e65043baf10afc9bad0a91ccc64dee
global_step=272272 | return=-68.86 | steps=44 | track=25b4e3c67c2f954edcf2d6c5c4307bfc
global_step=272304 | return=-148.31 | steps=131 | track=e674d1aebcfe3eebaaebd53ee9f4575f
global_step=272416 | return=-72.12 | steps=56 | track=ffe8cbd444bbc208cdfff9f8a9897b93
global_step=272416 | return=-146.94 | steps=131 | track=5aef49d40da1932f527aaf611c9fb0e3
global_step=272448 | return=-132.74 | steps=131 | track=a9614cf2e7c646b7d949fa70158956c9
global_step=272656 | return=-6.96 | steps=67 | track=0f52ea71c2475a4a127974cc29cc7862
global_step=272992 | return=-146.19 | steps=131 | track=62239be370f439ee819196bfc173c390
global_step=273152 | return=-33.33 | steps=108 | track=12f6a21fc317d3dc7123c0c10106e509
global_step=273248 | return=-148.43 | steps=130 | track=26c35677f350b20fef83a221f4d8d800
global_step=273392 | return=-148.00 | steps=130 | track=e11728f7bf7e450b6c044ec3d2bcd123
global_step=273456 | return=-148.91 | steps=131 | track=5dad579e71e454798ac552880bdc07fb
global_step=273488 | return=-142.16 | steps=130 | track=353319ddb10b84e4541b18cd923ad5e6
global_step=273728 | return=-149.70 | steps=131 | track=1a10be39077f947c45a5b3477d0905e4
global_step=273968 | return=-75.11 | steps=146 | track=b68b84d8127f2608d91f86c1c664b633
global_step=274224 | return=-62.25 | steps=47 | track=4740de495daa1a8c09b625f0e0d46117
global_step=274256 | return=-145.55 | steps=131 | track=482a18ae17e33eabb474c46f0a03a47a
global_step=274384 | return=-138.26 | steps=131 | track=3571edee30bbea90d3db7e1e672a87bc
global_step=274512 | return=-153.09 | steps=130 | track=bfae3e8aedaca80930c665a3892b19aa
global_step=274528 | return=-155.38 | steps=131 | track=2dfc26aae82997b96bee82d6258b6b10
global_step=274560 | return=-101.97 | steps=131 | track=a3530bdcec874b065fbf10b2c233a857
global_step=274640 | return=-93.10 | steps=145 | track=ecc8e525849a5192e1da345c58f5fa33
global_step=274784 | return=-152.43 | steps=132 | track=47f7603430b52a1b1eead7464cd345cc
global_step=275248 | return=-171.59 | steps=185 | track=6fd1fc30adb2dfb67c83d9633f7b5b93
global_step=275264 | return=-136.58 | steps=131 | track=0378e7d8706e56c46def6141bfa021b9
global_step=275312 | return=5.43 | steps=67 | track=c6c883b8dd6d5714c9653df7af4bf1d0
global_step=275328 | return=-65.81 | steps=47 | track=8e0260cc6928b5da5238f783750a5619
global_step=275360 | return=-149.35 | steps=131 | track=ec9618934fa90364dc64c1186e9846e3
global_step=275504 | return=-139.78 | steps=131 | track=417477fe09e8bca3fc58d26846ce894e
global_step=275600 | return=-141.48 | steps=131 | track=484715b5d6b65e7db27a7c817c8a874c
global_step=276144 | return=-9.43 | steps=135 | track=52430ccd15af38ff9b8930118edea1a6
global_step=276368 | return=-148.09 | steps=131 | track=b9b73bea155afea195126b1ea7275603
global_step=276496 | return=-150.01 | steps=131 | track=ddff9897b11f87b4dd777cda5726130a
global_step=276560 | return=-1.20 | steps=76 | track=977fc33bea6fe237a7aeca38c004f7c2
global_step=276624 | return=-144.20 | steps=131 | track=5aaff05789cf8f70f02e75418afb2fe9
global_step=276640 | return=-144.91 | steps=131 | track=60f390f1ba7970b0b618bb8a632d5e37
global_step=276752 | return=-138.26 | steps=131 | track=b921fb6a1819c53d31643bfe2f3cfc4a
global_step=277264 | return=124.63 | steps=220 | track=b69f1001e053ef1a767044bb3d577413
global_step=277280 | return=-38.66 | steps=40 | track=20814670460f7cc6766dc89021a6b623
global_step=277296 | return=-42.05 | steps=49 | track=5cd88f9de60c505a302c236edc15ad0d
global_step=277376 | return=-148.93 | steps=131 | track=2de8cb33c4e49be8e14b8d746fcc28f3
global_step=277408 | return=-134.08 | steps=130 | track=2bfa7dfeef7a70702fe4e717d2307c5f
global_step=277472 | return=-136.63 | steps=131 | track=3fa9518e7096c6d20b31895cb97c8b49
global_step=277616 | return=-154.84 | steps=131 | track=0708ed6e96488c6770e96bbb33aef7fc
global_step=277648 | return=-5.52 | steps=62 | track=8303fa715939dd30e666b4ddb5101a90
global_step=277696 | return=-137.14 | steps=130 | track=896833b9bd023e31b1abd1b8ff45163c
global_step=277696 | return=-182.19 | steps=181 | track=60c2a4e06ecce66c1794b1f48a1abdc8
global_step=277904 | return=-170.47 | steps=306 | track=e5e8b1c5f599be0e5f2f5866fb5d2f05
global_step=277904 | return=-67.78 | steps=165 | track=edaa90ae02f5333f37115a391076c874
global_step=278256 | return=-140.97 | steps=131 | track=5ce7174fa320ffd4862840dbc23895e5
global_step=278448 | return=-36.70 | steps=64 | track=9f6cdf4e8dd7aefca2398fe1a0ecbf03
global_step=278464 | return=-137.14 | steps=130 | track=ec33790ba9b2a409b447505d3f673e9e
global_step=278528, SPS=56
global_step=278672 | return=57.73 | steps=86 | track=1fc6526e2f8c1c0a2caab649c8c0762a
global_step=278672 | return=-144.60 | steps=131 | track=895298fa075b54855fa00272ca48e152
global_step=278752 | return=-97.64 | steps=124 | track=34ca11f0a053f9589c41fd074c92be6c
global_step=279200 | return=-71.72 | steps=93 | track=25f925f4652fc349a9237ad584194a92
global_step=279376 | return=-139.37 | steps=131 | track=eee0b5df88dc6932abd7ead9b8c4f352
global_step=279408 | return=-143.66 | steps=131 | track=161507874f35da276099930045db206f
global_step=279584 | return=-144.99 | steps=131 | track=73e84748d76784b0fd434a5b95a9a5bb
global_step=279712 | return=-100.11 | steps=130 | track=258a8b762b25843fe251778eef772616
global_step=279760 | return=-142.67 | steps=131 | track=4cec123c62f7395ed7bd7494be29cc0b
global_step=279856 | return=7.11 | steps=73 | track=d0e0931f6a21882ee34bd801b2375689
global_step=279984 | return=-101.66 | steps=129 | track=fb817f8f30f95cf6cb939921746e75e5
global_step=280000 | return=-143.94 | steps=130 | track=48303db18400670717a35c6b4036e31c
global_step=280112 | return=-20.64 | steps=45 | track=0e70eebd39501973c235b2b24860178f
global_step=280176 | return=-91.86 | steps=93 | track=da8eaad7ec8e325f077f5abed87d09d0
global_step=280368 | return=-139.34 | steps=131 | track=eb3b5e5f62973cadf7ea230b730021a6
global_step=280560 | return=-138.73 | steps=131 | track=8ed619ce04480e507b0e99ecc0254eff
global_step=280576 | return=-130.36 | steps=131 | track=456aa83e232cd097b11cd7f5f569c3d9
global_step=280752 | return=15.37 | steps=64 | track=5179b91d32be0f0f539aaf6e238ca7e8
global_step=280880 | return=-64.60 | steps=54 | track=28c2e6c8f38eaef7dc2f7215160abcdc
global_step=280976 | return=-107.48 | steps=97 | track=fabd209682a4a31a734399e7e6b825e7
global_step=281200 | return=-89.96 | steps=89 | track=5817991c8d331a3a0f25fbeb98dff15e
global_step=281248 | return=-172.51 | steps=221 | track=5c19d8ca0d2e681cdee7d5c9e770dc6d
global_step=281296 | return=-104.23 | steps=89 | track=aa8b2346ccea36745ab3ae3abce74210
global_step=281312 | return=-145.77 | steps=131 | track=578f34985b662e5c833e8abd833d0cff
global_step=281376 | return=-13.11 | steps=49 | track=1aa95acf7a5d234db3beebe21d18ce80
global_step=281488 | return=-60.33 | steps=81 | track=f8e8bb18462a9ccdcc3593f6d60c6965
global_step=281584 | return=-9.15 | steps=75 | track=388de57ea633b0fa7b8fe690bd8a70a4
global_step=281600 | return=-50.98 | steps=263 | track=22e152a125ac678b234eb86e0b73a0f5
global_step=281696 | return=-137.01 | steps=131 | track=7172cfa28cfd9f4cea03f5612ace1980
global_step=282224 | return=-134.18 | steps=131 | track=71801087d7b12a95611b075ecbe51b66
global_step=282304 | return=-97.03 | steps=144 | track=b6a4b0fe96be43a94021a7ba58ca6b91
global_step=282368 | return=9.67 | steps=65 | track=7ebf883f34f5bd3e7d12580d8c3906a4
global_step=282464 | return=20.67 | steps=67 | track=ae0ec50a8a3aedf64b16ba2a57745f03
global_step=282576 | return=-41.13 | steps=61 | track=a5c16978faaab3c2592386526f3f9a0c
global_step=282672 | return=-141.07 | steps=131 | track=f63c996b76a036e7f3b411b5c4c28549
global_step=282848 | return=-142.58 | steps=130 | track=420cf1916fff3959f31d939a017dac52
global_step=282992 | return=-141.88 | steps=131 | track=9d3404d96ee35c8940bb0f42a3342980
global_step=283104 | return=-146.07 | steps=132 | track=e00bbb8e8ee7a81abdf028c64abbb18f
global_step=283344 | return=-151.20 | steps=130 | track=dcf64dbe1be94e0ef8bafadde22e31c5
global_step=283408 | return=-131.76 | steps=131 | track=4a8b962b032accaad3a10f109af9a979
global_step=283600 | return=-131.00 | steps=131 | track=f9cbef373ba6bf78b3bf984d8f098ce1
global_step=283712 | return=-141.88 | steps=131 | track=61e7a90c4042df81e112ea639ddd9879
global_step=284096 | return=-71.70 | steps=46 | track=ce075bf0d79464d69535bdf5736933e8
global_step=284096 | return=-107.43 | steps=180 | track=58bcc8e077d451d7aef6c2a364ec6873
global_step=284112 | return=-112.35 | steps=95 | track=8dfad81650646b6e0c2d44fc38e895ba
global_step=284160 | return=-47.24 | steps=153 | track=e7b3bdb06da479714d88d45121bc98b3
global_step=284320 | return=-145.46 | steps=130 | track=6a6a2e39d2d4261e003b9b24f4dfb1f0
global_step=284416 | return=-141.00 | steps=131 | track=697d9ab1b2404768ba2f4ed78122bfca
global_step=284464 | return=11.69 | steps=65 | track=e388787e4e324a38048df818fa060dee
global_step=284480 | return=-135.43 | steps=131 | track=3a75a258d813179739d2fff4df0fc802
global_step=284576 | return=-132.49 | steps=131 | track=37f8dba49fbd214d6a8477495f834fed
global_step=284704 | return=-91.49 | steps=106 | track=357f5fa512bbc8f52cb6156720f3a564
global_step=284784 | return=-137.55 | steps=131 | track=016faccd56ff19350453e1a7e1eb2eac
global_step=284960 | return=-151.43 | steps=131 | track=12546f35dfef0e744d6c8c829ceebfff
global_step=285104 | return=-75.97 | steps=396 | track=3fb5bc75b1b4e7fccaec06316b376e15
global_step=285136 | return=1.93 | steps=63 | track=b67b23124a8e33884806058d092ef7d5
global_step=285216 | return=-127.20 | steps=131 | track=ef7489605dea1e4a8d0d64584eeea831
global_step=285712 | return=-145.77 | steps=131 | track=ffd6eac2053d1195df17aae906be6f3a
global_step=285728 | return=7.63 | steps=81 | track=50c12c3778e5e2ecfffb2ce4e4a90a66
global_step=285760 | return=-33.46 | steps=73 | track=847c9803f0bc4b0c3e5a3882b10549f3
global_step=285824 | return=-144.60 | steps=131 | track=d89891567966c741295b1078b3b8fa21
global_step=286192 | return=-11.54 | steps=65 | track=c8587ca48d02461fa3b9f130832d6cd6
global_step=286208 | return=-145.28 | steps=131 | track=7cec50b8b14ef693c638a286f04c2944
global_step=286272 | return=-156.80 | steps=131 | track=947f1a030be8e6a7a1e44c1bdd846490
global_step=286432 | return=-140.88 | steps=131 | track=a2ba3dcd0709901ebd37d615316ed64a
global_step=286560 | return=-75.02 | steps=153 | track=12a8e5d8e8a0a084272ae77bd4616d2d
global_step=286576 | return=-146.89 | steps=131 | track=2c85255f2a3c5f9a83a00e81978a7a81
global_step=286576 | return=-151.68 | steps=130 | track=eebde699e8fce15055e9d3963fa5cb39
global_step=286896 | return=-141.94 | steps=131 | track=11e46be2167171b369a7dd2838870f45
global_step=286992 | return=22.79 | steps=72 | track=21ba7bfba8384ba3cb90e9661e8fccc3
global_step=287104 | return=-161.10 | steps=133 | track=7b4fb7c631928916f43e919bcc942fe1
global_step=287216 | return=-140.02 | steps=131 | track=c1fbdafa0219d6230c504da5a05bffda
global_step=287328 | return=-117.13 | steps=163 | track=1caa4e708ff4b287acc38575c7c5370f
global_step=287344 | return=6.23 | steps=70 | track=8c0684ec6d1078610e6d3763bdb89e50
global_step=287344 | return=-141.69 | steps=132 | track=2fd5e44691cc8d84526743fac80e1f8b
global_step=287712 | return=-108.51 | steps=89 | track=74635d806824eca922e3656c3bf69e94
global_step=287824 | return=-149.59 | steps=131 | track=f6ece0919cc517596eb22565eed530bd
global_step=288288 | return=-135.09 | steps=130 | track=41f9318623a367e9b9a6578b549842ee
global_step=288400 | return=-67.84 | steps=93 | track=a2252bf0497dc6c6647b1ed4361667a2
global_step=288544 | return=-159.91 | steps=131 | track=ddf3741cf4eb57b9020045fc5e03566c
global_step=288672 | return=-136.58 | steps=131 | track=fcb079fd206850a698d656d4f65b18a5
global_step=288688 | return=-128.00 | steps=131 | track=3162fad0e99ea92e7c29b3baef619033
global_step=288688 | return=-151.17 | steps=131 | track=dfc70a0a554ae566ecf57813bb469653
global_step=288688 | return=26.22 | steps=84 | track=8ae09ba2e8c7e4583e5f354fa8578ecc
global_step=289104 | return=-140.50 | steps=131 | track=6eb844e1f5632b7c63aee81a43751694
global_step=289168 | return=-29.33 | steps=214 | track=8506f75ad62ac12422126b00c2b71b90
global_step=289328 | return=-139.50 | steps=131 | track=ce4d1d536a6a03ef62abb900ae39cc9b
global_step=289328 | return=-156.98 | steps=222 | track=842ad4acbf44824eb12fc6c465e3b422
global_step=289424 | return=-70.10 | steps=144 | track=0eae164e339218997eb2117507ebf6eb
global_step=289440 | return=-143.94 | steps=130 | track=c18a76eb324da7e54e306dcd5e22e102
global_step=289456 | return=-118.33 | steps=108 | track=b5b344fe466adcf98f1ad8ed95acb2b1
global_step=289456 | return=-145.90 | steps=131 | track=15cae0efca8705368c2c8b231cbe3f4c
global_step=289632 | return=-43.15 | steps=58 | track=fdac3fd7429241f94428bb3bcd4edd7d
global_step=290192 | return=-40.84 | steps=46 | track=e3542655ff23e653303647304a585d17
global_step=290208 | return=-5.26 | steps=64 | track=2692015b5d52dea9d98c4cc847d4cf3a
global_step=290288 | return=-108.10 | steps=100 | track=7cd11333e27a0989915f1e15bddbb7c7
global_step=290320 | return=-80.20 | steps=53 | track=64b39ba102ea9e7b73b3d5a9406dae4f
global_step=290512 | return=-153.11 | steps=131 | track=e7ea815194a4e4eb304ad768aa849c9d
global_step=290512 | return=-64.63 | steps=122 | track=75c4cbda52959d59df5657e30bae7b77
global_step=290576 | return=-60.86 | steps=71 | track=f7a2686209d87b044979e5563688d2ca
global_step=290672 | return=-97.86 | steps=148 | track=19542952fcfa34a183c9283a74689873
global_step=290800 | return=-156.71 | steps=131 | track=d0b91dc52b3734a2f8540cd5bc389dd4
global_step=290800 | return=-145.18 | steps=131 | track=227ffb2af06b7ea224e8e2485bfee4b1
global_step=291184 | return=-15.47 | steps=61 | track=46c3372a47bc576a0fb807f7e516845f
global_step=291216 | return=-134.17 | steps=131 | track=718aed14abafa3f59e68cb60af00fee7
global_step=291440 | return=-141.94 | steps=131 | track=4448a5e1c4583618a13477c62fe32cf5
global_step=291488 | return=-46.51 | steps=42 | track=49eaea10b96adbf87baaed2c08588320
global_step=291584 | return=-132.46 | steps=121 | track=bc83ba935e13519cfc1b30dbd1707ed8
global_step=291792 | return=-80.76 | steps=145 | track=51ae2469a046841c4f41a7c5888fbe44
global_step=291872 | return=-104.79 | steps=252 | track=6c6139220c16653aaeeb6edb727781dc
global_step=292320 | return=-139.51 | steps=131 | track=22800c98931b137f79202a31cceb7898
global_step=292400 | return=-147.46 | steps=131 | track=e1239a986aa4220a61d8c888d26e7d18
global_step=292432 | return=-143.81 | steps=131 | track=11c36bc03c02e2081f58164bd95ed3ab
global_step=292608 | return=-139.94 | steps=130 | track=aab52bc1c57eb89376627bf6223fdda9
global_step=292688 | return=-142.15 | steps=131 | track=9ab3e3a1352985f9b42d575a821af7cb
global_step=292784 | return=-150.00 | steps=131 | track=32767bd7f0f8023a5c7f341868abb8c3
global_step=292912 | return=-143.41 | steps=131 | track=65abf4461b2d92e36d6d282860149ea3
global_step=292960 | return=-89.51 | steps=91 | track=f91c83d14a12dda0587ab559bb5577d0
global_step=293296 | return=-138.33 | steps=131 | track=a95dd400aa3a00abd28d9ad13b0167be
global_step=293328 | return=-125.69 | steps=131 | track=5e7006dfb8c2f4887136fba531c27c16
global_step=293344 | return=-89.07 | steps=250 | track=32aa68a2ee7bf49f9e8bdcfa5b43d5c1
global_step=293456 | return=-48.62 | steps=47 | track=684941b9c5ff600bc6f455a398c898bf
global_step=293552 | return=-133.71 | steps=131 | track=0d011d281ff60c2c9a0cc344ac2ce17f
global_step=293584 | return=-3.67 | steps=78 | track=9d30abd580beab3c0b7acef4af465757
global_step=293696 | return=-134.70 | steps=131 | track=b413c9f9ebe9470461109049baff6557
global_step=293760 | return=21.22 | steps=84 | track=f26300fd1ba56fe257aabb94a3b8a44c
global_step=293904 | return=-143.43 | steps=131 | track=44963df04f5d5128df0cd86811a7e7c3
global_step=293984 | return=-154.05 | steps=131 | track=362ac30b78f8669f9127ccc42ca67a65
global_step=294048 | return=-113.58 | steps=89 | track=2de3f8cc39bb0f8ec92531df8a63583c
global_step=294432 | return=-97.36 | steps=124 | track=4f371c28323513d281f52ceda762744f
global_step=294896 | return=-135.90 | steps=131 | track=7ebc45a9c02c75ddef8199b2044534d1
global_step=294912, SPS=56
global_step=294976 | return=-11.98 | steps=79 | track=ce71677f84438bed6717c0dc127748b5
global_step=295072 | return=-148.93 | steps=131 | track=6bb6273ddfea08614051f07eaff69651
global_step=295232 | return=23.57 | steps=77 | track=3dfc605e8abb1931b912670267c8ed89
global_step=295392 | return=-141.17 | steps=130 | track=807170687b1237a813b5fb9873230ec5
global_step=295440 | return=-146.96 | steps=130 | track=747b444b878691a9b37e9d0711963654
global_step=295568 | return=-145.24 | steps=131 | track=8cfe06b9e63bd74732bf4502af61f424
global_step=295664 | return=-131.44 | steps=171 | track=61e7cd0fc1793b8e4f3aaf3a917f7bb8
global_step=295664 | return=-165.21 | steps=131 | track=d09fe6641414adb1f18384eb5347de86
global_step=295696 | return=-134.68 | steps=131 | track=392b7b84610e684fce51c8cc40518dbd
global_step=296016 | return=6.86 | steps=64 | track=c78ee4b9c56874b0d1f4fdf878f75dbd
global_step=296112 | return=-98.11 | steps=146 | track=bc06e37464c6c8f6ab9c0ca7196e0e7b
global_step=296160 | return=-144.83 | steps=131 | track=2db23732b52defb6847170abca9307b1
global_step=296208 | return=-84.32 | steps=143 | track=fab3281ed01434055ea3a1dc9ea5dcde
global_step=296544 | return=-160.85 | steps=131 | track=a64ffaf80dbefd9a594a2da372c87112
global_step=296592 | return=-4.22 | steps=84 | track=4a97f8e17cd0723eaad273ef1d13c60f
global_step=296672 | return=4.24 | steps=68 | track=f6e5ea39f9ca6203d6bb8bf75c4d4bfa
global_step=296768 | return=15.53 | steps=66 | track=3138a8a4383f0c08e6f37f4e08c877bc
global_step=296816 | return=-136.90 | steps=393 | track=c57fb98e19d5bc1d797c86e5fa6777f1
global_step=296992 | return=-142.12 | steps=130 | track=ea53872e51532a70bd7c37318a642f8f
global_step=297264 | return=-70.08 | steps=71 | track=71c36e5ece1f87c1841581e166f7c2bb
global_step=297504 | return=-149.35 | steps=131 | track=c7a95aea4e62e83171a26800b302ae8e
global_step=297520 | return=20.65 | steps=152 | track=16e9cfac33a1fe4a542720f1fc4c2f5f
global_step=297552 | return=-145.31 | steps=131 | track=d6ddc40065fd55a21965040dec5bb022
global_step=297616 | return=-28.86 | steps=267 | track=3ac1b0e60831a85776bbe67a122bcf5b
global_step=297776 | return=-149.67 | steps=131 | track=8f0b9f0633d0db1f9060194915da6768
global_step=298000 | return=-141.94 | steps=145 | track=733331030138eb12753bc6e80f83e5eb
global_step=298128 | return=-137.41 | steps=131 | track=1cc0e1c30cbc9430bae33c227c711e8e
global_step=298224 | return=-54.66 | steps=43 | track=c64e4816cd391cf8b6bd3aad72feaeca
global_step=298240 | return=-49.09 | steps=45 | track=e5b0fa34be50e6ccf7a7a1e2f684f979
global_step=298368 | return=-3.87 | steps=68 | track=6778532e6fdf9938beb7617f8930e858
global_step=298384 | return=-108.99 | steps=135 | track=1bdb7c286073ed5e38daa9fc8d405c97
global_step=298640 | return=-140.88 | steps=130 | track=9c910258a0b75bacacc89949a7977d6f
global_step=298704 | return=-149.93 | steps=131 | track=5b09f0c6357f7dff0a29d355f356cd5d
global_step=298752 | return=-49.24 | steps=46 | track=de9beca0a8e53f28a379e5718a3ffd66
global_step=298768 | return=-138.62 | steps=130 | track=dc89f5149e72c82f13251d80d682f6f4
global_step=298880 | return=-160.29 | steps=131 | track=b5dd2d57b05c9babbbb84a99c3ecd4e1
global_step=298928 | return=-155.11 | steps=131 | track=d05a6aac37e417882e6128ac2ffc03a2
global_step=299232 | return=-129.20 | steps=191 | track=284dd8c957bd6cce83541515fb2890d2
global_step=299424 | return=-134.54 | steps=151 | track=d9e6bb3441d92e801a6c6db22d76cbc7
global_step=299584 | return=-65.55 | steps=50 | track=28f2c5405cd89dd98bd0650cd0640a1f
global_step=299648 | return=-123.33 | steps=130 | track=0e962ecb9fd81d7109d88157cc8127ef
global_step=299728 | return=-149.57 | steps=131 | track=4184320cb434f8257cd08144d2ff4b69
global_step=299888 | return=-128.25 | steps=131 | track=bfe05f93464c1800c56461c700ccc959
global_step=300240 | return=-161.06 | steps=131 | track=8a54d81eda60a54e035345de2418927b
global_step=300352 | return=-138.73 | steps=131 | track=821bd52fa5830f42b3272e124b998496
global_step=300480 | return=-132.62 | steps=131 | track=a2c7b836e134249204888f486c2bb34f
global_step=300496 | return=-151.05 | steps=131 | track=334507a3c5b7dfef03808252c4827e34
global_step=300752 | return=-143.66 | steps=131 | track=4a5f92ef93db0a46fb053c00936d00d6
global_step=300816 | return=-142.99 | steps=131 | track=f52bd017305261194a3d4ade43d5a8c6
global_step=300848 | return=17.66 | steps=69 | track=7ac828b22fccc5a297c1252f47792ec5
global_step=300864 | return=-130.49 | steps=131 | track=c7997cd25d012c2002ae15da3ee857c5
global_step=301040 | return=-127.74 | steps=131 | track=5b82e1fe5f08ff3febc3db612ffd984f
global_step=301120 | return=-118.39 | steps=95 | track=e2b89c6543f1287f8620431a88a699ee
global_step=301280 | return=-84.84 | steps=149 | track=9b8913a3d21018ca8acacf28f3d360b0
global_step=301328 | return=-142.42 | steps=130 | track=aeb5329686dbd4bcd7312540a8e39e2d
global_step=301392 | return=-35.94 | steps=93 | track=5604cac6d5cab138084654f185a4942e
global_step=301488 | return=-45.23 | steps=41 | track=51c14088e1b8878e62047252a0ffccbd
global_step=301600 | return=-30.58 | steps=68 | track=052b7af4bb5c2a1718ef24a23098f716
global_step=301760 | return=-133.25 | steps=131 | track=bd97c3b703bfc52333fbf8a11a1986d1
global_step=301904 | return=-117.51 | steps=88 | track=2d79181459f8e3371fed2c3ffd6602cf
global_step=302016 | return=13.16 | steps=161 | track=a80a67bec2703262d86d1a493fe17306
global_step=302048 | return=6.18 | steps=74 | track=b74eceafc4308a402e567829ab780123
global_step=302448 | return=-148.66 | steps=130 | track=b026d68d8d74ee5d79c53c85f757124e
global_step=302480 | return=-139.56 | steps=265 | track=42521494b27d40fce6e81acfa8efd912
global_step=302544 | return=-67.47 | steps=111 | track=b94875d0c539422c19a62794390bf611
global_step=302976 | return=-140.27 | steps=131 | track=9236e1b6051a598d64decd89421dc510
global_step=303040 | return=-90.45 | steps=119 | track=ac4df11bc233e4ae50c96425ca4b0693
global_step=303088 | return=-25.06 | steps=66 | track=e06f73acc9b582d0e739d7d98c627449
global_step=303152 | return=-144.01 | steps=131 | track=8840fd49c4712b9e8d81f8329cc746ab
global_step=303440 | return=-142.13 | steps=131 | track=f533dedcd4193cd2d5fc8b254aaf176b
global_step=303488 | return=-107.26 | steps=89 | track=ad3867a2a594d31cae4f571307dc57bf
global_step=303536 | return=-20.72 | steps=61 | track=ecf89ae2dd3ace12549c0d1f5033c744
global_step=303600 | return=-126.30 | steps=131 | track=dea8e140b6195bda5be5f416209d9ca6
global_step=303712 | return=-150.70 | steps=131 | track=7fffdc1e0227cb378d51b118bd59300c
global_step=303712 | return=-27.73 | steps=45 | track=5fea3dcdcffcbb7abaf3c636325d34d7
global_step=303744 | return=-8.90 | steps=80 | track=9f22f2929bd30aa528bc46d6d88689f2
global_step=303856 | return=-138.95 | steps=130 | track=d78ff9d34add907aec041f962887a60f
global_step=303920 | return=-58.24 | steps=47 | track=83b6a5f7f2bd5af9a12941f1e711b2a7
global_step=303952 | return=-96.00 | steps=231 | track=9be105f3decb5d60a3559d165e6c9049
global_step=304000 | return=-139.18 | steps=130 | track=09e175249b200da395a1c6cd3f7b23a4
global_step=304160 | return=-65.40 | steps=44 | track=4373fc70db749a58aa2ecea84e98506b
global_step=304160 | return=-56.27 | steps=41 | track=a4f18ed5001cbb306d9f39013a63315d
global_step=304192 | return=-166.68 | steps=174 | track=341493944ee15b37e186de7448a4370a
global_step=304272 | return=-46.30 | steps=186 | track=2e1088bc3d9595bc9189da3cce1c5ff4
global_step=304576 | return=-28.47 | steps=60 | track=3c80f356a9380329502f8de25506055b
global_step=304624 | return=3.07 | steps=67 | track=14944ef136815b16954bb202be9ae756
global_step=304656 | return=-66.81 | steps=45 | track=85b42fdc5685ce8afa699654cd188d6d
global_step=304848 | return=-90.28 | steps=61 | track=014f651b74719114b0113e993cda4728
global_step=304880 | return=37.27 | steps=70 | track=f82687fb5195d0a39d4ad2f29384ec97
global_step=304992 | return=-52.42 | steps=156 | track=e59217fa4f2931210a3fc843acba51ac
global_step=305008 | return=-12.47 | steps=65 | track=05966bc8d671e38c7f4c948ad9dda6f3
global_step=305152 | return=-144.80 | steps=131 | track=b8687694d3fa6d53782c9be7c63151fe
global_step=305200 | return=-144.91 | steps=131 | track=1e326726034befa9e0b1c118a2f575d3
global_step=305440 | return=5.00 | steps=79 | track=a199ba71bbb7bf6a181b4ed7b9fc9b44
global_step=305632 | return=-109.62 | steps=89 | track=907b02d19c6a292a5a34a7c5f9fb5c16
global_step=305696 | return=22.19 | steps=69 | track=82cfc2a4eddaac08411743af1c721894
global_step=305824 | return=-131.93 | steps=131 | track=9a04f127dca15f8b44a8fe6c1a0ee652
global_step=306112 | return=-141.20 | steps=131 | track=7a382a665bc8a0ed10ab1d5c20aa7e2e
global_step=306208 | return=-41.99 | steps=74 | track=11a5b04b6f40c73f29986055fcb3d2dc
global_step=306272 | return=-141.70 | steps=131 | track=665da6030273e7c50a20d07bf75ca1f2
global_step=306336 | return=-129.20 | steps=163 | track=25867f2dfb7f915a4e572c7b0c71fc81
global_step=306592 | return=-26.01 | steps=106 | track=6b6fd435039ef8a5f95c2b63fb7242b2
global_step=306736 | return=-148.39 | steps=131 | track=4f8fc0711cebbe45a133e923d972196d
global_step=306768 | return=-157.11 | steps=131 | track=af79963081064420b33977de1ef64583
global_step=306960 | return=-142.93 | steps=131 | track=24941d11f7d3e677c3945ee7b12bbdc7
global_step=307104 | return=-142.55 | steps=131 | track=79f15b9eab94e6047ecda6f883d2c586
global_step=307264 | return=-148.53 | steps=131 | track=bcf35b233b25fc8fc298d3ec1988c751
global_step=307296 | return=-154.00 | steps=130 | track=6dbc8a2a7a6121c312a17be12efeb012
global_step=307520 | return=-40.31 | steps=77 | track=b634691b0812653764e2e334a2721404
global_step=307648 | return=6.77 | steps=65 | track=fa003f5e0da736bab67218aef3debe9f
global_step=307728 | return=-115.50 | steps=94 | track=adbb5fc72fbaa76891377304c1e48644
global_step=307744 | return=-113.21 | steps=131 | track=d4b0b8096fa3b635a764e22c692f5af9
global_step=307808 | return=-126.09 | steps=131 | track=033f748e3aa51376a1edfcc33349351e
global_step=307856 | return=-59.68 | steps=46 | track=91c6f01e1a00a64200ad8c720c9895c7
global_step=307936 | return=-137.57 | steps=131 | track=fac0d6346fc638692d12d66f6f86d893
global_step=308224 | return=-140.50 | steps=131 | track=99aa8428378f11d74db435ba2a1b330b
global_step=308288 | return=-22.98 | steps=61 | track=3aeddf6b05632da14780cd825a1c05e7
global_step=308304 | return=-70.37 | steps=251 | track=dc660fc715f2a381147ef45322881a62
global_step=308432 | return=-142.89 | steps=130 | track=59f027853af39cd1e04cfd711a8211e1
global_step=308704 | return=-2.57 | steps=65 | track=ecb87384054d8f6f3665a107703fa5ef
global_step=308848 | return=-109.45 | steps=131 | track=445e8f8dc3e8f443c49cac81d02c8130
global_step=308864 | return=-142.89 | steps=130 | track=6505cf653933e95bd20d7d1fd7a2825a
global_step=308880 | return=-24.05 | steps=71 | track=7864eb39ea691dea65d02b7874b1aeaf
global_step=309072 | return=-147.21 | steps=131 | track=c0b191d30f19e83b2e13393dda2020c5
global_step=309104 | return=19.10 | steps=77 | track=f6b9cf8e367e7fc333d8e04313a943f3
global_step=309232 | return=-18.13 | steps=62 | track=87aaf762654f4f7a65c354cf5b81f79e
global_step=309328 | return=-86.88 | steps=112 | track=f617385858f2844e89dc1305d3bbc449
global_step=309376 | return=-150.65 | steps=131 | track=88eab1e574c2549a45daeb9a7e71e688
global_step=309472 | return=-5.37 | steps=64 | track=9e2ecc8500457aa445b161cf12f87720
global_step=309488 | return=-69.22 | steps=73 | track=c85b6277ac7bdce2227f29c7c3df1c57
global_step=309856 | return=-144.99 | steps=131 | track=b229c255da68071da734541ce9592c39
global_step=310000 | return=-48.91 | steps=41 | track=a893e207c2fa1baaa05ea6ae17fecdc0
global_step=310016 | return=13.16 | steps=71 | track=5e859f63ef5ad355e515d657f185e714
global_step=310032 | return=-142.00 | steps=130 | track=632feb449764ab5050551c0d4cf89566
global_step=310192 | return=-51.85 | steps=50 | track=3ffb74080ed857bac0d707ecc7d44b6e
global_step=310336 | return=-91.11 | steps=68 | track=c158906a36b9840924c89fa85e6b22a5
global_step=310400 | return=-143.81 | steps=131 | track=5105d2e2788538926f5cb63af1e88923
global_step=310512 | return=-17.27 | steps=87 | track=2c351f9d5d64b6a28f4900d6b5894b22
global_step=310528 | return=-37.13 | steps=64 | track=4943dd320f0f14fb4f3c292b73283daa
global_step=310816 | return=-142.11 | steps=131 | track=99defe7987cfd329e1c1b8a958feecf2
global_step=310816 | return=-65.86 | steps=335 | track=e80df44cdd8712a575ad94df299d823d
global_step=310960 | return=-138.08 | steps=131 | track=5d622fc626ac035887c420b6502f0470
global_step=310976 | return=-135.78 | steps=130 | track=9ea743e821b30755445c0cc88aebdfd8
global_step=311184 | return=-145.06 | steps=131 | track=b75f89ddd9d651ceda6f68c253e4690c
global_step=311232 | return=8.77 | steps=55 | track=1ff928806627bfda03c7c187964c5ff5
global_step=311264 | return=-125.21 | steps=111 | track=1b1bcaa233dadbedd210a8bc1426d10a
global_step=311296, SPS=55
global_step=311504 | return=-64.07 | steps=93 | track=217c3f53bf4fc8a514a4d30a6d6adb5e
global_step=311952 | return=-28.57 | steps=60 | track=c52d4831990cf0f71a2d59b0bfcbd899
global_step=311952 | return=-135.67 | steps=130 | track=9515535bc95da0f98d6564f44f7d9854
global_step=312016 | return=-58.31 | steps=46 | track=f71b508ee8cc15744cea86ec14c6f7ad
global_step=312128 | return=-136.36 | steps=131 | track=c3ead8190ff857c232023230fbaf9e0a
global_step=312144 | return=-131.93 | steps=131 | track=96aa72277567ac863cfda6f8e294a9f8
global_step=312288 | return=-136.92 | steps=130 | track=48e7e4ec7531c90a16c663336d2a7ef8
global_step=312416 | return=-87.40 | steps=99 | track=b0979891679e4f4187f2dfd7ab913ebc
global_step=312608 | return=-138.40 | steps=130 | track=f260d202083e50e10e317ec5d51b9965
global_step=312640 | return=-133.22 | steps=131 | track=0a8b79feb25728fa0839bae33f0213bd
global_step=312720 | return=-71.43 | steps=47 | track=3534ecb29232e2e24ffe481a86d48535
global_step=312928 | return=-8.37 | steps=48 | track=e25fe12f31fefcb493c69d21f2b9e5ff
global_step=312928 | return=-97.21 | steps=131 | track=93baee9cfc5e19c1875aeca212581830
global_step=312960 | return=-98.57 | steps=159 | track=972668fe22767a0b22f07f2670d8b626
global_step=313056 | return=4.75 | steps=68 | track=f238d767351ed7de8c26ca9a67ec8bf7
global_step=313104 | return=-70.46 | steps=133 | track=c66ba5c27f8d834af3db3bf7ff770e5b
global_step=313104 | return=-232.35 | steps=330 | track=c29e33ed18d0a0faabe5471cbdaf8f55
global_step=313296 | return=-149.49 | steps=131 | track=f50a06c77f7988616e044f5660ac8c4f
global_step=313344 | return=-154.57 | steps=131 | track=d75e29ea2103fe6d5f1c1e6aa3e77bff
global_step=313616 | return=-135.53 | steps=131 | track=ac207223c887f82dbfc14e2086b99741
global_step=313648 | return=5.12 | steps=64 | track=f6f01de40a4419bd826a8cb410ac2312
global_step=314096 | return=-25.11 | steps=61 | track=509853b0e1ba57e1843aac3c0fe19f2c
global_step=314112 | return=-120.95 | steps=130 | track=7568a6d1a5db8b57772c6ef6e4d18342
global_step=314192 | return=26.36 | steps=70 | track=815a732878572b8bc83ef6d0dcdb6ebc
global_step=314192 | return=-50.21 | steps=110 | track=71bf5dbc9d51e50fa4c583a503962a0a
global_step=314240 | return=-142.77 | steps=131 | track=dd95fb3f68313f4b7e39739c5e863248
global_step=314384 | return=-40.11 | steps=45 | track=3992d397d0972cf7d298d8cf73c85bce
global_step=314400 | return=-150.41 | steps=131 | track=2b052210498fb3cc4ff03a4833f3b413
global_step=314560 | return=-115.10 | steps=90 | track=17c7fb12e53add5ae4a3ed57e11f27a7
global_step=314832 | return=-143.90 | steps=131 | track=20f2f3d13e590f9ec8176d1f8b2f3e41
global_step=315008 | return=-57.91 | steps=50 | track=9561c3a6df24a8d98e376db43b287293
global_step=315040 | return=-145.95 | steps=131 | track=a118a2ba29b29a801073e2e167bc0b0b
global_step=315408 | return=-148.59 | steps=131 | track=a95ae827411c44778837afede789c108
global_step=315728 | return=-147.65 | steps=131 | track=4323b5038fc388501decb9d18bcbc7e5
global_step=316176 | return=-129.09 | steps=200 | track=e56540c319f2a6c5f9eb847b875ab635
global_step=316192 | return=-112.49 | steps=177 | track=30c5606cd214be86e053c2c72b1d2e88
global_step=316208 | return=-141.73 | steps=131 | track=19c29795eb1a12e8ca4e0521ca234aec
global_step=316224 | return=-130.00 | steps=131 | track=3f49a79b1397e4a0230ebd9702a94484
global_step=316304 | return=-138.77 | steps=131 | track=939e2456fa54be550b90c0e424eb3e96
global_step=316352 | return=-145.60 | steps=131 | track=9d04e78e2ab82c46224ffa922fd154e5
global_step=316528 | return=-140.68 | steps=132 | track=eca1d7ec23743cf8ecba60c094bbe539
global_step=316656 | return=-150.14 | steps=130 | track=5a3fb636139f5ee8597b2a0aebe1e157
global_step=316800 | return=-141.65 | steps=150 | track=3f0aeec69f59f98d208ec464bcea97c1
global_step=316944 | return=-149.79 | steps=131 | track=8c80a8bc978e00611f544197d3f475ef
global_step=317104 | return=-15.15 | steps=56 | track=d6dcee763544dd9db635055c9209f1ef
global_step=317104 | return=-138.01 | steps=130 | track=0cf31039c53161b0aa632d10b924f0ca
global_step=317152 | return=-147.27 | steps=131 | track=c3b43ec0cf9d12b214de4d29c3569bfd
global_step=317216 | return=-7.51 | steps=64 | track=dd5045890aa2f87a1d82ceaeef1106f5
global_step=317424 | return=27.22 | steps=298 | track=bca55b9b67a6f2b10630f0b4aeab75ed
global_step=317504 | return=-138.21 | steps=130 | track=5f547572ad2516a75b67db7607a9b818
global_step=317600 | return=-34.46 | steps=49 | track=3111258171d88533c7734d1f8d8495eb
global_step=317824 | return=-148.08 | steps=130 | track=5ae29763bb14e4ec97167a1b4c82c0f0
global_step=317936 | return=-48.57 | steps=51 | track=a8fa2c4962f0bb15980095f235d4a190
global_step=318224 | return=-76.09 | steps=62 | track=a2851db9e07d1b6bce7d1e913d62e71a
global_step=318320 | return=-149.24 | steps=131 | track=fda48039b44b144b272a9eeb8538aa16
global_step=318320 | return=-147.80 | steps=130 | track=5fec8ddfbfff35652b842a8b099648e5
global_step=318400 | return=-144.55 | steps=130 | track=ed4efdb8e0cacb77214762063bc33afb
global_step=318400 | return=-64.88 | steps=55 | track=a99d30963e71132a8fce1b2e081b6778
global_step=318640 | return=-150.86 | steps=131 | track=47871438524efc95fcdefa3b370a98ce
global_step=318640 | return=-61.95 | steps=142 | track=ec68de0646ffdc6364aa34b9801ac7a8
global_step=318928 | return=-89.08 | steps=141 | track=6f3a3d1f7efa4f7bca3c570a5878de91
global_step=318992 | return=-18.85 | steps=378 | track=425db58cbb5ddc79aa0ce72e750177b9
global_step=319056 | return=-131.20 | steps=131 | track=3642936467e72a57507d18fa884fc325
global_step=319104 | return=-39.19 | steps=48 | track=42fac41325bcc15e12fc8168cac4127a
global_step=319152 | return=-41.48 | steps=46 | track=6b08ee37c28ba467f01775a4ff2997fe
global_step=319264 | return=-139.27 | steps=131 | track=84914c44eb7564b75cb67a4a7885b364
global_step=319280 | return=-81.09 | steps=59 | track=17084c9d64396c1ed8fa67ad3fd1def2
global_step=319392 | return=-112.88 | steps=142 | track=003e4391adcc450b4385d8908e82edc2
global_step=319824 | return=-69.88 | steps=41 | track=31724baa9d24b9daff420f572c599e0d
global_step=319888 | return=-40.39 | steps=153 | track=15294059756661ec1c0ecf3523ae1d75
global_step=319936 | return=-149.54 | steps=131 | track=5c8bbf5345729a8bf519382517288257
global_step=319952 | return=-37.89 | steps=81 | track=e330b80495f4824fc093bad28476775a
global_step=319968 | return=-42.73 | steps=64 | track=61f16f9dde501aee3869471ecb31dbcc
global_step=320048 | return=-150.47 | steps=131 | track=d73052b5e598428b23c72722920e4d2e
global_step=320064 | return=-48.34 | steps=62 | track=ed3fff25ece7c3f8f0a88b1ad7d50589
global_step=320256 | return=-45.31 | steps=61 | track=03989fda17caa6fc390c4f0d8937c3b2
global_step=320304 | return=-146.98 | steps=168 | track=f468a5415e96ab5cff5132a5ca0bea96
global_step=320464 | return=-115.45 | steps=113 | track=d1a76b6b6c017c92ba2d9e436d480543
global_step=320496 | return=-96.49 | steps=141 | track=13e7850ce28915c89869fe1ce8db8057
global_step=320512 | return=-151.35 | steps=131 | track=9ad4712bfedb8fa1591e988742f53961
global_step=320864 | return=-6.55 | steps=64 | track=48c589d2021589d0011aae20be4233d1
global_step=321120 | return=-1.19 | steps=66 | track=4acd2059ab9ab2adb9a1906190e688b1
global_step=321216 | return=-149.12 | steps=131 | track=b24cefd9a017d0a14b3cfdfab82915f1
global_step=321376 | return=-139.18 | steps=130 | track=3a26bec9a17380dc7a6e46c6993aa7be
global_step=321488 | return=-146.27 | steps=130 | track=3a16e91a0974a206af52eae24e41cd57
global_step=321792 | return=-50.39 | steps=82 | track=b049c683501e2e5b72a05ca4379c29d9
global_step=322000 | return=-142.77 | steps=131 | track=efeda603a7b2b6dbdc620afa92cd470d
global_step=322032 | return=-152.79 | steps=130 | track=b6444fdb38232133a4c6f2cba09e9dd4
global_step=322080 | return=-140.03 | steps=131 | track=2b1b83324f6762b27c51dca052ffab85
global_step=322176 | return=-137.94 | steps=131 | track=d0d4d2ed372fbac8877f7caeee25720d
global_step=322352 | return=-137.71 | steps=130 | track=d9bc331db43a417180e8409436e0bf75
global_step=322416 | return=-142.70 | steps=131 | track=5f2bed2f6b91b7ce116681cb5213cb4b
global_step=322448 | return=-172.52 | steps=215 | track=c74dae1c41004e9b35e1b37c4706e8d8
global_step=322480 | return=-61.77 | steps=157 | track=aa6763ba1eb0e14d19214ea2c7c3e320
global_step=322832 | return=-70.68 | steps=64 | track=c6f1f828182f7d764a3e3d23566ff20e
global_step=322864 | return=-56.75 | steps=92 | track=1d0e054733c88c42470faffe155cc326
global_step=322976 | return=-52.82 | steps=154 | track=90cf57817c40ba36bb88d9fca40514bd
global_step=322976 | return=-144.40 | steps=131 | track=75ae8d2491ae4904a7efb75a3d53cde8
global_step=323232 | return=-143.91 | steps=131 | track=fd81f2257a58f4f9d37fb029f253dc21
global_step=323376 | return=-46.56 | steps=117 | track=f3d4092ec2dc15e1533736196ea92078
global_step=323584 | return=-17.25 | steps=147 | track=c58cd57412a1474f4f01ab1dfeabe0f5
global_step=323616 | return=-102.81 | steps=89 | track=402b1334c16f7336f93e18af4617dc7c
global_step=323840 | return=-39.48 | steps=112 | track=2f5a3057b27fa6ef69bc9f4ea03db5f6
global_step=323872 | return=-136.37 | steps=209 | track=d2a9901cba271dc277a20fa581b4ad4f
global_step=324032 | return=9.79 | steps=65 | track=1a659c17aa7661ab789cfb3967f2f2dd
global_step=324048 | return=-92.86 | steps=105 | track=14bae8835aebcc809dc4c2cb50984585
global_step=324112 | return=-146.83 | steps=131 | track=e73cb459d7f7a74e78c6f6fec9d851a0
global_step=324128 | return=48.93 | steps=71 | track=a43744cb5e82ae9fbdeeb98c83c667cb
global_step=324176 | return=-135.82 | steps=130 | track=72a47469715a1226805fe98ba3264e37
global_step=324560 | return=-133.22 | steps=131 | track=da491de8350ecdf55f33c70fa8ae6842
global_step=324592 | return=-107.59 | steps=131 | track=98447f8868d23a9dd56284e3dbea1f37
global_step=324768 | return=-88.72 | steps=146 | track=adbc4692057e13860b7c00c3aba1b235
global_step=324928 | return=-39.78 | steps=46 | track=f028abbdcff22900e87af4448d8f7788
global_step=324944 | return=-140.03 | steps=131 | track=4a6c9b975736d46299102976a7d7e1d4
global_step=324976 | return=-146.76 | steps=131 | track=dafd2943a1a136cb2187aa1a49368ba2
global_step=325328 | return=-143.11 | steps=130 | track=48b542b82003241feceef949777615c3
global_step=325536 | return=-83.63 | steps=92 | track=49be40827f92f36fd1df5f8090ee043c
global_step=325552 | return=-7.05 | steps=120 | track=925addb2dd33624f4d2a0ed76d854421
global_step=325696 | return=-145.11 | steps=131 | track=f60701ce61575c2f41b0c6fba1ca7674
global_step=325936 | return=-137.98 | steps=130 | track=0373fe0cbb5632d5dba49cb545642a48
global_step=325968 | return=-144.28 | steps=130 | track=b46d28a5eede92c71f0a590293bb43df
global_step=325984 | return=-126.06 | steps=116 | track=1d806b35fb2ec4b53db47573b488db42
global_step=326144 | return=-142.91 | steps=131 | track=6470f142dfb281361e7682fa88969064
global_step=326336 | return=-59.60 | steps=48 | track=3c64ddf14ab7573796b2482212ee1343
global_step=326704 | return=-138.56 | steps=131 | track=7b9741896bc80d2220cbb7dc97a81fa6
global_step=326800 | return=-108.22 | steps=213 | track=d73bdb2926af9d59696118505666087b
global_step=327056 | return=-139.15 | steps=131 | track=b7143915a232aba2a4b1a4994910baf3
global_step=327184 | return=-101.11 | steps=137 | track=37cc3d23ec08c68703026119cad9630e
global_step=327248 | return=-69.43 | steps=78 | track=7c9112c9f80cdd30eca5ad3c24b23491
global_step=327440 | return=-128.27 | steps=131 | track=a1225a2ed4145ebd71ec6de3fd248117
global_step=327552 | return=-156.76 | steps=186 | track=248128a06de0423838770896535ff90f
global_step=327632 | return=-120.78 | steps=218 | track=4c03f49633cff53164c8edd8b0003919
global_step=327632 | return=-105.14 | steps=130 | track=6a834e8c70bd93a53a8a341f46bb1d53
global_step=327680, SPS=55
global_step=328096 | return=9.48 | steps=64 | track=08f12332c16d9d91585815cb7431f6cd
global_step=328240 | return=-147.68 | steps=130 | track=c64dc23e051a8bbb8a317774f3f71d31
global_step=328272 | return=-194.69 | steps=208 | track=a5b7d0aae78376dd32ac6b243ce55c7a
global_step=328368 | return=-54.18 | steps=45 | track=8c04381ba75658a622a56600c8497dbf
global_step=328448 | return=-144.25 | steps=131 | track=92f8f06ddf49a3b62f43e4530540bf27
global_step=328480 | return=-63.50 | steps=57 | track=2726f1a487d9f7036f2d2ab9539954f0
global_step=328800 | return=-102.78 | steps=130 | track=d5ea643ab039745350f5077b5f0d0136
global_step=328960 | return=-51.05 | steps=44 | track=ac241b7b27ababaa7638a76e6074a853
global_step=329056 | return=-76.81 | steps=192 | track=7c25980809b024cbccd58896c940986c
global_step=329200 | return=-121.80 | steps=97 | track=77d9f5e4344dec96fbbe382518ecedbd
global_step=329296 | return=-134.00 | steps=131 | track=ca32cadd3696e4370314df23bc2cd092
global_step=329360 | return=-139.70 | steps=131 | track=f2f78d0cb9f9ef72d6c7ba9d79ecd33a
global_step=329552 | return=-130.48 | steps=131 | track=6413079b2356227cbbd3251e96d4b5bd
global_step=330080 | return=-109.67 | steps=99 | track=ba7835d12ee6fcc300ed32d6770dc0ff
global_step=330096 | return=22.29 | steps=64 | track=0d1c410af739e8ded883c5dc8fd40af4
global_step=330160 | return=-11.74 | steps=84 | track=0580896993bb58d592a4c894528b3430
global_step=330208 | return=-139.90 | steps=131 | track=a0d2689aa6ba0eb567f7912ef4ed2f91
global_step=330336 | return=-180.47 | steps=274 | track=03ddc1b1e4ef3faa0940c985c45ff3ca
global_step=330368 | return=-143.72 | steps=130 | track=2e785b142f84139b3fadf5f9593c4e2c
global_step=330480 | return=-146.33 | steps=131 | track=115477dc1ff8718607d3ca8e6246384e
global_step=330800 | return=-187.65 | steps=376 | track=3f3676c447894d16d4b8752587ebef84
global_step=330816 | return=-65.06 | steps=319 | track=a010e143a4a7ad6eee687561e155c1c2
global_step=330896 | return=157.87 | steps=255 | track=1077e7144f83d8ae7b4070091affadb3
global_step=331072 | return=-138.06 | steps=131 | track=f65238808efd268fa0bc1eca8e13bb29
global_step=331216 | return=28.74 | steps=69 | track=93eb7a054d58348d5d2878f7603019c1
global_step=331248 | return=-16.68 | steps=64 | track=1f1f487ed2bd004ca75edf6ae806f50e
global_step=331328 | return=-153.06 | steps=132 | track=b229537bf617b2537c67d59974689058
global_step=331424 | return=-85.45 | steps=116 | track=277d0bffbb5ea1f1db7e41d6b1ea52cd
global_step=331456 | return=-139.22 | steps=130 | track=427c190227badda6b57209f06cb69fee
global_step=331840 | return=-8.17 | steps=63 | track=ad297e8a277801d5b2370d8abf3393a0
global_step=332176 | return=22.68 | steps=68 | track=e10af3b84af600a68b6a4ca439f5333e
global_step=332192 | return=-141.66 | steps=131 | track=2e8d81191567eebbfab8d800a87d7c35
global_step=332256 | return=-109.46 | steps=90 | track=834b33c9be148136db4890eb5cdda79f
global_step=332272 | return=-138.71 | steps=131 | track=c6e4fd8e9a8aba90cb59bc9845af2c96
global_step=332448 | return=-139.37 | steps=131 | track=482959034d3bc09bd9f6e2c026e590f0
global_step=332576 | return=-144.05 | steps=130 | track=c0de6d5e03b29b64deb980f6968ec05a
global_step=332976 | return=-149.96 | steps=129 | track=8969c08b50391b69e86e489dfd135fbd
global_step=333040 | return=-69.74 | steps=233 | track=3591df3072b0221df9ad790649b8fc77
global_step=333152 | return=-66.25 | steps=173 | track=7a23f223bbd9e6ad78e19a5b5b737648
global_step=333184 | return=-118.88 | steps=109 | track=c974b2265a514ffdda772e584a191760
global_step=333344 | return=18.47 | steps=67 | track=4bc8811108243e5575ca6e74cbd245a6
global_step=333488 | return=-99.33 | steps=134 | track=94c9d8ae69ef4bf241217b5fef582bba
global_step=333568 | return=-143.66 | steps=131 | track=fe9863676fab0bc402ce155bb4dd5d4f
global_step=333696 | return=-74.77 | steps=152 | track=687a1416d1c12f9e77c86d98df8c6e71
global_step=333728 | return=-127.38 | steps=156 | track=e6604cc41943f0c173ed3271a2277913
global_step=333952 | return=-145.34 | steps=131 | track=4763723c56ada56c6b972662b4f3f228
global_step=334048 | return=80.07 | steps=349 | track=69132a9ccaa4da22649299daf7ff429e
global_step=334064 | return=-18.46 | steps=100 | track=2510e2632fc13e8766a9e92abc493123
global_step=334208 | return=-30.08 | steps=63 | track=3656bb559d2549859c040cb6f15cc017
global_step=334288 | return=-147.05 | steps=130 | track=46b79d8b8acf994c172a003b4729f21f
global_step=334384 | return=-133.70 | steps=131 | track=08008f8d22a0a2e8b7e54294b5b45952
global_step=334432 | return=-23.01 | steps=67 | track=f5c4e47a36633a291b5d2996ae25be23
global_step=334512 | return=-105.36 | steps=145 | track=17eaf5ba145bb4a78ed73fe4057696ba
global_step=334672 | return=-28.59 | steps=73 | track=62dfe24c4174816a601db8841f0e3d2a
global_step=334688 | return=-69.59 | steps=102 | track=c262d383ccc61c84dd7926876c2d89dd
global_step=334784 | return=13.37 | steps=67 | track=899fa402a881a7afaf2b46dfef467565
global_step=334848 | return=-112.04 | steps=141 | track=7e7f1ad4fd20ac0fe384b54126838492
global_step=335088 | return=-139.59 | steps=131 | track=78f76812b0eae67e57b2bd7ebcdb8125
global_step=335264 | return=-144.47 | steps=131 | track=fe2c056e84e8020962e43cd0af6daa8e
global_step=335680 | return=-146.11 | steps=131 | track=1ff186fcf65a132dba85d8949250b2d1
global_step=335728 | return=-12.70 | steps=65 | track=bbbe8f9a9b066a61b15e8ff1d7a1d0f3
global_step=335840 | return=-140.02 | steps=131 | track=18419b562f060f2964f73ae5f633bd26
global_step=335872 | return=-104.22 | steps=92 | track=c36b40ec0e579847a28394f637717dbf
global_step=336000 | return=-52.02 | steps=121 | track=cb096a90d447f44a6a5fa2634264711a
global_step=336176 | return=-136.77 | steps=131 | track=4cc98e5d42b97262c3f4d799dfd6b8e0
global_step=336208 | return=10.36 | steps=69 | track=57e0b9925d48094debbc88242cea89eb
global_step=336320 | return=-146.39 | steps=131 | track=ac12dd22b664d8c7ba8e6ec9aebbba3d
global_step=336400 | return=-145.71 | steps=131 | track=b0fe38bf5b7e920ad1553b907735f94a
global_step=336432 | return=-115.50 | steps=108 | track=e1572bcca404333c33b4f2cbe81ffaf0
global_step=336544 | return=-140.50 | steps=131 | track=70450315ec3417d932703ccb0c9de1ac
global_step=336560 | return=-139.97 | steps=127 | track=579d66de24e3ff5fdf4d21d5ab821879
global_step=336896 | return=-122.20 | steps=131 | track=4ff23d44a9fcf6a4fbf939759f59568b
global_step=336960 | return=-148.00 | steps=131 | track=c5440190aa3ffa367c3eef8b3d629fb9
global_step=337024 | return=-174.22 | steps=191 | track=a4eb21daf83f738afeb891fc25aaaf79
global_step=337568 | return=-70.43 | steps=143 | track=aaae5b5bd39fffa7910415d5e1203686
global_step=337760 | return=-68.12 | steps=89 | track=6a316767fab07186b3526d2c552f3af9
global_step=337776 | return=-151.08 | steps=130 | track=b44193fa739a2642f9962fc3bbf32c39
global_step=337808 | return=-152.50 | steps=129 | track=78b77c8b59c10bf5a299c46454806009
global_step=337840 | return=-111.07 | steps=89 | track=1bd1fd167641383bde0475928d03bd6f
global_step=337952 | return=-154.10 | steps=131 | track=6eb6dd5b0d24c9ad3dace4705c90ab81
global_step=338080 | return=6.26 | steps=65 | track=41f7575c623a1118ad53f7dc7bf12def
global_step=338096 | return=-137.48 | steps=130 | track=1e0396b7e0df78591c3b59cf517aae35
global_step=338560 | return=-77.27 | steps=146 | track=83039bb503439d13934ca486d39f47c6
global_step=338640 | return=-143.09 | steps=130 | track=497b1d9980f517d3a9d67ed4e54c1505
global_step=338672 | return=-147.81 | steps=131 | track=9997a502882370f4c0aeae9a05db3af3
global_step=338816 | return=-57.72 | steps=44 | track=67f5d6419ecccf9862817f173697f802
global_step=338992 | return=-144.53 | steps=130 | track=d0f9b246c690657a833b097c6ff70fc5
global_step=339024 | return=7.56 | steps=66 | track=0f0eb439b22f598c313c5107f472259d
global_step=339072 | return=-134.15 | steps=131 | track=035615606ce2f5b96c3056109d685665
global_step=339680 | return=-131.40 | steps=131 | track=1f0098f38cd050ddb17275b09dd0c714
global_step=339920 | return=-142.11 | steps=131 | track=86c5b02838b95ce91bd09a3c1993e781
global_step=339920 | return=-12.82 | steps=134 | track=b893a00a5820aa0848050e32c6c8ed09
global_step=339952 | return=-140.18 | steps=131 | track=4f38e8832a6b0ae847ca0862c3422717
global_step=340080 | return=-102.84 | steps=143 | track=e6130a6876d66e4c21c86b09ffa2ca4b
global_step=340192 | return=-219.38 | steps=234 | track=9fe70ef7e486d4dc441804a3fa280258
global_step=340192 | return=-140.09 | steps=131 | track=efafa9de84485fa6a63725662f8f7248
global_step=340384 | return=-182.30 | steps=281 | track=27d70d7ffc79cf62e38061b3c7ea79c5
global_step=340432 | return=-81.09 | steps=100 | track=52b48f04c00ebe5de9ddafada1930824
global_step=340496 | return=-81.68 | steps=93 | track=c86bc7acb894ca87410989ce09e7fbf3
global_step=340528 | return=-167.58 | steps=271 | track=5a2e223cb1589235b583219b79ec59f3
global_step=340672 | return=-148.71 | steps=131 | track=71ea2fcc7e51802a4ba75d91516384ab
global_step=340688 | return=-20.28 | steps=45 | track=dce102aa8f17309bdd7fe6fc5390048f
global_step=340784 | return=-146.60 | steps=131 | track=0d12064aca292bcb5a5ab4d3af8803bf
global_step=341136 | return=-135.31 | steps=131 | track=b7c99f7ee5fb7499ecd11618b5e3cb4e
global_step=341184 | return=-139.27 | steps=131 | track=1a5551bf60a3e9cf541b44856f28b943
global_step=341792 | return=-156.96 | steps=131 | track=7d46f2656734f5bed073f264a05bc121
global_step=341952 | return=-216.85 | steps=206 | track=59f11b896008986085ba20ddbde01d57
global_step=342176 | return=-135.44 | steps=130 | track=16bae4af9b5fad7f7af192d0717080e6
global_step=342272 | return=-135.19 | steps=146 | track=2fe09b6f645ea684a3d9dc28aa1881ae
global_step=342288 | return=-153.50 | steps=130 | track=1bca75d1eb1b2c1ef44cc881fbcc602d
global_step=342496 | return=-92.27 | steps=143 | track=ba58d765fe3d84b49860c8f96a15939c
global_step=342496 | return=-145.00 | steps=131 | track=ff76ce3f1e1061179613bb659510c2cf
global_step=342544 | return=-144.90 | steps=131 | track=a72c45c4d16b37164e2e8af345fc8c1e
global_step=342608 | return=-143.81 | steps=131 | track=15e848244e76343612f6287413f168a1
global_step=342624 | return=-152.78 | steps=130 | track=0cb36d6a5d18947b1773f0074406ea59
global_step=342784 | return=-152.52 | steps=131 | track=bd15beb9aa94db431b4517e2518067b5
global_step=342800 | return=-143.37 | steps=131 | track=125ba9ad5de5d3863270958cede16b66
global_step=342896 | return=-146.07 | steps=131 | track=9ab6127dfaa8187d7ea62a6c4a73cb27
global_step=342960 | return=-130.86 | steps=189 | track=c86d3e3b2cdd98297aa969b3ae0aaf88
global_step=343248 | return=-145.51 | steps=131 | track=0370a7afd4bf31b348bcc594121241e3
global_step=343520 | return=-60.84 | steps=44 | track=13058c9f4c5e7347e4228b57331d44f8
global_step=343856 | return=-83.86 | steps=118 | track=fefeaadf2e423cb4376fc4066669ad0b
global_step=343856 | return=-47.86 | steps=166 | track=b7d474eb7a876896858dd5f3bebff7c9
global_step=343904 | return=-138.93 | steps=131 | track=f9b5196ee34813285df9669c680fe891
global_step=343984 | return=-101.11 | steps=89 | track=987a99c7f7564712eaf89e79a346e29f
global_step=344064, SPS=55
global_step=344288 | return=-146.53 | steps=131 | track=d2f95c2d6c9370f2eb1b54bb4d37470e
global_step=344384 | return=-141.68 | steps=131 | track=c01b301b930f41a620bc9b3d2da0a1d4
global_step=344400 | return=-135.40 | steps=131 | track=52846ad1673807564d28f46db4cc6fe5
global_step=344592 | return=-139.18 | steps=130 | track=5067de2fc506b75966180f28a1a77bb3
global_step=344608 | return=-146.98 | steps=131 | track=ee5e096309da4d7fa3ac4ec7bd3e4dae
global_step=344720 | return=-136.81 | steps=131 | track=7fd2042446145b475e779e590abf92fa
global_step=344736 | return=-141.48 | steps=131 | track=5990e55ecd70975579e4dc651aae290e
global_step=344896 | return=-149.30 | steps=131 | track=f6877cc0268079e342d977adb16dbfcc
global_step=345024 | return=-137.79 | steps=132 | track=31bdf60c29defbc160126e0be4964192
global_step=345056 | return=-160.72 | steps=130 | track=f71865e6e489d13c0eb6687cbd1d59e1
global_step=345200 | return=-52.67 | steps=80 | track=9891e7712349560a3c24bc01749d46d0
global_step=345376 | return=-26.72 | steps=61 | track=e65d3f6b03d0eef8b75de37f3ff46c95
global_step=345408 | return=-108.41 | steps=96 | track=60f184c86cf78225d2f256dcdd4e6fb0
global_step=345616 | return=-136.47 | steps=130 | track=6433f4a4650b602cbb835964c4e999b6
global_step=345696 | return=-17.30 | steps=41 | track=152e2032bb8ae524502845c8d7cd6a46
global_step=345824 | return=-18.35 | steps=76 | track=b988b1915cf04a045418a2492440ffe7
global_step=345872 | return=-76.63 | steps=91 | track=d1d1dece7c5de43a37c4841de9f2b365
global_step=345968 | return=-136.19 | steps=131 | track=7c53e6d70c1df92f85e2a3ce7e27648f
global_step=346048 | return=-120.50 | steps=109 | track=aa53648e908be8d423d1746e05fc4e4b
global_step=346080 | return=-135.55 | steps=130 | track=1b86674394508579024d63e3d7d08a7e
global_step=346400 | return=5.76 | steps=63 | track=fd10c5b5c50575aa9ef7c48bf51aac97
global_step=346608 | return=-54.84 | steps=45 | track=4f5ce937828314efe917db2c56e96769
global_step=346656 | return=-12.54 | steps=77 | track=db9dcab6810b6ab30f67525f3b3d31bd
global_step=346720 | return=-149.25 | steps=131 | track=898ada60476f61072c4881a72662c087
global_step=346832 | return=-142.15 | steps=131 | track=1cbc3d77e401fcb9e137954d502955e3
global_step=346848 | return=-142.11 | steps=131 | track=c62d43dbd7995b1e65ddcb7b20a7e532
global_step=347008 | return=-115.33 | steps=131 | track=2822727cb714b59c1d7be91f028c2257
global_step=347312 | return=-136.86 | steps=131 | track=5b2ccb26c7cc60471e987e95cad5613d
global_step=347632 | return=-69.08 | steps=48 | track=1c76bb88387dcd01203ff49dc4119efc
global_step=347728 | return=-136.10 | steps=131 | track=f7c6e33f49141b33dd6282e74aa6858b
global_step=347728 | return=-2.54 | steps=69 | track=9b9ea935ec2f7f7e1bb0a9f2f5803525
global_step=347808 | return=-134.29 | steps=131 | track=59ff012dfe479b71ae1d1249908b81ab
global_step=347856 | return=-3.93 | steps=63 | track=854bfbda9175b7b30b0ac07aaa187cfd
global_step=347856 | return=-108.96 | steps=174 | track=ac7ecd1234fd03ac698011d52386e573
global_step=348048 | return=-107.25 | steps=138 | track=71b9c321209592ad61e652327db0ba41
global_step=348080 | return=-149.82 | steps=131 | track=5b283eed1af03253c5ab9c22a4fdb416
global_step=348160 | return=-148.95 | steps=131 | track=b10504fc3ef188a1eb268a85767055dd
global_step=348192 | return=-145.34 | steps=131 | track=7639a39beb87cffcd4f4031d552d62e2
global_step=348512 | return=-144.49 | steps=131 | track=8edb9e9eed604d8213347e46d48577bb
global_step=348768 | return=-147.08 | steps=131 | track=6a1c88ad814dfcf9f30f816a73cdc12a
global_step=348832 | return=-141.09 | steps=131 | track=3dfc8f0f40542c6d7c90ab2819d73eb8
global_step=348864 | return=-15.51 | steps=62 | track=da20930fe05b69289e240dd162c85f30
global_step=348944 | return=-9.23 | steps=55 | track=b357d05a3abc62995bfdeaf73fb7140b
global_step=349072 | return=-4.96 | steps=83 | track=c860a2df601cefa98798cabea7c7cf9a
global_step=349120 | return=-143.66 | steps=131 | track=e0b4dfb4c00958706bbb650d69d32812
global_step=349168 | return=-21.96 | steps=60 | track=d044b5f03e48bd40e5d5a26b7d249063
global_step=349424 | return=-134.66 | steps=131 | track=2e0b4e7dec4cb0b659ed9f0f7fde68e0
global_step=349488 | return=-108.40 | steps=101 | track=77eb2821a2c81e535510d3d09ade07b9
global_step=349840 | return=-69.50 | steps=137 | track=42e05cb696d8ec2102fad2f0fc20f23c
global_step=350000 | return=-152.27 | steps=421 | track=8fec292674a6a9281c9b50afff2d415d
global_step=350048 | return=-126.50 | steps=144 | track=3088c5b1079fd8be066bef7b31dbdada
global_step=350192 | return=-149.59 | steps=131 | track=194ee24a766c3c5db261f8915d43f879
global_step=350240 | return=-70.56 | steps=151 | track=0d18ede68449f4a77677763e1851fdeb
global_step=350480 | return=-15.27 | steps=61 | track=4ff6e69b64a39f87d2a99c3601b68442
global_step=350624 | return=-144.52 | steps=131 | track=5e43cf07f0e6fdc0dbf0a2803fd2142a
global_step=350688 | return=-29.25 | steps=157 | track=0548efc7d1b53b1d15895da58d384d4d
global_step=350704 | return=-112.53 | steps=101 | track=afe48526021fca5fbad9f2e8431fdaaf
global_step=350912 | return=-14.87 | steps=66 | track=d563126f8827841576e382fa2aebe1ed
global_step=350960 | return=-136.03 | steps=130 | track=fb8d6109dd15a5ef42a7a95cf96a03e9
global_step=351056 | return=-133.46 | steps=131 | track=11c029589215c52a1c66abff5513df12
global_step=351088 | return=-86.65 | steps=103 | track=462e177446386f01f00be2dc2ab41078
global_step=351152 | return=10.42 | steps=71 | track=2b7cc926c973537f518f911d788b213f
global_step=351232 | return=-156.12 | steps=131 | track=93c96dcdba98b072ecbd933fb4e629da
global_step=351312 | return=-90.87 | steps=154 | track=eb3819acfeb30753e43602e0517c3ff0
global_step=351312 | return=-22.72 | steps=158 | track=7704c592de6c6a42dadf5aaef7469ce0
global_step=351632 | return=-22.34 | steps=71 | track=652b01011ee361bed4517e4c7e8e68f0
global_step=351760 | return=21.26 | steps=66 | track=0b38aa9a0345735e317c166b73e50251
global_step=352032 | return=-0.72 | steps=66 | track=0fda90bf3d78f2cf350bc0a72f8c16e3
global_step=352048 | return=-60.77 | steps=45 | track=a1637fc8b2c9d2f3f18f048540ca2baa
global_step=352160 | return=-153.31 | steps=131 | track=aad042156dcefa432c4dc4370b32b6d9
global_step=352304 | return=-143.64 | steps=131 | track=a4f39b474893e19d33f1acea09c37648
global_step=352352 | return=-119.57 | steps=198 | track=0b129ddac9f04eeb5699afa57e0703d2
global_step=352496 | return=-14.55 | steps=45 | track=b29915397c09b8d4fe12907a31a8800a
global_step=352592 | return=-60.00 | steps=146 | track=67c3eeae47164e5834840926f01b76fa
global_step=352736 | return=-148.09 | steps=131 | track=de93d07c49e5b87c730fee1dc2983161
global_step=352768 | return=-111.86 | steps=100 | track=b3f6fd1e7844b99434917cfe6e665be3
global_step=352816 | return=-145.61 | steps=131 | track=863861bea4c774737a6f309ee83fcff4
global_step=353024 | return=-130.92 | steps=131 | track=9838da878f0348ee468ca7bb22edb50b
global_step=353168 | return=-140.24 | steps=131 | track=2d920dd57f56e732873fa6e383eb9e26
global_step=353200 | return=-146.58 | steps=131 | track=fad7aa8ed2e879f640d231f9dc68cbbd
global_step=353360 | return=-150.64 | steps=132 | track=6af8fe456bac879bec804018480c7133
global_step=353936 | return=12.46 | steps=72 | track=fc016d832ac47e41507c9b58ab34e31d
global_step=354032 | return=-109.89 | steps=89 | track=25a81a62bfa00ae23623c40ea9d47ca8
global_step=354128 | return=-145.40 | steps=130 | track=2542ccb54a7472dc932e2ab06c0b2be5
global_step=354144 | return=-144.51 | steps=130 | track=112360510572e0cc749cd3bd39e0a714
global_step=354320 | return=24.67 | steps=69 | track=bf3eba29ee4efe2ac5b8b31bfbc75e2f
global_step=354416 | return=-132.25 | steps=131 | track=dfc35ff656dee272b1480210b0d0cf1b
global_step=354416 | return=-52.42 | steps=173 | track=0522dc66aca2600d79fd69d437fe881a
global_step=354448 | return=-141.34 | steps=130 | track=5f0cdd307c4f233090b568b99381c4ae
global_step=354512 | return=-86.62 | steps=146 | track=5114fe1454acd40e14aade8d2fba73e0
global_step=354848 | return=-136.00 | steps=131 | track=c48e00da95ee1ab339fe8c0a740487e0
global_step=355136 | return=-135.65 | steps=131 | track=5d14c962fa8044c80846a5d14b682b04
global_step=355264 | return=-50.32 | steps=152 | track=563517370bcf8327b8613275887ac68c
global_step=355280 | return=-141.24 | steps=131 | track=252e78e30fa16225bafd09811ed988f6
global_step=355392 | return=-35.65 | steps=66 | track=06aa547bd6798fd1663f019113679596
global_step=355456 | return=-131.86 | steps=130 | track=12a0d031a1a5ceed7cc8106a0811936e
global_step=355936 | return=-142.11 | steps=288 | track=b9b32bf06c4583fc8660a5436333d41d
global_step=356000 | return=4.04 | steps=218 | track=494a78b5080b3d51dfd1bd0a644dba65
global_step=356144 | return=-143.85 | steps=131 | track=e7b39b978bc67d016c746b5df1d646d2
global_step=356256 | return=-138.20 | steps=131 | track=3a9f0321fe6a0445bf88df20fe7c375e
global_step=356352 | return=-75.19 | steps=93 | track=bdbf4cc35506dd49222afe6843318adb
global_step=356528 | return=-149.57 | steps=131 | track=7c70af8c9bba45709e099180c4cfe932
global_step=356528 | return=-142.31 | steps=131 | track=3df765ddcffe7c75656254109887ca2f
global_step=356624 | return=-153.58 | steps=131 | track=fc50c59fb4483c24e0ee745be5960fc3
global_step=357008 | return=-146.74 | steps=159 | track=c72cc556183314aadfb7662ebbc7207d
global_step=357088 | return=109.44 | steps=184 | track=226c3c02de3665c948875f022b7ff438
global_step=357200 | return=-0.93 | steps=65 | track=5dd3d0c6958e7545d439ff9528112d3d
global_step=357200 | return=-54.84 | steps=41 | track=d1658e47dac009fd8d4d647d2aa4fd9f
global_step=357248 | return=-151.10 | steps=131 | track=d0cb72fbe85789e4fb173e19a8f4cb86
global_step=357360 | return=-152.00 | steps=88 | track=4d9dc878750a8b883145c20fb4fbf56e
global_step=357376 | return=-140.00 | steps=131 | track=26b2b03d8e10abaf9aa3314073c97654
global_step=357392 | return=-128.53 | steps=131 | track=eec4ed0ff05fa6ccb6566d6348e7cd97
global_step=357472 | return=-147.85 | steps=220 | track=26e495ad470f4857e765d86e419c8c0a
global_step=357504 | return=-140.97 | steps=131 | track=0e8a82a1e6fd4b1bb7182545074b34fb
global_step=357568 | return=-136.63 | steps=131 | track=c7073260adb361c117704c838a019188
global_step=358064 | return=-24.21 | steps=43 | track=eeb52d9efb29d8796d71f87e501b8334
global_step=358096 | return=-147.89 | steps=130 | track=e25e2b1611d9ccb520c3d6a9c6fb9dce
global_step=358192 | return=-37.24 | steps=73 | track=30f19107c3f6a6313e48840141f005ec
global_step=358240 | return=4.30 | steps=64 | track=b65c6e5e27fcc91ce91b138ecfb36ecb
global_step=358368 | return=-133.46 | steps=131 | track=c5fab4d1340e113b14d5dab9ca608121
global_step=358368 | return=14.45 | steps=69 | track=e09b431747ec3079dc1b9b6aa1c8648f
global_step=358448 | return=-133.63 | steps=130 | track=af1277e55e8314dd689a95d24b247294
global_step=358640 | return=-144.25 | steps=131 | track=df5234a69ea0e5a29f05c597a4e0efbb
global_step=358736 | return=-142.37 | steps=131 | track=37785d74cdc656a3da243be70f36f929
global_step=358896 | return=-27.66 | steps=49 | track=6a7414442cdbe2df6d577c4ef75769e7
global_step=359056 | return=-120.91 | steps=92 | track=6044dbbc0a7a763b50c3dd0f1366a22f
global_step=359296 | return=-137.52 | steps=130 | track=91e7276f0815c7ad6f4e22fce7d59510
global_step=359504 | return=-132.90 | steps=131 | track=990a1de696dc7d27d37c6f821d7d0608
global_step=359568 | return=-150.30 | steps=130 | track=19abeaf04c566f3bd629797e584cd742
global_step=359616 | return=-142.51 | steps=131 | track=d2bcff3319175fb3de9ef0e4b8f8a2f3
global_step=359856 | return=-101.59 | steps=154 | track=0c39ce8545102a3e1325cadafc0fbe71
global_step=359888 | return=-36.83 | steps=89 | track=ddefcb953b8d6a6c423bc2d4edd40483
global_step=359904 | return=-52.65 | steps=175 | track=e9eb19fb4ffc77cc01d6fb73b5983c7a
global_step=360176 | return=-139.18 | steps=131 | track=3b9cc47749ff1759cb762948a87d7117
global_step=360336 | return=-146.10 | steps=130 | track=eb0c8fe06682d4626f99f3b2aade437c
global_step=360448, SPS=55
global_step=360480 | return=-142.17 | steps=131 | track=083e4f571e40bcd002ed42835ee9e76a
global_step=360480 | return=-136.61 | steps=131 | track=c3cabb4e3ecb04afd3c3de03bf57b274
global_step=360640 | return=-37.78 | steps=152 | track=08e176eaf32c6ab064d8693ac20597fe
global_step=360752 | return=-139.81 | steps=131 | track=1b6fd0fc83037f95360764ded011043b
global_step=360816 | return=-114.65 | steps=109 | track=e28532e8dacef32f3c6cb05d0399c1ab
global_step=360832 | return=-149.32 | steps=130 | track=3d15a2aaab1ed861c68360608f901aa7
global_step=360832 | return=-101.41 | steps=95 | track=e3c790bd06266ca8293926cd06a30004
global_step=360928 | return=-17.89 | steps=63 | track=e5ab0fc271fe637d61756da1a78e82c1
global_step=361008 | return=-142.71 | steps=131 | track=e1771acbcd5fd241d3ebc4f30798098f
global_step=361264 | return=-15.15 | steps=109 | track=b240b43faaba00f5bb1cf472da6f846c
global_step=361840 | return=-93.72 | steps=138 | track=5584ea6e8f8a3deeb28083fc24436839
global_step=361968 | return=-144.03 | steps=131 | track=9eeb6d19882a436615d547f8ee8962d2
global_step=362000 | return=-141.88 | steps=131 | track=c5ea793fe09208a9912b8d8fb33e1529
global_step=362032 | return=6.26 | steps=74 | track=c41510576ad082bd4731da67fb6904b0
global_step=362240 | return=-114.16 | steps=109 | track=1bcc5bd5e4342305a368e2b2fbcef86e
global_step=362288 | return=-142.99 | steps=131 | track=c7d746151ea0aaefe74e3e5b29964407
global_step=362320 | return=1.04 | steps=65 | track=9ee80ace6aa34743f1f5198cea6e5d13
global_step=362448 | return=-116.22 | steps=89 | track=6864c4860b67f0edad26231f7412a109
global_step=362464 | return=-104.06 | steps=132 | track=bc18e94c6fa4a96751d94f7e577cf047
global_step=362592 | return=-147.27 | steps=131 | track=c3ecd2d3168991fd034702987c6cfd93
global_step=362640 | return=-31.24 | steps=191 | track=0e533981f0b4887cd25879d25a7d2fbe
global_step=362752 | return=-145.77 | steps=131 | track=3aa03ca8b71145d19d96e4a99f77dd92
global_step=362864 | return=-150.29 | steps=131 | track=78b9ad2c0905cf7e5d497b87dabeb0f1
global_step=362928 | return=-145.51 | steps=131 | track=cdf6f35749830b64b9b139c2187ea53b
global_step=363072 | return=-95.16 | steps=139 | track=37b9edb77e4b2d1a2051bf4333266558
global_step=363136 | return=-47.51 | steps=55 | track=2301a9e642fda1cd87718708ffa33608
global_step=363520 | return=-7.76 | steps=57 | track=39bfc61b191462817f43d50c08f9a4dd
global_step=363584 | return=31.08 | steps=70 | track=c54d57457bb1368261680707ea9f4d7a
global_step=363664 | return=-71.13 | steps=170 | track=f0d468e1fb8ad03edc9dce77105cf0b6
global_step=363952 | return=-149.90 | steps=131 | track=cf551de4fdc3f2b4d9fd10fc39e7a198
global_step=364080 | return=-141.29 | steps=131 | track=c3998388b48e76fbc5bb502830864add
global_step=364144 | return=-144.07 | steps=131 | track=c52f0fd92c2e37782614dca9e2f614c3
global_step=364160 | return=201.43 | steps=63 | track=e7f687ba2c57954afa3c4c31a16ea9fe
global_step=364384 | return=-153.23 | steps=130 | track=4d043467af89655dd75b54ec0ed69251
global_step=364416 | return=-142.32 | steps=130 | track=e0e407a20af489536583057d8866b30b
global_step=364480 | return=-45.25 | steps=154 | track=7165186d995ed7a31ad657fe23b10563
global_step=364576 | return=-144.03 | steps=131 | track=b61416e628a11dcdde3977d67a419b73
global_step=364816 | return=-18.44 | steps=80 | track=5c8ae9a227a28575d8829bf0567c6457
global_step=364848 | return=-149.59 | steps=130 | track=5e467d1235e4dd48c6647a2e73153b0a
global_step=364976 | return=-135.17 | steps=131 | track=c05fec0071776c65cfa7e621fabc564e
global_step=364992 | return=-75.08 | steps=146 | track=a4afbdac0ce3e8954a4aaf5534df34b9
global_step=365040 | return=-133.01 | steps=131 | track=8d1cc4be98658d510b6e874056fc7f8b
global_step=365088 | return=19.30 | steps=70 | track=c1eb2d6682745c9b995506a589658338
global_step=365168 | return=-143.56 | steps=130 | track=1b4aca7cedacf8f37de42fe3c86c6c22
global_step=365632 | return=-2.59 | steps=65 | track=0345187f20359361413d00080705fbb6
global_step=365696 | return=-126.30 | steps=131 | track=0c34e44ecc66a4f714d37cc8ab640594
global_step=365792 | return=-141.50 | steps=132 | track=cfbf4209b9bca221615ef5d56cf6c152
global_step=365824 | return=-117.25 | steps=89 | track=cdf9afd4ddfd80f70ae85bf45546e138
global_step=366096 | return=15.62 | steps=65 | track=c4859e613a29389987f5b89eb699a3c3
global_step=366160 | return=-106.40 | steps=129 | track=8e3bf94a1fb79d21a9de8f5212d02901
global_step=366240 | return=-157.32 | steps=130 | track=3f4a29775b8ea267b9fe90583fb0ee7c
global_step=366256 | return=-8.64 | steps=67 | track=235ff7c1fad55dff2231abda2212d52b
global_step=366256 | return=-141.34 | steps=130 | track=6792d5efcf066d94d21ae362002c590e
global_step=366512 | return=-139.64 | steps=130 | track=df278041dfa9a146ae2f5e0149592ef7
global_step=366592 | return=-149.47 | steps=131 | track=205a442822d22ffe1516a0b8d1cb28bc
global_step=366624 | return=-107.76 | steps=112 | track=bacb5702dc028d04bc876f15cbd5ffbc
global_step=366944 | return=-137.02 | steps=130 | track=d2bb53d92bc3c03d89c2d9a481bf7cff
global_step=367008 | return=-76.08 | steps=47 | track=28d45d8cdd582f13117b708808347373
global_step=367088 | return=-126.31 | steps=130 | track=bacb93f4e748e0d623b15325e7a6056c
global_step=367200 | return=-123.66 | steps=131 | track=cd0a466ed337a6a48abb9f1ba038799a
global_step=367200 | return=-55.50 | steps=42 | track=6210da7ac665120e60719ac134ef58dc
global_step=367312 | return=15.40 | steps=65 | track=2949ee5723e60ec10aae3454ffdf380a
global_step=367648 | return=11.40 | steps=63 | track=2259fbdeb1f84959d2fb32bf3434617f
global_step=367744 | return=-144.47 | steps=131 | track=e7929cb647a92605de310fcaa8f873eb
global_step=367776 | return=-116.64 | steps=100 | track=7bf6d957ab02964d886628240440e096
global_step=367792 | return=-150.98 | steps=130 | track=6cbd5524eac5106fab22877af20a75b1
global_step=367856 | return=-102.38 | steps=179 | track=707065d7dc81a739082f987bdade774e
global_step=367904 | return=-147.47 | steps=131 | track=1179a417ec5bfe0d07f8340e0c6f251e
global_step=367936 | return=-133.83 | steps=131 | track=d6a5e98f2febf6ea4b1529c1b7db8181
global_step=368208 | return=-132.96 | steps=131 | track=6a407ab81ecb2d5ecb04d4415195d8d6
global_step=368240 | return=13.62 | steps=71 | track=fafaad15639a122dbfa34853b4d90ed8
global_step=368416 | return=18.30 | steps=68 | track=bc52b303bcd948244639f2874b60cad4
global_step=368496 | return=-82.97 | steps=139 | track=2e55ed7e007fe96934c71081ff422834
global_step=368688 | return=-13.16 | steps=55 | track=f791f12887ab6aff532382bf3c3cc06c
global_step=368864 | return=-16.10 | steps=141 | track=5ee4b3acf217b52a8569610af506ec36
global_step=368960 | return=-37.84 | steps=46 | track=fc5233a09a1c790abc716203dbeb4ed0
global_step=369024 | return=-64.34 | steps=85 | track=a35c162bf30264b5f3625fb0fa02d7b2
global_step=369040 | return=-150.92 | steps=130 | track=819d01ab7b57e632ba8132f16b0c321e
global_step=369120 | return=-141.72 | steps=131 | track=04d868f6191cb65ceb3d9e531cd3b28b
global_step=369232 | return=0.15 | steps=61 | track=b09192ad855e7c269d314e05cd382813
global_step=369312 | return=-121.21 | steps=131 | track=09aaf172f1f66a7ed5953114409a3f64
global_step=369312 | return=-135.51 | steps=131 | track=41f757650c345cc77b2511973ec4fe2c
global_step=369856 | return=-144.69 | steps=131 | track=b4834976ce020362797f7664a0ccf427
global_step=369888 | return=-136.20 | steps=131 | track=5ed5431cd505147ad7384fd2056326bd
global_step=369968 | return=-144.35 | steps=131 | track=5939b47ea920e408b6b2855d15a5818b
global_step=370000 | return=-47.40 | steps=60 | track=ccaf8aec140d6461364f99229bfdf84b
global_step=370016 | return=-149.23 | steps=131 | track=1c9aff64bc69800b2195ae255bbc9aa3
global_step=370032 | return=-78.41 | steps=66 | track=9f22de6efce723ace9e7f0ff7636c09b
global_step=370528 | return=-133.21 | steps=131 | track=f542dc72ebb9415e975f0932d517069f
global_step=370608 | return=-133.44 | steps=131 | track=de7e4e8f6173c5bba41d634ffe0a7169
global_step=370784 | return=-133.11 | steps=130 | track=5f8257fccaa816c15ec1102f7e641370
global_step=370896 | return=-4.35 | steps=64 | track=832af37521a6228d6c7f11e41d8e794c
global_step=370960 | return=-139.28 | steps=130 | track=6b1ace20bea10753750c9f1f9e7043aa
global_step=371072 | return=-119.21 | steps=109 | track=e6ae4a05f8639f51848d58e0f93ab4d3
global_step=371136 | return=-40.34 | steps=113 | track=a0b0fa4f16a9653daad949f5d58b5dc6
global_step=371136 | return=-137.94 | steps=130 | track=709636e6c1360f1a7ddc5076809c87b6
global_step=371168 | return=45.24 | steps=70 | track=5430e0a4dcb86e56151ac4a1cf4da1bc
global_step=371216 | return=-131.41 | steps=130 | track=93e0f01b18f7ad9e6954d089992c42eb
global_step=371344 | return=-143.77 | steps=131 | track=b003ae9d8289efbc265d54f8d4da3aa6
global_step=371424 | return=-200.77 | steps=217 | track=3b5571c86ff941a4358bd14bc407b8e8
global_step=371664 | return=2.57 | steps=65 | track=1df6e12359a4e48b7ca8096dd31c17d8
global_step=371984 | return=-136.31 | steps=130 | track=dc447372cc581a32b700c1aa31f32492
global_step=372016 | return=8.04 | steps=65 | track=08f4fdd361306b56d56ac62bf6e583f0
global_step=372064 | return=-145.20 | steps=130 | track=04488b19d260a6a046c5c988dfe97c0a
global_step=372128 | return=-126.77 | steps=132 | track=9c14a4782119bdfd6e9e12f4a11cea23
global_step=372336 | return=18.10 | steps=56 | track=2c81447bc911647c09bfa89b14008d0d
global_step=372368 | return=-52.69 | steps=63 | track=047a59cbe41581dc0e83141cbca3119f
global_step=372656 | return=-143.50 | steps=132 | track=d7c4f97c82f49d0c51b875ffb92b9766
global_step=372896 | return=-151.08 | steps=131 | track=ec4ee21751160d7fd9a734b470fef13c
global_step=372992 | return=-149.69 | steps=130 | track=00a73971e9e81b47fca7247eda59494b
global_step=373120 | return=25.11 | steps=65 | track=2074d61988236f56389cc479bbee0186
global_step=373184 | return=-131.48 | steps=131 | track=3a784262b8f04206bd8f55fea2474a78
global_step=373248 | return=-134.93 | steps=131 | track=d2947d5919fd3b6fdff82c015d72c690
global_step=373248 | return=-142.90 | steps=131 | track=d8e87afe71d8070bc66c3ac974e5e1da
global_step=373280 | return=-140.67 | steps=131 | track=2062b66407bb066f419382360adb9f85
global_step=373360 | return=-189.29 | steps=208 | track=cf0e04a8ab82cde393bf8a6c901bd963
global_step=373392 | return=16.01 | steps=63 | track=19d5efb0c3b3302a6a535a462d1d1771
global_step=373664 | return=9.99 | steps=82 | track=bd375d4a154a188cde6998412d19cb8e
global_step=373776 | return=-157.67 | steps=131 | track=b0b174d9f0aa7eb1cb1e101036007d3e
global_step=374096 | return=-117.89 | steps=129 | track=fbcc5978781d3d4a4ffefba3df05e8f6
global_step=374112 | return=-72.48 | steps=46 | track=9448f8ba3223135cb4b54391218f2bb1
global_step=374240 | return=-144.35 | steps=131 | track=26d778d998ea92f48c09a030b2d27823
global_step=374352 | return=-98.25 | steps=147 | track=3ca5033b8acd5ea4d3fbcb9dfbd4779c
global_step=374400 | return=-66.70 | steps=93 | track=7e6267307d755ec110d5895a1be2daa0
global_step=374672 | return=-121.87 | steps=92 | track=08e5724fba8ba66559f02de7f52b5f25
global_step=374720 | return=-24.11 | steps=65 | track=35ffc34e08496111f62ac14bb3f8f17a
global_step=374848 | return=-92.90 | steps=136 | track=2b5f68eced2b10c7ab1ed81f37d1614b
global_step=374864 | return=-128.24 | steps=227 | track=d7ab3460b4d7150e85d2aa37fb13d932
global_step=375024 | return=-30.84 | steps=56 | track=180d3ed68efa01c5cc02030f446a3b17
global_step=375104 | return=-134.91 | steps=131 | track=c6676da53eb473bcd13329ad692c9d38
global_step=375216 | return=-146.19 | steps=130 | track=5164129d17cefcfe83da2985847b379d
global_step=375360 | return=-152.16 | steps=131 | track=7935d857415981eea6ae6d406bf682b1
global_step=375360 | return=-118.71 | steps=131 | track=4bf7b27221a9399992ff6b059dc934fd
global_step=375504 | return=-151.37 | steps=131 | track=9f240bc58cada9434ea4e36c0f863454
global_step=375536 | return=-107.58 | steps=89 | track=605c42c03f1805b85b6db9b0df95c8bc
global_step=375872 | return=-147.80 | steps=130 | track=6806aac4971a8169be3b1da6e7cd2e7b
global_step=375904 | return=152.42 | steps=65 | track=c2d5bb194da70d28c7c2e113638dda02
global_step=376112 | return=-125.55 | steps=109 | track=a62405408c03628a3f710ef1bcc69e33
global_step=376176 | return=-13.72 | steps=90 | track=2497221e78692ebe5a7e8620f5f9db9a
global_step=376208 | return=-24.41 | steps=61 | track=0c9a2def86f2ccca289cb894c2568e3c
global_step=376304 | return=-89.93 | steps=101 | track=45f1966d070dfe774059804a4ea283a9
global_step=376352 | return=-10.93 | steps=61 | track=e9ec60eba9684132b188ed16819f1375
global_step=376352 | return=-155.41 | steps=131 | track=fb0f0c5e2ca6527c6f9289bd1ec4b277
global_step=376400 | return=-156.34 | steps=194 | track=5a428e7d9958985d10bce26edfc6531b
global_step=376512 | return=-151.41 | steps=131 | track=662d854ee381cedab86907a88a3abeb3
global_step=376832, SPS=55
global_step=376912 | return=-13.27 | steps=64 | track=fcf35a961cc3cfa44d72c422f2884e58
global_step=377216 | return=-132.60 | steps=131 | track=e36780bb646b4f40d25c4a1eed2def08
global_step=377360 | return=-12.70 | steps=62 | track=f5446ca2222faaac220aefcd2219620e
global_step=377552 | return=-91.04 | steps=157 | track=239a6afe0c209626d036aec049577d36
global_step=377568 | return=-131.40 | steps=168 | track=01eb721939b92e72e467ce93b24d2ef5
global_step=377616 | return=-139.03 | steps=131 | track=f7198c6853fd548e9e2daf4c6d0ede31
global_step=377648 | return=-115.61 | steps=131 | track=a88d5e1f7302d26cc723e4539e2fa28f
global_step=377712 | return=-54.01 | steps=81 | track=1496562a970581d844199aa93d8d22de
global_step=377984 | return=-54.87 | steps=47 | track=274ce65dafdfb91937dabd8ac2aab5c7
global_step=378096 | return=-61.67 | steps=45 | track=cb811872301f857333b6b15a8032cdf6
global_step=378144 | return=-160.14 | steps=173 | track=ec7c7919fecd216ec084d156cc696e15
global_step=378224 | return=-148.59 | steps=131 | track=64dc2e692bfd9a38e784a7c02ef64c47
global_step=378304 | return=-161.10 | steps=130 | track=dc38d95ec6d9d76d20fb99df3d4a938f
global_step=378496 | return=-107.47 | steps=136 | track=1cc1a9da2530ba7e54cb1f5cfe0f74eb
global_step=378896 | return=-12.34 | steps=79 | track=d8b97152e5a20f5b9959c34da6a932f1
global_step=378992 | return=-102.11 | steps=89 | track=a98afcbd3134bfd0ab40f01a39dc2c22
global_step=379008 | return=-109.71 | steps=193 | track=2464fe5d751050240247e56fe2e3b794
global_step=379040 | return=-155.58 | steps=132 | track=d57ec4009bfd9a8aa073818e92768af9
global_step=379328 | return=175.99 | steps=196 | track=b879069771001fda51ed1b581db27532
global_step=379360 | return=-119.66 | steps=102 | track=7673024f13da41f6362eb9eedc98a404
global_step=379456 | return=-112.25 | steps=91 | track=422afe7dd5fdb530c8b04f86bc9f03f7
global_step=379664 | return=-112.23 | steps=130 | track=28f65eed561f31a95453c50d362677d9
global_step=379744 | return=-118.70 | steps=102 | track=1fc3da884dcf972a8deb141f8fdabc8d
global_step=379760 | return=-115.38 | steps=131 | track=f90ee3831628c8f52d2017e42bd43e6b
global_step=380112 | return=-67.27 | steps=46 | track=4f9ad31f431a9cd910f8552094ea194a
global_step=380256 | return=-146.10 | steps=131 | track=97c8f57eb0b435f33f1879ae023db768
global_step=380336 | return=-121.10 | steps=131 | track=245576ad90c0d79c4a7fab4947ac2e93
global_step=380512 | return=-75.32 | steps=93 | track=7392f387d709cda5faeffa1d28248322
global_step=380608 | return=-83.21 | steps=143 | track=a08cadc4406d8004e4e0f11d9fdf57dc
global_step=380608 | return=-148.71 | steps=131 | track=de8fda46fa5a811b9e1495970dcfcf75
global_step=380672 | return=-41.18 | steps=269 | track=afc61faff5871aa40d1d0e69880b9ba4
global_step=380928 | return=11.71 | steps=73 | track=5ddc4d34db5ea035f4d61085690beadc
global_step=380992 | return=1.26 | steps=121 | track=99ad1ce560bd3bcafdfabe278f72f2f1
global_step=381088 | return=-145.40 | steps=130 | track=9c4e0f06058805c59f2eb5ebce439e8d
global_step=381200 | return=-81.63 | steps=143 | track=f9837b743a60c567918cd922a67ac80b
global_step=381440 | return=-145.54 | steps=131 | track=c30f07fc23867d641c9162b4ed1a462f
global_step=381440 | return=-113.95 | steps=110 | track=a75d3e8aa2e779681b216cfe2c8484e4
global_step=381568 | return=-154.81 | steps=131 | track=a219ec74f505c58adb41f05afcf02c59
global_step=381856 | return=-138.24 | steps=130 | track=756307589f8ec18214363f943e4fb3b5
global_step=382208 | return=-135.33 | steps=130 | track=aca3f2c93f1633b0b5b55cdd9a94d717
global_step=382224 | return=-78.62 | steps=63 | track=f3c57b9c195cc3a9b19cd2fee9d3f8fb
global_step=382368 | return=-142.15 | steps=131 | track=6ae4d219368adf6f21e253b70ab03d68
global_step=382432 | return=-4.74 | steps=61 | track=ba99265f56e3b4a841906cbc57a9dff4
global_step=382448 | return=-144.02 | steps=131 | track=e85a0a7b2beaa1a880fb46bc4c423cfd
global_step=382624 | return=-159.11 | steps=131 | track=a5de6894859e1a6142d74588ea78fec1
global_step=382720 | return=-139.18 | steps=131 | track=5370df1d9a7604b929f8f0ee0f0e1193
global_step=382784 | return=-146.69 | steps=131 | track=97d6e6415d1614baa36f77c97b18bbef
global_step=383040 | return=-122.09 | steps=131 | track=5d6685f776a8d778acfdea0a0b9b77b1
global_step=383088 | return=-145.88 | steps=130 | track=5ce25b9d168a90bf0e638eb28eedc675
global_step=383200 | return=-152.56 | steps=131 | track=66fc9a6d880d8df6e156e37c42a9e8e3
global_step=383376 | return=-14.85 | steps=62 | track=4fa6dacc7b5b43fa85413c6d772b8620
global_step=383440 | return=-57.69 | steps=44 | track=5c3f39d122bd870f011b2e70f2b2514d
global_step=383536 | return=-133.62 | steps=130 | track=4bc5fb1be708a2f83f540c40b3b1a302
global_step=383664 | return=-140.35 | steps=130 | track=4f6b56d4c1a7fc8c6cd196a8ed98688b
global_step=383728 | return=-6.65 | steps=80 | track=74d1fb64825e8dd0fabf4e40d752a5b6
global_step=383936 | return=-89.11 | steps=106 | track=2fc1e403743a94109ab0c38210ae602c
global_step=383968 | return=-137.89 | steps=131 | track=fe5039afc98cce55edc978ab63f61164
global_step=384016 | return=-36.46 | steps=60 | track=7c90be99081bf08f21bd2674d9887fe5
global_step=384192 | return=-5.64 | steps=68 | track=d6d34e92a4ff5779f5f5b5f0471b6af2
global_step=384288 | return=-85.44 | steps=114 | track=d0fef80af5f5899cb9f3c42b039b95c6
global_step=384304 | return=-134.77 | steps=130 | track=0fba582536455ba1af23fbc2c082e530
global_step=384352 | return=-68.04 | steps=42 | track=0811d50bcf867ba6c930462a0d2bf758
global_step=384544 | return=29.56 | steps=68 | track=23fcab3d9ee1746797adc90d20ac74ae
global_step=384736 | return=-129.93 | steps=131 | track=e390c4f7ae14bcb3f4cbc125c5825d7f
global_step=384768 | return=-38.76 | steps=51 | track=a177c6868f6d3fcccfa28b4991601161
global_step=384896 | return=-116.19 | steps=131 | track=2646fa5b86551eb67055ee1e45759e00
global_step=384976 | return=-20.61 | steps=62 | track=c8b980179ca00c73d50892bbabce346c
global_step=385312 | return=-135.16 | steps=131 | track=aa0dfbbbe53ee14a662a5bf46bd790b9
global_step=385456 | return=-104.60 | steps=89 | track=ac46c2cab9b79e5293f522a34d044b71
global_step=385648 | return=-153.22 | steps=131 | track=b5a78190cbef8856523491efcc0b138a
global_step=385648 | return=-236.87 | steps=570 | track=36d3d3b15fa0f350af1aea667448c446
global_step=385696 | return=-89.89 | steps=144 | track=fad452fc4def5bd2bc9b669513e738af
global_step=386400 | return=-142.20 | steps=131 | track=9dfbf11aa11534852e60228dab1782e7
global_step=386464 | return=-147.31 | steps=131 | track=689bf2c5d3e0035f33c343db4bb1e149
global_step=386496 | return=-105.59 | steps=143 | track=d32472175af9b8314c39bba296bc80c0
global_step=386656 | return=-141.66 | steps=131 | track=230a85b9fd52862b5efba1d2f7aad0c6
global_step=386672 | return=-119.11 | steps=105 | track=c38493e2bd2a7d7785c521b9b581d33b
global_step=386688 | return=-178.38 | steps=184 | track=7ab53aec903a5a48b3cd17ccf3f1f3c5
global_step=386768 | return=26.35 | steps=66 | track=c682bbf53b5c706507a46cdf13d043b4
global_step=386800 | return=7.40 | steps=83 | track=61e1de00e78f711c121d4c2390efb420
global_step=386848 | return=-147.68 | steps=131 | track=e6ddad37d13cebb454c31d4a1418f08c
global_step=386992 | return=-121.34 | steps=130 | track=4c97a201e7cc187f2ddc78ab9868b892
global_step=387056 | return=-94.15 | steps=142 | track=9fd0680f60ecde7eeeef70a013670bc5
global_step=387408 | return=-144.57 | steps=130 | track=d258c6273989d2e8987cb0afe87aa9b3
global_step=387648 | return=-164.80 | steps=439 | track=e4f73497756bd96943da73bcc1f2c356
global_step=387760 | return=-142.33 | steps=131 | track=d5f67de923878bea198031ed7c37b2a0
global_step=387760 | return=-46.95 | steps=68 | track=5ce9d84b6c7abefa45de17c40bac5234
global_step=387760 | return=-140.18 | steps=131 | track=c4a2880b137a6d79b63a9d88d140f028
global_step=387840 | return=-209.45 | steps=220 | track=2bc5df2fcbd3e79a29121321b3f6044e
global_step=387984 | return=-115.60 | steps=98 | track=34c8bb9d9d4e018a7e13523d5b102765
global_step=388112 | return=-105.97 | steps=89 | track=0bff361cca29a1a983c68dcfd93e82dd
global_step=388144 | return=-29.33 | steps=45 | track=edd9aad6ef842a3582f88ef3b7f2d6e7
global_step=388288 | return=-103.97 | steps=89 | track=2455685e7c19f9f4a9cd9d34f262101f
global_step=388576 | return=-150.10 | steps=131 | track=b308bb50695f5ed807ed28594773a210
global_step=388624 | return=-138.47 | steps=115 | track=c44b483f304883dfcd40cea2d4d8e58e
global_step=388832 | return=-63.16 | steps=66 | track=3f68397709659123c15d64aabd8cd331
global_step=388848 | return=-92.03 | steps=146 | track=da2ee530c6d4940578e639af0dfbe9d7
global_step=388912 | return=-144.80 | steps=131 | track=b6714d4d5536a82451fd6ad5bd2a4660
global_step=389040 | return=-74.98 | steps=146 | track=5e0f32be31d6b923a90b38817ade3f97
global_step=389104 | return=-132.57 | steps=131 | track=ead00084aef09a940a33eb95c382bcde
global_step=389168 | return=-138.00 | steps=131 | track=ca29440b75e44eb5ad0c6d7c85f907ea
global_step=389280 | return=-121.78 | steps=101 | track=1e024327f2d3393fee068cd6b91e51e5
global_step=389312 | return=-105.97 | steps=96 | track=a8d85e54dde2cd870823d3fddbc5edc6
global_step=389600 | return=-92.09 | steps=60 | track=f06420227fd84b8afe7e6f98201cac73
global_step=389648 | return=-40.85 | steps=95 | track=a7f07167d388cbee8db98f9ce7037b6e
global_step=389840 | return=-15.86 | steps=62 | track=4516e31225e89d80b464271bf02d833c
global_step=390080 | return=-139.52 | steps=130 | track=b1754c111ea18e962534a83b948e5d32
global_step=390144 | return=-87.86 | steps=143 | track=5403741f47d890da52ddb2adc6274cc6
global_step=390304 | return=-80.89 | steps=134 | track=55e32b79453972b7c9ceb2df2252abe5
global_step=390688 | return=-124.10 | steps=131 | track=05ec8180df23a97cc445e00d5332749f
global_step=390832 | return=-27.79 | steps=76 | track=dfe516744fbf06bb59c35074f797079e
global_step=391152 | return=-147.43 | steps=139 | track=bd35039a435c9be930806125d9e32dee
global_step=391296 | return=-149.95 | steps=132 | track=47bbb85a0ebcf3c6c50b346dde5aee15
global_step=391392 | return=-143.49 | steps=131 | track=17f6e22b52dee7ccc1e3795ed952bcad
global_step=391392 | return=23.90 | steps=67 | track=0816b693dc48d4fb0591334b47256417
global_step=391408 | return=-0.25 | steps=78 | track=6201465b60a81e3b8c8118655feab3ce
global_step=391456 | return=79.13 | steps=197 | track=9ac2bbc3fe6bc0d83513ba368a39289c
global_step=391648 | return=17.28 | steps=242 | track=9153970830a3030e0ea19aac30549eb5
global_step=391936 | return=-96.36 | steps=142 | track=ef86f0c69701ae33e29735c0de504783
global_step=391952 | return=-131.67 | steps=131 | track=677c13264f4ffe825c9528aac5422275
global_step=392192 | return=-147.79 | steps=131 | track=e6175eada106a3b7a4826ed801ab73d9
global_step=392208 | return=-144.00 | steps=180 | track=1ceddca108b3264ab71efb7344837120
global_step=392496 | return=-41.63 | steps=68 | track=73ac30fbae380fc268f24436b6582bc9
global_step=392496 | return=28.44 | steps=67 | track=853eef036d755382d5436f103d3cb02c
global_step=392720 | return=-191.02 | steps=225 | track=f785c1e610337f7f7cfb6c0f64264e09
global_step=392800 | return=-137.60 | steps=131 | track=4da1bc14fcac5f5f779c5e528af24e4f
global_step=392944 | return=-141.43 | steps=131 | track=4d3f1d7cb035cc0af37341906136a57d
global_step=392960 | return=-63.75 | steps=47 | track=3c56100cdde42df6203b6c8f6fa1fd9a
global_step=393216, SPS=55
global_step=393280 | return=-137.36 | steps=132 | track=e9e1e2e630af547331b2945178c36444
global_step=393424 | return=-92.72 | steps=273 | track=935a8f8396a36c3aae671c899a137ceb
global_step=393488 | return=-146.58 | steps=130 | track=3c8d19d2d15ff45d58592b676b44b36c
global_step=393552 | return=67.70 | steps=293 | track=94e8cd127d6aff5ab297b37e2ab0feb2
global_step=393568 | return=-149.16 | steps=131 | track=853ab633f4d6efa6c2ed4376eb0a040c
global_step=393648 | return=-117.41 | steps=106 | track=16a4b6a4f489af49172a45582933c40b
global_step=393760 | return=-137.67 | steps=131 | track=93ee4beab45dfbea812ff87681c40745
global_step=393856 | return=-154.25 | steps=159 | track=19f279d82202ba23d123739720f29a06
global_step=393872 | return=-84.83 | steps=66 | track=505c3782578b47fbe9ba8bfdf331e49c
global_step=394032 | return=9.61 | steps=67 | track=d9419ebcb5a88b31584d9f508fed5d46
global_step=394080 | return=-144.85 | steps=132 | track=fa2a5408d0491b99c09c19217a9ad51d
global_step=394384 | return=2.72 | steps=68 | track=ebac36dd2e636b344818434a963cd1b7
global_step=394608 | return=-152.18 | steps=131 | track=141a9a3fc02f2fe1939b1dafb2ab714c
global_step=394608 | return=-140.50 | steps=131 | track=45aaf729a3f59230687d068570fcc10b
global_step=394832 | return=-145.71 | steps=131 | track=f6d3aea39d7885021f8e37cefea21a1e
global_step=395072 | return=-134.20 | steps=131 | track=38529d8118f002b5aab4b912a5f2c78f
global_step=395152 | return=-59.36 | steps=103 | track=bcc5a6457dca5094d03d354c656c7b38
global_step=395600 | return=-116.20 | steps=126 | track=522fedd857e96bc0ea74f5a386fbf2c1
global_step=395616 | return=6.63 | steps=62 | track=9470f8f2223c7b8269fcef87c93923b3
global_step=395616 | return=-13.03 | steps=62 | track=0ab49a595210ae05d5c323f51a45ade9
global_step=395616 | return=-114.28 | steps=98 | track=f69da44d3ec0137c488b58a6247733fa
global_step=395712 | return=-70.59 | steps=115 | track=0afc331f187cf62af13feddbfcf44ce5
global_step=395744 | return=-153.74 | steps=130 | track=d6774be328cdf0c05b62a83d4250c2eb
global_step=395856 | return=-165.52 | steps=227 | track=5741ed418db1e4d3d61e54f0fc7aa762
global_step=395872 | return=-151.68 | steps=131 | track=dfdbc4a98648040b62dd5774af940ffc
global_step=395984 | return=-137.57 | steps=131 | track=ff387340d3f2f967fb9952e38b7f09f4
global_step=396176 | return=-148.65 | steps=130 | track=7dcef3ea349d7023e71cc4b7f515a709
global_step=396496 | return=-148.76 | steps=131 | track=3f47733e6babd2e15ee6ff0a39778323
global_step=396752 | return=-13.11 | steps=62 | track=98902a7acf99aa022bdfa806e3fb27f6
global_step=396928 | return=3.41 | steps=66 | track=524c840b33fd8066f67f3cae3f8aa482
global_step=396960 | return=-144.87 | steps=132 | track=c992f28957c9ed335191c7f552629bd4
global_step=397232 | return=-7.07 | steps=65 | track=f76fd2d30d3579ed1e71a43fefd746d8
global_step=397264 | return=-148.09 | steps=131 | track=c80fbf4692fcde77c07bf8052258db6e
global_step=397728 | return=-137.69 | steps=131 | track=8242393690b741d168fad6496febf439
global_step=397728 | return=-147.10 | steps=132 | track=35c2f01bae638b8ad56973ee7b4886fe
global_step=397728 | return=-147.68 | steps=131 | track=212e774023d3b334905b9854632191f2
global_step=397728 | return=-134.27 | steps=131 | track=8bb11a3ab76ea3e2dd747d5eb835768b
global_step=397824 | return=-132.23 | steps=131 | track=92b18adeb00b6bb46365a5640f29c298
global_step=397952 | return=-1.15 | steps=63 | track=a024098cd74e7e21dc0bfb49bbc50a14
global_step=397984 | return=-143.81 | steps=131 | track=7c2c27ace817a7d6647ce8b30084e071
global_step=398032 | return=23.82 | steps=66 | track=727104b8560b6029684e6a6261382067
global_step=398032 | return=59.31 | steps=287 | track=92dbe80f2fd4b3ce5b486a0451e7f573
global_step=398048 | return=-125.19 | steps=280 | track=22465f7269a3f7fdd349d9956cf95394
global_step=398080 | return=-152.05 | steps=130 | track=982599bb8de3045559688d3c4494a189
global_step=398336 | return=11.02 | steps=66 | track=93ef665af0270fafebec7e4b6019a194
global_step=398592 | return=-136.54 | steps=130 | track=d0c25ac20a25e9309bd495d2540c3a55
global_step=398624 | return=-151.33 | steps=221 | track=2bcfe003a7042dca1a443e4b30419555
global_step=398864 | return=-142.15 | steps=131 | track=343d5fa585dc3711081003210cf6ca41
global_step=398880 | return=-25.03 | steps=65 | track=f144e338b992562be0cae2a1c0dfafe7
global_step=399344 | return=-137.27 | steps=131 | track=c91c8e43ed79454ac92820f251ad6895
global_step=399648 | return=30.73 | steps=65 | track=4eee268a0e821020ee9b76959faa10a8
global_step=399824 | return=-161.68 | steps=130 | track=accfae018aabe4c682b39d9cc815b5e8
global_step=399840 | return=-143.68 | steps=131 | track=410193bc06ec4c06921bf7e2df86dc3d
global_step=399840 | return=-147.60 | steps=131 | track=a850097293e96449518101157752a1c9
global_step=399840 | return=-147.62 | steps=131 | track=e1b8494f2a61a87cd3403cc251833bdf
global_step=399952 | return=-33.43 | steps=67 | track=5b40db53ca022f49b29d37ab66657ae9
global_step=400096 | return=-144.21 | steps=131 | track=3347524dbc5c54c6a121c07058a185df
global_step=400144 | return=-93.43 | steps=112 | track=7f271a43a0f55fe563043910ecf697dd
global_step=400144 | return=-135.59 | steps=131 | track=8287bb1d13f0ba217a07592015c4f525
global_step=400144 | return=-135.99 | steps=131 | track=5d4c14d336cc5922c4e9033b8293c7fa
global_step=400144 | return=-149.92 | steps=130 | track=e0c70c69a800eb489e0dc785219026f0
global_step=400192 | return=-133.95 | steps=131 | track=cf42609393ce58de2b30012f7236350d
global_step=400208 | return=-30.73 | steps=53 | track=f37ab7d6cd51dd18117682a5d916287a
global_step=400480 | return=-143.07 | steps=157 | track=36c96107d163c7992159dc7c7897a223
global_step=400784 | return=-44.44 | steps=51 | track=56eb4f0cf11a1bdf34fcd2a73447ea79
global_step=400880 | return=-1.24 | steps=65 | track=f54015d5418648f9c4d04837ee6c092d
global_step=400928 | return=5.03 | steps=67 | track=1543d042a8477e04157001b2d0d336eb
global_step=400992 | return=-132.35 | steps=131 | track=c4617179f82058415d586f7445db5ba1
global_step=401152 | return=4.13 | steps=62 | track=7cea0174c2ba6eff17d293ffd6135738
global_step=401344 | return=24.02 | steps=70 | track=62cda5a152a2185f53b45e18bffad05d
global_step=401600 | return=-27.59 | steps=185 | track=1328e1dbccaf304ff23149ad1a012b1b
global_step=401840 | return=1.80 | steps=59 | track=4342ed21f41719a42367714254408727
global_step=401936 | return=48.73 | steps=71 | track=70d596e68f1ffd391fe13a8f07912887
global_step=401952 | return=-131.26 | steps=131 | track=05d017ac5205d09da691f1c3f787dc1d
global_step=401952 | return=-132.70 | steps=131 | track=2b0808b0dece35ef81a958f3a6939e4e
global_step=402144 | return=-53.67 | steps=155 | track=a9721998f5e1765a15077abe84ab647f
global_step=402240 | return=-138.98 | steps=130 | track=c402a334227572e35e2c2e1b96da5d85
global_step=402240 | return=-143.94 | steps=130 | track=fde08a13265d1e6d9667240b683a011a
global_step=402256 | return=-143.64 | steps=131 | track=a7522410cc297fb961a642d26ba17a54
global_step=402304 | return=-135.97 | steps=131 | track=7a813b36384632906d2696cf4273d5f0
global_step=402368 | return=-46.97 | steps=89 | track=8932f880bf83c37ffc5cc6fbb1b7081d
global_step=402464 | return=-104.89 | steps=123 | track=bfe5606d55c02cb5d99bc8bce9af9fbb
global_step=402944 | return=-5.99 | steps=177 | track=8b5a732c6fab30c7384bac3ae18952ce
global_step=403008 | return=-51.52 | steps=46 | track=4a349e0b249926e57462cef3de69d0ef
global_step=403104 | return=-142.45 | steps=131 | track=a434091b6dfbb2b295cfcd2c2559442f
global_step=403344 | return=2.36 | steps=68 | track=b4844765a8b4dc06fdd1eabcd3139f10
global_step=403536 | return=-69.73 | steps=80 | track=a7dd984546b64d93888de97d7509267b
global_step=403760 | return=-57.68 | steps=46 | track=17c41e2dcdf884eb3dcf8864aa964426
global_step=403808 | return=-59.23 | steps=93 | track=79f8b260028d26c36b7a0d16598a365f
global_step=403856 | return=-4.43 | steps=168 | track=05f5f492ad152e92812e58465859d7f4
global_step=403936 | return=-147.78 | steps=130 | track=185fbb5d991cee9b5cd1d4843e843653
global_step=404048 | return=-151.29 | steps=130 | track=39c64c571f8026fc33d5f97b63796e40
global_step=404048 | return=-143.18 | steps=130 | track=24df5b638578961e25bd1b7b4c7361c5
global_step=404048 | return=-146.30 | steps=131 | track=8d6d9b9c1876b2d798e6af7603f7d842
global_step=404064 | return=-110.82 | steps=153 | track=5037d88f2923aa1f96217b7f6fcadfe0
global_step=404256 | return=-144.06 | steps=131 | track=a2f21bb84ef2170c61eae616646765f8
global_step=404320 | return=-142.81 | steps=185 | track=ed096f75fc1e3dcbfebe83070ca0ca12
global_step=404560 | return=-151.84 | steps=130 | track=9fc56f130815902004e5afff0a96ff2e
global_step=404608 | return=-7.45 | steps=66 | track=ad98156654673a69f5ede0e146a2d3a1
global_step=404864 | return=12.23 | steps=68 | track=37efe31cd5bb644507f019307e21ff2e
global_step=405088 | return=14.84 | steps=64 | track=eef8e348329b385b5cfbd3e2289ecb85
global_step=405200 | return=-152.44 | steps=130 | track=d58c99877c71d4de6ae69cd8b2f7e594
global_step=405296 | return=-73.87 | steps=146 | track=d28140e70dccc668a8119354bbd1dfc9
global_step=405296 | return=-24.19 | steps=60 | track=469fcb2b94e7cee3fd09a8a1b3fd158b
global_step=405328 | return=-118.41 | steps=94 | track=481f8abb8a333d0923f447fbba966bef
global_step=405408 | return=-71.23 | steps=96 | track=265ba76a4fb56ff1d56632b7a673cd0e
global_step=405440 | return=-108.98 | steps=130 | track=8c51e1752adc55fa5ee5214e6823eccd
global_step=405536 | return=-61.75 | steps=41 | track=8b2f35fdad53405c58d851e2ae319f81
global_step=406160 | return=-142.11 | steps=131 | track=6267ba24a9c8c0a277ebec6180e18f37
global_step=406544 | return=-56.62 | steps=154 | track=b2921c487eced5c22849255c89c74543
global_step=406544 | return=16.88 | steps=68 | track=41f3ff12eeb68141290cc076f1bf33f4
global_step=406576 | return=-113.42 | steps=262 | track=de1d11f82e9fc1429f7ff1a02fca3354
global_step=406672 | return=-160.51 | steps=131 | track=52d0c2e2a7e0cd77bd75a48c446bef12
global_step=406688 | return=-178.86 | steps=171 | track=cb8f745cfd0647cc504f09d1d4d329e6
global_step=406720 | return=-138.06 | steps=131 | track=4b0719a28ccbb61e8f481265015a971f
global_step=406800 | return=-139.14 | steps=171 | track=614e4b99f3d471ea470e47d94b61fe25
global_step=406848 | return=-108.51 | steps=161 | track=d17342b7ea5d3906c7a5b2a6a3a4fdc3
global_step=407200 | return=-142.94 | steps=131 | track=6257006d914236878c8ff72a1a2bfefe
global_step=407312 | return=-137.29 | steps=131 | track=d7d1c4f380fc3ff2409cc38b8576d447
global_step=407392 | return=-139.50 | steps=130 | track=072f907c11cd23659b8de00dfedc1521
global_step=407408 | return=-142.58 | steps=131 | track=e97aff44515e04ecbf2d9491be3a4e24
global_step=407520 | return=-137.77 | steps=131 | track=77f29fe66bd72476d17e2832a7d8a07c
global_step=407648 | return=-140.02 | steps=131 | track=a7f970b63ab9e101c4e46b1c91faea00
global_step=407792 | return=-3.68 | steps=66 | track=f94412b1e5cdf4f20b7dc2557d551d53
global_step=408048 | return=-143.84 | steps=169 | track=eb96169bcef3a505688ac114c1588045
global_step=408096 | return=-38.93 | steps=43 | track=fb7dd77777711b9a9e11bf17ba1f6c19
global_step=408464 | return=-158.41 | steps=143 | track=5b654e31443ac2616b4cd59e5cbc1560
global_step=408640 | return=-153.18 | steps=130 | track=7e3616f96b6607175e6779236ccafe9f
global_step=408656 | return=-144.49 | steps=131 | track=b3e553e30fcf9bc6c1e230e04aa81bc1
global_step=408672 | return=-151.87 | steps=130 | track=15a0901ff54985302d4fa37301fd9dfa
global_step=408784 | return=-141.15 | steps=131 | track=896a5d9c848f6c25335bf6041f9b137d
global_step=408800 | return=-149.90 | steps=131 | track=f2cfe2c1d96fa5a615d3354fc5370b51
global_step=408912 | return=-159.99 | steps=131 | track=14b421d6c87d6f77af0bc1fabb38a202
global_step=408960 | return=-149.65 | steps=131 | track=8dbe16ee0c1a635c4ef316d9264e853e
global_step=409152 | return=-65.28 | steps=108 | track=fecc80d0c5cd389920177fa04b44f298
global_step=409312 | return=-143.61 | steps=131 | track=09c974fc77684d01330f7d622bd4686f
global_step=409408 | return=-156.97 | steps=130 | track=3d0be6409c8cd24e0e582a5b3c2615af
global_step=409600 | return=-5.48 | steps=70 | track=8db778a04cb75f68ddb224fa4c17af82
global_step=409600, SPS=54
global_step=409904 | return=-101.83 | steps=140 | track=d7218140f772c3dd36076008adaaaead
global_step=409904 | return=-146.14 | steps=131 | track=0cbda8a863764cf0c82d8b3fff5495f5
global_step=409920 | return=-65.42 | steps=149 | track=073e7e889bb6f94f3084971892eb60a8
global_step=410144 | return=-132.91 | steps=130 | track=217b6caf042ff0fbc6b9b7e90f701d36
global_step=410160 | return=9.54 | steps=74 | track=3aed26fdee46ff3e7bd67a52b49da386
global_step=410256 | return=-43.67 | steps=52 | track=940e54d680541b0f837207642da89750
global_step=410752 | return=-153.05 | steps=131 | track=dd9ca3db0bf5d98eb35a0cb2c1208159
global_step=410784 | return=-108.68 | steps=131 | track=d11fcfa3e6e5a1e88b2d64598bd4013c
global_step=410880 | return=-143.80 | steps=138 | track=2719044b012901cc4bded3a10e2fbf2c
global_step=410880 | return=-134.12 | steps=130 | track=e156d89be6886419e1bb7143e15c73eb
global_step=410912 | return=-161.06 | steps=131 | track=b7ac9e6c1f85051cc2e3808c753cbed4
global_step=410912 | return=-103.32 | steps=109 | track=37e6b96a92bdba02d5c09c15a91b5346
global_step=410992 | return=-4.00 | steps=67 | track=50aa7ed7ea0eab95ea0d0ba7bff23fe1
global_step=411008 | return=-146.08 | steps=130 | track=02f8805476f9895c85db17286ce89ef2
global_step=411040 | return=-102.17 | steps=89 | track=c860a575be67deea43efc5c8d89453ae
global_step=411440 | return=-171.67 | steps=132 | track=78c6d07b9ab5fe710c28aa97dc4b645b
global_step=411632 | return=-61.30 | steps=92 | track=b7906c42996f34b8a7dd50a99e3eba12
global_step=411856 | return=-25.95 | steps=60 | track=243857536bbab73bda92458d6feba227
global_step=411920 | return=-195.23 | steps=238 | track=b95efe6c6be9c2ba4032f28cf8505c7e
global_step=411984 | return=-109.67 | steps=129 | track=89cd0065739c417093b186e9f41f4d94
global_step=412032 | return=-138.71 | steps=131 | track=1a931f945a77ac245537789ef98c0635
global_step=412272 | return=-147.61 | steps=131 | track=e0ee0127e4906181127bf2404f4e0b33
global_step=412368 | return=-142.31 | steps=131 | track=4c14f780fee477fe700e39c38266a50d
global_step=412512 | return=17.66 | steps=66 | track=eab3e3a80a2c818506918ba0cd38e6f7
global_step=412864 | return=-148.97 | steps=131 | track=0959a73a17d51d6819f9e6577fe5a4f7
global_step=412896 | return=-157.41 | steps=131 | track=5bd2997a0dcef913334589b11ed9e745
global_step=412992 | return=-148.47 | steps=131 | track=c987aadff3e94f992e2368f306947152
global_step=413008 | return=-154.88 | steps=130 | track=0bcc43eae3f3f5cb8a9d3f9dd62c8ee5
global_step=413104 | return=8.27 | steps=66 | track=7576f0b5ba1377e24a4f4f73c1276292
global_step=413120 | return=-145.95 | steps=131 | track=7f57e0f581a61e9ac4488e569b0152dc
global_step=413280 | return=-148.34 | steps=139 | track=0bf61f851f81694cb9727e8c3c5b86cd
global_step=413344 | return=-49.19 | steps=151 | track=5c5131973bb23687198dd416e8deaf50
global_step=413744 | return=-131.40 | steps=131 | track=8397609d0453912cc6b71e53af1130fa
global_step=413776 | return=-71.30 | steps=93 | track=8aaf81c6dfd4cb9809b3d5fbf8f8a7d5
global_step=413952 | return=0.06 | steps=65 | track=0e7e92a6435124ea751097c8d82d4e8f
global_step=413952 | return=-136.79 | steps=130 | track=5f0ff1c76696f7163ed2217e8c8fd5d4
global_step=414032 | return=-153.63 | steps=131 | track=d5fcc117c16cbeefe87f1b0c9899dc1b
global_step=414080 | return=-129.80 | steps=130 | track=f5a698799dcb27e558c7a48b2cf73662
global_step=414144 | return=-113.13 | steps=101 | track=f31b731ea026eea4ab79d2dc037f4654
global_step=414464 | return=-117.39 | steps=130 | track=a8f348df7bc752774e8d18403897b875
global_step=414496 | return=24.14 | steps=71 | track=3731feae6cb16de672426598f9989d31
global_step=414784 | return=6.16 | steps=64 | track=e604dd811046fb0d079f815b870fdcfc
global_step=414816 | return=-55.16 | steps=45 | track=49162a76b5e82c3d1c25052cc7e36f8e
global_step=414912 | return=-46.60 | steps=47 | track=3a1808526b0ab84d469fbe07bbb4bc56
global_step=414976 | return=-144.15 | steps=131 | track=28186806b10f32de012c08eaa7ab4066
global_step=415104 | return=-152.94 | steps=131 | track=ba7a864740dbc3239e416627e6d75ab3
global_step=415216 | return=-141.01 | steps=131 | track=3be18f07b9339e4c44abd1ffe1eb84e5
global_step=415248 | return=-74.65 | steps=122 | track=758360ba63d5401f14ef419c161cb46b
global_step=415280 | return=-119.83 | steps=134 | track=adde5313e75e2b6ea66344c6c5f0e34d
global_step=415856 | return=-11.25 | steps=64 | track=079c54195ba0ec64d21439c5f458ef79
global_step=415888 | return=-140.26 | steps=131 | track=8a3a7e57a45ea7cca33b72e56cbee1bd
global_step=416016 | return=-170.11 | steps=313 | track=edef34a4d43695dfd26f273a3b18cb8f
global_step=416064 | return=-150.17 | steps=131 | track=66a07d8b9450a71c31726329374c154a
global_step=416416 | return=-73.58 | steps=148 | track=64184f6f87ae19bc3c39de732176714a
global_step=416560 | return=-17.92 | steps=79 | track=c75c85d3cbf2b7692d3fadaeaae1bdbb
global_step=416560 | return=-168.99 | steps=221 | track=09e2e1de5ba511fa8a663148a7b8a591
global_step=416592 | return=-141.19 | steps=130 | track=cf71c00b8d052d31916a64c5c0e9dafb
global_step=416880 | return=-114.00 | steps=130 | track=6dc08b8dc0baf753b0a7164849a0496a
global_step=417104 | return=-25.36 | steps=115 | track=0250705b3f6c58bf6122bd82cbb8af86
global_step=417104 | return=-34.31 | steps=132 | track=90acead2a73eaa6e19d9d9ef175e5b79
global_step=417120 | return=-103.13 | steps=137 | track=e5a6d4f22d336b6d4b1f0654b7056d87
global_step=417200 | return=-142.68 | steps=130 | track=3bc70434891e17e48e5966b5989391f1
global_step=417216 | return=-58.59 | steps=40 | track=2571844b21fc36982b31448af84ec749
global_step=417216 | return=9.93 | steps=82 | track=bf3443c4c26d6664cc0579fd98c00344
global_step=417568 | return=-99.79 | steps=225 | track=64a70e479b172138c8a857c476af744b
global_step=417680 | return=31.52 | steps=67 | track=dff2239b596351bb04dedf27f9f96e4b
global_step=417680 | return=21.56 | steps=69 | track=3be70ba579c3985157e0ac5e302f362b
global_step=417920 | return=-85.40 | steps=93 | track=6e3cec2b53f3f69355de9574126eefae
global_step=417968 | return=-133.46 | steps=131 | track=19eed6dbf0757f50dbece9f21d2fbaa2
global_step=418176 | return=-153.62 | steps=131 | track=7501c1a97e1b93c5f9080839955110d9
global_step=418560 | return=-114.06 | steps=255 | track=5d336c01a72ad1fe33d1ab339944a2bb
global_step=418640 | return=-109.36 | steps=95 | track=e5e3994225d3419f8a561d6911db3675
global_step=418672 | return=-30.40 | steps=61 | track=0a9639371fd69ac19e26cb70b3f3a120
global_step=419024 | return=44.34 | steps=68 | track=97724525a505f5f50ab44a3ca98cea72
global_step=419216 | return=-133.89 | steps=131 | track=0f398e297c5583e447ca94116a3f7474
global_step=419232 | return=-147.95 | steps=131 | track=e1f9e6032ac099bc358a15bb384edaec
global_step=419328 | return=-146.80 | steps=131 | track=15057690130d2620c7dbeb4603d980cc
global_step=419328 | return=-131.93 | steps=131 | track=90fe8ee3215ebf5168284384ee663eda
global_step=419680 | return=-147.71 | steps=131 | track=062579cdcd8b82fd9fa4b3db2a1e0c97
global_step=419920 | return=-34.78 | steps=43 | track=0bd91c30a0404aee636226336cbd52c3
global_step=420016 | return=-34.78 | steps=299 | track=ea2a91be053d3be0a358d89ca4830ffa
global_step=420240 | return=-83.31 | steps=263 | track=58b402d9bbee4cd5156940f4b9b2b987
global_step=420288 | return=-140.63 | steps=131 | track=749337729205b3886e2e00b2e369b680
global_step=420320 | return=-80.94 | steps=146 | track=abd5d2b7c96ff021a3f074e47f6d6836
global_step=420448 | return=9.33 | steps=69 | track=e708a573f8fb39fe2705507d98251ebc
global_step=420448 | return=11.31 | steps=69 | track=875dcf53039ebce93c9f8d619ec481f2
global_step=420464 | return=-128.96 | steps=223 | track=72ed4e0a6dca043f7b5852e9e2ae02ca
global_step=420544 | return=-54.46 | steps=208 | track=a9f0ef48551677a134c9ebc522f159ac
global_step=420672 | return=-104.91 | steps=89 | track=025527e9e647ca676e46c50063762fbf
global_step=420672 | return=-155.01 | steps=131 | track=d7c3a43e28d43fe71567510791807e39
global_step=420784 | return=-135.90 | steps=131 | track=54c59b907ba74d1ad9b97b9aa515c930
global_step=420880 | return=-110.61 | steps=139 | track=d2d1d847977d31f0e8dda8ef25815266
global_step=421024 | return=-33.31 | steps=62 | track=4042f31ecd461e0acd4d64853b57e20c
global_step=421136 | return=-141.60 | steps=131 | track=c0e4af07abaaa45b9fb1794513d00b92
global_step=421408 | return=-139.07 | steps=232 | track=f8234889f4b13921c06b0938015ada5f
global_step=421504 | return=19.09 | steps=65 | track=656f8f30a5274d4bd462c7751b9b3703
global_step=421792 | return=-127.69 | steps=131 | track=c5d2e02387af82785376fcb588438057
global_step=421904 | return=-40.45 | steps=103 | track=28ef8b2e42453c4adb2f979fe55422ed
global_step=421904 | return=-105.98 | steps=89 | track=18bdcf2171d2fcb7ab639f179f5396a0
global_step=421984 | return=-113.19 | steps=89 | track=361ca46f5db4ca6d66f6a78aaa166f64
global_step=422320 | return=-109.80 | steps=89 | track=8c7716321257b69f600b302359901be7
global_step=422432 | return=-146.89 | steps=131 | track=0a6400f6049a4e6c461c5fdf8debd296
global_step=422560 | return=-157.28 | steps=131 | track=2684a4be6b55ad4a1eac0d19d742fe9e
global_step=422768 | return=-143.82 | steps=130 | track=9a43ad8e930823ca73131417a90be341
global_step=422864 | return=-119.02 | steps=90 | track=11dc19facffdb9c83c71e94f0e8ce94f
global_step=422880 | return=-100.31 | steps=108 | track=d29b017c937f0820f879606af9e76a01
global_step=422896 | return=-145.95 | steps=131 | track=5e8c5c36ed2f995bae3527f7e5599f90
global_step=422912 | return=19.14 | steps=69 | track=f164d4b6c38aa39a8530c3d84c53e43f
global_step=422944 | return=-104.41 | steps=89 | track=55a7759e88fe403716d639173bfbbba8
global_step=423008 | return=-147.39 | steps=192 | track=542f8bee6a0551da07a0936d440fa77f
global_step=423024 | return=15.76 | steps=69 | track=cc589494dbfec2bb01740bd788bc869f
global_step=423040 | return=-105.51 | steps=147 | track=b798783bb961c468337c825013af9561
global_step=423680 | return=-118.14 | steps=110 | track=f450fb5dfbcffac25c1ad019463f316f
global_step=423760 | return=-33.10 | steps=216 | track=f023dbb0a6831307cd26fb07619d7de2
