step,value
48,0.4000000059604645
136,0.4000000059604645
192,0.4000000059604645
456,0.4000000059604645
536,0.4000000059604645
560,0.4000000059604645
584,0.4000000059604645
656,0.4000000059604645
840,0.4000000059604645
864,0.4000000059604645
1144,0.4000000059604645
1168,0.4000000059604645
1216,0.4000000059604645
1376,0.4000000059604645
1408,0.4000000059604645
1512,0.4000000059604645
1824,0.4000000059604645
2024,0.4000000059604645
2064,0.4000000059604645
2448,0.4000000059604645
2600,0.4000000059604645
2832,0.4000000059604645
3016,0.4000000059604645
3032,0.4000000059604645
3248,0.4000000059604645
3368,0.4000000059604645
3888,0.4000000059604645
4184,0.4000000059604645
4216,0.4000000059604645
4248,0.4000000059604645
4520,0.4000000059604645
4728,0.4000000059604645
4856,0.4000000059604645
4928,0.4000000059604645
5224,0.4000000059604645
5232,0.4000000059604645
5336,0.4000000059604645
5680,0.4000000059604645
6024,0.4000000059604645
6064,0.4000000059604645
6080,0.4000000059604645
6128,0.4000000059604645
6256,0.4000000059604645
6288,0.4000000059604645
6544,0.4000000059604645
6640,0.4000000059604645
6752,0.4000000059604645
6784,0.4000000059604645
6800,0.4000000059604645
6840,0.4000000059604645
6944,0.4000000059604645
7024,0.4000000059604645
7080,0.4000000059604645
7320,0.4000000059604645
7376,0.4000000059604645
7416,0.4000000059604645
7872,0.4000000059604645
8328,0.4000000059604645
8464,0.4000000059604645
8504,0.4000000059604645
8744,0.4000000059604645
9040,0.4000000059604645
9432,0.4000000059604645
9784,0.4000000059604645
9904,0.4000000059604645
10432,0.4000000059604645
10624,0.4000000059604645
10712,0.4000000059604645
10832,0.4000000059604645
11136,0.4000000059604645
11208,0.4000000059604645
11288,0.4000000059604645
11504,0.4000000059604645
11872,0.4000000059604645
12168,0.4000000059604645
12480,0.4000000059604645
12624,0.4000000059604645
12640,0.4000000059604645
13032,0.4000000059604645
13080,0.4000000059604645
13352,0.4000000059604645
13528,0.4000000059604645
13584,0.4000000059604645
13640,0.4000000059604645
13920,0.4000000059604645
14168,0.4000000059604645
14232,0.4000000059604645
14312,0.4000000059604645
14920,0.4000000059604645
14944,0.4000000059604645
15216,0.4000000059604645
15344,0.4000000059604645
15392,0.4000000059604645
15416,0.4000000059604645
16240,0.4000000059604645
16384,0.4000000059604645
16488,0.4000000059604645
16520,0.4000000059604645
16944,0.4000000059604645
16992,0.4000000059604645
17232,0.4000000059604645
17360,0.4000000059604645
17904,0.4000000059604645
17952,0.4000000059604645
17984,0.4000000059604645
18208,0.4000000059604645
18760,0.4000000059604645
19112,0.4000000059604645
19128,0.4000000059604645
19216,0.4000000059604645
19408,0.4000000059604645
19608,0.4000000059604645
19808,0.4000000059604645
20024,0.4000000059604645
20120,0.4000000059604645
20136,0.4000000059604645
20240,0.4000000059604645
20384,0.4000000059604645
20688,0.4000000059604645
20712,0.4000000059604645
20816,0.4000000059604645
20832,0.4000000059604645
21032,0.0
21568,0.4000000059604645
21632,0.4000000059604645
22008,0.4000000059604645
22112,0.4000000059604645
22408,0.4000000059604645
22416,0.4000000059604645
22504,0.4000000059604645
22792,0.4000000059604645
22888,0.4000000059604645
22904,0.4000000059604645
23480,0.4000000059604645
24048,0.4000000059604645
24072,0.4000000059604645
24296,0.4000000059604645
24368,0.4000000059604645
24464,0.4000000059604645
24824,0.4000000059604645
25024,0.4000000059604645
25088,0.4000000059604645
25160,0.4000000059604645
25288,0.4000000059604645
25336,0.4000000059604645
25504,0.4000000059604645
25624,0.4000000059604645
26472,0.4000000059604645
26632,0.4000000059604645
26680,0.4000000059604645
26744,0.4000000059604645
26840,0.4000000059604645
26968,0.4000000059604645
27056,0.4000000059604645
27192,0.4000000059604645
27248,0.4000000059604645
27344,0.4000000059604645
27488,0.4000000059604645
27712,0.4000000059604645
27760,0.4000000059604645
27880,0.4000000059604645
27928,0.4000000059604645
28120,0.4000000059604645
28256,0.4000000059604645
28320,0.4000000059604645
28328,0.4000000059604645
28352,0.4000000059604645
28504,0.4000000059604645
28832,0.4000000059604645
29120,0.4000000059604645
29168,0.4000000059604645
29312,0.4000000059604645
29424,0.4000000059604645
29608,0.4000000059604645
29632,0.4000000059604645
29696,0.4000000059604645
29728,0.4000000059604645
29760,0.4000000059604645
29784,0.4000000059604645
29920,0.4000000059604645
29976,0.4000000059604645
30272,0.4000000059604645
30320,0.4000000059604645
30504,0.4000000059604645
30824,0.4000000059604645
31392,0.4000000059604645
31448,0.4000000059604645
31568,0.4000000059604645
31848,0.4000000059604645
31920,0.4000000059604645
31984,0.4000000059604645
32400,0.4000000059604645
32472,0.4000000059604645
32488,0.4000000059604645
32640,0.4000000059604645
32912,0.4000000059604645
33104,0.4000000059604645
33232,0.4000000059604645
33392,0.4000000059604645
33504,0.4000000059604645
33648,0.4000000059604645
33936,0.4000000059604645
34024,0.4000000059604645
34064,0.4000000059604645
34136,0.4000000059604645
34944,0.4000000059604645
35024,0.4000000059604645
35144,0.4000000059604645
35240,0.4000000059604645
35712,0.4000000059604645
35928,0.4000000059604645
36136,0.4000000059604645
36224,0.4000000059604645
36240,0.4000000059604645
36256,0.4000000059604645
36400,0.4000000059604645
36664,0.4000000059604645
36896,0.4000000059604645
36944,0.4000000059604645
37104,0.4000000059604645
37208,0.4000000059604645
37632,0.4000000059604645
37848,0.4000000059604645
37928,0.4000000059604645
37960,0.4000000059604645
38008,0.4000000059604645
38160,0.4000000059604645
38232,0.4000000059604645
38272,0.4000000059604645
38664,0.4000000059604645
38816,0.4000000059604645
38840,0.4000000059604645
39160,0.4000000059604645
39240,0.4000000059604645
39336,0.4000000059604645
39528,0.4000000059604645
40024,0.4000000059604645
40368,0.4000000059604645
40400,0.4000000059604645
40456,0.4000000059604645
40568,0.4000000059604645
40680,0.4000000059604645
40856,0.4000000059604645
41088,0.4000000059604645
41136,0.4000000059604645
41280,0.4000000059604645
41408,0.4000000059604645
41592,0.4000000059604645
41688,0.4000000059604645
42168,0.4000000059604645
42192,0.4000000059604645
42504,0.4000000059604645
42560,0.4000000059604645
43008,0.4000000059604645
43136,0.4000000059604645
43512,0.4000000059604645
43528,0.4000000059604645
43960,0.4000000059604645
44200,0.4000000059604645
44400,0.4000000059604645
44512,0.4000000059604645
44528,0.4000000059604645
44896,0.4000000059604645
45056,0.4000000059604645
45064,0.4000000059604645
45136,0.4000000059604645
45176,0.4000000059604645
45296,0.4000000059604645
45448,0.4000000059604645
45648,0.4000000059604645
45928,0.4000000059604645
46040,0.4000000059604645
46344,0.4000000059604645
46408,0.4000000059604645
46512,0.4000000059604645
46544,0.4000000059604645
46568,0.4000000059604645
46672,0.4000000059604645
46968,0.4000000059604645
47048,0.4000000059604645
47104,0.4000000059604645
47144,0.4000000059604645
47472,0.4000000059604645
47488,0.4000000059604645
47504,0.4000000059604645
47600,0.4000000059604645
47720,0.4000000059604645
47848,0.4000000059604645
48032,0.4000000059604645
48432,0.4000000059604645
48664,0.4000000059604645
48728,0.4000000059604645
48792,0.4000000059604645
48840,0.4000000059604645
48976,0.4000000059604645
49096,0.4000000059604645
49112,0.4000000059604645
49136,0.4000000059604645
49216,0.4000000059604645
49584,0.4000000059604645
49712,0.0
49728,0.4000000059604645
50008,0.4000000059604645
50072,0.4000000059604645
50168,0.4000000059604645
50416,0.4000000059604645
50472,0.4000000059604645
50672,0.4000000059604645
50848,0.4000000059604645
51016,0.4000000059604645
51160,0.4000000059604645
51272,0.4000000059604645
51280,0.4000000059604645
51648,0.4000000059604645
51752,0.4000000059604645
52040,0.4000000059604645
52304,0.4000000059604645
52328,0.4000000059604645
52392,0.4000000059604645
52880,0.4000000059604645
53680,0.4000000059604645
53704,0.4000000059604645
53784,0.4000000059604645
54512,0.4000000059604645
54760,0.4000000059604645
55176,0.4000000059604645
55288,0.4000000059604645
55712,0.4000000059604645
56240,0.4000000059604645
56296,0.4000000059604645
56656,0.4000000059604645
57000,0.4000000059604645
57272,0.4000000059604645
57352,0.4000000059604645
57456,0.4000000059604645
57904,0.4000000059604645
58024,0.4000000059604645
58032,0.4000000059604645
58288,0.4000000059604645
58528,0.4000000059604645
58800,0.4000000059604645
58816,0.4000000059604645
59000,0.4000000059604645
59032,0.4000000059604645
59208,0.4000000059604645
59216,0.4000000059604645
59512,0.4000000059604645
59528,0.4000000059604645
59632,0.4000000059604645
59656,0.4000000059604645
59800,0.4000000059604645
60104,0.4000000059604645
60152,0.4000000059604645
60216,0.4000000059604645
60512,0.4000000059604645
60664,0.4000000059604645
60856,0.4000000059604645
60920,0.4000000059604645
60960,0.4000000059604645
61400,0.4000000059604645
61408,0.4000000059604645
61528,0.4000000059604645
61776,0.4000000059604645
61816,0.4000000059604645
62072,0.4000000059604645
62128,0.4000000059604645
62280,0.4000000059604645
62304,0.4000000059604645
62872,0.4000000059604645
63064,0.4000000059604645
63152,0.4000000059604645
63576,0.4000000059604645
63664,0.4000000059604645
63896,0.4000000059604645
64072,0.4000000059604645
64120,0.4000000059604645
64528,0.4000000059604645
64624,0.4000000059604645
64632,0.4000000059604645
64872,0.4000000059604645
64880,0.4000000059604645
65024,0.4000000059604645
65288,0.4000000059604645
65576,0.4000000059604645
65888,0.4000000059604645
66040,0.4000000059604645
66128,0.4000000059604645
66224,0.4000000059604645
66248,0.4000000059604645
66304,0.4000000059604645
66376,0.4000000059604645
66384,0.4000000059604645
66616,0.4000000059604645
66912,0.4000000059604645
67104,0.4000000059604645
67240,0.4000000059604645
67296,0.4000000059604645
67416,0.4000000059604645
67424,0.4000000059604645
67456,0.4000000059604645
67480,0.4000000059604645
67968,0.4000000059604645
68064,0.4000000059604645
68352,0.4000000059604645
68392,0.4000000059604645
68592,0.4000000059604645
68896,0.4000000059604645
68920,0.4000000059604645
68976,0.4000000059604645
69000,0.4000000059604645
69088,0.4000000059604645
69328,0.4000000059604645
69528,0.4000000059604645
69664,0.4000000059604645
70248,0.4000000059604645
70552,0.4000000059604645
70864,0.4000000059604645
71080,0.4000000059604645
71216,0.4000000059604645
71320,0.4000000059604645
71480,0.4000000059604645
71864,0.4000000059604645
72024,0.4000000059604645
72272,0.4000000059604645
72488,0.4000000059604645
72680,0.4000000059604645
72728,0.4000000059604645
72776,0.4000000059604645
73168,0.4000000059604645
73952,0.4000000059604645
74160,0.4000000059604645
74360,0.4000000059604645
74520,0.4000000059604645
74640,0.4000000059604645
75320,0.4000000059604645
75432,0.4000000059604645
75568,0.4000000059604645
76120,0.4000000059604645
76192,0.4000000059604645
76512,0.4000000059604645
76592,0.4000000059604645
76680,0.4000000059604645
76928,0.4000000059604645
77448,0.4000000059604645
77464,0.4000000059604645
77592,0.4000000059604645
77680,0.4000000059604645
78144,0.4000000059604645
78184,0.4000000059604645
78488,0.4000000059604645
78496,0.4000000059604645
78616,0.4000000059604645
78648,0.4000000059604645
78656,0.4000000059604645
78848,0.4000000059604645
79032,0.4000000059604645
79152,0.4000000059604645
79680,0.4000000059604645
79688,0.4000000059604645
79712,0.4000000059604645
79752,0.4000000059604645
80056,0.4000000059604645
80160,0.4000000059604645
80208,0.4000000059604645
80456,0.4000000059604645
80536,0.4000000059604645
80736,0.4000000059604645
81088,0.4000000059604645
81256,0.4000000059604645
81320,0.4000000059604645
81520,0.4000000059604645
81536,0.4000000059604645
81672,0.4000000059604645
81888,0.4000000059604645
81960,0.4000000059604645
82080,0.4000000059604645
82448,0.4000000059604645
82488,0.4000000059604645
82880,0.4000000059604645
83128,0.4000000059604645
83240,0.4000000059604645
83304,0.4000000059604645
83432,0.4000000059604645
84064,0.4000000059604645
84304,0.4000000059604645
84360,0.4000000059604645
84392,0.4000000059604645
84720,0.4000000059604645
84848,0.4000000059604645
84952,0.4000000059604645
84968,0.4000000059604645
85096,0.4000000059604645
85264,0.4000000059604645
85280,0.4000000059604645
85312,0.4000000059604645
85320,0.4000000059604645
85640,0.4000000059604645
85832,0.4000000059604645
85976,0.4000000059604645
86168,0.4000000059604645
86192,0.4000000059604645
86288,0.4000000059604645
86568,0.4000000059604645
86672,0.4000000059604645
86928,0.4000000059604645
87016,0.4000000059604645
87192,0.4000000059604645
87328,0.4000000059604645
87544,0.4000000059604645
87552,0.4000000059604645
88160,0.4000000059604645
88168,0.4000000059604645
88184,0.4000000059604645
88240,0.4000000059604645
88288,0.4000000059604645
88352,0.4000000059604645
88424,0.4000000059604645
88904,0.4000000059604645
89064,0.4000000059604645
89144,0.4000000059604645
89152,0.4000000059604645
89200,0.4000000059604645
89584,0.4000000059604645
89680,0.4000000059604645
89720,0.4000000059604645
89736,0.4000000059604645
89840,0.4000000059604645
90384,0.4000000059604645
90496,0.4000000059604645
90544,0.4000000059604645
91016,0.4000000059604645
91040,0.4000000059604645
91176,0.4000000059604645
91232,0.4000000059604645
91520,0.4000000059604645
91568,0.4000000059604645
91664,0.4000000059604645
92120,0.4000000059604645
92280,0.4000000059604645
92328,0.4000000059604645
92416,0.4000000059604645
92488,0.4000000059604645
92704,0.4000000059604645
92832,0.4000000059604645
93192,0.4000000059604645
93240,0.4000000059604645
93744,0.4000000059604645
93920,0.4000000059604645
93936,0.4000000059604645
93976,0.4000000059604645
94040,0.4000000059604645
94112,0.4000000059604645
94568,0.4000000059604645
95000,0.4000000059604645
95232,0.4000000059604645
95280,0.4000000059604645
95352,0.4000000059604645
95408,0.4000000059604645
95632,0.4000000059604645
95760,0.4000000059604645
95984,0.4000000059604645
96008,0.4000000059604645
96016,0.4000000059604645
96160,0.4000000059604645
96232,0.4000000059604645
96488,0.4000000059604645
96496,0.4000000059604645
96544,0.4000000059604645
96560,0.4000000059604645
96592,0.4000000059604645
96848,0.4000000059604645
96896,0.4000000059604645
97248,0.4000000059604645
97392,0.4000000059604645
97528,0.4000000059604645
97768,0.4000000059604645
97848,0.4000000059604645
98016,0.4000000059604645
98200,0.4000000059604645
98592,0.4000000059604645
98704,0.4000000059604645
98760,0.4000000059604645
98832,0.4000000059604645
99024,0.4000000059604645
99184,0.4000000059604645
99296,0.4000000059604645
99544,0.4000000059604645
99848,0.4000000059604645
99896,0.4000000059604645
99992,0.4000000059604645
100032,0.4000000059604645
100056,0.4000000059604645
100152,0.4000000059604645
100432,0.4000000059604645
100456,0.0
100584,0.4000000059604645
100760,0.4000000059604645
101128,0.4000000059604645
101136,0.4000000059604645
101704,0.4000000059604645
101784,0.4000000059604645
101864,0.4000000059604645
101912,0.4000000059604645
101920,0.4000000059604645
102248,0.4000000059604645
102264,0.4000000059604645
102744,0.4000000059604645
103232,0.4000000059604645
103280,0.4000000059604645
103328,0.4000000059604645
103344,0.4000000059604645
103480,0.4000000059604645
103680,0.4000000059604645
103768,0.4000000059604645
104160,0.4000000059604645
104600,0.4000000059604645
104656,0.4000000059604645
105000,0.4000000059604645
105496,0.4000000059604645
105520,0.4000000059604645
105624,0.4000000059604645
105768,0.4000000059604645
106024,0.4000000059604645
106064,0.4000000059604645
106232,0.4000000059604645
106288,0.4000000059604645
106296,0.4000000059604645
106312,0.4000000059604645
106384,0.4000000059604645
106736,0.4000000059604645
107304,0.4000000059604645
107328,0.4000000059604645
107472,0.4000000059604645
107512,0.4000000059604645
107544,0.4000000059604645
107688,0.4000000059604645
107856,0.4000000059604645
108344,0.4000000059604645
108592,0.4000000059604645
108816,0.4000000059604645
109200,0.4000000059604645
109264,0.4000000059604645
109432,0.4000000059604645
109600,0.4000000059604645
109744,0.4000000059604645
110376,0.4000000059604645
110552,0.4000000059604645
111032,0.4000000059604645
111288,0.4000000059604645
111632,0.4000000059604645
111696,0.4000000059604645
111744,0.4000000059604645
111944,0.4000000059604645
112304,0.4000000059604645
112464,0.4000000059604645
112848,0.4000000059604645
113568,0.4000000059604645
113592,0.4000000059604645
113904,0.4000000059604645
113984,0.4000000059604645
114064,0.4000000059604645
114208,0.4000000059604645
114296,0.4000000059604645
114472,0.4000000059604645
114480,0.4000000059604645
114744,0.4000000059604645
114896,0.4000000059604645
115232,0.4000000059604645
115480,0.4000000059604645
115624,0.4000000059604645
115896,0.4000000059604645
115984,0.4000000059604645
116264,0.4000000059604645
116392,0.4000000059604645
116440,0.4000000059604645
116552,0.4000000059604645
116824,0.4000000059604645
116896,0.4000000059604645
117048,0.4000000059604645
117264,0.4000000059604645
117304,0.4000000059604645
117680,0.4000000059604645
117808,0.4000000059604645
117896,0.4000000059604645
117968,0.4000000059604645
118048,0.4000000059604645
118064,0.4000000059604645
118304,0.4000000059604645
118328,0.4000000059604645
118336,0.4000000059604645
118432,0.4000000059604645
118488,0.4000000059604645
118752,0.4000000059604645
118896,0.4000000059604645
119064,0.4000000059604645
119120,0.4000000059604645
119448,0.4000000059604645
119480,0.4000000059604645
119552,0.4000000059604645
119728,0.4000000059604645
119864,0.4000000059604645
120344,0.4000000059604645
120384,0.4000000059604645
120576,0.4000000059604645
120864,0.4000000059604645
120872,0.4000000059604645
121280,0.4000000059604645
121480,0.4000000059604645
121968,0.4000000059604645
122024,0.4000000059604645
122032,0.4000000059604645
122064,0.4000000059604645
122312,0.4000000059604645
123024,0.4000000059604645
123224,0.4000000059604645
123320,0.4000000059604645
123328,0.4000000059604645
123600,0.4000000059604645
124096,0.4000000059604645
124104,0.4000000059604645
124208,0.4000000059604645
124432,0.4000000059604645
124664,0.4000000059604645
124752,0.4000000059604645
125152,0.4000000059604645
125416,0.4000000059604645
125664,0.4000000059604645
125688,0.4000000059604645
126416,0.4000000059604645
126496,0.4000000059604645
126848,0.4000000059604645
126872,0.4000000059604645
126936,0.4000000059604645
127104,0.4000000059604645
127184,0.4000000059604645
127280,0.4000000059604645
127304,0.4000000059604645
127408,0.4000000059604645
127456,0.4000000059604645
127608,0.4000000059604645
127760,0.4000000059604645
128280,0.4000000059604645
128512,0.4000000059604645
128712,0.4000000059604645
128744,0.4000000059604645
128864,0.4000000059604645
128872,0.4000000059604645
128888,0.4000000059604645
129072,0.4000000059604645
129104,0.4000000059604645
129256,0.4000000059604645
129488,0.4000000059604645
129568,0.4000000059604645
129616,0.4000000059604645
129632,0.4000000059604645
129656,0.4000000059604645
129752,0.4000000059604645
129912,0.4000000059604645
129968,0.4000000059604645
130280,0.4000000059604645
130496,0.4000000059604645
131304,0.4000000059604645
131664,0.4000000059604645
131872,0.4000000059604645
131912,0.4000000059604645
131952,0.4000000059604645
132120,0.4000000059604645
132368,0.4000000059604645
132480,0.4000000059604645
132608,0.4000000059604645
133096,0.4000000059604645
133152,0.4000000059604645
133288,0.4000000059604645
133320,0.4000000059604645
133344,0.4000000059604645
133688,0.4000000059604645
133736,0.4000000059604645
134088,0.4000000059604645
134176,0.4000000059604645
134248,0.4000000059604645
134416,0.4000000059604645
134496,0.4000000059604645
134504,0.4000000059604645
134744,0.4000000059604645
134880,0.4000000059604645
134904,0.4000000059604645
134976,0.4000000059604645
135288,0.4000000059604645
135352,0.4000000059604645
135688,0.4000000059604645
135760,0.4000000059604645
136040,0.4000000059604645
136144,0.4000000059604645
136656,0.4000000059604645
136776,0.4000000059604645
136912,0.4000000059604645
136920,0.4000000059604645
136968,0.4000000059604645
137344,0.4000000059604645
137360,0.4000000059604645
137376,0.4000000059604645
137512,0.4000000059604645
137584,0.4000000059604645
137640,0.4000000059604645
138136,0.4000000059604645
138288,0.4000000059604645
138704,0.4000000059604645
138944,0.4000000059604645
139200,0.4000000059604645
139336,0.4000000059604645
139824,0.4000000059604645
140088,0.4000000059604645
140224,0.4000000059604645
140296,0.4000000059604645
140320,0.4000000059604645
140560,0.4000000059604645
140608,0.4000000059604645
140688,0.4000000059604645
140768,0.4000000059604645
141040,0.4000000059604645
141240,0.4000000059604645
141376,0.4000000059604645
141432,0.4000000059604645
141512,0.4000000059604645
141528,0.4000000059604645
141640,0.4000000059604645
141856,0.4000000059604645
142032,0.4000000059604645
142272,0.4000000059604645
142344,0.4000000059604645
142592,0.4000000059604645
142656,0.4000000059604645
142808,0.4000000059604645
142944,0.4000000059604645
142968,0.4000000059604645
143008,0.4000000059604645
143256,0.4000000059604645
143728,0.4000000059604645
143744,0.4000000059604645
143776,0.4000000059604645
144056,0.4000000059604645
144096,0.4000000059604645
144480,0.4000000059604645
144864,0.4000000059604645
144944,0.4000000059604645
145152,0.4000000059604645
145224,0.4000000059604645
145408,0.4000000059604645
145512,0.4000000059604645
145592,0.4000000059604645
145720,0.4000000059604645
145776,0.4000000059604645
145928,0.4000000059604645
146136,0.4000000059604645
146272,0.4000000059604645
146328,0.4000000059604645
146472,0.4000000059604645
146672,0.4000000059604645
146976,0.4000000059604645
147016,0.4000000059604645
147040,0.4000000059604645
147120,0.4000000059604645
147184,0.4000000059604645
147192,0.4000000059604645
147376,0.4000000059604645
147512,0.4000000059604645
148040,0.4000000059604645
148272,0.4000000059604645
148680,0.4000000059604645
149320,0.4000000059604645
149368,0.4000000059604645
149440,0.4000000059604645
149456,0.4000000059604645
149704,0.4000000059604645
149800,0.4000000059604645
149912,0.4000000059604645
149952,0.4000000059604645
150264,0.4000000059604645
150544,0.4000000059604645
150568,0.4000000059604645
150592,0.4000000059604645
150616,0.4000000059604645
151112,0.4000000059604645
151168,0.4000000059604645
151200,0.4000000059604645
152072,0.4000000059604645
152312,0.4000000059604645
152504,0.4000000059604645
152592,0.4000000059604645
152672,0.4000000059604645
152704,0.4000000059604645
152944,0.4000000059604645
153104,0.4000000059604645
154280,0.4000000059604645
154544,0.4000000059604645
154672,0.4000000059604645
155032,0.4000000059604645
155096,0.4000000059604645
155528,0.4000000059604645
155536,0.4000000059604645
155864,0.4000000059604645
156208,0.4000000059604645
156240,0.4000000059604645
156280,0.4000000059604645
156296,0.4000000059604645
156304,0.4000000059604645
156336,0.4000000059604645
156488,0.4000000059604645
156504,0.4000000059604645
156824,0.4000000059604645
156896,0.4000000059604645
157296,0.4000000059604645
157368,0.4000000059604645
157624,0.4000000059604645
157672,0.4000000059604645
157744,0.4000000059604645
158024,0.4000000059604645
158040,0.4000000059604645
158128,0.4000000059604645
158136,0.4000000059604645
158152,0.4000000059604645
158216,0.4000000059604645
158640,0.4000000059604645
158792,0.4000000059604645
159000,0.4000000059604645
159032,0.4000000059604645
159176,0.4000000059604645
159480,0.4000000059604645
159504,0.4000000059604645
159552,0.4000000059604645
159664,0.4000000059604645
159936,0.4000000059604645
160168,0.4000000059604645
160176,0.4000000059604645
160184,0.4000000059604645
160272,0.4000000059604645
160352,0.4000000059604645
160512,0.4000000059604645
160616,0.4000000059604645
160784,0.4000000059604645
160800,0.4000000059604645
160896,0.4000000059604645
160960,0.4000000059604645
161024,0.4000000059604645
161032,0.4000000059604645
161280,0.4000000059604645
161336,0.4000000059604645
161368,0.4000000059604645
161776,0.4000000059604645
161784,0.4000000059604645
161880,0.4000000059604645
161904,0.4000000059604645
161968,0.4000000059604645
162200,0.4000000059604645
162224,0.4000000059604645
162256,0.4000000059604645
162384,0.4000000059604645
162432,0.4000000059604645
162640,0.4000000059604645
162768,0.4000000059604645
162944,0.4000000059604645
163136,0.4000000059604645
163488,0.4000000059604645
163584,0.4000000059604645
164000,0.4000000059604645
164320,0.4000000059604645
164552,0.4000000059604645
164720,0.4000000059604645
164744,0.4000000059604645
164944,0.4000000059604645
165080,0.4000000059604645
165232,0.4000000059604645
165320,0.4000000059604645
165632,0.4000000059604645
165696,0.4000000059604645
165848,0.4000000059604645
165920,0.4000000059604645
165944,0.4000000059604645
165984,0.4000000059604645
166536,0.4000000059604645
166568,0.4000000059604645
166824,0.4000000059604645
167576,0.4000000059604645
167984,0.4000000059604645
168080,0.4000000059604645
168216,0.4000000059604645
168520,0.4000000059604645
168624,0.4000000059604645
168736,0.4000000059604645
168880,0.4000000059604645
169072,0.4000000059604645
169392,0.4000000059604645
169616,0.4000000059604645
169680,0.4000000059604645
169832,0.4000000059604645
169920,0.4000000059604645
170056,0.4000000059604645
170248,0.4000000059604645
170320,0.4000000059604645
170416,0.4000000059604645
170552,0.4000000059604645
170784,0.4000000059604645
170848,0.4000000059604645
170896,0.4000000059604645
170920,0.4000000059604645
171312,0.4000000059604645
171392,0.4000000059604645
171464,0.4000000059604645
171592,0.4000000059604645
171744,0.4000000059604645
171896,0.4000000059604645
172248,0.4000000059604645
172384,0.4000000059604645
172424,0.4000000059604645
172536,0.4000000059604645
172552,0.4000000059604645
172792,0.4000000059604645
173016,0.4000000059604645
173352,0.4000000059604645
173416,0.4000000059604645
173464,0.4000000059604645
173488,0.4000000059604645
173568,0.4000000059604645
173736,0.4000000059604645
173872,0.4000000059604645
173904,0.4000000059604645
173984,0.4000000059604645
174032,0.4000000059604645
174160,0.4000000059604645
174168,0.4000000059604645
174400,0.4000000059604645
175288,0.4000000059604645
175296,0.4000000059604645
175328,0.4000000059604645
175336,0.4000000059604645
175448,0.4000000059604645
175728,0.4000000059604645
175736,0.4000000059604645
175824,0.4000000059604645
175840,0.4000000059604645
175848,0.4000000059604645
175856,0.4000000059604645
176016,0.4000000059604645
176544,0.4000000059604645
176832,0.4000000059604645
177256,0.4000000059604645
177344,0.4000000059604645
177408,0.4000000059604645
177432,0.4000000059604645
177832,0.4000000059604645
177936,0.4000000059604645
178096,0.4000000059604645
178152,0.4000000059604645
178208,0.4000000059604645
178360,0.4000000059604645
178536,0.4000000059604645
178792,0.4000000059604645
178888,0.4000000059604645
179000,0.4000000059604645
179032,0.4000000059604645
179160,0.4000000059604645
179256,0.4000000059604645
179312,0.4000000059604645
179360,0.4000000059604645
179392,0.4000000059604645
179400,0.4000000059604645
179472,0.4000000059604645
179640,0.4000000059604645
179968,0.4000000059604645
180064,0.4000000059604645
180192,0.4000000059604645
180272,0.4000000059604645
180432,0.4000000059604645
180528,0.4000000059604645
180544,0.4000000059604645
180576,0.4000000059604645
180696,0.4000000059604645
180720,0.4000000059604645
180936,0.4000000059604645
180960,0.4000000059604645
181016,0.4000000059604645
181096,0.4000000059604645
181144,0.4000000059604645
181216,0.4000000059604645
181240,0.4000000059604645
181296,0.4000000059604645
181376,0.4000000059604645
181536,0.4000000059604645
181784,0.4000000059604645
181952,0.4000000059604645
182032,0.4000000059604645
182080,0.4000000059604645
182272,0.4000000059604645
182296,0.4000000059604645
182704,0.4000000059604645
182960,0.4000000059604645
183064,0.4000000059604645
183160,0.0
183208,0.4000000059604645
183376,0.4000000059604645
183432,0.4000000059604645
183496,0.4000000059604645
183640,0.4000000059604645
183760,0.4000000059604645
183984,0.4000000059604645
184184,0.4000000059604645
184336,0.4000000059604645
184936,0.4000000059604645
185032,0.4000000059604645
185384,0.4000000059604645
185432,0.4000000059604645
185600,0.4000000059604645
185816,0.4000000059604645
185904,0.4000000059604645
185944,0.4000000059604645
186040,0.4000000059604645
186544,0.4000000059604645
186632,0.4000000059604645
186816,0.4000000059604645
186872,0.4000000059604645
186912,0.4000000059604645
187056,0.4000000059604645
187096,0.4000000059604645
187184,0.4000000059604645
187416,0.4000000059604645
187464,0.4000000059604645
187736,0.4000000059604645
187840,0.4000000059604645
187960,0.4000000059604645
188168,0.4000000059604645
188232,0.4000000059604645
188248,0.4000000059604645
188480,0.4000000059604645
188616,0.4000000059604645
189600,0.4000000059604645
189744,0.4000000059604645
189824,0.4000000059604645
189880,0.4000000059604645
190312,0.4000000059604645
190440,0.4000000059604645
190480,0.4000000059604645
190576,0.4000000059604645
191040,0.4000000059604645
191112,0.4000000059604645
191392,0.4000000059604645
191440,0.4000000059604645
191496,0.4000000059604645
191512,0.4000000059604645
191520,0.4000000059604645
191568,0.4000000059604645
192056,0.4000000059604645
192400,0.4000000059604645
192664,0.4000000059604645
192968,0.4000000059604645
193112,0.4000000059604645
193256,0.4000000059604645
193320,0.4000000059604645
193552,0.4000000059604645
193736,0.4000000059604645
193808,0.4000000059604645
194368,0.4000000059604645
194648,0.4000000059604645
194872,0.4000000059604645
194880,0.4000000059604645
195448,0.4000000059604645
195848,0.4000000059604645
195880,0.4000000059604645
196120,0.4000000059604645
196168,0.4000000059604645
196216,0.4000000059604645
196240,0.4000000059604645
196928,0.4000000059604645
197328,0.4000000059604645
197760,0.4000000059604645
197840,0.4000000059604645
197888,0.4000000059604645
198424,0.4000000059604645
198808,0.4000000059604645
198816,0.4000000059604645
199032,0.4000000059604645
199096,0.4000000059604645
199408,0.4000000059604645
199504,0.4000000059604645
199808,0.4000000059604645
199920,0.4000000059604645
199944,0.4000000059604645
200232,0.4000000059604645
200328,0.4000000059604645
200336,0.4000000059604645
200400,0.4000000059604645
200640,0.4000000059604645
200664,0.4000000059604645
200688,0.4000000059604645
200992,0.4000000059604645
201384,0.4000000059604645
201472,0.4000000059604645
201664,0.4000000059604645
201736,0.4000000059604645
201816,0.4000000059604645
201848,0.4000000059604645
201992,0.4000000059604645
202304,0.4000000059604645
202320,0.4000000059604645
202336,0.4000000059604645
202352,0.4000000059604645
202376,0.4000000059604645
202392,0.4000000059604645
202448,0.4000000059604645
202552,0.4000000059604645
202840,0.4000000059604645
202864,0.4000000059604645
202936,0.4000000059604645
203024,0.4000000059604645
203112,0.4000000059604645
203144,0.4000000059604645
203152,0.4000000059604645
203656,0.4000000059604645
203800,0.4000000059604645
204024,0.4000000059604645
204096,0.4000000059604645
204144,0.4000000059604645
204176,0.4000000059604645
204632,0.4000000059604645
204720,0.4000000059604645
204848,0.4000000059604645
205064,0.4000000059604645
205192,0.4000000059604645
205264,0.0
205280,0.4000000059604645
205432,0.4000000059604645
205472,0.4000000059604645
205576,0.4000000059604645
205832,0.4000000059604645
206072,0.4000000059604645
206112,0.4000000059604645
206424,0.4000000059604645
206536,0.4000000059604645
206728,0.4000000059604645
206936,0.4000000059604645
206984,0.4000000059604645
207048,0.4000000059604645
207088,0.4000000059604645
207200,0.4000000059604645
207264,0.4000000059604645
207280,0.4000000059604645
207648,0.4000000059604645
207760,0.4000000059604645
207968,0.4000000059604645
208016,0.4000000059604645
208088,0.4000000059604645
208264,0.4000000059604645
208320,0.4000000059604645
208344,0.4000000059604645
208632,0.4000000059604645
208664,0.4000000059604645
208680,0.4000000059604645
208904,0.4000000059604645
208912,0.4000000059604645
209048,0.4000000059604645
209304,0.4000000059604645
209408,0.4000000059604645
209416,0.4000000059604645
209496,0.4000000059604645
209560,0.4000000059604645
209584,0.4000000059604645
209640,0.4000000059604645
210056,0.4000000059604645
210136,0.4000000059604645
210176,0.4000000059604645
210800,0.4000000059604645
211000,0.0
211008,0.4000000059604645
211096,0.4000000059604645
211480,0.4000000059604645
211616,0.4000000059604645
212008,0.4000000059604645
212704,0.4000000059604645
213104,0.4000000059604645
213592,0.4000000059604645
213696,0.4000000059604645
213992,0.4000000059604645
214200,0.4000000059604645
214488,0.4000000059604645
215016,0.4000000059604645
215048,0.4000000059604645
215096,0.4000000059604645
215424,0.4000000059604645
215544,0.4000000059604645
215640,0.4000000059604645
215808,0.4000000059604645
215928,0.4000000059604645
215976,0.4000000059604645
216464,0.4000000059604645
216512,0.4000000059604645
216632,0.4000000059604645
216664,0.4000000059604645
216952,0.4000000059604645
216960,0.4000000059604645
217088,0.4000000059604645
217096,0.4000000059604645
217168,0.4000000059604645
217352,0.4000000059604645
217456,0.4000000059604645
217488,0.4000000059604645
217704,0.4000000059604645
217872,0.4000000059604645
218136,0.4000000059604645
218176,0.4000000059604645
218504,0.4000000059604645
218552,0.4000000059604645
218896,0.4000000059604645
219304,0.4000000059604645
219696,0.4000000059604645
219936,0.4000000059604645
219944,0.4000000059604645
220000,0.4000000059604645
220032,0.4000000059604645
220568,0.4000000059604645
220640,0.4000000059604645
220720,0.4000000059604645
220992,0.4000000059604645
221120,0.4000000059604645
221328,0.4000000059604645
221352,0.4000000059604645
221384,0.4000000059604645
221416,0.4000000059604645
221488,0.4000000059604645
221560,0.4000000059604645
221992,0.4000000059604645
222464,0.4000000059604645
222880,0.4000000059604645
223056,0.4000000059604645
223264,0.4000000059604645
223288,0.4000000059604645
223304,0.4000000059604645
223320,0.4000000059604645
223376,0.4000000059604645
223680,0.4000000059604645
223800,0.4000000059604645
224024,0.4000000059604645
224160,0.4000000059604645
224688,0.4000000059604645
224768,0.4000000059604645
224808,0.4000000059604645
224816,0.4000000059604645
224872,0.4000000059604645
224960,0.4000000059604645
225224,0.4000000059604645
225520,0.4000000059604645
225704,0.4000000059604645
225736,0.4000000059604645
225912,0.4000000059604645
226056,0.4000000059604645
226120,0.4000000059604645
226760,0.4000000059604645
226808,0.4000000059604645
226880,0.4000000059604645
227080,0.4000000059604645
227264,0.4000000059604645
227376,0.4000000059604645
227584,0.4000000059604645
227880,0.4000000059604645
227904,0.4000000059604645
228016,0.4000000059604645
228112,0.4000000059604645
228256,0.4000000059604645
228304,0.4000000059604645
228416,0.4000000059604645
228488,0.4000000059604645
228568,0.4000000059604645
228640,0.4000000059604645
228720,0.4000000059604645
228920,0.4000000059604645
229008,0.4000000059604645
229288,0.4000000059604645
229488,0.4000000059604645
229512,0.4000000059604645
229632,0.4000000059604645
229736,0.4000000059604645
230024,0.4000000059604645
230872,0.4000000059604645
230976,0.4000000059604645
231024,0.4000000059604645
231320,0.4000000059604645
231336,0.4000000059604645
231480,0.4000000059604645
231488,0.4000000059604645
231568,0.4000000059604645
231728,0.4000000059604645
231888,0.4000000059604645
231904,0.4000000059604645
232344,0.4000000059604645
232408,0.4000000059604645
232848,0.4000000059604645
232856,0.4000000059604645
232960,0.4000000059604645
233096,0.4000000059604645
233664,0.4000000059604645
233808,0.4000000059604645
234152,0.4000000059604645
234224,0.4000000059604645
235200,0.4000000059604645
235272,0.4000000059604645
235352,0.4000000059604645
235648,0.4000000059604645
236192,0.4000000059604645
236216,0.4000000059604645
236232,0.4000000059604645
236304,0.4000000059604645
236680,0.4000000059604645
236744,0.4000000059604645
236976,0.4000000059604645
237016,0.4000000059604645
237296,0.4000000059604645
237424,0.4000000059604645
237984,0.4000000059604645
237992,0.4000000059604645
238176,0.4000000059604645
238200,0.4000000059604645
238272,0.4000000059604645
238416,0.4000000059604645
238712,0.4000000059604645
238824,0.4000000059604645
239296,0.4000000059604645
239400,0.4000000059604645
239656,0.4000000059604645
239864,0.4000000059604645
240072,0.4000000059604645
240096,0.4000000059604645
240208,0.4000000059604645
240288,0.4000000059604645
240368,0.4000000059604645
240744,0.4000000059604645
240816,0.4000000059604645
241048,0.4000000059604645
241072,0.4000000059604645
241224,0.4000000059604645
241344,0.4000000059604645
241480,0.4000000059604645
241680,0.4000000059604645
241720,0.4000000059604645
242168,0.4000000059604645
242568,0.4000000059604645
243232,0.4000000059604645
243600,0.4000000059604645
243752,0.4000000059604645
244024,0.4000000059604645
244032,0.4000000059604645
244056,0.4000000059604645
244080,0.4000000059604645
244728,0.4000000059604645
244800,0.4000000059604645
245488,0.4000000059604645
245536,0.4000000059604645
245576,0.4000000059604645
245696,0.4000000059604645
245776,0.4000000059604645
245840,0.4000000059604645
246256,0.4000000059604645
246280,0.4000000059604645
246408,0.4000000059604645
246704,0.4000000059604645
246880,0.4000000059604645
247224,0.4000000059604645
247392,0.4000000059604645
247632,0.4000000059604645
247720,0.4000000059604645
247792,0.4000000059604645
248096,0.4000000059604645
248288,0.4000000059604645
248360,0.4000000059604645
248600,0.4000000059604645
248736,0.4000000059604645
248768,0.4000000059604645
248928,0.4000000059604645
248936,0.4000000059604645
249032,0.4000000059604645
249080,0.4000000059604645
249256,0.4000000059604645
249344,0.4000000059604645
249400,0.4000000059604645
249872,0.4000000059604645
250384,0.4000000059604645
250408,0.4000000059604645
250568,0.4000000059604645
250984,0.4000000059604645
251016,0.4000000059604645
251040,0.4000000059604645
251240,0.4000000059604645
251392,0.4000000059604645
251712,0.4000000059604645
251928,0.4000000059604645
251960,0.4000000059604645
252128,0.4000000059604645
252200,0.4000000059604645
252336,0.4000000059604645
252552,0.4000000059604645
252576,0.4000000059604645
252680,0.4000000059604645
252936,0.4000000059604645
252976,0.4000000059604645
253192,0.4000000059604645
253240,0.4000000059604645
253376,0.4000000059604645
253384,0.4000000059604645
253448,0.4000000059604645
253464,0.4000000059604645
253616,0.4000000059604645
253704,0.4000000059604645
253840,0.4000000059604645
254088,0.4000000059604645
254192,0.4000000059604645
254256,0.4000000059604645
254296,0.4000000059604645
254528,0.4000000059604645
254712,0.4000000059604645
254864,0.4000000059604645
255024,0.4000000059604645
255416,0.4000000059604645
255600,0.4000000059604645
255624,0.4000000059604645
255968,0.4000000059604645
256184,0.4000000059604645
256200,0.4000000059604645
256320,0.4000000059604645
256328,0.4000000059604645
256416,0.4000000059604645
256448,0.4000000059604645
256464,0.4000000059604645
256600,0.4000000059604645
256744,0.4000000059604645
256800,0.4000000059604645
256896,0.4000000059604645
256984,0.4000000059604645
257320,0.4000000059604645
257864,0.4000000059604645
257952,0.4000000059604645
257992,0.4000000059604645
258280,0.4000000059604645
258976,0.4000000059604645
259120,0.4000000059604645
259168,0.4000000059604645
259216,0.4000000059604645
259632,0.4000000059604645
260032,0.4000000059604645
260048,0.4000000059604645
260400,0.4000000059604645
260520,0.4000000059604645
260656,0.4000000059604645
260752,0.4000000059604645
260896,0.4000000059604645
261296,0.4000000059604645
261752,0.4000000059604645
261896,0.4000000059604645
261952,0.4000000059604645
261968,0.4000000059604645
262000,0.4000000059604645
262080,0.4000000059604645
262376,0.4000000059604645
262416,0.4000000059604645
262704,0.4000000059604645
262792,0.4000000059604645
262864,0.4000000059604645
262880,0.4000000059604645
262912,0.4000000059604645
262968,0.4000000059604645
263096,0.4000000059604645
263264,0.4000000059604645
263568,0.4000000059604645
263592,0.4000000059604645
263712,0.4000000059604645
263808,0.4000000059604645
263928,0.4000000059604645
264200,0.4000000059604645
264296,0.4000000059604645
264360,0.4000000059604645
264424,0.4000000059604645
264600,0.4000000059604645
265184,0.4000000059604645
265216,0.4000000059604645
265456,0.4000000059604645
265512,0.4000000059604645
265768,0.4000000059604645
265864,0.4000000059604645
266168,0.4000000059604645
266320,0.4000000059604645
266680,0.4000000059604645
266688,0.4000000059604645
266792,0.4000000059604645
266824,0.4000000059604645
267072,0.4000000059604645
267080,0.4000000059604645
267208,0.4000000059604645
267336,0.4000000059604645
267520,0.4000000059604645
267560,0.4000000059604645
267744,0.4000000059604645
267920,0.4000000059604645
267936,0.4000000059604645
268120,0.4000000059604645
268328,0.4000000059604645
268432,0.4000000059604645
268664,0.4000000059604645
269048,0.4000000059604645
269152,0.4000000059604645
269416,0.4000000059604645
269776,0.4000000059604645
269896,0.4000000059604645
270056,0.4000000059604645
270256,0.4000000059604645
270320,0.4000000059604645
270344,0.4000000059604645
270376,0.4000000059604645
270392,0.4000000059604645
270472,0.4000000059604645
270552,0.4000000059604645
270784,0.4000000059604645
270912,0.4000000059604645
271224,0.4000000059604645
271496,0.4000000059604645
271688,0.4000000059604645
271736,0.4000000059604645
271872,0.4000000059604645
272160,0.4000000059604645
272184,0.4000000059604645
272608,0.4000000059604645
272616,0.4000000059604645
272800,0.4000000059604645
273024,0.4000000059604645
273040,0.4000000059604645
273080,0.4000000059604645
273320,0.4000000059604645
273624,0.4000000059604645
273688,0.4000000059604645
273968,0.4000000059604645
274232,0.4000000059604645
274760,0.4000000059604645
274776,0.4000000059604645
274936,0.4000000059604645
274960,0.4000000059604645
274984,0.4000000059604645
274992,0.4000000059604645
275536,0.4000000059604645
275824,0.4000000059604645
276032,0.4000000059604645
276040,0.4000000059604645
276080,0.4000000059604645
276504,0.4000000059604645
276952,0.4000000059604645
276960,0.4000000059604645
277096,0.4000000059604645
277144,0.4000000059604645
277200,0.4000000059604645
277328,0.4000000059604645
277528,0.4000000059604645
277616,0.4000000059604645
277680,0.4000000059604645
277952,0.4000000059604645
278488,0.4000000059604645
278560,0.4000000059604645
278576,0.4000000059604645
278744,0.4000000059604645
278864,0.4000000059604645
279056,0.4000000059604645
279200,0.4000000059604645
279360,0.4000000059604645
279480,0.4000000059604645
279720,0.4000000059604645
279736,0.4000000059604645
279744,0.4000000059604645
279832,0.4000000059604645
279928,0.4000000059604645
279968,0.4000000059604645
280008,0.4000000059604645
280144,0.4000000059604645
280152,0.4000000059604645
280344,0.4000000059604645
280464,0.4000000059604645
280560,0.4000000059604645
280592,0.4000000059604645
280696,0.4000000059604645
280864,0.4000000059604645
280912,0.4000000059604645
281624,0.4000000059604645
281696,0.4000000059604645
281840,0.4000000059604645
282344,0.4000000059604645
282576,0.4000000059604645
282784,0.4000000059604645
283576,0.4000000059604645
283584,0.4000000059604645
283592,0.4000000059604645
284536,0.4000000059604645
284592,0.4000000059604645
284672,0.4000000059604645
284712,0.4000000059604645
285536,0.4000000059604645
285960,0.4000000059604645
286312,0.4000000059604645
286904,0.4000000059604645
287016,0.4000000059604645
287472,0.4000000059604645
287488,0.4000000059604645
287576,0.4000000059604645
287768,0.4000000059604645
288136,0.4000000059604645
288280,0.4000000059604645
288328,0.4000000059604645
288384,0.4000000059604645
288664,0.4000000059604645
288720,0.4000000059604645
289288,0.4000000059604645
289640,0.4000000059604645
289672,0.4000000059604645
290376,0.4000000059604645
290472,0.4000000059604645
290728,0.4000000059604645
291256,0.4000000059604645
291304,0.4000000059604645
291416,0.4000000059604645
291608,0.4000000059604645
291712,0.4000000059604645
291824,0.4000000059604645
291936,0.4000000059604645
292120,0.4000000059604645
292128,0.4000000059604645
292216,0.4000000059604645
292560,0.4000000059604645
292640,0.4000000059604645
292664,0.4000000059604645
292704,0.4000000059604645
293200,0.4000000059604645
293816,0.4000000059604645
294240,0.4000000059604645
294296,0.4000000059604645
294464,0.4000000059604645
294688,0.4000000059604645
294856,0.4000000059604645
294864,0.4000000059604645
294920,0.4000000059604645
295216,0.4000000059604645
295632,0.4000000059604645
295784,0.4000000059604645
295832,0.4000000059604645
295840,0.4000000059604645
296248,0.4000000059604645
296440,0.4000000059604645
296488,0.4000000059604645
296512,0.4000000059604645
296712,0.4000000059604645
296776,0.4000000059604645
296832,0.4000000059604645
297192,0.4000000059604645
297496,0.4000000059604645
297576,0.4000000059604645
297792,0.4000000059604645
297880,0.4000000059604645
298112,0.4000000059604645
298768,0.4000000059604645
299208,0.4000000059604645
299248,0.4000000059604645
299392,0.4000000059604645
299624,0.4000000059604645
299800,0.4000000059604645
300056,0.4000000059604645
300112,0.4000000059604645
300144,0.4000000059604645
300152,0.4000000059604645
300248,0.4000000059604645
300368,0.4000000059604645
300408,0.4000000059604645
300512,0.4000000059604645
300680,0.4000000059604645
300752,0.4000000059604645
300896,0.4000000059604645
300968,0.4000000059604645
301184,0.4000000059604645
301288,0.4000000059604645
301408,0.4000000059604645
301464,0.4000000059604645
301864,0.4000000059604645
302856,0.4000000059604645
302984,0.4000000059604645
303008,0.4000000059604645
303496,0.4000000059604645
303512,0.4000000059604645
303640,0.4000000059604645
303696,0.4000000059604645
303752,0.4000000059604645
303776,0.4000000059604645
303824,0.4000000059604645
303896,0.4000000059604645
304288,0.4000000059604645
304416,0.4000000059604645
304696,0.4000000059604645
304960,0.4000000059604645
305120,0.4000000059604645
305208,0.4000000059604645
305560,0.4000000059604645
305568,0.4000000059604645
305600,0.4000000059604645
305696,0.4000000059604645
305936,0.4000000059604645
306112,0.4000000059604645
306432,0.4000000059604645
306504,0.4000000059604645
306608,0.4000000059604645
306680,0.4000000059604645
306952,0.4000000059604645
307024,0.4000000059604645
307168,0.4000000059604645
307480,0.4000000059604645
307504,0.4000000059604645
307632,0.4000000059604645
307656,0.4000000059604645
307904,0.4000000059604645
307960,0.4000000059604645
308072,0.4000000059604645
308120,0.4000000059604645
308136,0.4000000059604645
308176,0.4000000059604645
308208,0.4000000059604645
308232,0.4000000059604645
308360,0.4000000059604645
308368,0.4000000059604645
308504,0.4000000059604645
308560,0.4000000059604645
308792,0.4000000059604645
308896,0.4000000059604645
309248,0.4000000059604645
309368,0.4000000059604645
309376,0.4000000059604645
309568,0.4000000059604645
309616,0.4000000059604645
309632,0.4000000059604645
309728,0.4000000059604645
310008,0.4000000059604645
310168,0.4000000059604645
310320,0.4000000059604645
310744,0.4000000059604645
310800,0.4000000059604645
311416,0.4000000059604645
311848,0.4000000059604645
311928,0.4000000059604645
312064,0.4000000059604645
312120,0.4000000059604645
312680,0.4000000059604645
312688,0.4000000059604645
312704,0.4000000059604645
313016,0.4000000059604645
313080,0.4000000059604645
313112,0.4000000059604645
313376,0.4000000059604645
313704,0.4000000059604645
313784,0.4000000059604645
313848,0.4000000059604645
313864,0.4000000059604645
313944,0.4000000059604645
314144,0.4000000059604645
314272,0.4000000059604645
314616,0.4000000059604645
314672,0.4000000059604645
314896,0.4000000059604645
314912,0.4000000059604645
314992,0.4000000059604645
315016,0.4000000059604645
315192,0.4000000059604645
315296,0.4000000059604645
315448,0.4000000059604645
315496,0.4000000059604645
315864,0.4000000059604645
315888,0.4000000059604645
316168,0.4000000059604645
316496,0.4000000059604645
316520,0.4000000059604645
316592,0.4000000059604645
316640,0.4000000059604645
316696,0.4000000059604645
316880,0.4000000059604645
316952,0.4000000059604645
317136,0.4000000059604645
317456,0.4000000059604645
317800,0.4000000059604645
318048,0.4000000059604645
318112,0.4000000059604645
318128,0.4000000059604645
318560,0.4000000059604645
318824,0.4000000059604645
318984,0.4000000059604645
319288,0.4000000059604645
319552,0.4000000059604645
319736,0.4000000059604645
319968,0.4000000059604645
320136,0.4000000059604645
320312,0.4000000059604645
320408,0.4000000059604645
320512,0.4000000059604645
320632,0.4000000059604645
320904,0.4000000059604645
321264,0.4000000059604645
321528,0.4000000059604645
321560,0.4000000059604645
321864,0.4000000059604645
322128,0.4000000059604645
322152,0.4000000059604645
322344,0.4000000059604645
322400,0.4000000059604645
322536,0.4000000059604645
322544,0.4000000059604645
322608,0.4000000059604645
322992,0.4000000059604645
323120,0.4000000059604645
323208,0.4000000059604645
323240,0.4000000059604645
323344,0.4000000059604645
323416,0.4000000059604645
323448,0.4000000059604645
323456,0.4000000059604645
323584,0.4000000059604645
323640,0.4000000059604645
323744,0.4000000059604645
323752,0.4000000059604645
323824,0.4000000059604645
323920,0.4000000059604645
324040,0.4000000059604645
324176,0.4000000059604645
324272,0.4000000059604645
324696,0.4000000059604645
324768,0.4000000059604645
324824,0.4000000059604645
324880,0.4000000059604645
325048,0.4000000059604645
325080,0.4000000059604645
325232,0.4000000059604645
325344,0.4000000059604645
325704,0.0
325840,0.4000000059604645
325848,0.4000000059604645
326064,0.4000000059604645
326216,0.4000000059604645
326328,0.4000000059604645
326544,0.4000000059604645
326696,0.4000000059604645
326744,0.4000000059604645
326768,0.4000000059604645
326864,0.4000000059604645
326960,0.4000000059604645
326976,0.4000000059604645
327176,0.4000000059604645
327344,0.4000000059604645
327488,0.4000000059604645
327496,0.4000000059604645
327752,0.4000000059604645
328056,0.4000000059604645
328312,0.4000000059604645
328576,0.4000000059604645
328744,0.4000000059604645
328856,0.4000000059604645
329504,0.4000000059604645
329680,0.4000000059604645
329720,0.4000000059604645
329784,0.4000000059604645
330008,0.4000000059604645
330072,0.4000000059604645
330096,0.4000000059604645
330240,0.4000000059604645
330248,0.4000000059604645
330344,0.4000000059604645
330352,0.4000000059604645
330424,0.4000000059604645
330544,0.4000000059604645
330712,0.4000000059604645
330768,0.4000000059604645
331000,0.4000000059604645
331080,0.4000000059604645
331776,0.4000000059604645
331800,0.4000000059604645
331952,0.4000000059604645
332328,0.4000000059604645
332448,0.4000000059604645
332728,0.4000000059604645
332880,0.4000000059604645
333480,0.4000000059604645
333696,0.4000000059604645
333824,0.4000000059604645
334120,0.4000000059604645
334376,0.4000000059604645
334968,0.4000000059604645
334984,0.4000000059604645
335096,0.4000000059604645
335504,0.4000000059604645
335656,0.4000000059604645
335904,0.4000000059604645
336184,0.4000000059604645
336256,0.4000000059604645
336320,0.4000000059604645
336880,0.4000000059604645
336944,0.4000000059604645
337632,0.4000000059604645
337696,0.4000000059604645
337808,0.4000000059604645
337904,0.4000000059604645
338192,0.4000000059604645
338480,0.4000000059604645
338552,0.4000000059604645
339488,0.4000000059604645
339632,0.4000000059604645
339640,0.4000000059604645
339648,0.4000000059604645
339928,0.4000000059604645
340104,0.4000000059604645
340216,0.4000000059604645
340248,0.4000000059604645
340336,0.4000000059604645
340480,0.4000000059604645
340616,0.4000000059604645
340960,0.4000000059604645
341168,0.4000000059604645
341216,0.4000000059604645
341384,0.4000000059604645
341456,0.4000000059604645
341600,0.4000000059604645
341680,0.4000000059604645
341792,0.4000000059604645
341856,0.4000000059604645
342000,0.4000000059604645
342256,0.4000000059604645
342440,0.4000000059604645
342640,0.4000000059604645
342808,0.4000000059604645
342896,0.4000000059604645
342912,0.0
343144,0.4000000059604645
343176,0.4000000059604645
343328,0.4000000059604645
343648,0.4000000059604645
343768,0.4000000059604645
343888,0.4000000059604645
343992,0.4000000059604645
344000,0.4000000059604645
344112,0.4000000059604645
344208,0.4000000059604645
344584,0.4000000059604645
344656,0.4000000059604645
344672,0.4000000059604645
344704,0.4000000059604645
345240,0.4000000059604645
345320,0.4000000059604645
345784,0.4000000059604645
345856,0.4000000059604645
345920,0.4000000059604645
345968,0.4000000059604645
346200,0.4000000059604645
346472,0.4000000059604645
346592,0.4000000059604645
346656,0.4000000059604645
346928,0.4000000059604645
347392,0.4000000059604645
347448,0.4000000059604645
347624,0.4000000059604645
347688,0.4000000059604645
348184,0.4000000059604645
348344,0.4000000059604645
348632,0.4000000059604645
348664,0.4000000059604645
348728,0.4000000059604645
349128,0.4000000059604645
349208,0.4000000059604645
349360,0.4000000059604645
349400,0.4000000059604645
349784,0.4000000059604645
349976,0.4000000059604645
350032,0.4000000059604645
350056,0.4000000059604645
350080,0.4000000059604645
350088,0.4000000059604645
350120,0.4000000059604645
350160,0.4000000059604645
350176,0.4000000059604645
350448,0.4000000059604645
350544,0.4000000059604645
350648,0.4000000059604645
350752,0.4000000059604645
350912,0.4000000059604645
351048,0.4000000059604645
351344,0.4000000059604645
351664,0.4000000059604645
351736,0.4000000059604645
351896,0.4000000059604645
351944,0.4000000059604645
352112,0.4000000059604645
352208,0.4000000059604645
352440,0.4000000059604645
352544,0.4000000059604645
352912,0.4000000059604645
353304,0.4000000059604645
353496,0.4000000059604645
353824,0.4000000059604645
353936,0.4000000059604645
354096,0.4000000059604645
354112,0.4000000059604645
354336,0.4000000059604645
354440,0.4000000059604645
354688,0.4000000059604645
354880,0.4000000059604645
355072,0.4000000059604645
355096,0.4000000059604645
355112,0.4000000059604645
355224,0.4000000059604645
355232,0.4000000059604645
355288,0.4000000059604645
355344,0.4000000059604645
355384,0.4000000059604645
355416,0.4000000059604645
355520,0.4000000059604645
355568,0.4000000059604645
355728,0.4000000059604645
355824,0.4000000059604645
355832,0.4000000059604645
355904,0.4000000059604645
356032,0.4000000059604645
356136,0.4000000059604645
356528,0.4000000059604645
356568,0.4000000059604645
356640,0.4000000059604645
356808,0.4000000059604645
357136,0.4000000059604645
357144,0.4000000059604645
357256,0.4000000059604645
357480,0.4000000059604645
357712,0.4000000059604645
357952,0.4000000059604645
357968,0.4000000059604645
358000,0.4000000059604645
358056,0.4000000059604645
358712,0.4000000059604645
358784,0.4000000059604645
358944,0.4000000059604645
359464,0.4000000059604645
359512,0.4000000059604645
359576,0.4000000059604645
359816,0.4000000059604645
360064,0.4000000059604645
360328,0.4000000059604645
360352,0.4000000059604645
360384,0.4000000059604645
360440,0.4000000059604645
360584,0.4000000059604645
360680,0.4000000059604645
360960,0.4000000059604645
361016,0.4000000059604645
361064,0.4000000059604645
361576,0.4000000059604645
361752,0.4000000059604645
361832,0.4000000059604645
362120,0.4000000059604645
362280,0.4000000059604645
362336,0.4000000059604645
362368,0.4000000059604645
362448,0.4000000059604645
362496,0.4000000059604645
362568,0.4000000059604645
362752,0.4000000059604645
362792,0.4000000059604645
362808,0.4000000059604645
362832,0.4000000059604645
363000,0.4000000059604645
363160,0.4000000059604645
363752,0.4000000059604645
363960,0.4000000059604645
364136,0.4000000059604645
364240,0.4000000059604645
364368,0.4000000059604645
364384,0.4000000059604645
364696,0.4000000059604645
364944,0.4000000059604645
365368,0.4000000059604645
365424,0.4000000059604645
365440,0.4000000059604645
365512,0.4000000059604645
365576,0.4000000059604645
365608,0.4000000059604645
365712,0.4000000059604645
365752,0.4000000059604645
365896,0.4000000059604645
365912,0.4000000059604645
366256,0.4000000059604645
366272,0.4000000059604645
366480,0.4000000059604645
366656,0.4000000059604645
366784,0.4000000059604645
367000,0.4000000059604645
367344,0.4000000059604645
367520,0.4000000059604645
367592,0.4000000059604645
367600,0.4000000059604645
367680,0.4000000059604645
367912,0.4000000059604645
368016,0.4000000059604645
368112,0.4000000059604645
368136,0.4000000059604645
368416,0.4000000059604645
368776,0.4000000059604645
369192,0.4000000059604645
369296,0.4000000059604645
369368,0.4000000059604645
369424,0.4000000059604645
369448,0.4000000059604645
369528,0.4000000059604645
369616,0.4000000059604645
369992,0.4000000059604645
370064,0.4000000059604645
370072,0.4000000059604645
370264,0.4000000059604645
370328,0.4000000059604645
370776,0.4000000059604645
370896,0.0
370944,0.4000000059604645
371056,0.4000000059604645
371216,0.4000000059604645
371312,0.4000000059604645
371424,0.4000000059604645
371440,0.4000000059604645
371552,0.4000000059604645
372064,0.4000000059604645
372352,0.4000000059604645
372368,0.4000000059604645
372432,0.4000000059604645
372488,0.4000000059604645
372632,0.4000000059604645
372848,0.4000000059604645
372872,0.4000000059604645
373104,0.4000000059604645
373296,0.4000000059604645
373448,0.4000000059604645
373688,0.4000000059604645
373776,0.4000000059604645
374064,0.4000000059604645
374112,0.4000000059604645
374144,0.4000000059604645
374200,0.4000000059604645
374264,0.4000000059604645
374456,0.4000000059604645
374672,0.4000000059604645
374696,0.4000000059604645
374720,0.0
375200,0.4000000059604645
375392,0.4000000059604645
375456,0.4000000059604645
375656,0.4000000059604645
375872,0.4000000059604645
376264,0.4000000059604645
376296,0.4000000059604645
376344,0.4000000059604645
376488,0.4000000059604645
376552,0.4000000059604645
377768,0.4000000059604645
377992,0.4000000059604645
378224,0.4000000059604645
378320,0.4000000059604645
378352,0.4000000059604645
378376,0.4000000059604645
378544,0.0
378608,0.4000000059604645
378680,0.4000000059604645
378984,0.4000000059604645
379024,0.4000000059604645
379128,0.4000000059604645
379192,0.4000000059604645
379568,0.4000000059604645
379576,0.4000000059604645
379720,0.4000000059604645
380288,0.4000000059604645
380376,0.4000000059604645
380392,0.4000000059604645
380640,0.4000000059604645
380672,0.4000000059604645
380680,0.4000000059604645
380792,0.4000000059604645
380840,0.4000000059604645
381112,0.4000000059604645
381232,0.4000000059604645
381472,0.4000000059604645
381496,0.4000000059604645
381624,0.4000000059604645
381960,0.4000000059604645
381968,0.4000000059604645
382000,0.4000000059604645
382832,0.4000000059604645
382936,0.4000000059604645
383128,0.4000000059604645
383160,0.4000000059604645
383304,0.4000000059604645
383712,0.4000000059604645
383920,0.4000000059604645
384256,0.4000000059604645
384392,0.4000000059604645
384600,0.4000000059604645
384616,0.4000000059604645
384760,0.4000000059604645
384816,0.4000000059604645
384856,0.4000000059604645
384904,0.4000000059604645
384968,0.4000000059604645
385000,0.4000000059604645
385136,0.4000000059604645
385328,0.4000000059604645
385344,0.4000000059604645
385584,0.4000000059604645
385608,0.4000000059604645
385616,0.4000000059604645
385904,0.4000000059604645
385968,0.4000000059604645
386040,0.4000000059604645
386584,0.4000000059604645
386792,0.4000000059604645
387160,0.4000000059604645
387184,0.4000000059604645
387288,0.4000000059604645
387304,0.4000000059604645
387336,0.4000000059604645
387808,0.4000000059604645
388608,0.4000000059604645
389040,0.4000000059604645
389152,0.4000000059604645
389464,0.4000000059604645
389608,0.4000000059604645
389944,0.4000000059604645
390048,0.4000000059604645
390096,0.4000000059604645
390952,0.4000000059604645
391056,0.4000000059604645
391088,0.4000000059604645
391160,0.4000000059604645
391464,0.4000000059604645
391576,0.4000000059604645
391744,0.4000000059604645
391952,0.4000000059604645
391968,0.4000000059604645
392368,0.4000000059604645
393424,0.4000000059604645
393744,0.4000000059604645
393800,0.4000000059604645
393912,0.4000000059604645
394024,0.4000000059604645
394056,0.4000000059604645
394312,0.4000000059604645
394584,0.4000000059604645
394688,0.4000000059604645
394800,0.4000000059604645
394912,0.4000000059604645
395336,0.4000000059604645
395504,0.4000000059604645
395512,0.4000000059604645
395592,0.4000000059604645
395616,0.4000000059604645
395760,0.4000000059604645
395968,0.4000000059604645
395984,0.4000000059604645
396032,0.4000000059604645
396128,0.4000000059604645
396176,0.4000000059604645
396208,0.4000000059604645
396608,0.4000000059604645
396728,0.4000000059604645
396736,0.4000000059604645
396768,0.4000000059604645
397256,0.4000000059604645
397416,0.4000000059604645
397592,0.4000000059604645
397704,0.4000000059604645
397768,0.4000000059604645
398176,0.4000000059604645
398344,0.4000000059604645
398664,0.4000000059604645
398912,0.4000000059604645
399016,0.4000000059604645
399128,0.4000000059604645
399160,0.4000000059604645
399304,0.4000000059604645
399544,0.4000000059604645
399600,0.4000000059604645
399664,0.4000000059604645
399824,0.4000000059604645
399912,0.4000000059604645
400008,0.4000000059604645
400048,0.4000000059604645
400064,0.4000000059604645
400072,0.4000000059604645
400160,0.4000000059604645
401088,0.4000000059604645
401400,0.4000000059604645
401496,0.4000000059604645
401624,0.4000000059604645
401824,0.4000000059604645
401832,0.4000000059604645
401848,0.4000000059604645
402000,0.4000000059604645
402024,0.4000000059604645
402200,0.4000000059604645
402440,0.4000000059604645
402456,0.4000000059604645
402760,0.4000000059604645
402896,0.4000000059604645
403024,0.4000000059604645
403032,0.4000000059604645
403216,0.4000000059604645
403560,0.4000000059604645
403664,0.4000000059604645
403680,0.4000000059604645
403728,0.4000000059604645
404128,0.4000000059604645
404296,0.4000000059604645
404520,0.4000000059604645
404752,0.4000000059604645
405008,0.4000000059604645
405232,0.4000000059604645
405592,0.4000000059604645
405648,0.4000000059604645
405880,0.4000000059604645
406432,0.4000000059604645
406592,0.4000000059604645
406816,0.4000000059604645
406944,0.4000000059604645
407384,0.4000000059604645
407448,0.4000000059604645
407456,0.4000000059604645
407624,0.4000000059604645
407664,0.4000000059604645
407704,0.4000000059604645
407808,0.4000000059604645
407936,0.4000000059604645
408216,0.4000000059604645
408312,0.4000000059604645
408344,0.4000000059604645
408528,0.4000000059604645
408712,0.4000000059604645
408744,0.4000000059604645
408848,0.4000000059604645
408968,0.4000000059604645
409008,0.4000000059604645
409288,0.4000000059604645
409408,0.4000000059604645
410040,0.4000000059604645
410176,0.4000000059604645
410488,0.4000000059604645
410776,0.4000000059604645
411264,0.4000000059604645
411400,0.4000000059604645
411472,0.4000000059604645
411552,0.4000000059604645
412024,0.4000000059604645
412192,0.4000000059604645
412616,0.4000000059604645
412624,0.4000000059604645
412816,0.4000000059604645
412896,0.4000000059604645
412968,0.4000000059604645
413032,0.4000000059604645
413040,0.4000000059604645
413232,0.4000000059604645
413408,0.4000000059604645
413576,0.4000000059604645
413600,0.4000000059604645
413736,0.4000000059604645
413816,0.4000000059604645
413872,0.4000000059604645
413896,0.4000000059604645
414200,0.4000000059604645
414752,0.4000000059604645
414816,0.4000000059604645
415168,0.4000000059604645
415288,0.4000000059604645
415320,0.4000000059604645
415536,0.4000000059604645
415560,0.4000000059604645
415680,0.4000000059604645
415872,0.4000000059604645
416216,0.4000000059604645
416264,0.4000000059604645
416856,0.4000000059604645
417048,0.4000000059604645
417056,0.4000000059604645
417112,0.4000000059604645
417336,0.4000000059604645
417504,0.4000000059604645
417560,0.4000000059604645
417584,0.4000000059604645
417656,0.4000000059604645
417664,0.4000000059604645
417752,0.4000000059604645
417800,0.4000000059604645
417912,0.4000000059604645
418024,0.4000000059604645
418056,0.4000000059604645
418240,0.4000000059604645
418408,0.4000000059604645
418744,0.4000000059604645
418776,0.4000000059604645
418800,0.4000000059604645
418864,0.4000000059604645
418976,0.4000000059604645
419048,0.4000000059604645
419272,0.4000000059604645
419368,0.4000000059604645
419656,0.4000000059604645
419672,0.4000000059604645
419704,0.4000000059604645
419712,0.4000000059604645
419720,0.4000000059604645
419768,0.4000000059604645
420136,0.4000000059604645
420232,0.4000000059604645
420360,0.4000000059604645
420584,0.4000000059604645
420600,0.4000000059604645
420816,0.4000000059604645
420896,0.4000000059604645
421032,0.4000000059604645
421152,0.4000000059604645
421160,0.4000000059604645
421184,0.4000000059604645
421664,0.4000000059604645
421856,0.4000000059604645
422032,0.4000000059604645
422176,0.4000000059604645
422264,0.4000000059604645
422440,0.4000000059604645
422456,0.4000000059604645
422504,0.4000000059604645
422984,0.4000000059604645
423168,0.4000000059604645
423384,0.4000000059604645
423488,0.4000000059604645
423608,0.4000000059604645
423784,0.4000000059604645
423856,0.4000000059604645
423960,0.4000000059604645
423992,0.4000000059604645
424376,0.4000000059604645
424544,0.4000000059604645
424688,0.4000000059604645
425064,0.4000000059604645
425136,0.4000000059604645
425296,0.4000000059604645
425352,0.4000000059604645
425536,0.4000000059604645
425752,0.4000000059604645
425800,0.4000000059604645
426288,0.4000000059604645
426360,0.4000000059604645
426408,0.4000000059604645
426432,0.4000000059604645
426512,0.4000000059604645
427040,0.4000000059604645
427096,0.4000000059604645
427192,0.4000000059604645
427288,0.4000000059604645
427376,0.4000000059604645
427488,0.4000000059604645
427560,0.4000000059604645
427656,0.4000000059604645
428120,0.4000000059604645
428472,0.4000000059604645
428568,0.4000000059604645
428584,0.4000000059604645
428856,0.4000000059604645
429064,0.4000000059604645
429136,0.4000000059604645
429152,0.4000000059604645
429184,0.4000000059604645
429688,0.4000000059604645
430392,0.4000000059604645
430624,0.4000000059604645
430632,0.4000000059604645
430856,0.4000000059604645
431000,0.4000000059604645
431240,0.4000000059604645
431360,0.4000000059604645
431552,0.4000000059604645
431760,0.4000000059604645
431808,0.4000000059604645
431824,0.4000000059604645
431856,0.4000000059604645
432592,0.4000000059604645
432664,0.4000000059604645
432960,0.4000000059604645
433040,0.4000000059604645
433088,0.4000000059604645
433152,0.4000000059604645
433184,0.4000000059604645
433272,0.4000000059604645
433368,0.4000000059604645
433536,0.4000000059604645
433608,0.4000000059604645
433616,0.4000000059604645
433984,0.4000000059604645
433992,0.4000000059604645
434088,0.4000000059604645
434216,0.4000000059604645
434296,0.4000000059604645
434472,0.4000000059604645
435064,0.4000000059604645
435272,0.4000000059604645
435280,0.4000000059604645
435480,0.4000000059604645
436120,0.4000000059604645
436144,0.4000000059604645
436160,0.4000000059604645
436536,0.4000000059604645
437024,0.4000000059604645
437120,0.4000000059604645
437488,0.4000000059604645
437504,0.4000000059604645
437928,0.4000000059604645
437984,0.4000000059604645
438016,0.4000000059604645
438056,0.4000000059604645
438272,0.4000000059604645
438416,0.4000000059604645
438568,0.4000000059604645
438672,0.4000000059604645
438984,0.4000000059604645
439272,0.4000000059604645
439416,0.4000000059604645
439440,0.4000000059604645
439568,0.4000000059604645
439744,0.4000000059604645
439848,0.4000000059604645
439960,0.4000000059604645
440216,0.4000000059604645
440296,0.4000000059604645
440384,0.4000000059604645
440936,0.4000000059604645
441016,0.4000000059604645
441032,0.4000000059604645
441352,0.4000000059604645
441744,0.4000000059604645
441968,0.4000000059604645
442176,0.4000000059604645
442184,0.4000000059604645
442392,0.4000000059604645
443240,0.4000000059604645
443416,0.4000000059604645
443632,0.4000000059604645
443880,0.4000000059604645
444128,0.4000000059604645
444168,0.4000000059604645
444416,0.4000000059604645
444456,0.4000000059604645
444752,0.4000000059604645
445160,0.4000000059604645
445304,0.4000000059604645
445408,0.4000000059604645
445736,0.4000000059604645
445832,0.4000000059604645
445920,0.4000000059604645
445984,0.4000000059604645
446248,0.4000000059604645
447056,0.4000000059604645
447104,0.4000000059604645
447216,0.4000000059604645
447376,0.4000000059604645
447392,0.4000000059604645
447544,0.4000000059604645
447768,0.4000000059604645
447896,0.4000000059604645
447960,0.4000000059604645
448112,0.4000000059604645
448224,0.4000000059604645
448560,0.4000000059604645
448624,0.4000000059604645
448648,0.4000000059604645
448656,0.4000000059604645
448680,0.4000000059604645
448704,0.4000000059604645
449128,0.4000000059604645
449248,0.4000000059604645
449304,0.4000000059604645
449416,0.4000000059604645
449528,0.4000000059604645
449648,0.4000000059604645
449912,0.4000000059604645
450000,0.4000000059604645
450040,0.4000000059604645
450592,0.4000000059604645
450816,0.4000000059604645
451272,0.4000000059604645
451296,0.4000000059604645
451360,0.4000000059604645
451520,0.4000000059604645
451528,0.4000000059604645
451584,0.4000000059604645
451760,0.4000000059604645
451768,0.4000000059604645
451816,0.4000000059604645
451824,0.4000000059604645
452048,0.4000000059604645
452176,0.4000000059604645
452376,0.4000000059604645
452960,0.4000000059604645
453248,0.4000000059604645
453616,0.4000000059604645
454312,0.4000000059604645
454496,0.4000000059604645
454512,0.4000000059604645
454528,0.4000000059604645
454760,0.4000000059604645
454776,0.4000000059604645
455256,0.4000000059604645
455768,0.4000000059604645
455800,0.4000000059604645
456280,0.4000000059604645
456512,0.4000000059604645
456560,0.4000000059604645
456584,0.4000000059604645
456856,0.4000000059604645
456904,0.4000000059604645
457496,0.4000000059604645
457600,0.4000000059604645
457832,0.4000000059604645
457912,0.4000000059604645
458088,0.4000000059604645
458312,0.4000000059604645
458352,0.4000000059604645
458496,0.4000000059604645
458504,0.4000000059604645
458912,0.4000000059604645
459064,0.4000000059604645
459176,0.4000000059604645
459208,0.4000000059604645
459504,0.4000000059604645
459632,0.4000000059604645
460072,0.4000000059604645
460208,0.4000000059604645
460392,0.4000000059604645
460424,0.4000000059604645
460504,0.4000000059604645
460664,0.4000000059604645
460928,0.4000000059604645
461016,0.4000000059604645
461168,0.4000000059604645
461192,0.4000000059604645
461328,0.4000000059604645
461624,0.4000000059604645
461712,0.4000000059604645
461792,0.4000000059604645
462192,0.4000000059604645
462488,0.4000000059604645
462528,0.4000000059604645
462536,0.4000000059604645
462560,0.4000000059604645
462576,0.4000000059604645
462664,0.4000000059604645
462832,0.4000000059604645
462904,0.4000000059604645
463112,0.4000000059604645
463208,0.4000000059604645
463232,0.4000000059604645
463608,0.4000000059604645
463632,0.4000000059604645
463928,0.4000000059604645
463936,0.4000000059604645
463968,0.4000000059604645
464016,0.4000000059604645
464144,0.4000000059604645
464248,0.4000000059604645
464312,0.4000000059604645
464408,0.4000000059604645
464624,0.4000000059604645
464696,0.4000000059604645
464856,0.4000000059604645
465320,0.4000000059604645
465472,0.4000000059604645
465600,0.4000000059604645
465672,0.4000000059604645
465752,0.4000000059604645
466040,0.4000000059604645
466160,0.4000000059604645
466280,0.4000000059604645
466616,0.4000000059604645
467088,0.4000000059604645
467120,0.4000000059604645
467344,0.4000000059604645
467592,0.4000000059604645
467632,0.4000000059604645
467800,0.4000000059604645
468208,0.4000000059604645
468376,0.4000000059604645
468520,0.4000000059604645
468744,0.4000000059604645
468856,0.4000000059604645
468896,0.4000000059604645
469024,0.4000000059604645
469080,0.4000000059604645
469112,0.4000000059604645
469184,0.4000000059604645
469392,0.4000000059604645
469456,0.4000000059604645
470248,0.4000000059604645
470256,0.4000000059604645
470432,0.4000000059604645
470440,0.4000000059604645
470608,0.4000000059604645
470760,0.4000000059604645
470792,0.4000000059604645
470920,0.4000000059604645
470952,0.4000000059604645
471032,0.4000000059604645
471088,0.4000000059604645
471512,0.4000000059604645
471536,0.4000000059604645
471664,0.4000000059604645
471888,0.4000000059604645
472056,0.4000000059604645
472144,0.4000000059604645
472224,0.4000000059604645
472336,0.4000000059604645
472520,0.4000000059604645
472528,0.4000000059604645
472792,0.4000000059604645
472920,0.4000000059604645
473592,0.4000000059604645
473632,0.4000000059604645
473880,0.4000000059604645
474040,0.4000000059604645
474384,0.4000000059604645
474712,0.4000000059604645
474856,0.4000000059604645
474936,0.4000000059604645
474976,0.4000000059604645
475272,0.4000000059604645
475328,0.4000000059604645
475352,0.4000000059604645
475520,0.4000000059604645
475760,0.4000000059604645
476200,0.4000000059604645
476320,0.4000000059604645
476896,0.4000000059604645
477232,0.4000000059604645
478288,0.4000000059604645
478344,0.4000000059604645
478384,0.4000000059604645
478456,0.4000000059604645
478464,0.4000000059604645
478816,0.4000000059604645
478832,0.4000000059604645
478944,0.4000000059604645
478976,0.4000000059604645
478992,0.4000000059604645
479112,0.4000000059604645
479152,0.4000000059604645
479704,0.4000000059604645
480232,0.4000000059604645
480344,0.4000000059604645
480528,0.4000000059604645
480600,0.4000000059604645
480688,0.4000000059604645
480824,0.4000000059604645
480936,0.4000000059604645
480976,0.4000000059604645
481328,0.4000000059604645
481632,0.4000000059604645
481944,0.4000000059604645
482240,0.4000000059604645
482280,0.4000000059604645
482344,0.4000000059604645
482784,0.4000000059604645
482992,0.4000000059604645
483032,0.4000000059604645
483056,0.4000000059604645
483352,0.4000000059604645
483640,0.4000000059604645
483816,0.4000000059604645
483880,0.4000000059604645
483936,0.4000000059604645
483952,0.4000000059604645
484120,0.4000000059604645
484272,0.4000000059604645
484280,0.4000000059604645
484480,0.4000000059604645
484488,0.4000000059604645
484904,0.4000000059604645
485336,0.4000000059604645
485536,0.4000000059604645
485768,0.4000000059604645
485992,0.4000000059604645
486072,0.4000000059604645
486680,0.4000000059604645
487032,0.4000000059604645
487160,0.4000000059604645
487208,0.4000000059604645
487296,0.4000000059604645
487664,0.4000000059604645
487896,0.4000000059604645
488096,0.4000000059604645
488304,0.4000000059604645
488384,0.4000000059604645
488432,0.4000000059604645
488496,0.4000000059604645
488624,0.4000000059604645
488704,0.4000000059604645
488808,0.4000000059604645
488840,0.4000000059604645
489040,0.4000000059604645
489144,0.4000000059604645
489240,0.4000000059604645
489448,0.4000000059604645
489864,0.4000000059604645
490104,0.4000000059604645
490120,0.4000000059604645
490384,0.4000000059604645
490832,0.4000000059604645
490872,0.4000000059604645
491256,0.4000000059604645
491448,0.4000000059604645
491792,0.4000000059604645
491856,0.4000000059604645
492176,0.4000000059604645
492240,0.4000000059604645
492360,0.4000000059604645
492600,0.4000000059604645
492944,0.4000000059604645
493040,0.4000000059604645
493096,0.4000000059604645
493104,0.4000000059604645
493304,0.4000000059604645
493528,0.4000000059604645
493608,0.4000000059604645
493984,0.4000000059604645
494392,0.4000000059604645
494400,0.4000000059604645
494552,0.4000000059604645
494800,0.4000000059604645
494888,0.4000000059604645
495056,0.4000000059604645
495072,0.4000000059604645
495104,0.4000000059604645
495144,0.4000000059604645
495256,0.4000000059604645
495560,0.4000000059604645
495720,0.4000000059604645
495800,0.4000000059604645
495816,0.4000000059604645
495880,0.4000000059604645
496112,0.4000000059604645
496320,0.4000000059604645
496408,0.4000000059604645
496648,0.4000000059604645
497072,0.4000000059604645
497264,0.4000000059604645
497344,0.4000000059604645
497472,0.4000000059604645
497536,0.4000000059604645
497632,0.4000000059604645
497736,0.4000000059604645
497784,0.4000000059604645
497800,0.4000000059604645
497824,0.4000000059604645
497872,0.4000000059604645
497952,0.4000000059604645
497960,0.4000000059604645
498176,0.4000000059604645
498200,0.4000000059604645
498512,0.4000000059604645
499288,0.4000000059604645
499456,0.4000000059604645
499544,0.4000000059604645
499688,0.4000000059604645
499816,0.4000000059604645
499896,0.4000000059604645
499920,0.4000000059604645
500040,0.4000000059604645
500112,0.4000000059604645
500256,0.4000000059604645
500280,0.4000000059604645
500656,0.4000000059604645
500704,0.4000000059604645
501032,0.4000000059604645
501048,0.4000000059604645
501560,0.4000000059604645
501736,0.4000000059604645
501928,0.4000000059604645
501976,0.4000000059604645
502192,0.4000000059604645
502264,0.4000000059604645
502984,0.4000000059604645
503072,0.4000000059604645
503128,0.4000000059604645
503248,0.4000000059604645
503696,0.4000000059604645
504000,0.4000000059604645
504272,0.4000000059604645
504592,0.4000000059604645
504768,0.4000000059604645
505032,0.4000000059604645
505104,0.4000000059604645
505304,0.4000000059604645
505432,0.4000000059604645
505744,0.4000000059604645
505832,0.4000000059604645
506072,0.4000000059604645
506304,0.4000000059604645
506384,0.4000000059604645
506416,0.4000000059604645
506480,0.4000000059604645
506656,0.4000000059604645
506760,0.4000000059604645
506808,0.4000000059604645
506904,0.4000000059604645
507056,0.4000000059604645
507280,0.4000000059604645
507456,0.4000000059604645
507512,0.4000000059604645
507560,0.4000000059604645
507608,0.4000000059604645
507616,0.4000000059604645
507696,0.4000000059604645
507776,0.4000000059604645
507800,0.4000000059604645
508072,0.4000000059604645
508128,0.4000000059604645
508216,0.4000000059604645
508376,0.4000000059604645
508688,0.4000000059604645
508752,0.4000000059604645
508760,0.4000000059604645
508784,0.4000000059604645
508816,0.4000000059604645
508856,0.4000000059604645
508928,0.4000000059604645
508976,0.4000000059604645
509168,0.4000000059604645
509232,0.4000000059604645
509272,0.4000000059604645
509400,0.4000000059604645
509880,0.4000000059604645
510144,0.4000000059604645
510712,0.4000000059604645
510720,0.4000000059604645
510968,0.4000000059604645
512024,0.4000000059604645
512160,0.4000000059604645
512176,0.4000000059604645
512296,0.4000000059604645
512408,0.4000000059604645
512544,0.4000000059604645
512872,0.4000000059604645
512952,0.4000000059604645
513112,0.4000000059604645
513120,0.4000000059604645
513144,0.4000000059604645
513616,0.4000000059604645
513760,0.4000000059604645
513920,0.4000000059604645
514688,0.4000000059604645
514888,0.4000000059604645
514968,0.4000000059604645
515216,0.4000000059604645
515336,0.4000000059604645
515376,0.4000000059604645
515432,0.4000000059604645
515576,0.4000000059604645
515704,0.4000000059604645
515736,0.4000000059604645
515880,0.4000000059604645
515904,0.4000000059604645
516032,0.4000000059604645
516184,0.4000000059604645
516192,0.4000000059604645
516312,0.4000000059604645
516344,0.4000000059604645
516504,0.4000000059604645
516976,0.4000000059604645
517024,0.4000000059604645
517112,0.4000000059604645
517400,0.4000000059604645
517424,0.4000000059604645
517848,0.4000000059604645
517952,0.4000000059604645
518176,0.4000000059604645
518280,0.4000000059604645
518296,0.4000000059604645
518496,0.4000000059604645
518560,0.4000000059604645
518704,0.4000000059604645
519080,0.4000000059604645
519120,0.4000000059604645
519136,0.4000000059604645
519272,0.4000000059604645
519440,0.4000000059604645
519456,0.4000000059604645
519608,0.4000000059604645
519624,0.4000000059604645
519728,0.4000000059604645
519784,0.4000000059604645
519824,0.4000000059604645
519848,0.4000000059604645
520120,0.4000000059604645
520152,0.4000000059604645
520416,0.4000000059604645
520472,0.4000000059604645
520512,0.4000000059604645
520704,0.4000000059604645
520872,0.4000000059604645
521240,0.4000000059604645
521448,0.4000000059604645
521776,0.4000000059604645
522168,0.4000000059604645
522600,0.4000000059604645
523368,0.4000000059604645
523568,0.4000000059604645
523880,0.4000000059604645
523904,0.4000000059604645
524096,0.4000000059604645
524864,0.4000000059604645
525568,0.4000000059604645
525680,0.4000000059604645
525744,0.4000000059604645
525760,0.4000000059604645
526024,0.4000000059604645
526248,0.4000000059604645
526560,0.4000000059604645
526632,0.4000000059604645
526648,0.4000000059604645
526752,0.4000000059604645
526784,0.4000000059604645
527096,0.4000000059604645
527104,0.4000000059604645
527312,0.4000000059604645
527336,0.4000000059604645
527400,0.4000000059604645
527624,0.0
527672,0.4000000059604645
527840,0.4000000059604645
527872,0.4000000059604645
528056,0.4000000059604645
528192,0.4000000059604645
528488,0.4000000059604645
528520,0.4000000059604645
528696,0.4000000059604645
529072,0.4000000059604645
529424,0.4000000059604645
529448,0.4000000059604645
529728,0.4000000059604645
529784,0.4000000059604645
529824,0.4000000059604645
530024,0.4000000059604645
530296,0.4000000059604645
530352,0.4000000059604645
530808,0.4000000059604645
530960,0.4000000059604645
530984,0.4000000059604645
531808,0.4000000059604645
532040,0.4000000059604645
532176,0.4000000059604645
532232,0.4000000059604645
532336,0.4000000059604645
532416,0.4000000059604645
532456,0.4000000059604645
532616,0.4000000059604645
532880,0.4000000059604645
533128,0.4000000059604645
533248,0.4000000059604645
533368,0.4000000059604645
533392,0.4000000059604645
533424,0.4000000059604645
533704,0.4000000059604645
533816,0.4000000059604645
533840,0.4000000059604645
533880,0.4000000059604645
534320,0.4000000059604645
534528,0.4000000059604645
535000,0.4000000059604645
535320,0.4000000059604645
535632,0.4000000059604645
535664,0.4000000059604645
535760,0.4000000059604645
535848,0.4000000059604645
535904,0.4000000059604645
535912,0.4000000059604645
536232,0.4000000059604645
536368,0.4000000059604645
536880,0.4000000059604645
536888,0.4000000059604645
537160,0.4000000059604645
537488,0.4000000059604645
537680,0.4000000059604645
538016,0.4000000059604645
538096,0.4000000059604645
538176,0.4000000059604645
538328,0.4000000059604645
538440,0.4000000059604645
538600,0.4000000059604645
538984,0.4000000059604645
539192,0.4000000059604645
539208,0.4000000059604645
539216,0.4000000059604645
539256,0.4000000059604645
539272,0.4000000059604645
539288,0.4000000059604645
539360,0.4000000059604645
539584,0.4000000059604645
539632,0.4000000059604645
539680,0.4000000059604645
540024,0.4000000059604645
540232,0.4000000059604645
540624,0.4000000059604645
540648,0.4000000059604645
540656,0.4000000059604645
540840,0.4000000059604645
540856,0.4000000059604645
541776,0.4000000059604645
542048,0.4000000059604645
542600,0.4000000059604645
542864,0.4000000059604645
543024,0.4000000059604645
543072,0.4000000059604645
543256,0.4000000059604645
543416,0.4000000059604645
543712,0.4000000059604645
544016,0.4000000059604645
544304,0.4000000059604645
544416,0.4000000059604645
544672,0.4000000059604645
545008,0.4000000059604645
545112,0.4000000059604645
545256,0.4000000059604645
545368,0.4000000059604645
545408,0.4000000059604645
545592,0.4000000059604645
546048,0.4000000059604645
546272,0.4000000059604645
546280,0.4000000059604645
546568,0.4000000059604645
547152,0.4000000059604645
547520,0.4000000059604645
547984,0.4000000059604645
548184,0.4000000059604645
548488,0.4000000059604645
548528,0.4000000059604645
548544,0.4000000059604645
548760,0.4000000059604645
548808,0.4000000059604645
548896,0.4000000059604645
548928,0.4000000059604645
549304,0.4000000059604645
549616,0.4000000059604645
549800,0.4000000059604645
549912,0.4000000059604645
549944,0.4000000059604645
549968,0.4000000059604645
550304,0.4000000059604645
550464,0.4000000059604645
550640,0.4000000059604645
550736,0.4000000059604645
550896,0.4000000059604645
551008,0.4000000059604645
551120,0.4000000059604645
551176,0.4000000059604645
551240,0.4000000059604645
551248,0.4000000059604645
551384,0.4000000059604645
551616,0.4000000059604645
551848,0.4000000059604645
552560,0.4000000059604645
553008,0.4000000059604645
553304,0.4000000059604645
553328,0.4000000059604645
553376,0.4000000059604645
553456,0.4000000059604645
553584,0.4000000059604645
553600,0.4000000059604645
554432,0.4000000059604645
554512,0.4000000059604645
554760,0.4000000059604645
554912,0.4000000059604645
555128,0.4000000059604645
555192,0.4000000059604645
555344,0.4000000059604645
555640,0.4000000059604645
555688,0.4000000059604645
555752,0.4000000059604645
555768,0.4000000059604645
556000,0.4000000059604645
556296,0.4000000059604645
556448,0.4000000059604645
556808,0.4000000059604645
556928,0.4000000059604645
556936,0.4000000059604645
557512,0.4000000059604645
557640,0.4000000059604645
557920,0.4000000059604645
557944,0.4000000059604645
558096,0.4000000059604645
558944,0.4000000059604645
559104,0.4000000059604645
559168,0.4000000059604645
559184,0.4000000059604645
559256,0.4000000059604645
559296,0.0
559432,0.4000000059604645
559464,0.4000000059604645
559960,0.4000000059604645
560016,0.4000000059604645
560072,0.4000000059604645
560088,0.4000000059604645
560184,0.4000000059604645
560200,0.4000000059604645
560400,0.4000000059604645
560512,0.4000000059604645
560544,0.4000000059604645
560576,0.4000000059604645
560608,0.4000000059604645
560624,0.4000000059604645
560712,0.4000000059604645
560864,0.4000000059604645
560984,0.4000000059604645
561088,0.4000000059604645
561256,0.4000000059604645
561320,0.4000000059604645
561472,0.4000000059604645
561560,0.4000000059604645
561600,0.4000000059604645
562304,0.4000000059604645
562544,0.4000000059604645
563096,0.4000000059604645
563352,0.4000000059604645
563464,0.4000000059604645
563672,0.4000000059604645
563848,0.4000000059604645
564000,0.4000000059604645
564032,0.4000000059604645
564616,0.4000000059604645
565064,0.4000000059604645
565128,0.4000000059604645
565336,0.4000000059604645
565576,0.4000000059604645
565712,0.4000000059604645
565720,0.4000000059604645
565768,0.4000000059604645
565872,0.4000000059604645
566000,0.4000000059604645
566192,0.4000000059604645
566200,0.4000000059604645
566424,0.4000000059604645
566488,0.4000000059604645
566504,0.4000000059604645
566576,0.4000000059604645
566816,0.4000000059604645
567208,0.4000000059604645
567696,0.4000000059604645
568016,0.4000000059604645
568080,0.4000000059604645
568144,0.4000000059604645
568232,0.4000000059604645
568280,0.4000000059604645
568424,0.4000000059604645
568568,0.4000000059604645
568592,0.4000000059604645
568744,0.4000000059604645
569296,0.4000000059604645
569336,0.4000000059604645
569432,0.4000000059604645
569464,0.4000000059604645
569704,0.4000000059604645
569712,0.4000000059604645
569736,0.4000000059604645
569744,0.4000000059604645
570000,0.4000000059604645
570224,0.4000000059604645
570312,0.4000000059604645
570600,0.4000000059604645
571168,0.4000000059604645
571192,0.4000000059604645
571256,0.4000000059604645
571328,0.4000000059604645
571344,0.4000000059604645
571440,0.4000000059604645
571448,0.4000000059604645
571672,0.4000000059604645
572352,0.4000000059604645
572456,0.4000000059604645
572504,0.4000000059604645
572512,0.4000000059604645
572776,0.4000000059604645
572800,0.4000000059604645
572904,0.4000000059604645
572960,0.4000000059604645
573152,0.4000000059604645
573176,0.4000000059604645
573408,0.4000000059604645
573520,0.4000000059604645
573872,0.4000000059604645
574216,0.4000000059604645
574792,0.4000000059604645
575224,0.4000000059604645
575336,0.4000000059604645
575696,0.0
575984,0.4000000059604645
576072,0.4000000059604645
576128,0.4000000059604645
576688,0.4000000059604645
576712,0.4000000059604645
576896,0.4000000059604645
577112,0.4000000059604645
577216,0.4000000059604645
577456,0.4000000059604645
577928,0.4000000059604645
578704,0.4000000059604645
578736,0.4000000059604645
578760,0.4000000059604645
579072,0.4000000059604645
579088,0.4000000059604645
579136,0.4000000059604645
579200,0.4000000059604645
579208,0.4000000059604645
579448,0.4000000059604645
579760,0.4000000059604645
579768,0.4000000059604645
579928,0.4000000059604645
580056,0.4000000059604645
580112,0.4000000059604645
580240,0.4000000059604645
580296,0.4000000059604645
580392,0.4000000059604645
580856,0.4000000059604645
581320,0.4000000059604645
581376,0.4000000059604645
581424,0.4000000059604645
581720,0.4000000059604645
582056,0.4000000059604645
582088,0.4000000059604645
582112,0.4000000059604645
582776,0.4000000059604645
582928,0.4000000059604645
583112,0.4000000059604645
583296,0.4000000059604645
583536,0.4000000059604645
583544,0.4000000059604645
583736,0.4000000059604645
583888,0.4000000059604645
584064,0.4000000059604645
584256,0.4000000059604645
584384,0.4000000059604645
584400,0.4000000059604645
584416,0.4000000059604645
584448,0.4000000059604645
584488,0.4000000059604645
584800,0.4000000059604645
584880,0.4000000059604645
585272,0.4000000059604645
585624,0.4000000059604645
586016,0.4000000059604645
586056,0.4000000059604645
586144,0.4000000059604645
586368,0.4000000059604645
586552,0.4000000059604645
586576,0.4000000059604645
587088,0.4000000059604645
587152,0.4000000059604645
587800,0.4000000059604645
587808,0.4000000059604645
587864,0.4000000059604645
587872,0.4000000059604645
587928,0.4000000059604645
588328,0.4000000059604645
588424,0.4000000059604645
588584,0.4000000059604645
588944,0.4000000059604645
589376,0.4000000059604645
589440,0.4000000059604645
589592,0.4000000059604645
589792,0.4000000059604645
589848,0.4000000059604645
589904,0.4000000059604645
589976,0.4000000059604645
590072,0.4000000059604645
590296,0.4000000059604645
590320,0.4000000059604645
590496,0.4000000059604645
590632,0.4000000059604645
591272,0.4000000059604645
591328,0.4000000059604645
591600,0.4000000059604645
591792,0.4000000059604645
591816,0.4000000059604645
592152,0.4000000059604645
592296,0.4000000059604645
592472,0.4000000059604645
592512,0.4000000059604645
592528,0.4000000059604645
592808,0.4000000059604645
592832,0.4000000059604645
592976,0.4000000059604645
593216,0.4000000059604645
593448,0.4000000059604645
593576,0.4000000059604645
593688,0.4000000059604645
593704,0.4000000059604645
594136,0.4000000059604645
594144,0.4000000059604645
594248,0.4000000059604645
594400,0.4000000059604645
594608,0.4000000059604645
594768,0.4000000059604645
594968,0.4000000059604645
595096,0.4000000059604645
595256,0.4000000059604645
595416,0.4000000059604645
595440,0.4000000059604645
595512,0.4000000059604645
595776,0.4000000059604645
595856,0.4000000059604645
595936,0.4000000059604645
596112,0.4000000059604645
596272,0.4000000059604645
596528,0.4000000059604645
596568,0.4000000059604645
596656,0.4000000059604645
596792,0.4000000059604645
596840,0.4000000059604645
596856,0.4000000059604645
596944,0.4000000059604645
597280,0.4000000059604645
597472,0.4000000059604645
597520,0.4000000059604645
597536,0.4000000059604645
597752,0.4000000059604645
597848,0.4000000059604645
598000,0.4000000059604645
598112,0.4000000059604645
598168,0.4000000059604645
598200,0.4000000059604645
598520,0.4000000059604645
598592,0.4000000059604645
599048,0.4000000059604645
599168,0.4000000059604645
599184,0.4000000059604645
599416,0.4000000059604645
599480,0.4000000059604645
599608,0.4000000059604645
599856,0.4000000059604645
599864,0.4000000059604645
600032,0.4000000059604645
600264,0.4000000059604645
600376,0.4000000059604645
600448,0.4000000059604645
600928,0.4000000059604645
600952,0.4000000059604645
600984,0.4000000059604645
601248,0.4000000059604645
601416,0.4000000059604645
601504,0.4000000059604645
601808,0.4000000059604645
601880,0.4000000059604645
601888,0.4000000059604645
602032,0.4000000059604645
602088,0.4000000059604645
602448,0.4000000059604645
602656,0.4000000059604645
602880,0.4000000059604645
602960,0.4000000059604645
602976,0.4000000059604645
603000,0.4000000059604645
603544,0.4000000059604645
603624,0.4000000059604645
603672,0.4000000059604645
603712,0.4000000059604645
603736,0.4000000059604645
603864,0.4000000059604645
603880,0.4000000059604645
604056,0.4000000059604645
604224,0.4000000059604645
604256,0.4000000059604645
604384,0.4000000059604645
604408,0.4000000059604645
604496,0.4000000059604645
604816,0.4000000059604645
605104,0.4000000059604645
605280,0.4000000059604645
605400,0.4000000059604645
605536,0.4000000059604645
605944,0.4000000059604645
606008,0.4000000059604645
606216,0.4000000059604645
606264,0.4000000059604645
606440,0.4000000059604645
606616,0.4000000059604645
606680,0.4000000059604645
606728,0.4000000059604645
607024,0.4000000059604645
607616,0.4000000059604645
607656,0.4000000059604645
607744,0.4000000059604645
608192,0.4000000059604645
608784,0.4000000059604645
608968,0.4000000059604645
609072,0.4000000059604645
609240,0.4000000059604645
609616,0.4000000059604645
609664,0.4000000059604645
609720,0.4000000059604645
609848,0.4000000059604645
610080,0.4000000059604645
610368,0.4000000059604645
610488,0.4000000059604645
610904,0.4000000059604645
611168,0.4000000059604645
611312,0.4000000059604645
611336,0.4000000059604645
611552,0.4000000059604645
611568,0.4000000059604645
611584,0.4000000059604645
611784,0.4000000059604645
611968,0.4000000059604645
612480,0.4000000059604645
612896,0.4000000059604645
612920,0.4000000059604645
613152,0.4000000059604645
613264,0.4000000059604645
613824,0.4000000059604645
614256,0.4000000059604645
614392,0.4000000059604645
614560,0.4000000059604645
614672,0.4000000059604645
614968,0.4000000059604645
615024,0.4000000059604645
615080,0.4000000059604645
615136,0.4000000059604645
615352,0.4000000059604645
615544,0.4000000059604645
615904,0.4000000059604645
615992,0.4000000059604645
616120,0.4000000059604645
616320,0.4000000059604645
616448,0.4000000059604645
616584,0.4000000059604645
616672,0.4000000059604645
616696,0.4000000059604645
616864,0.4000000059604645
616888,0.4000000059604645
617192,0.4000000059604645
617368,0.4000000059604645
617384,0.4000000059604645
617520,0.4000000059604645
617952,0.4000000059604645
618088,0.4000000059604645
618128,0.4000000059604645
618232,0.4000000059604645
618440,0.4000000059604645
618664,0.4000000059604645
618888,0.4000000059604645
619016,0.4000000059604645
619272,0.4000000059604645
619480,0.4000000059604645
619600,0.4000000059604645
619928,0.4000000059604645
620040,0.4000000059604645
620240,0.4000000059604645
621192,0.4000000059604645
621528,0.4000000059604645
621568,0.4000000059604645
621968,0.4000000059604645
621976,0.4000000059604645
622432,0.4000000059604645
622728,0.4000000059604645
622776,0.4000000059604645
622808,0.4000000059604645
623024,0.4000000059604645
623176,0.4000000059604645
623672,0.4000000059604645
623760,0.4000000059604645
623992,0.4000000059604645
624248,0.4000000059604645
624568,0.4000000059604645
624648,0.4000000059604645
624760,0.4000000059604645
624888,0.4000000059604645
625352,0.4000000059604645
625576,0.4000000059604645
626080,0.4000000059604645
626304,0.4000000059604645
626552,0.4000000059604645
626584,0.4000000059604645
626656,0.4000000059604645
626728,0.4000000059604645
626760,0.4000000059604645
626880,0.4000000059604645
627072,0.4000000059604645
627088,0.4000000059604645
627280,0.4000000059604645
627664,0.4000000059604645
628056,0.4000000059604645
628312,0.4000000059604645
628408,0.4000000059604645
628504,0.4000000059604645
628664,0.4000000059604645
629008,0.4000000059604645
629024,0.4000000059604645
629104,0.4000000059604645
629416,0.4000000059604645
629496,0.4000000059604645
629696,0.4000000059604645
629736,0.4000000059604645
629976,0.4000000059604645
630200,0.4000000059604645
630616,0.4000000059604645
630896,0.4000000059604645
630928,0.4000000059604645
631304,0.4000000059604645
631408,0.4000000059604645
631416,0.4000000059604645
631592,0.4000000059604645
631752,0.4000000059604645
631768,0.4000000059604645
631784,0.4000000059604645
632040,0.4000000059604645
632072,0.4000000059604645
632264,0.4000000059604645
632296,0.4000000059604645
632312,0.4000000059604645
632768,0.4000000059604645
632976,0.4000000059604645
633088,0.4000000059604645
633160,0.4000000059604645
633168,0.4000000059604645
633472,0.4000000059604645
633504,0.4000000059604645
633880,0.4000000059604645
633992,0.4000000059604645
634528,0.4000000059604645
634928,0.4000000059604645
634976,0.4000000059604645
635016,0.4000000059604645
635192,0.4000000059604645
635376,0.4000000059604645
635408,0.4000000059604645
635472,0.4000000059604645
635504,0.4000000059604645
635616,0.4000000059604645
635832,0.4000000059604645
635936,0.4000000059604645
636056,0.4000000059604645
636104,0.4000000059604645
636368,0.4000000059604645
636416,0.4000000059604645
636424,0.4000000059604645
636560,0.4000000059604645
636616,0.4000000059604645
636792,0.4000000059604645
636856,0.4000000059604645
636864,0.4000000059604645
636920,0.4000000059604645
637008,0.4000000059604645
637072,0.4000000059604645
637192,0.4000000059604645
637280,0.4000000059604645
637320,0.4000000059604645
637600,0.4000000059604645
637616,0.4000000059604645
637640,0.4000000059604645
638616,0.4000000059604645
638944,0.4000000059604645
638992,0.4000000059604645
639112,0.4000000059604645
639432,0.4000000059604645
639600,0.4000000059604645
639712,0.4000000059604645
639960,0.4000000059604645
640240,0.4000000059604645
640272,0.4000000059604645
640280,0.4000000059604645
640384,0.4000000059604645
640560,0.4000000059604645
640608,0.4000000059604645
640632,0.4000000059604645
640680,0.4000000059604645
640696,0.4000000059604645
641456,0.4000000059604645
641704,0.4000000059604645
641776,0.4000000059604645
641904,0.4000000059604645
641984,0.4000000059604645
642040,0.4000000059604645
642320,0.4000000059604645
642376,0.4000000059604645
642760,0.4000000059604645
642984,0.4000000059604645
643856,0.4000000059604645
644072,0.4000000059604645
644232,0.4000000059604645
644392,0.4000000059604645
644504,0.4000000059604645
644656,0.4000000059604645
645048,0.4000000059604645
645064,0.4000000059604645
645328,0.4000000059604645
645632,0.4000000059604645
645816,0.4000000059604645
646208,0.4000000059604645
646368,0.4000000059604645
646376,0.4000000059604645
646944,0.4000000059604645
646968,0.4000000059604645
647080,0.4000000059604645
647136,0.4000000059604645
647184,0.4000000059604645
647248,0.4000000059604645
647480,0.4000000059604645
647576,0.4000000059604645
647688,0.4000000059604645
647696,0.4000000059604645
647856,0.4000000059604645
647920,0.4000000059604645
647968,0.4000000059604645
647984,0.4000000059604645
648160,0.4000000059604645
648368,0.4000000059604645
648456,0.4000000059604645
648576,0.4000000059604645
648784,0.4000000059604645
648848,0.4000000059604645
648936,0.4000000059604645
648976,0.4000000059604645
649240,0.4000000059604645
649280,0.4000000059604645
649304,0.4000000059604645
649488,0.4000000059604645
649560,0.4000000059604645
649584,0.4000000059604645
649656,0.4000000059604645
649848,0.4000000059604645
649904,0.4000000059604645
650040,0.4000000059604645
650272,0.4000000059604645
650520,0.4000000059604645
650736,0.4000000059604645
650784,0.4000000059604645
650984,0.4000000059604645
651000,0.4000000059604645
651672,0.4000000059604645
652200,0.4000000059604645
652232,0.4000000059604645
652344,0.4000000059604645
652584,0.4000000059604645
652632,0.4000000059604645
652656,0.4000000059604645
653048,0.4000000059604645
653328,0.4000000059604645
653520,0.4000000059604645
653704,0.4000000059604645
653800,0.4000000059604645
653872,0.4000000059604645
654072,0.4000000059604645
654536,0.4000000059604645
654592,0.4000000059604645
654792,0.4000000059604645
654800,0.4000000059604645
654880,0.4000000059604645
655208,0.4000000059604645
655232,0.4000000059604645
655472,0.4000000059604645
655648,0.4000000059604645
655672,0.4000000059604645
655992,0.4000000059604645
656032,0.4000000059604645
656128,0.4000000059604645
656280,0.4000000059604645
656728,0.4000000059604645
656936,0.4000000059604645
657064,0.4000000059604645
657184,0.4000000059604645
657424,0.4000000059604645
657464,0.4000000059604645
657712,0.4000000059604645
657824,0.4000000059604645
657872,0.4000000059604645
658072,0.4000000059604645
658160,0.4000000059604645
658368,0.4000000059604645
658520,0.4000000059604645
658568,0.4000000059604645
658616,0.4000000059604645
658744,0.4000000059604645
658768,0.4000000059604645
659448,0.4000000059604645
659600,0.4000000059604645
659632,0.4000000059604645
659656,0.4000000059604645
659760,0.4000000059604645
659976,0.4000000059604645
659992,0.4000000059604645
660112,0.4000000059604645
660240,0.4000000059604645
660280,0.4000000059604645
660552,0.4000000059604645
660672,0.4000000059604645
660864,0.4000000059604645
661152,0.4000000059604645
661176,0.4000000059604645
661224,0.4000000059604645
661256,0.4000000059604645
661288,0.4000000059604645
662064,0.4000000059604645
662296,0.4000000059604645
662456,0.4000000059604645
662472,0.4000000059604645
662584,0.4000000059604645
662752,0.4000000059604645
663504,0.4000000059604645
663624,0.4000000059604645
663768,0.4000000059604645
663776,0.4000000059604645
663920,0.4000000059604645
664112,0.4000000059604645
664416,0.4000000059604645
664480,0.4000000059604645
664496,0.4000000059604645
664728,0.4000000059604645
664856,0.4000000059604645
664888,0.4000000059604645
664904,0.4000000059604645
664952,0.4000000059604645
665168,0.4000000059604645
665264,0.4000000059604645
665344,0.4000000059604645
665456,0.4000000059604645
665544,0.4000000059604645
665576,0.4000000059604645
665608,0.4000000059604645
666104,0.4000000059604645
666176,0.4000000059604645
666296,0.4000000059604645
666624,0.4000000059604645
666880,0.4000000059604645
666936,0.4000000059604645
667136,0.4000000059604645
667272,0.4000000059604645
667544,0.4000000059604645
667704,0.4000000059604645
667816,0.4000000059604645
667992,0.4000000059604645
668048,0.4000000059604645
668200,0.4000000059604645
668392,0.4000000059604645
668448,0.4000000059604645
668536,0.4000000059604645
668552,0.4000000059604645
668560,0.4000000059604645
668928,0.4000000059604645
669024,0.4000000059604645
669064,0.4000000059604645
669096,0.4000000059604645
669368,0.4000000059604645
669552,0.4000000059604645
669672,0.4000000059604645
669784,0.4000000059604645
670432,0.4000000059604645
670640,0.4000000059604645
670912,0.4000000059604645
671000,0.4000000059604645
671008,0.4000000059604645
671104,0.4000000059604645
671392,0.4000000059604645
671616,0.4000000059604645
671672,0.4000000059604645
671712,0.4000000059604645
671960,0.4000000059604645
671968,0.4000000059604645
672128,0.4000000059604645
672248,0.4000000059604645
672744,0.4000000059604645
673128,0.4000000059604645
673248,0.4000000059604645
673448,0.4000000059604645
673584,0.4000000059604645
673704,0.4000000059604645
673928,0.4000000059604645
673984,0.4000000059604645
674384,0.4000000059604645
674648,0.4000000059604645
674760,0.4000000059604645
674800,0.4000000059604645
674824,0.4000000059604645
674880,0.4000000059604645
674912,0.4000000059604645
674960,0.4000000059604645
675288,0.4000000059604645
675392,0.4000000059604645
676032,0.4000000059604645
676040,0.4000000059604645
676056,0.4000000059604645
676096,0.4000000059604645
676152,0.4000000059604645
676336,0.4000000059604645
676352,0.4000000059604645
676880,0.4000000059604645
677120,0.4000000059604645
677632,0.4000000059604645
677720,0.4000000059604645
677960,0.4000000059604645
678112,0.4000000059604645
678552,0.4000000059604645
678624,0.4000000059604645
678696,0.4000000059604645
678800,0.4000000059604645
678920,0.4000000059604645
678968,0.4000000059604645
679096,0.4000000059604645
679152,0.4000000059604645
679168,0.4000000059604645
679176,0.4000000059604645
679664,0.4000000059604645
680352,0.4000000059604645
680528,0.4000000059604645
680552,0.4000000059604645
680568,0.4000000059604645
680624,0.4000000059604645
680792,0.4000000059604645
680808,0.4000000059604645
680832,0.4000000059604645
680880,0.4000000059604645
681200,0.4000000059604645
681688,0.4000000059604645
681712,0.4000000059604645
681832,0.4000000059604645
682072,0.4000000059604645
682128,0.4000000059604645
682488,0.4000000059604645
682688,0.4000000059604645
683008,0.4000000059604645
683200,0.4000000059604645
683384,0.4000000059604645
683448,0.4000000059604645
683488,0.4000000059604645
683632,0.4000000059604645
683816,0.4000000059604645
684128,0.4000000059604645
684160,0.4000000059604645
684568,0.4000000059604645
685032,0.4000000059604645
685096,0.4000000059604645
685152,0.4000000059604645
685472,0.4000000059604645
685696,0.4000000059604645
685720,0.4000000059604645
685880,0.4000000059604645
685928,0.4000000059604645
686128,0.4000000059604645
686280,0.4000000059604645
686392,0.4000000059604645
686448,0.4000000059604645
686632,0.4000000059604645
686800,0.4000000059604645
687112,0.4000000059604645
687160,0.4000000059604645
687216,0.4000000059604645
687464,0.4000000059604645
687528,0.4000000059604645
687648,0.4000000059604645
688072,0.4000000059604645
688080,0.4000000059604645
688344,0.4000000059604645
688384,0.4000000059604645
688664,0.4000000059604645
688880,0.4000000059604645
688896,0.4000000059604645
688952,0.4000000059604645
689152,0.4000000059604645
689264,0.4000000059604645
689512,0.4000000059604645
689880,0.4000000059604645
690376,0.4000000059604645
690440,0.4000000059604645
690584,0.4000000059604645
690616,0.4000000059604645
690768,0.4000000059604645
690952,0.4000000059604645
691248,0.4000000059604645
691344,0.4000000059604645
691496,0.4000000059604645
691544,0.4000000059604645
692256,0.4000000059604645
692832,0.4000000059604645
692888,0.4000000059604645
692968,0.4000000059604645
693064,0.4000000059604645
693272,0.4000000059604645
693416,0.4000000059604645
693632,0.4000000059604645
693696,0.4000000059604645
693776,0.4000000059604645
694008,0.4000000059604645
694040,0.4000000059604645
694136,0.4000000059604645
694232,0.4000000059604645
694248,0.4000000059604645
694536,0.4000000059604645
694592,0.4000000059604645
695104,0.4000000059604645
695280,0.4000000059604645
695368,0.4000000059604645
695376,0.4000000059604645
695712,0.4000000059604645
695752,0.4000000059604645
695848,0.4000000059604645
695936,0.4000000059604645
696216,0.4000000059604645
696256,0.4000000059604645
696312,0.4000000059604645
696392,0.4000000059604645
696656,0.4000000059604645
696824,0.4000000059604645
697000,0.4000000059604645
697208,0.4000000059604645
697240,0.4000000059604645
697248,0.4000000059604645
697264,0.4000000059604645
697304,0.4000000059604645
697472,0.4000000059604645
697736,0.4000000059604645
697784,0.4000000059604645
697880,0.4000000059604645
697912,0.4000000059604645
698000,0.4000000059604645
698104,0.4000000059604645
698320,0.4000000059604645
698360,0.4000000059604645
698440,0.4000000059604645
698584,0.4000000059604645
698752,0.4000000059604645
698936,0.4000000059604645
699600,0.4000000059604645
699984,0.4000000059604645
700008,0.4000000059604645
700032,0.4000000059604645
700240,0.4000000059604645
700328,0.4000000059604645
700424,0.4000000059604645
700584,0.4000000059604645
701104,0.4000000059604645
701200,0.4000000059604645
701312,0.4000000059604645
701424,0.4000000059604645
701704,0.4000000059604645
701712,0.4000000059604645
701848,0.4000000059604645
702016,0.4000000059604645
702064,0.4000000059604645
702104,0.4000000059604645
702128,0.4000000059604645
702232,0.4000000059604645
702256,0.4000000059604645
702448,0.4000000059604645
702568,0.4000000059604645
702648,0.4000000059604645
702688,0.4000000059604645
702736,0.4000000059604645
702856,0.4000000059604645
703432,0.4000000059604645
703520,0.4000000059604645
703776,0.4000000059604645
703816,0.4000000059604645
703888,0.4000000059604645
703944,0.4000000059604645
703960,0.4000000059604645
704152,0.4000000059604645
704504,0.4000000059604645
704672,0.4000000059604645
705120,0.4000000059604645
705576,0.4000000059604645
705648,0.4000000059604645
705672,0.4000000059604645
705712,0.4000000059604645
705864,0.4000000059604645
705888,0.4000000059604645
706536,0.0
706808,0.4000000059604645
707256,0.4000000059604645
707288,0.4000000059604645
707384,0.4000000059604645
707488,0.4000000059604645
707624,0.4000000059604645
707664,0.4000000059604645
707896,0.4000000059604645
707976,0.4000000059604645
708072,0.4000000059604645
708112,0.4000000059604645
708264,0.4000000059604645
708704,0.4000000059604645
709064,0.4000000059604645
709104,0.4000000059604645
709112,0.4000000059604645
709168,0.4000000059604645
709216,0.4000000059604645
709272,0.4000000059604645
709304,0.4000000059604645
709520,0.4000000059604645
709552,0.4000000059604645
709616,0.4000000059604645
710096,0.4000000059604645
710400,0.4000000059604645
710472,0.4000000059604645
710728,0.4000000059604645
710864,0.4000000059604645
711280,0.4000000059604645
711360,0.4000000059604645
711928,0.4000000059604645
712080,0.4000000059604645
712192,0.4000000059604645
712280,0.4000000059604645
712352,0.4000000059604645
712480,0.4000000059604645
712648,0.4000000059604645
712752,0.4000000059604645
712928,0.4000000059604645
713104,0.4000000059604645
713456,0.4000000059604645
714072,0.4000000059604645
714288,0.4000000059604645
714528,0.4000000059604645
714536,0.4000000059604645
714648,0.4000000059604645
714768,0.4000000059604645
714840,0.4000000059604645
714928,0.4000000059604645
715392,0.4000000059604645
715400,0.4000000059604645
715440,0.4000000059604645
715448,0.4000000059604645
715512,0.4000000059604645
715752,0.4000000059604645
715768,0.4000000059604645
715936,0.4000000059604645
715960,0.4000000059604645
716088,0.4000000059604645
716136,0.4000000059604645
716712,0.4000000059604645
716864,0.4000000059604645
716992,0.4000000059604645
717064,0.4000000059604645
717208,0.4000000059604645
717408,0.4000000059604645
717432,0.4000000059604645
717936,0.4000000059604645
718544,0.4000000059604645
719128,0.4000000059604645
719624,0.4000000059604645
719640,0.4000000059604645
719664,0.4000000059604645
719848,0.4000000059604645
719880,0.4000000059604645
720056,0.4000000059604645
720104,0.4000000059604645
720216,0.4000000059604645
720272,0.4000000059604645
720408,0.4000000059604645
721328,0.4000000059604645
721824,0.4000000059604645
722264,0.4000000059604645
722544,0.4000000059604645
722640,0.4000000059604645
722864,0.4000000059604645
722992,0.4000000059604645
723280,0.4000000059604645
723504,0.4000000059604645
724248,0.4000000059604645
724256,0.4000000059604645
724424,0.4000000059604645
724672,0.4000000059604645
725216,0.4000000059604645
725328,0.4000000059604645
725376,0.4000000059604645
725480,0.4000000059604645
725496,0.4000000059604645
725536,0.4000000059604645
725912,0.4000000059604645
726008,0.4000000059604645
726104,0.4000000059604645
726248,0.4000000059604645
726416,0.4000000059604645
726464,0.4000000059604645
727024,0.4000000059604645
727056,0.4000000059604645
727248,0.4000000059604645
727792,0.4000000059604645
727824,0.4000000059604645
727832,0.4000000059604645
728040,0.4000000059604645
728464,0.4000000059604645
728624,0.4000000059604645
728792,0.4000000059604645
728912,0.4000000059604645
729072,0.4000000059604645
729096,0.4000000059604645
729288,0.4000000059604645
729296,0.4000000059604645
729352,0.4000000059604645
729464,0.4000000059604645
729488,0.4000000059604645
729640,0.4000000059604645
729672,0.4000000059604645
729760,0.4000000059604645
730200,0.4000000059604645
730600,0.4000000059604645
730896,0.4000000059604645
731408,0.4000000059604645
731456,0.4000000059604645
731592,0.4000000059604645
731832,0.4000000059604645
732192,0.4000000059604645
732216,0.4000000059604645
732392,0.4000000059604645
732424,0.4000000059604645
732480,0.4000000059604645
732496,0.4000000059604645
732552,0.4000000059604645
732624,0.4000000059604645
732680,0.4000000059604645
732784,0.4000000059604645
732864,0.4000000059604645
732960,0.4000000059604645
732992,0.4000000059604645
733016,0.4000000059604645
733216,0.4000000059604645
733432,0.4000000059604645
733632,0.4000000059604645
733808,0.4000000059604645
734008,0.4000000059604645
734424,0.4000000059604645
734528,0.4000000059604645
734848,0.4000000059604645
734984,0.4000000059604645
735160,0.4000000059604645
735296,0.4000000059604645
735360,0.4000000059604645
735688,0.4000000059604645
736168,0.4000000059604645
736256,0.4000000059604645
736296,0.4000000059604645
736328,0.4000000059604645
736344,0.4000000059604645
736352,0.4000000059604645
736360,0.4000000059604645
736560,0.4000000059604645
736640,0.4000000059604645
736720,0.4000000059604645
736848,0.4000000059604645
737184,0.4000000059604645
737280,0.4000000059604645
737392,0.4000000059604645
737800,0.4000000059604645
737816,0.4000000059604645
737968,0.4000000059604645
738088,0.4000000059604645
738400,0.4000000059604645
738632,0.4000000059604645
738704,0.4000000059604645
738880,0.4000000059604645
739128,0.4000000059604645
739144,0.4000000059604645
739152,0.4000000059604645
739176,0.4000000059604645
739408,0.4000000059604645
739712,0.4000000059604645
740016,0.4000000059604645
740024,0.4000000059604645
740208,0.4000000059604645
740472,0.4000000059604645
740568,0.4000000059604645
740976,0.4000000059604645
741368,0.4000000059604645
741544,0.4000000059604645
741656,0.4000000059604645
741896,0.4000000059604645
741992,0.4000000059604645
742304,0.4000000059604645
742416,0.4000000059604645
742800,0.4000000059604645
742832,0.4000000059604645
742952,0.4000000059604645
743344,0.4000000059604645
743456,0.4000000059604645
743664,0.4000000059604645
743696,0.4000000059604645
744208,0.4000000059604645
744336,0.4000000059604645
744360,0.4000000059604645
744416,0.4000000059604645
744488,0.4000000059604645
744592,0.4000000059604645
744752,0.4000000059604645
744848,0.4000000059604645
744912,0.4000000059604645
744960,0.4000000059604645
745080,0.4000000059604645
745328,0.4000000059604645
745368,0.4000000059604645
745440,0.4000000059604645
745712,0.4000000059604645
745800,0.4000000059604645
745952,0.4000000059604645
746000,0.4000000059604645
746200,0.4000000059604645
746216,0.4000000059604645
746576,0.4000000059604645
746592,0.4000000059604645
746648,0.4000000059604645
746728,0.4000000059604645
746856,0.4000000059604645
746904,0.4000000059604645
747376,0.4000000059604645
747544,0.4000000059604645
748224,0.4000000059604645
748248,0.4000000059604645
748320,0.4000000059604645
748640,0.4000000059604645
748672,0.4000000059604645
748888,0.4000000059604645
749048,0.4000000059604645
749176,0.4000000059604645
749328,0.4000000059604645
749576,0.4000000059604645
750000,0.4000000059604645
750616,0.4000000059604645
750632,0.4000000059604645
750960,0.4000000059604645
751096,0.4000000059604645
751288,0.4000000059604645
751328,0.4000000059604645
751696,0.4000000059604645
751768,0.4000000059604645
751784,0.4000000059604645
751888,0.4000000059604645
752040,0.4000000059604645
752136,0.4000000059604645
752232,0.4000000059604645
752288,0.4000000059604645
752400,0.4000000059604645
752560,0.4000000059604645
752624,0.4000000059604645
752752,0.4000000059604645
752848,0.4000000059604645
753112,0.4000000059604645
753216,0.4000000059604645
753744,0.4000000059604645
754200,0.4000000059604645
754312,0.4000000059604645
754392,0.4000000059604645
754512,0.4000000059604645
754536,0.4000000059604645
754640,0.4000000059604645
754776,0.4000000059604645
754904,0.4000000059604645
754912,0.4000000059604645
754960,0.4000000059604645
755104,0.4000000059604645
755152,0.4000000059604645
755480,0.4000000059604645
755752,0.0
755880,0.4000000059604645
755968,0.4000000059604645
756240,0.4000000059604645
756272,0.4000000059604645
756304,0.4000000059604645
756440,0.4000000059604645
756544,0.4000000059604645
756592,0.4000000059604645
756600,0.4000000059604645
756728,0.4000000059604645
756792,0.4000000059604645
757104,0.4000000059604645
757120,0.4000000059604645
757184,0.4000000059604645
757264,0.4000000059604645
757280,0.4000000059604645
757480,0.4000000059604645
757712,0.4000000059604645
757816,0.4000000059604645
757936,0.4000000059604645
758024,0.4000000059604645
758256,0.4000000059604645
758312,0.4000000059604645
758712,0.4000000059604645
758760,0.4000000059604645
759088,0.4000000059604645
759104,0.4000000059604645
759240,0.4000000059604645
759344,0.4000000059604645
759352,0.4000000059604645
759360,0.4000000059604645
759384,0.4000000059604645
759512,0.4000000059604645
759832,0.4000000059604645
760112,0.4000000059604645
760128,0.4000000059604645
760296,0.4000000059604645
760328,0.4000000059604645
760568,0.4000000059604645
760776,0.4000000059604645
760784,0.4000000059604645
760816,0.4000000059604645
760904,0.4000000059604645
761000,0.4000000059604645
761192,0.4000000059604645
761384,0.4000000059604645
761560,0.4000000059604645
761576,0.4000000059604645
761888,0.4000000059604645
761904,0.4000000059604645
762024,0.4000000059604645
762192,0.4000000059604645
762216,0.4000000059604645
762224,0.4000000059604645
762288,0.4000000059604645
762416,0.4000000059604645
762568,0.4000000059604645
763040,0.4000000059604645
763056,0.4000000059604645
763088,0.4000000059604645
763144,0.4000000059604645
763320,0.4000000059604645
763456,0.4000000059604645
763664,0.4000000059604645
764440,0.4000000059604645
764456,0.4000000059604645
764624,0.4000000059604645
764736,0.4000000059604645
765136,0.4000000059604645
765160,0.4000000059604645
765240,0.4000000059604645
765544,0.4000000059604645
765736,0.4000000059604645
765776,0.4000000059604645
765880,0.4000000059604645
766016,0.4000000059604645
766088,0.4000000059604645
766200,0.4000000059604645
766272,0.4000000059604645
766328,0.4000000059604645
766376,0.4000000059604645
766600,0.4000000059604645
766672,0.4000000059604645
766808,0.4000000059604645
766912,0.4000000059604645
767480,0.4000000059604645
767544,0.4000000059604645
767880,0.4000000059604645
767896,0.4000000059604645
768104,0.4000000059604645
768216,0.4000000059604645
768520,0.4000000059604645
768616,0.4000000059604645
768648,0.4000000059604645
768664,0.4000000059604645
768896,0.4000000059604645
769448,0.4000000059604645
769592,0.4000000059604645
770040,0.4000000059604645
770072,0.4000000059604645
770208,0.4000000059604645
770352,0.4000000059604645
771200,0.4000000059604645
771256,0.4000000059604645
771592,0.4000000059604645
771720,0.4000000059604645
771952,0.4000000059604645
772048,0.4000000059604645
772384,0.4000000059604645
772560,0.4000000059604645
772600,0.4000000059604645
772816,0.4000000059604645
772896,0.4000000059604645
773216,0.4000000059604645
773272,0.4000000059604645
773328,0.4000000059604645
773592,0.4000000059604645
774136,0.4000000059604645
774240,0.4000000059604645
774312,0.4000000059604645
774712,0.4000000059604645
774784,0.4000000059604645
775064,0.4000000059604645
775200,0.4000000059604645
775536,0.4000000059604645
775656,0.4000000059604645
775872,0.4000000059604645
775944,0.4000000059604645
776072,0.4000000059604645
776168,0.4000000059604645
776184,0.4000000059604645
776416,0.4000000059604645
776768,0.4000000059604645
776800,0.4000000059604645
776920,0.4000000059604645
776960,0.4000000059604645
776976,0.4000000059604645
777024,0.4000000059604645
777032,0.4000000059604645
777696,0.4000000059604645
778072,0.4000000059604645
778096,0.4000000059604645
778272,0.4000000059604645
778296,0.4000000059604645
779080,0.4000000059604645
779112,0.4000000059604645
779336,0.4000000059604645
779616,0.4000000059604645
779872,0.4000000059604645
780104,0.4000000059604645
780224,0.4000000059604645
780328,0.4000000059604645
780368,0.4000000059604645
780504,0.4000000059604645
780632,0.4000000059604645
780696,0.4000000059604645
780968,0.4000000059604645
781128,0.4000000059604645
781216,0.4000000059604645
781272,0.4000000059604645
781320,0.4000000059604645
781360,0.4000000059604645
781408,0.4000000059604645
781680,0.4000000059604645
781792,0.4000000059604645
781912,0.4000000059604645
781920,0.4000000059604645
781928,0.4000000059604645
781968,0.4000000059604645
781992,0.4000000059604645
782048,0.4000000059604645
782376,0.4000000059604645
782456,0.4000000059604645
782568,0.4000000059604645
782656,0.4000000059604645
782712,0.4000000059604645
783320,0.4000000059604645
783712,0.4000000059604645
783856,0.4000000059604645
783960,0.4000000059604645
784096,0.4000000059604645
784120,0.4000000059604645
784160,0.4000000059604645
784192,0.4000000059604645
784224,0.4000000059604645
784272,0.4000000059604645
784592,0.4000000059604645
784624,0.4000000059604645
784656,0.4000000059604645
784744,0.4000000059604645
784872,0.4000000059604645
785416,0.4000000059604645
785544,0.4000000059604645
786280,0.4000000059604645
786312,0.4000000059604645
786536,0.4000000059604645
786592,0.4000000059604645
786808,0.4000000059604645
786912,0.4000000059604645
787032,0.4000000059604645
787200,0.4000000059604645
787376,0.4000000059604645
787592,0.4000000059604645
787664,0.4000000059604645
787744,0.4000000059604645
787880,0.4000000059604645
788208,0.4000000059604645
788296,0.4000000059604645
788368,0.4000000059604645
788416,0.4000000059604645
788496,0.4000000059604645
788648,0.4000000059604645
788752,0.4000000059604645
788784,0.4000000059604645
788976,0.4000000059604645
788992,0.4000000059604645
789000,0.4000000059604645
789672,0.4000000059604645
789856,0.4000000059604645
789888,0.4000000059604645
790016,0.4000000059604645
790376,0.4000000059604645
790672,0.4000000059604645
790904,0.4000000059604645
791088,0.4000000059604645
791184,0.4000000059604645
791248,0.4000000059604645
791256,0.4000000059604645
791264,0.4000000059604645
791296,0.4000000059604645
791440,0.4000000059604645
791520,0.4000000059604645
792120,0.4000000059604645
792512,0.4000000059604645
792520,0.4000000059604645
792696,0.4000000059604645
792736,0.4000000059604645
793032,0.4000000059604645
793064,0.4000000059604645
793152,0.4000000059604645
793344,0.4000000059604645
793416,0.4000000059604645
793440,0.4000000059604645
793472,0.4000000059604645
793952,0.4000000059604645
794064,0.4000000059604645
794560,0.4000000059604645
794584,0.4000000059604645
794688,0.4000000059604645
794712,0.4000000059604645
794960,0.4000000059604645
794968,0.4000000059604645
795272,0.4000000059604645
795344,0.4000000059604645
795368,0.4000000059604645
795376,0.4000000059604645
795776,0.4000000059604645
795912,0.4000000059604645
795952,0.4000000059604645
796000,0.4000000059604645
796040,0.4000000059604645
796168,0.4000000059604645
796616,0.4000000059604645
796680,0.4000000059604645
796776,0.4000000059604645
797088,0.4000000059604645
797392,0.4000000059604645
797464,0.4000000059604645
797544,0.4000000059604645
797640,0.4000000059604645
797832,0.4000000059604645
798088,0.4000000059604645
798176,0.4000000059604645
798336,0.4000000059604645
798416,0.4000000059604645
798480,0.4000000059604645
798552,0.4000000059604645
798616,0.4000000059604645
798672,0.4000000059604645
798824,0.4000000059604645
798864,0.4000000059604645
798944,0.4000000059604645
799032,0.4000000059604645
799048,0.4000000059604645
799144,0.4000000059604645
799464,0.4000000059604645
799504,0.4000000059604645
799736,0.4000000059604645
799904,0.0
799936,0.4000000059604645
800000,0.4000000059604645
800080,0.4000000059604645
800128,0.4000000059604645
800184,0.4000000059604645
800336,0.4000000059604645
800344,0.4000000059604645
800376,0.4000000059604645
800408,0.4000000059604645
800568,0.4000000059604645
800800,0.4000000059604645
800928,0.4000000059604645
801056,0.4000000059604645
801120,0.4000000059604645
801192,0.4000000059604645
801288,0.4000000059604645
801424,0.4000000059604645
801440,0.4000000059604645
801488,0.4000000059604645
801712,0.4000000059604645
801760,0.4000000059604645
801832,0.4000000059604645
802088,0.4000000059604645
802104,0.4000000059604645
802184,0.4000000059604645
802536,0.4000000059604645
802592,0.4000000059604645
802688,0.4000000059604645
802928,0.4000000059604645
802960,0.4000000059604645
803552,0.4000000059604645
803688,0.4000000059604645
804016,0.4000000059604645
804064,0.4000000059604645
804200,0.4000000059604645
804240,0.4000000059604645
804456,0.4000000059604645
805200,0.4000000059604645
805376,0.4000000059604645
805424,0.4000000059604645
805656,0.4000000059604645
805848,0.4000000059604645
805984,0.4000000059604645
806064,0.4000000059604645
806304,0.4000000059604645
806352,0.4000000059604645
806552,0.4000000059604645
806736,0.4000000059604645
807472,0.4000000059604645
807488,0.4000000059604645
807560,0.4000000059604645
807864,0.4000000059604645
807872,0.4000000059604645
807912,0.4000000059604645
808344,0.4000000059604645
808528,0.4000000059604645
808536,0.4000000059604645
808832,0.4000000059604645
808872,0.4000000059604645
809248,0.4000000059604645
809344,0.4000000059604645
809408,0.4000000059604645
809592,0.4000000059604645
809616,0.4000000059604645
809744,0.4000000059604645
809816,0.4000000059604645
809848,0.4000000059604645
809880,0.4000000059604645
810104,0.4000000059604645
810224,0.4000000059604645
810240,0.4000000059604645
810352,0.4000000059604645
810360,0.4000000059604645
810464,0.4000000059604645
810600,0.4000000059604645
810776,0.4000000059604645
810792,0.4000000059604645
810888,0.4000000059604645
810928,0.4000000059604645
811432,0.4000000059604645
811712,0.4000000059604645
811984,0.4000000059604645
812384,0.4000000059604645
812496,0.4000000059604645
813008,0.4000000059604645
813024,0.4000000059604645
813040,0.4000000059604645
813048,0.4000000059604645
813280,0.4000000059604645
813424,0.4000000059604645
813448,0.4000000059604645
813512,0.4000000059604645
813800,0.4000000059604645
814144,0.4000000059604645
814192,0.4000000059604645
814256,0.4000000059604645
814472,0.4000000059604645
814552,0.4000000059604645
814672,0.4000000059604645
814768,0.4000000059604645
814840,0.4000000059604645
815016,0.4000000059604645
815072,0.4000000059604645
815088,0.4000000059604645
815776,0.4000000059604645
815880,0.4000000059604645
816056,0.4000000059604645
816744,0.4000000059604645
817040,0.4000000059604645
817064,0.4000000059604645
817344,0.4000000059604645
817584,0.4000000059604645
817960,0.4000000059604645
818080,0.4000000059604645
818160,0.4000000059604645
818216,0.4000000059604645
818224,0.4000000059604645
818656,0.4000000059604645
818776,0.4000000059604645
818800,0.4000000059604645
818824,0.4000000059604645
818984,0.4000000059604645
818992,0.4000000059604645
819160,0.4000000059604645
819440,0.4000000059604645
819592,0.4000000059604645
819648,0.4000000059604645
819728,0.4000000059604645
819808,0.4000000059604645
820008,0.4000000059604645
820016,0.4000000059604645
820032,0.4000000059604645
820048,0.4000000059604645
820144,0.4000000059604645
820296,0.4000000059604645
820744,0.4000000059604645
820784,0.4000000059604645
820960,0.4000000059604645
821000,0.4000000059604645
821008,0.4000000059604645
821064,0.4000000059604645
821336,0.4000000059604645
821424,0.4000000059604645
821488,0.4000000059604645
821584,0.4000000059604645
821616,0.4000000059604645
821664,0.4000000059604645
821736,0.4000000059604645
821936,0.4000000059604645
822016,0.4000000059604645
822152,0.4000000059604645
822304,0.4000000059604645
822376,0.4000000059604645
822648,0.4000000059604645
823168,0.4000000059604645
823464,0.4000000059604645
823624,0.4000000059604645
823672,0.4000000059604645
824344,0.4000000059604645
824440,0.4000000059604645
824544,0.4000000059604645
824896,0.4000000059604645
824952,0.4000000059604645
825096,0.4000000059604645
825288,0.4000000059604645
825536,0.4000000059604645
825752,0.4000000059604645
825944,0.4000000059604645
826024,0.4000000059604645
826040,0.4000000059604645
826072,0.4000000059604645
826312,0.4000000059604645
826992,0.4000000059604645
827200,0.4000000059604645
827272,0.4000000059604645
827336,0.4000000059604645
827856,0.4000000059604645
827928,0.4000000059604645
828552,0.4000000059604645
828712,0.4000000059604645
828792,0.4000000059604645
828928,0.4000000059604645
828936,0.4000000059604645
829016,0.4000000059604645
829168,0.4000000059604645
829184,0.4000000059604645
829232,0.4000000059604645
829400,0.4000000059604645
829440,0.4000000059604645
829536,0.4000000059604645
829608,0.4000000059604645
829728,0.4000000059604645
829736,0.4000000059604645
829784,0.4000000059604645
829832,0.4000000059604645
829920,0.4000000059604645
830048,0.4000000059604645
830328,0.4000000059604645
830464,0.4000000059604645
830672,0.4000000059604645
830760,0.4000000059604645
831192,0.4000000059604645
831232,0.4000000059604645
831248,0.4000000059604645
831416,0.4000000059604645
831440,0.4000000059604645
831496,0.4000000059604645
831592,0.4000000059604645
831680,0.4000000059604645
831704,0.4000000059604645
832008,0.4000000059604645
832216,0.4000000059604645
832464,0.4000000059604645
832496,0.4000000059604645
832864,0.4000000059604645
833088,0.4000000059604645
833520,0.4000000059604645
833632,0.4000000059604645
833696,0.4000000059604645
833712,0.4000000059604645
833720,0.4000000059604645
833848,0.4000000059604645
834064,0.4000000059604645
834328,0.4000000059604645
834456,0.4000000059604645
834536,0.4000000059604645
834824,0.4000000059604645
834912,0.4000000059604645
835488,0.4000000059604645
835728,0.4000000059604645
835816,0.4000000059604645
835968,0.4000000059604645
836008,0.4000000059604645
836032,0.4000000059604645
836104,0.4000000059604645
836176,0.4000000059604645
836488,0.4000000059604645
836568,0.4000000059604645
836976,0.4000000059604645
837128,0.4000000059604645
837160,0.4000000059604645
837520,0.4000000059604645
837928,0.4000000059604645
838264,0.4000000059604645
838512,0.4000000059604645
838704,0.4000000059604645
838784,0.4000000059604645
839080,0.4000000059604645
839192,0.4000000059604645
839264,0.4000000059604645
839288,0.4000000059604645
840016,0.4000000059604645
840192,0.4000000059604645
840272,0.4000000059604645
840312,0.4000000059604645
840472,0.4000000059604645
841104,0.4000000059604645
841624,0.4000000059604645
842224,0.4000000059604645
842312,0.4000000059604645
842776,0.4000000059604645
842784,0.4000000059604645
843080,0.4000000059604645
843280,0.4000000059604645
843312,0.4000000059604645
843408,0.4000000059604645
843560,0.4000000059604645
843576,0.4000000059604645
843624,0.4000000059604645
843664,0.4000000059604645
843712,0.4000000059604645
843720,0.4000000059604645
843808,0.4000000059604645
843936,0.4000000059604645
843984,0.4000000059604645
844864,0.4000000059604645
844912,0.4000000059604645
844944,0.4000000059604645
845128,0.4000000059604645
845280,0.4000000059604645
845496,0.4000000059604645
845560,0.4000000059604645
845928,0.4000000059604645
846000,0.4000000059604645
846192,0.4000000059604645
846648,0.4000000059604645
846976,0.4000000059604645
847040,0.4000000059604645
847160,0.4000000059604645
847576,0.4000000059604645
847656,0.4000000059604645
847824,0.4000000059604645
847880,0.4000000059604645
847960,0.4000000059604645
848008,0.4000000059604645
848048,0.4000000059604645
848136,0.4000000059604645
848248,0.4000000059604645
848640,0.4000000059604645
848752,0.4000000059604645
848824,0.4000000059604645
849064,0.4000000059604645
849192,0.4000000059604645
849336,0.4000000059604645
849384,0.4000000059604645
849416,0.4000000059604645
849432,0.4000000059604645
849496,0.4000000059604645
849768,0.4000000059604645
849840,0.4000000059604645
850120,0.4000000059604645
850216,0.4000000059604645
850488,0.4000000059604645
850608,0.4000000059604645
850664,0.4000000059604645
851000,0.4000000059604645
851024,0.4000000059604645
851208,0.4000000059604645
851272,0.4000000059604645
851304,0.4000000059604645
851416,0.4000000059604645
851560,0.4000000059604645
851648,0.4000000059604645
851816,0.4000000059604645
851880,0.4000000059604645
852056,0.4000000059604645
852208,0.4000000059604645
852216,0.4000000059604645
852352,0.4000000059604645
852368,0.4000000059604645
852712,0.4000000059604645
853184,0.4000000059604645
853224,0.4000000059604645
853264,0.4000000059604645
853456,0.4000000059604645
853496,0.4000000059604645
853552,0.4000000059604645
853576,0.4000000059604645
853624,0.4000000059604645
853632,0.4000000059604645
853640,0.4000000059604645
853816,0.4000000059604645
853864,0.4000000059604645
854256,0.4000000059604645
854272,0.4000000059604645
854536,0.4000000059604645
855256,0.4000000059604645
855320,0.4000000059604645
855328,0.4000000059604645
855352,0.4000000059604645
855400,0.4000000059604645
855536,0.4000000059604645
855608,0.4000000059604645
855808,0.4000000059604645
856224,0.4000000059604645
856496,0.4000000059604645
856560,0.4000000059604645
856848,0.4000000059604645
856992,0.4000000059604645
857048,0.4000000059604645
857128,0.4000000059604645
857208,0.4000000059604645
857432,0.4000000059604645
857728,0.4000000059604645
857952,0.4000000059604645
858024,0.4000000059604645
858160,0.4000000059604645
858408,0.4000000059604645
858440,0.0
858496,0.4000000059604645
858512,0.4000000059604645
858544,0.4000000059604645
859072,0.4000000059604645
859080,0.4000000059604645
859240,0.4000000059604645
859432,0.4000000059604645
859616,0.4000000059604645
859952,0.4000000059604645
859984,0.4000000059604645
860160,0.4000000059604645
860200,0.4000000059604645
860280,0.4000000059604645
860544,0.4000000059604645
860832,0.4000000059604645
860856,0.4000000059604645
861032,0.4000000059604645
861184,0.4000000059604645
861304,0.4000000059604645
861608,0.4000000059604645
861736,0.4000000059604645
861776,0.4000000059604645
862248,0.4000000059604645
862328,0.4000000059604645
862368,0.4000000059604645
862416,0.4000000059604645
862424,0.4000000059604645
862600,0.4000000059604645
862872,0.4000000059604645
862904,0.4000000059604645
863024,0.4000000059604645
863128,0.4000000059604645
863512,0.4000000059604645
863552,0.4000000059604645
863592,0.4000000059604645
863664,0.4000000059604645
863744,0.4000000059604645
863920,0.4000000059604645
864000,0.4000000059604645
864096,0.4000000059604645
864184,0.4000000059604645
864216,0.4000000059604645
864256,0.4000000059604645
864272,0.4000000059604645
864384,0.4000000059604645
864424,0.4000000059604645
864920,0.4000000059604645
864936,0.4000000059604645
865088,0.4000000059604645
865536,0.4000000059604645
865784,0.4000000059604645
865984,0.4000000059604645
866168,0.4000000059604645
866544,0.4000000059604645
866552,0.4000000059604645
866936,0.4000000059604645
867176,0.4000000059604645
867336,0.4000000059604645
867360,0.4000000059604645
867496,0.4000000059604645
867688,0.4000000059604645
867864,0.4000000059604645
868080,0.4000000059604645
868632,0.4000000059604645
868728,0.4000000059604645
868856,0.4000000059604645
868952,0.4000000059604645
868992,0.4000000059604645
869040,0.4000000059604645
869232,0.4000000059604645
869288,0.4000000059604645
869432,0.4000000059604645
869608,0.4000000059604645
869880,0.4000000059604645
870080,0.4000000059604645
870144,0.4000000059604645
870208,0.4000000059604645
870232,0.4000000059604645
870240,0.4000000059604645
870400,0.4000000059604645
870528,0.4000000059604645
870784,0.4000000059604645
870832,0.4000000059604645
870872,0.4000000059604645
870880,0.4000000059604645
870904,0.4000000059604645
871264,0.4000000059604645
871352,0.4000000059604645
871384,0.4000000059604645
871416,0.4000000059604645
871544,0.4000000059604645
871840,0.4000000059604645
872088,0.4000000059604645
872552,0.4000000059604645
872584,0.4000000059604645
872648,0.4000000059604645
872824,0.4000000059604645
873104,0.4000000059604645
873424,0.4000000059604645
873800,0.4000000059604645
874104,0.4000000059604645
874160,0.4000000059604645
874256,0.4000000059604645
874480,0.4000000059604645
874544,0.4000000059604645
874696,0.4000000059604645
874720,0.4000000059604645
874784,0.4000000059604645
874808,0.4000000059604645
874832,0.4000000059604645
874896,0.4000000059604645
875008,0.4000000059604645
875280,0.4000000059604645
875544,0.4000000059604645
875680,0.4000000059604645
876192,0.4000000059604645
876344,0.4000000059604645
876656,0.4000000059604645
876688,0.4000000059604645
876728,0.4000000059604645
876808,0.4000000059604645
877432,0.4000000059604645
877552,0.4000000059604645
877776,0.4000000059604645
878672,0.4000000059604645
878776,0.4000000059604645
878968,0.4000000059604645
879104,0.4000000059604645
879320,0.4000000059604645
879368,0.4000000059604645
879448,0.4000000059604645
879600,0.4000000059604645
880080,0.4000000059604645
880112,0.4000000059604645
880200,0.4000000059604645
880256,0.4000000059604645
880272,0.4000000059604645
880544,0.4000000059604645
880576,0.4000000059604645
880880,0.4000000059604645
880944,0.4000000059604645
881120,0.4000000059604645
881296,0.4000000059604645
881440,0.4000000059604645
882032,0.4000000059604645
882048,0.4000000059604645
882168,0.4000000059604645
882736,0.4000000059604645
883008,0.4000000059604645
883016,0.4000000059604645
883152,0.4000000059604645
883432,0.4000000059604645
883456,0.4000000059604645
883656,0.4000000059604645
883704,0.4000000059604645
883712,0.4000000059604645
883800,0.4000000059604645
883808,0.4000000059604645
883872,0.4000000059604645
883880,0.4000000059604645
884600,0.4000000059604645
884680,0.4000000059604645
885408,0.4000000059604645
885664,0.4000000059604645
886120,0.4000000059604645
886552,0.4000000059604645
886584,0.4000000059604645
886688,0.4000000059604645
887024,0.4000000059604645
887392,0.4000000059604645
887672,0.4000000059604645
887984,0.4000000059604645
888056,0.4000000059604645
888296,0.4000000059604645
888368,0.4000000059604645
888432,0.4000000059604645
888488,0.4000000059604645
888640,0.4000000059604645
888840,0.4000000059604645
889064,0.4000000059604645
889312,0.4000000059604645
889352,0.4000000059604645
889368,0.4000000059604645
889768,0.4000000059604645
889880,0.4000000059604645
889944,0.4000000059604645
890064,0.4000000059604645
890224,0.4000000059604645
890296,0.4000000059604645
890304,0.4000000059604645
890768,0.4000000059604645
891072,0.4000000059604645
891544,0.4000000059604645
891568,0.4000000059604645
891696,0.4000000059604645
891864,0.4000000059604645
892424,0.4000000059604645
892464,0.4000000059604645
892536,0.4000000059604645
892600,0.4000000059604645
892832,0.4000000059604645
892856,0.4000000059604645
892912,0.4000000059604645
893096,0.4000000059604645
893184,0.4000000059604645
893224,0.4000000059604645
893272,0.4000000059604645
893376,0.4000000059604645
893488,0.4000000059604645
893592,0.4000000059604645
893640,0.4000000059604645
893720,0.4000000059604645
893752,0.4000000059604645
893872,0.4000000059604645
894008,0.4000000059604645
894176,0.4000000059604645
894192,0.4000000059604645
894304,0.4000000059604645
894544,0.4000000059604645
894576,0.4000000059604645
894712,0.4000000059604645
894800,0.4000000059604645
894856,0.4000000059604645
894928,0.4000000059604645
895096,0.4000000059604645
895344,0.4000000059604645
895440,0.4000000059604645
895624,0.4000000059604645
895672,0.4000000059604645
896336,0.4000000059604645
896456,0.4000000059604645
896512,0.4000000059604645
896776,0.4000000059604645
896848,0.4000000059604645
897648,0.4000000059604645
897712,0.4000000059604645
897784,0.4000000059604645
898184,0.4000000059604645
898400,0.4000000059604645
898720,0.4000000059604645
898728,0.4000000059604645
899376,0.4000000059604645
899488,0.4000000059604645
899896,0.4000000059604645
900536,0.4000000059604645
900696,0.4000000059604645
900704,0.4000000059604645
900768,0.4000000059604645
900800,0.4000000059604645
900896,0.4000000059604645
900912,0.4000000059604645
901088,0.4000000059604645
901240,0.4000000059604645
901608,0.4000000059604645
901672,0.4000000059604645
901736,0.4000000059604645
901968,0.4000000059604645
902112,0.4000000059604645
902272,0.4000000059604645
902408,0.4000000059604645
902512,0.4000000059604645
902880,0.4000000059604645
902888,0.4000000059604645
903024,0.4000000059604645
903072,0.4000000059604645
903160,0.4000000059604645
903312,0.4000000059604645
903552,0.4000000059604645
903688,0.4000000059604645
903760,0.4000000059604645
903824,0.4000000059604645
903928,0.4000000059604645
904072,0.4000000059604645
904224,0.4000000059604645
904232,0.4000000059604645
904368,0.4000000059604645
904728,0.4000000059604645
904824,0.4000000059604645
905048,0.4000000059604645
905112,0.4000000059604645
905600,0.4000000059604645
905640,0.4000000059604645
905648,0.4000000059604645
905664,0.4000000059604645
905816,0.4000000059604645
906272,0.4000000059604645
906464,0.4000000059604645
906592,0.4000000059604645
906728,0.4000000059604645
906952,0.4000000059604645
907288,0.4000000059604645
907336,0.4000000059604645
907568,0.4000000059604645
907704,0.4000000059604645
907792,0.4000000059604645
908088,0.4000000059604645
908312,0.4000000059604645
908400,0.4000000059604645
908576,0.4000000059604645
908672,0.4000000059604645
909120,0.4000000059604645
909328,0.4000000059604645
909360,0.4000000059604645
909456,0.4000000059604645
909504,0.4000000059604645
910000,0.4000000059604645
910296,0.4000000059604645
910384,0.4000000059604645
910464,0.4000000059604645
911000,0.4000000059604645
911152,0.4000000059604645
911432,0.4000000059604645
911648,0.4000000059604645
912560,0.4000000059604645
913128,0.4000000059604645
913192,0.4000000059604645
913264,0.4000000059604645
913416,0.4000000059604645
913744,0.4000000059604645
913792,0.4000000059604645
913856,0.4000000059604645
914080,0.4000000059604645
914144,0.4000000059604645
914272,0.4000000059604645
914776,0.4000000059604645
914864,0.4000000059604645
915528,0.4000000059604645
915664,0.4000000059604645
915712,0.4000000059604645
915736,0.4000000059604645
915784,0.4000000059604645
916040,0.4000000059604645
916064,0.4000000059604645
916432,0.4000000059604645
916496,0.4000000059604645
916672,0.4000000059604645
916872,0.4000000059604645
916920,0.4000000059604645
917320,0.4000000059604645
917376,0.4000000059604645
917576,0.4000000059604645
917656,0.4000000059604645
917696,0.4000000059604645
917712,0.4000000059604645
917776,0.4000000059604645
917792,0.4000000059604645
918024,0.4000000059604645
918512,0.4000000059604645
918736,0.4000000059604645
918832,0.4000000059604645
919248,0.4000000059604645
919360,0.4000000059604645
919368,0.4000000059604645
920048,0.4000000059604645
920112,0.4000000059604645
920352,0.4000000059604645
920360,0.4000000059604645
920672,0.4000000059604645
920704,0.4000000059604645
920840,0.4000000059604645
920968,0.4000000059604645
921016,0.4000000059604645
921112,0.4000000059604645
921192,0.4000000059604645
921232,0.4000000059604645
921432,0.4000000059604645
921520,0.4000000059604645
921568,0.4000000059604645
921608,0.4000000059604645
921680,0.4000000059604645
921736,0.4000000059604645
921760,0.4000000059604645
921800,0.4000000059604645
921832,0.4000000059604645
922128,0.4000000059604645
922208,0.4000000059604645
922376,0.4000000059604645
922504,0.4000000059604645
922744,0.4000000059604645
923008,0.4000000059604645
923032,0.4000000059604645
923184,0.4000000059604645
923288,0.4000000059604645
923544,0.4000000059604645
923760,0.4000000059604645
923848,0.4000000059604645
923928,0.4000000059604645
924080,0.4000000059604645
924272,0.4000000059604645
924360,0.4000000059604645
924400,0.4000000059604645
924552,0.4000000059604645
924976,0.4000000059604645
925000,0.4000000059604645
925104,0.4000000059604645
925136,0.4000000059604645
925152,0.4000000059604645
925288,0.4000000059604645
925400,0.4000000059604645
925560,0.4000000059604645
925664,0.4000000059604645
926368,0.4000000059604645
926456,0.4000000059604645
926720,0.4000000059604645
927136,0.4000000059604645
927168,0.4000000059604645
927208,0.4000000059604645
927416,0.4000000059604645
927440,0.4000000059604645
927768,0.4000000059604645
928032,0.4000000059604645
928104,0.4000000059604645
928208,0.4000000059604645
928240,0.4000000059604645
928424,0.4000000059604645
928456,0.4000000059604645
928512,0.4000000059604645
928592,0.4000000059604645
929136,0.4000000059604645
929288,0.4000000059604645
929312,0.4000000059604645
929456,0.4000000059604645
929472,0.4000000059604645
929544,0.4000000059604645
929928,0.4000000059604645
929960,0.4000000059604645
930056,0.4000000059604645
930168,0.4000000059604645
930176,0.4000000059604645
930272,0.4000000059604645
930280,0.4000000059604645
930856,0.4000000059604645
931032,0.4000000059604645
931128,0.4000000059604645
931240,0.4000000059604645
931592,0.4000000059604645
931648,0.4000000059604645
931848,0.4000000059604645
931984,0.4000000059604645
932336,0.4000000059604645
932360,0.4000000059604645
932616,0.4000000059604645
933424,0.4000000059604645
934048,0.4000000059604645
934192,0.4000000059604645
934352,0.4000000059604645
934488,0.4000000059604645
934608,0.4000000059604645
934616,0.4000000059604645
934728,0.4000000059604645
934976,0.4000000059604645
935016,0.4000000059604645
935072,0.4000000059604645
935152,0.4000000059604645
935216,0.4000000059604645
935304,0.4000000059604645
935424,0.4000000059604645
935752,0.4000000059604645
935944,0.4000000059604645
935968,0.4000000059604645
935992,0.4000000059604645
936120,0.4000000059604645
936176,0.4000000059604645
936192,0.4000000059604645
936224,0.4000000059604645
936512,0.4000000059604645
936608,0.4000000059604645
936672,0.4000000059604645
936736,0.4000000059604645
936768,0.4000000059604645
936952,0.4000000059604645
937024,0.4000000059604645
937088,0.4000000059604645
937256,0.4000000059604645
937336,0.4000000059604645
937400,0.4000000059604645
937568,0.4000000059604645
937664,0.4000000059604645
937824,0.4000000059604645
937896,0.4000000059604645
937904,0.4000000059604645
938088,0.4000000059604645
938320,0.4000000059604645
938376,0.4000000059604645
938624,0.4000000059604645
938728,0.4000000059604645
939168,0.4000000059604645
939232,0.4000000059604645
939424,0.4000000059604645
939640,0.4000000059604645
939840,0.4000000059604645
940048,0.4000000059604645
940264,0.4000000059604645
940288,0.4000000059604645
940336,0.4000000059604645
940416,0.4000000059604645
940544,0.4000000059604645
940616,0.4000000059604645
940696,0.4000000059604645
940944,0.4000000059604645
941632,0.4000000059604645
941744,0.4000000059604645
941896,0.4000000059604645
942128,0.0
942208,0.4000000059604645
942408,0.4000000059604645
942424,0.4000000059604645
942896,0.4000000059604645
943000,0.4000000059604645
943112,0.4000000059604645
943160,0.4000000059604645
943200,0.4000000059604645
943216,0.4000000059604645
943224,0.4000000059604645
943528,0.4000000059604645
944344,0.4000000059604645
944576,0.4000000059604645
944648,0.4000000059604645
944904,0.4000000059604645
945008,0.4000000059604645
945096,0.4000000059604645
945208,0.4000000059604645
945216,0.4000000059604645
945472,0.4000000059604645
945800,0.4000000059604645
945808,0.4000000059604645
945848,0.4000000059604645
946272,0.4000000059604645
946352,0.4000000059604645
946456,0.4000000059604645
946552,0.4000000059604645
946976,0.4000000059604645
947120,0.4000000059604645
948120,0.4000000059604645
948168,0.4000000059604645
948232,0.4000000059604645
948240,0.4000000059604645
948336,0.4000000059604645
948816,0.4000000059604645
948824,0.4000000059604645
949040,0.4000000059604645
949096,0.4000000059604645
949176,0.4000000059604645
949520,0.4000000059604645
949760,0.4000000059604645
949816,0.4000000059604645
949904,0.4000000059604645
950432,0.4000000059604645
950456,0.4000000059604645
950512,0.4000000059604645
950680,0.4000000059604645
951272,0.4000000059604645
951296,0.4000000059604645
951432,0.4000000059604645
951728,0.4000000059604645
951896,0.4000000059604645
951912,0.4000000059604645
951976,0.4000000059604645
952056,0.4000000059604645
952224,0.4000000059604645
952384,0.4000000059604645
952504,0.4000000059604645
952624,0.4000000059604645
952720,0.4000000059604645
952736,0.4000000059604645
952752,0.4000000059604645
952936,0.4000000059604645
953040,0.4000000059604645
953664,0.4000000059604645
953912,0.4000000059604645
954088,0.4000000059604645
954376,0.4000000059604645
954496,0.4000000059604645
954640,0.4000000059604645
954664,0.4000000059604645
954824,0.4000000059604645
955016,0.4000000059604645
955064,0.4000000059604645
955688,0.4000000059604645
955912,0.4000000059604645
956104,0.4000000059604645
956520,0.4000000059604645
957256,0.4000000059604645
957304,0.4000000059604645
957424,0.0
957592,0.4000000059604645
957720,0.4000000059604645
957744,0.4000000059604645
957760,0.4000000059604645
957848,0.4000000059604645
957920,0.4000000059604645
958000,0.4000000059604645
958080,0.4000000059604645
958264,0.4000000059604645
958328,0.4000000059604645
958456,0.4000000059604645
958520,0.4000000059604645
958648,0.4000000059604645
958696,0.4000000059604645
958744,0.4000000059604645
958768,0.4000000059604645
958832,0.4000000059604645
958904,0.4000000059604645
959016,0.4000000059604645
959072,0.4000000059604645
959112,0.4000000059604645
959568,0.4000000059604645
959600,0.4000000059604645
959712,0.4000000059604645
960000,0.4000000059604645
960224,0.4000000059604645
960464,0.4000000059604645
960512,0.4000000059604645
960568,0.4000000059604645
960624,0.4000000059604645
961176,0.4000000059604645
961192,0.4000000059604645
961288,0.4000000059604645
961424,0.4000000059604645
961560,0.4000000059604645
961576,0.4000000059604645
961640,0.4000000059604645
961656,0.4000000059604645
961912,0.4000000059604645
962088,0.4000000059604645
962128,0.4000000059604645
962296,0.4000000059604645
962752,0.4000000059604645
962936,0.4000000059604645
963488,0.4000000059604645
963528,0.4000000059604645
964152,0.4000000059604645
964192,0.4000000059604645
964312,0.4000000059604645
964368,0.4000000059604645
964464,0.4000000059604645
964768,0.4000000059604645
965240,0.4000000059604645
965464,0.4000000059604645
965472,0.4000000059604645
965784,0.4000000059604645
965840,0.4000000059604645
965904,0.4000000059604645
966000,0.4000000059604645
966224,0.4000000059604645
966288,0.4000000059604645
966408,0.4000000059604645
966600,0.4000000059604645
967136,0.4000000059604645
967720,0.4000000059604645
967824,0.4000000059604645
967944,0.4000000059604645
968464,0.4000000059604645
968512,0.4000000059604645
968560,0.4000000059604645
968736,0.4000000059604645
968984,0.4000000059604645
969264,0.4000000059604645
969344,0.4000000059604645
969392,0.4000000059604645
969424,0.4000000059604645
969504,0.4000000059604645
969624,0.4000000059604645
970336,0.4000000059604645
970928,0.4000000059604645
971088,0.4000000059604645
971296,0.4000000059604645
971344,0.4000000059604645
971616,0.4000000059604645
971704,0.4000000059604645
971832,0.4000000059604645
972128,0.4000000059604645
972144,0.4000000059604645
972520,0.4000000059604645
972656,0.4000000059604645
972688,0.4000000059604645
972968,0.4000000059604645
973248,0.4000000059604645
973352,0.4000000059604645
973880,0.4000000059604645
974248,0.4000000059604645
974480,0.4000000059604645
974616,0.4000000059604645
974856,0.4000000059604645
974864,0.4000000059604645
974872,0.4000000059604645
974904,0.4000000059604645
975032,0.4000000059604645
975096,0.4000000059604645
975136,0.4000000059604645
975144,0.4000000059604645
975176,0.4000000059604645
975256,0.4000000059604645
975304,0.4000000059604645
975568,0.4000000059604645
975664,0.4000000059604645
976120,0.4000000059604645
976192,0.4000000059604645
976344,0.4000000059604645
976376,0.4000000059604645
976496,0.4000000059604645
976528,0.4000000059604645
976552,0.4000000059604645
976872,0.4000000059604645
976960,0.4000000059604645
977456,0.4000000059604645
977472,0.4000000059604645
977496,0.4000000059604645
977760,0.4000000059604645
977800,0.4000000059604645
977824,0.4000000059604645
978128,0.4000000059604645
978216,0.4000000059604645
978336,0.4000000059604645
978352,0.4000000059604645
978720,0.4000000059604645
978808,0.4000000059604645
979128,0.4000000059604645
979216,0.4000000059604645
979352,0.4000000059604645
979736,0.4000000059604645
979760,0.4000000059604645
979808,0.4000000059604645
979840,0.4000000059604645
979912,0.4000000059604645
979920,0.4000000059604645
980008,0.4000000059604645
980464,0.4000000059604645
980472,0.4000000059604645
980600,0.4000000059604645
980664,0.4000000059604645
980680,0.4000000059604645
981008,0.4000000059604645
981024,0.4000000059604645
981128,0.4000000059604645
981440,0.4000000059604645
981464,0.4000000059604645
981480,0.4000000059604645
981640,0.4000000059604645
981656,0.4000000059604645
981672,0.4000000059604645
981704,0.4000000059604645
981864,0.4000000059604645
982128,0.4000000059604645
982472,0.4000000059604645
982712,0.4000000059604645
982736,0.4000000059604645
982904,0.4000000059604645
983144,0.4000000059604645
983192,0.4000000059604645
983896,0.4000000059604645
984272,0.4000000059604645
984336,0.4000000059604645
984608,0.4000000059604645
984720,0.4000000059604645
984840,0.4000000059604645
984936,0.4000000059604645
985000,0.4000000059604645
985032,0.4000000059604645
985680,0.4000000059604645
986024,0.4000000059604645
986200,0.4000000059604645
986304,0.4000000059604645
986360,0.4000000059604645
986392,0.4000000059604645
986816,0.4000000059604645
987000,0.4000000059604645
987064,0.4000000059604645
987136,0.4000000059604645
987784,0.4000000059604645
987800,0.4000000059604645
988008,0.4000000059604645
988152,0.4000000059604645
988160,0.4000000059604645
988240,0.4000000059604645
988424,0.4000000059604645
988432,0.4000000059604645
988568,0.4000000059604645
988600,0.4000000059604645
989032,0.4000000059604645
989480,0.4000000059604645
989520,0.4000000059604645
989600,0.4000000059604645
989688,0.4000000059604645
989752,0.4000000059604645
989792,0.4000000059604645
989840,0.4000000059604645
989968,0.4000000059604645
990008,0.4000000059604645
990544,0.4000000059604645
990968,0.4000000059604645
991008,0.4000000059604645
991024,0.4000000059604645
991592,0.4000000059604645
991664,0.4000000059604645
991888,0.4000000059604645
991896,0.4000000059604645
992072,0.4000000059604645
992176,0.4000000059604645
992400,0.4000000059604645
992440,0.4000000059604645
992488,0.4000000059604645
992520,0.4000000059604645
992688,0.4000000059604645
992744,0.4000000059604645
993152,0.4000000059604645
993200,0.4000000059604645
993216,0.4000000059604645
993280,0.4000000059604645
993336,0.4000000059604645
993816,0.4000000059604645
993976,0.4000000059604645
994184,0.4000000059604645
994200,0.4000000059604645
994224,0.4000000059604645
994288,0.4000000059604645
994560,0.4000000059604645
994728,0.4000000059604645
994832,0.4000000059604645
994936,0.4000000059604645
995536,0.4000000059604645
995576,0.4000000059604645
995744,0.4000000059604645
995904,0.4000000059604645
995944,0.4000000059604645
996000,0.4000000059604645
996120,0.4000000059604645
996328,0.4000000059604645
996496,0.4000000059604645
996720,0.4000000059604645
996976,0.4000000059604645
997016,0.4000000059604645
997512,0.4000000059604645
997536,0.4000000059604645
997592,0.4000000059604645
997616,0.4000000059604645
997696,0.4000000059604645
997720,0.4000000059604645
997752,0.4000000059604645
997944,0.4000000059604645
997960,0.4000000059604645
998208,0.4000000059604645
998216,0.4000000059604645
998376,0.4000000059604645
998896,0.4000000059604645
998904,0.4000000059604645
999032,0.4000000059604645
999136,0.4000000059604645
999216,0.4000000059604645
999240,0.4000000059604645
999344,0.4000000059604645
999432,0.4000000059604645
999552,0.4000000059604645
999792,0.4000000059604645
999848,0.4000000059604645
999904,0.4000000059604645
1000040,0.4000000059604645
1000104,0.4000000059604645
1000144,0.4000000059604645
1000376,0.4000000059604645
1000504,0.4000000059604645
1000832,0.4000000059604645
1001272,0.4000000059604645
1001448,0.4000000059604645
1001840,0.4000000059604645
1002032,0.4000000059604645
1002272,0.4000000059604645
1002296,0.4000000059604645
1002408,0.4000000059604645
1002480,0.4000000059604645
1002656,0.4000000059604645
1002696,0.4000000059604645
1002816,0.4000000059604645
1002824,0.4000000059604645
1002832,0.4000000059604645
1002888,0.4000000059604645
1002984,0.4000000059604645
1003040,0.4000000059604645
1003216,0.4000000059604645
1003432,0.4000000059604645
1003536,0.4000000059604645
1003776,0.4000000059604645
1004024,0.4000000059604645
1004392,0.4000000059604645
1004408,0.4000000059604645
1004688,0.4000000059604645
1004816,0.4000000059604645
1004848,0.4000000059604645
1005000,0.4000000059604645
1005112,0.4000000059604645
1005320,0.4000000059604645
1005512,0.4000000059604645
1005664,0.4000000059604645
1005696,0.4000000059604645
1005816,0.4000000059604645
1005896,0.4000000059604645
1005928,0.4000000059604645
1006448,0.4000000059604645
1006576,0.4000000059604645
1006808,0.4000000059604645
1006840,0.4000000059604645
1006896,0.4000000059604645
1007064,0.4000000059604645
1007184,0.4000000059604645
1007232,0.4000000059604645
1007400,0.4000000059604645
1007528,0.4000000059604645
1007600,0.4000000059604645
1007920,0.4000000059604645
1008096,0.4000000059604645
1008336,0.4000000059604645
1008464,0.4000000059604645
1008704,0.4000000059604645
1008824,0.4000000059604645
1009384,0.4000000059604645
1009456,0.4000000059604645
1009808,0.4000000059604645
1010032,0.4000000059604645
1010080,0.4000000059604645
1010096,0.4000000059604645
1010144,0.4000000059604645
1010248,0.4000000059604645
1010256,0.4000000059604645
1010392,0.4000000059604645
1010736,0.4000000059604645
1011008,0.4000000059604645
1011496,0.4000000059604645
1011536,0.4000000059604645
1011560,0.4000000059604645
1011616,0.4000000059604645
1011808,0.4000000059604645
1011976,0.4000000059604645
1012256,0.4000000059604645
1012920,0.4000000059604645
1013000,0.4000000059604645
1013240,0.4000000059604645
1013352,0.4000000059604645
1013576,0.4000000059604645
1013992,0.4000000059604645
1014064,0.4000000059604645
1014072,0.4000000059604645
1014096,0.4000000059604645
1014184,0.4000000059604645
1014224,0.4000000059604645
1014272,0.4000000059604645
1014328,0.4000000059604645
1014664,0.4000000059604645
1014848,0.4000000059604645
1015096,0.4000000059604645
1015264,0.4000000059604645
1015312,0.4000000059604645
1015416,0.4000000059604645
1015552,0.4000000059604645
1015640,0.4000000059604645
1015736,0.4000000059604645
1015760,0.4000000059604645
1015920,0.4000000059604645
1015976,0.4000000059604645
1015984,0.4000000059604645
1016176,0.4000000059604645
1016248,0.4000000059604645
1016280,0.4000000059604645
1016320,0.4000000059604645
1016368,0.4000000059604645
1016736,0.4000000059604645
1016880,0.4000000059604645
1016928,0.4000000059604645
1017136,0.4000000059604645
1017232,0.4000000059604645
1017416,0.4000000059604645
1017512,0.4000000059604645
1017592,0.4000000059604645
1017696,0.4000000059604645
1017736,0.4000000059604645
1018408,0.4000000059604645
1018584,0.4000000059604645
1018792,0.4000000059604645
1019080,0.4000000059604645
1019136,0.4000000059604645
1019320,0.4000000059604645
1019496,0.4000000059604645
1019608,0.4000000059604645
1019896,0.4000000059604645
1020104,0.4000000059604645
1020208,0.4000000059604645
1020224,0.4000000059604645
1020504,0.4000000059604645
1020648,0.4000000059604645
1020744,0.4000000059604645
1020824,0.4000000059604645
1020832,0.4000000059604645
1021120,0.4000000059604645
1021312,0.4000000059604645
1021576,0.4000000059604645
1021712,0.4000000059604645
1021800,0.4000000059604645
1022144,0.4000000059604645
1022336,0.4000000059604645
1022816,0.4000000059604645
1022920,0.4000000059604645
1022944,0.4000000059604645
1023000,0.4000000059604645
1023328,0.4000000059604645
1023336,0.4000000059604645
1023920,0.4000000059604645
1024184,0.4000000059604645
1024192,0.4000000059604645
1024208,0.4000000059604645
1024448,0.4000000059604645
1024688,0.4000000059604645
1024824,0.4000000059604645
1025224,0.4000000059604645
1025288,0.4000000059604645
1025456,0.4000000059604645
1025464,0.4000000059604645
1025496,0.4000000059604645
1025736,0.4000000059604645
1025840,0.4000000059604645
1025880,0.4000000059604645
1026128,0.4000000059604645
1026320,0.4000000059604645
1026624,0.4000000059604645
1026888,0.4000000059604645
1027224,0.4000000059604645
1027248,0.4000000059604645
1027592,0.4000000059604645
1027760,0.4000000059604645
1028184,0.4000000059604645
1028424,0.4000000059604645
1028472,0.4000000059604645
1028512,0.4000000059604645
1028656,0.4000000059604645
1028688,0.4000000059604645
1028784,0.4000000059604645
1028944,0.4000000059604645
1029096,0.4000000059604645
1029224,0.4000000059604645
1029488,0.4000000059604645
1029552,0.4000000059604645
1029696,0.4000000059604645
1029856,0.4000000059604645
1029880,0.4000000059604645
1029896,0.4000000059604645
1030040,0.4000000059604645
1030400,0.4000000059604645
1030592,0.4000000059604645
1030608,0.4000000059604645
1030824,0.4000000059604645
1031624,0.4000000059604645
1031672,0.4000000059604645
1031752,0.4000000059604645
1031784,0.4000000059604645
1031896,0.4000000059604645
1032120,0.4000000059604645
1032136,0.4000000059604645
1032232,0.4000000059604645
1032368,0.4000000059604645
1032448,0.4000000059604645
1032552,0.4000000059604645
1032800,0.4000000059604645
1032984,0.4000000059604645
1033064,0.4000000059604645
1033152,0.4000000059604645
1033264,0.4000000059604645
1033344,0.4000000059604645
1033504,0.4000000059604645
1033608,0.4000000059604645
1033696,0.4000000059604645
1033832,0.4000000059604645
1033840,0.4000000059604645
1033960,0.4000000059604645
1034200,0.4000000059604645
1034576,0.4000000059604645
1034584,0.4000000059604645
1034624,0.4000000059604645
1034976,0.4000000059604645
1035008,0.4000000059604645
1035200,0.4000000059604645
1035376,0.4000000059604645
1035776,0.4000000059604645
1035920,0.4000000059604645
1035968,0.4000000059604645
1036488,0.4000000059604645
1036600,0.4000000059604645
1036888,0.4000000059604645
1037120,0.4000000059604645
1037448,0.4000000059604645
1037592,0.4000000059604645
1037856,0.4000000059604645
1037896,0.4000000059604645
1038352,0.4000000059604645
1038512,0.4000000059604645
1038520,0.4000000059604645
1038608,0.4000000059604645
1038616,0.4000000059604645
1038624,0.4000000059604645
1038744,0.4000000059604645
1038776,0.4000000059604645
1038808,0.4000000059604645
1038944,0.4000000059604645
1039376,0.4000000059604645
1039456,0.4000000059604645
1039504,0.4000000059604645
1039536,0.4000000059604645
1039568,0.4000000059604645
1039712,0.4000000059604645
1039984,0.4000000059604645
1040544,0.4000000059604645
1040568,0.4000000059604645
1040592,0.4000000059604645
1040632,0.4000000059604645
1040768,0.4000000059604645
1040832,0.4000000059604645
1040928,0.4000000059604645
1041104,0.4000000059604645
1041208,0.4000000059604645
1041608,0.4000000059604645
1041680,0.4000000059604645
1041976,0.4000000059604645
1042048,0.4000000059604645
1042064,0.4000000059604645
1042256,0.4000000059604645
1042496,0.4000000059604645
1042784,0.4000000059604645
1043184,0.4000000059604645
1043448,0.4000000059604645
1043472,0.4000000059604645
1043976,0.4000000059604645
1044024,0.4000000059604645
1044176,0.4000000059604645
1044224,0.4000000059604645
1044472,0.4000000059604645
1044712,0.4000000059604645
1044824,0.4000000059604645
1045984,0.4000000059604645
1046000,0.4000000059604645
1046736,0.4000000059604645
1047176,0.4000000059604645
1047344,0.4000000059604645
1048080,0.4000000059604645
1048128,0.4000000059604645
1048416,0.4000000059604645
1048432,0.4000000059604645
1049048,0.4000000059604645
1049064,0.4000000059604645
1049176,0.4000000059604645
1049320,0.4000000059604645
1049664,0.4000000059604645
1049768,0.4000000059604645
1050248,0.4000000059604645
1050488,0.4000000059604645
1050656,0.4000000059604645
1050864,0.4000000059604645
1050960,0.4000000059604645
1051048,0.4000000059604645
1051352,0.4000000059604645
1051368,0.4000000059604645
1051400,0.4000000059604645
1051576,0.4000000059604645
1051592,0.4000000059604645
1051744,0.4000000059604645
1051816,0.4000000059604645
1051960,0.4000000059604645
1052248,0.4000000059604645
1052304,0.4000000059604645
1052632,0.4000000059604645
1053648,0.4000000059604645
1053808,0.4000000059604645
1053816,0.4000000059604645
1053832,0.4000000059604645
1054248,0.4000000059604645
1054472,0.4000000059604645
1054552,0.4000000059604645
1054752,0.4000000059604645
1054840,0.4000000059604645
1055040,0.4000000059604645
1055128,0.4000000059604645
1055240,0.4000000059604645
1055296,0.4000000059604645
1055368,0.4000000059604645
1055496,0.4000000059604645
1056184,0.4000000059604645
1056208,0.4000000059604645
1056472,0.4000000059604645
1056720,0.4000000059604645
1056776,0.4000000059604645
1056848,0.4000000059604645
1057032,0.4000000059604645
1057296,0.4000000059604645
1057728,0.4000000059604645
1057768,0.4000000059604645
1057808,0.4000000059604645
1058296,0.4000000059604645
1058336,0.4000000059604645
1058344,0.4000000059604645
1058624,0.4000000059604645
1058656,0.4000000059604645
1059344,0.4000000059604645
1059720,0.4000000059604645
1059744,0.4000000059604645
1059848,0.4000000059604645
1060368,0.4000000059604645
1060456,0.0
1060464,0.4000000059604645
1060624,0.4000000059604645
1060760,0.4000000059604645
1060816,0.4000000059604645
1060832,0.4000000059604645
1061144,0.4000000059604645
1061152,0.4000000059604645
1061336,0.4000000059604645
1061392,0.4000000059604645
1061744,0.4000000059604645
1061760,0.4000000059604645
1061952,0.4000000059604645
1062440,0.4000000059604645
1062968,0.4000000059604645
1063024,0.4000000059604645
1063152,0.4000000059604645
1063352,0.4000000059604645
1063960,0.4000000059604645
1064408,0.4000000059604645
1064480,0.4000000059604645
1064544,0.4000000059604645
1064616,0.4000000059604645
1064632,0.4000000059604645
1064656,0.4000000059604645
1064720,0.4000000059604645
1064952,0.4000000059604645
1065112,0.4000000059604645
1065120,0.4000000059604645
1065312,0.4000000059604645
1065352,0.4000000059604645
1065360,0.4000000059604645
1065656,0.4000000059604645
1065720,0.4000000059604645
1065752,0.4000000059604645
1065760,0.4000000059604645
1065936,0.4000000059604645
1066232,0.4000000059604645
1066336,0.4000000059604645
1066384,0.4000000059604645
1066808,0.4000000059604645
1066840,0.4000000059604645
1066896,0.4000000059604645
1066912,0.4000000059604645
1066944,0.4000000059604645
1067352,0.4000000059604645
1068000,0.4000000059604645
1068048,0.4000000059604645
1068144,0.4000000059604645
1068376,0.4000000059604645
1068416,0.4000000059604645
1068432,0.4000000059604645
1068944,0.4000000059604645
1069120,0.4000000059604645
1069840,0.4000000059604645
1070064,0.4000000059604645
1070248,0.4000000059604645
1070272,0.4000000059604645
1070280,0.4000000059604645
1070328,0.4000000059604645
1070560,0.4000000059604645
1070736,0.4000000059604645
1071144,0.4000000059604645
1071600,0.4000000059604645
1071776,0.4000000059604645
1071936,0.4000000059604645
1071944,0.4000000059604645
1071960,0.4000000059604645
1072736,0.4000000059604645
1073032,0.4000000059604645
1073104,0.4000000059604645
1073160,0.4000000059604645
1073216,0.4000000059604645
1073432,0.4000000059604645
1073584,0.4000000059604645
1073600,0.4000000059604645
1073696,0.4000000059604645
1073872,0.4000000059604645
1074488,0.4000000059604645
1074536,0.4000000059604645
1074744,0.4000000059604645
1075264,0.4000000059604645
1075488,0.4000000059604645
1075520,0.4000000059604645
1075632,0.4000000059604645
1075816,0.4000000059604645
1076376,0.4000000059604645
1076440,0.4000000059604645
1076536,0.4000000059604645
1076592,0.4000000059604645
1076624,0.4000000059604645
1076664,0.4000000059604645
1076672,0.4000000059604645
1076920,0.4000000059604645
1076936,0.4000000059604645
1077288,0.4000000059604645
1077432,0.4000000059604645
1077536,0.4000000059604645
1077544,0.4000000059604645
1077576,0.4000000059604645
1078328,0.4000000059604645
1078336,0.4000000059604645
1078656,0.4000000059604645
1078664,0.4000000059604645
1078832,0.4000000059604645
1078952,0.4000000059604645
1079608,0.4000000059604645
1079848,0.4000000059604645
1080016,0.4000000059604645
1080064,0.4000000059604645
1080216,0.4000000059604645
1080400,0.4000000059604645
1080576,0.4000000059604645
1081344,0.4000000059604645
1081352,0.4000000059604645
1081544,0.4000000059604645
1082016,0.4000000059604645
1082280,0.4000000059604645
1082448,0.4000000059604645
1082544,0.4000000059604645
1082568,0.4000000059604645
1082584,0.4000000059604645
1082672,0.4000000059604645
1082968,0.4000000059604645
1083432,0.4000000059604645
1084032,0.4000000059604645
1084424,0.4000000059604645
1084448,0.4000000059604645
1085032,0.4000000059604645
1085064,0.4000000059604645
1085288,0.4000000059604645
1085400,0.4000000059604645
1085584,0.4000000059604645
1085624,0.4000000059604645
1085776,0.4000000059604645
1086408,0.4000000059604645
1086832,0.4000000059604645
1087304,0.4000000059604645
1087440,0.4000000059604645
1087824,0.4000000059604645
1087872,0.4000000059604645
1087944,0.4000000059604645
1087976,0.4000000059604645
1088128,0.4000000059604645
1088256,0.4000000059604645
1088448,0.4000000059604645
1088512,0.4000000059604645
1088584,0.4000000059604645
1088592,0.4000000059604645
1088736,0.4000000059604645
1088872,0.4000000059604645
1089208,0.4000000059604645
1089472,0.4000000059604645
1089568,0.4000000059604645
1089648,0.4000000059604645
1089864,0.4000000059604645
1089896,0.4000000059604645
1090096,0.4000000059604645
1090208,0.4000000059604645
1090280,0.4000000059604645
1090304,0.4000000059604645
1090760,0.4000000059604645
1091024,0.4000000059604645
1091048,0.4000000059604645
1091224,0.4000000059604645
1091248,0.4000000059604645
1091368,0.4000000059604645
1091432,0.4000000059604645
1091664,0.4000000059604645
1092144,0.4000000059604645
1092640,0.4000000059604645
1092704,0.4000000059604645
1092944,0.4000000059604645
1093104,0.4000000059604645
1093184,0.4000000059604645
1093216,0.4000000059604645
1093312,0.4000000059604645
1093584,0.4000000059604645
1093744,0.4000000059604645
1093760,0.4000000059604645
1093928,0.4000000059604645
1094344,0.4000000059604645
1094496,0.4000000059604645
1094576,0.4000000059604645
1094720,0.4000000059604645
1094808,0.4000000059604645
1094976,0.4000000059604645
1095008,0.4000000059604645
1095192,0.4000000059604645
1095224,0.4000000059604645
1095400,0.4000000059604645
1095408,0.4000000059604645
1095576,0.4000000059604645
1095688,0.4000000059604645
1095848,0.4000000059604645
1095976,0.4000000059604645
1095984,0.4000000059604645
1095992,0.4000000059604645
1096192,0.4000000059604645
1096472,0.4000000059604645
1096560,0.4000000059604645
1096640,0.4000000059604645
1096664,0.4000000059604645
1097080,0.4000000059604645
1097136,0.4000000059604645
1097168,0.4000000059604645
1097440,0.4000000059604645
1097592,0.4000000059604645
1097600,0.4000000059604645
1097848,0.4000000059604645
1097936,0.4000000059604645
1098632,0.4000000059604645
1098976,0.4000000059604645
1099000,0.4000000059604645
1099096,0.4000000059604645
1099104,0.4000000059604645
1099112,0.4000000059604645
1099448,0.4000000059604645
1099472,0.4000000059604645
1099552,0.4000000059604645
1099704,0.4000000059604645
1099848,0.4000000059604645
1099936,0.4000000059604645
1099960,0.4000000059604645
1100304,0.4000000059604645
1100448,0.4000000059604645
1100584,0.4000000059604645
1100624,0.4000000059604645
1100856,0.4000000059604645
1101000,0.4000000059604645
1101168,0.4000000059604645
1101256,0.4000000059604645
1101512,0.4000000059604645
1101744,0.4000000059604645
1101920,0.4000000059604645
1102232,0.4000000059604645
1102496,0.4000000059604645
1102584,0.4000000059604645
1102768,0.4000000059604645
1103168,0.4000000059604645
1103248,0.4000000059604645
1103352,0.4000000059604645
1103992,0.4000000059604645
1104304,0.4000000059604645
1104336,0.4000000059604645
1104592,0.4000000059604645
1104760,0.4000000059604645
1104920,0.4000000059604645
1105144,0.4000000059604645
1105472,0.4000000059604645
1105504,0.4000000059604645
1105560,0.4000000059604645
1105672,0.4000000059604645
1106040,0.4000000059604645
1106064,0.4000000059604645
1106168,0.4000000059604645
1106456,0.4000000059604645
1106584,0.4000000059604645
1106776,0.4000000059604645
1106944,0.4000000059604645
1106952,0.4000000059604645
1107072,0.4000000059604645
1107128,0.4000000059604645
1107264,0.4000000059604645
1107272,0.4000000059604645
1107456,0.4000000059604645
1107528,0.4000000059604645
1107568,0.4000000059604645
1107616,0.4000000059604645
1107648,0.4000000059604645
1107656,0.4000000059604645
1108080,0.4000000059604645
1108160,0.4000000059604645
1108168,0.4000000059604645
1108640,0.4000000059604645
1108824,0.4000000059604645
1108840,0.4000000059604645
1109232,0.4000000059604645
1109464,0.4000000059604645
1109880,0.4000000059604645
1110256,0.4000000059604645
1110264,0.4000000059604645
1110336,0.4000000059604645
1110400,0.4000000059604645
1110456,0.4000000059604645
1110752,0.4000000059604645
1111224,0.4000000059604645
1111264,0.4000000059604645
1111312,0.4000000059604645
1111328,0.4000000059604645
1111472,0.4000000059604645
1111648,0.4000000059604645
1111760,0.4000000059604645
1111808,0.4000000059604645
1111944,0.4000000059604645
1112056,0.4000000059604645
1112880,0.4000000059604645
1113264,0.4000000059604645
1113512,0.4000000059604645
1113648,0.4000000059604645
1113784,0.4000000059604645
1113968,0.4000000059604645
1114024,0.4000000059604645
1114608,0.4000000059604645
1114632,0.4000000059604645
1114640,0.4000000059604645
1114648,0.4000000059604645
1114920,0.4000000059604645
1114992,0.4000000059604645
1115016,0.4000000059604645
1115232,0.4000000059604645
1115296,0.4000000059604645
1115552,0.4000000059604645
1115712,0.4000000059604645
1115728,0.4000000059604645
1115744,0.4000000059604645
1115920,0.4000000059604645
1116056,0.4000000059604645
1116200,0.4000000059604645
1116328,0.4000000059604645
1116360,0.4000000059604645
1116808,0.4000000059604645
1117184,0.4000000059604645
1117496,0.4000000059604645
1117648,0.4000000059604645
1117832,0.4000000059604645
1118088,0.4000000059604645
1118456,0.4000000059604645
1118856,0.4000000059604645
1119328,0.4000000059604645
1119632,0.4000000059604645
1119824,0.4000000059604645
1119840,0.4000000059604645
1119856,0.4000000059604645
1119864,0.4000000059604645
1119888,0.4000000059604645
1119960,0.4000000059604645
1120008,0.4000000059604645
1120320,0.4000000059604645
1120440,0.4000000059604645
1120464,0.4000000059604645
1120656,0.4000000059604645
1120800,0.4000000059604645
1121088,0.4000000059604645
1121152,0.4000000059604645
1121424,0.4000000059604645
1121792,0.4000000059604645
1122056,0.4000000059604645
1122344,0.4000000059604645
1122544,0.4000000059604645
1122592,0.4000000059604645
1123112,0.4000000059604645
1123128,0.4000000059604645
1123344,0.4000000059604645
1123368,0.4000000059604645
1123560,0.4000000059604645
1123784,0.4000000059604645
1123840,0.4000000059604645
1123896,0.4000000059604645
1124000,0.4000000059604645
1124096,0.4000000059604645
1124280,0.4000000059604645
1124432,0.4000000059604645
1124632,0.4000000059604645
1124936,0.4000000059604645
1125240,0.4000000059604645
1125288,0.4000000059604645
1125344,0.4000000059604645
1125592,0.4000000059604645
1125704,0.4000000059604645
1125800,0.4000000059604645
1125976,0.4000000059604645
1126096,0.4000000059604645
1126104,0.4000000059604645
1126408,0.4000000059604645
1126576,0.4000000059604645
1126712,0.0
1126968,0.4000000059604645
1127144,0.4000000059604645
1127200,0.4000000059604645
1127256,0.4000000059604645
1127408,0.4000000059604645
1127488,0.4000000059604645
1127616,0.4000000059604645
1127744,0.4000000059604645
1128200,0.4000000059604645
1128352,0.4000000059604645
1128424,0.4000000059604645
1128632,0.4000000059604645
1129160,0.4000000059604645
1129488,0.4000000059604645
1129504,0.4000000059604645
1129632,0.4000000059604645
1129640,0.4000000059604645
1129744,0.4000000059604645
1129896,0.4000000059604645
1130472,0.4000000059604645
1130480,0.4000000059604645
1130640,0.4000000059604645
1131328,0.4000000059604645
1131456,0.4000000059604645
1131664,0.4000000059604645
1131696,0.4000000059604645
1131904,0.4000000059604645
1132144,0.4000000059604645
1132152,0.4000000059604645
1132320,0.4000000059604645
1132608,0.4000000059604645
1132616,0.4000000059604645
1132816,0.4000000059604645
1133152,0.4000000059604645
1133232,0.4000000059604645
1133280,0.4000000059604645
1133376,0.4000000059604645
1133616,0.4000000059604645
1133624,0.4000000059604645
1133824,0.4000000059604645
1133904,0.4000000059604645
1133936,0.4000000059604645
1134080,0.4000000059604645
1134256,0.4000000059604645
1134264,0.4000000059604645
1134352,0.4000000059604645
1134488,0.4000000059604645
1134736,0.4000000059604645
1135216,0.4000000059604645
1135224,0.4000000059604645
1135280,0.4000000059604645
1135344,0.4000000059604645
1135560,0.4000000059604645
1135584,0.4000000059604645
1135784,0.4000000059604645
1135976,0.4000000059604645
1136000,0.4000000059604645
1136008,0.4000000059604645
1136072,0.4000000059604645
1136112,0.4000000059604645
1136136,0.4000000059604645
1136256,0.4000000059604645
1136400,0.4000000059604645
1136416,0.4000000059604645
1136544,0.4000000059604645
1136672,0.4000000059604645
1137088,0.4000000059604645
1137128,0.4000000059604645
1137336,0.4000000059604645
1137408,0.4000000059604645
1137536,0.4000000059604645
1137576,0.4000000059604645
1137832,0.4000000059604645
1138248,0.4000000059604645
1138712,0.4000000059604645
1138744,0.4000000059604645
1138784,0.4000000059604645
1138896,0.4000000059604645
1139504,0.4000000059604645
1139544,0.4000000059604645
1139712,0.4000000059604645
1139888,0.4000000059604645
1139944,0.4000000059604645
1140784,0.4000000059604645
1140880,0.4000000059604645
1141248,0.4000000059604645
1141448,0.4000000059604645
1141632,0.4000000059604645
1142096,0.4000000059604645
1142104,0.4000000059604645
1142368,0.4000000059604645
1142496,0.4000000059604645
1142560,0.4000000059604645
1142568,0.4000000059604645
1142768,0.4000000059604645
1142792,0.4000000059604645
1143064,0.4000000059604645
1143248,0.4000000059604645
1143376,0.4000000059604645
1143488,0.4000000059604645
1143528,0.4000000059604645
1143552,0.4000000059604645
1143680,0.4000000059604645
1143880,0.4000000059604645
1144296,0.4000000059604645
1144632,0.4000000059604645
1144640,0.4000000059604645
1144760,0.4000000059604645
1144912,0.4000000059604645
1145528,0.4000000059604645
1145744,0.4000000059604645
1145872,0.4000000059604645
1145912,0.4000000059604645
1145976,0.4000000059604645
1146152,0.4000000059604645
1146160,0.4000000059604645
1146296,0.4000000059604645
1146816,0.4000000059604645
1147048,0.4000000059604645
1147128,0.4000000059604645
1147160,0.4000000059604645
1147176,0.4000000059604645
1147288,0.4000000059604645
1147368,0.4000000059604645
1147512,0.4000000059604645
1147712,0.4000000059604645
1147720,0.4000000059604645
1147864,0.4000000059604645
1148168,0.4000000059604645
1148416,0.4000000059604645
1148616,0.4000000059604645
1148856,0.4000000059604645
1148864,0.4000000059604645
1148984,0.4000000059604645
1149040,0.4000000059604645
1149080,0.4000000059604645
1149504,0.4000000059604645
1149584,0.4000000059604645
1149600,0.4000000059604645
1149832,0.4000000059604645
1150104,0.4000000059604645
1150488,0.4000000059604645
1150600,0.4000000059604645
1150696,0.4000000059604645
1151744,0.4000000059604645
1151760,0.4000000059604645
1152040,0.4000000059604645
1152104,0.4000000059604645
1152184,0.4000000059604645
1152376,0.4000000059604645
1152840,0.4000000059604645
1153288,0.4000000059604645
1153408,0.4000000059604645
1153520,0.4000000059604645
1153680,0.4000000059604645
1153872,0.4000000059604645
1154272,0.4000000059604645
1154816,0.4000000059604645
1154888,0.4000000059604645
1154928,0.4000000059604645
1154968,0.4000000059604645
1155216,0.4000000059604645
1155416,0.4000000059604645
1155608,0.4000000059604645
1155688,0.4000000059604645
1155728,0.4000000059604645
1155992,0.4000000059604645
1156056,0.4000000059604645
1156176,0.4000000059604645
1156296,0.4000000059604645
1156344,0.4000000059604645
1156456,0.4000000059604645
1156720,0.4000000059604645
1156800,0.4000000059604645
1156968,0.4000000059604645
1156984,0.4000000059604645
1157016,0.4000000059604645
1157064,0.4000000059604645
1157080,0.4000000059604645
1157120,0.4000000059604645
1157768,0.4000000059604645
1157800,0.4000000059604645
1157840,0.4000000059604645
1157880,0.4000000059604645
1157936,0.4000000059604645
1158080,0.4000000059604645
1158216,0.4000000059604645
1158280,0.4000000059604645
1158600,0.4000000059604645
1158688,0.0
1159304,0.4000000059604645
1159312,0.4000000059604645
1159696,0.4000000059604645
1159824,0.4000000059604645
1159888,0.4000000059604645
1159928,0.4000000059604645
1160104,0.4000000059604645
1160184,0.4000000059604645
1160192,0.4000000059604645
1160280,0.4000000059604645
1160392,0.4000000059604645
1160840,0.4000000059604645
1160960,0.4000000059604645
1161304,0.4000000059604645
1161344,0.4000000059604645
1161448,0.4000000059604645
1161792,0.4000000059604645
1162104,0.4000000059604645
1162448,0.4000000059604645
1162824,0.4000000059604645
1162960,0.4000000059604645
1163176,0.4000000059604645
1163296,0.4000000059604645
1163360,0.4000000059604645
1163656,0.4000000059604645
1163824,0.4000000059604645
1163984,0.4000000059604645
1164056,0.4000000059604645
1164064,0.4000000059604645
1164216,0.4000000059604645
1164432,0.4000000059604645
1164576,0.4000000059604645
1164824,0.4000000059604645
1165096,0.4000000059604645
1165112,0.4000000059604645
1165144,0.4000000059604645
1165648,0.4000000059604645
1165672,0.4000000059604645
1165792,0.4000000059604645
1165840,0.4000000059604645
1165864,0.4000000059604645
1166016,0.4000000059604645
1166224,0.4000000059604645
1166776,0.4000000059604645
1167040,0.4000000059604645
1167728,0.4000000059604645
1167760,0.4000000059604645
1167816,0.4000000059604645
1168016,0.4000000059604645
1168136,0.4000000059604645
1168208,0.4000000059604645
1168384,0.4000000059604645
1168472,0.4000000059604645
1168576,0.4000000059604645
1168688,0.4000000059604645
1168712,0.4000000059604645
1169360,0.4000000059604645
1169736,0.4000000059604645
1170032,0.4000000059604645
1170360,0.4000000059604645
1170552,0.4000000059604645
1170560,0.4000000059604645
1170688,0.4000000059604645
1171304,0.4000000059604645
1171520,0.4000000059604645
1171608,0.4000000059604645
1171824,0.4000000059604645
1171888,0.4000000059604645
1172112,0.4000000059604645
1172376,0.4000000059604645
1172480,0.4000000059604645
1172520,0.4000000059604645
1172592,0.4000000059604645
1172672,0.4000000059604645
1172736,0.4000000059604645
1172952,0.4000000059604645
1173016,0.4000000059604645
1173064,0.4000000059604645
1173192,0.4000000059604645
1173384,0.4000000059604645
1173720,0.4000000059604645
1173896,0.4000000059604645
1173936,0.4000000059604645
1174096,0.4000000059604645
1174232,0.4000000059604645
1174248,0.4000000059604645
1174400,0.4000000059604645
1174440,0.4000000059604645
1175000,0.4000000059604645
1175064,0.4000000059604645
1175504,0.4000000059604645
1175832,0.4000000059604645
1176480,0.4000000059604645
1176520,0.4000000059604645
1176672,0.4000000059604645
1176696,0.4000000059604645
1176960,0.4000000059604645
1177048,0.4000000059604645
1177112,0.4000000059604645
1177152,0.4000000059604645
1177176,0.4000000059604645
1177216,0.4000000059604645
1177600,0.4000000059604645
1177896,0.4000000059604645
1178016,0.4000000059604645
1178184,0.4000000059604645
1178424,0.4000000059604645
1178952,0.4000000059604645
1179056,0.4000000059604645
1179128,0.4000000059604645
1179160,0.4000000059604645
1179312,0.4000000059604645
1179376,0.4000000059604645
1179392,0.4000000059604645
1179592,0.4000000059604645
1179784,0.4000000059604645
1180128,0.4000000059604645
1180288,0.4000000059604645
1180360,0.4000000059604645
1180688,0.4000000059604645
1181208,0.4000000059604645
1181784,0.4000000059604645
1181984,0.4000000059604645
1182176,0.4000000059604645
1182568,0.4000000059604645
1182744,0.4000000059604645
1182864,0.4000000059604645
1183008,0.4000000059604645
1183072,0.4000000059604645
1183680,0.4000000059604645
1183688,0.4000000059604645
1183760,0.4000000059604645
1183960,0.4000000059604645
1184016,0.4000000059604645
1184152,0.4000000059604645
1184488,0.4000000059604645
1184760,0.4000000059604645
1184800,0.4000000059604645
1184808,0.4000000059604645
1184912,0.4000000059604645
1185240,0.4000000059604645
1185288,0.4000000059604645
1185376,0.4000000059604645
1185608,0.4000000059604645
1185672,0.4000000059604645
1185848,0.4000000059604645
1185912,0.4000000059604645
1185944,0.4000000059604645
1185976,0.4000000059604645
1186016,0.4000000059604645
1186048,0.4000000059604645
1186288,0.4000000059604645
1186392,0.4000000059604645
1186592,0.4000000059604645
1186640,0.4000000059604645
1186848,0.4000000059604645
1187112,0.4000000059604645
1187232,0.4000000059604645
1187400,0.4000000059604645
1187488,0.4000000059604645
1188712,0.4000000059604645
1188904,0.4000000059604645
1188976,0.4000000059604645
1189064,0.4000000059604645
1189080,0.4000000059604645
1189264,0.4000000059604645
1189312,0.4000000059604645
1189336,0.4000000059604645
1189360,0.4000000059604645
1189520,0.4000000059604645
1189896,0.4000000059604645
1190080,0.4000000059604645
1190456,0.4000000059604645
1190800,0.4000000059604645
1190888,0.4000000059604645
1191024,0.4000000059604645
1191168,0.4000000059604645
1191336,0.4000000059604645
1191432,0.4000000059604645
1191528,0.4000000059604645
1191544,0.4000000059604645
1191656,0.4000000059604645
1191712,0.4000000059604645
1192192,0.4000000059604645
1192520,0.4000000059604645
1192616,0.4000000059604645
1192912,0.4000000059604645
1193024,0.4000000059604645
1193216,0.4000000059604645
1193288,0.4000000059604645
1193552,0.4000000059604645
1193704,0.4000000059604645
1193856,0.4000000059604645
1194008,0.4000000059604645
1194624,0.4000000059604645
1194720,0.4000000059604645
1194912,0.4000000059604645
1195176,0.4000000059604645
1195216,0.4000000059604645
1195240,0.4000000059604645
1195248,0.4000000059604645
1195256,0.4000000059604645
1195296,0.4000000059604645
1195392,0.4000000059604645
1195432,0.4000000059604645
1195440,0.4000000059604645
1195560,0.4000000059604645
1195928,0.4000000059604645
1196592,0.4000000059604645
1196784,0.4000000059604645
1196888,0.4000000059604645
1196912,0.4000000059604645
1196984,0.4000000059604645
1197376,0.4000000059604645
1197544,0.4000000059604645
1197712,0.4000000059604645
1197864,0.4000000059604645
1197960,0.4000000059604645
1197968,0.4000000059604645
1198144,0.4000000059604645
1198256,0.4000000059604645
1198368,0.4000000059604645
1198824,0.4000000059604645
1199032,0.4000000059604645
1199304,0.4000000059604645
1199608,0.4000000059604645
1199664,0.4000000059604645
1199696,0.4000000059604645
1200040,0.4000000059604645
1200048,0.4000000059604645
1200120,0.4000000059604645
1200144,0.4000000059604645
1200624,0.4000000059604645
1200648,0.4000000059604645
1200712,0.4000000059604645
1200976,0.4000000059604645
1201080,0.4000000059604645
1201136,0.4000000059604645
1201312,0.4000000059604645
1201384,0.4000000059604645
1201528,0.4000000059604645
1201616,0.4000000059604645
1201904,0.4000000059604645
1202120,0.4000000059604645
1202200,0.4000000059604645
1202392,0.4000000059604645
1202432,0.4000000059604645
1202600,0.0
1202960,0.4000000059604645
1203144,0.4000000059604645
1203368,0.4000000059604645
1203480,0.4000000059604645
1203600,0.4000000059604645
1203712,0.4000000059604645
1203736,0.4000000059604645
1203920,0.4000000059604645
1203928,0.4000000059604645
1204240,0.4000000059604645
1204768,0.4000000059604645
1204840,0.4000000059604645
1204984,0.4000000059604645
1205368,0.4000000059604645
1205392,0.4000000059604645
1205528,0.4000000059604645
1205696,0.4000000059604645
1205824,0.4000000059604645
1206056,0.4000000059604645
1206912,0.4000000059604645
1206944,0.4000000059604645
1206976,0.4000000059604645
1207160,0.4000000059604645
1207176,0.4000000059604645
1207208,0.4000000059604645
1207512,0.4000000059604645
1207760,0.4000000059604645
1207776,0.4000000059604645
1207856,0.4000000059604645
1207864,0.4000000059604645
1207968,0.4000000059604645
1208064,0.4000000059604645
1208168,0.4000000059604645
1208496,0.4000000059604645
1208560,0.4000000059604645
1208624,0.4000000059604645
1208680,0.4000000059604645
1208768,0.4000000059604645
1209040,0.4000000059604645
1209056,0.4000000059604645
1209144,0.4000000059604645
1209304,0.4000000059604645
1209328,0.4000000059604645
1209632,0.4000000059604645
1209648,0.4000000059604645
1209856,0.4000000059604645
1209864,0.4000000059604645
1209920,0.4000000059604645
1210168,0.4000000059604645
1210696,0.4000000059604645
1211312,0.4000000059604645
1211640,0.4000000059604645
1211872,0.4000000059604645
1212048,0.4000000059604645
1212184,0.4000000059604645
1212576,0.4000000059604645
1212672,0.4000000059604645
1212936,0.4000000059604645
1213280,0.4000000059604645
1213376,0.4000000059604645
1213464,0.4000000059604645
1213488,0.4000000059604645
1213504,0.4000000059604645
1213688,0.4000000059604645
1213704,0.4000000059604645
1213872,0.4000000059604645
1213912,0.4000000059604645
1213928,0.4000000059604645
1214312,0.4000000059604645
1214376,0.4000000059604645
1214864,0.4000000059604645
1215000,0.4000000059604645
1215152,0.4000000059604645
1215352,0.4000000059604645
1215504,0.4000000059604645
1215640,0.4000000059604645
1215744,0.4000000059604645
1215840,0.4000000059604645
1215856,0.4000000059604645
1215912,0.4000000059604645
1215960,0.4000000059604645
1215968,0.4000000059604645
1216432,0.4000000059604645
1216632,0.4000000059604645
1216792,0.4000000059604645
1216960,0.4000000059604645
1216968,0.4000000059604645
1217048,0.4000000059604645
1217120,0.4000000059604645
1217168,0.4000000059604645
1217328,0.4000000059604645
1217472,0.4000000059604645
1217800,0.4000000059604645
1217848,0.4000000059604645
1217976,0.4000000059604645
1218184,0.4000000059604645
1218256,0.4000000059604645
1218296,0.4000000059604645
1218368,0.4000000059604645
1218376,0.4000000059604645
1218456,0.4000000059604645
1218472,0.4000000059604645
1219312,0.4000000059604645
1219368,0.4000000059604645
1219512,0.4000000059604645
1219712,0.4000000059604645
1219952,0.4000000059604645
1220064,0.4000000059604645
1220072,0.4000000059604645
1220104,0.4000000059604645
1220400,0.4000000059604645
1220568,0.4000000059604645
1220720,0.4000000059604645
1221240,0.4000000059604645
1221304,0.4000000059604645
1221480,0.4000000059604645
1221528,0.4000000059604645
1221720,0.0
1222064,0.4000000059604645
1222432,0.4000000059604645
1222504,0.4000000059604645
1223040,0.4000000059604645
1223672,0.4000000059604645
1223856,0.4000000059604645
1223952,0.4000000059604645
1224000,0.4000000059604645
1224104,0.4000000059604645
1224176,0.4000000059604645
1224192,0.4000000059604645
1224320,0.4000000059604645
1224424,0.4000000059604645
1224448,0.4000000059604645
1224528,0.4000000059604645
1224584,0.4000000059604645
1224680,0.4000000059604645
1224800,0.4000000059604645
1224912,0.4000000059604645
1225232,0.4000000059604645
1225552,0.4000000059604645
1225568,0.4000000059604645
1225608,0.4000000059604645
1225968,0.4000000059604645
1226320,0.4000000059604645
1226360,0.4000000059604645
1226640,0.4000000059604645
1226744,0.4000000059604645
1226976,0.4000000059604645
1227456,0.0
1228112,0.4000000059604645
1228960,0.4000000059604645
1228976,0.4000000059604645
1229080,0.4000000059604645
1229456,0.4000000059604645
1229640,0.4000000059604645
1229800,0.4000000059604645
1229936,0.4000000059604645
1230040,0.4000000059604645
1230208,0.4000000059604645
1230224,0.4000000059604645
1230424,0.4000000059604645
1230568,0.4000000059604645
1230672,0.4000000059604645
1230768,0.4000000059604645
1231264,0.4000000059604645
1231824,0.4000000059604645
1231864,0.4000000059604645
1232208,0.4000000059604645
1232264,0.4000000059604645
1232376,0.4000000059604645
1233136,0.4000000059604645
1233488,0.4000000059604645
1233608,0.4000000059604645
1233792,0.4000000059604645
1234056,0.4000000059604645
1234104,0.4000000059604645
1234328,0.4000000059604645
1234880,0.4000000059604645
1234904,0.4000000059604645
1234960,0.4000000059604645
1235008,0.4000000059604645
1235088,0.4000000059604645
1235576,0.4000000059604645
1235728,0.4000000059604645
1235928,0.4000000059604645
1235976,0.4000000059604645
1236088,0.4000000059604645
1236120,0.4000000059604645
1236224,0.4000000059604645
1236336,0.4000000059604645
1237400,0.4000000059604645
1237424,0.4000000059604645
1238056,0.4000000059604645
1238256,0.4000000059604645
1238264,0.4000000059604645
1238360,0.4000000059604645
1238472,0.4000000059604645
1238528,0.4000000059604645
1238584,0.4000000059604645
1238768,0.4000000059604645
1238848,0.4000000059604645
1239056,0.4000000059604645
1239096,0.4000000059604645
1239504,0.4000000059604645
1239752,0.4000000059604645
1239904,0.4000000059604645
1240136,0.4000000059604645
1240272,0.4000000059604645
1240480,0.4000000059604645
1240568,0.4000000059604645
1240696,0.4000000059604645
1240736,0.4000000059604645
1240840,0.0
1240984,0.4000000059604645
1241352,0.4000000059604645
1241528,0.4000000059604645
1241624,0.4000000059604645
1241744,0.4000000059604645
1241752,0.4000000059604645
1242456,0.4000000059604645
1242560,0.4000000059604645
1242768,0.4000000059604645
1243144,0.4000000059604645
1243264,0.4000000059604645
1243328,0.4000000059604645
1243432,0.4000000059604645
1243768,0.4000000059604645
1243776,0.4000000059604645
1244200,0.4000000059604645
1244384,0.4000000059604645
1244720,0.4000000059604645
1244768,0.4000000059604645
1244880,0.4000000059604645
1245256,0.4000000059604645
1245320,0.4000000059604645
1245520,0.4000000059604645
1245592,0.4000000059604645
1245776,0.4000000059604645
1246048,0.4000000059604645
1246112,0.4000000059604645
1246496,0.4000000059604645
1246616,0.4000000059604645
1246632,0.4000000059604645
1246848,0.4000000059604645
1246920,0.4000000059604645
1247264,0.0
1247272,0.4000000059604645
1247784,0.4000000059604645
1247864,0.4000000059604645
1247968,0.4000000059604645
1248192,0.4000000059604645
1248312,0.4000000059604645
1248544,0.4000000059604645
1248616,0.4000000059604645
1248800,0.4000000059604645
1249144,0.4000000059604645
1249272,0.4000000059604645
1249576,0.4000000059604645
1249640,0.4000000059604645
1249664,0.4000000059604645
1249824,0.4000000059604645
1249896,0.4000000059604645
1249960,0.4000000059604645
1250040,0.4000000059604645
1250048,0.4000000059604645
1250080,0.4000000059604645
1250616,0.4000000059604645
1250696,0.4000000059604645
1250736,0.4000000059604645
1251128,0.4000000059604645
1251384,0.4000000059604645
1251432,0.4000000059604645
1251440,0.4000000059604645
1251560,0.4000000059604645
1252032,0.4000000059604645
1252232,0.4000000059604645
1252728,0.4000000059604645
1252936,0.4000000059604645
1253048,0.4000000059604645
1254048,0.4000000059604645
1254080,0.4000000059604645
1254200,0.4000000059604645
1254224,0.4000000059604645
1254552,0.4000000059604645
1254752,0.4000000059604645
1254784,0.4000000059604645
1255008,0.4000000059604645
1255192,0.4000000059604645
1255240,0.4000000059604645
1255256,0.4000000059604645
1255480,0.4000000059604645
1255528,0.4000000059604645
1256072,0.4000000059604645
1256264,0.4000000059604645
1256344,0.4000000059604645
1256376,0.4000000059604645
1257160,0.4000000059604645
1257272,0.4000000059604645
1257728,0.4000000059604645
1257752,0.4000000059604645
1258248,0.4000000059604645
1258392,0.4000000059604645
1258448,0.4000000059604645
1258464,0.4000000059604645
1258528,0.4000000059604645
1258728,0.4000000059604645
1258776,0.4000000059604645
1258792,0.4000000059604645
1259040,0.4000000059604645
1259104,0.4000000059604645
1259176,0.4000000059604645
1259192,0.4000000059604645
1259416,0.4000000059604645
1259720,0.4000000059604645
1259792,0.4000000059604645
1260072,0.4000000059604645
1260400,0.4000000059604645
1260544,0.4000000059604645
1260600,0.4000000059604645
1261136,0.4000000059604645
1261296,0.4000000059604645
1261576,0.4000000059604645
1261848,0.4000000059604645
1261920,0.4000000059604645
1261992,0.4000000059604645
1262048,0.4000000059604645
1262112,0.4000000059604645
1262160,0.4000000059604645
1262440,0.4000000059604645
1262472,0.4000000059604645
1262784,0.4000000059604645
1262832,0.4000000059604645
1263240,0.4000000059604645
1263720,0.4000000059604645
1263928,0.4000000059604645
1264008,0.4000000059604645
1264096,0.4000000059604645
1264208,0.4000000059604645
1264312,0.4000000059604645
1264592,0.4000000059604645
1264800,0.4000000059604645
1265128,0.4000000059604645
1265136,0.4000000059604645
1265344,0.4000000059604645
1265560,0.4000000059604645
1265720,0.4000000059604645
1265776,0.4000000059604645
1265808,0.4000000059604645
1265992,0.4000000059604645
1266008,0.4000000059604645
1266016,0.4000000059604645
1266208,0.4000000059604645
1266360,0.4000000059604645
1266824,0.4000000059604645
1266848,0.4000000059604645
1266904,0.4000000059604645
1266952,0.4000000059604645
1266976,0.4000000059604645
1267280,0.4000000059604645
1267304,0.4000000059604645
1267368,0.4000000059604645
1267384,0.4000000059604645
1267592,0.4000000059604645
1267608,0.4000000059604645
1267728,0.4000000059604645
1268008,0.4000000059604645
1268032,0.4000000059604645
1268048,0.4000000059604645
1268096,0.4000000059604645
1268176,0.4000000059604645
1268240,0.4000000059604645
1268280,0.4000000059604645
1268384,0.4000000059604645
1268624,0.4000000059604645
1268664,0.4000000059604645
1268872,0.4000000059604645
1269168,0.4000000059604645
1269232,0.4000000059604645
1269272,0.4000000059604645
1269328,0.4000000059604645
1269584,0.4000000059604645
1269648,0.4000000059604645
1269680,0.4000000059604645
1269728,0.4000000059604645
1269856,0.4000000059604645
1269912,0.4000000059604645
1270512,0.4000000059604645
1270568,0.4000000059604645
1270752,0.4000000059604645
1270800,0.4000000059604645
1271240,0.4000000059604645
1271256,0.4000000059604645
1271576,0.4000000059604645
1271752,0.4000000059604645
1271800,0.4000000059604645
1271936,0.4000000059604645
1272056,0.4000000059604645
1272168,0.4000000059604645
1272200,0.4000000059604645
1272288,0.4000000059604645
1272416,0.4000000059604645
1272560,0.4000000059604645
1273000,0.4000000059604645
1273184,0.4000000059604645
1273656,0.4000000059604645
1273912,0.4000000059604645
1273952,0.4000000059604645
1274104,0.4000000059604645
1274208,0.4000000059604645
1274256,0.4000000059604645
1274632,0.4000000059604645
1274904,0.4000000059604645
1275232,0.4000000059604645
1275320,0.4000000059604645
1275552,0.4000000059604645
1275864,0.4000000059604645
1275968,0.4000000059604645
1276048,0.4000000059604645
1276120,0.4000000059604645
1276160,0.4000000059604645
1276256,0.4000000059604645
1276376,0.4000000059604645
1276440,0.4000000059604645
1276608,0.4000000059604645
1276728,0.4000000059604645
1277200,0.4000000059604645
1277240,0.4000000059604645
1277600,0.4000000059604645
1277640,0.4000000059604645
1277648,0.4000000059604645
1277680,0.4000000059604645
1277728,0.4000000059604645
1277912,0.4000000059604645
1277960,0.4000000059604645
1277968,0.4000000059604645
1277984,0.4000000059604645
1278040,0.4000000059604645
1278512,0.4000000059604645
1278728,0.4000000059604645
1278816,0.4000000059604645
1278928,0.4000000059604645
1279120,0.4000000059604645
1279464,0.4000000059604645
1279576,0.4000000059604645
1279640,0.4000000059604645
1279648,0.4000000059604645
1279696,0.4000000059604645
1279800,0.4000000059604645
1280240,0.4000000059604645
1280280,0.4000000059604645
1280392,0.4000000059604645
1280512,0.4000000059604645
1280616,0.4000000059604645
1280672,0.4000000059604645
1280840,0.4000000059604645
1281064,0.4000000059604645
1281192,0.4000000059604645
1281304,0.4000000059604645
1281400,0.4000000059604645
1281600,0.4000000059604645
1281632,0.4000000059604645
1281760,0.4000000059604645
1282024,0.4000000059604645
1282232,0.4000000059604645
1282376,0.4000000059604645
1282384,0.4000000059604645
1282664,0.4000000059604645
1282712,0.4000000059604645
1282952,0.4000000059604645
1283104,0.4000000059604645
1283120,0.4000000059604645
1283136,0.4000000059604645
1283152,0.4000000059604645
1283168,0.4000000059604645
1283280,0.4000000059604645
1283400,0.4000000059604645
1283480,0.4000000059604645
1283624,0.4000000059604645
1283672,0.4000000059604645
1283936,0.4000000059604645
1283952,0.4000000059604645
1283960,0.4000000059604645
1284048,0.4000000059604645
1284096,0.4000000059604645
1284216,0.4000000059604645
1284944,0.4000000059604645
1285048,0.4000000059604645
1285176,0.4000000059604645
1285232,0.4000000059604645
1285616,0.4000000059604645
1285664,0.4000000059604645
1285704,0.4000000059604645
1285712,0.4000000059604645
1285792,0.4000000059604645
1286704,0.4000000059604645
1286848,0.4000000059604645
1286904,0.4000000059604645
1287248,0.4000000059604645
1287280,0.4000000059604645
1287600,0.4000000059604645
1287744,0.4000000059604645
1287784,0.4000000059604645
1288032,0.4000000059604645
1288256,0.4000000059604645
1288328,0.4000000059604645
1288336,0.4000000059604645
1288368,0.4000000059604645
1288376,0.4000000059604645
1288536,0.4000000059604645
1288864,0.4000000059604645
1288920,0.4000000059604645
1288944,0.4000000059604645
1288992,0.4000000059604645
1289344,0.4000000059604645
1289992,0.4000000059604645
1290064,0.4000000059604645
1290144,0.0
1290312,0.4000000059604645
1290336,0.4000000059604645
1290504,0.4000000059604645
1290784,0.4000000059604645
1290864,0.4000000059604645
1290992,0.4000000059604645
1291088,0.4000000059604645
1291272,0.4000000059604645
1291416,0.4000000059604645
1291440,0.4000000059604645
1291456,0.4000000059604645
1291560,0.4000000059604645
1291672,0.4000000059604645
1291688,0.4000000059604645
1291808,0.4000000059604645
1292048,0.4000000059604645
1292152,0.4000000059604645
1292248,0.4000000059604645
1292280,0.4000000059604645
1292952,0.4000000059604645
1293264,0.4000000059604645
1293408,0.4000000059604645
1293632,0.4000000059604645
1293816,0.4000000059604645
1293984,0.4000000059604645
1294496,0.4000000059604645
1294576,0.4000000059604645
1294864,0.4000000059604645
1294968,0.4000000059604645
1295072,0.4000000059604645
1295520,0.4000000059604645
1295792,0.4000000059604645
1295880,0.4000000059604645
1296160,0.4000000059604645
1296272,0.4000000059604645
1296488,0.4000000059604645
1296536,0.4000000059604645
1296656,0.4000000059604645
1296896,0.4000000059604645
1296920,0.4000000059604645
1296976,0.4000000059604645
1297064,0.4000000059604645
1297296,0.4000000059604645
1297560,0.4000000059604645
1297632,0.4000000059604645
1298176,0.4000000059604645
1298248,0.4000000059604645
1298752,0.4000000059604645
1298808,0.4000000059604645
1298928,0.4000000059604645
1298984,0.4000000059604645
1299360,0.4000000059604645
1299544,0.4000000059604645
1300152,0.4000000059604645
1300320,0.4000000059604645
1300400,0.4000000059604645
1300952,0.4000000059604645
1301184,0.4000000059604645
1301352,0.4000000059604645
1301736,0.4000000059604645
1301848,0.4000000059604645
1301856,0.4000000059604645
1302080,0.4000000059604645
1302224,0.4000000059604645
1302352,0.4000000059604645
1302616,0.4000000059604645
1302872,0.4000000059604645
1303080,0.4000000059604645
1303216,0.4000000059604645
1303232,0.4000000059604645
1303544,0.4000000059604645
1304104,0.4000000059604645
1304152,0.4000000059604645
1304480,0.4000000059604645
1304520,0.4000000059604645
1304792,0.4000000059604645
1304896,0.4000000059604645
1305024,0.4000000059604645
1305136,0.4000000059604645
1305264,0.4000000059604645
1305336,0.4000000059604645
1305488,0.4000000059604645
1305520,0.4000000059604645
1305536,0.4000000059604645
1305856,0.4000000059604645
1306336,0.4000000059604645
1306544,0.4000000059604645
1306640,0.4000000059604645
1306920,0.4000000059604645
1307080,0.4000000059604645
1307176,0.4000000059604645
1307456,0.4000000059604645
1307744,0.4000000059604645
1307752,0.4000000059604645
1307832,0.4000000059604645
1308064,0.4000000059604645
1309000,0.4000000059604645
1309048,0.4000000059604645
1309168,0.4000000059604645
1309256,0.4000000059604645
1309392,0.4000000059604645
1309552,0.4000000059604645
1310552,0.4000000059604645
1311040,0.4000000059604645
1311056,0.4000000059604645
1311128,0.4000000059604645
1311144,0.4000000059604645
1311464,0.4000000059604645
1311656,0.4000000059604645
1311664,0.4000000059604645
1311792,0.4000000059604645
1311984,0.4000000059604645
1312256,0.4000000059604645
1312376,0.4000000059604645
1312576,0.4000000059604645
1312720,0.4000000059604645
1312840,0.4000000059604645
1313152,0.4000000059604645
1313176,0.4000000059604645
1313408,0.4000000059604645
1313456,0.4000000059604645
1313520,0.4000000059604645
1313664,0.4000000059604645
1313744,0.4000000059604645
1313776,0.4000000059604645
1313784,0.4000000059604645
1313800,0.4000000059604645
1313920,0.4000000059604645
1313960,0.4000000059604645
1314600,0.4000000059604645
1314648,0.4000000059604645
1315680,0.4000000059604645
1315696,0.4000000059604645
1315760,0.4000000059604645
1315912,0.4000000059604645
1316240,0.4000000059604645
1316368,0.4000000059604645
1316472,0.4000000059604645
1316536,0.4000000059604645
1316808,0.4000000059604645
1316888,0.4000000059604645
1317016,0.0
1317240,0.4000000059604645
1317288,0.4000000059604645
1317384,0.4000000059604645
1317696,0.4000000059604645
1317752,0.4000000059604645
1318080,0.4000000059604645
1318184,0.4000000059604645
1318216,0.4000000059604645
1318584,0.4000000059604645
1318640,0.4000000059604645
1318872,0.4000000059604645
1319064,0.4000000059604645
1319096,0.4000000059604645
1319344,0.4000000059604645
1319464,0.4000000059604645
1319696,0.4000000059604645
1319776,0.4000000059604645
1319992,0.4000000059604645
1320088,0.4000000059604645
1320112,0.4000000059604645
1320144,0.4000000059604645
1320240,0.4000000059604645
1320264,0.4000000059604645
1320272,0.4000000059604645
1320608,0.4000000059604645
1320800,0.4000000059604645
1320816,0.4000000059604645
1320840,0.0
1320920,0.4000000059604645
1321144,0.4000000059604645
1321288,0.4000000059604645
1321648,0.4000000059604645
1321992,0.4000000059604645
1322048,0.4000000059604645
1322168,0.4000000059604645
1322624,0.4000000059604645
1322680,0.4000000059604645
1322928,0.4000000059604645
1323008,0.4000000059604645
1323248,0.4000000059604645
1323352,0.4000000059604645
1323528,0.4000000059604645
1323608,0.4000000059604645
1323624,0.4000000059604645
1323784,0.4000000059604645
1323800,0.4000000059604645
1323824,0.4000000059604645
1324200,0.4000000059604645
1324408,0.4000000059604645
1324760,0.4000000059604645
1325104,0.4000000059604645
1325280,0.4000000059604645
1325552,0.4000000059604645
1325648,0.4000000059604645
1325896,0.4000000059604645
1326008,0.4000000059604645
1326176,0.4000000059604645
1326400,0.4000000059604645
1326592,0.4000000059604645
1326984,0.4000000059604645
1327112,0.4000000059604645
1327136,0.4000000059604645
1327312,0.4000000059604645
1327456,0.4000000059604645
1327472,0.4000000059604645
1327480,0.4000000059604645
1327488,0.4000000059604645
1327512,0.4000000059604645
1327576,0.4000000059604645
1327808,0.4000000059604645
1327944,0.4000000059604645
1327960,0.4000000059604645
1327992,0.4000000059604645
1328144,0.4000000059604645
1328200,0.4000000059604645
1328448,0.4000000059604645
1328520,0.4000000059604645
1328824,0.4000000059604645
1328872,0.4000000059604645
1329120,0.4000000059604645
1329176,0.4000000059604645
1329424,0.4000000059604645
1329688,0.4000000059604645
1329808,0.4000000059604645
1329952,0.4000000059604645
1329968,0.4000000059604645
1330280,0.4000000059604645
1330552,0.4000000059604645
1330728,0.4000000059604645
1330904,0.4000000059604645
1331096,0.4000000059604645
1331216,0.4000000059604645
1331440,0.4000000059604645
1331480,0.4000000059604645
1331552,0.4000000059604645
1331656,0.4000000059604645
1331944,0.4000000059604645
1332168,0.4000000059604645
1332600,0.4000000059604645
1332608,0.4000000059604645
1332688,0.4000000059604645
1332792,0.4000000059604645
1332912,0.4000000059604645
1333120,0.4000000059604645
1333768,0.4000000059604645
1333856,0.4000000059604645
1333960,0.4000000059604645
1334032,0.4000000059604645
1334056,0.4000000059604645
1334112,0.4000000059604645
1334504,0.4000000059604645
1334960,0.4000000059604645
1334984,0.4000000059604645
1335128,0.4000000059604645
1335208,0.4000000059604645
1335416,0.4000000059604645
1335560,0.4000000059604645
1335584,0.4000000059604645
1335592,0.4000000059604645
1336088,0.4000000059604645
1336096,0.4000000059604645
1336336,0.4000000059604645
1336408,0.4000000059604645
1336584,0.4000000059604645
1336608,0.4000000059604645
1336840,0.4000000059604645
1336968,0.4000000059604645
1337080,0.4000000059604645
1337368,0.4000000059604645
1337488,0.4000000059604645
1337656,0.4000000059604645
1337744,0.4000000059604645
1337760,0.4000000059604645
1337888,0.4000000059604645
1337944,0.4000000059604645
1338280,0.4000000059604645
1338752,0.4000000059604645
1338776,0.4000000059604645
1338904,0.4000000059604645
1338984,0.4000000059604645
1339336,0.4000000059604645
1339512,0.4000000059604645
1339808,0.4000000059604645
1339816,0.4000000059604645
1339936,0.4000000059604645
1340064,0.4000000059604645
1340120,0.4000000059604645
1340232,0.4000000059604645
1340352,0.4000000059604645
1340672,0.4000000059604645
1340944,0.4000000059604645
1340960,0.4000000059604645
1340968,0.4000000059604645
1341112,0.4000000059604645
1341208,0.4000000059604645
1341344,0.4000000059604645
1341488,0.4000000059604645
1341496,0.4000000059604645
1341592,0.4000000059604645
1341816,0.4000000059604645
1341880,0.4000000059604645
1342080,0.4000000059604645
1342240,0.4000000059604645
1342320,0.4000000059604645
1342328,0.4000000059604645
1342336,0.4000000059604645
1342608,0.4000000059604645
1342688,0.4000000059604645
1342912,0.4000000059604645
1343048,0.4000000059604645
1343080,0.4000000059604645
1343280,0.4000000059604645
1343504,0.4000000059604645
1343544,0.4000000059604645
1343864,0.4000000059604645
1343888,0.4000000059604645
1344320,0.4000000059604645
1344744,0.4000000059604645
1344808,0.4000000059604645
1345136,0.4000000059604645
1345384,0.4000000059604645
1345576,0.4000000059604645
1345928,0.4000000059604645
1346232,0.4000000059604645
1346480,0.4000000059604645
1346600,0.4000000059604645
1346840,0.4000000059604645
1347192,0.4000000059604645
1347248,0.4000000059604645
1347408,0.4000000059604645
1347448,0.4000000059604645
1347752,0.4000000059604645
1347944,0.4000000059604645
1348312,0.4000000059604645
1348400,0.4000000059604645
1348456,0.4000000059604645
1348888,0.4000000059604645
1349272,0.4000000059604645
1349312,0.4000000059604645
1349376,0.4000000059604645
1349440,0.4000000059604645
1349784,0.4000000059604645
1349824,0.4000000059604645
1349984,0.4000000059604645
1350184,0.4000000059604645
1350448,0.4000000059604645
1350568,0.4000000059604645
1350648,0.4000000059604645
1350768,0.4000000059604645
1351072,0.4000000059604645
1351112,0.4000000059604645
1351960,0.4000000059604645
1352032,0.4000000059604645
1352040,0.4000000059604645
1352088,0.4000000059604645
1352200,0.4000000059604645
1352440,0.4000000059604645
1352472,0.4000000059604645
1352520,0.4000000059604645
1352576,0.4000000059604645
1353120,0.4000000059604645
1353192,0.4000000059604645
1353216,0.4000000059604645
1353464,0.4000000059604645
1353504,0.4000000059604645
1353584,0.4000000059604645
1353664,0.4000000059604645
1353712,0.4000000059604645
1353776,0.4000000059604645
1353808,0.4000000059604645
1354016,0.4000000059604645
1354064,0.4000000059604645
1354304,0.4000000059604645
1354344,0.4000000059604645
1354536,0.4000000059604645
1354624,0.4000000059604645
1354696,0.4000000059604645
1354744,0.4000000059604645
1354864,0.4000000059604645
1354936,0.4000000059604645
1355104,0.4000000059604645
1355336,0.4000000059604645
1355488,0.4000000059604645
1356232,0.4000000059604645
1356280,0.4000000059604645
1356696,0.4000000059604645
1356800,0.4000000059604645
1357200,0.4000000059604645
1358256,0.4000000059604645
1358392,0.4000000059604645
1358656,0.4000000059604645
1358856,0.4000000059604645
1358864,0.4000000059604645
1359512,0.4000000059604645
1359576,0.4000000059604645
1359624,0.4000000059604645
1359648,0.4000000059604645
1359704,0.4000000059604645
1359744,0.4000000059604645
1359872,0.4000000059604645
1359952,0.4000000059604645
1360608,0.4000000059604645
1360704,0.4000000059604645
1360760,0.4000000059604645
1360928,0.4000000059604645
1361008,0.4000000059604645
1361192,0.4000000059604645
1361560,0.4000000059604645
1361768,0.4000000059604645
1362232,0.4000000059604645
1362280,0.4000000059604645
1362544,0.4000000059604645
1362704,0.4000000059604645
1362936,0.4000000059604645
1363112,0.4000000059604645
1363216,0.4000000059604645
1363504,0.4000000059604645
1363616,0.4000000059604645
1363664,0.4000000059604645
1363768,0.4000000059604645
1363800,0.4000000059604645
1364032,0.4000000059604645
1364432,0.4000000059604645
1364464,0.4000000059604645
1364496,0.4000000059604645
1364656,0.4000000059604645
1365120,0.4000000059604645
1365168,0.4000000059604645
1365248,0.4000000059604645
1365352,0.4000000059604645
1365512,0.4000000059604645
1365672,0.4000000059604645
1365808,0.4000000059604645
1366072,0.4000000059604645
1366616,0.4000000059604645
1366680,0.4000000059604645
1366776,0.4000000059604645
1367008,0.4000000059604645
1367304,0.4000000059604645
1367616,0.4000000059604645
1367808,0.4000000059604645
1367856,0.4000000059604645
1367944,0.4000000059604645
1368080,0.4000000059604645
1368352,0.4000000059604645
1368472,0.4000000059604645
1368496,0.4000000059604645
1368528,0.4000000059604645
1368712,0.4000000059604645
1368728,0.4000000059604645
1368752,0.4000000059604645
1369200,0.4000000059604645
1369208,0.4000000059604645
1369216,0.4000000059604645
1369440,0.4000000059604645
1369472,0.4000000059604645
1369672,0.4000000059604645
1369696,0.4000000059604645
1369704,0.4000000059604645
1369800,0.4000000059604645
1369816,0.4000000059604645
1369880,0.4000000059604645
1370024,0.4000000059604645
1370656,0.4000000059604645
1370680,0.4000000059604645
1371216,0.4000000059604645
1371272,0.4000000059604645
1371344,0.4000000059604645
1371648,0.4000000059604645
1371664,0.4000000059604645
1372032,0.4000000059604645
1372224,0.4000000059604645
1372480,0.4000000059604645
1372576,0.4000000059604645
1372752,0.4000000059604645
1372768,0.4000000059604645
1373040,0.4000000059604645
1373352,0.4000000059604645
1373736,0.4000000059604645
1373856,0.4000000059604645
1374328,0.4000000059604645
1374336,0.4000000059604645
1374648,0.4000000059604645
1375032,0.4000000059604645
1375256,0.0
1375344,0.4000000059604645
1375544,0.4000000059604645
1375576,0.4000000059604645
1375864,0.4000000059604645
1376048,0.4000000059604645
1376168,0.4000000059604645
1376744,0.4000000059604645
1376776,0.4000000059604645
1376992,0.4000000059604645
1377072,0.4000000059604645
1377208,0.4000000059604645
1377320,0.4000000059604645
1377344,0.4000000059604645
1377656,0.4000000059604645
1377720,0.4000000059604645
1378384,0.4000000059604645
1378536,0.4000000059604645
1378656,0.4000000059604645
1378920,0.4000000059604645
1379200,0.4000000059604645
1379320,0.4000000059604645
1379608,0.4000000059604645
1379896,0.4000000059604645
1379968,0.4000000059604645
1380160,0.4000000059604645
1380376,0.4000000059604645
1380400,0.4000000059604645
1380440,0.4000000059604645
1380456,0.4000000059604645
1380480,0.4000000059604645
1381024,0.4000000059604645
1381040,0.4000000059604645
1381416,0.4000000059604645
1381504,0.4000000059604645
1381624,0.4000000059604645
1381872,0.4000000059604645
1382256,0.4000000059604645
1382288,0.4000000059604645
1382400,0.4000000059604645
1382520,0.4000000059604645
1382736,0.4000000059604645
1382832,0.4000000059604645
1382840,0.4000000059604645
1383112,0.4000000059604645
1383400,0.4000000059604645
1383480,0.4000000059604645
1383552,0.4000000059604645
1383640,0.4000000059604645
1383712,0.4000000059604645
1383800,0.4000000059604645
1383912,0.4000000059604645
1384024,0.4000000059604645
1384192,0.4000000059604645
1384200,0.4000000059604645
1384256,0.4000000059604645
1384392,0.4000000059604645
1384688,0.4000000059604645
1384800,0.4000000059604645
1384928,0.4000000059604645
1384944,0.4000000059604645
1384960,0.4000000059604645
1385200,0.4000000059604645
1385296,0.4000000059604645
1385360,0.4000000059604645
1385824,0.4000000059604645
1385944,0.4000000059604645
1385952,0.4000000059604645
1385976,0.4000000059604645
1386048,0.4000000059604645
1386152,0.4000000059604645
1386312,0.4000000059604645
1386760,0.4000000059604645
1387368,0.4000000059604645
1387648,0.4000000059604645
1387808,0.4000000059604645
1388280,0.4000000059604645
1388296,0.4000000059604645
1388304,0.4000000059604645
1388800,0.4000000059604645
1388864,0.4000000059604645
1388960,0.4000000059604645
1388968,0.4000000059604645
1389024,0.4000000059604645
1389064,0.4000000059604645
1389248,0.4000000059604645
1389384,0.4000000059604645
1389640,0.4000000059604645
1389896,0.4000000059604645
1390160,0.4000000059604645
1390256,0.4000000059604645
1390296,0.4000000059604645
1390416,0.4000000059604645
1390584,0.4000000059604645
1390648,0.4000000059604645
1390704,0.4000000059604645
1390752,0.4000000059604645
1391264,0.4000000059604645
1391376,0.4000000059604645
1391432,0.4000000059604645
1391520,0.4000000059604645
1391944,0.4000000059604645
1391976,0.4000000059604645
1392224,0.4000000059604645
1392264,0.4000000059604645
1392288,0.4000000059604645
1392376,0.4000000059604645
1392392,0.4000000059604645
1392400,0.4000000059604645
1392536,0.4000000059604645
1392576,0.4000000059604645
1392592,0.4000000059604645
1392608,0.4000000059604645
1393064,0.4000000059604645
1393104,0.4000000059604645
1393192,0.4000000059604645
1393344,0.4000000059604645
1393696,0.4000000059604645
1393768,0.4000000059604645
1394136,0.4000000059604645
1394232,0.4000000059604645
1394240,0.4000000059604645
1394544,0.4000000059604645
1394752,0.4000000059604645
1394760,0.4000000059604645
1395168,0.4000000059604645
1395176,0.4000000059604645
1395296,0.4000000059604645
1395352,0.4000000059604645
1395776,0.4000000059604645
1395856,0.4000000059604645
1396000,0.4000000059604645
1396160,0.4000000059604645
1396296,0.4000000059604645
1396360,0.4000000059604645
1396544,0.4000000059604645
1396608,0.4000000059604645
1396784,0.4000000059604645
1396816,0.4000000059604645
1396864,0.4000000059604645
1397184,0.4000000059604645
1397288,0.4000000059604645
1397696,0.4000000059604645
1397744,0.4000000059604645
1397808,0.4000000059604645
1398064,0.4000000059604645
1398080,0.4000000059604645
1398240,0.4000000059604645
1398256,0.4000000059604645
1398296,0.4000000059604645
1398752,0.4000000059604645
1398840,0.4000000059604645
1398944,0.4000000059604645
1399216,0.4000000059604645
1399592,0.4000000059604645
1399896,0.4000000059604645
1400008,0.4000000059604645
1400216,0.4000000059604645
1400704,0.4000000059604645
1400880,0.4000000059604645
1401000,0.4000000059604645
1401192,0.4000000059604645
1401360,0.4000000059604645
1401472,0.4000000059604645
1401544,0.4000000059604645
1401640,0.4000000059604645
1402192,0.4000000059604645
1402240,0.4000000059604645
1402256,0.4000000059604645
1402312,0.4000000059604645
1402456,0.4000000059604645
1402632,0.4000000059604645
1402656,0.4000000059604645
1402712,0.4000000059604645
1402848,0.4000000059604645
1402952,0.4000000059604645
1403144,0.4000000059604645
1403160,0.4000000059604645
1403288,0.4000000059604645
1403360,0.4000000059604645
1403488,0.4000000059604645
1403792,0.4000000059604645
1404208,0.4000000059604645
1404664,0.4000000059604645
1404784,0.4000000059604645
1405024,0.4000000059604645
1405088,0.4000000059604645
1405176,0.4000000059604645
1405280,0.4000000059604645
1405456,0.4000000059604645
1405496,0.4000000059604645
1405672,0.4000000059604645
1405704,0.4000000059604645
1405720,0.4000000059604645
1405744,0.4000000059604645
1405848,0.4000000059604645
1405960,0.4000000059604645
1406120,0.4000000059604645
1406152,0.4000000059604645
1406192,0.4000000059604645
1406208,0.4000000059604645
1406640,0.4000000059604645
1406648,0.4000000059604645
1406824,0.4000000059604645
1406912,0.4000000059604645
1406960,0.4000000059604645
1407088,0.4000000059604645
1407456,0.4000000059604645
1407512,0.4000000059604645
1407520,0.4000000059604645
1407552,0.4000000059604645
1407584,0.4000000059604645
1407608,0.4000000059604645
1407696,0.4000000059604645
1407976,0.4000000059604645
1408032,0.4000000059604645
1408048,0.4000000059604645
1408352,0.4000000059604645
1408576,0.4000000059604645
1408712,0.4000000059604645
1408752,0.4000000059604645
1408896,0.4000000059604645
1409064,0.4000000059604645
1409192,0.4000000059604645
1409376,0.4000000059604645
1409584,0.4000000059604645
1410176,0.4000000059604645
1410480,0.4000000059604645
1410496,0.4000000059604645
1410648,0.4000000059604645
1410744,0.4000000059604645
1410832,0.4000000059604645
1411008,0.4000000059604645
1411560,0.4000000059604645
1411616,0.4000000059604645
1411664,0.4000000059604645
1411848,0.4000000059604645
1412160,0.4000000059604645
1412608,0.4000000059604645
1412752,0.4000000059604645
1412888,0.4000000059604645
1412912,0.4000000059604645
1412920,0.4000000059604645
1413112,0.4000000059604645
1413528,0.4000000059604645
1413808,0.4000000059604645
1413896,0.4000000059604645
1414136,0.4000000059604645
1414416,0.4000000059604645
1414696,0.4000000059604645
1414872,0.4000000059604645
1414968,0.4000000059604645
1415112,0.4000000059604645
1415384,0.4000000059604645
1415528,0.4000000059604645
1415928,0.4000000059604645
1416592,0.4000000059604645
1416608,0.4000000059604645
1416664,0.4000000059604645
1416736,0.4000000059604645
1417144,0.4000000059604645
1417624,0.4000000059604645
1417864,0.4000000059604645
1418096,0.4000000059604645
1418360,0.4000000059604645
1418760,0.4000000059604645
1418768,0.4000000059604645
1419000,0.4000000059604645
1419024,0.4000000059604645
1419216,0.4000000059604645
1419280,0.4000000059604645
1419288,0.4000000059604645
1419376,0.4000000059604645
1419592,0.4000000059604645
1419880,0.4000000059604645
1420040,0.4000000059604645
1420416,0.4000000059604645
1420464,0.4000000059604645
1420688,0.4000000059604645
1421064,0.4000000059604645
1421088,0.4000000059604645
1421168,0.4000000059604645
1421328,0.4000000059604645
1421352,0.4000000059604645
1421360,0.4000000059604645
1421432,0.4000000059604645
1421800,0.4000000059604645
1421848,0.4000000059604645
1422232,0.4000000059604645
1422400,0.4000000059604645
1422496,0.4000000059604645
1422512,0.4000000059604645
1422576,0.4000000059604645
1422776,0.4000000059604645
1423176,0.4000000059604645
1423192,0.4000000059604645
1423336,0.4000000059604645
1423384,0.4000000059604645
1423544,0.4000000059604645
1423600,0.4000000059604645
1423656,0.4000000059604645
1423816,0.4000000059604645
1423848,0.4000000059604645
1424352,0.4000000059604645
1424392,0.4000000059604645
1424408,0.4000000059604645
1424696,0.4000000059604645
1424768,0.4000000059604645
1424896,0.4000000059604645
1424936,0.4000000059604645
1425128,0.4000000059604645
1425160,0.4000000059604645
1426432,0.4000000059604645
1426552,0.4000000059604645
1426920,0.4000000059604645
1427056,0.4000000059604645
1427080,0.4000000059604645
1427728,0.4000000059604645
1427760,0.4000000059604645
1427912,0.4000000059604645
1427944,0.4000000059604645
1428216,0.4000000059604645
1428232,0.4000000059604645
1428352,0.4000000059604645
1428408,0.4000000059604645
1428496,0.4000000059604645
1428944,0.4000000059604645
1429144,0.4000000059604645
1429336,0.4000000059604645
1429472,0.4000000059604645
1429736,0.4000000059604645
1429808,0.4000000059604645
1429904,0.4000000059604645
1429936,0.4000000059604645
1430096,0.4000000059604645
1430216,0.4000000059604645
1430240,0.4000000059604645
1430256,0.4000000059604645
1430264,0.4000000059604645
1430336,0.4000000059604645
1430360,0.4000000059604645
1430384,0.4000000059604645
1430392,0.4000000059604645
1430872,0.4000000059604645
1430984,0.4000000059604645
1431032,0.4000000059604645
1431040,0.4000000059604645
1431048,0.4000000059604645
1431072,0.4000000059604645
1431184,0.4000000059604645
1431224,0.4000000059604645
1431248,0.4000000059604645
1431464,0.4000000059604645
1431680,0.4000000059604645
1431936,0.4000000059604645
1432024,0.4000000059604645
1432080,0.4000000059604645
1432096,0.4000000059604645
1432520,0.4000000059604645
1432656,0.4000000059604645
1433056,0.4000000059604645
1433392,0.4000000059604645
1433616,0.4000000059604645
1433664,0.4000000059604645
1433696,0.4000000059604645
1433896,0.4000000059604645
1434056,0.4000000059604645
1434192,0.4000000059604645
1434432,0.4000000059604645
1434632,0.4000000059604645
1434768,0.4000000059604645
1434976,0.4000000059604645
1435216,0.4000000059604645
1435384,0.4000000059604645
1435656,0.4000000059604645
1435776,0.4000000059604645
1436216,0.0
1436480,0.4000000059604645
1436792,0.4000000059604645
1437160,0.4000000059604645
1437200,0.4000000059604645
1437800,0.4000000059604645
1437936,0.4000000059604645
1438344,0.4000000059604645
1438560,0.4000000059604645
1438736,0.4000000059604645
1438904,0.4000000059604645
1439160,0.4000000059604645
1439616,0.4000000059604645
1439752,0.4000000059604645
1439816,0.4000000059604645
1439880,0.4000000059604645
1440312,0.4000000059604645
1440488,0.4000000059604645
1441032,0.4000000059604645
1442456,0.4000000059604645
1442544,0.4000000059604645
1442632,0.4000000059604645
1443088,0.4000000059604645
1443240,0.4000000059604645
1443312,0.4000000059604645
1443360,0.4000000059604645
1443560,0.0
1443648,0.4000000059604645
1443704,0.4000000059604645
1443752,0.4000000059604645
1443808,0.4000000059604645
1443824,0.4000000059604645
1443856,0.4000000059604645
1443944,0.4000000059604645
1444264,0.4000000059604645
1444592,0.4000000059604645
1444664,0.4000000059604645
1444768,0.4000000059604645
1444888,0.4000000059604645
1444912,0.4000000059604645
1445112,0.4000000059604645
1445376,0.4000000059604645
1445560,0.4000000059604645
1445848,0.4000000059604645
1445864,0.4000000059604645
1446032,0.4000000059604645
1446944,0.4000000059604645
1447280,0.4000000059604645
1447872,0.4000000059604645
1448000,0.4000000059604645
1448104,0.4000000059604645
1448280,0.4000000059604645
1448328,0.4000000059604645
1448640,0.4000000059604645
1448736,0.4000000059604645
1449072,0.4000000059604645
1449568,0.4000000059604645
1449648,0.4000000059604645
1449880,0.4000000059604645
1450056,0.4000000059604645
1450088,0.4000000059604645
1450184,0.4000000059604645
1450552,0.4000000059604645
1450616,0.4000000059604645
1450696,0.4000000059604645
1451224,0.4000000059604645
1451640,0.4000000059604645
1451720,0.4000000059604645
1451776,0.4000000059604645
1452424,0.4000000059604645
1452800,0.4000000059604645
1453352,0.4000000059604645
1453536,0.4000000059604645
1453640,0.4000000059604645
1453728,0.4000000059604645
1453848,0.4000000059604645
1454128,0.4000000059604645
1454328,0.4000000059604645
1454624,0.4000000059604645
1454688,0.4000000059604645
1454776,0.4000000059604645
1454864,0.4000000059604645
1455320,0.4000000059604645
1455632,0.4000000059604645
1455648,0.4000000059604645
1455784,0.4000000059604645
1456248,0.4000000059604645
1456296,0.4000000059604645
1456408,0.4000000059604645
1456416,0.4000000059604645
1456544,0.4000000059604645
1456576,0.4000000059604645
1456664,0.4000000059604645
1457160,0.4000000059604645
1457168,0.4000000059604645
1457192,0.4000000059604645
1457304,0.4000000059604645
1457488,0.4000000059604645
1457504,0.4000000059604645
1457648,0.4000000059604645
1457672,0.4000000059604645
1457816,0.4000000059604645
1457976,0.4000000059604645
1458120,0.4000000059604645
1458208,0.4000000059604645
1458464,0.4000000059604645
1458768,0.4000000059604645
1458904,0.4000000059604645
1459144,0.4000000059604645
1459480,0.4000000059604645
1459600,0.4000000059604645
1460000,0.4000000059604645
1460016,0.4000000059604645
1460200,0.4000000059604645
1460344,0.4000000059604645
1460352,0.4000000059604645
1460584,0.4000000059604645
1460960,0.4000000059604645
1461088,0.4000000059604645
1461304,0.4000000059604645
1461648,0.4000000059604645
1462280,0.4000000059604645
1462440,0.4000000059604645
1462672,0.0
1462760,0.4000000059604645
1463264,0.4000000059604645
1463672,0.4000000059604645
1464072,0.4000000059604645
1464096,0.4000000059604645
1464152,0.4000000059604645
1464560,0.4000000059604645
1464664,0.4000000059604645
1465064,0.4000000059604645
1465176,0.4000000059604645
1465200,0.4000000059604645
1465232,0.4000000059604645
1465344,0.4000000059604645
1465640,0.4000000059604645
1465752,0.4000000059604645
1465760,0.4000000059604645
1465800,0.4000000059604645
1466088,0.4000000059604645
1466352,0.4000000059604645
1466752,0.4000000059604645
1466904,0.4000000059604645
1466944,0.4000000059604645
1467096,0.4000000059604645
1467480,0.4000000059604645
1467512,0.4000000059604645
1467656,0.4000000059604645
1467664,0.4000000059604645
1467704,0.4000000059604645
1468048,0.4000000059604645
1468336,0.4000000059604645
1468368,0.4000000059604645
1468416,0.4000000059604645
1468552,0.4000000059604645
1468728,0.4000000059604645
1468832,0.4000000059604645
1469088,0.4000000059604645
1469120,0.4000000059604645
1469224,0.4000000059604645
1469760,0.4000000059604645
1469920,0.4000000059604645
1470432,0.4000000059604645
1470840,0.4000000059604645
1471000,0.4000000059604645
1471104,0.4000000059604645
1471248,0.4000000059604645
1471368,0.4000000059604645
1471568,0.4000000059604645
1471928,0.4000000059604645
1472000,0.4000000059604645
1472048,0.4000000059604645
1472432,0.4000000059604645
1472560,0.4000000059604645
1472792,0.4000000059604645
1472872,0.4000000059604645
1473072,0.4000000059604645
1473680,0.4000000059604645
1473728,0.4000000059604645
1473920,0.4000000059604645
1474128,0.4000000059604645
1474288,0.4000000059604645
1474312,0.4000000059604645
1474416,0.4000000059604645
1474480,0.4000000059604645
1474624,0.4000000059604645
1474808,0.4000000059604645
1475304,0.4000000059604645
1475384,0.4000000059604645
1475432,0.4000000059604645
1475568,0.0
1475744,0.4000000059604645
1475968,0.4000000059604645
1476256,0.4000000059604645
1476296,0.4000000059604645
1476360,0.4000000059604645
1476368,0.4000000059604645
1476408,0.4000000059604645
1476432,0.4000000059604645
1476456,0.4000000059604645
1476592,0.4000000059604645
1476720,0.4000000059604645
1476848,0.4000000059604645
1477424,0.4000000059604645
1478240,0.4000000059604645
1478544,0.4000000059604645
1478640,0.4000000059604645
1478848,0.4000000059604645
1478976,0.4000000059604645
1479136,0.4000000059604645
1479392,0.0
1479856,0.4000000059604645
1479872,0.4000000059604645
1479944,0.4000000059604645
1480280,0.4000000059604645
1480672,0.4000000059604645
1480728,0.4000000059604645
1480848,0.4000000059604645
1480944,0.4000000059604645
1480960,0.4000000059604645
1481080,0.4000000059604645
1481208,0.4000000059604645
1481232,0.4000000059604645
1481280,0.4000000059604645
1481288,0.4000000059604645
1481576,0.4000000059604645
1481664,0.4000000059604645
1481760,0.4000000059604645
1481984,0.4000000059604645
1482296,0.4000000059604645
1482424,0.4000000059604645
1482480,0.4000000059604645
1482544,0.4000000059604645
1482808,0.4000000059604645
1482952,0.4000000059604645
1483632,0.4000000059604645
1483808,0.4000000059604645
1483848,0.4000000059604645
1483960,0.4000000059604645
1484216,0.4000000059604645
1484416,0.4000000059604645
1484600,0.4000000059604645
1484688,0.4000000059604645
1484824,0.4000000059604645
1484880,0.4000000059604645
1485208,0.4000000059604645
1485264,0.4000000059604645
1485504,0.4000000059604645
1485520,0.4000000059604645
1485616,0.4000000059604645
1485648,0.4000000059604645
1485704,0.4000000059604645
1485944,0.4000000059604645
1486112,0.4000000059604645
1486216,0.4000000059604645
1486464,0.4000000059604645
1486520,0.4000000059604645
1487208,0.4000000059604645
1487464,0.4000000059604645
1487544,0.4000000059604645
1488080,0.4000000059604645
1488176,0.4000000059604645
1488280,0.4000000059604645
1488384,0.4000000059604645
1488512,0.4000000059604645
1488688,0.4000000059604645
1488888,0.4000000059604645
1488952,0.0
1489096,0.4000000059604645
1489104,0.4000000059604645
1489168,0.4000000059604645
1489184,0.4000000059604645
1489504,0.4000000059604645
1489544,0.4000000059604645
1489576,0.4000000059604645
1489752,0.4000000059604645
1489912,0.4000000059604645
1489944,0.4000000059604645
1490072,0.4000000059604645
1490112,0.4000000059604645
1490264,0.4000000059604645
1490672,0.4000000059604645
1490688,0.4000000059604645
1490976,0.4000000059604645
1491264,0.4000000059604645
1491736,0.4000000059604645
1491808,0.4000000059604645
1491920,0.4000000059604645
1492072,0.4000000059604645
1492136,0.4000000059604645
1492712,0.4000000059604645
1492744,0.4000000059604645
1492816,0.4000000059604645
1492944,0.4000000059604645
1493264,0.4000000059604645
1493280,0.4000000059604645
1493392,0.4000000059604645
1493568,0.4000000059604645
1493600,0.4000000059604645
1493984,0.4000000059604645
1494024,0.4000000059604645
1494040,0.4000000059604645
1494216,0.4000000059604645
1494304,0.4000000059604645
1494528,0.4000000059604645
1494752,0.4000000059604645
1494920,0.4000000059604645
1494976,0.4000000059604645
1494984,0.4000000059604645
1494992,0.4000000059604645
1495136,0.4000000059604645
1495144,0.4000000059604645
1495160,0.4000000059604645
1495272,0.4000000059604645
1495416,0.4000000059604645
1495472,0.4000000059604645
1495592,0.4000000059604645
1495624,0.4000000059604645
1495800,0.4000000059604645
1495904,0.4000000059604645
1495960,0.4000000059604645
1496016,0.4000000059604645
1496352,0.4000000059604645
1496400,0.4000000059604645
1496680,0.4000000059604645
1497024,0.4000000059604645
1497168,0.4000000059604645
1497280,0.4000000059604645
1497704,0.4000000059604645
1498152,0.4000000059604645
1498272,0.4000000059604645
1498432,0.4000000059604645
1498488,0.4000000059604645
1498664,0.4000000059604645
1498944,0.4000000059604645
1499032,0.4000000059604645
1499280,0.4000000059604645
1499456,0.4000000059604645
1499584,0.4000000059604645
1500528,0.4000000059604645
1500728,0.4000000059604645
1500744,0.4000000059604645
1500896,0.4000000059604645
1501000,0.4000000059604645
1501192,0.4000000059604645
1501272,0.4000000059604645
1501352,0.4000000059604645
1501384,0.4000000059604645
1501512,0.4000000059604645
1502208,0.4000000059604645
1502464,0.4000000059604645
1502512,0.4000000059604645
1502568,0.4000000059604645
1502744,0.4000000059604645
1502792,0.4000000059604645
1502904,0.4000000059604645
1502944,0.4000000059604645
1503168,0.4000000059604645
1503312,0.4000000059604645
1503336,0.4000000059604645
1503656,0.4000000059604645
1503704,0.4000000059604645
1503888,0.4000000059604645
1504168,0.4000000059604645
1504272,0.4000000059604645
1504304,0.4000000059604645
1505320,0.4000000059604645
1505448,0.4000000059604645
1505768,0.4000000059604645
1506112,0.4000000059604645
1506248,0.4000000059604645
1506344,0.4000000059604645
1506560,0.4000000059604645
1506728,0.4000000059604645
1506928,0.4000000059604645
1506944,0.4000000059604645
1506976,0.4000000059604645
1507192,0.4000000059604645
1507272,0.4000000059604645
1507280,0.4000000059604645
1507552,0.4000000059604645
1508152,0.4000000059604645
1508216,0.4000000059604645
1508720,0.4000000059604645
1508896,0.4000000059604645
1508992,0.4000000059604645
1509136,0.4000000059604645
1509208,0.4000000059604645
1509552,0.4000000059604645
1509584,0.4000000059604645
1509608,0.4000000059604645
1509616,0.4000000059604645
1509664,0.4000000059604645
1509968,0.4000000059604645
1510216,0.4000000059604645
1510456,0.4000000059604645
1510832,0.4000000059604645
1511120,0.4000000059604645
1511544,0.4000000059604645
1511616,0.4000000059604645
1511912,0.4000000059604645
1512088,0.4000000059604645
1512104,0.4000000059604645
1512120,0.4000000059604645
1512312,0.4000000059604645
1512648,0.4000000059604645
1513008,0.4000000059604645
1513128,0.4000000059604645
1513208,0.4000000059604645
1513296,0.4000000059604645
1513336,0.4000000059604645
1513512,0.4000000059604645
1513648,0.4000000059604645
1513736,0.4000000059604645
1513752,0.4000000059604645
1513840,0.4000000059604645
1513960,0.4000000059604645
1514288,0.4000000059604645
1514416,0.4000000059604645
1514592,0.4000000059604645
1514816,0.4000000059604645
1515016,0.4000000059604645
1515128,0.4000000059604645
1515336,0.4000000059604645
1515432,0.4000000059604645
1515656,0.4000000059604645
1515888,0.4000000059604645
1515936,0.4000000059604645
1516128,0.4000000059604645
1516432,0.4000000059604645
1516592,0.4000000059604645
1516624,0.4000000059604645
1516672,0.4000000059604645
1516680,0.4000000059604645
1516728,0.4000000059604645
1516848,0.4000000059604645
1517032,0.4000000059604645
1517208,0.4000000059604645
1517656,0.4000000059604645
1517944,0.4000000059604645
1518320,0.4000000059604645
1518424,0.4000000059604645
1518688,0.4000000059604645
1518832,0.4000000059604645
1518872,0.4000000059604645
1518984,0.4000000059604645
1519368,0.4000000059604645
1519488,0.4000000059604645
1519520,0.4000000059604645
1519576,0.4000000059604645
1519784,0.4000000059604645
1519864,0.4000000059604645
1520000,0.4000000059604645
1520368,0.4000000059604645
1520392,0.4000000059604645
1520520,0.4000000059604645
1520704,0.4000000059604645
1520848,0.4000000059604645
1521024,0.4000000059604645
1521208,0.4000000059604645
1521424,0.4000000059604645
1521824,0.4000000059604645
1521880,0.4000000059604645
1522104,0.4000000059604645
1522368,0.4000000059604645
1522400,0.4000000059604645
1522672,0.4000000059604645
1522784,0.4000000059604645
1522912,0.4000000059604645
1523120,0.4000000059604645
1523216,0.4000000059604645
1523960,0.4000000059604645
1524144,0.4000000059604645
1524456,0.4000000059604645
1524712,0.4000000059604645
1524776,0.4000000059604645
1524936,0.4000000059604645
1525656,0.4000000059604645
1526072,0.4000000059604645
1526096,0.4000000059604645
1526384,0.4000000059604645
1526576,0.4000000059604645
1526608,0.4000000059604645
1526616,0.4000000059604645
1526656,0.4000000059604645
1526752,0.4000000059604645
1526800,0.4000000059604645
1527032,0.4000000059604645
1527232,0.4000000059604645
1527536,0.4000000059604645
1527688,0.4000000059604645
1527800,0.4000000059604645
1528416,0.4000000059604645
1528576,0.4000000059604645
1528880,0.4000000059604645
1529072,0.4000000059604645
1529184,0.4000000059604645
1529392,0.4000000059604645
1529424,0.4000000059604645
1529664,0.4000000059604645
1529768,0.4000000059604645
1529992,0.4000000059604645
1530048,0.4000000059604645
1530200,0.4000000059604645
1530392,0.4000000059604645
1530864,0.4000000059604645
1531296,0.4000000059604645
1531320,0.4000000059604645
1531360,0.4000000059604645
1531488,0.4000000059604645
1531648,0.4000000059604645
1532528,0.4000000059604645
1532544,0.4000000059604645
1532656,0.4000000059604645
1532808,0.4000000059604645
1533024,0.4000000059604645
1533264,0.4000000059604645
1533320,0.4000000059604645
1533392,0.4000000059604645
1533920,0.4000000059604645
1534080,0.4000000059604645
1534088,0.4000000059604645
1534168,0.4000000059604645
1534240,0.4000000059604645
1534256,0.4000000059604645
1534400,0.4000000059604645
1534536,0.4000000059604645
1534608,0.4000000059604645
1534648,0.4000000059604645
1534704,0.4000000059604645
1534760,0.4000000059604645
1534824,0.4000000059604645
1534952,0.4000000059604645
1535024,0.4000000059604645
1535048,0.4000000059604645
1535120,0.4000000059604645
1535408,0.4000000059604645
1535416,0.4000000059604645
1535464,0.4000000059604645
1535576,0.4000000059604645
1535584,0.4000000059604645
1535624,0.4000000059604645
1535648,0.4000000059604645
1535696,0.4000000059604645
1535752,0.4000000059604645
1535840,0.4000000059604645
1535856,0.4000000059604645
1536128,0.4000000059604645
1536344,0.4000000059604645
1536512,0.4000000059604645
1536528,0.4000000059604645
1536560,0.4000000059604645
1536600,0.4000000059604645
1536776,0.4000000059604645
1537048,0.4000000059604645
1537496,0.4000000059604645
1537576,0.4000000059604645
1537584,0.4000000059604645
1537608,0.4000000059604645
1537720,0.4000000059604645
1537920,0.4000000059604645
1538008,0.4000000059604645
1538016,0.4000000059604645
1538208,0.4000000059604645
1538296,0.4000000059604645
1538344,0.4000000059604645
1538392,0.4000000059604645
1538464,0.4000000059604645
1538504,0.4000000059604645
1538776,0.4000000059604645
1538808,0.4000000059604645
1538824,0.4000000059604645
1538928,0.4000000059604645
1539384,0.4000000059604645
1539480,0.4000000059604645
1539608,0.4000000059604645
1539800,0.4000000059604645
1539920,0.4000000059604645
1540184,0.4000000059604645
1540200,0.4000000059604645
1540288,0.4000000059604645
1540320,0.4000000059604645
1540400,0.4000000059604645
1540424,0.4000000059604645
1540784,0.4000000059604645
1541048,0.4000000059604645
1541176,0.4000000059604645
1541192,0.4000000059604645
1541312,0.4000000059604645
1541640,0.4000000059604645
1541824,0.4000000059604645
1541864,0.4000000059604645
1542176,0.4000000059604645
1542376,0.4000000059604645
1542600,0.4000000059604645
1542896,0.4000000059604645
1542904,0.4000000059604645
1542952,0.4000000059604645
1543064,0.4000000059604645
1543120,0.4000000059604645
1543352,0.0
1543752,0.4000000059604645
1543880,0.4000000059604645
1543896,0.4000000059604645
1544160,0.4000000059604645
1544272,0.4000000059604645
1544336,0.4000000059604645
1544576,0.4000000059604645
1544600,0.4000000059604645
1544664,0.4000000059604645
1544752,0.4000000059604645
1544936,0.4000000059604645
1545344,0.4000000059604645
1545480,0.4000000059604645
1545664,0.4000000059604645
1545736,0.4000000059604645
1545960,0.4000000059604645
1545976,0.4000000059604645
1546048,0.4000000059604645
1546248,0.4000000059604645
1546360,0.4000000059604645
1546472,0.4000000059604645
1546584,0.4000000059604645
1546664,0.4000000059604645
1546720,0.4000000059604645
1546784,0.4000000059604645
1546952,0.4000000059604645
1547048,0.4000000059604645
1547176,0.0
1547288,0.4000000059604645
1547792,0.4000000059604645
1547944,0.4000000059604645
1548040,0.4000000059604645
1548232,0.4000000059604645
1548264,0.4000000059604645
1548336,0.4000000059604645
1548488,0.4000000059604645
1548656,0.4000000059604645
1548696,0.4000000059604645
1548864,0.4000000059604645
1549584,0.4000000059604645
1549952,0.4000000059604645
1550256,0.4000000059604645
1550448,0.4000000059604645
1550784,0.4000000059604645
1551136,0.4000000059604645
1551224,0.4000000059604645
1551328,0.4000000059604645
1551496,0.4000000059604645
1551576,0.4000000059604645
1551968,0.4000000059604645
1552080,0.4000000059604645
1552296,0.4000000059604645
1552760,0.4000000059604645
1552808,0.4000000059604645
1553056,0.4000000059604645
1553200,0.4000000059604645
1553448,0.4000000059604645
1553544,0.4000000059604645
1553616,0.4000000059604645
1553672,0.4000000059604645
1553912,0.4000000059604645
1554008,0.4000000059604645
1554112,0.4000000059604645
1554152,0.4000000059604645
1554368,0.4000000059604645
1554440,0.4000000059604645
1554632,0.4000000059604645
1554904,0.4000000059604645
1554928,0.4000000059604645
1555152,0.4000000059604645
1555816,0.4000000059604645
1555840,0.4000000059604645
1555952,0.4000000059604645
1556048,0.4000000059604645
1556056,0.4000000059604645
1556272,0.4000000059604645
1556320,0.4000000059604645
1556328,0.4000000059604645
1556448,0.4000000059604645
1556536,0.4000000059604645
1556632,0.4000000059604645
1557200,0.4000000059604645
1557504,0.4000000059604645
1557568,0.4000000059604645
1557704,0.4000000059604645
1558408,0.4000000059604645
1558440,0.4000000059604645
1558560,0.4000000059604645
1558736,0.4000000059604645
1558768,0.4000000059604645
1559016,0.4000000059604645
1559216,0.4000000059604645
1559312,0.4000000059604645
1559608,0.4000000059604645
1559664,0.4000000059604645
1560728,0.4000000059604645
1560840,0.4000000059604645
1560848,0.4000000059604645
1560952,0.4000000059604645
1561000,0.4000000059604645
1562192,0.4000000059604645
1562232,0.4000000059604645
1562240,0.4000000059604645
1562488,0.4000000059604645
1562520,0.4000000059604645
1562528,0.4000000059604645
1562552,0.4000000059604645
1562720,0.4000000059604645
1562832,0.4000000059604645
1562848,0.4000000059604645
1562928,0.4000000059604645
1563072,0.4000000059604645
1563288,0.4000000059604645
1563352,0.4000000059604645
1564040,0.4000000059604645
1564400,0.4000000059604645
1564712,0.4000000059604645
1564808,0.4000000059604645
1564984,0.4000000059604645
1565032,0.4000000059604645
1565072,0.4000000059604645
1565240,0.4000000059604645
1565680,0.4000000059604645
1565944,0.4000000059604645
1565960,0.4000000059604645
1566008,0.4000000059604645
1566096,0.4000000059604645
1566120,0.4000000059604645
1566224,0.4000000059604645
1566504,0.4000000059604645
1566536,0.4000000059604645
1566608,0.4000000059604645
1566704,0.4000000059604645
1566720,0.4000000059604645
1567008,0.4000000059604645
1567288,0.4000000059604645
1567344,0.4000000059604645
1567648,0.4000000059604645
1567656,0.4000000059604645
1567704,0.4000000059604645
1567848,0.4000000059604645
1567856,0.4000000059604645
1567920,0.4000000059604645
1567952,0.4000000059604645
1568056,0.4000000059604645
1568088,0.4000000059604645
1568168,0.4000000059604645
1568232,0.4000000059604645
1568480,0.4000000059604645
1568552,0.4000000059604645
1568560,0.4000000059604645
1568792,0.4000000059604645
1568976,0.4000000059604645
1569176,0.4000000059604645
1569368,0.4000000059604645
1569448,0.4000000059604645
1569824,0.4000000059604645
1569888,0.4000000059604645
1570056,0.4000000059604645
1570536,0.4000000059604645
1570600,0.4000000059604645
1570712,0.4000000059604645
1570840,0.4000000059604645
1570944,0.4000000059604645
1571080,0.4000000059604645
1571152,0.4000000059604645
1571368,0.4000000059604645
1571416,0.4000000059604645
1571520,0.4000000059604645
1571664,0.4000000059604645
1571728,0.4000000059604645
1571800,0.4000000059604645
1572200,0.4000000059604645
1572304,0.4000000059604645
1572640,0.4000000059604645
1572720,0.4000000059604645
1573096,0.4000000059604645
1573312,0.4000000059604645
1573600,0.4000000059604645
1573696,0.4000000059604645
1573736,0.4000000059604645
1573784,0.4000000059604645
1574272,0.4000000059604645
1574368,0.4000000059604645
1574432,0.4000000059604645
1574472,0.4000000059604645
1574616,0.4000000059604645
1574864,0.4000000059604645
1575008,0.4000000059604645
1575024,0.4000000059604645
1575072,0.4000000059604645
1575080,0.4000000059604645
1575176,0.4000000059604645
1575720,0.4000000059604645
1575776,0.4000000059604645
1576064,0.4000000059604645
1576200,0.4000000059604645
1576864,0.4000000059604645
1577064,0.4000000059604645
1577184,0.4000000059604645
1577232,0.4000000059604645
1577456,0.4000000059604645
1577512,0.4000000059604645
1577528,0.4000000059604645
1577760,0.4000000059604645
1577792,0.4000000059604645
1578232,0.4000000059604645
1578376,0.4000000059604645
1578864,0.4000000059604645
1579312,0.4000000059604645
1579376,0.4000000059604645
1579672,0.4000000059604645
1579880,0.4000000059604645
1580008,0.4000000059604645
1580344,0.4000000059604645
1580856,0.4000000059604645
1581288,0.4000000059604645
1581400,0.0
1581448,0.4000000059604645
1581488,0.4000000059604645
1581824,0.4000000059604645
1581984,0.4000000059604645
1582136,0.4000000059604645
1582184,0.4000000059604645
1582320,0.4000000059604645
1582328,0.4000000059604645
1583280,0.4000000059604645
1583864,0.4000000059604645
1583992,0.4000000059604645
1584720,0.4000000059604645
1584760,0.4000000059604645
1584984,0.4000000059604645
1585368,0.4000000059604645
1585536,0.4000000059604645
1585624,0.4000000059604645
1586240,0.4000000059604645
1586352,0.4000000059604645
1586528,0.4000000059604645
1586936,0.4000000059604645
1587064,0.4000000059604645
1587280,0.4000000059604645
1587488,0.4000000059604645
1587560,0.4000000059604645
1587744,0.4000000059604645
1587824,0.4000000059604645
1587840,0.4000000059604645
1588144,0.4000000059604645
1588176,0.4000000059604645
1588320,0.4000000059604645
1588400,0.4000000059604645
1588424,0.4000000059604645
1588472,0.4000000059604645
1588488,0.4000000059604645
1589120,0.4000000059604645
1589144,0.4000000059604645
1589184,0.4000000059604645
1589216,0.4000000059604645
1589752,0.4000000059604645
1590104,0.4000000059604645
1590280,0.4000000059604645
1590344,0.4000000059604645
1590400,0.4000000059604645
1590504,0.4000000059604645
1590528,0.4000000059604645
1591240,0.4000000059604645
1591256,0.4000000059604645
1591296,0.4000000059604645
1591448,0.4000000059604645
1591512,0.4000000059604645
1591616,0.4000000059604645
1591712,0.4000000059604645
1592048,0.4000000059604645
1592384,0.4000000059604645
1592920,0.4000000059604645
1593360,0.4000000059604645
1593376,0.4000000059604645
1593480,0.4000000059604645
1593536,0.4000000059604645
1593792,0.4000000059604645
1593816,0.4000000059604645
1594064,0.0
1594088,0.4000000059604645
1594168,0.4000000059604645
1594216,0.4000000059604645
1594496,0.4000000059604645
1594512,0.4000000059604645
1594528,0.4000000059604645
1594936,0.4000000059604645
1595032,0.4000000059604645
1595128,0.4000000059604645
1595264,0.4000000059604645
1595456,0.4000000059604645
1595600,0.4000000059604645
1596000,0.4000000059604645
1596208,0.4000000059604645
1596304,0.4000000059604645
1596456,0.4000000059604645
1596536,0.4000000059604645
1596560,0.4000000059604645
1596656,0.4000000059604645
1596728,0.4000000059604645
1596792,0.4000000059604645
1596856,0.4000000059604645
1596936,0.4000000059604645
1596944,0.4000000059604645
1597040,0.4000000059604645
1597192,0.4000000059604645
1597224,0.4000000059604645
1597728,0.4000000059604645
1597848,0.4000000059604645
1597952,0.4000000059604645
1597992,0.4000000059604645
1598120,0.4000000059604645
1598280,0.4000000059604645
1598432,0.4000000059604645
1598568,0.4000000059604645
1599040,0.4000000059604645
1599064,0.0
1599224,0.4000000059604645
1599384,0.4000000059604645
1599400,0.4000000059604645
1599968,0.4000000059604645
1600376,0.4000000059604645
1600584,0.4000000059604645
1600608,0.4000000059604645
1600648,0.4000000059604645
1600776,0.4000000059604645
1601256,0.4000000059604645
1601288,0.4000000059604645
1601368,0.4000000059604645
1601512,0.4000000059604645
1601648,0.4000000059604645
1601672,0.4000000059604645
1601736,0.4000000059604645
1602272,0.4000000059604645
1602376,0.4000000059604645
1602592,0.4000000059604645
1602600,0.4000000059604645
1602792,0.4000000059604645
1602944,0.4000000059604645
1603008,0.4000000059604645
1603056,0.4000000059604645
1603152,0.4000000059604645
1603216,0.4000000059604645
1603320,0.4000000059604645
1603408,0.4000000059604645
1603424,0.4000000059604645
1603440,0.4000000059604645
1603840,0.4000000059604645
1603944,0.4000000059604645
1604016,0.4000000059604645
1604432,0.4000000059604645
1604568,0.4000000059604645
1604592,0.4000000059604645
1604752,0.4000000059604645
1605376,0.4000000059604645
1605496,0.4000000059604645
1605664,0.4000000059604645
1605680,0.4000000059604645
1605720,0.4000000059604645
1605904,0.4000000059604645
1605928,0.4000000059604645
1606176,0.4000000059604645
1606296,0.4000000059604645
1606304,0.4000000059604645
1606328,0.4000000059604645
1606416,0.4000000059604645
1606608,0.4000000059604645
1607024,0.4000000059604645
1608072,0.4000000059604645
1608136,0.4000000059604645
1608160,0.4000000059604645
1608192,0.4000000059604645
1608384,0.4000000059604645
1608480,0.4000000059604645
1608512,0.4000000059604645
1608568,0.4000000059604645
1608856,0.4000000059604645
1608968,0.4000000059604645
1608984,0.4000000059604645
1609128,0.4000000059604645
1609224,0.4000000059604645
1609352,0.4000000059604645
1609712,0.4000000059604645
1609792,0.4000000059604645
1610120,0.4000000059604645
1610280,0.4000000059604645
1610568,0.4000000059604645
1610688,0.4000000059604645
1611024,0.4000000059604645
1611056,0.4000000059604645
1611256,0.4000000059604645
1611296,0.4000000059604645
1611536,0.4000000059604645
1611768,0.4000000059604645
1612000,0.4000000059604645
1612560,0.4000000059604645
1612696,0.4000000059604645
1612752,0.4000000059604645
1613248,0.4000000059604645
1613272,0.4000000059604645
1613304,0.4000000059604645
1613320,0.4000000059604645
1613440,0.4000000059604645
1613696,0.4000000059604645
1613976,0.4000000059604645
1614024,0.4000000059604645
1614112,0.4000000059604645
1614248,0.4000000059604645
1614280,0.4000000059604645
1614352,0.4000000059604645
1614592,0.4000000059604645
1614696,0.4000000059604645
1614744,0.4000000059604645
1614824,0.4000000059604645
1614968,0.4000000059604645
1615016,0.4000000059604645
1615112,0.4000000059604645
1615256,0.4000000059604645
1615416,0.4000000059604645
1615664,0.4000000059604645
1615760,0.4000000059604645
1615880,0.4000000059604645
1615928,0.4000000059604645
1615968,0.4000000059604645
1616112,0.4000000059604645
1616216,0.4000000059604645
1616224,0.4000000059604645
1616312,0.4000000059604645
1616360,0.4000000059604645
1617560,0.4000000059604645
1617624,0.4000000059604645
1617760,0.4000000059604645
1618088,0.4000000059604645
1618216,0.4000000059604645
1618288,0.4000000059604645
1618328,0.4000000059604645
1618488,0.4000000059604645
1618976,0.4000000059604645
1619112,0.4000000059604645
1619144,0.4000000059604645
1619304,0.4000000059604645
1619312,0.4000000059604645
1619344,0.4000000059604645
1619704,0.4000000059604645
1619712,0.4000000059604645
1619856,0.4000000059604645
1620064,0.4000000059604645
1620144,0.4000000059604645
1620192,0.4000000059604645
1620472,0.4000000059604645
1620752,0.4000000059604645
1621072,0.4000000059604645
1622280,0.4000000059604645
1622384,0.4000000059604645
1622448,0.4000000059604645
1622952,0.4000000059604645
1623264,0.4000000059604645
1623352,0.4000000059604645
1623544,0.4000000059604645
1623568,0.4000000059604645
1623624,0.4000000059604645
1624088,0.4000000059604645
1624200,0.4000000059604645
1624272,0.4000000059604645
1624368,0.4000000059604645
1624560,0.4000000059604645
1624632,0.4000000059604645
1625112,0.4000000059604645
1625336,0.4000000059604645
1625408,0.4000000059604645
1625456,0.4000000059604645
1625648,0.4000000059604645
1625736,0.4000000059604645
1626352,0.4000000059604645
1626376,0.4000000059604645
1626528,0.4000000059604645
1626840,0.4000000059604645
1626896,0.4000000059604645
1627192,0.4000000059604645
1627216,0.4000000059604645
1627536,0.4000000059604645
1627856,0.4000000059604645
1627864,0.4000000059604645
1627912,0.4000000059604645
1627944,0.4000000059604645
1628352,0.4000000059604645
1628392,0.4000000059604645
1628408,0.4000000059604645
1628704,0.4000000059604645
1628792,0.4000000059604645
1628824,0.4000000059604645
1628856,0.4000000059604645
1629088,0.4000000059604645
1629144,0.4000000059604645
1629376,0.0
1629464,0.4000000059604645
1629800,0.4000000059604645
1629960,0.4000000059604645
1630312,0.4000000059604645
1630400,0.4000000059604645
1630408,0.4000000059604645
1630464,0.4000000059604645
1630552,0.4000000059604645
1630560,0.4000000059604645
1630600,0.4000000059604645
1630632,0.4000000059604645
1630704,0.4000000059604645
1631192,0.4000000059604645
1631200,0.4000000059604645
1631360,0.4000000059604645
1631600,0.4000000059604645
1631784,0.4000000059604645
1632040,0.4000000059604645
1632432,0.4000000059604645
1632808,0.4000000059604645
1632912,0.4000000059604645
1632944,0.4000000059604645
1633240,0.4000000059604645
1633440,0.4000000059604645
1633616,0.4000000059604645
1633704,0.4000000059604645
1633936,0.4000000059604645
1633952,0.4000000059604645
1634112,0.4000000059604645
1634200,0.4000000059604645
1634264,0.4000000059604645
1634536,0.4000000059604645
1634760,0.4000000059604645
1635088,0.4000000059604645
1635096,0.4000000059604645
1635296,0.4000000059604645
1635312,0.4000000059604645
1635984,0.4000000059604645
1636296,0.4000000059604645
1636592,0.4000000059604645
1636624,0.4000000059604645
1636632,0.4000000059604645
1636696,0.4000000059604645
1636784,0.4000000059604645
1636800,0.4000000059604645
1637056,0.4000000059604645
1637104,0.4000000059604645
1637152,0.4000000059604645
1637264,0.4000000059604645
1637496,0.4000000059604645
1637624,0.4000000059604645
1637688,0.4000000059604645
1637944,0.4000000059604645
1637960,0.4000000059604645
1638192,0.4000000059604645
1638200,0.4000000059604645
1638264,0.4000000059604645
1638272,0.4000000059604645
1638424,0.4000000059604645
1638600,0.4000000059604645
1638616,0.4000000059604645
1638656,0.4000000059604645
1638928,0.4000000059604645
1639448,0.4000000059604645
1639456,0.4000000059604645
1639552,0.4000000059604645
1639608,0.4000000059604645
1639680,0.4000000059604645
1639760,0.4000000059604645
1640296,0.4000000059604645
1640408,0.4000000059604645
1640472,0.4000000059604645
1640608,0.4000000059604645
1640832,0.4000000059604645
1640912,0.4000000059604645
1641344,0.4000000059604645
1641560,0.4000000059604645
1641840,0.4000000059604645
1641904,0.4000000059604645
1642096,0.4000000059604645
1642168,0.4000000059604645
1642216,0.4000000059604645
1642344,0.4000000059604645
1642632,0.4000000059604645
1642840,0.4000000059604645
1642952,0.4000000059604645
1643024,0.4000000059604645
1643056,0.4000000059604645
1643216,0.4000000059604645
1643624,0.4000000059604645
1643752,0.4000000059604645
1643816,0.4000000059604645
1644024,0.4000000059604645
1644152,0.4000000059604645
1644160,0.4000000059604645
1644168,0.4000000059604645
1644184,0.4000000059604645
1644464,0.4000000059604645
1644544,0.4000000059604645
1644792,0.4000000059604645
1644872,0.4000000059604645
1644968,0.4000000059604645
1645056,0.4000000059604645
1645064,0.4000000059604645
1645120,0.4000000059604645
1645240,0.4000000059604645
1645408,0.4000000059604645
1645416,0.4000000059604645
1645600,0.4000000059604645
1645664,0.4000000059604645
1645688,0.4000000059604645
1645736,0.4000000059604645
1646136,0.4000000059604645
1646424,0.4000000059604645
1646520,0.4000000059604645
1646672,0.4000000059604645
1646984,0.4000000059604645
1647496,0.4000000059604645
1647576,0.4000000059604645
1647672,0.4000000059604645
1647896,0.4000000059604645
1648088,0.4000000059604645
1648216,0.4000000059604645
1648872,0.4000000059604645
1649000,0.4000000059604645
1649056,0.4000000059604645
1649104,0.4000000059604645
1650008,0.4000000059604645
1650104,0.4000000059604645
1650256,0.4000000059604645
1650272,0.4000000059604645
1650392,0.4000000059604645
1650584,0.4000000059604645
1650792,0.4000000059604645
1651408,0.4000000059604645
1651824,0.4000000059604645
1652200,0.4000000059604645
1652336,0.4000000059604645
1652472,0.4000000059604645
1652560,0.4000000059604645
1652848,0.4000000059604645
1652968,0.4000000059604645
1653048,0.4000000059604645
1653120,0.4000000059604645
1653192,0.4000000059604645
1653208,0.4000000059604645
1653456,0.4000000059604645
1653640,0.4000000059604645
1654112,0.4000000059604645
1654312,0.4000000059604645
1654392,0.4000000059604645
1654400,0.4000000059604645
1654416,0.4000000059604645
1654544,0.4000000059604645
1654688,0.4000000059604645
1654808,0.4000000059604645
1655056,0.4000000059604645
1655112,0.4000000059604645
1655128,0.4000000059604645
1655280,0.4000000059604645
1655392,0.4000000059604645
1655624,0.4000000059604645
1655672,0.4000000059604645
1655856,0.4000000059604645
1656752,0.4000000059604645
1657208,0.4000000059604645
1657296,0.4000000059604645
1657552,0.4000000059604645
1657664,0.4000000059604645
1657704,0.4000000059604645
1657776,0.4000000059604645
1657952,0.4000000059604645
1658360,0.4000000059604645
1658448,0.4000000059604645
1658584,0.4000000059604645
1658592,0.4000000059604645
1659032,0.4000000059604645
1659216,0.4000000059604645
1659624,0.4000000059604645
1659720,0.4000000059604645
1659736,0.4000000059604645
1659920,0.4000000059604645
1660152,0.4000000059604645
1660176,0.4000000059604645
1660208,0.4000000059604645
1660264,0.4000000059604645
1660528,0.4000000059604645
1660760,0.4000000059604645
1660992,0.4000000059604645
1661096,0.4000000059604645
1661160,0.4000000059604645
1661360,0.4000000059604645
1661648,0.4000000059604645
1661672,0.4000000059604645
1661824,0.4000000059604645
1661976,0.4000000059604645
1662272,0.4000000059604645
1662656,0.4000000059604645
1662776,0.4000000059604645
1663344,0.4000000059604645
1663432,0.4000000059604645
1663456,0.4000000059604645
1663512,0.4000000059604645
1663560,0.4000000059604645
1663648,0.4000000059604645
1664072,0.4000000059604645
1664136,0.4000000059604645
1664368,0.4000000059604645
1664544,0.4000000059604645
1664616,0.4000000059604645
1664688,0.4000000059604645
1664712,0.4000000059604645
1664728,0.4000000059604645
1664776,0.4000000059604645
1664888,0.4000000059604645
1664936,0.4000000059604645
1665024,0.4000000059604645
1665384,0.4000000059604645
1665520,0.4000000059604645
1665544,0.4000000059604645
1665712,0.4000000059604645
1665736,0.4000000059604645
1665752,0.4000000059604645
1665976,0.4000000059604645
1666088,0.4000000059604645
1666168,0.4000000059604645
1666256,0.4000000059604645
1666792,0.4000000059604645
1666960,0.4000000059604645
1667056,0.4000000059604645
1667144,0.4000000059604645
1667320,0.4000000059604645
1667368,0.4000000059604645
1667984,0.4000000059604645
1668000,0.4000000059604645
1668216,0.4000000059604645
1668232,0.4000000059604645
1668256,0.4000000059604645
1668288,0.4000000059604645
1668376,0.4000000059604645
1668408,0.4000000059604645
1668520,0.4000000059604645
1668656,0.4000000059604645
1669256,0.4000000059604645
1669360,0.4000000059604645
1669368,0.4000000059604645
1669632,0.4000000059604645
1669680,0.4000000059604645
1669880,0.4000000059604645
1669976,0.4000000059604645
1670104,0.4000000059604645
1670112,0.4000000059604645
1670640,0.4000000059604645
1670664,0.4000000059604645
1671256,0.4000000059604645
1671384,0.4000000059604645
1671448,0.4000000059604645
1671648,0.4000000059604645
1671672,0.4000000059604645
1672040,0.4000000059604645
1672072,0.4000000059604645
1672112,0.4000000059604645
1672168,0.4000000059604645
1672216,0.4000000059604645
1672224,0.4000000059604645
1672240,0.4000000059604645
1672256,0.4000000059604645
1672328,0.4000000059604645
1672584,0.4000000059604645
1672832,0.4000000059604645
1672840,0.4000000059604645
1673008,0.4000000059604645
1673064,0.4000000059604645
1673184,0.4000000059604645
1673352,0.4000000059604645
1673464,0.4000000059604645
1673664,0.4000000059604645
1674320,0.4000000059604645
1674512,0.4000000059604645
1675024,0.4000000059604645
1675064,0.4000000059604645
1675104,0.4000000059604645
1675464,0.4000000059604645
1675616,0.4000000059604645
1675664,0.4000000059604645
1675912,0.4000000059604645
1676296,0.4000000059604645
1676392,0.4000000059604645
1676408,0.4000000059604645
1676440,0.4000000059604645
1676808,0.4000000059604645
1677152,0.4000000059604645
1677392,0.4000000059604645
1677768,0.4000000059604645
1677896,0.4000000059604645
1677984,0.4000000059604645
1677992,0.4000000059604645
1678216,0.4000000059604645
1678272,0.4000000059604645
1678304,0.4000000059604645
1678336,0.4000000059604645
1678424,0.4000000059604645
1678600,0.4000000059604645
1678616,0.4000000059604645
1678624,0.4000000059604645
1678728,0.4000000059604645
1678904,0.4000000059604645
1678952,0.4000000059604645
1678976,0.4000000059604645
1678984,0.4000000059604645
1679000,0.4000000059604645
1679024,0.4000000059604645
1679192,0.4000000059604645
1679336,0.4000000059604645
1679456,0.4000000059604645
1679880,0.4000000059604645
1679888,0.4000000059604645
1679944,0.4000000059604645
1680000,0.4000000059604645
1680040,0.4000000059604645
1680088,0.4000000059604645
1680208,0.4000000059604645
1680776,0.4000000059604645
1680864,0.4000000059604645
1681048,0.4000000059604645
1681112,0.4000000059604645
1681272,0.4000000059604645
1681568,0.4000000059604645
1681624,0.4000000059604645
1681784,0.4000000059604645
1681832,0.4000000059604645
1682208,0.4000000059604645
1682880,0.4000000059604645
1682992,0.4000000059604645
1683064,0.4000000059604645
1683088,0.4000000059604645
1683224,0.4000000059604645
1683416,0.4000000059604645
1683584,0.4000000059604645
1683632,0.4000000059604645
1683688,0.4000000059604645
1684040,0.4000000059604645
1684088,0.4000000059604645
1684224,0.4000000059604645
1684480,0.4000000059604645
1685128,0.4000000059604645
1685208,0.4000000059604645
1685224,0.4000000059604645
1686024,0.4000000059604645
1686240,0.4000000059604645
1686296,0.4000000059604645
1686496,0.4000000059604645
1686648,0.4000000059604645
1686672,0.4000000059604645
1686808,0.4000000059604645
1686896,0.4000000059604645
1687016,0.4000000059604645
1687312,0.4000000059604645
1687904,0.4000000059604645
1688600,0.4000000059604645
1688680,0.4000000059604645
1688840,0.4000000059604645
1689016,0.4000000059604645
1689448,0.4000000059604645
1689760,0.4000000059604645
1689944,0.4000000059604645
1690048,0.4000000059604645
1690576,0.4000000059604645
1690712,0.4000000059604645
1690736,0.4000000059604645
1690744,0.4000000059604645
1690864,0.4000000059604645
1690936,0.4000000059604645
1691152,0.4000000059604645
1691192,0.4000000059604645
1691240,0.4000000059604645
1691248,0.4000000059604645
1691336,0.4000000059604645
1691392,0.4000000059604645
1691416,0.4000000059604645
1691464,0.4000000059604645
1691552,0.4000000059604645
1691920,0.4000000059604645
1692544,0.4000000059604645
1692552,0.4000000059604645
1692568,0.4000000059604645
1692824,0.4000000059604645
