step,value
944,7.237287998199463
1904,3.663865566253662
1904,1.9747898578643799
1904,2.1554622650146484
1904,3.0966386795043945
1904,3.8235294818878174
1904,5.705882549285889
1904,4.483193397521973
2856,1.7071130275726318
3816,3.765690326690674
3816,2.058577299118042
3816,3.4686193466186523
3816,2.0083682537078857
3816,4.259414196014404
3816,2.3054392337799072
3816,2.92887020111084
4768,3.1673641204833984
5728,1.7405858039855957
5728,7.35146427154541
5728,2.19665265083313
5728,3.765690326690674
5728,4.744770050048828
5728,3.012552261352539
5728,2.4853556156158447
6680,2.1464436054229736
7640,3.2845187187194824
7640,3.627614974975586
7640,3.5146443843841553
7640,2.686192512512207
7640,3.2259414196014404
7640,4.81589937210083
8592,2.313807487487793
9552,2.175732135772705
9552,3.686192512512207
9552,6.0
9552,5.602510452270508
9552,3.347280263900757
9552,5.397489547729492
10272,4.202464580535889
10504,3.5397489070892334
11464,3.6694560050964355
11464,5.046025276184082
11464,3.8912134170532227
11464,5.2970709800720215
11464,4.907949924468994
11464,3.430962324142456
12184,4.171547889709473
12416,2.916317939758301
13376,4.18410062789917
13376,4.811715602874756
13376,2.53556489944458
13376,1.698744773864746
13376,2.129707098007202
13376,3.313807487487793
14096,3.6778242588043213
14328,3.765690326690674
15152,5.194174766540527
15288,1.8744770288467407
15288,4.6694560050964355
15288,4.07112979888916
15288,2.594142198562622
15288,3.0753138065338135
15288,6.175732135772705
16008,3.104602575302124
16144,6.084112167358398
17064,1.7698744535446167
17200,2.384937286376953
17200,5.7740583419799805
17200,2.301255226135254
17200,4.640167236328125
17200,2.4811716079711914
17920,2.6903765201568604
18976,3.3305439949035645
19104,5.61081075668335
19112,5.167364120483398
19112,3.313807487487793
19112,2.916317939758301
19112,4.895397663116455
19112,3.73221755027771
19832,2.7615063190460205
20888,3.66108775138855
20992,5.517241477966309
21016,2.301255226135254
21024,4.025104522705078
21024,3.8912134170532227
21024,2.6820082664489746
21024,4.4602508544921875
21024,3.5062761306762695
22800,2.510460138320923
22904,1.9623430967330933
22928,2.8535563945770264
22936,5.364016532897949
22936,3.907949686050415
22936,5.64853572845459
22936,4.213388919830322
24680,5.03063440322876
24712,4.531380653381348
24816,2.3430962562561035
24840,4.435146331787109
24848,4.723849296569824
24848,2.5523011684417725
24848,4.108786582946777
24848,4.1464433670043945
26592,3.9456067085266113
26624,2.8870291709899902
26728,5.334728240966797
26752,7.158995628356934
26760,3.1338911056518555
26760,4.242677688598633
26760,5.514644145965576
26760,2.6569037437438965
27480,5.8510637283325195
28504,2.9456067085266113
28536,5.1464433670043945
28664,5.238493919372559
28672,7.740585803985596
28672,2.0753138065338135
28672,3.916317939758301
28672,3.1087865829467773
29392,4.518828392028809
30416,2.882845163345337
30448,4.6694560050964355
30576,3.8912134170532227
30584,3.7740585803985596
30584,3.0627615451812744
30584,3.418410062789917
30584,3.2050209045410156
31304,3.686192512512207
32328,3.974895477294922
32360,2.9832634925842285
32488,2.3221757411956787
32496,5.4602508544921875
32496,3.8075313568115234
32496,5.267782211303711
32496,3.2468619346618652
33216,2.9330544471740723
34240,3.138075351715088
34272,3.1882846355438232
34400,3.8117153644561768
34408,2.9707112312316895
34408,2.53556489944458
34408,4.514644145965576
34408,4.518828392028809
35128,5.267782211303711
36152,3.4811716079711914
36184,4.39330530166626
36312,5.200836658477783
36320,4.778242588043213
36320,3.556485414505005
36320,3.4602510929107666
36320,5.196652889251709
37040,4.619246959686279
38064,5.899581432342529
38096,4.435146331787109
38224,4.907949924468994
38232,4.066945552825928
38232,2.0
38232,5.418409824371338
38232,3.2719664573669434
38952,4.9707112312316895
39976,3.3096234798431396
40008,4.238493919372559
40136,3.5062761306762695
40144,4.083682060241699
40144,5.083682060241699
40144,4.263598442077637
40144,5.288702964782715
40384,5.3184356689453125
41888,2.3514645099639893
41920,4.7740583419799805
42048,3.9958159923553467
42056,4.895397663116455
42056,3.652719736099243
42056,2.489539861679077
42056,4.686192512512207
42296,2.7531380653381348
43800,3.987447738647461
43832,3.0627615451812744
43960,3.489539861679077
43968,2.3765690326690674
43968,3.510460138320923
43968,4.686192512512207
43968,3.8535563945770264
44208,2.1673641204833984
45712,4.062761306762695
45744,5.271966457366943
45872,3.0292887687683105
45880,3.07112979888916
45880,4.246861934661865
45880,3.543933153152466
45880,2.5774059295654297
46120,3.2468619346618652
47528,2.5511362552642822
47624,4.242677688598633
47656,2.405857801437378
47784,3.2175731658935547
47792,3.0
47792,3.451882839202881
47792,2.870292901992798
47792,4.259414196014404
49440,5.765690326690674
49536,7.167364120483398
49568,1.7447699308395386
49696,6.230125427246094
49704,5.732217788696289
49704,5.020920276641846
49704,5.364016532897949
49704,3.3179917335510254
51352,3.117154836654663
51448,2.301255226135254
51480,3.046025037765503
51608,3.280334711074829
51616,4.949790954589844
51616,3.8200836181640625
51616,2.615062713623047
51616,2.5523011684417725
53264,4.267782211303711
53360,2.3640167713165283
53392,2.359832525253296
53520,5.4937238693237305
53528,1.9037656784057617
53528,2.757322072982788
53528,5.405857563018799
53528,4.092050075531006
54528,2.9014084339141846
55176,1.7573221921920776
55272,3.6820082664489746
55432,3.7029287815093994
55440,4.255229949951172
55440,2.46443510055542
55440,3.1548116207122803
55440,3.4476988315582275
56440,4.163179874420166
57088,3.1924686431884766
57344,2.9456067085266113
57352,4.979079723358154
57352,2.7615063190460205
57352,5.64853572845459
57352,2.9330544471740723
58088,5.559659004211426
58352,4.686192512512207
59000,2.548117160797119
59256,3.7698745727539062
59264,2.497907876968384
59264,3.765690326690674
59264,3.6569037437438965
59264,6.234309673309326
60000,3.0753138065338135
60264,3.347280263900757
60912,3.987447738647461
61168,2.652719736099243
61176,4.5397491455078125
61176,3.652719736099243
61176,2.8786611557006836
61176,2.6569037437438965
61912,6.686192512512207
62176,3.6945607662200928
62824,4.782426834106445
63080,3.451882839202881
63088,2.0041840076446533
63088,4.719665050506592
63088,3.19665265083313
63088,3.2468619346618652
63824,4.033473014831543
64088,3.8535563945770264
64736,5.037656784057617
64992,7.171547889709473
65000,5.117154598236084
65000,3.5732216835021973
65000,5.790794849395752
65000,4.163179874420166
65736,5.732217788696289
66000,3.1589958667755127
66648,4.81589937210083
66904,5.230125427246094
66912,4.748953819274902
66912,4.895397663116455
66912,3.6443514823913574
66912,3.1799163818359375
67648,5.920502185821533
67912,5.020920276641846
68560,1.7531380653381348
68816,4.087866306304932
68824,5.9707112312316895
68824,3.0376570224761963
68824,5.899581432342529
68824,2.3096234798431396
69560,2.3221757411956787
69824,2.8117153644561768
70472,4.476987361907959
70728,2.092050313949585
70736,2.569037675857544
70736,2.3430962562561035
70736,3.4100418090820312
70736,4.7740583419799805
71472,2.5523011684417725
71736,3.916317939758301
72384,4.548117160797119
72640,3.1589958667755127
72648,2.489539861679077
72648,3.8284518718719482
72648,3.0753138065338135
72648,3.8075313568115234
73384,5.397489547729492
73648,4.95815896987915
74296,4.401673793792725
74552,2.707113027572632
74560,5.234309673309326
74560,4.57740592956543
74560,3.3891212940216064
74560,1.6066945791244507
75296,3.138075351715088
75560,4.209205150604248
76208,3.987447738647461
76464,2.80334734916687
76472,3.0543932914733887
76472,2.138075351715088
76472,2.920502185821533
76472,5.548117160797119
77472,3.953974962234497
78120,2.1338911056518555
78376,4.665271759033203
78384,6.841004371643066
78384,5.062761306762695
78384,3.8117153644561768
78384,3.80334734916687
78432,2.55867338180542
79176,4.915493011474609
80032,1.3640167713165283
80288,2.8912134170532227
80296,3.5146443843841553
80296,3.4225940704345703
80296,2.3514645099639893
80296,3.594142198562622
80344,3.8912134170532227
81088,3.6317992210388184
81416,5.261194229125977
81944,3.129707098007202
82200,4.707112789154053
82208,3.2845187187194824
82208,3.5774059295654297
82208,2.4686193466186523
82208,3.138075351715088
83000,4.882845401763916
83328,2.8786611557006836
83856,4.476987361907959
84112,3.418410062789917
84120,2.4686193466186523
84120,5.04184103012085
84120,1.7656903266906738
84120,4.761506080627441
84912,3.301255226135254
85240,3.138075351715088
85768,5.004184246063232
85768,3.822429895401001
86024,6.548117160797119
86032,1.9246861934661865
86032,3.6778242588043213
86032,2.301255226135254
86032,2.138075351715088
87152,2.150627613067627
87680,3.2719664573669434
87680,5.062761306762695
87936,2.6359832286834717
87944,4.740585803985596
87944,4.121338844299316
87944,3.280334711074829
87944,4.359832763671875
88976,7.7519378662109375
89064,2.5523011684417725
89592,4.2259416580200195
89592,4.602510452270508
89848,2.3221757411956787
89856,3.7991631031036377
89856,3.0669455528259277
90888,5.037656784057617
90976,6.221757411956787
91336,3.1863207817077637
91504,4.033473014831543
91504,4.924685955047607
91760,4.439330577850342
91768,4.832635879516602
91768,2.824267864227295
92800,4.81589937210083
92888,3.2510459423065186
93248,3.012552261352539
93416,2.719665288925171
93416,2.8870291709899902
93672,3.6192469596862793
93680,6.552301406860352
93680,2.142259359359741
94712,3.163179874420166
94800,4.711297035217285
95160,2.4267783164978027
95328,3.1004183292388916
95328,3.2845187187194824
95584,3.673640251159668
95592,2.497907876968384
95592,3.4811716079711914
96448,3.7962963581085205
96624,3.1924686431884766
96712,3.6234309673309326
97072,2.5523011684417725
97240,2.895397424697876
97240,5.1464433670043945
97504,3.953974962234497
97504,1.987447738647461
98360,3.7405858039855957
98536,3.6443514823913574
98624,1.9623430967330933
98984,2.4811716079711914
99152,1.7615063190460205
99152,2.719665288925171
99416,4.786611080169678
99416,4.435146331787109
100272,3.9121339321136475
100448,4.004184246063232
100536,5.020920276641846
100896,3.33891224861145
100928,4.054054260253906
101064,4.004184246063232
101328,2.3347280025482178
101328,4.811715602874756
102184,3.313807487487793
102360,2.765690326690674
102448,4.518828392028809
102808,4.276150703430176
102840,3.615062713623047
102976,2.4142260551452637
103240,3.8075313568115234
103240,9.100418090820312
103328,4.545454502105713
104096,4.397489547729492
104272,3.0627615451812744
104720,2.66108775138855
104752,4.271966457366943
104888,5.104602336883545
105152,3.0502092838287354
105152,4.481171607971191
105240,3.6192469596862793
106008,3.3221757411956787
106184,4.092050075531006
106632,4.602510452270508
106664,4.066945552825928
106800,2.5313806533813477
107064,3.234309673309326
107064,3.234309673309326
107152,4.096234321594238
107920,4.711297035217285
108096,3.4142260551452637
108544,4.476987361907959
108576,4.058577537536621
108712,2.8870291709899902
108976,3.489539861679077
108976,3.5857739448547363
109064,1.983263611793518
109456,8.114034652709961
109832,4.46443510055542
109832,4.112149715423584
110008,2.92887020111084
110488,4.188284397125244
110624,4.456067085266113
110888,3.288702964782715
110976,2.502092123031616
111368,2.9916317462921143
111744,2.5732216835021973
111744,3.6694560050964355
111920,4.221757411956787
112400,5.150627613067627
112536,5.949790954589844
112800,3.5983264446258545
112888,5.6108784675598145
113280,1.9246861934661865
113656,4.974895477294922
113656,2.698744773864746
113832,5.619246959686279
114312,4.288702964782715
114448,4.615062713623047
114712,2.9456067085266113
114800,3.4142260551452637
115192,4.050209045410156
115568,4.497908115386963
115568,4.18410062789917
115744,3.9581589698791504
116224,2.476987361907959
116360,4.811715602874756
116624,3.7866108417510986
116712,4.435146331787109
117104,6.3305439949035645
117480,3.6778242588043213
117480,2.8912134170532227
117656,5.803347110748291
118136,4.581590175628662
118272,2.920502185821533
118536,3.2301254272460938
118624,4.476987361907959
119016,4.35146427154541
119392,3.8912134170532227
119392,3.092050313949585
119568,3.242677927017212
120048,5.046025276184082
120184,4.6778244972229
120312,4.7207207679748535
120536,4.435146331787109
120928,1.9288703203201294
121304,4.251046180725098
121304,3.987447738647461
121384,3.8490567207336426
121960,3.4811716079711914
122096,3.7364015579223633
122224,6.384937286376953
122440,2.38997220993042
122840,3.4100418090820312
123216,4.728033542633057
123216,3.9958159923553467
123296,2.3514645099639893
123872,5.560669422149658
124008,2.824267864227295
124136,3.7824268341064453
124352,1.8702929019927979
124752,2.698744773864746
125128,4.468619346618652
125128,5.652719497680664
125208,4.85774040222168
125784,4.230125427246094
125920,3.418410062789917
126048,2.602510452270508
126264,3.6903765201568604
126664,2.719665288925171
127040,4.050209045410156
127040,4.288702964782715
127120,3.652719736099243
127136,8.639053344726562
127832,3.2719664573669434
127960,8.656904220581055
128176,2.4686193466186523
128576,2.5313806533813477
128952,3.0041840076446533
128952,4.0167365074157715
129032,5.2970709800720215
129048,5.46443510055542
129744,3.6317992210388184
129872,5.581590175628662
130088,3.2635984420776367
130488,4.267782211303711
130864,3.6778242588043213
130864,2.2970712184906006
130944,4.39330530166626
130960,2.5062761306762695
131656,2.9456067085266113
131784,3.556485414505005
132000,2.8661088943481445
132400,3.2259414196014404
132776,5.292887210845947
132776,3.3096234798431396
132856,4.564853668212891
132872,3.9958159923553467
133568,3.0962343215942383
133696,5.3891215324401855
133912,6.326359748840332
134312,2.836820125579834
134688,2.916317939758301
134688,2.719665288925171
134768,3.209204912185669
134784,4.255229949951172
135480,5.033473014831543
135608,4.096234321594238
135824,2.861924648284912
136224,3.4225940704345703
136600,4.100418567657471
136600,2.849372386932373
136680,4.941422462463379
136696,3.142259359359741
137392,3.8075313568115234
137520,2.221757411956787
137736,2.615062713623047
138136,3.6694560050964355
138512,4.497908115386963
138512,5.523012638092041
138592,2.615062713623047
138608,3.025104522705078
139304,4.451882839202881
139432,5.167364120483398
139648,3.46443510055542
140048,4.14225959777832
140424,2.7364015579223633
140424,4.104602336883545
140504,2.1673641204833984
140520,2.7740585803985596
141216,4.205020904541016
141344,4.121338844299316
141560,3.083682060241699
141960,2.824267864227295
142336,3.0083682537078857
142336,1.401673674583435
142416,4.723849296569824
142432,3.8870291709899902
143128,4.644351482391357
143256,2.594142198562622
143472,2.7280335426330566
143872,4.769874572753906
144248,4.497908115386963
144248,4.895397663116455
144328,2.4811716079711914
144344,7.380753040313721
145040,4.786611080169678
145168,2.861924648284912
145384,3.8284518718719482
145784,5.531380653381348
146160,3.079497814178467
146160,2.652719736099243
146240,3.849372386932373
146256,3.6443514823913574
146952,6.313807487487793
147080,5.255229949951172
147296,3.138075351715088
147696,3.556485414505005
148072,2.92887020111084
148072,2.92887020111084
148152,2.916317939758301
148168,4.7029290199279785
148736,5.222222328186035
148864,5.4602508544921875
148992,3.242677927017212
149608,2.5732216835021973
149624,6.263157844543457
149984,3.723849296569824
149984,3.9958159923553467
150064,3.439330577850342
150080,4.18410062789917
150648,3.1338911056518555
150904,3.163179874420166
151520,2.4267783164978027
151536,4.012552261352539
151896,3.5899581909179688
151896,2.476987361907959
151976,2.916317939758301
151992,3.3054392337799072
152560,4.627614974975586
152816,1.9414225816726685
153432,3.974895477294922
153448,3.117154836654663
153808,5.698744773864746
153808,4.560669422149658
153888,4.3221755027771
153904,5.0
154472,2.719665288925171
154728,2.979079484939575
155344,3.117154836654663
155360,3.138075351715088
155720,2.92887020111084
155720,2.2594141960144043
155800,3.083682060241699
155816,3.2719664573669434
156384,6.108786582946777
156640,2.292886972427368
157256,4.0167365074157715
157272,3.92887020111084
157632,4.083682060241699
157632,4.058577537536621
157712,3.2259414196014404
157728,3.3765690326690674
158296,3.7615063190460205
158552,5.368200778961182
159168,3.581589937210083
159184,4.39330530166626
159544,5.079497814178467
159544,3.686192512512207
159624,4.698744773864746
159640,2.9456067085266113
160208,4.518828392028809
160464,2.2008368968963623
161080,4.60669469833374
161096,3.6652719974517822
161456,3.8912134170532227
161456,4.518828392028809
161536,2.8912134170532227
161552,2.510460138320923
162120,4.263598442077637
162376,2.497907876968384
162992,2.719665288925171
163008,2.6778242588043213
163368,2.7531380653381348
163368,4.497908115386963
163448,3.372385025024414
163464,5.271966457366943
163848,4.2056074142456055
164032,3.1924686431884766
164288,2.4728033542633057
164920,7.138075351715088
165280,4.769874572753906
165280,2.292886972427368
165360,4.1338911056518555
165376,4.0167365074157715
165760,3.0878660678863525
165944,4.18410062789917
166032,5.308510780334473
166192,6.235294342041016
166200,4.058577537536621
166832,3.8075313568115234
167272,2.6694560050964355
167672,2.7824268341064453
167856,3.26778244972229
167944,4.899581432342529
168104,5.178470134735107
168104,3.765690326690674
168744,3.1087865829467773
169160,3.72702693939209
169184,4.3765692710876465
169584,2.2594141960144043
169768,3.3430962562561035
169856,2.5062761306762695
170016,3.8075313568115234
170016,3.8200836181640625
170656,1.9456067085266113
171072,2.510460138320923
171096,4.895397663116455
171496,3.3891212940216064
171680,3.849372386932373
171768,2.8451883792877197
171928,2.4686193466186523
171928,3.301255226135254
172568,3.502092123031616
172984,3.7280335426330566
173008,3.3891212940216064
173592,6.589958190917969
173680,4.6694560050964355
173840,2.824267864227295
173840,5.234309673309326
174480,5.594142436981201
174896,4.903765678405762
174920,3.234309673309326
175216,4.933333396911621
175504,3.4728033542633057
175592,4.033473014831543
175752,6.5397491455078125
175752,5.0
176392,2.384937286376953
176808,5.200836658477783
176832,3.326359748840332
177128,3.301255226135254
177416,5.6903767585754395
177504,2.3640167713165283
177664,3.861924648284912
177664,4.163179874420166
178304,4.85774040222168
178720,3.6569037437438965
178744,3.1129708290100098
179040,3.2635984420776367
179328,3.6820082664489746
179416,3.6485354900360107
179576,3.2594141960144043
179576,3.326359748840332
180200,2.956756830215454
180216,3.7991631031036377
180656,2.5397489070892334
180952,4.790794849395752
181240,5.744770050048828
181328,3.0669455528259277
181488,4.552301406860352
181488,2.301255226135254
182112,2.175732135772705
182128,3.6192469596862793
182568,3.6192469596862793
182864,3.476987361907959
183152,4.711297035217285
183240,3.092050313949585
183400,2.895397424697876
183400,3.4267783164978027
184024,3.476987361907959
184040,6.527196884155273
184480,4.728033542633057
185064,5.301255226135254
185152,2.8451883792877197
185312,5.380753040313721
185312,6.589958190917969
185936,2.4267783164978027
185952,2.255230188369751
186128,3.9901959896087646
186392,3.849372386932373
186976,4.096234321594238
187064,3.3891212940216064
187224,3.560669422149658
187224,4.326359748840332
187848,3.497907876968384
187864,5.397489547729492
188040,5.167364120483398
188304,4.058577537536621
188976,2.6903765201568604
189136,5.096234321594238
189136,3.5983264446258545
189760,4.518828392028809
189776,4.305439472198486
189952,4.481171607971191
189960,3.5710456371307373
190216,2.8535563945770264
190888,3.4937238693237305
191048,3.347280263900757
191048,4.916317939758301
191672,4.075314044952393
191688,5.359832763671875
191864,2.707113027572632
191872,2.5523011684417725
192128,4.443514823913574
192440,5.265957355499268
192800,5.8661088943481445
192960,5.11297082901001
192960,2.6652719974517822
193584,4.644351482391357
193776,3.765690326690674
193784,2.384937286376953
194352,5.209205150604248
194712,3.5397489070892334
194872,4.129707336425781
194872,4.39330530166626
195296,4.563131332397461
195496,3.8912134170532227
195688,2.861924648284912
195696,4.581590175628662
196264,3.3347280025482178
196624,3.3682007789611816
196784,2.3430962562561035
196784,4.083682060241699
197208,4.8661088943481445
197408,4.355648517608643
197600,3.1799163818359375
197608,2.4728033542633057
198176,3.0962343215942383
198536,3.0418410301208496
198696,3.7615063190460205
198696,3.5983264446258545
199120,2.1464436054229736
199320,3.489539861679077
199512,4.832635879516602
199520,2.497907876968384
200088,4.715481281280518
200448,4.443514823913574
200608,6.347280502319336
200608,4.665271759033203
201032,3.548117160797119
201232,2.73221755027771
201424,5.0292887687683105
201432,3.6359832286834717
202000,5.196652889251709
202520,2.8200836181640625
202520,2.719665288925171
202944,4.200836658477783
203144,1.9539748430252075
203336,3.7405858039855957
203344,3.2301254272460938
203624,4.861461162567139
203912,4.6694560050964355
204432,5.1338911056518555
204432,3.0376570224761963
204856,3.058577299118042
205056,4.8661088943481445
205248,4.418409824371338
205256,4.234309673309326
205536,3.974895477294922
205824,3.4728033542633057
206344,3.6694560050964355
206344,4.882845401763916
206768,2.4267783164978027
206968,7.238493919372559
207160,2.443514585494995
207168,2.2384936809539795
207448,3.556485414505005
207736,2.6485354900360107
208256,2.8535563945770264
208256,3.1004183292388916
208680,4.874476909637451
208880,2.9707112312316895
209072,4.100418567657471
209080,2.0753138065338135
209360,4.811715602874756
209648,4.769874572753906
210168,5.753138065338135
210168,2.510460138320923
210592,2.8995816707611084
210792,4.39330530166626
210984,2.397489547729492
210992,5.033473014831543
211272,3.3054392337799072
211560,2.5732216835021973
212080,3.2301254272460938
212080,5.125523090362549
212504,2.1464436054229736
212704,2.8912134170532227
212896,3.301255226135254
212904,2.092050313949585
213184,3.347280263900757
213472,4.832635879516602
213992,4.4602508544921875
213992,2.686192512512207
214416,4.811715602874756
214616,4.426778316497803
214808,3.9581589698791504
214816,4.682008266448975
215096,2.707113027572632
215296,4.136363506317139
215384,3.6820082664489746
215904,4.640167236328125
216528,2.0
216720,3.824267864227295
216728,3.744769811630249
216952,4.494594573974609
217008,3.920502185821533
217208,3.849372386932373
217296,3.640167474746704
217816,3.8870291709899902
218440,3.276150703430176
218632,5.230125427246094
218640,3.129707098007202
218864,4.476987361907959
218920,7.552301406860352
219120,4.556485176086426
219208,6.255229949951172
219728,2.292886972427368
220320,3.4000000953674316
220352,3.8284518718719482
220544,2.7615063190460205
220552,2.857740640640259
220776,4.3096232414245605
220832,4.845188140869141
221120,4.205020904541016
221640,4.083682060241699
222232,2.6778242588043213
222264,3.184100389480591
222456,6.167364120483398
222464,2.280334711074829
222688,5.485355854034424
222744,4.263598442077637
223032,4.317991733551025
223552,2.719665288925171
224144,4.769874572753906
224176,3.6652719974517822
224368,3.0962343215942383
224376,3.502092123031616
224600,4.263598442077637
224656,2.8912134170532227
224944,2.0753138065338135
225464,4.518828392028809
225544,3.595890522003174
226056,5.443514823913574
226088,5.472803115844727
226512,4.0
226568,4.937238693237305
226856,4.079497814178467
227320,4.4146342277526855
227376,4.209205150604248
227456,2.6485354900360107
227968,5.083682060241699
228000,3.711297035217285
228424,2.907949686050415
228480,2.3765690326690674
228768,4.100418567657471
229232,2.3179917335510254
229288,3.104602575302124
229368,2.5188283920288086
229880,2.698744773864746
229912,4.46443510055542
230336,4.246861934661865
230392,2.280334711074829
230680,4.117154598236084
231144,3.3305439949035645
231200,5.372385025024414
231280,2.502092123031616
231792,2.719665288925171
231824,5.439330577850342
231992,5.943396091461182
232248,6.025104522705078
232304,5.092050075531006
232592,4.196652889251709
233112,5.271966457366943
233192,4.238493919372559
233704,3.46443510055542
233736,3.46443510055542
233904,7.276150703430176
233960,6.041666507720947
234160,2.966527223587036
234216,2.0627615451812744
234504,5.753138065338135
235024,3.3221757411956787
235616,2.3514645099639893
235648,2.6359832286834717
235816,2.594142198562622
235872,7.150627613067627
236072,3.711297035217285
236128,5.397489547729492
236416,2.3640167713165283
236936,5.569037437438965
237528,2.9497907161712646
237560,3.439330577850342
237728,5.627614974975586
237784,7.117154598236084
237984,4.644351482391357
238040,5.230125427246094
238328,2.882845163345337
238848,6.334728240966797
239440,2.184100389480591
239472,3.439330577850342
239640,5.230125427246094
239696,4.497908115386963
239896,4.242677688598633
239952,3.857740640640259
240240,6.129707336425781
240760,5.3305439949035645
241352,4.213388919830322
241384,4.485355854034424
241552,4.087866306304932
241608,4.108786582946777
241808,4.2970709800720215
241864,4.481171607971191
242152,2.510460138320923
242672,4.0292887687683105
243264,4.602510452270508
243296,5.046025276184082
243464,3.2845187187194824
243520,4.832635879516602
243720,4.811715602874756
243776,5.744770050048828
244064,4.39330530166626
244584,4.121338844299316
245176,2.280334711074829
245208,3.6820082664489746
245376,6.941422462463379
245432,2.7615063190460205
245632,5.719665050506592
245688,6.046025276184082
245976,2.8870291709899902
246496,3.9037656784057617
247088,3.5648536682128906
247120,3.2510459423065186
247288,4.744770050048828
247344,2.9246861934661865
247544,4.6694560050964355
247600,3.0376570224761963
247888,3.2133891582489014
248408,4.715481281280518
249000,2.6694560050964355
249032,2.1548116207122803
249200,4.020920276641846
249256,3.5146443843841553
249456,2.7405858039855957
249512,3.778242588043213
249800,4.937238693237305
250320,11.066946029663086
250912,3.280334711074829
250944,2.6945607662200928
251112,2.058577299118042
251168,5.271966457366943
251368,6.033473014831543
251424,6.054393291473389
251712,2.3221757411956787
252232,4.288702964782715
252824,4.836820125579834
252856,3.125523090362549
253024,2.594142198562622
253080,4.158995628356934
253280,2.372385025024414
253336,2.4811716079711914
253624,5.497908115386963
253968,5.495495319366455
254144,6.995815753936768
254736,3.9623429775238037
254768,4.100418567657471
254936,4.3221755027771
255192,4.3096232414245605
255248,5.753138065338135
255536,3.1464436054229736
255880,3.4267783164978027
256056,6.527196884155273
256648,4.85774040222168
256680,3.2384936809539795
256848,4.246861934661865
257104,3.3054392337799072
257160,3.0962343215942383
257448,3.451882839202881
257792,5.150627613067627
257968,2.953974962234497
258560,3.5146443843841553
258592,3.974895477294922
258760,4.661087989807129
259016,3.2301254272460938
259072,3.857740640640259
259360,3.707113027572632
259704,5.5062761306762695
259880,2.4267783164978027
260472,5.953974723815918
260504,2.581589937210083
260672,3.5146443843841553
260928,2.2635984420776367
260984,2.765690326690674
261272,3.4100418090820312
261616,2.288702964782715
261792,3.489539861679077
262384,3.7824268341064453
262416,3.4853556156158447
262584,2.1589958667755127
262840,2.92887020111084
262896,2.6820082664489746
263176,4.131313323974609
263184,3.6485354900360107
263528,5.230125427246094
263592,3.066666603088379
264328,3.2845187187194824
264496,2.280334711074829
264752,4.841004371643066
264808,2.3682007789611816
265088,2.9372384548187256
265096,7.761506080627441
265440,3.5774059295654297
265504,4.372385025024414
266216,3.921428680419922
266240,4.284518718719482
266408,4.916317939758301
266664,4.138075351715088
266720,4.497908115386963
267000,4.602510452270508
267136,4.765217304229736
267352,3.0083682537078857
267416,3.4853556156158447
268152,2.824267864227295
268320,6.631799221038818
268576,3.9037656784057617
268632,5.468619346618652
268912,4.251046180725098
269048,3.3640167713165283
269264,2.652719736099243
269328,4.200836658477783
269448,2.8439717292785645
269768,3.6644294261932373
270064,1.8953975439071655
270544,3.9456067085266113
270824,2.4686193466186523
270960,3.815899610519409
271176,2.313807487487793
271240,4.481171607971191
271360,2.719665288925171
271680,2.698744773864746
271976,3.4728033542633057
272456,3.46443510055542
272736,5.020920276641846
272872,3.0753138065338135
273088,2.7029287815093994
273152,3.8075313568115234
273272,3.5146443843841553
273888,1.7071130275726318
274320,3.581818103790283
274368,3.7154812812805176
274784,4.1799163818359375
275000,4.230125427246094
275064,4.3096232414245605
275184,3.4686193466186523
275800,4.497908115386963
275992,5.228501319885254
276232,3.372385025024414
276280,5.192468643188477
276696,4.439330577850342
276912,2.9958159923553467
276976,3.0669455528259277
277096,4.2259416580200195
277712,2.359832525253296
277904,2.510460138320923
278144,3.1213388442993164
278192,3.7866108417510986
278608,2.510460138320923
278824,2.393305540084839
278888,4.661087989807129
279008,3.7489540576934814
279624,3.6443514823913574
279816,3.5146443843841553
280056,4.251046180725098
280520,4.401673793792725
280736,2.8451883792877197
280800,5.502091884613037
280920,6.025104522705078
281120,5.849726676940918
281536,2.19665265083313
281728,2.757322072982788
281968,6.514644145965576
282432,2.92887020111084
282648,3.627614974975586
282712,5.723849296569824
282832,3.907949686050415
283032,2.5397489070892334
283448,4.372385025024414
283640,4.811715602874756
283880,4.6569037437438965
284344,2.125523090362549
284560,4.0292887687683105
284624,3.2468619346618652
284744,4.686192512512207
284944,3.8284518718719482
285008,2.914893627166748
285360,3.66108775138855
285552,4.451882839202881
286256,2.640167474746704
286472,3.8661088943481445
286536,2.778242588043213
286656,2.2970712184906006
286856,1.9037656784057617
286920,2.19665265083313
287272,2.142259359359741
287464,2.9037656784057617
288168,2.2594141960144043
288384,2.652719736099243
288448,4.175732135772705
288768,2.6778242588043213
288832,4.07112979888916
289184,7.803347110748291
289320,5.4354352951049805
289376,3.221757411956787
289520,4.253520965576172
290080,1.8033472299575806
290360,4.920502185821533
290680,4.096234321594238
290744,5.9707112312316895
291096,4.426778316497803
291232,4.221757411956787
291288,1.9205020666122437
291432,2.744769811630249
291992,4.100418567657471
292272,2.8870291709899902
292592,2.4476988315582275
292656,5.200836658477783
293008,4.276150703430176
293144,3.711297035217285
293200,2.2594141960144043
293344,5.062761306762695
293424,6.5625
293904,2.711297035217285
294504,6.066945552825928
294568,3.1129708290100098
294920,4.405857563018799
295056,4.732217788696289
295112,5.242677688598633
295256,3.1799163818359375
295336,3.083682060241699
295816,2.8870291709899902
296416,4.205020904541016
296480,4.769874572753906
296832,2.6945607662200928
296968,3.6778242588043213
297024,5.020920276641846
297168,2.594142198562622
297248,3.523012638092041
297728,4.46443510055542
298328,3.138075351715088
298392,2.221757411956787
298744,2.92887020111084
298880,5.083682060241699
298936,4.372385025024414
299080,4.14225959777832
299160,2.313807487487793
299424,3.7971699237823486
300240,5.0
300304,2.0
300656,3.163179874420166
300792,5.85774040222168
300848,4.682008266448975
300992,2.301255226135254
301072,3.8451883792877197
301336,4.882845401763916
302152,4.2259416580200195
302216,1.7740585803985596
302568,5.280334949493408
302704,5.794979095458984
302760,4.313807487487793
302904,2.9832634925842285
302984,4.364016532897949
303248,2.707113027572632
303424,8.0
304064,6.121338844299316
304480,4.3221755027771
304616,3.138075351715088
304672,2.80334734916687
304816,4.602510452270508
304896,6.251046180725098
305160,2.907949686050415
305336,5.594142436981201
305976,4.560669422149658
306392,5.589958190917969
306528,3.953974962234497
306584,2.3096234798431396
306728,1.1841003894805908
306808,4.560669422149658
307072,6.317991733551025
307248,4.707112789154053
307888,2.7489540576934814
308304,6.1338911056518555
308440,2.874476909637451
308496,2.7405858039855957
308640,6.2970709800720215
308720,2.8410041332244873
308984,4.276150703430176
309160,5.88702917098999
309800,2.1715481281280518
310216,2.4811716079711914
310352,4.012552261352539
310408,4.3765692710876465
310552,4.723849296569824
310632,3.3765690326690674
310896,5.121338844299316
311072,3.3305439949035645
311712,4.585773944854736
312128,3.7991631031036377
312264,1.8117154836654663
312320,3.543933153152466
312464,3.8912134170532227
312544,3.3430962562561035
312808,4.891213417053223
312984,4.025104522705078
313624,3.2594141960144043
314040,2.8912134170532227
314176,3.2008368968963623
314232,6.171547889709473
314376,3.0878660678863525
314456,4.008368015289307
314896,2.6569037437438965
315392,6.185758590698242
315536,5.255229949951172
315952,4.832635879516602
316088,3.510460138320923
316144,4.602510452270508
316288,3.2384936809539795
316808,4.058577537536621
317304,2.2970712184906006
317448,3.7154812812805176
317864,5.439330577850342
318000,3.9246861934661865
318056,4.711297035217285
318096,3.200000047683716
318200,1.9330544471740723
318720,3.4686193466186523
319216,6.334728240966797
319360,3.1213388442993164
319776,3.870292901992798
319912,4.439330577850342
319968,4.757322311401367
320008,4.8200836181640625
320112,2.3096234798431396
320632,3.2719664573669434
321128,4.117154598236084
321272,3.2635984420776367
321688,4.8535566329956055
321824,2.673640251159668
321872,3.909090995788574
321880,2.594142198562622
321920,3.301255226135254
322544,3.347280263900757
323040,4.874476909637451
323184,3.3221757411956787
323600,2.510460138320923
323736,3.1799163818359375
323784,5.95815896987915
323792,5.502091884613037
323832,3.301255226135254
324456,2.301255226135254
324952,4.548117160797119
325096,5.104602336883545
325512,5.502091884613037
325648,4.288702964782715
325696,3.083682060241699
325704,4.11297082901001
325744,5.292887210845947
326368,4.251046180725098
327008,6.317991733551025
327424,3.104602575302124
327560,7.150627613067627
327608,2.3556485176086426
327616,3.673640251159668
327656,4.200836658477783
327824,5.44846773147583
328280,2.7615063190460205
328920,4.196652889251709
329336,7.046025276184082
329472,4.769874572753906
329520,4.6234307289123535
329528,2.7029287815093994
329568,6.025104522705078
329736,5.0
330192,6.025104522705078
330192,4.579439163208008
330832,4.686192512512207
331384,3.849372386932373
331432,3.280334711074829
331440,3.0962343215942383
331480,4.18410062789917
331648,4.054393291473389
332104,2.9707112312316895
332104,2.66108775138855
332744,3.0
333296,3.384937286376953
333344,3.175732135772705
333352,4.686192512512207
333392,2.4267783164978027
333560,3.058577299118042
334016,3.0543932914733887
334016,6.694560527801514
334656,5.104602336883545
335208,4.6778244972229
335256,5.418409824371338
335264,5.355648517608643
335304,2.4142260551452637
335472,5.020920276641846
335928,4.18410062789917
335928,3.6652719974517822
336568,3.033472776412964
337120,2.489539861679077
337168,3.602510452270508
337176,2.4811716079711914
337216,2.8661088943481445
337384,4.230125427246094
337840,3.652719736099243
337840,3.8912134170532227
338480,2.6903765201568604
339032,3.9623429775238037
339080,2.3096234798431396
339088,4.39330530166626
339128,3.66108775138855
339296,3.456066846847534
339752,4.602510452270508
339752,4.288702964782715
340272,3.622950792312622
340392,4.786611080169678
340944,4.811715602874756
340992,2.7364015579223633
341000,2.543933153152466
341040,3.439330577850342
341664,3.138075351715088
341664,2.4686193466186523
342184,4.39330530166626
342304,5.280334949493408
342856,3.2970712184906006
342904,3.288702964782715
342912,2.175732135772705
342952,6.129707336425781
343576,2.1087865829467773
343576,4.811715602874756
344096,4.665271759033203
344216,5.062761306762695
344768,2.6569037437438965
344816,3.6569037437438965
344864,2.1129708290100098
345488,1.7782427072525024
345488,2.8870291709899902
346008,5.451882839202881
346128,4.430962562561035
346400,4.559633255004883
346680,3.9330544471740723
346728,3.0962343215942383
346776,3.6945607662200928
346800,5.565656661987305
347400,2.1087865829467773
347400,4.288702964782715
348040,3.8535563945770264
348312,3.2970712184906006
348592,2.117154836654663
348640,4.615062713623047
348688,4.426778316497803
348712,2.7029287815093994
349312,5.397489547729492
349312,3.3347280025482178
349952,2.707113027572632
350224,2.987447738647461
350504,3.2468619346618652
350552,3.372385025024414
350600,4.04184103012085
350624,2.6778242588043213
351224,4.832635879516602
351224,4.686192512512207
351320,4.313725471496582
351864,3.497907876968384
352136,2.53556489944458
352464,4.347280502319336
352512,2.92887020111084
352536,1.7740585803985596
353136,2.7615063190460205
353136,4.451882839202881
353232,3.033472776412964
353776,6.569037437438965
354048,3.5983264446258545
354376,3.1004183292388916
354424,5.188284397125244
354448,2.9246861934661865
355048,3.9246861934661865
355048,2.292886972427368
355144,8.192468643188477
355688,5.326359748840332
355960,3.7154812812805176
356336,3.0083682537078857
356360,3.882845163345337
356960,2.615062713623047
356960,3.079497814178467
357056,2.673640251159668
357504,6.5319695472717285
357600,4.18410062789917
357872,2.920502185821533
358248,3.7866108417510986
358272,2.5732216835021973
358872,2.548117160797119
358872,4.39330530166626
358968,2.824267864227295
359416,3.870292901992798
359512,4.811715602874756
359784,2.824267864227295
360160,5.85774040222168
360184,2.719665288925171
360784,3.2594141960144043
360784,3.9330544471740723
360880,1.7405858039855957
361328,4.443514823913574
361424,2.5062761306762695
361696,3.33891224861145
362072,5.020920276641846
362096,3.104602575302124
362696,2.0962343215942383
362696,5.5062761306762695
362792,3.0753138065338135
363240,3.313807487487793
363336,2.497907876968384
363608,2.594142198562622
363984,2.6652719974517822
364008,3.543933153152466
364608,3.8786611557006836
364608,4.811715602874756
364704,4.414226055145264
365152,3.234309673309326
365248,1.983263611793518
365520,4.615062713623047
365896,3.861924648284912
365920,2.0878660678863525
366520,4.8535566329956055
366520,3.66108775138855
366616,5.916317939758301
367064,3.6820082664489746
367160,5.85774040222168
367432,1.7071130275726318
367808,5.380753040313721
367832,3.4351463317871094
368432,2.6694560050964355
368432,3.242677927017212
368528,2.33891224861145
368976,4.267782211303711
369072,4.3096232414245605
369344,3.1589958667755127
369720,3.5774059295654297
369744,5.117154598236084
370344,3.4142260551452637
370344,4.627614974975586
370440,3.3430962562561035
370888,6.305439472198486
370984,4.7740583419799805
371256,1.9748953580856323
371632,4.42259407043457
371656,6.192468643188477
372256,3.2510459423065186
372256,4.497908115386963
372352,3.117154836654663
372800,4.046025276184082
372896,5.263598442077637
373168,3.430962324142456
373544,3.0962343215942383
373568,2.6359832286834717
374168,3.652719736099243
374168,5.263598442077637
374264,4.790794849395752
374712,4.35146427154541
374808,2.7615063190460205
375080,2.2594141960144043
375456,5.087866306304932
375480,2.7824268341064453
376080,3.276150703430176
376080,3.456066846847534
376176,4.42259407043457
376624,5.125523090362549
376720,2.301255226135254
376992,3.1548116207122803
377368,4.665271759033203
377952,4.553398132324219
377992,6.799163341522217
377992,2.9497907161712646
378088,3.6485354900360107
378536,2.80334734916687
378632,5.230125427246094
378904,4.581590175628662
379280,3.4100418090820312
379864,2.523012638092041
379904,3.9330544471740723
379904,6.736401557922363
380000,3.489539861679077
380120,4.761904716491699
380448,3.2301254272460938
380544,3.1799163818359375
380816,3.673640251159668
381776,2.941422700881958
381816,4.18410062789917
381816,4.765690326690674
381912,1.5774058103561401
382032,4.979079723358154
382360,3.510460138320923
382456,3.6820082664489746
382728,5.020920276641846
383688,2.175732135772705
383728,5.3430962562561035
383728,4.916317939758301
383824,2.502092123031616
383944,2.7029287815093994
384272,3.548117160797119
384368,6.46443510055542
384640,4.644351482391357
385600,3.326359748840332
385640,4.39330530166626
385640,4.426778316497803
385736,4.18410062789917
385856,3.6443514823913574
386184,4.150627613067627
386280,4.527196884155273
386552,4.849372386932373
387512,4.213388919830322
387552,3.0753138065338135
387552,1.8075313568115234
387648,2.569037675857544
387768,2.9497907161712646
388096,2.4100418090820312
388192,5.167364120483398
388464,3.3054392337799072
389424,3.3221757411956787
389464,2.523012638092041
389464,5.7740583419799805
389560,3.974895477294922
389680,2.1338911056518555
390008,5.9832634925842285
390104,4.355648517608643
390376,3.7405858039855957
391336,2.2970712184906006
391376,4.661087989807129
391376,3.9330544471740723
391472,5.9832634925842285
391592,2.8535563945770264
391920,3.615062713623047
392016,4.35146427154541
392288,3.1589958667755127
393248,2.3430962562561035
393288,4.033473014831543
393288,3.6317992210388184
393384,3.8326358795166016
393504,4.3096232414245605
393832,2.4476988315582275
393928,3.640167474746704
394200,4.602510452270508
395160,2.8075313568115234
395200,4.255229949951172
395200,5.033473014831543
395296,5.489539623260498
395416,5.368200778961182
395840,3.849372386932373
396000,4.391143798828125
396112,4.3096232414245605
397072,4.46443510055542
397112,4.841004371643066
397112,5.125523090362549
397208,3.836820125579834
397328,3.276150703430176
397752,3.686192512512207
397912,2.5523011684417725
398024,4.397489547729492
398984,2.8326358795166016
399024,5.472803115844727
399024,3.4100418090820312
399120,2.5857739448547363
399240,2.7405858039855957
399664,2.19665265083313
399824,2.8661088943481445
399936,1.7364016771316528
400896,2.502092123031616
400936,4.497908115386963
400936,3.9330544471740723
401032,3.6192469596862793
401152,1.7405858039855957
401576,3.7698745727539062
401848,4.267782211303711
402808,2.5732216835021973
402848,4.439330577850342
402848,4.188284397125244
402944,3.3221757411956787
403064,3.640167474746704
403488,6.757322311401367
403760,2.907949686050415
404152,3.8780035972595215
404720,2.2594141960144043
404760,3.920502185821533
404760,4.732217788696289
404856,5.271966457366943
404976,3.3682007789611816
405400,3.2635984420776367
405672,3.6317992210388184
406064,2.2594141960144043
406632,2.5732216835021973
406672,3.129707098007202
406672,2.673640251159668
406768,3.987447738647461
406888,2.117154836654663
407312,1.8995815515518188
407584,4.686192512512207
407816,5.094594478607178
407976,3.556485414505005
408584,3.1548116207122803
408584,4.786611080169678
408680,3.9456067085266113
408800,2.1004183292388916
409224,4.786611080169678
409496,1.5899581909179688
409728,3.870292901992798
409888,2.0962343215942383
409952,4.96855354309082
410496,3.347280263900757
410496,2.163179874420166
410712,5.192468643188477
411136,3.347280263900757
411408,2.476987361907959
411640,3.6485354900360107
411800,4.192468643188477
411864,2.9916317462921143
412408,2.53556489944458
412408,2.6359832286834717
412624,3.602510452270508
413048,6.359832763671875
413320,4.217573165893555
413712,3.2301254272460938
413776,5.635983467102051
414320,4.104602336883545
414320,3.836820125579834
414536,4.1464433670043945
414624,2.6487934589385986
414960,3.221757411956787
415232,4.07112979888916
415624,4.88702917098999
415688,4.64853572845459
416232,4.8200836181640625
416232,2.778242588043213
416448,4.748953819274902
416536,3.8451883792877197
416872,2.150627613067627
417144,2.719665288925171
417536,4.04184103012085
417600,4.35146427154541
418144,4.397489547729492
418144,3.673640251159668
418360,3.33891224861145
418448,5.046025276184082
418784,1.9037656784057617
419056,2.129707098007202
419448,4.979079723358154
419512,3.7489540576934814
420056,3.0962343215942383
420056,3.6359832286834717
420272,4.18410062789917
420360,2.523012638092041
420696,1.5397489070892334
420968,4.476987361907959
421128,3.831775665283203
421360,2.3430962562561035
421424,3.456066846847534
421968,2.698744773864746
421968,2.3179917335510254
422272,2.698744773864746
422608,5.418409824371338
422880,2.209204912185669
423040,5.57740592956543
423272,2.3179917335510254
423336,2.1882846355438232
423880,3.1673641204833984
423880,4.066945552825928
424184,3.652719736099243
424520,1.8912134170532227
424736,4.514151096343994
424792,2.1213388442993164
425184,2.2970712184906006
425248,2.7029287815093994
425792,3.543933153152466
425792,5.046025276184082
426096,3.0543932914733887
426432,3.7364015579223633
426648,3.765690326690674
426704,2.4267783164978027
427096,2.8870291709899902
427160,2.489539861679077
427704,2.150627613067627
427704,2.707113027572632
427936,3.452127695083618
428008,3.8661088943481445
428536,3.2732558250427246
428560,3.6820082664489746
428616,4.14225959777832
429008,3.489539861679077
429616,1.7615063190460205
429616,3.2719664573669434
429848,2.836820125579834
429920,3.012552261352539
430448,5.364016532897949
430472,3.033472776412964
430528,3.0669455528259277
430920,3.53556489944458
431528,3.4142260551452637
431528,5.682008266448975
431760,2.4225940704345703
431832,4.707112789154053
432360,3.2719664573669434
432384,4.916317939758301
432440,1.9079498052597046
432832,4.686192512512207
433440,4.832635879516602
433440,3.0627615451812744
433672,4.443514823913574
433744,5.803347110748291
434272,3.757322072982788
434296,4.188284397125244
434352,1.3891212940216064
434648,4.900662422180176
434744,3.8284518718719482
435352,2.326359748840332
435584,6.589958190917969
435656,2.6485354900360107
436184,3.0753138065338135
436208,1.7782427072525024
436264,1.9497908353805542
436560,5.92887020111084
436656,2.8284518718719482
437264,1.9330544471740723
437496,2.941422700881958
437568,2.489539861679077
438096,2.1338911056518555
438120,5.046025276184082
438176,5.050209045410156
438472,3.502092123031616
439176,5.242677688598633
439408,4.066945552825928
439480,2.510460138320923
440008,4.347280502319336
440032,2.083682060241699
440056,4.98588228225708
440088,3.3179917335510254
440384,4.485355854034424
441088,3.3179917335510254
441320,4.100418567657471
441392,4.845188140869141
441920,3.3682007789611816
441944,2.8451883792877197
441968,2.3179917335510254
442000,4.046025276184082
442296,4.2259416580200195
443000,2.8451883792877197
443232,2.6778242588043213
443304,4.14225959777832
443832,3.765690326690674
443856,4.410041809082031
443880,1.5941423177719116
443912,2.778242588043213
444208,2.9707112312316895
444912,3.255230188369751
445144,5.64853572845459
445216,4.769874572753906
445744,6.150627613067627
445768,4.004184246063232
445792,3.0627615451812744
445824,4.476987361907959
446120,6.284518718719482
446824,4.426778316497803
447056,2.8786611557006836
447128,3.502092123031616
447656,5.870292663574219
447680,2.129707098007202
447704,4.259414196014404
447736,3.276150703430176
448032,2.4267783164978027
448968,1.401673674583435
449568,3.974895477294922
449592,3.1004183292388916
449616,4.64853572845459
449648,2.1213388442993164
449944,3.0543932914733887
450632,4.220588207244873
450672,5.469483375549316
450856,3.047210216522217
451480,4.811715602874756
451504,3.7154812812805176
451528,4.6234307289123535
451560,5.523012638092041
451856,3.07112979888916
452544,4.355648517608643
452584,3.9958159923553467
452768,2.5062761306762695
453392,3.9832634925842285
453416,3.4686193466186523
453440,3.242677927017212
453472,2.719665288925171
453768,4.163179874420166
454456,3.476987361907959
454496,4.895397663116455
454544,3.1914894580841064
454680,5.025104522705078
455304,3.0083682537078857
455352,3.5899581909179688
455384,3.3682007789611816
455680,7.719665050506592
456264,2.8186047077178955
456368,3.209204912185669
456408,3.209204912185669
456592,3.0543932914733887
457080,6.372549057006836
457216,4.548117160797119
457264,1.9205020666122437
457296,4.317991733551025
457592,4.276150703430176
458280,4.39330530166626
458320,4.410041809082031
458504,2.129707098007202
458992,3.824267864227295
459128,3.6108787059783936
459176,1.3723849058151245
459208,2.276150703430176
459504,3.117154836654663
460192,3.941422700881958
460232,2.502092123031616
460416,6.062761306762695
460904,3.2050209045410156
461040,5.786611080169678
461088,3.2301254272460938
461120,2.2719664573669434
461416,4.037656784057617
462104,3.8786611557006836
462144,4.602510452270508
462328,3.6359832286834717
462952,6.230125427246094
463000,2.719665288925171
463032,3.3430962562561035
463328,4.447698593139648
464016,4.18410062789917
464056,5.912133693695068
464184,4.418919086456299
464240,2.711297035217285
464520,5.092920303344727
464864,3.9330544471740723
464944,2.92887020111084
465240,4.807531356811523
465928,3.6903765201568604
465968,3.2845187187194824
466096,3.0962343215942383
466152,4.058577537536621
466432,4.631799221038818
466776,3.8200836181640625
466856,2.8410041332244873
467152,4.426778316497803
467840,3.8912134170532227
467880,1.7573221921920776
467952,4.197080135345459
468008,4.213388919830322
468064,4.100418567657471
468344,2.9707112312316895
468688,2.907949686050415
469064,4.3891215324401855
469752,2.3514645099639893
469792,4.284518718719482
469864,1.3514643907546997
469920,4.481171607971191
469976,1.7531380653381348
470256,2.548117160797119
470600,3.3640167713165283
470976,3.673640251159668
471664,2.1004183292388916
471704,4.158995628356934
471776,2.7698745727539062
471832,4.6903767585754395
471888,4.8200836181640625
472168,3.8912134170532227
472512,3.5313806533813477
472888,3.0418410301208496
473576,3.142259359359741
473616,3.987447738647461
473688,3.8075313568115234
473744,2.3347280025482178
473800,3.430962324142456
474080,4.673640251159668
474424,4.548117160797119
474800,3.9246861934661865
475488,3.882845163345337
475528,4.18410062789917
475600,3.594142198562622
475656,3.020920515060425
475712,4.046025276184082
475992,3.8995816707611084
476336,3.1924686431884766
476712,3.765690326690674
477400,3.974895477294922
477440,3.849372386932373
477512,4.3221755027771
477568,4.962343215942383
477624,2.46443510055542
477904,1.3682007789611816
478248,2.2594141960144043
478624,3.523012638092041
479312,6.276150703430176
479352,2.581589937210083
479424,3.221757411956787
479480,2.8912134170532227
479536,4.096234321594238
479816,3.288702964782715
480160,4.276150703430176
480536,4.581590175628662
481224,4.782426834106445
481264,4.046025276184082
481336,2.7154812812805176
481360,3.7787234783172607
481448,7.991631984710693
481728,4.560669422149658
482072,4.35146427154541
482448,3.6108787059783936
483136,2.2970712184906006
483176,2.1338911056518555
483248,2.2970712184906006
483272,2.6945607662200928
483360,6.276150703430176
483640,4.380753040313721
483984,2.19665265083313
484112,4.629629611968994
484360,4.707112789154053
485048,3.882845163345337
485184,3.673640251159668
485272,5.384937286376953
485552,4.698744773864746
485792,4.36697244644165
485896,4.790794849395752
486024,2.347280263900757
486272,3.046025037765503
486960,4.518828392028809
487096,1.9665272235870361
487184,3.8786611557006836
487464,2.5188283920288086
487704,3.1715481281280518
487808,2.326359748840332
487936,3.2719664573669434
488184,3.711297035217285
488872,3.5774059295654297
489008,3.974895477294922
489096,1.7531380653381348
489376,2.5523011684417725
489616,2.3179917335510254
489720,2.489539861679077
489848,2.92887020111084
490096,2.092050313949585
490784,1.7573221921920776
490920,2.07112979888916
491008,4.35146427154541
491288,4.895397663116455
491528,4.0167365074157715
491632,2.9246861934661865
491760,6.066945552825928
492008,3.7698745727539062
492696,3.4267783164978027
492832,3.849372386932373
492920,2.5523011684417725
493200,2.301255226135254
493440,2.19665265083313
493544,4.372385025024414
493672,4.04184103012085
494608,5.899581432342529
494744,5.778242588043213
494832,2.4853556156158447
495112,4.079497814178467
495352,3.439330577850342
495440,3.834498882293701
495456,5.355648517608643
495584,2.92887020111084
495672,3.952380895614624
496520,2.384937286376953
496656,2.1087865829467773
497024,4.728033542633057
497264,3.8075313568115234
497352,3.025104522705078
497368,4.205020904541016
497496,2.895397424697876
497584,3.0543932914733887
498432,5.468619346618652
498568,2.5271966457366943
498936,2.3305439949035645
499176,3.8075313568115234
499264,2.301255226135254
499280,3.3179917335510254
499408,3.4602510929107666
499496,2.8995816707611084
500344,1.8075313568115234
500480,4.4937238693237305
500848,3.560669422149658
501088,3.1715481281280518
501176,1.9037656784057617
501192,5.326359748840332
501320,4.435146331787109
501408,5.7740583419799805
502256,2.92887020111084
502392,3.8912134170532227
502760,2.1464436054229736
503000,3.456066846847534
503088,4.096234321594238
503104,2.7364015579223633
503320,3.0167365074157715
504168,4.39330530166626
504304,2.301255226135254
504672,3.3305439949035645
504912,2.874476909637451
505000,2.4267783164978027
505016,5.937238693237305
505232,5.087866306304932
506008,3.7952218055725098
506080,2.66108775138855
506216,3.33891224861145
506584,3.7991631031036377
506824,2.280334711074829
506912,2.5146443843841553
506928,3.8535563945770264
507144,4.050209045410156
507920,4.058577537536621
507992,3.117154836654663
508128,1.9414225816726685
508496,5.85774040222168
508736,2.7405858039855957
508824,3.1213388442993164
508840,3.895397424697876
509056,3.8535563945770264
509832,3.138075351715088
509904,2.3221757411956787
510040,4.489539623260498
510408,2.92887020111084
510648,2.255230188369751
510736,5.020920276641846
510752,3.569037675857544
510968,1.9372384548187256
511744,3.276150703430176
511816,5.715481281280518
511952,2.92887020111084
512320,1.9456067085266113
512560,4.991631984710693
512648,2.5899581909179688
512664,3.0962343215942383
512880,3.974895477294922
513656,1.5732218027114868
513728,3.0292887687683105
513864,2.5732216835021973
514000,5.761904716491699
514472,4.497908115386963
514560,2.439330577850342
514576,3.221757411956787
514656,4.44444465637207
514792,2.175732135772705
515568,3.150627613067627
515640,1.73221755027771
515912,3.012552261352539
516144,4.892473220825195
516384,2.6652719974517822
516472,3.117154836654663
516488,3.5774059295654297
516520,7.209090709686279
516704,4.284518718719482
517480,2.9372384548187256
517824,2.451882839202881
518056,1.9372384548187256
518296,4.665271759033203
518384,4.3891215324401855
518400,3.0543932914733887
518432,4.489539623260498
518616,5.213388919830322
519392,2.443514585494995
519736,4.811715602874756
519968,3.0669455528259277
520208,2.824267864227295
520296,1.4979079961776733
520312,3.4100418090820312
520344,4.8535566329956055
520528,2.1004183292388916
521304,3.556485414505005
521648,4.589958190917969
521880,2.8284518718719482
522120,7.196652889251709
522208,6.167364120483398
522224,3.1799163818359375
522256,3.1548116207122803
522440,1.9581589698791504
523216,3.569037675857544
523560,2.405857801437378
523792,2.5523011684417725
524032,3.6903765201568604
524120,3.0627615451812744
524136,2.288702964782715
524168,4.276150703430176
524352,3.6443514823913574
525128,2.2008368968963623
525472,3.2384936809539795
525704,4.046025276184082
525944,3.7866108417510986
526032,3.8995816707611084
526048,3.6903765201568604
526080,3.640167474746704
526264,2.184100389480591
526824,4.646464824676514
527040,3.476987361907959
527384,3.627614974975586
527616,3.836820125579834
527856,4.644351482391357
527960,3.836820125579834
527992,3.8995816707611084
528176,5.150627613067627
528736,6.803347110748291
528952,5.401673793792725
529296,5.062761306762695
529528,5.874476909637451
529768,3.2635984420776367
529872,4.39330530166626
529904,1.9079498052597046
530088,1.7740585803985596
530648,3.221757411956787
530864,1.9581589698791504
531208,2.3682007789611816
531440,4.359832763671875
531680,2.6903765201568604
531784,5.317991733551025
531816,2.3430962562561035
532000,2.301255226135254
532560,4.552301406860352
532776,3.882845163345337
533120,0.9958158731460571
533312,5.497382164001465
533352,6.255229949951172
533592,1.9748953580856323
533728,2.326359748840332
533912,4.719665050506592
534472,2.698744773864746
534688,5.066945552825928
534824,4.719576835632324
534848,4.458598613739014
535032,2.3179917335510254
535264,3.5146443843841553
535640,4.163179874420166
535824,8.012552261352539
536384,3.3514645099639893
536600,4.937238693237305
536736,3.221757411956787
536760,3.5188283920288086
536944,2.6945607662200928
537176,1.983263611793518
537552,1.9581589698791504
537736,2.510460138320923
538296,2.5188283920288086
538512,2.5648536682128906
538624,5.585585594177246
538648,1.9665272235870361
538672,3.9246861934661865
538856,5.04184103012085
539088,4.8200836181640625
539464,5.510460376739502
540208,3.234309673309326
540424,3.372385025024414
540536,4.497908115386963
540560,3.4267783164978027
540584,3.138075351715088
540768,4.882845401763916
541000,3.9832634925842285
541376,2.9456067085266113
542120,1.3891212940216064
542336,2.5732216835021973
542448,2.6903765201568604
542472,3.138075351715088
542496,3.280334711074829
542680,3.870292901992798
542912,1.9288703203201294
543288,3.3891212940216064
544032,3.3305439949035645
544248,3.6359832286834717
544360,4.100418567657471
544384,4.811715602874756
544408,4.2259416580200195
544592,4.092050075531006
544824,5.046025276184082
545200,5.447698593139648
545944,3.242677927017212
546160,3.083682060241699
546272,5.472803115844727
546296,2.8451883792877197
546504,7.7740583419799805
546736,4.502091884613037
546976,4.700934410095215
547112,3.0669455528259277
547856,5.217573165893555
548072,4.7740583419799805
548184,4.560669422149658
548208,2.4686193466186523
548416,3.221757411956787
548648,2.2594141960144043
548888,4.020920276641846
549024,5.158995628356934
549768,2.8870291709899902
549984,4.682008266448975
550096,1.7907949686050415
550120,3.5774059295654297
550328,2.907949686050415
550560,3.292886972427368
550800,2.33891224861145
550936,3.221757411956787
551680,3.0753138065338135
551896,3.66108775138855
552008,4.079497814178467
552032,2.824267864227295
552240,3.543933153152466
552472,2.4853556156158447
552712,2.8786611557006836
552848,4.602510452270508
553592,3.7866108417510986
553808,4.238493919372559
553920,2.1338911056518555
553944,5.962343215942383
554152,3.138075351715088
554384,3.0543932914733887
554624,1.3891212940216064
554760,3.347280263900757
555504,3.012552261352539
555720,2.4686193466186523
555832,2.9330544471740723
555856,5.079497814178467
556064,2.46443510055542
556296,4.3096232414245605
556536,3.744769811630249
556672,5.694560527801514
557416,2.4686193466186523
557632,2.3221757411956787
557744,4.259414196014404
557768,2.560669422149658
557976,2.80334734916687
558448,1.3682007789611816
558584,2.8912134170532227
559288,3.6657752990722656
559328,2.6569037437438965
559544,2.4937238693237305
559656,3.5523011684417725
559680,6.523012638092041
559888,3.3347280025482178
560360,2.5313806533813477
560496,7.85774040222168
561200,3.4937238693237305
561240,2.280334711074829
561456,3.0083682537078857
561568,3.6192469596862793
561592,4.401673793792725
561632,4.654088020324707
561800,4.602510452270508
562408,3.1799163818359375
563112,3.125523090362549
563152,4.108786582946777
563368,4.39330530166626
563480,4.6569037437438965
563504,2.594142198562622
563544,2.594142198562622
563712,1.6652719974517822
564320,3.824267864227295
565024,2.489539861679077
565064,2.4476988315582275
565280,2.907949686050415
565416,3.443514585494995
565456,3.627614974975586
565624,2.673640251159668
566064,7.061224460601807
566232,3.6820082664489746
566480,2.5893332958221436
566936,2.0083682537078857
566976,2.9916317462921143
567328,4.410041809082031
567368,2.7531380653381348
567536,2.5062761306762695
567976,4.878661155700684
568144,3.849372386932373
568392,4.037656784057617
568888,5.230125427246094
569240,5.012552261352539
569280,3.824267864227295
569448,2.6234309673309326
569888,3.5271966457366943
569952,4.0159149169921875
570056,3.7154812812805176
570304,2.920502185821533
570800,5.1464433670043945
571152,3.66108775138855
571192,3.9456067085266113
571360,2.3807530403137207
571800,6.556485176086426
571864,5.2259416580200195
571968,5.757322311401367
572216,5.104602336883545
572712,4.95815896987915
573064,4.39330530166626
573104,3.3179917335510254
573272,3.849372386932373
573712,4.891213417053223
573776,2.9121339321136475
573880,4.987447738647461
574128,4.14225959777832
574624,4.18410062789917
574976,2.80334734916687
575016,3.4016735553741455
575184,3.640167474746704
575624,3.4937238693237305
575688,1.9456067085266113
576040,4.451882839202881
576416,5.268138885498047
576536,4.3305439949035645
576888,6.564853668212891
576928,7.744770050048828
577096,6.150627613067627
577536,4.715481281280518
577600,2.104602575302124
577952,2.3054392337799072
578328,1.3682007789611816
578448,4.527196884155273
578800,2.7489540576934814
578840,2.1673641204833984
579008,3.870292901992798
579448,2.3640167713165283
579512,2.3221757411956787
579864,3.5899581909179688
580240,3.07112979888916
580360,3.3514645099639893
580712,4.439330577850342
580752,3.556485414505005
581360,4.836820125579834
581424,2.301255226135254
581776,3.0
582152,4.230125427246094
582272,3.1338911056518555
582624,3.0418410301208496
582664,3.6778242588043213
582672,4.596069812774658
583272,3.80334734916687
583336,2.3347280025482178
583688,3.150627613067627
584064,1.7740585803985596
584184,4.175732135772705
584536,2.548117160797119
584576,2.8451883792877197
584584,2.916317939758301
585184,1.8117154836654663
585248,2.5523011684417725
585600,2.7824268341064453
585976,3.2301254272460938
586096,3.33891224861145
586448,3.4602510929107666
586488,3.815899610519409
586496,2.443514585494995
586832,3.649350643157959
587096,2.5397489070892334
587160,2.1673641204833984
587888,6.569037437438965
588008,3.2594141960144043
588400,2.5732216835021973
588408,5.205020904541016
588744,2.3347280025482178
589008,3.974895477294922
589072,3.7740585803985596
589152,3.281064987182617
589800,6.707112789154053
589920,2.8451883792877197
590312,5.874476909637451
590320,4.686192512512207
590656,2.9707112312316895
590920,2.548117160797119
590984,2.1338911056518555
591064,3.569037675857544
591712,2.824267864227295
591832,2.6192469596862793
592224,4.3305439949035645
592232,3.765690326690674
592568,5.200836658477783
592832,3.0083682537078857
592896,2.117154836654663
592976,3.2635984420776367
593624,2.1464436054229736
593744,3.2133891582489014
594136,3.3054392337799072
594144,5.104602336883545
594480,3.347280263900757
594744,4.364016532897949
594808,3.347280263900757
594888,2.9707112312316895
595536,3.4686193466186523
595656,2.6778242588043213
596048,4.627614974975586
596056,5.903765678405762
596392,1.7573221921920776
596656,4.841004371643066
596720,3.4937238693237305
596800,3.6234309673309326
597448,4.523012638092041
597568,3.6694560050964355
597960,2.73221755027771
597968,4.096234321594238
598304,3.3305439949035645
598568,1.7991632223129272
598632,2.6485354900360107
598712,1.7949790954589844
599360,6.004184246063232
599480,4.9832634925842285
599872,4.200836658477783
599880,3.8535563945770264
600216,2.560669422149658
600480,6.338912010192871
600544,2.7489540576934814
600624,4.3305439949035645
601272,5.3430962562561035
601392,5.246861934661865
601784,4.476987361907959
601792,4.602510452270508
602128,4.937238693237305
602392,2.3179917335510254
602456,4.410041809082031
602536,3.175732135772705
603184,5.04184103012085
603304,4.267782211303711
603696,4.799163341522217
603704,3.3054392337799072
604040,2.7405858039855957
604304,3.138075351715088
604368,2.5523011684417725
605096,3.142259359359741
605216,3.8912134170532227
605608,2.2594141960144043
605616,2.744769811630249
605952,2.4937238693237305
606120,3.700892925262451
606216,2.280334711074829
606280,3.7740585803985596
607008,3.6192469596862793
607128,3.7740585803985596
607520,2.7489540576934814
607528,5.761506080627441
607864,3.556485414505005
608032,3.7154812812805176
608128,3.870292901992798
608192,5.6694560050964355
608920,5.271966457366943
609040,4.661087989807129
609432,3.326359748840332
609440,4.267782211303711
609776,3.9497907161712646
609944,2.698744773864746
610000,4.275000095367432
610040,3.1338911056518555
610104,4.058577537536621
610832,2.7489540576934814
611344,3.4811716079711914
611352,2.4476988315582275
611688,5.230125427246094
611856,2.3765690326690674
611912,2.6485354900360107
611952,2.6820082664489746
612016,2.778242588043213
612744,5.748953819274902
613256,4.912133693695068
613264,3.4853556156158447
613600,3.9037656784057617
613768,2.6820082664489746
613824,2.7615063190460205
613864,4.502091884613037
613928,2.0
614656,1.53556489944458
615168,4.953974723815918
615176,3.3514645099639893
615512,2.5523011684417725
615680,3.765690326690674
615736,3.3305439949035645
615776,4.686192512512207
615840,4.414226055145264
616568,6.276150703430176
616928,4.3624162673950195
617080,2.8451883792877197
617088,3.2468619346618652
617424,4.949790954589844
617592,3.1087865829467773
617688,2.3096234798431396
617752,2.673640251159668
618480,3.5899581909179688
618840,3.313807487487793
618992,2.824267864227295
619000,2.594142198562622
619336,2.6694560050964355
619504,2.5732216835021973
619600,4.794979095458984
619664,5.087866306304932
620392,2.673640251159668
620752,2.711297035217285
620776,3.6666667461395264
620904,4.832635879516602
621248,5.0292887687683105
621512,3.9121339321136475
621576,2.698744773864746
622304,7.11297082901001
622464,6.324324131011963
622664,2.497907876968384
622688,3.8786611557006836
622816,2.80334734916687
623160,4.895397663116455
623424,3.326359748840332
623488,4.054393291473389
624216,2.301255226135254
624376,4.271966457366943
624576,2.163179874420166
624600,3.744769811630249
624728,1.5899581909179688
625072,3.920502185821533
625336,1.9665272235870361
625400,2.92887020111084
626128,3.1799163818359375
626288,3.497907876968384
626488,2.3305439949035645
626512,4.60669469833374
626640,5.64853572845459
626984,1.719665288925171
627248,3.347280263900757
627312,2.3305439949035645
627768,3.96875
628040,7.405857563018799
628200,6.711297035217285
628424,2.3682007789611816
628552,3.0543932914733887
628896,4.175732135772705
629160,4.209205150604248
629224,2.4267783164978027
629680,2.870292901992798
629952,3.556485414505005
630112,3.6694560050964355
630336,5.037656784057617
630464,2.384937286376953
630808,2.757322072982788
631072,2.7405858039855957
631136,4.238493919372559
631592,4.18410062789917
631864,2.556485414505005
632024,2.502092123031616
632248,4.744770050048828
632376,3.5397489070892334
632720,3.497907876968384
632984,2.707113027572632
633048,1.9623430967330933
633776,2.1213388442993164
633936,3.372385025024414
634160,4.020920276641846
634288,3.1087865829467773
634632,2.7615063190460205
634896,5.1464433670043945
634960,4.644351482391357
634992,3.4611763954162598
635304,2.912280797958374
635688,2.9707112312316895
636072,4.426778316497803
636200,2.895397424697876
636544,3.3430962562561035
636808,2.8995816707611084
636872,3.510460138320923
636904,2.920502185821533
637216,3.53556489944458
637600,3.242677927017212
637984,3.8200836181640625
638456,3.0669455528259277
638720,4.0292887687683105
638784,2.92887020111084
638808,4.033742427825928
638816,4.121338844299316
639128,1.9246861934661865
639896,2.313807487487793
640368,5.523012638092041
640584,3.6890079975128174
640632,2.26778244972229
640696,3.0543932914733887
640720,2.543933153152466
640728,2.7364015579223633
641040,3.765690326690674
641808,3.025104522705078
642280,2.26778244972229
642496,4.025104522705078
642544,5.104602336883545
642608,2.907949686050415
642632,3.209204912185669
642640,1.9748953580856323
642952,5.251046180725098
643720,3.3430962562561035
644192,1.9665272235870361
644408,1.1841003894805908
644456,2.5857739448547363
644520,3.2301254272460938
644544,3.73221755027771
644552,5.949790954589844
644864,3.2594141960144043
645632,5.020920276641846
646104,3.104602575302124
646320,1.5899581909179688
646368,2.3305439949035645
646432,1.9790794849395752
646456,3.288702964782715
646464,2.8451883792877197
646776,2.5774059295654297
647304,4.761904716491699
648016,3.012552261352539
648232,2.8912134170532227
648280,9.832635879516602
648344,3.3430962562561035
648368,5.456067085266113
648688,3.6317992210388184
648864,3.5396039485931396
649216,1.3891212940216064
649928,2.7364015579223633
650144,4.037656784057617
650192,2.594142198562622
650256,4.171547889709473
650280,3.3221757411956787
650600,4.523012638092041
650776,3.2845187187194824
651128,4.447698593139648
651840,2.1882846355438232
652104,1.7698744535446167
652168,3.150627613067627
652192,2.723849296569824
652512,2.5188283920288086
652688,2.707113027572632
653040,3.510460138320923
653752,3.556485414505005
653760,3.785398244857788
654016,4.246861934661865
654080,3.556485414505005
654104,3.7698745727539062
654424,5.192468643188477
654600,3.6820082664489746
654952,2.7740585803985596
655664,2.418410062789917
655672,2.907949686050415
655928,2.560669422149658
655992,4.2259416580200195
656016,3.510460138320923
656336,4.292887210845947
656504,5.238095283508301
656512,2.53556489944458
656864,4.058577537536621
657584,2.719665288925171
657840,2.5732216835021973
657904,4.401673793792725
657928,2.7280335426330566
658248,4.581590175628662
658424,3.079497814178467
658776,2.129707098007202
659496,3.459892988204956
659496,6.723849296569824
659752,3.0962343215942383
659816,5.414226055145264
659840,2.4853556156158447
660336,3.1548116207122803
660688,3.8995816707611084
661120,4.573816299438477
661352,3.359375
661408,2.292886972427368
661408,1.9372384548187256
661664,5.251046180725098
661752,4.832635879516602
662248,7.0292887687683105
662600,2.125523090362549
663032,2.7405858039855957
663320,3.6694560050964355
663320,5.581590175628662
663576,2.836820125579834
663664,2.9372384548187256
664160,4.175732135772705
664512,3.3640167713165283
664944,4.410041809082031
665056,4.466522693634033
665232,3.2719664573669434
665232,2.815899610519409
665488,2.7029287815093994
665576,3.502092123031616
666072,3.0
666424,4.560669422149658
666856,4.255229949951172
666968,4.707112789154053
667144,3.397489547729492
667144,3.3765690326690674
667400,2.6359832286834717
667488,5.167364120483398
667984,4.523012638092041
668336,3.66108775138855
668768,3.6778242588043213
668880,4.054393291473389
669056,3.6652719974517822
669056,4.117154598236084
669312,2.80334734916687
669400,3.301255226135254
669896,2.92887020111084
670680,2.953974962234497
670792,1.3514643907546997
670968,3.707113027572632
670968,2.966527223587036
671224,4.6903767585754395
671280,3.3206522464752197
671312,3.3556485176086426
671808,2.347280263900757
672592,2.138075351715088
672704,1.7238494157791138
672880,2.5313806533813477
672880,6.987447738647461
673136,3.7154812812805176
673192,3.2635984420776367
673224,3.0292887687683105
673720,4.397489547729492
674504,4.974895477294922
674792,3.765690326690674
674792,3.451882839202881
675104,2.824267864227295
675136,2.5523011684417725
675632,2.288702964782715
675936,5.623762607574463
676416,3.025104522705078
676480,3.784688949584961
676704,2.673640251159668
676704,5.012552261352539
677016,2.1548116207122803
677048,2.7154812812805176
677544,3.4686193466186523
677848,2.815899610519409
678328,2.0753138065338135
678392,3.1087865829467773
678616,3.0167365074157715
678616,2.4937238693237305
678928,2.301255226135254
678960,1.552301287651062
679456,1.7782427072525024
679760,6.6234307289123535
680240,3.815899610519409
680528,5.753138065338135
680528,2.510460138320923
680840,4.313807487487793
680872,1.9288703203201294
681368,3.673640251159668
681672,2.326359748840332
681720,3.338942289352417
682152,4.447698593139648
682440,3.673640251159668
682440,2.5062761306762695
682752,4.744770050048828
682784,4.020920276641846
683280,5.267782211303711
683584,3.3221757411956787
683632,3.0669455528259277
684064,2.882845163345337
684352,3.6569037437438965
684352,3.8912134170532227
684664,2.3096234798431396
684696,3.870292901992798
685496,4.799163341522217
685544,5.397489547729492
685976,2.941422700881958
686240,5.091891765594482
686264,3.3514645099639893
686264,2.7698745727539062
686576,2.719665288925171
686608,3.2510459423065186
687408,5.07112979888916
687456,5.246861934661865
687888,3.556485414505005
688152,2.3640167713165283
688176,6.284518718719482
688176,2.8995816707611084
688304,4.245283126831055
688488,6.987447738647461
688520,1.6108787059783936
689320,2.5774059295654297
689800,2.163179874420166
690064,4.497908115386963
690088,2.6778242588043213
690088,4.313807487487793
690216,3.757322072982788
690400,5.652719497680664
690432,2.5188283920288086
691232,3.66108775138855
691248,4.391891956329346
691712,2.857740640640259
692000,4.60669469833374
692000,2.2970712184906006
692128,4.033473014831543
692312,2.92887020111084
692344,3.4225940704345703
693144,2.907949686050415
693160,3.6443514823913574
693624,5.0167365074157715
693912,2.836820125579834
693912,2.7364015579223633
694040,2.4853556156158447
694224,3.3807530403137207
694256,3.7405858039855957
695056,4.04184103012085
695072,2.3179917335510254
695536,6.188284397125244
695824,3.0962343215942383
695824,4.527196884155273
695952,2.405857801437378
696136,4.087866306304932
696168,2.2635984420776367
696968,3.6317992210388184
696984,3.6443514823913574
697448,4.020920276641846
697736,3.033472776412964
697736,2.175732135772705
697864,2.824267864227295
698048,2.7531380653381348
698080,3.778242588043213
698880,2.673640251159668
698896,5.129707336425781
699360,3.129707098007202
699648,2.719665288925171
699648,3.497907876968384
699776,3.953974962234497
699992,5.711297035217285
700792,2.652719736099243
700808,3.640167474746704
701272,4.397489547729492
701440,4.073113441467285
701560,3.916317939758301
701560,4.874476909637451
701688,2.8075313568115234
701904,2.489539861679077
702704,2.916317939758301
702720,1.7447699308395386
703184,2.6820082664489746
703352,4.619246959686279
703472,3.815899610519409
703472,2.8870291709899902
703600,2.1087865829467773
703816,3.117154836654663
704256,5.612245082855225
704616,2.4142260551452637
704632,5.0292887687683105
705096,2.138075351715088
705264,3.497907876968384
705384,1.3891212940216064
705512,2.5523011684417725
705728,2.523012638092041
706168,4.217573165893555
706520,3.5031847953796387
706528,3.138075351715088
706544,4.154811859130859
707008,4.301255226135254
707424,4.079497814178467
707640,3.53556489944458
708432,4.953974723815918
708440,1.9414225816726685
708456,3.53556489944458
708672,3.734793186187744
708728,7.587500095367432
708920,2.569037675857544
709336,3.6903765201568604
709552,2.80334734916687
710344,3.3765690326690674
710352,2.744769811630249
710368,4.18410062789917
710584,2.920502185821533
710640,2.941422700881958
710832,3.1715481281280518
711248,2.347280263900757
711464,1.5774058103561401
712256,2.9037656784057617
712264,3.8912134170532227
712280,2.569037675857544
712496,4.35146427154541
712552,4.769874572753906
712744,4.799163341522217
713160,2.8661088943481445
713376,4.104602336883545
714168,3.1673641204833984
714176,3.301255226135254
714192,3.117154836654663
714408,4.39330530166626
714464,3.502092123031616
714656,6.518828392028809
715072,5.062761306762695
715288,2.6359832286834717
716080,2.8870291709899902
716088,3.3347280025482178
716104,2.117154836654663
716320,6.359832763671875
716376,4.004184246063232
716568,3.627614974975586
716808,2.1631579399108887
716984,2.175732135772705
717992,5.020920276641846
718000,2.5523011684417725
718016,4.765690326690674
718232,3.974895477294922
718288,2.9497907161712646
718480,2.615062713623047
718720,3.849372386932373
718896,2.3096234798431396
719680,7.624309539794922
719904,4.7029290199279785
719912,4.414226055145264
719928,4.673640251159668
720200,4.9707112312316895
720392,4.485355854034424
720632,2.824267864227295
720808,4.209205150604248
721592,3.4142260551452637
721816,3.5188283920288086
721824,3.627614974975586
721840,3.184100389480591
722112,1.9288703203201294
722544,3.7866108417510986
722720,3.1882846355438232
723376,4.56836462020874
723504,2.4686193466186523
723728,2.7280335426330566
723736,2.0962343215942383
723752,3.6108787059783936
724024,4.163179874420166
724456,3.523012638092041
724632,3.7280335426330566
725288,4.824267864227295
725416,1.5774058103561401
725640,2.824267864227295
725648,2.6569037437438965
725664,3.3430962562561035
725936,2.5857739448547363
726368,1.163179874420166
726544,2.744769811630249
727200,5.439330577850342
727328,2.33891224861145
727552,3.9707112312316895
727560,3.439330577850342
727576,2.510460138320923
727848,2.953974962234497
728280,3.1799163818359375
728456,2.548117160797119
729112,3.288702964782715
729240,3.857740640640259
729464,3.301255226135254
729472,3.221757411956787
729488,3.209204912185669
729760,2.3765690326690674
730192,3.707113027572632
730368,2.07112979888916
731024,5.263598442077637
731152,2.0627615451812744
731376,2.6903765201568604
731384,2.7405858039855957
731400,2.870292901992798
731672,1.5857740640640259
732104,1.9121339321136475
732280,4.230125427246094
732936,4.426778316497803
733064,3.1589958667755127
733288,4.631799221038818
733296,1.9790794849395752
733312,3.150627613067627
733584,2.8451883792877197
734016,3.104602575302124
734064,5.308510780334473
734192,4.054393291473389
734848,5.615062713623047
734976,2.3556485176086426
735200,2.870292901992798
735208,4.087866306304932
735496,6.025104522705078
735928,2.6903765201568604
735976,1.9288703203201294
736104,2.53556489944458
736760,2.384937286376953
736888,2.824267864227295
737112,4.39330530166626
737120,4.39330530166626
737408,3.138075351715088
737840,2.8912134170532227
737888,2.8326358795166016
737920,5.445544719696045
738016,3.790795087814331
738672,2.615062713623047
738800,2.7280335426330566
739016,4.693877696990967
739032,3.569037675857544
739056,2.9014084339141846
739320,2.510460138320923
739800,2.6778242588043213
739928,3.849372386932373
740584,2.4142260551452637
740712,4.108786582946777
740928,2.882845163345337
740944,5.418409824371338
740968,6.732217788696289
741232,3.4853556156158447
741712,2.292886972427368
741840,3.4476988315582275
742496,3.359832525253296
742624,2.0083682537078857
742840,3.6234309673309326
742856,4.861924648284912
742880,2.907949686050415
743144,5.552301406860352
743624,1.9581589698791504
743752,1.3514643907546997
744408,5.104602336883545
744536,3.8870291709899902
744752,3.125523090362549
744768,2.92887020111084
744792,2.594142198562622
744816,3.402684450149536
745056,1.8870292901992798
745664,3.8410041332244873
746184,6.737588882446289
746448,1.7656903266906738
746664,2.5188283920288086
746680,5.217573165893555
746704,1.7782427072525024
746728,4.4602508544921875
747576,1.7238494157791138
747936,4.832199573516846
748096,2.1129708290100098
748360,3.2301254272460938
748576,2.372385025024414
748592,1.7740585803985596
748616,2.3305439949035645
748640,4.18410062789917
748720,2.8671329021453857
749848,2.8410041332244873
750008,3.7029287815093994
750272,2.9581589698791504
750488,3.4811716079711914
750528,2.3305439949035645
750552,2.9037656784057617
750632,3.476987361907959
751112,2.8985507488250732
751760,3.6945607662200928
751920,3.617788553237915
752184,3.2970712184906006
752400,2.5188283920288086
752440,4.18410062789917
752464,2.4267783164978027
752544,2.2594141960144043
753024,2.3430962562561035
753672,2.125523090362549
753832,3.870292901992798
754096,3.5397489070892334
754312,3.4476988315582275
754352,3.142259359359741
754376,3.3305439949035645
754456,2.7615063190460205
754936,2.1464436054229736
755584,4.874476909637451
755744,3.4686193466186523
756008,2.711297035217285
756224,3.5397489070892334
756264,3.33891224861145
756288,2.4811716079711914
756368,1.569037675857544
756848,2.5648536682128906
757496,2.3179917335510254
757656,4.627614974975586
757920,3.221757411956787
758136,3.3347280025482178
758176,3.255230188369751
758200,4.907949924468994
758280,1.7991632223129272
758760,2.92887020111084
759408,4.18410062789917
759568,1.3640167713165283
759832,1.2008367776870728
760048,3.476987361907959
760088,2.6359832286834717
760112,2.9246861934661865
760192,1.7698744535446167
760672,5.158995628356934
761320,6.974895477294922
761744,2.92887020111084
761960,4.238493919372559
762000,2.510460138320923
762024,2.686192512512207
762104,2.6569037437438965
762176,4.280374050140381
762424,4.51820707321167
762584,2.673640251159668
763656,2.6652719974517822
763872,3.874476909637451
763912,2.2175731658935547
763936,2.6945607662200928
764016,4.740585803985596
764088,1.9079498052597046
764336,2.790795087814331
764496,4.192468643188477
765568,3.4811716079711914
765784,4.811715602874756
765824,2.673640251159668
765848,1.5941423177719116
765928,2.2594141960144043
766000,3.451882839202881
766248,2.9707112312316895
766408,3.6820082664489746
767480,4.778242588043213
767696,3.673640251159668
767736,4.903765678405762
767760,3.3430962562561035
767840,4.230125427246094
767912,3.907949686050415
768160,3.8326358795166016
768320,4.5397491455078125
769392,3.0962343215942383
769608,5.405857563018799
769648,2.163179874420166
769672,2.7824268341064453
769752,5.60669469833374
769824,2.5313806533813477
770072,2.824267864227295
770232,3.5983264446258545
771304,3.861924648284912
771520,2.3556485176086426
771560,2.895397424697876
771584,3.8870291709899902
771664,3.439330577850342
771736,4.46443510055542
771984,2.8661088943481445
772144,3.5899581909179688
773216,4.60669469833374
773432,4.242677688598633
773472,1.5857740640640259
773496,3.104602575302124
773576,3.3054392337799072
773648,2.7949790954589844
773896,3.138075351715088
774056,4.205020904541016
775128,1.9748953580856323
775344,2.723849296569824
775384,2.916317939758301
775408,3.2008368968963623
775488,3.242677927017212
775560,2.150627613067627
775808,1.7949790954589844
775968,2.53556489944458
777040,3.2594141960144043
777256,2.8410041332244873
777296,4.895397663116455
777320,0.9958158731460571
777400,3.1004183292388916
777472,2.615062713623047
777720,2.3765690326690674
777880,4.234309673309326
778952,3.9121339321136475
779168,3.707113027572632
779208,4.523012638092041
779232,4.313807487487793
779312,2.2719664573669434
779384,4.481171607971191
779632,1.9205020666122437
779792,2.1548116207122803
780864,3.6945607662200928
781080,2.4267783164978027
781120,1.8744770288467407
781144,4.874476909637451
781224,2.594142198562622
781296,2.502092123031616
781544,3.5271966457366943
781704,4.288702964782715
782128,6.634615421295166
782776,5.100418567657471
782992,2.3221757411956787
783032,3.0962343215942383
783056,1.7573221921920776
783136,3.8451883792877197
783456,3.6694560050964355
783616,4.627614974975586
784040,2.129707098007202
784640,3.757575750350952
784688,1.9288703203201294
784904,1.569037675857544
784944,4.2259416580200195
785048,1.9414225816726685
785368,2.221757411956787
785528,4.439330577850342
785952,2.8870291709899902
786552,3.4811716079711914
786600,2.5188283920288086
786816,5.271966457366943
786856,3.8075313568115234
786960,1.1841003894805908
787280,2.719665288925171
787440,1.2008367776870728
787864,3.6820082664489746
788464,3.6443514823913574
788512,4.192468643188477
788728,2.3640167713165283
788768,3.4476988315582275
788872,2.497907876968384
789192,3.765690326690674
789352,0.9958158731460571
789776,2.9330544471740723
790376,1.7615063190460205
790424,4.698744773864746
790640,2.66108775138855
790680,4.058577537536621
790784,2.7405858039855957
790800,6.20895528793335
791264,2.092050313949585
791688,2.719665288925171
792288,2.372385025024414
792336,2.4267783164978027
792552,3.3556485176086426
792592,1.9748953580856323
792696,4.280334949493408
792712,2.874476909637451
793176,1.983263611793518
793600,2.8870291709899902
794128,4.441340923309326
794200,2.150627613067627
794248,2.2719664573669434
794464,2.242677927017212
794504,3.3221757411956787
795088,3.9958159923553467
795512,4.004184246063232
796040,3.07112979888916
796072,2.6309523582458496
796112,2.175732135772705
796160,4.280334949493408
796376,2.7615063190460205
796416,3.8451883792877197
797000,3.326359748840332
797424,3.8326358795166016
797952,1.7782427072525024
797984,2.4811716079711914
798024,3.104602575302124
798072,3.5397489070892334
798288,2.7029287815093994
798328,3.7364015579223633
798912,3.2970712184906006
799336,4.414226055145264
799864,2.757322072982788
799896,4.410041809082031
799936,2.8912134170532227
799984,1.7949790954589844
800200,6.2970709800720215
800240,4.284518718719482
800824,3.502092123031616
801776,2.7531380653381348
801808,3.5732216835021973
801848,2.556485414505005
801896,2.8870291709899902
802112,2.857740640640259
802152,2.92887020111084
802352,3.3183023929595947
802736,1.9246861934661865
803688,3.129707098007202
803720,5.083682060241699
803760,1.9916317462921143
804024,2.974895477294922
804064,2.80334734916687
804264,2.5732216835021973
804648,3.221757411956787
804896,2.775510311126709
805288,5.5
805592,3.309523820877075
805672,2.19665265083313
805936,1.330543875694275
805976,2.594142198562622
806176,3.979079484939575
806560,2.6108787059783936
806808,2.723849296569824
807200,4.359832763671875
807504,3.581589937210083
807584,4.050209045410156
807848,4.7029290199279785
807888,3.711297035217285
808088,3.2594141960144043
808472,2.744769811630249
808720,2.510460138320923
809112,3.138075351715088
809416,5.57740592956543
809496,3.953974962234497
809760,3.1799163818359375
809800,4.748953819274902
810000,3.242677927017212
810384,4.481171607971191
810544,4.602837085723877
810632,4.451882839202881
811024,3.765690326690674
811408,1.970711350440979
811672,4.64853572845459
811712,2.6652719974517822
811912,2.9497907161712646
812296,2.1673641204833984
812456,2.5397489070892334
812544,3.3514645099639893
812936,1.9330544471740723
813320,2.523012638092041
813584,3.941422700881958
813624,3.3682007789611816
813824,2.3807530403137207
814208,3.117154836654663
814368,1.7866108417510986
814456,3.2845187187194824
814848,2.2133891582489014
815232,4.912133693695068
815496,2.916317939758301
815536,2.1338911056518555
815736,3.347280263900757
816120,1.5899581909179688
816280,1.9665272235870361
816368,4.39330530166626
816760,4.121338844299316
817144,4.635983467102051
817408,3.7029287815093994
817448,2.8870291709899902
817648,2.5899581909179688
818032,1.5899581909179688
818192,2.7698745727539062
818280,3.313807487487793
818672,2.9372384548187256
819056,3.33891224861145
819320,3.9330544471740723
819360,3.9707112312316895
819560,5.987447738647461
819944,5.230125427246094
820104,3.2259414196014404
820192,2.2970712184906006
820584,2.53556489944458
820968,5.765690326690674
821232,2.405857801437378
821272,3.1589958667755127
821472,3.652719736099243
821856,2.5857739448547363
822016,5.451882839202881
822104,4.811715602874756
822496,4.037656784057617
822880,2.8870291709899902
823144,2.6569037437438965
823184,2.916317939758301
823384,2.7489540576934814
823768,2.870292901992798
823928,1.9079498052597046
824016,2.9707112312316895
824408,1.7824268341064453
824792,3.292886972427368
825056,4.092050075531006
825096,1.73221755027771
825296,1.983263611793518
825680,2.719665288925171
825840,2.175732135772705
825928,2.849372386932373
826320,3.556485414505005
826704,2.966527223587036
826968,3.849372386932373
827008,1.7531380653381348
827208,3.594142198562622
827592,3.1087865829467773
827752,3.2259414196014404
827840,3.150627613067627
828232,2.9246861934661865
828616,2.456066846847534
828880,2.6317992210388184
828920,4.305439472198486
829120,4.372385025024414
829504,4.251046180725098
829664,2.19665265083313
829752,3.8995816707611084
830144,2.6903765201568604
830528,5.64853572845459
830792,2.510460138320923
830832,3.6820082664489746
831032,2.92887020111084
831416,6.995815753936768
831576,2.125523090362549
831664,2.9916317462921143
832056,4.6903767585754395
832440,2.66108775138855
832704,6.4937238693237305
832744,4.426778316497803
832944,2.7029287815093994
833328,2.175732135772705
833488,3.7154812812805176
833576,2.6443514823913574
833968,7.238493919372559
834352,5.589958190917969
834616,3.974895477294922
834656,3.4351463317871094
834856,5.447698593139648
835240,4.602510452270508
835400,3.079497814178467
835488,2.9497907161712646
835880,1.6108787059783936
836264,1.7866108417510986
836528,2.5732216835021973
836568,4.39330530166626
836768,3.3221757411956787
837152,4.439330577850342
837312,2.6903765201568604
837400,3.497907876968384
837792,4.0
838176,2.92887020111084
838440,3.6485354900360107
838480,2.652719736099243
838680,5.895397663116455
839064,5.1464433670043945
839224,2.26778244972229
839312,6.652719497680664
839704,2.9623429775238037
840088,4.832635879516602
840352,3.1004183292388916
840592,3.53556489944458
840976,3.242677927017212
840992,6.770700454711914
841136,2.92887020111084
841224,4.811715602874756
841616,2.719665288925171
842000,1.7698744535446167
842264,4.711297035217285
842504,4.543932914733887
842888,3.6192469596862793
842904,3.53556489944458
843048,3.615062713623047
843136,3.497907876968384
843528,3.3054392337799072
843912,2.6945607662200928
844176,2.9581589698791504
844416,4.811715602874756
844800,1.9623430967330933
844816,3.3221757411956787
845048,1.3640167713165283
845440,3.2635984420776367
845824,3.5188283920288086
846048,4.400000095367432
846088,4.861924648284912
846328,4.6903767585754395
846712,4.242677688598633
846728,3.3221757411956787
846960,4.895397663116455
847352,1.7405858039855957
847736,3.974895477294922
847960,2.857740640640259
848000,5.175732135772705
848240,2.4686193466186523
848624,3.8200836181640625
848640,3.0543932914733887
848872,3.6652719974517822
849264,3.9707112312316895
849648,3.242677927017212
849872,3.2175731658935547
849912,3.3054392337799072
850064,7.010000228881836
850152,5.284518718719482
850536,3.138075351715088
850552,4.661087989807129
850784,4.280334949493408
851560,2.9330544471740723
851784,3.1799163818359375
851824,3.9330544471740723
851976,5.004184246063232
852064,4.150627613067627
852448,4.85774040222168
852464,2.615062713623047
852696,2.3682007789611816
853472,3.0418410301208496
853696,3.020920515060425
853736,3.2845187187194824
853888,4.560669422149658
853976,4.4602508544921875
854360,2.4937238693237305
854376,2.2970712184906006
854608,2.9958159923553467
855384,2.92887020111084
855608,2.92887020111084
855648,3.439330577850342
855800,2.0083682537078857
855888,5.213388919830322
856272,2.7405858039855957
856288,2.602510452270508
856520,3.1213388442993164
857296,3.1882846355438232
857520,1.9539748430252075
857560,5.196652889251709
857800,3.012552261352539
858184,2.673640251159668
858200,2.5313806533813477
858432,2.6903765201568604
859208,2.824267864227295
859432,2.615062713623047
859472,3.543933153152466
859616,3.687631130218506
859712,2.719665288925171
860096,4.874476909637451
860112,3.439330577850342
860344,3.163179874420166
861120,3.7615063190460205
861344,2.489539861679077
861384,2.5857739448547363
861528,4.518828392028809
862008,5.35146427154541
862024,2.874476909637451
862256,2.8870291709899902
863032,3.6945607662200928
863184,4.211981773376465
863256,2.502092123031616
863296,2.347280263900757
863440,1.7364016771316528
863920,4.42259407043457
863936,2.916317939758301
864168,2.92887020111084
864944,2.673640251159668
865096,2.9246861934661865
865168,4.916317939758301
865208,3.138075351715088
865352,3.313807487487793
865832,2.9456067085266113
865848,2.3807530403137207
866080,2.489539861679077
866856,4.267782211303711
867008,3.2970712184906006
867080,2.3054392337799072
867120,2.4728033542633057
867264,4.221757411956787
867744,2.3430962562561035
867760,3.4267783164978027
867992,3.3682007789611816
868768,3.8284518718719482
868920,2.5857739448547363
868992,3.974895477294922
869032,4.6903767585754395
869096,4.55089807510376
869176,2.6694560050964355
869656,3.707113027572632
869904,4.200836658477783
870680,5.878661155700684
870832,4.2259416580200195
870904,2.372385025024414
870944,3.8870291709899902
871008,5.188284397125244
871088,1.9790794849395752
871568,2.5313806533813477
871656,4.75728178024292
871816,2.4811716079711914
872592,1.7907949686050415
872816,4.213388919830322
872856,4.916317939758301
872920,4.213388919830322
873000,3.1589958667755127
873480,4.719665050506592
873568,4.3305439949035645
873728,2.5313806533813477
874504,3.3556485176086426
874728,4.736401557922363
874768,7.104602336883545
874832,5.3305439949035645
874912,2.6903765201568604
875392,3.3430962562561035
875480,1.9581589698791504
875640,4.100418567657471
876416,2.7364015579223633
876640,3.129707098007202
876680,2.569037675857544
876744,3.0418410301208496
876824,2.4351463317871094
877304,3.2845187187194824
877392,2.974895477294922
877552,2.125523090362549
877904,8.140740394592285
878328,3.476987361907959
878552,2.824267864227295
878592,1.7866108417510986
878656,2.895397424697876
878680,3.5460991859436035
879216,3.2468619346618652
879304,6.589958190917969
879816,3.6359832286834717
880240,4.14225959777832
880464,3.652719736099243
880504,2.129707098007202
880568,2.3807530403137207
880592,4.916317939758301
881128,3.6485354900360107
881216,5.426778316497803
881448,4.289719581604004
881728,2.1799163818359375
882152,2.142259359359741
882376,4.2259416580200195
882416,2.7405858039855957
882480,4.092050075531006
883040,5.158995628356934
883128,2.907949686050415
883360,2.5062761306762695
883640,2.6820082664489746
884064,2.4853556156158447
884288,4.35146427154541
884328,4.288702964782715
884392,3.3096234798431396
884952,2.556485414505005
885040,3.602510452270508
885272,3.8786611557006836
885552,2.012552261352539
885976,5.259414196014404
886200,4.811715602874756
886240,3.476987361907959
886304,2.104602575302124
886864,4.108786582946777
886952,5.079497814178467
887184,4.075314044952393
887464,2.5313806533813477
887888,1.9121339321136475
888112,4.263598442077637
888152,4.3221755027771
888216,2.53556489944458
888776,4.8535566329956055
888864,5.083682060241699
889096,3.255230188369751
889376,1.7405858039855957
889800,5.3430962562561035
890024,3.1548116207122803
890064,3.6192469596862793
890128,2.941422700881958
890688,2.384937286376953
890776,2.9581589698791504
891008,2.313807487487793
891288,3.150627613067627
891712,4.744770050048828
891936,6.95815896987915
891976,3.556485414505005
892040,2.510460138320923
892600,3.138075351715088
892688,1.3514643907546997
892920,2.6192469596862793
893200,2.790795087814331
893624,3.451882839202881
893848,3.2259414196014404
893888,3.1087865829467773
893952,5.615062713623047
894512,4.079497814178467
894600,4.9707112312316895
894832,1.7364016771316528
895112,5.35146427154541
895536,3.6234309673309326
895760,4.35146427154541
895800,4.083682060241699
895864,2.1715481281280518
896424,4.476987361907959
896512,3.313807487487793
896720,5.140186786651611
896744,3.4476988315582275
896952,5.436241626739502
897024,3.719665288925171
897448,2.916317939758301
897712,4.292887210845947
898112,3.186206817626953
898336,2.7531380653381348
898424,4.5062761306762695
898632,2.5397489070892334
898656,3.125523090362549
898936,3.0
898976,4.537036895751953
899360,2.698744773864746
899624,1.7866108417510986
900008,4.104477405548096
900248,5.355648517608643
900336,1.9958158731460571
900568,2.326359748840332
900888,3.974895477294922
900904,4.75
901272,2.142259359359741
901592,3.797297239303589
901920,5.502091884613037
902160,2.757322072982788
902248,1.7615063190460205
902480,2.33891224861145
902800,2.73221755027771
902816,2.292886972427368
903184,3.255230188369751
903368,4.972972869873047
903504,2.347280263900757
903832,2.9246861934661865
904072,5.292887210845947
904160,4.163179874420166
904712,4.543932914733887
904728,4.430962562561035
905096,2.8200836181640625
905280,4.46443510055542
905416,3.430962324142456
905744,3.255230188369751
905984,3.602510452270508
906072,2.4853556156158447
906624,3.4853556156158447
906640,2.979079484939575
907192,2.33891224861145
907328,4.0292887687683105
907656,1.5564854145050049
907720,3.853658437728882
907896,3.673640251159668
907984,4.083682060241699
908536,5.020920276641846
908552,2.3221757411956787
908832,3.7170732021331787
909240,3.7280335426330566
909568,4.217573165893555
909632,1.9748953580856323
909808,7.221757411956787
909896,2.4686193466186523
910040,5.050000190734863
910448,2.1548116207122803
910464,2.510460138320923
910744,3.861924648284912
911480,3.0543932914733887
911544,5.209205150604248
911720,2.255230188369751
911808,4.92887020111084
911952,4.472803115844727
912360,4.8200836181640625
912656,2.5313806533813477
913392,2.7949790954589844
913456,3.2970712184906006
913632,2.941422700881958
913720,4.35146427154541
913816,4.367541790008545
913864,2.7991631031036377
914272,3.3096234798431396
914568,4.39330530166626
915304,3.083682060241699
915368,3.6443514823913574
915544,1.9497908353805542
915632,2.8451883792877197
915728,4.138075351715088
915776,4.891213417053223
916184,2.5732216835021973
916480,4.263598442077637
917216,4.230125427246094
917280,3.9707112312316895
917456,2.3514645099639893
917544,2.280334711074829
917640,5.5397491455078125
917688,6.292887210845947
918096,3.6778242588043213
918392,4.769874572753906
919128,2.73221755027771
919192,3.7866108417510986
919368,5.058577537536621
919456,1.9748953580856323
919552,2.476987361907959
920008,4.246861934661865
920304,3.882845163345337
920568,2.7165353298187256
920672,2.9839141368865967
921040,6.121338844299316
921104,1.330543875694275
921280,1.5564854145050049
921368,3.0627615451812744
921920,2.80334734916687
922016,5.342105388641357
922216,2.882845163345337
922480,1.9414225816726685
922584,1.702928900718689
922952,2.7824268341064453
923192,3.372385025024414
923280,3.882845163345337
923832,3.3347280025482178
923928,3.556485414505005
924128,1.7364016771316528
924392,2.9372384548187256
924496,5.012552261352539
924864,6.025104522705078
925104,3.765690326690674
925192,6.192468643188477
925744,3.9330544471740723
925840,2.8995816707611084
926040,3.870292901992798
926304,2.347280263900757
926776,1.7656903266906738
927016,2.5732216835021973
927104,6.117154598236084
927336,4.940845012664795
927656,3.916317939758301
927752,4.974895477294922
927952,3.8535563945770264
928216,4.2970709800720215
928688,4.64853572845459
928928,2.5523011684417725
929016,3.3682007789611816
929248,3.0669455528259277
929568,3.276150703430176
929664,2.3640167713165283
929864,2.5523011684417725
930128,4.050209045410156
930600,2.489539861679077
930840,4.096234321594238
930928,5.481171607971191
931160,1.6066945791244507
931480,4.221757411956787
931576,1.970711350440979
931776,5.60669469833374
932040,1.1841003894805908
932512,4.81589937210083
932752,5.062761306762695
932840,2.129707098007202
933072,3.079497814178467
933392,3.556485414505005
933488,5.066945552825928
933688,7.92887020111084
933952,3.393305540084839
934264,5.649484634399414
934424,3.2301254272460938
934664,2.8451883792877197
934752,4.405857563018799
934984,3.1129708290100098
935304,3.142259359359741
935600,1.401673674583435
935864,4.288702964782715
936176,2.941422700881958
936336,2.698744773864746
936576,2.4686193466186523
936664,2.757322072982788
937216,2.7280335426330566
937512,2.6820082664489746
937776,2.6652719974517822
937992,3.534574508666992
938088,3.117154836654663
938248,2.510460138320923
938488,2.8117153644561768
938576,4.4937238693237305
939128,3.242677927017212
939424,3.6317992210388184
939688,3.451882839202881
939904,5.334728240966797
940000,2.5188283920288086
940160,4.435146331787109
940208,4.591836929321289
940400,3.870292901992798
940488,3.234309673309326
941040,2.594142198562622
941600,4.707112789154053
941816,3.9246861934661865
941912,3.221757411956787
942072,4.100418567657471
942120,5.635983467102051
942312,4.075314044952393
942400,4.874476909637451
942952,4.058577537536621
943512,2.1548116207122803
943728,2.560669422149658
943824,2.615062713623047
943984,5.573221683502197
944032,1.9456067085266113
944224,2.33891224861145
944312,2.4100418090820312
944864,4.472803115844727
945424,4.062761306762695
945640,2.092050313949585
945736,3.7029287815093994
945896,4.108786582946777
945944,4.585773944854736
946136,2.058577299118042
946224,3.6192469596862793
946616,5.73154354095459
946776,2.07112979888916
947552,2.7029287815093994
947648,2.6778242588043213
947808,3.80334734916687
947856,4.644351482391357
948048,5.748953819274902
948136,4.1464433670043945
948528,4.723849296569824
948688,7.6234307289123535
949464,2.1548116207122803
949560,2.502092123031616
949720,5.5397491455078125
949768,4.694560527801514
949960,1.7364016771316528
950048,3.242677927017212
950440,2.698744773864746
950600,4.020920276641846
951376,1.987447738647461
951472,3.3807530403137207
951632,3.1799163818359375
951680,2.1589958667755127
951872,4.2259416580200195
952352,4.230125427246094
952512,2.2594141960144043
953288,4.518828392028809
953384,1.3514643907546997
953544,4.104602336883545
953592,2.916317939758301
953592,3.781038284301758
953784,6.07112979888916
954264,2.3347280025482178
954424,4.42259407043457
955200,2.510460138320923
955296,3.3054392337799072
955456,3.979079484939575
955504,2.5271966457366943
955504,4.267782211303711
955696,2.7029287815093994
956176,4.426778316497803
956336,3.6317992210388184
957112,2.0083682537078857
957208,1.569037675857544
957368,2.966527223587036
957416,3.7280335426330566
957416,4.778242588043213
957608,4.602510452270508
958088,3.0753138065338135
958248,3.556485414505005
959024,4.7029290199279785
959120,1.7740585803985596
959280,3.510460138320923
959328,2.4686193466186523
959328,3.0669455528259277
959520,4.050209045410156
960000,3.6820082664489746
960160,4.096234321594238
960936,2.3054392337799072
961032,2.778242588043213
961192,5.276150703430176
961240,2.80334734916687
961240,2.882845163345337
961432,2.719665288925171
961912,6.075314044952393
962072,2.9246861934661865
962848,4.8535566329956055
962944,3.0753138065338135
963104,3.8786611557006836
963152,2.581589937210083
963152,2.594142198562622
963344,2.569037675857544
963824,2.9581589698791504
963984,4.050209045410156
964760,4.736401557922363
964856,3.5062761306762695
965016,4.769874572753906
965064,3.3807530403137207
965064,3.255230188369751
965256,1.9288703203201294
965736,2.4811716079711914
965896,5.062761306762695
966672,3.0627615451812744
966768,2.9707112312316895
966928,4.196652889251709
966976,3.2845187187194824
966976,2.719665288925171
967168,2.2635984420776367
967648,2.46443510055542
967808,5.209205150604248
968584,2.4686193466186523
968680,3.3305439949035645
968840,3.6317992210388184
968888,3.8326358795166016
968888,2.9037656784057617
969080,2.916317939758301
969560,3.510460138320923
969720,2.707113027572632
970496,2.2970712184906006
970592,3.058577299118042
970752,4.769874572753906
970800,2.698744773864746
970800,3.3221757411956787
970992,5.167364120483398
971472,2.907949686050415
971632,3.033472776412964
972408,2.5523011684417725
972504,4.468619346618652
972664,3.907949686050415
972712,2.138075351715088
972712,2.5313806533813477
972904,3.8117153644561768
973384,3.3179917335510254
973544,3.2259414196014404
974320,1.7447699308395386
974416,3.489539861679077
974576,4.665271759033203
974624,3.8200836181640625
974624,4.627614974975586
974816,3.2970712184906006
975296,2.857740640640259
975456,5.284518718719482
976232,2.163179874420166
976328,3.849372386932373
976488,3.895397424697876
976536,3.92887020111084
976536,3.083682060241699
976728,5.104602336883545
977208,5.004184246063232
977368,2.8661088943481445
978144,3.242677927017212
978240,2.8451883792877197
978400,2.8410041332244873
978448,2.824267864227295
978448,2.2510459423065186
978536,3.2876713275909424
978640,3.079497814178467
979120,2.6820082664489746
980152,3.347280263900757
980312,3.0502092838287354
980360,4.472803115844727
980360,2.3682007789611816
980448,3.815899610519409
980552,3.288702964782715
980968,5.175637245178223
981032,3.941422700881958
982064,4.832635879516602
982272,3.652719736099243
982272,3.138075351715088
982360,2.5188283920288086
982464,5.548117160797119
982944,5.251046180725098
983312,4.949333190917969
983976,4.589958190917969
984184,2.4476988315582275
984184,3.1129708290100098
984272,5.125523090362549
984376,1.9456067085266113
984752,3.49682879447937
984856,5.096234321594238
985224,3.2133891582489014
985888,3.2845187187194824
986096,2.941422700881958
986096,3.7405858039855957
986184,4.811715602874756
986288,3.4811716079711914
986664,2.0753138065338135
986768,3.3096234798431396
987136,5.979079723358154
987800,3.1129708290100098
988008,4.987447738647461
988008,3.372385025024414
988096,2.8995816707611084
988200,3.8535563945770264
988576,4.242677688598633
988680,2.129707098007202
989048,2.5062761306762695
989712,3.882845163345337
989920,3.104602575302124
989920,2.778242588043213
990008,4.8535566329956055
990112,1.6025104522705078
990488,3.836820125579834
990592,3.640167474746704
990960,3.397489547729492
991624,3.3556485176086426
991832,4.267782211303711
991832,2.6359832286834717
991920,3.744769811630249
992024,4.230125427246094
992272,4.939024448394775
992504,2.359832525253296
993536,1.3640167713165283
993744,2.234309673309326
993744,2.5523011684417725
993832,3.2635984420776367
993936,2.4937238693237305
994184,2.2594141960144043
994296,4.006302356719971
994416,3.083682060241699
995448,3.301255226135254
995656,5.1464433670043945
995656,4.096234321594238
995744,2.8912134170532227
995848,3.8661088943481445
996096,2.6778242588043213
996208,4.686192512512207
996328,3.418410062789917
997360,3.757322072982788
997568,3.1715481281280518
997568,3.723849296569824
997656,3.7489540576934814
997760,6.066945552825928
998008,3.1924686431884766
998120,3.0753138065338135
998240,1.8744770288467407
999272,5.502091884613037
999480,3.2635984420776367
999480,3.0543932914733887
999568,2.7949790954589844
999672,1.569037675857544
999920,4.435146331787109
1000032,2.6485354900360107
1000152,4.9832634925842285
1001184,2.9707112312316895
1001392,3.3179917335510254
1001392,2.6359832286834717
1001480,2.8870291709899902
1001584,6.150627613067627
1001832,1.3891212940216064
1001944,2.0083682537078857
1002064,5.271966457366943
1003096,3.7866108417510986
1003304,4.811715602874756
1003304,4.6234307289123535
1003392,2.569037675857544
1003496,2.4267783164978027
1003744,3.6569037437438965
1003856,1.7364016771316528
1003976,1.9288703203201294
1005008,4.874476909637451
1005216,3.33891224861145
1005216,2.5188283920288086
1005304,3.1213388442993164
1005408,2.3096234798431396
1005656,4.443514823913574
1005768,1.7405858039855957
1005888,3.443514585494995
1006920,1.2008367776870728
1007128,1.4979079961776733
1007128,3.347280263900757
1007216,1.163179874420166
1007320,3.0502092838287354
1007568,2.1338911056518555
1007680,2.3556485176086426
1007800,2.1129708290100098
1008832,2.9456067085266113
1009040,4.037656784057617
1009040,1.3682007789611816
1009128,3.9707112312316895
1009232,3.7029287815093994
1009480,2.092050313949585
1009592,5.765690326690674
1009712,3.3054392337799072
1010744,2.719665288925171
1010952,4.60669469833374
1010952,4.707112789154053
1011040,2.849372386932373
1011144,2.615062713623047
1011392,4.799163341522217
1011504,1.73221755027771
1011624,1.9665272235870361
1012656,3.1129708290100098
1012864,1.7364016771316528
1012952,2.3807530403137207
1013056,4.694560527801514
1013304,4.748953819274902
1013416,2.698744773864746
1013536,5.309597492218018
1013536,3.3054392337799072
1014568,2.058577299118042
1014776,1.7405858039855957
1014864,2.1589958667755127
1014968,3.288702964782715
1015216,2.07112979888916
1015328,2.9581589698791504
1015448,2.3096234798431396
1015448,4.0167365074157715
1016480,1.7615063190460205
1016688,3.0962343215942383
1016776,2.6359832286834717
1016880,3.7405858039855957
1017128,2.719665288925171
1017240,4.95815896987915
1017360,3.874476909637451
1017360,2.4853556156158447
1018392,3.9456067085266113
1018600,5.564853668212891
1018688,4.0292887687683105
1018792,2.125523090362549
1019040,2.4686193466186523
1019152,3.0962343215942383
1019272,4.037656784057617
1019272,3.627614974975586
1020304,2.953974962234497
1020512,3.117154836654663
1020600,1.9958158731460571
1020704,4.468619346618652
1020952,2.129707098007202
1021064,2.384937286376953
1021184,3.163179874420166
1021184,3.5899581909179688
1022216,2.9707112312316895
1022424,3.3347280025482178
1022512,1.9414225816726685
1022616,1.3891212940216064
1022864,2.707113027572632
1022976,3.292886972427368
1023096,2.5899581909179688
1023096,2.916317939758301
1024128,2.33891224861145
1024336,4.267782211303711
1024424,3.9121339321136475
1024528,4.426778316497803
1024776,2.7489540576934814
1024888,2.723849296569824
1025008,5.11297082901001
1025008,4.401673793792725
1026040,2.2970712184906006
1026248,3.0962343215942383
1026336,1.5774058103561401
1026440,2.0878660678863525
1026688,4.723849296569824
1026800,2.548117160797119
1026920,3.209204912185669
1026920,2.824267864227295
1027952,3.104602575302124
1028160,4.581590175628662
1028248,1.7615063190460205
1028352,2.405857801437378
1028600,2.0543932914733887
1028712,2.707113027572632
1028832,1.5732218027114868
1028832,2.9037656784057617
1029856,4.640625
1029864,3.3179917335510254
1030072,3.4602510929107666
1030136,4.920245170593262
1030160,2.953974962234497
1030264,2.8451883792877197
1030512,2.292886972427368
1030624,6.916317939758301
1031768,4.531380653381348
1031776,2.184100389480591
1031984,3.640167474746704
1032048,4.079497814178467
1032072,4.728033542633057
1032176,5.753138065338135
1032424,2.3891212940216064
1032536,1.569037675857544
1033680,5.439330577850342
1033688,2.80334734916687
1033896,2.9707112312316895
1033960,4.292887210845947
1033984,1.5732218027114868
1034088,3.73221755027771
1034336,2.6820082664489746
1034448,5.405857563018799
1035592,1.9623430967330933
1035600,2.8535563945770264
1035808,5.025104522705078
1035872,4.728033542633057
1035896,1.3974895477294922
1036000,3.4602510929107666
1036248,2.07112979888916
1036360,3.815899610519409
1037504,4.288702964782715
1037512,2.92887020111084
1037720,2.5271966457366943
1037784,2.5062761306762695
1037808,1.7238494157791138
1037912,4.414226055145264
1038160,4.832635879516602
1038272,4.451882839202881
1039416,2.1589958667755127
1039424,2.920502185821533
1039632,3.987447738647461
1039696,3.313807487487793
1039720,2.5523011684417725
1039824,4.368200778961182
1040072,2.510460138320923
1040184,2.627614974975586
1041328,3.0962343215942383
1041336,1.8912134170532227
1041544,2.66108775138855
1041608,2.4267783164978027
1041632,5.154811859130859
1041736,1.7615063190460205
1041984,3.3765690326690674
1042096,2.9121339321136475
1042560,3.110236167907715
1043240,2.1548116207122803
1043248,3.2510459423065186
1043520,2.1129708290100098
1043544,3.849372386932373
1043648,3.430962324142456
1043896,3.1673641204833984
1044008,2.1673641204833984
1044472,2.8870291709899902
1045072,4.489795684814453
1045152,2.5313806533813477
1045160,3.26778244972229
1045432,4.07112979888916
1045456,2.6778242588043213
1045560,3.163179874420166
1045920,3.489539861679077
1046384,2.6945607662200928
1046648,3.6710526943206787
1046984,3.489539861679077
1047064,4.100418567657471
1047072,4.644351482391357
1047368,3.3054392337799072
1047472,3.0418410301208496
1047832,4.125523090362549
1048296,3.384937286376953
1048560,2.719665288925171
1048896,3.1129708290100098
1048976,5.81589937210083
1048984,4.217573165893555
1049280,2.1338911056518555
1049384,2.4811716079711914
1049744,4.435146331787109
1050208,4.652719497680664
1050472,1.401673674583435
1050808,2.163179874420166
1050888,2.301255226135254
1050896,2.5523011684417725
1051072,3.5044643878936768
1051296,5.234309673309326
1051656,4.025104522705078
1052120,2.1338911056518555
1052384,6.171547889709473
1052720,2.3305439949035645
1052800,3.861924648284912
1052808,2.5062761306762695
1052984,2.326359748840332
1053208,1.9665272235870361
1053568,5.18410062789917
1054032,4.995815753936768
1054296,2.1338911056518555
1054632,4.518828392028809
1054712,4.832635879516602
1054720,1.7405858039855957
1054896,2.9246861934661865
1055120,2.8912134170532227
1055480,4.2970709800720215
1055944,2.7364015579223633
1056208,2.7029287815093994
1056544,2.3221757411956787
1056624,4.552301406860352
1056632,4.765690326690674
1056808,3.556485414505005
1057032,2.6778242588043213
1057392,1.7405858039855957
1057856,3.430962324142456
1058120,2.4602510929107666
1058456,2.19665265083313
1058536,3.627614974975586
1058544,2.6569037437438965
1058720,1.983263611793518
1058944,3.9330544471740723
1059304,3.523012638092041
1059768,2.686192512512207
1060032,4.418409824371338
1060368,3.8075313568115234
1060448,2.384937286376953
1060456,1.7071130275726318
1060632,3.4811716079711914
1060856,3.80334734916687
1061216,2.2635984420776367
1061680,2.907949686050415
1061944,2.125523090362549
1062280,2.163179874420166
1062360,2.9372384548187256
1062368,3.2133891582489014
1062544,3.430962324142456
1062768,1.970711350440979
1063128,2.9121339321136475
1063592,3.874476909637451
1063608,4.42307710647583
1063856,2.175732135772705
1064192,3.1004183292388916
1064280,2.7824268341064453
1064456,3.184100389480591
1064680,2.523012638092041
1065040,5.046025276184082
1065504,2.1338911056518555
1065520,2.594142198562622
1065768,3.8451883792877197
1066104,3.0962343215942383
1066192,2.895397424697876
1066368,2.9623429775238037
1066592,2.92887020111084
1066952,2.0041840076446533
1067416,3.9330544471740723
1067432,3.3096234798431396
1067680,3.125523090362549
1068016,3.2635984420776367
1068104,5.627614974975586
1068280,3.313807487487793
1068504,2.7824268341064453
1068856,3.1020407676696777
1068864,2.19665265083313
1069328,5.39330530166626
1069344,5.401673793792725
1069928,2.142259359359741
1070016,2.510460138320923
1070192,3.326359748840332
1070416,6.317991733551025
1070768,2.941422700881958
1070776,2.138075351715088
1071240,3.974895477294922
1071256,1.3514643907546997
1071552,4.911458492279053
1072104,2.510460138320923
1072328,4.242677688598633
1072680,4.8535566329956055
1072688,2.5397489070892334
1073104,3.0906801223754883
1073152,1.5564854145050049
1073168,1.9958158731460571
1073464,2.778242588043213
1073944,6.616161823272705
1074016,1.3682007789611816
1074240,1.9456067085266113
1074592,2.686192512512207
1074600,4.359832763671875
1075016,5.205020904541016
1075080,1.3849372863769531
1075376,2.9372384548187256
1075856,2.4853556156158447
1075928,4.861924648284912
1076152,2.9916317462921143
1076504,3.8661088943481445
1076512,2.476987361907959
1076928,4.0167365074157715
1076992,3.3096234798431396
1077288,3.5188283920288086
1077768,1.3640167713165283
1077840,2.3347280025482178
1078064,3.3556485176086426
1078416,2.510460138320923
1078424,2.079497814178467
1078840,2.4476988315582275
1078904,2.0
1079200,5.14225959777832
1079680,6.079497814178467
1079752,5.125523090362549
1079976,3.489539861679077
1080328,5.497908115386963
1080336,3.5523011684417725
1080752,2.3682007789611816
1080816,5.020920276641846
1080880,3.200000047683716
1081112,2.3054392337799072
1081664,2.0083682537078857
1081888,4.615062713623047
1082240,3.5774059295654297
1082248,3.53556489944458
1082664,1.1841003894805908
1082728,1.9623430967330933
1082792,1.401673674583435
1083024,2.6569037437438965
1083576,2.569037675857544
1083800,3.5774059295654297
1084152,2.079497814178467
1084160,1.9748953580856323
1084576,3.8661088943481445
1084640,2.1129708290100098
1084704,2.974895477294922
1084936,4.652719497680664
1085488,3.276150703430176
1085712,2.707113027572632
1086064,4.472803115844727
1086072,3.4686193466186523
1086488,3.0543932914733887
1086552,3.221757411956787
1086616,4.096234321594238
1086848,3.0627615451812744
1087400,2.6569037437438965
1087624,3.2719664573669434
1087984,4.414226055145264
1088464,2.0543932914733887
1088528,3.0669455528259277
1088760,4.058577537536621
1089312,2.6694560050964355
1089536,2.7029287815093994
1089824,3.5276596546173096
1089896,3.4267783164978027
1090032,2.747178316116333
1090376,7.163179874420166
1090440,2.719665288925171
1090672,4.35146427154541
1090888,5.130841255187988
1091224,3.1715481281280518
1091448,2.979079484939575
1091736,4.60669469833374
1091808,1.163179874420166
1092288,1.9372384548187256
1092352,3.5774059295654297
1092584,4.42259407043457
1092800,3.1129708290100098
1093136,2.606694459915161
1093360,3.1464436054229736
1093648,2.953974962234497
1093720,2.5648536682128906
1094200,3.242677927017212
1094264,1.970711350440979
1094496,2.1213388442993164
1094712,3.5188283920288086
1094816,4.416058540344238
1095048,2.6694560050964355
1095272,6.129707336425781
1095528,5.421568393707275
1095560,1.9581589698791504
1096112,5.217573165893555
1096176,3.0167365074157715
1096408,2.6652719974517822
1096728,2.1129708290100098
1096960,3.857740640640259
1097184,5.652719497680664
1097440,1.9665272235870361
1097472,4.2259416580200195
1098024,1.9539748430252075
1098088,2.719665288925171
1098320,2.393305540084839
1098640,4.569037437438965
1098872,2.451882839202881
1099096,3.451882839202881
1099352,3.5774059295654297
1099384,2.874476909637451
1099936,6.359832763671875
1100000,3.8075313568115234
1100552,3.0418410301208496
1100784,5.188284397125244
1100928,5.974137783050537
1101008,2.5523011684417725
1101264,2.129707098007202
1101296,3.1799163818359375
1101848,2.3891212940216064
1101896,3.693512201309204
1102464,2.5523011684417725
1102696,3.4100418090820312
1102840,3.849372386932373
1102920,4.213388919830322
1103176,2.5313806533813477
1103208,3.3807530403137207
1103760,2.4602510929107666
1103808,3.765690326690674
1104376,4.242677688598633
1104608,1.987447738647461
1104832,1.7698744535446167
1105088,2.719665288925171
1105120,2.698744773864746
1105672,2.560669422149658
1105720,2.4728033542633057
1105904,3.318537950515747
1106288,1.3640167713165283
1106520,1.9037656784057617
1106744,4.560669422149658
1107000,2.5397489070892334
1107032,2.242677927017212
1107584,3.138075351715088
1107632,3.2594141960144043
1107816,2.7029287815093994
1108200,3.4225940704345703
1108432,2.765690326690674
1108656,3.0962343215942383
1108912,2.1548116207122803
1108944,2.7866108417510986
1109496,2.8912134170532227
1109544,3.5983264446258545
1109688,6.3978495597839355
1109728,3.569037675857544
1110112,4.175732135772705
1110344,5.1464433670043945
1110568,3.719665288925171
1110824,2.9246861934661865
1111408,1.9623430967330933
1111456,1.7573221921920776
1111560,2.491712808609009
1111600,2.80334734916687
1111640,1.3682007789611816
1112256,4.870292663574219
1112480,2.313807487487793
1112736,4.1338911056518555
1113320,2.719665288925171
1113368,1.7782427072525024
1113472,3.280334711074829
1113512,2.117154836654663
1113552,3.3556485176086426
1114168,3.083682060241699
1114392,4.35146427154541
1114648,1.7364016771316528
1115232,2.569037675857544
1115280,5.338912010192871
1115384,3.5983264446258545
1115424,2.556485414505005
1115464,2.9707112312316895
1116080,1.1966527700424194
1116304,5.85774040222168
1116560,3.0962343215942383
1117144,2.33891224861145
1117192,5.292887210845947
1117296,2.150627613067627
1117336,1.569037675857544
1117376,5.811715602874756
1117992,3.556485414505005
1118216,2.8410041332244873
1118472,3.7824268341064453
1119056,2.7824268341064453
1119104,4.3096232414245605
1119208,2.8661088943481445
1119248,2.4142260551452637
1119288,4.707112789154053
1119904,5.163179874420166
1120128,3.033472776412964
1120384,5.033473014831543
1120448,4.079999923706055
1120968,4.242677688598633
1121016,1.970711350440979
1121120,4.39330530166626
1121200,2.9707112312316895
1121816,1.7698744535446167
1122040,3.4853556156158447
1122296,3.870292901992798
1122360,1.8912134170532227
1122880,3.46443510055542
1122928,4.945606708526611
1123032,3.502092123031616
1123112,5.263598442077637
1123728,1.719665288925171
1123952,2.3305439949035645
1124208,3.8535563945770264
1124272,2.456066846847534
1124792,2.372385025024414
1124840,4.384937286376953
1124944,2.548117160797119
1125024,4.903765678405762
1125640,5.502091884613037
1126120,3.7698745727539062
1126184,2.405857801437378
1126704,2.9246861934661865
1126752,2.9246861934661865
1126856,3.895397424697876
1126936,3.824267864227295
1127040,3.8341968059539795
1127552,6.987447738647461
1128032,2.7364015579223633
1128096,2.556485414505005
1128616,4.054393291473389
1128664,4.284518718719482
1128768,3.012552261352539
1128848,2.3096234798431396
1128952,3.242677927017212
1129944,2.3305439949035645
1130008,3.8912134170532227
1130528,4.602510452270508
1130576,2.5397489070892334
1130680,2.7531380653381348
1130760,2.744769811630249
1130864,1.9958158731460571
1131040,3.7912843227386475
1131856,3.292886972427368
1131920,5.020920276641846
1132440,2.7029287815093994
1132488,2.405857801437378
1132592,2.966527223587036
1132672,2.974895477294922
1132776,2.301255226135254
1132952,5.0292887687683105
1133768,3.895397424697876
1133832,2.548117160797119
1134352,4.14225959777832
1134400,2.80334734916687
1134504,2.301255226135254
1134584,3.5732216835021973
1134688,2.920502185821533
1134864,5.020920276641846
1135248,6.188679218292236
1135680,3.3054392337799072
1135744,3.8451883792877197
1136032,6.3035712242126465
1136264,6.255229949951172
1136416,2.3221757411956787
1136496,3.0543932914733887
1136776,1.9581589698791504
1136824,4.552447319030762
1137160,2.7531380653381348
1137656,3.0962343215942383
1137944,2.3305439949035645
1138176,3.138075351715088
1138328,2.92887020111084
1138408,1.9456067085266113
1138688,2.5062761306762695
1138736,1.7573221921920776
1139072,2.1548116207122803
1139568,3.2301254272460938
1139856,8.535564422607422
1140088,4.07112979888916
1140240,3.1548116207122803
1140320,2.476987361907959
1140600,3.1673641204833984
1140648,2.9330544471740723
1140984,3.7824268341064453
1141480,3.3682007789611816
1141768,1.5732218027114868
1142000,2.7280335426330566
1142152,4.523012638092041
1142232,4.602510452270508
1142512,2.125523090362549
1142560,4.100418567657471
1142896,2.9121339321136475
1143680,2.6694560050964355
1143912,4.359832763671875
1144064,3.242677927017212
1144144,2.9707112312316895
1144424,2.9707112312316895
1144472,3.288702964782715
1144520,4.8789472579956055
1144808,3.0418410301208496
1145592,2.8786611557006836
1145824,2.209204912185669
1145976,2.686192512512207
1146056,3.3305439949035645
1146336,3.7824268341064453
1146384,3.556485414505005
1146432,4.523012638092041
1146720,3.142259359359741
1146832,4.2056074142456055
1147208,4.907514572143555
1147504,4.234309673309326
1147968,3.3096234798431396
1148248,2.5146443843841553
1148344,2.6945607662200928
1148632,3.1799163818359375
1148744,1.7824268341064453
1148928,3.955974817276001
1149120,1.7071130275726318
1149416,3.4937238693237305
1149720,7.244185924530029
1149880,3.0502092838287354
1150160,3.221757411956787
1150544,2.2050209045410156
1150656,5.025104522705078
1151032,3.510460138320923
1151328,4.238493919372559
1151632,2.092050313949585
1151792,2.1464436054229736
1152072,3.0418410301208496
1152456,3.4225940704345703
1152568,3.6694560050964355
1152696,4.677282333374023
1152944,3.3807530403137207
1153240,2.556485414505005
1153544,2.497907876968384
1153704,7.364016532897949
1153984,3.1004183292388916
1154368,2.359832525253296
1154376,3.873239517211914
1154480,1.7782427072525024
1154608,2.26778244972229
1154856,3.497907876968384
1155456,4.447698593139648
1155616,4.811715602874756
1155896,3.6443514823913574
1156280,2.6820082664489746
1156288,3.301255226135254
1156520,2.5397489070892334
1156768,3.1129708290100098
1157368,4.230125427246094
1157528,1.970711350440979
1157808,3.3891212940216064
1158104,3.9779250621795654
1158192,2.326359748840332
1158200,4.11297082901001
1158432,5.6903767585754395
1158680,3.5146443843841553
1159280,2.9832634925842285
1159440,2.5523011684417725
1159720,2.2970712184906006
1160016,2.686192512512207
1160104,3.497907876968384
1160112,2.3179917335510254
1160344,3.556485414505005
1160592,4.451882839202881
1161192,5.778242588043213
1161352,3.0543932914733887
1161632,6.966526985168457
1161928,1.569037675857544
1162016,2.301255226135254
1162024,4.790794849395752
1162256,3.0083682537078857
1162504,2.125523090362549
1163104,3.5188283920288086
1163264,2.347280263900757
1163544,3.0669455528259277
1163840,3.2008368968963623
1163928,1.569037675857544
1163936,3.6569037437438965
1164416,4.255229949951172
1165016,4.251046180725098
1165176,1.7698744535446167
1165456,1.552301287651062
1165576,5.178313255310059
1165752,0.9958158731460571
1165840,2.7531380653381348
1165848,3.347280263900757
1166328,2.489539861679077
1166560,5.4257426261901855
1166928,2.405857801437378
1167088,4.384937286376953
1167368,4.054393291473389
1167488,3.7364015579223633
1167752,3.0041840076446533
1167760,2.5188283920288086
1168240,4.405857563018799
1168472,4.861924648284912
1168840,3.3891212940216064
1169000,5.6778244972229
1169280,2.9707112312316895
1169400,2.7154812812805176
1169664,1.3640167713165283
1169672,4.238493919372559
1170152,5.125523090362549
1170384,3.907949686050415
1170752,3.221757411956787
1170912,4.14225959777832
1171192,1.9246861934661865
1171312,2.19665265083313
1171576,2.73221755027771
1171584,2.920502185821533
1172064,4.271966457366943
1172296,3.33891224861145
1172664,3.861924648284912
1172824,2.4476988315582275
1173104,2.8786611557006836
1173224,4.979079723358154
1173488,3.4937238693237305
1173496,3.53556489944458
1173976,3.8870291709899902
1174208,2.3514645099639893
1174576,3.1673641204833984
1174736,3.234309673309326
1175016,2.092050313949585
1175136,2.8661088943481445
1175400,4.39330530166626
1175408,2.5146443843841553
1175792,4.618556499481201
1175888,1.3849372863769531
1176120,3.3682007789611816
1176152,2.7165353298187256
1176488,2.719665288925171
1176648,2.6945607662200928
1177312,2.5732216835021973
1177320,3.1548116207122803
1177704,3.8786611557006836
1177800,1.983263611793518
1178064,2.439330577850342
1178400,5.0
1178560,3.0543932914733887
1179224,2.3305439949035645
1179232,1.552301287651062
1179496,2.5094785690307617
1179616,2.5774059295654297
1179712,1.9748953580856323
1179976,2.80334734916687
1180312,1.3682007789611816
1180472,2.7280335426330566
1181136,2.824267864227295
1181144,2.397489547729492
1181408,2.5648536682128906
1181528,2.8912134170532227
1181624,2.73221755027771
1181888,1.7447699308395386
1182224,4.937238693237305
1182384,4.414226055145264
1183048,2.719665288925171
1183056,2.129707098007202
1183320,2.7280335426330566
1183440,5.092050075531006
1183536,1.7782427072525024
1183800,4.799163341522217
1184136,4.686192512512207
1184296,2.6192469596862793
1184960,2.6903765201568604
1184968,3.1673641204833984
1185232,1.9414225816726685
1185352,2.7364015579223633
1185448,2.33891224861145
1185712,5.288702964782715
1186048,2.175732135772705
1186208,2.907949686050415
1186872,2.1673641204833984
1186880,4.828452110290527
1187144,2.138075351715088
1187264,3.4225940704345703
1187296,5.952381134033203
1187960,3.476987361907959
1188120,3.083682060241699
1188640,4.1147541999816895
1188784,2.548117160797119
1188792,5.020920276641846
1189056,1.3640167713165283
1189176,6.794979095458984
1189208,1.8995815515518188
1189872,4.6694560050964355
1190032,2.719665288925171
1190552,4.0292887687683105
1190696,3.6778242588043213
1190704,3.497907876968384
1190968,4.937238693237305
1191088,2.1338911056518555
1191120,3.497907876968384
1191784,3.9037656784057617
1191944,3.4016735553741455
1192464,4.054393291473389
1192608,2.7698745727539062
1192616,2.523012638092041
1192880,4.347280502319336
1193000,2.3807530403137207
1193032,4.435146331787109
1193696,2.510460138320923
1193856,1.3640167713165283
1194376,5.803347110748291
1194520,2.4476988315582275
1194792,2.5397489070892334
1194912,3.4937238693237305
1194944,1.330543875694275
1195448,4.587570667266846
1195608,4.163179874420166
1195768,3.3640167713165283
1196288,5.60669469833374
1196432,2.142259359359741
1196704,2.9497907161712646
1196824,4.598326206207275
1196856,4.937238693237305
1197360,2.7280335426330566
1197520,3.3430962562561035
1197680,2.895397424697876
1198200,2.6778242588043213
1198344,1.7698744535446167
1198616,1.8912134170532227
1198736,1.9246861934661865
1198768,1.4058576822280884
1199432,1.7447699308395386
1199592,4.878661155700684
1200112,2.5397489070892334
1200256,1.7447699308395386
1200344,2.6916890144348145
1200648,3.974895477294922
1200680,4.640167236328125
1201344,3.640167474746704
1201504,5.062761306762695
1201512,3.522099494934082
1202024,3.1548116207122803
1202168,2.142259359359741
1202256,3.033472776412964
1202560,3.1589958667755127
1202592,4.5062761306762695
1203256,4.953974723815918
1203416,2.7154812812805176
1203424,2.836820125579834
1203936,3.476987361907959
1204080,2.3096234798431396
1204472,2.1799163818359375
1204504,2.19665265083313
1205168,2.719665288925171
1205184,4.3633880615234375
1205328,2.5397489070892334
1205336,3.0
1205848,4.14225959777832
1205992,2.698744773864746
1206416,1.5899581909179688
1207080,2.359832525253296
1207096,2.1799163818359375
1207240,2.1213388442993164
1207248,1.7364016771316528
1207456,4.504021644592285
1207760,2.698744773864746
1207904,1.9623430967330933
1208328,1.163179874420166
1208408,2.8082191944122314
1208992,4.263598442077637
1209008,2.1087865829467773
1209160,2.125523090362549
1209672,2.5983264446258545
1210240,2.987447738647461
1210320,2.9246861934661865
1210568,4.156156063079834
1210904,1.9330544471740723
1210920,3.765690326690674
1211000,4.079006671905518
1211072,4.18410062789917
1211584,4.288702964782715
1212152,2.163179874420166
1212232,1.5564854145050049
1212480,1.3640167713165283
1212816,3.0292887687683105
1212832,4.125523090362549
1212912,2.1464436054229736
1212984,5.1464433670043945
1213496,2.2970712184906006
1214064,1.719665288925171
1214144,2.2384936809539795
1214392,2.7029287815093994
1214728,3.6192469596862793
1214744,4.949790954589844
1214824,5.020920276641846
1214896,2.1338911056518555
1215408,5.573221683502197
1215976,2.92887020111084
1216056,2.313807487487793
1216304,2.719665288925171
1216640,4.861924648284912
1216656,2.7029287815093994
1216736,2.8451883792877197
1216808,3.53556489944458
1217320,2.941422700881958
1217888,3.698744773864746
1217968,2.301255226135254
1218216,6.794979095458984
1218552,2.7615063190460205
1218568,4.4937238693237305
1218648,2.0
1218720,2.73221755027771
1219232,4.054393291473389
1219800,4.200836658477783
1219880,2.6485354900360107
1220128,5.715481281280518
1220464,2.5732216835021973
1220480,2.0753138065338135
1220560,3.2510459423065186
1220632,2.405857801437378
1221144,1.702928900718689
1221712,4.92887020111084
1221792,2.2594141960144043
1222040,1.9623430967330933
1222376,3.1799163818359375
1222392,2.5648536682128906
1222472,1.6108787059783936
1222544,3.6359832286834717
1223056,2.836820125579834
1223624,2.1589958667755127
1223704,5.104602336883545
1223952,2.66108775138855
1224288,2.594142198562622
1224304,1.7949790954589844
1224384,4.5062761306762695
1224456,3.974895477294922
1224968,2.1129708290100098
1225536,3.5983264446258545
1225616,3.4811716079711914
1225864,5.317991733551025
1226200,1.53556489944458
1226216,1.7573221921920776
1226296,2.1589958667755127
1226368,2.9121339321136475
1226880,2.1589958667755127
1227448,3.1589958667755127
1227528,2.301255226135254
1227776,2.3556485176086426
1228112,3.7154812812805176
1228128,2.711297035217285
1228208,2.129707098007202
1228280,3.8995816707611084
1228792,3.870292901992798
1229360,2.2845187187194824
1229440,2.1673641204833984
1229688,1.6652719974517822
1230024,4.100418567657471
1230040,3.0753138065338135
1230120,3.2008368968963623
1230192,2.1004183292388916
1230704,1.569037675857544
1231272,3.0292887687683105
1231352,3.430962324142456
1231600,4.602510452270508
1231936,2.5313806533813477
1231952,5.125523090362549
1232032,1.987447738647461
1232104,1.7238494157791138
1232616,2.3430962562561035
1233184,4.430962562561035
1233264,4.953974723815918
1233512,1.5732218027114868
1233848,4.627614974975586
1233864,2.7405858039855957
1233944,7.129707336425781
1234016,3.6652719974517822
1234528,2.80334734916687
1234672,4.99009895324707
1235096,3.874476909637451
1235176,4.979079723358154
1235424,2.3096234798431396
1235760,2.9456067085266113
1235856,2.719665288925171
1235928,3.8786611557006836
1236312,5.405405521392822
1236440,1.7573221921920776
1236584,1.7447699308395386
1237008,3.1799163818359375
1237088,4.04184103012085
1237672,2.765690326690674
1237768,3.4142260551452637
1237840,3.8075313568115234
1238224,2.5313806533813477
1238352,4.824267864227295
1238496,4.259414196014404
1238920,2.6694560050964355
1239000,1.5606694221496582
1239584,5.933054447174072
1239680,2.8451883792877197
1239752,3.138075351715088
1240136,3.5188283920288086
1240264,1.9623430967330933
1240408,2.556485414505005
1240616,5.416666507720947
1240832,3.372385025024414
1240912,0.9958158731460571
1241496,3.313807487487793
1241592,3.2845187187194824
1242048,3.916317939758301
1242176,4.979079723358154
1242320,3.326359748840332
1242528,5.665271759033203
1242744,5.397489547729492
1242824,2.405857801437378
1243408,4.230125427246094
1243432,7.976744174957275
1243504,3.1673641204833984
1243960,2.815899610519409
1244088,2.836820125579834
1244232,1.7740585803985596
1244440,2.2468619346618652
1244736,2.347280263900757
1245320,3.9330544471740723
1245344,2.7740585803985596
1245416,2.3054392337799072
1245576,5.857142925262451
1245872,6.213388919830322
1246000,3.33891224861145
1246144,1.9748953580856323
1246352,2.7029287815093994
1247232,2.8995816707611084
1247256,3.882845163345337
1247328,4.979079723358154
1247488,2.301255226135254
1247784,1.8912134170532227
1247912,3.66108775138855
1248056,3.163179874420166
1248264,2.1129708290100098
1249144,3.4351463317871094
1249168,3.326359748840332
1249240,2.7405858039855957
1249400,2.184100389480591
1249696,3.1087865829467773
1249824,3.5146443843841553
1249968,2.824267864227295
1251056,3.129707098007202
1251080,1.3682007789611816
1251152,2.652719736099243
1251312,4.054393291473389
1251320,4.604712009429932
1251608,2.5732216835021973
1251736,2.3682007789611816
1251880,1.8075313568115234
1252968,1.9748953580856323
1252992,4.8200836181640625
1253064,2.4686193466186523
1253224,5.11297082901001
1253232,2.7531380653381348
1253520,2.4016735553741455
1253648,1.552301287651062
1253792,6.284518718719482
1253808,5.480391979217529
1254880,1.7782427072525024
1254976,0.9958158731460571
1255144,3.9958159923553467
1255432,4.004184246063232
1255560,2.824267864227295
1255704,1.5899581909179688
1255720,3.150627613067627
1256792,3.33891224861145
1256816,2.9265034198760986
1256888,1.7782427072525024
1257056,2.3305439949035645
1257344,1.9414225816726685
1257472,1.6066945791244507
1257616,3.6234309673309326
1257632,2.719665288925171
1258704,2.104602575302124
1258728,1.7991632223129272
1258800,2.5523011684417725
1258968,4.6108784675598145
1259256,2.9497907161712646
1259384,3.778242588043213
1259528,4.18410062789917
1259544,5.698744773864746
1260616,4.062761306762695
1260640,2.3682007789611816
1260712,4.719665050506592
1260880,2.9832634925842285
1261168,3.326359748840332
1261440,2.301255226135254
1261456,4.18410062789917
1262408,4.230158805847168
1262528,4.472803115844727
1262552,2.3347280025482178
1262624,4.8661088943481445
1262792,2.8912134170532227
1263080,3.974895477294922
1263352,5.083682060241699
1263368,1.7824268341064453
1264320,1.9456067085266113
1264440,4.401673793792725
1264464,2.129707098007202
1264536,1.9581589698791504
1264704,7.397489547729492
1264992,3.6359832286834717
1265264,3.092050313949585
1265280,3.0418410301208496
1266232,1.5564854145050049
1266352,1.9916317462921143
1266376,2.3682007789611816
1266448,3.393305540084839
1266616,3.7866108417510986
1266904,2.5523011684417725
1267136,7.347368240356445
1267176,1.7907949686050415
1267192,2.698744773864746
1268144,4.602510452270508
1268264,3.276150703430176
1268360,3.7489540576934814
1268528,1.9288703203201294
1268816,4.246861934661865
1269048,2.301255226135254
1269088,3.723849296569824
1269104,0.9958158731460571
1270056,3.3096234798431396
1270176,2.292886972427368
1270272,1.9414225816726685
1270440,5.9707112312316895
1270728,4.18410062789917
1270960,1.6025104522705078
1271000,2.2970712184906006
1271016,4.372385025024414
1271968,2.5523011684417725
1272088,3.163179874420166
1272184,4.246861934661865
1272352,3.276150703430176
1272640,1.7615063190460205
1272872,4.581590175628662
1272912,1.7573221921920776
1272928,3.3430962562561035
1273872,2.1578948497772217
1273880,5.104602336883545
1274000,1.5313807725906372
1274096,2.5523011684417725
1274552,3.3765690326690674
1274784,2.53556489944458
1274824,2.966527223587036
1274840,3.1924686431884766
1275792,5.037656784057617
1275912,2.686192512512207
1276008,2.497907876968384
1276048,2.1925134658813477
1276696,4.200836658477783
1276736,2.6945607662200928
1276752,2.9623429775238037
1276824,3.119241237640381
1277704,0.9958158731460571
1277824,1.5313807725906372
1277920,3.815899610519409
1277960,2.7405858039855957
1278608,1.3849372863769531
1278648,2.1129708290100098
1278664,3.9707112312316895
1278736,3.5313806533813477
1279616,3.7029287815093994
1279736,3.184100389480591
1279832,5.543932914733887
1279872,1.6066945791244507
1280520,5.020920276641846
1280560,3.907949686050415
1280576,2.476987361907959
1280648,2.707113027572632
1281528,2.7489540576934814
1281648,3.0878660678863525
1281744,3.1087865829467773
1282432,2.698744773864746
1282472,3.1799163818359375
1282488,2.4728033542633057
1282560,5.033473014831543
1283072,2.427500009536743
1283440,2.0
1283560,2.615062713623047
1283656,2.125523090362549
1284344,4.0167365074157715
1284384,3.0669455528259277
1284400,2.6820082664489746
1284472,2.9037656784057617
1284544,3.1626017093658447
1284984,1.5397489070892334
1285352,3.2845187187194824
1285568,4.18410062789917
1286256,5.271966457366943
1286296,4.811715602874756
1286312,5.7740583419799805
1286384,5.1799163818359375
1286456,3.4937238693237305
1286896,3.6903765201568604
1287264,3.347280263900757
1287480,3.5271966457366943
1288168,3.292886972427368
1288224,3.870292901992798
1288296,3.7029287815093994
1288368,1.9205020666122437
1288808,5.1799163818359375
1289176,3.9246861934661865
1289368,3.4661457538604736
1289392,6.523012638092041
1290080,3.556485414505005
1290136,1.9748953580856323
1290208,1.9205020666122437
1290280,2.163179874420166
1290720,5.025104522705078
1290952,7.911764621734619
1291088,2.3682007789611816
1291280,4.087866306304932
1291304,2.824267864227295
1291992,3.5146443843841553
1292120,4.066945552825928
1292192,4.782426834106445
1292632,3.025104522705078
1292864,3.0753138065338135
1293000,2.301255226135254
1293192,4.81589937210083
1293216,2.9497907161712646
1293688,3.021390438079834
1293904,2.9958159923553467
1294032,2.7489540576934814
1294544,1.9330544471740723
1294776,2.4728033542633057
1294912,3.405857801437378
1295104,1.8995815515518188
1295128,3.870292901992798
1295600,2.7824268341064453
1295816,3.46443510055542
1295944,3.686192512512207
1296288,6.05232572555542
1296456,1.7447699308395386
1296688,2.129707098007202
1297016,2.861924648284912
1297040,2.4686193466186523
1297512,2.815899610519409
1297728,3.8995816707611084
1297856,2.53556489944458
1298200,2.53556489944458
1298368,5.020920276641846
1298600,4.665271759033203
1298928,2.079497814178467
1298952,2.3305439949035645
1299424,4.154811859130859
1299640,2.9497907161712646
1299768,4.497908115386963
1300112,3.1087865829467773
1300280,2.907949686050415
1300512,1.7949790954589844
1300840,3.6903765201568604
1300864,1.5732218027114868
1301336,1.7447699308395386
1301480,2.5999999046325684
1301552,2.711297035217285
1301680,1.3891212940216064
1302024,1.5732218027114868
1302424,1.7949790954589844
1302752,3.242677927017212
1302776,3.07112979888916
1303248,2.1589958667755127
1303392,2.652719736099243
1303464,1.7949790954589844
1303592,3.083682060241699
1303936,2.5188283920288086
1304336,2.861924648284912
1304648,3.0878379344940186
1304664,3.3682007789611816
1304688,1.569037675857544
1305160,1.564853549003601
1305304,2.221757411956787
1305504,2.916317939758301
1305848,3.1464436054229736
1306248,1.702928900718689
1306560,1.2008367776870728
1306576,2.92887020111084
1306600,2.1129708290100098
1307072,2.2970712184906006
1307216,2.8870291709899902
1307416,3.3514645099639893
1307760,2.0878660678863525
1308160,2.4937238693237305
1308472,3.9832634925842285
1308488,2.301255226135254
1308512,4.368200778961182
1308928,3.4246575832366943
1308984,2.7991631031036377
1309128,3.347280263900757
1309328,3.615062713623047
1309360,3.0
1310384,2.497907876968384
1310424,3.543933153152466
1310840,3.979079484939575
1310896,3.7949790954589844
1311040,1.569037675857544
1311152,5.168168067932129
1311240,1.7740585803985596
1311272,3.5983264446258545
1311880,3.1626017093658447
1312296,2.7364015579223633
1312336,2.569037675857544
1312432,4.697986602783203
1312752,2.150627613067627
1312952,2.5188283920288086
1313064,2.0543932914733887
1313184,3.083682060241699
1313792,1.7405858039855957
1314208,6.6108784675598145
1314248,1.9623430967330933
1314344,2.4100418090820312
1314664,7.953974723815918
1314864,1.5313807725906372
1314976,1.4979079961776733
1315096,2.510460138320923
1315704,4.196652889251709
1316120,4.807531356811523
1316160,2.3556485176086426
1316256,3.083682060241699
1316576,1.7364016771316528
1316776,1.401673674583435
1316888,2.510460138320923
1317008,3.4351463317871094
1317616,2.19665265083313
1318032,4.736401557922363
1318072,3.138075351715088
1318168,3.079497814178467
1318488,1.702928900718689
1318688,5.81589937210083
1318800,2.9330544471740723
1318920,3.916317939758301
1319528,5.301255226135254
1319944,3.2635984420776367
1319984,3.4686193466186523
1320080,5.104602336883545
1320400,3.0627615451812744
1320600,1.7949790954589844
1320712,1.7698744535446167
1320832,2.1129708290100098
1321440,2.7280335426330566
1321856,2.8870291709899902
1321896,2.615062713623047
1321992,4.11297082901001
1322312,4.6234307289123535
1322512,5.158995628356934
1322624,2.744769811630249
1322744,2.757322072982788
1323352,3.2468619346618652
1323768,3.058577299118042
1323808,2.8912134170532227
1323904,1.983263611793518
1324224,3.80334734916687
1324424,3.276150703430176
1324536,3.6192469596862793
1324656,2.92887020111084
1325264,2.3221757411956787
1325680,2.92887020111084
1325720,2.1464436054229736
1325816,2.895397424697876
1326136,1.2008367776870728
1326336,1.564853549003601
1326448,4.548117160797119
1326568,2.941422700881958
1327176,3.53556489944458
1327592,2.916317939758301
1327632,2.3556485176086426
1327728,2.3891212940216064
1328048,2.9707112312316895
1328248,4.075314044952393
1328360,2.276150703430176
1328480,4.117154598236084
1329088,2.6192469596862793
1329504,4.284518718719482
1329544,3.8284518718719482
1329640,4.435146331787109
1329960,2.719665288925171
1330160,2.242677927017212
1330272,2.9372384548187256
1330392,3.627614974975586
1331000,1.9581589698791504
1331416,2.8912134170532227
1331456,6.46443510055542
1331552,2.502092123031616
1331872,1.163179874420166
1332072,3.502092123031616
1332184,2.3054392337799072
1332304,2.765690326690674
1332912,4.5062761306762695
1333328,3.079497814178467
1333368,6.092050075531006
1333464,4.548117160797119
1333784,1.9456067085266113
1333984,3.0962343215942383
1334096,3.046025037765503
1334216,1.9623430967330933
1334824,3.0627615451812744
1335072,3.2131147384643555
1335240,4.263598442077637
1335280,2.9372384548187256
1335376,1.9121339321136475
1335400,4.6891889572143555
1335696,4.832635879516602
1335896,1.7364016771316528
1336736,1.7824268341064453
1336984,3.175732135772705
1337152,2.523012638092041
1337192,3.3305439949035645
1337288,1.569037675857544
1337312,5.246861934661865
1337560,7.281553268432617
1337608,3.6192469596862793
1337808,2.3347280025482178
1338896,4.60669469833374
1339064,2.430962324142456
1339104,1.3849372863769531
1339224,3.8870291709899902
1339472,2.1673641204833984
1339520,4.35146427154541
1339720,2.8912134170532227
1340256,3.0835578441619873
1340344,5.926605701446533
1340808,1.7573221921920776
1340976,6.066945552825928
1341016,3.0669455528259277
1341136,2.7615063190460205
1341432,4.050209045410156
1341632,4.5062761306762695
1342168,2.175732135772705
1342256,6.4937238693237305
1342720,3.5983264446258545
1342888,2.857740640640259
1342928,3.0543932914733887
1343048,5.230125427246094
1343344,1.7405858039855957
1343544,6.560669422149658
1344080,6.95815896987915
1344168,6.527196884155273
1344632,3.3096234798431396
1344800,1.9121339321136475
1344840,2.6945607662200928
1344960,3.138075351715088
1345256,1.3849372863769531
1345456,3.9497907161712646
1345992,2.707113027572632
1346080,2.2635984420776367
1346544,1.9790794849395752
1346712,3.07112979888916
1346752,2.3430962562561035
1346872,3.1087865829467773
1347168,1.569037675857544
1347368,4.46443510055542
1347904,1.7573221921920776
1347992,1.9958158731460571
1348456,3.4267783164978027
1348624,2.9456067085266113
1348664,2.1464436054229736
1348784,3.4728033542633057
1349080,1.5188285112380981
1349280,1.7782427072525024
1349392,6.107526779174805
1349904,1.9623430967330933
1350368,3.1087865829467773
1350536,5.5397491455078125
1350576,2.3305439949035645
1350696,2.405857801437378
1350992,2.7280335426330566
1351192,2.4811716079711914
1351304,3.2719664573669434
1351816,2.594142198562622
1352280,2.5523011684417725
1352448,3.184100389480591
1352488,1.9581589698791504
1352608,3.966527223587036
1352904,0.9958158731460571
1353104,2.326359748840332
1353216,4.3305439949035645
1353728,2.2594141960144043
1354192,2.1464436054229736
1354360,2.548117160797119
1354400,2.594142198562622
1354520,6.217573165893555
1354816,2.711297035217285
1355016,1.7364016771316528
1355128,4.012552261352539
1355640,2.3179917335510254
1356104,4.81589937210083
1356272,3.627614974975586
1356312,2.6820082664489746
1356432,1.4058576822280884
1356728,4.066945552825928
1356928,1.1966527700424194
1357040,2.372385025024414
1357552,2.0753138065338135
1358016,4.288702964782715
1358184,1.7740585803985596
1358208,4.116438388824463
1358224,3.476987361907959
1358344,3.974895477294922
1358640,5.008368015289307
1358840,2.7991631031036377
1359464,3.234309673309326
1359928,4.0292887687683105
1360096,2.6903765201568604
1360120,2.1799163818359375
1360136,2.33891224861145
1360256,1.1841003894805908
1360552,1.7866108417510986
1360752,3.025104522705078
1361376,6.213388919830322
1361840,3.4853556156158447
1362008,2.8995816707611084
1362032,4.573221683502197
1362048,7.334728240966797
1362168,2.6569037437438965
1362464,2.4937238693237305
1362664,2.347280263900757
1363288,2.163179874420166
1363752,2.953974962234497
1363920,2.313807487487793
1363944,2.3556485176086426
1363960,3.138075351715088
1364080,2.092050313949585
1364376,5.338912010192871
1364576,1.5899581909179688
1365200,2.6778242588043213
1365664,1.7573221921920776
1365832,2.2594141960144043
1365856,3.1715481281280518
1365872,1.564853549003601
1365992,2.0753138065338135
1366288,1.7531380653381348
1366488,3.0962343215942383
1367112,1.7740585803985596
1367576,3.3514645099639893
1367744,3.033472776412964
1367768,3.6317992210388184
1367784,2.4853556156158447
1367904,4.602510452270508
1368200,4.849372386932373
1368400,4.238493919372559
1369024,5.221757411956787
1369488,3.1673641204833984
1369656,2.9623429775238037
1369680,2.5648536682128906
1369696,3.9330544471740723
1369816,3.1799163818359375
1369832,7.029703140258789
1370112,5.188284397125244
1370312,2.104602575302124
1370704,2.6907894611358643
1371568,6.163179874420166
1371592,1.7573221921920776
1371608,6.154811859130859
1371728,2.5523011684417725
1371744,3.0962343215942383
1372024,3.723849296569824
1372616,6.313807487487793
1373336,4.462686538696289
1373480,2.142259359359741
1373504,2.372385025024414
1373520,3.288702964782715
1373608,4.041262149810791
1373936,3.4937238693237305
1374528,4.581590175628662
1374864,3.0743589401245117
1375248,4.615062713623047
1375392,4.384937286376953
1375416,2.5188283920288086
1375432,2.9916317462921143
1375520,4.054393291473389
1375848,2.719665288925171
1376440,1.1966527700424194
1376776,4.033473014831543
1377160,5.1338911056518555
1377304,2.719665288925171
1377328,3.142259359359741
1377344,2.1004183292388916
1377432,4.418409824371338
1377760,6.556485176086426
1378352,1.7698744535446167
1378688,4.979079723358154
1379072,5.167364120483398
1379216,5.832635879516602
1379240,2.1589958667755127
1379256,2.292886972427368
1379344,2.1715481281280518
1379512,4.517241477966309
1379672,3.8200836181640625
1380600,2.53556489944458
1380984,4.39330530166626
1381128,2.686192512512207
1381152,1.9539748430252075
1381168,1.8870292901992798
1381256,3.765690326690674
1381424,3.5271966457366943
1382512,2.7489540576934814
1382544,2.3454039096832275
1382896,2.9037656784057617
1383040,2.3556485176086426
1383064,2.757322072982788
1383080,3.2635984420776367
1383168,5.062761306762695
1383336,2.3640167713165283
1383920,6.285714149475098
1384424,1.6108787059783936
1384456,3.941422700881958
1384808,4.410041809082031
1384952,2.347280263900757
1384976,1.5188285112380981
1385248,2.3514645099639893
1385832,3.0878660678863525
1386272,4.3891754150390625
1386336,1.7656903266906738
1386368,4.443514823913574
1386720,3.3054392337799072
1386864,4.125523090362549
1386888,6.53556489944458
1387160,1.983263611793518
1387744,4.514644145965576
1388184,6.2970709800720215
1388248,5.255229949951172
1388280,1.3849372863769531
1388632,2.3054392337799072
1388776,3.8200836181640625
1388800,2.4853556156158447
1389072,3.5146443843841553
1389656,2.80334734916687
1390096,6.104602336883545
1390160,5.937238693237305
1390192,3.46443510055542
1390688,1.9372384548187256
1390712,4.230125427246094
1390984,5.271966457366943
1391528,3.2403314113616943
1391568,1.9790794849395752
1392008,2.1673641204833984
1392072,5.163179874420166
1392104,2.347280263900757
1392600,1.9958158731460571
1392624,6.062761306762695
1392896,2.7405858039855957
1393424,5.25
1393440,2.5271966457366943
1393480,3.6485354900360107
1393920,2.8451883792877197
1393984,3.0669455528259277
1394016,4.594142436981201
1394512,1.9288703203201294
1394808,3.443514585494995
1395336,4.966526985168457
1395352,3.209204912185669
1395392,4.083682060241699
1395832,3.1129708290100098
1395896,4.602510452270508
1395928,3.138075351715088
1396424,2.8535563945770264
1396720,2.372385025024414
1397248,3.6359832286834717
1397264,1.7238494157791138
1397304,4.150627613067627
1397744,4.42259407043457
1397808,5.246861934661865
1397840,2.4686193466186523
1398336,3.129707098007202
1398632,3.129707098007202
1399160,2.824267864227295
1399176,3.280334711074829
1399216,4.88702917098999
1399656,2.9246861934661865
1399720,2.719665288925171
1399752,2.150627613067627
1400248,2.836820125579834
1400544,6.832635879516602
1401072,4.087866306304932
1401088,2.301255226135254
1401128,3.9037656784057617
1401568,3.255230188369751
1401632,2.4267783164978027
1401664,1.866108775138855
1402160,3.7991631031036377
1402456,1.7447699308395386
1402984,4.0292887687683105
1403000,2.5523011684417725
1403040,4.497908115386963
1403480,4.6234307289123535
1403576,2.92887020111084
1404072,2.0962343215942383
1404368,5.945606708526611
1404896,1.9581589698791504
1404912,5.719665050506592
1404952,3.497907876968384
1405032,4.360000133514404
1405392,1.8326359987258911
1405488,3.104602575302124
1405984,2.594142198562622
1406280,2.07112979888916
1406592,4.366666793823242
1406808,2.3430962562561035
1406864,1.5397489070892334
1406944,2.6945607662200928
1407304,3.079497814178467
1407400,1.9456067085266113
1407896,2.8451883792877197
1408192,2.3096234798431396
1408504,3.861924648284912
1408720,3.92887020111084
1408776,2.744769811630249
1408856,1.3891212940216064
1409216,4.230125427246094
1409312,6.510460376739502
1409536,6.029411792755127
1409808,4.874476909637451
1410104,2.510460138320923
1410416,2.3640167713165283
1410688,3.0376570224761963
1410768,2.1464436054229736
1411128,2.870292901992798
1411224,3.5188283920288086
1411448,1.8995815515518188
1411720,2.9707112312316895
1412016,3.020920515060425
1412328,2.824267864227295
1412600,2.615062713623047
1412680,3.778242588043213
1413040,3.3054392337799072
1413136,2.6778242588043213
1413360,3.4686193466186523
1413632,4.075314044952393
1413928,2.9916317462921143
1414240,2.510460138320923
1414512,3.594142198562622
1414592,2.8326358795166016
1414952,2.0083682537078857
1415048,2.175732135772705
1415272,5.861924648284912
1415544,1.7698744535446167
1415840,3.150627613067627
1416152,6.347280502319336
1416424,4.418409824371338
1416504,5.033473014831543
1416864,2.920502185821533
1416960,2.502092123031616
1417184,2.6778242588043213
1417456,2.5397489070892334
1417752,3.138075351715088
1418064,2.874476909637451
1418336,1.5857740640640259
1418416,3.020920515060425
1418776,3.0753138065338135
1418872,4.937238693237305
1419096,3.1004183292388916
1419240,4.129251480102539
1419368,2.3096234798431396
1419664,3.33891224861145
1420160,5.070706844329834
1420248,2.8661088943481445
1420328,5.6234307289123535
1420688,2.824267864227295
1420784,1.9623430967330933
1421008,3.150627613067627
1421152,1.7531380653381348
1421576,2.5188283920288086
1422072,2.4686193466186523
1422160,2.1799163818359375
1422240,2.8535563945770264
1422600,3.430962324142456
1422696,3.1338911056518555
1422920,1.598326325416565
1423064,4.447698593139648
1424072,3.7824268341064453
1424152,1.9121339321136475
1424512,2.3640167713165283
1424608,3.7364015579223633
1424784,2.3541147708892822
1424832,5.523012638092041
1424976,3.987447738647461
1425040,4.23423433303833
1425448,3.827014207839966
1425984,4.414226055145264
1426424,3.824267864227295
1426520,3.163179874420166
1426696,3.125523090362549
1426744,3.221757411956787
1426888,1.3514643907546997
1426952,4.3096232414245605
1427360,3.092050313949585
1427896,2.815899610519409
1428336,2.301255226135254
1428432,3.874476909637451
1428656,2.7531380653381348
1428800,2.9916317462921143
1428864,2.3221757411956787
1429272,3.5523011684417725
1429808,2.9958159923553467
1430248,2.2175731658935547
1430344,3.3305439949035645
1430352,5.671772480010986
1430568,2.5313806533813477
1430712,3.4686193466186523
1430776,4.108786582946777
1431184,2.3514645099639893
1431720,2.874476909637451
1432160,5.397489547729492
1432256,2.5271966457366943
1432264,3.6820082664489746
1432480,2.7615063190460205
1432688,1.73221755027771
1433096,3.6485354900360107
1433632,4.14225959777832
1433664,3.4121620655059814
1434072,2.6778242588043213
1434168,4.276150703430176
1434176,2.6694560050964355
1434296,4.4620537757873535
1434600,5.338912010192871
1435008,2.4267783164978027
1435544,4.987447738647461
1435576,2.129707098007202
1435984,2.242677927017212
1436080,2.907949686050415
1436088,1.7238494157791138
1436208,2.1129708290100098
1436512,2.397489547729492
1436920,3.6945607662200928
1437456,3.882845163345337
1437488,2.3891212940216064
1437896,2.7280335426330566
1437992,2.6359832286834717
1438000,2.384937286376953
1438120,3.0418410301208496
1438424,2.6569037437438965
1438832,4.372385025024414
1439304,5.818181991577148
1439368,4.46443510055542
1439400,3.673640251159668
1439808,2.092050313949585
1439904,5.3430962562561035
1439912,4.556485176086426
1440032,3.2635984420776367
1440584,4.440789699554443
1440744,2.5523011684417725
1440936,3.995098114013672
1441312,4.598326206207275
1441640,3.2039802074432373
1441720,2.2175731658935547
1441816,2.6694560050964355
1441824,2.1882846355438232
1442496,3.2845187187194824
1442656,2.9581589698791504
1442848,2.301255226135254
1443224,1.1841003894805908
1443552,1.7991632223129272
1443632,3.0878660678863525
1443728,3.615062713623047
1443736,3.058577299118042
1444408,2.941422700881958
1444568,3.6820082664489746
1444760,2.497907876968384
1445136,3.301255226135254
1445464,3.0292887687683105
1445544,4.18410062789917
1445640,3.3305439949035645
1445648,3.523012638092041
1446320,4.60669469833374
1446480,2.9330544471740723
1446672,2.6443514823913574
1447048,4.9707112312316895
1447376,3.882845163345337
1447456,2.313807487487793
1447552,4.435146331787109
1447560,6.2970709800720215
1448232,2.4686193466186523
1448392,2.5732216835021973
1448736,2.7551021575927734
1448960,2.1338911056518555
1449288,4.39330530166626
1449368,3.234309673309326
1449464,1.163179874420166
1449536,4.167597770690918
1450144,3.1464436054229736
1450304,4.39330530166626
1450648,3.953974962234497
1450872,5.008368015289307
1451200,2.874476909637451
1451280,3.0962343215942383
1451376,2.4728033542633057
1451448,2.1004183292388916
1452056,3.5062761306762695
1452216,3.1213388442993164
1452560,1.9581589698791504
1452784,4.811715602874756
1453192,3.0878660678863525
1453288,2.397489547729492
1453360,5.271966457366943
1453968,2.719665288925171
1454128,2.73221755027771
1454472,2.5523011684417725
1454696,2.92887020111084
1455016,4.354297637939453
1455104,4.2259416580200195
1455200,5.3096232414245605
1455272,5.6234307289123535
1455880,3.0962343215942383
1456040,4.3096232414245605
1456384,4.644351482391357
1456608,2.8786611557006836
1456928,2.686192512512207
1457112,1.9581589698791504
1457184,5.1799163818359375
1457792,2.242677927017212
1457952,4.707112789154053
1458520,3.6317992210388184
1458728,2.6357614994049072
1458840,4.125523090362549
1459024,2.907949686050415
1459096,3.8284518718719482
1459704,4.418409824371338
1459864,3.2008368968963623
1459920,4.221719264984131
1460640,2.138075351715088
1460752,3.451882839202881
1460936,2.4686193466186523
1461008,5.1464433670043945
1461288,4.970760345458984
1461616,4.443514823913574
1461776,2.711297035217285
1461808,4.9172749519348145
1462552,2.3305439949035645
1462664,4.665271759033203
1462848,3.6569037437438965
1462920,3.953974962234497
1463200,2.615062713623047
1463528,2.3682007789611816
1463688,1.5732218027114868
1463720,3.9037656784057617
1464464,2.1673641204833984
1464576,5.878661155700684
1464760,4.744770050048828
1464832,3.6903765201568604
1465440,4.895397663116455
1465600,2.301255226135254
1465632,3.1129708290100098
1466144,4.945652008056641
1466376,3.26778244972229
1466488,2.5523011684417725
1466672,4.920502185821533
1466744,3.80334734916687
1467352,2.280334711074829
1467512,2.129707098007202
1467544,2.548117160797119
1468056,2.3305439949035645
1468288,4.284518718719482
1468328,5.470588207244873
1468400,3.125523090362549
1468584,2.33891224861145
1468656,2.6359832286834717
1469264,3.4476988315582275
1469456,3.9121339321136475
1469968,3.7489540576934814
1470200,2.8786611557006836
1470240,5.564853668212891
1470312,2.92887020111084
1470496,3.615062713623047
1470568,2.66108775138855
1471176,2.2594141960144043
1471368,2.882845163345337
1471880,2.849372386932373
1472112,2.7280335426330566
1472152,2.0083682537078857
1472224,3.3891212940216064
1472408,5.882845401763916
1472480,3.0962343215942383
1473088,2.3305439949035645
1473280,2.489539861679077
1473792,3.117154836654663
1474024,5.920502185821533
1474064,3.012552261352539
1474136,2.3305439949035645
1474320,3.6903765201568604
1474392,2.301255226135254
1475000,3.615894079208374
1475000,2.129707098007202
1475192,5.619246959686279
1475560,5.365168571472168
1475936,3.3054392337799072
1475976,5.95815896987915
1476232,4.2259416580200195
1476304,3.744769811630249
1476912,2.0
1476912,4.443514823913574
1477104,1.5899581909179688
1477472,2.882845163345337
1477848,1.9414225816726685
1477888,1.552301287651062
1478144,3.6359832286834717
1478216,2.5188283920288086
1478824,3.2050209045410156
1478824,4.338912010192871
1479016,3.5146443843841553
1479384,3.5732216835021973
1479760,3.723849296569824
1479800,4.874476909637451
1480056,3.2719664573669434
1480128,3.640167474746704
1480736,4.0167365074157715
1480736,2.979079484939575
1480928,2.397489547729492
1481296,3.497907876968384
1481672,4.748953819274902
1481712,3.6192469596862793
1481968,2.175732135772705
1482040,2.92887020111084
1482648,3.1464436054229736
1482648,5.238493919372559
1482840,3.0669455528259277
1483208,2.711297035217285
1483584,2.719665288925171
1483880,4.037656784057617
1483952,4.2259416580200195
1484560,3.33891224861145
1484560,2.384937286376953
1484752,1.5564854145050049
1485120,2.907949686050415
1485496,3.9330544471740723
1485528,3.182389974594116
1485792,3.020920515060425
1485864,4.050209045410156
1486472,2.0753138065338135
1486472,5.899581432342529
1486664,3.3347280025482178
1487032,4.242677688598633
1487408,3.53556489944458
1487440,3.916317939758301
1487480,5.0742573738098145
1487704,3.7154812812805176
1488384,2.8912134170532227
1488576,5.870292663574219
1488944,2.7824268341064453
1489136,4.5765767097473145
1489320,3.0627615451812744
1489352,5.7029290199279785
1489392,2.941422700881958
1489616,1.9205020666122437
1490296,2.719665288925171
1490488,2.6359832286834717
1490856,2.9623429775238037
1491048,1.970711350440979
1491232,2.2175731658935547
1491264,2.7949790954589844
1491304,2.8870291709899902
1491528,4.033473014831543
1492208,2.1213388442993164
1492400,2.9037656784057617
1492768,4.234309673309326
1492960,5.384937286376953
1493144,1.9246861934661865
1493176,3.8870291709899902
1493216,4.694560527801514
1493440,2.8451883792877197
1494120,2.53556489944458
1494312,3.1129708290100098
1494680,3.092050313949585
1494872,2.92887020111084
1495056,2.9330544471740723
1495088,1.9623430967330933
1495128,6.764705657958984
1495128,1.7573221921920776
1495352,3.719665288925171
1496032,2.895397424697876
1496592,3.974895477294922
1496784,2.594142198562622
1496968,4.2259416580200195
1497000,3.7866108417510986
1497040,2.6778242588043213
1497040,2.384937286376953
1497264,2.941422700881958
1497944,2.0543932914733887
1498504,3.288702964782715
1498696,2.301255226135254
1498880,2.1213388442993164
1498912,3.9832634925842285
1498952,3.079497814178467
1498952,4.037656784057617
1499176,1.1841003894805908
1499856,5.263598442077637
1500416,3.2008368968963623
1500608,2.8200836181640625
1500792,5.845188140869141
1500824,3.836820125579834
1500864,2.9916317462921143
1500864,1.8075313568115234
1501088,4.347280502319336
1501768,3.117154836654663
1502128,3.21052622795105
1502328,3.824267864227295
1502704,3.0543932914733887
1502736,4.882845401763916
1502776,2.184100389480591
1502776,3.2845187187194824
1503000,3.5983264446258545
1503680,3.7615063190460205
1503944,2.4589040279388428
1504040,2.6359832286834717
1504240,1.9079498052597046
1504616,3.8535563945770264
1504648,2.0
1504688,4.916317939758301
1504912,4.054393291473389
1505592,2.301255226135254
1505856,3.221757411956787
1505952,5.079497814178467
1506152,2.5523011684417725
1506528,3.150627613067627
1506560,3.0167365074157715
1506600,4.3305439949035645
1506824,2.560669422149658
1507504,2.0292887687683105
1507768,2.405857801437378
1507864,3.6820082664489746
1508064,2.3640167713165283
1508440,4.213388919830322
1508472,2.7280335426330566
1508512,2.2594141960144043
1508736,2.384937286376953
1509416,3.209204912185669
1509680,1.5564854145050049
1509776,4.631799221038818
1509976,3.9581589698791504
1510352,2.5732216835021973
1510384,1.2008367776870728
1510424,4.861924648284912
1510648,3.5397489070892334
1511328,5.058577537536621
1511592,2.4351463317871094
1511688,4.410041809082031
1511888,2.3305439949035645
1512264,1.564853549003601
1512296,1.9916317462921143
1512336,3.3179917335510254
1512560,2.4267783164978027
1513240,2.0
1513504,4.895397663116455
1513600,4.485355854034424
1513800,1.7782427072525024
1514176,4.020920276641846
1514208,3.0543932914733887
1514248,2.175732135772705
1514472,4.242677688598633
1515152,2.6945607662200928
1515368,5.892857074737549
1515416,1.9079498052597046
1515512,2.326359748840332
1515712,4.138075351715088
1516088,2.1548116207122803
1516120,4.397489547729492
1516160,3.2008368968963623
1517064,2.6443514823913574
1517280,3.4728033542633057
1517328,3.456066846847534
1517424,2.7029287815093994
1517624,4.744770050048828
1518000,3.907949686050415
1518032,4.129707336425781
1518072,2.384937286376953
1518976,2.3556485176086426
1519192,4.631799221038818
1519240,3.2845187187194824
1519336,2.129707098007202
1519536,4.158995628356934
1519912,3.292886972427368
1519944,7.447698593139648
1519984,5.682008266448975
1520888,3.4728033542633057
1521104,2.53556489944458
1521152,3.6778242588043213
1521248,4.5062761306762695
1521448,3.46443510055542
1521824,1.9916317462921143
1521856,3.0878660678863525
1521896,6.514644145965576
1522592,4.88732385635376
1522704,4.415841579437256
1523016,2.3054392337799072
1523064,2.7824268341064453
1523160,4.07112979888916
1523360,2.502092123031616
1523600,3.665137529373169
1523736,2.9121339321136475
1524504,1.7573221921920776
1524616,3.2719664573669434
1524928,2.2301254272460938
1524976,2.7531380653381348
1525272,2.6359832286834717
1525512,2.5188283920288086
1525648,3.1799163818359375
1526184,3.4867725372314453
1526416,2.907949686050415
1526528,3.652719736099243
1526840,1.9079498052597046
1526888,2.723849296569824
1527184,2.824267864227295
1527424,3.7364015579223633
1527560,3.6778242588043213
1528040,4.046666622161865
1528096,4.18410062789917
1528328,1.7782427072525024
1528440,3.2719664573669434
1528800,5.962343215942383
1529096,2.2594141960144043
1529336,4.711297035217285
1529472,3.451882839202881
1529952,3.4100418090820312
1530008,3.2259414196014404
1530240,4.589958190917969
1530352,4.355648517608643
1530712,1.564853549003601
1531008,3.8912134170532227
1531248,3.4686193466186523
1531384,3.1715481281280518
1531864,3.347280263900757
1531920,2.184100389480591
1532152,4.615062713623047
1532264,3.4811716079711914
1532624,5.711297035217285
1532920,2.7740585803985596
1533160,3.430962324142456
1533296,3.07112979888916
1533776,2.548117160797119
1533832,4.108786582946777
1534064,4.456067085266113
1534176,2.920502185821533
1534536,2.7489540576934814
1534832,3.4267783164978027
1535072,2.979079484939575
1535208,4.046025276184082
1535688,3.26778244972229
1535744,2.7824268341064453
1535976,2.707113027572632
1536088,1.7949790954589844
1536376,3.452054738998413
1536448,2.8870291709899902
1536744,3.974895477294922
1536984,2.347280263900757
1537600,4.037656784057617
1537656,2.497907876968384
1537888,6.008368015289307
1538000,4.196652889251709
1538288,2.765690326690674
1538360,2.92887020111084
1538656,2.778242588043213
1538896,4.439330577850342
1539512,2.1589958667755127
1539568,4.100418567657471
1539800,2.6652719974517822
1539912,2.2594141960144043
1540200,3.138075351715088
1540272,2.895397424697876
1540568,2.1673641204833984
1540808,3.4853556156158447
1541424,4.966526985168457
1541480,7.11297082901001
1541712,3.0962343215942383
1541824,3.33891224861145
1542112,1.5899581909179688
1542184,5.234309673309326
1542480,1.9456067085266113
1542720,2.9497907161712646
1543336,2.301255226135254
1543344,5.509259223937988
1543392,3.058577299118042
1543624,4.14225959777832
1543736,2.92887020111084
1544024,1.5313807725906372
1544096,3.234309673309326
1544632,2.711297035217285
1545248,3.288702964782715
1545256,2.673640251159668
1545304,2.7280335426330566
1545536,3.0543932914733887
1545648,1.7447699308395386
1545936,2.916317939758301
1546008,3.1004183292388916
1546544,3.3054392337799072
1547160,5.397489547729492
1547168,4.531380653381348
1547216,3.824267864227295
1547448,3.5523011684417725
1547560,4.953974723815918
1547848,5.85774040222168
1547920,4.372385025024414
1548456,3.1338911056518555
1549072,2.824267864227295
1549080,3.723849296569824
1549128,1.2008367776870728
1549360,2.3514645099639893
1549472,3.4728033542633057
1549760,5.836820125579834
1549832,5.020920276641846
1550368,4.631799221038818
1550984,2.6903765201568604
1550992,5.104602336883545
1551040,2.1464436054229736
1551272,1.569037675857544
1551384,3.5062761306762695
1551672,3.0878660678863525
1551744,3.9958159923553467
1552280,5.1464433670043945
1552896,4.615062713623047
1552904,2.1129708290100098
1552952,6.092050075531006
1553184,3.8786611557006836
1553656,3.0962343215942383
1554192,3.138075351715088
1554632,3.80810809135437
1554808,2.581589937210083
1554816,1.564853549003601
1554864,4.560669422149658
1555096,2.824267864227295
1555144,3.3978724479675293
1555568,3.221757411956787
1556104,4.845188140869141
1556544,3.8410041332244873
1556720,2.757322072982788
1556728,2.301255226135254
1556776,3.857740640640259
1557008,4.6778244972229
1557056,3.673640251159668
1557272,2.4589040279388428
1557480,3.765690326690674
1558152,5.467153072357178
1558456,3.8995816707611084
1558632,3.8535563945770264
1558640,2.711297035217285
1558688,2.7489540576934814
1558920,1.5313807725906372
1559184,3.104602575302124
1559392,2.9372384548187256
1560064,2.3347280025482178
1560544,2.510460138320923
1560600,6.188284397125244
1560832,3.1338911056518555
1561096,6.234309673309326
1561304,2.092050313949585
1561864,2.7957746982574463
1561976,2.874476909637451
1562016,4.630331516265869
1562456,4.46443510055542
1562512,1.9623430967330933
1562744,3.0962343215942383
1563008,2.615062713623047
1563216,3.7029287815093994
1563776,3.313807487487793
1563888,1.9372384548187256
1563928,2.857740640640259
1564368,3.2635984420776367
1564424,5.794979095458984
1564656,3.790795087814331
1565128,2.987447738647461
1565656,3.4290030002593994
1565688,2.707113027572632
1565800,2.698744773864746
1565840,4.14225959777832
1566280,1.6066945791244507
1566336,2.313807487487793
1566568,4.631799221038818
1567040,2.6569037437438965
1567448,4.4178080558776855
1567568,2.2970712184906006
1567600,3.476987361907959
1567712,2.129707098007202
1567752,2.569037675857544
1568248,3.4476988315582275
1568416,4.705882549285889
1568480,4.18410062789917
1568656,6.150442600250244
1568952,2.8870291709899902
1569360,4.728033542633057
1569456,3.7889907360076904
1569480,3.104602575302124
1570160,6.694560527801514
1570328,2.3556485176086426
1570392,3.138075351715088
1570568,3.6192469596862793
1571272,2.719665288925171
1571368,1.987447738647461
1571392,2.163179874420166
1572072,5.234309673309326
1572240,1.7615063190460205
1572304,2.0753138065338135
1572480,1.7907949686050415
1572552,4.1177778244018555
1573184,3.0292887687683105
1573280,3.138075351715088
1573304,4.711297035217285
1573984,1.5941423177719116
1574152,4.058577537536621
1574216,4.451882839202881
1574392,2.707113027572632
1574464,2.987447738647461
1575096,2.673640251159668
1575192,4.246861934661865
1575216,2.175732135772705
1575656,5.759493827819824
1575896,4.267782211303711
1576064,3.6359832286834717
1576128,3.2133891582489014
1576376,3.5648536682128906
1577008,3.012552261352539
1577104,2.301255226135254
1577128,2.359832525253296
1577304,3.322580575942993
1577568,5.334728240966797
1577808,2.719665288925171
1578040,2.301255226135254
1578288,4.075314044952393
1578920,4.301255226135254
1579016,3.3096234798431396
1579040,2.7615063190460205
1579216,2.0878660678863525
1579480,2.397489547729492
1579720,2.2008368968963623
1579952,3.6694560050964355
1580200,6.510460376739502
1580832,5.4602508544921875
1580928,3.560669422149658
1580952,3.2008368968963623
1581128,3.046025037765503
1581392,3.3096234798431396
1581632,2.719665288925171
1581864,3.025104522705078
1582112,2.476987361907959
1582744,2.5523011684417725
1582840,3.8410041332244873
1582864,3.5271966457366943
1583040,6.485355854034424
1583304,3.439330577850342
1583544,2.292886972427368
1583776,4.3305439949035645
1584024,2.393305540084839
1584656,2.280334711074829
1584752,3.0753138065338135
1584776,3.6694560050964355
1584952,4.050209045410156
1585216,6.242677688598633
1585456,3.3891212940216064
1585688,3.7489540576934814
1585936,2.175732135772705
1586128,3.4285714626312256
1586408,4.114093780517578
1586568,4.60669469833374
1586664,6.414226055145264
1586688,2.895397424697876
1587368,2.73221755027771
1587600,2.6945607662200928
1587848,3.2635984420776367
1588040,2.941422700881958
1588320,2.5313806533813477
1588480,3.292886972427368
1588576,3.2259414196014404
1588600,3.1087865829467773
1589280,4.3765692710876465
1589512,2.92887020111084
1589760,3.033472776412964
1589880,5.525000095367432
1589952,7.192468643188477
1590232,3.953974962234497
1590392,4.087866306304932
1590488,3.9707112312316895
1591192,4.786611080169678
1591424,3.707113027572632
1591672,3.8661088943481445
1591792,1.3891212940216064
1591864,4.3221755027771
1592144,3.1129708290100098
1592304,3.276150703430176
1592400,1.9205020666122437
1593104,8.117155075073242
1593336,3.326359748840332
1593584,3.0083682537078857
1593704,2.711297035217285
1593776,2.502092123031616
1594056,4.60669469833374
1594216,2.92887020111084
1594312,2.1464436054229736
1595016,4.456067085266113
1595232,4.081632614135742
1595248,3.301255226135254
1595496,4.359832763671875
1595616,4.213388919830322
1595688,4.255229949951172
1596128,3.4476988315582275
1596224,3.3179917335510254
1596928,1.9288703203201294
1597144,5.3221755027771
1597160,2.476987361907959
1597408,4.217573165893555
1597528,2.19665265083313
1598040,3.8535563945770264
1598136,2.326359748840332
1598840,4.769874572753906
1598984,4.876213550567627
1599056,2.2008368968963623
1599072,2.594142198562622
1599320,3.6652719974517822
1599440,3.234309673309326
1599952,4.372385025024414
1600048,5.85774040222168
1600752,4.209205150604248
1600896,4.087866306304932
1600968,3.0878660678863525
1600984,2.280334711074829
1601232,2.3682007789611816
1601352,3.941422700881958
1601864,2.502092123031616
1601960,5.0
1602664,2.53556489944458
1602808,2.711297035217285
1602880,2.5732216835021973
1602896,2.9581589698791504
1603144,2.326359748840332
1603264,4.100418567657471
1603776,4.234309673309326
1603872,2.3430962562561035
1604312,4.072815418243408
1604720,4.263598442077637
1604792,3.966527223587036
1604808,2.1589958667755127
1605056,3.4476988315582275
1605176,3.138075351715088
1605688,4.748953819274902
1605784,2.3682007789611816
1606224,4.405857563018799
1606632,2.3221757411956787
1606704,2.920502185821533
1606720,4.64853572845459
1606968,2.744769811630249
1607088,2.1087865829467773
1607600,1.7656903266906738
1607696,2.523012638092041
1608136,2.861924648284912
1608544,2.3430962562561035
1608616,2.5397489070892334
1608632,6.8200836181640625
1608880,3.8200836181640625
1609000,1.5857740640640259
1609512,1.7573221921920776
1609608,3.313807487487793
1610048,2.8870291709899902
1610272,4.209755897521973
1610456,4.104602336883545
1610528,2.6903765201568604
1610792,3.393305540084839
1610912,4.079497814178467
1611424,4.8200836181640625
1611520,2.3640167713165283
1611960,2.3305439949035645
1612184,4.3096232414245605
1612368,2.6945607662200928
1612440,2.7280335426330566
1612704,2.33891224861145
1612824,4.489539623260498
1613336,4.0167365074157715
1613432,2.920502185821533
1613872,3.4602510929107666
1614096,3.3054392337799072
1614104,4.170506954193115
1614352,2.012552261352539
1614616,4.39330530166626
1615248,3.8870291709899902
1615344,4.100418567657471
1615784,3.3891212940216064
1616008,3.6108787059783936
1616016,3.129707098007202
1616264,4.104602336883545
1616528,5.769874572753906
1616584,3.804255247116089
1617160,2.895397424697876
1617256,2.615062713623047
1617696,4.497908115386963
1617920,4.14225959777832
1617928,3.0962343215942383
1618176,2.723849296569824
1618440,2.07112979888916
1618496,3.8870291709899902
1619072,2.276150703430176
1619608,2.150627613067627
1619832,2.941422700881958
1619840,7.213388919830322
1620088,3.439330577850342
1620352,3.9330544471740723
1620408,2.489539861679077
1620840,2.6026785373687744
1620984,3.1548116207122803
1621520,3.66108775138855
1621744,1.9665272235870361
1621752,3.711297035217285
1622000,2.1129708290100098
1622264,4.476987361907959
1622320,3.4267783164978027
1622752,4.39330530166626
1622896,3.941422700881958
1623432,2.548117160797119
1623656,2.3347280025482178
1623664,2.6820082664489746
1623912,3.288702964782715
1624104,6.231788158416748
1624176,2.301255226135254
1624232,7.259414196014404
1624664,2.790795087814331
1624800,4.73099422454834
1625456,5.6565656661987305
1625568,4.35146427154541
1625576,2.3640167713165283
1625824,3.7280335426330566
1626016,2.8075313568115234
1626088,2.824267864227295
1626144,3.3305439949035645
1626712,3.2635984420776367
1627368,4.087866306304932
1627480,2.594142198562622
1627488,2.7615063190460205
1627496,5.091836929321289
1627928,2.8786611557006836
1628000,3.5271966457366943
1628056,4.317991733551025
1629280,4.6569037437438965
1629368,2.6117382049560547
1629392,4.811715602874756
1629400,4.050209045410156
1629408,3.221757411956787
1629840,4.092050075531006
1629912,5.481171607971191
1629968,4.937238693237305
1631192,2.405857801437378
1631280,3.686192512512207
1631304,2.870292901992798
1631312,3.083682060241699
1631320,3.857740640640259
1631752,2.451882839202881
1631824,4.037656784057617
1631880,3.083682060241699
1633104,3.1589958667755127
1633192,5.355648517608643
1633216,3.26778244972229
1633224,3.0502092838287354
1633232,2.3514645099639893
1633664,2.895397424697876
1633736,2.719665288925171
1633792,4.167364120483398
1634576,4.333333492279053
1635016,3.6778242588043213
1635128,3.7615063190460205
1635136,2.092050313949585
1635144,2.9456067085266113
1635576,2.4811716079711914
1635704,2.3765690326690674
1636184,5.443850040435791
1636488,2.510460138320923
1636928,4.581590175628662
1637040,3.234309673309326
1637048,4.665271759033203
1637056,3.6694560050964355
1637488,1.9665272235870361
1637616,4.3305439949035645
1638096,7.008368015289307
1638840,2.280334711074829
1638952,1.5397489070892334
1638960,2.1673641204833984
1638968,3.138075351715088
1639400,2.8995816707611084
1639528,3.723849296569824
1639744,3.6928746700286865
1640008,3.0962343215942383
1640448,4.652406215667725
1640752,4.230125427246094
1640872,2.707113027572632
1640880,4.3305439949035645
1641312,5.020920276641846
1641440,4.6778244972229
1641632,4.121621608734131
1641656,5.451882839202881
1641920,1.5899581909179688
1642664,3.765690326690674
1642712,3.417142868041992
1642784,3.347280263900757
1642792,1.7698744535446167
1643352,3.012552261352539
1643544,3.849372386932373
1643568,2.3682007789611816
1643832,4.0167365074157715
1644576,3.711297035217285
1644616,3.201754331588745
1644624,3.1129708290100098
1644696,2.92887020111084
1645264,2.502092123031616
1645456,4.57740592956543
1645480,2.9037656784057617
1645744,4.5397491455078125
1646488,4.941422462463379
1646528,3.432835817337036
1646528,4.3096232414245605
1646536,3.2635984420776367
1646608,5.598326206207275
1647176,4.288702964782715
1647392,5.585773944854736
1647656,2.907949686050415
1648400,3.138075351715088
1648440,3.9497907161712646
1648440,3.0753138065338135
1648448,3.3179917335510254
1648520,3.280334711074829
1649088,2.2175731658935547
1649304,2.3221757411956787
1649568,2.2594141960144043
1650120,4.5
1650312,4.313807487487793
1650352,2.242677927017212
1650352,5.117154598236084
1650360,2.489539861679077
1650432,2.1548116207122803
1651000,2.707113027572632
1651480,3.7405858039855957
1652224,4.8200836181640625
1652264,4.196652889251709
1652264,5.518828392028809
1652272,2.8451883792877197
1652344,1.5564854145050049
1652576,5.309446334838867
1652912,2.2133891582489014
1653392,3.117154836654663
1654136,5.430962562561035
1654176,3.974895477294922
1654176,2.497907876968384
1654184,2.7154812812805176
1654256,2.0083682537078857
1654488,3.280334711074829
1654824,4.711297035217285
1655304,3.615062713623047
1655656,5.143835544586182
1656048,3.1799163818359375
1656088,4.058577537536621
1656088,3.5732216835021973
1656096,3.046025037765503
1656168,4.811715602874756
1656736,4.619246959686279
1657216,4.397489547729492
1657568,3.6694560050964355
1657960,1.5857740640640259
1658000,4.895397663116455
1658000,3.242677927017212
1658008,4.472803115844727
1658080,3.326359748840332
1658648,3.430962324142456
1659128,5.230125427246094
1659480,1.3514643907546997
1659872,4.673640251159668
1659912,2.150627613067627
1659912,3.033472776412964
1659920,2.5188283920288086
1659992,3.3891212940216064
1660560,2.4686193466186523
1661040,3.6903765201568604
1661392,3.6820082664489746
1661784,1.5313807725906372
1661824,2.80334734916687
1661824,1.9958158731460571
1661832,6.066945552825928
1661904,1.569037675857544
1662472,2.836820125579834
1662952,2.4686193466186523
1663304,4.631799221038818
1663696,2.707113027572632
1663736,1.9246861934661865
1663736,1.4058576822280884
1663744,2.301255226135254
1663816,2.46443510055542
1664384,4.397489547729492
1664864,4.916317939758301
1665216,5.42259407043457
1665608,3.744769811630249
1665648,2.8995816707611084
1665656,2.5271966457366943
1665728,5.1464433670043945
1666296,1.7782427072525024
1666776,1.9748953580856323
1666904,4.696969509124756
1667128,2.5899581909179688
1667304,4.6086955070495605
1667520,1.7238494157791138
1667568,2.966527223587036
1667640,2.092050313949585
1668688,2.7154812812805176
1668816,3.6945607662200928
1669040,2.6778242588043213
1669216,1.5732218027114868
1669432,2.5313806533813477
1669480,2.8786611557006836
1669552,3.5774059295654297
1669744,3.512761116027832
1670600,3.673640251159668
1670728,2.163179874420166
1670952,4.418409824371338
1671128,1.5188285112380981
1671344,3.9958159923553467
1671392,4.138075351715088
1671464,3.497907876968384
1671656,2.5313806533813477
1671800,3.3867924213409424
1672512,2.510460138320923
1672640,2.9497907161712646
1673040,5.108786582946777
1673256,1.9581589698791504
1673288,4.123711109161377
1673304,3.53556489944458
1673376,1.7656903266906738
1673568,4.456067085266113
1673712,3.9916317462921143
1674552,3.0292887687683105
1674952,3.8535563945770264
1675168,2.92887020111084
1675200,2.9456067085266113
1675216,4.255229949951172
1675288,2.556485414505005
1675480,3.359832525253296
1675624,2.3640167713165283
1676464,2.405857801437378
1676864,5.284518718719482
1677080,5.962343215942383
1677112,2.719665288925171
1677128,3.7698745727539062
1677200,4.979079723358154
1677392,3.9246861934661865
1677536,2.3347280025482178
1678376,2.4686193466186523
1678776,2.5732216835021973
1678992,4.635983467102051
1679024,2.7280335426330566
1679040,3.2594141960144043
1679112,4.338912010192871
1679304,4.602510452270508
1679448,0.9958158731460571
1680288,4.8535566329956055
1680688,3.301255226135254
1680904,1.7824268341064453
1680936,4.707112789154053
1680952,2.711297035217285
1681024,2.7824268341064453
1681216,1.7656903266906738
1681360,4.786611080169678
1682200,2.719665288925171
1682600,3.1589958667755127
1682816,2.7280335426330566
1682848,1.1966527700424194
1682864,2.987447738647461
1682936,3.2635984420776367
1683128,6.514644145965576
1683272,3.347280263900757
1684112,1.9623430967330933
1684512,2.1129708290100098
1684728,3.1087865829467773
1684760,1.5774058103561401
1684776,3.627614974975586
1684848,5.602510452270508
1685040,2.1087865829467773
1685184,2.711297035217285
1686024,1.970711350440979
1686424,2.719665288925171
1686640,2.9916317462921143
1686672,0.9958158731460571
1686688,3.80334734916687
1686760,3.2845187187194824
1686952,3.079497814178467
1687096,2.5146443843841553
1687936,4.033473014831543
1688336,2.384937286376953
1688552,5.2970709800720215
1688584,2.175732135772705
1688600,3.292886972427368
1688672,3.2468619346618652
1688864,3.301255226135254
1689008,1.3974895477294922
1689848,2.476987361907959
1690248,3.221757411956787
1690464,4.933054447174072
1690496,2.46443510055542
1690512,4.033473014831543
1690584,3.476987361907959
1690776,2.757322072982788
1690920,4.627614974975586
1691424,4.866666793823242
1691760,3.092050313949585
1692160,2.4267783164978027
1692376,4.686192512512207
1692408,2.966527223587036
1692424,3.405857801437378
1692688,1.7656903266906738
