step,value
944,-50.081817626953125
1904,-23.636363983154297
1904,-23.636363983154297
1904,-23.636363983154297
1904,-1.8181818723678589
1904,-23.636363983154297
1904,-1.8181818723678589
1904,-23.636363983154297
2856,-23.636363983154297
3816,-9.090909004211426
3816,-23.636363983154297
3816,-23.636363983154297
3816,-23.636363983154297
3816,-23.636363983154297
3816,-23.636363983154297
3816,-23.636363983154297
4768,-23.636363983154297
5728,-23.636363983154297
5728,-23.636363983154297
5728,-23.636363983154297
5728,-23.636363983154297
5728,100.0
5728,-23.636363983154297
5728,-23.636363983154297
6680,-23.636363983154297
7640,-23.636363983154297
7640,16.363636016845703
7640,-23.636363983154297
7640,-23.636363983154297
7640,-23.636363983154297
7640,-23.636363983154297
8592,-23.636363983154297
9552,-23.636363983154297
9552,-23.636363983154297
9552,165.4545440673828
9552,-16.363636016845703
9552,-23.636363983154297
9552,-23.636363983154297
10272,-23.636363983154297
10504,-23.636363983154297
11464,-23.636363983154297
11464,12.727272987365723
11464,-23.636363983154297
11464,38.181819915771484
11464,-23.636363983154297
11464,-23.636363983154297
12184,-9.090909004211426
12416,-23.636363983154297
13376,-23.636363983154297
13376,5.454545497894287
13376,-23.636363983154297
13376,-23.636363983154297
13376,-23.636363983154297
13376,-23.636363983154297
14096,-23.636363983154297
14328,30.909090042114258
15152,-54.59090805053711
15288,-23.636363983154297
15288,-23.636363983154297
15288,-23.636363983154297
15288,-23.636363983154297
15288,-23.636363983154297
15288,-23.636363983154297
16008,-23.636363983154297
16144,-56.390907287597656
17064,-23.636363983154297
17200,-23.636363983154297
17200,16.363636016845703
17200,-23.636363983154297
17200,-23.636363983154297
17200,-23.636363983154297
17920,-23.636363983154297
18976,-23.636363983154297
19104,100.0
19112,67.2727279663086
19112,-23.636363983154297
19112,-23.636363983154297
19112,-23.636363983154297
19112,-23.636363983154297
19832,-23.636363983154297
20888,-23.636363983154297
20992,-53.40909194946289
21016,201.81817626953125
21024,-23.636363983154297
21024,-23.636363983154297
21024,-23.636363983154297
21024,-23.636363983154297
21024,-23.636363983154297
22800,-23.636363983154297
22904,-23.636363983154297
22928,-23.636363983154297
22936,34.54545593261719
22936,-23.636363983154297
22936,-23.636363983154297
22936,23.636363983154297
24680,30.909090042114258
24712,118.18181610107422
24816,-23.636363983154297
24840,-23.636363983154297
24848,-23.636363983154297
24848,-23.636363983154297
24848,-23.636363983154297
24848,70.90908813476562
26592,-23.636363983154297
26624,-23.636363983154297
26728,-23.636363983154297
26752,-23.636363983154297
26760,-23.636363983154297
26760,-9.090909004211426
26760,67.2727279663086
26760,-23.636363983154297
27480,-50.990909576416016
28504,-23.636363983154297
28536,-23.636363983154297
28664,5.454545497894287
28672,-23.636363983154297
28672,-23.636363983154297
28672,12.727272987365723
28672,16.363636016845703
29392,-23.636363983154297
30416,-23.636363983154297
30448,70.90908813476562
30576,-23.636363983154297
30584,-23.636363983154297
30584,23.636363983154297
30584,-23.636363983154297
30584,-23.636363983154297
31304,-23.636363983154297
32328,-23.636363983154297
32360,-23.636363983154297
32488,-23.636363983154297
32496,5.454545497894287
32496,78.18181610107422
32496,27.272727966308594
32496,-23.636363983154297
33216,-23.636363983154297
34240,-23.636363983154297
34272,-23.636363983154297
34400,-23.636363983154297
34408,-23.636363983154297
34408,-23.636363983154297
34408,-23.636363983154297
34408,-23.636363983154297
35128,136.36363220214844
36152,-23.636363983154297
36184,-23.636363983154297
36312,-5.454545497894287
36320,-23.636363983154297
36320,-23.636363983154297
36320,-23.636363983154297
36320,125.45454406738281
37040,1.8181818723678589
38064,241.81817626953125
38096,-23.636363983154297
38224,-23.636363983154297
38232,30.909090042114258
38232,-23.636363983154297
38232,1.8181818723678589
38232,150.90908813476562
38952,-23.636363983154297
39976,-23.636363983154297
40008,-23.636363983154297
40136,-23.636363983154297
40144,-23.636363983154297
40144,45.45454406738281
40144,-23.636363983154297
40144,136.36363220214844
40384,-66.90908813476562
41888,-23.636363983154297
41920,5.454545497894287
42048,-23.636363983154297
42056,-5.454545497894287
42056,-23.636363983154297
42056,-23.636363983154297
42056,-23.636363983154297
42296,-23.636363983154297
43800,-23.636363983154297
43832,-23.636363983154297
43960,-23.636363983154297
43968,-23.636363983154297
43968,-9.090909004211426
43968,-23.636363983154297
43968,-23.636363983154297
44208,-23.636363983154297
45712,-23.636363983154297
45744,16.363636016845703
45872,-23.636363983154297
45880,-23.636363983154297
45880,-23.636363983154297
45880,-23.636363983154297
45880,-23.636363983154297
46120,-23.636363983154297
47528,-90.96363830566406
47624,67.2727279663086
47656,-23.636363983154297
47784,-23.636363983154297
47792,-23.636363983154297
47792,-23.636363983154297
47792,-23.636363983154297
47792,-23.636363983154297
49440,-23.636363983154297
49536,5.454545497894287
49568,-23.636363983154297
49696,20.0
49704,147.27272033691406
49704,-23.636363983154297
49704,-23.636363983154297
49704,-23.636363983154297
51352,-23.636363983154297
51448,-23.636363983154297
51480,-23.636363983154297
51608,-23.636363983154297
51616,136.36363220214844
51616,-5.454545497894287
51616,-23.636363983154297
51616,-23.636363983154297
53264,-23.636363983154297
53360,-23.636363983154297
53392,-23.636363983154297
53520,-23.636363983154297
53528,-23.636363983154297
53528,-23.636363983154297
53528,49.09090805053711
53528,-23.636363983154297
54528,-62.918182373046875
55176,-23.636363983154297
55272,16.363636016845703
55432,-23.636363983154297
55440,-23.636363983154297
55440,-5.454545497894287
55440,-23.636363983154297
55440,-23.636363983154297
56440,-23.636363983154297
57088,-23.636363983154297
57344,-23.636363983154297
57352,92.7272720336914
57352,-23.636363983154297
57352,-23.636363983154297
57352,-23.636363983154297
58088,9.090909004211426
58352,85.45454406738281
59000,-23.636363983154297
59256,-23.636363983154297
59264,-23.636363983154297
59264,-23.636363983154297
59264,-23.636363983154297
59264,-23.636363983154297
60000,-23.636363983154297
60264,74.54545593261719
60912,-23.636363983154297
61168,-23.636363983154297
61176,-23.636363983154297
61176,-23.636363983154297
61176,60.0
61176,-23.636363983154297
61912,-23.636363983154297
62176,-23.636363983154297
62824,23.636363983154297
63080,-23.636363983154297
63088,-23.636363983154297
63088,-23.636363983154297
63088,-23.636363983154297
63088,-9.090909004211426
63824,-23.636363983154297
64088,-23.636363983154297
64736,-23.636363983154297
64992,150.90908813476562
65000,-16.363636016845703
65000,-23.636363983154297
65000,56.3636360168457
65000,-23.636363983154297
65736,216.36363220214844
66000,-23.636363983154297
66648,-23.636363983154297
66904,169.09091186523438
66912,16.363636016845703
66912,-23.636363983154297
66912,-23.636363983154297
66912,-23.636363983154297
67648,-23.636363983154297
67912,-23.636363983154297
68560,-23.636363983154297
68816,-23.636363983154297
68824,110.90908813476562
68824,-23.636363983154297
68824,81.81818389892578
68824,-23.636363983154297
69560,-23.636363983154297
69824,-23.636363983154297
70472,-23.636363983154297
70728,-23.636363983154297
70736,-23.636363983154297
70736,-23.636363983154297
70736,-23.636363983154297
70736,41.818180084228516
71472,-23.636363983154297
71736,9.090909004211426
72384,20.0
72640,-23.636363983154297
72648,-23.636363983154297
72648,-23.636363983154297
72648,-23.636363983154297
72648,-23.636363983154297
73384,-23.636363983154297
73648,12.727272987365723
74296,-23.636363983154297
74552,-23.636363983154297
74560,140.0
74560,-16.363636016845703
74560,-23.636363983154297
74560,-23.636363983154297
75296,-23.636363983154297
75560,100.0
76208,-23.636363983154297
76464,-23.636363983154297
76472,-23.636363983154297
76472,-23.636363983154297
76472,-23.636363983154297
76472,-23.636363983154297
77472,-23.636363983154297
78120,-23.636363983154297
78376,-12.727272987365723
78384,-23.636363983154297
78384,-23.636363983154297
78384,-23.636363983154297
78384,60.0
78432,-23.636363983154297
79176,-106.06363677978516
80032,-23.636363983154297
80288,-23.636363983154297
80296,-23.636363983154297
80296,-23.636363983154297
80296,-23.636363983154297
80296,-23.636363983154297
80344,-23.636363983154297
81088,-23.636363983154297
81416,-45.272727966308594
81944,-23.636363983154297
82200,100.0
82208,-9.090909004211426
82208,-23.636363983154297
82208,-23.636363983154297
82208,30.909090042114258
83000,-23.636363983154297
83328,-23.636363983154297
83856,-23.636363983154297
84112,-23.636363983154297
84120,-23.636363983154297
84120,-23.636363983154297
84120,-23.636363983154297
84120,-23.636363983154297
84912,-23.636363983154297
85240,-23.636363983154297
85768,96.36363983154297
85768,-56.19091033935547
86024,30.909090042114258
86032,-23.636363983154297
86032,-23.636363983154297
86032,-23.636363983154297
86032,-23.636363983154297
87152,-23.636363983154297
87680,-23.636363983154297
87680,-23.636363983154297
87936,-23.636363983154297
87944,23.636363983154297
87944,23.636363983154297
87944,-23.636363983154297
87944,-23.636363983154297
88976,0.4636363685131073
89064,-23.636363983154297
89592,-23.636363983154297
89592,-23.636363983154297
89848,-23.636363983154297
89856,-23.636363983154297
89856,-23.636363983154297
90888,-23.636363983154297
90976,30.909090042114258
91336,-23.636363983154297
91504,-23.636363983154297
91504,-23.636363983154297
91760,-9.090909004211426
91768,-23.636363983154297
91768,-23.636363983154297
92800,-23.636363983154297
92888,-23.636363983154297
93248,-23.636363983154297
93416,-23.636363983154297
93416,-23.636363983154297
93672,-23.636363983154297
93680,-23.636363983154297
93680,-23.636363983154297
94712,-23.636363983154297
94800,38.181819915771484
95160,-23.636363983154297
95328,-23.636363983154297
95328,-23.636363983154297
95584,-23.636363983154297
95592,-9.090909004211426
95592,-23.636363983154297
96448,-56.69091033935547
96624,-23.636363983154297
96712,-23.636363983154297
97072,-23.636363983154297
97240,-23.636363983154297
97240,-23.636363983154297
97504,-16.363636016845703
97504,-23.636363983154297
98360,118.18181610107422
98536,-23.636363983154297
98624,-23.636363983154297
98984,-23.636363983154297
99152,-23.636363983154297
99152,-23.636363983154297
99416,147.27272033691406
99416,-23.636363983154297
100272,-23.636363983154297
100448,-23.636363983154297
100536,-23.636363983154297
100896,-23.636363983154297
100928,-18.454545974731445
101064,-23.636363983154297
101328,-23.636363983154297
101328,-23.636363983154297
102184,-23.636363983154297
102360,-23.636363983154297
102448,-12.727272987365723
102808,-23.636363983154297
102840,-23.636363983154297
102976,-23.636363983154297
103240,16.363636016845703
103240,140.0
103328,-57.390907287597656
104096,-9.090909004211426
104272,16.363636016845703
104720,-23.636363983154297
104752,23.636363983154297
104888,-23.636363983154297
105152,-23.636363983154297
105152,-9.090909004211426
105240,-23.636363983154297
106008,125.45454406738281
106184,-23.636363983154297
106632,-23.636363983154297
106664,-23.636363983154297
106800,-23.636363983154297
107064,-23.636363983154297
107064,-23.636363983154297
107152,-23.636363983154297
107920,-23.636363983154297
108096,-23.636363983154297
108544,-23.636363983154297
108576,-23.636363983154297
108712,-23.636363983154297
108976,-23.636363983154297
108976,27.272727966308594
109064,-23.636363983154297
109456,-66.26363372802734
109832,-23.636363983154297
109832,-56.19091033935547
110008,-9.090909004211426
110488,-23.636363983154297
110624,-9.090909004211426
110888,23.636363983154297
110976,-23.636363983154297
111368,-23.636363983154297
111744,-23.636363983154297
111744,-23.636363983154297
111920,-23.636363983154297
112400,9.090909004211426
112536,-23.636363983154297
112800,-23.636363983154297
112888,56.3636360168457
113280,-23.636363983154297
113656,-9.090909004211426
113656,45.45454406738281
113832,5.454545497894287
114312,41.818180084228516
114448,-23.636363983154297
114712,-23.636363983154297
114800,-23.636363983154297
115192,56.3636360168457
115568,16.363636016845703
115568,-5.454545497894287
115744,125.45454406738281
116224,-23.636363983154297
116360,-1.8181818723678589
116624,-23.636363983154297
116712,-23.636363983154297
117104,-23.636363983154297
117480,-23.636363983154297
117480,-23.636363983154297
117656,-23.636363983154297
118136,16.363636016845703
118272,-23.636363983154297
118536,-23.636363983154297
118624,-23.636363983154297
119016,-23.636363983154297
119392,-23.636363983154297
119392,-23.636363983154297
119568,-23.636363983154297
120048,-23.636363983154297
120184,-23.636363983154297
120312,-22.290908813476562
120536,-23.636363983154297
120928,-23.636363983154297
121304,12.727272987365723
121304,38.181819915771484
121384,-55.990909576416016
121960,-23.636363983154297
122096,176.36363220214844
122224,216.36363220214844
122440,-23.636363983154297
122840,-23.636363983154297
123216,-23.636363983154297
123216,-23.636363983154297
123296,-23.636363983154297
123872,-23.636363983154297
124008,-23.636363983154297
124136,-23.636363983154297
124352,-23.636363983154297
124752,-23.636363983154297
125128,-23.636363983154297
125128,-23.636363983154297
125208,-23.636363983154297
125784,30.909090042114258
125920,-23.636363983154297
126048,-23.636363983154297
126264,16.363636016845703
126664,23.636363983154297
127040,110.90908813476562
127040,-23.636363983154297
127120,-23.636363983154297
127136,-26.64545440673828
127832,-23.636363983154297
127960,103.63636016845703
128176,-23.636363983154297
128576,-23.636363983154297
128952,-23.636363983154297
128952,-23.636363983154297
129032,12.727272987365723
129048,-23.636363983154297
129744,-23.636363983154297
129872,-1.8181818723678589
130088,-23.636363983154297
130488,118.18181610107422
130864,-23.636363983154297
130864,-23.636363983154297
130944,-23.636363983154297
130960,-23.636363983154297
131656,-23.636363983154297
131784,-23.636363983154297
132000,100.0
132400,-23.636363983154297
132776,-23.636363983154297
132776,-23.636363983154297
132856,-23.636363983154297
132872,-23.636363983154297
133568,16.363636016845703
133696,-23.636363983154297
133912,-23.636363983154297
134312,45.45454406738281
134688,-23.636363983154297
134688,-23.636363983154297
134768,-23.636363983154297
134784,-23.636363983154297
135480,-23.636363983154297
135608,-23.636363983154297
135824,-23.636363983154297
136224,158.18182373046875
136600,183.63636779785156
136600,-23.636363983154297
136680,16.363636016845703
136696,-23.636363983154297
137392,-23.636363983154297
137520,-23.636363983154297
137736,-23.636363983154297
138136,-23.636363983154297
138512,-9.090909004211426
138512,-23.636363983154297
138592,-23.636363983154297
138608,-23.636363983154297
139304,-23.636363983154297
139432,-23.636363983154297
139648,-23.636363983154297
140048,-23.636363983154297
140424,-23.636363983154297
140424,-23.636363983154297
140504,-23.636363983154297
140520,-23.636363983154297
141216,-23.636363983154297
141344,-23.636363983154297
141560,-23.636363983154297
141960,-23.636363983154297
142336,-23.636363983154297
142336,-23.636363983154297
142416,-23.636363983154297
142432,20.0
143128,-23.636363983154297
143256,-23.636363983154297
143472,-23.636363983154297
143872,-23.636363983154297
144248,-23.636363983154297
144248,-23.636363983154297
144328,34.54545593261719
144344,12.727272987365723
145040,16.363636016845703
145168,-23.636363983154297
145384,-23.636363983154297
145784,-23.636363983154297
146160,12.727272987365723
146160,-23.636363983154297
146240,9.090909004211426
146256,-23.636363983154297
146952,-23.636363983154297
147080,-23.636363983154297
147296,-23.636363983154297
147696,1.8181818723678589
148072,-23.636363983154297
148072,-23.636363983154297
148152,-23.636363983154297
148168,63.6363639831543
148736,5.418181896209717
148864,30.909090042114258
148992,-23.636363983154297
149608,-23.636363983154297
149624,-26.03636360168457
149984,12.727272987365723
149984,20.0
150064,-23.636363983154297
150080,-23.636363983154297
150648,-23.636363983154297
150904,-23.636363983154297
151520,-23.636363983154297
151536,-23.636363983154297
151896,-23.636363983154297
151896,-23.636363983154297
151976,-23.636363983154297
151992,-23.636363983154297
152560,-16.363636016845703
152816,-23.636363983154297
153432,-23.636363983154297
153448,-23.636363983154297
153808,-23.636363983154297
153808,-23.636363983154297
153888,-23.636363983154297
153904,-23.636363983154297
154472,-23.636363983154297
154728,-23.636363983154297
155344,-23.636363983154297
155360,-23.636363983154297
155720,-23.636363983154297
155720,-1.8181818723678589
155800,-23.636363983154297
155816,60.0
156384,-23.636363983154297
156640,-23.636363983154297
157256,-23.636363983154297
157272,114.54545593261719
157632,16.363636016845703
157632,-9.090909004211426
157712,-23.636363983154297
157728,9.090909004211426
158296,-9.090909004211426
158552,147.27272033691406
159168,-23.636363983154297
159184,16.363636016845703
159544,-23.636363983154297
159544,-23.636363983154297
159624,-23.636363983154297
159640,-23.636363983154297
160208,52.727272033691406
160464,-23.636363983154297
161080,-23.636363983154297
161096,-23.636363983154297
161456,-23.636363983154297
161456,-23.636363983154297
161536,-23.636363983154297
161552,-23.636363983154297
162120,-23.636363983154297
162376,-23.636363983154297
162992,-23.636363983154297
163008,-23.636363983154297
163368,-23.636363983154297
163368,-23.636363983154297
163448,-23.636363983154297
163464,-23.636363983154297
163848,-56.390907287597656
164032,-23.636363983154297
164288,-23.636363983154297
164920,1.8181818723678589
165280,-23.636363983154297
165280,-23.636363983154297
165360,-23.636363983154297
165376,-16.363636016845703
165760,-23.636363983154297
165944,-23.636363983154297
166032,-51.09090805053711
166192,-68.73636627197266
166200,-23.636363983154297
166832,-23.636363983154297
167272,-23.636363983154297
167672,-9.090909004211426
167856,-23.636363983154297
167944,27.272727966308594
168104,34.54545593261719
168104,-23.636363983154297
168744,-23.636363983154297
169160,-23.636363983154297
169184,-23.636363983154297
169584,-23.636363983154297
169768,16.363636016845703
169856,-23.636363983154297
170016,-23.636363983154297
170016,38.181819915771484
170656,-23.636363983154297
171072,-23.636363983154297
171096,70.90908813476562
171496,38.181819915771484
171680,147.27272033691406
171768,-23.636363983154297
171928,-23.636363983154297
171928,-23.636363983154297
172568,-23.636363983154297
172984,-23.636363983154297
173008,92.7272720336914
173592,52.727272033691406
173680,-23.636363983154297
173840,-23.636363983154297
173840,-23.636363983154297
174480,-23.636363983154297
174896,154.5454559326172
174920,16.363636016845703
175216,-23.636363983154297
175504,-23.636363983154297
175592,74.54545593261719
175752,38.181819915771484
175752,107.2727279663086
176392,-23.636363983154297
176808,-23.636363983154297
176832,-23.636363983154297
177128,-23.636363983154297
177416,-23.636363983154297
177504,-23.636363983154297
177664,-23.636363983154297
177664,-23.636363983154297
178304,-23.636363983154297
178720,-23.636363983154297
178744,-23.636363983154297
179040,-23.636363983154297
179328,-23.636363983154297
179416,-9.090909004211426
179576,-23.636363983154297
179576,-23.636363983154297
180200,-54.66363525390625
180216,-23.636363983154297
180656,-23.636363983154297
180952,-23.636363983154297
181240,-23.636363983154297
181328,-23.636363983154297
181488,136.36363220214844
181488,-23.636363983154297
182112,-23.636363983154297
182128,-16.363636016845703
182568,-23.636363983154297
182864,-23.636363983154297
183152,1.8181818723678589
183240,-23.636363983154297
183400,-23.636363983154297
183400,-23.636363983154297
184024,-9.090909004211426
184040,172.72727966308594
184480,-23.636363983154297
185064,-23.636363983154297
185152,-23.636363983154297
185312,263.6363525390625
185312,12.727272987365723
185936,-23.636363983154297
185952,-23.636363983154297
186128,-23.636363983154297
186392,-23.636363983154297
186976,16.363636016845703
187064,-23.636363983154297
187224,-23.636363983154297
187224,176.36363220214844
187848,-23.636363983154297
187864,-23.636363983154297
188040,-16.363636016845703
188304,16.363636016845703
188976,-23.636363983154297
189136,-23.636363983154297
189136,-23.636363983154297
189760,-23.636363983154297
189776,-9.090909004211426
189952,-23.636363983154297
189960,-23.636363983154297
190216,-23.636363983154297
190888,92.7272720336914
191048,-23.636363983154297
191048,-23.636363983154297
191672,-23.636363983154297
191688,-23.636363983154297
191864,-23.636363983154297
191872,-23.636363983154297
192128,-23.636363983154297
192440,-47.254547119140625
192800,-23.636363983154297
192960,-23.636363983154297
192960,-23.636363983154297
193584,-23.636363983154297
193776,-23.636363983154297
193784,-23.636363983154297
194352,5.454545497894287
194712,-23.636363983154297
194872,-23.636363983154297
194872,-23.636363983154297
195296,-23.636363983154297
195496,165.4545440673828
195688,-23.636363983154297
195696,-23.636363983154297
196264,-23.636363983154297
196624,-23.636363983154297
196784,-9.090909004211426
196784,-23.636363983154297
197208,-23.636363983154297
197408,16.363636016845703
197600,-23.636363983154297
197608,-23.636363983154297
198176,161.81817626953125
198536,-23.636363983154297
198696,-23.636363983154297
198696,150.90908813476562
199120,-23.636363983154297
199320,-23.636363983154297
199512,-23.636363983154297
199520,-23.636363983154297
200088,-23.636363983154297
200448,-23.636363983154297
200608,-23.636363983154297
200608,150.90908813476562
201032,-23.636363983154297
201232,-23.636363983154297
201424,-23.636363983154297
201432,34.54545593261719
202000,140.0
202520,-16.363636016845703
202520,-23.636363983154297
202944,-23.636363983154297
203144,-23.636363983154297
203336,-23.636363983154297
203344,-23.636363983154297
203624,-23.636363983154297
203912,-23.636363983154297
204432,-23.636363983154297
204432,63.6363639831543
204856,-23.636363983154297
205056,-23.636363983154297
205248,-23.636363983154297
205256,67.2727279663086
205536,-23.636363983154297
205824,143.63636779785156
206344,-9.090909004211426
206344,-23.636363983154297
206768,-23.636363983154297
206968,12.727272987365723
207160,-23.636363983154297
207168,-23.636363983154297
207448,-23.636363983154297
207736,-23.636363983154297
208256,-23.636363983154297
208256,12.727272987365723
208680,-23.636363983154297
208880,-9.090909004211426
209072,-23.636363983154297
209080,-23.636363983154297
209360,1.8181818723678589
209648,85.45454406738281
210168,-23.636363983154297
210168,-23.636363983154297
210592,1.8181818723678589
210792,20.0
210984,-23.636363983154297
210992,-23.636363983154297
211272,63.6363639831543
211560,-23.636363983154297
212080,-23.636363983154297
212080,-23.636363983154297
212504,-23.636363983154297
212704,-23.636363983154297
212896,-23.636363983154297
212904,-9.090909004211426
213184,-23.636363983154297
213472,-23.636363983154297
213992,16.363636016845703
213992,-23.636363983154297
214416,-23.636363983154297
214616,161.81817626953125
214808,-9.090909004211426
214816,-23.636363983154297
215096,-23.636363983154297
215296,-57.390907287597656
215384,-23.636363983154297
215904,-23.636363983154297
216528,-23.636363983154297
216720,-23.636363983154297
216728,-23.636363983154297
216952,-23.636363983154297
217008,49.09090805053711
217208,-23.636363983154297
217296,-23.636363983154297
217816,-23.636363983154297
218440,38.181819915771484
218632,-23.636363983154297
218640,-23.636363983154297
218864,-23.636363983154297
218920,140.0
219120,-9.090909004211426
219208,-23.636363983154297
219728,-23.636363983154297
220320,-66.31818389892578
220352,154.5454559326172
220544,-23.636363983154297
220552,-23.636363983154297
220776,-23.636363983154297
220832,-9.090909004211426
221120,-23.636363983154297
221640,-23.636363983154297
222232,-23.636363983154297
222264,-23.636363983154297
222456,-23.636363983154297
222464,-23.636363983154297
222688,1.8181818723678589
222744,30.909090042114258
223032,-23.636363983154297
223552,-23.636363983154297
224144,-23.636363983154297
224176,-23.636363983154297
224368,-23.636363983154297
224376,-23.636363983154297
224600,-23.636363983154297
224656,-23.636363983154297
224944,-23.636363983154297
225464,96.36363983154297
225544,-71.99090576171875
226056,-23.636363983154297
226088,-23.636363983154297
226512,-23.636363983154297
226568,78.18181610107422
226856,-23.636363983154297
227320,158.18182373046875
227376,-23.636363983154297
227456,-23.636363983154297
227968,150.90908813476562
228000,-9.090909004211426
228424,-23.636363983154297
228480,-23.636363983154297
228768,-16.363636016845703
229232,-23.636363983154297
229288,-23.636363983154297
229368,-23.636363983154297
229880,-9.090909004211426
229912,-23.636363983154297
230336,-12.727272987365723
230392,41.818180084228516
230680,56.3636360168457
231144,-23.636363983154297
231200,-23.636363983154297
231280,-23.636363983154297
231792,-23.636363983154297
231824,-23.636363983154297
231992,-55.990909576416016
232248,-23.636363983154297
232304,34.54545593261719
232592,-23.636363983154297
233112,-23.636363983154297
233192,63.6363639831543
233704,-23.636363983154297
233736,-23.636363983154297
233904,70.90908813476562
233960,-59.063636779785156
234160,-23.636363983154297
234216,-23.636363983154297
234504,-23.636363983154297
235024,-23.636363983154297
235616,-23.636363983154297
235648,-23.636363983154297
235816,-23.636363983154297
235872,-23.636363983154297
236072,-23.636363983154297
236128,-23.636363983154297
236416,-23.636363983154297
236936,121.81818389892578
237528,-23.636363983154297
237560,-23.636363983154297
237728,12.727272987365723
237784,125.45454406738281
237984,-23.636363983154297
238040,-23.636363983154297
238328,12.727272987365723
238848,-23.636363983154297
239440,-23.636363983154297
239472,30.909090042114258
239640,-23.636363983154297
239696,-23.636363983154297
239896,-23.636363983154297
239952,9.090909004211426
240240,78.18181610107422
240760,81.81818389892578
241352,-23.636363983154297
241384,-23.636363983154297
241552,-23.636363983154297
241608,-23.636363983154297
241808,-23.636363983154297
241864,-23.636363983154297
242152,-23.636363983154297
242672,-23.636363983154297
243264,-23.636363983154297
243296,-23.636363983154297
243464,-23.636363983154297
243520,-23.636363983154297
243720,-23.636363983154297
243776,-23.636363983154297
244064,-23.636363983154297
244584,-16.363636016845703
245176,-23.636363983154297
245208,-23.636363983154297
245376,78.18181610107422
245432,-23.636363983154297
245632,-23.636363983154297
245688,45.45454406738281
245976,-23.636363983154297
246496,-23.636363983154297
247088,-23.636363983154297
247120,85.45454406738281
247288,-23.636363983154297
247344,-23.636363983154297
247544,-23.636363983154297
247600,-23.636363983154297
247888,89.09091186523438
248408,34.54545593261719
249000,-23.636363983154297
249032,-23.636363983154297
249200,-23.636363983154297
249256,49.09090805053711
249456,-23.636363983154297
249512,5.454545497894287
249800,41.818180084228516
250320,12.727272987365723
250912,176.36363220214844
250944,-23.636363983154297
251112,-23.636363983154297
251168,12.727272987365723
251368,12.727272987365723
251424,-23.636363983154297
251712,-23.636363983154297
252232,-23.636363983154297
252824,-23.636363983154297
252856,-23.636363983154297
253024,-23.636363983154297
253080,-23.636363983154297
253280,-23.636363983154297
253336,-23.636363983154297
253624,-23.636363983154297
253968,-57.69091033935547
254144,34.54545593261719
254736,-23.636363983154297
254768,-23.636363983154297
254936,-23.636363983154297
255192,-5.454545497894287
255248,41.818180084228516
255536,-23.636363983154297
255880,198.18182373046875
256056,-23.636363983154297
256648,16.363636016845703
256680,-23.636363983154297
256848,-23.636363983154297
257104,-5.454545497894287
257160,-23.636363983154297
257448,-23.636363983154297
257792,-23.636363983154297
257968,-23.636363983154297
258560,-23.636363983154297
258592,-23.636363983154297
258760,-23.636363983154297
259016,-23.636363983154297
259072,-23.636363983154297
259360,-16.363636016845703
259704,-23.636363983154297
259880,-23.636363983154297
260472,-23.636363983154297
260504,-23.636363983154297
260672,12.727272987365723
260928,-23.636363983154297
260984,-23.636363983154297
261272,-23.636363983154297
261616,-23.636363983154297
261792,-23.636363983154297
262384,-23.636363983154297
262416,180.0
262584,-23.636363983154297
262840,-23.636363983154297
262896,-23.636363983154297
263176,-52.990909576416016
263184,60.0
263528,125.45454406738281
263592,-8.845454216003418
264328,-23.636363983154297
264496,-23.636363983154297
264752,23.636363983154297
264808,-23.636363983154297
265088,-23.636363983154297
265096,-12.727272987365723
265440,-23.636363983154297
265504,-23.636363983154297
266216,-51.30908966064453
266240,114.54545593261719
266408,-23.636363983154297
266664,-23.636363983154297
266720,-23.636363983154297
267000,-23.636363983154297
267136,-55.654544830322266
267352,-23.636363983154297
267416,-23.636363983154297
268152,-12.727272987365723
268320,-23.636363983154297
268576,-23.636363983154297
268632,-23.636363983154297
268912,96.36363983154297
269048,-23.636363983154297
269264,-23.636363983154297
269328,-23.636363983154297
269448,-62.418182373046875
269768,-40.26363754272461
270064,52.727272033691406
270544,-23.636363983154297
270824,-23.636363983154297
270960,16.363636016845703
271176,-23.636363983154297
271240,-1.8181818723678589
271360,45.45454406738281
271680,-23.636363983154297
271976,143.63636779785156
272456,-23.636363983154297
272736,-23.636363983154297
272872,-23.636363983154297
273088,-23.636363983154297
273152,-23.636363983154297
273272,-23.636363983154297
273888,-23.636363983154297
274320,-23.636363983154297
274368,-23.636363983154297
274784,12.727272987365723
275000,-23.636363983154297
275064,-9.090909004211426
275184,63.6363639831543
275800,-16.363636016845703
275992,-23.636363983154297
276232,-23.636363983154297
276280,-23.636363983154297
276696,-23.636363983154297
276912,-23.636363983154297
276976,129.09091186523438
277096,-23.636363983154297
277712,-23.636363983154297
277904,-23.636363983154297
278144,-23.636363983154297
278192,-23.636363983154297
278608,-23.636363983154297
278824,-23.636363983154297
278888,136.36363220214844
279008,147.27272033691406
279624,-23.636363983154297
279816,70.90908813476562
280056,-23.636363983154297
280520,16.363636016845703
280736,-23.636363983154297
280800,103.63636016845703
280920,-23.636363983154297
281120,-23.636363983154297
281536,-23.636363983154297
281728,-23.636363983154297
281968,81.81818389892578
282432,-12.727272987365723
282648,-16.363636016845703
282712,-23.636363983154297
282832,-23.636363983154297
283032,-23.636363983154297
283448,34.54545593261719
283640,154.5454559326172
283880,-12.727272987365723
284344,-23.636363983154297
284560,132.72727966308594
284624,165.4545440673828
284744,-23.636363983154297
284944,-23.636363983154297
285008,-62.418182373046875
285360,-23.636363983154297
285552,-23.636363983154297
286256,-23.636363983154297
286472,140.0
286536,-23.636363983154297
286656,60.0
286856,-23.636363983154297
286920,-23.636363983154297
287272,-23.636363983154297
287464,38.181819915771484
288168,-23.636363983154297
288384,-23.636363983154297
288448,-23.636363983154297
288768,-23.636363983154297
288832,-9.090909004211426
289184,20.0
289320,-23.636363983154297
289376,41.818180084228516
289520,-62.818180084228516
290080,-23.636363983154297
290360,-23.636363983154297
290680,92.7272720336914
290744,78.18181610107422
291096,-23.636363983154297
291232,-23.636363983154297
291288,-23.636363983154297
291432,-23.636363983154297
291992,-23.636363983154297
292272,-23.636363983154297
292592,-23.636363983154297
292656,16.363636016845703
293008,-23.636363983154297
293144,-23.636363983154297
293200,-23.636363983154297
293344,-23.636363983154297
293424,-12.709091186523438
293904,63.6363639831543
294504,129.09091186523438
294568,-23.636363983154297
294920,-23.636363983154297
295056,-23.636363983154297
295112,-23.636363983154297
295256,-23.636363983154297
295336,-23.636363983154297
295816,-23.636363983154297
296416,-23.636363983154297
296480,38.181819915771484
296832,-23.636363983154297
296968,1.8181818723678589
297024,-23.636363983154297
297168,-23.636363983154297
297248,-23.636363983154297
297728,-23.636363983154297
298328,-23.636363983154297
298392,-23.636363983154297
298744,-23.636363983154297
298880,-12.727272987365723
298936,-23.636363983154297
299080,34.54545593261719
299160,-23.636363983154297
299424,-98.19091033935547
300240,-23.636363983154297
300304,-23.636363983154297
300656,-23.636363983154297
300792,-23.636363983154297
300848,-23.636363983154297
300992,-23.636363983154297
301072,-23.636363983154297
301336,-23.636363983154297
302152,27.272727966308594
302216,-23.636363983154297
302568,-1.8181818723678589
302704,-9.090909004211426
302760,49.09090805053711
302904,-23.636363983154297
302984,9.090909004211426
303248,-23.636363983154297
303424,-77.3272705078125
304064,296.3636474609375
304480,103.63636016845703
304616,-23.636363983154297
304672,-23.636363983154297
304816,-23.636363983154297
304896,129.09091186523438
305160,-23.636363983154297
305336,201.81817626953125
305976,-23.636363983154297
306392,-23.636363983154297
306528,63.6363639831543
306584,-23.636363983154297
306728,-23.636363983154297
306808,16.363636016845703
307072,176.36363220214844
307248,-23.636363983154297
307888,-23.636363983154297
308304,41.818180084228516
308440,-23.636363983154297
308496,-23.636363983154297
308640,-1.8181818723678589
308720,52.727272033691406
308984,-23.636363983154297
309160,-23.636363983154297
309800,-23.636363983154297
310216,-23.636363983154297
310352,132.72727966308594
310408,-16.363636016845703
310552,-16.363636016845703
310632,-23.636363983154297
310896,-23.636363983154297
311072,-23.636363983154297
311712,92.7272720336914
312128,-5.454545497894287
312264,-23.636363983154297
312320,-23.636363983154297
312464,-23.636363983154297
312544,-1.8181818723678589
312808,-23.636363983154297
312984,-23.636363983154297
313624,-23.636363983154297
314040,-23.636363983154297
314176,-23.636363983154297
314232,-9.090909004211426
314376,-23.636363983154297
314456,-23.636363983154297
314896,-23.636363983154297
315392,-71.69091033935547
315536,-23.636363983154297
315952,-12.727272987365723
316088,12.727272987365723
316144,-23.636363983154297
316288,-23.636363983154297
316808,-23.636363983154297
317304,-12.727272987365723
317448,-23.636363983154297
317864,23.636363983154297
318000,27.272727966308594
318056,-23.636363983154297
318096,-23.636363983154297
318200,-23.636363983154297
318720,-23.636363983154297
319216,198.18182373046875
319360,-23.636363983154297
319776,45.45454406738281
319912,-9.090909004211426
319968,-23.636363983154297
320008,-23.636363983154297
320112,-23.636363983154297
320632,-23.636363983154297
321128,-23.636363983154297
321272,-23.636363983154297
321688,-23.636363983154297
321824,-23.636363983154297
321872,-75.93636322021484
321880,-23.636363983154297
321920,-23.636363983154297
322544,-23.636363983154297
323040,-23.636363983154297
323184,-23.636363983154297
323600,-23.636363983154297
323736,-23.636363983154297
323784,-23.636363983154297
323792,-23.636363983154297
323832,-12.727272987365723
324456,-23.636363983154297
324952,-23.636363983154297
325096,-9.090909004211426
325512,-23.636363983154297
325648,-23.636363983154297
325696,-9.090909004211426
325704,-23.636363983154297
325744,-23.636363983154297
326368,5.454545497894287
327008,-23.636363983154297
327424,-23.636363983154297
327560,-23.636363983154297
327608,-23.636363983154297
327616,-23.636363983154297
327656,-9.090909004211426
327824,-23.636363983154297
328280,-23.636363983154297
328920,-16.363636016845703
329336,-23.636363983154297
329472,-23.636363983154297
329520,-23.636363983154297
329528,-23.636363983154297
329568,-23.636363983154297
329736,125.45454406738281
330192,-1.8181818723678589
330192,-56.390907287597656
330832,-23.636363983154297
331384,67.2727279663086
331432,-23.636363983154297
331440,-23.636363983154297
331480,-23.636363983154297
331648,-16.363636016845703
332104,-23.636363983154297
332104,16.363636016845703
332744,-23.636363983154297
333296,-23.636363983154297
333344,-23.636363983154297
333352,-16.363636016845703
333392,-23.636363983154297
333560,-23.636363983154297
334016,-23.636363983154297
334016,16.363636016845703
334656,114.54545593261719
335208,-23.636363983154297
335256,-23.636363983154297
335264,-23.636363983154297
335304,-23.636363983154297
335472,-23.636363983154297
335928,-9.090909004211426
335928,-23.636363983154297
336568,-23.636363983154297
337120,-23.636363983154297
337168,-1.8181818723678589
337176,-23.636363983154297
337216,-23.636363983154297
337384,-23.636363983154297
337840,-23.636363983154297
337840,-23.636363983154297
338480,140.0
339032,38.181819915771484
339080,-23.636363983154297
339088,-23.636363983154297
339128,-23.636363983154297
339296,-23.636363983154297
339752,20.0
339752,-23.636363983154297
340272,-55.11818313598633
340392,45.45454406738281
340944,23.636363983154297
340992,-23.636363983154297
341000,-23.636363983154297
341040,-9.090909004211426
341664,-23.636363983154297
341664,-23.636363983154297
342184,-9.090909004211426
342304,-9.090909004211426
342856,-23.636363983154297
342904,-23.636363983154297
342912,-23.636363983154297
342952,-12.727272987365723
343576,-23.636363983154297
343576,-23.636363983154297
344096,-23.636363983154297
344216,-23.636363983154297
344768,-23.636363983154297
344816,-23.636363983154297
344864,-23.636363983154297
345488,-23.636363983154297
345488,-23.636363983154297
346008,12.727272987365723
346128,-23.636363983154297
346400,-23.636363983154297
346680,-23.636363983154297
346728,-23.636363983154297
346776,89.09091186523438
346800,-56.62727355957031
347400,-23.636363983154297
347400,-23.636363983154297
348040,-23.636363983154297
348312,1.8181818723678589
348592,-23.636363983154297
348640,27.272727966308594
348688,-23.636363983154297
348712,-23.636363983154297
349312,-23.636363983154297
349312,16.363636016845703
349952,-23.636363983154297
350224,-23.636363983154297
350504,-23.636363983154297
350552,-23.636363983154297
350600,-23.636363983154297
350624,-23.636363983154297
351224,-23.636363983154297
351224,-23.636363983154297
351320,-54.19091033935547
351864,-16.363636016845703
352136,-23.636363983154297
352464,-16.363636016845703
352512,-23.636363983154297
352536,-23.636363983154297
353136,-23.636363983154297
353136,-23.636363983154297
353232,-23.636363983154297
353776,16.363636016845703
354048,-23.636363983154297
354376,45.45454406738281
354424,-23.636363983154297
354448,-23.636363983154297
355048,-23.636363983154297
355048,-23.636363983154297
355144,38.181819915771484
355688,-23.636363983154297
355960,-16.363636016845703
356336,-23.636363983154297
356360,-9.090909004211426
356960,-23.636363983154297
356960,-23.636363983154297
357056,-23.636363983154297
357504,-9.090909004211426
357600,-23.636363983154297
357872,-23.636363983154297
358248,-23.636363983154297
358272,-23.636363983154297
358872,-23.636363983154297
358872,-23.636363983154297
358968,-23.636363983154297
359416,-23.636363983154297
359512,-23.636363983154297
359784,-23.636363983154297
360160,205.4545440673828
360184,-23.636363983154297
360784,-23.636363983154297
360784,-23.636363983154297
360880,-23.636363983154297
361328,-23.636363983154297
361424,-23.636363983154297
361696,-23.636363983154297
362072,-23.636363983154297
362096,-23.636363983154297
362696,-23.636363983154297
362696,-23.636363983154297
362792,-23.636363983154297
363240,-23.636363983154297
363336,-23.636363983154297
363608,-23.636363983154297
363984,-23.636363983154297
364008,-23.636363983154297
364608,-9.090909004211426
364608,96.36363983154297
364704,-23.636363983154297
365152,-23.636363983154297
365248,-23.636363983154297
365520,-23.636363983154297
365896,-23.636363983154297
365920,-23.636363983154297
366520,-23.636363983154297
366520,-23.636363983154297
366616,12.727272987365723
367064,-23.636363983154297
367160,45.45454406738281
367432,-23.636363983154297
367808,-23.636363983154297
367832,78.18181610107422
368432,38.181819915771484
368432,-23.636363983154297
368528,-23.636363983154297
368976,-23.636363983154297
369072,-23.636363983154297
369344,30.909090042114258
369720,-23.636363983154297
369744,12.727272987365723
370344,-23.636363983154297
370344,-23.636363983154297
370440,-23.636363983154297
370888,103.63636016845703
370984,30.909090042114258
371256,-23.636363983154297
371632,-23.636363983154297
371656,-5.454545497894287
372256,-5.454545497894287
372256,212.72727966308594
372352,23.636363983154297
372800,-23.636363983154297
372896,-23.636363983154297
373168,-9.090909004211426
373544,-23.636363983154297
373568,-23.636363983154297
374168,-16.363636016845703
374168,100.0
374264,-23.636363983154297
374712,-23.636363983154297
374808,-23.636363983154297
375080,-23.636363983154297
375456,-23.636363983154297
375480,-23.636363983154297
376080,-23.636363983154297
376080,-12.727272987365723
376176,63.6363639831543
376624,-23.636363983154297
376720,-23.636363983154297
376992,-23.636363983154297
377368,-23.636363983154297
377952,-23.636363983154297
377992,12.727272987365723
377992,-23.636363983154297
378088,-23.636363983154297
378536,-23.636363983154297
378632,-23.636363983154297
378904,-23.636363983154297
379280,-23.636363983154297
379864,-23.636363983154297
379904,-16.363636016845703
379904,147.27272033691406
380000,-23.636363983154297
380120,-55.29090881347656
380448,30.909090042114258
380544,-23.636363983154297
380816,-23.636363983154297
381776,-23.636363983154297
381816,-23.636363983154297
381816,41.818180084228516
381912,-23.636363983154297
382032,147.27272033691406
382360,-23.636363983154297
382456,-23.636363983154297
382728,-23.636363983154297
383688,-23.636363983154297
383728,-23.636363983154297
383728,-23.636363983154297
383824,-23.636363983154297
383944,16.363636016845703
384272,-23.636363983154297
384368,20.0
384640,-23.636363983154297
385600,-23.636363983154297
385640,-23.636363983154297
385640,-23.636363983154297
385736,-23.636363983154297
385856,-23.636363983154297
386184,-23.636363983154297
386280,-23.636363983154297
386552,-23.636363983154297
387512,-5.454545497894287
387552,-23.636363983154297
387552,-23.636363983154297
387648,-23.636363983154297
387768,-23.636363983154297
388096,-23.636363983154297
388192,-23.636363983154297
388464,-23.636363983154297
389424,-20.0
389464,-23.636363983154297
389464,-9.090909004211426
389560,-9.090909004211426
389680,-23.636363983154297
390008,-23.636363983154297
390104,-23.636363983154297
390376,-23.636363983154297
391336,-23.636363983154297
391376,-23.636363983154297
391376,-23.636363983154297
391472,-23.636363983154297
391592,16.363636016845703
391920,-23.636363983154297
392016,-23.636363983154297
392288,-23.636363983154297
393248,-23.636363983154297
393288,30.909090042114258
393288,-23.636363983154297
393384,-23.636363983154297
393504,-23.636363983154297
393832,-23.636363983154297
393928,-23.636363983154297
394200,89.09091186523438
395160,-23.636363983154297
395200,-23.636363983154297
395200,-23.636363983154297
395296,-23.636363983154297
395416,5.454545497894287
395840,-23.636363983154297
396000,-72.39090728759766
396112,-23.636363983154297
397072,-23.636363983154297
397112,-23.636363983154297
397112,125.45454406738281
397208,-23.636363983154297
397328,-23.636363983154297
397752,-12.727272987365723
397912,-23.636363983154297
398024,-23.636363983154297
398984,-23.636363983154297
399024,-23.636363983154297
399024,-23.636363983154297
399120,-23.636363983154297
399240,-23.636363983154297
399664,-23.636363983154297
399824,-23.636363983154297
399936,-23.636363983154297
400896,-23.636363983154297
400936,12.727272987365723
400936,-23.636363983154297
401032,-23.636363983154297
401152,-23.636363983154297
401576,-23.636363983154297
401848,-1.8181818723678589
402808,-23.636363983154297
402848,-16.363636016845703
402848,-23.636363983154297
402944,-23.636363983154297
403064,-16.363636016845703
403488,-23.636363983154297
403760,-23.636363983154297
404152,-23.636363983154297
404720,-23.636363983154297
404760,-23.636363983154297
404760,-23.636363983154297
404856,-23.636363983154297
404976,-23.636363983154297
405400,-23.636363983154297
405672,12.727272987365723
406064,-23.636363983154297
406632,-23.636363983154297
406672,-23.636363983154297
406672,-23.636363983154297
406768,-23.636363983154297
406888,-23.636363983154297
407312,-23.636363983154297
407584,-23.636363983154297
407816,-76.4272689819336
407976,132.72727966308594
408584,27.272727966308594
408584,118.18181610107422
408680,-23.636363983154297
408800,-23.636363983154297
409224,-9.090909004211426
409496,-23.636363983154297
409728,-23.636363983154297
409888,-23.636363983154297
409952,21.190908432006836
410496,-23.636363983154297
410496,-23.636363983154297
410712,-23.636363983154297
411136,-23.636363983154297
411408,-23.636363983154297
411640,-23.636363983154297
411800,-12.727272987365723
411864,63.6363639831543
412408,-23.636363983154297
412408,-23.636363983154297
412624,-23.636363983154297
413048,-23.636363983154297
413320,45.45454406738281
413712,-23.636363983154297
413776,209.09091186523438
414320,16.363636016845703
414320,-9.090909004211426
414536,16.363636016845703
414624,-23.636363983154297
414960,-23.636363983154297
415232,-9.090909004211426
415624,-23.636363983154297
415688,-23.636363983154297
416232,34.54545593261719
416232,118.18181610107422
416448,-23.636363983154297
416536,-23.636363983154297
416872,-23.636363983154297
417144,-23.636363983154297
417536,-23.636363983154297
417600,16.363636016845703
418144,-23.636363983154297
418144,-23.636363983154297
418360,-23.636363983154297
418448,-23.636363983154297
418784,-23.636363983154297
419056,-23.636363983154297
419448,30.909090042114258
419512,-23.636363983154297
420056,-23.636363983154297
420056,-23.636363983154297
420272,-23.636363983154297
420360,-23.636363983154297
420696,-23.636363983154297
420968,-23.636363983154297
421128,-56.29090881347656
421360,-23.636363983154297
421424,154.5454559326172
421968,-23.636363983154297
421968,-23.636363983154297
422272,-23.636363983154297
422608,-23.636363983154297
422880,-23.636363983154297
423040,-23.636363983154297
423272,-23.636363983154297
423336,-23.636363983154297
423880,-23.636363983154297
423880,-23.636363983154297
424184,-5.454545497894287
424520,-23.636363983154297
424736,109.18181610107422
424792,-23.636363983154297
425184,-23.636363983154297
425248,-23.636363983154297
425792,-23.636363983154297
425792,-23.636363983154297
426096,-23.636363983154297
426432,-23.636363983154297
426648,-23.636363983154297
426704,-23.636363983154297
427096,-23.636363983154297
427160,-23.636363983154297
427704,-23.636363983154297
427704,-23.636363983154297
427936,-55.9636344909668
428008,5.454545497894287
428536,-74.91818237304688
428560,-23.636363983154297
428616,-23.636363983154297
429008,-23.636363983154297
429616,-23.636363983154297
429616,-23.636363983154297
429848,5.454545497894287
429920,-23.636363983154297
430448,-16.363636016845703
430472,-23.636363983154297
430528,114.54545593261719
430920,-23.636363983154297
431528,-23.636363983154297
431528,-23.636363983154297
431760,-23.636363983154297
431832,-23.636363983154297
432360,9.090909004211426
432384,100.0
432440,-23.636363983154297
432832,20.0
433440,-23.636363983154297
433440,-23.636363983154297
433672,96.36363983154297
433744,-23.636363983154297
434272,-23.636363983154297
434296,-23.636363983154297
434352,-23.636363983154297
434648,-73.69091033935547
434744,-23.636363983154297
435352,-23.636363983154297
435584,1.8181818723678589
435656,-16.363636016845703
436184,-23.636363983154297
436208,-23.636363983154297
436264,-23.636363983154297
436560,161.81817626953125
436656,-23.636363983154297
437264,-23.636363983154297
437496,-23.636363983154297
437568,-23.636363983154297
438096,-23.636363983154297
438120,-23.636363983154297
438176,12.727272987365723
438472,-23.636363983154297
439176,-23.636363983154297
439408,16.363636016845703
439480,-23.636363983154297
440008,-16.363636016845703
440032,-23.636363983154297
440056,-23.636363983154297
440088,-23.636363983154297
440384,-23.636363983154297
441088,-23.636363983154297
441320,-23.636363983154297
441392,-23.636363983154297
441920,-23.636363983154297
441944,-23.636363983154297
441968,-23.636363983154297
442000,-23.636363983154297
442296,63.6363639831543
443000,-23.636363983154297
443232,-23.636363983154297
443304,-23.636363983154297
443832,-23.636363983154297
443856,-23.636363983154297
443880,-23.636363983154297
443912,1.8181818723678589
444208,-23.636363983154297
444912,-23.636363983154297
445144,-23.636363983154297
445216,129.09091186523438
445744,-23.636363983154297
445768,-23.636363983154297
445792,-23.636363983154297
445824,-23.636363983154297
446120,52.727272033691406
446824,-23.636363983154297
447056,-23.636363983154297
447128,9.090909004211426
447656,143.63636779785156
447680,-23.636363983154297
447704,-23.636363983154297
447736,-23.636363983154297
448032,-23.636363983154297
448968,-23.636363983154297
449568,-23.636363983154297
449592,-23.636363983154297
449616,16.363636016845703
449648,-23.636363983154297
449944,-23.636363983154297
450632,-23.636363983154297
450672,-98.49090576171875
450856,-23.636363983154297
451480,-23.636363983154297
451504,-23.636363983154297
451528,-23.636363983154297
451560,81.81818389892578
451856,-23.636363983154297
452544,-23.636363983154297
452584,-9.090909004211426
452768,-23.636363983154297
453392,132.72727966308594
453416,-23.636363983154297
453440,-16.363636016845703
453472,-23.636363983154297
453768,27.272727966308594
454456,-23.636363983154297
454496,27.272727966308594
454544,-47.87272644042969
454680,114.54545593261719
455304,-23.636363983154297
455352,-23.636363983154297
455384,-23.636363983154297
455680,-23.636363983154297
456264,-88.68181610107422
456368,-23.636363983154297
456408,-23.636363983154297
456592,-23.636363983154297
457080,-54.29090881347656
457216,-1.8181818723678589
457264,-23.636363983154297
457296,161.81817626953125
457592,-23.636363983154297
458280,-23.636363983154297
458320,-23.636363983154297
458504,-23.636363983154297
458992,-23.636363983154297
459128,-23.636363983154297
459176,-23.636363983154297
459208,-23.636363983154297
459504,-23.636363983154297
460192,16.363636016845703
460232,-23.636363983154297
460416,41.818180084228516
460904,-23.636363983154297
461040,-9.090909004211426
461088,-23.636363983154297
461120,49.09090805053711
461416,41.818180084228516
462104,-23.636363983154297
462144,-23.636363983154297
462328,-23.636363983154297
462952,-23.636363983154297
463000,-23.636363983154297
463032,-23.636363983154297
463328,-23.636363983154297
464016,-23.636363983154297
464056,16.363636016845703
464184,-72.49090576171875
464240,-23.636363983154297
464520,-9.090909004211426
464864,-23.636363983154297
464944,-23.636363983154297
465240,121.81818389892578
465928,-23.636363983154297
465968,-23.636363983154297
466096,-23.636363983154297
466152,70.90908813476562
466432,169.09091186523438
466776,118.18181610107422
466856,60.0
467152,-23.636363983154297
467840,-23.636363983154297
467880,-23.636363983154297
467952,-46.37272644042969
468008,30.909090042114258
468064,-16.363636016845703
468344,-23.636363983154297
468688,-23.636363983154297
469064,-16.363636016845703
469752,-23.636363983154297
469792,-23.636363983154297
469864,-23.636363983154297
469920,-23.636363983154297
469976,-23.636363983154297
470256,-23.636363983154297
470600,-23.636363983154297
470976,-23.636363983154297
471664,-23.636363983154297
471704,-23.636363983154297
471776,-23.636363983154297
471832,-23.636363983154297
471888,-23.636363983154297
472168,-12.727272987365723
472512,-23.636363983154297
472888,-23.636363983154297
473576,-23.636363983154297
473616,114.54545593261719
473688,16.363636016845703
473744,-23.636363983154297
473800,12.727272987365723
474080,-23.636363983154297
474424,-23.636363983154297
474800,-23.636363983154297
475488,-23.636363983154297
475528,-23.636363983154297
475600,-23.636363983154297
475656,-23.636363983154297
475712,-23.636363983154297
475992,-23.636363983154297
476336,-23.636363983154297
476712,-23.636363983154297
477400,-23.636363983154297
477440,-23.636363983154297
477512,-23.636363983154297
477568,-23.636363983154297
477624,-23.636363983154297
477904,-23.636363983154297
478248,-23.636363983154297
478624,-23.636363983154297
479312,16.363636016845703
479352,-23.636363983154297
479424,9.090909004211426
479480,-23.636363983154297
479536,-23.636363983154297
479816,-23.636363983154297
480160,-9.090909004211426
480536,-23.636363983154297
481224,187.27272033691406
481264,-23.636363983154297
481336,-23.636363983154297
481360,-107.49090576171875
481448,285.4545593261719
481728,12.727272987365723
482072,-23.636363983154297
482448,-23.636363983154297
483136,-23.636363983154297
483176,143.63636779785156
483248,-23.636363983154297
483272,-23.636363983154297
483360,172.72727966308594
483640,-23.636363983154297
483984,-23.636363983154297
484112,-56.490909576416016
484360,-23.636363983154297
485048,190.90908813476562
485184,52.727272033691406
485272,20.0
485552,-23.636363983154297
485792,-23.636363983154297
485896,-9.090909004211426
486024,-23.636363983154297
486272,-23.636363983154297
486960,-23.636363983154297
487096,-23.636363983154297
487184,-23.636363983154297
487464,-23.636363983154297
487704,-23.636363983154297
487808,-23.636363983154297
487936,-23.636363983154297
488184,1.8181818723678589
488872,-23.636363983154297
489008,-23.636363983154297
489096,-23.636363983154297
489376,-23.636363983154297
489616,-23.636363983154297
489720,27.272727966308594
489848,-23.636363983154297
490096,-23.636363983154297
490784,-23.636363983154297
490920,-23.636363983154297
491008,-23.636363983154297
491288,-23.636363983154297
491528,30.909090042114258
491632,-23.636363983154297
491760,238.18182373046875
492008,-23.636363983154297
492696,-23.636363983154297
492832,-9.090909004211426
492920,-23.636363983154297
493200,-23.636363983154297
493440,-23.636363983154297
493544,154.5454559326172
493672,5.454545497894287
494608,-23.636363983154297
494744,5.454545497894287
494832,-23.636363983154297
495112,23.636363983154297
495352,-23.636363983154297
495440,16.363636016845703
495456,-23.636363983154297
495584,-23.636363983154297
495672,-59.02727127075195
496520,-23.636363983154297
496656,-23.636363983154297
497024,-23.636363983154297
497264,74.54545593261719
497352,1.8181818723678589
497368,-23.636363983154297
497496,-23.636363983154297
497584,-23.636363983154297
498432,158.18182373046875
498568,-23.636363983154297
498936,183.63636779785156
499176,-23.636363983154297
499264,-23.636363983154297
499280,-23.636363983154297
499408,-23.636363983154297
499496,-23.636363983154297
500344,-23.636363983154297
500480,-23.636363983154297
500848,-23.636363983154297
501088,103.63636016845703
501176,-23.636363983154297
501192,-23.636363983154297
501320,78.18181610107422
501408,-23.636363983154297
502256,-23.636363983154297
502392,-9.090909004211426
502760,-23.636363983154297
503000,1.8181818723678589
503088,-23.636363983154297
503104,-23.636363983154297
503320,-9.090909004211426
504168,38.181819915771484
504304,-23.636363983154297
504672,-23.636363983154297
504912,-23.636363983154297
505000,-23.636363983154297
505016,303.6363525390625
505232,-23.636363983154297
506008,-23.636363983154297
506080,-23.636363983154297
506216,-23.636363983154297
506584,-23.636363983154297
506824,-23.636363983154297
506912,-23.636363983154297
506928,-23.636363983154297
507144,-23.636363983154297
507920,-23.636363983154297
507992,-23.636363983154297
508128,-23.636363983154297
508496,-16.363636016845703
508736,16.363636016845703
508824,-23.636363983154297
508840,20.0
509056,-23.636363983154297
509832,-23.636363983154297
509904,-23.636363983154297
510040,-23.636363983154297
510408,-23.636363983154297
510648,-23.636363983154297
510736,34.54545593261719
510752,-23.636363983154297
510968,-23.636363983154297
511744,-23.636363983154297
511816,-23.636363983154297
511952,-23.636363983154297
512320,-23.636363983154297
512560,9.090909004211426
512648,-23.636363983154297
512664,41.818180084228516
512880,150.90908813476562
513656,-23.636363983154297
513728,-16.363636016845703
513864,-23.636363983154297
514000,22.60909080505371
514472,-23.636363983154297
514560,-23.636363983154297
514576,-23.636363983154297
514656,-52.990909576416016
514792,-5.454545497894287
515568,-23.636363983154297
515640,-23.636363983154297
515912,-23.636363983154297
516144,-91.3272705078125
516384,-1.8181818723678589
516472,-23.636363983154297
516488,-23.636363983154297
516520,-39.20909118652344
516704,-23.636363983154297
517480,-5.454545497894287
517824,-23.636363983154297
518056,-23.636363983154297
518296,121.81818389892578
518384,20.0
518400,-23.636363983154297
518432,-23.636363983154297
518616,176.36363220214844
519392,-12.727272987365723
519736,78.18181610107422
519968,23.636363983154297
520208,-23.636363983154297
520296,-23.636363983154297
520312,-23.636363983154297
520344,70.90908813476562
520528,-23.636363983154297
521304,-23.636363983154297
521648,9.090909004211426
521880,-23.636363983154297
522120,-9.090909004211426
522208,-5.454545497894287
522224,-23.636363983154297
522256,-23.636363983154297
522440,-23.636363983154297
523216,-9.090909004211426
523560,-23.636363983154297
523792,-23.636363983154297
524032,-23.636363983154297
524120,-23.636363983154297
524136,-23.636363983154297
524168,-23.636363983154297
524352,150.90908813476562
525128,-23.636363983154297
525472,-23.636363983154297
525704,-23.636363983154297
525944,-16.363636016845703
526032,-23.636363983154297
526048,100.0
526080,-23.636363983154297
526264,-23.636363983154297
526824,-56.62727355957031
527040,89.09091186523438
527384,-23.636363983154297
527616,-23.636363983154297
527856,-9.090909004211426
527960,-23.636363983154297
527992,-23.636363983154297
528176,45.45454406738281
528736,-23.636363983154297
528952,-23.636363983154297
529296,-23.636363983154297
529528,16.363636016845703
529768,-23.636363983154297
529872,-23.636363983154297
529904,-23.636363983154297
530088,-23.636363983154297
530648,-23.636363983154297
530864,-23.636363983154297
531208,-23.636363983154297
531440,38.181819915771484
531680,-23.636363983154297
531784,23.636363983154297
531816,-23.636363983154297
532000,-23.636363983154297
532560,-23.636363983154297
532776,-23.636363983154297
533120,-23.636363983154297
533312,-31.509090423583984
533352,9.090909004211426
533592,-23.636363983154297
533728,-23.636363983154297
533912,165.4545440673828
534472,-23.636363983154297
534688,-23.636363983154297
534824,-52.52727127075195
534848,-79.7272720336914
535032,-23.636363983154297
535264,-23.636363983154297
535640,-23.636363983154297
535824,140.0
536384,-23.636363983154297
536600,-1.8181818723678589
536736,-23.636363983154297
536760,-1.8181818723678589
536944,-23.636363983154297
537176,-23.636363983154297
537552,-23.636363983154297
537736,-23.636363983154297
538296,-23.636363983154297
538512,-23.636363983154297
538624,-65.16363525390625
538648,-23.636363983154297
538672,-23.636363983154297
538856,-23.636363983154297
539088,-23.636363983154297
539464,78.18181610107422
540208,136.36363220214844
540424,-23.636363983154297
540536,85.45454406738281
540560,-23.636363983154297
540584,-23.636363983154297
540768,-23.636363983154297
541000,41.818180084228516
541376,-23.636363983154297
542120,-23.636363983154297
542336,-23.636363983154297
542448,-5.454545497894287
542472,-23.636363983154297
542496,-23.636363983154297
542680,-23.636363983154297
542912,-23.636363983154297
543288,16.363636016845703
544032,-23.636363983154297
544248,-23.636363983154297
544360,-23.636363983154297
544384,-23.636363983154297
544408,-9.090909004211426
544592,125.45454406738281
544824,78.18181610107422
545200,-23.636363983154297
545944,-23.636363983154297
546160,-23.636363983154297
546272,-23.636363983154297
546296,-5.454545497894287
546504,89.09091186523438
546736,-23.636363983154297
546976,-23.636363983154297
547112,5.454545497894287
547856,5.454545497894287
548072,63.6363639831543
548184,34.54545593261719
548208,-23.636363983154297
548416,-23.636363983154297
548648,-23.636363983154297
548888,-23.636363983154297
549024,12.727272987365723
549768,-23.636363983154297
549984,154.5454559326172
550096,-23.636363983154297
550120,78.18181610107422
550328,-23.636363983154297
550560,-23.636363983154297
550800,-23.636363983154297
550936,-23.636363983154297
551680,-23.636363983154297
551896,1.8181818723678589
552008,-23.636363983154297
552032,-23.636363983154297
552240,-23.636363983154297
552472,-23.636363983154297
552712,-23.636363983154297
552848,-23.636363983154297
553592,-23.636363983154297
553808,-23.636363983154297
553920,-23.636363983154297
553944,-16.363636016845703
554152,-23.636363983154297
554384,-23.636363983154297
554624,-23.636363983154297
554760,-23.636363983154297
555504,-23.636363983154297
555720,-23.636363983154297
555832,-23.636363983154297
555856,-23.636363983154297
556064,-23.636363983154297
556296,-23.636363983154297
556536,23.636363983154297
556672,-23.636363983154297
557416,-23.636363983154297
557632,-23.636363983154297
557744,-23.636363983154297
557768,-23.636363983154297
557976,-23.636363983154297
558448,-23.636363983154297
558584,-23.636363983154297
559288,-23.636363983154297
559328,-23.636363983154297
559544,129.09091186523438
559656,-23.636363983154297
559680,136.36363220214844
559888,-23.636363983154297
560360,241.81817626953125
560496,143.63636779785156
561200,-23.636363983154297
561240,-23.636363983154297
561456,-23.636363983154297
561568,-1.8181818723678589
561592,-16.363636016845703
561632,-77.09091186523438
561800,-9.090909004211426
562408,-23.636363983154297
563112,56.3636360168457
563152,16.363636016845703
563368,-23.636363983154297
563480,-23.636363983154297
563504,-23.636363983154297
563544,-23.636363983154297
563712,-23.636363983154297
564320,12.727272987365723
565024,-23.636363983154297
565064,-23.636363983154297
565280,38.181819915771484
565416,-23.636363983154297
565456,45.45454406738281
565624,-23.636363983154297
566064,-56.42727279663086
566232,-23.636363983154297
566480,-23.636363983154297
566936,-23.636363983154297
566976,-23.636363983154297
567328,-23.636363983154297
567368,5.454545497894287
567536,-23.636363983154297
567976,-12.727272987365723
568144,-1.8181818723678589
568392,63.6363639831543
568888,-16.363636016845703
569240,-23.636363983154297
569280,-9.090909004211426
569448,-23.636363983154297
569888,9.090909004211426
569952,-23.636363983154297
570056,-23.636363983154297
570304,-23.636363983154297
570800,132.72727966308594
571152,-23.636363983154297
571192,-23.636363983154297
571360,-23.636363983154297
571800,238.18182373046875
571864,129.09091186523438
571968,-23.636363983154297
572216,100.0
572712,-23.636363983154297
573064,-23.636363983154297
573104,-23.636363983154297
573272,-9.090909004211426
573712,-12.727272987365723
573776,-23.636363983154297
573880,-23.636363983154297
574128,9.090909004211426
574624,70.90908813476562
574976,-23.636363983154297
575016,140.0
575184,-23.636363983154297
575624,-23.636363983154297
575688,-23.636363983154297
576040,16.363636016845703
576416,150.90908813476562
576536,-23.636363983154297
576888,23.636363983154297
576928,-1.8181818723678589
577096,-23.636363983154297
577536,41.818180084228516
577600,-23.636363983154297
577952,-23.636363983154297
578328,-23.636363983154297
578448,-9.090909004211426
578800,-23.636363983154297
578840,-23.636363983154297
579008,-23.636363983154297
579448,-23.636363983154297
579512,-23.636363983154297
579864,-23.636363983154297
580240,-23.636363983154297
580360,-23.636363983154297
580712,-23.636363983154297
580752,-23.636363983154297
581360,-23.636363983154297
581424,-1.8181818723678589
581776,-23.636363983154297
582152,-23.636363983154297
582272,-23.636363983154297
582624,-23.636363983154297
582664,-23.636363983154297
582672,41.818180084228516
583272,169.09091186523438
583336,-23.636363983154297
583688,-23.636363983154297
584064,-23.636363983154297
584184,-23.636363983154297
584536,-23.636363983154297
584576,-9.090909004211426
584584,-23.636363983154297
585184,-23.636363983154297
585248,-23.636363983154297
585600,-23.636363983154297
585976,9.090909004211426
586096,-23.636363983154297
586448,-23.636363983154297
586488,45.45454406738281
586496,9.090909004211426
586832,-82.46363830566406
587096,-23.636363983154297
587160,-23.636363983154297
587888,5.454545497894287
588008,161.81817626953125
588400,-23.636363983154297
588408,-23.636363983154297
588744,-23.636363983154297
589008,172.72727966308594
589072,-23.636363983154297
589152,-23.636363983154297
589800,16.363636016845703
589920,-23.636363983154297
590312,-23.636363983154297
590320,-9.090909004211426
590656,-23.636363983154297
590920,-23.636363983154297
590984,-23.636363983154297
591064,-23.636363983154297
591712,-23.636363983154297
591832,-23.636363983154297
592224,30.909090042114258
592232,-23.636363983154297
592568,-23.636363983154297
592832,23.636363983154297
592896,-23.636363983154297
592976,-23.636363983154297
593624,-23.636363983154297
593744,-5.454545497894287
594136,-23.636363983154297
594144,16.363636016845703
594480,-23.636363983154297
594744,56.3636360168457
594808,-23.636363983154297
594888,-23.636363983154297
595536,-23.636363983154297
595656,-23.636363983154297
596048,27.272727966308594
596056,-23.636363983154297
596392,-23.636363983154297
596656,158.18182373046875
596720,-23.636363983154297
596800,-16.363636016845703
597448,-23.636363983154297
597568,-23.636363983154297
597960,-23.636363983154297
597968,-23.636363983154297
598304,-23.636363983154297
598568,-23.636363983154297
598632,-23.636363983154297
598712,-23.636363983154297
599360,230.90908813476562
599480,-23.636363983154297
599872,12.727272987365723
599880,-23.636363983154297
600216,-23.636363983154297
600480,1.8181818723678589
600544,-23.636363983154297
600624,-23.636363983154297
601272,-23.636363983154297
601392,-5.454545497894287
601784,-23.636363983154297
601792,-23.636363983154297
602128,-23.636363983154297
602392,-23.636363983154297
602456,9.090909004211426
602536,-1.8181818723678589
603184,-23.636363983154297
603304,-16.363636016845703
603696,-23.636363983154297
603704,-23.636363983154297
604040,-23.636363983154297
604304,-23.636363983154297
604368,-23.636363983154297
605096,-23.636363983154297
605216,-23.636363983154297
605608,-23.636363983154297
605616,-23.636363983154297
605952,-23.636363983154297
606120,-23.636363983154297
606216,-23.636363983154297
606280,169.09091186523438
607008,-23.636363983154297
607128,-23.636363983154297
607520,-23.636363983154297
607528,34.54545593261719
607864,-23.636363983154297
608032,-23.636363983154297
608128,-23.636363983154297
608192,-23.636363983154297
608920,27.272727966308594
609040,-23.636363983154297
609432,-23.636363983154297
609440,-23.636363983154297
609776,-12.727272987365723
609944,-23.636363983154297
610000,-65.2272720336914
610040,-23.636363983154297
610104,23.636363983154297
610832,-23.636363983154297
611344,-23.636363983154297
611352,-23.636363983154297
611688,150.90908813476562
611856,-23.636363983154297
611912,12.727272987365723
611952,-23.636363983154297
612016,-23.636363983154297
612744,136.36363220214844
613256,-23.636363983154297
613264,-23.636363983154297
613600,-23.636363983154297
613768,-23.636363983154297
613824,-23.636363983154297
613864,-23.636363983154297
613928,-23.636363983154297
614656,-23.636363983154297
615168,-23.636363983154297
615176,-23.636363983154297
615512,-23.636363983154297
615680,-23.636363983154297
615736,-23.636363983154297
615776,-23.636363983154297
615840,12.727272987365723
616568,-23.636363983154297
616928,-80.36363983154297
617080,-23.636363983154297
617088,-23.636363983154297
617424,20.0
617592,-23.636363983154297
617688,-23.636363983154297
617752,-23.636363983154297
618480,5.454545497894287
618840,-23.636363983154297
618992,-23.636363983154297
619000,-23.636363983154297
619336,12.727272987365723
619504,-23.636363983154297
619600,-23.636363983154297
619664,-12.727272987365723
620392,-23.636363983154297
620752,-23.636363983154297
620776,-29.563636779785156
620904,-23.636363983154297
621248,161.81817626953125
621512,-23.636363983154297
621576,-23.636363983154297
622304,-23.636363983154297
622464,-23.636363983154297
622664,-23.636363983154297
622688,-23.636363983154297
622816,-23.636363983154297
623160,9.090909004211426
623424,-23.636363983154297
623488,-9.090909004211426
624216,45.45454406738281
624376,-23.636363983154297
624576,-23.636363983154297
624600,-16.363636016845703
624728,-23.636363983154297
625072,-23.636363983154297
625336,-23.636363983154297
625400,-23.636363983154297
626128,-23.636363983154297
626288,-23.636363983154297
626488,-23.636363983154297
626512,-23.636363983154297
626640,-23.636363983154297
626984,-23.636363983154297
627248,-23.636363983154297
627312,-23.636363983154297
627768,-41.02727127075195
628040,114.54545593261719
628200,-16.363636016845703
628424,-23.636363983154297
628552,-23.636363983154297
628896,92.7272720336914
629160,-23.636363983154297
629224,-23.636363983154297
629680,114.54545593261719
629952,-23.636363983154297
630112,-23.636363983154297
630336,12.727272987365723
630464,-23.636363983154297
630808,-23.636363983154297
631072,-23.636363983154297
631136,-23.636363983154297
631592,-23.636363983154297
631864,-23.636363983154297
632024,-23.636363983154297
632248,5.454545497894287
632376,-23.636363983154297
632720,-5.454545497894287
632984,-23.636363983154297
633048,-23.636363983154297
633776,-23.636363983154297
633936,-23.636363983154297
634160,-23.636363983154297
634288,-23.636363983154297
634632,-1.8181818723678589
634896,9.090909004211426
634960,-23.636363983154297
634992,-23.636363983154297
635304,-52.79999923706055
635688,-23.636363983154297
636072,-23.636363983154297
636200,-23.636363983154297
636544,9.090909004211426
636808,-12.727272987365723
636872,-12.727272987365723
636904,-23.636363983154297
637216,-23.636363983154297
637600,-23.636363983154297
637984,-12.727272987365723
638456,-23.636363983154297
638720,16.363636016845703
638784,-23.636363983154297
638808,-23.636363983154297
638816,-23.636363983154297
639128,-23.636363983154297
639896,-23.636363983154297
640368,63.6363639831543
640584,63.6363639831543
640632,5.454545497894287
640696,16.363636016845703
640720,-23.636363983154297
640728,-23.636363983154297
641040,23.636363983154297
641808,-23.636363983154297
642280,-23.636363983154297
642496,132.72727966308594
642544,-23.636363983154297
642608,-23.636363983154297
642632,-23.636363983154297
642640,-23.636363983154297
642952,-23.636363983154297
643720,150.90908813476562
644192,-23.636363983154297
644408,-23.636363983154297
644456,-23.636363983154297
644520,-23.636363983154297
644544,-23.636363983154297
644552,-16.363636016845703
644864,-23.636363983154297
645632,-23.636363983154297
646104,-23.636363983154297
646320,-23.636363983154297
646368,-23.636363983154297
646432,-23.636363983154297
646456,-23.636363983154297
646464,-23.636363983154297
646776,-23.636363983154297
647304,-59.12727355957031
648016,-23.636363983154297
648232,-23.636363983154297
648280,-23.636363983154297
648344,-23.636363983154297
648368,5.454545497894287
648688,-23.636363983154297
648864,52.727272033691406
649216,-23.636363983154297
649928,-23.636363983154297
650144,9.090909004211426
650192,-23.636363983154297
650256,-23.636363983154297
650280,1.8181818723678589
650600,-23.636363983154297
650776,-23.636363983154297
651128,-23.636363983154297
651840,-23.636363983154297
652104,-23.636363983154297
652168,-23.636363983154297
652192,-23.636363983154297
652512,-23.636363983154297
652688,-23.636363983154297
653040,-23.636363983154297
653752,-23.636363983154297
653760,165.4545440673828
654016,16.363636016845703
654080,-23.636363983154297
654104,118.18181610107422
654424,205.4545440673828
654600,-23.636363983154297
654952,-23.636363983154297
655664,-23.636363983154297
655672,-23.636363983154297
655928,107.2727279663086
655992,-23.636363983154297
656016,-23.636363983154297
656336,-23.636363983154297
656504,-37.20909118652344
656512,-23.636363983154297
656864,100.0
657584,12.727272987365723
657840,-23.636363983154297
657904,23.636363983154297
657928,-23.636363983154297
658248,-23.636363983154297
658424,-9.090909004211426
658776,-23.636363983154297
659496,-23.636363983154297
659496,-16.363636016845703
659752,-23.636363983154297
659816,23.636363983154297
659840,-23.636363983154297
660336,161.81817626953125
660688,-23.636363983154297
661120,-23.636363983154297
661352,-57.563636779785156
661408,-23.636363983154297
661408,-23.636363983154297
661664,78.18181610107422
661752,-23.636363983154297
662248,-9.090909004211426
662600,-23.636363983154297
663032,-9.090909004211426
663320,67.2727279663086
663320,-9.090909004211426
663576,-23.636363983154297
663664,-23.636363983154297
664160,16.363636016845703
664512,-23.636363983154297
664944,1.8181818723678589
665056,-23.636363983154297
665232,85.45454406738281
665232,-23.636363983154297
665488,-23.636363983154297
665576,-23.636363983154297
666072,-23.636363983154297
666424,-23.636363983154297
666856,-23.636363983154297
666968,9.090909004211426
667144,-23.636363983154297
667144,-23.636363983154297
667400,-23.636363983154297
667488,16.363636016845703
667984,85.45454406738281
668336,-23.636363983154297
668768,-23.636363983154297
668880,-23.636363983154297
669056,-23.636363983154297
669056,-23.636363983154297
669312,-23.636363983154297
669400,-23.636363983154297
669896,-23.636363983154297
670680,-23.636363983154297
670792,-23.636363983154297
670968,-16.363636016845703
670968,-23.636363983154297
671224,103.63636016845703
671280,-23.636363983154297
671312,-23.636363983154297
671808,-23.636363983154297
672592,-23.636363983154297
672704,-23.636363983154297
672880,-23.636363983154297
672880,169.09091186523438
673136,-23.636363983154297
673192,-23.636363983154297
673224,-23.636363983154297
673720,16.363636016845703
674504,-23.636363983154297
674792,-23.636363983154297
674792,-23.636363983154297
675104,-23.636363983154297
675136,-23.636363983154297
675632,38.181819915771484
675936,-5.454545497894287
676416,-23.636363983154297
676480,-23.636363983154297
676704,-5.454545497894287
676704,-23.636363983154297
677016,-23.636363983154297
677048,-23.636363983154297
677544,-23.636363983154297
677848,-23.636363983154297
678328,-23.636363983154297
678392,-23.636363983154297
678616,-23.636363983154297
678616,-23.636363983154297
678928,-23.636363983154297
678960,-23.636363983154297
679456,-23.636363983154297
679760,-23.636363983154297
680240,-16.363636016845703
680528,63.6363639831543
680528,34.54545593261719
680840,1.8181818723678589
680872,-23.636363983154297
681368,-23.636363983154297
681672,-23.636363983154297
681720,-23.636363983154297
682152,-23.636363983154297
682440,-23.636363983154297
682440,-23.636363983154297
682752,81.81818389892578
682784,-23.636363983154297
683280,180.0
683584,-23.636363983154297
683632,-23.636363983154297
684064,-23.636363983154297
684352,45.45454406738281
684352,-12.727272987365723
684664,-23.636363983154297
684696,-5.454545497894287
685496,-16.363636016845703
685544,-23.636363983154297
685976,-23.636363983154297
686240,9.090909004211426
686264,-23.636363983154297
686264,-23.636363983154297
686576,-23.636363983154297
686608,-23.636363983154297
687408,-23.636363983154297
687456,-23.636363983154297
687888,-23.636363983154297
688152,-23.636363983154297
688176,-23.636363983154297
688176,-23.636363983154297
688304,-55.990909576416016
688488,1.8181818723678589
688520,-23.636363983154297
689320,-23.636363983154297
689800,-23.636363983154297
690064,-23.636363983154297
690088,-16.363636016845703
690088,-23.636363983154297
690216,41.818180084228516
690400,-23.636363983154297
690432,-23.636363983154297
691232,-23.636363983154297
691248,-72.49090576171875
691712,129.09091186523438
692000,30.909090042114258
692000,-23.636363983154297
692128,-23.636363983154297
692312,-23.636363983154297
692344,-1.8181818723678589
693144,-23.636363983154297
693160,45.45454406738281
693624,-12.727272987365723
693912,-23.636363983154297
693912,-23.636363983154297
694040,-23.636363983154297
694224,-23.636363983154297
694256,-23.636363983154297
695056,-12.727272987365723
695072,-23.636363983154297
695536,-23.636363983154297
695824,-23.636363983154297
695824,-23.636363983154297
695952,-23.636363983154297
696136,-23.636363983154297
696168,-23.636363983154297
696968,27.272727966308594
696984,-16.363636016845703
697448,-23.636363983154297
697736,16.363636016845703
697736,34.54545593261719
697864,1.8181818723678589
698048,-23.636363983154297
698080,-23.636363983154297
698880,27.272727966308594
698896,52.727272033691406
699360,-23.636363983154297
699648,-23.636363983154297
699648,-23.636363983154297
699776,5.454545497894287
699992,140.0
700792,-23.636363983154297
700808,-9.090909004211426
701272,-23.636363983154297
701440,-12.727272987365723
701560,-23.636363983154297
701560,-23.636363983154297
701688,-23.636363983154297
701904,-23.636363983154297
702704,-23.636363983154297
702720,-23.636363983154297
703184,-23.636363983154297
703352,-23.636363983154297
703472,5.454545497894287
703472,-23.636363983154297
703600,-23.636363983154297
703816,-23.636363983154297
704256,-52.59090805053711
704616,-23.636363983154297
704632,-16.363636016845703
705096,-23.636363983154297
705264,158.18182373046875
705384,-23.636363983154297
705512,-23.636363983154297
705728,-23.636363983154297
706168,118.18181610107422
706520,-69.11817932128906
706528,-23.636363983154297
706544,-9.090909004211426
707008,-23.636363983154297
707424,-23.636363983154297
707640,-23.636363983154297
708432,45.45454406738281
708440,-23.636363983154297
708456,-23.636363983154297
708672,-23.636363983154297
708728,27.272727966308594
708920,-23.636363983154297
709336,-23.636363983154297
709552,-23.636363983154297
710344,-9.090909004211426
710352,-23.636363983154297
710368,-23.636363983154297
710584,-23.636363983154297
710640,-23.636363983154297
710832,-23.636363983154297
711248,-23.636363983154297
711464,-23.636363983154297
712256,16.363636016845703
712264,70.90908813476562
712280,-23.636363983154297
712496,12.727272987365723
712552,-23.636363983154297
712744,16.363636016845703
713160,-23.636363983154297
713376,9.090909004211426
714168,-23.636363983154297
714176,-23.636363983154297
714192,140.0
714408,-23.636363983154297
714464,-9.090909004211426
714656,81.81818389892578
715072,23.636363983154297
715288,16.363636016845703
716080,-23.636363983154297
716088,-23.636363983154297
716104,-23.636363983154297
716320,16.363636016845703
716376,-23.636363983154297
716568,41.818180084228516
716808,-82.31818389892578
716984,-23.636363983154297
717992,136.36363220214844
718000,-23.636363983154297
718016,9.090909004211426
718232,23.636363983154297
718288,-23.636363983154297
718480,-23.636363983154297
718720,158.18182373046875
718896,-23.636363983154297
719680,12.190909385681152
719904,-23.636363983154297
719912,-23.636363983154297
719928,-23.636363983154297
720200,-23.636363983154297
720392,-23.636363983154297
720632,-23.636363983154297
720808,-23.636363983154297
721592,-23.636363983154297
721816,-23.636363983154297
721824,-23.636363983154297
721840,-23.636363983154297
722112,-23.636363983154297
722544,-23.636363983154297
722720,70.90908813476562
723376,-23.636363983154297
723504,67.2727279663086
723728,-23.636363983154297
723736,-23.636363983154297
723752,5.454545497894287
724024,-23.636363983154297
724456,-23.636363983154297
724632,-23.636363983154297
725288,-23.636363983154297
725416,-23.636363983154297
725640,-23.636363983154297
725648,-23.636363983154297
725664,-23.636363983154297
725936,-23.636363983154297
726368,-23.636363983154297
726544,-23.636363983154297
727200,198.18182373046875
727328,-23.636363983154297
727552,-23.636363983154297
727560,-23.636363983154297
727576,-23.636363983154297
727848,-23.636363983154297
728280,-23.636363983154297
728456,-23.636363983154297
729112,-23.636363983154297
729240,-23.636363983154297
729464,-23.636363983154297
729472,-23.636363983154297
729488,9.090909004211426
729760,-23.636363983154297
730192,-23.636363983154297
730368,-23.636363983154297
731024,-23.636363983154297
731152,-23.636363983154297
731376,-23.636363983154297
731384,-23.636363983154297
731400,-23.636363983154297
731672,-23.636363983154297
732104,-23.636363983154297
732280,-23.636363983154297
732936,38.181819915771484
733064,-23.636363983154297
733288,158.18182373046875
733296,-23.636363983154297
733312,-23.636363983154297
733584,9.090909004211426
734016,30.909090042114258
734064,-65.73636627197266
734192,-9.090909004211426
734848,-23.636363983154297
734976,-23.636363983154297
735200,-9.090909004211426
735208,-23.636363983154297
735496,-1.8181818723678589
735928,-23.636363983154297
735976,-23.636363983154297
736104,-23.636363983154297
736760,-23.636363983154297
736888,-23.636363983154297
737112,-23.636363983154297
737120,-23.636363983154297
737408,12.727272987365723
737840,-23.636363983154297
737888,-23.636363983154297
737920,-53.990909576416016
738016,-23.636363983154297
738672,-23.636363983154297
738800,-23.636363983154297
739016,-72.19091033935547
739032,-23.636363983154297
739056,-62.918182373046875
739320,-23.636363983154297
739800,-23.636363983154297
739928,60.0
740584,-23.636363983154297
740712,-9.090909004211426
740928,-23.636363983154297
740944,63.6363639831543
740968,-23.636363983154297
741232,-23.636363983154297
741712,-1.8181818723678589
741840,-23.636363983154297
742496,-23.636363983154297
742624,-23.636363983154297
742840,5.454545497894287
742856,70.90908813476562
742880,16.363636016845703
743144,176.36363220214844
743624,-23.636363983154297
743752,-23.636363983154297
744408,-9.090909004211426
744536,-23.636363983154297
744752,-23.636363983154297
744768,-23.636363983154297
744792,-23.636363983154297
744816,-80.16363525390625
745056,-23.636363983154297
745664,-23.636363983154297
746184,-84.53636169433594
746448,-23.636363983154297
746664,-23.636363983154297
746680,34.54545593261719
746704,-23.636363983154297
746728,-23.636363983154297
747576,-23.636363983154297
747936,-23.636363983154297
748096,-23.636363983154297
748360,9.090909004211426
748576,-23.636363983154297
748592,-23.636363983154297
748616,-23.636363983154297
748640,20.0
748720,-56.04545593261719
749848,-23.636363983154297
750008,-23.636363983154297
750272,-23.636363983154297
750488,-23.636363983154297
750528,-23.636363983154297
750552,-23.636363983154297
750632,-12.727272987365723
751112,-68.59091186523438
751760,-23.636363983154297
751920,-23.636363983154297
752184,-23.636363983154297
752400,-23.636363983154297
752440,-23.636363983154297
752464,-23.636363983154297
752544,-23.636363983154297
753024,-23.636363983154297
753672,-23.636363983154297
753832,-1.8181818723678589
754096,-23.636363983154297
754312,-23.636363983154297
754352,-23.636363983154297
754376,-23.636363983154297
754456,-23.636363983154297
754936,-23.636363983154297
755584,1.8181818723678589
755744,-23.636363983154297
756008,-23.636363983154297
756224,-12.727272987365723
756264,-23.636363983154297
756288,23.636363983154297
756368,-23.636363983154297
756848,-23.636363983154297
757496,-23.636363983154297
757656,118.18181610107422
757920,-9.090909004211426
758136,-23.636363983154297
758176,-23.636363983154297
758200,183.63636779785156
758280,-23.636363983154297
758760,-23.636363983154297
759408,-23.636363983154297
759568,-23.636363983154297
759832,-23.636363983154297
760048,-23.636363983154297
760088,-23.636363983154297
760112,-23.636363983154297
760192,-23.636363983154297
760672,118.18181610107422
761320,136.36363220214844
761744,1.8181818723678589
761960,-23.636363983154297
762000,-23.636363983154297
762024,-23.636363983154297
762104,-23.636363983154297
762176,-56.390907287597656
762424,-23.636363983154297
762584,-9.090909004211426
763656,-23.636363983154297
763872,-23.636363983154297
763912,-23.636363983154297
763936,20.0
764016,-9.090909004211426
764088,-23.636363983154297
764336,-23.636363983154297
764496,-1.8181818723678589
765568,-9.090909004211426
765784,-23.636363983154297
765824,-23.636363983154297
765848,-23.636363983154297
765928,-16.363636016845703
766000,-23.636363983154297
766248,-23.636363983154297
766408,-23.636363983154297
767480,114.54545593261719
767696,-23.636363983154297
767736,-23.636363983154297
767760,136.36363220214844
767840,23.636363983154297
767912,30.909090042114258
768160,-23.636363983154297
768320,107.2727279663086
769392,-23.636363983154297
769608,147.27272033691406
769648,-23.636363983154297
769672,-23.636363983154297
769752,45.45454406738281
769824,-23.636363983154297
770072,-23.636363983154297
770232,-23.636363983154297
771304,-23.636363983154297
771520,-23.636363983154297
771560,12.727272987365723
771584,12.727272987365723
771664,-23.636363983154297
771736,176.36363220214844
771984,-23.636363983154297
772144,-23.636363983154297
773216,-23.636363983154297
773432,107.2727279663086
773472,-23.636363983154297
773496,-23.636363983154297
773576,-23.636363983154297
773648,-23.636363983154297
773896,-23.636363983154297
774056,-23.636363983154297
775128,-23.636363983154297
775344,-23.636363983154297
775384,16.363636016845703
775408,-23.636363983154297
775488,-23.636363983154297
775560,-23.636363983154297
775808,-23.636363983154297
775968,-23.636363983154297
777040,-23.636363983154297
777256,-23.636363983154297
777296,1.8181818723678589
777320,-23.636363983154297
777400,107.2727279663086
777472,-23.636363983154297
777720,-23.636363983154297
777880,-9.090909004211426
778952,-23.636363983154297
779168,-23.636363983154297
779208,16.363636016845703
779232,38.181819915771484
779312,-23.636363983154297
779384,38.181819915771484
779632,-23.636363983154297
779792,-23.636363983154297
780864,12.727272987365723
781080,-23.636363983154297
781120,-9.090909004211426
781144,-23.636363983154297
781224,-23.636363983154297
781296,-23.636363983154297
781544,129.09091186523438
781704,81.81818389892578
782128,-58.827274322509766
782776,-23.636363983154297
782992,-23.636363983154297
783032,-23.636363983154297
783056,-23.636363983154297
783136,41.818180084228516
783456,-23.636363983154297
783616,212.72727966308594
784040,-23.636363983154297
784640,-56.12727355957031
784688,-23.636363983154297
784904,-23.636363983154297
784944,1.8181818723678589
785048,-23.636363983154297
785368,-23.636363983154297
785528,-23.636363983154297
785952,81.81818389892578
786552,140.0
786600,-23.636363983154297
786816,-1.8181818723678589
786856,-23.636363983154297
786960,-23.636363983154297
787280,-23.636363983154297
787440,-23.636363983154297
787864,-23.636363983154297
788464,-23.636363983154297
788512,-23.636363983154297
788728,-23.636363983154297
788768,45.45454406738281
788872,-23.636363983154297
789192,-23.636363983154297
789352,-23.636363983154297
789776,-23.636363983154297
790376,-23.636363983154297
790424,12.727272987365723
790640,-23.636363983154297
790680,12.727272987365723
790784,-23.636363983154297
790800,-46.51818084716797
791264,-1.8181818723678589
791688,-23.636363983154297
792288,-23.636363983154297
792336,-23.636363983154297
792552,-23.636363983154297
792592,-23.636363983154297
792696,-23.636363983154297
792712,45.45454406738281
793176,-23.636363983154297
793600,23.636363983154297
794128,-1.3545454740524292
794200,-23.636363983154297
794248,-23.636363983154297
794464,-23.636363983154297
794504,-23.636363983154297
795088,12.727272987365723
795512,-23.636363983154297
796040,132.72727966308594
796072,-23.636363983154297
796112,-23.636363983154297
796160,96.36363983154297
796376,-23.636363983154297
796416,-23.636363983154297
797000,-23.636363983154297
797424,60.0
797952,-23.636363983154297
797984,-23.636363983154297
798024,-23.636363983154297
798072,-23.636363983154297
798288,-23.636363983154297
798328,12.727272987365723
798912,27.272727966308594
799336,121.81818389892578
799864,-23.636363983154297
799896,-23.636363983154297
799936,-23.636363983154297
799984,-23.636363983154297
800200,-23.636363983154297
800240,-23.636363983154297
800824,-23.636363983154297
801776,-23.636363983154297
801808,27.272727966308594
801848,-23.636363983154297
801896,-23.636363983154297
802112,-23.636363983154297
802152,-23.636363983154297
802352,-23.636363983154297
802736,-23.636363983154297
803688,-23.636363983154297
803720,-9.090909004211426
803760,-23.636363983154297
804024,-23.636363983154297
804064,-23.636363983154297
804264,-23.636363983154297
804648,-23.636363983154297
804896,-72.19091033935547
805288,-78.84545135498047
805592,-23.636363983154297
805672,-23.636363983154297
805936,-23.636363983154297
805976,-23.636363983154297
806176,16.363636016845703
806560,-23.636363983154297
806808,-23.636363983154297
807200,92.7272720336914
807504,-23.636363983154297
807584,1.8181818723678589
807848,9.090909004211426
807888,12.727272987365723
808088,103.63636016845703
808472,-23.636363983154297
808720,-23.636363983154297
809112,-23.636363983154297
809416,107.2727279663086
809496,9.090909004211426
809760,-23.636363983154297
809800,-23.636363983154297
810000,-23.636363983154297
810384,-23.636363983154297
810544,-47.87272644042969
810632,-23.636363983154297
811024,-23.636363983154297
811408,-23.636363983154297
811672,49.09090805053711
811712,-23.636363983154297
811912,-23.636363983154297
812296,-23.636363983154297
812456,-23.636363983154297
812544,-23.636363983154297
812936,183.63636779785156
813320,-23.636363983154297
813584,121.81818389892578
813624,16.363636016845703
813824,-23.636363983154297
814208,-23.636363983154297
814368,-23.636363983154297
814456,63.6363639831543
814848,-23.636363983154297
815232,-23.636363983154297
815496,-23.636363983154297
815536,-16.363636016845703
815736,-12.727272987365723
816120,-23.636363983154297
816280,-23.636363983154297
816368,1.8181818723678589
816760,-23.636363983154297
817144,-23.636363983154297
817408,-23.636363983154297
817448,-23.636363983154297
817648,-23.636363983154297
818032,-23.636363983154297
818192,-23.636363983154297
818280,-23.636363983154297
818672,-23.636363983154297
819056,-23.636363983154297
819320,-23.636363983154297
819360,9.090909004211426
819560,45.45454406738281
819944,136.36363220214844
820104,-23.636363983154297
820192,-23.636363983154297
820584,-23.636363983154297
820968,5.454545497894287
821232,-23.636363983154297
821272,-23.636363983154297
821472,12.727272987365723
821856,-23.636363983154297
822016,12.727272987365723
822104,121.81818389892578
822496,27.272727966308594
822880,-23.636363983154297
823144,-23.636363983154297
823184,-23.636363983154297
823384,-23.636363983154297
823768,-23.636363983154297
823928,16.363636016845703
824016,-23.636363983154297
824408,-23.636363983154297
824792,-23.636363983154297
825056,-23.636363983154297
825096,-23.636363983154297
825296,-23.636363983154297
825680,-23.636363983154297
825840,-23.636363983154297
825928,-23.636363983154297
826320,-23.636363983154297
826704,-23.636363983154297
826968,-23.636363983154297
827008,-23.636363983154297
827208,-23.636363983154297
827592,-23.636363983154297
827752,125.45454406738281
827840,-23.636363983154297
828232,16.363636016845703
828616,-23.636363983154297
828880,-5.454545497894287
828920,-23.636363983154297
829120,16.363636016845703
829504,-9.090909004211426
829664,-23.636363983154297
829752,-23.636363983154297
830144,-23.636363983154297
830528,16.363636016845703
830792,-23.636363983154297
830832,-23.636363983154297
831032,-23.636363983154297
831416,165.4545440673828
831576,-23.636363983154297
831664,-23.636363983154297
832056,-23.636363983154297
832440,-23.636363983154297
832704,-23.636363983154297
832744,-23.636363983154297
832944,-23.636363983154297
833328,-23.636363983154297
833488,-23.636363983154297
833576,-23.636363983154297
833968,1.8181818723678589
834352,140.0
834616,190.90908813476562
834656,-23.636363983154297
834856,-12.727272987365723
835240,-16.363636016845703
835400,-23.636363983154297
835488,-23.636363983154297
835880,-23.636363983154297
836264,-23.636363983154297
836528,-23.636363983154297
836568,-9.090909004211426
836768,-23.636363983154297
837152,-23.636363983154297
837312,-23.636363983154297
837400,-23.636363983154297
837792,-23.636363983154297
838176,-23.636363983154297
838440,-23.636363983154297
838480,-23.636363983154297
838680,100.0
839064,49.09090805053711
839224,-23.636363983154297
839312,-23.636363983154297
839704,-23.636363983154297
840088,-23.636363983154297
840352,136.36363220214844
840592,-23.636363983154297
840976,-23.636363983154297
840992,-70.3272705078125
841136,-23.636363983154297
841224,16.363636016845703
841616,-23.636363983154297
842000,-23.636363983154297
842264,-23.636363983154297
842504,-9.090909004211426
842888,34.54545593261719
842904,-23.636363983154297
843048,41.818180084228516
843136,107.2727279663086
843528,121.81818389892578
843912,-23.636363983154297
844176,-23.636363983154297
844416,-9.090909004211426
844800,-23.636363983154297
844816,-23.636363983154297
845048,-23.636363983154297
845440,-23.636363983154297
845824,-23.636363983154297
846048,-9.090909004211426
846088,-9.090909004211426
846328,-23.636363983154297
846712,-23.636363983154297
846728,-23.636363983154297
846960,-23.636363983154297
847352,-23.636363983154297
847736,34.54545593261719
847960,-23.636363983154297
848000,-23.636363983154297
848240,-23.636363983154297
848624,-9.090909004211426
848640,-23.636363983154297
848872,70.90908813476562
849264,118.18181610107422
849648,-23.636363983154297
849872,-23.636363983154297
849912,-23.636363983154297
850064,-60.66363525390625
850152,23.636363983154297
850536,16.363636016845703
850552,-16.363636016845703
850784,92.7272720336914
851560,-23.636363983154297
851784,-23.636363983154297
851824,-12.727272987365723
851976,-9.090909004211426
852064,-23.636363983154297
852448,-23.636363983154297
852464,103.63636016845703
852696,-23.636363983154297
853472,-23.636363983154297
853696,34.54545593261719
853736,-23.636363983154297
853888,34.54545593261719
853976,-23.636363983154297
854360,-23.636363983154297
854376,-23.636363983154297
854608,-23.636363983154297
855384,-16.363636016845703
855608,-23.636363983154297
855648,-23.636363983154297
855800,-23.636363983154297
855888,-23.636363983154297
856272,-23.636363983154297
856288,-23.636363983154297
856520,-23.636363983154297
857296,-23.636363983154297
857520,-23.636363983154297
857560,136.36363220214844
857800,-1.8181818723678589
858184,-23.636363983154297
858200,-23.636363983154297
858432,-23.636363983154297
859208,-23.636363983154297
859432,-23.636363983154297
859472,-23.636363983154297
859616,110.90908813476562
859712,-23.636363983154297
860096,-23.636363983154297
860112,-23.636363983154297
860344,-23.636363983154297
861120,-23.636363983154297
861344,-23.636363983154297
861384,-23.636363983154297
861528,60.0
862008,-23.636363983154297
862024,-23.636363983154297
862256,-23.636363983154297
863032,-23.636363983154297
863184,-23.636363983154297
863256,-23.636363983154297
863296,-23.636363983154297
863440,-23.636363983154297
863920,-9.090909004211426
863936,-23.636363983154297
864168,-23.636363983154297
864944,-23.636363983154297
865096,-23.636363983154297
865168,-23.636363983154297
865208,-23.636363983154297
865352,-23.636363983154297
865832,-23.636363983154297
865848,-23.636363983154297
866080,-23.636363983154297
866856,-23.636363983154297
867008,-16.363636016845703
867080,34.54545593261719
867120,-23.636363983154297
867264,187.27272033691406
867744,172.72727966308594
867760,20.0
867992,-23.636363983154297
868768,-23.636363983154297
868920,-23.636363983154297
868992,-9.090909004211426
869032,110.90908813476562
869096,75.97272491455078
869176,63.6363639831543
869656,23.636363983154297
869904,1.8181818723678589
870680,45.45454406738281
870832,-23.636363983154297
870904,-23.636363983154297
870944,-23.636363983154297
871008,-23.636363983154297
871088,-23.636363983154297
871568,-23.636363983154297
871656,-54.69091033935547
871816,70.90908813476562
872592,-23.636363983154297
872816,63.6363639831543
872856,41.818180084228516
872920,-23.636363983154297
873000,-23.636363983154297
873480,16.363636016845703
873568,-23.636363983154297
873728,16.363636016845703
874504,-23.636363983154297
874728,-16.363636016845703
874768,198.18182373046875
874832,-23.636363983154297
874912,-9.090909004211426
875392,-23.636363983154297
875480,-23.636363983154297
875640,-23.636363983154297
876416,-23.636363983154297
876640,9.090909004211426
876680,-23.636363983154297
876744,-1.8181818723678589
876824,-23.636363983154297
877304,-16.363636016845703
877392,-23.636363983154297
877552,-23.636363983154297
877904,-12.845454216003418
878328,-23.636363983154297
878552,-1.8181818723678589
878592,-23.636363983154297
878656,-23.636363983154297
878680,-47.87272644042969
879216,49.09090805053711
879304,5.454545497894287
879816,-23.636363983154297
880240,-9.090909004211426
880464,-23.636363983154297
880504,-23.636363983154297
880568,-23.636363983154297
880592,-23.636363983154297
881128,-23.636363983154297
881216,-23.636363983154297
881448,-56.19091033935547
881728,-23.636363983154297
882152,-23.636363983154297
882376,45.45454406738281
882416,-23.636363983154297
882480,-23.636363983154297
883040,12.727272987365723
883128,-23.636363983154297
883360,-23.636363983154297
883640,-23.636363983154297
884064,-23.636363983154297
884288,-23.636363983154297
884328,194.5454559326172
884392,-23.636363983154297
884952,-23.636363983154297
885040,-23.636363983154297
885272,-12.727272987365723
885552,-23.636363983154297
885976,45.45454406738281
886200,150.90908813476562
886240,27.272727966308594
886304,-23.636363983154297
886864,-16.363636016845703
886952,-23.636363983154297
887184,-23.636363983154297
887464,-23.636363983154297
887888,-23.636363983154297
888112,-23.636363983154297
888152,-1.8181818723678589
888216,-23.636363983154297
888776,-23.636363983154297
888864,-1.8181818723678589
889096,-9.090909004211426
889376,-23.636363983154297
889800,-23.636363983154297
890024,-23.636363983154297
890064,-5.454545497894287
890128,-23.636363983154297
890688,-23.636363983154297
890776,92.7272720336914
891008,-23.636363983154297
891288,-23.636363983154297
891712,-23.636363983154297
891936,63.6363639831543
891976,-23.636363983154297
892040,-23.636363983154297
892600,-23.636363983154297
892688,-23.636363983154297
892920,-23.636363983154297
893200,-23.636363983154297
893624,20.0
893848,-23.636363983154297
893888,-23.636363983154297
893952,-23.636363983154297
894512,38.181819915771484
894600,30.909090042114258
894832,-23.636363983154297
895112,-23.636363983154297
895536,-23.636363983154297
895760,132.72727966308594
895800,-23.636363983154297
895864,-23.636363983154297
896424,9.090909004211426
896512,-23.636363983154297
896720,-56.29090881347656
896744,96.36363983154297
896952,-76.62727355957031
897024,-23.636363983154297
897448,-23.636363983154297
897712,-9.090909004211426
898112,-64.31818389892578
898336,-23.636363983154297
898424,-23.636363983154297
898632,-23.636363983154297
898656,-23.636363983154297
898936,-23.636363983154297
898976,-56.69091033935547
899360,-23.636363983154297
899624,-23.636363983154297
900008,-30.827272415161133
900248,12.727272987365723
900336,-23.636363983154297
900568,-23.636363983154297
900888,-23.636363983154297
900904,104.3272705078125
901272,-23.636363983154297
901592,-23.636363983154297
901920,132.72727966308594
902160,-23.636363983154297
902248,-23.636363983154297
902480,-23.636363983154297
902800,-23.636363983154297
902816,-23.636363983154297
903184,-23.636363983154297
903368,-65.16363525390625
903504,-23.636363983154297
903832,-23.636363983154297
904072,89.09091186523438
904160,-23.636363983154297
904712,34.54545593261719
904728,23.636363983154297
905096,-23.636363983154297
905280,-23.636363983154297
905416,-23.636363983154297
905744,-12.727272987365723
905984,23.636363983154297
906072,-23.636363983154297
906624,-23.636363983154297
906640,-23.636363983154297
907192,-23.636363983154297
907328,165.4545440673828
907656,-23.636363983154297
907720,-23.636363983154297
907896,12.727272987365723
907984,20.0
908536,107.2727279663086
908552,-23.636363983154297
908832,-77.10909271240234
909240,-23.636363983154297
909568,-23.636363983154297
909632,-23.636363983154297
909808,52.727272033691406
909896,-23.636363983154297
910040,-53.29090881347656
910448,-23.636363983154297
910464,-23.636363983154297
910744,158.18182373046875
911480,-23.636363983154297
911544,63.6363639831543
911720,-23.636363983154297
911808,-23.636363983154297
911952,-23.636363983154297
912360,89.09091186523438
912656,-12.727272987365723
913392,-23.636363983154297
913456,-23.636363983154297
913632,-23.636363983154297
913720,132.72727966308594
913816,-23.636363983154297
913864,-23.636363983154297
914272,-23.636363983154297
914568,132.72727966308594
915304,-23.636363983154297
915368,-23.636363983154297
915544,-23.636363983154297
915632,-23.636363983154297
915728,-23.636363983154297
915776,-23.636363983154297
916184,-23.636363983154297
916480,-23.636363983154297
917216,158.18182373046875
917280,183.63636779785156
917456,-23.636363983154297
917544,-23.636363983154297
917640,60.0
917688,-23.636363983154297
918096,-1.8181818723678589
918392,67.2727279663086
919128,-23.636363983154297
919192,-12.727272987365723
919368,-23.636363983154297
919456,-23.636363983154297
919552,-9.090909004211426
920008,125.45454406738281
920304,16.363636016845703
920568,-64.09091186523438
920672,-23.636363983154297
921040,34.54545593261719
921104,-23.636363983154297
921280,-23.636363983154297
921368,23.636363983154297
921920,-23.636363983154297
922016,-59.09090805053711
922216,-23.636363983154297
922480,-23.636363983154297
922584,-23.636363983154297
922952,-23.636363983154297
923192,-23.636363983154297
923280,-23.636363983154297
923832,-1.8181818723678589
923928,-23.636363983154297
924128,-23.636363983154297
924392,-23.636363983154297
924496,223.63636779785156
924864,49.09090805053711
925104,-23.636363983154297
925192,-23.636363983154297
925744,-23.636363983154297
925840,-23.636363983154297
926040,-23.636363983154297
926304,-23.636363983154297
926776,-23.636363983154297
927016,-23.636363983154297
927104,-23.636363983154297
927336,5.454545497894287
927656,-9.090909004211426
927752,169.09091186523438
927952,-23.636363983154297
928216,-23.636363983154297
928688,-23.636363983154297
928928,-23.636363983154297
929016,-23.636363983154297
929248,165.4545440673828
929568,-23.636363983154297
929664,-23.636363983154297
929864,-23.636363983154297
930128,12.727272987365723
930600,-23.636363983154297
930840,-23.636363983154297
930928,20.0
931160,-23.636363983154297
931480,-1.8181818723678589
931576,-23.636363983154297
931776,41.818180084228516
932040,-23.636363983154297
932512,23.636363983154297
932752,23.636363983154297
932840,-23.636363983154297
933072,-23.636363983154297
933392,23.636363983154297
933488,-9.090909004211426
933688,187.27272033691406
933952,-9.090909004211426
934264,-52.29090881347656
934424,34.54545593261719
934664,-23.636363983154297
934752,-23.636363983154297
934984,-23.636363983154297
935304,-23.636363983154297
935600,-23.636363983154297
935864,-23.636363983154297
936176,16.363636016845703
936336,-23.636363983154297
936576,-23.636363983154297
936664,-23.636363983154297
937216,-23.636363983154297
937512,38.181819915771484
937776,-23.636363983154297
937992,-23.636363983154297
938088,27.272727966308594
938248,-23.636363983154297
938488,-23.636363983154297
938576,-23.636363983154297
939128,-16.363636016845703
939424,209.09091186523438
939688,158.18182373046875
939904,165.4545440673828
940000,-23.636363983154297
940160,70.90908813476562
940208,-52.59090805053711
940400,41.818180084228516
940488,56.3636360168457
941040,-23.636363983154297
941600,125.45454406738281
941816,-23.636363983154297
941912,-23.636363983154297
942072,-9.090909004211426
942120,-9.090909004211426
942312,-9.090909004211426
942400,-23.636363983154297
942952,23.636363983154297
943512,-23.636363983154297
943728,-23.636363983154297
943824,-23.636363983154297
943984,67.2727279663086
944032,-23.636363983154297
944224,-23.636363983154297
944312,-23.636363983154297
944864,-23.636363983154297
945424,-23.636363983154297
945640,-23.636363983154297
945736,12.727272987365723
945896,-23.636363983154297
945944,9.090909004211426
946136,-23.636363983154297
946224,129.09091186523438
946616,-76.7272720336914
946776,-23.636363983154297
947552,-23.636363983154297
947648,-23.636363983154297
947808,-23.636363983154297
947856,27.272727966308594
948048,-5.454545497894287
948136,89.09091186523438
948528,-23.636363983154297
948688,169.09091186523438
949464,-23.636363983154297
949560,-23.636363983154297
949720,96.36363983154297
949768,-23.636363983154297
949960,-23.636363983154297
950048,-23.636363983154297
950440,-23.636363983154297
950600,-23.636363983154297
951376,-23.636363983154297
951472,41.818180084228516
951632,-23.636363983154297
951680,-23.636363983154297
951872,-9.090909004211426
952352,-9.090909004211426
952512,-23.636363983154297
953288,41.818180084228516
953384,-23.636363983154297
953544,74.54545593261719
953592,-23.636363983154297
953592,-23.636363983154297
953784,176.36363220214844
954264,-23.636363983154297
954424,-23.636363983154297
955200,-23.636363983154297
955296,-23.636363983154297
955456,67.2727279663086
955504,-23.636363983154297
955504,-23.636363983154297
955696,-23.636363983154297
956176,227.27272033691406
956336,147.27272033691406
957112,-23.636363983154297
957208,-23.636363983154297
957368,-23.636363983154297
957416,23.636363983154297
957416,41.818180084228516
957608,45.45454406738281
958088,-23.636363983154297
958248,-23.636363983154297
959024,-23.636363983154297
959120,-23.636363983154297
959280,34.54545593261719
959328,-9.090909004211426
959328,1.8181818723678589
959520,-9.090909004211426
960000,-23.636363983154297
960160,198.18182373046875
960936,-23.636363983154297
961032,-23.636363983154297
961192,-23.636363983154297
961240,-23.636363983154297
961240,-23.636363983154297
961432,-23.636363983154297
961912,118.18181610107422
962072,-23.636363983154297
962848,12.727272987365723
962944,-9.090909004211426
963104,16.363636016845703
963152,-23.636363983154297
963152,-23.636363983154297
963344,-23.636363983154297
963824,-23.636363983154297
963984,-23.636363983154297
964760,70.90908813476562
964856,-23.636363983154297
965016,38.181819915771484
965064,23.636363983154297
965064,-23.636363983154297
965256,-23.636363983154297
965736,38.181819915771484
965896,241.81817626953125
966672,-23.636363983154297
966768,-23.636363983154297
966928,-23.636363983154297
966976,100.0
966976,-23.636363983154297
967168,-23.636363983154297
967648,-23.636363983154297
967808,205.4545440673828
968584,-23.636363983154297
968680,-23.636363983154297
968840,-23.636363983154297
968888,-23.636363983154297
968888,-23.636363983154297
969080,-23.636363983154297
969560,16.363636016845703
969720,-23.636363983154297
970496,158.18182373046875
970592,12.727272987365723
970752,-23.636363983154297
970800,-23.636363983154297
970800,-23.636363983154297
970992,9.090909004211426
971472,-23.636363983154297
971632,-23.636363983154297
972408,-23.636363983154297
972504,-23.636363983154297
972664,-23.636363983154297
972712,-23.636363983154297
972712,-23.636363983154297
972904,-5.454545497894287
973384,-23.636363983154297
973544,30.909090042114258
974320,-23.636363983154297
974416,-23.636363983154297
974576,-23.636363983154297
974624,-16.363636016845703
974624,-23.636363983154297
974816,-23.636363983154297
975296,-23.636363983154297
975456,118.18181610107422
976232,-23.636363983154297
976328,-9.090909004211426
976488,-23.636363983154297
976536,-23.636363983154297
976536,9.090909004211426
976728,118.18181610107422
977208,78.18181610107422
977368,-23.636363983154297
978144,-23.636363983154297
978240,16.363636016845703
978400,-23.636363983154297
978448,-23.636363983154297
978448,-23.636363983154297
978536,-71.99090576171875
978640,-23.636363983154297
979120,-23.636363983154297
980152,140.0
980312,-23.636363983154297
980360,78.18181610107422
980360,-23.636363983154297
980448,-23.636363983154297
980552,-23.636363983154297
980968,-16.363636016845703
981032,-23.636363983154297
982064,-23.636363983154297
982272,-23.636363983154297
982272,-23.636363983154297
982360,-23.636363983154297
982464,20.0
982944,-23.636363983154297
983312,12.727272987365723
983976,-23.636363983154297
984184,-23.636363983154297
984184,-23.636363983154297
984272,-23.636363983154297
984376,-23.636363983154297
984752,-23.636363983154297
984856,-9.090909004211426
985224,-23.636363983154297
985888,-23.636363983154297
986096,-23.636363983154297
986096,20.0
986184,-5.454545497894287
986288,-23.636363983154297
986664,-23.636363983154297
986768,-23.636363983154297
987136,-16.363636016845703
987800,-23.636363983154297
988008,129.09091186523438
988008,-16.363636016845703
988096,38.181819915771484
988200,-23.636363983154297
988576,-23.636363983154297
988680,-23.636363983154297
989048,-23.636363983154297
989712,-23.636363983154297
989920,-23.636363983154297
989920,-23.636363983154297
990008,23.636363983154297
990112,-23.636363983154297
990488,-23.636363983154297
990592,-23.636363983154297
990960,-23.636363983154297
991624,150.90908813476562
991832,5.454545497894287
991832,5.454545497894287
991920,-23.636363983154297
992024,-5.454545497894287
992272,-71.81818389892578
992504,-23.636363983154297
993536,-23.636363983154297
993744,-23.636363983154297
993744,-23.636363983154297
993832,-23.636363983154297
993936,-23.636363983154297
994184,-23.636363983154297
994296,12.727272987365723
994416,-23.636363983154297
995448,-23.636363983154297
995656,136.36363220214844
995656,-23.636363983154297
995744,-23.636363983154297
995848,-16.363636016845703
996096,-23.636363983154297
996208,-23.636363983154297
996328,-23.636363983154297
997360,-23.636363983154297
997568,-23.636363983154297
997568,-23.636363983154297
997656,129.09091186523438
997760,89.09091186523438
998008,41.818180084228516
998120,-1.8181818723678589
998240,23.636363983154297
999272,-9.090909004211426
999480,-23.636363983154297
999480,-23.636363983154297
999568,-23.636363983154297
999672,-23.636363983154297
999920,-23.636363983154297
1000032,-23.636363983154297
1000152,5.454545497894287
1001184,-23.636363983154297
1001392,-23.636363983154297
1001392,1.8181818723678589
1001480,-23.636363983154297
1001584,1.8181818723678589
1001832,-23.636363983154297
1001944,-23.636363983154297
1002064,52.727272033691406
1003096,-23.636363983154297
1003304,1.8181818723678589
1003304,-23.636363983154297
1003392,-23.636363983154297
1003496,-23.636363983154297
1003744,-23.636363983154297
1003856,-23.636363983154297
1003976,-23.636363983154297
1005008,-23.636363983154297
1005216,-23.636363983154297
1005216,74.54545593261719
1005304,-23.636363983154297
1005408,-23.636363983154297
1005656,-23.636363983154297
1005768,-23.636363983154297
1005888,-23.636363983154297
1006920,-23.636363983154297
1007128,-23.636363983154297
1007128,-23.636363983154297
1007216,-23.636363983154297
1007320,-23.636363983154297
1007568,27.272727966308594
1007680,-23.636363983154297
1007800,-23.636363983154297
1008832,-23.636363983154297
1009040,-23.636363983154297
1009040,-23.636363983154297
1009128,-23.636363983154297
1009232,-23.636363983154297
1009480,-23.636363983154297
1009592,125.45454406738281
1009712,12.727272987365723
1010744,-23.636363983154297
1010952,-23.636363983154297
1010952,-23.636363983154297
1011040,-1.8181818723678589
1011144,-23.636363983154297
1011392,-5.454545497894287
1011504,-23.636363983154297
1011624,-23.636363983154297
1012656,-23.636363983154297
1012864,-23.636363983154297
1012952,-23.636363983154297
1013056,-23.636363983154297
1013304,78.18181610107422
1013416,-23.636363983154297
1013536,-23.636363983154297
1013536,-23.636363983154297
1014568,-23.636363983154297
1014776,-23.636363983154297
1014864,-23.636363983154297
1014968,-23.636363983154297
1015216,-23.636363983154297
1015328,-23.636363983154297
1015448,-23.636363983154297
1015448,-23.636363983154297
1016480,-23.636363983154297
1016688,-23.636363983154297
1016776,-23.636363983154297
1016880,-23.636363983154297
1017128,-23.636363983154297
1017240,5.454545497894287
1017360,-23.636363983154297
1017360,1.8181818723678589
1018392,-23.636363983154297
1018600,147.27272033691406
1018688,-23.636363983154297
1018792,-23.636363983154297
1019040,-23.636363983154297
1019152,-23.636363983154297
1019272,-23.636363983154297
1019272,-23.636363983154297
1020304,-23.636363983154297
1020512,-23.636363983154297
1020600,-23.636363983154297
1020704,-23.636363983154297
1020952,-23.636363983154297
1021064,-23.636363983154297
1021184,-23.636363983154297
1021184,100.0
1022216,-23.636363983154297
1022424,-23.636363983154297
1022512,-23.636363983154297
1022616,-23.636363983154297
1022864,45.45454406738281
1022976,-23.636363983154297
1023096,-23.636363983154297
1023096,-23.636363983154297
1024128,-23.636363983154297
1024336,-23.636363983154297
1024424,-23.636363983154297
1024528,-9.090909004211426
1024776,-23.636363983154297
1024888,12.727272987365723
1025008,180.0
1025008,154.5454559326172
1026040,-23.636363983154297
1026248,-23.636363983154297
1026336,-23.636363983154297
1026440,-23.636363983154297
1026688,9.090909004211426
1026800,-23.636363983154297
1026920,9.090909004211426
1026920,-23.636363983154297
1027952,-23.636363983154297
1028160,38.181819915771484
1028248,-23.636363983154297
1028352,-23.636363983154297
1028600,-23.636363983154297
1028712,-23.636363983154297
1028832,-23.636363983154297
1028832,-23.636363983154297
1029856,-71.86363983154297
1029864,-9.090909004211426
1030072,27.272727966308594
1030136,95.85454559326172
1030160,-23.636363983154297
1030264,-23.636363983154297
1030512,-23.636363983154297
1030624,41.818180084228516
1031768,-12.727272987365723
1031776,-23.636363983154297
1031984,-23.636363983154297
1032048,-23.636363983154297
1032072,129.09091186523438
1032176,-16.363636016845703
1032424,-23.636363983154297
1032536,-23.636363983154297
1033680,-16.363636016845703
1033688,-23.636363983154297
1033896,-23.636363983154297
1033960,20.0
1033984,-23.636363983154297
1034088,-23.636363983154297
1034336,-23.636363983154297
1034448,-16.363636016845703
1035592,-23.636363983154297
1035600,-23.636363983154297
1035808,16.363636016845703
1035872,92.7272720336914
1035896,-23.636363983154297
1036000,143.63636779785156
1036248,45.45454406738281
1036360,1.8181818723678589
1037504,-23.636363983154297
1037512,-23.636363983154297
1037720,-23.636363983154297
1037784,-23.636363983154297
1037808,-23.636363983154297
1037912,16.363636016845703
1038160,16.363636016845703
1038272,16.363636016845703
1039416,-23.636363983154297
1039424,-23.636363983154297
1039632,-23.636363983154297
1039696,-23.636363983154297
1039720,-23.636363983154297
1039824,-23.636363983154297
1040072,-23.636363983154297
1040184,-23.636363983154297
1041328,-23.636363983154297
1041336,-23.636363983154297
1041544,-23.636363983154297
1041608,-23.636363983154297
1041632,67.2727279663086
1041736,-23.636363983154297
1041984,-23.636363983154297
1042096,-23.636363983154297
1042560,-64.09091186523438
1043240,-23.636363983154297
1043248,-23.636363983154297
1043520,-23.636363983154297
1043544,-23.636363983154297
1043648,-23.636363983154297
1043896,16.363636016845703
1044008,-23.636363983154297
1044472,-23.636363983154297
1045072,-72.19091033935547
1045152,-23.636363983154297
1045160,-23.636363983154297
1045432,-23.636363983154297
1045456,-23.636363983154297
1045560,-23.636363983154297
1045920,74.54545593261719
1046384,-23.636363983154297
1046648,-77.8272705078125
1046984,-23.636363983154297
1047064,-23.636363983154297
1047072,-23.636363983154297
1047368,-23.636363983154297
1047472,-23.636363983154297
1047832,67.2727279663086
1048296,-23.636363983154297
1048560,12.727272987365723
1048896,-23.636363983154297
1048976,-16.363636016845703
1048984,-23.636363983154297
1049280,-23.636363983154297
1049384,16.363636016845703
1049744,-23.636363983154297
1050208,-23.636363983154297
1050472,-23.636363983154297
1050808,-23.636363983154297
1050888,85.45454406738281
1050896,-23.636363983154297
1051072,-88.54545593261719
1051296,-23.636363983154297
1051656,-23.636363983154297
1052120,-23.636363983154297
1052384,78.18181610107422
1052720,-23.636363983154297
1052800,245.4545440673828
1052808,-23.636363983154297
1052984,16.363636016845703
1053208,-23.636363983154297
1053568,107.2727279663086
1054032,20.0
1054296,-23.636363983154297
1054632,132.72727966308594
1054712,23.636363983154297
1054720,-23.636363983154297
1054896,-23.636363983154297
1055120,-23.636363983154297
1055480,-23.636363983154297
1055944,-23.636363983154297
1056208,-23.636363983154297
1056544,-23.636363983154297
1056624,1.8181818723678589
1056632,-16.363636016845703
1056808,-23.636363983154297
1057032,-23.636363983154297
1057392,-23.636363983154297
1057856,-9.090909004211426
1058120,-9.090909004211426
1058456,-23.636363983154297
1058536,-23.636363983154297
1058544,-23.636363983154297
1058720,-23.636363983154297
1058944,-23.636363983154297
1059304,-23.636363983154297
1059768,-23.636363983154297
1060032,-23.636363983154297
1060368,45.45454406738281
1060448,-23.636363983154297
1060456,-23.636363983154297
1060632,-23.636363983154297
1060856,-23.636363983154297
1061216,-23.636363983154297
1061680,-23.636363983154297
1061944,-23.636363983154297
1062280,-23.636363983154297
1062360,-23.636363983154297
1062368,-23.636363983154297
1062544,-23.636363983154297
1062768,-23.636363983154297
1063128,-23.636363983154297
1063592,5.454545497894287
1063608,-75.89090728759766
1063856,-23.636363983154297
1064192,-5.454545497894287
1064280,-23.636363983154297
1064456,-23.636363983154297
1064680,-23.636363983154297
1065040,-23.636363983154297
1065504,-23.636363983154297
1065520,-23.636363983154297
1065768,1.8181818723678589
1066104,16.363636016845703
1066192,-23.636363983154297
1066368,-23.636363983154297
1066592,-12.727272987365723
1066952,-23.636363983154297
1067416,16.363636016845703
1067432,-12.727272987365723
1067680,-23.636363983154297
1068016,-23.636363983154297
1068104,9.090909004211426
1068280,-23.636363983154297
1068504,-23.636363983154297
1068856,-72.29090881347656
1068864,-23.636363983154297
1069328,-9.090909004211426
1069344,125.45454406738281
1069928,-23.636363983154297
1070016,-23.636363983154297
1070192,-23.636363983154297
1070416,5.454545497894287
1070768,-23.636363983154297
1070776,-23.636363983154297
1071240,-23.636363983154297
1071256,-23.636363983154297
1071552,-57.4636344909668
1072104,-23.636363983154297
1072328,-23.636363983154297
1072680,1.8181818723678589
1072688,-23.636363983154297
1073104,-23.636363983154297
1073152,-23.636363983154297
1073168,-23.636363983154297
1073464,-23.636363983154297
1073944,-52.890907287597656
1074016,-23.636363983154297
1074240,-23.636363983154297
1074592,-23.636363983154297
1074600,-23.636363983154297
1075016,169.09091186523438
1075080,-23.636363983154297
1075376,-23.636363983154297
1075856,-23.636363983154297
1075928,-23.636363983154297
1076152,-23.636363983154297
1076504,-23.636363983154297
1076512,-23.636363983154297
1076928,-23.636363983154297
1076992,-23.636363983154297
1077288,-23.636363983154297
1077768,-23.636363983154297
1077840,-23.636363983154297
1078064,12.727272987365723
1078416,-23.636363983154297
1078424,-23.636363983154297
1078840,-23.636363983154297
1078904,-23.636363983154297
1079200,52.727272033691406
1079680,-23.636363983154297
1079752,136.36363220214844
1079976,-23.636363983154297
1080328,-23.636363983154297
1080336,-23.636363983154297
1080752,-23.636363983154297
1080816,-23.636363983154297
1080880,-66.21818542480469
1081112,-23.636363983154297
1081664,-23.636363983154297
1081888,125.45454406738281
1082240,-1.8181818723678589
1082248,16.363636016845703
1082664,-23.636363983154297
1082728,-23.636363983154297
1082792,-23.636363983154297
1083024,-23.636363983154297
1083576,-23.636363983154297
1083800,-23.636363983154297
1084152,-23.636363983154297
1084160,-23.636363983154297
1084576,-23.636363983154297
1084640,-23.636363983154297
1084704,-23.636363983154297
1084936,209.09091186523438
1085488,-1.8181818723678589
1085712,-23.636363983154297
1086064,-23.636363983154297
1086072,-23.636363983154297
1086488,-23.636363983154297
1086552,-23.636363983154297
1086616,-23.636363983154297
1086848,-23.636363983154297
1087400,-23.636363983154297
1087624,-23.636363983154297
1087984,-23.636363983154297
1088464,114.54545593261719
1088528,-16.363636016845703
1088760,-1.8181818723678589
1089312,-9.090909004211426
1089536,-23.636363983154297
1089824,-23.636363983154297
1089896,-23.636363983154297
1090032,-23.636363983154297
1090376,49.09090805053711
1090440,-23.636363983154297
1090672,-23.636363983154297
1090888,-59.827274322509766
1091224,-23.636363983154297
1091448,-23.636363983154297
1091736,78.18181610107422
1091808,-23.636363983154297
1092288,-23.636363983154297
1092352,-23.636363983154297
1092584,-9.090909004211426
1092800,9.090909004211426
1093136,-23.636363983154297
1093360,-23.636363983154297
1093648,-23.636363983154297
1093720,-23.636363983154297
1094200,-23.636363983154297
1094264,-23.636363983154297
1094496,-23.636363983154297
1094712,136.36363220214844
1094816,-46.37272644042969
1095048,-23.636363983154297
1095272,-9.090909004211426
1095528,-68.93636322021484
1095560,-23.636363983154297
1096112,110.90908813476562
1096176,-12.727272987365723
1096408,-23.636363983154297
1096728,-23.636363983154297
1096960,16.363636016845703
1097184,-23.636363983154297
1097440,-23.636363983154297
1097472,121.81818389892578
1098024,-23.636363983154297
1098088,161.81817626953125
1098320,-23.636363983154297
1098640,52.727272033691406
1098872,30.909090042114258
1099096,-23.636363983154297
1099352,-23.636363983154297
1099384,-23.636363983154297
1099936,85.45454406738281
1100000,20.0
1100552,-23.636363983154297
1100784,1.8181818723678589
1100928,-41.80908966064453
1101008,-23.636363983154297
1101264,78.18181610107422
1101296,-23.636363983154297
1101848,-23.636363983154297
1101896,-23.636363983154297
1102464,-23.636363983154297
1102696,-23.636363983154297
1102840,5.454545497894287
1102920,49.09090805053711
1103176,-23.636363983154297
1103208,154.5454559326172
1103760,-23.636363983154297
1103808,-23.636363983154297
1104376,-9.090909004211426
1104608,-23.636363983154297
1104832,-23.636363983154297
1105088,-23.636363983154297
1105120,16.363636016845703
1105672,-23.636363983154297
1105720,-9.090909004211426
1105904,-23.636363983154297
1106288,-23.636363983154297
1106520,-23.636363983154297
1106744,-20.0
1107000,-23.636363983154297
1107032,-23.636363983154297
1107584,-23.636363983154297
1107632,-23.636363983154297
1107816,-23.636363983154297
1108200,9.090909004211426
1108432,-23.636363983154297
1108656,-16.363636016845703
1108912,-23.636363983154297
1108944,-23.636363983154297
1109496,132.72727966308594
1109544,-23.636363983154297
1109688,-28.972726821899414
1109728,129.09091186523438
1110112,-23.636363983154297
1110344,12.727272987365723
1110568,-23.636363983154297
1110824,-23.636363983154297
1111408,-23.636363983154297
1111456,-23.636363983154297
1111560,-92.96363830566406
1111600,-23.636363983154297
1111640,-23.636363983154297
1112256,92.7272720336914
1112480,-23.636363983154297
1112736,-23.636363983154297
1113320,-23.636363983154297
1113368,-23.636363983154297
1113472,-23.636363983154297
1113512,-23.636363983154297
1113552,-23.636363983154297
1114168,41.818180084228516
1114392,-23.636363983154297
1114648,-23.636363983154297
1115232,-23.636363983154297
1115280,16.363636016845703
1115384,67.2727279663086
1115424,-23.636363983154297
1115464,-23.636363983154297
1116080,-23.636363983154297
1116304,41.818180084228516
1116560,-23.636363983154297
1117144,-23.636363983154297
1117192,89.09091186523438
1117296,-23.636363983154297
1117336,-23.636363983154297
1117376,23.636363983154297
1117992,-23.636363983154297
1118216,-12.727272987365723
1118472,78.18181610107422
1119056,-1.8181818723678589
1119104,140.0
1119208,-23.636363983154297
1119248,-23.636363983154297
1119288,16.363636016845703
1119904,-9.090909004211426
1120128,-23.636363983154297
1120384,49.09090805053711
1120448,-77.02727508544922
1120968,-23.636363983154297
1121016,-23.636363983154297
1121120,81.81818389892578
1121200,-23.636363983154297
1121816,-23.636363983154297
1122040,-23.636363983154297
1122296,169.09091186523438
1122360,-23.636363983154297
1122880,-9.090909004211426
1122928,49.09090805053711
1123032,-23.636363983154297
1123112,-23.636363983154297
1123728,-23.636363983154297
1123952,-23.636363983154297
1124208,34.54545593261719
1124272,-23.636363983154297
1124792,-23.636363983154297
1124840,-23.636363983154297
1124944,-23.636363983154297
1125024,-23.636363983154297
1125640,-12.727272987365723
1126120,-1.8181818723678589
1126184,-23.636363983154297
1126704,-23.636363983154297
1126752,-23.636363983154297
1126856,-9.090909004211426
1126936,49.09090805053711
1127040,45.45454406738281
1127552,45.45454406738281
1128032,-23.636363983154297
1128096,-23.636363983154297
1128616,16.363636016845703
1128664,-23.636363983154297
1128768,-23.636363983154297
1128848,-23.636363983154297
1128952,-23.636363983154297
1129944,30.909090042114258
1130008,23.636363983154297
1130528,132.72727966308594
1130576,-23.636363983154297
1130680,-23.636363983154297
1130760,-23.636363983154297
1130864,-23.636363983154297
1131040,-23.636363983154297
1131856,16.363636016845703
1131920,-5.454545497894287
1132440,-23.636363983154297
1132488,-23.636363983154297
1132592,-23.636363983154297
1132672,-23.636363983154297
1132776,-23.636363983154297
1132952,-23.636363983154297
1133768,-23.636363983154297
1133832,-23.636363983154297
1134352,-23.636363983154297
1134400,-23.636363983154297
1134504,-23.636363983154297
1134584,-23.636363983154297
1134688,-23.636363983154297
1134864,12.727272987365723
1135248,-59.42727279663086
1135680,-23.636363983154297
1135744,-16.363636016845703
1136032,-58.772727966308594
1136264,-23.636363983154297
1136416,-23.636363983154297
1136496,-23.636363983154297
1136776,-23.636363983154297
1136824,-56.04545593261719
1137160,-23.636363983154297
1137656,110.90908813476562
1137944,-23.636363983154297
1138176,-23.636363983154297
1138328,-23.636363983154297
1138408,-23.636363983154297
1138688,-23.636363983154297
1138736,-23.636363983154297
1139072,-23.636363983154297
1139568,41.818180084228516
1139856,249.09091186523438
1140088,-23.636363983154297
1140240,-23.636363983154297
1140320,-23.636363983154297
1140600,-23.636363983154297
1140648,-23.636363983154297
1140984,60.0
1141480,-23.636363983154297
1141768,-23.636363983154297
1142000,-23.636363983154297
1142152,52.727272033691406
1142232,-5.454545497894287
1142512,-23.636363983154297
1142560,-23.636363983154297
1142896,-23.636363983154297
1143680,60.0
1143912,150.90908813476562
1144064,20.0
1144144,-23.636363983154297
1144424,-16.363636016845703
1144472,-23.636363983154297
1144520,110.90908813476562
1144808,125.45454406738281
1145592,-23.636363983154297
1145824,-23.636363983154297
1145976,-16.363636016845703
1146056,-23.636363983154297
1146336,-23.636363983154297
1146384,-23.636363983154297
1146432,23.636363983154297
1146720,-23.636363983154297
1146832,-56.29090881347656
1147208,-57.33636474609375
1147504,-23.636363983154297
1147968,158.18182373046875
1148248,-23.636363983154297
1148344,-23.636363983154297
1148632,-9.090909004211426
1148744,-23.636363983154297
1148928,-23.636363983154297
1149120,-23.636363983154297
1149416,16.363636016845703
1149720,-31.381818771362305
1149880,-23.636363983154297
1150160,-23.636363983154297
1150544,-23.636363983154297
1150656,45.45454406738281
1151032,-23.636363983154297
1151328,-12.727272987365723
1151632,-23.636363983154297
1151792,-23.636363983154297
1152072,16.363636016845703
1152456,-23.636363983154297
1152568,-23.636363983154297
1152696,-23.636363983154297
1152944,-23.636363983154297
1153240,-23.636363983154297
1153544,-23.636363983154297
1153704,194.5454559326172
1153984,-23.636363983154297
1154368,-23.636363983154297
1154376,-70.29090881347656
1154480,-23.636363983154297
1154608,-23.636363983154297
1154856,-23.636363983154297
1155456,-16.363636016845703
1155616,89.09091186523438
1155896,-9.090909004211426
1156280,-23.636363983154297
1156288,-23.636363983154297
1156520,-23.636363983154297
1156768,-23.636363983154297
1157368,-23.636363983154297
1157528,-23.636363983154297
1157808,-23.636363983154297
1158104,30.909090042114258
1158192,-23.636363983154297
1158200,103.63636016845703
1158432,27.272727966308594
1158680,-23.636363983154297
1159280,-23.636363983154297
1159440,-23.636363983154297
1159720,-23.636363983154297
1160016,-16.363636016845703
1160104,-23.636363983154297
1160112,172.72727966308594
1160344,16.363636016845703
1160592,198.18182373046875
1161192,340.0
1161352,-23.636363983154297
1161632,78.18181610107422
1161928,-23.636363983154297
1162016,-23.636363983154297
1162024,23.636363983154297
1162256,16.363636016845703
1162504,-23.636363983154297
1163104,-23.636363983154297
1163264,-23.636363983154297
1163544,-23.636363983154297
1163840,-23.636363983154297
1163928,-23.636363983154297
1163936,-23.636363983154297
1164416,-23.636363983154297
1165016,-23.636363983154297
1165176,-23.636363983154297
1165456,-23.636363983154297
1165576,125.45454406738281
1165752,-23.636363983154297
1165840,-23.636363983154297
1165848,125.45454406738281
1166328,-23.636363983154297
1166560,-53.79090881347656
1166928,-23.636363983154297
1167088,5.454545497894287
1167368,-23.636363983154297
1167488,136.36363220214844
1167752,-23.636363983154297
1167760,-23.636363983154297
1168240,129.09091186523438
1168472,-23.636363983154297
1168840,-23.636363983154297
1169000,125.45454406738281
1169280,-23.636363983154297
1169400,-23.636363983154297
1169664,-23.636363983154297
1169672,-23.636363983154297
1170152,5.454545497894287
1170384,60.0
1170752,-20.0
1170912,-23.636363983154297
1171192,-23.636363983154297
1171312,-23.636363983154297
1171576,-23.636363983154297
1171584,-23.636363983154297
1172064,45.45454406738281
1172296,-23.636363983154297
1172664,16.363636016845703
1172824,-23.636363983154297
1173104,-23.636363983154297
1173224,-1.8181818723678589
1173488,74.54545593261719
1173496,-23.636363983154297
1173976,-23.636363983154297
1174208,-23.636363983154297
1174576,-23.636363983154297
1174736,-23.636363983154297
1175016,-23.636363983154297
1175136,-16.363636016845703
1175400,-23.636363983154297
1175408,-23.636363983154297
1175792,-52.29090881347656
1175888,-23.636363983154297
1176120,12.727272987365723
1176152,-64.09091186523438
1176488,-23.636363983154297
1176648,23.636363983154297
1177312,-23.636363983154297
1177320,-23.636363983154297
1177704,-23.636363983154297
1177800,-23.636363983154297
1178064,-23.636363983154297
1178400,-23.636363983154297
1178560,-23.636363983154297
1179224,-23.636363983154297
1179232,-23.636363983154297
1179496,-23.636363983154297
1179616,-23.636363983154297
1179712,-23.636363983154297
1179976,-23.636363983154297
1180312,-23.636363983154297
1180472,-23.636363983154297
1181136,-23.636363983154297
1181144,-23.636363983154297
1181408,12.727272987365723
1181528,12.727272987365723
1181624,-23.636363983154297
1181888,-23.636363983154297
1182224,16.363636016845703
1182384,85.45454406738281
1183048,-5.454545497894287
1183056,-23.636363983154297
1183320,-23.636363983154297
1183440,-23.636363983154297
1183536,-23.636363983154297
1183800,16.363636016845703
1184136,136.36363220214844
1184296,-23.636363983154297
1184960,-23.636363983154297
1184968,-23.636363983154297
1185232,-23.636363983154297
1185352,-23.636363983154297
1185448,-23.636363983154297
1185712,9.090909004211426
1186048,-23.636363983154297
1186208,9.090909004211426
1186872,-23.636363983154297
1186880,16.363636016845703
1187144,-23.636363983154297
1187264,27.272727966308594
1187296,-83.97272491455078
1187960,52.727272033691406
1188120,49.09090805053711
1188640,-23.636363983154297
1188784,-23.636363983154297
1188792,-16.363636016845703
1189056,-23.636363983154297
1189176,125.45454406738281
1189208,-23.636363983154297
1189872,41.818180084228516
1190032,-23.636363983154297
1190552,23.636363983154297
1190696,-23.636363983154297
1190704,-23.636363983154297
1190968,-1.8181818723678589
1191088,-23.636363983154297
1191120,-23.636363983154297
1191784,-23.636363983154297
1191944,-23.636363983154297
1192464,-23.636363983154297
1192608,-23.636363983154297
1192616,-23.636363983154297
1192880,56.3636360168457
1193000,-23.636363983154297
1193032,74.54545593261719
1193696,-23.636363983154297
1193856,-23.636363983154297
1194376,-23.636363983154297
1194520,-23.636363983154297
1194792,-23.636363983154297
1194912,-23.636363983154297
1194944,-23.636363983154297
1195448,-23.636363983154297
1195608,-9.090909004211426
1195768,-23.636363983154297
1196288,129.09091186523438
1196432,-23.636363983154297
1196704,-23.636363983154297
1196824,23.636363983154297
1196856,16.363636016845703
1197360,-23.636363983154297
1197520,-23.636363983154297
1197680,-23.636363983154297
1198200,-23.636363983154297
1198344,-23.636363983154297
1198616,-23.636363983154297
1198736,-23.636363983154297
1198768,-23.636363983154297
1199432,-23.636363983154297
1199592,-1.8181818723678589
1200112,-23.636363983154297
1200256,-23.636363983154297
1200344,-23.636363983154297
1200648,-23.636363983154297
1200680,12.727272987365723
1201344,-9.090909004211426
1201504,1.8181818723678589
1201512,-23.636363983154297
1202024,-23.636363983154297
1202168,-23.636363983154297
1202256,-23.636363983154297
1202560,-23.636363983154297
1202592,12.727272987365723
1203256,34.54545593261719
1203416,-23.636363983154297
1203424,-23.636363983154297
1203936,78.18181610107422
1204080,-23.636363983154297
1204472,-23.636363983154297
1204504,-23.636363983154297
1205168,-23.636363983154297
1205184,16.363636016845703
1205328,-23.636363983154297
1205336,-23.636363983154297
1205848,132.72727966308594
1205992,-23.636363983154297
1206416,-23.636363983154297
1207080,-23.636363983154297
1207096,-23.636363983154297
1207240,-23.636363983154297
1207248,-23.636363983154297
1207456,-23.636363983154297
1207760,-23.636363983154297
1207904,-23.636363983154297
1208328,-23.636363983154297
1208408,-71.99090576171875
1208992,-23.636363983154297
1209008,-23.636363983154297
1209160,-23.636363983154297
1209672,-23.636363983154297
1210240,-23.636363983154297
1210320,-9.090909004211426
1210568,-76.8272705078125
1210904,-23.636363983154297
1210920,60.0
1211000,-23.636363983154297
1211072,132.72727966308594
1211584,-1.8181818723678589
1212152,-23.636363983154297
1212232,-23.636363983154297
1212480,-23.636363983154297
1212816,-23.636363983154297
1212832,-23.636363983154297
1212912,-23.636363983154297
1212984,140.0
1213496,-23.636363983154297
1214064,-23.636363983154297
1214144,-23.636363983154297
1214392,-23.636363983154297
1214728,-23.636363983154297
1214744,154.5454559326172
1214824,190.90908813476562
1214896,-23.636363983154297
1215408,16.363636016845703
1215976,-23.636363983154297
1216056,-23.636363983154297
1216304,-23.636363983154297
1216640,34.54545593261719
1216656,-23.636363983154297
1216736,-23.636363983154297
1216808,-16.363636016845703
1217320,-23.636363983154297
1217888,-23.636363983154297
1217968,-23.636363983154297
1218216,129.09091186523438
1218552,-23.636363983154297
1218568,12.727272987365723
1218648,-23.636363983154297
1218720,-23.636363983154297
1219232,-23.636363983154297
1219800,-16.363636016845703
1219880,23.636363983154297
1220128,5.454545497894287
1220464,-23.636363983154297
1220480,-23.636363983154297
1220560,-9.090909004211426
1220632,-23.636363983154297
1221144,-23.636363983154297
1221712,110.90908813476562
1221792,-23.636363983154297
1222040,-23.636363983154297
1222376,-23.636363983154297
1222392,-23.636363983154297
1222472,-23.636363983154297
1222544,16.363636016845703
1223056,-23.636363983154297
1223624,-23.636363983154297
1223704,-9.090909004211426
1223952,-12.727272987365723
1224288,-23.636363983154297
1224304,-23.636363983154297
1224384,-1.8181818723678589
1224456,-23.636363983154297
1224968,5.454545497894287
1225536,-23.636363983154297
1225616,41.818180084228516
1225864,-23.636363983154297
1226200,-23.636363983154297
1226216,-23.636363983154297
1226296,-23.636363983154297
1226368,23.636363983154297
1226880,-23.636363983154297
1227448,-23.636363983154297
1227528,-23.636363983154297
1227776,-23.636363983154297
1228112,-23.636363983154297
1228128,1.8181818723678589
1228208,-23.636363983154297
1228280,-23.636363983154297
1228792,143.63636779785156
1229360,-23.636363983154297
1229440,-23.636363983154297
1229688,23.636363983154297
1230024,5.454545497894287
1230040,-23.636363983154297
1230120,143.63636779785156
1230192,-23.636363983154297
1230704,-23.636363983154297
1231272,-9.090909004211426
1231352,-23.636363983154297
1231600,245.4545440673828
1231936,-23.636363983154297
1231952,-23.636363983154297
1232032,9.090909004211426
1232104,-23.636363983154297
1232616,-23.636363983154297
1233184,41.818180084228516
1233264,-23.636363983154297
1233512,-23.636363983154297
1233848,16.363636016845703
1233864,-23.636363983154297
1233944,103.63636016845703
1234016,-5.454545497894287
1234528,-23.636363983154297
1234672,-60.9636344909668
1235096,-23.636363983154297
1235176,-5.454545497894287
1235424,-23.636363983154297
1235760,-23.636363983154297
1235856,-23.636363983154297
1235928,-16.363636016845703
1236312,-57.69091033935547
1236440,-23.636363983154297
1236584,-23.636363983154297
1237008,-23.636363983154297
1237088,16.363636016845703
1237672,-23.636363983154297
1237768,-23.636363983154297
1237840,49.09090805053711
1238224,-23.636363983154297
1238352,-5.454545497894287
1238496,-23.636363983154297
1238920,-9.090909004211426
1239000,-23.636363983154297
1239584,136.36363220214844
1239680,-23.636363983154297
1239752,-23.636363983154297
1240136,-23.636363983154297
1240264,-23.636363983154297
1240408,-23.636363983154297
1240616,19.872726440429688
1240832,27.272727966308594
1240912,-23.636363983154297
1241496,-12.727272987365723
1241592,-23.636363983154297
1242048,-23.636363983154297
1242176,-5.454545497894287
1242320,-23.636363983154297
1242528,9.090909004211426
1242744,85.45454406738281
1242824,-23.636363983154297
1243408,-23.636363983154297
1243432,-25.972726821899414
1243504,-23.636363983154297
1243960,27.272727966308594
1244088,1.8181818723678589
1244232,-23.636363983154297
1244440,-23.636363983154297
1244736,-23.636363983154297
1245320,121.81818389892578
1245344,-23.636363983154297
1245416,-23.636363983154297
1245576,-55.390907287597656
1245872,281.81817626953125
1246000,-23.636363983154297
1246144,-23.636363983154297
1246352,-23.636363983154297
1247232,-23.636363983154297
1247256,194.5454559326172
1247328,190.90908813476562
1247488,-23.636363983154297
1247784,-23.636363983154297
1247912,-23.636363983154297
1248056,-23.636363983154297
1248264,-23.636363983154297
1249144,-23.636363983154297
1249168,-9.090909004211426
1249240,-23.636363983154297
1249400,-23.636363983154297
1249696,-23.636363983154297
1249824,-9.090909004211426
1249968,-23.636363983154297
1251056,-23.636363983154297
1251080,-23.636363983154297
1251152,154.5454559326172
1251312,103.63636016845703
1251320,-23.636363983154297
1251608,-23.636363983154297
1251736,-23.636363983154297
1251880,-23.636363983154297
1252968,-23.636363983154297
1252992,41.818180084228516
1253064,-23.636363983154297
1253224,-23.636363983154297
1253232,-23.636363983154297
1253520,-23.636363983154297
1253648,-23.636363983154297
1253792,154.5454559326172
1253808,-54.390907287597656
1254880,-23.636363983154297
1254976,-23.636363983154297
1255144,-9.090909004211426
1255432,-5.454545497894287
1255560,-23.636363983154297
1255704,-23.636363983154297
1255720,-23.636363983154297
1256792,-23.636363983154297
1256816,-23.636363983154297
1256888,-23.636363983154297
1257056,-23.636363983154297
1257344,-23.636363983154297
1257472,-23.636363983154297
1257616,38.181819915771484
1257632,-23.636363983154297
1258704,-23.636363983154297
1258728,-23.636363983154297
1258800,-23.636363983154297
1258968,16.363636016845703
1259256,-23.636363983154297
1259384,52.727272033691406
1259528,16.363636016845703
1259544,194.5454559326172
1260616,-16.363636016845703
1260640,-23.636363983154297
1260712,110.90908813476562
1260880,-12.727272987365723
1261168,-23.636363983154297
1261440,-23.636363983154297
1261456,132.72727966308594
1262408,-23.636363983154297
1262528,-23.636363983154297
1262552,-16.363636016845703
1262624,9.090909004211426
1262792,-23.636363983154297
1263080,129.09091186523438
1263352,-23.636363983154297
1263368,-23.636363983154297
1264320,-23.636363983154297
1264440,-23.636363983154297
1264464,-23.636363983154297
1264536,-23.636363983154297
1264704,-9.090909004211426
1264992,23.636363983154297
1265264,-23.636363983154297
1265280,-9.090909004211426
1266232,-23.636363983154297
1266352,-23.636363983154297
1266376,-23.636363983154297
1266448,-1.8181818723678589
1266616,-23.636363983154297
1266904,-23.636363983154297
1267136,-66.13636016845703
1267176,-23.636363983154297
1267192,-23.636363983154297
1268144,110.90908813476562
1268264,-23.636363983154297
1268360,27.272727966308594
1268528,-23.636363983154297
1268816,-9.090909004211426
1269048,-23.636363983154297
1269088,-23.636363983154297
1269104,-23.636363983154297
1270056,-23.636363983154297
1270176,-23.636363983154297
1270272,-23.636363983154297
1270440,140.0
1270728,9.090909004211426
1270960,-23.636363983154297
1271000,-23.636363983154297
1271016,118.18181610107422
1271968,-9.090909004211426
1272088,-23.636363983154297
1272184,45.45454406738281
1272352,-23.636363983154297
1272640,-23.636363983154297
1272872,89.09091186523438
1272912,-23.636363983154297
1272928,-23.636363983154297
1273872,-82.31818389892578
1273880,41.818180084228516
1274000,-23.636363983154297
1274096,-23.636363983154297
1274552,-23.636363983154297
1274784,-23.636363983154297
1274824,-23.636363983154297
1274840,-23.636363983154297
1275792,103.63636016845703
1275912,60.0
1276008,-23.636363983154297
1276048,-102.73636627197266
1276696,49.09090805053711
1276736,1.8181818723678589
1276752,-23.636363983154297
1276824,-23.636363983154297
1277704,-23.636363983154297
1277824,-23.636363983154297
1277920,-23.636363983154297
1277960,-23.636363983154297
1278608,-23.636363983154297
1278648,-23.636363983154297
1278664,-23.636363983154297
1278736,-23.636363983154297
1279616,12.727272987365723
1279736,45.45454406738281
1279832,223.63636779785156
1279872,-23.636363983154297
1280520,-5.454545497894287
1280560,16.363636016845703
1280576,-23.636363983154297
1280648,-23.636363983154297
1281528,-23.636363983154297
1281648,-23.636363983154297
1281744,-23.636363983154297
1282432,-23.636363983154297
1282472,-23.636363983154297
1282488,-23.636363983154297
1282560,-12.727272987365723
1283072,-23.636363983154297
1283440,-23.636363983154297
1283560,34.54545593261719
1283656,-23.636363983154297
1284344,-23.636363983154297
1284384,-23.636363983154297
1284400,-23.636363983154297
1284472,-23.636363983154297
1284544,-40.772727966308594
1284984,-23.636363983154297
1285352,172.72727966308594
1285568,81.81818389892578
1286256,89.09091186523438
1286296,16.363636016845703
1286312,110.90908813476562
1286384,187.27272033691406
1286456,12.727272987365723
1286896,-23.636363983154297
1287264,-23.636363983154297
1287480,16.363636016845703
1288168,-23.636363983154297
1288224,-16.363636016845703
1288296,-23.636363983154297
1288368,-23.636363983154297
1288808,-23.636363983154297
1289176,-23.636363983154297
1289368,-23.636363983154297
1289392,52.727272033691406
1290080,41.818180084228516
1290136,-23.636363983154297
1290208,-23.636363983154297
1290280,-23.636363983154297
1290720,-9.090909004211426
1290952,-68.83636474609375
1291088,-23.636363983154297
1291280,-23.636363983154297
1291304,-23.636363983154297
1291992,-1.8181818723678589
1292120,-23.636363983154297
1292192,-1.8181818723678589
1292632,-23.636363983154297
1292864,-23.636363983154297
1293000,-23.636363983154297
1293192,16.363636016845703
1293216,-23.636363983154297
1293688,-102.73636627197266
1293904,38.181819915771484
1294032,-23.636363983154297
1294544,-23.636363983154297
1294776,-9.090909004211426
1294912,-23.636363983154297
1295104,-23.636363983154297
1295128,-23.636363983154297
1295600,1.8181818723678589
1295816,-23.636363983154297
1295944,-23.636363983154297
1296288,-49.66363525390625
1296456,-23.636363983154297
1296688,-23.636363983154297
1297016,-23.636363983154297
1297040,-23.636363983154297
1297512,-23.636363983154297
1297728,-23.636363983154297
1297856,169.09091186523438
1298200,-23.636363983154297
1298368,107.2727279663086
1298600,-9.090909004211426
1298928,-23.636363983154297
1298952,16.363636016845703
1299424,89.09091186523438
1299640,-23.636363983154297
1299768,136.36363220214844
1300112,-23.636363983154297
1300280,70.90908813476562
1300512,-23.636363983154297
1300840,16.363636016845703
1300864,-23.636363983154297
1301336,-23.636363983154297
1301480,-73.59091186523438
1301552,-23.636363983154297
1301680,-23.636363983154297
1302024,-23.636363983154297
1302424,-23.636363983154297
1302752,-1.8181818723678589
1302776,-23.636363983154297
1303248,-23.636363983154297
1303392,12.727272987365723
1303464,-23.636363983154297
1303592,-23.636363983154297
1303936,-23.636363983154297
1304336,-23.636363983154297
1304648,-76.3272705078125
1304664,-23.636363983154297
1304688,-23.636363983154297
1305160,-23.636363983154297
1305304,-9.090909004211426
1305504,-1.8181818723678589
1305848,-23.636363983154297
1306248,-23.636363983154297
1306560,-23.636363983154297
1306576,12.727272987365723
1306600,-23.636363983154297
1307072,-23.636363983154297
1307216,-23.636363983154297
1307416,-23.636363983154297
1307760,-23.636363983154297
1308160,-23.636363983154297
1308472,30.909090042114258
1308488,-16.363636016845703
1308512,-23.636363983154297
1308928,-71.99090576171875
1308984,-23.636363983154297
1309128,-23.636363983154297
1309328,38.181819915771484
1309360,-73.29090881347656
1310384,-1.8181818723678589
1310424,-23.636363983154297
1310840,201.81817626953125
1310896,125.45454406738281
1311040,-23.636363983154297
1311152,-23.636363983154297
1311240,-23.636363983154297
1311272,-23.636363983154297
1311880,-40.772727966308594
1312296,-23.636363983154297
1312336,-23.636363983154297
1312432,-36.827274322509766
1312752,-23.636363983154297
1312952,41.818180084228516
1313064,-23.636363983154297
1313184,-23.636363983154297
1313792,-23.636363983154297
1314208,-9.090909004211426
1314248,-23.636363983154297
1314344,-23.636363983154297
1314664,78.18181610107422
1314864,-23.636363983154297
1314976,-23.636363983154297
1315096,1.8181818723678589
1315704,-1.8181818723678589
1316120,5.454545497894287
1316160,-23.636363983154297
1316256,-23.636363983154297
1316576,-23.636363983154297
1316776,-23.636363983154297
1316888,-23.636363983154297
1317008,-23.636363983154297
1317616,-23.636363983154297
1318032,20.0
1318072,-23.636363983154297
1318168,-23.636363983154297
1318488,-23.636363983154297
1318688,16.363636016845703
1318800,-23.636363983154297
1318920,-23.636363983154297
1319528,165.4545440673828
1319944,-23.636363983154297
1319984,9.090909004211426
1320080,-23.636363983154297
1320400,-23.636363983154297
1320600,-23.636363983154297
1320712,-23.636363983154297
1320832,-23.636363983154297
1321440,-23.636363983154297
1321856,-23.636363983154297
1321896,-23.636363983154297
1321992,-23.636363983154297
1322312,12.727272987365723
1322512,129.09091186523438
1322624,-23.636363983154297
1322744,-23.636363983154297
1323352,30.909090042114258
1323768,150.90908813476562
1323808,-23.636363983154297
1323904,-23.636363983154297
1324224,23.636363983154297
1324424,45.45454406738281
1324536,-23.636363983154297
1324656,-23.636363983154297
1325264,-23.636363983154297
1325680,-23.636363983154297
1325720,-23.636363983154297
1325816,-23.636363983154297
1326136,-23.636363983154297
1326336,-23.636363983154297
1326448,-1.8181818723678589
1326568,-9.090909004211426
1327176,89.09091186523438
1327592,12.727272987365723
1327632,-23.636363983154297
1327728,-23.636363983154297
1328048,-23.636363983154297
1328248,132.72727966308594
1328360,27.272727966308594
1328480,-23.636363983154297
1329088,-23.636363983154297
1329504,121.81818389892578
1329544,16.363636016845703
1329640,38.181819915771484
1329960,-23.636363983154297
1330160,16.363636016845703
1330272,-23.636363983154297
1330392,-23.636363983154297
1331000,-23.636363983154297
1331416,45.45454406738281
1331456,12.727272987365723
1331552,-23.636363983154297
1331872,-23.636363983154297
1332072,-23.636363983154297
1332184,-23.636363983154297
1332304,-9.090909004211426
1332912,70.90908813476562
1333328,-23.636363983154297
1333368,-16.363636016845703
1333464,121.81818389892578
1333784,-23.636363983154297
1333984,-23.636363983154297
1334096,27.272727966308594
1334216,-23.636363983154297
1334824,23.636363983154297
1335072,-55.11818313598633
1335240,-23.636363983154297
1335280,-23.636363983154297
1335376,-23.636363983154297
1335400,-39.8636360168457
1335696,5.454545497894287
1335896,-23.636363983154297
1336736,-23.636363983154297
1336984,-23.636363983154297
1337152,-23.636363983154297
1337192,-23.636363983154297
1337288,-23.636363983154297
1337312,60.0
1337560,-54.490909576416016
1337608,1.8181818723678589
1337808,-23.636363983154297
1338896,23.636363983154297
1339064,-23.636363983154297
1339104,-23.636363983154297
1339224,89.09091186523438
1339472,-23.636363983154297
1339520,-16.363636016845703
1339720,136.36363220214844
1340256,-23.636363983154297
1340344,-38.90909194946289
1340808,-23.636363983154297
1340976,1.8181818723678589
1341016,-23.636363983154297
1341136,-23.636363983154297
1341432,-23.636363983154297
1341632,-23.636363983154297
1342168,-23.636363983154297
1342256,27.272727966308594
1342720,129.09091186523438
1342888,-23.636363983154297
1342928,-23.636363983154297
1343048,-1.8181818723678589
1343344,-23.636363983154297
1343544,-9.090909004211426
1344080,81.81818389892578
1344168,180.0
1344632,-23.636363983154297
1344800,-23.636363983154297
1344840,38.181819915771484
1344960,16.363636016845703
1345256,-23.636363983154297
1345456,-23.636363983154297
1345992,1.8181818723678589
1346080,-23.636363983154297
1346544,-23.636363983154297
1346712,-9.090909004211426
1346752,-23.636363983154297
1346872,-23.636363983154297
1347168,-23.636363983154297
1347368,-23.636363983154297
1347904,-23.636363983154297
1347992,-23.636363983154297
1348456,67.2727279663086
1348624,-23.636363983154297
1348664,-23.636363983154297
1348784,-23.636363983154297
1349080,-23.636363983154297
1349280,-23.636363983154297
1349392,137.56362915039062
1349904,-23.636363983154297
1350368,-23.636363983154297
1350536,20.0
1350576,-23.636363983154297
1350696,-23.636363983154297
1350992,-23.636363983154297
1351192,-23.636363983154297
1351304,-23.636363983154297
1351816,-23.636363983154297
1352280,-23.636363983154297
1352448,176.36363220214844
1352488,-23.636363983154297
1352608,-23.636363983154297
1352904,-23.636363983154297
1353104,-23.636363983154297
1353216,1.8181818723678589
1353728,-23.636363983154297
1354192,-23.636363983154297
1354360,-23.636363983154297
1354400,-23.636363983154297
1354520,140.0
1354816,-23.636363983154297
1355016,-23.636363983154297
1355128,38.181819915771484
1355640,-23.636363983154297
1356104,110.90908813476562
1356272,-23.636363983154297
1356312,-23.636363983154297
1356432,-23.636363983154297
1356728,-23.636363983154297
1356928,-23.636363983154297
1357040,-23.636363983154297
1357552,-23.636363983154297
1358016,9.090909004211426
1358184,-23.636363983154297
1358208,-71.69091033935547
1358224,-23.636363983154297
1358344,107.2727279663086
1358640,56.3636360168457
1358840,-23.636363983154297
1359464,-16.363636016845703
1359928,34.54545593261719
1360096,-23.636363983154297
1360120,-23.636363983154297
1360136,-23.636363983154297
1360256,-23.636363983154297
1360552,-23.636363983154297
1360752,-23.636363983154297
1361376,45.45454406738281
1361840,30.909090042114258
1362008,-23.636363983154297
1362032,16.363636016845703
1362048,67.2727279663086
1362168,-23.636363983154297
1362464,-23.636363983154297
1362664,-23.636363983154297
1363288,-23.636363983154297
1363752,16.363636016845703
1363920,-23.636363983154297
1363944,-23.636363983154297
1363960,-23.636363983154297
1364080,-23.636363983154297
1364376,-23.636363983154297
1364576,-23.636363983154297
1365200,-23.636363983154297
1365664,-23.636363983154297
1365832,-23.636363983154297
1365856,-23.636363983154297
1365872,-23.636363983154297
1365992,52.727272033691406
1366288,-23.636363983154297
1366488,-23.636363983154297
1367112,-23.636363983154297
1367576,-23.636363983154297
1367744,-23.636363983154297
1367768,60.0
1367784,-23.636363983154297
1367904,129.09091186523438
1368200,38.181819915771484
1368400,-23.636363983154297
1369024,1.8181818723678589
1369488,-16.363636016845703
1369656,-23.636363983154297
1369680,-23.636363983154297
1369696,114.54545593261719
1369816,16.363636016845703
1369832,-61.16363525390625
1370112,89.09091186523438
1370312,-23.636363983154297
1370704,-66.91818237304688
1371568,212.72727966308594
1371592,-23.636363983154297
1371608,114.54545593261719
1371728,-23.636363983154297
1371744,-23.636363983154297
1372024,23.636363983154297
1372616,140.0
1373336,-60.9636344909668
1373480,-23.636363983154297
1373504,-23.636363983154297
1373520,-23.636363983154297
1373608,-23.636363983154297
1373936,-23.636363983154297
1374528,-23.636363983154297
1374864,-23.636363983154297
1375248,60.0
1375392,-5.454545497894287
1375416,-23.636363983154297
1375432,-23.636363983154297
1375520,-23.636363983154297
1375848,-23.636363983154297
1376440,-23.636363983154297
1376776,1.8181818723678589
1377160,-23.636363983154297
1377304,-23.636363983154297
1377328,-23.636363983154297
1377344,-23.636363983154297
1377432,234.5454559326172
1377760,-9.090909004211426
1378352,-23.636363983154297
1378688,100.0
1379072,12.727272987365723
1379216,70.90908813476562
1379240,-23.636363983154297
1379256,-23.636363983154297
1379344,-23.636363983154297
1379512,-86.03636169433594
1379672,132.72727966308594
1380600,-23.636363983154297
1380984,49.09090805053711
1381128,-23.636363983154297
1381152,-23.636363983154297
1381168,-23.636363983154297
1381256,-1.8181818723678589
1381424,140.0
1382512,-23.636363983154297
1382544,-23.636363983154297
1382896,-23.636363983154297
1383040,-23.636363983154297
1383064,-23.636363983154297
1383080,-23.636363983154297
1383168,78.18181610107422
1383336,-23.636363983154297
1383920,-55.29090881347656
1384424,-23.636363983154297
1384456,-5.454545497894287
1384808,9.090909004211426
1384952,-23.636363983154297
1384976,-23.636363983154297
1385248,-23.636363983154297
1385832,-23.636363983154297
1386272,1.8181818723678589
1386336,-23.636363983154297
1386368,-23.636363983154297
1386720,-23.636363983154297
1386864,-23.636363983154297
1386888,30.909090042114258
1387160,-23.636363983154297
1387744,89.09091186523438
1388184,23.636363983154297
1388248,-23.636363983154297
1388280,-23.636363983154297
1388632,-23.636363983154297
1388776,-5.454545497894287
1388800,-23.636363983154297
1389072,-16.363636016845703
1389656,-23.636363983154297
1390096,-5.454545497894287
1390160,125.45454406738281
1390192,205.4545440673828
1390688,-23.636363983154297
1390712,-5.454545497894287
1390984,-16.363636016845703
1391528,-23.636363983154297
1391568,-23.636363983154297
1392008,-23.636363983154297
1392072,-5.454545497894287
1392104,-23.636363983154297
1392600,-23.636363983154297
1392624,-9.090909004211426
1392896,-23.636363983154297
1393424,-60.66363525390625
1393440,-23.636363983154297
1393480,-23.636363983154297
1393920,85.45454406738281
1393984,16.363636016845703
1394016,52.727272033691406
1394512,-23.636363983154297
1394808,38.181819915771484
1395336,-23.636363983154297
1395352,-23.636363983154297
1395392,-23.636363983154297
1395832,-9.090909004211426
1395896,-16.363636016845703
1395928,12.727272987365723
1396424,-23.636363983154297
1396720,-23.636363983154297
1397248,-23.636363983154297
1397264,-23.636363983154297
1397304,-23.636363983154297
1397744,180.0
1397808,34.54545593261719
1397840,-23.636363983154297
1398336,-23.636363983154297
1398632,-23.636363983154297
1399160,-23.636363983154297
1399176,-23.636363983154297
1399216,5.454545497894287
1399656,-23.636363983154297
1399720,-23.636363983154297
1399752,-23.636363983154297
1400248,147.27272033691406
1400544,263.6363525390625
1401072,-23.636363983154297
1401088,-23.636363983154297
1401128,-16.363636016845703
1401568,140.0
1401632,-23.636363983154297
1401664,-23.636363983154297
1402160,-23.636363983154297
1402456,-23.636363983154297
1402984,-23.636363983154297
1403000,-23.636363983154297
1403040,20.0
1403480,103.63636016845703
1403576,-23.636363983154297
1404072,-5.454545497894287
1404368,-23.636363983154297
1404896,-23.636363983154297
1404912,12.727272987365723
1404952,-23.636363983154297
1405032,-23.636363983154297
1405392,-23.636363983154297
1405488,-23.636363983154297
1405984,-23.636363983154297
1406280,-23.636363983154297
1406592,-90.31818389892578
1406808,-23.636363983154297
1406864,-23.636363983154297
1406944,5.454545497894287
1407304,-23.636363983154297
1407400,-23.636363983154297
1407896,-23.636363983154297
1408192,-23.636363983154297
1408504,-12.727272987365723
1408720,23.636363983154297
1408776,-23.636363983154297
1408856,-23.636363983154297
1409216,110.90908813476562
1409312,-5.454545497894287
1409536,-54.29090881347656
1409808,-23.636363983154297
1410104,-23.636363983154297
1410416,-23.636363983154297
1410688,-23.636363983154297
1410768,-23.636363983154297
1411128,-23.636363983154297
1411224,52.727272033691406
1411448,-23.636363983154297
1411720,-23.636363983154297
1412016,20.0
1412328,-23.636363983154297
1412600,-23.636363983154297
1412680,-23.636363983154297
1413040,-23.636363983154297
1413136,-23.636363983154297
1413360,-23.636363983154297
1413632,34.54545593261719
1413928,-23.636363983154297
1414240,-23.636363983154297
1414512,-23.636363983154297
1414592,-23.636363983154297
1414952,-23.636363983154297
1415048,-23.636363983154297
1415272,96.36363983154297
1415544,-23.636363983154297
1415840,-23.636363983154297
1416152,16.363636016845703
1416424,-23.636363983154297
1416504,45.45454406738281
1416864,-23.636363983154297
1416960,-23.636363983154297
1417184,-23.636363983154297
1417456,-23.636363983154297
1417752,-23.636363983154297
1418064,-23.636363983154297
1418336,-23.636363983154297
1418416,-23.636363983154297
1418776,-23.636363983154297
1418872,9.090909004211426
1419096,-23.636363983154297
1419240,-72.39090728759766
1419368,-23.636363983154297
1419664,-1.8181818723678589
1420160,-60.4636344909668
1420248,-23.636363983154297
1420328,220.0
1420688,-23.636363983154297
1420784,-23.636363983154297
1421008,-23.636363983154297
1421152,-23.636363983154297
1421576,-23.636363983154297
1422072,-23.636363983154297
1422160,-23.636363983154297
1422240,-23.636363983154297
1422600,-23.636363983154297
1422696,-23.636363983154297
1422920,-23.636363983154297
1423064,1.8181818723678589
1424072,-23.636363983154297
1424152,-23.636363983154297
1424512,-23.636363983154297
1424608,38.181819915771484
1424784,-23.636363983154297
1424832,260.0
1424976,38.181819915771484
1425040,-57.69091033935547
1425448,-9.090909004211426
1425984,85.45454406738281
1426424,16.363636016845703
1426520,-23.636363983154297
1426696,-23.636363983154297
1426744,-23.636363983154297
1426888,-23.636363983154297
1426952,-23.636363983154297
1427360,-23.636363983154297
1427896,-23.636363983154297
1428336,-5.454545497894287
1428432,-23.636363983154297
1428656,-23.636363983154297
1428800,16.363636016845703
1428864,-23.636363983154297
1429272,-16.363636016845703
1429808,-23.636363983154297
1430248,-23.636363983154297
1430344,-9.090909004211426
1430352,56.3636360168457
1430568,-23.636363983154297
1430712,5.454545497894287
1430776,-23.636363983154297
1431184,-23.636363983154297
1431720,-23.636363983154297
1432160,-23.636363983154297
1432256,-23.636363983154297
1432264,63.6363639831543
1432480,-23.636363983154297
1432688,-23.636363983154297
1433096,-23.636363983154297
1433632,-12.727272987365723
1433664,-72.49090576171875
1434072,-23.636363983154297
1434168,-23.636363983154297
1434176,-23.636363983154297
1434296,-23.636363983154297
1434600,223.63636779785156
1435008,-23.636363983154297
1435544,-23.636363983154297
1435576,-23.636363983154297
1435984,-23.636363983154297
1436080,-23.636363983154297
1436088,-23.636363983154297
1436208,-23.636363983154297
1436512,-23.636363983154297
1436920,-23.636363983154297
1437456,-23.636363983154297
1437488,-23.636363983154297
1437896,-23.636363983154297
1437992,-23.636363983154297
1438000,-23.636363983154297
1438120,-16.363636016845703
1438424,-23.636363983154297
1438832,-5.454545497894287
1439304,-21.027273178100586
1439368,52.727272033691406
1439400,158.18182373046875
1439808,-23.636363983154297
1439904,-9.090909004211426
1439912,-23.636363983154297
1440032,-23.636363983154297
1440584,-77.8272705078125
1440744,-23.636363983154297
1440936,-76.80908966064453
1441312,107.2727279663086
1441640,-86.71818542480469
1441720,-23.636363983154297
1441816,12.727272987365723
1441824,-23.636363983154297
1442496,-23.636363983154297
1442656,-16.363636016845703
1442848,-23.636363983154297
1443224,-23.636363983154297
1443552,-23.636363983154297
1443632,-16.363636016845703
1443728,52.727272033691406
1443736,1.8181818723678589
1444408,-23.636363983154297
1444568,16.363636016845703
1444760,-23.636363983154297
1445136,-23.636363983154297
1445464,-16.363636016845703
1445544,27.272727966308594
1445640,-23.636363983154297
1445648,129.09091186523438
1446320,-23.636363983154297
1446480,-23.636363983154297
1446672,-23.636363983154297
1447048,-9.090909004211426
1447376,-23.636363983154297
1447456,-23.636363983154297
1447552,12.727272987365723
1447560,-1.8181818723678589
1448232,-23.636363983154297
1448392,-23.636363983154297
1448736,-72.29090881347656
1448960,-23.636363983154297
1449288,-23.636363983154297
1449368,-23.636363983154297
1449464,-23.636363983154297
1449536,-62.71818161010742
1450144,-23.636363983154297
1450304,-23.636363983154297
1450648,-23.636363983154297
1450872,-23.636363983154297
1451200,-23.636363983154297
1451280,-23.636363983154297
1451376,-23.636363983154297
1451448,-23.636363983154297
1452056,-23.636363983154297
1452216,-23.636363983154297
1452560,-23.636363983154297
1452784,5.454545497894287
1453192,-23.636363983154297
1453288,-23.636363983154297
1453360,-23.636363983154297
1453968,100.0
1454128,-23.636363983154297
1454472,-23.636363983154297
1454696,-23.636363983154297
1455016,-23.636363983154297
1455104,-9.090909004211426
1455200,-23.636363983154297
1455272,5.454545497894287
1455880,-23.636363983154297
1456040,-23.636363983154297
1456384,132.72727966308594
1456608,1.8181818723678589
1456928,-23.636363983154297
1457112,-23.636363983154297
1457184,78.18181610107422
1457792,-23.636363983154297
1457952,16.363636016845703
1458520,5.454545497894287
1458728,-5.454545497894287
1458840,-23.636363983154297
1459024,-23.636363983154297
1459096,38.181819915771484
1459704,125.45454406738281
1459864,-23.636363983154297
1459920,67.2727279663086
1460640,-23.636363983154297
1460752,-23.636363983154297
1460936,-23.636363983154297
1461008,60.0
1461288,-49.26363754272461
1461616,78.18181610107422
1461776,-23.636363983154297
1461808,-23.636363983154297
1462552,-23.636363983154297
1462664,121.81818389892578
1462848,-23.636363983154297
1462920,-5.454545497894287
1463200,-23.636363983154297
1463528,-23.636363983154297
1463688,-23.636363983154297
1463720,-23.636363983154297
1464464,-23.636363983154297
1464576,-23.636363983154297
1464760,16.363636016845703
1464832,110.90908813476562
1465440,-23.636363983154297
1465600,-23.636363983154297
1465632,-23.636363983154297
1466144,169.09091186523438
1466376,-23.636363983154297
1466488,-23.636363983154297
1466672,67.2727279663086
1466744,-23.636363983154297
1467352,-23.636363983154297
1467512,-23.636363983154297
1467544,-23.636363983154297
1468056,-23.636363983154297
1468288,-23.636363983154297
1468328,-54.29090881347656
1468400,-23.636363983154297
1468584,-23.636363983154297
1468656,-23.636363983154297
1469264,30.909090042114258
1469456,-23.636363983154297
1469968,-23.636363983154297
1470200,-23.636363983154297
1470240,81.81818389892578
1470312,-23.636363983154297
1470496,23.636363983154297
1470568,100.0
1471176,-23.636363983154297
1471368,-23.636363983154297
1471880,-23.636363983154297
1472112,-23.636363983154297
1472152,-23.636363983154297
1472224,-23.636363983154297
1472408,23.636363983154297
1472480,-23.636363983154297
1473088,-23.636363983154297
1473280,-23.636363983154297
1473792,-23.636363983154297
1474024,-23.636363983154297
1474064,-23.636363983154297
1474136,-23.636363983154297
1474320,114.54545593261719
1474392,-23.636363983154297
1475000,-40.9636344909668
1475000,16.363636016845703
1475192,23.636363983154297
1475560,-77.31818389892578
1475936,96.36363983154297
1475976,85.45454406738281
1476232,12.727272987365723
1476304,-23.636363983154297
1476912,-23.636363983154297
1476912,-1.8181818723678589
1477104,-23.636363983154297
1477472,-16.363636016845703
1477848,-23.636363983154297
1477888,-23.636363983154297
1478144,165.4545440673828
1478216,-23.636363983154297
1478824,-23.636363983154297
1478824,-23.636363983154297
1479016,-23.636363983154297
1479384,-16.363636016845703
1479760,-23.636363983154297
1479800,9.090909004211426
1480056,56.3636360168457
1480128,-23.636363983154297
1480736,-23.636363983154297
1480736,-23.636363983154297
1480928,-23.636363983154297
1481296,-23.636363983154297
1481672,12.727272987365723
1481712,1.8181818723678589
1481968,-23.636363983154297
1482040,-23.636363983154297
1482648,-23.636363983154297
1482648,176.36363220214844
1482840,78.18181610107422
1483208,-23.636363983154297
1483584,-23.636363983154297
1483880,-23.636363983154297
1483952,-23.636363983154297
1484560,-23.636363983154297
1484560,-23.636363983154297
1484752,-23.636363983154297
1485120,38.181819915771484
1485496,100.0
1485528,-23.636363983154297
1485792,-23.636363983154297
1485864,-23.636363983154297
1486472,-23.636363983154297
1486472,-9.090909004211426
1486664,-23.636363983154297
1487032,-23.636363983154297
1487408,-23.636363983154297
1487440,45.45454406738281
1487480,-17.727272033691406
1487704,-23.636363983154297
1488384,-23.636363983154297
1488576,169.09091186523438
1488944,-23.636363983154297
1489136,-23.636363983154297
1489320,-23.636363983154297
1489352,56.3636360168457
1489392,-23.636363983154297
1489616,-23.636363983154297
1490296,-23.636363983154297
1490488,-23.636363983154297
1490856,-1.8181818723678589
1491048,-23.636363983154297
1491232,-23.636363983154297
1491264,-23.636363983154297
1491304,-23.636363983154297
1491528,-23.636363983154297
1492208,-23.636363983154297
1492400,-23.636363983154297
1492768,45.45454406738281
1492960,263.6363525390625
1493144,-23.636363983154297
1493176,41.818180084228516
1493216,-9.090909004211426
1493440,-23.636363983154297
1494120,-23.636363983154297
1494312,-23.636363983154297
1494680,-1.8181818723678589
1494872,150.90908813476562
1495056,-23.636363983154297
1495088,-23.636363983154297
1495128,-54.390907287597656
1495128,-23.636363983154297
1495352,-23.636363983154297
1496032,-1.8181818723678589
1496592,-23.636363983154297
1496784,-23.636363983154297
1496968,-9.090909004211426
1497000,60.0
1497040,-23.636363983154297
1497040,-23.636363983154297
1497264,-23.636363983154297
1497944,-23.636363983154297
1498504,-23.636363983154297
1498696,-23.636363983154297
1498880,-23.636363983154297
1498912,-23.636363983154297
1498952,147.27272033691406
1498952,74.54545593261719
1499176,-23.636363983154297
1499856,1.8181818723678589
1500416,38.181819915771484
1500608,12.727272987365723
1500792,-23.636363983154297
1500824,1.8181818723678589
1500864,-23.636363983154297
1500864,-23.636363983154297
1501088,74.54545593261719
1501768,-23.636363983154297
1502128,-82.31818389892578
1502328,-23.636363983154297
1502704,-16.363636016845703
1502736,27.272727966308594
1502776,-23.636363983154297
1502776,-23.636363983154297
1503000,-23.636363983154297
1503680,-9.090909004211426
1503944,-71.99090576171875
1504040,-23.636363983154297
1504240,-23.636363983154297
1504616,-23.636363983154297
1504648,-23.636363983154297
1504688,78.18181610107422
1504912,118.18181610107422
1505592,9.090909004211426
1505856,-9.090909004211426
1505952,27.272727966308594
1506152,-23.636363983154297
1506528,-23.636363983154297
1506560,16.363636016845703
1506600,41.818180084228516
1506824,-23.636363983154297
1507504,-23.636363983154297
1507768,-23.636363983154297
1507864,34.54545593261719
1508064,-23.636363983154297
1508440,34.54545593261719
1508472,-23.636363983154297
1508512,-23.636363983154297
1508736,-23.636363983154297
1509416,-12.727272987365723
1509680,-23.636363983154297
1509776,-23.636363983154297
1509976,16.363636016845703
1510352,-23.636363983154297
1510384,-23.636363983154297
1510424,172.72727966308594
1510648,67.2727279663086
1511328,-23.636363983154297
1511592,-1.8181818723678589
1511688,12.727272987365723
1511888,-23.636363983154297
1512264,-23.636363983154297
1512296,-23.636363983154297
1512336,-23.636363983154297
1512560,5.454545497894287
1513240,-23.636363983154297
1513504,5.454545497894287
1513600,41.818180084228516
1513800,-23.636363983154297
1514176,-23.636363983154297
1514208,-23.636363983154297
1514248,-23.636363983154297
1514472,136.36363220214844
1515152,-23.636363983154297
1515368,-65.66363525390625
1515416,-23.636363983154297
1515512,-23.636363983154297
1515712,16.363636016845703
1516088,-23.636363983154297
1516120,-23.636363983154297
1516160,-23.636363983154297
1517064,-23.636363983154297
1517280,-23.636363983154297
1517328,16.363636016845703
1517424,-23.636363983154297
1517624,100.0
1518000,-23.636363983154297
1518032,-23.636363983154297
1518072,-23.636363983154297
1518976,-23.636363983154297
1519192,194.5454559326172
1519240,16.363636016845703
1519336,-23.636363983154297
1519536,-9.090909004211426
1519912,9.090909004211426
1519944,9.090909004211426
1519984,216.36363220214844
1520888,-1.8181818723678589
1521104,-23.636363983154297
1521152,9.090909004211426
1521248,49.09090805053711
1521448,-9.090909004211426
1521824,-23.636363983154297
1521856,-9.090909004211426
1521896,129.09091186523438
1522592,-113.13636016845703
1522704,-68.23636627197266
1523016,-23.636363983154297
1523064,-23.636363983154297
1523160,-23.636363983154297
1523360,-23.636363983154297
1523600,-89.58181762695312
1523736,-23.636363983154297
1524504,-23.636363983154297
1524616,16.363636016845703
1524928,-23.636363983154297
1524976,-23.636363983154297
1525272,-23.636363983154297
1525512,-23.636363983154297
1525648,-23.636363983154297
1526184,-23.636363983154297
1526416,-23.636363983154297
1526528,-16.363636016845703
1526840,-23.636363983154297
1526888,-23.636363983154297
1527184,-23.636363983154297
1527424,-23.636363983154297
1527560,-23.636363983154297
1528040,-26.218181610107422
1528096,-23.636363983154297
1528328,-23.636363983154297
1528440,136.36363220214844
1528800,52.727272033691406
1529096,161.81817626953125
1529336,34.54545593261719
1529472,-23.636363983154297
1529952,132.72727966308594
1530008,-23.636363983154297
1530240,1.8181818723678589
1530352,12.727272987365723
1530712,-23.636363983154297
1531008,129.09091186523438
1531248,-23.636363983154297
1531384,-23.636363983154297
1531864,-23.636363983154297
1531920,-23.636363983154297
1532152,-23.636363983154297
1532264,9.090909004211426
1532624,125.45454406738281
1532920,-23.636363983154297
1533160,41.818180084228516
1533296,169.09091186523438
1533776,-23.636363983154297
1533832,9.090909004211426
1534064,63.6363639831543
1534176,-23.636363983154297
1534536,-23.636363983154297
1534832,-23.636363983154297
1535072,-23.636363983154297
1535208,27.272727966308594
1535688,-5.454545497894287
1535744,-23.636363983154297
1535976,-23.636363983154297
1536088,-23.636363983154297
1536376,-71.99090576171875
1536448,-23.636363983154297
1536744,38.181819915771484
1536984,-23.636363983154297
1537600,9.090909004211426
1537656,103.63636016845703
1537888,-23.636363983154297
1538000,-23.636363983154297
1538288,-23.636363983154297
1538360,-23.636363983154297
1538656,-23.636363983154297
1538896,136.36363220214844
1539512,-23.636363983154297
1539568,-23.636363983154297
1539800,-23.636363983154297
1539912,-23.636363983154297
1540200,-23.636363983154297
1540272,-23.636363983154297
1540568,-23.636363983154297
1540808,-23.636363983154297
1541424,-23.636363983154297
1541480,16.363636016845703
1541712,-23.636363983154297
1541824,-12.727272987365723
1542112,-23.636363983154297
1542184,-5.454545497894287
1542480,-23.636363983154297
1542720,-23.636363983154297
1543336,-23.636363983154297
1543344,-60.327274322509766
1543392,-23.636363983154297
1543624,-23.636363983154297
1543736,-23.636363983154297
1544024,-23.636363983154297
1544096,56.3636360168457
1544632,114.54545593261719
1545248,-23.636363983154297
1545256,-23.636363983154297
1545304,-23.636363983154297
1545536,-23.636363983154297
1545648,-23.636363983154297
1545936,-23.636363983154297
1546008,45.45454406738281
1546544,-23.636363983154297
1547160,132.72727966308594
1547168,-23.636363983154297
1547216,1.8181818723678589
1547448,-23.636363983154297
1547560,70.90908813476562
1547848,187.27272033691406
1547920,-5.454545497894287
1548456,-23.636363983154297
1549072,-23.636363983154297
1549080,63.6363639831543
1549128,-23.636363983154297
1549360,-23.636363983154297
1549472,27.272727966308594
1549760,140.0
1549832,-12.727272987365723
1550368,-5.454545497894287
1550984,-23.636363983154297
1550992,-23.636363983154297
1551040,-23.636363983154297
1551272,-23.636363983154297
1551384,12.727272987365723
1551672,-16.363636016845703
1551744,34.54545593261719
1552280,-23.636363983154297
1552896,-23.636363983154297
1552904,-23.636363983154297
1552952,12.727272987365723
1553184,-23.636363983154297
1553656,-23.636363983154297
1554192,-23.636363983154297
1554632,-23.636363983154297
1554808,-23.636363983154297
1554816,-23.636363983154297
1554864,-23.636363983154297
1555096,-23.636363983154297
1555144,-23.636363983154297
1555568,-23.636363983154297
1556104,201.81817626953125
1556544,-23.636363983154297
1556720,-23.636363983154297
1556728,-23.636363983154297
1556776,16.363636016845703
1557008,30.909090042114258
1557056,-9.090909004211426
1557272,-71.99090576171875
1557480,1.8181818723678589
1558152,-46.37272644042969
1558456,-23.636363983154297
1558632,52.727272033691406
1558640,-23.636363983154297
1558688,-23.636363983154297
1558920,-23.636363983154297
1559184,-23.636363983154297
1559392,-23.636363983154297
1560064,-23.636363983154297
1560544,-23.636363983154297
1560600,38.181819915771484
1560832,-23.636363983154297
1561096,9.090909004211426
1561304,-23.636363983154297
1561864,-23.636363983154297
1561976,-23.636363983154297
1562016,-23.636363983154297
1562456,-9.090909004211426
1562512,-23.636363983154297
1562744,16.363636016845703
1563008,-23.636363983154297
1563216,-12.727272987365723
1563776,-23.636363983154297
1563888,-23.636363983154297
1563928,-23.636363983154297
1564368,-23.636363983154297
1564424,154.5454559326172
1564656,-23.636363983154297
1565128,-23.636363983154297
1565656,-1.8181818723678589
1565688,-23.636363983154297
1565800,-23.636363983154297
1565840,180.0
1566280,-23.636363983154297
1566336,-23.636363983154297
1566568,110.90908813476562
1567040,-23.636363983154297
1567448,-42.900001525878906
1567568,-23.636363983154297
1567600,-23.636363983154297
1567712,-23.636363983154297
1567752,-23.636363983154297
1568248,-23.636363983154297
1568416,-68.83636474609375
1568480,-23.636363983154297
1568656,-40.509090423583984
1568952,12.727272987365723
1569360,23.636363983154297
1569456,-93.31818389892578
1569480,-23.636363983154297
1570160,16.363636016845703
1570328,-23.636363983154297
1570392,-12.727272987365723
1570568,-23.636363983154297
1571272,-23.636363983154297
1571368,-23.636363983154297
1571392,-23.636363983154297
1572072,-5.454545497894287
1572240,-23.636363983154297
1572304,-23.636363983154297
1572480,-23.636363983154297
1572552,-23.636363983154297
1573184,-23.636363983154297
1573280,-23.636363983154297
1573304,-12.727272987365723
1573984,-23.636363983154297
1574152,1.8181818723678589
1574216,-23.636363983154297
1574392,-1.8181818723678589
1574464,-23.636363983154297
1575096,-23.636363983154297
1575192,38.181819915771484
1575216,-23.636363983154297
1575656,108.96363830566406
1575896,-23.636363983154297
1576064,-23.636363983154297
1576128,-9.090909004211426
1576376,-1.8181818723678589
1577008,-23.636363983154297
1577104,-23.636363983154297
1577128,-23.636363983154297
1577304,-90.03636169433594
1577568,-23.636363983154297
1577808,-23.636363983154297
1578040,-23.636363983154297
1578288,-23.636363983154297
1578920,-23.636363983154297
1579016,136.36363220214844
1579040,-23.636363983154297
1579216,-23.636363983154297
1579480,-23.636363983154297
1579720,-23.636363983154297
1579952,-23.636363983154297
1580200,1.8181818723678589
1580832,23.636363983154297
1580928,-23.636363983154297
1580952,12.727272987365723
1581128,-23.636363983154297
1581392,-23.636363983154297
1581632,-23.636363983154297
1581864,-23.636363983154297
1582112,34.54545593261719
1582744,-23.636363983154297
1582840,-23.636363983154297
1582864,-23.636363983154297
1583040,136.36363220214844
1583304,-1.8181818723678589
1583544,-23.636363983154297
1583776,60.0
1584024,-23.636363983154297
1584656,-23.636363983154297
1584752,-23.636363983154297
1584776,5.454545497894287
1584952,-23.636363983154297
1585216,81.81818389892578
1585456,-23.636363983154297
1585688,-23.636363983154297
1585936,-23.636363983154297
1586128,-72.39090728759766
1586408,-80.36363983154297
1586568,27.272727966308594
1586664,89.09091186523438
1586688,-23.636363983154297
1587368,-23.636363983154297
1587600,16.363636016845703
1587848,-16.363636016845703
1588040,-23.636363983154297
1588320,-23.636363983154297
1588480,-23.636363983154297
1588576,-23.636363983154297
1588600,-23.636363983154297
1589280,252.72727966308594
1589512,-23.636363983154297
1589760,-23.636363983154297
1589880,-26.68181800842285
1589952,23.636363983154297
1590232,-23.636363983154297
1590392,89.09091186523438
1590488,132.72727966308594
1591192,-9.090909004211426
1591424,-23.636363983154297
1591672,12.727272987365723
1591792,-23.636363983154297
1591864,34.54545593261719
1592144,-23.636363983154297
1592304,-23.636363983154297
1592400,-23.636363983154297
1593104,234.5454559326172
1593336,-16.363636016845703
1593584,70.90908813476562
1593704,-23.636363983154297
1593776,-23.636363983154297
1594056,16.363636016845703
1594216,-23.636363983154297
1594312,-23.636363983154297
1595016,-23.636363983154297
1595232,-72.39090728759766
1595248,16.363636016845703
1595496,30.909090042114258
1595616,16.363636016845703
1595688,-23.636363983154297
1596128,-23.636363983154297
1596224,100.0
1596928,-23.636363983154297
1597144,9.090909004211426
1597160,103.63636016845703
1597408,-23.636363983154297
1597528,-23.636363983154297
1598040,-1.8181818723678589
1598136,-23.636363983154297
1598840,45.45454406738281
1598984,-23.636363983154297
1599056,-23.636363983154297
1599072,-23.636363983154297
1599320,45.45454406738281
1599440,-23.636363983154297
1599952,-9.090909004211426
1600048,20.0
1600752,34.54545593261719
1600896,-23.636363983154297
1600968,-9.090909004211426
1600984,-5.454545497894287
1601232,-23.636363983154297
1601352,-23.636363983154297
1601864,-1.8181818723678589
1601960,16.363636016845703
1602664,12.727272987365723
1602808,9.090909004211426
1602880,-23.636363983154297
1602896,-23.636363983154297
1603144,-23.636363983154297
1603264,12.727272987365723
1603776,-23.636363983154297
1603872,-23.636363983154297
1604312,-59.62727355957031
1604720,89.09091186523438
1604792,176.36363220214844
1604808,-23.636363983154297
1605056,-9.090909004211426
1605176,-23.636363983154297
1605688,-23.636363983154297
1605784,-23.636363983154297
1606224,-23.636363983154297
1606632,-23.636363983154297
1606704,-23.636363983154297
1606720,-23.636363983154297
1606968,-23.636363983154297
1607088,-23.636363983154297
1607600,-23.636363983154297
1607696,-23.636363983154297
1608136,-23.636363983154297
1608544,-23.636363983154297
1608616,-23.636363983154297
1608632,12.727272987365723
1608880,-23.636363983154297
1609000,-23.636363983154297
1609512,-23.636363983154297
1609608,-23.636363983154297
1610048,-23.636363983154297
1610272,-77.10909271240234
1610456,-23.636363983154297
1610528,-23.636363983154297
1610792,-23.636363983154297
1610912,9.090909004211426
1611424,-12.727272987365723
1611520,-23.636363983154297
1611960,-23.636363983154297
1612184,125.45454406738281
1612368,9.090909004211426
1612440,12.727272987365723
1612704,-23.636363983154297
1612824,38.181819915771484
1613336,85.45454406738281
1613432,-23.636363983154297
1613872,-23.636363983154297
1614096,-23.636363983154297
1614104,-56.654544830322266
1614352,-23.636363983154297
1614616,154.5454559326172
1615248,-23.636363983154297
1615344,-23.636363983154297
1615784,-23.636363983154297
1616008,56.3636360168457
1616016,-23.636363983154297
1616264,16.363636016845703
1616528,30.909090042114258
1616584,-23.636363983154297
1617160,-23.636363983154297
1617256,-23.636363983154297
1617696,100.0
1617920,60.0
1617928,-23.636363983154297
1618176,9.090909004211426
1618440,-23.636363983154297
1618496,100.0
1619072,-23.636363983154297
1619608,-23.636363983154297
1619832,9.090909004211426
1619840,187.27272033691406
1620088,9.090909004211426
1620352,27.272727966308594
1620408,23.636363983154297
1620840,-23.636363983154297
1620984,1.8181818723678589
1621520,121.81818389892578
1621744,-23.636363983154297
1621752,-23.636363983154297
1622000,-23.636363983154297
1622264,-23.636363983154297
1622320,-23.636363983154297
1622752,118.18181610107422
1622896,-23.636363983154297
1623432,-23.636363983154297
1623656,-23.636363983154297
1623664,-16.363636016845703
1623912,-23.636363983154297
1624104,-66.61817932128906
1624176,-23.636363983154297
1624232,41.818180084228516
1624664,-23.636363983154297
1624800,-81.99090576171875
1625456,-60.4636344909668
1625568,-23.636363983154297
1625576,-23.636363983154297
1625824,-23.636363983154297
1626016,-23.636363983154297
1626088,-23.636363983154297
1626144,-23.636363983154297
1626712,-23.636363983154297
1627368,-23.636363983154297
1627480,-23.636363983154297
1627488,-23.636363983154297
1627496,-52.59090805053711
1627928,12.727272987365723
1628000,9.090909004211426
1628056,89.09091186523438
1629280,9.090909004211426
1629368,-23.636363983154297
1629392,20.0
1629400,-23.636363983154297
1629408,-23.636363983154297
1629840,16.363636016845703
1629912,45.45454406738281
1629968,-1.8181818723678589
1631192,-23.636363983154297
1631280,85.45454406738281
1631304,-5.454545497894287
1631312,-23.636363983154297
1631320,-23.636363983154297
1631752,1.8181818723678589
1631824,-9.090909004211426
1631880,-23.636363983154297
1633104,-9.090909004211426
1633192,5.454545497894287
1633216,-16.363636016845703
1633224,78.18181610107422
1633232,-23.636363983154297
1633664,-16.363636016845703
1633736,-23.636363983154297
1633792,63.6363639831543
1634576,-55.29090881347656
1635016,-23.636363983154297
1635128,78.18181610107422
1635136,-23.636363983154297
1635144,-23.636363983154297
1635576,85.45454406738281
1635704,-23.636363983154297
1636184,12.727272987365723
1636488,-23.636363983154297
1636928,136.36363220214844
1637040,103.63636016845703
1637048,-9.090909004211426
1637056,129.09091186523438
1637488,-23.636363983154297
1637616,30.909090042114258
1638096,136.36363220214844
1638840,-23.636363983154297
1638952,-23.636363983154297
1638960,-23.636363983154297
1638968,-23.636363983154297
1639400,-23.636363983154297
1639528,-16.363636016845703
1639744,5.454545497894287
1640008,56.3636360168457
1640448,-59.20000076293945
1640752,140.0
1640872,-23.636363983154297
1640880,100.0
1641312,125.45454406738281
1641440,9.090909004211426
1641632,-72.49090576171875
1641656,60.0
1641920,-23.636363983154297
1642664,-23.636363983154297
1642712,-90.86363983154297
1642784,-23.636363983154297
1642792,-23.636363983154297
1643352,-23.636363983154297
1643544,-23.636363983154297
1643568,-23.636363983154297
1643832,23.636363983154297
1644576,-23.636363983154297
1644616,-57.318180084228516
1644624,-23.636363983154297
1644696,-23.636363983154297
1645264,-23.636363983154297
1645456,260.0
1645480,-23.636363983154297
1645744,-23.636363983154297
1646488,114.54545593261719
1646528,-27.190908432006836
1646528,1.8181818723678589
1646536,-23.636363983154297
1646608,-16.363636016845703
1647176,-23.636363983154297
1647392,-23.636363983154297
1647656,-23.636363983154297
1648400,-23.636363983154297
1648440,23.636363983154297
1648440,-23.636363983154297
1648448,-23.636363983154297
1648520,-12.727272987365723
1649088,-23.636363983154297
1649304,-23.636363983154297
1649568,-23.636363983154297
1650120,-54.390907287597656
1650312,23.636363983154297
1650352,23.636363983154297
1650352,-23.636363983154297
1650360,-23.636363983154297
1650432,-23.636363983154297
1651000,-23.636363983154297
1651480,-23.636363983154297
1652224,-23.636363983154297
1652264,16.363636016845703
1652264,158.18182373046875
1652272,-23.636363983154297
1652344,-23.636363983154297
1652576,-23.636363983154297
1652912,-23.636363983154297
1653392,-23.636363983154297
1654136,41.818180084228516
1654176,-23.636363983154297
1654176,-23.636363983154297
1654184,34.54545593261719
1654256,-23.636363983154297
1654488,-23.636363983154297
1654824,-23.636363983154297
1655304,-16.363636016845703
1655656,-71.69091033935547
1656048,-23.636363983154297
1656088,12.727272987365723
1656088,-12.727272987365723
1656096,-23.636363983154297
1656168,16.363636016845703
1656736,281.81817626953125
1657216,49.09090805053711
1657568,9.090909004211426
1657960,-23.636363983154297
1658000,38.181819915771484
1658000,12.727272987365723
1658008,-23.636363983154297
1658080,-23.636363983154297
1658648,-16.363636016845703
1659128,45.45454406738281
1659480,-23.636363983154297
1659872,-23.636363983154297
1659912,-23.636363983154297
1659912,-23.636363983154297
1659920,-23.636363983154297
1659992,-23.636363983154297
1660560,-23.636363983154297
1661040,-23.636363983154297
1661392,110.90908813476562
1661784,-5.454545497894287
1661824,-23.636363983154297
1661824,-23.636363983154297
1661832,245.4545440673828
1661904,-23.636363983154297
1662472,-23.636363983154297
1662952,-23.636363983154297
1663304,-23.636363983154297
1663696,-23.636363983154297
1663736,-23.636363983154297
1663736,-23.636363983154297
1663744,-23.636363983154297
1663816,23.636363983154297
1664384,30.909090042114258
1664864,70.90908813476562
1665216,107.2727279663086
1665608,9.090909004211426
1665648,-23.636363983154297
1665656,-23.636363983154297
1665728,-23.636363983154297
1666296,-23.636363983154297
1666776,-23.636363983154297
1666904,23.636363983154297
1667128,23.636363983154297
1667304,-19.827272415161133
1667520,-23.636363983154297
1667568,-23.636363983154297
1667640,-23.636363983154297
1668688,-23.636363983154297
1668816,-23.636363983154297
1669040,-23.636363983154297
1669216,-23.636363983154297
1669432,-23.636363983154297
1669480,-9.090909004211426
1669552,23.636363983154297
1669744,-23.636363983154297
1670600,89.09091186523438
1670728,-23.636363983154297
1670952,-23.636363983154297
1671128,-23.636363983154297
1671344,1.8181818723678589
1671392,-23.636363983154297
1671464,74.54545593261719
1671656,16.363636016845703
1671800,-55.990909576416016
1672512,-23.636363983154297
1672640,-16.363636016845703
1673040,-1.8181818723678589
1673256,-23.636363983154297
1673288,-52.29090881347656
1673304,67.2727279663086
1673376,-23.636363983154297
1673568,-16.363636016845703
1673712,5.454545497894287
1674552,-23.636363983154297
1674952,125.45454406738281
1675168,-23.636363983154297
1675200,187.27272033691406
1675216,30.909090042114258
1675288,-23.636363983154297
1675480,38.181819915771484
1675624,-23.636363983154297
1676464,-23.636363983154297
1676864,260.0
1677080,38.181819915771484
1677112,-16.363636016845703
1677128,-23.636363983154297
1677200,-23.636363983154297
1677392,-23.636363983154297
1677536,-23.636363983154297
1678376,-23.636363983154297
1678776,-23.636363983154297
1678992,-23.636363983154297
1679024,-23.636363983154297
1679040,-23.636363983154297
1679112,-23.636363983154297
1679304,129.09091186523438
1679448,-23.636363983154297
1680288,-23.636363983154297
1680688,12.727272987365723
1680904,-23.636363983154297
1680936,-23.636363983154297
1680952,-23.636363983154297
1681024,-23.636363983154297
1681216,-23.636363983154297
1681360,9.090909004211426
1682200,-23.636363983154297
1682600,-23.636363983154297
1682816,-23.636363983154297
1682848,-23.636363983154297
1682864,-23.636363983154297
1682936,100.0
1683128,-5.454545497894287
1683272,-23.636363983154297
1684112,-23.636363983154297
1684512,-16.363636016845703
1684728,1.8181818723678589
1684760,-23.636363983154297
1684776,-23.636363983154297
1684848,9.090909004211426
1685040,34.54545593261719
1685184,-23.636363983154297
1686024,-23.636363983154297
1686424,-23.636363983154297
1686640,-23.636363983154297
1686672,-23.636363983154297
1686688,1.8181818723678589
1686760,-23.636363983154297
1686952,-23.636363983154297
1687096,-23.636363983154297
1687936,5.454545497894287
1688336,16.363636016845703
1688552,9.090909004211426
1688584,-23.636363983154297
1688600,-23.636363983154297
1688672,-23.636363983154297
1688864,-23.636363983154297
1689008,-23.636363983154297
1689848,-23.636363983154297
1690248,-23.636363983154297
1690464,-9.090909004211426
1690496,-1.8181818723678589
1690512,-16.363636016845703
1690584,12.727272987365723
1690776,-23.636363983154297
1690920,-23.636363983154297
1691424,-58.92727279663086
1691760,-23.636363983154297
1692160,-1.8181818723678589
1692376,-23.636363983154297
1692408,-23.636363983154297
1692424,-23.636363983154297
1692688,-23.636363983154297
