/home/UFAD/tcuevasmestanza/.conda/envs/racing/lib/python3.12/site-packages/tyro/_parsers.py:353: UserWarning: The field `track-seed` is annotated with type `<class 'int'>`, but the default value `None` has type `<class 'NoneType'>`. We'll try to handle this gracefully, but it may cause unexpected behavior.
  warnings.warn(message)
/home/UFAD/tcuevasmestanza/.conda/envs/racing/lib/python3.12/site-packages/tyro/_parsers.py:353: UserWarning: The field `wandb-entity` is annotated with type `<class 'str'>`, but the default value `None` has type `<class 'NoneType'>`. We'll try to handle this gracefully, but it may cause unexpected behavior.
  warnings.warn(message)
/home/UFAD/tcuevasmestanza/.conda/envs/racing/lib/python3.12/site-packages/tyro/_parsers.py:353: UserWarning: The field `target-kl` is annotated with type `<class 'float'>`, but the default value `None` has type `<class 'NoneType'>`. We'll try to handle this gracefully, but it may cause unexpected behavior.
  warnings.warn(message)
/home/UFAD/tcuevasmestanza/.conda/envs/racing/lib/python3.12/site-packages/tyro/_parsers.py:353: UserWarning: The field `resume-path` is annotated with type `<class 'str'>`, but the default value `None` has type `<class 'NoneType'>`. We'll try to handle this gracefully, but it may cause unexpected behavior.
  warnings.warn(message)
Experiment info saved → runs/adaptive_fps_track_aware_lstm/CarRacing_VarFramerate_fc_2.1_bud_90_04-08-13-42-34/info_settings.txt
Device: cpu
Navigation model path: experiments/navigation/CarRacing-v3__train__1__1785768450/final.pt
Navigation Model loaded on cpu
Navigation Model loaded on cpu
Navigation Model loaded on cpu
Navigation Model loaded on cpu
Navigation Model loaded on cpu
Navigation Model loaded on cpu
Navigation Model loaded on cpu
Navigation Model loaded on cpu
Navigation Model loaded on cpu
Navigation Model loaded on cpu
Navigation Model loaded on cpu
Navigation Model loaded on cpu
Navigation Model loaded on cpu
Navigation Model loaded on cpu
Navigation Model loaded on cpu
Navigation Model loaded on cpu
Navigation Model loaded on cpu
global_step=960 | return=30.51 | steps=60 | track=9909a4d58e27106c4c85c37004999e84
global_step=992 | return=-3.61 | steps=62 | track=cc06e48abcd75864d0be229ac1263f2d
global_step=1056 | return=32.71 | steps=66 | track=7d3a25bfeb23210bb7bb078adbf9553a
global_step=2080 | return=-146.62 | steps=130 | track=ce8c3fb85697a6b6fbfe82e0b42e4e45
global_step=2080 | return=-153.20 | steps=130 | track=c9f775925c3082c91155dd30697c6769
global_step=2096 | return=-159.94 | steps=131 | track=682ca595940fd1c9b40fff5e12f8bfd0
global_step=2096 | return=-151.81 | steps=131 | track=8935359073f8059776e01ea575e09b90
global_step=2096 | return=-136.86 | steps=131 | track=8ce9d45c48214e62e8750b2fc9ddbf47
global_step=2096 | return=-156.28 | steps=131 | track=c6af25133a745d27ddcf294b1344b7c4
global_step=2096 | return=-143.86 | steps=131 | track=b1260c7a9740d82a598b32488f3f4091
global_step=2096 | return=-154.12 | steps=131 | track=c9e3cabe06e074d91c2d6c9d1d41b7cc
global_step=2096 | return=-152.67 | steps=131 | track=9ccf27dff9efb703e2e79742810c042c
global_step=2096 | return=-151.06 | steps=131 | track=0698bf65ea9e1210a0586b4a0a7c317b
global_step=2096 | return=-142.61 | steps=131 | track=8967e66b504a8ad393049328fcadcc10
global_step=3104 | return=-14.80 | steps=62 | track=cf84f9471f2acf1e77153d46c585548b
global_step=3120 | return=-20.36 | steps=63 | track=517339fb363dfd3ea045e0fbb041588f
global_step=3136 | return=-12.29 | steps=65 | track=715316df6cf9232506ac0c957a118f3b
global_step=3168 | return=-140.89 | steps=131 | track=b3dbdac5ea48bfa1356451873eb9d32b
global_step=3184 | return=-123.09 | steps=136 | track=d2e0e4df3a774d3075f80fae87a89ca9
global_step=3312 | return=-41.11 | steps=207 | track=b660f6beb9f338c531fcb90488d6ff58
global_step=3552 | return=-87.20 | steps=91 | track=e37c851efe5bde703ed2878653651abc
global_step=3648 | return=-111.69 | steps=96 | track=9d4fb3987269bc5365fb8bb56b0949bf
global_step=3648 | return=-110.50 | steps=96 | track=79d5df8ecbf4b0d4fcda33d0eae98549
global_step=3984 | return=-33.54 | steps=249 | track=109caab24bf868828ec173ec613ad570
global_step=4192 | return=-154.50 | steps=130 | track=793cb26eb9eee59797237dd23475a1bc
global_step=4192 | return=-135.55 | steps=130 | track=12dd9b284f6016173f28f2359ab408d8
global_step=4208 | return=-146.10 | steps=131 | track=83ca91a2e3258068518762150d1c0bb7
global_step=4400 | return=-158.66 | steps=214 | track=b093eb43288005b92040cbb8a1292855
global_step=4448 | return=-64.38 | steps=146 | track=f9790e60794d883c6b202f3511a6d0a0
global_step=4480 | return=-124.74 | steps=148 | track=4de9a75a2382fbbd9c40f36df30a5678
global_step=5136 | return=-96.97 | steps=57 | track=3594dc8f1708c49ad08b0d325372a467
global_step=5216 | return=-147.82 | steps=131 | track=86a73e7518dc0822b490df2737fd3593
global_step=5232 | return=-153.23 | steps=131 | track=1e98dd66a4eb46f37f34143f880250db
global_step=5232 | return=-112.07 | steps=98 | track=e64f29bfc1dde302355e34d177a48d57
global_step=5248 | return=-139.57 | steps=131 | track=c6fe3c8909abbca8d63076e7318dbb93
global_step=5248 | return=-146.94 | steps=128 | track=f36aee167aaef0a8166796466a7a8ebd
global_step=5264 | return=-91.32 | steps=48 | track=d4aded2256939429df1388f049bd56bd
global_step=5456 | return=-16.81 | steps=65 | track=f82acb87d178fbcd937a07e6b1df77c8
global_step=5600 | return=-66.92 | steps=151 | track=9f49297d3c9b6fd395f442b480b9d7bc
global_step=5680 | return=-172.50 | steps=132 | track=3d685a65ea767bf0c5dd4f26f0934a24
global_step=5760 | return=-154.11 | steps=131 | track=42156b8292cda3b8ff24bf86902b31d4
global_step=6096 | return=-143.83 | steps=131 | track=cc2320c2d024c0538e3a2e2a07d9419b
global_step=6288 | return=-145.89 | steps=130 | track=af8c3fa3b69fec70c47bb2bc101ee791
global_step=6304 | return=-162.86 | steps=131 | track=e7fb00095148133c7b7d5e41475db704
global_step=6336 | return=18.47 | steps=66 | track=1a783dd6c40cfe8800529934670bccda
global_step=6768 | return=-31.93 | steps=62 | track=415c69baa67dad45304db8bb468fa4b8
global_step=7248 | return=-134.74 | steps=131 | track=6ec887e7ed9ff3a330377c070cd18e74
global_step=7312 | return=-155.29 | steps=130 | track=b40494351ba78be43d473b5d34ed43eb
global_step=7344 | return=-5.66 | steps=64 | track=4897a8884819bea58bf12ca78e88df8e
global_step=7360 | return=-155.07 | steps=131 | track=8cfdcfbecd2b8f50529d8ba728af59d1
global_step=7360 | return=-161.91 | steps=131 | track=a434f1e278bdeb812eb530cca68c2284
global_step=7408 | return=-127.11 | steps=184 | track=7c7aaa30af403edf765b256c4c52588d
global_step=7712 | return=-141.17 | steps=131 | track=05425ffb32f5b75a057a54a4ee0fd54f
global_step=7872 | return=-66.24 | steps=150 | track=03a17c5882bbfc73569496df001f96f0
global_step=8176 | return=-100.65 | steps=183 | track=658d59bc936da192bf9b724744b7475b
global_step=8208 | return=-156.21 | steps=131 | track=bfc830bba642810cd8d68ade979c40a4
global_step=8400 | return=-104.61 | steps=131 | track=2e8ab94a6664f5c92c033ecba44b51d3
global_step=8432 | return=-157.61 | steps=130 | track=ca0a98b7a255a9047ef2ed8be0f2ec38
global_step=8544 | return=-115.68 | steps=178 | track=a98cc0c22064ed75964348d77438c9bf
global_step=8656 | return=-22.03 | steps=333 | track=399f57e0b5f5df5718a335d4d1b69ea0
global_step=8704 | return=-146.46 | steps=216 | track=d894cf97ac17b7c4f1ae87f668bbf08d
global_step=8896 | return=-119.39 | steps=95 | track=2ed94424dc6c9bd7f4aab1ef2df591c6
global_step=9216 | return=-163.16 | steps=152 | track=5bdfb2739095ea3003709269e61594d8
global_step=9376 | return=-154.57 | steps=132 | track=bb62e56612c5006bd3f47211483385de
global_step=9424 | return=-153.40 | steps=131 | track=2a890aebbd88d4a10718f356d2a2b77f
global_step=9472 | return=-154.12 | steps=131 | track=3a85663b3f8cc8cd65fc687f9517199e
global_step=9520 | return=-149.13 | steps=131 | track=d8b9bbfb9128aa11c48d1eb70ca8246e
global_step=9680 | return=-70.67 | steps=93 | track=72b4e8bf0e682424441b8f95e8006680
global_step=9792 | return=-114.70 | steps=119 | track=a90f42fcf2d995295660349974c46602
global_step=10112 | return=-55.31 | steps=90 | track=cf64e6c835cfa9084a0977b87a96f793
global_step=10176 | return=-155.99 | steps=153 | track=5e35bd4daa8c8721ca5fc3fa38ca979b
global_step=10320 | return=-137.08 | steps=131 | track=94f879ef3bfdbe6ff8f53138039ff990
global_step=10400 | return=-77.81 | steps=93 | track=efb9fc855092130921614c201cfac612
global_step=10496 | return=-145.22 | steps=130 | track=c49a90d74586deb6ea45ebb316c7dbef
global_step=10528 | return=4.38 | steps=68 | track=f4a9f19eca0a44ffc9fa5fae6709e9ce
global_step=10544 | return=-144.51 | steps=131 | track=f69244eb866119ed91d485ecb80e71fe
global_step=10656 | return=-143.61 | steps=131 | track=ad668550742b96c360f3b799ac0c2fdb
global_step=10688 | return=-80.43 | steps=91 | track=63163ae776e81bd5a1a33f2ab40a52d5
global_step=10816 | return=-140.55 | steps=131 | track=bcb8b21dec37a197807e106752c373e5
global_step=11344 | return=-183.61 | steps=249 | track=999dd322074cdab2f930f40ed60c6db2
global_step=11488 | return=-5.47 | steps=67 | track=a7ace4a73048f04b7b6bcce4ceb0a35f
global_step=11552 | return=17.23 | steps=65 | track=f26f1f058b435d3f072152a86345abb4
global_step=11552 | return=-113.53 | steps=135 | track=5fb735931c315d6672c2d145437f575e
global_step=11568 | return=-4.80 | steps=64 | track=e9b5158912a2b33546503001002cf998
global_step=11584 | return=-144.51 | steps=131 | track=007734a89e564dfd08c7e7021a12ff8e
global_step=11616 | return=-154.81 | steps=130 | track=38e03dbf5e81ac7e146021e1c49cfb35
global_step=11776 | return=-170.00 | steps=130 | track=5893d37869fbde9571cace96b7580185
global_step=11904 | return=-135.37 | steps=131 | track=7d69ff7ac59ba3f653ceca633e382161
global_step=12112 | return=-61.24 | steps=47 | track=817ce09f6e053ea328a218ed627f469a
global_step=12288 | return=-168.88 | steps=131 | track=fb2e802c5e71c15baaaaea50920dbcf3
global_step=12496 | return=-63.28 | steps=148 | track=c63288ebab1b1d11949544b45f0e8f56
global_step=12576 | return=-24.10 | steps=63 | track=cc86bae506c82a6f89c681704cb59be1
global_step=12656 | return=-146.93 | steps=131 | track=56dda1aba4a821d7d4726982e7c4d892
global_step=12784 | return=-23.93 | steps=62 | track=99e222d02c1f883069d46722ec0b9879
global_step=12800 | return=-144.83 | steps=131 | track=25be1101a2668d11e8dbf05da6231d17
global_step=13056 | return=-101.23 | steps=149 | track=a7c2cac4b7bb12d7648780a334210d34
global_step=13088 | return=-21.62 | steps=60 | track=dfb18bff578cbcef4402a18f157c8919
global_step=13152 | return=-161.51 | steps=145 | track=6f071473eb37c1b58cb3720bd84a8793
global_step=13232 | return=-21.57 | steps=45 | track=3f369c9d5ebafa0d1b1fb0fd7f6c4741
global_step=13376 | return=-122.39 | steps=190 | track=a8f6f3c93be9c02b38919d4540d8d762
global_step=13664 | return=-160.89 | steps=131 | track=1acf3211833db39b55471682ad520876
global_step=13680 | return=-15.71 | steps=68 | track=9da36be363f998d80c3969f6fb3b07e6
global_step=13696 | return=-144.12 | steps=132 | track=5aa462389979cbb0f3cca63ba84f35bd
global_step=13904 | return=-155.62 | steps=142 | track=1c69cea0dc5404ac5c73e873d734336a
global_step=13920 | return=-150.44 | steps=151 | track=a71206666519b2cc4cd67e092c31af80
global_step=14016 | return=-148.77 | steps=131 | track=541b94e6b782d92a0a259ebf85244656
global_step=14144 | return=-103.25 | steps=159 | track=b1baad6065b6595ac78c715fe27d696f
global_step=14336 | return=-8.17 | steps=68 | track=7c82a037b6ae03e5e0da4ebbafc4c870
global_step=14560 | return=-119.13 | steps=109 | track=2983f2f7aa35e4a7cb463afea743bb8f
global_step=14672 | return=-63.81 | steps=46 | track=07c006279392025c7eaaf156948d72cb
global_step=14704 | return=-131.83 | steps=102 | track=5e01a9c21ccbb8e4dfa4ed3001bb6280
global_step=14720 | return=-13.54 | steps=64 | track=3040acd3c68e7c4cc7e1b5cbeeac2580
global_step=14768 | return=-146.42 | steps=131 | track=7132a43bf92a71e6aafede6a6ca7dccc
global_step=14896 | return=-136.86 | steps=131 | track=19a8950d3172d80bc4307d4be0aa41ca
global_step=14976 | return=-69.10 | steps=81 | track=f6b1f85861a45252a60b19b2092d5ca4
global_step=15264 | return=-152.45 | steps=131 | track=d6aee793959f874c6016db4b14122a01
global_step=15424 | return=-134.85 | steps=145 | track=c2adfbfd72dd19f8cab4b201f588722e
global_step=15488 | return=-132.75 | steps=131 | track=06e44af57fc0d792b5ffef0d96ab956c
global_step=15568 | return=-58.66 | steps=53 | track=ead5bc564df58dbbe72067e0acc9e1e1
global_step=15792 | return=-140.66 | steps=130 | track=1a4a3cb2d2dd425bd3e7eb958bc1c221
global_step=15920 | return=1.93 | steps=74 | track=87adc75b6fdc816e11473138bf0d399a
global_step=16016 | return=-144.71 | steps=131 | track=51df554d8ee89dead5d2fa61030caa21
global_step=16128 | return=-150.40 | steps=131 | track=82be1a6ff3022b5494c5e9a4a87f2cf0
global_step=16256 | return=-134.59 | steps=131 | track=335d2f231c7750d68404c4efe81c45e7
global_step=16384, SPS=88
global_step=16656 | return=-146.10 | steps=130 | track=906ddfe78237eaee5770a8e112f29978
global_step=16768 | return=-64.77 | steps=93 | track=8aec9977f16685e5d8ad449819acf632
global_step=16784 | return=-162.31 | steps=131 | track=89dc0cff727dc199b88d5b36fd5498af
global_step=16864 | return=-40.39 | steps=45 | track=db56991ad1b4c160c46189c9b7bad9a8
global_step=16880 | return=-139.18 | steps=131 | track=9f8f949dadcd382d460332b4a303dd1d
global_step=16992 | return=35.09 | steps=66 | track=97c6e057eb15d513f91fa6b7a31a8e2e
global_step=17008 | return=-141.66 | steps=131 | track=af60addc00d6f4c70d7dde6fdcedbd83
global_step=17088 | return=-143.83 | steps=131 | track=13c02abe11a910ae361301e4dc7e5b8f
global_step=17168 | return=-72.11 | steps=71 | track=b6c4d7e3566df41e7ee35a2e75234c70
global_step=17536 | return=-139.18 | steps=131 | track=b06baa033245199e1721e12330e5c2da
global_step=17584 | return=-88.82 | steps=82 | track=699e083757a2cb83cefae8d54fe68fab
global_step=17600 | return=-143.59 | steps=131 | track=9ce9e83a1fd7270316ad7e05105b5f79
global_step=17888 | return=-106.19 | steps=130 | track=4cc45294fed5e46dbeffa05063a294f5
global_step=17888 | return=-10.83 | steps=63 | track=6af9fe457e481509c0dafb5790a9a60d
global_step=18080 | return=-90.09 | steps=156 | track=add5497391e175a2492003f4f7b08d11
global_step=18096 | return=-9.98 | steps=62 | track=1555b01cdd8bc03b2f8e2a021c95e745
global_step=18160 | return=-94.75 | steps=238 | track=0131454840adf16fdca8789e3ffa733b
global_step=18720 | return=-106.62 | steps=401 | track=5482149576d658c82a5c8d5b891f8d6e
global_step=18736 | return=38.89 | steps=70 | track=94f068dcd74b8cec37191f6aa704fc89
global_step=18768 | return=-130.08 | steps=131 | track=33353edffa42b95b904c6c6c4eab680f
global_step=18992 | return=-91.03 | steps=90 | track=5a37efdbfe1b392da31d0d7a1887d08a
global_step=19040 | return=-101.48 | steps=141 | track=206cf31ebcc7e13c1a4824b42931e0cc
global_step=19088 | return=-148.05 | steps=130 | track=b273d5c1e39cf254ced33a7d2a43bf52
global_step=19120 | return=-146.67 | steps=131 | track=03875fa88068191535e65e6ee9a0fa23
global_step=19280 | return=-146.86 | steps=131 | track=9ce41643c35ae2354eaeaa8870f512f8
global_step=19344 | return=-85.03 | steps=159 | track=95d5659d15ee1303116a5e9b1bd0f256
global_step=19520 | return=-24.04 | steps=48 | track=b033a4f4103004408c2764df2502f5c1
global_step=19552 | return=174.28 | steps=86 | track=6f6280a11d85ad6d57fa8121b002af88
global_step=19680 | return=-146.30 | steps=130 | track=7be1579b0202bde95f0a335c9ca1df5c
global_step=19968 | return=-5.96 | steps=54 | track=dda54aa4db8c051fe41c0d7880aff204
global_step=19984 | return=-61.92 | steps=53 | track=c69b3a8ce7db00e91bc103b6125536d9
global_step=19984 | return=-150.90 | steps=130 | track=b98a0bd40c9a91b6cf7447f6f2cbbd96
global_step=20000 | return=-146.20 | steps=131 | track=2544174989a88ddf04b80fb7d0965745
global_step=20192 | return=-151.41 | steps=131 | track=fd1a5a2626fd0ee6e90e7e22e264b099
global_step=20208 | return=-156.65 | steps=131 | track=cd2d59ea22b3097a688e38e350dd4430
global_step=20672 | return=20.38 | steps=71 | track=b6126d39214333846ef77b3816dec7cf
global_step=20736 | return=-54.50 | steps=47 | track=632c7ce8d83df9427ac36134d136df94
global_step=20736 | return=-15.64 | steps=65 | track=07678680b8cd8ec8cab20d99ef167e04
global_step=20832 | return=-149.77 | steps=131 | track=fe04ccb59b4d8283716d03e88ed4662c
global_step=20864 | return=-61.87 | steps=94 | track=abc40fce91a52ca724e88c5182cb3239
global_step=20880 | return=-149.91 | steps=131 | track=18dcf4e19bef005859c861c652cb8b30
global_step=20896 | return=-96.21 | steps=118 | track=863b0f3034f4f0fbab1552d53ced0594
global_step=21152 | return=-137.56 | steps=131 | track=8f49cdb339c46ffca9f5d17e77ddf296
global_step=21312 | return=19.49 | steps=68 | track=8efa8026bb64b405735dbcc36cf41a13
global_step=21392 | return=-143.62 | steps=131 | track=8d1ee8e03b96b5f19166e38221ca0c85
global_step=21664 | return=-144.78 | steps=131 | track=d3bcc1752b6c993c4830e78d0720743b
global_step=21808 | return=-7.72 | steps=66 | track=ff2084f435b0b7181d265e947ab481a8
global_step=21904 | return=-255.69 | steps=313 | track=b52ec0bcb56beebb0880ed54985c23dc
global_step=21952 | return=16.36 | steps=66 | track=80777ca1db1ecb9ceadace044a8c0ff8
global_step=21968 | return=-27.37 | steps=70 | track=d44db2215ae4289f2e5dee6f76d61668
global_step=22080 | return=-102.77 | steps=117 | track=1e0775198d0b8eed5649734891d7d57b
global_step=22096 | return=-156.01 | steps=131 | track=64d5d3566fdb5b5e684e7f9eabfc4500
global_step=22096 | return=-161.63 | steps=131 | track=eb0acb70793cb8e4f8003e53732f7fa8
global_step=22112 | return=-106.20 | steps=89 | track=88d0c28c289e9de69a7173e47986a366
global_step=22112 | return=-149.55 | steps=131 | track=79682ca97a38cc046020c101311b7d66
global_step=22192 | return=-26.40 | steps=64 | track=290df82e183a8ed653fa920616443b05
global_step=22256 | return=-20.55 | steps=86 | track=9e9bc0d4557f812646fa24ded3f496ad
global_step=22848 | return=-140.55 | steps=131 | track=1bf7232fa493d0e534ec41207e48c276
global_step=22848 | return=-69.88 | steps=45 | track=a6c64736fa2c5a6bde4a8071ffd21ef1
global_step=22960 | return=-47.55 | steps=102 | track=b9518c0fd51c7c8128a9c7c4cd04ff67
global_step=23008 | return=-146.59 | steps=131 | track=a4dfc765f7391ede1a079ed12bd4c2f4
global_step=23184 | return=-51.53 | steps=67 | track=994dc6f25bf4532cdc3267be525a6847
global_step=23504 | return=-141.51 | steps=131 | track=9bac5f8223586fa0f3f64fdb75cb1669
global_step=23552 | return=-109.12 | steps=89 | track=3f51abc6a4f3b45982221e211cc54659
global_step=23776 | return=-134.10 | steps=131 | track=399007f6bec912f81b4edc028a54c62c
global_step=23904 | return=-137.26 | steps=130 | track=be86b92f9c1699d517be9de33bcef156
global_step=24016 | return=-124.76 | steps=131 | track=371f53fc637ba8ae8039197f41609537
global_step=24048 | return=-164.18 | steps=130 | track=bd59ff928951cefa49f5d7396fac5906
global_step=24192 | return=-145.03 | steps=131 | track=0625a420edc67e2155f059cfa7e2d899
global_step=24304 | return=-139.56 | steps=131 | track=9ebd5598468e03a9de01556195513ba6
global_step=24368 | return=-146.61 | steps=131 | track=743566a753615fb90446bf1c1e7ae126
global_step=24736 | return=-184.36 | steps=172 | track=194ae3554c64627a0c4238999d83eca6
global_step=24960 | return=-146.72 | steps=131 | track=624b82b35e167f32bba6a34e466e4217
global_step=25024 | return=-112.89 | steps=135 | track=d83be830111b7338ebbd4ce788203356
global_step=25072 | return=-161.56 | steps=131 | track=c3004c3a4913e72885b91a5877028f6b
global_step=25120 | return=-147.36 | steps=131 | track=91f3521576a216a7049b8e84d53fa100
global_step=25296 | return=-141.06 | steps=131 | track=e750b773e2b946faf9395be2bc2b1e5e
global_step=25600 | return=-164.24 | steps=130 | track=95f8016b0b3cf0eb5410ddbac060e8d8
global_step=25648 | return=-155.10 | steps=130 | track=8ae2cc3ea3e86d9549f8d7d38f24952d
global_step=25744 | return=-106.54 | steps=96 | track=5ba50cfcdb7d61a4b72939818e9a8301
global_step=25872 | return=-151.88 | steps=130 | track=23e2dfe84ff8dbef65975449ad072fdd
global_step=25952 | return=-64.38 | steps=240 | track=1c6bd9821a171791491e2c3dd7e4b538
global_step=26016 | return=-144.27 | steps=131 | track=d539b11475b6b8a81191d84228be1370
global_step=26128 | return=-135.82 | steps=131 | track=9225025e78e4e83cec2d4f6031c86276
global_step=26240 | return=-18.35 | steps=69 | track=63d8b8ab88c4e7a10bb9102167ce6602
global_step=26400 | return=-143.50 | steps=130 | track=551683f36191742d6ae6c10a06058893
global_step=26480 | return=-117.06 | steps=108 | track=6b0f7ba19b5ee7ef4dda5a96b42fe7f9
global_step=26768 | return=-80.26 | steps=149 | track=2bf8b23aaaaf8c78fadd0db2a2a0fe00
global_step=26784 | return=-116.70 | steps=92 | track=f59d0ef042afff3fa33796591958294b
global_step=27072 | return=-139.18 | steps=131 | track=b41818def142bea358a2f6eda2b6172a
global_step=27088 | return=-81.40 | steps=89 | track=5d6318089fc9796545cc147af28a5317
global_step=27136 | return=-145.00 | steps=131 | track=0a0fededcb92f0b71e45375953c9a64f
global_step=27712 | return=-152.49 | steps=131 | track=9525c879c154c2d376a1adfbabcbee1b
global_step=27824 | return=1.06 | steps=65 | track=0f441231b38d31af5b81e8e9635de006
global_step=27856 | return=-155.28 | steps=131 | track=563f7104c21de89cd4ad18c0d5098727
global_step=27872 | return=-96.56 | steps=108 | track=4c6df0f5ce07c4cb66c95b96cd2fc086
global_step=28128 | return=-148.71 | steps=131 | track=b2e91faaedab9186a92536aeb6cd2e3b
global_step=28304 | return=-95.44 | steps=151 | track=69b73875677678128174eb19669fe619
global_step=28352 | return=-172.33 | steps=131 | track=263a48fffbf39301474c1321b450e53b
global_step=28368 | return=-77.31 | steps=40 | track=bb791a5ea0813f734ed2ca6ae276629c
global_step=28400 | return=-57.94 | steps=152 | track=da2a80fee104dbb1afaaa462d9ee8336
global_step=28592 | return=-150.68 | steps=131 | track=8c216c5ac2eb4844861bfa68c5fc53d2
global_step=28592 | return=-156.68 | steps=219 | track=7c7e9a1323c2004f8dafa5b4c0b1b4fb
global_step=28832 | return=-75.94 | steps=151 | track=46e2994464ee1ba4ee9964db1e8ce801
global_step=28928 | return=-7.24 | steps=65 | track=cce5cca04e14aff3e08a82cf6c5c1015
global_step=29040 | return=-159.30 | steps=311 | track=41ecc3252dcf2cca8e49ac55919ea63c
global_step=29168 | return=-166.07 | steps=130 | track=881da6afab0d125ffca06626dcf97730
global_step=29200 | return=-143.04 | steps=131 | track=4884911bf9743c8d809957f2fd1b04c9
global_step=29232 | return=-150.30 | steps=130 | track=f085a0e160f3153deff5be8fa64dc14a
global_step=29392 | return=12.07 | steps=64 | track=b3d07a1329d7c341c01b6992b05b5237
global_step=29424 | return=-27.82 | steps=164 | track=996a08deddf0b805d32da87f1b1c56ed
global_step=29632 | return=1.68 | steps=64 | track=759450b6eb63dd8db8aa8075aa1a56b1
global_step=29968 | return=-155.83 | steps=131 | track=0f4a743ac5c6b51bec8077bd4610d5d0
global_step=30240 | return=-120.28 | steps=131 | track=05473582f08afb8e03c0a5c13801a4b2
global_step=30336 | return=-56.93 | steps=56 | track=4d5d36c753b5e9bf7232dc9168450819
global_step=30416 | return=-170.51 | steps=131 | track=66ac7a34fd39899e409fb5d85cf529da
global_step=30464 | return=-166.88 | steps=130 | track=ff410582f7622c6c935d45a70b6080f9
global_step=30512 | return=-135.93 | steps=131 | track=db7ed6454965349f9ccb48a3061f0244
global_step=30576 | return=-76.63 | steps=95 | track=bd880984e7f05479b61f56f7acdd925c
global_step=30640 | return=-102.43 | steps=62 | track=90b7806c1f2c40e7bef85e33064931fe
global_step=30912 | return=-130.95 | steps=106 | track=92dc1b6a2fda91a343816cde262b42e7
global_step=30944 | return=-163.85 | steps=131 | track=7455c3d0b4ee53c853690f761f6cd81f
global_step=31040 | return=-149.91 | steps=131 | track=6d4ef1b3df72f68599b773e7cdf37a4f
global_step=31072 | return=-207.26 | steps=202 | track=84b4d1b630fb8465453b23151802f22f
global_step=31392 | return=-96.16 | steps=138 | track=204349241c07086031c385ef0bb1cd21
global_step=31488 | return=0.90 | steps=60 | track=992b943d20e9f98e76c627683f2e51bd
global_step=31504 | return=-156.90 | steps=131 | track=c21257a86a5a7e9d2ec6e004f8b040e0
global_step=32080 | return=-147.82 | steps=131 | track=7bc203e8a1733ff7ba4a3d037ce31783
global_step=32112 | return=-9.31 | steps=219 | track=bec32d3eafffd1b63b8456f2d101df8e
global_step=32320 | return=106.30 | steps=192 | track=fe8538ed637e6f1f64222a117e8f067c
global_step=32432 | return=-1.75 | steps=130 | track=38a2e55c514aeec500cbd6785a334387
global_step=32448 | return=-16.85 | steps=65 | track=b8be23dbdee48298fcd5ac4cfa7b1aea
global_step=32480 | return=-100.41 | steps=139 | track=577562e8be41ba29b85312f69e8287d7
global_step=32528 | return=-124.76 | steps=131 | track=be6c2f779a4659815578f9f7e1eb3800
global_step=32576 | return=-149.92 | steps=131 | track=a3862e3c95a52899bb560e35c05260a9
global_step=32688 | return=-150.59 | steps=131 | track=244b93dfb7790978aac58acd4d3f055e
global_step=32736 | return=-148.42 | steps=130 | track=7ae2d9c9105e8c14fd2defce506453b1
global_step=32768, SPS=78
global_step=33024 | return=-150.80 | steps=131 | track=9ec5e0f67ac66fa63dbb7154467445d7
global_step=33152 | return=-110.78 | steps=131 | track=c51fb97afa0b8c8ce4bbe39382947a62
global_step=33168 | return=-148.06 | steps=130 | track=8b380a54c58cdc486353bbc2ed10ae8f
global_step=33248 | return=-127.40 | steps=109 | track=a29bc37993d0b187fbb9e42ec9085c01
global_step=33392 | return=-59.43 | steps=152 | track=15a4d1ec96ca95ab0d2f57461e484279
global_step=33408 | return=6.25 | steps=67 | track=25dcff518619b1fd24216d7cbde29710
global_step=33616 | return=-163.81 | steps=131 | track=83d8c193868ccaf0975b403c79c5cd80
global_step=33680 | return=-0.76 | steps=68 | track=861cecec8f14dbf50359c839bf9b35cf
global_step=34096 | return=-39.36 | steps=57 | track=babef61a39b37f96cf47a189ef6fcce0
global_step=34192 | return=-148.25 | steps=131 | track=e7a01472085913a9b801806608b8d75e
global_step=34528 | return=-147.98 | steps=130 | track=342bb0d8ddaf848f45184eea82a779a2
global_step=34560 | return=-154.50 | steps=131 | track=606507fd2d6633e1029e2d940598bc2b
global_step=34576 | return=-171.41 | steps=153 | track=02d51a112970ead9973b1cf9c5713738
global_step=34592 | return=-151.21 | steps=131 | track=ed6250249878f579ea209661965ab488
global_step=34640 | return=-153.16 | steps=131 | track=d6004ee916fca0de76903f9db1ce6406
global_step=34800 | return=-134.97 | steps=131 | track=8152d7c4d62d30a73848552dbb10e5b0
global_step=34832 | return=-150.38 | steps=130 | track=5e7a444bf6a995c32798f96167a1d580
global_step=35136 | return=-143.37 | steps=131 | track=55c4339e6eee031d142261ba75ae8ea2
global_step=35280 | return=-27.77 | steps=44 | track=7865c3f518cd3c850b67a9de2923df71
global_step=35328 | return=-107.08 | steps=135 | track=12a81d8859e04969d71ebdb6aa2a8b67
global_step=35360 | return=-148.53 | steps=131 | track=7280e7b1e46bc78884c2d67547400c76
global_step=35488 | return=-23.42 | steps=80 | track=db010f61581a8fdf609d04c582470573
global_step=35504 | return=-157.20 | steps=131 | track=e3bc167982041161c5a77fdc9121a239
global_step=35728 | return=-148.91 | steps=131 | track=6f1b96803aab4c4a9259774785eab093
global_step=35744 | return=-78.15 | steps=145 | track=76cdac86e6e13fb27a0aca46e82d8794
global_step=35792 | return=-151.21 | steps=131 | track=db38821356d7fe90995aa87b75d850ba
global_step=35872 | return=9.85 | steps=83 | track=a34cffbf1a45899120205f9c3256880b
global_step=35920 | return=1.25 | steps=69 | track=976c0c658870d9fbf62580b7a1f0b893
global_step=36032 | return=-55.89 | steps=46 | track=33e4e4f331bd3507c2b9f34a6a4427f4
global_step=36192 | return=-49.43 | steps=42 | track=925800af921df43d8e5b8a05b5d25337
global_step=36208 | return=-143.37 | steps=131 | track=32873ae066db0d27d87b8e4f9db2e73a
global_step=36368 | return=7.35 | steps=64 | track=dd14e7e0e5bfc0b82260ae56ba0bebd9
global_step=36704 | return=-149.80 | steps=132 | track=1a9177186dbba419830b5cd0d933a622
global_step=36704 | return=-148.47 | steps=131 | track=1e919aae6af7c83f1156a16fa3433844
global_step=36752 | return=-155.83 | steps=131 | track=b06947bc5730f6f84543c2c7662d1109
global_step=37072 | return=-45.02 | steps=71 | track=117c1917f6d2b813db22c7b27b5497f2
global_step=37472 | return=-153.33 | steps=131 | track=60ac825132d106a1359d466ed15eadab
global_step=37504 | return=-72.24 | steps=49 | track=aa4e146dcb3553b0d35611d79037bfbb
global_step=37600 | return=-153.91 | steps=131 | track=cc903db801c65a26920cd851fa2e1a6b
global_step=37776 | return=-143.58 | steps=164 | track=014c360e23563bcba114fee28ed26720
global_step=37840 | return=-133.72 | steps=131 | track=a32b8870b9cee220bae6039bc5567980
global_step=37856 | return=-128.61 | steps=131 | track=6db60592b348c9fbda8ce1c02ca9eb9d
global_step=37904 | return=-150.10 | steps=131 | track=820b478b47b41ab9f41da2fbca61d56a
global_step=37920 | return=-110.33 | steps=127 | track=97a7209a865f3b1d0ec495c70997e7f9
global_step=38304 | return=-142.47 | steps=131 | track=af88d6583ec7eb807964331749385d1e
global_step=38320 | return=-149.44 | steps=131 | track=2895c4589b45941e5e0fca4f0e7c57da
global_step=38464 | return=-142.70 | steps=130 | track=c5d589d5b3b9e9a2cb7319376c4d8745
global_step=38480 | return=-52.82 | steps=152 | track=8a4c091311a7efcd0488fadeb64976dd
global_step=38528 | return=-12.58 | steps=65 | track=6ed4f22cf8ba5e3f71568723e5243741
global_step=38576 | return=14.42 | steps=66 | track=9b65003c5ce9dcbd93d5ca9dcc6e15be
global_step=38736 | return=-107.47 | steps=126 | track=e09e5c4e7ee919bf89ef09280db60952
global_step=38848 | return=-3.06 | steps=62 | track=351f08c928487b6fb623e8382bd0ea02
global_step=39184 | return=-141.95 | steps=131 | track=a93020987985378455b7606e369e2253
global_step=39568 | return=-55.34 | steps=295 | track=e602f0b6046c4d070b217bcef13857d9
global_step=39728 | return=-49.64 | steps=121 | track=57322700c034df21e66efcf20697ea15
global_step=39968 | return=-144.10 | steps=131 | track=ba39d850c6dc4a826f4f253057e0e1d2
global_step=40000 | return=-148.23 | steps=130 | track=42e4c604e0a3235257491650c11bdf49
global_step=40032 | return=-144.91 | steps=131 | track=bbf122c5cdc792b8275372ce3c6be4da
global_step=40416 | return=-150.10 | steps=131 | track=154a48141fb214e54c24e08efb5cd522
global_step=40416 | return=-149.00 | steps=130 | track=708d5d63a30ffc4b87b085b806e1d39e
global_step=40640 | return=-141.95 | steps=131 | track=fe1aee89c8d648e79c9ba13ad44058a8
global_step=40704 | return=-149.71 | steps=132 | track=5d5b7bcb915d4135956e9c3d4c639fd3
global_step=40800 | return=-7.46 | steps=76 | track=136c6ac396a5d23cbf1efae357980a71
global_step=40832 | return=-140.78 | steps=130 | track=ec15f37037b8bd69d0f466ceb524a4a4
global_step=40960 | return=-137.50 | steps=131 | track=308cac1808972e283603b0c3fe911fed
global_step=41120 | return=-139.01 | steps=164 | track=75a278fb8b3d879b0748268fe0443db8
global_step=41280 | return=-110.23 | steps=130 | track=ec1c3958d1f5b85ae21ecfabd030644e
global_step=41520 | return=-44.20 | steps=44 | track=1b15cbf1c6d32a750430460341bbdd14
global_step=41728 | return=-12.64 | steps=63 | track=76984aeb6b6f758886a13b42b7b197db
global_step=41824 | return=-139.97 | steps=130 | track=a0639d220204eaf2f640cd76b74c5e46
global_step=41872 | return=-12.95 | steps=64 | track=6744f30c6b6cfbc3de9a1a8ac21cd9b2
global_step=42064 | return=24.58 | steps=102 | track=ec81d507a3130e00226b50d870a156e6
global_step=42080 | return=-146.60 | steps=131 | track=440f021506b6aa531e194dced7021ad2
global_step=42112 | return=-143.23 | steps=131 | track=6debfe6e9e53aaefce0d5048b1edff63
global_step=42144 | return=-148.91 | steps=131 | track=b1b44c8c5b5a7d16dac01fb801bc4251
global_step=42528 | return=-145.48 | steps=131 | track=5574430b5b367bb4723f591d67897932
global_step=42752 | return=-145.31 | steps=131 | track=01df7c4725e7042329f13daf6c54bdf9
global_step=42928 | return=-12.84 | steps=65 | track=458086c3a8e6d8d8b46f487402579a7b
global_step=43072 | return=-149.91 | steps=131 | track=fe902958619bf6994db8f9b2784fd82a
global_step=43488 | return=-28.46 | steps=313 | track=9fb5818e330d158710a5589fdc3d23db
global_step=43504 | return=-66.54 | steps=148 | track=f758e3adbe54681b02f15cf5ab565afe
global_step=43632 | return=-144.01 | steps=131 | track=89cec3bc794557297f21f9d757cf273a
global_step=43648 | return=-98.02 | steps=147 | track=d369b5fbc4ce83d7a6b3200ac528dd7f
global_step=43840 | return=-144.49 | steps=131 | track=127b3a6e9ce952c957647946f1817a0d
global_step=43936 | return=-148.91 | steps=131 | track=867485c130fd4b1906c96eae9b463734
global_step=44176 | return=-150.97 | steps=131 | track=108c79360b1d06d124ee6c8ca22bf219
global_step=44192 | return=-164.04 | steps=131 | track=457b5ed7ae347a551ca6a00842282723
global_step=44224 | return=-132.90 | steps=131 | track=9841ee037d11e52fa627a216b2f121e6
global_step=44240 | return=-178.02 | steps=130 | track=6c6543b4e2334956c870d74d702c5b29
global_step=44416 | return=-125.92 | steps=117 | track=bcaa281eb1cc065b06e24d0260f7b5ef
global_step=44640 | return=-259.58 | steps=492 | track=66fb3b8b8e02c17df3820c275d38e4e4
global_step=44720 | return=-10.46 | steps=67 | track=4f012f118d43cf4b61dad47995743ce1
global_step=44864 | return=-148.87 | steps=131 | track=c2916b52dc6534c93485df31a6b2e9f1
global_step=44960 | return=-71.87 | steps=47 | track=c984425bc9091b8f854c1608d0e95c5a
global_step=45040 | return=-31.72 | steps=49 | track=15beab2c855bbc96779486a4a9a7dd3d
global_step=45104 | return=-55.70 | steps=135 | track=2e7d9e48f88e855d7062596d6c496fe9
global_step=45184 | return=-135.70 | steps=131 | track=f381ae12b1390c4a173532162f6098ae
global_step=45264 | return=-258.33 | steps=478 | track=e7761a6fa3cf650a13f6fe9e9c281a4e
global_step=45280 | return=-55.75 | steps=53 | track=f5caac964d1113df358f874732149153
global_step=45600 | return=-150.87 | steps=131 | track=34c24199b4a503f0bbcc144c190de2ae
global_step=45648 | return=-132.62 | steps=133 | track=e6ae89e5a5965749ac273f3a615cbcb2
global_step=45744 | return=-138.70 | steps=130 | track=6b573ad46c377d010143a999ff10813b
global_step=45952 | return=-133.77 | steps=131 | track=ef7472ccc3418f166c3f26ca139babe9
global_step=46000 | return=-47.39 | steps=50 | track=b753723d6692aaca2ddb90243b332bd0
global_step=46048 | return=-151.87 | steps=131 | track=cf3f727b23fcc2ff88f67fba02f4165d
global_step=46256 | return=-18.25 | steps=61 | track=0b2f467d800303e30f02e121374044cc
global_step=46288 | return=-158.46 | steps=131 | track=17e89a5c6744f61af20342ecf6bcf6ff
global_step=46336 | return=-152.45 | steps=131 | track=fa401c9fa8974faaa466aa3dbb47142e
global_step=46736 | return=-66.85 | steps=90 | track=f2721e1a655f9b3b716febb15efba7db
global_step=46800 | return=-55.29 | steps=71 | track=f8bc54f9f0d23dbb9fb394bd10e54dca
global_step=46912 | return=-127.63 | steps=141 | track=7841532c192d8fd6d0218610adda4c35
global_step=46944 | return=-34.23 | steps=74 | track=b014918b98798a442a602c5cadf597bb
global_step=46976 | return=-0.96 | steps=63 | track=548060f98a0a7e236281e2e6b0b6f6a0
global_step=47072 | return=-159.41 | steps=131 | track=2f9b63f7c49a5951fbfc92454ba017a4
global_step=47152 | return=-157.40 | steps=131 | track=6c74f64201de7ef8a026786bf389e2eb
global_step=47168 | return=36.48 | steps=69 | track=184c2872be2c835e721fb823c53580d1
global_step=47216 | return=-147.41 | steps=131 | track=6a1397d8de1c6e4618f0a76b522e0807
global_step=47232 | return=-125.30 | steps=147 | track=f1f7fffdf950c313a3ee896772c57e9c
global_step=47616 | return=-92.24 | steps=125 | track=617f317f792702acdaa29b90cbc65852
global_step=47616 | return=-5.56 | steps=82 | track=7bd34de308928b7c4576545b45c55d52
global_step=47632 | return=-52.50 | steps=42 | track=38f273c300b7969d4ff04273026b3691
global_step=47872 | return=-5.45 | steps=66 | track=c44b3b6e5bccc8a885781bbc942f95b8
global_step=47968 | return=-50.39 | steps=46 | track=321f6f408ad29ba321e09b46cd04e9a6
global_step=47984 | return=14.70 | steps=66 | track=c372d9f6a87533edbbd33e6dd8cd968f
global_step=48096 | return=-162.69 | steps=130 | track=2f53eba20c284ce973566a0a797811fb
global_step=48128 | return=1.15 | steps=65 | track=f96687239d13567e002c39037a7a2084
global_step=48144 | return=-52.43 | steps=112 | track=b0d7e0d8c2337a3a45e97529de0efb18
global_step=48272 | return=8.36 | steps=64 | track=8bd1d4b95133ea87666818edecf27bb0
global_step=48640 | return=-121.62 | steps=244 | track=a1bb62e2f4e5b805d61840ee2085141a
global_step=48736 | return=-69.84 | steps=97 | track=a432ca3e4917a37e34695cb8af2f586a
global_step=48768 | return=-31.24 | steps=71 | track=439fca0bd8d0bc52b4f563223da9bffa
global_step=48848 | return=-153.42 | steps=131 | track=471e6a584c902ed3f50253f70ecbe35b
global_step=49024 | return=13.61 | steps=65 | track=5eaceb8b1f54f6a8f001dea16752a481
global_step=49152, SPS=76
global_step=49168 | return=-7.02 | steps=66 | track=1bd11ef02a1f1ba3b5cc1be615b67903
global_step=49264 | return=-146.90 | steps=131 | track=863a1b7ca1b42493817b3508741f29b6
global_step=49264 | return=-118.60 | steps=101 | track=78b1c390c01b0b663c46693ecfe3775d
global_step=49296 | return=-70.10 | steps=144 | track=506830b8207da9c2a915ea93cadc0c4d
global_step=49488 | return=-59.41 | steps=44 | track=7b8fc7159dad9ac888364eaf3585dfdf
global_step=49728 | return=-157.17 | steps=131 | track=699fc2cc18cf1e2e17f5dc72131452b2
global_step=50096 | return=-156.38 | steps=131 | track=4b9fa3bebb2936c4faef1cc532b750b5
global_step=50240 | return=-142.17 | steps=131 | track=e9e0f4c4fb0eec4bf4af2790383d16c8
global_step=50240 | return=-140.02 | steps=130 | track=789dbf74df138677b3d666bad4a87613
global_step=50256 | return=-31.96 | steps=61 | track=4d1b37488d9cb955e16f3ca3b61f83fe
global_step=50304 | return=-19.10 | steps=62 | track=b818376bf5ccec89daf1811d2bd59f34
global_step=50352 | return=-55.24 | steps=154 | track=f4dfcd7e8046854f892a917307ac602c
global_step=50352 | return=-71.28 | steps=93 | track=516789c047f48bed55a8692f29225407
global_step=50448 | return=-106.47 | steps=261 | track=36eee19fc14ad302a97da92eb54bf63c
global_step=50752 | return=-142.39 | steps=131 | track=39c5919ac777ed0fa3b9e8dec63145b1
global_step=50800 | return=-107.97 | steps=101 | track=3cbd8718575f7f19b3fdb173e06e0b58
global_step=50848 | return=-132.29 | steps=131 | track=2b5d8cbabce4bd7f6647044283348f07
global_step=51280 | return=-29.60 | steps=140 | track=264c756314883691162dc65ca5c2091e
global_step=51360 | return=17.89 | steps=69 | track=00aa838c36012648759e5b6f40f6a3f5
global_step=51600 | return=-148.53 | steps=131 | track=e8f191481de5c9e2e4de5e80f473187e
global_step=51648 | return=-99.00 | steps=74 | track=a9c9e24b91c1c1d0db45226e0622b163
global_step=51696 | return=-77.73 | steps=151 | track=ba49f930ff9f2b00deb584508d1e5b35
global_step=51840 | return=-128.70 | steps=131 | track=10cc3f615187a6598dfa3a4e3a919e9d
global_step=51984 | return=-116.34 | steps=117 | track=c4546b91b3f3a87c95c4afee4685e4ab
global_step=52352 | return=-163.70 | steps=130 | track=5eb8c7073a7527d7a3b758c16f80c7cf
global_step=52352 | return=-161.30 | steps=131 | track=f495a92f6ad2eb2114fbfc8989fe533f
global_step=52416 | return=-160.51 | steps=131 | track=88cdd3140c33a6874050eb8f3b6d2333
global_step=52448 | return=-9.67 | steps=67 | track=f9e91c21821b8ac4465c4860ca9f275d
global_step=52464 | return=-148.09 | steps=131 | track=7c7a3b56355a42b17a557b9b41817510
global_step=52464 | return=-137.47 | steps=131 | track=571b0921743790bedfb73feaf423514a
global_step=52848 | return=-156.08 | steps=130 | track=f9476c217512f22172d9dcda1ac72963
global_step=52896 | return=-161.11 | steps=130 | track=d8f79fcd47a183f03a524e6df5bc5bf8
global_step=52960 | return=-139.66 | steps=131 | track=1d1008a76e3f8f317afeb2e63f83c03e
global_step=53008 | return=-1.77 | steps=63 | track=d77d7538a1f40a97caf4afa6a63bf89b
global_step=53328 | return=-114.21 | steps=101 | track=6b732fb57cf4de9945b198d0faafc5a8
global_step=53392 | return=-149.51 | steps=131 | track=398af2a403179610c8680940ec5e9023
global_step=53392 | return=-229.60 | steps=319 | track=156d34d21233ecf8da82698e31ae37b5
global_step=53712 | return=-156.49 | steps=131 | track=c018c3861490b8637eb2eae8723947ed
global_step=53728 | return=-46.03 | steps=78 | track=d7b9c66546c481655d64cf27641fda4e
global_step=53728 | return=-145.91 | steps=129 | track=2b3c94ec97b5d1105a4fc59d8555e4f7
global_step=53952 | return=-143.04 | steps=131 | track=46ee631322a2dca7451818f4a85aae70
global_step=54352 | return=-123.22 | steps=90 | track=c347a723d90228c51ba0b5475a2e814b
global_step=54448 | return=-151.74 | steps=130 | track=d7ddc9f366383d5bca00acc7c237d92a
global_step=54464 | return=-154.39 | steps=131 | track=1429b15a7af8388066d9a97994c16a63
global_step=54480 | return=-31.06 | steps=67 | track=c268593cc716d4a16eafcf14960be739
global_step=54560 | return=-139.56 | steps=131 | track=c17bd55e7ac907402866500cafd3d9f6
global_step=54576 | return=-141.76 | steps=131 | track=149adcc131042d7cda1c0f381fd184b7
global_step=54784 | return=13.48 | steps=66 | track=73464df11543dd28d2d810a20926ea81
global_step=54896 | return=-109.58 | steps=93 | track=43c8d841d728ce60ca97929972af9a67
global_step=54960 | return=-1.42 | steps=76 | track=16c012345da9476432f746feb76569e7
global_step=55072 | return=-149.55 | steps=131 | track=9d75af1bd76fff88f62206bdec0a0bba
global_step=55120 | return=-154.28 | steps=131 | track=aa081d63c25dac8961831f62956bb7a4
global_step=55424 | return=-159.52 | steps=130 | track=92cae07f998bc5cfca8509718698a051
global_step=55824 | return=-148.81 | steps=130 | track=a48c0e71bfc140fc9084031fa6b0ce56
global_step=55920 | return=-140.94 | steps=191 | track=b5bd759d96d8cf721b66113d4828ea9a
global_step=56048 | return=-156.02 | steps=130 | track=484dfb6535145a2a4bce8e656c3a8b96
global_step=56416 | return=-145.72 | steps=128 | track=8009d1b3751b0c2aad29b4df45ac7438
global_step=56560 | return=-144.22 | steps=130 | track=495c3fcfe57828c7c2e0a2368e56327b
global_step=56592 | return=-157.97 | steps=131 | track=a4404f5e075715104425449a13e79dad
global_step=56640 | return=-143.54 | steps=136 | track=f91cb987010881a219392619330a85a2
global_step=56672 | return=-154.50 | steps=130 | track=1cd955ee4fc85ca914ba2129dcef91cf
global_step=56688 | return=-123.81 | steps=132 | track=48d1e72c7cf4a56f389a48ed552e9056
global_step=57008 | return=-145.57 | steps=131 | track=a964f82513bea4a207b4fd69b2f39271
global_step=57104 | return=-105.25 | steps=144 | track=e637b69cdbfac888d93306760e6cbc59
global_step=57136 | return=-169.14 | steps=135 | track=975989bf0e4ca019aea9995fa53b0577
global_step=57152 | return=-70.50 | steps=295 | track=d947e544a559c23973534540b10e4d79
global_step=57232 | return=-165.45 | steps=131 | track=2eed9bf875e88f3bf46df942cacc9374
global_step=57520 | return=-156.46 | steps=130 | track=e95be541260e8849e40a857930b48b3e
global_step=57712 | return=-32.77 | steps=66 | track=effd8f60db4bc4f80b1d697990f99b7a
global_step=57840 | return=-53.97 | steps=77 | track=869a74183514663dd57433cde263a7dd
global_step=57952 | return=-68.43 | steps=132 | track=beed5004f67dc6f6c9bc451420c451fa
global_step=58000 | return=-113.91 | steps=98 | track=5d5b986c2f16218c5ddfd210bd25a244
global_step=58160 | return=-143.89 | steps=131 | track=bc6db18b80ee824ec13a6081a43db2ff
global_step=58272 | return=48.85 | steps=199 | track=475be5d63f9fcfbcd859388496fa93d6
global_step=58592 | return=-101.18 | steps=89 | track=aafcc95de4e69c6c72acf58fb0d7e462
global_step=58672 | return=-125.26 | steps=131 | track=634472a9ff302d186fdad4f099f9cbcd
global_step=58784 | return=-151.61 | steps=131 | track=9f9c7aa152647bf68b2a4e3221559832
global_step=58800 | return=-135.37 | steps=131 | track=9930d990739b90d0a0e2921b1253e85b
global_step=58992 | return=-69.72 | steps=91 | track=c4af2cb30b0ea7575d30b2e205a6d313
global_step=59104 | return=-147.17 | steps=130 | track=63b0f4fdab98b4e43bddc510e8f770fa
global_step=59200 | return=-147.82 | steps=130 | track=3272881616b3f09095df15a89a89d5d8
global_step=59552 | return=-46.14 | steps=106 | track=7e88f4d2e5cb6ddb90ea8ac572a461ec
global_step=59712 | return=-39.26 | steps=56 | track=4d144e5caec1204c020121f82158b2dc
global_step=59744 | return=-37.19 | steps=108 | track=04148df06caa8e9bffb0164d30ab4666
global_step=59744 | return=-84.85 | steps=98 | track=a6a562bd9132fb15756ab82a9506c7f4
global_step=59824 | return=15.46 | steps=161 | track=839be86827c06d11f393d9f7c3bd5edb
global_step=60000 | return=-7.70 | steps=62 | track=987bf2cbfc2599171ea1062f0d4053a4
global_step=60304 | return=-55.67 | steps=197 | track=6b8a0c55d8368a27454ccbf2361602f3
global_step=60352 | return=-129.87 | steps=149 | track=b2c5f6a461506259a9884b113f9e5b06
global_step=60384 | return=-150.79 | steps=131 | track=4fd60ab382ed51f8164a2ea520f3be2b
global_step=60672 | return=15.19 | steps=69 | track=66090e5cd3013cc683678beeae148b1f
global_step=60704 | return=-139.90 | steps=131 | track=f1f0d6c59ee3a051710a19e45c1a04b1
global_step=60784 | return=-142.00 | steps=131 | track=d7f5c13bfeca044dfa798b3345872845
global_step=60912 | return=-163.97 | steps=199 | track=9d6ad39dabb03769a410b014febc0402
global_step=61072 | return=-56.28 | steps=44 | track=4c7e5906012133f6aef2db9ee2ad089a
global_step=61216 | return=-147.81 | steps=131 | track=989814795c0db31eb6a02d714742972a
global_step=61232 | return=-64.84 | steps=152 | track=d317e6559b815617b2fd1c9d0b69e933
global_step=61312 | return=-147.82 | steps=131 | track=2e2d7c084ff55965dea9125f5782b2fb
global_step=61456 | return=-5.95 | steps=345 | track=73db9915466617dbf763a2b18d78ca7d
global_step=61744 | return=-119.65 | steps=89 | track=bc8e1c53aaeec4c9919e6dec9b42b311
global_step=61808 | return=-146.10 | steps=130 | track=c2e148f5748511d9f6df3139828713d0
global_step=61840 | return=-107.63 | steps=130 | track=e5211191895e1de59f202af307abf199
global_step=61856 | return=-137.80 | steps=131 | track=87e560797a0f25ce05109ef8cfedc2b6
global_step=61936 | return=-147.13 | steps=131 | track=94af3ba8587630726416c02936e0ceae
global_step=62112 | return=-140.63 | steps=131 | track=3649ffffe55fbf52aa415c3eb3b88b10
global_step=62480 | return=-147.62 | steps=130 | track=c237e0b508545f5b30c0ab01cae7b6ba
global_step=62784 | return=-139.63 | steps=131 | track=42a04afeb3a0c5fdfab0ee44843fa730
global_step=62816 | return=-154.54 | steps=131 | track=1cb28cdae32b16a2c9260f31d430f97f
global_step=62896 | return=-142.90 | steps=131 | track=926543305cdca02c9251ed7c10fedb2b
global_step=63024 | return=-138.45 | steps=131 | track=8d6f84e9f498342b5e1f917692d624f9
global_step=63120 | return=-93.52 | steps=103 | track=51eab367515f2c3f32e466796c246e0a
global_step=63184 | return=-153.51 | steps=131 | track=bfa1cc0ec54ee13a53b40464634d2312
global_step=63328 | return=-143.89 | steps=131 | track=b2a4269f28963b17ea675a51436297d8
global_step=63344 | return=-140.80 | steps=131 | track=8827a401f0cfba4b5af500f6e252acd2
global_step=63424 | return=-144.71 | steps=131 | track=2364ac7c5ecf68ff1533e946a7392c62
global_step=63792 | return=-68.84 | steps=47 | track=fa8ec82a02ddd414e65f0b82da5da5dd
global_step=63920 | return=-132.66 | steps=131 | track=4d1deb4c77a11f02acf3e7f3d1f8f8f4
global_step=63952 | return=-154.55 | steps=131 | track=c5e92539038d19a416babc1fe61742cd
global_step=63968 | return=-145.48 | steps=131 | track=13c003907ff8e1cbb7072c366a3859c5
global_step=64112 | return=-16.60 | steps=61 | track=705f155c5edbbb6dd8b81439bd6c7e60
global_step=64224 | return=-138.61 | steps=131 | track=9e44a7f492275d9fae7d13615b953dac
global_step=64224 | return=143.52 | steps=108 | track=28c3859ecb7f0043e5b362b0974c6033
global_step=64336 | return=-108.70 | steps=89 | track=b84bd78d7de5bfbcbd2bcd1b84312735
global_step=64384 | return=-135.16 | steps=152 | track=ecd61c2927090745606fe049a2ab7946
global_step=64608 | return=-103.72 | steps=88 | track=06b4984fb5ab4205b43ba9daa1edc362
global_step=64928 | return=-142.47 | steps=131 | track=2471d65cb7403e1cecf82d515d9d0363
global_step=65376 | return=-66.46 | steps=161 | track=3c28e78afa89987088348d0dd812946e
global_step=65440 | return=-145.90 | steps=131 | track=8e579ff45cd156baf85101b187a37557
global_step=65456 | return=-145.02 | steps=131 | track=dec25ca9136a519557097ffb48f4dde7
global_step=65504 | return=-36.85 | steps=95 | track=55fb11883cdbcfc238a3eb85891d8109
global_step=65536 | return=-56.31 | steps=100 | track=424c9044ccc8445d6b9e2a5c5c38b1db
global_step=65536 | return=-144.83 | steps=131 | track=60de8befa6b07452aa694f54ded864c8
global_step=65536, SPS=76
global_step=65904 | return=-163.57 | steps=131 | track=5df672ed0d617c6d5b44bdb51f48a850
global_step=65936 | return=-170.87 | steps=261 | track=e47d63e832e0bd116f0272d469e9f127
global_step=65968 | return=13.64 | steps=64 | track=09a3a4a5b6e5eeea6dc258b92efa21b3
global_step=66064 | return=-164.41 | steps=131 | track=c93c0033280a8375fc00a8d347d3c146
global_step=66224 | return=-144.78 | steps=131 | track=1d2e2607840daacf134caf83ccd8d4f9
global_step=66224 | return=-81.37 | steps=44 | track=368c2af805ce7b3065049d4a95594cd0
global_step=66256 | return=-78.93 | steps=50 | track=f0c39cde6a4ddabe5ab7b1ec942c6722
global_step=66336 | return=-153.33 | steps=131 | track=46f46be7af6c55f749f3d3c810b8a1d8
global_step=66448 | return=-145.26 | steps=131 | track=8a2b6184267b76752024281b7c4b1c77
global_step=66496 | return=-149.71 | steps=131 | track=8e32cd70e723a67ae7a809b06dca8a3e
global_step=66576 | return=-69.25 | steps=122 | track=f6b7beb87ed8ae992fbad0c3fade2f0e
global_step=66832 | return=-8.39 | steps=80 | track=492d87ad468026a00aa77e168131e539
global_step=66928 | return=-74.63 | steps=91 | track=4376f8405944cf7917f1498d28206017
global_step=67008 | return=4.53 | steps=64 | track=e4cf3733d7e8450ce762721ad15939c3
global_step=67344 | return=-110.89 | steps=89 | track=fb2a87d1640967192bd0fb2dc5c4b94e
global_step=67376 | return=-7.07 | steps=71 | track=c966d18bc08d152497c7f98a0a1e3d33
global_step=67456 | return=-25.15 | steps=62 | track=44e69ed22e2fbe604f070a2dbfe30744
global_step=67488 | return=-143.77 | steps=131 | track=00e7a923e21fcafd16dbc616a88c2277
global_step=67632 | return=-146.96 | steps=130 | track=f3350e1065a07752dd19f6155a543f40
global_step=68048 | return=-151.81 | steps=131 | track=d3a66efbcd68057ca47de65260efd9a8
global_step=68176 | return=-150.49 | steps=131 | track=f6844a8ccd088996718c9352ce624cd8
global_step=68320 | return=-138.92 | steps=130 | track=55ee3ca6bfe044be196848c88deba0f6
global_step=68368 | return=-149.15 | steps=131 | track=3e17d3b88f6bc19dd7e00488584d9444
global_step=68384 | return=-2.38 | steps=64 | track=6eb390e0403a4f2b789826528ee94e4e
global_step=68448 | return=-136.31 | steps=131 | track=9e896a3c2fdd061457aba597041b7fd6
global_step=68480 | return=-43.42 | steps=63 | track=3be11acacfdfc3a9f1f22bd57d9b3bf5
global_step=68608 | return=-164.23 | steps=131 | track=2f840ce95ada81c50bb83148cdbc58d7
global_step=68688 | return=-138.76 | steps=131 | track=4ee29b198631109623a1d02e405e5970
global_step=68720 | return=-112.88 | steps=106 | track=ada93037092929655b270efe96745282
global_step=68768 | return=-65.93 | steps=44 | track=f3c920a3be89a4f917d9eb265e4618c8
global_step=68928 | return=-143.54 | steps=130 | track=0798cd24867ce1b220eb312205df2cb7
global_step=69024 | return=-98.92 | steps=299 | track=c107587b6b293be8df0078e30ebc58f7
global_step=69040 | return=-120.11 | steps=131 | track=1c1f107764269b9e91f3cccebd575bf7
global_step=69104 | return=-63.61 | steps=48 | track=b53bce765e9c870976efcc3fd858271b
global_step=69344 | return=-71.48 | steps=45 | track=16af398aa37ddf23461591596add74a8
global_step=69488 | return=-69.96 | steps=47 | track=f8917dcebcfbcb518e86fbe603f8c46c
global_step=69488 | return=-148.06 | steps=131 | track=7aacd4b6acb8bf4f7a60325b27729988
global_step=69536 | return=-85.26 | steps=71 | track=7faf3a5c177ea3c0ddb5b0b946758d55
global_step=69600 | return=-136.17 | steps=131 | track=efaba3767312db549fe99016731546ca
global_step=69744 | return=-156.61 | steps=131 | track=7a8ab89b13475cb700fa136d3c28dbd5
global_step=69824 | return=6.64 | steps=65 | track=e1d4cb2e9482afeca7022946a103e9df
global_step=70288 | return=-145.00 | steps=131 | track=7256a0cea26ab263a7de65789dd44d34
global_step=70336 | return=-73.34 | steps=52 | track=de2c6e9fc4dd994f36ee9b863f44dee9
global_step=70496 | return=-43.56 | steps=71 | track=56fb4f3174e6109d04ccdc5a173f33f1
global_step=70528 | return=-129.22 | steps=88 | track=b8bac06697134709d179e984c5dfd696
global_step=70560 | return=-118.20 | steps=131 | track=7711d319cb01408bb864c45113ee75d9
global_step=70576 | return=-147.74 | steps=130 | track=dfe5cb7896db9d36431d741fef7fdd02
global_step=70640 | return=11.01 | steps=64 | track=f6406374424980fbc877c6109d677b5a
global_step=70800 | return=-120.98 | steps=110 | track=79c558771e5f702199fa8b49a3a948ed
global_step=70800 | return=-140.80 | steps=131 | track=0249d849795017ed727e7c0aa5b5a860
global_step=70992 | return=-76.26 | steps=90 | track=6e5eacb723ac0ef9a300aaaa580fb5b8
global_step=70992 | return=-120.88 | steps=93 | track=110525f50c32f383acc2a8ef82d3fad8
global_step=71008 | return=-73.21 | steps=164 | track=63ec33d7d2867d0edc9d7555a2e46544
global_step=71024 | return=-15.72 | steps=79 | track=9f358414be2bf0a0e2c918b7598751b2
global_step=71040 | return=-154.11 | steps=131 | track=06fde75102ad89631ffb69643f01cd62
global_step=71744 | return=-76.19 | steps=168 | track=81ed8416b4717438cbcbe9b0b665abb7
global_step=71760 | return=-67.99 | steps=47 | track=5e4b275dedead19908e78e52e76b6b52
global_step=71808 | return=-70.32 | steps=47 | track=9997b528ee1ab0d9344bb4a209d06794
global_step=71920 | return=-154.28 | steps=130 | track=dd5106364178df964513021d55b4a469
global_step=72144 | return=-100.86 | steps=98 | track=0c64597a8cd4855d7d408776c9375c0a
global_step=72144 | return=-62.35 | steps=93 | track=a7c4ede3600c36b94c16592481a9fb65
global_step=72208 | return=-116.29 | steps=101 | track=eae6c7d6c93ceab21136495bffb2cb5b
global_step=72400 | return=-141.58 | steps=131 | track=0dbcd0db7f0e414c40f04cc17fae9fcd
global_step=72432 | return=-168.25 | steps=130 | track=26dda69b3e54417707fd9d2f042c487e
global_step=72768 | return=-2.34 | steps=63 | track=1a5c86946c63dcb0369f0dfb54341105
global_step=72912 | return=-144.29 | steps=131 | track=662d944515259e1db058d1aa9f3cd3ca
global_step=72976 | return=-53.05 | steps=154 | track=981a2101578fb87016ace49796b8c639
global_step=73136 | return=-147.79 | steps=131 | track=4b893eb91e7f4a5a52b1c9516aa8f91e
global_step=73264 | return=-100.16 | steps=93 | track=b0d119118bf2eaf6502b5fcde13bd470
global_step=73312 | return=-23.84 | steps=143 | track=cc29fde2a640d8f49c02ed7f806f70a7
global_step=73920 | return=-141.17 | steps=131 | track=474061c7585d504c2c699f29833b2a03
global_step=74080 | return=-35.21 | steps=72 | track=019e4ff1237f87333345650e4791cf95
global_step=74256 | return=-149.00 | steps=131 | track=dccf05b5db7c9d1c6aa7510cbfe84ae2
global_step=74256 | return=-156.19 | steps=131 | track=a2e7fb51187959140d09bf886824e074
global_step=74320 | return=-138.45 | steps=131 | track=0e343a0f5cd5ca3a5540cb2525324c11
global_step=74416 | return=-45.02 | steps=155 | track=b48c1bb8401cc4cb427a2d33719e80e1
global_step=74544 | return=-139.89 | steps=131 | track=a1251acde5607064b8cffecccfce3fc2
global_step=74640 | return=-11.67 | steps=82 | track=2ea4da75ddd1f86a547278fa080345a2
global_step=74688 | return=-96.01 | steps=106 | track=f3d86c5dcad1dd4523aa4c1ffe434f42
global_step=74864 | return=-148.84 | steps=130 | track=64f5d186658dd6e9f2d219129df79fd8
global_step=74944 | return=-128.01 | steps=158 | track=1dc75bafec9ba09969aedb7ce53f1e45
global_step=75152 | return=2.07 | steps=66 | track=a03f06f8d8d16df4d571a329b0eb4629
global_step=75248 | return=-161.42 | steps=131 | track=13ae6fa55bfc5d9be0584b4996ee53c5
global_step=75312 | return=-108.62 | steps=269 | track=e38c069172d181ca9683c0ad1a8915c0
global_step=75376 | return=-147.13 | steps=131 | track=b8f5d65dfa65fe1f7adfd9fab87b31ac
global_step=75440 | return=-63.79 | steps=55 | track=c164503637ee2dcaeb1bc7fed0b67165
global_step=75664 | return=-77.01 | steps=320 | track=25deb839a91073d5030e37e78446ff0f
global_step=75680 | return=-71.71 | steps=45 | track=8622926ec2031047d2f1765c6dbe1d37
global_step=75744 | return=-38.36 | steps=65 | track=7f2e02f64e44cd2b7b60b1b57a14ec96
global_step=75840 | return=-55.77 | steps=42 | track=d365de79470e92e68131bfd43a22a745
global_step=76016 | return=-157.58 | steps=130 | track=389f89f94452497ef6122ea1ac74d68f
global_step=76352 | return=-147.10 | steps=130 | track=7e592b8222614a4ae0b53a9e79e9d6b8
global_step=76432 | return=-160.09 | steps=351 | track=d5260a7c933da8912b8aa119fb44e748
global_step=76528 | return=-154.18 | steps=131 | track=6151f5f84c9c7e5525558923bc7d42a5
global_step=76640 | return=-73.03 | steps=55 | track=088418be542263729b930f124f71e2e3
global_step=76672 | return=1.80 | steps=61 | track=a63c5152c5433cbbb8159a68c92a329e
global_step=76752 | return=-149.80 | steps=131 | track=5747e7b803b597d04112c19db4e29258
global_step=76976 | return=-121.83 | steps=131 | track=ec22e2626b8e252ccb42be40ce119665
global_step=77360 | return=-128.70 | steps=131 | track=7f8a954ce9e2560a4cdd7bdf53cbccc8
global_step=77408 | return=-159.69 | steps=130 | track=607b8de6e4ee8f0f76778ee5dd7f329e
global_step=77488 | return=-155.85 | steps=131 | track=0ba3ce9b8ecb849489bd3a62378219dd
global_step=77504 | return=-80.41 | steps=92 | track=a7adc34bc8858f30a1b0168929ee2622
global_step=77552 | return=-137.46 | steps=131 | track=f03e9ce702ad2aadddeea840e32bda2f
global_step=77776 | return=-132.43 | steps=131 | track=55cba08d619a49cab2a88d59159675ee
global_step=77792 | return=44.40 | steps=71 | track=5b2c8a3cb4411458999c6d21fb68aa79
global_step=77904 | return=-213.32 | steps=223 | track=87e435315e8683add4011fa908dd0200
global_step=77936 | return=-96.67 | steps=98 | track=ac6947554ce978e66536a335e17b3eff
global_step=77968 | return=-112.32 | steps=89 | track=eda57755fa8ea4e28d59be8028276f63
global_step=78016 | return=-13.13 | steps=78 | track=6a21513fb20e749643318e79066fcd99
global_step=78144 | return=-34.37 | steps=45 | track=2917b9152b448a1ec333321045715643
global_step=78272 | return=-108.49 | steps=250 | track=a1f44be77b4b760e9aa0e849c5b27136
global_step=78544 | return=-163.99 | steps=131 | track=6075bdbe4d3e38c1877f1cc922565ffb
global_step=78640 | return=-122.91 | steps=103 | track=389428b07c380fa6b826af091a82eafd
global_step=79248 | return=-90.50 | steps=90 | track=6fc000922678a3edf250321aae2df45b
global_step=79600 | return=-129.34 | steps=131 | track=2ebf480fe102a0ea97de436c59b4f82c
global_step=79616 | return=-149.71 | steps=131 | track=132ef50f9ff28cdab449f0de40426407
global_step=79648 | return=-149.45 | steps=130 | track=d29bca8df7ab8973636bdbc56d694232
global_step=79664 | return=-96.57 | steps=143 | track=ff62cd7bac6da648d701059399f1e2db
global_step=79904 | return=-161.72 | steps=132 | track=ff90a573cf9f885703469f54976dc643
global_step=80016 | return=-163.15 | steps=260 | track=86c8513cc305b6b57fc2fb523d0d31d5
global_step=80080 | return=-146.67 | steps=131 | track=f7d72a8751735d5e07e0a27406a71294
global_step=80128 | return=-143.16 | steps=131 | track=7704d94af269303303f5989dc5028e4b
global_step=80192 | return=5.87 | steps=96 | track=ce76d1ac5c6725eaf6e63b060e68ca91
global_step=80240 | return=-137.49 | steps=130 | track=6ba907d16370f582ac41b9b5bc6ba4d2
global_step=80368 | return=-73.00 | steps=151 | track=d1a00b937602320c0a38edacb026eb7f
global_step=80384 | return=-160.41 | steps=131 | track=a742c6c7be26ee6ee3da051c37cbdfa8
global_step=80624 | return=-30.73 | steps=60 | track=a167238f50851c8bb1df4166e4cfaf12
global_step=80640 | return=-3.97 | steps=64 | track=190e41d762a7c7ac28942947b1be06e9
global_step=80656 | return=-147.88 | steps=131 | track=c8ad2dc6e45a0ed2be36ad4b4dc16fec
global_step=80816 | return=-125.77 | steps=258 | track=21cfb710bfd69e57928525a019764944
global_step=80880 | return=-67.99 | steps=60 | track=24323bf5010e7539c7dad39b8e8f4e67
global_step=81616 | return=-56.90 | steps=45 | track=f48b22171fce05f7237ba6ae61937d04
global_step=81712 | return=6.64 | steps=65 | track=708f5236ca1049d84d4db851867bf653
global_step=81728 | return=-133.60 | steps=131 | track=4a80fb46c5bfa6eaff8f702ac4199ea3
global_step=81760 | return=-156.81 | steps=130 | track=715b770333c5a1525980e987fe27ee12
global_step=81856 | return=-114.31 | steps=162 | track=c37e5b4385329b4940045c804769d7c9
global_step=81920, SPS=75
global_step=81968 | return=-126.01 | steps=253 | track=6238335887c53cec47fdfe512aa9a54d
global_step=82128 | return=-135.79 | steps=124 | track=d74ba803a69400311f9b52e48bb817b2
global_step=82208 | return=-145.21 | steps=132 | track=f7bcb23ed6145c4435fc36843963497b
global_step=82304 | return=-148.58 | steps=131 | track=05c1706d6902e2eee1871f0503f57a5d
global_step=82352 | return=-153.94 | steps=131 | track=444572b7bc4fbb87a6c1736ffe788eb4
global_step=82704 | return=-86.61 | steps=117 | track=5872cce9da7d7494b1fd3c6f931a65ca
global_step=82752 | return=-128.80 | steps=131 | track=314e74086c38732771b6196ed76e8956
global_step=82816 | return=14.59 | steps=65 | track=70e583cbda05f4ecd59e7c5dc486a2ce
global_step=82848 | return=-22.37 | steps=61 | track=b151fda57439de7c17b87de98f7a6072
global_step=82944 | return=-50.09 | steps=82 | track=ec31735028d7352464565883ca88b794
global_step=82944 | return=-42.13 | steps=60 | track=bec5d2dff561ef61dd50b9f2a1fc6bf2
global_step=83248 | return=140.37 | steps=163 | track=bbb06e882a61fe927889c4c34339a228
global_step=83584 | return=8.86 | steps=222 | track=09e1ba0a4adba7b14d655508638557f4
global_step=83600 | return=-145.57 | steps=201 | track=4aac5e17b9d641378b09dbeda4f290a3
global_step=83808 | return=-142.70 | steps=130 | track=af5d1556ef1d14034160b5ede2f94dbe
global_step=83840 | return=-135.70 | steps=131 | track=81df1a902a3acf9cb43cca8bce629256
global_step=83872 | return=23.63 | steps=69 | track=0e207fe952782c53011ff3b3b35befd3
global_step=84000 | return=-106.76 | steps=225 | track=6582798ab831a6b253fc5ddf55d7ea09
global_step=84224 | return=-149.02 | steps=130 | track=9e64141107c534baa4ec160a1c21d198
global_step=84320 | return=-136.40 | steps=131 | track=f1e89a088cf4cc48f0481935da753a35
global_step=84384 | return=-110.40 | steps=89 | track=479e3a0a108425c53fd51517d99f5bbe
global_step=84400 | return=-155.82 | steps=130 | track=144d1bdb0fda4435a53e23037b950b0f
global_step=84464 | return=-156.56 | steps=131 | track=5fce5bd6bf84c7673d3a17275220226b
global_step=84656 | return=-61.11 | steps=48 | track=cabd00b07e1e15231d3cda2e19f2382a
global_step=84912 | return=-147.87 | steps=130 | track=a8169ae19a9f4a595baffb996ce6b9a2
global_step=84928 | return=-127.75 | steps=104 | track=ebbaa5f0f38e2891d85443c9eb6c34a6
global_step=84960 | return=-130.13 | steps=131 | track=054a9926c5eae291d229fe0a4c82cb71
global_step=85040 | return=-161.62 | steps=130 | track=eff01ddd4567e3a6123c1c189aef8d7a
global_step=85488 | return=-156.27 | steps=173 | track=e7b6f51d4dc587106028605e89e9da98
global_step=85696 | return=-140.63 | steps=131 | track=c6578db290c89f1b3ad0ecc75cc21bfc
global_step=85696 | return=-146.13 | steps=130 | track=3ebff7217463fb9c00ccd91074f9c933
global_step=85904 | return=-147.58 | steps=130 | track=8a2d719e40f7e51179d0f97361096238
global_step=85952 | return=-139.56 | steps=131 | track=33c8705683f9940877898f8511f0cd0a
global_step=85968 | return=5.94 | steps=64 | track=51a84f14152d00cc1e6658dc301c56b6
global_step=86336 | return=-135.22 | steps=131 | track=2886154624148b5e823fa61e436270b5
global_step=86352 | return=-84.40 | steps=89 | track=e64d7346423aeddd62683cbebb298a4c
global_step=86448 | return=-76.98 | steps=46 | track=8bfbf2cd0c8a23f5beb2fce01d69a9a4
global_step=86496 | return=-149.11 | steps=131 | track=705d5858a03a935ed7dd32e4b0f4e9ae
global_step=86512 | return=-152.50 | steps=131 | track=34b53d262e511874936c16c6d9199012
global_step=86560 | return=-50.04 | steps=99 | track=edcfd92ecb4cad89f5648e8abe781c12
global_step=86576 | return=-146.67 | steps=131 | track=3280e3b5b0199d0ca0340ca21541119b
global_step=86768 | return=-156.09 | steps=131 | track=fa4839022351451c9ff33d78cf498d13
global_step=86896 | return=-84.17 | steps=58 | track=65571bad7871655a48807c330330a945
global_step=87072 | return=-119.33 | steps=171 | track=a622c0d24f4fd2c0f41cceb56623f5aa
global_step=87152 | return=-138.00 | steps=131 | track=cee3b8f2b58dca1d5a5a964f859f88e7
global_step=87520 | return=-32.41 | steps=66 | track=67d01345746b2925c5f8185aa4e3b7e0
global_step=87568 | return=-40.82 | steps=116 | track=f459dd33688f167a9fc9e8982732e8e5
global_step=87600 | return=-147.43 | steps=131 | track=2518f82466bffc0828a98d0db0683bfc
global_step=87664 | return=-74.60 | steps=72 | track=7170947d8fbc7c826dff86a456bcf31d
global_step=87712 | return=1.47 | steps=85 | track=ce293734fa37339c7273767ea33c83aa
global_step=88016 | return=-150.80 | steps=131 | track=d2efad1fe5a45c264ec9e3f23bc61527
global_step=88192 | return=-100.67 | steps=101 | track=b8178fce63aae0cf81915088f5d52a22
global_step=88224 | return=-103.31 | steps=140 | track=34e969c00daeb05cbd4cead96f2e2165
global_step=88416 | return=-233.74 | steps=275 | track=e152b19e6bd861ed1b9d24d47efc11a8
global_step=88416 | return=1.78 | steps=78 | track=6c9a0631cee9d675799c162b4562e6eb
global_step=88464 | return=-141.40 | steps=131 | track=916f6f7f1716785559e516b3ed299e24
global_step=88624 | return=-148.88 | steps=131 | track=213e6432320e11853690b459903e97ed
global_step=88672 | return=-155.65 | steps=130 | track=e20261fbc9e012a840f891d2e88ca2a1
global_step=88704 | return=-13.55 | steps=64 | track=f728eb448214ca58f20c6d5bf0f572ab
global_step=88752 | return=-36.31 | steps=45 | track=6a716b67ac23860f3aca53f1eb74af8f
global_step=88880 | return=-140.60 | steps=131 | track=be072f72dd3514f2eed2b30401db7a31
global_step=89008 | return=-140.60 | steps=131 | track=e616bf915fec4a5a5d3aa3b2f53654c0
global_step=89296 | return=-49.96 | steps=54 | track=045063d99a877ac55c8b31ff05edfbeb
global_step=89440 | return=-139.81 | steps=147 | track=aa3b241845d58024c87cec9da53ee75e
global_step=89504 | return=-95.87 | steps=120 | track=160586b3231378179d90f3d68ab5d443
global_step=89696 | return=-145.89 | steps=130 | track=b0f0291b761868d80912dec2864ea83a
global_step=89728 | return=10.02 | steps=68 | track=5dbea8403776b4c97ef0d67754a35ac2
global_step=90048 | return=-60.68 | steps=157 | track=7d2dbdebd50fa0b0b1e8c02ed4059fb0
global_step=90064 | return=-40.53 | steps=84 | track=8d0fd56f23b8e131c3ee439a4e65d6a6
global_step=90304 | return=-146.81 | steps=131 | track=9be4ad981ba647fe0326da250d0971af
global_step=90336 | return=-148.25 | steps=131 | track=7d3c918d95b275e65ea7289f7afc4a4d
global_step=90480 | return=-145.39 | steps=128 | track=844b54aef9f7e42b180a90573362bf65
global_step=90496 | return=10.62 | steps=65 | track=444ffa1dcc68af5fdf053c34a4ba620e
global_step=90528 | return=-5.26 | steps=63 | track=46a0e06a774b45fdb71262aa5c53a5ff
global_step=90544 | return=-145.71 | steps=129 | track=0132fc63178eaaaf5acf087ab440123c
global_step=90768 | return=-147.38 | steps=130 | track=b6ce8e4eb2474e15e402e1d4958f60ad
global_step=90848 | return=-149.33 | steps=130 | track=9dade52c01e14818b2f1e8c135fdf8c1
global_step=90848 | return=23.89 | steps=69 | track=0052680e2d83dcfaca9a0826f953a912
global_step=90992 | return=-155.07 | steps=131 | track=6e875b017e492e8c3ed64ea16fa2d8c9
global_step=91072 | return=-22.20 | steps=63 | track=59b218faf7b4d818b755fec973a366fc
global_step=91120 | return=-139.63 | steps=131 | track=3dceb2402082d9e9170e0195fb3f5d8d
global_step=91264 | return=-52.16 | steps=45 | track=58a2e8dbaabf86f44a14df009f08df61
global_step=91408 | return=-156.87 | steps=131 | track=cbb106a5ad2ca34075b9bf2847ae1819
global_step=91584 | return=-15.52 | steps=64 | track=7a98fe05e35da70f39d30bd55ed9a420
global_step=91728 | return=-168.83 | steps=250 | track=92c9504ee372d0749d6770494649b5da
global_step=91936 | return=0.79 | steps=67 | track=87cca4ccc30cca936ed8fb6670ff1c7d
global_step=92176 | return=-144.33 | steps=131 | track=b5f43c20b2b64c5729e97a4c4469140d
global_step=92416 | return=-143.83 | steps=131 | track=a3351d7f0573ad67a9406a93f32a14b8
global_step=92464 | return=-145.21 | steps=132 | track=d59c56d3165ed1be6a12fdcca286ca7f
global_step=92560 | return=-72.43 | steps=92 | track=b0801be6f53ce8f9607beb38a8d2d178
global_step=92576 | return=-141.65 | steps=130 | track=2dcc7aaf1b364ddb4182ac810f9481cb
global_step=92592 | return=-22.45 | steps=62 | track=d172e0de91a31ce15faacc78c0200373
global_step=92608 | return=-141.40 | steps=131 | track=2944418d6dc1fec7fcf65da64652d164
global_step=92880 | return=-138.50 | steps=131 | track=628065ab48ec478246a580e2ba09f188
global_step=92912 | return=-151.40 | steps=128 | track=98837ab5f79c49931d6f9f853efd8bc5
global_step=93104 | return=-151.78 | steps=131 | track=197d9a2b4aa1dd12aad83ab9ddf15114
global_step=93376 | return=-159.37 | steps=131 | track=1283be91cb3d2eaaf378f89454c584f4
global_step=93392 | return=-18.21 | steps=60 | track=432e7e5fc52b13499158f4b69421d811
global_step=93488 | return=-146.20 | steps=129 | track=8ccfa14e7fbf1456b8e4b40e3c95bd99
global_step=93632 | return=-104.26 | steps=156 | track=7eee8e18c22a9b17c213089286778dcc
global_step=93680 | return=-30.18 | steps=248 | track=959c883f11a4b08b5a08b99fbe1d3736
global_step=93712 | return=14.35 | steps=70 | track=1b21b45488f2dece3e91fec09fce420c
global_step=93824 | return=-128.97 | steps=130 | track=a7e24fb741ad3dc574836a9de15ec9ee
global_step=94048 | return=-142.57 | steps=131 | track=7ec36e9daada3c1db4e1ed09f2508089
global_step=94112 | return=-6.49 | steps=62 | track=130704787ad2a3b5e868dae502bb7f26
global_step=94320 | return=-107.20 | steps=89 | track=0f7e56e2e661d16f39276ee07ed08138
global_step=94576 | return=-148.69 | steps=131 | track=48f538ef50c5e7835b1fdcea6bb3813d
global_step=94672 | return=-141.76 | steps=131 | track=424f70a9f1e8e48fb9a4b888b2dd1455
global_step=94720 | return=-144.19 | steps=131 | track=2056ae0d99bbc985ac2c8c2a32f37f4e
global_step=94880 | return=-57.14 | steps=122 | track=cc5cef5e15ac8cd8e31114b5c7e056a7
global_step=94928 | return=-105.54 | steps=89 | track=45f21c8bce4f602d936dc3ec6157bbc9
global_step=95296 | return=-50.12 | steps=44 | track=f5777f9805b102a6437dd0966f97622a
global_step=95344 | return=-111.42 | steps=101 | track=dac6c3675a468b092281e1f7eb410283
global_step=95488 | return=-153.75 | steps=131 | track=3485394d4b7e230528b462fbacffa75c
global_step=95488 | return=-149.84 | steps=130 | track=11b1b46177380ad5085cb8bb842cb0be
global_step=95744 | return=-107.98 | steps=131 | track=79c8a069a9b27245fd5f4c849900eeaa
global_step=95792 | return=-140.31 | steps=131 | track=6712fc0dc1f1bfcc78fbfc9dca647640
global_step=95888 | return=-135.85 | steps=205 | track=800ea51163532cf230827bf239c5ef57
global_step=95952 | return=-92.55 | steps=235 | track=5fa75fdaca5834ff9457eadcf289fc3f
global_step=96160 | return=-152.20 | steps=131 | track=1cb5ee4c636812b906b609d8e5931729
global_step=96224 | return=-145.99 | steps=131 | track=48a158182caed8c4b5a9dbee600dfc23
global_step=96368 | return=-5.49 | steps=66 | track=75b09e75a51bfc37dc64dc5892fd2deb
global_step=96432 | return=-121.35 | steps=106 | track=b344585c484415faf951c4e552b6569d
global_step=96800 | return=-68.77 | steps=132 | track=47011215112e83a8dd02078907386512
global_step=96992 | return=-149.74 | steps=131 | track=93df00a6a41987c127a19db655c1323b
global_step=97408 | return=-58.02 | steps=154 | track=f1e467d49b8fa6cdf22f7f96f46f685b
global_step=97456 | return=-143.50 | steps=131 | track=5baa980cd240cb2a2ed447841db26a37
global_step=97584 | return=-168.26 | steps=130 | track=722c63a156ffe73d5220cfbee27334d3
global_step=97600 | return=-162.11 | steps=131 | track=9d26aa859981cacbca87619708bd44d4
global_step=97856 | return=-142.93 | steps=131 | track=111d749d748c8bef1388ea1a565962f5
global_step=97904 | return=-151.47 | steps=223 | track=e1a3d7207225116fa9dd1ce867af4805
global_step=97904 | return=-149.23 | steps=131 | track=17ffd3573ab28fc148a55992a84b8503
global_step=98000 | return=-159.59 | steps=131 | track=bc4f903497689e22bf6872b5a2e23d02
global_step=98064 | return=-143.61 | steps=131 | track=211600be451e6ac3974f12cbe5c7e9f0
global_step=98080 | return=-29.44 | steps=265 | track=1ac46144520924c2b2b232080c77e050
global_step=98272 | return=-134.59 | steps=131 | track=858b0a7e67de0578c6a5dbeaa5ead03a
global_step=98304, SPS=75
global_step=98320 | return=-122.49 | steps=130 | track=3c79fe399efa4d385054dd389cc87c90
global_step=98480 | return=-160.69 | steps=131 | track=09f7f79f74454dfb610bca502ea69db1
global_step=98544 | return=-146.81 | steps=131 | track=0d1289f1079c4dc3e53091d111a9b0de
global_step=98672 | return=-137.06 | steps=116 | track=379a6db386a57fbc662312e5384e86ce
global_step=99104 | return=-147.58 | steps=131 | track=ba3c1b617a9a1d6d1bd13b8f74240744
global_step=99328 | return=0.49 | steps=65 | track=a0da9322fb5f9ed231a112fecc3eb85a
global_step=99344 | return=-110.67 | steps=89 | track=5bfbc9f271abd9397f414082910cdbf5
global_step=99520 | return=-132.18 | steps=131 | track=8225815d9d95fc0ecdedfc442344b70b
global_step=99552 | return=-143.56 | steps=130 | track=ca3c566073b66ce43c8cdc3c82fad229
global_step=99696 | return=-157.91 | steps=131 | track=021422762988594c670a5b7e85945fad
global_step=99712 | return=-142.93 | steps=131 | track=71244a9583d3ff7594cffa88dedb8ee8
global_step=99952 | return=-129.89 | steps=130 | track=e5ab3c7e82ed7f7c0a06c4807b2c8db3
global_step=100016 | return=-158.31 | steps=131 | track=4234f9ed5e93660bed397eb21f453efb
global_step=100032 | return=-55.11 | steps=42 | track=f533bdab045797be262128b84179658c
global_step=100112 | return=-151.56 | steps=131 | track=320d8d3e95054ea35ce01b9c101194fb
global_step=100112 | return=-52.91 | steps=127 | track=02e62c7cf1c21a0b5a8a53f4eaeb2be6
global_step=100192 | return=-144.19 | steps=131 | track=4f4528846305883720c880d4e4705f58
global_step=100432 | return=-95.60 | steps=117 | track=703eaebbd48249f1884fc51d54efb71d
global_step=100432 | return=-153.11 | steps=131 | track=341bf1a5a50b7830bd630ce9095e526d
global_step=100528 | return=-56.26 | steps=88 | track=f1243b160486da4cb20f72add3f49307
global_step=100608 | return=-150.11 | steps=132 | track=13df3f71b39cb8b7ae747b576d0fb5ab
global_step=101424 | return=-150.38 | steps=130 | track=8a662b1a45245ba89df4ba7b72b89a1b
global_step=101632 | return=-139.89 | steps=131 | track=d7d445aaf60d569cfdc82efcddddd68e
global_step=101808 | return=-143.47 | steps=131 | track=1402632f3e27b40ad942fa9790603259
global_step=101856 | return=114.06 | steps=198 | track=66a9b77ec7f203276267f61869c9b0da
global_step=101936 | return=-71.50 | steps=138 | track=128693026835abeee219adfed8874c80
global_step=101968 | return=-107.35 | steps=89 | track=25fc06ee4f2814f7996ee45dd770b555
global_step=102128 | return=-139.36 | steps=130 | track=4cb7e621b1f9c00a4eb3b2036e1c7256
global_step=102128 | return=-140.37 | steps=131 | track=45998a5a39a9ac32bb69b2a3ff7fd91d
global_step=102224 | return=-144.71 | steps=131 | track=a71fcbadaaea7ab9bd960f54b495243a
global_step=102224 | return=-141.76 | steps=131 | track=7088b9e3da5fe31ce39fa87e30e808b1
global_step=102304 | return=-141.86 | steps=131 | track=cb4e6c40940804b4e1a8ffb64c980072
global_step=102544 | return=-143.83 | steps=131 | track=928b834dd7bc2ed335aea1987f31c0a2
global_step=102896 | return=30.15 | steps=67 | track=9db99ed7e5b0f1f436a94e8376f017e8
global_step=102944 | return=-70.58 | steps=94 | track=b6d97bc1b0f288dc16aebb58d97c557e
global_step=103104 | return=-134.96 | steps=166 | track=76cd128c05e023038525d1066ee87296
global_step=103232 | return=-144.62 | steps=229 | track=6ce680d5af45eef57daaf4933646837d
global_step=103392 | return=46.19 | steps=72 | track=8a510d7151d31accdf02e4c05fcf91d8
global_step=103536 | return=-47.19 | steps=87 | track=9d2855a38e1d7db848749a2a56a99a8b
global_step=103872 | return=-69.02 | steps=39 | track=a6312412ad9732dd34dc35c59ced6d3e
global_step=103984 | return=-115.77 | steps=104 | track=dacf6c97e9f0cf7efd91a33e78352abc
global_step=104080 | return=-149.92 | steps=131 | track=00fa4c532e6e96081f393c70fedc1174
global_step=104240 | return=-145.71 | steps=131 | track=3c9a3ed36921842f5ab3fdba67db35d6
global_step=104256 | return=3.45 | steps=227 | track=b0482392ed1fa2b401299d64a374a5f9
global_step=104272 | return=-127.87 | steps=269 | track=f87886afadfcb625eaee17648abab46e
global_step=104336 | return=-134.30 | steps=131 | track=55e548890a570bb515969141b7558cc9
global_step=104432 | return=-64.36 | steps=92 | track=421830b98c1dbf273ff46ecb742bc89f
global_step=104640 | return=-149.48 | steps=130 | track=8ac9f28d0c04dbba3f6ec935f9bcfd50
global_step=104864 | return=-70.23 | steps=109 | track=fa0b03d3b015a747630c938bb2d6ed24
global_step=104928 | return=-61.37 | steps=41 | track=0f9dc746d76a3ae21c005742c0f8f544
global_step=104976 | return=-29.70 | steps=61 | track=f90d3eda6695abe0b8c401f2016dc60f
global_step=105008 | return=-151.87 | steps=131 | track=3b3ad1841ac13bb4c652d8cc2236295c
global_step=105120 | return=-84.27 | steps=48 | track=435aa29c508317294565a50124f92957
global_step=105136 | return=-11.29 | steps=65 | track=0c16a92f7fd46e24c7e8c28dca739604
global_step=105184 | return=-63.63 | steps=221 | track=4ae8d626df255f3a22d379c716fe56c7
global_step=105264 | return=8.26 | steps=63 | track=e1b067239638d7f452c8158ec80d5c00
global_step=105488 | return=-146.38 | steps=130 | track=c9220ca26eb24dc1b1bc5441d15bce7a
global_step=105648 | return=-150.49 | steps=131 | track=a5de247b0d3548e5929909a2206ec264
global_step=106000 | return=-253.45 | steps=258 | track=872f4146f642115b2db77060c300e8ed
global_step=106304 | return=-32.24 | steps=73 | track=01e6b7b8aeb89c6f5fedf07c90d0ab72
global_step=106384 | return=-20.41 | steps=156 | track=e4acac5aa64ab18ad9d44ddd53903b64
global_step=106512 | return=-289.38 | steps=285 | track=a5af15bffa0eb8ae0392b382d7c01c70
global_step=106704 | return=13.89 | steps=65 | track=8165d0cc879bfdc6ea06c7ebe994dd38
global_step=106752 | return=-136.69 | steps=131 | track=74d76f78fc1065f4fb0437d174e52f23
global_step=106976 | return=-140.60 | steps=131 | track=5d34ac20bff6d48397148f4ea0623a26
global_step=107072 | return=-108.57 | steps=164 | track=c845646a95d42c369a08341720142976
global_step=107120 | return=-149.46 | steps=131 | track=16955b28fba77c2210113659a6ea116f
global_step=107248 | return=-137.56 | steps=131 | track=0ec15991d51991e672a53c8233a6cbcd
global_step=107296 | return=-135.10 | steps=131 | track=5cf7e6eb9722d636a41b438336eb5a7b
global_step=107376 | return=-163.70 | steps=131 | track=f2c499d38f1ab16cd5e00b68444e7e80
global_step=107600 | return=-98.89 | steps=131 | track=e53f8d62606e59717d7cd1af1844cb9a
global_step=107792 | return=-77.46 | steps=92 | track=1383996686bcb756e8181624daafab6e
global_step=108112 | return=-107.13 | steps=131 | track=dedf47f78a740737947fd4a012f7b850
global_step=108320 | return=-56.74 | steps=44 | track=7b89d1946ec7e7f92905a60f1e3e8ff3
global_step=108320 | return=-100.70 | steps=211 | track=908b99493dfbd102e3b447ad2076d657
global_step=108448 | return=-205.72 | steps=216 | track=103ca0664989de66c99e9015b45b1fd0
global_step=108496 | return=-143.01 | steps=131 | track=20704560ba5cacfff346ec91f93fba09
global_step=108608 | return=-171.70 | steps=130 | track=1a2e4c4ed0a684482568c3ce4a97f07f
global_step=108864 | return=-136.60 | steps=131 | track=1f2b0b0e43e2d10e6ce5e77c227e4a9f
global_step=108880 | return=2.01 | steps=67 | track=ef785226efe88bc5ddbce2004a5fdc5f
global_step=108896 | return=-102.32 | steps=136 | track=2911740340fdad0fa2eed83b6b03d038
global_step=109008 | return=-72.22 | steps=106 | track=00a8c0bd8bb04dbff610640c25a3aad2
global_step=109088 | return=-143.38 | steps=131 | track=81fbe65591b21dbd32b14c21f3e95280
global_step=109152 | return=-112.90 | steps=129 | track=22419af9e0442d45a8ae3e1f9385199b
global_step=109232 | return=-144.00 | steps=131 | track=c38146757f38baccc2aedf79d73b2844
global_step=109328 | return=-153.90 | steps=129 | track=cfea16d11ba9218b9b96ba861a59b27b
global_step=109488 | return=-141.91 | steps=131 | track=863ca1f9026eb04c7fe79a6a05803de6
global_step=109552 | return=-5.68 | steps=65 | track=b42e4e7d8e71e3801d118d056e1fa4e1
global_step=109888 | return=-267.27 | steps=350 | track=f0c978f19556b1466910faabdc3688bf
global_step=110240 | return=7.81 | steps=85 | track=14499b393365d817aa24e17ed211faba
global_step=110416 | return=-161.80 | steps=130 | track=d0db40f258f653e391f599644aa73a65
global_step=110432 | return=-146.81 | steps=131 | track=b0ea7bec28a79e2ad07e4b94d3674033
global_step=110544 | return=-14.79 | steps=61 | track=64c75709b252bbbfbf1335a0b028d2dd
global_step=110544 | return=-154.36 | steps=130 | track=e35307ee10a5f83580fe09d79fee720d
global_step=110592 | return=-7.11 | steps=68 | track=5b080eebfa014ecf31384287d55f9722
global_step=110720 | return=-147.13 | steps=131 | track=d2d539021a9d9c58025bc9336d3b8d73
global_step=110768 | return=-107.00 | steps=89 | track=5725bddf0f4391907f20dcce1d1c7493
global_step=110992 | return=-151.78 | steps=131 | track=73467dc2ee2fb298b90f68f90c060428
global_step=111008 | return=-146.43 | steps=131 | track=eb0909c307a9125c878fd76b7cf6282e
global_step=111136 | return=-148.42 | steps=132 | track=6f652784879f4128f2c49110c444f72e
global_step=111200 | return=-149.71 | steps=131 | track=5d0d7b2dd15d798366b7e67a1a143656
global_step=111264 | return=-152.01 | steps=131 | track=4c172f0d4e018e7f6eae3f302119f877
global_step=111264 | return=-26.85 | steps=63 | track=00459852381c0fc15aa1cb7f16631179
global_step=111344 | return=-141.28 | steps=131 | track=36a15870e21bb4acdaf30c44c95d2c2d
global_step=111472 | return=-8.94 | steps=65 | track=5931ee167c842ee2771ed9fc11ed46c6
global_step=111632 | return=-195.33 | steps=219 | track=ea7fcdb248ae858d649e62e1a42555c7
global_step=111776 | return=-34.74 | steps=117 | track=82605c4be7dcc268e0d99c002385b571
global_step=112096 | return=-26.95 | steps=68 | track=4cbf58a8de4f14c8e6de95ffcca382f9
global_step=112336 | return=6.37 | steps=70 | track=638c81c21b7469f91d1dc2845bb7c61c
global_step=112656 | return=21.68 | steps=73 | track=d449cecc4b19ff0e4130e964211ac1d8
global_step=112656 | return=-134.85 | steps=131 | track=7b025864cb6bfe4d2f7a9d3ab1b48339
global_step=112656 | return=-149.68 | steps=131 | track=5bb11f708f452fe65ae373be651e7ca0
global_step=112704 | return=-148.91 | steps=131 | track=438c58f3702bdc0da7a0e19017a80ac5
global_step=112864 | return=-164.79 | steps=130 | track=3dfc0a9d6155f302de16f5b5a2e54044
global_step=112880 | return=-12.20 | steps=152 | track=1dd36ecb595751b57982a45abc8b620d
global_step=112944 | return=-63.12 | steps=104 | track=a11a745a8bee636ca8a02d4d0a82966f
global_step=113120 | return=-138.79 | steps=131 | track=f6946385685e62f9d4b93d1359fac56b
global_step=113248 | return=-145.71 | steps=131 | track=96bf1ef0bad7b20bc8ac68dd78e4ae1f
global_step=113456 | return=-143.83 | steps=131 | track=2c4b6dd0b70d2c05aa7161e9732b6db8
global_step=113616 | return=-71.00 | steps=146 | track=b32ee269c338b9363dd5a8f43ac318ef
global_step=113728 | return=-149.85 | steps=130 | track=58b328dd27e5356189d3e294d4d00100
global_step=114000 | return=-117.74 | steps=138 | track=b939664e4771137309082f6c79a458bc
global_step=114208 | return=-149.05 | steps=131 | track=7b3655c6fb045dcf50d9086433330fbe
global_step=114432 | return=-141.93 | steps=130 | track=34124558228a42438f77f2793b073e85
global_step=114640 | return=1.44 | steps=86 | track=38aca705015e7e819890eb03bf0c27de
global_step=114688, SPS=75
global_step=114752 | return=-143.59 | steps=130 | track=eae7a3775e4464c5772faea8d0bb465c
global_step=114768 | return=-134.80 | steps=131 | track=57abe4aed2bf044807f23c6fa6bc9e46
global_step=114816 | return=-28.45 | steps=105 | track=1e40ae60943b9a808b75674b9f719406
global_step=114912 | return=-87.56 | steps=140 | track=67580d99ac39bbb22c932f1a768a2dd4
global_step=114992 | return=-130.25 | steps=131 | track=c7c363800f8b30348d64e94928e7b110
global_step=115056 | return=-113.20 | steps=89 | track=aef0c1067953badcf00b3783959ba3e1
global_step=115088 | return=-98.10 | steps=138 | track=b776028c2b95db3d9eb71c1be4f3ae79
global_step=115184 | return=-27.32 | steps=90 | track=d6c20f67d7a1af87f4b52b3ab888cce7
global_step=115328 | return=-29.53 | steps=163 | track=ce8fb47e9e4a114c7914525804ff0532
global_step=115440 | return=-41.42 | steps=155 | track=48f3772fe1939b149e0f1cf2de0d3247
global_step=115472 | return=-48.06 | steps=43 | track=e893456fcd2dd02649f8fbe30e13a30a
global_step=115504 | return=-35.14 | steps=53 | track=e75c753817714511ac4b9ec2e2017e3e
global_step=115568 | return=-157.22 | steps=131 | track=1b8f9f21350fad097c196238de26c281
global_step=115696 | return=-52.89 | steps=310 | track=f4828bb8b3a24040cf78a27abec8c8f4
global_step=115792 | return=-77.90 | steps=43 | track=433816cabf1f55aed3c01a45ec02f16c
global_step=116336 | return=-157.59 | steps=132 | track=106927b5eb0f6b86ac6b9f8c89292176
global_step=116432 | return=-39.33 | steps=151 | track=3408cd4a82330f91f00c35505560fcab
global_step=116544 | return=-148.29 | steps=131 | track=ef449f1709b994666e82a40b09d002e4
global_step=116672 | return=-107.81 | steps=92 | track=ec1475af85f3e8f13e37edd59fddd1a6
global_step=116752 | return=133.75 | steps=120 | track=9a3b24038e9d1d840a726cf404415792
global_step=117024 | return=-120.79 | steps=131 | track=2e8a7766e7f4ec518b2cdcf53329f567
global_step=117104 | return=-151.33 | steps=131 | track=dcf88508ed54ed8d067d615787b76a13
global_step=117424 | return=-139.80 | steps=130 | track=50bfabca924bb5d4d330e7681fbabf95
global_step=117552 | return=-148.20 | steps=131 | track=3d290b700003f0053ac1804069eee0ca
global_step=117680 | return=-76.47 | steps=182 | track=c245692823dec4573546469ebb7c8d1d
global_step=117680 | return=-147.21 | steps=131 | track=b728e19679bab473c30f4e91e9a637de
global_step=117792 | return=-89.74 | steps=170 | track=120511d7831aac86cfcc1c0f49327531
global_step=117984 | return=-54.06 | steps=89 | track=49e01b63b7fa7a5db2bf5423c87566e7
global_step=118160 | return=-81.45 | steps=147 | track=927abbfe2071cdc45eb9042226e731a4
global_step=118192 | return=-112.73 | steps=155 | track=ca7607c552fbdfc41325d27acea3744b
global_step=118448 | return=-132.73 | steps=131 | track=482a035819da7f87f3ad6ead4abbba63
global_step=118544 | return=-156.65 | steps=131 | track=663187b4d314ee8ac96880f60cbbc0f5
global_step=118656 | return=-170.18 | steps=198 | track=2ecc3d31449456fa2de5ab19bbc254f9
global_step=118736 | return=2.69 | steps=65 | track=406902968d06c6d2e663ffeb38b2af2d
global_step=118784 | return=-147.03 | steps=131 | track=072d133cb702385fec6a8414b7051858
global_step=118864 | return=-142.79 | steps=131 | track=bc9d019669fa698980278184c5895c4c
global_step=119136 | return=-155.38 | steps=131 | track=ce902b2123e899f3d0210cba79e81a57
global_step=119216 | return=-119.71 | steps=131 | track=200fef1c2d9cf1d8134b485a1b33e02f
global_step=119568 | return=-10.47 | steps=63 | track=28720bf69fb35a8dfa32cfb148d3ed8f
global_step=119664 | return=-53.15 | steps=139 | track=9dad973acacf81ffbb64d2429f553b10
global_step=119776 | return=-157.37 | steps=130 | track=57dbcbca1ab6ce8b82db825c05afd208
global_step=119808 | return=-179.94 | steps=268 | track=cf6bcfa3eeaadd72f2db503acc0421ae
global_step=119904 | return=-141.91 | steps=131 | track=47d4939b8dd43ccaee1d5685e5aaf72e
global_step=119904 | return=-42.99 | steps=146 | track=2a49d71ffa158e046300e8aae69d81fe
global_step=119936 | return=-39.23 | steps=49 | track=359e37bde5d80c5b730edba491225222
global_step=120096 | return=-149.20 | steps=131 | track=c644b90a29c6116321ec90fe36953c76
global_step=120272 | return=-145.71 | steps=131 | track=271be41804eb425e674b5941bfcbfac7
global_step=120560 | return=-175.09 | steps=131 | track=398604f4cf8e5d64f66e5672aadae480
global_step=120816 | return=-101.11 | steps=163 | track=45bf130f53c9bd1351546ce3019e9b3f
global_step=120864 | return=11.77 | steps=67 | track=fc411090dbb873c1986c1a4a94730f0d
global_step=120880 | return=-152.50 | steps=130 | track=2f197ac21bfa025358e8df04cd96e60c
global_step=120912 | return=-8.95 | steps=62 | track=365be6e849dfad4a5ac5bdcdde2bf03a
global_step=120976 | return=-117.84 | steps=144 | track=23ae67803bb6c1e5325e931463ba96e8
global_step=120992 | return=-116.81 | steps=132 | track=31e84cfcd7d680f81acffddc18e7ef9b
global_step=121072 | return=-70.77 | steps=145 | track=d54bfdd93bce34dd358489e4fc0cd741
global_step=121328 | return=-160.03 | steps=131 | track=608d11d372c1b4e352f4046950133b2c
global_step=121664 | return=-145.96 | steps=130 | track=8c0429ee009626156ae2ddc4b9bd2dd1
global_step=121696 | return=-51.46 | steps=48 | track=1a8350ae17b0e5609c4cd48ed61235b2
global_step=121792 | return=-159.39 | steps=132 | track=d7a29c9aab6ba55347bef7c72f36ba61
global_step=121920 | return=-162.99 | steps=131 | track=c732cd915160ab788b212b929b9cd3cb
global_step=121984 | return=-35.99 | steps=61 | track=a351342fb8aeae661987dabfc95186a3
global_step=122016 | return=-130.13 | steps=131 | track=92ad948719e147c1df198c597aaa431f
global_step=122048 | return=-141.28 | steps=131 | track=f5f807130dbea5a163827c676f2a62fa
global_step=122544 | return=-35.19 | steps=152 | track=68a4a7b9762ebdd626306069f2cd0c02
global_step=122656 | return=-155.72 | steps=130 | track=0eeafd9574263ced9856a13919917f84
global_step=122912 | return=-150.35 | steps=130 | track=11cee0486c21ae96de821396643cc955
global_step=122976 | return=-149.26 | steps=131 | track=11296455e7038fa355f9c246e313795a
global_step=123088 | return=-144.51 | steps=131 | track=4405b54b45f22e6e3232594ec7f56047
global_step=123184 | return=-174.60 | steps=143 | track=4a1eb7e84240bc275ede2fe236cacf9f
global_step=123440 | return=-127.50 | steps=131 | track=557aa11719b47d3d7da5a598822fb43e
global_step=123520 | return=-116.99 | steps=115 | track=c46f50387caa2f006a7c39236def06ce
global_step=123632 | return=-50.26 | steps=40 | track=7f03f1722ba6b71b703b8cc196d9b525
global_step=123808 | return=-144.27 | steps=131 | track=38bacc40fc9e30e3c256073937599e75
global_step=123904 | return=-142.39 | steps=131 | track=0ea8f987af6ac1080779c9386023fee2
global_step=124016 | return=-166.77 | steps=233 | track=6cd61f0e4def7280a88025773f21a51d
global_step=124032 | return=-176.61 | steps=131 | track=ea4cda6bdd962f76512a354be02de16e
global_step=124080 | return=-159.98 | steps=130 | track=c2da82bfaa6be37e6d36a5ecede7d896
global_step=124112 | return=-148.20 | steps=130 | track=c836f427b9ad214d0631a02c93adaa46
global_step=124144 | return=-55.86 | steps=65 | track=4cdbbce4bb079543ea9622de96685fe7
global_step=124160 | return=-154.50 | steps=131 | track=5f8cf8df690f394ed88321e01f65a540
global_step=124240 | return=-37.07 | steps=44 | track=701dea21e28da94a1d8e6398dd7e2f71
global_step=124480 | return=-8.75 | steps=64 | track=14926bbc9928a1e8c75c6626ff767140
global_step=124640 | return=-156.73 | steps=130 | track=de22dd8b548bf7a52535d55c3d8123c7
global_step=124768 | return=-144.91 | steps=131 | track=a818eada7415af06c1b6f8eb46f02dbf
global_step=124800 | return=-64.98 | steps=42 | track=56fd4977bdf81fa1c5655f89066929e3
global_step=124912 | return=-148.29 | steps=239 | track=9ab3a1219a387693ed6ff1f8aab839e6
global_step=125024 | return=-144.57 | steps=131 | track=81c9d2f3844946eb6d475a454ff90d96
global_step=125152 | return=-36.74 | steps=61 | track=217cc75b29268aa97b6dedb7f0e30bdf
global_step=125520 | return=-114.13 | steps=100 | track=b14e89411149feabdab2f6a716dd6219
global_step=125664 | return=-80.41 | steps=94 | track=21591400bb8219294f712ae317b1aa34
global_step=125808 | return=-51.15 | steps=55 | track=0a5a0864fcd2f86675e1a054887c1b52
global_step=125856 | return=-112.70 | steps=110 | track=d6e1ef3985bfbf93806c7a36ac2970a0
global_step=125920 | return=-146.61 | steps=131 | track=75face81a2f7b8ea5d899f9362fe12cd
global_step=125968 | return=-61.06 | steps=72 | track=8f0e086498319dfd18e75fb794eb5c4d
global_step=126048 | return=-117.94 | steps=97 | track=37f15dc6b8c6cac02a0add6090c61f45
global_step=126128 | return=-142.61 | steps=131 | track=0b375e09582c0da466c8b7bad4afb8ab
global_step=126144 | return=-65.81 | steps=61 | track=a475f05b99198194c17f35963d1cf224
global_step=126160 | return=-147.09 | steps=132 | track=5f86cacb4966c1f1fdb83ad0e1957154
global_step=126352 | return=-132.73 | steps=131 | track=4ccf8881d65fea664a12bf9e5299deda
global_step=126416 | return=-125.53 | steps=173 | track=68b9ef8774ae11dec5c6c937d2e56e2e
global_step=126528 | return=-65.81 | steps=93 | track=2ce0ba398f0d2e7bd364091fcbd35959
global_step=126720 | return=-164.61 | steps=220 | track=d73b8140ac26330e1821611663f5b37f
global_step=126752 | return=-138.48 | steps=131 | track=25e38db1433227acfe97ca2420719ec8
global_step=126832 | return=-75.48 | steps=48 | track=ce9ccaa907dea8f7f21a65ac60a7e360
global_step=126912 | return=-73.51 | steps=58 | track=630f07d6b0acdda3fb825469e2e0c15f
global_step=126944 | return=-138.13 | steps=135 | track=912098876ec2bef1421cacf4f380f966
global_step=127024 | return=-32.40 | steps=75 | track=48a938a629efc7597fdd3c23e647df91
global_step=127264 | return=29.49 | steps=68 | track=166e835c45cf896f750519a0e8b01126
global_step=127344 | return=-92.80 | steps=57 | track=0e746d18c52f9cc1b4a37094253dda59
global_step=127520 | return=-34.71 | steps=61 | track=ceed4c8847df370dbecea9a9e83a2e94
global_step=127568 | return=-115.55 | steps=89 | track=3866cdb70b810c6acbc6f2486d3312ef
global_step=127632 | return=-140.63 | steps=131 | track=6ab3c0e393f55ba1acba5462df3e88d7
global_step=127776 | return=-141.28 | steps=131 | track=d40dff5d173dc75c30d56ec023c2cc43
global_step=127968 | return=-145.48 | steps=131 | track=1aa7104d54836b02f346e6ff895d86d8
global_step=128000 | return=3.76 | steps=65 | track=bac6039fb2033d6cb8dfb74f557fe010
global_step=128256 | return=-155.44 | steps=131 | track=4e8eed129506e274417a82cda872c4f1
global_step=128272 | return=-115.17 | steps=146 | track=3bb41ac745ae8f5a5bddef53109f2476
global_step=128368 | return=-0.39 | steps=83 | track=04b699582cebed0b9f63364e8c173abc
global_step=128464 | return=-143.62 | steps=131 | track=08f2da7a789f6836afd06a1988040edb
global_step=128672 | return=15.22 | steps=68 | track=87018a2435c5a70a619f1fb53adc55a9
global_step=128752 | return=-24.23 | steps=69 | track=c68535bcb5c340c9aa837b98ec947e2f
global_step=128832 | return=-143.62 | steps=131 | track=66be2077c1e3b3aeae0b7f94b5f8e793
global_step=128864 | return=-165.49 | steps=131 | track=a9911c9cb41c49ac74cf517258eae2fa
global_step=129024 | return=-151.01 | steps=131 | track=cbd4886300b4d2c7922b03fc71659869
global_step=129120 | return=-113.63 | steps=142 | track=c23e372867a8a4eaa6cab2928c984f5c
global_step=129312 | return=-142.91 | steps=122 | track=d7d52ea5813415c50f965eb95d80b170
global_step=129408 | return=30.50 | steps=70 | track=b18ec274358f308182c2e24593b00dc9
global_step=129424 | return=20.50 | steps=65 | track=a78ee438443da65362a499deeff6d436
global_step=129504 | return=-122.08 | steps=139 | track=04c481eb50cde225482cc9703e238973
global_step=129536 | return=-126.60 | steps=109 | track=0964935a5878c8611973cebbe1cab01e
global_step=129632 | return=-141.73 | steps=131 | track=983df11a359b54f0fab97b5a6d4247d1
global_step=129952 | return=-40.79 | steps=121 | track=5d5cb645c046d97f81b0153430afdfff
global_step=130080 | return=-148.69 | steps=131 | track=4189e2b60cb0a99c6fc58797229ef7e2
global_step=130432 | return=-21.76 | steps=62 | track=038a244f8965c6a053d76b640ef1f300
global_step=130624 | return=-45.69 | steps=81 | track=5de98da4ebb6e87f91a9322136c6430c
global_step=130624 | return=26.04 | steps=67 | track=6b2a0efa82903326ed778f333d8d0397
global_step=130768 | return=-129.97 | steps=130 | track=6a993a087d2e76543bd0032490fda341
global_step=130832 | return=-60.64 | steps=147 | track=0d92bc007092cc6b2d51229a8f59ca5d
global_step=130864 | return=-140.80 | steps=131 | track=7ebfde2cf0e567b06298851d1efc78b3
global_step=130976 | return=-144.00 | steps=131 | track=974bf818d8e35caa8c05ec072bbdaf06
global_step=131072, SPS=75
global_step=131136 | return=-125.68 | steps=131 | track=748b60a22857d892c824a84b74f5d864
global_step=131232 | return=-133.69 | steps=131 | track=af65fded62146791580ea7c89309ee41
global_step=131520 | return=-145.78 | steps=131 | track=6dd3be6f6d8eb1294cfbffc568be611f
global_step=131520 | return=-63.41 | steps=167 | track=fad4110e5e2e39c20765368e62582f13
global_step=131600 | return=-44.03 | steps=60 | track=441b87a3ebdd859c323368188299b9da
global_step=131616 | return=-146.67 | steps=131 | track=20ae5471f18f6ce7448ed3cf0a72af3d
global_step=131728 | return=-159.12 | steps=130 | track=bdc3fa89ea365396e14dde5d1e347820
global_step=131856 | return=-179.62 | steps=224 | track=bb16fcb99207d8bbf09212732752795d
global_step=131904 | return=-7.59 | steps=66 | track=c73b6667ce928ad0041b8038ab0b7f6b
global_step=132192 | return=-133.36 | steps=131 | track=1592cb4266bd005f9db51745a926ebd8
global_step=132544 | return=-147.61 | steps=131 | track=2b2b3d93cb233dba5175ee61108ce247
global_step=132640 | return=13.35 | steps=64 | track=e1d000f0c8cee9868de492e57cbeb3fa
global_step=132912 | return=26.37 | steps=86 | track=0d5cc9455124a164873afd8afed6c931
global_step=132992 | return=-151.10 | steps=132 | track=f5316b820d6ebdf953d88b8d68937af6
global_step=133088 | return=-134.83 | steps=131 | track=f6b93a9949123f5939d1bd223520c9c5
global_step=133184 | return=-34.44 | steps=61 | track=c71d4a7950b2214e8e928ffbe4a79d3d
global_step=133216 | return=-135.79 | steps=203 | track=c2ae66b76a165b771b7c919f983ca2d8
global_step=133232 | return=-69.33 | steps=153 | track=3c066754cd687f0965dfdc538da35967
global_step=133248 | return=-146.60 | steps=131 | track=2964844571b4ca96262807f1e1e2e101
global_step=133568 | return=-99.65 | steps=145 | track=ecf7371ef7ac1771e040517461099adb
global_step=133632 | return=-144.71 | steps=131 | track=ed96fa2d39a5d487a21873ae5dbfeba3
global_step=133696 | return=-143.11 | steps=191 | track=d645cbe9905357b3567a25bae230fb86
global_step=133728 | return=-151.41 | steps=131 | track=4fc019f3783c5ba357383e326b11f0fc
global_step=133824 | return=-123.85 | steps=130 | track=6c438104771b8284414780bbf4bed90a
global_step=133968 | return=-142.90 | steps=131 | track=f59aef247a19f2eb3294dbb519db67d4
global_step=134016 | return=-147.05 | steps=131 | track=571ba89357aa5b752d05c2a9ad47f2be
global_step=134192 | return=-112.30 | steps=96 | track=a7abab012dc236b671749ae0b2a509f8
global_step=134656 | return=-144.10 | steps=131 | track=b160d8f11d67e1fee6b2777efda3ce1f
global_step=134720 | return=-120.93 | steps=101 | track=1d72258250676124da16a8a4b08a66ca
global_step=135024 | return=-158.70 | steps=131 | track=a247407c427fae19dde648a7afbdd5ad
global_step=135104 | return=33.56 | steps=70 | track=73b5029b7da1a59ca41c18ad39ce39e7
global_step=135104 | return=-163.23 | steps=131 | track=3c5dbe68b5a0e4f43c3b6455c79ff8f5
global_step=135296 | return=-146.15 | steps=131 | track=b51c24e822765b04222f5309534984e8
global_step=135344 | return=-152.59 | steps=131 | track=a2f13b339bc2c473a255683683520f80
global_step=135360 | return=-145.00 | steps=131 | track=3821e99405fdf71668c2085b590377be
global_step=135408 | return=-105.87 | steps=98 | track=f50749dac55fb2596636b618e7497c1f
global_step=135440 | return=-112.43 | steps=108 | track=af5244ebaedc3a875b6baad1f22ee4f5
global_step=135744 | return=-150.87 | steps=131 | track=91f5ec54f332520d40fff66c13b5a7c9
global_step=136112 | return=-157.17 | steps=130 | track=a6dd49f3dfcc4a29f6644d74eef4ceb4
global_step=136176 | return=-112.00 | steps=152 | track=ac8332a7dee954daf4c7a47e3f076de7
global_step=136240 | return=-119.31 | steps=98 | track=f0f16c6ff4faca78fbd9e750214a7e0f
global_step=136288 | return=-137.73 | steps=130 | track=9bd86e59fc0a7cab4f0d29a22377467d
global_step=136576 | return=-115.81 | steps=96 | track=8c33d4c395769494dc949c7bb24cbba3
global_step=136832 | return=-145.24 | steps=131 | track=be658edbc24247b6536522f489592994
global_step=137136 | return=-208.77 | steps=222 | track=72a96b4a531e1f0ee07b85676285b447
global_step=137216 | return=-142.39 | steps=131 | track=ea0961bd1bf571192479b5d1b904218f
global_step=137216 | return=-157.51 | steps=131 | track=e6eff510de406c0ee20bdc803f3afcbe
global_step=137280 | return=-7.29 | steps=253 | track=2798b76f3ac67fec74465c0be0f8c410
global_step=137408 | return=-109.90 | steps=131 | track=64e672066d4dd18c2c0583df93cba934
global_step=137472 | return=-165.85 | steps=131 | track=c8bcf267ec00aaf58675f5b5741b7ca2
global_step=137536 | return=-153.85 | steps=132 | track=b84fe1ead2a49eb9724193d4ff04ea9f
global_step=137648 | return=-76.05 | steps=95 | track=274e31a5146d36efb58bc36acdb0ce69
global_step=137856 | return=-137.70 | steps=131 | track=cbe7afe2f560e55cd297e26ccb3c4e4e
global_step=137904 | return=10.00 | steps=103 | track=f43c5c6802dd7768deb856012c54d0fb
global_step=138272 | return=-151.46 | steps=130 | track=ca3d2827248b146ee1177ed3593a0e36
global_step=138288 | return=14.22 | steps=66 | track=a6b4b5543665d0ec5e3ddff36afd6744
global_step=138432 | return=-20.69 | steps=55 | track=70923a67b24a92a6e0ecc49c400f7ef7
global_step=138464 | return=-89.97 | steps=188 | track=d7c6d1bedfa637de50e27f00a4793ddf
global_step=138480 | return=-186.46 | steps=195 | track=d30b471e15946200196cf32975bd7309
global_step=138624 | return=-19.80 | steps=60 | track=89bdd3ab99ded5a5a868d3640ed7e444
global_step=138688 | return=-156.38 | steps=131 | track=9cc99eb29cc5a48e4680022e38648d5c
global_step=138944 | return=-145.93 | steps=131 | track=ff6d657b44f1a68984cdd09a0d9950ef
global_step=139008 | return=-164.52 | steps=169 | track=451c558d42321ffd48b33de8e8ab2f3c
global_step=139104 | return=-126.34 | steps=117 | track=4d56282eb71b292cb1e741e20afe7756
global_step=139136 | return=-121.84 | steps=107 | track=4ec9bf80e19f41e6f15ae625364f5e93
global_step=139248 | return=-148.52 | steps=131 | track=168a2981c5dfe93eb090a44a0510acd8
global_step=139392 | return=-146.15 | steps=131 | track=6963eda24d0acfd2419546ed79cb4ce4
global_step=139440 | return=-105.11 | steps=95 | track=88a25198596e9ba6287c7077a8aa7fef
global_step=139568 | return=-146.50 | steps=130 | track=b9596158a6e4923489dcbdad02fdd750
global_step=139968 | return=-147.03 | steps=131 | track=a5c620370b7b840ad71ddc37f54707d8
global_step=140064 | return=-98.64 | steps=101 | track=223bc72e9191190616c7363d747e71ff
global_step=140240 | return=5.49 | steps=110 | track=2315abecbc44bc5a1e9d6025cb35525e
global_step=140304 | return=-59.02 | steps=56 | track=5c0ac660dc58ebf63bf9f4dd25836646
global_step=140384 | return=-143.16 | steps=131 | track=be9073509c253a6197a11681b22f1f5a
global_step=140400 | return=-157.27 | steps=131 | track=dcca07fe6983b330fe4c4c94ec132400
global_step=140576 | return=-23.46 | steps=62 | track=4aae645441f0b34e3cfabad72bedc1d8
global_step=140576 | return=-100.41 | steps=89 | track=4e23e1f53044fffaaa2bb9831dca5e0c
global_step=140592 | return=-142.04 | steps=131 | track=cfc60c3afce9bf92986617d0f04cbea8
global_step=140720 | return=-156.65 | steps=130 | track=1e8ac5118ea448052d965e4911c301a2
global_step=140784 | return=-119.46 | steps=110 | track=ea1a7da1755cb88d47a72386c5f88a4d
global_step=140784 | return=-149.69 | steps=130 | track=b34c5ae1488bc7871021a395a80811dc
global_step=141056 | return=22.65 | steps=67 | track=536d382fb7bbf2528cd625a6b55d3c33
global_step=141056 | return=-143.47 | steps=131 | track=0eb808618bb1379b332794708d1d16c7
global_step=141216 | return=-131.50 | steps=131 | track=0bd011906f33785819dfb412fa710373
global_step=141344 | return=20.37 | steps=64 | track=0d83b5bebd90cf20e60aaa96f00f2715
global_step=141360 | return=-143.83 | steps=131 | track=77c50c7f4193176f62b22cc8dcbdc380
global_step=141552 | return=-153.25 | steps=131 | track=df579daf7bcad2570bcb9b9c5d62ed52
global_step=141696 | return=-40.61 | steps=60 | track=1102ef25100c653003c7745fa2c05979
global_step=141744 | return=23.10 | steps=71 | track=6678caacbdae294a67e967ef9a79b6f7
global_step=141904 | return=-18.80 | steps=69 | track=5b2408914e4a47be1ed81add85c88f00
global_step=142000 | return=-113.42 | steps=88 | track=7cb35e8c08b18525d37706b8520d1889
global_step=142064 | return=-29.05 | steps=62 | track=19dd9cc369f9640b9d5a1ffde6a17bad
global_step=142176 | return=-135.64 | steps=131 | track=a36edb96fb9417eae9b901d91cf8f1ed
global_step=142352 | return=-147.81 | steps=131 | track=703fa617dbc7b100ec3cc57c79cae47f
global_step=142496 | return=-153.31 | steps=131 | track=f906e43481648ee73cf7b90204242fb6
global_step=142512 | return=-143.04 | steps=131 | track=dd78fd2c1219aac154479b49a388f97d
global_step=142688 | return=-116.74 | steps=131 | track=3bb1e606c8aab62d3568ac8ada3825db
global_step=142864 | return=-54.88 | steps=69 | track=3a2b42fc8309fae695e08e069783e9d6
global_step=142912 | return=-50.08 | steps=132 | track=00e8aa8dcb9254e8aff6bc63315b07d4
global_step=142928 | return=-20.85 | steps=63 | track=43beeec2179ad0bc023a8751834af214
global_step=143072 | return=-100.45 | steps=55 | track=0a78479c7e2397abcb3e19e52d9cc8bd
global_step=143248 | return=-130.10 | steps=136 | track=d3ed792088ca7f57da9772887da54ebe
global_step=143328 | return=-133.44 | steps=131 | track=73519eaafc76457246a4a6e55b0e56e2
global_step=143456 | return=-151.65 | steps=131 | track=5e65dd65a080e9fdef336c266984e4c7
global_step=143616 | return=-30.14 | steps=69 | track=3d5474b72839c5a368b7d4bc1a9392fb
global_step=143664 | return=-148.03 | steps=131 | track=c6fbb8f4aba2889d51e209e04f8024cc
global_step=143808 | return=-145.51 | steps=131 | track=72e4ea688b34387d0fbf8c3db98cd1e0
global_step=144016 | return=-28.11 | steps=67 | track=c7440dfc1f4c9b5dde0d8c7a949b1c35
global_step=144096 | return=-141.49 | steps=130 | track=8958d82b1b92e8315e2fc57bd048d481
global_step=144176 | return=-65.76 | steps=57 | track=417162e1cdebeb1c6405d230e4af9d92
global_step=144176 | return=-75.64 | steps=52 | track=31c24a0ac29aa5dc87151a41a6e9b375
global_step=144176 | return=-133.16 | steps=131 | track=f23978dc552382ab350d98918da60b13
global_step=144240 | return=-184.14 | steps=179 | track=88f98e1644a5e012fc037003711dc2c4
global_step=144352 | return=-19.51 | steps=45 | track=1623298498d5e291997654e76ed58bf0
global_step=144608 | return=-121.33 | steps=130 | track=0f46ac25d665581f218a29dc4b74fdaa
global_step=144672 | return=-73.75 | steps=62 | track=b57a54319532e96877ac27bc1a3cabaa
global_step=144800 | return=-150.13 | steps=131 | track=93bf570e7fe280feaa3a706425f4e9bf
global_step=144976 | return=-151.41 | steps=131 | track=f5dbbbe5d75263ce3695ed4cfb2c858b
global_step=145024 | return=-146.37 | steps=131 | track=ab6b145d779e969af381fa1c2fc52176
global_step=145232 | return=29.92 | steps=65 | track=357890d0e0fc62c20fb1bc6ff14c7bda
global_step=145360 | return=-27.11 | steps=62 | track=6a89e0fcd170c2753e8d09186374f55a
global_step=145424 | return=53.65 | steps=73 | track=897da71812cafb46f69bc63aac615c17
global_step=145568 | return=-131.70 | steps=131 | track=b1dc362b567042a5d954d4a96a2e37d0
global_step=145712 | return=-54.54 | steps=209 | track=2077267da1b12a09dcc84c3a0851b2cf
global_step=145904 | return=-140.42 | steps=130 | track=5597abfa6ea0ddfe748aac2aa45e6e7f
global_step=146128 | return=-133.44 | steps=131 | track=7acce76edcdaff89f88b6707e3886566
global_step=146208 | return=-131.34 | steps=131 | track=ac856e84db88224437913ab813ce59e4
global_step=146272 | return=-145.77 | steps=130 | track=01a508aef49f9f396f348467e8662f1f
global_step=146336 | return=-33.44 | steps=68 | track=623d18aec8d2c5d03d68a486ca22b313
global_step=146352 | return=-198.43 | steps=204 | track=dde21b1c862210da0c4c0383836f5f70
global_step=146448 | return=-118.22 | steps=110 | track=3e9c053751e9e3c2ce05d4edf519a1b8
global_step=146448 | return=-81.93 | steps=141 | track=ff85252239bf2f8e29c38dc553974c1d
global_step=146720 | return=-142.90 | steps=131 | track=db9d58a3d9386ae361aba2a9e696b7b0
global_step=146912 | return=-145.24 | steps=131 | track=70e53a1b2cdb9116ccb33ddef4992006
global_step=146960 | return=-47.43 | steps=42 | track=d176c89875a26368eb37499aa8223566
global_step=147088 | return=-139.48 | steps=131 | track=b04d32ce8dc5c97a2509c47508b6af0b
global_step=147120 | return=-116.74 | steps=130 | track=d0d58fdc2b9521304853a4c20d011f33
global_step=147232 | return=-21.39 | steps=63 | track=f82bc159154715faa65071171b179073
global_step=147456, SPS=75
global_step=147536 | return=-151.63 | steps=131 | track=322c340e306e08f160edd3ed5d9e446e
global_step=147552 | return=108.51 | steps=114 | track=7c1d6101a848fdfc1e0f28ac5276ac8f
global_step=147680 | return=-136.43 | steps=131 | track=cddcbe03ace5de7ce3caec187deefea8
global_step=147872 | return=-124.70 | steps=95 | track=0d6f8c3fbe02d41176947e2697c08243
global_step=148000 | return=-140.79 | steps=130 | track=29e09505e77d4897cda571503b221b21
global_step=148208 | return=-105.51 | steps=177 | track=0b6fb75d9847a62d1ba97c79894f8bc1
global_step=148224 | return=-125.99 | steps=110 | track=c54afe65ab7bee7feba1d87c454abe03
global_step=148240 | return=-140.94 | steps=131 | track=d73bd645c6f26d4ee58b4624852358fc
global_step=148464 | return=-149.31 | steps=131 | track=12971dece8b8ec54562039e3a490ef20
global_step=148528 | return=-49.69 | steps=61 | track=787b7709582ac993f2f441b7d441e4af
global_step=148560 | return=-154.09 | steps=131 | track=a74ea9ee4b2b066801cd9d20eaf6f817
global_step=148688 | return=-122.21 | steps=110 | track=dfbc411ea4e6f1dcab4aecc75e7c045c
global_step=148832 | return=-150.16 | steps=131 | track=0e566218f59582c5765142b4b187fbc9
global_step=148848 | return=-113.64 | steps=107 | track=8a81a2c32f0b64fb653197c36bc447da
global_step=149168 | return=-110.88 | steps=137 | track=7476c40d1a36576ee10a59913092a0b0
global_step=149184 | return=-151.78 | steps=130 | track=bc902466d8590906cb17f9948839f8a3
global_step=149296 | return=-0.83 | steps=65 | track=02c1cbdbd0943d2ded7694897740659c
global_step=149328 | return=-159.83 | steps=130 | track=3da4bae99466734867f010b58a98e0a3
global_step=149792 | return=-158.89 | steps=131 | track=9b2a7af45e951559eea07da7a90ca3ab
global_step=149984 | return=-140.83 | steps=131 | track=7de7953de880ffec9cc726a4fdb72056
global_step=150320 | return=-125.35 | steps=130 | track=c92a7733ea6e61d8a141337649a722f2
global_step=150320 | return=-137.56 | steps=131 | track=2148cd97a85666de12e3210f8f603fde
global_step=150576 | return=-145.14 | steps=131 | track=78ae6d921853374659a5cb59141ee588
global_step=150640 | return=-165.75 | steps=131 | track=6f7b82c8d1a8bce2abd11c2cd4a1ee06
global_step=150640 | return=-123.11 | steps=192 | track=6678dc349e3babc180003907f150a903
global_step=150752 | return=-106.93 | steps=136 | track=4ef2def33657d8b20384cd19d5db4783
global_step=150944 | return=-149.11 | steps=131 | track=12e1d4b028d80391c8630850fa4c7e60
global_step=150960 | return=-151.25 | steps=131 | track=f8ea9b67d9f4896b116fac174fd4c3cb
global_step=151264 | return=-124.31 | steps=130 | track=f39ca9bb8fbb64b52a3d30a0712616e2
global_step=151296 | return=-148.46 | steps=131 | track=44b61b891a381840ef16e8a93e9b4199
global_step=151392 | return=-143.34 | steps=130 | track=2bb2974f8289d5cf68f8ee7fb3bdf674
global_step=151440 | return=-137.20 | steps=131 | track=024f0c44c600c1403f60bc4d886549d8
global_step=151552 | return=-9.05 | steps=60 | track=5b0e8105da6cba8e555ea56730f22f7a
global_step=151616 | return=-25.68 | steps=60 | track=5ebf08832b4a5c955f0fd82b4e566121
global_step=151904 | return=-133.51 | steps=131 | track=62267b67bb62a75d60c77c86de980796
global_step=151968 | return=-5.72 | steps=62 | track=5cdd76e526285db526e42e30fa2a2671
global_step=152064 | return=5.99 | steps=69 | track=7c9039461701435262deaadfd826232f
global_step=152080 | return=-141.02 | steps=130 | track=2d8b957cc7464836a3d9ed11f5bae277
global_step=152112 | return=-159.02 | steps=256 | track=2ce77dc689460cc29896cddbbba887e5
global_step=152144 | return=-52.07 | steps=215 | track=4647cafdbe228a93e2c47bdccdd354ee
global_step=152432 | return=-138.79 | steps=131 | track=b0b8356f71c57e35565f4c6aebc36f89
global_step=152432 | return=-166.06 | steps=131 | track=4e14a6c2d030e05bb6a28a1774e2ef01
global_step=152704 | return=-131.58 | steps=128 | track=73d41e4ad4d5b0fa14bd89d8c82940d4
global_step=152800 | return=-91.58 | steps=95 | track=92d3e2362e74b3965d56bce9b9904271
global_step=152832 | return=-73.34 | steps=46 | track=63c28cdb48173ddd1a496d760d84baa4
global_step=152848 | return=-145.38 | steps=130 | track=ba6d2b306714ba7a60d325c5f8729901
global_step=153024 | return=-86.13 | steps=98 | track=d930f3d2313731b613543d97de084693
global_step=153184 | return=-14.65 | steps=64 | track=1710095a02a1e4bd504d7eee1013fb6f
global_step=153344 | return=16.81 | steps=76 | track=95385c0a3726d03751b1bfc8cf3154a3
global_step=153392 | return=-145.67 | steps=130 | track=1d5cba137dfe0e87161d4a0ec9850bd0
global_step=153488 | return=-148.99 | steps=130 | track=f372e8272bf883170fa7e29d48c197a3
global_step=153664 | return=-148.77 | steps=131 | track=5b5c145a460b00770bb9cf39614d7f81
global_step=153664 | return=-26.34 | steps=53 | track=2ab4fa6a601d909f3204925b48c3cefe
global_step=153696 | return=-39.44 | steps=61 | track=6e2314fddc2d0657b2b4f098b3b3df7d
global_step=153728 | return=-137.53 | steps=131 | track=da1621c900b29e2175554c1c54b4ce8c
global_step=153920 | return=11.58 | steps=67 | track=6cc95d2680d368656180eb00e4718496
global_step=154176 | return=-148.42 | steps=131 | track=4f58f41990ef17202d355566d5c9cba7
global_step=154544 | return=-153.75 | steps=131 | track=2ab85b265eda801d344ae31e567c0e96
global_step=154640 | return=-18.64 | steps=77 | track=6492a88374e7e882f591a0976115469c
global_step=154960 | return=-150.60 | steps=131 | track=b0138326ddf8874ded1ceee3f2b31635
global_step=154976 | return=-0.01 | steps=65 | track=80b3ebed083b0e56ee7c589d654de8c0
global_step=155136 | return=-144.93 | steps=131 | track=26459bb262370d10d81fca76c7677e37
global_step=155296 | return=-147.81 | steps=131 | track=e9e818414078b442e8ac106912f5c91f
global_step=155408 | return=-215.01 | steps=214 | track=caec382be7640003fb143420cc5bc45e
global_step=155440 | return=-149.27 | steps=130 | track=38ea13616339ceff6478287b5768e08a
global_step=155600 | return=-158.64 | steps=131 | track=eccfd10196a213210f73d9ad231ef0c7
global_step=155776 | return=-94.96 | steps=127 | track=974295a413a8758d162ab6518b40c40e
global_step=155808 | return=-143.61 | steps=131 | track=de62b0a8d48df9d9a3dfcf81a7f392d4
global_step=155856 | return=-124.25 | steps=246 | track=6a6d958b6ccdfe89cbcf6f205e49981a
global_step=156096 | return=-72.95 | steps=151 | track=096b54dfa6f59b6636777094e0cf8868
global_step=156128 | return=-64.27 | steps=42 | track=0f1e1a390d1976626719a6e7a7130956
global_step=156448 | return=-94.19 | steps=141 | track=675ec41dbfe3a6b1438ef9921ea274de
global_step=156656 | return=-145.48 | steps=131 | track=3669b72917950f0867cfdaff03a9553d
global_step=156752 | return=-160.18 | steps=131 | track=9782c8f581abfe75f02060d0d765bd3b
global_step=156752 | return=-22.56 | steps=60 | track=650df01bdae4d287292ce0f1b7ede9b7
global_step=157072 | return=-140.60 | steps=131 | track=d5ad2f02159d4a08e84cbcb948f5f65b
global_step=157088 | return=-145.96 | steps=131 | track=59b7fcf54bd35ffba56e38b1c4387e40
global_step=157248 | return=-153.42 | steps=131 | track=03e450603a9e7094861763e49f03d9ed
global_step=157392 | return=-129.58 | steps=130 | track=1d80a3ea50f1418a62f7fea7d86d7046
global_step=157520 | return=3.06 | steps=66 | track=d97be9606377133cb00128bdde58cf00
global_step=157520 | return=-151.99 | steps=131 | track=425cfd7c5e28f3b50ebb00cd7e1e262b
global_step=157648 | return=-21.07 | steps=61 | track=7a3650aa9b489244fd63716dda279247
global_step=157712 | return=-147.13 | steps=131 | track=a861d4abbe394a0ec96032b4660799b4
global_step=157920 | return=-171.75 | steps=131 | track=af7fdb7029dfd09c983fdcd2fc67cb7b
global_step=157968 | return=-149.00 | steps=131 | track=80e71e34ef79e3a57712102f086ec594
global_step=158208 | return=-134.98 | steps=131 | track=9fe2b86ff1ca41415615ebc34adf4e45
global_step=158224 | return=-146.64 | steps=130 | track=9c78a05d5e3caa506fceb04f0efdd1bc
global_step=158512 | return=11.42 | steps=69 | track=d11f0c869f35a13ad68fa0a095845e64
global_step=158672 | return=-34.17 | steps=88 | track=98c4ff1ca80bc7a9f382d2e508d0344c
global_step=158864 | return=-13.29 | steps=75 | track=c2fb8cafe9149f82047d3962d2035d73
global_step=158864 | return=-148.06 | steps=131 | track=2aa2325900f709daba5267b8ae42ac34
global_step=158928 | return=-284.65 | steps=405 | track=48974d5447caf276d06497a2f032e91a
global_step=159024 | return=-77.55 | steps=93 | track=7a149c73f36d0baa8af7d114f4eb74d3
global_step=159184 | return=-140.06 | steps=131 | track=8212613b00ca7e913c9a2a9c998f386b
global_step=159184 | return=-149.58 | steps=130 | track=f0afcfc3089cf7a28d5fe140931692fd
global_step=159360 | return=-79.23 | steps=89 | track=03615cd31179a62f466e5ee88e2e032f
global_step=159392 | return=-105.21 | steps=164 | track=b0e08a766cc291687c86accc4f341263
global_step=159392 | return=-50.99 | steps=44 | track=d70078930ce146d2532f375ae1040df5
global_step=159440 | return=-167.40 | steps=360 | track=12c522202a2022454b36a468fc725a18
global_step=159616 | return=-163.50 | steps=130 | track=e93d55359914d12b4055360c7a1b4fce
global_step=159824 | return=-129.87 | steps=131 | track=7cd316d9b0d7cfd4319f2f07a9855173
global_step=160160 | return=-81.00 | steps=60 | track=5ded6c3293da58181617aeb0a917ac79
global_step=160448 | return=-75.24 | steps=139 | track=30cc1fa6b782fa354aa650347479b86c
global_step=160608 | return=-108.86 | steps=108 | track=85bce8a246c5a57bf02c6dedcc4a5f8a
global_step=160624 | return=-137.32 | steps=131 | track=61764790d4d28bf5d71aa0204001658f
global_step=160672 | return=-46.83 | steps=152 | track=339adcc739b4e72f0b583ae1742c364d
global_step=160704 | return=-62.27 | steps=67 | track=58c4434693ce4f8b6c9487fdeeb6f0ab
global_step=161040 | return=-147.03 | steps=131 | track=024c913903fe6996840f66658a62f85f
global_step=161072 | return=-92.17 | steps=104 | track=98b19853e689ac5210e770ba85bb03e5
global_step=161136 | return=-136.17 | steps=131 | track=9eca796aabcdc5d8618b91e3db7af1c8
global_step=161296 | return=-141.37 | steps=131 | track=467b254b9baba3650125d5b72260f8ef
global_step=161424 | return=-77.26 | steps=49 | track=9532c57ef88e111279b6c80e8850fa47
global_step=161456 | return=-96.80 | steps=130 | track=22926438e596f1824ffee22aeb8b4eed
global_step=161504 | return=-148.77 | steps=131 | track=0ba0be36fa9aa54bd66b7d3831fbe713
global_step=161808 | return=-64.70 | steps=147 | track=8e96109566676bf833f7c5a217249649
global_step=161936 | return=-138.73 | steps=131 | track=b6770f2a3dbf40f826a4b59472fdd78b
global_step=162272 | return=-136.09 | steps=131 | track=6b3bc371f729d6883ed0661b00634c91
global_step=162480 | return=213.22 | steps=225 | track=499c5f3e4c3299c4907a0e0f689f6a3c
global_step=162528 | return=-4.95 | steps=76 | track=5a7013e2dc233f1f6ef8e8d85494c321
global_step=162544 | return=-138.58 | steps=130 | track=6e21e7be7cd2c5b82de2fbf553d2fd11
global_step=162720 | return=-144.33 | steps=131 | track=807b1780bcd231a488c1a88443466685
global_step=162784 | return=-140.06 | steps=131 | track=a576039368819ab96427715fc48e742a
global_step=163152 | return=-147.67 | steps=131 | track=36e0d112f461f24a6f72d63279a105a4
global_step=163168 | return=-149.86 | steps=130 | track=c286dab56d535285063f118690cec7ec
global_step=163184 | return=-122.74 | steps=104 | track=ca5df680a605c07b4df99084165a5b99
global_step=163248 | return=-139.69 | steps=131 | track=e22946b4eb914f1b69ab8beba839652e
global_step=163296 | return=-128.25 | steps=116 | track=4b98be7d5818faccbfa7eb9fa75283b7
global_step=163296 | return=-95.95 | steps=92 | track=35ace16be38de30d1810edc1f42485fa
global_step=163424 | return=-167.93 | steps=169 | track=8ce416692b8d834a591d6cc06d0d73d4
global_step=163456 | return=-32.63 | steps=41 | track=2bd3e341e750f2b1d9742f46dd4c13ca
global_step=163552 | return=-148.40 | steps=130 | track=26ef5232d3a15c1032b703dad54954f5
global_step=163840, SPS=75
global_step=163920 | return=-114.05 | steps=89 | track=c45e977f4b0720a272e016c8b4d2d334
global_step=163984 | return=-115.75 | steps=375 | track=8d338f1914fa72bf91449e1e03438d41
global_step=164256 | return=6.84 | steps=67 | track=3e833f9e6faf33bd71cf189cca935885
global_step=164640 | return=-137.96 | steps=131 | track=7f16adde7c88e13520a5e1b35e0b6d9b
global_step=164832 | return=-152.90 | steps=131 | track=c87d8cbc63c40ff446f51c05dbcec1b0
global_step=164864 | return=-67.14 | steps=144 | track=575e3b307cf06efcfefb1e9d45de68d3
global_step=165264 | return=-137.46 | steps=131 | track=631e56dc6a38690d7cf11d707f0b0bfe
global_step=165296 | return=-147.41 | steps=131 | track=8e902f69bd44f6cb258a96a290b64bfa
global_step=165360 | return=-154.30 | steps=131 | track=98d057c6b0c6ac6c6f1120aee441b47f
global_step=165376 | return=-58.74 | steps=45 | track=f2d7562f633c4a4aeed9f651f11f15b5
global_step=165392 | return=-143.95 | steps=130 | track=f9411dba5542b1bad91f2cf42c4d9fcf
global_step=165408 | return=-142.99 | steps=131 | track=a381f5e7ec4c962bd6c21545c5ef0f76
global_step=165536 | return=-149.98 | steps=131 | track=2849604f2e03ece5d92fdbf1360c47c6
global_step=165568 | return=-149.46 | steps=131 | track=29a642972a4c1cf86edd7a4c0934fdaa
global_step=165648 | return=-176.72 | steps=130 | track=9532b693989449329b31fa96bf3759c1
global_step=166032 | return=-139.56 | steps=131 | track=bacbe5f51867e236dfa19ac02c1111b0
global_step=166064 | return=-153.81 | steps=257 | track=607e7e099f418e2cb0fdb016cace07c3
global_step=166096 | return=-145.71 | steps=131 | track=8d0423e5f2ba774ae69b69a943a40ef7
global_step=166352 | return=-146.46 | steps=130 | track=ead6e47b83cb1af91c56279f91988275
global_step=166400 | return=-7.21 | steps=62 | track=06555337c20be475bc549cc8cb7b68d2
global_step=166416 | return=-4.01 | steps=65 | track=af04f76d3f000eb49cb4854d44903e22
global_step=166560 | return=-126.37 | steps=105 | track=98230b43a54ee2f6225972ecd9534512
global_step=166848 | return=-90.90 | steps=89 | track=a83454adf9f9a4d21b2554d90e56db64
global_step=166944 | return=-154.18 | steps=131 | track=cbe28277a41c6bcb05fb94bccebdf346
global_step=167408 | return=-147.61 | steps=131 | track=461d607c1f2c835ed13749d29ef4e42e
global_step=167488 | return=-135.21 | steps=131 | track=829617ee125de89ac72c7d4631333b0c
global_step=167648 | return=-107.43 | steps=96 | track=3f3c036d4f91c38a8ac9a111a0c3e8c9
global_step=167648 | return=-128.20 | steps=131 | track=b5ffaf2836aec6dcf381bae8c79ee3c9
global_step=167680 | return=-146.10 | steps=131 | track=95d852745e5ec81be1fbee58e8e43d19
global_step=167760 | return=-137.46 | steps=131 | track=4f23a519b3d752faae9f1794a7827047
global_step=167808 | return=-113.00 | steps=158 | track=2d5821179bd7474e7c28ea3b2857826c
global_step=168032 | return=-243.99 | steps=359 | track=12e458e83c1894670a0f2f17b1d86f66
global_step=168128 | return=-156.60 | steps=130 | track=4f119bb33d247454dedc276f98d89f27
global_step=168176 | return=-142.23 | steps=131 | track=abe9031c64903fe0ec8fe3ec9effb26a
global_step=168512 | return=-142.93 | steps=131 | track=b9c3aa87b34f3c1c61d924ae148540e5
global_step=168528 | return=-139.81 | steps=131 | track=91350e8915a20d0f94bfa07349b582d9
global_step=168592 | return=-114.97 | steps=102 | track=14dae0caa2b1b74f940f97d597617b45
global_step=168672 | return=-143.41 | steps=131 | track=55727ad2dc21fd4889d2e115011374ef
global_step=168768 | return=-139.07 | steps=150 | track=5d01fdcdfc4214b86ddec1ae76873c96
global_step=168960 | return=-162.86 | steps=131 | track=c342d003fda1399c6aaba57e6f22c6de
global_step=169120 | return=-106.90 | steps=89 | track=8747026313c047cf29344346a98f082e
global_step=169520 | return=-149.68 | steps=131 | track=cfec5857706b6a2d8348795ae2540cc2
global_step=169744 | return=-152.80 | steps=130 | track=90b0c3d871b82ea4e78a3a5601b1a90a
global_step=169872 | return=-160.18 | steps=131 | track=a59f1295825d4cf266946dbebccce381
global_step=169904 | return=-152.75 | steps=150 | track=e004472c938ec25ae6ffc079772fe65f
global_step=169904 | return=-148.99 | steps=130 | track=7ae4cba97641a2849ca0816344d6959e
global_step=169952 | return=-29.55 | steps=61 | track=ffc9c17b1f8ef5c7be2163cc245cc9e1
global_step=170016 | return=-91.81 | steps=117 | track=74b4f6c68eab6ce5179198f18a3e41c2
global_step=170144 | return=-148.69 | steps=131 | track=9c9692a6321145cb1303ef4f7ecfef72
global_step=170272 | return=-141.69 | steps=130 | track=6cc13c1fa184a2f8bb77ccde253ef30c
global_step=170464 | return=-118.90 | steps=105 | track=e6e02e0ef4f34cc1ed8d95b05b01f078
global_step=170544 | return=31.12 | steps=180 | track=7e183840093ff897467c9db4c9b012d2
global_step=170592 | return=-97.78 | steps=119 | track=50fa804eba91ec483b2730a128479032
global_step=170624 | return=-143.47 | steps=131 | track=98ba5076e5e0fb3e67ce55ad21c5db20
global_step=170624 | return=-145.89 | steps=130 | track=003cc00a4cd005044f8a02d69f4272ca
global_step=170720 | return=-155.91 | steps=132 | track=f05fad671c4b90a5f3807bf3926ce5e5
global_step=170960 | return=27.05 | steps=67 | track=241bd65750cf4325c09a039067d5c314
global_step=170976 | return=-10.25 | steps=63 | track=752c3c324c964924c9ffe7f0af8af319
global_step=171264 | return=-125.68 | steps=108 | track=3a89cb719d0611447ae8e73d2ac1fdf5
global_step=171488 | return=-89.25 | steps=91 | track=ba9a287b73717374ae55d89ab72bc32f
global_step=171536 | return=-155.87 | steps=150 | track=02b11fe97a9b683470596987d5c7274f
global_step=171616 | return=-7.50 | steps=66 | track=11272c71457cff8e4825df67afaeae49
global_step=171728 | return=1.03 | steps=70 | track=023c28cdef68fd0ea95a9e153effea7d
global_step=171856 | return=7.26 | steps=76 | track=9a1c311718b583d19c2322837d023b7e
global_step=171856 | return=-148.03 | steps=131 | track=38e8231f94301d146b60e006b97f13ad
global_step=172256 | return=-148.50 | steps=131 | track=84b1ffb2799a2d51fac59faa4b5a5937
global_step=172384 | return=-66.53 | steps=47 | track=f435357728f8728516336b1c52dee3d3
global_step=172432 | return=-13.18 | steps=122 | track=f05b9693f12f0346ad119da5cb1ce07a
global_step=172624 | return=-129.24 | steps=169 | track=c3aac04179af9f1ad19cb73610ef9454
global_step=172624 | return=-106.59 | steps=169 | track=f1a78025a5027fc4e35632b0c75367fc
global_step=172736 | return=-160.90 | steps=131 | track=c6c62ec20da57889706d2e5e64936bc3
global_step=172832 | return=-152.40 | steps=131 | track=016294ee512ba07c3d519e43b6729c9d
global_step=172832 | return=18.37 | steps=68 | track=33a325f091710836735525b6fe897ad8
global_step=172912 | return=-14.29 | steps=65 | track=7c68c140717abbe167da3468a5363a82
global_step=172976 | return=-166.25 | steps=168 | track=c2cd5415e24956a63b939e2b5d0a0efe
global_step=173376 | return=-142.83 | steps=131 | track=04934aa7aa7af315716c12202d45a677
global_step=173520 | return=-81.05 | steps=158 | track=8c48f94cfd8bfe52df6aa5c166d021cf
global_step=173600 | return=-145.03 | steps=131 | track=77e3e94c6e8b7286608a2a524569c1af
global_step=173648 | return=-153.54 | steps=131 | track=2962c87fffbc9e93042acaa1a662470b
global_step=173952 | return=-152.82 | steps=130 | track=169222d960b8ca127bffbb4fd558974f
global_step=174048 | return=-62.79 | steps=41 | track=b921ee8b69e4916e1547632ca1f63226
global_step=174256 | return=-65.18 | steps=45 | track=df4002d9405ba4445fa7152baada53d2
global_step=174368 | return=-148.38 | steps=131 | track=299acc78e2222b4ad56abf6ed0b877b7
global_step=174496 | return=-137.96 | steps=131 | track=c0fe080eb9c7cbe812c2d789b6b040cb
global_step=174544 | return=-150.60 | steps=131 | track=89e20ba66b75bba72c5a7ecc49baa2e8
global_step=174688 | return=-131.94 | steps=110 | track=4c640c9df5336996b2e1855cfac46767
global_step=174752 | return=20.63 | steps=125 | track=55adef9315fa45729de4f81449680e74
global_step=174944 | return=-143.89 | steps=131 | track=f16ac15d463b5e0ca2126251c1674fab
global_step=174944 | return=-136.17 | steps=131 | track=0060d7b611dd3373175b295b3de47633
global_step=174976 | return=-132.65 | steps=146 | track=99dc3f1a197185f32373b2a04aeeae08
global_step=175072 | return=-139.58 | steps=130 | track=eef0dbd56d7f1c259d954759b03d8669
global_step=175200 | return=-53.23 | steps=160 | track=c2180c8a88aee1299efc25017f6d48c4
global_step=175232 | return=-15.12 | steps=45 | track=fc13c25d02ef1ced25e80bdb6e855a8b
global_step=175456 | return=-33.62 | steps=74 | track=145a5c76942233e8edd49347ebee29d5
global_step=175712 | return=-151.87 | steps=131 | track=167348e3e3b87de60e972ceb6bd1e2d4
global_step=175760 | return=-152.18 | steps=131 | track=6721447f1197b5403511132fb1cb9771
global_step=175856 | return=23.25 | steps=68 | track=2dab03b1365601e65e1597a45f47bb05
global_step=176032 | return=-14.90 | steps=67 | track=ab1129fa174c4d58afa4a6e55d226e45
global_step=176064 | return=60.20 | steps=69 | track=f6cd5a4b9648f86da3f5996074edd698
global_step=176064 | return=-139.90 | steps=131 | track=69a0f01691ee04ec93231438899fbfd4
global_step=176144 | return=-147.23 | steps=130 | track=67907e3df04c75e9b396e876d8f049fe
global_step=176464 | return=-153.09 | steps=130 | track=bca2da3af9d5f375da1b5e8cc0a1b43f
global_step=176608 | return=-130.46 | steps=101 | track=36e2520d3bc4fc13959860ef1dcfaafb
global_step=176656 | return=-152.78 | steps=131 | track=27c751440fdb525d10ae533dc02fe1de
global_step=176880 | return=-74.39 | steps=102 | track=480a65c0e7ca9a34b8962e1047689cf5
global_step=176880 | return=10.39 | steps=69 | track=43863c3822e13193b1bee0c47a35ebc6
global_step=176960 | return=16.24 | steps=68 | track=f94e2a70b052a3bc64d4cd140896e302
global_step=177088 | return=-171.26 | steps=382 | track=7b998309673d636fe6104629cd167dd0
global_step=177184 | return=-138.70 | steps=131 | track=93c90dd93c5b10aac7870bcb9784642a
global_step=177312 | return=-133.54 | steps=131 | track=dd49349c5fdfe49bd8bb5ea8837751bd
global_step=177392 | return=-101.04 | steps=168 | track=ff49fe75591d455dd3040c1466ee61f8
global_step=177568 | return=-142.90 | steps=131 | track=aa119bd4ebd0c288473f04175c317723
global_step=177664 | return=16.99 | steps=65 | track=700aa112a186cc793ab0791ef076e01b
global_step=177808 | return=-155.84 | steps=130 | track=42a50d8fdce5fbacebb5287686aa20c5
global_step=177808 | return=-122.34 | steps=108 | track=3abc91363060a3b6744f4da91adc639d
global_step=177840 | return=-145.59 | steps=105 | track=67733c54ad127bef13935ff0f06cc6b9
global_step=177904 | return=-64.33 | steps=63 | track=c696e7391da055643a32860e7fef7601
global_step=178240 | return=9.75 | steps=65 | track=3b864fd1c47bbba44b0e91c093ec0035
global_step=178272 | return=-46.16 | steps=59 | track=1cf11f6e7bdab5a09cf124df9a1348d1
global_step=178576 | return=-130.63 | steps=131 | track=0a3e68c31513b9c0930bcd01b7ad7b3f
global_step=178640 | return=-146.28 | steps=162 | track=5d5926dad79a16f605ff84004e222527
global_step=178768 | return=-140.80 | steps=131 | track=14e91ae2fa3de582ed52986a5d93bad8
global_step=178768 | return=-121.16 | steps=104 | track=92f7abb93233bb28368442bb26417ae7
global_step=178992 | return=-144.80 | steps=131 | track=087e5b094a19391b9fca7e46f8a73dc9
global_step=179520 | return=-113.99 | steps=100 | track=c4493815a0227a6a704498aa6d4806f2
global_step=179632 | return=-127.46 | steps=166 | track=0e0d00305cbaea34cdeaa6291bfb8f60
global_step=179648 | return=13.58 | steps=66 | track=f71957ad9615fef8272eee7fa81098ae
global_step=179680 | return=-142.92 | steps=131 | track=7d9eb82c66aaf73cbc297a58d9c5e5a6
global_step=179696 | return=-32.38 | steps=65 | track=c03ba0e0e0e1de43e232c20ce8152a65
global_step=179712 | return=-92.63 | steps=144 | track=e5ebc7c1868985626197ad10284dee75
global_step=179888 | return=-11.92 | steps=69 | track=c4ec7f0fbdef9d27e87c7f0fa8cb7176
global_step=179920 | return=-148.69 | steps=131 | track=67b767905af18bb40d8ca7da7b0188ca
global_step=179952 | return=-147.36 | steps=131 | track=40f1a1f69573748657829bb0dc924ac9
global_step=180224, SPS=75
global_step=180352 | return=-145.11 | steps=131 | track=190954c459925d74518539011c05cb55
global_step=180368 | return=-165.99 | steps=130 | track=d1947e54fe75b40221fbd1aeaabda722
global_step=180384 | return=-38.95 | steps=45 | track=4730b14120d58a0e52a0f04899933782
global_step=180448 | return=-63.76 | steps=47 | track=de2483d7ac0d17106a990180b8bfcc2a
global_step=180592 | return=-165.72 | steps=282 | track=222fbe616d27de7babc53bdebe8ff5a7
global_step=180736 | return=-8.43 | steps=63 | track=a2cecb77bb03d9873f850fb8c74c6c13
global_step=180864 | return=-160.28 | steps=130 | track=e076b2754bb22a6fb0a76f89027c2743
global_step=181104 | return=-215.82 | steps=205 | track=2876e80cd39646554136dcb3fd3ead0f
global_step=181104 | return=-143.76 | steps=131 | track=aaa0a4ea4180161f5e7038f5ebe7af43
global_step=181328 | return=-118.61 | steps=89 | track=0a4dd81fb3f19ab5a629457804340888
global_step=181632 | return=-120.85 | steps=131 | track=5b43c1ba7c99cc372e40073967c8da42
global_step=181744 | return=-136.60 | steps=131 | track=6f29e60d2341bb19bc8061b1acdceb12
global_step=182032 | return=-143.47 | steps=131 | track=6f8c461fb85da290c20d4b717ca48510
global_step=182160 | return=-16.80 | steps=137 | track=897624401df7bcaca1b7423e5bf96ff2
global_step=182464 | return=-147.47 | steps=131 | track=25bc2ba9a8c971f1ec4311d5607555c2
global_step=182480 | return=-152.45 | steps=131 | track=bbd9116bbad9994ff7e1e96fff358271
global_step=182496 | return=-141.52 | steps=131 | track=2dc30696f85b7e2052044084a932c182
global_step=182560 | return=-129.06 | steps=131 | track=c068998bbd12b1cc221375bb0025b484
global_step=182656 | return=-103.97 | steps=96 | track=f053f40ed8765dea18f84b7ec7ad619b
global_step=182848 | return=-143.47 | steps=131 | track=a7eb69aa55692e04dc0f85c6d0e83a9f
global_step=182992 | return=-170.41 | steps=132 | track=34358579fa639ead3d32bb6cc8d77345
global_step=183200 | return=-133.33 | steps=130 | track=32813da4aff2ab58849f862a2fac094d
global_step=183440 | return=-135.61 | steps=131 | track=56b461b61fa6fd88287f9f36c0feb684
global_step=183472 | return=-30.73 | steps=60 | track=43b11f30c9e9c62c9417d8498edebe7b
global_step=183632 | return=-25.02 | steps=71 | track=0f9826276f1b30dc47fb807e90e994f4
global_step=183680 | return=-16.96 | steps=63 | track=f1a885d2a9e4cb6d1a79bb35dcbd7d77
global_step=183856 | return=-148.77 | steps=131 | track=84dcea5d4a7ee5c36fcbca68f3954d0b
global_step=183888 | return=-57.43 | steps=205 | track=5b291929a8fdfeb1994da55aec843415
global_step=183936 | return=-86.50 | steps=143 | track=c1cbbe97ba0e0aa94062c59cd20884cf
global_step=184112 | return=-265.64 | steps=402 | track=232f5ee9ef929ac9610a0f67ebdc803a
global_step=184128 | return=-144.36 | steps=130 | track=e4b07fdadf02a752fcbcb100a1d72130
global_step=184304 | return=-6.71 | steps=68 | track=979a2fc7e433dd3f45c00c9e480647ec
global_step=184576 | return=-138.03 | steps=131 | track=9ea881bf2622201a5cb6186835510681
global_step=184672 | return=-140.06 | steps=131 | track=59f150ce325576e9a6db174eeea7479d
global_step=184720 | return=-8.50 | steps=64 | track=e788bd15df5ed985ee28bf93ec1c910f
global_step=184752 | return=-122.60 | steps=109 | track=96341b9c365bf70da01dc891c89823ee
global_step=184960 | return=-147.81 | steps=131 | track=a50de0b7a9cc9fa2fd2d3cc32fe7dde6
global_step=185296 | return=24.14 | steps=72 | track=88c97328e41e1e5e38e1cbab010a3767
global_step=185408 | return=33.21 | steps=356 | track=dd7cc0a59d5e41e0e0770495949ddcb9
global_step=185536 | return=-145.22 | steps=130 | track=78148786f16989745c01a079a39689ce
global_step=185568 | return=-154.10 | steps=130 | track=618fbba78e526403016ba5d46d24f815
global_step=185840 | return=-151.63 | steps=118 | track=caf0f0cae3c8dc1bf4d1bbb3c513cda0
global_step=185968 | return=-69.74 | steps=145 | track=31792c0dc0f2475eb4b1ae44e341f527
global_step=185968 | return=-147.81 | steps=131 | track=9218a80959528aca3abc5bfbfea5600b
global_step=186000 | return=-149.11 | steps=131 | track=f3b768c86a915a39c81cff2c67d2e73c
global_step=186160 | return=-125.02 | steps=92 | track=afc9f832609e23aa3a2a5e7adf8e317f
global_step=186416 | return=-145.71 | steps=131 | track=7430880b9a54dc7e467f6e0ce180bc76
global_step=186512 | return=9.98 | steps=68 | track=ca2385442a5ed18b563ecf226ba30ff5
global_step=186656 | return=-94.13 | steps=129 | track=83da8ef4fe1f5b6ac37a7e78c4eeea2d
global_step=186832 | return=-154.09 | steps=131 | track=f97cb5172aa6e589624586f9224285b7
global_step=186864 | return=-145.11 | steps=131 | track=3dec58a38fd70b57e6a2c9e07ff0d10a
global_step=186976 | return=-106.49 | steps=89 | track=b4df307a68ef9dfbad5cdcc104ad95a9
global_step=187072 | return=-143.89 | steps=131 | track=dcbfa55559ebfaa07cb7de3a6a521d39
global_step=187104 | return=31.92 | steps=70 | track=56d6616315a5b755218c365e2cbfa738
global_step=187328 | return=-73.18 | steps=322 | track=8581c8de3c470f571dc44a78349e7f81
global_step=187344 | return=-27.37 | steps=51 | track=5a8cd23bd0bd8c16376f4548081e4c7c
global_step=187360 | return=-84.27 | steps=43 | track=a0644dfbca2be50479a0f6226ad63e8d
global_step=187680 | return=-152.45 | steps=131 | track=f7cff3aa76db5f86be5a7369923c1753
global_step=187920 | return=-140.72 | steps=129 | track=570e8afcb9baef4b5b3f22e932594da6
global_step=188048 | return=28.80 | steps=66 | track=78894097fc045a9c632e82dc2e48ad87
global_step=188080 | return=-122.36 | steps=103 | track=9f8958b9127c200237c4b48ed5bf6d45
global_step=188272 | return=-147.01 | steps=131 | track=144cbf7a53576f3d1d812b73d481d20f
global_step=188352 | return=-127.93 | steps=146 | track=5bcfe6899042e7465c4f9b9f2e67d160
global_step=188560 | return=-17.78 | steps=161 | track=ae61107407c308a6e37627b62c9b3492
global_step=188576 | return=-155.57 | steps=204 | track=5f5beffdea2ccfcb73f2021b2269fcec
global_step=188864 | return=-253.14 | steps=296 | track=6f0405f3836797dc67db2cd23e3da3fc
global_step=188928 | return=-148.05 | steps=130 | track=8144fff012586d85752a4e800560f6b3
global_step=189008 | return=-132.68 | steps=133 | track=70e454647c2b8631284f04368b17530a
global_step=189056 | return=17.31 | steps=70 | track=b2bcfbb1ff3f4a239b0f7844629d20c3
global_step=189168 | return=-143.09 | steps=130 | track=c019c4af8c33f658bf7df60aec557e97
global_step=189216 | return=-141.06 | steps=131 | track=3026a08168cef99645f4113ff9c1232f
global_step=189424 | return=-135.91 | steps=130 | track=801cfb2f66521f03e21b72111b7cb6b9
global_step=189456 | return=-149.53 | steps=131 | track=b36c249ef6f961b2da6fd2e4b960b2fe
global_step=189472 | return=-142.70 | steps=131 | track=ee755cc4848a56555ea291d00584bcf9
global_step=189776 | return=-152.45 | steps=130 | track=794220ee2978ba074f038509cbe8ce00
global_step=190064 | return=-128.43 | steps=125 | track=1d1b8c5a05dc3c10ceb687555195708f
global_step=190096 | return=18.98 | steps=64 | track=e24460257ef23d6ea4f0ad2a271d6272
global_step=190192 | return=-154.46 | steps=131 | track=7e117d62af32a6ed7a83f11459ab14b9
global_step=190384 | return=-141.15 | steps=131 | track=a32039aa32aa68b0e858f55de65e9b66
global_step=190448 | return=-143.62 | steps=130 | track=fbb955f87afc4fca3902c8b8708e005b
global_step=190464 | return=-19.75 | steps=99 | track=b74a009e514b683da25ca990e8e783e9
global_step=190672 | return=-148.39 | steps=131 | track=d50ca757b62457eeb8154b0c7800409c
global_step=190688 | return=-121.51 | steps=131 | track=dc88ecea3742f90a4a7fb8e4deca2853
global_step=191040 | return=-147.43 | steps=131 | track=80c3f654f4c468a63e995d53e2e9c31f
global_step=191120 | return=-138.73 | steps=131 | track=d4cf157f197336ce0c149190f3531ae2
global_step=191152 | return=-82.44 | steps=59 | track=28dcd9e76ef2839bb42cf062481226d9
global_step=191280 | return=-145.31 | steps=131 | track=0d86ff3d2deaf5297fc65e600aa03f3b
global_step=191504 | return=-152.07 | steps=129 | track=900e17ecb1704a2d51e577d8e6528e9e
global_step=191568 | return=-65.22 | steps=93 | track=0bb7104a83083ec9bbe45be4d736e837
global_step=191568 | return=-152.45 | steps=130 | track=000469b6592d0a54851b943f0857d822
global_step=191568 | return=-150.26 | steps=131 | track=e8de6e4814524a79273bfb25dbf18b90
global_step=191680 | return=-10.39 | steps=80 | track=c4784d42517bcf9f8d085cd2971eade7
global_step=191872 | return=-41.39 | steps=44 | track=a8400c48f585f4a71705a0162f20e788
global_step=191952 | return=-42.30 | steps=51 | track=bc68b9912a28c10662962539e86555de
global_step=192032 | return=-27.47 | steps=61 | track=b1c4f1f08219c0a63ded93bff73fb722
global_step=192208 | return=-144.09 | steps=131 | track=e4fc27dd1f1294e945d11c585f5fda2f
global_step=192640 | return=-72.59 | steps=136 | track=c60780aee7feadd2103d3549fcb767d2
global_step=192752 | return=-167.42 | steps=185 | track=a6255f95b5b93424bb26b416427e1dae
global_step=192784 | return=-154.95 | steps=131 | track=ca40d439c14a60035ce8b23f53c3d19f
global_step=192800 | return=-132.67 | steps=131 | track=b5303811fa5f525bafc22ca8fb12b603
global_step=193104 | return=21.60 | steps=71 | track=c9e0f4375a998bc3d51112c304e2e999
global_step=193120 | return=-15.43 | steps=67 | track=130c7689039e093dafcfdc70b34ac93c
global_step=193328 | return=-247.16 | steps=256 | track=a34de7457d49d8c1c9ecb0ae9d605433
global_step=193392 | return=-149.55 | steps=131 | track=52c598e0d3abaeb8c4f41a4499a8ee7a
global_step=193680 | return=-137.80 | steps=131 | track=6bf07d36f6ae019139cba3c5006077f1
global_step=193680 | return=-150.59 | steps=131 | track=c68d3f5b51c2698fdfc03e78b22624e0
global_step=193680 | return=-156.10 | steps=131 | track=31a3cc375020ae044636b7e359ada642
global_step=193968 | return=-141.90 | steps=130 | track=e9fb2b965a12e5a11b69fa8be0304179
global_step=194032 | return=25.06 | steps=79 | track=83e0ca71e1bf905defc7c490fdd3edbd
global_step=194288 | return=-121.70 | steps=92 | track=9a0e0ece912913959a74765b9a6f5b60
global_step=194320 | return=-145.93 | steps=131 | track=15937bb43c7a68f58daf6a8714dc1bc0
global_step=194352 | return=-6.42 | steps=177 | track=4a306cb8542cf4b0c9af8049027b5bcf
global_step=194560 | return=-113.41 | steps=89 | track=d7d68c7002e437a4093b61ddecd8c4e6
global_step=194752 | return=-145.48 | steps=131 | track=edc26f0fef7ba7822e504a6e906d1806
global_step=194816 | return=-93.52 | steps=271 | track=237a9a4416f3c88d6df0ea9d22d9b270
global_step=195040 | return=-142.49 | steps=209 | track=4907d596e3eefbaaab68a7c7bdf2a7f7
global_step=195104 | return=-100.99 | steps=144 | track=93c3bba4521e013ba230424069e8f26d
global_step=195216 | return=-136.93 | steps=131 | track=f61f7bdf21feac00602dc709c7ca68e7
global_step=195360 | return=-25.24 | steps=62 | track=e95fa6b10cc61c07055831f4a0927a24
global_step=195760 | return=-54.33 | steps=40 | track=3088c04855bd25b0206499fb4e39447a
global_step=195776 | return=-154.50 | steps=130 | track=0fd65e1fe2b344a348d9808612d3d213
global_step=195792 | return=-155.07 | steps=131 | track=7a04f40402a67a03c95460a917e5ab5e
global_step=196000 | return=-74.84 | steps=89 | track=99ae36e1461e45d52222278789eea330
global_step=196080 | return=-58.55 | steps=167 | track=9e9b1845cb936905b0346a8bd017877c
global_step=196080 | return=-137.20 | steps=131 | track=dcfc4cd2bdaa6c9dfb1ffc1aaa4cd818
global_step=196096 | return=-109.95 | steps=150 | track=b8d2782aba81d6c3add1997ad4d57f0a
global_step=196112 | return=-163.47 | steps=173 | track=2c2561112b3f2c3b316ccbf9b43c3d92
global_step=196144 | return=-145.69 | steps=131 | track=b31f613fc1927c3591c333e6e2dfc464
global_step=196416 | return=-137.00 | steps=130 | track=93816bb592556a35f33dd1612688fe92
global_step=196576 | return=-35.60 | steps=142 | track=8f1aab6320e6fbf6e72c20a59a518e96
global_step=196608, SPS=75
global_step=196864 | return=-148.32 | steps=131 | track=d325fe0b099d49afa89d6c74f90bd1c7
global_step=196928 | return=-117.50 | steps=131 | track=2502dfa9f6963483e2c27e5a1ef5c955
global_step=196944 | return=-13.56 | steps=58 | track=1f04a007e67103aa5e9f9be84d34afbe
global_step=196976 | return=-109.82 | steps=109 | track=ef194ebfd3eae1d3d9bc647962734b4c
global_step=197152 | return=-136.66 | steps=131 | track=f92678006fa4278a73bbc70c1029786b
global_step=197264 | return=-67.15 | steps=93 | track=514b36b24e49305f4888ee6f4632ab6d
global_step=197568 | return=-116.36 | steps=110 | track=4bf5073ea4afd45ac714fd8f02586ce9
global_step=197840 | return=-120.15 | steps=109 | track=9b66afbb0132336fa59109b5b9845256
global_step=197872 | return=-153.12 | steps=130 | track=c0436cc6a8336a8e90dd838fd6770f4c
global_step=197968 | return=-178.80 | steps=162 | track=d6a70e1bfdff227ab7e6686b6a18c4c7
global_step=198048 | return=33.88 | steps=69 | track=fd55b81003240af8ef31526906c7c87b
global_step=198176 | return=-148.20 | steps=130 | track=e187bd1d173fdf735d5c4fd4febeea4d
global_step=198224 | return=-139.30 | steps=131 | track=fe6023fc6af466a1e0016c9cab641711
global_step=198432 | return=-108.41 | steps=90 | track=e7de0b8b1b5519d8ec4051a9ae9ff81c
global_step=198592 | return=-28.55 | steps=155 | track=9d549696d0bfa66c738693b8070beb2c
global_step=198688 | return=-131.01 | steps=158 | track=22dac5fb3675d36b4ae7010a7b9df337
global_step=198688 | return=-142.61 | steps=131 | track=edb77c883004c42eba90e81080a7509d
global_step=198944 | return=13.83 | steps=68 | track=f703a17135f6986da704620f2a3d7702
global_step=198976 | return=-151.01 | steps=131 | track=2896649167a3bbb8df4000f7aa91f344
global_step=198992 | return=-32.25 | steps=160 | track=69e903d18350c558a39a9a9f3f48583b
global_step=199248 | return=-147.17 | steps=130 | track=863157c9618552caa56ec078f2cf75f5
global_step=199376 | return=-135.36 | steps=131 | track=8e5797516f4ae142088269bb6193f1b0
global_step=199568 | return=-5.47 | steps=83 | track=c2b368c5eb1de391f79ff18cfb3e7b36
global_step=199616 | return=-109.98 | steps=108 | track=82e7adf44ab1add0af81825be6aa74b8
global_step=199664 | return=-139.88 | steps=130 | track=a9dd4ab02b5e116137f161882dd8d5e5
global_step=199984 | return=-17.48 | steps=61 | track=8f2c12e1676ee03d196ba98e346e6658
global_step=200080 | return=-145.90 | steps=131 | track=0f8f3c06997bbc5cf438ef76dff3c9a3
global_step=200160 | return=-144.05 | steps=131 | track=607fa498547e76ab16fc2c88d8b42cdd
global_step=200288 | return=-146.49 | steps=131 | track=fac8ed04ec4099617bfa20b7506990bd
global_step=200336 | return=-72.62 | steps=47 | track=0d4755b80f0beaf07c7de462d4f6b15a
global_step=200544 | return=-144.05 | steps=131 | track=2f814c5afbeeac8f5bb2dd709bd1ec3b
global_step=200704 | return=-147.81 | steps=131 | track=c3f603f5afe328bac9f3a929c666159f
global_step=200800 | return=-137.53 | steps=131 | track=fd43ca19ea86b733ca1bb968a84b03d6
global_step=200800 | return=-141.91 | steps=131 | track=de51b095e51d49f4b11da260ecf8d6fb
global_step=201120 | return=-81.83 | steps=108 | track=a95ff5fe68180b58b2ca3980b23b63c3
global_step=201360 | return=-155.43 | steps=131 | track=e02e70a929870683dfa503201d661df8
global_step=201440 | return=-33.42 | steps=155 | track=d04603973cb047ba5dbfb7784eb9433a
global_step=201776 | return=-139.48 | steps=131 | track=fb6a5c0063025972778d2abd465142a5
global_step=201888 | return=-42.91 | steps=96 | track=29a8fd6e8a1bdb946f9831f8a2bb2203
global_step=202128 | return=3.96 | steps=88 | track=2ea48a374322cfe1058b72c2c68c0d75
global_step=202272 | return=-138.50 | steps=131 | track=2e862c3535e6a20a70ba3ad6b0317abc
global_step=202400 | return=-142.61 | steps=131 | track=242de1ca84d86d7d31b6c14d3400915c
global_step=202528 | return=-73.17 | steps=152 | track=94090a472d6eef9dc7f90ca1156cd453
global_step=202656 | return=-150.60 | steps=131 | track=8e2f0acb9e5d5c1d33ad67ad1f576408
global_step=202912 | return=-139.66 | steps=131 | track=952b807e00617571548e1352604b74a0
global_step=202928 | return=-105.03 | steps=132 | track=95a1c17ea242da8a390318acf5ddee95
global_step=203136 | return=-53.38 | steps=196 | track=07030a2730d73edd1568d41966f3ffb3
global_step=203232 | return=-135.69 | steps=131 | track=385943fa3ff1670dea21cba503338200
global_step=203312 | return=-98.80 | steps=230 | track=291eded5bce3113e5e635b106327d211
global_step=203392 | return=19.63 | steps=69 | track=93e1aa8d1fe50b7da07b57af776005b8
global_step=203472 | return=-145.03 | steps=131 | track=6d29e42ce739b9f1d0eb58c75c3d9cbe
global_step=203552 | return=-148.77 | steps=131 | track=216c3dc65d7bdfa0183794c5fce6c909
global_step=203888 | return=-139.05 | steps=131 | track=569f9b494b0a2fa14cdf2e152c5585fc
global_step=203984 | return=-148.28 | steps=130 | track=675f037aafb298fa830feef5024d41fd
global_step=204000 | return=-157.08 | steps=440 | track=3ed7cb9a85413b4d50ca6115c3ab6bd5
global_step=204192 | return=-79.93 | steps=59 | track=bc703938a8e226a8bf294927c7eab97d
global_step=204240 | return=-138.65 | steps=131 | track=445cdce62e1ce929412de5fc52a82bf6
global_step=204416 | return=-99.18 | steps=339 | track=f03cf2e528fe6f078c31ed5f0504a2dc
global_step=204512 | return=-128.77 | steps=131 | track=b1e3bae48d903213260de6561ba9255c
global_step=204640 | return=-138.20 | steps=131 | track=efd2a07489561fe53a399e1a14bb8fb5
global_step=204768 | return=-144.76 | steps=131 | track=d33b8e16510a5e21dbcb33da9358d714
global_step=204992 | return=-40.56 | steps=46 | track=279b49d72216baa48519ab88f877bf49
global_step=205040 | return=-109.78 | steps=131 | track=239c3effdc58a134cb5801ce1de8019b
global_step=205216 | return=-103.28 | steps=129 | track=f82ec389bea88c3735fdeb494053b11e
global_step=205232 | return=-123.69 | steps=109 | track=de6a4267cbdd57c9da0be68945e3c00c
global_step=205392 | return=-63.27 | steps=93 | track=394415d51dee0440bb3fd7cdaffed003
global_step=205408 | return=-124.42 | steps=130 | track=422e87e948397e84f79e0ac87de3b488
global_step=205488 | return=-72.59 | steps=160 | track=c1efcde4f06d6ba0b01afa4bc654e23a
global_step=205504 | return=-151.01 | steps=131 | track=2145db56cd3d0ac139a844a9bdd8615e
global_step=205584 | return=-72.12 | steps=72 | track=df30483e67f41e9c6b152f73e40ced4f
global_step=205664 | return=-150.08 | steps=131 | track=554cd84571b0b06170dd86669ed68e9c
global_step=205856 | return=-28.34 | steps=75 | track=29cd26ed888403dfd5ca0e3e14c6814e
global_step=206080 | return=-151.15 | steps=130 | track=c596e77db87fccce2951de422a43da05
global_step=206096 | return=-111.06 | steps=130 | track=84b3e296c790c1720e1c9da50906dd8a
global_step=206288 | return=-143.55 | steps=130 | track=58bd9b269c490cc710d6889c70dd7395
global_step=206336 | return=-6.15 | steps=69 | track=87dbdc5f1e649e4703e5a08b5214c3ee
global_step=206608 | return=-155.84 | steps=130 | track=428445f0c817cba8e66e22cd960f95e1
global_step=206672 | return=-125.88 | steps=101 | track=dd4e20ed1a9c2b32dd728bcd7dec879f
global_step=206704 | return=-59.57 | steps=91 | track=6d0a903eabdd6f334971e2221b110c7e
global_step=206880 | return=-140.73 | steps=131 | track=d6073670312c987dc689a4096b1cb8ad
global_step=207024 | return=-95.15 | steps=89 | track=29d6c3f21517cf8d67e8fb6c2d4c1970
global_step=207104 | return=-143.96 | steps=131 | track=066557eb886d6e64ea4ac2b68eb5276a
global_step=207248 | return=-62.72 | steps=109 | track=3fe590769b3ea8568e795ccade4c3a1d
global_step=207504 | return=-140.83 | steps=131 | track=e385c4e580bdc6ee6d0b04fc9f220f3e
global_step=207520 | return=-144.19 | steps=131 | track=051509d9b14651293adc49229760aae5
global_step=207536 | return=-109.01 | steps=89 | track=ca1be8c197471f339cffd331eaac04a4
global_step=207776 | return=-140.60 | steps=131 | track=e1f025307b4f762c20da985c52fcdb94
global_step=207952 | return=-118.13 | steps=130 | track=1bc81dfb53d6cd4971fac50d05808c01
global_step=208112 | return=-78.13 | steps=162 | track=81f45c126ef9e6f81952066ced08e900
global_step=208352 | return=37.38 | steps=141 | track=adfdb2453bd35ea9aab6711555bca3ec
global_step=208400 | return=-126.19 | steps=131 | track=cad4e6ce346fbd8517675bcf052751d3
global_step=208496 | return=-37.08 | steps=61 | track=932e3a29acf330fb9b9915f019eff5e8
global_step=208528 | return=-63.56 | steps=46 | track=87feafe8f372107279e130432102fa4f
global_step=208544 | return=-48.09 | steps=80 | track=4aaacf21301fb370993bf76d8a8fe485
global_step=208672 | return=-31.40 | steps=145 | track=8557bbc7fff58c2cccfa6781866ae748
global_step=208784 | return=-158.11 | steps=131 | track=381fe1074184819f0f66b71404713d8c
global_step=208800 | return=-145.77 | steps=130 | track=2cee3fc38ff96032da7da89e7d1a0f54
global_step=209136 | return=-141.04 | steps=131 | track=c48b2fa46efe2e907ace6e4f7a5a1ff0
global_step=209184 | return=-58.84 | steps=42 | track=c7d82a92740a5c4eb1459ed421220082
global_step=209216 | return=-136.74 | steps=131 | track=b6969a05d743f0a6ff629c65ccc8d01a
global_step=209408 | return=-147.36 | steps=157 | track=89cfbf11fad3722ae02c92cd079f3f7e
global_step=209632 | return=-143.25 | steps=131 | track=655489e743e9a8be0aa1cc3f86dad388
global_step=209632 | return=-131.71 | steps=130 | track=5178290f6c8a55c94c3de2ed50b8adc1
global_step=210064 | return=-148.49 | steps=131 | track=64b3c0b087f6698e324773c2c86e04f8
global_step=210224 | return=-143.04 | steps=131 | track=ffc28ad5f98bc3b99affb13f96ef16f9
global_step=210304 | return=-92.55 | steps=93 | track=aed2bf71e7a139c6423d43a817af588e
global_step=210464 | return=-149.46 | steps=131 | track=9536943a15bc8fc9075a9ed3c531513e
global_step=210512 | return=-128.01 | steps=107 | track=d85fa3ede88369a25f861a6d6042b322
global_step=210512 | return=-143.04 | steps=131 | track=44b8393f4b3f81e0901f379c034358bf
global_step=210640 | return=-20.80 | steps=62 | track=100e085b6049473f85c60c54e61befa2
global_step=210640 | return=-147.70 | steps=131 | track=ee691158e79c42bb50a4e4da66f0a2e1
global_step=210656 | return=-142.28 | steps=131 | track=995f3790bd27729e1bcbe8c8cc696b7f
global_step=211184 | return=-65.17 | steps=96 | track=2e97ab1e209ed947f5d2441d73d1f21f
global_step=211232 | return=-139.14 | steps=130 | track=91971eb7079c9efe20ebcc21f2c33036
global_step=211296 | return=-137.71 | steps=131 | track=021c11c63c19084e976313ae813c54ab
global_step=211328 | return=-171.57 | steps=131 | track=127dc88f43a986cadc04fc0fb18cb6ce
global_step=211520 | return=-138.79 | steps=131 | track=621e4c6f06f6654fc11a84d571041ccc
global_step=211600 | return=22.78 | steps=67 | track=edfbc53656371d1478695da6f86a4937
global_step=212048 | return=-194.16 | steps=339 | track=48f87f1214b894e8df7fa2095619824f
global_step=212176 | return=-123.27 | steps=106 | track=8712a7ee6c265e43e0e86f7de5bea03b
global_step=212176 | return=-164.83 | steps=131 | track=28698f91bc499d353a2b52b8f0a9171d
global_step=212224 | return=-148.67 | steps=221 | track=e22078acbd970286d2e131da96b1b8da
global_step=212288 | return=-41.09 | steps=61 | track=805aa5fe32790485db4ef49643d6b0d3
global_step=212416 | return=-131.17 | steps=131 | track=8f2eb77c191ed6ce53ee6d24441f54c5
global_step=212576 | return=-33.81 | steps=60 | track=72b57daa7f785a35f1a0725d99ae825f
global_step=212624 | return=-144.94 | steps=131 | track=7cdd29d8b23498b98dcb0d9653d4aec6
global_step=212752 | return=-137.08 | steps=131 | track=a3cb0737a82c43222c213df146356ca4
global_step=212752 | return=-146.81 | steps=131 | track=f487cb1370262ce002fdac9989cb494f
global_step=212768 | return=-143.16 | steps=131 | track=f0c0c09e106fade5ef13c0ec58cb8d0e
global_step=212992, SPS=75
global_step=213056 | return=-155.68 | steps=176 | track=1c0704e202100254f1f408df36efa470
global_step=213168 | return=-62.12 | steps=54 | track=5ccad0de1bb431d45f13afda76997318
global_step=213296 | return=-140.37 | steps=131 | track=2d5a24834ccc35ce669106e6eacfaca5
global_step=213344 | return=-155.64 | steps=131 | track=bede300c1849f65b59f33d83739c3285
global_step=213424 | return=-159.12 | steps=130 | track=c8cb8019771ac0355c45d66fe840c181
global_step=213552 | return=12.20 | steps=93 | track=bb9bfd0aaaaec85e25602f74019ca662
global_step=213584 | return=-108.79 | steps=87 | track=fdbbf2a12262542919f362dc3287c8b9
global_step=213632 | return=-140.06 | steps=131 | track=aa56df328d296274bd670afc977f7743
global_step=214272 | return=-157.07 | steps=130 | track=4032abb2e362b28220c17fba347eac34
global_step=214336 | return=-139.85 | steps=131 | track=294851b5ac8f2b50d2ae603149accb05
global_step=214368 | return=10.89 | steps=63 | track=79b02c16deb863a45817687a22f7e3a8
global_step=214528 | return=-143.86 | steps=131 | track=63fe89d44dbfe988a723ad82579ddf8b
global_step=214672 | return=-20.72 | steps=64 | track=20d1f9c7b92eb13c8719d6111722ef97
global_step=214688 | return=-135.69 | steps=131 | track=8d4a6bb714d7e4cae2cf51a3cc9d97b6
global_step=214736 | return=-145.43 | steps=131 | track=61ffd3cc7727b5ed2a918c4e0fb8cd14
global_step=214848 | return=-132.61 | steps=130 | track=096f620ae232a32fee73cbd239d66c55
global_step=214880 | return=-152.45 | steps=131 | track=8706c13a4920bec4ef07bde1bc2e4e35
global_step=215168 | return=-140.37 | steps=131 | track=9f37d03f67d8a84b5a2b9d68c4d8c0c8
global_step=215280 | return=-144.30 | steps=131 | track=82516ca3c1f4216e75ebd1f55a3858dd
global_step=215328 | return=3.23 | steps=65 | track=1197dd2eb8163af8beb69158b98b11a5
global_step=215344 | return=-85.46 | steps=111 | track=d5501731fea6fa53c1700eb933a82b1c
global_step=215360 | return=-64.93 | steps=41 | track=2da23c1af61a565e8e7bc1fb9f1784f5
global_step=215536 | return=-151.50 | steps=131 | track=c5ec31d8085e3de736810ed85c3a9f0b
global_step=215568 | return=-18.79 | steps=64 | track=c621186f7dd29a5fd6d98dcec5fd068d
global_step=215648 | return=-85.81 | steps=146 | track=dae454a6202faf8e1ee39a270e4f9e1c
global_step=215696 | return=-148.50 | steps=131 | track=8aa7e16d9d97a1d88999edb969c06f4b
global_step=215760 | return=-77.68 | steps=187 | track=29d810a361de84a60d5534a58cc19705
global_step=216480 | return=-145.35 | steps=131 | track=023656b7ac44abccf146b6cdde9aa68f
global_step=216736 | return=-123.78 | steps=90 | track=328fc7d82583b3857a629296f2571da5
global_step=216784 | return=-149.91 | steps=131 | track=87fb53feb86c5eb5f1208c7c681acefe
global_step=216848 | return=-151.65 | steps=131 | track=0af5fe20e85f4a5bde31be692191a75d
global_step=216880 | return=5.21 | steps=76 | track=8bf4847f0aedff239ddf799b8e49b136
global_step=216928 | return=-123.18 | steps=97 | track=cd83264885ef932460f76726e6213294
global_step=216960 | return=-146.67 | steps=131 | track=0052e243a188181e47a7c7888d2bc9bd
global_step=216992 | return=-143.38 | steps=131 | track=f1ab48de0b4e9fe486f977f28d7c48f6
global_step=217264 | return=-66.63 | steps=48 | track=54c193b2462cefc8503fa902ee596eb5
global_step=217264 | return=-138.92 | steps=130 | track=24abde3344ba795bfea3855954745d01
global_step=217312 | return=-37.34 | steps=185 | track=7a1686d033b8541055466af08e32a8ab
global_step=217328 | return=-120.39 | steps=109 | track=24f9d6fb69ee6b4074062d248be0caaa
global_step=217424 | return=-146.90 | steps=130 | track=e448886de96d1cb6f7d2164691a36f69
global_step=217440 | return=-145.95 | steps=130 | track=460af2a5ce4d2fa76d030d9897a91e34
global_step=217648 | return=-151.33 | steps=131 | track=eb5b9952ee70399c95ac1b2163cc108a
global_step=217808 | return=-141.51 | steps=131 | track=02d74805b0de008a75cb76d49fb0bb31
global_step=217952 | return=22.82 | steps=66 | track=5bf21dedff0cd6a80662c3826e6022a8
global_step=218224 | return=-62.24 | steps=92 | track=be73dfd4e49bc864df1a45982ee93f3f
global_step=218240 | return=-111.57 | steps=90 | track=d23929fb30589c52dcad58f8e2fc66ca
global_step=218576 | return=45.32 | steps=70 | track=8ac4a84552d5f8c6e946ef0124caee43
global_step=218960 | return=-141.73 | steps=131 | track=e503daa687714489d25813f8687ac883
global_step=219024 | return=-149.90 | steps=130 | track=39ba16d538331b9c2c842299f9633a5f
global_step=219072 | return=-136.95 | steps=131 | track=3cc02f70c14f606925c76823766b65d1
global_step=219376 | return=-161.47 | steps=131 | track=daaf8fd539553138aaf4abde9183149f
global_step=219440 | return=-149.71 | steps=131 | track=53aab96974e66965ac75b28d21f321cf
global_step=219536 | return=-143.25 | steps=131 | track=f48d55c652c5fd9cf995b1c4d401a853
global_step=219712 | return=-21.77 | steps=128 | track=c9e00c85c02088596c35cbc838e04864
global_step=219792 | return=-108.79 | steps=154 | track=f6f0ae9441ece835b95ae0ca13a02cfe
global_step=219920 | return=-134.56 | steps=131 | track=a144165b3e11209ff487f9510b7822b7
global_step=219984 | return=-7.11 | steps=63 | track=f5137dd11ca2436c70f3849f638204f1
global_step=220064 | return=-145.78 | steps=131 | track=9830b79d6fe160ea929e291c12128bd9
global_step=220160 | return=-3.60 | steps=67 | track=414f121a87a602f4f476ec72544f951a
global_step=220336 | return=-163.83 | steps=131 | track=f552d4ad94c53158eeb84c17f8e00835
global_step=220352 | return=-145.48 | steps=131 | track=946c5aa6ccd86e8eaeb28fcbeef1ea8d
global_step=220400 | return=-41.66 | steps=42 | track=c426d845d1529244f3777c58cbf4e4fc
global_step=220688 | return=-143.01 | steps=131 | track=42309ffbfe96c274f64800e64f916c2e
global_step=220816 | return=-234.43 | steps=221 | track=7be50b7378c76aab0b444dac5bd0c40b
global_step=220912 | return=-4.51 | steps=61 | track=707d5396340ea62c1ed68f208fc1aed1
global_step=221136 | return=-116.44 | steps=105 | track=16f110329f7da0c4c81fdf09f6e8ecf8
global_step=221264 | return=-144.90 | steps=343 | track=fe527228709f15ae32a5d55463ddb05a
global_step=221472 | return=-138.47 | steps=130 | track=7f36ea0e6d09a777ae9bc977c49fcea8
global_step=221488 | return=-28.06 | steps=67 | track=8af1e199f3967269b35d8b3a8a8e5da4
global_step=221648 | return=2.36 | steps=80 | track=b90c72f2a60b36ff9b2735cdcfb619ef
global_step=221648 | return=-133.26 | steps=131 | track=5f2177306648860a64453e7d72b1f0eb
global_step=221680 | return=-6.43 | steps=61 | track=a12f5110ad6b01fef596138604b2e07b
global_step=221824 | return=-159.50 | steps=174 | track=5db205940b47648b0bdc314412ac0e6d
global_step=221824 | return=19.87 | steps=56 | track=83489a7ee92f67c51f1fe6b7a80d49d5
global_step=221872 | return=-81.77 | steps=304 | track=d79355b982f2004a5956b968541a1e2f
global_step=221904 | return=-140.10 | steps=131 | track=39360c9c8dc349a1b5724bf486cb0a97
global_step=222096 | return=-112.80 | steps=131 | track=a60bd051165aa2b483c0ef5ae727bddd
global_step=222272 | return=-143.62 | steps=131 | track=323495c69b35c019c83a2760954edbf9
global_step=222368 | return=-102.26 | steps=143 | track=806cbcb006c0f793cac9a7d58bfeb916
global_step=222944 | return=-122.43 | steps=132 | track=f6f9f8796942934f1dc956277e268e94
global_step=222976 | return=2.67 | steps=164 | track=27c806f18a229eb54446953c95f9e1db
global_step=223008 | return=-38.10 | steps=84 | track=d8435c7e80fcf83674b8cd154b0423aa
global_step=223184 | return=-77.48 | steps=95 | track=294140c7fc961b443c213e7698012b27
global_step=223376 | return=-142.20 | steps=131 | track=05cee1c2a89552a055c83b353a04e339
global_step=223424 | return=31.21 | steps=71 | track=e01a9f54e395980929af14f1f3b3c275
global_step=223568 | return=-148.84 | steps=130 | track=95aec93aa36a6e15a0ef45f8abdf9224
global_step=223584 | return=-125.43 | steps=109 | track=dbe8c463549a29accd5410014dc4cf69
global_step=223616 | return=-60.49 | steps=154 | track=11745a9ba966ec6c9026c1cc6b9f2d6e
global_step=223792 | return=-147.70 | steps=131 | track=c18e1c77d89c9e7ec78285cbfe6cca1f
global_step=223808 | return=-108.19 | steps=89 | track=fb8c47b52ead0cde3fbb5dc0587b6638
global_step=223968 | return=-146.69 | steps=130 | track=75cda6288a3812d78fbd0f6bb5a3c2f4
global_step=223984 | return=-138.36 | steps=129 | track=384fd63f75519ecf7a4780d0b0e9724b
global_step=224160 | return=-156.20 | steps=166 | track=36e30dc9ee27093bbce93a245b4b4c32
global_step=224208 | return=-23.49 | steps=148 | track=07a0065a8a5956604b063807087567c2
global_step=224208 | return=-138.19 | steps=131 | track=45d97cc4d17e49ee52e23fafd907e0af
global_step=224448 | return=-77.65 | steps=66 | track=772a1656bb69f5159829b285858f30c5
global_step=225072 | return=-150.09 | steps=130 | track=7ec33e3a27b6db201f30be0ae3eccc46
global_step=225120 | return=-150.80 | steps=131 | track=3b31f03eee0829bcac48fac2e3e67664
global_step=225264 | return=-1.54 | steps=65 | track=110ae4e6ce9ec7e802aaa3241b0579bb
global_step=225296 | return=-146.29 | steps=131 | track=ad865662a3ecbadd07c74dd7e74b238a
global_step=225312 | return=-47.47 | steps=147 | track=f7330c2247acadfb2009ba46c796afdf
global_step=225536 | return=-127.42 | steps=131 | track=1b719a2d22f93d2a28ba5cb0d25e31a0
global_step=225680 | return=-164.64 | steps=131 | track=9729f05773592f884524927b42781fa9
global_step=225712 | return=-100.70 | steps=96 | track=8f67df6e696453aa48bee004885ca9cc
global_step=225728 | return=-138.41 | steps=131 | track=325ea08a18afe9e0320aded12ac2b58c
global_step=225904 | return=-131.10 | steps=131 | track=15df7650bd47ac37ba88ec66b8c5f0bb
global_step=225920 | return=-143.25 | steps=131 | track=136037334ba8469199e499c4eb9c8e10
global_step=226096 | return=-134.50 | steps=131 | track=ffeaa7f0dec2c009323c7ab1e8cfb22b
global_step=226320 | return=-148.03 | steps=131 | track=22391c9fa9ab24816524424ff51d3956
global_step=226528 | return=-22.06 | steps=61 | track=9148c814e4cbcf8a591fbfca2d91d134
global_step=226608 | return=-141.74 | steps=134 | track=ebe6f979c4212f8dd588ddb8a51ffdfc
global_step=226864 | return=24.42 | steps=71 | track=3aa4c2f3e41268e3eaa350b0c2ae4ff2
global_step=226896 | return=-37.31 | steps=49 | track=67a29cf88a589110a7de4d942ad0c686
global_step=227136 | return=-71.89 | steps=197 | track=052cdd50519a32caa2074f819ef847e0
global_step=227152 | return=-117.09 | steps=129 | track=87847f09179a36beb2e9157dbbf2431a
global_step=227168 | return=-108.37 | steps=92 | track=0470eadf2a242bf2082142a7c3b7cb7f
global_step=227376 | return=-58.22 | steps=129 | track=b99313ef2b694562d99e06a458cb5d7c
global_step=227376 | return=-140.60 | steps=131 | track=1425bf8506481ebd434d58c229d788a0
global_step=227552 | return=-131.33 | steps=139 | track=0fec4c2a8d545d40c5840dfb94f2b561
global_step=227808 | return=-98.44 | steps=92 | track=1994edf108578155e3be272c2f10194c
global_step=227840 | return=-145.60 | steps=131 | track=5816129b86ea702eda430eb24bdce484
global_step=228016 | return=-146.37 | steps=131 | track=720a9a3ea8dffcd39dcc73fed7b72ade
global_step=228032 | return=-149.03 | steps=131 | track=8d163e5419d748b8c59103fc1ae1b22f
global_step=228384 | return=-81.60 | steps=92 | track=964225cd39ca8565b50a459e13ae40df
global_step=228592 | return=-108.80 | steps=89 | track=e69f917d0dbe69b2c51dd82c20785bf7
global_step=228608 | return=25.35 | steps=89 | track=8f376dfcf00eb3f3b38781e73d84e67a
global_step=228624 | return=-136.98 | steps=130 | track=4951b7f1c759c7776d75cf19d6b63ed8
global_step=228704 | return=-143.09 | steps=130 | track=669a05cbca647860a12cd6de61516b04
global_step=228832 | return=-31.47 | steps=63 | track=6d33fe47d49d9feb44974400b2a13f6f
global_step=228976 | return=-143.89 | steps=131 | track=09d440a37012cb76422478075a7cb73e
global_step=229200 | return=-164.23 | steps=350 | track=f55155f9993e190e26e916109002c0a8
global_step=229248 | return=-137.74 | steps=131 | track=5b4a3c97da7411a4642099c65f5e6495
global_step=229376, SPS=74
global_step=229472 | return=-143.79 | steps=130 | track=c5bec6907e80f437f51644d7d201413d
global_step=229488 | return=-148.91 | steps=131 | track=6d3e53acd90146f7b1ef613dada545aa
global_step=229616 | return=-128.33 | steps=110 | track=769fe076b23d3cf64772244a7d0dd8fc
global_step=229728 | return=28.36 | steps=68 | track=8450a003ed8507ac6f95b9f89c14a560
global_step=230128 | return=-147.81 | steps=131 | track=6bab2bdb0d71ab634237c88f72f95861
global_step=230160 | return=-112.66 | steps=90 | track=4ff9535714bf4263ea0dcf198f2e54e5
global_step=230496 | return=-147.58 | steps=131 | track=4d1142f92b4cd0c56764a0d9bbdb2071
global_step=230512 | return=-27.21 | steps=154 | track=f7931dbb82bb6761764fda4a6c957368
global_step=230608 | return=-175.87 | steps=342 | track=95017056173ed888185e0f3d5ad3f023
global_step=230688 | return=-138.23 | steps=130 | track=2fc6234a0239a516bd81f78462446fb4
global_step=230704 | return=-66.94 | steps=90 | track=2cae920e5c95436e738cdf43558cf84e
global_step=230720 | return=-148.47 | steps=131 | track=5086b96131b0da3bc7a4425dc397e61e
global_step=231312 | return=-139.57 | steps=131 | track=4558cb0f0e107c9ade97c1bef0b54d51
global_step=231344 | return=-47.06 | steps=75 | track=5a217992148e5854562cc1c9a43f2e30
global_step=231584 | return=-145.31 | steps=131 | track=16cbce00d78987ba1ee92c2e0508263c
global_step=231600 | return=-141.11 | steps=131 | track=c2322532c75a31f85e363a0bb7c198bf
global_step=231680 | return=-135.60 | steps=128 | track=0ccf13032cf7ef9dbfd6f39d5b1982cc
global_step=231776 | return=-86.55 | steps=72 | track=ad939174a7d1e244196a5e1678aa33c9
global_step=231840 | return=-130.54 | steps=131 | track=9591ab972981425f2ee95efe913e9c0c
global_step=232128 | return=-101.50 | steps=89 | track=7d8a9ae9d777e657bea10227ed54d96c
global_step=232240 | return=-193.19 | steps=203 | track=dcafd41481410cb866588bc69341fd41
global_step=232256 | return=-154.81 | steps=130 | track=3389d5a1fe8848e18adab312148f3bfd
global_step=232432 | return=4.20 | steps=67 | track=52ea3b73247966ad8d0b79826ffda97f
global_step=232624 | return=-141.28 | steps=131 | track=978ea731d76458935110fa770a5d0576
global_step=232656 | return=-1.77 | steps=65 | track=37b37de6fd7b2014c23358a44d48ee71
global_step=232832 | return=-137.80 | steps=131 | track=e257c8ae306183e2fd7bc6294411b78a
global_step=232832 | return=-82.63 | steps=94 | track=ca2eb7be68d1b6124566e03cfe0d2725
global_step=233168 | return=-58.74 | steps=153 | track=4fa19ec6fb69056ce78ad91222eb848e
global_step=233424 | return=6.54 | steps=61 | track=af88711a23a0798c49828d7e926c5707
global_step=233552 | return=-205.82 | steps=294 | track=423256f77bf3b47cb244c39fae87b19e
global_step=233600 | return=-120.17 | steps=109 | track=12108391f92419cec62be64a08e23b75
global_step=233696 | return=-139.57 | steps=131 | track=39052ffedebd25143cc7b8da3a91aa11
global_step=233744 | return=-226.50 | steps=386 | track=571356e8d44347d25a0aab071e60489f
global_step=233760 | return=-65.13 | steps=93 | track=6305327c3b438ea75401c4299de68088
global_step=233776 | return=-143.86 | steps=130 | track=aa83d56974de21dc3316f3fad7041283
global_step=233888 | return=-141.91 | steps=131 | track=22337de9bdc10eefee8582d5f173023b
global_step=234016 | return=-20.79 | steps=52 | track=8d704f051980370361f3ed4d37694bf1
global_step=234128 | return=-1.28 | steps=80 | track=a1b0948a63be95a1108e1a2aebe6404b
global_step=234624 | return=-129.94 | steps=155 | track=a800e7b60e809735c53381fd8ef9b7a1
global_step=234768 | return=-153.73 | steps=131 | track=3403475531912567278dcc4d220fcfea
global_step=234880 | return=-9.33 | steps=70 | track=18045839bfe2a459bf1702364b201b0a
global_step=234896 | return=-70.29 | steps=62 | track=e46af12d44bbe09696e27e6c08eececd
global_step=235248 | return=-200.05 | steps=296 | track=3a66a5fd94a8209ecb131352ad384b4e
global_step=235264 | return=13.44 | steps=70 | track=124ca0e5505d4624e39f3f80369fe241
global_step=235280 | return=-121.11 | steps=107 | track=d540fe3b3b3fd4b15444fd7cfd8a1dc1
global_step=235536 | return=-148.16 | steps=131 | track=81a43fe6b778484f3dafb7a7863cb4c8
global_step=235712 | return=-139.30 | steps=131 | track=0a98bcfc629961c0a695f17ec3809778
global_step=235808 | return=-149.55 | steps=131 | track=6d219a0c6626401a4dbcc6cc5a702930
global_step=235856 | return=-145.13 | steps=130 | track=5865c966958c4bd014c22dbeae30cb44
global_step=235888 | return=-144.80 | steps=131 | track=940f0484360d5b6d5248bb591884f435
global_step=235920 | return=-3.40 | steps=63 | track=e76b8975bf98108f4fc6e0587e89e82b
global_step=236000 | return=-34.38 | steps=44 | track=f1c9e799ee2c2b0062066996429e2a42
global_step=236016 | return=-50.28 | steps=86 | track=e069dd16ed2d95a243e9962337d5f0c8
global_step=236128 | return=-135.28 | steps=131 | track=2c9246a7255850e1f28432b1af5cf647
global_step=236192 | return=-80.92 | steps=40 | track=584cd354ac5cb8ab1400383c0cd39000
global_step=236208 | return=-162.72 | steps=210 | track=511dbb778e4616b40927736660d8f87c
global_step=236576 | return=-158.81 | steps=270 | track=be3674206f36253691149233108d0bed
global_step=236992 | return=-111.73 | steps=108 | track=6628565419cbf518bbdd009f5e8d5308
global_step=236992 | return=-126.16 | steps=131 | track=1ba40146d68da362032a889c2b2f6bbe
global_step=237056 | return=11.38 | steps=65 | track=8c193cfb1e0075f816e5ea02ed0a7c69
global_step=237200 | return=-228.42 | steps=285 | track=542cfa7b134990c8a7b0b2ca4829192b
global_step=237296 | return=23.44 | steps=72 | track=b9273b13aeff228b3a9cb13e4d94baab
global_step=237376 | return=-144.33 | steps=131 | track=db64c106800d8be3e1e80ef26759db0d
global_step=237472 | return=-76.56 | steps=98 | track=3a342bb6ac29758ef656e0f3b06e30a6
global_step=237952 | return=-117.48 | steps=130 | track=d9431bdfe11cbf66adeaae1ad9ae40f5
global_step=238032 | return=-140.29 | steps=131 | track=15d91f51e984ab0c29ea4c11c118b315
global_step=238128 | return=-140.07 | steps=131 | track=f82778c12e07edc054eed53258f9042d
global_step=238304 | return=-141.73 | steps=131 | track=d934194c37169466dd965a8050045095
global_step=238304 | return=-56.83 | steps=81 | track=1a19539ac92eb3a14cc59ecd234a606c
global_step=238320 | return=-43.53 | steps=156 | track=36db0003f3162215a63cf19aa7c62afe
global_step=238320 | return=-143.89 | steps=131 | track=325f47949633d633cc7b106f21e0bf57
global_step=238496 | return=-111.72 | steps=173 | track=731bc0b1356683db66dbe43d3e9ae4d8
global_step=238672 | return=-147.99 | steps=130 | track=ee29be70ac857887024379acac2a4dcc
global_step=238688 | return=-56.05 | steps=45 | track=ac21bce27d68b2f982aabcd84338d247
global_step=238784 | return=-59.91 | steps=46 | track=0896d578f9394016dad26d74b812a710
global_step=238912 | return=-111.10 | steps=95 | track=19c99db79dc0a79a0d1e154dfca2702c
global_step=238928 | return=-117.51 | steps=101 | track=f99e2f2d5c111517e6532c3a9fa9d246
global_step=239152 | return=-61.21 | steps=63 | track=c0a934a59e19d48cdb36a64798a4c9b0
global_step=239248 | return=-188.56 | steps=279 | track=6cf3c7e30da5b8f3ab988001eebd1528
global_step=239536 | return=-42.11 | steps=154 | track=22cfc9c8cd3597506dd8b50d66147eb5
global_step=239584 | return=-154.33 | steps=131 | track=251b9de8523ba43ad22a05fdb379eacc
global_step=239840 | return=-164.24 | steps=177 | track=5e8303025a967885324f74c7ac4bfb52
global_step=240128 | return=-95.42 | steps=89 | track=4c82982ca04d9d2819ebc8cc6fe74d5c
global_step=240384 | return=-72.63 | steps=91 | track=f30a78a1f5ffa1fdf7b6979de20b8147
global_step=240416 | return=-150.87 | steps=131 | track=864caae5cbacc162f0c5e02e4cc735ed
global_step=240416 | return=-143.68 | steps=131 | track=a9ee8d13d44e93c85aa5c9f26817feb6
global_step=240432 | return=-151.67 | steps=131 | track=5aeabdbf1642ff9908b5f3270121343b
global_step=240432 | return=-148.00 | steps=131 | track=ff81310159a8ddeeb10714f37aa19fac
global_step=240608 | return=-145.35 | steps=131 | track=3b965aca6de2e8fe49f9f81876301f7d
global_step=240784 | return=-135.10 | steps=131 | track=1342155ef881c68fab70b24a55d5a591
global_step=240896 | return=-165.09 | steps=131 | track=c7ac9fcb0d32ea99d6cdc5a8754f24fd
global_step=240944 | return=-131.86 | steps=111 | track=5531ec6d5cff4222872a2cdd96d96ab1
global_step=240992 | return=-34.73 | steps=71 | track=10ddc4f9822b97021e627da2b6b5295d
global_step=241040 | return=-142.20 | steps=131 | track=3b4f53cd6a0830948de59ff75aa99ebd
global_step=241360 | return=-139.56 | steps=131 | track=4230ed85ee98c4fa2782cc3ed1cdc7b2
global_step=241440 | return=-9.07 | steps=65 | track=a062d8e5cc935d74c70142fdb18045f4
global_step=241648 | return=-146.06 | steps=131 | track=f37162cd8d9fee804c463d91ef6e0704
global_step=241696 | return=-140.60 | steps=131 | track=384a1fd100a4d9a355f9c58d2bba5a4d
global_step=242112 | return=-45.93 | steps=46 | track=5dd3a0c3d04723e594716a37d1fec0ea
global_step=242208 | return=-246.67 | steps=312 | track=80d2056646e6ee728e01611e2e8477cb
global_step=242240 | return=-111.87 | steps=101 | track=847be81723cc1609d285c116f91d84c8
global_step=242528 | return=-148.25 | steps=131 | track=f1cf1836a9e5ec72b4d013215e061f01
global_step=242544 | return=-143.23 | steps=131 | track=7ae7a7ddd768f0bb77551af1c396c16c
global_step=242544 | return=-143.68 | steps=131 | track=0414aaa2c6a32407513c94b32c653eaf
global_step=242592 | return=-121.49 | steps=96 | track=b67dd128b1ca52ffdbf527b0b32d9630
global_step=242880 | return=-172.79 | steps=130 | track=a48569cf71425c48e0f7b3df00b9df40
global_step=243040 | return=-150.16 | steps=130 | track=45246acd3af425a6bd5e0347c207dd37
global_step=243088 | return=-157.20 | steps=130 | track=a979efcc44b7f88a00e18453f7317cf2
global_step=243216 | return=-42.65 | steps=41 | track=a999b10c6086ff9ba27f84dde33b5d0c
global_step=243552 | return=-143.50 | steps=131 | track=9690ba27c883aab329355e7d7663ee85
global_step=243760 | return=-149.91 | steps=131 | track=d65ab01946de42ae6a8e632bf4731563
global_step=243760 | return=-156.23 | steps=226 | track=ccb0f4de66787fa7d19e0f9b51d9c62a
global_step=243808 | return=-143.68 | steps=131 | track=6e66c986d25f0337a5de721f43b6f27f
global_step=244096 | return=-81.35 | steps=93 | track=f680083a5aee2db970d45f57dd568056
global_step=244224 | return=-142.70 | steps=131 | track=57354aa19935ffbae1d884d3bc8d8448
global_step=244304 | return=-136.03 | steps=130 | track=df99aba6d57146291275650f82dbae4a
global_step=244352 | return=-133.60 | steps=131 | track=54811b0f9db288124230f3f28c3a39a5
global_step=244480 | return=-133.34 | steps=223 | track=f70401c3393d3cc18b711144c90aa2c5
global_step=244640 | return=-139.41 | steps=131 | track=6a103e3e310e2108dda8e6db4883db63
global_step=244656 | return=-133.00 | steps=131 | track=db63990b9d9b66b43780d54a90d7cf16
global_step=244672 | return=9.76 | steps=98 | track=81de865f495721aedead0e972c84b67c
global_step=244784 | return=64.33 | steps=272 | track=2ad4eab4ed2ce2400276d0ad91175930
global_step=244848 | return=21.07 | steps=67 | track=9e4969281da711ab1a85e895b41fc215
global_step=244880 | return=-58.91 | steps=40 | track=5709b20c841b94b44b1bf169e0c02532
global_step=244992 | return=-141.79 | steps=131 | track=775bd29f79f8a30e25e67544b94d877d
global_step=244992 | return=-126.17 | steps=110 | track=e0572c8c68e9733e64c31d334538ae6f
global_step=245152 | return=-140.73 | steps=131 | track=62d493b5e760f56362ad5e187e1eaeb9
global_step=245328 | return=-111.33 | steps=110 | track=b2428a350fa39067d80dc4ebc81e2463
global_step=245616 | return=-133.47 | steps=94 | track=e6d6959571e88cdc7b652bb667066b44
global_step=245664 | return=-24.58 | steps=41 | track=a352f93a6cd24bc75f62c58ef5b2f51c
global_step=245760, SPS=74
global_step=245936 | return=-65.28 | steps=71 | track=06770be547d98b455af2976587c256cb
global_step=245984 | return=-145.09 | steps=138 | track=d1d4ab3256d1efcb3b3d8a87968f47e1
global_step=246416 | return=-140.30 | steps=131 | track=3acfe0de69ca128d0c752970b85331e2
global_step=246672 | return=-93.92 | steps=144 | track=3b27ea840543d8e2efb8a77d77583170
global_step=246768 | return=-139.03 | steps=131 | track=e26891d16cb0f3ebbe8c677e6e31a185
global_step=246848 | return=-16.37 | steps=76 | track=30168a2344e7409dd405a2d24ce55e69
global_step=246944 | return=-39.36 | steps=153 | track=6ffd8e4475857e72387a0692b9159751
global_step=246992 | return=-153.88 | steps=131 | track=75d45b9506291dadacd621c695f79483
global_step=247088 | return=-172.77 | steps=204 | track=afa2aa26a69d9244e374eaeb545e47f1
global_step=247264 | return=-140.31 | steps=131 | track=38a9a63b7a2e07214dfc3b2aadd5872c
global_step=247472 | return=-177.32 | steps=163 | track=454c4f05d60ee49a73ed076817d9b5d7
global_step=247536 | return=-141.40 | steps=116 | track=5c1b39e911dcaf06b89f331176a78ee0
global_step=248016 | return=-124.11 | steps=188 | track=425c939a0e6540eab23dac8f0306afc3
global_step=248048 | return=-151.10 | steps=131 | track=b07d8d425a3cff308b4c4e2c50021114
global_step=248048 | return=-104.69 | steps=210 | track=3b345acdac66a406ab5ad3c5f6b3e1ec
global_step=248096 | return=-142.83 | steps=131 | track=77cb6a52d3714a8edc953d2ee104627f
global_step=248272 | return=-7.87 | steps=62 | track=6c32aaa0a25a2dc3e07b3a02b6e55b9b
global_step=248624 | return=-62.10 | steps=137 | track=c64c757480b80adb31f3f04f12b3381a
global_step=248640 | return=-1.43 | steps=96 | track=8b7f8f856a9142699bdcfec492f8f791
global_step=248784 | return=-147.61 | steps=131 | track=4baf946da098d016335f2af54b32160c
global_step=248816 | return=-107.23 | steps=260 | track=89daa2c0461fbacfa36b2f813b028dde
global_step=248880 | return=-146.17 | steps=221 | track=c55d8cc0ca80f530443530c7173c472a
global_step=248944 | return=-135.45 | steps=130 | track=17b49689fdfac4da32479532d3f80f58
global_step=249008 | return=-63.17 | steps=61 | track=35257b5cd51791c94783d0404ab196c7
global_step=249040 | return=-142.67 | steps=130 | track=7a014e76676c5821431a012cc09a2539
global_step=249184 | return=-107.39 | steps=136 | track=6ca6145e9933bb89b6b39f1338e5cef1
global_step=249536 | return=-89.43 | steps=128 | track=845cb606b045b0082dca4fa8f72d4654
global_step=249584 | return=-92.89 | steps=92 | track=b11220f6ee3a36a67c0c7f10a1012f58
global_step=249648 | return=-141.28 | steps=131 | track=db6b9fbeae07a1dd357e8055e4eb0109
global_step=250144 | return=-113.78 | steps=130 | track=ea94d473e341e06c72917c6e353f17b2
global_step=250160 | return=-140.30 | steps=131 | track=b6b2629be9f01558c0e6c86b5403d2f8
global_step=250288 | return=-37.27 | steps=79 | track=2275c1f4ff8d0f3365d95abc7222bdc2
global_step=250736 | return=-150.87 | steps=131 | track=a6a85e1628bf055c442aa367e847bcc4
global_step=250864 | return=-43.99 | steps=44 | track=b7016d2ae26f8b45e2314836f78b7dea
global_step=250896 | return=-154.09 | steps=131 | track=d463235c3d007d243414f9db4a9cd6c9
global_step=250928 | return=-138.20 | steps=131 | track=c1dfecb770cfac6e2a74394341ab8fff
global_step=250992 | return=-148.21 | steps=131 | track=6e187125f8d0208aede665e52b03c927
global_step=250992 | return=-123.83 | steps=146 | track=6d58e9cd24569504a84cb6622b266037
global_step=250992 | return=-111.16 | steps=169 | track=1290de6467fde0f138c306bc938681ce
global_step=251040 | return=-140.23 | steps=130 | track=c549d71b830ab3dd9030b4d2f6c8f320
global_step=251136 | return=-154.02 | steps=130 | track=1ebe1207cb856b2fbd48260ef3b2d6d2
global_step=251296 | return=-144.91 | steps=131 | track=f6995823e5b6aa140850c1e8f3de860e
global_step=251376 | return=-171.46 | steps=287 | track=069299c125473c6f2c6194ac6fe7a3cb
global_step=251632 | return=-156.88 | steps=130 | track=80b0b18be165d6ed745de24742d50ec2
global_step=251664 | return=-71.64 | steps=41 | track=5b4546572f381cdde63ac36e0625b1fe
global_step=251696 | return=-153.33 | steps=131 | track=b6dd47852b2256875820fe3fa211e593
global_step=251760 | return=-144.57 | steps=131 | track=c22c699a97156e4175906da8f29cc2fe
global_step=251808 | return=8.66 | steps=66 | track=f14362a399a70f567414411e96a2ddd5
global_step=251968 | return=-35.99 | steps=64 | track=4f8ba56b9bf74ef76717fe1b4b69ac93
global_step=252000 | return=-107.99 | steps=114 | track=5fa01bde76a1d9ea90e1a9307f92f0ff
global_step=252080 | return=36.29 | steps=67 | track=dbc35f344ea876f8ab03884c91fc5ede
global_step=252304 | return=-72.89 | steps=39 | track=b8138906a8e84018616e7baae164cacd
global_step=252400 | return=-155.53 | steps=131 | track=f3cc9bb9df45c18dad3fc033a8584236
global_step=252944 | return=-36.42 | steps=60 | track=73b11aa43c17e3ff18099a6a247c093a
global_step=252960 | return=-123.85 | steps=130 | track=3fd3d5ace7825fd087761ed495db02af
global_step=253008 | return=-165.00 | steps=131 | track=afe56be392f42752a57b82af89e00da6
global_step=253104 | return=-142.16 | steps=131 | track=4c0cfcca7ae0301fe18db7cb3ea2ea38
global_step=253152 | return=-156.49 | steps=131 | track=12b54e2ad2250456c49b44381eadf1bc
global_step=253248 | return=-142.47 | steps=131 | track=3ccef110706cdf7fc27bbaaec705030f
global_step=253248 | return=-115.73 | steps=89 | track=11aba2df6ff11e924e10a3ceec57e4ba
global_step=253408 | return=-144.27 | steps=131 | track=11083ff03ac169b9f3b04361aed04a99
global_step=253472 | return=-155.84 | steps=130 | track=489a215a2a5ae33946050d0f0ed123ed
global_step=253728 | return=-122.14 | steps=130 | track=10c5c5dc663093e42bde2b77622f658e
global_step=253808 | return=-141.58 | steps=131 | track=ff56a5fbbdf67a97cfac9996d5381ef1
global_step=254064 | return=-43.57 | steps=128 | track=9a4cf2238f47639ffdb6213da0adcfd0
global_step=254080 | return=-50.60 | steps=41 | track=0afe374806bcb23f8a982e590e535d5f
global_step=254192 | return=-149.05 | steps=131 | track=e8f087df8a0d8406d9239c36915a7747
global_step=254416 | return=-140.10 | steps=131 | track=1ac07d40c849c9897981cc12dfd26b4d
global_step=254512 | return=-141.70 | steps=131 | track=69f8a8d3d000d34a6fe9667cf8273290
global_step=254544 | return=-58.25 | steps=95 | track=32ca76d17736cc5ab0618eeda4e3b707
global_step=254560 | return=-26.84 | steps=81 | track=9318daae6afe382f5719d31078ed4677
global_step=254656 | return=-117.03 | steps=105 | track=736e83a9ca84ce59d3256b6ab31b209a
global_step=254784 | return=-52.02 | steps=44 | track=3b8722c3002a5b703c5624d20854d6b6
global_step=255056 | return=-154.28 | steps=131 | track=f4cab856972ddc85622ff8c0026d5cd2
global_step=255200 | return=-130.94 | steps=130 | track=73f0fcaadfe04b879babadf22d4387c8
global_step=255264 | return=-138.45 | steps=131 | track=8cd3e28e1f5ee218f9b8234e00c1fe24
global_step=255328 | return=-106.85 | steps=129 | track=efa74172fd930095d5ba4a3617e39c8a
global_step=255408 | return=-137.52 | steps=227 | track=3448a1818cfd82639ed0c31633b8cd74
global_step=255584 | return=-138.79 | steps=131 | track=45e61ce1a268220cad397fe3b44e2ac8
global_step=255632 | return=-50.18 | steps=52 | track=5d9e2c13f730d18bcd4598516a07d2a5
global_step=255840 | return=-147.43 | steps=131 | track=ec47f49f89c1823204523d51009df127
global_step=255920 | return=-140.60 | steps=131 | track=94e3038dd5dda38c26e410cd97737864
global_step=256208 | return=-146.08 | steps=132 | track=b28cba7d315760294014f16aeb84dca7
global_step=256240 | return=-138.75 | steps=127 | track=7b156c31213b64623cf2e1e92c1e5b1e
global_step=256256 | return=-79.49 | steps=108 | track=0fe2f1cf2e9b461f4a85a4e8a0c66e0c
global_step=256336 | return=-19.45 | steps=62 | track=46e73983680d4543046eef432c6adf8e
global_step=256528 | return=-142.93 | steps=131 | track=2cb50dc6d49485df8e4b85a7009a3a2d
global_step=256672 | return=-145.71 | steps=131 | track=3bced7d81d5580944d3beebf48a3a810
global_step=256832 | return=-84.17 | steps=142 | track=2a8a315627650b8b83b46c27592a4b12
global_step=257168 | return=-143.61 | steps=131 | track=2bb58e3bb14ee5d0a5813658c3335841
global_step=257216 | return=-113.73 | steps=98 | track=711c55ce5008145fa0bf819af75f9cbf
global_step=257264 | return=-6.52 | steps=62 | track=f5ba894059cfffcb273d18f32c6e74a2
global_step=257312 | return=-59.31 | steps=165 | track=87e54d03ecb860e22b7afed0de2e075b
global_step=257376 | return=-145.24 | steps=131 | track=58e7a1bb93668ff4b363f711c2ca2ad4
global_step=257728 | return=1.43 | steps=65 | track=77e6b7d7ef3f9014ffdb9d94b4ff2700
global_step=257936 | return=-81.59 | steps=130 | track=0d148355ffc33fd94242fc97fd34902e
global_step=258304 | return=-154.22 | steps=130 | track=21a7beadcd428851707df4644e230d02
global_step=258432 | return=-108.74 | steps=136 | track=fc5985a258198aa7b5117e48a752836b
global_step=258608 | return=-143.59 | steps=129 | track=b4a300d132af3b2940916c65a2210b54
global_step=258672 | return=-61.87 | steps=45 | track=2a303bd1545a1102ed09f6ffb4dc34d8
global_step=258704 | return=-34.78 | steps=173 | track=87576ed6a503e37bea87efb007ca4fdd
global_step=258880 | return=-90.22 | steps=93 | track=61446333e374b46b7bf6bb0e4dd52dc9
global_step=258928 | return=-156.60 | steps=130 | track=9925e5b9875e1e311d17ad87639b296f
global_step=258992 | return=-58.21 | steps=42 | track=a37bd306308a151523fd732a3d041050
global_step=259120 | return=-88.32 | steps=173 | track=19df1d86bfded59844a0f4966beecf02
global_step=259264 | return=-136.37 | steps=130 | track=f74d525e2e343bfa64e7fdaaa99cc5ca
global_step=259328 | return=-152.36 | steps=131 | track=65e36960f6f308037142b8c0ed7d6d3f
global_step=259376 | return=-161.10 | steps=131 | track=fcc62d45f59790837646a82161e1706a
global_step=259424 | return=-135.90 | steps=131 | track=a534db738dae04069848a9e2a38f610f
global_step=259664 | return=37.27 | steps=265 | track=efeed8545a5b05c8c1545d29b06d3504
global_step=259712 | return=-11.48 | steps=62 | track=be33bfdfdfaa92fc0b535d8c5ceaedc2
global_step=259840 | return=-145.26 | steps=131 | track=761a1f3b8a5ad722d76ab73501a36dde
global_step=259856 | return=-149.50 | steps=266 | track=3d4e60a43c82384dc622c064b837b0f6
global_step=260064 | return=-55.82 | steps=45 | track=50f2001b7658a43b6e1e01f08721784c
global_step=260416 | return=-52.80 | steps=108 | track=9fcd03f92dcc82f88c6e6ec4fa113a43
global_step=260448 | return=96.29 | steps=114 | track=8d969165cc8cfdb6110fcb4ecb6a2bf6
global_step=260544 | return=-144.50 | steps=131 | track=ac8862ab58906bc4d9f531e124c2d58f
global_step=260592 | return=-12.71 | steps=336 | track=cf969790889d2de72d72935b00b0691e
global_step=260736 | return=-116.30 | steps=108 | track=6f7de46a05e53c19009ae48c2b5d0d18
global_step=260960 | return=-12.90 | steps=68 | track=41924f7d37521fdab52f3f5a31e7879e
global_step=260992 | return=-137.80 | steps=131 | track=979073feffa27984a2c8788cb1b6d7db
global_step=261040 | return=-144.26 | steps=131 | track=6b174f2ac52ec1e888bad475662e2c0d
global_step=261152 | return=-64.49 | steps=92 | track=3cbf1f17ac8f2bc4c60c1307d1dfcdf3
global_step=261232 | return=-141.15 | steps=131 | track=0a8b188f8f4267b7ec0aad4c02bd2689
global_step=261328 | return=-55.77 | steps=56 | track=c313ff90872b57d6e9801fb33bbeffbb
global_step=261376 | return=-155.38 | steps=131 | track=2763eeb34a87a1707bcb839e3d0c2180
global_step=261488 | return=-153.11 | steps=131 | track=c53eb223d1295460bbbaccf148a126af
global_step=261536 | return=-138.45 | steps=131 | track=6535ef6c292578b848e0379fdddedd28
global_step=261696 | return=-67.91 | steps=77 | track=7a20279c024de8d6a4b9751f6cc68140
global_step=261712 | return=-23.61 | steps=60 | track=abf54de9eef53604d6c0e2229b06bfca
global_step=261936 | return=-149.00 | steps=130 | track=cec7b5de5d7ae241755548b29e268d53
global_step=262048 | return=-18.29 | steps=145 | track=3a033b6d7b1ea9103adf83886de7fd6d
global_step=262144, SPS=74
global_step=262288 | return=-106.19 | steps=138 | track=97ac5aaf313f0bbc5fcb459b3ee23e6d
global_step=262576 | return=-66.73 | steps=95 | track=bf7777d192941bc721b4bd7b5b527900
global_step=262704 | return=-154.64 | steps=131 | track=636cc1157bad2f130e1a652cbd316167
global_step=262832 | return=-104.20 | steps=90 | track=df0b814f34eaa29ce119aea99b892db5
global_step=262880 | return=-68.97 | steps=145 | track=2b5558a34a78c515cbd8da5b8d92e451
global_step=263072 | return=-144.76 | steps=131 | track=89b534b6ed216e5acbc8edde064d8995
global_step=263104 | return=-133.26 | steps=131 | track=4783b970f6512901c6f7855ef7b774d0
global_step=263248 | return=-149.86 | steps=130 | track=eb5ff69dde712a337bef92faf265cb56
global_step=263328 | return=-117.76 | steps=101 | track=78cf0935536e8216965a48a0e5c9e0b9
global_step=263440 | return=-148.65 | steps=131 | track=ed1e0ec34a1b39309d652c491a70d2e1
global_step=263488 | return=-30.77 | steps=140 | track=d44377c337201ee6ca87cb3727065135
global_step=263600 | return=-149.55 | steps=131 | track=0325294e9bf01cbc9b02eae9390a7788
global_step=263632 | return=38.59 | steps=105 | track=db04ca2664b55a0ea21005c7419c04d7
global_step=263648 | return=-139.18 | steps=131 | track=e02ae93f4bef16db5b6cd658c4ef3deb
global_step=263952 | return=-157.87 | steps=139 | track=3561820234b8035f7f7632f0ab97437b
global_step=264160 | return=-145.51 | steps=131 | track=39877e353777f10ab0be199e6f85d7de
global_step=264256 | return=-8.21 | steps=62 | track=da3ad4cfae7527983f2124353905775b
global_step=264272 | return=-43.83 | steps=51 | track=052340031bd0c64552799b695a5db047
global_step=264688 | return=-148.29 | steps=131 | track=9f8202425670b29be0aa47fa9a6c651a
global_step=264720 | return=29.26 | steps=151 | track=8a7a28a84301938a2eb46d40fd0b9af7
global_step=264768 | return=-108.99 | steps=89 | track=f95af2e84b9c22ae0f060b08fefcaffb
global_step=264816 | return=-15.66 | steps=75 | track=99bf426d55028eab958031835eb49d42
global_step=264816 | return=-136.74 | steps=131 | track=b57e1a4d5ea927ed9a9032766ef68868
global_step=264944 | return=-156.98 | steps=131 | track=99d0e062f0d75bdcf70c263d8af20504
global_step=264992 | return=-143.25 | steps=131 | track=7daa24c1e3b8a96da7c2a375e5aad8e6
global_step=265056 | return=-69.00 | steps=49 | track=64c0a4867530bef6f06f892463f421cc
global_step=265168 | return=-139.83 | steps=130 | track=8b4154165158b2094985e3f9d114651a
global_step=265232 | return=-25.39 | steps=66 | track=b721e71e86fe7b63e4e8d42ed5f96aee
global_step=265312 | return=-14.01 | steps=64 | track=e7c74e8d7de4230315768c5617ff9876
global_step=265728 | return=-154.27 | steps=130 | track=1e327968b3fcc24d9b3a19cb0e271e7d
global_step=265760 | return=-134.64 | steps=131 | track=88bac2aa4944a031c87eaa976ae94cf7
global_step=265824 | return=-26.96 | steps=62 | track=efa0536add6306da656656d42fbe3501
global_step=265840 | return=17.25 | steps=66 | track=a6d57c40e92a2da8ce4aecca4cccc99c
global_step=265936 | return=-86.03 | steps=152 | track=e3a3558b32012558aae2e90a37a23a61
global_step=266032 | return=-14.48 | steps=67 | track=e6f1baf982284ca4781cbd479bc5af9a
global_step=266416 | return=-116.85 | steps=206 | track=49c3fdec89df0491a1d8f715bd35cb69
global_step=266528 | return=-34.30 | steps=75 | track=cb1f9d41ec239cf32a614a0bd6ee01c2
global_step=266560 | return=-163.58 | steps=162 | track=3c317ed5e9050f55337e5a780f30a350
global_step=266672 | return=-59.09 | steps=52 | track=f8126e2c63b437d3b95529244566c0c8
global_step=266800 | return=-139.84 | steps=131 | track=b7d83eea603a7a5e41429b3d791bdfb7
global_step=266832 | return=-161.33 | steps=131 | track=98ee2d40dae294a37e2ce6163a4efb6f
global_step=266864 | return=-9.86 | steps=63 | track=700dfb12234b06b9c9eac802b2cbb886
global_step=266912 | return=-138.56 | steps=130 | track=112b05f492e07fc15941a9d0cada17a8
global_step=267040 | return=-33.91 | steps=62 | track=a6ace366f30bd6f4a3abbf66aad37fac
global_step=267088 | return=-148.81 | steps=130 | track=7d852544014f0dc893f2c1cc02a78fdb
global_step=267168 | return=-140.29 | steps=131 | track=8fc6a62b0dcd7f48576c910c6f0bfff9
global_step=267280 | return=-102.91 | steps=131 | track=964eb268d30261cd461036746ae63150
global_step=267824 | return=-32.99 | steps=61 | track=ac7a3d55118dd79f0048f0d108328238
global_step=267840 | return=-140.37 | steps=131 | track=25c998f96cbae5555f1b6f7710e4eec4
global_step=267856 | return=-138.50 | steps=130 | track=51e08b40ba745a37c12500e2327d71fc
global_step=268016 | return=-109.21 | steps=173 | track=3341898d03b1624132aebcbda2e621fd
global_step=268032 | return=11.34 | steps=69 | track=ea97eec87276f17c8b9a8df0ade284ff
global_step=268064 | return=-147.86 | steps=132 | track=83b759d0f3c65295b852acd6d7863386
global_step=268112 | return=-117.95 | steps=89 | track=b7e4d9c848ac097f35dc3b98cc84f6fa
global_step=268160 | return=-59.01 | steps=80 | track=0da87291035a75bd79b1738a2d1d5464
global_step=268528 | return=-106.71 | steps=131 | track=d8dd9b64f8294169fdddc74993913c47
global_step=268624 | return=-138.99 | steps=130 | track=2dc44eda37be1142bdefdb4b7776bdc5
global_step=268672 | return=-141.79 | steps=131 | track=8c48ddc240ba0ee3000353897342d5b1
global_step=268880 | return=-0.92 | steps=64 | track=e9b2058214085a28b9bc1c1e090f3927
global_step=268912 | return=-150.80 | steps=131 | track=d943b1f50e3084bd44aee7bdc5d96586
global_step=269072 | return=-25.16 | steps=62 | track=bc66ae9ba43f7163111921c2f5afde73
global_step=269152 | return=-136.63 | steps=131 | track=7220d5e0e39c4c7764717e4112802643
global_step=269280 | return=-138.63 | steps=131 | track=ebd6614536ed6cfd36df081ec2584943
global_step=269328 | return=-109.15 | steps=139 | track=a78d3ce638900289ecfff8f3ccb70415
global_step=269376 | return=-112.05 | steps=130 | track=61d0d959ef03b98837d27e9016fe9e98
global_step=269520 | return=-36.16 | steps=87 | track=221a0c7a53bd0e929df8b0cfc3ed8a0d
global_step=269808 | return=32.24 | steps=110 | track=195be0e4c47881893dcbdc0979743b79
global_step=269872 | return=-99.83 | steps=127 | track=4ba53118d50cdb3ac046792eccf2fe17
global_step=269952 | return=-151.45 | steps=130 | track=090af45e90776e9f555ba9741b793c3b
global_step=270128 | return=-134.68 | steps=131 | track=06ec4cc40a62d0c9149cd1f5e3621952
global_step=270256 | return=-120.57 | steps=130 | track=1ae77ec8b8ed631ff747353dd6eddf74
global_step=270576 | return=-73.33 | steps=47 | track=465bd887a32c647da368c4161524fab7
global_step=270624 | return=-119.57 | steps=108 | track=4a0f79bd7b689f7dc813723ba782ac80
global_step=270624 | return=-161.59 | steps=124 | track=a84c7fc5d0af49c55e0ecff976cd5b8f
global_step=270672 | return=-118.89 | steps=109 | track=d0669e78fca1deca6d433bb2be4b6ce4
global_step=270784 | return=-79.36 | steps=101 | track=eedcaee7dcad5f00c88c1dac9c358fa1
global_step=270896 | return=-43.06 | steps=47 | track=d1e6301d32423d1204c4d4424900c1b1
global_step=270928 | return=-90.42 | steps=140 | track=9b82720a590cef2f72bc58c0d5b7210f
global_step=271184 | return=-142.09 | steps=131 | track=10a1cdc719d172f1a4a724cdbd084e1e
global_step=271392 | return=-146.11 | steps=131 | track=7a7ea940bb180d3aeed6e665c9cbc983
global_step=271440 | return=-127.42 | steps=131 | track=92d083f06b695ea0d4c415e2df26b87e
global_step=271600 | return=-43.21 | steps=102 | track=00d1632c5fe4d31ae9974aa3a29a7cd6
global_step=271632 | return=-118.73 | steps=140 | track=4fd19d2533efad7273204be1ffe7c6b8
global_step=271632 | return=-134.59 | steps=131 | track=7a70e89aca2d3fffe1a7685378cdaff5
global_step=271984 | return=-137.75 | steps=131 | track=e95d2e875b951f7e04b7c621aa3e3626
global_step=272272 | return=-65.91 | steps=99 | track=e90bbf8389c482ce110931a38830b9db
global_step=272320 | return=-107.77 | steps=95 | track=37085d63d4768dea009c6bb5960299ae
global_step=272368 | return=-152.97 | steps=131 | track=199627f428b37efa75caca4d4438d6b1
global_step=272368 | return=-104.35 | steps=89 | track=8e5799cade06054ac847daed58c767c6
global_step=272384 | return=-37.06 | steps=74 | track=bf940ace5b69759a030fef3a232760ce
global_step=272688 | return=-145.93 | steps=131 | track=a5236bd4bcdd79039591606b23be9d41
global_step=272720 | return=-125.22 | steps=130 | track=dfbb74207fee838411e0e200d2e4eaa1
global_step=272736 | return=-150.30 | steps=131 | track=22afc3e99637b62f72f4a64e122769a2
global_step=272960 | return=-145.64 | steps=276 | track=ff74b158c480b56d91a2a929adbc2b7f
global_step=273008 | return=-135.90 | steps=131 | track=f0fbbe943b1b002720e848abab2b68ac
global_step=273024 | return=-63.33 | steps=40 | track=c2a6872fd1c49f537dd4b5aabfb2ada1
global_step=273456 | return=-3.43 | steps=70 | track=363ac7e36906f595cc47697abf44dbc6
global_step=273504 | return=-142.39 | steps=131 | track=ccf034e3c7659a14e9faa647b3e7ba48
global_step=273552 | return=-122.61 | steps=131 | track=0873bbc626d440a6752e4c0347dd293b
global_step=273728 | return=-139.18 | steps=130 | track=8d421722649d928a2d6971f5d39ece6b
global_step=273872 | return=35.50 | steps=71 | track=d54e3c022191c74e654dc1f52a889277
global_step=273968 | return=-86.39 | steps=145 | track=7310e566b8b6566f26a80f6fe2e16a38
global_step=274096 | return=-145.26 | steps=131 | track=8fef957504d1f1aa4cc99f10d3c7c0d6
global_step=274128 | return=5.80 | steps=69 | track=3e23a411d1627d32e5e5be25476c9df3
global_step=274368 | return=-144.99 | steps=130 | track=f0b7427638b333c2d3d8411fe507d686
global_step=274464 | return=-155.98 | steps=130 | track=f930f2a3fd69eb0b29691a40f675c031
global_step=274480 | return=-97.45 | steps=130 | track=53bcc196f8e2d8ea41e80fade334f80a
global_step=274800 | return=-143.25 | steps=131 | track=329af7d39c4f06fbc11677be207969df
global_step=274832 | return=-158.37 | steps=130 | track=40f41edf7af3a01163e18eeef193d08b
global_step=275056 | return=-138.56 | steps=130 | track=1802a0d96f6b708950b7102d04564b50
global_step=275056 | return=-47.57 | steps=59 | track=5602f22c6fa2ca5ac9371a3c5844b9d7
global_step=275104 | return=-116.70 | steps=129 | track=dcf768679ad4514c6548c167b7deb81d
global_step=275184 | return=-5.20 | steps=65 | track=23f2e1d18e02d81d4ffe714c7dfcb3e5
global_step=275232 | return=-75.89 | steps=93 | track=306d4a403063cfb8acdb8f231cb6286b
global_step=275440 | return=-5.31 | steps=66 | track=f16af6e67b1c1ba730608957100e5d32
global_step=275568 | return=-151.15 | steps=131 | track=6959c7d42f9387af34187be4d658b4da
global_step=275824 | return=-81.24 | steps=144 | track=ab5c85692001b72046d93a98a0f247e6
global_step=275824 | return=-71.49 | steps=141 | track=ff208d7eecc8e637f87a51bfd12b7f86
global_step=275872 | return=3.74 | steps=64 | track=0ba90ffa0c57df840ea6c200505d1733
global_step=276080 | return=-35.35 | steps=60 | track=8b3be95ab9fc461f79ddca250c99d28a
global_step=276496 | return=-65.86 | steps=41 | track=933458e20e959c2e13984049c7e8491d
global_step=276528 | return=92.78 | steps=165 | track=cbee751d384a96f8eb963f90207fd4e3
global_step=276592 | return=-152.59 | steps=131 | track=8e00ea31255e64db4352c3954bcc32bf
global_step=276752 | return=-122.58 | steps=105 | track=b43d331875b0412ecfd078a71d358084
global_step=276912 | return=-150.19 | steps=131 | track=51f64660fbf83cf13e9f4ded7a6f1021
global_step=277136 | return=-95.29 | steps=166 | track=bbfe99a152e2c891daa5a70c595d0e6e
global_step=277152 | return=-133.78 | steps=130 | track=449f69403fe753b1906a3e49deacbb69
global_step=277280 | return=-136.84 | steps=130 | track=e9bdd77900731ac8453bc527cc36ab46
global_step=277392 | return=-67.61 | steps=94 | track=54186b0676cf7b1752b5e9bf4d512d06
global_step=277440 | return=-242.38 | steps=364 | track=6d503d056c45df54ab176f0d7ecc7a2d
global_step=277760 | return=-18.66 | steps=144 | track=1e09bfb568016c6e5b0f60cc7f9f3978
global_step=277856 | return=-147.13 | steps=163 | track=ae5eebf4f0b637c9193e5ead684926da
global_step=277920 | return=-149.02 | steps=130 | track=31b2d42c9c2b77f05c8fabbd6202eb13
global_step=277968 | return=-46.73 | steps=149 | track=3781953bfd6eb62f97464ab98cc82f83
global_step=278048 | return=-97.09 | steps=254 | track=2d1f4b95192f3d96938e9125241799f8
global_step=278192 | return=-8.83 | steps=64 | track=e3d228ca5d96fd942d6bc280573bec13
global_step=278528, SPS=74
global_step=278624 | return=-137.80 | steps=130 | track=29d7716d2a4dcc51ea7b380cac6005c6
global_step=278672 | return=-96.56 | steps=161 | track=b068d218e9e6b76616ac9f4c44fb70b0
global_step=278704 | return=-155.61 | steps=131 | track=5afea05b5866e8f6d63d801e74746b75
global_step=278864 | return=-138.46 | steps=131 | track=52d0f4c84dc35ee207a64f06e980717b
global_step=278896 | return=-63.02 | steps=43 | track=bd1472581833244fcf5d2e81363c05d1
global_step=278912 | return=-52.67 | steps=58 | track=7c10296364f8727ab9ef1771706c1272
global_step=279104 | return=-19.37 | steps=65 | track=5e4d4c0530651bceca932db7510aa596
global_step=279232 | return=-158.12 | steps=130 | track=9eeb0b6094d540173b358ffc640c161c
global_step=279344 | return=-87.02 | steps=177 | track=dea503af1445bd63a043cf6084f5a06d
global_step=279504 | return=-113.92 | steps=102 | track=65261dda39026dba0168c0b11c018f7e
global_step=279504 | return=-134.00 | steps=131 | track=3e8a92342d781f6196503d9cafc4020d
global_step=279536 | return=-147.54 | steps=130 | track=e9fbca30aee9a56eb17e76cdd21bfa10
global_step=279536 | return=-79.76 | steps=140 | track=2be2d0ed3a4cf968ee1ebd59ba14b7ca
global_step=279856 | return=-151.62 | steps=130 | track=f78ed5bcb5afd3d85a1eec35a22f9f7a
global_step=280032 | return=-131.91 | steps=131 | track=ed0bbdf8c73393edcd10e974eabd079e
global_step=280304 | return=-2.91 | steps=89 | track=5e9ed1a85b77f24284987c45e40b4571
global_step=280464 | return=-103.63 | steps=221 | track=de0a7e8c748ca50ec42fa573d97c994f
global_step=280672 | return=-11.00 | steps=70 | track=d3dee3ff63a13f90a43528f4ae715128
global_step=280736 | return=-142.41 | steps=131 | track=82fb7d52ec98364be020b7c03d57b3fe
global_step=280784 | return=-149.29 | steps=131 | track=6c359dea3a4c6fda2d8c5e1c087e02cd
global_step=280896 | return=-69.57 | steps=123 | track=5c389e14868fc7c586358c7393fdffec
global_step=281216 | return=-150.57 | steps=131 | track=71cdab59d2f4148e981fd3a76f84275a
global_step=281456 | return=-104.05 | steps=138 | track=5c50e26fb632e5112b9328e99df524ec
global_step=281456 | return=-139.66 | steps=131 | track=e59482d57dd57f7542d29772e73951f9
global_step=281520 | return=-10.48 | steps=175 | track=2a374da58e75c5df505c7e57b8f784ee
global_step=281600 | return=-147.62 | steps=130 | track=dd8dc2ab7a2bc06afe8c347995b1df40
global_step=281616 | return=-141.99 | steps=131 | track=2ce5522ceb50205d5929fc9d62c2268f
global_step=281632 | return=-31.04 | steps=170 | track=d9e47a1c24d46f4e6b46803e4572aef2
global_step=281648 | return=-148.71 | steps=131 | track=185d720b590710ffd5a399caefde8d08
global_step=281856 | return=-3.46 | steps=66 | track=b9fe129d89d41235d642ada938d319b5
global_step=281952 | return=-146.50 | steps=130 | track=2737e3ce045746cd43c5881036065a5d
global_step=282128 | return=-144.22 | steps=130 | track=caea42c7001211173fa388a6ab7d35dc
global_step=282304 | return=-58.18 | steps=114 | track=ccd7c78fd0b15512f11e161e6f6dde40
global_step=282416 | return=-144.71 | steps=131 | track=699145e99e30f77b3bfabcdd2ddf1e1e
global_step=282448 | return=-26.29 | steps=61 | track=2df7c9992d0600e3b71984823d2f746a
global_step=282672 | return=17.74 | steps=64 | track=12956cabe4796ebde10ad8a2f5b0d808
global_step=282784 | return=-7.46 | steps=72 | track=238e13a6cd4c40ba25d78692b20136c0
global_step=282848 | return=-142.00 | steps=131 | track=d9e5644da790f06cb0bf78c36a659e01
global_step=283056 | return=18.16 | steps=68 | track=bd5b306630310a60e39ea86625f66a2e
global_step=283312 | return=-144.20 | steps=130 | track=161e05ba64ec7fa79cf94c49831c720d
global_step=283360 | return=-14.93 | steps=65 | track=98648c97ea4e0c99bca92fce593f41ae
global_step=283568 | return=-148.47 | steps=131 | track=6e73448a7e194d27d742b12ac9257439
global_step=283712 | return=-150.59 | steps=131 | track=8bae5501f8552b63613d3a107bb29461
global_step=283712 | return=-59.00 | steps=175 | track=667fcf425de8e9091de4ae41eb247a3f
global_step=283760 | return=-134.85 | steps=131 | track=d609b35f8178f8384713e39a812b5e2f
global_step=284224 | return=-94.14 | steps=130 | track=4f8c6a210deff6f2ff79921dc22916b2
global_step=284528 | return=-133.54 | steps=131 | track=3c28d5b49afdb34acd72783e208b933c
global_step=284560 | return=-147.24 | steps=131 | track=989957938f5a3efc42eadef00cf1da84
global_step=284624 | return=5.43 | steps=65 | track=fc9a6d698e9e37f6d68b07c79a0992b0
global_step=284752 | return=-15.91 | steps=64 | track=949eb7f51bfe149573798c85469a560d
global_step=284768 | return=-141.90 | steps=130 | track=896dc7649753fd9f1d387113197fb760
global_step=284896 | return=-122.61 | steps=131 | track=5a4cc36c54a9017f7f356e0c7b6e526c
global_step=284960 | return=-133.12 | steps=131 | track=8703e29b43c96555b247a7e490aa55aa
global_step=284976 | return=-135.65 | steps=215 | track=959040adb5d6ec22707a50028120868a
global_step=285168 | return=-137.08 | steps=131 | track=397309459b28b805ab896383fe6efcd4
global_step=285200 | return=-103.03 | steps=89 | track=5f21486cb4dc81c20a991526ee9feab3
global_step=285408 | return=-42.06 | steps=295 | track=fc98da2732efefe533938b3a6f9409ce
global_step=285440 | return=-162.81 | steps=132 | track=3b8881380084ee3a1ea6be1542b9e32b
global_step=285472 | return=-139.63 | steps=131 | track=a11eac5e7ec09e7e18dfacc03bd13d46
global_step=285552 | return=25.92 | steps=82 | track=9d6944e401082e9b2a4592d3d09759a4
global_step=285680 | return=-85.24 | steps=57 | track=3c56ade74fea2a044a294c7719b03ab2
global_step=285808 | return=-141.65 | steps=130 | track=f59a57fe4aa09e614268b52bf42f3541
global_step=286128 | return=-75.46 | steps=93 | track=72ada6ca753c12a56611562e06b29a07
global_step=286384 | return=-5.14 | steps=51 | track=345df2d6d7c8ab7205cf135f2e168917
global_step=286528 | return=-1.65 | steps=65 | track=2d941cc7cfd93310b3c8c4b615159817
global_step=286640 | return=-142.66 | steps=131 | track=5f88466415242d05d43423fae62fd370
global_step=286656 | return=-142.90 | steps=130 | track=e768d8c33df1b37de806c2821305aa1f
global_step=286880 | return=-151.65 | steps=131 | track=25de8ad06c530f368bd6b82ae9883c1c
global_step=286928 | return=-185.07 | steps=316 | track=b88f7bec56a9998d3044dec7626a8f3e
global_step=286944 | return=2.80 | steps=127 | track=f11e563aaed22ccd30b3cb8a6a289535
global_step=287072 | return=-143.41 | steps=131 | track=3a9e569e98cf9a1629f3f23c39e3cc68
global_step=287088 | return=-136.10 | steps=131 | track=2c4542f4bc710d1f81590a1974829373
global_step=287184 | return=-104.85 | steps=93 | track=ec9702751dee44ba450a476eaac13862
global_step=287264 | return=-157.79 | steps=130 | track=0a69f0013e7126b3b3f1eb5ba92de01c
global_step=287280 | return=-81.55 | steps=91 | track=90b58d59512090e2d654382f34bbb0f5
global_step=287312 | return=-138.73 | steps=131 | track=4bfdf1d378905dd2057431ee9c04b441
global_step=287520 | return=-131.70 | steps=131 | track=d486b882d244b7da77c025f77f83a958
global_step=287552 | return=-136.74 | steps=131 | track=dcb7770daef3f889323423b4b3e66ce2
global_step=287600 | return=-117.54 | steps=91 | track=192f6dbac39abea28fdbcd7ddf68626a
global_step=287680 | return=-16.50 | steps=64 | track=2bf7692165619d0856eedf5502634374
global_step=287696 | return=2.01 | steps=64 | track=2565466215ad89840b1d2dcd9343e9f5
global_step=288112 | return=-35.73 | steps=63 | track=5704346be330c18330b883e84cc4e5a4
global_step=288384 | return=-109.00 | steps=89 | track=3da66a72dddce0c4a6a8432bb7ac701c
global_step=288448 | return=15.59 | steps=78 | track=83d4022b27ae1f94e3be8a0db22ea96e
global_step=288496 | return=-135.70 | steps=131 | track=77f12c5182c7c446d6094c97d24a273b
global_step=288528 | return=-44.47 | steps=60 | track=a4594e2fe379b332de3721fffbde8961
global_step=288592 | return=11.92 | steps=66 | track=a02317a73ad5075bf08f5656c29ca64d
global_step=288640 | return=-144.57 | steps=131 | track=ba7e9d2f6218c3dd8541396ddd4833e5
global_step=288816 | return=9.42 | steps=69 | track=057105e1cbacb44f436e1e0503ab830b
global_step=289040 | return=-162.11 | steps=131 | track=a77dc11a30a8d6f6bc5cfd85b0bf81dd
global_step=289136 | return=-129.26 | steps=115 | track=a33215e6e8350604633a943e98482812
global_step=289184 | return=-131.63 | steps=131 | track=e75cf4fe418c8e2ae6a2d65b7376986f
global_step=289232 | return=-91.51 | steps=101 | track=d8f89afaa5d3265aba82bdb5b6419d43
global_step=289424 | return=-144.57 | steps=131 | track=c2548e4c419d0f91c2dc70d458ee5233
global_step=289552 | return=-29.85 | steps=63 | track=99877c2214ed014de28bb9fb0ec56cb3
global_step=290192 | return=-40.81 | steps=156 | track=99e9d16fbb0a825beb8616e5cc1bd3bb
global_step=290224 | return=-154.59 | steps=131 | track=8877d009f5d11d4e76967893f32183eb
global_step=290304 | return=-53.19 | steps=69 | track=59c32953adb06d176a6deda559b4dfdf
global_step=290480 | return=2.97 | steps=77 | track=ba61efccc58a16c8d0cab816c24713af
global_step=290496 | return=-152.90 | steps=131 | track=d8dbe1ecbd08800b6c717125f643aa10
global_step=290560 | return=-146.42 | steps=131 | track=91cf1116c5e08a7a106b0566026f098e
global_step=290608 | return=-140.51 | steps=131 | track=8edd0c30f89c75125ccd23f749ddf0ba
global_step=290704 | return=-146.81 | steps=131 | track=119952af284cbcdc3fec028588781a5d
global_step=290736 | return=-149.78 | steps=130 | track=16ddb9119b34e6dfefb0716abef6d1be
global_step=290784 | return=20.35 | steps=76 | track=6b60d4afbfeb5b5b1b34b1f74dc5e9e4
global_step=290848 | return=-123.23 | steps=88 | track=401a2e5bad57201ba12af0ad44f688e3
global_step=290912 | return=-149.45 | steps=130 | track=f65d1c8835255590f0e02ce103fa9287
global_step=291248 | return=-137.96 | steps=131 | track=f2d9b9e74ae0f58920f9823e4e2097db
global_step=291296 | return=-7.87 | steps=66 | track=c0d8f5d1328c5b0f1fc384d03574d572
global_step=291536 | return=144.87 | steps=290 | track=177bf583127dd840a67d60375d3eb7c6
global_step=291680 | return=10.31 | steps=66 | track=cc533571d1897da601745b7727b095df
global_step=291952 | return=157.12 | steps=90 | track=f8cae4d2998346574b0d20496f042faa
global_step=292304 | return=-144.75 | steps=131 | track=a5b610c9d4bdbc7fbff8f3ac193f79a7
global_step=292464 | return=-89.89 | steps=123 | track=0cc2d0f757f512bc3b187f5b135bd61d
global_step=292496 | return=-123.79 | steps=109 | track=408ef5d6879fba1d7e2c0b854f87c2bc
global_step=292528 | return=-96.36 | steps=138 | track=6b66a72dc96bbe893452ba919191064a
global_step=292672 | return=-132.23 | steps=131 | track=9c11fa0abc14c8bc903aa7db7d0e1cde
global_step=292672 | return=42.89 | steps=70 | track=21745caec55df5a2a38c45a4e2fa9337
global_step=292816 | return=-133.75 | steps=235 | track=d7d0414a647deb53907aebb4a76c87cb
global_step=292816 | return=-122.61 | steps=131 | track=2a58f764a78d29c2015cc4b1d888f5a6
global_step=292960 | return=-148.25 | steps=131 | track=2a3d12e60cf8482703ce25ffe0a1d7f6
global_step=293136 | return=-53.78 | steps=41 | track=6257e97c942d05c622252b2cf07828f3
global_step=293264 | return=-66.90 | steps=59 | track=00fac45a4d7f75fe2cfc953444a42336
global_step=293360 | return=-144.19 | steps=131 | track=ec09122d8c209bc3f1004d308fbc3675
global_step=293600 | return=-127.19 | steps=395 | track=fb3c43f23a743947a6e11d2b3b7b66a0
global_step=293728 | return=4.68 | steps=65 | track=b49a800d5398d3460f35f1710249e813
global_step=293792 | return=-139.41 | steps=131 | track=77ed818e709f6afca177bcee02da78d4
global_step=294000 | return=-13.79 | steps=64 | track=026f52f851d7203a733ec9768355c4d3
global_step=294112 | return=-109.68 | steps=89 | track=100aee4026ed6dd145d0cc07aa09667f
global_step=294272 | return=-98.88 | steps=144 | track=b10a377d2e4b476b484b870327178f63
global_step=294384 | return=68.74 | steps=69 | track=3d24e38d5ce7a0760277da8bcf693bd9
global_step=294608 | return=-136.17 | steps=131 | track=074b9392483f94a5308a2a1bab5aab9e
global_step=294608 | return=-231.77 | steps=230 | track=10ebd23d6629c2779919e9eb578811f4
global_step=294624 | return=-140.57 | steps=130 | track=ca1617a63d0b56bf84c65dad99533c2b
global_step=294912, SPS=74
global_step=294928 | return=-134.33 | steps=131 | track=1d629fee5491a05de8404094a49637ae
global_step=294928 | return=-130.49 | steps=131 | track=6d4c8bb1a661e7f215e1d3c967d89258
global_step=295136 | return=-126.52 | steps=110 | track=c9648900af5333d87aa4645f71152a4a
global_step=295152 | return=-105.36 | steps=240 | track=fbab6ab1c87ba6c93f1d916c3d841f55
global_step=295248 | return=-143.38 | steps=131 | track=4077c63f3a21ee32a19dd98425117704
global_step=295296 | return=-192.34 | steps=281 | track=8207e2c70ae878a30346c470327b33d1
global_step=295680 | return=6.43 | steps=65 | track=c4bb4b967707cea769adbbd43b26c33e
global_step=295712 | return=-150.40 | steps=131 | track=867e9785ebd943c8fd32510dc2fe52d7
global_step=295840 | return=-144.01 | steps=131 | track=d79d4867bfa86a95270474fa02d70b76
global_step=295888 | return=-95.57 | steps=110 | track=1e1883d5d8c7eb149549fdfebc2fa20f
global_step=295888 | return=-152.19 | steps=130 | track=b697f00c2777ed1528e0e47702d0e234
global_step=296032 | return=-20.14 | steps=55 | track=5710d18d9fc48919daf3ce816060f67b
global_step=296208 | return=-46.13 | steps=65 | track=f1d266bd94843f1f7ad664e1734bc7da
global_step=296288 | return=31.81 | steps=64 | track=45e0813566109bdb4714e7cbf80371b2
global_step=296384 | return=-146.60 | steps=131 | track=faf55feb135a1a0915cf4144275cbfa2
global_step=296448 | return=-89.61 | steps=152 | track=39af7f9ee583597da9688f13512269cc
global_step=296704 | return=-147.10 | steps=130 | track=58463e773de1df9a19501555bca59d8f
global_step=296720 | return=-137.59 | steps=131 | track=536765b7190dcfae4b4989d6d1e33b1b
global_step=297040 | return=-136.86 | steps=131 | track=0cd7f26530138f0073763db82ffc215a
global_step=297040 | return=-149.71 | steps=131 | track=63bc28ce733f4c4b49278059da7c92d2
global_step=297392 | return=-155.49 | steps=130 | track=084ee53ca48e9456c88b04eb572cb4d9
global_step=297440 | return=-105.58 | steps=190 | track=b40dedee9fa9444b87e017c351ed6d8f
global_step=297584 | return=-119.66 | steps=96 | track=99e5a11f4afaf439d93c4c9af04305ab
global_step=297712 | return=-15.56 | steps=62 | track=733056d7da9f68fbf131eb3b94a4e4db
global_step=297728 | return=-5.58 | steps=62 | track=bf21587ea68bf0baa9688967fd081967
global_step=297776 | return=-141.98 | steps=130 | track=295b410d5dd850c4eeccece5b418b80a
global_step=297984 | return=-145.77 | steps=130 | track=7d6e8528f4e9c325cf79419846455e42
global_step=298000 | return=-152.16 | steps=131 | track=3ce1302b5ede8d84b727bcb935332524
global_step=298064 | return=-51.83 | steps=146 | track=4c87367b660f6de496a664ae24c3a7dc
global_step=298208 | return=-125.75 | steps=147 | track=38a26ea89053eaa2d184dbdfeb719260
global_step=298320 | return=-145.03 | steps=131 | track=b723eca3028d9bb122589146e95cce7d
global_step=298400 | return=-151.65 | steps=131 | track=6c85f9ece21066279423afc775d0a2b3
global_step=298496 | return=-144.49 | steps=131 | track=c8640251b04e2af50940619b29583349
global_step=298528 | return=15.74 | steps=67 | track=fdf5196da7925d9e980a7f3641172371
global_step=298672 | return=-50.00 | steps=42 | track=18556502314aec0e2c49f36108430dfc
global_step=299072 | return=-56.18 | steps=126 | track=ed0d687d55f5e4c4a9f2024bf86d681e
global_step=299152 | return=40.63 | steps=67 | track=72bb582c042219b5ad26ed699b94d6cb
global_step=299232 | return=-175.09 | steps=173 | track=6744ee18ce0d0b1925aec65e681be141
global_step=299360 | return=-91.05 | steps=144 | track=e9caa13b270ab07975d3d0f3753e7a3c
global_step=299520 | return=-154.89 | steps=132 | track=0fbd69d634bdd3dd1a5e82225882e91b
global_step=299648 | return=27.24 | steps=82 | track=d63024ca88e6946c4155001f7a6c64b1
global_step=299696 | return=-36.94 | steps=92 | track=78b0a9722f05f0cf7abd921c8fbea01d
global_step=299824 | return=-130.39 | steps=131 | track=cabdb949cd94de92e12335a9c54d25f8
global_step=299840 | return=-141.06 | steps=131 | track=47ab8d1f769e0b3a33b6008c046761e1
global_step=299872 | return=-50.57 | steps=49 | track=960d070fbe8f66a9847fb5eb00572797
global_step=299888 | return=-131.90 | steps=131 | track=d780fd4c752d05490f954d3d7e73c1a8
global_step=300112 | return=-153.73 | steps=131 | track=cd17e3600846ada2f6d3cc72d10fd113
global_step=300128 | return=-73.14 | steps=37 | track=016094db3c0804949101f4d96bb0d0da
global_step=300512 | return=-139.69 | steps=131 | track=f6b4dda2c6d935ed6710881d7c38fc1b
global_step=300592 | return=-7.31 | steps=84 | track=13d3843a31f6994401dcc59de9ea45f8
global_step=300608 | return=-45.12 | steps=56 | track=5eefa1f29fedb4ed2e01b2119902f05a
global_step=300784 | return=-157.35 | steps=131 | track=6842e337d6e9d5c001744c25d37ac7d5
global_step=300992 | return=-112.69 | steps=101 | track=00089b6748ec85b6c81b2910b02ec43b
global_step=301056 | return=-57.72 | steps=157 | track=fe42428b8064a02223dca5555d76d099
global_step=301136 | return=-15.40 | steps=80 | track=699fcebce900a5494fa69081ef71758b
global_step=301248 | return=-150.61 | steps=130 | track=649c81aef5f14e1ea72e294a3866fb71
global_step=301584 | return=-140.91 | steps=192 | track=bac2df8ecaf03f4f54514c8c2916a230
global_step=301760 | return=-149.77 | steps=131 | track=f1643f044f2ff7044a682fe8a003a953
global_step=301936 | return=-140.60 | steps=131 | track=465caaa3b1c8201adf3f20c579862f94
global_step=301984 | return=-143.48 | steps=130 | track=ee15455a5b602724cb6868255b895e6b
global_step=301984 | return=-153.88 | steps=131 | track=2ab4ae9897829dc4a09ef92ec97deefd
global_step=302016 | return=-61.97 | steps=47 | track=d0f9661ab41d4a791eedf45a604e1107
global_step=302096 | return=-88.55 | steps=92 | track=d9746a502a8efbe4c396e1f78a583d25
global_step=302224 | return=-139.05 | steps=131 | track=357d0dce11f7d8fe97caa259e9aa872d
global_step=302240 | return=-139.41 | steps=131 | track=e4f9e7c31770130bbc2109222f049558
global_step=302448 | return=-165.92 | steps=303 | track=2fc03686948eaa82e6c29a3e56f69eaa
global_step=302624 | return=-141.73 | steps=131 | track=3cda3846c14f0b871161dd71731c7546
global_step=302704 | return=-153.42 | steps=131 | track=5637b1e2e4218dc5baad50d6fb808b14
global_step=302896 | return=-138.19 | steps=131 | track=d90910ed544545eaa56400c0179c3481
global_step=302912 | return=-54.79 | steps=55 | track=4de35d66fe053397b8f2c11cb0dccc89
global_step=303104 | return=-141.04 | steps=131 | track=d1ac5fae464a319a0b0a76d8648aef6b
global_step=303168 | return=-138.27 | steps=131 | track=f2e470fae97094298b024a999734f613
global_step=303248 | return=-147.21 | steps=131 | track=ba7f91f89917f86b2d5cb9cda79a624c
global_step=303424 | return=-33.36 | steps=103 | track=de24935692d23d77591c43aea5162f7d
global_step=303632 | return=-27.34 | steps=62 | track=b1076ef21623e45681cdbf99fcccf9de
global_step=303696 | return=-144.27 | steps=131 | track=72dfb733e09600915cd93b47c36c63ac
global_step=303888 | return=-25.32 | steps=61 | track=33f29af44be560efe1dbb54bf06f9883
global_step=303888 | return=-109.45 | steps=89 | track=09bc26e3ce3b028f91d87f5c16f777b8
global_step=303936 | return=-114.82 | steps=105 | track=fa122a9e40def707626866a82787c384
global_step=304048 | return=-136.69 | steps=131 | track=8b7b8871eac7bf7bc98ed0f3e39e0ceb
global_step=304096 | return=-135.64 | steps=131 | track=19ecc3f62a83f8dd704ca43b2d03f38d
global_step=304112 | return=-149.00 | steps=132 | track=eff210ed73f1822325e0edcfe8825edf
global_step=304128 | return=-12.59 | steps=59 | track=70d7ac84a7a4b93cc7302087126f90c9
global_step=304336 | return=-153.11 | steps=131 | track=c1c9495eaa1aea113498bdd11d5032f7
global_step=304560 | return=-111.33 | steps=90 | track=e038080c4c2cde654eb14d01f2a595b9
global_step=304816 | return=-163.83 | steps=131 | track=48608cdf6cf8bc242948bbd342c92476
global_step=304912 | return=-23.29 | steps=63 | track=4ed710387d58c21d44beebc04ebcb79b
global_step=304960 | return=-76.16 | steps=178 | track=c345c307fb00888fa28e3ac64f335cfa
global_step=305024 | return=-144.50 | steps=131 | track=abbf0ead318436ae1f87f1db0a4202a6
global_step=305328 | return=-123.35 | steps=86 | track=ccd9c25c2c03f805421ef6c4b71139c4
global_step=305360 | return=-138.50 | steps=131 | track=76a5f9f7ffe2522418e5fe4dc5031f86
global_step=305488 | return=-147.60 | steps=128 | track=1be550cd2512a5a19475a6a0d946633f
global_step=305744 | return=-140.60 | steps=131 | track=67e46b8085947f19dbd25cc89dd07371
global_step=305808 | return=-143.16 | steps=131 | track=378b2c84ae0d0234e708db75bd851a33
global_step=305856 | return=-150.37 | steps=112 | track=4e573670c84e9f9675a34991ad5c06e6
global_step=305920 | return=-108.92 | steps=126 | track=71749626890e04afaffc1716baf6f656
global_step=306128 | return=18.49 | steps=68 | track=f8ed49b0a74c669791fc67cdcf1af1a9
global_step=306192 | return=-50.07 | steps=79 | track=8eb565284c2d19e69bb46eb98d7fb233
global_step=306208 | return=-152.07 | steps=130 | track=3430bcfc5ccda39ab912342b232da40a
global_step=306240 | return=-138.48 | steps=131 | track=b631f2d13827916ac5687862329ea26a
global_step=306448 | return=-151.01 | steps=131 | track=6cf8fa34b75162f3b0d2e2d16fbb5a0c
global_step=306544 | return=-78.85 | steps=152 | track=dff1f081deb49a8940b507ae090fdb53
global_step=306848 | return=-144.92 | steps=142 | track=e668aae55a8e5ad2d0a1cb3125d900ac
global_step=306928 | return=-135.90 | steps=131 | track=8e091f4e8bdbcae94e57db4f543e103c
global_step=307296 | return=-104.92 | steps=96 | track=5351ca457c1627c2521950e8a7274001
global_step=307360 | return=-127.78 | steps=116 | track=d11240cc595190cdd4ac778c0012ce48
global_step=307472 | return=-149.74 | steps=131 | track=127b915652563be3423d45227cca944c
global_step=307728 | return=-32.13 | steps=73 | track=c90d5fddf006996bb6f2512f985970d5
global_step=307904 | return=-106.62 | steps=130 | track=a1f6ab043edaea4083bf00246dcd817b
global_step=307968 | return=-149.71 | steps=131 | track=1e396f567f571abc3360b3dfdc910ba2
global_step=308032 | return=-154.88 | steps=131 | track=2cb09e1faeb9fd1e33b46223ad0fa6b4
global_step=308064 | return=-94.20 | steps=120 | track=212ed8fd7ae390c292dddb7de14f1b43
global_step=308320 | return=-165.50 | steps=131 | track=4ed412af40ef8e30cbc36e637b656fa8
global_step=308368 | return=-93.16 | steps=94 | track=e75f38eff0d286f3e31ea45167a1b54c
global_step=308464 | return=-161.98 | steps=195 | track=d42e37bdfd56677a165149ac4c08f956
global_step=308544 | return=-137.08 | steps=130 | track=100ca4d0df63b260b4361b41fbb206a5
global_step=308736 | return=-49.01 | steps=41 | track=ec61672d03f059dcab37beca2c27e769
global_step=308928 | return=-8.85 | steps=247 | track=06ce1ee62bbc986242b4a1124712afea
global_step=309024 | return=-122.11 | steps=107 | track=0f3e8695de08a520d11343f6eb712c37
global_step=309136 | return=-135.99 | steps=180 | track=31a5b289e48add4edd7af82b8f278b4d
global_step=309152 | return=-2.29 | steps=138 | track=0961a6d8f8d78870d14e31e0e4d294b4
global_step=309616 | return=17.59 | steps=140 | track=ba02ed649db0f2bbd2dce8d9b0a4eb3d
global_step=309840 | return=-143.83 | steps=131 | track=d762d8575d68b900da2b423f59e849f0
global_step=309872 | return=-21.51 | steps=114 | track=2859712fdf894f162cd966a3bd5c7684
global_step=310016 | return=-130.90 | steps=131 | track=9f89f375514c49a9680cd26daf6f9539
global_step=310064 | return=-143.38 | steps=130 | track=59ffc74b231ea2ac0bd077f02fab1de6
global_step=310432 | return=-120.91 | steps=131 | track=1bd33a3f1a6abc4fc1bebec43242fd3e
global_step=310480 | return=-133.36 | steps=131 | track=ad83dcd17d8095143202dd3bd6a4c324
global_step=310784 | return=-132.05 | steps=102 | track=97cfe5b06768d0c25a00956f455207c2
global_step=310800 | return=-119.18 | steps=145 | track=49bdf9fea9b5056fa8552d3ed1b39f1f
global_step=310848 | return=-143.01 | steps=131 | track=b787e5124e08a45648ede369f879a145
global_step=311040 | return=-145.78 | steps=131 | track=f148386519dfbb835d468660aeb660fb
global_step=311072 | return=-191.30 | steps=224 | track=80557978b02d4b1aa1dba752ddb91272
global_step=311088 | return=-127.66 | steps=158 | track=595228f9c4cc3d58d02339a7df5aa7ae
global_step=311136 | return=-149.13 | steps=131 | track=c59dcffae541bb49546d5948547a4eba
global_step=311248 | return=133.25 | steps=87 | track=c7edbf5cec83af02b1c2c05e4e1cc827
global_step=311296, SPS=74
global_step=311504 | return=-26.56 | steps=101 | track=123ad3cf0fb1332278ac97a33c856452
global_step=311520 | return=-117.39 | steps=90 | track=d2630c75aa9d35d021c4aa0814faf2a9
global_step=311584 | return=-3.27 | steps=122 | track=01ff1b751b4e22a87683ced30791b597
global_step=311984 | return=-106.50 | steps=176 | track=b9add4ec2769d5202f98ea39b21409e3
global_step=312128 | return=-140.94 | steps=131 | track=7071f6897fc51cbdeac081f9c9a721d8
global_step=312496 | return=-33.79 | steps=61 | track=d4f52316770f9c10bbf83e60c911cc6f
global_step=312544 | return=-145.71 | steps=131 | track=e69a911f5f1a6d6aa60517346f2b7ec6
global_step=312576 | return=-151.10 | steps=130 | track=ecd1e899690ebff886e9424f78e93abc
global_step=312880 | return=-70.71 | steps=46 | track=04069f41d48906e36ed98d7923f34604
global_step=312896 | return=-143.83 | steps=131 | track=8103ce4cfa31300660abefb325b0a8a6
global_step=312912 | return=-101.62 | steps=131 | track=cfdfb9d764730e2a9bcc6b85a85452ca
global_step=312976 | return=-140.70 | steps=132 | track=7aeb269df27bd867823e84a7549527cf
global_step=313152 | return=-148.47 | steps=131 | track=1a8d2e04d528ccba608028a129f5a712
global_step=313184 | return=-141.28 | steps=130 | track=cae6d7cf338d37a8c19637a77a6bc8c3
global_step=313360 | return=-156.38 | steps=131 | track=6fede34d733cc60d2b1baf3f1217269a
global_step=313392 | return=-196.98 | steps=449 | track=dd5466d16175ddeb5846ee908dd0c952
global_step=313600 | return=13.24 | steps=65 | track=63643d8944ced9d9f59db6e1c459c501
global_step=313616 | return=-62.67 | steps=43 | track=d28155d924722ddbd57acb637aed8edc
global_step=313616 | return=-147.76 | steps=130 | track=8c8925ac7a9d31d58b2b806fab4f7647
global_step=313696 | return=-135.43 | steps=131 | track=712c58098582ff5d9f468293022a7329
global_step=313920 | return=6.81 | steps=63 | track=fca8980f38f892d1e2b9d78616eafbf4
global_step=314080 | return=-164.24 | steps=130 | track=80673845f5c302c66ef451dde49e64b9
global_step=314384 | return=-101.66 | steps=206 | track=aa51b88703a293d77bcda528e6860e88
global_step=314688 | return=-146.67 | steps=131 | track=8b42e378e56cce28600606b21c1a296e
global_step=314944 | return=-71.76 | steps=152 | track=d2cf65746f982b0b583affd6d2775a4f
global_step=314976 | return=-144.22 | steps=130 | track=61d0d19fc89b8887db96d4060ec6ce19
global_step=315072 | return=-30.39 | steps=61 | track=00ec35d144e37cc945c96d2c605458a4
global_step=315072 | return=-145.96 | steps=130 | track=311782c709f4c021f7137626b6b4722e
global_step=315392 | return=-58.04 | steps=62 | track=ec77a0b98ed64d12f478f6ec06b5ac00
global_step=315488 | return=-144.31 | steps=130 | track=9e5cba5dbcecc6d133e8f17091ac193f
global_step=315696 | return=-152.17 | steps=130 | track=a6745c362ba4e0b6c2e235f9f6426d0a
global_step=315728 | return=-145.93 | steps=131 | track=7a1f7c1eb7f2bc533b65bd29c533011a
global_step=315760 | return=11.42 | steps=66 | track=fe4fe33e4dacebd8829d27d6146f4765
global_step=315760 | return=-98.56 | steps=149 | track=7e9ec7863c03007e28892737e8d48c35
global_step=315808 | return=-130.54 | steps=131 | track=47ea7baacefeafd0eb29b50ca7d7e8cf
global_step=316032 | return=-143.89 | steps=131 | track=9e89da823adef74547a5c9aa4d7c20a7
global_step=316080 | return=74.69 | steps=68 | track=07744b4cbb8a80962cdda73ce58773c6
global_step=316176 | return=2.85 | steps=76 | track=55e914314481d999a8b034f5ab76bb79
global_step=316224 | return=1.36 | steps=71 | track=7ea8ba75ee70ac8773b461f2aec25a0c
global_step=316288 | return=-167.72 | steps=195 | track=1975ef81499bd82c2d22de204ca729ea
global_step=316624 | return=-137.27 | steps=187 | track=becf2edfa161ea2976893452940c91a4
global_step=316832 | return=-2.48 | steps=66 | track=c28216655a3ac56b9473d990c31dbf8e
global_step=316944 | return=-3.35 | steps=77 | track=d59b4d60cee2b32b5deb476a158580ed
global_step=317168 | return=-108.28 | steps=89 | track=1d7aa4dd815901d5327ec9c4a2487866
global_step=317184 | return=-142.47 | steps=131 | track=40fd14aa855c4635519b33ea06d28285
global_step=317296 | return=-95.67 | steps=95 | track=b68496390bf955b1c712a1de8fd87618
global_step=317296 | return=39.62 | steps=69 | track=25209af2df15a46ed182bb03234f1727
global_step=317328 | return=-194.20 | steps=258 | track=0ef4853ab30af9c39edacec283c114b9
global_step=317328 | return=35.07 | steps=64 | track=b80f7547156fc031553e32d924bf843f
global_step=317472 | return=-147.42 | steps=395 | track=08410b3ef9dd22233cbf034fc0c946e1
global_step=317504 | return=-139.69 | steps=131 | track=d5d8b19b211b0b5fee72a12613c2fccc
global_step=317600 | return=-141.67 | steps=131 | track=e1bc136fc628ec1dee425bd6a86fbad2
global_step=317888 | return=-22.55 | steps=43 | track=b6823209d3e0a59d42484bdd07d5e3b2
global_step=317904 | return=-131.16 | steps=104 | track=f5d7f080ae7516d8ae8ecfae3e9469eb
global_step=317920 | return=-142.81 | steps=131 | track=45f3f6b5d1dae19a771a2c651e867ede
global_step=318144 | return=-145.03 | steps=131 | track=25eb6863fe0e5bf13c216d82c0caa15c
global_step=318192 | return=-143.83 | steps=131 | track=b2f4642243bcbc08ca5e409a0eac96e4
global_step=318256 | return=-25.37 | steps=101 | track=a1ebaa5a11aa3ba73318268b6309aa6a
global_step=318272 | return=-113.41 | steps=89 | track=8e0d5d3e96a889732786f996265f7054
global_step=318368 | return=19.95 | steps=66 | track=c2ca29fc3bfea7703c5b61767679dcfb
global_step=318496 | return=-19.10 | steps=61 | track=35a7be7edcffe152dde06a9264d9c45e
global_step=318640 | return=-17.75 | steps=64 | track=8c7158daa61cbb295ee5a1c836dfc54f
global_step=318848 | return=-93.78 | steps=94 | track=515269d9a29a7d708d3485ff924a9e2b
global_step=318928 | return=-15.53 | steps=62 | track=9aef3c3637bd048f9663b2dd1b7ee201
global_step=318944 | return=-58.35 | steps=91 | track=17e7402106bc0fadb88553d894e7a328
global_step=318992 | return=-125.48 | steps=105 | track=953424bbd3d0e74d145ae8c0b05aa204
global_step=318992 | return=-36.86 | steps=45 | track=0bc85eca8b516f5c91216670a4eafa7b
global_step=319040 | return=-49.09 | steps=41 | track=85dc5f69320641d97c8f26fcb0b2b151
global_step=319056 | return=-143.77 | steps=131 | track=0bd1caea64805ff0c78d08a016b607e3
global_step=319280 | return=-141.06 | steps=131 | track=de9adc6a4df5039b1f36411e9161555f
global_step=319328 | return=1.85 | steps=70 | track=24d093d831592775a37348f2c99dcda6
global_step=319440 | return=-139.42 | steps=131 | track=460613bb5f7ba3af478d70229a9cdaae
global_step=319616 | return=-57.08 | steps=47 | track=3d37497144d48169b8b8f33a53679429
global_step=319632 | return=-120.74 | steps=108 | track=492bbc1952b3e7a26439418e8deec627
global_step=319984 | return=-17.52 | steps=61 | track=57e2e6da7ae2960919bde425c1c1c14e
global_step=320032 | return=23.60 | steps=64 | track=eb7ccd943e20a02b16a10dbf5883e9e7
global_step=320256 | return=-137.31 | steps=131 | track=11a77db3bfe1987f685e2a28405d5ec7
global_step=320320 | return=17.13 | steps=78 | track=bfa34b3e17ef9b30d89247abd9b976aa
global_step=320368 | return=-150.73 | steps=130 | track=73483ab2c38e37ea85281f4e872349f0
global_step=320528 | return=-50.13 | steps=92 | track=017402a86ef66e2a556a36364c81fb79
global_step=320656 | return=-198.03 | steps=171 | track=72e15b3b3e4a8206b5224c13efbdfa80
global_step=320848 | return=-90.32 | steps=118 | track=5d9818dbe8cacfdad2071aefa46da9e8
global_step=321024 | return=-119.71 | steps=105 | track=5bd9059f4ef92a18c5cf22638a7c1508
global_step=321040 | return=-154.98 | steps=131 | track=8c1d35081022ef8615141d8070877fd8
global_step=321072 | return=17.87 | steps=67 | track=2b98abdddafb50a2ad43a1fe02e773a3
global_step=321264 | return=-55.05 | steps=101 | track=82e89b59e86a272ada044e45666535bb
global_step=321312 | return=-42.26 | steps=116 | track=db1cc4bb2cde4813de93a88aabd0f9ab
global_step=321392 | return=-137.80 | steps=131 | track=81b38bb66e69b0a83cb69a9e0884ace7
global_step=321424 | return=3.36 | steps=65 | track=39273d6d18cdb4bef14095627e077e07
global_step=321712 | return=6.16 | steps=65 | track=5d2e433215f896ff1d05246c816c4622
global_step=321792 | return=-121.76 | steps=95 | track=a166432f8d2c0ca720c954c27e96bfdc
global_step=321952 | return=-76.79 | steps=145 | track=9dee93cb708c36a2dbd82295b822990d
global_step=322048 | return=-12.14 | steps=212 | track=3c5614a2b649b73a8fd72f1fd9871b8b
global_step=322144 | return=-138.96 | steps=131 | track=5328f39061b64e2b1380e617c2aef12c
global_step=322320 | return=10.45 | steps=77 | track=9edaaf97aefcfc5b54ab6c1b7ff5935e
global_step=322400 | return=-84.76 | steps=243 | track=1824e39c7f8cfefce15dc776a39c5125
global_step=322416 | return=-139.36 | steps=130 | track=bc69b269a20e8096356078ee04cf9bdd
global_step=322944 | return=131.56 | steps=96 | track=ab8c0cf785724a029470df7bc31fb3fb
global_step=322960 | return=-144.81 | steps=131 | track=287abf735f9ab734214b08aa0cd18d3e
global_step=323104 | return=-115.96 | steps=104 | track=61fd808e1448ba68d1d07147e376246c
global_step=323136 | return=-145.38 | steps=130 | track=b0c342960e192ef69e16c6c7a0ede8a1
global_step=323152 | return=-81.12 | steps=89 | track=b8e623983eb5e2b7f4b01c4fbb6d07a8
global_step=323184 | return=-58.22 | steps=48 | track=bea677fd1e9c6786c75b8d07318200eb
global_step=323344 | return=-110.79 | steps=129 | track=61bd3a8284bf3bd178e67bbbe83d87a1
global_step=323360 | return=-153.77 | steps=176 | track=0f81dde214c10b86cf067a295eafb2a9
global_step=323472 | return=-44.32 | steps=152 | track=8d8acf5dc625aadc215bd3215907409e
global_step=323552 | return=15.76 | steps=76 | track=f9fc10ad637874db78040bb85d7227aa
global_step=323760 | return=-58.69 | steps=50 | track=f1f80a974aabe774b2a73029c11d4ecc
global_step=323776 | return=-56.27 | steps=41 | track=182b57fae7edd9b1abc0fa7a33488f59
global_step=323792 | return=-105.79 | steps=114 | track=b99dfecf668f3ce7e5a7b31670738127
global_step=323904 | return=-142.09 | steps=131 | track=42755de7df8d94d866c5604f07424947
global_step=324064 | return=-124.41 | steps=102 | track=f457802415dbbf5a67c0579ed5686eb8
global_step=324144 | return=-144.52 | steps=130 | track=ee708339a526681674ca228dd2e8934a
global_step=324256 | return=-157.91 | steps=131 | track=c1842a704ab0819e98e0e62ffe209a27
global_step=324272 | return=13.96 | steps=69 | track=514666fe573e840a7bdd941027a19240
global_step=325056 | return=-140.02 | steps=130 | track=d18ecff25e0e9d1e16c75052bab20486
global_step=325104 | return=7.00 | steps=64 | track=152801e06c394bfd4272ec2921c17f82
global_step=325120 | return=-38.30 | steps=75 | track=29db8676784ba4a0d4d203d77fde67c3
global_step=325168 | return=-12.85 | steps=63 | track=9cab954d013b20eba1c0fd49d85a4a74
global_step=325264 | return=110.39 | steps=119 | track=2d2d24ceefad440aaf1af24ce22b5bac
global_step=325296 | return=-144.30 | steps=131 | track=94be1635482663927794e24d6659ac65
global_step=325328 | return=-102.45 | steps=250 | track=45d377fedfee1a6e312e41c3ce9a13bf
global_step=325456 | return=-134.02 | steps=130 | track=cf9669c69a08ba5c8d19fd43795e848b
global_step=325584 | return=-140.99 | steps=131 | track=568dfb1c03f3bc8a416b4a33fb844bd3
global_step=325664 | return=-135.28 | steps=131 | track=5afc65d0ec78fa8191fd8aa7136e3980
global_step=325872 | return=-136.43 | steps=131 | track=4966f86cb90920474fac03f8df3f5eae
global_step=325888 | return=-145.99 | steps=131 | track=191fb3258d775cd6065a944a7b2fbc97
global_step=325904 | return=-151.50 | steps=131 | track=a4003d1db54b9a1e82cec5293e69acc8
global_step=326288 | return=14.34 | steps=69 | track=d72e8ce4fe88b97d204504ebfb88c5bb
global_step=326368 | return=1.38 | steps=64 | track=f719a052de6f5bc3df086017da35d8bc
global_step=326432 | return=-115.79 | steps=135 | track=07b6befb1fcfaa27c06df2ac97bc1d21
global_step=326560 | return=-187.76 | steps=213 | track=057264eacaba16981b74bc7d274dba1c
global_step=326608 | return=-9.97 | steps=63 | track=1d4e300841d366950ec732001e145e0c
global_step=326624 | return=-78.64 | steps=146 | track=6a4d74faf69d9c588fed13d15cc71ac6
global_step=326960 | return=3.23 | steps=65 | track=ec9801edbd4dd6e641987243988ab030
global_step=327072 | return=-24.69 | steps=43 | track=f475875b3a67fbb7605fdd3abc2b9593
global_step=327152 | return=-138.89 | steps=130 | track=554553bfaa34b4e21fab2f36be831384
global_step=327216 | return=-141.95 | steps=130 | track=04bd067e71338b4e1ff18db4ec6fe917
global_step=327216 | return=-139.03 | steps=131 | track=3aa834761b4f252477a3300ea1d10dea
global_step=327296 | return=-26.01 | steps=62 | track=8518768bdee84aab3f01a9cd77714310
global_step=327312 | return=-102.47 | steps=89 | track=3dec09079b55d3424af02267ceadbdff
global_step=327376 | return=-140.13 | steps=131 | track=f13b8802fabd85a2f0cdde9a053a55df
global_step=327392 | return=-145.53 | steps=130 | track=9ed432c46faadf347736882bd94995af
global_step=327536 | return=1.55 | steps=56 | track=ab0c24b30cd61a8b8597e8f21868979f
global_step=327552 | return=-143.34 | steps=130 | track=afda48243af66730f9959752f9f6a6e7
global_step=327680, SPS=74
global_step=328000 | return=-150.97 | steps=131 | track=d5f0bf5793c99f6590a7f508ed6f6f78
global_step=328112 | return=-64.39 | steps=104 | track=ab29c55a3f3ba591d1b356cdf28966ce
global_step=328112 | return=-65.39 | steps=93 | track=c9123508f78efdb475b12bc9042811a2
global_step=328144 | return=-57.90 | steps=154 | track=4afcea6f539c2948ec56332421ab3ddc
global_step=328288 | return=-48.65 | steps=75 | track=2b64014e0514fb2ec8b4ea663542bfcd
global_step=328704 | return=-74.63 | steps=92 | track=a2c20872d19dd67c10923d5f0c679765
global_step=328864 | return=-59.17 | steps=106 | track=e970ff043e51a4e44565a5c98f16bd8d
global_step=329072 | return=-140.13 | steps=131 | track=1668fc833dc2b854eaedd26baa27ecd4
global_step=329104 | return=-67.59 | steps=50 | track=5a5eb0ce3313be38f63cf964c893e5ac
global_step=329392 | return=-154.27 | steps=130 | track=b9318b9d4ee047a2d0eedeb2ee3b3c2e
global_step=329488 | return=-138.53 | steps=131 | track=ecd283a2fd144528dc36030870dc7cff
global_step=329504 | return=-75.33 | steps=183 | track=a13e222f89f7dee42f454ea269d2f4b7
global_step=329504 | return=-128.61 | steps=131 | track=bfcbdcf2b63b408389cc8691dff9233b
global_step=329616 | return=-90.80 | steps=149 | track=085f59e396eb6401bd655400b4725a31
global_step=329632 | return=-102.33 | steps=94 | track=c56d23f3b2f7cb10d9dcb9f2b7471662
global_step=329648 | return=-145.14 | steps=131 | track=d9c7c6e853732ebfc92dd94787d7b520
global_step=329664 | return=-138.50 | steps=131 | track=50e664950e0ff510b54a7ec59b592e7f
global_step=329872 | return=-84.37 | steps=49 | track=d27f79578d1506a3ec26aecb7387d1ef
global_step=330112 | return=-145.31 | steps=131 | track=2daf26a13f9db5fbfc9be5c6a2e9986e
global_step=330160 | return=21.98 | steps=65 | track=237d492816aa06af014de314b62aae20
global_step=330224 | return=-147.70 | steps=131 | track=ca74c4c352d245c89e7fcf93780b6e7d
global_step=330240 | return=-138.92 | steps=130 | track=5d0f172a0c6ff01203cb5d35af07dc28
global_step=330352 | return=-169.10 | steps=189 | track=c5d9b73213462c09ca31e30706de0304
global_step=330656 | return=-13.88 | steps=71 | track=fbf13fd28e102d6a8c9851a6dd909211
global_step=330656 | return=-39.63 | steps=61 | track=8f675aaba29654cf8b9c02afffc48402
global_step=330800 | return=-153.04 | steps=130 | track=74e670337b4e860eb71e89b5452c84ea
global_step=330928 | return=-68.78 | steps=47 | track=b896f21ae29c872cf268ad3bdb38e996
global_step=330960 | return=-156.16 | steps=130 | track=c240a82060ac9c81390877401b04567e
global_step=331072 | return=-119.30 | steps=89 | track=b2e979d99b4018d6a4d1b94cc9e513b2
global_step=331120 | return=-52.96 | steps=62 | track=81c5f0b3793301777233ee1c3bdd85df
global_step=331488 | return=-144.64 | steps=130 | track=9f40945c88e5d22eb8ad682d25f1ec94
global_step=331600 | return=-137.59 | steps=131 | track=72e18a5a20a5e1feb83a3d052441420d
global_step=331616 | return=-141.28 | steps=131 | track=b7869ab6383ea03370269dce2b4705a1
global_step=331872 | return=-28.72 | steps=75 | track=dbb793bb0fa022e0a023ab4bbf663914
global_step=331984 | return=-146.15 | steps=131 | track=95f012d406958c4380924dfad935a49f
global_step=331984 | return=12.86 | steps=65 | track=070a402b308058db6957dfbf4250bc72
global_step=332096 | return=-47.31 | steps=152 | track=2eb2eb226dd03a79e685c844d4ed231a
global_step=332336 | return=-140.37 | steps=131 | track=3b1ac1c42357cdb715c51827eb898f35
global_step=332464 | return=-139.05 | steps=131 | track=311ffa47c8ec4abfdff777fdabe25bf0
global_step=332752 | return=-95.43 | steps=47 | track=4e9e2bf7c9b41344aa62ec0258f723bc
global_step=332752 | return=-101.00 | steps=130 | track=07381cd1d645af9262111b88a855a815
global_step=332896 | return=-133.60 | steps=130 | track=b2e2bb0cfcf914ec21225c5b8eba6760
global_step=332896 | return=92.65 | steps=204 | track=c7b8f6aa2aa858bd0c87f3d6e8a08d26
global_step=332976 | return=19.37 | steps=68 | track=3b4156b1236c8f7cabd47e26bc122648
global_step=333184 | return=-59.16 | steps=74 | track=ff4d418127744ed527fdd108bc8047dd
global_step=333232 | return=-153.60 | steps=131 | track=b2b4e8bf087e4bdbb4536db78cf1f3cb
global_step=333264 | return=-119.77 | steps=110 | track=cfa76cc265d997a4ed2ed14016175741
global_step=333296 | return=-130.19 | steps=190 | track=5a21001108df792b83bb2575f75e4258
global_step=333408 | return=-58.50 | steps=152 | track=08ed37d7f531ff741f9c0a9b3abc3a13
global_step=333600 | return=-91.88 | steps=157 | track=4717a46c767330598b5993ba852d0768
global_step=333712 | return=-144.71 | steps=131 | track=c0c38d4b5a91f361937c06f073a53c40
global_step=334064 | return=-10.41 | steps=67 | track=ec580c354cdbccea004125ea23d6be50
global_step=334192 | return=-147.68 | steps=130 | track=24c9e2ac132978ac608789b77de3957f
global_step=334256 | return=12.93 | steps=66 | track=f44220e731f5f2bbf2cffc992ebecd16
global_step=334448 | return=-136.31 | steps=131 | track=23b0ed9905d1a252b4882f0868f92ddc
global_step=334576 | return=-143.83 | steps=131 | track=0ec7d0529d5d64cec04a5e925efa140d
global_step=334768 | return=-144.56 | steps=196 | track=35843d09a9f7fa465b0de9ce0930d93b
global_step=334784 | return=-36.81 | steps=66 | track=b3c5e4bb44bf3f7e3cafaa006597c2d9
global_step=334864 | return=-159.00 | steps=131 | track=f6175be56275cbfe1de57045021633d6
global_step=334864 | return=-150.08 | steps=131 | track=634f1b2494b7de923c859776a9669bc3
global_step=335008 | return=-141.13 | steps=131 | track=8453b87e587561276ea86f559bb711b3
global_step=335008 | return=-138.45 | steps=131 | track=636023f13c688ed4ab28efcda0660dbf
global_step=335152 | return=-45.79 | steps=67 | track=f177daeef160db5cae227dfda30095eb
global_step=335344 | return=-134.59 | steps=131 | track=d40a0e17ddfd87f7f8fa70390db3c37b
global_step=335376 | return=-142.16 | steps=131 | track=3c3b64154f55998e21847f700760d251
global_step=335408 | return=-142.39 | steps=131 | track=4621b21b5755725c51a4e9dab96a6c53
global_step=335472 | return=-31.20 | steps=43 | track=610bae8b077ccbb9ec5aae219236d5e1
global_step=335520 | return=-140.29 | steps=131 | track=c7cae3a842a2960985a1a856364542a2
global_step=335984 | return=-25.58 | steps=60 | track=e0c9e7906ea201a43d99cac5ed1f7e0c
global_step=336304 | return=-137.36 | steps=131 | track=6a1bec20fd5bf557db2e0efd5ce5f375
global_step=336368 | return=-141.99 | steps=131 | track=3638e57bc713b486652cfd5908dd721e
global_step=336656 | return=-109.25 | steps=93 | track=09c0594d7baea0c6b910ebc7fb6f6d2f
global_step=336736 | return=-175.95 | steps=195 | track=a01b8f553bec9dd764d5b05d6f3ad7dc
global_step=336896 | return=-138.27 | steps=131 | track=6cd79e72ab2b5d7446ca8f81e22e02af
global_step=336960 | return=-17.59 | steps=156 | track=8b62f3dc1ef2068b11efc0453e79058a
global_step=337072 | return=-92.17 | steps=103 | track=10e4c561919f90b3cc881413bf462d69
global_step=337136 | return=-109.09 | steps=109 | track=4ad47beaaf7b87adee93ac3c3c048489
global_step=337296 | return=-134.92 | steps=151 | track=c42655a8a83b4ae1919b82bb2e44c170
global_step=337456 | return=-95.25 | steps=179 | track=d0231996951a399b3385e082f43eb199
global_step=337584 | return=-152.69 | steps=131 | track=954c18398337836eb2d4ee0717e5a25b
global_step=337632 | return=-140.71 | steps=131 | track=804eac64bc387731980a47d0218f6940
global_step=337888 | return=-70.40 | steps=94 | track=c7a9cbc304656864e6c033550bb7a4ea
global_step=337936 | return=-47.42 | steps=60 | track=f4a687bfb3489fe0aa00bcde2fae6a43
global_step=337952 | return=-50.74 | steps=162 | track=9fea66aa6583043490392eee87dacf52
global_step=337984 | return=-14.21 | steps=194 | track=714c425af4bf076f54df9d98b23bbcfe
global_step=338096 | return=-141.68 | steps=131 | track=6f7f312a3fcd2f9d1dd70642b4e3af59
global_step=338336 | return=-136.97 | steps=207 | track=cb960d16ea69f808469752b6510ffc63
global_step=338416 | return=-152.08 | steps=131 | track=06b7ad914a3fdedca5859b0db72d72bc
global_step=338656 | return=-43.43 | steps=94 | track=2da0b6687b0cd66eea4de4111b58dd3c
global_step=338848 | return=-140.10 | steps=131 | track=e99d4811995a3f9de588f6079bffe093
global_step=339008 | return=-140.51 | steps=131 | track=5a970553fc4dcc8a75899d9badeb394b
global_step=339072 | return=-130.16 | steps=150 | track=9a673bf66c7b6d227b1841bf17d90c78
global_step=339184 | return=-143.38 | steps=131 | track=d4d7c49c264b5a1fd5dec37da4148473
global_step=339408 | return=-142.00 | steps=131 | track=4353b5d8ccc570c6cb75356b62fc0ad2
global_step=339520 | return=21.14 | steps=68 | track=1fc2766c7592ce97f45f99115f61071d
global_step=339568 | return=-136.84 | steps=131 | track=69055e00211fd846cb5f84e4251be7d2
global_step=339696 | return=-136.03 | steps=131 | track=d0b950fa339d570811d63a99fcab2d2a
global_step=339712 | return=20.32 | steps=65 | track=8c62aa747a23005bd9d0774a64e16f6b
global_step=340032 | return=-124.63 | steps=130 | track=15f2c74fec5fd1036ed8390c36325b7c
global_step=340064 | return=-145.35 | steps=131 | track=349178124096d83389f0ceec9e00673c
global_step=340064 | return=-76.71 | steps=151 | track=bca2fea2d251762a907d106cf87d4d94
global_step=340192 | return=-148.44 | steps=130 | track=e5ea819ffba0d8248b740566f8b7e9bc
global_step=340352 | return=-77.42 | steps=147 | track=b505b55f2773528c19525fffabd963f5
global_step=340416 | return=-125.68 | steps=157 | track=6bcf96d3ca738d3948abcc396958e199
global_step=340448 | return=-137.32 | steps=131 | track=e2673c61c4555717358c4388042345a4
global_step=340576 | return=3.27 | steps=65 | track=01241374ccd3e53502279a44af6cff17
global_step=340752 | return=-112.90 | steps=108 | track=34f1dea62c3f6907558b5ab200a98012
global_step=340784 | return=-62.82 | steps=44 | track=525fc0b9750a09e88dd6bdc7bdfaa642
global_step=340800 | return=-48.10 | steps=121 | track=f5041d25281ff5e020523e5543cb70a8
global_step=340864 | return=168.24 | steps=104 | track=03421b4e7ace35db88c7611b269ddeaa
global_step=341344 | return=-132.56 | steps=141 | track=c916ef29d5dab4cb9e78954de8d07ecb
global_step=341392 | return=-2.35 | steps=64 | track=50136f38df25164688b6252cf101bc3a
global_step=341408 | return=-91.94 | steps=114 | track=f2e9a163ccc7e334d3169c9357cb9b00
global_step=341712 | return=-148.42 | steps=143 | track=daed347d5dbe9bafc4fd98b817571cfc
global_step=341808 | return=28.02 | steps=65 | track=287b2ddf4813d2fa8f11d1d149937991
global_step=341824 | return=-137.08 | steps=131 | track=07706544ead9fab0e6f51826ecac70d8
global_step=341840 | return=-116.97 | steps=102 | track=d3f205f74a5153f8dc24a1a190bac372
global_step=342128 | return=-133.33 | steps=130 | track=b89c1ac83b56d780518d93b59ef84a5c
global_step=342176 | return=-152.79 | steps=131 | track=e45f7987d6b54b98775fb8d06e951e10
global_step=342496 | return=-115.16 | steps=129 | track=580a95c4034d1533da40660265be4d5c
global_step=342560 | return=-140.07 | steps=131 | track=0aa6ec1cc332ed15f9a55c16d5a51b7c
global_step=342624 | return=-71.45 | steps=79 | track=2ea1ae9a57d4d1cc5d167b457747e236
global_step=342688 | return=-140.83 | steps=131 | track=b1457b7da9e3cbb5771950ac0258348c
global_step=342976 | return=-107.48 | steps=136 | track=5a228b269a9745b684d0050e59e4097f
global_step=342976 | return=-123.04 | steps=131 | track=2f1add5818cfb76400c61ac496de2947
global_step=343024 | return=-23.90 | steps=55 | track=cfc2e451df14df6652286db4ea4353b2
global_step=343152 | return=-76.21 | steps=146 | track=ae312607a507ea77542f63cc856b1866
global_step=343440 | return=-28.96 | steps=46 | track=676dc68aea54de7abd1977e6a95cad01
global_step=343504 | return=-134.76 | steps=131 | track=d39288bbeff1076de7c99ad18caf037a
global_step=343520 | return=-135.61 | steps=131 | track=57388c8ac127bcdc93943b7f59d2952c
global_step=343840 | return=-21.53 | steps=258 | track=0271cfe66a62b4a1bd172cacfc27a3c3
global_step=343920 | return=-142.28 | steps=131 | track=838a1e05c3c55e75c04bc5444d6600ab
global_step=343936 | return=-137.38 | steps=131 | track=a74d98209eca7ed04927fed90d4dc90a
global_step=343952 | return=-151.15 | steps=131 | track=63c32f3ab81f354e1ea8894e55590035
global_step=344032 | return=-74.02 | steps=144 | track=c2ab64e54b14aac3c37fdbbf291490f4
global_step=344064, SPS=74
global_step=344128 | return=3.25 | steps=68 | track=c349534f298667a74bd31a9d8b50d8fd
global_step=344144 | return=-18.87 | steps=72 | track=4c69bde3f148c6f789b6edac9b5f205b
global_step=344288 | return=-144.85 | steps=131 | track=4f198d497891394eca7f7c86409d1526
global_step=344512 | return=4.33 | steps=66 | track=cb02d7af88ddb8a7c14031dff4b22a49
global_step=344544 | return=-9.39 | steps=63 | track=533accca76bbf612a493f2c0a67b74db
global_step=344544 | return=-107.54 | steps=97 | track=981d986d9ec5d4e4bc0f7bdf8c8117b1
global_step=344608 | return=-141.37 | steps=131 | track=d925d510786383718b11e5a16064c5fe
global_step=344672 | return=-149.03 | steps=131 | track=161c2522d824a4ba9550bf3266621e9a
global_step=344736 | return=-147.61 | steps=131 | track=713eb934bf8dd41098844b4e157e305f
global_step=345008 | return=-3.31 | steps=65 | track=aaff7a3a925157f6e38cfa577ad93042
global_step=345264 | return=-109.65 | steps=131 | track=e6fd669789b06b7060b04ee04db23754
global_step=345328 | return=-110.41 | steps=113 | track=bedb37533bc3c397c85af5b0c342044d
global_step=345344 | return=-31.60 | steps=65 | track=8ab9519f749698e25c1c761018429295
global_step=345408 | return=-59.01 | steps=53 | track=ac3dca95ad542b8833a9b041e72f3ffd
global_step=345568 | return=-105.97 | steps=89 | track=d3383a6ca0bf88d2af4a4b30e0d9a412
global_step=345616 | return=-105.83 | steps=110 | track=e82c2705314bfb666275228d672b077a
global_step=345712 | return=-74.74 | steps=74 | track=10f72b0aa0a0085183ce198222781e7e
global_step=346016 | return=-145.25 | steps=130 | track=0c4f0ff0ae41728817f4633a39de69b3
global_step=346032 | return=-119.47 | steps=130 | track=27400686ee0fa3146a53b07c0a102dd3
global_step=346112 | return=-85.97 | steps=93 | track=c8d021df0f8d312f8845031db6ef5a61
global_step=346144 | return=-157.91 | steps=131 | track=46b41d96902aa5b9f3f9155071591686
global_step=346448 | return=28.01 | steps=69 | track=9246dcb333000987742ae3c1462015fc
global_step=346448 | return=-107.77 | steps=89 | track=6d7faf5bd195e4cfdc5ef583aa40c398
global_step=346496 | return=-113.84 | steps=109 | track=7ca7eb19b0a6e44ec7d762fb2073ecb3
global_step=346656 | return=-139.27 | steps=131 | track=7d5e2caec0591c12cc083e26a5e4842f
global_step=347136 | return=-50.69 | steps=186 | track=d03356fb8accf5464a2ea0b580bef7ad
global_step=347376 | return=-143.77 | steps=131 | track=abf4cb534bece0ea2115389413cca600
global_step=347552 | return=-118.38 | steps=94 | track=b44ed1864d0180fe847e4007d85efd82
global_step=347664 | return=-113.80 | steps=102 | track=f462d69fb715cfb0c02965186b76f675
global_step=347680 | return=-66.54 | steps=97 | track=96854d4ec3c23d67f967ce1a243ad018
global_step=347792 | return=36.45 | steps=70 | track=563abf5d9866ce0aa239fcb5005c9f70
global_step=347792 | return=-63.05 | steps=135 | track=3212c84dba0cf85e7c4b3306bcc3e64b
global_step=347904 | return=-121.59 | steps=136 | track=e4bd31a0f6e08c4ac5a2c187f4d1315a
global_step=348160 | return=-12.44 | steps=63 | track=8e43cc8a3e4a6433a29e11fa81fb6a65
global_step=348240 | return=-141.57 | steps=180 | track=e28fd244cd42e6c96d6dbe46988cb193
global_step=348256 | return=-150.68 | steps=131 | track=0117c2c1205696d54dc59095ffb10643
global_step=348272 | return=-70.13 | steps=224 | track=eb96e222b4debc4179731a56a0417e8c
global_step=348560 | return=-145.71 | steps=131 | track=c6e8e2c8ae514ef2de5da3e3e3b889da
global_step=348560 | return=-150.79 | steps=131 | track=574187edb8a6039e54f46916bc49fa4b
global_step=348720 | return=-102.35 | steps=138 | track=61c050b4c846334051ff6af4a58a1cc1
global_step=348896 | return=-7.87 | steps=61 | track=5dedb00ef90d7476de93ba01c3fdce1b
global_step=349280 | return=2.06 | steps=64 | track=b279bfbd087399fb5b00fac581b0528e
global_step=349424 | return=-92.03 | steps=240 | track=fe2d6540ee7cebe32a97cbd71d34f8ef
global_step=349488 | return=-146.15 | steps=131 | track=31c61bf2c64bf03ed9b06915b01379db
global_step=349632 | return=10.71 | steps=66 | track=75fdc7776f5569b133d1978a50d74da0
global_step=349680 | return=-118.05 | steps=94 | track=169a0f959d95bccf7bca74a81aafc42d
global_step=349776 | return=-143.38 | steps=130 | track=2d498537808c29983ad1092b35fc4a48
global_step=349776 | return=-153.15 | steps=131 | track=a9ab7c8c44d87edab6125522c12fc98c
global_step=349888 | return=-157.12 | steps=279 | track=36c38d897be5c643c61808a8951765cb
global_step=349888 | return=-131.81 | steps=130 | track=7f2e53179b88b8fdf8bd7c0cd0edfb1a
global_step=350272 | return=-34.29 | steps=61 | track=fe3419518d77077dcea25b9c1f43f7cd
global_step=350368 | return=-145.22 | steps=130 | track=62dea5466e312ea45de4aef1ad288474
global_step=350368 | return=-148.21 | steps=131 | track=21720d419587ceacba96ab8c679f18c6
global_step=350448 | return=61.46 | steps=165 | track=772cd1a3863b805404ea5e1c3d9b91a6
global_step=350608 | return=-118.06 | steps=190 | track=f0e761220be6475673a2bd9d628dd522
global_step=350672 | return=-147.24 | steps=131 | track=9cde515f55a173967874007a5190e07b
global_step=350736 | return=1.33 | steps=65 | track=ad5079d1d9e540fc478e0a87525cdc20
global_step=350832 | return=-145.72 | steps=131 | track=2c9ef99881b317f3b4ff0e67b6c4d98d
global_step=350832 | return=2.08 | steps=65 | track=fa09a364a9ff9c632cf199d9c6621eac
global_step=351024 | return=-59.37 | steps=70 | track=93a3a6180df54bf412cd74486b3e3cbb
global_step=351440 | return=-29.33 | steps=61 | track=1992f02d6e9ddac6d70f2e154666ae63
global_step=351536 | return=-147.70 | steps=131 | track=76941377fe48896db9125c8c6af57b9c
global_step=351600 | return=-140.10 | steps=131 | track=ad6f0b1a56305d9a12d035b71b6f800c
global_step=351744 | return=-144.75 | steps=131 | track=35dd93b6c34bfa0ef30bb93067cb88c4
global_step=351888 | return=-129.06 | steps=131 | track=e16977497214af0a6973ec4ccbc18f54
global_step=351984 | return=-114.55 | steps=192 | track=fec65412e659cd5af2072b71dc87f0ad
global_step=352000 | return=-149.91 | steps=131 | track=995345f086e7ab60bf24ac994a3c8e52
global_step=352368 | return=-149.68 | steps=130 | track=721e07c68dc431f65b10908509712b07
global_step=352432 | return=-121.61 | steps=109 | track=701f2dc4a4ea01c886cababfcd5bc087
global_step=352480 | return=-142.23 | steps=131 | track=db20bb465d0b7a22c109cf21ed78905f
global_step=352480 | return=-133.54 | steps=131 | track=3b8e88dbd0b985f7937c8db7453194f5
global_step=352656 | return=14.20 | steps=65 | track=feb5b659ee688a497bea3b20705de103
global_step=352928 | return=-119.79 | steps=92 | track=a9734b11e1d7c2677d7bf87190ebb591
global_step=352944 | return=-142.65 | steps=131 | track=58569940fb3cbd16071fc3dbae07c96e
global_step=353056 | return=16.48 | steps=65 | track=24978ec18f24f0c226185edf2c9f5003
global_step=353136 | return=-148.50 | steps=131 | track=80c3f8a2bec09928538ee1dbb85492be
global_step=353552 | return=-16.80 | steps=55 | track=6843566dace2cd4271f25e5ad689bb18
global_step=353632 | return=-147.76 | steps=130 | track=c773f973224e1e4e468f3f9b2fa0b40f
global_step=353760 | return=-162.22 | steps=188 | track=c244e42c7e2334ae70746336f0e2eb1d
global_step=353856 | return=-140.30 | steps=131 | track=031180e94021a7a95bd1ed735d1c6337
global_step=353936 | return=-54.98 | steps=93 | track=6ddd448de91bd8eecbc203d996989ce6
global_step=353968 | return=-215.13 | steps=195 | track=2918d24581b37c76e5b4cc33334ace62
global_step=354096 | return=-137.31 | steps=131 | track=0d1d0dde3e914685e89f368a3591a4ed
global_step=354416 | return=-95.24 | steps=157 | track=bc713d264079279770bd28a544afe6fa
global_step=354592 | return=-140.13 | steps=131 | track=5c8008aea7b64a2907e1b11754e02b42
global_step=354688 | return=-116.30 | steps=101 | track=d7c1f60480661984b78cc6f30d735906
global_step=354752 | return=-42.55 | steps=74 | track=309641caa8778206a081628c6ef34bb6
global_step=355040 | return=-102.30 | steps=130 | track=005f154ce563bfc475ff7ced11910797
global_step=355072 | return=-108.23 | steps=133 | track=b6de2c87c07bfe451d389711428a03a7
global_step=355072 | return=-107.00 | steps=89 | track=24092c8e5782594fc4d70807b5d0d140
global_step=355232 | return=-110.39 | steps=130 | track=77c1a2fa389b268b96085d9d30129ec9
global_step=355264 | return=-9.10 | steps=82 | track=b796bb209923bde2ccf04e20e0d5daac
global_step=355376 | return=-132.13 | steps=94 | track=96a3eebbde13fffffeb6c8af6e16bc2b
global_step=355520 | return=24.69 | steps=68 | track=3a00114fd80e2ed47b9c1451aa84e072
global_step=355600 | return=-143.84 | steps=311 | track=84c10eefbefe3e8569880fdaea502e42
global_step=355664 | return=-35.37 | steps=66 | track=29f935245812fd40978de672a6d0aaa7
global_step=355872 | return=-140.13 | steps=131 | track=8847aeffa35071dd2c1179576953e147
global_step=356192 | return=-103.61 | steps=138 | track=b5de9c9b93a12b90a9fc3ca03441188f
global_step=356208 | return=-145.87 | steps=131 | track=81f991049ffc84314519d78e8a964d65
global_step=356288 | return=-161.91 | steps=244 | track=8cd00baf5bc30ee1c11cca617532e14d
global_step=356688 | return=4.64 | steps=63 | track=cea78287bb6011d90d59de8ee4b2ee72
global_step=356720 | return=-99.97 | steps=90 | track=0608798f88ed61953a8ff7eb53aee15f
global_step=356800 | return=-108.39 | steps=131 | track=574d615774c71b8169ba1cdd0272fba4
global_step=356864 | return=-144.57 | steps=131 | track=316d6fc95699d7993d4d9901aaf9f36f
global_step=356976 | return=-2.61 | steps=280 | track=f3775207ac2dcf63ce595a4a3320a048
global_step=357104 | return=-7.55 | steps=76 | track=facb28af7a4ab3526747c63f338ba7e2
global_step=357152 | return=-140.80 | steps=131 | track=7a4a0d1c84a4ebf9ec475f4d478d17fc
global_step=357152 | return=-107.52 | steps=110 | track=a983c1250088b82a1aa6f5fd518d9574
global_step=357184 | return=-145.57 | steps=131 | track=27837b6063e50ef57b12d88c65949b7d
global_step=357184 | return=-134.39 | steps=131 | track=fcb6a85e0b7240db09331dba40caed20
global_step=357328 | return=-34.95 | steps=64 | track=e76325ac7de21e80969b2190810d7a23
global_step=357328 | return=-146.96 | steps=130 | track=77a9db13efab302a62f3f7617b381f3f
global_step=357648 | return=-150.80 | steps=132 | track=a23f923a1ce31e3f96821566f588518f
global_step=357952 | return=19.62 | steps=67 | track=d00c6862d4b09ab1e20227b41291d01f
global_step=357968 | return=-116.84 | steps=109 | track=031747e5634f1705dc4a96de4a44daf2
global_step=358160 | return=-20.09 | steps=62 | track=43b4c7beea9a77ebae5c560d457c50e7
global_step=358272 | return=-42.33 | steps=91 | track=506d1606387af71fb94561b704eb86a2
global_step=358304 | return=22.18 | steps=69 | track=0aacbf835e7fef31af7cf82d11e82189
global_step=358304 | return=-148.29 | steps=131 | track=d661fd6ac5c5b2171d002724624abf5a
global_step=358304 | return=-113.69 | steps=98 | track=e3da195bf98a3d038a6edb30feb19580
global_step=358464 | return=-90.69 | steps=79 | track=61e3c772a846103e39efc3ad3d7f93a1
global_step=358512 | return=-50.81 | steps=73 | track=8e60213426943426065465e03e8627f2
global_step=358528 | return=-78.99 | steps=114 | track=c2fbb1ca7e24359ff977cbb641d11155
global_step=359072 | return=-152.70 | steps=130 | track=2f63f14e548401c0b19f0ab95b952679
global_step=359216 | return=-129.07 | steps=131 | track=98f20ea235dd7ccda1d147319f56ee34
global_step=359504 | return=-18.99 | steps=135 | track=ecad47b6d460021ecdb8fd35ff0e3e4b
global_step=359760 | return=-145.20 | steps=131 | track=a497316c71952a55e1a9efb95a94e542
global_step=360064 | return=-129.24 | steps=131 | track=2ff5de06bedaef5bbc4c046aa0586ff8
global_step=360080 | return=-136.40 | steps=131 | track=7c465070503b165231e42e5195328431
global_step=360288 | return=-7.61 | steps=292 | track=97dac8f536ace893dd41ee3b0e5876d5
global_step=360384 | return=-143.68 | steps=131 | track=97562dda0372bdc4c747ca2bd2f77ccb
global_step=360416 | return=-129.90 | steps=131 | track=ceccd4de4adde02c31bb8c11f40d0210
global_step=360416 | return=-108.68 | steps=131 | track=f2489c5d3461746761cee023af470816
global_step=360432 | return=-144.78 | steps=141 | track=7783e497ef6ba9901e56212f91b00694
global_step=360448, SPS=74
global_step=360528 | return=-84.95 | steps=138 | track=4833ea58dc6765a6b721be2609415897
global_step=360544 | return=-2.19 | steps=64 | track=9180ac1841000ce7ea79a02b97c30c82
global_step=360576 | return=-138.59 | steps=131 | track=ee87c08a67359544eae49fe47f4985fa
global_step=360608 | return=-147.98 | steps=130 | track=8031b3df10da5e529d322132ec165603
global_step=360640 | return=-147.97 | steps=131 | track=d01b595b75e12077662d4bfaf595473d
global_step=360656 | return=-106.04 | steps=89 | track=ca1d1d0ab6468a3881ed78e1e82086f7
global_step=360896 | return=36.47 | steps=70 | track=9fbfcd8e271516961e6c32ddc3301b32
global_step=361232 | return=-38.90 | steps=50 | track=9e4986a727e5e0ae12f91c751ac3efd3
global_step=361248 | return=-88.76 | steps=59 | track=48c16287d1e66c1105ed3bb637c83978
global_step=361312 | return=-111.34 | steps=259 | track=be19d7568ae7eba88cde693f9de82476
global_step=361504 | return=-81.81 | steps=57 | track=00a496e520ecee88ead949245cb30623
global_step=362096 | return=-99.28 | steps=89 | track=9cb5809cfd0e11e6876a4c334131d302
global_step=362112 | return=-110.11 | steps=91 | track=8ece67fc4abdfde48bb56b5fc45ed9f9
global_step=362176 | return=-133.00 | steps=131 | track=a608ad84b06a06208efa8dd5e35a5bd8
global_step=362192 | return=-152.01 | steps=131 | track=ebd2600d304726ac4921e9fd64a3b43d
global_step=362288 | return=-9.37 | steps=64 | track=c11f80f262068dbc1f9066d26e75b931
global_step=362352 | return=-54.05 | steps=108 | track=762ec8acf848c873b3eda972877504f6
global_step=362496 | return=-144.33 | steps=131 | track=c3ffa9dfbc88ce1c0d7db97ef54ede54
global_step=362528 | return=-145.93 | steps=131 | track=214738185adb60c2476fa387ccc0e352
global_step=362544 | return=-147.01 | steps=131 | track=7d52563d066b9d8108608927385c65e6
global_step=362624 | return=-146.74 | steps=130 | track=fc0aac93f8ea5a07881e713a1bcbadbc
global_step=362656 | return=-150.80 | steps=131 | track=8aa7bb0b982ded6d5df202face949172
global_step=363008 | return=-138.53 | steps=131 | track=ef6e96f1ded2d9b21fa2cc71cb939132
global_step=363072 | return=-63.92 | steps=44 | track=2dbc0f2ea712bc57fdedaa03c5446d4e
global_step=363200 | return=-5.36 | steps=63 | track=20d346ce326e30bc5b8c632262057ae7
global_step=363216 | return=4.99 | steps=68 | track=6a500b369c40219a29262a1dd13fc53b
global_step=363280 | return=22.87 | steps=67 | track=e947a9f376e13fac457d94122e695113
global_step=363344 | return=-140.06 | steps=131 | track=5e80ebaf8752da2f8c6b660285234743
global_step=363424 | return=-140.83 | steps=131 | track=7bd88012f2974b6cfca6f1ccc2f11a7b
global_step=363856 | return=-136.10 | steps=97 | track=0fd103444681743b9bf8b2a253d192d0
global_step=363920 | return=-32.64 | steps=44 | track=d779b19e8534dca6e844d5bb0ce10d10
global_step=363968 | return=-73.63 | steps=91 | track=2dbe45dc0d76eb5ca7b79e4a58434d9f
global_step=363968 | return=-102.50 | steps=89 | track=e73e7323443989cf7d656fcbbc856ae6
global_step=363984 | return=-107.57 | steps=89 | track=e2429ade14393586c26f5bc4ff65dbf3
global_step=364000 | return=-13.70 | steps=61 | track=e2aadf002429a8cf79c9de10f8c09793
global_step=364208 | return=-134.59 | steps=131 | track=03314a7a8fef32c9cb3e54f53cec617e
global_step=364448 | return=7.53 | steps=68 | track=1577b06d0c82dae9af37df2729173745
global_step=364512 | return=23.47 | steps=67 | track=4af416b2fdfa6779c5821caf162530d2
global_step=364720 | return=-143.12 | steps=130 | track=05a71f4f366b8409b35df9c6010ae028
global_step=364832 | return=-55.01 | steps=109 | track=8322420758d74f52e3c63eb87e1d2145
global_step=364944 | return=-11.72 | steps=60 | track=5d9b336422776729ae16e96f59ad509e
global_step=364976 | return=-58.52 | steps=65 | track=de32ef57c667bc3b871b01aa80e3c260
global_step=365072 | return=35.03 | steps=222 | track=3cc84fc91372687607c9994b008eb44e
global_step=365088 | return=7.60 | steps=69 | track=afd8c5ee1f1639bf51c6233923778a9e
global_step=365168 | return=-115.98 | steps=380 | track=c96094da27cc2d44f267f5bc234ed6c6
global_step=365392 | return=-131.91 | steps=131 | track=5af3d09c374c0de91b77c3d068af89b3
global_step=365504 | return=20.96 | steps=65 | track=88b95eeb0bab0d715dbc42111771f38b
global_step=365696 | return=-46.88 | steps=154 | track=65a7f4761065d344df64c4695bc47f9c
global_step=365840 | return=-98.37 | steps=115 | track=f3026454aed2bff187953e28d8feb9e4
global_step=365968 | return=-139.84 | steps=131 | track=e534f921dac2eb975b10030a172b5f80
global_step=366112 | return=-163.93 | steps=131 | track=3ce702a5bbb0294fe25188a2363de300
global_step=366112 | return=-13.37 | steps=63 | track=ca6f055f1d06bd0b5917e5e0b5c66bd9
global_step=366320 | return=-133.16 | steps=131 | track=6a3139806a22f6c0c03d7ad5d86f3e41
global_step=366544 | return=58.80 | steps=71 | track=13a8737f2bc53a30234f9ef7a8a35327
global_step=366560 | return=-18.60 | steps=65 | track=be2f36e7f7377e0a55d10df942062d45
global_step=366608 | return=-97.50 | steps=89 | track=4598978dcf92086bdd48c8f55b5e82da
global_step=366624 | return=-102.49 | steps=131 | track=22dbc84ab1376569185cf87fb04119b4
global_step=366832 | return=-132.20 | steps=131 | track=8a1108081a0217651158ecdb098b04ef
global_step=366944 | return=-146.10 | steps=131 | track=f1475881e452e22a15bec8492bfeb8df
global_step=367056 | return=-134.56 | steps=131 | track=3c491a0ec0e2afeb7b76a4d42c9b9a17
global_step=367184 | return=-141.51 | steps=131 | track=2acea59706601a8b7b72e22674523ea6
global_step=367424 | return=-54.97 | steps=152 | track=926131788f79189d12d60876f5df3df7
global_step=367600 | return=-65.26 | steps=47 | track=cb8189154eb0daace0961665b6875663
global_step=367664 | return=-15.93 | steps=64 | track=3b2fb81bfe3f40ece3678014997f38bd
global_step=367808 | return=-105.67 | steps=131 | track=0da83fe7352671cff10a6a598d0a9477
global_step=367856 | return=-115.85 | steps=108 | track=18977e0a30b24f03f770371d66cb088f
global_step=367936 | return=-110.61 | steps=130 | track=7d67985de87a157cc9552978dd89f6b5
global_step=368112 | return=-26.85 | steps=72 | track=27332461c97fd6cb7363574347ad0c8f
global_step=368112 | return=14.06 | steps=93 | track=38bbdf1dda222a431d1e035bdf814dab
global_step=368224 | return=-148.96 | steps=131 | track=98a2355d854ac51a0fc2f6f54cbe5b26
global_step=368432 | return=-144.38 | steps=131 | track=7de0de376cb58d8da83aa8f792e5f4e5
global_step=368672 | return=-134.28 | steps=131 | track=43e86b186c8a39b2ed71525f0be1a04a
global_step=368672 | return=-69.76 | steps=168 | track=ed0b742d425c91e2f34c56adaac48b43
global_step=369168 | return=-143.47 | steps=131 | track=8779be3ab0b3d142296e45838c8a9b41
global_step=369536 | return=-132.75 | steps=131 | track=0c0a059c16175af2db4da23269606ac2
global_step=369712 | return=-158.31 | steps=131 | track=21e2cea3f5fa6a3bade42ed1cc1757bd
global_step=369776 | return=-143.68 | steps=131 | track=36351145e266fc011176d7f50dd1a6aa
global_step=369968 | return=-155.85 | steps=131 | track=ceabd5148a204b0292656e92f1cebcb6
global_step=370032 | return=-141.68 | steps=130 | track=9c99d76082156e38f83e08ff7ef44267
global_step=370224 | return=-149.91 | steps=131 | track=a4be66e078d2a495ac8e640c0c1ec94d
global_step=370240 | return=-4.94 | steps=66 | track=b2163ba1e5a3d902875565485da71e60
global_step=370288 | return=-141.12 | steps=128 | track=2c0d63622b60e3c68259f47d1c5cbc2e
global_step=370384 | return=-75.54 | steps=141 | track=18f95686299f1693fd2e7774556d4569
global_step=370544 | return=-140.29 | steps=131 | track=8a5af9da4541f3a49c499ddef7e2cef1
global_step=370656 | return=-112.85 | steps=216 | track=28d8f2d7c3501b2e8523c49d206065d8
global_step=370768 | return=-113.41 | steps=130 | track=1d657168c7efbdb35700e2a8832ba32e
global_step=370992 | return=-180.66 | steps=277 | track=a083e3f2a743db69ebeccb516b68a496
global_step=371648 | return=-152.18 | steps=131 | track=9c0cb180a89d22cc14cb91a925c8d61e
global_step=371808 | return=-147.99 | steps=130 | track=28a77b2d33dbd79998add4b2ae82659c
global_step=372080 | return=-133.83 | steps=131 | track=65a5a0a7c377967ca2d2df8b3f51e483
global_step=372144 | return=-155.26 | steps=131 | track=b3f3290efd9c23b6b1d8f9da44f7e82d
global_step=372208 | return=-270.23 | steps=596 | track=40f602cc5979a86d55aa1778a7c24628
global_step=372336 | return=-169.62 | steps=131 | track=90bddc67192770d7b7da7267e2e854db
global_step=372384 | return=-159.28 | steps=130 | track=7e632b328a12d3448e4e0472c66b3e78
global_step=372512 | return=-108.09 | steps=141 | track=0a86af139f6a1cd5ccac1ed441bfd4e2
global_step=372752 | return=-137.80 | steps=130 | track=6935b9ef5bda706fcc5ae3b74761c1b5
global_step=372864 | return=-80.85 | steps=144 | track=60e02ba5bb069606fe578702fff42a13
global_step=373040 | return=-71.08 | steps=59 | track=a7bcec748e35f24d68ebab6fe84ecc15
global_step=373104 | return=-20.27 | steps=55 | track=1e662c93328672e6a2c7e45b4537401b
global_step=373104 | return=-159.27 | steps=131 | track=63fa5cb477ad56a67f1ef798fca4e46a
global_step=373232 | return=-119.59 | steps=153 | track=651972013fe3b65827b697b2bd74c33a
global_step=373424 | return=-212.05 | steps=227 | track=ae69c7bf56e06285ab31751529a04cf3
global_step=373744 | return=-137.55 | steps=130 | track=5e9f7e46f144e4a464ed6317c957842d
global_step=373904 | return=-137.52 | steps=109 | track=8a54acaeeb961df6af0c5c60594159e8
global_step=373920 | return=-131.91 | steps=131 | track=12d05f327d3798be58572b261d8f2e1d
global_step=374144 | return=-182.91 | steps=234 | track=5791ee789f895399f9eb8f022779e7a5
global_step=374336 | return=-98.69 | steps=91 | track=28cc8c875df628f77b8a03408b22fffe
global_step=374448 | return=-137.46 | steps=131 | track=7b41672ba3e18cd1bfb6860306ab8de7
global_step=374560 | return=23.12 | steps=70 | track=3a4f080c2a9d4d38c2a3261ab97b9825
global_step=374864 | return=-136.78 | steps=131 | track=88117916dd81787031af875b19431e38
global_step=375024 | return=-208.14 | steps=450 | track=f1c36579bc8dd129dd0f163fc5800f62
global_step=375040 | return=31.81 | steps=69 | track=671c7baa086c0acb5c97b2c4d380ed79
global_step=375152 | return=-149.71 | steps=131 | track=d228c896243c21c7eb11247df0bf669d
global_step=375216 | return=-157.10 | steps=131 | track=93dc62c650c43b133c7c2b912df34e58
global_step=375216 | return=-153.11 | steps=131 | track=e983a6829341a6055f9b90d7476f324a
global_step=375232 | return=-119.24 | steps=124 | track=75554ddc8520e728abfa4ded2c379e9f
global_step=375552 | return=24.87 | steps=68 | track=a6aaa7dc59246ea2d0441366f386a720
global_step=375584 | return=-116.99 | steps=104 | track=dfc7f22cee9db0856f7278317fd55daa
global_step=375760 | return=-264.68 | steps=442 | track=ea23bc1430b33887bc987f29c00e8584
global_step=375968 | return=-116.30 | steps=101 | track=69b6606340fbb545ccc1d9c848b2c911
global_step=376320 | return=-38.96 | steps=237 | track=8a5b498ca63a847554ef763d9c1e44fc
global_step=376592 | return=-106.60 | steps=89 | track=7cbebaaac653eafe8348dd337e91d3f4
global_step=376656 | return=-39.04 | steps=156 | track=53eda1c9fbaba76811bf61bbc1fbcdcb
global_step=376672 | return=-159.48 | steps=131 | track=4798f5bc973c3eccbef8747c593b8616
global_step=376704 | return=-5.60 | steps=58 | track=3b87369ca03384c6f78219a59957bced
global_step=376832, SPS=73
global_step=376976 | return=-144.30 | steps=131 | track=585b3a94d51c0a6539f11eaee9cbff75
global_step=377008 | return=145.27 | steps=21 | track=4d40ab8e43b8278de7c92ca63c1890d0
global_step=377136 | return=-116.10 | steps=131 | track=e0264892802a5447cf5a94df1b054d5f
global_step=377328 | return=-129.87 | steps=142 | track=80103f53d87e80f18d402018e1ef25dc
global_step=377328 | return=-121.81 | steps=110 | track=11bb4d493dfe07fe768bace31e5ef908
global_step=377392 | return=26.34 | steps=135 | track=f86842d1d9b56ab50481ba760039b1e1
global_step=377648 | return=-13.07 | steps=65 | track=dde7a301bf662cc477a73c78a069b477
global_step=377680 | return=-74.78 | steps=245 | track=71a77960cf84653b44f435ce155cb28b
global_step=377696 | return=-158.29 | steps=131 | track=73756130cd1997afdbc4e78850b9fd5a
global_step=377760 | return=-67.23 | steps=157 | track=958d4e903289216d30c3687896f6e56c
global_step=377856 | return=-39.81 | steps=44 | track=c9fb649125351f95bcadf788e4e9d24f
global_step=377920 | return=-67.34 | steps=58 | track=16e754b906b2d2aeb69988d2c9a4fc29
global_step=378080 | return=-145.35 | steps=131 | track=e98a1426e7abfcf89a9393d750348f41
global_step=378160 | return=-62.00 | steps=47 | track=c4a9a83b02e67a0b5ae44184d2f77fe6
global_step=378224 | return=-160.01 | steps=364 | track=8c995833a2ebb8dd8d49ae71ccc67bdc
global_step=378416 | return=-150.77 | steps=130 | track=885ad5c411107e533cd35c5431096e81
global_step=378480 | return=-51.90 | steps=71 | track=ecce4c8b2a62b09adaa55e89d34ea8c6
global_step=378736 | return=-164.51 | steps=128 | track=7c8fc18e77b2469bd9d5473392385feb
global_step=378800 | return=19.52 | steps=69 | track=46f9e7ef23c4ecb7ccfcf2a50b84f5ce
global_step=378816 | return=-155.30 | steps=131 | track=89d2dd3a090468414cc74c08f1b1b6c2
global_step=379296 | return=-125.93 | steps=254 | track=d29c554350d166bac70692d5df4c1b7d
global_step=379376 | return=-43.71 | steps=94 | track=7993d9e2810a99bbf13ddb38a1bfdce0
global_step=379440 | return=-138.53 | steps=131 | track=361e3bb669dbe24da04bd2eea8b01c54
global_step=379680 | return=-120.65 | steps=94 | track=779fb00a288b2dc0439c20a91cd4c234
global_step=379760 | return=-161.74 | steps=131 | track=39110dcf1423de00c5496215b2a2d11b
global_step=379808 | return=-146.15 | steps=131 | track=eb7d17787fea2aafb792c8279b124b11
global_step=379872 | return=-136.69 | steps=131 | track=ef90f870311650674189518e72a879d4
global_step=379952 | return=-134.23 | steps=107 | track=b39989a2ef2a45c5366ab6a8287083a8
global_step=380016 | return=-145.44 | steps=130 | track=676ef0a26c12a63a4840bca8f6d06469
global_step=380128 | return=13.43 | steps=82 | track=91da0946a4323495c395ea10f40b0be9
global_step=380192 | return=-145.35 | steps=131 | track=08898d87939293030027b075f218d0fe
global_step=380512 | return=-154.29 | steps=130 | track=8b8c673d3be0ea9ffe45e6cfdcb2fb51
global_step=380592 | return=-139.80 | steps=131 | track=d2db0c41c1a7962cb5b42226fbe614e6
global_step=380784 | return=-52.11 | steps=47 | track=7926a1e36ea50dc21b051d004617d688
global_step=380800 | return=-35.99 | steps=236 | track=aa131e0bb9a9773c595b50d413305d82
global_step=380864 | return=-0.49 | steps=65 | track=500c1630aaf5af422ed4c9247d7a08e5
global_step=380928 | return=-150.44 | steps=131 | track=582128b8250e305cb3ad3e4a9bcc6480
global_step=381312 | return=30.28 | steps=69 | track=caf98770cc0f34dd302cbfd33d323216
global_step=381408 | return=-145.37 | steps=131 | track=e5e674de5e4bbd27238d7c3db46b45b6
global_step=381472 | return=-162.42 | steps=130 | track=a42342e5fd5ac0749158a8e184cb5b81
global_step=381536 | return=-151.62 | steps=130 | track=62b31f1860379a671303e3288c500bc5
global_step=381888 | return=-143.76 | steps=132 | track=ccafae249bd7920815718a09dd4d099e
global_step=381920 | return=20.52 | steps=70 | track=8380ae23bc01a678df863ac87f45faa8
global_step=381968 | return=-139.47 | steps=130 | track=cc0f1243d125bf6dd05716c37b8c3d2b
global_step=382064 | return=-141.52 | steps=131 | track=4e5269b23b0102fbaefb89486260d85b
global_step=382240 | return=-135.10 | steps=131 | track=37fe5627e6e213aea6301e66fd1bd1d0
global_step=382592 | return=-48.95 | steps=111 | track=9d251948d7c0146f4d4a764dcf4a7ada
global_step=382624 | return=-146.43 | steps=131 | track=68e89d99284ffb62e1e378f5c269c40f
global_step=382912 | return=-26.60 | steps=61 | track=58521dc4629c7e549c9d1111d912e56d
global_step=382976 | return=-140.29 | steps=131 | track=b8dffeff4fba62c483404ab215225864
global_step=383040 | return=-150.10 | steps=131 | track=2e9d0b3c5c0cb188c5824150f2ede01f
global_step=383312 | return=-244.40 | steps=285 | track=85916b81c3a9c2cac917f83d845bd43f
global_step=383344 | return=-37.07 | steps=68 | track=8f0078a10a40686416a3218b07f975cb
global_step=383376 | return=-123.44 | steps=173 | track=ba477955931389432c2e51eb9ead815c
global_step=383424 | return=-144.33 | steps=131 | track=8e06a76d36d609ec81e4e567cb844fab
global_step=383504 | return=-146.90 | steps=130 | track=6bca6fb39784117bc0258752293128c3
global_step=383584 | return=-140.06 | steps=131 | track=4cad8509250e00d25daa2eea53e3ebfc
global_step=383648 | return=-145.14 | steps=131 | track=66fe4a89920d7bb074f7c4a62136a8f0
global_step=384000 | return=-140.51 | steps=131 | track=e673bb04b9559441409d469f30f101ff
global_step=384080 | return=-135.90 | steps=131 | track=1b2d4180d195eb6a0e8b7218ca28d826
global_step=384144 | return=-27.18 | steps=94 | track=fadb180a922cdbcc9dda5b8b3cd687e3
global_step=384160 | return=-55.67 | steps=45 | track=2b7f009070f47477c7fdd082c0305200
global_step=384176 | return=-39.09 | steps=49 | track=6b1aeccc89f4a4d319838a10b31a0eec
global_step=384320 | return=-189.64 | steps=289 | track=171caabcd486478bfefc6015710dbf37
global_step=384336 | return=-25.72 | steps=80 | track=b19c5ee1697bddd338adb9a540491ace
global_step=384368 | return=-77.25 | steps=110 | track=73f13a33943001c9ead68fde88e4ed86
global_step=384480 | return=-143.44 | steps=150 | track=101acee021a4259eb427cf03d07d65dc
global_step=384560 | return=-122.87 | steps=102 | track=554cb554da04acb4e3fa4d669c375f9e
global_step=385088 | return=-133.76 | steps=131 | track=65573d0ff93d0d8a089fe8c848219006
global_step=385120 | return=-125.59 | steps=100 | track=e2a7dc83f0f973baf6b4ed68a703045e
global_step=385184 | return=-37.77 | steps=68 | track=5baa7be56a6f79fd7c44ba3008f0f143
global_step=385424 | return=-154.50 | steps=131 | track=dfc8d45e5e1eb592a744c63d35442dfd
global_step=385440 | return=-146.70 | steps=130 | track=331197f347f53f7375fe063326442080
global_step=385440 | return=8.06 | steps=66 | track=ea7418b5f67ff40fbf43d8a81589c0c9
global_step=385568 | return=-17.56 | steps=62 | track=10d50c7531ceb258931bfc177c306c83
global_step=385728 | return=-115.64 | steps=96 | track=62a0f01da16dd56d1a3652d61128f61c
global_step=385952 | return=-33.15 | steps=112 | track=c854319a506bcd57f25bb137def4893f
global_step=386064 | return=-54.71 | steps=154 | track=42d2fb1b7977324388ead2bde2fa1640
global_step=386432 | return=-123.57 | steps=173 | track=9a7c2ea8d1d11f951ef9148d345ed94f
global_step=386448 | return=-109.44 | steps=131 | track=aa4b22b3c1af467d6fc368f849df1190
global_step=386512 | return=24.41 | steps=66 | track=170a04e0184531dcf29ed3de89ac7767
global_step=386512 | return=-91.05 | steps=146 | track=1d5ed755a7a2fd168f1494979da6763e
global_step=386592 | return=-135.22 | steps=131 | track=a8aafd885899b257c8ac47b7fadf6181
global_step=386608 | return=-94.43 | steps=94 | track=23006fc92c3293921d6444b70b3834c9
global_step=386624 | return=-46.74 | steps=93 | track=ffe866a486957785fb2b145b51842bcd
global_step=386736 | return=-93.32 | steps=170 | track=cb474913bbd50f71d7bf72642af05dd5
global_step=387264 | return=-76.07 | steps=46 | track=98e16432e7e1992cac1c42b715693731
global_step=387296 | return=-133.27 | steps=131 | track=05e73fd72d75d5360266d80866b76cca
global_step=387552 | return=-37.42 | steps=69 | track=3c7fe7735df62ae2f31fc50e8e3d3a0c
global_step=387552 | return=-147.36 | steps=131 | track=cac85a1438913e39e4ff909012b85930
global_step=387600 | return=-161.92 | steps=135 | track=b0261e1b05d6a448f37bfc62e5c3e28e
global_step=387680 | return=-136.95 | steps=131 | track=f4dd879716bf1f904618de1b6678cf39
global_step=387696 | return=10.11 | steps=66 | track=cebd627d23c1af6d53306c5afb4287f6
global_step=387776 | return=6.86 | steps=72 | track=117ac70c5f5650eab65a9cb78558828e
global_step=387808 | return=-6.49 | steps=66 | track=c700d4db77ddf1650e103f3827864ba8
global_step=387840 | return=-147.24 | steps=131 | track=ceee9b4374a7c7f8b24267bb88731f7b
global_step=388064 | return=-149.15 | steps=131 | track=0bc4f3ce2cd01215799cbd9170ee0b51
global_step=388176 | return=-146.19 | steps=131 | track=8ba3747d0518dc7c1df0709861ce9e2a
global_step=388224 | return=-44.22 | steps=110 | track=b7d7c9e6408e30881e6ee5891b73a3ee
global_step=388640 | return=-18.60 | steps=53 | track=d54a51d2dbd40b2afcd6cc280fc7a12c
global_step=388704 | return=-136.84 | steps=131 | track=b8abbb6536e31207ff1c3edf1b14a683
global_step=388832 | return=-75.16 | steps=281 | track=d4fe92722fed6e69da1fababd378408c
global_step=388848 | return=-21.42 | steps=62 | track=c1f5525410897992afb73afa9edf893e
global_step=389376 | return=-142.30 | steps=131 | track=ec9655b3f34c17443c4ab52492f13694
global_step=389392 | return=-151.30 | steps=130 | track=5d00ef4c7e467a2691a009f4ae4e6309
global_step=389472 | return=-121.59 | steps=110 | track=2aa101856c35bbc57088b698645faab7
global_step=389648 | return=-156.90 | steps=130 | track=28211c15e305ac0e987aaa8e63f5bb20
global_step=389664 | return=-151.06 | steps=131 | track=387c3fad2b97c94fd07767e061221624
global_step=389984 | return=-105.97 | steps=135 | track=2ac06acaa3ea1b9fab61d9a8448835d0
global_step=390176 | return=-143.68 | steps=131 | track=4410b2d8bc366bcd1348780688f87059
global_step=390272 | return=-146.62 | steps=130 | track=f71adb1d066bb7fe93493710fa8851e9
global_step=390288 | return=-115.00 | steps=89 | track=53fbbbd0257b9a5661a1ea7f988cf3ab
global_step=390320 | return=-76.69 | steps=40 | track=a82765fbccb47ef3b5815ce759ce4cee
global_step=390448 | return=-101.82 | steps=138 | track=91b5c0aa0ddd659fee971e2922613b2f
global_step=390480 | return=-8.79 | steps=68 | track=ff8b90731906d55cc41b50be58d19f30
global_step=390512 | return=-103.91 | steps=104 | track=d32f054ff06968935c4ea392fffeeafc
global_step=390560 | return=-169.44 | steps=179 | track=246da796d21a74442212506916fc609b
global_step=390592 | return=-195.00 | steps=254 | track=90343613d68fc9bcdf03309c8e7e7799
global_step=390736 | return=-137.27 | steps=195 | track=2e8e6298bf519812c70063e1d968d0fe
global_step=390752 | return=-141.40 | steps=131 | track=fe43667b361f061d69af2eb9f3b3eb94
global_step=391104 | return=-119.21 | steps=101 | track=60b31caee91e548876263070644f9b3d
global_step=391136 | return=14.27 | steps=151 | track=d6228a573cff800f2b3c532e3bb91fac
global_step=391456 | return=-31.09 | steps=62 | track=8761e3677ee6a6e118d734634113a44d
global_step=391504 | return=-142.83 | steps=131 | track=8d48220c3783e9329aad97e3f2c750cb
global_step=391760 | return=-148.96 | steps=131 | track=5bfc7bea7f3d5be229e6e9a62da2014b
global_step=392096 | return=-151.01 | steps=131 | track=5e9cbf1ef4e09e87303a45a0b509210b
global_step=392288 | return=-142.65 | steps=131 | track=3d4331c5f6a89f265c7de5a6e4508c82
global_step=392368 | return=-145.48 | steps=130 | track=a5e916d65881413aa10e4d967d9c6d3b
global_step=392432 | return=-144.33 | steps=131 | track=2897846cb9124e2e64f1820c11fff01a
global_step=392480 | return=-83.83 | steps=124 | track=b48ad1a226171a96d4985a13a9df9189
global_step=392608 | return=-84.69 | steps=91 | track=803b98813a4bf4d7803267b67814ba97
global_step=392624 | return=-155.25 | steps=131 | track=b7cd3b90ee8fa19767cd23ff320e5edc
global_step=392704 | return=-141.51 | steps=131 | track=8de2ee1da9dda33abd8b38e2d0e80792
global_step=392736 | return=-121.99 | steps=101 | track=d14fa1fdd8c8685d7817997db3a3c08c
global_step=392816 | return=-97.51 | steps=140 | track=f9582fa0a3a28d82c8713aa4215a2779
global_step=392864 | return=-143.47 | steps=131 | track=9711bae6f2fb931511fb12d52d04fc6e
global_step=393216, SPS=73
global_step=393424 | return=-67.81 | steps=49 | track=7e3af700eb667afcf9c055e7c9813b2a
global_step=393568 | return=-140.55 | steps=131 | track=df68f81c6400cf2a9ad0bfb4e8f6b4b6
global_step=393648 | return=-169.75 | steps=209 | track=4e1215f44dbd1b64d9e8f19a6686b908
global_step=393728 | return=-137.38 | steps=186 | track=8a3653790efea7ac0f1d5658d5ff72df
global_step=394032 | return=-118.26 | steps=108 | track=0e9176953b97fdb9cbdd2119b3b55a37
global_step=394192 | return=-145.28 | steps=130 | track=fbf3d4b393a4cb63703bdca2a3b1b9b3
global_step=394384 | return=-126.32 | steps=110 | track=b22f4939664dc64f9b932a78c7f1c033
global_step=394480 | return=-157.09 | steps=169 | track=e1620c50e73b5dd680531e050184fe63
global_step=394480 | return=-141.28 | steps=131 | track=60c885a7845f6c33ce6823831b429d8b
global_step=394544 | return=-140.56 | steps=131 | track=590799210fb60687d40b89990cb23343
global_step=394592 | return=-146.67 | steps=131 | track=4dd6116fd738768a75305628f7fd4484
global_step=394656 | return=18.21 | steps=67 | track=b7e05be49115e32a32b3f2e085ed1404
global_step=394720 | return=-4.23 | steps=66 | track=cbf751322647aacde23fa59b43726b18
global_step=394800 | return=-144.80 | steps=130 | track=c1159b075500b08e3ca7f450c8067fb4
global_step=394848 | return=-140.29 | steps=131 | track=2165d25a82cd339bfc1142dabbd034b2
global_step=394928 | return=-150.68 | steps=131 | track=af290969a109c52de34ad4ef26767506
global_step=394944 | return=-58.21 | steps=46 | track=abafb4127f588d3a65b1c1ba22b2b1e8
global_step=395152 | return=-108.15 | steps=142 | track=499f0a7553fdbccc6a4cb21f8a133e25
global_step=395408 | return=3.50 | steps=63 | track=fe90c5c5764073d94c45b32305a723cf
global_step=395536 | return=-138.79 | steps=131 | track=a0e4aecb0e9cb1bb447ba569451473d7
global_step=395632 | return=-56.13 | steps=43 | track=37b1f5f330e44ca6c3a70640bb816eac
global_step=395792 | return=15.17 | steps=66 | track=af5282133e8b8bcb385707d0f836ef89
global_step=395840 | return=-140.55 | steps=131 | track=c39f4fb49e770fe47314fc0370e9ca41
global_step=396144 | return=-149.68 | steps=131 | track=d6a2c84b6735165b91f5965d79f60cfa
global_step=396384 | return=-104.87 | steps=89 | track=f518582483c83f70c061b49e0f62f098
global_step=396592 | return=-149.44 | steps=131 | track=061ef18f96979c7002aedc082edf0afd
global_step=396608 | return=-16.36 | steps=60 | track=199ad5044637a7b9ad7352a09774213a
global_step=396640 | return=-110.22 | steps=130 | track=01654a1ff6f01db83c4938687e6993b4
global_step=396688 | return=-143.38 | steps=130 | track=5f5cf0e060eac19b2bbc4013ad3c75da
global_step=396720 | return=-126.26 | steps=139 | track=6d1beee8a5a1fbb3bf71c2afcb4e921e
global_step=396736 | return=-59.91 | steps=117 | track=dc8e2deb4a9e85c9acd444fc7aa0d09e
global_step=396768 | return=-140.94 | steps=131 | track=e405099db97b4a17e2cc6439995399df
global_step=396816 | return=81.65 | steps=331 | track=dfed0a1ad38b4de4acc8f43f2010a7b0
global_step=396912 | return=-142.47 | steps=131 | track=518ddcccc706c7b323f7c596e8daed8c
global_step=396976 | return=29.80 | steps=70 | track=26244b08bf4bab9744e5f5f0532b9e2a
global_step=397472 | return=-35.02 | steps=67 | track=b779bbf7a832ddebb80a96510c7505ed
global_step=397632 | return=-38.39 | steps=154 | track=cb238573b0353a22c19ef0e35e049920
global_step=397648 | return=-148.58 | steps=131 | track=bc3e0662da553061706325727c4401ec
global_step=397744 | return=-42.01 | steps=145 | track=cbfa4a92ae71181f0220a7e31cf638a0
global_step=397856 | return=8.73 | steps=64 | track=95a9be6d5b44c050511abba2afe8432a
global_step=398256 | return=-144.05 | steps=131 | track=9d5bb09452c96d207ccceafc7d73f0a1
global_step=398448 | return=-187.32 | steps=165 | track=16797ec22add932010283101ccbdad43
global_step=398704 | return=-143.14 | steps=131 | track=b05e20210fe43e8d6732d0178a2a61c5
global_step=398720 | return=-153.91 | steps=131 | track=fe7cfe9cb02dbd4d4437a67f8e5c16de
global_step=398752 | return=-151.65 | steps=131 | track=fc6157d63d3236bab4c90cbaaee1d2bc
global_step=398800 | return=-141.40 | steps=131 | track=8053ea56b8a59f1cbec4ab4573513d56
global_step=398848 | return=-136.71 | steps=131 | track=d8ef40d5cad70405ea759799885aedf1
global_step=398880 | return=-157.17 | steps=131 | track=c486866105739ab975858c8940c886e5
global_step=399040 | return=-160.15 | steps=132 | track=7153bbe94cf30a0a755d18dcaf763cbe
global_step=399088 | return=-150.10 | steps=131 | track=8299b15f85c955a37f4c61bc8b8cf92b
global_step=399120 | return=-148.98 | steps=149 | track=72cbbc44ed4811c5c31410594d3c1504
global_step=399184 | return=-80.17 | steps=57 | track=ad35bc2818f30692cf3ebc1858c77fb8
global_step=399328 | return=-73.30 | steps=91 | track=6c8b62bec14824440d4860d4804cf13f
global_step=399504 | return=-27.72 | steps=65 | track=feeb0f48118489a54e6be592af6facaa
global_step=399584 | return=-137.71 | steps=131 | track=7a5aae173b7f72d5b734ae3bdd2e6236
global_step=399744 | return=-131.81 | steps=131 | track=7bebc28616e67a23d22cde179efdc905
global_step=399760 | return=-156.21 | steps=131 | track=23ce121a8e5558435841d7146cb8e515
global_step=399840 | return=-136.73 | steps=130 | track=cde95b4f2e6f4cbed509402b26de30a8
global_step=400048 | return=-60.19 | steps=44 | track=b0da64986a74a5e306e267eb8b352f47
global_step=400096 | return=-13.71 | steps=62 | track=ca12f7114cf7b991063e56012613f437
global_step=400480 | return=-122.69 | steps=107 | track=361b59bc81b69760c9ccb0700cfefadb
global_step=400544 | return=-9.88 | steps=64 | track=bf89cff028c2d52232c73ed3aad18a2d
global_step=400816 | return=-139.88 | steps=130 | track=40f142a0cc23a17ccb540c2a3ca9be95
global_step=400816 | return=-133.36 | steps=131 | track=ba4e6a455264bc3a397952558968661c
global_step=400912 | return=-145.93 | steps=131 | track=4aaff95a7574f45505246be6c4d55ab6
global_step=400944 | return=-138.95 | steps=130 | track=77fd272fa6053d55860686ab908f20d7
global_step=400992 | return=-141.73 | steps=131 | track=39d9e43224e6f2188d055ed43a1678f4
global_step=401152 | return=-136.17 | steps=131 | track=14e897ece61554cae965160f196bd0b5
global_step=401216 | return=-153.22 | steps=130 | track=551dd8f8df100d83e4e4f747357abb33
global_step=401296 | return=-140.07 | steps=131 | track=398700780f29bb847f317816a1b26a50
global_step=401792 | return=-95.68 | steps=137 | track=048c00f9eb1303d660e3adb51ac187f1
global_step=401840 | return=-142.21 | steps=130 | track=741556b12478e7d498ab51ef540b6ca1
global_step=401872 | return=-139.60 | steps=131 | track=d197e7378ed3eaa96fc114b67554568f
global_step=401952 | return=-140.94 | steps=131 | track=d48099385f9aef6978ab47151cb402e4
global_step=402048 | return=41.59 | steps=68 | track=d7041ac802aa74343659ab0ca882df7f
global_step=402160 | return=-139.69 | steps=131 | track=1811f2bf39bca4d5dfffe04f87939628
global_step=402176 | return=-150.51 | steps=129 | track=b20edcc36a8ed73d29545d2594c2b349
global_step=402352 | return=-72.36 | steps=95 | track=0b2246c4201826e26098165e6d0f3dc2
global_step=402448 | return=18.50 | steps=71 | track=81531e0ca5d12741e2edd485c50017df
global_step=402592 | return=-108.13 | steps=131 | track=f6db9fb97741b540fdd2f8c3ee90dcb6
global_step=402640 | return=-108.87 | steps=130 | track=25fe47bd8bf50f78b177c7305dafca1f
global_step=402864 | return=-17.90 | steps=61 | track=c8208676684ca0c565441bd0001b1621
global_step=402928 | return=-138.41 | steps=131 | track=472e505951bc29809971ab0df6f2873e
global_step=403040 | return=5.08 | steps=67 | track=27c7f4988de96fc3e5a3f3983ab6a52e
global_step=403088 | return=-138.10 | steps=130 | track=9671ab5adc47446f43f15dcc5175b689
global_step=403264 | return=-90.47 | steps=146 | track=7c6bf1054d8716a6fdd491b65b83fdbc
global_step=403264 | return=-141.68 | steps=131 | track=c62bf8762397d7dc38e8fd885bd6ddef
global_step=403328 | return=-152.36 | steps=131 | track=f727a368f80ff9b2df3a77e109c676da
global_step=403536 | return=-61.94 | steps=84 | track=d3dabb0d7ec85b4a69ee6b1892c1b8d7
global_step=403712 | return=9.05 | steps=66 | track=a13b26142eec120abb7db68fc45804a2
global_step=403808 | return=-63.43 | steps=90 | track=fa23d5da7d7c8904a5f8c5893bb7cf5b
global_step=403888 | return=-118.31 | steps=89 | track=1907a3ddaeb4a47f77f62a2735617715
global_step=403920 | return=-149.07 | steps=132 | track=980ef80986b8b19f9b2e3d65b4985bc9
global_step=404128 | return=-57.30 | steps=74 | track=f0429863036edfcc2e8d550cc58cb6d0
global_step=404256 | return=-54.69 | steps=150 | track=417a4cc44ed2282d11810f3957143218
global_step=404288 | return=-121.10 | steps=139 | track=9899b6285b3396d27da9beaa2c3b8ad2
global_step=404288 | return=-149.73 | steps=132 | track=fa6cc0a9898bbcd4653d5e427f49fa0a
global_step=404304 | return=-107.44 | steps=89 | track=784248e56f0ee24047233d195d170e72
global_step=404576 | return=6.44 | steps=64 | track=defe5979cd3e981f825a7897c4ac7d66
global_step=404688 | return=-150.30 | steps=130 | track=ffb81057179af2307ba80e79f31b9970
global_step=405008 | return=10.62 | steps=69 | track=dea6d87bfa0db6fe14e167830cffdd33
global_step=405152 | return=-144.33 | steps=131 | track=fde888233913f21207f4986410488496
global_step=405360 | return=159.06 | steps=65 | track=9fd65ff95b2b2d0c0c609ae764c98717
global_step=405376 | return=-138.63 | steps=131 | track=c2f66d28fad73240075ba6b01e7859f9
global_step=405440 | return=-136.93 | steps=131 | track=6bf7d8d9f10443b1c0c9580b07cc9e54
global_step=405584 | return=-108.46 | steps=155 | track=43eae6ed050909a0de30c3ff57a6f855
global_step=405824 | return=-148.96 | steps=131 | track=289b6759c67297dd7f8162a94b87a120
global_step=405920 | return=-139.90 | steps=131 | track=643aa3d5705e965d023946c57c2c2cce
global_step=406016 | return=-158.18 | steps=130 | track=d1fc759537a5f1c9e0168681822837ed
global_step=406112 | return=26.90 | steps=68 | track=fbd63a707f96ccfc7d878b07079c7c46
global_step=406224 | return=-157.59 | steps=130 | track=73321f98750873e549316730d25a5d82
global_step=406368 | return=-144.30 | steps=131 | track=52757c8c30f80eac2780154a55cb94f7
global_step=406384 | return=-138.47 | steps=130 | track=c98182cb133e377e93eff9455a842b64
global_step=406688 | return=-111.75 | steps=131 | track=121869bfdcbf744718483d1aafc653d3
global_step=406992 | return=-94.89 | steps=143 | track=95d95bd3f1c7f9cce55d046a5a364a8d
global_step=407264 | return=-123.61 | steps=131 | track=c528d46406818ed44868707a215ff71b
global_step=407408 | return=28.34 | steps=80 | track=271f3518ec33aa5dc7f7cb5f2bc60de5
global_step=407472 | return=-136.63 | steps=131 | track=bba895d3f88f92fc1f67584ec93f0ba5
global_step=407552 | return=-152.72 | steps=131 | track=ca297f5bd4ef8a7ac7c5a015444f8729
global_step=407568 | return=3.59 | steps=83 | track=e75a0d9950fc9f31665b416f2c877550
global_step=407824 | return=-88.92 | steps=90 | track=8aeb6652160bc4f0798d4d9ca06c1f0f
global_step=408000 | return=53.44 | steps=295 | track=db0f4d726eaaa5bdfa6ec7d62effd5e7
global_step=408000 | return=-63.09 | steps=150 | track=c238c15cf53c37a12a494055c1a82f19
global_step=408128 | return=-149.53 | steps=131 | track=983580a44ff2885dd6c4e863d1f637df
global_step=408304 | return=-100.81 | steps=250 | track=56163e7dfb115c96a56991723c15a5f6
global_step=408368 | return=-54.73 | steps=152 | track=e51492a3dbff150d40026c4b5bac8136
global_step=408496 | return=-144.76 | steps=131 | track=fba87d30f8bc2cf776d75133fff177b2
global_step=408640 | return=-69.25 | steps=76 | track=7f58fb4f00e1e053fc2bc54c5d81c86a
global_step=408784 | return=-158.94 | steps=130 | track=277862efee80b2079313e915afb0fdd6
global_step=408832 | return=-148.85 | steps=215 | track=b14bc938fce39cc92fbb0d588560c88b
global_step=409008 | return=-87.51 | steps=89 | track=fdc4754890d51ae8487d53703e30195d
global_step=409024 | return=-20.75 | steps=63 | track=ab4a8911ea4179ab490a401e94330778
global_step=409104 | return=-115.70 | steps=131 | track=c88bec3177ab8722369d1857caeaa0bc
global_step=409120 | return=-26.01 | steps=61 | track=f04df0896cec19a4272260565423e3f7
global_step=409376 | return=-132.15 | steps=131 | track=718276cceb7cfbda146838cd90584fd8
global_step=409440 | return=-102.67 | steps=89 | track=8ba86e4c9c8134c26c7bd42250fb93c9
global_step=409600 | return=-0.89 | steps=76 | track=937f0d8771fa14861cd971a34ffcc5cd
global_step=409600 | return=-168.78 | steps=235 | track=132f5862162447f9c004f629333e317e
global_step=409600, SPS=73
global_step=409920 | return=-140.81 | steps=130 | track=6e621c7ffa1ac3f01225c9db3a516f71
global_step=410352 | return=-103.19 | steps=174 | track=37d3003ae6a393d6624362c5a53b968b
global_step=410368 | return=40.77 | steps=98 | track=b81b62ef209962c793ca92f65f6d1854
global_step=410448 | return=-174.86 | steps=185 | track=5758257bd6482742e1b3a974fe17384a
global_step=410464 | return=-26.08 | steps=67 | track=ce6e73f4de2b9e127112b62b0601c657
global_step=410608 | return=-135.65 | steps=131 | track=15eb6998fa89f1d42e4d75f213dbb8be
global_step=410640 | return=-98.10 | steps=112 | track=a082a8e99bf0bd7d8ad9e783f57d8e8b
global_step=410704 | return=-11.17 | steps=68 | track=d2d81aa7ce7be888a2cb4472573b0f3d
global_step=410752 | return=-152.59 | steps=131 | track=d5391f3205fafe3cf9b67eaa44fa0108
global_step=410752 | return=10.46 | steps=71 | track=1c63289f069c5cab46cc9c3ceec4ffa2
global_step=410752 | return=-133.59 | steps=108 | track=8139e69b2987c2d0c8f566492e0c9927
global_step=411088 | return=-54.85 | steps=45 | track=d09a86fa09b75f32b44e8be66b652dd6
global_step=411136 | return=-147.82 | steps=131 | track=6a997a7ba45781897da337adc5e88402
global_step=411232 | return=-140.37 | steps=131 | track=9ce63aca348bd8be69fbdcb4bbc16a81
global_step=411536 | return=-140.99 | steps=130 | track=a6cc9a12ad6964836baf6c3e9833241f
global_step=411808 | return=17.49 | steps=65 | track=109e472a5eed7f98d2cdcce0b9b895ee
global_step=411840 | return=14.71 | steps=67 | track=9338eac267f3f1f39721f576d7f8af19
global_step=412032 | return=-140.58 | steps=131 | track=af4e9d943b163277f9e0a1839e69239c
global_step=412080 | return=-99.94 | steps=89 | track=cfcbc9bc34d8bcbaa065a096881a5f01
global_step=412192 | return=-79.36 | steps=242 | track=c4bc4a21d69aab9e8fcbf565750e2741
global_step=412192 | return=-106.22 | steps=89 | track=f7a3bda07c49009591d152c86746d04a
global_step=412512 | return=-42.58 | steps=118 | track=f5e1bb00cd6be8959fb38dd28204f022
global_step=412560 | return=-131.44 | steps=131 | track=bde44c2433a6d966c2e8658676044ef2
global_step=412560 | return=-138.83 | steps=130 | track=27b32b0ce4cf65a423c8f6812ce0d439
global_step=412816 | return=-144.19 | steps=131 | track=3ca771ce47e825ed5509f2cc8584dc61
global_step=412912 | return=-33.20 | steps=113 | track=fbe71eba76e6fda69a42b21f8a61b5dd
global_step=412912 | return=-128.60 | steps=85 | track=cfccdf63ea00ca8ac8202a2cb335f625
global_step=412928 | return=-0.84 | steps=67 | track=6ad81576a9557114b5e785de98a54d6d
global_step=413152 | return=216.48 | steps=173 | track=7945fc004ea401f15dba4bf29dd6e10b
global_step=413248 | return=-103.71 | steps=131 | track=314cce5140abbadd1a66a9053ce58d09
global_step=413248 | return=-167.72 | steps=258 | track=dfa1399700e9303c98175619ce2466a5
global_step=413680 | return=-65.33 | steps=47 | track=a0aa953a7f906b3728e6866c1f76924b
global_step=414080 | return=-85.81 | steps=97 | track=c9d3aee174e4eb5e56f3f4effa8f5541
global_step=414128 | return=-138.29 | steps=130 | track=a7e3ee3ff7276253da016acffcad550b
global_step=414176 | return=-140.11 | steps=130 | track=58a13d759cccd205ac0c6c84c2d6da5b
global_step=414256 | return=-78.22 | steps=188 | track=ce9f523cd357162e886e1cf74950e200
global_step=414288 | return=-142.14 | steps=130 | track=2d4946e3dcdfeb607a3400f45261fc10
global_step=414304 | return=-141.28 | steps=131 | track=c4686be50ac2ac89ed5c33ead920d3f0
global_step=414304 | return=-0.77 | steps=65 | track=b7b0fdbfe988fb0c171a9beffbcd3396
global_step=414672 | return=-145.00 | steps=131 | track=fcc8411cd4e99b8d2f72060a7caad917
global_step=414688 | return=-167.21 | steps=132 | track=fbfeba55f8c4adc17a05558a203e10fb
global_step=414848 | return=-67.71 | steps=126 | track=a323161f27cf4eae2d9781a718dbcd34
global_step=414912 | return=-38.85 | steps=45 | track=64a79ded0f9af2c458181a0b13eb4439
global_step=415024 | return=-129.80 | steps=131 | track=2e7a0648471e404f8e5f9d7392ab78f3
global_step=415104 | return=-19.18 | steps=63 | track=8509f84f16b017799aa50920f296214d
global_step=415200 | return=10.57 | steps=66 | track=321d70579eb19efe5be5f809f7999694
global_step=415360 | return=-141.76 | steps=131 | track=6e955c01eefeb7f110efa720d4438295
global_step=415776 | return=-83.53 | steps=46 | track=c27e62af47585a86ea6c402f33622986
global_step=415968 | return=5.28 | steps=65 | track=f3b4efb1c90dcc8b87d64d189f8dbdfd
global_step=416144 | return=-81.23 | steps=153 | track=2a445004e7543004ec71c60da40ec544
global_step=416368 | return=-128.39 | steps=131 | track=f3dc9e0090b5e5061cc1d717e407e9e6
global_step=416400 | return=-148.70 | steps=131 | track=c56da593a9613ef9f43dffaab06d4548
global_step=416416 | return=-139.94 | steps=131 | track=ce9e85d735b6a98d69556b507f4a7c19
global_step=416480 | return=-114.70 | steps=101 | track=3ddc37c2ac9759b23533fd3992950a5b
global_step=416784 | return=-148.09 | steps=131 | track=1f17ed32858b5ebe3a30fa1da0b6fc46
global_step=416800 | return=-145.96 | steps=131 | track=ca5af4a09fb180d78d6ef53ade5f14d6
global_step=416816 | return=-111.38 | steps=90 | track=81e9610bda321d51915b8d0a53627b48
global_step=416912 | return=-39.93 | steps=318 | track=cac059bd610b651e89125b097d696481
global_step=417120 | return=-159.91 | steps=261 | track=74dc307a35d22390b3bf5c1a2b1e38d1
global_step=417184 | return=-103.72 | steps=129 | track=9b3ce3af02165c20e74e93b940de11d4
global_step=417216 | return=-1.16 | steps=66 | track=71d4cce2bd86f74cadcff4436f3b3ece
global_step=417312 | return=-139.63 | steps=131 | track=eadb003ed5e856ef1c6c8ace2e40e4a2
global_step=417536 | return=2.91 | steps=65 | track=83531cc67aa997e6373023253ae68a06
global_step=417552 | return=-127.76 | steps=274 | track=fca392f65bff73ae05d160f48dcc1ffe
global_step=417872 | return=6.50 | steps=66 | track=d3e2b1a39d9ec4b355ec5c4fe5507039
global_step=417936 | return=-78.74 | steps=94 | track=5707db4dbf51c90ca93ac188fc4dcdd5
global_step=418016 | return=-37.32 | steps=55 | track=51f242999feed527d192f021dd4ccbfa
global_step=418080 | return=-144.30 | steps=131 | track=9671a6dc293bc292d5a4f2087bb1bf8c
global_step=418320 | return=-165.17 | steps=250 | track=c5fb94b31869d60d58e628018f37ee71
global_step=418464 | return=-146.30 | steps=130 | track=2665dacd0ec954452c4db9c40dd9be38
global_step=418496 | return=-163.27 | steps=130 | track=d180c6eddcbe69c138f844b54ecee7db
global_step=418624 | return=-120.59 | steps=177 | track=886b2a24e3a7a58716abc3156d795d2b
global_step=418656 | return=26.49 | steps=68 | track=4348b777ce510ac219c3064e8bd0289b
global_step=418880 | return=-143.79 | steps=130 | track=66fb529e7404e309e1ac285a4eef8492
global_step=419056 | return=-131.01 | steps=133 | track=2e031336bb45ff693869b26172e3ba4d
global_step=419120 | return=-80.54 | steps=143 | track=c92f9807beceb5bdeaff328dd5e2ca7e
global_step=419152 | return=-44.05 | steps=42 | track=aaddabc531badbef6f50cd39feccb3dc
global_step=419296 | return=-153.31 | steps=131 | track=cc27772e3194ba139493f5056802c2f6
global_step=419376 | return=-98.57 | steps=89 | track=010d60d66396e44e3d4e27bd11a30ced
global_step=419552 | return=-31.79 | steps=91 | track=407ed6592af6704ae2640f68240d0bcd
global_step=419632 | return=-99.24 | steps=144 | track=25dab2df1d0fcbd33a7c64ebb8d56a82
global_step=419760 | return=-151.86 | steps=158 | track=036beba7fc06f6c3ea6c485672cffffd
global_step=420144 | return=-61.81 | steps=92 | track=2a2c3f51b5a8b0b99ebd4d1148eca7d5
global_step=420224 | return=1.97 | steps=72 | track=a10c5dbc47ed6a87ccbbd9d533992903
global_step=420256 | return=-48.04 | steps=59 | track=4324455bea557b88e37b9c9d83bc49d2
global_step=420272 | return=-67.47 | steps=149 | track=8483e240a4555a2248c88cd3cdffb20c
global_step=420352 | return=-118.66 | steps=115 | track=9b0b45f7a6c2232295678415740a3de6
global_step=420368 | return=-125.67 | steps=108 | track=e1db74647cde3d9146f63a3c52501f68
global_step=420416 | return=-161.59 | steps=130 | track=e63eba16561a19cddf417ab7958772c5
global_step=420960 | return=-54.08 | steps=43 | track=b0203f8803c9db886c7c4eb8b2d5be84
global_step=420960 | return=-63.44 | steps=213 | track=453789cee6e2179de4c4a3baf16eb2a6
global_step=420992 | return=-139.30 | steps=131 | track=33a7bc98ab7d44f4ec3c7dd1d29eb699
global_step=421040 | return=-116.62 | steps=92 | track=0f0c5d164a422425a6578ca7d85fc117
global_step=421232 | return=-74.24 | steps=91 | track=6b32500b808ea60c0a103988f9c55ebb
global_step=421264 | return=-140.86 | steps=131 | track=26fa1a9fde09590fced13d54854e7b72
global_step=421488 | return=-148.45 | steps=131 | track=eb0fc0d04f278b360ad979730fef3141
global_step=421600 | return=18.18 | steps=85 | track=e042a933a9ae276778724f5978047b24
global_step=421680 | return=-15.65 | steps=159 | track=a1443014b707ea37ab7af62b9fb842eb
global_step=421728 | return=-144.05 | steps=130 | track=d735a30816c9fc7b61a0b1846a56fcc9
global_step=421904 | return=-50.28 | steps=95 | track=713cbb95c7ca15cd58b2a91025538688
global_step=422016 | return=-71.25 | steps=60 | track=e93bb2de169b6e8a49f7709d4207f55e
global_step=422208 | return=-65.08 | steps=44 | track=1e502568fc970a3a6ca7cf7db572caf8
global_step=422240 | return=-133.31 | steps=122 | track=f9209049dfc1d793908a746bdab5b5fa
global_step=422256 | return=-142.00 | steps=131 | track=f710271ded8e734a1e157fd663d37a41
global_step=422464 | return=-134.83 | steps=131 | track=252cf60394b299c1f3d9b1eb62e540c4
global_step=422528 | return=-137.56 | steps=131 | track=8225dac457de4d0d4fe9a07faffc2cfd
global_step=422816 | return=-139.84 | steps=115 | track=687ca81a850da8f1e559526b7d63a41d
global_step=423072 | return=-141.28 | steps=131 | track=acc98c732ed951cf77fb62d53f976267
global_step=423072 | return=-201.14 | steps=315 | track=51640fc52a73b90babdacb658abf8617
global_step=423088 | return=4.55 | steps=66 | track=005b31974d1186d67c20ebac40958d42
global_step=423104 | return=-12.32 | steps=52 | track=d510fafaf6f9c482a09783e6b49276f2
global_step=423296 | return=-12.69 | steps=65 | track=2ec6b0abe3239d07e3a97269d786eb5d
global_step=423344 | return=-149.46 | steps=131 | track=b56244180fa1c6e4a0fd0e7ea6143f31
global_step=423376 | return=-143.25 | steps=131 | track=f2e6042adadbd570a0a9f8335ade67d7
global_step=423696 | return=-154.90 | steps=130 | track=ca43acf9aff5d2af46837d5273633d88
global_step=423792 | return=-145.31 | steps=131 | track=78e3b12711aeaef4609c1a020c596ff4
global_step=423840 | return=-131.97 | steps=131 | track=ee788000b66817833d67e03b480b0d8b
global_step=423904 | return=-96.48 | steps=89 | track=0626aa2f40fc333bc2b280e3b38f2887
global_step=424032 | return=-75.68 | steps=93 | track=90eb263c62c8877223b78d0e2ff25eea
global_step=424304 | return=-149.68 | steps=130 | track=8f5a44945349f2cd7e2ae8d2a546b79c
global_step=424320 | return=-72.06 | steps=58 | track=5c420a985a37a7c13fe8ca65f735c17b
global_step=424432 | return=-87.91 | steps=39 | track=1bece133e4d5e85014861a355c014a4c
global_step=424704 | return=-8.95 | steps=62 | track=e33e13bf35db420f3bc3b2f68325b048
global_step=424736 | return=-128.09 | steps=103 | track=6ae0b6c0855d67096be7cd87868746c3
global_step=424752 | return=-94.82 | steps=103 | track=a40664f23c41b1f7dcd06bdf856fee81
global_step=424896 | return=-141.00 | steps=129 | track=fe5991088f8ed8e28fd8d3625b203352
global_step=424992 | return=-100.04 | steps=59 | track=d441c7a6d36ac9a2ef09967bbeb8f766
global_step=424992 | return=-119.64 | steps=102 | track=9a3945fc3cbe1a67464cf82a434f47ac
global_step=425168 | return=-149.19 | steps=130 | track=6cd2bea924448907d6a2c8d3074bbfd4
global_step=425216 | return=-135.21 | steps=131 | track=8ee4b21cc53a5b78baadb8181462d268
global_step=425376 | return=-29.62 | steps=216 | track=6a52c2cf83015cd1e4e5795214480834
global_step=425392 | return=-5.27 | steps=67 | track=ff4195111b0c271806a04dc376ad8e6a
global_step=425424 | return=-115.41 | steps=276 | track=53bfa964af10e93e91a884ce844cc1cb
global_step=425744 | return=-95.17 | steps=152 | track=2dd5947a2844f170f59d75969070d0e9
global_step=425952 | return=-124.73 | steps=131 | track=e2d60b5203d717e59283b6b1e514d09c
global_step=425968 | return=4.98 | steps=66 | track=a4120c322943af58dfd729d44d09b825
global_step=425984, SPS=73
global_step=426016 | return=-150.49 | steps=131 | track=117ffbb672a91266b235a047725300a0
global_step=426432 | return=-147.45 | steps=131 | track=e12a7414335959e973fd575173c9d47a
global_step=426448 | return=8.19 | steps=65 | track=2425690ff18e469cf73aa382d5f87519
global_step=426512 | return=-77.42 | steps=94 | track=9f8bc77a6b96d98735ea613c5c854151
global_step=426816 | return=-133.50 | steps=131 | track=93274020f8dea87f9cbfaf46362c614e
global_step=426928 | return=-70.89 | steps=135 | track=7d95267d133d2f715712e991848bf5fd
global_step=426976 | return=-34.45 | steps=76 | track=ece2264d7834361a17ad386c5cf1f842
global_step=427280 | return=-140.94 | steps=131 | track=863632b9d8914fd0d4aec36424fd9af8
global_step=427328 | return=-122.40 | steps=131 | track=66dd18a9b8dbe154442ef29efd615cb8
global_step=427456 | return=-74.11 | steps=169 | track=4beedf7bc054d6b52bf1f800ea876d1f
global_step=427488 | return=-136.11 | steps=131 | track=8a8c29f8ad90d2664639c76e8c5b48c7
global_step=427504 | return=-98.45 | steps=129 | track=b742da8f30280c62f6150e554a8ede13
global_step=427744 | return=-184.43 | steps=171 | track=ed7857f7385681c19c8423cdf1abfe68
global_step=428064 | return=-125.31 | steps=131 | track=62b209c488c02a5dc8648d2d37df8d5a
global_step=428080 | return=-134.01 | steps=131 | track=c5666a1ef7844d2eda1d606a63d328e4
global_step=428112 | return=-84.39 | steps=48 | track=ede553ac3f223f89a7e02b533a017b22
global_step=428160 | return=-221.61 | steps=232 | track=dbc0ee47bbf80678d4d581026a0013bb
global_step=428336 | return=-72.76 | steps=144 | track=5293027b94ad860ce3a4f219af04c3fc
global_step=428496 | return=-5.21 | steps=64 | track=e17fc93d4d98c2a8582b72bb4c76f9a2
global_step=428528 | return=-143.03 | steps=130 | track=9309d38dbd26629e121a7054f32583a0
global_step=428560 | return=-140.10 | steps=131 | track=e36011682567542308d99b8489491039
global_step=428624 | return=-144.76 | steps=131 | track=98cb8b38ddb7ad0a8af224d1a90898b0
global_step=428928 | return=-151.06 | steps=131 | track=476accade4e5286311bb989266af5f1d
global_step=429088 | return=-109.81 | steps=131 | track=6b9adf2b21a9aed4b0fda89cc6fe0c05
global_step=429232 | return=-126.90 | steps=108 | track=b74f64a2b62615b56a465d59d93db36f
global_step=429296 | return=-147.86 | steps=147 | track=7233fdac88abbac40de4612815a5b7f9
global_step=429312 | return=-72.71 | steps=60 | track=094e50a0c8caa39b187bdd71e6dd19b4
global_step=429392 | return=-142.00 | steps=131 | track=ef4ea15ec49b32ac9875aab3ccacc09f
global_step=429488 | return=-70.06 | steps=57 | track=1656d94d95112977360109e150e4a739
global_step=429600 | return=-110.61 | steps=130 | track=8b43c4c76157aa2b13c9a123dd2eb5d3
global_step=429616 | return=-106.78 | steps=93 | track=bfc01478e85bc66c5128d33e90a08a81
global_step=429840 | return=-147.17 | steps=130 | track=ecdebea04bbdc3f946dd6b6a4792dbf6
global_step=430192 | return=-140.63 | steps=131 | track=3d703eb54366018bed31d33f471800af
global_step=430272 | return=-137.96 | steps=131 | track=6222225fbcf2bc6f21bdd871bb38c28c
global_step=430432 | return=-29.48 | steps=93 | track=173f5a86bb4117108a1de469e21f13c4
global_step=430576 | return=-16.21 | steps=73 | track=07bc31a07108bc50920959916401e05c
global_step=430592 | return=-144.31 | steps=130 | track=4d5bec76df6dc38f8f7f52d426629d86
global_step=430640 | return=-139.56 | steps=131 | track=023e4d697e854bb8d36ea84e410140ef
global_step=430656 | return=-149.70 | steps=88 | track=bacfbb6ab9df296a1a413b00603ea6eb
global_step=430736 | return=-142.70 | steps=131 | track=278077218388daee46abe777e512a5c9
global_step=430912 | return=-94.87 | steps=100 | track=0e09d14efb99f9d361febecb42321587
global_step=431184 | return=-150.30 | steps=130 | track=a7f4dedd35e7ffc21feb3d75677cdf1d
global_step=431424 | return=-125.71 | steps=131 | track=57a61c9359845de1a0ef835d077eae75
global_step=431488 | return=6.05 | steps=65 | track=643a88219968d1023e6cc7aeb04e909a
global_step=431600 | return=-143.23 | steps=131 | track=2cf5f2247871416188f38b2dc93ef072
global_step=431712 | return=-148.47 | steps=131 | track=35ac3a8a4138e7de6ecbad4debba1ed7
global_step=431728 | return=-138.21 | steps=131 | track=25bad4f91a68b345e2c1f0fa4c79352c
global_step=431872 | return=-16.09 | steps=75 | track=ff39c001f6075cfdef603d2dc0cf7c25
global_step=431952 | return=-106.30 | steps=131 | track=ab748c2db54dc37baa9666dd427114de
global_step=432272 | return=-113.60 | steps=129 | track=dd823a792c92599d13e0d28da2e55ca2
global_step=432384 | return=-137.53 | steps=131 | track=663274c30b75a24e9ea3d64bac9fca76
global_step=432528 | return=-12.74 | steps=49 | track=747ba89c6ef1e2e4969b440765a26d35
global_step=432688 | return=-131.92 | steps=130 | track=c3c6dd566ec49bea72b5d4b22041f041
global_step=432704 | return=-107.80 | steps=132 | track=570f85a7cc0c69b7b2fb13d2208e3675
global_step=432752 | return=-143.04 | steps=131 | track=217c76c6cae1da9395236990b2234b4c
global_step=432848 | return=91.35 | steps=298 | track=9bb926d29788833602ba316c56c7a515
global_step=432992 | return=-117.80 | steps=129 | track=3312a88007045ecbb6e411d8e6c84b9d
global_step=433024 | return=-103.79 | steps=88 | track=39d7034f4cc813a1ccefa658e1290b3e
global_step=433168 | return=-104.22 | steps=151 | track=dbcef800d90e48f3733d17e3d38e4101
global_step=433216 | return=-50.01 | steps=42 | track=d44a67b5d92914c1f1f2c8ff932fd828
global_step=433280 | return=27.37 | steps=87 | track=dc2b10177572f0c4384430d305d901d4
global_step=433296 | return=-142.20 | steps=131 | track=979ac0f058c4d0dc3fb722a754f48020
global_step=433536 | return=-138.63 | steps=131 | track=4d574d679af10ca8bf68178e07e15696
global_step=433600 | return=-148.09 | steps=131 | track=6664c67b7a9a42ea443d7e0db4821e68
global_step=433808 | return=-150.94 | steps=130 | track=a1a1f93654477ff3bb17e59f0073ca56
global_step=433904 | return=8.46 | steps=65 | track=947bfb914be8cf956b017198de7f8478
global_step=434064 | return=-129.52 | steps=131 | track=19f4c7671d1a8d30b7cac0e7d73d36c4
global_step=434080 | return=14.07 | steps=67 | track=40b455d3c5108784131a7e24a4b19996
global_step=434224 | return=-24.78 | steps=62 | track=ecdbee6ab704419778ff59fbfdad9657
global_step=434368 | return=-134.36 | steps=130 | track=90640ab3515d457bfeac58856518195e
global_step=434448 | return=2.21 | steps=71 | track=e1cd0eeb2a3c933d2411cff6377bf519
global_step=434480 | return=-72.24 | steps=58 | track=61bc759dc4de7c23d442cbe6ceee5628
global_step=434480 | return=-142.30 | steps=130 | track=1a02070448939e8a6f242330b2068409
global_step=434864 | return=-146.90 | steps=131 | track=bc9dfbfbd1ce0a3026862953d5bbe1a4
global_step=435136 | return=25.12 | steps=66 | track=02e2b21391d7454dcdc77de60c37637a
global_step=435248 | return=-113.46 | steps=102 | track=8a715456368ff0d2c8f0a3094fc371a9
global_step=435280 | return=-148.91 | steps=131 | track=390f4697df09daad2736c5ad987e640d
global_step=435328 | return=-88.16 | steps=143 | track=aba1415af3b56d2b394cbabcbfd48269
global_step=435392 | return=-145.51 | steps=131 | track=c1e4a07fb914973f8dbd180fd5d9b1d0
global_step=435744 | return=116.48 | steps=190 | track=eb18e6bc34788647d44693d2c838a388
global_step=435776 | return=-126.33 | steps=191 | track=3d7e7cb5842eb7ddd20101bc6cb79351
global_step=435920 | return=-146.14 | steps=131 | track=bb1d896e8d8a10ff5547f9641df17785
global_step=436016 | return=-127.30 | steps=131 | track=24146106aada1da01450f841a82299c8
global_step=436176 | return=-130.01 | steps=130 | track=d20ca12bd99dd59f9c0b872445328a7a
global_step=436336 | return=-144.57 | steps=131 | track=29bae477d01937bb866ab11621fba2cf
global_step=436528 | return=-16.92 | steps=79 | track=cec971a131fa96e6a7880bfb1b2c8515
global_step=436528 | return=43.98 | steps=86 | track=3d59124a8bf2965f856c8674acbcc58e
global_step=436576 | return=-147.08 | steps=130 | track=0362a87b7cc99a437e1600eec78eb54a
global_step=436608 | return=-105.08 | steps=132 | track=b21f9189c2d9c4bdf1c16d64366e8966
global_step=436896 | return=-76.67 | steps=157 | track=3851a970ab8f6f670fa6d30170faa6b9
global_step=436976 | return=-147.36 | steps=131 | track=d1f83b0cb06cdf6ce0b59441ac282c25
global_step=437008 | return=-26.62 | steps=159 | track=b5ac5b6aa8eb5d8781cd27331a95405c
global_step=437296 | return=-67.67 | steps=42 | track=159624a58ef8cda51a1c739e66cbd194
global_step=437376 | return=-110.51 | steps=130 | track=e2f2ced72b68bf4026817242dd236031
global_step=437488 | return=-73.31 | steps=91 | track=8885f8079e83ba006a00d92801a0b542
global_step=437600 | return=-8.71 | steps=66 | track=18aace9a4acb9c877e2b5d2c884c38a9
global_step=437648 | return=-117.93 | steps=140 | track=b85929e47ab74dc43f9e3ceb2f40ea21
global_step=437840 | return=-140.11 | steps=130 | track=1114b6c1cf989f3be1f638111a739637
global_step=437888 | return=-139.56 | steps=131 | track=733f6ab5c0cff1465eacc7d7937f263d
global_step=437968 | return=9.48 | steps=66 | track=ddee50eada99473416e002314b798f8e
global_step=438032 | return=-147.45 | steps=131 | track=ce955502ae52059156e5fdebd6aa90f8
global_step=438288 | return=-146.59 | steps=131 | track=48647afe0e10cea8bd8446beba72e335
global_step=438560 | return=9.31 | steps=66 | track=8c0c808f79ff21b4ba2e80b83647a436
global_step=438624 | return=-134.98 | steps=130 | track=a6de7622004dd3971aeb4541a185ef4f
global_step=438752 | return=-96.95 | steps=90 | track=d500d75ff8880ebf11291195a32d28ab
global_step=438816 | return=-47.07 | steps=154 | track=c71a06e6bf42725697ca4c7fa773a3f0
global_step=439120 | return=-141.28 | steps=131 | track=f6f4f77e555a411175ac028cb63e5052
global_step=439296 | return=-141.13 | steps=144 | track=1b338f83c999d2133b3a0e2bf6d8b2e3
global_step=439520 | return=-67.91 | steps=47 | track=8fee653a5646a37982a3e7f61b333f58
global_step=439744 | return=-153.71 | steps=130 | track=afa7a8b17e1e25f657784afb6f86bb7c
global_step=439968 | return=17.27 | steps=71 | track=f7406402cf2fe83e187aada474574109
global_step=440000 | return=-144.57 | steps=131 | track=591ce8aab69890673e143f45c6ed0e5d
global_step=440080 | return=-152.78 | steps=131 | track=361b3fa5e41351ce08b40db93aaac4a9
global_step=440144 | return=-132.88 | steps=131 | track=759915ce6b4e436b1308b9a1d11007fa
global_step=440176 | return=-104.96 | steps=224 | track=ca3ef080de3ba46b146e50ab7ed99bd6
global_step=440400 | return=-137.47 | steps=131 | track=b29333a011889c05290cbd5a82aa03c6
global_step=440496 | return=-55.80 | steps=46 | track=38a7ef1c32b08f1ad30d13d4bd737c46
global_step=440592 | return=-175.26 | steps=186 | track=73f1d7e91323eb440f2fa67d66747464
global_step=440592 | return=-247.51 | steps=328 | track=b105a64fe1d5f7951505125873b05020
global_step=440656 | return=-146.38 | steps=130 | track=f0cbc68f0a878da7995fd346b8d5a43d
global_step=441136 | return=22.64 | steps=100 | track=28a63a0be962d57e8dd152b138147141
global_step=441152 | return=-26.47 | steps=73 | track=c557fb17d624648522c8f964a94d1b54
global_step=441168 | return=-72.85 | steps=41 | track=81ccde91710be6d2647b0112a25ee44d
global_step=441232 | return=-140.29 | steps=131 | track=85599101def73e30f993e5851de4f85a
global_step=441616 | return=-121.45 | steps=144 | track=dbaa312e486a6907ba6d1de65b582e28
global_step=441648 | return=32.75 | steps=65 | track=4e92cdeca043f369b9d0e55c5e66b61f
global_step=441728 | return=15.83 | steps=66 | track=c3a72c1281378f71822e920658eedd9e
global_step=442112 | return=-141.04 | steps=131 | track=fe1ac0e819d4866f6da36f1818040049
global_step=442176 | return=-143.85 | steps=130 | track=c901232667dd056649e4a5fde31fcb67
global_step=442256 | return=-140.83 | steps=131 | track=57ef0aaa3b86b61064a86e9437f0373a
global_step=442304 | return=-42.41 | steps=72 | track=c2f179d764a4bd8dc46a190c4e04f9eb
global_step=442368, SPS=73
global_step=442496 | return=-248.28 | steps=290 | track=1064669a04578f8334700ec47d240e31
global_step=442512 | return=-126.60 | steps=131 | track=0f75419dd7e1eca2b18e7bd1411db960
global_step=442656 | return=-41.09 | steps=154 | track=148813a592d7189c5ac3348a28c8dce5
global_step=443024 | return=-207.40 | steps=274 | track=551324a3f246b2c5b4972f979afe9896
global_step=443264 | return=-140.13 | steps=131 | track=11571605b83164fd9dfc125927795850
global_step=443280 | return=-141.51 | steps=131 | track=ba623fc1d7c1c0996986eebea5c7c351
global_step=443344 | return=-138.96 | steps=131 | track=c872b3091c434e14bf3c7404a357b90c
global_step=443488 | return=-192.21 | steps=381 | track=05cbf56f90fda1fdedd35fb0de03a497
global_step=443760 | return=-145.31 | steps=131 | track=c3138905db0180108fb08f74e32bbf17
global_step=443760 | return=-104.84 | steps=197 | track=67522262f91a80f3a753115511e4a3b7
global_step=443984 | return=-119.34 | steps=104 | track=f16b963f7255208546a8499eb65c5d69
global_step=444080 | return=-102.39 | steps=146 | track=4e67dfb28babfde391deae3fd826fee8
global_step=444144 | return=-122.17 | steps=101 | track=575375b41c12a25c426598061a9d52c8
global_step=444224 | return=-141.52 | steps=131 | track=dda1b51f65cdac4636b3d87da78eab00
global_step=444288 | return=-126.83 | steps=131 | track=fd69dc739e4df2f91b3387b96e119d00
global_step=444528 | return=-1.32 | steps=78 | track=fe0c6999c2ec8bfd511734f738897b09
global_step=444576 | return=-94.04 | steps=184 | track=1bf708eba2dc7a9bfeff7d2f2855ccb8
global_step=444592 | return=-123.60 | steps=130 | track=1b3481c4a9f7632027dcf70b4e96c7f0
global_step=444736 | return=-13.24 | steps=60 | track=914aeb9cd7a6c1aeafea48cc1509e48a
global_step=444768 | return=-153.88 | steps=131 | track=84df818e44ee95ae4d63e489d9f028a3
global_step=445120 | return=-158.70 | steps=130 | track=bc33992a658e1d50d11deaa4713c94f5
global_step=445120 | return=-120.26 | steps=110 | track=1e6d56714b85682398b0bbdcc6053604
global_step=445392 | return=-154.55 | steps=131 | track=0bd2590b7285f56e9f0192d5ccc79863
global_step=445600 | return=-158.32 | steps=131 | track=218efe4ef297e7ae24716e523ace4699
global_step=445728 | return=-120.87 | steps=108 | track=1f5e5ec9f9333688fcac4c7fcb1e66fb
global_step=445872 | return=-145.86 | steps=131 | track=3f0e054ede96a05a3e400bc7d4287674
global_step=446064 | return=2.19 | steps=91 | track=8b87062302edd1af5495b049391498e9
global_step=446112 | return=-110.32 | steps=126 | track=5bbe3132c71b5b5e66c6492974089815
global_step=446208 | return=-62.75 | steps=128 | track=2b5a14d94bd5d3e77a2da6b503373da5
global_step=446256 | return=-16.84 | steps=70 | track=9daa7cfc45e69bc56b5d57c3a03b75cb
global_step=446320 | return=-141.46 | steps=130 | track=72a93790e42668fcd0ba2940c3922b59
global_step=446336 | return=18.22 | steps=99 | track=4596212cfdacc03bc5a6b5b70b6abe11
global_step=446400 | return=-139.18 | steps=131 | track=18bf1044aa74731107704c346d9b4785
global_step=446496 | return=-120.32 | steps=264 | track=3c769935e21348c51a6310fd589651c9
global_step=446688 | return=-145.14 | steps=131 | track=5c53a60b149f37b31fd052fee2e596fb
global_step=446704 | return=27.74 | steps=98 | track=89a77be38d036c9e843bc7289dc766e5
global_step=447504 | return=-153.15 | steps=131 | track=7f591b0569bf1b39292c30cb3d3965fb
global_step=447520 | return=-26.03 | steps=73 | track=10e85400afc92eeed19ce181349da92f
global_step=447696 | return=-105.82 | steps=89 | track=bb031da41d94e0005b8bad56ec84e241
global_step=447760 | return=-44.20 | steps=78 | track=22c6eca0a9013fc26ededac837fc4cf2
global_step=447824 | return=-148.99 | steps=130 | track=0a1eeb9cc97e7e5c4befd00a0f343636
global_step=447872 | return=-63.37 | steps=91 | track=6abe73adbc8b459518bf89f349ca0962
global_step=447984 | return=-135.49 | steps=131 | track=dfc6d059ea9daac182b500319a06a141
global_step=448000 | return=-135.10 | steps=201 | track=a0be657eedc920da751968956fc8e6a2
global_step=448176 | return=-135.10 | steps=131 | track=3b3ad756e6705f27ad8195f0f3ede881
global_step=448192 | return=-130.05 | steps=228 | track=2b24b7b8b491722a2882e0fbd162249a
global_step=448224 | return=-153.91 | steps=131 | track=277122fa9948e5dd7aa5f59b1b2c768f
global_step=448432 | return=-155.12 | steps=131 | track=26c8e78670c446b028cddc6358019e4b
global_step=448800 | return=-148.96 | steps=131 | track=57dc36be4371a14209bb5c2068d8e328
global_step=448912 | return=-36.19 | steps=67 | track=9e11dbeba997517bc076f7a646835914
global_step=449008 | return=-158.16 | steps=143 | track=2e3ff10c5258c3f036efbab16c1f357c
global_step=449312 | return=-27.67 | steps=100 | track=49aa62863952ba2d5fbb3c34161db584
global_step=449328 | return=-197.01 | steps=232 | track=de672323b41a8bab46dd88c6c8cfdb85
global_step=449616 | return=-141.86 | steps=131 | track=d2886cd7027f5c1793af6708228f65e9
global_step=449632 | return=-141.56 | steps=131 | track=41b7238c82738a61f9a7bf8988f23e16
global_step=449632 | return=-112.34 | steps=89 | track=95257b8e2b577b0d6c36fce120ba3a03
global_step=449760 | return=-186.97 | steps=221 | track=babf23068d302bae79e8630c4f65f57a
global_step=449872 | return=-83.15 | steps=89 | track=671a4e5a564728560dd2f7b811f5436f
global_step=449888 | return=-50.22 | steps=60 | track=04f4036fe3461b04b16ae4dd898091ff
global_step=450080 | return=-117.79 | steps=129 | track=b35960e762b4cc66b49c6945b891c89a
global_step=450096 | return=-70.27 | steps=145 | track=d684a73ca3dfe485f3ab4181ab85c8f9
global_step=450096 | return=-162.11 | steps=131 | track=d11115a6ea50ebcd26c80675901de273
global_step=450288 | return=-145.31 | steps=131 | track=60161a01547ad32f36f7be0242b06b0d
global_step=450336 | return=-144.75 | steps=131 | track=8550011c8886975dc1b8799b793640b3
global_step=450528 | return=-72.33 | steps=47 | track=c0036ea3f10d47ffb7c35e2d99e4f224
global_step=450912 | return=-113.10 | steps=99 | track=d7c4e4d405df68293887e2789721933f
global_step=450976 | return=-74.41 | steps=68 | track=6ed73353bf6683a21a44481f2e3b72a3
global_step=451120 | return=-141.28 | steps=131 | track=3f746e47fd8eb290bda3469668ecfb72
global_step=451152 | return=-9.12 | steps=204 | track=d5137b06e1468bb49df4caf60a51237c
global_step=451264 | return=-13.35 | steps=60 | track=79ee83c3e08cf952b55d860fe8ac1da9
global_step=451312 | return=-113.66 | steps=104 | track=a9b6e23bec528b4f2ad616b3823d5574
global_step=451328 | return=-25.41 | steps=61 | track=a695b7f2058650cde176e10d9137c3bf
global_step=451424 | return=-32.41 | steps=163 | track=aee4d6da6728425cc495e816a2b04903
global_step=451440 | return=-149.77 | steps=131 | track=71644a27a48ca4e5044c35636fd12c3f
global_step=451520 | return=-77.92 | steps=118 | track=941ea57aa9d0967ac3021ae28c750c8f
global_step=451664 | return=-58.32 | steps=46 | track=3c97e4dcd67956b7ffcf588e71752eb7
global_step=451744 | return=-159.02 | steps=131 | track=a27e39faeaa1e9234b99de2d61d472e4
global_step=452000 | return=-7.26 | steps=63 | track=29df087c12c83cff3a469ebc8766cfe5
global_step=452128 | return=-19.92 | steps=62 | track=817f5402311d739d10189fd860f8a9f3
global_step=452208 | return=-142.16 | steps=131 | track=94b771973ae6600493d98e0848bdf919
global_step=452256 | return=-3.84 | steps=61 | track=db68efdb321c9e2b79dbe9fc4d8766aa
global_step=452432 | return=-90.28 | steps=145 | track=edbe272f9967801a5b13b73eb69983fc
global_step=452480 | return=-133.65 | steps=149 | track=6709f7331103bc03437e72cc4f2651ae
global_step=452592 | return=6.47 | steps=66 | track=8dd59c9c179ad36f3571f428fd871ad2
global_step=452640 | return=-143.62 | steps=131 | track=3364ea2b4e4bdb93539b6fd0b3e04d29
global_step=452800 | return=-59.27 | steps=41 | track=17fa6d2ae16f928416b05d189e5a2160
global_step=453008 | return=-89.88 | steps=49 | track=2e827b19bca8ef512342748544e13dff
global_step=453040 | return=36.03 | steps=196 | track=6ae60d1434c274a5c6183b1fd6c56ea4
global_step=453136 | return=-126.12 | steps=113 | track=69b196d6f03327ed3e2c8d6eae4c05c1
global_step=453440 | return=-137.38 | steps=131 | track=dadd2b7954e3221858e4a7fd07df62c3
global_step=453536 | return=-141.15 | steps=131 | track=d154b2a039e01fa528369b91a6d30fa7
global_step=453536 | return=-152.87 | steps=130 | track=a9f4e423994a1840b71c9f2c76a4133a
global_step=453648 | return=-32.50 | steps=155 | track=096fa461232eabe623040918d23ab42a
global_step=453776 | return=-122.21 | steps=110 | track=aa61df0de88e3004745141cfe0707469
global_step=453776 | return=-149.91 | steps=131 | track=5fa583689618c4baec58b431977c2414
global_step=454320 | return=-50.26 | steps=160 | track=b08ae85e87df2c1bb505f2cb7c432337
global_step=454544 | return=-157.97 | steps=131 | track=21d08b6ffc56192e4de8d6adb6de1ae2
global_step=454592 | return=-152.35 | steps=131 | track=ac09ec6b59731feec98b7290d18aa0d9
global_step=454704 | return=-146.90 | steps=131 | track=ce8ee66f1a0f4de03caba189a8767bc7
global_step=454752 | return=-142.61 | steps=131 | track=141765d8ca4dc02835361434e8a6d285
global_step=454896 | return=-148.99 | steps=130 | track=4f3d7943eaf7114f109feab21f89669b
global_step=454928 | return=49.44 | steps=71 | track=57fc415cc8072caafad1661443fcfbb9
global_step=455104 | return=-147.99 | steps=130 | track=ae80208dd222389fa2c68dd0441d1e3c
global_step=455152 | return=-145.14 | steps=131 | track=6c6aad192f5b44c3b95c4c1b14d27f2e
global_step=455216 | return=-104.37 | steps=184 | track=c2f2e1fa41081f842721c46146b984a4
global_step=455232 | return=-122.09 | steps=130 | track=f2e57e0b3ae8bec76bb0623f74af5062
global_step=455648 | return=-167.59 | steps=131 | track=72e7cd858553c833fadc2aa0d5eaff8f
global_step=455760 | return=-139.89 | steps=131 | track=2acb9837e44243a15b1dc195146dbed9
global_step=455824 | return=-70.51 | steps=44 | track=efc80918071cb4204447d9b22dece956
global_step=455872 | return=-147.98 | steps=130 | track=c33b03b51d4cd06e61f4c33eaf47ea96
global_step=456256 | return=-75.51 | steps=93 | track=5d8cd38530458929cca98039f00d0ea9
global_step=456400 | return=-144.45 | steps=129 | track=5c3bac4dcfcf206f06939093cbbea6d8
global_step=456656 | return=-143.04 | steps=131 | track=17ee2f092f726db6287bfeb4691dc24d
global_step=456688 | return=-119.35 | steps=109 | track=61936fdfe5faafd96be05e856bb05000
global_step=456704 | return=-143.04 | steps=131 | track=473c4dfd9ba40d0bb94b4fb6763148dd
global_step=456816 | return=-140.60 | steps=131 | track=558c40853a18ec3f63907491e6b850b6
global_step=456912 | return=3.66 | steps=67 | track=c2c39a4c1a115d2a77302b6bc1a2fe4f
global_step=456960 | return=-102.37 | steps=219 | track=a1686529bce1b0f896f02d1f6f6b8e3a
global_step=456992 | return=-135.14 | steps=130 | track=95c36e46efd736a83d40957210b77f4a
global_step=457168 | return=-64.61 | steps=47 | track=63f80d32b513b1d62a9a3f0f21a1f315
global_step=457312 | return=-27.36 | steps=65 | track=dc4dadfc412d04f07fc2dec14d6d5685
global_step=457328 | return=-140.65 | steps=131 | track=ec755bbfb6316aafca6490d31fef2a95
global_step=457344 | return=-138.70 | steps=131 | track=0f48140253e94768dfe32b5a829eb54e
global_step=457888 | return=-140.35 | steps=132 | track=665ee180e78053a118aa10625c348720
global_step=457968 | return=-149.58 | steps=130 | track=bcec9f55f8cd52cb6e494675c6e9dac1
global_step=458096 | return=-185.28 | steps=183 | track=a7cc1deb52340c136ec7f493458fe5fe
global_step=458512 | return=-38.76 | steps=72 | track=59333579e64fe312e9c4e7becc5e41c0
global_step=458752 | return=-68.11 | steps=48 | track=c2e6967a5d2b682732831da63acd8cb4
global_step=458752, SPS=73
global_step=458800 | return=-147.10 | steps=131 | track=c32f0e4fb9d3b7c26466330ff1861f62
global_step=458800 | return=-106.46 | steps=92 | track=c4e67565cc06fd94f9cb16bd2bbbf253
global_step=458816 | return=-138.84 | steps=131 | track=c90c592f22c7e1ffd9478a75a0f4ad70
global_step=459008 | return=-149.89 | steps=130 | track=2cc43bcab6b7f7504d60701b7da3957d
global_step=459056 | return=-81.94 | steps=139 | track=9fff9d183430232a7db5124154ec1c88
global_step=459072 | return=-136.11 | steps=131 | track=99435c37c2fc9c69190eb5ab008a9233
global_step=459280 | return=-154.26 | steps=131 | track=2b32081bf0d18a64b4fbb47ca1f5764a
global_step=459440 | return=-129.75 | steps=131 | track=47df7f815ec60374e10a94f1674ad5e0
global_step=459648 | return=-25.21 | steps=381 | track=16671654676faef8f6dcdeb52a28abf3
global_step=460000 | return=-143.78 | steps=131 | track=ab865fa96051296efb51e1814ce6f625
global_step=460032 | return=-67.71 | steps=46 | track=91f521c893a11bcda23b0c43f1ecba58
global_step=460080 | return=-55.17 | steps=82 | track=e2fb4cd8a62b326af8ab35b3a7ae328f
global_step=460112 | return=-85.18 | steps=194 | track=be3bbde12ce39995784f8646bd3238b6
global_step=460208 | return=-138.96 | steps=131 | track=7ad9e153ef8a321ea5635dba27c8dadb
global_step=460544 | return=-181.83 | steps=305 | track=cab2c0f07335fccb31fc23c430f991e4
global_step=460544 | return=-62.93 | steps=95 | track=e557b3dcc58dc92e5a94f5e85dd824f9
global_step=460896 | return=-156.37 | steps=130 | track=119e170ce0855aec452c7701dfc48963
global_step=460912 | return=-141.98 | steps=130 | track=38cbc2eedf9423200a1c919c5faa2482
global_step=460928 | return=-25.47 | steps=115 | track=5a1c7d09403eec6b08cf29e4870404c5
global_step=460944 | return=-55.34 | steps=133 | track=d7d8de4799fa1c94bb54628295e24cdd
global_step=461168 | return=-139.41 | steps=131 | track=af371f6c981ad4cc9e5dad69c45bc7c8
global_step=461248 | return=-174.24 | steps=286 | track=dff3b0490c15ca86678316a057dd36ff
global_step=461408 | return=-67.46 | steps=82 | track=b3c2d5e184112bfbede114f0800912de
global_step=461568 | return=-24.42 | steps=63 | track=dd235bf1bfa92712f199b11d3e535587
global_step=461712 | return=-96.03 | steps=141 | track=c74f70f364beafd087da584fd0dc04bd
global_step=461760 | return=-146.60 | steps=131 | track=62d32c576e382cc7e31276d027d5ccea
global_step=461872 | return=-54.53 | steps=57 | track=355c73a0abd065f1bd90cdb76a49c979
global_step=461968 | return=-1.95 | steps=66 | track=fa967ac55563cc0626eb3b3109798763
global_step=462112 | return=-135.26 | steps=131 | track=9e8816b3c7725347f5c2bbb7e8bbbdbb
global_step=462128 | return=-143.54 | steps=130 | track=cecc7b08101c07d16f4a130508d344ef
global_step=462176 | return=-47.54 | steps=47 | track=e89c924948fbb62f10c7d986aa9dfc6d
global_step=462224 | return=-136.11 | steps=131 | track=389217dabdcb09ce6532edbd62a6702b
global_step=462304 | return=-157.58 | steps=130 | track=ef02de484452d987c3c330fc8710ab4f
global_step=462720 | return=61.20 | steps=262 | track=3cdff41dacca30c9f807fa5a1a3d1516
global_step=462896 | return=-109.20 | steps=102 | track=b5838be38297793e588dec6d534f2ae3
global_step=463008 | return=-136.61 | steps=130 | track=3273ccc06117eb43a9a0a55b43243f31
global_step=463040 | return=-149.34 | steps=131 | track=8d888d1c670a7940bac7be132fe11614
global_step=463104 | return=-7.67 | steps=61 | track=668e7ccce7f7e70ad0cc139f0cc730d6
global_step=463264 | return=-172.89 | steps=169 | track=94fae178f346a1f0650403e39a0589e7
global_step=463264 | return=-153.74 | steps=130 | track=e61b074d7c8a66157e7e35f606e257cb
global_step=463680 | return=-142.51 | steps=131 | track=505c1082dccf237d95818738e6bce173
global_step=463760 | return=-69.86 | steps=44 | track=167091089d3380f7b90368cbf0d97994
global_step=463808 | return=-146.53 | steps=130 | track=52ef9f2c3867adbb0b3ae6c601c32a49
global_step=463872 | return=-146.86 | steps=131 | track=c00ed9bb9d996b3558823f8745388e7c
global_step=463984 | return=-150.35 | steps=131 | track=4f8eed6a9719d07e992ef1e0b088c0b9
global_step=464080 | return=-149.53 | steps=131 | track=7f18fcfcd1f2399f9d44c5678be0475b
global_step=464240 | return=-148.70 | steps=131 | track=f90375eb38119a41e93cfccbcba93729
global_step=464288 | return=-128.09 | steps=131 | track=344813d30a627f35993ed0886935fc52
global_step=464336 | return=-120.33 | steps=131 | track=d69cec53ff19fc24620f1d4e08223c3b
global_step=464416 | return=-145.06 | steps=131 | track=8fcd28f57850adbd91fbd8b31800d220
global_step=464448 | return=-10.85 | steps=73 | track=b925333aa66ed0df77c394befd0140d9
global_step=464496 | return=-45.88 | steps=92 | track=db20cb432597a5ddcc17c67a0e8b0732
global_step=464880 | return=-42.56 | steps=74 | track=fc86f6b4a03aa75a368333a6726eff63
global_step=465008 | return=-154.11 | steps=131 | track=7f0f70e7747d1d4d2e81e90163d148e0
global_step=465040 | return=-9.67 | steps=65 | track=5c16756f86b613f6fb8da74257e47f26
global_step=465104 | return=-62.46 | steps=42 | track=a9c8f8b1173476adf20b9c534d7df2c8
global_step=465376 | return=-158.56 | steps=131 | track=49d89f5c442f61cc8ab69087cef88f20
global_step=465600 | return=-38.01 | steps=155 | track=c3b406a62c35ed4b7bd196594f5a247d
global_step=465872 | return=-105.36 | steps=131 | track=28b3eb2a72e91a4112e7f1dabca07aef
global_step=465920 | return=-141.99 | steps=131 | track=62cc15c0dc48ea28ee2d2c730e40c711
global_step=465968 | return=-172.12 | steps=202 | track=3009c99fc2d006f7d936047342dfcfce
global_step=466192 | return=-147.58 | steps=131 | track=605460622e5c6434dbe1c61cd93068d2
global_step=466224 | return=9.74 | steps=69 | track=4179de397b0b98966fbd188bc64d2c98
global_step=466400 | return=-138.84 | steps=131 | track=f8b963adc7e055177481e6e38269faf8
global_step=466448 | return=-144.00 | steps=131 | track=0e5254341b95c11e6324370093430a2b
global_step=466544 | return=-146.18 | steps=130 | track=e2cfbead7723700425ca2fde874449d9
global_step=466608 | return=-152.07 | steps=131 | track=659c6cf01bc0d5c872e0fa8b9b90a082
global_step=466672 | return=-116.80 | steps=101 | track=b88b694c32b33b53f446dc89b6b77bd8
global_step=466976 | return=10.55 | steps=68 | track=b025d36be3473f4f651c8beae840e93e
global_step=467008 | return=-115.10 | steps=101 | track=bdcd7a5bc785ccb8596039b6ac09daee
global_step=467120 | return=-143.89 | steps=131 | track=6e2f769298826b9291fb48f0bc30896b
global_step=467440 | return=-83.91 | steps=64 | track=c6297041b59dda7cb60a4c7197937431
global_step=467504 | return=-201.36 | steps=226 | track=401896dd601760092a7da7c3e6b0e220
global_step=467520 | return=-111.62 | steps=80 | track=747ab974d949e7a1c5041d3323052b75
global_step=468080 | return=-139.63 | steps=131 | track=58c2d1ba5638f224364dc80ae5de5f82
global_step=468144 | return=124.66 | steps=105 | track=0a18d1d04fdd727eb4da65541cc7e275
global_step=468432 | return=-11.15 | steps=61 | track=2ef5063e7596321c5e5990fbe520cfc2
global_step=468448 | return=-132.57 | steps=110 | track=d35b7f73a4db20c938806829db44e2bf
global_step=468464 | return=-83.03 | steps=141 | track=9c5c7d0492a814bad17059f9ba2e57a1
global_step=468656 | return=-145.78 | steps=131 | track=9aa279fe5e7aa6201d5357723c6a76ee
global_step=468704 | return=-240.33 | steps=278 | track=76cd53ec438bc0b2870f3d350cdc7133
global_step=468720 | return=-137.20 | steps=131 | track=6dc8fd0a02a87878f0f32e71f94ff3c5
global_step=468736 | return=-123.51 | steps=109 | track=671b03693ea8fd97869d702b73b48cc7
global_step=469120 | return=-142.61 | steps=131 | track=59d1fde8f67ba95dca5bf9bd8b2986d8
global_step=469152 | return=12.26 | steps=66 | track=ed62c7fcd1015a80d30bcae05155482a
global_step=469152 | return=-163.22 | steps=201 | track=a8026ffe3683d94c79fc15c2f3943766
global_step=469232 | return=-152.18 | steps=131 | track=e3ceb13a63d9092cd914b8b934e3125e
global_step=469264 | return=-117.78 | steps=109 | track=841a212e01662e55a73f47fc743ad9f8
global_step=469296 | return=-46.79 | steps=275 | track=08c7952abeac34252c2bf19187eef7e4
global_step=469632 | return=-130.54 | steps=131 | track=d7c6279ab51b1405611c46058f6734f6
global_step=469792 | return=6.87 | steps=66 | track=ef638380c5bf6b9d7d7d5f64c883bb10
global_step=470048 | return=-207.30 | steps=277 | track=ea7679589c6db1959a2038e0e32808fb
global_step=470144 | return=-99.71 | steps=89 | track=39bd085e47a04c9ac9fce6387f6d1643
global_step=470176 | return=-124.30 | steps=108 | track=2fd858abef69ce13f1ba99eacb4a3bc2
global_step=470208 | return=-119.55 | steps=109 | track=1f4010895ef059066c5d871ea8b106e0
global_step=470240 | return=-144.53 | steps=130 | track=bbcf60999b7b1cb5965f3ef9b0fb3ac4
global_step=470288 | return=19.51 | steps=65 | track=1cf2fc9e49e6187aa8c29e779dda5776
global_step=470576 | return=-149.20 | steps=131 | track=73f63cfe0bc59a6d8e93e4c49117d932
global_step=470640 | return=-63.61 | steps=92 | track=4d3ec49c52ebb0c884e7ccb4c98851b5
global_step=470768 | return=-148.15 | steps=131 | track=53752ed1d9ea8f22caa95a12378bd1c2
global_step=470848 | return=-137.75 | steps=131 | track=f8acb563ed14711e8f5d0885d35d7358
global_step=471232 | return=-144.05 | steps=131 | track=3c9d2abda9dbe6eb4442e86a523ed578
global_step=471248 | return=-163.54 | steps=130 | track=c66980bb4c720bb24a2d23fc28092654
global_step=471392 | return=-79.22 | steps=109 | track=2b880bef78875c9d24e58cd22af6d0f4
global_step=471424 | return=-37.72 | steps=77 | track=ef21cc4359097b14ddd496b9fcffa2a2
global_step=471648 | return=-12.74 | steps=62 | track=ec688891950af23912727e6e625c6728
global_step=471904 | return=-151.73 | steps=131 | track=19b493f6199820566d9fc7362f8ba683
global_step=471968 | return=-62.40 | steps=45 | track=cc87b91f3550b63c060da145352eb504
global_step=472160 | return=-148.91 | steps=131 | track=c6972a1ff1f07f00d831f01a9e9787f4
global_step=472256 | return=-141.15 | steps=131 | track=02dabac179b2d5fe1cbe6a2194ac1c0e
global_step=472320 | return=-156.72 | steps=131 | track=66d4e00a48c09595851441307f76c950
global_step=472352 | return=-77.36 | steps=93 | track=bd3123f12bfa692d018b2ee4d2836fe8
global_step=472352 | return=-135.75 | steps=131 | track=8be64f49745df3c9d149b5826cf2bd86
global_step=472400 | return=-147.03 | steps=131 | track=fcfd5f02d3b49ddaf06eac4757225089
global_step=472576 | return=-55.51 | steps=41 | track=415c95932d01d33ed092eb30a2074137
global_step=472736 | return=-199.26 | steps=214 | track=8b91490518ae960ae842f40eba1b3466
global_step=472784 | return=-170.31 | steps=219 | track=4db2a4dd16b1bebab636e7bc03579d8f
global_step=472880 | return=-162.51 | steps=131 | track=3fdcf07baf9ad8ff9b289b03a933df8a
global_step=473504 | return=-140.51 | steps=131 | track=ec42754e6cbc133c16ca2d9868c947fe
global_step=473536 | return=-132.58 | steps=131 | track=c4e7c4f341df9f368de4a75746e4d0a3
global_step=473632 | return=-17.36 | steps=55 | track=3252f8536790e161256ea52bc3875902
global_step=473760 | return=-140.37 | steps=131 | track=488185175c803f4b3e3b5b233faa2b45
global_step=473840 | return=9.91 | steps=116 | track=37a5089a38f1e9bb6d2598b803474060
global_step=473936 | return=-181.58 | steps=167 | track=13a748d6ba766548b069b6bd8766f2c7
global_step=473968 | return=-124.90 | steps=112 | track=c1cc94b968d7919f1c34558c1454ea6b
global_step=474368 | return=-148.16 | steps=131 | track=fe9ee2366b8fe7f32cfbfde4224178d4
global_step=474416 | return=-155.10 | steps=130 | track=cba407d7e1e2c68b6b032493d38addca
global_step=474464 | return=-146.29 | steps=131 | track=c32db1f4f056ff70d57fe1923e9e8a0c
global_step=474592 | return=-151.59 | steps=250 | track=95881185e95c122b91743386b9c4b4b4
global_step=474896 | return=-96.99 | steps=144 | track=ee890af4c1efa140aa5e075ab56aa63e
global_step=474976 | return=-112.87 | steps=89 | track=858aa3e022abdac7ff7d28518804079d
global_step=474992 | return=-149.94 | steps=131 | track=24e69a7e64b71162b831dd3d17df3b6b
global_step=475136, SPS=73
global_step=475600 | return=-149.20 | steps=130 | track=582d4595315a6bb3fa7329e00a2260be
global_step=475744 | return=-141.15 | steps=131 | track=9cf1fe757e9f353ed74c443e8ba854ac
global_step=475824 | return=-198.27 | steps=216 | track=36e806119ebd5a8bd366fd11be222a07
global_step=475840 | return=-141.15 | steps=116 | track=ba0fc6cd22ea6a207898360a30a662ee
global_step=475840 | return=-96.74 | steps=118 | track=7a481d3e998947b4abef6a4e0e403470
global_step=475952 | return=-140.07 | steps=131 | track=64f3d1d0f7d70691027b469bd725d2b1
global_step=476016 | return=-7.95 | steps=63 | track=dcba1ead6e071086d15eb7fccd06e506
global_step=476480 | return=-146.90 | steps=131 | track=8d2287c6ea0c7b7e694dad9319d0ca93
global_step=476528 | return=-140.80 | steps=131 | track=0dcd7d5425bb36534ba4546ea477179a
global_step=476704 | return=-153.11 | steps=131 | track=8f9d981ab458c115f1d203b207723ff7
global_step=476960 | return=-28.90 | steps=155 | track=0a3606064627fd3353e872d64cca929b
global_step=477008 | return=-145.99 | steps=131 | track=f94344efe2abd31e115140b9ec2ba93a
global_step=477088 | return=-138.96 | steps=131 | track=2c61f2d332187ded014ed368bd330fb1
global_step=477168 | return=-148.39 | steps=273 | track=102206b843e623713594284740788be0
global_step=477504 | return=0.16 | steps=63 | track=a97c717c7d6ac410aa23eb58b8f71068
global_step=477856 | return=-144.93 | steps=131 | track=44e680c7ab6543da75952076f5b039d6
global_step=477920 | return=-74.41 | steps=56 | track=3dda2575b94dbbf3bff8533eaa26adf5
global_step=477952 | return=-136.40 | steps=131 | track=67f7e777335916f2ee227e02973287e9
global_step=478064 | return=-113.69 | steps=153 | track=75daf03cafe814b9b0d962ef2f48fed7
global_step=478064 | return=-142.93 | steps=131 | track=1a11a4b1c42f44282ffe6e1127f0ae40
global_step=478128 | return=-131.50 | steps=131 | track=c26cfcf74224751d0868dd808ff384b3
global_step=478288 | return=-54.77 | steps=152 | track=3be1242a66ad97e4c3922531b2381792
global_step=478544 | return=15.25 | steps=64 | track=484335692314068193c3c2600744f5b0
global_step=478624 | return=-151.96 | steps=130 | track=31f22c42bbaa72305b1ae759d93b0688
global_step=478736 | return=26.13 | steps=310 | track=99d06ed09856ec0aaf0bf110c9fef904
global_step=478800 | return=-152.80 | steps=130 | track=016b2b3c881cd21b7727bf491111a177
global_step=478800 | return=-121.92 | steps=399 | track=850fbc55bb9cfc2cd191b4df1dc4d3cb
global_step=479184 | return=-147.35 | steps=130 | track=071602a3c848441e8b0e9650f7ceaca6
global_step=479280 | return=-145.35 | steps=131 | track=f05b3c557943fea2cc95d74a3139c03e
global_step=479440 | return=-10.85 | steps=85 | track=a70edce76088e1db9c9b4d60543a2882
global_step=479472 | return=-66.25 | steps=57 | track=2854739dc6c47a5af20f95fc272a2b09
global_step=479712 | return=-3.21 | steps=67 | track=a4477c70ec4dd3b19da76a7f21e3264b
global_step=479968 | return=-139.60 | steps=131 | track=de0937812ceeb7b0b3c977807aa71648
global_step=480032 | return=-128.38 | steps=131 | track=015393b2c6e72b2be535596aea6700ec
global_step=480064 | return=-145.71 | steps=131 | track=f7898b2346a33beef7c656f593216d00
global_step=480176 | return=-151.63 | steps=131 | track=35c5934d94df0b745aed67f34c1c147b
global_step=480224 | return=-200.64 | steps=203 | track=d3f3582e9b086d225458421551e9e79d
global_step=480352 | return=5.64 | steps=66 | track=760e0f86adc05c09910fe32a4db84810
global_step=480416 | return=-155.85 | steps=132 | track=88d0a658f6b97c34f15918fc11f2a789
global_step=480448 | return=-78.75 | steps=144 | track=d2bbfd97a58e4f02d2a036565d634f1b
global_step=480768 | return=-62.32 | steps=122 | track=2e5d1670e10197bf184963d6831ead90
global_step=480832 | return=-99.10 | steps=130 | track=56a8b0c75396d451279d6c4d267cdeb9
global_step=480896 | return=-102.68 | steps=130 | track=6689f4f478a227b395acff3dba07610a
global_step=481024 | return=-31.71 | steps=52 | track=368ab0c9534c5f7513c6183bae4cb499
global_step=481296 | return=-150.62 | steps=131 | track=4afefe1579742b6ea865a47ca308e182
global_step=481536 | return=-142.78 | steps=130 | track=16a39b8d6a97850923ca4fa9a25b89ed
global_step=481568 | return=-26.91 | steps=93 | track=d29f6a38c704a3371e278a744ea56c03
global_step=481584 | return=-135.36 | steps=131 | track=db3452188f661337c648408b08b1b28d
global_step=481824 | return=-108.68 | steps=131 | track=9f38b84938204e63a366f5b0cf9f5dce
global_step=481936 | return=-69.90 | steps=64 | track=b8864cebb67562dba42f2fe7326ac1c6
global_step=482080 | return=-144.05 | steps=131 | track=8261258e323a248fb887636bc7a0734c
global_step=482144 | return=-154.61 | steps=131 | track=7939563f3c0624a0138c801a9872a965
global_step=482336 | return=-149.91 | steps=131 | track=34e4828cfccf7071a56d7f0c5db73041
global_step=482464 | return=-121.15 | steps=131 | track=2604cfd5380b4491947091b199b0b5ef
global_step=482528 | return=-139.18 | steps=131 | track=10b988ff6f71ef3ab26620817f1b375c
global_step=482608 | return=-35.17 | steps=64 | track=179f04e9811db7656f0f702290c274cd
global_step=482656 | return=20.07 | steps=66 | track=02299fd5add21be8d9c3616a8e72ee1c
global_step=482784 | return=-79.87 | steps=145 | track=6cef4bfd0bd75f9541939ed8750a217d
global_step=483088 | return=8.59 | steps=144 | track=cf06fcf2965b365abcb7f9a206e313a1
global_step=483136 | return=-119.41 | steps=131 | track=0edb6fc009a6e6bdda922fe3b270bb13
global_step=483408 | return=-133.76 | steps=131 | track=d6d42792b324a024fbb07a57b8c034fb
global_step=483472 | return=92.61 | steps=164 | track=c4e96e7668ac88b2d6534a078155dabe
global_step=483680 | return=-8.22 | steps=63 | track=b20523ad147a65adb6d360d70511082b
global_step=483696 | return=-114.96 | steps=134 | track=5a9e1e225e8fb7cbc7daff48d2483d20
global_step=483856 | return=-32.91 | steps=119 | track=f36a8064c5616bb58f8aefc8b546aa83
global_step=483936 | return=-140.83 | steps=131 | track=2e9d3eba4a08d2b71fd6332fac24eaf8
global_step=484112 | return=-126.34 | steps=517 | track=a482232085c61b2e25ff96333b25235a
global_step=484144 | return=-150.76 | steps=128 | track=19ae5aa1dae0aa3767fa26ca3f0c5979
global_step=484256 | return=-151.54 | steps=131 | track=d1e161513ea4e08864827899602beafe
global_step=484432 | return=-38.44 | steps=63 | track=68711d195d3d27f5d64327f68740c2f8
global_step=484576 | return=-157.71 | steps=131 | track=983de6f62dffd0f62d002430675ea5b6
global_step=484640 | return=-154.64 | steps=131 | track=ec4161805285f632b1bf5a0b44d6492c
global_step=484640 | return=-87.96 | steps=143 | track=15fcba8fe8a09fe70bacf19d6d7b2d2f
global_step=484720 | return=-144.29 | steps=131 | track=177a697a0f2051d63fd478a134cb8b21
global_step=484880 | return=-138.70 | steps=130 | track=11058dfa13e4c90a2a961c3e76625976
global_step=485168 | return=12.66 | steps=65 | track=f0f4716c2717293522c1a7c1e9083ea2
global_step=485184 | return=-74.77 | steps=93 | track=ac619b4b97463e9583339b3073be631f
global_step=485200 | return=-141.67 | steps=131 | track=ff2012da9c9735422b5797741c21bc37
global_step=485248 | return=-150.44 | steps=131 | track=6e3841d703f7a9da7463a477a977954f
global_step=485248 | return=-28.47 | steps=61 | track=5a81b833900ca8cb29e30329394403d3
global_step=485312 | return=-45.57 | steps=45 | track=5c56c0edb7a6d9c5e6e67838bfa3f0ba
global_step=485776 | return=-75.25 | steps=143 | track=29a25139fcd4aee733068ab67de1c935
global_step=485952 | return=-46.86 | steps=43 | track=fafa8339eba11681c49e0aa116731021
global_step=485968 | return=-151.44 | steps=131 | track=4ea43b4998234c084598551fc9578421
global_step=486048 | return=-137.17 | steps=131 | track=afc2a72ce16979d13e8a56d486a49f33
global_step=486080 | return=-115.92 | steps=89 | track=ea7292024dd0faea1b9a4191d073631b
global_step=486112 | return=-45.46 | steps=56 | track=73c73e907489d255f1cb8209cecfa2ec
global_step=486160 | return=-20.25 | steps=52 | track=d76d5b38dc857cd6ab0eb7f8fedbd17a
global_step=486256 | return=-137.56 | steps=131 | track=a611c111577f45167c9659c1ce65798e
global_step=486336 | return=-126.80 | steps=118 | track=3a0081a54e92f3b3ad0845b596ae0773
global_step=486832 | return=-142.41 | steps=131 | track=da605ce07672e38cc676a519a0939242
global_step=486928 | return=-104.83 | steps=142 | track=e96035f7caee99c972edc8e4c5585ecf
global_step=486992 | return=-155.33 | steps=131 | track=f2e55f601fe787a86dc8f93c139825a3
global_step=487152 | return=30.46 | steps=85 | track=45db3298df764d690b5c947d39b2b418
global_step=487280 | return=-151.33 | steps=131 | track=92c5fcba3d999ce1b651614d278e0f87
global_step=487296 | return=-158.11 | steps=131 | track=e10fc7bec8d41a58bead84d9ed641f19
global_step=487360 | return=-141.28 | steps=131 | track=f9bd190a2e304781c1dd21d8e2788826
global_step=487392 | return=-39.38 | steps=230 | track=14f8f9e6d1d8e43cd552ad2d016af56e
global_step=487504 | return=-116.26 | steps=96 | track=2d7e3ec3f184601a73727c8993785ed7
global_step=487952 | return=-125.98 | steps=100 | track=d0f82048d50865a4b567a8b32348610e
global_step=487984 | return=16.28 | steps=65 | track=114fa377d892ee67890188790373e748
global_step=488064 | return=12.03 | steps=66 | track=47fd85915bf17e725d93474f82117e87
global_step=488080 | return=-138.50 | steps=131 | track=4aca71a2209521101a4afffaa958d381
global_step=488160 | return=-149.00 | steps=131 | track=e71831d697680e758da8a2d3f40263c1
global_step=488160 | return=-33.63 | steps=47 | track=002566bc006ea3fb9f57796ff31340a3
global_step=488192 | return=-135.61 | steps=131 | track=df3c29c976d44c4bce82518b0e37fb54
global_step=488256 | return=-146.23 | steps=130 | track=6f15119c0ab11c2fca7c3e590a4983e9
global_step=488352 | return=-132.00 | steps=130 | track=738ac3890deddb39b520526bd1c2a8a1
global_step=488464 | return=-58.06 | steps=146 | track=c1a7f1da56b5d3348de1ac71d0410d34
global_step=488480 | return=-36.12 | steps=73 | track=345137a91c71882df9bfddbe46b81255
global_step=488912 | return=-31.49 | steps=44 | track=9e2539364c37b00c6c03b5ae015f3ce0
global_step=488944 | return=-143.25 | steps=131 | track=cb11f609482205ac791a871b09a8f54d
global_step=489472 | return=-138.73 | steps=131 | track=39ebe38f1c7a7260aab8b0fefd632cd3
global_step=489600 | return=-135.03 | steps=152 | track=497a332dd5cf0ae0aa78b70da1a9c061
global_step=489728 | return=9.07 | steps=91 | track=1b95e052d23f2e730eba9860bc381107
global_step=490048 | return=-153.78 | steps=130 | track=920fc6fba59e08659ac237332400fa4b
global_step=490096 | return=-146.11 | steps=131 | track=2f2e1309bbda3b09b558e93f77dc567b
global_step=490176 | return=-149.55 | steps=131 | track=e30f081b08e111f66ca39895dccec257
global_step=490192 | return=-141.28 | steps=131 | track=be04b706bd36f6db73155599e292c6d9
global_step=490272 | return=-153.91 | steps=131 | track=0607fa66fdc59d390e04687c2b20e881
global_step=490272 | return=-131.02 | steps=131 | track=84c37f23283e0f2fb9938a132158fb15
global_step=490288 | return=-147.10 | steps=173 | track=74d4c2e3ab51092608a63fa648ceb0e1
global_step=490464 | return=-143.04 | steps=131 | track=eec8c3c045723963d6c1630e7fc21369
global_step=490576 | return=-148.47 | steps=131 | track=d7971cfd592012cc90dfdbba5376e489
global_step=490576 | return=-140.57 | steps=130 | track=0348f3860a13ff70c76248cac354df6f
global_step=490880 | return=-41.20 | steps=42 | track=121b475f7e26a6368cd6d4b2653c9f3a
global_step=491024 | return=-149.40 | steps=131 | track=0d6d5ef08054bcabff0c8020e9c420bb
global_step=491056 | return=-140.30 | steps=131 | track=e2c74f6915372378cc88639dc3640e4b
global_step=491520, SPS=73
global_step=491584 | return=-146.10 | steps=131 | track=84b3b6c9d33661e70ddd7bb7b58e0e51
global_step=491712 | return=-137.46 | steps=131 | track=6fba06d8367208a8cac25feffc1246e2
global_step=491840 | return=-146.67 | steps=131 | track=0b234142c89560a366a9746db2e63262
global_step=492160 | return=-145.00 | steps=131 | track=4ab2e6c7565ea1a7d7de2421eed30ec8
global_step=492192 | return=-151.29 | steps=130 | track=b3d3798065b737b05ec94fea59ada31e
global_step=492368 | return=-146.10 | steps=130 | track=a679269a4b01f8ece2ee5f5b58cdd0f2
global_step=492384 | return=-140.37 | steps=131 | track=5cdc224bedd77917cfdbe327382f8401
global_step=492400 | return=-136.38 | steps=131 | track=80fa254c6811e8ab2072aec0a84a8a7a
global_step=492576 | return=-147.21 | steps=131 | track=f11963915f82160f1afd9d9a4f304ce5
global_step=492672 | return=-146.32 | steps=130 | track=f3ccc323f7c265a344ee6f5da476a587
global_step=492688 | return=-136.69 | steps=131 | track=9ff4bbef40d5542d5c8e8093fd0b305c
global_step=492736 | return=-27.54 | steps=71 | track=119eaf89c6d09565c802da35986d4f17
global_step=492800 | return=61.03 | steps=344 | track=517c8c736e4a76ee66386cd21c2ba990
global_step=492992 | return=-130.65 | steps=131 | track=1f8cfb970db96f3c92742c87421a9111
global_step=493136 | return=-126.53 | steps=131 | track=2d9821fd90cd62389d071b01c57c5027
global_step=493952 | return=-149.34 | steps=131 | track=cb0bd11403c7778894ed96e0656e0cea
global_step=494000 | return=-16.72 | steps=82 | track=61abd275f0c33ee043748fa7a4de3e96
global_step=494304 | return=-136.63 | steps=131 | track=4b39cccf23c786314a50fc1361a5137f
global_step=494496 | return=-153.98 | steps=130 | track=509d101883ec36268a787f51c1b52008
global_step=494640 | return=-97.61 | steps=140 | track=c62f0eb2b45789ff48d3135da905d5ea
global_step=494784 | return=-145.88 | steps=130 | track=9017e2e94de80f353cb522340f84644b
global_step=494784 | return=-67.50 | steps=150 | track=b4e80f39a542f78a2cb899454b81a14f
global_step=494848 | return=-151.87 | steps=131 | track=75cf8e7ac4025320fad5d708ed176fe7
global_step=494912 | return=-136.43 | steps=131 | track=ef142383280885f31ed8c229e52730d9
global_step=495008 | return=-16.01 | steps=62 | track=99e8ff95e27490febef4acab94cfa06d
global_step=495200 | return=-155.76 | steps=128 | track=ab82bba35accbc857dc21fd95ff01963
global_step=495264 | return=-97.86 | steps=221 | track=aaafb3a56e60649bcc759e2a464eaee2
global_step=495296 | return=-108.13 | steps=169 | track=dfd4e94f865cf137608c0512c1385797
global_step=495808 | return=-135.95 | steps=351 | track=9307af4cc99ed71d318b266b096cf3e9
global_step=495888 | return=18.84 | steps=68 | track=34636daebc85387c0d1251d771bc1881
global_step=496064 | return=-143.14 | steps=131 | track=e3ec212c68f23dcab63fc3232b83eed4
global_step=496272 | return=-9.23 | steps=62 | track=2eebe38a952aad5db9f56c3526d5155c
global_step=496560 | return=-147.19 | steps=343 | track=824170cd2427c48038b886e0deae7fd3
global_step=496800 | return=-58.14 | steps=93 | track=17658ff7974e41c8a13533933d8c08ce
global_step=496848 | return=-116.43 | steps=158 | track=c68c52bcfec72d9185ad816f0ca0a930
global_step=496912 | return=-109.89 | steps=150 | track=cfcc13fa8ac971066f6baa57131f513a
global_step=496960 | return=-132.58 | steps=131 | track=eca24b59e27536cb54ffee114a3699f4
global_step=497008 | return=-160.08 | steps=130 | track=83fc1231f82dafa42131364ef9cdb077
global_step=497120 | return=-144.71 | steps=131 | track=98396355971d3d505c5d9109f3e68ede
global_step=497136 | return=-168.69 | steps=146 | track=c6560534b8e3c4ecf40f142824808e49
global_step=497312 | return=-141.28 | steps=131 | track=2d7eccafce9893a2cae9ab2ec714295d
global_step=497680 | return=-127.73 | steps=292 | track=d9ac3e8a8632ad55ba13763fe03edfef
global_step=497728 | return=-237.81 | steps=347 | track=bcc762919128160e796e7b85ac77ae43
global_step=497792 | return=-50.91 | steps=54 | track=608943f595c90ebd2c5c27b2c61f04ed
global_step=497888 | return=-59.26 | steps=47 | track=1a7f29557eed89bcc17244a8974d6139
global_step=497920 | return=-170.15 | steps=131 | track=37aec8b157c7c67deaea0e4d35ae7603
global_step=497936 | return=11.22 | steps=67 | track=c3b7d40e130caf69ac6f2437519e3c1d
global_step=498000 | return=-144.57 | steps=131 | track=15db82ea8a162f1f7adfaf884b8e8385
global_step=498016 | return=-31.22 | steps=65 | track=47a1471b1f227d5a195c521de96d3061
global_step=498176 | return=-157.45 | steps=131 | track=9e7480ef6a4ba2dce33dd1db85abea6f
global_step=498368 | return=-140.80 | steps=130 | track=b62697f425161aeba71525a2f946aaf8
global_step=498832 | return=32.82 | steps=71 | track=baba4e3acaf480d4de2cac90edc1fbee
global_step=498960 | return=74.59 | steps=269 | track=f9a5d6ea372eb7b2a468bd167b21a738
global_step=499120 | return=-151.44 | steps=131 | track=089f136f27697ee720431f9985e03eb0
global_step=499248 | return=45.77 | steps=66 | track=3e368ab22f7b27437c8bba719a08375b
global_step=499248 | return=-135.86 | steps=131 | track=3694ca4dd387bb27e3ee03b68bfbe771
global_step=499264 | return=-55.42 | steps=153 | track=104d8c8549700bdfe2ea868f470a6520
global_step=499408 | return=-146.87 | steps=130 | track=82e514929b6bbb4f73acf7f83fa73305
global_step=499456 | return=-110.56 | steps=89 | track=3bb20db430b5a50496ae245b55e2452e
global_step=499568 | return=-35.61 | steps=45 | track=76ca471771e80a34493e297a8226b843
global_step=500000 | return=-131.41 | steps=131 | track=ae930f7a619f79ade49cf9a1cda46c9d
global_step=500032 | return=-136.93 | steps=131 | track=6ff0cf0600f6d00e8442c6aac732567b
global_step=500096 | return=-146.41 | steps=130 | track=7c3cfd165b9caf099122695fc06a4c51
global_step=500096 | return=-104.76 | steps=143 | track=104b3ccdd6d21044f863ae9e883d8ce5
global_step=500128 | return=-107.73 | steps=136 | track=5b46cef28c23deb74d7e3b4131156a0b
global_step=500464 | return=-139.23 | steps=130 | track=e3310511bef32b335c3a8381c0eb8fd0
global_step=500624 | return=0.54 | steps=65 | track=b0ac50bebc063d079baa508d88a6b9b9
global_step=500864 | return=-122.83 | steps=90 | track=88512da95b06c30948e934ae920913c2
global_step=501024 | return=-138.26 | steps=128 | track=9fb155293c83fd260f6dfa16f3f05c7d
global_step=501168 | return=-139.62 | steps=127 | track=e9421025a7a4f84c81f4ec70df59d5ab
global_step=501216 | return=-44.34 | steps=69 | track=0486b01e64902590674b0fa3371ec563
global_step=501344 | return=-140.51 | steps=130 | track=300d72a8137433252f9b23794d345399
global_step=501344 | return=-126.15 | steps=130 | track=881df3d5e16c5efb87920d9668339af2
global_step=501376 | return=-145.48 | steps=131 | track=e3b655b3c4dc461daba3a1de001e0d6a
global_step=501568 | return=-138.94 | steps=131 | track=fe162564ab0ff0c5fda3a8108cfc3ba3
global_step=501632 | return=-60.40 | steps=47 | track=1b61e913eb414baabe783df64b7fd24d
global_step=502080 | return=-115.89 | steps=123 | track=0f4ed52796f7521c22ab7344d574efcb
global_step=502112 | return=-138.27 | steps=131 | track=22ab0c14b5002795664e954279088e68
global_step=502144 | return=14.47 | steps=69 | track=bf8f43afb7dadb818dd6caefb8937906
global_step=502208 | return=-25.55 | steps=64 | track=71345ba7e9e6271acc277f154dcde08d
global_step=502240 | return=-112.30 | steps=131 | track=07653a665b63bbdeee1caf27ec36110a
global_step=502432 | return=-196.61 | steps=366 | track=495503c797c1204972657aa354edeccb
global_step=502576 | return=-141.73 | steps=131 | track=a4a96ba9e260006d7dc887294435105d
global_step=502624 | return=19.61 | steps=65 | track=222f5b3b4e0605121307e7ffd078f000
global_step=502736 | return=-146.60 | steps=131 | track=aa6b45d3010efc51e944521557b7eafd
global_step=502768 | return=-79.02 | steps=70 | track=159c35531ece73c1c9ea9594af942ecf
global_step=502800 | return=-64.94 | steps=98 | track=8bb2cfc4e6fc821bb4c55db052267682
global_step=503424 | return=-107.46 | steps=129 | track=be1e5bd63e3b768efe6b1e7d3ac35864
global_step=503456 | return=-153.88 | steps=131 | track=11206a5287a668581a3a497e3210f8dd
global_step=503648 | return=17.38 | steps=63 | track=6d0a19a9a1f50972e9f3c82a722628aa
global_step=503888 | return=-118.42 | steps=102 | track=cb1de69f4f9ab17d3da56be397e10fcb
global_step=504320 | return=-102.23 | steps=267 | track=89ffe49e802ccdbb98c6cfece3d48927
global_step=504320 | return=-114.35 | steps=137 | track=0b2d9e12609472163d602e227be01689
global_step=504528 | return=-122.99 | steps=109 | track=728da938c05dcc698464b8b005f63ff3
global_step=504688 | return=-141.06 | steps=131 | track=96349df59ca826eaac4ed80c1d5aa89a
global_step=504720 | return=-133.06 | steps=160 | track=4a68bb4f8eef4e2c690fd17e5e35f098
global_step=504848 | return=-149.51 | steps=131 | track=907384a2127d926eba391b9e76b6c8f1
global_step=504992 | return=-173.40 | steps=225 | track=8a3dd196ddc752271d8f66678b17cf18
global_step=505184 | return=-235.93 | steps=465 | track=7b97264e84eac26660a268ccd5c0e6af
global_step=505408 | return=-164.47 | steps=207 | track=6cca49e3855273206523404e7cada24c
global_step=505472 | return=-71.21 | steps=58 | track=992dff6ed2cbfa204108e70f457b3ec3
global_step=505536 | return=-143.89 | steps=131 | track=b68a3f7a9b79e12a4043e051f51dd82b
global_step=505568 | return=-154.09 | steps=131 | track=d93f8f872a42c450aa8ceca8e491596f
global_step=506000 | return=120.51 | steps=236 | track=b20398c56e7f6efc8ede2fcb22aaaf0f
global_step=506000 | return=-110.29 | steps=131 | track=b22c5629fd38b88801ca422768f2c756
global_step=506288 | return=-105.86 | steps=122 | track=6e84445168a52cb314f102d94e34cdc1
global_step=506320 | return=-80.25 | steps=166 | track=ae96d221a9dc2fabe0b3dc14e2fe8c0a
global_step=506352 | return=33.50 | steps=221 | track=cdf170477713b77863a94f2bceee2d58
global_step=506432 | return=-94.10 | steps=89 | track=f652df0e813e2bf0eed81499bd4c1a5e
global_step=506544 | return=-81.07 | steps=138 | track=3411e372c053ba08acc11c396d435620
global_step=506800 | return=-136.35 | steps=131 | track=bca5199f00497ba0bb983cea98f15266
global_step=506832 | return=-143.76 | steps=131 | track=fd0aa71633d8c3b30a3ed26ee6c34c99
global_step=506864 | return=-84.56 | steps=80 | track=3555a7e0362c95ddf8ea723d30a7c3a6
global_step=506960 | return=-143.27 | steps=131 | track=76b91c7efcfebccfaee0e48a242afde9
global_step=507120 | return=-61.36 | steps=47 | track=6b9608da71f4b63d3a5450a22e6cf4e9
global_step=507312 | return=-146.86 | steps=132 | track=baf9529fde9650653bfadc47d6784e55
global_step=507456 | return=-87.11 | steps=90 | track=17639e84c024f4e3f20544d31fe44699
global_step=507584 | return=-152.78 | steps=131 | track=817586f59aa7fd773276333f9fd49a90
global_step=507600 | return=-62.30 | steps=47 | track=e7ba0663b08a16b3fb6fd34e2fc18b35
global_step=507664 | return=-91.15 | steps=326 | track=d5de423aa0c8e330119ffd9eeb79d2d0
global_step=507760 | return=-80.02 | steps=138 | track=49301dbb3129dabc0e145e87bc4cf5ee
global_step=507904, SPS=73
global_step=507936 | return=-33.47 | steps=157 | track=88632253ddddcf3a58e682b6d92a56a5
global_step=508112 | return=-145.35 | steps=131 | track=65b21f9058bcbe89b7f22064edd479f1
global_step=508384 | return=-16.23 | steps=48 | track=f07ec76ea107062a35a52b5974afa12d
global_step=508416 | return=-123.10 | steps=130 | track=25f9c388b8f8e8894078f720e8d34936
global_step=508544 | return=-136.84 | steps=131 | track=a6ad61987445c5a83a817202e2f983f1
global_step=508640 | return=-66.99 | steps=146 | track=c4872af2e21c0d15a60c303cb49b83f3
global_step=508912 | return=-140.31 | steps=131 | track=e1b45c8906975e4525a29569f8248984
global_step=509072 | return=-134.97 | steps=131 | track=1423e72d56ab8c4e7e7597b78e784d75
global_step=509216 | return=-154.19 | steps=166 | track=5d5c09fa6d1c4c0d55cfe9229492eb04
global_step=509248 | return=-13.45 | steps=70 | track=cc64ff2ef9c7f8c3c4121fdee7a34029
global_step=509360 | return=-34.39 | steps=60 | track=7487defa016e9da242e6646e71755150
global_step=509424 | return=-149.74 | steps=131 | track=38219b2a3d2b37e4f7b964f2b6f654b5
global_step=509552 | return=-140.66 | steps=130 | track=293c64c4504b016f887cf3b42768ab71
global_step=509744 | return=-83.53 | steps=134 | track=c34543512933f27ad78c770aa108080e
global_step=509840 | return=-37.83 | steps=88 | track=7d5eb6d42bca2c2051a534cd5ec80bcd
global_step=509984 | return=-104.43 | steps=89 | track=50e49b035ee84373f8c35adcba0da417
global_step=510096 | return=-134.49 | steps=201 | track=8046bb492507aab2b949c515bcdee8de
global_step=510256 | return=-16.32 | steps=64 | track=255bcd34c6c2916147478c59ba3f1c00
global_step=510352 | return=0.18 | steps=61 | track=9b15930d1e67c8f2ead54686effbfcdd
global_step=510608 | return=-11.24 | steps=65 | track=3468302f46fde075ca644f048a71ac76
global_step=510752 | return=-152.18 | steps=131 | track=be39b9bf7d361e67b559811d10015bab
global_step=511024 | return=-141.95 | steps=131 | track=47a2194616cdad51e85f082789d1b272
global_step=511120 | return=-89.72 | steps=249 | track=e4f16c13fb73be6744bb882c4248bbd1
global_step=511360 | return=-154.33 | steps=131 | track=660b4a9a37a12f5da358632c249e32a5
global_step=511488 | return=-171.89 | steps=232 | track=2765a321125d85328304c7579fab45c4
global_step=511552 | return=-139.98 | steps=132 | track=cbfb2b4485c163f7021796aea0cd255c
global_step=511568 | return=-42.34 | steps=155 | track=4ff0b65ebf2f4dbf5ab27d82e2fee6b1
global_step=511856 | return=-144.30 | steps=131 | track=ed21c560b206aa093176975b23057553
global_step=511984 | return=3.39 | steps=76 | track=c06439638cde7fe0e3882d625deae2e0
global_step=512096 | return=-3.22 | steps=66 | track=c9aef80e0a5923d20b22410a0c56ec8e
global_step=512096 | return=-117.08 | steps=131 | track=27581551b9a684ac238681d95a4a27e3
global_step=512144 | return=-95.30 | steps=143 | track=4e288dd64ab4a76ba70991eb02fc55ae
global_step=512176 | return=-8.87 | steps=65 | track=718adba8063a729c4a2504a21b1153bf
global_step=512208 | return=-131.67 | steps=131 | track=fd92eae5ef2da613f34a2ef153e29007
global_step=512272 | return=-129.97 | steps=125 | track=8eaa0e047c7750fd6441527d834cc264
global_step=512432 | return=6.13 | steps=297 | track=7c1a26d33a00e0aadfa41011f3138057
global_step=512720 | return=-143.76 | steps=131 | track=dbc9cd4931633529850f523a71f9c41f
global_step=512896 | return=-10.32 | steps=49 | track=8ee77ba3a012bf95fd7a2429b8a6423a
global_step=513008 | return=-1.19 | steps=63 | track=a4a900051dad372087572fe2c96e640a
global_step=513056 | return=-240.15 | steps=319 | track=6765601330f8cf66e4010ba06f9bfb80
global_step=513120 | return=-117.66 | steps=109 | track=8430fe54eaa2a0711fa9fa535a5a54fb
global_step=513232 | return=15.24 | steps=67 | track=a60c417db5cc15d677ef66096efc242f
global_step=513600 | return=-132.49 | steps=131 | track=42b432a775aef34547a55122de05bee2
global_step=513664 | return=-145.35 | steps=131 | track=690e4e4541b123cd670d9fabb99f7f56
global_step=513696 | return=-150.21 | steps=132 | track=8cb8e5af7471f2ff5b5b522533b3fbd8
global_step=513712 | return=-102.25 | steps=89 | track=609233c105e5922bdbc35a4143a5f450
global_step=513968 | return=-145.35 | steps=131 | track=0d5e786a3c5f52d368993f39fbd8cc0f
global_step=514032 | return=-15.49 | steps=63 | track=8833a46b561368befc3bc1722b6e3635
global_step=514208 | return=-135.90 | steps=131 | track=287eb76f3e4913c1e0eea7c81d8be090
global_step=514240 | return=-22.23 | steps=62 | track=a299b051fa18a3e99e54cd0b150300bb
global_step=514272 | return=-149.92 | steps=130 | track=5d75e8453a98f302d9e3af8efb83d035
global_step=514320 | return=-135.10 | steps=131 | track=995d644cb958dfbaaa8bd756d24b7c50
global_step=514544 | return=-140.80 | steps=131 | track=4b37a8a066a2cf241f43ce57213cf641
global_step=514848 | return=-147.53 | steps=132 | track=c636f44cec18bb91039620851fd2a212
global_step=515040 | return=-18.40 | steps=66 | track=4ba2fe712618d8a1f10ca95b198f9937
global_step=515088 | return=-36.04 | steps=47 | track=80f20556c9e7932f30ec2dabe18be598
global_step=515296 | return=-29.51 | steps=63 | track=b3593ce10756a1ab8d047d4d86550de1
global_step=515376 | return=-73.57 | steps=313 | track=65a137a36b2463a649e401f4cc74b13f
global_step=515440 | return=-74.34 | steps=144 | track=423bff91eecc762f389647ff1e9ea39e
global_step=515440 | return=9.19 | steps=114 | track=4ac744c922245c47336e444454f965d7
global_step=515776 | return=-143.83 | steps=131 | track=de688997e60f4c61a22c7f872cd0557a
global_step=515808 | return=-147.58 | steps=130 | track=af88a66b4408859514822ec09eda276e
global_step=516176 | return=19.92 | steps=70 | track=0a452510a40d4ee663bcb419f22d679c
global_step=516272 | return=-102.02 | steps=139 | track=a22436844eedcddee8258d850819f52c
global_step=516320 | return=-121.63 | steps=110 | track=b85fd0221a0eb0140cc22f78b88cfc5b
global_step=516320 | return=-149.05 | steps=131 | track=6e4ba6ae729ab3cf5a4fb599283ae3d2
global_step=516448 | return=-202.75 | steps=171 | track=364fcfa4bf3164a23004b1146dd14b01
global_step=516496 | return=-27.70 | steps=224 | track=f36a426784a9145b2f02d350717477bc
global_step=516576 | return=-60.10 | steps=145 | track=0d089963c86992627802d87d140194ba
global_step=516576 | return=-15.93 | steps=70 | track=6a72872bd66aa707b84bef5fa70806f6
global_step=516944 | return=-142.97 | steps=130 | track=14a227807986e3111d94b24a1f89a930
global_step=516960 | return=-53.77 | steps=42 | track=2ef55eb9aaa649d8d6d7d40ac7f13393
global_step=517040 | return=-212.27 | steps=248 | track=23ad7f3791400bd788f51628c638f0da
global_step=517184 | return=-146.13 | steps=130 | track=2fbb8045ba28b7ded1934d7dd8218652
global_step=517264 | return=125.11 | steps=113 | track=57d28917a89a18d7b996a41bc64d339e
global_step=517408 | return=-121.02 | steps=101 | track=be2dde7607698ac46483f93eef03664b
global_step=517424 | return=-151.60 | steps=132 | track=af001fd706f732a773c8a61490da9000
global_step=517472 | return=-147.48 | steps=130 | track=f5083a4aa55236bd06e56b3a31917dad
global_step=517920 | return=-138.73 | steps=131 | track=ae57ed41b984f8ff131d4497b3ad15df
global_step=518288 | return=-157.97 | steps=131 | track=03b76b8e10c842e422354e3c112153a7
global_step=518416 | return=-16.14 | steps=62 | track=5ca3ef7e148ffa7b3b689fe591c0769c
global_step=518432 | return=-141.52 | steps=131 | track=e49b9f435e397320bca42a149bd4f3fa
global_step=518432 | return=-139.30 | steps=131 | track=f6a3880d01d4d99e10e23a831dffa0e2
global_step=518512 | return=-73.53 | steps=91 | track=89cb1669e727880cb5d8d106125960ae
global_step=518560 | return=-140.73 | steps=131 | track=dde45e2ab34b43f422ccc8ee7b1e75c1
global_step=518608 | return=-142.23 | steps=131 | track=faed6dd810494bd56b8656a90aa2a3fe
global_step=519056 | return=-159.34 | steps=130 | track=99fe80f422873f46a84a8dcc08ad901f
global_step=519056 | return=-140.51 | steps=131 | track=4b71dc08268ba4a9e4cea5a6ecfe6edc
global_step=519296 | return=-133.27 | steps=131 | track=b9a6924f218d518289e599222e675824
global_step=519360 | return=-115.37 | steps=89 | track=a48b2f815a88eaca589b88861353cdfa
global_step=519376 | return=-130.75 | steps=131 | track=98891e2acf4d25656b03591096b4f437
global_step=519520 | return=-152.25 | steps=130 | track=4888b8dddfe4a964e2cc7d4c83ac0375
global_step=519584 | return=-135.07 | steps=131 | track=0cdb4550afbd51336a6c4a50a0a128f2
global_step=519872 | return=-109.32 | steps=205 | track=59c3dcf71d76857e1a2fb3c04a228dcb
global_step=519936 | return=-51.45 | steps=93 | track=412a92fa1fdd6c2e762fa84d5700504b
global_step=520368 | return=-10.97 | steps=62 | track=b1859ec90104d38ea8632ef7feefc3f7
global_step=520400 | return=-160.30 | steps=131 | track=9f033228c71225e61f35776abb861a66
global_step=520496 | return=-106.45 | steps=89 | track=9f71793c9c8615d60f08b462a9009445
global_step=520528 | return=-140.71 | steps=131 | track=cc52c510ca514b85c598e2c72091b6d9
global_step=520544 | return=-142.17 | steps=131 | track=99fe1886cf6d7143ea79f3ccf9ee57d7
global_step=520608 | return=-140.99 | steps=130 | track=05be3910fc36912977e28d643a44cbf2
global_step=520672 | return=-147.58 | steps=131 | track=e7ad98c09cc0230bfbbdd252b6b10b7f
global_step=520720 | return=-155.01 | steps=131 | track=9fbe6fe2634da5cef09caee549081e41
global_step=521104 | return=-69.99 | steps=282 | track=22b5ba33abbdd8c383c1f451cd0ad695
global_step=521152 | return=-142.42 | steps=130 | track=a31e2b1b5dbdc699555608f8ee7cbc85
global_step=521408 | return=-138.70 | steps=131 | track=e01d62ad741210ba2ac2b5732f767c34
global_step=521504 | return=-144.86 | steps=132 | track=94b2fdb0f63a1b8521515313828fe584
global_step=521632 | return=-145.24 | steps=131 | track=7690c1b7e5e18e0d5cf118b044aaf16e
global_step=521696 | return=-150.08 | steps=131 | track=413488fa9a7fa33e74517abdea0a994f
global_step=521776 | return=27.83 | steps=65 | track=7964d8154870a2d84f730a46636c0427
global_step=521984 | return=-143.38 | steps=131 | track=d4d7cdc0befd928c9554e0904ef19b3b
global_step=522048 | return=-142.47 | steps=131 | track=5e30f5bc005744d85b5eb8d4cd10dd01
global_step=522128 | return=-32.67 | steps=44 | track=1e6d218296f406a329d7af608aad0841
global_step=522176 | return=-2.71 | steps=63 | track=728ec2714979b9503173c2e3db827ae6
global_step=522640 | return=-143.68 | steps=131 | track=022cfa694e3d5089801d14f91bea9ead
global_step=522656 | return=-135.22 | steps=131 | track=12cc1395d75eb06d7169db30c3426a96
global_step=522688 | return=-106.18 | steps=142 | track=9f05d459d9a9c21e6ec413b5e2971fac
global_step=522720 | return=-148.29 | steps=131 | track=d7794567e2f8f324078bf276dcbdf5a7
global_step=522784 | return=-160.39 | steps=131 | track=77f6ba45183c113587491aaa1f7b086c
global_step=522800 | return=-55.36 | steps=151 | track=36c340c8e1d3aab1e2934ac73b57b75a
global_step=522848 | return=-89.45 | steps=146 | track=546209e89f773e5529a91811b1ce11b0
global_step=522880 | return=-24.60 | steps=46 | track=d5311b9c2d826cf4a090899f70e634d6
global_step=523376 | return=-77.30 | steps=141 | track=bd37d3f3c2c6588f2bbfe60b07160ffc
global_step=523456 | return=-27.97 | steps=41 | track=288452dcd98f090e88412677f5ef6f17
global_step=523744 | return=-148.77 | steps=131 | track=47b93edc101319086f51dd93ca0a81c6
global_step=523792 | return=29.79 | steps=70 | track=d45c23903d4e2651386f9714b7fdcb0e
global_step=523808 | return=-136.31 | steps=131 | track=89723caeed2b3316ba135adb448bd0c4
global_step=523840 | return=-12.35 | steps=64 | track=a9f4f38691feba46b427c16def1434e4
global_step=523888 | return=-143.25 | steps=131 | track=9a15189a2d98af005cf837680794928d
global_step=524096 | return=-149.57 | steps=131 | track=b074a469affddba9ef87c5f7903c82f5
global_step=524128 | return=-107.46 | steps=89 | track=847604bfa8a9f79f77437479ffb33bc2
global_step=524144 | return=-113.79 | steps=164 | track=520a75367db16bc8d45806a6496b9c4b
global_step=524160 | return=-140.06 | steps=131 | track=5c6c9b8068e5f3d968c2cb61fbf1c0cf
global_step=524272 | return=-95.24 | steps=130 | track=694dd1c6720e57fafd030917685d720d
global_step=524288, SPS=73
global_step=524752 | return=-148.32 | steps=131 | track=98b52d4b57fd74b5dd69be1c7cc642d5
global_step=524832 | return=-15.98 | steps=64 | track=ec61f72ec631968c29bb16e4920dd96b
global_step=524896 | return=-12.46 | steps=62 | track=b183d4c82144c9835eec6c6c8e52a643
global_step=524928 | return=-77.71 | steps=91 | track=c116894db61779655ec771328a778304
global_step=525008 | return=-88.35 | steps=142 | track=67265d0e16852ffa5caf46f3ae71dc1c
global_step=525248 | return=3.50 | steps=67 | track=071faf5d8e9453ea7052afbbc4f9c094
global_step=525488 | return=-146.48 | steps=131 | track=f552c4a5153d7eed4c0eb63605f63b02
global_step=525856 | return=-156.49 | steps=131 | track=fc3468f3641fb2525492c5712d9c0e65
global_step=525888 | return=-95.26 | steps=108 | track=fd3e8c90c7c1330145ef536f7bcdc538
global_step=525952 | return=-135.54 | steps=131 | track=9d4a82d00c1dfc061e548e2781bb1b74
global_step=526208 | return=-144.30 | steps=131 | track=e437b1d49b9acfe2c4ef71ff952db1af
global_step=526240 | return=-108.79 | steps=131 | track=2375eb3ca927cba79d1539aa2285323e
global_step=526576 | return=-93.70 | steps=143 | track=b8e9b817749ef64ba829ae99089effbf
global_step=526624 | return=-127.89 | steps=233 | track=22eba3065ab6ebad914656a5f7cf0d09
global_step=526864 | return=-151.67 | steps=131 | track=ba837e9f3c3ac10557e9c7db6529ea7f
global_step=526880 | return=-60.68 | steps=57 | track=7c35d9855b92ca74ba532068f60e6963
global_step=526944 | return=-134.33 | steps=131 | track=cfb2b07f55e04b36b5d62b9aa7392ee5
global_step=527008 | return=-145.90 | steps=131 | track=7e3c8659d642a1f30a6f6e48bb9d7614
global_step=527120 | return=-255.55 | steps=266 | track=35cceb6c58a88d0d1d2daf0fd96990ae
global_step=527120 | return=-138.41 | steps=131 | track=fa39c2c560a8d9ed686b7b2fd0c53234
global_step=527472 | return=19.76 | steps=98 | track=34c45580eafe4a61cf5405968ea005b0
global_step=527824 | return=-13.11 | steps=74 | track=7b8a9d5f03adfbd5e60a0aeed7f00960
global_step=527952 | return=-145.07 | steps=130 | track=3d691f768c9137159a538d4fd0165e8e
global_step=528240 | return=-226.07 | steps=276 | track=77b28b91f7afc5c46978289bf8962853
global_step=528320 | return=-140.37 | steps=131 | track=ab235cfe6b73c89a194fae5bc109ec72
global_step=528336 | return=4.56 | steps=82 | track=66d2fb5ae03a19c4c7ff8f7b7d8b9e73
global_step=528448 | return=-156.54 | steps=137 | track=3047097b1ffd08f907eb5668f83960a8
global_step=528688 | return=-131.02 | steps=131 | track=f4e4f53cb0d3477752b5136cccf662ce
global_step=528816 | return=-114.68 | steps=105 | track=3a83c2f6081b7d75e4e7f4258b8d27d7
global_step=529040 | return=-102.77 | steps=135 | track=7b23dc7fac148e0188fad71a793e33cd
global_step=529056 | return=-135.10 | steps=131 | track=d9666b9e4131365229fee76e890c4a64
global_step=529312 | return=-23.77 | steps=61 | track=274a1077134bfd82ef059275b8f9f557
global_step=529344 | return=-37.16 | steps=153 | track=2ce939ea53932e79481b3251fdfd33da
global_step=529392 | return=-196.25 | steps=243 | track=4014ec11ef33c70e312b26fc8362eb83
global_step=529472 | return=126.54 | steps=263 | track=70d303f9dad7b5fed74bab3c053169cb
global_step=529584 | return=-144.00 | steps=131 | track=98bfa073861990fa147ef084dd604fd8
global_step=529920 | return=-139.42 | steps=130 | track=239fd9a3e5b72931d63813b83fbccc0f
global_step=529952 | return=-92.58 | steps=93 | track=2f3f20b21b536cb1acc7dfc5ff038786
global_step=530064 | return=-143.04 | steps=131 | track=772ac8f3711aff630c383758541eba6f
global_step=530432 | return=-14.85 | steps=64 | track=8ada635cb9dbe5516507b37ad20e1acb
global_step=530448 | return=-105.59 | steps=137 | track=53cd591c75f7e7fa97046aff6c150daf
global_step=530512 | return=-145.65 | steps=135 | track=298415e31832fcbc222d8333675788e1
global_step=530544 | return=-106.89 | steps=350 | track=7b7be4ed593d4581e4ce5f21ad0ac9c4
global_step=530928 | return=-139.30 | steps=131 | track=bcf3b12a803ebfab616dd606d48069e1
global_step=530944 | return=-87.63 | steps=140 | track=0d650efd5e20089e2173593473824ef8
global_step=530992 | return=-103.37 | steps=241 | track=01c5dd26ab028560abadc1b0a4c0f20e
global_step=531168 | return=-139.66 | steps=131 | track=21222d54f7d6ffc9eef8adbf2187339f
global_step=531456 | return=-148.50 | steps=131 | track=e19109bc6f4ed0effb1f6562889530a5
global_step=531584 | return=-1.05 | steps=66 | track=f1e07ebf53d1a82be1e3487a6959b150
global_step=531584 | return=-144.50 | steps=131 | track=77b763f5f3d0901bffc57e813e515543
global_step=531600 | return=-117.56 | steps=142 | track=1790ec3dda4b88dc7a6dd893cd2afd1f
global_step=531664 | return=-39.63 | steps=45 | track=2629ac4b70a5c302566ed0279c757601
global_step=532032 | return=-162.39 | steps=131 | track=1fc99b49e2e99ca9976338c7da3e5316
global_step=532064 | return=-114.79 | steps=131 | track=4a196864a64c834a5a048b181b14e177
global_step=532384 | return=-66.94 | steps=49 | track=0c4eb8844664babfc94123559047d4fc
global_step=532560 | return=-137.97 | steps=131 | track=fd174b5c24b91e24f0570e98c43b2757
global_step=532656 | return=-138.73 | steps=131 | track=a082871e670e2aa24c4894f76f3e6133
global_step=532848 | return=-1.91 | steps=77 | track=1c7ffa87334e5992052746fb51c1f94c
global_step=533104 | return=-144.30 | steps=131 | track=df3514addc4f93b881a866725809e989
global_step=533104 | return=-176.52 | steps=166 | track=77ec4d7bef37508638b2e8ff4ab7ce8b
global_step=533280 | return=-26.23 | steps=145 | track=6e5fd675e768bb848ddafad776406eb1
global_step=533280 | return=-140.71 | steps=131 | track=391cde23a142f108f17ad5f9b1f3b80b
global_step=533328 | return=59.56 | steps=267 | track=95c76de06edb2952c4c8bfb6edaa6390
global_step=533600 | return=178.74 | steps=97 | track=1a50a1bd0e5c8e5fc941ae84fd15d1bf
global_step=533680 | return=-145.96 | steps=130 | track=74d482968a24c108ba421fa814168faa
global_step=533776 | return=-145.48 | steps=131 | track=69d2952cbcb787af24393f7977eae943
global_step=533904 | return=-33.40 | steps=65 | track=3911d752c2ca580c2f6cd89a2078cd03
global_step=534208 | return=-55.53 | steps=258 | track=84fde079aa6f15a96a425dde2f93cc4c
global_step=534240 | return=-139.05 | steps=135 | track=15455051827f4cb21f6adbb054b516b6
global_step=534448 | return=-249.65 | steps=303 | track=11ba6e2c9a619b22c4c4cd95f4e6f35d
global_step=534496 | return=-20.26 | steps=86 | track=033502762784938535b1acab7b71a6a0
global_step=534496 | return=-140.51 | steps=131 | track=8bff9767ff7fe15a442952e87db6d0ae
global_step=534656 | return=-55.34 | steps=46 | track=f6305dc78b2aa8acaaf9fff6a7d77f0c
global_step=534672 | return=-139.63 | steps=131 | track=d82264eaa271b9197031d06395d156c9
global_step=534768 | return=-149.34 | steps=131 | track=4edb448a8a2000e0bebba69bde6d2576
global_step=535040 | return=-200.59 | steps=223 | track=eba732b3e6babc1ee9269a67d1b62bbb
global_step=535216 | return=-155.98 | steps=131 | track=c05205a016814ed5f3cbd51801ffa75d
global_step=535264 | return=-62.41 | steps=47 | track=a08219742dace4320bf7422835824cc7
global_step=535376 | return=-137.98 | steps=130 | track=348de8b6850f95dc98cacd974805280c
global_step=535392 | return=-152.97 | steps=131 | track=04442f449f56252483f2346ee565ad4f
global_step=535536 | return=-8.22 | steps=64 | track=c83c58c6cfe9ff739cd7c77832fbd5f2
global_step=535568 | return=-48.67 | steps=49 | track=aea9089cdb50dff220087722f841a59b
global_step=535792 | return=-110.49 | steps=131 | track=412ab8f5a553a4bae1818419db75538a
global_step=535872 | return=-140.16 | steps=130 | track=59cd43b78f037aa818823ee953aec05c
global_step=536240 | return=-63.20 | steps=60 | track=fecb81af5e0f0055f37b0c4b35224068
global_step=536272 | return=-49.42 | steps=128 | track=adb3c26f5fb3f2cbedd3ab6483fdbb62
global_step=536352 | return=-148.96 | steps=131 | track=1502ac8efac37480ef79b3067b228bc2
global_step=536560 | return=-151.23 | steps=131 | track=11924ea3518f4e4574e0d4710af36b7b
global_step=536784 | return=-125.30 | steps=108 | track=50631b8c2dba5570633d18baf322b561
global_step=536784 | return=-146.43 | steps=131 | track=c7a1df0e8b1526bac6882bf266baf568
global_step=536848 | return=-176.46 | steps=202 | track=d557bfd12799363ab129fa4665f40d61
global_step=536896 | return=-211.08 | steps=222 | track=ded15393a6f4afcd5072c7c199c1600a
global_step=536896 | return=7.27 | steps=68 | track=b37881db0ed22db35d9e3eef6e9ebc7e
global_step=536992 | return=-44.72 | steps=110 | track=7e959d0cb9cc45248a876f05e37fb298
global_step=537168 | return=-74.38 | steps=156 | track=8b44f13ed21984f127755f5d5cafadfa
global_step=537360 | return=-98.47 | steps=113 | track=8adce03119a64c3d6c7bbd9a1ae8d3b3
global_step=537488 | return=-153.91 | steps=131 | track=e40bcd160084a768dc808b9ae2085af3
global_step=537504 | return=-144.80 | steps=131 | track=c470b980e66cdd68923d67e23ac1154a
global_step=537680 | return=-152.52 | steps=131 | track=dfbf7164865f21e539122c80537dd803
global_step=537760 | return=19.02 | steps=87 | track=af0259e826fb163779958df96517c1f0
global_step=537984 | return=-135.26 | steps=131 | track=fa7adbbb7a69408915a430fc2a357cd1
global_step=538336 | return=-151.29 | steps=130 | track=c8a172791083f5844b60f540e30392cb
global_step=538384 | return=-133.26 | steps=131 | track=1d3906d0f3c7dd6593aa6ce0164f20b5
global_step=538400 | return=14.01 | steps=64 | track=a41554d901955d5096e398311832cf6c
global_step=538672 | return=-149.00 | steps=131 | track=ba4e157889c66184da04c4f26c950515
global_step=538880 | return=-152.70 | steps=130 | track=afdef09f60c567b74ec254d3e36bd3ba
global_step=538896 | return=-140.30 | steps=131 | track=e6c78405eb00de4ec1fbd9cf04d438b4
global_step=539008 | return=-142.39 | steps=131 | track=0e9e82ee9ba02f05e2dbb428e382b23e
global_step=539024 | return=-82.11 | steps=83 | track=1cb302eb31dd23becf3fb02d0f8fdc15
global_step=539104 | return=-147.12 | steps=131 | track=ce29dd6aaa3b73aad74d12a263c1126d
global_step=539280 | return=-144.30 | steps=131 | track=7501d4983ac432a3ad94705ee6242951
global_step=539424 | return=-8.37 | steps=157 | track=3a98a34043cb9872f411a21da75162cd
global_step=539504 | return=-128.08 | steps=165 | track=311b2c79c3ab65339e81a892df13c104
global_step=539856 | return=-153.59 | steps=130 | track=092e52c5d0fb9738c05844a921ff178b
global_step=539856 | return=-78.01 | steps=146 | track=2324f5071ad85f574c5a55c9baf4d0a5
global_step=539952 | return=11.44 | steps=66 | track=fdefd2f8e25453d70db1cf3e9a08ec56
global_step=540272 | return=-83.31 | steps=142 | track=414af6349e4e0b9e9e16b63733674b0f
global_step=540496 | return=-115.61 | steps=131 | track=c4c338523affcd9ec26c0a6b279d585b
global_step=540512 | return=-38.28 | steps=76 | track=737b77d0c1c0dc18639ab4860f31aa9e
global_step=540512 | return=-136.35 | steps=131 | track=b838a3a0a3371832dfd79605c4aaea47
global_step=540672, SPS=73
global_step=540864 | return=-32.32 | steps=136 | track=25088037ad077ab9743bc2bc661bb834
global_step=540992 | return=-135.45 | steps=130 | track=a2f615bd567d9db31c3daa5d8c4c27ad
global_step=541040 | return=-153.35 | steps=126 | track=d821ebf27ee4ac3e7110bd93152fbe13
global_step=541120 | return=-141.86 | steps=173 | track=941426634bc0add082bf0937c611b38b
global_step=541136 | return=-156.49 | steps=131 | track=7ebf9fa2dadba132b89da8885995c6d2
global_step=541200 | return=-151.10 | steps=130 | track=9211a5fd944250e2e5882fdd7adfc48e
global_step=541392 | return=58.31 | steps=69 | track=783f2013a3b713ae5aebc4d4ff88ece9
global_step=541584 | return=15.19 | steps=66 | track=ea6268621e11cfb83de8f165fb9a07de
global_step=541696 | return=-58.94 | steps=43 | track=ac3c3a2405a627935c4fe91d0e49a429
global_step=541696 | return=-26.63 | steps=136 | track=27ba35a8a1954d8fc471972d06f0a83a
global_step=541936 | return=-122.84 | steps=156 | track=f14ef9653824cac8a798b4ed84dfa2c0
global_step=541952 | return=-150.16 | steps=130 | track=a943593ec0e7a759e898925b76e6dbea
global_step=541968 | return=-132.29 | steps=131 | track=885580c5b677647f58abfa76987e2ec7
global_step=542064 | return=-68.21 | steps=285 | track=32b1d802f2664c57d4daab1dcee471f2
global_step=542496 | return=-119.24 | steps=101 | track=4ba37efed7505f64da0f1c73a49aca1b
global_step=542608 | return=-152.36 | steps=131 | track=745d3ba32cd5801bec08ea766c3a7237
global_step=542624 | return=-154.45 | steps=131 | track=b58f0c6ebc66734941668015d42ee191
global_step=542640 | return=-36.41 | steps=77 | track=1b8725a175a5f9c7da6e763292e65d29
global_step=543168 | return=-69.77 | steps=91 | track=abcc0588248e5bb113ba3914bcb23799
global_step=543248 | return=-142.73 | steps=131 | track=44fd7e81aced60f40a0e28cbf8e895a2
global_step=543312 | return=-149.92 | steps=131 | track=a24378e7f3e3f6b21f3ddc0be7fd5568
global_step=543648 | return=-133.25 | steps=230 | track=34f50bca2a0c1bf17d329756bd83c85e
global_step=543808 | return=-152.08 | steps=131 | track=d1ab935566357e09bf12efc0ff4ed84c
global_step=543904 | return=-60.50 | steps=120 | track=be6e3148e3f48c091820a8c87f37cc38
global_step=544016 | return=-100.73 | steps=185 | track=79809dae539c7c390dde4ecfbb1b05fc
global_step=544048 | return=-158.59 | steps=131 | track=3805e03be93166cf47e1a3bfa7742f74
global_step=544064 | return=-151.01 | steps=131 | track=68c57a907f1c6476eb2d4db40cb3c52d
global_step=544064 | return=-71.09 | steps=183 | track=f0fbf791f1a6fee1fbe7a5bd1bed70b9
global_step=544160 | return=-144.03 | steps=130 | track=5e8389a788bf5a925e88431091e1a350
global_step=544608 | return=-156.87 | steps=131 | track=19c3484bf923bf68f6bf3dc336a080a5
global_step=544624 | return=-171.96 | steps=189 | track=e7ecd09ce3539e2a1b8984c0dcc22b64
global_step=544672 | return=-64.88 | steps=40 | track=7903e3cbee9e152c0cea969d60d22984
global_step=544736 | return=-152.36 | steps=131 | track=5f2d12e6f5082772c784c40e6fbb8bee
global_step=545104 | return=31.17 | steps=65 | track=8d868ed14a24b41c1f9994e98c0eb34c
global_step=545152 | return=-34.22 | steps=67 | track=88b7aaa26ad4896f7337fe500b77dfae
global_step=545216 | return=10.77 | steps=65 | track=06939122bedd39fcab6af0fe70661ca3
global_step=545280 | return=-148.46 | steps=131 | track=1a5e43c8d53ba00cef6186b808161ef6
global_step=545424 | return=-140.80 | steps=131 | track=d1f638c23d2129623ed1432544dd62ee
global_step=545568 | return=-106.85 | steps=144 | track=95ec311b90172836777f87fc901b4831
global_step=545680 | return=16.28 | steps=65 | track=0f6650a9164936d1f0dd264742d4f284
global_step=545760 | return=-125.29 | steps=105 | track=3f9abfd9ad058e801f3bb18fa1ed5c3d
global_step=545760 | return=-145.99 | steps=131 | track=3ad660a3edeae2442c5ca5da8a151db1
global_step=545840 | return=10.46 | steps=68 | track=8a0c8478efb404d39e2f4195b765e27a
global_step=545920 | return=-122.92 | steps=131 | track=4890f84f5bda3a16c4725b63c404a957
global_step=546016 | return=-153.11 | steps=131 | track=cae37a11455fecf343d9c6fa39800c74
global_step=546048 | return=-132.61 | steps=214 | track=03933e270897157e0e4e6b32bc4a2944
global_step=546304 | return=-116.09 | steps=101 | track=3c3ae4d35ce9befeac3089101e3bf9ab
global_step=546624 | return=-14.93 | steps=65 | track=48553ea3eb6eaa893b11a5463d64f7f2
global_step=546720 | return=-149.31 | steps=131 | track=4b36478b1067461dcba7f40016ec9fa6
global_step=546768 | return=-4.54 | steps=62 | track=291aa1cc8306e7da986ee6b2f6ad2ad0
global_step=546800 | return=-16.95 | steps=64 | track=edec55b6a4e6994f091ebc2127b74e50
global_step=546848 | return=-98.81 | steps=97 | track=fde12c0c32ef848f86c2edbbba321d17
global_step=547216 | return=-157.10 | steps=131 | track=6f46c557e3b779ef2c558df60960dc09
global_step=547280 | return=-103.84 | steps=99 | track=e8fd18696b41705424b1f7880cc47c15
global_step=547312 | return=-56.44 | steps=91 | track=6a1d25ecf02b7548a81d2d458339fbd6
global_step=547312 | return=-147.79 | steps=130 | track=71568d3af5f86e586b28dbaa68ee95aa
global_step=547472 | return=-128.86 | steps=144 | track=18919d73dcc31d105e19e15b7ba27aeb
global_step=547632 | return=-112.55 | steps=137 | track=826fb7f548f269aaa1ed19bde0f52560
global_step=547664 | return=-13.18 | steps=64 | track=5e01c0abc27e86d9c51596224c0a4626
global_step=547824 | return=-127.72 | steps=110 | track=90b18f10da9a692c2635ccdaef47093a
global_step=548016 | return=-148.80 | steps=130 | track=cd1cc9243ef5d5fc5c52b94a1580ab1d
global_step=548080 | return=-156.67 | steps=339 | track=cac62d34b3a71213a4a9498891c9c4f5
global_step=548112 | return=-146.74 | steps=130 | track=b08907372870bf86745809e7f2d9e560
global_step=548416 | return=-153.42 | steps=131 | track=7650cb725820ac307ee288722de5c372
global_step=548464 | return=-25.88 | steps=61 | track=f073727d53b7c1f3a3ab0e4e19e822e5
global_step=548576 | return=-50.99 | steps=110 | track=1f5e86b7064782d73f021ba0be6f156a
global_step=548832 | return=-140.60 | steps=131 | track=b2d9db7149537b1f70031c6b4ea48f81
global_step=548880 | return=-151.05 | steps=131 | track=5204acc9a851ed186957ca72fa6447d3
global_step=548960 | return=-131.06 | steps=131 | track=d1962d6a655c5e5706abc3a2b16b4820
global_step=549008 | return=8.43 | steps=83 | track=84bc04eb523cecf808d5350ee65e7041
global_step=549168 | return=-4.73 | steps=65 | track=93bacaf35def1d17b7d94174c7612cf4
global_step=549328 | return=-145.35 | steps=131 | track=6739f65a9b905003d6bd37d0b7d99f3f
global_step=549392 | return=-142.00 | steps=131 | track=de885102b2695377ab3caa4b4db4759d
global_step=549424 | return=-160.80 | steps=131 | track=b3eb9a299bff6746466da34d6d071451
global_step=549424 | return=-133.97 | steps=131 | track=758dd3f044c0dcf2e15e252365955a10
global_step=549520 | return=-6.54 | steps=65 | track=5c1d2baec6e4bddfe7b89aeac208fe86
global_step=549728 | return=-150.30 | steps=130 | track=01053bb55a250e59245911d6563d8b0d
global_step=549936 | return=-146.88 | steps=131 | track=806a9ca30a998708054d349a82c85fd9
global_step=550176 | return=-145.66 | steps=130 | track=d3f1380e41f4ce702bc9ad698aaeba60
global_step=550400 | return=9.58 | steps=66 | track=15f2cfd923dd0010707934118ae5a08a
global_step=550496 | return=-112.22 | steps=100 | track=fb7c90dc5838b9826f7fda54255aa774
global_step=550624 | return=-112.43 | steps=137 | track=89431cded6229bd581d5b748b4789986
global_step=550688 | return=-126.58 | steps=131 | track=b3706b0f7218d3b8fa72c5c71de3f2ca
global_step=551072 | return=-151.01 | steps=131 | track=8d74f4a110766d29c8df6080bc3af32b
global_step=551280 | return=-135.54 | steps=131 | track=d9dee243d0fea4ff3e9846cfab9d4580
global_step=551296 | return=-39.78 | steps=153 | track=2291ede2507472776f19394662cbb3f2
global_step=551360 | return=-145.51 | steps=208 | track=ab940982c1bdc4ba3eb6906e9a582021
global_step=551504 | return=-162.99 | steps=131 | track=01ad40e48c9594e5c8b5d29f705c2a7b
global_step=551536 | return=-153.71 | steps=131 | track=8278dc91af411db392df212eab22430e
global_step=551536 | return=-141.15 | steps=131 | track=96e9295baa2099840b2a8c9337c6a0c5
global_step=551840 | return=-144.49 | steps=131 | track=63554c1e3b01d158b474edc4ec9d09fd
global_step=551920 | return=69.81 | steps=94 | track=3496cfed74af9464cd2c645f0435418a
global_step=552144 | return=-114.17 | steps=163 | track=cb3d72e7ce91183c664681f07b15bc87
global_step=552272 | return=-147.23 | steps=130 | track=63fb0055fd0d0d44656f1eaa9d3b418f
global_step=552512 | return=-19.30 | steps=62 | track=84942f4003b9124b4553464f569eef49
global_step=552608 | return=-137.71 | steps=131 | track=8653eb017510486776e9c42eac91dda5
global_step=552640 | return=26.50 | steps=68 | track=0b593ab5517b823c80032b03aa115960
global_step=552704 | return=-63.16 | steps=172 | track=9b1cc1f3e2c3691d2d05ed26728be410
global_step=552736 | return=-160.89 | steps=131 | track=023dee7769a491f8868b76e3915bd1d8
global_step=552784 | return=-158.47 | steps=130 | track=a5210229cc1c23791250dc67cb55bba7
global_step=553168 | return=-198.87 | steps=259 | track=bfe8386bc2e39cb5f75b4c884aa86029
global_step=553184 | return=-149.31 | steps=131 | track=05f10cd14e27bfbce1d357123e18d55a
global_step=553264 | return=2.04 | steps=69 | track=1a454d4f5d8d4e81d7f38e7da6da4d6e
global_step=553392 | return=-148.30 | steps=131 | track=55b32aef2d541879cb2fd648e4828bd1
global_step=553408 | return=-148.69 | steps=131 | track=158903a1794977e981ae7a080e28e6ab
global_step=553472 | return=-147.36 | steps=131 | track=fa0dbc78619e6c2f71d32f98a44561f0
global_step=553952 | return=-141.73 | steps=131 | track=2aa2a3a256daa14c4c86bf33f0f44bd6
global_step=554016 | return=-27.49 | steps=154 | track=ade005a0cafd5f98f9338d4234c1b612
global_step=554032 | return=-137.17 | steps=131 | track=8003c7f448e43739f8c0c3076b8b64dc
global_step=554384 | return=-143.25 | steps=131 | track=a47421a97b146daa6eeb74318f694a7e
global_step=554512 | return=-23.59 | steps=68 | track=6e501542ac813051363a023eab609441
global_step=554560 | return=15.39 | steps=67 | track=e093af9cbd21321458ce70fafe848b64
global_step=554624 | return=-141.76 | steps=131 | track=8e870126117e3ace1e2697034c1e7a3e
global_step=554720 | return=-138.94 | steps=131 | track=1cd76286a5c292494c602a8c7c79e138
global_step=554752 | return=-147.05 | steps=131 | track=e6f8f29bfb0e97febc346204c20f4007
global_step=554816 | return=-149.13 | steps=131 | track=e412ba1455c3b679e9d6ffc88d0943b6
global_step=554832 | return=-142.18 | steps=130 | track=a4afa4fa83ebe6716d4d13cbce0e2989
global_step=554896 | return=-153.88 | steps=131 | track=c3b8a871c54b0f448ae34c502c553dac
global_step=554912 | return=-65.51 | steps=59 | track=1af14cd771a76f741ee2de5513fece65
global_step=555104 | return=16.51 | steps=66 | track=119e4759f1d5e5b4a203abd5d61ec3e0
global_step=555184 | return=-140.47 | steps=124 | track=fd5705bca1e76632d1b53e4ddbc8c542
global_step=555280 | return=-138.79 | steps=131 | track=2fc840089091a1635af6211740fc456f
global_step=555360 | return=-112.57 | steps=130 | track=312275020fbdde98c8f75391531f3ac5
global_step=555504 | return=-135.54 | steps=131 | track=c4271a5bd389d4da7679016fe4bbe74a
global_step=555968 | return=32.29 | steps=66 | track=122a6c8c3cb3805d0569f3ceb0b79856
global_step=556032 | return=-101.96 | steps=94 | track=46761aad2a5958ab68d82943659b0e60
global_step=556144 | return=-150.13 | steps=132 | track=6788a331d2c1ff4f99a67d4abefd9a67
global_step=556448 | return=-125.03 | steps=101 | track=121c4db65d39e61a6922a2c99e0ca47d
global_step=556480 | return=-12.62 | steps=74 | track=fa6ef47af7bfd9372ea1685c42777cdb
global_step=556672 | return=-136.40 | steps=131 | track=d5495a7e7867cf2afaca74706aa6d38c
global_step=556736 | return=-145.71 | steps=131 | track=1977072e4dd0232b569ae6533757f9f6
global_step=556848 | return=-138.92 | steps=153 | track=96a925e3b52cf877cdc8940e079fa5ac
global_step=556864 | return=-146.67 | steps=131 | track=03a4c3df919f6e45b58b50416652a29d
global_step=557024 | return=-149.31 | steps=131 | track=1ddf2e84eb0b66770ffe555896834f90
global_step=557056, SPS=73
global_step=557136 | return=-20.80 | steps=72 | track=798594a4043867339a8593d6bb9bbd70
global_step=557200 | return=-148.45 | steps=154 | track=8318fbc5c4b458400f74075a4b13d0f7
global_step=557216 | return=-136.74 | steps=131 | track=973478ff63c220116fa6d56ef50a5501
global_step=557296 | return=-159.60 | steps=131 | track=e720986632a7214240496ef0f07e0d21
global_step=557472 | return=-137.20 | steps=131 | track=1e726ed30e5408155307cc83190fb17e
global_step=557616 | return=-150.79 | steps=131 | track=b4281b538a61e0d1e2ec614bd756f4ea
global_step=557776 | return=9.95 | steps=68 | track=ccc700fc159f980c22ba932e84a3c99d
global_step=558144 | return=-131.70 | steps=131 | track=eb4156fbd0f0a4011fcbf3d659dac33c
global_step=558176 | return=17.17 | steps=71 | track=45d30361f02d6c1ca519d5ff785710a3
global_step=558256 | return=-135.86 | steps=131 | track=1c01a247c214eb62d2f990cae2be5b0b
global_step=558560 | return=-142.39 | steps=131 | track=73eaff3266771ef71bc30e37c3c74626
global_step=558848 | return=-152.59 | steps=131 | track=37876ed6e11848ccf3895d92cb16d6d7
global_step=558864 | return=-197.99 | steps=251 | track=e5e52ca6e997328c0b750b5982ea7ec2
global_step=558960 | return=-145.58 | steps=130 | track=254050cbcea50775d1c66c9514609cdd
global_step=559008 | return=-71.49 | steps=157 | track=7f6605e3afd96bc4ffdf7e30c801fae4
global_step=559232 | return=-141.93 | steps=130 | track=895320ee5cdc60c41d8bd958cfaaa9dc
global_step=559312 | return=-141.15 | steps=131 | track=ecb58b788e02de2cc13583da27207a55
global_step=559328 | return=-141.58 | steps=131 | track=c2ac4fbb21faba5b966b75e759f70657
global_step=559472 | return=-49.98 | steps=82 | track=838f5167bb71f085882c5786fcc05722
global_step=559584 | return=-141.67 | steps=131 | track=f29e040dd5e3e7276563d1f33c0b9b92
global_step=559664 | return=3.57 | steps=68 | track=f4935b99fd6a47f2f3825d73c6448640
global_step=559744 | return=-58.71 | steps=45 | track=c8a639dd8630af94929cb2eb30ceab2a
global_step=559888 | return=-137.32 | steps=131 | track=8b0e656900ee8225dfe9917d2abc4971
global_step=559904 | return=-48.23 | steps=190 | track=652423d8dbce05bd1a6ab0d975d27fa2
global_step=560272 | return=-64.19 | steps=58 | track=3346a34e4dc1594654b27f60fc662401
global_step=560368 | return=-122.95 | steps=131 | track=cb84d37b35e4aaefbc342c96b9a456e7
global_step=560464 | return=-108.48 | steps=197 | track=c74c79e4d2658a4d0b5943730a46d427
global_step=560464 | return=-33.39 | steps=61 | track=b93d3cf97c9ddcd39257daaece4a4031
global_step=560624 | return=-8.47 | steps=64 | track=ca81c46651c88abee4f65cbfb2170345
global_step=560672 | return=-143.17 | steps=190 | track=98fae4d858f54c8ace79c9001cc7d4d5
global_step=560752 | return=-13.97 | steps=67 | track=00a9a548b5866e48dd0888c433fcaa41
global_step=560960 | return=-141.68 | steps=131 | track=5151b5ad731bed3d909615180fba0e18
global_step=560976 | return=-139.41 | steps=131 | track=02e0619bd54808c4b9f73567fc5f654d
global_step=561072 | return=-139.60 | steps=131 | track=194c951056292a0e757d79c285f0c56c
global_step=561360 | return=-146.46 | steps=132 | track=d6e9e77e3bcf8f0e91572e3d33864e90
global_step=561424 | return=-136.84 | steps=131 | track=f9c2ee4a9ac1202ce57f0b73235d382c
global_step=561552 | return=2.03 | steps=67 | track=5a92c73101dd8cb6b9ccc26917d9480b
global_step=561808 | return=-64.61 | steps=52 | track=37568f7d3fa97088190a3951f8b9ce0b
global_step=561840 | return=-144.05 | steps=130 | track=aaa36e9ead40bfb75e7ebb3a415a431d
global_step=561984 | return=-8.23 | steps=62 | track=df97fba11ace5f8f0ffefb6eea4418b4
global_step=562000 | return=-131.97 | steps=131 | track=347fb2048d5a7d467542f98ece184451
global_step=562208 | return=-120.09 | steps=143 | track=3991dbbbea787dbed4f6c3b9dc91503c
global_step=562384 | return=-147.45 | steps=131 | track=fd36f21e4aa6d7a1f01e08bd3bf19de0
global_step=562432 | return=2.56 | steps=66 | track=0e31c96fd605d548e198bb2377c452f4
global_step=562480 | return=-152.36 | steps=131 | track=df48b586e0b1667d339b4e2e5b202234
global_step=562528 | return=-124.59 | steps=110 | track=172951d29bba71239a1392f30ee01392
global_step=562576 | return=-149.71 | steps=131 | track=39cf71c730ac7486419bf33f0444c8f6
global_step=562688 | return=-77.57 | steps=281 | track=ae2f7c5990a20e11233fc99ad5690e83
global_step=562768 | return=-145.48 | steps=130 | track=da4e83c3a6464b903d9cbccd47947cae
global_step=563056 | return=5.60 | steps=65 | track=7391c68606d9c7ad5d50de5fbdc7542d
global_step=563136 | return=-116.03 | steps=156 | track=cb942a390b9f98735b416d1ff4e68364
global_step=563184 | return=-132.18 | steps=131 | track=d277d397034a9e5cf1c81af068544301
global_step=563280 | return=-72.26 | steps=91 | track=324f4e6e61062095df6bc684b52dc485
global_step=563536 | return=-45.76 | steps=47 | track=45c5161d809a28882d44b8238010bebe
global_step=563680 | return=-5.08 | steps=68 | track=9160bef9ce4ec745d1317441fcea9377
global_step=563744 | return=-96.77 | steps=144 | track=255478c8fb90f733c8f073c309ab0966
global_step=564096 | return=-137.36 | steps=131 | track=c1c737313365cbde5f768e95b6e9377f
global_step=564144 | return=-105.10 | steps=90 | track=55e26793f740f11340c8b5d9d827b1aa
global_step=564320 | return=-142.23 | steps=131 | track=4a490945efafcbb6d55874a13a406cdb
global_step=564464 | return=40.61 | steps=79 | track=a4493a9005a80450108c69ccf95dd928
global_step=564496 | return=-139.05 | steps=131 | track=54dc7b12a35fd3389dcdad1cc797ca70
global_step=564528 | return=-159.42 | steps=130 | track=b3a05d9963560eedd2f14174c8df1b53
global_step=564960 | return=-108.99 | steps=154 | track=9c6f6e8beb6ba940340d693113a816cf
global_step=565168 | return=-130.08 | steps=131 | track=886c50698def6bd3c475a9ae1f0da483
global_step=565232 | return=-213.54 | steps=229 | track=a9fd4f6caaf1d27fdb5b61f6be7d034b
global_step=565248 | return=-145.03 | steps=131 | track=f840639c0cbf8c6c13f6de4989897ea6
global_step=565488 | return=44.29 | steps=72 | track=ae433e05d28eecee837cc81d130aa0cc
global_step=565600 | return=-148.46 | steps=234 | track=a5c652b77eb1e57bd38be5fb178dd79e
global_step=565648 | return=-131.49 | steps=131 | track=b1912488ac0904d5eda5a5c992e7774f
global_step=565792 | return=-141.40 | steps=131 | track=097f02865619cfc56be5347d3349fd87
global_step=565856 | return=-143.89 | steps=131 | track=6fab50b331d11a0b78e7ce5d1faf400d
global_step=566192 | return=-53.15 | steps=59 | track=21d3737c223e7ae1e4905592b5b7ee45
global_step=566208 | return=-136.84 | steps=131 | track=7ba959b52b8dbbdbc60e4fe3c9ff7f00
global_step=566448 | return=-92.62 | steps=143 | track=e470628143afef2e03a3e0c5c48c7b3e
global_step=566560 | return=-157.76 | steps=130 | track=27aefebdf9c37c0de3d70ae7e63a0537
global_step=566592 | return=-134.90 | steps=130 | track=1a2405fa0da679b30fa3ffdf63fb6b8e
global_step=566736 | return=-33.35 | steps=67 | track=5392a0400fc22ce523299e9751ac3caf
global_step=566800 | return=-105.40 | steps=141 | track=579344abdb1e21cef90b4daea7c97612
global_step=566832 | return=-5.56 | steps=64 | track=fd0f5cc786923567a9f44c73d7be549d
global_step=566928 | return=-198.51 | steps=274 | track=ce2f8cd57dbbf6e4b0a48c8a22745134
global_step=567072 | return=-159.84 | steps=131 | track=77b1430fb76f3f539f16de5379c6d4ee
global_step=567152 | return=-71.27 | steps=58 | track=64d1918c6cc38d8a7bbc32e2fa06ab9b
global_step=567248 | return=17.40 | steps=65 | track=0a7de965ff5517142ebae94e03b9eb87
global_step=567376 | return=-149.68 | steps=255 | track=3ea22ccd73d036c58902fdd465c6d519
global_step=567600 | return=-136.84 | steps=131 | track=1fe47ba89baff85ecac27144e523c25d
global_step=567712 | return=-145.86 | steps=131 | track=e1e4b4dfa04c599925453925d21a7372
global_step=567728 | return=-43.71 | steps=154 | track=a9f0e155ac04fe9d227939a28f45b68c
global_step=567840 | return=0.36 | steps=64 | track=75837e63a532c8231f420757289cd828
global_step=567968 | return=-142.41 | steps=131 | track=fcd2191e3121cb9fcfc3227304872594
global_step=568272 | return=-104.31 | steps=89 | track=6f2eb4ec0c69f331fbf40c2414843450
global_step=568400 | return=-7.02 | steps=71 | track=8b1ed7896291b80fd6f7b7e6a35a2ddf
global_step=568560 | return=-147.64 | steps=131 | track=a49b38620f7f8ce40a1d79d97324eb4e
global_step=568672 | return=-144.19 | steps=131 | track=6df0fe051bbd9fc4739a29fc14ed7712
global_step=568704 | return=-143.80 | steps=131 | track=7ff6da1218d614e241423fd83826698a
global_step=568848 | return=-187.11 | steps=229 | track=26c01f99835c584d33df16506aa582de
global_step=568848 | return=-134.98 | steps=131 | track=2d9b45673fc13c003b1a249600ec59b1
global_step=569024 | return=-146.87 | steps=130 | track=05f5753bb0ecd823ba7912a3d9400589
global_step=569392 | return=-65.04 | steps=144 | track=e685a2c284025177269ef8c07f539bcd
global_step=569568 | return=-97.62 | steps=136 | track=8c796d292241e306572c0db5545e2543
global_step=569712 | return=-70.88 | steps=89 | track=04b49aa01fb14dd9b23a0e28a9359497
global_step=569712 | return=-147.36 | steps=131 | track=d37482f23ba9f526222005aa8be2db4b
global_step=569840 | return=-118.00 | steps=131 | track=4f5e3ef0cfd7b6ad599b89754cc711de
global_step=569952 | return=-143.50 | steps=131 | track=d6ab53e7d60ba7a48288cebf99242676
global_step=569968 | return=30.28 | steps=69 | track=63bc9ea124723a0ec5738cf16bfc7ddc
global_step=570176 | return=-107.59 | steps=137 | track=a26d3d0693f57841f7511db8461ed3fb
global_step=570448 | return=-76.94 | steps=45 | track=6907873f416ccb05ca5c89c77aed3c0c
global_step=570672 | return=-138.94 | steps=131 | track=e9f9e3009943f06cc34d5f0d482fe34e
global_step=570784 | return=-137.11 | steps=131 | track=2235fc503ece44def4edfee7c2317268
global_step=570816 | return=-144.32 | steps=131 | track=73fed04eff526ff51699aca78ea12911
global_step=570944 | return=-227.44 | steps=236 | track=c2b9cbfb995339b436f4031845ac474f
global_step=570960 | return=-142.83 | steps=131 | track=6f46261b628a2a3d7f1544288d164dd0
global_step=571024 | return=8.87 | steps=81 | track=dc86347bd253179efc4f4cbce0d86579
global_step=571120 | return=-143.48 | steps=130 | track=f2474940658c82ff05326fc3edf8f327
global_step=571216 | return=52.54 | steps=175 | track=5c1a302a31eada604135a32e93b405f3
global_step=571504 | return=-142.28 | steps=131 | track=831755008772ae20915e14333884be16
global_step=571664 | return=-148.20 | steps=130 | track=601e415f53fcd48bfc73113accbd3565
global_step=572064 | return=-137.27 | steps=130 | track=ced129e60a08278987dad193096051e1
global_step=572064 | return=-145.48 | steps=131 | track=a652581bfb338eb625213813078794de
global_step=572112 | return=-54.46 | steps=141 | track=aff2ed14b89d9882f2bddbd5e18e3a0e
global_step=572272 | return=-151.31 | steps=130 | track=156da99d7d7826e48bfcf89ead26b51a
global_step=572720 | return=-155.03 | steps=312 | track=da7232dd1cd7010f9bdd0db5f7bc2d62
global_step=572768 | return=-140.34 | steps=130 | track=4596371c3b6ac19a8bbc1c67dc781930
global_step=572928 | return=-141.28 | steps=131 | track=c08350faf628975a6b20f58deb714f5a
global_step=573056 | return=-142.61 | steps=131 | track=ef219b849000375806ca711219efe1d9
global_step=573072 | return=-141.52 | steps=131 | track=ca4b8e845bab7a35628d2a55641e2f65
global_step=573104 | return=-120.70 | steps=129 | track=8d613f6ab8d33f4adcd8b3eb3601fba5
global_step=573440, SPS=73
global_step=573472 | return=-51.94 | steps=43 | track=193e706d0eddbc4de938097bd086bbba
global_step=573536 | return=35.91 | steps=192 | track=efcd11431d80a1feddd2a8ff7cc563a5
global_step=573600 | return=-148.42 | steps=130 | track=a0fc6bd4747a12779f8ca217edd2ec8d
global_step=573616 | return=-81.53 | steps=149 | track=ea53bd07fdcfea5050f992624fd46ad6
global_step=573776 | return=-138.94 | steps=131 | track=618bb4dfb30daf0f95f57a82d850f084
global_step=574176 | return=-155.17 | steps=131 | track=d8fcd715e0fb5310de70e60685b78f8c
global_step=574176 | return=-135.86 | steps=131 | track=45e474e631147fd10644ab9fe3cc4f21
global_step=574208 | return=16.18 | steps=130 | track=28ae1a951e87db8b162065db55261eb6
global_step=574224 | return=-83.55 | steps=93 | track=65a75553f4e6b50bc6369c27e7ca992d
global_step=574320 | return=-124.82 | steps=220 | track=4f1e05f1373ff086e7c6bede4e4fc862
global_step=574368 | return=-145.48 | steps=130 | track=fce378c2cb9b0d6d28aadd27f86f0203
global_step=574416 | return=-72.32 | steps=49 | track=48c536159c4978b41f61803adac78de4
global_step=574944 | return=-80.60 | steps=238 | track=8088cd5ec93888ff13e813b5ae25cfc1
global_step=574976 | return=-111.79 | steps=89 | track=044ddf4f0c2943dfcf750ba1452813b9
global_step=575040 | return=-145.48 | steps=131 | track=7c0896c8875f795617d145b0d055c60d
global_step=575152 | return=-139.10 | steps=130 | track=54ca9e08943ac6d9372f92db124b8d16
global_step=575184 | return=-132.64 | steps=131 | track=610f937b41121c6284ae382930fc251b
global_step=575184 | return=-17.80 | steps=87 | track=bf5802e45e683e491e1170cf9982e776
global_step=575216 | return=-15.91 | steps=64 | track=ab06cc6b7f9f71ec6dbe26adfaf5f53b
global_step=575504 | return=-129.47 | steps=149 | track=58224b3d4687b09c04516dcebaba58ae
global_step=575600 | return=-139.02 | steps=132 | track=cf558af1c78995838730ce3afc37f5cf
global_step=575776 | return=-121.78 | steps=135 | track=4795a20917ae265f7feb851dbeb15447
global_step=576064 | return=2.44 | steps=63 | track=185a6189c5e31c8577f0e08daac37d84
global_step=576160 | return=1.45 | steps=62 | track=813fff2ff0dc49368bc88214a708fc43
global_step=576288 | return=-147.36 | steps=131 | track=1a48969d392764fa5ac0eb5b42725d0e
global_step=576320 | return=-140.07 | steps=131 | track=bcc9c2e4b677137a1973823808029828
global_step=576320 | return=-150.52 | steps=130 | track=b1e04acd2c603debd7fe0682f781aa0b
global_step=576368 | return=-79.43 | steps=47 | track=3a8f24c244bc97874485298861cfd9dc
global_step=576432 | return=-144.76 | steps=131 | track=3bc2645b8c793da029dfa4e8c61e1131
global_step=576480 | return=-153.02 | steps=131 | track=2ec8a338f5c3a463e1b86e0305e48430
global_step=576960 | return=-85.48 | steps=110 | track=2689f8d76875811c06fa38ca65d09543
global_step=577088 | return=-144.50 | steps=131 | track=7d71377ce9a3ddb5dab427be7b317524
global_step=577264 | return=-119.67 | steps=177 | track=b63e3503889d352ecdc68f5d2fdddd8a
global_step=577280 | return=-154.33 | steps=130 | track=83c6d3659de96f0092c58425ded823ca
global_step=577296 | return=-69.61 | steps=60 | track=a869e0df287f8e98fa758826da73ba8b
global_step=577328 | return=-97.81 | steps=131 | track=62aa444bda757a9a81ce5f65f97a0014
global_step=577456 | return=-149.15 | steps=121 | track=5755e24a0fb8517e8990a4e6d5096a6b
global_step=577664 | return=-49.63 | steps=99 | track=cec35e841aeb058155d011ac922fce86
global_step=577840 | return=-45.33 | steps=87 | track=d020cecd99ae96d8e025bcedfbbd0289
global_step=577888 | return=-147.37 | steps=131 | track=b3846c85271e34c0945a6af3852c602e
global_step=578128 | return=-71.30 | steps=114 | track=82c6e1e2afd8a688c40b7df9640ff58d
global_step=578272 | return=-120.91 | steps=131 | track=d9e4a5f39e3fd653b3d1426487f96389
global_step=578336 | return=-3.64 | steps=65 | track=e87124563c25fbfb7446a801a4d35fbc
global_step=578432 | return=-151.06 | steps=131 | track=efa57be818b18c3533d018dd55b05a5b
global_step=578432 | return=28.91 | steps=70 | track=d449816ec5aa1bdb3b72f3166a3cc563
global_step=578496 | return=-142.01 | steps=132 | track=c914aa0f66a83160287cf0bcc4a3f198
global_step=578512 | return=-195.34 | steps=222 | track=0a7a5d44c28d049ea23d66ad2a3056a6
global_step=578752 | return=-124.01 | steps=141 | track=6f01e37d1d8e3955c7752f647648c183
global_step=578784 | return=-65.49 | steps=94 | track=db590fe0dede2501300e9caee691c4ae
global_step=578928 | return=-86.91 | steps=49 | track=9f6e57e06899d274de57f2913b59b429
global_step=579072 | return=-134.83 | steps=131 | track=0e5c6060ff7955ba648b8ce2ec8c1fac
global_step=579200 | return=-139.42 | steps=131 | track=749af18a56061f82e19dd6723f1c3ddb
global_step=579440 | return=-137.36 | steps=131 | track=78980f8026ab69ffd4c5773f0c29ce8e
global_step=579488 | return=28.02 | steps=65 | track=fb3885cd643051682196461a5c49382f
global_step=579488 | return=-11.30 | steps=65 | track=b8755cdfec71888168131152f8676b61
global_step=579600 | return=-112.76 | steps=106 | track=150cd7e4cb51b6b65e25f3fbb3e6df4e
global_step=579776 | return=-146.22 | steps=131 | track=30193744830c1799e5b65c3c035bdb21
global_step=580192 | return=-105.56 | steps=146 | track=850b492a15b2441ac83547c6ef61be60
global_step=580384 | return=-138.00 | steps=131 | track=ff2e4907ff059e52e961994ce8dbae77
global_step=580448 | return=-133.36 | steps=131 | track=eb59090d1930e08b15a9af581c685a68
global_step=580496 | return=-12.90 | steps=62 | track=b973ac6b41feb9331e2d1e4e2056db6d
global_step=580592 | return=-134.98 | steps=130 | track=6dd61849b868cf08fdb3f50f4dd6d1c9
global_step=580608 | return=-152.48 | steps=130 | track=0a1ba612d11cf2fbd9af64a7b0d561e2
global_step=580864 | return=-147.10 | steps=131 | track=4ced58c88d37a8a052dc3676f474f5be
global_step=580880 | return=-136.22 | steps=130 | track=d63fe97ac3e1866c671fbdb1fd45602b
global_step=580960 | return=-46.51 | steps=47 | track=5ae24056cdc69af390fd42183e83a9d1
global_step=581040 | return=-151.50 | steps=131 | track=2a86c7696b9b8b97cd8bb5f43a228bdd
global_step=581184 | return=-149.80 | steps=131 | track=2ef2b13ceb650e3947aff93889452dd4
global_step=581312 | return=-147.21 | steps=131 | track=97864fe10347ba16ce4b2721e5336346
global_step=581552 | return=-145.26 | steps=131 | track=9e3c8256190cda1a6c05714a2575ab7d
global_step=581600 | return=-148.39 | steps=131 | track=7d531545eb3d59ab9f3124d269398c4f
global_step=581696 | return=-47.49 | steps=74 | track=c63d0bae4f77c654e66d5572e6b1fa31
global_step=581696 | return=-133.29 | steps=130 | track=25987d68e54b43e5c7f43faca391e590
global_step=581728 | return=20.02 | steps=69 | track=6f415b2bda73f7c3db7c05870ad65d25
global_step=581952 | return=10.98 | steps=67 | track=78607b4af90d6ad6805de9a57cb1d7e2
global_step=582096 | return=-258.95 | steps=289 | track=9291cbfc4677f7e0d5882404d67c4c9a
global_step=582096 | return=1.14 | steps=65 | track=b1267c2919bb3262e8afe44702c973a5
global_step=582416 | return=-151.19 | steps=164 | track=42c0099fc2eae5c6d4e19c7571722971
global_step=582480 | return=-139.39 | steps=130 | track=a7a2c330eddde9ac48ba901ab62a51aa
global_step=582560 | return=-10.38 | steps=62 | track=41b969eb7636b653fbcfd15ff2dcbc74
global_step=582560 | return=-146.67 | steps=131 | track=b42e84119456f7226eb2fdf241384623
global_step=582704 | return=-155.53 | steps=131 | track=74fcd85b5ee3b458ff7873fb803fe319
global_step=582992 | return=-139.56 | steps=131 | track=034b6d45ed2a32b6892677733b643c25
global_step=583072 | return=-55.79 | steps=60 | track=ee876920acfdaff7b27177b99e3b8d02
global_step=583216 | return=48.06 | steps=69 | track=2df3281dad62b8a054e3ddcc375103e1
global_step=583392 | return=-114.94 | steps=89 | track=278142d416268d8d7629e40f72a0c565
global_step=583408 | return=-160.18 | steps=130 | track=7a03ea3b1877f502e84b389e1dd108f8
global_step=583520 | return=-92.09 | steps=159 | track=d76ad63350b8b43b2228c7c1a5474a61
global_step=583712 | return=-149.71 | steps=131 | track=239f709a1f1b1476eb87c4f43fc89aae
global_step=583728 | return=-58.56 | steps=72 | track=d4b391cfa12c2ede356c77c985797344
global_step=583808 | return=-133.66 | steps=131 | track=06508e724d04b36c0a5f2ea2608ec2cb
global_step=583808 | return=-146.60 | steps=131 | track=02538740da067fccf0e16676d42cde7b
global_step=583840 | return=-139.05 | steps=131 | track=c7bdd5bb419aec7f58b2e681537ce673
global_step=583904 | return=3.88 | steps=169 | track=d7a46f48ee813a4ba4197aba617750fd
global_step=584352 | return=-112.73 | steps=102 | track=ae643e8d1052675a11f851c579d2223b
global_step=584624 | return=-126.44 | steps=137 | track=a22f97b111a88c624c365c82b5144938
global_step=584672 | return=-140.60 | steps=131 | track=68602e5f7bdbaeb798a34eac1cd3ccb9
global_step=584768 | return=1.85 | steps=64 | track=b681f21b1f4f989933db5a7fa6ef6ded
global_step=584880 | return=-71.51 | steps=91 | track=473e449bac2b60889dc2e28f8d63a689
global_step=585168 | return=-146.89 | steps=130 | track=f9f9960f779f65c3c486f909b6fcc025
global_step=585648 | return=-105.31 | steps=151 | track=31db728f7d216db732d5ec7ffb2642fc
global_step=585872 | return=-28.40 | steps=61 | track=ea7b557eb72dc219492d3390dabd8eba
global_step=585920 | return=-111.33 | steps=157 | track=d0e250bc556eb85ed98b139ce8e67e10
global_step=585920 | return=-142.93 | steps=131 | track=7d0970e16a1bbc03d8f52ab6c0807552
global_step=585952 | return=-152.90 | steps=131 | track=4542a63096fe84bf0772189f72ffbd3e
global_step=585952 | return=-162.73 | steps=184 | track=d50675c3279b5d95e79dacc753b78053
global_step=586016 | return=-152.08 | steps=131 | track=73f6126ad79bda24c78e301918d2fd30
global_step=586048 | return=-71.84 | steps=145 | track=f2130090044bf9073bcd49786a039897
global_step=586096 | return=35.32 | steps=57 | track=9da77cf336fec8ff1519f2f667206580
global_step=586112 | return=-170.24 | steps=226 | track=e07d6ea5dd9ae395f5d19847f1cb1e46
global_step=586176 | return=-102.57 | steps=165 | track=206a3ea8fa41ea87888f19d4d8d04bad
global_step=586464 | return=-138.96 | steps=131 | track=1bb056580d01b6f6ed413db9ca945c54
global_step=586704 | return=-52.98 | steps=40 | track=2cdcbc997fa32e9d4a04b5abeac76805
global_step=586768 | return=-74.14 | steps=41 | track=d7179b9f8b352dccfdcfb974f5f87045
global_step=586784 | return=-139.66 | steps=131 | track=5e1e071b222c538c7a0d0ed7d3ed14ca
global_step=586784 | return=27.26 | steps=70 | track=4b0d14aa38031411d66ab2ffcdd197af
global_step=586784 | return=-84.61 | steps=185 | track=62f0f95bed6ee43c986935b811c57463
global_step=586880 | return=-143.89 | steps=131 | track=abbb0f4708f985f440369ebe7c7e2347
global_step=587072 | return=-51.03 | steps=152 | track=28921af5348318d9f745ce4248c10968
global_step=587280 | return=23.98 | steps=68 | track=476a817f76f6e985c49200cb34d25988
global_step=587376 | return=-100.85 | steps=90 | track=0baa22fe6594a00c05f42c1af8f84fdb
global_step=587808 | return=-6.81 | steps=63 | track=0060e09cf250c1e34fa1afb9be829eb9
global_step=587872 | return=-30.95 | steps=67 | track=f849bde0d61f996d0de3d578473e576b
global_step=587984 | return=-149.91 | steps=131 | track=36dc3af14e3e15b6bddc9485f4a76a0e
global_step=588048 | return=-149.45 | steps=130 | track=5d752c896b4f8ec70d66d6e6f79e37fc
global_step=588064 | return=-102.66 | steps=133 | track=0b70da0cdd5fd88b465db217911fc0cb
global_step=588064 | return=-149.91 | steps=131 | track=7cc2a7390b9e04d7a810dd12a5beca11
global_step=588224 | return=-152.97 | steps=131 | track=1558f15cd7fc9eb1d7ca010292845015
global_step=588400 | return=-164.54 | steps=148 | track=a2f7911b08a23835d1c15b5b30418e4d
global_step=588576 | return=-143.62 | steps=131 | track=db1c0f2fa97ceb75daffe8a6618f298a
global_step=588880 | return=-152.36 | steps=131 | track=a68de1610127bdf26b8cd93e9252bde8
global_step=588896 | return=-146.85 | steps=131 | track=bcde2974a8f17c70336243b3df22bae9
global_step=589136 | return=12.94 | steps=66 | track=cd47bb0a90bad607a88a9cb2d2b896ed
global_step=589152 | return=-67.13 | steps=57 | track=b39d08ebc125363dfbbc91211b01a2f0
global_step=589184 | return=-90.92 | steps=143 | track=b9c84504dda1a7d53c12d326e2888496
global_step=589184 | return=-142.16 | steps=131 | track=7d365cdb015c97ff74202e06313595fd
global_step=589392 | return=-145.96 | steps=131 | track=0caa8ef06af5bcb84c66dfe4f2378983
global_step=589472 | return=-151.82 | steps=130 | track=7897e63824f3a90224bebf1060766d09
global_step=589568 | return=-92.53 | steps=94 | track=fd6eb35adad595d143fc1400baad39d9
global_step=589584 | return=-45.71 | steps=94 | track=68ba0436208bcffb67da57cfc9757f52
global_step=589792 | return=-154.22 | steps=192 | track=4513d7822f9d8068db46506df6ac6cdb
global_step=589824, SPS=73
global_step=589968 | return=-149.54 | steps=130 | track=737fce79f4aec4d80d06a02c92818998
global_step=590064 | return=-1.35 | steps=92 | track=12026c4daba8fad674f0d17ea424fed1
global_step=590096 | return=-140.13 | steps=131 | track=800cd3b153583712c5f687deab185f7e
global_step=590512 | return=-135.22 | steps=131 | track=242309914bc87baacbad89426d6cc685
global_step=590896 | return=-12.06 | steps=81 | track=c0a44a4d770aa9bbe01e1df9c20aab1b
global_step=590992 | return=-160.02 | steps=130 | track=9ff9331f76fd47c4c0cb6b48fcc4df6e
global_step=591152 | return=-1.68 | steps=65 | track=2723ac12fb925018f88f152d08c6f19b
global_step=591248 | return=-139.30 | steps=131 | track=be6f07d6f7ce955fb82af86283ae9d8c
global_step=591264 | return=-136.40 | steps=131 | track=30abb2594f75239fdb56c6dc2292fcd3
global_step=591296 | return=-141.31 | steps=131 | track=8552e3979e10cf23fbde20c26bcfd9df
global_step=591296 | return=-162.79 | steps=131 | track=2f3bcf3304cba8620bc93d5da8906d65
global_step=591584 | return=-146.20 | steps=131 | track=7879d6b052e0104356555f4161502d67
global_step=591664 | return=-141.90 | steps=130 | track=71d3bf0a443b1bd772f6d53ac443b23d
global_step=591760 | return=-77.28 | steps=246 | track=af54e810898288c03502c7deae54a9f6
global_step=592160 | return=-145.38 | steps=130 | track=27f062ea2e9af19ce80e4c1c7e5f6842
global_step=592208 | return=-11.05 | steps=65 | track=a1f5a4de4a4f6894ca2152da8a04aa5b
global_step=592272 | return=-12.13 | steps=63 | track=0ac6997e2b1595934592590d74734441
global_step=592768 | return=-148.25 | steps=174 | track=3c6550787d08cbe513199455bb6f62b7
global_step=592784 | return=-207.61 | steps=243 | track=6e08c6b9ba3679440c7cd762f9163d20
global_step=593008 | return=-151.81 | steps=131 | track=6d9de75151f2931db09e66344143fe62
global_step=593024 | return=-40.77 | steps=109 | track=a3c347412d369fe9f55e9a10bc39eb29
global_step=593408 | return=-155.50 | steps=131 | track=f2edd6b0622deec1f3b97545e8859c59
global_step=593408 | return=-142.61 | steps=131 | track=1f75b730bedb0857b97a72fbb6c49c67
global_step=593472 | return=-74.66 | steps=154 | track=9e3e0b2ec8c05c34135d29f822b968fd
global_step=593712 | return=-102.05 | steps=89 | track=88f640338b254b96c54f30abdc8a1832
global_step=593760 | return=-141.02 | steps=130 | track=043e922c9cfe7274ec70c757baf81797
global_step=593872 | return=-145.35 | steps=131 | track=791c04468aecd33cd2d4801e424f0765
global_step=593920 | return=20.16 | steps=282 | track=dfc68f6e0b59584d239a0bd5b2401fa1
global_step=594048 | return=-101.03 | steps=265 | track=e3c1357434855e46f76e6a287eca2950
global_step=594064 | return=-195.86 | steps=221 | track=123778e446909ecb348d4f1a5b7eb0d3
global_step=594096 | return=26.27 | steps=67 | track=45e74ad755c0f0c9ae7ac3095be90123
global_step=594256 | return=-136.03 | steps=130 | track=4aed3948f9f2eec10c02813479b1cb64
global_step=594320 | return=-150.26 | steps=131 | track=ccf745784a42d7453b2c02be159512aa
global_step=594640 | return=-13.97 | steps=76 | track=2d8e27d11f096cc11d8d39a6a0a1a054
global_step=594848 | return=29.97 | steps=67 | track=07110c29c2b04d0d8324c2a6d2e6ee1b
global_step=594880 | return=-143.59 | steps=130 | track=3be6e7e5738a00be128ac52afb8eea70
global_step=595120 | return=-146.10 | steps=130 | track=2cc2aa9f3b4d5e3f32be89eb1d97bdce
global_step=595264 | return=-124.93 | steps=111 | track=3825cff95d4f2feb94dd78ab3eee3d2b
global_step=595520 | return=-139.21 | steps=131 | track=954d326f294c0329450e5a1e8eb4ed6f
global_step=595520 | return=-109.20 | steps=90 | track=1c23b6cc91aacc8d6ab62845700b9003
global_step=595680 | return=-128.31 | steps=255 | track=69cff36af7a710140d1e9aea9ab11a73
global_step=595760 | return=-28.57 | steps=69 | track=f3c1cdeeea95be446f16f7193a36afb8
global_step=595824 | return=-142.40 | steps=131 | track=8c676883258a285f58049a51b5f672a7
global_step=595984 | return=-156.87 | steps=131 | track=dcc0fbcf6e9216991ede1554216f15b8
global_step=596016 | return=-103.87 | steps=130 | track=973209f1de98ef823c13c464d9e5d130
global_step=596160 | return=-164.04 | steps=131 | track=1245e49820d46bdef8500da135f0a865
global_step=596192 | return=-84.23 | steps=66 | track=747fa5f658669e4286e10ccd85f1b7e7
global_step=596208 | return=-151.44 | steps=131 | track=dbb934ab8a2de2247abacdaebb00ff92
global_step=596432 | return=-142.65 | steps=131 | track=39c2b4b5882bbfe951e99eff5705cde1
global_step=596656 | return=-44.39 | steps=55 | track=3ffce37ff8f2d25c2ed6af8a8860d76e
global_step=596752 | return=-33.54 | steps=45 | track=b3934ca996dac89997870adddcc10351
global_step=596960 | return=-156.21 | steps=131 | track=d0d98e711006674aaf160e79ac4123cf
global_step=596976 | return=-18.71 | steps=48 | track=61ec3f369cc1d288198b531b19c7b0c5
global_step=596976 | return=-163.30 | steps=130 | track=4cdd96a3500dbcbf6243c10ee4050f46
global_step=597168 | return=-169.85 | steps=181 | track=a5c200592b2d4f38217176e98cbd1c07
global_step=597376 | return=-145.93 | steps=131 | track=0f3a20d3f135d4e7f4b38fd54e78fd05
global_step=597632 | return=-150.60 | steps=131 | track=b99f42f09f3bb79fb492bc26df44a578
global_step=597632 | return=-135.10 | steps=131 | track=2f9cc703c08a57e8bff2ce51dd1e928a
global_step=597920 | return=-138.34 | steps=130 | track=dc8352b9848c568b191e69c8ea6c956a
global_step=598000 | return=-176.95 | steps=326 | track=c83b4bdfcd6ecbed0d2f1fdaaee789cf
global_step=598096 | return=-85.63 | steps=89 | track=3a1fe5f9dcef3161f0e6524a3f6e14fa
global_step=598096 | return=-143.83 | steps=131 | track=73a9eb26735221e64b1f0aa7c9ac8464
global_step=598208 | return=-65.01 | steps=127 | track=b0aec6865574ae73b9484daf33b0c482
global_step=598320 | return=-144.50 | steps=131 | track=6465491da3049a17a8ede6991294b1c6
global_step=598544 | return=-160.58 | steps=131 | track=7c7b719beb5d94f314c9d93d618c2cc1
global_step=598848 | return=-151.78 | steps=130 | track=fa75bd43f984bb7933b6aa3a7ed4ecab
global_step=598864 | return=-73.94 | steps=76 | track=8259d64f8dc97e63d1fac3b4f0f162d4
global_step=599024 | return=-8.71 | steps=63 | track=e2a256440a17424c36434125f6b132d2
global_step=599056 | return=-137.20 | steps=130 | track=e91ed483e3a029dffdfee1025da87092
global_step=599088 | return=-132.58 | steps=131 | track=192191130e61650c515d3cceb9867668
global_step=599200 | return=-161.66 | steps=219 | track=1d844a23b37f2d9aee9a51ff48987691
global_step=599280 | return=-146.19 | steps=131 | track=320e9e1bd559589f18e9c17fde3c94c3
global_step=599312 | return=-86.70 | steps=120 | track=4d1e6ec00a4507d6b6bd23ec84de9570
global_step=599504 | return=-118.55 | steps=87 | track=8695fc7c51651f19b91b442a7cb004a5
global_step=599728 | return=-138.71 | steps=130 | track=83b3f5df2654b1387190ebf49c7a27c9
global_step=599904 | return=-1.31 | steps=65 | track=2805da12b8db903ba349082a6434f3bb
global_step=600032 | return=-158.29 | steps=131 | track=251dba63c920814d6262901d20f38148
global_step=600320 | return=-146.42 | steps=131 | track=693be9a8ffe83bdaa93011cfe40d5ba2
global_step=600432 | return=-146.81 | steps=131 | track=3975e37bcd37ad1297d2f52cd75c2d7e
global_step=600432 | return=-22.06 | steps=85 | track=9a281f4d7ac438dd226a6ba8f9df20b5
global_step=600656 | return=-148.00 | steps=131 | track=87f2700a26e712f6a9d875d9f201fa23
global_step=600672 | return=10.38 | steps=84 | track=64a58ce1de548e7a8c820e6164b5db6a
global_step=600800 | return=-126.25 | steps=238 | track=9fc50737a0333f82a1eee64ded9d6dd7
global_step=601040 | return=-170.18 | steps=183 | track=6d1d00298f142ff317920908ee1c49f3
global_step=601200 | return=-138.96 | steps=131 | track=8761594d20158c619735cfb19d46429b
global_step=601312 | return=-152.01 | steps=131 | track=650c7282073f35de8f556c68a7a350ab
global_step=601472 | return=-16.57 | steps=89 | track=d1063c8a91ac9441ec7eb73d04abab67
global_step=601616 | return=-141.84 | steps=131 | track=c6071d61588b7ab59857ac1c8c06de66
global_step=601872 | return=-105.63 | steps=89 | track=5b2bc9cc30b0d35596055a8fc05d9275
global_step=602016 | return=-99.98 | steps=142 | track=d942b862e2efe8d5918d7710072268ca
global_step=602016 | return=-124.45 | steps=105 | track=7ed8fc10368cdcf18d229437c2798b54
global_step=602240 | return=-90.29 | steps=89 | track=3ea30fb193be4b87982e2b11547dfd49
global_step=602384 | return=-5.41 | steps=154 | track=6e211984ccfa25d3bbca65def3ef4f49
global_step=602480 | return=-14.32 | steps=62 | track=f957c0f2236408f16f806b40f407fbdc
global_step=602544 | return=-139.84 | steps=219 | track=7ffa6b45f2ea296a8a614ac5e82c5d3e
global_step=602560 | return=-152.16 | steps=132 | track=2d27e890ff127d4ff5cd029f93d57f36
global_step=602752 | return=-133.03 | steps=130 | track=555661a92fa98ce0ea9271953258d476
global_step=602784 | return=-155.70 | steps=131 | track=ceea8ea0a1bc6b6309960b5968af6c3b
global_step=602960 | return=-141.35 | steps=229 | track=5b6feab3951dc9931b9094bd335a81da
global_step=602960 | return=30.10 | steps=67 | track=87ec8165904907560698be187da00ba9
global_step=603104 | return=-63.70 | steps=67 | track=de9507f78a16a14ba57e6a20c620369e
global_step=603152 | return=-148.00 | steps=131 | track=bd8e95e51e52d639f80247954f22a76a
global_step=603312 | return=-141.40 | steps=131 | track=6274f150e3bd3b3c7a6d2d17d93b2307
global_step=603328 | return=-44.57 | steps=52 | track=c09e6f88d586452252178448cc210e60
global_step=603424 | return=-147.36 | steps=131 | track=b42e3b662556b0935457c84a048f86b8
global_step=603728 | return=-141.15 | steps=131 | track=e7c69eb8668e05024a677d4acacce8fb
global_step=603776 | return=-2.63 | steps=63 | track=baf4912d8fc64ddd63138155a63a3753
global_step=603984 | return=-23.12 | steps=63 | track=2ae08ab9ac44888f7ee3794ea1ecb30c
global_step=604032 | return=-178.69 | steps=322 | track=3b994604748891486d0a9ebdae4bf86a
global_step=604128 | return=-157.63 | steps=131 | track=debcc0c750e272cc27bfdf0203c08081
global_step=604352 | return=-137.97 | steps=131 | track=4623138b05cc137ce6ef117a95daca21
global_step=604784 | return=-74.83 | steps=149 | track=3fc53a5b076c1dd79df5f1f9bc63e6fb
global_step=604896 | return=-145.93 | steps=131 | track=823708fd0dd9650894036ff0d00e584b
global_step=604896 | return=-50.92 | steps=111 | track=719f18f059f3b83432901f7446e7af24
global_step=604944 | return=-81.06 | steps=149 | track=666fed3f92df4c3fe6ca9448f85ec80e
global_step=605040 | return=-147.95 | steps=154 | track=28d48858be2ce377983c7760086b0728
global_step=605072 | return=-150.26 | steps=131 | track=0e455d2282a902bc3ea9095f5b6f3648
global_step=605264 | return=-143.68 | steps=131 | track=882dda651878b75261e2bf5847a28a57
global_step=605344 | return=-21.92 | steps=61 | track=ea18e13541fd1c3e57dbea983bcfd98e
global_step=605440 | return=-147.61 | steps=131 | track=eb7e0e85bfd8de0a01a6a569cbc25d5f
global_step=605536 | return=-139.69 | steps=131 | track=dfeb8a5cff2343a7d1493c8b1d14911c
global_step=605680 | return=-113.95 | steps=147 | track=93f8591f0d6e3b7d2f6ec9727eef0e7c
global_step=605840 | return=-151.44 | steps=131 | track=5622930da9199c647863eff2af73d056
global_step=605888 | return=-131.34 | steps=131 | track=cf40ebaa5619eb17d8875f520b52cdd3
global_step=606208, SPS=73
global_step=606224 | return=-150.72 | steps=130 | track=997763b49d95b143123362f02892d3ff
global_step=606320 | return=-99.53 | steps=145 | track=e996a7bd8215bf7505a9783905457840
global_step=606352 | return=-79.02 | steps=144 | track=a476292a62b9b3b7fe316a4d9da0ecd1
global_step=606784 | return=54.58 | steps=68 | track=20cababd6871cc077a2bb6db2d73b98d
global_step=606896 | return=-149.91 | steps=131 | track=121bd8d867df6e46e560ebb0a3ac648a
global_step=607008 | return=-154.45 | steps=131 | track=9914ab3044c157c8b89a7d0598ca1da3
global_step=607008 | return=-158.14 | steps=131 | track=051e6d36dc5d9a721f4e776de15c2970
global_step=607040 | return=-141.44 | steps=130 | track=728400e1847fc2551e6e77d692cff4b6
global_step=607152 | return=-150.44 | steps=131 | track=388e55edc892e6e42d41ccb9261e2860
global_step=607184 | return=-147.61 | steps=131 | track=f117bc3231934734b46d00e50ece6973
global_step=607456 | return=-136.95 | steps=131 | track=17e07a062bef41431e074af5de2d5a19
global_step=607472 | return=-31.06 | steps=137 | track=3ff4941418a3c64c5bf2a789a5319506
global_step=607552 | return=-133.16 | steps=131 | track=f4ac8ffd79dbca1642d0e0893f90133c
global_step=607648 | return=-163.39 | steps=131 | track=ea2727cf00178d8ba545d19123d4731f
global_step=607760 | return=-57.82 | steps=46 | track=7a6ab0a1806f1b86fe0f21bcdd5e37b3
global_step=607952 | return=-143.76 | steps=131 | track=9997284fb4efcb023eb96be984618587
global_step=608064 | return=-31.69 | steps=72 | track=e15a59a74abf71e49d39d986cacbffb8
global_step=608272 | return=-67.64 | steps=148 | track=3ee655ec18e1c7888f61a06dcb61a879
global_step=608336 | return=-148.34 | steps=131 | track=afd4a282ca3eca4a9706798674b52cd1
global_step=608432 | return=-136.10 | steps=131 | track=e48e5fde8a34c2e627f551e6252c1b7e
global_step=608464 | return=-122.41 | steps=131 | track=edd13326e28cc216fafa2e158d0e2704
global_step=608688 | return=4.36 | steps=64 | track=a21b0025074e9c2ce61b9585d0428eb5
global_step=608816 | return=11.31 | steps=65 | track=da38b5a651275f99e8ce86827e6a5d39
global_step=608928 | return=-78.27 | steps=91 | track=1f9cf774883523e98ffe064f9175320a
global_step=608960 | return=-116.30 | steps=135 | track=480822638c632961d69599a7a0d3c2dd
global_step=609024 | return=35.80 | steps=66 | track=7d12a6447cc55c8a799920ffe06d55ce
global_step=609120 | return=-131.44 | steps=131 | track=2420a269123745ba796aab7f87be5d3c
global_step=609152 | return=-146.36 | steps=131 | track=6dcf8bf00426aece9d85b1bb569e8918
global_step=609264 | return=-133.72 | steps=131 | track=1ef30896bcab996895edede27ab9b3a4
global_step=609296 | return=-145.51 | steps=131 | track=04643516b29978a07dfb6738aad4adf7
global_step=609488 | return=-50.80 | steps=125 | track=b102fb9166fc31914e6dbb3a5096a8e3
global_step=609664 | return=-137.20 | steps=131 | track=2fc08f45161e4fa2cd2251ea72dc58ba
global_step=609712 | return=-113.64 | steps=89 | track=02f70f4357d52c3d9098079728d915be
global_step=609952 | return=-70.60 | steps=70 | track=da9cfdf7e769e83f05c227a349aa490e
global_step=610176 | return=32.55 | steps=65 | track=6253829e0cb494554edf02487065e60c
global_step=610192 | return=-147.51 | steps=132 | track=818465d32295a40ff8335b9d8bd93c46
global_step=610288 | return=-78.66 | steps=49 | track=c5c52bb5ffcaee195c9360f3927e39db
global_step=610352 | return=33.23 | steps=65 | track=d777caeade8fd5120a1fc8fb1220772c
global_step=610448 | return=-59.27 | steps=48 | track=d683224964e44d7bafff351863aa8df2
global_step=610544 | return=-154.18 | steps=131 | track=dd51940a70f309e493e817edb5ab87f0
global_step=610576 | return=-140.91 | steps=131 | track=2243fcf22e96a50c685ca2783c96a73f
global_step=610752 | return=-45.88 | steps=92 | track=58ef7952139ea93b4c789bc53469e7dd
global_step=610816 | return=-153.47 | steps=132 | track=b96e17205e8c2532d43d17ee54cb12d2
global_step=611040 | return=-152.85 | steps=131 | track=d49d49f4b65e3cac10c5a8192bb2d6bf
global_step=611072 | return=-160.80 | steps=131 | track=f3280f96cbeee530d3783ecf9a131624
global_step=611136 | return=-141.15 | steps=131 | track=1c446a123354cfac81240e1806c7b78b
global_step=611232 | return=-97.80 | steps=129 | track=520e6877d41d5935d813648b85f91da8
global_step=611344 | return=-79.71 | steps=61 | track=fe1d07c09530d6085d44f112c04cc471
global_step=611632 | return=26.61 | steps=67 | track=3077b0994c9185a54d114500d090d989
global_step=611808 | return=-143.30 | steps=130 | track=d20086d949d30bc55b0c4393ff6ff680
global_step=611952 | return=-25.34 | steps=56 | track=ea09c0df542473c5de866bc844aabc87
global_step=612128 | return=-48.98 | steps=135 | track=1dab65012e352474ebf747656bf4511c
global_step=612288 | return=-153.88 | steps=131 | track=fd3f8cd35b703c948f44c7ac5416ce9c
global_step=612352 | return=-105.27 | steps=250 | track=bc26ecc86edc5eec58d68986c852158d
global_step=612368 | return=5.06 | steps=70 | track=6d6ec6068b3826c96493e271cd73a622
global_step=612400 | return=-141.40 | steps=131 | track=ab9d27d9c8382cc6a6a00e06197716dd
global_step=612528 | return=-184.87 | steps=145 | track=a59e07ebc83265bbd5ef11f405c91df2
global_step=612688 | return=-144.91 | steps=131 | track=f75a7241fd1e73a3c3b2407a4f27f932
global_step=612864 | return=-151.25 | steps=131 | track=8d3a2468764c397e53970fd3aa834667
global_step=612912 | return=-151.10 | steps=130 | track=fa8a2aaad752e630b97157ee1390f963
global_step=613184 | return=-140.07 | steps=131 | track=865135be5079ca4372cf93b01361eacc
global_step=613248 | return=-150.56 | steps=131 | track=669bb9e25190347b46fbe0005e2805a4
global_step=613328 | return=-130.91 | steps=105 | track=a8737fc1e5eeb2c30233eea77d90a024
global_step=613376 | return=-9.38 | steps=62 | track=a81d17b4e459f8401425d6a1ca444616
global_step=613440 | return=-141.02 | steps=130 | track=2983bc6f76f8d058c8b68a7fc3595382
global_step=613888 | return=-71.50 | steps=63 | track=8b9fd6a1c5c353178b99a715815958ec
global_step=613920 | return=-132.23 | steps=131 | track=47d3164c6595aa83906cae75702f04e0
global_step=613984 | return=-21.64 | steps=90 | track=03d887977605e39a406137b4b74491df
global_step=614064 | return=-138.00 | steps=131 | track=7fd9de9ebff3ec95f7bb2f2611d29d98
global_step=614208 | return=-48.56 | steps=47 | track=c6bd759cc079df29cc651ab7260b38e9
global_step=614224 | return=-152.82 | steps=130 | track=939758ccbdcfdfffa3933d4361757e20
global_step=614336 | return=-121.40 | steps=242 | track=765fc8d8cbe2129cf7f2060dffb1c1c4
global_step=614400 | return=-151.25 | steps=131 | track=8259b45bf5d011ba5af02c06abc9a3dc
global_step=614464 | return=-144.26 | steps=131 | track=dacd84dbc315daf67bb2238259ad7390
global_step=614512 | return=-135.61 | steps=131 | track=b560714ca6d8f00c0ab01546bb565b4e
global_step=614800 | return=-134.64 | steps=131 | track=bee86ac408a1fa3325bddf70ac6cfb20
global_step=615296 | return=-48.92 | steps=148 | track=cde38c82d17978093baf9acacf6380f5
global_step=615296 | return=-140.86 | steps=131 | track=b2c4e7642cb960e7472522732079b893
global_step=615360 | return=-151.81 | steps=131 | track=b4c1899a2c717ced1cb29430e621e2c4
global_step=615440 | return=-142.65 | steps=131 | track=a36cb1d2732e47932ee89dac903f13f9
global_step=615488 | return=-140.37 | steps=131 | track=d0cf0b2bb0df2d9899dde1b4ea0ad900
global_step=615888 | return=123.83 | steps=104 | track=ae8fb4f081d0fcf7d5cde79ffe775560
global_step=615904 | return=-67.83 | steps=89 | track=60186c0e8859c9a6483c809680637c8b
global_step=616000 | return=-137.47 | steps=131 | track=0d2001066443bf606804b1cc830ec25e
global_step=616032 | return=-87.52 | steps=41 | track=88d9bbf2c4069bd31ff39ea9e46e6e2b
global_step=616336 | return=-142.20 | steps=131 | track=c5cc55642d8ac1639b13e94bd182e435
global_step=616448 | return=-130.08 | steps=131 | track=e007c2121675360d62db6e2aa8507117
global_step=616496 | return=-74.43 | steps=151 | track=dab59d127171d08ca1d560118c01a401
global_step=616496 | return=-146.10 | steps=130 | track=ce3fdc73d5c56a6b692d064d6867f350
global_step=616912 | return=-144.50 | steps=131 | track=47e8aed109de8816ad389744d2792e61
global_step=616928 | return=-14.64 | steps=101 | track=6d3bcb4b75884ff6b5f3b2d3325d1986
global_step=617072 | return=-63.14 | steps=45 | track=41082129f3dbba8846cc22a1e6c279b5
global_step=617136 | return=-157.91 | steps=163 | track=026676c13751243cc084fc746f883210
global_step=617408 | return=-154.80 | steps=131 | track=9f973dc7187ac444b7348ada29f7babe
global_step=617456 | return=-197.56 | steps=216 | track=06431ee3185c91975912fe1c1dab8ac6
global_step=617520 | return=-170.09 | steps=224 | track=01782a8660aa93b5483bc8bdeea61a5b
global_step=617888 | return=-98.77 | steps=89 | track=303843e82fb65b69ce9a4582bd7023c3
global_step=617936 | return=-119.18 | steps=89 | track=a0e6e52caaeee2526a4119a60d66a00d
global_step=617936 | return=-35.91 | steps=152 | track=2bfc8d01c6f8b0e331d60386237d5ffe
global_step=618016 | return=-147.58 | steps=131 | track=8f4bf5e52bb074857abd796cc2b627e1
global_step=618112 | return=-145.00 | steps=131 | track=97007f0ffea88636d3895d619b1f176f
global_step=618128 | return=-154.09 | steps=130 | track=4197e4b8b859bbee4a67b3cc6eb055ca
global_step=618224 | return=-70.43 | steps=47 | track=a31a48130ea2d252fb1178d0b258a870
global_step=618336 | return=-51.03 | steps=152 | track=c31a38225827ec97ca678a1a964da7fd
global_step=618608 | return=-144.27 | steps=131 | track=ee6ab3240f20363eff7d5f92e7520648
global_step=618912 | return=-135.96 | steps=114 | track=380ea7daf83c49fe50aef8a7e9639cf5
global_step=619040 | return=-148.77 | steps=131 | track=d51016ea4e3eb77551f2425b2368b9ed
global_step=619120 | return=2.76 | steps=76 | track=e85cc427a44fd9a8198b53c13d7f3b0f
global_step=619200 | return=-2.08 | steps=66 | track=7e168b8ef4277e7a3a513b8898f65e73
global_step=619216 | return=43.97 | steps=68 | track=dab455d4411e5956689c221a4a857c11
global_step=619248 | return=-154.55 | steps=131 | track=a7b855a17c1d694d9da311fbade02e73
global_step=619456 | return=-118.69 | steps=250 | track=1bde7029f53fd84e8fbcab08cf60c53b
global_step=619520 | return=-152.90 | steps=131 | track=4c8c14d9413316001e9144d328989b59
global_step=619616 | return=-0.08 | steps=168 | track=bc41537b454d7e59e1af46324bb0ae9f
global_step=619632 | return=-124.88 | steps=131 | track=ad9d548432fd3ad26b14686641a4265d
global_step=619808 | return=-69.20 | steps=47 | track=9063584425fbd1c9887c8a974f0c0b9e
global_step=620032 | return=-149.78 | steps=130 | track=018f39dc08f1c614750898d0535c92a5
global_step=620032 | return=-156.08 | steps=130 | track=a8ecc8007caa7320879c2225425ef266
global_step=620128 | return=-154.55 | steps=131 | track=4020d62ddd0953dd6b8c3c0b86b3d266
global_step=620336 | return=-152.29 | steps=131 | track=67869c3446eca360708dea80bf67fe5c
global_step=620336 | return=-53.92 | steps=44 | track=01b482955a20e26ba8d8cb6475e29397
global_step=620448 | return=-127.46 | steps=131 | track=5f505a2f6ec206305545942f97834013
global_step=621232 | return=-143.59 | steps=131 | track=8d5646a60166921e4a79eb208e23cb36
global_step=621248 | return=-125.65 | steps=100 | track=d3d848b73f1319d2eb388e3e201ee10d
global_step=621248 | return=-29.32 | steps=75 | track=904b4b56bc3b4ee90cbc7a747facd483
global_step=621248 | return=-113.65 | steps=89 | track=2ec1a89d29b7cf31a4be11438b42db20
global_step=621312 | return=-153.72 | steps=130 | track=562b5728019796a9d27e29c728f45808
global_step=621312 | return=-107.39 | steps=149 | track=d42844c8befb7ebf7b075f78b7bbb6fa
global_step=621360 | return=-137.64 | steps=131 | track=e6153d016136bcccd93208707b8ff748
global_step=621632 | return=-154.69 | steps=131 | track=236344d9c843a64ab677c70f1ba3d766
global_step=621872 | return=-60.80 | steps=150 | track=17105efc22291449a5ec405b005f378c
global_step=621920 | return=-68.21 | steps=91 | track=0ee20487cf6e67d707e3963096387bc8
global_step=622144 | return=-146.29 | steps=131 | track=ca16c7e2a7e94479f30334ed864ca3a9
global_step=622224 | return=-167.90 | steps=130 | track=c32427bd8875bed643310da94a3a9022
global_step=622448 | return=-144.80 | steps=131 | track=3c2d733c50a1661acb1ef3daca540f0e
global_step=622448 | return=-131.16 | steps=131 | track=fc28a30520066741d6c61a04c089c3cb
global_step=622512 | return=-35.01 | steps=78 | track=f5935a8b2a511d1e01175703fda7b6c1
global_step=622592, SPS=73
global_step=622816 | return=-65.62 | steps=55 | track=57ea593139a26091fb482feee1a66cb6
global_step=622880 | return=-135.77 | steps=229 | track=958e0a6a566022ff62f864560d78d2fd
global_step=623280 | return=343.09 | steps=291 | track=095a893becdbb68fac15297f88593f9e
global_step=623344 | return=-110.25 | steps=130 | track=64d820fcccdbebe268f91ccc9763030d
global_step=623344 | return=-146.15 | steps=131 | track=e7f9eaaf288fccb537594b794a7370a3
global_step=623344 | return=-155.81 | steps=130 | track=3d042474933153e03a1894de7891bccd
global_step=623424 | return=-123.04 | steps=131 | track=7afab5d732bba423fb1ef3f8d2941688
global_step=623472 | return=-143.23 | steps=131 | track=e4eec256ac3331235778b2c2450bc0da
global_step=623744 | return=-103.48 | steps=131 | track=a9e92f3b8adcb69acef86bc32d585446
global_step=623984 | return=-146.10 | steps=131 | track=c6041b6a8fbaf51f6bdd873c3b0b7c75
global_step=624288 | return=-155.70 | steps=133 | track=ff986f82ac723272a8b86ef5a6ca42db
global_step=624320 | return=-27.68 | steps=60 | track=20a2267e743b56596f0266443938f9ba
global_step=624336 | return=-153.11 | steps=131 | track=ba551f2627b84e5af2254c3bffc32b74
global_step=624496 | return=-81.38 | steps=100 | track=06d9b25e9b9db8806516f0e581f3f589
global_step=624560 | return=-152.08 | steps=131 | track=0e49be776f09a657dacde6ad7eb11e20
global_step=624624 | return=-144.57 | steps=131 | track=5fa78cc16c9e94c13dbcc17ff6d15ec2
global_step=624768 | return=-100.02 | steps=144 | track=1b8e96ae0c4dc5f063528165d5b228c1
global_step=624928 | return=-142.17 | steps=131 | track=01beb936c17ebd1b75119282e70ec56c
global_step=625376 | return=-43.40 | steps=253 | track=82d06e806607a1c2dd1875ac423fc907
global_step=625392 | return=-140.58 | steps=131 | track=9d47feeb64ab70337caef7a9e534d7d2
global_step=625440 | return=-150.50 | steps=130 | track=e99747479b2fa38bd2136c196c1c440f
global_step=625456 | return=-143.47 | steps=131 | track=dd9b7ae6dbbb06d53aad89a84a89f608
global_step=625504 | return=-94.19 | steps=94 | track=c0daba962d04743a2465fe23149916d6
global_step=625584 | return=-162.13 | steps=131 | track=81ddcbbbaadd0d8e6adb222881afeb14
global_step=625792 | return=0.26 | steps=63 | track=d09733d1bfcac348281c4f9c773600a3
global_step=625872 | return=-112.19 | steps=132 | track=8cd02177e92db3f207b2ce84c70cef39
global_step=625920 | return=-98.72 | steps=155 | track=35cf69ef30c7e33c4fa91558087f3331
global_step=626064 | return=-88.80 | steps=107 | track=b432ff14fd776699b589b655bf6f0197
global_step=626096 | return=-103.83 | steps=95 | track=25a7094184e52aafc546caad9dcd2b8c
global_step=626128 | return=-48.33 | steps=45 | track=3dafe30df3e9e62300cd0726fd682383
global_step=626336 | return=-39.14 | steps=46 | track=1e8c22068298844a63689b0634595a0a
global_step=626384 | return=-161.79 | steps=130 | track=43d251ae67eaa23a40790beefe0c40b2
global_step=626432 | return=-140.31 | steps=131 | track=50f5ce29c3c7c4ebeeb33381d3ec3dfe
global_step=626608 | return=-137.96 | steps=131 | track=0eea13a68010ef0dbe52347a9fdd3d07
global_step=626736 | return=-129.25 | steps=131 | track=156b43b41bc3c93f9c39bc4e1e3e9783
global_step=627488 | return=-145.72 | steps=131 | track=6b720292bac68e18b94dc60bd900ac27
global_step=627552 | return=-104.53 | steps=90 | track=936fcbe00beab3b2e346969747f5091c
global_step=627552 | return=-121.21 | steps=109 | track=13e4c529191425e746403c4ce50dbdd2
global_step=627568 | return=-143.68 | steps=131 | track=823b0260bcc5d3483d65915c542483c5
global_step=627600 | return=-117.23 | steps=104 | track=e592df17662ecd221d819aa0ebf9518e
global_step=627616 | return=-138.70 | steps=131 | track=e7eefd460bf3a97ee2ecf5589cf790fa
global_step=627680 | return=-16.50 | steps=139 | track=ce4f85212535b5548eb5de2819a96ef7
global_step=627712 | return=-52.37 | steps=79 | track=04d7ac4f21df4ae939031a22bad3e744
global_step=627856 | return=33.28 | steps=69 | track=e71869aa9827ebe1517cda20e28699d7
global_step=627984 | return=-149.34 | steps=131 | track=f49c302b85d86678938c9bceb9497207
global_step=628112 | return=-106.20 | steps=198 | track=ba651a0aab6caf6589c47e6b56488f9b
global_step=628176 | return=-142.47 | steps=131 | track=a62921f582d6f8fb0a932a0828d73d20
global_step=628240 | return=-137.20 | steps=131 | track=419b4ce9ed8497ba2d5e27df2b0382ca
global_step=628304 | return=-108.13 | steps=105 | track=5cc973e91bcc90e2561bd0779f18909d
global_step=628448 | return=-120.37 | steps=131 | track=380e157b97abaf226ac0b4f2b62cd0b8
global_step=628480 | return=-148.25 | steps=130 | track=2e23482eb0a278f9dd7e485d23c2ccfc
global_step=628560 | return=-48.25 | steps=66 | track=9d5fdc66975808036936f1f70e419398
global_step=628656 | return=19.57 | steps=65 | track=009290316a6092ad98f1ba4ab52747a4
global_step=629104 | return=-21.07 | steps=61 | track=ad7b31ee1cffefd9b2614f0968533619
global_step=629216 | return=-40.31 | steps=93 | track=c61b117b44625d4cf152b99d87dd7704
global_step=629232 | return=18.70 | steps=65 | track=a0aa3c4f59b7c35cff53a1eb0a755bff
global_step=629264 | return=-15.45 | steps=63 | track=d364f7f900eb38d624f27f3c37fcd259
global_step=629664 | return=-142.00 | steps=131 | track=b4aba11c0b1e1582644437539c99acad
global_step=629664 | return=-145.60 | steps=131 | track=2a6995324763943cd5365a9b09cc4934
global_step=629792 | return=-109.79 | steps=135 | track=5d26f8cf1d6c42deca094e1963d83e07
global_step=629920 | return=-79.39 | steps=146 | track=20f9a55242106b1819ac97133d242cd5
global_step=629968 | return=-144.33 | steps=131 | track=5c1aac61feba822dc2440e9e9772fec5
global_step=630416 | return=-149.71 | steps=131 | track=4a8c83de8d720c9d09d8df72569be81d
global_step=630464 | return=-57.21 | steps=154 | track=319259f0d35a0bc673b370e48aa3926d
global_step=630560 | return=-131.40 | steps=131 | track=69b33692d4235917694fd9095de1745f
global_step=630576 | return=-140.57 | steps=130 | track=3b055cbe80ed06b490d7e93bc7b8b3dd
global_step=630672 | return=-158.71 | steps=131 | track=74f1a819dd3824cbd9c89cba4f91f25b
global_step=630768 | return=-143.59 | steps=131 | track=4047d47b083c00fdd88f4e61d81c003c
global_step=630960 | return=0.05 | steps=64 | track=0967013de7e0a1a756f0dfe0d7e6ef8b
global_step=631216 | return=-140.06 | steps=131 | track=0224336b709032b9451ace9b7281b002
global_step=631312 | return=-144.03 | steps=130 | track=a0b5f6e82b272a22e0267a5d3b23d98a
global_step=631376 | return=-156.92 | steps=131 | track=9f28e6a7f0c2737331e239adcff0577b
global_step=631472 | return=-47.07 | steps=112 | track=91daaf413219767507949daa2b6532bc
global_step=631536 | return=-85.60 | steps=143 | track=a7052616730e6c00ce951ce15c57256d
global_step=631776 | return=-142.75 | steps=131 | track=6f34bdec663133edb1b4df10899467ec
global_step=631936 | return=15.39 | steps=84 | track=56fd3d78df0a82934bed7385686192d3
global_step=632128 | return=-71.30 | steps=145 | track=f1d1f29ab3d22c13072f2e94402873ec
global_step=632368 | return=-107.00 | steps=149 | track=57bc44c99f6c3d6d9b05033b5d3adef7
global_step=632416 | return=-155.98 | steps=295 | track=c1a32630322c6445726ca74c165938b7
global_step=632528 | return=-166.88 | steps=131 | track=bde9d27b13f103f62ec5851fe7db5a6a
global_step=632528 | return=-21.41 | steps=61 | track=480a3d8f3cb8c5bd5c457da9e05000fb
global_step=632560 | return=-111.08 | steps=130 | track=eee7f35902538f072a62045c42b54ce7
global_step=632720 | return=11.83 | steps=109 | track=9835cbe1cb661bac0ae633aa80532fed
global_step=632880 | return=-141.31 | steps=131 | track=4d735ff04b1349a8f6916ebae27e68c5
global_step=633248 | return=-31.12 | steps=81 | track=5753dcfe753903f4df15489735062466
global_step=633344 | return=-108.81 | steps=132 | track=19e904c32895d35aa5b752b58fec1b57
global_step=633424 | return=-154.79 | steps=131 | track=10c4ae34899792d3028a102c2efceade
global_step=633552 | return=2.33 | steps=70 | track=55a221a898b247fd195e39ff5598643d
global_step=633568 | return=-32.69 | steps=62 | track=6253b140663f300fbb73ff9fec5a0bee
global_step=633584 | return=-152.08 | steps=131 | track=d0a7ee27c1059fd215435e4e399d3ecd
global_step=633776 | return=7.61 | steps=65 | track=8bfd96c2cc47c75c85b3f964241b7963
global_step=633776 | return=-97.87 | steps=149 | track=5e490bac55715ecc3df4cead136e2ebd
global_step=633856 | return=-161.04 | steps=198 | track=9f360a79a97c99d9f7d4cd9d657c7cee
global_step=633888 | return=-158.50 | steps=131 | track=5353dd9cbb15e0cc69e8f905889debd8
global_step=634240 | return=-151.99 | steps=131 | track=11ca5b698b921473b245087be83117e9
global_step=634304 | return=8.99 | steps=65 | track=f416418bfd0c275957321f0842891d1c
global_step=634432 | return=-107.76 | steps=241 | track=20df78d6e4536b7491c4b11d98d42746
global_step=634464 | return=15.65 | steps=64 | track=e007463575349b4357711be63d875bf2
global_step=634480 | return=-108.19 | steps=131 | track=17c10f9bbf769d3fe9e594b16f79659f
global_step=634576 | return=-113.87 | steps=105 | track=0099b0c9dabd9be3fc3f74284f2ad76a
global_step=634640 | return=-146.77 | steps=131 | track=100b3a41c2c834eea89ce0ab39abe9fe
global_step=634688 | return=-53.29 | steps=134 | track=380678d97907e0efdc3d8b4112ac80e2
global_step=635008 | return=-63.38 | steps=47 | track=641042eed84017ff1d983ae3217967c6
global_step=635040 | return=-57.93 | steps=45 | track=582dcb4a42a694dbb30c9f8725ef512f
global_step=635168 | return=14.35 | steps=99 | track=bd022d86f33960edb52965326cb61d29
global_step=635456 | return=-149.11 | steps=131 | track=4fc80da9e4bd2b0254b543b677b5c044
global_step=635664 | return=-148.29 | steps=131 | track=2dba2fa1677d946e5bd2dce4911f3cac
global_step=635680 | return=-145.28 | steps=130 | track=9c985a1de50cbd0c5cfedc0c34a1ed0a
global_step=635888 | return=-140.71 | steps=131 | track=801e3589433ea3e5d4cf6fec36b2e78f
global_step=635888 | return=-128.09 | steps=131 | track=042285e171ac907620274c2d719d7619
global_step=635968 | return=-145.51 | steps=131 | track=4468ca6ca66c76156ef66e728aca0dce
global_step=635984 | return=-152.18 | steps=130 | track=10dc19cf05206d2eb738e7d2f426eab3
global_step=636224 | return=-86.82 | steps=75 | track=c36f4fafaee10cc882b84b4cd1205994
global_step=636304 | return=-120.68 | steps=107 | track=edf02d7d0f06f6ed85a389302e4a0596
global_step=636480 | return=-108.39 | steps=89 | track=4f56e681b54bf20386b36c81a5f2331b
global_step=636512 | return=-5.88 | steps=65 | track=6b98307c037dbd950c19bb37b6504744
global_step=636528 | return=-161.22 | steps=130 | track=bd001d4d173aaf79b7cfe00bae7aec9b
global_step=636592 | return=-139.84 | steps=131 | track=fa6aef7fbdb122bd4611ad1329e3c198
global_step=636752 | return=-143.47 | steps=131 | track=52c87a09eed89cb4d32272d94c3d172d
global_step=636800 | return=-135.37 | steps=131 | track=bb6cb8b51f261fb0c0525e0348887ae1
global_step=636864 | return=-78.33 | steps=149 | track=f3d24f968fdd01aa40f1948c42cb0d2d
global_step=637264 | return=-143.12 | steps=130 | track=592738858e214ef882e3ab0a710b2f42
global_step=637504 | return=-111.07 | steps=95 | track=651e29bb1350536d5c534dc4e240384c
global_step=637632 | return=-117.93 | steps=108 | track=2e9bb60016de57b692c5d9d1255f41cd
global_step=637648 | return=12.96 | steps=65 | track=f55635de5bf52970bae325df7004ee31
global_step=637776 | return=-149.13 | steps=131 | track=ad8d9ab06bb5989ee92c3d8ec4a51409
global_step=637792 | return=-136.31 | steps=131 | track=5288d9d8183dad7d15fd442b571d4241
global_step=638096 | return=-124.33 | steps=131 | track=bc65e9b7cf93922ec8727962a4409b4b
global_step=638320 | return=3.75 | steps=65 | track=b599b5fc97e94e96fb28c173aa5eea9f
global_step=638336 | return=-152.02 | steps=131 | track=4b8735d5cd59f9d3a504f694c9729891
global_step=638416 | return=-148.25 | steps=131 | track=00e4133d42c49c5b8f2cdcea8c3986b3
global_step=638480 | return=-98.87 | steps=161 | track=87e14aaad3e08f38bcd9de22810eae5a
global_step=638592 | return=-144.71 | steps=131 | track=4c73ac34417175c3f493806b52728a9c
global_step=638624 | return=-155.50 | steps=131 | track=57fe9c878223d5b26b5956f06f7c801e
global_step=638640 | return=-140.58 | steps=131 | track=dc5c9af6a57130d67a714b3f8bde031e
global_step=638864 | return=-145.03 | steps=131 | track=71ce9b7790239de569ec92910ef41f0d
global_step=638976 | return=-147.45 | steps=131 | track=d4edd22ecd3da9f3870497e4f9aa0069
global_step=638976, SPS=73
global_step=639088 | return=-23.41 | steps=81 | track=2dca1098493a83b6e08ead63e2928a56
global_step=639232 | return=-110.85 | steps=89 | track=a9e9c95926ea007ede885ac3207c269e
global_step=639488 | return=-34.15 | steps=86 | track=9e6b92b375e39877e2387d24ed7faac5
global_step=639744 | return=-150.19 | steps=131 | track=b04682446f54ff6275a088a77c9bb172
global_step=639760 | return=-142.39 | steps=131 | track=d573f2888ba8ba839253853d50d42ef9
global_step=639888 | return=3.93 | steps=63 | track=3fc4072cdbeb29c82c5ca4b55d9747a0
global_step=639888 | return=-110.40 | steps=96 | track=cd31775eabd2431753231d31d0d70f3f
global_step=639920 | return=-135.26 | steps=194 | track=3b2e7e9d745c74187dcb2e42f1f621f2
global_step=640032 | return=-47.76 | steps=65 | track=339975a2d48c04be20227db84ecdb231
global_step=640432 | return=-149.89 | steps=131 | track=ab1ae052b5ca3d2d2ba5c70eacf15c46
global_step=640640 | return=-151.57 | steps=138 | track=2048907976f218e8f69a092cb465a596
global_step=640688 | return=-127.13 | steps=130 | track=5fc2eb9bdf90e368715e0fb488e081f7
global_step=640720 | return=-100.64 | steps=130 | track=734deaff625028ad4f68f1c6d13de0b2
global_step=640752 | return=-156.01 | steps=131 | track=f3ea93ea7af5cdcc44de9b8cb1e99aff
global_step=641200 | return=-187.22 | steps=169 | track=369d404cd366fa5e797f2a58d82716a2
global_step=641328 | return=-29.16 | steps=87 | track=d9bbe6432d4ff07acf4f2a9bd7685ff0
global_step=641424 | return=-9.40 | steps=45 | track=aa409212d77e9c93339705f758ee7a69
global_step=641424 | return=-32.68 | steps=95 | track=588cc561998d20bbed90d6e72a494d33
global_step=641424 | return=-87.57 | steps=145 | track=ef324258cc194667b3707953feb08108
global_step=641600 | return=-144.10 | steps=131 | track=fba9659b888ca1eea29aa31bc72e2c19
global_step=641760 | return=-237.69 | steps=265 | track=2126b79f0fa74684805eaecf3b18b3e6
global_step=641856 | return=-137.38 | steps=131 | track=b740d260d1a4b4e91dae677d48ff9b20
global_step=641984 | return=-146.53 | steps=130 | track=400fe9da7e465901ffaf2cdad7a90189
global_step=642112 | return=3.14 | steps=86 | track=12cfd6adc5d01369bfd7f2140119290a
global_step=642128 | return=-140.34 | steps=130 | track=e623cee89233305cfa707a8e00417780
global_step=642192 | return=-40.26 | steps=47 | track=8aef1fa9c3cd399e44c0c94045746f15
global_step=642288 | return=-40.34 | steps=157 | track=effc7e7c30f2f02108a36a1680392771
global_step=642432 | return=-142.16 | steps=199 | track=4a39fc74c897aa2f3df69491a305bc19
global_step=642544 | return=-152.01 | steps=131 | track=17a4c26cd4306b8b06585bf298d58485
global_step=642544 | return=15.56 | steps=69 | track=3c75ab23555bcc52185195971084c5e5
global_step=642688 | return=-114.74 | steps=92 | track=83b1e27ff65e77f4ea2e64d2cae3c648
global_step=642752 | return=-143.77 | steps=131 | track=d81f125e3371165093e206b5569e361a
global_step=642864 | return=-144.12 | steps=131 | track=79bb829691384a26da57a9ddc2192024
global_step=643360 | return=-54.43 | steps=50 | track=e60b33670f0be90c1f12c86172a067cc
global_step=643440 | return=-137.47 | steps=131 | track=5b6314475a32de1863a38b8e009304a7
global_step=643712 | return=-144.93 | steps=131 | track=31b9c87d49376f40f93a479bfc4fda82
global_step=644096 | return=-150.30 | steps=131 | track=88a774ab161f7471962b2b44300ea7c8
global_step=644224 | return=-139.18 | steps=131 | track=7783b2c0ee7bb987e0e095f5d72a47c1
global_step=644240 | return=-150.57 | steps=131 | track=59e0e056a006e8f456eecaab4e6225be
global_step=644240 | return=-125.64 | steps=96 | track=9fa7fb923e9c98a3d093e79761e6ea50
global_step=644304 | return=-143.83 | steps=131 | track=328adcc4dc4a29483d4a8e915b4de7a6
global_step=644496 | return=-10.74 | steps=65 | track=6637a7c5c47a3b97f2ba41dc32fc5d1f
global_step=644544 | return=-121.90 | steps=131 | track=5d0d2d91797f4bfa6ba3df19e8a31092
global_step=644704 | return=-158.72 | steps=183 | track=65de5d1e1b4cfe37adb82f7672718c46
global_step=644784 | return=-10.72 | steps=66 | track=deadc8ae30bce2dbbcb3fc7dcf9d4de8
global_step=644976 | return=-133.12 | steps=131 | track=c8fc9db245b425da3e548c032d791c0e
global_step=645056 | return=-80.91 | steps=143 | track=83d1810aeb4ba463bc59e70c93fb2a3c
global_step=645072 | return=26.19 | steps=227 | track=b10fbf9473f91406d66497e9e4e2c0ab
global_step=645104 | return=-89.36 | steps=159 | track=857cf702115a00a09e39dcf9b1048dea
global_step=645312 | return=-212.54 | steps=215 | track=6f3ec5c58f051a32edf345ea9b26bb93
global_step=645344 | return=10.36 | steps=64 | track=c3ef94883c628b4fad07f6d67dee5ac1
global_step=645472 | return=-147.81 | steps=131 | track=cb650dfde377df650897c5a026a96302
global_step=645808 | return=17.14 | steps=68 | track=a9e7c3b280380cc3d4d4ebf7378fe883
global_step=645952 | return=-153.82 | steps=228 | track=d14ae174775563400c11423e2f9c1ce1
global_step=646208 | return=-159.81 | steps=131 | track=f823fe806d27e50f33791a5ec402940d
global_step=646336 | return=-143.04 | steps=131 | track=0cb4cc1ad931b5e718ce58758284491b
global_step=646352 | return=-145.99 | steps=131 | track=974260dee765c8a1b096430fe653e3bc
global_step=646352 | return=-147.04 | steps=131 | track=e0fcd70969b4a8e8864db14c37a45189
global_step=646592 | return=-142.33 | steps=130 | track=2ea6b2aa87e9ed721a3927d2aaddd422
global_step=646896 | return=-146.06 | steps=131 | track=65f5d11bf71e2c25a4ebf906c9a5d37c
global_step=646912 | return=-127.77 | steps=99 | track=388e0cc86d8a906ac61ec8ce0956e9b8
global_step=647088 | return=-138.03 | steps=131 | track=277baf41470d51e58c0d12016c46370d
global_step=647168 | return=-127.24 | steps=131 | track=1ec3aed2a62539ca8d8faa74bb98482c
global_step=647184 | return=-141.99 | steps=131 | track=7438851bbcb44251b68b7e8e048de630
global_step=647200 | return=-143.85 | steps=130 | track=65d53baa519706f9a01b1de5208bd3b3
global_step=647456 | return=15.22 | steps=68 | track=dec48db3400e7d103811f604685a32e7
global_step=647488 | return=-26.70 | steps=133 | track=044d8221837465c9f6c2c8d48ea4d9b0
global_step=647584 | return=-134.97 | steps=131 | track=1c6e7ad54e80276cdadc0c35cdfdd7bb
global_step=647648 | return=-78.75 | steps=89 | track=47c19fcae594f55819fcba8dc65898a3
global_step=647744 | return=152.25 | steps=111 | track=6e70d3ac26dc1771bba233cfd268e957
global_step=647920 | return=-148.09 | steps=131 | track=4d6300b35231ac757aadead0c06d0a53
global_step=648208 | return=2.24 | steps=62 | track=c171f2ebdb1342eb468bfa21fd0e66bb
global_step=648480 | return=142.51 | steps=245 | track=8d752bf1d6cecad693f00c438afcbcb0
global_step=648704 | return=-140.07 | steps=131 | track=77909828345dff85f2975af8d0b84eb8
global_step=648816 | return=14.09 | steps=101 | track=6795b18042645c9159d5fe1b0b62c387
global_step=649008 | return=-154.39 | steps=131 | track=f8f05ba5ff3593034e729c5e4739dda1
global_step=649200 | return=-127.27 | steps=178 | track=c60bf1732497660835aaa93dc731ef5b
global_step=649200 | return=-152.97 | steps=131 | track=9c5d858af30ad39a2f295a24252f205a
global_step=649264 | return=-91.35 | steps=146 | track=c60b00bee31ec84c6078378dd82badaf
global_step=649280 | return=-148.70 | steps=131 | track=fdb9cef02752e6579e5e0c802ec71ee7
global_step=649568 | return=-144.10 | steps=129 | track=b0d2caa61f78d3639c94170a15050601
global_step=649600 | return=-112.19 | steps=202 | track=f4bfc523271921c40ed8fafc710785dc
global_step=649696 | return=-141.58 | steps=131 | track=0dfdefe2605193a73760746d26e10360
global_step=649808 | return=-54.76 | steps=146 | track=10e32074f58bb244b98b909700dda2fb
global_step=649840 | return=-145.88 | steps=130 | track=187a810c6a83fc9f1edebc79accb41c2
global_step=650016 | return=-142.67 | steps=130 | track=44c87ba8c13a57dd332a372a45908304
global_step=650240 | return=-113.05 | steps=126 | track=24c75fc0204e12c268cfe07602b29e23
global_step=650448 | return=-107.35 | steps=89 | track=16255b25175eed00b45d8b3df22a624e
global_step=650592 | return=-147.03 | steps=131 | track=a06267d3198eeda86a911320a013add5
global_step=650816 | return=-141.58 | steps=131 | track=4feac17b5c45b2c3273537a6952212d4
global_step=650912 | return=-142.21 | steps=130 | track=6db644815ecdb91931a2688162d53e9a
global_step=651056 | return=-115.06 | steps=92 | track=85693c045b80932431c0324c80061c7b
global_step=651184 | return=13.80 | steps=85 | track=67c73251c53bd38a42f19f681c0917ef
global_step=651200 | return=-54.25 | steps=124 | track=8023c60c9cb698556e2060007db16d76
global_step=651376 | return=-143.62 | steps=130 | track=80f1b6cbd5196c769cd9aca8ce78417b
global_step=651392 | return=-82.85 | steps=58 | track=82d5ee4fc5bf2fb19834c9a17f310d95
global_step=651424 | return=-138.93 | steps=235 | track=b6d853b82a8346c0993f1e5efba98427
global_step=651712 | return=-149.34 | steps=131 | track=fc3f70fda561199d1b8d56dbf11e4083
global_step=651952 | return=-4.02 | steps=64 | track=023d5d070f18c599f590d16ff165e24f
global_step=652032 | return=-123.55 | steps=176 | track=f468ef221168eb313db5b76b784bbbe2
global_step=652144 | return=-141.10 | steps=132 | track=14a311606a18adc35bc170be71adf3af
global_step=652256 | return=-165.13 | steps=186 | track=4c8576c5741aed849e6674b768189dbc
global_step=652352 | return=-152.59 | steps=131 | track=ff166e5891ec664639e45d44ced6f9ad
global_step=652400 | return=-9.68 | steps=63 | track=82081eca57f67efaf83af316b9592d34
global_step=652704 | return=-70.92 | steps=46 | track=9264bfd65f6e0cc481f67fc7ce8e8eaf
global_step=652928 | return=-139.41 | steps=131 | track=91d6a44c583af220a96903aa660656eb
global_step=652928 | return=-108.67 | steps=145 | track=2b99541ab97d98359540433afae0ae8a
global_step=653056 | return=-74.70 | steps=40 | track=286b3a3a206daf543d026178b2a666e1
global_step=653168 | return=-142.20 | steps=131 | track=fd815c8752b91be32db27b04f9aafd9b
global_step=653296 | return=-149.89 | steps=131 | track=cde059a1c704188ae532a0c5e800c0cd
global_step=653488 | return=-152.60 | steps=130 | track=3d810f05da4021ee8ed62d3a5898aa63
global_step=653552 | return=-113.56 | steps=132 | track=10854030044ef14e395d6269f62eef66
global_step=653824 | return=-140.80 | steps=131 | track=ebec6c4d4ff49d0a1405565f0f469205
global_step=653840 | return=-167.45 | steps=258 | track=755d5b62a24d77a45eccec5312ba4816
global_step=654000 | return=-180.89 | steps=259 | track=61efe3a330234d388454dac4af5556a9
global_step=654128 | return=-137.24 | steps=130 | track=cc371a269432c64b944a2edc2c1eaf3c
global_step=654208 | return=-1.12 | steps=64 | track=4e8eece0170643ac379f530bc59cd685
global_step=654240 | return=-147.98 | steps=130 | track=a7ff5f1c7de08640e29f4c5b7f0ff1ab
global_step=654288 | return=-32.99 | steps=61 | track=a294112d005e13fcf0650d70ec4b83ba
global_step=654368 | return=-128.53 | steps=131 | track=b985e8cbc6bab2a9b41084940ec30b0d
global_step=654448 | return=-135.22 | steps=130 | track=c552c227da66bba1f13bf421cef154d2
global_step=654672 | return=19.42 | steps=69 | track=0710de8299bbb0e43d90e657ad8f2969
global_step=654816 | return=-149.31 | steps=131 | track=fcfb26ecc8d7433f8bbf66346bf24c8e
global_step=655040 | return=-167.29 | steps=131 | track=fa46fb1a5417f3207876132b0e7a461e
global_step=655040 | return=-150.29 | steps=131 | track=cbbb1b9996aa22d1a87e807e27955c61
global_step=655264 | return=33.88 | steps=70 | track=0ea9ba7b41c450034d80018b5b82e1f4
global_step=655360, SPS=73
global_step=655936 | return=-144.86 | steps=130 | track=ee9af190ac4e92308f80bb774ff8e681
global_step=655936 | return=-143.04 | steps=131 | track=db03f603df1df68da60786f0c8325732
global_step=656112 | return=-148.70 | steps=131 | track=757995cf3fac84b5797a7af9166f7b2e
global_step=656176 | return=-167.95 | steps=310 | track=109e8c95f5b8144cf9abe9bf07c9f174
global_step=656320 | return=-157.97 | steps=131 | track=ed7015695881b7ec402a50bcda42b1ae
global_step=656352 | return=-146.40 | steps=131 | track=a7df0f4ba96c779a9d5d603414581a10
global_step=656368 | return=8.12 | steps=206 | track=15b8f6d392af7b17a72fbae99a519b87
global_step=656400 | return=-135.37 | steps=131 | track=79543bf8e84fb31105f646e18448d3ea
global_step=656624 | return=-140.13 | steps=195 | track=38ae1618b4b9a461e387dc571fe21179
global_step=657136 | return=-106.76 | steps=144 | track=71a0241e62325969296df1fb02504e8f
global_step=657152 | return=-161.58 | steps=131 | track=dadcea3e25f62a37755a0007ce0c1fbc
global_step=657152 | return=-145.71 | steps=131 | track=a45f0ce649dbe94ea3a553aebe0ac0a6
global_step=657360 | return=-155.94 | steps=130 | track=263e459727a02a80caead199ae0576af
global_step=657632 | return=-178.76 | steps=198 | track=e58a2b4a66723cd5d646bd5c3fdba7f5
global_step=657776 | return=-75.36 | steps=114 | track=c533bd3352c35e8ff8762cd5081644ff
global_step=658048 | return=-137.96 | steps=131 | track=84f02e046afbaf681cc881503548053b
global_step=658112 | return=-36.29 | steps=60 | track=bcb52402d986fab2d986bb5ead33e89c
global_step=658224 | return=-161.51 | steps=131 | track=3274397e45082669606b23039558273b
global_step=658288 | return=-143.96 | steps=131 | track=b0e26910d7bfcf43251e47c9b3bf0397
global_step=658432 | return=-138.45 | steps=131 | track=2f45e36a22ed2f7a950b2d98b607c181
global_step=658448 | return=-155.03 | steps=130 | track=6c59ff48658cf71dc8576aa25ca1cd3d
global_step=658480 | return=-141.79 | steps=131 | track=bb247af80d4338ae679d3a70c75412e8
global_step=658512 | return=-143.83 | steps=131 | track=2aea05446b45c87bcfa556e95de30753
global_step=658656 | return=-157.06 | steps=248 | track=a7b8891a009ffb4d78611ba0aed26c52
global_step=658704 | return=-34.48 | steps=270 | track=07c43a1beaed2deccc5f8b96290a7f4e
global_step=658736 | return=-157.36 | steps=131 | track=65db4bd0d9acd15d198deb7aabc3e5a1
global_step=658752 | return=-27.92 | steps=69 | track=fe64d23f8e0236c07a124329a712d166
global_step=658816 | return=-18.45 | steps=64 | track=bbf1e4a5a2a3448136bfe7b8bc430c29
global_step=659056 | return=-41.28 | steps=58 | track=df2d237106a989d92de3f951be6ca2c7
global_step=659264 | return=-139.46 | steps=131 | track=d34a37b43fb6b0ec54adc828228f4785
global_step=659472 | return=-158.29 | steps=131 | track=15a5b5464fc114ab89f74d542c3828b6
global_step=660160 | return=-133.54 | steps=131 | track=b4291d039283ae104186d839a9375977
global_step=660320 | return=-161.59 | steps=130 | track=ab0263067d74216cd6a72d71ed87cfff
global_step=660384 | return=-152.15 | steps=130 | track=c2dedbacbe87c473cc09a583ae7fd48e
global_step=660496 | return=-118.11 | steps=208 | track=452858d56f953dd982dfe38045676943
global_step=660544 | return=-134.85 | steps=131 | track=5c09b1bf6426f1df0f9d5f9f09db6128
global_step=660544 | return=-144.86 | steps=130 | track=40eb7c6c5324b06bc68016a8f0d1ccb4
global_step=660608 | return=-160.08 | steps=130 | track=446a101c6c4d23af3bf1cd4a3ef5731a
global_step=660640 | return=-52.14 | steps=118 | track=a6998a71d9f8c88e3284b1b5f1df76d9
global_step=660816 | return=-26.40 | steps=83 | track=cf648b341f58f250edfca503626f65b5
global_step=660864 | return=-140.30 | steps=131 | track=589373b721baa7b652332df022facee2
global_step=660912 | return=-150.25 | steps=130 | track=3fb92fb7ee7ef515d69ca67ab2ae7128
global_step=661168 | return=-136.31 | steps=131 | track=6a1b7b2807c80e20601cbb533554647f
global_step=661216 | return=-110.37 | steps=159 | track=c3cb65e927271522181f17046c4214a8
global_step=661376 | return=-145.35 | steps=131 | track=19bdc45c67c2a6e15ac74b1eca21b4cc
global_step=661760 | return=-116.06 | steps=190 | track=92aea0c80ef863f379cc02adcd74a387
global_step=662240 | return=-125.02 | steps=119 | track=d414f5c13cacc8dceb13f1425c8bb87b
global_step=662256 | return=-108.36 | steps=89 | track=775d9ebaa125b34927255633609b6301
global_step=662288 | return=-75.99 | steps=108 | track=1f768fdf4f7a5fe271dc1aa0909b1aff
global_step=662352 | return=-65.57 | steps=60 | track=0b7a19b564aa5ce734c833e8bedf6cd6
global_step=662496 | return=-153.20 | steps=131 | track=21ff867f026398f6eef178f69becbf6e
global_step=662544 | return=-63.19 | steps=118 | track=8884012e739ef0ced5db9db7783b0b87
global_step=662640 | return=-146.71 | steps=130 | track=1e6f039d9318dfce3e1a4357570562f4
global_step=662928 | return=-97.47 | steps=277 | track=2aebbb19cd16a0307ea2262fed48a61f
global_step=662960 | return=-155.10 | steps=130 | track=ba1ad9d6eb1bfc3a691754c54378c369
global_step=663024 | return=-146.40 | steps=131 | track=91a86306577af0b15658f181e04f88af
global_step=663280 | return=-133.27 | steps=131 | track=5966d9c21650f8e0518d5121b24ab569
global_step=663296 | return=-82.89 | steps=46 | track=1ff661e5567cb227d31613770467c757
global_step=663328 | return=-164.16 | steps=131 | track=71628ad78e191c3cc566796c8db8cfe3
global_step=663664 | return=-50.34 | steps=45 | track=98138f16b4bc76b2209088d0470f8816
global_step=663728 | return=-38.06 | steps=67 | track=883d96fa142b0cf041451634805ace9a
global_step=663744 | return=-88.87 | steps=123 | track=d92506193a759b0634d6f37e2d0b2556
global_step=663984 | return=-80.78 | steps=108 | track=6334d03e0692f83781b114fd42ad405f
global_step=664160 | return=24.01 | steps=70 | track=45a9a59e19123ea5bf09d55b2a3ca21c
global_step=664288 | return=-216.35 | steps=229 | track=5c61bb883153e4dfe4c614313408381b
global_step=664352 | return=-25.29 | steps=63 | track=24906d545fa53f83c2ccc0b2e7ad00a0
global_step=664352 | return=-12.27 | steps=66 | track=cd2198584d49a3feeb163c49ac98b130
global_step=664352 | return=-146.05 | steps=130 | track=adc2741d946a64c2a936a4f44c2c60e2
global_step=664400 | return=-133.77 | steps=131 | track=66307d6577551b12cc2bbb9c7f53c78f
global_step=664608 | return=-139.41 | steps=131 | track=49f2d30a68388a3cf8060d82e816117d
global_step=664944 | return=-47.30 | steps=59 | track=f40e4135c5aaee4e223564ea67206818
global_step=664992 | return=-257.80 | steps=280 | track=f957646c7e33bbe57223324f8b2afdf4
global_step=665072 | return=-213.58 | steps=306 | track=b7452534b78883f80078a48bc0f8f18e
global_step=665072 | return=-137.56 | steps=131 | track=db97c5ee715abdeeffc32ed53c552f66
global_step=665248 | return=-53.95 | steps=94 | track=dbb07cc0dfe603cfe669ec88c4f977d0
global_step=665776 | return=-152.54 | steps=131 | track=393e3595c5551185036f9890830697bd
global_step=665824 | return=-113.11 | steps=216 | track=18aeb83a02b4b9f5eabe87ace28ae7f4
global_step=665856 | return=-142.19 | steps=131 | track=b90f814569d1654bd79864e865843dbc
global_step=666272 | return=-159.19 | steps=131 | track=de1f43c24bffb52be844111f8dc384fe
global_step=666384 | return=-157.20 | steps=130 | track=e30cdf00b7704e4eb7843866e867cbdd
global_step=666432 | return=-86.37 | steps=92 | track=458b9e9ce15450be0fbc9620b27596ee
global_step=666464 | return=-149.13 | steps=131 | track=923cce86973f3e232f0b59bd101072a4
global_step=666464 | return=-147.13 | steps=131 | track=11e9b501a80124d41ad9046f0fd62400
global_step=666464 | return=-155.64 | steps=131 | track=8990ecab7bbb33148064b1896cf629d9
global_step=666752 | return=-77.57 | steps=146 | track=a500c60cd526af2b647d427523130e82
global_step=666752 | return=-128.51 | steps=104 | track=c6c0b48151f98f42955e2c017f8eebda
global_step=666928 | return=21.83 | steps=71 | track=efda79e1dd8fcd1a0c5a2f90becc9a39
global_step=667056 | return=-62.79 | steps=152 | track=3d0894a9712620813501dcec01db439d
global_step=667104 | return=-151.41 | steps=131 | track=c56de0b643a45c4e447139f69a8eb2f1
global_step=667152 | return=-67.03 | steps=44 | track=3b0a5efc68c191e7e1f62aefc2ea907f
global_step=667184 | return=-140.02 | steps=131 | track=5056f037aac45ea084eb0473a77a3c9c
global_step=667424 | return=-66.63 | steps=41 | track=1ece024d7d05f9dc9202cab4d22603a3
global_step=667648 | return=-259.96 | steps=271 | track=4fa78ee91313d9b087ff27dfb04c7dcd
global_step=667664 | return=-61.14 | steps=150 | track=4c225be3b96e56a12177fbc04bcb8e02
global_step=667808 | return=1.46 | steps=65 | track=08b84f269651d67086d8151628608fe0
global_step=667968 | return=-142.99 | steps=131 | track=8dcddde6d210d686312ba5a18e5be3a6
global_step=668000 | return=8.66 | steps=66 | track=ec1bb75cfbff7ff7aea3083823066f14
global_step=668384 | return=-146.90 | steps=131 | track=2dc4353df864e5f440b0bba1c2cf77e9
global_step=668496 | return=-155.45 | steps=131 | track=e15f3c59446f6c534c28d677a4827cd3
global_step=668576 | return=-142.90 | steps=131 | track=358652433f4ab42c80b07a2ecf4dc77c
global_step=668576 | return=-138.81 | steps=131 | track=c3a6847f153b1293d7ba26e75ecd3b34
global_step=668832 | return=-116.16 | steps=104 | track=d5052105db1b556e086647c8ae31521f
global_step=668912 | return=-94.97 | steps=107 | track=33b65142d5a746961d808b542a32e38a
global_step=669168 | return=-146.14 | steps=131 | track=45202aa9c1c2727b2014b35fd24c7788
global_step=669168 | return=-119.15 | steps=108 | track=0316a404a839478dbfdbc1dd5db9b449
global_step=669264 | return=-128.74 | steps=134 | track=b72ce115d9724b292618e951d41f4d32
global_step=669344 | return=-162.86 | steps=179 | track=a802247da2b06955552d025fb180f8de
global_step=669424 | return=-115.93 | steps=109 | track=77f7e02f67715c6140e0d644595849bf
global_step=669504 | return=-129.87 | steps=115 | track=ae939b763b29f53ab1879f566d260c26
global_step=669888 | return=-30.62 | steps=253 | track=84461efe9a68646c3d2fffa97786f5b5
global_step=669920 | return=-147.21 | steps=131 | track=9475d3fee41aef80a757b36c70027327
global_step=670080 | return=-152.97 | steps=131 | track=8e4058acbf1d953e19d3f4b3451529f3
global_step=670112 | return=-136.66 | steps=131 | track=2099f2811ca33f623c5d38921e98393b
global_step=670192 | return=-18.84 | steps=52 | track=1704df33d874338f652ca530594aa63b
global_step=670320 | return=-18.94 | steps=65 | track=2c7bb7dbc3fa6303db350d8fb5e4a812
global_step=670496 | return=-177.92 | steps=131 | track=926f5b9bee450081043c1db272c173a1
global_step=670608 | return=-145.26 | steps=131 | track=e3396a4493c909269de444a05889f3b7
global_step=670672 | return=-135.91 | steps=130 | track=6ed771519b1e20c6505ddafc7408c0d0
global_step=670944 | return=-129.60 | steps=131 | track=b32e9fe7f86400a38d160226d9a25e2f
global_step=671104 | return=-27.59 | steps=61 | track=9f9449871c8c63f75192b18d5a2bdaca
global_step=671216 | return=-55.17 | steps=55 | track=1f65fd031d718b65dad91124c2024e89
global_step=671280 | return=-149.22 | steps=131 | track=480e537fc18e52cf82b353c179dcbb7a
global_step=671280 | return=-152.70 | steps=131 | track=fca0d0c206161893d7edafd405a55271
global_step=671376 | return=-65.24 | steps=90 | track=91fc14f71ae1987f154f80d93a506acb
global_step=671504 | return=-9.83 | steps=62 | track=9a8a941d24bf54e02662c772b19ec971
global_step=671536 | return=-141.76 | steps=131 | track=fb8f402c0fe1bbc50684fd3818908f07
global_step=671744, SPS=73
global_step=671968 | return=-142.78 | steps=129 | track=2a9fbe19660912b08f871248f94cb692
global_step=672144 | return=-175.96 | steps=201 | track=9b475ee130b6045de5557a32a2a3c580
global_step=672176 | return=-83.13 | steps=49 | track=31bd5caec4e6d2bc383dcbce5492768a
global_step=672288 | return=-144.22 | steps=130 | track=5d74e06a258d63d4d15213be73548b63
global_step=672320 | return=11.56 | steps=64 | track=ff1684464804bfa29c5d036c35dabf8f
global_step=672352 | return=-34.59 | steps=66 | track=95910034728fef304d319737fd706c44
global_step=672576 | return=-191.23 | steps=191 | track=3048f5f9885c2a1594d60e79bd1565cf
global_step=672608 | return=26.38 | steps=66 | track=df683dc83c5c86c338e8a408e1673b4c
global_step=672720 | return=-136.95 | steps=131 | track=652cd241ac6225f8b8f6b61824a66f7f
global_step=672896 | return=-22.74 | steps=269 | track=45cc0e274abdc7b99d0626ca2711d2a4
global_step=672944 | return=-94.40 | steps=89 | track=16bfcb87f4cd4b077d1f330853210994
global_step=672944 | return=-180.01 | steps=178 | track=980655e4535069adc2a8110ae36de9d4
global_step=673040 | return=-136.82 | steps=130 | track=f8be008df79d6c90b99eb8ac8f6d5599
global_step=673072 | return=-46.11 | steps=115 | track=5469f06c8d7ed05054b98f97efbba115
global_step=673216 | return=-155.21 | steps=131 | track=f0960f350969191fe2e20191e7e77fef
global_step=673776 | return=31.27 | steps=65 | track=88eb0ebad6e3d423b212268e15633669
global_step=673952 | return=-115.88 | steps=110 | track=bc8c7518c7f33e38aab184439149f7f1
global_step=674144 | return=-98.50 | steps=66 | track=928ad1b0d1b484f3c02c00c162bff080
global_step=674256 | return=-140.40 | steps=131 | track=9f19f782cb2b5540fe3334068880a3d3
global_step=674304 | return=-114.51 | steps=107 | track=ffe9ff7bac7c5eecbbd65187fcfbc480
global_step=674352 | return=-179.74 | steps=148 | track=c6669170e52ce77df20d1ba5808b29c2
global_step=674400 | return=-112.69 | steps=131 | track=7d749f9de3831ad0fd61db0663b66307
global_step=674544 | return=-80.34 | steps=93 | track=8fa0abb06651ca0dc5d8c8d288e416c8
global_step=674896 | return=-64.02 | steps=121 | track=75e9585ed32fb185db5a8771eb1b8bef
global_step=674896 | return=-162.12 | steps=263 | track=9c6641eef4e156b5c6aa360ad36f9651
global_step=675008 | return=-133.76 | steps=131 | track=c69bb0fcd6bf180684114b28a587e8f9
global_step=675056 | return=-152.73 | steps=131 | track=8433b4689551be05170ca0f473470306
global_step=675248 | return=-118.15 | steps=182 | track=383fba2c0f8fb8886d7a3ffd0c943be6
global_step=675312 | return=-148.28 | steps=130 | track=c94f83d161f2461b3ffaedba929ec56e
global_step=675792 | return=-70.08 | steps=92 | track=9e9676fdef3281b94ae8d18f1c0a560a
global_step=675792 | return=-54.11 | steps=45 | track=9f1707fc298888489e76f2d0c0039c5b
global_step=675840 | return=-98.60 | steps=92 | track=220e60da0045bdb4f8164f3c798274fd
global_step=675840 | return=-189.00 | steps=217 | track=d0adfa6abf7dceb6603b7afc9d6e4a58
global_step=676048 | return=-134.10 | steps=130 | track=48514cf0cc89bc3e1186630aa16074d0
global_step=676048 | return=-66.18 | steps=45 | track=b26b5b893f0a79904b3a670f5df7a78b
global_step=676368 | return=-147.41 | steps=131 | track=2cde925f216a74936dcddb1e7800e67c
global_step=676512 | return=-154.61 | steps=131 | track=2eb4b87de98a41907a55da5182ac68e4
global_step=676656 | return=-159.00 | steps=131 | track=8f8272cbf6a68fb6ed984b1cddf1813b
global_step=676752 | return=-161.44 | steps=258 | track=87bd569cdeadea67095635445be1e5d9
global_step=676944 | return=-136.96 | steps=197 | track=ba114b2803ef6b3ab657bb5322eea09d
global_step=676976 | return=-84.13 | steps=57 | track=d7648c289dcf6a328c656ec9de393cbb
global_step=676992 | return=-157.39 | steps=130 | track=1a59fdd3a6c16bd832f1192fa84b2f55
global_step=677008 | return=-143.78 | steps=131 | track=e40d4fb3d3670b4504bf610c3f3e3e6e
global_step=677120 | return=-149.53 | steps=131 | track=1a24c14d06758bef9c5a326a76d269bf
global_step=677360 | return=-148.20 | steps=131 | track=3e5b8753752a25b0f1c87249359870d1
global_step=677552 | return=-1.63 | steps=64 | track=7a433b42b0e07a535e3bd09935544146
global_step=677888 | return=-151.28 | steps=130 | track=ff7e060a4788a40a22162da85091e70d
global_step=677904 | return=-146.40 | steps=131 | track=8ea51ab7a8dee079a5cc740c41a77f9b
global_step=677936 | return=-146.41 | steps=130 | track=19e75b0ddfa81a7788b511fd712346f4
global_step=677952 | return=-147.97 | steps=131 | track=aef7a6d89904c71ff976b2f2f5a1ddd2
global_step=678144 | return=-150.94 | steps=130 | track=bd4b74c2ad8806dbdf55e7992f4a539d
global_step=678160 | return=19.16 | steps=64 | track=d3656c61c16a4a17540107c0edb123db
global_step=678240 | return=-33.31 | steps=42 | track=f816aa2dafa2339835fbd3fd189e7f3b
global_step=678432 | return=-146.67 | steps=128 | track=dd435a60f749985612d7c53c03583063
global_step=678768 | return=-140.91 | steps=131 | track=f60e314de1034747217eb88381150db9
global_step=678848 | return=-57.17 | steps=56 | track=54ead7f05e42c0832f6c6326b8e2d7fe
global_step=678880 | return=-146.87 | steps=132 | track=539be263d1b0f53d8dac3a8c0ce2c070
global_step=678928 | return=-6.21 | steps=64 | track=6bc301540bb0f280fec88516fd2e30f9
global_step=679088 | return=-157.17 | steps=131 | track=4dfa88c55debf3930bd3a2ccc6b2293c
global_step=679104 | return=-139.66 | steps=131 | track=1ae9724b5cdd3abad203e904771ab0a1
global_step=679120 | return=-131.34 | steps=131 | track=03d1949e18cd4da014d0d7ba452a06ed
global_step=679328 | return=-43.32 | steps=67 | track=e10753c669988480bc3c01942697e2eb
global_step=679360 | return=-182.83 | steps=325 | track=0cce59b11302af588b823d50d4c81ddf
global_step=679472 | return=-138.27 | steps=131 | track=3413ed13f250dc225ae1c437859fb677
global_step=679632 | return=3.07 | steps=74 | track=28a09e37086fb42fdb865c7b70c03f98
global_step=679920 | return=5.14 | steps=66 | track=3611d2822a5036bbdbacf1685027af34
global_step=680032 | return=-152.47 | steps=132 | track=c3230cf2ce336770bff3be1997e7654c
global_step=680064 | return=-161.51 | steps=131 | track=3c1a2d06e8c940c4e4a02c147da7da1c
global_step=680208 | return=-51.17 | steps=68 | track=89a732bd1417dc774a5a349cb0df391c
global_step=680240 | return=-70.62 | steps=47 | track=3ce344537cbbbf0995a64d45f961edb9
global_step=680400 | return=8.27 | steps=66 | track=15927e3e0546ed38e602b9705833ecc5
global_step=680784 | return=15.48 | steps=88 | track=b291cfc2ff8cf2e6a936ed8f3b82b14e
global_step=680880 | return=-146.29 | steps=131 | track=cba75709348e2b4698c430cc4781624b
global_step=680992 | return=-149.31 | steps=131 | track=e61f8dd72082b5a27bcecc6b9d81a510
global_step=681248 | return=-151.94 | steps=132 | track=41305e3aa2808d932647d74ff1eae62a
global_step=681296 | return=28.07 | steps=65 | track=484dda9b3195c0c0626d76f20779bda7
global_step=681328 | return=-89.09 | steps=139 | track=1581c6adaa40226642738405f42adfa2
global_step=681840 | return=-99.03 | steps=89 | track=4339b63c73acce48f78fbe6523acdeca
global_step=681888 | return=-228.13 | steps=232 | track=62bb1a6158c3120269b54691ff3c24cd
global_step=682128 | return=-203.30 | steps=199 | track=2a303dcd1d4ad7527db349871a3ff208
global_step=682144 | return=-144.04 | steps=131 | track=b71bef69411cc12aeb0923c6ebba22c3
global_step=682176 | return=-140.06 | steps=131 | track=1db981afd4137f5fcc527cb5b349f75e
global_step=682224 | return=-56.12 | steps=55 | track=302f8f00b7d82d54f7f4a2eb0d06e401
global_step=682256 | return=-60.24 | steps=145 | track=3f9467c15f9cb1a1d47b0bc3b3c09d8c
global_step=682256 | return=-85.73 | steps=62 | track=c8b5d961722b65fb8263aec121d43fc5
global_step=682512 | return=-14.04 | steps=107 | track=bf44295c41a4c7e36d9922bad9cdec78
global_step=682704 | return=-138.41 | steps=155 | track=445363fdb3abcf3579b4262edd736cdd
global_step=682912 | return=-63.60 | steps=297 | track=d7d6dc596f662d59de8f8a04b4e430ac
global_step=683104 | return=-142.17 | steps=131 | track=cb4ac1788b5c0d5643e68ba678619195
global_step=683136 | return=-172.21 | steps=218 | track=fdef5314bcc1fcddb7aec01f7e997de4
global_step=683328 | return=-61.54 | steps=73 | track=cbb0f414e861a90ac4bd0647c5b23101
global_step=683680 | return=-53.80 | steps=111 | track=b72de9a894f322c07d73636b1415124d
global_step=683712 | return=-83.58 | steps=92 | track=a6d4a071c18b6a84f49459c325264ef1
global_step=683808 | return=-157.74 | steps=182 | track=ac4a19c06ba74a03d77fd02645e51d88
global_step=683936 | return=-151.09 | steps=130 | track=b0d53564894fdfafd96a3cb43a25e8fc
global_step=684144 | return=-9.02 | steps=177 | track=b9ecf5eb0c689d5f958a88be97241acd
global_step=684240 | return=-125.88 | steps=455 | track=c2957f27d80e3ffe5ccdeab674d77ce1
global_step=684288 | return=-145.11 | steps=131 | track=d4c46f58d9cd3fc04d0876319ed579f7
global_step=684288 | return=-87.37 | steps=134 | track=fb58cdfb36bc2a980810542f3b53c6f8
global_step=684304 | return=-92.33 | steps=127 | track=bcb54d1563d060c2b1cf2bf7bccf8e0b
global_step=684400 | return=-72.40 | steps=92 | track=b0eef5017dfb794b51a783c9262a1533
global_step=684512 | return=33.72 | steps=73 | track=024a24d5cb4b167f8708fab0db089093
global_step=684624 | return=-153.99 | steps=131 | track=3627943e4cb3aa6317461bd71120bdd8
global_step=684816 | return=-139.05 | steps=131 | track=80f9bdc7219fdb7a9f6a450cf1845b01
global_step=684928 | return=-15.79 | steps=61 | track=8de8c1d0f52be9f5de79231109aeeedd
global_step=685056 | return=-130.71 | steps=174 | track=9bd8272254e4b8bfd4da91985054d8fd
global_step=685248 | return=-154.59 | steps=131 | track=446d8575d8506c7acf37984980c6ea64
global_step=685456 | return=-119.52 | steps=108 | track=fa85772413d47ba98e475234eb66401f
global_step=685488 | return=-71.30 | steps=41 | track=a28de1f60e5281fa8156e07feac6b8da
global_step=685648 | return=-13.05 | steps=84 | track=9b7bc5d089f8eb076b7dd5c62686cf73
global_step=685792 | return=-152.40 | steps=131 | track=4b5d910aa9942e0f03d6323fa6facf5d
global_step=685920 | return=-142.83 | steps=131 | track=bfcbd4cd35c1ac354348a172a1851ce1
global_step=686144 | return=-122.51 | steps=108 | track=7b965b5fdcb45820a36dfb47338910e4
global_step=686256 | return=-154.11 | steps=131 | track=7b3fa05e2f0cae5d3f6a42ffff9ad0c6
global_step=686320 | return=-112.21 | steps=129 | track=bd8db4fe0053d3aad7bf069d04f2b76d
global_step=686416 | return=-144.30 | steps=131 | track=857807f8666e66956042ba34aec03a1c
global_step=686624 | return=-133.80 | steps=131 | track=f798f7a85e7d534f5b0cffa35e9a486b
global_step=686736 | return=-141.73 | steps=131 | track=158e5f004184634f8db0a40b4b7343e8
global_step=686800 | return=-104.74 | steps=156 | track=7425b03337aac635ccc0acb7445d0c16
global_step=687040 | return=-146.60 | steps=131 | track=981169f708af21ad60eddc384c05ef0b
global_step=687152 | return=-95.65 | steps=62 | track=bf4e55fc6d715f9a6771cd4b562deb0d
global_step=687168 | return=-149.98 | steps=131 | track=18b0aeb5439bbf8c47ee64deddacadc7
global_step=687184 | return=-211.03 | steps=254 | track=4cab4964af07ba3c11330d8e0762ad3e
global_step=687360 | return=-141.76 | steps=131 | track=524d7183792d5b800f63c84e15001312
global_step=687392 | return=4.98 | steps=66 | track=4917dd17f28cabda59dc20ca4b1c2f94
global_step=687424 | return=-128.67 | steps=110 | track=829b9d46c5e17ec596b609ad9a959ea4
global_step=687568 | return=-153.46 | steps=131 | track=8b7800ce1941461823932b893c12d501
global_step=687600 | return=-148.58 | steps=131 | track=dcc5f7117d5e58af0ef1ce5a212c9000
global_step=687888 | return=-115.89 | steps=91 | track=136add80df9b8e65f16ac67f5c36b792
global_step=688032 | return=-136.11 | steps=131 | track=143728984bc48dc6bd391dec5102fd20
global_step=688048 | return=-47.92 | steps=140 | track=71ad0b9140246721eab79939e0fef428
global_step=688112 | return=-76.31 | steps=44 | track=3fb64340fb669173b7b355203b5d041a
global_step=688128, SPS=73
global_step=688288 | return=-24.83 | steps=77 | track=45af447fe4f097a141dfc8bfd3f04dd5
global_step=688368 | return=-146.37 | steps=131 | track=a42a10e71799a79a1cd86fda1680394d
global_step=688704 | return=-70.61 | steps=94 | track=16d4b9c1a5fcf9323261d335c7394a4e
global_step=688736 | return=-131.06 | steps=131 | track=b90022ad05d22730467e498b3a950c77
global_step=688912 | return=-137.62 | steps=131 | track=11bd72928961d3f39b5811096d5c3136
global_step=688992 | return=26.24 | steps=68 | track=1e91ef65c3ddacac6a30dcfa4c6378c9
global_step=689040 | return=-110.41 | steps=89 | track=9c62216f1ad69c800342f194bd6b73d9
global_step=689232 | return=-160.31 | steps=128 | track=4852fc3875cb4a8f6ef6a55a317ab0ae
global_step=689248 | return=-151.37 | steps=130 | track=f595ee32f87d58372b9398c936b9e0db
global_step=689472 | return=108.48 | steps=170 | track=b0abe23273e25fe5b85edb7110c9e0d6
global_step=689552 | return=-110.60 | steps=89 | track=b4fdceced2c33e83043545f2f86319f1
global_step=689600 | return=-102.46 | steps=139 | track=107219e45654c6cf9144fa80e62a6d2f
global_step=689648 | return=-110.04 | steps=138 | track=7b1b2edf8794431cb4935489ee25925d
global_step=689680 | return=-143.80 | steps=131 | track=61a9e54bf9230fa007c56d825f5a5b0d
global_step=689840 | return=-98.55 | steps=91 | track=27973d48e8ab6fd8fdbb984ffd5a1ad5
global_step=690128 | return=-152.45 | steps=130 | track=7be04ad2b9051317cbe8d55835d4c708
global_step=690144 | return=-145.00 | steps=130 | track=5446b4de328f29a44baf3e6006d0c130
global_step=690288 | return=-54.11 | steps=42 | track=454c935f772b2be9e6dcf26f0e4cf7f3
global_step=690400 | return=-137.31 | steps=131 | track=d688770dea04735c24a674a4e80a8374
global_step=690416 | return=5.72 | steps=88 | track=6dfe1e1cb88a47e01c2c22d3fa8eaebb
global_step=690480 | return=29.71 | steps=89 | track=c1719ecbcc070659b370ed61d528718d
global_step=690672 | return=-15.27 | steps=61 | track=a9f33060ddc863f17d4693cafaa7dd91
global_step=690784 | return=-27.10 | steps=116 | track=5ec65890e7e87fe4017347a1905adc83
global_step=690848 | return=-140.86 | steps=131 | track=e57dcbaf99cd092ee238233372b40f4c
global_step=691008 | return=28.30 | steps=72 | track=9365500b5c3a9283aee287e885dcbf29
global_step=691360 | return=-146.19 | steps=131 | track=08330dab84755085c96af4fe45dd819b
global_step=691472 | return=-31.00 | steps=73 | track=b0fc72fed14cfd5e3b335d1e7fc4b20f
global_step=691616 | return=-35.58 | steps=75 | track=0b36c2eddea0398dcf6c7c68bbf7651f
global_step=691664 | return=-114.11 | steps=136 | track=7f8b487faa68271a59181f3c1010e7c2
global_step=691664 | return=-145.69 | steps=131 | track=72524ed98409c2a0024f58d406c458af
global_step=691760 | return=-142.40 | steps=131 | track=311aa3d37678277f8d3a6aaf4dc9b15a
global_step=691936 | return=-112.31 | steps=90 | track=d8018879f6c97a7907cc295eb1f47def
global_step=692240 | return=-139.41 | steps=131 | track=e658718a78df8b2fe6469c190b4f8bcc
global_step=692256 | return=-153.15 | steps=131 | track=c3c970f0cab0d684615033ecc96a398a
global_step=692416 | return=-68.87 | steps=46 | track=be8b5764d5a08d7c5cece85a5ec9b580
global_step=692464 | return=-88.10 | steps=234 | track=c547ca8095d05e7cdec63026436afcc9
global_step=692528 | return=-150.25 | steps=131 | track=ae2c8ea94a399a798d6123d79a206465
global_step=692688 | return=-0.17 | steps=63 | track=1259a7d894c566f1353a8475d280d5c6
global_step=692784 | return=-172.99 | steps=131 | track=ed3044a2f3d779170dd8902568d026dd
global_step=692816 | return=135.89 | steps=83 | track=4637c07fe9291bc9df4f5162f3eae551
global_step=692848 | return=-132.97 | steps=92 | track=bc2e75ef14ac3aa7114f8531163e68b8
global_step=692880 | return=-140.80 | steps=130 | track=984fcd9dad6733d9660a8db35d3eb9b7
global_step=693056 | return=-25.43 | steps=69 | track=766689983ec94a32c2226f5cc1965478
global_step=693472 | return=6.91 | steps=65 | track=3aeac03b95b200fefe7fd2bbe3630c00
global_step=693728 | return=-144.93 | steps=131 | track=042387863d334ded150a610453d4d63a
global_step=693888 | return=6.80 | steps=64 | track=a229728f410edcefe2e03642ad9faa08
global_step=694224 | return=-68.12 | steps=153 | track=5a9f4dc3755e1099b1fb936d72d17fea
global_step=694352 | return=-142.23 | steps=131 | track=cb0187e7e8cb59d640288e95384d2c98
global_step=694368 | return=-130.13 | steps=131 | track=6d6a79581c9bdfa2075893d4bc7bb0be
global_step=694416 | return=-167.95 | steps=212 | track=3bebeb408caa05f8854093e23c7cf3a8
global_step=694640 | return=-139.03 | steps=131 | track=c45b0266e53bd9b5b8c27db605cf11d8
global_step=694704 | return=-95.36 | steps=139 | track=c2d5cd7e4905195b0b7e219dbb7948f1
global_step=694896 | return=-151.01 | steps=131 | track=96e75a4d70e285e8a2d730bfd7050db1
global_step=694928 | return=-142.16 | steps=131 | track=a034782bbe1c364df86f62c14e304629
global_step=694944 | return=-26.13 | steps=75 | track=d1f3f34ef9ddd6888373f7391a3e07b1
global_step=694976 | return=-149.54 | steps=130 | track=4bd4c4b213b2f22e233778c4103977fa
global_step=695136 | return=-277.09 | steps=368 | track=f5e3791c55e186f0b3a8c2b481b86332
global_step=695168 | return=-160.58 | steps=131 | track=86efbddc84a323eb704d24f7a328a209
global_step=695232 | return=-57.72 | steps=83 | track=b25aca811bfaa3fca0fd9b032c000485
global_step=695584 | return=-145.87 | steps=131 | track=88c4bdf5628a56f78427f14e965faa14
global_step=695952 | return=-50.72 | steps=318 | track=f1a3a532ac3d860c3eb5a3bc816cd483
global_step=696272 | return=-149.03 | steps=223 | track=5f02b7870a52c56b2f4a09a48c2cc81d
global_step=696336 | return=-145.31 | steps=131 | track=45ecbb0206eab9380054ad492f849042
global_step=696480 | return=-145.35 | steps=131 | track=9c50b9306937b60e01b951e3701fbfcf
global_step=696528 | return=-152.98 | steps=131 | track=d1996fe8ff93ba901b4ce4fb4026034c
global_step=696592 | return=-90.86 | steps=139 | track=16b3cd1745be6c2edf401fabe4c4f264
global_step=696752 | return=-142.12 | steps=131 | track=0484ae9e9a05fab3738f6e1934550d2b
global_step=696816 | return=-149.31 | steps=131 | track=544dbea98d5d32aa452c2bf1e1e16bc9
global_step=696976 | return=-89.68 | steps=43 | track=aca283f2765a8df0ec890d7b7df032ea
global_step=696992 | return=-110.41 | steps=130 | track=173fefac0ad07c7188d0d3e97cab8011
global_step=697024 | return=-146.18 | steps=130 | track=eecfc5d4c28638094685d7f78c6c0da8
global_step=697024 | return=24.84 | steps=66 | track=73cdf616f5394b064f952f44533621e5
global_step=697088 | return=-146.29 | steps=131 | track=7c2a42d1cf6096c1a54558709bb60d8f
global_step=697120 | return=-127.38 | steps=135 | track=850c1c201118f02eea7ea0227e6f1766
global_step=697232 | return=-160.58 | steps=130 | track=6bcf036b9b1281b2c599684c5dd95852
global_step=697280 | return=-143.14 | steps=131 | track=4bb1e9eb5a84d80838a96574dd15fe69
global_step=697344 | return=-147.98 | steps=131 | track=92b74a11e37ccb9fc8ce6047f35fd52c
global_step=697696 | return=-133.44 | steps=131 | track=b228fc6aa8dbd1390d269961b0b61df0
global_step=697840 | return=28.97 | steps=67 | track=d6cdac0c5d4db764239c879c62cad74c
global_step=697904 | return=0.65 | steps=67 | track=fb315ccb4403cbfed61061c8ce6632ad
global_step=698176 | return=-6.78 | steps=65 | track=cb253fd669f7b66103e74f62ab52cb88
global_step=698464 | return=-69.27 | steps=47 | track=3a51297048e8ddf334c48cf518d66921
global_step=698576 | return=-142.33 | steps=130 | track=00c02ee99bc1a81deccaed8b30a3524e
global_step=698640 | return=-142.81 | steps=131 | track=e1c35624bca7e53330fcff985af55bb9
global_step=698992 | return=-26.71 | steps=149 | track=78db860cf573869e20851e32a9894d61
global_step=699088 | return=-141.15 | steps=131 | track=8df36711fffeade5ed847e2f8ab25f31
global_step=699088 | return=-101.89 | steps=31 | track=d1e581a6ee2b2a5c33fd65e6dc7de2d2
global_step=699104 | return=-136.17 | steps=131 | track=96dbcf2a4abc2c7de8125a5c9c687e2c
global_step=699136 | return=-142.47 | steps=131 | track=4625460d9db54caae6fd358cfb76b9f7
global_step=699168 | return=-26.67 | steps=133 | track=ef8039a4a3798661e95153372d225135
global_step=699200 | return=-151.61 | steps=131 | track=d4fb5f141bcb81f2a2427726ea73aa18
global_step=699344 | return=-143.14 | steps=131 | track=5fcc7e99b4c16440dd9423e8c568aa04
global_step=699456 | return=-138.00 | steps=131 | track=fb6ba65d2ad45b174df638ccc5682989
global_step=699504 | return=-14.22 | steps=64 | track=4df0dba01ea8db9c04008ea39ff6a048
global_step=699536 | return=-9.47 | steps=55 | track=3eaf1f922515c84437b15b9805120e00
global_step=699696 | return=-86.90 | steps=150 | track=1990bd02dd69b3ee5c43866f5dff3091
global_step=699904 | return=-82.04 | steps=50 | track=f33d788e471b6ae609344b5938cdd6a3
global_step=699952 | return=-146.20 | steps=131 | track=1c1db9aea84fd319f2679504055b666e
global_step=700016 | return=-148.30 | steps=131 | track=23439ae8c7d0527944901f5a70f4735b
global_step=700160 | return=-79.00 | steps=238 | track=404f5e8fafcaff27ad59d5dada92e34f
global_step=700272 | return=-91.63 | steps=68 | track=3db00337918d1c22b0c3449fc7b543a2
global_step=700272 | return=-147.58 | steps=130 | track=6b591b7e965461360ab84e59c1d04175
global_step=700288 | return=-3.66 | steps=71 | track=b70496a72faf83514583c0fff533102e
global_step=700432 | return=7.32 | steps=82 | track=24c2697f4a3adbaebca04207e4e4c1b5
global_step=700560 | return=-3.68 | steps=68 | track=dcab76a0b5551f236f105c7e6851aff3
global_step=700560 | return=-59.21 | steps=91 | track=f29d73b4ed4da69635726ce9fb84fb98
global_step=700688 | return=26.96 | steps=71 | track=e360118db684a1ece6b5cdd97dc31831
global_step=701104 | return=-153.31 | steps=131 | track=a733b895f5529c18e6484ea6bf24fa89
global_step=701312 | return=-128.80 | steps=131 | track=f7da78e7503240252c3a0fd72a17f96b
global_step=701616 | return=-133.77 | steps=131 | track=57b7cc61831d60ebc67e9958304e3599
global_step=701712 | return=-115.47 | steps=89 | track=54a5bb4b0e9ab1ae2972d0f12609524a
global_step=701760 | return=-72.54 | steps=92 | track=a7e8dc2dc92454eb53639a642567ce1d
global_step=701808 | return=-139.41 | steps=131 | track=5a4718e77882d286f927171e97e0a7df
global_step=701824 | return=-3.54 | steps=70 | track=59f147bc1d4be2612d34a38c41cbe20a
global_step=702000 | return=-144.77 | steps=130 | track=0c6b0aae2d1e566396805fc39558ac7b
global_step=702064 | return=-137.80 | steps=131 | track=729a91066d73166c2a93257c5a3f6459
global_step=702128 | return=-137.71 | steps=131 | track=3919493ebb2907aff93bc73133c68624
global_step=702320 | return=-11.05 | steps=62 | track=65e2ca9e26b035b5c5b79421152d5c04
global_step=702336 | return=-127.66 | steps=186 | track=fd919741cd725a91e8031461209d13e0
global_step=702400 | return=-142.39 | steps=131 | track=df896a904226745663a5e5d31a66969b
global_step=702416 | return=-35.81 | steps=81 | track=f8d838cdb31140bbaa5cdbe4d729c9db
global_step=702544 | return=-148.03 | steps=131 | track=b193fd2a917e85ddccc24c6c0642af88
global_step=702672 | return=-131.66 | steps=131 | track=3e0ef4fe9170f89a6bac0e85dfb3b838
global_step=702672 | return=-155.44 | steps=131 | track=82b897e193f9243d6bf5aa7e3052d819
global_step=702912 | return=14.34 | steps=68 | track=acb5d7f85fa18caa7995777c858587a8
global_step=702928 | return=20.22 | steps=68 | track=7d5577f677bb44940268a34353e4f391
global_step=703040 | return=-15.95 | steps=60 | track=ba71926ce45282bf8b4cb5c607b13811
global_step=703136 | return=-114.09 | steps=185 | track=66b5a4e7b48171cdade6e8595d025fe5
global_step=703728 | return=-59.66 | steps=131 | track=08aa64d7db4fc88adab979cdb83160fc
global_step=703824 | return=-147.88 | steps=131 | track=67326806457d264455e1ebc097be9e88
global_step=703984 | return=-14.54 | steps=66 | track=b129e4e5393977f525e0f82bfccda541
global_step=704048 | return=-84.72 | steps=142 | track=853e061ad5271cc6c273597dddf1a3f0
global_step=704112 | return=-141.76 | steps=131 | track=9098c086111145bd533b923277aa3ba0
global_step=704224 | return=-77.38 | steps=96 | track=0fdf32daf950dc830976ec2180ae55b6
global_step=704240 | return=-149.11 | steps=131 | track=01892113eddf27384e91e0b8979231e7
global_step=704416 | return=-142.90 | steps=130 | track=b1ac60c016ec59c120629ba3869efe76
global_step=704464 | return=-19.72 | steps=111 | track=d463fa2fd661a2561616516629aa51e8
global_step=704512, SPS=73
global_step=704528 | return=-140.13 | steps=131 | track=4a05a35ba1e9938cf2b934ef01fc6a11
global_step=704752 | return=-79.56 | steps=150 | track=ce02533530ba5403e4a1ebda7c4dd99a
global_step=704816 | return=-48.46 | steps=150 | track=ea2af47c5e48c86c46437b59a1efce13
global_step=705040 | return=-145.51 | steps=131 | track=4485729b7f7459574e323d292bcc6589
global_step=705152 | return=-143.25 | steps=131 | track=4c2ca4825b3ae7f9d6f2602ef5101c68
global_step=705568 | return=-151.35 | steps=151 | track=aea913dc22aaaefcc1a906cc45a9edd2
global_step=705760 | return=-36.89 | steps=95 | track=f0e93e23f5b98920731f2d3ce9f024d4
global_step=705840 | return=-144.10 | steps=131 | track=b06fa4024b31c6b065784419c65774d4
global_step=705968 | return=-63.42 | steps=133 | track=c38eedcd0e66c4012c141a99841f99f1
global_step=705968 | return=46.90 | steps=71 | track=6bebb20ffe2e514e3b2582c30478cc13
global_step=706096 | return=-138.27 | steps=131 | track=67e26011b102e6799c539a0e840145f5
global_step=706160 | return=-114.79 | steps=131 | track=80a84eed2175bef1f9f70410a91a153a
global_step=706160 | return=-122.41 | steps=105 | track=eefd777260e43b8a396f139976aa56e8
global_step=706224 | return=-145.86 | steps=131 | track=1ac5d402d0af8ff976af05fe3dd6b34b
global_step=706528 | return=-140.51 | steps=131 | track=12adbb6e466a8e633cce4d5cdd704f83
global_step=706608 | return=-149.63 | steps=253 | track=598f1796d3928c6299f43b1564ce9dc6
global_step=706640 | return=-144.27 | steps=131 | track=a6c21385cd7dc3e86dccc9ddff810910
global_step=707152 | return=-142.16 | steps=131 | track=a252e9408c280e9c2b9a80eff909a6ce
global_step=707200 | return=-106.41 | steps=89 | track=d746027287ba6c766cf0a9537285f0a7
global_step=707248 | return=-135.82 | steps=130 | track=7ec40e6029b25247b44d34aa5c9a6c5f
global_step=707328 | return=4.20 | steps=68 | track=04309eb32b2e17a7a361f44e0b272051
global_step=707680 | return=-144.91 | steps=131 | track=bfabba53fd4ff301602069313cb4cd35
global_step=707680 | return=-83.43 | steps=182 | track=8632e8463904fea0babee46dcd90817d
global_step=707824 | return=-46.34 | steps=115 | track=6563a8f9bfa7b60eea11bd6603b6195c
global_step=708000 | return=-93.61 | steps=114 | track=ad897d0649e7703081b6988f76426105
global_step=708080 | return=-150.08 | steps=131 | track=fd365dca9dc403f54b15dca35b6911c9
global_step=708208 | return=-142.40 | steps=131 | track=d5b58ddb89ce5b3269167fd421446f64
global_step=708256 | return=-163.32 | steps=130 | track=a2c8bcf7ee4101c447827b0c98472a41
global_step=708288 | return=-68.34 | steps=152 | track=56047409c3d41d943bf6a4e91e555751
global_step=708512 | return=-159.77 | steps=266 | track=0e822f271e13dadca56a4b9398e469b7
global_step=708736 | return=-32.58 | steps=95 | track=f468ea44a91c8008eb4b7a37838d52b5
global_step=708736 | return=-142.97 | steps=132 | track=70bb4ccc73486e3adf7fa0ab64a06ba7
global_step=708736 | return=-148.74 | steps=130 | track=311fef40c0da1257425097a5d0445871
global_step=709008 | return=-114.48 | steps=104 | track=57d6948f469c105ec142e35794535391
global_step=709040 | return=-13.19 | steps=64 | track=5459b24398063d42e7229d41c2143340
global_step=709184 | return=-5.34 | steps=55 | track=f846b2a7ce9ac5113cf966b692a0367e
global_step=709264 | return=-166.71 | steps=131 | track=c854c90ebb4776d8cbc7ef18e788a122
global_step=709360 | return=11.65 | steps=68 | track=116a3d09f0e8c9ed161f897e6f68999a
global_step=709408 | return=-121.39 | steps=98 | track=519ae53c0a4e3b735fd5556bfa1a6296
global_step=709600 | return=-97.33 | steps=146 | track=53254eb025cdf12b4c266c208842252a
global_step=709600 | return=-107.04 | steps=86 | track=7f33de10649a12af1f710458e9d983f0
global_step=709616 | return=-58.84 | steps=54 | track=9b73b763ad91d1cde5caf23c9fe5d27d
global_step=709792 | return=-128.38 | steps=131 | track=9c74fe0d4b4c3054144c5fa48abbef10
global_step=709792 | return=-146.67 | steps=131 | track=d16cb108f596e98a33f48b681e6e0c9b
global_step=710128 | return=-149.47 | steps=224 | track=856fb1c8c47acec88836be1011321bc6
global_step=710176 | return=-76.33 | steps=130 | track=84e911a3dbd32cdab86d67d3c52b8681
global_step=710624 | return=-147.10 | steps=131 | track=0433bf097b2bcc502119eb469108e65e
global_step=710704 | return=-125.41 | steps=94 | track=c70f4863e496b1c50a52027a4e722a3d
global_step=710992 | return=-53.54 | steps=140 | track=d57547a972c3eccc9875d28bdca5ebe1
global_step=711072 | return=-32.77 | steps=91 | track=23f2d3d4eea0d951f4326b457f79c32b
global_step=711104 | return=-144.28 | steps=130 | track=b47cfe66f91122bf6e9e5953a937070a
global_step=711136 | return=-96.64 | steps=149 | track=51364637ca26d4b91cd4678fc854d007
global_step=711136 | return=-145.48 | steps=130 | track=49468718d19ae7c6fdf9e5c4adc55c2d
global_step=711136 | return=-40.39 | steps=62 | track=95735d3b10293aced68890a62ed2cc1b
global_step=711264 | return=-107.62 | steps=103 | track=71f4a9fc9a15a38492bb68c8a8350433
global_step=711456 | return=-142.44 | steps=130 | track=56e05b1fa97d61cff1c22c61ea31e658
global_step=711520 | return=-139.05 | steps=131 | track=f5c5b6b06557952030da68d6d742250e
global_step=711728 | return=-125.60 | steps=131 | track=09dbc211d9783fdd0716e7c2cebaf5da
global_step=711792 | return=-21.26 | steps=44 | track=e6d0f03f73b5cc7117ff87ad0ee10cd0
global_step=711792 | return=-61.03 | steps=40 | track=ec5d4c14d28de84ded89a7efadc36b75
global_step=711888 | return=-138.30 | steps=130 | track=43db14471e5c4fd2eb42a5ec8a922db8
global_step=711904 | return=-137.53 | steps=131 | track=4974d103d53364ed5631dd07659977e4
global_step=711904 | return=-8.63 | steps=74 | track=69240ba9f149681e3df198b4b45421a5
global_step=712048 | return=-8.77 | steps=65 | track=bd10dcc88c856e244d306d9aeac5534f
global_step=712208 | return=-65.01 | steps=42 | track=f7d0a5249a00cc83a33d972c11322170
global_step=712288 | return=-156.65 | steps=131 | track=ce46346a0caae51439d6ffdfbe1bd380
global_step=712544 | return=-99.76 | steps=89 | track=b6681323fe3a2b230bab340c82183cd0
global_step=712560 | return=-62.26 | steps=47 | track=7c8a1558d79dbb57bcc19db4cc0b99ff
global_step=712752 | return=-110.10 | steps=100 | track=fb5970ec23fc272b140b634d136df4e6
global_step=712944 | return=-206.15 | steps=229 | track=47e960b237f836962785687da4d07015
global_step=713120 | return=22.62 | steps=66 | track=12f15e8b2d135c986d98203c8bef023e
global_step=713248 | return=-133.80 | steps=131 | track=9c7524846211676288031a4734cbb86d
global_step=713376 | return=-149.20 | steps=131 | track=681b210503c036cad3b44bcda14d6595
global_step=713392 | return=-78.56 | steps=120 | track=e6ebe0578281b0fd1a326bc54eb6f989
global_step=713408 | return=-67.93 | steps=93 | track=870955124ede476f66606f3be478be06
global_step=713904 | return=-139.05 | steps=131 | track=3d3647b2aece154971914ba88438caae
global_step=713984 | return=-148.20 | steps=130 | track=b65114b9288a654ae0f45be5cab49d91
global_step=714016 | return=-146.85 | steps=131 | track=cbcf7ebd92958aa492b4e762d85e12e9
global_step=714304 | return=-210.58 | steps=229 | track=a3963fcdb888b3ac49c96ade03668cce
global_step=714400 | return=-135.54 | steps=131 | track=f50e43b6cde4e49984170572931fd8ce
global_step=714496 | return=12.24 | steps=68 | track=289e60c5ad0cbf4abd8512f715766a8f
global_step=714528 | return=-78.54 | steps=144 | track=f90d54b1044b878ee7a26bd6303fce4f
global_step=714656 | return=-145.60 | steps=131 | track=498e63d5b8f7304400a1d6a32c3b9689
global_step=714800 | return=-73.43 | steps=55 | track=842165dfe8bcadc2469ddc3bbcac7e1b
global_step=714864 | return=-138.96 | steps=131 | track=80653cecb4f6056bdf76daeac7556e0d
global_step=714928 | return=-177.05 | steps=199 | track=92216d476ab060d3ac1bdd30271d6245
global_step=715024 | return=-129.38 | steps=129 | track=01b6e4fa4a5308d24349773b7a4a4f83
global_step=715040 | return=-53.58 | steps=154 | track=161df7140da5d1e84ac3620fb70ce1fd
global_step=715344 | return=-145.13 | steps=130 | track=003b1f17dd275c502740dbd548bbd015
global_step=715488 | return=-135.10 | steps=131 | track=f57c24b244fbb5be033fa46eb12c6c87
global_step=715504 | return=-149.60 | steps=148 | track=af94ea41e0579a97efe38164a4cab520
global_step=715520 | return=-145.69 | steps=131 | track=b9d968a461b7c19b47be28a92e8bc5e8
global_step=715744 | return=2.77 | steps=83 | track=0253c1322d3f04848f0ba4d9b7c1b986
global_step=715744 | return=10.86 | steps=67 | track=f851dfe6c37502794dfcb613dafd10e3
global_step=716000 | return=136.11 | steps=91 | track=ff2b56b39ac47b9c4dae2b4ffc60467e
global_step=716096 | return=-142.17 | steps=131 | track=38c48cf5a05625d830b22157f04b4ccb
global_step=716128 | return=-6.36 | steps=67 | track=00d0c5a96ea1cf4decb1288b6a2dc0bb
global_step=716128 | return=-134.59 | steps=131 | track=d82203acbc05aad6bc366e4627fade80
global_step=716336 | return=-8.46 | steps=81 | track=5c43b113ee28ce3b90994ebd717e0ba4
global_step=716416 | return=-138.94 | steps=131 | track=baad5713309ecbd91b18621aa52d7eec
global_step=716816 | return=-49.97 | steps=50 | track=82930a409105ab495319d5bc860bf4f8
global_step=716912 | return=-165.14 | steps=131 | track=f538949d781a673f6874232cd6e38570
global_step=717024 | return=-146.10 | steps=130 | track=f0f3747e0c9b6102c84c60874cda5d47
global_step=717120 | return=-83.02 | steps=140 | track=3bfe69402321bb6674f0c4f28e2ef0cb
global_step=717184 | return=-152.41 | steps=167 | track=bba234014566a7757c01046c46029e73
global_step=717456 | return=-108.68 | steps=121 | track=042281f1841c6fcf5ce29e5eb69c63dc
global_step=717456 | return=-139.18 | steps=131 | track=f337b8dfb7b26be59a2103aea86896bf
global_step=717600 | return=-143.68 | steps=131 | track=01a25956c56a80506bfffb0cef4ea200
global_step=717632 | return=-139.63 | steps=131 | track=e5d91e63d1a70eb33c88b170dd7f31fa
global_step=717664 | return=-119.60 | steps=95 | track=32fd0f5e5fe357f52b727c92caea160e
global_step=717840 | return=-146.87 | steps=130 | track=93a3c53e0d7935ceefb687613261d7cf
global_step=717856 | return=-151.99 | steps=131 | track=445451e852c83113e5e847cd176c8589
global_step=718176 | return=9.54 | steps=65 | track=266bd35fd6dba6ccac763c3c711020ad
global_step=718208 | return=-141.28 | steps=131 | track=aec512e23e7c019a1d8b33bcf2cee1b4
global_step=718224 | return=11.71 | steps=64 | track=8f8bc77d96b74c89e249cabad346b3ac
global_step=718240 | return=-158.11 | steps=131 | track=bfaaa10549b438dcfcd564abecaecb83
global_step=718352 | return=-116.27 | steps=89 | track=1f7aa7476f047dca5f035f437472bd95
global_step=718448 | return=-143.47 | steps=131 | track=6a3bafe9e810769b1c8736842394c4ea
global_step=718528 | return=-153.91 | steps=131 | track=5ff3e7cc88853e183c4d8b335d5553e1
global_step=718560 | return=-57.96 | steps=43 | track=d9a6851a693b65861b0570185149f631
global_step=718608 | return=-51.97 | steps=58 | track=9ea58362cc0272731d243ca0675d4ed9
global_step=718928 | return=-156.21 | steps=131 | track=e371ee1bf4af50172484001f799feebd
global_step=719088 | return=-110.01 | steps=101 | track=71a7883cca695fb9350d5452b43ea25c
global_step=719136 | return=-121.51 | steps=131 | track=5f2305292bf7d87ec5ea79f4b392cf73
global_step=719216 | return=3.28 | steps=64 | track=dc90d827936d3c3541c4942b7be100ae
global_step=719536 | return=-16.29 | steps=62 | track=74932eb1cfc9c2114573f26fcf2b39b2
global_step=719568 | return=-128.26 | steps=131 | track=c9812d60b69f9c2db33e7a8929605099
global_step=719648 | return=-118.09 | steps=89 | track=7d1da4878e1ab0e4e743209435bbbcba
global_step=719712 | return=-156.24 | steps=131 | track=f5b887e25d2cd8904feea10abd5038e0
global_step=719856 | return=-66.74 | steps=138 | track=a139af23bb2b3d5e79e7cf891440d934
global_step=719904 | return=-40.10 | steps=60 | track=304fdf5f55b69db70270a85cee199d90
global_step=720208 | return=-75.40 | steps=109 | track=beaee2ce0e27ac08cfaa588f808c025c
global_step=720256 | return=4.84 | steps=69 | track=1e1b2dbffa0b12cf93add0f10a7c61a1
global_step=720336 | return=-148.06 | steps=131 | track=d928b34c85f5d02b9fb71195bc62679f
global_step=720336 | return=-145.00 | steps=130 | track=90656f32706ebe6109c33ae5bed01b5e
global_step=720464 | return=-141.52 | steps=131 | track=822f8db82ac0d50753f65033d25b4ba7
global_step=720592 | return=-12.08 | steps=63 | track=b80ca5904da8fdae34cac1975ae63fde
global_step=720656 | return=-150.43 | steps=130 | track=05b848b4f7f51f0a38250427c6795b6a
global_step=720752 | return=30.13 | steps=68 | track=3aa7492d28847bf49253e3ed6ab5d88a
global_step=720864 | return=-19.84 | steps=62 | track=fe274d362009144bf6461b02e2163596
global_step=720896, SPS=73
global_step=721328 | return=-140.37 | steps=131 | track=8bc66861557a98018426123d6acc566f
global_step=721408 | return=-80.85 | steps=66 | track=52f883d15b781484237f60ab6ea6b33f
global_step=721648 | return=-131.26 | steps=131 | track=7de32056df5f664cac7d36fb19b50995
global_step=721808 | return=-137.63 | steps=247 | track=012619467ccb7d2401b580ded75b2cc5
global_step=721808 | return=-146.87 | steps=130 | track=71b633b1a390cd705abc9d49e316d02b
global_step=722320 | return=-136.95 | steps=131 | track=a0eae1ad2ceabed3664848fc3375d8a0
global_step=722368 | return=-150.10 | steps=131 | track=6f5923403e73bee130554ea65e6a5cbb
global_step=722416 | return=-32.48 | steps=62 | track=3e1e159cf493193d4b1534683e48f739
global_step=722448 | return=-138.27 | steps=131 | track=127606705782ebf1807f4e01787c40da
global_step=722576 | return=-144.09 | steps=131 | track=1e5496306429b6204314f9bdd978d71d
global_step=722592 | return=-198.57 | steps=218 | track=4ff87bb24cfe54bf4872c38ccf711812
global_step=722704 | return=-150.80 | steps=131 | track=0dfd585c39c9c6a7c5ff157f5630c67c
global_step=722768 | return=-146.19 | steps=131 | track=edb2fbe6fcb7a95bf532e727b6848230
global_step=722848 | return=-113.29 | steps=130 | track=b6d36b59b53074940a8205cf68ae7e08
global_step=722960 | return=-152.02 | steps=130 | track=c1ddf0ef5c933506857ced353beee3f1
global_step=723232 | return=-191.56 | steps=207 | track=51eb119e575f522cf7dd12e99aa089e1
global_step=723712 | return=-74.62 | steps=148 | track=db28ddd84dbfa5c78b93e0d877c85a69
global_step=723920 | return=-143.83 | steps=131 | track=fd2265439777a7f5a6254ff8cfc20146
global_step=723920 | return=-145.35 | steps=131 | track=0fb53bcac1872e653e13cd89122693db
global_step=724080 | return=-64.73 | steps=151 | track=8ab6382658574fdcc48e7a2ad5984cae
global_step=724432 | return=-153.11 | steps=131 | track=88a92ece07dde6bcf27a0f7e83c793d1
global_step=724480 | return=-133.11 | steps=131 | track=95c1764c6516edf55cdffc9e3bf42351
global_step=724512 | return=-148.03 | steps=130 | track=bd735afab11894f38a7f2c7b8181badf
global_step=724560 | return=-139.85 | steps=131 | track=d427b746fd8b2328d4913bdeba1bf890
global_step=724624 | return=-119.44 | steps=375 | track=3a359322056ad9a1862e82db5c4ae71a
global_step=724816 | return=-143.47 | steps=131 | track=ff37ea88faf4f72e2993aa3cab6e691b
global_step=724960 | return=-146.81 | steps=131 | track=5925635d811a77f868b23d1f3df0900e
global_step=725008 | return=-99.54 | steps=57 | track=bd4ba3346d524d2a4c8aa2ce9805cfc2
global_step=725072 | return=-150.25 | steps=131 | track=711f8d4d6a9fc23e05d118ae953e3713
global_step=725152 | return=-109.06 | steps=89 | track=7db9b60ce7700da4a8f1e2ccae3c549b
global_step=725216 | return=-79.45 | steps=163 | track=e74b67cc61c71a000065f2e437f7bdcb
global_step=725232 | return=-138.02 | steps=153 | track=7869ff40e2c2be4e41edda9cb70ed308
global_step=725328 | return=-159.06 | steps=130 | track=e129a3d9e77ebab61bba1c6a78619c6e
global_step=725584 | return=-1.55 | steps=66 | track=968135d7dad9ec6233a916d8cc90a4d1
global_step=726032 | return=-137.50 | steps=131 | track=20a3226669f1476d02e86bd34ab26193
global_step=726032 | return=-136.40 | steps=131 | track=4b073688c3d93b13aaac1a775aa3df0f
global_step=726064 | return=-81.98 | steps=89 | track=6e82851b5022de4423d245078a2e3e99
global_step=726224 | return=-30.97 | steps=62 | track=1e3862455582d67f803eb893ac9c201d
global_step=726240 | return=-99.29 | steps=76 | track=a625f373d972e057c922a4a043a51e62
global_step=726448 | return=-78.83 | steps=92 | track=6c30cfbcead21c2f658b73e17b1febe5
global_step=726592 | return=-144.93 | steps=131 | track=f3ea35febe15371bf7a26b86164a9112
global_step=726656 | return=-153.59 | steps=130 | track=54eb67c91b058928b3279d24b78aac27
global_step=726688 | return=-133.19 | steps=256 | track=2e64ad18b264899dd78cb96eebab608d
global_step=726912 | return=-155.14 | steps=130 | track=a09a1b3c109490875a0860d1370cadf6
global_step=727200 | return=-84.92 | steps=172 | track=40c94d4bce6bab7a2415e9b57a547de2
global_step=727280 | return=-104.40 | steps=105 | track=5460389f719f0e10c799352b2d3e181f
global_step=727344 | return=-137.96 | steps=131 | track=355f754c100806b8a43efcc162cf3fbe
global_step=727440 | return=-139.41 | steps=131 | track=9696fe8496867e8f9b4d41c1092f2239
global_step=727568 | return=-24.03 | steps=60 | track=becec20f43d4abf28c3a76914140032b
global_step=727936 | return=-50.17 | steps=173 | track=3a708f7069fb3dabd6eb52de8d09c246
global_step=728144 | return=-150.72 | steps=131 | track=51069e594acd9d49ce23992f2637f635
global_step=728144 | return=-99.63 | steps=191 | track=5d4a69adc9a7a586ae45fe5604c9fdb6
global_step=728144 | return=-159.37 | steps=131 | track=8d65efece42eea8b5f49c4c80529f3c5
global_step=728176 | return=-140.94 | steps=131 | track=92d7263811e9453badb192c2fbe912cf
global_step=728336 | return=-147.88 | steps=131 | track=7aec057da2cbfdcd4aab13010d2b8984
global_step=728352 | return=-150.49 | steps=131 | track=ee5dea95af002420926b554264e09572
global_step=728544 | return=22.68 | steps=68 | track=2eb1fdf4a4644e95a0810459bb534088
global_step=728560 | return=-36.89 | steps=116 | track=944d6d5e00023e3c0801032b13195f1a
global_step=728560 | return=-152.67 | steps=131 | track=a2f8718b4b45e78d14df1ac6800e0d6d
global_step=729088 | return=-76.03 | steps=45 | track=66b3a01b729987dde19a2efc18bedb7b
global_step=729232 | return=1.72 | steps=80 | track=bee63884d99726f2f7c6f20f40f732a2
global_step=729248 | return=-55.60 | steps=42 | track=fc5b2e502c38689c902e9a9b2efd3e3a
global_step=729264 | return=-73.22 | steps=146 | track=2e5bf453eda917c570721ee29d180e19
global_step=729376 | return=-12.83 | steps=169 | track=c3358c9e2d1c32e2ca60b24f5d405d37
global_step=729392 | return=-148.70 | steps=131 | track=60ac1b083bf3815651fb714d7ae48bb8
global_step=729456 | return=-141.76 | steps=131 | track=995ef0866edeb5bcbd671ba13e950485
global_step=729488 | return=-65.73 | steps=83 | track=6fc1229806011ee8dcddd61a67ba8ef3
global_step=729552 | return=-126.52 | steps=123 | track=a3be824297b3e50690ab6b3a5882b403
global_step=730096 | return=-10.92 | steps=62 | track=fddf3277f596e2bc844ac96ce08343f7
global_step=730208 | return=-162.37 | steps=187 | track=c452c079e1226dce3ef96336f09ee746
global_step=730272 | return=-160.25 | steps=132 | track=d9068e913babfad98904cfaed1f87383
global_step=730288 | return=-147.58 | steps=131 | track=634c463e2ed88ac5e2ef17a3deb8725f
global_step=730384 | return=30.99 | steps=69 | track=7849a1c279876fc29a3c7132facda43f
global_step=730448 | return=-145.57 | steps=131 | track=e51c0e2a88e408f1ba18fab3b45e90ff
global_step=730560 | return=-21.87 | steps=81 | track=21df2dc43079672d5132141415dfa719
global_step=730576 | return=-12.81 | steps=63 | track=7c880da507018563c309f73c347ecbba
global_step=730656 | return=-154.76 | steps=131 | track=ac00f120f523664b5c6a769bc3ed25bf
global_step=730960 | return=-69.57 | steps=46 | track=a0684098d082db3d15be53640dd7fafb
global_step=731040 | return=-145.55 | steps=180 | track=3f7f67181daa651eeb41625eae0226d9
global_step=731104 | return=-114.12 | steps=106 | track=f9babd60eca851f83d946ac3648d8e7e
global_step=731472 | return=-143.09 | steps=130 | track=4a32689d0a5ff8746c52a9f953ed48f6
global_step=731568 | return=-160.80 | steps=131 | track=a014ae877d410b75438f5311d043190a
global_step=731616 | return=-54.09 | steps=94 | track=2114035cb32c388daba86b29c06dca29
global_step=731632 | return=-45.02 | steps=60 | track=4bbbf2b3e3c9f0e687f0a3dba87d0355
global_step=731936 | return=-29.57 | steps=152 | track=bfb1db3adbc49aba7a7eb18e101c3229
global_step=732048 | return=-80.76 | steps=110 | track=987c5219d0951037ea396cfac84a0230
global_step=732160 | return=-112.99 | steps=224 | track=45210d1b78582dc6df56b79746f65918
global_step=732352 | return=-40.72 | steps=77 | track=f3d85c8e073d15eaef2dbc41ce0b8f2f
global_step=732384 | return=-142.18 | steps=130 | track=acff1c8c1bd625a40e1b8ae3a5e5d78c
global_step=732416 | return=-191.36 | steps=198 | track=d1033d2f5c66f2223da3cf80df657ea3
global_step=732480 | return=-146.10 | steps=130 | track=5cb9e42f3fac8c16c95621a0e41e40c3
global_step=732560 | return=-149.51 | steps=131 | track=ad503451bb0f19f10e6027b39b2a062a
global_step=732672 | return=-141.06 | steps=131 | track=bc2e8cf3634cbb3986bd00bbd165f9cf
global_step=732912 | return=-104.78 | steps=89 | track=3994343568ce2e00d604c04b36245a80
global_step=733072 | return=-146.60 | steps=131 | track=125877019bc88ea4013d96dc5c07396b
global_step=733152 | return=-24.60 | steps=61 | track=8490bdfb84b34b835714bc385db25d28
global_step=733152 | return=-142.61 | steps=131 | track=55f7cc0b848c990ab60862d6db449cc8
global_step=733376 | return=-29.86 | steps=61 | track=34bcd18c712e937b591e6cc59280e002
global_step=733568 | return=-169.30 | steps=186 | track=ee2ee7a45b1321fab3e492b4e6944b00
global_step=733680 | return=-118.63 | steps=131 | track=bb0c2e1fee59d547b5ab92d2f122113f
global_step=733712 | return=-148.06 | steps=130 | track=f624a5cc0a7a687ea54f3bb0d57efd05
global_step=733744 | return=-144.09 | steps=131 | track=70593b76e92ba86fbf679f55a998b9fd
global_step=734048 | return=-142.00 | steps=131 | track=0562b5291a01f1de612d971e318361a0
global_step=734160 | return=-147.21 | steps=131 | track=904eb6f2c3692bcf511de9e69d4eff8d
global_step=734368 | return=-123.01 | steps=105 | track=73761e448f22f50c95a6fdfbddf4f7d5
global_step=734464 | return=-147.01 | steps=131 | track=b40ee78c21e916c2a1054193c8ae39cb
global_step=734592 | return=-149.71 | steps=131 | track=a3bf57cffc217b6102acabd567004c87
global_step=734768 | return=-5.22 | steps=137 | track=b1dde84594c1d8f07fd936606c3c3934
global_step=734832 | return=-84.43 | steps=104 | track=480be3b3a512b6d1eeef4b9f5956e231
global_step=735040 | return=-68.53 | steps=41 | track=695ad8458c51080695ce5d16f9c147af
global_step=735040 | return=-157.07 | steps=132 | track=a976c51f98c65bba12e6b94f5ce2a507
global_step=735264 | return=-143.61 | steps=131 | track=4b588a9853437ad809ff515ec01f1ac1
global_step=735408 | return=-99.77 | steps=126 | track=a5049f966e009a0975f37cd69d12cfc7
global_step=735472 | return=-154.90 | steps=149 | track=72e06b9449bcc740c8bfdd463a5d2886
global_step=735600 | return=-20.63 | steps=62 | track=b3be7562f760ce27846c6a6c5c8c847f
global_step=735616 | return=-126.91 | steps=97 | track=eaa5d80b9cd6df5525388268cd51559e
global_step=735680 | return=-141.04 | steps=131 | track=95c7464de83a80b932c2039f4633e220
global_step=735776 | return=-144.86 | steps=130 | track=8b4d5d3fc4044c6b52dfd7820dc5f115
global_step=735872 | return=8.85 | steps=64 | track=02604add33be469bb9e84d1d1bf83776
global_step=736256 | return=-73.37 | steps=156 | track=008bb5cdf96c21ddf1e51a1928922fdd
global_step=736272 | return=-147.61 | steps=131 | track=45e545d7518943d30e50876d46ea09d7
global_step=736288 | return=-30.82 | steps=63 | track=a247b0ae09258497d20b3eab80074feb
global_step=736304 | return=-60.05 | steps=242 | track=fac67e8a06feb13e0a40550b60df9cfd
global_step=736544 | return=-51.91 | steps=47 | track=cb510326f283e1554a7690a808fa40e4
global_step=736576 | return=-148.59 | steps=131 | track=d57e022f0fe74289830bea5f3da8db85
global_step=736736 | return=-92.76 | steps=105 | track=8fc08f6203ab90d0618601745ad4aa9e
global_step=736736 | return=-67.84 | steps=188 | track=7e9866e5fbb714e1d36c8cde2153dae8
global_step=736864 | return=-144.00 | steps=130 | track=fced849826a76cb5e400633ab9b06ce6
global_step=737120 | return=-109.21 | steps=89 | track=dead694a74f1279d517ebe8a8d1e3b86
global_step=737152 | return=-148.09 | steps=131 | track=480875d22f028f9001d63d726cf40945
global_step=737280, SPS=73
global_step=737328 | return=-103.42 | steps=90 | track=580b5e870094ca780021f3370ccf316b
global_step=737392 | return=12.04 | steps=70 | track=21fa44ae4599818bce8253878bbd4066
global_step=737600 | return=-76.55 | steps=45 | track=b3a3168a910191ecd4981ca6667dd755
global_step=737808 | return=-98.69 | steps=93 | track=e2683ab570475f6aad98888ff87eb3b8
global_step=737840 | return=-67.58 | steps=44 | track=fbafb46e34c5a4e7b61a8e01e219f8de
global_step=737856 | return=-71.82 | steps=148 | track=c77e35573b5c8a2a8e4be2f526b40bd3
global_step=737888 | return=-104.52 | steps=154 | track=2ed207456f86cc40b7634e95fb5d1ae3
global_step=737904 | return=-101.13 | steps=143 | track=8e0810ac4ff5c7dff11fa5d377e2fc9c
global_step=738384 | return=-136.91 | steps=131 | track=7364d6d91a24c8cb638115ff644ca91b
global_step=738400 | return=-139.48 | steps=131 | track=c0880aff8280a7bae611e68038a1a91c
global_step=738560 | return=-56.98 | steps=43 | track=3fc01ea168979c7969ce5fbd65c10d15
global_step=738688 | return=-151.24 | steps=131 | track=afede537619ec5c926150074c710ade2
global_step=738800 | return=-39.41 | steps=59 | track=0266f1bcd78e20bd87d29eac0859da7e
global_step=738880 | return=-23.39 | steps=61 | track=3e083ebf45d2dcac916627b84c461547
global_step=738912 | return=-67.48 | steps=94 | track=92d4a5f471cc05d80ac5f6cfd90b221d
global_step=738928 | return=-8.54 | steps=63 | track=5c36dad5411c3fe314bde9e4cb572b98
global_step=739072 | return=-70.27 | steps=145 | track=15f6d9e413097be6d2f04e2b6a414011
global_step=739216 | return=-64.86 | steps=154 | track=f23e7059db253d0b1298633f875f12bb
global_step=739248 | return=-140.42 | steps=130 | track=ba3d52ca096261661495632cb2d446e1
global_step=739408 | return=-148.38 | steps=236 | track=527db566e89390cc7a3a3cfe488a9627
global_step=739424 | return=-154.50 | steps=130 | track=0fcf133a10c8058bb418d1350cede490
global_step=739472 | return=-68.40 | steps=48 | track=977b0c520acb999502e32ed51bd15689
global_step=739712 | return=-142.57 | steps=131 | track=ccc506aa57377626b72460205a574f72
global_step=739904 | return=-141.44 | steps=130 | track=1324298ead0b26206bbbecca725bbdbe
global_step=739904 | return=-17.94 | steps=63 | track=238d906f1f4ddc350235da6ce77e089c
global_step=740256 | return=-158.22 | steps=231 | track=ba4804684610f8ee957bd1ecc0715a3e
global_step=740496 | return=-136.95 | steps=131 | track=bc67c2a3895a0514bf8cd7f3b5955368
global_step=740656 | return=-103.29 | steps=89 | track=e0bb0dad42d10ac34bc7cc3adc5518b0
global_step=740672 | return=-151.01 | steps=131 | track=5a0909a6a46fd6b6dbc19acf7c2727b5
global_step=740816 | return=-67.84 | steps=56 | track=d2b9091ef9e9da6bbc29e7bca13f66ee
global_step=740832 | return=4.58 | steps=84 | track=92038a80498667a16b6f165bec565abf
global_step=740912 | return=-137.20 | steps=131 | track=df4903333db8d15623dad0fd414e54fa
global_step=741040 | return=-141.70 | steps=131 | track=dcd7a2a98238292189dd808265d0bc33
global_step=741088 | return=-65.72 | steps=167 | track=99db329a027950aa60519efdca7eb74b
global_step=741184 | return=-154.39 | steps=131 | track=4c3757bca49e6ed4443d51f1fb52d899
global_step=741264 | return=-8.37 | steps=84 | track=9ddcd7a3fc0b277af3e576db4de40d42
global_step=741520 | return=-148.20 | steps=131 | track=c9abaa02cbe1ee16c00b586782d335c9
global_step=741536 | return=-148.39 | steps=131 | track=dd843af29c6aebc28de1cbbfc7b00d69
global_step=741600 | return=-105.98 | steps=146 | track=c4cd031ca44915838ddfd8f4176b471c
global_step=741824 | return=-149.00 | steps=131 | track=77dbd826ab6db818043761ea814cc97b
global_step=742208 | return=-121.46 | steps=106 | track=b5b2c8a89112b16b4dfdd4a8c51c4fa8
global_step=742224 | return=-69.94 | steps=96 | track=6c3cd78d0f01b1dde572ac7ab7aa756a
global_step=742304 | return=-67.31 | steps=47 | track=3a8c4d830b98aecf6584d5f2f8d6046d
global_step=742368 | return=-140.37 | steps=131 | track=3a16197720da8959faeb03e5f5515933
global_step=742656 | return=-38.86 | steps=70 | track=569a5e77bf777f140c2646aeb3242d55
global_step=742688 | return=-101.64 | steps=99 | track=65c1af41507b0b83274ce9e9b8cfe5e8
global_step=742768 | return=-145.57 | steps=131 | track=e9f692816e3f14c67bcd7fefb638ed77
global_step=742928 | return=-142.81 | steps=131 | track=3763216f69ed2aca011defdaee856a83
global_step=742928 | return=-120.72 | steps=130 | track=2e234a3e0ae84282a184f3ef0c3a6725
global_step=742992 | return=-115.25 | steps=129 | track=2ee3399d3191b86b92a78e2778678c79
global_step=743136 | return=-147.38 | steps=130 | track=85ad4b3acbdbd6aab6ce1ee564b264f4
global_step=743184 | return=-17.57 | steps=60 | track=603791d6991fd90036907ac6ba348dac
global_step=743296 | return=-140.37 | steps=131 | track=7e04cd4930f63e2b54768fcdde9d6b18
global_step=743360 | return=-135.70 | steps=130 | track=bf4c82927e0554084ae918c4c3f10531
global_step=743424 | return=-198.65 | steps=281 | track=ec708cacd6b3072e78e3e7c9bccfb8b7
global_step=743712 | return=-145.33 | steps=131 | track=be801d8a4eaa9fb39ae59ca33ecad650
global_step=743728 | return=22.22 | steps=66 | track=f2dd4f7d2c9da74d5638b60b32e86fe7
global_step=743920 | return=-140.22 | steps=130 | track=94367c344e5c6085f2955a7e2fb4099b
global_step=744080 | return=-74.62 | steps=115 | track=8b41c640ec660d73eb3c57a865ca4fef
global_step=744416 | return=-136.95 | steps=131 | track=2e5889852dec3a96401b73f76caf5b65
global_step=744480 | return=-155.76 | steps=131 | track=95080c116bb27cc968f1c940bd23b483
global_step=744672 | return=-59.07 | steps=59 | track=fba43ae6315b1e3a1ecf7593ccfa75dc
global_step=744704 | return=8.52 | steps=83 | track=72d5c3490f137bf31cc452ef74252701
global_step=744784 | return=-145.19 | steps=130 | track=40c9f18f4d5199a71a9867d78a172286
global_step=744880 | return=-141.37 | steps=131 | track=108596d661173465e286c547c9ce75f2
global_step=745040 | return=-134.01 | steps=131 | track=0151bf2f36fa063accc3522f742a2526
global_step=745248 | return=-144.33 | steps=131 | track=10e0ce5f8f7b74716f3499e4d7ccbac6
global_step=745280 | return=-141.08 | steps=130 | track=c6167be8ee43bf340e6c84d7304737c4
global_step=745408 | return=-142.47 | steps=131 | track=1bcba04feef733c0b19d4bf54b8e3ead
global_step=745536 | return=-142.75 | steps=131 | track=5e91878c588c2553347f68d89886338c
global_step=745664 | return=2.70 | steps=61 | track=1dfefc0597fbf292415227c3be0e17d3
global_step=745664 | return=-142.96 | steps=120 | track=e2e851d774ae3240a39349b07b7d66e0
global_step=745872 | return=-86.67 | steps=179 | track=069752c193025d82d7d741bf21547e59
global_step=746016 | return=-151.88 | steps=130 | track=ee4258515c3c7f5c42ebeee0e9c1ab69
global_step=746320 | return=-106.25 | steps=89 | track=6349c3fdf2a0d62431879639503e8da5
global_step=746528 | return=-145.88 | steps=131 | track=07c7f3ff2d465f7eb4e8b99231b54074
global_step=746576 | return=-153.68 | steps=155 | track=5593beae50137c41a733d6d458aef5f7
global_step=746624 | return=10.40 | steps=85 | track=e6faf1eaae0bebae99dead8abf07363c
global_step=746880 | return=-117.57 | steps=130 | track=7f5f8dc3dc790949cb98d9e0c3ff307f
global_step=747024 | return=-90.85 | steps=144 | track=f9b0336d838589e134cd3fb4c251a3fb
global_step=747152 | return=-70.00 | steps=92 | track=0ec579088e37d13f6960b2ef6cb98908
global_step=747152 | return=-135.65 | steps=131 | track=b05656e76243844ce55334ecff260b1b
global_step=747312 | return=-53.32 | steps=110 | track=c6596f214d87d0eaf97361b4628e4907
global_step=747392 | return=-203.48 | steps=278 | track=512b44fd91c027c6f004bca68111b677
global_step=747392 | return=-148.91 | steps=131 | track=b9d5baa658808f204a8d928fab27ec45
global_step=747600 | return=-6.55 | steps=63 | track=af5750617b2443af0e51c37e1ab40b8a
global_step=747728 | return=-124.15 | steps=144 | track=f012967e179af9ac2a73f61efc24b2b2
global_step=747920 | return=-139.35 | steps=140 | track=80020a5c26f82be56da1ab992c240b24
global_step=747984 | return=-141.52 | steps=131 | track=4288ebc57ebc34af997ce35fb8b42868
global_step=748128 | return=-142.16 | steps=131 | track=64575bac3591134559f7304353c8f3bb
global_step=748656 | return=-60.11 | steps=41 | track=db05fbe2a40a963355521937e3810367
global_step=748736 | return=-129.87 | steps=131 | track=9b84b0299da6923234837edf66ef7746
global_step=748976 | return=-149.72 | steps=130 | track=4afff7f6205f21f5f61071dd94e86246
global_step=749136 | return=-137.47 | steps=131 | track=1175612a07226fcc8436e6543675e398
global_step=749152 | return=-87.59 | steps=176 | track=ab879b20370dcb7a7720fa1b7c4e9c74
global_step=749264 | return=-145.57 | steps=131 | track=d68c7def2b875bf68cf3af712aa231cd
global_step=749376 | return=-106.31 | steps=138 | track=881c049e4361199bd7d9c221f553e7d9
global_step=749504 | return=-144.93 | steps=131 | track=897ea101fe7e0c0d020942cd92a78017
global_step=749712 | return=-142.61 | steps=131 | track=714704dafc01b079d85f3b99f7494e41
global_step=749744 | return=-44.49 | steps=151 | track=99e43ae2c3171b3baece16f3663b5543
global_step=750016 | return=-152.40 | steps=130 | track=d7d2068f6406aacc175e352521ee279f
global_step=750016 | return=-16.08 | steps=53 | track=4befda0d89c0ef483b1d8d107d3580a7
global_step=750032 | return=-9.91 | steps=65 | track=cf9feb6e6e8c8b4cc895c3acad66f71b
global_step=750048 | return=-112.01 | steps=219 | track=303f0dad24ea612d212e655ae9d7c579
global_step=750080 | return=-84.32 | steps=146 | track=f281399ece24222ed53a7e9295bfaa5a
global_step=750224 | return=-150.72 | steps=130 | track=bfd9e5099825bad30ccc899a4a436f59
global_step=750768 | return=-139.42 | steps=131 | track=3fdb91d59306681ccf0676a465131cd8
global_step=750816 | return=7.26 | steps=66 | track=c297f30405d874950fd02e1a7c216fb6
global_step=750848 | return=-142.39 | steps=131 | track=d10292fd08905a98f4f2c3ec708a1abd
global_step=751104 | return=10.18 | steps=67 | track=b9fe52cd9f3bb373a053b67b3bf71e50
global_step=751216 | return=-61.29 | steps=93 | track=2dbbebe8996fb2f875610341e034fa9a
global_step=751248 | return=-141.51 | steps=131 | track=fde1adfdc2c9c5361988c1fd460bc5a6
global_step=751376 | return=-142.41 | steps=131 | track=fded7b3548ab18c4bc277f657c6e84e7
global_step=751440 | return=-54.29 | steps=120 | track=6fec98695a1812125ba0949a5eefafc7
global_step=751488 | return=-155.64 | steps=131 | track=a1faa8a609810497183d74afafcafe3c
global_step=752128 | return=-109.59 | steps=129 | track=289521cc093b08ce995a32faee6bd792
global_step=752144 | return=-150.21 | steps=132 | track=0fc72a81be1925e550f3cdaee5c9d756
global_step=752144 | return=-133.72 | steps=131 | track=8c13b169be42d1b33e26b1090aaa6810
global_step=752192 | return=-151.15 | steps=131 | track=8f8c9535b29a28676d0331a77dbfea82
global_step=752256 | return=6.52 | steps=64 | track=def5ae6c70e8a6be13bdcd4cc018a3f8
global_step=752320 | return=-125.01 | steps=96 | track=8de9b3fc24bd09db19b54bc9dbb10be1
global_step=752320 | return=-145.28 | steps=130 | track=ea48063d144636093812455db176701c
global_step=752416 | return=-97.11 | steps=57 | track=6fe490373e3284d79cc588671e2b87a6
global_step=752960 | return=-154.02 | steps=131 | track=1c75b408eaf57ebebc8d2e11b76736c3
global_step=753008 | return=-104.95 | steps=136 | track=7c0a0f21e6e79f086f012987818c82d8
global_step=753040 | return=-245.31 | steps=352 | track=3397251b4fa4e2efff8a47a866dadd05
global_step=753216 | return=-148.03 | steps=131 | track=79ea9811b106130f9b38642a12bd6927
global_step=753248 | return=31.96 | steps=69 | track=05244c66620aadf1a51a5838f1708504
global_step=753376 | return=14.66 | steps=69 | track=451a2a362cc2a5538e033c6986aea304
global_step=753488 | return=-147.43 | steps=131 | track=4842c90e527d93167b9dedc7f7e90cf1
global_step=753664 | return=-279.21 | steps=573 | track=e37652696c87a5a2a9164f52bcecb76d
global_step=753664, SPS=73
global_step=753792 | return=-85.29 | steps=146 | track=8cef612e43b8c667d82571b6eeb22466
global_step=753840 | return=-63.65 | steps=105 | track=70e62e892e3a2edf78dde50f79a0bdd0
global_step=754160 | return=-52.02 | steps=56 | track=90534181c89c7ea63e3d32045cb0ea1d
global_step=754256 | return=-159.20 | steps=131 | track=cf02a4b46fd4af3d35e3db315e8acac5
global_step=754304 | return=-150.44 | steps=131 | track=ba7138665fa82f7d736d60632b70bd31
global_step=754432 | return=-119.18 | steps=131 | track=21925ea1e81cd0b9f0196fb9f5b26e0f
global_step=754592 | return=19.24 | steps=68 | track=5a16944a372294031a71aa26703c2cb8
global_step=754768 | return=-87.04 | steps=146 | track=12970fb16d4b123d8957f044647febfc
global_step=754784 | return=-4.80 | steps=153 | track=1de6f78bc25ddac11e1f5161fa3ee407
global_step=754848 | return=-55.79 | steps=62 | track=61e8b91ac90c404b52a44da59b152208
global_step=755104 | return=-149.39 | steps=130 | track=3c9823b0033a49eb79a0df8b9afd40d7
global_step=755152 | return=-135.65 | steps=131 | track=dcc14092e30a5a8eed66b2801190bc5f
global_step=755296 | return=-68.17 | steps=145 | track=0d6b01653d80a7241ff33351e9d19cc5
global_step=755328 | return=-148.58 | steps=131 | track=ba93c2f49b71376d229bb4e61782ab21
global_step=755488 | return=-145.96 | steps=131 | track=491ebb6dafb10b076b85b1e041a83ad3
global_step=755776 | return=-147.98 | steps=131 | track=9aa1a4b057d4f104b0ff8c88149a3010
global_step=755904 | return=-137.56 | steps=131 | track=ba48122fb487d2dc02137c14e74a1b7b
global_step=755952 | return=-72.24 | steps=40 | track=cdf40c054566b8d6f7109417f68fe628
global_step=755952 | return=-42.06 | steps=73 | track=304dc9996521ba794f1a5f0f9c292969
global_step=756192 | return=-116.40 | steps=109 | track=6a5994de9747431aa9c65a60f7027690
global_step=756336 | return=-19.79 | steps=73 | track=ab017ff83a78d5cb8b18e728389d391e
global_step=756368 | return=-134.01 | steps=131 | track=d20fb3d23662276462e2ed251ed98448
global_step=756416 | return=-146.86 | steps=131 | track=85c25122bc7c995e8b9707d2256d5313
global_step=756528 | return=7.40 | steps=64 | track=78e58f3f6c4edb114ae920630573d90e
global_step=756704 | return=-149.22 | steps=131 | track=e2832cf1dbc7171bb47f7041d0c6e3d6
global_step=756704 | return=-113.18 | steps=158 | track=7f98275840dc2f6ab8bd906170d68b3e
global_step=756896 | return=-157.31 | steps=131 | track=1f6e6fef8eb535877dd8c1013d3102c6
global_step=757200 | return=-156.08 | steps=130 | track=c5be6c1b733dd5f76240ff6125bfeb83
global_step=757296 | return=-62.08 | steps=59 | track=541ba16cbf73cbe3394a04e014da71a3
global_step=757424 | return=-125.54 | steps=130 | track=d4b64b4918dd0e36f5409d5b671e0887
global_step=757568 | return=-132.16 | steps=394 | track=c47ae7839b6b99e2078342b2e87965df
global_step=757680 | return=-67.71 | steps=107 | track=e0d7bd6555996a95c52b1601098f6bc4
global_step=757888 | return=-144.09 | steps=131 | track=099fa7527816f4ae8f02d3b5fc84f789
global_step=757984 | return=-48.63 | steps=48 | track=b76264109876aba1b754b490a2779517
global_step=757984 | return=-91.87 | steps=67 | track=ea128e6a3fb16cec8229dce5b6d0f95a
global_step=758000 | return=-155.03 | steps=130 | track=7845d6dea63ab1e53ce9f4a08328aab5
global_step=758064 | return=-149.77 | steps=131 | track=92acf356f92f2b0643eee9c1f7bb7630
global_step=758064 | return=55.17 | steps=200 | track=a026b744000ecc40e1e40b673e33a6de
global_step=758112 | return=-121.09 | steps=108 | track=9b19baed1f6db5fc8257719f1d5fb93d
global_step=758144 | return=-101.58 | steps=89 | track=338baf8cc1b947af34295d3fefbe72f5
global_step=758288 | return=-147.62 | steps=130 | track=08d6ea59d1509f627dca473e418da0f3
global_step=758816 | return=-152.90 | steps=131 | track=058e8988a28741a82f18ecb85c668cc5
global_step=758864 | return=-93.05 | steps=145 | track=f196b5f126f243205b4408b1efc4f647
global_step=758992 | return=-14.84 | steps=62 | track=73a9eb85a88904dc206042e0d3bd4f57
global_step=759408 | return=-138.27 | steps=131 | track=e659a1cce0093a6e2ec0ddd4ef7b103a
global_step=759536 | return=-137.96 | steps=131 | track=bcececd12da401cc030de838446d1686
global_step=759664 | return=-184.68 | steps=202 | track=8dafd70dbf1487e27ea59ecc60b39aa1
global_step=759680 | return=-157.38 | steps=131 | track=6f9bfb60a5d0d4a02ad7c09e0c534665
global_step=759792 | return=-144.00 | steps=131 | track=08b91f9643bf07d26bd5dcd70142dcf9
global_step=759888 | return=1.47 | steps=66 | track=26ec1933df9f059cd0a5b3506425cb54
global_step=759888 | return=-41.88 | steps=63 | track=6ce5c909379a72d89d8647f7c87a7e40
global_step=760000 | return=-150.49 | steps=131 | track=ab7aa09fb99c7774a22a89463914cd4b
global_step=760048 | return=-132.82 | steps=109 | track=6925a3baf35c0f1b3385f89e1eba8efa
global_step=760096 | return=-136.84 | steps=131 | track=9849955c688dd76b7f07388ffcaaf2b3
global_step=760112 | return=-138.79 | steps=131 | track=39ab1be496caee3b33551efc3aee8ab1
global_step=760160 | return=-156.90 | steps=130 | track=c56d076d0b499986a0893f59c89176b7
global_step=760512 | return=-55.42 | steps=152 | track=e40b0f089a74e1058cfe12043ac116d4
global_step=760704 | return=-26.80 | steps=50 | track=599c9c1a7b1f9924e22e96b10c1b1774
global_step=761088 | return=-144.31 | steps=130 | track=6b8dca60ef6d87c41edece8d375849a1
global_step=761136 | return=2.60 | steps=63 | track=b78d0bede8ef505da36e5aa0dcc9aa70
global_step=761232 | return=-110.32 | steps=89 | track=d9ff37d2fd5b2ffe2a178841d77be312
global_step=761520 | return=-136.86 | steps=131 | track=9cf368f9ec469e8cde2e517620a9b830
global_step=761648 | return=-143.14 | steps=131 | track=510a86fe45daaa4961f57dcc6ce1bd51
global_step=761792 | return=-136.95 | steps=131 | track=f4699ba6d3f73d02373b573d84cb08bf
global_step=761904 | return=-40.10 | steps=118 | track=28e8b17637da1e303a1a182bc9c0d66a
global_step=762000 | return=-143.23 | steps=131 | track=2c6b655473d3735e4d5b7624563793be
global_step=762208 | return=-144.49 | steps=131 | track=dd51ae634eb781de07ba8ab1ca932a77
global_step=762272 | return=-132.29 | steps=131 | track=57893b8e82d526ab3cf5de74f3363d4c
global_step=762352 | return=-77.33 | steps=143 | track=c65978a67770e75c9884e815c28712a7
global_step=762576 | return=-116.21 | steps=278 | track=2ed9c504b604b77dc0f0c54c1fcbab5d
global_step=762608 | return=-138.83 | steps=130 | track=569b16266fa2b29fdce49928c7fb2c09
global_step=762784 | return=-130.45 | steps=129 | track=770a20e3d2d92e563c82b49142f637a3
global_step=763184 | return=-136.37 | steps=130 | track=88e1f54fe2c48f7fa31715bd2ca18813
global_step=763232 | return=-152.44 | steps=130 | track=bfab16e7a8505821914bf4f0365eeaa1
global_step=763344 | return=-154.30 | steps=131 | track=7beec2c9b74cdd7a954027f2127e6103
global_step=763616 | return=-77.33 | steps=113 | track=0506c11b6f6128736054cbdc651ec544
global_step=763632 | return=-144.19 | steps=131 | track=ee0726696940249b0c29747dba2ee136
global_step=763712 | return=-154.24 | steps=128 | track=891eb66618b21732d83d9048ff3faa16
global_step=763808 | return=-175.31 | steps=353 | track=8fbf0b32c873df990d6c4a37300e76a8
global_step=764016 | return=-147.58 | steps=131 | track=6e2def675df352dbb2d6117cdf77f28d
global_step=764112 | return=-150.62 | steps=131 | track=438b3ef0ba6d9245abe8ee4a66c6c55a
global_step=764176 | return=-120.94 | steps=281 | track=281528b082d3e5c1b1aa70e1df87d1ca
global_step=764320 | return=-143.01 | steps=131 | track=548f402a187f7290a4ea46cdb5b71142
global_step=764352 | return=-23.92 | steps=62 | track=80fa385ab262f16c009e396b08d5552c
global_step=764368 | return=-116.16 | steps=130 | track=6d89a4d1aadcfb9dd7c9a870be8e8a17
global_step=764672 | return=-9.47 | steps=64 | track=6a0dbfe06e1aa001dffa4b322ca33412
global_step=764688 | return=-143.41 | steps=131 | track=0cd9c6a77135cc0cb5c860bf13660311
global_step=764704 | return=-134.36 | steps=130 | track=f1f8d96c030940c18a9a528f74920a0e
global_step=764704 | return=-74.73 | steps=146 | track=0c91c07088fb2d22274fd4b8bcf6feb1
global_step=764736 | return=2.22 | steps=63 | track=1ac07914cf06d846795296d9dc4568a4
global_step=764896 | return=-141.28 | steps=131 | track=d024b3091bf1d77305d34a5ed78e5f56
global_step=765344 | return=-143.61 | steps=131 | track=14a1e698878509b8cea1a9f477f743d0
global_step=765536 | return=-106.94 | steps=146 | track=4c06481bc99c5c990fbf44d577bdd19c
global_step=765664 | return=-129.60 | steps=115 | track=978d34c6fd7907917506b6fa2d42a00a
global_step=765744 | return=-152.99 | steps=132 | track=b9d1f9a5de061abe1129e6a5e8262750
global_step=765760 | return=-116.30 | steps=108 | track=de0284e87a38c5d9d15c31e7612d7f41
global_step=766064 | return=-68.42 | steps=44 | track=616b52f51db94b0648c7a89a1bb3e26b
global_step=766208 | return=-144.60 | steps=130 | track=88e75b4540a4dccd8480a464cd0e694a
global_step=766288 | return=-144.76 | steps=131 | track=773a978c154574bc4c2755c8df115bdd
global_step=766448 | return=-122.61 | steps=110 | track=1dc2f8f03a4590a175580cf98b151ee7
global_step=766448 | return=-65.78 | steps=108 | track=c513cf92d0fcd62164c9ba259f8c0925
global_step=766672 | return=-11.72 | steps=62 | track=9c0831b0b0f4316f80279ef833359160
global_step=766800 | return=-149.53 | steps=131 | track=61f6944e326bf65a3cdf5491d21b3922
global_step=766848 | return=-152.20 | steps=131 | track=6276848cb23e3144221e2f74138dbf3a
global_step=767008 | return=-145.72 | steps=131 | track=16a35facd380a6e2066d6807dedc654c
global_step=767104 | return=-147.36 | steps=149 | track=e1bcf35fedc00f511baa520c43da0db0
global_step=767632 | return=-147.79 | steps=130 | track=6367896e33b96acf46ed686873449361
global_step=767872 | return=-138.50 | steps=131 | track=41b46c54560f5a48b8f25d2a0f8856d8
global_step=768128 | return=-168.17 | steps=237 | track=e4385503022caaf9f3789268f4125add
global_step=768304 | return=-249.95 | steps=246 | track=bbf77a2293a74d56df93fb52149e7f9a
global_step=768400 | return=-154.59 | steps=131 | track=7d1ce579f7c9b19a3ae3b5260d93cc89
global_step=768512 | return=-85.30 | steps=143 | track=7ef94437eca4cb9a5c893beb03a113c8
global_step=768544 | return=-28.85 | steps=154 | track=c7fa21391a6cc4b1b32c38da3cfbedea
global_step=768560 | return=-158.71 | steps=131 | track=684eaee694513f8ebbd2e59c4b0ae729
global_step=768608 | return=-56.64 | steps=45 | track=1604af2fd730c10dd54009434db81037
global_step=768688 | return=-34.32 | steps=65 | track=842cb5f48b533438a5b9f3ef6f4b3729
global_step=768768 | return=-134.03 | steps=274 | track=867b575c536a78f7a09696fe3a411b26
global_step=768944 | return=-157.42 | steps=130 | track=d90a485646cf3bcb1bd84edfb4bab4dc
global_step=769104 | return=-102.01 | steps=130 | track=703e39d6918220cba21a624f0347ee8c
global_step=769104 | return=-96.56 | steps=151 | track=c49f1f09d8e8486cdd6d494595719f74
global_step=769216 | return=-134.76 | steps=131 | track=82e07101e577f5346c634f7d89efe133
global_step=769504 | return=-104.80 | steps=234 | track=72498567a0cbc420b6973dc91589bd2a
global_step=769568 | return=-17.60 | steps=63 | track=ebc5da8a859313c35b75049b7bb8cd15
global_step=769600 | return=17.59 | steps=67 | track=92e597a5eb16faaaa067a104fec35c57
global_step=769696 | return=-200.47 | steps=202 | track=e71c0a1db12328ea971582d8d6046894
global_step=769744 | return=-11.07 | steps=65 | track=a4653525aad83f8ce8412a74f6169e49
global_step=769936 | return=-144.26 | steps=195 | track=3833859983c7e0f124966e49f193226a
global_step=770048, SPS=73
global_step=770240 | return=-146.22 | steps=131 | track=9767122c4048378019cd82a358b45d3d
global_step=770288 | return=19.72 | steps=66 | track=8d189bd7a6a69f9116287b24136c2144
global_step=770416 | return=-139.41 | steps=131 | track=3333dba60b4bd71f5200f6b069c88ceb
global_step=770512 | return=-144.26 | steps=131 | track=91420e22d09250a208d2c8aee6acd384
global_step=770672 | return=-141.06 | steps=131 | track=c9963c7cda24ef72469a60faafdfcfd4
global_step=770704 | return=-139.14 | steps=130 | track=802df1c42632b6b5b70d5449d8460eda
global_step=770896 | return=-153.17 | steps=132 | track=813d99ad6ba2e314c24b8641e150ed39
global_step=771088 | return=-42.21 | steps=71 | track=d931f0826288e936d27fa7acd190b426
global_step=771216 | return=-163.62 | steps=131 | track=b99d98bfeeba01472d52cd94a2798f02
global_step=771216 | return=-144.75 | steps=131 | track=49374c394d1e38064e8a8c634542bccf
global_step=771504 | return=-54.00 | steps=67 | track=91c3d143b2c0e060150628f14629759e
global_step=771616 | return=-141.51 | steps=131 | track=771ed074584b2d6f6fd506f49f403655
global_step=771680 | return=-131.06 | steps=131 | track=9f797fe8eb522d7b6c27ceaa30ffd282
global_step=771808 | return=-135.36 | steps=131 | track=3f155d27661d3b906dbe31357380426b
global_step=771840 | return=-145.01 | steps=130 | track=afba5273f90404d8534951d549542dd1
global_step=772064 | return=-81.82 | steps=153 | track=f8244fb9dc652cd19c0005fa580194dd
global_step=772336 | return=-146.23 | steps=130 | track=d782709063fe7fe9d6aa393fd9fdaaae
global_step=772400 | return=-145.71 | steps=131 | track=2e1f354b7ae1d2ceaa0db58162cfb122
global_step=772624 | return=-146.15 | steps=131 | track=babdda21a61aa59c1eaa757459d5fe38
global_step=772720 | return=-71.49 | steps=56 | track=ebd8af2c2bd29d828d8e98e3384d79f4
global_step=772784 | return=-138.59 | steps=131 | track=796cf2b5f374bdf6508a0b2bca714d05
global_step=772976 | return=-118.66 | steps=109 | track=df7ac057ee7721c723b0e6557093d460
global_step=773008 | return=-132.52 | steps=131 | track=b68fb081b9c5223d2d9390cdcfba961f
global_step=773056 | return=-131.09 | steps=146 | track=38f4973f5162cdb9d74319b950afa9dd
global_step=773344 | return=-118.26 | steps=140 | track=9faaa1829c8d440ede5810abede0ebb1
global_step=773392 | return=-191.02 | steps=277 | track=ba6b224a140f8be57ee44973d005a104
global_step=773536 | return=-84.65 | steps=144 | track=a6977b33aad9c31fa17677d2e1ff8677
global_step=773616 | return=-145.51 | steps=131 | track=44f67c776d47412e339a0c083f8484a3
global_step=773728 | return=-144.57 | steps=131 | track=2862ec7a703934523f3e938dd3577c52
global_step=773760 | return=-2.81 | steps=88 | track=d906b1ef3f6546cd0a6f07fd205ff142
global_step=773952 | return=-141.28 | steps=131 | track=e93c167f7d6371930cfce88776338a04
global_step=774096 | return=-56.42 | steps=150 | track=d44192e92eb654fc9e7ffb7a540e4466
global_step=774112 | return=-8.09 | steps=65 | track=1ce12194295216bdaac66cc5741479c1
global_step=774176 | return=-142.83 | steps=131 | track=9d4861054c9ed031fcfb3505449440ae
global_step=774512 | return=-145.00 | steps=131 | track=a2b1a229679c7c466854fb46d569e0dd
global_step=774720 | return=-154.48 | steps=130 | track=974fed26f2025d647b5817a7911877c2
global_step=774816 | return=-151.62 | steps=130 | track=612ed288796c22461b338211883ab527
global_step=774880 | return=13.90 | steps=69 | track=d59e4529df19577c5f4e693cbb775fac
global_step=775088 | return=-154.11 | steps=131 | track=957107a31262a1637af0c45f349a2560
global_step=775120 | return=-145.71 | steps=131 | track=d9348c7da7c627cbcef9c2929b99f62f
global_step=775136 | return=-89.34 | steps=146 | track=fba00f282998aba81df649f387bf2c50
global_step=775280 | return=-123.29 | steps=108 | track=edb5ee89c7a01d672dd8b59e862f9d52
global_step=775392 | return=-102.07 | steps=89 | track=a626fec27338d417615d363bfcba9e77
global_step=775440 | return=-140.81 | steps=130 | track=f7fc4027e2a7ae35b750b62baf752a13
global_step=775728 | return=-148.00 | steps=131 | track=789f5acf8ea71742782552181fef4bea
global_step=775744 | return=-75.97 | steps=53 | track=901f4dbfb10ecdfdd4c5cb687add25e5
global_step=775744 | return=-20.32 | steps=63 | track=e96c38b968ec4f454b5a4bedc675e562
global_step=775840 | return=-142.83 | steps=131 | track=19f579e6d20448af1bf29c4a3eace784
global_step=775936 | return=-70.06 | steps=109 | track=d36be08c37917f38364d1c566edc2e95
global_step=776208 | return=-149.39 | steps=130 | track=f4cc39bb086776b12571e09f9bac54a8
global_step=776432 | return=-66.49 | steps=43 | track=0c4575e8d9345cf69a8e235b7a44e79d
global_step=776560 | return=-60.88 | steps=91 | track=fecd2e3d6f77bd61bf3d2d73379e4c0b
global_step=776624 | return=-110.16 | steps=131 | track=2e903ce3c414b3de41449c20f98b0a52
global_step=776784 | return=-129.93 | steps=211 | track=d0d3d23cf491111b8d6557a99df31758
global_step=776896 | return=-78.24 | steps=110 | track=1910bef07ab5b0a8976f2b513f0d0dfb
global_step=777184 | return=-100.29 | steps=89 | track=8a8d3cde68666018b4b617ba89303a8c
global_step=777184 | return=-109.76 | steps=89 | track=470aa3b2c26135727a7054311f96ae33
global_step=777248 | return=-139.60 | steps=131 | track=92f1cd8476478cd112a0bdeef2e373c9
global_step=777392 | return=-126.81 | steps=131 | track=f5bd7723ba178b3e5494c703beb92c15
global_step=777504 | return=-148.50 | steps=131 | track=a76020f8781186301b3a53552ec8309a
global_step=777936 | return=-127.33 | steps=130 | track=44a3c23724567ea518cc4a096019c541
global_step=777936 | return=22.14 | steps=64 | track=a04cc28bbf645817b4f50e1e67be362a
global_step=778000 | return=-102.71 | steps=89 | track=237bdeb1016f078b2854c9c5a8177ed2
global_step=778304 | return=-121.28 | steps=147 | track=e655749a681a5fe98c077950bce7dee8
global_step=778320 | return=-141.76 | steps=131 | track=00a59149aa147582f92f8d59b1b3fd75
global_step=778528 | return=-163.75 | steps=130 | track=faacc7123bd7c55a97fb2f59865f587c
global_step=778608 | return=-168.48 | steps=236 | track=4270df64c33c20bc0cacbbb8403085d9
global_step=778736 | return=-150.62 | steps=131 | track=dfabb5d3ce5da23f855cf49c3a782129
global_step=778896 | return=-152.78 | steps=131 | track=37d904ab28c867b19a9db42a08383502
global_step=779040 | return=31.50 | steps=68 | track=69086a114b0c8f86c1f5555c60ecb64a
global_step=779120 | return=-213.89 | steps=229 | track=16c44311004043c997392c05cb5fe211
global_step=779344 | return=-153.38 | steps=130 | track=12bb5183bd5fcc8711f3fe71e94f875c
global_step=779488 | return=-142.21 | steps=130 | track=82b0d8db421215f18eaccca88aac9c69
global_step=779488 | return=-80.91 | steps=143 | track=462f154cf0449a57f8a1a4641bcab884
global_step=779616 | return=-146.19 | steps=131 | track=d220bb2a41c5bf9d7d7c5fe38f18bcfc
global_step=780032 | return=-145.44 | steps=130 | track=910e2eaeb359900f0d8b83b8b9d04752
global_step=780128 | return=-70.79 | steps=94 | track=fdfdb1bba63404313183b5468e2f2a94
global_step=780368 | return=-99.89 | steps=198 | track=399a948e1e465d65f81af4d1a243de52
global_step=780432 | return=-108.08 | steps=131 | track=600584ead16af4d8a86a14e47dcc591f
global_step=780448 | return=-244.01 | steps=396 | track=dd83b4b356f2bf65d3cac41ae65fd12e
global_step=780480 | return=-37.07 | steps=61 | track=f01be175525d9959aab3ba5671c40e05
global_step=780640 | return=-141.85 | steps=131 | track=e8cc8dd6ae047b58e6232381007c9f0c
global_step=780752 | return=-65.42 | steps=152 | track=7e524092ed261430a25ad29e741088c2
global_step=780832 | return=-151.30 | steps=130 | track=719805fa23e75953518b4f0a771a9edc
global_step=780848 | return=-125.73 | steps=107 | track=ae55f21111a9e44523b89a57a51907e7
global_step=781008 | return=-61.83 | steps=131 | track=7dec02fa9dc5b93178250c6e13b8255a
global_step=781456 | return=-146.42 | steps=131 | track=77f6aad767803ca79b0981ababd80b85
global_step=781520 | return=-48.82 | steps=154 | track=13ea0442b4e2151768266266a804fc5a
global_step=781536 | return=-31.41 | steps=43 | track=3db74e68ac2855fa69c3bdaf44d9240a
global_step=781632 | return=-83.89 | steps=48 | track=256e46f38b4b80922c300f51f690922a
global_step=781728 | return=-144.09 | steps=131 | track=bf6c313ad36df4dc61fdcb032b493bb2
global_step=781824 | return=-40.11 | steps=145 | track=cc601a9651972a7d20d9223eb272f300
global_step=781888 | return=-106.45 | steps=89 | track=75c8bad8604239c5dbc927c646b7e07d
global_step=782112 | return=-74.92 | steps=123 | track=b7af0b9b3560e473b426fce78d0e13dd
global_step=782240 | return=-71.76 | steps=43 | track=9854e8619a418ca83612bdcfc7a0c05b
global_step=782256 | return=-36.73 | steps=45 | track=2fcd7b3c5880631c6ee012746137eb34
global_step=782480 | return=-134.25 | steps=131 | track=7ea59415d08e41dac45ddeb928df2a0b
global_step=782544 | return=-118.80 | steps=128 | track=1c255e1c334aced5ca37bda28479723d
global_step=782544 | return=-137.71 | steps=131 | track=f96c0c1b86fa3a741c37f12d3aadab17
global_step=782736 | return=-143.15 | steps=130 | track=1998ca0b0aa188600c8e68d4cc10dcfa
global_step=782848 | return=-104.10 | steps=130 | track=f4e635739b232c0e0e16ad43da3036e5
global_step=782960 | return=-36.57 | steps=43 | track=74a20e93b5ac35cf7d1acd015fdb860f
global_step=783120 | return=-101.50 | steps=131 | track=444b4f6f7fa20c53b61414f3df910ee3
global_step=783552 | return=-142.67 | steps=130 | track=927bfcbeae8ac1a4c31ca05233f91a94
global_step=783568 | return=13.60 | steps=347 | track=dfc025112016fadac7e221c58a1d3ba0
global_step=783664 | return=-119.91 | steps=110 | track=f328c296618f1c2af162dcf3b6e7c50b
global_step=783744 | return=-143.04 | steps=131 | track=b639f109d30dc13adf8745529f47ae76
global_step=783824 | return=-145.34 | steps=130 | track=cbbd915759b1c2cb3433ab594ef0e9bf
global_step=783872 | return=261.24 | steps=109 | track=737a87eae63eb704ff0a3d57ec29ef63
global_step=783936 | return=-140.83 | steps=131 | track=0f9550d5a88e16a792f583285bcbbd77
global_step=784096 | return=-126.17 | steps=100 | track=26ac3cd1275bbdcb1bc6b7159732472b
global_step=784176 | return=-103.73 | steps=89 | track=f7befd470b0eea964e8ece210a748ed4
global_step=784544 | return=-101.02 | steps=143 | track=3b34fd764f29f01f20660e38c847da0f
global_step=784640 | return=-97.31 | steps=130 | track=02da2fd06cfb78cc1c0a5830028df982
global_step=784800 | return=-62.65 | steps=76 | track=0da0e9ab68d6dcc2b3852a1f972769a6
global_step=784880 | return=-83.40 | steps=145 | track=eb086a43ea2445684b7005f4e9aca930
global_step=784944 | return=-11.85 | steps=74 | track=954ba6eb347fc91e3ebed04a945d1777
global_step=784944 | return=13.58 | steps=66 | track=94224ee35c150fbcf12d0a26e38bf6c5
global_step=784960 | return=-141.73 | steps=131 | track=56ce2b1c2bc0bf7e89f69863204baea0
global_step=785072 | return=-140.31 | steps=131 | track=c83bb555c291a7e8d747b1eaf6c82d3e
global_step=785392 | return=-98.87 | steps=90 | track=844af6e96deb8ad638d46cbad25d72f2
global_step=785600 | return=-161.05 | steps=154 | track=0de5f78e3bf784b156a6ba86c1b0a3f5
global_step=785664 | return=-146.20 | steps=131 | track=0130c83a78582c079ab31ef2c5da85fb
global_step=785776 | return=-148.65 | steps=131 | track=941f3ec8269f7c0c949098c295323c5d
global_step=785840 | return=-66.74 | steps=47 | track=e27d5ddbaaa2f734144f4154aed1d653
global_step=785936 | return=-143.62 | steps=131 | track=a7359ed522c12cb082e0c5f5851e7b8a
global_step=786208 | return=-134.00 | steps=131 | track=4097f8b6cae7216564ce5c5a6991b2b8
global_step=786272 | return=-129.18 | steps=130 | track=38e930efcd1870d1567d003d91902c3f
global_step=786336 | return=-91.98 | steps=86 | track=5aa08d99fe4950a6bcc465cec522787e
global_step=786352 | return=-62.83 | steps=91 | track=e761aa52963ea4bfc2b1129c5b4603e9
global_step=786416 | return=-118.42 | steps=91 | track=8e212767ceeef8e7d3fa09e769a96d97
global_step=786432, SPS=73
global_step=786512 | return=-280.12 | steps=404 | track=e27963f02a3ee186bca1ff4226da85ba
global_step=786624 | return=-148.81 | steps=129 | track=2e841a68941c7f1151ace7ca2b158519
global_step=786736 | return=-158.47 | steps=130 | track=e2330abacf116447f423a14567a29e09
global_step=786912 | return=-141.86 | steps=131 | track=bd3b7f5c7072873d2ae39c3949503b17
global_step=787664 | return=-39.08 | steps=86 | track=aad9a7c03834e0a5ba8124cefc45f9bb
global_step=787712 | return=-141.94 | steps=131 | track=bd368addcc231d544c499b05ae6730e1
global_step=787776 | return=157.42 | steps=114 | track=6ca14b011501b4c9e50bdb2b121c5647
global_step=787952 | return=-149.23 | steps=131 | track=bceb8734687380cea18208c4f2388ca9
global_step=788064 | return=-106.45 | steps=89 | track=32e1844c85cccb2ac31edd0618294927
global_step=788128 | return=-98.37 | steps=153 | track=58a905394b50adea68f5ff79e2b92329
global_step=788144 | return=-183.98 | steps=198 | track=a93a12df57472aca158d85ffd53a3480
global_step=788320 | return=129.71 | steps=118 | track=bd10df4056431a8c9d972f84bed7d9bd
global_step=788320 | return=-155.76 | steps=131 | track=9ccf3a91b3fab499e29f6db5b8b1f39d
global_step=788432 | return=-142.21 | steps=130 | track=81c4f4164d4f24f6684bea66c73ee1b3
global_step=788464 | return=-140.07 | steps=131 | track=b307e68a7ffab91eb8bfd1428b3d3303
global_step=788592 | return=-120.91 | steps=129 | track=b65f87e3d8f246b507ab24f19d417b0a
global_step=788640 | return=-180.43 | steps=178 | track=c2e233a55cf2a1c2db5a7ce1c4687d12
global_step=788848 | return=-142.81 | steps=131 | track=7184b5358f8512fe700286603a160e0b
global_step=789024 | return=-132.75 | steps=131 | track=8f2b79f47e4ae240dcda9e5158367694
global_step=789376 | return=-74.09 | steps=45 | track=2d503c7d3d9391909694e8140c0f9ad5
global_step=789408 | return=8.61 | steps=67 | track=f5db550f83800e8370345db5f74f7a79
global_step=789472 | return=-123.10 | steps=105 | track=5750ce70baf3ebfec9caf5ab75478bca
global_step=789536 | return=11.08 | steps=66 | track=cf430491bb90a7b6d46ef0383be2f39d
global_step=789664 | return=-84.87 | steps=266 | track=cc0fb15f2cc4f4b6af5fd9c72f0be0c3
global_step=789840 | return=-138.03 | steps=132 | track=556a40e66575420cc71f8e8fb36f956a
global_step=789952 | return=-108.63 | steps=142 | track=beda7500b13db7484d6a4b19ec6b05a7
global_step=790064 | return=-143.47 | steps=131 | track=4aef7d796bda56f0b9c17fe561e931be
global_step=790080 | return=-121.53 | steps=109 | track=31c2d166696d794894bfeba452ece7e3
global_step=790240 | return=-142.97 | steps=130 | track=8a812d16bc71fde03fd13dfd1b11e3c2
global_step=790544 | return=-113.21 | steps=154 | track=3744e48e1c03a46c716d326dc6cf5e03
global_step=790544 | return=-142.39 | steps=131 | track=4d39e3f3df308b16347ab6a47f7ac277
global_step=790800 | return=-69.19 | steps=45 | track=8b367b0ffacc0d0d337a39147f773146
global_step=790880 | return=-58.26 | steps=171 | track=6ef5029ee91253cef726a33f14c4c381
global_step=790960 | return=-146.40 | steps=131 | track=d84415b919f0a1d02762a6e2dc2b2c28
global_step=791136 | return=-131.66 | steps=131 | track=7c58a254ee6ffd4ee05480cd417b422c
global_step=791152 | return=-102.16 | steps=159 | track=75f68608609cda1f8a32dc3a489ebfd8
global_step=791504 | return=-142.18 | steps=130 | track=9e269886d114355a146ff41560227cae
global_step=791568 | return=-152.07 | steps=130 | track=d28ff394a545f9ec49d277ce0738a588
global_step=791632 | return=-150.94 | steps=130 | track=b6d5d1e2ec830b2a32985a53d319a61e
global_step=791776 | return=-98.56 | steps=131 | track=c0433ac4cb04f576e4a82215c346084c
global_step=792160 | return=-7.75 | steps=62 | track=3671ea3d67d5fa3511b48f31322d2240
global_step=792192 | return=-146.59 | steps=131 | track=7f74725fa86a8a546ddbeebc4b54ae64
global_step=792352 | return=-76.40 | steps=96 | track=aa5552cc334dc5900280dfa728cc730a
global_step=792352 | return=-131.70 | steps=131 | track=291c511ece0831219fb8854fcece0acb
global_step=792368 | return=-48.78 | steps=150 | track=1f3b4a76b4aa54224825fc8ea2f17686
global_step=792368 | return=-45.48 | steps=186 | track=617916f5fb27d81dc0fab77d0d9e90e5
global_step=792416 | return=-146.01 | steps=160 | track=962ae45ed58700ab9d747501e5b34e90
global_step=792656 | return=-138.53 | steps=131 | track=73b9f0a19e34e0fe53db6774423bd63f
global_step=792880 | return=-52.30 | steps=42 | track=2e1912923cdbee3052d4789a793178a3
global_step=792976 | return=-67.39 | steps=114 | track=bd51ae0c99a6e3c55b43a0aec4c7afbb
global_step=793072 | return=-120.69 | steps=131 | track=01d124b5a8fe90b47a920f90e5592dad
global_step=793216 | return=-77.10 | steps=145 | track=de7ef19abbb4d033d2b03e765f9b35d1
global_step=793344 | return=-86.36 | steps=97 | track=891cf72fa64adb6141090059d462e01f
global_step=793600 | return=-155.14 | steps=130 | track=9ff1d6ba00a90a3e57a39a3b71ad89ca
global_step=793680 | return=-145.03 | steps=131 | track=b066f5a049a0a2ba27b07fa9f4447385
global_step=793728 | return=-155.84 | steps=130 | track=9b32f8af6ef78466a7debc53f10d15b2
global_step=793728 | return=19.14 | steps=84 | track=9ed07a71e32df03007e11116c2c7466f
global_step=793984 | return=-135.80 | steps=214 | track=721deb14d7ca97473ee7fd130f967a55
global_step=794256 | return=-129.71 | steps=130 | track=de800e1604e196b947a87387e1a7be32
global_step=794368 | return=-83.73 | steps=63 | track=067a65404e90970959a042ede4994992
global_step=794448 | return=-152.26 | steps=130 | track=dcceca5eeace63fb5a15adbac9096403
global_step=794480 | return=-137.96 | steps=131 | track=b850bb3914432009d43dcd3ffc846377
global_step=794528 | return=-139.66 | steps=131 | track=3fe40590670000fc0e7221c902606fe2
global_step=794768 | return=-139.81 | steps=131 | track=8d5beef74bcf94a88a128c22fcad4e37
global_step=794816 | return=-40.58 | steps=153 | track=ba546f970c4d56b366287e04d3f2a1a0
global_step=795088 | return=-141.95 | steps=131 | track=91593ad3dd527a62ed941c12437a6b19
global_step=795120 | return=-88.11 | steps=139 | track=7d5e4dc81c92554435b66bc0c454c607
global_step=795184 | return=-144.27 | steps=131 | track=03218467bcdb857e8117b205967dedfa
global_step=795280 | return=-7.28 | steps=63 | track=565ec738cd16c14b364fbfa334975ee8
global_step=795328 | return=-151.01 | steps=131 | track=43ca1540c27c803f5749ecf009b4d77a
global_step=795744 | return=-18.00 | steps=125 | track=6f70e54af56d919ddcbd619165923d96
global_step=795776 | return=-111.33 | steps=130 | track=ffdb0887ffdc7a7511d9fcc1656aae88
global_step=795840 | return=-148.58 | steps=131 | track=9073eb5c362a229132fbe6e6628dc1d9
global_step=796128 | return=-52.40 | steps=81 | track=4bb286a9e9749b2e0221f53f111215cf
global_step=796160 | return=24.70 | steps=66 | track=5a276c599aee7874a80b029d8260909e
global_step=796160 | return=-61.87 | steps=64 | track=851833f332015e8f5282ccd122718812
global_step=796400 | return=-48.51 | steps=69 | track=2b828c0d106b7c3fb17a6ee2c5aae477
global_step=796416 | return=-68.01 | steps=151 | track=5a739df41a10b8261c2c7cba4ade1de3
global_step=796576 | return=-151.78 | steps=130 | track=ed00275f23468ab9f75df2fa16af42ff
global_step=796640 | return=-148.69 | steps=131 | track=5c30062f092fd7e8e593832ced5a6222
global_step=796640 | return=-7.80 | steps=53 | track=5df072783d3cad05d2f49f3a8f7aed87
global_step=796768 | return=-107.71 | steps=89 | track=dc0460dc33f9db00cf2e8d202c34b001
global_step=796896 | return=-152.79 | steps=132 | track=e42dbf5713c9df4d5ff06cefb7e5b482
global_step=796960 | return=-167.92 | steps=156 | track=a27dfb7d4886eca2db63367821f51bea
global_step=797312 | return=-155.60 | steps=132 | track=cc6520ad10a6c4e986051151f312066a
global_step=797472 | return=3.54 | steps=66 | track=ff7c7fadaa3b7e8470199a1d2e12c7d8
global_step=797792 | return=-22.51 | steps=63 | track=e3d068f73c830f3e18dbe28d9cafe6dd
global_step=797856 | return=-138.79 | steps=131 | track=d5895f35932e1820ab8caaaa8c5bf738
global_step=797936 | return=-144.77 | steps=130 | track=1b9d6397d9623a93ef0e5e90625e3ad0
global_step=798224 | return=-150.09 | steps=130 | track=772943228b0cdcbbfa67a86b3bcb7558
global_step=798256 | return=-141.68 | steps=130 | track=9cd2000cfe73afac79f028131d711f1c
global_step=798272 | return=-141.37 | steps=131 | track=575a86e8f934a7ae043b6fe6afb5b0f2
global_step=798336 | return=-166.17 | steps=247 | track=b20a6db9edeef97cdbffb38dca41170b
global_step=798560 | return=59.93 | steps=99 | track=aa6784025f525a3a620b915dd774f2af
global_step=798688 | return=-151.78 | steps=131 | track=aa3b16d599774cf3591e5b0a803d13cd
global_step=798736 | return=-156.60 | steps=130 | track=e97fc40cc2d4cacde8d23d69ecc62674
global_step=798752 | return=-139.18 | steps=131 | track=31a574f04f60908baf42eef1cd3638ec
global_step=798816 | return=-104.80 | steps=93 | track=4162b5c8ca87017d6605f671ea739d3e
global_step=798880 | return=-40.73 | steps=67 | track=3d921a85170ba1e638d19fde9d700e6c
global_step=798912 | return=-35.49 | steps=155 | track=a83f07bba3bf719295fb2429c444d972
global_step=799008 | return=-157.22 | steps=131 | track=218976c0ffe63302e2d8b652bf082bae
global_step=799648 | return=9.41 | steps=67 | track=1bd6885a6e0a91623dc75ea6de0f2761
global_step=799808 | return=-83.92 | steps=66 | track=27fee4f7c7d01a2ae99e78f6d9d1ffd0
global_step=799808 | return=-67.86 | steps=61 | track=97313f30a83bb5ac1de73a24b17685bc
global_step=799952 | return=-69.19 | steps=154 | track=d4f6b1be93c163813f1a41a442390355
global_step=799968 | return=-130.97 | steps=131 | track=582680099bf5922b31a9222cd8b89ee9
global_step=800032 | return=-150.90 | steps=130 | track=24ea44869fdd87f111b811908985a9d3
global_step=800048 | return=-17.52 | steps=64 | track=ca2fd8636a3de72e5e64fb16ca354372
global_step=800208 | return=-95.86 | steps=90 | track=5efc67c10d969889fc2c3d86b41688a7
global_step=800320 | return=-138.29 | steps=130 | track=746ff55edae5c7134c4394aa13e1f1a1
global_step=800368 | return=-124.80 | steps=131 | track=52cbef071ebb5dc870220872e0c97fea
global_step=800384 | return=-145.26 | steps=131 | track=bb47d21e0ec10707334061de9119f2d2
global_step=800464 | return=-145.45 | steps=132 | track=8fb24be27bcee46024eb6f45560e63cd
global_step=800976 | return=-20.81 | steps=72 | track=68d36d0e4390572cf3651d841554c0f6
global_step=801104 | return=-121.13 | steps=90 | track=8ec2069ad717bbbf1ae5a1471a758620
global_step=801280 | return=-129.51 | steps=149 | track=867e166141ae1359ef1345ffb5f1e3bf
global_step=801392 | return=-119.58 | steps=98 | track=620a339d641155daab0909c5c0d35348
global_step=801440 | return=21.90 | steps=66 | track=a654bf9ac3434c21638ac9f5cac94945
global_step=801696 | return=-161.27 | steps=173 | track=e897c0d7382ea3626a15d7788dc512ac
global_step=801888 | return=-29.05 | steps=97 | track=8d8dae0e9d2eaf4309e1db0a1d4f4ec0
global_step=802048 | return=-136.67 | steps=130 | track=4b1741477b3b90c1da29a779efa57f5e
global_step=802144 | return=-112.66 | steps=215 | track=ce0c25892e46174e79e550af82a47000
global_step=802144 | return=-146.19 | steps=131 | track=b7198fa0d27cac6553663c017c02cf21
global_step=802144 | return=-143.56 | steps=130 | track=32512db1db183ba84352dc41cdd7530b
global_step=802320 | return=-143.04 | steps=131 | track=043ff2bf1e868d28fe75fd4421f77a6e
global_step=802496 | return=-135.46 | steps=131 | track=ad7f2600e7e305a36a99d7b63aef314c
global_step=802560 | return=-138.83 | steps=130 | track=4f4dba684f328dd1e553cbfa9730d8ed
global_step=802688 | return=-143.33 | steps=169 | track=f35c4db819e7e237e8178429b2047f94
global_step=802816, SPS=73
global_step=802864 | return=-95.32 | steps=98 | track=81ad075c861887f06a78330448fdfc2c
global_step=802960 | return=-40.51 | steps=50 | track=7d1350372dc08cf522d9e0f4a25af2b4
global_step=803088 | return=-142.83 | steps=131 | track=f584876bebd9c1c236b4dba1d4419fb4
global_step=803136 | return=-107.20 | steps=89 | track=c97fe7c7cedc2df3f0e549b5d520daab
global_step=803488 | return=-147.99 | steps=130 | track=80e0b3c47917c2631233689098a6a999
global_step=803552 | return=-153.15 | steps=131 | track=82845c49b3771d85f387d19d10ca701f
global_step=803760 | return=-103.56 | steps=89 | track=f55967f7ef6a2cd5a00b661803c4e117
global_step=804000 | return=-136.43 | steps=131 | track=41fb72dad6ca39f102d02584f6581514
global_step=804128 | return=-105.56 | steps=89 | track=6b3296720491d438d714edcc5d00f5e0
global_step=804160 | return=-114.97 | steps=131 | track=a72aa9004d6c0cfedbccf8428e7a3d2f
global_step=804224 | return=-140.66 | steps=194 | track=b23b09d072ec9b4dce77e3c2c95bf8a5
global_step=804256 | return=-149.91 | steps=131 | track=b41b66e816de7aef4a898d7181102e06
global_step=804528 | return=7.36 | steps=64 | track=a6473b86c1eddc8a87281fdc00604317
global_step=804672 | return=-153.16 | steps=131 | track=072caa848e1673f1316f9b566b28ab6f
global_step=804688 | return=-114.47 | steps=96 | track=690d789f28f9056c1037e43d1ca11ed4
global_step=804928 | return=-29.11 | steps=47 | track=c738b96a735eeb60b8b4b38cb5208335
global_step=804944 | return=-49.93 | steps=152 | track=202f59def9a7c881d1b48e2ef145df27
global_step=804960 | return=-144.99 | steps=130 | track=712530f08cc9ec40cb110d00b82c1545
global_step=805200 | return=-141.37 | steps=131 | track=e5063ade7ac3c8320817e8a1615eab40
global_step=805664 | return=-33.49 | steps=44 | track=7cff4affa2fd683a283c0fcd5936761a
global_step=805728 | return=-123.83 | steps=107 | track=7c91d8042d5668edd527d5ee15257ed9
global_step=805744 | return=-73.04 | steps=173 | track=ae902e53fa7cc0d4b90070f1827dd4b2
global_step=805792 | return=18.14 | steps=95 | track=f617c25faa78be29790d3c90dbf83be2
global_step=805872 | return=-142.61 | steps=131 | track=ddc958b09e9aaaff4a4d6feb3af6ab96
global_step=805968 | return=-29.35 | steps=62 | track=54228f70bfc5807aed50054cb1f5cda2
global_step=806256 | return=-25.92 | steps=256 | track=5aee4f120ef086cd7fbe6b659c45a3e6
global_step=806336 | return=-145.71 | steps=131 | track=6c43146c95f61340f808613df5ac7241
global_step=806528 | return=-173.51 | steps=185 | track=43878d4e6aa1a5580986bf7d39d802d0
global_step=806576 | return=-72.02 | steps=48 | track=be95aae3bb2b769462a22f28a96cb9b8
global_step=806640 | return=-146.81 | steps=131 | track=e56dabc6f83534bad7f145bb9e981ceb
global_step=806768 | return=-147.35 | steps=130 | track=555197556a1cd67cf7e3449a72be8d9d
global_step=806800 | return=-132.59 | steps=131 | track=e0d7cb7ae9e2d9a7b04bacbdb863b9db
global_step=806848 | return=-240.65 | steps=827 | track=17ce2ce229e978146b47994772c7c2c9
global_step=807104 | return=-98.21 | steps=89 | track=c7a32a9b85f6e19f012b880fe7f433ab
global_step=807184 | return=-71.18 | steps=40 | track=e9b038ac926514aebdcd1af82d02d52c
global_step=807344 | return=-2.40 | steps=62 | track=93647ef5e8d982d0ec9da189a3491e9c
global_step=807600 | return=-26.98 | steps=216 | track=7dfc03215519aa48e95ac68354c80025
global_step=807824 | return=-142.52 | steps=130 | track=c0d4af3131988c2492f033c39dcc7620
global_step=807856 | return=-16.35 | steps=62 | track=be364cb490ec2427a07d74cb13d22ae6
global_step=807856 | return=-148.47 | steps=131 | track=4cf28e127781bd7b8aba95b6c902a12b
global_step=807936 | return=16.28 | steps=70 | track=7d93a7511de5af697e22e12e3d446ca7
global_step=807984 | return=-145.24 | steps=131 | track=1130cef6ced82257b19ea1e31b8273bb
global_step=808080 | return=-142.39 | steps=131 | track=9acc6c8a6e3b5e1cbfa8f5122833ae16
global_step=808368 | return=-139.69 | steps=131 | track=7a8287409322a908e85a2a33e6b5e2e6
global_step=808528 | return=-76.96 | steps=41 | track=6cb9455eb6bff796079f0691ce1ee5ae
global_step=808592 | return=-29.86 | steps=61 | track=dc3b2d89a09d5e27e6ee3d68ba0f9609
global_step=808656 | return=-137.86 | steps=215 | track=06f5230ba75fd25bc92aff54c1f81e21
global_step=808672 | return=-149.19 | steps=130 | track=b568b98276b59290d9ceb2147d1d9b9a
global_step=808752 | return=-150.87 | steps=131 | track=103e4512fbfacf4fed40db13d97ca62c
global_step=808816 | return=-181.31 | steps=242 | track=ac035e3bc502de96b18adeee4352cb16
global_step=808880 | return=-136.66 | steps=131 | track=b216b916c6b219e4a8da8c1163d83481
global_step=808912 | return=-2.76 | steps=65 | track=11e9313707fe4f4dfdbf61c74a87ffdf
global_step=809216 | return=-140.73 | steps=131 | track=0f4c538a9d51aacc183729eb88422a3c
global_step=809440 | return=-139.63 | steps=130 | track=2c52d650f60e1f43c3496039aed5fcbd
global_step=809472 | return=-7.36 | steps=102 | track=2533019bbbd30f81a0b2cc575961e42f
global_step=809936 | return=-38.29 | steps=78 | track=21402d0af990ed069e9b417effac070d
global_step=810048 | return=-134.98 | steps=131 | track=6634f20b591c58bced11646f2ac1b72e
global_step=810080 | return=-142.90 | steps=130 | track=7e17bbcf2602849047177873dc84e73d
global_step=810080 | return=-98.07 | steps=92 | track=447d3efa40ece3199250bcebd37f76cf
global_step=810128 | return=8.34 | steps=77 | track=7c5416980bbd1a66800ad529c5dc0294
global_step=810144 | return=-22.59 | steps=57 | track=f6b530a586a11977bdc16275c9d3aebf
global_step=810448 | return=-5.96 | steps=62 | track=951b6b9d414afcd4fcb3f7245fa921e6
global_step=810480 | return=-152.20 | steps=131 | track=84f9540abcaa01aef93ba756abf21ad9
global_step=810752 | return=-151.99 | steps=130 | track=02b7e1d136032409aba0c556ff0d7b34
global_step=810864 | return=-125.40 | steps=131 | track=cb1ca1122de363ea9890ddf920a46a7f
global_step=810880 | return=-114.66 | steps=146 | track=d7b56031f8cb45674b2249e22c4ff7a0
global_step=810928 | return=-148.09 | steps=131 | track=ecabf89e26bba34cb4ca18ee0f1cec0e
global_step=811024 | return=-155.00 | steps=131 | track=d743565672508060fa4ef03d74cb6361
global_step=811040 | return=80.99 | steps=184 | track=06bed2c47d31949f1fab7d056bfd5ac8
global_step=811184 | return=-55.84 | steps=106 | track=cb2f8038b22eaa0245e70178ddb6ecf8
global_step=811536 | return=-0.26 | steps=67 | track=51178fb1885641342cce6e6fde692506
global_step=811712 | return=-127.96 | steps=110 | track=c5ffb5100aa394e5bcfc06ff61043d9c
global_step=812160 | return=-52.22 | steps=79 | track=d54ffac020411108eacc1466ad2312e1
global_step=812160 | return=-139.42 | steps=131 | track=08c7f6493c0c331f106f113cb65e98c5
global_step=812176 | return=-143.34 | steps=130 | track=6b4937d3f77c8ddbc224cbc7a613b654
global_step=812192 | return=-148.47 | steps=131 | track=ab901859b87fe55970938690d310b91e
global_step=812240 | return=-145.47 | steps=131 | track=4ad24985604cef90c5be39cb435a2d06
global_step=812384 | return=78.79 | steps=139 | track=4c31a48d5a9791fccab7c802a1c4c098
global_step=812592 | return=-141.68 | steps=131 | track=e852701ccf32a5ff20e62e720e363ea6
global_step=812864 | return=-117.73 | steps=131 | track=e7e54ad7137ffe99ff735e12977bf290
global_step=813008 | return=-52.00 | steps=47 | track=3c3852c499bae73abeefa2edcdcf4eb0
global_step=813136 | return=-139.88 | steps=130 | track=fe22c1cf086fd52cafda15622168f423
global_step=813152 | return=-111.30 | steps=132 | track=8ab9b0a6ae158abe6218b1d5719ef08b
global_step=813296 | return=-136.53 | steps=131 | track=f66df72b3e16fe1b439f03c8d97c3ea9
global_step=813616 | return=-312.53 | steps=401 | track=a2c01a8512335ae690b7bfce5011c47a
global_step=813648 | return=-142.47 | steps=131 | track=911e46917392e9baa63ab46360451af3
global_step=813776 | return=-91.32 | steps=177 | track=ab45b8e996be46c81394a815c53c9888
global_step=813824 | return=-152.97 | steps=131 | track=5ebf1e64e9947c111c6d046a6b908a5b
global_step=813936 | return=35.13 | steps=66 | track=7e90c93fed967d7b1385de517f0f4041
global_step=814288 | return=-147.88 | steps=131 | track=3909c5766f5ef9bb2b03aafd5230f15c
global_step=814304 | return=-154.46 | steps=131 | track=8f0752c80e9b8b4f03ef562cf0a09d98
global_step=814336 | return=-17.48 | steps=216 | track=9a015c4f27b362bd3768068c0015266d
global_step=814400 | return=-100.26 | steps=112 | track=7c80826b3ad87b7f8c6e3ce46a46d015
global_step=814480 | return=-68.79 | steps=91 | track=27c9c326410b1f7ee77054c1dabcf831
global_step=814496 | return=-142.70 | steps=131 | track=9725a499848439dd7950c5537b64aef2
global_step=814736 | return=40.31 | steps=69 | track=41bcc8739f7f5e5f1c79370cb49d6ae5
global_step=814800 | return=-12.15 | steps=63 | track=1557a7c79083f6f68cf766832171bc0a
global_step=814816 | return=-83.29 | steps=165 | track=b4661ad03e4a3e93d27a17043decf0b1
global_step=815248 | return=-133.76 | steps=131 | track=bb2c34b11500dce47a492ae923a8eefe
global_step=815264 | return=-142.61 | steps=131 | track=3463eaba2cfc8d8ef28b3b19b871f315
global_step=815408 | return=-144.57 | steps=131 | track=965d28ba623054398861672505059037
global_step=815408 | return=-127.41 | steps=202 | track=baafaa0e3f06d75e6761db344f3a8b8c
global_step=815760 | return=-144.91 | steps=131 | track=fbaadaa2973d472a016cef6964ccfc1d
global_step=815936 | return=-136.93 | steps=131 | track=96b0bbd27237d9624b60ab6cf16d7a04
global_step=816320 | return=-62.00 | steps=114 | track=cda8211ae18b88b259f845c4dd98fbae
global_step=816352 | return=38.52 | steps=67 | track=ad1f6d0367119cf65eff492572b9e213
global_step=816400 | return=-139.80 | steps=131 | track=6f93fe81c8112c6d618bb4afb4db00ac
global_step=816448 | return=-149.55 | steps=131 | track=1748b63413ed2895523c9d81d74a39ae
global_step=816448 | return=4.36 | steps=64 | track=44dabe317670e5e4f7866c1d1fef523b
global_step=816608 | return=-140.94 | steps=131 | track=2926ff17d81f18cc08173a55eb0a45ad
global_step=816848 | return=-148.09 | steps=131 | track=7ab20dd55b944c922a80957510cf51fc
global_step=816912 | return=-138.94 | steps=131 | track=c4efb08c95bf21d19ffd802ce6b6bf4d
global_step=816928 | return=-148.77 | steps=131 | track=e0ed2674ed9869a5a289299b016f8f2f
global_step=817056 | return=-155.06 | steps=194 | track=cca83d9df288dd21c1433a6a05cc2e58
global_step=817072 | return=-47.07 | steps=44 | track=b2eb7f4f36cac8538df06cfa2d19926a
global_step=817184 | return=-82.59 | steps=173 | track=9e6b85c20cfef96fce60910d8fd71051
global_step=817360 | return=-145.96 | steps=131 | track=f376a6ef4338c8f5910c8a3b1e1bed47
global_step=817424 | return=-32.31 | steps=92 | track=5a4c533b080dd4a01e1e6298529782a8
global_step=817504 | return=18.70 | steps=65 | track=4368dcf570b79fbce25a099c5c75e57f
global_step=817536 | return=-145.52 | steps=132 | track=52ac61d5123329859e8e72a7594955be
global_step=817648 | return=-23.16 | steps=45 | track=3018e13f0710939eea79b5684479db16
global_step=818064 | return=-190.43 | steps=234 | track=74ba57830f781ac206b7b7359f1c4d07
global_step=818080 | return=-121.29 | steps=91 | track=3fc675ce546eb854bf8597fa0a4ccbec
global_step=818112 | return=-31.19 | steps=57 | track=60d31749f18b7cd215dacef506ede682
global_step=818432 | return=-142.81 | steps=131 | track=06f33c4c625f3a31d13ffda7fd104814
global_step=818496 | return=-155.30 | steps=130 | track=87b94649f3c8e97a6f86122ad988f169
global_step=818560 | return=-0.54 | steps=65 | track=ff8aaeefe4421e2fb948b65b2826329e
global_step=818800 | return=-93.62 | steps=146 | track=dbafe97ccf88ab8df2bc9b2fff04ae27
global_step=818880 | return=-41.48 | steps=50 | track=dd9fc95167f40581c9d3b8585c123f5d
global_step=818992 | return=-142.03 | steps=201 | track=75b6922c6c1ba92abfb3caba448da3c3
global_step=819040 | return=-105.67 | steps=131 | track=798b1836a66278e9540b28c202718918
global_step=819152 | return=-89.91 | steps=93 | track=3030839a787ab97661ee85216b852f26
global_step=819184 | return=-141.99 | steps=131 | track=07320e512218050c494b83bef7509bf9
  Checkpoint saved → runs/adaptive_fps_track_aware_lstm/CarRacing_VarFramerate_fc_2.1_bud_90_04-08-13-42-34/ckpts/ckpt_819200_iterations_50.pt
global_step=819200, SPS=73
global_step=819248 | return=-127.08 | steps=136 | track=4a72b4765f4b15e50e2065f0e03b9e5c
global_step=819440 | return=-59.45 | steps=161 | track=602887cd96a473888942070e48d0a24b
global_step=819456 | return=-159.17 | steps=130 | track=a99242ac4d11bed5a8e0db42e7589126
global_step=819536 | return=-142.79 | steps=131 | track=7067c47ae5d87c91483d00a405feb55c
global_step=819616 | return=1.76 | steps=65 | track=bae8d3c23ad2800a6620e302f5a191d0
global_step=819632 | return=-150.52 | steps=130 | track=61d93be00c6f768536159a9c63bc2088
global_step=819712 | return=-5.85 | steps=56 | track=25f59e2a52b533d145f0710a0c4dbcd4
global_step=819856 | return=-68.94 | steps=88 | track=9de25a8c9b420ddd6e8b2d3090fd82fc
global_step=819968 | return=-12.69 | steps=60 | track=51e8a15a4ae9059bce1efa3d7c0bf432
global_step=820224 | return=-140.58 | steps=131 | track=a20e8eaf5232710e82577f297bb4402e
global_step=820224 | return=-61.91 | steps=47 | track=59567ae45b27fa4e52efbbaca1a2dd68
global_step=820528 | return=-21.60 | steps=67 | track=eefd39d33eba6665439be73653a15d5a
global_step=820608 | return=-150.08 | steps=131 | track=0a75f922ca477b82749d89418ee20207
global_step=820656 | return=-68.83 | steps=93 | track=032695005fb9c248e87f5dab57871e8e
global_step=820656 | return=-118.10 | steps=100 | track=5ad3933ded764085c360aecbf1cda302
global_step=820848 | return=-33.62 | steps=75 | track=a389b5e1350f18af4b34a255b79a28d3
global_step=820976 | return=-172.74 | steps=130 | track=e2d87512f7fa4d9adcab93dd21b687d0
global_step=821280 | return=-106.08 | steps=130 | track=bc36d9762c7e2c7c0ac836d1ed3e909b
global_step=821360 | return=-144.32 | steps=131 | track=45a5a9787cd51eafa168789e1977b480
global_step=821600 | return=-25.88 | steps=61 | track=fb4b04d71f5d7e967e6b4fb39d136232
global_step=821632 | return=-152.07 | steps=130 | track=c472d40f9fafa94633820ad407e6a005
global_step=821648 | return=-199.72 | steps=222 | track=4cbcaf44df893a0c3b7710a1bb668bd2
global_step=821728 | return=-135.87 | steps=131 | track=7c00c5c0d56819fb3cf85ebf5840fecb
global_step=821920 | return=-60.59 | steps=66 | track=346858bebcd0ffe5a75803d24aa79d21
global_step=822080 | return=-138.45 | steps=131 | track=6d2fa3a05204fbf3d13d6517fd078539
global_step=822336 | return=-133.12 | steps=131 | track=e914d7aa6c71f3e1880d7efe06e4a956
global_step=822336 | return=-141.04 | steps=131 | track=66fb3d06e15628ad5d7c08f886bb06a5
global_step=822768 | return=-161.47 | steps=131 | track=31128e2229d8f09e7c930b69c9ee3ab0
global_step=822768 | return=-131.90 | steps=131 | track=87e0e4cdb40fa12a194690721de8328a
global_step=822880 | return=-175.81 | steps=197 | track=ba61cf5394312f4df9ccff64c69c3b2a
global_step=822896 | return=-31.49 | steps=60 | track=6cf143799f4dac6d1ebda91bc3eb88a7
global_step=823088 | return=-148.77 | steps=131 | track=958636ad9adc1dd7c0ad8b01a920eb13
global_step=823392 | return=-145.48 | steps=131 | track=5369c46a82a85364a3dc1fbebef2e963
global_step=823472 | return=-105.77 | steps=113 | track=021baa6c7afa1ab3594a8ecabfff0ec2
global_step=823648 | return=-87.83 | steps=236 | track=b13d25706e4680d28b69cd1704da502d
global_step=823712 | return=-131.17 | steps=131 | track=12e4a458f929aa07a08dcce4e70ef8c9
global_step=823840 | return=-65.46 | steps=154 | track=8068a3c37c4425079f75c96dd482d882
global_step=823840 | return=-146.29 | steps=131 | track=c2681b6a03d72af8ca870b7129add034
global_step=823920 | return=-8.47 | steps=64 | track=bc66894bac496f2923cd991e33a7ba38
global_step=823952 | return=-65.24 | steps=144 | track=d2eb4af9df6fe5eb0ab2753e4baecbc9
global_step=824112 | return=-20.78 | steps=63 | track=2dfef89ca6a7d35353053e26ef3e69a4
global_step=824192 | return=-143.16 | steps=131 | track=2b689219dfb4a0586618ee7e073d8396
global_step=824288 | return=-9.06 | steps=86 | track=5381f5c94cdad117ab9d9fab050d80e3
global_step=824384 | return=-207.60 | steps=240 | track=f5c9afda0be42c78228faec1b139ceb7
global_step=824432 | return=-147.82 | steps=130 | track=996061f1b7b309892257a1c45342acf0
global_step=824448 | return=-144.93 | steps=131 | track=cdd27ff47775aab6b1883f3eae6dd470
global_step=824864 | return=-148.77 | steps=130 | track=77f37a5d696b70b0e1786e23e5fdf83d
global_step=824880 | return=-147.64 | steps=131 | track=01e0f445d6f2e06aa6c549eaf16dca40
global_step=825472 | return=-55.03 | steps=96 | track=b06b1fd6b8597c26bf51d616e816d07c
global_step=825504 | return=-153.25 | steps=131 | track=ba20eeb9a0cf4982cdd34a43cb2758c7
global_step=825536 | return=-61.29 | steps=117 | track=5183d8de1d44955d780f7b42f72f9733
global_step=825584 | return=-134.64 | steps=131 | track=7a49f5868667b4226220a6c2bde846c8
global_step=825824 | return=-140.63 | steps=131 | track=2794507df1b1d46b1890d01172217918
global_step=825904 | return=-86.44 | steps=63 | track=f27bdb45827953060b652348c991eb12
global_step=825952 | return=-151.63 | steps=131 | track=fcadbbcdd32050d8bc075133d330a5ff
global_step=825952 | return=-139.41 | steps=131 | track=cc01cb0ffcb3e576db5efe0655e154c3
global_step=826064 | return=-145.26 | steps=131 | track=51ff0032e882abb4da8445256d274de1
global_step=826400 | return=-149.91 | steps=131 | track=40f5ab68ad41a11d007ff51c29520763
global_step=826528 | return=-155.94 | steps=130 | track=967773c2c562d66efc0fb20389cd700c
global_step=826608 | return=-5.20 | steps=150 | track=38c5b7d6fd84d47fc249e027467b390e
global_step=826800 | return=-147.82 | steps=150 | track=6b36662b25ef4039c9a85bf70985cde9
global_step=826960 | return=-156.08 | steps=130 | track=135d0398c058ef8f48f7b5b3a7ca7ccd
global_step=827296 | return=-142.83 | steps=198 | track=b4805c99d2f9f3f6fb32eeaf6fea9b2a
global_step=827568 | return=-142.12 | steps=130 | track=7182e9259be5e1db6a9f16902a6fa988
global_step=827616 | return=-139.05 | steps=131 | track=0d959097fceaff56276fade1c8721328
global_step=827648 | return=-149.31 | steps=131 | track=b9fdc75b059aa06d93b4e6943da0761a
global_step=827696 | return=-146.81 | steps=131 | track=9e1c038355e04ee0767d36bdb1a4c4f3
global_step=827872 | return=14.95 | steps=66 | track=11abe933743b5230e48d1e9ef999d525
global_step=827936 | return=-133.80 | steps=131 | track=d4b3359f15201c707ac8a7a660d6086e
global_step=828016 | return=-151.48 | steps=131 | track=83c77a9771e8aac6358e9d3cdc042dab
global_step=828048 | return=-134.98 | steps=130 | track=71ab569445141447623c0ebbfba61e14
global_step=828064 | return=-155.25 | steps=131 | track=907c03f106314ef6ad84e763c79bd838
global_step=828096 | return=-115.58 | steps=92 | track=8db6e4f0c85c5506a72449eab2931915
global_step=828176 | return=-124.57 | steps=131 | track=433b9aae37eccbb8b5496489ca8398aa
global_step=828512 | return=-139.81 | steps=131 | track=0716fc7e4160a6efbff23c1d678b72ad
global_step=828720 | return=-0.23 | steps=66 | track=1c8bfc683cb941958248219cc478bb4a
global_step=828768 | return=-3.60 | steps=71 | track=640145e577a231383a1e929d9edcb087
global_step=828880 | return=-121.93 | steps=146 | track=d713559f9c601a117550fc7c761a22bb
global_step=828944 | return=49.07 | steps=85 | track=ceaa468dfdb9d25127edda9db069e315
global_step=829072 | return=-154.76 | steps=131 | track=f2898ec0d51ff36d632004fdee6bd362
global_step=829088 | return=-3.13 | steps=66 | track=573c96f27a0c85eff63f0986125ad7c4
global_step=829136 | return=-131.71 | steps=114 | track=1ad6d30cdb4df5a8542e7e52fafe9402
global_step=829632 | return=-121.44 | steps=105 | track=e6bc8758492ee3625ea2843b42be2b67
global_step=829648 | return=-60.42 | steps=43 | track=3f347627fb8d1be5bedae34e5fa6a52c
global_step=829808 | return=-136.63 | steps=131 | track=980a294eadd1d9bc3c5f968216d9bb27
global_step=829840 | return=-119.22 | steps=110 | track=7c93d7fa348651c6ed5ac1fc508dcff6
global_step=830160 | return=-142.83 | steps=131 | track=639e317cf09e52a2dfec7eb52124a254
global_step=830288 | return=-155.00 | steps=131 | track=503d8f6f029ad6e90a6de8f75bec2744
global_step=830352 | return=-194.44 | steps=368 | track=af5e4f75a7b28cb3691703fd54239386
global_step=830512 | return=-127.18 | steps=108 | track=405ef475ed257ec65d808177942ed037
global_step=830576 | return=-109.15 | steps=89 | track=a81c9abd21453263d6042ed045020696
global_step=830592 | return=-109.80 | steps=94 | track=c8f52bce1dbdcf3c0898c4e769782a1c
global_step=830608 | return=-151.58 | steps=130 | track=63195bf95d01b497761dabed15da1e24
global_step=830832 | return=-131.26 | steps=131 | track=c7fae6abba942922e121dbb025fbe5df
global_step=830928 | return=-58.56 | steps=80 | track=5579a75c56160672795118d6c3b625a0
global_step=830928 | return=12.22 | steps=67 | track=ea917853f311223d95b51fe6a6a07d86
global_step=830944 | return=-85.45 | steps=115 | track=98f59cf33dea048a4a29b6c90adcd714
global_step=831088 | return=-167.57 | steps=200 | track=cbe184f9e57544d2001e5bc9a09a148a
global_step=831136 | return=-104.21 | steps=189 | track=96b3c6c5c8605c2d6cf63a5aeb363b4d
global_step=831472 | return=-28.18 | steps=73 | track=37f798df56539b6717a6953f29353e42
global_step=831904 | return=-146.74 | steps=130 | track=b50912f13cd479ab60d4f1436ae74899
global_step=832048 | return=-102.71 | steps=89 | track=4d03258dad07f9300567c6528abea081
global_step=832112 | return=-40.27 | steps=201 | track=69a1c6d8de73d77bad4a9268aaa8daf8
global_step=832256 | return=-142.54 | steps=130 | track=d37e830a15c78323046026a3a82ca385
global_step=832624 | return=-140.13 | steps=131 | track=9e463abb98d74ff0b235c090b231f979
global_step=832688 | return=-153.71 | steps=131 | track=5516b940374e66900a0c9f2a4033b40b
global_step=832704 | return=-137.53 | steps=131 | track=68d8062b984b4406aaa063abb0485eef
global_step=832880 | return=-35.33 | steps=157 | track=716d9441cfd796011226b42210c5a278
global_step=833104 | return=-144.78 | steps=215 | track=c7694bfdcdc6080791a8a4ff2f3989b9
global_step=833248 | return=-135.21 | steps=131 | track=c602a19035e9f037c7388f6025cde25b
global_step=833488 | return=-85.15 | steps=159 | track=ac094c000d40a2290903dfb200849360
global_step=833584 | return=-147.01 | steps=131 | track=5d1b3dfed866bd1ec01dfbbc41bc34a0
global_step=833648 | return=-154.13 | steps=175 | track=79bbba048e7e85ace01a90c0dda079c8
global_step=833856 | return=-65.81 | steps=108 | track=8c09ab0767933963d97c1de7a454fa75
global_step=833984 | return=-178.14 | steps=189 | track=cff2ce458d1537cdf79f04046e50cc30
global_step=834016 | return=-141.73 | steps=131 | track=8b0283627a8ce9f530b039c8be899f60
global_step=834048 | return=-188.19 | steps=184 | track=46ac26594a1ddf8252f8f3e0ca7da4a8
global_step=834160 | return=-138.03 | steps=131 | track=77b27e55306d6a2fbbd24cd578058581
global_step=834272 | return=-56.25 | steps=72 | track=2e7768f8b81b6ece91b13a01315d9c06
global_step=834352 | return=-154.55 | steps=130 | track=e7b5406453399cc341ca29f1033331b2
global_step=834656 | return=-210.16 | steps=232 | track=5f56b2a16a11ce6630aa39ada792a749
global_step=834736 | return=-155.35 | steps=131 | track=6286aec11deed8d12c4976bb83d63ff8
global_step=834784 | return=-142.10 | steps=130 | track=21fefea2cf9e8f7894b87eba64d5085f
global_step=834816 | return=-163.09 | steps=131 | track=a5c49fdf200c38fb9646827215f9dd46
global_step=834992 | return=-149.71 | steps=131 | track=7a246eab6b7fb9aca29e5b986880bd6a
global_step=835104 | return=9.28 | steps=67 | track=02cd7979f13f61130ce39081c49aeac4
global_step=835120 | return=-31.61 | steps=66 | track=1dd99871eb0a5dc19be740ea005d1a7f
global_step=835360 | return=-168.21 | steps=131 | track=b94bf291b24668e34a096ea07a8bef48
global_step=835456 | return=-21.18 | steps=44 | track=712df58a2600da6389ad12f99b7f41b3
global_step=835584, SPS=73
global_step=835600 | return=-111.18 | steps=89 | track=412b21fff2dbd38e431bf7f028d5cba3
global_step=835600 | return=-109.98 | steps=108 | track=e18c635fa9d8eef7b9799e6f7b95bf3e
global_step=835600 | return=-138.45 | steps=131 | track=072f3fd9ac3d1542c70fa32d5fe0b4a6
global_step=835664 | return=-21.22 | steps=62 | track=1f19d029b585e52e920809668d5e27d7
global_step=835696 | return=-116.35 | steps=131 | track=9150377deaa13511a19501c9051a71fc
global_step=835760 | return=-111.86 | steps=92 | track=8686af9fd7e53ec18086cdc1a4e36e06
global_step=836016 | return=-4.53 | steps=63 | track=5ffc9cf3c6af08f1d64482f055205f40
global_step=836096 | return=-149.13 | steps=131 | track=d5f4b80b5d4f7c9caeabb804be087db6
global_step=836464 | return=-147.58 | steps=131 | track=c930d3b36f8b16c2d90f5578ebcf7d1e
global_step=836848 | return=-147.14 | steps=128 | track=0f03eee4fea7152d3dd9fe178f2a6060
global_step=836928 | return=-141.76 | steps=131 | track=0b0ff3ccb1ac2a01ce9d1006b3237f24
global_step=837216 | return=-150.35 | steps=130 | track=6474f2af71233c1a3a4d7bab12fff29c
global_step=837264 | return=-125.05 | steps=103 | track=f84f530637f25c9500f226b3fd1c8bf7
global_step=837456 | return=-145.88 | steps=130 | track=895d34fd8ccbd7206d904af3d359b1c2
global_step=837520 | return=-125.63 | steps=109 | track=a48d654219b59170bb3f12e06b0e118f
global_step=837552 | return=-57.48 | steps=152 | track=2954ac5e5aec3eb67762b1b8a1666e36
global_step=837568 | return=-138.27 | steps=131 | track=ae2bfe75bbdf5d7de0f612a4b1222f3b
global_step=837712 | return=-146.24 | steps=131 | track=7a1a216de71f2099b50ad00ba85c094b
global_step=837712 | return=-136.17 | steps=131 | track=c6343111d5743a63cad00428e768b688
global_step=837760 | return=-149.67 | steps=130 | track=e841556659b10a6f077328b226e543ee
global_step=837808 | return=-139.18 | steps=131 | track=37c6709aaf7ef838ea660514c827ae89
global_step=837952 | return=-7.70 | steps=268 | track=3715d316bb1774e201f3ee6f67990546
global_step=838128 | return=-139.41 | steps=131 | track=914755347b79d0eb0e374343813bf536
global_step=838208 | return=-140.80 | steps=131 | track=28d3bada30148bfb2ab96bc93d6dd8b3
global_step=838576 | return=-139.85 | steps=131 | track=edc690785f5fcc934f24aade6bf1ae7d
global_step=838960 | return=-142.83 | steps=131 | track=63b655f089116426d28f4547977575aa
global_step=839040 | return=-144.27 | steps=131 | track=25ba8400e09849022212911fbab5596b
global_step=839200 | return=11.09 | steps=66 | track=34af681aa9ca972cd1252cdd6d836ee2
global_step=839328 | return=-125.03 | steps=131 | track=5bbf0dd095db2c8e3c39590320d6e439
global_step=839376 | return=-144.50 | steps=131 | track=55706e0dffe5141812ec5f11f2180049
global_step=839632 | return=-130.36 | steps=131 | track=3c7acaa429fc44f89b06282b0ddf37ac
global_step=839680 | return=-146.81 | steps=131 | track=4a8e7e681dec2e966e3e4c1c5a3cad34
global_step=839760 | return=-111.39 | steps=143 | track=85704ab5771a1df07a4ea9c8247d53ce
global_step=839824 | return=-146.37 | steps=131 | track=2f02564c42fcc86736cabf1cd6dd0d88
global_step=839840 | return=-69.03 | steps=49 | track=553e41a17da750e96779f97ca2053065
global_step=839840 | return=-152.38 | steps=132 | track=3d1773349a6444609d1cb488f20adc53
global_step=839872 | return=-147.01 | steps=131 | track=51922546cffd933f670f8784334f4676
global_step=839920 | return=-148.09 | steps=131 | track=0f05fc9b09c5a5046cd6dc6a70dac676
global_step=840016 | return=-65.95 | steps=153 | track=02bcd021144474aaf2deaf4bdf3413b0
global_step=840064 | return=-133.72 | steps=131 | track=883f6ea8de4eb9a8b4a06e3d178f8017
global_step=840320 | return=-146.19 | steps=131 | track=26bf95a856edffefe47299732a307031
global_step=840320 | return=-83.48 | steps=42 | track=fd8b168693005f9871fbba4a72bfa39f
global_step=840336 | return=-19.72 | steps=62 | track=77391e0d724bb8872d34f287a3816d72
global_step=840672 | return=-138.58 | steps=130 | track=2a034088af7818dc76197cdc4e6db69e
global_step=840912 | return=-43.95 | steps=55 | track=f674fe6da52a864ac5514961e87bde8e
global_step=841072 | return=-153.99 | steps=131 | track=f79d7dca7d335013ecd58abb126b61a6
global_step=841104 | return=-8.14 | steps=64 | track=e97853efccb09a2593e439dd204c95a6
global_step=841296 | return=-138.69 | steps=130 | track=3a238f15927a3b9983a6c73f9517854d
global_step=841408 | return=-139.01 | steps=98 | track=31ffe556f12a26682d3aa9cac3bbe17c
global_step=841456 | return=38.73 | steps=69 | track=628ceb048a61ce61a0b3ef7019d3afc4
global_step=841488 | return=-140.91 | steps=131 | track=fc942b6c96b9527bab551c17fe3903f8
global_step=841776 | return=-145.89 | steps=130 | track=3866c9d33fdeb1eb71c2e0369207d4e0
global_step=841792 | return=-69.70 | steps=91 | track=b8991b63c3cce16f9f4be91c0636c94e
global_step=841872 | return=-153.34 | steps=131 | track=0d67c297bad25ab40d4bee46241add85
global_step=841936 | return=-132.53 | steps=130 | track=fc6bc2ce0690df508159d12fcbf942f6
global_step=841936 | return=-141.20 | steps=130 | track=03880a1a610b7610e3aa0cbec38102fe
global_step=841968 | return=-152.19 | steps=130 | track=463bbb7661461e4b546d576959d8af7f
global_step=842032 | return=-135.26 | steps=131 | track=a9a8c68ede2cf77e17c10c4910ed5e54
global_step=842128 | return=-4.03 | steps=65 | track=2339520f2f615ab87295a7f6198335de
global_step=842432 | return=-142.90 | steps=131 | track=27f4c28231f1ab4931e18368a1100e3f
global_step=842624 | return=-58.17 | steps=46 | track=ae82e3c0b13e723890c9ed33c6339c18
global_step=842784 | return=-134.83 | steps=131 | track=ba3e4598443be41039039f16515342e4
global_step=843024 | return=-142.93 | steps=131 | track=bf83e8cff2b018e9b262acf1080786da
global_step=843104 | return=-120.71 | steps=100 | track=9c74764dca7dfcb021e5fa601104cf0c
global_step=843216 | return=-139.56 | steps=131 | track=a79189002a1ffcf82758639473580029
global_step=843408 | return=-145.03 | steps=131 | track=e8e269295a7070d4e31c928eab0007a2
global_step=843456 | return=-14.55 | steps=63 | track=2d1d6bd301c63776b71004b3b449cd62
global_step=843456 | return=-41.80 | steps=51 | track=cb5a0dbfd34ea4694cef482a21e9e8af
global_step=843520 | return=-157.40 | steps=131 | track=5ba495430c067056b50d616adc5898ee
global_step=843552 | return=-153.00 | steps=130 | track=eef4aaa5f14f02aba40d9b1c85a7b17d
global_step=843680 | return=-60.23 | steps=118 | track=b8528c2f34cbbd724493f6b915dcaab9
global_step=843904 | return=-136.09 | steps=131 | track=c8c97fe886c9136b37cbcd5528b8f9b6
global_step=844048 | return=-146.15 | steps=131 | track=1ad830fd6b04b6dcf539b125110f8e4e
global_step=844048 | return=-144.57 | steps=131 | track=450733f2a2b38edc6ed8e1d4595c80c2
global_step=844064 | return=-144.54 | steps=130 | track=3e6350b891e9fb8ba69cca8cd0be2765
global_step=844144 | return=-98.38 | steps=131 | track=8ed542186306030acf07fe8d47cffed0
global_step=844896 | return=-139.56 | steps=131 | track=b2c56e9f469f60cec4ea27989b87690c
global_step=845088 | return=-73.65 | steps=95 | track=402bc862c8957b6c9f878c40709aaff8
global_step=845104 | return=-151.50 | steps=185 | track=69cec3bf397ae7026379b92cb008c33d
global_step=845216 | return=-123.30 | steps=131 | track=e46cb02e05ecde445a1ff64c0f862e94
global_step=845328 | return=-144.91 | steps=131 | track=572b1bc4b214581029268f4a48eb75eb
global_step=845408 | return=10.97 | steps=84 | track=824c194c435aa82bc2440982c3871707
global_step=845504 | return=-149.36 | steps=130 | track=9ccd1f9234117d5764e93c1e8e081140
global_step=845552 | return=-110.90 | steps=130 | track=ba0f66e058e79c5105b1d466b00a7ed8
global_step=845568 | return=-147.88 | steps=131 | track=c7bd327c4051785827edb1dfc614cfa1
global_step=845616 | return=-140.99 | steps=130 | track=44a8d2faa7bff4c12b11d587e1d2d53d
global_step=845792 | return=-140.07 | steps=131 | track=d182b3bcc10fbb6f6449a7ad1c92fe5d
global_step=845952 | return=-161.77 | steps=182 | track=da31bbc476a4702c157d1847172432bd
global_step=846016 | return=-162.58 | steps=131 | track=db4d49aba888701c5fc75e5f795eae00
global_step=846176 | return=-137.71 | steps=131 | track=f42ce7ac053c27ee1f7b56f6d6c6a743
global_step=846256 | return=-147.81 | steps=131 | track=df4985e816b2e5b1bf97c3af5eb8b223
global_step=846336 | return=-55.57 | steps=48 | track=341b0a7dc6e95aacf4d5c12e96420cbe
global_step=846432 | return=-5.52 | steps=63 | track=81494a98a460c839dd74f2f745fe38f6
global_step=846432 | return=-27.58 | steps=83 | track=f764183ab7c446031366785adbf5b78e
global_step=846544 | return=-31.74 | steps=155 | track=b42d3bbf1c2a18983a94460841b7ca97
global_step=846704 | return=-64.72 | steps=46 | track=05e74b902f82a12cdf2cecabb943eaad
global_step=846800 | return=-17.91 | steps=73 | track=394262cb0f34c9b491944c8e2621847d
global_step=846848 | return=-23.65 | steps=65 | track=0dc13297b7e317a2f0803f115f503aa7
global_step=846992 | return=-143.15 | steps=130 | track=39177ee9e8e924b82ad05f64de0029f7
global_step=847184 | return=3.32 | steps=52 | track=2f8910eb7abf060aa45beca18440652d
global_step=847200 | return=-144.54 | steps=130 | track=93c7cd930e388b529a8d082e0de9ecd3
global_step=847328 | return=-143.62 | steps=131 | track=f5f33c1410fdb55e44b3a939a9d20520
global_step=847600 | return=15.69 | steps=65 | track=48a7ce62af8f01b91f85f34004891717
global_step=847616 | return=-104.10 | steps=89 | track=d9347d26531d2271c5e3065d921f559e
global_step=847616 | return=-153.35 | steps=131 | track=ee5a2f50a19505745d815a81d035c207
global_step=847664 | return=-151.29 | steps=130 | track=c3afc430a9f6f5704557ddfd51936d87
global_step=848128 | return=-145.78 | steps=131 | track=76e9d9065030149a91dfec68a640ae82
global_step=848352 | return=-121.28 | steps=130 | track=bcf533e5d6f2a8e3b5be483bd14476f1
global_step=848528 | return=-160.19 | steps=130 | track=35fdb25cdb66b404f4de5654c1e52e91
global_step=848528 | return=-147.09 | steps=130 | track=1d546cd1a177b8ae1fe85fe15461d7f5
global_step=848704 | return=31.24 | steps=67 | track=9c6c4f7cd0a62f7fb560ed9d64a7872c
global_step=848816 | return=-153.11 | steps=131 | track=7ef60419f5e98db962a90c5cd271931b
global_step=849024 | return=-115.16 | steps=135 | track=464f037ecc6566cf5af9d14eb816845c
global_step=849088 | return=-141.28 | steps=130 | track=8dc5cef6056c8aa7e29b638c17699dc3
global_step=849296 | return=-144.27 | steps=131 | track=701e2d56d13cc12a08a8f98ec73a19ac
global_step=849312 | return=-154.28 | steps=131 | track=7bf71040cf225fbb0a18f1e0fec6fd40
global_step=849440 | return=-93.85 | steps=164 | track=26737c527e4c1e414e74b9632845fbf8
global_step=849440 | return=-145.69 | steps=131 | track=421a7419986f6c38cb30ca22206dd15c
global_step=850224 | return=-119.78 | steps=130 | track=45860e8293d781204429d40459369629
global_step=850240 | return=-104.75 | steps=164 | track=25abe577857f4da89e9b704ca0ea72f3
global_step=850464 | return=-153.77 | steps=131 | track=37b3ac0fae9753c05103e631794c482c
global_step=850528 | return=-72.83 | steps=89 | track=d9005b2b7e0c68e4f3f49d72c654db11
global_step=850640 | return=-130.79 | steps=331 | track=050635290021b6ac5c31aeadddb15cb2
global_step=850640 | return=-138.50 | steps=131 | track=e5ffec77b478cfbaf1bfcf44b340e2bd
global_step=850864 | return=144.22 | steps=97 | track=65e2b135e840299adc3116bf0f79fff3
global_step=850928 | return=-143.89 | steps=131 | track=ecf7304aeeb338db36d648e752c4cebf
global_step=850944 | return=-66.40 | steps=43 | track=bb1f7a4546dd9f08def24b31ada08f90
global_step=851056 | return=-140.77 | steps=146 | track=66bba820d15883ac59aece620e2183b4
global_step=851072 | return=-121.49 | steps=101 | track=ff32f6498cc3d36cc48edecdc88d2174
global_step=851104 | return=-113.55 | steps=129 | track=8dc6a1d30a5eee7ed12cd1664b0fa4e8
global_step=851552 | return=-150.92 | steps=131 | track=f0303c48d24c0c0927f622df3b8681b4
global_step=851568 | return=-160.82 | steps=246 | track=dc66bbd8e7cb7fed0404c3b49d9f3e8e
global_step=851888 | return=-74.52 | steps=84 | track=5b0e94b7131e79eb5c5ebbcaa1d522d9
global_step=851968, SPS=73
global_step=852064 | return=-133.76 | steps=171 | track=564bb5fff69604f3a28b458c239663f0
global_step=852128 | return=-22.22 | steps=65 | track=dd946d8f9cc4206169250d9c25faf17a
global_step=852320 | return=-174.20 | steps=290 | track=32d617daa61fd870207f9dd92ca20905
global_step=852336 | return=-154.99 | steps=131 | track=d1318aeaa9eecc5d6c3ef85f37da30d9
global_step=852416 | return=-75.14 | steps=91 | track=83b2de9700192cc040cb3c679732336c
global_step=852576 | return=-151.21 | steps=131 | track=cb23a0527ca6b10de22338d38fa6edb7
global_step=852736 | return=-141.46 | steps=130 | track=11dbe97f44e899b3c3eadf99d8b61ca2
global_step=852752 | return=-151.15 | steps=131 | track=36e7da9e0797e3a2eaab496fcbe3693b
global_step=852960 | return=-111.89 | steps=130 | track=2489c7f59b6257894932cb0e64aa349a
global_step=853008 | return=-4.96 | steps=89 | track=6ddfec6867fb08e412dcfddceef5d4d2
global_step=853040 | return=-147.34 | steps=123 | track=8211aabaf8dc2aaff1190b1401d215ae
global_step=853040 | return=-131.62 | steps=131 | track=071ac9eb0a6f7ede9748c66790779448
global_step=853216 | return=-140.51 | steps=131 | track=7986a4107502ada5e646b6d64dfbf613
global_step=853216 | return=-160.89 | steps=292 | track=c2e4d2532379e14277c51a6889225f66
global_step=853328 | return=-4.86 | steps=62 | track=7fc35d371cd0ca0b6a08b96364c11a16
global_step=853664 | return=-143.04 | steps=131 | track=d7a984cc499adadd06a505935c6ad47e
global_step=854096 | return=-64.91 | steps=54 | track=d66f698ec4d03a0ccc68f8f5d16ac68c
global_step=854176 | return=-138.19 | steps=131 | track=5947a748b9bfd46c2bff1df965672617
global_step=854208 | return=-20.43 | steps=72 | track=6a8aef2ed5707e520f48bd7422712e7a
global_step=854400 | return=27.02 | steps=66 | track=34973513fccfa2a9227985b48b8283ff
global_step=854448 | return=-141.73 | steps=131 | track=ac661d73e50be6cb0241eae4ded988e3
global_step=854528 | return=-141.40 | steps=131 | track=7389368526c816da1d516bae9851614a
global_step=854672 | return=-14.84 | steps=103 | track=5af8db7746f6f61d92a7a52316b4d498
global_step=854688 | return=-140.94 | steps=131 | track=ee2ae872aea4bdcac8b6e773fdbfa9b3
global_step=854704 | return=-73.18 | steps=92 | track=909798881c735938348617fa8a2527fe
global_step=854848 | return=-140.30 | steps=131 | track=2308d92c909a9e5345063adb0c5e5ca5
global_step=854864 | return=-142.90 | steps=131 | track=c4f3b410afe450123eb499ef21060447
global_step=854944 | return=-50.83 | steps=45 | track=44410bb95e5594e5705cbd851699e972
global_step=855056 | return=-145.69 | steps=130 | track=6e327f1e43bb407f6181d1d7d61b802e
global_step=855136 | return=-74.79 | steps=42 | track=281322a99ce3732bcf5ec0be06a6a612
global_step=855152 | return=-144.93 | steps=131 | track=d748fa666165ad562604476dacbfdb5c
global_step=855584 | return=-67.27 | steps=92 | track=db7ad17f883f3deadc724e0ab6c6e155
global_step=855600 | return=18.16 | steps=66 | track=9a3d9b31c2a954dfd4bdbc30614aa53d
global_step=855728 | return=-69.04 | steps=239 | track=fc574f24f049b5a5d85c12ad8b8fc934
global_step=855776 | return=-111.96 | steps=227 | track=6ffedbe65eac20ccbbd18ff7024d68cb
global_step=855776 | return=-145.00 | steps=131 | track=454d37bdf91a5fd182d535a5bb1ef132
global_step=855936 | return=12.83 | steps=66 | track=f2133541a502abef3f87d44a2f163405
global_step=856032 | return=42.69 | steps=82 | track=5027447acbeb353028025d52ad9ccbf5
global_step=856160 | return=-41.91 | steps=68 | track=e165964b528ac2340f9f01e140025e21
global_step=856224 | return=35.17 | steps=67 | track=e2ad8f9aaa074f76fdaf05d678fb383c
global_step=856272 | return=-134.90 | steps=130 | track=903b5199ece30d0d4db8107b8bab0b8c
global_step=856352 | return=-71.14 | steps=93 | track=453ead5707fcc451073c6ed4d63ffad5
global_step=857056 | return=-136.49 | steps=131 | track=35944c902e5bc6865b5af8a924e672eb
global_step=857200 | return=-36.95 | steps=157 | track=391a3bda6c7b444532f2f10a2116dc07
global_step=857696 | return=-151.01 | steps=131 | track=9a50f89d5cd3c65b47076d6cb96d8827
global_step=857712 | return=-141.06 | steps=131 | track=b9ec086d9f1b15d242f93b91b72289a9
global_step=857744 | return=-121.98 | steps=122 | track=75a35ec72cc89f66d2acf49036a2f999
global_step=857888 | return=-149.11 | steps=131 | track=0f569ffc1c462c7b1d73bf9ba86a82d2
global_step=858224 | return=-34.69 | steps=136 | track=678ebf854822232b012ff750f13b4d05
global_step=858240 | return=9.26 | steps=64 | track=53991d3a0f74dbf5bd630868c2b0db1a
global_step=858240 | return=-89.06 | steps=143 | track=23a5dd25dcdb8014183ba1966df3a2b4
global_step=858336 | return=-133.36 | steps=131 | track=a97dc1a358b197374530145975eb718d
global_step=858384 | return=-135.10 | steps=131 | track=6252d00f4a3174109c4cc228c783ce2a
global_step=858784 | return=-50.85 | steps=151 | track=c9f12c64d777da4511aeb11a026742cf
global_step=858832 | return=22.67 | steps=69 | track=4975ef93923abc36f499c7463cd25f29
global_step=858832 | return=-145.30 | steps=276 | track=57b4783808256c4d6a80ce7dee283e4f
global_step=858832 | return=-218.01 | steps=258 | track=e2cfddde678581e1e8fc411bbe35d002
global_step=859168 | return=-152.36 | steps=131 | track=9e554b1de0cd5405ef98fae75edc35d4
global_step=859472 | return=15.04 | steps=70 | track=86d7090216b1118c8164cad70c12b79e
global_step=859536 | return=-172.21 | steps=210 | track=9c694f73361a39b0999c015ada185e7b
global_step=859808 | return=-143.25 | steps=131 | track=7ffc3440fb105de66509d57d465690db
global_step=859856 | return=-146.29 | steps=131 | track=695ae4bfcef59c8889bec3b14e40fbd4
global_step=859856 | return=-111.04 | steps=100 | track=390a8e8b14c71d88b153182a9f9c416d
global_step=859984 | return=-143.79 | steps=130 | track=a780a0c44ced6134481b8fffe790b894
global_step=860336 | return=-47.37 | steps=323 | track=4839a37ba872734ba5931b25f7f949c0
global_step=860336 | return=-148.03 | steps=131 | track=60f57b4b95cc1e8519e34b730eab0eb3
global_step=860352 | return=-142.41 | steps=131 | track=972700b79489b7768439ffaee2576669
global_step=860352 | return=-50.13 | steps=288 | track=b50223d207de91fc8c2feeaaeb96028b
global_step=860496 | return=-137.96 | steps=131 | track=991814079165acdb1374a5f6d8162b95
global_step=860848 | return=-18.43 | steps=61 | track=9113b0d059847a709fc6dbef12d2d990
global_step=860896 | return=-142.00 | steps=131 | track=4fa5024feb27eae17a03fe9652f6b049
global_step=860944 | return=-151.41 | steps=131 | track=603d97c2637a67cf485aa562a44e6c3f
global_step=860944 | return=-147.13 | steps=131 | track=259aea2c2813260fc9b93c7fac7ad258
global_step=861136 | return=10.67 | steps=71 | track=bb4a0aa42caf4666e3930da6b4153dc9
global_step=861280 | return=-153.07 | steps=131 | track=1acf5acb8e96bae024fba8e9f3c128fc
global_step=861344 | return=-13.29 | steps=61 | track=c992ec221ba40cb7c9d5f903ae3db00a
global_step=861360 | return=-99.39 | steps=96 | track=f84ff73d4eb298fa9bd40ba402fedaf4
global_step=861536 | return=-44.55 | steps=73 | track=314f002e173f6f98e7fb078315bf9d0f
global_step=861568 | return=-152.19 | steps=130 | track=e8e068feba407dc7656328bc3263ae10
global_step=861632 | return=-137.00 | steps=130 | track=7ed3b02fbffd0fb6c2ceae17a3088025
global_step=861968 | return=-130.49 | steps=131 | track=3df4ac6a87e88a980a4a8ea520d38100
global_step=862000 | return=-36.43 | steps=65 | track=8baaff61f682168f04813d7ce460272e
global_step=862064 | return=-47.06 | steps=44 | track=47a62f8d614ecaa44a4a3429cc9674a4
global_step=862208 | return=-131.01 | steps=116 | track=f845ec055d2691ef80dde72d6e19b45f
global_step=862448 | return=-147.24 | steps=131 | track=1654a2133d5f391e4529e66ae817eb4d
global_step=862608 | return=-141.73 | steps=131 | track=0e114bcc40e32eb70ec2754d93486740
global_step=862944 | return=-131.76 | steps=130 | track=a92ed5d29e37e4112b558e0a4c7ecb7f
global_step=862992 | return=-143.03 | steps=130 | track=0b2f545a13855af392492054cbe073c7
global_step=863072 | return=-138.03 | steps=132 | track=ae847e729394c185b924a0541d7581a3
global_step=863248 | return=-142.81 | steps=131 | track=6bc980117d548e06feb4222522b2a851
global_step=863296 | return=-47.37 | steps=76 | track=756d204ded969c767f9e748caa23da39
global_step=863472 | return=-135.86 | steps=131 | track=5a766fd0e3ae448483afca156eff93c5
global_step=863472 | return=-119.60 | steps=136 | track=7478bb347b8672d13f38811736eb9db9
global_step=863600 | return=-163.25 | steps=297 | track=6b723369bed47e61889ffc62df7f98e3
global_step=863968 | return=-125.95 | steps=149 | track=cd11d3c83ab5c2cebf76b4bb492d5ca9
global_step=863968 | return=-104.26 | steps=145 | track=b5e880798e1a813ac03a237bd24dee8a
global_step=864064 | return=-154.28 | steps=130 | track=9f3555751f8d057a082277d7cf7c0afa
global_step=864112 | return=-143.59 | steps=131 | track=3936818d7c2224155e6c3986d78921f8
global_step=864144 | return=-37.14 | steps=66 | track=6f72090647a30a9ca847a5e250876206
global_step=864320 | return=-143.83 | steps=131 | track=392ed60b204caf9a37f92466385f4215
global_step=864544 | return=-157.98 | steps=130 | track=033094407d170c5ce424678aebb84310
global_step=864592 | return=-197.83 | steps=190 | track=984fb4abb4714be83754ccedd3578974
global_step=864704 | return=-149.90 | steps=130 | track=83de84d400d20e041ab9996ae740cb82
global_step=865056 | return=-6.73 | steps=67 | track=2445d816b509cc472a6e388c701c863e
global_step=865056 | return=-144.49 | steps=131 | track=84096417d4035d7f01ee9c558ca68bf7
global_step=865088 | return=-160.47 | steps=130 | track=ea51221bb1ef43111b1de3302086acce
global_step=865280 | return=-65.47 | steps=42 | track=72921f7a445322232addf221c99dd74d
global_step=865360 | return=-144.49 | steps=131 | track=69cb199da9143ad9a478fa2241b3fb38
global_step=865408 | return=-132.20 | steps=131 | track=50dcf6340ed9ef7042cf91a8dfd876cf
global_step=865568 | return=-143.38 | steps=130 | track=79ee2aa2e61d549b295658ddb84ce8d0
global_step=865584 | return=-120.63 | steps=131 | track=9ebc181018961e9cf895e39fc82a1496
global_step=865616 | return=-37.67 | steps=91 | track=3398b614654a07023c09d15cb57dc645
global_step=865712 | return=-134.97 | steps=131 | track=4952acdea9f80872df3063330f741db7
global_step=866080 | return=-148.34 | steps=131 | track=fdc19d22ef2a49b455253a34ab82a39d
global_step=866208 | return=-162.95 | steps=130 | track=4b997f445d44c2951f73f894cae0e43a
global_step=866432 | return=-136.17 | steps=131 | track=93e9cb71ee49b96980579ab6ac1a2fcd
global_step=866528 | return=-102.60 | steps=89 | track=ba71f8192f52eac417e702a8424b2213
global_step=866592 | return=-20.62 | steps=76 | track=b348e7aa46ebe715ec678fd54c61c52f
global_step=866640 | return=-30.31 | steps=66 | track=502da0c50b5a6641b8a4e25b754423ef
global_step=866656 | return=-140.60 | steps=131 | track=064321b09a92728c17659f3ef0b41212
global_step=866720 | return=-25.76 | steps=62 | track=8687b9b98367bacc2177a173f1f4829a
global_step=866816 | return=-144.12 | steps=131 | track=231e9cd4789376ab6346ff90d48bb33e
global_step=867392 | return=-145.26 | steps=131 | track=ec1136905d0cc596376ee60dc978150d
global_step=867408 | return=-102.70 | steps=146 | track=b19acc6f1800fd52d8bcd7d111078887
global_step=867424 | return=-53.99 | steps=47 | track=14bc04aec58eaabed838ea91bd5dd917
global_step=867520 | return=-148.39 | steps=131 | track=0e04552045dfed02b9a046789f3f777c
global_step=867696 | return=-132.75 | steps=131 | track=18d52a1b65fa2646fb8845135b983d5c
global_step=867728 | return=-144.05 | steps=131 | track=1e80bd3a0187f44bb922072ce9bf63e0
global_step=868144 | return=-118.36 | steps=100 | track=9e25c10b809d4468c20f52e87516971e
global_step=868192 | return=-138.94 | steps=131 | track=26e499d9566332f9761057040a31988f
global_step=868304 | return=-133.33 | steps=130 | track=caa4f656018744aed1f5095e12042039
global_step=868352 | return=-192.62 | steps=267 | track=eec39887d147e6b0d148d9700a12a49d
global_step=868352, SPS=73
global_step=868496 | return=-82.68 | steps=49 | track=7586fb44754f39099467d59c86fc365f
global_step=868512 | return=-38.66 | steps=67 | track=b285ce4dca2bb38fc56a41d9e1ace297
global_step=868560 | return=-122.29 | steps=132 | track=292e216bd7fb31eea6dc98dea781d58c
global_step=868800 | return=-124.79 | steps=134 | track=33a1a4b210a4dc483d1487bb046b12f1
global_step=868832 | return=-136.40 | steps=131 | track=c01de479dc9e0988e6f0599af4bbcffc
global_step=868928 | return=-147.67 | steps=131 | track=90535f977a986d4e6844feacfcf882a8
global_step=869040 | return=-54.82 | steps=152 | track=3b94804e09a7ea337b06729d1dd19dad
global_step=869184 | return=-64.53 | steps=54 | track=6e2166a2742165074a67a23206d53a0b
global_step=869360 | return=-21.01 | steps=101 | track=2988492e45e055fc77a14d256026e953
global_step=869488 | return=-141.49 | steps=130 | track=051cbe899caee793bb48d882645424bd
global_step=869504 | return=-142.42 | steps=130 | track=9673db2be08b0b34f63b432a5304120e
global_step=869568 | return=-55.51 | steps=65 | track=0a12de8e4532bcfb6d376d19d48aca73
global_step=869584 | return=-224.57 | steps=282 | track=b7b926545d6fa4a6eca972c5e60edd83
global_step=869632 | return=-143.61 | steps=131 | track=ee349cfc3ca5a7201496bfb7abc96297
global_step=870256 | return=-138.70 | steps=131 | track=9131bf071d272d22515be8b4a4348660
global_step=870304 | return=-137.80 | steps=131 | track=ccec19d421a79ce76f361aa60ff842fe
global_step=870464 | return=-148.15 | steps=131 | track=50024c344f46db3bf33553248e55b6da
global_step=870544 | return=-31.86 | steps=73 | track=d0ba70f4042126f520e1303d58d47a7c
global_step=870608 | return=-145.60 | steps=131 | track=913ea8074f147fbc39dbf8321bf74231
global_step=870656 | return=-16.13 | steps=63 | track=a22f643f5c74e37ded42f028d9b10d8c
global_step=870656 | return=-137.91 | steps=130 | track=2f1715e615ba02169baa141c54fab184
global_step=870912 | return=-138.41 | steps=131 | track=c5de13885dc9c951ca28c6a2dae223e5
global_step=870944 | return=-152.18 | steps=131 | track=c620e64e0cc947d80674294480bd6635
global_step=871136 | return=-151.37 | steps=130 | track=baf3b7bdbbea3254e09773b3c6697e2c
global_step=871216 | return=-121.64 | steps=101 | track=18c0edeeab1aa734d77c8737fe00f1dc
global_step=871424 | return=-92.09 | steps=139 | track=a006884ab6d45622b2c2bb414df6bccf
global_step=871584 | return=-146.70 | steps=130 | track=693415dcf8bc9809e8c7700061bea384
global_step=871696 | return=-143.51 | steps=132 | track=111d9e44699288f6317d4e9e3ad6a3b2
global_step=872304 | return=-145.16 | steps=127 | track=5375226f79e7023c7d9a9a6798586769
global_step=872416 | return=-147.36 | steps=131 | track=c31c5e01874d60f6ece1e6999674ea95
global_step=872576 | return=-148.09 | steps=131 | track=48413f1f4135f2a867079f750c8f8c05
global_step=872608 | return=-110.64 | steps=105 | track=57ac6094697ab743e77062bdddeffa20
global_step=872656 | return=-135.86 | steps=131 | track=ca246d8657fd0cc1e182a9185ac6fc1d
global_step=872688 | return=25.98 | steps=68 | track=25a19bf6047a5290494ce6bfaac1fbb2
global_step=872720 | return=-147.81 | steps=131 | track=d6342fcfc0dd1366f7af5d55296a5626
global_step=872768 | return=-138.50 | steps=131 | track=780671c5f574360292f3e1f24ca96cc7
global_step=872784 | return=-17.46 | steps=132 | track=754773ee57e104949e651a9171eb993c
global_step=873040 | return=-143.34 | steps=130 | track=7acec565e8ba62ff46fe281351e4229b
global_step=873248 | return=-150.26 | steps=131 | track=f53675136c10043eb743ee9e4f887720
global_step=873328 | return=-160.21 | steps=131 | track=25e37fa2ae35ea8d8b1266143407cec5
global_step=873440 | return=-43.44 | steps=281 | track=f07a2f141082937144a981e1155b303c
global_step=873536 | return=-143.86 | steps=131 | track=907c9282be876feb35c4a9d75b9a8a27
global_step=873680 | return=11.03 | steps=66 | track=8532dd209e3c7ed736d61e98c621045c
global_step=873808 | return=-149.91 | steps=131 | track=c54fe4fef292c883b23f7b65aaabf4b0
global_step=873840 | return=-206.31 | steps=270 | track=302fd89b2219a40fd9bdbcc5ec1e29b7
global_step=874688 | return=62.42 | steps=84 | track=b0b23d050aaf92614e8208c1bfc4969e
global_step=874768 | return=-142.04 | steps=131 | track=9e7bad20f6bccb61bb59ca9ed2d56c24
global_step=874800 | return=-138.27 | steps=131 | track=dd9791d19e94097ab56c075ae339274c
global_step=874912 | return=-152.04 | steps=132 | track=a0898c3e316614dbba7f5ad5a680cc3a
global_step=875024 | return=-110.73 | steps=92 | track=60347d33f5f5e44358a133b6bd80da52
global_step=875152 | return=-135.46 | steps=131 | track=f85ad9dc1233fd6339f5abca8d8000a3
global_step=875360 | return=-125.90 | steps=131 | track=6f78b2a8aed83c1dd3726c03dd7aa5a7
global_step=875552 | return=-135.37 | steps=131 | track=0cd0431c4018987502f7e1e89075b4ed
global_step=875792 | return=39.38 | steps=123 | track=7cf0b2e5a13449421df63cf3689f3173
global_step=875920 | return=-138.43 | steps=218 | track=c904358787b72fd9c4768ce5896d5676
global_step=875952 | return=-142.70 | steps=131 | track=f25e0c2953a1e2bcbe8e3c005ae9ccde
global_step=876032 | return=-15.29 | steps=62 | track=2bed1e7eb7a08846a367d3f9cd850a46
global_step=876288 | return=-88.01 | steps=222 | track=1494c9a3d17bee437576808f570eaeaf
global_step=876416 | return=-209.29 | steps=227 | track=6b83c8adf6de1185363a1fe05b6a65dc
global_step=876560 | return=-53.42 | steps=102 | track=9d1d782f8d5feae67cedd7b8479d3cc2
global_step=876752 | return=-246.87 | steps=260 | track=b45bd8111c3c365318d65877fcdbeed7
global_step=876784 | return=-152.40 | steps=130 | track=6ed2a13bbdbea2a263d6eafc51c8e158
global_step=876912 | return=-140.60 | steps=131 | track=55e888580d0eb9333d09cc083a03c157
global_step=876976 | return=-24.95 | steps=63 | track=67afca52463e3a40dbd04452c924fa4c
global_step=877168 | return=-71.57 | steps=46 | track=a2e8237085df1cb994b3d89ee9cbda58
global_step=877232 | return=-26.41 | steps=307 | track=e66dd57d92b16010d1fe35b57d957156
global_step=877248 | return=-138.47 | steps=130 | track=ea4ff37adeb4edbd66ee8988aee04f1e
global_step=877248 | return=-125.12 | steps=154 | track=4eb41a4dea293531caed37a7f2e8c0ea
global_step=877488 | return=-153.40 | steps=132 | track=1f86f0b497fc84ddb3c679bdcd019665
global_step=877664 | return=-221.38 | steps=248 | track=aa0bc20e2335eff4255e53767710b27f
global_step=877664 | return=-155.21 | steps=131 | track=e7ba9dde9c8cf4f123314ba5cd1e96da
global_step=877712 | return=-123.80 | steps=104 | track=bfb20e7268ae05e8841fde47a4c5969b
global_step=877760 | return=-2.74 | steps=62 | track=9a82e3b89c9efda9c7b5ee525079b2b5
global_step=877808 | return=-33.45 | steps=51 | track=fb37bcd4af683b394e2ec7f35a82c345
global_step=877888 | return=-151.28 | steps=130 | track=069cc8f1f2a02db49f771a978dcb952b
global_step=878256 | return=-6.11 | steps=83 | track=62b8a84f783ba980a33384b0added178
global_step=878384 | return=-134.04 | steps=130 | track=e6d1ee18a45c3c9e7546e494583447c4
global_step=878416 | return=-35.65 | steps=155 | track=cfebea29610181111b443f30d65e80ab
global_step=878896 | return=-144.80 | steps=131 | track=bf59aa99fbb67c223e04336f16a8739c
global_step=878912 | return=-77.51 | steps=146 | track=cc14e368a872215e59ecab8c09177145
global_step=878992 | return=-1.92 | steps=68 | track=c80404e16abd4e9c32b6630c81c4cfdc
global_step=879280 | return=-153.25 | steps=131 | track=cbb5d0d669bde53d92ce48f3ade46f91
global_step=879360 | return=-149.93 | steps=131 | track=35ba569c8bbf4f54ff5471632f3e42c9
global_step=879360 | return=-139.66 | steps=131 | track=ef6922f49c15ad569f2f712f3019da8b
global_step=879488 | return=38.48 | steps=68 | track=f52409afa481a6f862920df9e3b15969
global_step=879600 | return=-145.51 | steps=131 | track=8828c33259f4042705934fc474c99c5e
global_step=879616 | return=-65.03 | steps=43 | track=c3094c700982ce1bd270f96703127f66
global_step=879680 | return=-22.66 | steps=152 | track=ac7fa953cae8e186947d2d0b5a108c39
global_step=879760 | return=-162.08 | steps=130 | track=91de9d3a15abe0c65b4b1381f5dd7793
global_step=879776 | return=-142.00 | steps=131 | track=489723383d46b1447f381df2cca00f5c
global_step=879824 | return=-145.11 | steps=131 | track=5ea7aeabdb96ecbb808f683708f3465c
global_step=879872 | return=-149.91 | steps=131 | track=d46ea6bcb6f4f4f9c5cb53ed4f386903
global_step=879920 | return=-157.71 | steps=131 | track=f19308bcef069aaa30454c751d91809c
global_step=880400 | return=7.01 | steps=64 | track=c2cda31d64a6829479c82670f6108b7d
global_step=880704 | return=23.45 | steps=68 | track=4a83c9ec70518015db14392896229a9d
global_step=880800 | return=-55.01 | steps=63 | track=821682bb3942ac022ae02295dd351178
global_step=880800 | return=194.64 | steps=158 | track=3d4dd3d250c189b3acd0f60f97ecf282
global_step=880864 | return=-7.24 | steps=68 | track=5c5e57f2ceedd14f98993146a9b21a7f
global_step=881088 | return=-153.72 | steps=130 | track=03990da3578a47742ac1563646c6ee22
global_step=881200 | return=-96.70 | steps=143 | track=cc9cb9303667ff3d4bafc82ab40ea09e
global_step=881472 | return=-141.95 | steps=131 | track=8c157b46bebe225ad34e7fed6ba0b024
global_step=881552 | return=-94.50 | steps=141 | track=a1b185f0227cbe06967b72f49f786e4f
global_step=881600 | return=-103.19 | steps=131 | track=f4d949b455bd3ccd12df65f470efdf1c
global_step=881712 | return=-159.13 | steps=130 | track=3f408df8fc8484b8f95a857d667b6f5c
global_step=881776 | return=-3.28 | steps=66 | track=ae2974bce0c7bc5715133d143076e1ef
global_step=881776 | return=-136.37 | steps=130 | track=5c49e1978fd47e2ff7d12bb51b301b99
global_step=881856 | return=-205.43 | steps=214 | track=a954353c477b9af4db8a8c84ade89d22
global_step=881936 | return=-142.99 | steps=131 | track=4c7d0d22b570026526e5e24a87f02aca
global_step=882016 | return=-149.00 | steps=130 | track=44d368f339c947899f600ad64a4a1fff
global_step=882240 | return=-50.10 | steps=42 | track=4bd4ea3a82970bc22fe4e28337bc3736
global_step=882480 | return=-12.63 | steps=62 | track=47ae132646b437e5219015c95a148dd0
global_step=882736 | return=-5.60 | steps=145 | track=9cbe38e35b07cf7fa73dc7f1a887218a
global_step=882864 | return=-68.01 | steps=67 | track=b4425d4bc64104a7e3ac2d4644d71f42
global_step=882944 | return=-2.02 | steps=83 | track=7230c552e10d4ce89d1b2066650f2869
global_step=883152 | return=-73.18 | steps=70 | track=dfae9ba744eea8e6fe6a7bd0bfa42603
global_step=883200 | return=-135.10 | steps=131 | track=41dc7cee019b456a384cd5f08217fdc5
global_step=883376 | return=22.24 | steps=160 | track=b1fce6c2fe1a3acb3dc68765d9a51420
global_step=883568 | return=-77.94 | steps=147 | track=c1b414c03f13db5c7c6e05fa8b580ebb
global_step=883776 | return=-112.80 | steps=95 | track=cc129c6790c332353bd05d0e2a208217
global_step=883808 | return=-141.46 | steps=130 | track=9588e923444a15b69a1119452d713f1e
global_step=883856 | return=-94.18 | steps=69 | track=3a947f0bea96f737cb7652804f39c7eb
global_step=883888 | return=-143.25 | steps=131 | track=007ec7c7fb9b865972dc358b4fba2237
global_step=883968 | return=-139.63 | steps=131 | track=79fc53b42632d36d8fbba59bc6437d1a
global_step=884048 | return=-135.63 | steps=198 | track=ead21d3001c1c9da8e3dee28226a04a2
global_step=884048 | return=-160.94 | steps=131 | track=8532ada891694039c3e0a37889050f11
global_step=884256 | return=-115.70 | steps=215 | track=1cb843db79f73a9f5ada5f7941d1a221
global_step=884496 | return=7.65 | steps=69 | track=ae4278d8871560f05b47704723cf3b86
global_step=884592 | return=-140.60 | steps=131 | track=33de9aa205a67b592c60e1cf53106b98
global_step=884736 | return=-43.00 | steps=95 | track=efea59bcdd726e18acf13231b8ebfee0
global_step=884736, SPS=73
global_step=884976 | return=-118.70 | steps=131 | track=8f475b44f0ead70eb51eb98b837b1eb3
global_step=885056 | return=-144.71 | steps=131 | track=61ab886a7d86fa50085afa5720510828
global_step=885264 | return=-152.90 | steps=131 | track=05180fd0c345e397417667db1873787b
global_step=885280 | return=-58.28 | steps=91 | track=b556f3f5222cd43ddf04a95d50c5ccf3
global_step=885440 | return=-60.81 | steps=103 | track=a62e55cd300f45a06c82d2d18a5e45b8
global_step=885440 | return=52.24 | steps=347 | track=d0acfdc1dfc14614a45375eeced22dc9
global_step=885952 | return=-80.41 | steps=123 | track=891f44937c529f977a12be808c837f9d
global_step=885968 | return=-126.90 | steps=131 | track=4b16cda21ec3b4d61c76bf2c6dc174e0
global_step=885984 | return=-150.16 | steps=130 | track=52b5acd8b97fb305526f86499e27832d
global_step=886160 | return=-137.96 | steps=131 | track=13b4f4e482e58a96d5851fb0f7bd5e1f
global_step=886224 | return=-114.23 | steps=135 | track=b420d68b543a4a997e7d8390aa32af79
global_step=886368 | return=-144.26 | steps=131 | track=4411e5f70714db69c8e94d3cde376466
global_step=886384 | return=-3.64 | steps=69 | track=2f04f8052ae4595107ea8443e392a77d
global_step=886608 | return=-124.49 | steps=131 | track=58db0212e90000193985f862dde44cc6
global_step=886704 | return=-140.37 | steps=131 | track=7602fe04e0839f8c4965174a5483c56f
global_step=886848 | return=-135.60 | steps=131 | track=5a1bd61a3e1c841c1701b00f41b57aa0
global_step=886928 | return=-133.68 | steps=116 | track=a5462da615dc8c28691c70866be4e739
global_step=887040 | return=-79.01 | steps=216 | track=9716280a944947298221180f60f9726a
global_step=887072 | return=12.65 | steps=67 | track=194bcafcf5d5dac36aa73374ca43db33
global_step=887088 | return=-134.64 | steps=131 | track=3e8af043eb49e19cb7f8e75b7a98faf8
global_step=887200 | return=1.29 | steps=64 | track=1fc5af9558afc9c9055c7e44b3064f36
global_step=887392 | return=-148.29 | steps=131 | track=234716861627b01bf35a500aa148e7e8
global_step=887552 | return=-148.77 | steps=131 | track=b54306e5747e5dbc16097203a743de05
global_step=887552 | return=-149.51 | steps=131 | track=0ad0257457f90ac489bea2a1130060dc
global_step=887712 | return=11.43 | steps=68 | track=c46a2f100ff047ce9b7d20d538a2acdf
global_step=888064 | return=-166.32 | steps=130 | track=ac5db1a19e7d64a8db027241ce501092
global_step=888064 | return=-144.50 | steps=131 | track=ad3bca8fc5c6d28dbdd7ece40602fddf
global_step=888336 | return=-122.47 | steps=131 | track=9cc8ead0d22ae4ff310c5f7cf926c346
global_step=888480 | return=-143.77 | steps=130 | track=21928d839fa6ae0b1f681237849a8636
global_step=888480 | return=-154.33 | steps=131 | track=ba791e93fae5625dee805b925b0e42b4
global_step=888784 | return=-120.53 | steps=108 | track=16724c66156ac22a96e71915ce183dfe
global_step=888816 | return=-130.39 | steps=131 | track=5c933418f6f79acc3ff80ffac471774e
global_step=888944 | return=-142.52 | steps=130 | track=64d03efa1bfba9b772731c51e9f18fec
global_step=888960 | return=28.81 | steps=97 | track=6c5df5a2d97fce3ef9e4b3860603e56d
global_step=889184 | return=-142.70 | steps=131 | track=8521963a3ea2a73cccb6a7488bfa607b
global_step=889200 | return=-145.33 | steps=131 | track=6abba74fa20ebd6e9045f37a2ea1097e
global_step=889472 | return=-98.82 | steps=141 | track=d594540c3a805be355e003c342c31762
global_step=889824 | return=-143.80 | steps=131 | track=546ffd7df4e027d09717636572ce9cbf
global_step=889984 | return=-22.85 | steps=48 | track=736038dbd62c61d8244b9ca4455b1757
global_step=890224 | return=-61.81 | steps=46 | track=b4c3e9157a8ae3724fb9c445b9688ad7
global_step=890336 | return=-108.33 | steps=86 | track=b633a96df96bd8fdc3e9b64627fb26c0
global_step=890576 | return=-146.51 | steps=188 | track=91ff56e6ec36b81bb0c2f149ec56e7bb
global_step=890592 | return=-141.51 | steps=131 | track=451bdb6a941c04cb9523edd14c56c085
global_step=890752 | return=-84.10 | steps=150 | track=9d50bbf540daf1c9eb10ea21c2ca3a75
global_step=890768 | return=-49.03 | steps=48 | track=e360df3a0581ef9fd265048abea6bea2
global_step=890768 | return=-71.86 | steps=168 | track=de7b556e841afa0632ad3ffdf07a7c16
global_step=891072 | return=-147.10 | steps=131 | track=5fad64b4234aac8f3423b411464a17f2
global_step=891104 | return=-145.51 | steps=221 | track=d1f22b9a5c372265ed4c18405048e109
global_step=891248 | return=-148.62 | steps=269 | track=cf99e4608fcfa7e443640130002bcba0
global_step=891488 | return=-162.14 | steps=213 | track=5ab9a9ac6256424bd5bfde60e1307e95
global_step=891792 | return=29.45 | steps=206 | track=d3742f50dd8362564c67fae037c36021
global_step=891936 | return=-140.51 | steps=131 | track=f1eac79aeaa0871a06593a9094552e61
global_step=892096 | return=-144.36 | steps=206 | track=efa5abc031b08f4fb015253feaa39715
global_step=892624 | return=-83.35 | steps=142 | track=73656a9a398acc93aaf6416b8f460bd2
global_step=892688 | return=-157.36 | steps=131 | track=bd7e2253e728b6ed561d1260d40e5c11
global_step=892832 | return=-168.68 | steps=129 | track=5cb252946e836155ba27055e4dd2cabb
global_step=892880 | return=-39.74 | steps=230 | track=fe15b7979bab56350dfedfb56b2f28fa
global_step=893232 | return=-116.51 | steps=153 | track=4dcfda5fb02e302b477d7eeb7ec7f9f3
global_step=893328 | return=-147.59 | steps=170 | track=4696df0924362aa1ea59ae517476fb28
global_step=893360 | return=-147.45 | steps=131 | track=f3547ebd8d72fad252d70b92d5759105
global_step=893408 | return=-33.00 | steps=143 | track=ae1d6df6ba40dbb58a37fc45c812cec6
global_step=893488 | return=-44.89 | steps=150 | track=d50c004589ab94e80a877d4412afc037
global_step=893504 | return=32.96 | steps=106 | track=b8d2bb032fa6b3bdb45623e45230eff3
global_step=893536 | return=-33.93 | steps=43 | track=d14daf50a162934dca82a59b881130dc
global_step=893600 | return=-141.06 | steps=131 | track=ea6095934ddb6ce8864ec60858a78552
global_step=893632 | return=9.83 | steps=212 | track=f2c90718240b80a14a601d79fefcb7f9
global_step=894080 | return=-67.24 | steps=41 | track=ee6b3d6e581017de16d3fffcbe3dd55b
global_step=894288 | return=-111.91 | steps=136 | track=f0638ef515c9f3fd056a9632d249a847
global_step=894384 | return=-21.39 | steps=63 | track=57190e622202c4c8fb9a8573c8dc835d
global_step=894400 | return=-50.51 | steps=66 | track=40a35e54c5f8e0d6b5f30a6e5026b6f9
global_step=894560 | return=-184.69 | steps=236 | track=dfe6026008d0216c35ff93bdc78239bb
global_step=894608 | return=17.45 | steps=66 | track=cb4110a6f1f5cff56267f2b2ba85c08f
global_step=894752 | return=136.60 | steps=175 | track=b3a058d458b7f47b6a6d38db728dde26
global_step=894800 | return=-135.36 | steps=131 | track=7fa4d0f95908f5d3d724f0508d0228fa
global_step=894912 | return=-47.33 | steps=81 | track=9ec409c2afb2d8db06e88564a0f51e38
global_step=895152 | return=28.19 | steps=66 | track=ff3d4224596f086e27b4b1100e21703c
global_step=895328 | return=-1.98 | steps=64 | track=5b0bb94d9e79277108d7486f5c810672
global_step=895344 | return=-141.52 | steps=131 | track=e33738774f0b6faf0c12f65f1e5f813c
global_step=895600 | return=-140.94 | steps=131 | track=7d877f60dc4837e91f1b8e788d6d27b8
global_step=895728 | return=-146.10 | steps=130 | track=138d01f5cdf3f98535f082d8da4d0063
global_step=895920 | return=-255.78 | steps=443 | track=33d25c4d788375011fd251042cee5a40
global_step=896112 | return=-74.70 | steps=201 | track=7587edcdfb9970aba9c916b49abb3cd6
global_step=896512 | return=-156.41 | steps=131 | track=4113beba48ea9ba5778d84e08bcfb082
global_step=896624 | return=-78.14 | steps=125 | track=d489ced9f933ab770fb0462b6a97f02a
global_step=896672 | return=-140.73 | steps=131 | track=a37f0e636ac62a92de0bac49587108c4
global_step=896848 | return=-108.90 | steps=105 | track=18718a532beba304f57b63661dbdceeb
global_step=896864 | return=-133.00 | steps=131 | track=d9d9edd3516ae9255ce3295ba2afd184
global_step=896864 | return=-52.76 | steps=154 | track=327c3e185f49d6dc55a1d874d43b42e6
global_step=896896 | return=-129.06 | steps=130 | track=c287fdea09eca1e0ded61011bcc0ee04
global_step=897040 | return=-158.81 | steps=132 | track=3c0d5a0f74ab017869d96da1eb235206
global_step=897280 | return=-235.27 | steps=290 | track=fedf5f0d2440af98c942123464688809
global_step=897392 | return=-65.08 | steps=44 | track=ea5ef7ded0ec0a3964fff838717801d3
global_step=897424 | return=-144.00 | steps=130 | track=b9b5ae6eebcf0e09f4f459b88ca5affe
global_step=897456 | return=-160.41 | steps=131 | track=fa5c8a9f246e162fe73215a578b0b7bf
global_step=897712 | return=-143.41 | steps=131 | track=5d5f0784b903cde5d4676a16efe98565
global_step=897824 | return=-156.31 | steps=130 | track=9223a988023494fad8172e1b90adf2c6
global_step=897904 | return=-11.71 | steps=64 | track=f6a2637ecbef3ae51789162f35648181
global_step=898032 | return=-65.71 | steps=94 | track=6877fb178d0a3e8258c4c497423b40d2
global_step=898144 | return=17.88 | steps=68 | track=474caabc71c9d1e3e17cb8bf306a57c6
global_step=898224 | return=-138.45 | steps=131 | track=5fa73e9f8ca7e8289e841d7d2650c641
global_step=898224 | return=-199.65 | steps=294 | track=5a53f1f3dfc90439d8c8f65ac25dd258
global_step=898736 | return=-141.91 | steps=131 | track=58a0960d620131a5f87c50579365164c
global_step=898816 | return=-30.89 | steps=68 | track=112bf4f806575e0dd249e7e0ee2b03ac
global_step=898960 | return=-143.16 | steps=131 | track=126521cc0d61d46ab83b4c3f1fb0fb11
global_step=898960 | return=-7.60 | steps=45 | track=513ea4b80e0ffc0914ee6ea1492877ac
global_step=898960 | return=-137.08 | steps=130 | track=abd3d23872cf47fa7018fc80e5f404ff
global_step=899408 | return=-142.66 | steps=132 | track=f2610a168c93152a2ce5d4503f175fc4
global_step=899504 | return=-155.00 | steps=131 | track=b7d59967490c8983069d0c0bc91db447
global_step=899536 | return=-142.20 | steps=131 | track=ec4d221feefbb8a0204e95597292a2b6
global_step=899792 | return=-164.69 | steps=241 | track=6a276b40f99a3bef3fb73c74bfa9cc0b
global_step=899888 | return=-104.58 | steps=151 | track=a7916002b537179104d75d6deaf13f65
global_step=899936 | return=-136.69 | steps=131 | track=25c73825f57f44d92e6c2798cebf48c4
global_step=900016 | return=18.60 | steps=65 | track=495c3061bb4deec1d1ce08f0e0190813
global_step=900016 | return=-137.08 | steps=131 | track=dd1d6b3b015881b6893bb38994e28b0e
global_step=900256 | return=-148.09 | steps=131 | track=3fe300bc075834f787136b707c9bd2cb
global_step=900336 | return=-156.70 | steps=131 | track=4f5ae16ffaf1b968bf9a127d8f116e67
global_step=900512 | return=-53.19 | steps=154 | track=0949f89dfb801a223789d839b585e137
global_step=900768 | return=-62.51 | steps=46 | track=f655f9593bb004e21ace3ee776dd37f7
global_step=900848 | return=-119.18 | steps=131 | track=67715105573e7ac959fcc6bee1c7e9e2
global_step=900944 | return=-145.98 | steps=132 | track=6c6381aa904f3e38d249ab2e4ffdff11
global_step=901056 | return=18.85 | steps=69 | track=0d8919f7eea7c211debce12c4e1afd0b
global_step=901072 | return=-143.04 | steps=131 | track=a5e3cb09798849e7465746726c386f1d
global_step=901120, SPS=73
global_step=901600 | return=-133.81 | steps=130 | track=1413a025973748fd86a94c03f899d7ab
global_step=901664 | return=24.98 | steps=71 | track=04133c4e888013919d92668ef37ff0a8
global_step=901888 | return=-151.30 | steps=130 | track=ea1608252542931edb2f5798388938f9
global_step=902128 | return=-151.21 | steps=131 | track=4434b2e59c36b303946953997f5a2adb
global_step=902192 | return=-267.13 | steps=330 | track=7cbfb96a5d422cc07e50b7592b8bce1c
global_step=902320 | return=-95.36 | steps=151 | track=7d17c00d15622f9e8c77d30fe14d4d89
global_step=902368 | return=-137.71 | steps=131 | track=192583fb17d8d90de2a22e7a1f3501ef
global_step=902448 | return=-150.10 | steps=131 | track=155cf50d54f3463910589255b166650f
global_step=902544 | return=-160.42 | steps=223 | track=34a4d5668a0e65731b714aca55516176
global_step=902688 | return=-45.93 | steps=49 | track=fa94c6690fec4ed25cf08ff141df05b5
global_step=902800 | return=-88.98 | steps=211 | track=2b3657a7034006d85384f67f4cc47495
global_step=902880 | return=-151.25 | steps=131 | track=fcf4d3da412a03a9850940699041480c
global_step=902960 | return=-146.67 | steps=131 | track=709c06ef1c043b13b0ac3f212ce9525e
global_step=903040 | return=-145.22 | steps=130 | track=d7d2ce1a0457ba7164fa4bfa0173b06d
global_step=903152 | return=-151.46 | steps=130 | track=ed6678e00eb1379be713402720d633fe
global_step=903184 | return=-145.31 | steps=131 | track=aaa2f3c49b4a729c3a9aa3db4300211c
global_step=903408 | return=-96.53 | steps=67 | track=9062488d639b4f2eae5f9141ed37e9e0
global_step=903712 | return=-146.11 | steps=131 | track=9ec76de9fa5d47d79c53d148d2c1a57f
global_step=903936 | return=-210.36 | steps=274 | track=e14be0ffa5349263fde2f8f7cee64cfc
global_step=903984 | return=-116.95 | steps=144 | track=a3528a988ea72b4c6adb1b7890f91c6d
global_step=904176 | return=-20.20 | steps=61 | track=fcf90f7b2dbdb03948728f9e45e59862
global_step=904240 | return=-154.11 | steps=131 | track=408ed05e25b02a6a460938509400f46a
global_step=904304 | return=-133.26 | steps=131 | track=411e5a5274cff3b50047d639ecb55377
global_step=904320 | return=-9.35 | steps=79 | track=43912e679ca9a6d882abc484bdc522eb
global_step=904464 | return=-142.97 | steps=130 | track=b2ad82f0cbd8785249d328b5e791b333
global_step=904560 | return=-95.47 | steps=131 | track=fe52061a68d7c5cbe5b3cfaac4f51022
global_step=904800 | return=-145.33 | steps=131 | track=860ece49cd6157558d4974a549dba8bd
global_step=904848 | return=-105.01 | steps=89 | track=3d9517fe6d491b98d06fecaa357abba6
global_step=904912 | return=-130.65 | steps=131 | track=99251e4d8028a38b69d4cf308ec3eef8
global_step=904944 | return=-74.01 | steps=149 | track=e373fcae667250382f10ead2e59ce5cb
global_step=905072 | return=-148.24 | steps=131 | track=06a7c77f86505e5ef9937889a06b0452
global_step=905200 | return=-60.60 | steps=45 | track=2e4da4fe142943cdfb220ba1d76bec90
global_step=905744 | return=-122.90 | steps=109 | track=bce619cb08c21544fd1c60d682b0d3ac
global_step=905760 | return=-104.40 | steps=89 | track=e3e58ddf3038f96266b75002c05267d8
global_step=905824 | return=-144.09 | steps=131 | track=ca42851f0cdb106f319eb8425a04dcc4
global_step=906048 | return=-154.82 | steps=131 | track=7a4343437c3da4008ba034b1c6f2533b
global_step=906160 | return=-119.36 | steps=99 | track=ba98f2c56a4c87b98cf89f293a6de493
global_step=906288 | return=-142.17 | steps=131 | track=8fa0cd8a45a6680299181220d93e60c9
global_step=906352 | return=-152.49 | steps=131 | track=b1da305eb5b3ac948c8e4ae57217aec8
global_step=906416 | return=-140.06 | steps=131 | track=b8a8cbbf60220883637343a3781bbb03
global_step=906640 | return=-87.20 | steps=89 | track=6fa10e2853fa7255d24c08b227350c7f
global_step=907024 | return=-138.96 | steps=131 | track=52059970fd16957edc627bbf0620878d
global_step=907056 | return=-135.65 | steps=131 | track=f51c8e33b6e27f158e8d2b0074badebb
global_step=907184 | return=-139.57 | steps=131 | track=5a99a1b8a5ac8a49a1427b5f8be62366
global_step=907344 | return=-91.37 | steps=158 | track=fff68052d8c6050ea1e49898d421ae1e
global_step=907488 | return=-3.04 | steps=66 | track=8f2d9ad72da27afc30f9a85368c48a57
global_step=907504 | return=-156.87 | steps=288 | track=f4d7e34dbe83e5f2ee87e25ffeb9f9f7
global_step=907808 | return=-47.13 | steps=46 | track=2a54e4ee07111efb86c5d33e3b12e558
global_step=907920 | return=-136.27 | steps=130 | track=553999d220f6105a135d2d77cf69558f
global_step=908144 | return=-110.33 | steps=149 | track=76506878821e8933a8ac6303dbc58137
global_step=908224 | return=-187.48 | steps=210 | track=3fb726a5d510aa31ebd845ac61d80478
global_step=908256 | return=-146.40 | steps=130 | track=97b19e3680dc3b27ebafc06e1790edd6
global_step=908368 | return=-150.58 | steps=144 | track=bae531b99981706d2264cc02046286ba
global_step=908400 | return=-135.00 | steps=131 | track=3f342ad75d81b37662652a4ab17ab2b6
global_step=908496 | return=-48.72 | steps=71 | track=8b53cfb45627894a7f33d66c06dda84f
global_step=908560 | return=1.43 | steps=65 | track=8690e329416d56ece6bb8f9ce8efe7bf
global_step=908672 | return=170.50 | steps=181 | track=5c9b39d3cf4de291de33f2f1ba2d2a10
global_step=908960 | return=-58.23 | steps=43 | track=2c72518a583c4581cab571b21328a2b5
global_step=909008 | return=-13.74 | steps=74 | track=9d3072606ebf5bcf5cca9b9ab88426b8
global_step=909024 | return=-112.36 | steps=366 | track=ea1792f839a8747bc5d85f9b4f294fb5
global_step=909136 | return=-78.72 | steps=173 | track=6dea445c8541f2a1490eab9b8f735ae5
global_step=909200 | return=-139.82 | steps=159 | track=674d30d8e1d6d93e73935fe60eac9da1
global_step=909296 | return=-143.16 | steps=131 | track=33751626d510991d0862c99fab87146f
global_step=909504 | return=-53.09 | steps=154 | track=beae22c5cc86665783b0539809e176df
global_step=909584 | return=-137.73 | steps=130 | track=3b4ddbf86b00914cebf660821a4e1541
global_step=909664 | return=31.83 | steps=68 | track=427aaa6081c55ad44c40767c7189c9ab
global_step=909984 | return=-150.72 | steps=128 | track=6773f0cdce840e44c9fb42057108f356
global_step=910256 | return=-144.71 | steps=131 | track=29da273086269444299c5f9fb1008edb
global_step=910336 | return=-137.56 | steps=131 | track=01986146e59f1bc1a7442c25ff61f583
global_step=910432 | return=-78.41 | steps=91 | track=392e0c706f22d69ec76ddf8edf7db360
global_step=910480 | return=-151.21 | steps=131 | track=aed0ac5a7240362ef6aec3f1a9d9ab4c
global_step=910496 | return=-133.91 | steps=130 | track=3428a898b92808fbba18b20c429e658d
global_step=910592 | return=-154.92 | steps=130 | track=cc1f9931150809d617d9f705e5666b5c
global_step=910784 | return=-145.00 | steps=131 | track=fd9abaf8555bba1f7d9e0c27b9771720
global_step=910832 | return=-116.91 | steps=101 | track=bdf0dcc71f25715d8723bcfc762d3fbd
global_step=911248 | return=-126.97 | steps=108 | track=746a69373304001a9dece64cdfe6e3a0
global_step=911248 | return=-137.80 | steps=131 | track=bdd2d8a97e0246e2cf884761c2a65526
global_step=911344 | return=-105.30 | steps=144 | track=fd52481e4bad15c28f1b6c84e917f752
global_step=911408 | return=-153.73 | steps=131 | track=89659ff30b396d2594966d70bf3824f9
global_step=911536 | return=18.75 | steps=68 | track=1d8f347c7c960db130b5f33b88c29ef5
global_step=911600 | return=-37.25 | steps=161 | track=eee7f41e3b4526aa0be211c497a27c67
global_step=911696 | return=-146.48 | steps=131 | track=8e09df294115078f7159e56fd3399e08
global_step=911840 | return=-9.46 | steps=62 | track=bc7de7c636ef672d374dcdd7eadfbb31
global_step=912000 | return=-83.94 | steps=145 | track=4eaf812eb346ca256f5423904569fa44
global_step=912096 | return=-142.23 | steps=131 | track=3db5bea8d5e876bb92b96b47d70ff493
global_step=912288 | return=-4.07 | steps=64 | track=a83802ad43cc5e90dfdc24ec5e1f0b7d
global_step=912368 | return=-166.11 | steps=131 | track=a9f7db86820c212ad96c47a3da5a33bf
global_step=912464 | return=-112.76 | steps=122 | track=599f5307fd07e5164f139fb9619958f6
global_step=912592 | return=-150.80 | steps=131 | track=4896eec0a77065b6339bffe70352667b
global_step=912768 | return=-105.07 | steps=88 | track=400fa3c965c36aca3a612aea7ce99b3c
global_step=913136 | return=-67.50 | steps=146 | track=bfa232aba0ca8d49bde902906046f813
global_step=913360 | return=-138.27 | steps=131 | track=6c4d0e807d94dc7064a1bcf173902bf1
global_step=913520 | return=-138.50 | steps=131 | track=97b9c11c6e47ba9580cea1db45606a60
global_step=913600 | return=-12.90 | steps=62 | track=30db21baaf96da3b828eb16000ba0a25
global_step=913712 | return=-137.53 | steps=131 | track=71ae7c40d142204b0a16f4167c8669b9
global_step=913808 | return=-157.45 | steps=131 | track=60325bf4d5d9af83fbf7fa1a72462e89
global_step=913952 | return=-146.60 | steps=131 | track=72b4052938dc85baac1445efddb8cb04
global_step=914000 | return=-62.06 | steps=153 | track=829cad4d06303b393da3ef96325bbf0c
global_step=914112 | return=-92.50 | steps=235 | track=f15fea067c2f1f637399bce4d44d162b
global_step=914400 | return=-145.51 | steps=131 | track=cb0555d6e975171c86d180366f5895c2
global_step=914400 | return=-85.08 | steps=143 | track=3f6cdbaefcf3e5b2a466de65e81d9c2f
global_step=914432 | return=20.32 | steps=66 | track=916076938c7cf172fbfa6e9bb10cdf40
global_step=914432 | return=-126.27 | steps=151 | track=7b51984acf683cb484a84c6e3acad17e
global_step=914480 | return=-144.71 | steps=131 | track=0f6b6e4b50dd1f85df0aec3bc168daa9
global_step=914560 | return=-149.97 | steps=130 | track=8176035e86fd05189a789866792dee8f
global_step=914656 | return=9.16 | steps=253 | track=70aa685c1414f913e14fba860d93d738
global_step=914832 | return=0.59 | steps=76 | track=7be9791f8f105ff42dea1aa95660e276
global_step=914880 | return=-138.79 | steps=131 | track=6152c5d773a7561ea70eeb8545a7999c
global_step=915184 | return=-31.59 | steps=43 | track=bb570af70746af957e1ecd79d7eaa683
global_step=915200 | return=24.01 | steps=67 | track=fadcfd272e0ad455bad6b42f95eb4752
global_step=915232 | return=-150.91 | steps=130 | track=5270b69ec18b848a6e5d99d22482a7f6
global_step=915472 | return=-7.76 | steps=64 | track=83398f33ed4ff3ec9e00f3d407682224
global_step=915632 | return=-133.80 | steps=131 | track=1dfb5b5eebcc4da4a46efed9c8ed354e
global_step=915824 | return=-47.89 | steps=131 | track=02f120c4e2ebe25a82e7c470cf1e2606
global_step=916064 | return=-136.40 | steps=131 | track=60d1a389152cd0ead9fcef9171b15a4e
global_step=916112 | return=-145.35 | steps=131 | track=a83aef0b3ae789f1be29309f82d81b3b
global_step=916160 | return=-93.37 | steps=60 | track=3f3b00f14c501cb7f05781e5fd1ceee9
global_step=916256 | return=-79.01 | steps=152 | track=705ab7a2caa166a02feed4549f823ec0
global_step=916432 | return=-24.67 | steps=74 | track=f047404c256eeea7b7da81ee77019b0d
global_step=916512 | return=-151.01 | steps=131 | track=d5e68ee07c575feaf950367e90c7d681
global_step=916512 | return=-118.48 | steps=131 | track=c65a636dcbb6a94b123156c8ffb8fda5
global_step=916544 | return=-112.12 | steps=131 | track=27b5bb8e38c2340d8550a5201c962d56
global_step=916672 | return=-137.70 | steps=131 | track=f4de80957f1e8eaadc0b09eb6711d5a0
global_step=916768 | return=-146.60 | steps=131 | track=01fd0ae08396840a029fad810f707b8b
global_step=916912 | return=-113.70 | steps=89 | track=16ebe6ca40859ed237b5c60d3df3381c
global_step=916944 | return=-146.67 | steps=131 | track=7fad9ee7c62cf7c3313c06a4198b0aeb
global_step=916976 | return=-144.40 | steps=130 | track=eaec0f07e647f5677c3dd4fcd4c80faa
global_step=917232 | return=-20.94 | steps=87 | track=5cbbbe9876b9a24288222109f8f1101e
global_step=917312 | return=-141.58 | steps=131 | track=436770176ac45653b920bc8a72d60997
global_step=917504, SPS=73
global_step=917536 | return=33.32 | steps=85 | track=4db5fb59bf043feb53f2d3561ccd4e0c
global_step=917744 | return=-136.11 | steps=131 | track=63c5bbf84b7437516d05784625dba6a4
global_step=917936 | return=-114.94 | steps=104 | track=9cec4550b744c5e6cef00491b3388bb5
global_step=918224 | return=-140.94 | steps=131 | track=ac31ed1e889e85b2280de698bbdf819f
global_step=918304 | return=-87.44 | steps=95 | track=bfb1bcb113c4e13d651a731b1222a584
global_step=918432 | return=-84.18 | steps=55 | track=d188d41d4ab4db3ec5fc64e3bcd6c19f
global_step=918448 | return=-166.45 | steps=148 | track=66c5e870fc1ad56791032b3aec7b14d1
global_step=918544 | return=-140.91 | steps=131 | track=c6cd50ddbeb75b7e751d8f06f55ab40a
global_step=918624 | return=-147.98 | steps=131 | track=926a542759ad9f7a3bb02c60718168d4
global_step=918640 | return=5.46 | steps=82 | track=de52fcc364f4122a6b6f5f4b4ab20e67
global_step=918784 | return=-130.49 | steps=131 | track=54c714e3fe58970f1fb318ca7286a4f8
global_step=918880 | return=-43.14 | steps=145 | track=8861c3ac376b24f93a4676c54990e85c
global_step=919024 | return=-136.17 | steps=131 | track=4d9e4dc5362d5582fe19408530ad52b1
global_step=919040 | return=-138.06 | steps=130 | track=f57c4ff4c1680081d5280684f540dcc4
global_step=919088 | return=-136.17 | steps=131 | track=229d51c6767de476ddb0dea1994424d8
global_step=919152 | return=32.35 | steps=75 | track=3d7285433c8c0eae0bd92b2b8cb2f23f
global_step=919344 | return=-141.84 | steps=131 | track=05e3b7f61e2ee8791563f840fb55c35a
global_step=919424 | return=-51.45 | steps=104 | track=86019e7413cf0db12746d18fd566af52
global_step=919440 | return=-4.25 | steps=62 | track=0bb7f05ed0c84566b2f7be7865cad241
global_step=919568 | return=-56.11 | steps=42 | track=b28ce1ed020ed69430d067c0f393a876
global_step=919584 | return=-26.90 | steps=79 | track=e305fe9614e5b8534f526dd4e8414f08
global_step=919792 | return=-84.28 | steps=97 | track=b08384ec485e8a63455ff12fe8e15f18
global_step=919808 | return=-143.00 | steps=205 | track=a7d536a421a9485d1bc1c0056fa8b70f
global_step=919952 | return=68.50 | steps=72 | track=69d398351b5d1e1e5a8d4a66d6d05a6a
global_step=920528 | return=-7.57 | steps=67 | track=ad9d5720380c080ece9619f496572a65
global_step=920576 | return=-74.85 | steps=62 | track=b407f5b276d81bb40c9326fa201089a1
global_step=920640 | return=-120.63 | steps=136 | track=dc3ccf40ff01a257dca236faa6e87c1b
global_step=920704 | return=-99.80 | steps=134 | track=c499cf68c3314626ec5a45dff322a412
global_step=920736 | return=-131.03 | steps=131 | track=8e0194ec1c4161be3fad138bee3c3e5f
global_step=920848 | return=-19.49 | steps=64 | track=e319c0da362486fca9febffbf5d41c1b
global_step=921136 | return=-144.19 | steps=131 | track=3c8a8ef5b244494f6706eeb98aac9084
global_step=921136 | return=-114.27 | steps=130 | track=39f0237d3fbeecee235ea25beeb76e9a
global_step=921200 | return=-150.30 | steps=131 | track=08ccfb653f638ef3bbdde4066ff15f3a
global_step=921264 | return=-139.18 | steps=131 | track=b31bb9f8c3bbd6e0dbb6c56400bd5621
global_step=921440 | return=-145.01 | steps=130 | track=1507ab1a482b11ffdf6d5a38cfa5f3fb
global_step=921536 | return=-147.61 | steps=131 | track=8e4aec937084104b2c4e297ffa844275
global_step=921680 | return=10.95 | steps=64 | track=b72ed3069305eaa2c8e629b9f24677fc
global_step=921696 | return=-145.26 | steps=131 | track=0f31d88a454efeb6eb2673305b9ae99c
global_step=921904 | return=-143.41 | steps=131 | track=3fddd7e7d5c81b339af78be26949c156
global_step=922064 | return=-140.80 | steps=131 | track=349a6a403845f0b3862706dca46ef312
global_step=922224 | return=-58.42 | steps=48 | track=abfbcf0e13f4522aa10f29399e25f4b2
global_step=922240 | return=-60.59 | steps=43 | track=9ad39da2d715b89014fe52a335a984d6
global_step=922688 | return=-144.50 | steps=131 | track=67281928b07e739d63c739897b5291f9
global_step=922816 | return=-159.55 | steps=131 | track=9734c762275ba73903bebd0fd603a049
global_step=922848 | return=-149.55 | steps=131 | track=412dede57186fa7f95dcdf512f0f43fb
global_step=922960 | return=-139.27 | steps=131 | track=e923103cf583a4b5cfc31efd69e27cef
global_step=923072 | return=8.09 | steps=85 | track=061d0e89eefbd4f8d04d9268e180cb81
global_step=923088 | return=-142.70 | steps=277 | track=41d42f47bcaed101519f3613e8a9ea2c
global_step=923184 | return=-68.44 | steps=93 | track=b0cded303a45681d9b73ebd379a6c5c9
global_step=923216 | return=-86.78 | steps=61 | track=b47849ff6a94812d066e38ad712ad23e
global_step=923248 | return=-138.48 | steps=131 | track=1180bcd6b797c663298b3c075a292b61
global_step=923248 | return=-115.09 | steps=131 | track=76bb71d94114b7869d3bd7461d02bdac
global_step=923296 | return=-4.02 | steps=65 | track=61504a31fae9d92de49486726c3dcce9
global_step=923296 | return=-144.08 | steps=130 | track=002af172663d6cf87609d19abe6419bf
global_step=923376 | return=-135.60 | steps=131 | track=88271a3f3deba2d658ca4da1ce3e5cd3
global_step=923632 | return=-109.58 | steps=97 | track=1e67ad732a0e2025245bef6f6bf94515
global_step=923888 | return=5.82 | steps=64 | track=c9bd485b452a865674fb7a31da97a51e
global_step=924016 | return=-125.11 | steps=131 | track=9c54f0e49b912540d83a223311f90f35
global_step=924048 | return=-73.36 | steps=41 | track=f645c0c4eafefeeeebaa0dbd7b0d1a7c
global_step=924096 | return=-28.65 | steps=62 | track=eca24df63869c62ca9cba1b53b3afe2f
global_step=924160 | return=-35.85 | steps=56 | track=58af32d78b14cd30eee018f3af768525
global_step=924384 | return=-125.12 | steps=105 | track=f9f93370a736b9e8c40452edd1d0c983
global_step=924928 | return=-132.73 | steps=131 | track=fd952246dd220368ed0a909c65656385
global_step=925152 | return=-123.00 | steps=129 | track=723b3eeabb6a7cd26a23332d65f7d0df
global_step=925328 | return=-139.18 | steps=131 | track=5c04211ea9153f3fd865d22a3869d8c5
global_step=925360 | return=-147.70 | steps=131 | track=ac776226bb35a3f13f688d2045c31571
global_step=925392 | return=-147.29 | steps=130 | track=3e7206f6f9f401ac2b74062bcd45eb7c
global_step=925408 | return=-136.35 | steps=131 | track=8f7c399acc8d354b68a59e85b7de25f0
global_step=925728 | return=-90.20 | steps=130 | track=b76f46542e4cf81e7815e8222b385bd0
global_step=925872 | return=-53.72 | steps=123 | track=ecb78e978e6754e3cba4f97a0b9db962
global_step=926016 | return=-103.32 | steps=124 | track=f53aa2939231dcf2309d7041b2d163b4
global_step=926144 | return=-11.01 | steps=46 | track=696dd2dea103e8518b0b952575ccc311
global_step=926160 | return=-151.87 | steps=131 | track=0e193f1240920ee77c4ec56dc3c6cb8d
global_step=926208 | return=-144.80 | steps=131 | track=2c11d244f646b8676cb0506ea58fa1f0
global_step=926272 | return=-132.66 | steps=131 | track=12b232ff920a944ab7851b160ff399d5
global_step=926400 | return=-50.30 | steps=41 | track=24a03c59ace3f52561ce7d67e2a9d4f3
global_step=926480 | return=-211.43 | steps=219 | track=faa162d778b62ff46e80c321a8cc1bb5
global_step=926496 | return=-139.42 | steps=131 | track=0ce558f3c6a1ac79e443a130116ac26e
global_step=926528 | return=-39.72 | steps=72 | track=0cd949abe81d5ae4fde902d24df4ab00
global_step=926816 | return=-122.65 | steps=226 | track=10787005c2bfd7350d7b0f425739111b
global_step=927328 | return=-2.90 | steps=65 | track=a6c2e665ffbed529ff4358c07af237f6
global_step=927344 | return=-109.16 | steps=120 | track=d422ba61234a08cec964d9a6f399404e
global_step=927408 | return=-51.34 | steps=57 | track=7df7ae5e5e9e854d061b7ca3995e4df4
global_step=927488 | return=-88.18 | steps=145 | track=ca68ec1283e0674ce2cafb98a0acc9a3
global_step=927488 | return=-104.84 | steps=91 | track=3bb626ee746b11e15d3e018606dbb377
global_step=927840 | return=-52.08 | steps=156 | track=03136414994e802a66fb28d05d82d4ea
global_step=927872 | return=-130.97 | steps=183 | track=c1e71e82873a7603d1ea55329744d7c1
global_step=927920 | return=-119.95 | steps=110 | track=a98ffec70efce2f13c607c41d7f12785
global_step=927984 | return=-145.14 | steps=131 | track=b3982e8a855249477c6f70f66a56fd04
global_step=928272 | return=-139.85 | steps=131 | track=8d84aad98f89ea69d84a74bce2719e20
global_step=928288 | return=-103.20 | steps=484 | track=241a7f3363b627da64ad2fa72d847cfa
global_step=928304 | return=-166.65 | steps=130 | track=96d3d1b5838b8e34dc137cfe565c8c5d
global_step=928608 | return=-138.48 | steps=131 | track=f5264e22e3656043eac2fcefda5300c0
global_step=928640 | return=-147.04 | steps=131 | track=7fd2831a4165695dfce15b6d9f292adf
global_step=928928 | return=-144.33 | steps=131 | track=88c438873d112a9cff79afb8b4284d8d
global_step=929440 | return=-148.70 | steps=131 | track=bdba6ac541040c56ad3b9c9d626cb5a1
global_step=929440 | return=-122.31 | steps=97 | track=06c65bf87944d185f2924ab5c6e39d85
global_step=929584 | return=-133.33 | steps=130 | track=eae08a992538b3dcba0b2f814815b0f2
global_step=929648 | return=-84.93 | steps=143 | track=c550cfd501a27f540bc3b81619720970
global_step=929664 | return=-114.52 | steps=108 | track=d1b2b3368a8ee18e7150d0a429b9f9f6
global_step=929936 | return=-156.48 | steps=130 | track=6b2f35991b696cb9c6645175baefba2a
global_step=930016 | return=-158.29 | steps=225 | track=5f645eef24d3a5d9559f8a27df38dd76
global_step=930048 | return=-106.12 | steps=89 | track=19df8069e1e284ba978b9abaf94eb66d
global_step=930368 | return=-154.87 | steps=130 | track=ff1761280f6a60b427ab49c9c1e3a1c6
global_step=930384 | return=-150.94 | steps=130 | track=d831e81ec83adbe9a397061e9f3d480a
global_step=930416 | return=-70.26 | steps=151 | track=09aaf72f21b689e19d3d854addbed56b
global_step=930416 | return=-143.47 | steps=131 | track=f3fb82ca84e76c7cc7fb00bdba410a41
global_step=930560 | return=-25.53 | steps=69 | track=413b43c1dc106b5620fc2bf75e1345c9
global_step=930720 | return=-124.92 | steps=129 | track=dd0be20b25eeeaea59ea0b857f014075
global_step=931040 | return=-136.17 | steps=131 | track=e28d8512de7cde2f2abdd0fd0f82d522
global_step=931328 | return=-166.61 | steps=239 | track=c74c1dd9dc2819a6b84e031fe6bd3bd1
global_step=931696 | return=-32.56 | steps=60 | track=d4ca50eaebed4dde582cc5c5343704ec
global_step=931696 | return=-142.20 | steps=131 | track=70576b4347b7601c94afc83a62beb9d7
global_step=931712 | return=-38.28 | steps=71 | track=c4274e32ded00f94664a8b86accabab2
global_step=931744 | return=-148.74 | steps=130 | track=d00e2333f274ded7cf456f408157bf89
global_step=931760 | return=-244.69 | steps=271 | track=d38fe0612e8ad944e6b47f7d7c6371c8
global_step=932000 | return=-56.26 | steps=145 | track=4b1b24f81d3c81bc91d5bddd67b7dc3b
global_step=932048 | return=-145.35 | steps=131 | track=46a0214d264a7c4d279bd348197e74e3
global_step=932128 | return=-135.26 | steps=131 | track=1ed9a1c93f14934340472554bb2d47b1
global_step=932480 | return=-162.11 | steps=131 | track=834db1e0a52a289ae4964179711ccc70
global_step=932496 | return=-151.81 | steps=131 | track=3ef3eb35a39cd7064b5bd853589bff1e
global_step=932528 | return=-152.20 | steps=131 | track=54655445c0ce2c7bcb3bf542a05cdec8
global_step=932544 | return=-137.58 | steps=132 | track=4edc323a7d5ab989c06a57af360b4715
global_step=933152 | return=-136.17 | steps=131 | track=fa5288887929eb77f3f3486a4587b5df
global_step=933168 | return=-114.22 | steps=90 | track=b250f7e23906c5b143e0eff14c505102
global_step=933552 | return=-178.20 | steps=218 | track=3f316803ffad81b8fb895eb263033d39
global_step=933760 | return=-235.30 | steps=269 | track=63686ba44603f2c64a34ddf64639225e
global_step=933808 | return=-147.81 | steps=131 | track=1dcd9c7ab01be0b1ddd611a492bcd291
global_step=933808 | return=-142.09 | steps=131 | track=db79e230ba1bce9e13ccbd8e546c50fb
global_step=933856 | return=-137.32 | steps=131 | track=65b63172b3339af6d4c8330d069a25b9
global_step=933872 | return=-135.70 | steps=131 | track=4b737179819107e01caa344c0bcdd8c9
global_step=933888, SPS=73
global_step=933984 | return=208.66 | steps=120 | track=b61eac461f84d823a1f1a958cdc99f41
global_step=934096 | return=-141.90 | steps=130 | track=2c573d3c06f0737a8768edd434c5b44a
global_step=934240 | return=-148.70 | steps=131 | track=1521de0e404216db321fbf0325c248d6
global_step=934512 | return=-21.04 | steps=122 | track=3da2411bb222e33d100aa2512e7c5d9c
global_step=934592 | return=-139.27 | steps=131 | track=75bbe57cec4ebb5023d22939a32718d8
global_step=934640 | return=-142.70 | steps=131 | track=7c48be509414b308c55189231fcfd390
global_step=934784 | return=-62.42 | steps=142 | track=a26924a235307bcff4935a08f56d2a63
global_step=934864 | return=-3.72 | steps=65 | track=e1159e5b3b7dc75f01ef71f6b990da43
global_step=934960 | return=-141.31 | steps=226 | track=c11e9c573c48f5b4b9d1e1ccafb71927
global_step=935248 | return=-151.46 | steps=130 | track=404525bf4278ed2671607602a8013938
global_step=935280 | return=-145.48 | steps=131 | track=36ff58e7fc27ec9feac8e4909139fd23
global_step=935520 | return=-80.95 | steps=95 | track=5a44cc2811a0a724b96eb124a6ca9ea9
global_step=935664 | return=-152.01 | steps=131 | track=d4cf2700753cac4408a815771fc93ce4
global_step=935872 | return=-137.20 | steps=131 | track=a5c5ee0d7b8cfdd835a2d86da93b8822
global_step=935920 | return=-140.51 | steps=131 | track=7519c28c6228d46067f3678f4511f20e
global_step=935968 | return=-156.38 | steps=131 | track=09c8a5e96109b1b6b468b59753542bfc
global_step=935984 | return=-147.01 | steps=131 | track=8d42d4d9fffc3f45895c8829ca3282eb
global_step=936208 | return=-110.67 | steps=131 | track=a9c3cf7a26cc2522dfcfac090dcfe115
global_step=936368 | return=-153.28 | steps=132 | track=48d741999db661d067d62cc4d93f69b8
global_step=936384 | return=-29.99 | steps=70 | track=b76f0596a839139083ce5fcd8caeb36b
global_step=936704 | return=-136.11 | steps=131 | track=c0ba00467c20cc75d8db2b30ee930707
global_step=936880 | return=-141.44 | steps=130 | track=b56b82659cfda92beb80bd3631701ca1
global_step=936960 | return=-147.68 | steps=130 | track=814ab2b8eed84f73fdae778a82fa0658
global_step=936992 | return=-10.97 | steps=62 | track=eb4e56e265c0fe9f1fd1075a04c15d19
global_step=937072 | return=-131.34 | steps=131 | track=42e0a52e39c1249b0e4a038fc1b6c8b7
global_step=937120 | return=-105.54 | steps=90 | track=ed8ce073351c0cde00e663764cf38d5e
global_step=937264 | return=-124.63 | steps=163 | track=ed7bfc251b11e4327be75cc9b3466c0d
global_step=937280 | return=-144.13 | steps=172 | track=15fc00c595f3425f0f4e5915ad41cf46
global_step=937312 | return=-111.51 | steps=89 | track=a4e998656b67423d042ea4775de43e62
global_step=937328 | return=-130.81 | steps=84 | track=702aea315bb9a9063d3cf02d6998954d
global_step=937392 | return=-131.66 | steps=131 | track=b5e5de9b40f7c631828f9f9d81046f3c
global_step=937616 | return=-148.81 | steps=130 | track=5503db99d3de4fef19e2c7646c4ff16b
global_step=937712 | return=-54.96 | steps=46 | track=732ae0b8d304a493e80bd1712eb24c89
global_step=937824 | return=-49.17 | steps=46 | track=02babde75fafab0774a015c8451c09d2
global_step=938016 | return=-146.64 | steps=130 | track=6af3122539993cc426d91e0d8bd56f2f
global_step=938128 | return=-119.77 | steps=109 | track=97a787931b7575ad9a817ca6ce50dd76
global_step=938240 | return=-27.79 | steps=52 | track=eda03258e8d5cda895006ac32505dd72
global_step=938336 | return=7.95 | steps=65 | track=2ecb6de00ac617d73be26fe446e7e737
global_step=938336 | return=12.03 | steps=66 | track=84102027c6e796cda6f34a57f8c6cc0c
global_step=938496 | return=-130.25 | steps=131 | track=aabfed65c0cc2c9022daf4d3a6e283cf
global_step=938800 | return=-141.32 | steps=130 | track=917e8a78253c487aea6a5985681aa128
global_step=939056 | return=-5.02 | steps=135 | track=ae7af4e50083c8ba54671213fb580108
global_step=939072 | return=-68.97 | steps=45 | track=d3acffb98aa917ecba84b7f0952555ad
global_step=939104 | return=-138.79 | steps=131 | track=d21194dd73f65bda0353670d843ce9ef
global_step=939216 | return=-169.92 | steps=187 | track=115ac3413278900a0a4cfd96149f33f0
global_step=939280 | return=-76.77 | steps=97 | track=534b9e6c832e3d985be68af8ebfd0766
global_step=939408 | return=-148.28 | steps=130 | track=17d209915d7af99d79e3afb982d25e19
global_step=939424 | return=-151.96 | steps=130 | track=34efdd1c167868ea3d5198ccfddf92f9
global_step=939536 | return=-54.15 | steps=45 | track=a9720f43058bb0415ab3b11492bba50d
global_step=939680 | return=-101.35 | steps=159 | track=501a78033ae5a4939963114fd84001f7
global_step=939728 | return=-120.01 | steps=92 | track=cef8f47358e3c583c39d6f182c7390f9
global_step=939792 | return=-79.71 | steps=90 | track=7925bddf7a204b16c06adc938c20b4a8
global_step=939856 | return=-97.18 | steps=139 | track=29b0ca6db7ca1c1c7d01f27f07b70415
global_step=940112 | return=-86.08 | steps=55 | track=182260d11b479df26081124295c18b01
global_step=940128 | return=-137.92 | steps=131 | track=becc632decbea4c4e29ad53d77882506
global_step=940304 | return=-6.17 | steps=63 | track=328bf1c7fb328464610fd71bd11f15f4
global_step=940336 | return=-108.51 | steps=156 | track=8496610d123744692eb9e340ece61f17
global_step=940496 | return=-59.68 | steps=43 | track=efbced466c013be343b79441d5395a00
global_step=940608 | return=-140.83 | steps=131 | track=ffe8e24e5ef70a48e7f6e8ac093ce011
global_step=940608 | return=-52.99 | steps=95 | track=ad74bdaa0626047b69735f3fb67328cc
global_step=940608 | return=-95.78 | steps=93 | track=a5438de9058f997e87da70cf72a56e90
global_step=940688 | return=-157.09 | steps=159 | track=f82d117bd59618055e699ed60c719760
global_step=940864 | return=-58.06 | steps=46 | track=0efaa472136fc42e9d0aea475d52b966
global_step=941168 | return=-133.80 | steps=131 | track=3ea8912c7166883e355824ac95ca7275
global_step=941456 | return=33.48 | steps=71 | track=30527f8fdceb99cda7a57f75187ee99c
global_step=941520 | return=-148.29 | steps=131 | track=1fc23a33c43d5ea86b5ef83e77f21020
global_step=941552 | return=-146.22 | steps=132 | track=fff2c9eef8b03f867ab059a39d4f4c25
global_step=941632 | return=-150.05 | steps=130 | track=60811c9cd7490fdaf649ee29be181368
global_step=941968 | return=-149.77 | steps=131 | track=2320441cfe819c5438c95eccf0e50cce
global_step=942032 | return=-89.22 | steps=146 | track=96b686b25ccf2cb7bc4eebbcf601a1ab
global_step=942064 | return=-149.23 | steps=145 | track=635f5a3521b6c9439ce604fa58de7cdc
global_step=942080 | return=-127.56 | steps=108 | track=db1c07c0d75473cd5134fd6e30fb89cb
global_step=942240 | return=-135.61 | steps=131 | track=cfcc227d4627d221932f60f492a67987
global_step=942560 | return=-43.86 | steps=62 | track=56a21694e1e6331782e0fa792475fbb7
global_step=942608 | return=-149.77 | steps=131 | track=dda53c3012cfb3dcf963f8f5d81bcf47
global_step=942624 | return=-33.77 | steps=61 | track=37c41cf2351f84272b4cb75ab58412bc
global_step=942640 | return=-33.32 | steps=69 | track=837994c2bfd6357ec57564f661f612a5
global_step=942720 | return=-143.50 | steps=131 | track=a4a2f29237f7a3ba3ed273868eaf4309
global_step=942720 | return=-135.82 | steps=131 | track=a02bff8d7831bf1347705629223f6f43
global_step=942800 | return=-146.15 | steps=131 | track=4c2e401a54f1b3741dc4455c6f56b917
global_step=942832 | return=-105.30 | steps=138 | track=348f5c80652fb80b3b43619ed62fbf05
global_step=942976 | return=-153.16 | steps=131 | track=30d8ebd3383ffa5f9dbf9a6649368357
global_step=943280 | return=-120.20 | steps=131 | track=4c78a9f28b4752de56095a8f43f99450
global_step=943568 | return=-141.13 | steps=131 | track=5194b48d182349b7e8adf520f1b8e749
global_step=943712 | return=-120.06 | steps=108 | track=9acbcf632dda3631cabd368bf986212e
global_step=944112 | return=-112.16 | steps=79 | track=b110258c8b151636db15536fd4994f92
global_step=944128 | return=-123.09 | steps=94 | track=09a9c7c088f9c2f19e2bd57eedc307c5
global_step=944144 | return=-134.98 | steps=131 | track=1a9ef3b4440f0ef63caa11ebbde07bdf
global_step=944176 | return=-141.76 | steps=131 | track=60c8de94926080074e63116646d52c9b
global_step=944544 | return=-41.75 | steps=60 | track=073cf430df551b557dc970bea80b430b
global_step=944560 | return=-89.05 | steps=144 | track=af540b80a3679e3b234af22167bcfc44
global_step=944672 | return=-144.57 | steps=131 | track=c57876c5e8b04eb34dc16b0dae1a926f
global_step=944736 | return=-118.56 | steps=131 | track=4b25b0488521510e77264d1b1c706da8
global_step=944768 | return=52.54 | steps=167 | track=98236dd56b876f1d6513592594c897f1
global_step=944832 | return=-140.18 | steps=131 | track=8a13c3af21a71cb1d7996b670bbb5f52
global_step=944832 | return=-141.28 | steps=131 | track=c07dde2d79b95acdb7ca702f195cb267
global_step=944896 | return=-139.14 | steps=130 | track=23164bbf214096269053d4a1905f68db
global_step=944960 | return=-61.46 | steps=144 | track=fc2bc94aff1eb5532864c1e808323c08
global_step=945184 | return=9.28 | steps=66 | track=d1085add088bf26db00e39ef0b32f19d
global_step=945280 | return=-107.89 | steps=143 | track=825e032c5b1ca7a2c0bf4d3296f68472
global_step=945360 | return=-120.09 | steps=129 | track=2770e6f7b1eaa03ae8ea9bab70c01290
global_step=945584 | return=-9.33 | steps=64 | track=8e839580ffd5255a62ee029cd5eebe5a
global_step=945808 | return=-151.74 | steps=130 | track=8e664fedebcce86271a00252191046a4
global_step=945888 | return=-16.87 | steps=61 | track=1f49e12948bd40c121106f452669043a
global_step=946240 | return=-155.87 | steps=131 | track=74f78b4da8b826d3fb493292ae332aec
global_step=946256 | return=-145.09 | steps=131 | track=a72731dbd249ad7aa40bb63c8e6edec1
global_step=946288 | return=-130.65 | steps=131 | track=24fd357f560595c77a26791e188c2fb1
global_step=946672 | return=-146.10 | steps=131 | track=b56a01b1b790fbf511e7602e2a242f8f
global_step=946784 | return=-149.00 | steps=131 | track=0230dc7b6b8b6269e3442711de1953f5
global_step=946880 | return=-158.22 | steps=131 | track=9e9fb66faf74b3c908b03140b5475747
global_step=946928 | return=-113.09 | steps=102 | track=8dd92c0530110b4cf0920bce3437b0f1
global_step=946928 | return=-169.99 | steps=130 | track=de4572fb38fa988746cd7ce04ae2297e
global_step=946944 | return=-145.11 | steps=131 | track=efe80c1b7db9877d5f1fe37681f52fda
global_step=947072 | return=-145.57 | steps=131 | track=bbbd436a5722dd60adc644756ff13977
global_step=947264 | return=-19.93 | steps=62 | track=ef009a5aaef24b2ed553dec5e40fdffb
global_step=947296 | return=-149.31 | steps=131 | track=aaa73afa610ffea4f348119aadcc3bb6
global_step=947472 | return=-145.71 | steps=131 | track=e17a5dc638db69c574d0df8bc798669d
global_step=947584 | return=-57.10 | steps=80 | track=8c20e72ed7785232d4e05b96f1e79324
global_step=947696 | return=-138.27 | steps=131 | track=f995522780cb6f9a96385b97b552cded
global_step=947856 | return=-8.17 | steps=66 | track=85fe560817d9ba2905052a20eff95499
global_step=947920 | return=-140.63 | steps=131 | track=240dedb86497a0ce31fcd9ddb8c49d7d
global_step=947968 | return=1.56 | steps=67 | track=a26dcf37c0c5e1ee294b345ab1cd6e80
global_step=947984 | return=-145.34 | steps=130 | track=7c10ec2c1174577499830b725ccd80b0
global_step=948000 | return=-92.61 | steps=109 | track=0fe519117775c61aae89050c8eaf51a6
global_step=948256 | return=-93.44 | steps=73 | track=55269b3b6f4f4ee3caedcb3a8d6e8f75
global_step=948256 | return=-123.85 | steps=219 | track=161e45dc5d04c02be7756aa3362f192f
global_step=948576 | return=-30.38 | steps=102 | track=f9c8c7285d6e672ce67617a0d48a63af
global_step=948688 | return=6.19 | steps=68 | track=2a0038ae138b32cbbff0e38208d535b1
global_step=948912 | return=-119.21 | steps=100 | track=003c9f697a7b5f8dc86e530ee5f32766
global_step=949040 | return=38.81 | steps=66 | track=0db549770b29c5d2a6311aca00797630
global_step=949040 | return=-138.41 | steps=131 | track=3c7ef535b1ee059550a2ad2d707871c2
global_step=949072 | return=15.26 | steps=66 | track=9eb6c013c797299756429d01ba1addb0
global_step=949168 | return=-118.92 | steps=155 | track=ac830ada6169037de7de85b7bd4e24ce
global_step=949296 | return=-104.16 | steps=89 | track=6660843fc4252dcc9e0df52a7fcf64b4
global_step=949488 | return=52.96 | steps=76 | track=ba9020a1a189c9b307da184488124100
global_step=949568 | return=-144.88 | steps=130 | track=208408dd5f2bf0d78638f8a7618bddd0
global_step=949808 | return=-162.73 | steps=131 | track=5e5165c74f49edb00516e711378f09f9
global_step=949920 | return=-123.04 | steps=185 | track=89eb3c98e1799b051dbf1103c327f69c
global_step=950032 | return=-23.48 | steps=61 | track=452af91f26742cc3db77044daebd3517
global_step=950032 | return=-147.30 | steps=131 | track=75a4d18616415e2048c97020650bf84e
global_step=950096 | return=-158.11 | steps=131 | track=7228dd91daa7b8e6c4f93f578cf8aec0
global_step=950176 | return=19.48 | steps=68 | track=4749301590e193bd69f0bb806b75c958
global_step=950240 | return=-71.30 | steps=41 | track=8c3ec7b70f6eede7adcce95534e9b6d6
global_step=950272, SPS=73
global_step=950336 | return=3.90 | steps=64 | track=ae1143d9ffd023f7bf9a1de1b5a97516
global_step=950368 | return=-136.86 | steps=131 | track=37026932ac799b3d6a41187eba27b451
global_step=950544 | return=-77.64 | steps=204 | track=71f4f9ab9110a54ddfae4a05e8ea85a6
global_step=950688 | return=-170.57 | steps=131 | track=74ab21f33a73696d42194c0f6e6b1c2b
global_step=950688 | return=-67.60 | steps=40 | track=b58156a4a4385728e57853bbfbfe8489
global_step=950800 | return=-143.14 | steps=131 | track=3713ab1a101d15874cbbb056a0c250cd
global_step=951024 | return=-129.34 | steps=131 | track=0b4ec9d3c0de3a2eb54ca7e85e04030a
global_step=951152 | return=-167.55 | steps=131 | track=0570b4c60cb2f0fb5f5b75b14c13b3c8
global_step=951472 | return=-84.71 | steps=89 | track=e42f87f89a251401b9bdeab0c3123c64
global_step=951488 | return=-45.81 | steps=124 | track=e448555e2185df901cb41939044d5497
global_step=951744 | return=-55.59 | steps=44 | track=726a798f7b09976118d6cafb5f3e3076
global_step=951920 | return=-120.51 | steps=131 | track=b5f0a0df255c85d0aada8903c4f4ba42
global_step=952320 | return=-144.07 | steps=121 | track=b7cfe2837375e286b62d2e923260bce0
global_step=952352 | return=-23.18 | steps=151 | track=f00e26306d3c9b7e207893e2cc18754a
global_step=952448 | return=-125.72 | steps=131 | track=87e43ff914cd2c2836ac21bde7eca9b9
global_step=952544 | return=-31.64 | steps=152 | track=281b0407a00ebace7a3a6c274b06af62
global_step=952672 | return=-149.90 | steps=132 | track=9eb0bd231e677d25cc5f32121beeef22
global_step=952720 | return=-207.77 | steps=221 | track=78c97b9db6fe6e6a48a3d2013e53ec34
global_step=952800 | return=-152.97 | steps=131 | track=096deba4156a813d3062cc085080308c
global_step=952800 | return=-142.93 | steps=131 | track=ea881d47f7fb0f4e3a5a501265ad8789
global_step=952880 | return=-123.98 | steps=107 | track=00ea6b43693cda01fc1d51413b8307ba
global_step=952912 | return=-137.11 | steps=131 | track=e11a847c943125b9e76e30491f6259a1
global_step=953024 | return=-68.81 | steps=95 | track=632cc6280de145a2eb8db70ae137f466
global_step=953264 | return=-51.46 | steps=94 | track=75c7fad823d2ab029bca058487de0dee
global_step=953664 | return=-158.54 | steps=136 | track=76cf199aec470d2eb537c623fa5a29ef
global_step=953744 | return=-67.63 | steps=222 | track=e90083eb8aef5395898031ac14dfc603
global_step=953952 | return=3.09 | steps=64 | track=9ede32e2de0eef2f1be44842e234c8b2
global_step=954032 | return=-122.70 | steps=131 | track=3fcd51260e57abb9145977bbf5c2e73b
global_step=954464 | return=-158.95 | steps=131 | track=5c4cc5d13575f79e0a4bbe4cb493c0e5
global_step=954560 | return=-142.40 | steps=131 | track=d8fd1bccc08b9265afde8c46eccc6431
global_step=954624 | return=-49.18 | steps=54 | track=6325fe6460fb8ba83fd471ada6108582
global_step=954656 | return=-144.51 | steps=131 | track=3a205893ce99d8ac427079ba23204de7
global_step=954720 | return=-48.70 | steps=47 | track=d7416aca5e8e80002193af591d17e74e
global_step=954784 | return=-166.11 | steps=131 | track=ad49ee8666eb16214143a20ac4a3df1d
global_step=954832 | return=-157.55 | steps=131 | track=7bf792fc94beb4cbff89bd6e58368104
global_step=954912 | return=-24.82 | steps=161 | track=42709e9725ab0132516c1f4729e432b2
global_step=954912 | return=-139.30 | steps=131 | track=5bd6d96857da229b808c8498ab499756
global_step=954944 | return=-200.09 | steps=293 | track=dfda6057d1ccbab9d749024fe039db0d
global_step=954992 | return=-136.84 | steps=131 | track=947e9bb57112331100e941f9ea0e506e
global_step=955136 | return=-135.37 | steps=131 | track=fdf16f5e6a576549f6dfdf69c38810df
global_step=955216 | return=-69.54 | steps=150 | track=fc8c6265be3f489fc04a045301cd361d
global_step=955392 | return=-153.93 | steps=132 | track=33d537739c0799cbee039890c1cd66f1
global_step=955712 | return=16.19 | steps=65 | track=3e0c61d32efaee6be0b89c41f7408563
global_step=955760 | return=-113.03 | steps=130 | track=b806b851f0df38df2b92fe34d3c15d7d
global_step=955776 | return=-53.83 | steps=108 | track=444062c54e6c7114d597e10956a7e29a
global_step=956032 | return=-5.27 | steps=64 | track=f70956169b9eb008b91bcbcc2ccf4e9b
global_step=956064 | return=173.22 | steps=83 | track=5bcfdc913a865d12c479128fba27f3c1
global_step=956272 | return=-42.33 | steps=89 | track=b1a565097ad06403defd61fa114bb56a
global_step=956272 | return=-93.07 | steps=106 | track=536cd12d5179b4f49b280e48ec9a22bd
global_step=956288 | return=-17.85 | steps=83 | track=53ea00bc89fca0af7425277cdca5c26e
global_step=956560 | return=-127.35 | steps=110 | track=228636d7b4f7dda6bccdc7a8895f66c2
global_step=956576 | return=-136.84 | steps=131 | track=8cc88f68ed7e537691c58eb063ccb6ad
global_step=956736 | return=-146.11 | steps=131 | track=ac510989e53261194c218a23c283b7a1
global_step=956752 | return=-118.01 | steps=100 | track=83290f6fdfe7ce2c9008ca2e1e2da51d
global_step=956768 | return=-36.12 | steps=62 | track=f096da41ec0f7dfa5ea11749bac1e320
global_step=956960 | return=-55.55 | steps=42 | track=055fc33ddc3b4de8a0f1af0a17bf2f29
global_step=957024 | return=-135.90 | steps=131 | track=5047455b4e9756829f740dc3b1bc4914
global_step=957024 | return=-145.26 | steps=131 | track=5283f363e26898197bb67c0aab35ba97
global_step=957312 | return=-142.44 | steps=130 | track=f9fed824023aac6a73fd804b668e77b1
global_step=957344 | return=-49.90 | steps=47 | track=f04c095d7f00a53b05da81edb4c51f69
global_step=957488 | return=-145.77 | steps=130 | track=61e784cd802345b313b9f5f123f6f896
global_step=957680 | return=-71.78 | steps=44 | track=d7807a0488f29f3bc2705591badbd17b
global_step=957776 | return=19.40 | steps=64 | track=f7e0b201faad87cebded2053ea1c1416
global_step=957888 | return=-116.95 | steps=131 | track=537ffb48365fd1dab6fdaf50139cf3f4
global_step=958144 | return=-115.95 | steps=131 | track=ca62f100fd9019c109c4cb08b75defe7
global_step=958400 | return=-145.03 | steps=131 | track=4031c1812b63db7d162616bcdb73979a
global_step=958496 | return=11.91 | steps=62 | track=8759db8844e7f3daf112366fee5b26b4
global_step=958640 | return=117.58 | steps=116 | track=dfe46b65620d58aa12730bd8413d514c
global_step=958864 | return=-143.62 | steps=131 | track=f4f48f7270e599b499ec5b35d69e296f
global_step=959056 | return=-157.01 | steps=186 | track=65e0831074e89266efc8cfcf5cdf7868
global_step=959136 | return=-127.64 | steps=131 | track=f2a588956a6deb3ef732d56510738e82
global_step=959136 | return=-144.26 | steps=131 | track=83b66157271a9c4801896b998c34549c
global_step=959376 | return=-132.72 | steps=193 | track=6f374509eb0e4b9ad40509fea62c142e
global_step=959408 | return=-155.57 | steps=130 | track=e9e426338363de80daf0a1640424d2c7
global_step=959664 | return=15.89 | steps=246 | track=0717a1c4fdcdbb7466862e18b091331b
global_step=959712 | return=-117.80 | steps=97 | track=712d3cba8ccf78513efd90cc44330144
global_step=959840 | return=-29.23 | steps=60 | track=474a0a6087c0aadd3c52e03c5457de1a
global_step=959872 | return=-144.60 | steps=130 | track=23f63c7ebfeb037ee885e5796a5d5b6e
global_step=960112 | return=2.02 | steps=91 | track=621302506ddfddf4d247ea0d07a275dd
global_step=960432 | return=1.71 | steps=63 | track=619ff535ce27a83e412efd4ece87bab5
global_step=960496 | return=-234.32 | steps=245 | track=a5328166c5676bcc78f2579e6ff2a10a
global_step=960512 | return=-139.27 | steps=131 | track=e2dc10107206f6c9d1b3fd3095b3af31
global_step=960784 | return=-2.52 | steps=142 | track=6fac019eaeda112ba37aedca777c5c75
global_step=960880 | return=-113.30 | steps=108 | track=14db9400c644ebfbc95dd0bc60ffac9d
global_step=960912 | return=-187.06 | steps=201 | track=5c83be482398ad74e91243063e0b3767
global_step=961168 | return=-138.45 | steps=131 | track=e4e4a06e0124e060a34382f538f0a019
global_step=961280 | return=21.59 | steps=100 | track=c62e1b64b13f5896094bcbe19a024017
global_step=961488 | return=-48.73 | steps=43 | track=ec13e8d8b153b5612dd9ebf9b1706bd3
global_step=961568 | return=7.26 | steps=66 | track=7a2132a48dd351591aad615a2d268ed2
global_step=961808 | return=-154.38 | steps=130 | track=8d8344b07af10a7a45d4e3fc73720c1e
global_step=961824 | return=-51.28 | steps=152 | track=95da4f9194896fa01484943deb5fbb84
global_step=961952 | return=-116.50 | steps=89 | track=b410e03cc4c9515ce6ade913b7f6e090
global_step=962000 | return=11.77 | steps=290 | track=ebcb5bc7e5130e8569d66e80dc2497fb
global_step=962208 | return=-109.00 | steps=145 | track=9ef214273427cc76980e9ee7f8a5a71d
global_step=962224 | return=-155.64 | steps=131 | track=c417a8208220f2072e9e3508ef7d59ac
global_step=962352 | return=-125.39 | steps=278 | track=0d57e3f431dc655ea0dee4c99d6457ba
global_step=962528 | return=-143.56 | steps=130 | track=5d08c6a8d33597ac86515662f7a867ac
global_step=962560 | return=-38.56 | steps=66 | track=e1ae5885263f185f2cc356650aef0bfa
global_step=962832 | return=-100.58 | steps=186 | track=f1967aa4a91965f30751195f2af07ae3
global_step=962976 | return=-136.85 | steps=130 | track=83cad3e8e5d78b58374c80aa29761be2
global_step=963024 | return=-133.16 | steps=131 | track=df1b0234dfaf1a9e51eb21e76acbaf87
global_step=963040 | return=-65.18 | steps=50 | track=855a63f96c34c99f41b401cd7da5062c
global_step=963056 | return=-194.09 | steps=244 | track=ceb789a3bd757ca879f45d2fcf25efde
global_step=963344 | return=-78.93 | steps=86 | track=b5bf2c03263384fb0aeb97c42ab83f9b
global_step=963392 | return=-145.57 | steps=131 | track=533f7ae0f63349d4976185e962f0305a
global_step=963664 | return=-151.88 | steps=130 | track=7e5bb6b2def5ffcea8ad761e5a644f77
global_step=963920 | return=-144.50 | steps=131 | track=7265719a7d3b72858df728a51ff5ebac
global_step=963936 | return=-142.41 | steps=131 | track=406ed4ea37cbbcad71f906e7b9be8c96
global_step=964112 | return=-150.39 | steps=131 | track=eed9754ea5471364128c9d6813ee5d52
global_step=964320 | return=-141.76 | steps=131 | track=90262d6c5d289e13cb3b18acf273382f
global_step=964576 | return=-120.74 | steps=138 | track=d63a4d7eb2e6baad41450faefe2446e0
global_step=964640 | return=-139.85 | steps=131 | track=7a6a7860675a3ce289db415e30f92f09
global_step=964896 | return=-111.89 | steps=96 | track=e35122c8c0625546f3eb436e939196b3
global_step=964944 | return=-118.96 | steps=131 | track=d3d9f7ba2a37bd7d9403ecce711f14eb
global_step=964992 | return=-69.05 | steps=151 | track=df23dcdd2a3a2dfc7a7d7613b8267b86
global_step=965168 | return=-149.31 | steps=131 | track=b1ad54c39b235f597b9da684ce9bfbe5
global_step=965296 | return=16.18 | steps=85 | track=0827d34fc17d26707ec13db1199b35f7
global_step=965424 | return=-137.40 | steps=109 | track=8bb64eb1dd7f1ebaf7b40012d0b7454f
global_step=965456 | return=-106.48 | steps=151 | track=767eeda34a27afe4ea67df833cd56596
global_step=965504 | return=-165.09 | steps=131 | track=50f7a662a75c11baf4d46ad113f5bd17
global_step=965504 | return=-108.44 | steps=157 | track=727de4bd6f4220be3f63653bf2b324cc
global_step=966048 | return=-153.94 | steps=131 | track=0edbe6a41ecfd1443cf576b9fbb5a6b0
global_step=966432 | return=-141.06 | steps=131 | track=e6421b8dae723405760e4e7f44fccdf1
global_step=966480 | return=16.73 | steps=65 | track=c6d72687ad026a807dd4d2a453e84f0a
global_step=966512 | return=-108.89 | steps=149 | track=d5caa461aff867f4391e5cdea2c3cfb5
global_step=966656, SPS=73
global_step=966688 | return=-130.90 | steps=131 | track=519b6c6c96d9012e660e8d49cafd2d62
global_step=966784 | return=-140.60 | steps=233 | track=f39f95ca4df356cedec7c957775a5ee2
global_step=966816 | return=-179.90 | steps=352 | track=d83b94e2352a5ab4eabd27e3435ca878
global_step=967008 | return=-151.99 | steps=131 | track=bcd4298256e33765251507bdf86325b6
global_step=967056 | return=-141.95 | steps=131 | track=f8173758fad31285e52b7947df69ba33
global_step=967072 | return=-23.51 | steps=63 | track=69d4baefd4e8c4847e4f3deb2a89880e
global_step=967088 | return=-158.08 | steps=130 | track=231cc8948f5e9ccf34a3b9db08ed966f
global_step=967264 | return=-152.80 | steps=130 | track=52c5115770a6e3e99b087c60fb32f758
global_step=967408 | return=-150.39 | steps=131 | track=31d7376d605a665528a1229c8fa5b994
global_step=967552 | return=-152.62 | steps=130 | track=ee596500167fa09e588aaeb74c054be0
global_step=967616 | return=-133.12 | steps=131 | track=73aedb3a2767dd782e5726587188ee0a
global_step=968016 | return=-46.53 | steps=156 | track=d5cf8201476004784900ae22afb7e2bd
global_step=968256 | return=25.15 | steps=72 | track=bbf428c219c77de481315fd530e63a5b
global_step=968272 | return=-197.54 | steps=226 | track=3444000f86d69becfe16d2824c1d3f2c
global_step=968624 | return=-139.57 | steps=131 | track=2d83dafdd6d6e2507533a0292bfaf591
global_step=968704 | return=-107.87 | steps=89 | track=3c702feda91fc40c62ee5b53d2ef4314
global_step=968800 | return=-137.46 | steps=131 | track=7f0a861f51850385b2b2231c769fc168
global_step=969120 | return=-152.70 | steps=131 | track=cdbe6927241702e254d15f7af47f8a84
global_step=969168 | return=-153.88 | steps=131 | track=dfd79509f0269c6eec04314a8a2f804c
global_step=969184 | return=-138.21 | steps=131 | track=c4c71f4cfe63f505f3f909d955195bfe
global_step=969232 | return=24.54 | steps=174 | track=067a835f3f11955b6eedd1982c8e04c7
global_step=969392 | return=43.61 | steps=70 | track=10c97740253e56a90e5915af80cb8387
global_step=969392 | return=-118.41 | steps=110 | track=e2e51f1d11bc7240648821ca84240a3f
global_step=969520 | return=-142.41 | steps=131 | track=d4f85ea6f5b33cae0afc332dca41f877
global_step=969664 | return=-136.17 | steps=131 | track=e41941cc7a881c6efbf962474d2c9013
global_step=969808 | return=29.83 | steps=68 | track=44959e98cbc3a76c5e684c1811fd470b
global_step=970112 | return=-151.29 | steps=130 | track=56ffbda45b6b7e5974f0347d9f559286
global_step=970192 | return=-4.44 | steps=63 | track=df3e35b514ea0f33d37b6647395fb165
global_step=970256 | return=-176.39 | steps=235 | track=7f2b2bb0d4142415dec4d8af9ff2c66b
global_step=970256 | return=-2.68 | steps=66 | track=875c30126c7c5395b33f0f877238f641
global_step=970416 | return=-143.64 | steps=224 | track=4ec4ac6e9b9578a5e50f7f8b8e78308d
global_step=970464 | return=19.46 | steps=66 | track=adfbaa49e26ab0e6227dd099ed14e1ff
global_step=970720 | return=-16.81 | steps=152 | track=f1625d83692a39a0c1e783d712b7c38a
global_step=970736 | return=-129.07 | steps=131 | track=bc1ce4520225676836ae858388720661
global_step=970752 | return=-221.67 | steps=247 | track=e4739a0df03ae03d0d520af4ea338635
global_step=970928 | return=-113.50 | steps=105 | track=4a487ac14da878ec9db53c803b09529d
global_step=971152 | return=-105.60 | steps=146 | track=69d13a40b7e40be8f417701dde3a4c41
global_step=971216 | return=-108.51 | steps=130 | track=c77fa0c9a120363e4b9bc439008439fa
global_step=971232 | return=-36.29 | steps=60 | track=24b7309e01c50bc834ad47023413cc4e
global_step=971504 | return=-151.44 | steps=131 | track=a4a8458627922d4f867c60de99a18e8c
global_step=971552 | return=35.94 | steps=67 | track=bec5656edf759f980090f887bef573cc
global_step=971584 | return=26.01 | steps=72 | track=b18d845435f1a06c99bd7224722f8efb
global_step=971632 | return=-145.99 | steps=131 | track=81e2f36d628c7cb784ff0340fd84feac
global_step=971696 | return=-86.86 | steps=58 | track=e06aa42e2a965f436371bc54297d582f
global_step=971760 | return=-157.07 | steps=130 | track=15108b0757087f82431d33ccc6a90bde
global_step=971888 | return=-65.63 | steps=45 | track=e490ff90ae4f9c6e373745f18a4d5bee
global_step=971920 | return=-137.31 | steps=131 | track=b7fcd66442e036fcc1fbab25baad32b4
global_step=972224 | return=-162.37 | steps=131 | track=cbf1a03798f583c74c8ebbb8c47fb7bf
global_step=972320 | return=-140.57 | steps=132 | track=ba5ca5d91f3394dcf85f49c1100102ea
global_step=972368 | return=-140.55 | steps=131 | track=8f07064fe95669a3a26c0866e373cdd9
global_step=972640 | return=33.53 | steps=88 | track=21379b9023ccc36f26aa6a4436eaa214
global_step=972832 | return=-137.56 | steps=131 | track=84f1d17a8bfd5f214933fe5709de2fb1
global_step=972848 | return=-133.11 | steps=131 | track=c96062bfb43ce3fa3d140e363bb83e22
global_step=973040 | return=-138.94 | steps=131 | track=dc3aa41b520559de2f8d8428806d7c8b
global_step=973344 | return=-143.23 | steps=131 | track=aae0f365171a41bb85c81e6717b2b807
global_step=973600 | return=-140.32 | steps=130 | track=f8d1b069d5962f1665fe1255d491b8a1
global_step=973664 | return=-138.96 | steps=131 | track=aff819eefad38a5301decffa9ebd90c7
global_step=973696 | return=-143.14 | steps=131 | track=faa6ed04219f00c1192ce3e0e90c22f5
global_step=973808 | return=-136.53 | steps=131 | track=9471ba164a672f182b81f57cde1c1b2a
global_step=973872 | return=-126.13 | steps=131 | track=9ac3c259bf35c76a286f171b89bf7999
global_step=973936 | return=-81.41 | steps=143 | track=2745dc68f17f90258f65200ec6a545d3
global_step=973968 | return=-80.34 | steps=99 | track=6ff13c254c1a5cf7abd3c2407ed52974
global_step=974032 | return=-143.38 | steps=131 | track=7256da4c4fbc73a60c9a2f020268dc51
global_step=974192 | return=-109.60 | steps=143 | track=363dfa4856807b9e7628692dbe779684
global_step=974336 | return=-143.47 | steps=131 | track=a2f628fb7aa25d1f45445d563448322a
global_step=974432 | return=-137.20 | steps=131 | track=4a8800eb0755011c4ba78f758d3a7519
global_step=974464 | return=-28.44 | steps=49 | track=46e3af3c5d43fcbe395e90b6a5449a08
global_step=974752 | return=-133.26 | steps=131 | track=963ee2253e8d5a6750ba683f13a4525d
global_step=974864 | return=-28.41 | steps=61 | track=00e24721762b71f9a5bfc2188979cc32
global_step=974928 | return=-156.55 | steps=130 | track=76eb8790bba57545918cc99cdb90f389
global_step=974960 | return=-157.97 | steps=131 | track=d8aa39937bae3335933951c8295dcd8c
global_step=975040 | return=16.67 | steps=66 | track=d70852098f9d36f7e5dad26c3543939b
global_step=975152 | return=-150.80 | steps=131 | track=b7681b5b2a1e4a37c914c55d9f360462
global_step=975456 | return=-130.49 | steps=131 | track=feea868f473cb5165397cbefd6bb70f9
global_step=975712 | return=-113.89 | steps=131 | track=c442175dbf4acd02bb1823709f9b627a
global_step=975808 | return=-141.40 | steps=131 | track=c1b59ad48a9613db75ee67d2dad26b0b
global_step=975824 | return=34.86 | steps=66 | track=570241a1c24291a882d444cc0c5a26ff
global_step=975952 | return=-9.01 | steps=61 | track=4129cc21fda31e4a3ce56fe9077a4082
global_step=976368 | return=-129.64 | steps=159 | track=5f3780812b1030c2ed393ad3f5859928
global_step=976400 | return=-22.42 | steps=147 | track=f283e6319b4f4cd8edb03ddf9b383a93
global_step=976528 | return=-157.59 | steps=130 | track=36ffd4c41c9d0f54dd8de75d2eeb679a
global_step=976576 | return=-144.71 | steps=131 | track=d08ad12fa75290cfc4dc52ecadb17925
global_step=976624 | return=-66.97 | steps=151 | track=2add05216649085ed8146c81e9ff8385
global_step=976816 | return=-40.96 | steps=53 | track=b9d2757310ef2de843e8501c6770af52
global_step=976976 | return=-149.00 | steps=131 | track=a6b696c9c9a81e9f3f24e7aa97201539
global_step=976992 | return=9.45 | steps=79 | track=1bf2a4cbe5278e5968ca686ffca17ac6
global_step=977040 | return=-139.85 | steps=131 | track=dd2b039d9d4daaa872b24beb4a288dcd
global_step=977152 | return=-138.29 | steps=131 | track=2721715d83ef6b4795d067969a91b650
global_step=977232 | return=-185.31 | steps=205 | track=76a07eb2486e5617ecb03712558cba02
global_step=977264 | return=-145.31 | steps=131 | track=9ba3c88017ff84b66494a70451d91443
global_step=977584 | return=4.61 | steps=65 | track=3f1a1bc04949e251081cb7b1aab60d6e
global_step=977840 | return=-65.61 | steps=89 | track=fdd1cb037b0949c2aaf28155905edd15
global_step=977904 | return=-37.66 | steps=46 | track=645812f194eed3645338ccd2bd63c90b
global_step=977936 | return=-157.22 | steps=131 | track=ef1f2d2a285398c9d1ea0d7c817e2b96
global_step=977952 | return=-40.73 | steps=98 | track=1a1a7d7b2466689fbaf8a1133bc11a18
global_step=978240 | return=-110.60 | steps=151 | track=efeccf2e56b879467f6bf6e9af96c55b
global_step=978400 | return=-193.31 | steps=253 | track=fede50084cc150b55c525abe975ad360
global_step=978656 | return=-90.11 | steps=103 | track=2913886dbfd14d5d874b2ec0f6bcb131
global_step=978688 | return=-138.94 | steps=131 | track=91169a632d9257662be166f8759d4628
global_step=978736 | return=-148.77 | steps=131 | track=c20e8d81a2ec7810810b5d620b0e86c7
global_step=978896 | return=-22.76 | steps=65 | track=bd97927c26826f37e2f3a6d64b8c77b6
global_step=978928 | return=-131.34 | steps=131 | track=e9ea38549341888c85b44d7d960f6b89
global_step=978928 | return=-1.30 | steps=63 | track=866e73ce3ba493af5bfeac8ebb9e974c
global_step=979040 | return=-115.15 | steps=110 | track=80eb336bb055f6287fe00e2b0fb55307
global_step=979088 | return=-145.48 | steps=131 | track=061b64803bbe93924db75aeebb04530c
global_step=979344 | return=-143.41 | steps=131 | track=b9ebf124602ce2496d7b68cacf7a1c0d
global_step=979600 | return=-63.86 | steps=58 | track=70b424d234b0a26d1c73bef709ff0242
global_step=979616 | return=-50.81 | steps=104 | track=17532cf3ab2862ab21ac7e5402398b3b
global_step=979792 | return=-152.54 | steps=171 | track=dc5f50523e9c06de10de6d05073a1458
global_step=979904 | return=-172.48 | steps=144 | track=e9329aedd9dae0ceaaa37804493f2ed0
global_step=980064 | return=-147.34 | steps=131 | track=5694193f869ebcc77b6f11c69fc45686
global_step=980272 | return=-24.74 | steps=85 | track=2753f2855d69d23f4dc918b35cb97ba1
global_step=980352 | return=-153.67 | steps=131 | track=13594221c20e4d854ff17098993b3aa4
global_step=980512 | return=-144.10 | steps=131 | track=8ea20d9c69664f5a0e57271bd7326ca0
global_step=980576 | return=-219.31 | steps=319 | track=158fb57b99fb7b73172e1130467a409f
global_step=980752 | return=-51.78 | steps=113 | track=ef50b5b3f6200bbe057659e27af69b26
global_step=980800 | return=-137.89 | steps=131 | track=7d6c176e22b58c9aec8c44d06135dc61
global_step=980880 | return=7.57 | steps=67 | track=8ea1e62fcb3371d359e68496f8f5aab6
global_step=981040 | return=-148.09 | steps=131 | track=7064f388cffc208d21e0c2e7afc20841
global_step=981152 | return=-156.07 | steps=131 | track=3fb335c2d0adc331e0236a7a5b8c8b79
global_step=981456 | return=-139.18 | steps=131 | track=e197209ae06aaefc2db7b0f93919bbbe
global_step=981600 | return=-4.47 | steps=63 | track=62fd2e2dec62260590431229c8931b70
global_step=981696 | return=-5.51 | steps=88 | track=dc5640de4bed3a65ffa0d39144395edd
global_step=981712 | return=-144.57 | steps=131 | track=0ace2b763b92e45296213b3a70a49339
global_step=981728 | return=-133.54 | steps=131 | track=3a53e42ca280d3366446d1041dc055a7
global_step=982016 | return=-148.93 | steps=131 | track=559526e41d41c6cc18e793d9efa35d39
global_step=982080 | return=-174.31 | steps=208 | track=fae82527e341c1f621c9f2699fb4ad1c
global_step=982160 | return=-150.99 | steps=130 | track=e241180445a544569b0a6c1704e32a09
global_step=982448 | return=-140.32 | steps=130 | track=de747f15b5ef0ea0f5d61939867cb69a
global_step=982624 | return=-149.13 | steps=131 | track=dc6563bf274cf8df202627fc5c81bd77
global_step=982992 | return=-141.66 | steps=131 | track=92d8580e0d89ad31f403c296d4ef83f6
global_step=983040, SPS=73
global_step=983088 | return=-177.56 | steps=249 | track=9f70fc3c8987d475e4a6e19743959f17
global_step=983152 | return=-152.20 | steps=131 | track=e9868b1ddad62f3828c5b9189775d549
global_step=983216 | return=-32.34 | steps=70 | track=9d0382aca5bef3054c9456b2329bef6c
global_step=983264 | return=-145.35 | steps=131 | track=19e72c4ec54261e53965ee0187ab990f
global_step=983360 | return=-32.67 | steps=45 | track=8bcf85923e027127711b5ee07a44bef5
global_step=983568 | return=-154.60 | steps=131 | track=6bc2746de855051a64e6310454c70877
global_step=983712 | return=-146.61 | steps=131 | track=b89e5c516eb2f3878bafbaa54207a30c
global_step=983808 | return=-129.87 | steps=131 | track=c7f9f324c2b3c6ba98bf75a17f31e5e0
global_step=983840 | return=-105.03 | steps=131 | track=ec316eb9a637e78fe028085c9c8674a0
global_step=984272 | return=-149.34 | steps=131 | track=81003469a59ced7e2a81da0aa1351168
global_step=984352 | return=-166.89 | steps=221 | track=7d5f852743deab28684e73fdf97d4b32
global_step=984432 | return=-22.78 | steps=229 | track=9bad0c315306a30567c1276e2a0512d5
global_step=984464 | return=-33.12 | steps=152 | track=112a3ccc9b3ccad10d761679e5389a8b
global_step=984496 | return=-153.93 | steps=173 | track=ef4abc395d1ced6a747d61f0861c5ec9
global_step=984912 | return=-23.90 | steps=153 | track=355608960a29ab1627ae38b2674ad615
global_step=985280 | return=-100.67 | steps=89 | track=2707fd56f890b53f95137ca44959ed7b
global_step=985360 | return=-19.66 | steps=62 | track=b10167a44c2fd75b7c6a71d39b774915
global_step=985376 | return=-165.70 | steps=142 | track=400244164fd2df9a63fc07cae4121fa9
global_step=985504 | return=-106.44 | steps=142 | track=2866a17efbd2d638e28ba66e3021f646
global_step=985680 | return=-161.51 | steps=131 | track=978a1be1c65d40565bebf84409f8f239
global_step=985696 | return=-58.59 | steps=151 | track=491a40f36daf9e29d83e085a0815fc6c
global_step=985824 | return=-15.15 | steps=153 | track=d4de8d6c2fc057288569449efdbf74e9
global_step=985952 | return=-40.09 | steps=174 | track=c0321dca9e6136d90150c7ee809e47b9
global_step=986240 | return=-59.39 | steps=202 | track=1d3b6d654b7c946ecb64fff29b558986
global_step=986240 | return=-45.46 | steps=151 | track=5e96e79dcca4f94da3636bc6d564b448
global_step=986384 | return=-147.61 | steps=131 | track=fa4fb7dd0063b8afff027ccada633ce4
global_step=986528 | return=-146.64 | steps=130 | track=e07869e2e8163ce0a8cd8e5f2b0c5406
global_step=986576 | return=-140.55 | steps=131 | track=664239da7c755c927d970aa819a0ee2c
global_step=986576 | return=-146.77 | steps=129 | track=de4c8cc1e7602a227d32bf96b00d019e
global_step=986720 | return=-4.57 | steps=63 | track=07652a16c0b4e496cd355e7d0d29b830
global_step=987024 | return=-161.62 | steps=131 | track=24d727fd99098d6f586f3f0dbf1f54d4
global_step=987088 | return=-95.74 | steps=107 | track=be8bc490d315bc6d1fd00f133cd075c7
global_step=987296 | return=25.21 | steps=65 | track=1609f5f9db5b6e08c8a5734b21edcbea
global_step=987488 | return=-148.09 | steps=131 | track=7c6bf77cb0807432d5c5ef5338101aa9
global_step=987488 | return=-121.39 | steps=137 | track=a89cdccf69df0bcc6ae0f5a34ddead50
global_step=987616 | return=-78.26 | steps=131 | track=659cff3cb003d335bab982937d646107
global_step=987664 | return=-67.55 | steps=88 | track=0aae7d096fee86fe308727c887be5541
global_step=987920 | return=-144.22 | steps=130 | track=f61dde7f23196cdfedb722cc3e5cd9fa
global_step=988016 | return=-106.10 | steps=89 | track=dbc838473dd4fbe31696f7e729ea1712
global_step=988048 | return=-153.74 | steps=270 | track=b9f0c1e04028e210ea13050367db8f94
global_step=988064 | return=-153.11 | steps=131 | track=4681ce554bf8f0f41a6d111ad3af939e
global_step=988624 | return=-140.44 | steps=130 | track=3d4308f1695904226cc8a927cd44d651
global_step=988640 | return=-184.10 | steps=184 | track=609a5ebf53416e3cd3dad4fcba7739ce
global_step=988688 | return=-157.11 | steps=131 | track=321670d8057616fb932c08e60a198bae
global_step=989136 | return=-144.93 | steps=131 | track=7199dd3e33fcdd5fed96bb4d94781214
global_step=989344 | return=-120.36 | steps=140 | track=92391ac5b2ff9676a7e496345c318905
global_step=989360 | return=-130.85 | steps=185 | track=e6db6d8303a39bd6fc9156d2cb5b4e4a
global_step=989584 | return=-138.95 | steps=130 | track=dad08fee3a66817796bfd31456f5d79d
global_step=989600 | return=-107.82 | steps=143 | track=a38c01fb1b4a0ca9b719bdd615ef290b
global_step=989728 | return=-139.81 | steps=131 | track=75887804cfe7331ba58c5f835c6f2d88
global_step=989808 | return=-61.73 | steps=41 | track=cd50de1aa25f6f37a12ff72e0ea3a6cd
global_step=989920 | return=-78.65 | steps=151 | track=d5d0907facabe7b6e46922332e0b1aa4
global_step=990032 | return=-150.39 | steps=131 | track=21690eab1601d8fe2df5e0f7b0398454
global_step=990128 | return=-134.59 | steps=131 | track=731fcbf48b90d046d7b057e5c77a6891
global_step=990160 | return=-122.80 | steps=130 | track=7cd395bd8cd0fca4ffa172c711d22639
global_step=990160 | return=-149.51 | steps=131 | track=eda69df6e87dacbd0400270f9eab4fc6
global_step=990320 | return=-75.85 | steps=45 | track=1c92d5db5801345a8aab1c6aea1a4aed
global_step=990352 | return=-51.87 | steps=107 | track=f5eb9df51a8c9f340f0191d6c1c775c6
global_step=990384 | return=-40.25 | steps=48 | track=4e6b872d183bd7ea72e6536b0f30419b
global_step=990592 | return=3.01 | steps=76 | track=ea98a1455495dd994627211bf729fea3
global_step=990752 | return=-142.83 | steps=131 | track=ff19c969a681795699b310b0731772ca
global_step=990784 | return=-146.70 | steps=130 | track=e0e664a1500d274641ee3f25895ab14e
global_step=991120 | return=-170.55 | steps=274 | track=fcc1f720fb6824377f54c2ed708bb71e
global_step=991168 | return=-21.40 | steps=62 | track=099360f97c9ea15fee5534210a44f0f8
global_step=991264 | return=19.11 | steps=68 | track=21c60eb081c48f912f2aeafc8f465909
global_step=991456 | return=-151.90 | steps=131 | track=441a0972377a1ec225b098c2f050f558
global_step=991536 | return=25.97 | steps=71 | track=03a6779744094d8c4e90d08d3d39a86e
global_step=991664 | return=-103.70 | steps=101 | track=7abeb4c35b34ce60f29321558bd5ed83
global_step=991840 | return=-155.00 | steps=131 | track=bffdfb8be58ab1567786ba1d76d6235c
global_step=991920 | return=-144.04 | steps=131 | track=eabb901b11b113ee3ef1957e5eba9dc1
global_step=992016 | return=-151.78 | steps=130 | track=8611c7c118e1654fda1b9f3ba955f611
global_step=992096 | return=-198.82 | steps=276 | track=b49f969c9dbf7b4648c981086c35e34d
global_step=992144 | return=-101.54 | steps=96 | track=cf43bb363d6e7d4b75ad7c20cd99bf14
global_step=992224 | return=-63.79 | steps=65 | track=aa4a9d38d567007cb7db37f0beda2118
global_step=992240 | return=-101.62 | steps=131 | track=7f771419a38487b1bf76c7d804fa61f6
global_step=992432 | return=-147.81 | steps=131 | track=df55178002be647f8438ba58bf433711
global_step=992432 | return=1.82 | steps=81 | track=da14b3696c15aa03cac91dd011ff2d6d
global_step=992464 | return=-146.24 | steps=131 | track=196349c1f61362fab5e39de2998cd288
global_step=992624 | return=17.44 | steps=67 | track=328570869a7cade3684296b6eecce073
global_step=992864 | return=-148.15 | steps=131 | track=a898447a5be4496dd36c5f898033f48c
global_step=992896 | return=-151.56 | steps=131 | track=43385d2c4d6096317698cd5f1909949f
global_step=993040 | return=-7.51 | steps=63 | track=317672f9586218b9385c3ffc18bf7b02
global_step=993136 | return=-106.41 | steps=104 | track=ba9e2c84c1e53c1e72d0328bbd55c284
global_step=993376 | return=-143.86 | steps=131 | track=d62332a66b58a29021bdac2fabaf14f6
global_step=993488 | return=16.41 | steps=78 | track=94a80731d1db9a5ce231f9b49b61a308
global_step=993632 | return=-20.82 | steps=72 | track=e16f6524d68cec976daa7e0f3f9cfb22
global_step=993952 | return=-147.43 | steps=131 | track=b340ff9c2ab7529adf20ca73fe7f0eeb
global_step=994032 | return=-132.88 | steps=131 | track=bc6c9dc044d46d9b79c5093ca9a8ae98
global_step=994112 | return=-58.92 | steps=45 | track=c136d4d4fd9f17e81fffddcdc4c78d65
global_step=994224 | return=-147.17 | steps=132 | track=55052e161f3a5afdd8ca2421a8ca1ada
global_step=994240 | return=-147.99 | steps=130 | track=ef235f8bc80c295ad212f00b20966188
global_step=994336 | return=-141.46 | steps=130 | track=b00713db155330ae10fdc841869c08b3
global_step=994544 | return=-138.41 | steps=131 | track=6971185a5e5330fb41a1057654bebb91
global_step=994544 | return=-136.43 | steps=131 | track=69ad3e2aafd597cdb9930218c9605edc
global_step=994976 | return=-152.23 | steps=131 | track=92567ab50d7792906aba22fbc03565a9
global_step=995008 | return=-145.35 | steps=131 | track=75640838f5dd2a430da6d56fc48dca59
global_step=995152 | return=-139.66 | steps=131 | track=50d88943d8123edd1e2fd2bed8656ec3
global_step=995248 | return=-146.48 | steps=131 | track=d17bdc086e6e148f5bb142092068eadb
global_step=995600 | return=-146.90 | steps=131 | track=a4d8bdf0b28235ca8cdb609d175835d0
global_step=995744 | return=-143.83 | steps=131 | track=b2d84f00cc5a9a22924407082b3d1bc6
global_step=995872 | return=-113.06 | steps=101 | track=28930e9535c0d26a96102bf6df30f3a1
global_step=996032 | return=-13.07 | steps=63 | track=58aebceeba18f004d56ead55c8f16477
global_step=996064 | return=-157.74 | steps=131 | track=112bdffb34a2031a247b1667afe3eeff
global_step=996112 | return=40.50 | steps=70 | track=bb54a95fe30f07a76b1f459fc3d5eba9
global_step=996208 | return=-148.80 | steps=130 | track=bb8e14a214017b27b2ca995b09f67063
global_step=996288 | return=-0.42 | steps=64 | track=6a97bf80acdc6d623b4aada9d4b1e7a8
global_step=996448 | return=-140.55 | steps=131 | track=b4d901c063d9220eeca87966b4007fdb
global_step=996624 | return=-116.67 | steps=309 | track=03cc4166441110e8c158ba5edb3452fd
global_step=996656 | return=-140.37 | steps=131 | track=4cf8da8e949fd5dd9acfe613805298c1
global_step=996656 | return=-144.09 | steps=131 | track=2eff1eb5d743d8b3a25bcef5b5020a6e
global_step=996752 | return=-69.96 | steps=257 | track=94a3550b8ab082287cb4f07b1c1964bd
global_step=997184 | return=-23.61 | steps=60 | track=8d16226374f8af0ce15a6a7389f65649
global_step=997264 | return=-163.17 | steps=131 | track=287e6620f5066a07f7490821b73b1ecb
global_step=997312 | return=-13.47 | steps=63 | track=1c263e011284274115dcf9cc4854a2e3
global_step=997344 | return=-52.87 | steps=42 | track=d0db05bc2d4a3bcc5813d59f80c8ad95
global_step=997568 | return=-2.91 | steps=90 | track=abe097c98349142030d06faee7cd3624
global_step=997728 | return=-179.48 | steps=218 | track=3d0ced194f09a7d2c7a9776404776b72
global_step=997856 | return=-204.41 | steps=238 | track=f408682f5bb8abdf0aa719b4556e36f0
global_step=997856 | return=-134.53 | steps=131 | track=158546124cd3c747cab7180bba2fbd98
global_step=998048 | return=-72.78 | steps=152 | track=fea496f988fc491ea35033e10fb2797d
global_step=998144 | return=-129.31 | steps=131 | track=ebdfc0584b915bc76a87e292a176933b
global_step=998192 | return=-147.41 | steps=132 | track=7a2d628b2e69a0e99f946b31e4338271
global_step=998320 | return=-13.59 | steps=62 | track=f4f9e4257bf2ab8263f7696634522556
global_step=998560 | return=-147.88 | steps=131 | track=bb12afdaacafb537863ea1d8f2ebcbdc
global_step=998736 | return=-144.71 | steps=131 | track=47516fce91d2830478cb898f20627f0b
global_step=998752 | return=-149.58 | steps=130 | track=96e299949057f39f41303573d766e65b
global_step=998944 | return=-122.37 | steps=136 | track=6a221d8dbaa07b200e5cb0650ded4014
global_step=999024 | return=-40.03 | steps=80 | track=531c6e6ebdcaa43dc5302a0f062ddade
global_step=999216 | return=-4.47 | steps=63 | track=1009f30acea2fcb97feaf44b55db5ebb
global_step=999280 | return=-142.14 | steps=130 | track=ab9f9281577ef45bd705be57f9588154
global_step=999328 | return=23.44 | steps=73 | track=fc6d9e60490fe6be703589493b7026c4
global_step=999360 | return=-130.69 | steps=217 | track=5729a1ce20c77d596ac44cef13a1c0ac
global_step=999376 | return=-15.98 | steps=65 | track=1eb8cd670ab34a9e25bb014942c5a210
global_step=999376 | return=-151.44 | steps=131 | track=b7c555df424b1e5604e026c4823517f5
global_step=999424, SPS=73
global_step=999456 | return=-156.87 | steps=131 | track=07d5e2c61193d580489bf45a23de3f22
global_step=999680 | return=-150.44 | steps=131 | track=f74def9a4ba323a18a532f14b2637526
global_step=999968 | return=-138.20 | steps=131 | track=5a6493203d360b280ed3131d50bcafbe
global_step=999984 | return=-156.78 | steps=132 | track=f6e56c55127393884b0cc02a20e23c4f
global_step=1000080 | return=37.92 | steps=65 | track=739aa6949695a53b975f8f88e447a74b
global_step=1000160 | return=-147.79 | steps=131 | track=42b315b6c66773f2d22bdce7f696837c
global_step=1000480 | return=-39.26 | steps=74 | track=ceb8d7f371535235af67adc11b67b9ee
global_step=1000656 | return=-15.06 | steps=79 | track=b2c78b795bb720be3958b2b696e01a27
global_step=1000672 | return=9.07 | steps=75 | track=b27df81b773c6ca8b220501a4a77689f
global_step=1000672 | return=-136.40 | steps=131 | track=d2a1d0c55fb403ac41a4e16acc802304
global_step=1000832 | return=-52.09 | steps=100 | track=fff4131faf607103a1221fab26507325
global_step=1000832 | return=-144.79 | steps=130 | track=ce7c3b2c24dd5bf6f367f3a0057c6fba
global_step=1001072 | return=-148.05 | steps=132 | track=e1fbeba4dd2adc5262f91449a857ff09
global_step=1001216 | return=-12.20 | steps=45 | track=926f6a45c85c893ebbb9e740c4b87f97
global_step=1001488 | return=-112.19 | steps=134 | track=78300c41a3fc6fbf06f656b706617664
global_step=1001488 | return=-137.20 | steps=131 | track=bd297c5732e2b0016b6ca0a486705722
global_step=1001600 | return=-41.25 | steps=47 | track=3d78e062ef367b02ca81cc5629ad39ae
global_step=1001792 | return=-149.98 | steps=131 | track=b02549389fc3ca5945a2fcbc70b627d3
global_step=1002064 | return=-158.26 | steps=130 | track=40b7ea05e30e94a623ec7b01134e97db
global_step=1002096 | return=-150.06 | steps=131 | track=bec764573ecd975f7fdada58314cfd40
global_step=1002192 | return=-147.10 | steps=131 | track=499eb4d3501ca693b668ff0ec99b822f
global_step=1002240 | return=-145.46 | steps=129 | track=51bc1c6bacd0a47f9a2022c54acc3dfe
global_step=1002768 | return=-137.20 | steps=131 | track=bc9c47ea495e02cfa8c087bb3fa2b673
global_step=1002784 | return=-147.13 | steps=131 | track=8648b1070d75491f3bdafe52ec801f48
global_step=1002784 | return=-141.76 | steps=131 | track=f02b1cf05e566a823516f692fd7a924e
global_step=1002912 | return=-4.25 | steps=69 | track=df31de1be6ca6ef14ce0544114368151
global_step=1002928 | return=-100.24 | steps=222 | track=787d0737dd50049b1a519449057a4ba1
global_step=1002944 | return=-136.43 | steps=131 | track=4c577dde25a101225878e5e62b972487
global_step=1002976 | return=-67.79 | steps=92 | track=006ff388fac9ed35b72b0a7ff75de5e7
global_step=1003184 | return=-131.90 | steps=131 | track=053d2e3759a9fef00b7b038c1ba3051a
global_step=1003504 | return=-57.96 | steps=44 | track=47536b5c3cb831a0957ffc88d68c88ea
global_step=1003600 | return=-141.66 | steps=131 | track=e1d231a8a7374d16e1a36ffd0ad8e6fb
global_step=1003616 | return=40.67 | steps=303 | track=ef147b6fed3d46cb2fb91048d4133dac
global_step=1003776 | return=-120.05 | steps=135 | track=90efc9e127ab34d38e8a92b3d7f2a0bf
global_step=1003840 | return=18.21 | steps=65 | track=dc35e1ddf586a1ffbde9679edfc5d66b
global_step=1004160 | return=-150.35 | steps=130 | track=9842ecc70d840568b6b4ab9a6e872548
global_step=1004208 | return=-47.92 | steps=76 | track=6a731656b2b01dcca5c55181c587b1ea
global_step=1004208 | return=-143.77 | steps=131 | track=2efd812bcfa647aae7729292e6d971af
global_step=1004288 | return=-141.55 | steps=191 | track=f84c27282e5005b46c4b1695ae7cd338
global_step=1004304 | return=-138.08 | steps=131 | track=04184b258d15c6035a22d8c797287e9b
global_step=1004352 | return=-47.67 | steps=46 | track=080aa7177e73328b6631ee8820fe28dc
global_step=1004528 | return=7.10 | steps=100 | track=4409d02c37901fb45651de538c082a23
global_step=1004688 | return=36.94 | steps=66 | track=cafcc87a9d3c0da58cf6a3be359bac60
global_step=1004720 | return=-28.08 | steps=154 | track=d38e07269985d2f7cdb711305ffd38f7
global_step=1005040 | return=-135.61 | steps=131 | track=be16b3a0f7969438f115d3926fb75f1d
global_step=1005056 | return=-136.43 | steps=131 | track=1e92b8a592c6aef4df5cd70181df0961
global_step=1005136 | return=-129.48 | steps=147 | track=e0703760aa87f9c0b68f0e14e3e64f55
global_step=1005280 | return=-138.95 | steps=130 | track=13b7f56ac220e69aae9b9c7e24458ae3
global_step=1005296 | return=-90.91 | steps=90 | track=978ae0b2705dbdc8e82cd7bcb26a9dd4
global_step=1005392 | return=24.75 | steps=67 | track=051686512bd058c8154945106a947639
global_step=1005504 | return=71.40 | steps=60 | track=b30518e7e10abfb3b4d3d63c99893585
global_step=1005616 | return=-141.28 | steps=131 | track=816bb101151817bf735a65b9d97d2345
global_step=1005856 | return=-172.50 | steps=129 | track=0cc3fef09f1fb1aa0b34589e01b5fd0f
global_step=1006224 | return=-29.33 | steps=67 | track=774e8eb49c34800e1e655ef6e10da5b0
global_step=1006272 | return=-72.21 | steps=47 | track=d686a1d60286b5758bbf5f9580935e4f
global_step=1006304 | return=-147.99 | steps=130 | track=0f35c8c24b436535d4fd5469b8314488
global_step=1006320 | return=24.02 | steps=78 | track=27ce05564a2e74ac72858288d810a291
global_step=1006320 | return=-167.67 | steps=131 | track=dbc8b8056da85d142004fc15c9eee4a8
global_step=1006464 | return=-141.21 | steps=131 | track=925ec457bf87720864bcc02f0923e794
global_step=1006688 | return=-81.86 | steps=124 | track=4175aa5fa6dec5200dffa4e5c6c989ef
global_step=1006832 | return=-153.35 | steps=131 | track=55a24ced14d400ed77109b2f10937012
global_step=1006960 | return=-156.98 | steps=174 | track=b05411257c42d3a0f5a26ee05b6e21ff
global_step=1007072 | return=16.99 | steps=111 | track=cea4ff590d8b57e5d96414e6f143ff29
global_step=1007136 | return=-109.31 | steps=130 | track=dba00ad0798984b522ac7896981b401f
global_step=1007152 | return=-103.69 | steps=115 | track=b9530f60512cd827ccb0a4109bb0d19e
global_step=1007744 | return=-83.62 | steps=146 | track=7a6f0408b30bf64207400cf2c21920e0
global_step=1007744 | return=-99.60 | steps=89 | track=0cdfa71f92f16d51dd638603c63fbf1d
global_step=1007968 | return=-149.44 | steps=131 | track=f408e3a3e2791e0681efea1dd24f17b4
global_step=1008224 | return=16.93 | steps=66 | track=4b29fb10d6ef4d23baf21a08f5f3a5b8
global_step=1008384 | return=-149.20 | steps=131 | track=2ea6e34ff11991a2e6e3b243ec71b7bb
global_step=1008432 | return=-161.18 | steps=131 | track=7ad098c1a1625f330d9234badf3866dc
global_step=1008432 | return=-141.99 | steps=131 | track=a80cbf05a9cdb7a229dba7972c6410be
global_step=1008656 | return=-152.78 | steps=272 | track=99ab0de10e14982918edb51714bbbf1e
global_step=1008720 | return=-134.20 | steps=155 | track=ff94fd260cbc3e433a508110da666f3f
global_step=1008800 | return=-138.96 | steps=131 | track=ea496d745bcc14572f456b84ec076cac
global_step=1008880 | return=-127.69 | steps=150 | track=16048d8b0d92c06c5d7bd745c5bf09c2
global_step=1008928 | return=-133.17 | steps=206 | track=19ac105800affc264b0de5fcacec3c08
global_step=1008944 | return=-133.83 | steps=131 | track=1e78aeff65719666ea31418ff280b1b6
global_step=1009072 | return=-155.17 | steps=131 | track=9851b5d7f7b943e2a4ca9be2b2e404ae
global_step=1009184 | return=-147.01 | steps=131 | track=703f3b259b66fb522a79edfebec8a04f
global_step=1009216 | return=-21.08 | steps=61 | track=f51b864a8850afa6e0d6a570ec4848af
global_step=1009248 | return=-151.44 | steps=131 | track=df072b00ff4753d29650ffbd54121323
global_step=1009712 | return=-19.16 | steps=48 | track=25ecea421ea1e247b1de0b70e4f10941
global_step=1009856 | return=-144.83 | steps=131 | track=edcb2a373cd05c3b191182423def40d7
global_step=1009856 | return=-156.55 | steps=131 | track=71db229bd0846440dfe2e7cdb8ada68d
global_step=1009904 | return=-108.96 | steps=94 | track=674bccfc055bbc96ea8a45706ddf2089
global_step=1010144 | return=-159.71 | steps=135 | track=420e7a99657544236e727d01426556e5
global_step=1010256 | return=19.87 | steps=66 | track=03608a568d7f29a2ea7c65e90e2f28a7
global_step=1010304 | return=22.86 | steps=67 | track=dbba3a2993e9160e2a2b3392a2647427
global_step=1010528 | return=-154.92 | steps=130 | track=239c2aa2550be94ec7809bf4f87e43b0
global_step=1010832 | return=-144.50 | steps=131 | track=27d815b09739457020bffa5889be45d9
global_step=1010896 | return=-150.30 | steps=130 | track=4b132ef120ce216dfed148f1010788d2
global_step=1011168 | return=-127.17 | steps=130 | track=cd79dda3a8b88a245d0144551f477f32
global_step=1011248 | return=10.13 | steps=68 | track=35dd6b40a1c40f026e88b77543cb2057
global_step=1011280 | return=-28.59 | steps=85 | track=202433d0297283c3e3fc4922a3b48a94
global_step=1011344 | return=36.60 | steps=67 | track=417d106bcd542c0dc7a29ddc2922db88
global_step=1011360 | return=-156.12 | steps=131 | track=fd803aee7fd607e9a9947769bcb78216
global_step=1011504 | return=-9.69 | steps=74 | track=bca72023838ab5262181476c08c1e668
global_step=1011536 | return=-91.28 | steps=179 | track=095144d56e9ab4baf0fae2a1bd5ba4e5
global_step=1011680 | return=-141.83 | steps=122 | track=0b45907bd833adf25b383c66cd27ba97
global_step=1011696 | return=-173.21 | steps=175 | track=bda0b3911f5842dfe6f6a6bd09a297b3
global_step=1011824 | return=-96.60 | steps=211 | track=bd89d7eb9604692b44a0d16f52e662e1
global_step=1011904 | return=-27.19 | steps=62 | track=e095eafca92aa9965d890ab0a29881eb
global_step=1011968 | return=-152.70 | steps=131 | track=4b9b522acc9991cd46c093ed3732505e
global_step=1011968 | return=-146.85 | steps=131 | track=1a3099abce25847f5f05db560b559489
global_step=1012096 | return=-63.24 | steps=50 | track=8c6d4c93c64a167dfc9575946b164b0d
global_step=1012240 | return=31.55 | steps=66 | track=6bfbab5f881fbe797b2649f6ab7eb4bf
global_step=1012576 | return=-109.63 | steps=226 | track=88da851c73480ec10e0568a1b468e9d3
global_step=1012592 | return=-56.68 | steps=55 | track=6df5e79b000e7a3ac381be5b1f14ab26
global_step=1012592 | return=-121.01 | steps=109 | track=a66130d42905f7b3f8289904262b4ae8
global_step=1012608 | return=-12.46 | steps=66 | track=adc896499c8502cb16f5c8891e3fc57f
global_step=1012640 | return=-145.14 | steps=131 | track=cf257e3461b60597cbb11a864ec8f930
global_step=1013360 | return=-135.07 | steps=131 | track=ea0ab0b2e0ac04a3e0ba15989254ff7c
global_step=1013456 | return=-139.21 | steps=131 | track=3a9ec9e0bd190f9a031d570377388fbb
global_step=1013472 | return=-129.24 | steps=131 | track=ebc0ceb3a4f39fde0e7b0b4198797c37
global_step=1013552 | return=-56.11 | steps=90 | track=4d6f7c42272b1430dbc51ec6c4517d31
global_step=1013600 | return=-108.31 | steps=130 | track=7ff347b34f55638e8cb48bd7728e69e2
global_step=1013664 | return=-93.29 | steps=114 | track=a166ea989803f765dd85d7ebe64bd18b
global_step=1013664 | return=-80.01 | steps=66 | track=d57e34973c22d5cf8d7683286d8ac0bb
global_step=1013680 | return=11.68 | steps=66 | track=7c973527908bfa7161537085b0ffa86e
global_step=1013792 | return=-151.81 | steps=131 | track=89a5f974233e20a440d260c0b7e4c6ee
global_step=1014016 | return=-152.01 | steps=131 | track=b2755d04408457db814d8ec188113049
global_step=1014064 | return=-155.57 | steps=130 | track=0c8feffdb0836fec475c6549c250b271
global_step=1014144 | return=-123.48 | steps=135 | track=c055befd26b170182654eef4174b652e
global_step=1014352 | return=-149.89 | steps=131 | track=8a90a93fce68fd9a251f8c8bfdcb1516
global_step=1014688 | return=-148.47 | steps=131 | track=42ca79dae311889b5928cb7cb4127cde
global_step=1014704 | return=-145.11 | steps=131 | track=c82199b61de150b299d53fbfad58df55
global_step=1014752 | return=-143.83 | steps=131 | track=2a3509e4f1f25826704b321459ee0fa2
global_step=1014848 | return=7.33 | steps=85 | track=e0c388d81519557396388a1b316130e7
global_step=1015056 | return=-123.46 | steps=90 | track=f3293e9f3b9841eacca24d57ccf7cd89
global_step=1015456 | return=-128.47 | steps=111 | track=a485709717b0bfc8590b724815e72b4f
global_step=1015488 | return=-142.29 | steps=132 | track=20924f000faafd11addb8d6a47e72281
global_step=1015568 | return=-131.10 | steps=131 | track=49d3a56c8152dd206d55df406eaa1cc7
global_step=1015728 | return=3.80 | steps=64 | track=bf9a8e7124eaf0c4b9639400f8a96591
global_step=1015792 | return=-151.63 | steps=131 | track=6a6e24dd5bfb5f94bab08d4cb29c834d
global_step=1015792 | return=-152.12 | steps=132 | track=eb46c4c06dc7011ac4bf73c6f31e5bc3
global_step=1015808, SPS=73
global_step=1015824 | return=9.42 | steps=66 | track=7070bc6c0f019fe3487249c0f361103d
global_step=1015904 | return=-136.60 | steps=131 | track=2fbab03ef423764688996b4511318ba2
global_step=1016064 | return=-16.01 | steps=62 | track=23c237404959bd1274a891ec73711f93
global_step=1016128 | return=-142.20 | steps=131 | track=75f260b0096082c7b98593605ef85992
global_step=1016240 | return=-124.21 | steps=135 | track=44cba8418bae655600be2d17c01f1ab5
global_step=1016448 | return=-54.23 | steps=61 | track=bb50053d5390f8749bf7ea5f92a0e7ae
global_step=1016496 | return=-70.14 | steps=146 | track=3dc836885f8e4be8efc761c21cebf577
global_step=1016848 | return=19.52 | steps=69 | track=4ae2969f1a02f22f9e714bc0e1424488
global_step=1016960 | return=-157.74 | steps=131 | track=a2a7accc1245891231098fcc140f2cf2
global_step=1017136 | return=-105.13 | steps=151 | track=bef5d9d393fe0b7587d6d865040d6c60
global_step=1017248 | return=-119.24 | steps=230 | track=648965eb0ff413ed0456fbab25ddd4c5
global_step=1017264 | return=-106.96 | steps=89 | track=79f996a7d459cf4d939fd467c6ce5024
global_step=1017568 | return=-97.30 | steps=89 | track=8741e3579c5cd4704c92192941b89e12
global_step=1017600 | return=-147.03 | steps=131 | track=f521d4a7c497dbffc248c9e4ee32c582
global_step=1017712 | return=-82.17 | steps=46 | track=ce407fd078a0f306a5e743fc22ddeaaa
global_step=1017856 | return=-151.79 | steps=218 | track=619b9d9239d5c01e4d25e2e03af82957
global_step=1017872 | return=-109.76 | steps=143 | track=3b18c35c8cfc731ce408f783a15c7296
global_step=1017888 | return=-155.81 | steps=130 | track=ade11217a20a2b0cdc791f2d86454da0
global_step=1017904 | return=-101.77 | steps=131 | track=d39ac0d98de9e241ad35a0a76f163ba9
global_step=1017968 | return=-159.78 | steps=128 | track=06c128a5a0d67d540fda82f355c7c31d
global_step=1018048 | return=-108.33 | steps=96 | track=86872a0d10bae94188d57011982ca1a3
global_step=1018544 | return=-153.01 | steps=130 | track=3aa78ef015b51560c1b467a859604cfc
global_step=1018560 | return=-54.67 | steps=144 | track=ab4f470cc9649dcfab463e573caaf199
global_step=1018624 | return=-50.34 | steps=63 | track=6ec1b156167d2b77e7bbf50c08a402f0
global_step=1018848 | return=-151.49 | steps=124 | track=95d88767cd79ce2358fc16ba07148dd5
global_step=1019248 | return=-130.63 | steps=131 | track=1747b39dc4540cc91ee41ad010065044
global_step=1019376 | return=-147.13 | steps=131 | track=5c61a0e4e12ca1b362997c914bf5b9a8
global_step=1019696 | return=-54.43 | steps=152 | track=e94a17b16617e678d0f7f7b29161cb4c
global_step=1019824 | return=-146.67 | steps=131 | track=5c2d42e048d752e0cb8e8d51d12dd3d6
global_step=1019968 | return=-160.47 | steps=131 | track=82cc4c5625eb64ad0c8323678ed23551
global_step=1020000 | return=-144.27 | steps=131 | track=30f589dfe785b9a990f7dba85fe3c310
global_step=1020064 | return=-109.79 | steps=130 | track=a4c2067532031f37e2ce52365b8599b8
global_step=1020144 | return=-149.78 | steps=130 | track=facfda5aa6f5c1b3136ae6d8f94335d4
global_step=1020240 | return=-164.28 | steps=147 | track=4bd5544cd996108fae2d7539f922259b
global_step=1020496 | return=-32.20 | steps=49 | track=fbdc32ae16e9cd6a13c65997cbbebe62
global_step=1020656 | return=-137.47 | steps=131 | track=e02d2266eac31b6ebb70a8e5c54861b4
global_step=1020736 | return=-138.48 | steps=131 | track=6c2736871596ceb5cc36a1f063b62776
global_step=1020960 | return=-148.91 | steps=131 | track=7273f574a0ba623c89143c9954d75813
global_step=1020992 | return=-115.11 | steps=108 | track=e3653ead8a9e6128da36e3b5eb108d5f
global_step=1021248 | return=-211.32 | steps=208 | track=85a127e6a9b3cc842f9828eaf5182ded
global_step=1021488 | return=-146.77 | steps=131 | track=41650528906064fe58cf28ddf47ae101
global_step=1021632 | return=-105.06 | steps=347 | track=2eb128a041cf03ef7cfe19ee4269f3ab
global_step=1021760 | return=-122.83 | steps=100 | track=4052d72acff0f45aca8d592eb0a8da41
global_step=1021936 | return=-145.72 | steps=131 | track=3e6836a8973570040ebb9fd50ada790c
global_step=1022080 | return=-154.11 | steps=131 | track=2d66d2a62f69b3c2a41249fb1db54cc2
global_step=1022304 | return=-188.50 | steps=233 | track=7b43f91f6454cfffa128e00e62a6d792
global_step=1022368 | return=-75.66 | steps=147 | track=d0bbd9683831f5eddd94ebbc956bfb6b
global_step=1022480 | return=-204.38 | steps=306 | track=c841eba17251a50bfe552f97a3e28f03
global_step=1022512 | return=-3.37 | steps=63 | track=965cebc1fa2b4d38030eb32342d5e643
global_step=1022528 | return=-58.21 | steps=47 | track=15221cb9514039dbca425e589837a6b6
global_step=1022608 | return=-149.31 | steps=131 | track=5a41a9d9bf5c1302a8af042237f7d2c8
global_step=1022736 | return=-17.87 | steps=49 | track=bd1f321580e13bc4c5538f94fe64878e
global_step=1022768 | return=-154.09 | steps=131 | track=0377897134eb274e847dc5b0efe756e6
global_step=1022848 | return=-140.75 | steps=131 | track=8dd243f40aa1e6bbdb09ed955eeb8a74
global_step=1023072 | return=-141.04 | steps=131 | track=f41f4fcc70675ef743a3efd5e8ac468c
global_step=1023104 | return=-152.97 | steps=131 | track=a48f93ef06859de5ae042ccff9c44851
global_step=1023312 | return=-145.18 | steps=191 | track=74df1a84396ee36fcd5d8b51043bf662
global_step=1023360 | return=-0.79 | steps=205 | track=77d5587eb9bbb077c1d7da6f40077ea9
global_step=1023408 | return=18.77 | steps=68 | track=256fa702a90e280244fa560cafba06d9
global_step=1023568 | return=-31.50 | steps=51 | track=ea27f9a4af26707e420d410c0ed2f2a7
global_step=1023584 | return=-89.09 | steps=145 | track=49604764aa707aefd6ca8ac3e9f7550b
global_step=1023920 | return=-110.60 | steps=89 | track=3c006b9ef7b2a882cdd75da373761849
global_step=1024016 | return=-84.14 | steps=58 | track=073030244056e544f077fa6ec33bde29
global_step=1024336 | return=-0.43 | steps=76 | track=00612ff02986e4ae7c96002956bc3019
global_step=1024432 | return=-160.07 | steps=128 | track=011024993059f2cdae65e61cb251e79e
global_step=1024608 | return=-71.69 | steps=157 | track=cf50d535faba686aad8d9552336f64ec
global_step=1024624 | return=-130.80 | steps=131 | track=3f4b8f73179fcd4b90b342f9d6c5560b
global_step=1024624 | return=-150.16 | steps=130 | track=e054c15e48eb2da5a045edb839f251c5
global_step=1024720 | return=-152.69 | steps=131 | track=a8703c4406f4cdcd680090590bd1daba
global_step=1024880 | return=-151.44 | steps=131 | track=8ceb720578142858827db9269862d051
global_step=1025472 | return=-137.20 | steps=131 | track=7af732d22d3665dd6b5297fe2753aab7
global_step=1025520 | return=-61.95 | steps=39 | track=f180d701d6500a2382a2208974b89507
global_step=1025584 | return=-121.83 | steps=141 | track=0f585eace3d32616f3fae1dd26a10a3d
global_step=1025584 | return=37.39 | steps=170 | track=1b04a0db3329bdad45d14e29390e8e82
global_step=1025680 | return=-140.37 | steps=131 | track=fbb2343cadffcbfdd43efaee03af4ba5
global_step=1025696 | return=-148.69 | steps=131 | track=a6b3605f865a3c295270b602f14ee059
global_step=1025920 | return=-119.43 | steps=267 | track=3363be35f7174a586ba442d9ceca6f7c
global_step=1026032 | return=-136.74 | steps=131 | track=4f3d0a47c93b4da4598b516c7263e177
global_step=1026048 | return=-72.37 | steps=88 | track=58689227c95388bd6f631fc86218183e
global_step=1026064 | return=-19.60 | steps=101 | track=0493b5dac0c0563fd15c86a9d0e38b84
global_step=1026128 | return=-138.45 | steps=131 | track=5c042e151903953b5c1a4861ab19c674
global_step=1026448 | return=-151.25 | steps=131 | track=7bcecd153cfa9488c4cbe999f6dbe2d9
global_step=1026496 | return=-15.45 | steps=50 | track=f5234e939eedaf4f356e1edfa44bebc7
global_step=1026512 | return=-41.21 | steps=61 | track=cf239f50583f36c51147bd7769bdd5bb
global_step=1026672 | return=12.19 | steps=67 | track=8f42845cf5609b1410cd9ec7a78fc2e0
global_step=1026720 | return=-157.52 | steps=131 | track=fc607017dabf3132bf0c74ff583e95d9
global_step=1026736 | return=-4.29 | steps=64 | track=13acc8b86ec4016266973d4b2979f15f
global_step=1026832 | return=-153.07 | steps=131 | track=0290e680556a57fab99e45ccb7c1cad9
global_step=1026960 | return=-8.52 | steps=221 | track=a8faeccea360d61c09e8cb6eb8bcbfd6
global_step=1027008 | return=22.09 | steps=67 | track=0cb570d9a746febf0978093928d78f05
global_step=1027328 | return=-0.67 | steps=168 | track=d347dd1f4393f3c57eca44c737bba8f3
global_step=1027504 | return=-89.60 | steps=89 | track=e8aae298d9aaec4e941beaa62eb51e16
global_step=1027584 | return=-146.40 | steps=131 | track=8217ce8f319a125f818c528cea7df43d
global_step=1027696 | return=-158.29 | steps=131 | track=e843e7380f67c472400a76b480f5bc0f
global_step=1027792 | return=-63.53 | steps=48 | track=cda6ad93c1ecabde4c3bf957af20578c
global_step=1027808 | return=-0.37 | steps=80 | track=d66e0315d12c3c271344ae0889cf8994
global_step=1028016 | return=-103.76 | steps=97 | track=a425ad2b556e9cd8740ff70aedd4e279
global_step=1028192 | return=-106.82 | steps=90 | track=9e10115f58aabe95cccba5e5c62d08a0
global_step=1028240 | return=-142.00 | steps=131 | track=c07bd540c7e73426afc55044b3ec2af7
global_step=1028400 | return=-83.59 | steps=146 | track=b494fe8dbefd4a3ffafe4b3eb7da6f7d
global_step=1028608 | return=-153.54 | steps=131 | track=cb9e141bce31c6685c7f3ee1151791d0
global_step=1028704 | return=-72.58 | steps=85 | track=2a3c879ccc88ff494ee3e396d1e01604
global_step=1028768 | return=-148.67 | steps=130 | track=fca587feea60cdec913cfab23b066c06
global_step=1028832 | return=-146.37 | steps=131 | track=56775d1647ddca909d57c8ea95ed1181
global_step=1028896 | return=4.69 | steps=68 | track=7a22aa25bdbac0eb7840cfc2075a5b5a
global_step=1028928 | return=-141.68 | steps=130 | track=34de67b964aeed0391b572ba37b88619
global_step=1029456 | return=12.66 | steps=65 | track=0ade251b7b5169c75ff7c3811aa282da
global_step=1029696 | return=-149.46 | steps=131 | track=c1a0679970015c199e8b89f9530e2c6c
global_step=1029792 | return=-146.05 | steps=130 | track=354cc0a0e26babb77ac1dc525d7618ea
global_step=1029824 | return=-99.35 | steps=144 | track=e3e63b31b65ec3f496ead0ee39f90558
global_step=1029824 | return=-164.40 | steps=236 | track=4d20d7c6e4fee90b00c57b0eea4e6c8d
global_step=1030288 | return=-16.22 | steps=154 | track=8ef53d9c691ebcc30753d0653b6d2b79
global_step=1030304 | return=-138.41 | steps=131 | track=86bcf1809fc2f4f733d3ab97f010c661
global_step=1030336 | return=-134.63 | steps=130 | track=9135e2fae67fb24fda743449a7eaee27
global_step=1030352 | return=-78.80 | steps=211 | track=023cf20ab20f504aff7cb0f20fba7996
global_step=1030448 | return=-78.19 | steps=108 | track=07f4601b5c5974ea48f55e8d052be6cc
global_step=1030608 | return=13.85 | steps=71 | track=a2d2b389bcab4e1b023f434b05d5070e
global_step=1030720 | return=-153.25 | steps=131 | track=b2a20083cdd4ade71a9760b89932edc5
global_step=1030816 | return=-54.84 | steps=117 | track=e68f04b15810242ca1c5cbddb4774a23
global_step=1030864 | return=-110.81 | steps=130 | track=a5d7d36e562079c39e13ef75c85521fd
global_step=1030944 | return=-139.56 | steps=131 | track=a9ba3c8aa6c7a128cf9273b1d4e77219
global_step=1031008 | return=-149.71 | steps=131 | track=151cece2efe5421495881bdbecc91e55
global_step=1031008 | return=-61.89 | steps=81 | track=728be5be0b0e78c3c0cdd23c61862eb2
global_step=1031344 | return=-24.75 | steps=45 | track=800b9380d3f65645564849721b9e516f
global_step=1031360 | return=-1.93 | steps=65 | track=5feb17143f1be5bfd79da89028c49e18
global_step=1031712 | return=-38.39 | steps=78 | track=72d2e9507cd5fa0bc1c611e57f938935
global_step=1031760 | return=-189.62 | steps=233 | track=6b4167e8f90cb6976361cb9ea9d21345
global_step=1031776 | return=-55.07 | steps=121 | track=92bb38cf8d9e29f7528fa516bf6f14fd
global_step=1031808 | return=24.75 | steps=67 | track=5c60f62de1abf27097225d44abcc4323
global_step=1031904 | return=-148.96 | steps=131 | track=665d52515a5dae25902fff429528e055
global_step=1031936 | return=-156.98 | steps=131 | track=6019fe8b8130c55413264efd12ca5bed
global_step=1032192, SPS=73
global_step=1032384 | return=-148.84 | steps=130 | track=f7ed854a176832cab6f131f9ab2b9a17
global_step=1032448 | return=-134.98 | steps=131 | track=7b1fb8d92ad8bb7cb000e30e97c63a80
global_step=1032592 | return=-123.80 | steps=110 | track=4c4b120537c913e81929e7c736c6777f
global_step=1032624 | return=-125.10 | steps=109 | track=3ea7c83719249c89c548bfbbfa05503a
global_step=1032864 | return=29.98 | steps=71 | track=ea8f887de88daf0ab161e40d13b457a8
global_step=1033056 | return=-125.57 | steps=131 | track=e73731582508c0048d89e1697df83199
global_step=1033120 | return=-153.31 | steps=131 | track=ebaf5fc9c17c820355e78cb825ed6148
global_step=1033168 | return=-104.84 | steps=134 | track=9313d7efa0c4b03de3a1d531b748acbe
global_step=1033440 | return=-3.11 | steps=65 | track=423a4e02c9dbff65c912a39887ed09c3
global_step=1033456 | return=-131.10 | steps=131 | track=1571373d737c64e238d56e8c794b0dcf
global_step=1033456 | return=-159.23 | steps=130 | track=59227969b81aa85154753202ae369447
global_step=1033536 | return=-117.31 | steps=101 | track=1ed9927afdaee90dbc8ffd7532dd951a
global_step=1033856 | return=-144.99 | steps=130 | track=9ee64b01ff5e560887b23aa404e9d4e6
global_step=1033888 | return=-140.83 | steps=131 | track=8e9c8e56813ade431cc8450971afa61f
global_step=1034048 | return=-141.15 | steps=131 | track=7fc957a6c9636afe7ec4d1d215376813
global_step=1034080 | return=-186.12 | steps=232 | track=3bbcb96a7c9a9957938cdca65c6a7373
global_step=1034288 | return=-57.24 | steps=69 | track=e23ccc828db7cd56a6b135ab9b5bfc31
global_step=1034544 | return=-139.14 | steps=130 | track=7c84b10f3be25d49083a367a76010c53
global_step=1034640 | return=-114.86 | steps=110 | track=efccaf69a7b7c14564e4e763230157d2
global_step=1034704 | return=-143.47 | steps=131 | track=b2d6905993fe37f4324568b59df19b60
global_step=1034736 | return=-137.36 | steps=131 | track=9ad42542ffd44ac4986135c6fc9eab8b
global_step=1035088 | return=-113.95 | steps=102 | track=4aeb45884707f3f416581ef4bfd89f8f
global_step=1035168 | return=-146.86 | steps=131 | track=f960b4d26de3b08a14a49e57edc09396
global_step=1035216 | return=-151.64 | steps=130 | track=e898d1cd8e8a10288d1618d7abd797e1
global_step=1035296 | return=-121.81 | steps=109 | track=f27b6a69e61fecfc8546d6b21b470ded
global_step=1035296 | return=-98.18 | steps=217 | track=cd8a78bb8668665e831d2d07b0d78ad1
global_step=1035568 | return=-122.51 | steps=92 | track=13f920a878d066199cd85910c06a9793
global_step=1035584 | return=-153.01 | steps=132 | track=3da071fdac055843dadb5c2d99b29bc3
global_step=1035824 | return=-100.84 | steps=110 | track=f1ff05b0991c22c5d0f0f6c63b9477db
global_step=1035984 | return=-142.67 | steps=130 | track=10bf529565b40e3b3c36e202fd997279
global_step=1036032 | return=-64.81 | steps=45 | track=8e9e6ed35a26e2921ce9ef32ecaa4ed8
global_step=1036304 | return=-9.91 | steps=75 | track=3fea0c3e5a07c65c3e4837ec31dfed63
global_step=1036352 | return=-40.68 | steps=155 | track=d3ae770990ca0548cb3c679c8c6a46ad
global_step=1036480 | return=-8.65 | steps=81 | track=89f5ad439edc861306280cbb1cad3878
global_step=1036656 | return=-133.80 | steps=131 | track=ec7023bb3c337e27c8ff8cb82efa9865
global_step=1036752 | return=-145.35 | steps=131 | track=ca7e75f0ffb321944bca89e266f3cdf6
global_step=1036784 | return=-115.17 | steps=155 | track=6e58a5028440237e42a514db2775f926
global_step=1037088 | return=-88.26 | steps=146 | track=4b94d17a16bec708fce9f5e5ff03ac9d
global_step=1037152 | return=-146.42 | steps=152 | track=26b722d244d01bf64e418ac1f739eb4f
global_step=1037600 | return=-66.52 | steps=148 | track=c5b5913dcfa564e7a1a038824fefa4f3
global_step=1037632 | return=-7.62 | steps=260 | track=10d7943eb4881fbbf15e0fdff3cf6dc0
global_step=1037712 | return=-117.03 | steps=107 | track=6d04ccbc905bd5a01a8ee34a0ec03dba
global_step=1037872 | return=25.13 | steps=69 | track=381898cdce689c653b5d3e1313c25555
global_step=1037936 | return=-144.80 | steps=131 | track=90689c43de6620e4bd90eae70c106c58
global_step=1038336 | return=-92.20 | steps=143 | track=a21700255c661370cb2a745b86b9a44a
global_step=1038416 | return=-131.91 | steps=131 | track=18627ee290411e5abe428c164f3c7295
global_step=1038464 | return=14.92 | steps=81 | track=cd375bfdce325ca5c8478ab48892794e
global_step=1038464 | return=-156.01 | steps=131 | track=f0a8877bca9872b47a65f6d1d42e7550
global_step=1038512 | return=-84.35 | steps=182 | track=e2190a26af77792c7864ac50f72f6e65
global_step=1038592 | return=-131.89 | steps=131 | track=418e2514fdf3fdc7b6cd3cf9cd7c75a1
global_step=1038656 | return=-153.35 | steps=209 | track=36b07073f104399a280e92d99104ce7e
global_step=1038672 | return=-175.36 | steps=193 | track=f8e7fb764121fb23444270de8f8227bd
global_step=1038768 | return=-149.53 | steps=131 | track=0a8422baedf36f7d7b977171d6b45108
global_step=1038896 | return=-137.79 | steps=131 | track=f0684a8eb9eab7072f73662e146ac911
global_step=1039184 | return=-146.18 | steps=130 | track=a7c71a6fbf0b8872ee6209d87d502793
global_step=1039360 | return=-118.65 | steps=109 | track=ac402a51599861ff5b1830e60cde3dcf
global_step=1039584 | return=11.75 | steps=69 | track=139c61f5e54b0d015a7e15e8471b6bd7
global_step=1039760 | return=46.27 | steps=68 | track=1a669e75e73e523f847aef97e5830a74
global_step=1039840 | return=102.01 | steps=132 | track=05ee4c5577d0b619310e152d52a777c2
global_step=1040048 | return=-95.48 | steps=135 | track=e4f283022425bded6f0f1791586fb29d
global_step=1040048 | return=-148.15 | steps=131 | track=a9b7cc9b4031840aa4b53c802c567f6d
global_step=1040336 | return=-93.38 | steps=116 | track=3d0a933a8aba1e10cebd5cfcf007ed93
global_step=1040448 | return=-138.00 | steps=131 | track=534057b4cde881ffb3a4fcb7020345c8
global_step=1040528 | return=-141.52 | steps=131 | track=485e7ae4a15685bf9e9dd16ff9e27592
global_step=1040656 | return=-111.41 | steps=91 | track=d6b82c41b571a8cfcd0812023b92994e
global_step=1040784 | return=-138.00 | steps=131 | track=1445379c86ff73ae9f591d77c50d3511
global_step=1040912 | return=-21.63 | steps=149 | track=74ff8846902f5bdcb785a93feb6aeaf9
global_step=1041008 | return=-152.01 | steps=131 | track=cd9dcbfd78420aa159ea7bcc644edf9a
global_step=1041024 | return=-32.03 | steps=151 | track=f8f1a87371db18cb5b549f7ad5b03925
global_step=1041328 | return=-114.59 | steps=92 | track=a6fc1f0f647d68bbf299d71920b5c5a4
global_step=1041456 | return=-142.51 | steps=130 | track=0ee36ae69db8b9401812cf548723e6f3
global_step=1041552 | return=-105.03 | steps=173 | track=626f27a58cb601fdb127f2ec79bf23ec
global_step=1041568 | return=-199.22 | steps=245 | track=0603a93373b8dba084af1ae5e78c072b
global_step=1041696 | return=-135.90 | steps=131 | track=e04729fcd014330a9f7b8c0e86903dad
global_step=1041872 | return=-143.16 | steps=131 | track=613c44fa994a98bc3647da92576f7143
global_step=1042160 | return=-150.60 | steps=131 | track=b872a37535e4c8c3cad48b456ca511de
global_step=1042176 | return=-129.74 | steps=132 | track=ab5008d35bd4c487b1598d96dc96ecfa
global_step=1042224 | return=-68.93 | steps=47 | track=b5ff6a4e4bd25c594fcd8eed23432592
global_step=1042432 | return=-115.24 | steps=130 | track=3379c9d03b594727f61bb11a71f558a0
global_step=1042432 | return=-115.87 | steps=88 | track=f3bb912bfd959d300d0b2524cbdb1d66
global_step=1042560 | return=-137.32 | steps=131 | track=d4feb62516d81b7d75a69112e74f46ad
global_step=1042640 | return=-139.41 | steps=131 | track=c3b0988ccd583fa1440a3dcbdf8dd870
global_step=1042640 | return=-8.90 | steps=100 | track=977c1f80d6a602485fee2f2e4bdaa52f
global_step=1042768 | return=-131.73 | steps=131 | track=0409bf72a9581a732d57e95c7800d0ec
global_step=1043024 | return=-146.48 | steps=131 | track=55641b0f1e877292d161578c95ed5172
global_step=1043088 | return=-32.64 | steps=95 | track=475a256a6713c7006660bd73261d4dac
global_step=1043200 | return=-73.30 | steps=93 | track=64dfcde123170eaf0bb0784bb9725b20
global_step=1043440 | return=-148.07 | steps=131 | track=d9b1011fd2598f36683c8e86d46bf47b
global_step=1043552 | return=1.84 | steps=69 | track=ba456cd34c3da04a6b1ed3f3d360f4c1
global_step=1043568 | return=-115.05 | steps=105 | track=d4ede10438be5f22b88fdc4fb26c694c
global_step=1043680 | return=-140.30 | steps=131 | track=0db4f13cfde38c9d2d70277118655d4e
global_step=1044160 | return=-57.99 | steps=94 | track=f226de71d71df5a4169fe86676450454
global_step=1044192 | return=-16.01 | steps=68 | track=add8b2efe49e630ec439b97256781f6f
global_step=1044240 | return=-13.35 | steps=64 | track=5aaeaf01171ae2859bb9fc694232d549
global_step=1044272 | return=-151.87 | steps=131 | track=efa85ef45070f4bf629834702be5995d
global_step=1044272 | return=-144.08 | steps=130 | track=fccc15592781a82d6da4294dc81cd885
global_step=1044336 | return=-148.58 | steps=131 | track=cd84f869386bb71c58bf3964ad9a0fbc
global_step=1044432 | return=-118.95 | steps=227 | track=f3e3c6522e35a5892d66b05673edc8ac
global_step=1044544 | return=-136.43 | steps=131 | track=6b202c6f9d4a0e0bb2295e91d4dd04b0
global_step=1044672 | return=-149.11 | steps=131 | track=4ec347e772125828b3ca300e4ef64386
global_step=1044880 | return=-152.36 | steps=131 | track=6d81c5a95727d1f584bc351cd8603206
global_step=1045008 | return=-61.32 | steps=90 | track=cc444df2cd0a81300c6784a1dd90238e
global_step=1045104 | return=-106.55 | steps=153 | track=1b5f9efad7e32e19702dbbdf46bc22e2
global_step=1045136 | return=-148.32 | steps=131 | track=3db46f6c8a2c3241ad4762b056c05d9d
global_step=1045232 | return=-112.30 | steps=96 | track=bb2ab3b5effe5d216188fae51f93c2f0
global_step=1045552 | return=-151.78 | steps=131 | track=21a901291c0ffe751497bd8dcb33b8b1
global_step=1045664 | return=-143.12 | steps=130 | track=6c7f7360370a6955f3eed56be31f5a76
global_step=1045680 | return=-109.38 | steps=94 | track=6b9def4cc2eea0bc765138fdca123527
global_step=1045968 | return=-112.44 | steps=110 | track=62e1c429c63858ddc76ec0e320b1ef43
global_step=1046128 | return=48.23 | steps=69 | track=742108a7f74bdbc357d56e5bac75a00a
global_step=1046288 | return=-44.53 | steps=65 | track=b1898b80707b87014ff3d01f9d1fc85b
global_step=1046352 | return=-138.59 | steps=131 | track=569d9421b6ea3843cd3577625aa8dd15
global_step=1046384 | return=-144.95 | steps=131 | track=e9f7abf55c40a4b425c753d1d8a3fcbc
global_step=1046384 | return=-161.51 | steps=131 | track=d52bf591959ad787ddff7ea46c1ec348
global_step=1046432 | return=-150.54 | steps=130 | track=5c2a6ac581ab078757aae058a7516eea
global_step=1046528 | return=-142.69 | steps=130 | track=cb8f4f842d79086901bbb15de848e737
global_step=1046640 | return=-153.71 | steps=130 | track=96ded7dcbbbefc10ee9d20725b287083
global_step=1046704 | return=43.35 | steps=71 | track=c44924bfd11754d0c7b81bc83845b306
global_step=1046768 | return=15.71 | steps=68 | track=77a2c033fd9f6aad3af636c06590ea45
global_step=1046768 | return=-140.08 | steps=130 | track=ef2f0656fabb1708099799318b259e33
global_step=1046992 | return=-144.93 | steps=131 | track=e7054ae8c0464811d6aa9bfc69c54970
global_step=1047056 | return=-26.35 | steps=43 | track=0cabaf82ecdf7ce4d5673746086d56ea
global_step=1047216 | return=-144.09 | steps=131 | track=d42179b06220f4f74ab049227e30646b
global_step=1047248 | return=-147.45 | steps=131 | track=4957e9cbf21d4bfab39d9aec49f4b513
global_step=1047488 | return=-15.35 | steps=94 | track=ecf79ee98e16a3cff0010bd2ef8572e1
global_step=1047664 | return=-2.84 | steps=63 | track=b55f902aed59ded587382dcd34662ada
global_step=1047776 | return=-149.69 | steps=130 | track=2b1d76a520eb28598f9505cdbc12a211
global_step=1048032 | return=2.70 | steps=64 | track=a73c5dc1dea8757f8ead8312f8acc702
global_step=1048048 | return=-26.21 | steps=61 | track=6070e6f674e7f8f65b5940121e2379c6
global_step=1048176 | return=-59.89 | steps=117 | track=afba38dab9941496fc17fa784d0ed5a9
global_step=1048240 | return=-149.91 | steps=131 | track=c845f98c33e177a6fae39613840ab3ed
global_step=1048240 | return=-9.69 | steps=63 | track=1669f35002f6485a14becd01f0aac99a
global_step=1048496 | return=-144.71 | steps=131 | track=a8e5897e0e0b731838a45e061b10f985
global_step=1048528 | return=-101.42 | steps=130 | track=8df4533138715e8f0fb14f64f6ecede6
global_step=1048576, SPS=73
global_step=1048640 | return=-146.61 | steps=131 | track=33e66156886ecd6baf5a4fd459d8c8b9
global_step=1048880 | return=-147.81 | steps=131 | track=d703c0337cf675ced3fa543d3ea97a47
global_step=1048880 | return=-150.10 | steps=131 | track=03d71055c7caab9da1512df871776747
global_step=1048928 | return=-58.89 | steps=55 | track=7d680b1d0535cd59cc089db0aafe34d3
global_step=1049008 | return=-142.23 | steps=143 | track=6dc738cde7b3fdd50cd770bee79a560d
global_step=1049296 | return=-97.65 | steps=94 | track=c24c69d931e48e0909d4a7110caac43f
global_step=1049328 | return=21.54 | steps=67 | track=3e0b1acce8dc1a16bc72043a3d323cc4
global_step=1049600 | return=-147.81 | steps=131 | track=80760dcf86c4275e0eca2939ae57d627
global_step=1049616 | return=-80.48 | steps=147 | track=633bc1e5b19733e4f801406257593e77
global_step=1049744 | return=-107.92 | steps=129 | track=2b1af598c1c2eb383e3c5f03fd6cadf7
global_step=1049904 | return=7.80 | steps=87 | track=4346092f4b035216fcfdbed6b385edc9
global_step=1050160 | return=-146.60 | steps=131 | track=7495fb79ac575fa2d3bf76bb0bc99fe6
global_step=1050304 | return=-145.38 | steps=132 | track=526e7c1c7d8a3c6119912d9052d6f2ab
global_step=1050336 | return=-124.04 | steps=130 | track=093c30c2a17377ea4a6e5c7940d1cf90
global_step=1050592 | return=-32.60 | steps=61 | track=e05e7b07ddc2c0d46cc0bc2a0cb857cc
global_step=1050592 | return=-180.45 | steps=262 | track=c00ef0ca4b57d7222c3e0639d02b3678
global_step=1050656 | return=-141.30 | steps=132 | track=f8b1201cee400b2bcfe092d55f59f729
global_step=1050672 | return=-48.42 | steps=108 | track=8809688d83cc576dd8d5a45865aaea1e
global_step=1050880 | return=-57.23 | steps=44 | track=bf4f23fac133b84c8d3ce1aaa28583b3
global_step=1050928 | return=-82.33 | steps=142 | track=671d70bb753bae79a32f9e6b799b8c46
global_step=1050976 | return=-149.58 | steps=130 | track=b7100bf988cb795804f443ffdb51d24f
global_step=1050992 | return=-140.31 | steps=131 | track=6e0155753f285e187e4da023c1d33adb
global_step=1051120 | return=-156.01 | steps=131 | track=03051355ac42b07ac5e33d4ee157f41a
global_step=1051248 | return=-9.63 | steps=121 | track=4592b3216b097df19c186ca1c2f8d621
global_step=1051360 | return=7.31 | steps=65 | track=4aa2e7cb71d363e4d8eff2c596e75959
global_step=1051376 | return=36.78 | steps=101 | track=6f571c070a6686716b0b55e051205cba
global_step=1051440 | return=-140.10 | steps=131 | track=439a1b3f4484abdcf57b3ee9c105ed48
global_step=1052016 | return=-140.51 | steps=131 | track=56a97cc00c483fa3870a037bda689754
global_step=1052192 | return=-71.27 | steps=46 | track=eeb1fec20df8e0714ccb5392d5931112
global_step=1052432 | return=-98.05 | steps=89 | track=3c11b62dbfeab287c711da21a21eea92
global_step=1052448 | return=-151.44 | steps=131 | track=975c0105c24ea03e3d7c38082a8fa7a9
global_step=1052656 | return=-67.50 | steps=39 | track=1fcb693e006681d31adc308b4302dc2c
global_step=1052704 | return=-145.33 | steps=131 | track=109245812efa6d2f6958fb8755385887
global_step=1052768 | return=-156.98 | steps=131 | track=22f3b1173757241dd953df1e4948f69b
global_step=1052768 | return=-153.84 | steps=130 | track=7646f9d750fad146793078d896837450
global_step=1052896 | return=-84.86 | steps=143 | track=19b0337f0c44b120a1c720ee80bcc15a
global_step=1052992 | return=-134.68 | steps=131 | track=40c8f0a3c69d72a6defeb91712953f90
global_step=1053040 | return=-148.32 | steps=131 | track=0972f38602c8fbb9c650d93c87a3e2d5
global_step=1053088 | return=-134.85 | steps=131 | track=339fa15b9418b2074bcce6ee94b02ffd
global_step=1053232 | return=-150.39 | steps=131 | track=cfd29daeb6922b43462f75d64afb84e5
global_step=1053472 | return=-138.45 | steps=131 | track=019dfef13df49b768fb1843aabb5715e
global_step=1053488 | return=-145.03 | steps=131 | track=97205ec4b4ccf39c1815fd741fb6a38d
global_step=1053648 | return=-78.21 | steps=46 | track=465ff7b52dcae42fbf1b4424806030b3
global_step=1053664 | return=101.74 | steps=150 | track=05953adac4acfc07bee44407259bd0c3
global_step=1053712 | return=-34.95 | steps=78 | track=8bac6df0dd935795c33ed7c30aba0140
global_step=1053760 | return=-12.77 | steps=68 | track=bd560bcefd4265d3213d46f540f12066
global_step=1054240 | return=-143.77 | steps=288 | track=d07addfaca97fd47ff0be5d551d81a6f
global_step=1054320 | return=-29.84 | steps=51 | track=bfdc6ce847b8b735f6555bbfe05f6be9
global_step=1054480 | return=-44.01 | steps=92 | track=a499d1426a52aa9172b64595af3df744
global_step=1054816 | return=-137.96 | steps=131 | track=635d9089b024daf1724e363ef86773fc
global_step=1054880 | return=-148.00 | steps=131 | track=7a340d96b3c9445fcdcf38f46125752e
global_step=1054992 | return=-43.77 | steps=41 | track=a25d4515fdc41957432cd29a1c5a983d
global_step=1055088 | return=-79.68 | steps=89 | track=35e2a5c3ae5b9cfcbc7ce96303761c8e
global_step=1055136 | return=-144.98 | steps=130 | track=57c629736cafb12e6446e85f2f153fe7
global_step=1055200 | return=-141.79 | steps=131 | track=50859e351cd84c0fc0623466e2de8439
global_step=1055328 | return=39.13 | steps=180 | track=7cfe8c0c4a1884a6a48d89e96e142e14
global_step=1055344 | return=-135.86 | steps=131 | track=2dafc638dd22cc97963edca5b53b7123
global_step=1055504 | return=-147.70 | steps=126 | track=171252b4207ba9753a8c3afc12f1b06c
global_step=1055808 | return=-31.34 | steps=82 | track=9db73291c842f879a11d6c4a9a5cb53e
global_step=1055808 | return=-30.45 | steps=44 | track=7055f5dc0bf3a5c6e5647a37c1fb571d
global_step=1055840 | return=-142.16 | steps=132 | track=6144e315979404933996755702aea4ec
global_step=1055872 | return=-114.36 | steps=131 | track=5247a33a4aed743146c38c75ecef5319
global_step=1056256 | return=-90.00 | steps=89 | track=beb558745c41cf9808218d68bf85b33d
global_step=1056336 | return=-136.73 | steps=130 | track=9b8e7c309bb768e408d501743c3cf402
global_step=1056352 | return=-68.37 | steps=91 | track=902f19ee74ef423058476f659817efdf
global_step=1056432 | return=-176.70 | steps=228 | track=3fbf123a2d50c854ecadc6203968c598
global_step=1056768 | return=-31.70 | steps=193 | track=33f219f7a7ee3ba650c214d198639777
global_step=1057248 | return=-107.77 | steps=131 | track=bbfdbab2f1571b38db0b16e9549b7038
global_step=1057280 | return=-109.89 | steps=89 | track=81009df3adf12b2609ab3e31bed8a278
global_step=1057312 | return=-115.21 | steps=131 | track=e600bf77cf2ac80d1f03ca056671748f
global_step=1057456 | return=-163.22 | steps=131 | track=4652e96273395558e15ff677278babc3
global_step=1057616 | return=-153.54 | steps=131 | track=b65b915009d2de4a2eddf658edc06682
global_step=1057776 | return=-53.23 | steps=152 | track=b254e96cf014b85cca81013b0d84e0b8
global_step=1057792 | return=-116.14 | steps=89 | track=c28ae01f36172a0b42229a69e72d92ac
global_step=1057920 | return=-136.84 | steps=131 | track=915d869ec944ceaa1e260b38d738407f
global_step=1057920 | return=-147.13 | steps=131 | track=40ae31af4c79bf014415f3aa3ad31169
global_step=1057984 | return=-140.71 | steps=131 | track=3c9da0d9c63fb07d640e92ffc8630df2
global_step=1058048 | return=-63.24 | steps=45 | track=487fb7969c5ba87ac58efe7216e265a2
global_step=1058176 | return=-91.68 | steps=198 | track=7c9c92d7af0fa4b183683e4bf0da3aea
global_step=1058192 | return=-118.60 | steps=109 | track=69553138931d6ba8b60485529d607905
global_step=1058368 | return=-153.91 | steps=131 | track=98bd72bee8a4a01b784cccbd90dd02b6
global_step=1058432 | return=1.66 | steps=103 | track=01210287ebc044c0c80e0a24e04925d8
global_step=1058448 | return=-149.29 | steps=131 | track=41ee3e93e1be2a502f02ddaba6e525bd
global_step=1058896 | return=19.84 | steps=69 | track=c8e976eed39fc5a0085a026be3ca30f4
global_step=1059024 | return=18.84 | steps=68 | track=40d9b279ac6fffe34538f04432462ae3
global_step=1059232 | return=-287.15 | steps=439 | track=4163542fe7d1e24117c867944e33953a
global_step=1059344 | return=-115.99 | steps=117 | track=02ec002d627c71a7b031ee0dfdc435a8
global_step=1059344 | return=-142.78 | steps=130 | track=05fdda10a0ec2148dabd6b8d50ffa034
global_step=1059360 | return=-54.89 | steps=72 | track=6ee343cab5fd9efdde151d50cd763f63
global_step=1059392 | return=-137.46 | steps=131 | track=8515171ac768e4c048d37dc8caf1af6d
global_step=1059472 | return=3.29 | steps=64 | track=f48ab50184166b76332bd8475febc343
global_step=1059728 | return=-92.80 | steps=131 | track=9a7372ac7f3a1496e514792dd21a4aa5
global_step=1059888 | return=-118.00 | steps=106 | track=48d3e3bb684563ac3f0d33a166280172
global_step=1059888 | return=-54.84 | steps=89 | track=8645b6f4a78a52db28d7d43453316477
global_step=1059904 | return=-153.71 | steps=131 | track=97d20de8835f2e892f19b259acc9ae7f
global_step=1060016 | return=-136.88 | steps=130 | track=8d31f487206f385350f2cf865f1bd28b
global_step=1060144 | return=-115.75 | steps=110 | track=af7158237b949a9db91d39068ea681b9
global_step=1060160 | return=-140.51 | steps=131 | track=59ea167ed95d1c8652127fd3de7c073f
global_step=1060288 | return=2.34 | steps=65 | track=79137dd4db36143da6713697a6b93c61
global_step=1060336 | return=-26.96 | steps=60 | track=8fa17b5d4f482ec82984a3fe6367f91b
global_step=1060736 | return=64.04 | steps=171 | track=51f41358bc157fd5eb98f793e2c4d00f
global_step=1060880 | return=-9.13 | steps=61 | track=47471e553f2e7ee097bdbed73011c71a
global_step=1060928 | return=-65.97 | steps=47 | track=aecdf2d91e2c433789047a2f691ab842
global_step=1061008 | return=-146.29 | steps=131 | track=cc0d66122ee3ea6aaee505a42ac51d15
global_step=1061136 | return=-136.60 | steps=131 | track=534cf1fd370c58f6dd340d3124de24fb
global_step=1061456 | return=-136.17 | steps=131 | track=9344fd2f3b1ab5083528182d02f5c82a
global_step=1061456 | return=-145.48 | steps=131 | track=5f7979a118ddb1de5c9fb7bf81e1fb82
global_step=1061584 | return=-147.45 | steps=131 | track=cc5444981028374d23ed04a4c05a0174
global_step=1061776 | return=-114.76 | steps=89 | track=8194310f0c6571b43b613d2a0bf2d6cd
global_step=1062016 | return=-159.19 | steps=131 | track=afb4c2a9f3553d042ad37083ca2089a2
global_step=1062016 | return=-132.20 | steps=132 | track=d38e697f4a23c1e4fc88273dfc157f0a
global_step=1062112 | return=-141.93 | steps=130 | track=2f3f518f28d7bd52e75d605dcd3324d1
global_step=1062240 | return=-163.11 | steps=177 | track=2a36701d92d9ffad102fbe34bde53ac3
global_step=1062400 | return=-142.40 | steps=131 | track=f34b1d19297b0566445139c42e70919a
global_step=1062736 | return=7.37 | steps=79 | track=2db5c5f7c9aad13748d0ebfb9b12e155
global_step=1062848 | return=-145.26 | steps=131 | track=e7adc2b43ed8d36fb88f67515a5745d0
global_step=1062928 | return=-58.26 | steps=91 | track=6f88e17c1cfa2b7f88654eb553f094bf
global_step=1062960 | return=12.40 | steps=201 | track=473d084f1de2e9c3b2fb6fafaab4bff1
global_step=1062992 | return=-143.01 | steps=131 | track=df2c4ba8933f76e5aa5682c2a2257b7c
global_step=1063040 | return=-157.62 | steps=131 | track=3d82c1153ece8de5460f6e3fa590a56d
global_step=1063120 | return=-147.13 | steps=131 | track=ad19f28079d0ebf41a0eb20654635166
global_step=1063232 | return=-155.81 | steps=130 | track=6e75b1455e7e25e32b6a2c127011e6a7
global_step=1063472 | return=-85.84 | steps=105 | track=0a983eac0fbe44169eaedb3c971441b4
global_step=1063760 | return=-126.93 | steps=135 | track=4fc0473d66a1200857a2d4caab14db72
