/home/UFAD/tcuevasmestanza/.conda/envs/racing/lib/python3.12/site-packages/tyro/_parsers.py:353: UserWarning: The field `track-seed` is annotated with type `<class 'int'>`, but the default value `None` has type `<class 'NoneType'>`. We'll try to handle this gracefully, but it may cause unexpected behavior.
  warnings.warn(message)
/home/UFAD/tcuevasmestanza/.conda/envs/racing/lib/python3.12/site-packages/tyro/_parsers.py:353: UserWarning: The field `wandb-entity` is annotated with type `<class 'str'>`, but the default value `None` has type `<class 'NoneType'>`. We'll try to handle this gracefully, but it may cause unexpected behavior.
  warnings.warn(message)
/home/UFAD/tcuevasmestanza/.conda/envs/racing/lib/python3.12/site-packages/tyro/_parsers.py:353: UserWarning: The field `target-kl` is annotated with type `<class 'float'>`, but the default value `None` has type `<class 'NoneType'>`. We'll try to handle this gracefully, but it may cause unexpected behavior.
  warnings.warn(message)
/home/UFAD/tcuevasmestanza/.conda/envs/racing/lib/python3.12/site-packages/tyro/_parsers.py:353: UserWarning: The field `resume-path` is annotated with type `<class 'str'>`, but the default value `None` has type `<class 'NoneType'>`. We'll try to handle this gracefully, but it may cause unexpected behavior.
  warnings.warn(message)
Experiment info saved → runs/adaptive_fps_track_aware_lstm/CarRacing_VarFramerate_fc_1.7_bud_90_04-08-13-42-30/info_settings.txt
Device: cpu
Navigation model path: experiments/navigation/CarRacing-v3__train__1__1785768450/final.pt
Navigation Model loaded on cpu
Navigation Model loaded on cpu
Navigation Model loaded on cpu
Navigation Model loaded on cpu
Navigation Model loaded on cpu
Navigation Model loaded on cpu
Navigation Model loaded on cpu
Navigation Model loaded on cpu
Navigation Model loaded on cpu
Navigation Model loaded on cpu
Navigation Model loaded on cpu
Navigation Model loaded on cpu
Navigation Model loaded on cpu
Navigation Model loaded on cpu
Navigation Model loaded on cpu
Navigation Model loaded on cpu
Navigation Model loaded on cpu
global_step=912 | return=-71.04 | steps=57 | track=24258c6b1476197ae04d1c284c522629
global_step=1136 | return=36.35 | steps=71 | track=45bbf0d28a646753b83d8d682b82db30
global_step=1440 | return=-113.40 | steps=90 | track=c122e097281d138fa3a360d685892b54
global_step=1888 | return=-133.06 | steps=118 | track=321dc123d893325b160955c8f5ccd709
global_step=2080 | return=-127.78 | steps=130 | track=d3bdb711288c33790044242246164538
global_step=2080 | return=-152.37 | steps=130 | track=55875e77a4a96fe6ce1d5cee25daf165
global_step=2096 | return=-159.31 | steps=131 | track=c9831a3a386c3bd45ba051e226cf5eb4
global_step=2096 | return=-143.21 | steps=131 | track=c6f99d7844aaa41261c29066b67f383e
global_step=2096 | return=-137.03 | steps=131 | track=5778a40f32fefaaf4c85e6051b6118cb
global_step=2096 | return=-126.96 | steps=131 | track=fc83f89659c1ca42d5fdc7657655c0df
global_step=2096 | return=-147.06 | steps=131 | track=79f2280dded8a224fb678f3fba86c52c
global_step=2096 | return=-145.00 | steps=131 | track=568f0ee7531ab1f98e556290b676694c
global_step=2096 | return=-138.56 | steps=131 | track=60de8b3ba21e08125b849025bdcaf1ee
global_step=2096 | return=-135.87 | steps=131 | track=01d7b5c44848de0e07ac0934a55e4ccf
global_step=2784 | return=-87.71 | steps=174 | track=2a01de3b710384b8d60d8a5468a56a2f
global_step=2928 | return=18.40 | steps=64 | track=748d824c5a2b2c3228603c4b7fd0d868
global_step=3008 | return=-141.42 | steps=130 | track=77196e91f0fc6a380be8add9b1fb0ec1
global_step=3248 | return=-140.02 | steps=131 | track=5f2c3243d3da885461f034218ae2f783
global_step=3520 | return=-209.69 | steps=220 | track=5942a3244ff527ad70b3d2804cfc59c6
global_step=3552 | return=-143.43 | steps=131 | track=8600d1e6dcde6871f2efbd494bdaf08b
global_step=3632 | return=-116.07 | steps=95 | track=6262a87db3e24e571002b25a2beb676d
global_step=3632 | return=-107.00 | steps=95 | track=75d73aea4d84ff6f96c2acffb309868d
global_step=3744 | return=-127.08 | steps=102 | track=02d14665b5ab630fdf246a7eb0d4b61b
global_step=4192 | return=-139.10 | steps=131 | track=80c078ddbe09277d1ccb224e789b917c
global_step=4208 | return=-147.23 | steps=131 | track=350b6a7947a981c6914d9c21146f8e1c
global_step=4208 | return=-161.92 | steps=131 | track=3da454afa0bb0c7529b305fd114956b3
global_step=4208 | return=-139.90 | steps=131 | track=2a99b2c2d067ea0f810ddd6db123fac3
global_step=4208 | return=-120.02 | steps=131 | track=168d8297f75ace775fdd14556d24dcd8
global_step=4416 | return=-101.94 | steps=92 | track=7bbe36f7171233613eb509d0a9e26674
global_step=4816 | return=-69.23 | steps=37 | track=48ba3b9741f864e442cab35a0a7a2b00
global_step=5248 | return=2.14 | steps=64 | track=c8a1ad26d7d28c8b249e028df5f3b631
global_step=5360 | return=-148.78 | steps=131 | track=479c71889c2097e66e30b5d0c599f2af
global_step=5616 | return=-138.80 | steps=130 | track=816e72998c9e620cc2076a0417e43a91
global_step=5648 | return=-144.68 | steps=130 | track=2eaa236ac67e65764a387e94ba68f029
global_step=5744 | return=-133.95 | steps=131 | track=452276ec89b42729f93b7a16cbc21a5b
global_step=5760 | return=-141.48 | steps=132 | track=637b2707f77f76f29da3ef5a8591189a
global_step=5856 | return=-144.90 | steps=131 | track=6ada33ded42100f50164b8623ce6234a
global_step=6304 | return=-128.00 | steps=130 | track=0ce2e201fc0d3978ce44c16fbbcfd96b
global_step=6304 | return=-139.03 | steps=131 | track=505bd6c32639589eaa3566bd435c2159
global_step=6320 | return=-147.25 | steps=131 | track=f392f024f96b68b9dfe98b885a798404
global_step=6400 | return=-11.96 | steps=225 | track=bfdd87ce57caaf0cc1ef3720ad38acb2
global_step=6528 | return=-155.74 | steps=131 | track=22c24edd1e6fe8bffa32af96f63fc898
global_step=6560 | return=-166.50 | steps=221 | track=1587ac49245a0abe802818df140b3a61
global_step=6736 | return=-24.32 | steps=61 | track=239bbd639c6116b11a354cd3e4b61253
global_step=6864 | return=-9.22 | steps=62 | track=2dd8432cfe71fb90b78620e6f3b5b919
global_step=6928 | return=-133.46 | steps=131 | track=cb881114be9c671ccb9da990ca7072f3
global_step=7136 | return=-70.72 | steps=94 | track=a4095ac1962e02eb54dc83012b426026
global_step=7248 | return=-176.18 | steps=321 | track=555516047c7abcc0a136071fa1fad068
global_step=7312 | return=-36.64 | steps=61 | track=a7f9d3243fa68b176a4499a8ea7ff630
global_step=7360 | return=-157.63 | steps=131 | track=2816751321c8294acdcd4404326d2a4b
global_step=7440 | return=-29.10 | steps=54 | track=c44f9e3728bc28e532722221bc0d5b2d
global_step=7472 | return=-146.20 | steps=131 | track=d07e8fef887e6ed66fb787dad36a73aa
global_step=7520 | return=-179.07 | steps=339 | track=6e6d57ae8df83d0fa46f6ed7056f68f9
global_step=7760 | return=-141.72 | steps=131 | track=8641307f4996400ae5ac9e2293d7d4fd
global_step=7872 | return=-125.60 | steps=131 | track=8bb72a6484217cb22eb2c2eaa895b61a
global_step=7968 | return=5.94 | steps=64 | track=ed8fc5fdb1b823ec46488188924325e2
global_step=8096 | return=-124.14 | steps=105 | track=d9abc9e123c89674d45fef49b8f34fdf
global_step=8416 | return=-132.96 | steps=131 | track=3398892f08ba3128515002fbb2bf1112
global_step=8608 | return=-98.83 | steps=143 | track=41b97d928b0a1932ec2959d854ab2677
global_step=8640 | return=-151.87 | steps=131 | track=f5f4900292af2d0e1db6927730e35c9b
global_step=8960 | return=-140.10 | steps=130 | track=84016a55e70efb210257d3c6513982a1
global_step=8960 | return=-110.28 | steps=89 | track=5260f2128f19fd7561d523cd2ad32a9e
global_step=9088 | return=-68.48 | steps=41 | track=f039b33a40e93f96b6670191250b9e7a
global_step=9280 | return=-60.17 | steps=112 | track=fd12d47ad73bb4735eaf928290e27db6
global_step=9360 | return=-147.60 | steps=131 | track=938c589841ca10a15a14072b7e0a75a1
global_step=9424 | return=-155.20 | steps=131 | track=dc58b9ab9752a3900e9f8da5099341be
global_step=9440 | return=10.18 | steps=168 | track=17a50a8cc793c3b64754900443fdfd5c
global_step=9472 | return=-158.97 | steps=131 | track=4c3f077d5f899772225242e808786c94
global_step=9488 | return=-97.80 | steps=146 | track=cfbe2fc9b8e3931606c64280e8a502bb
global_step=9536 | return=-151.29 | steps=130 | track=3d1ac296ca7c92eabbe09dbb792c0dba
global_step=9984 | return=-150.16 | steps=131 | track=6877ff19b7a0e0043091503626133849
global_step=9984 | return=-18.81 | steps=63 | track=65122e7fa5af6bebba9baae280d30d79
global_step=10048 | return=-142.09 | steps=129 | track=10d7cc68ff4ba9ae0b971f46202e07eb
global_step=10208 | return=-147.25 | steps=131 | track=8566dbf53d3eddecf8a950421a95f968
global_step=10432 | return=-33.30 | steps=91 | track=f0978824ca0f65034a645c39b15c459e
global_step=10528 | return=21.04 | steps=67 | track=417dee588a895795067dfa43f221d713
global_step=10656 | return=-23.84 | steps=72 | track=29933cda22320950b684deb931347023
global_step=10752 | return=-143.16 | steps=131 | track=c338513f68b9435ba9a23c49529b3ed8
global_step=11056 | return=39.26 | steps=94 | track=d932fc49382527ee9fba43940d453862
global_step=11136 | return=-97.93 | steps=110 | track=4974e5bb5884e08c8311c76c15d7ed08
global_step=11200 | return=-149.56 | steps=131 | track=fd7d0e58f66e3cddaea276d74bb3ea0c
global_step=11312 | return=-131.55 | steps=221 | track=09548ea61b5db9a5080c378429691275
global_step=11392 | return=-141.29 | steps=131 | track=5adeac0f72b1e7daa96a3f5f894737ce
global_step=11552 | return=-99.53 | steps=183 | track=ba8980553c6cc235edeeb3fdf9b384d6
global_step=11584 | return=-157.81 | steps=131 | track=37d3f6067f6fac389e6a3dbf13c9830f
global_step=11680 | return=-11.18 | steps=63 | track=ddabec806a7d9cd663d5ed083cbb6a51
global_step=11712 | return=-77.59 | steps=93 | track=00958c307a04748319368365c13a70af
global_step=12080 | return=-139.87 | steps=130 | track=72b19fa5cff860f2ffc2ed2a049a254a
global_step=12096 | return=-144.13 | steps=131 | track=69daef84886e4c2bacf142a390d9b6c4
global_step=12160 | return=-129.05 | steps=131 | track=654efa7586405bb8cda3bf70f6a5b594
global_step=12272 | return=-48.02 | steps=44 | track=799e611d52c9fd3349f9be7851686e71
global_step=12448 | return=1.31 | steps=65 | track=00a808b7438746fa6c4c8514159f2182
global_step=12544 | return=-139.96 | steps=131 | track=8acd1b2162c8cf02006dd67e61e489fe
global_step=12640 | return=-145.91 | steps=131 | track=8cfbb878eb5ca1369129f628b7963d84
global_step=12688 | return=-182.33 | steps=203 | track=76606b169676a8f25ed60d741a5a1eae
global_step=12864 | return=-168.35 | steps=131 | track=2b4a87288a6fee25f4ab487821737c16
global_step=13168 | return=-136.24 | steps=131 | track=9351543b6efb1817f8e7bfdc2ff339cb
global_step=13248 | return=-133.46 | steps=131 | track=18e59202180391469a14702db0f0ed82
global_step=13312 | return=-143.71 | steps=131 | track=5e9e8cfd67e2ff8be501e7837a9c1821
global_step=13424 | return=-133.61 | steps=131 | track=0e4a557b4c0a855c55d5be2f1b2aa743
global_step=13728 | return=-13.27 | steps=64 | track=6f34d18a27dc2ff3ebada0fecfed67f5
global_step=13776 | return=-135.47 | steps=130 | track=31d409c2e9273bc9b31ef97096f64604
global_step=13808 | return=-146.08 | steps=130 | track=943bd89e1552f4d6e7a3a00aae27541c
global_step=14144 | return=-30.23 | steps=123 | track=884ce42f61fd919db33eac2aa9ed1e01
global_step=14176 | return=-140.98 | steps=130 | track=57a4fda1d8035ab2fcf206d3d9bde1a2
global_step=14208 | return=-150.48 | steps=131 | track=9cda88a2a9a29698d808f2dc14ac4274
global_step=14384 | return=-143.58 | steps=131 | track=b64a7698559e807ad843975ca19ab458
global_step=14496 | return=0.02 | steps=66 | track=340b9887c465290c4d6c575604a1d1ee
global_step=14544 | return=-155.66 | steps=130 | track=6ee23319d8afe9a65881b7ba9a7acd3b
global_step=14656 | return=-144.69 | steps=131 | track=d3e3fd9657275587a40dbffe35fa05b3
global_step=14736 | return=-120.37 | steps=116 | track=dc04f9381f56798f7e2cbea8f16e27ad
global_step=14752 | return=-102.57 | steps=89 | track=257cb67a110a345c4cabe1fef76eadc4
global_step=14752 | return=-139.37 | steps=131 | track=2145cbaf416fe0736310cac508125586
global_step=14880 | return=-149.57 | steps=205 | track=b80ca68b8a11d4c0f908b1954135101d
global_step=14960 | return=-38.82 | steps=48 | track=055505f595e101b9d8b31dad56089fcc
global_step=15280 | return=-164.46 | steps=131 | track=d41b50a6eca9190bee2589782d198966
global_step=15840 | return=-147.01 | steps=131 | track=6cb44a77026e8400a3970c91f0e45df7
global_step=15888 | return=-144.69 | steps=131 | track=f340e0378e9bc82a5409acbaca7185fc
global_step=15920 | return=-136.19 | steps=131 | track=68696d660bb5c8539159d4d6323b08ee
global_step=15984 | return=10.42 | steps=68 | track=33ac07cffcb67eb5ac10ea5cec6496cd
global_step=16064 | return=-58.03 | steps=94 | track=112a3f45c73a95d6fba4cdba797b6cac
global_step=16256 | return=-142.55 | steps=131 | track=615fd395f92625227401c9428089bc99
global_step=16320 | return=-143.13 | steps=131 | track=45023b6f0ec200e252fd9f22cdfa1c20
global_step=16384, SPS=61
global_step=16480 | return=-154.77 | steps=130 | track=8c0ea28b4c470102b3882f9f578360fd
global_step=16496 | return=-114.05 | steps=108 | track=f0db18b5a9b9687f42d0110fc3f06766
global_step=16608 | return=-141.01 | steps=131 | track=c611e0e3a22c58c2c8b61328a0f7f901
global_step=16848 | return=-147.06 | steps=131 | track=dd6a8d03b75943beb3d1eb79e827bc01
global_step=16864 | return=-143.13 | steps=131 | track=a030298ff522bda1b3184eae80e6ac39
global_step=16992 | return=5.85 | steps=66 | track=5e249470947d44c138d1709732882f88
global_step=17184 | return=-99.24 | steps=157 | track=5513c9b265caceb2f87b957ba3cf4a33
global_step=17376 | return=9.10 | steps=130 | track=242cb7ce60d92aa7d511a6596004385c
global_step=17632 | return=-113.26 | steps=166 | track=f03231fcc0236e9795bc2946514d7e88
global_step=17776 | return=-53.03 | steps=94 | track=31ac650aafcc56c11af7387262bf6280
global_step=17808 | return=-63.51 | steps=58 | track=1cc7a2c5c44ac844761be54e863b142e
global_step=17856 | return=-148.54 | steps=287 | track=b3a58c55ed8164e3ca1f7ba76a490790
global_step=17936 | return=-136.70 | steps=130 | track=588cb1be413cb0a2d918beb343be4417
global_step=17936 | return=40.79 | steps=67 | track=bfbf0c9365f7ec51f3b7489be5da3947
global_step=18096 | return=-147.41 | steps=131 | track=36be2c232763f0c672217a0b93429469
global_step=18160 | return=-142.06 | steps=130 | track=499fc39e0f2c68b87041e6392bc0bbc4
global_step=18416 | return=-149.50 | steps=130 | track=514a2edf5533523e384aeb3405d68cb1
global_step=18592 | return=-134.27 | steps=131 | track=de8332fcab4acbde67a0d9553515105c
global_step=18672 | return=-107.58 | steps=92 | track=0f660f4716a013bf5a321f2ffb454bb2
global_step=18704 | return=-152.99 | steps=130 | track=967376c335d51b831b9b9d40797bf2d0
global_step=18816 | return=-7.51 | steps=64 | track=59bc13e247f80f5b30f235f12e266053
global_step=18848 | return=-67.85 | steps=42 | track=ab7e8036e346504e51816f943ee27a20
global_step=18928 | return=19.81 | steps=66 | track=2a84b918c58bd055e736e8d148b84472
global_step=19056 | return=47.14 | steps=69 | track=4b1abbbede9a1a4f0bf4466871ac4198
global_step=19376 | return=-134.21 | steps=124 | track=f5cdebf8b02c1fa39cd4eb3ed08df20a
global_step=19392 | return=-82.87 | steps=90 | track=5fd2c5923fc586a6c80f38620f228082
global_step=19552 | return=-103.37 | steps=90 | track=d791c0fb7c92eaaf5b688a8fa1dcbbcf
global_step=19728 | return=24.02 | steps=65 | track=9ed3293a59733f2a01d438d59be98eaa
global_step=19728 | return=15.82 | steps=70 | track=0ecc54de123a5bfbad7db1f43ea41122
global_step=19744 | return=-149.31 | steps=131 | track=c3b31f23d8966202581379734348a3b9
global_step=19808 | return=48.00 | steps=206 | track=80cf71bc1f6993fcc449a86b6f786b01
global_step=19872 | return=-168.74 | steps=248 | track=02aa6f8d12aad953f81cdc264255b75f
global_step=19920 | return=-135.41 | steps=131 | track=2375d3bf00b440bb5bc52e4a4d1bea5c
global_step=19968 | return=-106.69 | steps=96 | track=2a15a11918336be041b184e6914bf9fd
global_step=20304 | return=-32.42 | steps=46 | track=506d44f48ef588c630afbf7f25e53c36
global_step=20480 | return=-52.29 | steps=217 | track=fc191cb6283043fe3aa34e85f742c460
global_step=20800 | return=-142.24 | steps=130 | track=e572aba340e72fa678f0d9742040491a
global_step=20912 | return=-108.69 | steps=95 | track=2e9d6cac4bf437852dbe715e054768ca
global_step=20944 | return=-129.42 | steps=132 | track=896d3565984936a0da1a22bdf5a0f2f5
global_step=20960 | return=-146.42 | steps=131 | track=a79506483447e1b53dbdfec25877ec2e
global_step=21040 | return=-135.97 | steps=131 | track=9508d384fed9708ddfcdaf805fdec07e
global_step=21104 | return=-23.47 | steps=76 | track=5a6afadf955f4b640f2a8390e9c02d4d
global_step=21168 | return=-157.31 | steps=131 | track=121f110f20a96c171d92a2606fca1c02
global_step=21504 | return=-132.84 | steps=131 | track=4ca9b801f4b16fe0a11c35a4f8a06815
global_step=21760 | return=-25.81 | steps=50 | track=9a3dc6a1cf530ab934b732ad83b7900a
global_step=21840 | return=-141.71 | steps=131 | track=1655dd691bc646309e9d0c6b36931b9f
global_step=21856 | return=-136.62 | steps=131 | track=eed8b9e8064bfc247a8212dae7b9ef44
global_step=21904 | return=-148.44 | steps=130 | track=33457b93802eefb39d7af7c483ef8cba
global_step=22032 | return=-151.70 | steps=131 | track=49d60d7fb34f0d38b05a3bea9e0723ed
global_step=22176 | return=-41.53 | steps=137 | track=7ab5a2008e73b00f45e4e3cb4bdcb3b1
global_step=22416 | return=-128.00 | steps=131 | track=7f35ae92b3743f52f864d77e7bb99011
global_step=22544 | return=-33.73 | steps=48 | track=29b926bbc575d409c4449dbe41ca346c
global_step=22592 | return=-150.61 | steps=131 | track=5e20a3648fc7db6d555a50def50be516
global_step=22880 | return=-8.59 | steps=64 | track=010c38238842ad37c01222353cdae409
global_step=23104 | return=-124.51 | steps=136 | track=d5b7add4277f0420918c20563fbaf55d
global_step=23152 | return=-146.60 | steps=131 | track=0ec5c7237861cf9803088707c9ab8fe5
global_step=23280 | return=-141.20 | steps=131 | track=7fc2628f8edc12ddaeeba8ae7b7c60d2
global_step=23424 | return=-208.20 | steps=230 | track=796bd46031b442086138e169eb8e79dc
global_step=23792 | return=31.81 | steps=167 | track=f5dd86a10819500cf3c869330de0ddd4
global_step=24016 | return=-146.31 | steps=131 | track=811161711ef350f5c0495091159dfb49
global_step=24112 | return=-109.92 | steps=196 | track=f15c90a03235b1f0a5da0a72b2cfbd05
global_step=24144 | return=-137.67 | steps=131 | track=95d4371695b7e0eb4b6b0eee222a56a1
global_step=24288 | return=-144.90 | steps=131 | track=c956afd99a63410a30df7e5d24154aaf
global_step=24416 | return=-159.45 | steps=159 | track=9abd2b95c6fe41857ccbe96e149eebb9
global_step=24528 | return=-142.67 | steps=131 | track=64eba72a3c1b8174661de804c8c77339
global_step=24560 | return=-183.02 | steps=234 | track=5e893336cf4ae800720c3dbaaa35160b
global_step=24592 | return=-27.36 | steps=72 | track=39033744ca3e60d038054a2da9199e7d
global_step=24608 | return=-112.73 | steps=193 | track=2776dcdac7b8b3842e563f31d74ef9e6
global_step=24656 | return=-139.96 | steps=131 | track=65c7fc23c2f4cb8f147f034ea8eabcdd
global_step=24704 | return=-150.29 | steps=131 | track=3ce5ee5224422ee9b66de135b06425d8
global_step=24976 | return=-145.50 | steps=130 | track=6d7e620b6eba06814d5b016a97349a03
global_step=25216 | return=-166.11 | steps=131 | track=11188cac54f4527cca89954a4cac87a1
global_step=25264 | return=-141.91 | steps=131 | track=95739fe991770f6daea4e8e42a5e9a15
global_step=25392 | return=-147.60 | steps=131 | track=94cd87b684e08add5630237f2ebfff8f
global_step=25744 | return=-113.67 | steps=107 | track=f89f284b087e56e7cd361af4757583a9
global_step=25792 | return=61.55 | steps=70 | track=7778b42982613204e4f76052504e7f5d
global_step=25888 | return=-144.88 | steps=130 | track=71883b860466bceed3e9a630c252b36f
global_step=26208 | return=-58.39 | steps=99 | track=b0e1d520bf115316b813ce2631b5fb09
global_step=26224 | return=-141.20 | steps=131 | track=3aa29f41cc1c862929e2a7608be17efe
global_step=26256 | return=-19.70 | steps=61 | track=cdbcf39befce4e174a83878f57d649e5
global_step=26288 | return=-116.60 | steps=109 | track=b5d04d91967ef4a10373d54c950cf5f4
global_step=26400 | return=-139.09 | steps=131 | track=085646b41bce40ae35699c6c6667c96a
global_step=26512 | return=-79.84 | steps=147 | track=7c2e539c2f342427cbcf8ab8037e282c
global_step=26528 | return=-135.70 | steps=131 | track=50e0e8c7198d9eefd5eb21450b13b41c
global_step=26672 | return=-58.56 | steps=48 | track=70a8251cc935715b8c920b204442a275
global_step=26704 | return=-139.78 | steps=131 | track=a53639565d59b2976edf6695bbf48edd
global_step=26800 | return=-111.10 | steps=130 | track=8c2f94e98c0b2633f3d846162c47ba37
global_step=26880 | return=13.34 | steps=70 | track=24308a8175ab6817a33eb6429623696c
global_step=27088 | return=-140.63 | steps=131 | track=64ec75a999a8e5946ac6f66d100ac189
global_step=27232 | return=-102.24 | steps=89 | track=19cdb3f40056f0d2fb3fe4946d5a7ed0
global_step=27488 | return=-149.21 | steps=130 | track=b96177575ed5e395f7e7cfb6ad231595
global_step=27744 | return=27.47 | steps=64 | track=2d8e469acc713c32d2e5bfdbe3a4b9e3
global_step=28032 | return=-96.08 | steps=175 | track=3b37f464e85cb6056c3ac2f03a84109e
global_step=28304 | return=-145.22 | steps=130 | track=d1d578a448f34dc84d8008ea6ebaa601
global_step=28336 | return=-165.74 | steps=131 | track=cad10dbfe333d9b0cab2bb7601b19cdb
global_step=28368 | return=-149.23 | steps=131 | track=331feba05ab87d99330259f7fc5f0def
global_step=28512 | return=-141.00 | steps=131 | track=0e994c43d1cc719b4066c425c6079970
global_step=28624 | return=-113.95 | steps=95 | track=0d55bb8ea3c21da482df9805cb543e64
global_step=28624 | return=-139.15 | steps=131 | track=985cdbc199050ecac3cf354fb6276b78
global_step=28640 | return=-107.17 | steps=131 | track=e582545e2570f243a89824b179a51df6
global_step=28976 | return=-125.04 | steps=130 | track=a44be98cf59cac58b56ad797b10bfd40
global_step=28992 | return=-121.65 | steps=136 | track=225ea37e7593a41324cacdc8cbe9a6d2
global_step=29024 | return=-73.13 | steps=146 | track=1504c9087c40f2dad4040ebeacca9958
global_step=29120 | return=-59.83 | steps=284 | track=4903b4cf158dc80f515c4966c3c16ec2
global_step=29344 | return=-132.00 | steps=131 | track=2fce754e7b86043fcca2086f1b3fc5d2
global_step=29600 | return=-139.73 | steps=131 | track=5bee6f099f9ec14027a908ab9e72d1a3
global_step=29632 | return=-12.92 | steps=61 | track=8dcba6c8e52ad7fdf68d525d51c487a4
global_step=29856 | return=-146.31 | steps=131 | track=c9304cf5f66fb23d2d637d659d6ae884
global_step=29920 | return=-117.78 | steps=100 | track=fb9a56968ab68914cf58847b9c20e78f
global_step=29952 | return=-111.40 | steps=98 | track=62dd51b7c95e701007f5ed79833e39ba
global_step=30032 | return=19.09 | steps=65 | track=2cc9df0f12e35757337f6e3b717c34f8
global_step=30064 | return=-22.50 | steps=66 | track=32ff62089c263bf7653451bdd47f9404
global_step=30256 | return=-9.67 | steps=70 | track=bdba43ecfa874a75882f3b7c55ff29b3
global_step=30448 | return=-132.25 | steps=131 | track=83f464ac63c0b204ae97933c742a284d
global_step=30480 | return=-39.07 | steps=152 | track=a8e4e3dcaf65955116b46b50b9821ff1
global_step=30624 | return=-147.46 | steps=131 | track=84dc95872fb29dff8aabc6cf297d66b6
global_step=30736 | return=-143.29 | steps=131 | track=8a80269aec10fe4316ef0af0fbe823ca
global_step=31120 | return=-45.04 | steps=155 | track=fbda3a02a312d71d69c00fb25e60e48e
global_step=31168 | return=-72.82 | steps=42 | track=407b828940365cfca4f827a8b8e6332f
global_step=31440 | return=-138.84 | steps=130 | track=ac755d675df034260ef0b72e9eb0359f
global_step=31440 | return=-83.88 | steps=61 | track=c73dd829a179f4d43c8a8a38812f78ad
global_step=31536 | return=-78.64 | steps=100 | track=208dc83c50e53b221affe6114c61814e
global_step=31616 | return=-137.97 | steps=123 | track=31175ac7206c42d8aac6c28c93cc4587
global_step=31712 | return=-152.72 | steps=131 | track=37c0acda1996715cc50468af8b51e635
global_step=31968 | return=-132.79 | steps=131 | track=ab60a125b440771b39d12bed22010110
global_step=32048 | return=-76.84 | steps=81 | track=f9acc40efff4425c78281c46d9c8c965
global_step=32048 | return=-147.15 | steps=130 | track=dda88c1bcca3b6d104d6e207870a753e
global_step=32128 | return=-150.02 | steps=130 | track=43f8ea5129b289799b1a16e3afaea0a9
global_step=32176 | return=-141.43 | steps=131 | track=9ac0aa2ae9d1e58a017e653e7f2057e5
global_step=32480 | return=-278.80 | steps=386 | track=baf1fe4169a496107ff24d0dd7dd9c85
global_step=32624 | return=12.91 | steps=67 | track=31f9818e15ddacc629139763fb831edb
global_step=32752 | return=-141.60 | steps=132 | track=bc1f72d3067566f8d6f01022a723a0e1
global_step=32768, SPS=61
global_step=33232 | return=-151.70 | steps=131 | track=eea124deb816b7cd2fa3253f0a8fad8c
global_step=33280 | return=-140.26 | steps=131 | track=306e10b1063634e221a4e2c7e11eb7e8
global_step=33504 | return=-46.21 | steps=90 | track=e0a0149bcdbe20a2fa975fb2bfbf984d
global_step=33504 | return=-19.51 | steps=82 | track=77a3f2909ba91efc85ba95fedb55a4c0
global_step=33552 | return=-156.18 | steps=131 | track=b56f5bb6c2cd4004edbdaa0bed8c7453
global_step=33744 | return=-147.40 | steps=132 | track=467e70e0a74ebd698fd190f9975306a3
global_step=33824 | return=-157.61 | steps=131 | track=4e148df1e74aa40c74fdb6edbfde7502
global_step=33856 | return=-76.73 | steps=150 | track=266bf247f2d9402bc077b6c71c9beb0d
global_step=34080 | return=-155.97 | steps=131 | track=bc342102ad1424d4e36435488d05fa6d
global_step=34160 | return=-135.59 | steps=131 | track=5cefb9067c3460256554165e766f1140
global_step=34240 | return=-126.10 | steps=131 | track=5d434767ffa3e80a8788e09f229fc44b
global_step=34528 | return=-51.18 | steps=63 | track=5a4417d9c1defa108db459bd17e9de65
global_step=34592 | return=-143.91 | steps=131 | track=4ab46580cfc29ac3abf817e8e04e0079
global_step=34736 | return=-133.63 | steps=131 | track=57c36a4a197378c42d5fc363e73334fa
global_step=34864 | return=-144.99 | steps=131 | track=6b931e3ae67a4f3608b99460ee8b03cf
global_step=35072 | return=-18.81 | steps=75 | track=828e729d6844d45d0841d1e545e028c7
global_step=35232 | return=19.33 | steps=66 | track=f657aa39aa690db5c04e93fb954331e1
global_step=35328 | return=-145.24 | steps=130 | track=fc81696d6e872db4c413bb2f84385154
global_step=35392 | return=-138.20 | steps=131 | track=226eee8034c2f28047d32ee1469fdfe9
global_step=35664 | return=-148.76 | steps=131 | track=ca26a7174c6c4387f17885e30ca063b9
global_step=35744 | return=-23.87 | steps=419 | track=e08cd058fe025344addce8bd1e3fc428
global_step=35856 | return=-113.02 | steps=100 | track=83864444af571ce45e1ee56943028368
global_step=35856 | return=-134.20 | steps=131 | track=7e1464573d127536261f74541c6dd70f
global_step=35936 | return=-149.71 | steps=131 | track=5c883fe8e57003c5354c0dc2bcd019e9
global_step=36176 | return=-153.74 | steps=130 | track=0d9a0b31ffe9e58d7d2d5765ca382fdc
global_step=36288 | return=15.68 | steps=75 | track=48073097dca4ade8f9f2c8ca7bc4ceeb
global_step=36688 | return=-141.80 | steps=130 | track=40b120d38e3012a1ae1538e10fbb2796
global_step=36848 | return=-144.44 | steps=131 | track=85c4844955eb06396e4127782511eebd
global_step=36976 | return=-136.77 | steps=131 | track=0d490a705caccdab30675ec63b8c2703
global_step=37008 | return=-71.72 | steps=154 | track=ca3720b5fe977e2af4d2beb0d604af3f
global_step=37104 | return=-46.89 | steps=110 | track=1ae678c8fccd430b2d49cf0dfd0f04e2
global_step=37344 | return=-149.17 | steps=131 | track=dfc0caca105b197148012e79b7cfc047
global_step=37360 | return=-128.76 | steps=240 | track=6a1ba28231ac6126ab1c8da5bc371401
global_step=37376 | return=-114.86 | steps=94 | track=a28ab4d2d261510ec22d4051f80632ae
global_step=37472 | return=-122.35 | steps=95 | track=95d90348dfa392571c773ec09333a9c6
global_step=37504 | return=-143.58 | steps=131 | track=db055cda8902bde9fd3d39515d1c622f
global_step=37584 | return=-244.82 | steps=457 | track=512fee3c1102ed8823e705b595b3633b
global_step=37856 | return=-139.78 | steps=131 | track=49029274b3be67424e6a7283f2c5e83a
global_step=37968 | return=-132.84 | steps=131 | track=b43e7c2677b9c9a8028ceea46b1baefb
global_step=38016 | return=-86.42 | steps=146 | track=6711257487cced5da8b00f40061afc69
global_step=38272 | return=-140.88 | steps=130 | track=c9575255fd92095cc2d46e27858d3f49
global_step=38384 | return=-142.32 | steps=130 | track=5987c33f88c23f03bb30172ea50c0218
global_step=38704 | return=-19.11 | steps=45 | track=6f717d3fc8d7be70bc99d31d20bae43a
global_step=38752 | return=14.56 | steps=85 | track=c601e68d017240a0fb2597f960e2707b
global_step=39008 | return=-24.66 | steps=61 | track=9784da05da798859db1616c6801da65f
global_step=39072 | return=-151.54 | steps=130 | track=491f663c05c135c790c35a147efd2d9d
global_step=39120 | return=-130.60 | steps=131 | track=9a627b10a340bfa47846ea322b92a5a4
global_step=39200 | return=-137.48 | steps=130 | track=07ad594a5d00065f74d67926e83f0d54
global_step=39360 | return=-154.35 | steps=156 | track=8e4bd5b7649678ab33bcd006b6505f20
global_step=39456 | return=-141.98 | steps=131 | track=5599798f07f8ba5a7062a11f211323e8
global_step=39472 | return=-134.04 | steps=131 | track=392726521c9cfedbdf203ecf0fa91bd8
global_step=39568 | return=-143.22 | steps=130 | track=069c5d4a80eba71386486d4b495d6d98
global_step=39696 | return=-135.90 | steps=131 | track=eb5152ce298d11d5e7859e4bcf856115
global_step=39712 | return=-72.99 | steps=137 | track=d81d7e167d42ecd6e40706e61bdca56d
global_step=39792 | return=39.28 | steps=87 | track=589f32149486bc8905ad195789b38022
global_step=39968 | return=-133.76 | steps=131 | track=119e4de8ffb19613e8a7121980b8123a
global_step=40816 | return=-143.36 | steps=131 | track=65445b11b6772e282a1fc5cd901e9ae6
global_step=40928 | return=-5.90 | steps=70 | track=c6aacbc142473404263cdbc6b8550f79
global_step=40944 | return=-108.89 | steps=136 | track=a55facc5f71f9569b342952a09fe797b
global_step=41040 | return=-16.90 | steps=83 | track=671e0670e1b05dc9cbc86361a07d0425
global_step=41120 | return=-145.34 | steps=131 | track=888e0b0e861a52da2b3ab6d0289c1e3d
global_step=41120 | return=-104.25 | steps=103 | track=3c4ce2b3f2592fd14f7971192040022a
global_step=41184 | return=22.04 | steps=131 | track=93c325f94a85dbfdf7cb185d36ccdc28
global_step=41472 | return=-134.93 | steps=131 | track=636bb157f1a48f3a56f4920aa3fb213f
global_step=41552 | return=-96.26 | steps=204 | track=8a6a621ae5eac4736cf3f4400e85866f
global_step=41664 | return=-144.18 | steps=130 | track=a68e1a08219c85996627ad3fe9c13875
global_step=41728 | return=-88.78 | steps=314 | track=a64f67047bf07a275664810f05170f01
global_step=41824 | return=-139.31 | steps=131 | track=db9e8e00fc562d64f83852371ab0b527
global_step=41904 | return=-75.55 | steps=44 | track=37b6ab68272560799b1e19380862f353
global_step=42048 | return=6.40 | steps=182 | track=7c8d5d9c1df84c6e5dcb6f335d412e80
global_step=42064 | return=-153.53 | steps=130 | track=4a48e5026d8be2cd26c6e8de4b1f5ae3
global_step=42144 | return=-103.11 | steps=166 | track=24491dcc0a678c16725942179b080e15
global_step=42208 | return=-19.77 | steps=79 | track=57a911a6a72cd5d58e9abd72cfa5ed5f
global_step=42512 | return=-97.27 | steps=206 | track=e5fabca86303d15501f58b057a5a9ce8
global_step=42704 | return=21.64 | steps=64 | track=a311e7af9b0c3ff91936bae2672a778c
global_step=42928 | return=-141.00 | steps=131 | track=6114dce521179da2ea306fe83ad47f8a
global_step=43056 | return=-136.30 | steps=131 | track=a0b38a0b7bf3948626aad85224fd12b8
global_step=43216 | return=-141.82 | steps=130 | track=59d8a556af6ab7d7ff9623a7e99ae87b
global_step=43216 | return=-142.00 | steps=130 | track=0681d905ea94e4db93005ed3a66fabc4
global_step=43568 | return=-102.83 | steps=88 | track=165cd1bed0c0e2bbee6fb3cbc0c3c192
global_step=43568 | return=-132.39 | steps=157 | track=e56bebd72cbfbf7119e7455ca9a7dba2
global_step=43584 | return=-142.21 | steps=131 | track=e0fbda25f9014ff7cffcf199fbe52f4a
global_step=43664 | return=-140.01 | steps=131 | track=fac7e3c37325974e85b4a2fae928fabe
global_step=43840 | return=-150.28 | steps=131 | track=4fe90c944c377eed7d15e8f9da11415d
global_step=43936 | return=-128.30 | steps=131 | track=8dd2de7a252044888c29aa6881708900
global_step=44000 | return=-145.93 | steps=130 | track=b8e43f1f20138cd5a3d26a30374e7262
global_step=44160 | return=-143.83 | steps=130 | track=e239ca30f61b5e0670f0353cae8ea54a
global_step=44160 | return=-119.80 | steps=131 | track=b60a20d416056323ceb96b693afa9f53
global_step=44320 | return=-162.38 | steps=131 | track=4f2cef622c94726047e7ffcee2986758
global_step=44608 | return=2.00 | steps=64 | track=837d246314604c9884e6829daa30342a
global_step=44800 | return=-146.44 | steps=130 | track=e84241c27db48b908f7a02bb5f739390
global_step=44880 | return=-27.19 | steps=64 | track=0047e80d8fa78b3079b58cec52324b56
global_step=45264 | return=-82.51 | steps=105 | track=d0788f30fe93a1c09be7d36b2fb15804
global_step=45328 | return=-145.71 | steps=131 | track=8b86efd3f3822d77a7428a3469f3e96f
global_step=45328 | return=-136.24 | steps=131 | track=1ad8390f5235b9ed898b642d60e1638c
global_step=45664 | return=-104.70 | steps=170 | track=eeebeb1ae52d534b95cf65b378233408
global_step=45696 | return=-144.61 | steps=131 | track=f3beedb96aab100f2ea041b2f03c5922
global_step=45712 | return=-99.01 | steps=199 | track=093aec462de30bf4664730c4f48ad94b
global_step=45728 | return=-61.05 | steps=97 | track=0c2dd5f3f3b2a51eb8344a1070af9cf2
global_step=45760 | return=-97.66 | steps=89 | track=a8cde0d3925454c6b7ec69ad8d969f1a
global_step=45760 | return=-156.21 | steps=130 | track=d1c271e3d30c631e234d8c8bca5979cf
global_step=45776 | return=-89.02 | steps=169 | track=931015ffef09fe5f1b61d24e00cdff9a
global_step=46112 | return=-128.78 | steps=131 | track=2f6a8aa119140a2dd529e5f0ad801085
global_step=46272 | return=-145.91 | steps=131 | track=eaae0558664f6d37bfab2dd3cdb77ff5
global_step=46400 | return=-70.30 | steps=39 | track=35318dfb97af18807241357069ec7e5e
global_step=46528 | return=-92.87 | steps=161 | track=f1d17e9668c5be52f786a38dd9098436
global_step=46752 | return=8.49 | steps=64 | track=a6a5bd2180ad4fc2ce2bff19b95dc858
global_step=46832 | return=-70.40 | steps=93 | track=4a367de18801a49316ebd6efde7a0847
global_step=46912 | return=-137.27 | steps=131 | track=c2501314ba07c8fba695094715bfac8c
global_step=47104 | return=-93.84 | steps=155 | track=f369c0a3cd44e27395bb7907f0c840ac
global_step=47376 | return=-53.18 | steps=155 | track=aca2f64fa6e360daa39dde3b7bc4f77c
global_step=47440 | return=-140.97 | steps=131 | track=44c9bea28ee71bb4afe532ae0c21b94c
global_step=47536 | return=-58.78 | steps=48 | track=38ff6677ee17b4c584dfb8fa8887cd71
global_step=47568 | return=-100.26 | steps=143 | track=b78a7b284b938c424be01f930c94a18c
global_step=47760 | return=-141.89 | steps=130 | track=1f15db1961edc4a5af557415eab00851
global_step=47808 | return=-133.47 | steps=131 | track=1654384c55f237f6a8cce84bd970a914
global_step=47888 | return=-141.79 | steps=131 | track=d8bbc5cc0a874ae77d059e6ccfbe0be1
global_step=47968 | return=-51.03 | steps=65 | track=441b59f0fed7b2560db7ed045c811239
global_step=48192 | return=-14.82 | steps=153 | track=a7d93861f2934ed77ef14df066fb6c2a
global_step=48224 | return=-142.90 | steps=131 | track=13408eeb033d6807ac60a324d2fec45b
global_step=48384 | return=-140.51 | steps=131 | track=aa4f9628bd451254d2e90eec9ee054ac
global_step=48512 | return=-145.77 | steps=131 | track=81c2c4f307e4378f0cbe952ec3c5ff71
global_step=48624 | return=-108.49 | steps=94 | track=ddbe20ab0ddb9a7ad7485ecc85dd6927
global_step=48928 | return=-103.40 | steps=130 | track=aa87826e72384652112713216ef5c320
global_step=49008 | return=-65.07 | steps=154 | track=14638d1671c769d9a95b4e9d802e1bb5
global_step=49024 | return=-116.81 | steps=102 | track=0c4c28a6e1a581b9331b4c5dcee9f9e0
global_step=49152, SPS=61
global_step=49280 | return=26.38 | steps=67 | track=07f74cfb0a9314130a42986da9e7a887
global_step=49552 | return=-149.73 | steps=131 | track=79906f8d80fb2cd0091e31a1f5fa7087
global_step=49616 | return=-39.42 | steps=61 | track=0507f09862603fd17e82d69d096a87ac
global_step=49648 | return=-149.47 | steps=131 | track=0f277f9f6931f6535a0fa31ac48e6fc9
global_step=49680 | return=-150.38 | steps=131 | track=a9d08c03b5939d6abcd2cda7a398c6c1
global_step=49856 | return=-149.42 | steps=130 | track=fdee9ba14a485c01c3c19f1aaf787307
global_step=49920 | return=-150.22 | steps=131 | track=dbc9e91c0ff96dbd23f388fb1227e637
global_step=50000 | return=-128.50 | steps=131 | track=28daf7d576909e9877ca337f792df55d
global_step=50080 | return=-150.67 | steps=131 | track=4800aa650d730f5a4544c2a1a5dce330
global_step=50320 | return=-130.80 | steps=130 | track=0d368cc9e38c7ddf53decb24e2769d60
global_step=50384 | return=70.45 | steps=116 | track=8ea0b24d45fe1fa2888faa12d1dbe4af
global_step=50768 | return=-88.09 | steps=42 | track=4d4f0ac870d64814270ef6b0233a4ad9
global_step=51120 | return=-64.16 | steps=89 | track=6afa3c9bda01e6bc7f0c9a2398be5f28
global_step=51120 | return=-129.81 | steps=131 | track=1135c320a44e9daa182f9eb46bd2f3b2
global_step=51184 | return=-93.82 | steps=174 | track=997580e0b8066a3a6ac3b39635fcf933
global_step=51392 | return=-128.00 | steps=131 | track=6ea73ab5a59c66a6ae0221b170bddc90
global_step=51664 | return=-148.03 | steps=131 | track=28bcf2e852780d58d3d09d002ba22f12
global_step=51728 | return=-150.28 | steps=131 | track=77de352d0b2d2adb340b003ad434f1fc
global_step=51776 | return=-171.54 | steps=171 | track=e2e802f7d6d2a625f9eb8747ae605dcc
global_step=52032 | return=-140.02 | steps=131 | track=5d89f8fc2d50dbaa3e4d20ecb4f6580f
global_step=52112 | return=-141.98 | steps=131 | track=44169cdb460bd656b7ea3464322491fb
global_step=52432 | return=19.98 | steps=64 | track=b075cd4f200397de996123db064705cc
global_step=52432 | return=-150.28 | steps=131 | track=e41435094300a490f6ef10074623fb1f
global_step=52496 | return=-136.36 | steps=131 | track=51d10867692a251afc74d216916bcd7e
global_step=52512 | return=-153.73 | steps=165 | track=45d5630491be43b7ae96a5e397263972
global_step=52752 | return=-195.75 | steps=436 | track=62f392484acd8e74bd9dfe48c51eec79
global_step=52880 | return=-133.76 | steps=131 | track=5fc77cb8e238beb212f35beb4d5feee3
global_step=53088 | return=-48.30 | steps=40 | track=86efc3d84df32aa55778021e32d9b5ba
global_step=53120 | return=-63.66 | steps=83 | track=ccae84abc2e7110d47425c6cc0a7383b
global_step=53152 | return=2.56 | steps=88 | track=4fc25f00a79793d3f0a5589cf4b95fa8
global_step=53232 | return=-153.57 | steps=131 | track=6efe77c1fe00e41fb89c258337045fc3
global_step=53232 | return=-129.56 | steps=131 | track=e0d656cfb0b2bb468922d15bd7fc1127
global_step=53296 | return=-140.66 | steps=131 | track=601755f78ceebc63abab21f0d7f79aec
global_step=53504 | return=-24.76 | steps=62 | track=e92b9862c7bf139eba374e769d12152a
global_step=53776 | return=-142.55 | steps=131 | track=fa90941e21015ed74c92faa5800b63d2
global_step=53904 | return=-78.86 | steps=265 | track=dfa082028b40ed7d1b6afed92a3f6fc3
global_step=53920 | return=-73.02 | steps=311 | track=6d7defefd3b49399d5c829f4771d40c5
global_step=54000 | return=-58.98 | steps=47 | track=8632c4a243364a25c9ca2519e3e664ef
global_step=54112 | return=-115.15 | steps=129 | track=0a1c6c86f228d5c02ca70ebd7a553ab7
global_step=54544 | return=-139.78 | steps=131 | track=05a96f729bcea72e85df48244cdd2b23
global_step=54624 | return=-153.05 | steps=131 | track=76c730d55bfc752e444ff9247c8ff2c0
global_step=54848 | return=-163.19 | steps=130 | track=ec97afd802dd1ae40a9a8626d0748234
global_step=54848 | return=-114.14 | steps=96 | track=a3abd860e74a5c05f447bcc33d9d0a1e
global_step=55008 | return=-0.67 | steps=62 | track=d5c67acf0eeb8789c6f5ef74335a6a94
global_step=55168 | return=98.15 | steps=190 | track=30f0533d0f0ca3be4d86496879826f39
global_step=55184 | return=-140.65 | steps=130 | track=15811836e95ee91377068f35f180be6e
global_step=55216 | return=-140.30 | steps=145 | track=90145022bd79b811ebcbe3f0aee87a90
global_step=55232 | return=-148.09 | steps=131 | track=6bea58aa6c614bc312b6db1c2e153740
global_step=55264 | return=-142.15 | steps=131 | track=2387a9ab972d62e6310c865de1527ba4
global_step=55264 | return=-116.35 | steps=126 | track=5fb22b77662b78970a81c50f571590ed
global_step=55616 | return=-145.98 | steps=131 | track=f4ffe697ec07ef99ccf43a8239992a0a
global_step=55888 | return=-137.35 | steps=131 | track=2ecca307cf1662c618dbe6def95c4fc5
global_step=56016 | return=-143.11 | steps=131 | track=43e94573519f01cc5c5741d02cc1dace
global_step=56032 | return=-143.18 | steps=131 | track=49bc3130ab159d0f569ee0b838ca6800
global_step=56128 | return=19.13 | steps=69 | track=1261b92879301cafa739a3faf49846fc
global_step=56224 | return=-142.90 | steps=131 | track=ee6055c4d10989390a4143a0fa3adf87
global_step=56480 | return=-58.97 | steps=101 | track=6619dc85c0c64d1b1ef8753178b588cb
global_step=56528 | return=-78.06 | steps=84 | track=95fb211e458de582539a6f636c683c3a
global_step=56640 | return=165.99 | steps=88 | track=75b445fff7727e5af7c98b2f4628633a
global_step=56656 | return=-138.32 | steps=131 | track=5c6d02adb1c70cc497dfd918e41292bb
global_step=56944 | return=-34.97 | steps=104 | track=db52dbdce57a3428aba8c15b24c3bac2
global_step=56960 | return=-159.67 | steps=131 | track=4a8d2b3a7bee28ea28b8ebc8f4ac6bc6
global_step=57008 | return=-116.07 | steps=108 | track=3d3b7fda45fa5cd888cd7fa5776e4abb
global_step=57200 | return=-120.30 | steps=98 | track=0614af2695f0bd6d52e25db2a708aa4a
global_step=57296 | return=-148.00 | steps=131 | track=eb0a2d0002ff81006d34deb04ac31035
global_step=57344 | return=-147.25 | steps=131 | track=143deabf7575837191e884dae568abdd
global_step=57472 | return=-156.80 | steps=177 | track=5a955240a68c4b7ed0beeea5d7f15bcb
global_step=57568 | return=-3.24 | steps=64 | track=f078247da4f7cde34477dc850ec271de
global_step=57792 | return=-0.78 | steps=81 | track=58b1099710f6bbe11a193aee3f957f84
global_step=57888 | return=-48.17 | steps=42 | track=dd0e7f532aeca3bd9a8bae94c4366433
global_step=58064 | return=1.40 | steps=69 | track=32bac299320b82a8ee5927edfc217d4d
global_step=58096 | return=-109.34 | steps=137 | track=dd62b29fd145fb816ff021e5f0d50cea
global_step=58128 | return=-141.20 | steps=130 | track=906157a5a8b057355ba85dc425ba04de
global_step=58240 | return=-134.91 | steps=131 | track=cf444e189c76ca9e388efe584e939495
global_step=58336 | return=-146.98 | steps=131 | track=ef6b2b62d6d46909859fd42cd41a6dc9
global_step=58704 | return=-44.40 | steps=167 | track=2c48b35de49e859ab5f3de3112fc337f
global_step=58736 | return=-139.39 | steps=130 | track=af6312aa088a7cc922df54b72b6752f7
global_step=59040 | return=7.17 | steps=148 | track=fb95f942a2a12e2037e7677d5465653a
global_step=59104 | return=-16.22 | steps=62 | track=dcc1c9a4d904a4c6ad3314acaae91be7
global_step=59328 | return=-61.26 | steps=147 | track=b2233d7a398d91ca730f19e99bb44d89
global_step=59392 | return=-145.64 | steps=130 | track=503da7c0e1d2d4588bf2f767f3a4312f
global_step=59456 | return=-136.19 | steps=131 | track=b107f1d431fcbbfe65e1075a5601e007
global_step=59552 | return=5.48 | steps=81 | track=796889e567f65b5c31c7369783cd56dd
global_step=59568 | return=-145.67 | steps=130 | track=ef9866f38c63ad83405f4ac58dd855f8
global_step=59616 | return=-63.93 | steps=162 | track=1364059942df1795f6cb6637ef17dd34
global_step=59904 | return=-132.01 | steps=131 | track=8db59d6897378bbdef52119a116fe80c
global_step=60000 | return=-134.66 | steps=131 | track=30c4a9ff953b9e0b8d614fb572a91b89
global_step=60144 | return=-106.29 | steps=89 | track=54f9e003838e7d1d1456683335065ac8
global_step=60160 | return=-164.12 | steps=130 | track=c0dfebe5d401dc2e5a5664ecaa0a95d9
global_step=60224 | return=-97.68 | steps=130 | track=080de8802acda1acd22c835b17129253
global_step=60352 | return=-12.30 | steps=63 | track=5c09b1a06fed35b8f411cf0cd2d83ecb
global_step=60448 | return=-141.07 | steps=131 | track=d468e6d945d5cf8661539d57761ac0ab
global_step=60592 | return=11.40 | steps=70 | track=49e0fcab2b481e038f39d0f2f0774964
global_step=60832 | return=-143.37 | steps=130 | track=522a6e9392a838ce984a2c566be7aa1e
global_step=61136 | return=-217.83 | steps=222 | track=c950941904ffdc8cc48aaa6d36983b27
global_step=61136 | return=-48.76 | steps=61 | track=2f6dd3fb302853145e316c817f6f3aaf
global_step=61152 | return=-132.03 | steps=131 | track=3a54262e9d177a8c2f0255f08e4610eb
global_step=61216 | return=-132.00 | steps=131 | track=3b6f3a4d80533acff83da8ed65f1467f
global_step=61232 | return=-6.05 | steps=62 | track=ebcc6fc87893b333d7018f5aed1908c0
global_step=61424 | return=44.06 | steps=66 | track=7c58defc51a6aed9d3e96bec224d5975
global_step=61472 | return=-7.61 | steps=63 | track=af1f849b443159d445ee691269da67fc
global_step=61504 | return=-144.25 | steps=131 | track=7d005fd7f29f86549a31c3a321a9747b
global_step=61680 | return=-140.17 | steps=131 | track=60ea6ef21ce343561a4d9fb9c3070b40
global_step=61728 | return=-150.81 | steps=131 | track=2a4ba5920bd7522ae88e4d1d86b4b242
global_step=62000 | return=-63.51 | steps=48 | track=96898064db68f6809842bba8b29161c2
global_step=62016 | return=-144.49 | steps=131 | track=e03bb1c57c046a556bb9909713212c96
global_step=62048 | return=-8.73 | steps=90 | track=9f15b9e4e5404f99de581627d0953603
global_step=62112 | return=-135.16 | steps=131 | track=0081e36acbd54153a4a8379632791bee
global_step=62256 | return=-44.33 | steps=46 | track=ebc97cfb5edfe3ca1d6eb72d8fa076ec
global_step=62272 | return=-146.80 | steps=131 | track=682b86f05e96ee3d3bfae7fedf213cf1
global_step=62288 | return=-136.24 | steps=170 | track=f7588b2246f48424c21d4190940a1f5b
global_step=62496 | return=17.43 | steps=66 | track=01d48dd357c42702e10d42f7a80a4839
global_step=62560 | return=31.29 | steps=54 | track=ff6fa18fa123d46ef643371d7144a367
global_step=62560 | return=-38.86 | steps=51 | track=1eafabe46b57ee0288d8f3407e7eb044
global_step=62944 | return=-140.50 | steps=131 | track=8408a17dc03106b9410128de9778ebb6
global_step=62992 | return=-81.27 | steps=43 | track=59959e32f06dfc6cb416f0024fa1f110
global_step=63200 | return=10.03 | steps=67 | track=581ecf2e89105f3e934e2d746df486b5
global_step=63248 | return=-145.13 | steps=131 | track=13f9ab5ece60d0c8acf6000538ca45aa
global_step=63264 | return=-148.53 | steps=131 | track=615185b05a795450107a965d73a0ab4c
global_step=63360 | return=-153.77 | steps=132 | track=166fb6ca3bdda4b03c8f3332ec17955e
global_step=63520 | return=-12.02 | steps=59 | track=49887029ceb4a26c51fd5d3996d3bee2
global_step=63552 | return=15.69 | steps=65 | track=4c9f5c17a278ec81ecd811781e40bc0f
global_step=63568 | return=-22.15 | steps=62 | track=6342c51f24d1de9605a712d8c12566ae
global_step=63664 | return=-176.59 | steps=157 | track=16564da405c616b1196a3870efe65587
global_step=63712 | return=-94.14 | steps=139 | track=db59136716d04fca2bf8d32cbdcc2007
global_step=64112 | return=-147.12 | steps=130 | track=cb1d084592c61203abbfa2dcb4304592
global_step=64112 | return=-151.44 | steps=131 | track=91a4334dcb73f8790edf922406d7ca39
global_step=64272 | return=-68.73 | steps=125 | track=38f48a6ea9a083f519d817a611b83e30
global_step=64288 | return=6.00 | steps=67 | track=7b264e7b4b393684687647af36ed2245
global_step=64288 | return=-113.50 | steps=139 | track=7468b4e0a0528a85a9f03a664fe220e6
global_step=64384 | return=-149.65 | steps=131 | track=105923eba0857341863e9bbf263b26c5
global_step=64480 | return=-70.98 | steps=95 | track=c7cc2feb312b623f67987acbdb73d281
global_step=64672 | return=12.90 | steps=88 | track=09051600d21a503a1c80f47214385654
global_step=65200 | return=-30.73 | steps=67 | track=6cdced54c6b32853ddd6f6270dd571d6
global_step=65296 | return=-121.75 | steps=107 | track=c242bd6468aad9d059fbeae3ece54eaf
global_step=65424 | return=-92.11 | steps=116 | track=fd84d5239d8bd21796938ddda0ea6a84
global_step=65536, SPS=62
global_step=65632 | return=-138.81 | steps=131 | track=eca441947edd7270ac34af007e8d226c
global_step=65664 | return=-19.29 | steps=61 | track=b5dceb6e62e95478b96e7b4bda977cb8
global_step=65776 | return=-159.71 | steps=131 | track=93b7cf5506db05862610f5885963f479
global_step=65824 | return=-143.40 | steps=131 | track=9fe65e2d2962343f9058f481f6a435b1
global_step=66224 | return=-163.33 | steps=131 | track=d2f7a5deb93e06be60a23cfd29ada206
global_step=66384 | return=-136.24 | steps=130 | track=1b38f1ec48929e87c811d3af2ed475eb
global_step=66384 | return=-142.60 | steps=131 | track=557f575ba03ec494ec38b8f9fb1485de
global_step=66400 | return=-146.28 | steps=189 | track=501322bd26ba17b06581fd3f1eaaa642
global_step=66400 | return=-130.75 | steps=131 | track=30d0f70c17be6c9b4b9529d10b8c6f8f
global_step=66480 | return=64.22 | steps=217 | track=b038fa975d768cb2e5536a2c2db440bc
global_step=66496 | return=-154.26 | steps=131 | track=89492c334821693d05244308c363e7d9
global_step=66592 | return=-156.37 | steps=131 | track=ef96f399d57c3bb65ef454f3aff2e594
global_step=66752 | return=-51.84 | steps=69 | track=9f761dc7d5ec614a37b4034bc9188340
global_step=67392 | return=-137.25 | steps=130 | track=da056bebc8b89d329e1df03ea886fdab
global_step=67536 | return=-145.55 | steps=131 | track=b8331d1b15d6e1cd4c7fee31c2e0f3df
global_step=67552 | return=48.73 | steps=72 | track=70d3d629486ec0a0938c5d8322c3e0e3
global_step=67552 | return=-78.39 | steps=146 | track=a7cbd06092d26cc6c0c192cbfe038dee
global_step=67568 | return=12.45 | steps=67 | track=080a5cd70268a6be5214a36312e0873f
global_step=67584 | return=-21.11 | steps=61 | track=f471a6a16858e28c3807386be0e36d58
global_step=67632 | return=-80.46 | steps=112 | track=426687ed3fb448c4c5637a1f038040ba
global_step=67776 | return=-19.62 | steps=85 | track=f2f2484a0d202f7115b560dbe1b23470
global_step=67888 | return=-132.62 | steps=131 | track=b4eb20aff1f419962c0a6d6005c65dfa
global_step=68336 | return=-144.80 | steps=131 | track=67a63e0675f3b4edae7043ff37dcc104
global_step=68480 | return=-93.00 | steps=130 | track=c06e39bf8b2118b502494da36285f68c
global_step=68528 | return=-122.71 | steps=110 | track=4cc7c303929161c392b476e41396b90d
global_step=68576 | return=-218.13 | steps=331 | track=04b5c0664c2df12069170c08d106332c
global_step=68608 | return=-138.48 | steps=131 | track=120746942c4583495b80076951185b8d
global_step=68640 | return=-14.83 | steps=68 | track=5cddf228f7279427fc0d1103e25ee1bb
global_step=68688 | return=4.98 | steps=65 | track=e1fe55e26160a7d4293d1ac83f62c044
global_step=68736 | return=-57.94 | steps=52 | track=265447d36486ecc9989130f86982985e
global_step=68752 | return=24.28 | steps=73 | track=8bace50c709540bade7a40a5cfac3f66
global_step=69216 | return=-16.19 | steps=42 | track=1dfab9a3bb373c35a2868cd28d7fcf60
global_step=69344 | return=-104.80 | steps=229 | track=c26e06fb4a0e29dfdc19606a86efa2af
global_step=69344 | return=17.15 | steps=183 | track=babb6c6c72a4cfefaca3fd4c3054e3d8
global_step=69504 | return=-145.51 | steps=131 | track=1b25705b39fc333df58b4f9d312e75a5
global_step=69648 | return=-138.84 | steps=130 | track=8368b1420b909acaf00630033233fd6a
global_step=69664 | return=-144.28 | steps=131 | track=bbcf13c1b1c1a8257ae82c38eb4a9d39
global_step=69792 | return=-50.64 | steps=137 | track=041347c4d3c677a29c02ce4aacc201c9
global_step=69888 | return=-134.15 | steps=131 | track=aba9fa71e93acaa89cf4e37d193516a0
global_step=70336 | return=-118.91 | steps=107 | track=79d326ab5f2f92f5295afceebc65a1e3
global_step=70432 | return=-160.09 | steps=130 | track=11f8bcc892b6005e7f8bb1a6b4a33d6c
global_step=70688 | return=-142.20 | steps=131 | track=c99788b580a6efe74214958f5624d422
global_step=70736 | return=-145.07 | steps=130 | track=090769464f328dfe0ca8e9f1bcc22953
global_step=70816 | return=-151.08 | steps=145 | track=35fdc745436f5dc0ad6778c8932b5927
global_step=70816 | return=4.13 | steps=129 | track=89fa8b4c8393d376163ed170401f5699
global_step=70832 | return=-107.84 | steps=72 | track=86543ec8a2b3b0adc30b1a1bb7920f9e
global_step=70864 | return=-136.33 | steps=131 | track=5162d46bdbb2dfc004759d880f08b452
global_step=70864 | return=-18.48 | steps=66 | track=a8be853e84efbc1348c2feda1a346bd8
global_step=71136 | return=-32.58 | steps=152 | track=aaa61d6db8d0c19d3832d1634356cb06
global_step=71328 | return=-154.84 | steps=131 | track=d121cae3adacdec788e685ea17505f32
global_step=71440 | return=-143.70 | steps=130 | track=7f5504d7443223d4afcf12354382ab93
global_step=71456 | return=-155.10 | steps=131 | track=f5bd2dde19678def5cb5bd3612f423d3
global_step=71616 | return=-124.07 | steps=131 | track=dba7b9480f86c08b3f563ee94168c886
global_step=71824 | return=15.07 | steps=67 | track=f27d7d405784fb5930459f104e3e7c18
global_step=72208 | return=-88.45 | steps=110 | track=d958bcac11596ac788d5d2fa68a593bd
global_step=72448 | return=-146.17 | steps=131 | track=304965b6f42d42017e3a4ac6e9985977
global_step=72496 | return=23.79 | steps=64 | track=a6be85a6516188b6e57fabf3d693a4f1
global_step=72784 | return=-12.49 | steps=119 | track=27d8fd8ad7aa284e1ab19d6c386c6ff1
global_step=72800 | return=-155.92 | steps=131 | track=c19d594358efec1c82e09b642ab0f13c
global_step=72912 | return=-122.91 | steps=130 | track=58c6392715b561a93b2a5cafc71e4884
global_step=72928 | return=-146.19 | steps=130 | track=f05baa0d40bd9b8edacd4f97741eeaa4
global_step=72928 | return=-140.63 | steps=131 | track=dc6864fa80008f745214b6b6d10c64ca
global_step=73440 | return=-148.46 | steps=131 | track=e8e482be64f98a6f9a2511632dd02ab9
global_step=73456 | return=-177.29 | steps=144 | track=b624453790583b57808d1bc533703166
global_step=73488 | return=14.07 | steps=79 | track=18bbeda5dc04bb793729ac3580e27685
global_step=73536 | return=-143.33 | steps=130 | track=a51c385452e4f36a24624f48db9cc07b
global_step=73632 | return=-24.22 | steps=44 | track=c9468970681a4973e3868be0e918f79e
global_step=73712 | return=-153.10 | steps=130 | track=efbb05a190eeb585d230cdd960820ee7
global_step=73936 | return=-137.70 | steps=131 | track=0c86f42353a66efdc3398d90f4fc2a5d
global_step=74000 | return=26.12 | steps=66 | track=8e0d74aa1d77968402ef9987c2e540a3
global_step=74096 | return=159.39 | steps=201 | track=bc82d7694a780c85baafb4836bcdeac6
global_step=74240 | return=-121.75 | steps=111 | track=676550319bdff36d9e1a64e955faf705
global_step=74384 | return=-110.41 | steps=90 | track=15359bffd35f5a798cef621698772c98
global_step=74400 | return=-73.44 | steps=296 | track=1955e6dc8236de408280c12fc4b9862e
global_step=74528 | return=15.55 | steps=64 | track=32dfb7dc20369cfc7ef7014ec3b086be
global_step=74544 | return=24.22 | steps=67 | track=42766df2e7de701ce28540066600d8ce
global_step=74608 | return=-139.03 | steps=131 | track=46ee536edc153482546cd233aa95b618
global_step=74896 | return=-164.45 | steps=130 | track=a41a1f9b4e94885b8a76332446778f39
global_step=75232 | return=-106.10 | steps=94 | track=719d5c8b9b716fe9ac3e6e629890e61a
global_step=75376 | return=-168.18 | steps=342 | track=090011030d192f588e3bfcadd9f4d347
global_step=75440 | return=-105.55 | steps=89 | track=6fd62fe6c7fb59cd3b191457e86407db
global_step=75520 | return=-137.94 | steps=170 | track=5921c5faca60a38094659645dfac8ad3
global_step=75552 | return=-151.41 | steps=131 | track=e2319d8b7911322a5a14857c8d64cb0b
global_step=75648 | return=-143.49 | steps=131 | track=b9f9358b59f3a5f0e6b19f5024eefeb1
global_step=75728 | return=-146.38 | steps=130 | track=428ecd9a0668c37ecdcf038c8abca64f
global_step=76048 | return=-153.88 | steps=131 | track=67867d6aeb6bd1c5b3ab2a70e4f17e7f
global_step=76176 | return=-92.61 | steps=58 | track=d1015e99d6907331141254d68c8edb31
global_step=76352 | return=-140.41 | steps=131 | track=fd6a92c2232cf308fbb942852ad86a0b
global_step=76400 | return=-95.90 | steps=93 | track=323c2eab0ea5836319024bfbfdaa41a2
global_step=76448 | return=-15.51 | steps=62 | track=76302d0c13912efd2bbe138c3bc84e27
global_step=76496 | return=-150.61 | steps=131 | track=8fa18ac12ab91e91bd2a7be6d147f83d
global_step=76512 | return=-149.35 | steps=131 | track=9389eeb3277f483be18956b4844f2b83
global_step=76640 | return=-145.71 | steps=131 | track=a4d236db9d44845962a2afa0869f6088
global_step=76672 | return=-133.60 | steps=132 | track=6985d2c7b96b7867d5260fb1c23d3f37
global_step=76864 | return=-42.04 | steps=42 | track=852d05bf04a49afd8649b8e3b087ee69
global_step=77056 | return=-68.12 | steps=184 | track=5d70edee51a781f0be399621a191d921
global_step=77360 | return=-181.39 | steps=171 | track=f42e43c6c74fa5b925cd84b6bd8ecf6a
global_step=77408 | return=-19.15 | steps=62 | track=9e1e9ed787ea514214ac19ac8f946667
global_step=77440 | return=-36.49 | steps=49 | track=d6e58661555a8f03a29c4d263186e0d1
global_step=77568 | return=4.16 | steps=69 | track=b23fda9140f60a14dfba1f1b488d412a
global_step=77632 | return=-150.09 | steps=131 | track=b9dfba5a8d85b5224367b745ea78f963
global_step=77664 | return=-148.28 | steps=131 | track=c508dd8325317688192aa122bb1c81ca
global_step=77696 | return=-114.67 | steps=102 | track=3b1bc0d62c6a1861b998e6ad32e1d02e
global_step=77744 | return=-121.65 | steps=130 | track=16e6270cb16ac8279b53201338023ba3
global_step=77936 | return=11.48 | steps=66 | track=aea20462b283cf15bfd259c3dbcd44ab
global_step=78048 | return=-66.87 | steps=144 | track=235657dc003bd38c3702872208aeca7c
global_step=78176 | return=-60.12 | steps=93 | track=cfc5ceda85073b15673bb3722c19e4a1
global_step=78336 | return=-160.10 | steps=184 | track=64ddaef9a6cac0cbf3e15f4c26a254de
global_step=78464 | return=11.34 | steps=65 | track=a8a2923e18c23874ba25f76370ba19ac
global_step=78592 | return=-142.68 | steps=130 | track=6f2906d02e011ca248103ce03bc6142d
global_step=78624 | return=-141.96 | steps=131 | track=010f547e6a1cb027ee44a7ba5c9d17cc
global_step=78992 | return=17.50 | steps=65 | track=362ef2cfa07848404100221809bd1ea4
global_step=79008 | return=-104.80 | steps=89 | track=b9e04d9dd170fc5544a495e45860ba94
global_step=79328 | return=-131.41 | steps=141 | track=3a94cc631f28af1bd509a09de09fa7b9
global_step=79408 | return=-51.31 | steps=66 | track=1b8bd5877b6ea7d6210bdf59cb44d8ea
global_step=79472 | return=-140.24 | steps=131 | track=a29c74ecd124f9d41932630f2b81dd61
global_step=79744 | return=-157.41 | steps=131 | track=c2ccc143a841514d53a533f8bbfb5357
global_step=79760 | return=-121.09 | steps=212 | track=208719e881887465ccb9e4e84aecbe99
global_step=79808 | return=-139.50 | steps=131 | track=e53b411a6de09581b69d35a8bc7c73a8
global_step=79856 | return=-142.74 | steps=131 | track=52f42fc56b4cea3ddb3cd7526a69b3e6
global_step=80000 | return=-109.09 | steps=159 | track=b03788fd45bb16e70afbdd493b75e198
global_step=80032 | return=1.42 | steps=64 | track=2e2a196ef56382bd1793bd0467841e6d
global_step=80080 | return=-123.40 | steps=90 | track=1207218dcceb987d69a32679547bdf36
global_step=80080 | return=-17.45 | steps=66 | track=53c28018bff0d4965eef1d1da3587c71
global_step=80080 | return=-51.69 | steps=46 | track=b21cd4705a09e8c4b6683489f172b956
global_step=80128 | return=-51.22 | steps=153 | track=d5b3f1a4b58df244d5bcf32de23de1ac
global_step=80160 | return=-135.16 | steps=131 | track=42a9c74df7b042d2ebfb6d09d2499093
global_step=80496 | return=12.30 | steps=67 | track=d018a5cde96cf99e35c47f3c44da8da6
global_step=80560 | return=-143.04 | steps=130 | track=9c300deee009cb746ccba199d94c7681
global_step=80688 | return=-154.75 | steps=130 | track=28a480954104fbb8f20b0579a74962d3
global_step=80800 | return=-126.51 | steps=163 | track=5ce3c320b68c6d0a3c54367676120420
global_step=80864 | return=-17.43 | steps=65 | track=69d607e303a1e419abec88ab0ce25b7b
global_step=80976 | return=8.33 | steps=69 | track=517e33f60cc5c8c55282e903942734db
global_step=81584 | return=-141.24 | steps=131 | track=95a4105f18d45c6421a6a8cb8f8d8b68
global_step=81920, SPS=61
global_step=82112 | return=-140.50 | steps=131 | track=a68f51ad44932474edd3c22c4234bb49
global_step=82144 | return=-142.99 | steps=131 | track=a0f35f1f5aedf47eeb91eb48f2e54f78
global_step=82144 | return=-36.08 | steps=149 | track=0e1b888edb854c62ef2e330259f63af1
global_step=82192 | return=-152.37 | steps=131 | track=a44804a1e10b6611b3bcf2fe938294d3
global_step=82192 | return=-140.41 | steps=131 | track=cf6791556b29af8a6ef791c23e448fd8
global_step=82272 | return=-153.86 | steps=131 | track=d027fe8332551702ed0a76e217004da3
global_step=82592 | return=-157.08 | steps=130 | track=1e2bdadfac648783a5f56869f9e9928f
global_step=82800 | return=-137.01 | steps=131 | track=9d25b9b5dbb0c0d61366c2806422d34b
global_step=82896 | return=-141.27 | steps=130 | track=8397b4f0440cbd435d0b77d2833f8669
global_step=82896 | return=-136.62 | steps=195 | track=dd1b0672382739dbec9d544a74803daa
global_step=82976 | return=-145.71 | steps=131 | track=b736efbb51dcf5a53d45070a6f3fd4b7
global_step=83024 | return=-66.17 | steps=153 | track=015e91e584be149742037c6f1ea1709a
global_step=83088 | return=-149.47 | steps=131 | track=df59e2927107f38bf11ba69f3c86c541
global_step=83216 | return=-19.86 | steps=63 | track=99fefb6595956ef865a6a13cfd95aba1
global_step=83552 | return=-60.57 | steps=46 | track=d3b8774ddab6733c4a94ab16bc26c4b2
global_step=83696 | return=-136.33 | steps=131 | track=1b6820950131bc68509a61498da152d7
global_step=83712 | return=-21.49 | steps=89 | track=7dc410d7d5525fb3ce245b68d49f7aa9
global_step=83776 | return=-163.13 | steps=230 | track=644f72b06b0aef6606296561a995eff0
global_step=83888 | return=-60.31 | steps=41 | track=a17b4d04f7e91394d3e1efc9061beb1e
global_step=84112 | return=10.52 | steps=67 | track=f7f5aa51acd4b948c508b2677439d9be
global_step=84208 | return=-137.65 | steps=130 | track=ca83768e2e1f25b86a071f0314c50eb3
global_step=84240 | return=-150.50 | steps=130 | track=0a0d2d8f9c970f9caeb37aaa8e56faf4
global_step=84240 | return=-158.39 | steps=130 | track=be1278eaf9d2f30949dd577222e23ab9
global_step=84304 | return=-137.60 | steps=131 | track=5e7a587f28089ab4003ee5747c220123
global_step=84688 | return=-149.60 | steps=130 | track=a406f6fa300d71b4ca62d4c2318eed22
global_step=84992 | return=-143.72 | steps=130 | track=f2787a937fd1498c48acce69589f549d
global_step=85008 | return=-139.25 | steps=131 | track=bce3bd536a0b35097f6f68143b247deb
global_step=85104 | return=-147.42 | steps=132 | track=269d2f01a6d6a6f778d4d1b4e44676eb
global_step=85120 | return=-22.18 | steps=62 | track=75a70cf42108ce7ee8c9478e4eb64aa9
global_step=85136 | return=49.01 | steps=84 | track=cc0f396ca2ff83f4cfb924d712bfb302
global_step=85216 | return=-147.85 | steps=132 | track=aa239de8146a9bdd83ed5c04773eebea
global_step=85264 | return=9.18 | steps=65 | track=ac661011c14f0eaab80d3c2d883136a5
global_step=85408 | return=-115.38 | steps=105 | track=a3ea1b126e22997a86179325f0d5a962
global_step=85664 | return=-152.96 | steps=131 | track=13b6c640eb5e2ea66fa4326cc24295fe
global_step=85744 | return=-132.14 | steps=89 | track=48ef4e70f249bc15a0cba16d379d05d6
global_step=85792 | return=-142.68 | steps=130 | track=900d826f5b77b9a37d9946657a52827e
global_step=85872 | return=6.83 | steps=101 | track=9a3d97fec1445063e25506934e67352f
global_step=86000 | return=-126.45 | steps=131 | track=9c2c320fbfaaa600f6b17756053ca4db
global_step=86128 | return=-11.46 | steps=63 | track=d35584092953456a71931d6063f2b5e0
global_step=86128 | return=-105.55 | steps=89 | track=68a8d6a1ec20b30a8a490032c0528eb5
global_step=86192 | return=-41.85 | steps=48 | track=f7b0c5d0c067288d1afa8a7f1f863b76
global_step=86336 | return=-143.52 | steps=130 | track=3a604b3fcb1833fc1701a6a03715cb42
global_step=86592 | return=-252.41 | steps=403 | track=f263cdc66a0ef23afaffe3c051f90f6b
global_step=86912 | return=-14.52 | steps=64 | track=9454e540989e520fc7941bae09fd5528
global_step=87088 | return=22.04 | steps=67 | track=784d474496d38e109f698e68b5ea6fda
global_step=87088 | return=-22.23 | steps=88 | track=1e79cf613832ee5095710be90e5b50ef
global_step=87104 | return=-136.19 | steps=131 | track=65e9d00a5e902f15a6a42a71ecced954
global_step=87120 | return=-150.09 | steps=131 | track=f2b23057d6477f1d0b955716a8367ee4
global_step=87328 | return=-137.41 | steps=131 | track=26d18778cede38818e483080f106b174
global_step=87344 | return=-145.63 | steps=138 | track=1c19903c1f3f52547176cc845534c9fa
global_step=87376 | return=-137.23 | steps=131 | track=0d5f2dcf6555e27ec3013581113d5be9
global_step=87856 | return=-146.50 | steps=131 | track=eaa3a35f04e78575cdb7dac61d5b2d04
global_step=87888 | return=-25.79 | steps=60 | track=fbab0a19c6179664dc30461fd5085278
global_step=87904 | return=-145.28 | steps=131 | track=5ff05b85ac45dd1edc64edf4743d6231
global_step=88032 | return=-53.61 | steps=42 | track=d9ee76c446fd994ac19d83ea3b2a8f3c
global_step=88096 | return=-31.05 | steps=60 | track=fdc8b43afda244504565a979f27ac13e
global_step=88240 | return=-123.49 | steps=131 | track=abfd8ef2a98544da519da0705f32dc9f
global_step=88240 | return=-138.73 | steps=131 | track=13eed06a39b2bf5d974e59feae73a8b6
global_step=88304 | return=-186.77 | steps=197 | track=b2f812a22abe57c62b3c13650c9464a6
global_step=88304 | return=-156.41 | steps=131 | track=978ab990f4f523347704a9b1948c0fbf
global_step=88448 | return=-149.93 | steps=131 | track=0414d1f2590fa3791ccddbb020632e3c
global_step=88480 | return=-17.08 | steps=86 | track=6c940dcce4f1bfee4aa84a75c2bba2ee
global_step=88704 | return=-136.60 | steps=131 | track=daa3704e1f656795e47471b162fe2242
global_step=89200 | return=-135.78 | steps=131 | track=0a9fd2a94141fb121b8a810af8f92b7b
global_step=89216 | return=-144.21 | steps=131 | track=7c4eb802876b478e61229345d42a6a15
global_step=89248 | return=-12.56 | steps=62 | track=02af56160718f2baf919522022fee845
global_step=89488 | return=-150.82 | steps=131 | track=4f0b79c21d6652787494bc2d3248ff2a
global_step=89744 | return=12.31 | steps=80 | track=3f67fcd844b0e54447f3c25b5f7f892f
global_step=89968 | return=-133.30 | steps=131 | track=3d1437809b6bd34b9a12a94b439474d9
global_step=89984 | return=-145.20 | steps=130 | track=6fc61e932c2a5a81395840a6c30aaa81
global_step=90000 | return=-147.16 | steps=130 | track=d09b01bd4869a60ffa080aad606fd2c9
global_step=90032 | return=-46.86 | steps=82 | track=c52eb23a736cb5ed0085c323916733fd
global_step=90144 | return=-147.41 | steps=131 | track=0efcba29417942dabe5e9effdd5d3b3c
global_step=90208 | return=-159.15 | steps=131 | track=19f634b98d9a6b348efae5a8c402b0c4
global_step=90336 | return=-138.66 | steps=130 | track=61a7478149e76988cbff79a03f468b85
global_step=90368 | return=27.44 | steps=69 | track=711ea80006f183020e1f484c940dcbad
global_step=90400 | return=-142.89 | steps=130 | track=c72545f9b9f456fd51f50cb014d76ee0
global_step=90416 | return=-105.16 | steps=131 | track=095100804d491c24f4ab2ed68fbc7e43
global_step=90480 | return=-176.41 | steps=196 | track=a0297021f795d9d9c3041b73a09eb1f0
global_step=90576 | return=-167.07 | steps=130 | track=07d10cffd94d8b97d68d4bae1b607c15
global_step=91184 | return=-134.75 | steps=122 | track=f77c12ee7bdc4193d7096d0509c22899
global_step=91264 | return=25.93 | steps=69 | track=f3ea054e7c58e261a6089d665886545f
global_step=91312 | return=-144.49 | steps=131 | track=1459a13f459c7ca0da637fd75190e055
global_step=91376 | return=-1.68 | steps=72 | track=889f8537d22c23e5d4dda816d86d47aa
global_step=91456 | return=28.59 | steps=64 | track=e5648c845584365240203d57ee1f5468
global_step=91600 | return=-127.87 | steps=131 | track=0a8bb1f0288889e64121efe7118170ea
global_step=92048 | return=-137.45 | steps=143 | track=e3eecf0bc9edadd3529001ba70181fd8
global_step=92064 | return=-146.44 | steps=130 | track=7f823f09de87b96613a4be0d65c8283f
global_step=92064 | return=-18.29 | steps=98 | track=7ba98fbedb1a19ad7c530c66316721e7
global_step=92096 | return=-142.90 | steps=131 | track=61b25c3ff6d281c67a2657481e0fca16
global_step=92096 | return=-150.10 | steps=130 | track=bfc22eefffdf2867ee463bbf6a0e1788
global_step=92144 | return=-142.65 | steps=131 | track=102da7738fb395d526f9a39756c6c1c7
global_step=92288 | return=-0.77 | steps=56 | track=962fda2065fa4e23e4bbf7ab0a9df0d2
global_step=92320 | return=13.38 | steps=65 | track=6d2624991a892e8b317542156d5938de
global_step=92352 | return=-30.86 | steps=121 | track=a857e283b50ffb1fafcb0295ad66311e
global_step=92448 | return=-137.04 | steps=116 | track=630c14eccb9fdac9f4889daf2ff499be
global_step=92464 | return=-144.82 | steps=130 | track=b6ed1edc978d078ebf11b0d563bc4491
global_step=92720 | return=-132.40 | steps=95 | track=150412e8ee0e420277a8c2025dd6e8cb
global_step=93120 | return=1.92 | steps=63 | track=2bfad1997357708c8f11e74e43541683
global_step=93136 | return=-79.06 | steps=174 | track=393e9d60727bb4396ea4209681c614c2
global_step=93216 | return=-122.10 | steps=109 | track=9db460660bdfc9b4f700582a8b619260
global_step=93408 | return=-123.57 | steps=130 | track=aafa8bb234c37833eef27cd702465b19
global_step=93936 | return=-57.06 | steps=98 | track=43db2bcbdffba3aec7b026539534e954
global_step=94064 | return=-106.41 | steps=125 | track=6d1b7043dbed79b62590031424cbb173
global_step=94176 | return=-134.63 | steps=131 | track=021a5c04d851f17daaea96c07940b51a
global_step=94256 | return=-144.49 | steps=131 | track=f3c5e207bf32c8113d6d3f17309de886
global_step=94384 | return=-145.64 | steps=130 | track=da0e89226ec356b0e008b24ff7551cae
global_step=94416 | return=-151.37 | steps=130 | track=539d84842516b56454fe8a5afbb3c88d
global_step=94560 | return=-145.28 | steps=131 | track=0df55de9d29498b0066ad2789fc91a11
global_step=94576 | return=-146.33 | steps=131 | track=3b7abf12c13cae87a09730de452e8280
global_step=94832 | return=-133.88 | steps=131 | track=ec74457e29ec74412c47c1756a25a3ce
global_step=95008 | return=-115.50 | steps=99 | track=b6f1869c6e0886632cdacc9949d29329
global_step=95040 | return=-197.96 | steps=214 | track=77e51511f89c816a3909f4d5456a7645
global_step=95248 | return=-148.46 | steps=131 | track=23266b8554a266daca0f5b94d8a61e2d
global_step=95328 | return=-146.89 | steps=131 | track=48d9e9e27ae301fc6c53e6e995a446e5
global_step=95840 | return=-118.91 | steps=98 | track=77701b997e707a89750ac94ff7d4b6fe
global_step=96032 | return=-0.57 | steps=63 | track=f69c3ed5b9e2af97b571fd05c6a4349f
global_step=96048 | return=-143.38 | steps=131 | track=dbf9ac7ff8e2b1840dcdb72235c3d884
global_step=96160 | return=-37.74 | steps=110 | track=2e9c15a0372b9ef16447e8d4618dbe34
global_step=96176 | return=-144.55 | steps=131 | track=baef1bc7ff2ccb079c64c918347b6d80
global_step=96320 | return=-25.59 | steps=265 | track=fee4751c92c10e39c0469c9dcd4642d2
global_step=96496 | return=-82.58 | steps=274 | track=811e5ee072dc8f8dd19bb0a49898426b
global_step=96512 | return=-149.15 | steps=130 | track=66dcb2bfe96677dd640ee0cdbe4dfa87
global_step=96720 | return=-57.54 | steps=158 | track=f6ae8a642eb356ad7ceab5e90bc07f86
global_step=96784 | return=-90.70 | steps=95 | track=afe3bfa685321752083aab3a7c5d7aa5
global_step=96864 | return=-101.83 | steps=95 | track=f31ea425cbe5db701e833ebf91b16577
global_step=96944 | return=-145.31 | steps=131 | track=c0ec16eae76b159f41ff622cb509468e
global_step=96960 | return=-141.85 | steps=239 | track=7371d564e6d902298afbfefcc88e187a
global_step=97008 | return=-131.25 | steps=152 | track=5916ca67dd73c9cd5222e70e20706dc1
global_step=97104 | return=-0.96 | steps=65 | track=1523c1d4f28d6c34afb8d1e7a7a82012
global_step=97136 | return=-135.30 | steps=130 | track=997fa3bb7248eba02d890f722ae24920
global_step=97200 | return=-125.96 | steps=163 | track=989338dde11e3b30b0e0cd995169e5ac
global_step=97280 | return=-104.80 | steps=89 | track=7e5a3956e235336d110ca050444ffd29
global_step=97472 | return=-58.27 | steps=59 | track=6e2aed1f4c4f06eff0c8695a48b3b869
global_step=98000 | return=-130.49 | steps=122 | track=d4f8b6d91411e9b3a974c17ff25c6664
global_step=98096 | return=1.71 | steps=67 | track=0be5fcf668b7b7f854f339929742abc8
global_step=98272 | return=-146.70 | steps=130 | track=88f39118e48f73706c6da7a0de685656
global_step=98304 | return=9.35 | steps=68 | track=706d602aa0cc64f149917c42529ffc3b
global_step=98304, SPS=61
global_step=98320 | return=-143.77 | steps=124 | track=b3baae6f2c304304aca453fa651e13fe
global_step=98352 | return=13.63 | steps=66 | track=8d31f43ac0daaea9e19825de6754e2d6
global_step=98416 | return=-81.40 | steps=140 | track=7375d3f18ec493ae0d27289a68af8799
global_step=98592 | return=-109.70 | steps=102 | track=f07b47ad8e0e714b1d75a154c321f55b
global_step=98688 | return=-113.28 | steps=96 | track=4cca9ac9c42ad7b8b094a336b32ecc38
global_step=98832 | return=-140.88 | steps=131 | track=7b0fa98c18252aa76dea9e298261d0b1
global_step=98848 | return=-86.59 | steps=146 | track=67539190df161ee18a3a0105f7acd9f8
global_step=98896 | return=-147.84 | steps=131 | track=36db3892f5d9d4b64d7b63c0f1ba58eb
global_step=98976 | return=-143.90 | steps=131 | track=e789e7a2471cecdd03ac93e6ba57060b
global_step=99072 | return=-135.87 | steps=131 | track=c55c4a01ce70a9827779c7a4980093e8
global_step=99120 | return=-34.38 | steps=49 | track=742c9cfa2df89e79e192671d1213ecf5
global_step=99184 | return=-59.41 | steps=54 | track=20444eb0fe05d45128979707277e21d7
global_step=99712 | return=36.82 | steps=69 | track=443d5c61a11b6aa77cf6668350902bbc
global_step=99920 | return=7.83 | steps=175 | track=602e72cb6c1b25a0c993a65e1535f752
global_step=99936 | return=-9.03 | steps=98 | track=64f4c75cc7b27da7d5c1869a78d1b551
global_step=99936 | return=-34.13 | steps=67 | track=f85fe8f5c7f0f02a954c8f84e52d85b5
global_step=100112 | return=-145.12 | steps=131 | track=5873e65f42bac344ba5989006b1af716
global_step=100208 | return=-144.80 | steps=131 | track=d2a261d4cc14af0a208438e13df1cedd
global_step=100368 | return=-152.73 | steps=130 | track=c48fdd27dd9c513f0c632674866cb823
global_step=100528 | return=-149.51 | steps=131 | track=a7f8920ed085a090d2ddefe146910147
global_step=100608 | return=-44.52 | steps=41 | track=620de5123efbbd30988e415a21aad05f
global_step=100800 | return=-141.20 | steps=131 | track=db1e52f71dd0b67557214762b11dd3a8
global_step=100944 | return=-158.24 | steps=131 | track=b5b7ff005cbe462860e093e669ea5a18
global_step=101008 | return=-140.41 | steps=131 | track=9e980cdff49a9e39b864af714237f7a3
global_step=101088 | return=-151.79 | steps=131 | track=980e62d3f511ab4dba0f4542ca68c86f
global_step=101184 | return=-152.96 | steps=131 | track=a1fc91b5a19d742a4ecc4cfdac1dc4ff
global_step=101232 | return=-138.71 | steps=131 | track=c9dc4fc501a569c588d45cf44381498d
global_step=101296 | return=-86.53 | steps=238 | track=a48741e86e780f545593d7b033a28c20
global_step=101296 | return=-147.30 | steps=131 | track=404f9aac3df19c785d49a616bd63314f
global_step=101536 | return=-151.96 | steps=113 | track=89416a895d66afa4421a27815b5794c8
global_step=102000 | return=-111.37 | steps=101 | track=56101bc04f6d58ae3bfe823cad238ab3
global_step=102048 | return=-152.11 | steps=131 | track=57bd3bf95b8a00a8ac8ff034185256c7
global_step=102064 | return=-66.26 | steps=47 | track=5e5679512ec9cdd0fc1e9a05d548e2d1
global_step=102208 | return=0.92 | steps=69 | track=ccb372aabdf953bead753b8017ee42d1
global_step=102240 | return=-154.01 | steps=132 | track=45955761739302409666244022bed806
global_step=102320 | return=-146.51 | steps=131 | track=342aab0be87bff4e54c9fd1f048b5f12
global_step=102608 | return=7.65 | steps=66 | track=2171add6d372b18d6c8efbc3d071333e
global_step=102624 | return=-133.11 | steps=130 | track=b3533c3f57fee4e22219ad1000e90f38
global_step=102720 | return=-151.17 | steps=131 | track=fc7e5e8b0d6b59a20a595ee377aa1550
global_step=102912 | return=-138.32 | steps=131 | track=a033fa2261e4a5790bab18d8cd3cd1d6
global_step=103072 | return=-152.30 | steps=132 | track=7044e03b970b89cfb88985812509326e
global_step=103104 | return=-148.62 | steps=130 | track=a722c40920280471d76ef73e0ee70026
global_step=103280 | return=-142.87 | steps=130 | track=1fb45ad7bdba0bb832d67556a90c850a
global_step=103328 | return=-156.78 | steps=130 | track=9297872050000d3bf142f5b7f4d329ed
global_step=103408 | return=-148.67 | steps=131 | track=b570e9cb668cfafda24c754cd946980d
global_step=103744 | return=-160.09 | steps=238 | track=68808570b7bc2968142c83ab47c6c810
global_step=104000 | return=-67.32 | steps=111 | track=3e41ce1ab2909b2645c78fc301b9a2cf
global_step=104016 | return=-68.53 | steps=86 | track=959674e7f9e98bd23ba44b00167dd5a4
global_step=104096 | return=-156.45 | steps=130 | track=43985d632e84dbb2a062f856156475d2
global_step=104160 | return=-137.33 | steps=131 | track=44c9273c45ea6ae319553ebd4c5a36a5
global_step=104176 | return=-145.38 | steps=131 | track=9468f1b0bdd217b9c2fb0c7f5a429dc5
global_step=104352 | return=-139.42 | steps=131 | track=7f4be5ee1cbca0cc9dab50f921eb952e
global_step=104432 | return=-135.75 | steps=131 | track=44da92f5c349ffa4d80921c5009a658b
global_step=104480 | return=43.29 | steps=71 | track=e5d4c60dee4b4c64d3f690a066fd5960
global_step=104704 | return=-154.07 | steps=130 | track=bcaf63f5d4f4c1f2a915971da740057b
global_step=104832 | return=-150.67 | steps=131 | track=acfeaa7651f9d8c61491c3d62342916f
global_step=105024 | return=-138.20 | steps=131 | track=ad31c70f7a010a453d372ae126667939
global_step=105168 | return=-147.89 | steps=130 | track=87c934127254dc2b902e6055fd4b2573
global_step=105216 | return=-146.83 | steps=131 | track=022cce7e874c84723aacfe5542f45516
global_step=105392 | return=-138.83 | steps=131 | track=d99188a008baefa75969ed8adccb166e
global_step=105520 | return=-137.45 | steps=131 | track=53c410e4fe3c8bfd5a3f1f1693d042e9
global_step=105568 | return=53.64 | steps=91 | track=8af81e2fd77200a309629ecd7054b60d
global_step=105840 | return=34.99 | steps=70 | track=01a46f8a461854fc5d90f1fd65e2d928
global_step=105936 | return=16.81 | steps=68 | track=7e092067b7ee0534e6b73a54b1423eeb
global_step=105936 | return=-137.06 | steps=119 | track=d30482ddb710eb57691f5cd33855e882
global_step=106112 | return=-120.67 | steps=131 | track=11b8f061a39de22501e77626d224a4bd
global_step=106272 | return=-149.13 | steps=131 | track=5ebfdfc76297ab92258c204671604ce4
global_step=106288 | return=-136.38 | steps=131 | track=e847f411d50e57572f044a55045ccf09
global_step=106304 | return=-15.35 | steps=67 | track=9eda28894a7d5cc1421b7f7d62298332
global_step=106464 | return=-135.95 | steps=123 | track=f1c871109a3e4e2390973aeb5808634d
global_step=106464 | return=-154.81 | steps=131 | track=ca55808094638e0484712e4a70e5befc
global_step=106544 | return=-142.33 | steps=131 | track=380cf1f232090a15ac6a2619df6d6783
global_step=106688 | return=12.28 | steps=72 | track=7cd9bb35264bce63dd59c1c1ca163413
global_step=107088 | return=-23.66 | steps=60 | track=7e574603d03b709e86e8d432bd6137cd
global_step=107280 | return=-134.63 | steps=131 | track=d2e1790aafb74cef4984455049c8e994
global_step=107360 | return=-86.24 | steps=145 | track=f5d0c02d959f1d31c5e3c3dc9283633c
global_step=107504 | return=-139.37 | steps=131 | track=cf506c1159b5641236003d756b0b4d00
global_step=107632 | return=-62.75 | steps=67 | track=768223653aa1e5ec2a4c2fe232b5551d
global_step=107680 | return=-135.14 | steps=131 | track=a69e6eefe01da00ad358d07de5247b8d
global_step=107952 | return=-155.19 | steps=131 | track=9252249ef517226dbf87e10b22adf7df
global_step=108048 | return=-157.19 | steps=131 | track=2c433c806c1e08b800cfa37b42c51638
global_step=108048 | return=-158.40 | steps=131 | track=c6a577e4693e343f39e8faed182f8943
global_step=108384 | return=-140.62 | steps=130 | track=64388438646d00260969df97a123ed16
global_step=108384 | return=-133.93 | steps=131 | track=6daf1a75c979ea5127f3b66f660e8e73
global_step=108416 | return=-145.77 | steps=131 | track=f13acd08a7945a9710e29bd4b6c261d0
global_step=108560 | return=-148.26 | steps=130 | track=b2906251f17832fcc13d28a800ce303f
global_step=108576 | return=-145.54 | steps=131 | track=cf528aa3d31a8d5c10ba6634cf7d07a2
global_step=108784 | return=26.56 | steps=68 | track=082cc8ed287520afcc1253f0bd6ad1e1
global_step=108800 | return=-166.38 | steps=131 | track=f0adcc47a16d4159e6816b1e7377a0f6
global_step=108896 | return=4.39 | steps=78 | track=921da59b626ee3d9547ab053107feb05
global_step=109056 | return=-23.63 | steps=62 | track=ec5348f168ec274a5f45a9c8f3c8b8c2
global_step=109088 | return=-2.49 | steps=64 | track=362de1f41cfc1d2d888abbd44a3c7a8a
global_step=109184 | return=-136.01 | steps=130 | track=4af4b05a4535fb1e6e43312092917091
global_step=109392 | return=-139.30 | steps=131 | track=f4744a8edcb0dceb2e74a21179eb62e5
global_step=109392 | return=-90.06 | steps=89 | track=2f453c665683e8640e8925a7a46bb3d0
global_step=109456 | return=-139.72 | steps=130 | track=a048e0d8aa3b0630427d8e0f59da8583
global_step=109504 | return=10.04 | steps=67 | track=e9549598a341f39ece199c47b2abe4c7
global_step=109616 | return=-162.95 | steps=131 | track=dd7e47384268cf4eec1f846ab5c856cd
global_step=109888 | return=-273.61 | steps=383 | track=a7c430631234012e57373eb6fffe9c26
global_step=109888 | return=15.38 | steps=67 | track=85bbb1fd9e639e2ae9edb1888299a516
global_step=109920 | return=8.79 | steps=83 | track=97da80e9935d0d9f6e1c796e328c5862
global_step=110224 | return=-81.08 | steps=114 | track=28b1a4dea46b4953df8e7a8683fac590
global_step=110448 | return=21.52 | steps=65 | track=70e1f514885c33015132453d7bf87c2f
global_step=110496 | return=-152.89 | steps=131 | track=e8cb86c8e45015ea67b118059d667986
global_step=110688 | return=-145.57 | steps=132 | track=11918a02b5c3cc888784fa035b6d65e3
global_step=110896 | return=-143.64 | steps=131 | track=e380a128f0c3cb870669aae1021023a9
global_step=110976 | return=10.13 | steps=67 | track=8ce52557d0cbc507d98b4ea589646efb
global_step=111008 | return=-133.61 | steps=131 | track=d43ccb313da90db335487aee5de21947
global_step=111168 | return=-145.60 | steps=131 | track=52a89c4eb2384bfc8f2f7f206ed422ef
global_step=111280 | return=-102.59 | steps=130 | track=5748522cecc403833b9677e8bd5d8bdd
global_step=111472 | return=-28.48 | steps=48 | track=5193f8bbf70db2fc73a6e4e1b225f676
global_step=111536 | return=-143.71 | steps=152 | track=12a998fdb945d9314def0b042e1f131a
global_step=111696 | return=-102.22 | steps=143 | track=03f4c058d2f7e2a1286f575593247a12
global_step=111728 | return=-150.82 | steps=131 | track=4970baa5bc51d1615404fbe8e7b63cbd
global_step=111840 | return=-74.42 | steps=145 | track=d3b9f612609a5e5f51422facbc55d310
global_step=111856 | return=-63.34 | steps=42 | track=5c027219ebe00a8cc98884f6af70d065
global_step=112000 | return=-155.97 | steps=131 | track=c3c6ce0d5a3baac74ceab480083b3827
global_step=112224 | return=-194.27 | steps=172 | track=d30b843417cabe39e0d719818f274f68
global_step=112320 | return=-141.88 | steps=130 | track=c8f9de1fa99a216ca1e5f4c8bf5de374
global_step=112368 | return=21.64 | steps=67 | track=9f2d40ea5e82a00275b702248d581b90
global_step=112560 | return=-141.66 | steps=131 | track=a245b32fda30f7fd9af47097e83a13ee
global_step=112608 | return=-144.13 | steps=131 | track=a1cd74c1887eefba4b59cf67b55e8a78
global_step=112624 | return=-16.27 | steps=71 | track=7761c56b41a5ea8a134f2ab8295fcff5
global_step=112672 | return=-31.21 | steps=60 | track=fa108dbfaada75f6db1a48178750dfbc
global_step=113088 | return=-144.69 | steps=131 | track=6032eda9255c8c3b42acb21013be0ae3
global_step=113136 | return=-122.16 | steps=99 | track=a8260431fc0fd733a203e0b12a1b46f8
global_step=113264 | return=-83.84 | steps=147 | track=1f02aaaa78acf6a7048fb835b98bc1e3
global_step=113360 | return=-102.10 | steps=93 | track=5d5bf3f8676f647ad73737c1d9ed95a8
global_step=113760 | return=-150.13 | steps=171 | track=c233029a497cdf2047591cf867efaee8
global_step=113840 | return=-137.44 | steps=131 | track=acd2a209cb2af3ec3b10162c2fb9587e
global_step=113936 | return=-111.34 | steps=100 | track=78734aa90d1f275698f4be3f89cf933c
global_step=114096 | return=-152.22 | steps=130 | track=e401945587a0dfe1bdaa3bfc91e5a086
global_step=114320 | return=-140.43 | steps=130 | track=1aed6b49d9e2a5f2efa85091e2b91506
global_step=114688, SPS=61
global_step=114704 | return=-139.49 | steps=130 | track=3f6a2ac85cb24d25cc48302171274b2a
global_step=114784 | return=-139.59 | steps=131 | track=18212a989005b1468bab86a2fa0bca03
global_step=114976 | return=-87.56 | steps=150 | track=a6fed2336abd5020805db8fedbeeddc2
global_step=114992 | return=-163.51 | steps=316 | track=a0d2570cf556778d5abee8feee0d2413
global_step=115072 | return=-146.44 | steps=201 | track=e1e47c199b10bff64ec2a0b42cae2670
global_step=115200 | return=-144.80 | steps=131 | track=09f01b47383cb7167d3e2e51280e47cb
global_step=115248 | return=-145.98 | steps=131 | track=b8835c95b9dcd4752f3db5494fe19533
global_step=115376 | return=-127.65 | steps=131 | track=1d3d9352717aed598f2e3b82165bbc83
global_step=115456 | return=-135.03 | steps=130 | track=736ef3e884f3860ee820d0b49e6bc33c
global_step=115872 | return=-139.93 | steps=218 | track=053292bc14c6dd4df75587c283b9aec5
global_step=115872 | return=-140.02 | steps=131 | track=917f185818e5fed711c9246ad8dbea1f
global_step=116032 | return=2.07 | steps=65 | track=5334777270a4ca9120d761d8a0c4d08a
global_step=116048 | return=-138.83 | steps=131 | track=774a27c04543f70ac304e66704b17c86
global_step=116144 | return=-105.94 | steps=89 | track=37ed06f73dc218d717dde70b3fa4333c
global_step=116208 | return=-132.98 | steps=131 | track=3e28c274c3e02552bb8c70f6c3110015
global_step=116432 | return=-157.45 | steps=131 | track=9a8ebe3938f1cde2f8b69142ff6e1d26
global_step=116560 | return=-127.74 | steps=245 | track=206b06b2a19c65147b6d771d5688e7e8
global_step=116848 | return=-81.43 | steps=50 | track=a5859f21df5667d3f1d01f44eba1ff90
global_step=116896 | return=-132.84 | steps=131 | track=d0f7eb64a3af68f7138fa6aa03f1892b
global_step=117008 | return=-121.18 | steps=96 | track=b515276a9d3849c597127d7242ab521e
global_step=117088 | return=-152.99 | steps=130 | track=51f53859cec9c252c2216cd20b657aa6
global_step=117168 | return=-138.62 | steps=130 | track=5b78f0a2eee5432c8e711897cda88ad9
global_step=117488 | return=-147.68 | steps=131 | track=e54da11abff72ac7333f7842d35eebad
global_step=117568 | return=-143.50 | steps=88 | track=083eb9a31cb19e4ee88d82a90cee7a07
global_step=117648 | return=-97.91 | steps=75 | track=595ae8cb839a7fd08f9063a317a302e2
global_step=117728 | return=-45.97 | steps=154 | track=81fab1b1a2a74ce116871a4e9e74ed23
global_step=117808 | return=-144.33 | steps=162 | track=872bc4afbb5cc49fd2c233355905eb89
global_step=117904 | return=6.54 | steps=65 | track=73aba7209e30e6dfdcc804823c9daadc
global_step=117984 | return=-159.33 | steps=131 | track=1794e07426aa641c1bc20c947f873889
global_step=117984 | return=-135.51 | steps=131 | track=6e6b2a4e0ca639eecbb426ba4b517c1e
global_step=118096 | return=36.42 | steps=67 | track=2ef29a2b4ca607d04a3d1591a7b53641
global_step=118144 | return=19.69 | steps=65 | track=21d552d08f0539111798b82ed837916e
global_step=118176 | return=-153.37 | steps=132 | track=eaf298c2e4172a25f4f1c2db1853e62b
global_step=118304 | return=-109.60 | steps=130 | track=408dee8de758f570f38f62ffb1e5237f
global_step=118656 | return=-169.99 | steps=130 | track=48f219ffa5ab103a89b1db3615566212
global_step=119008 | return=-147.25 | steps=131 | track=d570e9558e95799f138e02c6c8d3146d
global_step=119040 | return=-15.51 | steps=65 | track=4f3233dd212838c7a3705f81dfdd9e65
global_step=119168 | return=-18.28 | steps=63 | track=17d972aaa5d97904ed2805978553d44b
global_step=119280 | return=-147.77 | steps=131 | track=2d8381aa857eb359be0607cb06ea8526
global_step=119328 | return=-120.70 | steps=109 | track=3323debbc2ccfac505fb9416939f9ced
global_step=119408 | return=-32.54 | steps=46 | track=9e2e67f098811e49b97778183c2d847e
global_step=119408 | return=-124.63 | steps=104 | track=6f201c01824949b85ed1add8238b3c38
global_step=119616 | return=-22.79 | steps=360 | track=91ed4e7702b2e71fc5c08393212d58a1
global_step=119792 | return=-89.72 | steps=143 | track=67e444a4089e7d47e3a1d535fe487ab0
global_step=119904 | return=-138.21 | steps=130 | track=1e2b5074355e11de27d44c5ec5b5fa37
global_step=120016 | return=-140.97 | steps=131 | track=e3d8ed82b08479817aa1c8e6acfa1c63
global_step=120096 | return=-147.01 | steps=131 | track=55b323a94197a0ae99f45f33b684d317
global_step=120192 | return=-155.44 | steps=130 | track=e3c63208e213f716379096fd3c9869d1
global_step=120224 | return=7.79 | steps=65 | track=487bb4aa230d424524471cd016b0b1ee
global_step=120272 | return=-125.98 | steps=130 | track=52c38ca09ca723e2ab171d26df4950bc
global_step=120304 | return=10.17 | steps=78 | track=3a4dbd446fa804ab36787550ca0e4480
global_step=120320 | return=-58.75 | steps=56 | track=04d8d3270f20af1b0949c2a7343333b0
global_step=120336 | return=-46.66 | steps=167 | track=4abdde9fa78f94b0961ad68f538360c9
global_step=120416 | return=-137.16 | steps=131 | track=cecc5df8522d48e89e8c9ac37074f905
global_step=120592 | return=-26.37 | steps=78 | track=320237ca55c1777fd06a0eb96a762df2
global_step=120784 | return=-70.40 | steps=93 | track=034f23d45753cd858ec0d2938fecef56
global_step=121184 | return=-0.82 | steps=79 | track=639c875ae40eee64a2bbe45551e04420
global_step=121328 | return=8.31 | steps=65 | track=fe12bbdbb22841a4c934bcc552e86a6a
global_step=121424 | return=-36.43 | steps=125 | track=aa68de53131e78e4f2ee41cee67c0470
global_step=121600 | return=-32.79 | steps=73 | track=faba1c31a1df953cfa0f31fcb1c04e88
global_step=121888 | return=-143.70 | steps=130 | track=46d30ee2fbcc59ce50534a71a3bfa2ac
global_step=122128 | return=-153.54 | steps=131 | track=d6fff9fbbcad10031b4748750f26670c
global_step=122208 | return=-146.22 | steps=131 | track=39e70aa8bf1ab062e9a97e421c1c51a5
global_step=122304 | return=-147.24 | steps=131 | track=a560148f5d535859ed45694ece0d8d28
global_step=122416 | return=-145.51 | steps=131 | track=c27cc1579339c05bef35231551c4d56b
global_step=122416 | return=-131.92 | steps=130 | track=210bee99a93bce236593ef0c3780fe68
global_step=122640 | return=-72.24 | steps=150 | track=7836314f9866d4d466a07e2d8e749986
global_step=122672 | return=10.85 | steps=66 | track=c4ec6276b218d896b3bddc164fe6e676
global_step=122704 | return=-158.50 | steps=131 | track=5397242aef82edf7ab6788740f8562f6
global_step=122848 | return=-21.81 | steps=156 | track=1c71ed8286597003e126278b3399c48c
global_step=122880 | return=-152.00 | steps=130 | track=9f45808c07f8d3572f83d3167f1540e3
global_step=123024 | return=-121.27 | steps=99 | track=33561c1669b648e0f06afc5d0649d2fe
global_step=123184 | return=-167.61 | steps=260 | track=4abc18cf0e7bc8adcc08efb4ff0ea7f8
global_step=123296 | return=-141.48 | steps=131 | track=b590e3b12d86d07035b531f57dcced60
global_step=123696 | return=-21.11 | steps=61 | track=f48b6c98cf3fbb7a1233e8903af7fdb1
global_step=123792 | return=-199.06 | steps=260 | track=1ad25f7489c98f80de460b126e7877e4
global_step=123840 | return=-32.58 | steps=61 | track=13bb5d81a06e277a8d8d6d335d00c929
global_step=123904 | return=-48.08 | steps=76 | track=4a73d8590d515f15f42d1657a0c064ff
global_step=123984 | return=-42.06 | steps=42 | track=e59a2a7e67e9d9f39c1a46ed0f041607
global_step=124000 | return=-141.66 | steps=131 | track=81d1722ce2f388aa6703ee110bc8dab8
global_step=124240 | return=-150.86 | steps=131 | track=28493325700c5bab5139d46e052349b1
global_step=124304 | return=-142.89 | steps=130 | track=2d54604649c06516d94f7fde537da33b
global_step=124320 | return=-108.26 | steps=118 | track=c771df9edac42a30a18909a0df67a8be
global_step=124416 | return=-148.76 | steps=131 | track=54b5f1cd1e9661a99d2c0e6433eec0ca
global_step=124496 | return=-126.49 | steps=197 | track=76b8c6404166c5273034e24425171d7b
global_step=124512 | return=-151.01 | steps=130 | track=d3641a91a5bbb505af71174d42d78326
global_step=124992 | return=-135.28 | steps=131 | track=97a17266e6f2b519374fa0741cf06d73
global_step=125136 | return=-17.79 | steps=70 | track=bb0c2f337f1e68c79ac79c83f5f7b2ff
global_step=125264 | return=-144.77 | steps=139 | track=8ff8bc5338df4f872ed0faf62a9d2bce
global_step=125296 | return=-141.20 | steps=131 | track=e83ab9ddf849d208dc148019322a2263
global_step=125344 | return=33.18 | steps=64 | track=06498a96372956ceb2acbe94c87a5181
global_step=125552 | return=3.69 | steps=64 | track=bab786d35d86dda50b1321d7e983c143
global_step=125808 | return=-137.89 | steps=131 | track=48195cd83590b81064f2bea72146c6b4
global_step=125904 | return=-134.68 | steps=131 | track=e7b7bd4976d279e4bbcc05a142fb6e07
global_step=125952 | return=-144.40 | steps=131 | track=f2c5c64a3c0c807da02e547b0fd00c19
global_step=126096 | return=-144.99 | steps=131 | track=f40a087feb2dac54ebbc548f182ac759
global_step=126192 | return=23.40 | steps=221 | track=17887a100eeac6d3b27a65e1ae12ca41
global_step=126272 | return=-117.94 | steps=147 | track=dc0c9146701b23ced269919139c4f39a
global_step=126288 | return=-130.40 | steps=122 | track=dfae57b7d075bb1aaa19d4fa802b7d42
global_step=126336 | return=-6.70 | steps=61 | track=2b5426940bce4756686d061eecbaa9cb
global_step=126496 | return=-76.70 | steps=140 | track=2c1d884236466a1120e0919b7c6ab9cf
global_step=126528 | return=-140.41 | steps=131 | track=a41c41b85454090637608c808aa47648
global_step=126608 | return=-135.90 | steps=131 | track=35a596954dd71e24d494e3f0c6b16ec5
global_step=126656 | return=33.46 | steps=68 | track=852d3cb254a90e51221a3af98f258d46
global_step=126720 | return=-58.97 | steps=47 | track=d283ad7098ca06b31426797c2bb76123
global_step=126736 | return=-65.79 | steps=57 | track=6d0e9a9e592c09db4ad7d565c5627a14
global_step=127104 | return=-150.86 | steps=131 | track=6ebe52149844cc74cb4b4100aeaf9147
global_step=127120 | return=-16.95 | steps=63 | track=415d479a8122c2b3c856603ff9cb2f97
global_step=127248 | return=-142.55 | steps=131 | track=1e91967a90061f4067fff710272a72e9
global_step=127264 | return=-47.14 | steps=57 | track=61424d81926551da859211cb2c614850
global_step=127328 | return=-41.81 | steps=49 | track=8c104cbc858ffd432fa6d7a03aec0fa9
global_step=127376 | return=-149.93 | steps=131 | track=086d49ab883ed542c6654f3c4e32c6bc
global_step=127408 | return=-144.81 | steps=131 | track=57661bc12d8e372a46670ba4596ca649
global_step=127536 | return=-29.86 | steps=83 | track=214cff05c67ba20e50eb6ad675bbef66
global_step=128096 | return=-12.93 | steps=84 | track=7d9ee1e7fd833eb70cfa4073a855d92a
global_step=128272 | return=-24.99 | steps=62 | track=6b07ca323454dd498b141673c871ce40
global_step=128400 | return=-139.70 | steps=131 | track=c1b70172fc7876116f8420059796ab23
global_step=128432 | return=-85.01 | steps=106 | track=8fb97ad6ba1519606178d222f5560ca1
global_step=128592 | return=-148.14 | steps=130 | track=2802bb2f918155eaee50db9aa4a41aaa
global_step=128704 | return=-139.39 | steps=130 | track=b4f1083eea3899d545739d79296154ce
global_step=128768 | return=-141.79 | steps=131 | track=34e70b884aa01904a39770052b7be096
global_step=128880 | return=-26.33 | steps=96 | track=771d4bf75ee025c344a2b130c0ff644b
global_step=129216 | return=-152.51 | steps=131 | track=1420b326ce722fb2f5b1229b3d00072d
global_step=129232 | return=-138.10 | steps=131 | track=c591c741ec0d8553bb612fcb3d316c74
global_step=129280 | return=-54.35 | steps=62 | track=696eeaf3a80bca71b73a979687c77fcd
global_step=129392 | return=-15.85 | steps=61 | track=bc65d78aa66ece0d574063f9bc342a08
global_step=129392 | return=-153.61 | steps=133 | track=6c7de77d6e02bd1211d7240e076f04c2
global_step=129440 | return=-21.72 | steps=62 | track=d2bfa804cf5650f9bc2a0b886cf40e5d
global_step=129488 | return=-137.29 | steps=131 | track=687e89964f0516dca3e64ed3e834d61c
global_step=129520 | return=-153.87 | steps=131 | track=0355eed8b7d437fa8307b8171ac9ce4e
global_step=129568 | return=-56.58 | steps=42 | track=b6c1186ee45e111be7a5bff1264f3c0f
global_step=129648 | return=-135.31 | steps=131 | track=f39c023102fc8bc5180cf118d62e4962
global_step=130208 | return=-144.69 | steps=131 | track=5f6952051001bd794801c664897e33f5
global_step=130352 | return=10.44 | steps=69 | track=29359a3cfa40aa59e8bdb45918fbcaac
global_step=130544 | return=25.64 | steps=71 | track=0b664037804033a234b577679b1e26be
global_step=130560 | return=7.27 | steps=111 | track=e479ca34145b61bbc8a38334b65c186a
global_step=130704 | return=-16.73 | steps=65 | track=13965a289c1c9c1bbd52a85be937761d
global_step=130704 | return=-146.19 | steps=131 | track=8a57f5b9bb4026843400e7f6217ca836
global_step=130816 | return=-146.68 | steps=306 | track=54346ece80ab034b2e98c97fcc1054b1
global_step=130816 | return=-136.61 | steps=131 | track=108546531cc7943af1f5d4f9ed61f67e
global_step=130928 | return=-51.86 | steps=44 | track=909fac49bcea4e25e2837e1926b5e53a
global_step=131072, SPS=61
global_step=131328 | return=-146.34 | steps=131 | track=f55e83b0345495b762cfa03ffe21e844
global_step=131456 | return=-30.99 | steps=135 | track=12f775e541de86531aab806a82426cec
global_step=131488 | return=-163.19 | steps=130 | track=29c6c7d71c3d3aab57d1793fd6e50364
global_step=131536 | return=-131.83 | steps=130 | track=d8e9572beb545c170c4549a6c420705f
global_step=131600 | return=-138.99 | steps=131 | track=6764da33d1f0740a1e04cf0f1677c3dd
global_step=131680 | return=-156.50 | steps=131 | track=7361aee043201845854f1559eefb3726
global_step=131808 | return=-22.98 | steps=61 | track=2a6c0869c6f99371a979665702082bd3
global_step=131840 | return=-109.57 | steps=92 | track=fb77af77ca2eee17cc52ebb1ee37ae22
global_step=131888 | return=34.31 | steps=66 | track=2d315351822871da505f8b66f7c3bda7
global_step=132096 | return=-100.19 | steps=160 | track=9eccdf31e8bbb2a632e2910edaf3664a
global_step=132144 | return=-108.44 | steps=89 | track=e76efdc33f79dafd1c82b1180a04f575
global_step=132304 | return=-72.25 | steps=43 | track=e106e2ad8bb9992b56fcdc45d23583ac
global_step=132336 | return=-211.99 | steps=378 | track=04f32b0e108d322e90a38f64528bcf46
global_step=132368 | return=-102.74 | steps=89 | track=c29016ee5a0c00d75bc9409d26280e11
global_step=132544 | return=-109.08 | steps=114 | track=7254e575dc2c0bb2f67054b3d9306df9
global_step=132624 | return=4.21 | steps=67 | track=fd91816d0ab356bae2a7901fe4d047f4
global_step=132640 | return=-148.43 | steps=130 | track=130b2bda41dba5df35d23ca96635b91f
global_step=132672 | return=-158.50 | steps=131 | track=a0cb02268ccf6d5f130d7ba7d39919ee
global_step=132912 | return=2.36 | steps=68 | track=cdd257fc300761e1bc4415acbebbb4fb
global_step=133408 | return=-57.09 | steps=47 | track=19a6153cf810fbcf579c3aab1fa4d85d
global_step=133440 | return=-163.58 | steps=131 | track=005ab2df0a787e38f69c915d20cfa70a
global_step=133600 | return=1.36 | steps=65 | track=cb4122bc3423685d654c31a941089291
global_step=133760 | return=-89.27 | steps=143 | track=0d827f158e418817c35e27dbb9cb7da5
global_step=133840 | return=-121.11 | steps=108 | track=3b6c99b1b636173ea9b0c31e24194518
global_step=133888 | return=-57.74 | steps=149 | track=84f618bd87009c08bcf0062774568187
global_step=133952 | return=-153.81 | steps=131 | track=d78f4cc89de49a04fe829b7c23bc4dcd
global_step=134000 | return=-140.18 | steps=131 | track=8339b7909e76863f4999728a33af18bb
global_step=134032 | return=21.82 | steps=69 | track=a08f6aea71bb516fb06b1495f59db915
global_step=134256 | return=-167.47 | steps=131 | track=6e4a91c869552de5b46a684ef2e50c2e
global_step=134272 | return=3.19 | steps=161 | track=8309b87aba5d862f64b9d6bb160690d5
global_step=134416 | return=-153.30 | steps=131 | track=bb3f9b344172549e256f4fb2e986795d
global_step=134432 | return=-103.26 | steps=130 | track=6969ca23eb5515e0c64c3ecfbb44b1dc
global_step=134432 | return=-72.73 | steps=41 | track=e428e4a45f7cdc6665f95a05cc545814
global_step=134480 | return=-149.35 | steps=131 | track=d1d4229bf2c8c951b2ad067025b120cb
global_step=134656 | return=5.43 | steps=65 | track=5a5d64d0e3b0a3816fbd86aa64cecfb5
global_step=134784 | return=-137.61 | steps=131 | track=bbafd5e0b4fdd520cf57eecb58097dfb
global_step=134960 | return=-31.81 | steps=66 | track=901a54081441f5d74f19ef934f2ae115
global_step=135088 | return=-75.40 | steps=153 | track=6fa6e7da466b8215446b930ae7e70b3a
global_step=135552 | return=-145.51 | steps=131 | track=9ae191a81b1d98bbc7a71680815f35e0
global_step=135728 | return=-78.30 | steps=110 | track=7ec591f436558550fd50d33106cbd92c
global_step=135952 | return=-157.26 | steps=131 | track=b18607ec65910e11896024d91f9282e8
global_step=136048 | return=-5.83 | steps=78 | track=0503604b2efc0c6404b8332b397aa436
global_step=136064 | return=16.32 | steps=68 | track=f75cb497faa9a38fcddbb11da71c9acc
global_step=136096 | return=-150.17 | steps=130 | track=c778f7bd94ac6216ef5c4120fbbc0126
global_step=136160 | return=-62.11 | steps=66 | track=15435ef421188e7c779aeb9ee75eef32
global_step=136512 | return=-152.88 | steps=130 | track=506e762de7e408046443c45766ade28c
global_step=136544 | return=-146.17 | steps=131 | track=3de470d17dcb4a24a289372e4d3bd9e4
global_step=136560 | return=-87.35 | steps=142 | track=007132c41ad2de31b525a7e09270acb9
global_step=136592 | return=-142.37 | steps=131 | track=34e05fd522f62697859321dfcb6128ef
global_step=136832 | return=-56.72 | steps=149 | track=cad784042682242dbbb2734e076a1549
global_step=137232 | return=-76.22 | steps=185 | track=904cccc34b293de31f9176e677724fe3
global_step=137296 | return=-182.95 | steps=203 | track=b69396201b9eb3367a566f822c694fb1
global_step=137408 | return=-204.15 | steps=171 | track=575ed3514af1c6357c72f0985a5d7a33
global_step=137680 | return=4.33 | steps=67 | track=bb8b9cc3d2374697e627efb34f5a3ff4
global_step=137680 | return=-148.83 | steps=132 | track=22c06a84ea46308478aafdea06d6cdd0
global_step=137824 | return=-136.53 | steps=130 | track=8c7d1f3156200384191acae19ac72b1f
global_step=138064 | return=-152.56 | steps=131 | track=bc5b5328925fde1ab0163b8f73e70cf5
global_step=138080 | return=-198.92 | steps=291 | track=e5ab3e3cf1892698ca3781435ab67563
global_step=138144 | return=-143.59 | steps=130 | track=a1b0812b5d7499511cc04015ee932465
global_step=138192 | return=-141.57 | steps=132 | track=264b33aa6d843f8190db203f96b72a4f
global_step=138192 | return=-149.78 | steps=130 | track=7f204aff865ca6d2af7cddae19af765e
global_step=138624 | return=-142.15 | steps=131 | track=02c59a905681180a7873fb6bc57c664f
global_step=138672 | return=-130.87 | steps=131 | track=162579ef48ffa7745843541d5fab9783
global_step=138800 | return=-126.85 | steps=140 | track=5490e495fccf93b5a17bb50e4af9dc5e
global_step=138832 | return=-16.96 | steps=95 | track=8e8f2a715cdb1eb67c6539ab10da051f
global_step=138848 | return=-128.09 | steps=167 | track=2a9d8b30be905d6d7696496bf579afbf
global_step=139136 | return=6.57 | steps=66 | track=2cf612b3ebbfef3d0c881281440943aa
global_step=139344 | return=-147.87 | steps=131 | track=b1f45a66c31d22aab622bc13548c0945
global_step=139504 | return=-148.14 | steps=130 | track=2171cbfb3cfdb9c57bc63dbd74fe4252
global_step=139664 | return=-107.53 | steps=98 | track=f5e1e763884309f815aea0cbdcfd367c
global_step=139776 | return=-139.44 | steps=130 | track=24822b409dfab5c5f378c7e5dba28b69
global_step=139776 | return=-145.07 | steps=130 | track=f4d5bada8ab9ca0a75c2c188d8ed631b
global_step=139808 | return=-122.19 | steps=185 | track=9d25dc3d9a1b7af3e37a0cdb2a19c174
global_step=139888 | return=8.01 | steps=67 | track=bef7d9d43c01056ff15f9f9e3b62c60b
global_step=140288 | return=-149.22 | steps=130 | track=d3352032333440832dc6290f09b733a0
global_step=140288 | return=-64.65 | steps=153 | track=f395c09220c0e27edef8cb585d8208cc
global_step=140304 | return=-143.58 | steps=131 | track=91453de7cb936b15993cacd286a25a3f
global_step=140416 | return=-78.62 | steps=141 | track=19dcf5e610af2a6f1379df338f3e9c12
global_step=140528 | return=10.39 | steps=63 | track=9550a5346090436ff2add2cdf0e7c473
global_step=140544 | return=-119.13 | steps=105 | track=3c90b9987c3b64f61f22bbde94e6ba4b
global_step=140640 | return=-53.38 | steps=46 | track=e308ce63e6bd997ff4e4f3a19ab67c7f
global_step=140736 | return=-135.16 | steps=131 | track=43656f67be5169f16ad4f2e1b64cca46
global_step=140752 | return=-137.40 | steps=129 | track=1912eedd5680f29607d1573e2fcb5203
global_step=140944 | return=-147.84 | steps=131 | track=3ffbb15c169699a9a0b2cc95e1a70535
global_step=141072 | return=-73.22 | steps=107 | track=b54a81f1590b3fe69fbf459d6061f83d
global_step=141248 | return=-136.19 | steps=131 | track=b4b0bb6a195a072753ef0d1041dbbb56
global_step=141440 | return=-123.00 | steps=110 | track=56ed9c3ca5b01cbb962acc7d4828aa4a
global_step=141888 | return=-135.07 | steps=131 | track=0a6d386c0f0202fb4db70820e3c7c62c
global_step=141920 | return=-145.12 | steps=131 | track=43a8c8190c074caa1cd6d30ff778d9ad
global_step=142080 | return=-102.18 | steps=89 | track=7436b0dd20d88e39783fba88c6d8f563
global_step=142304 | return=-16.44 | steps=53 | track=e03cf7c0dfd9612237bc49d069e37d4f
global_step=142384 | return=-149.04 | steps=130 | track=b8bf832bf52be889aaf96a738f790deb
global_step=142400 | return=-155.80 | steps=131 | track=2cb414e0cd04dff56e74018cd345f5aa
global_step=142416 | return=-137.60 | steps=131 | track=df360ae7374b3023bbd92fc74368640d
global_step=142528 | return=-139.50 | steps=131 | track=e152a634deba972759d235d8f290b727
global_step=142640 | return=-147.47 | steps=131 | track=c06600c64d1f4a79f71365013fa50f16
global_step=142656 | return=-152.87 | steps=131 | track=fdd9c386e0372400aef0b209c558f589
global_step=142720 | return=-105.84 | steps=91 | track=2c5466f7ca04edbf666256f0c556ee2d
global_step=143088 | return=-144.32 | steps=145 | track=2e953db275bc8ef4ab918367e772eda4
global_step=143152 | return=-33.69 | steps=150 | track=0f0b018117a0d49cc5a4dabcfc6612c7
global_step=143200 | return=-144.07 | steps=132 | track=6fa637326af1153ce75b867fd8d28ede
global_step=143344 | return=-30.29 | steps=50 | track=7c918caf261242a940f9a970a8159576
global_step=143344 | return=-227.10 | steps=222 | track=5d9d6a5f90668345486b74ade9411062
global_step=143408 | return=-12.82 | steps=62 | track=12ed568e35a8529a7de78776625d8eef
global_step=143520 | return=-101.28 | steps=89 | track=d682958ce4e581ae3a3f11a6d62b263b
global_step=143680 | return=-4.65 | steps=80 | track=e99bed19072601424f9de606ab26aaca
global_step=143888 | return=15.04 | steps=77 | track=976391b483bbfb65c02c1eee7cce8458
global_step=144016 | return=-132.50 | steps=130 | track=b76876f568b3bcd2c34053daeb78a53e
global_step=144144 | return=-166.36 | steps=199 | track=da4e8fdc5ebe7850603cdc87a23ee33b
global_step=144192 | return=-3.94 | steps=68 | track=4d08eba7d66c7064164fbd46a541efc9
global_step=144320 | return=-116.68 | steps=99 | track=c323d1b8eda1a06e79377a6853f01f71
global_step=144416 | return=-155.28 | steps=131 | track=d0502d43854eefff8e45bfe445f4505f
global_step=144528 | return=-138.93 | steps=131 | track=ac6eb13ecbf7ce4dab4d14c14120dd06
global_step=144640 | return=0.58 | steps=92 | track=370388b91e11e134d85c039e2e9ade8a
global_step=144768 | return=-142.55 | steps=131 | track=5bc1bc190b7a76aff8e5b346aa66cb4f
global_step=144960 | return=46.28 | steps=66 | track=3ab39a2c188d6fb9f9bad4e1f1c92a70
global_step=145296 | return=-154.10 | steps=130 | track=944bc7f1b4408a5b3aed6994b580259c
global_step=145440 | return=2.51 | steps=80 | track=002fd0f085577025d911e1b5f80a0230
global_step=145520 | return=-147.47 | steps=131 | track=ec7881f0fefff502936d3a62147a80ac
global_step=145632 | return=-141.66 | steps=131 | track=5062b7bb3cd0ecbdfcddc191a68ad7dc
global_step=145744 | return=-69.86 | steps=149 | track=39a49e5b348f9fd35b7bdf8387a180dc
global_step=145776 | return=-39.51 | steps=130 | track=2bc97369fd45e64d16aae10f5e965c4f
global_step=145952 | return=-99.00 | steps=109 | track=84c4b27338d2e0336b4950a051a0b0f6
global_step=146112 | return=-128.07 | steps=130 | track=51edb7dab32e5a2b175dfe31bdcadfec
global_step=146336 | return=-152.10 | steps=186 | track=1fcf09efb67986a874cd35445f5ed816
global_step=146352 | return=-122.10 | steps=113 | track=65a927f7297a8dc33c81252d3e3d1ab4
global_step=146432 | return=-138.56 | steps=131 | track=a41dcc49609bbf77f632bc03d2c51156
global_step=146480 | return=-129.58 | steps=94 | track=48fd0b3344f1df5dbcbbd017997b1b4f
global_step=146528 | return=-142.33 | steps=131 | track=44ecaffaafd7e01f401b13ec96544f0c
global_step=146752 | return=-145.55 | steps=131 | track=5fbba32da76b05324899b8e688f5f927
global_step=146880 | return=-149.47 | steps=131 | track=164318973623781bee3a165757839ea8
global_step=146976 | return=-4.29 | steps=83 | track=03f1e7ebec8e718977178e3a35bd2904
global_step=147328 | return=-111.29 | steps=98 | track=990134630945b08749dcdb877faf3237
global_step=147392 | return=-107.47 | steps=89 | track=9eb666dff4765bd470c88318ff6efdf8
global_step=147440 | return=-145.51 | steps=133 | track=a25d4ea0344c15ec5a3dae746a940167
global_step=147456, SPS=61
global_step=147552 | return=-161.44 | steps=131 | track=8426e0b36c4ac61a0f4c1ab2c1020f60
global_step=147632 | return=-142.91 | steps=131 | track=f0f1a67474b2918284ff2856307d624e
global_step=147840 | return=-78.95 | steps=92 | track=dc6a2e01841f2f6241a478297feec98f
global_step=147888 | return=-145.34 | steps=131 | track=b28d3d9d2077c7711d77da9704493e46
global_step=148448 | return=-61.59 | steps=91 | track=86f30b34620442ca6830aaa2bd5ea154
global_step=148592 | return=-156.51 | steps=131 | track=589bfd8e2524ce36901c18e724e95c5b
global_step=148592 | return=-132.63 | steps=114 | track=7131bcb3d83dfe51fdd72d8bd62f83de
global_step=148832 | return=-104.69 | steps=149 | track=a84935d44300f940dab8e1cd7d265958
global_step=148848 | return=-133.79 | steps=170 | track=7daf542ad5291720d25377bdd82b2ff1
global_step=148880 | return=-110.52 | steps=89 | track=d69899123d10dc0e1c46038ecd1a56f6
global_step=148992 | return=-154.89 | steps=131 | track=519a7a1e1b0f77236ed9fe74e2536794
global_step=149120 | return=-106.98 | steps=92 | track=4939ffa6fa390294317d749cb35811b2
global_step=149136 | return=-45.81 | steps=42 | track=f91e0d64f36396d244e331a0e63bde15
global_step=149168 | return=-223.32 | steps=454 | track=63ee894cf76015916ae9e0bf1a0d1812
global_step=149168 | return=-121.23 | steps=164 | track=052b0a4f024748b4951d4c7ecb087879
global_step=149344 | return=-28.08 | steps=46 | track=826e7b4ef177f44d82c06f207be95bb0
global_step=149392 | return=-161.14 | steps=190 | track=bfea632e177a9317d2628837ab33f0b2
global_step=149440 | return=-142.01 | steps=131 | track=86eec91fd30da3f73045427bbc6a1dbc
global_step=149552 | return=19.57 | steps=134 | track=f6f862782b3cf96a25f7a2fda347f76b
global_step=149664 | return=-140.26 | steps=131 | track=ab25d7aad8a08e2b4ee0429d568294a2
global_step=149840 | return=-18.92 | steps=61 | track=16916a74fe735ee7ef18c9edce6afad6
global_step=149936 | return=-142.13 | steps=130 | track=14dba9184dcbf6d815346b42580386e9
global_step=150288 | return=-177.57 | steps=149 | track=54b3d5e1a256411136eeae5c690c95ac
global_step=150352 | return=0.50 | steps=62 | track=1ab3dea44e350cfcf13b9b5d45a240e6
global_step=150672 | return=-63.43 | steps=93 | track=fd2614cdb6d4ac599726dbd1858df662
global_step=150704 | return=-143.90 | steps=131 | track=cf4864025218a684269b529fb65bfe2a
global_step=151104 | return=-150.76 | steps=131 | track=9234f4a39e0b9bf79ade97b7371fb5b6
global_step=151216 | return=-107.18 | steps=129 | track=4847359266fe3c5fb72e3d3c7b0608fb
global_step=151216 | return=-146.49 | steps=130 | track=0b2cb1e9b66088e79599dc898c1de066
global_step=151248 | return=-132.69 | steps=147 | track=3f9fd758d21056f8ec56998a73b08d7c
global_step=151280 | return=-155.10 | steps=131 | track=b451bb75b05aaebc8996c18bd5771915
global_step=151296 | return=-110.17 | steps=90 | track=0b991e5d138795de47a4a7c006503310
global_step=151440 | return=-131.33 | steps=162 | track=92c9bd1bfcdee39226f8f8d8e2e9aa4d
global_step=151552 | return=-149.79 | steps=131 | track=d48055045f9597c1bb349780babe87b0
global_step=151664 | return=-133.73 | steps=131 | track=0e9ee1f1f45cb15c5d3b2e80319c0201
global_step=152048 | return=-149.59 | steps=131 | track=f7302e7d333ad5c972672e9c7acc9c5f
global_step=152112 | return=-80.00 | steps=152 | track=2563dde6cbb76913f635bcb7a542d728
global_step=152272 | return=-31.02 | steps=123 | track=b0b8803170c810d1b8001d0d22c300c1
global_step=152288 | return=14.03 | steps=66 | track=e1d5dc9c33fe9516a28558f397852876
global_step=152464 | return=-144.03 | steps=131 | track=4520ba5564b75b8769e0ac6dec056436
global_step=152608 | return=40.47 | steps=65 | track=693b6cc9a24644610afa6639067ee660
global_step=152640 | return=-65.41 | steps=83 | track=b786a49e33cebcc4b019c9eda4684c8f
global_step=152688 | return=-34.15 | steps=205 | track=730419b0e994cab570224a4a4f830907
global_step=152784 | return=-140.45 | steps=131 | track=bbb6612bbeaa2774984f0ecbaddcf386
global_step=152800 | return=-156.02 | steps=130 | track=a916f829ffbea28094ec1f13e5ccc7f1
global_step=153104 | return=-7.01 | steps=65 | track=9e2465c44f9d5b38b3df6c935986cac9
global_step=153216 | return=-136.41 | steps=131 | track=aae2370df3571ef234e147d97deeba91
global_step=153296 | return=-7.88 | steps=63 | track=24f0f7f8026e44d3865018af6877fee9
global_step=153312 | return=-140.77 | steps=128 | track=a2b1f7df0e99eaf19b88b28849f4815b
global_step=153328 | return=-149.93 | steps=131 | track=7aacb86f53d1cf7c1418c24d52b9285f
global_step=153472 | return=-122.09 | steps=136 | track=6a829a2d430807228bb955d87436836c
global_step=153552 | return=-139.59 | steps=131 | track=b871092be03e2836d2813a0eb1b12dc1
global_step=153648 | return=-12.57 | steps=62 | track=c4f3367821de4a2698909e6f5f9966ab
global_step=153792 | return=-74.76 | steps=93 | track=7480e055f267d2d833760a84ff825941
global_step=154048 | return=-113.91 | steps=89 | track=3414d3e9514cc4a0c00e1e4f3583f75f
global_step=154224 | return=-152.18 | steps=131 | track=4adb02a491e08ead5d266a3756626a77
global_step=154304 | return=-62.33 | steps=40 | track=acf3fa080554cd158b0e1db7ca4987e2
global_step=154512 | return=-24.51 | steps=87 | track=bc99538242204b205cd288b71b4e3832
global_step=154560 | return=-142.68 | steps=130 | track=18f5715be63019670841fb2e989dfcf8
global_step=154592 | return=37.01 | steps=69 | track=bb1a8e95a772b4ec3e114bf3caa05796
global_step=154672 | return=-78.83 | steps=69 | track=d60e7cc8001163d256881d71039265b0
global_step=154864 | return=-142.23 | steps=128 | track=9080e17a8af74c61632340395fd1bd56
global_step=154912 | return=-41.00 | steps=42 | track=712b7bf6c0c601500a2843c9530c45e6
global_step=155088 | return=-184.95 | steps=213 | track=9bb8e10e1c134f9d0e3cb0c69cd7e295
global_step=155216 | return=-73.17 | steps=151 | track=b7cc7c7ab83344729beb2c5b78946669
global_step=155312 | return=5.02 | steps=62 | track=d1e4281197e410d1b3d5eef5e107d4b8
global_step=155328 | return=-142.55 | steps=131 | track=418ad92dc296618d646c0765b86c2656
global_step=155360 | return=-44.60 | steps=47 | track=99ce28af565d1cf11def7996390f35ab
global_step=155408 | return=-148.28 | steps=131 | track=e1a5aff0728b3c398a09107ef09c4c2b
global_step=155424 | return=-153.81 | steps=131 | track=eb89d90614701ccfaf421ba9a4568592
global_step=155440 | return=-147.25 | steps=131 | track=ee13d1dbdca6d43d6a9dc409f790d09a
global_step=155904 | return=-84.06 | steps=42 | track=45cda8a5ace0100393d9148f1926d850
global_step=156160 | return=-146.17 | steps=131 | track=992a8dd46dc36a496b7496c10c32b54f
global_step=156240 | return=2.26 | steps=107 | track=0ebf1261a5653d7741aa9674601255ed
global_step=156352 | return=-98.51 | steps=78 | track=86a1b93640147ff34866a3e245f691c6
global_step=156384 | return=8.98 | steps=66 | track=80b242a2d758ad7398db9e416243e6bb
global_step=156512 | return=-109.31 | steps=169 | track=a9510c02caa80a693c675b02586d59ed
global_step=156528 | return=22.23 | steps=69 | track=23fe7b61696145531146d686aa408d60
global_step=156656 | return=-147.89 | steps=130 | track=5443e9417649041b7d078aaeede27c3a
global_step=156784 | return=-146.42 | steps=131 | track=9b583b009a25b2e704cadf8046e436e2
global_step=156976 | return=-147.06 | steps=131 | track=7ff2346d7dbde270bcab16d551223df2
global_step=157040 | return=-141.94 | steps=132 | track=f24fab1f12330763fd30c48c4cccc6c6
global_step=157264 | return=16.16 | steps=84 | track=1446669b522bef1a4a6890698abe9024
global_step=157472 | return=-134.92 | steps=131 | track=a214a6a856fa24b49caca400155835cf
global_step=157488 | return=-22.43 | steps=70 | track=5836bb537c786d822116a4e28e500c30
global_step=157520 | return=-10.86 | steps=62 | track=8815f6b36dcb89a7f8e5c79783b8e022
global_step=157536 | return=-152.04 | steps=131 | track=618931f99147583fa6376e3a80a218f0
global_step=157536 | return=-135.43 | steps=137 | track=97c7f6f6784353dc042a54d735568b01
global_step=157552 | return=-148.53 | steps=131 | track=a839ffc302f36903dbdffff0ddb8892b
global_step=157760 | return=-61.53 | steps=48 | track=fa8949451d961e25bce787f6711eb6af
global_step=157824 | return=-49.89 | steps=72 | track=750fdb5ceb3cb0e97a77ed2e677f572e
global_step=158352 | return=-146.60 | steps=131 | track=1f823cce4da95fbd40ff01802298d26d
global_step=158480 | return=-140.89 | steps=130 | track=70cf2e58b36a2d46e826e32b6e79ca78
global_step=158560 | return=-21.20 | steps=149 | track=6fc5c08ce294988c904004c736b0b5df
global_step=158592 | return=25.79 | steps=69 | track=d7c92498bb688b8ad40e156d4274488b
global_step=158592 | return=-266.98 | steps=368 | track=1171f50fafd3da00631d7a320ed51d23
global_step=158640 | return=-136.02 | steps=131 | track=567d5b835f43f84f62a9cdd93d2ee4c1
global_step=158736 | return=3.62 | steps=75 | track=161b882fd1b6158bffd2941eab4242c9
global_step=159152 | return=-139.80 | steps=131 | track=29eb08ada03da476767197cac59eaf1d
global_step=159168 | return=47.01 | steps=100 | track=44e2f45d2aa9e1576c1f28dae6396e51
global_step=159344 | return=-12.51 | steps=61 | track=5d5a3bdce3977fb50d1e049b3658aea3
global_step=159488 | return=-90.36 | steps=168 | track=f621774652b208cd4295b6b4b6f23f5c
global_step=159488 | return=-102.92 | steps=138 | track=4dc5f492eb0753bcc711a6423380d043
global_step=159600 | return=-148.23 | steps=131 | track=381e9533ad8001a30fcb2bd6a4f4613e
global_step=159632 | return=-137.52 | steps=130 | track=4929322cb073d98e0cee4a64b3532935
global_step=159632 | return=-145.75 | steps=130 | track=92130f8af9aa84ee6c73eae8127537b4
global_step=159856 | return=-146.12 | steps=130 | track=94828c23abb6b71391b530f10d57fe1a
global_step=159936 | return=-131.40 | steps=131 | track=f7ed563ddcf67aee22eed2ef3699eb41
global_step=160144 | return=-15.13 | steps=61 | track=6996e277802cac5123dbe35dd44e3006
global_step=160192 | return=-88.41 | steps=106 | track=b15b61d72bfac55c25bcedf33b4420e1
global_step=160656 | return=-145.22 | steps=130 | track=f69ea8184774452b068ba7c7f87839de
global_step=160704 | return=-140.51 | steps=131 | track=4bd9caa352671c68cbd8a69096731314
global_step=160832 | return=-135.00 | steps=130 | track=e2a2696461a1b05d086d6a124ea65b3e
global_step=161008 | return=-74.95 | steps=150 | track=957ad2cd4d34559937e6a25ed4b0da1e
global_step=161040 | return=-116.73 | steps=105 | track=678d8c8105dc4ad61c000be44f6a31f9
global_step=161216 | return=-3.37 | steps=63 | track=443d3608b4a83bd9bea4d159b3d6941f
global_step=161264 | return=-126.05 | steps=110 | track=14e88cbe008d794b08c1a35c21097298
global_step=161280 | return=-136.14 | steps=131 | track=177e0df61abf2b985480fb51550c7a9b
global_step=161696 | return=-137.69 | steps=130 | track=b5eaf9c9b5fd97e524fb25c85b8d5832
global_step=161744 | return=-142.94 | steps=131 | track=ec2c5397b0de45d832d221689bc7f30b
global_step=161776 | return=-100.43 | steps=142 | track=371174fab78da3f55a95d538cd167bbb
global_step=161984 | return=-49.77 | steps=132 | track=8bb3658406513ff27b9e34d3d0fff529
global_step=162032 | return=-23.86 | steps=61 | track=9b2f0c0dfef13b79c9bb403e49e1ce4c
global_step=162176 | return=-97.15 | steps=158 | track=13f7266ff624ed97ad59ad123324b727
global_step=162256 | return=-130.30 | steps=131 | track=a28e087055088aebb631e1f5b8bc9b7a
global_step=162368 | return=-50.16 | steps=71 | track=1ed86d3fd651ca7734b1b91d26b60d04
global_step=162544 | return=-69.24 | steps=117 | track=bb07534d51bbe06efb58d6a732e315b3
global_step=162704 | return=-11.33 | steps=62 | track=1074f92a4e4278cc74676f4190696060
global_step=162736 | return=-65.05 | steps=59 | track=4dabc746860dcb0f38898da4e1c6e8b2
global_step=162768 | return=-5.06 | steps=63 | track=b53370d0922936ae03f35d97a7b830da
global_step=162816 | return=-139.69 | steps=131 | track=0d49e2966647c5068d5cc75a3f9d52d0
global_step=162864 | return=-18.84 | steps=263 | track=dd6af7b7bc5f6de1fe4219a88d002abf
global_step=162928 | return=-139.93 | steps=130 | track=266ad9c0d2b92847ac87b67cde0a1edc
global_step=163120 | return=-102.65 | steps=131 | track=b5b7ccc8b80de0e2a4b0dffb932cbac0
global_step=163376 | return=-131.48 | steps=131 | track=8c4e4a7ee8fe89b5bd57568903f6d7b5
global_step=163568 | return=-88.62 | steps=142 | track=3b35b3705bfc72a5fd18bcfcafc1b8dd
global_step=163584 | return=-163.11 | steps=227 | track=2111a03ec1eef76cd311ee1f9eb186ef
global_step=163824 | return=44.01 | steps=69 | track=cde5c87215b16815f7e24df47d34371b
global_step=163840, SPS=61
global_step=163904 | return=16.26 | steps=67 | track=5b9b4c59c0ba0ddc5db509be9029fbbc
global_step=163984 | return=-101.56 | steps=89 | track=144c47d9628d9ef4d013732857428747
global_step=164096 | return=-124.90 | steps=131 | track=c98110a65cfad5cfbe70e8f453e035c2
global_step=164144 | return=-130.87 | steps=131 | track=755945d84e06ca53e6708e008753553b
global_step=164288 | return=-142.45 | steps=131 | track=90fe8fa910464f7012c11f743b7f4c49
global_step=164368 | return=-135.16 | steps=131 | track=0b47484ed4ab6296802ac1ac6bef2acb
global_step=164480 | return=-2.84 | steps=68 | track=9a5189e1dd9e368ca1bdeea77b75c9be
global_step=164480 | return=-129.70 | steps=131 | track=7b65445540d0840d439dd6e55f074435
global_step=164848 | return=-152.18 | steps=131 | track=a1ba065a99a1f621ce3b9be5332ea9cd
global_step=164880 | return=-134.17 | steps=131 | track=97662032b7099f95318778b6a9e71c5b
global_step=165088 | return=-138.59 | steps=134 | track=60efb4db43aa4127bd48daf21a801613
global_step=165216 | return=4.64 | steps=69 | track=92648546ad0124550c9cbea9e39f7aa5
global_step=165232 | return=-138.81 | steps=131 | track=35c5a5ac3a6978da48426c7e15ac72b5
global_step=165248 | return=5.43 | steps=68 | track=826e5767ac62b8572087d0ed9853824f
global_step=165648 | return=-145.51 | steps=129 | track=65d5cfe0b5c35830c0012b28846a2074
global_step=165696 | return=-3.60 | steps=75 | track=0bf5fea95124403c4aa56849355072f9
global_step=165696 | return=-171.75 | steps=131 | track=e175109324c4fbf43949876132430910
global_step=165856 | return=7.98 | steps=85 | track=2e37c0ce8c689537984c4b93be557287
global_step=165872 | return=-120.52 | steps=187 | track=48e127a11478b80a41f4038f8f1d4f3b
global_step=165936 | return=-154.41 | steps=131 | track=88b34d9bcab90bc747b8e976a2b2a293
global_step=166000 | return=-144.05 | steps=130 | track=6975527d96bc1b616dfe85f6dfdcf466
global_step=166096 | return=-140.85 | steps=131 | track=c8ec30a3b9107979961d0beab30b8c3f
global_step=166256 | return=27.62 | steps=72 | track=9b62b47b3b97ca0ea291a7787d837e7a
global_step=166336 | return=10.29 | steps=67 | track=06a80b3bcf773fdc9aed5552599d4e0b
global_step=166400 | return=-139.90 | steps=131 | track=042417d4689e74fed5e1e9312fe1b1d8
global_step=166480 | return=-146.89 | steps=131 | track=ad658264b8f5cbeca7939fdc081cf230
global_step=166720 | return=-82.65 | steps=93 | track=17ddb477cafb57044c1889501b30a742
global_step=166944 | return=-131.59 | steps=130 | track=d2b9d0177f6bc24e49560f08e27cb3cc
global_step=167344 | return=-150.64 | steps=131 | track=ce07d076938e9d754d9b0f03fe8e4fe2
global_step=167360 | return=-55.34 | steps=93 | track=757e8a999036a3882a6c04e271680323
global_step=167472 | return=-6.69 | steps=66 | track=f2f3722b678ca0ee2ca6414ca4244201
global_step=167536 | return=-82.89 | steps=165 | track=0ce70e682e2cbbdfa72a2ae21fa1745f
global_step=167744 | return=-148.60 | steps=130 | track=56bb263778a84334ae0df6f055d10772
global_step=167792 | return=-143.50 | steps=130 | track=23dd760d861e78c8b8422e7ed48523d7
global_step=167808 | return=-151.86 | steps=131 | track=7e8dd0225b8728c4945c60df94ad7404
global_step=167984 | return=-159.55 | steps=131 | track=dd76159dc4b6693040b97dead746a5b5
global_step=168048 | return=-134.32 | steps=131 | track=e4e8f7547b3db7ebd62bd013fa82387f
global_step=168112 | return=-135.90 | steps=131 | track=2d77b8fe906603139dcdb3c675894035
global_step=168208 | return=-156.54 | steps=131 | track=77b7f190337ec9d1e40b99077ba555b3
global_step=168320 | return=6.53 | steps=52 | track=e0c24cc0a09969241fac2fd788564344
global_step=168368 | return=-130.23 | steps=131 | track=e91735638574de493967b1fbc187bf61
global_step=168528 | return=-19.10 | steps=61 | track=25384beacfb26a30186ade2b34a70894
global_step=168592 | return=-144.06 | steps=131 | track=53513f7597fcb13e600b78f7be511b50
global_step=168720 | return=-108.34 | steps=148 | track=1ea2066480c510c10adb6686dd5869f8
global_step=168752 | return=-64.96 | steps=86 | track=66d8741c73995a261ce739235d2c08c8
global_step=168832 | return=10.60 | steps=67 | track=3f6e90c8815215dbc28bedcb5b12a3ca
global_step=168832 | return=-152.08 | steps=131 | track=4678d15432ff795aef1ff2f3eb5a5b51
global_step=168976 | return=-71.52 | steps=57 | track=747876acaebb72f0353cfb77699b1439
global_step=169056 | return=-167.21 | steps=131 | track=dc4a6cdc9031ee85c01a73566d61a3a3
global_step=169408 | return=-53.99 | steps=54 | track=a9f386e2f49015fb27614cd5c01d0d52
global_step=169440 | return=-100.29 | steps=130 | track=244c71d9fd5af6d62c9ec4ab9ee7284b
global_step=169456 | return=-13.24 | steps=77 | track=fa8aed0a63968c14de011aa4fb070667
global_step=169568 | return=-73.68 | steps=45 | track=f37f06e730787534bf53f1fce28a3ffb
global_step=169904 | return=-135.90 | steps=131 | track=f00f06f5cf6cb1237fd23073a73331a5
global_step=169920 | return=-145.71 | steps=131 | track=c0baa4ec220600cceec6c438b013eb28
global_step=170080 | return=47.78 | steps=68 | track=824f85787580e1b744c2cad60f287ac0
global_step=170096 | return=-137.29 | steps=131 | track=89b64a76092243f449a442b76a011c8d
global_step=170224 | return=-146.80 | steps=131 | track=0253566fffe1c024cef51c00f7d1e779
global_step=170432 | return=-148.30 | steps=131 | track=117d02ed5ee4e1012b861cc3473c58be
global_step=170480 | return=-134.60 | steps=131 | track=9880e670736623909adeac45540a5deb
global_step=170512 | return=10.41 | steps=66 | track=aeed33eb3656daaa9749d613240fbca3
global_step=170640 | return=-44.84 | steps=44 | track=d24e1866be369a75f454963a444f9d28
global_step=170704 | return=-138.31 | steps=131 | track=a4e826c6656d3db64af9feee66426c73
global_step=170832 | return=-146.39 | steps=131 | track=1e0929b4494dff7dd95ffd6a604ff9bb
global_step=170944 | return=-153.11 | steps=131 | track=5d857bde80c50ee929f54b94bea66090
global_step=171168 | return=-140.01 | steps=131 | track=a07e4489a0dd30805e4327ed1de2564c
global_step=171216 | return=-45.55 | steps=153 | track=4b43882989d4483e20157e48f0117770
global_step=171520 | return=-130.60 | steps=131 | track=09c1a2fc0755000b7c1b7caacc26ba72
global_step=171536 | return=-134.76 | steps=129 | track=ab39649b7431f55f484d2a5c201f52d9
global_step=171680 | return=-144.20 | steps=131 | track=3ab020684f390114081aed1e9751df16
global_step=171696 | return=-30.12 | steps=61 | track=083fd21ee4140fcb203c24f10362e1ca
global_step=171872 | return=-111.66 | steps=102 | track=bd68643f65413bdd2eee5202c36dc80c
global_step=172016 | return=-130.06 | steps=131 | track=271ebf1286f1dfef698062777d7c8074
global_step=172192 | return=-152.91 | steps=131 | track=1c423c2a6f416477e6224a356e603e5f
global_step=172208 | return=-139.73 | steps=131 | track=4f1540d4afd9e637d29147dceefe3bbc
global_step=172256 | return=-120.91 | steps=108 | track=228f581a442ae8f3c4ef761d2cb54571
global_step=172544 | return=-138.03 | steps=131 | track=24a39a583884bac57c58d84c89c291ba
global_step=172736 | return=-55.52 | steps=140 | track=d4b6929867cc1982b971b38152ab59ea
global_step=172752 | return=-150.10 | steps=131 | track=b8a7dbe38b3703233cad4f6f68c29094
global_step=172944 | return=-111.50 | steps=131 | track=209f5c0730aaeab14c671a40c76ffdd6
global_step=173040 | return=-154.09 | steps=130 | track=287647326964719380cd0dbab5d27d69
global_step=173088 | return=13.09 | steps=66 | track=678d78b37ae70c7604ec662abc982eb8
global_step=173280 | return=-139.37 | steps=131 | track=8db0c788ef545a5f3441f88819390235
global_step=173328 | return=-142.55 | steps=131 | track=8b001e803716cebc0333fabbd6b091ad
global_step=173344 | return=29.78 | steps=67 | track=6ef13cbcfc05c4ab3426775c6b682a99
global_step=173776 | return=-150.29 | steps=130 | track=45c5d1bc3601c2f8a496587f8ac3ab09
global_step=173872 | return=-34.86 | steps=51 | track=9f63fc73b752956dd493c3c0722345df
global_step=173984 | return=-143.81 | steps=131 | track=4f6103c7c3eb0b07dcbec5344a6ce58b
global_step=174064 | return=-65.14 | steps=147 | track=87c1e3d7af1e4d1d9453ccd785db54c0
global_step=174128 | return=7.59 | steps=73 | track=070b4be4b197f1797d8470f6d1db5ec9
global_step=174192 | return=-57.40 | steps=165 | track=29716d86d2261c4dbf6b6dc51f69627a
global_step=174208 | return=16.22 | steps=69 | track=92ee0644892cffe8b9e54be1c3f8d380
global_step=174304 | return=-155.35 | steps=131 | track=79644ed4678fe0568302cf0b78ee8dda
global_step=174320 | return=-146.31 | steps=131 | track=ef5ec7895c2bd03f6d751f2890ec458f
global_step=174368 | return=-47.97 | steps=100 | track=958f3db8a1ce8f01cbcc6b481eef3383
global_step=174656 | return=-142.20 | steps=131 | track=c43b1ee03f9d52d29ec8d66a94995324
global_step=174832 | return=-74.46 | steps=93 | track=4b8df64c44936cfb8e29ee73f06c14d7
global_step=174848 | return=-137.67 | steps=131 | track=fbbdbbd2e61032c6accdd1c0e65ce304
global_step=174864 | return=-76.52 | steps=40 | track=94a7fd02e1639178cf2291544278f122
global_step=174880 | return=-59.81 | steps=209 | track=f4ab08184faf2e7716564a03bf18e660
global_step=174992 | return=10.68 | steps=75 | track=c406412063962085c249e302edb17d52
global_step=175056 | return=0.98 | steps=66 | track=3ef198de6ffcfe8f21b8373889f7c63a
global_step=175088 | return=-43.87 | steps=47 | track=d0787a5e3601b041eb157319ca0e9858
global_step=175392 | return=-133.18 | steps=131 | track=2f99b6df7b147c10b0bc69f768a3facd
global_step=175456 | return=-128.63 | steps=131 | track=4288df973f960eb892ec874e2f6fabf1
global_step=175808 | return=-67.00 | steps=93 | track=04d6f13101e717c8aa7015cf7994476a
global_step=175808 | return=-66.71 | steps=46 | track=f5305b1077577218466a4aa55bb46e3f
global_step=175856 | return=-126.41 | steps=92 | track=445bbd59cf721051be8453c2752dc99d
global_step=175856 | return=-94.80 | steps=107 | track=fcc516461b8f825a98267c7e02a9b62f
global_step=175920 | return=-43.71 | steps=57 | track=79be66c0823bda19cc83beb597710bf0
global_step=175984 | return=-143.10 | steps=131 | track=bc3f63cbbb9f6a0a32d4382a2356be75
global_step=176160 | return=-143.72 | steps=130 | track=47ecbb29653d68cf4d22602a7fdda55d
global_step=176304 | return=-157.41 | steps=131 | track=09d604889578cf0441e6a258b1e6df97
global_step=176560 | return=-1.61 | steps=68 | track=f655f00735b9d648738d6224127c4353
global_step=176752 | return=-153.10 | steps=130 | track=1ddc08d7d8bb6d4f3ecef06e68a0302d
global_step=176944 | return=-147.78 | steps=130 | track=aec609c3d03c8556609826db57d93dd7
global_step=176944 | return=-137.89 | steps=131 | track=1421a1c4023c942e515c6eddda0b595d
global_step=176976 | return=-136.41 | steps=131 | track=c85bd0ff6a4d8156528577fbc6a18a8b
global_step=176992 | return=-141.96 | steps=131 | track=7bacb534eec935615cb5817270bf1280
global_step=177184 | return=-149.78 | steps=130 | track=a57116e59bc9734fbf4402860aa7ca3b
global_step=177232 | return=-26.83 | steps=85 | track=a0da9018d4e4691fce577547b11e7738
global_step=177456 | return=-114.69 | steps=102 | track=8b1e9aea1651392f8cb08b974c78d85b
global_step=177648 | return=-142.26 | steps=140 | track=3351a2fe6d4a64b330a46cf447089aed
global_step=177936 | return=-42.80 | steps=58 | track=898f95f38251d5eb6ab5af856e5baa29
global_step=177952 | return=-145.46 | steps=130 | track=0a22607a6904371d8ee6dd54ab2b1056
global_step=178032 | return=-141.07 | steps=131 | track=65264c8a5db2396c0dbed5b47ad01c79
global_step=178096 | return=-149.98 | steps=131 | track=f9da60175efd2416b3cb9138c9bd64ff
global_step=178160 | return=-74.91 | steps=146 | track=a4856a03eda223f9bf6e6997756eabd6
global_step=178240 | return=-119.48 | steps=129 | track=75e6d5c04a38f5315a57b86028ba7dd1
global_step=178416 | return=-146.80 | steps=131 | track=3c54a87f725a227b6ea69808aaf3eeb2
global_step=178672 | return=-147.81 | steps=131 | track=ecf361dcb30fe99827de58b3e47cd8de
global_step=178752 | return=-40.79 | steps=44 | track=b06913d93211899a92452f4dea7939ef
global_step=178864 | return=-135.74 | steps=131 | track=2e315ce6b24b76c1e3de3aa29a222ae4
global_step=178912 | return=-17.59 | steps=78 | track=41da1ae56b81af6c8ed72aaf5643c95b
global_step=178960 | return=-98.96 | steps=107 | track=34116070c23fc176c84ba7aa79c1bd05
global_step=179040 | return=-139.90 | steps=130 | track=81b4485ecb63f3f397528846aa161e28
global_step=179088 | return=-142.77 | steps=131 | track=eee39ea9b123b73dc043929e35ed7caf
global_step=179248 | return=-135.00 | steps=128 | track=845e73924f4cdb469acd686ef27da1d3
global_step=179280 | return=11.06 | steps=73 | track=935c0b4fb497e0458fe3fbf89918f24d
global_step=179376 | return=-102.19 | steps=89 | track=fc963ad81954f1723d9c9591a0ca9396
global_step=179424 | return=-52.66 | steps=154 | track=fd86679f07e639915877c4eaabac7c8b
global_step=179584 | return=-1.85 | steps=88 | track=2187386c638d31f3f7ace47085e1a389
global_step=180224, SPS=61
global_step=180336 | return=-40.92 | steps=85 | track=896982421074ca9c81db22b939507fce
global_step=180352 | return=-144.37 | steps=131 | track=85e44b10e3a48211a7b04b6120e61242
global_step=180368 | return=-82.71 | steps=150 | track=6e36506a508aec3ad3a5c526a2ca1a0d
global_step=180528 | return=-148.95 | steps=131 | track=a593510c7768a52af99a96ee4c646a23
global_step=180784 | return=-155.38 | steps=131 | track=9bb923edcfc402f5ab93c1d2868b9c8a
global_step=180832 | return=-144.83 | steps=129 | track=92d1c41270f545beaf6d1ffdc5953f1e
global_step=180976 | return=-139.42 | steps=131 | track=f9b19f537182c1cc071c95bf793712f8
global_step=181008 | return=-134.62 | steps=130 | track=f92d6d55050b995364ddf952e87013bf
global_step=181152 | return=-140.28 | steps=131 | track=376898727029222d1c6c191661c67c7b
global_step=181200 | return=-67.20 | steps=110 | track=f8feb5ae306a551f75c41caa4be0ea44
global_step=181312 | return=62.27 | steps=58 | track=aef0ae73bbe07d58111c3bfc433bd22f
global_step=181360 | return=-132.06 | steps=131 | track=95a11ae9d45a5077afb4394617c96d11
global_step=181488 | return=-134.91 | steps=131 | track=3bb5032340a9ce09060baca1fe860434
global_step=181632 | return=-57.24 | steps=260 | track=67bf91ed055da950caaba018a72f217b
global_step=181680 | return=-98.70 | steps=130 | track=be08bd4c6ceb4150a36f6f9eacddade6
global_step=181968 | return=11.18 | steps=70 | track=1a0fd5f49926131e5ac01f5c4c82ebf0
global_step=182192 | return=-7.59 | steps=61 | track=e1dbeec196c8986bd25ad605d725ce2c
global_step=182320 | return=-171.19 | steps=201 | track=1a58f5e3fdf6564b14206d8439463e81
global_step=182448 | return=-140.42 | steps=130 | track=83966bd922ac71ce7ae0c9d89ea9a45b
global_step=182448 | return=-145.95 | steps=131 | track=dffb761acc440ac63e258e9c94a373b4
global_step=182512 | return=-119.56 | steps=107 | track=804f03d4a39cf51dd8e94f8d01407a6f
global_step=182608 | return=-27.09 | steps=60 | track=35f6b43ef4235c7a695b9e9785d839b5
global_step=182784 | return=-48.12 | steps=140 | track=f8bc2b021dd937e700d62e967cebc8c1
global_step=182944 | return=-5.54 | steps=90 | track=41a0c1c8be2678136c115ab9a395b8fb
global_step=183088 | return=-149.16 | steps=131 | track=bade45da83822c249075ec642dd84725
global_step=183104 | return=-143.70 | steps=130 | track=25c9eed2cccf33a0c8c01f459b49606d
global_step=183200 | return=-36.59 | steps=117 | track=0e488939296608df6212e91bb96a4b5a
global_step=183264 | return=-138.39 | steps=131 | track=ad34859961cdab53521607fc5418d8e5
global_step=183600 | return=6.64 | steps=71 | track=3ca4211dd1a7d7420577e860455562b5
global_step=183824 | return=-124.87 | steps=115 | track=de1e977fa66573bcabb44aab34c29d04
global_step=183920 | return=-25.32 | steps=70 | track=d0ff9e017c4cdc56d4a34f37282a670a
global_step=183968 | return=-118.68 | steps=110 | track=d56ae72463138b0f196349397fc3c5da
global_step=184144 | return=142.38 | steps=303 | track=0e4f295dc702ad39445d3efe1e9c15cc
global_step=184304 | return=-156.86 | steps=163 | track=021435bfd47b5494a132d3bb64ec5125
global_step=184416 | return=-124.97 | steps=130 | track=258ea648e090e2294bd112a2a889dce8
global_step=184544 | return=-149.26 | steps=130 | track=4c04d8e954e73a30435ae3e06083127c
global_step=184608 | return=-57.08 | steps=42 | track=32ddbd9d1e739d4353e72608e2e6fb2c
global_step=184624 | return=-139.18 | steps=131 | track=70c9d6f6b383759805f1a52fa4a91d29
global_step=184720 | return=-143.63 | steps=131 | track=f7e7d4ebc22d774167bf6bc1679e7a3e
global_step=185056 | return=-131.76 | steps=131 | track=36ab131bf02e0c13368e3f4771074d29
global_step=185200 | return=-139.78 | steps=131 | track=8f3ac3d4486e2bcb84064e2093cb8583
global_step=185200 | return=-145.19 | steps=239 | track=8c9bc76682618105e6b6d17e0d4516ed
global_step=185216 | return=-144.25 | steps=131 | track=4546c7331229fad195fe45a4606f6d48
global_step=185312 | return=-148.48 | steps=131 | track=f387a5032de6b5cec31c552033c7c206
global_step=185344 | return=6.24 | steps=45 | track=5e09f30f64f9d5cb98b8b45f4463b71f
global_step=185376 | return=-141.71 | steps=131 | track=92c80ef546948f87d2ec1e12dffc9841
global_step=185696 | return=10.85 | steps=66 | track=c4f49a6cf82c42e8b14ff0865dc67434
global_step=185808 | return=-56.94 | steps=46 | track=97e254a5d8cdf4898278c57835ed1838
global_step=185824 | return=-105.17 | steps=138 | track=549377adc1b153ba44981c60671fdc3e
global_step=185840 | return=-35.01 | steps=105 | track=8934feb527e29cb572f0b88cc249f719
global_step=185984 | return=-25.94 | steps=48 | track=325b03a84be628399978f643766d43fb
global_step=186080 | return=-143.91 | steps=131 | track=03e04f12cf57ac980a472762e5bb033f
global_step=186192 | return=-4.50 | steps=61 | track=84c78b0e927cc1e8083078c93cbb0d9f
global_step=186320 | return=-25.97 | steps=155 | track=a8e127593738c92c8dd5a0711cd6a480
global_step=186592 | return=-35.55 | steps=46 | track=9cf6c1e129faeb25c058fd56566c876f
global_step=186656 | return=-137.60 | steps=131 | track=ca67d38b1d1ac115d73c683ee149eab2
global_step=186816 | return=-147.52 | steps=130 | track=4bbecc20825665f5c38289bbc5973469
global_step=186832 | return=-1.88 | steps=62 | track=572714873ed8966e320437556a519d48
global_step=187168 | return=-84.99 | steps=171 | track=3ef891d86cebdcb5f6501fb6556d4728
global_step=187328 | return=-149.11 | steps=131 | track=c2055f42609fe0407fbbfab10f3b0022
global_step=187424 | return=-137.03 | steps=131 | track=f8d532ab093f282f87fdda44bb1409a0
global_step=187456 | return=-147.06 | steps=131 | track=88d5db815147b0a23251d15d5595b655
global_step=187488 | return=-159.99 | steps=131 | track=30c4a8d74a360533f41c00bf7b613aba
global_step=187536 | return=-115.91 | steps=201 | track=bdc76dc9625805ef2a381583f6111929
global_step=187664 | return=-21.94 | steps=62 | track=1958bd1e2d8293aabd1520572a16d45d
global_step=187808 | return=-137.45 | steps=131 | track=e0af4bf46b5493a2cf278e5b0187b360
global_step=187920 | return=-140.43 | steps=131 | track=41505fffd6bc0159fc524cf82b72fcad
global_step=188016 | return=-113.45 | steps=88 | track=c10d8596f30c2b6009159e71af3c127a
global_step=188048 | return=-30.89 | steps=44 | track=61acf884ed4bf1dbe75eaa424c9e10aa
global_step=188304 | return=-142.50 | steps=131 | track=bb36ec8ec193258d4440e07fa0c37406
global_step=188368 | return=-116.05 | steps=96 | track=8c5acd050c47ea3a69529ccb3cf145ac
global_step=188432 | return=-138.48 | steps=131 | track=34f768bd0a414ab8926d26cf27fd60d9
global_step=188832 | return=-9.94 | steps=177 | track=1d24f6d72300ea45d4613506fdad3ae2
global_step=188864 | return=-40.03 | steps=87 | track=d44107258001db4bbe16276b52252f8a
global_step=188928 | return=-138.79 | steps=130 | track=1585f519839f9de9782739d1ab795125
global_step=189280 | return=-152.63 | steps=131 | track=9dc46edb37a3ed26d2412b53e2c977c2
global_step=189440 | return=-159.32 | steps=209 | track=64c0749fe11c3b1920a88f95cf1ad41e
global_step=189536 | return=-140.24 | steps=131 | track=ec52140622be188f5ea2de3c477dbce9
global_step=189568 | return=-158.06 | steps=129 | track=fb63a96e5b355603794d8cfffab0591e
global_step=189648 | return=-109.89 | steps=131 | track=e4ef715bc171c07c7790cb887c5a24f3
global_step=189760 | return=-150.02 | steps=130 | track=c70f09231d35d7d6c15bf02e9693b252
global_step=189792 | return=-54.40 | steps=59 | track=a2a74d2f1a6f9f9e46884f41d102a0af
global_step=190128 | return=-135.59 | steps=131 | track=c0a9a945f45d87a0f673bff116a1814c
global_step=190192 | return=-76.26 | steps=141 | track=1ab0a0e0fcb2ee34095f40705d635c99
global_step=190480 | return=-137.84 | steps=131 | track=7e348f8b3e39d2ffa475cf7255f1bd97
global_step=190544 | return=-147.01 | steps=131 | track=da4036b7e985a1cc8c54bc73d0d2ed22
global_step=190656 | return=-109.79 | steps=146 | track=99e331aab43da3bafa0c8912f519edd9
global_step=190688 | return=2.90 | steps=64 | track=638612b8437089fcf729c87ea561a84d
global_step=191184 | return=20.91 | steps=65 | track=2c502d920811708db6b007561bfb3bd7
global_step=191216 | return=-147.07 | steps=212 | track=179606f19f5a2981c790c97861c6cb67
global_step=191328 | return=-39.29 | steps=149 | track=3b2f7dbd6156b9d13761ef8ac68b1a69
global_step=191392 | return=-139.37 | steps=131 | track=0761eca3ff85d2e88f99f2660d8bacde
global_step=191440 | return=-129.51 | steps=116 | track=7849671ae2ca50025f891f0058ed19c6
global_step=191712 | return=-11.63 | steps=177 | track=bc6572c1b350181efe2c79040171789b
global_step=191856 | return=-135.78 | steps=130 | track=dd39ec8ce61ed90589db592c122b8df3
global_step=191904 | return=-140.97 | steps=131 | track=a6c274a080a8751cc6d2fa3bc61440d9
global_step=191936 | return=-119.32 | steps=242 | track=da41c2e54cf3f0a21991eb34e63821e0
global_step=192064 | return=-59.31 | steps=157 | track=95c12dac6440e7d5fa4012929b8e5294
global_step=192080 | return=-24.77 | steps=95 | track=a2e8755ed386978283643c98db13e499
global_step=192272 | return=13.92 | steps=65 | track=0d3196f9e825ef4e58d0ff9ae35f3c9b
global_step=192432 | return=38.69 | steps=68 | track=91f3dd01cc60307cc88a73026e190ab7
global_step=192704 | return=-167.35 | steps=156 | track=2cfdf601cd76d603171551c107590b4c
global_step=192736 | return=1.14 | steps=83 | track=160ebece1d2db7a8fb50f8af1fb0f053
global_step=192752 | return=-146.38 | steps=130 | track=1e901e42f332bf2d84b695a168813050
global_step=192800 | return=-143.41 | steps=131 | track=25d53879d7e6cf7197c230736f80aa78
global_step=193072 | return=15.24 | steps=84 | track=bc909d324e339f09d22a43080531e990
global_step=193296 | return=-141.50 | steps=131 | track=6bae176e673fc497623d383f1f69531b
global_step=193344 | return=-14.79 | steps=178 | track=98c7f52da70b6c2814174bded1830efb
global_step=193440 | return=-68.16 | steps=93 | track=188acfb55b1471463b3166c18018a516
global_step=193520 | return=-104.81 | steps=90 | track=d6e6de3817401d345af5ef47e108d2b6
global_step=193552 | return=-141.72 | steps=131 | track=59c9474ffedd1beaafccc3886dec8a06
global_step=193952 | return=-87.17 | steps=104 | track=372b09b4fa171c544b1001deb405ef17
global_step=193968 | return=-146.53 | steps=131 | track=cbe1a4a61e75d2e77a53423a9e5283f5
global_step=194048 | return=-24.95 | steps=60 | track=632376de4f7dbe0f90c9aa58dee13720
global_step=194192 | return=-141.40 | steps=131 | track=a9accd4309cf422d4df2638431cd70b8
global_step=194224 | return=20.04 | steps=298 | track=b81856d0967dbc7b06de6d0618656a05
global_step=194720 | return=1.06 | steps=85 | track=4f545ec823fcdeb67824cefa72fcb6fa
global_step=194848 | return=-143.36 | steps=131 | track=b4248695ab70c317b402db058c6ca8b1
global_step=194864 | return=-140.26 | steps=131 | track=36aafc1f125d722593e32e6533bab12e
global_step=194912 | return=-137.14 | steps=131 | track=49f4497c76f457f398ad495fac0ec313
global_step=194992 | return=-104.18 | steps=89 | track=610bc967b9ee97df70c1b34c25ccec7a
global_step=195216 | return=-131.12 | steps=156 | track=b5c9c4d54b8e2555f477bdb25d904df9
global_step=195232 | return=12.49 | steps=78 | track=be0b89d1c838690ad6ec9370f292c868
global_step=195344 | return=-105.98 | steps=214 | track=4e9b9f446d622c5a786255a74a19492b
global_step=195632 | return=-137.80 | steps=131 | track=e79892e8386725c7cd2a1a7fa1bd66f7
global_step=196064 | return=-138.93 | steps=131 | track=b5227b71d9bedd252682fc2fa5ea4252
global_step=196160 | return=-135.75 | steps=131 | track=d2fab4ae0d9cb0b7e345ff2430843671
global_step=196304 | return=-132.62 | steps=131 | track=da0f3113633e001ae4bbb4844201e09f
global_step=196336 | return=-134.15 | steps=131 | track=a9d3a2365c86ddb1c686db88813e3df3
global_step=196464 | return=-26.73 | steps=99 | track=a619c690e541e0681ae671191ee4c498
global_step=196608, SPS=60
global_step=196672 | return=-123.11 | steps=210 | track=803cdf39eb33d3573f4e8c1fe7e7db7c
global_step=196832 | return=-151.17 | steps=131 | track=4f1889a4516f73df5e1dd3c797ffa44f
global_step=197008 | return=-101.81 | steps=130 | track=4452d2160dc6039a06133958847a21eb
global_step=197088 | return=-141.20 | steps=130 | track=4d4a385ec5ef7edb1b6ba89da62d7d1e
global_step=197280 | return=-157.78 | steps=302 | track=82559d5581ecd473cfbb24d3d784cc56
global_step=197328 | return=-143.21 | steps=131 | track=23fc999c65d8b9d124abec69c3fbfae4
global_step=197344 | return=-141.00 | steps=131 | track=357305d286b6f5a1192e95fde9503e2c
global_step=197456 | return=-149.74 | steps=131 | track=b8fb0731014dc98835bde089168765d7
global_step=197728 | return=-152.37 | steps=130 | track=0d3b3bd9529ed7f5e02fdcf6ac251a46
global_step=197824 | return=-202.10 | steps=273 | track=2b81f4201039a04a8d2c6935848a37ef
global_step=197856 | return=-14.78 | steps=63 | track=8f4643f6d81f097a945f0ef92d7a8faa
global_step=198080 | return=-110.54 | steps=108 | track=b121e7f43c9aa4569b37f3bfbac70e09
global_step=198192 | return=-35.26 | steps=68 | track=8fe8363ca3c5cfb18aa3879e91c9f3f2
global_step=198192 | return=-205.89 | steps=208 | track=e64cf11c051a15b5edc3b53e46beeb21
global_step=198272 | return=-143.43 | steps=131 | track=2860ae6bee7d8eb9cc6050a9a25cdebf
global_step=198416 | return=-130.40 | steps=131 | track=1e6980b7e74ed2f89921cad6625df90e
global_step=198560 | return=-143.33 | steps=130 | track=8e7bf3a1c46d5f156b35a0bdf08b67d4
global_step=198720 | return=10.20 | steps=165 | track=48bbe5d1e26b01ac66ec7c4c065c5078
global_step=198864 | return=-3.10 | steps=64 | track=45c5d8d5f55b9eb97b17af603986901b
global_step=199120 | return=-139.98 | steps=131 | track=5e09460e50c00dee8a456837652f9971
global_step=199200 | return=-70.03 | steps=83 | track=254747f9eec8d9940d03843411fe87a4
global_step=199376 | return=-92.30 | steps=168 | track=75123ef326b5e2e9297d4cc19bb2bb1c
global_step=199392 | return=-145.95 | steps=131 | track=75c2c139eba7eacce63593fba9c928fa
global_step=199424 | return=224.35 | steps=105 | track=1c9f35f267c8257da273e4675372d589
global_step=199568 | return=-148.44 | steps=131 | track=c3c9b35a8452211a98a13e3a3ab92adc
global_step=199568 | return=-7.43 | steps=62 | track=98383334bae46aef1e6f6351dd284d3d
global_step=199680 | return=-69.04 | steps=146 | track=0fe220051bef6a6b89c204d3d0d75a7a
global_step=199792 | return=15.38 | steps=66 | track=1904add5e4210475c48aae29a9274db0
global_step=200096 | return=-144.17 | steps=171 | track=bfa9b2441badbcb58b6ec7e56fb3190f
global_step=200128 | return=-65.15 | steps=46 | track=600eeb9d9feea88773d439847d145a7e
global_step=200160 | return=-71.97 | steps=45 | track=4eb61de7228513a110855da0e71c4c98
global_step=200192 | return=-155.58 | steps=131 | track=6fdd650cbf28d222d30fc08c8c5ed598
global_step=200304 | return=-140.26 | steps=131 | track=2b31dbbcf9e4da0653ef85188b6ca48e
global_step=200304 | return=-126.96 | steps=131 | track=450873ac63ffc3cae11b03a081e595d8
global_step=200384 | return=-152.51 | steps=131 | track=17b8335749f1521c2cae2e3b5363f6de
global_step=200640 | return=26.78 | steps=66 | track=1bd842b496336feea6a3ed7207d36390
global_step=200656 | return=-128.27 | steps=95 | track=90737245294cdcd94f4b74f0394720ec
global_step=200832 | return=-43.73 | steps=150 | track=103e9430bf554efe1cf9dc65f61d3a4c
global_step=200960 | return=-143.52 | steps=130 | track=b65dbdf5586178c0250eec0e248f22b9
global_step=201168 | return=-26.39 | steps=60 | track=ebf5a832ef01832c4e039147ed87575a
global_step=201456 | return=-110.96 | steps=140 | track=31514622f9a35f7372bd26cdf8d8c246
global_step=201504 | return=-135.33 | steps=131 | track=0bb60a6dab4a7909e294c90c0972effc
global_step=201552 | return=3.65 | steps=88 | track=9b3df3e5f85e39b17a357467c1804cb6
global_step=201680 | return=-144.28 | steps=131 | track=fea77ffe925eb5142f755184af4974b1
global_step=201712 | return=63.65 | steps=119 | track=9eace46fd9063e5f94269bb8b1ca749c
global_step=201792 | return=-144.79 | steps=131 | track=801c6d29c098eaf73c6bd61ac98ed572
global_step=201936 | return=-52.54 | steps=80 | track=f46e1808fee7dc26736f9b9e01622140
global_step=202272 | return=-145.19 | steps=131 | track=509d299f0e44e672d4a7618653ef5645
global_step=202416 | return=-139.90 | steps=131 | track=20483a2d175d446537e976872f3f6fd6
global_step=202416 | return=-140.24 | steps=131 | track=d0dbf10834a9f91da4886b218e104795
global_step=202560 | return=-58.89 | steps=135 | track=32b3b2d91dab520b3edd499167015a61
global_step=202656 | return=9.65 | steps=68 | track=9c3f059ff8c5243c4e9a6f71bd1f43f2
global_step=202768 | return=-137.57 | steps=131 | track=eede54ea0ece4251be25aedb505c56df
global_step=202928 | return=-110.42 | steps=130 | track=901e13e3a71ba2e8c547150757e39eb5
global_step=203280 | return=-135.16 | steps=131 | track=d56b2f37b06b5cc1c28ac1349f7a51f1
global_step=203440 | return=-29.03 | steps=72 | track=2b1d56a904f5ab73d9e84dfee3e7b1fc
global_step=203456 | return=21.24 | steps=64 | track=da58535eeacaa1daf2e72640c730b6ab
global_step=203600 | return=-149.50 | steps=130 | track=b97515e8a3c4de1117ca9ac0ac767af4
global_step=203792 | return=-132.43 | steps=129 | track=aada8fdfaffcba3d93c5d94011587532
global_step=203888 | return=21.25 | steps=69 | track=e5c0fb35c86fa4c4ffebed0e2f832194
global_step=203904 | return=-154.67 | steps=131 | track=c387f273e4b3695dca10b070235b53dd
global_step=204208 | return=-98.29 | steps=141 | track=a735c241eecd20d1c87a7adddc9d0fd6
global_step=204320 | return=-13.51 | steps=64 | track=c884f66d9f853f3463e7ac78aefd3250
global_step=204320 | return=-66.79 | steps=178 | track=3f3e6a2d4228bf602e4adddd712f50b3
global_step=204528 | return=-135.35 | steps=131 | track=d3c0ca8fbf6806ffe54992c5197ced8d
global_step=204624 | return=-109.93 | steps=228 | track=4f954f6fdbeab72af369cb946287d990
global_step=204656 | return=-140.92 | steps=130 | track=93ba45ed0e02f316125a21b71593e555
global_step=204768 | return=-142.79 | steps=131 | track=3bc3abee201d8b9a094de5a743a87b27
global_step=205040 | return=-135.58 | steps=131 | track=d7cd346403048f69871bedd991d7bebe
global_step=205104 | return=-6.95 | steps=74 | track=dfc6133d578af6e293a19939c9c8cf99
global_step=205408 | return=27.08 | steps=67 | track=e60c02b269d2871e830fc34c1403df61
global_step=205552 | return=-124.69 | steps=131 | track=fd2c85fb8d0b3aee66546464cbd5c29e
global_step=205552 | return=-144.38 | steps=130 | track=3d866f586feaa474a5dbb699581be262
global_step=205696 | return=-153.29 | steps=130 | track=7079b67ecfb2c9fb2ceeccfeff58cd75
global_step=205888 | return=-139.28 | steps=130 | track=35e2a7e2a89a8848d48876083b81c952
global_step=205952 | return=-122.76 | steps=108 | track=cca5b2f0346e54df18c5eccc74c728a3
global_step=206096 | return=-58.15 | steps=89 | track=5c6fbb279952857ac4b1beef87d070dc
global_step=206256 | return=-66.71 | steps=92 | track=590ad7522d4ab0f20acb7b81588fc95b
global_step=206368 | return=18.29 | steps=82 | track=146e9ea8c6c5257c171ba6cffee7c98d
global_step=206416 | return=-92.90 | steps=117 | track=2ecafe9a95b19b9e21ea4c95224eb26d
global_step=206432 | return=-135.97 | steps=131 | track=8068bff2b696262f59bb7ae6799d8ef8
global_step=206640 | return=-49.44 | steps=76 | track=ecb937eef00bfd7aaf7986c05da27ca6
global_step=206672 | return=12.84 | steps=69 | track=501daca90123caba01fb3d6f2d91cf47
global_step=206736 | return=-145.95 | steps=131 | track=77536d12b0933c8de5059ae8205c132a
global_step=206800 | return=-271.96 | steps=418 | track=ad3e933a392f6ba135f87b681322fc2e
global_step=207200 | return=-138.95 | steps=130 | track=6da6940608ea9e59e8b06830b17edc18
global_step=207648 | return=-28.22 | steps=234 | track=5f9d9ce908dabd48ba8dfdb2b9d69e83
global_step=207664 | return=-133.89 | steps=131 | track=e692bfebfa502411c1d52a13a8bb3d59
global_step=207760 | return=-25.49 | steps=63 | track=7e5c3d4028dee3084f78c1cfe9e14aa1
global_step=207808 | return=-152.04 | steps=131 | track=5ebe8651c2650b59ac5c8e303562beaf
global_step=208000 | return=-132.13 | steps=131 | track=4aecbe7341f5335f008112fd0b241c21
global_step=208080 | return=19.88 | steps=87 | track=28fc665865b35dc6fca891a3d30d819d
global_step=208192 | return=-128.40 | steps=130 | track=d7b06a42268489188b1c083b7e68eb9f
global_step=208224 | return=-222.30 | steps=408 | track=4f7cf12230e25be5c1a1c6a6b40bd90f
global_step=208240 | return=-113.87 | steps=89 | track=c8bbf525d1a84529d27d51956bd6fc39
global_step=208304 | return=-98.18 | steps=120 | track=d0a8788da6be77e465e3b9daa5444822
global_step=208528 | return=-157.61 | steps=131 | track=ba0e77afe0b543ded792a912671d1e19
global_step=208544 | return=-170.54 | steps=131 | track=44b3ad9315d1ce4604e7c9eb9188457c
global_step=208560 | return=-79.30 | steps=49 | track=73feb3af456ce6c9f839d404526f97ad
global_step=208752 | return=-140.73 | steps=131 | track=5f18c7b849a5b0b4e3d08d8468520397
global_step=209168 | return=-112.87 | steps=181 | track=1b6464acb1f00edefa3073999de11824
global_step=209232 | return=21.42 | steps=71 | track=ea9c5255abe6ac02937a17f3ca707bc5
global_step=209232 | return=-13.61 | steps=62 | track=80fb584fdbd480b6998ed8aa06c29a13
global_step=209232 | return=-116.85 | steps=126 | track=43a26331f9bc937c5d2f7c982460a52c
global_step=209360 | return=5.95 | steps=65 | track=0b35321b26997aa4abed186ec69444f0
global_step=209552 | return=-13.60 | steps=62 | track=39a89c2f6e3c7926412e703525f80191
global_step=209696 | return=-64.54 | steps=105 | track=6e9de21b44c62f6de17e3cb3e05a9f4f
global_step=209744 | return=-148.28 | steps=130 | track=eefe802c913cea4efee076125499b302
global_step=209776 | return=-153.05 | steps=131 | track=c2c371b9171a758d232caba45ce2277e
global_step=209920 | return=-140.48 | steps=131 | track=e8b59a2b92c7931d84bc3fc6392e8d19
global_step=210256 | return=-9.44 | steps=268 | track=92b6598b943d2b971f6c9bf5b3c700d1
global_step=210640 | return=-132.25 | steps=131 | track=9aa7e4f73273657d480bc33725698104
global_step=210672 | return=-135.84 | steps=131 | track=47e0158c4c8cff3b16aaa9feaed6bec8
global_step=210864 | return=-142.99 | steps=131 | track=e01c20d4d6e085ecde9cf2e42a9da22f
global_step=211216 | return=-20.46 | steps=91 | track=410ab9897b02e6df3e567b07cb22cfe0
global_step=211328 | return=-149.20 | steps=130 | track=731ac679508b27235bd706104d31fd74
global_step=211344 | return=-129.81 | steps=131 | track=ca8ee4d2559721e130012455a5cd273f
global_step=211344 | return=-165.71 | steps=131 | track=a0df0dd054337fa5fe6555d6f745f595
global_step=211392 | return=-54.00 | steps=46 | track=39d5f6526ae421d92ede0479a1d3d829
global_step=211472 | return=-142.31 | steps=131 | track=45dff9c22402b626771c56eca458f056
global_step=211632 | return=-93.33 | steps=120 | track=071e74865d0dd251ce4d0e801e58c75f
global_step=211648 | return=-148.82 | steps=130 | track=b4a2b06f674ea47a9ca85f14a8487cf1
global_step=211728 | return=27.67 | steps=220 | track=e197a3d8695f87de3643473888b5abe8
global_step=211888 | return=-147.70 | steps=131 | track=b059b2a8e9ef082a504175c04196a5e7
global_step=212368 | return=-144.20 | steps=131 | track=ace784f57cc32cdb8e919dee0cc3a16f
global_step=212384 | return=-25.13 | steps=94 | track=ffc1ba0211bbe960ff310706f864d0c8
global_step=212432 | return=15.95 | steps=68 | track=bc50b501ec35067b72d48697389f743b
global_step=212640 | return=-1.76 | steps=77 | track=0cb74e95492cc9859e707692ef829dcb
global_step=212784 | return=-149.32 | steps=131 | track=d1162538065cef91939afa043dd1a351
global_step=212816 | return=-60.34 | steps=285 | track=04853a56cef97472146b75c7e1f5fe96
global_step=212992, SPS=60
global_step=213264 | return=-104.80 | steps=100 | track=c9d3ede85e7e0dab5f527a90bb9efe5c
global_step=213328 | return=-151.86 | steps=131 | track=ecf5530c2dfdca895e7d2ee43be19963
global_step=213376 | return=-23.47 | steps=62 | track=60b364089065dd4475a4ff1db94528f6
global_step=213456 | return=-136.33 | steps=131 | track=a16ad4972384ff3000878fa228d8d5e5
global_step=213584 | return=-141.43 | steps=131 | track=cf35eadb7d848cedadb0e0c0a335770a
global_step=213680 | return=-5.08 | steps=145 | track=e41ad67bc8d24833b7e2dc34053a9e06
global_step=213744 | return=-140.95 | steps=131 | track=8d33193fe10ec50e0417a3386329e604
global_step=213856 | return=25.97 | steps=64 | track=dafd628eda7249c1754b83a927cdeed9
global_step=214000 | return=-150.82 | steps=131 | track=dece274bc00b27b0b62319bed508a2ef
global_step=214064 | return=12.34 | steps=79 | track=e2776eebb54dbcaf92d25da47dfc9faf
global_step=214352 | return=-197.29 | steps=323 | track=95eec5e20648f82b08d736bca7f4e657
global_step=214448 | return=-161.72 | steps=282 | track=1c5d2ef7162c5296038609ec71e92794
global_step=214512 | return=-151.37 | steps=132 | track=cd7c373184e8a31a0d93e332c3216803
global_step=214544 | return=-144.37 | steps=131 | track=fc2de056be5b3f5da60cca2e833cf8d9
global_step=214752 | return=-137.84 | steps=131 | track=9637321ac08515b8cc24b58bfa680f20
global_step=214800 | return=11.77 | steps=65 | track=145a18fba78b8ebb8a0203acfdb3e9d1
global_step=214896 | return=-61.57 | steps=97 | track=53bf866993a937676d909148e3293ab5
global_step=215152 | return=-130.23 | steps=110 | track=d962b29fbb2d66fb2ecc736aac1ac64f
global_step=215360 | return=-150.98 | steps=130 | track=6c5c016536ffb5e6bed3d736177a39ce
global_step=215376 | return=-160.98 | steps=227 | track=995e920e9b8f26df151c2f24f34b074d
global_step=215680 | return=-152.20 | steps=130 | track=0222d546db37e90db9873b6197155fd4
global_step=215776 | return=-133.96 | steps=130 | track=ec3b6ce7a6e4db04f4d35335dab9d70a
global_step=215856 | return=-65.80 | steps=149 | track=f732ee24f857bc9051c3acb4e8ea0f9e
global_step=215968 | return=-134.15 | steps=131 | track=d7cc881d8e4c071a37b39cb6eb9f98ec
global_step=215984 | return=-136.01 | steps=95 | track=c2bd6092322161e0287c6c86c6e70c93
global_step=216112 | return=-144.63 | steps=131 | track=3a48395e50240070bee6f0220b6c1584
global_step=216144 | return=-8.99 | steps=61 | track=00b3367f8bf472f57c1938b45311dd10
global_step=216176 | return=-141.72 | steps=131 | track=4b7d118544f4185002f662e7f355e2d3
global_step=216448 | return=-145.93 | steps=130 | track=bf9a4567f706f3bc5e737376941203f5
global_step=216576 | return=-54.42 | steps=44 | track=3c899c31c154e884cbafe1c7c098b058
global_step=216624 | return=-132.70 | steps=131 | track=9c3476dc0c0fadfb880f3640864901b4
global_step=216864 | return=-137.10 | steps=131 | track=557e723997a6dc188686dfe790511cd2
global_step=216896 | return=-82.45 | steps=130 | track=9265e11ba5e396280c85d76a4ac4b087
global_step=216976 | return=-20.70 | steps=61 | track=a786e715a506e74c4594e1bb89c28647
global_step=217008 | return=-146.07 | steps=131 | track=18c4a58f5502b2888a8808eab743cef1
global_step=217088 | return=-61.63 | steps=39 | track=fd89fa73dfc7eedea4c47aafb5fd2614
global_step=217472 | return=-142.58 | steps=131 | track=096fb03f16964f1d109671f2fac4a6a6
global_step=217488 | return=-147.01 | steps=131 | track=b1404162a6a321a4000264f0616c11f0
global_step=217792 | return=-136.86 | steps=131 | track=a71a7bdb81a2f4ca8a2311a72d711bbc
global_step=217888 | return=-138.54 | steps=131 | track=eb9391d9217bea166a6fb1cc7345b2c1
global_step=218080 | return=22.63 | steps=68 | track=464d34bcbfa1b23692ca04d1947e2d41
global_step=218096 | return=35.79 | steps=67 | track=416850e9653893361b35680d8d3ee7a1
global_step=218208 | return=-149.59 | steps=130 | track=d4d6bf4669729904e7159d9f317cd25d
global_step=218256 | return=-157.85 | steps=131 | track=84885d43bff86fdc7ae558f2553d5dd2
global_step=218272 | return=-145.61 | steps=232 | track=cf370c717bb9d4ed38f22aa2c17a0305
global_step=218288 | return=-135.40 | steps=131 | track=8af8083f15f2d784acabcaf0a0449ed4
global_step=218384 | return=-70.86 | steps=80 | track=b0009c8da180aada5202e1e6c47f0020
global_step=218480 | return=-159.17 | steps=156 | track=d68072342d305019c78f4b41f8daeaec
global_step=218688 | return=-135.87 | steps=131 | track=dc64985f24264f933b0b00dd94d59502
global_step=218736 | return=-139.81 | steps=131 | track=2d647f7b8f9baaf4dc0870b5fe8831a4
global_step=218784 | return=-27.53 | steps=61 | track=651dba09278bbc2f79da6978051724d0
global_step=218960 | return=15.53 | steps=66 | track=75df869dfb18c07548332e3c59023c32
global_step=218976 | return=-153.05 | steps=131 | track=6c3d6ac4285350e93a8b979ee476dc49
global_step=219008 | return=-151.17 | steps=131 | track=d547d3fadeae5567c33ac7de13147762
global_step=219216 | return=-47.89 | steps=59 | track=a83ec52ac24cbcbc47be2d28c1d66064
global_step=219600 | return=-135.33 | steps=131 | track=bc9bed030e986da60b9118f5d1ff62f5
global_step=219680 | return=11.93 | steps=86 | track=4911b843fd0ac96294d06b91c8abdea2
global_step=219712 | return=41.01 | steps=100 | track=b2b216d96d1279a0dfd810015494c3e9
global_step=219824 | return=21.01 | steps=67 | track=233b07a482a5ba6367432a621732a4cc
global_step=219840 | return=-112.03 | steps=147 | track=a2e2f79798a6a3f435ef5f9f6da91d7e
global_step=220160 | return=-46.89 | steps=71 | track=689e5be51ae2503f6661a693f4af34a1
global_step=220192 | return=-133.73 | steps=131 | track=3cb939c3b3918c1a3204d882e36eca93
global_step=220272 | return=-0.63 | steps=65 | track=c9003de924f35b0058a22200a2d9531a
global_step=220336 | return=-149.63 | steps=132 | track=d3250832d0097beccb04a0a98823c5f5
global_step=220496 | return=-131.52 | steps=131 | track=83a8b548ea3f653eb7f694edd8aa19cd
global_step=220592 | return=-156.15 | steps=131 | track=150464bde8f1835ca9ef9482610f51d1
global_step=220704 | return=-61.39 | steps=151 | track=002de9f39d6197ffea3b0f3c066be726
global_step=220800 | return=-159.51 | steps=131 | track=1b3b96e68674bb24c16b21937646b7e2
global_step=220880 | return=-130.14 | steps=130 | track=eba59ebd3a6f6ea1187de49dc9de8b22
global_step=221072 | return=-161.25 | steps=131 | track=5dc9e8919f06a89397097b9170c730a6
global_step=221088 | return=-149.35 | steps=131 | track=71f36a3dd7fcdfa28bfe4566deb76778
global_step=221632 | return=-53.67 | steps=112 | track=548ab95d675a1599570e83901bd0a01e
global_step=221792 | return=-150.46 | steps=131 | track=2899556bd93554898fc6d47727a53d4f
global_step=221856 | return=-119.89 | steps=105 | track=a767e9d9b15f9b737ee8de8b24caeef7
global_step=221888 | return=-28.89 | steps=49 | track=19a85bfce7d79bac9a893024d6e6052b
global_step=221904 | return=-19.26 | steps=63 | track=a77ec9cf1dc452c1c11929aaabf3ca1f
global_step=222080 | return=-82.29 | steps=147 | track=50aa5eb8315c73856f91f95097bc9374
global_step=222096 | return=-116.23 | steps=109 | track=7768409560c2d7a6873fdfce8dbcd93b
global_step=222096 | return=42.00 | steps=93 | track=749f72f0b731262526501d62540b1d50
global_step=222160 | return=-108.04 | steps=103 | track=2de5349de225485b8f83b4887bc5cb67
global_step=222304 | return=-151.21 | steps=131 | track=3a1f359f814f066f46954b6992dc99cc
global_step=222368 | return=-138.08 | steps=130 | track=3c2b729c7abadc36f6163fd8ac951a5c
global_step=222528 | return=-53.36 | steps=45 | track=5b66d10f06f4904a8180eb71b9ab03bc
global_step=222816 | return=-132.01 | steps=131 | track=90e52ee5023bf6c6cd3bafa211a5cfbc
global_step=222992 | return=-37.91 | steps=136 | track=13b0ce5be7a986e87b576d915f64e62a
global_step=223184 | return=-153.91 | steps=131 | track=a49aaf4111a00d37b05c70297ea2cac0
global_step=223504 | return=-85.07 | steps=42 | track=411f07ab53ec31361342bd730d1f86cf
global_step=223536 | return=-89.70 | steps=230 | track=26d56a622c37d6eaefe383840fa2ca22
global_step=223680 | return=-62.70 | steps=111 | track=dd66cd99a1539cb3ded16cadfdfff2b2
global_step=223696 | return=-34.81 | steps=43 | track=06729970021ac187b498e4f1c7d58be7
global_step=223744 | return=-136.81 | steps=131 | track=7b9750be6816068831d97c442a7b75b0
global_step=223872 | return=-156.85 | steps=266 | track=64a9632b6e73cc665d8a76b3724e0bc0
global_step=223968 | return=-158.78 | steps=131 | track=9888cccf6528f0f1638625cca34e1af2
global_step=224016 | return=-144.37 | steps=131 | track=f72b82c3d8308037dd3fcf947c99c999
global_step=224176 | return=-149.00 | steps=130 | track=561aeb0e23e093b437db1ee6f8d86562
global_step=224208 | return=-136.10 | steps=131 | track=ba19813fd6ef1b685a9297e42bec979e
global_step=224416 | return=-141.40 | steps=131 | track=1ca0062e7c15e16f2aee9b484d2dd295
global_step=224480 | return=-137.01 | steps=131 | track=3204ff6a7aa16b5b8e334fe749447eae
global_step=224544 | return=-61.47 | steps=152 | track=808e17e3bdf14d70c50cef2e09da3f57
global_step=224560 | return=-79.94 | steps=149 | track=f9d0826951e4269eb35733b2ca64b237
global_step=224640 | return=-140.41 | steps=131 | track=1273ae9f1c841c066cdf736ee91210bc
global_step=225296 | return=-153.81 | steps=131 | track=7ab8d946d84b11432c83d1a5a9522ef7
global_step=225552 | return=-49.42 | steps=95 | track=22041448497c657ed4d52479e5b65a53
global_step=225616 | return=-144.13 | steps=131 | track=cd3c3dad9e5cb39c5707b6b23ac348fb
global_step=225616 | return=-0.83 | steps=65 | track=96870bc6aa629918d5617a7004e75eb1
global_step=225648 | return=-163.78 | steps=131 | track=869ff5765ed5a8973d0ca249a2798ade
global_step=225856 | return=-138.71 | steps=131 | track=aa21c7f62a2bb3e25df0339b5f0c4ea6
global_step=225888 | return=-116.78 | steps=106 | track=98a2728b8f1e54009e2d1b9c9071b03d
global_step=225984 | return=-142.71 | steps=131 | track=dbd35fd6673ddead259ce540be51d5ce
global_step=226080 | return=-151.60 | steps=131 | track=bbc214e833926695e02f64124b771f12
global_step=226304 | return=-157.14 | steps=130 | track=4fa655448f7cbf8cd8c4bb708dc5b96a
global_step=226592 | return=-150.48 | steps=131 | track=ba995706fe408d91d9e1c86cb989a667
global_step=226656 | return=-128.01 | steps=131 | track=708acb50c32b735c8ed8a6c030f1b0bc
global_step=226784 | return=-125.94 | steps=133 | track=aeb1522b8d425120bdd2e5a68f8ae66e
global_step=226960 | return=5.65 | steps=66 | track=6b503180bf30db88167de654f440b030
global_step=226976 | return=-145.15 | steps=159 | track=0839658b1c29da681152e1065efee236
global_step=227120 | return=-45.07 | steps=64 | track=e64d7b3844ac7cf36c5cc942fac41ec0
global_step=227168 | return=-192.47 | steps=217 | track=fd7480259db1f8b0081199e204d04cb3
global_step=227408 | return=-154.57 | steps=131 | track=2eee571695d0dba0b987c84789f03191
global_step=227744 | return=-139.22 | steps=130 | track=336cebc5ec182df4e43a61162b5dadd8
global_step=227888 | return=-71.13 | steps=141 | track=0ede6e91aac395acc0220ef2a5ee600a
global_step=227952 | return=-142.79 | steps=130 | track=d86bacc706b185e03e3a31259cff6796
global_step=228112 | return=-148.45 | steps=132 | track=ab54a719325dbae71e18ae61564783ed
global_step=228176 | return=-207.26 | steps=279 | track=a957fd29001701ffb8d5946a6a33ba2a
global_step=228368 | return=-134.17 | steps=110 | track=7339ba6150a9dcf0cbd3c231e4fecbfc
global_step=228400 | return=-137.94 | steps=130 | track=4f6cd14cdd2ed1adb42b47ade5c5244f
global_step=228448 | return=-100.52 | steps=92 | track=94aba203f2a403207e64690e41a60671
global_step=228512 | return=-123.18 | steps=184 | track=2fac799d8c1624c366f36008e256dcbe
global_step=228640 | return=-31.08 | steps=46 | track=fc35219ae14d22e1a724c29a9f39dfb9
global_step=228768 | return=-103.91 | steps=131 | track=b5e0aa9132d2162abc8dc17429e30157
global_step=228880 | return=-154.94 | steps=130 | track=47512023d9a71a816b70039b0fd75515
global_step=229088 | return=-135.57 | steps=131 | track=ac005529f82572bfba282ead18e751e2
global_step=229216 | return=-150.30 | steps=130 | track=d35662661b81740dcab342c5310e68ee
global_step=229248 | return=27.25 | steps=70 | track=3541fc44434ee4377d813b712b8f905a
global_step=229376, SPS=59
global_step=229424 | return=2.06 | steps=65 | track=3ab352b1cb654936dcfbddf01e7eafde
global_step=229424 | return=-127.64 | steps=237 | track=9e0f960ba1b92ada23cf67deb955af29
global_step=229520 | return=-138.91 | steps=131 | track=5b37b33264b9d305803f4c491ae857ce
global_step=229648 | return=-26.83 | steps=154 | track=99f6c00be5fb16562d9d4b64e79e01ae
global_step=229728 | return=25.74 | steps=67 | track=96c6068de37f90a0051a90e235ba2e3e
global_step=230064 | return=-128.27 | steps=131 | track=eb104ae1ab2bddc82463be03df34ae85
global_step=230192 | return=-34.22 | steps=68 | track=fad497acd63b8bf93a0492594ea4877d
global_step=230288 | return=-160.68 | steps=131 | track=fae43992e7717cf29c9a3a2c9e6bc090
global_step=230320 | return=-105.13 | steps=89 | track=812cc6c343cd87dd2f36b2920e13912a
global_step=230336 | return=-51.03 | steps=161 | track=ea5b1e586205e4629dcaabf2a3a6d817
global_step=230496 | return=-40.58 | steps=52 | track=2ae005d1b226da2634610956158420a1
global_step=230512 | return=-143.40 | steps=131 | track=12eeaff7cb7f58f4c50d451bc0d4d0a2
global_step=230560 | return=-143.81 | steps=131 | track=169c1e5d2e8e39ab86940c8f288aa63d
global_step=230624 | return=-157.44 | steps=131 | track=9836448c53a55420ba2ab21bc0d8ac0a
global_step=230736 | return=-29.97 | steps=62 | track=6295a4a6a59273bdb4db2e06f0ea517f
global_step=230992 | return=-56.94 | steps=43 | track=037f41edb46cc9bb1457dd27be5e2b79
global_step=231312 | return=-23.02 | steps=60 | track=294f88c6c1ba53ace011a86ba6c0df10
global_step=231328 | return=-134.27 | steps=131 | track=483c2e2c057400517807e409e99eeaa6
global_step=231360 | return=-148.01 | steps=131 | track=7661daadd6c36109d7db1933a052b5f8
global_step=231536 | return=-148.40 | steps=131 | track=d901133d690276aecf8eeb87b353b66e
global_step=231552 | return=-145.70 | steps=132 | track=89d7ad2bfb07da004b22118f8a7aef82
global_step=231632 | return=-137.55 | steps=131 | track=aca236c5ce188e35feb894851bae2eb8
global_step=231984 | return=-27.47 | steps=61 | track=0e919468e33ee2e104141a6202e7b3fc
global_step=232176 | return=-142.82 | steps=131 | track=89e8cd0422eacc5f36c13cccbe40be3d
global_step=232240 | return=-121.89 | steps=104 | track=45956b5de05abce5bd6cd6d2a3d1e4fc
global_step=232304 | return=-135.97 | steps=131 | track=49df37c775f006204a2b4a7c8a484bde
global_step=232336 | return=-13.06 | steps=62 | track=5b51504dd242c664db9f43d610725aac
global_step=232400 | return=-223.58 | steps=226 | track=418e8b10b8bb3642092edfb8c9120124
global_step=232416 | return=-49.58 | steps=53 | track=33ce30141cb7064c832a5cb6a22fb3e3
global_step=232608 | return=-142.90 | steps=131 | track=6ddb1d16dafe9958f99dbd2e00a393f6
global_step=232736 | return=-140.26 | steps=131 | track=8f645b8982e3d510463809bd0fe7ade5
global_step=232736 | return=-66.63 | steps=150 | track=86a7209ce48527a0e035069926db779d
global_step=232800 | return=29.31 | steps=78 | track=242082ace87bc5d0d46179db93487320
global_step=232848 | return=-139.25 | steps=131 | track=cb6cd6571dd8818f1f57ebc84f8b492e
global_step=233360 | return=-43.58 | steps=59 | track=a1fc2d246858038f7c0a4e5881d1ee0a
global_step=233408 | return=-140.36 | steps=130 | track=5f509c0dae903a35d663d0cd9be88dab
global_step=233536 | return=-48.81 | steps=42 | track=eea0bb7bf137bb26f2c173ff0fe20ca1
global_step=233744 | return=-140.85 | steps=131 | track=2ebffd45a807d3e37701c61aab1c6251
global_step=233824 | return=-60.04 | steps=92 | track=9d2fdb248a9e18fdc1b80fff96b8dd28
global_step=234096 | return=-151.41 | steps=131 | track=efb4b2b9f9c7743dd0648d8a2134d86a
global_step=234288 | return=-135.33 | steps=131 | track=42abe19833ae17c9a5d53f82ff76ad31
global_step=234304 | return=-73.59 | steps=58 | track=ebc0b2951aec3be64b1f8adac86ff1d7
global_step=234352 | return=-141.68 | steps=131 | track=9dd8eabe503ff5fdd73e68f85cdff025
global_step=234400 | return=-106.32 | steps=189 | track=4b84059d029fe70577aafb126f0ab01e
global_step=234416 | return=-137.55 | steps=131 | track=15ebb7a79e17dccb0f8c7d2a955add94
global_step=234480 | return=-0.93 | steps=66 | track=eeb53e9f63c95cf79c636c866bc73be3
global_step=234512 | return=-28.03 | steps=60 | track=83d1db8220a76b7621414f83616ee639
global_step=234544 | return=-124.87 | steps=251 | track=c01744f179468e9d7cf05262cf8dea61
global_step=234720 | return=-142.23 | steps=131 | track=59ca5293e00eb6c8d429f6d639e70899
global_step=234848 | return=-132.62 | steps=131 | track=501d0e0bb0de9bc7cdb3b03108de7149
global_step=234848 | return=-139.90 | steps=131 | track=61f77413c3f0c2cf89e19f47a298e2a0
global_step=234864 | return=-44.62 | steps=152 | track=9add6411dd34d1eb5db9cac8b15dcf4c
global_step=234896 | return=-138.27 | steps=130 | track=3a89515a3c2c03df4a0ab372f49a4681
global_step=235856 | return=-132.30 | steps=131 | track=8028402543780e2dce3df8179c3a6b3d
global_step=236160 | return=-116.06 | steps=109 | track=edcb21cdcd8f9bbfcef31d82c1c85a7c
global_step=236208 | return=-138.30 | steps=131 | track=1d57d0b90f5c204d298cf735db3505c7
global_step=236240 | return=-118.81 | steps=105 | track=11b065e0bf3c1ea42ae2d68013b731ea
global_step=236336 | return=-101.76 | steps=89 | track=167a41608d0e505119535b985c9bac11
global_step=236400 | return=-151.01 | steps=131 | track=92a164831304b4e33eac84b3bb211301
global_step=236416 | return=-138.30 | steps=131 | track=a3d0a93ad17ffb838bf9bf088eec9e69
global_step=236448 | return=-128.90 | steps=107 | track=2c149eb3f8f9b95547065989cbd269f8
global_step=236560 | return=-68.76 | steps=106 | track=2ddb453813a29c9cf40a4cc42c6f2d72
global_step=236592 | return=-147.49 | steps=131 | track=999e48fb9a5ebe8c500e761ada08f9c0
global_step=236624 | return=-121.20 | steps=131 | track=5ac4e7f92f2ac643c1ab28098dcaf15f
global_step=236928 | return=-38.77 | steps=193 | track=aabee04335f6e38deef6701129be80b5
global_step=236960 | return=-138.06 | steps=131 | track=e755516284e712632b6fe23c3d9c3969
global_step=237216 | return=-6.94 | steps=65 | track=b90431cf224219363eac3e3eebaa70ae
global_step=237280 | return=-56.50 | steps=42 | track=8ecf717ab93f3f7e538210386be8e86f
global_step=237456 | return=-74.79 | steps=65 | track=a8b1bf2334cf9118b087bbf313efca8e
global_step=237696 | return=-13.81 | steps=77 | track=d9c06721952b7317f06b41eadde1d8e3
global_step=237696 | return=-38.99 | steps=70 | track=a716ca056a78ab2a9f029359c5d6f339
global_step=237840 | return=-54.64 | steps=185 | track=b644a2c1f18be578e7e1f56839acdb7e
global_step=237968 | return=-121.48 | steps=131 | track=d21d51afaa5be00e63966b4ac9d374c4
global_step=238016 | return=-90.57 | steps=86 | track=0187597920507f435fa2d70edfe7e175
global_step=238064 | return=20.21 | steps=68 | track=2ef749ca1b8544f4d3058efac13f019e
global_step=238320 | return=-144.25 | steps=131 | track=ec697ef77631ecc724b419ee26dcc7bc
global_step=238432 | return=-150.85 | steps=130 | track=d6e69e2e23b45527439dca65df24c719
global_step=238528 | return=-138.80 | steps=131 | track=cabeff460d3a64eca69228b1a588ae74
global_step=238768 | return=-40.20 | steps=49 | track=6aff47f456bb15d90858b3087cb7a985
global_step=238832 | return=34.90 | steps=70 | track=abe6ce8965bea183b056c1268375d45d
global_step=239104 | return=-113.90 | steps=102 | track=577e41821b304111697fbd26c2ffc693
global_step=239168 | return=-201.30 | steps=296 | track=cdf207ca184d68ea98cd049161d66476
global_step=239328 | return=-136.50 | steps=131 | track=d9d2ac649fe2e181ef07e048337e0e27
global_step=239392 | return=-139.11 | steps=131 | track=cbbfe88475c1073d8d07f1b535bf8bda
global_step=239792 | return=-143.33 | steps=130 | track=5f3f16bf9b48f535cafd2abfe7efcda0
global_step=239856 | return=-110.10 | steps=225 | track=45248b639ca96e43c0d282829296d0b5
global_step=239952 | return=-140.18 | steps=131 | track=84aaff9237235fa189643112796f87dd
global_step=240128 | return=-157.31 | steps=131 | track=f3c6eea3671f1ba94c0d8f99d9ec394f
global_step=240144 | return=-217.68 | steps=361 | track=e9e02cae8feeb702b260f51cc5d9a3d5
global_step=240176 | return=-139.42 | steps=131 | track=92b1ce9606ee222e71ebbcb972fd8fd0
global_step=240416 | return=-40.28 | steps=217 | track=63d831d12f42437b08618aaf03334fa4
global_step=240432 | return=-151.41 | steps=131 | track=ee256e1ec66c28119b4e07e642442d68
global_step=240624 | return=-139.07 | steps=130 | track=c2708c43c2f30d94a721f1f7bbd961ae
global_step=240880 | return=-145.85 | steps=131 | track=d0418c8e8f769729ebce0612aeda15a3
global_step=240944 | return=-152.71 | steps=131 | track=a64a05f159c5104fb4bcc48a864bb550
global_step=241040 | return=-78.07 | steps=55 | track=2bf41fa8a8d36c007e6f9a98f77d8b73
global_step=241104 | return=-57.59 | steps=42 | track=0f37ca0f5ae5f743ba7693f6b780bbb1
global_step=241216 | return=-130.64 | steps=131 | track=11a6ddd36600bb325ddb1949367e971a
global_step=241248 | return=-5.98 | steps=66 | track=c71c18f59f6048181ff2381ca7fe3fc0
global_step=241280 | return=-138.56 | steps=131 | track=d8a5ed79cd4db06c3600a695ba63ff31
global_step=241424 | return=-152.92 | steps=130 | track=e2df35bce18699ed658c1531bee4f7fb
global_step=241504 | return=-135.97 | steps=131 | track=392570efc6d6d7415b602de5a4120ac1
global_step=241584 | return=-124.81 | steps=111 | track=6495a670d9ebf5a3bb794e59b74ca361
global_step=241808 | return=-72.93 | steps=57 | track=826434fc90cbe3e15ab3496df42a900c
global_step=241968 | return=-40.29 | steps=57 | track=4be102605b1b7e016b105c9c7a3ea1d9
global_step=241968 | return=-147.08 | steps=131 | track=f0a6f65d837776e943667505c5a09e38
global_step=242064 | return=-138.98 | steps=131 | track=01d6fcf438ff995effc4377e524b9cab
global_step=242160 | return=17.32 | steps=65 | track=34f6563f0208ad1f0dba8b0856f45a98
global_step=242192 | return=-69.46 | steps=47 | track=ff95261a4fa5534c3ffba71cd2674a2b
global_step=242224 | return=-173.00 | steps=130 | track=b58b50af598b1e09f8d62da011c6d63c
global_step=242256 | return=18.12 | steps=64 | track=6eedd2022879c7f0a992d2a92c18a130
global_step=242272 | return=-212.76 | steps=239 | track=e322feccecee3780a70688fc25b25708
global_step=242640 | return=-103.76 | steps=137 | track=0dc7140c5a4338fa63fbc5a952a67c56
global_step=242736 | return=-145.06 | steps=131 | track=a51be6dc09269bfb39cc095309ba9f82
global_step=243056 | return=-148.59 | steps=131 | track=961743011bf35bb7ff630908b87d3bb6
global_step=243200 | return=-9.24 | steps=76 | track=7e7ebeb220037440d489a36a91af2d2c
global_step=243248 | return=-17.00 | steps=60 | track=07fd85b0629308e9996bfc4e32452ae3
global_step=243328 | return=-68.49 | steps=84 | track=86be6556dc3e66750080a2fdb220df2f
global_step=243360 | return=-122.98 | steps=131 | track=db2e09adc5a549d7dc1b47aeea05c6c5
global_step=243392 | return=-145.28 | steps=131 | track=62e03b1dfada8e567d18ae18253817a0
global_step=243440 | return=-27.89 | steps=75 | track=4f17123ccd9589fc90ce9e2e65eb6eb9
global_step=243632 | return=-148.39 | steps=132 | track=9f98cf6cd2dd1fe9ab06f78cf0c2fae8
global_step=243680 | return=-141.13 | steps=130 | track=2dba6d58145f4c3050b03d31aa3c9279
global_step=243792 | return=-103.46 | steps=95 | track=5bf3776e506d51e6280d73df521710f7
global_step=244432 | return=-45.40 | steps=64 | track=55b26e60715b02782450da4cb4011c90
global_step=244512 | return=-102.20 | steps=146 | track=5e4a784fe5f772bb7f6550baa4f264e7
global_step=244528 | return=-6.45 | steps=79 | track=c7a708fc2ccbc57770f0727b07ce60dd
global_step=244528 | return=-74.54 | steps=145 | track=faa51435cf28a25e381c8eb9efb669f9
global_step=244752 | return=-132.06 | steps=131 | track=aa39e00f8e40a439a34f2f820236ca53
global_step=244848 | return=-44.88 | steps=102 | track=d3498c7f6ff564008b6ebe8a720a9204
global_step=245232 | return=-16.47 | steps=155 | track=0091265dcaf0b9f22ef1d8d11fc1ca39
global_step=245344 | return=-171.94 | steps=220 | track=7ea807eb438a076f57c61829050abed4
global_step=245440 | return=-144.49 | steps=131 | track=026e6663ff4fcacad6cd9935e7779b42
global_step=245472 | return=-135.97 | steps=131 | track=1dd2c223b9e35faebd8539a3f2af0ae9
global_step=245520 | return=-130.66 | steps=153 | track=6fe11f1cdcc75f6339cc893b8deed3a2
global_step=245536 | return=-157.12 | steps=130 | track=9b419c9c72166af9c6a3c1fa98c2f12e
global_step=245728 | return=-153.24 | steps=130 | track=482463f17342c961471580726234674c
global_step=245760, SPS=58
global_step=245792 | return=-138.31 | steps=131 | track=c4b91c53f5bfaf9f5213ff30d9f6d7da
global_step=245904 | return=-149.00 | steps=131 | track=5bc8027694d4ff77b5b106b9e0f3bb63
global_step=245968 | return=2.11 | steps=243 | track=925d838a6987fd663bed6875cc1b618e
global_step=246208 | return=-46.35 | steps=84 | track=f50963e1284dcef7f35913d931e20538
global_step=246640 | return=-131.46 | steps=131 | track=e133738aa26181be3c3f2da30fd4e35c
global_step=246720 | return=-108.90 | steps=142 | track=a4b2eaa6ba8981a8431352fe2544cea1
global_step=246752 | return=-85.42 | steps=138 | track=81ad2d7979332d12c7f37bc32b4c00b9
global_step=246912 | return=-96.93 | steps=89 | track=cc98c755ae2b853aed2dfaf55bd061de
global_step=246960 | return=-41.46 | steps=152 | track=e55239aed984e4d25fcf497287123daf
global_step=247088 | return=-63.54 | steps=54 | track=74a9e84d716bcc5bc0c1a7d7406f06ad
global_step=247344 | return=-148.28 | steps=131 | track=639112959e0ed3b5cdd72c3cfc7e3fad
global_step=247392 | return=-55.03 | steps=121 | track=aabf63730775927eebc3b8477c4f8605
global_step=247456 | return=-149.73 | steps=131 | track=eeb464933090b5108fbbe0f7fde8ca68
global_step=247632 | return=-139.51 | steps=131 | track=40378b75295586a2d598a3e66fe3b43a
global_step=247648 | return=-153.24 | steps=131 | track=e0c420cebb888b6887a11383e89c8415
global_step=247712 | return=24.30 | steps=66 | track=20120d14f6c88b8903654da449d6f1ee
global_step=247776 | return=-202.83 | steps=188 | track=64793fb28981a31d0c2bd86b7be169f3
global_step=247824 | return=-145.00 | steps=130 | track=8d469aadc39d2e243c8263f49c6fc19c
global_step=247904 | return=-143.21 | steps=131 | track=890b5cbdcb7d2b7971f3fb8d18631c88
global_step=248080 | return=-123.84 | steps=131 | track=1428b2834ee2bff963afb6d43a7f70d0
global_step=248688 | return=8.64 | steps=65 | track=05a57129a0d75f9d235d1e5377a8c427
global_step=248720 | return=-49.38 | steps=109 | track=0468ae8636c58778f49e1799b83361e2
global_step=248832 | return=-145.72 | steps=131 | track=402614b5786b1aa0f6996513c861f29a
global_step=248864 | return=-140.26 | steps=131 | track=45458c7a8df19322789c9e5d852ea4b7
global_step=248960 | return=23.63 | steps=65 | track=4151ef51783ca25cc335a84228a134b3
global_step=249024 | return=-136.14 | steps=131 | track=6b0332368c8d29a29b4c13215ef9cf72
global_step=249120 | return=-70.56 | steps=110 | track=51e03646dc4f614faa8a271d48b4e54d
global_step=249184 | return=-160.87 | steps=130 | track=68b5dd852485d0c4a30e82a543a62d6b
global_step=249488 | return=-118.48 | steps=130 | track=50cdcfc13b80f63c6416e54b4984c5c7
global_step=249552 | return=-146.90 | steps=130 | track=ec37420758b3f1bacd180df589b477e8
global_step=249760 | return=-135.99 | steps=131 | track=d9ae87117b23f50de9e8fce5e66db4fc
global_step=249824 | return=-139.50 | steps=131 | track=d9d78f00603a1fb37de82e8836d5c8ab
global_step=249888 | return=-140.41 | steps=131 | track=4e2cd7b3aa247ad3e870810b7bb6c282
global_step=249936 | return=-145.83 | steps=131 | track=429db03ab43269fa162e3900e0266ba3
global_step=250192 | return=-142.77 | steps=131 | track=368d916d111c2dcc239ff5e26b249d77
global_step=250272 | return=-29.76 | steps=71 | track=81d04390ce50e9131b893c8699741fbb
global_step=250272 | return=-1.55 | steps=81 | track=d630bc543588e3beb75831a529d736c4
global_step=250448 | return=-37.39 | steps=283 | track=a5d865855318356994c50132cdafdaf1
global_step=250688 | return=-61.23 | steps=124 | track=58e293c6173bb1376b0b74b8562d2846
global_step=250832 | return=-139.11 | steps=131 | track=253000cd915fe2c4ebcd735c5c72fe2a
global_step=250976 | return=-138.80 | steps=131 | track=6089c0d41da6e7e85772a3ebd05371b0
global_step=251088 | return=29.56 | steps=71 | track=610005cf214037e3470c93ef58db10b3
global_step=251136 | return=-136.77 | steps=131 | track=485e441b9709dc98dd2dca02a838d815
global_step=251296 | return=-161.81 | steps=131 | track=c711eadc4180497e48804c1ca6b64079
global_step=251440 | return=-98.49 | steps=162 | track=0e27ba1cd87daf2cbde4052eb5da9e88
global_step=251648 | return=-151.03 | steps=130 | track=bef44e01e125cbae3f205b2835f793f4
global_step=251872 | return=-130.48 | steps=131 | track=c354d92a1bf0be4b4f0dd61b52f84f50
global_step=251936 | return=-130.30 | steps=131 | track=85be4943403b51afcb90a7f588b048a6
global_step=252000 | return=-140.75 | steps=131 | track=7d41086e56382c185a1873f99a9a5ff0
global_step=252048 | return=-72.54 | steps=84 | track=b6de06eb7d9cce656d5c6f569d951c69
global_step=252384 | return=-129.30 | steps=131 | track=6f4e348a0806af0c6b49b7c1852953fe
global_step=252384 | return=-132.93 | steps=131 | track=9f2549ea68a116abcc0b0278712d125c
global_step=252560 | return=-139.37 | steps=131 | track=49a6bba4224a27a8d7e88b1029c39205
global_step=252640 | return=-108.17 | steps=96 | track=abdaa3f29a4a31d03ba966449853f09f
global_step=252944 | return=-153.05 | steps=131 | track=e45cc7383c85802d990d9072e00dce18
global_step=252960 | return=32.75 | steps=67 | track=54cea62a87a4fa28997b71871a10d453
global_step=252960 | return=-101.40 | steps=103 | track=ae75d2397739268def92bd2194a11933
global_step=253088 | return=-135.59 | steps=131 | track=f035f92bc4d2a5832841fefa6a059653
global_step=253248 | return=-147.21 | steps=131 | track=49578016d778290ce9d1c00fd312e09b
global_step=253296 | return=-53.68 | steps=40 | track=b386a1743a5470b2961403ff8f1ebd15
global_step=253408 | return=-6.44 | steps=63 | track=00eab560a2598219df8f3e2421349568
global_step=253552 | return=-144.03 | steps=131 | track=c85eb66b6d852a49df0e420cec96901d
global_step=254064 | return=-153.79 | steps=132 | track=e3e7180c24ece7e39d7ca9ad54d60b17
global_step=254112 | return=-141.73 | steps=131 | track=e68a43ae810fdde49baa94be847e8d68
global_step=254160 | return=-146.50 | steps=131 | track=8659a5ab3f5c9975f18fcff9f79e39e2
global_step=254272 | return=-119.04 | steps=254 | track=edb496f6a9d794b9e7a427bad5f203cd
global_step=254544 | return=-117.76 | steps=90 | track=a8dceae717c838a3caa636bf21ed6168
global_step=254592 | return=-107.03 | steps=183 | track=9ce560a802653161a67bc77b175f25d5
global_step=254896 | return=-129.69 | steps=145 | track=db0439d021b66c9183c9a79143debb15
global_step=255040 | return=-213.39 | steps=346 | track=08a767efa0f063eb56fa4f97e2f25eb4
global_step=255072 | return=-147.75 | steps=131 | track=361d230d66136f4f5290e6523c0a778d
global_step=255184 | return=21.18 | steps=66 | track=716a15211f93d997bedf4423479406f1
global_step=255280 | return=-11.42 | steps=62 | track=7a483ab3cf9719fc0f0904f10e648962
global_step=255360 | return=-141.88 | steps=131 | track=2c788f5dbb4e566347c16b14e9d5244e
global_step=255408 | return=-145.36 | steps=131 | track=a1db2e22af87aa5311155741b052e151
global_step=255504 | return=-111.40 | steps=130 | track=570b1fa5bd54419c7a6a9316a23684dd
global_step=255920 | return=-179.69 | steps=185 | track=011c1de57557a0dcf23559c108514812
global_step=255984 | return=-24.77 | steps=151 | track=ba7cb3f48445ed81066ae145048c7ac7
global_step=256176 | return=-137.01 | steps=131 | track=c9019435a8f559f6a22385b632e86ea3
global_step=256240 | return=-37.68 | steps=59 | track=edcc9748e87809b1a9211d952e459552
global_step=256256 | return=-136.53 | steps=130 | track=c613391066e434f3fc01486713c2f408
global_step=256400 | return=-99.21 | steps=93 | track=c4b3f0a61354d8985b287d8d3a9dda3f
global_step=256496 | return=9.75 | steps=67 | track=04572d3d6b87f9face0efb338589da99
global_step=256656 | return=-145.31 | steps=131 | track=29abebab50b364e72c47ee8a1921ce07
global_step=256704 | return=-147.77 | steps=131 | track=0f47c01cf54a596725a42583e6950d12
global_step=257040 | return=-80.20 | steps=254 | track=6ce2cb0bb18effec961723fe00f50336
global_step=257056 | return=-77.72 | steps=40 | track=02f245982986f36dfc530a0057f4d484
global_step=257120 | return=34.22 | steps=70 | track=5c45a1689f0964663e0b75dbcdbdf517
global_step=257152 | return=-142.77 | steps=131 | track=05adc6ac213f654407c7d72add78c971
global_step=257184 | return=-130.49 | steps=131 | track=88122d73eb89e4a33f18bc7bc06b169a
global_step=257248 | return=-74.86 | steps=303 | track=27dd774a30d04a12933eeec10d3724be
global_step=257296 | return=-147.53 | steps=131 | track=5f6f23be30f1cfe44a9a5c1ec221451f
global_step=257312 | return=-82.27 | steps=66 | track=444d3fa4bfe908c4b54c547c4ddffe66
global_step=257456 | return=-149.15 | steps=130 | track=2f96469e7c4a5551f9b47c517a9270a5
global_step=257520 | return=-52.41 | steps=83 | track=380994ddac49c71915601a076989cd7f
global_step=257632 | return=-142.65 | steps=132 | track=d88ebed5139cc38fb5f83e8303da59fb
global_step=258032 | return=-146.30 | steps=131 | track=20dc380d4da22c03184e558cf5b6aad8
global_step=258064 | return=-20.20 | steps=46 | track=7848dea220fb70e12cc8f7fb68d2372c
global_step=258272 | return=-79.28 | steps=60 | track=ff4b782a542058e51ae41dee0871ee3c
global_step=258544 | return=-86.40 | steps=142 | track=20912402958275287f0dc4e9d4bf183b
global_step=258608 | return=-148.64 | steps=131 | track=1a19decac306164d5fbdac7c71fc8e40
global_step=258768 | return=-144.63 | steps=131 | track=75392247b3423a78985ab8a61fd3c3f9
global_step=258816 | return=-135.17 | steps=131 | track=eaa51ee296faf1400f02424dc70807db
global_step=259152 | return=-133.71 | steps=131 | track=4ef188826b4c83941b7921e220fb4f2c
global_step=259152 | return=-155.95 | steps=130 | track=b0127c2d7e26d04afea0b7c516452eb2
global_step=259232 | return=-146.42 | steps=131 | track=f4bdcd9e00e70cbeb1a806198968a521
global_step=259248 | return=-159.35 | steps=130 | track=4a40600938ff9712887e41faa2c5221c
global_step=259312 | return=-144.57 | steps=132 | track=483d0b4dbe27b3b93df15e6ad2bfb74e
global_step=259360 | return=-126.31 | steps=131 | track=79cb2284cc053bb5548aaba9371c69ac
global_step=259568 | return=-148.31 | steps=131 | track=eb0ecd1128f6837368ab088f2c06ff84
global_step=259712 | return=-36.17 | steps=72 | track=d61bc24902f7f8e6c7c4d58e2c2d630f
global_step=259744 | return=-150.93 | steps=131 | track=ad0bf00f7ff4365fb5016abbd31cfd51
global_step=259824 | return=-120.70 | steps=109 | track=c64d74d1dece262ffaf089d2665b30e2
global_step=259872 | return=-2.15 | steps=65 | track=21236fa6297ff050e42df52a4b4bd612
global_step=260128 | return=-119.31 | steps=130 | track=a21746686b8854bb204ce3c18255bf91
global_step=260384 | return=-154.89 | steps=178 | track=942c7fe4e44b470490800ea0f2d159ec
global_step=260496 | return=-97.74 | steps=138 | track=e185e84d0d14cde69cbdddb6d8ca860c
global_step=260688 | return=-68.49 | steps=50 | track=5b3e6a6a327d811a3a74929ebdc335af
global_step=260768 | return=-89.98 | steps=74 | track=a6e036400f1e1b36b6333f6d529bc4a7
global_step=260880 | return=-139.59 | steps=131 | track=71ef28c2b4fc1b82871b91ad3d1837ea
global_step=261280 | return=-56.13 | steps=55 | track=ec1ed446deb82e4e73cfa22c41981b12
global_step=261344 | return=-104.11 | steps=131 | track=a18688e5c19f71586b642493cfec3832
global_step=261424 | return=-144.61 | steps=131 | track=ec3e24efd6b5dc8e294acb827d0d689f
global_step=261472 | return=-144.25 | steps=131 | track=e3d86047ebb92b1c69c38569412b678a
global_step=261536 | return=-96.44 | steps=148 | track=134b571435ab4e6a51f2c128691a3463
global_step=261536 | return=-144.75 | steps=142 | track=60a90724b489ed2e4030df1b034e57f0
global_step=261552 | return=-43.57 | steps=107 | track=914dc3d29fa593d78ae4fd9689a0d8db
global_step=261856 | return=-131.28 | steps=131 | track=68fad9db598d49e792b5cae0c7209a1c
global_step=262144, SPS=58
global_step=262240 | return=-148.74 | steps=131 | track=2255941408275e4e2750f30909a81a95
global_step=262288 | return=-76.07 | steps=94 | track=dcde2ae3e38a54d3f8c2938d90eccaab
global_step=262576 | return=-144.70 | steps=247 | track=a2e589ce56ede7b53a092c2b515c827a
global_step=262592 | return=-17.88 | steps=65 | track=63e2255ad338b414ed8a88d714430dac
global_step=262608 | return=-149.30 | steps=131 | track=94932997a94251a74a447cc394c8c230
global_step=262800 | return=-146.22 | steps=131 | track=a7e97cad32fa6f32bf918920ce4f910d
global_step=262976 | return=-156.58 | steps=130 | track=d83513a83a25294eadc78b38aaeeb35c
global_step=263328 | return=-94.88 | steps=110 | track=8b0acdcd0c7f24374d8eb95021da9d67
global_step=263344 | return=-59.79 | steps=261 | track=940a15acb4fbc506e70f26f63cbc6031
global_step=263392 | return=-148.12 | steps=131 | track=2f2176a620b3d77ecab32ea5b279dbf4
global_step=263456 | return=-140.02 | steps=131 | track=5f13cc901e46cccb5c094a7aa8f8419a
global_step=263520 | return=19.52 | steps=76 | track=dbd5ba3a673fb2838c52b48a119ff8ce
global_step=263536 | return=-146.53 | steps=131 | track=4da13df2d0bf4a9ee8eb7045563ab347
global_step=263584 | return=-152.16 | steps=131 | track=34d0b34377b6995b9979cd9d6b1ed3c4
global_step=263648 | return=-132.00 | steps=131 | track=eedebe94992c61bc9af451456a116e74
global_step=263840 | return=-173.28 | steps=257 | track=e41cfee5d2475db38bceed057a915b19
global_step=263968 | return=-141.88 | steps=131 | track=60e606a9fa5777c0d16af4c5e8a9136a
global_step=264112 | return=-54.68 | steps=44 | track=fa5b93debe7ed26248b7d0f52144a97a
global_step=264352 | return=-152.57 | steps=131 | track=55f0705d38b0e8d58f6ab144dc216003
global_step=264688 | return=-148.82 | steps=130 | track=e1c992a5ab13b5db87904e21ff2ecc6a
global_step=265072 | return=-13.60 | steps=95 | track=b18a2ba7672ce15e1663054b000b61b6
global_step=265088 | return=-143.13 | steps=131 | track=11ff6fc40926154dfd2b8996fb9b2c3c
global_step=265088 | return=-73.27 | steps=156 | track=ffeb34e3ed9b87862fe9163f18a624ae
global_step=265232 | return=-59.81 | steps=118 | track=2d2be8691fd02c6bac91374fd210e841
global_step=265392 | return=9.96 | steps=64 | track=ff2b5b5f1a9bdc6ef9efaa2e8adc74c8
global_step=265424 | return=27.12 | steps=81 | track=1bd0b77e22872e1305f5317d4735b27d
global_step=265568 | return=-139.80 | steps=131 | track=0b332844d40e20396739677713c115a8
global_step=265680 | return=-138.62 | steps=130 | track=788ba1b32ce214a833623a56924939e3
global_step=265728 | return=-101.12 | steps=137 | track=9d1c47ef426f2c6d42ec16c3009f79ac
global_step=265760 | return=-140.41 | steps=131 | track=e2e54e065561b7423764ff2dacd23022
global_step=265776 | return=-47.89 | steps=151 | track=31db91e611e105f9d0a6e9e1061ebd7c
global_step=265936 | return=-133.87 | steps=195 | track=a7369bfc9906f7d56d48fcb075d8d71e
global_step=266064 | return=-106.66 | steps=215 | track=7a61b3ac2c42667e9c61eecea8b7f6e3
global_step=266288 | return=-99.23 | steps=144 | track=3fe901c45f3992b6e7a006824e3002f5
global_step=266320 | return=-37.68 | steps=76 | track=f23aa0a360a287341795b69b3d18688e
global_step=266464 | return=-16.14 | steps=76 | track=3663136a6dee89529d0e12e97be58740
global_step=266656 | return=-29.38 | steps=60 | track=8fe9360472187a6ab40823430ab73c2c
global_step=266656 | return=-53.98 | steps=57 | track=b7b52d2261b83aeb682b821f834453c4
global_step=266800 | return=-155.58 | steps=131 | track=557046b045ee104d3b62c9ce2fe64f8d
global_step=267184 | return=-156.97 | steps=131 | track=afc24875742c35e0177c0d0bb28fb8de
global_step=267184 | return=-139.49 | steps=130 | track=3f924f7a44f9f45a8305274fa81d329e
global_step=267216 | return=-107.78 | steps=89 | track=7bafacf8225696c1b43d70a6fa32934c
global_step=267344 | return=-3.82 | steps=54 | track=8c666c3e4ab7a52afd70c13290933779
global_step=267536 | return=-143.21 | steps=131 | track=1c6f7a46f5b2abdce646703b7347205e
global_step=267808 | return=-95.60 | steps=108 | track=1daf6b999dafa04f44c760b64f05c647
global_step=267872 | return=-140.97 | steps=131 | track=d484bd2a1ef2a0a80607d79ef500949f
global_step=267984 | return=-41.94 | steps=150 | track=f0cf062177fd81263536f1a518959a8a
global_step=268032 | return=-134.33 | steps=130 | track=4abb42d7d3383621a97745d09f186928
global_step=268368 | return=12.41 | steps=73 | track=f27c024784f0c7be11993785374b1089
global_step=268416 | return=-160.56 | steps=130 | track=540893a7d81313474e803c61cc01671d
global_step=268608 | return=6.68 | steps=66 | track=e6700f32ebff0f8de0710e7ecfe82866
global_step=268768 | return=-147.68 | steps=131 | track=a3882b97a6f74b30d9f20c44fca0914f
global_step=268768 | return=-140.85 | steps=131 | track=e4d4be92634059ba7a0541731a49409b
global_step=268816 | return=-19.28 | steps=157 | track=227cded3b423dabccac00c1c1cb59374
global_step=268912 | return=-149.30 | steps=131 | track=86f335127554969e2e6f296e36cfa7ef
global_step=269024 | return=-26.79 | steps=323 | track=e6cb787e27da8dd32b37027c38aa7e6d
global_step=269376 | return=46.97 | steps=136 | track=6acd16f687ec11ee1dcab7cc07f3aae2
global_step=269456 | return=-142.99 | steps=131 | track=f768217ef89a7a7810a79ec40c314c36
global_step=269600 | return=-7.69 | steps=61 | track=f28e1c07f2b34c37cce1441d9d930ba1
global_step=269840 | return=-114.34 | steps=163 | track=719ef96b0c0febe30f186bebbf0d109c
global_step=269952 | return=-92.87 | steps=98 | track=b3fde65c6cad2e700111e41333c8f714
global_step=270096 | return=-129.10 | steps=131 | track=f70dc5fbc8e68d33c0d95bea2dd6b71d
global_step=270144 | return=-147.21 | steps=131 | track=1399570d69aad7662fbc0fd139827369
global_step=270224 | return=-106.79 | steps=90 | track=aeb8d0e129f945af1e6137d45d36aa37
global_step=270400 | return=-226.90 | steps=312 | track=d302b912f1b878dad8d46fbda9f85190
global_step=270720 | return=-111.23 | steps=105 | track=e1aa7f31bd6b0179a24c6c6dec7ce235
global_step=270816 | return=-117.86 | steps=187 | track=550b55e56262536547b7a279ef63acb2
global_step=270880 | return=-143.30 | steps=131 | track=64486ab09632c487b0d6c17575a709f7
global_step=270928 | return=-141.04 | steps=131 | track=b87ee837f6e5999ea0ed8b62fb6af95c
global_step=271024 | return=-151.24 | steps=131 | track=7d3a7d27a9f9c42327ed7fb077978934
global_step=271488 | return=-143.87 | steps=131 | track=276de187886226490a50dda0a6f3227f
global_step=271568 | return=-134.80 | steps=131 | track=8dc8dab74167b3a595ffb32ccbdf1d9a
global_step=271712 | return=-131.28 | steps=131 | track=acfd58291e8bb075ffaadd70c5f2af6e
global_step=271952 | return=-160.38 | steps=131 | track=20157b4243baa63f96c04ca0d57a3e33
global_step=271968 | return=-13.36 | steps=221 | track=34bbcd380d017f2068867fd0cc18760a
global_step=272048 | return=-149.38 | steps=130 | track=68fff44ae8b4fc2a92ca9dffc6c65d0b
global_step=272208 | return=-132.50 | steps=131 | track=1597638dc6c28932bcf5cdc96d76f553
global_step=272320 | return=-190.83 | steps=277 | track=f6dcdacd075b8bb3eacbe7e38c6375d1
global_step=272336 | return=-136.62 | steps=131 | track=b47046bd00994897d451cc3971bc50ed
global_step=272448 | return=-60.32 | steps=107 | track=af23c19c2df093b3425a84baecaf8996
global_step=272496 | return=-92.29 | steps=146 | track=3d6436d0f6381f95afbc1276d4998c6e
global_step=272576 | return=26.66 | steps=53 | track=aa38e6f548c36029128615cb06756e26
global_step=272592 | return=-47.46 | steps=97 | track=3c93f7ab63bc8ad04e0ceb38b8bf6552
global_step=272704 | return=-37.40 | steps=117 | track=5ebb170b885a660e4e471c427554efbd
global_step=272976 | return=-122.89 | steps=130 | track=bb031ee07a7a43cc2e6c4d15f1cfb601
global_step=273024 | return=-160.39 | steps=130 | track=3d29fa033bc71f2405544683757d8daa
global_step=273120 | return=6.41 | steps=66 | track=3010602681add049bddd7d35bd6329a2
global_step=273344 | return=-69.85 | steps=63 | track=da6647caf20c90ea47d2a6d8501a11d9
global_step=273552 | return=19.77 | steps=68 | track=9e112faa14c1e47b1726335dca3f3b51
global_step=273600 | return=-118.00 | steps=101 | track=a548eac3a7c4363eba6004357eff31db
global_step=273600 | return=-136.78 | steps=131 | track=a0e1d6402b21ac5403034721a4cea329
global_step=273680 | return=-168.66 | steps=204 | track=e3416c8610c85093b8a2182e8f52b2c0
global_step=273680 | return=-143.90 | steps=131 | track=30827e8486711cc4e886fa5725987ca3
global_step=274000 | return=8.98 | steps=63 | track=a9a0a2e871850dedc2e8aa111d5702da
global_step=274208 | return=-103.92 | steps=140 | track=76aa7bca154e9fe23728f5606fcf757a
global_step=274224 | return=-93.69 | steps=41 | track=c354ea31c543760db9d0bba896970f2d
global_step=274272 | return=-33.87 | steps=77 | track=8a7f53afb8429371d09e9a657bb76f9e
global_step=274304 | return=-149.41 | steps=130 | track=87a2be3217e5a5e20e71e3afa6d6b92b
global_step=274448 | return=-145.91 | steps=131 | track=5941af8068c7cdfd0efe7b5ec760aab7
global_step=274592 | return=-60.34 | steps=117 | track=594cbfb42ba0bcbd20e43c294a380b82
global_step=274608 | return=-146.70 | steps=131 | track=e21356c56c6bfd96746029b60b0b33c4
global_step=274688 | return=-143.10 | steps=131 | track=334c2ed3e7a1b2d70a3c9c470e5c7f0c
global_step=274704 | return=-151.08 | steps=131 | track=6d0d803c5c5f3af471edfbee934b6bc2
global_step=274768 | return=-113.01 | steps=102 | track=ba6508c795a5f1bf5483d7de87bacb0e
global_step=275200 | return=-13.29 | steps=60 | track=d400af658e5e48be0fe1ecc1ab895bb5
global_step=275456 | return=-143.90 | steps=131 | track=5289dc4984ee06ab60ffc327d64eccff
global_step=275584 | return=-65.06 | steps=85 | track=866e49f65603c5b68a008fae57fee2f5
global_step=275792 | return=-135.14 | steps=131 | track=2a1718a5759a85ec6ae2d482d9e645af
global_step=275808 | return=-138.99 | steps=137 | track=955f1e7a7b142944af56fe41fac8a222
global_step=275888 | return=14.12 | steps=80 | track=7f8a332e9464564a99491ba8c015873f
global_step=275968 | return=-100.58 | steps=94 | track=f6d3df80120520ed964e97bf79c28781
global_step=275984 | return=5.91 | steps=79 | track=0c81bee73c359403bcbbebd954492394
global_step=276048 | return=29.09 | steps=152 | track=8efe5abd347bdba78f4fe99de8dd3338
global_step=276096 | return=-143.58 | steps=130 | track=152c37aed6f4b92d6306595de005d454
global_step=276416 | return=-107.08 | steps=131 | track=fc1058976a19be63ca861d9b772a4933
global_step=276528 | return=9.38 | steps=66 | track=6aaf938b98ba709e76467e5e9314ec55
global_step=276656 | return=-70.38 | steps=148 | track=75a88fda02b215b478bf3f53822a659b
global_step=276704 | return=-158.17 | steps=130 | track=eec90f0ba58b686d879b7ad547116721
global_step=276896 | return=-33.88 | steps=67 | track=540f643a8d10380fa28a2565eec31809
global_step=276912 | return=-133.48 | steps=138 | track=202b3c982bc355562d7ec27e44e96d82
global_step=277008 | return=-107.58 | steps=139 | track=bed1cf4b24f66ccfe12fbc140c8e3c32
global_step=277312 | return=-151.05 | steps=131 | track=f9b25c242101e84c2d31988f88c2ac46
global_step=277360 | return=-39.78 | steps=91 | track=f02937c48266a684fd6ea723d79028bf
global_step=277472 | return=-56.00 | steps=47 | track=387c1ee7988556657fdb26e0fc738641
global_step=277520 | return=-9.82 | steps=61 | track=2f0ac211966d0131d8726024d0b28af7
global_step=277664 | return=-5.43 | steps=129 | track=67eccdfde94772d0821788482c54ca1a
global_step=277888 | return=-167.52 | steps=130 | track=e98a85d86f2fc0ed04d29d4451d3e9f9
global_step=278032 | return=28.65 | steps=69 | track=fcd882b5d52281259bc31711e07ba385
global_step=278048 | return=-47.90 | steps=42 | track=ae939a534d4903fc60febdd5332d60df
global_step=278064 | return=-12.60 | steps=46 | track=e2217726aa02b9005d3382198eb5e5d9
global_step=278080 | return=-134.66 | steps=131 | track=7d2f7207d72d10b9c6070346e888d24d
global_step=278144 | return=-133.15 | steps=130 | track=601853d5e5db682b90e41b3b4eb7ac22
global_step=278208 | return=-132.84 | steps=131 | track=cf8342caddca16214e18a28d2c986b29
global_step=278528 | return=0.64 | steps=62 | track=22f6c6f277436d12b462cf3572151b55
global_step=278528, SPS=57
global_step=278592 | return=39.67 | steps=69 | track=d5bb641d2dcfb4649d021cd8b88a0c07
global_step=278800 | return=-80.80 | steps=319 | track=22e632cd0e8da9a300adc4d40bed0b00
global_step=278816 | return=-82.20 | steps=149 | track=fcfda7e661cf501bb1e0de8891a05452
global_step=278832 | return=-57.18 | steps=47 | track=08a8c2f9efeacf42177f525888a2467b
global_step=278992 | return=-83.19 | steps=145 | track=8af1bedeb4edea7124826117c9080714
global_step=278992 | return=-137.03 | steps=130 | track=e557d884b6d4c103f41c0a229d26beb2
global_step=279056 | return=-14.65 | steps=72 | track=26696b9588a30129486b4d75599e1143
global_step=279104 | return=-145.64 | steps=130 | track=945f6f9e49f6a9f5df7b1997672c4238
global_step=279328 | return=-110.15 | steps=208 | track=0c9772a7417eb2caa1d00074d909711b
global_step=279744 | return=-105.87 | steps=99 | track=2a37709bdddd2af5a2b920f430690008
global_step=279760 | return=-148.60 | steps=130 | track=d42a7977c67fdd51ef24e0863ce8a368
global_step=280080 | return=8.95 | steps=67 | track=29bd75f96bada328a2b98c93ca6b0138
global_step=280080 | return=-103.91 | steps=92 | track=31d378525b70d04eb9fc798af714bb82
global_step=280144 | return=-145.31 | steps=131 | track=5460a6e14bfe40e6337187d1ed5306c0
global_step=280160 | return=-126.39 | steps=131 | track=63a6ce430d1c0c7e8330e359b8c187a8
global_step=280192 | return=-100.11 | steps=131 | track=2d8ea246a809a51875a8876a9bd0a6fe
global_step=280304 | return=-120.18 | steps=93 | track=cac08aa95efcd06c4b1fe3efd7b4c8c9
global_step=280320 | return=-126.13 | steps=131 | track=4477d556fffbb19d4432421d1d056d68
global_step=280432 | return=19.77 | steps=68 | track=0182ad49a309d969dc09be59dae45a5e
global_step=280640 | return=-35.49 | steps=95 | track=ff23125f8a4b40e541689e4649cf95fb
global_step=280800 | return=-18.17 | steps=65 | track=afc7529370b3af01f4b1b06a35566fa0
global_step=280928 | return=-131.40 | steps=131 | track=d3f3d59c25466ede14708e43d196913c
global_step=280960 | return=-137.36 | steps=132 | track=cdcca6f1447220cb3d8d715b09d47fd8
global_step=281088 | return=-146.08 | steps=130 | track=fbcee2d462db99f21c124b238093277b
global_step=281104 | return=-19.19 | steps=63 | track=3f73ff0db9e50139872eb1fc2d04a716
global_step=281152 | return=-107.47 | steps=130 | track=bab4504721192a779813ce7411e15b48
global_step=281392 | return=-111.75 | steps=101 | track=42a16ac9f8f3b8b3e16fdb0381bf5dc9
global_step=281920 | return=-111.85 | steps=99 | track=cb878e36b4dc286f37ec8ce463ead0da
global_step=281920 | return=37.37 | steps=69 | track=c19cec858f1407032e84362deb075623
global_step=282016 | return=-124.36 | steps=120 | track=fbf494ba50f9e10172f600dd84f45da1
global_step=282240 | return=-150.52 | steps=130 | track=9e5cc1319b7a1dd2d56a7d9499955ea3
global_step=282272 | return=-130.90 | steps=131 | track=67c4a1791cfe1c77efa52ecd5c9afd87
global_step=282304 | return=-148.14 | steps=131 | track=9dc9da7b5c9cde33613627aacac949db
global_step=282400 | return=-134.47 | steps=130 | track=0478fd76fe8f76eb65c494f7ece9ce9f
global_step=282544 | return=-138.06 | steps=131 | track=ae2dab0e3ca601d13b5441053aa5b7ca
global_step=282736 | return=-146.44 | steps=130 | track=d317142b671cb6e0dc40df646e20c370
global_step=282928 | return=-7.02 | steps=62 | track=6abea16ce4e9b538469b4ffb091c77c2
global_step=283024 | return=-147.69 | steps=130 | track=9666d80accadc555ddb4b6326604d10f
global_step=283216 | return=-149.11 | steps=131 | track=9327776cc5a8d65aac719c9e5bff54c2
global_step=283264 | return=-146.39 | steps=131 | track=aa4d78d1a381f19eaa2989a06f48575c
global_step=283360 | return=-105.27 | steps=89 | track=e66d74d3486f87c58f5212a8ecc34d1f
global_step=283488 | return=-143.94 | steps=130 | track=926b0cd1db1c612820695faf5a565970
global_step=283856 | return=-108.40 | steps=90 | track=f225099beeb894b9f70c21320f0f1bcc
global_step=283984 | return=-80.76 | steps=106 | track=7430d8cc39946b61699a3089d4ef2304
global_step=284096 | return=-108.85 | steps=96 | track=0690e3ed131d7c4dc725e7f4b5382ca8
global_step=284128 | return=-148.48 | steps=131 | track=82e88a9fb4a52671576ed23e7eca239f
global_step=284352 | return=-192.32 | steps=211 | track=516086b638ec730d9b3c74e0b866eb2e
global_step=284352 | return=-144.49 | steps=131 | track=ddc54187dd07a0afc0b7e40121d4f327
global_step=284480 | return=-81.61 | steps=371 | track=6f9cc84d4a2228aa4b572a6f47bcc7ed
global_step=284592 | return=23.77 | steps=68 | track=7fdba23a648ae2c45c5888c58497e17b
global_step=284848 | return=-137.94 | steps=131 | track=c82e82d2f713262be73e8a62a24b88e1
global_step=284912 | return=-97.12 | steps=238 | track=37efec4d7dfe0035a73f8bf37f8793ac
global_step=284944 | return=-112.60 | steps=98 | track=9de4cda81b82ee8316337a21d00d41ff
global_step=285040 | return=-141.51 | steps=131 | track=aaa6480a4e85b498c6c971073d1216d6
global_step=285120 | return=-143.76 | steps=130 | track=f59b9cc9e5284063b2716caac7c1ad64
global_step=285264 | return=18.13 | steps=70 | track=c3d4de1c513a223d8d059f240cca7c01
global_step=285328 | return=-134.80 | steps=131 | track=c2b38a180ae29fc8f35abf2541d71451
global_step=285488 | return=-113.26 | steps=101 | track=3b35225bf9fbe0ce5f7dd3b2626f91b7
global_step=285520 | return=0.91 | steps=64 | track=6845e5165274a40c23bd75f5e832df2f
global_step=285728 | return=-34.36 | steps=153 | track=1e09ad5cf15ca7e92cf21ad199e0f888
global_step=285872 | return=-153.42 | steps=222 | track=aa8ed3946cd588f29fc0462ddaee866b
global_step=286208 | return=-172.61 | steps=131 | track=a3a8dab909393d51125548ddfa1e5d0f
global_step=286288 | return=-5.47 | steps=77 | track=b88f809b3a2bccdf64cb6649d0479dbd
global_step=286336 | return=4.90 | steps=50 | track=d1af2ee1352eac3140faba2f3f888fc1
global_step=286352 | return=-102.99 | steps=89 | track=2e4d6cef940cd5acc5a02538ea3f7352
global_step=286464 | return=-139.81 | steps=131 | track=692134a888675f74f31d759144d5299d
global_step=286464 | return=-139.90 | steps=131 | track=f5ea01c34c2ceb3454586986e6299644
global_step=286544 | return=-115.65 | steps=99 | track=1592c66aea3addd46a652beece194f22
global_step=286640 | return=-80.86 | steps=165 | track=c8aafeccd075cecefb27a1417613acc7
global_step=286704 | return=-144.28 | steps=131 | track=2a1a6c3e96732cf0c3f6a443a50796d8
global_step=286880 | return=-101.91 | steps=100 | track=3c7a259880585127755bfd18ec1567f1
global_step=286960 | return=5.12 | steps=67 | track=e8a922651467755f009202285dcca706
global_step=286960 | return=-146.10 | steps=131 | track=3c501ba55b1580552fab212865a5cfb3
global_step=287232 | return=-146.14 | steps=131 | track=980b54e9f392108c7dbbc6291f530608
global_step=287392 | return=-41.59 | steps=42 | track=07cc9ead892ffedfa33ad64e7ee9ea7c
global_step=287440 | return=6.70 | steps=67 | track=276289c513b109d31cfd05a9f89a665f
global_step=287440 | return=-145.36 | steps=131 | track=6b298e27b878108d28ef907f183864e4
global_step=287600 | return=-145.51 | steps=131 | track=c75839505b01431ee1a1cb977beb54fe
global_step=288256 | return=-60.37 | steps=157 | track=afdcca318c74daadab922e28e6b16d98
global_step=288304 | return=-146.58 | steps=130 | track=255f3f9e001f28a35b791fc710b3ab10
global_step=288368 | return=-107.94 | steps=129 | track=d9ad7113c3796bfc013e3c0f532f366d
global_step=288448 | return=-145.95 | steps=131 | track=ee10c873ecd538309ccf5b8163011276
global_step=288576 | return=-156.70 | steps=131 | track=7c17b0052f89da6f0f921c6bd0c4caa8
global_step=288592 | return=-36.56 | steps=61 | track=a72df977ab294a39832a0baafb7710bb
global_step=288656 | return=-141.70 | steps=131 | track=7960fdbf1ea01155204ae50add9743fe
global_step=288752 | return=-147.25 | steps=131 | track=fad02c8eb9eb63b66a9e172a6d0f82d4
global_step=288976 | return=-144.02 | steps=130 | track=f25eab3bcb89c72f1bd3a8e5c9566be3
global_step=289056 | return=-147.30 | steps=130 | track=52d2c471ef68925d598da8ec6ad52cba
global_step=289104 | return=-93.92 | steps=164 | track=2f3642ef2967ed2789abca53d706b493
global_step=289344 | return=-138.33 | steps=131 | track=6832aee9859f93c64cd179fd893e6a3b
global_step=289504 | return=-136.50 | steps=131 | track=56e5580663ddf94f286afe1221fca443
global_step=289536 | return=-105.43 | steps=130 | track=2c2879e0dbabb1b5cc27452398643517
global_step=289552 | return=-138.71 | steps=131 | track=4d3b0c14d403465dadcb99a266d1bf91
global_step=289664 | return=-53.49 | steps=168 | track=9bd938ce76a03e05cd225ff9defee243
global_step=289952 | return=-57.60 | steps=60 | track=51b177c7b0c75511789951bd31f5f851
global_step=290368 | return=-131.51 | steps=131 | track=63ade16bbb57cbd59a93cec93e06243e
global_step=290416 | return=-118.73 | steps=131 | track=79542ef7fda27c8928f1a103289b4ddd
global_step=290496 | return=-136.50 | steps=132 | track=969d7229d83dea8cb032ba32f7d2687d
global_step=290752 | return=25.96 | steps=74 | track=82fd8f779bb2c6a4611c99257b683164
global_step=290752 | return=-69.20 | steps=105 | track=869a6a814835f23ae9ab17e5ee98f40f
global_step=290768 | return=-137.69 | steps=131 | track=87c39bb08d0c92956d50b2e41d721c87
global_step=290848 | return=-144.57 | steps=130 | track=3ad655aaa3e472484d8a45b9aee633e9
global_step=290880 | return=-86.52 | steps=143 | track=b139b053a1e607d6ed92ad833957263d
global_step=291072 | return=-60.46 | steps=154 | track=0a73185eb3c6680b2ce8bf4575cdeb94
global_step=291200 | return=-139.95 | steps=130 | track=59ef3df09a7dcd3e7645f1cf9c226d20
global_step=291232 | return=-113.47 | steps=105 | track=076ed99009528e51baf7172cdc7bc576
global_step=291408 | return=-110.36 | steps=90 | track=52542ff90ae684173367a8de8deb94b9
global_step=291456 | return=-141.46 | steps=131 | track=f3eea97e588b7a03aa24b24a601cda1e
global_step=291472 | return=23.18 | steps=65 | track=566313cc6e2981da5051f068e87129a0
global_step=291488 | return=-29.49 | steps=189 | track=c918f5b5bd87c78e1865b1e9032095b3
global_step=291616 | return=-148.30 | steps=131 | track=1626482090b9684bf7efa485bd2cec6a
global_step=291872 | return=-4.93 | steps=61 | track=bf1e8ddc3e5efb7400e176333013c76e
global_step=292288 | return=-12.10 | steps=67 | track=9741586db7571c3744be24165fb840c4
global_step=292480 | return=-147.08 | steps=131 | track=1dfc52964d9ea0a1a8b95ef17fb15c3e
global_step=292528 | return=-114.54 | steps=110 | track=d0baf2983eb83ca81d4513f665e9e054
global_step=292560 | return=-12.92 | steps=68 | track=d0d25fe86368d6c55e9d360fc86477c6
global_step=292672 | return=-102.79 | steps=89 | track=44fae0129a7748e80797b1dc98ad043c
global_step=292672 | return=12.92 | steps=65 | track=d7c798b96f7049f3d11716bcf22c5dd1
global_step=292864 | return=-138.32 | steps=131 | track=d99ee77ebd5562575db848798bcbf053
global_step=292960 | return=-144.90 | steps=131 | track=695b5fefb86b4f6b1671bc50f7805d54
global_step=293120 | return=-124.80 | steps=163 | track=ed1f70bc1bdf8fa51f96d201363378a7
global_step=293184 | return=-137.57 | steps=131 | track=84f30090fbd3d119c360dd8a6b3de0f0
global_step=293504 | return=-139.43 | steps=130 | track=2ef7009769c33323c780ad10897dfcc4
global_step=293568 | return=-156.63 | steps=130 | track=5cf068f5f7c804f0a85b5542697f992f
global_step=293600 | return=-141.66 | steps=131 | track=1d2cf7bcb54262ae8473af148ae89e63
global_step=293760 | return=-5.72 | steps=67 | track=cc2280fe16dbc996ba62e6f805289291
global_step=293872 | return=-14.93 | steps=62 | track=a3be8cdebafcfe402fa4e00408bac5ca
global_step=294096 | return=-42.38 | steps=138 | track=0a0c795bcf6cef200cbbec8ef23de6e6
global_step=294128 | return=-165.43 | steps=278 | track=db1e243b2da155ac1e532153ae41fec0
global_step=294320 | return=-173.99 | steps=221 | track=92e4f5c750d5a0a0f9fb613e419e30c7
global_step=294400 | return=-146.51 | steps=131 | track=cff8191abced005abe8d4b731b4f110c
global_step=294560 | return=-31.43 | steps=61 | track=9890d14eb91b48c8d59cc5fd69422cb5
global_step=294592 | return=-65.79 | steps=128 | track=cbe1ef9a41adfd4ae0ec8fbf701ef56b
global_step=294592 | return=-140.02 | steps=131 | track=b20a1de34ab3d468a6f9af9ab708c1f5
global_step=294672 | return=-152.37 | steps=131 | track=be25606f32344e11e953ac7ce6a932e9
global_step=294784 | return=-149.79 | steps=131 | track=c14da1a8937e5ba1055c03a3e0ba9b52
global_step=294848 | return=-74.96 | steps=83 | track=ed02b45cb71a8ffb09af975fcc92731d
global_step=294912, SPS=57
global_step=295072 | return=-146.39 | steps=131 | track=89d907d8435e0c937716dd3d77d5dd60
global_step=295280 | return=-121.42 | steps=104 | track=bd558cd446f4e31e37b6c632d46541f4
global_step=295312 | return=-145.66 | steps=132 | track=9b072b52b633621e3cbd0379e784d1c2
global_step=295392 | return=-47.39 | steps=94 | track=1c973d38aad6080cae541fdcf625fd09
global_step=295728 | return=31.57 | steps=70 | track=65b51216730222e82f754987708c32d7
global_step=295856 | return=-144.16 | steps=130 | track=2b5533968e90a3dfde20cba4eedc8072
global_step=295888 | return=37.02 | steps=68 | track=51b229ce0f2396ef418276d10ad884b7
global_step=296208 | return=-152.97 | steps=131 | track=bb32b90f39f82b1891122e14607de8bc
global_step=296240 | return=-142.58 | steps=131 | track=3f592ddeda1497a4a806d6fe252c4bcb
global_step=296432 | return=-139.78 | steps=131 | track=a37fb1bed1be4f221b5cd1bbd3b6ea98
global_step=296512 | return=-127.08 | steps=131 | track=f111526082ccd843d49968da1de3925a
global_step=296640 | return=17.77 | steps=82 | track=1aa75c5f2b09fb8bd91586cbe3a2f67c
global_step=296656 | return=-122.68 | steps=130 | track=2061465a1f258146f5d1ec8d47d1a1a9
global_step=296704 | return=-142.90 | steps=131 | track=8ea04f1bf2791dbe2c51104acd65f39a
global_step=296768 | return=-19.40 | steps=92 | track=4e28d8ca1ec97455641f1fce3116c3f1
global_step=296848 | return=-103.64 | steps=135 | track=fe78c4d50ee608dc8ca98a22bf38bdf4
global_step=296944 | return=-155.46 | steps=130 | track=e5c1d374881b00dd5517a461805133f3
global_step=297184 | return=2.92 | steps=90 | track=0be3b8eb95b89d6c078c2ebc32fc0fb4
global_step=297232 | return=-18.52 | steps=134 | track=505e8eef967aeabd6aea0c9d5f18109c
global_step=297504 | return=-133.46 | steps=131 | track=607479f10927935ebf72f842bfec8aa9
global_step=297680 | return=-107.47 | steps=89 | track=49edc93b65bfbe230e854f81f6e64260
global_step=297952 | return=-137.71 | steps=130 | track=af6112f5cbc33d983f4cc3df7548f48a
global_step=297984 | return=-143.09 | steps=130 | track=9d3a0c3059f5b232dc79f801ac01504c
global_step=298176 | return=-63.70 | steps=94 | track=0fdd2bdb1e2ecf24c84bb58e91632056
global_step=298320 | return=-105.40 | steps=131 | track=d1c8867801a285768795affeb7418d9c
global_step=298480 | return=15.01 | steps=80 | track=7155aa188598578a9ca212d0eee86ab9
global_step=298544 | return=-150.10 | steps=131 | track=c34648cb8638bf78ba1b2d204b912d52
global_step=298624 | return=-148.74 | steps=131 | track=e57d8d5ed87bd38edf5d0009ea499761
global_step=298736 | return=-150.52 | steps=130 | track=6607703e32adb60456b68fd04e171321
global_step=298864 | return=-142.90 | steps=130 | track=9dfd9fa6a7d544c76b6091fb9b31ffe9
global_step=298896 | return=0.03 | steps=136 | track=089d01e867f6ef4a87e31b701b6dd385
global_step=299056 | return=-140.73 | steps=131 | track=0a4d81845e7479a39774bc48612bc7d0
global_step=299072 | return=-275.96 | steps=371 | track=06e61ff2c108fd3b16c249085bf26b94
global_step=299680 | return=0.51 | steps=65 | track=f90585757968d24abaf29c26e21db22c
global_step=300000 | return=-101.42 | steps=196 | track=1c6e0a1aaad782034d4e0f0614832f2e
global_step=300064 | return=-140.88 | steps=131 | track=89f2c32f380bae19d5870fa9ec3654dc
global_step=300064 | return=-118.91 | steps=159 | track=0fda8075f4843ffb9b4fb14c7c19e8d9
global_step=300096 | return=-139.25 | steps=131 | track=408b1facd64af617cad10bae4b3d5bee
global_step=300192 | return=-193.63 | steps=184 | track=46db1548c8c5758b100e128374e172ea
global_step=300512 | return=-81.97 | steps=89 | track=6cb191fee31dca81624dbdcc141f3809
global_step=300544 | return=-76.18 | steps=102 | track=2e9ba1417e36258d097d819e9628ee05
global_step=300576 | return=-151.66 | steps=130 | track=93266b202531de0d722a5426011ea807
global_step=300640 | return=-147.91 | steps=130 | track=a8e11c2678d7c1699c30c9a12de8c71e
global_step=300752 | return=-88.66 | steps=151 | track=9b04a1c39dcf8d08cc0313a3a3c8df57
global_step=300768 | return=-58.81 | steps=47 | track=3573b93780511a312a349971da53c52f
global_step=300848 | return=-144.21 | steps=131 | track=7371b16792ab6d22534ee9321b7aed6a
global_step=300928 | return=-89.59 | steps=202 | track=8338ba2b2bfc6925822598be0bb6b8fe
global_step=300976 | return=-153.68 | steps=131 | track=a5d0bdb79f2f608768d9228d4df503d6
global_step=301168 | return=-147.87 | steps=131 | track=6936222a0eff47ff0d7a908e5caf7df8
global_step=301216 | return=-40.11 | steps=63 | track=3236a0777bbd49763f5166843fe66528
global_step=301616 | return=21.31 | steps=68 | track=feced84a388a16c7ebb401cf3425fed2
global_step=301792 | return=-141.07 | steps=131 | track=dda8f8c70f7e8fbbd21dd858f0b60594
global_step=301856 | return=11.93 | steps=81 | track=3101377febd560e208344b8f7e301e8d
global_step=302160 | return=-133.03 | steps=130 | track=d181324f5783d00695e7185b73dea9aa
global_step=302400 | return=-211.81 | steps=263 | track=848b08308528f1fb86f8d5378cfb49b2
global_step=302416 | return=-104.66 | steps=89 | track=bd01c2ff1828b8c6cde79a0bdd42dc21
global_step=302560 | return=-114.09 | steps=101 | track=a0f213081dd3b1c8855960b2def659f2
global_step=302688 | return=-125.76 | steps=131 | track=645c49a0ef312fba3d44933df9484e0d
global_step=302688 | return=-139.63 | steps=161 | track=0add48a951ee859a4753caedde10c143
global_step=302704 | return=-127.64 | steps=164 | track=02fbcb0c8842100abfa70333c0db50db
global_step=302752 | return=-173.78 | steps=131 | track=991d5d02cdce42d13c5b3367ed226d72
global_step=302864 | return=-135.17 | steps=131 | track=d06f787fd33e6f7a43599ebf60b7a459
global_step=302944 | return=-140.98 | steps=130 | track=c040fdd8b2fff62e5f3eb33689e87ef3
global_step=302960 | return=-107.44 | steps=136 | track=0a763f7972fa3c7d88816c50c37ffe7d
global_step=303200 | return=-76.47 | steps=49 | track=412dc4b55ececbd7e1cfad5721dadb3b
global_step=303280 | return=-140.17 | steps=131 | track=e0e15c1647fa849e99ffa69cdad963d0
global_step=303328 | return=-141.01 | steps=131 | track=bb14e26744108f99ee09af6191e29daa
global_step=303584 | return=-16.67 | steps=63 | track=cf0e89f5f7d17aba6ff83b4ab363cdc8
global_step=303712 | return=-151.89 | steps=130 | track=4b6581e79378ba047d08735abfc8cec2
global_step=303792 | return=13.92 | steps=67 | track=2e6775f2544ea8465a152ae223916b48
global_step=303904 | return=-152.91 | steps=131 | track=e71bf191b6fba26ca597548ac04b13a4
global_step=303920 | return=-9.88 | steps=60 | track=dda7b17b8dba1126a4afa402d3fa86eb
global_step=303968 | return=-150.82 | steps=131 | track=535722c6ab97325540fba514e2ced499
global_step=304272 | return=-147.81 | steps=131 | track=78abbc10b73d82255654e9773d87d0f6
global_step=304528 | return=-140.18 | steps=131 | track=04d7d533b028928af40fcaaed919a466
global_step=304560 | return=-107.82 | steps=112 | track=053263a108559496486e608cc281d0c7
global_step=304784 | return=-140.32 | steps=130 | track=95772b84124f316e0d1eda53ec48ae96
global_step=304992 | return=-114.83 | steps=106 | track=4839415a270391172b4d477039531c88
global_step=305072 | return=-144.37 | steps=131 | track=ad33dddc804cd8610123b43df1003eba
global_step=305216 | return=-34.92 | steps=157 | track=847fd7c70bcf3aba053a796277f7789d
global_step=305296 | return=-152.99 | steps=130 | track=90811262ef856af83f9730ad19ff691f
global_step=305328 | return=15.62 | steps=65 | track=9d6810ddba83ffb685d8e37191efa3fd
global_step=305440 | return=-144.24 | steps=131 | track=250c6eff8cb2000ddbb533cd762174c6
global_step=305552 | return=-110.48 | steps=101 | track=2d138e4b13abad6f1d7bb0ce8e3641d6
global_step=305680 | return=-140.18 | steps=130 | track=c31a77e873b02af8a9d0849c3b955fe4
global_step=305824 | return=-123.68 | steps=131 | track=aa2cdbf8dccfbcc5cdd4c48e846eda00
global_step=305856 | return=29.43 | steps=66 | track=2c04d5518b5aeb17de18e792aae35c79
global_step=305904 | return=-145.77 | steps=131 | track=867e98b76df601a7c481f69a0f7b0ddb
global_step=306016 | return=-149.57 | steps=131 | track=f7276aeae0537872e0aac4a4c12f7f77
global_step=306080 | return=-72.55 | steps=53 | track=b628faea1c46ae6137ffa201096f0812
global_step=306560 | return=8.17 | steps=69 | track=4575c01245c0ded3408c6fb5c44e4f4a
global_step=306592 | return=-145.24 | steps=163 | track=46761c365e47f9c1d571167d64c7cb6c
global_step=306736 | return=-66.84 | steps=54 | track=67e7bb51255a5e721796c803be525f53
global_step=306784 | return=-143.72 | steps=244 | track=826dfc629e978069cbc12061ffd398de
global_step=306992 | return=164.92 | steps=124 | track=7531158e0a36ecb773accc87c2dd4260
global_step=307088 | return=-101.48 | steps=95 | track=d73783d7e2fed47e2526b38f691334c6
global_step=307088 | return=-89.50 | steps=159 | track=609b345eb4771b1c9db63cd148d13a6a
global_step=307184 | return=-147.65 | steps=131 | track=aae6b9606ea4ac442672a8b3c3f82714
global_step=307184 | return=2.14 | steps=84 | track=a3eab153fb0e6332d5880c2a5812a1ea
global_step=307408 | return=-144.81 | steps=131 | track=b230af3a0ae606b53c08dffe2e312e8b
global_step=307440 | return=-157.00 | steps=131 | track=05e6b097ae41c154d1a70bec13b84854
global_step=307600 | return=-16.84 | steps=62 | track=1a79c8c2cd58b177f17d216cf8b2475f
global_step=307744 | return=-106.63 | steps=103 | track=22e7f8ea579a8bbc506bfc89ba7ce2e3
global_step=307792 | return=-130.92 | steps=131 | track=d2e042be704b17a1ca02b9686ff81788
global_step=308016 | return=-136.87 | steps=131 | track=e31d30c5c57fe9189ad0f017d97810ca
global_step=308032 | return=-9.75 | steps=64 | track=645e7da7081e2de20e68630e075595c4
global_step=308240 | return=40.29 | steps=71 | track=6767ac7af43777b7197c98484aeeb9bb
global_step=308448 | return=-134.66 | steps=242 | track=4e5051c619d010d1b9e94c03a95b0524
global_step=308592 | return=-8.68 | steps=73 | track=a3db3a2d5c867df49eb0f084b4c64e7b
global_step=308672 | return=-136.33 | steps=131 | track=b205f5ba34deb270458e6b5d6b474b13
global_step=309216 | return=-104.72 | steps=154 | track=53a13962091696961dee328245ecee3a
global_step=309280 | return=-115.43 | steps=136 | track=fc2a89dda53c2feadefc3a81c02ba5a1
global_step=309296 | return=-152.31 | steps=131 | track=b0cd66bbdf73d3f57bc286d3d436d816
global_step=309296 | return=-143.29 | steps=131 | track=87d10ef39c7c42bba5ff481a995c0d03
global_step=309664 | return=14.99 | steps=66 | track=295420952cc80d71926fce24b2eae206
global_step=309728 | return=-166.43 | steps=132 | track=29b9f118a9ace25824e14df064f1c223
global_step=309856 | return=-139.96 | steps=131 | track=44326f85ba477d7b55b11d97466b9587
global_step=310128 | return=-143.30 | steps=131 | track=090fcaab67360bcca3c684e46fd45d42
global_step=310144 | return=-137.61 | steps=131 | track=a2d3e314e14143c05ad81649c6c03776
global_step=310336 | return=-145.88 | steps=130 | track=238fc23d3e90ebb857403e7d1bc7ac0c
global_step=310336 | return=5.90 | steps=65 | track=9e5c7add2dc37cdba3dce0fa834cec33
global_step=310400 | return=38.38 | steps=68 | track=9089c06f073e6794d46678b92f9f58e0
global_step=310400 | return=-145.41 | steps=225 | track=8ad712e42c8d6cb7d857f9409a09490b
global_step=310448 | return=14.11 | steps=276 | track=3a533d34875e2c69b5e6bc86c64d8981
global_step=310496 | return=-110.02 | steps=127 | track=3d173c10a78a84e8a097287e70609efb
global_step=310688 | return=-75.39 | steps=180 | track=3a1448fcb68f5d9093bd5c50eb2090ab
global_step=310784 | return=-137.13 | steps=131 | track=eb5b25c456a272615e474e2dde55c45f
global_step=311120 | return=-29.46 | steps=48 | track=bdab0ae4e0d77d919f9430217e6c7b6f
global_step=311200 | return=21.06 | steps=65 | track=e894b639db46a6866e5929f45466f649
global_step=311296, SPS=56
global_step=311312 | return=-145.75 | steps=130 | track=389007b0a3adea24bab8fcfca30e8ba8
global_step=311408 | return=-141.46 | steps=131 | track=9b92b9f2af203a3e941a292464a5f3b6
global_step=311488 | return=21.97 | steps=67 | track=ebffccd53996ea71a9f21954efe538fb
global_step=311776 | return=-134.60 | steps=131 | track=b044a37b33aaef89988ac7b16c8bd3f4
global_step=311808 | return=-73.73 | steps=87 | track=18779041d39e7f0b88089d0bb10e3307
global_step=311840 | return=-139.15 | steps=131 | track=e6a6024722a795a42f5dfd06eb5b094a
global_step=311888 | return=-101.20 | steps=89 | track=e1ced72dc075eb94df8590f128d38a26
global_step=311904 | return=-43.02 | steps=48 | track=9c45e23b74ced9626fcc740df7625b25
global_step=311952 | return=-144.28 | steps=130 | track=2642d284b5fca2100e82a821d7b450d7
global_step=312224 | return=-154.25 | steps=130 | track=c80d59a0e8a26042b2d48f51f7675b39
global_step=312576 | return=-142.68 | steps=129 | track=855b1287be554a3824c8d3d7ace455e5
global_step=312592 | return=32.39 | steps=68 | track=26e9cbb5d9b2ee9cdba1631dd48c7de3
global_step=312608 | return=-5.67 | steps=74 | track=f20f570d1a1303919ead164334bdfd26
global_step=312640 | return=-64.44 | steps=143 | track=92bc4c98600916333d917d1dd551b7ad
global_step=312800 | return=-146.11 | steps=131 | track=8068d739de03fcb740f290a9414799c6
global_step=312816 | return=-108.63 | steps=335 | track=64dfcbaf5e817175d45493b3a64999bc
global_step=312928 | return=-32.84 | steps=67 | track=339645537141c0f368ec7027054d59ae
global_step=313424 | return=-145.90 | steps=131 | track=ec483bad56d7a9eb6a30ee5f551b6c0f
global_step=313600 | return=-22.65 | steps=63 | track=15f1d2f2bed895ee895cba9f0222c825
global_step=313616 | return=5.01 | steps=63 | track=b554467e0c7a0d1120fa17abf9f40e3a
global_step=313696 | return=-51.50 | steps=155 | track=2d661c79931661ba70212050a03e862b
global_step=313904 | return=-141.20 | steps=130 | track=624a8d24289e63d0b4c9cfe989c0b4e0
global_step=313984 | return=-168.83 | steps=199 | track=4f6e281862075d82150a0306a97b5b65
global_step=314000 | return=-161.47 | steps=131 | track=ddc42656bb4c0d41deadadf644c7e65d
global_step=314016 | return=-137.69 | steps=131 | track=9c3f2d792604f63c0917a7573131d0dd
global_step=314064 | return=-138.33 | steps=131 | track=cc60c9501398abd9c6c5a2cb45c46874
global_step=314336 | return=-137.10 | steps=131 | track=18dd170cce886f963eb4da3a17068566
global_step=314624 | return=-112.86 | steps=125 | track=80bf6b4346ba3fa0ede88ef11cd271ee
global_step=314880 | return=32.45 | steps=90 | track=7d2741077bf4d39a29ded809f437808e
global_step=314912 | return=-136.84 | steps=131 | track=9e09a5c1116dcd0714966a0f4f24e463
global_step=314928 | return=-144.03 | steps=131 | track=8e9854ded930cad264e5501248ecf31b
global_step=314976 | return=9.15 | steps=66 | track=32c1b6bcd74afd14249674871b2bad16
global_step=315040 | return=-134.49 | steps=131 | track=5e2cc3967e10975e18e12094a46127c0
global_step=315088 | return=-146.59 | steps=206 | track=6b271ba397b0b86cbb8d51228f7e97ac
global_step=315104 | return=-46.56 | steps=87 | track=15565535662440e50ba9efc5ee2cc4c4
global_step=315120 | return=-95.77 | steps=65 | track=8930662ff21fe1e76c284803f3cbea37
global_step=315392 | return=-5.42 | steps=85 | track=c3b7d2034197e8c169dba7501ac509a1
global_step=315696 | return=-100.45 | steps=130 | track=80f45872d57e4be3ab4e393c48fb5461
global_step=315840 | return=13.58 | steps=56 | track=e34c2826fe845c4a5aa4fef705fba8b0
global_step=316016 | return=-0.30 | steps=64 | track=0a1b19c2dac1b336cdf723ac7e74c1f4
global_step=316080 | return=-137.58 | steps=130 | track=46c4f2142323c25790cc18fcbe7304d4
global_step=316112 | return=-49.22 | steps=155 | track=160f0c04f186e8f7bc2833f9e0aa1beb
global_step=316144 | return=-170.60 | steps=218 | track=64e70bc0f1bbf2941758144b1d46643c
global_step=316224 | return=-77.09 | steps=81 | track=3b759df73f10b2a0d1bde9239b34992e
global_step=316480 | return=-16.52 | steps=48 | track=374ca891bc4fcea46525febb0b790fe8
global_step=316688 | return=-94.58 | steps=146 | track=ed35abf4b4e6b0a97cfc16cba9ee2fcb
global_step=316752 | return=-134.23 | steps=132 | track=a5f0a30d4e866150f648cf3da5d3b11a
global_step=316992 | return=-140.02 | steps=131 | track=4de615edbc239f19337fde2b8bb92a46
global_step=317152 | return=-140.21 | steps=131 | track=88f457058b2100451a9593415340fde5
global_step=317216 | return=-148.61 | steps=131 | track=b46eaeb26c1de96905a053945ca06ed9
global_step=317232 | return=-140.03 | steps=131 | track=12c9ad1db6e230b16f5552f9cad85abd
global_step=317328 | return=-26.55 | steps=81 | track=2ce20c56aa213353ab81ad90ea2c7e97
global_step=317424 | return=-74.00 | steps=145 | track=adceb684211c6dc17badee525bfcbfd7
global_step=317504 | return=-140.43 | steps=131 | track=1ba29135cf19722c2cd80fafee1047e6
global_step=317584 | return=-108.60 | steps=89 | track=f1f10701cf1972559bf6acb00f01ea42
global_step=317936 | return=-149.59 | steps=130 | track=f841214c7cecdd7c1ea8fe88d39a91e6
global_step=318144 | return=-132.36 | steps=258 | track=2fd4dccdf4650d27a25574fdb7a22bc3
global_step=318224 | return=-69.53 | steps=61 | track=8531c6533888787c6e2e5726a11be005
global_step=318336 | return=-136.61 | steps=131 | track=fdd628df92d6a5db630a2c0ea847b168
global_step=318464 | return=-71.98 | steps=59 | track=d54b532140d627383d1b0f5f140b1abd
global_step=318784 | return=-146.08 | steps=130 | track=7c1dde74620a7d0c51642f9e327a0678
global_step=318864 | return=-138.56 | steps=131 | track=8d4f1ebdfc67e22a96109c02eb9a63cd
global_step=318880 | return=-81.90 | steps=149 | track=3815026a91bdb2540597854967eef798
global_step=319008 | return=-150.20 | steps=180 | track=2fdc919a874a94a8d552ca3532d01ed0
global_step=319248 | return=-146.27 | steps=130 | track=ce677187cf775ac0ff2109263f6b9d66
global_step=319296 | return=-27.83 | steps=71 | track=8fad52040ddcf438525a26ca645c1bc0
global_step=319344 | return=-17.34 | steps=109 | track=9d80d5575daa298073f7d8d9fcf8079b
global_step=319520 | return=-142.90 | steps=130 | track=d5ee8e2d3fbc3f5fdba326b2ab186fc5
global_step=319904 | return=-125.36 | steps=160 | track=d0024e9d23fad860fdeac6adfac8bb95
global_step=320048 | return=-142.33 | steps=131 | track=41ad65fd641ae6004ddac992f360931f
global_step=320336 | return=-141.51 | steps=131 | track=7fe4dd305afdcc47228f4720349eedf6
global_step=320448 | return=-147.53 | steps=131 | track=cc3231dc5a84e2b28429067406ddc18b
global_step=320448 | return=-103.00 | steps=89 | track=6c1e89c3d401a6c5a49880500d44f329
global_step=320528 | return=-176.09 | steps=206 | track=e8e03f41a982c37ac1e8009545c69871
global_step=320576 | return=-146.33 | steps=131 | track=523b0135ec9acbe5dd6bb02a469bfb93
global_step=320608 | return=-18.94 | steps=78 | track=71200244ec30b9c522173193e2d21d93
global_step=320896 | return=-143.48 | steps=131 | track=30bbfcb718cc0aba48814468a33123d1
global_step=320992 | return=-139.59 | steps=131 | track=d38c740476fcc910ee74bd5cfaf76d3e
global_step=321024 | return=95.60 | steps=251 | track=6362945ec144a4fa6d817b0f8d029e53
global_step=321264 | return=-17.78 | steps=125 | track=d3e5c96660a9622d3b9477417f8093df
global_step=321280 | return=-155.08 | steps=150 | track=f3cb2f800416fd16e1463995a052c42b
global_step=321280 | return=-51.03 | steps=46 | track=a62011a8f6b043f176853f5a7ea359c7
global_step=321408 | return=-14.72 | steps=332 | track=ffb765856be1bf2ef48e6f3bd935abb0
global_step=321408 | return=-142.37 | steps=131 | track=28b58121366492158157eeed84dbfc29
global_step=321456 | return=-12.57 | steps=62 | track=fab94f44c181bd30148fb5810e729aee
global_step=321584 | return=-81.38 | steps=60 | track=9a06059a93a3e625c2c9f07e6b757e7f
global_step=321632 | return=-131.48 | steps=131 | track=9cbd914ab31f00a8df9d8320243d947a
global_step=322016 | return=-147.81 | steps=131 | track=0cf9baf1dce4c3167cfa0bf1276652c9
global_step=322144 | return=-140.30 | steps=130 | track=fadd77dfcafd577c3a9756c6c3f98f29
global_step=322448 | return=-129.81 | steps=131 | track=2e057a2119b69cdba449e4fe95a70819
global_step=322560 | return=-146.33 | steps=131 | track=387813f4ec72f578c8a8105f83150499
global_step=322688 | return=-72.02 | steps=105 | track=91c857eb9ba9e780857c033bc766d370
global_step=323008 | return=-149.54 | steps=131 | track=33a3e81283f406ce21f96946b42efedc
global_step=323120 | return=-57.74 | steps=60 | track=246c69ec82d437de4f1161521f6d3125
global_step=323392 | return=-139.11 | steps=131 | track=80729ce4ecbbf1cdd65be302698e9aaf
global_step=323520 | return=-141.50 | steps=131 | track=dcac8a38b6ea03a1dbc40689cf0bb4cb
global_step=323520 | return=-74.38 | steps=66 | track=517e6f3d405ecdea5541a5cce8820411
global_step=323520 | return=-154.23 | steps=131 | track=7a969f4706a9720cca6010f354caff16
global_step=323568 | return=-144.07 | steps=131 | track=46b0079a1a2cb51dcd2baafd112d3521
global_step=323616 | return=33.37 | steps=65 | track=b29b1a4bf485a0397f2a6b8ad77b6f49
global_step=323744 | return=-113.46 | steps=131 | track=c5a06f89eefa6f727aee85baf30642b5
global_step=323808 | return=22.49 | steps=69 | track=4ed84f22686a50e33a68109dcd9dd158
global_step=323856 | return=-26.68 | steps=141 | track=6f73ad5cb535af8f9395cf793f62e5d1
global_step=323984 | return=-77.89 | steps=168 | track=2d33555828cbc85e1bfec3a7d02bb54f
global_step=324112 | return=-35.03 | steps=61 | track=592bee9fff4fe5a287060ed6833ef376
global_step=324128 | return=-140.26 | steps=131 | track=2e4b7ccc52daa57539315a64df6dc2b0
global_step=324256 | return=-67.68 | steps=45 | track=7bb50db2e8131df61a5642cb7ee330b3
global_step=324352 | return=-92.33 | steps=207 | track=35a8b7529db1ea199560eefcd42afcb1
global_step=324352 | return=-179.11 | steps=235 | track=084487644300a9bdfa60339ff29a21ff
global_step=324544 | return=-1.60 | steps=63 | track=b0bd5e9ac4bba8c0a392e99262de50ee
global_step=325056 | return=-74.44 | steps=92 | track=35a40108ede8d46ff9c883afa67cde1a
global_step=325200 | return=-111.62 | steps=90 | track=cc3ec00279b6d5bd365fd8a5159b2d3d
global_step=325328 | return=4.05 | steps=66 | track=e8241861451412c82726f0e690e86451
global_step=325504 | return=-131.63 | steps=131 | track=32449b56de6c9bca7764296feb06ed28
global_step=325616 | return=-155.95 | steps=130 | track=9cce160caebfd36a9b7cf4bc7818773f
global_step=325728 | return=-142.36 | steps=131 | track=d75ce0e324695394104a17600a8e7292
global_step=325920 | return=-140.24 | steps=131 | track=467139d681d31ee2f482bb55189546f0
global_step=325936 | return=-119.90 | steps=98 | track=9ec16287c105089786a89c6f875138b9
global_step=326096 | return=-125.10 | steps=131 | track=73f5c80f6eb5f893930d13fcc56f0756
global_step=326224 | return=-152.60 | steps=130 | track=a4b570ec184157ec2550be925366bc77
global_step=326256 | return=-168.02 | steps=149 | track=f9b4f7275e84654a8e35489aa69d2095
global_step=326304 | return=-80.29 | steps=314 | track=d760e2642651a7cf110f421b9fcdaafe
global_step=326464 | return=-137.60 | steps=131 | track=a529d931a63797659192740b73f76798
global_step=326656 | return=-0.06 | steps=64 | track=00702d29299d5313f4b86c548745d8be
global_step=326720 | return=-29.22 | steps=61 | track=278bf9fdee7f39d5b4467fa93d7913fc
global_step=326736 | return=-101.78 | steps=232 | track=d89b8990b5bdae74f1d756e584bf2e13
global_step=326976 | return=-62.50 | steps=151 | track=dae7f25bf0d0bda94bad6c6e00a1d4b1
global_step=327280 | return=-123.20 | steps=138 | track=b2d914bd5f7ab6922ea6cdc6d1159e67
global_step=327312 | return=-143.21 | steps=131 | track=ff4c8d5992a90d82bc8542a616171b20
global_step=327328 | return=-138.88 | steps=200 | track=9b7429a97732ff3d7060c98ef87c8a2e
global_step=327440 | return=-144.60 | steps=131 | track=4629063d3edaac063ea05acdde5c6a2a
global_step=327488 | return=-2.43 | steps=86 | track=7e9c6d9890601c228601790524caae40
global_step=327504 | return=6.16 | steps=64 | track=3bd38eb6dc5be27483c9f79a704e697d
global_step=327664 | return=-86.64 | steps=89 | track=89ff32b5a5f277dddf5cf5b0f5e0f81e
global_step=327680, SPS=56
global_step=327872 | return=-0.33 | steps=70 | track=48018edf06fd76b832321da27daf8f0f
global_step=327984 | return=-111.89 | steps=154 | track=f10e3dc265fa4641f92ecb9a151eb23b
global_step=328016 | return=-132.77 | steps=130 | track=b0da82b3514a931ab52be8b4fb64a315
global_step=328048 | return=-138.97 | steps=131 | track=963e118b75941416b89c228782fb5cab
global_step=328368 | return=-136.24 | steps=131 | track=c971b80178a8df067f928424a5f8502d
global_step=328400 | return=-45.76 | steps=59 | track=4bb3cd80147ead3553370a335c5d6c15
global_step=328416 | return=-2.73 | steps=68 | track=6e20e3a7ed7ba9e5816e30799abb158f
global_step=328416 | return=-144.83 | steps=131 | track=b857bcc0b7d2b72d75cc51ff5458a9f8
global_step=328704 | return=-71.26 | steps=44 | track=cb8adb8dec3ae34a7e179433786cf0fb
global_step=328720 | return=27.47 | steps=65 | track=ac97ef8bb8a56b7d21db4966c1775d1e
global_step=328752 | return=-118.98 | steps=130 | track=1f9e0f4054e49c3391a9d0f15a65efd6
global_step=329088 | return=-152.21 | steps=131 | track=7bd15e8b3dca1449bffc74387ab401ea
global_step=329232 | return=-36.29 | steps=75 | track=3ba749362f8d9cd7146928ca54ffa81b
global_step=329392 | return=-141.07 | steps=131 | track=c78a4d01f87041856f00cb7806e11ed3
global_step=329584 | return=-131.20 | steps=130 | track=453ac5ef0a9fb76a6b1a6ebfb7653b79
global_step=329616 | return=-143.30 | steps=131 | track=036acaf4f937f02e0a7cd8ccd3f68a9e
global_step=329824 | return=-60.89 | steps=193 | track=d4371ab132b427d7e79d7b7a9feaccd2
global_step=329968 | return=-156.47 | steps=130 | track=b6a995e9ca1abb0bb6c43836314b078f
global_step=330160 | return=-132.96 | steps=131 | track=ff4f78d73ab48037bdc0b97f78649e77
global_step=330256 | return=-33.57 | steps=63 | track=e89f42df3fb6d094357a3a0e4c887a59
global_step=330288 | return=-80.22 | steps=41 | track=6216f22f066b08f23dea90523d926bee
global_step=330480 | return=-151.90 | steps=131 | track=ebb17c0945dcdf8cad8a8a4f95197a98
global_step=330512 | return=-150.00 | steps=131 | track=6e3946d511ac1ebae24a33a5b456ba83
global_step=330528 | return=-140.80 | steps=131 | track=1881b48e2be274af789856211a77ad52
global_step=330800 | return=-157.18 | steps=130 | track=d63bf9fe0786e762c6b230c0fd8568b1
global_step=330816 | return=-148.08 | steps=130 | track=11676de5b2afcae37848b33e52a3a1a2
global_step=330848 | return=-140.57 | steps=130 | track=7c627957d73c2b8939697f63e004302b
global_step=330864 | return=-177.91 | steps=220 | track=d2e29db8571af0f30510d39f9076c145
global_step=331008 | return=-108.66 | steps=161 | track=cfb0923642832fc4d0c17867b5834b67
global_step=331120 | return=-119.58 | steps=107 | track=9e792b583f31dc216070c465dc4de608
global_step=331232 | return=-0.44 | steps=66 | track=fbd6de9e74c245e860abbdfb2ad856bd
global_step=331456 | return=15.36 | steps=72 | track=f2a5db5ffa181948965861b54e746322
global_step=331696 | return=-52.58 | steps=42 | track=06723e2e5c41d299e7a5a8e79af12b0a
global_step=331904 | return=-149.90 | steps=175 | track=2bcbfe9277fb1246bf02a320e29c2851
global_step=331936 | return=-151.98 | steps=131 | track=73be832493438194e5bdfc31f0c13b84
global_step=331952 | return=-148.47 | steps=147 | track=86b4d411bbfd3afcb1c898aa37194934
global_step=332064 | return=-149.89 | steps=130 | track=c3e82c366934e0c6b2ebd24ddf73502d
global_step=332096 | return=-31.57 | steps=77 | track=ee1c1a25170125775c668c8999820cbd
global_step=332368 | return=-139.11 | steps=131 | track=9889e8a835c27179a99059949c7741c9
global_step=332528 | return=-75.96 | steps=106 | track=887c59065a0156ffff85d1d842351697
global_step=332544 | return=-121.70 | steps=104 | track=69bba24c1fd437feb9881a5ca6106afc
global_step=332592 | return=-132.23 | steps=131 | track=a3603b90da1f71a8cb3165c0fd6b0f71
global_step=332608 | return=-144.88 | steps=130 | track=7c9901583d8ee15b7582c9f10d3076a4
global_step=332640 | return=-161.81 | steps=131 | track=e42bc5a32419f7243b472340bef620f9
global_step=332912 | return=-145.77 | steps=131 | track=099331c1b611950dd0bf692cfe98e33c
global_step=333184 | return=-4.66 | steps=67 | track=ac7dd0d25b9f8533a53302f0501cbd97
global_step=333216 | return=-143.97 | steps=130 | track=2f085f0637001d0fde74b24f54813520
global_step=333344 | return=-67.46 | steps=50 | track=555f1acfa17005ba77767d29f617cf43
global_step=333472 | return=-113.37 | steps=95 | track=ac835379f632fd9146f2fa54ddb22a47
global_step=333552 | return=-38.42 | steps=115 | track=f49d007b373f2e521ab069d6a6d10d85
global_step=333696 | return=-64.95 | steps=153 | track=94eea02837db136fb4ffdffb304e8de5
global_step=333808 | return=-64.23 | steps=146 | track=b169cf44756f653f8e1e42af9abf144d
global_step=333952 | return=10.72 | steps=64 | track=aa0521f2c468fd6e1345d1e2e0d2ecf4
global_step=334016 | return=-109.45 | steps=131 | track=aa84941aafa033123b0b3e3688b4edd5
global_step=334064 | return=-154.89 | steps=131 | track=990dd75ee2cbcb704ba007ddb89c70f7
global_step=334176 | return=-143.42 | steps=131 | track=944c4574c696c0e81ec285ba091315e8
global_step=334176 | return=-65.57 | steps=43 | track=34d3eb37277b20e4b0cf9259ebaa8588
global_step=334272 | return=3.60 | steps=67 | track=2728acd3a3ad1fc32726201fc4927c00
global_step=334464 | return=-147.97 | steps=130 | track=8195f9ac9e55f027a58027313130b830
global_step=334656 | return=-146.70 | steps=131 | track=36597e98abf19c16206d97e3236274c7
global_step=334784 | return=-103.61 | steps=89 | track=6ecd723c7163235cd9c65a8a7fbacabb
global_step=334848 | return=-91.80 | steps=140 | track=b3bcdbd9c0c5a49ed4f47f3209460021
global_step=334992 | return=-61.20 | steps=60 | track=3e3065b6bd37b6c66f32f11cbcfb904b
global_step=335264 | return=-83.52 | steps=106 | track=7763216e555b37e3774091cc5a099586
global_step=335312 | return=-132.50 | steps=130 | track=f8ed0521047e4d397536362ea5766fd6
global_step=335392 | return=-117.11 | steps=98 | track=96069a648f4ab0bf51f0808ac1b43137
global_step=335440 | return=-5.81 | steps=60 | track=058503ab3f96258f38c635473f616de8
global_step=335808 | return=-141.43 | steps=131 | track=aaf27d28a9e78e89c9f2086dce0bbfba
global_step=335808 | return=-110.80 | steps=101 | track=6dd29e1066f382633da8cd627f311c87
global_step=335936 | return=-100.09 | steps=205 | track=f3f6c4100a68dd7c13c6c734e3aa2c16
global_step=336160 | return=-159.35 | steps=130 | track=61d588a09b9b7aba3b298e11a4842f8a
global_step=336224 | return=2.25 | steps=141 | track=84ec1f19082e2e63c71832a65e9a08a8
global_step=336240 | return=-93.80 | steps=226 | track=e97a2d8f6fff18a46ecbbf3373b55088
global_step=336384 | return=-156.11 | steps=131 | track=19f36f883fcc7aa93771aff5dd419411
global_step=336528 | return=8.06 | steps=67 | track=ca7fe78388c2ce7703c5ca69eb036b6f
global_step=336800 | return=-31.48 | steps=61 | track=6babeaf3bba2c011f82fcb8ebd2bbf6d
global_step=336960 | return=-161.61 | steps=131 | track=6a88ff0f9cfc02a9a80d65967b225b86
global_step=337056 | return=-63.46 | steps=41 | track=6a2bc9bece055c881feeba96f224ee5d
global_step=337104 | return=-163.07 | steps=131 | track=3606a879a5cc464f74c4e19382c39685
global_step=337168 | return=-62.91 | steps=148 | track=991ae14ce99d504004c6ac9e12bba01a
global_step=337344 | return=-76.18 | steps=167 | track=b92c48d245938a0acf72400aae1132e8
global_step=337456 | return=-115.59 | steps=136 | track=8e45387edd56f07a0bf958c981d1e9b4
global_step=337488 | return=116.43 | steps=206 | track=ff146c15df20108c77addb2685db4d9d
global_step=337504 | return=-145.34 | steps=131 | track=ea29aff63a0e7e71101dc82634ffc295
global_step=337760 | return=-57.54 | steps=152 | track=c7a344ab0a26bf20ecfa73059eb9b030
global_step=337952 | return=-51.61 | steps=48 | track=991902430ddb05e630d149e91f78f2bd
global_step=338016 | return=-61.55 | steps=92 | track=28de3b906e244dfb85ef62727cc70abc
global_step=338048 | return=-145.13 | steps=131 | track=dbf762c5c456a47862ea930b56d7fdd4
global_step=338160 | return=16.39 | steps=65 | track=76c8225b28df24ceffa7d8012d28194d
global_step=338352 | return=-154.03 | steps=131 | track=c30143236f28d0fba0fdc8e50791d42d
global_step=338480 | return=-106.07 | steps=166 | track=0df450ec5c61cd3363069ae45b489803
global_step=338512 | return=-7.66 | steps=65 | track=065ab905dc5ffb19b5e604ea26ce4d2b
global_step=338704 | return=-62.29 | steps=154 | track=95b24729329b3bb280c2983c8726ff44
global_step=338912 | return=-44.94 | steps=131 | track=c4e1558a17500f960446e4fd583a82c1
global_step=339072 | return=-138.31 | steps=131 | track=4c85440eeab2cc0122a204a4cdc82ae1
global_step=339168 | return=-143.66 | steps=131 | track=863ebc05a70868d8fb07f1f468236985
global_step=339296 | return=8.55 | steps=70 | track=9183577733cb4fb0bcad15163c582870
global_step=339600 | return=-148.09 | steps=131 | track=5ee3e16a9ee9c7807f39d8f296bf62bc
global_step=339664 | return=-82.87 | steps=144 | track=071485bf4706757bab18424dfe58539f
global_step=339856 | return=-107.20 | steps=130 | track=123c8c802ed631853ded3e1c5764672d
global_step=339952 | return=-97.60 | steps=89 | track=8b385fa8b20b76a7cad790dfaff91f9a
global_step=339984 | return=15.18 | steps=66 | track=85d06ffe286626209d7d600b18ef8867
global_step=339984 | return=-119.46 | steps=101 | track=d49557e41fbd868e8c4ef996615ada1f
global_step=340064 | return=-135.90 | steps=131 | track=03aa9368a5ac8f6457afb9d9272857a1
global_step=340128 | return=-132.84 | steps=131 | track=b8f393d2173c6c5e38fe0d8355e9d8c1
global_step=340160 | return=-150.00 | steps=131 | track=6f3502cfaf2284000c56a7b5c5158c64
global_step=340192 | return=-41.43 | steps=69 | track=1c98f9ebf6e50736d6637ed82bb2a37a
global_step=340464 | return=14.34 | steps=72 | track=5dbed2325c8d9e2a6223fa288ecee5a0
global_step=340592 | return=-139.15 | steps=131 | track=bbb973a8b92b2d3f0d8f737cd340e9eb
global_step=340720 | return=-55.21 | steps=45 | track=fbb0f8ec230a30f202d1be35fc083925
global_step=340800 | return=-145.19 | steps=130 | track=0424e801f406b27b6d118491a0860a15
global_step=341152 | return=17.25 | steps=67 | track=1d97dce93b5bb3174925acd57fff632d
global_step=341344 | return=18.64 | steps=84 | track=9a91fe7ce7f6d349dacc0dc7bdbf2d46
global_step=341440 | return=-50.53 | steps=52 | track=166f2125dd9065133dec21d4990974ee
global_step=341776 | return=-139.50 | steps=131 | track=ee7649afdfff7f9c911e8f20e3c13388
global_step=341968 | return=-150.00 | steps=131 | track=5bf57019ab5f4a3bd2cf672f983eb2ba
global_step=342048 | return=-107.44 | steps=152 | track=fb6987b3498175c0265d58c5499645fe
global_step=342064 | return=-134.80 | steps=131 | track=33d8b7faaac2b8f92fdfd48157c19736
global_step=342112 | return=-97.51 | steps=119 | track=552b69303d29596956d29f285e20da12
global_step=342176 | return=-121.79 | steps=90 | track=c10b0dd262acc86e5cde8aeffb29a370
global_step=342240 | return=-138.03 | steps=131 | track=b496cebdff9f2aada6c14d7baa53c414
global_step=342256 | return=-145.88 | steps=130 | track=fef131a7c1e2a76f66fd9e19cf2f9e65
global_step=342288 | return=-26.89 | steps=70 | track=c88aa4a6efd52348e614fbdb73e1cffc
global_step=342368 | return=-268.31 | steps=303 | track=a40a61beca6024ce9f372f3f6832a5bc
global_step=342784 | return=-201.18 | steps=225 | track=06d5520ac69bfd03e30004bff7ead4d5
global_step=343088 | return=-117.97 | steps=102 | track=4f112a007f726a8df0432691f88185f7
global_step=343120 | return=-5.33 | steps=65 | track=4c61b6cab23f3687d24d5647697ac485
global_step=343248 | return=12.92 | steps=74 | track=1de4ead0997399f3c2d12e5bddf55e91
global_step=343632 | return=-88.50 | steps=142 | track=f9af3fc73bf66145f8bff846470c5b3f
global_step=343872 | return=-28.36 | steps=212 | track=05b61dca56e8250989cf7a0dd3e59588
global_step=343872 | return=-153.18 | steps=130 | track=1de89629a0736e25587a365add18f848
global_step=344064, SPS=55
global_step=344224 | return=-138.83 | steps=131 | track=585090a1279fe7840ebb68c0cf85ef50
global_step=344272 | return=-133.66 | steps=130 | track=eb22dcf42f4681968a8b56c222b23732
global_step=344352 | return=-151.70 | steps=131 | track=ed498f91813d76569f2e4269c1e7ffa6
global_step=344368 | return=-137.23 | steps=131 | track=512eed4ac4b6a7b48c102388aeb578e2
global_step=344480 | return=-146.07 | steps=131 | track=02e40cea7fbb668bbb2d916fccb01672
global_step=344624 | return=-59.27 | steps=46 | track=06d78f3f5fc778aca97c3800d398cb18
global_step=344640 | return=-334.30 | steps=529 | track=efa4ba212b0c63589903155c271c6dcd
global_step=344752 | return=-13.72 | steps=69 | track=7fbafdda9e14af692d5f7d9cebc38068
global_step=344880 | return=-142.35 | steps=130 | track=1f5583e7cd5a73c6675041372a710d73
global_step=344944 | return=-186.52 | steps=258 | track=bda2f45b9ebf6d4a8e39140fe6cc19cb
global_step=345040 | return=-55.76 | steps=72 | track=5552e805119a52df2705685bb67102b1
global_step=345152 | return=-33.92 | steps=198 | track=710e7d4031ce48d2c0eb971a9799955d
global_step=345200 | return=-145.10 | steps=131 | track=189ae33143df7530be05a82d5e8cfec5
global_step=345344 | return=-128.97 | steps=130 | track=032c550f2e9060d85497d22214fd36b6
global_step=345392 | return=-71.16 | steps=47 | track=df7968c7e84e13069b5d7c1a2047f178
global_step=345456 | return=-75.51 | steps=50 | track=7eba00ba39de1fee7e336f00913043a5
global_step=345568 | return=-3.89 | steps=80 | track=ca2f8b10a31038dec1bac2dba96f1253
global_step=345792 | return=-112.94 | steps=166 | track=011be58a3b988a683ca5a1887465b5bb
global_step=346048 | return=4.19 | steps=68 | track=890281e39d6a9651550c7eccdcc230be
global_step=346320 | return=-128.80 | steps=130 | track=54c572fd4b6d88886074171c27ac0142
global_step=346448 | return=-139.49 | steps=130 | track=c66c9a338343ffb49b6814ce9b13feea
global_step=346448 | return=-200.68 | steps=259 | track=c9537881e5f2d6405cdc877dae973aed
global_step=346592 | return=-140.27 | steps=131 | track=ca5273d2316a296e5135fd1c62a14813
global_step=346752 | return=-47.47 | steps=73 | track=7321805540b5ba2f349fb8750399288b
global_step=346992 | return=-125.09 | steps=99 | track=09839c94f5f46a5ed48c0a66bdb8d22a
global_step=347152 | return=-130.91 | steps=131 | track=ea526288aff58159f6d97e9738aceb38
global_step=347152 | return=-93.30 | steps=141 | track=8711bf00ce6416c8d802b4d55117dc32
global_step=347264 | return=-153.38 | steps=131 | track=048730ad44467f5bf55ac200d8fb79d5
global_step=347312 | return=-129.17 | steps=131 | track=a72a28892240c4f5e112c2c609eed8e2
global_step=347456 | return=-157.80 | steps=131 | track=746fef775e51340a027d5dc364f7d006
global_step=347568 | return=-139.59 | steps=131 | track=211a36fcf1282e4f859d7018e43d9bb6
global_step=347664 | return=-23.76 | steps=41 | track=53d6c8530be5eea5ce34d5baad0db9d7
global_step=348144 | return=-166.22 | steps=130 | track=661e1fb47a629c282882c9b9a4424530
global_step=348256 | return=-7.41 | steps=68 | track=f6c71cf4e9145c508fb0f105fddf7403
global_step=348352 | return=20.48 | steps=67 | track=5a0b5b38d73abd098008320e241faeb0
global_step=348432 | return=-134.17 | steps=131 | track=3dda658bf9b44d900674dc78f3e7aa4f
global_step=348464 | return=-199.89 | steps=231 | track=b9c55d5efb7eb38198b5e6a4acf77adf
global_step=348560 | return=-140.61 | steps=131 | track=33c3c2055781a421b100bb7ade483cc3
global_step=348560 | return=-127.47 | steps=131 | track=eb6ad04d4aa8ca2daeea3ece73c03335
global_step=348704 | return=-140.45 | steps=131 | track=b112cb3fdb24615facba613738abf2b1
global_step=348848 | return=-144.74 | steps=130 | track=4144c30d8282a86188c82c08fc5283a8
global_step=348960 | return=-239.71 | steps=286 | track=838863846978e9646792c2b3ccaab34e
global_step=348992 | return=-156.04 | steps=199 | track=2da56ff1371faf6469505d96215041d4
global_step=349200 | return=-56.51 | steps=45 | track=832001e0d64272ad2f3ba9af351c666f
global_step=349344 | return=-100.41 | steps=110 | track=ca38b88ed90afb482e9f3d39e3f0d325
global_step=349360 | return=-120.79 | steps=137 | track=102d24fa68d3d7eabea4469e96b87b2d
global_step=349424 | return=-145.95 | steps=131 | track=5c791a242e3324e64da80bad854a3d46
global_step=349568 | return=-138.11 | steps=131 | track=c593abd5428e99bbb931b9cff36e7e6c
global_step=349632 | return=-27.26 | steps=66 | track=83addc0686ee6827337e2f6303a6adfd
global_step=349776 | return=-138.71 | steps=131 | track=6bb5818fb00c7653a3ec6799b402fbb6
global_step=349920 | return=-115.60 | steps=110 | track=acf18d891d81324337b908d754572483
global_step=350464 | return=-145.18 | steps=131 | track=110a62c27dadf3300683bae5f8c3600b
global_step=350544 | return=-140.73 | steps=131 | track=4b7432bfd4a015e7f62cf5c25c1e9066
global_step=350960 | return=-109.40 | steps=109 | track=41f7eff48c1ab413cc12420c3c18227b
global_step=350976 | return=-136.39 | steps=132 | track=5c477a5c47efea8250596d95997a5eee
global_step=351040 | return=-74.54 | steps=145 | track=1596fb97f9d2c28a60ff7aae8bee5e0d
global_step=351104 | return=-146.83 | steps=131 | track=1ff727944893cae348e03262e18554ce
global_step=351312 | return=-78.70 | steps=146 | track=5d2e401e8a9c14db594f7418496d2117
global_step=351376 | return=-164.73 | steps=194 | track=3fb22943a26e3ee43d21e87a227bd407
global_step=351424 | return=-107.42 | steps=124 | track=3b2dc9dda6aedda8a914ac8ce306ea4d
global_step=351456 | return=-135.65 | steps=130 | track=a9db2f21aa1e79dc066ca0066c81f8f8
global_step=351456 | return=-136.86 | steps=131 | track=25660e9b9b536eef82303266daf07194
global_step=351680 | return=-131.23 | steps=131 | track=1e29c5321e7e35e12300cd265ed0e7bf
global_step=351744 | return=-147.24 | steps=131 | track=d4dab207f6f920aaa0e014408aa7c4eb
global_step=351824 | return=-52.79 | steps=203 | track=c18c1d608d424861e78f44db1b5a100c
global_step=352032 | return=-153.86 | steps=131 | track=26a84d4d8fb84920c6e7deff5f033794
global_step=352240 | return=-110.64 | steps=105 | track=0c96739034543bb35105b89fc7ddcc24
global_step=352464 | return=2.19 | steps=62 | track=b374b8c51619154293d971928b71e405
global_step=352576 | return=-83.58 | steps=174 | track=9bca0c0b851f125f9c88aff007aa3921
global_step=352576 | return=-49.08 | steps=55 | track=d302eb1fe2f136fb976d3272d3b236fd
global_step=352896 | return=-115.49 | steps=151 | track=407f5235944b56c7c7232dca6ac96bb8
global_step=353024 | return=-130.29 | steps=106 | track=8c3a0b87255f94786d8c5efd82ee7c88
global_step=353088 | return=-151.99 | steps=131 | track=aac77d2f425ae362de6753bbe14ffc65
global_step=353360 | return=-88.00 | steps=144 | track=009097ad57cf13d03590ec07ebed2d4d
global_step=353488 | return=-148.20 | steps=131 | track=206578de38c992e094cc400fba48cc92
global_step=353536 | return=-138.93 | steps=131 | track=154d28ad4cfd0807522a68689c4119bf
global_step=353552 | return=-141.46 | steps=130 | track=7d7e271ac1e7f7237f5390e780a62b17
global_step=353568 | return=-26.46 | steps=61 | track=f4836b8bc6ee82de772691058f6a4dd4
global_step=353568 | return=25.08 | steps=68 | track=53f955f967286b2d300fbe92d1502fa5
global_step=353792 | return=-157.04 | steps=176 | track=435a47a5d4dd654690279da679bfdb4b
global_step=353840 | return=-168.53 | steps=130 | track=f273700a024db2418bbcff7f3d1714a1
global_step=353920 | return=-148.62 | steps=130 | track=c737b3101890c365111735b78f3d9e63
global_step=354144 | return=-169.51 | steps=131 | track=9e71d478e3601300d4339b8adcaeaeef
global_step=354320 | return=-147.75 | steps=200 | track=fe7a5f37ca596a237a17f533b5e2b640
global_step=354512 | return=-27.84 | steps=141 | track=31e1a77b10975e1b6c0d420f199ab3f0
global_step=354688 | return=-20.23 | steps=69 | track=9d468c2202cc6766799439b9f4a328ca
global_step=354960 | return=-107.41 | steps=148 | track=17b17cbd1fabcc031a500e744c0b5129
global_step=354992 | return=-146.90 | steps=130 | track=86b232e9558155c3d4e8b243446ef7c6
global_step=355136 | return=-135.65 | steps=131 | track=8c031977002ea196fb77998921b336ab
global_step=355472 | return=-139.59 | steps=131 | track=cd2c11375d50390021e17b75b807d527
global_step=355488 | return=-55.71 | steps=149 | track=571c54145508a037b251b1d5c4ca1e76
global_step=355648 | return=-145.10 | steps=131 | track=425d72a379d022da0d4e668b08cdb627
global_step=355664 | return=-144.49 | steps=131 | track=bfa5a180f39931044795fab6c921bb72
global_step=355680 | return=-135.41 | steps=131 | track=31c3ed81c3ff1054757543512b1629ca
global_step=355680 | return=24.16 | steps=84 | track=f155edc90d7fcd8b8d64645078b201bb
global_step=355904 | return=-126.60 | steps=131 | track=9e370a9ae8fd14b6c58c99c38427b9d0
global_step=355952 | return=-131.76 | steps=131 | track=63cea35df4378d3edbe29fb32b017b25
global_step=356256 | return=-142.15 | steps=131 | track=9fc8eb023344627d77fe364877cb9edc
global_step=356368 | return=-34.66 | steps=152 | track=b7153b8c9577f4ffa2803591d5167bbd
global_step=356464 | return=-18.86 | steps=49 | track=013dfb43e4ade5cfa1a533b8e26e6c6b
global_step=356528 | return=9.56 | steps=64 | track=a38e6e09f5f737929a60724e1113d996
global_step=356640 | return=-47.11 | steps=59 | track=366be8bb4ff117d55210669f2b23cd99
global_step=357104 | return=-142.31 | steps=131 | track=012b80e082832d49db2002407ade371d
global_step=357232 | return=-16.88 | steps=158 | track=a5a826e24ebb691cf201093ab6233ab6
global_step=357248 | return=-59.87 | steps=44 | track=80e3986f09e18463d62bdf30d1304f7d
global_step=357296 | return=-84.74 | steps=145 | track=b351d69c312a6f30466e2d1752b55a67
global_step=357440 | return=-104.79 | steps=246 | track=f857e465887c2f375cb1cd02d9d7f824
global_step=357584 | return=-139.73 | steps=131 | track=70cbaa1dc6b6e06312205cf42dc0cb49
global_step=357696 | return=-134.91 | steps=198 | track=70ff33aa0447986eb5598fef1b5e68ba
global_step=357728 | return=-129.06 | steps=129 | track=2e2ad9f1779c842841688d1a777b0810
global_step=357776 | return=-140.91 | steps=130 | track=fd6059f3ff994f330e68e8a5d31b802a
global_step=358048 | return=-133.66 | steps=130 | track=7df45217efaa53e18469ff6b76b7a214
global_step=358224 | return=-87.89 | steps=144 | track=651c2f8e469d0e90eb8930b69e96f6dc
global_step=358320 | return=0.41 | steps=54 | track=c393cc61b6293684353416c7c2e2ad32
global_step=358368 | return=-134.92 | steps=131 | track=96776f6a50183cbdea97651e086ef7c5
global_step=358448 | return=-64.63 | steps=41 | track=b0230da72b4b75d9ff18ec056d889032
global_step=358480 | return=-147.25 | steps=131 | track=9c134fee3dd147ff82226af314ac693c
global_step=358576 | return=-132.62 | steps=131 | track=fd7ad3fc7383baa63a2e88df71b1b809
global_step=358624 | return=-117.64 | steps=217 | track=d6a35d18fb109904c31735c102f6d4b7
global_step=358672 | return=6.40 | steps=67 | track=c22e3675de9dd384622abaf41ebe195b
global_step=358752 | return=-138.80 | steps=131 | track=5986dc09346c7b5085645bd94dc5a616
global_step=359216 | return=-133.63 | steps=131 | track=0515d8012af8264938ed267213b09b1c
global_step=359360 | return=-142.55 | steps=131 | track=3edc17e5a00bcc27baf8de776e49d239
global_step=359408 | return=-145.77 | steps=131 | track=2383e19e730780172097fe7685d791c4
global_step=359472 | return=-93.37 | steps=139 | track=a2ca85fe7a23f86420ec51a9ba3f45cc
global_step=359536 | return=-0.63 | steps=65 | track=70077364e64871ad66a0b4dfbee25c9a
global_step=359632 | return=-123.38 | steps=98 | track=23967d35861bff25b750b8701a9e3074
global_step=359664 | return=-65.83 | steps=80 | track=cf3fce1e8c5ceeccc735d3c1a875d649
global_step=359744 | return=24.46 | steps=66 | track=8c062dcd5647b2f774ced08450d5cfc7
global_step=359808 | return=-147.53 | steps=131 | track=b9a99dea2b178176c0c143fe9629f44c
global_step=359840 | return=-22.31 | steps=86 | track=9fa64ae67aaa80dcda21d329ab1508eb
global_step=360160 | return=-122.43 | steps=151 | track=1ebde702e339aae403e9bda4f352b980
global_step=360336 | return=-136.10 | steps=131 | track=7ed0fe4b358285c532c1c968914ed0e8
global_step=360432 | return=-147.87 | steps=131 | track=35de7039ebdbe3a2068c5eccf616cbb9
global_step=360448, SPS=55
global_step=360672 | return=-153.82 | steps=130 | track=4f9a80f3beaf15d7cee6384080c78501
global_step=360960 | return=-86.08 | steps=145 | track=d337acb43c5c09e0b39104ee8a438210
global_step=361072 | return=-101.46 | steps=89 | track=c4453b019b3603648fda31e76dbc4592
global_step=361424 | return=14.41 | steps=67 | track=aa8e78c691f109caa3133c8304af82e5
global_step=361472 | return=-146.40 | steps=140 | track=d54d7b181badf47f436ebf89e57d51ac
global_step=361584 | return=-141.29 | steps=131 | track=d1f0aae2e4a3b767eff1db34de520912
global_step=361776 | return=-156.39 | steps=131 | track=f8a9e5bf8859c1c417f3ae8361ce1037
global_step=361856 | return=-136.19 | steps=131 | track=dc65d3fa191fdfc90ee2200ec239c78b
global_step=361888 | return=-114.18 | steps=107 | track=b90a0929d8846e7550170af0cbee4e63
global_step=361920 | return=-141.70 | steps=131 | track=0006f95eda9ce1596c90429888e6ca06
global_step=361952 | return=-143.49 | steps=131 | track=dc84f920d544c12373ffa388858c19ee
global_step=362352 | return=-182.20 | steps=175 | track=28053ba92742e31ed4c75cbde834b8bb
global_step=362528 | return=-153.68 | steps=130 | track=0d7e329bb60a4a2f6719cebeb9bf76e0
global_step=362656 | return=14.81 | steps=66 | track=9b21fb2904a284762a4c17756c94b788
global_step=362656 | return=40.37 | steps=243 | track=d8091d2688d336c208a11a1b7d99acdc
global_step=362768 | return=-64.12 | steps=80 | track=05807d3fb093c097a11bcea3b8eff6e2
global_step=362784 | return=-138.73 | steps=131 | track=36f8d2b70efb2fe50bca124f7be34564
global_step=362800 | return=-17.95 | steps=63 | track=3e9fb9ea30fc9d8508d44ce9271cab33
global_step=362960 | return=-119.84 | steps=221 | track=fe2fae3089fa7e35dca4ccd34988e7c2
global_step=363008 | return=-10.29 | steps=69 | track=308c413df07359e4e9a7c141c97d89f3
global_step=363536 | return=-140.61 | steps=131 | track=e8af3a01eae0293d5c3ae9a9ce091e0b
global_step=363680 | return=-45.89 | steps=162 | track=5fcb60b2f0f2fd72c1006dce004cf157
global_step=363760 | return=36.13 | steps=68 | track=5a00fb8b78e2e842e5d03a8a079bacbe
global_step=363968 | return=-146.10 | steps=131 | track=faf0a43fd04548b24c6796fb4ea912b1
global_step=363984 | return=-198.49 | steps=288 | track=060c9332e1cb05e4288e603fb3b8df4d
global_step=364064 | return=-130.00 | steps=131 | track=aa59a33cb1ade9de98cd76f087479e87
global_step=364320 | return=-162.83 | steps=209 | track=19f127b183bf645dc6672e72dc13c84c
global_step=364432 | return=-52.02 | steps=41 | track=ec1e5c18ce4bbd6224d3574ecaf8ef11
global_step=364480 | return=-13.11 | steps=49 | track=06a1670467fe80ddb3a74bcc21ebdca3
global_step=364624 | return=-98.78 | steps=141 | track=c081114984f42f843bfff519efe2d0e5
global_step=364640 | return=-139.96 | steps=131 | track=3a44858fb5fa2830c94436d20ac83b4e
global_step=364768 | return=-149.91 | steps=131 | track=8c9dded145d04965851ea07e22f43c3b
global_step=364896 | return=-144.88 | steps=130 | track=9752df295537c307014491b41a1401a6
global_step=364896 | return=-135.33 | steps=131 | track=f320ba1dabf9629cc86d172187608b8e
global_step=365040 | return=-13.07 | steps=65 | track=b43b88678a3cd1a51d10971a70488d54
global_step=365120 | return=-143.13 | steps=131 | track=965606192f0210b3bac77c7b9a800be4
global_step=365296 | return=-87.36 | steps=145 | track=456bf53edfe4e416db89449dfee748f1
global_step=365744 | return=2.84 | steps=52 | track=cb90328ee34c53d0b657de832a58aff9
global_step=365920 | return=-78.11 | steps=148 | track=e3674e4f21791f4b33028f22640c7882
global_step=365952 | return=-11.86 | steps=40 | track=c492551661a3169bc4ec86c33821cb6b
global_step=366032 | return=-103.48 | steps=203 | track=a2596997f95fffc092c510daf4b7f867
global_step=366064 | return=-140.32 | steps=130 | track=82cbbdeb7cf0cdff6cdf0eaf36475764
global_step=366160 | return=-141.13 | steps=130 | track=2fd270792e26203311d6bf2cacf49eb3
global_step=366224 | return=-122.47 | steps=99 | track=4ecb0be833e13a47113ee99653254bf6
global_step=366272 | return=-258.21 | steps=271 | track=ada8b6da65d064964d8cfb46bc570379
global_step=366416 | return=45.79 | steps=102 | track=1b07203158b5449b3feebb7050c878a0
global_step=366432 | return=-137.29 | steps=131 | track=46fc3b955619f4a13638f108b4315525
global_step=366544 | return=-133.71 | steps=131 | track=d8d185146298f6f7ffd4923f0037751a
global_step=366592 | return=-134.80 | steps=131 | track=754b1cdc0956d5a2cfafed28a3998f40
global_step=366752 | return=-140.63 | steps=131 | track=8cefcd39699b5d7b413023f3e716dc1b
global_step=367008 | return=-138.54 | steps=131 | track=6834cd06fd50cbfdbb036ab8fc640910
global_step=367104 | return=26.64 | steps=66 | track=ef8a611cb79a608b8352c2311eec0a43
global_step=367152 | return=-137.13 | steps=131 | track=04346fba6122387e64f260049a80fbbf
global_step=367232 | return=-148.46 | steps=131 | track=78b47c90f0e23c17313802339cd99ec1
global_step=367408 | return=-67.34 | steps=60 | track=4b87377d6469bb067d26b2094e3046e5
global_step=367648 | return=-121.70 | steps=107 | track=de6f8326fa3b9e51125909db511f89ae
global_step=367856 | return=-139.76 | steps=131 | track=8647633efa160ae785dc04b947f6ca9d
global_step=367984 | return=-70.67 | steps=46 | track=3ac0b8710d615760d57b4b087794213d
global_step=368064 | return=-142.51 | steps=131 | track=a87e42bd70a3aa479f7e43795218c9d2
global_step=368160 | return=-142.90 | steps=130 | track=84c99288b36edc510fcd19c0c84c2b3f
global_step=368192 | return=1.52 | steps=64 | track=4adb119a7f0d06bf8c282102b751bb10
global_step=368240 | return=-104.78 | steps=129 | track=c144b12c859199c0e2d2e1ba9f8d0dbb
global_step=368528 | return=-156.53 | steps=131 | track=037f238ccaec34be44f18421ed4dcd29
global_step=368576 | return=20.85 | steps=72 | track=ae35d1742e265996585e75f220acc45e
global_step=368640 | return=-89.30 | steps=150 | track=089800b0f19c7ee8682ba0553887fff7
global_step=368704 | return=-158.00 | steps=131 | track=e96395cf6ad6106b651b3e8a40e0b68f
global_step=368864 | return=-99.31 | steps=161 | track=0a22710891080887b0f33ee53fa7f5a5
global_step=368864 | return=-137.03 | steps=131 | track=336b14630086284940c02a68830748e4
global_step=368976 | return=-9.49 | steps=61 | track=42ec23bb18d2a46e19c0ecd0c6f41af7
global_step=369120 | return=-128.53 | steps=131 | track=4d98369ff9020e203e67868b48976e47
global_step=369232 | return=-138.59 | steps=132 | track=f1ff8e1cc80c9cfd2563a85318180f06
global_step=369360 | return=9.25 | steps=69 | track=c301eb6cd8cf648365a20dae981c08ca
global_step=369504 | return=-107.94 | steps=184 | track=159fa81614f6a3536d8d51624fa1debb
global_step=369600 | return=-106.10 | steps=89 | track=8ce947723f3f38ffbc1ac31ce141ab88
global_step=369632 | return=-95.90 | steps=89 | track=fc2692a340321796ba54decf4aaa97a8
global_step=369792 | return=18.35 | steps=67 | track=3ef00799c82c38246277318ca5393421
global_step=369968 | return=-107.50 | steps=89 | track=b9991d1365f4378c16fc08ffccc192f8
global_step=369968 | return=-21.17 | steps=118 | track=d025194e57eeab1ccb658e4307760e3a
global_step=370016 | return=-128.42 | steps=147 | track=e72ffe90ce1bae7f93aa67e8154c4e31
global_step=370016 | return=-65.82 | steps=48 | track=198ddd59ad51ceb792e9b94af5541d44
global_step=370080 | return=-84.10 | steps=89 | track=2bf9f76bc55abd15e91d032622eabf37
global_step=370128 | return=-70.73 | steps=47 | track=2d22311169e9502c41ec802ca1c9a7fe
global_step=370304 | return=-99.61 | steps=89 | track=a23b975f8591be7838ed2227fb7d55c0
global_step=370320 | return=-93.35 | steps=108 | track=9ce97a4169a10dea67d6bc6a48fdf881
global_step=370768 | return=14.58 | steps=70 | track=35e4d7a7e0631aacabedb9dead47e8be
global_step=370976 | return=-135.33 | steps=131 | track=1ec7ae1afd7d4d17d4c3110110c9e962
global_step=371104 | return=-152.18 | steps=132 | track=457d666fc5f5597cc9dd1aa59d498969
global_step=371168 | return=17.27 | steps=74 | track=2f3f9c5e77271b25d1051f525e10f36a
global_step=371200 | return=-115.17 | steps=105 | track=5c365bff226359fb5797b5b84e09f6ce
global_step=371232 | return=-134.60 | steps=131 | track=e5561abba4469605123844a30d6efea5
global_step=371488 | return=-115.69 | steps=226 | track=4ee349a5a8e0fd04faa5747c7fe51b6c
global_step=371520 | return=-95.88 | steps=107 | track=5bd52c2cf14d91f27378ee77d69dc160
global_step=371712 | return=-128.90 | steps=131 | track=b013a8d46491b3c4e754ade1ab626fe3
global_step=372080 | return=-143.85 | steps=131 | track=af3c081bcc03d72eefc18158332f660c
global_step=372096 | return=-6.07 | steps=61 | track=bee7d30791046af5fb5e2a26dbaa031a
global_step=372112 | return=-114.26 | steps=130 | track=20fc947dc12e2aa356efa6ee2d62d463
global_step=372144 | return=-148.20 | steps=132 | track=9cd50d7444cad9116a6dcb3934435041
global_step=372208 | return=-107.89 | steps=89 | track=9c144a36d2b254b0d4fe502b23d3c250
global_step=372240 | return=-155.39 | steps=131 | track=520ab39c047abf88e11dd6c2d4e87619
global_step=372256 | return=33.31 | steps=67 | track=12551c710850b4dade665fed396a0071
global_step=372416 | return=-143.97 | steps=130 | track=a198d70991a3cbe5e7696cb5c1163dba
global_step=372944 | return=-138.57 | steps=122 | track=940ff7bf242cbb4e02b1c48cc803b763
global_step=373024 | return=-62.61 | steps=47 | track=237724f45fd1dba3bd85ae1c9df87e3a
global_step=373248 | return=-91.48 | steps=72 | track=40bd228c3a9327c3b19416defb5b4d98
global_step=373296 | return=17.91 | steps=65 | track=e724e312bbf6f17d2b668e6436804cc9
global_step=373312 | return=-56.25 | steps=55 | track=c25b05043d1bbe84b4f421eeb3246867
global_step=373328 | return=-155.29 | steps=130 | track=d7885a5bb10bfc82af803313fc483422
global_step=373600 | return=-146.30 | steps=131 | track=7317b003907df2344eb83379d9a7b755
global_step=373632 | return=-146.31 | steps=131 | track=9822c328655a956509274ddd1a038f94
global_step=373776 | return=-44.57 | steps=160 | track=a9ec58160bd89eb5243fc0057ba6dad1
global_step=373824 | return=-144.90 | steps=131 | track=5fb46a9bced24d548f5e2aa45c5dad0c
global_step=373904 | return=-194.31 | steps=224 | track=a1e42ae212ab74b6f552598d3a40e2bb
global_step=373968 | return=-79.60 | steps=44 | track=6ff5c6a0d8350fbfee558593bc94a2fd
global_step=374208 | return=-140.41 | steps=131 | track=0c26de31065cfc1c989fdef7bf148cb0
global_step=374224 | return=-148.39 | steps=131 | track=89cb39cb893eb6f7244a85e6d06b8c20
global_step=374256 | return=-157.14 | steps=131 | track=3580b17a45ab09543cae0e0fbaa0af6c
global_step=374320 | return=-135.40 | steps=131 | track=47d2627a98cc29bc5a5d91dcba0479ab
global_step=374624 | return=16.47 | steps=63 | track=606c0e1b3d01130a88aa1ecd687232a6
global_step=374656 | return=-49.82 | steps=46 | track=36836de25dddc35b7da94491b4f0277f
global_step=374960 | return=-92.68 | steps=103 | track=ee9b58f55b0d1cc218b6405e8289032e
global_step=375056 | return=-140.41 | steps=131 | track=83519bc87cc355998c92c76543a466fc
global_step=375120 | return=-137.22 | steps=130 | track=7348615e4ee4e6e19630a011b4f298d4
global_step=375424 | return=-144.60 | steps=131 | track=6dc5b19516117a7d1e65521b2eb7ff64
global_step=375424 | return=65.09 | steps=111 | track=35cf800b70a8a1decc6d178d8f3fff42
global_step=375440 | return=-143.16 | steps=131 | track=a93b4085419356454e80874a9c08ed0e
global_step=375872 | return=-7.02 | steps=46 | track=a8d831a4c326eaf4059e17575778bca3
global_step=375888 | return=-151.40 | steps=131 | track=8fd2d29679c3c9bdad0caa63e1da11c2
global_step=376064 | return=-9.57 | steps=112 | track=d48c0ae9542fd146eadd2256af698637
global_step=376128 | return=-138.00 | steps=377 | track=e2a7764851d5d88bab859ab9b9e69a93
global_step=376224 | return=-111.95 | steps=99 | track=53ce031a4607ac3dabf04abc9c26cdfa
global_step=376320 | return=-148.01 | steps=131 | track=abb542fabc3e6a88b67fab7fe3ecdae2
global_step=376368 | return=-59.51 | steps=58 | track=323da96f8e7cf27fb1da578a03fee7fd
global_step=376416 | return=-108.23 | steps=152 | track=814691f9e069bd715fd6375a59de0e7c
global_step=376704 | return=-119.46 | steps=148 | track=fa1a839a82013c0891a39c5377d3fc41
global_step=376832, SPS=55
global_step=377008 | return=-90.68 | steps=146 | track=1c674e79d971d5b199f68bd5ba93916a
global_step=377056 | return=-143.18 | steps=130 | track=85c9c57698edd4a8cc5d66f2ca5adfaa
global_step=377168 | return=-156.81 | steps=131 | track=f48f55a0433982aab70cd7087bd1f168
global_step=377200 | return=-58.18 | steps=185 | track=31a8de505b41ae0958add2318fbed32f
global_step=377424 | return=-52.10 | steps=68 | track=f7a447ae48cd5d6cd0e46231de6248c0
global_step=377536 | return=-138.56 | steps=131 | track=a0b1de807c29baf252c1ccce8015fc42
global_step=377536 | return=-140.98 | steps=130 | track=e5f8cea08de901ac5f25984fd0597eac
global_step=377680 | return=-112.09 | steps=90 | track=bc20049d46f41c75ab20bc57d63d7493
global_step=377760 | return=8.67 | steps=65 | track=96cd4b112de3103d37c7cacb7278d940
global_step=377888 | return=-42.82 | steps=94 | track=08e270dfc0627270dc5125939f66a31f
global_step=377984 | return=-129.50 | steps=131 | track=c483cf84cdf3ece3be7ec1d800699212
global_step=378000 | return=-153.40 | steps=131 | track=8c5736c1fb157a1e8529f0860a6b0029
global_step=378016 | return=-28.70 | steps=52 | track=6304d7c6ac0569648acac58bed105c1d
global_step=378240 | return=-160.40 | steps=131 | track=18aab4c24f5ddd756abafe4a090c58a2
global_step=378448 | return=-30.78 | steps=63 | track=46e69d67fa3151cf5e62fb0ec5d9f535
global_step=378496 | return=-213.93 | steps=291 | track=e63f6906aa1e4791988de3ef533f0b9b
global_step=378528 | return=-148.91 | steps=131 | track=c29f2112790183d8b0bfec83dba88bba
global_step=378816 | return=-108.30 | steps=109 | track=645ffa656a9177e6a03c107143b0b8bf
global_step=378944 | return=8.67 | steps=65 | track=60de92a8645a6071b9660d1dd68db2db
global_step=378976 | return=77.58 | steps=181 | track=355283928a7abe505d5c4ef8bc268c12
global_step=379088 | return=-146.97 | steps=129 | track=8f196d9f0a78f7e09b0e3da6913bafde
global_step=379312 | return=-143.43 | steps=131 | track=f468d0339881de5142dbec4102ca27c0
global_step=379600 | return=26.56 | steps=68 | track=29f5a2a96c586e8770611a47d7f5d5ce
global_step=379616 | return=-113.03 | steps=129 | track=f94f621d7396a6b27d7c9cd65e0aaf7a
global_step=379776 | return=-144.49 | steps=130 | track=6434da8babc6fe881e467e86cf665391
global_step=379872 | return=-75.11 | steps=145 | track=6bd3996c05d95e9e617847bc538be547
global_step=379872 | return=-158.59 | steps=131 | track=38ffea8f26ddae27f727fb7c90006cc9
global_step=379936 | return=-11.48 | steps=61 | track=adbc8b0348e23d173ab2092e13142133
global_step=380080 | return=-145.00 | steps=130 | track=667ae7a30891938d01c121cc12bceb65
global_step=380112 | return=-132.34 | steps=131 | track=fb4cf234b61504e98a5aba96f24eef53
global_step=380112 | return=-101.48 | steps=130 | track=8d43950e21716d61433b8b3537f5faff
global_step=380352 | return=-126.13 | steps=131 | track=0f84aff178ee9aac478a47997c831a3c
global_step=380640 | return=-146.98 | steps=131 | track=e6b3dbde49951280925c16e83fb6289e
global_step=380912 | return=-138.48 | steps=130 | track=5b6677c7d01771815d70c201be661847
global_step=380976 | return=-0.80 | steps=55 | track=3fa8db79efbbbc52b7e0875edbef9322
global_step=381088 | return=-152.14 | steps=131 | track=a2b379168ec605e5cec335815cf5c103
global_step=381200 | return=-138.20 | steps=131 | track=8d31ad9b468e3e60439b04d948396b77
global_step=381472 | return=-71.13 | steps=95 | track=972da574770bfe3850237ae44354a65b
global_step=381584 | return=-87.26 | steps=195 | track=d629bbf4a9c4800e34471c5d4fa5d8c6
global_step=381632 | return=-16.70 | steps=61 | track=fae7d9c26c613caed931fd12c0742a6c
global_step=381648 | return=-65.35 | steps=41 | track=2f31558510273b144d2a32bab94714df
global_step=381712 | return=-132.93 | steps=131 | track=317ccec871ce7f9a9abc27b84275a38e
global_step=381728 | return=-138.56 | steps=131 | track=b7094f83a17f561563dc8bbb96477049
global_step=381888 | return=-142.67 | steps=131 | track=2b1899cfcbd5a254bcd875f38922bbb1
global_step=381984 | return=-141.94 | steps=131 | track=1fdf5eb6c85774538200d8e9e8d7a9ac
global_step=381984 | return=-146.61 | steps=131 | track=0ba1e42279dd3fed74117bacb342a8e0
global_step=382240 | return=-131.90 | steps=132 | track=794cceb36d14fdcba0fb5d3888cf840e
global_step=382464 | return=-136.10 | steps=131 | track=68642f11070cc3db25c47cd568542ae7
global_step=382528 | return=-169.67 | steps=200 | track=32326996c6a02f0ef2b5e381b5f2f4dd
global_step=382640 | return=-22.20 | steps=61 | track=5442373a5c48721a0b2b758aa0d8d4ec
global_step=382656 | return=-4.39 | steps=66 | track=bc8756202c06d4955992d54ef19ef0d9
global_step=382960 | return=-117.32 | steps=109 | track=3bc5dc1a98cbff8bb2a1d8202077c542
global_step=383040 | return=-15.97 | steps=65 | track=3ab7980a9f317d03419cda93186b4501
global_step=383200 | return=-106.15 | steps=131 | track=78adf4d77cb214181a7905621ea5e82c
global_step=383376 | return=-88.32 | steps=153 | track=22c2c9329fb5311aca59e4326c0c53e2
global_step=383392 | return=-9.67 | steps=87 | track=2ecff12aeb3ae7460959cc0a82bca53e
global_step=383584 | return=-135.97 | steps=131 | track=79b285257d98266be2a83fb34926c32b
global_step=383632 | return=-197.06 | steps=219 | track=da6a0e7f4171deb0b09665da5b482433
global_step=383744 | return=-150.87 | steps=131 | track=06005ed0d47db24b1af470bc4dcf8f20
global_step=383824 | return=-143.29 | steps=131 | track=e38a437825aa7891adea6d87b5b6e9be
global_step=383840 | return=24.69 | steps=81 | track=14088390c2f28c9b175f4bd50b34efd2
global_step=383840 | return=-129.81 | steps=131 | track=2c7510bdd41285fed217d7daf6b9752f
global_step=384000 | return=-111.59 | steps=131 | track=f4b3effdc82a76122bbc7ba00a559e83
global_step=384288 | return=7.16 | steps=67 | track=e406780b2d9dc45c748766b75e26721a
global_step=384352 | return=-138.11 | steps=131 | track=c7e38f6d5bee990d24efc8d1356edeb1
global_step=384416 | return=-32.08 | steps=63 | track=c3585053b57318236a0893f4e31f6ee0
global_step=384576 | return=-110.93 | steps=131 | track=c47bbeb081bdf646712341785526df21
global_step=384624 | return=8.34 | steps=64 | track=7dfc84b1057c2c78c22ceed877a493f5
global_step=384672 | return=-79.99 | steps=57 | track=1cb5fe47ddf5e4c515e4bb7c550705df
global_step=384752 | return=-106.93 | steps=131 | track=adc57c5eb0e2461e56136297d3a48d63
global_step=384768 | return=-146.12 | steps=131 | track=f063b782b922ec4d7243ceb53b552d7e
global_step=384864 | return=13.33 | steps=63 | track=53effc126ed278d3a3d6649307108d14
global_step=385056 | return=-147.62 | steps=130 | track=809dbf6e6e5b173e19654a003275c769
global_step=385152 | return=-135.78 | steps=131 | track=f19cb1dc9ab542638cc2309427f23646
global_step=385328 | return=-33.12 | steps=60 | track=ef164239c21582465d5e621603ce3125
global_step=385360 | return=22.15 | steps=66 | track=b19b8a74a5a160c8633077c0b3682545
global_step=385488 | return=-149.12 | steps=131 | track=eb3924b63380a1b59556ee37361d7fab
global_step=385744 | return=-20.50 | steps=61 | track=fbe0224505d6d404644620aa5663ced7
global_step=385744 | return=-133.89 | steps=131 | track=b2a4fd21e70c8aca4dae81b380dcee37
global_step=385808 | return=-28.82 | steps=40 | track=5843bc43b68a08884420331fd1e9df25
global_step=385856 | return=-35.02 | steps=61 | track=03ca672a39a6241a91aab71e0fbef710
global_step=385936 | return=-142.36 | steps=131 | track=6db0c4c0944e75815b3e3bdebc4ad3a0
global_step=385952 | return=-134.05 | steps=131 | track=413b5dbd1817e947b1d4a36aab590147
global_step=386112 | return=-151.99 | steps=131 | track=f6a16efbc975008af0941a473f23ff71
global_step=386432 | return=8.40 | steps=66 | track=02833d3c8b34730427263ac4e5ff9b0f
global_step=386528 | return=-144.90 | steps=131 | track=19dc652da525fa4fffe16b6c362bfc17
global_step=386688 | return=-137.33 | steps=131 | track=af8ba81c8c3ff21cc2e63d914249cea4
global_step=386736 | return=-59.14 | steps=48 | track=d461d0c071a3f784d52ad0ebe7ed02cf
global_step=386736 | return=-142.67 | steps=131 | track=30a4727e3272cb936ad7bb12c390931d
global_step=386768 | return=37.71 | steps=63 | track=5c41af83a2b77dadcab899bb6e3d46ca
global_step=386768 | return=-148.97 | steps=130 | track=cf8cc92f175ae99d32f5f46eeb2ca230
global_step=386880 | return=-133.63 | steps=131 | track=6d116c452476fd6022b46169a4dd602e
global_step=387168 | return=-142.37 | steps=131 | track=3c37e2a611a7e95867e8f990b2e5cf3c
global_step=387168 | return=-22.15 | steps=45 | track=b56f395040ef00c5760f18e69ec7b30e
global_step=387760 | return=32.74 | steps=63 | track=e48f3ca5bc8b203ee0a921118ff3fcbe
global_step=387760 | return=-29.06 | steps=63 | track=00f02d3fec03e2684087a2aed090a8ef
global_step=387792 | return=-88.50 | steps=143 | track=e1812212f57963511abfc16cdef6211e
global_step=387824 | return=7.66 | steps=65 | track=13254458f224268ff76f9ac0c6e635b6
global_step=387856 | return=-138.71 | steps=131 | track=b6a01d6ad09bb9ee65cbbf290d671f30
global_step=387888 | return=-126.22 | steps=110 | track=eaacff2692b67d6398cc2c6516577c26
global_step=387968 | return=-150.17 | steps=131 | track=4001c47b14f1b1e6737b15714478373c
global_step=388048 | return=-149.00 | steps=131 | track=a61c3192ddbd867cba40e73cede8c2b5
global_step=388144 | return=-144.83 | steps=145 | track=e25ef77b0915bdb319252508003adfe1
global_step=388496 | return=-84.15 | steps=107 | track=2c3c572f924dc8eafa99a48587be8b97
global_step=388640 | return=-144.07 | steps=131 | track=4d40a30bfc86643db7453a4ff7b8faaa
global_step=388688 | return=-82.00 | steps=57 | track=0474e3a9cc50587448ad3405c4545c4a
global_step=388800 | return=-141.96 | steps=131 | track=477d2e13135191e1ef3596e17198fef7
global_step=388944 | return=-67.72 | steps=55 | track=dbdeaa152c9ad0d842ccaeceaf0b9950
global_step=388992 | return=-152.11 | steps=131 | track=c945fbcfbc846aa923f0aeca53a532a1
global_step=389280 | return=-124.91 | steps=131 | track=423074917e244226db6b79aeae6b033d
global_step=389296 | return=-129.17 | steps=132 | track=a48bc8ae04570c01702ed94664708573
global_step=389504 | return=-64.85 | steps=50 | track=a670d6f42204405318637834f0bcb228
global_step=389856 | return=-151.20 | steps=130 | track=22b500a448e6de032cf17fd31115b705
global_step=389904 | return=-112.70 | steps=131 | track=642c6abd3565fc856092fc4290b36f97
global_step=389920 | return=-137.71 | steps=130 | track=c5079d676cbd6942957e22e9594836b1
global_step=389952 | return=-140.10 | steps=130 | track=a0fc74df802241e1ed250b78405015ec
global_step=389984 | return=-159.68 | steps=130 | track=97b244fa26357a2951160adef74633fd
global_step=390048 | return=-94.03 | steps=129 | track=a7688798a87fde888a0a178886667128
global_step=390256 | return=-139.27 | steps=131 | track=434713140a89271f5db304f4b7810a60
global_step=390608 | return=23.81 | steps=68 | track=f4bbbdf632723a4503f69701706137b7
global_step=390608 | return=-13.38 | steps=329 | track=34165390c96f0196b42e70a39689fe4e
global_step=390736 | return=-153.24 | steps=130 | track=1d2970fe98d3f44928efa282316d9e82
global_step=390736 | return=-34.08 | steps=51 | track=119ea912cc1f11aaa06759b9be1288cc
global_step=390912 | return=-151.01 | steps=131 | track=a1a217a200ca3ebd55a7750a05ba769c
global_step=390912 | return=-1.22 | steps=65 | track=339a02e0e0d9585e783dced0187833ae
global_step=390944 | return=-48.69 | steps=152 | track=502093f49ddb35121b8167f11cd1419f
global_step=390992 | return=-24.32 | steps=64 | track=0420df812d2cd7e0a3e12c1f7aaa4168
global_step=391040 | return=-149.69 | steps=130 | track=4f03dc09ed6e9e2bc304517b913d80a2
global_step=391104 | return=-133.88 | steps=131 | track=4f049e3dbf2b1ba3ba904467391fce15
global_step=391392 | return=-123.36 | steps=131 | track=fc677869e47bac4ce2868688414b4766
global_step=391408 | return=-157.41 | steps=131 | track=1df9452982c6c76c874c1ab41865c9ec
global_step=391488 | return=-69.90 | steps=46 | track=49f0a74ae834d518b6119cdc98642be0
global_step=391488 | return=-47.87 | steps=46 | track=e9e622215823b5284ad7f32f830c7fb0
global_step=391648 | return=-10.71 | steps=64 | track=06f44244480c2d80bf28a82a74016cce
global_step=391680 | return=-32.97 | steps=45 | track=ccec65a3223c00f6a91f574acf820bf9
global_step=391680 | return=26.52 | steps=66 | track=0408245139a10cc3e40ba6b7ea093bdb
global_step=392032 | return=-145.85 | steps=131 | track=5d490d92ccd449bc4d4fa3e111789d1f
global_step=392096 | return=-137.41 | steps=131 | track=5b99e6031edd006b134299b14ad3212c
global_step=392144 | return=30.63 | steps=68 | track=8dc606a44d068228ed3149354c1b1c11
global_step=392160 | return=-129.71 | steps=131 | track=ecc625fab05ff92d7ae48787c366221b
global_step=392448 | return=-105.65 | steps=136 | track=49659ae5e03d9ac33846678225e3f2ee
global_step=392864 | return=-39.88 | steps=44 | track=4adb9f6838e083fa51e2e4c87d13d494
global_step=392944 | return=5.31 | steps=80 | track=22700b8452f7b0fad147ffd7539ac557
global_step=393024 | return=-136.38 | steps=131 | track=69d458c229693f01ae93278a8b167749
global_step=393024 | return=-149.31 | steps=131 | track=e0b3eafb5a4551cd3e31d010aa34b461
global_step=393024 | return=6.68 | steps=83 | track=21507698d9cbdda3aff78008f0e87a09
global_step=393104 | return=-126.67 | steps=131 | track=6c8c50a836e79b1f27b83f47bf13905b
global_step=393216 | return=-148.39 | steps=131 | track=4bea1e4cc993d70214d6fab408e290f6
global_step=393216, SPS=55
global_step=393504 | return=-147.30 | steps=131 | track=90ad66c8d7e437640b4c9b4fb377715c
global_step=393552 | return=29.43 | steps=68 | track=0a39aee9855024f71cfdc6516dd59761
global_step=393600 | return=-141.20 | steps=131 | track=27bbc4c13748d23b263affe1741cc61e
global_step=393600 | return=-131.61 | steps=131 | track=7a2e7c341a0828639b644a4693ebc7ad
global_step=393632 | return=-121.69 | steps=95 | track=22b0f18acb9f87787f2a7d338e80bf2f
global_step=393744 | return=-128.58 | steps=145 | track=663e9072f6dfd0f5988a7600ae45ea2a
global_step=393792 | return=-119.39 | steps=101 | track=d3973eef190f11aeb3de8502d18661ca
global_step=394048 | return=-76.09 | steps=147 | track=2986434fb4ac22b6f0403b2df1ec713d
global_step=394272 | return=-79.44 | steps=139 | track=381a849906eeb198a42dfc6d5dcf628d
global_step=394688 | return=-19.94 | steps=73 | track=e97bf2801298acab991e16ca99524dad
global_step=394816 | return=12.89 | steps=66 | track=cbfa1c54ada79940cc82bc8417630784
global_step=394832 | return=4.75 | steps=64 | track=1d12b84b65019db48a1bd2340b7576fe
global_step=394976 | return=-143.40 | steps=131 | track=bd7d38181aaccd48214e3eb76b4aac3a
global_step=395056 | return=-138.56 | steps=131 | track=01432f6a4374eb4afe6f76ce3f741eba
global_step=395136 | return=-148.03 | steps=131 | track=5fc75a315e0d46b4d6fbb5a128e91f43
global_step=395136 | return=-144.64 | steps=131 | track=3c5aa71a9f24ececce6bdb10085761a9
global_step=395216 | return=-139.90 | steps=131 | track=a330a4919a6e2f6cd2dfa797e8ba1ab4
global_step=395328 | return=-140.26 | steps=131 | track=772c9a552522f9d1c14d8d2777bb373f
global_step=395664 | return=-132.62 | steps=131 | track=bc5e0ddbc9b760544957a1ec4577dcd6
global_step=395680 | return=-147.13 | steps=129 | track=5dac600d69018d52c98a21af3f10f463
global_step=395712 | return=-140.18 | steps=131 | track=6495fdac2bfaf3d953ac9e3b76e273b8
global_step=395744 | return=-149.82 | steps=131 | track=c1d68879c5f1dc1fe5ab57b6798dbf56
global_step=396144 | return=21.47 | steps=67 | track=144e470c8d7dabf7767646a6ade647d7
global_step=396144 | return=-103.85 | steps=130 | track=abb7bfb39935fcd12cdb2a45b3e104fc
global_step=396160 | return=-48.26 | steps=195 | track=16a959a1e17a0b592aa807890f0a6822
global_step=396368 | return=-154.73 | steps=130 | track=cb6018434843e9722646c71603a1fa9d
global_step=396704 | return=21.98 | steps=64 | track=92cb22484f2287e8d64cf52119e215b7
global_step=396720 | return=-12.24 | steps=60 | track=873e4cd94d8abe7f0693eb0edd8308d6
global_step=396800 | return=-136.19 | steps=131 | track=567a9809cc99c4678b3d8446456b66c1
global_step=396928 | return=-149.45 | steps=131 | track=af2c79f5edd1968e2c6ef2ab6fa16e4a
global_step=396944 | return=-144.28 | steps=131 | track=117a00110210ad405c6319ced4324f12
global_step=397072 | return=-140.54 | steps=130 | track=a5391e5e39afaedb3415da11c1176f66
global_step=397200 | return=-135.12 | steps=116 | track=de88210af3b4f17117336127d16685a9
global_step=397248 | return=-140.61 | steps=131 | track=ce02478576324a3f1be25c027bb03874
global_step=397248 | return=-134.40 | steps=131 | track=f86ce2ef8996eea73f9b2ce17aab2f20
global_step=397824 | return=-144.46 | steps=131 | track=b88fab63d756bf5dbe052f6357844a2d
global_step=398016 | return=-115.62 | steps=145 | track=ade4931163d9782f2c7c21f78ee7dab0
global_step=398240 | return=-99.20 | steps=89 | track=5a83be8c69c3249be2bb821ed0c8f262
global_step=398256 | return=-142.55 | steps=131 | track=314052bd6dda4f769d80b3526625fc27
global_step=398256 | return=-156.90 | steps=131 | track=08003eeed861b96076bda36a4903034f
global_step=398272 | return=-142.55 | steps=131 | track=6e71288162881b6f3c655784a23319ee
global_step=398416 | return=-105.57 | steps=199 | track=472c659094db914be5564d26b6fafa32
global_step=398480 | return=-144.03 | steps=131 | track=41611746dacdab1acad05d41bd222a9a
global_step=398816 | return=-109.06 | steps=100 | track=ab335f1d7378a9799799eec2a8ddc356
global_step=398816 | return=-117.69 | steps=131 | track=edbbfc65d33fb90e4785e0c50fb77ff0
global_step=398960 | return=-131.98 | steps=139 | track=680c8d596e284f611aceaa9aa1057fc8
global_step=399024 | return=-37.16 | steps=62 | track=f35a999859bbd9d95165a642954d34bb
global_step=399040 | return=-150.10 | steps=130 | track=6acc59b416aec124e6ea93d636a31e5a
global_step=399184 | return=-137.33 | steps=131 | track=d26f1598058daecd5982bd3e039c8d36
global_step=399264 | return=-5.71 | steps=52 | track=a9f4f1a566f0e14b093bcb257e30487d
global_step=399360 | return=-131.48 | steps=131 | track=1872d61e335a5f9217cc75b5f96c78af
global_step=399360 | return=31.59 | steps=68 | track=03d20aa91e1e84fed8e85f1bf52cd4f5
global_step=399632 | return=-23.26 | steps=85 | track=8343e75481dc0ae5fdb6e9694c06d483
global_step=399648 | return=-71.14 | steps=149 | track=b0cef2b54ce2a85808c236765bffdae5
global_step=399936 | return=-138.56 | steps=131 | track=f61fe6956511aba45bf707e4177b8ce5
global_step=400432 | return=-35.39 | steps=72 | track=d115e35ff609c6e08e56977eb3e683d9
global_step=400592 | return=-139.03 | steps=131 | track=6e96ac860519c069dca9474ba8a877e5
global_step=400816 | return=-32.29 | steps=72 | track=957b00e6a7ec793c88e8dd95fae6cd37
global_step=400864 | return=-66.97 | steps=161 | track=b8a8f2fd2453e4ace211e2ad52504c8f
global_step=400912 | return=-110.19 | steps=96 | track=2f2fce845bafebeedcd600065c4b7ee1
global_step=400928 | return=-135.43 | steps=131 | track=773da68279a8a6360e5011ff3ce435d6
global_step=400928 | return=-158.78 | steps=131 | track=ebc8b109c9d4d1df02770c4d26521192
global_step=401056 | return=-132.12 | steps=130 | track=38ee4e618a201af8dcd6d2249e2631a0
global_step=401296 | return=-132.30 | steps=131 | track=af28e712221704b2ab42db427f4b68a7
global_step=401328 | return=-99.43 | steps=143 | track=f5a7819ba95f9cfb31369092a45de2ca
global_step=401632 | return=15.00 | steps=293 | track=9dc0374352aecde0b9b36193e19db4e2
global_step=401744 | return=-138.00 | steps=131 | track=bf48d10c781917ba7fd0f7023f06a760
global_step=401872 | return=18.29 | steps=65 | track=436a6e9c884b7b600db775806563a471
global_step=402032 | return=-89.27 | steps=130 | track=3e2eb8bba18acc5e53c382118c75639b
global_step=402544 | return=-141.07 | steps=131 | track=308e88d162633a72edd22b03866136b2
global_step=402688 | return=-128.99 | steps=277 | track=637fdcfb8658c83b300bffc9339d3cc3
global_step=402832 | return=-103.45 | steps=139 | track=7b0705278c7aef2ddf22d67e8a67383c
global_step=402896 | return=-161.77 | steps=220 | track=561e27457ca3212e4b0f833cb17b9ac3
global_step=403008 | return=-114.71 | steps=247 | track=937a203dbb569afefcb36b48ed25f8f8
global_step=403040 | return=-140.21 | steps=131 | track=7dc45ab7c475d85408205e6ab4b05d41
global_step=403040 | return=-146.70 | steps=131 | track=9d51f49e84ff5b64cd14cd539ee0c27a
global_step=403168 | return=-129.20 | steps=131 | track=4916a6f32af146235af3c7496e7ab6b8
global_step=403392 | return=-71.90 | steps=94 | track=578b5130af3c7270425ef47c4c76bdbe
global_step=403424 | return=-146.19 | steps=130 | track=4a43f677eb77a11e7b6eadbde9aab4ed
global_step=403472 | return=-111.39 | steps=135 | track=01be48a474846714aedc1bc1c379c36e
global_step=403472 | return=-125.65 | steps=159 | track=b5d747b60a2dc0719e4dc8c72690016b
global_step=403536 | return=68.42 | steps=166 | track=a64c4ff7f38fccaaeca1b949a740257f
global_step=403744 | return=-140.26 | steps=131 | track=b91a9915319279f8fca963abc67fa795
global_step=403856 | return=-132.93 | steps=131 | track=cfeeba56e29cfc8246a45adb03ae51eb
global_step=403968 | return=7.39 | steps=66 | track=436931706e73be8da1b742484e52c3de
global_step=404144 | return=-143.54 | steps=131 | track=03532fa67cc9ac45e400acecfb07b149
global_step=404192 | return=-115.37 | steps=102 | track=092db2fc289e2d2ec7566f5e52f4f980
global_step=404496 | return=-43.53 | steps=59 | track=e7a6dc49c09e208f950c1538a143acfe
global_step=404784 | return=-144.38 | steps=130 | track=ea832c1a1ae2ca622e5fed0534ea2bb2
global_step=404896 | return=-45.66 | steps=107 | track=de86065558d183dc6bcc1a07e7fdd17d
global_step=404912 | return=-109.90 | steps=89 | track=d494f63bead11cbb06d61d47dac13913
global_step=405120 | return=-140.41 | steps=131 | track=35a6be0afe73d16b551bf2465f44ee3e
global_step=405152 | return=-137.84 | steps=131 | track=b970e0c3f82c6c81e186a7b71f43f90c
global_step=405152 | return=-69.40 | steps=62 | track=90a854d6e0a7719fed74916077175767
global_step=405504 | return=-148.50 | steps=131 | track=b0a0f88b4964ad3c33d120235b744031
global_step=405504 | return=-3.47 | steps=62 | track=0552097f093deaa1833d495fab50b7f8
global_step=405536 | return=-145.91 | steps=131 | track=87408b17028803539ff6118da222bcdd
global_step=405536 | return=-146.59 | steps=168 | track=976c54d511472f27205b9b38b8413ce5
global_step=405888 | return=9.78 | steps=68 | track=0ffb84faabddc6a97719c7135bee7134
global_step=405920 | return=-29.37 | steps=152 | track=5939f2e72252c6d87bd43ae9de26ba70
global_step=406096 | return=-124.29 | steps=132 | track=4d6a9beb01884baf4e980dd2eae19307
global_step=406144 | return=-85.05 | steps=149 | track=21eb38c7d78e08ff34979fbd50536069
global_step=406176 | return=-161.21 | steps=195 | track=e551563d16f22f7a717a5b116e237510
global_step=406224 | return=-88.68 | steps=126 | track=b40e5e419dc53d85a78d5d3541e76f20
global_step=406432 | return=-50.61 | steps=94 | track=b415f7fa24f5e8a087696149cf271833
global_step=406912 | return=-23.08 | steps=63 | track=2f93cf887e3ac27f5b15042e5bbdef75
global_step=406992 | return=-153.09 | steps=130 | track=cf76050c046c29d505a0947d1e312238
global_step=407024 | return=-51.70 | steps=94 | track=290032dc16cfb6dae0190d949812255d
global_step=407056 | return=-99.67 | steps=96 | track=50e7bc7c435ef2666b91fcd648cad40c
global_step=407232 | return=6.27 | steps=65 | track=d7996492dcaaca23b871947a112d181c
global_step=407232 | return=-143.66 | steps=131 | track=11a15a0de27837a674aeb881884208fc
global_step=407248 | return=-140.54 | steps=130 | track=fcd1c4f98f8e6407e5e79fca2c470a2d
global_step=407264 | return=-140.67 | steps=131 | track=05d9e9baf5323886c33fca1024bf678c
global_step=407632 | return=-138.98 | steps=130 | track=88b2e346af1226c5c1ee41d9718d7de4
global_step=407920 | return=-48.30 | steps=92 | track=63d517713c528d4cd1081a66a6d23746
global_step=408016 | return=-146.49 | steps=130 | track=c0a742ee11d9603678b91f23e17ff532
global_step=408016 | return=-33.92 | steps=68 | track=5b25d37ead73a34829d3470203f57bb9
global_step=408192 | return=-143.70 | steps=130 | track=76bc38f8775c02fbdd81f9fd70b34f7e
global_step=408256 | return=-153.78 | steps=131 | track=223a250fcbb94ede89c2aac4e1fe2c9b
global_step=408352 | return=12.20 | steps=68 | track=cb29bb77c6538141381b2c5f47c610f7
global_step=408400 | return=-62.25 | steps=83 | track=f9a542a41231b13058c8cc91fc52ec4f
global_step=408528 | return=42.41 | steps=80 | track=1a416dbe8107602c6f4ee4ad1e011dda
global_step=409088 | return=-242.95 | steps=326 | track=8548ea59182d578920148c86faff58a6
global_step=409104 | return=-144.41 | steps=131 | track=3e17a5a384268dd0ab1e15e0af93cde0
global_step=409136 | return=-131.04 | steps=131 | track=176a4c23cfe8063007a51c88f7689ee6
global_step=409264 | return=-6.10 | steps=62 | track=846a109c5aa1146513bff832bb3bfbd1
global_step=409344 | return=-129.34 | steps=131 | track=d35cc24ac6c690244220c1503d09e308
global_step=409376 | return=-136.10 | steps=131 | track=d0f932988d9c9f3084b6a5b0a54aa83f
global_step=409376 | return=-183.08 | steps=196 | track=a3ff402fb119ea4b17ebd0f468d22a57
global_step=409600, SPS=55
global_step=409696 | return=-114.81 | steps=104 | track=424af1f7712172020cc9fb15bd872f14
global_step=409760 | return=-143.60 | steps=132 | track=8ed0a8a023861a42eca377d9c338cc81
global_step=410000 | return=-145.09 | steps=123 | track=9d93d1a806e366789614c2db5c9682c5
global_step=410000 | return=-119.87 | steps=102 | track=b672f4c2dac393799a238966c49ee1f7
global_step=410032 | return=-137.94 | steps=131 | track=69b5462730e06595f27bb5e941882542
global_step=410208 | return=-124.97 | steps=125 | track=d7279563182e2c0367a3c937c7117478
global_step=410256 | return=-125.23 | steps=294 | track=dc61d65b4aacbca29ea87afb1b561142
global_step=410640 | return=-164.84 | steps=131 | track=383494f1f598f38ddf7b54a0d7557012
global_step=410768 | return=31.69 | steps=66 | track=ad26441aa4c0322500b219cb5a6c848d
global_step=411248 | return=-15.46 | steps=77 | track=9e96a83949626a2731bd14059eed6cb7
global_step=411296 | return=-120.28 | steps=119 | track=f690990849d11b6434b2a6b81fc0cf49
global_step=411360 | return=-90.01 | steps=141 | track=dd9ac5b30cd92d2dc4f7ea0bbd66081d
global_step=411376 | return=-145.51 | steps=131 | track=ecfdb743fee39844cc08e3e0b6a7885e
global_step=411456 | return=-147.21 | steps=131 | track=160e2787373d334af25094887120a6ed
global_step=411488 | return=-122.91 | steps=131 | track=bbff0c7bf83c8c571e66ae71ea9e4d5d
global_step=411568 | return=-109.98 | steps=95 | track=49dab32c24dd6dcddd9d2b901538dbe5
global_step=411872 | return=-137.11 | steps=131 | track=658d4c392d6fb77636361d647e12b47a
global_step=412320 | return=-141.70 | steps=131 | track=2894081022f01da27d595eca57515d6b
global_step=412368 | return=-129.10 | steps=131 | track=d475fec1a6cc4f9904e317b2b0bad927
global_step=412384 | return=-166.86 | steps=202 | track=ce146cbfeae04076587d6175982ea394
global_step=412544 | return=-45.60 | steps=158 | track=d0fe8eb6308b8c52a94ee6e30d7b2fbd
global_step=412736 | return=-4.68 | steps=226 | track=2032ed57d8f3622a23e24978711e53de
global_step=412752 | return=-239.11 | steps=271 | track=201738c5819cfc59b78fa4b4272c5f98
global_step=412768 | return=-139.43 | steps=132 | track=13e9c49e1bf30697629694e32bb65bec
global_step=412880 | return=-142.32 | steps=131 | track=9c4c106be56a6875f680c86f32c02b5d
global_step=413200 | return=-96.09 | steps=106 | track=cfb287c4df1f091819d0640a713877dd
global_step=413216 | return=-64.29 | steps=41 | track=2a9791f9dfbf805f44b3ab15786e103c
global_step=413360 | return=-144.69 | steps=131 | track=4ff6d1cc84355c1d3346ccdc8875398f
global_step=413392 | return=-136.70 | steps=130 | track=53ec5f52230fa7bb6deaedd6ed1a2929
global_step=413472 | return=-143.50 | steps=130 | track=25a65c4a8cc8fa5125c8b9fd1ae4822b
global_step=413472 | return=-158.70 | steps=131 | track=982a11b7766398fefe6ab4b4ca3fcea7
global_step=413536 | return=-39.32 | steps=103 | track=40ee671dab13873cc12c8cc6539d12ca
global_step=413680 | return=-144.01 | steps=131 | track=505084fa209ee614ee4f9f15a85729aa
global_step=413776 | return=-88.45 | steps=144 | track=a6f767f7fe10a2125fac01e7afa6fee1
global_step=414160 | return=-45.02 | steps=42 | track=d8f7041ba861e4f49783a5f7890f0787
global_step=414224 | return=-94.56 | steps=91 | track=9225873d44ab42468ed08804810fb24d
global_step=414448 | return=-116.19 | steps=129 | track=ab16ba53cae59bdda74c10572c2d1273
global_step=414480 | return=-140.78 | steps=130 | track=bfdda01a89c6413261a19b0268c2d74a
global_step=414656 | return=-107.67 | steps=89 | track=d73595990d797b8ce8492970c3bbff15
global_step=414848 | return=-139.54 | steps=131 | track=cc72f697e05c7f8c11a6581e83d1bd58
global_step=414880 | return=-142.79 | steps=131 | track=91c6a604fb6b91beab9d8f1e40450967
global_step=414928 | return=-62.75 | steps=107 | track=25f5145492f45394554adc8f21e68b66
global_step=414992 | return=-135.40 | steps=131 | track=20b8192d3a69d9b9826459dd378224bb
global_step=415312 | return=-112.50 | steps=114 | track=939ae03b810fe74c37b36359898992c7
global_step=415472 | return=-148.39 | steps=131 | track=58edad0fc9afebcea906b4d6d3e07604
global_step=415648 | return=-134.49 | steps=131 | track=fd3a59a3f79d25ab939b4645de2186de
global_step=415776 | return=-144.16 | steps=130 | track=6b6896175a0a192002ac06c752da44be
global_step=415824 | return=-57.24 | steps=60 | track=6ec751bfaa64b7fa381152e5bc66bdd3
global_step=415888 | return=-143.42 | steps=131 | track=aeba508ff33b95719a36ea3eb153a3fe
global_step=415920 | return=-108.12 | steps=89 | track=06cd35f1f27da4cb58db0d30a3647922
global_step=416336 | return=-141.51 | steps=131 | track=8477bd3dd34bd6621414a20581ab477b
global_step=416560 | return=-142.15 | steps=131 | track=6bab792765a9519ef4f45ae75f6c2e38
global_step=416656 | return=-20.49 | steps=45 | track=b9d25c11867eace154bcd3d46ecc956d
global_step=416720 | return=-53.19 | steps=107 | track=7deb93016fe363f58c7f2d0c16ea1d0d
global_step=416976 | return=-67.84 | steps=82 | track=29bca71474099e384f5585f894df7ee9
global_step=416976 | return=-113.98 | steps=144 | track=20533d3e6c9be955ecacba92e02c1788
global_step=416976 | return=-140.54 | steps=130 | track=1f426d21c92c90d0709a001fc4fe7d03
global_step=417040 | return=-140.50 | steps=131 | track=312c2bdebdae2abcd56733b053980958
global_step=417216 | return=-63.17 | steps=40 | track=d232c66c3fdc4cad567d8d9d43a0a143
global_step=417392 | return=-14.46 | steps=65 | track=680003459dd0563d1a473a3e48672a09
global_step=417408 | return=-145.40 | steps=130 | track=cfd2af33a936e1d48191a84633efff93
global_step=417456 | return=-116.09 | steps=97 | track=6d710add9245cfc6040184f463121cb7
global_step=417472 | return=-223.99 | steps=254 | track=9cbf65bf14d39a8eed5a46bf9e328a41
global_step=417680 | return=-13.38 | steps=63 | track=752c50941c36dd9f3175c9f4c390ff77
global_step=417712 | return=-64.20 | steps=61 | track=7eef014ca0072c36999302db99f8bf42
global_step=417808 | return=-77.96 | steps=145 | track=b274b727690ba9d877bb677ef3579984
global_step=417888 | return=-137.45 | steps=131 | track=fb48c55398caba9b0ccc8372290bf232
global_step=417936 | return=-137.03 | steps=131 | track=6344fd182941b7878f560e15f7d86c29
global_step=418416 | return=-100.55 | steps=89 | track=cadc051ad32a0f33a4bc30c16f0ff0fa
global_step=418736 | return=-35.96 | steps=49 | track=a801831fbb7cc1ea19ce6c3e002beb01
global_step=418800 | return=-206.49 | steps=404 | track=b64ae40d920eb42a8bfbaf62e9c3c92d
global_step=418816 | return=-93.27 | steps=290 | track=ddb13a6a10492b5b2c8a33086160dac9
global_step=418928 | return=-129.16 | steps=106 | track=7cb27cc1323921d7647f89154abb4b44
global_step=419088 | return=-145.77 | steps=131 | track=86efc71716c24ee9abf5383de02c65d9
global_step=419136 | return=-84.82 | steps=90 | track=cceb8e6313c78034b1f2ad3aef84e002
global_step=419168 | return=-58.03 | steps=105 | track=17e4b98286533f21903f5119115e9f03
global_step=419312 | return=-57.56 | steps=145 | track=a22d767600dfc41916d274d900037c1e
global_step=419472 | return=28.42 | steps=65 | track=762f8cdc16a185ffc71e2ca9bc516d38
global_step=419504 | return=-147.68 | steps=131 | track=96adbbea28090a679120ed5bbfea519d
global_step=419504 | return=-158.79 | steps=130 | track=f77803b17be05356e021c18c84221d31
global_step=419552 | return=-149.04 | steps=130 | track=24735f693f915faaca39fde4bff68abb
global_step=419744 | return=-46.29 | steps=168 | track=cf69c7ad297b7559fd6c94a0db49da9a
global_step=419808 | return=-141.11 | steps=130 | track=4500c775419107af611fa99747d8e3f8
global_step=419920 | return=-133.95 | steps=131 | track=73c62c55178d810dc0a3e8f036d3df88
global_step=420000 | return=-149.57 | steps=131 | track=c236f4275e7b0a85bcc294a640757ea5
global_step=420224 | return=16.21 | steps=67 | track=c62dd3903da3ff72caad14125ecdbf74
global_step=420544 | return=-34.74 | steps=45 | track=5eda4c950d4c26705d92ec29d8621446
global_step=420640 | return=40.20 | steps=70 | track=43e2fe7731269c02a0ced65ef0d1db57
global_step=420720 | return=7.13 | steps=72 | track=ca41f68f6377a05dbee15f460f3a7db7
global_step=420768 | return=-63.64 | steps=47 | track=8d9e6251408e8bb7eb62748830bbd20a
global_step=420832 | return=36.20 | steps=67 | track=afc5868d89424ac583032470d810e73b
global_step=420912 | return=-148.52 | steps=131 | track=91f21bc1c068980750a7f39c410836ad
global_step=420928 | return=-120.07 | steps=109 | track=93517c0926caa212700ae4780893af2e
global_step=420928 | return=-136.56 | steps=131 | track=6d9953b068b60ba66ec85e35be890204
global_step=421024 | return=-148.64 | steps=130 | track=230196a2210c0330acffe4e0907aba34
global_step=421088 | return=104.24 | steps=146 | track=68e5e240e36c65c9c35c7a754c8a665b
global_step=421200 | return=-146.30 | steps=131 | track=cf0bb5cdcfaa7d7f79adcbcb05c4966b
global_step=421568 | return=-141.80 | steps=130 | track=c2d6101f832ce604b26d354adc4a0051
global_step=421600 | return=-147.78 | steps=130 | track=f0237c7eb35e34038cf4f71016243026
global_step=421952 | return=-8.02 | steps=81 | track=f696421cb4fdfe36d45aedc9c42db779
global_step=422032 | return=-143.10 | steps=131 | track=0d8a4697175a66a6979e393874750813
global_step=422096 | return=-25.27 | steps=72 | track=d15f654198cfec4447fe304001c670ad
global_step=422160 | return=-31.90 | steps=177 | track=ce99455b185f4db49040751f284e42d8
global_step=422256 | return=1.53 | steps=65 | track=c739dd1f984135a23c20bd0d1cc1ac6e
global_step=422336 | return=-146.31 | steps=131 | track=e3fa4cc0a6ed8e235308b4a0aea1a5c5
global_step=422368 | return=-72.78 | steps=95 | track=57dfdfd7447bba04987f2f5915b6c4df
global_step=422608 | return=28.87 | steps=64 | track=555289faa37236502f8d9ace08eb36ac
global_step=422640 | return=-155.77 | steps=130 | track=46879025c8505318f39218b7137c149d
global_step=422832 | return=-144.83 | steps=131 | track=16e2518dce3db628ec0d7e54c9762366
global_step=422944 | return=-22.10 | steps=61 | track=9943ac220db62b27b98c652b0eb8eb3d
global_step=423008 | return=-136.31 | steps=130 | track=bbde9ee07a3ab3012d7fa210272845e9
global_step=423040 | return=-142.35 | steps=131 | track=c3da5c4a53842530b25e0a87e1c086de
global_step=423088 | return=10.80 | steps=65 | track=f781beb11c0fd77c10eccfc061d8fd8a
global_step=423136 | return=-140.41 | steps=131 | track=46a3eb8fb56dbc2d1482f61e1527a921
global_step=423536 | return=-85.75 | steps=89 | track=d9eb115eddd8d3946c115a9361a01923
global_step=423648 | return=-133.55 | steps=159 | track=3e8a1cc83a0261b9caa112c3a135ff42
global_step=423712 | return=-149.23 | steps=131 | track=505332ff53dcd9aa2a7e3a9c545dc50c
global_step=424192 | return=5.07 | steps=65 | track=f51cdafe3021ac5725a49ddbd715ded7
global_step=424272 | return=-152.31 | steps=131 | track=6ea5fb35485e6f166857a75394d178f4
global_step=424448 | return=-132.45 | steps=131 | track=c414cc8ac717efb9714318139a4e7105
global_step=424480 | return=-137.80 | steps=131 | track=81f6f7b13650738a0dab6064cd4f2964
global_step=424576 | return=-120.68 | steps=92 | track=9f6c41c2f0af28f201cd73b5650cb96b
global_step=424576 | return=-40.98 | steps=53 | track=f0157f24da7c3e3ee399da64f5dfe6f9
global_step=424656 | return=24.11 | steps=69 | track=d77bde96253b752cd90287e9a03db360
global_step=424720 | return=-144.63 | steps=131 | track=30e43610dd74ef6838109b4d32e7c210
global_step=424752 | return=-141.73 | steps=131 | track=7e604c928e2313c144bbe5656e7efb30
global_step=424880 | return=-53.99 | steps=163 | track=36615414849ae717c1cbd3db1a131085
global_step=424928 | return=-141.41 | steps=130 | track=37d94607967f0a95661d0b294ac72961
global_step=425104 | return=-142.68 | steps=130 | track=2a7c2b60e913eb02a84a966fa5ad3b68
global_step=425200 | return=-64.55 | steps=96 | track=9603d3b062218eb6186df92637dca72a
global_step=425984, SPS=54
global_step=426240 | return=-119.81 | steps=109 | track=a2403521f50daddd159d4fff4b69b95b
global_step=426384 | return=-113.01 | steps=131 | track=37676b2f60b7da735bc80505edd1f6a2
global_step=426496 | return=-147.06 | steps=221 | track=effd69a5486ba8bdc331243891c1cdd9
global_step=426560 | return=-151.01 | steps=131 | track=56afac71aef3df9a5eb0c0b0fc25d59b
global_step=426688 | return=-137.33 | steps=131 | track=ac0e09d9e9042c7c16808ac6d4fc7d58
global_step=426688 | return=-152.11 | steps=131 | track=446735a968c802a7670541e025672357
global_step=426832 | return=-158.21 | steps=131 | track=e84dfa8f9cdd365f9ee9252dff13ac2d
global_step=426864 | return=-110.75 | steps=131 | track=d43ef15d0a37a65ddf69fb9514c9eaeb
global_step=426960 | return=-107.90 | steps=143 | track=eeee8575067fab913e7111bad04c8db7
global_step=426992 | return=-144.90 | steps=131 | track=9a0b969add9a8f030cdd6d470765ce14
global_step=427040 | return=-146.39 | steps=131 | track=ca1764631534615a54176092220323d0
global_step=427072 | return=-256.03 | steps=393 | track=af454316b3025a98c616f3de79f145e8
global_step=427216 | return=-90.74 | steps=131 | track=244a055cf39d8ca8fcf5b74a3a136b37
global_step=427296 | return=-154.62 | steps=130 | track=3b08acc905c5208945e8bfc6ad63e08e
global_step=427808 | return=-27.70 | steps=60 | track=d3e24efe3acc8845ce83dd69636caf92
global_step=428080 | return=89.45 | steps=314 | track=0bc480082ca47404c3cb6e5db575d8ac
global_step=428352 | return=-143.61 | steps=131 | track=6cbfc199fc5bf497782a8d78e56fea9d
global_step=428496 | return=-125.06 | steps=131 | track=7f866f10b0c49030ab177491d5672e23
global_step=428672 | return=-129.39 | steps=131 | track=4457e59fb62f052a592129a08f6af98f
global_step=428784 | return=-147.71 | steps=130 | track=7bca48717a2e869c30e813bd6218757c
global_step=428832 | return=-42.71 | steps=109 | track=265a19b4c7f0ad88e4f8668167669031
global_step=428880 | return=-113.82 | steps=136 | track=e7b449cd62a0f6814921cd7457488cb3
global_step=428960 | return=-142.38 | steps=130 | track=5c5bde58e94fc6ebc1056e3f202dfe9b
global_step=429008 | return=-57.54 | steps=156 | track=193171129f5f8de2e4c43603cda2f84a
global_step=429072 | return=-130.06 | steps=131 | track=474e74d8fc25ec9c6bc2b2885ae27cbd
global_step=429088 | return=-126.19 | steps=130 | track=b81c78bd98c7fd9ec0e53fb0880cc602
global_step=429152 | return=-148.01 | steps=131 | track=4dedd3a0f37c6a9586f4857df5040f8d
global_step=429200 | return=-224.11 | steps=312 | track=63108be93054f8c593d5ec6303da590a
global_step=429328 | return=-138.56 | steps=131 | track=bae3354e00f1e8e3bf4ea9097576316e
global_step=429392 | return=-142.70 | steps=130 | track=ff615383068dddbce22d996244848543
global_step=429920 | return=-144.69 | steps=131 | track=4d400cc747dfc127e04b80bf176bf2fe
global_step=430000 | return=-51.11 | steps=64 | track=e56ac367a41792972772760ef3f39367
global_step=430096 | return=-56.95 | steps=47 | track=d842e4cb6749d35d4d582cf99391f8f4
global_step=430208 | return=-115.79 | steps=88 | track=c2de13171ca3bfc1242777eea4b3d4e2
global_step=430272 | return=-101.56 | steps=89 | track=4a5d51f1fda01deecb8baa8800371c40
global_step=430448 | return=-137.36 | steps=130 | track=4f85f6a95d39ad1673fe71a963484a07
global_step=430512 | return=-71.20 | steps=93 | track=ebec1c6b1ecb52c5186ca08b2b97a6e7
global_step=430576 | return=-113.91 | steps=105 | track=a6b94707880898e8b08c6ab31348afb9
global_step=430784 | return=-140.85 | steps=131 | track=5cf4172ef459a308074c6b3842e1acca
global_step=430880 | return=-85.82 | steps=148 | track=fbac84e597a667dfbabd6300ef1759b3
global_step=431200 | return=-139.73 | steps=131 | track=adeb20a7008f696abc62b870990bcda2
global_step=431264 | return=-134.92 | steps=131 | track=a3435cc6e83225359a79e7821c7d1d90
global_step=431312 | return=-139.80 | steps=131 | track=9f8793de9209f2472804250017d78201
global_step=431504 | return=-130.60 | steps=131 | track=ff22ba3403a636c52cd45cf3a8b0ce92
global_step=431552 | return=-39.29 | steps=154 | track=64ba3d530f12a1075e1475c09975b391
global_step=431680 | return=-127.58 | steps=109 | track=c894f298b83d2f90bba6d1925ede10d1
global_step=432016 | return=11.53 | steps=70 | track=e55e290d8a25303412e0353a479abf94
global_step=432208 | return=-136.60 | steps=131 | track=2f7ed15c3f12d315c9ad4c20c4cf742c
global_step=432320 | return=-143.61 | steps=131 | track=42443bc0e46757f2c28ba77b6d5544c3
global_step=432384 | return=-151.90 | steps=131 | track=aa8dcb815a424d13b3a4a6ad80abfe48
global_step=432432 | return=-130.26 | steps=271 | track=24266ca0e798f396413b0fd21dfe26b1
global_step=432528 | return=-56.41 | steps=157 | track=834a70f337af604b831e7277b1c3fd45
global_step=432544 | return=-145.75 | steps=130 | track=f40faaee071d310594ff17d5eaaafd3b
global_step=432544 | return=-59.14 | steps=122 | track=9302bfb0fe6d0388944f76f14a284518
global_step=432624 | return=-144.01 | steps=131 | track=dd2a13a708348320675bd7b93163459d
