/home/UFAD/tcuevasmestanza/.conda/envs/racing/lib/python3.12/site-packages/tyro/_parsers.py:353: UserWarning: The field `track-seed` is annotated with type `<class 'int'>`, but the default value `None` has type `<class 'NoneType'>`. We'll try to handle this gracefully, but it may cause unexpected behavior.
  warnings.warn(message)
/home/UFAD/tcuevasmestanza/.conda/envs/racing/lib/python3.12/site-packages/tyro/_parsers.py:353: UserWarning: The field `wandb-entity` is annotated with type `<class 'str'>`, but the default value `None` has type `<class 'NoneType'>`. We'll try to handle this gracefully, but it may cause unexpected behavior.
  warnings.warn(message)
/home/UFAD/tcuevasmestanza/.conda/envs/racing/lib/python3.12/site-packages/tyro/_parsers.py:353: UserWarning: The field `target-kl` is annotated with type `<class 'float'>`, but the default value `None` has type `<class 'NoneType'>`. We'll try to handle this gracefully, but it may cause unexpected behavior.
  warnings.warn(message)
/home/UFAD/tcuevasmestanza/.conda/envs/racing/lib/python3.12/site-packages/tyro/_parsers.py:353: UserWarning: The field `resume-path` is annotated with type `<class 'str'>`, but the default value `None` has type `<class 'NoneType'>`. We'll try to handle this gracefully, but it may cause unexpected behavior.
  warnings.warn(message)
Experiment info saved → runs/adaptive_fps_track_aware_lstm/CarRacing_VarFramerate_fc_1.8_bud_90_04-08-13-42-32/info_settings.txt
Device: cpu
Navigation model path: experiments/navigation/CarRacing-v3__train__1__1785768450/final.pt
Navigation Model loaded on cpu
Navigation Model loaded on cpu
Navigation Model loaded on cpu
Navigation Model loaded on cpu
Navigation Model loaded on cpu
Navigation Model loaded on cpu
Navigation Model loaded on cpu
Navigation Model loaded on cpu
Navigation Model loaded on cpu
Navigation Model loaded on cpu
Navigation Model loaded on cpu
Navigation Model loaded on cpu
Navigation Model loaded on cpu
Navigation Model loaded on cpu
Navigation Model loaded on cpu
Navigation Model loaded on cpu
Navigation Model loaded on cpu
global_step=928 | return=-68.61 | steps=58 | track=6c547fe51fc5798f047cce504ea40265
global_step=1008 | return=-16.85 | steps=63 | track=33fe789383f32b52de48c31a8f612490
global_step=1008 | return=-11.37 | steps=63 | track=6cd51f83d71f455eccb109e33c89f6ba
global_step=1440 | return=-106.21 | steps=90 | track=3588ab7881a9095d19b2d5c576ed5834
global_step=1840 | return=-118.26 | steps=115 | track=f533548f2a88513590c0d0b461e98600
global_step=2080 | return=-136.51 | steps=130 | track=6365af05d194090b6760926f2ebc0023
global_step=2080 | return=-152.04 | steps=130 | track=0199559051bc5d57a5374a88c9d8ba79
global_step=2080 | return=-141.82 | steps=130 | track=8a3ccf6fcfb678742f3e744dbef5873c
global_step=2096 | return=-162.19 | steps=131 | track=890f1c412a24de8342084f98a86bc7d9
global_step=2096 | return=-139.99 | steps=131 | track=715b3ca82e110bb9bbd20ae8c1322f82
global_step=2096 | return=-149.92 | steps=131 | track=1029cc20a902734e47974b3b1a508034
global_step=2096 | return=-147.98 | steps=131 | track=ef5fea080ecfee38350d1f3c8e10c614
global_step=2096 | return=-129.54 | steps=131 | track=997d5439b392c77e282b4ebc123512b6
global_step=2112 | return=-138.79 | steps=132 | track=f99fe8384af237be96fefc1752204f93
global_step=2560 | return=-39.51 | steps=160 | track=021e3a8c31846d6fb475562ac0292dc1
global_step=3088 | return=-200.21 | steps=193 | track=8f2313d50b98ce9c1a249f5a9187c863
global_step=3200 | return=-74.70 | steps=141 | track=cf568e64eea9d7d467ce0f6967de6475
global_step=3360 | return=-67.16 | steps=146 | track=aadfb32a1902c36c84d8a6bd7354ac3b
global_step=3376 | return=-25.83 | steps=50 | track=6bd1881c1a4bd58c72adddbb32f58048
global_step=3552 | return=-150.87 | steps=131 | track=8338a716a5983d18512383794fee3949
global_step=3648 | return=-117.84 | steps=96 | track=a4537e085569040576d85b73ffb467ba
global_step=3792 | return=-64.51 | steps=173 | track=355380ee63d0862e3b0945e4c69a51cf
global_step=3936 | return=-72.26 | steps=114 | track=2f0e82e3441b48b8fe42fad2046b2b68
global_step=3952 | return=-160.82 | steps=131 | track=42951c328f56518141dbbe30786ccd77
global_step=4176 | return=-145.27 | steps=130 | track=50b285a995e35ea5528f9d658f4bd80a
global_step=4208 | return=-147.01 | steps=131 | track=164cb9bbb48c74354cd5ca2a0b43d50d
global_step=4224 | return=-146.24 | steps=132 | track=b16cc54d3dd65e6b80eae5f2c8ab1e83
global_step=4240 | return=-139.14 | steps=132 | track=0e3274231550549f7a3b4971727d33f8
global_step=4608 | return=-2.07 | steps=65 | track=8f8aea05f2236db872b3e0c1f8fad78f
global_step=4704 | return=-93.62 | steps=162 | track=3a3109e0004c25d95b4618a859b371ad
global_step=4896 | return=-55.41 | steps=44 | track=bf9de2b72cd35e8aff1a89420e0ac738
global_step=5024 | return=15.99 | steps=67 | track=c570736b028573a93edc6e52c8e6c440
global_step=5200 | return=-147.60 | steps=131 | track=47757401a23abf4d1fd7ca0a59543c46
global_step=5296 | return=20.84 | steps=67 | track=d960b6da443c36cb196dbff392624c59
global_step=5392 | return=-96.75 | steps=136 | track=0b3b3a1e2f657f13faf8a649bb7bda8a
global_step=5472 | return=-139.21 | steps=131 | track=a8a8a9b7a01417a40796aac464a30262
global_step=5488 | return=-133.14 | steps=131 | track=3fee8c292e6817de20d9adaa0ff914ce
global_step=5680 | return=-68.68 | steps=60 | track=295fdd5b336889263404af6b5900d3b9
global_step=5760 | return=-142.56 | steps=131 | track=c6423a8d5d75dfe24b170ef26602e531
global_step=5792 | return=5.85 | steps=231 | track=d46c27ec3cda38772445ad8617f549bb
global_step=5840 | return=-93.54 | steps=234 | track=fa997b08745509a14d2133d5ac96ff0e
global_step=6080 | return=-144.58 | steps=132 | track=c70ccba026c4576b0657f5871093a4b4
global_step=6224 | return=9.87 | steps=74 | track=3fee50e846f0121683893dae5450cbf3
global_step=6288 | return=-94.00 | steps=155 | track=2759bc8d863feb6c0eeb74efa680d768
global_step=6352 | return=-143.58 | steps=131 | track=6e108292ab2c0585fa16fcfea2f0cfd9
global_step=6480 | return=-25.42 | steps=61 | track=0554ee9c7c943ccb21ee47e1a67d847c
global_step=6720 | return=-149.59 | steps=131 | track=1917698e465e0ed908752f3277a392e5
global_step=6832 | return=-53.62 | steps=71 | track=10e4903a90f0058d1631f2756cac0441
global_step=7088 | return=-4.81 | steps=62 | track=3df33e713bb7b2dd074a8a7002452c32
global_step=7168 | return=-63.00 | steps=122 | track=e2988932f88e25b84e1f15c2c7c9846b
global_step=7408 | return=-140.44 | steps=131 | track=8e8f365e03737610cbe56343c011a016
global_step=7488 | return=-6.26 | steps=78 | track=63e126cc8f2c8fbdd2401430019d5979
global_step=7520 | return=-159.28 | steps=132 | track=d06a2ff7907cfe6da8bdac082e34f482
global_step=7568 | return=-161.39 | steps=130 | track=cbda16d8890b0e9f7844b6bd55e1e244
global_step=7872 | return=-154.84 | steps=131 | track=cfd0ec62924f41e110b5f6614f0d5a42
global_step=7904 | return=-134.43 | steps=131 | track=3f1343abb141a745ae12519cf6683651
global_step=7936 | return=-133.90 | steps=130 | track=e8a0849fec3f89a88c57153a904b13ca
global_step=7984 | return=-84.49 | steps=50 | track=2734b46ca8087ac083e529f15f2b4d40
global_step=8016 | return=-67.04 | steps=236 | track=5deeec87a4af99d499d83c48e15f6cc2
global_step=8176 | return=-87.81 | steps=117 | track=cf74dc17ce32f634d08bb6c712180d8c
global_step=8592 | return=-138.15 | steps=131 | track=8755e0db3a4cc526b57ad25bb0c7bed4
global_step=8672 | return=-87.57 | steps=121 | track=96659435efd1ff0159529056888c008d
global_step=8944 | return=-157.63 | steps=131 | track=5210bfb2d7967f1d76405cd3c0b36777
global_step=9040 | return=-25.21 | steps=63 | track=67f5f0b1c2e1c71d6f486d977ed28370
global_step=9184 | return=-147.80 | steps=130 | track=74f3a429cbf504e0410b897c142fd11b
global_step=9440 | return=-78.53 | steps=47 | track=aeaf1cf6e6f4b0c1c5556eec99b0e0d5
global_step=9520 | return=-144.13 | steps=131 | track=8c63effd31baf134c082bfa39491efba
global_step=9632 | return=-144.28 | steps=131 | track=bb033e6307954ea2883a953e8799947d
global_step=9984 | return=-144.95 | steps=131 | track=436f2e138d0a0eadad7fe95d65bc8076
global_step=10016 | return=-143.80 | steps=131 | track=08692998ab702baabf68ef380d3fd725
global_step=10032 | return=-149.18 | steps=130 | track=8b173565b25e2fb02396c8bf0b28b9dc
global_step=10272 | return=-143.93 | steps=130 | track=6be068a884c7de1f36a03beb7fe913a8
global_step=10576 | return=-2.44 | steps=65 | track=1f5f971965b11f359f8572ec774ae22c
global_step=10656 | return=-63.67 | steps=75 | track=41cc4c554e4bb8241e32d22f0b7d37e8
global_step=10896 | return=-10.48 | steps=212 | track=235c43251590822619cbc8b89ee7b933
global_step=10976 | return=-67.29 | steps=148 | track=2f883414ba63cb63099e7218bba7c0b7
global_step=11040 | return=9.05 | steps=65 | track=2bfd40a6cd77609d4e1cd970da6a70d2
global_step=11040 | return=-112.23 | steps=216 | track=858ac5a60af621e573a2df0e9c1fd6e4
global_step=11056 | return=-148.85 | steps=131 | track=668dc0efbf51dff1f4a6fbe478b49026
global_step=11152 | return=-139.57 | steps=131 | track=1f93cc34932c4cd7e728c4f506e9517c
global_step=11296 | return=-138.59 | steps=131 | track=b0322594dc05893e39a0e0e00a638a7a
global_step=11456 | return=2.93 | steps=318 | track=ff287ced212ddac5fdde8845adc68643
global_step=11616 | return=-58.43 | steps=419 | track=183832640b48c318e426ed05d08a65a7
global_step=11680 | return=-165.92 | steps=230 | track=9cf48b1b186327f9b414301f0d44d30a
global_step=11712 | return=10.90 | steps=70 | track=a96e4fd95bf33aa47db70a341424b1b6
global_step=11744 | return=-149.61 | steps=131 | track=4d62d50e7edbaca0b71a10d2b1a3861d
global_step=11984 | return=-66.09 | steps=51 | track=1091653c7404141e158b89fe9237e2b3
global_step=12096 | return=9.01 | steps=65 | track=7037ee59a8b5be69ae52f35f45e14b11
global_step=12128 | return=-165.86 | steps=130 | track=7389f17aca661c7a57e33b0209b2c44a
global_step=12128 | return=-147.60 | steps=131 | track=ba70dc342361ee4f06b7da4b0eb0e050
global_step=12368 | return=-139.82 | steps=130 | track=0d168ddcae592c6877b28b83f0df8a44
global_step=12400 | return=-17.86 | steps=48 | track=dd242cd103e9fa7189bc8e0891e332ce
global_step=12416 | return=-101.66 | steps=94 | track=bbe294fa7c43f7c31c97c6185cdbcb14
global_step=12448 | return=-79.70 | steps=71 | track=7bd5bacfcf6d50db27150ca4e756b9bb
global_step=12720 | return=-72.60 | steps=108 | track=0c8e108cf80a9aea07cdcd91eeea9dba
global_step=12768 | return=-144.86 | steps=131 | track=f0fb818fbadeb32d378a587e94b36fd5
global_step=13008 | return=6.49 | steps=54 | track=87321aeb4e5dddd490c85b571154910c
global_step=13168 | return=-129.26 | steps=131 | track=d0a40bb77da67b317a3973cbfe4a0b16
global_step=13568 | return=-144.59 | steps=131 | track=1e63fb0a1f89a2912cebf6f6a7fff697
global_step=13696 | return=-32.99 | steps=60 | track=2104404ced8bddfab260689cb61604b3
global_step=13776 | return=-38.56 | steps=47 | track=a9cd4ccc9945b2f700a5426bc836a9a8
global_step=13792 | return=-137.37 | steps=131 | track=f2ae5cb9fe4f5b2df69ec02163e9355e
global_step=13824 | return=-153.35 | steps=131 | track=06a10eb34cb1e3dc06d2138129eea233
global_step=14000 | return=-22.82 | steps=76 | track=515055b05a5e7af6b9a91b63e4e5b738
global_step=14096 | return=-137.77 | steps=131 | track=ce0027db4c3a14e8b6bbc6f9825558ae
global_step=14288 | return=-120.18 | steps=134 | track=26c377ed0154ea4dbf7f7d45b0f2420d
global_step=14464 | return=-147.42 | steps=130 | track=eb8f390fc83bcb40907f10dfbc15a4c0
global_step=14480 | return=-77.52 | steps=148 | track=62257c4d5a861d7dc59834ca830fc72f
global_step=14528 | return=-146.77 | steps=131 | track=2d35ff98d5ae178fde979c7f4e7823e5
global_step=14560 | return=-156.60 | steps=131 | track=d43ca8d0bbeaf61c55d098119756bbd3
global_step=14848 | return=203.77 | steps=104 | track=13a6323321ddf0a8ef0ad5fa15fc6b4a
global_step=14992 | return=-37.92 | steps=61 | track=6b54ac5319d27e53960dbc5fedac605b
global_step=15024 | return=-104.75 | steps=82 | track=fb82ab416fa619c94c06db319ed41804
global_step=15104 | return=-18.93 | steps=62 | track=4661246d0a3208f7bdc913ce9640a92d
global_step=15136 | return=-142.22 | steps=255 | track=5a4c1f6c0eadfdf1851dab2e2165c858
global_step=15344 | return=-61.46 | steps=110 | track=483834dbf8dbc89b23a05bba4ce3febe
global_step=15456 | return=-114.30 | steps=231 | track=fdb9e0fbb1c80c422da14948d041d722
global_step=15680 | return=-50.96 | steps=117 | track=6787a26b2083d142a6924bc8ec0eda04
global_step=15696 | return=-55.11 | steps=52 | track=d9528c75c1f4eefdf38ba5b89685a366
global_step=15776 | return=-64.04 | steps=46 | track=720a18708de709a2b64c64dc8dc4c92c
global_step=15872 | return=-138.60 | steps=130 | track=ddb1856321a168d40ad4794e10e27a20
global_step=16096 | return=-69.98 | steps=97 | track=2752018bad91eab69dee8df05c19c7ce
global_step=16096 | return=-43.76 | steps=46 | track=ac7846b297fd8b8fffed8b48d3a88b1c
global_step=16112 | return=-220.24 | steps=231 | track=501afe514eefa71c2e41dfe835762eae
global_step=16272 | return=-57.69 | steps=112 | track=756ae9cbd77502275b0eba25822916c3
global_step=16272 | return=21.47 | steps=70 | track=836132dc30125f71bacac65a116e17da
global_step=16384, SPS=86
global_step=16400 | return=-148.66 | steps=131 | track=86a8b7e878de6c6ef16aa9afe3bda42b
global_step=16592 | return=-128.14 | steps=131 | track=1902e0170c50db178bdd95841b216e76
global_step=16656 | return=-132.69 | steps=130 | track=5d71479097385ae7930fabb21d597f66
global_step=16656 | return=-83.47 | steps=48 | track=d0f13b2f4c6668da547f992aca372281
global_step=16784 | return=-139.40 | steps=111 | track=2ccd6e3a4451a37fc0c0ffb05b6b56e7
global_step=16944 | return=-31.66 | steps=52 | track=4ed1369c8fbf2e00963922142be975d9
global_step=16976 | return=-60.72 | steps=43 | track=ddecca960fe3aa05b2bf7a7e0c407095
global_step=17216 | return=-136.45 | steps=131 | track=f384fa23086cfe793f247583329549ba
global_step=17344 | return=-224.10 | steps=219 | track=1ab6a1cd6cdceffa6883d39b226b9962
global_step=17360 | return=5.86 | steps=67 | track=b85d1ec00bcf44cbe25cd53e6e31057c
global_step=17456 | return=-40.77 | steps=49 | track=d343ec14ab33ed2288a1c3bba73e4079
global_step=17568 | return=-126.19 | steps=131 | track=4136122d2911e318e9a1fcd48efafaf0
global_step=17632 | return=-71.70 | steps=40 | track=0e4503e929b33eb53e9c167f96903156
global_step=17664 | return=10.88 | steps=62 | track=42c639f9d96b0610d45ef4bbb15cb7d9
global_step=17808 | return=-139.73 | steps=131 | track=eda10747fc61747de80bc3b630919c69
global_step=17840 | return=-115.25 | steps=89 | track=bd56775c882c4b1c3cc3c61d7a0dd44a
global_step=17872 | return=-162.45 | steps=130 | track=3bd6565018e708b29aef521e5471fd07
global_step=17936 | return=-65.82 | steps=44 | track=ee7c57cadcf13a7c64ed115a5511d223
global_step=18032 | return=-88.41 | steps=146 | track=51014927b3c85a1dc79f2841a082acaf
global_step=18208 | return=-142.53 | steps=131 | track=e2eb8d2022d7f3f2925dca23b1be90a5
global_step=18224 | return=-140.07 | steps=131 | track=074e90bccc1f4f3c1a95ca9df664668f
global_step=18512 | return=-42.38 | steps=52 | track=29be6f063905eaa902f41ea29000f42c
global_step=18624 | return=-7.81 | steps=72 | track=1f1bbf1418de3d3f584cf15c908be94b
global_step=18704 | return=-138.40 | steps=131 | track=2b7f4e8d6afb76d7e3127eceaee41794
global_step=18720 | return=15.96 | steps=71 | track=64e38320488ce9117c7fa5119a59f7a0
global_step=18880 | return=-148.79 | steps=130 | track=326dab3c3e7662f5c2c1c8ceae750119
global_step=19056 | return=-149.19 | steps=131 | track=ab61b86d699ca993c2801aa0aef2357b
global_step=19120 | return=-117.45 | steps=110 | track=14445b1921048648364b2ce5134b4b72
global_step=19408 | return=74.36 | steps=97 | track=535600cab1d17cea2e22189cbe1286c3
global_step=19472 | return=-144.36 | steps=131 | track=9f2a19e0e1fc9038735f454e0edcfac1
global_step=19584 | return=8.67 | steps=66 | track=1511d89e78160e5d982f9cf25845421a
global_step=19728 | return=-143.92 | steps=130 | track=368014bfc4041d88c9b6282aa5230a92
global_step=19920 | return=-138.27 | steps=131 | track=8e580359cc82c30fc32e41d07736fc29
global_step=20032 | return=-159.90 | steps=130 | track=1cdbc16d645dc4c26e273941216ee2c6
global_step=20080 | return=-5.63 | steps=63 | track=749fca92582d04d0a0b4e609f751758e
global_step=20144 | return=-141.43 | steps=131 | track=6ee32e9620aba087138619252ea17b9f
global_step=20320 | return=-148.12 | steps=131 | track=1458ab93ad9ac247b24c74b6f17ba106
global_step=20336 | return=-143.52 | steps=131 | track=b85202a69ffcb87b01a28e88fc8032b3
global_step=20496 | return=17.31 | steps=67 | track=5c8f25ac0b19b36c08a9383a41f04282
global_step=20736 | return=-140.40 | steps=131 | track=73a58a547e77d1b318986c9ff8e3c5de
global_step=20816 | return=-139.41 | steps=131 | track=6c6885a1ddb4a393879dfbde6942c2ff
global_step=20848 | return=-149.90 | steps=132 | track=7de5aa4aaa295571ec2993f4e7c87baf
global_step=20896 | return=-115.66 | steps=110 | track=063dcd06f6be39a8523aeac820121b74
global_step=21568 | return=-139.44 | steps=130 | track=a84df3615a860ca8fade36daa93798d4
global_step=21696 | return=-142.40 | steps=131 | track=ee9bb593e82dc95bd09fd283a41e9029
global_step=21744 | return=-108.43 | steps=241 | track=95586aeba0dc2cbe79e5e0e891944b88
global_step=21760 | return=-111.86 | steps=88 | track=94142c6a4f7b83f1aa689e5f35edccb7
global_step=21776 | return=-26.64 | steps=64 | track=d6764d333748ba2c28a57157b26c7f09
global_step=21776 | return=-42.06 | steps=57 | track=683f0666b6aa0f6a162a3debb44c7134
global_step=21840 | return=-150.43 | steps=131 | track=55662748716c69473b84032ca812e8e0
global_step=21952 | return=-92.41 | steps=112 | track=7e4f6d6cbc6546a3e5d37b1643105c57
global_step=22016 | return=-147.19 | steps=130 | track=e6a618afe129946d1cd43293ae4d28ca
global_step=22176 | return=-108.68 | steps=130 | track=37fcf60a342590c1fdb46b70ba5d1f53
global_step=22416 | return=-163.24 | steps=130 | track=a8d55979e70ed4545f003b02b0808035
global_step=22560 | return=-25.49 | steps=49 | track=f58c24621f3507ba52c3d287debd3894
global_step=22688 | return=-141.85 | steps=237 | track=4dd70984f3474245a07091ccf2696515
global_step=22720 | return=-38.31 | steps=63 | track=c52c01c25d1aaad1d75f8da5a9bdb964
global_step=23008 | return=-140.73 | steps=131 | track=20a6179f666a13d2e32a49b30f58912e
global_step=23136 | return=-16.03 | steps=144 | track=ca6a2c197abead09fd8330a0f7a8082b
global_step=23248 | return=-109.99 | steps=171 | track=aa2a0614ffa44bb9cd228ed05fe754b2
global_step=23264 | return=17.67 | steps=67 | track=0705a3ac46b0d78af61f9dcd3c2a3852
global_step=23664 | return=-148.25 | steps=117 | track=28e23a5d930f5fbaf0b5d3bb4a29e9a2
global_step=23680 | return=-140.30 | steps=131 | track=0855bbf355ad43e4c6711af7b79640fd
global_step=23744 | return=-61.99 | steps=231 | track=3c3a109668287dde75612d3c16495124
global_step=23856 | return=-140.07 | steps=131 | track=8cd66f1f1835bb38e6548f3765e763e9
global_step=23872 | return=-88.16 | steps=90 | track=f3bd18f4c1c143e4813cbfb8469b28b2
global_step=23904 | return=21.77 | steps=83 | track=38065ba4fa1a72c00556ac06a4000054
global_step=24128 | return=-144.72 | steps=131 | track=9b1c08b71b22334f109e37a86d63fc6b
global_step=24736 | return=-114.01 | steps=99 | track=07a2ff643deb51251bf4be50db4c1f08
global_step=24752 | return=-129.12 | steps=108 | track=b92880cfa1a704abf50ca2b0d83d1180
global_step=24800 | return=-129.67 | steps=131 | track=77fcc590bed8d3a09b3bb83fa44d3f57
global_step=25104 | return=-112.32 | steps=207 | track=0abd91ce747f3f05437d32285a4c9b05
global_step=25200 | return=-88.06 | steps=66 | track=ed115d55fd71d9a19352de28a65834f4
global_step=25344 | return=-196.54 | steps=211 | track=15536e9c4efca8de07cdbd48fa5658ff
global_step=25360 | return=-142.72 | steps=131 | track=857b76d179658093bf367f77847dc6ff
global_step=25360 | return=-149.11 | steps=130 | track=ea0040e0b938cf3574bc3a094f639e17
global_step=25680 | return=-71.50 | steps=184 | track=021ed19681082857bfd6699559ee5588
global_step=25760 | return=-140.83 | steps=130 | track=a2ae9cf087bcbb36a8cea6f830127ecd
global_step=25776 | return=-155.20 | steps=130 | track=91f904c9a680b3597f5c1c45d3a573af
global_step=25808 | return=-263.24 | steps=247 | track=9878b5ec7a25f81eab06c6f08433394d
global_step=25856 | return=-148.21 | steps=131 | track=bbbba2399df0b6330177651dafae9d02
global_step=25952 | return=-146.34 | steps=130 | track=fcad72326c18a73de2140f3ec076cf08
global_step=25968 | return=-102.41 | steps=130 | track=1610e2e6ed242fc724484f8e21b8bfc7
global_step=26000 | return=-148.16 | steps=130 | track=379cf26054cf41b7e88b26d7cd978ee9
global_step=26448 | return=-16.05 | steps=67 | track=54e84e22c88a6b8771009844eb3e6e7d
global_step=26560 | return=-70.17 | steps=49 | track=57851e704832cb357800886095b45747
global_step=26848 | return=-26.68 | steps=108 | track=b92608745678de20c4aca0d9d577502b
global_step=26848 | return=-159.87 | steps=131 | track=2bebd3b0f90b60a78902142586f5e5e5
global_step=26848 | return=-139.78 | steps=130 | track=c83168e6a621fa5682944d7a5203b717
global_step=26896 | return=-117.15 | steps=96 | track=4109f1e46d23448fb8863e9261dd371f
global_step=26896 | return=-152.04 | steps=130 | track=2115acd46ccda051a5c8cc397b1bb054
global_step=27200 | return=-52.44 | steps=39 | track=7752b5295f9bfe7c0ad685a2daba7919
global_step=27296 | return=-150.31 | steps=130 | track=9721ad4cecf8a0a6da89f3ccdda48db9
global_step=27456 | return=-9.09 | steps=62 | track=77e57eb3c315eb54251062216fc88b80
global_step=27456 | return=-143.78 | steps=130 | track=ea151b4b4fa1c578a83990cda8712dff
global_step=27776 | return=-107.99 | steps=110 | track=8c03586829a765d0bdd6c6a4210a4690
global_step=27888 | return=-139.12 | steps=131 | track=65a7303b917ae2e751016f29975e6dcf
global_step=27904 | return=-148.04 | steps=130 | track=0c406e93a206418489b3d48ce358af3d
global_step=27920 | return=-90.28 | steps=139 | track=914c457e665add2c2240c063a00ecfdb
global_step=27936 | return=-58.51 | steps=67 | track=215c84b131a15412690cd9dec464d254
global_step=27952 | return=-151.89 | steps=130 | track=e72c8a286ad849042bd43fb786d4f9eb
global_step=28064 | return=-134.55 | steps=131 | track=ce4e2e00f99e409ea0d144b11328a25b
global_step=28064 | return=-141.02 | steps=130 | track=4a319b64262a89c65edb9d72e8dc4333
global_step=28960 | return=-146.06 | steps=131 | track=589d901407fa9c84f58c81fb83452050
global_step=29008 | return=-156.27 | steps=131 | track=4315045cebc23e71e768590d6233b5b0
global_step=29008 | return=-139.85 | steps=131 | track=f723adc3f04a89794201788a60d11ada
global_step=29024 | return=-111.08 | steps=135 | track=94c1b03e9c799dc1b301e18438528730
global_step=29088 | return=-65.88 | steps=111 | track=fe0be74a31b78b76b6d42ab5ac58f240
global_step=29120 | return=18.76 | steps=65 | track=0cfd33d8a8629c8311a3bd113c9fcbcb
global_step=29136 | return=13.37 | steps=66 | track=db4204575a978a87e750fb39d28c0314
global_step=29312 | return=-152.87 | steps=131 | track=19d7dd6f59826f6813e6f7a94883df5e
global_step=29552 | return=-162.00 | steps=130 | track=468ffc72adc872a0ebc5757eddf93514
global_step=29568 | return=-136.84 | steps=131 | track=d2f9dd67821b55e9d87cd57e3b25276a
global_step=29888 | return=-155.19 | steps=131 | track=af31f648317f24f7046ebadbad92735e
global_step=30112 | return=-124.99 | steps=137 | track=06914082a59f638ba4e8969e2bf12092
global_step=30464 | return=-44.88 | steps=157 | track=67f18ccede555985b2c6d1dca12ff7ca
global_step=30496 | return=-73.39 | steps=162 | track=bea612faa279dfb863302da309a7e375
global_step=30704 | return=-119.08 | steps=173 | track=52bddccfecf608f6e1172e40f9877abe
global_step=31072 | return=-140.51 | steps=131 | track=f0e16c4f00b08961b02ea715a6cbf41d
global_step=31120 | return=-149.68 | steps=131 | track=c6d0ae59e37b50407d8c27437c39515f
global_step=31120 | return=-134.89 | steps=131 | track=3d645ce1abf67368b27497b2e6ee338d
global_step=31168 | return=-4.55 | steps=65 | track=cadff6f5bca35c70737ac9f14f23af72
global_step=31200 | return=-146.61 | steps=131 | track=0d72ab7e18dbf900831e2b4904765151
global_step=31232 | return=-143.07 | steps=131 | track=e8e3e482f94bb327eac3552f3f968c8c
global_step=31424 | return=-229.34 | steps=216 | track=1be87454326f2fc9d08a5fc7f4cb134c
global_step=31424 | return=-143.00 | steps=131 | track=abf6233b34b9fe8a987bdb3c772d9c51
global_step=31728 | return=21.38 | steps=78 | track=a4120b080d5f091f8b67b2c5de02def2
global_step=31856 | return=-78.88 | steps=176 | track=b582c5d6a5ee89dd467e8400b75d5d88
global_step=32192 | return=16.09 | steps=66 | track=08f6c45acc94e39e81e88bad117c2ceb
global_step=32256 | return=-49.17 | steps=194 | track=43cd075bd3d3013b30c25bb93db8178c
global_step=32512 | return=-110.84 | steps=89 | track=59f9ee1c8f4cbdfa15b6382483f4be1e
global_step=32608 | return=-138.50 | steps=131 | track=cdc331b562dc98f6f5f087cf76e19b6c
global_step=32768, SPS=78
global_step=33072 | return=-108.27 | steps=102 | track=8d46f7c2e323b808c5a51b70e2b05cfc
global_step=33120 | return=5.84 | steps=86 | track=f649c38687cb24e873b1b765bc0bf6b9
global_step=33136 | return=-57.91 | steps=58 | track=3567e92722e2c8b8030225ca7bf13451
global_step=33232 | return=-144.33 | steps=131 | track=1bc313b33dfc8ce0fc7db79e5d314c9b
global_step=33264 | return=-149.60 | steps=130 | track=a8f8ce6ac43119cd7afc360b117d76a7
global_step=33312 | return=-1.44 | steps=65 | track=976340698f42cfeeec3b0b4dc4384c06
global_step=33312 | return=-140.51 | steps=131 | track=083631aa2b507651b955c1b63d28677d
global_step=33344 | return=-144.97 | steps=131 | track=f4fd64230ad811497d6d34fb9877a0da
global_step=33504 | return=-40.37 | steps=61 | track=c3541d310a2f225c684509ddaac254f1
global_step=33520 | return=-132.79 | steps=130 | track=0b6a2cbfd60d5f3456b4e9e8ef6a67d9
global_step=33888 | return=-8.22 | steps=270 | track=382169a94b01098c19633ca35b3ecd50
global_step=33952 | return=-146.34 | steps=130 | track=5e7ef4c22022f156aae809a292b4e112
global_step=34000 | return=-127.60 | steps=205 | track=04749185b1ea31e672ec5696fe8efdf1
global_step=34320 | return=-49.64 | steps=74 | track=7a66dbaf0c3595fc0a307c2e25c03109
global_step=34496 | return=-54.64 | steps=73 | track=6c328eb5ea3cd7fdad1d645b82915be0
global_step=34704 | return=-15.20 | steps=91 | track=38d95d076d172cc3635fff88c68cbcb7
global_step=34720 | return=-141.40 | steps=131 | track=09c57b93440b4622e3e0499684b1c391
global_step=34912 | return=-241.97 | steps=313 | track=ca9d9c82b07ca588a650b46b37019826
global_step=35056 | return=9.57 | steps=65 | track=24da9a59daaa5c6d8c0e9e857d80cad8
global_step=35168 | return=-118.30 | steps=130 | track=4c3c8d1272a56ed54833e6326cc531c5
global_step=35184 | return=-116.47 | steps=350 | track=4a3edb356ae5f5edbd8078aac45bd5c6
global_step=35248 | return=-139.46 | steps=131 | track=f04b42b2664ba19395cf58848dd5f366
global_step=35376 | return=-150.61 | steps=131 | track=e05e4e05dd0ae1fa5247471c45dcd567
global_step=35424 | return=-112.68 | steps=129 | track=c7e05cf68da7b07762493bcd2ec81d7c
global_step=35424 | return=-133.81 | steps=131 | track=3281d6f292090f55b1bdd7c77a1f443b
global_step=35632 | return=-109.78 | steps=132 | track=950c07768171c48bdcca6ca5d60be4bc
global_step=35632 | return=-134.53 | steps=131 | track=41b8eba0e361cfe0ab988574bf73682c
global_step=35744 | return=-18.32 | steps=64 | track=ffdb8db6d7affa70e9708adcf86f6291
global_step=35824 | return=28.93 | steps=68 | track=d9855aad20df5c29a9ff2172cc324da7
global_step=35872 | return=-79.78 | steps=43 | track=8019529d4ea24e4a52ae548893546df4
global_step=35904 | return=-71.58 | steps=40 | track=40f47eddedad17d19b397b7419f2aae1
global_step=36000 | return=-138.93 | steps=131 | track=37f3eb4244d58de1499210fae44fd4e1
global_step=36064 | return=-135.61 | steps=131 | track=2daa7d42638da8f818512dfeb0416fa4
global_step=36272 | return=-7.53 | steps=67 | track=15d2ef8c929019d1c06078ccdf05b32f
global_step=36432 | return=-106.09 | steps=131 | track=842c422f5f3685f9f8d3eaca18b41787
global_step=36672 | return=-107.20 | steps=100 | track=994163bc85981413aeaccdb154052860
global_step=36784 | return=39.23 | steps=71 | track=a6884b577cce9ebce63390b953d2bd2f
global_step=37104 | return=-6.97 | steps=64 | track=6b4c7cd734f6c7a1b6f7196827c19c8b
global_step=37520 | return=-8.18 | steps=162 | track=cf369004d5ae1f81ade1db94a073d7d8
global_step=37536 | return=-159.21 | steps=131 | track=76512183b45b89be84f93ff8acd077f1
global_step=37536 | return=-145.39 | steps=131 | track=67aa6f1ba6f38a9d9594467b68507bb0
global_step=37744 | return=-134.67 | steps=131 | track=790d985cd38291737dd00502c4e89d0e
global_step=37840 | return=-113.67 | steps=130 | track=1928648427136aca6774f30752756fe4
global_step=37936 | return=-138.96 | steps=131 | track=ac27181e3f73b8e7aa82c2703d423cca
global_step=38016 | return=-144.00 | steps=131 | track=cefff4e5b0f7b8a1be2e8cd8d8e8a51c
global_step=38096 | return=-164.78 | steps=130 | track=17d9aeab1843789eb4b57ea97cbfb9e5
global_step=38336 | return=-93.25 | steps=153 | track=60260ef707c3d32ec4a0e85c53963298
global_step=38528 | return=-146.38 | steps=130 | track=f4b20ece05bc2f032a33f11fe67835c0
global_step=38576 | return=-96.94 | steps=254 | track=9fd03d91bf42bec4f203fcfe2c84d310
global_step=38592 | return=12.93 | steps=65 | track=50a5b06ac2fe9a42d520d0fc88312374
global_step=38704 | return=-34.43 | steps=151 | track=a8fceb74e11187bd4fa99d45c9bae230
global_step=38784 | return=-140.92 | steps=131 | track=50bdf701b28107407e8cce3fd9bb3c77
global_step=38896 | return=-146.55 | steps=131 | track=9f2e17cb638be51cae6a458bb3eda344
global_step=38992 | return=-8.69 | steps=65 | track=cb45ff898061d739fa59ed2c21ef28bf
global_step=39072 | return=0.40 | steps=65 | track=4872cb6e127ee8ec3e7bd0ab0d9efd72
global_step=39216 | return=-140.98 | steps=131 | track=ee9dcc9756f0c17da7cf60c64528be38
global_step=39456 | return=29.76 | steps=69 | track=ea51d04f76ebb134764798b87375dae5
global_step=39456 | return=-66.13 | steps=46 | track=d03557f8f56b8295998acabd47e68609
global_step=39584 | return=-122.39 | steps=262 | track=c6f33ccb9a40a36a1d82ddef13467d5d
global_step=39632 | return=-150.72 | steps=131 | track=a02600983092c809428cd90d0657ce44
global_step=39632 | return=-137.22 | steps=130 | track=a8f307af7ef57a0d392c1417ca805c43
global_step=39856 | return=-150.55 | steps=131 | track=0ba5bed602c358f25cd0e88aed5f577d
global_step=39952 | return=-124.36 | steps=131 | track=1af1827466884309e0c7e2c71120868a
global_step=40208 | return=-141.43 | steps=131 | track=9f2c1ec5e49752d4aeb98ee3cafe7941
global_step=40464 | return=-10.89 | steps=62 | track=4131cd075c3abfb9d6eced11709e63db
global_step=40640 | return=-156.60 | steps=131 | track=93b14048a1047884f0ca6e91dce21f17
global_step=40672 | return=-158.58 | steps=130 | track=9f812ba9b81ce7e18725f8475d87986d
global_step=40688 | return=-157.84 | steps=130 | track=81da1990fc14e8657fc4430c7baabaca
global_step=40976 | return=-118.17 | steps=123 | track=5bcd1ee4afb8f451ac669e6add7dc6b7
global_step=41328 | return=-154.88 | steps=131 | track=9db455ebcb31e21342a5083bb5bfcc59
global_step=41552 | return=-165.19 | steps=130 | track=40a11aacb2b47242d3f5dd5953f334d1
global_step=41552 | return=3.96 | steps=54 | track=5537b78851eb3524ff9710510c71cc70
global_step=41664 | return=-131.19 | steps=172 | track=86906c1ab73fea07ca567247bd054aa3
global_step=41680 | return=6.80 | steps=64 | track=6285f2013dee9da7e01d4d08ee7aec4f
global_step=41696 | return=-144.26 | steps=131 | track=d07b0b001ec1741ffc836aa67cbda219
global_step=41744 | return=-154.01 | steps=131 | track=95fee7fc2f9f33c36cbee97b4d6ea7c3
global_step=41744 | return=-146.77 | steps=131 | track=fc69e0fd89d0ff55dfabd8e6bb6c185e
global_step=41792 | return=-137.69 | steps=114 | track=f86535d046c089d7e0349c080fb6851b
global_step=42016 | return=-100.61 | steps=201 | track=b51923086c2ef93221f6329cdd5e55e9
global_step=42496 | return=-199.08 | steps=213 | track=13a094666beccd93ad224ea55e61f153
global_step=42560 | return=-169.17 | steps=130 | track=0e1e47e0022c5a3c61958e9d140ab861
global_step=42640 | return=-61.91 | steps=151 | track=ec47af50c7fbbd38cf67c334abd33831
global_step=42752 | return=-52.38 | steps=45 | track=9217ec7afd9be838380859a00b361f5e
global_step=42784 | return=4.96 | steps=67 | track=7f189b166bd3b55a767515a231978d35
global_step=42992 | return=-110.22 | steps=89 | track=e40465cf3e737c100097b097b6317f7f
global_step=43232 | return=-48.39 | steps=41 | track=d297b2437788155663a4c25734e8f4ae
global_step=43440 | return=-146.94 | steps=131 | track=187d5713787ea9f23f01b8c0d2cc4004
global_step=43616 | return=-165.90 | steps=182 | track=a06db221b018b8aed160fced11c3e210
global_step=43632 | return=-116.29 | steps=235 | track=5d5fc72dbd67bdc081d4c8d7ccbe1f5d
global_step=43648 | return=-150.31 | steps=130 | track=ed3fe8464537cbe5830549c3374538b6
global_step=43696 | return=15.79 | steps=65 | track=10b541730d5658a30300cca30e874d61
global_step=43760 | return=11.51 | steps=78 | track=6c72c5cf8a2e58835380531997a428c3
global_step=43776 | return=-143.01 | steps=131 | track=521c8a558308f9d9406a8686b34e46ad
global_step=43792 | return=-141.21 | steps=131 | track=47cdc530115aa9664ca21058cd196325
global_step=43856 | return=-138.96 | steps=131 | track=27cc2a92b3ac90472ee38e897347e250
global_step=43904 | return=-154.70 | steps=131 | track=8a36607728c8b98fc615461f10270c80
global_step=44560 | return=-143.78 | steps=223 | track=1aa5dafe6db11d75fd2c7108ec53c012
global_step=44864 | return=-145.00 | steps=131 | track=877900fddd3f8abc954e7f331d106c49
global_step=44896 | return=-144.41 | steps=131 | track=c9d3f46d06d7236ad45078fcd8f73721
global_step=45088 | return=-146.98 | steps=130 | track=7482bf0a0d35e106f434aa45188eb4dd
global_step=45760 | return=-142.09 | steps=131 | track=b4d9b9132893e5e0e6cfbdc00ede2a5c
global_step=45808 | return=-130.43 | steps=131 | track=4a489c35c69e4f491772c6aa9fd1256b
global_step=45856 | return=-56.97 | steps=256 | track=6c96e7c7fc98e3611d9d47acc29c9272
global_step=45888 | return=-172.92 | steps=130 | track=6e83e81a4ca86f51f42d1b6f3e41600e
global_step=45968 | return=-86.59 | steps=145 | track=474bd38e55e41a813bebd5b1f55660c1
global_step=45968 | return=-143.67 | steps=131 | track=f02ca69e9bb1099a75baef62ed18ff72
global_step=46016 | return=-138.93 | steps=131 | track=e8e8a7289001bedc5f73bf77ecae0bfe
global_step=46032 | return=-45.81 | steps=150 | track=68b069826ccf6a535edd7784954818b4
global_step=46096 | return=-111.13 | steps=178 | track=6739e2a492b235745218de54297e051d
global_step=46672 | return=-136.00 | steps=131 | track=2f4a7214a04bb1da1639ffeddd073309
global_step=46816 | return=-137.60 | steps=210 | track=71713c493e209ed4f078ef99a9716150
global_step=46928 | return=27.37 | steps=69 | track=2110cd689d7e48f2abf5c91b7438b720
global_step=46960 | return=16.10 | steps=66 | track=1dbccbcae27eb1c68e5331ac622915aa
global_step=46960 | return=-166.79 | steps=130 | track=bcbd66c3cb6ca2f15eb23018a2501162
global_step=46992 | return=20.57 | steps=55 | track=e90de0563cae2023fa9d1f11884f6cea
global_step=47008 | return=-137.34 | steps=131 | track=bffdb94f098a101ceb23d076b3d27e13
global_step=47200 | return=-151.56 | steps=131 | track=aec857af380196f7ca13dfc2185639a5
global_step=47616 | return=-122.55 | steps=240 | track=f11943480bde2dbe748bfd9c7f5d1e35
global_step=47728 | return=-72.71 | steps=105 | track=9e9837b173eba3387293b952682001a9
global_step=47872 | return=-137.56 | steps=131 | track=b475061775cf67578899807107006c6c
global_step=47968 | return=-141.43 | steps=131 | track=de0fcd4987bdb8d95e18b063f72dd734
global_step=48080 | return=-138.94 | steps=131 | track=0eac7198a18140ff7ad2fc20fc135234
global_step=48128 | return=-145.18 | steps=131 | track=8646d9eba8f3b7dd1b46fbef66f9c2d2
global_step=48144 | return=-133.53 | steps=272 | track=60c042e739f09a4fd7ee25e0d056a18e
global_step=48496 | return=-49.73 | steps=47 | track=80a790caa3cbbea964ecf9bc96a33f3f
global_step=48704 | return=43.57 | steps=67 | track=377d2b171b6325200769b223806f3203
global_step=48784 | return=-152.53 | steps=131 | track=2c15ca7177895105f8cbeea87d333b2e
global_step=48800 | return=-1.74 | steps=51 | track=172c56ef65473b4fd093a4001aae486d
global_step=48832 | return=-122.77 | steps=101 | track=7d6b28f6121bf8eafab1595c8e9572f0
global_step=48848 | return=-71.48 | steps=60 | track=f5288c3d7e50fc64bae842eec1f4123b
global_step=49040 | return=-141.52 | steps=131 | track=a393d042ad31c3827597204a3c28b98e
global_step=49072 | return=-145.80 | steps=131 | track=0da7098b73c61aa79fd2cf304c4f707c
global_step=49072 | return=-162.20 | steps=131 | track=99e5ac84bc7b126bf558da20c2cd3fd5
global_step=49104 | return=-157.46 | steps=131 | track=e36786268f366f2b81f9865225b9c797
global_step=49152, SPS=76
global_step=49200 | return=-20.89 | steps=66 | track=9423939e651db6594f2e2afb36ce5a64
global_step=49296 | return=47.46 | steps=207 | track=c8672c84abba58cdbe538bfc8c9cce79
global_step=49392 | return=-89.14 | steps=148 | track=82bfc847268e088ec2317fe0500cb984
global_step=49712 | return=-9.46 | steps=62 | track=cf3739e1143d55aabff2f4cd0acb18c6
global_step=49728 | return=-111.43 | steps=98 | track=b1cb5f82a9062700e3669069f296edf4
global_step=49776 | return=-83.70 | steps=58 | track=eb8cc69ac4f8c3656344aab5b22b5bb5
global_step=49792 | return=-18.21 | steps=62 | track=8282439d26b17c21c5a59224d11c4ce0
global_step=50048 | return=-18.55 | steps=60 | track=d016d3bf93bbf3402cf250d2dc361d5e
global_step=50176 | return=-153.41 | steps=130 | track=f47058c80addb3c3392cc2d8f579a42d
global_step=50320 | return=-137.61 | steps=113 | track=4ff5ace2675cd1eef5da54662cb3c11b
global_step=50352 | return=-37.39 | steps=93 | track=9b764a69f78c9454f56269ad65a636b1
global_step=50768 | return=-114.53 | steps=105 | track=7f7c40569b4b12dd969d8d58260bef1e
global_step=50928 | return=6.80 | steps=70 | track=0bb021d2e94099c31341c51ae60795b4
global_step=51136 | return=-149.42 | steps=130 | track=cffb774b06b662cad7d0f4ce908974fa
global_step=51216 | return=-144.41 | steps=131 | track=fd017fc3e109f4d0ac01f3052c40bcd0
global_step=51232 | return=1.09 | steps=73 | track=f515025f9825bf1f7cc1b2122178d366
global_step=51312 | return=-119.12 | steps=131 | track=c595778c526cf85e76e4772b37a707ad
global_step=51392 | return=-103.94 | steps=130 | track=3c4a0d12ef9b427d472a235ac7fdcbbf
global_step=51504 | return=-137.80 | steps=131 | track=30eb5dcd2bf7217c1bfc842faacd3780
global_step=51760 | return=-96.81 | steps=89 | track=6bc88393984b6b7f8e2227c6571272d5
global_step=51840 | return=-134.20 | steps=131 | track=334a85a9da1cfe508e8ed2e58c570e19
global_step=51888 | return=-107.05 | steps=131 | track=2f2d7c360eebc5a968690661c1940bbf
global_step=52240 | return=-16.42 | steps=62 | track=8c7229576068f06fbed3b915287ccc2e
global_step=52288 | return=-149.19 | steps=131 | track=efe1811ec9da3deca7671517661735f2
global_step=52464 | return=-163.99 | steps=131 | track=cb13a1c8b31121ddd95ad0daf72e12d6
global_step=52512 | return=16.61 | steps=69 | track=b66cff15fd6d4d5428344840b952a931
global_step=52528 | return=-54.54 | steps=86 | track=4e23f144d6aabddc5797a19525fd2d7a
global_step=52752 | return=-79.74 | steps=123 | track=e75ec07d497c184c01d51f0b769ebbd3
global_step=53264 | return=-71.83 | steps=46 | track=6f36e24252b1e9a5892d30e741e9de61
global_step=53328 | return=-145.35 | steps=131 | track=691e4c8bf9e5e5b7e9ddb703bf2d0854
global_step=53344 | return=-138.82 | steps=150 | track=c94479533dfb8643fefb6e647e168736
global_step=53424 | return=-163.80 | steps=131 | track=b6fd7d2b06d517a7c8e6e0901de58b93
global_step=53424 | return=9.06 | steps=73 | track=b146c28c97ac99ed5e3c2e297a111936
global_step=53840 | return=-161.30 | steps=257 | track=55616bafd6ecd0da620080643c101c22
global_step=53872 | return=-145.60 | steps=131 | track=c80d6142db86c0a59b8f0aaeeeee8c23
global_step=53920 | return=-102.56 | steps=443 | track=ee1a21933772c1f78d7e3c7c94666e28
global_step=53968 | return=-141.26 | steps=132 | track=75f8c0da2482e12aa3a7379ea2951bfa
global_step=54000 | return=-157.82 | steps=131 | track=6f3d601ed7d7600da007a18b1844c620
global_step=54064 | return=-251.92 | steps=328 | track=c0be77872df7c8be2d3e21fd45c44e75
global_step=54160 | return=-107.43 | steps=87 | track=ae8090092f413e6a4843340c1a7ab32d
global_step=54384 | return=-132.58 | steps=130 | track=fdbcf64ec8c10777aaaa32ea035a2d4d
global_step=54640 | return=-140.53 | steps=131 | track=98e66c1e95aa0274d2afcb7c9f1fb3f7
global_step=54720 | return=-183.71 | steps=200 | track=037b58347d08bb2ca4801668b554c5e1
global_step=54736 | return=-68.50 | steps=91 | track=c8dea11cebc5ecca896c42799c1cdaeb
global_step=54992 | return=-123.49 | steps=157 | track=a2d12587c55dedc76ec9ad488123c9b2
global_step=55120 | return=-3.29 | steps=65 | track=df7a94fb96682de449595417ca2d0b04
global_step=55392 | return=-69.03 | steps=76 | track=62b1464960b09c490d0fe34fdd2cf9db
global_step=55456 | return=-149.19 | steps=131 | track=e40fe745c26e34c45d2edc6797c1a856
global_step=55488 | return=-9.94 | steps=134 | track=58dc7ee278d09f8f90092214ce162625
global_step=55536 | return=-136.35 | steps=131 | track=8e98b847fe6f5a45841149b0f78708f4
global_step=55536 | return=-143.41 | steps=131 | track=eae66245f33f73bf33ae4b6fc421afda
global_step=55952 | return=-141.16 | steps=131 | track=663e92451a74433a685aa07de104aee6
global_step=56032 | return=-145.25 | steps=131 | track=6bf7f1134ac8f7ddece89f6b412df61d
global_step=56112 | return=-145.80 | steps=131 | track=f85f8bbc772e95d9055559c78f9f071b
global_step=56224 | return=-74.58 | steps=45 | track=8aaa1884f6ddc500a9b28108bcb45391
global_step=56256 | return=-62.21 | steps=148 | track=059744146b3dc63e1471a889390688dc
global_step=56496 | return=-141.40 | steps=131 | track=b33abcb2f31fbdcc46ac502c856e5119
global_step=56816 | return=-132.88 | steps=130 | track=9df8c9a8ed6538c68058faa66740af5f
global_step=56880 | return=-65.94 | steps=133 | track=bae852edb589492b2f588d020144b34a
global_step=57088 | return=-143.48 | steps=130 | track=e81e8220b11943d47b5ebae244f991ff
global_step=57088 | return=20.02 | steps=65 | track=ba46431690d3c6cf05a0d36f11ab68f8
global_step=57232 | return=-139.38 | steps=131 | track=0f8a53ff0862c74cc2307f163247700f
global_step=57312 | return=18.51 | steps=67 | track=7efc9e55cfbd2c6678bd796c5af8e980
global_step=57472 | return=119.42 | steps=94 | track=f147ce1f91bf2a4f1f910f92b3653170
global_step=57488 | return=-145.19 | steps=130 | track=3377cf41443e862ddf2f2e61c844cd26
global_step=57552 | return=-140.27 | steps=130 | track=c6a391cd0f6818166e2f91b559587c5e
global_step=57632 | return=-159.52 | steps=130 | track=35da9f61a2e57563eb5701aa9995cce8
global_step=57648 | return=-146.21 | steps=131 | track=876f1d3aa8ec42ce8d2cd26e267394ef
global_step=57744 | return=2.33 | steps=193 | track=d44ce77cf3b565636ef997ee0929ee3f
global_step=57808 | return=-180.56 | steps=239 | track=95eaccfa428591112f69d24bd5074056
global_step=58208 | return=-149.94 | steps=130 | track=b17af8a16abff8ba136a3ff52636237f
global_step=58368 | return=-138.15 | steps=131 | track=e44e582bad0b88240a73b6e6a0faa0d6
global_step=58576 | return=-108.87 | steps=129 | track=c8da81331422bd3b5236d61c76468b05
global_step=58768 | return=38.49 | steps=69 | track=88a5fe02627cdfd7fa6da9dbef7e8db1
global_step=58992 | return=-132.18 | steps=131 | track=801de4dc5a59399348173da28be2fdd4
global_step=59008 | return=-101.75 | steps=136 | track=776c5417265a288d1439e1cc65ceeeb8
global_step=59008 | return=-134.39 | steps=110 | track=caa9890b29bb25c1bc950b15f616ba57
global_step=59200 | return=-141.99 | steps=131 | track=34ecf5cf30ef78c8cc36380338cb1781
global_step=59424 | return=-137.55 | steps=131 | track=f222b3238e5a341a9d29eef9afaf48c6
global_step=59600 | return=-130.66 | steps=131 | track=0cf9095b0be7bf91ee5df1fa5af4ec81
global_step=59664 | return=-130.73 | steps=131 | track=32b0d228958afb53d89ef8494f161a0f
global_step=59712 | return=-92.99 | steps=139 | track=b673a1bdb06b75069fada33ca63a6acd
global_step=59728 | return=-138.73 | steps=130 | track=e80bedb5898936917634882bdf9f5c31
global_step=59856 | return=-146.00 | steps=131 | track=b975409625a64353980d458666a5b070
global_step=59920 | return=-145.23 | steps=131 | track=9bad2e269136620af29ca6fbf870fc28
global_step=60016 | return=-86.65 | steps=102 | track=1b12a9bdd6d3383be3d4a6616db7fcf7
global_step=60048 | return=6.59 | steps=64 | track=ee74c9bea9e0c5d278f4817db718ec42
global_step=60320 | return=-152.45 | steps=131 | track=c55ce3c29a667ed9763046542ba5eb0f
global_step=60640 | return=-55.05 | steps=102 | track=4f56a1a6ebd5a35197d2f508e55f9c76
global_step=60688 | return=-37.34 | steps=63 | track=d03cc30cb58ea3a9bd2d5ab599b9d3d7
global_step=60688 | return=-144.58 | steps=131 | track=963d8e0f8185273aa466513d831606b5
global_step=60752 | return=6.79 | steps=64 | track=ff18683b0659f5279671fc452901837f
global_step=60880 | return=-89.56 | steps=131 | track=7e3253f412b5f78eca41fb9fb64a84e5
global_step=61040 | return=5.56 | steps=63 | track=638e795b5c84a03707dcb3c24bea153d
global_step=61104 | return=-67.76 | steps=65 | track=9bff1f4e0836dc5d41c0433ac4aeaf49
global_step=61120 | return=-159.54 | steps=131 | track=a16595e725a44b3ad34f2a7bda41def5
global_step=61232 | return=-165.87 | steps=258 | track=3af8abe022dbf6386a7f2c902839247a
global_step=61424 | return=-71.10 | steps=48 | track=d98980d58448e73f8f3057b890cc337c
global_step=61568 | return=-115.89 | steps=147 | track=2d3d7054ca8ba19fc40f5ac0bd13b4ff
global_step=61648 | return=-124.80 | steps=107 | track=35c9814dc5ed62d696073f83655aba9f
global_step=61712 | return=-147.03 | steps=131 | track=368b83b2fd16ceee79a45b646fd9608a
global_step=61824 | return=-70.74 | steps=149 | track=7ac310ec6b149b66ff75663feaafc102
global_step=61840 | return=-134.20 | steps=131 | track=4fe74097c874171396b1c5f1cb178bda
global_step=62256 | return=-116.19 | steps=149 | track=c6b287917e2b6e0c2339633489542dbe
global_step=62416 | return=-125.81 | steps=107 | track=ab040e1c0a7b11f04ea3145b12074e79
global_step=62432 | return=-139.57 | steps=131 | track=a18adaaab218381a23c3d4ddbd62eaad
global_step=62448 | return=-62.20 | steps=45 | track=792d64bfa6403055a2ad1abef249ad1e
global_step=62512 | return=14.16 | steps=86 | track=afbf4a1a34ce1e3ccf16c3b9abd2910f
global_step=62768 | return=-79.83 | steps=117 | track=85a5a90f482cd9a781987fb2786210a2
global_step=62800 | return=-159.62 | steps=131 | track=f0279f9b36b9027d86c74abfb5f9da7b
global_step=62864 | return=-146.13 | steps=131 | track=8292d1c28480808e3d6640145430fb0f
global_step=63072 | return=-67.16 | steps=114 | track=e6f8c9fca110c2ad144496534816b062
global_step=63136 | return=-140.34 | steps=130 | track=e9cb7ec717318f3e2c3d98158cf3091a
global_step=63232 | return=23.69 | steps=86 | track=b0efd9b8b006e9ee06acdf2850f542c0
global_step=63760 | return=-141.55 | steps=131 | track=aec54adade41f59ba0b77d6aed97c31f
global_step=63792 | return=-125.75 | steps=138 | track=39dc3f02db013b48d709d87c6d278bd9
global_step=63904 | return=-23.39 | steps=47 | track=dcddcbe85e54b484bf24e9a4abf1da32
global_step=63936 | return=-145.47 | steps=131 | track=834ae48ca7fc116f565a37416d6cdaf8
global_step=63984 | return=-130.39 | steps=179 | track=0b13cb40942577000a00c0ba4a16fe2e
global_step=64192 | return=61.32 | steps=172 | track=5e399bee74fdc670c73d596fe103e16f
global_step=64368 | return=-141.51 | steps=131 | track=f7a3870c52633138e3df0ec156d14cd1
global_step=64528 | return=-137.41 | steps=131 | track=1816dfbdf8bc935a7c3c0c624f635382
global_step=64560 | return=-138.96 | steps=131 | track=ac4067d57bdc72a337391c28cb82efd0
global_step=64784 | return=-104.34 | steps=146 | track=980316460c1df8847fd47e8608eb9b39
global_step=64880 | return=-138.79 | steps=131 | track=9a26637012d66e650416d23672095d1f
global_step=64912 | return=-125.22 | steps=131 | track=12e86987ce6e28ae007ac2142c7313d6
global_step=64976 | return=-140.44 | steps=131 | track=9a8f84657411f68c5879b92626205ece
global_step=65008 | return=-30.12 | steps=155 | track=ba14a0fd1b8c0d726eaba77a293ad430
global_step=65184 | return=-140.76 | steps=131 | track=2631a73322d75851a7b7e0594b4000af
global_step=65264 | return=-64.68 | steps=45 | track=e93eee75baa3a2160c95b5e8b2238d14
global_step=65344 | return=-154.51 | steps=131 | track=9aee9955409933210181b03cecdb5597
global_step=65536, SPS=75
global_step=65584 | return=-15.30 | steps=63 | track=0520d2b39113b02ce1f90878f7d76278
global_step=65632 | return=-92.13 | steps=107 | track=9d53be8e2385ae50670dc461acea4bbf
global_step=65872 | return=-144.11 | steps=131 | track=148c74d6ebeddb0ab91ede956bfdbd7d
global_step=65888 | return=-147.95 | steps=130 | track=145bfb009103f65ed2ca59469c3fac62
global_step=66048 | return=-145.11 | steps=131 | track=5dc80a0d6b1f50d376cb493479ec1ba9
global_step=66096 | return=-152.23 | steps=131 | track=4f7d1c4824a4b65f8d476c5eb25eb4f2
global_step=66304 | return=-145.15 | steps=131 | track=cbdfa1837cf8631e8f7d1e4c172fe9ab
global_step=66656 | return=-6.11 | steps=63 | track=5ca099c6eedc460fc50bd65dd6d7163c
global_step=66944 | return=-50.85 | steps=65 | track=eb0b1dc0151d90f04e326acbb5079a3f
global_step=66992 | return=-135.58 | steps=131 | track=7f45478068eb8a1c329591e125124d81
global_step=67040 | return=-110.22 | steps=140 | track=2af39db92d31f09f44ee8a859349a2bb
global_step=67072 | return=-147.30 | steps=128 | track=0bf1d24378f2a1c8cae5bae5735ed48a
global_step=67088 | return=11.92 | steps=64 | track=a8d66d66db36c295dd37fd316e520a77
global_step=67168 | return=8.07 | steps=66 | track=ef2cac74f9a70dd65ce8b5032402875b
global_step=67296 | return=-140.76 | steps=131 | track=09ab5dd2fa5e9058a6385e40c8e2e14b
global_step=67360 | return=10.49 | steps=65 | track=88a6fd2bb586d31cbb18220d2a038dd1
global_step=67376 | return=-141.00 | steps=131 | track=4e758a0d62b7ff6271d0e07a40c6ac52
global_step=67376 | return=-114.06 | steps=153 | track=cc9a4ec9a8013d1a1606a6f209881d64
global_step=67456 | return=-146.42 | steps=131 | track=178ce2b5c8e52d530592e105c2f5c071
global_step=67520 | return=-33.97 | steps=196 | track=0cebc8e5ce58aa9d7483d64bde25e382
global_step=67840 | return=-52.46 | steps=178 | track=0cb46c88613681e8b14b63994afc43c5
global_step=67984 | return=-135.88 | steps=131 | track=7018ae69fb75c57583170bc0b9712ad1
global_step=68096 | return=-67.19 | steps=49 | track=6a73653391eacf0a466cc53bd16730e6
global_step=68448 | return=-10.97 | steps=67 | track=856c1071bb6bbb7a20407f4881320571
global_step=68752 | return=-164.25 | steps=130 | track=4b76d438672c8bb8fa2cfcedf5562773
global_step=68880 | return=-117.12 | steps=106 | track=cc1a1f9640e60021c41f868de10494a4
global_step=68944 | return=-63.68 | steps=97 | track=ffc9dc2f2e3313480040a606827f1ea8
global_step=69056 | return=-147.79 | steps=131 | track=a70397bb7e5ff85a4a37e93f71e8cc1a
global_step=69184 | return=-131.74 | steps=131 | track=a343bd12fd4b3f458227a61fcf4f9257
global_step=69200 | return=-142.61 | steps=131 | track=71f173f20c753ab84139072d4bab79d5
global_step=69440 | return=-126.23 | steps=152 | track=447b03946f908b55c54af1401fb3faf3
global_step=69472 | return=-74.62 | steps=130 | track=14f016d3898d00fcd6f8511bdf1722fa
global_step=69536 | return=-112.58 | steps=96 | track=446797273bf66e94e9da8f2ef0c7eaab
global_step=69552 | return=-149.32 | steps=130 | track=477b4852d60a6d7c3776a23a98e5e627
global_step=70064 | return=-101.83 | steps=158 | track=5295a5132537e676930ab711b620a022
global_step=70208 | return=-143.21 | steps=131 | track=a538fba0e461d1479099c9d7e4f6728a
global_step=70224 | return=-56.33 | steps=79 | track=f7c2f2bdc8f4e13a42edb63f99800f3c
global_step=70272 | return=-75.98 | steps=94 | track=cd19713003b75bcbd88db81f5c7535ec
global_step=70528 | return=-96.34 | steps=167 | track=9b92d33c56c3e234049081132ca0c7df
global_step=70560 | return=-154.83 | steps=131 | track=f58ebdc55b371e66b697e420b8c8caed
global_step=70640 | return=16.78 | steps=67 | track=97b5dbe78a73276e9221b6aac32cfa90
global_step=70720 | return=-110.56 | steps=229 | track=bbef284f639ff4c63519f4ac9f87da36
global_step=70720 | return=-45.47 | steps=77 | track=d244fbffe176352df8c661717e4ec00d
global_step=70944 | return=-3.47 | steps=87 | track=cd074268e41f456d5c4d9269fe1c09e4
global_step=70992 | return=-152.71 | steps=131 | track=1317f8f4cfb17f320a1cf119d17e38e5
global_step=71168 | return=-142.96 | steps=131 | track=21500cf258d961fef22dc4a13b7443b6
global_step=71248 | return=-125.65 | steps=353 | track=a497efdc7958c401b01f97196bf0e507
global_step=71296 | return=-134.55 | steps=131 | track=ce39520dce4727074bd7be4f70664010
global_step=71312 | return=-151.48 | steps=131 | track=294880f323651a5b282fe964defc2104
global_step=71552 | return=-150.78 | steps=131 | track=ee9d88b7babc7d968f6f1d9f400f8586
global_step=71760 | return=-79.75 | steps=96 | track=cafab717620f442117e18133e67b1099
global_step=71808 | return=-28.49 | steps=72 | track=1341219e270fa817ac1d39ec89ff874c
global_step=71936 | return=-46.62 | steps=42 | track=d803f383cefe181999f997f9f5d10ad9
global_step=72176 | return=-155.75 | steps=131 | track=f58b18d245654dc28d45cf3319fbbc55
global_step=72240 | return=-64.80 | steps=42 | track=2c932aad9c205e812087d4a5964cdf85
global_step=72256 | return=16.57 | steps=67 | track=2a9eff949fde0b738f43983f602946b2
global_step=72384 | return=-149.73 | steps=131 | track=40176963998464a97f20b970ab7f279c
global_step=72400 | return=-38.94 | steps=90 | track=5b5661447c145980719444c7b61a56f9
global_step=72640 | return=-148.17 | steps=131 | track=a470f6cbd1651268ea5a740537ca4650
global_step=72640 | return=-122.74 | steps=150 | track=2ee8bdda9405c0ea6b5aecff968161e2
global_step=72656 | return=-147.54 | steps=130 | track=afab403de285a087b79c80912e062332
global_step=72768 | return=-19.55 | steps=62 | track=6291931c32e892de5a9db9b02900df2a
global_step=72816 | return=-150.79 | steps=130 | track=0867f5de0105be38813becd7c27652b0
global_step=72832 | return=-155.92 | steps=131 | track=1d313dd53c8fe025b5d5e9a333345804
global_step=73040 | return=-9.82 | steps=68 | track=cb9379279f1ee4e193e653ef8bcea6ca
global_step=73104 | return=-23.66 | steps=57 | track=3bab7b1830c7c6248010cacdd7182c75
global_step=73104 | return=-131.30 | steps=131 | track=645066e529b0a13339f51f260a781705
global_step=73392 | return=-153.37 | steps=130 | track=f4dd7618577032e4028f8bd8c665990f
global_step=73424 | return=-154.50 | steps=131 | track=5ef632d4885b281a3ef7c707272f5fcd
global_step=73616 | return=-48.10 | steps=76 | track=7b1850ca3838222e8a2d878337f9d398
global_step=73904 | return=-134.04 | steps=130 | track=92e2c1198885fa18a6f5c28b33aa00bc
global_step=73984 | return=-35.75 | steps=75 | track=7778041e347c7b726776a04a53116ce6
global_step=74064 | return=-18.19 | steps=76 | track=6e4ef70a1960c6a6285208f478af084f
global_step=74496 | return=141.90 | steps=130 | track=041a9ad1a87f3fea1dc0ae5917c6d7d8
global_step=74672 | return=-4.69 | steps=65 | track=9f8c042e4e1d583956d899f93f5e9954
global_step=74720 | return=-44.23 | steps=153 | track=471dc359fd74f9085a602c19108bc362
global_step=74752 | return=-146.58 | steps=131 | track=8b081295f70a3e46e0184c0eb1cc199a
global_step=74752 | return=-142.31 | steps=131 | track=a3b8543ef29b9a5904833ad043298349
global_step=74768 | return=-137.86 | steps=131 | track=f5798a946c354c5c21307abd6998e28a
global_step=74928 | return=-158.44 | steps=131 | track=9f63bceb897a461c44df1b44c27cfa2f
global_step=75152 | return=-155.18 | steps=131 | track=7b46eb5b7529fdb8ad3d40269e898523
global_step=75216 | return=-142.00 | steps=131 | track=64ac834b6999443acd892787593c6753
global_step=75216 | return=-117.33 | steps=185 | track=6163aeb4a91c31d8fdc15ee4d3ce00ae
global_step=75216 | return=-157.93 | steps=131 | track=d5ed4585e2cb11b225364120cb749244
global_step=75504 | return=-138.54 | steps=131 | track=4382a2ae03e324380f1a79604d38f376
global_step=75552 | return=-162.31 | steps=132 | track=42cda5a9ac97118d45a3c6a577680fc0
global_step=75584 | return=-67.88 | steps=40 | track=df70074d498d84aa9a73f860c3eb2c3a
global_step=76016 | return=-140.40 | steps=131 | track=1345d274875d6d6a5c4cb45b9133d869
global_step=76096 | return=-21.38 | steps=82 | track=91355d4da49d7e0ad32f3c5e84785177
global_step=76096 | return=-147.19 | steps=131 | track=f77a14835f9200d479bcd35a1b7fa73a
global_step=76784 | return=-143.53 | steps=131 | track=fe7fcb4bb38e122946d92a02a2398fc5
global_step=76784 | return=-112.13 | steps=97 | track=fbc3409203642456ed3953e995871376
global_step=76800 | return=24.72 | steps=127 | track=c1807c78b8bde5f54772afc8a50f454c
global_step=76816 | return=-129.65 | steps=130 | track=bbcc54127898bfb2164316315008c18d
global_step=76864 | return=-142.98 | steps=131 | track=43e34626d1905112fcee0497ac8e1834
global_step=77216 | return=-61.51 | steps=169 | track=f6c763d1cbf90beb69fc8e965944a8f1
global_step=77264 | return=-146.21 | steps=131 | track=12c070960a9d6ce4a561570877e1ed89
global_step=77328 | return=-152.00 | steps=131 | track=9f823ade6d833d14d1a1cedaeab8bbf1
global_step=77504 | return=-80.69 | steps=92 | track=5c08bbf8ec69b89f40197342034fb7bb
global_step=77696 | return=-143.79 | steps=131 | track=03958103ee05511916c62a6fb818da84
global_step=77856 | return=8.37 | steps=66 | track=1485a435982f56f36d89dfe008c6dee1
global_step=77888 | return=15.50 | steps=66 | track=d6196e45dcb88bdb0febe8780bcf370c
global_step=77904 | return=14.44 | steps=69 | track=d9d258d302dad5f9753a9e2706594598
global_step=77968 | return=63.68 | steps=171 | track=8375dbfc1b4bc551e5d6a2c0bff0f671
global_step=78208 | return=-108.93 | steps=131 | track=562fc142be7b75a07d91411887f0871a
global_step=78320 | return=-108.52 | steps=90 | track=59bed9382bcdb7f70ce738ef0cbfdc47
global_step=78704 | return=-37.40 | steps=49 | track=92128338270890a7adb3cca51c605d79
global_step=78896 | return=-160.70 | steps=208 | track=14c2e827e18ba94a49f1fd021479741c
global_step=78912 | return=-147.94 | steps=131 | track=e588c34729ad39df7b4ac51462ef4a44
global_step=79072 | return=-30.95 | steps=73 | track=024ae30045f6450f94e58edf1a4151d8
global_step=79216 | return=-112.42 | steps=231 | track=60ab647722dfc18cae8f83f1a5bef585
global_step=79328 | return=-34.41 | steps=62 | track=a69784c88fc8553b6e9b7e3c45eb9cfb
global_step=79440 | return=-145.69 | steps=131 | track=3e1786895749c083d32ab2bb7506cad1
global_step=79568 | return=-52.88 | steps=146 | track=c2fe9fe856e63857b1bc52befa7d7d4f
global_step=79616 | return=-133.98 | steps=131 | track=583589fe21d91762e6ae1ed3641b988f
global_step=79696 | return=-253.70 | steps=351 | track=fb951179f2072889fed8170c325ee444
global_step=79712 | return=-119.37 | steps=108 | track=3b86a4393cba0e469f9b0b610a818fb1
global_step=79808 | return=-138.93 | steps=131 | track=c2af3918f1decfcb9d4ba491b1d4cd70
global_step=79936 | return=-139.31 | steps=166 | track=0370165132f40eb5ea91747fa46e0561
global_step=79952 | return=-3.94 | steps=64 | track=653ea68a32cc1469c2e4ac50e908999f
global_step=79968 | return=-144.81 | steps=131 | track=71057467829e1567da6d9779a122d427
global_step=80640 | return=-51.67 | steps=42 | track=8b6a03b88789863f6bf5342b208bf81b
global_step=80816 | return=-143.79 | steps=131 | track=22c0eccb02ceed608374a1b670cb3641
global_step=80880 | return=34.26 | steps=81 | track=105917d1719c886661edf943b101e96e
global_step=81168 | return=-145.46 | steps=130 | track=1d3212e2306f5902302be3a6cd1621da
global_step=81328 | return=-118.40 | steps=100 | track=f7ddc9a07d34ce6f0267ddfc7cb46b05
global_step=81328 | return=-139.71 | steps=131 | track=5e78a0acaceb412596ec43665bebb0de
global_step=81552 | return=-146.08 | steps=131 | track=b1aec46aea7b8213fe55b93fcab48439
global_step=81728 | return=-127.33 | steps=131 | track=62d18d608989812e3df7ea66a58c51ed
global_step=81808 | return=-143.31 | steps=131 | track=bb83ad4f6a4bfedb9692a1b4c02df538
global_step=81872 | return=101.68 | steps=228 | track=7db2782db46ea15a5aad20b55005538c
global_step=81920 | return=26.36 | steps=68 | track=5978b9ce62127edd2da7940a1d18749e
global_step=81920, SPS=74
global_step=82160 | return=-136.54 | steps=203 | track=537c569e594842e9e01420a507ed8811
global_step=82208 | return=-105.36 | steps=139 | track=5bfed6a111d5a91cdd4e0ce21c70c45a
global_step=82560 | return=-74.86 | steps=403 | track=18e4f08f93fac94feec75c7a307c6472
global_step=82608 | return=-112.40 | steps=89 | track=b261499aadea25018d23f075639efb02
global_step=82672 | return=-139.92 | steps=178 | track=29c3249566117782fc75eb1eee646502
global_step=82688 | return=-8.32 | steps=171 | track=53bb41ac4d9847347fdfd0a236d1759f
global_step=82896 | return=-25.77 | steps=63 | track=6d75b45d43c58568fbb23bd26a2f1888
global_step=82896 | return=-44.71 | steps=42 | track=2084536f0ce8056090f78d409145bbf9
global_step=83360 | return=-115.51 | steps=89 | track=62d58c758460ad00774c2f5ed0bb03ef
global_step=83440 | return=-150.16 | steps=131 | track=96b674d68df19463f7457494cb3961f7
global_step=83840 | return=-142.20 | steps=131 | track=679733e6de05aa33c192288f5e4fd128
global_step=83920 | return=-131.20 | steps=131 | track=30d9ddcf495ce0d64d238d4c374eccd5
global_step=83984 | return=-76.00 | steps=165 | track=c08412a2be46d529065d8edd46521ffd
global_step=84048 | return=13.82 | steps=71 | track=8fcd8ca64631d6a3cc0f2fd49f7d8774
global_step=84144 | return=-236.45 | steps=300 | track=4d2e7b4668d07359307cd4def856fa39
global_step=84224 | return=-11.91 | steps=223 | track=f7cded8287723f5b842ffae6c9c2e40b
global_step=84272 | return=-155.00 | steps=131 | track=627ebf1aa78767a73731b69030207f8b
global_step=84352 | return=-103.15 | steps=90 | track=8a8022ca4f856d37e8aa19a2120989be
global_step=84544 | return=-206.55 | steps=228 | track=c10ed6c6e85604d69a6f3352ea4689bf
global_step=84592 | return=-42.20 | steps=123 | track=0af4f4d38f1ad48194089a609f4acc2f
global_step=84672 | return=-145.80 | steps=131 | track=645965e0748e7b5993cafefad43a4e51
global_step=84768 | return=-70.34 | steps=129 | track=6d0bbc12c906fcdac3672bb97e3621a0
global_step=84784 | return=-139.99 | steps=131 | track=2d4a8d43f6789bbaae4babe84b445d83
global_step=84832 | return=-71.53 | steps=91 | track=f15a9b56220bcca60bc4669e12305e88
global_step=85120 | return=-32.63 | steps=70 | track=c9d22675fe7290be8feffea89d86b56e
global_step=85536 | return=-106.01 | steps=130 | track=97a1ff636689a1cede91f82c96201923
global_step=85568 | return=-65.53 | steps=45 | track=74ab317de9e13cb842781ff068142b5b
global_step=85952 | return=-145.01 | steps=131 | track=45edc1dce73b06f7b52012d2cd11db02
global_step=86032 | return=-159.56 | steps=131 | track=b6ac3d618b116e3379cdd3b771a7ae8c
global_step=86160 | return=-114.59 | steps=131 | track=36ebe479a40aa8635e5f1756bd7d53f1
global_step=86336 | return=-143.01 | steps=131 | track=8f4c541ac7635ea42b07b068ce8aee92
global_step=86336 | return=-102.65 | steps=298 | track=f9d86d71f85a75eaec1bc44a19f70706
global_step=86384 | return=-142.81 | steps=131 | track=b185e5d63f993299bffa1f45d77e94aa
global_step=86464 | return=-139.14 | steps=131 | track=49752f2389454c03bdfcee28f33ba229
global_step=86688 | return=-150.17 | steps=130 | track=67a925c1a5daf7a59e7898fe53355a94
global_step=86736 | return=-103.55 | steps=136 | track=0b18ef39ed0bf59e6df7abeae33ecef9
global_step=86864 | return=-140.37 | steps=130 | track=053ed76aa34839ae1a7454c0aca0ccb8
global_step=86896 | return=-152.23 | steps=131 | track=b684cbf37252b7c8323fa6a0a86dc833
global_step=87040 | return=-9.40 | steps=67 | track=fb5eabf41a4fb91190983239c711c910
global_step=87088 | return=-49.55 | steps=46 | track=4ed829ef6e9ffb50451b9c3ca1b5680a
global_step=87232 | return=-145.18 | steps=131 | track=2b0832837fb916388508b6f6f6a58568
global_step=87584 | return=13.42 | steps=96 | track=93bcea367e7d755de92ea50fcfcec8ca
global_step=87632 | return=-138.19 | steps=130 | track=1d48f8d4e7baf90e2e1b3883e1e1f397
global_step=87680 | return=-142.74 | steps=131 | track=c5f305f0b3f833482ceb886e18415275
global_step=87968 | return=41.59 | steps=66 | track=811dd53417acc79a27fd880a2d7c45ce
global_step=88032 | return=-12.72 | steps=61 | track=034dce69374f40c31b697ef65173dbf4
global_step=88272 | return=-148.81 | steps=131 | track=591aebf9717beda057a735c8ec2c3a04
global_step=88432 | return=-154.90 | steps=130 | track=5d2bae1bcdde88e73a8f40c832646df0
global_step=88496 | return=-149.78 | steps=131 | track=56cf999a4f7e395764ec5a5b98d48858
global_step=88784 | return=-57.92 | steps=144 | track=40a9f03d6d3e3532672db94574d22ced
global_step=88832 | return=-148.44 | steps=130 | track=b51492004a291f4e7007596a167ffb3f
global_step=88960 | return=-161.79 | steps=130 | track=da0317d587c63b10f369af732fc32f75
global_step=89040 | return=-84.89 | steps=146 | track=b2a3eac4ce2de3472cc1da01ee5fbe6f
global_step=89136 | return=-139.44 | steps=311 | track=0eb1048b07337436aea6f7a7782404fa
global_step=89136 | return=-8.16 | steps=278 | track=4067df5eb5c3175815e03849b2a43cd4
global_step=89200 | return=-153.62 | steps=131 | track=850adea50b968dc6c62a09485fd686cc
global_step=89344 | return=-133.56 | steps=131 | track=7d7201acbd5ad8002d25f74e1f967a7c
global_step=89584 | return=33.38 | steps=71 | track=7e0f219d46e4cd90dd773386321275cd
global_step=89696 | return=-156.47 | steps=131 | track=bbe2e7a80cad18696cb5586ffe7d8ce0
global_step=90080 | return=-141.79 | steps=131 | track=234cdb6a24ae71f6aec9e38923ed64c7
global_step=90080 | return=-76.14 | steps=149 | track=d0bdf8739a55949da4dc753fb7e12add
global_step=90112 | return=-8.40 | steps=60 | track=ce86ccc41624ae4c6e7ec3b60c75c530
global_step=90128 | return=-112.78 | steps=155 | track=cd2fda8577322127abd8a2aba3cd881e
global_step=90144 | return=-136.87 | steps=131 | track=947a9d4304e641ab3707d09c81d2d4b9
global_step=90304 | return=38.88 | steps=68 | track=e55923f863936e7f7e55b5b183a5aa13
global_step=90336 | return=-31.24 | steps=61 | track=b4a698eb99243bf34e5455be6b2a6450
global_step=90384 | return=-142.00 | steps=131 | track=7ce2c49746778d6f84a9b1cdca4f0569
global_step=90448 | return=-99.43 | steps=100 | track=b477ef638210a17d7f47fc371c2edd1c
global_step=90512 | return=-77.24 | steps=91 | track=923c3798b1886dc5219b311aaff27bb3
global_step=90608 | return=-156.88 | steps=131 | track=590298aa9f7e4bb8a8f48405262e3948
global_step=91072 | return=-140.51 | steps=131 | track=b440cc5f152213cd2b79e55d7f2d1f40
global_step=91216 | return=-116.80 | steps=101 | track=1b49ae827884c33076a391cfe470ec4d
global_step=91248 | return=-153.41 | steps=131 | track=dc846fc367f6e525e38a49ba937fd2de
global_step=91424 | return=10.19 | steps=69 | track=c35ac3583ec62f2fbc915f363d1c78d6
global_step=91456 | return=-31.54 | steps=62 | track=875fc4b11465cc1bcc77de664fb259ca
global_step=91488 | return=-26.48 | steps=85 | track=478ed226e58b3d15248514c20660b8b4
global_step=91792 | return=-141.22 | steps=130 | track=a30f3fc80c310a911f7247959f76908c
global_step=91904 | return=-129.22 | steps=113 | track=a040d50f5b4635679812e569e287071b
global_step=92192 | return=-150.61 | steps=131 | track=1ee8bf359ea90a26b1a80d57c52d6b5c
global_step=92240 | return=-148.81 | steps=131 | track=91fa120dfbe4e72267ce65fee011c7b6
global_step=92256 | return=-144.76 | steps=131 | track=592000356744ff1584e300d5bf596dec
global_step=92304 | return=-15.54 | steps=65 | track=bd99a0829891460eafd2e978f3551536
global_step=92448 | return=-137.38 | steps=131 | track=e01c42030242567117e387fc8b652eab
global_step=92640 | return=-92.55 | steps=140 | track=417b0ffb72b0a68613a08ad23cb5ff6a
global_step=92704 | return=-16.97 | steps=101 | track=6fea9579e352614716874eb907870d6a
global_step=92720 | return=-134.10 | steps=131 | track=030bacc83832226dcedcb5f6bdee1342
global_step=92768 | return=-135.61 | steps=140 | track=725556d0b444bc2bb9f10ed577b758c5
global_step=93072 | return=166.46 | steps=267 | track=de69ede3201286c0e62ee49b769cff5a
global_step=93536 | return=-148.36 | steps=131 | track=d612d3bf6a17791ad119bab20bb12a60
global_step=93568 | return=-137.91 | steps=131 | track=9f19577505c9ddf995deeb501ebd2c35
global_step=93600 | return=-136.22 | steps=148 | track=d7f3d9f67fffc2c875c576f3f095edab
global_step=93600 | return=-145.70 | steps=131 | track=a2993f7858e18d6c2d9e8b04922a3f09
global_step=93904 | return=-144.36 | steps=131 | track=9c9d7dd7cc8e234478b71e019b68bb52
global_step=94016 | return=-142.10 | steps=131 | track=79ab9961594fe9057d032f2df552be4c
global_step=94416 | return=-126.13 | steps=131 | track=539ffbd6addb427d894619cfbec20cf2
global_step=94496 | return=-26.40 | steps=59 | track=bbe29a79e199b7094737c93f9756041d
global_step=94560 | return=-153.58 | steps=131 | track=83f8968f04841c9ef83852798afd0855
global_step=94640 | return=25.93 | steps=64 | track=954087f9915db0bbfed8d228b5065755
global_step=94720 | return=-64.64 | steps=154 | track=d902b8c2c121873eb7d9ee8598ebd448
global_step=94752 | return=-145.70 | steps=131 | track=d37518295c3eaaf409b4c5775fafa1cf
global_step=94784 | return=-38.54 | steps=157 | track=6110fa57f6179100a8100d5359e1a67a
global_step=94880 | return=-147.93 | steps=131 | track=dc1f1757cfa2af0c9001a198cf28c38b
global_step=95136 | return=-53.39 | steps=151 | track=f4aba2fe27518049dc5b4bc6e9d65e67
global_step=95184 | return=-157.92 | steps=131 | track=223a7204bc27ee8fff9653cb7ea6a04d
global_step=95184 | return=-72.88 | steps=153 | track=91ce78cf1acf33c38994b9910798a1c1
global_step=95344 | return=-120.94 | steps=89 | track=f233d841c163f32e598cb1c991d12843
global_step=95680 | return=-142.81 | steps=131 | track=5b7f73d5922dcbc10a9492234a202fc5
global_step=96080 | return=-56.24 | steps=154 | track=bfe03b63bf0aa6a24f724194bd23348b
global_step=96400 | return=-104.46 | steps=104 | track=adfa1933f9a4e21e99f1e471ef3eec07
global_step=96432 | return=171.97 | steps=116 | track=2da78e0ec32b32af1d176de7f784154a
global_step=96528 | return=-145.18 | steps=131 | track=cbe8639ac1e18ccdf01475ba24459e36
global_step=96528 | return=27.83 | steps=86 | track=db62221815b2ba977e465decc44270a3
global_step=96592 | return=-141.88 | steps=130 | track=7f589fea3f086e330f672b3b3516e0dd
global_step=96624 | return=-238.52 | steps=276 | track=df01f3f2eea4cd56b52225f4a9fed051
global_step=96752 | return=-147.30 | steps=131 | track=9f578741229b48ee79e1b06737de8bed
global_step=96848 | return=-106.65 | steps=130 | track=dfd17d0e32673c10f5d3231594210b67
global_step=96880 | return=-149.60 | steps=130 | track=9df7ea683b14c65b93c3d9d8d9738155
global_step=96992 | return=-132.86 | steps=131 | track=f12a5516e233da73a0385714b357e74a
global_step=97280 | return=-66.07 | steps=46 | track=b5f11163e62dcb4e645a00b8425000ee
global_step=97296 | return=-146.67 | steps=131 | track=6574a5d63c036a094217bb4f26b85174
global_step=97328 | return=-33.46 | steps=49 | track=2a35817053f2c8f4d937edf1ead62aaa
global_step=97456 | return=-139.12 | steps=131 | track=221ac8c8e83f6c1381e171d318ad4f8f
global_step=97520 | return=-106.91 | steps=89 | track=722624f7d0e6b8a8185853eb5d6201df
global_step=97792 | return=-119.60 | steps=131 | track=89871b38b921f569dfd06fc06f889728
global_step=97856 | return=-23.02 | steps=62 | track=d2cd137e03c42c7746d65bb632707754
global_step=98016 | return=-75.67 | steps=63 | track=26c69bc6df454f84a7f13ee37c9d313b
global_step=98096 | return=-63.51 | steps=47 | track=50d6956d46d699fd462381ccea935029
global_step=98304, SPS=74
global_step=98352 | return=7.58 | steps=66 | track=acfed4aa7c314356ebc4f0a6dcd10f14
global_step=98416 | return=32.53 | steps=69 | track=af5428f3cd1dcaa6a28141f57ac154e1
global_step=98464 | return=-69.52 | steps=277 | track=2ce1973d2c84c542602bde8b544e9f80
global_step=98512 | return=-136.84 | steps=131 | track=7c3c1a83232ec17a00e249d622f6a243
global_step=98512 | return=-103.28 | steps=129 | track=a8ce1108f18e7b0aab651e8fb7f4a4d5
global_step=98720 | return=-148.51 | steps=130 | track=032f17b0b033cd8ff130c3f36db5983d
global_step=98944 | return=-130.55 | steps=146 | track=89fd37974e87b99b26001d31cd6bd06f
global_step=98992 | return=-153.00 | steps=131 | track=a8ba3459e069b2d14bea181194759baf
global_step=99104 | return=-88.65 | steps=146 | track=f5d111136d3a14428c42757d24620cb8
global_step=99216 | return=-199.03 | steps=251 | track=d17d3c94ce36b6cbd8c53ff27d784057
global_step=99456 | return=-108.17 | steps=89 | track=3a03d901d2e3b149f13fb9fb809629e7
global_step=99568 | return=-143.85 | steps=131 | track=2245c2e69668f54d8478c1d5799c878b
global_step=99632 | return=-148.99 | steps=131 | track=ac95f936d2eddbb698455330b8245ea9
global_step=99744 | return=-123.96 | steps=102 | track=9e65309e08862110b575fc4393f9561e
global_step=99888 | return=-140.57 | steps=130 | track=2fd231b8d49bc550890528a2046b4ec0
global_step=99920 | return=-25.03 | steps=74 | track=6b22117e28e99973791355aefffbbcd9
global_step=100224 | return=-16.96 | steps=40 | track=1b74edd53ec9734cb7ada780d4422e9f
global_step=100336 | return=-96.88 | steps=119 | track=f92db5cf5b9997e39bbbb816b1e105f1
global_step=100464 | return=-136.47 | steps=131 | track=cb26b3ba5144d8a3579bfda0e44318cb
global_step=100576 | return=-139.21 | steps=131 | track=7d7ed97dff2f386f0b6c4fcc26b442d7
global_step=100624 | return=-145.60 | steps=131 | track=fa81bed9af98bc1bd65e7d4b545f3735
global_step=100624 | return=-151.74 | steps=131 | track=320db450e71dae188162ec5f8308ce8c
global_step=100944 | return=-66.63 | steps=92 | track=4423945ef2568406de37a9944414b7bc
global_step=101072 | return=-143.54 | steps=200 | track=7c3f3b0289f165d078fc41788b690cca
global_step=101104 | return=-143.89 | steps=131 | track=101c9e343b49adf34b985d9f5b2da17d
global_step=101136 | return=-18.75 | steps=77 | track=3af6d40657bcd091b42336749a1153d1
global_step=101280 | return=-60.54 | steps=84 | track=832f5056b4ca2d4402f6a033c980392e
global_step=101328 | return=-144.04 | steps=131 | track=955d6fbfdc179eeaf4885da414bf3580
global_step=101408 | return=-58.46 | steps=48 | track=c5b8946259d022b57652a7092e3e153c
global_step=101536 | return=-24.35 | steps=118 | track=201030378666f812a264760cc5ccab58
global_step=101856 | return=-138.96 | steps=131 | track=6fed14548a978724e5f196aa07a8c01a
global_step=102128 | return=-20.36 | steps=63 | track=a3f8b14ed0fe45d78000b3663fe0e260
global_step=102224 | return=15.87 | steps=67 | track=4b459dd112b9d71c427e6ea89700ea90
global_step=102336 | return=-127.87 | steps=131 | track=af581942f81644184cdac66986cc7856
global_step=102352 | return=10.45 | steps=66 | track=0ec230599537fad3de438905b126f15a
global_step=102368 | return=10.16 | steps=64 | track=114d24c79861499dae80c347dadee7be
global_step=102448 | return=-107.01 | steps=123 | track=c556914863c21fd33ec07f13f68ab921
global_step=102496 | return=-110.77 | steps=119 | track=ae6d1b6af79612abe1f03142613557da
global_step=102512 | return=4.76 | steps=68 | track=25d793b5cfed26c30648f986d6e214b6
global_step=102688 | return=-44.17 | steps=146 | track=e4ce9aa772b15e539474eef85277be27
global_step=102736 | return=-142.31 | steps=131 | track=fd1bc4a8bcb0dffe8e4097773784df1c
global_step=102800 | return=-71.81 | steps=230 | track=3a86bd58a60310ce41d6fd8759bbfe4b
global_step=102928 | return=-59.41 | steps=248 | track=9fe5868dab9960891b28dacf0121d1c2
global_step=103152 | return=-98.64 | steps=137 | track=bfe6d7ab58032d1f2c5042476d0f1a0f
global_step=103184 | return=-142.72 | steps=131 | track=bea1ef97bbe4cd1b1e886e305ff41fe0
global_step=103328 | return=-69.90 | steps=59 | track=64701a9cb4cd46b3ba465e16633223e5
global_step=103344 | return=-110.37 | steps=92 | track=0717c684c38908b59bc398f7be49f659
global_step=103632 | return=-143.04 | steps=130 | track=80ed1912ebd0bf0825a5acf137eacf18
global_step=103744 | return=23.05 | steps=86 | track=126dbb0d5e35c85d713c192f58c57091
global_step=103888 | return=-112.05 | steps=109 | track=f3158ddddf14b8d838e8e9ff20a5b5d0
global_step=103904 | return=-87.33 | steps=87 | track=f82e44a5d7d32feae4302f873afabe2b
global_step=104016 | return=-114.87 | steps=104 | track=bd27e80593b75fcb6759da2b6a8ee1a9
global_step=104288 | return=16.06 | steps=68 | track=63b9aedbb75f770c7522409db6e0ec4b
global_step=104336 | return=-23.99 | steps=61 | track=94f835f3da8b0bf0b559718c04d10c23
global_step=104560 | return=-143.43 | steps=131 | track=4eddd681003df2ec52f391fef1cbbf9b
global_step=104608 | return=-146.36 | steps=130 | track=37a53f3afe7c864ae78f952ba3b36a95
global_step=104736 | return=-55.01 | steps=156 | track=e0abdbff368da129c8bd078d7bcb385c
global_step=104832 | return=-141.79 | steps=130 | track=7d67baccb0eea11aa0b1e52bafd77071
global_step=104896 | return=-121.85 | steps=137 | track=33d75161f20df611f3e500f9aa86de5d
global_step=104912 | return=-149.40 | steps=131 | track=9e84eb667ffce62834c36e4948fecc94
global_step=105440 | return=-145.88 | steps=131 | track=4a9bdd50a8a8ede847fc7c1315af009a
global_step=105648 | return=-136.78 | steps=125 | track=28720e2ca02a1bf3de25c4e547375417
global_step=105856 | return=-141.51 | steps=131 | track=4066f05e217152170041c315058db853
global_step=106016 | return=-136.90 | steps=131 | track=019a074c1961c8c2ca0bf4f6cd0cdf6c
global_step=106064 | return=-124.52 | steps=195 | track=c05f509fd36e0496cee04fea934afced
global_step=106192 | return=-30.65 | steps=90 | track=c40d09819725a053241bfe2e745b3b0b
global_step=106304 | return=-88.76 | steps=142 | track=830a272a86b7e195242170d237eefb7d
global_step=106400 | return=-142.00 | steps=131 | track=5f4e2db8ea093a0096789f7c787c281c
global_step=106464 | return=-19.94 | steps=63 | track=e1ff57373cf55df839741ba2c319d160
global_step=106640 | return=1.69 | steps=217 | track=ef5fa6b6e1d16e80cd7db52c9bd9f9a2
global_step=106720 | return=-138.80 | steps=131 | track=b0c01053d151f9715706d713b18fcc1e
global_step=106736 | return=132.57 | steps=114 | track=6ceb77bf3830753c91c54ef76877763e
global_step=106896 | return=-94.30 | steps=145 | track=1598f2eb2896b31a0a5bd24f4ac9ad3d
global_step=106928 | return=-144.20 | steps=130 | track=e4cc52b4f5926df48b7a38daa91cfea3
global_step=106992 | return=37.58 | steps=70 | track=6214275d7946d84e54efec598c288510
global_step=107008 | return=-134.70 | steps=130 | track=9c36dcadac54ac9f0c3064bd01013ef5
global_step=107152 | return=-39.86 | steps=46 | track=32d49d31857b58e5e98cfb45f0a65585
global_step=107152 | return=-107.26 | steps=203 | track=df3135a963cd0a2d66d1b607c0fd661b
global_step=107232 | return=-40.53 | steps=47 | track=62ecfe1b21b54dd4df66991dcd6e64ab
global_step=107680 | return=-83.37 | steps=92 | track=a17c59b7596d51e1f08d3f370c9755bc
global_step=107760 | return=-145.41 | steps=131 | track=36633df1841bb6b0e446643c54a2eceb
global_step=108112 | return=-154.93 | steps=130 | track=f750d7f92ae3acd5d80bd5418060afcb
global_step=108112 | return=-20.06 | steps=91 | track=e49cbb56f03bb2f1b45a2fe2eaf18394
global_step=108176 | return=-144.54 | steps=131 | track=a68251f9cbf21271955edf08b5b97af3
global_step=108176 | return=1.18 | steps=63 | track=fa14f7759d6c6d8f5c175b16d6a9b4e1
global_step=108512 | return=80.29 | steps=260 | track=1d639be8e6c937ade1d66755453be9da
global_step=108624 | return=-80.93 | steps=144 | track=a1c1b91abca6136e586dd1934676701b
global_step=108640 | return=-82.07 | steps=108 | track=c1ab83fd35317750c04f45aaa8487e69
global_step=108848 | return=-139.60 | steps=131 | track=a15467baa0224ebfa414fcb6021e3070
global_step=108880 | return=-61.86 | steps=47 | track=6db235d24e0f322545f786987ebac893
global_step=109024 | return=-144.35 | steps=130 | track=5b56afb5e2c9b097037eb6f07ac7042e
global_step=109088 | return=-151.13 | steps=130 | track=6a7ab9b3fbe4146426b2226d1f24b29e
global_step=109088 | return=-150.24 | steps=129 | track=31acd2e074fe35f22e0cfc6715cf37cb
global_step=109184 | return=0.24 | steps=62 | track=48c598c7dbe7a8f7404f3b539745d3e0
global_step=109264 | return=-143.43 | steps=131 | track=a2e45637dc51404463ae73860a2eeed7
global_step=109344 | return=-151.33 | steps=131 | track=f1815ebc86bde77ad237c7edd56928c0
global_step=109792 | return=-161.79 | steps=131 | track=334c16d1d6863db70d048662b35c1605
global_step=109856 | return=-137.76 | steps=130 | track=c59b8eb6dded3e45c4eb847ef4c9e382
global_step=110112 | return=-161.08 | steps=211 | track=e2ee20b162b9a32a6c2b8b7d13ee81fc
global_step=110176 | return=-7.64 | steps=67 | track=e5adb16581601653e4d13eef90158d8b
global_step=110272 | return=-7.82 | steps=62 | track=ed4c6516c32c3c31d0517a81427ead46
global_step=110288 | return=-154.21 | steps=131 | track=2a12740ae3b2eb9d7e7d408af60fe7bc
global_step=110400 | return=-151.08 | steps=142 | track=56da064b23bc12f12bfe295d8a0dd1f5
global_step=110736 | return=-156.80 | steps=131 | track=23d5b86a60e2186546c202b3ea8aa425
global_step=110992 | return=-149.78 | steps=131 | track=477f6a25776be85fcae819cd72f37293
global_step=111136 | return=-143.67 | steps=131 | track=7dd253d10e8bdf03aa250e2cfb726f41
global_step=111152 | return=-78.28 | steps=143 | track=79358ee4c040a739ef11ce6e8d936b15
global_step=111184 | return=-151.60 | steps=130 | track=abc6329ab39d42e7e0e19473764e53eb
global_step=111536 | return=-108.74 | steps=146 | track=97bfd61364d06398acc8e4e5bfc2a5a2
global_step=111536 | return=-120.36 | steps=88 | track=c4df4ba4a279a581d8ecafdbdb002a9a
global_step=111776 | return=-16.62 | steps=92 | track=03d651753601be82eb63b79e47f5df9b
global_step=111888 | return=-145.25 | steps=210 | track=e3e15a3f830d201c1904ef98eab7fb6a
global_step=111968 | return=-152.26 | steps=131 | track=b2669c045786d7fcc1a371c588266f56
global_step=112032 | return=-81.77 | steps=139 | track=137e6e028809b1b9d9e628555aedae7b
global_step=112176 | return=-5.63 | steps=63 | track=c85474fc952d7815c79490250c786dcf
global_step=112224 | return=-45.81 | steps=42 | track=bcb187202031c19b4b42365f3227231b
global_step=112256 | return=40.24 | steps=69 | track=b2260992efd1cbb7f15ee4f2da2b73d9
global_step=112272 | return=-130.94 | steps=130 | track=94a21d55bec47988f9856c476f4e8252
global_step=112512 | return=-136.84 | steps=131 | track=283498e5d1758e71178b2625261223c8
global_step=112576 | return=-121.46 | steps=143 | track=fd74247ccce0953e43e3b4d8e423feb6
global_step=112736 | return=-52.03 | steps=47 | track=4457f34e650f776b100d890f26b726f1
global_step=112848 | return=-148.60 | steps=131 | track=a4906f0188f148b5d30057e4af2796dd
global_step=112976 | return=-49.57 | steps=44 | track=2d124f4df8b9e1170e03c5d73b76e1d7
global_step=112992 | return=40.91 | steps=68 | track=ad8b6f0c7c7b50436676263665dfa951
global_step=113104 | return=-134.33 | steps=131 | track=b682828cd25d2d6925142078e14fc468
global_step=113648 | return=-136.23 | steps=131 | track=ad4478d6eac00243ab7922213f0fa605
global_step=114144 | return=-137.32 | steps=131 | track=131fe8848c96f0cbd00cc1afa3ed27f5
global_step=114208 | return=17.86 | steps=68 | track=557b867503c4789e8014a94bfbe00f74
global_step=114288 | return=-144.20 | steps=131 | track=d7885d8c7f6218c419605bc9badbfc04
global_step=114384 | return=-142.96 | steps=131 | track=90c2216ab768150275d4d5d4593fd246
global_step=114608 | return=-36.30 | steps=176 | track=b4e9ddbbddd32913abc0fc342a8c525c
global_step=114688 | return=-118.08 | steps=131 | track=2732f9de4be6e3c3124c5c8d9c050c18
global_step=114688, SPS=74
global_step=114720 | return=8.65 | steps=66 | track=e3b8ff385b03f0f2d7abe534a07795cc
global_step=115072 | return=-157.32 | steps=130 | track=fb322e18772dedf5d85dd6af019d2035
global_step=115104 | return=-107.66 | steps=140 | track=addfc89e7bd1c682006cd5f56677c708
global_step=115104 | return=-134.23 | steps=131 | track=b0fbcca12c872d04184a55f57f96e37b
global_step=115184 | return=-41.54 | steps=152 | track=45b8bcbddd238d2018e19175e9cbca86
global_step=115392 | return=-72.54 | steps=62 | track=12915052467df1ae2bd9227f32e99cbe
global_step=115744 | return=-114.61 | steps=284 | track=511c5458edf005a85b0dc22b7917c2dc
global_step=115792 | return=12.62 | steps=66 | track=cf04beca7488600d2d98aacd5c9af453
global_step=115936 | return=-37.20 | steps=213 | track=48130df94659a064bc0dea6e9dafcd34
global_step=116160 | return=3.74 | steps=65 | track=17c28bfb5ecf772fe258dad0dcd82987
global_step=116256 | return=-138.26 | steps=131 | track=6eca7fcf5e8a46d73cd6bfcfaec88d82
global_step=116272 | return=-95.50 | steps=432 | track=81941328318f8a45c7ecccb1c7ab3c85
global_step=116320 | return=-141.87 | steps=131 | track=150f75883dcd6e41748b6b0477823a91
global_step=116496 | return=-6.56 | steps=68 | track=06809d0b3ff24367c1096e85fb98f7be
global_step=116624 | return=-200.92 | steps=274 | track=0637c9504c4f67dc9d451bf64c4d89c2
global_step=116784 | return=-148.53 | steps=130 | track=550c0e92bd3c83a5c613b30d7052640a
global_step=116896 | return=-2.55 | steps=71 | track=3e0b0042e7956e069c3fd02cf1fb877c
global_step=116944 | return=-60.31 | steps=48 | track=c1a5f91953cabb1424f0fe3be4be9d37
global_step=117168 | return=-147.08 | steps=130 | track=2951bf28bf5f6c14bff8bf56a5524b87
global_step=117216 | return=-137.32 | steps=131 | track=a5838c1277db4a5801b1f5a6d0d09e4c
global_step=117232 | return=-164.31 | steps=163 | track=05f7f9903ccb365dc377ed93610ff947
global_step=117280 | return=5.05 | steps=63 | track=141aefaaa0eaea340fd330d5dea0b357
global_step=117296 | return=-137.80 | steps=131 | track=9a29b6536e61bf7f28ce7dcba9369a78
global_step=117504 | return=-156.79 | steps=200 | track=453340f0029f3e595daddec39ed0f940
global_step=117712 | return=-108.75 | steps=86 | track=7adc93e194f3207e05b37d0ac0c077d6
global_step=117872 | return=11.16 | steps=67 | track=f5f35c40e90535075556a34adf5e97c6
global_step=117888 | return=-138.77 | steps=130 | track=b43151b3ded5ac7ed961d779e16485a8
global_step=117984 | return=-171.25 | steps=583 | track=1355815943437f0abc331ca9f640128d
global_step=118048 | return=-147.21 | steps=131 | track=3512ca154ac7dec1ea08cb088088afe9
global_step=118368 | return=-108.26 | steps=130 | track=503f5bcd810061fe61ace92d75711ccf
global_step=118480 | return=-115.87 | steps=98 | track=97cc70f5d7cb33aa49704ac134931d23
global_step=118592 | return=-130.59 | steps=130 | track=9cee6b6ea45cbcac754d71ff72e8f6ce
global_step=118736 | return=-137.18 | steps=131 | track=1d1096106c6960e9f7ebf85893c6f957
global_step=119104 | return=-101.32 | steps=134 | track=8f2b201225b12ecd94f0d33dfade2d28
global_step=119136 | return=-64.47 | steps=47 | track=84c2f320dc2330ca49843909a1a42e3a
global_step=119280 | return=-138.73 | steps=131 | track=190b5bcce85be5f68f28d97a8d8c5da1
global_step=119328 | return=-139.95 | steps=131 | track=edbf59d8728da9dfba1bb5151bc346de
global_step=119344 | return=-157.65 | steps=131 | track=b98c1c3fa3684dcc85d588a2d31b652c
global_step=119392 | return=-158.98 | steps=131 | track=cbe8df0e7e68fc1d92c7e90555ac77c8
global_step=119584 | return=-18.07 | steps=61 | track=7a03201ffa6c1131f634fd988c6ae306
global_step=119616 | return=-157.60 | steps=131 | track=1f2a9554c83aed80a3f347dab1d0d3f2
global_step=119808 | return=-156.26 | steps=130 | track=1a594cdaa468705bf15e4fd018301c52
global_step=119952 | return=-35.89 | steps=122 | track=9e5439fac044813c5ab96a5f7332b9e1
global_step=120000 | return=-147.49 | steps=131 | track=42bb72ecf88a828706bda4bd9f104984
global_step=120160 | return=-146.56 | steps=131 | track=916a4a6ea7a3eeef9603acff7d32b4f8
global_step=120256 | return=-1.43 | steps=69 | track=193acb761954c36d3ba5159ae91f1931
global_step=120320 | return=-31.10 | steps=75 | track=6f4fc1d49c5bd9bcd117470b56bcb014
global_step=120352 | return=-54.30 | steps=154 | track=2eb2e088dab991973c781ab8306d12ca
global_step=120368 | return=-15.56 | steps=64 | track=0e299ebda684fa09e7bc8f24dbab6e65
global_step=120560 | return=-50.58 | steps=58 | track=c76aab6f25a63a2ae0807266dc1eeeff
global_step=120576 | return=-135.14 | steps=130 | track=d715bc21efde8272dafffb30cf209fcb
global_step=120608 | return=-38.68 | steps=49 | track=78694b1a5eb8874eb4b7ffa362d18c8a
global_step=120736 | return=-118.24 | steps=90 | track=e44be2cf5b050bc093b91ca2d78f2f89
global_step=120848 | return=-156.02 | steps=131 | track=a647fd04e10342f71dfba758b72bc621
global_step=121024 | return=-114.97 | steps=89 | track=4f47390aeac2b45d8057874bffa4a047
global_step=121152 | return=-34.46 | steps=48 | track=167f384691cbcfc36c6fc2acbb539166
global_step=121456 | return=-149.73 | steps=131 | track=e5373806bd0f8026edfeb34505e4de3d
global_step=121712 | return=-11.70 | steps=144 | track=64143a04caa5f905ae9b847c27591842
global_step=121712 | return=-27.37 | steps=60 | track=c59f4b1db5146e5620fced66ce5ef4da
global_step=121968 | return=12.81 | steps=69 | track=64751c98078838704cb5d7acf93994d1
global_step=122064 | return=-145.69 | steps=131 | track=ebed397eecdf30165cca0e3cbd953ade
global_step=122080 | return=-65.69 | steps=298 | track=f586574138955e89c6c7045ba154df63
global_step=122272 | return=-140.34 | steps=131 | track=824f244e3c540b7f27195e5d656e8b03
global_step=122352 | return=-66.96 | steps=74 | track=a9c12917a9f8294c18b70a17e1ed5c62
global_step=122368 | return=-159.91 | steps=131 | track=51a1d44fbb0e56508abe5ba309ec5b53
global_step=122432 | return=-140.19 | steps=131 | track=bd56f6003adde4ef45ab27ab2b22ed0b
global_step=122464 | return=-142.95 | steps=131 | track=f14a26cad6d9ec7a83262c0656de9603
global_step=122688 | return=-150.16 | steps=132 | track=a59d2bf29d7efba415e918025eccb257
global_step=122720 | return=-146.06 | steps=131 | track=56a45ce911ef87e353809412bc452c0b
global_step=122864 | return=-11.56 | steps=87 | track=da36f5ef2c67bf4116cc26a231cff914
global_step=123104 | return=-56.60 | steps=157 | track=963b744263242eec6c9714236aa596ee
global_step=123168 | return=25.12 | steps=68 | track=f5a54af1d36fe0b8c3741a387c9d84e4
global_step=123232 | return=-15.14 | steps=137 | track=90da596442a6972404c07ee783c9b811
global_step=123312 | return=-66.89 | steps=206 | track=08ae35cc110e886ac8017116225b1eac
global_step=123328 | return=21.31 | steps=65 | track=96fa3d1ef2821f2ff12b6cc680e86328
global_step=123472 | return=-7.46 | steps=62 | track=741ecee475059ab69fd0b3cb9b59f9bd
global_step=123808 | return=-1.95 | steps=67 | track=a9c9b0f13897badf3642192b37f2cdcf
global_step=123824 | return=-117.92 | steps=131 | track=26bc8829061e1a7547fb3f5d641b25f8
global_step=124016 | return=-100.67 | steps=102 | track=e8ab17cbaf9088dc1064c4524dffc2dc
global_step=124080 | return=-142.81 | steps=131 | track=86cee6753266c655cd225b46e09ee74e
global_step=124192 | return=-137.08 | steps=131 | track=7978d9bde1634d7eb6a3fbc90460cd7d
global_step=124448 | return=-153.20 | steps=130 | track=ac8332acb976eee9cf5128c74dbf7b39
global_step=124528 | return=-117.96 | steps=130 | track=6657bb34e9873f8d658d2639c5a79cdb
global_step=124528 | return=-16.91 | steps=44 | track=cdd5dd7bc0a05223ad978dbe7bc4a870
global_step=124768 | return=-97.55 | steps=89 | track=28c1066672d225796e267076a4e4af06
global_step=124896 | return=-110.78 | steps=98 | track=5f017078946a181a8c342ba6682e5f74
global_step=124976 | return=-138.67 | steps=131 | track=4264e26a48c83ba43cf3f1e4ceabeddc
global_step=125200 | return=-145.80 | steps=130 | track=6314f97c45a671cad143537dc70a612b
global_step=125280 | return=-140.76 | steps=131 | track=d09d77dab672b445972dd1eeb25952f4
global_step=125328 | return=-153.10 | steps=130 | track=37dacc541c66f7d9ad71d1f2813f6717
global_step=125440 | return=-108.47 | steps=88 | track=fcf0147d3f4e1bfa6d791dc14870fd2c
global_step=125584 | return=-140.11 | steps=131 | track=85f271a4b8d06e5da90d0dd0dcd5681f
global_step=125680 | return=26.62 | steps=71 | track=12a16caf52a80ffa16c5a30a680d6a9b
global_step=125936 | return=-137.61 | steps=131 | track=ad9da1438db083d346a9a6ff5398b29d
global_step=126032 | return=6.41 | steps=269 | track=d736a8d1b979e4a7718530366c3ffa4d
global_step=126192 | return=-145.41 | steps=131 | track=4cd61d2d2cafc9aa2e3e987ebe21ab73
global_step=126288 | return=-148.14 | steps=130 | track=097260d219e4c2e6f287273ad5b5d399
global_step=126400 | return=-104.43 | steps=93 | track=e2c07ea091b90242f6caa0e01c62facc
global_step=126544 | return=-129.33 | steps=110 | track=d7078eca9d66be645471da1f49c14eb9
global_step=126560 | return=-158.98 | steps=131 | track=4fb95fa5c4cdd1000d50829d07682b00
global_step=127088 | return=-130.66 | steps=131 | track=a8214aa556d901b8693240a61f2069dd
global_step=127152 | return=-72.03 | steps=91 | track=48877b9756b07a1a9d0c6104758a93cf
global_step=127184 | return=-19.75 | steps=77 | track=9e743c61d8fb84f43eb221ce8f50cea7
global_step=127312 | return=-142.46 | steps=131 | track=ec64db1a6cb142317a9e0648a50c8303
global_step=127392 | return=-46.92 | steps=121 | track=05dbc1fc7cde93351d0772d1ad53b1bc
global_step=127392 | return=-134.55 | steps=131 | track=0681b466773ece55dd10a12c688ef19a
global_step=127408 | return=-10.85 | steps=62 | track=33db77b7db5876ce093b1e3c287bebbb
global_step=127440 | return=-145.93 | steps=131 | track=b7cc8ebbe969208a6d4158251eff9f37
global_step=127680 | return=-96.07 | steps=92 | track=3222d97503dc40baae68324c041de644
global_step=127872 | return=-78.29 | steps=114 | track=97161193e5c54f373626d98d10bbde56
global_step=128192 | return=-121.99 | steps=102 | track=d252b78dbc6782a209c510684d010aa4
global_step=128400 | return=-147.01 | steps=131 | track=90ce2d298663d9d2b6793efa35cbdee7
global_step=128464 | return=-83.82 | steps=118 | track=36b75f90ca619cf2e24f9574c0a4301d
global_step=128512 | return=25.97 | steps=69 | track=72ef68a90fb0561784f3ca99e835baf0
global_step=128528 | return=2.85 | steps=69 | track=ee470d5818b4abca5617bcc5ec21df27
global_step=128576 | return=-161.68 | steps=186 | track=5ab3883478bc1b361545098cad703599
global_step=128672 | return=-22.60 | steps=61 | track=a5453e08b27ec00a31854e1e8e80f6be
global_step=128848 | return=-80.94 | steps=105 | track=8292f2f72811d6d037e185be8e2d7538
global_step=129392 | return=-184.09 | steps=418 | track=06e135f6fcb02c99f8d58be3f0302f0f
global_step=129424 | return=-155.38 | steps=131 | track=763e90e4bc3b1b5f3e72f2b7512fcad1
global_step=129504 | return=-129.79 | steps=131 | track=98f5627f34a8a11986f3dd5d297f90c9
global_step=129552 | return=-141.21 | steps=131 | track=0713813170bf440b2e45c2d1e7abbc49
global_step=129600 | return=-167.17 | steps=156 | track=553bcaca59c606f2897417e3052511a0
global_step=129776 | return=-129.51 | steps=118 | track=51af3af8cdb3bb97a61dd419971759df
global_step=130304 | return=-142.54 | steps=131 | track=0814de56dbbded274af9dbe764ce9082
global_step=130496 | return=25.10 | steps=68 | track=6cefd3d400edff258de8cf540fba9386
global_step=130512 | return=-133.70 | steps=131 | track=5b4b09ac837244ece5c4dbc2a2c23d09
global_step=130544 | return=-8.25 | steps=64 | track=f1973ac1e54f17b74bce0882f7b2dde9
global_step=130560 | return=-131.36 | steps=130 | track=d71007e1ae2e722c9703cdeb5346f162
global_step=130624 | return=-145.69 | steps=131 | track=441ccdc91fea786ddccfbb91004b3bf5
global_step=130640 | return=-141.01 | steps=131 | track=92fccfe23a43f54d245e1d2e6fdd1a9a
global_step=130640 | return=-202.17 | steps=215 | track=92baf7bc87364402551dd033b6bcf02e
global_step=130688 | return=-140.76 | steps=131 | track=8656e7f7b99245ab5be9467e93510763
global_step=130784 | return=-144.81 | steps=131 | track=dcefc24f104f5aeb29992120fd6c9449
global_step=130960 | return=-158.81 | steps=131 | track=4f9f97b9694c23b765ce5a37df1ace74
global_step=131040 | return=-115.64 | steps=92 | track=ad5d616ac2c45ef8853c859659ae958e
global_step=131072, SPS=73
global_step=131264 | return=-57.48 | steps=44 | track=60bdae0932527898d3f7a79e75828e04
global_step=131392 | return=-63.06 | steps=43 | track=480587fb2a566c648b61ea9af6496de9
global_step=131536 | return=-147.13 | steps=131 | track=19f8f234f89268b906db51cde0e089e7
global_step=131696 | return=-141.58 | steps=130 | track=06cbff5c9ed286fe57fa3d9aa9fd3771
global_step=131712 | return=30.99 | steps=66 | track=75d5821be5ad1d99a998570a83e5273f
global_step=131904 | return=-17.63 | steps=87 | track=e289aa8022b3115abe3a01c8786e53a0
global_step=132176 | return=-103.71 | steps=149 | track=99d4c4170a86a165329c462f4bebb418
global_step=132400 | return=-126.86 | steps=109 | track=2a982da4ab8e119aa822e4c5bf67b612
global_step=132416 | return=-144.38 | steps=131 | track=d4eba0c519e2940e23e4291ed08dc769
global_step=132656 | return=-159.02 | steps=130 | track=40f6c3769f48d58db985b6d6533bd8d4
global_step=132736 | return=-142.20 | steps=131 | track=81e1b07bfac510efe28e158217fd63fe
global_step=132784 | return=-26.20 | steps=67 | track=148727bc9ab58c2064eca258b9bbe842
global_step=132896 | return=-144.26 | steps=131 | track=35d0ca2f7f67d29f72ac107e74fcb769
global_step=132912 | return=-83.24 | steps=149 | track=8d6dd1946ff0715abe45b0bad9b9b866
global_step=133072 | return=-141.43 | steps=131 | track=a1791d41d4d975d4350eccd60a0405de
global_step=133344 | return=-143.86 | steps=143 | track=85f35ac02ffb707a373a6be305145ba6
global_step=133360 | return=-136.98 | steps=130 | track=9d3bbde5499fffbb68efdcc47f7d8f96
global_step=133440 | return=-268.54 | steps=556 | track=b148626721d02def8f09224a0a422ad0
global_step=133504 | return=-143.67 | steps=131 | track=939486fbc75b7fcc0d0a9264da71ff2d
global_step=133600 | return=-116.00 | steps=105 | track=f0449401e08449f59e12faa7ac13a387
global_step=134112 | return=-123.45 | steps=160 | track=276c0653cf8e6ffc46c2a42557271213
global_step=134288 | return=-108.14 | steps=101 | track=060c4aba7a4735eed8fdf9513a0d4a0f
global_step=134288 | return=-139.47 | steps=131 | track=098e5738c58d81a68e76ee35a15ca145
global_step=134528 | return=-144.54 | steps=131 | track=4b4b164574588affd13eed34ad034fd5
global_step=134688 | return=28.44 | steps=67 | track=4b64312b6c92d992356452df4f4924cc
global_step=134848 | return=-23.21 | steps=195 | track=dd4c548df4173c2605466c910cbaffd0
global_step=134848 | return=-143.80 | steps=131 | track=963a10c9cf810d7a11d3e4be8bb4fd71
global_step=135008 | return=-155.77 | steps=131 | track=a30b937bb538ec7533a2e149e8a2cf17
global_step=135024 | return=-148.74 | steps=131 | track=35c7a4ef9b1d285b17960ac9b822489b
global_step=135104 | return=-40.80 | steps=50 | track=40e0806cd4717a11365362a90617190b
global_step=135120 | return=-169.95 | steps=145 | track=c226f09979d390b87c2cf227bb71d758
global_step=135184 | return=-8.75 | steps=66 | track=b4637366a32146f621e1afdcb9467967
global_step=135184 | return=-138.27 | steps=131 | track=b57f6083568d938d7abfc1d5f3f430fa
global_step=135456 | return=-140.76 | steps=131 | track=b111d7bd456bfe46a82f60d1fd53301e
global_step=135472 | return=-139.85 | steps=131 | track=1b67d0e23c810c50302de599f86753e1
global_step=135552 | return=-134.06 | steps=131 | track=a0dd90a184a934d5514591f812ae3bc3
global_step=135600 | return=-159.68 | steps=130 | track=4a38c8f3a139ac21d8c3f5522f7c787b
global_step=135808 | return=-0.79 | steps=69 | track=cd30052a2c39ac4bebe73ff53286dfd7
global_step=136160 | return=51.24 | steps=71 | track=fb504a824981b34f88f18e4de02d0c12
global_step=136400 | return=-109.40 | steps=131 | track=2fe2d93bd95e8fc58df65593e3bb940a
global_step=136640 | return=-136.25 | steps=131 | track=966e2bc141d9c141c51f5f73fd48fcc2
global_step=136832 | return=6.80 | steps=63 | track=27319db76fbd0355e27120d71f9c32b9
global_step=136960 | return=-110.50 | steps=131 | track=a8e3125aca7f84ff0c2e6d6ffea7db8f
global_step=136960 | return=-147.49 | steps=131 | track=a52b9e97371092b745d2d98da4a05b41
global_step=137088 | return=10.55 | steps=92 | track=c1c32c582d109b4068e7ac5c1ec8516a
global_step=137136 | return=-144.76 | steps=131 | track=b656f1e44f0487796e4e647068355531
global_step=137168 | return=-10.11 | steps=106 | track=4f59a17280168800027a7ef606499b44
global_step=137200 | return=-158.24 | steps=130 | track=df22777ebb27313469a606558fcd0d6c
global_step=137232 | return=-155.94 | steps=131 | track=0f2835c4f0ea773dc066ce39bef4689d
global_step=137296 | return=-137.98 | steps=131 | track=af27ea4106baaa949207df813b06d314
global_step=137296 | return=-136.23 | steps=131 | track=76653b4373d8a0eba7e737f2e48db60c
global_step=137584 | return=-132.01 | steps=131 | track=637cc502f8d727992874f9fb8a003156
global_step=137600 | return=-83.13 | steps=47 | track=85a20de9547ac9419e891670b345d572
global_step=137664 | return=-128.74 | steps=131 | track=c27b5a5f260d7c321159a64adff4bbd6
global_step=137952 | return=65.06 | steps=111 | track=15e10ac8e11032122f0abeeb81b4bcd2
global_step=137952 | return=-32.91 | steps=61 | track=87f35c4c15233026c8e295681f58e5d5
global_step=138304 | return=-3.19 | steps=68 | track=8f616b8193c728444954e69bea7524c4
global_step=138352 | return=-64.37 | steps=46 | track=ff045875cb8ea67ad7874715aa71bd65
global_step=138416 | return=4.28 | steps=69 | track=c2f79ba877b47890ed5d98710a8b8939
global_step=138512 | return=-155.97 | steps=131 | track=438190ae634ecfb5a276754234fd2bd2
global_step=138736 | return=-94.54 | steps=130 | track=d0686a11bff1a40bdbc90216ceca68ac
global_step=138896 | return=-64.56 | steps=81 | track=06226a9b3ae2ecf2276642fbf2d509c9
global_step=138976 | return=-22.04 | steps=63 | track=186facb114da9efd3b61a14867b37385
global_step=139056 | return=-141.90 | steps=130 | track=b460c09fa0b0888449ce200d15c4fbc8
global_step=139184 | return=-160.46 | steps=130 | track=df3018d975c79b09e141b2fc19ed56c6
global_step=139248 | return=-138.39 | steps=131 | track=b1bbaf575851617083923e28c30a47c3
global_step=139280 | return=-140.76 | steps=131 | track=11f97fac3264b01327a7b2e727693b18
global_step=139344 | return=-137.16 | steps=131 | track=e5883eb9e518c0a12e1772e50ce641e5
global_step=139408 | return=-141.53 | steps=131 | track=1d92f431f4d5100b41aa799c1762a899
global_step=139440 | return=-82.71 | steps=92 | track=eac9338cd0e07420abc2133ad9dba863
global_step=139552 | return=-5.05 | steps=77 | track=6af1a960120d929c07f50e39d3a1da4c
global_step=139776 | return=-134.20 | steps=131 | track=64e0136133a6657a9b6166d104e2c064
global_step=139936 | return=-78.18 | steps=94 | track=ab12dde45ffd32ae84934d14bddaa6ec
global_step=140208 | return=-14.97 | steps=63 | track=5a1fc19907a9189f90a0c1bb3f8e7be2
global_step=140304 | return=9.89 | steps=63 | track=3f684c1591d534883b690e98dd3e4430
global_step=140368 | return=-143.78 | steps=497 | track=47848ccd20a386a6db96d8114b899145
global_step=140464 | return=-154.21 | steps=131 | track=228bf9572e655b649fb385c6d1b10856
global_step=140640 | return=-8.35 | steps=80 | track=1e7438209a5c027882a27edb17c4cd95
global_step=140688 | return=-110.60 | steps=89 | track=d82cdbfb9f6c1c2e353d087f3635fce5
global_step=140784 | return=-22.30 | steps=141 | track=a87e026d7ca4099c6d4b489b9dca23fc
global_step=140832 | return=-14.33 | steps=110 | track=9ba1245e501cf8fb2baf61b476283c27
global_step=140848 | return=-141.27 | steps=131 | track=2ef91fa24e7d04f82e94274a73077b48
global_step=141008 | return=-143.38 | steps=131 | track=4630f7c19a0a62fb8125ec7711c71094
global_step=141056 | return=-101.08 | steps=129 | track=4174f01f7f2d6d684f1c1a74de11a6cd
global_step=141104 | return=-66.51 | steps=49 | track=2a35dfd13b7a1180f4d6b4955dff0138
global_step=141152 | return=-47.26 | steps=108 | track=498902dff3fcd5b292d7621e21de1049
global_step=141296 | return=3.70 | steps=67 | track=8370f970c80b15da2dcba9046a1a461c
global_step=141536 | return=-121.17 | steps=123 | track=b89bea18772fb55b625064bb8f758d15
global_step=141552 | return=-149.07 | steps=131 | track=0cad785f3054351ef8d4202d0b462739
global_step=141728 | return=2.08 | steps=64 | track=fa3101d030e3d09217775162991d2a4e
global_step=141872 | return=-15.65 | steps=64 | track=2d6e4f6668adef99640385de385e6c5e
global_step=141888 | return=-140.50 | steps=131 | track=fee4f6464883b42e41b0ab2fde686b25
global_step=142016 | return=-12.37 | steps=76 | track=326e702431670941fb83372d3d06d895
global_step=142048 | return=-144.58 | steps=131 | track=edf0cbf70772f137ed0d554ad3bfef2d
global_step=142464 | return=-149.19 | steps=130 | track=91d77c3e35bb5e35ef9f9b01e8d63ff1
global_step=142496 | return=-8.34 | steps=83 | track=448d312f8075f5ee4c22807e186274ad
global_step=142560 | return=4.01 | steps=63 | track=ce9b6509a02188af89366834f85b9406
global_step=142560 | return=-128.03 | steps=130 | track=a9ec5a711935d39c1ba412ce7183db50
global_step=142640 | return=-124.12 | steps=95 | track=986954a9c44849abf76b947bf4bcca06
global_step=142752 | return=-135.04 | steps=131 | track=0315bcea445e2045a53914454e774da4
global_step=142816 | return=-117.73 | steps=109 | track=223ae4fde88626404790274913f60de9
global_step=142896 | return=-2.71 | steps=62 | track=8d6edf6a51592d666e437ca09a954e13
global_step=142912 | return=-14.01 | steps=64 | track=b98f7e41ca6eb5d8e35b96c4cb54284d
global_step=142960 | return=-140.98 | steps=131 | track=07ca58182d0aeb2769a91ebc1a7b8278
global_step=143408 | return=-146.16 | steps=131 | track=ae6db08a7f195bb533ede0b4028706dd
global_step=143424 | return=-65.52 | steps=150 | track=afdb9b95a2427e81e605172326439431
global_step=143504 | return=-11.55 | steps=46 | track=bab252a7a8241d61c5f816e1cab825ae
global_step=143664 | return=-147.64 | steps=131 | track=da39a818b0f45c3743a9138538d364bd
global_step=143824 | return=-149.02 | steps=130 | track=4613b6c95aae51fc0f2cb4ad8d1b91db
global_step=144128 | return=-148.81 | steps=131 | track=da694c5b45fea34be9558f5ada8fd577
global_step=144160 | return=-152.79 | steps=131 | track=792d7f6ad840f7ec153532001a92c306
global_step=144320 | return=-29.64 | steps=84 | track=d0b937295cbec2c4139166b6ae62e3fc
global_step=144448 | return=-4.07 | steps=64 | track=5f0b80211ba2862fd7a892b7e4b6403b
global_step=144560 | return=-160.17 | steps=130 | track=daadeb10a39d40ec5d6ba2d7f75c450e
global_step=144608 | return=-148.78 | steps=131 | track=7f214457e502c80fa9f52fe91f44d1fc
global_step=144672 | return=-149.68 | steps=131 | track=cae38b7c783b06f4798a249b15496b45
global_step=144752 | return=-133.14 | steps=131 | track=80a63d5619af206432189e2ca9a1bf4e
global_step=144896 | return=-96.06 | steps=124 | track=9efb81157394932fda71586a5ca0f96e
global_step=144912 | return=-132.82 | steps=130 | track=565c9152e09a30424899648ff221271e
global_step=145024 | return=-154.99 | steps=131 | track=180aca0c5eec0f75a5d4f5ccc2bf5985
global_step=145360 | return=-21.66 | steps=64 | track=42a66ce87052b55a02625a2048e0956a
global_step=145520 | return=-154.24 | steps=130 | track=4c925daaf1b41b484612e55e3ecfe642
global_step=145728 | return=18.09 | steps=65 | track=6fbb367af98453366e68fa2ad822bf62
global_step=145776 | return=-137.30 | steps=131 | track=0f8975c19b730714e30f6615103172c6
global_step=145936 | return=-153.33 | steps=131 | track=ff84a840a17a2cf351ea8777d935cbe4
global_step=145936 | return=-21.54 | steps=56 | track=86e65f0a8d11dd9e1f701fd318db66c1
global_step=146240 | return=-141.47 | steps=131 | track=14a393684980901e9dbd87b942fc0309
global_step=146272 | return=-136.25 | steps=131 | track=ef9c5d0628ba0bdc54c043d3f406061c
global_step=146672 | return=-139.81 | steps=131 | track=1954b073cac50101c24b7087e168bcdd
global_step=146720 | return=-133.27 | steps=131 | track=27b26ef61a258adce4da70231f8a2df5
global_step=146800 | return=-164.58 | steps=205 | track=5ff91f9e6ec8f7508a98d69e9275fcfa
global_step=146864 | return=-135.10 | steps=131 | track=839afde08bb662e293e8cdd5c67be009
global_step=147008 | return=-153.21 | steps=131 | track=82b98207a4a8d0d1bbb9b8162fa7d617
global_step=147024 | return=-149.48 | steps=131 | track=6876b162e7ce70b02bee65edf8da530e
global_step=147456, SPS=73
global_step=147680 | return=-114.84 | steps=108 | track=b0864a4a2d82110cf4bd5374077398c4
global_step=147760 | return=-10.35 | steps=46 | track=5dbe2f8561c1d5c122884054363c33c9
global_step=147840 | return=-137.66 | steps=131 | track=38939c9b9d404c69ce94fddb94075706
global_step=147840 | return=-51.75 | steps=154 | track=b2be4591ad3813dea44e166ce21089fe
global_step=148144 | return=-94.21 | steps=348 | track=decce700dbad9063ec1f4535f0f3d752
global_step=148176 | return=-133.61 | steps=232 | track=6213278861babd9468f4b638548e296e
global_step=148288 | return=-115.73 | steps=172 | track=8e2b2e0ba346864dd526d6f1ae1ed985
global_step=148352 | return=-140.07 | steps=131 | track=2888982a5a309a3814179ce548e90793
global_step=148608 | return=-70.54 | steps=145 | track=7a9cde99b2be0d9c580ae62c4e09a5d2
global_step=148816 | return=-91.52 | steps=189 | track=48dccbbea7bb8020a30b394c615ea0e8
global_step=148912 | return=-140.51 | steps=131 | track=38cb9c1afff691e4465209fa88a18aff
global_step=148976 | return=-140.20 | steps=131 | track=b528b2bfc90ca8a5d6487537d2b47e04
global_step=149008 | return=-86.26 | steps=145 | track=db31807d630d216ba7edb443c1388d9a
global_step=149136 | return=-159.87 | steps=131 | track=3ec078dfe3062c805b93df1deae48b1d
global_step=149152 | return=-19.94 | steps=81 | track=af4bdcc6c86022a6619f91aa6b379b94
global_step=149312 | return=31.91 | steps=70 | track=adc38ac0e486a6813b9ae35ca5737988
global_step=149568 | return=-106.30 | steps=226 | track=0a751ea105ac9e22198c4ea2ee01a127
global_step=149712 | return=-38.72 | steps=49 | track=e40d1c921732d8d645a2d04b9a0ed77b
global_step=149824 | return=-47.49 | steps=75 | track=1ccc51d601d10b1fddaeb942053d9a27
global_step=149872 | return=-141.21 | steps=131 | track=2de789d80df38a70717dadbf94d1ddfb
global_step=149920 | return=-89.54 | steps=139 | track=3230023dd5d77f696f18d7dedd3ffac4
global_step=149936 | return=-141.68 | steps=130 | track=7992c65ee3cc99f6a536efdaf68c139f
global_step=150064 | return=27.33 | steps=65 | track=afc430263c0a19f219c3d2d6331ef437
global_step=150096 | return=-141.66 | steps=210 | track=95330eaccf9ee64b7d483ba19685f6d0
global_step=150688 | return=-8.35 | steps=145 | track=f995e7f6d4b027956ab1bf98375bc4fa
global_step=150912 | return=-142.37 | steps=130 | track=9d58f77eb9270040ed5001f782f23f82
global_step=150944 | return=5.54 | steps=76 | track=c610329ff407d61cab7b86475b8b1c3c
global_step=151088 | return=-150.51 | steps=131 | track=16ed2077105b746fabcce8d633ea5cc7
global_step=151088 | return=-21.23 | steps=61 | track=9e08a665c34e0654bc574d4256ee39f3
global_step=151232 | return=-158.50 | steps=130 | track=0b6646784630261ab3bd86f1f05cd60f
global_step=151264 | return=-126.83 | steps=131 | track=69b22dbc0914075c529a93f3deed5add
global_step=151408 | return=-66.25 | steps=44 | track=0a05572711a46e4a0a44627e6c1ef658
global_step=151424 | return=-157.95 | steps=131 | track=64669418530de1b6e99bcb8bbee1ee7c
global_step=151680 | return=-139.99 | steps=131 | track=1f15fa6e32270a1349500fe0c152b280
global_step=151808 | return=-189.05 | steps=219 | track=e895ed597cfd55eb73c580bddc332903
global_step=151936 | return=-139.85 | steps=131 | track=975061d66b35f81ea78aed5da146d196
global_step=152032 | return=-136.06 | steps=131 | track=eaec8156f89815518dd3669c3514e94c
global_step=152048 | return=-148.01 | steps=131 | track=67abf165cb7b56a09ebb780a39223b4d
global_step=152160 | return=-140.27 | steps=130 | track=26af7a568f13924ac7fd186c2b76ba97
global_step=152288 | return=-13.16 | steps=65 | track=c5f4fe16df471ad5cfba2612632d34bf
global_step=152368 | return=-37.38 | steps=155 | track=a34feddf74372f00fad02d7af70b03f2
global_step=152624 | return=-66.23 | steps=42 | track=e4c1a4b1b00688c3baf0269d2e6bb444
global_step=153024 | return=-147.71 | steps=131 | track=bef824d93c94bdf384aa832eecf27fa9
global_step=153056 | return=-140.51 | steps=131 | track=3548deda0d74e16be61b8e0c0e2edf39
global_step=153136 | return=-42.78 | steps=68 | track=7c6cf4bd048b63f2aa39f5e84c87ebbf
global_step=153184 | return=-116.66 | steps=109 | track=bd8849c57a7248c703ad123775e3889a
global_step=153200 | return=-160.61 | steps=131 | track=330eb08a613d9be76e5432e8cac42149
global_step=153520 | return=-127.74 | steps=131 | track=8c54c8c86c0bc018341ef4f6e0b2e8cc
global_step=153632 | return=-85.48 | steps=147 | track=976b67f1ecf24949dc3a9f52aa2dcb1c
global_step=153728 | return=-105.96 | steps=89 | track=e421cd4d77db5a6b0f54eeb6ca853320
global_step=153792 | return=-138.96 | steps=131 | track=a391637411230b3d70ed7d67df88776d
global_step=153824 | return=-186.88 | steps=354 | track=89d3317c11addb0dc4a7f6463b2d866e
global_step=153872 | return=-64.40 | steps=45 | track=3258ffee774483f0a358ec1e7d8ba679
global_step=153904 | return=-142.60 | steps=130 | track=ece68436e622f661686742034ad99ed7
global_step=154016 | return=-32.00 | steps=61 | track=53b241e9082d7ad88cfe178b6ad7ef24
global_step=154480 | return=-147.79 | steps=131 | track=52627d02c46fb5eb06836675e3f2a12c
global_step=154528 | return=-49.83 | steps=91 | track=8f938b56d3059edcdf78a2fdf92010c6
global_step=154624 | return=-113.13 | steps=160 | track=aeee7a0fa643ae09b1751a9bf9ee968b
global_step=154768 | return=-7.34 | steps=64 | track=c6d1895ee421d3add2e5c2c430fc466c
global_step=154960 | return=-86.46 | steps=67 | track=500a4ab8a5877eea90493145c36d065a
global_step=155040 | return=-123.24 | steps=246 | track=138e1e748bc8b57d5f53be57a4f00e7f
global_step=155232 | return=-47.00 | steps=99 | track=d9ad6b1250e057ef31d10ee2967457cf
global_step=155296 | return=-141.16 | steps=131 | track=bf9b1e7e3d669257867c1263b54c143d
global_step=155456 | return=-160.00 | steps=205 | track=ae64637303d8f9f9f099a175b627198d
global_step=155520 | return=-33.23 | steps=64 | track=e6ca21b8bd995edfa452b46918f85dd9
global_step=155632 | return=-141.41 | steps=131 | track=e804fa5e251cf9e8823f0d1b014c6fbb
global_step=155872 | return=-69.31 | steps=122 | track=889076da224d5050fd51ad916ec190d8
global_step=155872 | return=22.72 | steps=68 | track=251bb4c973e7302e6e07b6f114c844e6
global_step=155904 | return=-160.10 | steps=131 | track=d0e75f3f828debe34a9a8e6b6951025d
global_step=156320 | return=20.49 | steps=67 | track=96efc832049cc773d5c0bbf5fac81186
global_step=156384 | return=-95.65 | steps=159 | track=f18b2fed207fa7b4f2ea5d08aec513cf
global_step=156400 | return=-52.98 | steps=47 | track=a01ee867615190c68c364d0227068042
global_step=156512 | return=-119.11 | steps=206 | track=2ccd98657986dc61c55865aa95725278
global_step=156640 | return=-138.70 | steps=131 | track=914009a313dd112c67acc51b0e787c22
global_step=156704 | return=-3.72 | steps=51 | track=43d3ca7ceb785c4e662502197ea2fa8f
global_step=156816 | return=-65.88 | steps=110 | track=67c620169e2f4dfc74cc4fefc0435fb8
global_step=156816 | return=43.99 | steps=136 | track=a3d6b468017f3307cb8737b14f2c7308
global_step=157072 | return=-129.70 | steps=131 | track=1757941f6d74bc542b20bf461d6bb610
global_step=157152 | return=-117.32 | steps=282 | track=9d90c21e679191e8c76b42bb807e262d
global_step=157312 | return=-39.64 | steps=205 | track=2f70e8c490e5077195c1abbc64e6c62c
global_step=157408 | return=-136.65 | steps=131 | track=d0363bb1784c6a0c5e2f0af7edb88e51
global_step=157552 | return=-148.88 | steps=130 | track=87b32e0e25170c697f2cb889acaca6ee
global_step=157632 | return=-142.48 | steps=131 | track=331f81ce49b2a77ee19c83eda22beba1
global_step=157888 | return=-62.55 | steps=50 | track=9b07d60113d50e00719cc713ea1f8643
global_step=157984 | return=-140.20 | steps=131 | track=6e58d33ed23c381dd2655509b5af3768
global_step=158016 | return=23.49 | steps=81 | track=6009d8bc6bbabe2f42b68007593de96f
global_step=158224 | return=-5.13 | steps=66 | track=3bb8975da1c9a6618bcd4bfd8d861eb6
global_step=158416 | return=-52.95 | steps=156 | track=367a6fa6c7e6383b73c2114de34e9500
global_step=158432 | return=-135.60 | steps=131 | track=5719e5a18b7f064820d1b6d3a6a54cdb
global_step=158432 | return=-125.98 | steps=100 | track=ec7e100364ddec56ba1aa09e539728d8
global_step=158496 | return=-150.55 | steps=131 | track=942e05afdc6aaf4bc43b08a4710d1aa4
global_step=158496 | return=-143.38 | steps=130 | track=998cf9e3f1429146e30c36bb7bcf415e
global_step=158640 | return=-124.04 | steps=113 | track=926ad72c414adfb4667aea36d478e39d
global_step=158768 | return=-145.11 | steps=132 | track=4f891feb03cc0fed76f776f6dda4ddb4
global_step=158880 | return=-35.67 | steps=61 | track=159044dd59e17dcef6ec1cec4d0887e8
global_step=158992 | return=-95.00 | steps=89 | track=08d11c8044d402a31ea12252a7c5faa2
global_step=159088 | return=-55.75 | steps=40 | track=517cdc162ae5a01140bfa42e54ba9a12
global_step=159184 | return=-116.48 | steps=166 | track=1c25f5b9af3507e82a70ca307715db74
global_step=159424 | return=-146.58 | steps=131 | track=a203d9d0899bdb592e683d52ec6ebecd
global_step=159440 | return=-17.23 | steps=63 | track=ac3eeccd8f071a984d9953a07a02b8f1
global_step=159520 | return=-132.01 | steps=131 | track=7cf6fa0bf4bdaa1b24d16f97e3d71b5a
global_step=159744 | return=-154.01 | steps=131 | track=8e8034aefb21838dd955e6a62de44f87
global_step=160096 | return=-146.41 | steps=131 | track=00c8fa960d7f3486568c4773a0bfc2cf
global_step=160112 | return=-69.36 | steps=104 | track=5d822747eb5574d46f0c00ade5f8ffb1
global_step=160112 | return=-145.50 | steps=130 | track=a3521ee63474c6ec129f79b6d7755acb
global_step=160336 | return=-134.85 | steps=131 | track=f719d0e87378b44fbebc47219289f4ff
global_step=160432 | return=-53.74 | steps=42 | track=f65f45749f3c0ebccc8756699759d2ce
global_step=160608 | return=-138.40 | steps=131 | track=9f34d198f9c2b230ecae8fce2430b9ee
global_step=160832 | return=-31.41 | steps=44 | track=a790e785b6ce827a327e40a019690509
global_step=160832 | return=-29.35 | steps=45 | track=c9618e3c23f63ca84a6652404e15099b
global_step=160864 | return=-142.54 | steps=130 | track=b3224dc6df0d769177812297e31104c2
global_step=160912 | return=-66.85 | steps=150 | track=137929cffa441cda6d4eebe9077fbd73
global_step=160928 | return=-62.19 | steps=93 | track=ec68cb21fc1a33de5023fdeb5d13cbe4
global_step=160992 | return=-143.67 | steps=131 | track=2c0c9a2ede43528a5fdf310a0be24b42
global_step=161088 | return=-146.79 | steps=130 | track=9fd164f6ec6313f234906e355b9cf451
global_step=161184 | return=-144.40 | steps=130 | track=bef27db6f2d2fa2b704ca84c26a3769f
global_step=161296 | return=-148.01 | steps=131 | track=3b305d0bbd3223c8648ea9401ca339ce
global_step=161440 | return=-24.81 | steps=62 | track=96378093f4806a179b42f8bb87fab41c
global_step=161536 | return=-137.98 | steps=130 | track=1277f5884320a193c85a760127222003
global_step=161616 | return=-166.61 | steps=185 | track=50aa8255d50f1d3a70818b6433c0385f
global_step=161936 | return=-107.15 | steps=150 | track=52355a92b883104b19eebc570ac27bb8
global_step=161984 | return=-87.10 | steps=116 | track=03e3a2bbb5e4cf6b8dd684e884976c56
global_step=162032 | return=-112.42 | steps=105 | track=83e980f2ba19b42962f2c9e9b84a1212
global_step=162112 | return=-17.55 | steps=69 | track=c694ed4b5d71d748268cd3a77a967ffa
global_step=162112 | return=-53.46 | steps=93 | track=beea19e6e0266be7dc1e4a2affffd069
global_step=162448 | return=-100.73 | steps=94 | track=d039cbaa95f0735e82b7ca6ccdb98ddb
global_step=162480 | return=11.34 | steps=86 | track=6c986f1982e87ca8eca6ebf423f5fc0c
global_step=162560 | return=-59.47 | steps=105 | track=13ffc6b4fac67f160a4d6e18ff83642c
global_step=162672 | return=-126.32 | steps=109 | track=97297167a56a61133288ea1174baf71b
global_step=162848 | return=-59.85 | steps=45 | track=84ff6adf38a20abcd667257ac70d01d0
global_step=162928 | return=-138.31 | steps=130 | track=480663b6464a70f770c62bafba0ee546
global_step=162944 | return=-142.20 | steps=131 | track=80550623005c1488c3c94442f6c0f750
global_step=163072 | return=-63.06 | steps=90 | track=833c574981c41214f33d245adc17aa4e
global_step=163184 | return=-49.81 | steps=74 | track=5bdb95952580df9bf88ab891b8dd8ae9
global_step=163296 | return=-160.64 | steps=131 | track=31bf3249bdc71318793b4778e4877522
global_step=163408 | return=-142.56 | steps=131 | track=5b8a70d0f74d186ca587c5274a48de69
global_step=163456 | return=-111.22 | steps=88 | track=9c67eab7cfd1004d531c82036871bfdb
global_step=163488 | return=-0.56 | steps=85 | track=d35780c1a42dc858414673ee9bebdf7d
global_step=163552 | return=-142.10 | steps=131 | track=a88449242fdf3e8c28d99209415feced
global_step=163600 | return=-135.46 | steps=128 | track=cb3c5524f656f2e8a04c17717cd0f426
global_step=163840, SPS=73
global_step=164112 | return=-112.78 | steps=96 | track=9bd94a265b530b31dede980609454f75
global_step=164256 | return=-142.99 | steps=144 | track=323a970680ff9759bade3ae1057a575a
global_step=164288 | return=-17.20 | steps=61 | track=15a0c2d57166a49bbad6583bed6f2b49
global_step=164752 | return=-44.44 | steps=71 | track=3733c75b3d6aba80bdb2a09b4a1f444f
global_step=164768 | return=-150.58 | steps=130 | track=41d784bdd8a7e2054af541a5da7b83d9
global_step=164848 | return=-129.39 | steps=110 | track=05c226bf5c47c2f0125144d8b9ef5a5e
global_step=164960 | return=-136.35 | steps=131 | track=82834580846daab303695a1a4ebf17c9
global_step=165040 | return=-141.79 | steps=131 | track=89d02e50dc05e980243299c7eb8636e5
global_step=165056 | return=-145.93 | steps=131 | track=55d08c3fb97ee24496fc8a72f944ad85
global_step=165248 | return=31.98 | steps=70 | track=e947242fa3fdc6631211580e5676b540
global_step=165280 | return=-145.77 | steps=130 | track=0a5478b6d39ef9a0d854b26f33f5ede9
global_step=165312 | return=27.06 | steps=178 | track=886ceebc1e884820e421d74b6e901f90
global_step=165376 | return=34.10 | steps=69 | track=b877cb77f4dceec4f4203dda46468beb
global_step=165520 | return=-63.89 | steps=47 | track=422d9574508f612bae8db8f6fd05df9c
global_step=165568 | return=-145.59 | steps=131 | track=b2b25d681ac5a8af8ad6f18ef71eb3e7
global_step=165600 | return=-153.76 | steps=131 | track=83c4d805d6e1c55ced13fc7ba889e86a
global_step=165648 | return=-133.72 | steps=130 | track=0cf08d31fc8b815e402c23015b87e200
global_step=165776 | return=-4.18 | steps=205 | track=87cdbb2ed40feadf3c51e9f525c06dde
global_step=166208 | return=-94.71 | steps=174 | track=a5f47822877684b8f7eb1fb15539db74
global_step=166624 | return=-114.87 | steps=97 | track=a43b125eb0a7cb3a3dba1a742a4e4dda
global_step=166688 | return=-110.62 | steps=89 | track=a70a45a5e65955a04df5dc17b1703504
global_step=166720 | return=-109.65 | steps=89 | track=c74f73827bf86f5ffaad9aa2afbdd90a
global_step=166848 | return=6.32 | steps=79 | track=a63a5122d3f3300f98a7ddd161179e16
global_step=166960 | return=-139.18 | steps=131 | track=0afaed5e1308ee259d61f0b3b6d29d97
global_step=167072 | return=-143.38 | steps=131 | track=fe8888ae3907224b7a5b6ab9d10de13b
global_step=167152 | return=-142.81 | steps=131 | track=6c7457c2f83bbc087edcadcf1e7fcfd8
global_step=167280 | return=-123.49 | steps=186 | track=1b829f9e3313c6ba677df42db11e4a72
global_step=167408 | return=-118.55 | steps=109 | track=cfca2472fbfbd65311130d3aed2c6c46
global_step=167424 | return=-177.61 | steps=165 | track=e1d5502b36b39df4f13451389599ba11
global_step=167424 | return=-142.56 | steps=131 | track=90a57c68aeacea5d50420b803718d89a
global_step=167472 | return=-134.63 | steps=130 | track=bb993130ed179ed0cc3a117e3fc4dbf8
global_step=167616 | return=-136.97 | steps=130 | track=5f993331d11bc0f455b1da60ded702a4
global_step=167712 | return=-143.67 | steps=131 | track=3d1e17dee9984fe12725696937ad0a95
global_step=167856 | return=13.34 | steps=72 | track=ca1de1d0351e15f23fdd73bc771a4c42
global_step=168080 | return=31.54 | steps=69 | track=4ed25000c7e885794fb44a0ff9502615
global_step=168144 | return=-49.37 | steps=53 | track=ff7a36c59432418d09dbcdbff71d7ae9
global_step=168208 | return=-2.01 | steps=84 | track=855a63e4c673fcba8203bf2bf594ba1f
global_step=168272 | return=-108.19 | steps=96 | track=7bc93d4d5d16c411469ca9cc5c7abe88
global_step=168320 | return=-150.37 | steps=131 | track=fdcc929484205ab220b501c9ab032425
global_step=168528 | return=-48.28 | steps=68 | track=d9d37fdda2fa32f5a99f939a99809236
global_step=169184 | return=-146.77 | steps=131 | track=51caecc9aeb0d354ebe541bd343f8ef3
global_step=169296 | return=17.18 | steps=71 | track=3b5574222c0e988f80fce967c5d0ee2a
global_step=169312 | return=-80.89 | steps=167 | track=808c26cb93d476a77851b9c5326c05ef
global_step=169520 | return=-142.14 | steps=130 | track=44974e0fc194b5109d3a2f2156460024
global_step=169520 | return=-126.02 | steps=147 | track=5d8df08bfe24796b311a292da2eb7f97
global_step=169520 | return=-139.41 | steps=131 | track=f0681ca74dfd7ea005d267723556a70d
global_step=169584 | return=-137.13 | steps=131 | track=834d34815ff768fc50edacc3b688250d
global_step=169728 | return=-145.69 | steps=131 | track=d0ef021ff3f9e865eea190484a1eb6cf
global_step=169968 | return=-134.94 | steps=131 | track=31187abfd07fca3e368cb289bc355594
global_step=170016 | return=-62.72 | steps=105 | track=40964998ea43cdf04a94da837fb9e596
global_step=170048 | return=-94.95 | steps=266 | track=649cfb02445f2088e88b395e77bef37d
global_step=170336 | return=-150.11 | steps=140 | track=73817fa8ee82c7516b1f0d811121126e
global_step=170336 | return=-132.95 | steps=163 | track=a5c2b2a765196d5dd3d261ef5a5e50e3
global_step=170384 | return=-147.19 | steps=131 | track=1434ef8f6039026b9be53401c27a4441
global_step=170432 | return=-63.78 | steps=56 | track=d9c3b1ee102cb1c3c5942a7dce7d3211
global_step=170576 | return=15.09 | steps=65 | track=bcc7f62e5c00e597c32cd72974f53be2
global_step=171120 | return=-82.27 | steps=161 | track=129b0e88bf7d636946c0791313c915ce
global_step=171152 | return=14.58 | steps=68 | track=56c3a67852042b9a7501fde6a9393bc3
global_step=171200 | return=-61.13 | steps=104 | track=ff2f8cfbc543c049fba7600dfe1bbbf0
global_step=171280 | return=-135.58 | steps=130 | track=8997eca3e7f7d861c752990317096f66
global_step=171408 | return=-133.56 | steps=131 | track=35f606708161f2352c1be79158aa3a05
global_step=171424 | return=-154.80 | steps=131 | track=9469a14992cb103d48102a953a6ff47e
global_step=171648 | return=0.45 | steps=75 | track=55785aeafdff1354bc92643bb5d4298d
global_step=171696 | return=-144.41 | steps=131 | track=07f16f65ee959f0599c9fefd773ae9ba
global_step=171840 | return=-148.78 | steps=131 | track=d400deede13ddf4aa749e16aec434175
global_step=172064 | return=-142.07 | steps=130 | track=0e7faa55d8fee14bd23db7f02561ce33
global_step=172112 | return=-142.14 | steps=130 | track=8e9efa5cad0dafe4a828ed395ae24c2e
global_step=172144 | return=1.45 | steps=61 | track=7a9975eaf1e8660e653a8fa4b3c5f857
global_step=172384 | return=-170.56 | steps=260 | track=28d29c1654192e312fc1d9ff3a69ce01
global_step=172448 | return=-148.57 | steps=131 | track=38f16156bf80f56cc2f3cd990e352376
global_step=172448 | return=-140.50 | steps=131 | track=259cf34ce9dc9f4ede57739c1ffdc673
global_step=172560 | return=-110.84 | steps=89 | track=2ff7804454f594ca3349515cfe14fbf7
global_step=172688 | return=-138.93 | steps=131 | track=5fe3216de32b0b4d063c45d232382669
global_step=172784 | return=-112.20 | steps=149 | track=c6eb4165ad5a843712493decf48e9c19
global_step=172864 | return=-111.64 | steps=89 | track=f008cbc612ae50e2ba2dc8408e1792d5
global_step=173248 | return=7.65 | steps=70 | track=a6b02651914774d82f5c4a165a20033a
global_step=173392 | return=-148.81 | steps=131 | track=bed250af458c0ae4a9271a5a768842f1
global_step=173520 | return=-146.83 | steps=131 | track=69df279232970716834251853f9635e4
global_step=173648 | return=4.33 | steps=67 | track=52871916034597d3f17765b8a2490b36
global_step=173744 | return=-147.57 | steps=130 | track=8df18329d1b2a3a4b4abab69dab2202c
global_step=173952 | return=-140.92 | steps=131 | track=52a9e4c4d9f43e9b064a5e32e0727263
global_step=174000 | return=-143.83 | steps=143 | track=a9fba35f7b082cf37f6a039ef2ed651b
global_step=174096 | return=-19.86 | steps=180 | track=a92c5a7e1ff42ee2984d96aa5964196a
global_step=174192 | return=-152.46 | steps=132 | track=5253608b50e448af74677dd590435eb3
global_step=174224 | return=-99.03 | steps=89 | track=46292d497f9e7f4ab70186aac1e5e0d0
global_step=174256 | return=-140.73 | steps=131 | track=caf6094324daad3d9f99ef6082c0972a
global_step=174560 | return=-144.11 | steps=131 | track=e7533d9a300cab9aec11eb6cbce0bdb7
global_step=174560 | return=-135.10 | steps=131 | track=d60bd45c1e3a5ce436170777abcfe614
global_step=174672 | return=-28.40 | steps=71 | track=5f1cb36e751773debe17b31678eb23bb
global_step=174768 | return=-50.58 | steps=69 | track=ba25dde21ce1263bd40466b47d9b9efa
global_step=174800 | return=-144.11 | steps=131 | track=c6871f0b584c45e70ceb9951db2b6c85
global_step=174992 | return=-6.45 | steps=64 | track=7a3ac0124a2c2940b9038c1ecaf16542
global_step=175056 | return=0.29 | steps=65 | track=1012d36449cc82b937e875101c9f8fef
global_step=175360 | return=-135.87 | steps=131 | track=44fce4a00f2349598a9bfe96ea5b3df4
global_step=175504 | return=-52.12 | steps=87 | track=880256dbf38fce190a64a1c6e6afce65
global_step=175504 | return=-149.29 | steps=131 | track=94d4516243e0abdb180b4c085133e47c
global_step=175520 | return=-55.59 | steps=44 | track=7d1e6b576edb9ef34083dcd0963ace6d
global_step=175936 | return=-77.89 | steps=221 | track=2b15f02f8611413e0731c79feed6956e
global_step=176096 | return=16.40 | steps=68 | track=6b3285ce2b7e3ddc37e763ed81325a4d
global_step=176240 | return=-86.51 | steps=97 | track=a0cccb12d3115d9a02208796a1529e65
global_step=176256 | return=-61.40 | steps=45 | track=a49969b3380a04f81144ebdfb346120d
global_step=176304 | return=-140.44 | steps=131 | track=78d75a42b8f8ae732af6bff9b2375a83
global_step=176336 | return=-138.73 | steps=131 | track=835bcd55d98267a5810a4fc621c4fe4f
global_step=176368 | return=-132.87 | steps=131 | track=ac0501dc8840a55799743a8e74296e8d
global_step=176384 | return=-41.36 | steps=113 | track=3385ea05a9069ccd8c69409c2d39ddee
global_step=176400 | return=-152.65 | steps=220 | track=d0296ae422f24773607c711f27f461d6
global_step=176592 | return=-1.90 | steps=67 | track=c8e5a6dd316b7f1c2dc179c11e889c77
global_step=176672 | return=11.80 | steps=81 | track=1a7c3b957a13b69409b5e1b783a87a76
global_step=176672 | return=-135.20 | steps=131 | track=fc5f30a4f52d06b7fb8bc4a2686b56df
global_step=176880 | return=-131.50 | steps=131 | track=5d19408c25d46b104c4a7531fa92822c
global_step=177168 | return=-145.00 | steps=131 | track=a3590acebdba83e93407a29d184657cf
global_step=177344 | return=-207.19 | steps=224 | track=42e15779161f216ebf003b235867be2d
global_step=177616 | return=-138.27 | steps=131 | track=fad397adccd556daa8d39bbeede35095
global_step=177904 | return=-40.92 | steps=102 | track=73b04cc05fe301b52cc92d35cb021574
global_step=177968 | return=43.43 | steps=67 | track=717bed6d394e466ff54792aa49f68102
global_step=178048 | return=-138.88 | steps=131 | track=65489ddeda28aa262d84165c01091b6a
global_step=178208 | return=-142.24 | steps=131 | track=c4885f40b18d42be0473bbd5bcb4b1d4
global_step=178336 | return=-139.88 | steps=130 | track=7c2b497e469a99ac6cbe0b976d124277
global_step=178400 | return=-136.48 | steps=130 | track=4b7ae6b36dbfa22c00728dea23484ecf
global_step=178464 | return=-72.04 | steps=111 | track=38de2d2f55e95e471a72230e78794ba9
global_step=178480 | return=-144.10 | steps=131 | track=5e8c5e2dd3aa8f43ca1350843729766c
global_step=178496 | return=-130.60 | steps=131 | track=683f82779811695ffea2f028ebd54bfb
global_step=178640 | return=-97.78 | steps=143 | track=a205718b30ff82793d7d0a92cecb08db
global_step=178784 | return=-136.35 | steps=131 | track=60f4b3b980d81ce0da567d15be15ba9f
global_step=178912 | return=-10.59 | steps=62 | track=7d5bba644a1f73368fb35076439ae981
global_step=179168 | return=-92.71 | steps=43 | track=cc6172f69192f7b2cc9fe5c5212bcea8
global_step=179184 | return=-40.54 | steps=114 | track=d70c4e58a66d179a6cad3d68e85436db
global_step=179280 | return=-141.51 | steps=131 | track=3ea7118b7f371c7677b78d365a6212af
global_step=179504 | return=-6.61 | steps=62 | track=4c3bd5f3f0f87b77cfdc2c006db58037
global_step=179712 | return=-78.35 | steps=93 | track=30adcdd5b1e45c9c84672e30ce571eb6
global_step=179712 | return=-143.26 | steps=130 | track=f7359cd1a22b195ef1f85802da68f981
global_step=179888 | return=-187.72 | steps=217 | track=46fc61c9883592343e441f59c4771eab
global_step=180064 | return=-155.09 | steps=130 | track=54e273a0bed50196d89676ba8a8392c0
global_step=180160 | return=-141.79 | steps=131 | track=2917e05e58aadb1e60211d2807a8b4bc
global_step=180224, SPS=73
global_step=180272 | return=-44.21 | steps=68 | track=fbfc8b4c76b6e26cb87f61b4336e9acd
global_step=180448 | return=-153.60 | steps=131 | track=1568096cfc691834e60b4487f9c9159c
global_step=180496 | return=-155.15 | steps=130 | track=09ec49076c0c3e9fd6dd11d27c48e5b8
global_step=180544 | return=20.30 | steps=64 | track=ba768c2df7418574d0dd23f7cdf403ec
global_step=180624 | return=-170.61 | steps=251 | track=996bb071cd64a5612746ef19e7029840
global_step=180896 | return=-139.63 | steps=131 | track=81976f7144f84fce6cffeb8a00956723
global_step=181120 | return=-132.50 | steps=154 | track=78e635574d19f9637249b6289c56cf64
global_step=181136 | return=-83.01 | steps=115 | track=35c14f28a3c878d84efa3517b874cadc
global_step=181328 | return=-142.79 | steps=150 | track=83c53065f2982fbc4f07621a4af5cee8
global_step=181456 | return=-78.59 | steps=141 | track=9826a9cbb722360047e945eac0d55e37
global_step=181792 | return=-117.36 | steps=94 | track=0427c4d68c65a9847da177f9ad2dac06
global_step=181824 | return=-134.94 | steps=131 | track=a7988ad9322505128d20a52caf3e0dd5
global_step=181824 | return=-137.14 | steps=131 | track=4ac33a4bf5dc6e9692454a1c9b3ecdc2
global_step=182000 | return=-135.61 | steps=131 | track=e70408fad29bd2d196e87628f9ea748e
global_step=182016 | return=-114.60 | steps=97 | track=b9698755d1dca408383d937e4b5b3599
global_step=182048 | return=-99.81 | steps=93 | track=92ec784676c1651201a00a57df0f1d53
global_step=182096 | return=-32.47 | steps=225 | track=44968e3eec46c9dca06843d0a1c00a66
global_step=182176 | return=-150.61 | steps=131 | track=3ccc8c258a576b3ef2f195553cc26c3b
global_step=182272 | return=-138.64 | steps=131 | track=ef5746a811d54e521a6ccead029d2e74
global_step=182592 | return=-149.96 | steps=130 | track=ba21eaafe8be65c818bd216283ee60ed
global_step=182800 | return=-63.88 | steps=62 | track=a6b275e33c8f03d7e8a38190e9d7e17b
global_step=183024 | return=-26.25 | steps=74 | track=a3ff93c03f10c6e5401f201017441a40
global_step=183216 | return=-64.86 | steps=72 | track=78fb562180cea8c11315d4d8560849b2
global_step=183216 | return=-149.37 | steps=130 | track=66a60e7ecc71f792ab132629cb8cfeca
global_step=183248 | return=-137.00 | steps=131 | track=8ac76db5c7c9eeae4889bd63151880ba
global_step=183424 | return=-154.46 | steps=130 | track=cbafbd3625cac3c8751b6d08064cceb0
global_step=183472 | return=13.43 | steps=177 | track=4dd24f336878dbf3f4862d0416a09d66
global_step=183568 | return=-150.01 | steps=131 | track=123fe0057e82eda07e34fafe8be16390
global_step=183936 | return=-140.07 | steps=131 | track=b20a53c362809df4bb4663f5cc595afd
global_step=184000 | return=-65.77 | steps=48 | track=13da20e96ee36958e326ff010ebd4c12
global_step=184112 | return=-135.10 | steps=131 | track=a73eb280011dd535d6a092567552654b
global_step=184112 | return=-133.31 | steps=130 | track=cefc52f925d0d49949f003cf7404e6f4
global_step=184208 | return=-121.26 | steps=131 | track=ab61e170bba49d65160127cad75c4e03
global_step=184272 | return=-144.44 | steps=130 | track=6577037988b00f45e727032ca18c63b4
global_step=184304 | return=20.10 | steps=65 | track=44dba3497c0cd244643828a8bbe4c5c1
global_step=184320 | return=3.02 | steps=213 | track=3bacd4c8f41666de631f48050cf3b240
global_step=184368 | return=-66.03 | steps=97 | track=17e7abdcf0dcfde6494b70699767d875
global_step=184384 | return=-139.60 | steps=131 | track=3ee617b67534b52c70415e0f64832bc4
global_step=184592 | return=-49.00 | steps=69 | track=79d44b6e37e5e16520099a7f8934cdb1
global_step=184704 | return=-147.49 | steps=131 | track=f2715d3f6081ff1c6eade923ebee660a
global_step=184864 | return=-50.38 | steps=46 | track=9d77ae091a290324ef47751346aad2de
global_step=185120 | return=-156.18 | steps=130 | track=3065a78568595f316e0f3dca81d482c7
global_step=185248 | return=0.26 | steps=64 | track=6d3162a560625c90a0e369553f66d2df
global_step=185328 | return=-147.50 | steps=131 | track=48acc1c3a8bedd4b9153c9b033d091f3
global_step=185536 | return=-138.05 | steps=131 | track=ba41fb69336547c13625236e60ebb09d
global_step=185664 | return=-147.62 | steps=130 | track=4d66c32da9a5b38b6cbababd0b69cf72
global_step=185888 | return=-117.44 | steps=97 | track=6ad4b258a5e1de1dc6d869310f4e5d18
global_step=186384 | return=-151.61 | steps=131 | track=ad400ac2f596844514a4a606c2304132
global_step=186384 | return=-82.16 | steps=152 | track=be1c5dc55be17c8514b120cee7edc512
global_step=186400 | return=-130.89 | steps=130 | track=e14a9345f83ce864960c5effc53202bc
global_step=186464 | return=-149.94 | steps=130 | track=81ae9caaa11919809d471bf7274bcac2
global_step=186496 | return=-149.09 | steps=131 | track=c25a60146a5b9ff944f68a6943b886bb
global_step=186672 | return=-58.63 | steps=83 | track=ca39b4bad615b1089fcc3b2e5bb50dcd
global_step=186752 | return=16.55 | steps=67 | track=3a7ea2b4f239c4d275587265597faddf
global_step=186816 | return=-151.58 | steps=131 | track=cb2d1204c66f241353fa217a602dcd0c
global_step=186928 | return=-102.62 | steps=182 | track=6a9e625870c552fab19d8bcfae1d12f8
global_step=187072 | return=-51.58 | steps=42 | track=7965ee8c3ee2826db47d7b94089cf17f
global_step=187072 | return=-142.26 | steps=184 | track=0e97760fe35b31a9e0b68341c1580fd1
global_step=187200 | return=-86.66 | steps=145 | track=d649bdd54b7b744dec501134323e858a
global_step=187200 | return=-141.64 | steps=129 | track=d98700b5cdf6a1e15ef7e0b38ff624ba
global_step=187472 | return=-79.34 | steps=138 | track=5b9a27e4860596e7db4b84b9ff0ffeea
global_step=187488 | return=-75.41 | steps=180 | track=0535edb275eb5dc0e156af7de5cbe865
global_step=187648 | return=-142.61 | steps=131 | track=3bf0b6c46baaf5c4e71113c22d931aa0
global_step=187856 | return=-58.00 | steps=57 | track=b285633ccf32b70165f8553376e03b06
global_step=187968 | return=-50.55 | steps=47 | track=d9219235976f16c420ede5d9806cdded
global_step=188000 | return=-153.97 | steps=131 | track=458e2b1f50c4e1931be5fa78ab420ba0
global_step=188192 | return=28.73 | steps=69 | track=1aa1a4f097199a94a6b8df3f858a3fc5
global_step=188480 | return=-111.42 | steps=129 | track=11b753a3dd26b7923d4b5bb8da549e96
global_step=188496 | return=-151.09 | steps=131 | track=e8f67c1f297fce590c1201ea4ef55b3f
global_step=188576 | return=-143.23 | steps=131 | track=efe7bf957b6e7562bddf681d9ca9c9e4
global_step=188608 | return=-140.20 | steps=131 | track=d45c4260a2d1baceb0cf7a77fe16b11d
global_step=188784 | return=-135.86 | steps=131 | track=ce0ed8de9af7ee1bd8664d97e5a4dd66
global_step=188928 | return=-70.98 | steps=57 | track=9c37583f0ed1eb92bab24aaf5e0c40b8
global_step=188960 | return=-118.65 | steps=109 | track=f654af99095460be8cc5b3452729e4de
global_step=189072 | return=-78.46 | steps=144 | track=029c37e4812e9e2b1d1d3f3acdfc31e2
global_step=189088 | return=27.81 | steps=69 | track=627e08744a50db1103fce91a899b55a6
global_step=189184 | return=-151.03 | steps=131 | track=5b39e6cf0f5a55510c053b7edb4f53a1
global_step=189408 | return=-34.12 | steps=96 | track=10734685dc6ec08bb09f7053daf00e5f
global_step=189520 | return=-16.39 | steps=64 | track=aa67916225c0d04a50f4500bff317951
global_step=189568 | return=-108.06 | steps=130 | track=279bf895806414ba21c1ef9911fb2d97
global_step=189584 | return=-167.06 | steps=130 | track=72ba56c4e565cd268255b8c10f4175a4
global_step=189760 | return=-140.78 | steps=131 | track=6f522aaf39e6c7fac4ae42fdfaf05c61
global_step=190064 | return=-1.71 | steps=79 | track=d4b55ea81d818bd094f6f91125ab5523
global_step=190336 | return=-54.02 | steps=57 | track=55b55e783e2e25b8d2b4787f88d08971
global_step=190416 | return=-172.44 | steps=224 | track=44176a85002b497b20b63eae9b5399d2
global_step=190560 | return=-63.91 | steps=92 | track=f67581bf17ba394cdba3ff9ce4e5b015
global_step=190608 | return=-141.40 | steps=131 | track=4f7530968555d1b5344782764c782ee0
global_step=190656 | return=-67.48 | steps=153 | track=083e0e66c5556d96a12237ad1f0f382e
global_step=190688 | return=-141.65 | steps=131 | track=60e11ea042fd3611085347630cfb3eec
global_step=190720 | return=-132.00 | steps=131 | track=77ca8230320f1672b43e3da0cb96ae01
global_step=190768 | return=-114.06 | steps=104 | track=dc4cee797ae7db2d96325c84aa49b66b
global_step=191024 | return=-101.15 | steps=90 | track=89dc3e971e3f440d1b4d412dbfb07d66
global_step=191040 | return=-131.20 | steps=131 | track=7a84638931a4f35cc48fe48dabac44b7
global_step=191072 | return=-158.94 | steps=131 | track=c50367a1a65a733a9ce51c1114dc23d1
global_step=191296 | return=-143.89 | steps=131 | track=cc1197834678501f4518978275691f74
global_step=191456 | return=-17.47 | steps=64 | track=2b3bbd6467a89bc13e16b88cb72b57aa
global_step=191632 | return=-158.44 | steps=131 | track=ec8ba1eeefdb762c87175c76a644fe33
global_step=191696 | return=-133.05 | steps=131 | track=5b648a86c64301ceec4ac25e554fd3f7
global_step=191856 | return=-148.14 | steps=130 | track=25412a5b692925418757dab9f783ae85
global_step=192192 | return=-131.65 | steps=132 | track=7c3b7c25c6ab9a36d1353af2d156b6e6
global_step=192448 | return=-141.01 | steps=131 | track=1dbe8987ca63d565e1ec806ba86cd3c7
global_step=192672 | return=-145.18 | steps=131 | track=c45ef5ed804ed5093de67a068b55523f
global_step=192704 | return=-157.84 | steps=130 | track=9b302775582f07f60c98365fb0c0833d
global_step=192768 | return=-109.77 | steps=107 | track=3dc309b43313dbd59a00414bc350257c
global_step=192768 | return=-146.18 | steps=131 | track=fd15d9028682cda3bc0699274ae2de23
global_step=193040 | return=-89.93 | steps=144 | track=b70fc002ac76d66d452e142f00f618cf
global_step=193136 | return=-142.09 | steps=131 | track=d6d554a6465f0f380fa87e8fb7babb8b
global_step=193184 | return=-161.67 | steps=131 | track=c5fa3bd55533e44e23d0cd7fb1cf0a83
global_step=193184 | return=-82.56 | steps=155 | track=6419c88a1b3e991635d9bd5ce8abcbea
global_step=193408 | return=-139.71 | steps=131 | track=a0d328027e25c72ed84f64c598b0ca37
global_step=193568 | return=-137.93 | steps=131 | track=5d897ee892c9ab49e9980aa9ddf6a0f6
global_step=193648 | return=-147.29 | steps=179 | track=9481789e1d2cc54d0efbdad7f5a9a917
global_step=193744 | return=-79.87 | steps=96 | track=88572e430a0d4d2ccf3e47ea196fb231
global_step=193744 | return=-150.41 | steps=131 | track=489ee934a823cf6fba42f2b6009a1e6b
global_step=193792 | return=-160.57 | steps=130 | track=ed90fe73e77303284f9e7e72fa68a514
global_step=193968 | return=-149.20 | steps=131 | track=2989cff5b0cdb6d684122edfe08d8860
global_step=194016 | return=-30.82 | steps=60 | track=0d55dc5f2a41075754ab00bad261e890
global_step=194416 | return=-45.66 | steps=41 | track=6df017c70327151080bf47e95b2d6e18
global_step=194720 | return=6.65 | steps=66 | track=eca0a424a98ff7fc42e661247260fe49
global_step=194768 | return=-57.16 | steps=144 | track=0df5d9b2282ec25c6ab9a05a30ee4e7e
global_step=194784 | return=-155.61 | steps=131 | track=a4de48b662d573e209ba8fd17e07f381
global_step=194816 | return=-147.40 | steps=131 | track=b49600d0bfb77d67ab0233c8a7eb50ad
global_step=194880 | return=-110.47 | steps=131 | track=fb83888adfc80fe10cdc0d331c615ae4
global_step=194880 | return=-149.61 | steps=131 | track=51b672cb799ba8f17030961bdaed3026
global_step=195232 | return=-145.38 | steps=130 | track=2bfd451491c56ac1f475ee97f6c7ae9b
global_step=195280 | return=-144.11 | steps=130 | track=6720d1db143c9ad5719e38d7b2b83080
global_step=195296 | return=-139.95 | steps=131 | track=712e24d5e7d942d13881cc73d7b16ab2
global_step=195312 | return=-110.63 | steps=94 | track=012c4dd1d6ce25dc5a6aa37724d8b27a
global_step=195520 | return=-137.34 | steps=131 | track=d80136139838e402924d0fe6ca66c93c
global_step=195840 | return=-129.34 | steps=130 | track=77241ae43273419aa8a72659d287287a
global_step=195920 | return=-0.11 | steps=64 | track=861c8c9390ec5cea7062945fc2354aaa
global_step=196096 | return=-148.61 | steps=132 | track=2e4bfae491b1335eaae1d415ee4766e7
global_step=196112 | return=-140.74 | steps=130 | track=077e5a4f09899f41fb3668f37b93aabf
global_step=196336 | return=5.90 | steps=64 | track=df8a699316037e6bdce1cd9fca7ca7e8
global_step=196368 | return=99.47 | steps=174 | track=3db29b7dbb78af68fd0d843677aa1cdc
global_step=196464 | return=-99.35 | steps=102 | track=a8766205268b59e81d9c0d30fbd75dc5
global_step=196544 | return=-36.53 | steps=109 | track=5f4b206adb472885ba6055220958d92b
global_step=196608, SPS=73
global_step=196736 | return=-111.93 | steps=93 | track=9ddefda458aaaec65b35d8dfb3685004
global_step=196736 | return=-108.78 | steps=144 | track=e2688d25ed24ca36b834a3bb3cf36cd5
global_step=196816 | return=-147.22 | steps=130 | track=98735e27c92a0669db80b21983eff804
global_step=196880 | return=-106.91 | steps=131 | track=5d8fbb091c617cc18f30d976a7f29cba
global_step=197392 | return=-136.35 | steps=131 | track=1c7d260b1dd5a8f558e30f30a17dc066
global_step=197424 | return=-153.11 | steps=131 | track=ee1542b98e4b741f140fb970d1bc6206
global_step=197648 | return=-162.91 | steps=132 | track=6a42cc8829f35f609f69d620de30cbea
global_step=197808 | return=-1.88 | steps=66 | track=69d742c83a2da87820347c6a967e1f7b
global_step=197952 | return=-139.71 | steps=131 | track=4a0c9fb0b267a85b4f3ed3c32413e3ae
global_step=198016 | return=-145.24 | steps=130 | track=9a536387cd6f01b2aa203ec1c9f475e7
global_step=198032 | return=-74.56 | steps=196 | track=bcaf7d18f9c84e91402b0d9e0bfe82f5
global_step=198176 | return=-108.67 | steps=89 | track=ba08c24bc3274d8d1663d5db0becc0c2
global_step=198224 | return=-143.41 | steps=131 | track=1e269258b6a97eb6739eb93fa1ab8b8b
global_step=198416 | return=-18.38 | steps=61 | track=043e4876c09bc4bbebec1ff26db0f6ca
global_step=198448 | return=-140.94 | steps=131 | track=e9594d44c420f3ecd8cbef2d0e541a47
global_step=198464 | return=-139.16 | steps=130 | track=a622b6ee2d753ad2d717c4fe4136ce0a
global_step=198560 | return=-108.43 | steps=153 | track=987af990b5ceebf8d0427d3ea1da429f
global_step=198576 | return=-130.48 | steps=131 | track=ee35f929fe5e67366e59c13bfd02ad9d
global_step=198656 | return=-130.21 | steps=131 | track=d10802df3795b4989518152d72d9e420
global_step=198928 | return=-120.29 | steps=131 | track=563eacb45c592ba4b5d05baa4246c2a9
global_step=199312 | return=-148.96 | steps=151 | track=6b6683fc7ab4476f2e954b84962255c0
global_step=199408 | return=-40.39 | steps=46 | track=c2cd592601d01cce36e71fbb5459cb94
global_step=199488 | return=-31.97 | steps=64 | track=d72ddc7dfff6c39f8ed7f4ab4ee8705d
global_step=199648 | return=-102.40 | steps=91 | track=f778f387f0571d395cf0a4a1944e685c
global_step=199904 | return=-46.98 | steps=60 | track=5282e1280a16957fc6d55bc9b0b331b3
global_step=200016 | return=-109.39 | steps=90 | track=1728ddce472705a8e86733ff1147a99e
global_step=200144 | return=-141.87 | steps=131 | track=d9313ce66e3f3d84f11d2fecd886e8df
global_step=200528 | return=-134.59 | steps=131 | track=9b1314cf280700e80c6c902043b440bf
global_step=200544 | return=-27.79 | steps=55 | track=949e1ce32b415d31c1310f87a275905e
global_step=200672 | return=-152.39 | steps=130 | track=c18b2a81b64b993c8d4ba18ace7073c0
global_step=200816 | return=-96.78 | steps=146 | track=469ccff5a08f3f85ac514b8a0f4ef119
global_step=201088 | return=-72.35 | steps=204 | track=f4720c2f1dc6e58615d2d3e2b82949dd
global_step=201168 | return=-44.80 | steps=235 | track=2cadcc115fac0311e4806c3e999a9464
global_step=201360 | return=-209.33 | steps=212 | track=5577c86fb2cf0d3713da04a4d2845328
global_step=201456 | return=-172.50 | steps=201 | track=8ee97e14dcf76b1afbb9bca1299c057b
global_step=201504 | return=-20.13 | steps=60 | track=adb57101d902b9321694e05b99a0a94d
global_step=201520 | return=-139.18 | steps=131 | track=ea6f3ec9926bffba678405b3fe9850f6
global_step=201584 | return=-141.88 | steps=130 | track=094ee8501f2abd37155adfb5827fc051
global_step=201600 | return=-108.18 | steps=142 | track=9b414d4631dd77b19f925e78d8cd792f
global_step=201808 | return=-100.96 | steps=236 | track=0bfbd9319a95881127e6509838cbd5c7
global_step=202064 | return=-65.90 | steps=94 | track=d04bb17aac3b0b985838e5245db7eaf7
global_step=202096 | return=-130.04 | steps=136 | track=8d529f48d45f5889f12731ada558d3f4
global_step=202096 | return=-5.77 | steps=62 | track=e64ba3d11893297b1bd0dca4b55fac6a
global_step=202128 | return=-139.21 | steps=131 | track=f499a69de5aff29339ef495dfb1a06ed
global_step=202256 | return=-142.40 | steps=131 | track=f1d1d8b8ee70c635383d960ff133fbbb
global_step=202304 | return=38.40 | steps=70 | track=2ce3ee0ae1587e704442465e388b25eb
global_step=202608 | return=61.75 | steps=71 | track=95d25a692d2dab2068ff517cbcb8e76f
global_step=202928 | return=-161.42 | steps=131 | track=ee8449382c64deb6443c4ea40b91e30c
global_step=203472 | return=-126.21 | steps=131 | track=0139390f07452339eb861a1cc01c1535
global_step=203616 | return=-141.40 | steps=131 | track=763ac86238486643550aceadc3880594
global_step=203632 | return=-140.76 | steps=131 | track=3aa54a06a67c542407d271d4549c8bfe
global_step=203696 | return=-147.21 | steps=131 | track=353bb75879c3d1ebbbb0006c26a56b27
global_step=203712 | return=-135.33 | steps=131 | track=68696d1f645d25ac92d7f225e67c949d
global_step=204048 | return=35.77 | steps=69 | track=802f9dd44978978246b2c416b20ad6b0
global_step=204144 | return=-131.11 | steps=145 | track=97a0cb9fa958531c23858ac176910783
global_step=204176 | return=-136.06 | steps=131 | track=3338a8e328dad55e4a06838690d18025
global_step=204208 | return=-138.73 | steps=131 | track=f89d3aaff5dc919ea1c294652e329325
global_step=204384 | return=-105.54 | steps=140 | track=ad7c52822c0613265a7b2739dfb67a4d
global_step=204384 | return=-143.39 | steps=132 | track=414b58a85aeeef718fc6f11cfc5c1ac6
global_step=204416 | return=-132.75 | steps=131 | track=738b1009ed4b6f0b6dbc9d33004fbf4c
global_step=205088 | return=-61.50 | steps=154 | track=565289b0ef3bcb061c8695d16e9ed116
global_step=205296 | return=-177.39 | steps=288 | track=247ffea66a7d5b804fef46d2df4b4733
global_step=205424 | return=-24.38 | steps=64 | track=8f05a0fc37d1cf307785fb963e580b2e
global_step=205456 | return=-61.07 | steps=64 | track=6f4c670a0967c4ae700b88d277d00f8c
global_step=205536 | return=-60.92 | steps=113 | track=85e1dd657063c4672d35c53f0efd48cf
global_step=205728 | return=-150.82 | steps=130 | track=94b8270b17eddaa5f87ae1ad4d3bb1c7
global_step=205728 | return=-148.99 | steps=131 | track=6210ec86ea47e77aed6ad2b6d9b2bca7
global_step=205808 | return=-133.24 | steps=131 | track=bf6654a2445da786b2d349b9ffb27f9c
global_step=205840 | return=-141.53 | steps=233 | track=98e469c197b79356772de8276d8703b7
global_step=205952 | return=12.34 | steps=518 | track=b2a7feccb69e54fce3fd4ac9b4b463cc
global_step=206160 | return=-147.05 | steps=131 | track=1137a226b279459960de9c55063b5ac9
global_step=206256 | return=-134.89 | steps=131 | track=8e3cb923ee79bbe4c1c0ed7535128086
global_step=206288 | return=-143.01 | steps=131 | track=5650d9cba9690929a6be84377d35f3d6
global_step=206320 | return=-136.93 | steps=131 | track=16d8911a3f8a83020c0cdba7345f657b
global_step=206496 | return=-133.00 | steps=131 | track=c1fda0271d7b4b915c39fd579f8e2df7
global_step=206896 | return=-101.82 | steps=89 | track=4bfbcb0f64e230ddbd8bd550bd6c7525
global_step=207072 | return=-93.34 | steps=224 | track=f7386887c2ca9f55ef1ef3b37e24191b
global_step=207072 | return=7.74 | steps=78 | track=58e499a79b9e48b442abc0da705efce3
global_step=207184 | return=-115.92 | steps=109 | track=f83097ab100f67e7808157538ad24f41
global_step=207344 | return=-93.77 | steps=100 | track=7054e7439df3f775743166c649eca070
global_step=207344 | return=3.65 | steps=65 | track=96d69a0f1022694688e4362b0a45e2ea
global_step=207376 | return=8.85 | steps=65 | track=eaea0b6093e0c946822fe13b89e1ab3f
global_step=207408 | return=-147.98 | steps=131 | track=f1e75c663b3443339c734b5baf1abe3c
global_step=207840 | return=-139.83 | steps=131 | track=2c5253af7d989d33ea136fe4e9e3dcf9
global_step=207952 | return=-1.08 | steps=150 | track=37e9fd4c480e1ba4ecae860df0be1e46
global_step=207984 | return=21.74 | steps=67 | track=714b2bbafb396dc2110c3e6fbbcde75b
global_step=208064 | return=-147.39 | steps=131 | track=07f5efc780e05640d645fa5393fd54d4
global_step=208192 | return=-68.11 | steps=146 | track=65c84e1f4802dace8982e96fd828dab8
global_step=208272 | return=-139.46 | steps=131 | track=4902d64b4038431aeaed7afe6e36124b
global_step=208320 | return=-16.65 | steps=60 | track=aaab7032b1873e4aa00b001888865420
global_step=208368 | return=-149.20 | steps=131 | track=d4c9acbd74083bc5604859226ae2ff3c
global_step=208512 | return=51.35 | steps=70 | track=804341f6c2d8fda8e7810d8102f463cb
global_step=208576 | return=-56.73 | steps=72 | track=49c8508c7fff12e7a29e3e63ad93df51
global_step=208608 | return=-138.03 | steps=131 | track=1d1634d888c292dae2f2f8aec6b3275f
global_step=208624 | return=-73.76 | steps=96 | track=8e3131a614f6939eab8b40a251b6cf6d
global_step=208736 | return=-48.60 | steps=41 | track=2298821f33ba7ddd93f28b936eace2d2
global_step=208768 | return=-121.07 | steps=229 | track=7aea2dce920f3bc028634dd5a1721c42
global_step=208976 | return=-58.03 | steps=48 | track=e5fdbb6bfcf03422dde1a3f28aa2a953
global_step=208992 | return=-19.14 | steps=62 | track=adf4a59623230be35d35613993c07793
global_step=209296 | return=-161.67 | steps=131 | track=7b9b3f739066ddf5dcf7660a6bdcfc0e
global_step=209408 | return=-64.88 | steps=55 | track=efc24bc06148309112bda06ba7d0267a
global_step=209472 | return=114.50 | steps=101 | track=352d9c820ba86e7e75fa9374ced7423c
global_step=209920 | return=-113.81 | steps=102 | track=b5cb1cb8e42a136cb0f6382517f3ebcc
global_step=210064 | return=-142.39 | steps=131 | track=8b5c462c804235bde558166550d18a92
global_step=210432 | return=-135.76 | steps=131 | track=75489cb4505afb6e393601ba4a111e29
global_step=210464 | return=-146.00 | steps=130 | track=7d105e56ff0b151471a03b4f032def3e
global_step=210720 | return=-151.09 | steps=131 | track=b81bb4981f154554e4a70458440a5ef1
global_step=210736 | return=-152.17 | steps=131 | track=21f66830e411779d786684e195d76c96
global_step=210832 | return=-85.43 | steps=128 | track=54687e23cc972d21b5aded9d7f6505f1
global_step=210848 | return=-132.53 | steps=131 | track=2205061c61f9d24a27edde40465343e2
global_step=210912 | return=-108.27 | steps=89 | track=03829432843eb71a3f1ee0019f93b650
global_step=210960 | return=-107.11 | steps=96 | track=2db1322fb6beef1baeebee3a6f64420a
global_step=211408 | return=-193.40 | steps=270 | track=85be1c9073f0d25ea7ae2d9c3e508f6e
global_step=211408 | return=-143.31 | steps=131 | track=028130584cb4ff88a68e0a37fb9982d7
global_step=211472 | return=-65.22 | steps=154 | track=5ea9bdfb2e44d95955d4caf0327efa78
global_step=211568 | return=-31.67 | steps=263 | track=3b8e7455ee5b6c4dcd097427aeb6dc21
global_step=211744 | return=-4.94 | steps=63 | track=911ad643ef7b010f248f03368d3290d0
global_step=211792 | return=0.49 | steps=65 | track=20cebdefe965374bcd8f1dd69bbeb5f0
global_step=212144 | return=-109.09 | steps=138 | track=5d886df0f67c36735fc152747a26f5ca
global_step=212160 | return=-85.20 | steps=223 | track=3cadb99457ba679e71aa8ff84e152734
global_step=212176 | return=-151.20 | steps=131 | track=393a754a40add103e374430eba34cca8
global_step=212480 | return=-77.52 | steps=66 | track=eac6dc8235135e0439d8ffbc0a98ef44
global_step=212512 | return=37.63 | steps=68 | track=15ba2096570e91f22e9807d1f30c9236
global_step=212544 | return=-113.17 | steps=131 | track=83f4906afb8e7acdc4d0466e2698af88
global_step=212560 | return=-146.14 | steps=130 | track=46de5e93e5924bad9f6aeec91625e9e1
global_step=212944 | return=-137.55 | steps=131 | track=f2cf3b48e3355a3bb2426e93839df777
global_step=212960 | return=-146.94 | steps=131 | track=8d3fd09f8de5a09a0db8d2c9175b8e0e
global_step=212992, SPS=73
global_step=213008 | return=-142.20 | steps=130 | track=8133cacc6afab93d0973c2c90b7edc48
global_step=213328 | return=-198.46 | steps=271 | track=bf006cc554ffefe6bc39c52d98c57bcf
global_step=213568 | return=-117.68 | steps=130 | track=6cf451ef48e7d59af6cc386d38579780
global_step=213632 | return=-113.64 | steps=90 | track=e493037ebf9a2e9b98758b85727e6265
global_step=213664 | return=-145.46 | steps=130 | track=ff527a6c713fb7de3745c740fa5caa35
global_step=213712 | return=-48.67 | steps=46 | track=019b85cdf1e6f4816d97d6f8683b3991
global_step=213792 | return=-60.50 | steps=176 | track=80127a46d4b84369ae669e2e273eee04
global_step=213856 | return=-139.18 | steps=131 | track=001dcb60d45165010a34e92283e69327
global_step=213888 | return=-145.72 | steps=130 | track=51c333a023006ca43b45dc85d1b1f3a2
global_step=214256 | return=-145.18 | steps=130 | track=660cc3c4b332055fa1f6eb81994b494f
global_step=214256 | return=-155.52 | steps=131 | track=b691a6fada0687f90912f435c655dc4f
global_step=214608 | return=-141.22 | steps=130 | track=9d316a20d98cfec7a63e203d877dea97
global_step=214656 | return=-144.75 | steps=131 | track=a72806e298606053957698d2936b4e36
global_step=214672 | return=-141.75 | steps=131 | track=43b054fa8337b9ecc2fdac25d1b22a97
global_step=214720 | return=37.90 | steps=67 | track=81f06c03bbfe70bee9a867d7ba25cff6
global_step=214800 | return=40.92 | steps=70 | track=343eb358a37a56ebe4f75c1d93cb8511
global_step=214848 | return=-26.29 | steps=59 | track=bb477e322bde335e95b5f3f04e9dc99d
global_step=214880 | return=-1.17 | steps=63 | track=9ee9195cd4dd03f80285e346193f218f
global_step=215040 | return=-128.26 | steps=91 | track=7ed5fad541986ffc107a86a26f4fa253
global_step=215056 | return=-150.72 | steps=131 | track=2586c476e1ebb7c93130b9e0bcb69193
global_step=215376 | return=-76.48 | steps=147 | track=d519f4d8b464001676bbfca54cc05444
global_step=215440 | return=-149.29 | steps=131 | track=57c7b741988f6da8f700ed700ef00f5e
global_step=215712 | return=-20.78 | steps=61 | track=b7532f5b1ca67c24c6c90e9b5c956e72
global_step=215728 | return=3.45 | steps=65 | track=f971a9f55b3036957619f6266319bf08
global_step=215824 | return=-148.57 | steps=131 | track=0b8bc28683cac9ba6890d5143aa0a00e
global_step=215936 | return=-111.43 | steps=104 | track=b7f5b0819442e288605c36c2b7960d2f
global_step=216016 | return=12.12 | steps=70 | track=5f35dbaf26999b3a6899c3500bb36988
global_step=216032 | return=-2.48 | steps=85 | track=845bb8927eaee8ca7b2591aaa22b8c42
global_step=216096 | return=-21.54 | steps=64 | track=bae7609a503b4bc5bf633b392dd5ed53
global_step=216128 | return=-33.16 | steps=46 | track=825f671ccf2f7f663bc0387696d3a199
global_step=216368 | return=-146.85 | steps=131 | track=5520ca3478071695d3b0d51e2c2cf158
global_step=216528 | return=-68.36 | steps=252 | track=2c6dcff5e91270892307552d65c2fc3a
global_step=216800 | return=-134.82 | steps=187 | track=b4d6f5a5a0e01d5635ab13a3c24abd33
global_step=216896 | return=-156.08 | steps=130 | track=70cae9730edbd84b7059f3b186f21ba0
global_step=216960 | return=-147.19 | steps=131 | track=d47932daacd15cc227de6ab689a33d4d
global_step=216976 | return=-58.90 | steps=147 | track=04b42ffef8669f9faa62bc8e787c5c76
global_step=217152 | return=-116.65 | steps=106 | track=220919d2d72535af3951cce87d8641ef
global_step=217152 | return=-156.73 | steps=131 | track=3b5c75b48ca9a4e95c10952b566a6ef9
global_step=217200 | return=1.83 | steps=66 | track=65ebde0d3c5885227645634d825d44bc
global_step=217376 | return=-101.04 | steps=62 | track=7a82f2387c164273aa7b0628961e3286
global_step=217552 | return=5.70 | steps=63 | track=24de4813628b6cd3fe7cbe704348b191
global_step=217648 | return=-119.46 | steps=96 | track=2d64ed5ca1cc4e57821cee452903bc32
global_step=217824 | return=-139.57 | steps=131 | track=cd2a6e05af185d74433fa8662bb2a44e
global_step=217840 | return=-142.53 | steps=131 | track=f315599ee368b0b36557ae5951a89c0f
global_step=217920 | return=-165.44 | steps=130 | track=d846d1432e8ef1c97786d94760462c23
global_step=217984 | return=30.98 | steps=67 | track=2dd8db689ed54de4f7da831d23204fd7
global_step=218048 | return=-153.52 | steps=131 | track=5926bf5494cb8fb8fe85b24a1c5ee6d4
global_step=218112 | return=-134.16 | steps=130 | track=271f0e7180c87f99019a5aae658c8a63
global_step=218144 | return=-137.86 | steps=131 | track=6b4ca5705d388ad7aed04b55440282e9
global_step=218640 | return=19.07 | steps=67 | track=a21f0ced6a46f6ffb4a45d32e95f3eba
global_step=218720 | return=-16.00 | steps=45 | track=98d6b15b894528ec956de395f970681a
global_step=218864 | return=-114.44 | steps=103 | track=ad000c2c7d1b05469083b97a6c7d0a17
global_step=218912 | return=-143.01 | steps=131 | track=c49e8c9412a54d5a9d5e29e2c47f12e4
global_step=218912 | return=-18.80 | steps=61 | track=76f178828e23025ddc773c4d940f63c7
global_step=219056 | return=-142.17 | steps=130 | track=887cd8298f06055b4d938ea079f910c3
global_step=219088 | return=1.88 | steps=77 | track=eb5f24ce2d4acf8d7d00fd681decdb8d
global_step=219088 | return=-139.18 | steps=131 | track=cab0702e5b2c42ca9a8033b10181bffa
global_step=219248 | return=-137.85 | steps=130 | track=12c33b7f27e606e97aafd549c4d67023
global_step=219248 | return=-151.76 | steps=130 | track=9886b0d7a42ea13a0134700be0301027
global_step=219568 | return=-41.78 | steps=136 | track=971fe07eb0525fea79ec7d0a36dfe5fe
global_step=219680 | return=-121.17 | steps=95 | track=f847568dfc3751d77072befea07c9025
global_step=219760 | return=-133.05 | steps=131 | track=3c417361860145ef550a839f741585b4
global_step=219936 | return=-145.21 | steps=131 | track=67e8f7a3cf4bc6e317f48aaf33ad9165
global_step=220160 | return=7.09 | steps=66 | track=b33b2b34343a73d2a657c8f4245b8c97
global_step=220416 | return=-83.76 | steps=105 | track=365b497025fc0822064c1e95e078771a
global_step=220528 | return=-135.38 | steps=154 | track=b347665d3c9ba42638bcc7d12874cd94
global_step=220976 | return=-120.99 | steps=107 | track=7da1aec4e17b0257784bf7b4012f4f6a
global_step=220976 | return=-135.34 | steps=131 | track=aa753ae786e9ffd29a583ebc0a16242c
global_step=221024 | return=-146.06 | steps=131 | track=5cca38580ecfa3e0f3a0f8c50a1ec199
global_step=221088 | return=-94.13 | steps=152 | track=4927c65789cc13ed5b14514c3d4b2731
global_step=221200 | return=-83.21 | steps=142 | track=51d8440d539c283c385c8747ceac74d0
global_step=221200 | return=-143.01 | steps=131 | track=1a0bd1f9b9e00455c8b764c12c923e0d
global_step=221360 | return=-130.47 | steps=131 | track=e006045ae936eab93a3f70cb3ee8bbac
global_step=221552 | return=10.36 | steps=63 | track=01e0e65b2058a7c01a877dadb8c40be3
global_step=221680 | return=-147.21 | steps=131 | track=9cc13e823d1efe75f21d9a3bc4e0412a
global_step=221792 | return=-143.61 | steps=131 | track=68fba235bb52fce28e622a7b652ebb51
global_step=221840 | return=-27.10 | steps=173 | track=cbeffadd806917c7b35462f711e4583f
global_step=221984 | return=9.28 | steps=55 | track=72dc3c6fca7c563efc3c3e10ed03d92f
global_step=222048 | return=-135.86 | steps=131 | track=651e0daccbde6071d51dbc14b3769226
global_step=222080 | return=13.19 | steps=65 | track=5b87d420c570835718ddeff3d4e935ab
global_step=222096 | return=-68.24 | steps=145 | track=489e038f2526a20f930f97f790a54c29
global_step=222320 | return=21.39 | steps=69 | track=2a7d84103ebc1fbe46b9338adf5380ae
global_step=222352 | return=-205.26 | steps=264 | track=4c90da5850748cd8727c52ccc4d5d66c
global_step=222528 | return=-136.84 | steps=131 | track=51fb58bdde37b4590c7d04c32b00be29
global_step=222608 | return=-113.41 | steps=101 | track=844f58c99ce9da9a97bfe79787c86367
global_step=222992 | return=320.61 | steps=176 | track=d3fbac3c06dd00da0ebdf8628378dcd0
global_step=223376 | return=-74.91 | steps=105 | track=96bfb5af97a95be372c7a503e3b226b9
global_step=223392 | return=-110.38 | steps=136 | track=d01e8182eedf0380c1f055c2da1d79d4
global_step=223456 | return=-58.74 | steps=91 | track=5877673bab87fd013f2fff80c909b5d6
global_step=223472 | return=-148.65 | steps=131 | track=1f04758c4217b985e4e223a1236ac4dc
global_step=223712 | return=-45.63 | steps=84 | track=8169ca8122f2ec3e5ce973a0e650036e
global_step=223904 | return=-144.81 | steps=131 | track=81b0cb0a1e4fe40a300a9a475783c33e
global_step=223952 | return=-158.07 | steps=131 | track=71a783950c6c5892a144553f34aa4237
global_step=224208 | return=-139.01 | steps=131 | track=082aba8c3b601973fdfc0b7b3f2dafed
global_step=224400 | return=-95.12 | steps=146 | track=868d4f5899df228fba2c77a418c30b6d
global_step=224432 | return=-155.56 | steps=131 | track=5e6657bfee791116bcf690adcd9d7ef5
global_step=224432 | return=-79.27 | steps=146 | track=d11470ee2ceccbd6a60b1e699951b6fd
global_step=224640 | return=-148.81 | steps=131 | track=cccd9dfac8a7b94c4fcc74df3d25444d
global_step=224720 | return=-148.21 | steps=131 | track=e1d5ad1b342829668edeef1e968d75af
global_step=225040 | return=-12.31 | steps=253 | track=2385e8b072260d83f0153e425f1e6b57
global_step=225088 | return=-101.26 | steps=100 | track=485e1b50dfbda6ee4a6c5770d9f86714
global_step=225408 | return=-7.98 | steps=62 | track=14b3844686a0dd0509f8c3858b47b6f0
global_step=225488 | return=-151.24 | steps=131 | track=3aeac74ab973a14fa3f0c7f1c26f80a0
global_step=225504 | return=-131.44 | steps=131 | track=25c8ea3c038749225d3cf1d0be3d6033
global_step=225520 | return=-119.88 | steps=157 | track=3ad0d12c15851d77c8bf18a1cd4669fc
global_step=225568 | return=-130.10 | steps=131 | track=4cce36fc67dbec5de08a74f03c451ec8
global_step=225680 | return=-116.03 | steps=110 | track=a41fd62cd64a4afa61bce786ba050f24
global_step=225728 | return=-113.78 | steps=260 | track=deac30701783a7bad576839550104db2
global_step=225824 | return=-138.03 | steps=131 | track=608177f2a36194aa14f905152ebec263
global_step=225984 | return=-74.10 | steps=78 | track=5f389bdb8c9aaec487d1ee0d2183a962
global_step=226032 | return=-69.87 | steps=58 | track=6c0a9c760eda5cc0b5e6dc2ecc3bc48e
global_step=226064 | return=-139.35 | steps=131 | track=3914649aac182c9632ba39cf849021d9
global_step=226320 | return=-128.09 | steps=131 | track=6a9961d4539779c9a6a7f77be805d40d
global_step=226432 | return=-33.39 | steps=56 | track=e229fb2385dd85691351a47a490b17bc
global_step=226512 | return=51.82 | steps=68 | track=efc5d5a23d175a834ba65e1b298abfc2
global_step=226528 | return=-161.26 | steps=130 | track=16264703f93439e5864756b7ff3973ab
global_step=226592 | return=-61.59 | steps=47 | track=4398229695b9d1289f599027fc53a4f8
global_step=226832 | return=-34.20 | steps=49 | track=305a313ced1e5623ad7bc6a06aa6ea0c
global_step=226880 | return=52.66 | steps=152 | track=e5eaabd01a3a1dc4b9a2119bb87527f9
global_step=227072 | return=-10.11 | steps=62 | track=45fa7fafb9ddf5c731ad498cdffad556
global_step=227152 | return=-133.48 | steps=131 | track=0acf320292a0afa1343362619c38d37a
global_step=227600 | return=-131.07 | steps=131 | track=b8a466fa8d9edc836307f2daa5742903
global_step=227616 | return=-132.53 | steps=131 | track=77799c165406cd57d87ff66bce3788bd
global_step=227616 | return=-103.61 | steps=117 | track=5934bb46dfadfdebe068fc570eb5abcb
global_step=227680 | return=-130.19 | steps=131 | track=9e891f78d0d5415af71470d49698310f
global_step=227792 | return=-158.10 | steps=131 | track=51f65c1a9249bb58b08afea39e1740ab
global_step=228064 | return=-74.07 | steps=91 | track=d54494ee6128fd773d6dd0472894b400
global_step=228272 | return=-39.73 | steps=114 | track=afaf9edbe985990a25ff8c21a3856417
global_step=228352 | return=-73.91 | steps=94 | track=6b7727bd1444ebeaeaf5a67d796d5980
global_step=228432 | return=-146.38 | steps=131 | track=e651a68bc26a075d8ac98b98d8b41b0b
global_step=228448 | return=-37.24 | steps=153 | track=36c334c748df1dc00241a0880dcdcf2e
global_step=228640 | return=-3.26 | steps=63 | track=cfea851220302096708e6f00bf45bc35
global_step=228720 | return=-14.35 | steps=68 | track=afb76e1b89da7fa695de84893bea0f8b
global_step=228832 | return=-79.73 | steps=143 | track=6b214850b0635c5376617609af48b3de
global_step=228912 | return=-43.51 | steps=109 | track=ca13a11c5ab8a73ca92539ddfccf222c
global_step=228992 | return=-57.23 | steps=119 | track=a0aab99df1a89811e8f9a082619c453e
global_step=228992 | return=-147.40 | steps=131 | track=542ecf1342b1303481d00977f0df8ac7
global_step=229008 | return=-53.51 | steps=87 | track=ad7ddfcd2bf37ef4445c1264fb4ca1a1
global_step=229376, SPS=72
global_step=229744 | return=-205.67 | steps=318 | track=3453a24ee807f289142e2ac043a0c852
global_step=229760 | return=-104.97 | steps=92 | track=587ba8bba602d316fe173f4b8f899c51
global_step=229872 | return=-110.44 | steps=209 | track=bbe3ffd1a170d67f2d6e0f9291d60389
global_step=229888 | return=-145.06 | steps=130 | track=f34d0a7920d45149669987ba257aef10
global_step=229968 | return=-121.58 | steps=100 | track=b2c75d00a45696399fe60ea2a7ba7514
global_step=230128 | return=-126.79 | steps=104 | track=07ed021831626f98e08065c11c403c5d
global_step=230176 | return=-43.91 | steps=155 | track=7eb61babd8689ff865ed584266249970
global_step=230176 | return=-138.98 | steps=131 | track=fa8d8b0f6a42897562c346308a96378f
global_step=230400 | return=-107.88 | steps=87 | track=7149588094c616a2b83cb95c858c477e
global_step=230496 | return=-70.89 | steps=93 | track=a4b6d7785ebdcd7ee7a9f4a25a597f4f
global_step=230544 | return=-134.80 | steps=131 | track=af5e851f976fb2eae98de8357b00eff7
global_step=230736 | return=-23.91 | steps=61 | track=f5103eeeb78ca07d93f2765390215c17
global_step=230752 | return=-151.58 | steps=131 | track=ab7056540a384ed6e0cf69147d9aac9c
global_step=230832 | return=-129.94 | steps=131 | track=0a55a1f990ef4b609e19a8c82e0f904c
global_step=230944 | return=8.90 | steps=73 | track=2494a35694e599304ab10d8ecb45a987
global_step=230944 | return=-140.70 | steps=131 | track=952f1319f8fe6ef29038771b34d5f40d
global_step=231024 | return=-134.79 | steps=131 | track=e540ffa5f4fc34851393c230de3f488e
global_step=231120 | return=-138.50 | steps=131 | track=ecc3c817b48eb3291c69a9c5479537b7
global_step=231376 | return=-106.15 | steps=87 | track=06c307c32c90cc3f48eecda13e3a5d75
global_step=231456 | return=9.39 | steps=65 | track=13d04aedbe35b5c25addd6bac53975fd
global_step=231984 | return=-149.76 | steps=131 | track=a7cbd4cdb61dd02eed0310ccee7b5d29
global_step=232128 | return=-47.60 | steps=46 | track=b1babc0cd05d2a57bbf84a3198d4ab0a
global_step=232272 | return=-112.31 | steps=89 | track=a9704ae3118ca768225281cd740c4f89
global_step=232288 | return=-146.83 | steps=131 | track=9c81c3c6c2b8ad07a9ecdc89918e030b
global_step=232496 | return=-53.93 | steps=96 | track=c2b9f82316b4269dc8e5f24d5d3ac610
global_step=232528 | return=-118.78 | steps=110 | track=7bd4a884f0dd57aeb78a80c8fed0498a
global_step=232608 | return=-159.16 | steps=131 | track=4985bd67b6e30dae4357a7c4bf652371
global_step=232624 | return=-43.32 | steps=152 | track=e50ec564a402825448dfff0bc75f06d7
global_step=232656 | return=-136.23 | steps=131 | track=df726097b275047c22fdc5660fec98bd
global_step=232816 | return=-128.02 | steps=182 | track=fed5617513014661b12646ade15caae5
global_step=232848 | return=-142.81 | steps=131 | track=f7fe1cc1c98454e268db01571ba7a493
global_step=233072 | return=33.46 | steps=67 | track=cfb8b3168cce30280abff39699ef0383
global_step=233136 | return=-133.00 | steps=131 | track=074f9d50a2700c8d0cdf24fd9020e97b
global_step=233216 | return=-154.33 | steps=130 | track=37f6051bec360772be24a78a4c881159
global_step=233248 | return=-42.91 | steps=60 | track=24d50f135e5b56e357e20f3bc24b3578
global_step=233392 | return=-65.13 | steps=55 | track=1cfb1bd91df2127e61a8293c6f30550f
global_step=233552 | return=-151.17 | steps=130 | track=efc099282e857bee07cb2b3a638e7994
global_step=233616 | return=18.35 | steps=61 | track=ac2fd7afca8ffa5eb13fa179a9a50fe4
global_step=233696 | return=8.22 | steps=67 | track=0e16fc4419f0a83e85b7cb56aca9e920
global_step=234256 | return=-57.38 | steps=43 | track=a53b271cf5c830f839cf0a6aecfe9353
global_step=234384 | return=-154.42 | steps=130 | track=e15b7fa5aa0629d82895be40c40666dd
global_step=234608 | return=-153.10 | steps=129 | track=abb33bda6a953392c6f56931802d9cfd
global_step=234768 | return=-124.50 | steps=131 | track=6f871a1a40fdf0572bba5731de790d36
global_step=234912 | return=-149.94 | steps=130 | track=d6b6d46e8f9278d5d71bacc289c379df
global_step=234960 | return=-143.76 | steps=176 | track=c019f1f5d1ac343f1fe8cb9fb1379a31
global_step=234960 | return=-147.98 | steps=131 | track=7b6ebb30514eadeccdb771628087d33f
global_step=234992 | return=-216.14 | steps=252 | track=41c28541e0eb6bdeac15fc226111a17f
global_step=235120 | return=-8.50 | steps=88 | track=74a206ef9c4238a96442d14475946034
global_step=235184 | return=-144.52 | steps=131 | track=ef25691aa3164a03f1050ce75a326094
global_step=235232 | return=-141.68 | steps=130 | track=83cc98008357a4143f332cc408da9ac2
global_step=235328 | return=-147.19 | steps=131 | track=8e0f26a255d2120232c87b2621c83e09
global_step=235360 | return=-148.36 | steps=131 | track=e1ee7a135c127d9a6f7e75e28b20f6c1
global_step=235504 | return=-145.01 | steps=131 | track=418005e21c965313ab0f4763e63931c9
global_step=235632 | return=-60.06 | steps=41 | track=1a1ef904eac2e0507f30e9988a9f895b
global_step=236176 | return=14.16 | steps=73 | track=ef52fbb72cc5ed16ee2d5615bbd7dd67
global_step=236208 | return=-184.89 | steps=379 | track=96b0622551c09734d66b943a900a6fb3
global_step=236352 | return=-11.22 | steps=61 | track=a6e122b9c131185431d2579115795163
global_step=236480 | return=-138.77 | steps=130 | track=86521c426612899e63af0251e2d9b665
global_step=236512 | return=-24.14 | steps=62 | track=fb2c047ac84a16a901c4068af186fd75
global_step=236576 | return=-113.66 | steps=184 | track=fdd718b9f0e4dfe6867b6992755d6186
global_step=236720 | return=-143.34 | steps=131 | track=ad3cb5e48e849322631940ab09d118ce
global_step=236880 | return=-127.30 | steps=131 | track=c7ed17d31744a4f03a39647cf544069d
global_step=237024 | return=-150.27 | steps=131 | track=f7a74f1ecaa5f68c30c4a944b71e9739
global_step=237072 | return=-151.39 | steps=131 | track=45b3615039cfcd330b49fa413819a76e
global_step=237328 | return=-152.84 | steps=130 | track=51b78b828a522771770b80c08b52cd62
global_step=237328 | return=-158.32 | steps=191 | track=ebf026efb780abfdf5a56cd6cd8859ce
global_step=237440 | return=-140.20 | steps=131 | track=ac6af9ec87f80938c47d561451eba6a3
global_step=237552 | return=-5.24 | steps=64 | track=80dc064b68c5d519c33f5650443bbdbe
global_step=237744 | return=-134.67 | steps=131 | track=0b7873e3d7975e55e972da77e45a03a8
global_step=237824 | return=-87.08 | steps=58 | track=d1782b03b89b6ef884eb98ad45d49477
global_step=237952 | return=-62.44 | steps=91 | track=6943c03a19f81a0b761efb6b65a9268c
global_step=238176 | return=35.41 | steps=71 | track=ad9a447c83a90e4a27ebd7d519922c28
global_step=238272 | return=-178.03 | steps=196 | track=9a549024fd39e6e8874168a60017024d
global_step=238336 | return=-140.94 | steps=132 | track=41e2f56c93b0a049f1d801343110a62a
global_step=238432 | return=15.85 | steps=68 | track=50c83f5ed5e89226371b84b19b7bd8d4
global_step=238480 | return=-111.50 | steps=143 | track=5f5f6f58fb5f286708b780d861d44b9d
global_step=238544 | return=-54.73 | steps=91 | track=5601330c0d796f91cdf9a6f0a34e76d3
global_step=238592 | return=-81.82 | steps=212 | track=007bec124375d2ba43a3332c8e3b9c9c
global_step=238672 | return=-136.67 | steps=130 | track=0655c3dad8a251cea0d1d3efb26fba80
global_step=238816 | return=-146.89 | steps=130 | track=f4f6e449f0fb3c785fdacd11a63b3b40
global_step=238864 | return=-25.31 | steps=64 | track=9b27664131eb58ac43756bcc895d35b4
global_step=239056 | return=-4.88 | steps=68 | track=e13cabe59a594c099753c3cf100d9a12
global_step=239088 | return=19.82 | steps=56 | track=cb5ab505b5e94429cdfd93c7f49e7bea
global_step=239376 | return=42.71 | steps=68 | track=27c4ec52dbc10d687641a0f097ca2ef2
global_step=239568 | return=-88.14 | steps=46 | track=5935445ba67e841b84c52f09fbd4c292
global_step=239648 | return=-105.63 | steps=65 | track=0da502877e6331dd146697660f685daf
global_step=239664 | return=-125.98 | steps=131 | track=fd509e4dae5b8dbf2bb8e0ddc7959e2e
global_step=239712 | return=-84.39 | steps=209 | track=2f1880d108ffe23095f684bed61cfbb8
global_step=239840 | return=-144.98 | steps=130 | track=b215b1821886b7eff098bd2d0cb313b5
global_step=239856 | return=19.53 | steps=81 | track=83184534434432dc70b804ff2b4c6aa4
global_step=240448 | return=-146.06 | steps=131 | track=ebfa0a4cff008e25ccda85c114d04438
global_step=240496 | return=-122.77 | steps=101 | track=ec32e528baef6fe1290566f342f354f5
global_step=240496 | return=-137.14 | steps=128 | track=cf4149edaf4fe4aec7d53fa67ef8af05
global_step=240592 | return=-146.81 | steps=131 | track=47a5286ad6e9396fd889f0a0868b0350
global_step=240624 | return=-1.17 | steps=59 | track=928812358a2afc4edd26dc169142013c
global_step=240768 | return=6.57 | steps=69 | track=b3bd0719b13b3a5fcb3e1b6a64c0feba
global_step=240816 | return=-70.12 | steps=89 | track=c3816d6cdfad4f7c921d8f8921acabb6
global_step=240832 | return=-81.62 | steps=134 | track=6a5ae94e7f37fdfc13ea8afaf01413e0
global_step=241136 | return=-108.60 | steps=97 | track=685543884bf7f7d643ab03b18316fa23
global_step=241168 | return=-149.07 | steps=131 | track=d95ee10ef2063863276ef1e0eaea4fcb
global_step=241216 | return=-149.80 | steps=132 | track=7a0ac0df9bcc6a1da3b6e2b29a360d6b
global_step=241824 | return=-145.80 | steps=131 | track=64f366054b3938a5e886d5838ad01b8f
global_step=241824 | return=-39.97 | steps=280 | track=60522dcbc7297577998abd69c3d7899a
global_step=241968 | return=-142.00 | steps=131 | track=1dd222aad599d4503eb410863cfd734c
global_step=242272 | return=50.46 | steps=68 | track=6e03b6304f27e5514faa6c51d635d5d7
global_step=242320 | return=33.61 | steps=68 | track=f207a8d3ca6900c35734f940e47b1f5a
global_step=242320 | return=40.62 | steps=73 | track=d267a89631ab95f4c8d6a213872402eb
global_step=242416 | return=-101.09 | steps=119 | track=33058751eff964e77322d5cef7b0fc0b
global_step=242544 | return=-145.58 | steps=130 | track=c6156c844f4e6060d89a338d3987f82b
global_step=242576 | return=-82.55 | steps=112 | track=b717bcde4d95aff5cc7df70d2847f205
global_step=242592 | return=-149.03 | steps=130 | track=0b9fd176a6be7d07c78457f6a77ccb66
global_step=242688 | return=-162.91 | steps=130 | track=3aac487f4de742a06f09a5bae981ebdb
global_step=242704 | return=-146.98 | steps=178 | track=028ec19ea3227319ad23a622ecca2149
global_step=242736 | return=-137.10 | steps=131 | track=34fa6c9d9db0b7e9585551d6ca7f71d1
global_step=242944 | return=-145.13 | steps=131 | track=345a8d1d678b539ed2f7ac187f6ff257
global_step=243264 | return=-49.33 | steps=41 | track=ec80a29d668e2261dbdfbf54628d2eaf
global_step=243296 | return=-25.26 | steps=60 | track=1740451f7f05a80c485cf7b80b203ab2
global_step=243328 | return=-59.28 | steps=84 | track=07aea3bf4ab295392ad2c9827e030e1b
global_step=243408 | return=6.37 | steps=67 | track=2d93c0ff3f006ec5ebb568e1fe531f66
global_step=243440 | return=-83.76 | steps=163 | track=ef63c0bfa4def4637b030995a6aa143a
global_step=243504 | return=-33.99 | steps=76 | track=201f6248e5ffe56e52997bc19b801326
global_step=243632 | return=-44.87 | steps=42 | track=4b59f5b17533079f9964739d6eedc20b
global_step=243904 | return=-18.34 | steps=82 | track=c0328177e77185216d3a391b8af33cbe
global_step=243936 | return=-163.69 | steps=131 | track=bb9cfbd2b270980c617c8c38ef94b391
global_step=243936 | return=-151.30 | steps=131 | track=b07030f1262d2d39f1dfdc3134ce05ad
global_step=244032 | return=19.87 | steps=83 | track=dcea95987df6d2ed86a6434107240257
global_step=244192 | return=-61.86 | steps=42 | track=1948f06c72423a6e0ebdba9784aa1b30
global_step=244400 | return=-13.65 | steps=115 | track=a61cc9a00d75e9f1292110c3c520de0c
global_step=244400 | return=-73.48 | steps=59 | track=6fc21b8a350bb39c7072506985a3b205
global_step=244416 | return=35.88 | steps=67 | track=147e0b0b3b31bd4809af8f6161038311
global_step=244528 | return=-148.74 | steps=131 | track=09ce869301bca30f07ec5f41bd6514d6
global_step=244704 | return=-116.84 | steps=89 | track=8592db4d8761b3dcad3a37b3223ae7cd
global_step=244832 | return=-39.23 | steps=95 | track=8008d8e0b529e7035643c6d9e3f931a2
global_step=244848 | return=-142.33 | steps=131 | track=8d10af183200490bf4ae8f8eed375094
global_step=244896 | return=-149.54 | steps=465 | track=f714481139398326d107baa794a4a65a
global_step=244944 | return=8.81 | steps=64 | track=d32cb1e13322a4009aa621035eeeb1d7
global_step=245072 | return=-69.32 | steps=41 | track=ca556e847342db634592dee738cc18df
global_step=245744 | return=-151.58 | steps=131 | track=2a1d7ccb1b6b504d2c2272e3c18ae7e3
global_step=245760, SPS=72
global_step=245808 | return=193.59 | steps=79 | track=c67e05b749956ab7e36f7376bd8afbb0
global_step=246032 | return=-134.16 | steps=130 | track=2f5548b9f0f5e7f9c4badb7ec3f90a8e
global_step=246048 | return=-141.01 | steps=131 | track=ab7f2f2eb8cf0d459fb584744b6a6e35
global_step=246208 | return=49.10 | steps=70 | track=a38653b03c327e4ea6c9ee4a8311abfa
global_step=246304 | return=-144.54 | steps=131 | track=d3cc08c36ecfd1966554a989fb44aeed
global_step=246352 | return=-109.51 | steps=94 | track=dad239c7cc67adb93d38f86961da1299
global_step=246384 | return=56.94 | steps=229 | track=bfaff45e01d4640ee83d971b7cb24618
global_step=246416 | return=-4.80 | steps=187 | track=785c1ca703f3d25cb0ad819187091d72
global_step=246496 | return=-146.52 | steps=130 | track=002f6f54b2b9ede99ca9588ba229d6d0
global_step=246528 | return=-148.04 | steps=131 | track=e4137160e8523d92df7cd354af5b2e02
global_step=246960 | return=-144.34 | steps=131 | track=5075a441317b887a461afc2e360f1e68
global_step=247008 | return=-148.41 | steps=131 | track=91f636d3f5ae69c9ea47855fa107fadc
global_step=247040 | return=-150.58 | steps=130 | track=59d313d879b63d4095cd5e8e5a2f420f
global_step=247120 | return=-74.93 | steps=56 | track=298047b353200ce25fb262f0b9edf269
global_step=247264 | return=-117.93 | steps=90 | track=99160fcf5219ad8fea256f22171fd04c
global_step=247344 | return=-7.36 | steps=64 | track=b87698364a1b978dd8e9189748468475
global_step=247344 | return=-12.73 | steps=50 | track=b0eddf2e9dfb6978158423c9ca62bfa1
global_step=247408 | return=-1.24 | steps=65 | track=de722b6e2e76ffc1554d1aca99686242
global_step=247552 | return=-100.69 | steps=219 | track=a78d48936e2c34c7e8a0e9b57089ac01
global_step=247648 | return=14.49 | steps=71 | track=c92d5cbd91b15eaef69b4cf0a5d2505d
global_step=247856 | return=-136.60 | steps=131 | track=91aea9dadf1336439761a925be254a1a
global_step=248128 | return=-139.29 | steps=130 | track=22e1553767567ac36677dd4a141cd4ff
global_step=248160 | return=-150.01 | steps=131 | track=d4c59e04fd168cc081afcab8bd5f14ca
global_step=248240 | return=0.85 | steps=69 | track=9084fb2afe0f4e7b28183266ac91ea83
global_step=248464 | return=-106.30 | steps=127 | track=13b2535702258c6531ef6af8d9d86cff
global_step=248496 | return=-144.13 | steps=131 | track=c4ef431f77e2c3f2dfe323fcd5401f53
global_step=248624 | return=-57.71 | steps=47 | track=c0c47665d99b7f61a75af6209af67326
global_step=248832 | return=-46.30 | steps=41 | track=db7766a17186f094007400d1a013ee4c
global_step=248944 | return=14.87 | steps=264 | track=b8aef5dfcd010da1f654561272581730
global_step=249104 | return=-145.05 | steps=130 | track=1cfba98af70347dd25652f21ecc7557d
global_step=249152 | return=-155.61 | steps=131 | track=be02ab2d40dbe01b144f4117618d2ba1
global_step=249360 | return=-157.55 | steps=130 | track=c4d46c4984c4f5559b745919eeaa26fb
global_step=249360 | return=-41.20 | steps=55 | track=e48f1f9191da44acdfb1f2eea1bbec1e
global_step=249456 | return=-147.40 | steps=131 | track=5e0f6a011300d47be7f05f088f969a61
global_step=249520 | return=-149.20 | steps=131 | track=8e65325866f97883199ae3ff3bd7fd51
global_step=249648 | return=-169.08 | steps=167 | track=efa3d9b6cd3210b72ca68dd22bcdfa88
global_step=249664 | return=-133.98 | steps=131 | track=a3ebd7f2bb33d41c2f98bd3ebdbd103a
global_step=249680 | return=-110.51 | steps=89 | track=2aa2e975e09afd163dd88d09f3852d4d
global_step=249760 | return=-146.94 | steps=131 | track=b066b5e3ec9ea347c27d05c6275e63b4
global_step=250144 | return=-62.61 | steps=61 | track=92c4f0e40a796cf4d5adb939499273b2
global_step=250240 | return=-153.20 | steps=131 | track=3fdcbb6f765182a10593ce1276c94136
global_step=250368 | return=-117.38 | steps=95 | track=9effae5cc57f2864850044a8d85eb200
global_step=250592 | return=-149.60 | steps=130 | track=5841c0bc85c8f15e2ea679dd0e854ced
global_step=250624 | return=-63.36 | steps=72 | track=a21c9978d5c04bcdc4370241e6e5469e
global_step=250736 | return=-140.76 | steps=131 | track=84f608bd7f7c3fb805cd85d3a33bbfe6
global_step=250800 | return=71.81 | steps=89 | track=ca31055d0bc3afd13282636561532ffa
global_step=251056 | return=-125.66 | steps=131 | track=b1a4e9604dcc0a6725a16872984bd64b
global_step=251200 | return=-145.72 | steps=130 | track=9ceca6b07a075947d14d00e2a7a156aa
global_step=251632 | return=-140.76 | steps=131 | track=67b83bc939e8138cfb29c8da3e3a2578
global_step=251632 | return=-16.70 | steps=62 | track=48c7bdcabae74c40ea42d27e0dddc830
global_step=251776 | return=-129.54 | steps=131 | track=eef48a080551136702785d9bef0e1475
global_step=251776 | return=-152.84 | steps=130 | track=819e0124bd8bf3540de87103278e9163
global_step=251872 | return=-136.65 | steps=131 | track=8ebbaacdc7fa93823e1e8d8ece6fac3f
global_step=251904 | return=-5.82 | steps=68 | track=d261dab4f3d0e160d8c041ef0e20cb72
global_step=252160 | return=-17.66 | steps=300 | track=60463eda8e3cbce86c11aedeafacbd01
global_step=252464 | return=-149.56 | steps=130 | track=288ac8c0aa9297497b4153b5c10bd003
global_step=252592 | return=-63.77 | steps=44 | track=bef956d81ac30935d574bd83adbbf1b9
global_step=252688 | return=-110.69 | steps=130 | track=2a7ae8ba81812dd02d3e140bcf77c99a
global_step=252848 | return=-152.09 | steps=131 | track=a52b488f5589cd501f8f2abdc4ab9737
global_step=253120 | return=-47.69 | steps=119 | track=10f647baf93a5e19f02a4a90c68f76ae
global_step=253120 | return=-3.89 | steps=75 | track=6e4a0168cf34ba0a39720d7cf6e4c2f7
global_step=253168 | return=-129.40 | steps=131 | track=cb208e6e5845cc5ef2ca7672628db505
global_step=253184 | return=-128.02 | steps=238 | track=c00f03c15bb65ee60e1e236ecf28d1a9
global_step=253184 | return=-158.80 | steps=189 | track=2894bbf3224335e6f398203fb977640c
global_step=253216 | return=-111.17 | steps=89 | track=6003117d13a8eccd5f5d1dca19063a64
global_step=253360 | return=-174.52 | steps=194 | track=7658529d657ac36462e046827e702014
global_step=253504 | return=-80.84 | steps=64 | track=3854d032c5c1039009f48a48465dabf4
global_step=253664 | return=7.79 | steps=66 | track=41bfa5576886a2b700425da22faef2d3
global_step=253728 | return=-162.62 | steps=130 | track=bb6eb009f01859ed8b9c208678bbd7d1
global_step=253744 | return=-146.58 | steps=131 | track=ce1e322a5ff0bf6e5654fb21cf5bd6e0
global_step=254192 | return=-21.40 | steps=62 | track=9b8574f47e32ffb318379f182a821d51
global_step=254272 | return=-147.88 | steps=131 | track=e23184e1bc9e19c2c16827f7d6069326
global_step=254272 | return=15.79 | steps=67 | track=f7ea3d0f5a15ffe10843cf116be72925
global_step=254576 | return=-71.82 | steps=174 | track=baae4171952affb48089ca074c8281d9
global_step=254592 | return=8.19 | steps=67 | track=e362d79728e4174163e91f87f0a9802d
global_step=254736 | return=-88.60 | steps=100 | track=ac0e50232888eca5a3384746637cd104
global_step=254800 | return=-131.40 | steps=131 | track=ae92913a850726438dd51e057763d97f
global_step=254848 | return=-54.54 | steps=73 | track=44bdb372084a59cb90740013b78cc59d
global_step=254960 | return=-152.45 | steps=131 | track=565b8d9b2409b347232f00d05095d832
global_step=255040 | return=-58.88 | steps=47 | track=ca33226f29102aa862af0317959a227c
global_step=255056 | return=-85.55 | steps=337 | track=fc04a7f68d4d57761327db349e649991
global_step=255232 | return=-143.06 | steps=131 | track=0f4cb6e390a8d92bd3db4d3ad84c22a3
global_step=255280 | return=-141.65 | steps=131 | track=4f15bcea629879c2be310c621e600876
global_step=255328 | return=-131.47 | steps=131 | track=d1c7460a248ab42b2b9dedabb60effc0
global_step=255472 | return=-134.53 | steps=131 | track=c89428b6e6f652edc53a9539c9ae9ab2
global_step=255856 | return=-142.20 | steps=131 | track=55c5104d613928dd65e0cecd93e95282
global_step=256048 | return=-28.15 | steps=62 | track=271ef8f466443679012718b8b0e74c1f
global_step=256128 | return=-72.54 | steps=149 | track=aea999dd0e89d44935ab59b3f2934006
global_step=256240 | return=-9.79 | steps=56 | track=1692227fe55ebab75fb03db277b80eb6
global_step=256304 | return=-141.43 | steps=131 | track=3dde04a524e26e40e4646092ebbbb9c7
global_step=256384 | return=-142.77 | steps=131 | track=701e0d3d1bd9b4d64c656a19571d6993
global_step=256448 | return=-67.49 | steps=92 | track=fdc5859c21dfb805c7ba337c68a3ca8d
global_step=256688 | return=-148.22 | steps=131 | track=f4fcefa3a70c4b7f8661c201e984eb92
global_step=256704 | return=-145.90 | steps=131 | track=6df07a521eac6d3dc658a9380c3ad82a
global_step=256912 | return=-134.37 | steps=131 | track=27cc5726a800a1dd852e6470e5fda62e
global_step=257136 | return=-88.18 | steps=46 | track=6c63f74b99b2b9fe4bb0c26f6fad2764
global_step=257168 | return=-139.85 | steps=131 | track=5098a73079e13161c7d1031e703649e2
global_step=257264 | return=-74.88 | steps=63 | track=db3ee5258d845e594c14249ddbf67912
global_step=257424 | return=-118.45 | steps=136 | track=8f2049898fb3634a4992df878b1f4eb4
global_step=257472 | return=-115.86 | steps=136 | track=9404b8de630e58c6191a8ed3579a0c40
global_step=257584 | return=-136.25 | steps=131 | track=ec6b39139d1bdf2a771abd3ffbab0d36
global_step=257968 | return=-143.21 | steps=131 | track=5fe5078f8519caac1b053f8bd161126c
global_step=258032 | return=-71.50 | steps=37 | track=562fb843af98e8bfca70cdbf350c5953
global_step=258096 | return=-127.57 | steps=202 | track=00c4eda9ef948c16ed67a8cb71efbe94
global_step=258160 | return=-131.53 | steps=131 | track=f1c71f21dbca867f96a6fadf4ed81366
global_step=258224 | return=14.42 | steps=217 | track=0ea0188c24507126afe63dc0f593cca1
global_step=258400 | return=-146.42 | steps=130 | track=961dd9ef1ed2e4ce9e946db8dbd9dd49
global_step=258704 | return=-79.66 | steps=140 | track=08b9d2ebc10f8d05cda0072eca4d2d15
global_step=258720 | return=-113.09 | steps=90 | track=076a5f1a02287920f0d69bba478a1a29
global_step=258816 | return=-145.39 | steps=131 | track=146634e0892d80daa9f3297edca86c44
global_step=258944 | return=-68.92 | steps=140 | track=3040b7669993fb0476a41ee756185901
global_step=259024 | return=-141.51 | steps=131 | track=f1a2af35721031a4aaefd2bb3384ff05
global_step=259248 | return=-117.38 | steps=129 | track=b8cc0bcb5e2c330e4862250f8aa557d9
global_step=259248 | return=-153.81 | steps=131 | track=f49864c8c8cd1d62d0867c397ce50937
global_step=259568 | return=-145.28 | steps=130 | track=1ac50ffb694b95c93e97ab315b548a96
global_step=259696 | return=-137.61 | steps=131 | track=ae678d6433366368a75ad8e7019ac1f7
global_step=259824 | return=-50.13 | steps=107 | track=6d15ce62a9b7bfd6d1974a2687d2fd26
global_step=260048 | return=17.83 | steps=82 | track=83845d927e4371d45af25510b051045e
global_step=260064 | return=10.70 | steps=64 | track=56f39ff8e30784b86806c0d1ce451290
global_step=260080 | return=-111.50 | steps=131 | track=79d3db4213b2f7dc4710cf6854155cc4
global_step=260096 | return=31.11 | steps=71 | track=698d8025f02931b147210bd06ca62968
global_step=260096 | return=14.98 | steps=79 | track=8aeb8f9529215672f0e13564b6da5e3e
global_step=260320 | return=-139.99 | steps=130 | track=73d3b502e697fd9349f1c415c88910a7
global_step=260512 | return=-150.55 | steps=131 | track=21bcab02ffe1f45d58ee2ee351ed83f9
global_step=260528 | return=12.56 | steps=79 | track=59ba11a3795bec926df6373af0d44fc9
global_step=260768 | return=-109.46 | steps=162 | track=18bcba91b06ec6bd3ea67b8e05b74499
global_step=260784 | return=49.28 | steps=67 | track=82b5fa7cf8775f7d79d9d933bfb8753c
global_step=260784 | return=-124.78 | steps=95 | track=99b59faf1b0b1da56127f16298d9d38f
global_step=261248 | return=-57.97 | steps=45 | track=c8e6d022037343fe4cf99950ddebe086
global_step=261568 | return=-80.94 | steps=91 | track=55b6b096e68c136f0ae4b0b2e00270d9
global_step=261664 | return=-139.29 | steps=130 | track=8fc7185f4d8e058dd2a3c4502733de76
global_step=261680 | return=-193.13 | steps=346 | track=41324f9b9f4efb65bf60f886b568af74
global_step=261888 | return=20.65 | steps=69 | track=33bbb17ffff6e7981d742e1f997f1825
global_step=261920 | return=22.11 | steps=86 | track=1334ced13ab05aef0a4c42b30a5137aa
global_step=262128 | return=-166.41 | steps=213 | track=5cf5c99079a5d6639063296bd7586806
global_step=262144 | return=-146.91 | steps=130 | track=3c2d2cb8d0c9fb7ef989e3eed58d020b
global_step=262144, SPS=72
global_step=262176 | return=-157.90 | steps=131 | track=9603a74b1745222fe17a15bbf049823d
global_step=262208 | return=-135.30 | steps=131 | track=168c67a006081c40de09c9e5ca38bcd8
global_step=262416 | return=-137.20 | steps=130 | track=cc075e3f42184d6302018988021d6c50
global_step=262832 | return=-143.84 | steps=187 | track=d48aef25a5ae78d3d0e04bd7b4f6dd69
global_step=262880 | return=-140.98 | steps=130 | track=ceba5e37a28dd4acd30e9d2fb3f1ce2f
global_step=262896 | return=-155.06 | steps=131 | track=f23b900269f13b311964154a286e5a63
global_step=263136 | return=-42.04 | steps=97 | track=2dde6d97243be68481aca5b68b4987b0
global_step=263360 | return=-141.37 | steps=131 | track=3e1a5eebc264eabf40612f311e85e846
global_step=263456 | return=-262.01 | steps=338 | track=b62ee302d5c628c847834f433df5a984
global_step=263760 | return=-141.29 | steps=130 | track=49cbc6c66632fc742d454b4f455a8f18
global_step=263792 | return=-147.21 | steps=131 | track=8c1d6fe869b7bbe0ee15b04ee705d735
global_step=263792 | return=-113.55 | steps=231 | track=7c83210c92444472e5fbb2d1afa221b7
global_step=264032 | return=-140.07 | steps=131 | track=cb0719c016a2de59181683fab330e4e3
global_step=264176 | return=-107.36 | steps=142 | track=157cfc8714d3c9c8b03a2cfe54bfdc0d
global_step=264272 | return=-142.17 | steps=130 | track=a276085cb78d4e2c4a8c60da0a657150
global_step=264432 | return=-121.59 | steps=142 | track=3497b303c674a1684bee85eecd6794f8
global_step=264528 | return=-123.67 | steps=131 | track=192f159c24dba8208dc278743dea9195
global_step=264608 | return=-128.37 | steps=154 | track=4bf4c283285e62954918c673e74d96a0
global_step=264912 | return=-36.41 | steps=71 | track=7f603aecbcda99da2db8ce7f89647253
global_step=264944 | return=-132.57 | steps=131 | track=13c61241f7273c049679bd2aec0b36ca
global_step=264960 | return=-138.81 | steps=129 | track=9aa63204f8c94901186881279e113828
global_step=265008 | return=-146.24 | steps=131 | track=fbe94da633461746c21d8d36499efd6b
global_step=265008 | return=-65.72 | steps=45 | track=cfb25084ae0aa3d4bfcd36b9940292f4
global_step=265216 | return=-48.70 | steps=42 | track=2a6d4a8845169979dc54aeb9993ce76b
global_step=265360 | return=-134.60 | steps=138 | track=1561b3842bd1ae689e51e6ad9f4aa7cc
global_step=265472 | return=-67.38 | steps=131 | track=32a2a53b18c488b372eab02c0a094d2a
global_step=265616 | return=-32.93 | steps=134 | track=a4cc04dde22819ba7512130807e0dd13
global_step=265760 | return=-79.22 | steps=107 | track=9fad989521daab018c3b424960ad30d5
global_step=265856 | return=12.20 | steps=88 | track=2c0e362876a486a56fd16bfcf80b53ec
global_step=265904 | return=-140.50 | steps=131 | track=d455d6fb570a6231ef97bfe6e8439484
global_step=266064 | return=28.40 | steps=65 | track=82f1d22311126dcb4fdf03a463aa84f0
global_step=266112 | return=-31.75 | steps=120 | track=6e6a5f40f5dde518386f43bdc897ea9e
global_step=266208 | return=-32.53 | steps=61 | track=5fc3385294c78d4e889dd28a2a52402c
global_step=266384 | return=-6.28 | steps=63 | track=d7551d67ea99c00aa66b98217b112c65
global_step=266720 | return=38.57 | steps=68 | track=58b3b279ba269a72ded6028fbb64ac8d
global_step=266720 | return=-144.81 | steps=131 | track=fcd5bc84abb19c8f6f89d49fce0f98b8
global_step=267056 | return=-148.55 | steps=131 | track=296a89a2d6fb4c12b4672a883d8054de
global_step=267072 | return=-142.53 | steps=131 | track=b2ca4b33d9161529523a5d8341f9fc41
global_step=267088 | return=-120.15 | steps=129 | track=063b569711dca2256aacb9d5513fe820
global_step=267408 | return=-20.86 | steps=74 | track=622f2fbbfb60128d64412ab7f4303cc2
global_step=267584 | return=-154.41 | steps=131 | track=c0c3eeee997855731cdd5a7b903ef483
global_step=267616 | return=-159.04 | steps=168 | track=bf12e3a4193843d4f3f9980e81aae881
global_step=267856 | return=127.18 | steps=124 | track=6731b94508e6c855ab0765573d3163b9
global_step=267872 | return=-150.81 | steps=131 | track=bc8fa666f19e82114b23f6ba42569de6
global_step=268016 | return=-136.84 | steps=131 | track=e0e7882b5f27cc8e3882590eb1deb311
global_step=268224 | return=-150.28 | steps=131 | track=7dc69b7cf9aae3c8691ae9f25d052c20
global_step=268368 | return=-67.54 | steps=46 | track=80601a26b25d94916e962c5fc0365968
global_step=268608 | return=-78.89 | steps=158 | track=0b9fea990ff98387c49474ae7b5a6261
global_step=268640 | return=1.61 | steps=65 | track=7e62fa9d5739befe57ab2494efebe2e5
global_step=268752 | return=-59.72 | steps=147 | track=21348f564c5303a031502269e1d43c6b
global_step=268768 | return=-81.48 | steps=106 | track=9bca78f7cb7298c7dc2d0c13323d958c
global_step=268832 | return=-168.37 | steps=131 | track=ae33ac8919806bbac2b5138a973237a0
global_step=268848 | return=-33.42 | steps=61 | track=49794dcd218af169c2f4aa00bf5025bf
global_step=268912 | return=-75.17 | steps=55 | track=78b11fc99ff4a21a020064e542b22374
global_step=269168 | return=-134.38 | steps=130 | track=7a141f755b58e0e95363b4c9fad17890
global_step=269184 | return=-157.65 | steps=130 | track=f42a39dcea85a1dca976ab346ab74242
global_step=269664 | return=-87.59 | steps=140 | track=e11d6d3d48a43fe643a3641fcfcf4330
global_step=269776 | return=-28.70 | steps=70 | track=06098edb7009247f682034d7b761bacd
global_step=269840 | return=-24.98 | steps=62 | track=7285c051b4d6b091056ad00458b9096a
global_step=269984 | return=-145.69 | steps=131 | track=e82225aae459b2f08693612cd27394ea
global_step=270080 | return=-299.78 | steps=392 | track=66f25be3613a24e26a7b17afc5bfa873
global_step=270208 | return=-96.01 | steps=90 | track=d80aa3e75b7fa3e7b392ab6a3f1efd92
global_step=270320 | return=-106.16 | steps=96 | track=f5f0353423e037b8927a9c6d53bffef5
global_step=270336 | return=-72.57 | steps=92 | track=3a02baf74d628fd5053044626fcbe08f
global_step=270384 | return=-47.02 | steps=110 | track=2811d95cced7aae490a7e6e68576d19e
global_step=270464 | return=-204.07 | steps=233 | track=3e4a4c408da8f423753d45fa8132c8c5
global_step=270592 | return=-123.19 | steps=147 | track=08dcd9bbe4256f81c12400cccc0d3c4f
global_step=271024 | return=-128.22 | steps=131 | track=cc9626e5a1253796dd1186ae31e3f2ef
global_step=271280 | return=-142.48 | steps=131 | track=e6d2b91967a879b027e73bfb5009e816
global_step=271296 | return=-141.87 | steps=131 | track=0364db4f0491fe2a67d18a40d9ad681c
global_step=271312 | return=-122.31 | steps=95 | track=167157e15e35560a1bdf5a9e6ead17c3
global_step=271488 | return=-17.49 | steps=79 | track=6ff25547e75d1f429b1d4a8a61bc99ed
global_step=271776 | return=-128.16 | steps=131 | track=21c9a85074fe42989be42ac0747d53c9
global_step=271920 | return=-113.75 | steps=90 | track=41a1f05c546628129384c1117eeee0c8
global_step=271952 | return=-134.31 | steps=131 | track=501fb80c82fd6bb148199ec167868c5d
global_step=272048 | return=-135.98 | steps=122 | track=8643822daa6e8ac7fac4d7283ff1579b
global_step=272096 | return=-139.21 | steps=131 | track=2122bdec76d3842f3d4321f9dbf4a353
global_step=272288 | return=-11.39 | steps=61 | track=cb13852a0e5caab4e1d15fd11605b64f
global_step=272432 | return=-136.74 | steps=131 | track=3003a70608e6ba08c280f4458489f057
global_step=272432 | return=-144.91 | steps=130 | track=4069b40282b256909a8434c4830e8fd2
global_step=272480 | return=-145.27 | steps=130 | track=719c30081e682beceb982816ac68365f
global_step=272704 | return=-138.73 | steps=131 | track=133cb15876271ee9b99e57b29aa938a9
global_step=272848 | return=-431.99 | steps=664 | track=06d9819e1a6908e5d560bef39a41880f
global_step=272976 | return=3.85 | steps=65 | track=a76bd79f6ace3c20eaf36e22111ab4d8
global_step=273168 | return=2.11 | steps=86 | track=fe810a463ef8937132dae5454621f7c9
global_step=273376 | return=-147.97 | steps=130 | track=8f26dcb0437bdc4f1a433431cde609b9
global_step=273424 | return=-137.61 | steps=131 | track=d071afb24b97c6bfd77df5bd2c54f8fa
global_step=273424 | return=-56.35 | steps=149 | track=96ba1fb161203e9dc39b87f3aab1488a
global_step=273536 | return=41.80 | steps=68 | track=466a7d514d72781b1d1a75d86e7bbace
global_step=273536 | return=-13.17 | steps=65 | track=ee2e1903999195aec939861e3294d345
global_step=273600 | return=-139.60 | steps=131 | track=58dc6a1d4f49fa5780162dbfff95fc76
global_step=273872 | return=-150.00 | steps=343 | track=fff3fac403065e28cbda53e919f4b403
global_step=274208 | return=-101.64 | steps=140 | track=43be4d60e5c9fa57d6537c38874b3e07
global_step=274256 | return=-75.36 | steps=44 | track=7f3c3cca858a2eaa8adf074748409c05
global_step=274368 | return=-41.25 | steps=51 | track=84942f24fc0c9ed3c44d9a7c9cd9162f
global_step=274400 | return=-140.68 | steps=131 | track=62aafe8f31a39f97c52597cf94067576
global_step=274416 | return=-5.28 | steps=77 | track=bc71465cf37b99d3697186de4f0a2304
global_step=274416 | return=-69.15 | steps=147 | track=d91299a771e3a94c1a3b82a1087ddb06
global_step=274464 | return=9.74 | steps=64 | track=c080fa37fefa197ff431e07a6fdd57ae
global_step=274544 | return=-144.57 | steps=131 | track=e74175bcd6f6e591adac688edd893ef5
global_step=274816 | return=-136.60 | steps=131 | track=150bde470d3ea5fe9f0c5d2f0ae551ae
global_step=274960 | return=-145.88 | steps=131 | track=7e12bf3ad68332ce6ac24058c3b1c730
global_step=275520 | return=-130.18 | steps=213 | track=d988233fe6e091a48b10fd75a9ad19b1
global_step=275536 | return=-138.82 | steps=131 | track=03960580d04d1a2c9bfa8ae5c1f3cceb
global_step=275728 | return=-82.19 | steps=81 | track=c82a030bff7d8f07e2ebfd0ac848badd
global_step=276064 | return=-101.94 | steps=192 | track=7795cbcc7ccc79d6bb62cf0d3f73a712
global_step=276096 | return=-58.87 | steps=117 | track=08474f48e73e825004a35f07b3ee86ba
global_step=276256 | return=-107.09 | steps=89 | track=423324537de1021c6d5a25fc9517e539
global_step=276368 | return=-147.40 | steps=131 | track=6ca9311e1643174ce32e731ada1e3edd
global_step=276480 | return=-143.90 | steps=131 | track=f00f24f269a9a744755d7a36dec45f59
global_step=276512 | return=-138.73 | steps=131 | track=c0de88c61f144593f75b4a84c8ccefb9
global_step=276528 | return=-132.46 | steps=131 | track=55c2fd0d5fca83a8acde8b7b40b5aa39
global_step=276576 | return=-150.63 | steps=131 | track=355f9f4b62bdd3039e5bee7f2948c1b3
global_step=276848 | return=23.13 | steps=202 | track=f4d16c549d532d430668fa619a99475c
global_step=276864 | return=31.00 | steps=70 | track=65adcfc69d76810c788487c73969d597
global_step=276912 | return=9.06 | steps=86 | track=0cb324ef0f321e0782c31b11e41c232c
global_step=277056 | return=-167.66 | steps=130 | track=14507157132596114e7f74ad3101c370
global_step=277056 | return=-81.87 | steps=156 | track=742ebee183504dcf59393a8a66fb13bf
global_step=277056 | return=-138.53 | steps=198 | track=cd6d0756075311f442d06c8124ec44dc
global_step=277168 | return=6.86 | steps=66 | track=f11ec2c89d7c09c2df5ba44fa562f4cd
global_step=277488 | return=-66.94 | steps=88 | track=753e623535f52f79741159eb93d56786
global_step=277632 | return=-106.53 | steps=130 | track=1f2b6acdb6296890f103acfb41765f32
global_step=278000 | return=25.30 | steps=67 | track=5a69f4488aceb4acbbfce96722d0e72f
global_step=278064 | return=7.04 | steps=74 | track=eb6ef92ff6d86cadfbeb4a5dade6052d
global_step=278288 | return=11.86 | steps=69 | track=7096215c670e32c224d1366b8529c4e4
global_step=278320 | return=5.88 | steps=78 | track=56af29177b0049e02bda52ecb02c8126
global_step=278352 | return=-144.34 | steps=130 | track=d4d8fbe802b4f29195152f353250fd2d
global_step=278480 | return=-103.48 | steps=131 | track=d194e39706a547dffff2d234efbe8357
global_step=278528 | return=-202.47 | steps=321 | track=93d8e416542029cf3062e451322e75e1
global_step=278528, SPS=71
global_step=278544 | return=-132.67 | steps=128 | track=a6caf575889765d2ec7b5f6a2a8542ac
global_step=278672 | return=-156.76 | steps=130 | track=cf13be902b1a7fe08a6ad4d7757ce5f9
global_step=278848 | return=-65.00 | steps=144 | track=fae4aea537e0d02120c3ee73b93aff0d
global_step=278944 | return=-138.19 | steps=130 | track=27e3f78f4f1fa0a625d8b427df223405
global_step=279056 | return=-21.80 | steps=47 | track=356eb8f2bc2751690fe15ed28171dea5
global_step=279168 | return=-131.06 | steps=131 | track=153f8450056ab063b197b6343004c081
global_step=279168 | return=-146.80 | steps=131 | track=88e8665b47356a41dccb1deef5c8c78c
global_step=279200 | return=-66.34 | steps=167 | track=25a60f8526ecec2ddd2daf014fd6b15e
global_step=279344 | return=-25.28 | steps=79 | track=57164f384a7ca16400374c38edfa9b85
global_step=279456 | return=-119.24 | steps=90 | track=ce9d908543b1d4a642d4addfa0726f94
global_step=279600 | return=-148.63 | steps=131 | track=d0c5a7f2c3ca16948b448f80d29d6b9b
global_step=279760 | return=-146.53 | steps=132 | track=8db8a9a8691172fb2c0d9f6f1f62429b
global_step=279984 | return=-110.14 | steps=90 | track=38ef8156f3f9a44ec39a6249fb0e0267
global_step=280240 | return=-17.81 | steps=64 | track=64586861531b8d5634c62725d078197c
global_step=280432 | return=-148.57 | steps=131 | track=880c9ddc570f32fa1450b96a9835d7c8
global_step=280576 | return=-154.03 | steps=130 | track=93801bf81252c1ccd0984c3f947d6649
global_step=280656 | return=-136.13 | steps=131 | track=e73939f8f11be4ff5d065419deca5c1b
global_step=280688 | return=6.56 | steps=67 | track=68e9865711fc65d8a37d01a144080000
global_step=280960 | return=-137.34 | steps=131 | track=fd4dc26b6418aad50b86eed0b57878dc
global_step=281056 | return=-135.86 | steps=131 | track=33c67678a9fea903eba325ef5baca0f5
global_step=281136 | return=-118.16 | steps=104 | track=8382f65ef1123f8d2a7ebd936bfce5cf
global_step=281168 | return=-143.41 | steps=131 | track=361a095bd2518189e055f040091bd03a
global_step=281248 | return=-121.99 | steps=129 | track=1e3ec5bfdfaf799e481dceb1c057afc0
global_step=281312 | return=-90.17 | steps=133 | track=27bcdc5f66c65b4b429fc698bbe021e3
global_step=281424 | return=-139.74 | steps=129 | track=6372d3dfa0c1d5ce1b1cff677fa99f56
global_step=281584 | return=-59.53 | steps=113 | track=c1549c28f2e60db52eff1ec9871bc1b6
global_step=281856 | return=-30.95 | steps=218 | track=baff0aec8fb5809d05947b8721c2c836
global_step=281904 | return=-69.93 | steps=91 | track=e2ea2792fdde19abe6d02b13ade403d7
global_step=282064 | return=21.00 | steps=55 | track=7583f7b4df35cf4d1e9c1ef991f7be2f
global_step=282096 | return=-138.27 | steps=131 | track=68799d0f45e578ce4fd2c7d2207d5cab
global_step=282128 | return=-85.72 | steps=215 | track=615ffe3302a078c1af4e97d4742447fd
global_step=282176 | return=32.68 | steps=69 | track=bf29fa37340c3bcba6a512d51440b3e8
global_step=282256 | return=11.93 | steps=69 | track=042e0f59eac85eff284d42a08eb747b5
global_step=282352 | return=-126.50 | steps=131 | track=7816e9931c95deea2326e38023a5f404
global_step=282752 | return=-132.56 | steps=130 | track=daca68f8eb30277a489d452a513dee1f
global_step=282800 | return=-139.36 | steps=131 | track=5273450fbbbb99220715a7af4c2a163f
global_step=282848 | return=-18.55 | steps=41 | track=7633cdbef0c8a55efa62a87c3344aa97
global_step=282944 | return=-14.92 | steps=64 | track=0222acfe46eec639da98910f5214f53a
global_step=283024 | return=-120.98 | steps=110 | track=0209f647a4556bda1a1748a12e852072
global_step=283072 | return=-141.37 | steps=131 | track=2f9c9fb21af9a6dde7e1a8127051bb4c
global_step=283104 | return=-125.49 | steps=104 | track=4eaa745483e86ba341d69e42bc16342d
global_step=283424 | return=1.42 | steps=84 | track=ab4e25a5735cec591737df5faef93051
global_step=283472 | return=4.36 | steps=69 | track=f9cea550606dcb7020133f248c16e5ad
global_step=283584 | return=-114.85 | steps=141 | track=017d99131a1e5032b21aa301bc61f4bd
global_step=283680 | return=-150.00 | steps=130 | track=3f71f751988d684ff7cd13c3c67979dd
global_step=283936 | return=-62.78 | steps=53 | track=58291689ec4333da1b9aa57858fd5d2f
global_step=283936 | return=-2.66 | steps=70 | track=025056e66e6b6906d43ebae7d60d0209
global_step=283968 | return=-153.33 | steps=131 | track=853e24cc4326689119b0adad318fae86
global_step=284096 | return=-4.93 | steps=66 | track=397efb2831049ed13d1df8115aec13ac
global_step=284192 | return=-144.55 | steps=130 | track=c2c0db46cec7b82140c6ec17e5dbf696
global_step=284240 | return=-135.36 | steps=131 | track=afd33f4897297e05fb1f5cc3b9fc92fb
global_step=284368 | return=-135.61 | steps=131 | track=0e3eb2b2f64f9e82967fc27f622909ed
global_step=284608 | return=-4.45 | steps=63 | track=cd4cd274bfbd56c6f2c232be4246c2aa
global_step=284720 | return=-125.19 | steps=100 | track=dd817a127cde9af12b2b1821990fcf91
global_step=284864 | return=-144.81 | steps=131 | track=a5e6633615c85920ef5524b2200b4888
global_step=284864 | return=48.59 | steps=267 | track=f291f641a04aad87316ffde0cced8a14
global_step=285040 | return=-112.04 | steps=136 | track=ef907c173615dfaa76db96f90a603a35
global_step=285056 | return=-148.60 | steps=131 | track=f8dec23d90ef34a5337e3586ba2102d5
global_step=285184 | return=-105.90 | steps=109 | track=89ce169992a88072c23b330d78932db2
global_step=285424 | return=22.36 | steps=65 | track=0013724d930c4d8c0c4ae1ad1a98bdc8
global_step=285760 | return=-98.53 | steps=142 | track=36f7010ef76ea919e74fce4b92a60677
global_step=285792 | return=-151.96 | steps=131 | track=88dccdd5cf6b949d8d6caaa35612e036
global_step=285808 | return=-60.57 | steps=47 | track=509e7dfc31cc38270642fb669222774b
global_step=286048 | return=-155.55 | steps=131 | track=d700ecc3f0b48245a0bcaaf2513d462e
global_step=286064 | return=-154.93 | steps=130 | track=99845fd051cbee20f6d9a4348fc2ec38
global_step=286112 | return=-4.07 | steps=65 | track=129c45767e6e5cec62601e460b9b180c
global_step=286208 | return=-161.20 | steps=131 | track=a5a644ac58a6b3e70a3af68875815564
global_step=286304 | return=-151.78 | steps=131 | track=22b97c98e8841896ff5ff3376d4a5e77
global_step=286336 | return=-154.59 | steps=130 | track=c4b77ad6633d2a5a4cfe899f131a2990
global_step=286368 | return=-129.87 | steps=109 | track=30c81dbbf6e282525d307e6e09cb3d24
global_step=286544 | return=-113.27 | steps=104 | track=c2094f783ef241caca484c74062be0c5
global_step=286704 | return=-61.93 | steps=94 | track=5332335796abe9028fa7c7fa79467195
global_step=286832 | return=-137.97 | steps=131 | track=dbf6e0de339253483a66061b56446c7f
global_step=286976 | return=-144.75 | steps=131 | track=04bebba296eee877abc604f2916c94b7
global_step=287472 | return=10.68 | steps=70 | track=3abfab403dbc79cc3fa369a2b01837c5
global_step=287536 | return=-133.30 | steps=131 | track=692cfb0baea8dc4f86635efaab5fc9c1
global_step=287616 | return=-92.46 | steps=229 | track=b8d19f438d8d89517f42ab6041d71284
global_step=287904 | return=-146.14 | steps=131 | track=ad7b19849cdc0807a279eca4cfc14387
global_step=287936 | return=-125.24 | steps=116 | track=76dfdc5c3d2f2e279d0d0d8bcfae6821
global_step=288080 | return=-70.92 | steps=95 | track=e963a7a66422564e101480608e91a011
global_step=288160 | return=-148.15 | steps=131 | track=c818d5508da53ba0eaf16538f36c8001
global_step=288208 | return=-65.57 | steps=45 | track=6002e5172608406fe1c4cb50e726acb1
global_step=288208 | return=-38.69 | steps=152 | track=6db7bc67f559c3e62bfe7cf31d9f7178
global_step=288240 | return=-145.69 | steps=151 | track=c7ad8c40a03721547230d9e591d4c3a6
global_step=288320 | return=-144.81 | steps=131 | track=1234a3908fbc9f663cc4e8bf24915e7d
global_step=288336 | return=-108.47 | steps=101 | track=284aba6d131cb1a0bca35f780322f308
global_step=288400 | return=-146.38 | steps=130 | track=aeb8059c10b5520d1a8a11ae9a821102
global_step=288480 | return=-75.40 | steps=58 | track=35c6d089a1d96db915030bd3f522d505
global_step=288480 | return=-139.81 | steps=131 | track=041aecc863a4ca0e27827a091937abdd
global_step=288672 | return=-76.29 | steps=47 | track=4bdb6cf896888ea3cc1d36c90d4d2ee9
global_step=288960 | return=-150.50 | steps=132 | track=a410448b1cb256552fa076dc0b1382fb
global_step=289072 | return=-141.45 | steps=130 | track=bacad3787dcd27023ac25e60cc841f47
global_step=289344 | return=-16.13 | steps=63 | track=6c56776710276b27ede774846096fa33
global_step=289632 | return=-51.81 | steps=88 | track=934e9fed63d1f379d9069e39ab9b30bb
global_step=289728 | return=-143.59 | steps=131 | track=e60db88643d09a710fe9ce541d607c0e
global_step=289792 | return=-222.19 | steps=229 | track=ce9c4865d9d610cc6af54fbc895b39fe
global_step=290016 | return=6.89 | steps=83 | track=c56ec3e6320f0e4727afba9250debfde
global_step=290224 | return=-81.52 | steps=142 | track=ecaf47df34cd5b90ac1bbf78544a72c5
global_step=290272 | return=-147.21 | steps=131 | track=7d7fd2a490d18d6bd81c45747fb6a88f
global_step=290320 | return=-135.97 | steps=131 | track=a6d52597bb54d9e25ddd75d6fdc369f7
global_step=290352 | return=-136.00 | steps=131 | track=8ba75f0892a67003af582f4308d8b3e0
global_step=290384 | return=31.67 | steps=64 | track=35a1c7d8340fcb0fe1fca7b862363ea2
global_step=290512 | return=-135.07 | steps=131 | track=874bc77b46bf07411e0e7cc9186ccdba
global_step=290592 | return=-144.41 | steps=131 | track=642ab80b6e38177cdc0742162c126f26
global_step=290592 | return=-126.50 | steps=131 | track=5de66eb3b9a44692de2cee27038348ad
global_step=290688 | return=-101.89 | steps=146 | track=b3bab5003dcc36b3e6560f41adaa8a1c
global_step=290688 | return=75.46 | steps=162 | track=feee1a9de600144cd3052f0d4db04295
global_step=290784 | return=-3.84 | steps=65 | track=8c34e2d6aa476063ddb75aa4a3610d2b
global_step=291088 | return=-154.47 | steps=132 | track=ffddda57d2a2c1ef5d60ee8d610170a4
global_step=291184 | return=-139.73 | steps=131 | track=c04d5cb3b207bc451315b85e28081cc1
global_step=291264 | return=-18.48 | steps=64 | track=df856022109dc375584c9fe74351e951
global_step=291744 | return=-121.75 | steps=131 | track=aaf21047cdfc5905dfcf835fe0a72394
global_step=291792 | return=-7.24 | steps=62 | track=6f9cbd53bb06dcb7f4d174da53fe4ecb
global_step=291904 | return=-143.06 | steps=131 | track=b73236e11ff52f47d0359b0890c6484b
global_step=292128 | return=-146.81 | steps=131 | track=972b045f66fa4a123051934864018303
global_step=292416 | return=-157.40 | steps=130 | track=263e2d524f82fe366637a8ba7538a144
global_step=292464 | return=-142.56 | steps=131 | track=566ac48822bb8a77bf5c1717994c8744
global_step=292704 | return=-139.95 | steps=131 | track=e54af9707c37d6c36ce3cfa6358be0ec
global_step=292704 | return=-101.98 | steps=144 | track=d8c9227fb5b6e6f7f01ca12d4a0cb3e0
global_step=292704 | return=-136.65 | steps=131 | track=87fb53070bf435944d383b27c6b46d88
global_step=292720 | return=-112.63 | steps=101 | track=9e9de8d782158fa94bbf1b6f567ccf4a
global_step=292720 | return=-40.28 | steps=152 | track=f747673163b0c70de9a4522e411af984
global_step=292800 | return=-147.93 | steps=131 | track=19a83d27e0d49b5965f3a60dbd966e26
global_step=292848 | return=-74.48 | steps=134 | track=d7649b78f4a034de8f8f9777c07f5913
global_step=292960 | return=-29.24 | steps=72 | track=cdb107606184afd9acd024043a5ac869
global_step=292976 | return=-49.16 | steps=153 | track=9f07e0dad64d4bbbd779fdc1eeb9adfe
global_step=293296 | return=-143.61 | steps=131 | track=70daa7bbb941647108b985528b05095b
global_step=293360 | return=-149.02 | steps=130 | track=00d9f3f22a16632f8337df94f2d7c293
global_step=293568 | return=-104.71 | steps=89 | track=ac60bf36576c73e8117c155695e8069a
global_step=293792 | return=54.78 | steps=66 | track=4ebef34bb5db0a258c29f92012560889
global_step=293856 | return=-140.68 | steps=131 | track=4c76c3ddcc3d94c38545b5e0eca36bbe
global_step=293984 | return=-26.02 | steps=42 | track=1a05fe4182e3a734dc87ab85458e3a13
global_step=294000 | return=-108.55 | steps=130 | track=aef3987f1956cbefb8adfef5dcdb5f0f
global_step=294192 | return=-25.04 | steps=92 | track=390a73b6e5130da45cab8a9b15023fb0
global_step=294304 | return=-67.69 | steps=117 | track=aa0ac21ffe7940b7ac552bf1f34c7bdf
global_step=294576 | return=-135.10 | steps=131 | track=8692a9541f743ac9f9b569a1543834b8
global_step=294800 | return=-149.24 | steps=130 | track=c2ec7357ff69babbfff325b9b8149319
global_step=294816 | return=-144.28 | steps=131 | track=f5bd6523956b5fc84166e4e3199ad4e7
global_step=294816 | return=-142.76 | steps=130 | track=6a4ada052c62f7f68f7a83ffc872988c
global_step=294912 | return=-137.13 | steps=131 | track=c2eea3c850ab0df97b7a5ea21af7f28e
global_step=294912 | return=3.93 | steps=69 | track=71c295be232bb03862f9e7782a1af817
global_step=294912, SPS=70
global_step=294960 | return=-132.27 | steps=131 | track=3745fe0a61cb74e5a04f9144490b07b2
global_step=295040 | return=-70.56 | steps=45 | track=d65f8eb662821af5846c1c5caf4eafbe
global_step=295072 | return=-128.68 | steps=131 | track=943bc8a3812f9271f2abe4ef856f288a
global_step=295232 | return=-6.27 | steps=140 | track=f08a260d7d8f60c7d673197280327522
global_step=295312 | return=50.04 | steps=81 | track=0e7fa2366ce8b8db99047c32cafe6df0
global_step=295840 | return=-6.92 | steps=63 | track=c6317b9dee79486f57017e997407b682
global_step=295936 | return=-102.62 | steps=147 | track=c552ad5c4e252ac84f34de9cda66c1df
global_step=295952 | return=-139.03 | steps=130 | track=685aa549a148f8f52c1e189051769d05
global_step=296096 | return=-140.74 | steps=131 | track=ccebde1993dac82c7ae75073f4e34bad
global_step=296256 | return=-109.15 | steps=89 | track=3bb08ced0758cf94d43ce0bb2383c7ce
global_step=296304 | return=-150.46 | steps=131 | track=1eef5a5612d7d7e55977887e31ad7068
global_step=296688 | return=-147.21 | steps=131 | track=a53f0f129dde863fec53835d43c4e50f
global_step=296832 | return=-57.98 | steps=119 | track=89acf8f02b680e0c54db4accadb5d120
global_step=296896 | return=-145.28 | steps=130 | track=cdb74fd24ff0829d0cb8aebb237965f8
global_step=297024 | return=-135.52 | steps=131 | track=ce15d10a610239d75319bce6df7e6471
global_step=297072 | return=-152.34 | steps=131 | track=f6c09fca6d2c357a15f4d871b414d241
global_step=297184 | return=-137.30 | steps=131 | track=ef9b4eaa7e7bdfe62500c8fa760b5a0d
global_step=297280 | return=-10.25 | steps=63 | track=6c63cf5af9500d2779a358eed77061d1
global_step=297296 | return=-129.43 | steps=245 | track=15f03c52303ef631d20e0c0945279d79
global_step=297424 | return=-113.65 | steps=136 | track=f12f796eb8d5cd20f0157a9a349da152
global_step=297520 | return=-17.36 | steps=42 | track=03ebcea520b726ed7d7c3bfb4e440359
global_step=297584 | return=-48.19 | steps=158 | track=2fb5e197eb1d13af60bab8c972e70f67
global_step=297904 | return=-60.67 | steps=44 | track=0acff656b1e826bed352ce7d2aea1d7e
global_step=297952 | return=-2.73 | steps=65 | track=d49cedd82af78d251940a59c9cbac7ea
global_step=297952 | return=-143.23 | steps=131 | track=c8b94f5a016b88b6c95429492002ae61
global_step=298064 | return=-140.98 | steps=171 | track=a91ae34eede4cdc6a55307f2844ed871
global_step=298064 | return=-146.50 | steps=131 | track=b2b290c1615665c89df7f2438482b1ba
global_step=298192 | return=-139.65 | steps=130 | track=99ea675ea4773ee93fdca4acd34bc71e
global_step=298336 | return=-4.24 | steps=102 | track=871dbf9e0ee84ed56f120f37c9ea9e3d
global_step=298416 | return=-142.09 | steps=131 | track=d4b4a3a629d4150aed35c087cde0b195
global_step=298448 | return=-16.52 | steps=63 | track=08c0de4a78b4ea41290da7aca3133120
global_step=298656 | return=-81.01 | steps=66 | track=9f1d4b89903555f73eec751a27dc33f7
global_step=298656 | return=-34.30 | steps=169 | track=4ef0a43735ce2092d94112427a59ec2c
global_step=299120 | return=-139.30 | steps=130 | track=c8ebb4a73a147b98f0cd964a1ddd025f
global_step=299184 | return=-154.08 | steps=117 | track=2a96413c5d55cfb4880468d5927f977a
global_step=299200 | return=-63.70 | steps=62 | track=0b4cdcb9e186975b5188e90987d6e048
global_step=299344 | return=-101.35 | steps=141 | track=bfd69da474a371029090e76334e48c02
global_step=299392 | return=-147.27 | steps=131 | track=fa9232c190191560e29f079f65417c31
global_step=299472 | return=7.50 | steps=63 | track=b44caca9f06f0c84acbac597065c04da
global_step=299616 | return=-144.62 | steps=130 | track=6727aaeb988fba50717b37f44f3bd335
global_step=299680 | return=-28.16 | steps=63 | track=d477f9a4e8c18e937290f528633e5c10
global_step=300000 | return=-62.05 | steps=103 | track=57fa3eea14e152110f6e46470899a5f8
global_step=300048 | return=-131.82 | steps=130 | track=765e26d02a00e53b814add16a60debb6
global_step=300064 | return=-142.30 | steps=131 | track=8b3c58bcacbfb307bb650e028e10a788
global_step=300176 | return=-144.41 | steps=131 | track=44890f8e77b8dcd4ed030c3f4046fa64
global_step=300176 | return=-133.79 | steps=131 | track=a84a95d881a5bf11da0e343a313c2f45
global_step=300400 | return=-106.88 | steps=108 | track=f0ed590ee5f489eeab71d2c3b8899e31
global_step=300464 | return=-29.77 | steps=61 | track=d4aac601f0dbbdcf06ac9bf592e07ccb
global_step=300928 | return=-62.66 | steps=98 | track=32d500eb7d63cd1e877b965677c1aae8
global_step=301072 | return=-8.95 | steps=63 | track=6499625d0519e8102d65a57bd105df77
global_step=301200 | return=-34.38 | steps=49 | track=75acc99eeb66f8d4c00bf3644cc2f1fb
global_step=301296 | return=-142.56 | steps=131 | track=597b8874e01ee7893184c9301ed5771f
global_step=301408 | return=-115.52 | steps=186 | track=685f280d0e1a00e65a0eecbfd69e84c4
global_step=301504 | return=-81.74 | steps=131 | track=5696c445ceeb78324d730a0fe19516db
global_step=301520 | return=-91.95 | steps=149 | track=b783934c1a11b153d4ac6f8a864a0519
global_step=301616 | return=-52.21 | steps=71 | track=7234ca5a95f521dad08ab4f937e01368
global_step=301728 | return=-116.68 | steps=103 | track=389b7c9b3f693c8ee29ebae5f09db41a
global_step=301776 | return=-129.12 | steps=130 | track=eb67516baecb8a00d49f0f4880645c8b
global_step=302048 | return=-28.19 | steps=60 | track=2a32f58a9cce24e29b6ebcbdc4d5543f
global_step=302112 | return=-137.08 | steps=131 | track=0b1e26765a6e6474f5f25230d2139f9b
global_step=302272 | return=-34.23 | steps=130 | track=7c51c53ec7fa11540a22df914072bae1
global_step=302288 | return=-153.52 | steps=131 | track=7f481de3e1ec3c3babdb006f101529ab
global_step=302496 | return=32.65 | steps=67 | track=e792d75052a00326edd9dba4b4982f3a
global_step=302720 | return=-50.81 | steps=41 | track=659e21d6bafd7dc290e90e598078c347
global_step=303040 | return=-149.40 | steps=131 | track=20c77274343dc6f7fe0c558e8ff417c5
global_step=303296 | return=-131.23 | steps=130 | track=c251be504551113a818422c4cad79927
global_step=303392 | return=-50.62 | steps=41 | track=7b8377338736e7147476bb16f313b400
global_step=303408 | return=-163.50 | steps=131 | track=03bf983081d91256265a2ce066cb8ccf
global_step=303616 | return=-141.99 | steps=131 | track=454978ca919832abbeeaefc045177031
global_step=303712 | return=-18.04 | steps=136 | track=a7649f229a04afa24d8b7cb990976c3b
global_step=303728 | return=-142.41 | steps=131 | track=9d0528758103daeabf80051128eb633e
global_step=304016 | return=-129.16 | steps=108 | track=09e2bdff7104401d59ab60af55c49d69
global_step=304048 | return=-98.32 | steps=141 | track=fb5df57745f49deda5e55bf84b20b6fe
global_step=304160 | return=-50.51 | steps=151 | track=9d39e9b4ea1534588ae0501c6660d397
global_step=304224 | return=-150.91 | steps=131 | track=d0a61429d789176a0afdac612ee6a1b8
global_step=304400 | return=-128.09 | steps=131 | track=8c8e4c1ebff58d2172e075aa59494d6d
global_step=304448 | return=-31.91 | steps=45 | track=4ae44e7936acb1e77fbe55300cc2360f
global_step=304464 | return=-69.20 | steps=52 | track=2a6b9098cfea81c798c7fb002a6ff008
global_step=304576 | return=1.34 | steps=309 | track=39568bb6bf74f191e5fe9b7281620293
global_step=304592 | return=-152.95 | steps=130 | track=9714f2d4fee4d48af99490ff7d48adcf
global_step=304832 | return=-22.00 | steps=68 | track=ef7c5b987f162096ffed075fe2e50d7c
global_step=305120 | return=-63.35 | steps=55 | track=58fe834e4ffe1587cca53e3b23c04125
global_step=305152 | return=-168.01 | steps=452 | track=0d2df0a6e0669035fdd6c1e69a14da49
global_step=305152 | return=-143.34 | steps=131 | track=e59f51bd961c150a7975c02f603d7291
global_step=305408 | return=-157.18 | steps=131 | track=c04b7e108dad7720cd73c217db270a0b
global_step=305504 | return=-150.20 | steps=131 | track=0d8bf23203f07ce2cec767754b698710
global_step=305584 | return=-22.32 | steps=73 | track=1ca15f1341f3bdf27f64ca29a785588e
global_step=305824 | return=-54.74 | steps=61 | track=26c6b137fc5cef5369fd91b263971221
global_step=305888 | return=-111.61 | steps=89 | track=363877b14e8a36c6ff81e35f8dee4cb0
global_step=306128 | return=-153.21 | steps=131 | track=fc297b105f419e83aba44b1411ae1b3d
global_step=306160 | return=-143.07 | steps=131 | track=1b342b6bb20297e3458549f96dd830db
global_step=306208 | return=-14.71 | steps=65 | track=550c3efbb9ca937a662cfffbec4e7efa
global_step=306272 | return=-148.01 | steps=131 | track=cadbca4dbcf92a3d38902e236b3eeb9e
global_step=306560 | return=-33.12 | steps=130 | track=5911a040f19f46826248faa8ee872d9c
global_step=306976 | return=-134.15 | steps=222 | track=f6cddbf9d674bbbb14265c52fd2df4c9
global_step=307200 | return=-74.30 | steps=39 | track=dd324be8bcc8fe264d020822ed5a5064
global_step=307200 | return=-164.83 | steps=499 | track=395409ee214fd9497f779551b42d384a
global_step=307264 | return=-142.78 | steps=131 | track=ef4113ff2b68c0eed233e183cb1b001b
global_step=307328 | return=-101.40 | steps=89 | track=c16333275e3a736e3da8cf9a6d94eee3
global_step=307632 | return=-167.00 | steps=132 | track=0ddb52abd896bfb023e1cb8b0b0f87df
global_step=307696 | return=-152.61 | steps=131 | track=cf04bc565a6a32bb84330eaddeee7dd0
global_step=307728 | return=-83.59 | steps=144 | track=9fb04061a6cea8a3694be1bf2859e71b
global_step=307936 | return=-158.44 | steps=131 | track=ade3a9fa01566b3f59c429317dca349b
global_step=308000 | return=-165.76 | steps=213 | track=96d2e79fe33e2f1be92956a08c7b4204
global_step=308240 | return=-138.60 | steps=131 | track=59f2be0d97a35ee4a3cfcead5fa12c6b
global_step=308256 | return=142.19 | steps=65 | track=1e03cabe459bd0f6ae9067d6e5cb0e23
global_step=308320 | return=-138.70 | steps=131 | track=c4fb7c69b6ad831d6cc6dfee4ad4bb7e
global_step=308496 | return=-58.46 | steps=210 | track=8b821b62cd368bdce00c3b00b2279775
global_step=308768 | return=17.83 | steps=66 | track=ea31bfc2dba6b0d991b327dd5f5f4c13
global_step=308816 | return=19.77 | steps=67 | track=fcd8113c564aac0180d3e35c682f3a83
global_step=309088 | return=-150.37 | steps=131 | track=a454578f9eef4b097a3beae8184f9716
global_step=309280 | return=-235.02 | steps=292 | track=07020014ddf568b54ff3fc2d03c65b46
global_step=309312 | return=-143.53 | steps=131 | track=f818e9b67db2ae8ead628dd93080030f
global_step=309376 | return=-140.68 | steps=131 | track=2d2cdec543004a864dde9cc88132cfc5
global_step=309440 | return=-21.51 | steps=131 | track=7e4551be931f15a6b22391abfd05c5ba
global_step=309568 | return=-119.21 | steps=101 | track=9f9a970f0b1fffc4991904f92ae393ea
global_step=309632 | return=-114.91 | steps=209 | track=0d855ee1645b0694439ef816a1909bba
global_step=309712 | return=9.39 | steps=75 | track=54ba2db21aefd130538b1942be07ace7
global_step=309744 | return=-151.78 | steps=131 | track=351a6a7fa26decec9bae2b3eb58303dc
global_step=309920 | return=37.77 | steps=234 | track=a1915fddc18fc46ba71820a0b50e8701
global_step=310112 | return=-132.87 | steps=131 | track=3ef8ca0c17c62632ab6b40dcd062d5fd
global_step=310160 | return=-66.46 | steps=119 | track=9fe36908dd0df2eacb7df426d54e7222
global_step=310240 | return=-28.51 | steps=71 | track=8a3000b787e7d6a53118568366c11365
global_step=310368 | return=-132.46 | steps=131 | track=17fcee618b6b3a5c775f2d72dad35ba7
global_step=310512 | return=-112.58 | steps=136 | track=287c3c5512c9cd90621ab84ed3401e81
global_step=310528 | return=27.27 | steps=67 | track=3bcb85f6e0071abc5bc57cf1b204bf41
global_step=310672 | return=-96.29 | steps=68 | track=2d378ef60ebec98570adf09ef5ca9f16
global_step=310832 | return=-11.75 | steps=67 | track=3fef3e8ca638c21a38c5b32b1ac61d86
global_step=310880 | return=-151.61 | steps=131 | track=feb159b8a64a992498a5e0322c8d6644
global_step=310928 | return=-118.93 | steps=100 | track=06032aa41e350df9d064dd413e2a06af
global_step=310928 | return=-140.73 | steps=131 | track=f13f1b67610f5036c48690f902d72dc2
global_step=311296, SPS=70
global_step=311344 | return=-28.93 | steps=60 | track=e90219fa87d55d60180d45a9bc829430
global_step=311488 | return=-141.21 | steps=131 | track=8d933c093ff352b2eeb94bfa4d8a3c26
global_step=311824 | return=-139.12 | steps=131 | track=e65641458a2ed3a16bce6058f1393fe8
global_step=312016 | return=-78.53 | steps=115 | track=d3dbd87c7f0ee18e129e863e23d41bb9
global_step=312032 | return=-135.61 | steps=131 | track=a6ce074cd65282b6c4e2bb436c87daaf
global_step=312224 | return=-140.51 | steps=131 | track=b37f7c93119072b0188dcbc13dbf85d5
global_step=312256 | return=-104.99 | steps=163 | track=92210dbc0bedc398074c72c5d68573f4
global_step=312640 | return=-147.03 | steps=131 | track=4fcf3f53725d6e3db4cc3ad62da6bc41
global_step=312784 | return=-146.21 | steps=131 | track=74d6c40faa893731fac8316f99b1a5f3
global_step=312992 | return=-137.68 | steps=131 | track=cc8e317b1e5504f46d4eaea6a67734c7
global_step=313040 | return=-139.57 | steps=131 | track=70d0b31aaa27a7ae3e7a958f9287a53b
global_step=313040 | return=-143.55 | steps=131 | track=35c0efe294bd59f1e1b975a7fcc629e8
global_step=313296 | return=-106.88 | steps=190 | track=d70c0c14c5934768cb909b3ddedfacfb
global_step=313440 | return=-144.24 | steps=130 | track=943ef795e9b3f6b48e1255e6a98cfa31
global_step=313520 | return=-38.41 | steps=80 | track=3eeebd81bcf20bed26ea47f6749246c6
global_step=313792 | return=-61.24 | steps=46 | track=499ee1358a947b4356b1bdc3cb22ab58
global_step=313936 | return=-128.49 | steps=131 | track=0149a36db807a160673e4d3c65fe955a
global_step=314128 | return=-148.18 | steps=131 | track=6d580cf3779122e3b274dbf04dcb516f
global_step=314128 | return=-141.69 | steps=130 | track=f523f13e5c1b5a4b01d519b218405e04
global_step=314400 | return=-100.75 | steps=68 | track=171e28939b92cd16c8dc96563ffab49d
global_step=314464 | return=-81.95 | steps=226 | track=966e5fdc636ce5a4bc69419fed855858
global_step=314480 | return=-117.05 | steps=247 | track=18c55cfb92b933f71e1dc5692eeafb86
global_step=314672 | return=-84.06 | steps=150 | track=bc2be63d1acacd29448844a9f6e03d0c
global_step=314672 | return=-93.82 | steps=198 | track=f45a902f251403250cf0f9c67b69ab79
global_step=314752 | return=-140.40 | steps=131 | track=90303a0697b4d0c8c910796eb643c25f
global_step=314816 | return=-215.83 | steps=345 | track=ca5b6f3bb0cafaed8a5d0ee23fad9c60
global_step=314896 | return=-143.23 | steps=131 | track=b6ba03026770e5841faeeb6320367027
global_step=315104 | return=-135.58 | steps=131 | track=8ecd353319936fba6a26563a34261d1f
global_step=315152 | return=-136.11 | steps=131 | track=1f70cdaaabcb99bb5f96ea7328ead35f
global_step=315536 | return=-150.18 | steps=130 | track=1a654f1eae319416dd0d0cfa5c7b7f58
global_step=315632 | return=-139.12 | steps=131 | track=38748a6492c2c24241a4d2ed4d67efa8
global_step=315744 | return=-26.61 | steps=61 | track=d7bcb5b6bbd4caa72c1cd3a271a6998d
global_step=315760 | return=-43.42 | steps=113 | track=dbb7fd4b65dcc144367c9402f5125417
global_step=315904 | return=-150.16 | steps=131 | track=de7164c342678e0c2698e22f68020b6e
global_step=315920 | return=-115.22 | steps=89 | track=965890c2fea9831a9dc02bdf6dc68e9d
global_step=316240 | return=-136.00 | steps=131 | track=59a5076da92e662eb6a0fa9658e5baeb
global_step=316432 | return=-118.61 | steps=109 | track=c56c71873e64d12ab5b15f821aa4c83e
global_step=316464 | return=-25.59 | steps=124 | track=804b873ce9f0c3b3d3258062c8f66809
global_step=316512 | return=-143.07 | steps=131 | track=8b0e79d75547a003845bd9dda8a2cb0a
global_step=316784 | return=-130.29 | steps=131 | track=710654e2782bb4aedecb7be88d04bd7f
global_step=316928 | return=-144.57 | steps=131 | track=3406e624be93ebfeeb84d6eb1271e0bf
global_step=317008 | return=-146.42 | steps=131 | track=06fc8c0a85b921e262cd656b57124eda
global_step=317104 | return=-84.65 | steps=121 | track=b9886bfe3ce250bed2dd40b400b6ac40
global_step=317104 | return=-21.06 | steps=91 | track=fa8fc68076b75d9632befc3638938153
global_step=317200 | return=-151.04 | steps=130 | track=e010dbf39020081e16a20ed79fd60ed2
global_step=317328 | return=-172.17 | steps=199 | track=a0d49c84b11226c561d34abfb222bc32
global_step=317504 | return=-115.40 | steps=99 | track=050dec73ec84dd3c1346bf34a911ec2e
global_step=317648 | return=-139.36 | steps=131 | track=5fa1a0caad6e82a01efa0bb4c3f1353e
global_step=317856 | return=-150.21 | steps=131 | track=f76f61515af8ea86a7f02bce2daa5b04
global_step=317856 | return=-135.17 | steps=130 | track=e31c3bc2d365634cbd8bc137bbf0b2c1
global_step=318032 | return=-139.38 | steps=131 | track=986a8b655a38bee010a74b9eaff52543
global_step=318144 | return=164.76 | steps=75 | track=4000dc291ee1d0815f9a0fe9c11be803
global_step=318272 | return=-26.45 | steps=78 | track=ceb2c5a1dc9984105170297ad8c7391c
global_step=318352 | return=-140.60 | steps=131 | track=cfa25ac471a895c5396d966ad2eda3b9
global_step=318544 | return=-144.04 | steps=131 | track=0a7c7d052c4eb36593e9b325adb9408b
global_step=318576 | return=-135.86 | steps=131 | track=bc4484929285b9564d7850394063722d
global_step=318608 | return=-140.60 | steps=130 | track=66d0df313d9f89fb1ddf06b16b9f25f9
global_step=319040 | return=211.13 | steps=114 | track=5ca80f96b744d34ba8ba3c4ef9c9ebb8
global_step=319200 | return=-147.08 | steps=130 | track=3fbb6b38e4d52410bbbda025dc255531
global_step=319280 | return=-150.41 | steps=155 | track=8f6c731d65b0388b560ecf886d057f07
global_step=319296 | return=-105.11 | steps=89 | track=aa22b07cc0db5700be275f42eb2ea69e
global_step=319600 | return=-43.44 | steps=155 | track=eca9a285c865845fbcff3943a743e21b
global_step=319616 | return=-141.21 | steps=131 | track=9e46fba3f73426e86ec4170702222a5c
global_step=319792 | return=-96.47 | steps=153 | track=1335b07a6de61aefffa3448db67b8bd4
global_step=319792 | return=-107.11 | steps=89 | track=4c7b957c58bec693b93999cac3488b14
global_step=319808 | return=-126.20 | steps=110 | track=d445bc7c45c69d95265fabdbaa0ff72d
global_step=319968 | return=-150.72 | steps=131 | track=7a3f39cdd35e51e607533688eca770f7
global_step=320176 | return=-108.08 | steps=101 | track=bf380a95fe98852fb503c159c4eb49c0
global_step=320384 | return=-95.76 | steps=139 | track=4f6233488e70b518ef3b1b26ca0a1cd4
global_step=320384 | return=-152.89 | steps=131 | track=1e1363671c0c7122558d456130068fd7
global_step=320656 | return=5.25 | steps=65 | track=e9934be33bf255c870426b570aacb67a
global_step=320688 | return=-73.45 | steps=92 | track=b4a43aaa7925e574bdfec6f91fc351c6
global_step=320720 | return=-141.99 | steps=131 | track=f970b352fe1af2366dd4956e7ab906c3
global_step=320944 | return=34.76 | steps=70 | track=6c1627a233d936fbac5e30015f770b0f
global_step=320992 | return=-116.04 | steps=85 | track=dcb082e827ce3301a12345e2f7906d94
global_step=321136 | return=-102.69 | steps=159 | track=fc56099a314848c1d64d583c3ca63572
global_step=321152 | return=-139.36 | steps=131 | track=6da1c526661b693f3d253cfed4ab43b6
global_step=321392 | return=-148.21 | steps=131 | track=e9260077ba64e3dd4f6a8b776dd46957
global_step=321520 | return=-117.54 | steps=138 | track=6affa015999d253d0307e2663e34d938
global_step=321632 | return=-68.52 | steps=42 | track=6ac31c12dc22b4eaa28307f811d41e2d
global_step=321760 | return=5.70 | steps=66 | track=d89aa0b7ee5c2c583e7d54197fa496d5
global_step=321904 | return=-142.39 | steps=131 | track=4da630c33a2bc89523d56c3aa7dabac8
global_step=321904 | return=-138.37 | steps=131 | track=4c7eb25071c2e17f848689688986eb07
global_step=322080 | return=-124.18 | steps=131 | track=63cad344e1988976830638c395a9d2ba
global_step=322224 | return=-0.40 | steps=66 | track=438ec5f37b5f194f162bfef7bb12b6a5
global_step=322288 | return=-132.46 | steps=131 | track=29bc9e4bcd429a81a0ff0050237261d9
global_step=322336 | return=-156.90 | steps=292 | track=22ff4919062b1c7ace39f7e468a0ae21
global_step=322496 | return=-141.01 | steps=131 | track=fc9cc10f3aa86b7bf00139ad06101218
global_step=322496 | return=-131.68 | steps=131 | track=0addd979668397b19359eb30ab8a4b2a
global_step=322624 | return=-65.09 | steps=92 | track=8e958e74d1dc9c327dd9faa21be80484
global_step=322784 | return=-146.58 | steps=132 | track=6a0eaf0a5aac9d25045c1124278448c1
global_step=323104 | return=-141.40 | steps=131 | track=00380dfe7ab1b1a8917baf0ea3266ca8
global_step=323200 | return=30.40 | steps=69 | track=8d70ca7fabff4b041eb373eb804b1f0d
global_step=323632 | return=-142.09 | steps=131 | track=2c25bbf14b00988aec3841d4b26186c2
global_step=323680 | return=55.27 | steps=73 | track=87b9f599619448cb2300f92718ce4494
global_step=323856 | return=19.95 | steps=66 | track=3adf9f9bfb5bcc1a221bb1598aeea233
global_step=323856 | return=-144.34 | steps=130 | track=dafee3c12782854551c92779f7bbee13
global_step=324016 | return=-131.07 | steps=131 | track=9d66b5c6f292528b83a00334680392eb
global_step=324016 | return=-146.75 | steps=131 | track=b1300d5a965f0419e91ef12deff0d9eb
global_step=324336 | return=-126.78 | steps=131 | track=b8ac0985bda8d11b2a55cc56a8e16b7d
global_step=324432 | return=-150.12 | steps=130 | track=d03112577cb54e43c2b793d3b00e215c
global_step=324608 | return=-148.36 | steps=131 | track=f963431d1ad69eb4ea358b8e5aab8b5e
global_step=324672 | return=-94.15 | steps=204 | track=271a869ab624ccc0b174d23e5a726c6d
global_step=324736 | return=-55.76 | steps=152 | track=6f686f4f964f7e7c5fdea0c77b808967
global_step=324736 | return=-140.92 | steps=131 | track=c6ad4438697d4b6b54118eca1b2fdb8a
global_step=324944 | return=-60.98 | steps=206 | track=ce28bde638eb282cb82e39531243bddb
global_step=325216 | return=-138.64 | steps=131 | track=14e4225911088f7f80a1b625127172da
global_step=325296 | return=-107.04 | steps=89 | track=3ef0298747eaf7caf84ed71bf2cc963d
global_step=325312 | return=-142.09 | steps=131 | track=3c76a7f570feaedc5413db50b5bedd87
global_step=325440 | return=-46.03 | steps=43 | track=43cf3fa9501f9d7cca5eba4fd0ca263c
global_step=325728 | return=-135.11 | steps=130 | track=7e6db9c91835a65285ae01b6fd2c6af3
global_step=325792 | return=25.42 | steps=65 | track=cd4408422b7e0dc73ba29e6c81985a5f
global_step=325808 | return=-153.71 | steps=132 | track=75b99792feadfabd77711b17e6f77ac0
global_step=325968 | return=-146.06 | steps=131 | track=e04bf4313f0cc92e6f3c752a5a3bd1af
global_step=326112 | return=-145.39 | steps=130 | track=8fd9ca4b8b152ce79f866f67df735757
global_step=326128 | return=-112.92 | steps=94 | track=0f05ad97e66ff33750c72163d32ef70f
global_step=326272 | return=-85.21 | steps=140 | track=8526f40521d6b1ecd49652ce265facc8
global_step=326304 | return=22.51 | steps=67 | track=9ee1b1ae77306e8992b6fdf12227c4dc
global_step=326432 | return=-115.35 | steps=109 | track=4a924d975071da6a9eec2d83a1ddb393
global_step=326448 | return=-138.45 | steps=131 | track=7723f151fc78518c9f863df1c5e500d4
global_step=326544 | return=-137.41 | steps=131 | track=e1f923ee9776705de5462f936f4966b2
global_step=327056 | return=-141.58 | steps=131 | track=e4b58e68c3c9f319623fdabc02ec0639
global_step=327056 | return=-69.96 | steps=46 | track=1e86ded748f9f355aac9d67256a30dc1
global_step=327072 | return=-108.56 | steps=101 | track=fac0b688bba67b889e6c07a753e8ed47
global_step=327104 | return=43.28 | steps=81 | track=1bb78abf1c0da756b8053ad1d2cc2582
global_step=327424 | return=-137.77 | steps=131 | track=5220ab904152c7097267636e51a40278
global_step=327424 | return=-257.52 | steps=418 | track=de36664d11ea7f60fcd051820faec2b1
global_step=327456 | return=31.74 | steps=73 | track=bc62b4610594d56f43a398ea0a9442d1
global_step=327680, SPS=69
global_step=327824 | return=-148.32 | steps=130 | track=b63dbbafa09e47726003b8ec3d91b0cb
global_step=327920 | return=-137.61 | steps=131 | track=d7f7769901388204801493ba1fd3f17d
global_step=328032 | return=-104.51 | steps=170 | track=aa268e8ba5574d78ad2e2ad524138399
global_step=328080 | return=-28.97 | steps=102 | track=1e6287a4a745610a52da6a6aa196e6a7
global_step=328224 | return=-139.12 | steps=131 | track=3332aefda8fb5bc985b89e05bff73d2c
global_step=328240 | return=-108.62 | steps=141 | track=1ce1601caf2a4129e12e02d710467c9e
global_step=328448 | return=-141.81 | steps=144 | track=bf49e8c9b2ce1824bee0822d9b754bbb
global_step=328576 | return=-135.78 | steps=132 | track=db8778bb2e0e0d6436d76adc2de96e7b
global_step=328912 | return=16.17 | steps=67 | track=52549daf882a6b41b96a5deaaee8768e
global_step=328992 | return=-57.59 | steps=152 | track=000f91cb0d7b235aac0a598af323b378
global_step=329152 | return=-149.42 | steps=130 | track=5950a416cd625364d961d5499b342207
global_step=329168 | return=-143.79 | steps=131 | track=985d2a6088e44f85b74fe4a919148146
global_step=329184 | return=-137.61 | steps=131 | track=051de5167215bc15e831eea92fdf3de8
global_step=329216 | return=-91.44 | steps=131 | track=cc52be0e16cbab073e51aba7c663ac84
global_step=329344 | return=-59.61 | steps=47 | track=8dc9e7546d5c63f16e639e5389fff619
global_step=329472 | return=-109.33 | steps=89 | track=9035dbde4c2318f0ba62881b766a3d71
global_step=329536 | return=-130.73 | steps=131 | track=19bfe778f74d8c24834d5493d12042f3
global_step=329872 | return=-69.27 | steps=152 | track=2e92fa71c438b7a2d04dc0b586a90b7a
global_step=329888 | return=-44.40 | steps=55 | track=04dfe9d42c300d1082df0f9345681c42
global_step=330176 | return=-91.08 | steps=61 | track=d42f0c2d14fca4d90ea2ddc55c4f4f4e
global_step=330192 | return=-153.54 | steps=131 | track=0a5851e69fc1d702462364d4d46e07a2
global_step=330320 | return=-140.75 | steps=130 | track=3470e0aa46a3792e01bfbbf3bc707841
global_step=330352 | return=-149.60 | steps=131 | track=1d0f408114656535c08798ed3a5440d4
global_step=330560 | return=-142.00 | steps=131 | track=6503c064b0f5eabc819f7e363deaab3f
global_step=330608 | return=-48.21 | steps=105 | track=3a2fb659b6d638b792a3ba87f7ba1f2b
global_step=330784 | return=-74.05 | steps=178 | track=fe08c183030624124b14248beff32fbf
global_step=330864 | return=-51.17 | steps=94 | track=b8d68e3f317d97e80199af2383cabbb4
global_step=331152 | return=-62.63 | steps=60 | track=8f9bd2203e1e9814fba2be08d19b3330
global_step=331232 | return=-154.24 | steps=235 | track=a65af184c03d0c2911bef42183232ccc
global_step=331264 | return=-148.59 | steps=130 | track=a36f496a0fd7fbf08be410ce3b183bb7
global_step=331328 | return=40.74 | steps=89 | track=afd84c47a179260d849ed20cceec941f
global_step=331536 | return=-61.84 | steps=46 | track=f85a51766e820ba23d2ca827058e4ab0
global_step=331584 | return=-135.87 | steps=131 | track=f25e6e2cc8f892fa2cafab6203a0613b
global_step=331632 | return=-140.84 | steps=130 | track=3e31783e74953e38b8ae3f51da3ce510
global_step=331712 | return=-178.90 | steps=159 | track=81cf42fbc1c51c34e5e4f391105e94e2
global_step=331968 | return=-151.89 | steps=130 | track=636bcdf7dd984a473c1c337e250334af
global_step=332288 | return=-138.08 | steps=130 | track=291c2eb12885a1f9868a651184d34ccd
global_step=332304 | return=-25.15 | steps=60 | track=3d4856a27bd8bb3e5330350bf1b2a699
global_step=332448 | return=-145.91 | steps=132 | track=de33f205126b158e05126a841ce879df
global_step=332688 | return=-147.77 | steps=132 | track=5e50b0fc31f17b3f4bdb10b10570243a
global_step=332800 | return=-153.47 | steps=152 | track=b7466a3e6ab7331085ea7f920b425be4
global_step=332800 | return=-111.71 | steps=136 | track=dffab4639693492024835dc0e3cb50e9
global_step=332816 | return=-110.13 | steps=224 | track=d2f3e62dd007a592ae0ca815a216dc6b
global_step=333040 | return=-135.08 | steps=135 | track=27acc7df48ee86a8b0945381c5d1833d
global_step=333152 | return=-105.81 | steps=89 | track=467052f3fb9ae20ec19cd333b81ce287
global_step=333152 | return=-97.48 | steps=94 | track=b01a45c5533e17aeacab43939b05cda9
global_step=333152 | return=57.60 | steps=73 | track=aa2040d42f1e57c8ebbe0f38d4e1f29d
global_step=333264 | return=-143.06 | steps=131 | track=523d4422268455ff779c66b5cb11ced1
global_step=333344 | return=-135.36 | steps=131 | track=bcead6a839c28a10e61fabed3b3f48bb
global_step=333360 | return=7.29 | steps=65 | track=9787cf08f6d5585843c6fd8029d8a784
global_step=333376 | return=-148.17 | steps=131 | track=a98ef433d07fe72f84c2dfe6cd0f39be
global_step=333648 | return=-133.33 | steps=131 | track=a0e5b5ed3522477a20bcd96bc3a14ce2
global_step=333696 | return=-144.75 | steps=131 | track=f0b80d5b5d784b69a9acd4368f2c63f3
global_step=333824 | return=-4.44 | steps=63 | track=021764dfe95ac50c67a89073ce42385a
global_step=333936 | return=-71.08 | steps=48 | track=00b760c166129d3256d5ed12c593ff03
global_step=334224 | return=-82.30 | steps=66 | track=c38ea7a4175f5b53c44d877bc182dcec
global_step=334384 | return=-153.95 | steps=130 | track=a137d7e3977760849e75c9b6b1a0247c
global_step=334416 | return=-71.97 | steps=47 | track=a43a22234d71c4898a7a3c77b01baab7
global_step=334432 | return=-108.43 | steps=101 | track=4f8bfa1a02faabe0b738f632dc593d73
global_step=334560 | return=-139.41 | steps=131 | track=1ac187627c4b4ccf3e8b4bfa89b73c73
global_step=334720 | return=-6.62 | steps=63 | track=b5df3e2e6421911403e24e9c6f7cff8a
global_step=334800 | return=-139.85 | steps=131 | track=7dc5aa1a30939d5046db8fe0123125c6
global_step=334912 | return=-106.76 | steps=95 | track=7264b15139464a64028763b8b6977a24
global_step=334912 | return=-56.68 | steps=42 | track=9fc8e5e0138a76a6807d836c28771091
global_step=335104 | return=-124.14 | steps=109 | track=0da885899330430b4ff688513f04f02f
global_step=335136 | return=-149.37 | steps=130 | track=f6bd10c599ad7db0f68bed46d78452cb
global_step=335328 | return=-75.68 | steps=93 | track=5ae9851bc85f0fba8449ea5f4b97e5e1
global_step=335376 | return=-147.93 | steps=131 | track=269f0e5cba118935f580beb9830e2659
global_step=335392 | return=-53.66 | steps=41 | track=99fcfa69702cc90c01555232ab26b5c7
global_step=335456 | return=-72.73 | steps=143 | track=25945210a233ad1aa0634948da1284f3
global_step=335456 | return=-138.19 | steps=130 | track=3e579c7c4cf0bbe2639063c78bbfa94e
global_step=335568 | return=-17.68 | steps=171 | track=233af380582f65f03fe49735cbb4e004
global_step=335584 | return=-72.02 | steps=74 | track=012bddab2aded5d5e477783bf3db8ba0
global_step=335632 | return=34.51 | steps=74 | track=2a23d9a5b881c17b1f7645331c4bd949
global_step=336032 | return=-140.75 | steps=130 | track=86dbf7c62358630f8a6ec491d8856af4
global_step=336224 | return=17.33 | steps=67 | track=01154325244282c11545923d1aa7ebe0
global_step=336528 | return=-123.59 | steps=131 | track=af4d343b5cb25974fb014d6b5ce85127
global_step=336672 | return=-133.18 | steps=131 | track=34308f341d11dd4bc92295bd812c38aa
global_step=336704 | return=-87.69 | steps=77 | track=41b95ed0c6e05e967dedd6e8bb24f805
global_step=336736 | return=-121.05 | steps=101 | track=46dd5be51d890be8b06272b8b76d161a
global_step=336944 | return=-74.96 | steps=100 | track=661beaf90b544bea0eacccc69843ebbb
global_step=337024 | return=-158.63 | steps=131 | track=28f2d7015da81461a2ad18b876664d9e
global_step=337024 | return=-146.08 | steps=131 | track=eaa2f7a3de110d3264c7694918f41043
global_step=337440 | return=-152.64 | steps=128 | track=c8a1e0028a78abcdafeb1f37e47a3468
global_step=337504 | return=-133.96 | steps=131 | track=a841d50d30c4975bfadecd6867d5b546
global_step=337552 | return=-59.54 | steps=171 | track=bf4d9e3ef59d2d09678789e3bdcddb63
global_step=337680 | return=-144.84 | steps=130 | track=ba07a5ab81176b2bf198de7f819c3573
global_step=337728 | return=-155.53 | steps=130 | track=e83950ae539b7e229fb5cd43570fac5b
global_step=337856 | return=17.68 | steps=69 | track=c288137c301aefd76be52e9d2e117d72
global_step=338048 | return=-151.89 | steps=161 | track=6780a44118646f89d2410d39aed34727
global_step=338080 | return=-58.81 | steps=87 | track=37380b524f9e5a82c9a112c2514a3e65
global_step=338192 | return=-43.13 | steps=42 | track=d09792011fc98e913ed8bad3af398319
global_step=338192 | return=-51.20 | steps=134 | track=80280dc9f34ffad6c92d97516f2503a0
global_step=338592 | return=-6.40 | steps=188 | track=6a66749c25173116ffc050f6b9c9194f
global_step=338656 | return=-138.69 | steps=132 | track=ba43ac1529c365d9849f6e948bafad90
global_step=338816 | return=-159.87 | steps=131 | track=ffa3b89dfd60ce013f49f26227a78c9c
global_step=338832 | return=-22.93 | steps=71 | track=b5cddf8d5ccde91c34abf1434d670550
global_step=339008 | return=-109.39 | steps=90 | track=c63e689df6dcfd53d93afa213082a006
global_step=339088 | return=-18.96 | steps=55 | track=1164f9f3f895e32850e06e56f71f0ea3
global_step=339120 | return=-150.31 | steps=130 | track=efc280957e1dbb59f0164661c42dd6ff
global_step=339232 | return=-0.05 | steps=71 | track=105894e6dd6fdd31daf3eb8231578f19
global_step=339520 | return=-70.21 | steps=155 | track=392a5ead144498501f776405f7cdda32
global_step=339536 | return=-165.39 | steps=130 | track=8786c1a80d395d114886be2f2fb9d528
global_step=339696 | return=-22.91 | steps=68 | track=67a3303bba084d94a8197e1cc01932c2
global_step=339968 | return=-138.39 | steps=131 | track=e810d3a1f5cb06d3ef7639d15eaec25c
global_step=340160 | return=-134.94 | steps=131 | track=9897449932c4cf0efd70e259d2eb018f
global_step=340304 | return=-142.10 | steps=131 | track=f53830bc8f0a235fe14dfc16f556ffe2
global_step=340528 | return=-51.70 | steps=61 | track=c624a952bd5457f0b62be27e9d6e38e0
global_step=340608 | return=-178.60 | steps=273 | track=83b4f5b7e01ab59a488571a04acf6af7
global_step=340624 | return=-69.19 | steps=111 | track=3ecbf45455c9ff73c3a0199870c89809
global_step=340624 | return=26.11 | steps=68 | track=05a1eb2c06a5be48efcda44445e790bb
global_step=340656 | return=7.72 | steps=182 | track=135ef11d44cb1572101d7904f008d2f3
global_step=340768 | return=-140.68 | steps=131 | track=b8042da7daecf436beb029f804191fb8
global_step=340928 | return=-66.66 | steps=131 | track=fc30fc389fe14d1d77745e4bd7b10630
global_step=341200 | return=-142.10 | steps=131 | track=8de7e193675d9d29fc89bcde87d2faa8
global_step=341344 | return=-153.39 | steps=131 | track=eada32426dfce4486eca5bc2745e2b6b
global_step=341376 | return=2.67 | steps=66 | track=a0d7cf9cf335332d0dbb8745ddf41967
global_step=341456 | return=-193.66 | steps=281 | track=baba1285d981708a9ee42ab9d5420f97
global_step=341568 | return=-33.74 | steps=58 | track=186af5736be8e4067c58bf61c2a57526
global_step=341616 | return=-20.66 | steps=62 | track=c3efaa3cd5b9a5a127fbd7e24005a27d
global_step=342064 | return=-111.64 | steps=130 | track=fba82f07078c6baea6b17694ea900c32
global_step=342096 | return=-106.07 | steps=89 | track=2f1fe85653942cce8f4b41461ac79af2
global_step=342240 | return=-98.98 | steps=158 | track=a6c98f84aa172d5b11a72fd764e57c17
global_step=342272 | return=-144.76 | steps=131 | track=8ac07b6824e9c2d295a7d512c62afc52
global_step=342560 | return=-55.00 | steps=221 | track=e544ab48acfb81ea9ab5dc803ca43734
global_step=342624 | return=-147.39 | steps=130 | track=132aaa19553a978435fb71afe33d7939
global_step=342720 | return=-139.88 | steps=130 | track=5bc8d9116b5160a5c2293bc811155a72
global_step=342736 | return=-215.16 | steps=225 | track=6fddb2fb265a8f31cff3bc503f7b7254
global_step=342784 | return=-28.53 | steps=89 | track=6d84e308ce5ff8861edf40c73f7ceb96
global_step=342880 | return=-157.55 | steps=131 | track=f9c8da32927ccf86f008c35af74a0ed3
global_step=343040 | return=-140.29 | steps=131 | track=8d086c5e8fb01870840eb33c94340bbf
global_step=343104 | return=-63.40 | steps=92 | track=77ab20bfb1a8ce96a4e0d2320b6b2df7
global_step=343488 | return=-148.12 | steps=131 | track=a7b63b0930deb4bdba6406789e7a0f6b
global_step=343680 | return=-136.11 | steps=131 | track=8718f88ee8a31e18594938d572dfc088
global_step=343696 | return=-89.69 | steps=155 | track=94e654971e08ebadc231caf80f479c58
global_step=343744 | return=-69.34 | steps=104 | track=c84d3aab774abf8b27ab8d8cf9344812
global_step=343776 | return=15.86 | steps=65 | track=27ed17f0d1f9aae4046d99ffd6f2c0e8
global_step=344064, SPS=69
global_step=344352 | return=-144.36 | steps=131 | track=fd525f30e98655ab985a6b919799fb55
global_step=344384 | return=-137.93 | steps=131 | track=d74463eeef87496d5cbf7c95395c2094
global_step=344432 | return=-64.80 | steps=42 | track=a538309d2aa5169873bd01287f3b9eae
global_step=344608 | return=-54.72 | steps=156 | track=4d6a02695344acd383b480143306cdcf
global_step=344672 | return=-143.45 | steps=131 | track=c7c434c18fa83be97003ed1821a56e1a
global_step=344704 | return=-11.58 | steps=63 | track=99328cf18af0e18227525d96a5db3d20
global_step=344752 | return=-59.43 | steps=65 | track=8d44b61354e98407fa7964b2996c669e
global_step=344848 | return=-116.50 | steps=131 | track=205645adea8e71fb43830a158e0bb67b
global_step=344896 | return=-134.80 | steps=131 | track=1056e9dbf176490d44e9c9e26b4ef1a0
global_step=344992 | return=-148.99 | steps=131 | track=4433d9b7e423ddf73036e5378bf19de8
global_step=345136 | return=-144.40 | steps=130 | track=4e3d4444e6608558d13917ab48bf8f79
global_step=345184 | return=-127.87 | steps=232 | track=0d41a51676c95a8974cd5ba49990cde5
global_step=345216 | return=-143.01 | steps=131 | track=30017437b6ee9af5298325d532ce300d
global_step=345280 | return=-41.95 | steps=165 | track=112f7946bfa086860502eb63377a1061
global_step=345600 | return=-130.71 | steps=131 | track=076f9f77dbbf0d2e2ef4a5951630beeb
global_step=345616 | return=-100.31 | steps=114 | track=2b4fe822e3ef0c78fcfbf1da0044b338
global_step=345824 | return=7.87 | steps=66 | track=a5c180e7e48fb1365c6e2fe14aba6add
global_step=346336 | return=-125.04 | steps=107 | track=87185537d625c77d9b01aef6a8398156
global_step=346352 | return=-67.18 | steps=122 | track=3402b4e8ae76b027166342417eb7f83a
global_step=346480 | return=-45.78 | steps=53 | track=1b74788670c3a1720ec02ffd1e278d7a
global_step=346544 | return=-141.53 | steps=131 | track=17e7c00149170340fc42dc849b802e8c
global_step=346624 | return=-116.59 | steps=101 | track=615740154d6f38383c089e9ef885488e
global_step=346672 | return=6.85 | steps=66 | track=5f5c47e36769ba5b75049db3ff4e2e08
global_step=346720 | return=-104.21 | steps=89 | track=9b696ac2e6e878286a5aa8318cd3ad47
global_step=346784 | return=-145.47 | steps=131 | track=cc8f5fa40955605aadcc56c10a0c7b80
global_step=346896 | return=-132.30 | steps=136 | track=023bf69dba32f86aa9eb5fe7bb194e9c
global_step=346960 | return=-147.96 | steps=131 | track=e17b3c5218960a5aad94d0f91920d7f9
global_step=347008 | return=-142.61 | steps=131 | track=bc256a9906b60853c0136790ba659406
global_step=347296 | return=-144.36 | steps=131 | track=9351d7dd7ba09c3d5e06cc55caca6efc
global_step=347344 | return=-157.07 | steps=132 | track=e911aafddc022ed910e3aa0978707f79
global_step=347536 | return=-123.35 | steps=149 | track=bbc9acd4f056bf2868b4a6d41f9b6954
global_step=347776 | return=2.60 | steps=68 | track=57c72496a00ace12cbf2e405ea4eab23
global_step=347792 | return=13.31 | steps=66 | track=c0499a42a61b177709a413a86f500a84
global_step=347824 | return=-7.07 | steps=79 | track=c55f613504a4a5bc0b54172f5fda9958
global_step=347936 | return=-137.58 | steps=131 | track=8646ed84b51a6ff85d7c0c579c30ac8c
global_step=348096 | return=9.09 | steps=67 | track=07f74e43cb52eb9193e1165426cd8ff6
global_step=348448 | return=-136.39 | steps=131 | track=e13db9351d7163e4ecc0e1586be4f91b
global_step=348464 | return=-136.23 | steps=131 | track=6a7b228d26c4fbba902e7c03bd091075
global_step=348736 | return=-145.18 | steps=131 | track=fd19fde775ad4011dc0fe5b8b5db8bc4
global_step=349008 | return=-140.76 | steps=131 | track=b8766bb119ae7f4b38c56634565275e6
global_step=349040 | return=-75.11 | steps=292 | track=8f51d462af51247120accac14d57c43a
global_step=349056 | return=-24.89 | steps=76 | track=98374f6e6089b9cceb6a39b0879b35cc
global_step=349072 | return=-133.24 | steps=131 | track=f84c34c16949a00186143eae1e86e607
global_step=349168 | return=-72.81 | steps=148 | track=05577af61396c175379b746a604e556e
global_step=349264 | return=-80.75 | steps=92 | track=4efcba40b71cd08dd126891c33fbe731
global_step=349392 | return=-145.82 | steps=130 | track=5a8aaf60abe7061aff0c1472037f26c0
global_step=349456 | return=-148.21 | steps=131 | track=0c93e56129cec9183b0cda9820b2e92a
global_step=349648 | return=-133.05 | steps=131 | track=5c20b313341cb0e5e18ca961b937f8b9
global_step=349888 | return=-141.90 | steps=130 | track=cd7f61d86e0ff96d464fe5d0aa6db20a
global_step=349968 | return=-74.69 | steps=93 | track=64e85c5737c276db5e4404c0d841218a
global_step=350032 | return=-156.22 | steps=130 | track=9d1f74db562d7863e470991d05a3a416
global_step=350064 | return=-9.49 | steps=62 | track=4f1a7b3ef32c1e92e65ac08daa248da3
global_step=350208 | return=-149.40 | steps=131 | track=410458283e8b18455cd642b42c82fd03
global_step=350544 | return=-146.33 | steps=253 | track=b71f780836eb829a6abbb1b07a4b2403
global_step=350864 | return=-130.24 | steps=115 | track=133eb0adb66e34e5b60eaefcea99af64
global_step=350864 | return=-135.72 | steps=132 | track=d60320a3575c38649d8e4ad25ec98de3
global_step=350928 | return=-70.71 | steps=109 | track=6bb25375766d7e2c4349ff46f393a7c0
global_step=351168 | return=-158.49 | steps=132 | track=0a4a29ab6f4a7ae35429a3621f1d2447
global_step=351184 | return=-157.18 | steps=131 | track=87a50f40cc9f4e7fc22ac228aab011e5
global_step=351216 | return=-3.86 | steps=62 | track=dfb3aecbaf56c15ef69df8719037cf30
global_step=351376 | return=-116.60 | steps=131 | track=0de8bf35e0be9821576c63175977ea1a
global_step=351504 | return=-143.35 | steps=131 | track=e7cadb696a2a71d31d460654e9095852
global_step=351568 | return=-150.79 | steps=131 | track=b61b2afb86f0da3c15d7712dd844f300
global_step=351760 | return=-126.29 | steps=131 | track=4fdab8c3000b0332d7d402ad70a6bafa
global_step=351872 | return=-85.62 | steps=213 | track=23e467f5137b7e9ba518b053e0a88980
global_step=351968 | return=33.37 | steps=68 | track=c52c104fe430a01c9830cf4e95d08706
global_step=352080 | return=-147.81 | steps=131 | track=2d8b34ff4deff511b920fa3883f470aa
global_step=352144 | return=-135.58 | steps=131 | track=ad92aa8c9b52256cae53db23d6476bfa
global_step=352384 | return=-17.15 | steps=62 | track=7417fcd02328a4a5d0440067c8830ddb
global_step=352560 | return=-46.01 | steps=42 | track=5b26a07e420ee3f5668a988258fc12ed
global_step=352592 | return=-18.25 | steps=63 | track=a47e40e12ff35d9191d902f3fe114ab9
global_step=352640 | return=-138.60 | steps=130 | track=b7b69c0929ecbb35b30baf13e6aaee80
global_step=352656 | return=30.69 | steps=111 | track=8b6d8a96959b9bb18f4b3dde18936c34
global_step=352656 | return=-106.21 | steps=92 | track=3c1be8df1970273d94accc7bf2bb2890
global_step=352736 | return=-115.42 | steps=96 | track=e35d682f3403ac0ac99378f6fe636428
global_step=352736 | return=-143.55 | steps=166 | track=2931e8ac07a9f8a8aa4f4cc35c3be895
global_step=353024 | return=-129.40 | steps=130 | track=b083f40310728919870179374e2dd905
global_step=353312 | return=-169.80 | steps=130 | track=3d19f7401bc9fef89d6058942a5a8937
global_step=353392 | return=-119.80 | steps=101 | track=19cc4ce11126c6348dc1be6a31224add
global_step=353440 | return=-59.71 | steps=49 | track=3568a0a2b02fecf6347a962ad5ae596b
global_step=353472 | return=-58.71 | steps=45 | track=50f4d1166ff2f7d9b5990fed098aafcd
global_step=353520 | return=-34.05 | steps=48 | track=738530ecc6146afeb25bd216b22d408b
global_step=353632 | return=-161.08 | steps=132 | track=b766c3c77d3907827a939af1b1c98bc8
global_step=353664 | return=-105.28 | steps=105 | track=9ad422f3ed1599409d60c63954124734
global_step=353808 | return=-67.72 | steps=103 | track=d824ad5f9937a4f10c9b919601ae5803
global_step=353968 | return=-118.41 | steps=98 | track=71f2aecc818c55a9067541236290055e
global_step=354032 | return=-108.38 | steps=89 | track=d41e1cf92fa7f60294f8092bb2204806
global_step=354192 | return=-137.13 | steps=131 | track=6495f30afcbaff15af8071b308a1fde9
global_step=354240 | return=-144.49 | steps=271 | track=b2843f0f4b5a785d2e92d9eefe5dfcc7
global_step=354528 | return=-79.10 | steps=93 | track=c8c0547c2ee3505b06030d710f897a81
global_step=354576 | return=-53.66 | steps=47 | track=3b7887d73448753b8eb1e38d749ea755
global_step=354624 | return=-18.29 | steps=68 | track=ab487e4c98ab7be18aceef7f5c493745
global_step=354672 | return=-133.56 | steps=131 | track=33a0789b02e7cb93db9f91c8b231312c
global_step=354768 | return=-141.53 | steps=131 | track=4dfd1100f4504141828f192c417df4b4
global_step=354768 | return=3.00 | steps=68 | track=0a34542b1b7ddc1c1e238d20fbabff47
global_step=355056 | return=30.80 | steps=67 | track=fd520261ee872749f4ef8478fa2559c5
global_step=355248 | return=-23.59 | steps=41 | track=adce5f89624ff41159a0ac75cd907b7c
global_step=355424 | return=-134.01 | steps=131 | track=a52776a03c159101a5717c1c8035577b
global_step=355488 | return=-146.60 | steps=176 | track=b0ee3967941a6dfeb559ef19510bbaea
global_step=355536 | return=-143.94 | steps=130 | track=6eb1e84f97e7fb7e62e77c75108285fa
global_step=355568 | return=-39.82 | steps=49 | track=6ce7892555a38223a55c8cdb5f5dd915
global_step=355584 | return=-130.60 | steps=131 | track=0c83104146457dcd2fccad47bfb3eae7
global_step=355760 | return=-79.03 | steps=132 | track=deb87ae94ea765fec11e9403e464f49a
global_step=355872 | return=-32.70 | steps=154 | track=eae3049ee177e316e0f1ae88bf878973
global_step=355984 | return=-120.10 | steps=90 | track=369533e775bb3a4516a6099d152465d8
global_step=356144 | return=-145.18 | steps=131 | track=e1365fdd7325b83369a934db3198f9a8
global_step=356304 | return=-151.40 | steps=131 | track=5c2d544eef4af00d58133c750de2b80d
global_step=356336 | return=-68.59 | steps=46 | track=6e501871dab0eeebcdd68769559924a5
global_step=356336 | return=-48.96 | steps=56 | track=512589d609e500a041dba3d97e393b69
global_step=356336 | return=-134.48 | steps=130 | track=1c7a81eca31500c6e73de90ba2699432
global_step=356576 | return=-61.31 | steps=112 | track=21a3cd236c4e74a623f7b8762e777871
global_step=356688 | return=-54.62 | steps=43 | track=6a5f37e241560d257ddb4ac4c93d8060
global_step=356720 | return=2.44 | steps=76 | track=0a1d9151389db5a505c9c7daa51e9c82
global_step=356736 | return=-133.56 | steps=131 | track=823493baa280e933b3fc78c1b08111ec
global_step=356768 | return=-146.78 | steps=130 | track=66ad2b4f8ec49450ec10e5ec08d0b9b6
global_step=357216 | return=-110.34 | steps=104 | track=e932ab38723955c671abae4d716c5202
global_step=357520 | return=-37.79 | steps=75 | track=9b6871548c384b56646e7d7366dc55ae
global_step=357760 | return=0.95 | steps=63 | track=8120f3b4146ca048ae14905d07364e47
global_step=357776 | return=-9.81 | steps=67 | track=21d6a36a53eb84e4aeff5269c1f8ed72
global_step=357872 | return=-43.89 | steps=163 | track=47148fda4b3f7990aebeb6b4dd47226f
global_step=357920 | return=-57.59 | steps=146 | track=6fbafa2e7df8d97359706e62e64093ab
global_step=357984 | return=10.86 | steps=87 | track=4793af0f81b079870e33f3b40d4e8d2e
global_step=357984 | return=-137.32 | steps=131 | track=7cf657b55671fa32f80a7c617817f987
global_step=358416 | return=-162.95 | steps=165 | track=b55365c3890788b37ace789c97d5940d
global_step=358432 | return=-141.13 | steps=130 | track=191b5f7db89f921202c36a6f599fbc47
global_step=358448 | return=-136.25 | steps=131 | track=97a499fec9e35f1de4d60138dc602823
global_step=358544 | return=-128.35 | steps=110 | track=c83d96eeb26e928266e9feecb3d16f4d
global_step=358832 | return=-138.67 | steps=131 | track=ecb38b44d5da41ebecd97e0ab285dea7
global_step=358864 | return=45.20 | steps=68 | track=cee9fc997e5ae2b12d339489b074d930
global_step=359264 | return=-188.27 | steps=182 | track=0f21d43f484e5d7610db8ce60fb8d65f
global_step=359328 | return=-139.99 | steps=131 | track=3dec954e49d76a7d5c23190b0928966d
global_step=359488 | return=11.51 | steps=66 | track=f5e1ce35cbf56c197fba616c4f2836e1
global_step=359568 | return=-35.92 | steps=213 | track=a3134ce7bb648f7959cd4cd31459360a
global_step=359632 | return=-141.16 | steps=131 | track=f308aa1d76f7161b85a9e327b9a20dc5
global_step=359888 | return=-135.36 | steps=131 | track=c0ef7a7f142d23a02a92ddd55a812e70
global_step=360032 | return=-54.74 | steps=47 | track=a74987b948a12a108e19e65db38ab308
global_step=360096 | return=-141.51 | steps=131 | track=c369cc3c1108280a0a076ea4f9bf30e6
global_step=360096 | return=-148.81 | steps=131 | track=8e59f695062b7eefceeb6baf8845d838
global_step=360336 | return=-105.29 | steps=150 | track=064412b1f100daeee1d900d5fd76e51b
global_step=360448, SPS=68
global_step=360560 | return=-155.18 | steps=131 | track=be463733d87b82684777f641f2bc1841
global_step=360656 | return=-139.18 | steps=131 | track=8485ae0a510625208dc1d2357ee5824c
global_step=360656 | return=-3.65 | steps=63 | track=28417162369341232aaf4658452f0b5b
global_step=360688 | return=-104.49 | steps=140 | track=ff8ceae7f284a3c000be4df95ef223c5
global_step=360768 | return=-6.48 | steps=89 | track=5222b5d6e9f4c142ec005832ac826598
global_step=360944 | return=-140.20 | steps=131 | track=ffce60853801b6d36d8cdba074983190
global_step=360960 | return=-148.78 | steps=130 | track=5ac23b4585d20667be2226dbea86b924
global_step=361136 | return=-74.38 | steps=64 | track=7ac3addf650011628b124376a7157bdc
global_step=361280 | return=-70.55 | steps=77 | track=9bebbcca169882c9d32e98ea955dc702
global_step=361536 | return=-65.39 | steps=60 | track=67e3f9c9027b33e4f839093bef6d0711
global_step=361680 | return=-145.11 | steps=131 | track=0f32382a8410099768e153e742b40a82
global_step=361760 | return=14.79 | steps=68 | track=58f988cbb88032e9a81bcf91dee6017c
global_step=361824 | return=-86.87 | steps=145 | track=4bbefb31d3502b6efe6c6772fc79f263
global_step=362000 | return=-144.33 | steps=131 | track=3059e21721fb5fabda0ba1e03a31f606
global_step=362208 | return=-136.39 | steps=131 | track=c60732dce73ba9e71e37008324dea6bd
global_step=362368 | return=-163.66 | steps=456 | track=9805629aacb9ef20b709c78dc5dd1073
global_step=362656 | return=-69.21 | steps=124 | track=8465c7e60470000b4c3371b8b771c489
global_step=362784 | return=-143.04 | steps=130 | track=e041239222e409342b3db5fa1956873e
global_step=362880 | return=-139.12 | steps=131 | track=70960175f3e64a28177451737011ec84
global_step=363056 | return=-149.94 | steps=130 | track=b0cb6536278c15c2c19740e0fcd49b1c
global_step=363056 | return=-138.19 | steps=131 | track=3f10f5831b59db84823ce434c1d30b3f
global_step=363248 | return=-140.68 | steps=131 | track=b5e51b5aca288ed697ddb24ffc3573cd
global_step=363312 | return=-0.24 | steps=68 | track=c3fddb273740cdb3fde929db902e49b2
global_step=363392 | return=-126.06 | steps=131 | track=ad1f3491d8d0188ef1576be91d42e770
global_step=363648 | return=-130.80 | steps=131 | track=5267c6f4c6e7d51ea20bd93bc675299d
global_step=363776 | return=-138.60 | steps=130 | track=c939118aefbc24c3c15afa090c9ef58f
global_step=363872 | return=-150.37 | steps=131 | track=c69408291c6c3d60ed1cbf0ba117f710
global_step=363936 | return=-147.86 | steps=131 | track=d8ee4911dba6866d45bedeae33fe8d52
global_step=364112 | return=-160.57 | steps=235 | track=22189b4513d96a41f99f4db56b1ef905
global_step=364128 | return=-5.15 | steps=66 | track=ae45d9de2a0bc2ab6adfcf4b21a0351a
global_step=364480 | return=-61.69 | steps=154 | track=ee530853b5c2945d6b698b0a69c4babb
global_step=364480 | return=-137.41 | steps=131 | track=ccbb4d888088e88630c0c5d941b0eea2
global_step=364640 | return=-54.06 | steps=43 | track=6001f54245c409717dbf62080bc184b4
global_step=364800 | return=-24.19 | steps=63 | track=59ca7d64db322af07fc2739cd20377fa
global_step=364976 | return=-142.60 | steps=130 | track=86aa9c780e7e65b6315e0e6249e7e56f
global_step=365168 | return=-106.76 | steps=131 | track=642e08a914e03eab2883dc763b403d80
global_step=365248 | return=-138.22 | steps=115 | track=865fdd55e23a1b2eb6d417fb726ae913
global_step=365408 | return=-141.79 | steps=130 | track=3b0a45e7a5b48d2fd21dcc1b98e09fe0
global_step=365456 | return=-99.79 | steps=137 | track=762fedf61008d673d8db1c0061009b85
global_step=365504 | return=-127.49 | steps=177 | track=46f3c57ee4f08b3d7c6c82b8889559f9
global_step=365680 | return=2.45 | steps=64 | track=18ad27a23b74ce7247ff6a17777a329b
global_step=365696 | return=-199.74 | steps=488 | track=f5f6b36ddd5f76b318a61991f93631b3
global_step=365760 | return=-154.05 | steps=131 | track=5e4bc3b97301bbb34957aba3050fbbbb
global_step=365984 | return=-138.05 | steps=131 | track=53da2714d35c0e6fa9faddc534d8ab54
global_step=366224 | return=-137.56 | steps=131 | track=811e240af13a9137c2239906ff2d268f
global_step=366224 | return=-138.18 | steps=130 | track=aa15383272a5eed89e6c2994b08d1352
global_step=366512 | return=-45.79 | steps=232 | track=f0a1da3dd30349604b24ea4cbc002c31
global_step=366576 | return=-143.59 | steps=130 | track=2826f5487c8c19a6c7a583ae683cfa4f
global_step=366592 | return=-143.59 | steps=131 | track=f619d0e0d39de3ba96990b4fa307c6db
global_step=366896 | return=-128.96 | steps=130 | track=7e072a0b343186868adbf0623ed8c2ed
global_step=367200 | return=-108.00 | steps=89 | track=d49ebc4a8b11d5bdc4b01e48a6c58a91
global_step=367264 | return=-154.64 | steps=130 | track=52289c80f8cd6fa401aea880f525a56b
global_step=367360 | return=-139.20 | steps=131 | track=abc8dbbb5615f69f96ba89a61719f1a6
global_step=367520 | return=-140.47 | steps=131 | track=bbf2b372c7341826e0c47572108c379c
global_step=367568 | return=-153.21 | steps=131 | track=9f77b15a0809b3c45bb29590067d6662
global_step=367600 | return=-155.06 | steps=130 | track=755e1e59ecf1afc35dad07a719e1a9e6
global_step=367632 | return=10.57 | steps=65 | track=4841f98960342c6a65e0787e5baaee09
global_step=367808 | return=-139.36 | steps=131 | track=c7646a19a3a09bd1ef2185b054612235
global_step=368096 | return=-136.03 | steps=131 | track=feff017fe53529c684e0b20a4f97473f
global_step=368256 | return=-44.26 | steps=42 | track=79d6a5f902b48d4a66576a750eb2a01a
global_step=368336 | return=-75.64 | steps=60 | track=7d61a05e52b19cac5da8a1f09fec4912
global_step=368336 | return=-144.75 | steps=131 | track=50f5c667c9f67a94ecf0f20a8738a33f
global_step=368576 | return=-59.40 | steps=146 | track=6c9c4c7af541d31543e01f1386353aef
global_step=368688 | return=-43.98 | steps=92 | track=3c5fb5183c40ccd06db5552c99e3b751
global_step=368832 | return=-7.20 | steps=74 | track=aacd5e600a90ddf0ea3fbd363e28c651
global_step=368848 | return=-112.64 | steps=241 | track=51532f0153df6bfbc332ae225ac7e0a1
global_step=368976 | return=-80.19 | steps=148 | track=1879292bc9fcaa34ae95571901d05769
global_step=368992 | return=-64.28 | steps=45 | track=251816f2a907b2e73435c1d5ef847d6e
global_step=369136 | return=86.82 | steps=163 | track=52391205469d116400402cd0c8553e99
global_step=369216 | return=-60.00 | steps=54 | track=9dd53a6552e9f6957659777749e6b643
global_step=369232 | return=-195.19 | steps=221 | track=f3d792fc5236845aed4252481cb7f7ac
global_step=369376 | return=-130.73 | steps=131 | track=2eae0ee88ef6a4c75cc22e75559075a4
global_step=369424 | return=33.20 | steps=67 | track=ca7f0c355c9b4a4ac42fecf22c6757cd
global_step=369584 | return=-52.81 | steps=45 | track=bf2175a34f245c9124d686c922f82726
global_step=369632 | return=-144.54 | steps=131 | track=555e3774dc4bdc61511e3e26ae57c18a
global_step=369968 | return=-61.37 | steps=45 | track=29771b627b58e0fb6f711d2951318e25
global_step=370016 | return=-165.68 | steps=194 | track=b222571828f4950952a89873dd3924b8
global_step=370144 | return=5.38 | steps=71 | track=a99792e66a6ae6a3b4e6bec625f14ca7
global_step=370144 | return=-123.38 | steps=158 | track=f5c13ab52a13c0ba27bf182a9e4eec8f
global_step=370208 | return=-140.50 | steps=131 | track=e046a7e9abe7243e0da43730a638524c
global_step=370256 | return=-138.26 | steps=152 | track=b6a3ca58aaba0c36ae5ee07f16164c05
global_step=370432 | return=-72.82 | steps=62 | track=ad7d52d6c663c033c49ed9f31bd5d763
global_step=370672 | return=-141.38 | steps=130 | track=6b20cebb5ef21e832f0d9f09de0de784
global_step=370800 | return=-146.00 | steps=131 | track=fca4a11fd22acca8060d145232b30f72
global_step=370928 | return=-145.07 | steps=130 | track=949bb76463e659b8aa80683e71a9c617
global_step=370944 | return=-62.43 | steps=107 | track=7e89327ac5e36280a74d2a95e595322b
global_step=370992 | return=7.04 | steps=63 | track=efad8d92d1176d66b68f4a3de10b209c
global_step=371104 | return=-141.66 | steps=132 | track=f55d4e7ebb47154abb4e142064e78693
global_step=371248 | return=-140.98 | steps=131 | track=16ab9bbb4ba02463f0186c24bc609ee3
global_step=371248 | return=-1.82 | steps=76 | track=3554eebffa553e9988dffc7d12be178c
global_step=371696 | return=-141.87 | steps=131 | track=cf8b2399b5f9d9b6e168cd04efee6db4
global_step=371696 | return=-84.31 | steps=144 | track=2add8448014ae4dc43a4ccce4693db39
global_step=371744 | return=-131.90 | steps=131 | track=e3d11d20d0a4b0e89db59a2fe539f3e2
global_step=372000 | return=4.41 | steps=65 | track=6afdc489ed81be3d489cabaa655f8b59
global_step=372256 | return=-136.60 | steps=131 | track=93a1ca8e8f4fa0f82b4e323fd22548d9
global_step=372256 | return=-154.59 | steps=131 | track=ecc1ba472f5f653f0eb9ee0f6c299637
global_step=372288 | return=20.93 | steps=64 | track=ed343fe674978d4440e9495508cb48e7
global_step=372320 | return=-148.17 | steps=131 | track=eed62a1f2ca55f58a813c5cd3edfc1fd
global_step=372368 | return=-136.25 | steps=131 | track=be612e7b87dc34a688ec8476776bb1ac
global_step=372576 | return=-93.32 | steps=110 | track=640e41cad036a034a4c7e8884e84630c
global_step=372784 | return=-146.10 | steps=131 | track=dd28e5ab3fac099d45067107393785ec
global_step=373040 | return=-136.25 | steps=131 | track=518cde39f991d38f5cb722ce30582786
global_step=373104 | return=-149.79 | steps=131 | track=b3a6322115224c0373069f2516d9cd9c
global_step=373120 | return=20.17 | steps=69 | track=fab6f9092938aafc2a976f80775d5851
global_step=373216 | return=-139.63 | steps=131 | track=326e5fe4ef03db752d8809c8e8e472c8
global_step=373312 | return=14.17 | steps=65 | track=1350c5065cff11c83788a2b4389a8dc9
global_step=373344 | return=-147.52 | steps=130 | track=4c1a2f8b336af272da9b985863969616
global_step=373568 | return=-177.20 | steps=195 | track=17d1ef00811508b1da835b687805ca6a
global_step=373792 | return=-150.58 | steps=130 | track=363c21a43d5ece7f7463c73db627dca4
global_step=373808 | return=-136.91 | steps=131 | track=e42741e355d2ec75f440ed694c6e39b5
global_step=373888 | return=-105.09 | steps=94 | track=c79e042ee4ad683c0c8e63ccd9150ccf
global_step=373952 | return=-102.22 | steps=137 | track=4fd26e1cf36111663537100352c2f40d
global_step=374160 | return=-18.72 | steps=64 | track=b6104e863297740006dca102b6c48321
global_step=374304 | return=-5.79 | steps=67 | track=354e08faf6b8db4ac5bf9f55366c8eb7
global_step=374432 | return=-136.13 | steps=131 | track=a39ccbbe8f4e419bc32db66a73c7bf38
global_step=374464 | return=-12.29 | steps=135 | track=e7f3d537b3cfa616a09733899c5f23d3
global_step=374592 | return=-135.20 | steps=112 | track=7ba658999f92a372c91457a5f546a89c
global_step=374688 | return=-138.13 | steps=131 | track=237ef9111839b08f1531ec27edae1bc3
global_step=374816 | return=-124.69 | steps=106 | track=f81195e857ce8d882d4c93a60dbadc60
global_step=375152 | return=-140.94 | steps=131 | track=c8f18f143819b1c94b5806ce540df575
global_step=375456 | return=-145.60 | steps=131 | track=a385c93787948075b08cfbeaacaffe42
global_step=375888 | return=-215.94 | steps=226 | track=01aef2cd01961f70f8ce5d16829780ef
global_step=375904 | return=-138.90 | steps=131 | track=621f4fc2a926e8677945a9f7517f6fc0
global_step=375952 | return=-115.31 | steps=148 | track=8e45fc20c9821d2ea48d500227c8c842
global_step=375968 | return=-80.69 | steps=93 | track=05b453f966f874cd3c367377d3821c45
global_step=376000 | return=-141.51 | steps=131 | track=60fc6f0ebb096f57b9ee1200f42d6af8
global_step=376048 | return=-99.69 | steps=170 | track=c9999e7fc61a17055d45af6c489b752b
global_step=376192 | return=-134.15 | steps=148 | track=1391487114ee6092b9b1bda2a76e87f5
global_step=376256 | return=-138.54 | steps=130 | track=e615dd7ce037a5c4cdbe1e65dff53935
global_step=376416 | return=-138.73 | steps=131 | track=343d6cc051ed21c9ba12f4ebe9b735e0
global_step=376480 | return=-21.70 | steps=63 | track=a3c1ef63a308236c3df18776fc90ff40
global_step=376544 | return=-136.00 | steps=131 | track=b04cce48b67053570b636747fedf16d3
global_step=376704 | return=-150.54 | steps=131 | track=a620e81868ad34e7a9c9caa9f7f87efe
global_step=376800 | return=-141.87 | steps=131 | track=e2ecb639c36c80ea956646b770f9486b
global_step=376800 | return=-79.65 | steps=49 | track=8cf3aa42d091ad844f7bfb6f68a0f06f
global_step=376816 | return=-103.66 | steps=178 | track=c3354847f1acedad90446a66dff9694a
global_step=376832, SPS=68
global_step=377248 | return=14.81 | steps=65 | track=7db16065ee7b2818cbfe042223a753b2
global_step=377264 | return=-136.90 | steps=131 | track=03502b88268e190addcb8af0b84a0230
global_step=377360 | return=-20.41 | steps=54 | track=61cf6261c157fa97a3217ef73e4477f9
global_step=377408 | return=-73.07 | steps=93 | track=42df89093948a7e660a8c3ee8b8ab262
global_step=377520 | return=51.02 | steps=68 | track=b76953c470c38fea5809915ddf5354ad
global_step=377552 | return=-51.63 | steps=45 | track=06384f23fc00b1a1f653f31b2cf5a42f
global_step=377840 | return=-55.51 | steps=121 | track=33b6f8efec1e4cb00a88c00bb31913f3
global_step=377952 | return=18.20 | steps=71 | track=cbef2a4a5c51abacb0cea0b9e900d07a
global_step=378000 | return=-123.79 | steps=108 | track=d65c408222234c09db210a3b4cef8504
global_step=378016 | return=-49.89 | steps=47 | track=f1f41515e206d445761a80d2eba964be
global_step=378064 | return=-143.41 | steps=131 | track=c02396527bbdb0799ae4d82e95a2ca8d
global_step=378080 | return=-146.77 | steps=131 | track=5a26f8d84e1a46de9469b105e14b3099
global_step=378384 | return=30.34 | steps=69 | track=2db728407e9dd03c1daa5dd7a120804a
global_step=378560 | return=-25.73 | steps=156 | track=775e68b299569a325691d20f0a1426a3
global_step=378656 | return=-141.87 | steps=131 | track=d9077e680564f0b04d42dcdc2374a08a
global_step=378672 | return=-172.39 | steps=240 | track=f8861e7e4fc21fab72dc4f41d5bc2d1a
global_step=378800 | return=-150.68 | steps=130 | track=69758273099fcdddfea984ef10caa576
global_step=378912 | return=-102.20 | steps=131 | track=a6f427876606b89fad541044e6441f33
global_step=379424 | return=-70.72 | steps=91 | track=2f6cdb982281e30a456be6c8eacfd91b
global_step=379472 | return=-154.80 | steps=131 | track=31ed9c7b1f5d1e35e8b5c750580dfd9b
global_step=379520 | return=-149.66 | steps=131 | track=09437cbfce1f65a9afc172002b5433b9
global_step=379632 | return=-137.61 | steps=131 | track=14787552b8735c7c7b41df28da760e70
global_step=379984 | return=-122.49 | steps=151 | track=15cf8ef09b4fdb6cea6bc4687527d3c5
global_step=380048 | return=-63.14 | steps=86 | track=ea6956b21632146b9701fc9236849ac1
global_step=380128 | return=-131.20 | steps=131 | track=fd3f8d114346a031837c2c393e975afa
global_step=380288 | return=-143.54 | steps=152 | track=f64ee61a23ef4d6ec317a93e3dbd73b9
global_step=380352 | return=-83.85 | steps=146 | track=76042a09e5345f391c0e66dff4efbee4
global_step=380496 | return=6.48 | steps=63 | track=727a97178deb38cb681c70b316deb75a
global_step=380496 | return=-141.60 | steps=131 | track=2407576a6c8ce13c182de39acb9fd725
global_step=380560 | return=-125.49 | steps=155 | track=53b01cce2ba1b48df312de6987529d39
global_step=380688 | return=-138.18 | steps=132 | track=563838f2148eb0c28598cb346aaea816
global_step=380896 | return=-138.53 | steps=130 | track=caca24a47bf3783b1d0510097b0a1609
global_step=381024 | return=-147.01 | steps=131 | track=d9d1bf6ec23903a347f74408c0a24776
global_step=381120 | return=-26.26 | steps=61 | track=35e92e671a3d337f7ae4a6a8848549d9
global_step=381536 | return=-120.19 | steps=131 | track=dd6d6cb42d33fcf349f94cc56f6db91b
global_step=381584 | return=-37.72 | steps=218 | track=0940e5bfb1a22b1bbed6918b7b2b64e5
global_step=381600 | return=-45.12 | steps=68 | track=40477e08ae647ada695884658bef8b84
global_step=381744 | return=-132.79 | steps=131 | track=77610a32bd028cb249313a26af754a29
global_step=382016 | return=-27.69 | steps=155 | track=04bcc7677f031afda5eb972eaab07b4d
global_step=382112 | return=1.31 | steps=67 | track=110cce014f3127d8ee246daa70d1f48d
global_step=382160 | return=-132.87 | steps=131 | track=fa5a84980763c4a4d7a208037f1465bd
global_step=382384 | return=-65.76 | steps=48 | track=25a38d617ca30742c5b6990f2caca32a
global_step=382464 | return=-151.37 | steps=131 | track=7e15cd8ac6ae68c4a4aeac5f70fab399
global_step=382560 | return=-159.84 | steps=141 | track=fb0b244135277bda815a29785beca0a5
global_step=382640 | return=-112.46 | steps=108 | track=7d7784cbd9aad84ee92b745bdd3e230a
global_step=382672 | return=-135.76 | steps=131 | track=1100144682b37835bedd6d826be3a588
global_step=382800 | return=-148.46 | steps=131 | track=7567fa352092c398bdecd28b1e990199
global_step=382864 | return=-76.05 | steps=147 | track=cf1ca404c5915d1e6864def8e6f1e63f
global_step=382928 | return=-68.10 | steps=183 | track=c17242b7071fab6e555bb15be440706f
global_step=383232 | return=-138.01 | steps=131 | track=445c0ea7a8250ecda4cb58921296cb8f
global_step=383648 | return=-140.20 | steps=131 | track=39464451ae6555f2cbd893287170b6a1
global_step=383696 | return=-152.67 | steps=131 | track=8a7f2e762643bec69369a5223335fc5a
global_step=383760 | return=-45.20 | steps=80 | track=68d755310c125d1e8cf78a42422bd9d2
global_step=383984 | return=-101.66 | steps=139 | track=ebd5cc17872e2112ea0a9a0e451ac130
global_step=384128 | return=-139.21 | steps=131 | track=3488e86458e07403fcd17579f680af34
global_step=384224 | return=-140.40 | steps=131 | track=5b4a59be1dfd3891d22c6c4f1e4563ab
global_step=384272 | return=-133.98 | steps=131 | track=507f7346680a4a3e4f232edf7f97aa0c
global_step=384480 | return=-108.67 | steps=130 | track=29c6a7e2cc73fe17777972fb37aca3aa
global_step=384656 | return=-144.91 | steps=130 | track=fa9ad4cde164876eca190f2a99cc1107
global_step=384912 | return=-137.13 | steps=131 | track=8e8910c7318e93fe137b2584ca529ec2
global_step=384976 | return=-138.40 | steps=131 | track=de1162bba1c61eaac0774a117ff6d54b
global_step=385008 | return=-297.83 | steps=395 | track=93c15109bb1fd5f20fd2af85a94c2141
global_step=385040 | return=-138.40 | steps=131 | track=44649a46398f28340e602a3f7f9b1f04
global_step=385104 | return=-29.66 | steps=153 | track=126a346c64beb7e7b0c3083e982dfdfc
global_step=385280 | return=-15.70 | steps=62 | track=9e34dac8d85c8a8a43b44e63222e1d09
global_step=385344 | return=-146.41 | steps=131 | track=31aa55d4b0b3fe205b16ca59766a75f4
global_step=385680 | return=-52.88 | steps=43 | track=227964aefe01e674c91145f7d49193f9
global_step=385760 | return=-117.87 | steps=110 | track=d9b33c17888993df1e49d8b12fe0c40f
global_step=385760 | return=-136.39 | steps=131 | track=a853bb04b0bee7f8688539e2dbc4e693
global_step=385808 | return=-153.58 | steps=131 | track=6c422f6004f95ed92f5fac78c458cb7c
global_step=385872 | return=-140.53 | steps=131 | track=93a3754b0a832fca44fcd7333012a33b
global_step=386064 | return=15.06 | steps=65 | track=38ac88ba9bfcd3b7becc15f288adb9a2
global_step=386240 | return=-141.00 | steps=131 | track=438fc2a204d1d70a58f34c46e876c643
global_step=386336 | return=-135.36 | steps=131 | track=7bfef46dae46079636ec1d0f6619fe8c
global_step=386592 | return=-17.48 | steps=44 | track=537c883637d212c21bd3a0525ade9ec9
global_step=386720 | return=-67.06 | steps=139 | track=3786f32c8f4ce3e4faa6d97e92d775f1
global_step=386768 | return=-119.41 | steps=131 | track=ecaf9af359153990fb8c30df6a991104
global_step=387008 | return=-143.79 | steps=130 | track=bbffbe0592222f1a56dd0445b46a99d2
global_step=387040 | return=-14.95 | steps=60 | track=e785df4cff1362e8e5d67d5e4424b8de
global_step=387152 | return=-124.54 | steps=131 | track=a9806e459f6ea2337e30e1121e99c124
global_step=387440 | return=-144.34 | steps=130 | track=08d521c4677e07f8ad66c148b5196412
global_step=387552 | return=-118.43 | steps=141 | track=2b86656a11b24de0828bb69487000d35
global_step=387712 | return=-58.85 | steps=58 | track=8af28e55b6e7c521cfe8c4accdd6eeba
global_step=387792 | return=-138.40 | steps=131 | track=eb4401b3d5c7b34932dddae2bf5f501f
global_step=387856 | return=-125.23 | steps=100 | track=b6b12f6da46b12ddc56f1cd1e23897be
global_step=387872 | return=-137.38 | steps=131 | track=55ce506a5a3b0b63e674d296ebcb6893
global_step=387872 | return=-140.76 | steps=131 | track=eb7f9d760dbc3f57c089589b7d029de4
global_step=387920 | return=-145.70 | steps=131 | track=5dbbd8da2e0545755ff02e7cc115885f
global_step=388448 | return=-135.52 | steps=131 | track=e1e91567dd42009983488a35afa1186e
global_step=388544 | return=-28.40 | steps=366 | track=c43c07634266c761df46580fad3a3a1c
global_step=388704 | return=-147.93 | steps=131 | track=4a442eff9fe5bf272a72406048373623
global_step=388768 | return=-122.14 | steps=107 | track=686c03600b47c579cf9f13a6bcfeced2
global_step=388832 | return=-140.53 | steps=131 | track=ec448c83fa53ca58f2294d572f3c5381
global_step=388880 | return=7.78 | steps=67 | track=42cc9e466ccf9337f517a93721b052a9
global_step=389072 | return=-0.33 | steps=74 | track=ede0efe56bc55c9d0f5e03c7e2930e09
global_step=389248 | return=-91.42 | steps=130 | track=fcff85b638112c098accb051f459805e
global_step=389424 | return=-78.06 | steps=269 | track=9e044bb48f1c900a84649c87ebf423bf
global_step=389552 | return=-152.79 | steps=131 | track=3364020366f5df60c360a89468981da6
global_step=389664 | return=-140.98 | steps=131 | track=83d562f7441f34527cf6b8761fe8428f
global_step=389808 | return=-85.49 | steps=45 | track=1c22b9503046aca55a31bd3ec1c31665
global_step=389824 | return=-110.89 | steps=131 | track=457dfcc1ed02b3909fcb1ee5c345f4d8
global_step=389936 | return=-93.56 | steps=92 | track=08e89223b596496f397a2e6cc9593709
global_step=389968 | return=-146.06 | steps=131 | track=2a6107871064a12b538b4992c4de77e9
global_step=390128 | return=30.81 | steps=194 | track=885aca80964b3defa65f39f8151db396
global_step=390272 | return=-42.86 | steps=146 | track=128fd02792bfd3f82baf9847517b392e
global_step=390336 | return=7.82 | steps=67 | track=afd06619ac69b7598a68480fb7510caf
global_step=390352 | return=-37.00 | steps=154 | track=265d69dd485d0c981547b4aa7cb5ae00
global_step=390656 | return=-31.70 | steps=52 | track=41a8dc2f31090ec59df6d28eff8f72bc
global_step=390656 | return=-142.30 | steps=131 | track=024350f121f8ecc01844e8809e27b6dd
global_step=390704 | return=-0.95 | steps=64 | track=cbcfe671722609fc44c33784fc2e0801
global_step=390816 | return=-136.39 | steps=131 | track=1daec3a257356abc962129a5075bffe7
global_step=390864 | return=-135.44 | steps=130 | track=34a65bf93cff7c52498d8c1c5da82c43
global_step=390896 | return=-43.59 | steps=47 | track=f2720993d51c482c58faf6912df3c78b
global_step=391008 | return=-64.57 | steps=40 | track=3fb54b14c8b5472c6b6b5fb033020a25
global_step=391232 | return=-64.30 | steps=149 | track=64e7980256349ab5d8021832c6e5b4f3
global_step=391248 | return=4.92 | steps=88 | track=92ae4a93f74503472c89cd3998ab9d51
global_step=391440 | return=-82.71 | steps=159 | track=0e5f633690480fb54f21c4d15ad76a3d
global_step=391520 | return=-140.53 | steps=130 | track=c952154a2d2b72b4f2971234197053fb
global_step=391664 | return=-74.94 | steps=131 | track=647c7fee024acc9b9fbcab62e9f7e8b7
global_step=391872 | return=-31.50 | steps=62 | track=8d091673e808ab5612f83831df3e71b2
global_step=392048 | return=4.04 | steps=64 | track=55d6ea0bbcf62c6ea2243f8acac21f24
global_step=392080 | return=-140.53 | steps=131 | track=00dc92d0890c93e6189e105cd1710a6a
global_step=392112 | return=-82.16 | steps=41 | track=ac609af51f4e7fb1c9e50954b2be4eeb
global_step=392336 | return=13.80 | steps=68 | track=099e6dca3c690bb50d778f6e95a3e9ac
global_step=392352 | return=13.20 | steps=68 | track=b54f8a997a4b7c593e473d61c224af6e
global_step=392368 | return=-153.90 | steps=130 | track=13bc9523545aa20ce23c5adad54962cf
global_step=392448 | return=-137.91 | steps=131 | track=2745cdad60040060a9558d252b27c00c
global_step=392592 | return=-64.35 | steps=44 | track=7b1cb4e6cb5ae3729e7f0f98752c9e60
global_step=392752 | return=-141.90 | steps=130 | track=aedf7e728f8ee2167270aeb7e8dedca2
global_step=392816 | return=-148.21 | steps=131 | track=26251be4d69ea4cbd7e24e145ce7353e
global_step=392928 | return=-145.80 | steps=131 | track=10f844810b19ec2fc1e1839e8f2ea339
global_step=393008 | return=-142.74 | steps=131 | track=e7ee21dedb97ca91a57348f8331ca758
global_step=393024 | return=-67.23 | steps=41 | track=83bf3c126df92ed704f18f8fbeaf07ce
global_step=393088 | return=-71.35 | steps=151 | track=4666bc95b5d3d05467342a7addf1876a
global_step=393216, SPS=68
global_step=393632 | return=-134.80 | steps=131 | track=a4d736f412db6835cebf1264492f958f
global_step=393760 | return=-39.05 | steps=46 | track=71cc4711fca0cc25c371cc25e2f62307
global_step=393888 | return=-63.40 | steps=53 | track=367f89ee1ed27136664c3ad5277e9d47
global_step=394160 | return=-139.18 | steps=131 | track=60f8ccb2b6d68bce764c705a656b2378
global_step=394224 | return=-135.61 | steps=131 | track=138782740b04e2269196a2da2be6292b
global_step=394480 | return=-146.37 | steps=131 | track=e5909533440754208c4233c2ac9bd795
global_step=394480 | return=-150.39 | steps=175 | track=2c3dee6a1414662cc3c814f8fbe8a4bf
global_step=394528 | return=-97.48 | steps=136 | track=ddac81a36bb16c66cf01cee155cdaed1
global_step=394560 | return=-142.09 | steps=131 | track=e78a20d3d456cab7788b3166c2473470
global_step=394672 | return=-18.98 | steps=56 | track=66fd33c93d0ef794b949eeaec856ec59
global_step=394736 | return=-3.75 | steps=133 | track=dea120cefd14fb9190411909dc380780
global_step=394752 | return=242.30 | steps=300 | track=574ce8e115cc4fa9f2c5ec79fa63d018
global_step=394864 | return=-155.37 | steps=131 | track=e107ecd03ee2450882be58ce6a680c1c
global_step=394928 | return=-135.87 | steps=131 | track=4d552c583468a3bc9ef183fdbbaeec60
global_step=395024 | return=-144.40 | steps=130 | track=f2bb6d5d7d822e0ef11506163e8ed05c
global_step=395200 | return=-150.16 | steps=131 | track=44f8502c766c5dc25a876ed4519815be
global_step=395360 | return=48.86 | steps=70 | track=dd0459e3fb5c556c8a58a70c6052b141
global_step=395696 | return=-10.62 | steps=47 | track=79f53dce8381f4556f6cf3d74e6e5efb
global_step=395776 | return=-149.50 | steps=230 | track=13ea2457b16f9da0de4725e090d5a309
global_step=395888 | return=-9.99 | steps=70 | track=4596573bef4efe391ec47c2f44b6fe0b
global_step=395952 | return=-93.18 | steps=144 | track=ac5b067d817435ce31cd8b6c9a4dcbf0
global_step=395968 | return=-110.74 | steps=89 | track=04712a0ab558e738159f05a12139a15b
global_step=395984 | return=-147.08 | steps=130 | track=3e61af4717d4a0810adfab33ea236e98
global_step=396272 | return=-135.78 | steps=131 | track=cbd09d1c0e1206e84b053ca4fa1e905c
global_step=396304 | return=-114.98 | steps=101 | track=f8d5f717763bd12969233908d4314b0b
global_step=396576 | return=-141.45 | steps=130 | track=04c6e816d040ff2e3b099c50f96de5a2
global_step=396576 | return=-137.85 | steps=130 | track=44190bb636cc6ffbe85cbba4498e1d67
global_step=396592 | return=-27.76 | steps=86 | track=593ef435d7a5d248bc02cdf1cfdc187c
global_step=396672 | return=-143.23 | steps=131 | track=c1f1ae9d8504c59c4cfc80f1212cbe72
global_step=396688 | return=-59.83 | steps=49 | track=34fe53aa8ab877dfc7a786bf5b0b6bf2
global_step=396784 | return=-101.40 | steps=67 | track=bf34b198129da2b9e8e1cb15eeb8f68f
global_step=396848 | return=-140.81 | steps=131 | track=9362f9671170ec5a4ae6c055f59265f2
global_step=396960 | return=-31.72 | steps=60 | track=957ba3003113a5130d6d178fc421f937
global_step=396976 | return=-135.60 | steps=131 | track=5fbb38e6b016a1bdb912cee3b8d06cd9
global_step=397472 | return=-143.80 | steps=131 | track=ca707de75aeef2d85923d098bc5f136c
global_step=397664 | return=-113.65 | steps=105 | track=5b85e2cc691876eb457718faa5703e44
global_step=397680 | return=-11.81 | steps=67 | track=02376d3587c4a48f5460aa56f51a066a
global_step=397888 | return=-145.69 | steps=131 | track=a9e7f4ea62e16e25d2578c59481902d3
global_step=397936 | return=-95.47 | steps=181 | track=299f73924ea517643010f2b558e6bfa5
global_step=398064 | return=-131.68 | steps=131 | track=915563277eee2523389807fc8a3a42a6
global_step=398096 | return=23.33 | steps=69 | track=4f6ca36afdd1f4db4e209dc05b375feb
global_step=398384 | return=-141.00 | steps=131 | track=83bb838c96d14bb67fb129153ce94bc9
global_step=398416 | return=-137.61 | steps=131 | track=aedd76bc854fd61ba34ac8609c592e3f
global_step=398512 | return=13.95 | steps=64 | track=1595a55b9186a2e178b71375e4258f35
global_step=398688 | return=-141.99 | steps=131 | track=919e71c3d6d5c471ce68de303d9697f8
global_step=398688 | return=-114.90 | steps=131 | track=7de5225e5537dda00807c073ca2082db
global_step=398784 | return=-150.73 | steps=131 | track=00f10c68e01e1da9df50199b4d89d991
global_step=398800 | return=-141.63 | steps=131 | track=c71dc5753cf0b8318fc4b9172e964454
global_step=398832 | return=-94.00 | steps=58 | track=30bf03acd600d0b9d240e7b2499db54d
global_step=398896 | return=-141.87 | steps=131 | track=d52fe9c55dc1cf738d0e1504d0b75fff
global_step=398896 | return=-43.93 | steps=75 | track=5f8a801c78160857050ac0856491406d
global_step=398960 | return=-143.43 | steps=131 | track=f49d883fb6d5a71b8ca397005d11e3ad
global_step=399152 | return=141.76 | steps=92 | track=f970b195efefa99ec25cd24807fa8be8
global_step=399424 | return=-28.12 | steps=62 | track=bc75e413e52176f5f941efa503624f63
global_step=399552 | return=-52.32 | steps=90 | track=95de4c98ce875007b580ee5a284140f2
global_step=399792 | return=5.32 | steps=68 | track=3f51c7567febd52f170b447bd95fc21e
global_step=400048 | return=-135.87 | steps=131 | track=69c1377c0148a140df9fd66526006b38
global_step=400432 | return=-19.60 | steps=62 | track=735b269ea4785d3f8ec3555df66ed956
global_step=400496 | return=-136.47 | steps=131 | track=ea7a9680eb7a8c5e359c6ecc492d2c8d
global_step=400512 | return=-47.27 | steps=152 | track=c2d50211543b5a5d2104e015c98acc14
global_step=400544 | return=-195.80 | steps=223 | track=9cbea2506a07ac9f1b38689657d76369
global_step=400592 | return=-98.54 | steps=112 | track=5cd5f614ea3e310ce193d07207091a79
global_step=400624 | return=-148.35 | steps=131 | track=222b84885b837ce4858dd7c94987d962
global_step=400800 | return=-146.98 | steps=131 | track=a14201c9273f17035fede51dacb6d890
global_step=400896 | return=-150.88 | steps=130 | track=4dc84be128004f63408fe96dc2490810
global_step=400928 | return=-136.06 | steps=130 | track=2fc4fa330f4366f30aa20b001da8389d
global_step=401008 | return=-136.23 | steps=131 | track=edb9019df4735a3fc05158f6448405ca
global_step=401008 | return=-151.09 | steps=131 | track=163ff941edae1f095860a3c70774b6a6
global_step=401056 | return=-143.38 | steps=130 | track=c1dfc33bc5901407e97bd5fda5e842b8
global_step=401248 | return=-147.86 | steps=130 | track=94427e96fbc3f7b61614b3b1c7151a2b
global_step=401504 | return=-118.80 | steps=90 | track=cdc93ae1a58ff2513a675b380ee9f0f7
global_step=401504 | return=180.35 | steps=121 | track=492ea614c1102894804322c433597d44
global_step=401552 | return=-4.94 | steps=64 | track=ed90607aba8e808cafea3fe45721a1e4
global_step=401568 | return=17.34 | steps=66 | track=24f957ce320648209ac1afd8bcad9d77
global_step=401904 | return=-143.71 | steps=131 | track=0a3dc3b74dcc11837e6ef9d7ce30da46
global_step=401920 | return=-69.06 | steps=92 | track=1eec08be482aca5d967f443e86717bbe
global_step=402160 | return=81.63 | steps=71 | track=217966ec9fdf2ca2a4c64b4b9794d556
global_step=402288 | return=-34.93 | steps=108 | track=77636043fe7f6f0c9cfe3065ce7d2303
global_step=402528 | return=-32.18 | steps=63 | track=6f12f78650dd3b2300c3fb134c4e8f4a
global_step=402688 | return=-144.60 | steps=130 | track=b9181feaffcbc90b0aa1deac23b6df2a
global_step=402736 | return=-142.77 | steps=131 | track=aa70926bd10effbf9a11d6c6029f18d1
global_step=402816 | return=-122.21 | steps=109 | track=ea50ee7b1db788f1847c5f180e95ad98
global_step=402896 | return=-131.83 | steps=130 | track=554be81354bf5dec388ee1f906614187
global_step=403008 | return=-114.08 | steps=109 | track=529afc37f5357829af62eefb2470df2e
global_step=403040 | return=-130.19 | steps=131 | track=07d5652f9e59d36bed0403dab227180f
global_step=403120 | return=-144.58 | steps=131 | track=0718439c2bb2836d63d28415133d1cd2
global_step=403280 | return=32.05 | steps=69 | track=0afe19eed3a0c5b9fcbfdcc55ac4a2cc
global_step=403392 | return=-70.40 | steps=91 | track=c955a4e2fb33c45bfe6d694572182b17
global_step=403600 | return=-68.11 | steps=48 | track=b258d8614eb7656812c5393248f0a63c
global_step=403600 | return=-150.31 | steps=130 | track=2bcabd08afa764a4331c6703fd09eda2
global_step=403680 | return=-140.07 | steps=131 | track=8308c39bf86badcfbfa7e7aa452a3d7c
global_step=404000 | return=-144.84 | steps=130 | track=8b7f778ced9635e9e4888d1889709e74
global_step=404176 | return=10.20 | steps=65 | track=10837126bde8272ac38e947dddfe42fb
global_step=404192 | return=-157.17 | steps=164 | track=9bfd7c83528d903cccbda9f57a3f5350
global_step=404272 | return=-112.90 | steps=98 | track=89360bdce561d0944c71b2e38c190c95
global_step=404400 | return=-135.20 | steps=131 | track=5e6d115c3740d203853cf675729506a0
global_step=404480 | return=-109.37 | steps=89 | track=8d09b28e00edd722b9b353c5ec4f9055
global_step=404640 | return=-155.38 | steps=131 | track=eb4a2b7e2e14debb6974c42e95840025
global_step=404800 | return=-48.29 | steps=111 | track=acd655abb86a5a89084c086c32f0adac
global_step=404848 | return=-134.07 | steps=131 | track=abfed157e53c4656272925b05167068f
global_step=404896 | return=-64.95 | steps=55 | track=2d1e36bf0d90b1da8bf69434a005b7f3
global_step=404912 | return=-20.37 | steps=81 | track=f0677ad09b1ada0a5d6b4d4402e726cd
global_step=405008 | return=-140.29 | steps=131 | track=168eb79ae3d13f72c8dcdf31336c17f1
global_step=405024 | return=-68.81 | steps=257 | track=b89d47aa080a9dd6619ba9d2f5e3e888
global_step=405376 | return=-108.89 | steps=130 | track=8e531c6cb5d6aa05f4ed50d77c384f0d
global_step=405456 | return=-7.51 | steps=65 | track=29499c251d8338fd2185a387c847720c
global_step=405584 | return=-55.02 | steps=45 | track=44e723bd174c23c1c8cc20e7a01b0906
global_step=405696 | return=-145.93 | steps=130 | track=d34249a98d9f4038f3e29fd5cb26bfc2
global_step=405776 | return=-149.42 | steps=130 | track=381fd9791880dd5b0bd2cea884666a91
global_step=406080 | return=-5.61 | steps=66 | track=04ad888f652dbeca3c6699791610ad50
global_step=406272 | return=-145.28 | steps=130 | track=b02807c4957446607c318e585eeb51a9
global_step=406288 | return=-126.61 | steps=130 | track=30aee072915ecfa8c56b347da7c9fdd3
global_step=406320 | return=-60.28 | steps=94 | track=83ce8210c3896da13fd0d3102571cbcd
global_step=406384 | return=-143.80 | steps=131 | track=78ee89fa812824a6f05f4bf8f86fa598
global_step=406544 | return=19.33 | steps=72 | track=796bda38179370bfbc711e8eb8d0550b
global_step=406688 | return=-185.97 | steps=205 | track=d7ebd6d5ff4e364671e9ea7b4dddbbe0
global_step=406784 | return=-31.73 | steps=62 | track=39cb331adaf483c0d806eb4471a98114
global_step=407024 | return=-96.10 | steps=89 | track=a45812d2b8beb9356ffc9a49aee42bc3
global_step=407024 | return=-154.60 | steps=131 | track=1c1f923919aa1f2752b08696339ff104
global_step=407264 | return=-151.67 | steps=173 | track=35f333afde1b68450d1cf78097405d66
global_step=407552 | return=-14.34 | steps=72 | track=faaacc743a4f8ac89fac60b20ad53e13
global_step=407568 | return=-137.14 | steps=131 | track=123509124013f093a38cbb1beda19bfb
global_step=407616 | return=14.98 | steps=66 | track=0d999f6e12d64b9ef1cba675a3a44eb4
global_step=407760 | return=-89.92 | steps=178 | track=34fabc4114cf51d9546c6013c9a407fd
global_step=407792 | return=-80.36 | steps=172 | track=bdb4b4538c1773fa630c8d58c7c60371
global_step=407808 | return=-144.54 | steps=131 | track=cb6c875e39cf0cc59fb5e6ecf85dd5b5
global_step=408016 | return=-117.89 | steps=210 | track=b9935c52213cb4d8989d36a1617ad6f5
global_step=408032 | return=-12.96 | steps=62 | track=ad62bd41f39057abe0ea852cfae93601
global_step=408080 | return=-41.05 | steps=124 | track=a08a8040128d4a6fe7c82c6d54697aab
global_step=408256 | return=-45.79 | steps=76 | track=50b309b4caab70813ef0407278b3fde2
global_step=408288 | return=-36.30 | steps=99 | track=01024dc8b9ac3bc3db5566ac7e80d4d3
global_step=408384 | return=-121.41 | steps=131 | track=9130ec53af4c229ade931c097cb373be
global_step=408400 | return=-110.21 | steps=131 | track=556b56b7ad11c12f8d5dc79a9665b266
global_step=408448 | return=1.56 | steps=55 | track=852fe3142ceef5814fcadebaff15bb3e
global_step=408608 | return=-13.67 | steps=61 | track=15075c42c331983f9f8af7d708ac1e56
global_step=408704 | return=-144.52 | steps=148 | track=af2c8d533c20cf3fb6aa57dc41936feb
global_step=408768 | return=-53.36 | steps=59 | track=ce6461b220cdc11776a1b7034fee33ee
global_step=408896 | return=-143.67 | steps=131 | track=8134ad3ff8815d1b363aa9c54ad9aec0
global_step=409136 | return=-38.63 | steps=45 | track=cb872eb6073551852fdc73f1c6d65251
global_step=409376 | return=-24.34 | steps=61 | track=063eb307ed6dd2a138bf90bd80cd952a
global_step=409376 | return=-143.89 | steps=131 | track=b2069109dfec38e7fcb520d9db83f9fc
global_step=409536 | return=17.74 | steps=67 | track=20bf5bb8e8f8c47b4427c608f173af27
global_step=409600 | return=-51.36 | steps=43 | track=63b2a66d00e09012029944c0a5fadd54
global_step=409600, SPS=67
global_step=409680 | return=-144.76 | steps=131 | track=ac60d754e099a054e0d3cde720b3836b
global_step=409776 | return=-19.18 | steps=62 | track=18c36c9337b9a82419c0d5ba951f544a
global_step=409888 | return=-140.60 | steps=130 | track=efd758ecefe46b6cc53f90da4d3cc56b
global_step=410048 | return=-94.86 | steps=142 | track=1ea6ce4a9b091f1959b418cd7a4a47f1
global_step=410192 | return=-150.45 | steps=131 | track=68acbda79741147ab180ecba4d6bc1b6
global_step=410368 | return=-140.19 | steps=131 | track=2976144b322e172293842c597c53c1a8
global_step=410400 | return=-142.78 | steps=131 | track=a0c776b12999692f44fb4aa155c927f4
global_step=410704 | return=-6.39 | steps=63 | track=a0be9f1128db7c920154e5b8e32a1990
global_step=410800 | return=-111.30 | steps=130 | track=a0fe745f7c3a592685cef3b12e823c70
global_step=410896 | return=-8.50 | steps=62 | track=8739a9ef41bc6742b0ea7a5d491d7fc0
global_step=411104 | return=10.01 | steps=65 | track=6d17fafd8a8ae1bd19aad194f125d80f
global_step=411248 | return=-135.54 | steps=131 | track=7df14ecbe8ecaa1d052e38081e9ca2d5
global_step=411344 | return=-159.39 | steps=206 | track=f4c76ec0176aea2c8331822fbe93a6b6
global_step=411472 | return=-156.34 | steps=130 | track=5f92688089b3a6c8d4ed24cce73e0b07
global_step=411488 | return=-136.18 | steps=131 | track=992881659edab3106c1aa9a57aecd27f
global_step=411504 | return=-58.63 | steps=217 | track=b3d18ad9c1d1ba8928f480c46eef12eb
global_step=411648 | return=-138.94 | steps=131 | track=f193ff8ff70e3ecf895def5a3abd8c46
global_step=411712 | return=-139.36 | steps=131 | track=f96a49c4fc53c4ffef487a221f61345e
global_step=411744 | return=17.33 | steps=64 | track=bd10ab0f4e6322ca6bb0b29cb41ca0fe
global_step=411792 | return=-19.00 | steps=61 | track=f0795496aa555a905a2e2893f30744e8
global_step=412464 | return=-145.28 | steps=130 | track=151eeb48b9ee13f052cad9d0c93fc6f5
global_step=412480 | return=3.73 | steps=62 | track=8fb69d088dea7d8cfa350889f47ffec4
global_step=412512 | return=-141.37 | steps=131 | track=bfa0844041eae081b6b22829828f639e
global_step=412544 | return=-109.92 | steps=89 | track=fac4a92596b282a8df1852d446e71654
global_step=412688 | return=-104.94 | steps=155 | track=baac467b63a8c7cf1a138719fa42db86
global_step=412816 | return=-17.78 | steps=91 | track=842c5a8c49c06fd0e3b48144af86fdbb
global_step=413008 | return=-146.37 | steps=131 | track=d956a54a627f5ca6d4e260eb76226c81
global_step=413104 | return=-20.21 | steps=207 | track=08a7301a68b8031791b8f8055d14ac70
global_step=413328 | return=-61.40 | steps=48 | track=c71d5370cd363022391f2fa4bc6e7284
global_step=413360 | return=-101.10 | steps=102 | track=bbe3cd52ac35347fb22d50207135209e
global_step=413360 | return=-141.63 | steps=131 | track=cbfba6c502cc6d893b86c491de1f88cb
global_step=413552 | return=33.46 | steps=67 | track=b2a5b7d8713cfe1154d853952bdf72bf
global_step=413568 | return=22.87 | steps=67 | track=d743f077db1b09dfa74557a547216b0a
global_step=413600 | return=-137.80 | steps=131 | track=393db1e85c9a46d339c610aa252645ed
global_step=413744 | return=-150.38 | steps=130 | track=05cbf0e191301d683ee786d9bf13f6b9
global_step=413856 | return=-132.86 | steps=131 | track=1351229dc96da1c289357bb744548bc5
global_step=413888 | return=-154.24 | steps=130 | track=ad01f2b0faa721810afb525bd1403dfe
global_step=414432 | return=-32.94 | steps=88 | track=139aad48e91e08bb9b85d6a41968d66b
global_step=414608 | return=-153.37 | steps=130 | track=df173845ddee2d526027705e1d856fe7
global_step=414800 | return=-146.34 | steps=131 | track=e3c1ee2d4a0b4e00a9f56f6bfa13311a
global_step=414864 | return=-45.33 | steps=62 | track=71de6669a26b35965cb39a40db5d8146
global_step=414928 | return=-137.94 | steps=131 | track=80c7843e032077d20afa602b87465f0e
global_step=415216 | return=-138.45 | steps=131 | track=216972e66efe5ccf003b18a414ef3d2c
global_step=415360 | return=-59.54 | steps=240 | track=05d5aec53f5b073c129098658f69f460
global_step=415456 | return=-2.71 | steps=63 | track=90089fc7670f858c24ff6e51f1cdf7f9
global_step=415472 | return=-150.61 | steps=131 | track=4e2257a2b4269686de3fdade7fd2c354
global_step=415472 | return=-141.87 | steps=131 | track=150a7e0654e6529501094de72a712027
global_step=415664 | return=-152.07 | steps=131 | track=e5db6797bffb4564152b2bb4eb97f856
global_step=415712 | return=-144.81 | steps=131 | track=cfbe2f363b34515b209f26cd19f3e65b
global_step=415744 | return=-90.10 | steps=135 | track=21ecd887f4a9e9e2bb95c94cc959f817
global_step=415840 | return=-148.00 | steps=130 | track=883a6b45294f7ca1fbc383689f6ea455
global_step=415936 | return=13.33 | steps=66 | track=12d523f2b8c203acb17dd224913a8bee
global_step=416000 | return=-147.40 | steps=131 | track=3d3e12303d561b5fff643ea7f3a368f4
global_step=416512 | return=-86.75 | steps=49 | track=e632bef7175e48e2aed6d5de6a26d02a
global_step=416592 | return=-205.76 | steps=203 | track=65df4017917debe7cce0712027df8ebf
global_step=416720 | return=-136.06 | steps=131 | track=8c19d8442995b1a3495d47bbb3ccd2ac
global_step=416784 | return=7.54 | steps=82 | track=c7e3934f80e9cb029f2ef372d4a8d208
global_step=416864 | return=31.95 | steps=69 | track=47df2ceaaa618abd11e798c600c6a2bb
global_step=416864 | return=-119.26 | steps=128 | track=6061bd3cc8eccc87eb58127440cf3384
global_step=417040 | return=-145.69 | steps=131 | track=6e0f4cc005a81fb401d4034cf94f2f23
global_step=417328 | return=-146.06 | steps=131 | track=50ce31fcb1398bb6fc978f4b3dff185b
global_step=417456 | return=-143.18 | steps=130 | track=2aba61f0c97719e5c2950a5a7de8061b
global_step=417568 | return=-117.80 | steps=130 | track=e121da0e5e2abbda03a8c3975be09978
global_step=417584 | return=-144.61 | steps=131 | track=3e8372532d21e61c66c10f96553c424b
global_step=417632 | return=-73.15 | steps=47 | track=daeb82a0edae3dd17f8e53a351d65bc5
global_step=417760 | return=-148.00 | steps=130 | track=35a5eec45f1a9f1d87e9821435cd59b7
global_step=417776 | return=20.77 | steps=78 | track=1769978264b453cd1988da6a33b8a27d
global_step=417920 | return=-2.79 | steps=82 | track=80fbd1f40bfe0eb712d621938d0634cd
global_step=417952 | return=-135.11 | steps=131 | track=952af9af17a6a0e7968e60aceddccaff
global_step=418048 | return=-125.26 | steps=131 | track=17e6cd8ba28011938ff7c5082c06aebd
global_step=418224 | return=-54.64 | steps=47 | track=e0adb1547fe74201e08613040b8bcc32
global_step=418352 | return=-109.88 | steps=101 | track=a6a09d6206c458e0f00fd8d583be67b3
global_step=418512 | return=-111.88 | steps=156 | track=89a610d12addd9d96079b25e83350c68
global_step=418736 | return=49.47 | steps=68 | track=a842b44f72cad126f2332f4e7024fe26
global_step=418816 | return=-321.17 | steps=637 | track=75a0394a311c1b600e9bfcdd6ae8045b
global_step=418896 | return=-143.79 | steps=131 | track=800b851c113acd95706e3485a0c632de
global_step=419120 | return=-59.56 | steps=66 | track=aebdf325179da53f82e9b9bebaf0411a
global_step=419152 | return=-145.69 | steps=131 | track=cd020007851dbbd8ff091589708df748
global_step=419312 | return=-83.60 | steps=96 | track=974aa68a3e664155c3969c8127792d3d
global_step=419408 | return=-90.16 | steps=92 | track=7cc50864bc0f6eefdce06007370b1906
global_step=419440 | return=-155.13 | steps=131 | track=ae8f9179575f3051ede60e21b30327e8
global_step=419616 | return=-12.00 | steps=68 | track=7db7d136962368c7544e873649278a54
global_step=419680 | return=-141.58 | steps=131 | track=bb653a51f2279d00975f5947b55c449e
global_step=419696 | return=-140.59 | steps=131 | track=ce837951a82726e0624c7444c226e7e6
global_step=419808 | return=-21.20 | steps=66 | track=c21e90e124af6eaaacab6cbf1e76d6c6
global_step=419888 | return=-139.73 | steps=131 | track=d66c79adbe8ce48a69ab2e61583d0d41
global_step=419920 | return=-24.11 | steps=63 | track=cd998eea1c951185e7a4ee02dff59079
global_step=420064 | return=-138.19 | steps=131 | track=a508fc10acdfc1823465288e3d9c598f
global_step=420144 | return=-179.70 | steps=204 | track=6c657b233f4e51104cc9cb8a4a35559b
global_step=420192 | return=3.90 | steps=66 | track=8bef7910f324f894f678831591b79ad5
global_step=420336 | return=-150.87 | steps=131 | track=58e4245a4a8e2753f5fd2a2665436d49
global_step=420448 | return=-157.33 | steps=130 | track=c2a9048ceb610b10a7ef1b7a98d4fe5a
global_step=420480 | return=-8.89 | steps=64 | track=b133b7b3bd0aae964a27d192f44fa2c6
global_step=420944 | return=-149.57 | steps=132 | track=15c0ef1b916b47d96a8f8e812c96b5de
global_step=421168 | return=-4.14 | steps=68 | track=99916618c2319fdb820e925750e22a1e
global_step=421264 | return=-142.78 | steps=131 | track=e417e14986eb84fb6f90ee977174f491
global_step=421424 | return=-145.59 | steps=131 | track=066c62b427652111af0858ea4913ecd8
global_step=421520 | return=-145.35 | steps=131 | track=54d5b758a344b2cfa80fed36f5c7159d
global_step=421520 | return=-80.73 | steps=106 | track=ad24d686df515f73eff20b568cee41c0
global_step=421728 | return=-136.91 | steps=131 | track=48772fcda3db9a216fc214d16273dd71
global_step=421792 | return=-146.16 | steps=131 | track=f1d029b014f137585b6b4b5a1592d21a
global_step=421808 | return=-142.39 | steps=131 | track=d7426a5028bdcda655dd9fb11ccb2b7f
global_step=421968 | return=-112.20 | steps=92 | track=cdc3b80c42eba42ae7fcc3244e403ce2
global_step=422000 | return=-130.71 | steps=131 | track=df16bc870c0f3016dd5c33e53bf71ae8
global_step=422032 | return=-145.71 | steps=131 | track=ee8a4c6184530c1028848267cef9c93a
global_step=422256 | return=-138.64 | steps=131 | track=16aaaa75660c2c0b3259abaf91a955c4
global_step=422304 | return=-137.16 | steps=131 | track=bbadb79c5983b78ba94287f55b953728
global_step=422448 | return=-151.74 | steps=131 | track=8383b5c4df988cc5de500266301018e5
global_step=422512 | return=-105.53 | steps=97 | track=70dc51e37d24d2a50fdde83a2dd9bb88
global_step=422560 | return=-144.10 | steps=131 | track=cb32f6a8612e30f1c7d7036d0dcf4d72
global_step=422672 | return=-44.27 | steps=71 | track=7e5779a8b5c8984271d1180a2d606b9b
global_step=422768 | return=22.73 | steps=64 | track=d31e5ff2c04d2993513d482797afa71f
global_step=423472 | return=-69.34 | steps=72 | track=b24e867303712ad90c1b04d38d4726ea
global_step=423504 | return=-91.95 | steps=139 | track=290450f8cdfcd6eae51c8f0e7b3761df
global_step=423632 | return=-143.17 | steps=131 | track=53168ba94aa246bfeeb43805362a2877
global_step=423920 | return=-134.18 | steps=131 | track=fc6976797488efccec0e4e54caf74afb
global_step=424096 | return=-76.33 | steps=143 | track=b354f99a248bf06ddf2c7b1dafa8892b
global_step=424112 | return=-146.56 | steps=131 | track=ca09ebc245bbf90f61cf2deeb1251a10
global_step=424144 | return=-137.00 | steps=131 | track=b2542490c66cda7e94b5af05bc9ac221
global_step=424336 | return=0.58 | steps=147 | track=63c0b76639c2103b5d088054bc83cdef
global_step=424368 | return=-130.99 | steps=131 | track=470132306072179d6ac28fce754ba974
global_step=424416 | return=-72.54 | steps=56 | track=e97f2421786d18a9c6f4fa501fa2e46e
global_step=424560 | return=-134.23 | steps=131 | track=3cce4d6a908bd6f57f957e7d72aeac1e
global_step=424560 | return=152.50 | steps=211 | track=e440de84dc18d0b72c69a066d7cc7aff
global_step=424656 | return=-125.39 | steps=130 | track=5b0bae4266ccfb96034ecc1143a09ebc
global_step=424736 | return=-178.26 | steps=206 | track=03afac18f10c51f321a7d7fe53b9995e
global_step=424768 | return=38.48 | steps=70 | track=9b8a387f8b71ca8e7c383f4fa612bfd5
global_step=424768 | return=-139.65 | steps=130 | track=8872d78e622071b8749bac810cee6a07
global_step=424848 | return=-62.98 | steps=43 | track=7b552cd4a0d012885e6e833d34fb5960
global_step=424864 | return=-153.78 | steps=130 | track=d9f83ffe2bf002e2838075734abcc77c
global_step=425152 | return=12.73 | steps=65 | track=4ee53c579c0569b437cac89dba3b7948
global_step=425760 | return=-21.69 | steps=74 | track=0f6fb3e6411fe24d8e8bcc111a613e0d
global_step=425920 | return=-9.07 | steps=66 | track=66eb7d64b43c25beb4c68a5243846a64
global_step=425952 | return=18.69 | steps=67 | track=514fee25c1e4ad73adf9c80e3a1a76e3
global_step=425984, SPS=67
global_step=426224 | return=-139.36 | steps=131 | track=d1e5fedf71deee0b28d9eef0259f963a
global_step=426224 | return=14.59 | steps=66 | track=8e98e712bea15851c54ef923e3f2ee02
global_step=426224 | return=-59.09 | steps=92 | track=4fb5e0f72f6961674090c9dbb57fbf27
global_step=426256 | return=-87.10 | steps=145 | track=cf939b6a997b1dd3792f2809a8d9de49
global_step=426320 | return=-107.00 | steps=109 | track=60bc403ef56cd1e35a18efd877bdf989
global_step=426448 | return=-146.13 | steps=131 | track=5d1dbdd017d2945bcdd2f41eeaf81f92
global_step=426480 | return=-141.43 | steps=131 | track=21ab3537ffa8f91d8c232c07d7be8a92
global_step=426512 | return=-138.52 | steps=130 | track=8223dd8d417434f458e5686629260ef4
global_step=426544 | return=-125.48 | steps=110 | track=9a62bed0354e3ad401ba7890e73becd6
global_step=426608 | return=-64.19 | steps=40 | track=2edf416a133971e7117fb7cd4f2fb1b2
global_step=426864 | return=-108.43 | steps=130 | track=34ac71ef5f38207bee0a86c6f6f530f2
global_step=426976 | return=-11.05 | steps=144 | track=ddb824481930f3ffffbc18569a4d8ea4
global_step=427648 | return=0.46 | steps=64 | track=3372618b76129adc043efeed8a9230bc
global_step=427824 | return=-109.03 | steps=97 | track=0623c55e25bbb8266a67bcbdc5f122e8
global_step=427872 | return=-142.78 | steps=131 | track=dcff3930c6a4d3e4297c92f82c0ea3b5
global_step=427872 | return=12.48 | steps=86 | track=1b591cf7b4d93f243dfb29769b1ff0b8
global_step=427872 | return=-168.89 | steps=334 | track=3d7b966b965c28e79dba5d29bc0af4c6
global_step=428032 | return=-142.00 | steps=131 | track=de9f1668288ef7af535b1ff17012d7c5
global_step=428032 | return=-109.47 | steps=98 | track=1c0f5dee4ec5776cc1a7e27004a614fe
global_step=428128 | return=-79.78 | steps=98 | track=ac342df6840b73f5857cd569f2bf3cdd
global_step=428304 | return=-105.22 | steps=129 | track=eca27f0f2f704e5a8a9cd1c7cf7d5286
global_step=428320 | return=-118.75 | steps=130 | track=7ca7bdeef95ccc65b216539c5a291780
global_step=428336 | return=-138.27 | steps=131 | track=bbd886f1118d5c250fb9c48e58dcf244
global_step=428432 | return=-146.81 | steps=131 | track=95dd916c65d7ac99e3a7f2e9d97ba13d
global_step=428624 | return=-145.88 | steps=131 | track=cdbfb0fa92056153b04d3312db29811f
global_step=428976 | return=-151.64 | steps=131 | track=09b10d9eba4401936629ee79a036dee2
global_step=429008 | return=29.16 | steps=70 | track=42695fb1b44bbc3126a604f2e44a5f80
global_step=429056 | return=-4.22 | steps=63 | track=1dbabd1aaf439e69962853c9da7c00bc
global_step=429088 | return=-138.19 | steps=131 | track=3779edbc0e81a6206c0e134633c8d911
global_step=429104 | return=11.51 | steps=66 | track=a48b71ca2243d2f52676157c165dd07a
global_step=429328 | return=-47.62 | steps=62 | track=afaca28615683c50fe288ab2020c71b6
global_step=429456 | return=-89.49 | steps=373 | track=7f10d56ec4740b21d6e08a04fd3492ca
global_step=429744 | return=-154.09 | steps=130 | track=53dbc2dca374636989a62f519d49659c
global_step=429920 | return=-146.20 | steps=130 | track=315050aec1ff9a41dd4eb04da2e8123b
global_step=429984 | return=-146.13 | steps=131 | track=7d173d3adae318482d5d97e6a69dff35
global_step=429984 | return=-136.70 | steps=131 | track=764d6baef877582762a3d873799611bd
global_step=430112 | return=0.64 | steps=65 | track=69c1ed6e434897e512b33d4878a04b21
global_step=430144 | return=-60.20 | steps=42 | track=466700fd8abe86173c51586c5c88a0d5
global_step=430240 | return=-137.80 | steps=131 | track=4317c6da475eca98f2c48271c2c84b38
global_step=430432 | return=-156.18 | steps=130 | track=7265f01bccadb9731eb45a6249adaa3c
global_step=430544 | return=-147.12 | steps=131 | track=bd663711c92dc8ce62682e6e06feabea
global_step=430544 | return=-104.16 | steps=89 | track=73fa0a9b1c64295e81d0346832e18179
global_step=430736 | return=-134.85 | steps=131 | track=639ae303abeb447983b16255c76c069f
global_step=430976 | return=-73.05 | steps=166 | track=7ecd6e0c1897d6e33128c36b2ab4b0c7
global_step=431120 | return=-137.56 | steps=131 | track=3ede2be0c7b20aa6940cfe473bf32935
global_step=431136 | return=-108.37 | steps=127 | track=d78c94970a69d525190948c1fe53596d
global_step=431184 | return=12.78 | steps=64 | track=af5b822acc1f54a18df7624c00084a52
global_step=431232 | return=-50.33 | steps=140 | track=b3bdcf923721bb5493979fb332540f8d
global_step=431296 | return=11.12 | steps=65 | track=95efda6194eae0cbb2c6f95f8cc0c23e
global_step=431440 | return=-145.80 | steps=131 | track=70e376df8845bfb59b8f49f46b50410c
global_step=432032 | return=-149.94 | steps=131 | track=8f2208849554000856ee3d56b21ccdaa
global_step=432096 | return=-132.75 | steps=131 | track=46833587e8edf91d92cd52cce81ce321
global_step=432160 | return=-119.84 | steps=100 | track=72b2e3a1c6794fb35e97328195f4d193
global_step=432208 | return=-124.83 | steps=153 | track=d0f8c94a324c434610a27126e9334f0b
global_step=432320 | return=18.81 | steps=67 | track=25884d6fbaa5736dd98e2491cffb2c8a
global_step=432544 | return=-134.07 | steps=131 | track=12db47270a1b4b15ce35884b7e8d3867
global_step=432560 | return=-34.10 | steps=152 | track=ca9123a87e04c1eefebc52630b82b0c5
global_step=432656 | return=-145.21 | steps=131 | track=06df1e37135ebd0afc22ef2487032330
global_step=432864 | return=-63.73 | steps=47 | track=508313a4db40d15f7e8436bc2a304995
global_step=433216 | return=-52.62 | steps=154 | track=8b05c3544d55d6ff4e1cf896251695b3
global_step=433232 | return=-146.66 | steps=131 | track=6230a901090ec99a450c62fb7c25890c
global_step=433264 | return=-112.12 | steps=129 | track=caecf3ccbdff1983cdf88fee0b8a256d
global_step=433264 | return=-160.91 | steps=132 | track=463ab5cf304eb3a418cf321fb0d7dc90
global_step=433376 | return=-49.31 | steps=44 | track=c9162124f8efe3e7a3e44e758a85abe4
global_step=433456 | return=-167.21 | steps=154 | track=1f884d00b23b109ca82a9a519b521cab
global_step=433552 | return=-143.06 | steps=131 | track=2a972fdfd18edfd466977a332fdf6cb5
global_step=433664 | return=-141.29 | steps=147 | track=e3eeacc5ffb1fe94d268b6f281861b03
global_step=433904 | return=-132.04 | steps=108 | track=c114258a1f6c3b70462aa590c75bb210
global_step=433952 | return=-211.69 | steps=247 | track=36e1cad8fcf8a2abf2fa140cc5182eeb
global_step=434240 | return=-114.05 | steps=105 | track=73f4444275b9dfb86ff0f92c7d122b41
global_step=434320 | return=-140.07 | steps=131 | track=5881ef602e2769cf273d250539eb4792
global_step=434416 | return=-149.75 | steps=130 | track=28467d396b499816757a01659ffb5643
global_step=434656 | return=-154.96 | steps=130 | track=a5cb409aa0b3e3b226500698287c645c
global_step=434784 | return=-63.88 | steps=94 | track=170e56b301d7c9b8ac0189677434c974
global_step=434832 | return=-19.85 | steps=174 | track=14236c71ae6aa24e0ed26173164c73a0
global_step=434976 | return=-145.41 | steps=131 | track=d7f5e5268c522cae5ce7897ddfdc3899
global_step=434976 | return=30.75 | steps=66 | track=ba5b3ae75113e5adcf3f01dd1e70574d
global_step=435312 | return=-150.35 | steps=130 | track=e47ad1cd2fa5dee237d0235e69539ef8
global_step=435344 | return=-146.21 | steps=131 | track=07ca32db4d85e090906f6c236b3f07ac
global_step=435360 | return=-145.97 | steps=130 | track=01ead5bf0b8626647a21589b7f6f6d65
global_step=435472 | return=-148.00 | steps=130 | track=f5def0f07c6d6c2cd8aeb37bc174bb7f
global_step=435568 | return=-138.45 | steps=131 | track=ca88d0e66fdf2a8ebf8801262e4c0f6e
global_step=435648 | return=-161.68 | steps=130 | track=dcbcd44c5de3d25664d207547f850321
global_step=435680 | return=-17.84 | steps=78 | track=a82cdc336e68ab0927f9562679f68d8f
global_step=435776 | return=-140.98 | steps=131 | track=b280d10390750abf03779037ea5b0afb
global_step=436048 | return=-13.42 | steps=66 | track=b121d407d7547577a1bb25b71a254616
global_step=436064 | return=-144.95 | steps=131 | track=fc266f444ae082ef0c0157cd81d6fc75
global_step=436272 | return=-113.58 | steps=89 | track=6c57b4d39773be624d1eff3f824609ec
global_step=436336 | return=-139.59 | steps=130 | track=5675d8c24f663bbd5d98a08f0d1694cf
global_step=436400 | return=-115.08 | steps=108 | track=4f0eeed00b33f629e1bfa13dbc0b06cd
global_step=436432 | return=-106.44 | steps=131 | track=c01eb165ce30051103de769cc8a08dc0
global_step=436832 | return=11.67 | steps=65 | track=ccd5575111279e9a3a66bab48cb58524
global_step=436896 | return=-150.45 | steps=131 | track=c305b1f56a6c46f79296f45fd570edc5
global_step=436976 | return=-117.60 | steps=101 | track=7e7e7f6cd17e892d1b903ab80b776851
global_step=437088 | return=-154.15 | steps=131 | track=39f8a643e85675fe3a2138bdba82259f
global_step=437472 | return=-151.64 | steps=131 | track=9311fdec114e8284fc0336828e3378af
global_step=437584 | return=-142.20 | steps=131 | track=10fe7b4cf54ec45a15c875431b772367
global_step=437664 | return=-72.68 | steps=146 | track=06f6ab52c6738cb2ff1461bdfc7133d3
global_step=437680 | return=-148.18 | steps=131 | track=3ac91aa88ffd7000cec9d85f53beaa1d
global_step=437760 | return=-143.43 | steps=131 | track=1543413589585f987c895fbfd121877a
global_step=437792 | return=-146.41 | steps=131 | track=55a360537748901f64987bf12660b13c
global_step=438000 | return=28.44 | steps=68 | track=4624d3377458dd928df9535d4a0def75
global_step=438048 | return=-110.61 | steps=102 | track=24f5b0229022854c1ce1810242e8dd39
global_step=438160 | return=-146.38 | steps=131 | track=558a119b874314d126753eb1079c47cd
global_step=438176 | return=-135.61 | steps=131 | track=410a946f78f1fc1dc40a03bab82d18c9
global_step=438384 | return=-141.40 | steps=131 | track=13e3278f2e5412d83c92454acb069fb2
global_step=438544 | return=-134.85 | steps=131 | track=76822dc7e3bf9785fa7b2596db5c37d2
global_step=438672 | return=-92.83 | steps=145 | track=df7165c67e5e1fa824d7b5b33e52a712
global_step=438944 | return=-123.85 | steps=131 | track=e269e885369069f689b49c8c15e81dca
global_step=439200 | return=-143.15 | steps=131 | track=701bac4ae9cb2b9d4bfa343d57ae7807
global_step=439216 | return=-117.88 | steps=90 | track=185d9789d95a098763884cd0dc6357b5
global_step=439312 | return=-59.91 | steps=47 | track=31314514c3bd6925a4a898d20f63f456
global_step=439520 | return=-68.80 | steps=94 | track=0b2413d80de5f6e46f5c539963d65de9
global_step=439536 | return=-61.79 | steps=159 | track=9f3d4af3e5f1184673481a4bd1642508
global_step=439584 | return=-141.81 | steps=131 | track=645600a4b60eccf64496e19ccc315bf0
global_step=439776 | return=-114.66 | steps=136 | track=008f3a22bfdbb61d1dba3f71e62463ac
global_step=439792 | return=-138.64 | steps=131 | track=f2f8e962ea89047c4b55a822a0fbb3e9
global_step=439792 | return=-142.70 | steps=132 | track=30e8267c9d3e8499daaaacae95a55e7c
global_step=439808 | return=-34.26 | steps=70 | track=534b7bffd318fc4d3bc36ad57679b2eb
global_step=439904 | return=-140.01 | steps=131 | track=9af0e42a403ac71c73a520a94a17b193
global_step=439968 | return=-1.41 | steps=119 | track=f29ff6d2e974eef2909f3a054f3b06d6
global_step=439984 | return=-59.65 | steps=113 | track=97a1ca075ecdb12e1f440ed70267b08e
global_step=440000 | return=-89.57 | steps=100 | track=efaaddf2b74278f2c5879efd3d83b285
global_step=440288 | return=-138.05 | steps=131 | track=239100e6e3cae88e113f0b9a4e0b5048
global_step=440560 | return=9.85 | steps=64 | track=8cbaf7e441b3672ea61291ecad3602b3
global_step=440896 | return=26.66 | steps=68 | track=7261e0b6cbf7110a9583a7d17bdcaa36
global_step=440960 | return=5.68 | steps=85 | track=2afbed8512c974b79306829964a18ca0
global_step=441056 | return=-141.40 | steps=131 | track=cf02c9eb0a23ae0d6b5f50ecc03554ea
global_step=441280 | return=-19.69 | steps=61 | track=11de25152b225e3f02cbb6c904464953
global_step=441312 | return=-102.28 | steps=130 | track=68ee174890eacaf3f6eada743f212ccd
global_step=441328 | return=-5.54 | steps=83 | track=6988599691a614efdf5b52bfe3b65d50
global_step=441408 | return=-148.88 | steps=130 | track=55717742c71f05a9765b80f4514387bc
global_step=441648 | return=-112.25 | steps=131 | track=ae63788e67f498b7d7acf1cedfc44888
global_step=441680 | return=-50.62 | steps=154 | track=1efc34d034db65d4bfd5cd866ef7f6e1
global_step=441872 | return=-138.02 | steps=130 | track=fd29cb603b5991e0e86c9380d76b1754
global_step=441920 | return=-138.79 | steps=131 | track=ab2a08848aa21329ee4e233934c498e6
global_step=442000 | return=-146.23 | steps=130 | track=bc2bdcb75523db3957ec0d5c94abea52
global_step=442032 | return=-38.86 | steps=60 | track=3de556e36a9f951cdd28e21b49534a4c
global_step=442064 | return=-145.50 | steps=130 | track=255ae814ce0ffa0aef62f12ac7524787
global_step=442096 | return=-147.94 | steps=130 | track=d59906ee67945bee694cb2173f263b92
global_step=442112 | return=23.11 | steps=71 | track=568878c47cfa1446938b82958bfe289c
global_step=442368, SPS=66
global_step=442608 | return=-110.61 | steps=175 | track=0ffb6277c74dee3bda293ce7167d43f4
global_step=442672 | return=-125.10 | steps=131 | track=7c806c5ba7c7ff69c0df0e52cbdf4447
global_step=442688 | return=5.54 | steps=64 | track=a5231925baadc2a6a147d1556ffc5438
global_step=442848 | return=-92.09 | steps=94 | track=6b12232ecafc3b0aad0f74e7636cb231
global_step=443008 | return=-141.58 | steps=131 | track=a265650d40ee27b620071f2803c67bbc
global_step=443184 | return=-91.49 | steps=93 | track=1140936faa499fd625dd45cd1e2c1513
global_step=443376 | return=-72.64 | steps=85 | track=e0930c8e15952e77148251289ce3e3d1
global_step=443392 | return=-138.73 | steps=131 | track=ef6a26cf1a01ef9f55fbf0b07560c9aa
global_step=443424 | return=-145.70 | steps=131 | track=c166ad25696fa6a5809bb5728c572e9c
global_step=443840 | return=-88.54 | steps=61 | track=6b0e2521e529768a87a49bb716fcb6a5
global_step=443952 | return=22.69 | steps=83 | track=f61648950424a2ef11f0e490a73a2a20
global_step=443984 | return=-137.32 | steps=131 | track=3c2d1f2cdfc5d08341c06b8b67ea6cf7
global_step=444016 | return=-112.33 | steps=130 | track=faebb026ca4e0487ae630f98ae961729
global_step=444128 | return=-89.74 | steps=90 | track=fe91e3f885d7c392af3b70e9e3758501
global_step=444144 | return=-144.97 | steps=131 | track=22dfb382d496912bef1de5786ee2b8c0
global_step=444208 | return=-150.43 | steps=131 | track=6316fe0cffacc4de9ac52d8179266316
global_step=444224 | return=-151.04 | steps=131 | track=203463b9e054c223bc21a96c6e12b09f
global_step=445088 | return=18.77 | steps=70 | track=4aa8cce39f7d1a1055447c2a0b82d03f
global_step=445120 | return=-144.62 | steps=131 | track=efa97717c75b0e71f7f185770e6181d6
global_step=445216 | return=12.99 | steps=66 | track=38a91a4736d277378709fd8b6820241b
global_step=445232 | return=-224.29 | steps=238 | track=72bf7ca6ac4510c513899153888b7d6d
global_step=445296 | return=-142.20 | steps=131 | track=b4ff0e8e823c424fe0f11a5038475021
global_step=445472 | return=-115.01 | steps=101 | track=37423a025eacc97160a5e8864939cc12
global_step=445488 | return=-153.00 | steps=131 | track=434b9f5eea204900e0c81470140342bd
global_step=445504 | return=-106.23 | steps=214 | track=8d5dc1454df59f8f7a068e6696fc8b6c
global_step=445504 | return=-136.90 | steps=131 | track=b729c13ff661c8837a26c0e4f6ca445a
global_step=445536 | return=-132.87 | steps=131 | track=cde44c56a450302c54b51b0cb5df6887
global_step=446240 | return=-134.06 | steps=131 | track=1bd057b9347e58490e90100bf0c10398
global_step=446320 | return=-133.56 | steps=131 | track=691d5da25c10f5882754fe870fc042b7
global_step=446576 | return=7.87 | steps=66 | track=0b27b39a76a87345c1b2397ecfde29f8
global_step=446592 | return=-71.84 | steps=93 | track=4d74c7857b537ba7bdcbbc19eb735c94
global_step=446672 | return=-104.76 | steps=152 | track=52e7e4f5495972f642ffea3ca1fb993e
global_step=446976 | return=-112.91 | steps=109 | track=7063c11f1220a73af92c386e56bbb255
global_step=447232 | return=-23.62 | steps=61 | track=eff1504278c8106f9f975c065677f525
global_step=447264 | return=-137.03 | steps=133 | track=2f844c9cb3edc1a666f6c3a6180d57c5
global_step=447328 | return=-147.26 | steps=130 | track=4d08f9d6fdb48388eee7df17194a99e6
global_step=447392 | return=-146.98 | steps=130 | track=2845e6ebed92280d640555316abe507c
global_step=447456 | return=-48.28 | steps=48 | track=1d449c132f24ef4b684f53eea2315404
global_step=447584 | return=-146.60 | steps=131 | track=ed5f1a4bb9960524ce86682171640bc7
global_step=447600 | return=47.00 | steps=62 | track=66979e2a20700562e9bd10454de0f40b
global_step=447600 | return=-142.38 | steps=130 | track=c07dabbac2d6f7c1197f7e0641f05847
global_step=447600 | return=-138.27 | steps=131 | track=2660bcb3cd01d1825cea37af78cdd6f4
global_step=447632 | return=19.30 | steps=65 | track=432142f66d040800d261def491b5739c
global_step=447648 | return=-142.31 | steps=131 | track=b203ab6c55669d8113ceb6865d632cb8
global_step=447792 | return=-300.27 | steps=318 | track=2b47a1d849a92fa0f95d4ffe27bdf024
global_step=447968 | return=-64.65 | steps=45 | track=c2e60d95630d6ac1960bf4826bc249e2
global_step=448432 | return=-129.70 | steps=131 | track=a835fa46bf51e8dbb8eb9f2809274b9e
global_step=448608 | return=-53.84 | steps=71 | track=5670f1d80e86179ed2b7b1b17abf0b6a
global_step=449040 | return=-108.99 | steps=89 | track=0e59212432d73a236e8d0c76c8c973f0
global_step=449056 | return=-29.07 | steps=78 | track=f053f25f9cf5e64ff389ed2c979496fb
global_step=449088 | return=-121.41 | steps=131 | track=a3da8fa34d0866b995b1699c9a629c59
global_step=449248 | return=-116.60 | steps=100 | track=0a9d247c0f9ce2f072e25a1062577a2e
global_step=449312 | return=-309.39 | steps=330 | track=ce631a43752edda75ce07ebf8c33a706
global_step=449328 | return=-255.80 | steps=333 | track=346508a5ee546609a397147e11780a59
global_step=449376 | return=-146.21 | steps=131 | track=774e53184803416931b81969e12bc393
global_step=449504 | return=-155.42 | steps=131 | track=1defb78b405bc8a9252b8b5053f6f592
global_step=449696 | return=-134.55 | steps=131 | track=b76aeca32030e5bacbb043eb6ad9421a
global_step=449712 | return=-148.74 | steps=131 | track=c6913a99ebaeb6127600f088b3dde4cb
global_step=449712 | return=-144.00 | steps=131 | track=69399b32947774e6296a5938183b66bf
global_step=449760 | return=-139.78 | steps=131 | track=88b277473405bf3ab88963250e9ea937
global_step=449792 | return=2.23 | steps=84 | track=6604738b49a9a4fde9a4dba36fe6bdf3
global_step=450080 | return=-136.69 | steps=131 | track=093a04057a025ffef0ef4d34a085b1dd
global_step=450352 | return=1.66 | steps=64 | track=4a8a3e3d678ebeff706a82d5425b2a8c
global_step=450384 | return=-30.72 | steps=70 | track=115671bec7a32af0a454ddc8db859815
global_step=450720 | return=-137.93 | steps=131 | track=26761aa6a59973b869862550181e804e
global_step=450752 | return=-0.27 | steps=65 | track=e3dc39062be3ac2897ba77f96947489a
global_step=450912 | return=22.88 | steps=69 | track=4dfee89f9b572af6f100181bc708715c
global_step=450960 | return=-104.40 | steps=90 | track=a94bb0ad067df39ef7bd03cf810049b7
global_step=450976 | return=-58.06 | steps=119 | track=f55e07a76e16ac43d149240b3098919a
global_step=451104 | return=-115.51 | steps=110 | track=9da5bfbaa3ca55aaa2c9c3ef637ef0da
global_step=451184 | return=-146.57 | steps=130 | track=30e93b7796ed7b2b781e7b577d4a6a57
global_step=451488 | return=-142.31 | steps=131 | track=3d730e472e17eef0727a92325313eb1e
global_step=451488 | return=-52.17 | steps=152 | track=65e470f9d0edf761c8340fc78b8e0681
global_step=451824 | return=-132.43 | steps=131 | track=44cb57572f5cee95af6edef31fccb010
global_step=451856 | return=-111.10 | steps=133 | track=c1b6c49fa1d020c4a9f1fa32edc4f296
global_step=451872 | return=-128.09 | steps=131 | track=4c566e8a5a6503a47a167073e6fe3985
global_step=451888 | return=29.97 | steps=284 | track=7abdd5b1b7dea8952225e6b0570cd5d2
global_step=451936 | return=-18.17 | steps=60 | track=bf9c7c1686f6bd3e115a8106f39f4843
global_step=451968 | return=-64.84 | steps=75 | track=5afcfe223e64f8bebb0fd800a30cccd1
global_step=452192 | return=-143.61 | steps=131 | track=11112683590b2ef7ae7e74fd5f3a3e58
global_step=452208 | return=-25.89 | steps=63 | track=3626d23f963b37906aa33b27f6bf771f
global_step=452496 | return=-138.70 | steps=131 | track=259ad5cd43fce44fa8c68b851d7d138c
global_step=452576 | return=-90.75 | steps=67 | track=07348fdac6b43588fd52b945946f6ee4
global_step=452672 | return=-36.25 | steps=73 | track=d45b1b7470b3254e44aae2c643295e6a
global_step=452688 | return=-114.65 | steps=110 | track=64ec8758a9ca27fd27ea5f041589a66f
global_step=452912 | return=-97.83 | steps=136 | track=cafb7c5879c27277e063084dd83e29a7
global_step=453072 | return=-135.69 | steps=130 | track=db21e0ca26eb0551297ac26a67147cfd
global_step=453216 | return=-154.00 | steps=131 | track=3b69a789dd437cce86e24a75d05928ce
global_step=453264 | return=1.81 | steps=80 | track=8ae877305343d2c8f458ad468adeb24b
global_step=453376 | return=-89.90 | steps=89 | track=b3f346db4baca436123e6959da9f4a88
global_step=453440 | return=-41.71 | steps=47 | track=4539571c21798fcf1b10ed6c95284559
global_step=453520 | return=13.32 | steps=82 | track=3490039378a8d4c47269c92ded0d337c
global_step=453936 | return=-70.28 | steps=89 | track=fd63e5bbad6cd099284488ac4722dfb5
global_step=453968 | return=-142.78 | steps=131 | track=36a53e4ee4f65c1790cd06905dd8b334
global_step=453984 | return=-150.55 | steps=131 | track=a8151a0421e2f294389d7fa84a82dacc
global_step=454000 | return=-142.09 | steps=131 | track=91ef95a38cd411a917a5efaf8040b343
global_step=454304 | return=-140.96 | steps=130 | track=4f8c8a85755444be13c0ea112f8ed4c4
global_step=454416 | return=-36.25 | steps=60 | track=5daba63322a245903fdb4ede4ad2a71b
global_step=454432 | return=-48.36 | steps=56 | track=3fcbf66282fbe43b4ff4bd9f0101430e
global_step=454688 | return=-151.46 | steps=131 | track=35a4dec3e011c0405944e4ea95e4ebfe
global_step=454800 | return=-147.49 | steps=131 | track=537a87f39417c67577f8fabd752f7fdc
global_step=455008 | return=-107.74 | steps=120 | track=b13bfa3682f3d6dfa25eb76d9fda0007
global_step=455008 | return=-145.05 | steps=130 | track=13b1c4e2a33552c2ce240833476003fb
global_step=455136 | return=-130.17 | steps=206 | track=8b7dbb35f295ecb25d67764f76b23c78
global_step=455328 | return=-158.01 | steps=131 | track=82d16b0fd55dabfbe8ae8fceb126862b
global_step=455360 | return=-151.78 | steps=130 | track=2aa88380a87f72731a5df53f059f4e95
global_step=455360 | return=-28.90 | steps=58 | track=b53cf32ecab38bc1a153bc2ba604d9d2
global_step=455472 | return=-84.31 | steps=93 | track=7bc0bdbf445b488c3adeab2521b7a915
global_step=455488 | return=-138.64 | steps=131 | track=b323509cbac4d2834eb4df7c4a97eb73
global_step=455600 | return=-42.09 | steps=327 | track=aeeebb1083ca16094a53caf908509920
global_step=456048 | return=-152.17 | steps=131 | track=85e36abb19ec5033820214339da36fdd
global_step=456096 | return=-138.19 | steps=131 | track=70303f19c860f9e93c2f0d440d7e8ab9
global_step=456112 | return=-144.19 | steps=131 | track=4580aa16c3ed0bf05a35c7b8323209cd
global_step=456416 | return=22.21 | steps=67 | track=7d171c38472a7849e60923c459a6b83e
global_step=456416 | return=-141.16 | steps=131 | track=eaf4cf1a8b6ab5036c3b292109bb4d6b
global_step=456448 | return=-109.54 | steps=89 | track=a642f663f2a01e9927a96c9f5d5c9b92
global_step=456544 | return=-152.89 | steps=131 | track=f21bbc2ae619d793e7e333e1118774a6
global_step=456816 | return=-143.11 | steps=132 | track=866d3b976d8b800d4791918d5d8cb8bc
global_step=456912 | return=-144.57 | steps=131 | track=0003b28e2eb1992fc59d55cab5c8f667
global_step=457120 | return=-138.19 | steps=131 | track=d4b066332d3869b8b1ca1b16c2f76364
global_step=457248 | return=-144.54 | steps=131 | track=576af97e6103edb6cf7cea3c07a01a6d
global_step=457472 | return=-153.38 | steps=131 | track=5361e2d2be6dd26c0e8b99832397e071
global_step=457472 | return=-142.24 | steps=131 | track=b4d77a30acd5024ba62ed3a4a083c543
global_step=457536 | return=-24.56 | steps=61 | track=8d01cdd4deab112759927f40eb9336f4
global_step=457600 | return=-131.25 | steps=131 | track=239f0ad85654a954ae768094271c8e02
global_step=457712 | return=-140.53 | steps=131 | track=c39fbf11d1077b9f88bd5268f7f2daef
global_step=457904 | return=-144.17 | steps=151 | track=d167d2104adc82d78fcc4c8b8be2c126
global_step=457968 | return=-59.62 | steps=44 | track=635026168682429060a01e4dae072f37
global_step=458144 | return=-151.55 | steps=130 | track=0cd938acb16d59cc5edbb5b7d3c6ce7c
global_step=458160 | return=-122.19 | steps=108 | track=f29d36a40fd1cf4e3f2f4c4fdb5038b3
global_step=458208 | return=-149.20 | steps=131 | track=54f59d97afd7a053c4f18519a91862c2
global_step=458224 | return=-149.66 | steps=131 | track=2dd2957a8c412f8c220ec5642ab9d480
global_step=458528 | return=-140.94 | steps=131 | track=f25aab812a1f9100c36cc0446c20ec8d
global_step=458560 | return=-138.71 | steps=131 | track=570c4a9d539987e0b4115e3870cf29dc
global_step=458752, SPS=66
global_step=458928 | return=-142.10 | steps=131 | track=abae6b4f80a5a05c3f7a7da5f8a54aa0
global_step=458992 | return=-72.38 | steps=94 | track=66cbb31cba4cde6a0c545b2c419d961a
global_step=459024 | return=-141.16 | steps=131 | track=842c17a05ff3025a4b96a23f2706177b
global_step=459216 | return=-21.11 | steps=62 | track=22122dc30a838bb1ec86c0781fb3443a
global_step=459232 | return=-147.45 | steps=131 | track=42101d556635095b88a2f14eae14199e
global_step=459312 | return=-62.11 | steps=48 | track=7e9e5a8b94ce5c7fc24d179585b20dac
global_step=459584 | return=-166.30 | steps=131 | track=5f5debe7f3e79f0e213e8aeaced2acc8
global_step=459632 | return=-147.30 | steps=130 | track=afe007096e477e8a6b0e288934d25cbe
global_step=459664 | return=26.92 | steps=68 | track=0463ed31f0aa7049e00e0d8813498f70
global_step=459680 | return=-126.24 | steps=110 | track=a4ddfc43e4938b8f7dcda95ff469129d
global_step=459824 | return=-143.21 | steps=131 | track=2b6446b5b64d54145940b3035a380fae
global_step=460064 | return=-140.18 | steps=130 | track=31efc7baabfbd35ae35f4fc3717b06d4
global_step=460208 | return=-142.52 | steps=128 | track=3734dfae717e1d33a53cd6e5272380b4
global_step=460272 | return=-138.27 | steps=131 | track=8d784b00e9994b1146781f4634219033
global_step=460304 | return=-51.16 | steps=66 | track=2c4628b507c0dadc268932fe01e4b215
global_step=460336 | return=-138.45 | steps=131 | track=069086af2f4ea286ad8a93747c711bec
global_step=460800 | return=1.95 | steps=75 | track=16f11a76866f1d7318dfcc39de4cc674
global_step=461040 | return=-111.58 | steps=131 | track=e9946a1304f9994b50743a1aad23071e
global_step=461104 | return=-142.74 | steps=131 | track=a886442a1bd2352c6b4c000a820d3b27
global_step=461136 | return=-138.93 | steps=131 | track=63ca6a21f049be8c977d37d9a4300e01
global_step=461200 | return=-39.64 | steps=95 | track=8cf0bfad72ab23ca6a9810e1158b9a6e
global_step=461200 | return=-26.82 | steps=61 | track=c4c1416b6a687678212ebd4b76b3fcd0
global_step=461200 | return=-68.34 | steps=53 | track=9c911789d2cd2226d7da2b6af8946afe
global_step=461328 | return=-144.75 | steps=131 | track=bd2b566f9978608bdc19493d93499605
global_step=461424 | return=-143.01 | steps=131 | track=a3fe938b2a9c3fad269a2e9ce28e4cbf
global_step=461744 | return=-147.68 | steps=131 | track=39fc467a3215cc77f80ba54a35fc4d2d
global_step=461792 | return=-132.41 | steps=131 | track=3c93dce1de532bfef3990ff42ddceea5
global_step=461920 | return=-104.36 | steps=130 | track=788a2394644bb808c7e36831834ff074
global_step=462304 | return=11.05 | steps=68 | track=2b30bf12c477d4a9c3e14af0498b4060
global_step=462368 | return=-96.87 | steps=143 | track=1910e180870d8c6917f4eaed74464cc0
global_step=462384 | return=-147.80 | steps=131 | track=d28030ec3571ea38ef00ec2b5ca51fd2
global_step=462400 | return=54.70 | steps=60 | track=7e7f32c9cda1016f66890dac03c9ebb4
global_step=462464 | return=2.49 | steps=78 | track=fef277715c07df1d73160f6d53eb2152
global_step=462496 | return=-113.70 | steps=136 | track=b4fc2a103ba9d73a01c658ead67294cc
global_step=462704 | return=-74.01 | steps=97 | track=500cb23ba13a4590c995baa2b0bfb3ea
global_step=462896 | return=-144.34 | steps=130 | track=a0ca0e1acd0ca1f1ff46d95a95bbb22d
global_step=463120 | return=-90.53 | steps=74 | track=2bb64f942d1f15d8fce603b5e6aeca67
global_step=463136 | return=-145.28 | steps=130 | track=461945366e184d127539bb0b42f397e0
global_step=463200 | return=-267.32 | steps=349 | track=ce8f3725105582bc490c37e84ee673a2
global_step=463296 | return=-139.88 | steps=130 | track=ce11a794bcf42655c5933f10e7203892
global_step=463392 | return=7.82 | steps=67 | track=66f68c69d7f285d7fa95ba86a460b628
global_step=463440 | return=-142.56 | steps=131 | track=803868b4e9148b43abd9032f58cf49ad
global_step=463552 | return=-33.24 | steps=152 | track=2db6b3961064113a280527ab03ae5ccb
global_step=463856 | return=-116.11 | steps=131 | track=a8fd2dbb65586502b86dfaac85725dff
global_step=464048 | return=-148.46 | steps=140 | track=953242f6302dea24ce3d2150396f99fc
global_step=464240 | return=-116.15 | steps=95 | track=9ec25685bc4af8cdc4e9cff8eb0af584
global_step=464480 | return=-140.07 | steps=131 | track=e3371195afc82665de6780f275901286
global_step=464496 | return=-129.40 | steps=131 | track=9edd72a029f772c5fcfd3e6444fc08b2
global_step=464512 | return=-146.13 | steps=131 | track=95db2fe60b055c38003f4631b546c502
global_step=464592 | return=-147.54 | steps=130 | track=a09956672d87e5131d181ad3bac964d9
global_step=465008 | return=-136.70 | steps=131 | track=b9295e150455a6b04de9b8cae25a6586
global_step=465152 | return=-125.52 | steps=106 | track=e724280710e716e1015fc882d00f5cda
global_step=465232 | return=-147.12 | steps=131 | track=4d63a94757891f2fb858e5378102bc42
global_step=465280 | return=-52.59 | steps=47 | track=1e49f1440abf0a54fd959de4987bdb56
global_step=465312 | return=-139.95 | steps=131 | track=7d89eb286aaa275c9bcdafa25596325a
global_step=465408 | return=-141.75 | steps=131 | track=a0c380bb8b02ae56d9921a82b6392e23
global_step=465504 | return=-145.00 | steps=131 | track=b9cd233d66fa1e4b18ffe31f36df6702
global_step=465664 | return=-140.07 | steps=131 | track=30526a2b29c683389665eec4361f3a2b
global_step=465824 | return=-95.56 | steps=110 | track=52ba09bc2d4d161fd5ddbe2e4a6ba894
global_step=466192 | return=-94.06 | steps=145 | track=e3ba0894cfe7ce9b281fba23f31def64
global_step=466544 | return=-59.67 | steps=44 | track=626d694671f1e52746a7a1884678a0c5
global_step=466592 | return=-101.71 | steps=89 | track=dad64e6d20cfc70584a9333df798fac3
global_step=466608 | return=-140.13 | steps=132 | track=4b9c8188cc10891b505629decbb46aa2
global_step=466720 | return=-150.66 | steps=132 | track=d148a532f3450777352f9ac3e8f6bd5d
global_step=466816 | return=-98.31 | steps=144 | track=2cac0a0251d2fc2018226a28f9f8a658
global_step=466864 | return=26.90 | steps=96 | track=6d455efbd725011da745aca8ec253eed
global_step=467120 | return=-132.51 | steps=131 | track=24ad75a611cedbf800ffb10fcb9a6d5d
global_step=467344 | return=-78.80 | steps=193 | track=70c7bbe2db071cacc0593cfda551b050
global_step=467344 | return=102.15 | steps=120 | track=f08e39f07efd23e9496db328f94eb5ae
global_step=467392 | return=-138.96 | steps=131 | track=46ae0bde794ac10c7145253b9a12b1a4
global_step=467392 | return=-210.35 | steps=307 | track=00291226f12b0131d797142746c43e65
global_step=467616 | return=-143.01 | steps=131 | track=68252f48d23c6284a991b41f461fb481
global_step=467632 | return=-48.58 | steps=47 | track=735f82fd0c1047e0a05b3542b9819d70
global_step=467776 | return=-147.60 | steps=131 | track=a1881b116f6460da9bc8a143824770eb
global_step=468096 | return=-81.76 | steps=79 | track=5b1bb8ca4763fb30e082ac52b51f21e6
global_step=468256 | return=-89.54 | steps=128 | track=ccfdf458e47590d6c37c5d2dc63076db
global_step=468464 | return=41.03 | steps=69 | track=32159776c12c65d9ff5d91047a91c9eb
global_step=468704 | return=-150.15 | steps=131 | track=f71575a305a9dadbfa2d6127c56ac4ce
global_step=468720 | return=-139.41 | steps=131 | track=1bcfa22d76ff2e514b6f4f8750113a0d
global_step=468816 | return=-261.50 | steps=354 | track=d4cf73955a12b5181661ec5fa0e5c03c
global_step=468832 | return=-99.81 | steps=131 | track=75a04843925416f4e8068ce6613bb098
global_step=468832 | return=-44.53 | steps=75 | track=cbf4714ba5ee581dda7527dea388607f
global_step=468880 | return=-54.39 | steps=227 | track=101c1e0f6bfc37aaa00b47b1f276acd3
global_step=469184 | return=-113.78 | steps=111 | track=7e377d7e07ee30960dce3df984c5cfbf
global_step=469232 | return=-135.11 | steps=131 | track=58712966d757f3af629d406bd9d7e19c
global_step=469456 | return=-115.76 | steps=131 | track=3ce0ae6218424b92a9116c83d2ab918b
global_step=469488 | return=-157.87 | steps=130 | track=f7807d3ec9a9b3b664f7ed4dd9a48ded
global_step=469568 | return=61.25 | steps=188 | track=af1d0ef43945b209f66bf7cd50e1e29e
global_step=469712 | return=-22.20 | steps=62 | track=3f698e734adc902afa3d17983919168f
global_step=469760 | return=-144.63 | steps=132 | track=b95fd6192f710c114eeef3267a6d6133
global_step=469856 | return=-10.86 | steps=99 | track=f487a1dac2618a7f5d152c8ddebdc129
global_step=470208 | return=-140.81 | steps=131 | track=2197f3f047486f78e3fd77b04fcc3e50
global_step=470240 | return=-20.67 | steps=62 | track=82e5934e4d25036098edc350bc0faa23
global_step=470288 | return=-74.55 | steps=91 | track=6c6c228ad21fba54d964a927d98fc1c1
global_step=470496 | return=-17.47 | steps=62 | track=c16f22dfa157cb6ea129d6405bd0eb26
global_step=470576 | return=-133.48 | steps=131 | track=c4a5ea9394ab9cd7b81459ea13a722ee
global_step=470832 | return=-142.80 | steps=131 | track=aba0766fde9b9dc6895b61c5357ab1bf
global_step=470944 | return=-134.53 | steps=131 | track=7de6d5f7cc76bb2db344b527d7cc4f48
global_step=471040 | return=-97.07 | steps=137 | track=8b629b4fca6af50921cdbf68265729d6
global_step=471216 | return=-106.97 | steps=90 | track=1bb968a38e11b599a3d4d128c722915a
global_step=471296 | return=-143.59 | steps=131 | track=a65fb594e17d25ac9fea1cb6a843598c
global_step=471344 | return=-107.30 | steps=101 | track=202ba27e3182b5eb76bd8a2f9d14d2c4
global_step=471568 | return=-144.38 | steps=131 | track=4381bba43eeeed60199624c7f01043b2
global_step=471904 | return=-123.07 | steps=257 | track=ab8c9e10576ccb30fc4fa0f020f8fe3f
global_step=471968 | return=-146.52 | steps=131 | track=879c21e8c6fcc8a51478a8bf04defebf
global_step=472016 | return=-141.69 | steps=195 | track=3caebb62678fb099c336aa656ef34281
global_step=472112 | return=-122.54 | steps=100 | track=b250963c1157ce13afcb5a1584f92703
global_step=472256 | return=-27.32 | steps=167 | track=745b3cb1ad98847505295dc123d88d97
global_step=472320 | return=-130.99 | steps=131 | track=4daf6dbb4088806d35900fd85bf23c19
global_step=472400 | return=-143.20 | steps=131 | track=88e2687844f27e487692ff2b1c1ed1d5
global_step=472480 | return=-110.70 | steps=102 | track=d160a7e25a24796cab5d74a52c1f3912
global_step=472688 | return=-141.79 | steps=131 | track=effb902cd48d62db738a227843254a59
global_step=472896 | return=-77.21 | steps=48 | track=41959988c72174d3bbd7b5fc4917b8be
global_step=472992 | return=-123.68 | steps=110 | track=28d772374ecddc7a1aa0986e0d5e64b6
global_step=473056 | return=-139.35 | steps=131 | track=9a9c9480dda7c4baadbd1019410822d2
global_step=473104 | return=-7.64 | steps=67 | track=bdc2b16e2e70dc6d335c4c020c898680
global_step=473408 | return=-147.30 | steps=131 | track=25bcb1c8e4cedd8f7ad683cb334b7ce9
global_step=473456 | return=-154.71 | steps=131 | track=b94ef6d5f5611a9a847703e696298a54
global_step=473680 | return=-143.38 | steps=131 | track=c5b30e09c6296d55fa1d79b1f308d31d
global_step=473936 | return=-147.58 | steps=230 | track=c2504e8a37ca6f3be881f66c240221a0
global_step=474432 | return=-134.20 | steps=131 | track=3846174a6da049b37932b8b22cf21aaf
global_step=474512 | return=-140.30 | steps=131 | track=4698cd8f9e2cf07ec4f34fc4cf9a645f
global_step=474688 | return=-134.56 | steps=227 | track=d6797d5346b7f44582577aef4935f8df
global_step=474800 | return=-143.01 | steps=131 | track=28c11cbb80e9a6dc19c5d2c31a6b50af
global_step=474816 | return=-171.71 | steps=181 | track=b1ae4929c2a68d1c7bdfe8561306c249
global_step=474848 | return=-26.40 | steps=72 | track=df16fd541ddfb3bcf32b609f2731a42a
global_step=474944 | return=-130.81 | steps=185 | track=d10996e8be09121ae3cf73ad24d043cb
global_step=474976 | return=-9.36 | steps=64 | track=3dcf72683e54a48ce10186297db68dba
global_step=475088 | return=-143.87 | steps=130 | track=6acda0d627657df7ffe20d138bf24a56
global_step=475136, SPS=66
global_step=475152 | return=-147.30 | steps=130 | track=bd269a237f73f9cddfdf59857344b392
global_step=475200 | return=-139.99 | steps=130 | track=49ca05e51f26864652c5d0fb438c4804
global_step=475520 | return=-157.63 | steps=131 | track=3e7c3fb0709bc3c35eebd2fd4602382d
global_step=475568 | return=-135.10 | steps=131 | track=619d91e2365765678ce231c0d417d298
global_step=475584 | return=10.54 | steps=66 | track=5d0ed4569a04e720a6cc97e2bda8ea19
global_step=475792 | return=-45.53 | steps=206 | track=00bf073ec3a580d69c8c1bbfc3ff2b20
global_step=475856 | return=-41.87 | steps=40 | track=95f59763326f1cbb91a432975e0b7303
global_step=475872 | return=-144.81 | steps=225 | track=7eac29602a7955a9513ee35d2e710c5b
global_step=475888 | return=-15.83 | steps=56 | track=0dd976f3d400cb30fc90a9a8600e66cb
global_step=476016 | return=11.85 | steps=75 | track=89a5cfbe351fd33efda83bca334aae6b
global_step=476208 | return=-112.79 | steps=110 | track=0a1394a69695c82cb24362a65a667edf
global_step=476640 | return=-57.24 | steps=52 | track=39ded0c52693dee633864c8485c3e941
global_step=476800 | return=-138.71 | steps=131 | track=f60a3f16ea32282e701d7ea9d5e71c3b
global_step=476928 | return=-148.57 | steps=131 | track=1ea830528a96fe791e7493b7d7640c6d
global_step=476960 | return=-127.12 | steps=131 | track=bfedc3329897c7b430494cae98cc7441
global_step=477056 | return=-148.17 | steps=131 | track=da8eba1890a59cfe5a93be233dac105c
global_step=477072 | return=155.79 | steps=73 | track=2df6abeebb5e1754ffeee04ee0174596
global_step=477088 | return=19.95 | steps=66 | track=d143d11807f50e0238729019c5da43ac
global_step=477200 | return=-141.51 | steps=131 | track=ccb10d3a06a4618a3fbbc3bd3b6804e3
global_step=477264 | return=-1.84 | steps=65 | track=331e20a7ea5f3eb484a5f3f9fa1cb9d9
global_step=477264 | return=-133.72 | steps=131 | track=1d5392ec26e4810e5181e639f25e896e
global_step=477616 | return=-47.57 | steps=42 | track=cc360bb5dc74759277e658d539f1d170
global_step=477632 | return=-141.16 | steps=131 | track=ed4aab93918063495a9d39c77abdac0e
global_step=477680 | return=-143.38 | steps=131 | track=f5789605c67a5553d00292fd99f41a42
global_step=477696 | return=-132.87 | steps=131 | track=b787f087b0d4a427e834778d4b440964
global_step=477792 | return=59.04 | steps=305 | track=e412fbbf8560879b569a9fac36ca0860
global_step=477936 | return=-58.68 | steps=45 | track=548063ad1450a355e80a23ecce72c6b1
global_step=477984 | return=-135.50 | steps=131 | track=70d80864b94dd7498efb1c253e3d7f18
global_step=478144 | return=-76.38 | steps=93 | track=7bb907c31d9d1b2de2e9d168f19b3bdf
global_step=478208 | return=-4.31 | steps=71 | track=06744680ced484ba552829541d98f3eb
global_step=478240 | return=-74.13 | steps=79 | track=5183f4fbfa7822708fd1945fb316941f
global_step=478336 | return=-47.22 | steps=154 | track=dfe5940330397471f79d5e401c1281d8
global_step=478736 | return=-58.65 | steps=91 | track=c198fbbf12fd71573bc24b865649ede6
global_step=478832 | return=-113.68 | steps=108 | track=8bdd16c3def72455057db74b52e1b9f9
global_step=479008 | return=35.05 | steps=66 | track=e343e737a019c8e55d1d4e71fe627d02
global_step=479184 | return=-137.50 | steps=131 | track=aded0b0937ecf4e35640d47cfc9222c7
global_step=479296 | return=-42.14 | steps=67 | track=d8ab5f6055523e51d3a3dced5014ee51
global_step=479360 | return=-127.03 | steps=107 | track=272f5ab62052320657363d308da38fbe
global_step=479376 | return=-142.00 | steps=131 | track=b51fc1d506b7979ab77f5941ccb4598f
global_step=479424 | return=-61.93 | steps=89 | track=42e72b235adacd6defacfb64ace6ba46
global_step=479728 | return=-146.67 | steps=131 | track=63ec9e9158a939c1a43afd4b1626eade
global_step=479792 | return=-138.49 | steps=131 | track=ca8817733f4358bc30be50f0cc60328b
global_step=479808 | return=-139.12 | steps=131 | track=1a613cb181a1ae23a15b02a23746980d
global_step=479824 | return=-72.08 | steps=92 | track=91722d7470f0af0d2b972d12af2ff548
global_step=479904 | return=-129.64 | steps=131 | track=5d22598fcef5df8b3adb23ff6e6f3a6f
global_step=479952 | return=-134.19 | steps=106 | track=eb7d2bc86ba9c9f5c947d4159ddafb29
global_step=480064 | return=13.05 | steps=76 | track=21b839feea14bf0d39574bcf94d6e947
global_step=480240 | return=-120.98 | steps=130 | track=4b84e76c46cfe84cf05ba936ec9d6252
global_step=480256 | return=-2.02 | steps=66 | track=261e0c4d483c6673f09189d108d88cd2
global_step=480528 | return=-175.76 | steps=232 | track=18062af870e227d9f3fc99aae526a5f7
global_step=480640 | return=-107.56 | steps=101 | track=0b30be62e77171407d7be4b4f4ce43fd
global_step=480848 | return=-144.48 | steps=131 | track=ba49e7571bb69b8527817472290a1fe8
global_step=481248 | return=-41.53 | steps=44 | track=10b1c840b60290505da283168de39589
global_step=481280 | return=-87.88 | steps=123 | track=37c70c7f87a9eba2e73da9ff9e9f9f9d
global_step=481472 | return=-150.37 | steps=131 | track=79f0dbbbd397c1f71495ce5750e45c06
global_step=481488 | return=-132.73 | steps=131 | track=8d5abe6e75945085a673f715f22ce104
global_step=481520 | return=-138.95 | steps=130 | track=df32a2b2605f210f2391e8121a8d54da
global_step=481696 | return=13.90 | steps=65 | track=a49d8dd12aeb956c3d3c9c797d1b3239
global_step=481824 | return=-112.34 | steps=130 | track=dacc7409be3e8eab8589120a34d21cb2
global_step=481904 | return=-110.03 | steps=130 | track=4aea18bcc6f18032367cedc05b935fa1
global_step=481952 | return=-139.62 | steps=132 | track=2ddc1e6322edecf794d5b3349226cef8
global_step=482016 | return=-142.39 | steps=131 | track=8cea2799b0cf106b96dc2f8ecf5fe3cd
global_step=482064 | return=-136.00 | steps=131 | track=26ba1fa796166e36d6954b8622d79379
global_step=482352 | return=-133.54 | steps=131 | track=51874c7ad1a968e44028734cd0db5c5a
global_step=482352 | return=26.14 | steps=66 | track=e890d752bc05d421ac437ce096a002ac
global_step=482368 | return=-110.50 | steps=131 | track=824381a8811813923c10946f4decce18
global_step=482608 | return=-113.17 | steps=158 | track=02ed87803192e49095bf0e2fc525b4ee
global_step=482912 | return=-26.75 | steps=62 | track=41d45bb39c3d9a407d970cdf979712da
global_step=482944 | return=-74.74 | steps=90 | track=f3de693473c06bd4d57eb92a8836aa7f
global_step=482960 | return=-145.51 | steps=131 | track=46d5261761775746d22b6f8d09f803ac
global_step=483040 | return=-42.38 | steps=111 | track=b80379cc99b4f9ae9953fa74274f1724
global_step=483056 | return=7.12 | steps=64 | track=8d30e181181d17c237d53eaf05a62446
global_step=483456 | return=38.01 | steps=68 | track=585920e46ea2d3a9e532d75668cfb6b6
global_step=483568 | return=-121.00 | steps=130 | track=4936daeaf1db034cb25372e2e3252a70
global_step=483600 | return=-65.79 | steps=110 | track=4849792a69ecea701680442e04dfae8b
global_step=483632 | return=-135.34 | steps=131 | track=b1779c8f348ec5e85e92c0e515f7de03
global_step=483776 | return=-110.41 | steps=106 | track=facdf3a9312dd4c957c6924fd13db6ce
global_step=483808 | return=-85.28 | steps=89 | track=0b564181cde72eec5264df3aa6497c76
global_step=483920 | return=-4.38 | steps=62 | track=d06e6e99fdfe59740c1b9ceb6cc08750
global_step=483984 | return=-7.77 | steps=64 | track=0a93989dd2f924ac2871c5378264ee42
global_step=484064 | return=-148.75 | steps=131 | track=f9b997a33339084cea26611aed8ca2dc
global_step=484080 | return=38.01 | steps=69 | track=b29bd741e224299ca791e4268625d6eb
global_step=484240 | return=-143.61 | steps=158 | track=0807c489ba202d922b119f669e2b9d62
global_step=484464 | return=-138.15 | steps=131 | track=0bd0f122069b412d2abe625dd8ab1c71
global_step=484496 | return=13.58 | steps=293 | track=a70af7ce226e59151e02200ae22e9bfe
global_step=484720 | return=-138.96 | steps=131 | track=30a2f9b23637db05fb05edf6d8f45ce9
global_step=484736 | return=-34.71 | steps=79 | track=53b8f0b45569a62af3ea6298474fde59
global_step=485104 | return=-38.86 | steps=63 | track=085b96dc46105cd1138e917f662f0c4f
global_step=485296 | return=-97.23 | steps=139 | track=ee906abc31f041f5e82abd5798840346
global_step=485568 | return=-129.61 | steps=157 | track=6ed3f3daae0f534b1ba4d0e9e8e83def
global_step=485680 | return=-142.40 | steps=131 | track=b3026a38896d249ef2e678e25e4ac836
global_step=485712 | return=-143.01 | steps=131 | track=545114ba4c37f789848bdd4b7ab97dbd
global_step=485744 | return=-133.20 | steps=131 | track=ce269a93fadce7d4c74492c3c18c0aa8
global_step=485888 | return=-133.24 | steps=131 | track=ba8a209b9c51c208a11d61999b8bcee4
global_step=485904 | return=-106.34 | steps=89 | track=2ba15a655a04445715d74299ba70c035
global_step=485920 | return=-147.05 | steps=131 | track=4a37224e15a7dee147c15b24b8e7588d
global_step=486032 | return=-152.61 | steps=131 | track=e6a1e173b22526d0bb3f2eb660bc472f
global_step=486096 | return=-138.94 | steps=131 | track=23f019859a9d62219b1d777936a05614
global_step=486352 | return=-134.43 | steps=131 | track=3f6bb149b771a2ce8746a3a9f880248c
global_step=486544 | return=-77.57 | steps=89 | track=bba55415c342f50cfd8d989b433f354b
global_step=486608 | return=-138.79 | steps=131 | track=27206190d155210444073d289cb7f2cb
global_step=486832 | return=-142.96 | steps=131 | track=dbb643d969721ffec3a09cfccf43fa4e
global_step=486848 | return=-157.32 | steps=131 | track=9436237e52a0a5a8fe916912d80bfa67
global_step=487056 | return=-117.48 | steps=186 | track=5f9c6444d515c27f525d6f987923923b
global_step=487152 | return=8.54 | steps=69 | track=15fad3919a525abea5e68e14432d34e4
global_step=487168 | return=-28.59 | steps=92 | track=e3224a1d10164c2f253b106fb200cc58
global_step=487344 | return=-65.00 | steps=49 | track=30d6433b6e19d81f1d39135348d56e22
global_step=487376 | return=-149.61 | steps=129 | track=77f1b9bc8809acc1a8d99f6b8ddbe966
global_step=487680 | return=-145.41 | steps=131 | track=2fef9fffa89ee1f305227f383e6980fd
global_step=487728 | return=1.62 | steps=69 | track=16ffa6dc6ffd054bd67a7be97b783879
global_step=487824 | return=-134.45 | steps=131 | track=e4d0ae60556cc3afb0017c3d376434bf
global_step=487856 | return=-134.55 | steps=131 | track=9e6efbbb8f5805f1b4681c32adaf3af1
global_step=488000 | return=-132.01 | steps=131 | track=ce45937f288de1cb664dc867c6098621
global_step=488000 | return=-152.07 | steps=130 | track=7a0d897b459d194d5a0e8e5cf8a1b9bc
global_step=488192 | return=-140.74 | steps=130 | track=8e139baf21393e88a0f34d95f5faec3b
global_step=488464 | return=-107.31 | steps=131 | track=74dbe34395d94e3f5109249a009da37d
global_step=488592 | return=-101.27 | steps=88 | track=4f13128f7a3be33fb6759153afdb6966
global_step=488624 | return=-75.44 | steps=110 | track=83123fea4041a7a5e1cbbeba424f7e67
global_step=488704 | return=-38.04 | steps=60 | track=42a31a9dec953958b29769b3dd935d74
global_step=488800 | return=-108.22 | steps=88 | track=50081e5ee58c418e998c2208979f9109
global_step=488944 | return=-122.53 | steps=131 | track=ad902156c6343b7d672628277726a056
global_step=488944 | return=-62.64 | steps=188 | track=6dfd1f6c123e3b02a8d31c175eec0755
global_step=488976 | return=-13.13 | steps=60 | track=72dfb77dd8ce9787c71247735c54348b
global_step=489248 | return=-146.36 | steps=130 | track=aba82df4b3997d4e35c93f4fdcdeac30
global_step=489264 | return=-49.91 | steps=41 | track=38f576d0ac0c73fad863c7e8a3be9360
global_step=489408 | return=-93.73 | steps=107 | track=fd018b8a744d044668904065842d99e2
global_step=489456 | return=-142.53 | steps=131 | track=b4a05b557a0f440522e727de2fcb4350
global_step=489936 | return=-146.16 | steps=131 | track=7017c57f9b5d6e13b8fd099f492aba31
global_step=489968 | return=-148.74 | steps=131 | track=50c215c742863983d6ca3fd46d57cd1e
global_step=490112 | return=-143.34 | steps=131 | track=97256350764565aaaec78f541d76e0bb
global_step=490304 | return=-146.77 | steps=131 | track=adf144f03090a638907e41e902fa2536
global_step=490416 | return=-68.22 | steps=89 | track=293cfb20d5d11f70a75a0adb0352c572
global_step=490464 | return=-118.59 | steps=114 | track=6147b315aca3ee95d6f713bef49c5a9d
global_step=490560 | return=-145.19 | steps=130 | track=700e02714684b74b6a909c2c82a550a5
global_step=490992 | return=-29.39 | steps=63 | track=99ef7711e2ccfd602206474e3bf4fae7
global_step=491168 | return=-101.75 | steps=147 | track=8597729464d3a048695c3ae8307ccbf6
global_step=491360 | return=-155.32 | steps=131 | track=06cda65602ec4ac9e304102e06561c3a
global_step=491360 | return=-3.64 | steps=65 | track=517944db77464b8eda42ec0483b27fad
global_step=491376 | return=-15.68 | steps=166 | track=fd05d9f4f97467970cb785057da1a94f
global_step=491392 | return=-138.00 | steps=270 | track=18cb2ecdf43a75084c1cea78258352c5
global_step=491488 | return=-71.57 | steps=158 | track=9e075d6d3c5c9e9d3d1259b9689b2cb2
global_step=491520, SPS=66
global_step=491568 | return=-132.75 | steps=131 | track=a0e6d509d6544327795b8a2dd0f8d13e
global_step=491936 | return=-148.80 | steps=186 | track=c982d0f1bf3206b0e02cd093f89b8dcd
global_step=492048 | return=-139.71 | steps=131 | track=36ffe40c3d7fad08acbe6c38c06a5726
global_step=492128 | return=-111.13 | steps=178 | track=f4479f138d7aefe9fad95e4a69a8b679
global_step=492224 | return=-148.04 | steps=131 | track=6f064b2691bc5b048f5b3675601d8648
global_step=492336 | return=6.40 | steps=83 | track=4a455507e23100edd5698e82301ffc7b
global_step=492480 | return=-173.58 | steps=191 | track=efed910861c3f9b36cc753f793c92cdf
global_step=492512 | return=-139.88 | steps=130 | track=211a45d35120bde7bba2e04a8e109fa1
global_step=492576 | return=-144.75 | steps=131 | track=a8aeb5e00bb5c532af2af2bc3a01a5b5
global_step=492672 | return=-137.83 | steps=131 | track=c228db7bf878abcff014fde54b68e705
global_step=492864 | return=-90.65 | steps=93 | track=b5916c816681866b2b5bb37d8b1fbf3a
global_step=493120 | return=-70.30 | steps=48 | track=51f6d57f518dbb9510fe20dae1a0b703
global_step=493328 | return=-40.68 | steps=86 | track=f0a4acf0d47a64547eb7ed5092094152
global_step=493504 | return=-146.75 | steps=131 | track=8e0a8c409e10b4aa5db0d1a25293d9d6
global_step=493600 | return=-142.00 | steps=131 | track=98be9e0788fa5fc04684f9bf4497a6de
global_step=493616 | return=-62.93 | steps=46 | track=2d5e589e493a6adc68e156e0376eec89
global_step=493664 | return=-147.38 | steps=130 | track=4bbe5d0edb836866345d95478bc6869f
global_step=493904 | return=-156.06 | steps=170 | track=ca71f6fd05fd68efc5e2981759ddf92f
global_step=494160 | return=-142.40 | steps=131 | track=7536ec30fb33ca565689868b8e7b9b99
global_step=494240 | return=-137.10 | steps=131 | track=c007a0872a4f7db28021d6aabf655ec9
global_step=494304 | return=100.43 | steps=183 | track=fde0780d8a652859ad790f6e146e8685
global_step=494336 | return=-147.02 | steps=131 | track=f26207b88c48d978cc51dd8a0b0e0c3e
global_step=494592 | return=-16.54 | steps=61 | track=63ab11b7f8d6655c1b2494cc78f7f8e5
global_step=494624 | return=-132.53 | steps=131 | track=bbf568266faa2269aefae654a8ce42c8
global_step=494704 | return=-137.34 | steps=132 | track=5e08dbcf559a4dd3f9c128a7e2589e5d
global_step=494800 | return=-147.41 | steps=132 | track=8d96f26ee1b27083e3603e5c6fe97667
global_step=494960 | return=10.01 | steps=65 | track=b9ab97767463128435ce48b9eca45c29
global_step=495232 | return=-133.84 | steps=171 | track=ff18f5416f28c197ed909da181f64911
global_step=495248 | return=-48.90 | steps=62 | track=a2e003590aae18de512aaef72f33be2f
global_step=495296 | return=-32.52 | steps=61 | track=47c32c0317a81bbf1033080564b146aa
global_step=495440 | return=-140.07 | steps=131 | track=24744f57b7b51f41f4482e903001a7a3
global_step=495616 | return=-145.47 | steps=131 | track=cd61331948ca77779a015344a473d4e5
global_step=495664 | return=-8.28 | steps=66 | track=3b174f66cca344864195f79997266517
global_step=495776 | return=-103.77 | steps=131 | track=d079fcd257a09c4b77144445341158ac
global_step=495856 | return=-15.88 | steps=65 | track=76178e20b1f7753184be941ea25ba7e9
global_step=496400 | return=2.39 | steps=68 | track=2f9c736427d1b5d4349152012ae89ab2
global_step=496416 | return=-69.25 | steps=111 | track=c495a0bb6bcd8b449cd10cc649f9728a
global_step=496448 | return=-135.36 | steps=131 | track=6b37aa742952abecc38c1c9b92efa398
global_step=496592 | return=-8.62 | steps=84 | track=746a13e7837ea3497104891b4208e37f
global_step=496816 | return=-88.22 | steps=115 | track=89c041ae126e6c38f501cae8813d755e
global_step=496816 | return=-145.32 | steps=131 | track=91f7290aef3ddfe77f363ce0e1e3ea5b
global_step=496832 | return=6.47 | steps=65 | track=313430c1a010448dfa63b48280a54f46
global_step=496928 | return=-194.89 | steps=346 | track=eb11e9e1b2a05fd5eb318427152bd2d8
global_step=497600 | return=-82.42 | steps=146 | track=55adf7072ccdf1fca8a1f360ea3f1e9d
global_step=497728 | return=-139.35 | steps=131 | track=cb2ff4083cce19ba49b760cd5b978cf7
global_step=497760 | return=-135.11 | steps=130 | track=ecba37197c352bd5fce5fa73bcfbd8e9
global_step=497952 | return=-146.73 | steps=130 | track=7e553995a6540f10c280424c6dc7d748
global_step=498176 | return=99.86 | steps=250 | track=5f1b1d6e4b0e25edcec6d361a2d20935
global_step=498192 | return=-116.99 | steps=171 | track=bbd7c3c0fa9a77d5340dfced8f37143b
global_step=498496 | return=-105.01 | steps=130 | track=503564ce0641bfea1c7667417bd8e5f7
global_step=498544 | return=-140.94 | steps=130 | track=88d4776ef1453e30a6ac5c2b2c404bb5
global_step=498704 | return=-144.19 | steps=131 | track=95a14611a93cf897d8774cfdc9618929
global_step=498800 | return=-150.23 | steps=148 | track=d1efe3957ce3a35c51d89d79b4555110
global_step=498928 | return=-134.07 | steps=131 | track=03c1d4e2c397c1e1ca19d1fbf4a04d82
global_step=498944 | return=-132.27 | steps=131 | track=5d38271fdf846f4ba2baa7158bd5eb64
global_step=499024 | return=-31.43 | steps=337 | track=d0664f4a1261122fa90723deeae9fca5
global_step=499040 | return=-135.75 | steps=131 | track=9d5910ef5fb681606b7447f0ea60e03f
global_step=499312 | return=-29.69 | steps=155 | track=c563ad1398e9b4af7bd00a92758e9fd2
global_step=499648 | return=-90.91 | steps=119 | track=6deeab285ad07b2efd6dd994b232898e
global_step=499712 | return=-137.80 | steps=131 | track=bde53a4485d64c4043de058692961b0c
global_step=499744 | return=-67.83 | steps=97 | track=338dc440c84ecc3a600d591a977b7a5f
global_step=499920 | return=7.86 | steps=424 | track=708330bdea3c186425afc5198b3935a4
global_step=500064 | return=-148.85 | steps=131 | track=e586d8bc791255cb5302c94e980b5d6c
global_step=500208 | return=-23.89 | steps=55 | track=ea8076f5d13bcfcb4fda6fbc4579770f
global_step=500400 | return=-111.04 | steps=105 | track=97ee2c5b28de41ed278b5fab6fd5582c
global_step=500576 | return=-114.07 | steps=110 | track=137a94207fa7af6f1707252b474aadc8
global_step=500608 | return=-139.21 | steps=131 | track=16bc71cdc953707345324935c7b995d2
global_step=500656 | return=-127.65 | steps=131 | track=2cc77fe337617c948967cdab547e9c35
global_step=500928 | return=-64.59 | steps=44 | track=03b952847d941db229433bd9e7f49917
global_step=501040 | return=-138.30 | steps=131 | track=6acfc90da93cc574695693562d8830f3
global_step=501136 | return=-99.44 | steps=92 | track=e57d937e94404892ed6bfb67edeec6f8
global_step=501152 | return=31.00 | steps=67 | track=ea22fd7455417c4dfc1b8faca8f4eecc
global_step=501168 | return=-156.15 | steps=185 | track=f284d19da8849c00916f0db345f7409f
global_step=501248 | return=-136.45 | steps=143 | track=0d981c366a54a313147a7a21359884fa
global_step=501344 | return=-135.69 | steps=144 | track=58b00e95f57edbf41555d3377221e419
global_step=501808 | return=-142.97 | steps=130 | track=c4fcadf598ba02dde05616bf17246348
global_step=501808 | return=-62.36 | steps=172 | track=f023f627d57e65d6645551b75b610aa3
global_step=501856 | return=-141.87 | steps=131 | track=183b6ea6e15b2a7fb815f1de632ae499
global_step=501888 | return=-24.61 | steps=46 | track=23f2ee26da59ff2abc783346d162a09e
global_step=502016 | return=24.90 | steps=52 | track=e1a599304095a1936ab60ab03d99fbe9
global_step=502032 | return=5.84 | steps=68 | track=6c912a34c6a672ee8ccc705cb253a2c3
global_step=502032 | return=-137.32 | steps=131 | track=5dd36902bbfe751c2bb34128820c4ce8
global_step=502208 | return=-115.41 | steps=96 | track=723cbecdf126023930d280a530360ca9
global_step=502208 | return=-162.47 | steps=277 | track=5df8fb3b4df17a44005eab7188e46bff
global_step=502464 | return=-10.73 | steps=115 | track=49d9610e7cb5f670f071688c20cffaee
global_step=502512 | return=-85.67 | steps=91 | track=d0bd15e5ae65e284269028f879bb80bc
global_step=502576 | return=-62.28 | steps=47 | track=3916f016f1bca83488743b8b04072047
global_step=502688 | return=-142.96 | steps=131 | track=5853b8dd285da30dd0b4fe5ad660bee3
global_step=502832 | return=-57.53 | steps=151 | track=f59d9358d2d3fefbe501ff6fdb68fa49
global_step=503168 | return=-6.16 | steps=84 | track=4c2c4d80f67a4754fbe38acd686614a9
global_step=503232 | return=-76.16 | steps=63 | track=927be0d7b7866a17277df11e2d68a182
global_step=503296 | return=-80.03 | steps=78 | track=f87dd4373458b7df690b4f076bb870e0
global_step=503360 | return=-138.15 | steps=131 | track=efb344a94230a9cce49eb8dd48c809eb
global_step=503456 | return=-155.77 | steps=131 | track=31e48b4279acf3348119a0649cd13b49
global_step=503536 | return=-36.01 | steps=148 | track=1e744749a774983d596a834c725c8ae9
global_step=503664 | return=23.50 | steps=67 | track=244890a8aaec628a9b25bf6e7e6ba38e
global_step=504016 | return=-34.21 | steps=112 | track=571cee464f2784f9b9e8f2c9c373c277
global_step=504096 | return=-111.18 | steps=101 | track=fc9102bcce1a4b6a5cbaddbe5e59b7f6
global_step=504144 | return=-133.74 | steps=131 | track=e1527de61fdaab0a55b6b490fdc6a562
global_step=504432 | return=6.81 | steps=66 | track=3fea7ece238407e35bedf4fc174ec17c
global_step=504464 | return=-122.82 | steps=101 | track=fc4e135d6ff45a5fcfdf3ddf5042c7da
global_step=504480 | return=-9.11 | steps=77 | track=6a9ba0f70faae9eb50d6c80d6645648c
global_step=504624 | return=-153.11 | steps=131 | track=065a119f4547b9db6d4d3baa450c1793
global_step=504736 | return=-49.59 | steps=179 | track=9c03182f20293923ab9e6842e66506fd
global_step=504800 | return=-135.76 | steps=131 | track=5644c943d4a98f83128a6572f8a1b85a
global_step=505408 | return=-146.41 | steps=131 | track=8ba2132faf7d679af40c73fdb5dafdbc
global_step=505568 | return=-136.93 | steps=131 | track=135ea908850aacbe0256b736a2521e50
global_step=505648 | return=-146.03 | steps=131 | track=c554f760c6bea60631feb3abe3728d9c
global_step=505856 | return=-73.70 | steps=239 | track=c587598a25acb9d4aa11a02a76b6fa58
global_step=505984 | return=-96.37 | steps=114 | track=10a4ee1afe34829e5bb53c2808b4e4c3
global_step=506128 | return=-139.78 | steps=131 | track=95ef11f3618d7f821713c6d6b27359cb
global_step=506176 | return=-116.77 | steps=156 | track=acfac640136ea717ee9241fd68239d0a
global_step=506256 | return=-123.97 | steps=110 | track=ca6a10c3cc8f9e3a41220b6daab21798
global_step=506544 | return=-129.54 | steps=131 | track=ca174644c3b998adfcf67b4316a96574
global_step=506576 | return=-134.90 | steps=131 | track=dc1ca57afee68872eb3b7527ba0b5de0
global_step=506720 | return=-95.55 | steps=221 | track=0d7ddba984d4ac77dfbe6aa4f55773db
global_step=506816 | return=-56.79 | steps=169 | track=42ee80d17dfd2573f2c27e693e20e2a5
global_step=506848 | return=-116.59 | steps=131 | track=4815e0d77a7704700b47642fc4ec9bfe
global_step=506912 | return=-144.11 | steps=131 | track=78619852401dd2305e376af0bcfe8516
global_step=507520 | return=-52.95 | steps=41 | track=27dbe1906c70345d525bbe626d0578b6
global_step=507520 | return=-147.21 | steps=131 | track=9cb6f90ed8b822f96c640dd74ea01d45
global_step=507600 | return=-6.15 | steps=63 | track=a216970d35b05864ef5800dc4abf64d9
global_step=507680 | return=-133.56 | steps=131 | track=cffec5dfd4a6fb6924b07b47e53d22d5
global_step=507744 | return=-138.95 | steps=130 | track=ea07f81aca792c4f9fd650f4dcd4565d
global_step=507824 | return=-118.99 | steps=102 | track=e9c39ccf700a41c6d22b2009f21b85e6
global_step=507824 | return=-67.65 | steps=105 | track=c3a13d7010d399c3d3bc787d3b0bb26e
global_step=507904, SPS=65
global_step=507952 | return=-143.38 | steps=130 | track=9d841f768eac8a125d74ccc1dc011733
global_step=508064 | return=36.81 | steps=71 | track=9599c74a1bf88173784f12bee3dd582a
global_step=508096 | return=-146.06 | steps=131 | track=0f22d01be55bb70acc8314c6d23d90b8
global_step=508272 | return=-65.24 | steps=46 | track=9782347e1959a43ac57299210c797b01
global_step=508352 | return=-136.16 | steps=130 | track=d26e3a86a143d2e3ca7522c84f52d5a7
global_step=508832 | return=-133.70 | steps=131 | track=a52e3c6428f9f8335c9a371be8c2b97a
global_step=508912 | return=-153.45 | steps=130 | track=3c43f14f01673009b71155636020d504
global_step=508992 | return=-67.96 | steps=152 | track=26ee3739bc70cbb434855b882f5c73bc
global_step=509008 | return=-116.12 | steps=92 | track=92fe80f047124151d8d7e02f58d7313d
global_step=509040 | return=-6.94 | steps=67 | track=d6f8c35b35983a828bc0a4bac0a5246e
global_step=509360 | return=-4.05 | steps=95 | track=318a2916a6a9b8aacfc5c3404407c0dd
global_step=509728 | return=-124.82 | steps=132 | track=cea6dfeb7f8586484d080339d25f97c1
global_step=509744 | return=-66.80 | steps=124 | track=0e32d47eb452e9de1de05fb0633d9727
global_step=509776 | return=-125.80 | steps=130 | track=d111874f181ef6c3e291c2159c32ea1a
global_step=509856 | return=-118.89 | steps=109 | track=2a9556a3fd2419aebcf8ed602156e183
global_step=509936 | return=18.28 | steps=68 | track=42fe63c3a08d6e486dcd4cfe7d58ba5b
global_step=510384 | return=-147.49 | steps=131 | track=9d60c1a5576f1042612984c750a43211
global_step=510432 | return=-22.69 | steps=147 | track=140f0fd343c11f792dcca67ce4aaf35b
global_step=511008 | return=-99.73 | steps=130 | track=ec91873b60c907f4bb1df9e4b57bb6c4
global_step=511104 | return=-140.76 | steps=131 | track=12250809e2707f665359399bf5a0f86f
global_step=511120 | return=-139.99 | steps=131 | track=68e0f7477131ebd0dbb259c8f0f1ff04
global_step=511136 | return=26.56 | steps=74 | track=2cbef1b620e471afb596d322c220a6be
global_step=511136 | return=-149.24 | steps=130 | track=3349d75ac938abbadf4b3b33d7d9a095
global_step=511216 | return=-103.55 | steps=178 | track=51bbd54b56f63b6cc5380527f10db950
global_step=511328 | return=-95.17 | steps=91 | track=2f8a67d2d084b8d0582557f44b804a3a
global_step=511392 | return=-90.01 | steps=103 | track=e26cdebb3d01194645769a9e61c36b7e
global_step=511440 | return=49.87 | steps=225 | track=74abbcf0c6610b8bec9140df06b405de
global_step=511472 | return=-147.03 | steps=131 | track=c7ed8aea6fb54956b44caf32978c066e
global_step=511824 | return=-108.14 | steps=89 | track=ed24a8e32074678633360c2ad6f6bff6
global_step=511824 | return=-137.98 | steps=129 | track=3648fdf5d75d92f1cd0b1bf8d6bb57c2
global_step=511872 | return=-145.39 | steps=130 | track=c30503f926e681b2a78a450fae2d84f8
global_step=512288 | return=-0.72 | steps=71 | track=8e6e88d82552b21a535fc8f85a97c908
global_step=512384 | return=-304.07 | steps=655 | track=598ede3a3f7f6b552b7f821d9a97bed7
global_step=512544 | return=-141.35 | steps=131 | track=a1698453e6699abd7d6f3d376642d4c9
global_step=512576 | return=-110.51 | steps=89 | track=bcd0131bf34c43262a5986fefdc1d51d
global_step=512704 | return=-81.49 | steps=105 | track=fac73831135cdeddc6b82cf8ead135a6
global_step=512944 | return=34.35 | steps=69 | track=fec2be58973aef22df9a020839833296
global_step=512944 | return=30.09 | steps=66 | track=96fba7b44d00bacc498d8a25f884d0b7
global_step=513024 | return=-63.10 | steps=45 | track=ff9b8068f70e36b26f4796fcb7a4f196
global_step=513216 | return=-149.29 | steps=131 | track=194e1c9f61c828ac55015728386f6ddb
global_step=513232 | return=-143.53 | steps=131 | track=4acd3c2f230252da8c6bc88d275be68f
global_step=513312 | return=-134.93 | steps=130 | track=e39dbe69fe833ff70c7be4c13725e5a4
global_step=513440 | return=-140.20 | steps=131 | track=fe329fbbda5eb1cb9ae64b4ec5bde0ea
global_step=513504 | return=-135.60 | steps=131 | track=2d57cd2b937ce6cff012f71d2c7cc2b8
global_step=513552 | return=-144.36 | steps=131 | track=5e4a5c7da095afcd40e8df4f8a303aa2
global_step=513888 | return=-66.41 | steps=150 | track=f2df4ef26045a70008b58e47735d523d
global_step=513920 | return=-78.63 | steps=83 | track=fd18a24cae3ade56c0b9816bc51a73b6
global_step=513936 | return=-34.86 | steps=44 | track=ed3924731eba7d25becc7f96f0a77294
global_step=513936 | return=-130.12 | steps=131 | track=9c48a73253b1026e49d43ae7529f87d5
global_step=513968 | return=-61.53 | steps=45 | track=c1308262f9cbca72cabb9957a59f62f2
global_step=514096 | return=-177.07 | steps=591 | track=1c1224e2249ef254d3f26dbcd16055f4
global_step=514144 | return=42.38 | steps=74 | track=9f7cf256603999c64c05132a4e317b54
global_step=514192 | return=-28.53 | steps=72 | track=c2a9654983c30ebd74d786278bd73332
global_step=514464 | return=-113.19 | steps=129 | track=f20813e66d85648aa73e5879d4ced110
global_step=514512 | return=-74.08 | steps=97 | track=4768361aab88bf69590e0fb7ba40d461
global_step=514768 | return=-107.79 | steps=138 | track=9b9b2145a4dbae15bd5c94a117dc696e
global_step=514912 | return=-58.56 | steps=44 | track=1dc83b3869223c9aa7095e3212b56f8f
global_step=514960 | return=-7.35 | steps=61 | track=4e5b87a2504419f5f319a23c7b141365
global_step=514992 | return=9.18 | steps=66 | track=e516cccca4385409ae23da9c0452e4dc
global_step=514992 | return=-101.40 | steps=89 | track=f7ccbcdded7e090daa81c8ca6857e10e
global_step=515008 | return=-46.07 | steps=66 | track=cd303099c69bbb4b2e31074ddd98c9f5
global_step=515072 | return=-49.50 | steps=147 | track=8b4e39055e0658775c372aad861b24e6
global_step=515424 | return=-161.17 | steps=131 | track=f9538ba1d5337b997309c57f5b05fb17
global_step=515472 | return=-51.01 | steps=59 | track=b01afc877383daca3ad432885c6dd194
global_step=515552 | return=-143.34 | steps=131 | track=1f80971386a3daf9a97f2140be593d88
global_step=515616 | return=-136.91 | steps=131 | track=861f7b6aecc60fd38aed3e7855b567b2
global_step=515744 | return=-105.73 | steps=102 | track=0733404a028619125f1d5ed9c0a43bb3
global_step=516048 | return=-152.09 | steps=131 | track=507331ea951ffd1166f7d82d2a0e3c5c
global_step=516080 | return=-7.37 | steps=62 | track=4ba25508e082d160df1106956a1e09ed
global_step=516256 | return=-143.01 | steps=131 | track=b1a7a1a8338c3fbb28c0fa2cb483c48e
global_step=516368 | return=-127.99 | steps=99 | track=8d994e0f0ed4e53572287b29c661b796
global_step=516432 | return=-43.47 | steps=94 | track=d2812a8e75b945e8fef69b088ab64d03
global_step=516528 | return=-7.09 | steps=65 | track=dbaaddabc04871bbe4d92b3fde560fde
global_step=516800 | return=-50.45 | steps=85 | track=18ea812c0b9793da83033519d8765f54
global_step=517056 | return=-148.98 | steps=130 | track=9a6693a60b02907fc286edf1cde02b9e
global_step=517104 | return=-144.19 | steps=131 | track=3fd8ab0f0703cb894f2c63d805cb3d41
global_step=517104 | return=-141.40 | steps=131 | track=3e15d75a3c5520885f0035707e1aa539
global_step=517120 | return=-157.57 | steps=131 | track=d2c5a90fdf6da9e09ec1bc2ffb1e930a
global_step=517520 | return=-20.21 | steps=61 | track=b2b8ce511821d97ba475f15e3d586982
global_step=517664 | return=-138.01 | steps=131 | track=81c7e4d1cfab311712964031720a5366
global_step=517856 | return=-137.08 | steps=131 | track=137013dfc4b19649db805dd70dc33ae5
global_step=517888 | return=-100.79 | steps=141 | track=ab8168243481181f6825f5ff290c6857
global_step=518128 | return=-20.09 | steps=63 | track=9bf9959bc7d7452bbfe6ee5cca87389b
global_step=518144 | return=-142.37 | steps=130 | track=32023d0b1a65b8f70b0c23f42f50371b
global_step=518192 | return=-149.20 | steps=131 | track=561e4f70458201dc0498cc3e43523874
global_step=518240 | return=-110.76 | steps=89 | track=2c1059f5f062ce5f41ba9613ce7626fe
global_step=518272 | return=10.80 | steps=71 | track=eb3f56d19b57b4ed3ee28f935fa56a27
global_step=518352 | return=-142.07 | steps=130 | track=cf7b8672580d9abfbc11934ea6ed24ca
global_step=518384 | return=-186.59 | steps=280 | track=20a32f494763f8ccd82b7916b4001698
global_step=518480 | return=-142.81 | steps=131 | track=6db784b7e129b55084c8720ba8c697ed
global_step=518528 | return=-142.74 | steps=130 | track=eaada2420f12b3080754727fab090561
global_step=518688 | return=-108.31 | steps=101 | track=28f4a91d640633d7386d53d240622481
global_step=518960 | return=-6.54 | steps=66 | track=fb6015c39106a1037fa05e1458db2a8f
global_step=519248 | return=-26.75 | steps=62 | track=a6cf4796e079a7b96694d2165057c9d5
global_step=519264 | return=-17.53 | steps=48 | track=ee499f268d024028fed64db55f06c558
global_step=519392 | return=-86.91 | steps=142 | track=a7394ba7e8a0c3fb147281768b36970c
global_step=519632 | return=-129.19 | steps=131 | track=600a36acd021a19ac2ac0f47384506d2
global_step=519776 | return=-147.49 | steps=131 | track=2dc711c74c319f4a39f65ba8bdcb9ab2
global_step=519968 | return=-145.69 | steps=131 | track=100c8b9c1a6eaf12b1b4b31016a8481b
global_step=520000 | return=27.83 | steps=116 | track=8bcaf4f73b41fad8ac76b0c14167ab4d
global_step=520128 | return=-103.48 | steps=123 | track=3e84f1b15aa71aa0f4734d5efcbc5c62
global_step=520304 | return=-143.80 | steps=131 | track=16cf18a9d087983a0eda2e303a5706d2
global_step=520368 | return=43.91 | steps=69 | track=772ec9b56afe6b07f876710b8fa843f5
global_step=520384 | return=-129.30 | steps=131 | track=e439e976ec6b19ce9f2e8a00f9b5ef06
global_step=520496 | return=-130.47 | steps=131 | track=c142e15aa9bd3a127b5603d364c4deca
global_step=520624 | return=-149.94 | steps=130 | track=62f89d9f3efa760f8fa29e2d7930b654
