/home/UFAD/tcuevasmestanza/.conda/envs/racing/lib/python3.12/site-packages/tyro/_parsers.py:353: UserWarning: The field `track-seed` is annotated with type `<class 'int'>`, but the default value `None` has type `<class 'NoneType'>`. We'll try to handle this gracefully, but it may cause unexpected behavior.
  warnings.warn(message)
/home/UFAD/tcuevasmestanza/.conda/envs/racing/lib/python3.12/site-packages/tyro/_parsers.py:353: UserWarning: The field `wandb-entity` is annotated with type `<class 'str'>`, but the default value `None` has type `<class 'NoneType'>`. We'll try to handle this gracefully, but it may cause unexpected behavior.
  warnings.warn(message)
/home/UFAD/tcuevasmestanza/.conda/envs/racing/lib/python3.12/site-packages/tyro/_parsers.py:353: UserWarning: The field `target-kl` is annotated with type `<class 'float'>`, but the default value `None` has type `<class 'NoneType'>`. We'll try to handle this gracefully, but it may cause unexpected behavior.
  warnings.warn(message)
/home/UFAD/tcuevasmestanza/.conda/envs/racing/lib/python3.12/site-packages/tyro/_parsers.py:353: UserWarning: The field `resume-path` is annotated with type `<class 'str'>`, but the default value `None` has type `<class 'NoneType'>`. We'll try to handle this gracefully, but it may cause unexpected behavior.
  warnings.warn(message)
Experiment info saved → runs/adaptive_fps_track_aware_lstm/CarRacing_VarFramerate_fc_2.0_bud_90_04-08-13-42-33/info_settings.txt
Device: cpu
Navigation model path: experiments/navigation/CarRacing-v3__train__1__1785768450/final.pt
Navigation Model loaded on cpu
Navigation Model loaded on cpu
Navigation Model loaded on cpu
Navigation Model loaded on cpu
Navigation Model loaded on cpu
Navigation Model loaded on cpu
Navigation Model loaded on cpu
Navigation Model loaded on cpu
Navigation Model loaded on cpu
Navigation Model loaded on cpu
Navigation Model loaded on cpu
Navigation Model loaded on cpu
Navigation Model loaded on cpu
Navigation Model loaded on cpu
Navigation Model loaded on cpu
Navigation Model loaded on cpu
Navigation Model loaded on cpu
global_step=1008 | return=-10.47 | steps=63 | track=a6d4eff4e9756725f8010444de8646fd
global_step=1072 | return=23.01 | steps=67 | track=6ed021944daf3203d256a236c93fd8e2
global_step=1088 | return=28.23 | steps=68 | track=8757687a1758532f1d66b463991e8f4c
global_step=1088 | return=-14.19 | steps=68 | track=205a0b2910b3e46fef9289d834afb01f
global_step=1456 | return=-117.40 | steps=91 | track=ec4a9b942b7649d50f4c9d0c0e828885
global_step=2032 | return=-70.31 | steps=127 | track=2227ea116e77404b83a95c351105e864
global_step=2080 | return=-166.78 | steps=130 | track=db2154067e316d2c4d0e8f93098344fa
global_step=2080 | return=-150.78 | steps=130 | track=8c3ca75a22471f55f6fab575a203bd23
global_step=2080 | return=-139.08 | steps=130 | track=ce063b00b6b3418e1bf43328175ac07e
global_step=2080 | return=-155.73 | steps=130 | track=cf0740f1a7145ef424f68246ca008f2c
global_step=2080 | return=-143.38 | steps=130 | track=041df00dc9ab6f823faeea251024bb2a
global_step=2096 | return=-143.20 | steps=131 | track=08760f9f1b12c463bd70360b998c7b50
global_step=2096 | return=-140.76 | steps=131 | track=6b5fe333ea2da707fe66e858ee3d29d4
global_step=2096 | return=-150.13 | steps=131 | track=1ea60c30ef3c3df5d32b4d3d2864c631
global_step=2096 | return=-148.01 | steps=131 | track=79c815b523b048457f8f2e12c451a7e9
global_step=2096 | return=-134.76 | steps=131 | track=ed394036abdd3839500b02ca222c2733
global_step=2512 | return=-5.32 | steps=65 | track=39cfa0a12aad4dc98059f8ef09d2d14d
global_step=3072 | return=-28.35 | steps=61 | track=a0efab94abb190648ccab19f388a4ffb
global_step=3104 | return=-162.07 | steps=130 | track=b4b96c5c712927d23f2cfdacf1766410
global_step=3120 | return=8.67 | steps=64 | track=0360ba09149de6d36c902179f6e2f13a
global_step=3184 | return=-146.64 | steps=130 | track=c814a64857dd47c2f1d30109ac3521f5
global_step=3200 | return=-147.80 | steps=131 | track=d3ac0fd65c179eb26337465cf62215ef
global_step=3376 | return=-79.64 | steps=143 | track=7ce16e36d581d28666ef2c277f5b60f2
global_step=3504 | return=-26.85 | steps=87 | track=609350a8e88793d255ba97e50b47e4d0
global_step=4144 | return=-145.20 | steps=131 | track=303dc3f5d5d939c758193506cf5b76a2
global_step=4176 | return=-158.42 | steps=130 | track=756a8adae3cb258b991b906ff1c6423c
global_step=4208 | return=-156.73 | steps=131 | track=4f9d19bed8a00ff377272154a5c16ea7
global_step=4208 | return=-141.25 | steps=131 | track=c2e1d7f5251a17ecb3c36fb16216bf04
global_step=4208 | return=-151.46 | steps=131 | track=f17c2fee4aa2a74e383eef83f8791b59
global_step=4528 | return=-71.11 | steps=152 | track=5166b8616c457019781f4df1ed1b4a93
global_step=4608 | return=-100.99 | steps=92 | track=7a9730bda4fdce05c522ed3c73acdf99
global_step=4624 | return=-142.48 | steps=131 | track=601ac0dae870c57e12b30126f25c8ba9
global_step=4960 | return=-99.04 | steps=90 | track=743307060c9ca211c4cc89675e9267b4
global_step=5136 | return=-179.01 | steps=190 | track=4d3239bbd76e41297fa746f12f4920df
global_step=5216 | return=-142.21 | steps=131 | track=90ed9696a36ae1266994c01a8bf17e43
global_step=5296 | return=-148.13 | steps=131 | track=b9863d23d418a481e06f060ae1227f50
global_step=5312 | return=-136.25 | steps=131 | track=91d764286cc489f623d55a8b696f2538
global_step=5472 | return=-61.17 | steps=78 | track=d213562dd3e54847fbf98dcd5951efdc
global_step=5488 | return=-148.54 | steps=131 | track=cf23ac9b745a624a979c63ceac93a69d
global_step=5632 | return=-114.55 | steps=90 | track=43231fbaf50792b39919569822956f07
global_step=5808 | return=-183.36 | steps=231 | track=500a8d4fd93b252d166265ebaa442102
global_step=6000 | return=33.58 | steps=64 | track=37d3ad97e753f19b2de2d28d9ab22f87
global_step=6256 | return=-143.26 | steps=131 | track=ad9ef9cdf631392aafc24db7bcca68d6
global_step=6320 | return=-137.67 | steps=131 | track=b9cbbb63165b3ea1758a4b9120a1f15e
global_step=6320 | return=-143.80 | steps=131 | track=9669167de631807eb2655db8c589fd15
global_step=6640 | return=-149.91 | steps=131 | track=651695faff384223a62151a6051a0b99
global_step=6688 | return=1.99 | steps=54 | track=56123ca01d1b06b935dc8ed024ec4dc4
global_step=6704 | return=-157.74 | steps=130 | track=ba3b814fb40da791c9d3640c3216dde6
global_step=6736 | return=-139.47 | steps=131 | track=f8c3157baaf1cd54e62ed98a33b598dc
global_step=6864 | return=-57.81 | steps=86 | track=6121a7d34b582b92ed7d76f02cc05cae
global_step=7248 | return=-155.64 | steps=131 | track=992313d3c8ae940ec0d54b92198fe3a6
global_step=7296 | return=1.69 | steps=64 | track=1e50338866b25b974b86422887e7bb0f
global_step=7328 | return=-148.41 | steps=131 | track=f557d40379f719b977d31eb33f09d55b
global_step=7424 | return=-148.24 | steps=131 | track=12842d49a2199c06ce0cde52f6ccf471
global_step=7600 | return=-112.75 | steps=143 | track=17bde23ea04d8b8f4ab9aefa2e6fd10f
global_step=7600 | return=-141.47 | steps=131 | track=bd2f0e1a36c029433138fbf9f520dceb
global_step=7744 | return=-154.55 | steps=131 | track=33c482f4dadda132b1e74ab529aebf3b
global_step=7920 | return=5.87 | steps=76 | track=ec8da0e193f4ced27e8d6670cd7fe736
global_step=8112 | return=-141.69 | steps=131 | track=9f1e4196443df91a35faf9f2a8e5bf87
global_step=8368 | return=-44.76 | steps=47 | track=c3827aa87dcb947fb1406baddaa1a246
global_step=8736 | return=-139.60 | steps=130 | track=1f126be0b6f5b12eb8a5744122c382b9
global_step=8784 | return=-25.51 | steps=153 | track=2c21e40a4d87a7cc9df9e09e8d959738
global_step=8800 | return=-155.92 | steps=130 | track=e99c8d3ca7156d11b3fb4b0798a8000d
global_step=8832 | return=-147.05 | steps=130 | track=c4501af6763fd58cc50408a0a16604ab
global_step=8976 | return=-143.47 | steps=131 | track=d393e1fbf198ec361d86477c450b0287
global_step=9360 | return=-149.19 | steps=131 | track=28a436548816cf247305afe461c8aace
global_step=9408 | return=-140.72 | steps=131 | track=dd1e39a6256f3b618dbd7d6300de2dd9
global_step=9440 | return=-151.20 | steps=131 | track=4cee0ab0a9f28523601a3a0c991deee2
global_step=9472 | return=-96.79 | steps=127 | track=78cc84528f9e803a836f532540da5f40
global_step=9488 | return=-69.68 | steps=40 | track=e8373d76d3da28ef88d5102561b21bb6
global_step=9744 | return=-193.50 | steps=213 | track=704c5e8b8d6d498076c2d985e2c04ad4
global_step=9936 | return=14.11 | steps=70 | track=79b0a4f8d84a553e32fa57568eb73e21
global_step=9952 | return=-71.44 | steps=146 | track=c718e1725f73f1db49fb47e4efe7d050
global_step=10016 | return=-27.56 | steps=79 | track=924062fb14be55801a88685e113811bd
global_step=10032 | return=-153.78 | steps=131 | track=8c4cfbc950376276dc05e67571ab8cfe
global_step=10048 | return=-100.36 | steps=143 | track=43905509b1b2024ed340def2aab853c2
global_step=10208 | return=-33.94 | steps=45 | track=e63451897c496b6100e463ce2264669c
global_step=10448 | return=-78.32 | steps=145 | track=a923838e9d84aa69eb85a4e5d1e5a77e
global_step=10480 | return=-124.36 | steps=131 | track=1d73435142856ea8b08046794d8b25b0
global_step=10528 | return=7.75 | steps=64 | track=5423ef1939965a1dd12872f81738f624
global_step=10560 | return=2.45 | steps=69 | track=d13562397e06f0765917b7c0f91dd4ca
global_step=10672 | return=-269.32 | steps=474 | track=ae3ba15b47f1a5857dc8b3fc8730bfb0
global_step=10736 | return=-36.90 | steps=49 | track=43f9b42bf7645aeb3c87d949a8cab269
global_step=10896 | return=-163.18 | steps=131 | track=472dfaec1a3e5ee4bd23105e773da355
global_step=11152 | return=-134.68 | steps=135 | track=bf5e160138066553daff305d719e2ba9
global_step=11472 | return=-139.03 | steps=131 | track=4399b6d7100199176cb3a0f31ce39956
global_step=11776 | return=27.27 | steps=68 | track=413c0b9956e35893f8942657b1ef836b
global_step=12064 | return=-153.67 | steps=131 | track=96e86e758b6ac50c92132ce964ee49c0
global_step=12128 | return=-137.47 | steps=131 | track=09448b80365609d4173a5d1983223329
global_step=12144 | return=-141.47 | steps=131 | track=f8403f6be0ae8df68e2c6993d555fe0c
global_step=12144 | return=-133.87 | steps=149 | track=373d03e3be4d35a4883e8f1c30d9dc86
global_step=12160 | return=-141.39 | steps=131 | track=2ebcd4e84e6b542baa461f6f0e8ed8a7
global_step=12288 | return=7.90 | steps=86 | track=8dd307dfeab933f4acf2b93cb76af5f3
global_step=12288 | return=-160.76 | steps=179 | track=7fa7ab8814a807a1e9c016c1b0095401
global_step=12288 | return=-130.75 | steps=114 | track=b2edc0028e9025a23850b2a53bd743ae
global_step=12320 | return=-147.69 | steps=131 | track=2d600d5a92e16e784d4d1886ca37d769
global_step=12592 | return=-152.34 | steps=131 | track=e8b162a930becfe2e0445fe4bb7aff0d
global_step=12640 | return=-133.75 | steps=131 | track=6a87d32bf9089879e4345e9c670f6122
global_step=12640 | return=-96.61 | steps=53 | track=acd5dbea55bec86c1e1766812efdbe93
global_step=12832 | return=33.56 | steps=84 | track=696b870cb243373fa799bffa263a8a3a
global_step=12848 | return=-54.48 | steps=44 | track=ca5b0c20522fe75da4c1b0d4098d7e4a
global_step=12848 | return=-154.98 | steps=131 | track=752adaebf95466cf626a0843854d4122
global_step=12976 | return=-59.92 | steps=150 | track=0d813bf5d72537a53522222a41f79d1d
global_step=13056 | return=-18.90 | steps=61 | track=4a9a68d9e2156fc289c03dc376d055ee
global_step=13264 | return=-145.82 | steps=131 | track=37e1420170e84eb4f8acd3ae4e89fdb6
global_step=14096 | return=-49.66 | steps=121 | track=35df9b836bac0766edd475222024f040
global_step=14176 | return=-107.96 | steps=95 | track=29090d7981e6409e53006cffd702f15d
global_step=14256 | return=-160.70 | steps=131 | track=3cd667206703395e12c669a5fee157f3
global_step=14272 | return=-149.60 | steps=131 | track=e613e76581b03f0aca2ee85b6ec7cd9c
global_step=14400 | return=-133.73 | steps=131 | track=97d4b7073e97c29706e4c9c49905e0d8
global_step=14400 | return=-140.35 | steps=131 | track=97b9af8d3441d803573b8239aee64e54
global_step=14400 | return=-137.20 | steps=131 | track=f2dc1e14f26c84886cc68b6d232babbf
global_step=14416 | return=-138.37 | steps=130 | track=d8e2c00b70e715791a70b0f5d4e4b1b0
global_step=14704 | return=-164.98 | steps=131 | track=b5de8acb9e02ce82d4b4502a39d4d36b
global_step=14736 | return=-161.52 | steps=130 | track=b3408dfeb61359848602aadd21c1cfd5
global_step=14768 | return=-65.16 | steps=41 | track=ac6f5d7d2625e71708e56fa2f922c10e
global_step=14928 | return=-156.42 | steps=130 | track=f916d9eb98785760a2397ffb99f5960e
global_step=14944 | return=-154.37 | steps=130 | track=af4cb2ee20a2740d2c5dadded0266486
global_step=14960 | return=-103.79 | steps=131 | track=2c96e520844a970a57b009018d97f877
global_step=15088 | return=-154.70 | steps=131 | track=146e391042ebbf59f8bfb1a200555c62
global_step=15168 | return=-128.13 | steps=131 | track=d7a71d7b43e32d8f1d373ce6c3a815ce
global_step=15376 | return=-133.47 | steps=131 | track=86de57453a7bac49f80b30557f6fd17d
global_step=15552 | return=3.36 | steps=80 | track=69d07cfb017819359a5c60d837b60873
global_step=15664 | return=-10.46 | steps=59 | track=432607729132a26c9e21bde2c6b15d37
global_step=16048 | return=-56.57 | steps=102 | track=4636b17bc34c42345364208aeebf75fc
global_step=16096 | return=-29.98 | steps=44 | track=c8f60cacd6351364ccdeaabefbd77a16
global_step=16208 | return=0.33 | steps=64 | track=f71d68dc7f2705cd32e23f00370fd1f6
global_step=16288 | return=-170.01 | steps=131 | track=041b5482c2716e921ea2d8ea994dd9b3
global_step=16368 | return=-161.01 | steps=130 | track=d352243abeb4a5e77bfeea8833148a02
global_step=16384 | return=-126.40 | steps=100 | track=670223dd66e83f266df31b9cb3c08e1a
global_step=16384, SPS=71
global_step=16512 | return=-147.30 | steps=131 | track=11ef4c3be7e80ba374a521145ec0aaf3
global_step=16528 | return=-148.01 | steps=131 | track=0d45730abbdd3aabad6fdcb57bc68a56
global_step=16608 | return=33.66 | steps=65 | track=0fd5fb88588e5443ae5cf7c565f8a017
global_step=16848 | return=-147.80 | steps=131 | track=9bba03eb30afc88cbd165ee44dda582f
global_step=17040 | return=-147.40 | steps=131 | track=06eff6a528c41baf9e53225f51a48141
global_step=17056 | return=-134.94 | steps=131 | track=e5847310d3c677740c7d2876db4095e8
global_step=17072 | return=-162.87 | steps=131 | track=ef79c98cf29f6735c0d7018e97fa9a65
global_step=17264 | return=15.29 | steps=65 | track=02a07b2cdee19119317195d29bcfb069
global_step=17264 | return=-52.74 | steps=99 | track=ecb56a15aca53fa78f1d4e566022b377
global_step=17488 | return=8.13 | steps=192 | track=518491d266be34571d5e09de46ef1b9f
global_step=17808 | return=-108.03 | steps=89 | track=8c8bcc765a9b70c9e60955e040ac8836
global_step=18160 | return=-143.20 | steps=131 | track=ee0a62a6300448fd3c94670640bffba3
global_step=18208 | return=-144.98 | steps=131 | track=72b29a0dc84186983fee5cd4f239c45e
global_step=18384 | return=-145.52 | steps=130 | track=d2610eca0e018f5423199349c1c43e1d
global_step=18480 | return=-139.75 | steps=130 | track=55ecc482c547303ef0555726ae8ea1d7
global_step=18608 | return=-155.55 | steps=130 | track=b63a1e92e560d3824b057676bd9abfe2
global_step=18720 | return=-156.96 | steps=131 | track=077b9144996f6e18cf7ccc56da789c55
global_step=18832 | return=-68.72 | steps=143 | track=cdfe60981f5f260d285fa81ff95cbdfa
global_step=18944 | return=-147.40 | steps=130 | track=2871a90869303722bcd69599146418ff
global_step=19168 | return=-149.92 | steps=130 | track=44b467ac263e4ca6ccec1cc84d124e11
global_step=19168 | return=-137.40 | steps=131 | track=f1b449280b2f945316ddb2581ca314ed
global_step=19232 | return=-134.58 | steps=122 | track=707e2055911f5f3bc2c369482c84c9f4
global_step=19264 | return=-111.37 | steps=138 | track=3de774aeb6d3783c78e7ad11782a0fa7
global_step=19360 | return=-135.51 | steps=130 | track=2843a98034aebf5bb6f9ad2aa354ef5a
global_step=19360 | return=-58.55 | steps=46 | track=c8c4afadcd393a558873bb42cf6da2b3
global_step=19600 | return=-158.87 | steps=131 | track=df73d13dc98d24613e82b6df7063158d
global_step=19904 | return=-14.30 | steps=300 | track=b320b0edb9e6788c8111b2ad462b9a8f
global_step=19920 | return=-116.23 | steps=131 | track=a534632ebbda1c6ff5d97423fe2464e6
global_step=20032 | return=-39.22 | steps=47 | track=b5644b680e73d6e3d70137f88617a6f6
global_step=20144 | return=-49.33 | steps=48 | track=2018fc379b0565aab7b111229834f3ff
global_step=20272 | return=-157.39 | steps=131 | track=7845839156fbf79e608956bd96e0800b
global_step=20304 | return=16.56 | steps=66 | track=081102b00833ff5735c78ae4f842fd9f
global_step=20320 | return=-133.47 | steps=131 | track=136d151c560c64b789824b4c0669bd5b
global_step=20608 | return=-95.74 | steps=89 | track=161a42cab0a14fd1ba6a640eb03cae77
global_step=20784 | return=-129.44 | steps=149 | track=edbe75d046ccaf632a7d7c6818c13a65
global_step=20832 | return=-138.76 | steps=131 | track=c66769bae63d7374af2bf88a403c5ab1
global_step=20992 | return=-48.63 | steps=42 | track=088ffe9c80d188ec29c49d85da664d01
global_step=21056 | return=-145.25 | steps=131 | track=3118341d8084e6349765062683d1dd9e
global_step=21280 | return=-161.03 | steps=131 | track=ed57903bf86401ee429c3876c53404b9
global_step=21472 | return=-120.62 | steps=97 | track=00c3a8187405b3b1cde61b5bc4b33b19
global_step=21648 | return=-140.63 | steps=175 | track=70f5db6a717bfad744fc6f2ec84e3636
global_step=21856 | return=-100.92 | steps=140 | track=24930c12ad7864ed744680066d02bbfc
global_step=21936 | return=-46.96 | steps=58 | track=d373248477b06e4b29f2c9cffdf60b03
global_step=22096 | return=-164.18 | steps=225 | track=8287ca49d41421765275237409638efe
global_step=22144 | return=-139.86 | steps=131 | track=2874282a23b9fb37063f2903007fa52b
global_step=22256 | return=-148.36 | steps=131 | track=fef0896a8aaa90f5f8581494bc1e0589
global_step=22368 | return=-145.55 | steps=130 | track=652ef1faebdb14a1ae7485da76867e29
global_step=22416 | return=-165.37 | steps=130 | track=5aa61d1a68e7c7758b2509c4999ab74a
global_step=22512 | return=-106.34 | steps=161 | track=0a18020c6a7f058c727af2e7c185d95d
global_step=22560 | return=23.87 | steps=67 | track=b0826b49bfa38230d5be07bc684a30dc
global_step=22720 | return=-149.01 | steps=131 | track=a18517e0ab24fb5ef52013a6bacec22f
global_step=22880 | return=6.66 | steps=76 | track=3aa3b85618a503ac1613699a20c1a5ba
global_step=22880 | return=-143.94 | steps=130 | track=777f092fa02dc5045648e3e5e0d15023
global_step=22944 | return=-143.40 | steps=131 | track=61f6a45d1220c3bf5342e52a6b8a39e1
global_step=23136 | return=-45.89 | steps=64 | track=5bd61ff4a4f3f120b05ea42f31de456e
global_step=23376 | return=-141.13 | steps=130 | track=d0904b5022a8278e8b940abc6e8c88aa
global_step=23424 | return=-18.63 | steps=65 | track=728b22478fde25c2adc380b042212500
global_step=23584 | return=-114.19 | steps=102 | track=b5b02fa36db2a199a71925822bbb5ae8
global_step=23920 | return=-73.26 | steps=93 | track=e3e8bd97bf5b9014fecd9661db867487
global_step=23952 | return=-153.37 | steps=130 | track=1333d44d69407b8399369dbbbca37ee6
global_step=23984 | return=1.22 | steps=68 | track=22e6b82405d82159b2d26da8922b19ff
global_step=23984 | return=-4.24 | steps=288 | track=001f0f4f67c80289a9dbfba041e45edc
global_step=24128 | return=-34.89 | steps=43 | track=78277d70d8d443a07d4270f8eea9560a
global_step=24240 | return=-163.05 | steps=130 | track=12d10de65e818e4e7cfdbedf239ce2b7
global_step=24368 | return=-153.46 | steps=131 | track=def44da45bd80da8e74abaf2d8206c81
global_step=24608 | return=-145.08 | steps=130 | track=9501f5659507534642df868822b609a9
global_step=24672 | return=-143.04 | steps=131 | track=e028b8ecff2348b1e8c17067800524e4
global_step=24736 | return=-26.19 | steps=50 | track=5a021d3cb418113fa47fe6a6c0e665fc
global_step=24736 | return=-109.83 | steps=99 | track=64216bb4af22d65d451ad3bdc503e201
global_step=24848 | return=-141.67 | steps=132 | track=5040e3bd6d32ca876c6c9dae37d00966
global_step=25040 | return=-29.22 | steps=67 | track=f9f4bda325faaf610462416d6a6322ed
global_step=25056 | return=-139.90 | steps=131 | track=59d51c6043a286e6d458a91abd907944
global_step=25072 | return=-143.20 | steps=136 | track=659f923ad00ee13633a98cbaba622786
global_step=25152 | return=-68.54 | steps=48 | track=7f4efe283f5cc515648c768e1693c2fe
global_step=25328 | return=7.13 | steps=67 | track=fc93997fe864d0fea3cf8494491baf61
global_step=25488 | return=-142.01 | steps=131 | track=b023a99af589188ff1c06a2f3cc28b72
global_step=25488 | return=-66.92 | steps=93 | track=f802e2cb0a46e1ea8acbe1f07cca30e0
global_step=25536 | return=-234.14 | steps=279 | track=dbc901961ad620084dfdf7818b5fc429
global_step=25696 | return=-148.98 | steps=131 | track=6e89ae68da93690fde4fb99c66b3dd00
global_step=26032 | return=-23.52 | steps=61 | track=a3ff4b2ca2d561cf362f2b56795eb339
global_step=26096 | return=-149.01 | steps=131 | track=ef645e303c0c8c7077335b822869b254
global_step=26144 | return=18.95 | steps=66 | track=1891b5e90eed57c288cd0aad81b9f097
global_step=26560 | return=13.13 | steps=66 | track=9169d4bc7d608a60bd7c4557ca36530e
global_step=26560 | return=-80.70 | steps=93 | track=a5302c9422eb649bc43df6ce8cff0755
global_step=26720 | return=-159.97 | steps=131 | track=6947ddc1830e61ad612b9cec6fceca59
global_step=26832 | return=-169.55 | steps=130 | track=1d0b5b552bfda802340738ebcd168383
global_step=26832 | return=-66.47 | steps=45 | track=a6880483d140a15f6d91250629bf368b
global_step=26848 | return=-142.55 | steps=131 | track=58cd2ed6605481500d51e815117e1671
global_step=26944 | return=-129.73 | steps=130 | track=f4ec5fa900efbf0e25a73408ce3ede00
global_step=27248 | return=-122.89 | steps=130 | track=6322be738322c3052fabfe542cbd507d
global_step=27360 | return=-83.86 | steps=167 | track=bcfb19d484be2e41e94c956352e83ba2
global_step=27600 | return=-152.58 | steps=131 | track=63c8ab013f8c115a3ddfae2dfe3e9139
global_step=27632 | return=-111.84 | steps=130 | track=7832ffdee647d307fa58bf55c8378ec5
global_step=27792 | return=-157.30 | steps=130 | track=9c0848551b382abf90bdf930321acadc
global_step=28000 | return=-89.26 | steps=89 | track=0fc6a2caff2aa5b8840ef6774a97f9bc
global_step=28144 | return=-145.01 | steps=131 | track=6b2ca7583c7ea7ec2a582d5f407dcfca
global_step=28256 | return=-148.01 | steps=131 | track=416f76ede778f2edd4b902f33cb13f2c
global_step=28304 | return=-46.06 | steps=260 | track=119a650235f313eeaeed65ce920ebfc9
global_step=28656 | return=-140.89 | steps=130 | track=b3a7fb8bd57972bc7f4bdf36045c4d9c
global_step=28672 | return=-112.16 | steps=208 | track=bb357d6186c58ca9d1d5a095a7cd03ce
global_step=28784 | return=-82.51 | steps=73 | track=b3b5591432f5d57991506af8b88adb61
global_step=28832 | return=-136.25 | steps=131 | track=bf686042f69190c00458e5cad5e09789
global_step=28928 | return=-40.82 | steps=70 | track=f81705f907d6104aa35acdbbfa6a7621
global_step=28944 | return=-144.58 | steps=130 | track=234e6d65fb885a73e17ebf76638dc6e1
global_step=28944 | return=-136.74 | steps=131 | track=bf9bf7f88d132ecf1ee368cb649ff491
global_step=28944 | return=-151.38 | steps=131 | track=7ff274c5a4c502962a1e79c1712f03df
global_step=29296 | return=-51.15 | steps=146 | track=d57f190b5de1ea836cae89e36aa113c5
global_step=29520 | return=-76.92 | steps=141 | track=6de744832147a0b3f04a741c74e542ce
global_step=29744 | return=-112.01 | steps=131 | track=cb27f7d7bf41bbb7b4f228b5a9b00542
global_step=30032 | return=-31.32 | steps=74 | track=a59ce98e344cf6d625da176d9191e4e8
global_step=30048 | return=-49.22 | steps=167 | track=3d3cceda6727d9573deab718b4c396da
global_step=30112 | return=-169.39 | steps=131 | track=0d2d18b01b0c06bafda9816038261cb8
global_step=30256 | return=-147.46 | steps=131 | track=2422153c3543c41f15e221057c71d503
global_step=30352 | return=-143.97 | steps=130 | track=8be17e6fbf2481f5ede6e8239c432d51
global_step=30416 | return=-159.46 | steps=131 | track=83db01d5d1510fd04c297cdb94808b9f
global_step=30560 | return=-134.90 | steps=117 | track=84621de8404981b7da854e02f42b6d35
global_step=30560 | return=-5.97 | steps=100 | track=32926d35c3f508692d9044b50f6fc76f
global_step=30752 | return=-84.34 | steps=90 | track=445da3a4c4069265acfaa39e21581338
global_step=30768 | return=-148.96 | steps=131 | track=11c7c976228fcde4db9adab0eef48fdf
global_step=30832 | return=-5.95 | steps=67 | track=00f59d9e066af81b0bce399c4db21961
global_step=30896 | return=-138.41 | steps=131 | track=67b44702747a4eb2dff296399e9fa4ae
global_step=31056 | return=-137.90 | steps=131 | track=1570806835e75c2d98c80f58b050dc05
global_step=31056 | return=-154.16 | steps=131 | track=94e7a01fd3b5d49f6fa7d40dd8869bc6
global_step=31296 | return=-11.63 | steps=64 | track=0ac80331bb070fd3784a6587ec14ee08
global_step=31632 | return=-186.25 | steps=168 | track=66df8b35aba0cf2b85172d75ac8d4089
global_step=31792 | return=-120.37 | steps=108 | track=7442a367c9253c6c6a5293db015ce952
global_step=32032 | return=-154.74 | steps=156 | track=a2751e24febd208f09055b8461300e65
global_step=32224 | return=-164.41 | steps=131 | track=60c946bf69acc6e289a36f72549e2b8b
global_step=32352 | return=-115.69 | steps=98 | track=54bc91a941257028749624f046775446
global_step=32368 | return=19.09 | steps=66 | track=b6a0a0d1033285c3e4395dea2fd5c1a6
global_step=32416 | return=-45.48 | steps=148 | track=74dec7694566b74218365cf580937435
global_step=32432 | return=-29.14 | steps=85 | track=7f815b825086345c8ad1bd282743b846
global_step=32464 | return=-135.90 | steps=131 | track=b3119fa5ea5cb01b0bf6e4d712c398da
global_step=32496 | return=-110.00 | steps=89 | track=269eac162e756bfcfdfcde0309666702
global_step=32656 | return=-131.62 | steps=130 | track=f92af2c6126460fe4441231ca12d2a06
global_step=32672 | return=-156.54 | steps=131 | track=1cfa2423eb124e62bb6449817e7b3ef7
global_step=32768, SPS=67
global_step=32816 | return=-123.83 | steps=149 | track=f2899018bee759432c71025721689bc6
global_step=32864 | return=-148.34 | steps=131 | track=568fdc896dd7933e9050a36118566af6
global_step=32880 | return=-61.24 | steps=127 | track=2c3215e253f9f53873f52bdeb1782dad
global_step=33008 | return=-168.00 | steps=131 | track=786d9a1bf2cda26a603b56c3be91546e
global_step=33440 | return=-12.64 | steps=66 | track=466d6e277b9ef3c637f7123561250bd5
global_step=33616 | return=-72.12 | steps=45 | track=7f47c43056c9a9bf0f88db40135d73e0
global_step=33744 | return=-162.35 | steps=131 | track=87b02a4fcce0e89a532364d5f262832f
global_step=33904 | return=-139.90 | steps=131 | track=e52cd857cc8b55c37ca189ec7c662467
global_step=34144 | return=-145.40 | steps=131 | track=9f80635508d27f070fa8fb6528e5dbd0
global_step=34336 | return=-161.01 | steps=131 | track=3e56197b6b82925d73b419feb5e8c0ec
global_step=34464 | return=-130.76 | steps=131 | track=050b6579ff6a099e110e423b11c5d52b
global_step=34512 | return=-116.90 | steps=129 | track=134086d55fc75e9efd08739c4b3dfee0
global_step=34528 | return=-151.25 | steps=131 | track=32af2fb17cf3a7dbc8fa719c42c071ed
global_step=34576 | return=-151.82 | steps=131 | track=c493200783707f568304334b38be39b6
global_step=34624 | return=-51.34 | steps=121 | track=26637789c597fd6a567e7ec0d35a0159
global_step=34752 | return=-6.92 | steps=70 | track=a8c75e04e9fd54cb1488376e87691610
global_step=34752 | return=-150.98 | steps=130 | track=3b726a1a3c11ff1b900fcf7670648d57
global_step=34880 | return=-113.57 | steps=89 | track=37ee7d24e41d3aedfb86e91d67c83f26
global_step=34928 | return=-151.81 | steps=131 | track=325a4d5963b294e0eedc948038e4016f
global_step=34976 | return=-139.20 | steps=131 | track=768aecbf693ac83ebabb20bbc82a0507
global_step=35104 | return=-151.74 | steps=130 | track=a2fef1a78ba372b68927ae7674b0a9c1
global_step=35536 | return=-11.10 | steps=66 | track=66d426bccb14eb10a89acf87c058d5ad
global_step=35920 | return=-65.10 | steps=64 | track=2ad11ccc9e4dead21619f096d0ca654a
global_step=36016 | return=-145.60 | steps=131 | track=73ce3873c367f642da1fb4972ef9881c
global_step=36048 | return=-165.67 | steps=221 | track=cbfa2ee5462ea24c29daff9562cbf52b
global_step=36160 | return=56.07 | steps=65 | track=7e79d9d8922c7d48e4817cbb83a45fa7
global_step=36176 | return=-112.45 | steps=88 | track=a12a086b45c1d82db4fd99b735a6bcac
global_step=36256 | return=-145.20 | steps=131 | track=df2743889b84a938ed49fabb08cd5875
global_step=36272 | return=-117.22 | steps=157 | track=58f02d4b0121755446fa5104d5fb1c80
global_step=36448 | return=-147.67 | steps=131 | track=0211dc7a9db9436b166252e662a3f6e5
global_step=36576 | return=8.74 | steps=64 | track=bc46d9f0e4fd744c1f24bcb25747ed28
global_step=36624 | return=-143.90 | steps=131 | track=8d7c10b99af93b0516a8b6a8ce019e37
global_step=36736 | return=-151.47 | steps=131 | track=767ce762553783399e8e8d81f9493c10
global_step=36848 | return=-132.82 | steps=130 | track=48f87135d33a5c7e0dcde5d586e80014
global_step=37024 | return=-104.54 | steps=130 | track=aada9e886cfbe72b5cd09278fb14f26f
global_step=37024 | return=-37.46 | steps=152 | track=5d04b8cbdd836302783cf1fbc81c74c5
global_step=37056 | return=-129.24 | steps=129 | track=81fdc6b7f55ba17a2ad4c81fca9dfec4
global_step=37136 | return=-68.40 | steps=54 | track=cde41a933fbbd5c5a26d2bf955a7f319
global_step=37408 | return=-11.63 | steps=77 | track=0e25576edae518e3a2b2863ea2cbd1fd
global_step=37456 | return=-110.20 | steps=89 | track=5319e62ca65d733a954e6cd0b2e56cb6
global_step=37760 | return=-69.34 | steps=45 | track=49723dbf8d6611422bc8229828ee3f81
global_step=37920 | return=20.62 | steps=66 | track=7728874396140fd31f8862cc6ef95a8a
global_step=38032 | return=-140.25 | steps=131 | track=e9c7f566137d7124580143ebb11cb33d
global_step=38144 | return=-161.30 | steps=130 | track=def0414c83175c0da246dbdc7967122b
global_step=38256 | return=-68.41 | steps=123 | track=1fb9eda0dfc7518272484198fa4db92d
global_step=38288 | return=-132.94 | steps=131 | track=d91e80ad96611fec512e9c8888f885e4
global_step=38688 | return=-138.00 | steps=131 | track=2d7b12268489f4433b1334a5468d6384
global_step=38704 | return=-35.84 | steps=140 | track=25bda1a83d6784ef0cd415b4d1f98825
global_step=38720 | return=-119.08 | steps=130 | track=c28b4600aee4d17f4555e69b47dfe282
global_step=38848 | return=-151.39 | steps=131 | track=2675970e5044e14bed8329f3f7a6515c
global_step=38944 | return=-17.20 | steps=63 | track=d3c213bb77297c3f0711d3adc47a5f82
global_step=39136 | return=-133.01 | steps=131 | track=682645337e2b7b1a435a343e5169de90
global_step=39248 | return=-152.28 | steps=131 | track=1b1ecfae537646572cc8c10ab6eaa4e3
global_step=39248 | return=-106.49 | steps=136 | track=b557125ba15317407393bbc6d2689101
global_step=39408 | return=-51.94 | steps=44 | track=cd3e82536162d1ccd3bd903137019586
global_step=39424 | return=-12.31 | steps=70 | track=9360e786f1ae4ffc04dff9d6a766353b
global_step=39520 | return=-137.20 | steps=131 | track=a4ce23e71ec46a5fcbdfa02a4e30b5af
global_step=39568 | return=-137.47 | steps=131 | track=fedc14275ab38aabd8e244e8d24f0d6f
global_step=39856 | return=-152.00 | steps=130 | track=6819b385a06afbe3bc9f057f0e1e066c
global_step=40144 | return=-156.01 | steps=131 | track=646abe4ab6605143e3b69ff7376b1b11
global_step=40144 | return=-115.37 | steps=89 | track=df10d7aca378d16eac8e2c7bfc908362
global_step=40256 | return=-149.25 | steps=131 | track=a3cb98963c5de5fc71f017ef4be09344
global_step=40368 | return=-209.53 | steps=364 | track=fff848ba9f1971fb9fd9cae116086ea4
global_step=40368 | return=-145.03 | steps=131 | track=591f8f83183fb541688efd71f25a1a66
global_step=40416 | return=-18.23 | steps=61 | track=9c8fca7219d47df01217f03b2f5a4f13
global_step=40608 | return=-5.62 | steps=67 | track=18dd68dff0fb20761c9c53bf8ed2b598
global_step=40688 | return=-104.39 | steps=89 | track=f6e95187be6e6664254ad4222846d4b4
global_step=40832 | return=-146.81 | steps=131 | track=b4332f7eaf2c82b07a108d0235d1f819
global_step=40960 | return=-144.48 | steps=131 | track=483b561cd1ce5710c995a9e1313dcfc5
global_step=41008 | return=-112.87 | steps=89 | track=e57e02973f0dce68970b0e7f7fe309b7
global_step=41040 | return=-149.30 | steps=130 | track=6c2c4632a5620b21ad643190624864e2
global_step=41248 | return=-144.70 | steps=131 | track=47e38c12e075ab7f25fd383217546d39
global_step=41264 | return=21.60 | steps=69 | track=8b303b340d4b1226a1dc19fa4696c325
global_step=41296 | return=-102.94 | steps=89 | track=5c6caa1f6a17837fd54eeb45097e45e0
global_step=41376 | return=-38.77 | steps=62 | track=fee5a24df1379c24842987c9bb1fbd8b
global_step=41520 | return=-141.26 | steps=131 | track=374e20ebd041f7ed8337389b7b2bd95e
global_step=41648 | return=-52.16 | steps=64 | track=587cb765a41eaa6776507f612c483103
global_step=42256 | return=-144.36 | steps=131 | track=b59b680507d0fae9c4ad1643b7436080
global_step=42512 | return=-44.89 | steps=203 | track=c221b260803973f90ee2075625f16d7f
global_step=42512 | return=-141.19 | steps=130 | track=b95fef540b14db51e681d082f1db84b8
global_step=42848 | return=-9.36 | steps=134 | track=0df87c2776cdeb599b592a7c00c8dea3
global_step=42944 | return=-141.47 | steps=131 | track=39bbd5a00cff177ad8ddfd30d9101846
global_step=42992 | return=-87.57 | steps=170 | track=a2ca5c0dd210b616cb9bac3c1d9f6ba3
global_step=43056 | return=-149.74 | steps=130 | track=0286fca03754be496417f7ccc772af7e
global_step=43120 | return=-150.01 | steps=131 | track=e8098b850ac20b85d835f3dec4861d5c
global_step=43136 | return=-148.58 | steps=130 | track=7cb33323d5a2c085ac461562a36c34c1
global_step=43392 | return=-160.39 | steps=130 | track=84beb13e1cf91ca66830615cfc68e3be
global_step=43472 | return=-151.20 | steps=130 | track=324fe737fcba6ef39b27df828a9940c8
global_step=43616 | return=18.52 | steps=68 | track=5d0b96e9cb8c2094cf55d41a0d41dfc7
global_step=43632 | return=-152.61 | steps=131 | track=c222f06d6df107de2466a36623e92101
global_step=43664 | return=-60.21 | steps=44 | track=aa7929a21c530dc32410ce778d8e2df0
global_step=43760 | return=-155.39 | steps=131 | track=e2cecb4ed06d55b6d74d3fb0f8402e0b
global_step=43824 | return=-116.56 | steps=215 | track=3c385a501ff02e5e75208c514255b295
global_step=43920 | return=4.41 | steps=66 | track=9f921a47fed3b6850cbf3d3516cac467
global_step=44080 | return=0.95 | steps=67 | track=af0c742d90a7e3e9d5ca05eb74d70b83
global_step=44304 | return=16.31 | steps=72 | track=dd32c72824e922d69eda680b4a4f8477
global_step=44352 | return=-33.40 | steps=44 | track=f81f1a8ff8a928690e20484144b3bca5
global_step=44352 | return=-145.30 | steps=130 | track=529554eedaeb4477e8eecf036f8ef8c9
global_step=44368 | return=-70.39 | steps=81 | track=49cf46c85669885bde4d1c47351e264d
global_step=44624 | return=-149.20 | steps=131 | track=1f99c6d4bf7e865f01fcd6bf396653bf
global_step=44656 | return=-2.62 | steps=64 | track=b0b6b2f21bab79549480c1e07da4eb80
global_step=44768 | return=-25.88 | steps=42 | track=78fb711d32020cabdb7c4ed942ff4887
global_step=44864 | return=-115.75 | steps=91 | track=b18d6ebfb5023832b4fb529754273406
global_step=44944 | return=-124.02 | steps=229 | track=c4a66382107251961999ac7f055cc76f
global_step=45232 | return=-154.00 | steps=131 | track=0744fe78cc40f1a8d273dce956869802
global_step=45296 | return=-72.56 | steps=57 | track=520733b9165b31e804264d9703be85a7
global_step=45504 | return=-4.57 | steps=71 | track=3f6318a81f23fef7f44d5c7ae72a25d7
global_step=45584 | return=-144.58 | steps=131 | track=01625323c2297803a52326eeade56171
global_step=45712 | return=18.12 | steps=65 | track=0b0249c35c34da0465eafad1db41f6a0
global_step=45776 | return=-140.36 | steps=131 | track=abbfc50ab179a49c50274f9ec23f39a8
global_step=45840 | return=-41.64 | steps=75 | track=19b0b6786b1e0ea0fbd33382a2d1fdac
global_step=45856 | return=-166.86 | steps=130 | track=b6b81fda1cc77f3e48155c82a99cedf5
global_step=45888 | return=-107.36 | steps=95 | track=8adbcb766ec2325144b1d6cbf632f8d9
global_step=45936 | return=-138.96 | steps=131 | track=17369a887681d95c69e33537d75d28c4
global_step=45936 | return=-21.95 | steps=61 | track=c9c37361ce28d704dc754aa87fc36cab
global_step=46016 | return=-144.48 | steps=130 | track=0d13bb27c9d587588998b76f1cf604eb
global_step=46208 | return=-9.96 | steps=56 | track=561114eda179f0858e362ce7ef7e7e07
global_step=46240 | return=-60.24 | steps=40 | track=746ed19e5172af4f93dd143f1a69df9a
global_step=46304 | return=-239.59 | steps=315 | track=d982573ccf44757f8032a43fcfcc2604
global_step=46432 | return=-147.24 | steps=132 | track=ddd7f13d5fd153d92388dbc6511688f8
global_step=46672 | return=-45.62 | steps=45 | track=622de4b3f419f7615b18b3792fbe848b
global_step=46816 | return=20.36 | steps=68 | track=a1c37ec3c878b9730d8a31be0004236b
global_step=46880 | return=-137.99 | steps=131 | track=1a17b8268208b77c3ee41a72813c6610
global_step=46912 | return=-107.35 | steps=104 | track=3b74d6631d59d854a8cc2f8577665432
global_step=47312 | return=-88.72 | steps=91 | track=32a6494b3d0f7afbf4599509d50824fa
global_step=47344 | return=-49.57 | steps=154 | track=dacfc7408a6ec3698eb20660e48e83b0
global_step=47632 | return=-45.29 | steps=50 | track=9d24321a671b1eb3a49f5713c8af1630
global_step=47632 | return=-117.07 | steps=108 | track=8646cbb143c0735ec9b76406875ce8e9
global_step=47888 | return=-167.60 | steps=131 | track=73b82c4ec24cb12ec60bad0edba7888a
global_step=47968 | return=-147.78 | steps=131 | track=0fc5128ee7551d79e37bf85048116ad2
global_step=47968 | return=14.13 | steps=65 | track=1e0f4804fdc25e63a23388a0c480ba7c
global_step=48000 | return=40.01 | steps=69 | track=8fabc984d6df93f82d5d3cb53ff6203e
global_step=48048 | return=-151.28 | steps=131 | track=dd06454f18a06e895c1694142c6e727e
global_step=48112 | return=-138.64 | steps=130 | track=c98e192f7a6eaa562dbff485f1e4ac13
global_step=48320 | return=-149.59 | steps=131 | track=ff5c24856c90e7f0631fce5109d3e2e5
global_step=48336 | return=-80.46 | steps=176 | track=281ac6b07d8e591d2ae6d431c5bcc909
global_step=48400 | return=-112.14 | steps=134 | track=568b8881ed0e5af2f9f150d5ef4778ce
global_step=48416 | return=-139.64 | steps=131 | track=e1bc61d1b0122fafebf77e856b9e0c41
global_step=48544 | return=-144.48 | steps=131 | track=477ae70103b3414fe588c2c84dcaa795
global_step=48784 | return=-144.48 | steps=131 | track=b09f264cbbd593d4c5e5f730230d0409
global_step=49072 | return=-37.30 | steps=41 | track=7e2538e8dbeba34a135b5d52dc4c9158
global_step=49120 | return=-77.22 | steps=71 | track=d56bf7f079dd4958e2523271ac066147
global_step=49152, SPS=67
global_step=49216 | return=-11.52 | steps=82 | track=c8be4d1d7bc5476c285803ca6d98b966
global_step=49408 | return=-28.23 | steps=80 | track=da0f8af953c39e5f8dfce657f29a65c8
global_step=49680 | return=-115.19 | steps=101 | track=b7e071b8896800488a55c660f81891b3
global_step=49792 | return=-34.09 | steps=152 | track=cd25ce48ddabe0621dbd32892d3162e8
global_step=49824 | return=7.59 | steps=64 | track=2a22acbbb5cf01d98b3b7de42a211493
global_step=49936 | return=-96.09 | steps=143 | track=8d502503e9eac264c324e4e2712cfeb0
global_step=50032 | return=-133.04 | steps=100 | track=8d7f0be9b14797aca9d747eca22e9df9
global_step=50112 | return=-24.01 | steps=154 | track=88010b76b19326b231c5d9feb8909389
global_step=50192 | return=90.03 | steps=136 | track=000b3d55da2cb81ea9a3efcefe1cc501
global_step=50432 | return=-136.13 | steps=131 | track=05f30ebdfa99d5dad8a58aaa7eaac1b0
global_step=50448 | return=-146.25 | steps=131 | track=a5d54f5b6a0838e9d84111aac7067554
global_step=50512 | return=-200.34 | steps=199 | track=6922ace4e234d4193c3627b7f4ca37ca
global_step=50656 | return=-149.19 | steps=131 | track=6e36b2a8b8535d3e0845afd89f9edcbe
global_step=51184 | return=-146.94 | steps=131 | track=0dbae641b3a86980645a0ff3b17e6e8d
global_step=51184 | return=8.51 | steps=66 | track=1fb2acdba5b5bce0c50d351358d122bf
global_step=51216 | return=-150.48 | steps=130 | track=f32488515824701cb7dbed9b8c63bb81
global_step=51504 | return=14.61 | steps=66 | track=8464ce1e5dd6f4548c36154c0ff61eb8
global_step=51520 | return=-116.80 | steps=131 | track=9eec3bdc4b73a7d55d0e73e70ba9bb9e
global_step=51776 | return=-152.99 | steps=130 | track=c7e1ead8e49d3ce5f3eadfaee3872068
global_step=51856 | return=-58.60 | steps=41 | track=36dbe31865e5b4524569184617223438
global_step=51888 | return=-144.11 | steps=130 | track=3d1aaddba239dad86fef3646217b4105
global_step=51936 | return=-163.43 | steps=131 | track=db75649fd3cb4614e0d73a140ca1cbba
global_step=52160 | return=-107.38 | steps=138 | track=a1849e200a63dbd303368370bd2388f1
global_step=52304 | return=-156.48 | steps=131 | track=e3438666c36a5446b447d59174f76776
global_step=52544 | return=-87.48 | steps=156 | track=c7ca505008e6b06622fe8e6b4da66064
global_step=52768 | return=-249.65 | steps=299 | track=14990a16ad68c104b32d9c407124ddff
global_step=52768 | return=-169.19 | steps=131 | track=47a886041ebdf3e1eac0ae368744ca29
global_step=52800 | return=-142.45 | steps=223 | track=26ad9129a0cfd52de9b49111c02e9188
global_step=52880 | return=-142.99 | steps=151 | track=f4e341a9e7c4335fc684f77284a458ed
global_step=52976 | return=-33.63 | steps=50 | track=c752eb943f72c7e693243cd42dd58959
global_step=53008 | return=19.20 | steps=66 | track=eb7af163da3fb96798a688d702bf1891
global_step=53200 | return=-117.17 | steps=167 | track=a0ca746631e2f0dbda56788b8ee3620e
global_step=53248 | return=-28.16 | steps=58 | track=26052e993351175327f652c7227f10df
global_step=53296 | return=-144.34 | steps=131 | track=025678352363319d5ab3fcfdefee62a9
global_step=53456 | return=-111.56 | steps=97 | track=a632f0502294aff27ccc832c3949453d
global_step=53520 | return=-111.79 | steps=143 | track=4ab2755f23f17d4b66873af70850faf4
global_step=53616 | return=-145.20 | steps=131 | track=7ab8cc0d488d6d7592ecdb1142130f33
global_step=53712 | return=-73.47 | steps=120 | track=6f04703ff87b1d10e9146cceea436b06
global_step=54016 | return=-84.51 | steps=77 | track=905dc41cf5290ad700d15562c2c83909
global_step=54096 | return=-2.26 | steps=69 | track=4ba2418e3ac36106f4ade8d5e236d684
global_step=54320 | return=-108.73 | steps=89 | track=20bd91a27e3b8d88bde7e2e876fc90b8
global_step=54384 | return=19.79 | steps=67 | track=bf4d257455625f09fef7bca3514f471f
global_step=54400 | return=-185.35 | steps=179 | track=9e1183f583a04e0762ba8efaf8f92bd1
global_step=54656 | return=-18.15 | steps=64 | track=196dd94df73bc190947fcc66cd5f0c12
global_step=54816 | return=-76.54 | steps=184 | track=62c6d6b72c93190dc4312a68944e9ae1
global_step=54880 | return=-140.17 | steps=131 | track=008ef4f5d52b297f13bfc7f0bcc1da06
global_step=54928 | return=-102.65 | steps=148 | track=5d20daaf04e08c29b7e20a972fb9146c
global_step=55120 | return=-146.34 | steps=131 | track=989845a36900e129d302aa04493b62ae
global_step=55312 | return=-133.59 | steps=131 | track=78fbc9b2154a4f465c9c6ae70ba472d7
global_step=55360 | return=-118.65 | steps=131 | track=f92390f85d24d0ff33f7330636c90a12
global_step=55488 | return=110.49 | steps=126 | track=d872795e171d16b6992b7c9656e94078
global_step=55488 | return=25.93 | steps=68 | track=efaaaec6442ae1836fdc7139237bfd36
global_step=55552 | return=-84.87 | steps=171 | track=8e59911a4e086f78e8c78ea61622c91b
global_step=55632 | return=-148.34 | steps=131 | track=f2d1f5131d2c8294012ad8d3a34d3d7f
global_step=55824 | return=-150.54 | steps=131 | track=99c098551741c5975fda30b43db1a408
global_step=55904 | return=3.75 | steps=63 | track=504fea8a1fb1944acb0e392cedf31b44
global_step=56128 | return=-144.61 | steps=131 | track=ed320048da391f3a265e6ce6c0f47758
global_step=56192 | return=-143.62 | steps=130 | track=22d87da1819f5b87e3699e43118e429a
global_step=56208 | return=-90.34 | steps=35 | track=e167b9d10f441d4005736e03ced408ad
global_step=56432 | return=-156.61 | steps=131 | track=16802576aafa0cbf0f192b5fde15a44d
global_step=56512 | return=-140.81 | steps=131 | track=ea5804f6da0166babe920aa62263d746
global_step=56672 | return=-0.35 | steps=73 | track=38b1a614b1b23ca3f5f7de28dd2e7b14
global_step=56688 | return=25.66 | steps=70 | track=e115769dc4ba95ad92c9bc9ae6b11a78
global_step=57040 | return=-146.35 | steps=131 | track=c54c568362754f26cf2d1979ba86cf88
global_step=57216 | return=-167.55 | steps=130 | track=4c59b9a3698837c4f14a56f6874726a6
global_step=57312 | return=-134.02 | steps=155 | track=be42f492f0bf189d958815c99fa62eef
global_step=57424 | return=-153.80 | steps=131 | track=78d16103385b34f2de567c75d4439c97
global_step=57424 | return=-144.15 | steps=128 | track=cb5f9718d83beec4f871c96377e07490
global_step=57504 | return=-57.40 | steps=81 | track=537a94bf5d3286f79ec0f89b15ddabff
global_step=57536 | return=-5.74 | steps=63 | track=c7779075eb73d526c77c05ae0affc64d
global_step=57600 | return=-164.35 | steps=131 | track=19e842d4d8fcee29b033f5bec38f15ce
global_step=57936 | return=-150.58 | steps=131 | track=bf6d95f654d94e458503d324f5bf882e
global_step=57984 | return=-11.92 | steps=207 | track=dd397ba1327fb117c965f58777124810
global_step=58032 | return=-112.70 | steps=99 | track=d4265cc7167cf025a85f90476365db3f
global_step=58320 | return=-144.17 | steps=131 | track=e911773b99e39068fd7a7855e5e7db1d
global_step=58384 | return=-48.20 | steps=154 | track=d2e58c93301bb3cd24ff2eeb95b1b789
global_step=58672 | return=-16.64 | steps=45 | track=281c38f450ead45ae9ca2b78ebd675e0
global_step=58800 | return=-140.36 | steps=131 | track=d0309052429139343bb0a6c12af07691
global_step=58976 | return=-86.23 | steps=143 | track=abef73425b2ded28b9871f43ba0e43c0
global_step=59152 | return=-149.59 | steps=131 | track=cd932a5d001582d1be13b90dd02e37ea
global_step=59264 | return=-161.60 | steps=195 | track=c2b05000b650056471cf45681feba2bc
global_step=59328 | return=-142.98 | steps=131 | track=10d16add836264f0f79ee8377e65d03d
global_step=59360 | return=-9.38 | steps=64 | track=9a8e4e04394301401097c3dd70a14a74
global_step=59424 | return=-143.51 | steps=131 | track=045fbd2004b19e917cdfab13d91549f0
global_step=59536 | return=-146.48 | steps=131 | track=d204b73b22be81ae1de1da9cab001a78
global_step=59616 | return=-146.21 | steps=131 | track=e0651f9d49ed733aa49cc9d987c13caf
global_step=59664 | return=-29.93 | steps=61 | track=01913bc46146d1d4581a7aa51823ef95
global_step=59712 | return=-144.13 | steps=131 | track=9914e4b5d6fac39ebff5f19bddf3e73c
global_step=60096 | return=-142.13 | steps=131 | track=8f974d2148eb3d164cfbe8bc5ae7c1bf
global_step=60144 | return=-127.30 | steps=131 | track=d2967ece9798cab8725be36a3d378d19
global_step=60160 | return=-123.54 | steps=110 | track=bf52f5699c3365e45ee7e282f7c0cadb
global_step=60480 | return=-83.22 | steps=93 | track=b0f6bc4a77fc865480e6e06c8f28fe3b
global_step=60880 | return=-232.66 | steps=208 | track=7d70a828e6c3a8675720d0d66960ae8c
global_step=60912 | return=-132.46 | steps=131 | track=cbe1fc9b6ad1e1ea49482b8348fd3a16
global_step=61168 | return=-6.22 | steps=62 | track=d0b89da832327003771c5f096b0aa5b4
global_step=61264 | return=-140.40 | steps=131 | track=3b29d01a80e16b5c9a55c4ca92b03935
global_step=61376 | return=-142.81 | steps=131 | track=393723a4be9d5504622689c3c58e0210
global_step=61424 | return=-117.18 | steps=109 | track=589bdf50de09b0cee9b1006aa2bde5a6
global_step=61440 | return=-156.21 | steps=131 | track=b3728cc69b7c88e8286e0cebeb7d2661
global_step=61472 | return=-160.54 | steps=131 | track=1a2b428462d283d4aa053271f4af2524
global_step=61536 | return=-138.00 | steps=131 | track=77d62121ce9572380bd0f74d3784f6f4
global_step=61648 | return=-155.20 | steps=131 | track=49dd3936dc7256e8fb673d493dc20637
global_step=61728 | return=-140.67 | steps=131 | track=06eecdf05f57630034988d8257f3c2c7
global_step=61888 | return=-80.66 | steps=111 | track=ae70457483930818de6e899e3e7b10a4
global_step=61920 | return=17.13 | steps=280 | track=5cb92df4a16289a95c347253dd5fd7da
global_step=62224 | return=-144.39 | steps=129 | track=33ade07adafb49e2d5651df994730436
global_step=62352 | return=1.13 | steps=67 | track=e38ec6137cb311c3daa72230b5619c57
global_step=62608 | return=-159.23 | steps=132 | track=04bfa54da33b06356d99fbf689b09bde
global_step=63024 | return=-173.46 | steps=131 | track=38848eb277ae6d6265b5f575b320b2bd
global_step=63216 | return=-44.37 | steps=218 | track=4f0d640cb7b008a178f6374281e36e61
global_step=63216 | return=-101.74 | steps=110 | track=d62ad1cf5fc9ea22a11e5880006471e0
global_step=63280 | return=-68.55 | steps=131 | track=f6af0405f2d6c090ad0b0c6534343dbb
global_step=63456 | return=-53.11 | steps=119 | track=ec50cc5c4a7bea1b870fe98139be0016
global_step=63472 | return=-158.00 | steps=130 | track=5a308a07e6371df69b1e0012ae68a1a4
global_step=63536 | return=-144.81 | steps=131 | track=650f9d4b902d473578cf863ee95e6ef3
global_step=63664 | return=-10.23 | steps=81 | track=50882013c2cae3f12ef2c3df90ee6407
global_step=63904 | return=-86.66 | steps=151 | track=408eb88e78dd439f95f26bdc1d896682
global_step=64032 | return=-141.43 | steps=131 | track=72f3d6462ba4a04312ed3e559cfc967d
global_step=64112 | return=-75.14 | steps=148 | track=81f9108ce5dad5133ed51c6e25f78e47
global_step=64160 | return=-118.74 | steps=96 | track=9da7b084cfc994388e1e0bc8c093bff3
global_step=64240 | return=-40.02 | steps=59 | track=ba416cda9d948e241af5cc6a93237460
global_step=64256 | return=-87.71 | steps=147 | track=3ad138358456eced343d2555601aebdf
global_step=64304 | return=-46.66 | steps=67 | track=71c10a6ac8d2ea60fcd68b866435ef43
global_step=65120 | return=-154.59 | steps=130 | track=e1020ec3b3a4f08a92cd0098f92e2bc1
global_step=65280 | return=-4.14 | steps=63 | track=fe820799241c823b5a435f333f51fb88
global_step=65312 | return=-147.38 | steps=130 | track=2bc758ef1a3b2cc0ec2301c9b1719a0f
global_step=65344 | return=-169.10 | steps=278 | track=766b715f102ae3ab4c8226c2879b87fd
global_step=65360 | return=-119.41 | steps=195 | track=a65944879d213f69e226f1704bf5599f
global_step=65408 | return=-191.21 | steps=234 | track=98bcdc85bbe15bbeb2c6f0f9b6578dee
global_step=65536, SPS=67
global_step=65552 | return=-149.73 | steps=130 | track=3a5ca25314e80ac7a631c004a45266f1
global_step=65648 | return=-121.20 | steps=131 | track=d307876c3d844d37020c71b477f056ed
global_step=65696 | return=-121.35 | steps=138 | track=cca32e66a503cd1fbb82f17f94f3a02f
global_step=65760 | return=-156.48 | steps=130 | track=3fa6c617842c340a8bc7f78d0609ad44
global_step=66000 | return=-60.08 | steps=114 | track=b8978654d368bdccca4173326cf8227d
global_step=66016 | return=-165.09 | steps=131 | track=a50784645990f9be2438f7abaf36e194
global_step=66144 | return=-149.80 | steps=131 | track=d1acf01214695e62e35303397b7eb4c6
global_step=66224 | return=-152.52 | steps=131 | track=5c7abd3c597ef6adbce27450205d39e8
global_step=66352 | return=-147.43 | steps=131 | track=69b715c88d217c2792de9eb8f8d8f35d
global_step=66384 | return=-9.75 | steps=63 | track=581f5339dfef0d1b9f4b455b80f65ca9
global_step=66416 | return=-57.01 | steps=44 | track=3a6a2e7440bca837b9a59a2903635512
global_step=66432 | return=-100.48 | steps=132 | track=b955b54d8346d0851d8166314fa50b01
global_step=66720 | return=-102.03 | steps=89 | track=e94adb298c759bb712cc1a9917d495cd
global_step=66752 | return=-108.19 | steps=89 | track=21364c3a5cc0e8101affc56d140136cc
global_step=66752 | return=-31.32 | steps=61 | track=9edd95f250902ad432c9e02ff95f9592
global_step=67104 | return=-112.43 | steps=90 | track=7852e3abf9a81b8a5513ade3ebef3ba2
global_step=67152 | return=-94.68 | steps=112 | track=0f9d750d5d6a11dc6f110a5b481d9a90
global_step=67520 | return=-141.39 | steps=131 | track=d130e96523b2882ac7e4d2be0e01bf09
global_step=67648 | return=-81.64 | steps=102 | track=c7202b8f85b22e97ff356d5053a5c714
global_step=67664 | return=-155.03 | steps=131 | track=8bbac029f6dbe0bb7bc1f2bcd6e81d79
global_step=67776 | return=-123.96 | steps=101 | track=af05de7aac92205976fd4aaa056c6376
global_step=67888 | return=-97.25 | steps=172 | track=3a88d9404c385ab42deb441a86cbe71b
global_step=68128 | return=-143.90 | steps=131 | track=2e1589949426d7e6ecedff8a004c82a9
global_step=68144 | return=-110.36 | steps=88 | track=96abcfff06b014dd0bc5ea331aee22b8
global_step=68464 | return=-138.50 | steps=131 | track=5ae96966758ee8602bb1c534a8d87bfd
global_step=68480 | return=-143.36 | steps=130 | track=064c55b8bec3c3c3714c54f655f3c1cb
global_step=68544 | return=-145.90 | steps=131 | track=fe664bb24726e49381dd521910390cfa
global_step=68688 | return=-115.49 | steps=141 | track=e73a386ba7aaab39a4efeb5d7511166d
global_step=68800 | return=-158.76 | steps=160 | track=42aede806402950f3d52b13b506b0b9a
global_step=68864 | return=-152.98 | steps=131 | track=70bcc1151d2eb8c5248a9cc2568fd856
global_step=69024 | return=-92.86 | steps=93 | track=23d635b908de21a219837b7fe7e2e0da
global_step=69216 | return=-144.58 | steps=131 | track=a83ae2d1c711b5ba979bfee5e78f7000
global_step=69264 | return=-146.41 | steps=131 | track=8187c6b247bfcadae8715fc8fc9b486c
global_step=69264 | return=-20.57 | steps=156 | track=25b60b92eccc4553b0d220976e8eb2aa
global_step=69328 | return=-112.17 | steps=89 | track=82a0abfde9808647b4f927523ec1025d
global_step=69408 | return=-112.58 | steps=101 | track=50edf4ca4fc7b6edab06e089e3817b66
global_step=69744 | return=-146.58 | steps=130 | track=ca295f91e5ba51fd1354029ab87aafec
global_step=69872 | return=-16.51 | steps=62 | track=71c4e939784201ac4c9c75ced28c33a1
global_step=70032 | return=-88.48 | steps=147 | track=b780619b8afece42b46fdca726bba709
global_step=70224 | return=-148.83 | steps=130 | track=2141293ba2a56ddb15d0b751617b95f7
global_step=70256 | return=-146.01 | steps=131 | track=d915d487d382447654a984923b6868a1
global_step=70304 | return=-27.97 | steps=60 | track=f33286ed275e3be988354e1cfcf2ff62
global_step=70352 | return=-106.33 | steps=96 | track=a0a7837f416d985030187e16aef20c8f
global_step=70400 | return=-124.17 | steps=106 | track=96a3c45931875ce4d3fb37b0449bab2d
global_step=70480 | return=-52.91 | steps=45 | track=efc52ef14b1ad7755739d4971d36864e
global_step=70560 | return=-166.84 | steps=130 | track=ebc8fae51d715d3470a1f646098aebbb
global_step=70592 | return=-127.20 | steps=131 | track=3b26a6fb4c3e5b3fda2031e4403a35e2
global_step=70976 | return=13.31 | steps=68 | track=a443e805e39fa96eceee78ceeb19b8c5
global_step=71136 | return=-143.47 | steps=131 | track=2c316779496a53756496fa1aa7f6ef57
global_step=71248 | return=-123.75 | steps=123 | track=f1cd4e3296b979ef2d0893eb96fadc21
global_step=71328 | return=-139.39 | steps=131 | track=076bc8297803368406b1818b532418f0
global_step=71360 | return=-32.33 | steps=130 | track=be148027035494ea05a10995e877791d
global_step=71520 | return=-155.19 | steps=131 | track=ddc4dbc67a43f0cb2a2f4b685808caab
global_step=72048 | return=-88.28 | steps=105 | track=dedcfd63d5dac1a69897264d1e659056
global_step=72112 | return=-17.18 | steps=60 | track=02c5ed0cf415e689d61f8fccade34a53
global_step=72144 | return=-134.94 | steps=131 | track=a89afc46ee58725f0c123e00c67b68c2
global_step=72192 | return=-167.25 | steps=227 | track=95980302610d69685aee2909cba6e49d
global_step=72352 | return=-151.97 | steps=130 | track=63bda2835f890e4b66830266b659421b
global_step=72496 | return=-148.59 | steps=130 | track=b11bdf5f594b9afd38a53f3c4d32389f
global_step=72592 | return=-109.83 | steps=131 | track=27979ba702f10ce860467f4ba7d5bc57
global_step=72592 | return=-76.36 | steps=66 | track=9286fae99112a036a2d61c0574da6069
global_step=72608 | return=-110.04 | steps=101 | track=fb93994838a33ab36a4bbca0d5df3d6e
global_step=72624 | return=-154.77 | steps=144 | track=2694758474b114ff583e57354136e08b
global_step=72672 | return=-140.48 | steps=131 | track=e40976845987cf771dcd9632ea78296e
global_step=72704 | return=-149.20 | steps=131 | track=ead27eb7c5e9727d1569ee8383c03be5
global_step=72976 | return=-106.60 | steps=171 | track=a2bd1dcb15f4ca377b45409c759f3822
global_step=73104 | return=-23.97 | steps=46 | track=b6c5282ed7c07767cb9a2c757ef692fd
global_step=73344 | return=-145.90 | steps=130 | track=5193ed8c294c60fd182667a104a86f4c
global_step=73440 | return=-143.30 | steps=131 | track=b26dadded0679d4f9f22fc5cdbf9e445
global_step=73472 | return=-141.47 | steps=131 | track=3af255797c712c8319fe5617683af78e
global_step=73696 | return=0.23 | steps=66 | track=3499b81a77885252d423087740da21b6
global_step=73760 | return=-4.91 | steps=65 | track=b19428bc42aaff233300f54ef567484b
global_step=73952 | return=7.91 | steps=79 | track=0baf61fedf79264b1a1be3d0a92d6e74
global_step=74032 | return=-101.41 | steps=89 | track=61d0103c66402ce392b8723bc83a8e53
global_step=74032 | return=-113.12 | steps=89 | track=7815d88e7a0e2d0151f84a2ac229ca78
global_step=74144 | return=-144.99 | steps=130 | track=86d55512c1da9ed1e2217663e64c7103
global_step=74224 | return=-142.55 | steps=131 | track=3f49246e846636f983131c26a33813b0
global_step=74256 | return=-141.43 | steps=131 | track=5117173a9cbc074cb1d1e570ba3a606b
global_step=74304 | return=-156.91 | steps=131 | track=0f571f71964dd12290290bf9d260cf0e
global_step=74608 | return=-160.01 | steps=131 | track=83e15303cad13d5855272cf790b6b2e4
global_step=74704 | return=-145.52 | steps=130 | track=00a2546d52daa25f0de31e814732bfdc
global_step=74816 | return=3.87 | steps=65 | track=71f4b36bfef93b4e923f804da02080b8
global_step=75408 | return=-87.24 | steps=143 | track=01ae67b4179f566b43c1359831b7a53e
global_step=75552 | return=-139.46 | steps=131 | track=5aba92c2ab1cc9b71f3223161dcb0e7c
global_step=75584 | return=-145.90 | steps=131 | track=8989643f69d532b57a8da74b840e312a
global_step=75648 | return=-127.06 | steps=100 | track=3eb1d3a5c1e0beb91bfe2153c239bd4c
global_step=75824 | return=-142.40 | steps=132 | track=11917ce68105a5a77bb605d245203452
global_step=75904 | return=20.42 | steps=67 | track=46c9862aad7ccc7ed07140dd9b36c4e4
global_step=76064 | return=-166.87 | steps=131 | track=d585bf0464b6b56b689f4d9bf92b011b
global_step=76144 | return=-142.13 | steps=131 | track=0c40e4648e91acd6c64eea201bd5acab
global_step=76224 | return=-180.70 | steps=202 | track=a62af867a386d9afa8a6736c61213695
global_step=76256 | return=-135.20 | steps=131 | track=0651c5098a934cce52659256c37bf5b3
global_step=76336 | return=-145.20 | steps=131 | track=f1654c2a2026e935df2a41e11529b912
global_step=76368 | return=-149.03 | steps=131 | track=9aad98b507302e0125959b243a1b692c
global_step=76416 | return=-146.35 | steps=131 | track=b1f4e445ce5096ed51c8a9fdc50caf9e
global_step=76656 | return=-161.55 | steps=206 | track=d664e930948e2fdd7250b6318e791848
global_step=76704 | return=-150.16 | steps=130 | track=9ed9ba51d162d1e2ce88916055241a07
global_step=76816 | return=-148.70 | steps=131 | track=3a9ccede46779e0e8c98a41ff1330c03
global_step=77184 | return=0.97 | steps=64 | track=16a2e963264fc2ed261c8212e9520e37
global_step=77344 | return=-58.97 | steps=89 | track=7f59d44e7eec29078d02c637e282e8e1
global_step=77520 | return=-156.41 | steps=131 | track=624052d26e4eda81127b0ab43847390c
global_step=77552 | return=7.68 | steps=73 | track=3159056752d2cd0e8dc718aeb15d856e
global_step=77664 | return=-149.59 | steps=131 | track=ba6a90179a7c58d621022a677b8e2dfd
global_step=77744 | return=11.25 | steps=67 | track=b7ce253a20d9d5844e2f4ac1f14efd35
global_step=77760 | return=-151.88 | steps=131 | track=d44b5ef0537ac360f3c189382aa23a82
global_step=77776 | return=-119.72 | steps=96 | track=89a0edf2a4a399f5e174a73737913459
global_step=77872 | return=-115.10 | steps=95 | track=745d0840caadf893b1b1b3ba1f4b74a3
global_step=77888 | return=-24.58 | steps=66 | track=d371a4e903a4e27ad5e9ad050f2e8bab
global_step=77936 | return=-160.44 | steps=146 | track=765da061b6ec641b4fc11ae507644ed9
global_step=78352 | return=-150.00 | steps=130 | track=8ab5c651d26d7820e0aa1139e95013b5
global_step=78432 | return=-114.13 | steps=162 | track=159cb598451d66b16be7b670c73d353c
global_step=78528 | return=-147.40 | steps=131 | track=129081ced831b0c4d09a947b8094c7c0
global_step=78544 | return=-65.73 | steps=41 | track=49d4287f2902df72a28474d09a2075bc
global_step=78544 | return=-122.88 | steps=154 | track=f1c7b5bd2237df27db8abb79f5938553
global_step=78816 | return=-137.47 | steps=131 | track=f8f24bbd53abaa80be199b33a2d95883
global_step=78944 | return=-124.30 | steps=109 | track=afa8f7e91d6ab5cac418118c8a4ea7b7
global_step=78992 | return=-81.43 | steps=91 | track=173e20967af314854663abd33d17ec71
global_step=79136 | return=-48.17 | steps=43 | track=1c5b5d9668a99fb7994315874cd786e6
global_step=79440 | return=-139.40 | steps=130 | track=b1326af7cdf7995a3861e136634c6aa8
global_step=79648 | return=-152.64 | steps=130 | track=7b87d31fc13ad187e5dfc7260be77844
global_step=79776 | return=-150.55 | steps=131 | track=b7fbea9b8b3ea8f2ac27a9d4730b832f
global_step=79840 | return=-156.23 | steps=130 | track=2ecd04119163ff519af6a6a9699c2005
global_step=79888 | return=-150.16 | steps=131 | track=48c99cd3e8fafbe7398e5361ee839b22
global_step=80000 | return=-146.81 | steps=131 | track=510ee7ae51985708141d556e86245ae2
global_step=80096 | return=-75.08 | steps=79 | track=630df4cd34a4094455a33bd0c57a86bc
global_step=80352 | return=-141.86 | steps=150 | track=a80b5a74b70c8237a898f28c91b54e7c
global_step=80448 | return=-153.91 | steps=130 | track=6d770ff140c149d4b2734fb1656cadd4
global_step=80640 | return=-166.73 | steps=131 | track=902db20b1a7719ad9550879e3895fa08
global_step=80640 | return=-150.58 | steps=130 | track=b829948d399ee315aeaba5cad89d90a3
global_step=80688 | return=-12.50 | steps=64 | track=7e42a63e7efaa2d5889bc84935a63203
global_step=80784 | return=-18.83 | steps=62 | track=fce277d677896eb7da4727375ce3c783
global_step=80944 | return=34.42 | steps=65 | track=73cd2ad8753f676a39c244fdbbbb2fdc
global_step=81056 | return=-153.43 | steps=131 | track=26df00a2039c5ca514369c6316775314
global_step=81248 | return=-145.75 | steps=131 | track=e98311c192ed3ce04eaeb4f4a6c807d9
global_step=81312 | return=-207.40 | steps=221 | track=4e252c19b901b382563a493e13d42c07
global_step=81408 | return=-166.47 | steps=150 | track=540dd78786befb786e5a0163cf1d6ac4
global_step=81536 | return=-111.11 | steps=89 | track=72ed174119ffc7c19f11ca12d2aa67a2
global_step=81552 | return=-138.00 | steps=131 | track=fb4c70d3275c7b53d75d23f7a6c78242
global_step=81616 | return=-127.91 | steps=110 | track=63de42742fe8291ffaf1a9024da5f97a
global_step=81728 | return=-62.40 | steps=48 | track=5ec29e9f1d6551b1d5b530d3f0e92270
global_step=81920, SPS=66
global_step=82096 | return=-129.10 | steps=130 | track=a46ae2910c7c8f06973649adfcae79ec
global_step=82416 | return=-114.59 | steps=122 | track=3e965c40de05e96cc32dd28476ddfff2
global_step=82448 | return=-154.86 | steps=130 | track=8dabf090908490de77f9dacd26ce3fd3
global_step=82528 | return=-41.67 | steps=49 | track=25d14d488a12fec31e30f8c52895b434
global_step=82768 | return=-156.57 | steps=132 | track=ad47a6aa56523c289bb1b29b82083140
global_step=82800 | return=-144.41 | steps=131 | track=719bcfe13dcf610e9259bf64300ee386
global_step=82848 | return=-189.36 | steps=268 | track=5362d7330646bae2f16e18991842a480
global_step=82992 | return=58.77 | steps=89 | track=8fab41cf62c348ad6885ea01a323dafb
global_step=83136 | return=-78.96 | steps=94 | track=3a3e8600c09646197e13632ae6fd370c
global_step=83168 | return=-150.76 | steps=131 | track=a1435fe7cbc92018cc31d8966e580601
global_step=83200 | return=-116.24 | steps=111 | track=593e1d9b75ca9601b265d57e27bb428c
global_step=83360 | return=-145.25 | steps=131 | track=6ac1b4e9c5af6c71cbab9baf19351d7a
global_step=83424 | return=-163.40 | steps=131 | track=3c113554d6c8379ccc00eee804024e53
global_step=83648 | return=-145.03 | steps=131 | track=5641cfbb8e3ce925c3c122f3149ff5b9
global_step=83888 | return=14.48 | steps=67 | track=ecca661d54b5e7b46570b8e3da7dc32a
global_step=83936 | return=-41.89 | steps=45 | track=e8b66ecba2498f54d3ffb1c5cb4bfef5
global_step=84112 | return=-69.30 | steps=46 | track=65af598d4bc8177ea7d50363a5da8dc6
global_step=84208 | return=-137.40 | steps=131 | track=1fb66ef613c58c4b5feca0d9e5a0a676
global_step=84432 | return=-32.07 | steps=78 | track=12820693c1369977e656381d44822cc4
global_step=84528 | return=6.75 | steps=54 | track=16bbaecd06acb9aa985c89df79dabb44
global_step=84528 | return=-158.75 | steps=131 | track=f926474ccae627786657856ca9591a37
global_step=84544 | return=-153.55 | steps=130 | track=5f8894b6a26a48cd3cdfd5c58f0259d0
global_step=84624 | return=-152.00 | steps=130 | track=f6120ab37b71967d1a7affc1bf7a848c
global_step=84960 | return=-140.25 | steps=131 | track=075663c853b492b9e458074d4eb8161d
global_step=85104 | return=-147.30 | steps=131 | track=f92b3fa4496375a2b21fc7328ee2fcd4
global_step=85248 | return=-142.67 | steps=131 | track=71fcec4f342f2b3f4982ec9f994d6637
global_step=85520 | return=-145.28 | steps=130 | track=d91f88ecaf26ad00060354eed716e30c
global_step=85632 | return=-183.18 | steps=311 | track=b4311ec47fab752780f43985b37afccb
global_step=85712 | return=-115.74 | steps=110 | track=db96f892c5b654f8898a0db21cbc2289
global_step=85808 | return=-122.05 | steps=189 | track=11e036e8e3d69da99c878b1461348cf1
global_step=85856 | return=-138.45 | steps=316 | track=721cde0126858682e6631ca1a0375f0a
global_step=85952 | return=-17.58 | steps=61 | track=ce45da936580616219c586028b416b4a
global_step=85968 | return=-109.21 | steps=89 | track=7f58d8a1674779b47117ec3dbc411e79
global_step=86192 | return=-103.82 | steps=143 | track=30f6f793514d2f3ae72b5dfc9fba7292
global_step=86224 | return=-146.24 | steps=131 | track=4cb2680ec88ebbeffe32d89bb73121d2
global_step=86336 | return=-113.58 | steps=132 | track=ccb09eb185e6a103c91e8d4dd8c7045f
global_step=86496 | return=133.32 | steps=77 | track=86361a8f3017b921b9327ab69ec159c1
global_step=86528 | return=-149.88 | steps=130 | track=0cea7628eec9a0fee5bca65b3a66e1c8
global_step=86544 | return=-99.56 | steps=89 | track=60a3cfcbbaad4de39304f643226cd77e
global_step=86656 | return=-132.67 | steps=131 | track=a1bc256f95fe9a93b8dd33b1b4553ebb
global_step=86912 | return=-53.41 | steps=42 | track=8012a4daf388e62d4fecdbeb94e820d6
global_step=87024 | return=-7.12 | steps=65 | track=9f455ce8f0c26d86845c145289f50f33
global_step=87408 | return=-124.60 | steps=105 | track=d1f7cfede496d1b51cd3a33419833d9f
global_step=87552 | return=-94.26 | steps=182 | track=2932815b6817adc999174b10e6d921fe
global_step=87616 | return=-154.20 | steps=130 | track=fe5e12de87af5069fcab19cc59ae512e
global_step=87744 | return=-134.74 | steps=131 | track=2b866cd675a9a2c9c23246a7429486ab
global_step=87920 | return=-149.78 | steps=131 | track=4f67018e52d09cfcedb561cf6c13277b
global_step=88000 | return=-126.52 | steps=90 | track=1c07c61bbb29cc9929a0ea082d47b387
global_step=88064 | return=-157.43 | steps=131 | track=797828e687f91b9e977a96358abae4e8
global_step=88128 | return=-108.15 | steps=101 | track=d6664c9bd3ed76fe5006d60529c70679
global_step=88144 | return=-15.05 | steps=45 | track=2b82a98b07e888431570c3ae82b0ae6b
global_step=88208 | return=-98.39 | steps=146 | track=2852f6b041e311619cd432e2f418286f
global_step=88304 | return=-115.57 | steps=131 | track=1c43aeb7c9ef21a68b3ef9b908f0e237
global_step=88448 | return=-63.10 | steps=43 | track=8e3f72a8fae93e52964d98e64ccfd411
global_step=88448 | return=-163.04 | steps=131 | track=77deff33467623399ab11341d13c4994
global_step=88656 | return=-155.44 | steps=132 | track=7a18fd9eb61facc504b30873baf6c0ca
global_step=88704 | return=-134.08 | steps=104 | track=4af13b65ba0496969846e81630b7f7a6
global_step=88752 | return=-147.73 | steps=130 | track=47a9b2a983295f8bf428451c27509eb7
global_step=89120 | return=-69.20 | steps=41 | track=3b416d6d7d6967f3d44f20304817f4a7
global_step=89216 | return=-7.87 | steps=71 | track=f7a7c8e2882b9a48004c69e9f6ac7076
global_step=89296 | return=7.41 | steps=67 | track=2e4f0b24bd71bad41156110513b660b7
global_step=89456 | return=-65.20 | steps=71 | track=d684b13084a71e807446fea544e1ff10
global_step=89600 | return=-119.69 | steps=99 | track=4ce64828185aff66595591956f8b00a1
global_step=89648 | return=-20.93 | steps=94 | track=26f4f29e1f4378b0434796caa257d008
global_step=89728 | return=-150.35 | steps=131 | track=8dfb253482d9afe7dc96fcc9f0cb66c6
global_step=89824 | return=-80.20 | steps=43 | track=cf7ac121826f41390e5ecad74ced41ac
global_step=89904 | return=-118.73 | steps=109 | track=7154f2fbeee6c84b2fb4fda98cf20b13
global_step=90032 | return=-144.81 | steps=131 | track=0c856a278244b32985034df9a3c76dd8
global_step=90048 | return=-155.60 | steps=195 | track=d196acb15d50e1da813c18c3aee1e29e
global_step=90208 | return=-67.80 | steps=56 | track=4e9486ca742daf04ad9e0b25ff913028
global_step=90272 | return=-176.66 | steps=358 | track=3d5fa1e25413f2db82999851417b4ea4
global_step=90592 | return=-24.16 | steps=61 | track=7ad00bdf6b0f6249d1b9ca5ee191f24e
global_step=90768 | return=-153.39 | steps=131 | track=25029a5402ae68041090477be2287fdd
global_step=90800 | return=-147.51 | steps=130 | track=20eed6b5021b9653af2a7d72cc261041
global_step=90832 | return=-59.55 | steps=48 | track=3233fdb0173ab7543f7690dc4cf5efae
global_step=90864 | return=-140.77 | steps=131 | track=8860316310725abb3232b94ced4b53a0
global_step=90992 | return=-58.97 | steps=48 | track=6dabcb21b2aff05bb6e4cf6c1c61dc55
global_step=91296 | return=-191.55 | steps=233 | track=01f251415f15245df4ec6c3edaf922de
global_step=91328 | return=-146.00 | steps=131 | track=42ee1a342e4f85739eca4fe3e20149bf
global_step=91760 | return=-138.23 | steps=131 | track=c808c3bbcc1a9aec72f3e1cb05120b03
global_step=91840 | return=-130.16 | steps=131 | track=fd43f385d7973649bb52e5b664c2e843
global_step=91984 | return=-203.10 | steps=220 | track=ee786905ddacd28d22518508577d9724
global_step=92000 | return=-151.08 | steps=130 | track=3e5143fb81716f3bf031b2ddf8e793d9
global_step=92048 | return=-57.46 | steps=161 | track=45bf442a48c5a98085619e97483f631f
global_step=92368 | return=-150.39 | steps=130 | track=0eb913982835ac09574d265bfba0b5c3
global_step=92528 | return=58.22 | steps=109 | track=185a93eea28f2de07121e17e148b489e
global_step=92704 | return=-135.47 | steps=131 | track=c1940d7c8d539a9cd40e6cff6f3ec86e
global_step=92976 | return=-45.58 | steps=61 | track=b1a414eff5dc05b62d62495299afa6c6
global_step=93088 | return=-93.01 | steps=138 | track=ac9a8d0a4aa20ebeeb01b129a88e9a77
global_step=93104 | return=-132.24 | steps=131 | track=2f40e42a4617e3a45f330309aeaa642d
global_step=93120 | return=-86.01 | steps=144 | track=12cca48bfa67910aa01711ecaa1a8e6e
global_step=93360 | return=-52.09 | steps=157 | track=7b03941bed8664c7a7196c1e85830ea9
global_step=93408 | return=-123.08 | steps=131 | track=f4e4724452989288df68a249b56e65a1
global_step=93424 | return=-158.78 | steps=130 | track=895234756fac9e536354b407f7c28e10
global_step=93440 | return=-147.86 | steps=225 | track=e0f9e31e2ab2bfe3cba861595a4879c5
global_step=93824 | return=-71.28 | steps=44 | track=e7a05df1977efa0e5a7c67387256c168
global_step=93936 | return=-149.20 | steps=130 | track=79fbf0d422f273f188d825309fba8d40
global_step=93968 | return=-59.09 | steps=89 | track=0a9850987a961e14c72c9c4b00d9fe81
global_step=93984 | return=-56.49 | steps=123 | track=799c73dd4a2e76986537c4f013097521
global_step=94160 | return=-140.77 | steps=131 | track=58f837861da81e2cf1cf3c93789afb73
global_step=94272 | return=-14.07 | steps=51 | track=e13eff18462e9d3f2c49956088c7e351
global_step=94304 | return=-174.18 | steps=266 | track=134772aef16403f9b2a12baff3f91c4b
global_step=94336 | return=12.67 | steps=84 | track=58cb1ef7cbe07dd4cbd291eb13127743
global_step=94480 | return=-147.19 | steps=131 | track=a5dab3eb3d50ea05d0d16db6a9586455
global_step=94816 | return=-144.35 | steps=131 | track=ab063a71482ee241617c1fe20ee8ffe8
global_step=94976 | return=-184.38 | steps=200 | track=ed9b777cf66ae5aaa71b991a95677b39
global_step=95008 | return=-119.78 | steps=99 | track=c78cb7e32324bf6f12b7d9d62d2fbcc6
global_step=95200 | return=-162.81 | steps=131 | track=c43e27a9ae8cf3f387332483706a022d
global_step=95232 | return=-146.81 | steps=131 | track=f2a6ee1f4d3a27d0924b4f7fec6ffeb2
global_step=95472 | return=-155.59 | steps=131 | track=055c5cc90035499a112129bcd1c8368d
global_step=95888 | return=-113.84 | steps=100 | track=ca53ddc180dce3e1e5abcf577daad6f4
global_step=95936 | return=-148.13 | steps=131 | track=27f9df9c5976f96de38dab4b4ab75d30
global_step=96048 | return=-107.11 | steps=131 | track=9777bfa191bd586ed54a7b3d56f2f75b
global_step=96080 | return=-121.47 | steps=131 | track=3ed2a9ad09ab8f6ff8cb1a7328305e88
global_step=96096 | return=-154.21 | steps=131 | track=390ee3d55ff85993c5e06c765f16e987
global_step=96272 | return=-152.70 | steps=131 | track=051f86c68b4f9d4d9db3ec6dafde95c6
global_step=96288 | return=-95.90 | steps=91 | track=5cd407df86ecd03ed222d6b66aee5c7f
global_step=96640 | return=-89.67 | steps=145 | track=c49219b1d9473ee38bfb25e0c52c4a46
global_step=96800 | return=-198.71 | steps=210 | track=81b6339d7fcc81d58419452afc802bcc
global_step=96832 | return=11.65 | steps=84 | track=5bd9c34576d7ab0f39222c362b4bdfe3
global_step=97088 | return=-139.43 | steps=131 | track=2047f008bf7caf04b95047de5f771288
global_step=97088 | return=-11.83 | steps=62 | track=a4b86daadd318881e3be1ca571c70bbb
global_step=97136 | return=-146.47 | steps=132 | track=dd0d508b18b6495204d95926c7a6f2c6
global_step=97312 | return=-159.91 | steps=131 | track=438b24b3dfa1a5a58c47d17f8ee981f0
global_step=97328 | return=-146.58 | steps=130 | track=0adc902def97471b7c6d1b43ddd10c69
global_step=97488 | return=-114.29 | steps=89 | track=e2cc9ee9fa48310ecdcfbf1b228cebb4
global_step=97904 | return=12.13 | steps=222 | track=17eb86dee3e796b63ae413406bf30075
global_step=97920 | return=41.47 | steps=69 | track=98f51a1b502efaa377bf413c79db65a3
global_step=98000 | return=-151.90 | steps=131 | track=b83736aaf08040d6219d3318aa2d3934
global_step=98048 | return=-147.73 | steps=131 | track=55c7b0836c5227a99cc458c02ca0229e
global_step=98208 | return=-140.24 | steps=131 | track=aacb8c246877cce17f0d1e91a10fb04a
global_step=98304, SPS=66
global_step=98336 | return=-39.90 | steps=240 | track=a1100233b2cfe43c5458ed1366890102
global_step=98368 | return=-131.50 | steps=129 | track=197ccf46ed7aaaa23efb3a1c03d3d460
global_step=98384 | return=-154.50 | steps=131 | track=f216e9b37f26d91a29d8d281d93ceb99
global_step=98768 | return=-104.63 | steps=90 | track=86470ecc22fb7bc44e0f8ad369c4ac9c
global_step=98944 | return=-144.34 | steps=131 | track=eda8233190bf47722c42624cfed72b7a
global_step=99200 | return=-42.23 | steps=159 | track=bb38ffbd524fb70419c2b847741be2e1
global_step=99200 | return=-147.60 | steps=131 | track=25f98c11ca3f267124d14bc43da022a0
global_step=99248 | return=-139.51 | steps=131 | track=ed3fbf913dd76c90c409e058320a60a0
global_step=99456 | return=-142.51 | steps=132 | track=c068a5f64749357553130433ae9d32d0
global_step=99584 | return=-156.78 | steps=130 | track=bc7fcffc47fc0f2ca8d85844a245fb59
global_step=99616 | return=-117.54 | steps=157 | track=e9826f4dea0af1aa3f5e2244da6ec0f8
global_step=99808 | return=-77.10 | steps=89 | track=99bc02f211e7c11e6616163022489213
global_step=100016 | return=-121.20 | steps=131 | track=1e4a7d53d62bca9f5af219e79da5defa
global_step=100016 | return=-157.73 | steps=130 | track=eeba7027aa6ab496aad38b508e79571f
global_step=100112 | return=-11.34 | steps=56 | track=a5fcf0037aee227e1727ca5ff6c71bd2
global_step=100112 | return=-131.51 | steps=131 | track=91bf32018765e9e9a60f51eeaf2ebcdd
global_step=100160 | return=-145.47 | steps=131 | track=07fac2ad1c3d597c1b04fb04bf9effcd
global_step=100304 | return=23.46 | steps=65 | track=3af904010954a6ca08b906dabb714b43
global_step=100320 | return=-156.55 | steps=131 | track=692af624271a3356bc36ae022591740f
global_step=100448 | return=-147.19 | steps=131 | track=dd359ee57740c74c983237516185ade9
global_step=100496 | return=-154.70 | steps=131 | track=fb55e61f8ff5ce088d05d169b13b72ba
global_step=100576 | return=-34.70 | steps=47 | track=82998122602baed7e488d7990c6c762a
global_step=100672 | return=-32.88 | steps=75 | track=abb8d9eb41105d1995618c7048c4b485
global_step=100704 | return=-54.49 | steps=42 | track=61bf74adb07e56acd039c0d9cd43495b
global_step=100768 | return=-71.82 | steps=73 | track=bb9a24bcc03244a0dc9bd365a5ea43a2
global_step=100864 | return=-144.42 | steps=130 | track=29097d2c977c5e173fd4ee6b175be034
global_step=101184 | return=17.40 | steps=66 | track=5c3547ac2a0f4c74790681ffa4df1409
global_step=101248 | return=-100.39 | steps=67 | track=c3f18e2af1dd5e62c5bfaa5acc526d50
global_step=101312 | return=-144.54 | steps=131 | track=ef562136d3cbeae488213a31d2842b9c
global_step=101328 | return=-19.49 | steps=62 | track=82a70862b90af2e8f90c8881b785006e
global_step=101712 | return=-149.30 | steps=130 | track=b6a0b0c1d98192061828a175c8806eab
global_step=101728 | return=-30.48 | steps=173 | track=dc039c9739992835c3e8f83ecad8f9ac
global_step=101840 | return=-0.61 | steps=78 | track=c4087a15e2845e40d95b839dcc52b8a2
global_step=101968 | return=24.87 | steps=68 | track=5cb67f9930dc4d59a75af76f721ecea2
global_step=102128 | return=-145.40 | steps=131 | track=7053c095fa31b2f446c383adbca07017
global_step=102224 | return=-151.78 | steps=131 | track=f043979a2ddc18b128aed89527912ad1
global_step=102336 | return=-130.89 | steps=114 | track=b2ebd832d9cd177640f43ee807f1b3f9
global_step=102416 | return=-153.47 | steps=131 | track=81639da3601ccca343340f64e5535871
global_step=103184 | return=55.32 | steps=170 | track=4aa774757c0e81e49965bd8e0450c345
global_step=103264 | return=-74.16 | steps=155 | track=99ae9f1087aa571d1020d0791a9aed28
global_step=103328 | return=-29.76 | steps=74 | track=e467271653ba87cd8494ec94dbf79577
global_step=103408 | return=-148.24 | steps=130 | track=48922c176d371ac25439f2f97d2b1359
global_step=103440 | return=-141.25 | steps=131 | track=1b9378d41557ba454b9aa9b85bcdb320
global_step=103488 | return=18.96 | steps=71 | track=88bfab9ca52c27a52f4c81aa3f4a3678
global_step=103760 | return=-100.84 | steps=192 | track=afbb4004b5bf8cc8711b42d46bd0ab10
global_step=103808 | return=-140.89 | steps=130 | track=7c169d6b051e315bb69b334b102d870b
global_step=103840 | return=-135.51 | steps=131 | track=8578f1c1ac6965d751fb99565ea452e8
global_step=103952 | return=-143.39 | steps=131 | track=f170237538eeb91f883e68fa0a1a69a9
global_step=104064 | return=-147.74 | steps=130 | track=637c5ad01166eafcedc906da02518116
global_step=104320 | return=-57.38 | steps=191 | track=fd689a7add223e404012400f60973b58
global_step=104448 | return=-23.67 | steps=73 | track=a6c24549c2b02e1b459486306fcb79be
global_step=104496 | return=-103.78 | steps=141 | track=cebcb6b95a3b75de008b231923ae92d9
global_step=104528 | return=-143.67 | steps=131 | track=2757aba44a5fa0ccb628044f25db7c08
global_step=104576 | return=25.31 | steps=67 | track=a974fbf041f8a90beca3d801fba5dae8
global_step=104960 | return=-116.98 | steps=96 | track=d11330e893a1b3a052ab7825b8d458bc
global_step=105104 | return=2.22 | steps=64 | track=72e74c3d1c72283a782e35b8e8d3a565
global_step=105296 | return=-144.10 | steps=131 | track=566e64f1ad554df1e6d2a5ba7290576b
global_step=105536 | return=-157.66 | steps=130 | track=96638c939e62df19cf3cdc06e17a1f1c
global_step=105568 | return=6.44 | steps=69 | track=0ec9c19f00c809b315fa20d448edee7f
global_step=105904 | return=-66.42 | steps=49 | track=7fdef6e24732522113ab528c73f75d70
global_step=105936 | return=-156.66 | steps=130 | track=a13b9b2fceffeaee1c6cb8da9cfa9bcc
global_step=106064 | return=-141.80 | steps=131 | track=339b30ea04214500749f53cd663f8c1f
global_step=106256 | return=-56.99 | steps=152 | track=ba3963566f0088f20df91cd82951829c
global_step=106432 | return=-133.47 | steps=131 | track=5f047578a41ea21bcd81fae9ee365879
global_step=106480 | return=-78.67 | steps=56 | track=22b778a62f71ad8217e62e9c12a5174d
global_step=106512 | return=-177.79 | steps=362 | track=8e2f68d5277985f8069b50425e48888a
global_step=106608 | return=-124.53 | steps=131 | track=b92d8764383366f5da8515a96aa54fca
global_step=106640 | return=-138.75 | steps=131 | track=a1d8efa6e1350cd863635645221b4e78
global_step=106688 | return=-140.72 | steps=131 | track=90f56146e9c549c25918ca67a1cc2a19
global_step=107072 | return=-161.78 | steps=131 | track=a207a5bd5ded01433e81fef32348efaa
global_step=107408 | return=-143.91 | steps=131 | track=6404f4cf2b378d6022a104f6abb1cae5
global_step=107488 | return=-52.49 | steps=54 | track=c82cdd35db705a36d0e9006910951804
global_step=107520 | return=-112.31 | steps=261 | track=1967c8d3263112401ae99b8a6c6f85c0
global_step=107648 | return=-148.98 | steps=131 | track=5f23f361783d3d3868210f1625f8d759
global_step=107712 | return=-89.92 | steps=246 | track=2375ac4eda83e6bf44263b3996a15e6f
global_step=107808 | return=-109.67 | steps=96 | track=9cfef85a61bee28534081392e625d889
global_step=107840 | return=-125.18 | steps=110 | track=15c352c9b9571ec159b669979d342f4f
global_step=108000 | return=-145.73 | steps=130 | track=b7d6f08a6731cbc485beb925ea5113ab
global_step=108048 | return=-148.98 | steps=131 | track=8f535cae6dd39e96cbc177a3ebe0ba57
global_step=108464 | return=-127.35 | steps=110 | track=ada464797577357a8c0440f86f8494fa
global_step=108544 | return=-128.13 | steps=131 | track=af064ded0a73fe827178a37abacd73d0
global_step=108592 | return=-137.73 | steps=131 | track=46ea33b3706b818978f4e5685a53b0f1
global_step=108592 | return=-1.76 | steps=66 | track=e64c9fb04b53dfce44ed6662b2fb70a1
global_step=108608 | return=-153.37 | steps=130 | track=f6c5ac6f7eae54c1a842b33eddabaa60
global_step=108624 | return=-260.24 | steps=464 | track=d97d111ed987cf5497b6d9ffb4aac6a8
global_step=108928 | return=-105.35 | steps=69 | track=ed45676bb8840a45fe27f83ee1d51a91
global_step=109120 | return=-44.39 | steps=69 | track=e2a32a91687ea271f04442e83a08fff4
global_step=109120 | return=28.41 | steps=66 | track=235f89a7483fdb1682155b6b4a1fd969
global_step=109184 | return=-89.22 | steps=95 | track=d1e93fc881e75f301081c434c8d5526d
global_step=109184 | return=-120.13 | steps=131 | track=9ef30c707253e4e492cb10b4c8e2dea8
global_step=109504 | return=-138.64 | steps=130 | track=268cf021550d6cd7cba23953a0879787
global_step=109824 | return=-151.67 | steps=131 | track=52ac645bb4f209a969a85e0bab3ca6fe
global_step=109936 | return=-38.03 | steps=152 | track=0da65a5f9c4e900cd590bf5122774e04
global_step=109952 | return=-145.80 | steps=131 | track=4300808d8e656dd79d02ca7c0377372c
global_step=109968 | return=-20.25 | steps=85 | track=92ffa663a0fe3ee9c1e296250d870956
global_step=110000 | return=-210.43 | steps=209 | track=d0adb02bedd28f8519a11dd20c1e36da
global_step=110176 | return=3.56 | steps=65 | track=6253801906d4f3accc6dd8ae8677daa3
global_step=110240 | return=4.94 | steps=65 | track=2fb26941fd04cb72444816fac9b8ff7d
global_step=110560 | return=-145.28 | steps=130 | track=e9583eb2bdb8ec8998f13a1b6a454e93
global_step=110688 | return=22.33 | steps=133 | track=dfcdca8616e859f12492f252046a2fbd
global_step=110704 | return=-165.02 | steps=130 | track=a189c7489d54eca9c641659a0316acab
global_step=110704 | return=-147.91 | steps=131 | track=03b6ff6c24e78c2e9e16ff5646bddc24
global_step=110720 | return=-147.94 | steps=130 | track=5013472f6e3acefb62a2b2453cf3cee5
global_step=110976 | return=-42.10 | steps=49 | track=726893c791fb3f4f1a024f35dcf9ceec
global_step=111024 | return=-7.97 | steps=67 | track=ac932bec39a4e54717a65e2dc1b70086
global_step=111040 | return=-132.13 | steps=131 | track=fc062439ce09d5ba2ac05787be8fad7b
global_step=111232 | return=-136.48 | steps=131 | track=d6007666fb83f822ff1a26c6c9d4ef49
global_step=111280 | return=-165.42 | steps=130 | track=e760c387486b210c3a176a9e72561b8d
global_step=111584 | return=-12.69 | steps=63 | track=4454e7af671af424be914eca513f48be
global_step=111664 | return=-98.70 | steps=88 | track=49e77bbe6cb99ecabba9c86678ef058e
global_step=111792 | return=-133.18 | steps=114 | track=9f1b76eaa8ca22a71d7a9380efa2cb7a
global_step=111904 | return=-19.16 | steps=75 | track=b33ba060735b579774ea0ef3e79f7b43
global_step=111920 | return=-145.80 | steps=130 | track=bfc9d2e4e264dd1f68134c99a217db10
global_step=112096 | return=-148.85 | steps=132 | track=33cb82feb1a46537bec38c1e7c93bca6
global_step=112096 | return=-160.59 | steps=130 | track=f675fbc13764547f293b9cbf8ca492d8
global_step=112336 | return=-47.64 | steps=65 | track=74656e7b184bd6f7d51242fceb0c656f
global_step=112560 | return=-97.76 | steps=190 | track=8ba4091bd4091ed7635c0fc09637c060
global_step=112816 | return=-151.43 | steps=131 | track=21506e55b4b35fc1d496e4d95ee7709f
global_step=112816 | return=-154.17 | steps=131 | track=4982c0b3478bd3f2460e6261a0b00bd6
global_step=112832 | return=-121.43 | steps=131 | track=fa8413e8d386a0e4174aa823b8d5ab18
global_step=113088 | return=-147.78 | steps=131 | track=45d81f312614a8d160078add8be64527
global_step=113344 | return=-84.16 | steps=144 | track=4eadba77cb213264366401e9e2c515db
global_step=113424 | return=-72.63 | steps=37 | track=09c6b5746b6b120b54ab2298557a3a02
global_step=113424 | return=-109.98 | steps=148 | track=76fba75fe46772fd7d8eb737855e941e
global_step=113488 | return=-93.73 | steps=140 | track=0fb45511a4352569c8317458fd5af17f
global_step=113664 | return=-113.66 | steps=129 | track=3b17650e8684369bd0b0332c1d4b3767
global_step=114016 | return=-114.07 | steps=131 | track=564d9d100d6af9eec44eb0310f727677
global_step=114032 | return=-136.67 | steps=131 | track=1e9791ff5e6a1cd43861938833dc6043
global_step=114048 | return=-51.79 | steps=59 | track=91a97cb021fb42220e3e8be863523ca1
global_step=114208 | return=-154.17 | steps=131 | track=65bbec28a44895cb838cb9df55ecef02
global_step=114208 | return=-151.01 | steps=131 | track=2076b9ab9270fc85ada8dfde033c5881
global_step=114304 | return=-37.15 | steps=156 | track=185f8cb9face4d0bf4a7818287d3847e
global_step=114448 | return=-147.03 | steps=131 | track=0d8563ee5b7d0ae922ff9b0114a20de0
global_step=114672 | return=-142.00 | steps=131 | track=6c4afc7dbac077a0eb618b3bad9dbd86
global_step=114688, SPS=66
global_step=114912 | return=-135.94 | steps=130 | track=e1e204919ee2289c0d86f56c7c0c66f6
global_step=114928 | return=-162.86 | steps=130 | track=f03fbb8d54c25a1c5ae563cc950b6161
global_step=115152 | return=11.04 | steps=70 | track=4c94e07b794da0bfad74f326abfac7d6
global_step=115296 | return=-19.18 | steps=61 | track=586f2b56f8183f34501cc229a2757524
global_step=115344 | return=-67.06 | steps=115 | track=da63191bda77aab9825595549bb9986b
global_step=115456 | return=-152.98 | steps=131 | track=f269bdb832c77e6d465f4d96d3d85150
global_step=115536 | return=-125.38 | steps=131 | track=51d7898cf5bb2d2b9df5e7bc2b4d148c
global_step=115552 | return=-77.66 | steps=94 | track=02e1100652ba274e542dee8c75786810
global_step=115728 | return=-105.78 | steps=143 | track=7beb18f2efa5918930edcb6c1aa5bc8f
global_step=115792 | return=-152.73 | steps=132 | track=b3bad4ee4571c886128afdbe8250570d
global_step=116160 | return=-130.13 | steps=131 | track=e55bd7150fb0d9c6cc897826d7433ea4
global_step=116320 | return=-136.13 | steps=131 | track=4e3272ac22c5493daf5fd5e0469dceb6
global_step=116320 | return=-131.67 | steps=131 | track=2c0cf148d5b3d2787999fa7bc7619058
global_step=116544 | return=-15.90 | steps=62 | track=696f98543b7090dca96977e3d3709fe8
global_step=116544 | return=-146.11 | steps=130 | track=da40d1d0613c582af55c37a3d84a57c4
global_step=116608 | return=-154.47 | steps=308 | track=0ef1b3c62d4dada1b4bd4ad2c569ca2b
global_step=116704 | return=-116.40 | steps=110 | track=bf11876db0405d732f9e27dfd3a8217a
global_step=116768 | return=-134.09 | steps=130 | track=8676ee981435ff7825fdb22b69929da6
global_step=116896 | return=-102.80 | steps=89 | track=814b814ecc675b40693d3c578c9d0875
global_step=116992 | return=-105.82 | steps=89 | track=9ad1ec422b3c17258298e977dcd40106
global_step=117024 | return=-160.34 | steps=131 | track=e02b9d41f04d29cf6b5de139bebbbe2a
global_step=117248 | return=-153.30 | steps=130 | track=1e7ed3a9272e4a456a1d4510368b773a
global_step=117440 | return=-144.64 | steps=130 | track=7605583bb22b8cd1e5a35254d5de1108
global_step=117600 | return=-74.45 | steps=89 | track=816de1e7b89a783ba672ef12dbc8aa8e
global_step=117616 | return=-149.94 | steps=144 | track=58bbcddeb87682d5f3daf6ff2600d9c1
global_step=117824 | return=-149.05 | steps=130 | track=8dbce3884a09a7b4f4c2b30d7a56f823
global_step=117904 | return=-144.13 | steps=131 | track=824ec3c55df3426014b34fd46754467b
global_step=118384 | return=-68.69 | steps=110 | track=066f0a37d65fe7965b06390662ec65f3
global_step=118432 | return=-173.90 | steps=131 | track=39d7cea616f4274afc59b786d8a03dea
global_step=118624 | return=109.53 | steps=143 | track=7e6f5cdcf2ed4824d455bc4d995b6868
global_step=118656 | return=-145.25 | steps=131 | track=9f019f4fb8ae737dc9252520a3db2c04
global_step=118656 | return=-128.76 | steps=131 | track=fa83f7cb947f037f04290617dbc56eb2
global_step=118752 | return=-119.00 | steps=109 | track=4395e9a4488e1c84ed864033ef722b4e
global_step=118784 | return=-2.48 | steps=72 | track=6d70e919f521e68db934628f4ca3c948
global_step=118896 | return=-137.46 | steps=132 | track=03e61f38668406de3ac29946525c14bb
global_step=118944 | return=-132.38 | steps=105 | track=0080e50dc2e023eb9feefbc1f61549c4
global_step=119008 | return=-143.90 | steps=131 | track=00632080b8c19448724088ad7ec80fbd
global_step=119136 | return=-146.96 | steps=131 | track=72e4609c1745b48214be7c225460f497
global_step=119552 | return=-158.01 | steps=131 | track=853af266ec8d2866c7af0fd62ae23392
global_step=119712 | return=-134.72 | steps=131 | track=13e09ed19f408ce316f3580ecbf6780f
global_step=119744 | return=-28.86 | steps=61 | track=e111b691a1f1536b58be01575d540ec1
global_step=119936 | return=-140.96 | steps=131 | track=df6455757778935a94e0481d9bbcf153
global_step=120016 | return=-133.01 | steps=131 | track=5fd93c58b05d676c012d8acf7aae765e
global_step=120080 | return=-45.07 | steps=210 | track=703871280c6882d07b83a65fff834b99
global_step=120480 | return=-150.39 | steps=130 | track=1840bb5bd511dbb1a1e8742ffb4c722d
global_step=120496 | return=-113.20 | steps=92 | track=bb05df6ea82cf4e0a7849cab64a65102
global_step=120544 | return=-156.54 | steps=131 | track=0a33d8e0a48114c85858b78c26d175e1
global_step=120608 | return=-83.27 | steps=41 | track=c3432c317b3072136c64ceb90289f826
global_step=120720 | return=-132.65 | steps=130 | track=85a6b3dbaac800730168609d25e5b7cc
global_step=120768 | return=-140.94 | steps=131 | track=ec2b38783d7e155a4c89e407cffcc60e
global_step=120768 | return=-145.01 | steps=131 | track=13964ea4cfb0e4a68eb148762e0ca3df
global_step=121008 | return=-139.43 | steps=131 | track=b7a0f5f531dcd8e91bf5107e2575a425
global_step=121248 | return=-159.66 | steps=131 | track=9f410598e020d65259a687596a7fde2d
global_step=121648 | return=-146.84 | steps=130 | track=d1be009b42b84a03530cb35c6bd5c2e6
global_step=121808 | return=-76.42 | steps=49 | track=e0cdda81315e186f37d30bfa091f537d
global_step=121808 | return=-132.57 | steps=130 | track=1488657748625d815965bf8b7a64d4be
global_step=121968 | return=-47.82 | steps=117 | track=9f48453e59788d586095934b010397e4
global_step=122192 | return=-36.90 | steps=212 | track=a60a14b2dc9c72df9f37a4ec13058c67
global_step=122480 | return=-47.99 | steps=116 | track=f28ba1f911a58669179c905a240e553c
global_step=122496 | return=-49.33 | steps=42 | track=e99e2ba43a6f34476df73d773be2b2c9
global_step=122592 | return=-139.75 | steps=131 | track=64da7eb6e5fcba4771331dfd7bb08830
global_step=122656 | return=-150.21 | steps=131 | track=0bdf93bd6c9bdfccc1f922b2bb9683d8
global_step=122752 | return=-42.98 | steps=140 | track=11409b3180268c9e630fd4b264511460
global_step=122816 | return=-9.40 | steps=62 | track=e9c91a51a5b8bcb7459e8ab410926966
global_step=122832 | return=-157.91 | steps=131 | track=c5abf30905b3d3fe04f9d9694cde3d36
global_step=122864 | return=59.28 | steps=177 | track=f2645823ebe85dd81cdba83955e292de
global_step=122880 | return=-154.76 | steps=131 | track=bc80563cc8b3197d2b320cf365806110
global_step=122880 | return=-138.48 | steps=131 | track=0cca6a6b3ad31bd0e1176a030107a411
global_step=122880 | return=-126.66 | steps=195 | track=c83829ddc402872c835a78d1ed92d01c
global_step=123120 | return=-56.69 | steps=116 | track=871ffedb2779d15899db8aaac758afe3
global_step=123280 | return=-125.95 | steps=270 | track=f0f82a4e1a265b7ef501f3da08ea5b7a
global_step=123344 | return=-115.92 | steps=105 | track=d7812e6a400d9724dee3c971af3d69b1
global_step=123600 | return=18.24 | steps=68 | track=d5da0333888603cd96589851faed5a99
global_step=123632 | return=-29.36 | steps=46 | track=844857aec3ed837472cd71dba5af19a4
global_step=124080 | return=-149.30 | steps=131 | track=571e7b441c0ab84d5c53c1b1d3dee575
global_step=124256 | return=-105.64 | steps=89 | track=0dd5c1b4d3ec3cbc23f8dd88002a651e
global_step=124288 | return=-95.57 | steps=90 | track=8b1d4bc948edd35ae35ca63469f65c81
global_step=124304 | return=-139.53 | steps=131 | track=214c4c9869b00ce710525a8811fbacec
global_step=124704 | return=-136.17 | steps=131 | track=4e259b0d8322a3dc08f53161772fec0d
global_step=124736 | return=-21.80 | steps=70 | track=4dad7ea2aec1e8ee0b78774fe7131498
global_step=124768 | return=-142.36 | steps=131 | track=05a7382435e90e60e9771d46d6122470
global_step=124864 | return=-136.24 | steps=131 | track=0e727996d61706f8e4cf621651ff83df
global_step=124944 | return=-119.99 | steps=153 | track=9b2abdb3a176244930fa5cb844956867
global_step=124976 | return=-146.58 | steps=130 | track=dd049ae1a513fdefe216f518c68407a9
global_step=125216 | return=-142.35 | steps=130 | track=adb45cc0c089f59a54d0cf9f88a6988f
global_step=125360 | return=16.34 | steps=66 | track=5db99db217fab9281075791adc2f789a
global_step=125376 | return=-135.94 | steps=130 | track=819f92b322f21ecf1cc8dc6d79b558d8
global_step=125456 | return=-152.13 | steps=131 | track=81a7e3941b9111785d4cb3c2b3832094
global_step=125504 | return=-71.74 | steps=74 | track=7565e44b2adc2bd3940c57ae41477fb3
global_step=125744 | return=-152.77 | steps=131 | track=3b0f29f27da0f4bcc66ccdb115872853
global_step=125776 | return=-17.39 | steps=62 | track=ff663a9f064cd0042904a29af1d2c68b
global_step=125952 | return=47.68 | steps=75 | track=920a97f8e257b689621dd1a824b26a19
global_step=125968 | return=-182.60 | steps=192 | track=d5bcab386cadf8662c239c3278568a90
global_step=125968 | return=1.49 | steps=68 | track=bb3832586631df849faa441954a6b2b8
global_step=126192 | return=-130.46 | steps=131 | track=b28d7ee8ae5523648aa42579155d14a6
global_step=126208 | return=-68.69 | steps=121 | track=019f338ba46023149a48fc61018c5ea2
global_step=126256 | return=2.42 | steps=64 | track=5788ee1ac5d3a70c73aa0986c5805635
global_step=126480 | return=-108.12 | steps=95 | track=55b474c73d2715b784f357325ebe493b
global_step=126528 | return=-9.36 | steps=66 | track=aa4ee0884791073701ce714513cd9868
global_step=126816 | return=-134.96 | steps=131 | track=84e6ed51315df64b1c3853e181c81808
global_step=126848 | return=-77.69 | steps=91 | track=86d763a596bfc4b8f7e48d0d33f51384
global_step=126960 | return=-199.45 | steps=255 | track=dacff5127c923bc6aa7f11de0830d483
global_step=126992 | return=-6.71 | steps=63 | track=5ff1dea2a8275bd72c84c37f34cf2478
global_step=127088 | return=-146.24 | steps=131 | track=c0e52e6910551a7fb534c5f24278c6c0
global_step=127184 | return=-62.39 | steps=43 | track=fc626b7a8fd9e35cbf4cfe0c165f9618
global_step=127600 | return=-138.21 | steps=130 | track=3dd159cf441a6261e72aa9aa44766c82
global_step=127632 | return=-115.99 | steps=103 | track=075afcecca92cb5801aad8c874b28602
global_step=127680 | return=-104.35 | steps=144 | track=3d568ba9c629883415dcaca703072bb2
global_step=127696 | return=-96.88 | steps=89 | track=447544a868fa9e814ce804cc766b76ce
global_step=127728 | return=-116.32 | steps=110 | track=ff5935f280397e147fcd5621bdcd9a70
global_step=127856 | return=-154.13 | steps=131 | track=a747a7eb6dbc378b4875f4f0fc6c8694
global_step=127872 | return=-152.58 | steps=130 | track=1631f90439ad0db4fad5ca0449bcf615
global_step=128128 | return=-7.72 | steps=64 | track=d96c9cc05887695107b7d0b08851fca2
global_step=128320 | return=-147.47 | steps=131 | track=54545f990b6e13d48227654bb575bac0
global_step=128608 | return=-60.91 | steps=46 | track=f7c3a208fb6ab0099e132df846ca6405
global_step=128640 | return=-131.26 | steps=131 | track=a0b25dd575ffdb9730a044f7f7aa46d1
global_step=128912 | return=-146.39 | steps=130 | track=7305dfb1e84b7ee2d468814e62bbbc94
global_step=128992 | return=-37.39 | steps=133 | track=ca104215dd3081d020d2e685ba8fbf68
global_step=129104 | return=-157.19 | steps=131 | track=6409b9fa60d58370a65d2182a6e58cfe
global_step=129296 | return=-145.40 | steps=131 | track=ec9a5f76351cefbbbbc9bd6790d43ae7
global_step=129392 | return=-120.93 | steps=109 | track=bd7d28f0387e46544427da12b9ecb75d
global_step=129440 | return=-108.51 | steps=97 | track=a1eeebb28c863777c81eacf09eb87af3
global_step=129472 | return=-10.96 | steps=204 | track=0ea9b43bc1520f177db19e69bc201773
global_step=129712 | return=-140.96 | steps=131 | track=904e8d5402fdacc70f240277bbd9c142
global_step=130240 | return=-157.47 | steps=131 | track=a1f1b0c1d32f1c2c1c43e368cc43c5bc
global_step=130432 | return=-158.34 | steps=216 | track=46eced46760d761a54dc48136d701e6f
global_step=130448 | return=-99.67 | steps=90 | track=90e6b0a149955f7cba9c758bd75c585e
global_step=130496 | return=-129.91 | steps=172 | track=a869f3821d7d0113bddae10cb4c47e50
global_step=130576 | return=-98.35 | steps=122 | track=ea0188d17e071d9d3474dbdb26dbb749
global_step=130736 | return=-137.20 | steps=89 | track=e52bbad46a8432a586770a02ec959058
global_step=130736 | return=-155.55 | steps=130 | track=dd1b8c345ee33ad7b41d423d138bc519
global_step=130752 | return=-78.96 | steps=151 | track=89b1a75076ed99069d568583be95f39b
global_step=130896 | return=-37.50 | steps=93 | track=5a0ac1781c6e92e639005e4808ec52ce
global_step=130960 | return=-185.18 | steps=127 | track=34b9c16e0c5ff291bd4898e743d4d5cb
global_step=131072, SPS=66
global_step=131168 | return=-118.46 | steps=105 | track=8dc0e2e4ebb3c6fc3b1fd13af3be1c16
global_step=131216 | return=-150.35 | steps=131 | track=b7f3cc657cf5cb5b7341815c71d71ad7
global_step=131312 | return=-183.90 | steps=226 | track=2ffff9688c894cdadd2807a7ae82c370
global_step=131536 | return=-145.51 | steps=130 | track=f21b56d209e865ee24f7f2eed65e6916
global_step=131696 | return=-107.68 | steps=90 | track=c75d75d40fcc7f864a3913bb823d48cc
global_step=131792 | return=7.51 | steps=65 | track=95f90ba89d91700faf7f936dcc0bad40
global_step=131856 | return=-145.37 | steps=259 | track=2d6bb1435b60c88b04b175baa59c2bee
global_step=132208 | return=-21.71 | steps=81 | track=e948d51673c5aec764af1698f38d44ac
global_step=132432 | return=-116.29 | steps=104 | track=d56dcb7cd81ddda6c3ff7b967a68d966
global_step=132528 | return=-10.65 | steps=130 | track=cbc9dd16821c4818d3c9999ab45143a3
global_step=132560 | return=-148.91 | steps=131 | track=3e0d9a6adfce8a6e5c3464e2cd33a737
global_step=132608 | return=-144.73 | steps=131 | track=7128b12946c8f12dfc46195f13a4f7b2
global_step=132688 | return=-147.01 | steps=131 | track=eba05abe83d5ca1adad920773e6148ee
global_step=132896 | return=11.56 | steps=68 | track=e431c5ba56112fe16df405facd172de2
global_step=133072 | return=-149.55 | steps=209 | track=cfb9a97c7fba962153657f911ab2edcd
global_step=133072 | return=-138.40 | steps=131 | track=f3159b5556a5cab005cd1d5a0bc22542
global_step=133088 | return=-123.80 | steps=110 | track=15fba47ac70016721db57b952f1236f7
global_step=133216 | return=-11.30 | steps=62 | track=f9ad10a314f51411cc0ca088b1f9e34c
global_step=133632 | return=-168.84 | steps=130 | track=bf2e41baac6668afb24d00e40180a91b
global_step=133648 | return=5.25 | steps=69 | track=02175c59e984c6357bc1819981f02416
global_step=133808 | return=-124.48 | steps=131 | track=64de0d854c95538efbeff36bb1dfcd8d
global_step=133920 | return=-169.77 | steps=171 | track=12aca7c2c42e06847c9431a49cbeaa61
global_step=133952 | return=-72.28 | steps=45 | track=5cfd5f44aaac5754673c7decdb224510
global_step=133968 | return=-148.34 | steps=131 | track=ab352a80861fb03504826d1ddee2dea6
global_step=134112 | return=14.48 | steps=180 | track=ddf2b107c09e3d4f298e4ac3ec543e2d
global_step=134464 | return=-106.42 | steps=97 | track=08335ea144c3fe0cb30fd661dfeb0d2e
global_step=134496 | return=-17.67 | steps=52 | track=57f944e47b85d5c787e3a0bd41705d5d
global_step=134496 | return=44.93 | steps=87 | track=567579eeb009e390c44400a7f8fb2903
global_step=134544 | return=-150.01 | steps=131 | track=42a0e2acfd90f3867c11e9c0d3aeb5eb
global_step=134592 | return=-144.35 | steps=123 | track=d482fbe3c8c5af4498aa00c2a88a197f
global_step=134672 | return=-124.58 | steps=131 | track=86098ab319247f266a726945ca7ccd85
global_step=134800 | return=-143.60 | steps=131 | track=1f5f8b7cd0de10f5f1ce859c961d9e43
global_step=134816 | return=-112.70 | steps=108 | track=c55044b7953fab14a536c1fe08a964a6
global_step=134896 | return=-54.62 | steps=113 | track=1cb5c43900020488ab43afd8e4178f9c
global_step=134912 | return=45.54 | steps=68 | track=ee2acc5b64875bb9b291624c4b2111f5
global_step=135072 | return=-106.00 | steps=89 | track=874e532c48a3a18ec7c5462602690f76
global_step=135312 | return=-67.72 | steps=44 | track=a27faf6cf693fc938d3a58533be5b759
global_step=135504 | return=-38.85 | steps=95 | track=69d843b2c78342ac8c6803dd69abe5b5
global_step=136208 | return=-116.01 | steps=142 | track=b5d0bcf94b795996fad154eb760a6520
global_step=136224 | return=-144.70 | steps=131 | track=fe23d23208906f02c79a0425fc4d004e
global_step=136432 | return=-65.99 | steps=154 | track=7faf8dfe0189ae94958d5f51aac72a04
global_step=136560 | return=-137.13 | steps=130 | track=41b10238dd7aaffb535f72c3f89ec944
global_step=136560 | return=-133.47 | steps=363 | track=d89c8d33df1f8238699a9a6eaddaf28f
global_step=136576 | return=-130.42 | steps=118 | track=9507affa3f2bd919b4a2a3a288ec530e
global_step=136608 | return=-134.24 | steps=131 | track=cd27e794f781f854700efdec18f2b711
global_step=136608 | return=-144.01 | steps=128 | track=fc540d316c4190b3cd4dab0c1516fd0b
global_step=136608 | return=-132.50 | steps=131 | track=10049cc48bfd79008ae6e52026763099
global_step=136912 | return=-137.43 | steps=131 | track=da0978b56ad9dfb89851f252fed0aabd
global_step=136944 | return=-122.24 | steps=126 | track=932ae451f8087a5c3bda93f3bfbb64de
global_step=136992 | return=-157.78 | steps=130 | track=fe4df47a11fea1d526faeeaf65addc05
global_step=137184 | return=-157.64 | steps=131 | track=78d0377c830bf9353ea2e42ade6b27ee
global_step=137424 | return=-153.69 | steps=131 | track=94a97eb303de4c9e3ba23e0912790107
global_step=137616 | return=-137.73 | steps=131 | track=d68439dadc889988daa1ededdc1252df
global_step=137664 | return=5.08 | steps=65 | track=38c41fb5929d0ed0bfce148389f3e6ae
global_step=137888 | return=17.81 | steps=191 | track=f8205051801210e7e846e10bd66ea824
global_step=137968 | return=-17.72 | steps=63 | track=9c64e2691b09d77d4be7ce0632694d4d
global_step=138000 | return=22.74 | steps=67 | track=d89dabcaf22a398bb4aba6a103b3dc94
global_step=138160 | return=-43.71 | steps=99 | track=0046e4d5bcfe229394e23871ef5c0147
global_step=138208 | return=-14.78 | steps=63 | track=60bc5fbd2a48e907566bb25046b4cb12
global_step=138224 | return=-108.37 | steps=102 | track=3ab8122e9bdabdceb95de649333ab58f
global_step=138496 | return=-73.86 | steps=141 | track=6755267caa2bad18d62dbacc7ee3ed0b
global_step=138624 | return=-86.05 | steps=150 | track=dd9c77e23e4a44b6966ab3f0ba816cf4
global_step=138672 | return=-155.60 | steps=131 | track=a80b6087492675d5d728f0251389ce88
global_step=138704 | return=-135.22 | steps=130 | track=6ecb14498092d958bd1cf25906a1df09
global_step=138720 | return=-137.26 | steps=131 | track=8721966b9f74b5edd97ec3de76120c3c
global_step=138864 | return=-104.93 | steps=89 | track=94899bd2a4f364e69bf7693d81d98f9c
global_step=139120 | return=75.02 | steps=167 | track=6290deb5b0429e7a9d79a53667b1e52a
global_step=139200 | return=-7.07 | steps=64 | track=b2c35d8e98c59ebdd1e567d3e3040ec2
global_step=139456 | return=-23.61 | steps=46 | track=d100f3fdca0bae2779f858c81bdf7335
global_step=139456 | return=-111.16 | steps=92 | track=13c76ab3364f400dcc9630b8e80b0e3a
global_step=139712 | return=0.53 | steps=67 | track=283d6356b2f9feeeb8d5ca79552ced01
global_step=139728 | return=-140.47 | steps=170 | track=a73db05e6629fc88ee7af9445a014931
global_step=139728 | return=-143.20 | steps=131 | track=6136f303e91f27c1a081c518b3974ff2
global_step=139776 | return=-145.80 | steps=131 | track=1c85dc47cd6d67e698cf40a3bac3a01c
global_step=139792 | return=-121.91 | steps=97 | track=869763cae8d99876da3f1fa186d1e26f
global_step=139808 | return=-36.34 | steps=119 | track=75f7dbccdd051a7120bb865afe1a710d
global_step=140624 | return=-157.54 | steps=132 | track=185828bcf3e268a034861eb71fc5beb7
global_step=140720 | return=-135.32 | steps=156 | track=a719b539da37128cc95238d3168def00
global_step=140784 | return=-158.36 | steps=131 | track=3f4b46510bc8d217dd8a3c22f7753fbc
global_step=140816 | return=-146.78 | steps=130 | track=f9fae48b40169658a8a0a7f83f4bf984
global_step=140848 | return=-32.21 | steps=66 | track=58c2017a598fe4acd0d919b6525b04d9
global_step=140880 | return=4.11 | steps=67 | track=9c623233f5131459b66634a0b12cb31f
global_step=140976 | return=-146.34 | steps=131 | track=cce25b9a8149999f26b355bf4331147a
global_step=141168 | return=-118.22 | steps=89 | track=fd020d2a5f951e4f05e838c6114ac5c8
global_step=141184 | return=-9.43 | steps=90 | track=4b7f2379e602b76f0c483c3771bc740f
global_step=141232 | return=-146.77 | steps=131 | track=fb1c8fb46d0a7a25afbf43401624c524
global_step=141312 | return=-146.77 | steps=131 | track=8f3e3a1133b94a3942cd5e68f2a8181a
global_step=141472 | return=-126.57 | steps=109 | track=57070614d92ce61920aebe91993ffc92
global_step=141568 | return=-138.46 | steps=131 | track=71ff9834832c67f66a67420f98162704
global_step=141568 | return=-133.75 | steps=131 | track=f45c61a5c20b6d9db5c5338f422ef925
global_step=142224 | return=-18.84 | steps=263 | track=d58e3ffb66ccd33aabf4ed69eec3e68d
global_step=142240 | return=11.17 | steps=78 | track=f16b1657f1d1b8047a61d3c3925c6f85
global_step=142560 | return=-114.30 | steps=171 | track=3d0f92e02aaf9af73381604ba234a85a
global_step=142560 | return=13.93 | steps=67 | track=3131df0397e4cb0667a75637f99426d7
global_step=142736 | return=-75.84 | steps=93 | track=1895e08b98c9b1ad705565c51b96e15f
global_step=142736 | return=-145.19 | steps=131 | track=5ec5606c0cdc494532a14f8edb10c714
global_step=142896 | return=-145.75 | steps=131 | track=0de21549850f9fe1ffa874036c915539
global_step=142912 | return=-147.40 | steps=130 | track=4778cf65edd6947cc38226a3da11efdd
global_step=142960 | return=-138.74 | steps=131 | track=080627ca6bbb84633f0f71972bd73ef6
global_step=142976 | return=-102.99 | steps=103 | track=0dc26ce63548001a032f46b1cb05817a
global_step=142976 | return=-147.94 | steps=130 | track=6983ebe3450a95012f709033ed766c74
global_step=143168 | return=-51.82 | steps=152 | track=32d601ced606b61ce64f65f947a02139
global_step=143296 | return=-149.01 | steps=131 | track=ead2827891fb1a48c476543e27252d80
global_step=143328 | return=11.39 | steps=67 | track=075c1c3d03087d298465c2de4d1b7d53
global_step=143584 | return=-11.06 | steps=63 | track=f109304d5fca768a9f876e841646c9ce
global_step=143680 | return=-147.19 | steps=131 | track=039d25aa1af4b05771b9db56e5e01cd3
global_step=143680 | return=-150.72 | steps=131 | track=0c8e2b11487bb4bb3056d20f6588a224
global_step=143696 | return=-59.63 | steps=45 | track=80d874b0f2dd6c7700d1d4ef6d0ee655
global_step=143936 | return=-180.41 | steps=172 | track=e89526e3e496fd7308b67d524e061611
global_step=144016 | return=-51.23 | steps=42 | track=ceb051b4db7681ee8738a8ac8bd1b79a
global_step=144448 | return=-75.15 | steps=47 | track=b36fb55b7da6195bff4b85deefaf19aa
global_step=144592 | return=-133.61 | steps=105 | track=5c14637ef7aaeba33ecd2e54e1b14fe0
global_step=144672 | return=-139.73 | steps=131 | track=c708f5379af3b9619d1523035162a760
global_step=144736 | return=-117.21 | steps=109 | track=e8aca81c00781bd81730e302f3b57231
global_step=144848 | return=-134.58 | steps=131 | track=10e01c2a80412d89086e0d7519011572
global_step=145024 | return=-141.51 | steps=131 | track=4ba3698ce7773ae12d7bda699a71a657
global_step=145040 | return=-176.72 | steps=143 | track=590a263cf8bbcec029c041eeab6f8ea2
global_step=145088 | return=-146.36 | steps=131 | track=4cd7a21eb46c49c95b632aaf6b31d957
global_step=145168 | return=8.68 | steps=71 | track=24287b6e0c805909f92b52dd30b1d868
global_step=145264 | return=-122.59 | steps=130 | track=bfdf1e70ed3a3be9dc802ad38e006f1d
global_step=145296 | return=6.09 | steps=84 | track=57d390d12dd188f5c48b9b74057ed68f
global_step=145488 | return=-171.20 | steps=203 | track=87a926cd6dc04d1f8972714b45cd3b39
global_step=145584 | return=-22.47 | steps=61 | track=84e15e98ff03a34994de0088d0953deb
global_step=145648 | return=-19.69 | steps=60 | track=b73e5673da141e46ee1f5e9825e19aa2
global_step=145680 | return=-140.99 | steps=130 | track=3c9ea62850b647909e2afec95ab0ed74
global_step=145760 | return=-52.69 | steps=153 | track=5d9e5922f98ecaba2792bd3455198753
global_step=145792 | return=-148.34 | steps=131 | track=b5a651e62e7cb445d3bd768857db9664
global_step=146176 | return=-151.95 | steps=154 | track=f13f5d2c2d0493ec4b2e5fbad238df6e
global_step=146288 | return=13.24 | steps=63 | track=897c6e5de4f44fc32dacfd09ef723ce1
global_step=146336 | return=-20.90 | steps=64 | track=e6bf2f9d2fc56c2e39347f218891d8d7
global_step=146432 | return=-65.98 | steps=48 | track=569b247dd561326535581bcd2fe8caab
global_step=146480 | return=-113.43 | steps=101 | track=e3adbc2dadccc0a3c9daee0116a2a4a6
global_step=146544 | return=-142.89 | steps=130 | track=98cea91115aad586000b66e0b26dd6de
global_step=146672 | return=-106.59 | steps=102 | track=51585261f86bd1fc7dff350deefe3880
global_step=146848 | return=-148.17 | steps=131 | track=d48c0919dd5e33c8e0cdf141bfce63a7
global_step=147152 | return=-151.38 | steps=131 | track=049a9e5b039b507b4f71fbda52ec2b50
global_step=147200 | return=-139.03 | steps=131 | track=1e163377ff1793a05175a3101609f190
global_step=147232 | return=-31.23 | steps=46 | track=44909e53e0a4a809d49589b5a0f7791c
global_step=147264 | return=-147.74 | steps=130 | track=29fe69d086db4ad5c9ea64b6af83d2ad
global_step=147328 | return=-50.43 | steps=55 | track=d5ffd3f26f2d1b98611cd9a2ec4f7027
global_step=147456, SPS=66
global_step=147584 | return=-144.84 | steps=130 | track=5bd0e64a949f0a1312d0a81037015959
global_step=147728 | return=-107.70 | steps=96 | track=551008cd7889fd87c53abe4c7ac36c2b
global_step=147808 | return=-144.93 | steps=127 | track=db250b51c2f9b4360667bdf3361c7a4c
global_step=147904 | return=-153.55 | steps=131 | track=4eb339d66eaa8795fd2204dec14bf61c
global_step=147936 | return=-101.00 | steps=140 | track=f2cf555f684e3028b15f171f39ff8918
global_step=148000 | return=-112.80 | steps=90 | track=42adb90056de9cb55789f84cd3a6d055
global_step=148000 | return=-61.36 | steps=47 | track=0605057a3a85d599a2f718ba6c35253b
global_step=148176 | return=-53.01 | steps=93 | track=9d91b11322930f78f75fe8a292929f16
global_step=148320 | return=-18.89 | steps=61 | track=b23798f1133c65eab2c64f99cdf01280
global_step=148448 | return=-132.98 | steps=131 | track=62c6290cf9097417ccb8acac2c2f36ed
global_step=148896 | return=-84.65 | steps=72 | track=04312cc597c3251b20ff59b133dd16f7
global_step=148960 | return=-147.39 | steps=131 | track=c2f0800940ed617da75395431df4e542
global_step=148992 | return=-51.06 | steps=41 | track=9d1d9b0d0e34c539eb9c919bceaeea7c
global_step=149040 | return=-4.51 | steps=64 | track=f94210fbba57e039077d88bd2bb4cff7
global_step=149104 | return=-114.73 | steps=175 | track=175d5ddff9065610c17935a5fcc2c1b0
global_step=149168 | return=-155.12 | steps=223 | track=ee2f09f1de14c4a92e5b48f6d14c8923
global_step=149312 | return=-140.00 | steps=131 | track=ab0d4adb755d2116fbaf8f44b9fda841
global_step=149696 | return=-144.13 | steps=131 | track=091ffd2ff6ff35eb7c89e31f519b3e9c
global_step=149936 | return=-148.02 | steps=173 | track=e6b27e4debf2dd763fcac3172c4a6fc7
global_step=150000 | return=-152.20 | steps=130 | track=22e8eb68b2978b7bb9008a7c2b0abdec
global_step=150048 | return=-134.87 | steps=131 | track=47a7b804f4170234c2acfaa4be48e85a
global_step=150080 | return=-65.19 | steps=47 | track=8a9cb067a67b1022732a8eb03786f65f
global_step=150288 | return=-142.67 | steps=131 | track=91568b8fe58b6149d7ee066a9428f78e
global_step=150368 | return=-119.98 | steps=147 | track=84956e2af1ed53bbe49e39d1dfb7e1a6
global_step=150560 | return=-140.58 | steps=131 | track=d8d9aa261b72d869695c0a2b402bd0bc
global_step=150800 | return=-125.12 | steps=109 | track=b6cdf10d772d6c81ce28c5f528e840dc
global_step=150896 | return=-47.48 | steps=74 | track=e9538bad6a0676e25a8beab71b78469a
global_step=151072 | return=-142.96 | steps=131 | track=53b2c038bcfd338dd77362cef3540d28
global_step=151104 | return=-151.26 | steps=131 | track=a0bad9c0a5f8eb86950b40171faa78f4
global_step=151184 | return=8.48 | steps=70 | track=0ac812337772b90c3d9d914134c74361
global_step=151216 | return=-148.35 | steps=131 | track=3149740ce86ed5ca58e5e7a93cc35c0b
global_step=151264 | return=-134.11 | steps=130 | track=980e43e54248304cc7ee5bc674f202e4
global_step=151376 | return=-60.64 | steps=222 | track=301215442473c88e9090e66fd42a14d5
global_step=151744 | return=-111.24 | steps=90 | track=99548ffa1e6bf45791172137893800d1
global_step=151872 | return=-69.46 | steps=42 | track=a34466f74ef66eaea9c278dd34604646
global_step=151968 | return=7.15 | steps=66 | track=c3f70be621a040f784a9d785e8c1a909
global_step=152048 | return=-141.26 | steps=131 | track=79e29978316ec8c5fb7f5edc7a33dc31
global_step=152096 | return=-18.74 | steps=61 | track=69c30c78068646e32a46725d01318858
global_step=152192 | return=-134.58 | steps=131 | track=ff6bd546dc59cc5f9cea9fb5b68bdf63
global_step=152240 | return=-70.43 | steps=60 | track=c0f576e8073ee8521304b7015a2fc106
global_step=152464 | return=-158.58 | steps=130 | track=ab636e5a059fae5d5369eb45213e5758
global_step=152544 | return=-154.02 | steps=227 | track=ec7ff54f73cf561bfb41f8edf33b28fa
global_step=152624 | return=-193.59 | steps=163 | track=c81dedc8949ff11f6eb1e5075f792d83
global_step=152752 | return=-8.17 | steps=62 | track=655905db7daa3f688dc8a7cf6e0bdb24
global_step=152864 | return=-67.75 | steps=55 | track=46437a981ab701bda03e1a0aa5e07579
global_step=153184 | return=-140.81 | steps=131 | track=13c16412db5d21b1f9d04c0b7b11cd63
global_step=153216 | return=-1.70 | steps=69 | track=08aab295c076ea43a33654eb6f1e7d31
global_step=153328 | return=-133.30 | steps=131 | track=424707d48e27cf827cb87b4d2f2d249f
global_step=153376 | return=69.50 | steps=175 | track=965b0833999e2d9f7e1a875bd2efae72
global_step=153456 | return=-77.12 | steps=98 | track=75cb7470ff8f904b02074e57fd9200ec
global_step=153600 | return=7.40 | steps=65 | track=7a10af8f6a1860718d0f5b511c53020b
global_step=153680 | return=-106.57 | steps=89 | track=37af450586034e88d4cf2de864131788
global_step=153840 | return=26.95 | steps=67 | track=2c380c2f5a6d1e8edfa4ff01f90b3f20
global_step=154128 | return=-147.34 | steps=171 | track=0c6b2850eddfe476000bd2371d9b2ebc
global_step=154160 | return=-150.24 | steps=131 | track=a7db5ab7458db6209c596a4cfe924142
global_step=154304 | return=-151.59 | steps=131 | track=0e800efa63a80fdee8cf4ffd65c88d2c
global_step=154576 | return=-141.26 | steps=131 | track=b4561fb9129417d5cab31be25164f410
global_step=154704 | return=128.05 | steps=243 | track=b80111b3985f330883313f5524c2f1e3
global_step=154720 | return=26.21 | steps=69 | track=978efc7c563476838e3cdf104646964f
global_step=154736 | return=-134.13 | steps=131 | track=bb803ef2aebcdd28bba61e1d0e272e6a
global_step=155296 | return=-134.67 | steps=131 | track=77f8dc883789ed6d8dfa721ac413f5f8
global_step=155488 | return=-143.67 | steps=131 | track=fc9efd0a7dea24a9e6760485a9fd260e
global_step=155568 | return=-113.46 | steps=139 | track=3d42cd0a9fd78082de42acc3784837cc
global_step=155568 | return=-135.26 | steps=131 | track=a199116b54921e175b43c9acca00fd30
global_step=155712 | return=-5.14 | steps=60 | track=14898c0b8345c3657e2409fea450b56d
global_step=155920 | return=-86.67 | steps=168 | track=e2b85457f6beff38bbb565655ca29ece
global_step=155952 | return=-150.70 | steps=131 | track=7a5278f5b9fab8b73fe7b85f648d9b8d
global_step=156224 | return=-51.50 | steps=158 | track=be67c0efdca89dffc66fdccf01530fa7
global_step=156240 | return=-136.40 | steps=131 | track=33c033ebbec86d4f8ffc405d154300bd
global_step=156256 | return=-141.40 | steps=130 | track=703a1c0869b884dbb258705dc380a300
global_step=156416 | return=-143.70 | steps=571 | track=4a8e1416727a7ee365cc0b0195c0fcf9
global_step=156592 | return=-161.49 | steps=232 | track=8efb0934b1cdf3007876043d027ab583
global_step=156608 | return=-102.05 | steps=64 | track=8be83adea4868799268851de624f8288
global_step=156768 | return=10.39 | steps=65 | track=990972918fce0f41737d8e76f03a5da1
global_step=156816 | return=-134.13 | steps=131 | track=022276e39b46c0366f9615b4ab993ac9
global_step=156832 | return=-146.13 | steps=131 | track=0e973532272e7dc239971a244e94b531
global_step=156992 | return=1.93 | steps=64 | track=a4321b8af4d14745b79a58857e7fcea2
global_step=157328 | return=18.44 | steps=67 | track=dc512583a8626338d0bd3e792d56ebe9
global_step=157392 | return=-153.20 | steps=130 | track=b67b3d90d3719a81738d1ed258139ef2
global_step=157760 | return=-11.45 | steps=83 | track=a4dbb15e8dd2fff70635f409becbcd49
global_step=157792 | return=-133.60 | steps=217 | track=116359c20265f44b3bef28713d3f02e5
global_step=157824 | return=13.45 | steps=65 | track=bba163f2e975083f79f0f8708e26eec0
global_step=158016 | return=-52.29 | steps=42 | track=108eba9ea867c1e8c3556cdb46d3c5c0
global_step=158320 | return=-116.35 | steps=106 | track=715fde32880c981ba751a552beafec83
global_step=158368 | return=-147.39 | steps=131 | track=9feb24e1a720521acbdfd715eb0f53c8
global_step=158528 | return=-93.01 | steps=143 | track=6937a2ae6e588d8d1f93ec692c3d0a90
global_step=158592 | return=-102.09 | steps=109 | track=637d09f5ca04f3f6592912dc745d7eb6
global_step=158704 | return=-144.98 | steps=131 | track=d73f9b91d83cc922439f2a8c98060855
global_step=158752 | return=-23.40 | steps=260 | track=e4c959cf356f365717b1b0b883c1ddb2
global_step=158880 | return=-134.18 | steps=206 | track=ce284e33fbee9b042c8c075a6f7276d0
global_step=159040 | return=-143.15 | steps=138 | track=9bd5f7cf66860fc47613877e48bf29c2
global_step=159056 | return=13.46 | steps=64 | track=6f57822142a4c26695e91d855757acfe
global_step=159104 | return=-144.55 | steps=131 | track=ced2a3488e7eb5e81df865693c3e077b
global_step=159456 | return=-136.95 | steps=128 | track=59e71841cce38760ee40e587227e6ec8
global_step=159568 | return=-3.36 | steps=64 | track=c273840a921ae513e13f426b84597250
global_step=159872 | return=-139.20 | steps=131 | track=529bd0562482fdde716826e012c4f38a
global_step=159904 | return=-140.76 | steps=131 | track=f460d987715db6347a9dc5f06f32f5a0
global_step=159936 | return=-146.98 | steps=131 | track=211bd588e8c2c36d2d061e52bef2d775
global_step=160480 | return=-138.72 | steps=131 | track=fa57bbb5bea16f3ba3c991afc2534d53
global_step=160560 | return=-40.15 | steps=316 | track=5cba920210ded440c7d0b8f7a29ba5fe
global_step=160576 | return=-92.28 | steps=94 | track=5df398bdc2f31e0ea537fc8bc37cbff6
global_step=160656 | return=-90.41 | steps=145 | track=840f66a0d9fb951faea26ce6ff53b649
global_step=160704 | return=-42.86 | steps=49 | track=ad8399f483153f41ad694272b05fb659
global_step=160800 | return=-154.23 | steps=130 | track=30eb9fd732df566c820365ba8a022a90
global_step=160864 | return=-128.54 | steps=131 | track=c93f011061d8ecba4a70827e3f2be611
global_step=160960 | return=-7.65 | steps=63 | track=2aa4dd926d3ba445dbb60acf0deb8480
global_step=161104 | return=-60.90 | steps=156 | track=28c55cbfc9721c0feed54c943f9b531d
global_step=161152 | return=-134.91 | steps=131 | track=74704d1706de61275e1f1e8019ebf481
global_step=161216 | return=-72.84 | steps=145 | track=e85594843a5ad8bb7eb59d73c6da56b0
global_step=161680 | return=-135.73 | steps=131 | track=7f490493315ebec6a3f7c1c007c2ca73
global_step=161808 | return=-71.97 | steps=146 | track=22af43217134e82bdc27428fe8a95f18
global_step=161952 | return=-108.46 | steps=177 | track=6adc060d1ee1ded352a76618421edf64
global_step=161984 | return=-142.98 | steps=131 | track=6f2c7d10cba74c001db0a0e84d294cc8
global_step=162096 | return=-104.17 | steps=89 | track=7304f8bffbd2815d5e699447969d4647
global_step=162256 | return=-15.63 | steps=64 | track=a27b164b4209684517f229c80ee7b3eb
global_step=162288 | return=-317.66 | steps=397 | track=1766564945c4ba4f6ab4c87df6bd7126
global_step=162464 | return=-54.11 | steps=40 | track=f6b49fc8aed789ddf3343b428a175fcb
global_step=162592 | return=-165.90 | steps=131 | track=dac2f0f5525425ce7fd6377ffe5cdef7
global_step=162672 | return=-147.39 | steps=131 | track=5292691a1e4d5bfb324e2619c71b921d
global_step=162688 | return=-131.59 | steps=131 | track=6507cc6ef9fc620169a741acf2368bbf
global_step=162720 | return=-111.74 | steps=97 | track=ce7ab1fc605240e22e21e95883d05031
global_step=162912 | return=-145.47 | steps=131 | track=af825b20a81385d18b14801b6650912b
global_step=163008 | return=-83.03 | steps=143 | track=a4cac10222c5c3b82773ed6ea81563dc
global_step=163072 | return=-153.50 | steps=131 | track=0630c1c654a68fd8d4234e23db774da9
global_step=163216 | return=-165.78 | steps=131 | track=0cfcd5299b0728391af08f63aa521338
global_step=163216 | return=-75.55 | steps=146 | track=aa53c77fbd77926d3271d5401a60717a
global_step=163216 | return=-108.17 | steps=95 | track=b28c5c12ba2471525e7a60f9e278e316
global_step=163376 | return=33.83 | steps=69 | track=487392096c9cf35cda6c66b2266b67d4
global_step=163728 | return=-115.26 | steps=108 | track=c35672c9a535e32e8606498d0f726322
global_step=163840, SPS=66
global_step=164176 | return=-58.53 | steps=59 | track=55b45d520574f2d50c07e73f19b24c6c
global_step=164208 | return=-156.87 | steps=131 | track=5aaf8e878872619194a49d500fb73f95
global_step=164224 | return=-77.83 | steps=62 | track=8f5917c6bcfd820ddc27f65f22e01372
global_step=164400 | return=-138.67 | steps=131 | track=dbc65a8dc8ede9c7ad01e91b19542d04
global_step=164464 | return=-4.64 | steps=67 | track=9b66339c41a738dbfe0699ded14c02b5
global_step=164688 | return=-142.89 | steps=130 | track=b19ae69fb2e9f830f6f19f5d394f939a
global_step=164800 | return=-135.75 | steps=131 | track=79463ba265637546ff959336f9acde40
global_step=165024 | return=-173.40 | steps=131 | track=5e69461d9d3942f1ad74bedb465cba98
global_step=165120 | return=-133.30 | steps=131 | track=7e628fab4435ee17af835d94fc90adda
global_step=165184 | return=-124.86 | steps=90 | track=9570bb5c7ec6caf6bbaef5e2264c120b
global_step=165184 | return=-155.78 | steps=131 | track=7d7a9ec5544c7ac867cb47c8c603cec8
global_step=165328 | return=-152.50 | steps=131 | track=7e8dea606f1a1a33ca944a864386e500
global_step=165456 | return=-175.56 | steps=218 | track=85ce7a00c8e5b76dcf1f9e2d2bddb4af
global_step=165488 | return=24.23 | steps=67 | track=e1260c6acaa46be7c1a4d06eac8dba37
global_step=165904 | return=-119.60 | steps=105 | track=0617c6fa7f4910276adc18a177e03cbc
global_step=166240 | return=-10.21 | steps=65 | track=5303ae6f1f07ace965239a6b4b4ecece
global_step=166288 | return=-145.47 | steps=131 | track=02a20cfe5856cd74a1881aff46f16be6
global_step=166320 | return=-106.90 | steps=130 | track=e013f9e7070f6a76527648e8a13a8440
global_step=166576 | return=-141.75 | steps=131 | track=e284cc3caebaab0a0fac5c2d5689fa82
global_step=166688 | return=-80.30 | steps=93 | track=13662d73f691a6dc7fddea83bade80cc
global_step=166736 | return=0.61 | steps=253 | track=b0761c1b608d7d410e98496ff9088ae4
global_step=166800 | return=-141.40 | steps=131 | track=e822ba9e6156aea9b4b2c38b99a0826d
global_step=166912 | return=-143.90 | steps=131 | track=a9d791231e16704ff61aa4b97d5efa11
global_step=167008 | return=-109.83 | steps=267 | track=ed4f5aa10b69bc4f65a4e9d7d7fba271
global_step=167008 | return=-199.86 | steps=283 | track=a63bfbc48daec54c3e4d466502ec85f3
global_step=167136 | return=-144.70 | steps=131 | track=d434422587947689539948836468946d
global_step=167232 | return=-146.34 | steps=131 | track=683d6fc2c4de2ad463db416c960be83d
global_step=167440 | return=-151.34 | steps=131 | track=1378a644bf6cdf53e264ec6cea9a81c9
global_step=167600 | return=-138.17 | steps=131 | track=9af50a25003f02156d576cee2f91d84b
global_step=167760 | return=-65.94 | steps=46 | track=adef6cc51cf3aef60ded77f086bc29c8
global_step=167936 | return=-52.67 | steps=154 | track=bf0ca8987ad1f7c17f043cc0f41fe033
global_step=168016 | return=-153.59 | steps=131 | track=dd119ef3cf68d6a500cccbe21ef2a67d
global_step=168352 | return=-145.90 | steps=131 | track=9df65a87d2ba728252041be843cf8984
global_step=168432 | return=-136.00 | steps=131 | track=cdd8886d8072b2c9897aedb0bd603293
global_step=168688 | return=-149.67 | steps=131 | track=d5e1eab0887529ea59a024782d1c2330
global_step=168784 | return=-145.30 | steps=130 | track=36c77855db7ea35e2b0010ed262b1c4d
global_step=168800 | return=-141.96 | steps=128 | track=cad45098afebbce6628c376c00c480f6
global_step=168912 | return=-140.98 | steps=131 | track=a84151513f8330df7e9aadd6cd715cbe
global_step=169024 | return=-157.59 | steps=131 | track=5bac1f538d3124c821f0b495ac510abf
global_step=169056 | return=-27.75 | steps=64 | track=4f137cf75bc1b96662bea2063955b320
global_step=169104 | return=-161.02 | steps=130 | track=b4ab43e250c264f1ecfeaf292793573d
global_step=169248 | return=-160.96 | steps=131 | track=c5971892b7d1bf857f1a24200a7f8c68
global_step=169488 | return=10.12 | steps=65 | track=a623e7e78fc67e9fb64c9225faa598e0
global_step=169552 | return=-135.20 | steps=131 | track=16dfa89820152f3bc93bb691361bdedd
global_step=169712 | return=-154.35 | steps=131 | track=e10b9901ddadd0ad794675eb6d6703fb
global_step=169824 | return=-0.39 | steps=64 | track=8c5202735979e8c9b74e5f1d42770378
global_step=169872 | return=-43.15 | steps=73 | track=5d80ff1abccba124fe7de081e04b217b
global_step=170048 | return=-150.24 | steps=131 | track=6e8364a6fbbe53bdafcdbef72ebcd602
global_step=170224 | return=-46.52 | steps=153 | track=587c22ecd2bd1ae30439638c77c763a6
global_step=170240 | return=72.20 | steps=187 | track=143776e9d70a50bf6493f144b1987f7f
global_step=170240 | return=-112.09 | steps=89 | track=31d45b9745f46cef9a0458430257039c
global_step=170432 | return=-111.53 | steps=129 | track=f1d3e74271897dacdc7b30a14a516764
global_step=170608 | return=2.68 | steps=65 | track=1bd9944e29918e50b0469d0ea526493e
global_step=170880 | return=-115.43 | steps=110 | track=188dfb3163f5e9a506ec2b718a3079de
global_step=170976 | return=-111.65 | steps=292 | track=68703d19186339a14cbb331bb94e60a8
global_step=171008 | return=-150.39 | steps=130 | track=3685abeea96bce853001bdda84ef6f8d
global_step=171120 | return=-60.08 | steps=42 | track=f3ff8c9936323e6c3020487327c60241
global_step=171136 | return=-149.25 | steps=131 | track=aae9c2b9090c03e5db3ee4d7621bfed4
global_step=171152 | return=-145.94 | steps=130 | track=0786e4edb631664da8e79e07c4112a9a
global_step=171184 | return=-38.84 | steps=84 | track=d3eb9113c3bdf4a7584b31698b7418b2
global_step=171584 | return=-146.58 | steps=130 | track=fed8308af4155908d54643e32fd32178
global_step=171616 | return=-75.90 | steps=147 | track=a826ec4517cdec4ce962eeafcb44630b
global_step=171824 | return=-153.60 | steps=131 | track=62a0d92c11c154cfb8fd41514b8fddf2
global_step=171856 | return=-6.33 | steps=101 | track=6e9dcfe7b9dec7da2f259702e53a61ca
global_step=172176 | return=-148.73 | steps=132 | track=6cf21a21316860176c3bc267e707bebc
global_step=172336 | return=-146.58 | steps=130 | track=c35c7d50894a5bc30c3e8e6a6f1c72b0
global_step=172352 | return=-139.99 | steps=131 | track=8320b1e5c52f9b9e0d21eaf1f3c36ce4
global_step=172496 | return=-62.21 | steps=41 | track=adda851d4eb12f741b0635eb4bc99e4f
global_step=172720 | return=-141.82 | steps=131 | track=6d8fb452e4188efc5ef912255e07cd4e
global_step=172784 | return=-109.72 | steps=102 | track=3a3cbf965cf9630f8b31c105e86d83f3
global_step=172992 | return=-154.76 | steps=131 | track=8a1a6b6b09842104bbc8261da0c2fe74
global_step=173072 | return=-145.51 | steps=130 | track=1ad014634ec36b8021065d5d27f7d400
global_step=173120 | return=-144.34 | steps=131 | track=c0ac08356453901b5d6386159480ad5d
global_step=173216 | return=-148.20 | steps=130 | track=2383d14a2bd5d3f39459e041a93c2f18
global_step=173296 | return=-153.89 | steps=131 | track=b85b84d7e4ced5fdf4ab8c105c8762fa
global_step=173472 | return=-96.40 | steps=144 | track=767fedff1843f8f642aeaf5fc260b90c
global_step=173696 | return=-76.94 | steps=56 | track=07019e098d5a963a447ec3c32c3a7a62
global_step=173696 | return=-93.72 | steps=238 | track=1978253cf8b253c1d351e46087095601
global_step=173728 | return=-149.20 | steps=131 | track=616b3fd7c7ad28d8cdbd5015f877a776
global_step=173744 | return=-51.05 | steps=41 | track=737f1625b80020216446b6d84952a59a
global_step=173952 | return=-147.05 | steps=130 | track=0b53c306b3f22ff33ec19226d57dcb7d
global_step=174128 | return=-114.76 | steps=101 | track=217a5d491f457ab57717da214fa70d96
global_step=174224 | return=-43.67 | steps=68 | track=660f51af08e3b30dd761721497003077
global_step=174432 | return=-146.99 | steps=130 | track=66be43b3fce41f3f2af6af3d695564ac
global_step=174464 | return=-137.47 | steps=131 | track=abb9c7aaa9cc3605338f806f24400286
global_step=174640 | return=-37.81 | steps=102 | track=7332fcd38892d2fdea89aa38714407e6
global_step=174736 | return=-28.55 | steps=62 | track=6c8ce2d15ac5e184c8fb2f7ea4efece6
global_step=174768 | return=-169.35 | steps=198 | track=e190592645f287f92b7f7dbab50a367d
global_step=174816 | return=-113.07 | steps=130 | track=f256117ed01a3335b186ccdbc3854ede
global_step=174864 | return=30.66 | steps=69 | track=751d083a890859eb436763f37bbcee4c
global_step=175056 | return=-93.64 | steps=98 | track=051ec95da447ed99752923ee7aa88e9c
global_step=175328 | return=-156.55 | steps=131 | track=a6d9a14f948519654f316086a7997f8c
global_step=175408 | return=-154.36 | steps=131 | track=433bb17ca4e22c36c703fe0b8335618c
global_step=175424 | return=-41.76 | steps=61 | track=f4cd85c4ed377d53b8543e75f64dcba7
global_step=175808 | return=-146.94 | steps=131 | track=ad06486d393d2493afd6d7581fb73698
global_step=175968 | return=-5.84 | steps=74 | track=887a3586b4e1b5b99bd0e6e6600759fd
global_step=176240 | return=-144.73 | steps=131 | track=c8df709cb5adf07dedf3914585003886
global_step=176336 | return=-144.96 | steps=131 | track=df84bd9a36883e4d5ce9b3cc51c0e248
global_step=176432 | return=-49.47 | steps=154 | track=68ba3ceefc6e2a454ef129e221439687
global_step=176560 | return=-151.37 | steps=130 | track=c348364de350e32462efbe40d8106e82
global_step=176672 | return=-43.73 | steps=126 | track=95656860fd989e7a88cb9af980e4afaf
global_step=176832 | return=-147.02 | steps=130 | track=77bd59b2d9426ba938ee03be6779f715
global_step=176912 | return=-152.29 | steps=130 | track=343a477f2946fa20c4c2ad41a1b1b6a6
global_step=176976 | return=-141.75 | steps=131 | track=d873c0f19da4c949f6532808ef659285
global_step=177024 | return=7.43 | steps=302 | track=795a8fb3bd445bee77fc13b2593328f7
global_step=177056 | return=13.08 | steps=67 | track=77c8477fa1db6d6017ab89c27866bdc6
global_step=177296 | return=-92.62 | steps=139 | track=eb2ae6fea18d2f49e63a514bc79fa5db
global_step=177520 | return=-130.77 | steps=131 | track=9368863039dfd2cea7a1d66c462de4ff
global_step=177760 | return=-139.51 | steps=253 | track=b759f79b0174dab3ef02e69928e5d92a
global_step=177776 | return=-88.66 | steps=122 | track=221b8b7d14f27f5a148722333459b2cc
global_step=177792 | return=-29.40 | steps=153 | track=bde4811348241db70860ce1291bb2ef8
global_step=178096 | return=-1.24 | steps=64 | track=5ec3e2d6854a30ac708d88ec15dae004
global_step=178112 | return=-112.71 | steps=89 | track=79a4286dee6c7d08633edbc0bd531847
global_step=178352 | return=-147.67 | steps=131 | track=8e6c604e2acbf689ef50c2bb45ed4d9e
global_step=178432 | return=-143.13 | steps=130 | track=7691597d42ecad63c37870510240bc44
global_step=178528 | return=-136.58 | steps=130 | track=d146788a26b2b4ac0b7e046acb20b7a6
global_step=178672 | return=-131.88 | steps=131 | track=0d3391f60acb2ffe8e32c99351e567ba
global_step=178864 | return=29.55 | steps=67 | track=24178dc98f43e7172a2e929536a7b689
global_step=178896 | return=33.51 | steps=70 | track=6ed3580eb12b23304e7627dd7df7d5eb
global_step=179008 | return=-93.04 | steps=135 | track=8be41609060979efa038b536dcbb71d9
global_step=179024 | return=-144.77 | steps=131 | track=d1928182ddef5e4b239cb5ed9ef35875
global_step=179136 | return=-144.41 | steps=131 | track=33a7a68a5936c2d151804b71d92bf758
global_step=179408 | return=-144.50 | steps=131 | track=03dcd731a1460a36adc2db09fce5340e
global_step=179440 | return=-49.83 | steps=153 | track=3459fc17deeaf567c9367e9d836a2cfd
global_step=179504 | return=-14.74 | steps=66 | track=65d648d0a94584b91be79dfff4939030
global_step=179536 | return=-105.58 | steps=89 | track=370b1625cdff8832d95a8d4150a17ffd
global_step=179632 | return=-147.43 | steps=131 | track=96731290964a9b55bb0aaceb59c60ddb
global_step=179680 | return=-76.64 | steps=48 | track=7c2bd66757cae5babff7852a26972062
global_step=179872 | return=-7.92 | steps=62 | track=100ec7f310a0b18f1b21601eea7021a5
global_step=179888 | return=-132.63 | steps=130 | track=410830e482bd18e91b3dd9cb823250ef
global_step=179984 | return=-81.88 | steps=284 | track=4d64baa27b3845a6eddf70ce9380c901
global_step=180208 | return=-145.73 | steps=130 | track=141fec635315c985241c648b00714bcb
global_step=180224 | return=-107.91 | steps=96 | track=492dd482ee517836184f36427c1cad22
global_step=180224, SPS=66
global_step=180448 | return=-140.35 | steps=130 | track=9c74a9d65151e32ba13cc149faada799
global_step=180448 | return=-93.30 | steps=89 | track=a684d3cd2819e512048c13760a3c8a4f
global_step=180560 | return=4.53 | steps=63 | track=c48ee7cfc58433790606922c48c97095
global_step=180992 | return=-30.99 | steps=153 | track=9d469cf4e38c398a7528ced95febd1c5
global_step=181248 | return=-138.61 | steps=131 | track=8ddc4829f1758fa3cf408fd483da5f84
global_step=181376 | return=-54.22 | steps=50 | track=c0fbb90c8cb861b597e185890868a4b3
global_step=181472 | return=-64.47 | steps=152 | track=010e8d5a00a6e4538d817ed62a35b237
global_step=181552 | return=-145.59 | steps=131 | track=80eb2b5403bccf3457412aa945fa2028
global_step=181568 | return=-129.98 | steps=104 | track=69df0ae87f51f8d8a469b7eb2bb76a5a
global_step=181616 | return=-147.20 | steps=131 | track=98f2b87252633eacb97bc34c5643633c
global_step=181744 | return=-154.16 | steps=131 | track=c264566136e99b4b51386f7568717260
global_step=181792 | return=-150.81 | steps=131 | track=0873570bf6eba706600ae8f2fb9d944d
global_step=181984 | return=-146.61 | steps=131 | track=a551eba07fae815af029811cae687652
global_step=182096 | return=-140.13 | steps=131 | track=bc9727b3967932194568faf2a0c012e7
global_step=182224 | return=-106.96 | steps=175 | track=647575ff2fc57768ae59490d40a8168b
global_step=182336 | return=-148.50 | steps=131 | track=5147b79438c41ae7b47b5820e6f1e254
global_step=182464 | return=-61.36 | steps=44 | track=2eb06e1ba68db3e20da5273c6f45cce8
global_step=182608 | return=0.79 | steps=65 | track=1e432f699ea824cd9c7a5dfd5c0be25d
global_step=182880 | return=-43.99 | steps=67 | track=3931d6673a6071cfdcbd7d9a4d992486
global_step=183040 | return=0.94 | steps=65 | track=1dcc6211862043dd6a744f6bfbdf2534
global_step=183104 | return=-161.82 | steps=131 | track=a21ef278a7ba278e8152feb078fb5fd3
global_step=183120 | return=-67.88 | steps=93 | track=2f1858611d913dfdd9a517ac145e0e54
global_step=183216 | return=-178.24 | steps=172 | track=139e451bb3dd2cafe25d4222514a1129
global_step=183488 | return=-136.25 | steps=131 | track=a564c7f8c1dd467dfb6ffe30742dbd40
global_step=183536 | return=-113.90 | steps=142 | track=45dd93477984ef527c5df9bfae9a5d88
global_step=183584 | return=-141.43 | steps=131 | track=8764ec4f8435c5466047dc6c61579bd3
global_step=183952 | return=-82.56 | steps=66 | track=63833e570f165b9fb7f635e897f39bd9
global_step=183968 | return=-33.55 | steps=234 | track=6984991d1c070d2e00470c2258cb6ddb
global_step=184016 | return=-108.72 | steps=222 | track=ccbbdd11d65b691673ed79848e2f4160
global_step=184128 | return=3.64 | steps=67 | track=e8eda196836d8716fc7ef898e6d91df5
global_step=184176 | return=14.73 | steps=66 | track=7a7433e548d9ae84cd743524282ee1ba
global_step=184224 | return=-148.98 | steps=132 | track=783a11c12fa96fe5a069157c48caea59
global_step=184560 | return=-11.38 | steps=63 | track=4d2eec629c8bc5141ddb3ead6d08bb57
global_step=184560 | return=-74.82 | steps=145 | track=83d9bcaab91c579ffebceb718341db37
global_step=184704 | return=-124.56 | steps=139 | track=b210f3a72cad3840f7ba65c13aa5c3b3
global_step=184720 | return=-157.55 | steps=131 | track=100549f72f2fbbdf4996a96864333e84
global_step=185200 | return=-137.58 | steps=129 | track=50517149febf66e3381f7799ef926d20
global_step=185328 | return=-133.75 | steps=131 | track=5f494e79830957a36bf3958c2cda61b4
global_step=185536 | return=-25.11 | steps=60 | track=b172c868ebcd49d9a219464b9cbf6a33
global_step=185600 | return=-152.61 | steps=131 | track=12cf6f7be9f135a91937d92ca47f0154
global_step=185648 | return=-111.83 | steps=101 | track=1889752c61def287caf1325bf8445ce6
global_step=185712 | return=-149.53 | steps=132 | track=ccdff67132a82a61f5721478696f6e2d
global_step=185792 | return=24.62 | steps=66 | track=ece60760347708945e324e371bde9823
global_step=185808 | return=-17.58 | steps=77 | track=80dd03ac0864a6720c38b8adfadf1cee
global_step=185984 | return=-161.65 | steps=227 | track=54b61eeb43cfab9fd9e95e529113ee5b
global_step=186064 | return=-144.20 | steps=130 | track=32534d6f41ffdd86ea7d0bb256b700cf
global_step=186064 | return=-141.20 | steps=131 | track=d1c14644086260a766f202561008425e
global_step=186208 | return=-149.79 | steps=129 | track=6809e47a5dca69f0b29260ee6892a109
global_step=186464 | return=-101.26 | steps=139 | track=43d6e95d9f47969b0b3d0b825ca0c7b5
global_step=186608 | return=-129.38 | steps=151 | track=087f529cb9808148a76536f45a843733
global_step=186736 | return=-198.39 | steps=322 | track=77462a8fbf31c13d228a09166885d76e
global_step=186816 | return=-124.74 | steps=131 | track=a205c267c8b285562c2ef1fa0ec680f1
global_step=186832 | return=-108.41 | steps=93 | track=3cf59c2ca6c516b9bcd55c52d9c079c2
global_step=187200 | return=-37.58 | steps=61 | track=59e7c22a7db9571a24da0ce3e96e8ba5
global_step=187296 | return=-152.98 | steps=130 | track=f3172bdbac6147431df1a69bb4075b3c
global_step=187584 | return=-114.91 | steps=110 | track=0cbd3c56a20661f253e973e92300d55d
global_step=187648 | return=-145.01 | steps=131 | track=092baf518e7246774c35e320c68fd37e
global_step=187712 | return=-137.69 | steps=131 | track=4c2d70d498abf268e193f31ee91e7efb
global_step=187824 | return=-147.80 | steps=131 | track=3faa7d7793412c11502e076f813c556d
global_step=187904 | return=-144.54 | steps=131 | track=f99329630ec933728ff792f3eb9f0d92
global_step=188096 | return=-114.87 | steps=131 | track=59f93bb7d96db9c59588facab50c2578
global_step=188288 | return=-12.32 | steps=67 | track=b9f53bb57660c3a26ed36914ed48a98b
global_step=188384 | return=-89.95 | steps=144 | track=5a24ce82da6dbd3ba2e176a81ec1371c
global_step=188560 | return=-138.03 | steps=130 | track=bae20d44875a319dfcaea3ac614f5999
global_step=188720 | return=-157.57 | steps=131 | track=2134d7a4c4e175fbe02a9f2069e58677
global_step=188848 | return=-141.60 | steps=131 | track=fbe7e300e557c08d831f3d7dbb9d9eed
global_step=188928 | return=-154.38 | steps=131 | track=b8b1677f03d32377e80f6f0e08f4dce5
global_step=188944 | return=-139.90 | steps=131 | track=97f400c457b49348137b3b1c3335c195
global_step=189168 | return=48.50 | steps=66 | track=092954e3ab1afcc3448f698a1fd1d214
global_step=189376 | return=-118.28 | steps=129 | track=6d0471bdb4024b694fb3bd3dfb5771e6
global_step=189504 | return=-134.23 | steps=240 | track=6eb3d41182b6d498e7cf579e832796fd
global_step=189744 | return=-162.35 | steps=229 | track=7d0c9a5c4f55f117ce924bda970cf036
global_step=189760 | return=-67.33 | steps=115 | track=dd38bfb78ba40da6d6ec9d297b2eaa01
global_step=189760 | return=-138.48 | steps=131 | track=ee868befec8b69afd15c559031f010bf
global_step=189824 | return=-154.21 | steps=131 | track=2566320762f107cf94c265761ae901d3
global_step=189920 | return=-105.19 | steps=145 | track=d9ef77ccf38bbe08189ca9cbbf134608
global_step=189936 | return=-176.33 | steps=131 | track=de024c9cf9d2ca4e75a55e332c91e869
global_step=190064 | return=-27.63 | steps=55 | track=6955baf192aad67708c7bea8285b35c0
global_step=190064 | return=-50.40 | steps=93 | track=0b06b43060cb1ac0c29249621a1e3975
global_step=190400 | return=-133.58 | steps=131 | track=9ff6e13123b6e4e005c94842560fe3a3
global_step=190464 | return=-118.76 | steps=95 | track=aff034a0f9c81a961992a55980c8b524
global_step=190624 | return=-106.61 | steps=139 | track=7a8f878edb79b9f9c41faf4d97af6e0b
global_step=190768 | return=-11.86 | steps=62 | track=1547daf0a50f4a493063b5c4234155ba
global_step=190816 | return=-162.59 | steps=130 | track=40cb0eef2b66c4ad2e96e0093e71b0a0
global_step=190960 | return=-138.77 | steps=131 | track=1f4fbbfdff967ac6b4235c706b0525ef
global_step=190976 | return=-20.56 | steps=56 | track=54b8f408161501712f84274337e86f1e
global_step=191056 | return=-133.49 | steps=131 | track=0210987ed259465cae4c56e8fa1b0e42
global_step=191488 | return=-161.03 | steps=131 | track=b057d8e259bf0a32aadba9c715774f8f
global_step=191504 | return=13.93 | steps=68 | track=02a2d4fe79438c789deb461e060e04fb
global_step=191616 | return=-148.76 | steps=131 | track=17cbb701fc7159333232eea9ea7d92f8
global_step=191856 | return=-163.67 | steps=131 | track=77e37a15159cf6c13273e62a6f199679
global_step=191872 | return=-144.21 | steps=131 | track=2470a9e4442e3766132a066272524c69
global_step=191936 | return=-144.48 | steps=131 | track=d571c7193c6bc8a827f211131deeee46
global_step=192016 | return=-132.35 | steps=130 | track=2709df15dad14180dce8da52633501f9
global_step=192032 | return=-142.20 | steps=130 | track=eda49613c76493241939c7d4a7f13b78
global_step=192096 | return=-6.64 | steps=64 | track=994459106a5b521d31839ef7d5821ee0
global_step=192176 | return=-129.01 | steps=131 | track=4989aa8bafb332ad45496c497a9e3523
global_step=192336 | return=-60.72 | steps=44 | track=392fe34e75f7fc44b8504a7a7622405f
global_step=192576 | return=-146.34 | steps=131 | track=7c31ba9ec30535543cbb174bdcb80e39
global_step=192944 | return=13.42 | steps=66 | track=548ab08e7989e77409c9caa3f36abe8a
global_step=192992 | return=11.34 | steps=65 | track=ae230b8bd583de5a2c2b910179c406f5
global_step=193040 | return=-53.41 | steps=150 | track=d18b2d475bdded0795fe49bc5556fedb
global_step=193072 | return=-141.73 | steps=130 | track=c003391b0b903f6e90481701e0e5fc01
global_step=193072 | return=-140.25 | steps=131 | track=ba87584c765eb4cea313b48a203c91a0
global_step=193152 | return=-27.24 | steps=148 | track=eb3dfa764baa7fab81a7c41655b4b6c0
global_step=193296 | return=-33.06 | steps=44 | track=eb7f48484b53ae7e087124b7ca807742
global_step=193616 | return=-137.02 | steps=131 | track=211f850954f6d59ede06fd11923adf64
global_step=193840 | return=-56.44 | steps=47 | track=19e90db378c25caef4c66301e40343ad
global_step=193968 | return=-144.24 | steps=131 | track=68c9be38b054e55d163c803ca69d0666
global_step=194128 | return=-173.60 | steps=206 | track=17053579aee3d50918dc4ec9dc259ffc
global_step=194128 | return=-143.35 | steps=131 | track=0cebbeb01ffde8c19135e125b47f0ff3
global_step=194160 | return=-157.80 | steps=132 | track=6c98198a856c858ade7245a637160489
global_step=194160 | return=-33.88 | steps=75 | track=f446236dd8ee121932d157780a6780b0
global_step=194400 | return=14.40 | steps=82 | track=61bdb3b2c00d1fbad6b40139b2850c96
global_step=194432 | return=-146.16 | steps=130 | track=89caf22f8259792c4236b068fb79970d
global_step=194640 | return=-36.24 | steps=153 | track=71d1c35970bb0614c2c944401cd87447
global_step=195024 | return=-216.50 | steps=220 | track=600f37af7bbda4e8c51d5775a029a2ed
global_step=195056 | return=-105.37 | steps=89 | track=dc813fa3c960a18cb75700876af97446
global_step=195104 | return=-140.94 | steps=131 | track=c99f3a98f27eb6b8004b55af062246b9
global_step=195264 | return=-147.19 | steps=131 | track=e6068039eca0d650c629290548bae88f
global_step=195312 | return=-161.15 | steps=125 | track=62a8a7934bb8a40e7c4d4bae6045c6c8
global_step=195568 | return=-159.66 | steps=216 | track=8c0ecbeae7f72cf49408226b95a68877
global_step=195952 | return=-158.88 | steps=131 | track=0d03c64a2bf43246e29a1bf5e08c7abf
global_step=196080 | return=-148.98 | steps=131 | track=962cbf2671bd0ae81866ea01ff2ddae2
global_step=196224 | return=-148.29 | steps=130 | track=5bbd3e17ce8a9cad023ead7390450551
global_step=196240 | return=-143.01 | steps=131 | track=9535b0df0f16fa0c62d614e8cdcb79e6
global_step=196272 | return=-133.73 | steps=131 | track=20c3ea39878b11ec4edf8cff157be1d7
global_step=196272 | return=-140.36 | steps=131 | track=ff4efbfe6c727595685e1d1dfbd65c9b
global_step=196544 | return=-153.69 | steps=131 | track=2584d9d8e26e616da9f8a686a1c4919b
global_step=196576 | return=-156.53 | steps=135 | track=85df4959c0be4b460391edd1040927d8
global_step=196608, SPS=66
global_step=196688 | return=-179.89 | steps=227 | track=e1e0b5a10c1d9daa8a175ed562e0e586
global_step=196752 | return=-156.13 | steps=131 | track=51c5aa077b9274ad98722e281d70a4b1
global_step=197120 | return=-148.99 | steps=130 | track=844a60068f54db7095c651dbc843396c
global_step=197216 | return=-137.03 | steps=131 | track=1d65076beef9baaae353d75f1002f986
global_step=197392 | return=-152.33 | steps=132 | track=73287d89a2d76ac927296ef79c0d2687
global_step=197440 | return=-148.73 | steps=148 | track=fdc046c2b2aa6364a020c99d6cd239d9
global_step=197456 | return=-82.62 | steps=117 | track=12443b4eea9c3a0abe580ed3a44f8f4b
global_step=197664 | return=-106.80 | steps=89 | track=30b98feab814552e0e77110ca1666229
global_step=197856 | return=4.08 | steps=72 | track=f0f4f8e78fa376d94ba6c2c2efd7b858
global_step=197888 | return=-46.61 | steps=160 | track=6f5be4f6a8e28c8adb0ebe51d42ade81
global_step=198064 | return=-139.90 | steps=131 | track=77f9d8ca188bab0a5cec9c398472d115
global_step=198352 | return=-134.13 | steps=131 | track=f5bea31297114c2072ccf7c5dcba11a2
global_step=198368 | return=-146.78 | steps=130 | track=2f4a28f25ad45b099d994a0b7bac2f7a
global_step=198384 | return=-139.75 | steps=131 | track=3638d94e971bfb4efb8ca92b08fd7d2d
global_step=198656 | return=-147.90 | steps=131 | track=8c38b27d63a04c6da9bb139668ae3753
global_step=198688 | return=-139.43 | steps=131 | track=e568cfb06f34611d43c92f9322f1355c
global_step=199216 | return=-71.51 | steps=84 | track=80c3a8b5075f082a36e8a07013386c58
global_step=199232 | return=-28.66 | steps=196 | track=0479f08b9bbd38a015a4ad4bc053464b
global_step=199232 | return=-142.24 | steps=131 | track=507288ae2f4018e06a79e5fc2d811e62
global_step=199264 | return=-44.29 | steps=55 | track=0831ef06954cf82294b605492e7f160f
global_step=199328 | return=-140.13 | steps=131 | track=8ca71e8db2fc86d23291547e169cd1c3
global_step=199440 | return=-125.76 | steps=124 | track=40c883d2ac1e0f46a48833ce90c15862
global_step=199456 | return=25.58 | steps=66 | track=1bc3c6eb694dd9d7e80674ef3a5ee3dc
global_step=199568 | return=-150.00 | steps=131 | track=6cd849ce08bcb2af15293f287adb0b7d
global_step=199776 | return=-152.91 | steps=131 | track=39f5013d637ce61407874d07aa083b95
global_step=199952 | return=-79.45 | steps=199 | track=919c43758ccaeefec50aea8528c6d612
global_step=200000 | return=-131.30 | steps=131 | track=fba7114498f0afa7cfd60264f8a3a218
global_step=200464 | return=-153.91 | steps=131 | track=2d7d0f78e23de890e89e81edc82a5fed
global_step=200544 | return=-45.66 | steps=154 | track=c1c714eb3ffaee72b806d082c87c9596
global_step=200624 | return=-34.73 | steps=52 | track=c2f63be0ee4da7bddaf4488a4e32ed45
global_step=200800 | return=-156.16 | steps=131 | track=3006f9032de10c100b22b081073a5c49
global_step=200976 | return=-208.82 | steps=223 | track=59ad5f3f8d0d275745518ca3d284d7b8
global_step=201104 | return=-20.75 | steps=71 | track=c8e9d7cbc9b5cad96511b38f6381f0ed
global_step=201328 | return=-153.51 | steps=130 | track=15537ea7f05062b2f653e4517274055a
global_step=201344 | return=-152.48 | steps=131 | track=51b432310f8d2ddca459a85299bd304c
global_step=201360 | return=-140.82 | steps=130 | track=a140dbe1cb66f3309ca0299886531d5b
global_step=201440 | return=-138.94 | steps=131 | track=04b9f185e61ae30e9fb010722e4931ef
global_step=201504 | return=-159.54 | steps=128 | track=5b7829cf89e53fbf7ab2c5dc1471894d
global_step=201552 | return=-148.11 | steps=130 | track=cc953e0207bd602e367004f7c63b87ca
global_step=202112 | return=-151.01 | steps=131 | track=19c94130881f050c34afabb331ede879
global_step=202128 | return=-113.47 | steps=98 | track=5d9cb7a9f03b21f0de84d7cfd410dae6
global_step=202224 | return=43.75 | steps=222 | track=c87ea3bc495f0e5d7787bd517b028028
global_step=202368 | return=-8.61 | steps=64 | track=0232db16afba521d7fddc881807da66b
global_step=202432 | return=4.40 | steps=66 | track=9b49c616f7f180b9494acb6b8908e226
global_step=202496 | return=-38.91 | steps=65 | track=845e4c1e888b0f2bba0074490aaab69a
global_step=202528 | return=-16.45 | steps=73 | track=d5681326b5e5fe24b94a0488b67ccbcd
global_step=202736 | return=-143.80 | steps=131 | track=de93375c98ce4029b3cc248bad441a25
global_step=202752 | return=-59.12 | steps=39 | track=c4ce761f5f91a242ed544a6299ecd10e
global_step=202896 | return=-146.20 | steps=130 | track=44ce2fba012d6b2082d2a3dc41bc514b
global_step=203040 | return=-137.57 | steps=128 | track=d718edc7160ed054982c2a6b58a8210b
global_step=203136 | return=-110.49 | steps=166 | track=b249353e7ed500047d72949263bd992a
global_step=203216 | return=-141.43 | steps=131 | track=7590e122779393fb5bf31e534bcb889a
global_step=203328 | return=-44.45 | steps=59 | track=9d3a83ff5cfe6de7e63a68a84e9d8ba2
global_step=203392 | return=18.16 | steps=72 | track=2d7bc47f4bdaafa069bec65143ddd3aa
global_step=203776 | return=-88.41 | steps=141 | track=4301b0315d2cfe6823abf16235b88c36
global_step=203888 | return=-51.83 | steps=41 | track=87f9c775a77e4aa8b47e0c90cf797415
global_step=204032 | return=-29.58 | steps=61 | track=18e83c40642621684ea0578a6e7871c6
global_step=204128 | return=-172.91 | steps=306 | track=646aff307a1eb14b9560bd1107d2cf1e
global_step=204240 | return=-110.34 | steps=108 | track=96062b5f3a2a3ec5312ede956644d8ee
global_step=204288 | return=-121.37 | steps=109 | track=494305b68351ed6604f658fbe82ab3ef
global_step=204528 | return=-107.00 | steps=101 | track=f2e34358a1c29ba990f63d57d10f8d75
global_step=204544 | return=-147.91 | steps=131 | track=519d3aac3ac92d5d925f75603f0fa79d
global_step=204576 | return=-187.14 | steps=188 | track=9ae84a1458b3b2eaf35d26762ed2c922
global_step=204704 | return=-107.52 | steps=320 | track=26f27f77bb11b911e0a17e4c5b9bea49
global_step=204832 | return=-144.98 | steps=130 | track=08fe175b9f9a2b858982382b72f60e81
global_step=204864 | return=-139.20 | steps=131 | track=d0bf2cd3cfcb3836bd97cd76d43635f4
global_step=205008 | return=-47.31 | steps=76 | track=dd9aa533baa59f73808c0e3771fd6e2b
global_step=205296 | return=-96.26 | steps=122 | track=6e8e0f88a291c58b1136b886f94ae157
global_step=205504 | return=-144.13 | steps=131 | track=f6460c94a7b7dede60a25de7578d6ee3
global_step=205552 | return=23.10 | steps=63 | track=6736036a54142d6f72cbe0e6b3ef86f7
global_step=205648 | return=-90.22 | steps=219 | track=00e40316b3f3a534e9f55fca9187aee7
global_step=205712 | return=-117.68 | steps=160 | track=d26e8f947980e5140b7b4719dca13c95
global_step=205984 | return=-150.59 | steps=130 | track=3f8d6d1c95a4d2a88db258c9a62ef668
global_step=206144 | return=-146.55 | steps=131 | track=3b8d0e59045fa4249a7256f6f4cc7080
global_step=206240 | return=-137.47 | steps=131 | track=a4b340ef76138f1c719cca64f30c638d
global_step=206336 | return=-114.44 | steps=91 | track=8f25ebc394843b3ecc35a821b7bc9fc4
global_step=206384 | return=-153.80 | steps=130 | track=77f637a8ebaee833078100e59b24c201
global_step=206416 | return=15.29 | steps=135 | track=ffa99c3965efcd15d5e3ad1692ed19ee
global_step=206688 | return=-152.98 | steps=131 | track=4cdda90640aa6836c871d98509833cda
global_step=206768 | return=-51.55 | steps=91 | track=87febfc4a3ec3188115467ef74a71c63
global_step=206944 | return=-137.75 | steps=131 | track=9929012357b3f8b0b205b048f9636f37
global_step=207024 | return=-90.16 | steps=144 | track=a01ec2aa781d82187a4dd18d3ad716a5
global_step=207024 | return=-8.79 | steps=81 | track=8a153b47e634db45302738d3f5976a29
global_step=207120 | return=-133.67 | steps=131 | track=08e336279e84d5aab04225234d7fba13
global_step=207264 | return=-97.61 | steps=106 | track=be2753b5a0992b89abc22e4058dc300f
global_step=207424 | return=-99.37 | steps=89 | track=8386631172c5c41eb3671a84f16d22b5
global_step=207520 | return=32.23 | steps=68 | track=0db7af0b42f109f8691634006132aa1f
global_step=207616 | return=-145.59 | steps=131 | track=29aa58aad5d1d76a90a8bea26ff156c5
global_step=207632 | return=-130.06 | steps=192 | track=bf0346b9ab95621de90089ed50a442a0
global_step=207728 | return=-24.63 | steps=43 | track=dbe7ec99bcb2487ae6e7419d78c401dc
global_step=207840 | return=36.67 | steps=66 | track=c9b21332dec9dadfe3be1c8eec965a66
global_step=207984 | return=-84.67 | steps=145 | track=0adad08461d2f6c1b2b4b9d4e5bd155a
global_step=208416 | return=-107.89 | steps=129 | track=6e797ac752352940e975f35f35877e51
global_step=208496 | return=-144.01 | steps=131 | track=ba579d740cd5dc8d0b3a8148704d259c
global_step=208832 | return=-92.27 | steps=167 | track=5ebc956d70b0956ae8f6907290081c99
global_step=208896 | return=-125.94 | steps=137 | track=99011a6509192fa0e5702a9e5d7f51ec
global_step=209040 | return=24.85 | steps=65 | track=f75d4a1c9cf70b4a11b882ed4da77a6e
global_step=209056 | return=-160.58 | steps=131 | track=7e9fb52ff09376bbd65e8978ab8b979f
global_step=209136 | return=-142.41 | steps=131 | track=47aacfef07b211fdf416a0890ee6a8a9
global_step=209376 | return=-153.04 | steps=131 | track=0ec8b637bcdeeb4d5f1e07ed9ec3744e
global_step=209632 | return=-135.47 | steps=131 | track=58ef5ef5af23737ad1900b836e17ba89
global_step=209712 | return=-159.76 | steps=216 | track=43fe68c84a548ebf410f5baecda1b0ed
global_step=209728 | return=-156.54 | steps=131 | track=8a2b4cc11a38db285a1f30bf48e56384
global_step=209728 | return=-134.99 | steps=130 | track=4ef84094b9426239e6fc5dd4fa14a9e9
global_step=209840 | return=-135.67 | steps=131 | track=cbd4802974e7a523ed1baf9bbdd31c41
global_step=209936 | return=-107.26 | steps=89 | track=c1ba8736a27e82a05fe0f6e9d721caa1
global_step=209952 | return=-147.55 | steps=131 | track=33e72d12cd83078bb5c38725d581048c
global_step=209984 | return=10.88 | steps=71 | track=1c75bfa0783af2eb1ba56fddcdc52e2c
global_step=210176 | return=0.92 | steps=190 | track=9b9d641e3a92c758e66929a56bc8a4b0
global_step=210176 | return=-113.05 | steps=109 | track=da39eabd0f7464bfb006f412e322e371
global_step=210208 | return=31.42 | steps=71 | track=df30f07b8aeda775d93a06a624127af9
global_step=210208 | return=-139.84 | steps=173 | track=fadf2437d3ce03e7c94776e6b9765387
global_step=210592 | return=-48.37 | steps=75 | track=481935b629bc52daa8995ea7541af6d5
global_step=210880 | return=-23.00 | steps=55 | track=c6869fc3a0d6eeb6c9fa82ddd6586863
global_step=210976 | return=-47.10 | steps=47 | track=91ef60b8e0071fa4526b352750a713d7
global_step=211008 | return=-145.78 | steps=131 | track=5e0509e97c7aa161eafb496820a32dbd
global_step=211152 | return=50.29 | steps=81 | track=b683c82b06ba60bb2e44adf3355b383f
global_step=211168 | return=-144.50 | steps=132 | track=58b1851c00c42766f0a952ed6c868506
global_step=211184 | return=-72.52 | steps=96 | track=82b28fc8261a929400736beac7d5a62a
global_step=211248 | return=-152.24 | steps=131 | track=e5ee73c24a067f34b9e8ad0a89a97833
global_step=211520 | return=-118.41 | steps=98 | track=14ee43e6909f154c0f8450fa3f9443eb
global_step=211776 | return=-64.74 | steps=47 | track=55db3636bb9755783c92269620ffa505
global_step=211824 | return=-146.48 | steps=131 | track=f7a19de3717313fcdb854dfdcedea722
global_step=211840 | return=-128.13 | steps=131 | track=016c7782d8e286f10a6aae9d3f55e30a
global_step=211872 | return=-35.04 | steps=61 | track=3c37f088e7aa518fe04b50d1e3cb5bc1
global_step=211936 | return=-119.88 | steps=109 | track=57d642ab1db3894f7b5c77d8fb0875d4
global_step=212064 | return=-142.01 | steps=131 | track=f66e751661214097a4088b7b7b1d1562
global_step=212320 | return=-3.12 | steps=66 | track=a3d8e1a2915ed08eb756d2896bbf3ae9
global_step=212368 | return=-109.80 | steps=136 | track=c5dd5cc2245036c10568fde08dfd7b0f
global_step=212672 | return=-87.68 | steps=93 | track=3988478246a9020f30d73c075019a575
global_step=212720 | return=-156.86 | steps=132 | track=2ca9b1fb40cf10dbdce00b2e70a24e66
global_step=212992, SPS=66
global_step=213088 | return=-169.03 | steps=131 | track=484d00133957338feee0db1a85afce50
global_step=213248 | return=-152.59 | steps=130 | track=0b62fe1e929645a16771438a7f08717c
global_step=213296 | return=-15.60 | steps=60 | track=6dd73238b493d62135e9d96683cebcb4
global_step=213360 | return=-119.33 | steps=226 | track=95453c98b1f7eb4b320b3eedec179943
global_step=213440 | return=-58.47 | steps=85 | track=435f468fb382318251c3e4d1f9eedfdb
global_step=213568 | return=-126.40 | steps=108 | track=258493529ff3fac6afea67147c836225
global_step=213632 | return=-139.40 | steps=131 | track=ba75ed91e9d0eb8fd5ab5eee50607b72
global_step=213728 | return=-69.96 | steps=121 | track=a5b236028093604dfbe6fc2726955824
global_step=214032 | return=-153.02 | steps=130 | track=9c44a3550f6d2c2c0f4f45fc92f423da
global_step=214192 | return=-47.23 | steps=46 | track=5a0e0dc182bb5eb59c2d1b30a1a3ac83
global_step=214208 | return=-93.28 | steps=145 | track=855e8be5d0ce8efd387c816ebeb76183
global_step=214240 | return=-37.43 | steps=94 | track=1c6217c4d42b0ada3f26942e6596cb62
global_step=214256 | return=14.70 | steps=59 | track=71cdaa2c294b2e775f2cf9bbea56a489
global_step=214480 | return=-151.03 | steps=131 | track=895522a1d2051545cd3bdd5a1c842607
global_step=214784 | return=-167.01 | steps=131 | track=e1347acb091003855df82c073ec2b1c2
global_step=214784 | return=2.25 | steps=65 | track=c76ae6a344de45eec374f61edd61003e
global_step=214848 | return=-120.34 | steps=187 | track=e48a3664839b306eebdd85b86dac99de
global_step=215056 | return=-109.48 | steps=92 | track=045c69c8c49935acd766702325b93575
global_step=215184 | return=-161.52 | steps=130 | track=d0f0198d64f11def2dd371527f6f8dfa
global_step=215328 | return=-108.96 | steps=319 | track=eb9ac598643beaabe2ad2eba46461d08
global_step=215360 | return=-141.39 | steps=131 | track=76f38b9517023b6c05884995b20af723
global_step=215408 | return=23.00 | steps=71 | track=264e2d0f157dbd149303ff15e8444532
global_step=215456 | return=-170.29 | steps=130 | track=af3e30612281171e33df46871cd62969
global_step=215536 | return=13.03 | steps=80 | track=e157b177c77b1f087cb64059680097dd
global_step=215552 | return=-168.37 | steps=272 | track=c8081389d84025c804e70fc22da35301
global_step=215728 | return=-129.25 | steps=130 | track=35c41c586cdd1fa9b1d5b0639d0784ca
global_step=215904 | return=-8.74 | steps=65 | track=5156dbf50611fab8774310f3d37c94d4
global_step=216000 | return=-71.57 | steps=50 | track=e6a4c4fff842fdbdfaead8ebc3968fe1
global_step=216096 | return=-53.35 | steps=42 | track=f025bd2555b8413eed6a51d256ff601c
global_step=216304 | return=-145.20 | steps=131 | track=441fc987ea02417d71db1e4f373fd283
global_step=216320 | return=-135.90 | steps=131 | track=2c8b7e50c8af07d762e232c40857494a
global_step=216512 | return=-43.71 | steps=107 | track=b65e9515e973ac27c43719b379de40e9
global_step=216576 | return=-150.78 | steps=130 | track=a4a0187b5e2bde9df9ab7cbd81615c34
global_step=216592 | return=21.62 | steps=70 | track=f7461c6890d6091ddae5e293225def3e
global_step=216896 | return=-149.60 | steps=131 | track=f1a7dea71b367213194a69879b9bb96c
global_step=216928 | return=-66.40 | steps=63 | track=661ed0026f8e781604a29ae45dc1cfa9
global_step=217152 | return=-154.38 | steps=194 | track=c38ef334d4e9118e014a2dedba60223a
global_step=217168 | return=-154.81 | steps=131 | track=e6b2414682a57f591b2d7652af054651
global_step=217392 | return=20.17 | steps=66 | track=eafd3034edc91cb0c28054256cb80f10
global_step=217440 | return=-140.61 | steps=131 | track=e7eb1d741c947c512c97eb3fa4321bd1
global_step=217472 | return=-139.67 | steps=131 | track=df91527073d951faaf9c2ddb20e07abf
global_step=217648 | return=-145.90 | steps=131 | track=6e0f2a5226034d9b06831cd405ec0234
global_step=217840 | return=-134.24 | steps=131 | track=0760ac28a781aec816c2e20767e46f14
global_step=218112 | return=-149.03 | steps=131 | track=e4fc42c91d1aad52f8aeb43f6febec7a
global_step=218208 | return=-128.41 | steps=131 | track=f5af7eee45173067f39eec39df31be80
global_step=218256 | return=-87.50 | steps=108 | track=12c67b999a1bab8a88cfcc75bdeea920
global_step=218416 | return=-149.39 | steps=131 | track=35a1fecfa4e9546db15ed2cfe235fb9e
global_step=218608 | return=-57.40 | steps=47 | track=33e22a2c82b8e343d21bded4831a4820
global_step=218688 | return=-155.80 | steps=131 | track=3a2577dc6b7cb701a2f107422c26e0ca
global_step=218704 | return=-132.46 | steps=131 | track=628ce22276d98893a013a0105d0231d9
global_step=218720 | return=-12.79 | steps=66 | track=354565839b0de6c0cf8c314aa08391a9
global_step=218896 | return=-95.65 | steps=90 | track=fb5e1bbdd525220b407c87e46b537584
global_step=219008 | return=-67.54 | steps=46 | track=4a403a2861d4af06bf8da2ae530b5ba3
global_step=219264 | return=-148.81 | steps=131 | track=4704a27c86a3aefa27875eedd75dea82
global_step=219280 | return=-159.20 | steps=131 | track=dd20cd83a1038515abaf675d8a0e6219
global_step=219504 | return=-142.21 | steps=131 | track=624e8818b9f29438d91adf92edc3111b
global_step=219584 | return=-140.41 | steps=131 | track=94f707b0c462d3cebea4bec9b793a15f
global_step=219600 | return=-198.53 | steps=168 | track=a458e66efbe4adf7ec07c82a3fe8d398
global_step=219632 | return=-131.26 | steps=168 | track=a7ebb9c63976118dce1c84c3961c6706
global_step=219648 | return=-104.00 | steps=89 | track=83d61cdf569f51597342ba460f2820fe
global_step=220048 | return=13.77 | steps=280 | track=0f36d37ac1fa2bd1adde9e0c72a932d9
global_step=220112 | return=-89.03 | steps=51 | track=736b48780294b5734b9f3ba9243dace1
global_step=220208 | return=-141.05 | steps=130 | track=737ff35448906f0fee8a66d60119ca45
global_step=220528 | return=-161.51 | steps=131 | track=4985c921116a0c0c555a71d1f3da344c
global_step=220544 | return=-95.87 | steps=102 | track=66f35bc94305bedd204dc263600c9e75
global_step=220720 | return=-139.25 | steps=131 | track=639e7921303584b2f39ff2699e03993d
global_step=220736 | return=-4.27 | steps=67 | track=119134fa262d60a0abbf349cb58608f3
global_step=220800 | return=-140.55 | steps=131 | track=ae9e6593d136548b351a0c26e077bd1f
global_step=220816 | return=-144.77 | steps=131 | track=ad06368522d0b4723442a7fcc2da3f32
global_step=221040 | return=-119.33 | steps=110 | track=146e3d63422858583314c12cde2467d0
global_step=221072 | return=-49.47 | steps=89 | track=4a054fc9cbf54aa95fbd9f9f7907126c
global_step=221136 | return=-16.63 | steps=63 | track=9094ffe1581411408cf79d18b6ff395e
global_step=221360 | return=-87.08 | steps=146 | track=6f466b970b731a7196b1ad6c686581be
global_step=221568 | return=6.33 | steps=63 | track=a45fe532e037e648cb749d686367b0b7
global_step=221600 | return=-141.52 | steps=130 | track=fa670ac72c86c94968bef1981dcc4b88
global_step=221680 | return=-140.86 | steps=130 | track=68bd5bb751545611aca3706804b6a73f
global_step=221712 | return=-96.29 | steps=93 | track=7d5bedfd470298e2e41464ac88b18796
global_step=222160 | return=-148.21 | steps=131 | track=e9b2e8dd230b3cc2c5f1aa6c0b3bf0a0
global_step=222672 | return=-27.61 | steps=61 | track=4a7b373e4e97e8e2b004cf7f604cf7b5
global_step=222816 | return=-104.43 | steps=142 | track=c3e53d7f75921c6a12327ddc19a60def
global_step=222832 | return=-148.25 | steps=131 | track=47f573342b08dc820246b4045da521d7
global_step=222880 | return=-69.68 | steps=44 | track=857fc824d82cc4a4278bec4bff9f0e98
global_step=222896 | return=-157.94 | steps=130 | track=100e9daa43ca86c2660ab49d123c7c15
global_step=222928 | return=-142.58 | steps=131 | track=864e451e17bc944ef1723c6a4c139c15
global_step=223040 | return=-88.49 | steps=214 | track=da63a884cb45444e17a8f6241ed0c540
global_step=223104 | return=-258.78 | steps=273 | track=a29d8497fc638701b2cd009409f1f027
global_step=223152 | return=-140.01 | steps=131 | track=c26e221ee27f40ed2268f78def762137
global_step=223248 | return=-152.00 | steps=131 | track=cd8fef5887ee6bcc7f08f569782a91f6
global_step=223472 | return=-136.25 | steps=131 | track=c4b115211c2a614f272033e8f4408ebf
global_step=223680 | return=-88.35 | steps=49 | track=1b3aabc94996ed2702a28eca370c7dd2
global_step=223680 | return=-131.99 | steps=131 | track=5c9e6de8865d63c7e5e86ee8dba260d8
global_step=223712 | return=-152.74 | steps=131 | track=890fb9cbe7a42258426ec9633984f4cd
global_step=223808 | return=-71.95 | steps=170 | track=25f8f8004d795c46a0d7d8577ce47972
global_step=223824 | return=-142.76 | steps=131 | track=b9839bddefaaa290151912d306c2f992
global_step=224176 | return=-95.60 | steps=93 | track=ab00e97ab70a13dc46803b218c9b49ad
global_step=224352 | return=-84.53 | steps=88 | track=1225f3871777ea8b32623c56762cb16e
global_step=224400 | return=-59.14 | steps=93 | track=b5541c34ed85a7cb15b2b6bd304a3fec
global_step=224592 | return=-62.86 | steps=47 | track=d4677a2df23a30a371d1f39b1d84b5eb
global_step=224608 | return=-49.94 | steps=97 | track=c9fdb1b2498e099b3e9959b2196fdc55
global_step=224752 | return=-24.81 | steps=66 | track=175dd819378892f003ad0391aa5c7b4d
global_step=224928 | return=-139.39 | steps=131 | track=34e26b466255bba7076e5abd0ab4c079
global_step=224944 | return=-134.76 | steps=131 | track=bc9c9a2d879b8723568bd3e39f111cd0
global_step=225216 | return=-155.90 | steps=131 | track=bc8dc12fb8a3a8d72d1229e57d02c72b
global_step=225264 | return=-133.73 | steps=131 | track=c40528fd36c4305c2960315ef658eaaa
global_step=225264 | return=-74.86 | steps=96 | track=07238102535a13b43b92f5ec98885efd
global_step=225344 | return=-139.30 | steps=130 | track=8180db8cc75a7526deabf4c7ab3a5329
global_step=225472 | return=52.02 | steps=69 | track=923add9e1d223f3dfa866bdefdc2e585
global_step=225648 | return=7.71 | steps=65 | track=9d9671ccd552d7e1a933448620a2e68d
global_step=225792 | return=-139.25 | steps=131 | track=a3a2a04a06ec55825f6cfbbf5722ea8b
global_step=225824 | return=-34.69 | steps=66 | track=019a493e61bdf2336a3fc50ca44b9643
global_step=225888 | return=-105.87 | steps=129 | track=171169de46f852e022d071072fc7ac73
global_step=225968 | return=0.50 | steps=64 | track=0ba28978168c27ae8a9a29ff23698770
global_step=226128 | return=-68.75 | steps=336 | track=e03f52d54aa77da29d293843f7d214c4
global_step=226288 | return=-137.59 | steps=131 | track=d92341b377037c3e62b4300e27404e0a
global_step=226336 | return=-10.99 | steps=61 | track=d19181db2d63a20a3bccf12b4ccbeaef
global_step=226400 | return=36.91 | steps=70 | track=057b9f23ed05365081068212a90fad73
global_step=226512 | return=-146.50 | steps=131 | track=8b5ed9e9d2edef1b67a97e77b213950d
global_step=226704 | return=-152.99 | steps=130 | track=cf070433abf30dcaaca7bbee2a40aaeb
global_step=226880 | return=-92.84 | steps=100 | track=4635e529de76f132b3f4cc2ea9cb2189
global_step=227056 | return=-133.59 | steps=131 | track=91a32bd421b8340b184e0d5538a1eb06
global_step=227168 | return=-49.66 | steps=79 | track=547d2303d49e9dcbe2512deb4b39b62e
global_step=227344 | return=-150.64 | steps=241 | track=e66587fdfac4d4e94c00b64e3df605d2
global_step=227568 | return=-145.52 | steps=130 | track=02217e0a45767b85a2eaf5458084a55c
global_step=227600 | return=-28.67 | steps=81 | track=2296fbe4acfec7098d7723d6a7f111c7
global_step=227904 | return=-150.00 | steps=131 | track=6fd4d851cdcc060d954d412152ea0263
global_step=228080 | return=-143.75 | steps=131 | track=ef52eb770777926efb27c01323597e32
global_step=228112 | return=-37.47 | steps=153 | track=9810b5f22f5e9afaf82871bb95b76c0f
global_step=228176 | return=-116.86 | steps=110 | track=5ed5813794416e3beb273ab7bd70075f
global_step=228224 | return=-72.09 | steps=149 | track=133f4bdead1ae8a8284b30edf6bbeec6
global_step=228240 | return=-145.03 | steps=131 | track=a9d0a8b6717a07e47a079e2308cb7456
global_step=228448 | return=-147.40 | steps=131 | track=9c5c692f4a4c408f29fd38c4232cd9ab
global_step=228608 | return=-153.92 | steps=130 | track=76985b2acaf5d979b61d829cb881902c
global_step=228816 | return=-146.48 | steps=131 | track=f24f6ca0af9ef9fccb6466725ee49df3
global_step=228944 | return=-113.85 | steps=110 | track=32368af2196cadf18aafefda4c5e5939
global_step=228992 | return=-148.91 | steps=131 | track=f4a797123105943c4adbd5fdb2b0caa6
global_step=229168 | return=-139.25 | steps=131 | track=5fcba562f82d26b4b4b02d28daf1735d
global_step=229376, SPS=66
global_step=229456 | return=-142.86 | steps=131 | track=d47385e9c7e60c4cd2c160d126aba283
global_step=229664 | return=-160.98 | steps=130 | track=db3e81a573be22f10052c216c8933e32
global_step=229664 | return=13.68 | steps=65 | track=a24553a73ff25ac1b348646e9e3d47e7
global_step=229680 | return=-34.36 | steps=89 | track=7cc2d76bc44f9d61647f946ad8eb34dd
global_step=229712 | return=-142.13 | steps=131 | track=ceb5c186d1efc9e90d9d295f257df60f
global_step=229792 | return=-18.63 | steps=49 | track=56cf58966eb173d0d6f477ced5b92d12
global_step=229856 | return=-119.54 | steps=110 | track=0b20282f2acca1651851085453f41dc2
global_step=229984 | return=-174.65 | steps=297 | track=f108078cbb7ea563f3cf3c0e500f6294
global_step=230016 | return=-151.90 | steps=131 | track=e17934d6be67b260e50f07d7a028acfe
global_step=230288 | return=-148.21 | steps=131 | track=3ad3ad5cc80bce3f15de13f293f3ef7d
global_step=230320 | return=-114.70 | steps=137 | track=a0bbee243a06342de3f3627d167f4397
global_step=230336 | return=-145.64 | steps=131 | track=094ce45d9134ed2135ea4b7683e45d5b
global_step=230560 | return=-143.80 | steps=131 | track=c8386eca4f45646ca02f8c83b831cb05
global_step=230928 | return=-142.34 | steps=131 | track=2500fdb247efabde6a6867a88266938c
global_step=231056 | return=-156.72 | steps=131 | track=acf31b5305ea4ed6a7004f16b74cbb88
global_step=231264 | return=-6.47 | steps=98 | track=47a8bf1f43b70dc587b3c089dc971f31
global_step=231280 | return=-137.59 | steps=131 | track=66c3e8bdf4029e4709891500479dc018
global_step=231552 | return=3.88 | steps=75 | track=4154d50715291c7b73856fa8a0e79ec9
global_step=231760 | return=-152.59 | steps=130 | track=028f59c9ca6cce303649777ea9aa59df
global_step=231776 | return=-145.03 | steps=131 | track=85b0ac21453766c5faeca3f164e276c8
global_step=231824 | return=-146.01 | steps=131 | track=849f6b37603ad640296f686802affd4a
global_step=231872 | return=-122.87 | steps=129 | track=0651a6d3736dcf5ee38a353a3cee4003
global_step=231952 | return=-36.76 | steps=63 | track=5260c70da8545d6da84dca7c0d01b9cd
global_step=231968 | return=-149.60 | steps=131 | track=ea445061b9faca576b34094a39f29a40
global_step=231984 | return=-80.88 | steps=157 | track=a835c74ea780dc0de5735fb55e9d39a6
global_step=232000 | return=-74.38 | steps=44 | track=2cfcefe19fa7e89ddc77e8b0383650d9
global_step=232096 | return=-129.73 | steps=131 | track=e88ca17a0997c85cf9de41482dc8e87b
global_step=232112 | return=-144.35 | steps=130 | track=3fbefa615677d5b5f5710e41911eb80c
global_step=232336 | return=25.32 | steps=66 | track=69f38747bce8f645ff040c60fb844dd7
global_step=232400 | return=-140.76 | steps=131 | track=fd90cb24235138073ed45174174ce480
global_step=232416 | return=-147.20 | steps=130 | track=696232d61d3a1923daa69dd8c9fbd64c
global_step=232656 | return=-152.29 | steps=130 | track=5251a765adbaf3b2a91af19499af49e9
global_step=232912 | return=-62.69 | steps=59 | track=02e30837be391ba73f866a889669daf0
global_step=233040 | return=5.40 | steps=65 | track=13cf7f2b163f8a928023f51938683a58
global_step=233120 | return=1.97 | steps=69 | track=d507a0d2a60a72bf92ccde579338ff6b
global_step=233152 | return=-151.90 | steps=130 | track=50084c39d91ddc79ef13df1080ab59b2
global_step=233168 | return=-33.24 | steps=74 | track=c1548f0c9b4dce17c6fe3271606d4070
global_step=233632 | return=-131.61 | steps=115 | track=767fa5a2a4fe5ef0b74a1002d590ef59
global_step=233664 | return=-132.94 | steps=131 | track=1d4635ace31f33568f6b43421cf41fe8
global_step=233744 | return=-25.35 | steps=43 | track=eb02c2b5e699be691c6f011b6717e0f3
global_step=233872 | return=-149.19 | steps=131 | track=98c0f1cf471b4a42da8c648522e3506f
global_step=233984 | return=-146.13 | steps=131 | track=13ac5e93420c99a8326bf85ed1aba08b
global_step=234192 | return=-151.92 | steps=130 | track=6d3b3d33a64cb2171f43a4b49f02a044
global_step=234224 | return=-148.35 | steps=131 | track=22231c8374853940c21a0bc5da8ed240
global_step=234416 | return=-77.15 | steps=124 | track=5a56122d765a3dfc5482aebc0cf8df72
global_step=234416 | return=-98.58 | steps=161 | track=4cd21e2853773a12f70f0d446ed3b7b2
global_step=234432 | return=-109.11 | steps=130 | track=9385dd1faf580c3d1e80db51e8c6ada1
global_step=234512 | return=-143.39 | steps=131 | track=a0354a0cab3c5747578c00270b8ec66c
global_step=234752 | return=-150.11 | steps=130 | track=243ba178b97c1c2d77e9fda384b922c5
global_step=235008 | return=-148.20 | steps=130 | track=25e025b633073cf29f39b4ad27a2f4af
global_step=235264 | return=-147.82 | steps=131 | track=89a2e0e9c32c321193f4481cffa6ff5f
global_step=235280 | return=-169.75 | steps=131 | track=444a31d4839a07a31ad9e56389c8624d
global_step=235296 | return=-61.97 | steps=54 | track=dd08b1a7a7c2865825938d29a2fe5d5c
global_step=235440 | return=-109.26 | steps=112 | track=21ed759e6d27ccf22203dd4396f74ff1
global_step=235472 | return=-9.18 | steps=65 | track=9f78ca658728756433c378fa1b4a65ad
global_step=235520 | return=-120.56 | steps=102 | track=addbe5818acb6e9bc0ba3cc65bb00461
global_step=235776 | return=-156.00 | steps=131 | track=2152340f219287d0c6a0d069960cea46
global_step=235856 | return=-145.67 | steps=131 | track=8b5313b504e26d3471206113bba68bab
global_step=236096 | return=-145.03 | steps=131 | track=4adf1830290b34af3f7ff4fcb822c6fd
global_step=236336 | return=-146.41 | steps=131 | track=479f52d140c836656486ee7392cfab93
global_step=236544 | return=-132.67 | steps=131 | track=2f4c9b6b50cdaebdfe287a2b11a26582
global_step=236624 | return=-131.20 | steps=131 | track=08c716833a1f08c335b146cdcb31ae38
global_step=236688 | return=-132.88 | steps=155 | track=8580777d62ceeb931ce4451282e4fde6
global_step=236848 | return=-1.78 | steps=130 | track=b127beb08b95f96aec202ba8e3179c57
global_step=236928 | return=62.69 | steps=237 | track=86d66934849360db0b28da098430600c
global_step=236992 | return=29.92 | steps=70 | track=2ef19a5859fe0338e419b7b9a4612521
global_step=237008 | return=-75.30 | steps=97 | track=762eb5333efa548c9d19e1c9cbb3340f
global_step=237376 | return=-144.13 | steps=131 | track=87640ee4c2b1ded112b1dc182b09721b
global_step=237376 | return=-108.79 | steps=130 | track=a2b67ac0e651b1fb9bd0f054841ea082
global_step=237392 | return=21.71 | steps=65 | track=5fe9891a382a9a1791c9f41f4cb4ad97
global_step=237584 | return=-139.91 | steps=131 | track=4cb5aa2771a88aac010bea2f927b07e7
global_step=237632 | return=-152.54 | steps=131 | track=ea2af6f409df4670d7b6752417c176e8
global_step=237696 | return=-74.40 | steps=149 | track=dad6fcdd42b44822932f0379b2077154
global_step=238176 | return=-114.72 | steps=96 | track=bf5e53149e465ab601a543bbca8aa618
global_step=238208 | return=-142.36 | steps=131 | track=006629b43f53d1fc6dcc92ede2839bde
global_step=238480 | return=-15.38 | steps=68 | track=18232b4ce0f0029af3832d1d5f6c77af
global_step=238656 | return=-143.90 | steps=131 | track=f5c6b9c4955036883646a87d89dd9221
global_step=238944 | return=-143.05 | steps=130 | track=bb893d2ce436244ad9fbf92814857bd1
global_step=239040 | return=-147.60 | steps=131 | track=428e1bcabe4132694d4420f38b2dda14
global_step=239120 | return=-144.96 | steps=131 | track=f934f0847042140a1e7bce2824a48b94
global_step=239296 | return=-116.76 | steps=267 | track=5d580d5d73f7f3a613f2824282a55bc6
global_step=239472 | return=-115.70 | steps=110 | track=bd0957a61120dc4d02f372914d4ceff2
global_step=239488 | return=-143.03 | steps=131 | track=8a172176799b0902842316cf45869576
global_step=239520 | return=-131.43 | steps=233 | track=3730d960b9f76d6d8da70d56f1909e70
global_step=239520 | return=-152.89 | steps=132 | track=5548f10b90f6afa9bdbb5d986f1c9df1
global_step=239680 | return=6.86 | steps=130 | track=92c2c345c743a16e9fd7ca00bce8abdb
global_step=239744 | return=-162.73 | steps=131 | track=399c9a1abc8ddaee2bc158186aaecee4
global_step=239840 | return=9.31 | steps=84 | track=5e518be845bbe08acfad51a454f062da
global_step=240208 | return=8.07 | steps=67 | track=74d50ca2ef5f15cb109fc01826ea948e
global_step=240288 | return=-139.26 | steps=131 | track=db976a65076bba35d402fd6166737c1b
global_step=240320 | return=-138.48 | steps=131 | track=f23a8a58843e9d4375f403943730170f
global_step=240560 | return=-118.59 | steps=100 | track=3c8a90a2d280770ee83da80f4ad29c84
global_step=240576 | return=10.48 | steps=65 | track=f2fcd727ce0de972166d7355fecc8338
global_step=240608 | return=-50.58 | steps=47 | track=6340d0c0de8427ca422d2cfd41796c81
global_step=240688 | return=5.49 | steps=62 | track=6a122d4ccd6c808e4c86c5e60329672e
global_step=240768 | return=-159.43 | steps=131 | track=b659fc17b5478c7739a7b5ca383452b3
global_step=240784 | return=-72.04 | steps=255 | track=f548526058f664fa6702ab4facf76f2a
global_step=240864 | return=30.89 | steps=69 | track=62c1a7d1760571eff4b2a8552040b339
global_step=241280 | return=-73.55 | steps=139 | track=89a0569bc4496efd28e6ad7dd70fa83d
global_step=241408 | return=-150.72 | steps=131 | track=24f8ed9cd0f7cee31385d29226a7f599
global_step=241408 | return=-17.69 | steps=51 | track=b25ed6844dcbe7cdd3815296e34ffc74
global_step=241504 | return=-52.78 | steps=45 | track=03bf5f27cd0940bce6fbee48b260a1be
global_step=241520 | return=-220.24 | steps=282 | track=3528f6eca9984f9edf760b162a809526
global_step=241584 | return=-138.41 | steps=131 | track=00bbe5438440e159e740afc798410e34
global_step=241824 | return=-88.83 | steps=145 | track=771ccdd4e004a917227d94a304ba6c7c
global_step=241856 | return=0.04 | steps=72 | track=b7b4fffd16de44b88c9afa705226ef6a
global_step=241888 | return=-18.29 | steps=147 | track=a5403b9e296c6e7ea2b607477fe08849
global_step=241920 | return=-122.80 | steps=101 | track=741effa62b8da24c7610b251ebc4d918
global_step=241920 | return=0.85 | steps=65 | track=258561cc302eddf71c7f606074b66c48
global_step=241984 | return=-20.15 | steps=103 | track=ce0e960e55ae1d478c4809db8c0eea6e
global_step=242320 | return=-136.21 | steps=131 | track=1ca1aee1e6220b73ffd9b5287fa89db9
global_step=242512 | return=-27.02 | steps=61 | track=a5cfc822ef6d62cc819d8a7e0b048cc3
global_step=242656 | return=-154.24 | steps=130 | track=3abaa36f2d004618517ce651bb7b1c50
global_step=243168 | return=-59.37 | steps=148 | track=fbae26d8532b64bcca64b299edb6e2b2
global_step=243264 | return=-90.18 | steps=115 | track=b3a7a0eb0b3a525ef840370e1059ee79
global_step=243408 | return=-13.20 | steps=94 | track=6036e9910ebb41b2dc2325cdbbcd0324
global_step=243504 | return=-142.86 | steps=130 | track=04092cd7884af846038667c2e2fef2d7
global_step=243584 | return=-78.85 | steps=143 | track=bc9294d870d61971f680129d87d6a08f
global_step=243600 | return=-143.52 | steps=130 | track=e4fbef67973a0248f108885c84562bd3
global_step=243696 | return=-140.55 | steps=131 | track=2cd951a942bafbb84c55a06f2474b6a0
global_step=243712 | return=-131.03 | steps=115 | track=4800592ba1aff41f3bfe5afed5c73e49
global_step=244032 | return=-153.30 | steps=131 | track=942a79863c9b2701ab0a2c20c3ab7b71
global_step=244032 | return=-142.01 | steps=131 | track=8e41a943c1867e20695cf726c6ade349
global_step=244144 | return=-75.83 | steps=144 | track=379f0465d705a599587f44adf506ea0a
global_step=244304 | return=-39.21 | steps=43 | track=1845c843b2aa15ef7428a2062c52e316
global_step=244416 | return=-138.58 | steps=237 | track=18f5dbfb5f6272a078e3585e573de351
global_step=244432 | return=-155.46 | steps=131 | track=6c39a25ea5066b3eb1d315bd4a5dead4
global_step=244624 | return=-137.75 | steps=131 | track=2d6d6f4d8a24125002039d34a93fd46d
global_step=244768 | return=-144.24 | steps=131 | track=b6408a9bfba169b45e08df536b9b6977
global_step=245360 | return=-142.64 | steps=130 | track=cf56d04b6e969175d1451ebeaacc8319
global_step=245504 | return=-165.40 | steps=130 | track=eab9cfce8f5f735d84d729358ef6b8ae
global_step=245616 | return=-145.80 | steps=131 | track=3012618a3c7bd775f505744a32dacbda
global_step=245696 | return=-144.36 | steps=131 | track=ee53248236f730953575054188cf41e6
global_step=245760, SPS=66
global_step=245776 | return=-156.16 | steps=129 | track=cadd4f105d705c03dc01625e085edb5d
global_step=245824 | return=-142.55 | steps=131 | track=451580943e4b0ab690530187fd84d90d
global_step=245840 | return=-225.38 | steps=240 | track=5e93750f485e931d07584811ddf4434f
global_step=246096 | return=-99.81 | steps=182 | track=7cfa1c40fc75dabf89bb781f4ca27aed
global_step=246144 | return=-151.04 | steps=131 | track=21dbbe32ceeeb3bdb66146402730b692
global_step=246144 | return=-139.25 | steps=131 | track=43204c2e5ff5e507d4521126ce7424fd
global_step=246400 | return=-152.48 | steps=130 | track=17cb27b8a0bc62a72cc0421bdca55604
global_step=246528 | return=-147.59 | steps=131 | track=554e9d75d8796234789fb65f65c0c946
global_step=246528 | return=-145.74 | steps=130 | track=c3206b3fe48b65a058a1a6eacea02cc8
global_step=246624 | return=-60.23 | steps=48 | track=20e1ffa5c4556425a9f116f6628077e0
global_step=246736 | return=-150.13 | steps=131 | track=ae76df98d16669092907a88b52272c4f
global_step=246880 | return=-132.55 | steps=131 | track=1cedbaf5a4dd389c2cd7d84206d6bfb0
global_step=247056 | return=-66.29 | steps=40 | track=6baa2edf2a89b67265c154bb02ba369f
global_step=247168 | return=-49.52 | steps=63 | track=c598de5737ab8c1659591e0bacf32414
global_step=247280 | return=-135.81 | steps=195 | track=49a61d73f6e1dc3e9b8c784e07944c9a
global_step=247360 | return=16.36 | steps=75 | track=3663e5751d8b22fbbf61ebd4499e30b8
global_step=247728 | return=-128.74 | steps=131 | track=84a8ffe5afb9652f2ac185741fed237d
global_step=247808 | return=-13.25 | steps=79 | track=a36af051dc6e599b08112a51ed1f01da
global_step=247840 | return=-120.52 | steps=133 | track=e950f05fc8a7aeb2e9b06fb78e59410a
global_step=247888 | return=-135.03 | steps=131 | track=df0676a1030fde330dfd58321e34a854
global_step=247936 | return=-138.36 | steps=131 | track=3d9bfdcebdaac5ff0123f2cfdac6975d
global_step=248000 | return=-0.09 | steps=69 | track=b150f6a0a307c88d45953340955fb9ec
global_step=248032 | return=-37.17 | steps=60 | track=f302db88926eb189fa281eba48c0daab
global_step=248096 | return=-75.36 | steps=170 | track=562c42033b80ec24fe2220180823a7aa
global_step=248208 | return=-145.69 | steps=131 | track=4d6bf9830b9616657d66d2d6dcd62d3e
global_step=248848 | return=-135.26 | steps=131 | track=39e6f2fd39c5473391b9fcced9c6f42f
global_step=248992 | return=-74.08 | steps=147 | track=2bb8571b89523507193d78f16463de8c
global_step=249008 | return=-114.25 | steps=154 | track=427225f8429fb6a3f88dae003c7b3850
global_step=249120 | return=-5.82 | steps=63 | track=90072e03e5915dcb3c48739c54c86334
global_step=249296 | return=-144.49 | steps=132 | track=a06841fba502744970ddb259d3db3741
global_step=249392 | return=-139.40 | steps=131 | track=e21b11c6a10fbfa3737285dd11c903e6
global_step=249552 | return=-100.17 | steps=136 | track=8fdf33cffa00b2757726d15468f208ce
global_step=249808 | return=-99.18 | steps=31 | track=ce53e905184b92067e5dd2458759f67f
global_step=249904 | return=-3.55 | steps=65 | track=7b5f6748552d658dc504d3205be4670e
global_step=249920 | return=-152.81 | steps=131 | track=7f961ba48be9baa33b93ddd4c219db27
global_step=250016 | return=-195.86 | steps=281 | track=c88fc6eb2dcbe8a51de17bb55a6d9f3e
global_step=250032 | return=-153.19 | steps=130 | track=a094db46853674b7582dfd513b1c7144
global_step=250112 | return=-136.72 | steps=131 | track=2db7bb47a9c7171039e0bd804e08e958
global_step=250144 | return=-160.81 | steps=131 | track=78dd92400dbd0208c114c66aadc23cc4
global_step=250144 | return=16.44 | steps=71 | track=e2abe49f3b490f9a3cf102a657b94045
global_step=250144 | return=10.00 | steps=63 | track=20e0caee07a8a6c691eb25f745fdf552
global_step=250160 | return=-58.46 | steps=144 | track=5730b299a850f910bc6280c51740305f
global_step=250208 | return=-75.82 | steps=144 | track=45a0b1b5832cdc5da6db6d43bc97a9c2
global_step=251120 | return=-137.26 | steps=131 | track=bdb246490493d961a701bec7060b6b80
global_step=251152 | return=17.18 | steps=69 | track=b13149416c045b1e847a7ba3f136f5c4
global_step=251312 | return=18.20 | steps=68 | track=b60234a0f30a2ef0ccde8df4b2cfcd38
global_step=251568 | return=-109.93 | steps=96 | track=fbfd7e28c0c0bbcddaec804cd7742d74
global_step=251648 | return=-159.74 | steps=130 | track=2bd66626f40268059324f56328a21461
global_step=251824 | return=-75.52 | steps=151 | track=6f61f318ce51730e299fb23d51b4658d
global_step=251920 | return=-138.00 | steps=131 | track=9b2052ad82cc4813f751ac85b4cc2456
global_step=252000 | return=-90.71 | steps=129 | track=cfdd7079d8042cd462e0112516e55f90
global_step=252224 | return=-110.28 | steps=129 | track=69d9c922b83de682d083aaebc78418be
global_step=252256 | return=-123.25 | steps=131 | track=d011888a433b19466c1510f19b683292
global_step=252272 | return=-154.47 | steps=132 | track=5137bde72448d2928816a49ec2e26ca8
global_step=252288 | return=-151.97 | steps=132 | track=93c9373f394fd8f5166a7cc79a813e73
global_step=252416 | return=-89.28 | steps=292 | track=030e4291fedd16b3d08f561370b10d5d
global_step=253216 | return=-181.97 | steps=312 | track=ddd022dbc11cb679d753b7f09f43c40d
global_step=253216 | return=-150.16 | steps=130 | track=4a77544ca939d12f51f3b8016b8c1e3e
global_step=253360 | return=-55.32 | steps=202 | track=4a7570a5ece9396dacee100830c326b2
global_step=253424 | return=-141.39 | steps=131 | track=922d1d4a62a67b96886e076f96df8fc8
global_step=253664 | return=-151.60 | steps=130 | track=be216b0cde5f4256a442e0b69e9ffc0d
global_step=253760 | return=-143.73 | steps=131 | track=67afac688393bcd253cdc7524fea2a3c
global_step=253936 | return=-161.19 | steps=131 | track=f5a5b03790507358b2adff37f4ca1604
global_step=253952 | return=-28.73 | steps=45 | track=ec53c9c28c3810c60fdcecec98c85dac
global_step=254112 | return=-142.48 | steps=131 | track=9ee3b74201a45469fd857cccc093d52a
global_step=254288 | return=-106.89 | steps=116 | track=ea264a29ebac3c8ee5cd5e4c0550bba7
global_step=254336 | return=-145.43 | steps=131 | track=b3dfff7856475c97a42418181232ab41
global_step=254400 | return=-61.68 | steps=154 | track=88a1040d051e8618a1316c5504d0c6f8
global_step=254400 | return=-145.59 | steps=131 | track=2190b9cce2b5ee248d5312003dd64418
global_step=254432 | return=-156.85 | steps=204 | track=b4a765f326389cb13ca6a7da3751fe09
global_step=254448 | return=-122.68 | steps=136 | track=e474f48f54585f3f022f0c289818d1e7
global_step=254576 | return=-82.49 | steps=50 | track=8e149e27dcd8a315cede05409194d3b1
global_step=254768 | return=-21.39 | steps=155 | track=3f4b2e846c1a261d5375951910cf508c
global_step=255024 | return=12.91 | steps=66 | track=2b70ee2fc491cd3063a377bde750878a
global_step=255056 | return=-69.67 | steps=47 | track=1d63a11bb6b97a178e477e50c07abf51
global_step=255104 | return=-56.32 | steps=47 | track=8cf5e8ea008910d6936f94b8f351c120
global_step=255328 | return=-90.71 | steps=118 | track=13fd6c4eb9dea42a875c993eddd61321
global_step=255328 | return=-138.36 | steps=131 | track=044ffacf9092653f5f2d0ec70bd3c739
global_step=255376 | return=-140.18 | steps=341 | track=2a3387d7ea8138874c4b2457f287bccb
global_step=255472 | return=-147.43 | steps=131 | track=138fc51f693af422e5de2eebb2187dae
global_step=255840 | return=-108.82 | steps=135 | track=9392dd7c392be06dea1108d14983cae2
global_step=256048 | return=-136.50 | steps=131 | track=9b8451aac3a694e87d11248604adf23a
global_step=256096 | return=20.40 | steps=64 | track=83288925ef27e15c995425925cebc426
global_step=256208 | return=-25.56 | steps=68 | track=d5ddc35cdff98147230c8990cb4b8d6c
global_step=256224 | return=-63.92 | steps=46 | track=9b303c25709d079d4f4318f73687332f
global_step=256224 | return=-142.13 | steps=131 | track=b2b26f151bd306f6f79e3c8f11af1ac6
global_step=256512 | return=-138.50 | steps=131 | track=ed5e05db1823ea2138085827d1a75790
global_step=256576 | return=-140.27 | steps=133 | track=24e2272655665ed572d3875d7870d43f
global_step=256688 | return=-121.58 | steps=131 | track=7626151f3ec750cbac4c073e69ac957f
global_step=256880 | return=-152.98 | steps=131 | track=44440f61e9fcbb7d32c304eb3ddfb97a
global_step=256880 | return=-60.07 | steps=154 | track=b894ea8576d12ef963fe3fd0bd284d9e
global_step=256896 | return=-91.54 | steps=97 | track=fb97b3f655969785c84ff4b2bf0a3be9
global_step=256928 | return=-6.89 | steps=154 | track=8274c4ba0db8d6b185c0c8a814c4702b
global_step=257136 | return=-173.20 | steps=131 | track=e81bf41aadfe8e246caf47d16de56695
global_step=257296 | return=-62.21 | steps=90 | track=e079bd9c88140c1d34268dedcb70459c
global_step=257360 | return=58.53 | steps=70 | track=e441fbbad4166af44275fd9c69065133
global_step=257488 | return=-155.04 | steps=131 | track=b4a529a84e5122adf32a5a123eb0ca18
global_step=257696 | return=-123.38 | steps=147 | track=d314d54780b6aa0afece98d92b54630a
global_step=257872 | return=-12.60 | steps=61 | track=3f1cf1ef97efc05ef79a4bb5ae70e2a1
global_step=258064 | return=-101.84 | steps=92 | track=7b90a4a12e2263d9a16c509a96aed63c
global_step=258160 | return=-135.01 | steps=131 | track=5a3449ccba7170523044be3ab564d130
global_step=258208 | return=-142.13 | steps=131 | track=ef851a81318c3fb0b77113e955e7c727
global_step=258224 | return=-50.90 | steps=53 | track=677c6a19a0ac8304be8d2436107e615d
global_step=258368 | return=-50.83 | steps=92 | track=d5cfe8519d62def706866b5a37c79906
global_step=258592 | return=-85.85 | steps=55 | track=a209738850dec1733663c7a1ea4671dc
global_step=258624 | return=-146.58 | steps=131 | track=b1243c8f723063319a4b5890864e951c
global_step=258928 | return=12.29 | steps=65 | track=f0b614458c0e2cc25eac19310ecc374a
global_step=258992 | return=-166.58 | steps=130 | track=82081f1b73cfd0d62d7247dab7ed221e
global_step=259008 | return=-88.10 | steps=144 | track=28b4dfe67dc785c9e3edb2aa94a791b6
global_step=259232 | return=-78.93 | steps=62 | track=9d6fc671d594567fecca9616faebdaea
global_step=259248 | return=-143.20 | steps=131 | track=9d2e7f22b339e7295110444d2d2f617a
global_step=259264 | return=19.08 | steps=68 | track=6e285d7d19c229b376a620656d5f5a85
global_step=259264 | return=-75.03 | steps=189 | track=d68f22fb6db3b04cb63c78dbe5965045
global_step=259792 | return=-114.18 | steps=155 | track=6047724270ec9a01d172a5742ed44b3b
global_step=260000 | return=20.37 | steps=66 | track=84af3afd515b36cef057dc68c69d6afd
global_step=260112 | return=-124.61 | steps=243 | track=a4ede5aef93ac48fcbd7f4fc1cc74d58
global_step=260320 | return=-133.47 | steps=131 | track=cd774700cbafa519f31736a3d1910ea6
global_step=260320 | return=2.03 | steps=66 | track=b7f4e955778afcebb279661e6dc59e0a
global_step=260336 | return=19.51 | steps=66 | track=b3cd8b26d09214c7f7f4d35ab7515694
global_step=260448 | return=-67.04 | steps=148 | track=73bf14f25e1700c1a91e99d593ec534a
global_step=260480 | return=-148.73 | steps=131 | track=3bf778f5679f93416d621987a93ab99a
global_step=260544 | return=-98.20 | steps=225 | track=a11954e3a455cb5eaab9e8c0fb82fe73
global_step=260640 | return=-86.41 | steps=196 | track=80dd40a3081446207162fd232a5b8d57
global_step=260704 | return=-134.40 | steps=131 | track=d97b65e3c4d98ff3f5f0293dc9540d9d
global_step=260752 | return=-123.98 | steps=109 | track=cf1144c30045f3e35a98494b0a7ccf3b
global_step=260752 | return=-158.95 | steps=132 | track=70989d1f8c152c7945c2a161e907e92f
global_step=261120 | return=-148.98 | steps=131 | track=d75b39a1b117bc73c13e391b127cfead
global_step=261168 | return=-20.34 | steps=85 | track=187451e3e33aadf0fcde36650542adad
global_step=261344 | return=-122.77 | steps=131 | track=37758864fc6e92e5fd84c84e7e15920f
global_step=261376 | return=-132.46 | steps=131 | track=c418b2ebedf8b60b38a3730f31f83d7d
global_step=261536 | return=-2.92 | steps=65 | track=77933ffabee2a185a9192e0003277292
global_step=261776 | return=-78.66 | steps=90 | track=c12b07bfdcb15da3ceb6da0a25cb39c2
global_step=261808 | return=-60.06 | steps=42 | track=954b994077a70d443c699575b941e99b
global_step=261872 | return=-99.28 | steps=96 | track=0f33b680cf6eeb1e66c557f918e9b8f0
global_step=262112 | return=-154.89 | steps=131 | track=d4c7a48759a3594a56697dee5c5fb581
global_step=262128 | return=-48.84 | steps=46 | track=a1be0f0c1eacd103ee6fbe6e7cbd628b
global_step=262144 | return=-107.78 | steps=89 | track=944b7c9ed74baf1bbc687592991e2b77
global_step=262144, SPS=66
global_step=262224 | return=-138.58 | steps=131 | track=c56af26ee72f070cb29a9e64a6a43f84
global_step=262320 | return=159.52 | steps=97 | track=25d7e2c62f13081dca8c68e2d8e98324
global_step=262560 | return=-149.46 | steps=131 | track=d0c6848cf98f4b2e8b4b9cc5a5277045
global_step=262672 | return=-42.32 | steps=49 | track=c0c18dfc83de957041773ee13117ed4c
global_step=262800 | return=-122.55 | steps=153 | track=a12b39bd61e635405da5609b2ec29e33
global_step=262944 | return=-69.33 | steps=143 | track=91518aa5896113e581034d890acd1b01
global_step=263104 | return=-20.63 | steps=80 | track=af12c39753b60856809b9046cbef3e06
global_step=263456 | return=40.09 | steps=81 | track=6a8aac9619b5a342d19ffd15d07af06a
global_step=263456 | return=-147.80 | steps=131 | track=716f63411315fdf95ac3d10ea8b345aa
global_step=263568 | return=-52.34 | steps=90 | track=5f907654cfc3686d1815132f230d39c3
global_step=263632 | return=-138.82 | steps=130 | track=c94f46d7aa5ad0e1caff73da44a98dff
global_step=263712 | return=-12.81 | steps=64 | track=9eae008e6a71259b971aa8aedfbbbad3
global_step=263808 | return=-92.17 | steps=164 | track=8fec8be8e517778748650c94fb1e8648
global_step=263936 | return=-169.25 | steps=211 | track=02262df5a99fcc3b3135adfecbf7b233
global_step=264096 | return=-83.19 | steps=144 | track=d1e3af82a7c290914759dbc83c0c4575
global_step=264240 | return=-134.67 | steps=131 | track=57d85fa70161b108e56402cf34d70102
global_step=264336 | return=-147.90 | steps=131 | track=b88d1d8a7ae29526f54d90b3141c270a
global_step=264416 | return=-5.32 | steps=100 | track=6e7555960621ea712b7f425a3e3e1239
global_step=264432 | return=-147.47 | steps=131 | track=a41fb07e3678aad045229e95b09ce66b
global_step=264544 | return=-113.45 | steps=99 | track=ffe459d79c38fb01baba46d5abedee6a
global_step=264672 | return=-156.91 | steps=131 | track=bd82785b324835c6770f65a9a3358438
global_step=264896 | return=4.94 | steps=258 | track=748abedac8eb57c20a6807206ad00505
global_step=265088 | return=-21.54 | steps=61 | track=8fd6c7f65ec1c3cbca8ef258a2e8029a
global_step=265184 | return=-130.18 | steps=91 | track=a6ecf52467cc4a8644100cfdf17cff75
global_step=265216 | return=-145.47 | steps=131 | track=5ce6edecf7aa59eb531e1f95212d1e63
global_step=265568 | return=-156.52 | steps=131 | track=19810bec08748b798bf22ce30fb6ff4c
global_step=265568 | return=-144.13 | steps=131 | track=29f727476766b3be1e1bd08bbe1cd1c9
global_step=265680 | return=-140.54 | steps=131 | track=1219e08671be8e9f60ab234dc1bfa46d
global_step=265712 | return=-104.81 | steps=91 | track=8dfc6dff864a9f910bf90a95e333e670
global_step=265744 | return=-133.20 | steps=131 | track=787dc2ba611abfd607485a15ce9e0671
global_step=265920 | return=-146.73 | steps=131 | track=15dd8b8b0832537b52e463e650ade525
global_step=266048 | return=-140.41 | steps=131 | track=c06a26ff8c7345b811d3a12037c0ecff
global_step=266144 | return=-0.44 | steps=65 | track=eee2a1289b64ff4244681fa9d045e8fd
global_step=266464 | return=-94.18 | steps=119 | track=0edd43b882e2ce6205272c0f5ab5a7b8
global_step=266512 | return=-160.20 | steps=130 | track=07a1ea7d6d0be080328cf8d91854630f
global_step=266528 | return=-147.36 | steps=130 | track=451490fd7fa15ba4722dd2e4325b5b4c
global_step=266912 | return=-123.61 | steps=107 | track=ab05c46ad2350ad134725d303d077eb2
global_step=266960 | return=-11.51 | steps=163 | track=a6e202e7296da9736e201ad9b1b7a841
global_step=266992 | return=-111.73 | steps=110 | track=2a6402b9728038237c404879439a3ae1
global_step=267008 | return=-141.01 | steps=131 | track=d4716d12f27c055709c174fdfdaf03cd
global_step=267168 | return=142.11 | steps=69 | track=4f2f751a4c6cc1d736f2e716b392fe2b
global_step=267184 | return=-100.53 | steps=89 | track=f593ad2740123824ad51e1d175a6ab7d
global_step=267248 | return=-111.05 | steps=104 | track=84dc7e6334326458cb8b9b9677dfa438
global_step=267296 | return=-60.21 | steps=47 | track=e1923b7746f07d78df167960daa27eac
global_step=267456 | return=-107.59 | steps=173 | track=40b41eb568c5977fc46c4952dc98eb76
global_step=267680 | return=-109.49 | steps=122 | track=444e8f63c518f6d7c56eae6e1d10efce
global_step=267792 | return=-150.34 | steps=131 | track=b3c404dec4f993221778a51a21194fa3
global_step=268016 | return=-24.39 | steps=152 | track=4e489f24e5a1537d231ee6c774bb2ca9
global_step=268576 | return=-51.07 | steps=100 | track=2b63e0c74318d41272f0b007dc673d77
global_step=268576 | return=-147.40 | steps=131 | track=6d7433ae0da31619214a48d33377c932
global_step=268624 | return=-139.09 | steps=131 | track=bf17ab071b21bdecfb34c38b6472b8ef
global_step=268928 | return=-34.66 | steps=173 | track=a35954c3df8e8a426bed84c6754c13b6
global_step=268944 | return=-105.30 | steps=102 | track=41e36af68de785cfd5a709d02dbb4b30
global_step=269024 | return=-143.40 | steps=131 | track=e13d3406c9206df1bc38079b9c553452
global_step=269088 | return=-143.60 | steps=130 | track=a49ce04dc91e5e7280b87c575ae739b7
global_step=269120 | return=-146.55 | steps=131 | track=e140afaf5130d81224fd22e43167c518
global_step=269360 | return=-146.55 | steps=131 | track=28764eca8f107f4d8cf00aa9c7a80327
global_step=269456 | return=-26.21 | steps=220 | track=d985d1bc912d5a52d08edf8f1e854b04
global_step=269568 | return=-142.48 | steps=131 | track=1e615ebd3a47dcebebb2bd68e74df05a
global_step=269616 | return=-37.65 | steps=151 | track=d6b3c63dbc766a040eeb901dae03bfae
global_step=269632 | return=1.29 | steps=65 | track=1bf06e48dc5aee2e087e95372ae4199e
global_step=269792 | return=-150.81 | steps=131 | track=b1e40a394cbf1ff4a35aecca2ae0ae6a
global_step=269824 | return=-107.13 | steps=165 | track=db923d94a99c5261cace26186ed630f3
global_step=270048 | return=-89.73 | steps=88 | track=95c3cbbe847510979c61b78668d63078
global_step=270080 | return=-2.92 | steps=142 | track=6d6fdd734b48505704c69e7d07d965c9
global_step=270128 | return=-119.01 | steps=131 | track=ce0990959b03d8ae7d8f791694e86149
global_step=270928 | return=-56.00 | steps=84 | track=094bbf069c6677657ff278d7b42dd2b1
global_step=271040 | return=-164.42 | steps=130 | track=acb38e67f0c9659af25d90763985e833
global_step=271040 | return=-143.78 | steps=131 | track=5d55b533332184edf4ccbd3d8f471bd3
global_step=271136 | return=-138.72 | steps=131 | track=129428ff29de746437cd31edb5fc7371
global_step=271232 | return=-134.93 | steps=165 | track=39e71c52fe28c16bdc976543d4065d26
global_step=271360 | return=-77.37 | steps=139 | track=26423521064cef7e163363b662b4f9e8
global_step=271472 | return=-141.19 | steps=131 | track=645d7e377dfdbac1c6cf78594661791f
global_step=271568 | return=-133.20 | steps=131 | track=0ca21d984712d469bf45b6c413ff2f50
global_step=271728 | return=-143.26 | steps=131 | track=c7a608970e7f1eae5c09e1ea5f922ae1
global_step=271888 | return=-151.32 | steps=174 | track=68f023c7f52db30e665fb964df8274b9
global_step=271936 | return=-143.59 | steps=131 | track=6809eb55d780267fe648a71e8d0bb38d
global_step=272128 | return=-61.01 | steps=155 | track=c03b5ccc2a3d380f2a93b613cd35eb4b
global_step=272144 | return=-148.39 | steps=130 | track=fd5bfa1e1be5cad8586adb0e4283b683
global_step=272192 | return=-129.64 | steps=131 | track=f9cdce7029bcdb8d9204c69405a33b9e
global_step=272464 | return=-17.07 | steps=61 | track=3f28b5a1af466e9b6c733e6e654ff92a
global_step=272544 | return=-53.22 | steps=150 | track=fdfcd94533b3d7802be71f997156cbff
global_step=273040 | return=-162.87 | steps=131 | track=3a191395f7f00c48d6428e101dddedce
global_step=273056 | return=14.59 | steps=69 | track=b4cfd792b6de7cbdae7b94f74c0b51c7
global_step=273152 | return=-142.13 | steps=131 | track=1acf324e2bd5499f60291665c5126594
global_step=273152 | return=-159.97 | steps=131 | track=62ae2f8537e2874c8d13e25ef50e64ec
global_step=273168 | return=-21.12 | steps=64 | track=af93a2e6b4975c0033aabc6bf31c333b
global_step=273248 | return=-136.13 | steps=215 | track=cb8dfe63dc58c4ced55f9407b925186e
global_step=273248 | return=-142.00 | steps=131 | track=e6a21b0879e1e1a3471dcca80f10535b
global_step=273312 | return=-116.80 | steps=98 | track=eec5825e16fb748bfcc692806a7c1318
global_step=273328 | return=-86.97 | steps=130 | track=6a70f388ffbefef6caa27cb5fbd5b214
global_step=273600 | return=9.68 | steps=65 | track=3027a0e3e12a0d6b7d537a7680d767fb
global_step=273808 | return=-122.14 | steps=100 | track=ef41babfebd5bbe3ef526a057c78fa7f
global_step=274016 | return=-22.28 | steps=60 | track=ecad42ae865963b518bef8ec9a467bb7
global_step=274256 | return=-138.46 | steps=131 | track=98a53d741317d727602595950f90103d
global_step=274288 | return=-4.79 | steps=70 | track=44000aed8212dd6e0ec1ea26cf96a0a7
global_step=274304 | return=22.02 | steps=71 | track=6c5476867fc4f01f1408e41f049fa169
global_step=274496 | return=-52.76 | steps=42 | track=000c46233995331b32d2a636199afc63
global_step=274512 | return=-30.76 | steps=196 | track=61f8e7221537c6f1dba64a4eb3cba9a1
global_step=274528 | return=-74.11 | steps=164 | track=68a997f2b82e3713d6e52c80582e4852
global_step=274576 | return=-147.25 | steps=131 | track=7c15edc58683651691550a9f46b64152
global_step=274896 | return=-124.39 | steps=107 | track=58767a88f413cfe5a939c3c8271de8e7
global_step=274912 | return=-178.29 | steps=208 | track=31d0c1075cc620a60e88f2025015f36a
global_step=275152 | return=-139.88 | steps=130 | track=fb69fe2ae024fb2f6d6aff57eb801ba5
global_step=275360 | return=-149.75 | steps=131 | track=a80a454e9f6407f735d935c3c4b0cedb
global_step=275360 | return=-139.47 | steps=131 | track=5b5412685f1c968a72a1cd96bad6005c
global_step=275520 | return=-100.22 | steps=136 | track=d36c62d57155ad434da61c9bf51c3996
global_step=275536 | return=-105.84 | steps=138 | track=3b8f4172e20ab61e511843fb0cb7502d
global_step=276144 | return=-100.20 | steps=101 | track=05d621e1858caa7b63fdfb17367362b1
global_step=276240 | return=-92.31 | steps=138 | track=31ff28629049d8c2b119ad82f56cad32
global_step=276240 | return=-63.82 | steps=121 | track=adef55e2ec15e03ae6639461502c0b7a
global_step=276368 | return=-137.59 | steps=131 | track=7db9fb6b9275cf57192fa3f1822691bd
global_step=276368 | return=-10.67 | steps=62 | track=b92c517797aba288056eec9aa3127c0e
global_step=276416 | return=-135.75 | steps=131 | track=eed6cde8f556787cfa87dc611c36a64a
global_step=276608 | return=-131.99 | steps=131 | track=70fb13b8569d292c92280d495b8fc488
global_step=276640 | return=-140.46 | steps=131 | track=180c92096729978d8099deda2bffefea
global_step=276688 | return=-152.70 | steps=131 | track=0c8a9c49eed47128d474f98ab9f8c279
global_step=276752 | return=-180.09 | steps=196 | track=2af2bfd6652398c1e89543218fbef9dc
global_step=276848 | return=-64.51 | steps=43 | track=d307336c50e7b6eacea936174de47b06
global_step=276912 | return=-111.20 | steps=96 | track=3a2fe418aff928cf9a7297888393a00b
global_step=276992 | return=-151.17 | steps=130 | track=342b9e084eec9a01d967f88a19031805
global_step=277008 | return=-147.80 | steps=130 | track=d4f41f9301a8bab4509de4c601b8bd46
global_step=277184 | return=-30.62 | steps=58 | track=3e3daa451a3a232fbc916bdf1a4b343d
global_step=277472 | return=23.31 | steps=68 | track=6427ff6bb534d76103edd90dadb73555
global_step=277616 | return=-109.40 | steps=130 | track=615abb883a25b3ff8f4ae548a5c196b3
global_step=277648 | return=-145.60 | steps=131 | track=0f82394fb453ea43d5c4e46aa345c067
global_step=277696 | return=198.11 | steps=65 | track=e5ad101457e2f0b48d76853961222df3
global_step=277744 | return=-33.53 | steps=65 | track=0374d5d0a54dcc101efab856b24c4c22
global_step=278480 | return=-140.13 | steps=131 | track=5fec8167af47d8e0e50a36d367efa9df
global_step=278496 | return=-44.00 | steps=93 | track=101572c7eea7050b30c8af27f7e59094
global_step=278528 | return=-139.75 | steps=131 | track=0f682bad3c989174e783799db4705272
global_step=278528, SPS=66
global_step=278720 | return=-136.25 | steps=131 | track=a9c13af16fe323f947e830a8cc8f9795
global_step=278848 | return=-137.28 | steps=130 | track=67c5dd9705566c8674ec64c5804050d9
global_step=278960 | return=-144.36 | steps=131 | track=ffb720abb2e2fa69ed3e3a0d33fdd5a3
global_step=279024 | return=-140.24 | steps=131 | track=c5f4d12394aecf75b928a7be3b0b3e5f
global_step=279120 | return=-140.34 | steps=131 | track=cebee201e7867ad837960917353cd8b8
global_step=279296 | return=-138.48 | steps=131 | track=67316b27f6df4fd7db02b8eb072d570a
global_step=279392 | return=-82.16 | steps=264 | track=2ec0c416c3c75266a5d04474a9f7d18d
global_step=279584 | return=-137.43 | steps=131 | track=cefeb29cb669427fd46ea35629bbdd6d
global_step=279728 | return=-161.72 | steps=131 | track=3d57e7aea145ba93fec3bbd044019f6b
global_step=279760 | return=-135.30 | steps=131 | track=18fd251da1ae61253fc3fe7ee392d369
global_step=279808 | return=-146.50 | steps=131 | track=9877f7d80827ddda01f0dd0c4dba3d1e
global_step=279856 | return=-142.98 | steps=131 | track=41b7e1ece356828ca23f8a31738690ca
global_step=280000 | return=9.05 | steps=64 | track=fb407a444d6859d493f2cc5c0450e56c
global_step=280400 | return=-44.20 | steps=41 | track=318143b48bf7fec09faaa62954ad2dd8
global_step=280576 | return=-152.00 | steps=130 | track=c7c63b42733d5771c23f3fbc14437485
global_step=280608 | return=-133.18 | steps=131 | track=1c3963c39a3ec5393dafaf770264a8f9
global_step=280640 | return=-148.77 | steps=131 | track=1550f8d27bba3077e54bae11224ec578
global_step=280672 | return=-139.75 | steps=276 | track=26a7c15c48badb75440209f66c5d3453
global_step=280960 | return=-114.82 | steps=131 | track=a4590f4e8edac668c3d05eb7d419e2f8
global_step=281056 | return=-112.59 | steps=109 | track=ee717379ffce28e07e4fb5480c869d87
global_step=281120 | return=-149.19 | steps=130 | track=915ecb86a13b263b0b90245e0efea946
global_step=281184 | return=-30.05 | steps=153 | track=62201255de523cd962f71b5d22af4786
global_step=281504 | return=-134.13 | steps=131 | track=2c3724a5d5443c75440c83e9e6b02393
global_step=281552 | return=-70.11 | steps=151 | track=6ff4c3cbdface99a966866b62f739089
global_step=281872 | return=-139.25 | steps=131 | track=4bd9df2fc3eb74c6f0a1b668aa02e80f
global_step=281920 | return=-147.91 | steps=131 | track=ed6721530da77936bf6d44161790f8b0
global_step=281968 | return=-142.41 | steps=131 | track=fb94f0491ef1ff86561d02f86a73ffb7
global_step=282048 | return=-116.40 | steps=102 | track=f24d19612f2508ed48f3e3ae46086adf
global_step=282112 | return=-163.28 | steps=131 | track=60c3987158b365609b067f1122812ad8
global_step=282272 | return=-126.95 | steps=167 | track=d0fa41f14a2a2f00d103f1ec0baff9a5
global_step=282544 | return=-66.33 | steps=41 | track=dc345a74cf126fe499a5121ed2dee6fa
global_step=282592 | return=-76.01 | steps=91 | track=aee901e471f07a513f56b3fc96a9a6fb
global_step=282592 | return=-51.94 | steps=87 | track=d9a6757e6091e2e6ac0aeaed9b86d487
global_step=282704 | return=-149.14 | steps=132 | track=e9d9ba4312329fa5abad6901864ac79a
global_step=282720 | return=-158.17 | steps=131 | track=cb1ed076aadf42367ca23092323e7e91
global_step=282768 | return=-147.94 | steps=130 | track=d778353b432213e569d4f66cea1f7cb0
global_step=283072 | return=-144.58 | steps=131 | track=d49a5a9b6f55033567df0bb91255ea6a
global_step=283152 | return=-151.36 | steps=130 | track=b63d3bcbea1451d10e2e005b84ba95cf
global_step=283440 | return=-72.77 | steps=45 | track=158266a63005ee86b8071eb672112304
global_step=283488 | return=-27.79 | steps=75 | track=f5dfe870ea6c03d0d5acf220029a1f1f
global_step=283616 | return=-141.69 | steps=131 | track=a08b33bb936e7d9991f78c6a652ea79f
global_step=283648 | return=-142.39 | steps=130 | track=b88a56a740e2fe3e6a18527e81e8e4f2
global_step=283728 | return=-130.91 | steps=109 | track=d9bfee0b1971ecc2dfc070b11bfdfec5
global_step=284032 | return=-145.80 | steps=131 | track=58456ffa0696db9e29ed6f2e6f2f654a
global_step=284144 | return=-150.20 | steps=130 | track=03aa3a036ac419bcdc84adbd919c4900
global_step=284448 | return=-53.36 | steps=237 | track=0bc91162fb06716244d06e1b0da7285e
global_step=284528 | return=20.97 | steps=85 | track=0efc5e67c9dff2d39a524ab304670124
global_step=284656 | return=-131.49 | steps=131 | track=7ed724d568e6f314baec3763f5f59b56
global_step=284688 | return=-141.21 | steps=130 | track=9781693f191335803fb417840e0ce6e3
global_step=284688 | return=-153.17 | steps=130 | track=68fa599660a8773f3105e4a624a44089
global_step=284800 | return=-99.53 | steps=129 | track=1f5b4ee4b29bb8cb6987d9312a467ebb
global_step=285168 | return=-68.07 | steps=94 | track=8674d694ac5a71be2b26c4479a95ee18
global_step=285168 | return=-137.51 | steps=130 | track=1a8be3b123e27ca43abe205759fe668b
global_step=285248 | return=-98.83 | steps=94 | track=51c81e0123672a12e8856591591938ae
global_step=285472 | return=-77.81 | steps=48 | track=bcab2feeec85650ece6c93acc7aaf061
global_step=285472 | return=-153.05 | steps=168 | track=15d5eb2687a1b0334b5b1426cc2e361c
global_step=285536 | return=-138.58 | steps=130 | track=8aa3a0f1e089e5ae6123cd4a7bb7e597
global_step=285584 | return=-89.46 | steps=70 | track=f4a48cf7dff5024da57795544d73b8cc
global_step=285600 | return=-151.91 | steps=131 | track=4cc72c083b6261ba79c1bcd9bb5ff51d
global_step=286128 | return=-151.75 | steps=130 | track=cc8898c0bb58032308f3ec600a775dd8
global_step=286272 | return=-167.39 | steps=259 | track=f3ebeedf9ddc8d1de9e224c11719b6d8
global_step=286288 | return=-64.75 | steps=42 | track=134c5a2aabd79b8cb56564f5c589d1cb
global_step=286400 | return=-77.74 | steps=140 | track=5ec52b41d1bdef6d8dd0deae6e686676
global_step=286624 | return=-151.92 | steps=130 | track=38f4db401d7b26bc0739ebffdc326064
global_step=286752 | return=-143.20 | steps=130 | track=3b0940c08d9ff355a24a6cca4d814513
global_step=287024 | return=-96.45 | steps=138 | track=6007002de77fd9533072ab61e251ebda
global_step=287136 | return=0.70 | steps=52 | track=a46af6e08a61121ed7f7a608a4420c62
global_step=287280 | return=-131.02 | steps=131 | track=cae86860aa0f27f4fd80af953b1b06e6
global_step=287280 | return=-137.47 | steps=131 | track=075f5879123a27932b3c82fea0739e13
global_step=287328 | return=-107.15 | steps=164 | track=601d3643ff4bad7d4dd2a539f06ac7b7
global_step=287344 | return=-138.38 | steps=130 | track=22c8b6a0be4d6cd61bb79f0ec9518ae6
global_step=287408 | return=-191.56 | steps=236 | track=bf82408556bd2fb140ecb5f8b58275fa
global_step=287584 | return=-141.90 | steps=131 | track=b57e4ae924132e7de667aa772ec4a051
global_step=287584 | return=-135.47 | steps=131 | track=e14ce53abae488ac6f844a75ca078d41
global_step=287696 | return=-126.13 | steps=131 | track=ee310941afd4555f8f9e1837436fcd83
global_step=288000 | return=-71.45 | steps=153 | track=35860947c708a6ffd6139cbda10413df
global_step=288512 | return=-136.25 | steps=131 | track=addbfd03c4d84197fcd278c0762d1c89
global_step=288640 | return=-86.08 | steps=156 | track=147ef4362f2b7e02ff2ee47f641718a2
global_step=288688 | return=-81.67 | steps=150 | track=8a0f12ab4e48d1246742e1de34f7582e
global_step=288736 | return=-144.41 | steps=131 | track=7f4aae139457438f6656c42b92c7ef2a
global_step=288752 | return=93.40 | steps=72 | track=505f79ce28f0589262b5c35c34362ceb
global_step=288800 | return=-125.01 | steps=94 | track=5c1d6d048c94e37c4da1da90091175bc
global_step=288800 | return=-102.45 | steps=90 | track=d5400d0890141ac371e384cb466fab72
global_step=288864 | return=-146.34 | steps=131 | track=8a03ad2dcef0293c54a16defa4c156db
global_step=289120 | return=-129.94 | steps=130 | track=5ac2921eb6e8a2611a4cd4d519345000
global_step=289408 | return=-109.44 | steps=129 | track=9d9c84aa118dea75134bd284f9daa84b
global_step=289472 | return=-89.83 | steps=145 | track=1a3c62a1c1b5b6e6131a3b2b009a9be4
global_step=289520 | return=-144.77 | steps=131 | track=fd594bdaf19f122061b0c3dd27d685be
global_step=289600 | return=-71.48 | steps=45 | track=3a4330b0a1800040b038e3a0a9c0b6dd
global_step=289616 | return=-54.93 | steps=54 | track=732f436b9aea128c763f7c4cf0e73684
global_step=289680 | return=-140.83 | steps=130 | track=fae1455ecc414b6c60765217a9975adf
global_step=289808 | return=-136.24 | steps=131 | track=0d6cdafcc643190d05cfc343c021e94e
global_step=289904 | return=-63.55 | steps=86 | track=2022416d528dc00881fc42c6cea9c0d8
global_step=289920 | return=-26.87 | steps=79 | track=e0c8ec4b158045512d71b514e6b5d3f5
global_step=290112 | return=-132.70 | steps=131 | track=fa29db4e98c49a24f34161ddb3442c80
global_step=290464 | return=-61.44 | steps=103 | track=3a7a15963845cc8522797abc97713762
global_step=290576 | return=-63.80 | steps=47 | track=173d86156e607d001152e269b4ddc009
global_step=290688 | return=18.27 | steps=67 | track=42f31f4a7bca8a0967f110be01b20ac7
global_step=290720 | return=19.60 | steps=64 | track=a210f00598cf3cbe5b99d20e4ef0239d
global_step=290752 | return=-131.21 | steps=216 | track=905230126653db404f97d80a1a9976ce
global_step=290800 | return=-139.80 | steps=131 | track=e155b21d8fd8c871c54be5fea18ca2c4
global_step=290928 | return=-71.33 | steps=94 | track=72813b0d8d084ae434018474316552cc
global_step=291232 | return=-130.94 | steps=131 | track=1d133e16447c9b0557322087c8de46ac
global_step=291248 | return=-51.73 | steps=152 | track=c8a1c29bb78acb9f0a2c75bcbf3999df
global_step=291360 | return=-113.25 | steps=108 | track=5de1cc15c97aa3e57ed18b5940835293
global_step=291392 | return=49.67 | steps=164 | track=f6e4423c4c71c4711f37a531bea4a9b2
global_step=291568 | return=-73.25 | steps=68 | track=522f824f38eaa756795e79f024761fd7
global_step=291584 | return=-151.89 | steps=131 | track=56a938e498e3876a7cbe5c44a2a90447
global_step=291632 | return=-137.19 | steps=131 | track=5af7f863d0a575a2c50b778d087ab02d
global_step=291824 | return=-7.47 | steps=63 | track=dfda1f0aba5b0516c78eedcd53dc7f91
global_step=291920 | return=-20.99 | steps=61 | track=be3ff4ef6d3789125581b38c5ed02040
global_step=292224 | return=-148.41 | steps=131 | track=a64b75e054c2e8119124a71c5ed86487
global_step=292272 | return=-6.82 | steps=64 | track=fdd2900aa8e7b2b4cd38d5641c52cbca
global_step=292592 | return=-47.66 | steps=41 | track=c586326e2a9516c4308a446e843c798d
global_step=292688 | return=-149.19 | steps=131 | track=4311857ee99d1e1be26b8f536c9ff82e
global_step=292800 | return=-144.50 | steps=131 | track=3fcf267964ff89dd94824e3a2716e100
global_step=292832 | return=-140.72 | steps=131 | track=bea044bc0c6ed13e18977d2c88e30478
global_step=292848 | return=-138.11 | steps=130 | track=d8f541dbbb2f72641f90cc5a05a0e933
global_step=292928 | return=-123.91 | steps=188 | track=8580b2469a553b2734703605f04b2483
global_step=293200 | return=-30.27 | steps=60 | track=5173587331ee5dd8629e6174fbfc5c28
global_step=293312 | return=-11.25 | steps=64 | track=c60879dc58979e04b8f8c0a2b9f16df6
global_step=293312 | return=-93.20 | steps=211 | track=25f2959fe63d1528ebb62945a7530632
global_step=293344 | return=-146.13 | steps=130 | track=c577c7ed62af528bc7b96d46239c0afa
global_step=293472 | return=-148.61 | steps=131 | track=43b759ff181c089d7503686a7ab6b90e
global_step=293504 | return=-151.78 | steps=131 | track=fa873937e5430fe58731e586bc8f0815
global_step=293696 | return=-137.47 | steps=131 | track=88305d20f47c83d0b4dd6ce291bd27ea
global_step=293744 | return=-139.51 | steps=131 | track=b648947d04585eba290ffa9877ae3edd
global_step=293936 | return=-114.60 | steps=131 | track=fd5a3422bba08b936c4bf3e2e0eb6682
global_step=294528 | return=-66.68 | steps=120 | track=7e6216bbff3a415100e33817c6f4e687
global_step=294800 | return=-145.91 | steps=131 | track=d7f0fce4a3c4fc0b6c126b41234b9ffa
global_step=294896 | return=-82.26 | steps=105 | track=225a7dc84eea586dc8c58950d6a95060
global_step=294912 | return=-137.47 | steps=131 | track=bb626ed31439bab93dda0a5a305daba4
global_step=294912, SPS=66
global_step=294960 | return=-161.21 | steps=131 | track=64caa0d698300bf9e75186cb773e2b76
global_step=295040 | return=-143.25 | steps=131 | track=ab10bf2c2c6f81981653b38ed9244cfd
global_step=295168 | return=-166.82 | steps=224 | track=2065c3832bf85e2d5b3d9874a08210f2
global_step=295424 | return=-140.25 | steps=131 | track=a66bbd7d5c5da12dbfa5d091b3c0a8b9
global_step=295424 | return=-116.50 | steps=131 | track=e5ef5c6a92c3544065daed597e6104f5
global_step=295456 | return=-138.46 | steps=131 | track=23f4950ac7e10cf5fef61a2ab4144a65
global_step=295488 | return=-144.81 | steps=165 | track=5a66516e654b44729bbb10322dfeb710
global_step=295504 | return=-46.66 | steps=97 | track=bf9a5798359d1b8f36c3945e5f726483
global_step=295584 | return=-149.59 | steps=131 | track=86abbb176094d173ebf906862cb3eb7a
global_step=295616 | return=-138.46 | steps=131 | track=81c5635e2bd06eccb9a658e640171fd5
global_step=295808 | return=-145.19 | steps=131 | track=f314e791d9b92c0a6a9f42040e4efd6a
global_step=295856 | return=-147.91 | steps=131 | track=5d508bc3ea6e4c7f3199093b9647e08b
global_step=295936 | return=-28.44 | steps=47 | track=6ed2a16648f84092c6fb95b39d43eaf8
global_step=295952 | return=-63.06 | steps=88 | track=e205db008f05180eed59c7da4c34ab8f
global_step=296128 | return=-76.91 | steps=39 | track=f084a6ca29a18c1794bd00b67d07895f
global_step=296176 | return=-65.22 | steps=44 | track=1a8bf1ec27cf2ab3e9ba316a684aa051
global_step=296560 | return=-25.31 | steps=60 | track=ed48d3896edf6a2545f66fb35aebce71
global_step=296688 | return=12.67 | steps=66 | track=7eecaca337f87ec93036024281b9b205
global_step=296912 | return=-59.99 | steps=45 | track=aa55222bb3610bbf9bb122fdc4012a02
global_step=296912 | return=3.92 | steps=68 | track=bd1049c277e08530bc4ea511fd790d50
global_step=296912 | return=-151.82 | steps=131 | track=030bc6805e95c065c58373fc8861ee9f
global_step=297008 | return=-128.81 | steps=131 | track=3acd9ef80deff1afffb6b3578e54d72e
global_step=297024 | return=-148.01 | steps=131 | track=ce93a0d7284fa5ca5576924b4141257b
global_step=297072 | return=-140.54 | steps=131 | track=eb6bc67fc34906d2ecd36c8c9d125bb0
global_step=297536 | return=-136.36 | steps=131 | track=2f39bf0a5732591761e618bab557b87a
global_step=297536 | return=-143.28 | steps=131 | track=f932e48679ef88272c7b828172e93851
global_step=297616 | return=-137.58 | steps=131 | track=0e6e6225f7ad5fbbfa0ba4081bf8ef17
global_step=297952 | return=-152.00 | steps=130 | track=649d77eba2f63ef65f12ee857a818542
global_step=298048 | return=-139.90 | steps=131 | track=d80057834767d8e0b6b22a63e77d7fa7
global_step=298064 | return=-151.25 | steps=188 | track=0e1fd3e462cf86648a0318c85e307c92
global_step=298160 | return=26.50 | steps=71 | track=11c25b2ffc6d9928967929885c7ffd73
global_step=298432 | return=-77.25 | steps=154 | track=0b388db12d366f306815fa3edf504773
global_step=298512 | return=-38.16 | steps=148 | track=e45f7e30763b6e9821a314d638852771
global_step=298624 | return=-73.87 | steps=120 | track=bec47620c8274050925c5f4700fe479d
global_step=298672 | return=-147.25 | steps=131 | track=0d4003393cda8c94768ea7d96597bcc0
global_step=298736 | return=-50.51 | steps=48 | track=e34086776c99413ef25d934a1bd4155e
global_step=299008 | return=-110.63 | steps=130 | track=667bc37ddbf17312389b5171d5b6c9be
global_step=299024 | return=-141.19 | steps=131 | track=0ae9f6959ed1df8f8e6719224b630044
global_step=299024 | return=-138.77 | steps=131 | track=eafa5786ee84f9ce488fec449b218c63
global_step=299136 | return=18.17 | steps=66 | track=5896a983951443fe9823240a4b68d2bd
global_step=299136 | return=-144.61 | steps=131 | track=51f11c0ecebec07d594f34ff8d8babe1
global_step=299184 | return=-154.72 | steps=131 | track=b16b547f8f993065d1527fad0bd4f9be
global_step=299424 | return=-67.08 | steps=42 | track=3a68555bf622fd1a12641f1fe5f6f409
global_step=299648 | return=-140.24 | steps=131 | track=b1d5e83e424211a17c40ee0d57e1a194
global_step=299712 | return=-77.18 | steps=42 | track=5c9419cc6991e1477095be394d12a71f
global_step=299728 | return=-136.01 | steps=131 | track=409843a6bee4f79dd3e0a79b8859e4e0
global_step=300000 | return=-107.77 | steps=92 | track=88248677cda21c826b17e23fbd7837ea
global_step=300160 | return=-72.88 | steps=71 | track=1df4f47fee7d2ef3fbb27759a8debbf4
global_step=300160 | return=-148.13 | steps=131 | track=c05b2dfdb7655e5b8c606d1c349ad975
global_step=300272 | return=-138.73 | steps=131 | track=605461928d8d93723c68ea6c569cf484
global_step=300400 | return=-117.88 | steps=110 | track=fd3f76761b4e58da3e40bc0555df65b4
global_step=300496 | return=-4.62 | steps=66 | track=80b2ff8550425b17a07bc13c117a8d9f
global_step=300544 | return=-137.20 | steps=131 | track=6fad80115cb889e538bce22e949523c1
global_step=300576 | return=-51.59 | steps=89 | track=ee8eb353954b382f68a882a5d22c381a
global_step=300784 | return=-144.55 | steps=131 | track=98c88619217294f82eb961fbfecfca56
global_step=300800 | return=-66.47 | steps=103 | track=09b0f434d9d6a2e2e4e179be224fb237
global_step=301296 | return=-148.13 | steps=131 | track=35b71380e37588b650db15814a880001
global_step=301296 | return=-8.19 | steps=63 | track=98325efab52aeba482de7452b6549178
global_step=301392 | return=-38.22 | steps=61 | track=e63a2ae01f57d9a8dc05fbab536cb5d2
global_step=301424 | return=-109.70 | steps=105 | track=1e5879cdf6f633c5ef748189395b260f
global_step=301824 | return=-149.91 | steps=131 | track=72aef4f1b0ad42fc21f295bd58c81291
global_step=301840 | return=-194.71 | steps=268 | track=60aaa93bada5541256d53c93af6e358b
global_step=301856 | return=14.13 | steps=65 | track=73525c9856be90acdd525b9698df8a12
global_step=302112 | return=-147.28 | steps=131 | track=e4616b836d9fdb002ab5b92ee2e8edc4
global_step=302272 | return=-28.31 | steps=60 | track=39d2dbf017eaa8e75a2f5fe823c40096
global_step=302272 | return=-152.54 | steps=131 | track=c79721e68886d2651c1daec9a98fe8db
global_step=302464 | return=20.17 | steps=66 | track=9258905c3fe8c49127e79bc09c705b99
global_step=302496 | return=-98.44 | steps=145 | track=f2b7c9da84f7f002f7d8eed1e2b6cf7d
global_step=302656 | return=-129.30 | steps=131 | track=ecbb6d4e0c3b52ac08f8fd79833b4293
global_step=302848 | return=-93.35 | steps=128 | track=7021f65c8d84674e0ae6b60d59588564
global_step=302912 | return=7.13 | steps=67 | track=f4b004b6daaaabe755863383c11dafe5
global_step=302944 | return=32.22 | steps=67 | track=85d707c519e27091d697e1d7072e8d4d
global_step=303168 | return=0.01 | steps=65 | track=b6edbe2d8f08abcc670306decfbee52a
global_step=303408 | return=-118.13 | steps=131 | track=44c533152a1ad2f0b662ffe467b2f313
global_step=303472 | return=-127.35 | steps=277 | track=00ae86d7185bb0443b5fb250bd880c1d
global_step=303536 | return=-137.67 | steps=131 | track=b5d7e6ddef891f401639a544381dcb9c
global_step=303648 | return=-113.82 | steps=191 | track=1146e1d58863dc3835e1cdb7b7bde94f
global_step=303744 | return=-170.74 | steps=202 | track=081884edd9ad6e7113802bcb32099db5
global_step=303856 | return=-114.58 | steps=98 | track=27942a0f89b1bbe5401ac33eb26932f5
global_step=303952 | return=-150.81 | steps=131 | track=47224123e4a8c58b03be74cbb585ed33
global_step=304000 | return=-177.81 | steps=271 | track=35fee793791aa5aa6b453f5ead9bbdde
global_step=304384 | return=-137.69 | steps=131 | track=56251da3a644f8854c414d04e34b965f
global_step=304608 | return=-136.10 | steps=131 | track=1136d7ca7d97b1e797ca2549878e0973
global_step=304768 | return=-135.86 | steps=131 | track=7b9702672a2da16d08fea8a5c6963497
global_step=304960 | return=-152.79 | steps=131 | track=a38e56e6c0ae83be3907203326b7615f
global_step=305184 | return=-88.44 | steps=141 | track=f7669020974660a1c23ea1498083dc29
global_step=305280 | return=-138.96 | steps=131 | track=5bc79e44fc97dbabfc74e2b72bcd6e12
global_step=305408 | return=-111.22 | steps=109 | track=4b9468c0d8a2974734da8b23a9ee1ce0
global_step=305440 | return=115.16 | steps=185 | track=10966f0adf81d568209b647ba4b7bb55
global_step=305520 | return=-148.34 | steps=131 | track=7181d2294fd1ad1a4c7295ccdfe863b5
global_step=305584 | return=-141.75 | steps=131 | track=660654ee33bb5fe1270c58ea07d484d4
global_step=305632 | return=-143.73 | steps=130 | track=9b687f571eacfe8052b10d8c609fc10f
global_step=305728 | return=6.43 | steps=83 | track=10317541457e686f2d06f8acb85941bf
global_step=305968 | return=-138.81 | steps=131 | track=0965ed6e0510a7a829d1099cc0b987f0
global_step=306048 | return=-95.64 | steps=143 | track=d9b36b7c3e91720588024d79c546d4fe
global_step=306064 | return=-139.75 | steps=131 | track=f87aec1a93610690f4a431d817cd20f6
global_step=306112 | return=-150.76 | steps=131 | track=8f56b809a98a2836c3c0c812c0cc10fd
global_step=306240 | return=0.56 | steps=65 | track=08e65406f5443d6aa32c569dfe4307a5
global_step=306496 | return=-234.03 | steps=221 | track=28052683b983205ed2619ee02733ca72
global_step=306720 | return=-148.48 | steps=131 | track=ca91132577f38a2139c68b8ea705fca4
global_step=306880 | return=-138.24 | steps=131 | track=fe72019eb2d15b690d101ad288cce380
global_step=307072 | return=-141.03 | steps=131 | track=fdd1deda74ef6dbd7510ec72be6ed2fb
global_step=307200 | return=-125.58 | steps=111 | track=e88f8ae43ca8be7023220a51b9c0df15
global_step=307392 | return=-143.20 | steps=131 | track=c746748f34e73afc2187b742cf2e6930
global_step=307552 | return=-139.01 | steps=131 | track=7a9f475fd254a94b93c16a91d709788c
global_step=307632 | return=-146.61 | steps=131 | track=4927b0c0bf2140210933bac7099d4cd8
global_step=307744 | return=-112.51 | steps=131 | track=a2781742d9ebde11c9741c473f644c84
global_step=308000 | return=-31.38 | steps=69 | track=9b4b6e50f1224d9a4ce51556ddd9e2cd
global_step=308048 | return=-47.38 | steps=153 | track=ac3bc28adc1fd3a92a54ba961ee126ed
global_step=308080 | return=-142.46 | steps=131 | track=78c0779afd9f0dd86c7b5337d505092c
global_step=308192 | return=-21.54 | steps=61 | track=7dd9f8201331a16007fd638c6cda894d
global_step=308224 | return=-108.97 | steps=123 | track=e7fd7ab2a0c337a9d807c1673d38f947
global_step=308224 | return=-131.73 | steps=131 | track=984f2bfa9c09ce40b1f7ac48a4a85dbc
global_step=308496 | return=-16.57 | steps=152 | track=e7914df146290a20125e02b40c873101
global_step=308640 | return=4.91 | steps=67 | track=05268d9405a27448b75cb253e3130a78
global_step=308736 | return=-102.55 | steps=103 | track=7d8b4022c5c2d71cb359a087a3b5c33a
global_step=308736 | return=-30.16 | steps=42 | track=0011d4dda47d5ac9951ceac1c21aa040
global_step=308832 | return=-98.04 | steps=145 | track=848103b73ae3a1b74011a3c1115a8b6a
global_step=309072 | return=-105.17 | steps=89 | track=ad49702b97e44575729ce9a5f7ca631c
global_step=309152 | return=-154.43 | steps=192 | track=93310d034d00ba72f2b2be96d727972d
global_step=309328 | return=-34.08 | steps=51 | track=5ad2b8d9233103a999a5b045183936a6
global_step=309360 | return=-117.84 | steps=100 | track=6a5576e85828986b21be1abb2350e73b
global_step=309504 | return=-143.20 | steps=131 | track=1fe8e7b2da0a507eef0861d6fdc0378e
global_step=309504 | return=-161.29 | steps=173 | track=bd140e1554334c1869cf471b9d0db082
global_step=309712 | return=-111.61 | steps=101 | track=a3aa368a957677b5834d4f4e8b83a016
global_step=310112 | return=-147.01 | steps=131 | track=57b0b0172ab83f8893c101365cb649ec
global_step=310112 | return=-10.33 | steps=64 | track=e7c9766cdb0b7ce301546d68fed58f21
global_step=310304 | return=-140.61 | steps=131 | track=a6ef7a83bd9e2a3b43082815257a7167
global_step=310320 | return=-74.63 | steps=92 | track=f751b1263cdef1eec5f982d54f77517b
global_step=310336 | return=-143.26 | steps=131 | track=7cc2efc41fe656535cdfd70dcfc6f7ff
global_step=310592 | return=-69.47 | steps=303 | track=8ebf727c8d1160ee3954d23442d940cc
global_step=310752 | return=-135.60 | steps=131 | track=079b2aae427cb2db8f9704f37245841c
global_step=310848 | return=-144.34 | steps=131 | track=e57e4601f233d21412311022eb5e0ee5
global_step=310880 | return=-57.86 | steps=47 | track=2722711ae1b0039594a7c75da9a2b9c4
global_step=310992 | return=-97.84 | steps=172 | track=eba72afa933e31a73eea2aa701a29e52
global_step=311264 | return=-139.43 | steps=131 | track=c7569b105e58b15887df7e2052a4a01a
global_step=311296, SPS=66
global_step=311424 | return=-138.39 | steps=130 | track=0526d8489939c44d98f43fbcc5748357
global_step=311616 | return=-128.10 | steps=131 | track=5e5c69f4dc6f26111de00760d494f117
global_step=311808 | return=-146.20 | steps=130 | track=1b7ee5ef57582f2ab6e7eebc7059552a
global_step=312032 | return=-39.23 | steps=47 | track=8b37c103526519a37ab43748d55782fc
global_step=312224 | return=-161.93 | steps=169 | track=e06c0a7908deedb08aca5574cdbf327a
global_step=312352 | return=-102.81 | steps=139 | track=c3d273cbf515872c302737dc78c474e9
global_step=312416 | return=-142.41 | steps=131 | track=e1e65ead781c0f86e0b4079c34cc825a
global_step=312448 | return=-153.03 | steps=131 | track=871f8a2a7d2b06cfe9af6c994fac4504
global_step=312720 | return=-118.10 | steps=132 | track=55fa1edde985161349e29cd0043a5ebf
global_step=312864 | return=-144.35 | steps=131 | track=02c0b429d86955a8c6876956acafe3a1
global_step=312880 | return=-209.89 | steps=219 | track=e7237d8108deacfb66bfee0308164b78
global_step=312944 | return=8.17 | steps=70 | track=0acc1b034758934faf81ab64492a8a9b
global_step=312960 | return=-132.74 | steps=131 | track=1d40c3843bca5f07c036dfbdb9cfd603
global_step=312992 | return=-120.55 | steps=131 | track=518acf015babf2baeb3d84dfe7042d51
global_step=313088 | return=-144.24 | steps=130 | track=35f2e01d63a8f569d8647b47432933b8
global_step=313168 | return=-90.77 | steps=96 | track=5feb2a41fe3bb587704f9a3cf84cf1ab
global_step=313488 | return=-11.37 | steps=64 | track=1e378268402f829f32cfed142209bae8
global_step=313520 | return=-145.94 | steps=130 | track=a530c895c681d410083a42912084829b
global_step=313664 | return=-49.96 | steps=41 | track=085f2f3f50c4038df2deed6f9c6a374d
global_step=313888 | return=-202.19 | steps=321 | track=61918a19c98a8992e46e2c80722694dc
global_step=314048 | return=15.58 | steps=68 | track=720d065d0631a5f1fecfa286237e97ea
global_step=314112 | return=199.93 | steps=117 | track=af58420acf9fdda0421cd82347a3c922
global_step=314128 | return=-12.85 | steps=64 | track=e3840967921a65ede8f9d10ed2fd9516
global_step=314224 | return=42.12 | steps=65 | track=f5f2ec4dfec50f322370dc6353a11d67
global_step=314320 | return=-113.64 | steps=89 | track=f78c736e8fed48bc016457a0c849fa34
global_step=314448 | return=-139.08 | steps=130 | track=4bce8ed39d818b277076ef11e3143cd0
global_step=314496 | return=-10.71 | steps=62 | track=fcd3fb529caa9829680d96d1f437d6b7
global_step=314752 | return=-129.96 | steps=145 | track=d89bfef0cb3944d3af5543a83c174f99
global_step=314864 | return=-44.89 | steps=83 | track=f515ac98154c00534a608c123ce782c9
global_step=314976 | return=-137.67 | steps=131 | track=473ea7a1654294f0ac23aff389e02e12
global_step=315136 | return=-133.66 | steps=193 | track=3a9cb7277e60efe23134cf1cf1ffe007
global_step=315248 | return=-61.93 | steps=63 | track=074ace627a8570f45a2b7b56e290e083
global_step=315360 | return=-165.15 | steps=314 | track=c745ec50ce594233741d4b85ab955b03
global_step=315472 | return=-58.16 | steps=84 | track=1f2652c7914afb1dcc8fa182401c1c69
global_step=315504 | return=11.51 | steps=65 | track=dce9fdfc9d65ec4f86104332c8185ccf
global_step=315600 | return=-11.49 | steps=179 | track=e0a2fb4bd1e76e14a2db36b2f0706a8d
global_step=315696 | return=-110.93 | steps=102 | track=ec2d8741c49ed4cbcea9b21cf62476b3
global_step=316000 | return=-145.02 | steps=131 | track=d4b9133e5c70c91baed2dafa103ac110
global_step=316208 | return=-110.62 | steps=202 | track=50069d192b237e402d20957a43e83b67
global_step=316240 | return=-149.40 | steps=131 | track=fbb7f722eed6b00a8e642de8c664a7fc
global_step=316320 | return=13.19 | steps=66 | track=a4051effba00f1aa5a47c09e783b4bb5
global_step=316368 | return=-65.24 | steps=62 | track=bf85a85bb8f21e6e2ab2d2349b07f5a6
global_step=316432 | return=-113.68 | steps=131 | track=4c015878e6755b3003a68926ec300411
global_step=316496 | return=-10.87 | steps=63 | track=cad1889e10d2e0c9e618814536c30aeb
global_step=316592 | return=-153.97 | steps=130 | track=58dc0932937a4e9d9da167e13ba4dd66
global_step=316848 | return=-150.20 | steps=130 | track=e1defd807c6803954faa143a46e0805b
global_step=316928 | return=55.31 | steps=203 | track=44d9d2e2fdc48be9b689d52d2fb2dcd1
global_step=316976 | return=-145.80 | steps=131 | track=0647af99bd1a026a4873bacf2db05ead
global_step=317024 | return=4.68 | steps=88 | track=d97c4d9608f474d4377571911f3a999a
global_step=317088 | return=-138.13 | steps=131 | track=e32f93977176861e1cce528959f665fe
global_step=317312 | return=-16.48 | steps=61 | track=81a3b551ccf8101cf9919a36438a9b62
global_step=317616 | return=-60.77 | steps=154 | track=83279a41bae8ab4ede646b723392f7f7
global_step=317648 | return=-99.41 | steps=89 | track=4e5995b6adf8c93d8b269abb1f5b3202
global_step=317648 | return=-53.69 | steps=87 | track=dfb223121ddb0d15e1d393436c7f435c
global_step=317776 | return=-65.36 | steps=57 | track=5e5eccb2bc34d6878cba498fdd6c1feb
global_step=317792 | return=-112.06 | steps=130 | track=ba3ff3ead30ed1f15e686a1484d8b7d4
global_step=318112 | return=6.93 | steps=67 | track=7ee5ceba817f81a373c105da1e0f1430
global_step=318112 | return=-151.19 | steps=131 | track=e17369ce2390c786482bebde35cc0d00
global_step=318480 | return=-139.20 | steps=131 | track=4f41f76048a330b1b04cb6d369ac922f
global_step=318544 | return=-107.08 | steps=131 | track=a543e3ae7b11999906483aa8a37b7a14
global_step=318608 | return=-154.00 | steps=131 | track=545b58dcc788b04696ce6f5875b93e8f
global_step=318768 | return=-174.20 | steps=203 | track=4187cc35469db84465ee32849f7d76dd
global_step=318832 | return=-70.74 | steps=94 | track=8f2665e6836a269eae79041b2487a6a8
global_step=319040 | return=-139.19 | steps=131 | track=b7459d3955a4814156533d3e852cc46e
global_step=319200 | return=-138.24 | steps=131 | track=cd20b4999821bd7088d1aa19912f070d
global_step=319232 | return=-130.80 | steps=98 | track=518b84dfbffba4f6a9e991983bf5e25d
global_step=319424 | return=-61.87 | steps=152 | track=e3acc9cb03d586999b2bc29d23a5efb9
global_step=319728 | return=-152.24 | steps=131 | track=1a9775bbc0199d8e44d9ad0bfd566f36
global_step=319760 | return=-156.01 | steps=131 | track=a3785c83264b7835a58c99d97b9e8058
global_step=319824 | return=26.95 | steps=65 | track=a857563d099053caf2581d10a166c9b3
global_step=319888 | return=-135.20 | steps=131 | track=ffb35730712b39576cde22fe7aef47e5
global_step=319904 | return=-129.19 | steps=131 | track=02a2767d7f656b03f9f8edf6580ee16f
global_step=320080 | return=-2.87 | steps=64 | track=74add8100d3fad11f2e0b3be2e69071c
global_step=320224 | return=-150.35 | steps=131 | track=0f505f64bd84a017f4efdd06123f5fe4
global_step=320224 | return=-140.36 | steps=131 | track=663ba768de024fb1e4c599fa618558e3
global_step=320592 | return=-139.39 | steps=131 | track=7c40159102ec4e4e9a89d5f4cddbd292
global_step=320640 | return=-145.52 | steps=130 | track=4adc216b312398fe2f348cdc014b6a04
global_step=320704 | return=-94.62 | steps=91 | track=36c782994cc930587d7cc2a136b4937b
global_step=320720 | return=-131.73 | steps=131 | track=000524ca26d402bf6f7e929932ef58e7
global_step=320832 | return=1.24 | steps=68 | track=d57bcef7da6e8340aacd7337b0126184
global_step=320848 | return=-12.12 | steps=67 | track=ea2669df409ece2d78ad728ae6ff9f18
global_step=320928 | return=-142.35 | steps=130 | track=f3829e2aef9c48337cd46c071457c5b0
global_step=320960 | return=16.97 | steps=70 | track=ff44b8562272a66c3da726032fa1d8fa
global_step=320960 | return=1.94 | steps=65 | track=b5d9c490f7cd491ec356a5dd50c31deb
global_step=321184 | return=-27.03 | steps=68 | track=c3d919bad7449b568e8911d1b5f756a8
global_step=321232 | return=-14.79 | steps=62 | track=d378498d292f24ac6ab8fc408c7194c1
global_step=321296 | return=-155.55 | steps=130 | track=13fd9b9c7944005b5f173bd8156707c2
global_step=321376 | return=-110.59 | steps=92 | track=81233d363df6b5a3deaf380dd800066c
global_step=321520 | return=-72.79 | steps=307 | track=ef09c9649b0229983c1d394765ca3563
global_step=321664 | return=-58.68 | steps=45 | track=d4cf3f28ed2dff2f6a461ff68a04a291
global_step=321696 | return=-16.51 | steps=65 | track=c0e5edc6b40bbe6859a3e1f5622156ed
global_step=322016 | return=38.34 | steps=65 | track=4bd1104c892036780c99cc932b262cd3
global_step=322336 | return=-139.19 | steps=131 | track=075d7e6f85dc17d5fd0bfd89ad7de722
global_step=322704 | return=-144.01 | steps=131 | track=a35ba34c8cddaf84a4148975980adbc8
global_step=322736 | return=-107.60 | steps=89 | track=5b0760666bd82b22d2bbf89ae67d3cc9
global_step=322816 | return=-139.88 | steps=130 | track=a7896b94563d3f5cf94f0575ef1d92e1
global_step=322928 | return=-108.22 | steps=105 | track=ebfb01539e04aa7654a03f6e21a9cd1c
global_step=322944 | return=-135.67 | steps=131 | track=4c158f5060fb89cbc1ecea59373cc935
global_step=323024 | return=-92.84 | steps=144 | track=1095177aec57470ac2aba2e212285cf2
global_step=323200 | return=-91.03 | steps=146 | track=d5e528de5c6f79c770e5fadeb07cad07
global_step=323216 | return=-57.67 | steps=54 | track=fdc76b2458bd4b159d2fcffabc5bf774
global_step=323296 | return=-142.54 | steps=131 | track=ca9c1a2fc2947d69a46eef95d6e0feee
global_step=323472 | return=-145.87 | steps=130 | track=c6a228d4cc852175fff0437e33fb974a
global_step=323632 | return=-139.69 | steps=131 | track=b627c86522f726adb099e833b3b0b758
global_step=323808 | return=-141.99 | steps=131 | track=b26499e75658c68369088b8fb4d0e4d0
global_step=323824 | return=-99.85 | steps=274 | track=14fc9b356f7dbc2c6c05492df6c71137
global_step=323920 | return=17.05 | steps=68 | track=00bf05949751a8c3ba38acf4016cf69d
global_step=324064 | return=-86.29 | steps=149 | track=6077030c76d60efe946d662a276b1ee9
global_step=324128 | return=-141.64 | steps=131 | track=60907b4de55a5c45c3222125942b55dc
global_step=324176 | return=-71.62 | steps=89 | track=5e4bac938481edde741dd3ba5087a44e
global_step=324272 | return=25.07 | steps=66 | track=60a2adfd06549e2f668bdb747b8a6a65
global_step=324800 | return=-137.13 | steps=130 | track=0d3e0534563b3e9c06e51d5843a7a03e
global_step=324928 | return=-51.55 | steps=68 | track=5ec4d60185ced4518116b9889e17718f
global_step=324976 | return=9.49 | steps=65 | track=05a39e0ae15645568af49a9bb89215c6
global_step=325024 | return=-43.23 | steps=107 | track=c058d31f383e83d97fa5840cd1dfa3f2
global_step=325040 | return=-147.52 | steps=130 | track=3cc35d5bb388fdd12ab8bb2832cbf7a1
global_step=325136 | return=4.84 | steps=66 | track=157dd4452cf9c196b43a7e7b685775ab
global_step=325216 | return=-11.05 | steps=64 | track=3a3dc2be19925c9e2834d6cf90a3c08c
global_step=325328 | return=-139.69 | steps=131 | track=02a37fa1f6db66714fe5031a55c65520
global_step=325376 | return=29.13 | steps=275 | track=ad47aae44681f997b685d94fed8d7280
global_step=325744 | return=-138.55 | steps=131 | track=9fcdc9e71d48ad772250105bf0b08b7a
global_step=325808 | return=-34.38 | steps=47 | track=44469b64c32196bc5c5cb9881f0deeca
global_step=325904 | return=-142.64 | steps=130 | track=8c2c31d491d1e1970ee9d4e68685293f
global_step=325920 | return=-20.93 | steps=69 | track=5b67dda19947bc7f5c200264ed7a1f0c
global_step=326032 | return=-95.46 | steps=159 | track=7f95d10c6064043c739e02fdbee79749
global_step=326224 | return=-152.98 | steps=130 | track=d24235b2bb93e748535647df8412edad
global_step=326384 | return=-147.03 | steps=131 | track=3df203b0baa5096aff06339883c91fde
global_step=326416 | return=-62.46 | steps=74 | track=480d76791ca0521b28a9e2677a8a684b
global_step=326816 | return=17.42 | steps=66 | track=7242043a963268856bd61d1072457f4d
global_step=327040 | return=-138.55 | steps=131 | track=7a79ebd21c12add24cb106469198f64a
global_step=327072 | return=-52.07 | steps=42 | track=fcc7f5163347927f3e00ed42b9ee6f57
global_step=327088 | return=-134.67 | steps=131 | track=85d7944352cf06da0a53600d43f0629f
global_step=327104 | return=-103.47 | steps=129 | track=8d01054551a82189e5bdacae832a0130
global_step=327232 | return=29.70 | steps=81 | track=c3b920bdb54154a98a345a0bb190aff7
global_step=327440 | return=-137.26 | steps=131 | track=bc4e82925e65431ad2c3b595df69310a
global_step=327488 | return=-145.20 | steps=131 | track=2b0ae4dee86a92e954bb959d122b68b1
global_step=327680, SPS=66
global_step=327776 | return=-32.49 | steps=43 | track=b1b93b953c7eed6a52253dd801f814d7
global_step=328016 | return=-103.53 | steps=131 | track=bada30c6ff7f5c4720b165d4e46f83f0
global_step=328064 | return=-261.84 | steps=314 | track=f57a8b8290c4f136e28e16793e2f40a2
global_step=328128 | return=4.66 | steps=67 | track=c28e53663888b3183733d436a54b81f7
global_step=328304 | return=-7.13 | steps=335 | track=35babedc19d50a27eb2e13ab25c67d9b
global_step=328336 | return=-84.36 | steps=143 | track=7ad1d1f4187af78bbed2a5b210cdea21
global_step=328336 | return=-143.40 | steps=131 | track=debc3ca9501a521a26aa5eb792bf6066
global_step=328336 | return=-49.81 | steps=55 | track=511ea9c438412e596db26f66dca874e4
global_step=328512 | return=-140.20 | steps=130 | track=27dccaa8f3bc43fa00a98a6ad2380174
global_step=328576 | return=-32.72 | steps=91 | track=ab093c18388578039b2cef2f301eedd1
global_step=328688 | return=-101.81 | steps=179 | track=ec4c935ac96f705a17f7ed0d6dff40f1
global_step=328912 | return=-98.10 | steps=130 | track=78d87349389f7fdc29a0b3855e4fd741
global_step=328992 | return=-54.77 | steps=53 | track=ad6b130bd850213fcc4bc5b6ebc06584
global_step=329072 | return=-67.19 | steps=45 | track=700b1b3f01424fdf38459955e7ce19da
global_step=329248 | return=-51.77 | steps=45 | track=d675c1ce7d67b277e15e69c542760d87
global_step=329328 | return=-109.00 | steps=130 | track=c8e3a4298b58d28bbdc9b7c9d209b943
global_step=329440 | return=27.26 | steps=68 | track=2207cb50687199c56fb7720facdad793
global_step=329584 | return=-131.42 | steps=130 | track=0de001361bbe3629ab06fa29be346b07
global_step=329632 | return=-89.33 | steps=97 | track=a36a80f14a2af136b00c6ed8413b71f7
global_step=329680 | return=28.54 | steps=68 | track=97144373161d75bbda0168579cd3b39c
global_step=329808 | return=-71.94 | steps=45 | track=337bf94d620b06985253d5ef4d1a3cf7
global_step=329872 | return=-134.35 | steps=130 | track=7693db533fe3cbd23628d7204d65cf05
global_step=329984 | return=16.03 | steps=66 | track=8d59b751536fd50cf930e1e3f897e8e8
global_step=330112 | return=-138.86 | steps=130 | track=cd27aa8a4ae9542bfedfeae4ab624a65
global_step=330192 | return=-74.36 | steps=74 | track=f664a942f3adf3a7c597a158714c3ac1
global_step=330352 | return=-5.18 | steps=63 | track=f16cd6e37f273505e9c616e9f9c32cde
global_step=330400 | return=-102.18 | steps=130 | track=d7363d25d8d79c4b663784145f6669ec
global_step=330448 | return=-134.94 | steps=131 | track=8f3b313228db799f552d7f51705a506e
global_step=330688 | return=-38.59 | steps=50 | track=52dcb463dc125312deb472756833ea65
global_step=330768 | return=-260.08 | steps=351 | track=4426a7ec62b7a2ed3cbc95ddd65db018
global_step=330800 | return=-139.01 | steps=131 | track=28a1899887afadfd1e947ab1804f0df3
global_step=331184 | return=-45.10 | steps=61 | track=91a2e330e1c4f670b121d6a71b66737c
global_step=331280 | return=-95.47 | steps=105 | track=9f41b98f22d843bf11ed73216e07192c
global_step=331504 | return=1.55 | steps=65 | track=f1ee2c51e27f4ab4acea795add9611a2
global_step=331536 | return=-153.36 | steps=130 | track=55c0a43124cf232f389542c5d0712bc9
global_step=331792 | return=-139.01 | steps=131 | track=bfba7619f82708faf00c9283c6728395
global_step=331872 | return=-145.93 | steps=128 | track=ae94aa281f8dde030ab07c1c9d936db8
global_step=331984 | return=-58.64 | steps=101 | track=47d9e6c2887780d753c72927fc7fc78b
global_step=332032 | return=-160.19 | steps=173 | track=c177d5c7d644012540244630f3ccede1
global_step=332096 | return=-137.26 | steps=131 | track=22a54e2df11b79f18c4ee8ede2ca39f2
global_step=332208 | return=-145.80 | steps=130 | track=af2d98c78faafcdc164c1284b41d7f64
global_step=332240 | return=-26.21 | steps=91 | track=73fa48e88a743c0d626f98b440bbf160
global_step=332432 | return=-111.70 | steps=101 | track=2edac23d77031d5d06b48ce68ece927e
global_step=332544 | return=-15.41 | steps=64 | track=8f8b8d650d5630e04fdd114bd72ee982
global_step=332624 | return=-280.64 | steps=345 | track=ab38f383e92d36cfa5d4a4b399b9f042
global_step=332784 | return=-147.36 | steps=130 | track=46fd37bb2ee47d3b38b0fbe789c86400
global_step=332880 | return=-49.66 | steps=154 | track=57e2eb7ea8a516ad33ba8f230d5232b1
global_step=333184 | return=-87.34 | steps=118 | track=3c0071e0980e94229ede6be01355dcd5
global_step=333296 | return=-150.35 | steps=131 | track=59004306ce4e8b8a400845e870dcd947
global_step=333472 | return=-113.51 | steps=85 | track=660e1b47583dc20b13e0a42e6c9c26b4
global_step=333488 | return=-68.55 | steps=37 | track=5d975692a48447c2813141c95e0fefac
global_step=333616 | return=10.48 | steps=85 | track=c5278b736be5504f60b3c4ca37b58fd9
global_step=333824 | return=-131.19 | steps=142 | track=8baf7485a71cfb28d5b79d5874496cdd
global_step=333824 | return=-8.35 | steps=64 | track=43d74f2e39ce18c4bac50ab462a71790
global_step=333968 | return=-13.31 | steps=135 | track=c22bbd038c3bc4a39ae0e7b07084b64c
global_step=333984 | return=-128.46 | steps=131 | track=a22e889e63d9502744214140dde1ea3a
global_step=334096 | return=-138.73 | steps=131 | track=8339aa4f11caec56bcaf8d8d78408511
global_step=334144 | return=-136.40 | steps=131 | track=ef6513369c0c561a8c855833427b0991
global_step=334256 | return=-60.50 | steps=48 | track=3d5d9c7902b0e7df437ddfba23ba465e
global_step=334288 | return=-49.56 | steps=68 | track=2200f274fb5840c3ae83fb602dc4f551
global_step=334352 | return=-76.88 | steps=107 | track=2e3af389a457b23dbee18ad773ead1e0
global_step=334544 | return=-143.47 | steps=131 | track=41a7a2421c82546063a409b4b02345e0
global_step=334656 | return=-146.81 | steps=131 | track=a0a1e97dc9bcb67117a8f89b451ff692
global_step=334800 | return=-92.47 | steps=161 | track=0af6e6bda2d8bfbebc52920564b6d92c
global_step=335024 | return=18.70 | steps=65 | track=d52eb8782139faacae0bcbbcac6cd44a
global_step=335264 | return=-179.19 | steps=351 | track=4135a6d8ae2d31be0ed270e0e39095c9
global_step=335392 | return=-135.97 | steps=130 | track=832dd6919a8d2cc19d404cc40ee80316
global_step=335600 | return=-140.61 | steps=131 | track=32f810d9b0676033491356302e834034
global_step=335648 | return=-30.63 | steps=61 | track=7b3acc7c04e71e87af804261a80ae2ab
global_step=335728 | return=-135.69 | steps=131 | track=4dc92c8c8aee18edd532ae245f3c0629
global_step=335936 | return=-144.13 | steps=131 | track=f74afe3198b206d18d034664362fc8cc
global_step=335936 | return=-135.43 | steps=131 | track=a6180693558810cf07ae6b86e03109a8
global_step=336000 | return=-25.50 | steps=74 | track=da39b92adafd0edc5b8d5980c95fed31
global_step=336096 | return=-140.00 | steps=131 | track=76abb7e7aec07f48c8b7dfdf181514f4
global_step=336192 | return=-150.59 | steps=130 | track=ebade108e4d021ac7508cca5aabad601
global_step=336208 | return=-63.75 | steps=119 | track=f00e8edc92de8bcd6fb475dd40271410
global_step=336336 | return=-143.46 | steps=129 | track=1afb1116e17f8af60063f2186ecf951f
global_step=336656 | return=-151.47 | steps=131 | track=586a5197c9793f049bf461c583b1b16d
global_step=336784 | return=-49.65 | steps=151 | track=87adf950453445a94f5d42f72646f81f
global_step=336960 | return=-60.38 | steps=46 | track=2b90696fa212086ae3ac24a1a2ff2331
global_step=336976 | return=-60.10 | steps=54 | track=fcf28b33f5bb71d4fe9bb2009b2d6f01
global_step=336976 | return=2.32 | steps=64 | track=2aca8439ae2bfaaf3d70ff3c3d58ccfc
global_step=337104 | return=-119.80 | steps=106 | track=a54121515af5059c7826b6b9413c5571
global_step=337136 | return=-146.48 | steps=131 | track=2f6b651d937f725ed2733a79eb5cad3c
global_step=337232 | return=-52.00 | steps=93 | track=4dabd65d69286a66e8bb5ebdf72a13ce
global_step=337328 | return=-4.00 | steps=61 | track=83d3073b21095db9394dc0c710c9c562
global_step=337728 | return=-42.23 | steps=153 | track=e0ecc9d5d449f2614602d9e6b5ad6584
global_step=337728 | return=-113.44 | steps=129 | track=903edb40b47c6064482f96ee5d64a899
global_step=337920 | return=-59.62 | steps=144 | track=fc8b77427ab9d36fcfb38c781e49385b
global_step=337952 | return=-166.81 | steps=237 | track=66c2f00c4c1fed7dce7320fdd8f324f7
global_step=338048 | return=-145.25 | steps=131 | track=e25ff31e8f9da7b43fbc072ba6c239e5
global_step=338112 | return=-144.13 | steps=131 | track=32ad078aa67d51a8aa8b22671a4ccca4
global_step=338224 | return=11.16 | steps=69 | track=5c8789f941e9cb3d035070b065f2ff2c
global_step=338400 | return=-113.95 | steps=89 | track=85009a41e11fda89de9bf983b4a57e8c
global_step=338656 | return=-89.14 | steps=153 | track=019084dc4809684052dda39f4750260a
global_step=338768 | return=-138.91 | steps=131 | track=1a7995db57f78a3552982390ff436c2b
global_step=338848 | return=-44.19 | steps=49 | track=66e3accaf298bbd90274ac715776cc68
global_step=338912 | return=-142.35 | steps=132 | track=6cf705112dbeb59e586c5008fcac4fdd
global_step=339104 | return=-140.10 | steps=132 | track=170aa3f2bfc25497f5cf64e67f87865b
global_step=339344 | return=-143.19 | steps=131 | track=0ce4c64cf9be3ba3bc821afcbfa6d096
global_step=339440 | return=-88.22 | steps=143 | track=c50592e99412254d08844abf57334e55
global_step=339440 | return=-137.19 | steps=131 | track=250d179e2d1042690e234322e3b575cc
global_step=339504 | return=-126.59 | steps=110 | track=f9b2515225acb0c6ee96241dcb099f73
global_step=339520 | return=-54.69 | steps=41 | track=93681376a9033910d85eb83c615efba7
global_step=339792 | return=22.62 | steps=70 | track=24cc035f349a5d62ac162ad7ab8bc732
global_step=339840 | return=-128.76 | steps=131 | track=bc21e4bfbaba2b6553ef284688852e59
global_step=339888 | return=-130.48 | steps=181 | track=dac238be537b007131d00dff5fc66675
global_step=339952 | return=-86.86 | steps=64 | track=c63505fa56c807884b1a4e4e5341ac2e
global_step=340032 | return=-146.61 | steps=131 | track=225a2f31ac14d5cafe46ce1aae1ecc48
global_step=340064 | return=-139.20 | steps=131 | track=fd289c6b16133c25c18440e67b6ce498
global_step=340224 | return=-118.93 | steps=131 | track=6221c256244658c6685108dbb1019c11
global_step=340512 | return=-133.99 | steps=131 | track=7eb01815dff8c116a880b95d2a2b42d1
global_step=340560 | return=-80.99 | steps=75 | track=d279200a2bb4829a742a0b72808941ae
global_step=340864 | return=-140.64 | steps=130 | track=d9f8856c85826fcffbb3da8e577a2f14
global_step=340912 | return=-102.27 | steps=112 | track=f9e1529a9025cf25c48804fd3fa7bf8e
global_step=341072 | return=-110.14 | steps=96 | track=5988abc415879a6ad710e065a3e8858f
global_step=341552 | return=-133.59 | steps=131 | track=8db06a838be86d79ee05bc4e00d5351c
global_step=341552 | return=-150.22 | steps=131 | track=907424308e6b6ee47fcef8ed4fa25cf1
global_step=341616 | return=-138.01 | steps=131 | track=8021dfbbfeb3ae77e43239ec942e6d89
global_step=341888 | return=-123.06 | steps=103 | track=00d8ed652833f94b6068635b81655cf9
global_step=341904 | return=-147.20 | steps=131 | track=ff3ef5098cfc8b428c8a32872d872d1a
global_step=341952 | return=0.76 | steps=64 | track=0d0b06c25d7fa69db844d4e2d604229e
global_step=341952 | return=-132.41 | steps=131 | track=5353538f6559f7e8ac616a08a89e0771
global_step=342000 | return=-142.41 | steps=131 | track=7cbc502151f7dec10dc898c4913aac34
global_step=342064 | return=-133.58 | steps=131 | track=4a29cf7621679ab20df43e4c41b2b70a
global_step=342144 | return=-134.50 | steps=131 | track=9e652e5ef13dd9f73275553e1af83a0c
global_step=342160 | return=-116.11 | steps=99 | track=63885ce490f29c2f7e3b3464de5b3e17
global_step=342176 | return=-140.55 | steps=131 | track=ffffa62bfa1fdcf84096cc2c42d2431a
global_step=342592 | return=-269.59 | steps=272 | track=a8489c12e3864f43ed283b326f42bd67
global_step=342624 | return=-118.73 | steps=109 | track=12fb4bccfe21acd6d60996d5d4c8af0e
global_step=342624 | return=-126.46 | steps=131 | track=febd77e1c1000091d437d9680caccdda
global_step=342928 | return=6.22 | steps=64 | track=131c331ee28a41df3634e10861d6a205
global_step=343136 | return=-47.36 | steps=76 | track=0253e5c8afdb53ccdec7970d88dd715f
global_step=343184 | return=-135.51 | steps=131 | track=84171f3f6746d7d7c0ce6e0124f244db
global_step=343488 | return=-71.72 | steps=95 | track=6d6701a01eacd01b894af9c9aaee9e09
global_step=343504 | return=-101.79 | steps=89 | track=5a6b63f8c3bb43d723f56780fa5a24e9
global_step=343616 | return=-85.00 | steps=91 | track=e074bd18265a39e03b266b42f2d3f412
global_step=343648 | return=-150.70 | steps=130 | track=171daf68b18c351755cb7623c2051879
global_step=343664 | return=-138.48 | steps=131 | track=d7cf5141ea91bd4f0b8552c281389874
global_step=343728 | return=-133.90 | steps=131 | track=34e60a10389b654d7400d834ddc37119
global_step=343952 | return=-114.48 | steps=111 | track=968870429289a2be7ab5e15a19c75302
global_step=344064 | return=-139.75 | steps=131 | track=a159446948f0949dd0226e40311c08e6
global_step=344064, SPS=66
global_step=344096 | return=-79.29 | steps=91 | track=573bcf20062b159db95a5e40e47e2a4d
global_step=344128 | return=-35.51 | steps=61 | track=56eb388c7f1a5f9d7b5f439a6ce2638b
global_step=344288 | return=-31.89 | steps=68 | track=9f6fb6eb4c6ee31e874553ecdcdb3117
global_step=344336 | return=-74.70 | steps=145 | track=c6c5b312bb9b3dc7f5ba5257fcc2488c
global_step=344464 | return=-100.89 | steps=142 | track=a34ba7488bc914b397d1a8db5b2a24ee
global_step=344704 | return=-146.17 | steps=131 | track=3d40b53b20f9f0cfd2016f1414c647f8
global_step=344720 | return=-131.76 | steps=130 | track=483ac32687658c3a800a8e92bead24e3
global_step=345008 | return=-98.01 | steps=94 | track=4eb1aafeb6536b63480239725e815bee
global_step=345040 | return=-149.04 | steps=131 | track=b7aca2b07448a5e82273ff9fcb1f8809
global_step=345120 | return=-70.06 | steps=90 | track=743ea00bb1508d6c25821c18d53da662
global_step=345376 | return=-46.77 | steps=40 | track=33867f78e7166507c5b98e2b0cbe577d
global_step=345728 | return=-141.97 | steps=131 | track=dbe73848fa6da1b357203b51b7844387
global_step=345824 | return=-138.89 | steps=130 | track=da13ab098d27c43cda6ce43752b92b81
global_step=346096 | return=-136.94 | steps=152 | track=c9704adf9fd187296495a3057d68a0a2
global_step=346128 | return=20.00 | steps=67 | track=21baf339905d802b3337339230d42518
global_step=346160 | return=-70.07 | steps=165 | track=13efbff7ab81c6918bec8b4adbcbe174
global_step=346176 | return=-143.01 | steps=131 | track=682dbdbb099d2733318bad3669b55e05
global_step=346208 | return=-139.91 | steps=131 | track=d80f772e7824a76ddf18118d5bb5915f
global_step=346240 | return=-139.75 | steps=131 | track=ab3e8dfca651a5718778b7067a37ca27
global_step=346368 | return=-56.60 | steps=150 | track=4ccb18c52cadf28ffb30a872a4ca9c10
global_step=346432 | return=33.03 | steps=65 | track=87218391eb2a47487ed809bc4292f20a
global_step=346560 | return=-157.41 | steps=130 | track=b29855485a328883ee6dd9957b6b4b64
global_step=346800 | return=-150.52 | steps=130 | track=47bc1bea8ccf2021c816dfba731d307a
global_step=346944 | return=-48.76 | steps=75 | track=9af7c62650b76ae6a0bab7e18cc37cba
global_step=347120 | return=-140.61 | steps=131 | track=9d959fcaf5a79c01fabe949b5aaa7c6c
global_step=347152 | return=-32.05 | steps=48 | track=9525eb861cd4f9223cd1767f3a6fee88
global_step=347184 | return=-69.11 | steps=62 | track=7f2b76f57fea692f5b9c1ad25dcf15ec
global_step=347184 | return=9.40 | steps=65 | track=d1ee0a034ad115c31b4ccc1033da5485
global_step=347264 | return=5.93 | steps=65 | track=1687c8fc038c7ebb9f3cfd237511e780
global_step=347488 | return=29.44 | steps=199 | track=05dcfdd8783762df11d04a167d4bc73c
global_step=347600 | return=-27.86 | steps=64 | track=0c9a04269c331b2abea4bca8281a3e60
global_step=347872 | return=-93.06 | steps=89 | track=e14569947a7e8f4d8504f4f743ef01fb
global_step=347920 | return=-150.98 | steps=130 | track=8eaaf5802dfc748975849dfd3f9c7ac1
global_step=348128 | return=-120.77 | steps=187 | track=87962285168779cf7df6d6254b2b7d6e
global_step=348208 | return=23.14 | steps=65 | track=3babcf4269fb58bfb95511c286bad85b
global_step=348208 | return=-145.69 | steps=131 | track=cba1d37d299700471c0af10aa939e02c
global_step=348224 | return=-238.99 | steps=242 | track=e2eb477a18ce065166ae255c6c7d0bf3
global_step=348304 | return=-24.19 | steps=69 | track=70a2be8ca0c987831464fcf70e78f3d2
global_step=348320 | return=36.61 | steps=65 | track=8f63fee8295827a9d70ce3db229e8968
global_step=348352 | return=-137.80 | steps=131 | track=10b11915d2de3d75bf1258dc70bfc6ad
global_step=348496 | return=-29.86 | steps=62 | track=74695996fec887407ff405154e4cbd59
global_step=348912 | return=-157.51 | steps=131 | track=47465eb31aa6a8cf4fdfc88d4f798e90
global_step=349056 | return=-143.25 | steps=131 | track=26075f9c8bae269184ac6dcd0617504d
global_step=349104 | return=-73.24 | steps=93 | track=c12fb56cb6c535fbfcb0d642626e8337
global_step=349152 | return=-11.74 | steps=49 | track=548117eea5dc3f13a6c9f37becd9c470
global_step=349232 | return=-128.74 | steps=131 | track=ae295d5b6371c2762783963b7259f17a
global_step=349488 | return=-32.68 | steps=72 | track=3f412b0df4ea3cfeb6240d58a774f22c
global_step=349648 | return=-106.57 | steps=89 | track=fb6c53cdf93455197cb35fa702233f47
global_step=349664 | return=-124.09 | steps=108 | track=a77fe286b460e3142f3d6f3f87512b57
global_step=349984 | return=-142.41 | steps=131 | track=a59a47f96e666c1a4f89208dd0b555f5
global_step=350000 | return=-123.00 | steps=105 | track=b2b5ee9d6e29c820daf910d09fdcdd68
global_step=350064 | return=-135.57 | steps=179 | track=043216e4c05d54995237cd63c68eb1d6
global_step=350320 | return=-130.13 | steps=131 | track=ca747c3b77f3a8d8b3d07d8d907bce7c
global_step=350336 | return=23.98 | steps=68 | track=db626203f146473bdc808b36236d6394
global_step=350416 | return=-70.78 | steps=93 | track=4e4d4e691747aa854edde29d34ba3c82
global_step=350496 | return=-14.10 | steps=62 | track=bb9dd17e89f064402e145d21296de55b
global_step=350512 | return=-213.96 | steps=271 | track=7aff9e26bda60dbe7027848201d68961
global_step=350608 | return=-139.91 | steps=131 | track=dae37349e3e4daa10609ee3f02212a1a
global_step=350768 | return=-40.04 | steps=158 | track=983922174595a49353af2f3801c5e500
global_step=351168 | return=-141.75 | steps=131 | track=6cf42b411a6a71563f3f433f6d6acd8c
global_step=351216 | return=-145.39 | steps=131 | track=ec812545aa39b46702d27aeb5660b669
global_step=351264 | return=-130.96 | steps=131 | track=216c411f4aadfaae49c3ded65f4a745d
global_step=351520 | return=-57.59 | steps=211 | track=3dca2907aebef26220546a1e9a96348f
global_step=351584 | return=18.77 | steps=67 | track=caf9b1a3defb4eec276e092eda62ef35
global_step=351744 | return=-150.00 | steps=130 | track=d3e4d515ed51afff09af9be9bc75df61
global_step=351760 | return=-101.89 | steps=89 | track=162147b11a25a9ebeb988b00df1adbef
global_step=351776 | return=-146.21 | steps=131 | track=2b45276125e15a249fd01745d4ebd028
global_step=352096 | return=-153.74 | steps=130 | track=9bff266a10269412eb24847968de72fb
global_step=352096 | return=-142.77 | steps=131 | track=786838777b93099e32044c7b6c99128f
global_step=352176 | return=-140.50 | steps=131 | track=ec19b26bdf34930e1172757a6169eedf
global_step=352336 | return=-107.13 | steps=97 | track=9bc7e0742ac250122c794fb8fbe8c7fc
global_step=352448 | return=-144.16 | steps=131 | track=20d58728f3ce02238cb532cfb2cfaa8b
global_step=352464 | return=-54.46 | steps=121 | track=f6222181cc7624088ca5e37112f29d2d
global_step=352528 | return=-150.58 | steps=131 | track=a78e9043fef654f2644cafa188618741
global_step=352656 | return=-120.04 | steps=92 | track=a05ee3460f8955e75ea3dc518064eeac
global_step=352704 | return=-144.82 | steps=130 | track=1f46424315c5c565ad2ef10a99840678
global_step=352864 | return=22.36 | steps=68 | track=c74defa705b1da2a4db60ce46799d085
global_step=353152 | return=-60.87 | steps=42 | track=21c5868b0d0918718519b80f9e910eb9
global_step=353328 | return=-138.70 | steps=131 | track=33ba65c760194997dd7f715fc4b1bb30
global_step=353376 | return=-157.73 | steps=131 | track=6d23a8b105523a725719e3f22d96679d
global_step=353632 | return=-145.47 | steps=131 | track=dcad8ecefebb96042189df28f7be01fa
global_step=353696 | return=-149.01 | steps=131 | track=f557fb8669331b379c0deeb831fa82fe
global_step=353840 | return=-148.58 | steps=130 | track=6424407f956b3f3a4fa0b555a08b22a5
global_step=353888 | return=-143.51 | steps=131 | track=b557ddcce605a2b778a8498180ac2f20
global_step=354192 | return=-146.98 | steps=130 | track=bb874d7e19ab9163c4f1bcbd161c001b
global_step=354192 | return=-145.30 | steps=130 | track=6acaaad803e3e8e54681893c2f96f877
global_step=354432 | return=-147.94 | steps=130 | track=4a7d482e1d7e617d280954b0336507df
global_step=354448 | return=35.24 | steps=69 | track=d382fb1e452b61c466007f78e1b4c92f
global_step=354480 | return=-98.60 | steps=143 | track=b7c5689417e73219560dbc46e4f1fb53
global_step=354640 | return=-145.28 | steps=131 | track=5e24b6d9195a1e6afb247820a4851263
global_step=354816 | return=-135.51 | steps=131 | track=8c31968cc6f612d293b40607725a052a
global_step=354864 | return=-16.39 | steps=63 | track=e309631c8d4beb5ccff566739b683ed6
global_step=354976 | return=-140.34 | steps=131 | track=500d80dbc3e854fec7957ceb1e046f0d
global_step=354976 | return=-39.01 | steps=144 | track=c7e1fa63d13a188a990e498ab3d13955
global_step=355280 | return=-156.81 | steps=132 | track=9b73cd5c131cc509b78a52668cf73585
global_step=355488 | return=-129.47 | steps=131 | track=01bc760d80112c6d4b99a4ceb4ad3534
global_step=355744 | return=-132.58 | steps=131 | track=e94dffb6f04b6ee34ed8c072083153cb
global_step=355744 | return=-61.17 | steps=47 | track=6e0a1549aea5f2336aee5ba20d08170a
global_step=355824 | return=22.23 | steps=83 | track=14a1bad61d8da6aa42d5030c9f8a8ca8
global_step=355856 | return=-52.43 | steps=54 | track=fbce3cf5bab187f2a6563f519b815906
global_step=356000 | return=-10.92 | steps=143 | track=4fc97c5e519bb8d7a5bb43f097e1ed2a
global_step=356000 | return=-133.67 | steps=131 | track=38aaaa5603dc2e1f8b65072b37ebfe87
global_step=356240 | return=-125.01 | steps=111 | track=e54f644dced1e08830aaaa6ac89495a8
global_step=356240 | return=-18.71 | steps=59 | track=7b03944898d96849cd6ee84e754af195
global_step=356288 | return=-154.78 | steps=130 | track=d8384da91fc7be9aea0a01fbec7ebd48
global_step=356304 | return=-150.48 | steps=131 | track=54e4e3431f4d9f99078df24f1aa7625e
global_step=356544 | return=-139.75 | steps=131 | track=fa6ddbc72f2f26d936cdc72aa69a689c
global_step=356608 | return=-57.00 | steps=46 | track=de6f1cb62c3aef7a2ca0fd2c39e696cb
global_step=356752 | return=-143.82 | steps=131 | track=745814dc8fd3aa9686d692ba0aa4ceac
global_step=356928 | return=-135.58 | steps=131 | track=b16aa973aa3fea2828fa93379b9798b6
global_step=356960 | return=-153.74 | steps=130 | track=66c28cb919c13c1bb945e38d91d59f16
global_step=357296 | return=-18.50 | steps=61 | track=ebfeff0e66af46bc6fcbe9851d324497
global_step=357360 | return=19.58 | steps=306 | track=c86498671dc0c2edd7dd707f7aa7816a
global_step=357504 | return=-30.25 | steps=78 | track=0f845f3ee4591cabe870d1d104482dca
global_step=357584 | return=-92.14 | steps=114 | track=0c8a8d214770eefcc2fc13470c40d3bb
global_step=357600 | return=-137.19 | steps=131 | track=52750a72aeb548e59d561057cb1f333f
global_step=357664 | return=-5.31 | steps=65 | track=41511a0dd4bf311aeef4c3cafe072034
global_step=357856 | return=-132.36 | steps=131 | track=43ed4c8d84b053908373ae0a05ee0a68
global_step=357920 | return=-150.78 | steps=130 | track=5d61ee9ed78deedf184dbb00ede7865d
global_step=357968 | return=-29.78 | steps=62 | track=f2b610feb981598ffaabb99259c497ea
global_step=358000 | return=10.29 | steps=66 | track=592f47c7989d698a8b70e65e1f447b3e
global_step=358096 | return=-139.62 | steps=130 | track=d7672a79b53563bcbba7538c183e8f9e
global_step=358336 | return=-147.92 | steps=130 | track=cf1af5f6824c1b5cee5a633160392760
global_step=358384 | return=-141.28 | steps=130 | track=76bd6b3c29d6441957931a2379caefe0
global_step=358480 | return=-36.55 | steps=55 | track=cea34120b2883cad878f05c0915e68c5
global_step=358640 | return=-143.02 | steps=130 | track=c79780a9cfd06996b7599f582a6a8662
global_step=358752 | return=-120.20 | steps=90 | track=0ba2c4dfdd53303dcdde321e2f840560
global_step=358784 | return=-69.46 | steps=69 | track=46dd2498309c7a1e3ca2633e67d5885a
global_step=358864 | return=-148.21 | steps=131 | track=b253697faa6c1e2e19d24c82635453fd
global_step=359008 | return=-178.67 | steps=187 | track=858765212c07db2dc85ef07fa84b68b6
global_step=359472 | return=-153.55 | steps=131 | track=3b212e3789df9c4cada0f7e74ca30b21
global_step=359552 | return=-24.83 | steps=72 | track=b13e2d6902c247806ef9e94b1b12b467
global_step=359712 | return=-157.43 | steps=131 | track=170c4157421eb4677c8464d14a42f0b3
global_step=359760 | return=-33.72 | steps=60 | track=4883621af4dc8ed0fa66ec2c93a6d825
global_step=359968 | return=-150.38 | steps=131 | track=b258eb11c173fafcf2187f44e9cdb5cf
global_step=360032 | return=-133.20 | steps=131 | track=7eb7d85889333bced4e04feb1e2f65e9
global_step=360080 | return=-143.26 | steps=131 | track=92f7cfab10c944e623a9f47e0f107b54
global_step=360112 | return=-142.76 | steps=131 | track=cf3d4e2b326af94302366a0addea1241
global_step=360208 | return=-140.01 | steps=131 | track=161cc9e7702980eba2cbcf5d5f6888a9
global_step=360304 | return=-120.73 | steps=89 | track=ae5795522f360d1cf6b63f17038997d0
global_step=360448, SPS=66
global_step=360592 | return=-136.94 | steps=131 | track=6db613dd734ff688aebf0514bd529af8
global_step=360736 | return=-151.58 | steps=130 | track=15d47d198676e76a1846f6cd95dc8158
global_step=360736 | return=-15.58 | steps=63 | track=a558cee0ee5fdd1e2d292d300ddfb303
global_step=360848 | return=-135.38 | steps=130 | track=ca5df595da56f80f0d4b285a87bde065
global_step=361120 | return=-140.00 | steps=131 | track=5d6718ef3bce84b07b9fe8fc9443066e
global_step=361296 | return=-69.91 | steps=73 | track=97a2d32fa4493dfe8732aae7cb325088
global_step=361312 | return=-159.31 | steps=237 | track=a9d300d0b345e67f0a74c0f0540eb276
global_step=361584 | return=-140.00 | steps=131 | track=0269d2de08a78990aa428b8aea965f94
global_step=361648 | return=-24.78 | steps=206 | track=90dd438b0e1ebf60ff92160a5d818566
global_step=361872 | return=-91.02 | steps=144 | track=6dee66b8b373c8fe2aed52f039fb8a20
global_step=361872 | return=-129.20 | steps=131 | track=456b6afe5dd7d5c0c0912ed7ddcc0bf8
global_step=362080 | return=-32.35 | steps=47 | track=2e23fd6cd7e584549c40e7cd8b7187d9
global_step=362080 | return=-149.20 | steps=131 | track=e7ee15e3f2bed08a78e3057e0858afd4
global_step=362128 | return=-72.80 | steps=79 | track=fa79fc05290aa65f305c8e582ef38936
global_step=362144 | return=-141.47 | steps=131 | track=ae76bf71d81ba23f0e933c4623416e03
global_step=362176 | return=-153.94 | steps=130 | track=c3ef7f329574ec28c995f51f73ddb913
global_step=362320 | return=-122.34 | steps=131 | track=857f989c7019832dcae8c36666f90dd0
global_step=362416 | return=-140.40 | steps=131 | track=f1aa97278f3b360f0bd7fb0aa598f8e8
global_step=362704 | return=-129.49 | steps=131 | track=f4946ed8e2dedb3f9c6b3f6143a33798
global_step=362848 | return=-140.41 | steps=131 | track=e83df9ca7b483df37171e8dea3bf67ae
global_step=363104 | return=-2.62 | steps=76 | track=9b01d2d0d7f61c1529c7f6a37d8af7c8
global_step=363120 | return=-61.99 | steps=58 | track=ed1ec00ad49caf8cd474cc35f0a305da
global_step=363168 | return=30.68 | steps=67 | track=be90008e5208aa4c39ecdb0cf2c0a1be
global_step=363216 | return=-145.19 | steps=130 | track=2dfe772afa1c3da958d0cea16c82ea65
global_step=363328 | return=131.75 | steps=161 | track=372d16f851397e3eb09aa15a47737a3c
global_step=363392 | return=-162.99 | steps=130 | track=825d7fe5ec21465cd3a98097fa810311
global_step=363616 | return=-38.43 | steps=92 | track=9d0f81ecd1aff6b628fe6f0dde93015d
global_step=363696 | return=-145.67 | steps=131 | track=ea56ce85a5a7179b508e1d95ab09b458
global_step=363824 | return=-61.50 | steps=43 | track=0cdd772863ece3f5715dd5a0d2d46f64
global_step=363952 | return=-80.83 | steps=143 | track=2b37d416c9643470e3efbad9b4c3c861
global_step=363984 | return=-155.46 | steps=131 | track=1a4c96574d844665501b1f6db8641783
global_step=364112 | return=16.62 | steps=78 | track=7cf24eb735bdb03694a988923484a3df
global_step=364192 | return=-149.97 | steps=131 | track=2c4c2d7dd7036c427235d0a389f33c3d
global_step=364384 | return=-91.31 | steps=139 | track=4dd60f182c6035543895f1f11f7e2430
global_step=364432 | return=-139.46 | steps=131 | track=1a4899480dacc460e799c2cf6426177a
global_step=364432 | return=-116.89 | steps=107 | track=b499bba14678c6f67b7f1e1c18996746
global_step=364512 | return=-147.52 | steps=130 | track=5835582d51edf05ba3f857142880b9a3
global_step=364800 | return=-70.51 | steps=42 | track=c5d109547ba944de74bd5b812187d3cc
global_step=364992 | return=-12.60 | steps=62 | track=f965d2491b9f36b8c472df1ced55d793
global_step=365232 | return=-149.61 | steps=132 | track=ce3c568a1dc60d6cbf3097cbcede1945
global_step=365264 | return=-139.38 | steps=130 | track=b36c3c450a956c17c90102d45241dfa5
global_step=365328 | return=-137.30 | steps=131 | track=a606315f7c4c35e1fcacb5c5092ca093
global_step=365440 | return=-150.77 | steps=131 | track=a53d0f61e0358a2150e85a61bac16664
global_step=365504 | return=-140.81 | steps=131 | track=57ed737bdf8a2c727353f61f3d992162
global_step=365536 | return=-16.15 | steps=63 | track=e7c8d471caad0ff1fb5bf0b99bd69b52
global_step=365728 | return=-148.35 | steps=131 | track=457ebf8735b6f904642117dee0651459
global_step=365776 | return=-139.05 | steps=129 | track=becf19d6c8f0c398feb1374246bf5c75
global_step=365936 | return=-152.54 | steps=131 | track=fcfaf9fdd2721a2031976df481d62eec
global_step=366256 | return=-80.10 | steps=143 | track=2cb6098b01c89fff63348a6e52051771
global_step=366400 | return=-74.65 | steps=122 | track=062c436ab0da4c8f24f818fedf6e7f63
global_step=366416 | return=0.55 | steps=100 | track=df24e9bf92604ae3b9de5f7f9c3c7662
global_step=366416 | return=-20.64 | steps=56 | track=5b52bdea2787f3d6b84485c811da449c
global_step=366480 | return=-15.42 | steps=75 | track=72858b0ee2c2fa827c7b7708e8134d54
global_step=366480 | return=-146.78 | steps=130 | track=8d73d3cd299406879a27f3c21ede9482
global_step=366544 | return=-147.28 | steps=131 | track=e740715a2706411ad1cc3c641c464340
global_step=366560 | return=-90.21 | steps=147 | track=26623a71788c67000da9bcb2f48e8bcd
global_step=366672 | return=-105.31 | steps=89 | track=9a983c8b91fba919f62a770acf9f722d
global_step=366944 | return=-18.89 | steps=72 | track=4ee918b42f2ec361846f805aa249884c
global_step=367088 | return=-136.11 | steps=130 | track=58723d3a41c3c5e91bf5997d9a83d3cc
global_step=367440 | return=-144.96 | steps=131 | track=6c5cf474c399d61df37a8855e3576596
global_step=367552 | return=-134.13 | steps=131 | track=c21686bf9bb5909708ebd3e013092c86
global_step=367616 | return=5.94 | steps=65 | track=05155335e7d2ed11c2d760f85ce572bf
global_step=367648 | return=8.08 | steps=106 | track=60136247f6a6e14fc6774bd1a51408b5
global_step=367648 | return=-146.21 | steps=131 | track=fb4b5db7edc626dc9bf5c90bb9a64200
global_step=367760 | return=3.17 | steps=67 | track=b7283d9fc140be22eb2342a868bff3cb
global_step=367840 | return=-165.34 | steps=131 | track=896ea146c70247b0f378203736902344
global_step=367872 | return=-119.55 | steps=100 | track=1aaed05ac983353e9b4842e7c74e3282
global_step=368464 | return=-73.32 | steps=52 | track=03014acb999986edf8050ef443c442d4
global_step=368528 | return=-151.90 | steps=131 | track=5ba59c658bdd1b9c3bd44011da5229bd
global_step=368528 | return=-146.21 | steps=131 | track=c37f6ffefe15939bd6f669927a17c2a3
global_step=368560 | return=-54.21 | steps=42 | track=ed19283263aad94a55a74627623610a9
global_step=368576 | return=-159.55 | steps=130 | track=889350bdcc6787aaa980092f2476c7d9
global_step=368656 | return=-142.25 | steps=131 | track=ee4789b1f92dc51be515d37d46d02f1f
global_step=368672 | return=-142.04 | steps=136 | track=9761d02a3c43f1710862a9ec69855ba7
global_step=368752 | return=-12.97 | steps=103 | track=040703d8c74d4052f4b33fcf9099cb09
global_step=369024 | return=-115.44 | steps=163 | track=960a86175bfb8787b7132ccdbf12a0c0
global_step=369184 | return=-103.44 | steps=139 | track=1a1a4ff33558db98ed65b63f84b4d64c
global_step=369360 | return=-33.81 | steps=42 | track=df1b4b3bc4b6b63c1fb5f060741c625c
global_step=369552 | return=-137.80 | steps=131 | track=ef036eb20bc72a8dba2485eda5a4101d
global_step=369584 | return=20.39 | steps=65 | track=a81c4725c2e4dfa3e1a99c07bbc1bd85
global_step=369664 | return=-147.20 | steps=131 | track=3a6050767e2ed71d276cacfb4562c0e1
global_step=369760 | return=-148.70 | steps=131 | track=dbc22dbe03526e22299fed289721cee0
global_step=369792 | return=-13.42 | steps=64 | track=89bde51c9d9a6ed4610699814773611b
global_step=370160 | return=-63.23 | steps=98 | track=8215357b029c614ad2222d829efba691
global_step=370224 | return=-2.38 | steps=148 | track=5e1e45227941b543dc942f5c0c92d98d
global_step=370256 | return=-129.21 | steps=155 | track=54d048e212bd145b72072431d835c8f3
global_step=370640 | return=-142.98 | steps=131 | track=7c5379f30df90d06716749529b133536
global_step=370672 | return=-138.13 | steps=131 | track=4f73a6a56b135a2edd22ca709234d1a8
global_step=370816 | return=-111.40 | steps=90 | track=6fec2445b08ad00636c504cfad2b961e
global_step=370928 | return=-61.82 | steps=43 | track=2e08888699d7091734890150401f0a4a
global_step=371104 | return=-85.86 | steps=152 | track=45ff0fb5f24c37a8678e1071c196e80c
global_step=371296 | return=-141.82 | steps=131 | track=1c143a03998245586e713cb49ea986a3
global_step=371392 | return=-87.17 | steps=147 | track=92c490b9c287ce3d6c9df803ef3b1f64
global_step=371472 | return=-11.45 | steps=75 | track=38b04ab8eeb013b477708437c2921e65
global_step=371488 | return=-125.04 | steps=105 | track=524306b07f138673cdfa20fef1ae2fdc
global_step=371584 | return=-197.08 | steps=245 | track=6be0062ceb52d1192aa2d84bd238f986
global_step=371664 | return=-143.72 | steps=131 | track=d237d7a128cd36e390cb3eccaec60ed6
global_step=371904 | return=-110.12 | steps=214 | track=7b611ae38bc9fbb562b537b4cafaace3
global_step=372016 | return=-76.61 | steps=146 | track=1a8633525823df4beb3ebdf9e108182d
global_step=372096 | return=-38.86 | steps=79 | track=e2fc2125f5dddd2295e64f9cf59bb0f5
global_step=372192 | return=-76.06 | steps=44 | track=9eadabe4136455abd0b5c092b3f390da
global_step=372240 | return=-54.54 | steps=154 | track=47d82da986631eaedc1ef7a03692da74
global_step=372272 | return=14.86 | steps=54 | track=e95085dde5dd682583c381dfdf1bd5f5
global_step=372272 | return=-132.24 | steps=131 | track=25566cf74ccb42e71791d5e1eea81580
global_step=372752 | return=-151.39 | steps=131 | track=c76e3a3cf365536e162a0b8e25cb07f4
global_step=372784 | return=-152.94 | steps=131 | track=a5cf660211d80b3c17e94655302b1b46
global_step=373040 | return=-132.76 | steps=131 | track=6b2c0b2119494a5268560c026599ff80
global_step=373216 | return=-145.25 | steps=131 | track=51e7d3ea1038870aaad8649bef3ed537
global_step=373280 | return=-7.51 | steps=62 | track=a89037b5d54ebc76b491b49be6979868
global_step=373328 | return=-20.27 | steps=67 | track=194f4ce9963e7ebe0c2798c47232b0e8
global_step=373408 | return=-154.55 | steps=131 | track=6d7e80c3205deb41f0e93222274afdf2
global_step=373584 | return=-80.17 | steps=92 | track=da80e1140e786c21325e0b7727a9c638
global_step=373600 | return=-143.25 | steps=131 | track=8bea527654334e15500cf345b7440738
global_step=373776 | return=7.39 | steps=63 | track=78ded158c5ee5a05e37a89a2eebd731f
global_step=373776 | return=-149.09 | steps=131 | track=1bf74f44c7b67be8c1138e41393d140c
global_step=373888 | return=-154.65 | steps=143 | track=96a0c664c7f06f27550e6005983efc64
global_step=373888 | return=-121.27 | steps=268 | track=6c236acefe6ef1070c0c34929abe7e28
global_step=373888 | return=3.94 | steps=68 | track=873c949a6eee7ef7bc2e686359d1bcfb
global_step=374128 | return=-125.49 | steps=131 | track=f2b256e88c41edcf39764087337d0db4
global_step=374304 | return=-142.21 | steps=131 | track=8e55d050c8ed86c5b13501276ff6dc4a
global_step=374368 | return=-151.40 | steps=130 | track=024d8b8b8126a5c16bececb39a375c19
global_step=374816 | return=-121.61 | steps=110 | track=9bb0b37097128f7518bc6903d99fab70
global_step=374912 | return=37.82 | steps=187 | track=851cabdeb82f39aeafefcce5501d297e
global_step=374976 | return=6.20 | steps=86 | track=93bbb3607e948c5ade43fa286a756f2a
global_step=375120 | return=-101.96 | steps=106 | track=d0b8d1b430f8959c383c01f1d726d9bd
global_step=375312 | return=-137.87 | steps=130 | track=3bb1e4a783ebcb3b11ba9c9954826a1d
global_step=375376 | return=-137.51 | steps=130 | track=4e12a4f3b725dd7507d4c064ec3ccd0c
global_step=375440 | return=-137.80 | steps=131 | track=b99bf7cd1d15c18b5fe001674851ebdc
global_step=375728 | return=3.53 | steps=132 | track=fae2d763f2696cf3e21073bbd55f2347
global_step=375888 | return=-147.20 | steps=131 | track=4c1bdefa1457c11639f068442b84e0ee
global_step=375888 | return=-157.46 | steps=131 | track=9485ad86ece9d22b8f9ce559a01e94c5
global_step=376000 | return=-135.86 | steps=131 | track=bd3a24e022ac5de0f07f73c817cdaec4
global_step=376000 | return=-140.55 | steps=131 | track=364534f162c537186f4d57801d2b9787
global_step=376016 | return=-138.19 | steps=132 | track=e771c1b8b5cdb4d88db023f9e315cab4
global_step=376240 | return=-145.40 | steps=131 | track=0c04aa956f42c42adc7124f9f7213559
global_step=376368 | return=-36.68 | steps=90 | track=958c92d5818e4df2181fcf05dbef9154
global_step=376640 | return=-67.80 | steps=46 | track=03678bc0c42c4fc5172f4658eb4daf54
global_step=376768 | return=-65.03 | steps=47 | track=4d54415bb1a45154d3b3a1413b798b5b
global_step=376784 | return=7.45 | steps=65 | track=25fb26eecd4eb0382f777bf357408c28
global_step=376832, SPS=66
global_step=376928 | return=-146.34 | steps=131 | track=2fe2e851c102b7aaf51f69547e4e0274
global_step=376944 | return=-88.02 | steps=97 | track=e4c6bc44252d979494f226907570b8d9
global_step=376960 | return=-46.65 | steps=59 | track=7c85964af94585169b784f851ee15c46
global_step=376960 | return=-74.33 | steps=94 | track=0ddf48650eed65b4e5a3649dc614688b
global_step=377072 | return=-16.35 | steps=65 | track=0d932f24ff37f2cea452a83ebcbe2b16
global_step=377088 | return=-143.90 | steps=131 | track=e8d7cf3a7923a972122df631d431b068
global_step=377232 | return=-137.20 | steps=131 | track=7aefabc27322fc65d2b75950871820bb
global_step=377360 | return=-65.63 | steps=91 | track=ee9725ee0aa5996931e6229c74d6d9d1
global_step=377424 | return=-135.75 | steps=131 | track=fd9891f21214b0a54b22ea1aa716b35e
global_step=377712 | return=-8.54 | steps=66 | track=b77a526db063fc5d1321208f68167126
global_step=377808 | return=-135.05 | steps=214 | track=cd83f719306f9f7d0e3f33c122ce425a
global_step=377824 | return=-154.16 | steps=219 | track=c0cf1072e9cd47de1072e5449a9573ec
global_step=377952 | return=-29.89 | steps=61 | track=7a811f13a724519cff321d2c89e9cb64
global_step=378352 | return=-138.36 | steps=131 | track=17ec994b5bde4158e2ba0479af2c22a0
global_step=378400 | return=-66.18 | steps=91 | track=4c11e09b32ced3d9fd233ff718c3f637
global_step=378480 | return=-147.19 | steps=131 | track=9ace418e4ca35591af0ae1f8f6ac7318
global_step=378800 | return=-91.96 | steps=97 | track=cba24dc52f6c66ad6dcff3b49dc2698e
global_step=378880 | return=-154.16 | steps=130 | track=d1202823a8a2fe4482f72bca70a78bbd
global_step=378880 | return=-141.69 | steps=131 | track=ae459abe805521caf12d0c106e78d3fe
global_step=379040 | return=-148.37 | steps=130 | track=f4d3f95ee420d01ca19110ad3f728daf
global_step=379056 | return=-146.11 | steps=130 | track=c435bbc9a24c2f521cdd7f854792b1b5
global_step=379184 | return=-153.92 | steps=130 | track=46fc346ba82c0522073b43e6985d7510
global_step=379184 | return=-129.99 | steps=131 | track=40740f4aa2f14ec37c4fa93665439e11
global_step=379184 | return=-19.14 | steps=85 | track=852af5e5bbcf1bf9edf92907f9bb8c3e
global_step=379472 | return=-134.17 | steps=131 | track=9ca86c5b17a33dd9c9c491fa44076255
global_step=379536 | return=-147.59 | steps=131 | track=fa7e8eb99c4bccc473871a3079c6c714
global_step=379664 | return=-49.55 | steps=73 | track=6b6866efe695e4b1cb7fe3e26b5184e7
global_step=379760 | return=-61.24 | steps=43 | track=72d422728cde5f96c173c422392f4cc4
global_step=379808 | return=-151.19 | steps=130 | track=c5e12d5d9ef23c29324f57087e740d87
global_step=379968 | return=-23.27 | steps=72 | track=a1faa853a38d358acde79e42abc451bc
global_step=380064 | return=-138.72 | steps=131 | track=8408f153fa226133cdd4ae15d9b47d72
global_step=380160 | return=-57.70 | steps=145 | track=7e964561ca55ab8accb2169af18d46c3
global_step=380368 | return=-80.53 | steps=92 | track=02776bd64b58da42ebc71fcdc0dd968c
global_step=380448 | return=-157.09 | steps=130 | track=4dd12d006203e67203c404a145aeb115
global_step=380496 | return=-162.92 | steps=130 | track=0f2bd67be71862c68f12d7f59d5af31b
global_step=380976 | return=-152.42 | steps=130 | track=79f45f2358a524550dd41ae71f3574bf
global_step=381152 | return=-153.19 | steps=131 | track=08d95ba3925eb259a9769a3a53698066
global_step=381280 | return=-134.20 | steps=130 | track=c6072efabdcd3d27b37557d257b08f55
global_step=381440 | return=-65.58 | steps=58 | track=a4a63245b64bd88271dd8e8932bb88ef
global_step=381584 | return=-144.01 | steps=131 | track=bd5cb2b1d788d6d881a33ac13aa0a463
global_step=381616 | return=-77.53 | steps=151 | track=5f83afc3918b3246b6f7c8ce8eebf6f9
global_step=381776 | return=-133.75 | steps=131 | track=2b3020d037e753894d2731e0d3d25c3d
global_step=382016 | return=-110.96 | steps=102 | track=9d1fd9eb75ea5f9baa9be86b35861ca1
global_step=382080 | return=-140.67 | steps=131 | track=79fda8bf6a51402b88611530d70fde48
global_step=382128 | return=-0.69 | steps=52 | track=84e53bb0000a4847fa1ed175e39b8004
global_step=382176 | return=-149.09 | steps=131 | track=e34b65a69ebe68866c0f5b8fe3db613a
global_step=382176 | return=-111.71 | steps=150 | track=1a157f3bf85f59d70de69b0412d71691
global_step=382192 | return=-171.42 | steps=187 | track=0a27c4b73a6631b6bac8c46d92ac73c3
global_step=382272 | return=-140.35 | steps=131 | track=1c84a45fac236cbbb844eb0be41dcc18
global_step=382560 | return=-35.05 | steps=60 | track=20a5eea8f570f4a315a712f67001699d
global_step=382560 | return=-148.81 | steps=131 | track=a6766a9ec5f38f5800e54be482f54193
global_step=383088 | return=-146.13 | steps=131 | track=18aaa26b1118cbe4bf59943fc7ff2cd9
global_step=383200 | return=-115.39 | steps=98 | track=78f7c0c56f6f76ebad291686d38fb80e
global_step=383200 | return=29.26 | steps=66 | track=553d70e46e32b19233ff55289909b2cc
global_step=383232 | return=-97.04 | steps=75 | track=93ddf016bcff97b3a36199b8be4ce078
global_step=383264 | return=-139.60 | steps=131 | track=a1bb8aba4834c8e3ce4d9d07a4f22397
global_step=383280 | return=-198.27 | steps=216 | track=0f9e2a7ca3cbc3730f64c3ae4b3d7a9c
global_step=383312 | return=-11.63 | steps=64 | track=35e0359954f203374b6994b38d684542
global_step=383552 | return=-145.91 | steps=131 | track=78b668ec113c9e9830630bdbbba27f8f
global_step=383968 | return=-113.85 | steps=110 | track=a57597998125d71a0aef8172e2b8a901
global_step=384288 | return=-168.58 | steps=131 | track=305989e54d3885a9948039640e430a75
global_step=384416 | return=-79.83 | steps=145 | track=41d6d50a75ec2eff0aee3f447962b22d
global_step=384480 | return=-59.14 | steps=86 | track=18406af053ca807c0d66111f9bf47056
global_step=384640 | return=-245.82 | steps=318 | track=75fd0029c01ae187d23dc86a8d4f3ae5
global_step=384672 | return=-147.47 | steps=131 | track=c13fdf943b16b50ca71cec6dceb536ed
global_step=385216 | return=-58.36 | steps=49 | track=488fb27ff2a9fdfb34bb259d09aab7ea
global_step=385296 | return=-136.35 | steps=130 | track=b8810a6991b4775ee788cd38926bc0fb
global_step=385312 | return=-136.36 | steps=131 | track=fb63a1ff3d1b3778c1d7b6d7ba95977c
global_step=385344 | return=-146.40 | steps=131 | track=c1cf1094561dc9e188f4fb1203cfee5f
global_step=385376 | return=29.95 | steps=87 | track=81c28d5af783e9c72c1d2a2a486e40b4
global_step=385424 | return=-136.00 | steps=131 | track=7fc7d6ecdc96400d855458d76fe065f1
global_step=385504 | return=1.02 | steps=63 | track=b61f2c461b7d98133662ad7c4f6eb67e
global_step=385664 | return=-130.94 | steps=131 | track=363c68134bd0d9ae6fab2572666fb274
global_step=385904 | return=-103.99 | steps=164 | track=7e36ce78e1a61246a3e132b6079acf65
global_step=386000 | return=-129.63 | steps=238 | track=661b1ce2b5863180d98b8de01b17821c
global_step=386240 | return=-77.63 | steps=55 | track=0d1faffd336a24dac03ca13762600fe3
global_step=386496 | return=12.53 | steps=73 | track=9bf0bbc54c9caf0bce7a3c02e1a67466
global_step=386784 | return=-137.20 | steps=131 | track=3310d7d4282f6e8021bdf77b2ed2ae50
global_step=386800 | return=-110.61 | steps=264 | track=f5d90f771dfdf3a02b518a1c94ffda2c
global_step=386944 | return=-1.11 | steps=64 | track=add2b22bfdf016c0c3df0dd041fcf2a9
global_step=387040 | return=-35.70 | steps=149 | track=715bba1a3f0ab3ab86022747924bda2d
global_step=387040 | return=-95.31 | steps=95 | track=3cba011a39274a7cfb65eb48b24c5c18
global_step=387328 | return=-135.75 | steps=131 | track=0e5e4d27343c8eabbdd1bf4a8201baf7
global_step=387408 | return=-134.76 | steps=131 | track=18379cc81bd8d44d05c4395bd120bef1
global_step=387472 | return=-143.52 | steps=130 | track=0e2fe41a21066a1679071ecc55456943
global_step=387744 | return=-27.80 | steps=144 | track=b03b06b06ad725a75e14814fe293f5e2
global_step=387760 | return=-151.13 | steps=130 | track=b419de2082aee016ca3797f4f1161a20
global_step=388048 | return=-173.40 | steps=391 | track=3849fc33eaba971bd95e38dd0284ac66
global_step=388048 | return=-185.15 | steps=297 | track=95dd459f12e0599d6b633f83692134b2
global_step=388288 | return=-80.78 | steps=93 | track=5dd17df683ec6583ef5d958326533d14
global_step=388336 | return=-164.99 | steps=130 | track=ae0821e1f3b558c79f40c0941d47942c
global_step=388560 | return=-49.87 | steps=159 | track=8f5b0e56db0b84975e1423f8cdf5b8bf
global_step=388656 | return=-173.78 | steps=272 | track=e82f93c21db97a2016509573182bc662
global_step=388736 | return=-89.38 | steps=139 | track=ce33f63f39e5d83598615557e2c327bd
global_step=388800 | return=-125.80 | steps=109 | track=d7dada8df95ffbc8ccb4aa294b2fe91b
global_step=388896 | return=-140.57 | steps=130 | track=dcd2f06da850e2d2c1cfa74dfc247b4d
global_step=388912 | return=-110.57 | steps=89 | track=8b55d04191e7fc9bf44460a7ff8feae9
global_step=389152 | return=-149.78 | steps=131 | track=fb38bb6efa40a74f51c0109374bbc3a7
global_step=389440 | return=-147.01 | steps=131 | track=1016ed39c99dcb19ac922b1c0a558871
global_step=389568 | return=-129.22 | steps=163 | track=b01602af386c172a94ce45162315b748
global_step=389760 | return=-88.93 | steps=59 | track=e2fbbcf4a7a3160091db3eb596f0fda5
global_step=389856 | return=-142.98 | steps=131 | track=881a693673120e01e5c8bef1472ce0ed
global_step=389872 | return=-138.41 | steps=131 | track=73d8bcab6e7aae9d824204f924d0cca2
global_step=390064 | return=-64.14 | steps=87 | track=c854d301549505dbe9dc94a38de2670e
global_step=390160 | return=-147.25 | steps=131 | track=c06c3d829062b806cf8f609c5efc6169
global_step=390192 | return=-56.66 | steps=46 | track=419c5fdc10b0c37984089c261f08f8cb
global_step=390480 | return=-133.28 | steps=133 | track=f726c7f23b9c43a6f672d5c7c7ec07f9
global_step=390496 | return=-33.42 | steps=152 | track=696ca4034bb3b8fe2d31e7fcebc9b86c
global_step=390528 | return=-112.24 | steps=101 | track=7d009569f0dc205674f4487a87dfdbb4
global_step=390608 | return=-83.05 | steps=144 | track=8bc1627ce03062e06f0e403964ab0c46
global_step=390672 | return=-119.60 | steps=131 | track=3053a84bef203a4e224c3cf451cba3eb
global_step=390832 | return=9.27 | steps=66 | track=38b405710631998321c609a364da5dd3
global_step=390912 | return=-187.43 | steps=218 | track=14a1687e4fd739337022fa028e185a4e
global_step=390960 | return=-38.19 | steps=49 | track=de90131be37f7efde65f956fca3e079e
global_step=391008 | return=-90.87 | steps=89 | track=23e5bacb4064557437f615250518720f
global_step=391024 | return=-138.13 | steps=131 | track=1e86a458db59840d1793e17f75712299
global_step=391264 | return=-144.34 | steps=131 | track=c6074c8eb36cd30ec64c2607fb97ca02
global_step=391552 | return=2.41 | steps=66 | track=e3d4d98fd854ef350ddd3751efa8eabe
global_step=391760 | return=-27.43 | steps=67 | track=2405318577193c1bcf06a844a072b62f
global_step=391904 | return=1.07 | steps=66 | track=80685a70f1ee5e638e090ed5537f9da7
global_step=391952 | return=-152.30 | steps=130 | track=6fbd4be542d007dd8b88b96b74b78029
global_step=391984 | return=-140.98 | steps=131 | track=2ce6d586d5f06ef695fd48d761b1af60
global_step=392048 | return=-83.27 | steps=89 | track=31327786885ea8bd9fe208e4125d1646
global_step=392080 | return=-2.18 | steps=66 | track=0f465ca4df445a6701654f02fa6a19f2
global_step=392128 | return=-10.88 | steps=211 | track=aed31f60d1a4f4ee569ee26ec1665762
global_step=392176 | return=-150.00 | steps=131 | track=5528210c2d4c466bbb41d630b8ced811
global_step=392592 | return=-132.90 | steps=97 | track=99d6d70c07c76440f292e14adcf6f74e
global_step=392608 | return=-141.19 | steps=131 | track=62144facdee5153a1728ba76f637a9b5
global_step=392672 | return=-165.47 | steps=154 | track=e43178c437538146592042c6911676d2
global_step=392784 | return=-105.50 | steps=140 | track=e6e6dd3cc92ca07e10af15e2b30bd725
global_step=393072 | return=-169.04 | steps=131 | track=c94014b7797f77ac3dba3f5b052e84c7
global_step=393200 | return=34.07 | steps=71 | track=a22692dc5e2acdc6a10cfcd81fa3e92b
global_step=393216, SPS=66
global_step=393472 | return=-79.61 | steps=92 | track=47fb170bd62db767600afa1d9394cf6b
global_step=393648 | return=-135.94 | steps=130 | track=eb05d75be92772829d78ee36f9681921
global_step=393696 | return=-105.35 | steps=151 | track=430a0ced7ce3f29361bbb2e994bf0a3a
global_step=393696 | return=-121.26 | steps=108 | track=a1d0275f33ce1366104117ca364a2bbb
global_step=393808 | return=-170.69 | steps=180 | track=67a4983d076cf4d29dec2026eea8cc41
global_step=393872 | return=-138.24 | steps=131 | track=644624872eb3d63053f9adf570f52edc
global_step=394000 | return=-101.33 | steps=130 | track=0284b827f496cff0a17ba78316f6f6cf
global_step=394160 | return=-136.61 | steps=123 | track=f17b840477b748846a9bfff97b8f9bfc
global_step=394176 | return=-0.98 | steps=68 | track=8e9e69704340e879a543d8c151c775c5
global_step=394192 | return=-114.34 | steps=131 | track=b83cd70a0d4c6ba741dbb2f9398fb5df
global_step=394240 | return=-136.72 | steps=131 | track=9c9ed2fb7a13169b5ed3327721171a72
global_step=394320 | return=-98.76 | steps=106 | track=fd66676afd5ae7afd4fdc9adbeaa5bb7
global_step=394640 | return=39.41 | steps=72 | track=261f8733dfc0f6a3b8a8316e8ebca021
global_step=394704 | return=-145.47 | steps=131 | track=e36c04861a36f6904512874e07f95266
global_step=394784 | return=-141.90 | steps=131 | track=aa2047a1902a0653bdfde378535c30e1
global_step=394880 | return=-138.64 | steps=130 | track=902be7ab72008172565aa58b7ab78a55
global_step=394976 | return=1.62 | steps=68 | track=0ad228e1883f13fd87601dbe76c0b6be
global_step=395216 | return=-6.30 | steps=64 | track=5b2494eda5cfd0f15f3b2eb7934437b1
global_step=395520 | return=-90.29 | steps=144 | track=a34110227bf4085b72ba74c040c9449f
global_step=395744 | return=-146.37 | steps=130 | track=cd3e792e159a9b2737eb82d37ce8c39a
global_step=395760 | return=-119.61 | steps=109 | track=1b3efc58b32d73fba52d83e17b4088f2
global_step=395792 | return=-133.28 | steps=130 | track=61dcc3174cbc03c35c4aeae1412e661a
global_step=395808 | return=-144.13 | steps=131 | track=d1f27c461b3888a90f2d76cc8c704f9c
global_step=395904 | return=-164.20 | steps=130 | track=031bffa4878079db462c02e8794874c6
global_step=396272 | return=-142.21 | steps=131 | track=3c0817f8f94a3bd6edb8484650a8a125
global_step=396432 | return=-132.13 | steps=131 | track=1af9e8b0c0db99c248c762a9750aac1b
global_step=396752 | return=-34.46 | steps=61 | track=45d96cca0618f0743ee7d6eccf676087
global_step=396752 | return=-151.39 | steps=131 | track=9f94498f8713c2e008e77d65b6b5c104
global_step=396816 | return=-137.47 | steps=131 | track=0e1f82292f285a7482d26dcc8f793eb0
global_step=396864 | return=-90.13 | steps=102 | track=3861c9aaa64be3c92c0eb83460d87be7
global_step=396896 | return=-139.99 | steps=131 | track=f2c676cc2b443c42b6963752f9c85e47
global_step=396976 | return=-147.73 | steps=130 | track=a504500645f0204422872696a1cb12d7
global_step=397088 | return=-141.59 | steps=131 | track=823c16f1df3a95f6cb788be9b498893e
global_step=397152 | return=-33.86 | steps=44 | track=3ef855382340efb53cec277ca3e1abeb
global_step=397216 | return=-121.93 | steps=91 | track=271432aa7265153d169e41531a935197
global_step=397632 | return=-140.98 | steps=131 | track=b1bf8f6c763b0ba6e31769ea9bf98b9b
global_step=397856 | return=-136.07 | steps=121 | track=63123c4dc36af38bf40ddb2544acda0b
global_step=397920 | return=-137.80 | steps=131 | track=b9a764b7e3a0a530597a2db7764a0e16
global_step=398064 | return=31.52 | steps=67 | track=41110ef0d504d01934614a733e049cca
global_step=398080 | return=-128.44 | steps=242 | track=59cd9aacb748f68fbc79b7cee9f93380
global_step=398368 | return=-55.18 | steps=79 | track=e93c1bdb6d84342be6bb6fca9749a078
global_step=398464 | return=-89.95 | steps=263 | track=ac3e131610c3d85a28bc0a6c22593650
global_step=398480 | return=-81.43 | steps=167 | track=351eebece144310dfe04dd9d381ff332
global_step=398496 | return=-94.36 | steps=138 | track=905fc6356fba14324ec6f5abf32b96bb
global_step=398864 | return=-19.94 | steps=62 | track=e1537472aeae2a4b5b907928b7d00f5d
global_step=398864 | return=-149.47 | steps=131 | track=aeceaae0ad974c802fdd65063c991c80
global_step=398912 | return=-150.84 | steps=130 | track=4afe4f4e52757290fe8de064b2edef88
global_step=398976 | return=-139.99 | steps=131 | track=08135fe096736f999cae74b111611f1e
global_step=399008 | return=-152.54 | steps=131 | track=26c2ba06c0794e32e89948902bb5e2fc
global_step=399200 | return=-72.12 | steps=152 | track=e7495c76053cb31bc87bfd7dd730c73b
global_step=399328 | return=-128.40 | steps=131 | track=911ff561345ba915831a5449e172803f
global_step=399376 | return=-81.84 | steps=54 | track=caac5dcd5340d3cf28bd3e75890ed604
global_step=399600 | return=-47.86 | steps=152 | track=7d75fef6141ebe1d980985cf8317bcbd
global_step=399680 | return=-67.70 | steps=47 | track=666a6643338d058711d86944f42eba36
global_step=399712 | return=-54.58 | steps=76 | track=7c3578b26570d531784c14db79b03974
global_step=399744 | return=-143.20 | steps=131 | track=0d9d3f674bedfd1e4c7b4ed5ea88a447
global_step=399760 | return=-35.19 | steps=48 | track=d88dc34373b4e7a4e9c17b4608f1eb7e
global_step=399840 | return=-17.28 | steps=60 | track=5dcd008f7c13259fdd368d218d679a85
global_step=399872 | return=-69.37 | steps=53 | track=db213add717c1b74a45566c54e07af2e
global_step=400032 | return=-141.67 | steps=131 | track=089157bcee21eb0df89b93fb45bee13a
global_step=400192 | return=-140.50 | steps=131 | track=0301a3a8ed2c856692398890984a5628
global_step=400368 | return=-70.80 | steps=143 | track=63d379f132522aba86efbb160964816c
global_step=400416 | return=-28.69 | steps=75 | track=ef1b6a37b4781479a5abda982817d12b
global_step=400432 | return=23.29 | steps=65 | track=4a9de4c8d08970e779ab82bd0db9c68e
global_step=400496 | return=-70.13 | steps=48 | track=c5e528c301d452ada8580b737618399b
global_step=400576 | return=-140.58 | steps=131 | track=db73e11fe4b0da87ff3721d3b32b3fa2
global_step=400656 | return=19.61 | steps=60 | track=e7443f6bfb3e580a5584377cc7abd3c8
global_step=400976 | return=-152.35 | steps=131 | track=a7ea299b979deaa5971713de07df4178
global_step=401120 | return=4.36 | steps=67 | track=246072442a7491a28af31ff2094f6723
global_step=401440 | return=-139.69 | steps=131 | track=e4a47eb9425300706f16595b4614ac42
global_step=401520 | return=-90.49 | steps=67 | track=0051dd5d56db9589371f404420b75d23
global_step=401712 | return=-135.20 | steps=131 | track=a0e221bae6c4290e0850e53098361647
global_step=401760 | return=-32.54 | steps=48 | track=e74051f24a7e4d223a71edd3f8b4f3d3
global_step=401840 | return=-140.58 | steps=130 | track=af5531ee35a617a254b3f7c43a509d38
global_step=401872 | return=-139.25 | steps=131 | track=ac4538f5a8ae32cab3d4476e5655573e
global_step=401952 | return=-123.19 | steps=109 | track=5f27b0778766c3ff414570549c34e67b
global_step=401952 | return=-144.91 | steps=131 | track=98e92c567fc8ddd3b02e009dac36dc05
global_step=401984 | return=-135.58 | steps=131 | track=977fcd5a7642e8d6d672980a21f28fbc
global_step=402032 | return=-84.92 | steps=100 | track=b2aed0c79f5878c2ef0d42bed5bb47c9
global_step=402176 | return=-180.41 | steps=237 | track=0c38b2291800d8971ac1dd6a12ffca67
global_step=402608 | return=-139.40 | steps=131 | track=eb6bea5a16e86fb98a8260ed9b284649
global_step=402640 | return=-48.60 | steps=42 | track=ba28af903355ec019b743e379841966e
global_step=402688 | return=-141.03 | steps=131 | track=f52843313c6c3b5ccad60b2cf8bc8f1d
global_step=402704 | return=-76.17 | steps=145 | track=f8fa4bf9479aaacf70c6d77ebb2c89c5
global_step=402768 | return=-136.34 | steps=131 | track=3847e79f3b56a0440683cab03e7b3c20
global_step=402960 | return=-36.07 | steps=74 | track=73d638790f99f8e85b819ff612364cc8
global_step=402960 | return=15.82 | steps=67 | track=9b1aa00ac4addafe5a022de110b9ecb7
global_step=403024 | return=0.63 | steps=61 | track=5327aa66d0a0dc7e7109fbcb69f3df91
global_step=403216 | return=-149.55 | steps=130 | track=bc498df87a8d68575e23a908bda28d2f
global_step=403392 | return=-113.76 | steps=96 | track=e6b604c777204ba188cc2cfcc403c258
global_step=403552 | return=-133.02 | steps=131 | track=597334e620af157b8d6b91792d345f57
global_step=403632 | return=-155.20 | steps=131 | track=5e136372e2690ed290bb78ebf21ce088
global_step=403680 | return=-35.43 | steps=66 | track=92f58c787ca6569cfc0c75182919f454
global_step=403824 | return=-148.16 | steps=131 | track=a9f086e7fa730017fa740dbc179a9b13
global_step=404048 | return=10.71 | steps=67 | track=8f2f51d7f3872561a18b231345b0c4e2
global_step=404064 | return=-139.60 | steps=131 | track=936c67db4189e71f867481ab166a3b1a
global_step=404080 | return=-131.62 | steps=130 | track=cdc0e319086975eb0f91fc199eaf7a30
global_step=404272 | return=-129.92 | steps=130 | track=e69f9f8ecda16417cffbaaded318cd8e
global_step=404496 | return=-40.17 | steps=112 | track=7cd56635b13bf376375b85544ed84c5a
global_step=404656 | return=-101.17 | steps=89 | track=93441202c0cecee2bf648b842c8fddc6
global_step=404736 | return=-154.64 | steps=130 | track=b8ffe23f54089b67bb4f2060a3cd906a
global_step=404816 | return=-135.99 | steps=131 | track=4b781c1a0d8018b852c74ce4be172d13
global_step=404880 | return=-143.19 | steps=131 | track=6413c20b6156f2dce799f31b9bae21b8
global_step=404912 | return=-104.32 | steps=94 | track=f937f1db1b5bbe2ae22faf0fbddf51f3
global_step=405088 | return=-147.69 | steps=132 | track=d155e8760296ceb29704e6aafd3ca05f
global_step=405088 | return=-118.61 | steps=128 | track=03603c3112ef3007fe871676b198a8c1
global_step=405296 | return=-6.17 | steps=63 | track=2035fcdffb2266ffc0fa132f1a2cb44d
global_step=405600 | return=-46.94 | steps=42 | track=2bb1eff8078556c303c5197c8a7ae9f5
global_step=405664 | return=-140.72 | steps=131 | track=f68169c7b2bdf5fc05dba109d46bfa12
global_step=405728 | return=-145.62 | steps=130 | track=7e5564f4b0384987a8342751bf3a2a11
global_step=405792 | return=-144.73 | steps=131 | track=548262995694122a9f4344f408871d1b
global_step=405872 | return=4.25 | steps=65 | track=8f3f8741e3412329386082ce225e6567
global_step=405920 | return=-104.93 | steps=114 | track=61056d3b7d6be10d7e60c432b3a1d293
global_step=405936 | return=11.68 | steps=65 | track=d452c31d1954c7d3c1b352e14dae8781
global_step=405936 | return=-151.38 | steps=131 | track=38778a6bfe54397eedcdccb52cc58f5b
global_step=406016 | return=-114.53 | steps=94 | track=84b5a0464331cc0edbe5aa3d1ec29681
global_step=406128 | return=-73.54 | steps=91 | track=66692869d9b6b6c0e571cb8ccb30f6e6
global_step=406160 | return=-136.98 | steps=131 | track=f633339493000ba5c62030b0e5c118f7
global_step=406336 | return=-78.90 | steps=77 | track=97478a852d7fbbf916185af859f5e672
global_step=406352 | return=-48.20 | steps=42 | track=d1ac825573c14e2469928d13091c205f
global_step=406672 | return=-18.54 | steps=45 | track=33c11d5e69cfb3545e5714faf4f423fd
global_step=406848 | return=-135.90 | steps=131 | track=8436d081c813b23351014550cf7d0606
global_step=406912 | return=-73.89 | steps=177 | track=5961b73b860b43483c158986b94ef3fe
global_step=406944 | return=-67.91 | steps=37 | track=af77297a57a08e16ac00e2c0972c1eba
global_step=407120 | return=-65.03 | steps=47 | track=23b4836f313dc582e9536d65e8366fe5
global_step=407408 | return=-132.74 | steps=131 | track=829a2b7ec8f01ed567a9947cfe966c2c
global_step=407440 | return=-56.28 | steps=81 | track=00ea5e72ae7a776c4cc12569545e6d21
global_step=407712 | return=-138.77 | steps=131 | track=5eb8a31eab502d74b3f09b9f9a3b2217
global_step=407744 | return=3.07 | steps=66 | track=b25067d0e1fb1a5c4544cd092e80b656
global_step=407760 | return=-42.89 | steps=122 | track=be50b496ca1368fc0229c0d72e499682
global_step=407824 | return=-135.36 | steps=130 | track=7b28cc982ac22a35ccb6bc4ad60f4698
global_step=407968 | return=-147.36 | steps=130 | track=4cfe7d452d400a4a0dfc4e526c504a4b
global_step=408016 | return=-155.09 | steps=130 | track=d4c5c67c579c3a0f13322c33433b18aa
global_step=408032 | return=-32.32 | steps=69 | track=db2c48be9dee1775a5b3b9989c2b5a37
global_step=408048 | return=-134.70 | steps=131 | track=c25381d6d782557c800534af14784da9
global_step=408128 | return=-151.28 | steps=131 | track=0f84165bf7af04c869aa6b29b84e10c9
global_step=408192 | return=-119.00 | steps=193 | track=9a706336d397e3a947d2c72bbf1b5b24
global_step=408272 | return=-139.03 | steps=131 | track=34594fbae9024412f69cd0d4f6506880
global_step=408336 | return=-27.73 | steps=55 | track=f41b87bc92203d3d96d4a2b51f2b4fae
global_step=408384 | return=-81.40 | steps=95 | track=f08063909b8ddaa336d67e0a65d84847
global_step=408384 | return=-71.24 | steps=89 | track=3eb61dc5c680e3961ab9df5d28b15be9
global_step=408912 | return=-72.17 | steps=93 | track=dc80382dec59efebb209074cba015322
global_step=409008 | return=4.20 | steps=64 | track=2c4985a861fdcab93598d45afa838990
global_step=409216 | return=-145.73 | steps=130 | track=db24bbbfc76e3be939571d08e7feb9e9
global_step=409216 | return=-10.44 | steps=63 | track=51d5d602523686afc3ed27a8fd38d152
global_step=409392 | return=-3.54 | steps=65 | track=a7ae1e5c12ff9bfecc5e7e530b32fc9d
global_step=409600, SPS=66
global_step=409808 | return=-146.59 | steps=130 | track=c7573d55b8a7dbb719e3cfefac7e82b4
global_step=409872 | return=-144.00 | steps=131 | track=27ecec91425dbd19d3da35675f845df7
global_step=409904 | return=-31.81 | steps=61 | track=0a5f7a113b78dfc30ad997c6b42aa019
global_step=409936 | return=-138.13 | steps=131 | track=dcb8b14908f32c41eec8b70d3205208a
global_step=410144 | return=-119.56 | steps=149 | track=8940188114dfa0202e9831e6bf3748ba
global_step=410144 | return=-146.54 | steps=131 | track=a770d06abfd386f8b218140c23837e7c
global_step=410160 | return=-151.25 | steps=131 | track=eed58c70c3a4bb34bbd5bc40f1bf7dfa
global_step=410256 | return=-146.71 | steps=132 | track=a762c267376cd7a72b3046b6cd7314bd
global_step=410352 | return=-113.10 | steps=129 | track=a4270b3c82e11056b43ecce8301db3e0
global_step=410496 | return=-20.76 | steps=154 | track=9be787ebacfd609b4a40b339de5570a9
global_step=410496 | return=-164.52 | steps=131 | track=b47cb5b027f34fe3c44ccbfb1fb7330f
global_step=410656 | return=-85.21 | steps=89 | track=28e70da4f47b884fe0bee9d4f85a2b2d
global_step=410976 | return=3.31 | steps=66 | track=c087d84df9204b78cbe6d9ef8881765a
global_step=411104 | return=-150.11 | steps=130 | track=16e5f83fa95a3e8f8bddfea73a26ae4d
global_step=411120 | return=-0.67 | steps=81 | track=c276a79b66df39423629b89bcc792f2a
global_step=411328 | return=-140.00 | steps=131 | track=00330883d200523370b143d8706b3db0
global_step=411392 | return=-65.98 | steps=45 | track=0f1862167d364cfd1f6ab6ffe41ea4ab
global_step=411456 | return=81.64 | steps=191 | track=7735964932752883a4d2a4ffc21bb018
global_step=411504 | return=-75.59 | steps=97 | track=9d985f62d4fcf56c1f07177070ff2537
global_step=411504 | return=-150.35 | steps=131 | track=fbabc8522e1f2765348b28ca9bb6fb73
global_step=411520 | return=-96.62 | steps=102 | track=70da98cc87ea3b5eae93f047563a8324
global_step=411872 | return=-105.42 | steps=100 | track=d99c7851d45ec6a131e890e8de94ce27
global_step=412064 | return=8.34 | steps=97 | track=1cb28dd5c459637ae0bf3ae60668d5de
global_step=412160 | return=4.89 | steps=65 | track=f9366b7af68ef6fc3a1ff388182bb0d6
global_step=412192 | return=-72.97 | steps=127 | track=4c8f2c26edcda668fd8bf993fe96d90d
global_step=412224 | return=-147.88 | steps=128 | track=bc7bd4a8b87faf74a072a0408c885a5c
global_step=412256 | return=-137.90 | steps=131 | track=d33e52dba9883d10b7a1241491c4f29d
global_step=412272 | return=-123.61 | steps=110 | track=d6ccc537990b8abbd7690028438eb9a9
global_step=412304 | return=-8.90 | steps=73 | track=f20bdae307dc3d2df8bb3d2dfb41917a
global_step=412416 | return=-4.96 | steps=63 | track=5d34176d12700860bb59d60005a0fdb1
global_step=412464 | return=-68.43 | steps=62 | track=17d8281da493a65916a56b1efe1fd734
global_step=412464 | return=-137.01 | steps=131 | track=7b73e19855487035ce3e560746cb375e
global_step=412544 | return=-118.18 | steps=97 | track=2b85453ff689e28b55c916fa9e357a8a
global_step=412944 | return=-9.24 | steps=66 | track=e348d4cc7be0f89a1c7ac51cdd89636d
global_step=413024 | return=-116.49 | steps=94 | track=37f55c970c68d6183fe551dd2e89e625
global_step=413312 | return=-49.05 | steps=47 | track=efcd5ab391abf1dbb6d923fee027e4fb
global_step=413440 | return=-143.26 | steps=131 | track=c9503aed515f2dee35a33ffa52f81cf0
global_step=413456 | return=-4.97 | steps=61 | track=4f09429e23dc49ff125f62709f7e3676
global_step=413536 | return=-93.53 | steps=66 | track=a54c9e559f51a72c3c118e138be6aa65
global_step=413616 | return=-147.64 | steps=131 | track=da760e7f247eb75be7964cc9b6a90e3f
global_step=413728 | return=-76.54 | steps=103 | track=5ac5d7cd175fdff028d684a8d9649d82
global_step=413824 | return=-106.41 | steps=143 | track=a44d4206b15180c481043f6be45b85d5
global_step=413952 | return=-3.37 | steps=62 | track=d0539f933807628db2b4d856aaec25ad
global_step=414272 | return=-147.55 | steps=131 | track=67e6594fd0dae44a0662afb787e84b0f
global_step=414288 | return=-142.86 | steps=130 | track=f948b32c62b0844be679aeb9215fe530
global_step=414336 | return=-134.34 | steps=131 | track=987caed05ce4f5db6f6f4af1a8b6c311
global_step=414352 | return=-157.80 | steps=130 | track=ecb9d74d516e8d2c2e0a62da22177458
global_step=414384 | return=-138.48 | steps=131 | track=8d28813da6b738b808c1d766d192dac8
global_step=414416 | return=-140.55 | steps=131 | track=960add2685a1531c44ce5ae791b9a50c
global_step=414544 | return=12.53 | steps=67 | track=86b9cdc87d61ea4243e1569ceded47ae
global_step=414560 | return=-113.88 | steps=133 | track=ab98051d1fe8ee50ad59048ceea819bb
global_step=414976 | return=28.95 | steps=84 | track=c441c0d1c97537ea60b8d569b156e89e
global_step=415088 | return=-39.87 | steps=49 | track=072297269a9c810dbfb2e32798764f72
global_step=415136 | return=-139.99 | steps=131 | track=2124c12d0be1637a7adb607a0207765a
global_step=415184 | return=-117.57 | steps=102 | track=bccc89e5db490638ed69c0b670bf78f0
global_step=415280 | return=-56.27 | steps=44 | track=77ffea64fbac2ac45782031b8bc0e04b
global_step=415312 | return=-10.87 | steps=64 | track=b1faedf9213457bafc914a9d96c48241
global_step=415424 | return=-139.78 | steps=131 | track=167c58fbcc7739ea1e45f3ee8a002e35
global_step=415488 | return=17.33 | steps=70 | track=83f12c4fafe1792fdef0cffde4e774fc
global_step=415616 | return=-108.50 | steps=135 | track=5203e560114a0d665b5a5cfd10da7b8b
global_step=415920 | return=-101.15 | steps=136 | track=feb59c9e14b610ea2bed7f0f4849c375
global_step=416064 | return=-140.35 | steps=131 | track=2addfcd4d0b8f8bec02d69be6f5e59ae
global_step=416256 | return=-51.03 | steps=72 | track=fb121a244ef617da49042be178cf26e1
global_step=416448 | return=26.66 | steps=72 | track=b9b20ffb2835954f70911c9d75c1a01e
global_step=416464 | return=-148.01 | steps=132 | track=9ee936531a494616689547a7d9fb6b29
global_step=416528 | return=-137.39 | steps=131 | track=38c83b74236adc4ddfd0912beed6c53d
global_step=416544 | return=-105.51 | steps=134 | track=82e46225b77679924df185dac37fd598
global_step=416656 | return=-148.73 | steps=131 | track=a27b2a1cb5f9f782869da876579cd028
global_step=416784 | return=-95.86 | steps=102 | track=3d023215bbc9bd03059dc53fda7247a8
global_step=416944 | return=-87.23 | steps=194 | track=5bb274e62d2e7d40312b11e680853efa
global_step=416992 | return=-27.40 | steps=45 | track=81eb8a29824ca1d33f0da4e5c2653170
global_step=417056 | return=-29.94 | steps=70 | track=f833ca6ba1f0a5d4313d657824ee5f97
global_step=417088 | return=-138.58 | steps=131 | track=21526d8991db8de33638ec02cb801152
global_step=417104 | return=-1.12 | steps=64 | track=afb39eb0a101951cc0172c077f959782
global_step=417296 | return=-138.61 | steps=131 | track=0edb9a44b28570d3992ee5c62d3970de
global_step=417424 | return=-155.38 | steps=131 | track=3ccadc0c0c9b58adae5339d6d1ae1151
global_step=417536 | return=-134.76 | steps=131 | track=b2778ce59afdd2c627eb7b262ed6d481
global_step=417648 | return=-58.62 | steps=74 | track=f174d5ddb645b49c12da95ca0dad621c
global_step=417664 | return=-107.27 | steps=127 | track=e6926783d1a39056cc9409e6a2f3775c
global_step=417840 | return=-61.88 | steps=48 | track=b3abd9c2451117703a7960ceb3aeeee6
global_step=417936 | return=-67.74 | steps=152 | track=ce9a49e127ee58f2357a099494ef9140
global_step=418032 | return=-60.25 | steps=92 | track=5d39bdfbc4a6681d902452702774a162
global_step=418304 | return=-62.16 | steps=47 | track=46786ac47b6af92c705462f46c486d5e
global_step=418688 | return=-22.14 | steps=63 | track=c7a8b9cf37d4db6412148aa3773ea1ac
global_step=418752 | return=-141.52 | steps=130 | track=3fa2d9daa8e069de0ab8be8cce9f4ee5
global_step=418880 | return=-148.42 | steps=130 | track=67a5bb3c0bff48102f56e699a88d8d67
global_step=418880 | return=-49.71 | steps=117 | track=4ab7f0c626103cc5302b249b69bcc965
global_step=418960 | return=-10.65 | steps=63 | track=3b4d74f9a0b397fcbaac97c3f2375ec2
global_step=419056 | return=-145.39 | steps=131 | track=89cdcaf436d5ca833fed9aaad458cafc
global_step=419184 | return=-149.75 | steps=130 | track=40f8a9e0b7a3b6730157185bb2c132f3
global_step=419216 | return=-125.59 | steps=131 | track=dc6acd7cbbb021e129331c61147a6ee1
global_step=419360 | return=58.98 | steps=176 | track=b8269be2a839dd9fc94f3399b96e37d7
global_step=419536 | return=-140.13 | steps=131 | track=c83a0c9bb7ff1ef66eaff561e737f3e7
global_step=419536 | return=-95.67 | steps=139 | track=c8980b4a8046954ff20d7e31c3fb7c8e
global_step=419728 | return=-42.09 | steps=105 | track=e0bea8b4d81c719e5589cad740b3d19d
global_step=419760 | return=-149.30 | steps=131 | track=7000f30a70efd1370f8b054b5aa8436a
global_step=419776 | return=-23.52 | steps=67 | track=7d365ef7a80f1c49195a7555cf761e8d
global_step=419952 | return=-146.48 | steps=131 | track=a3de6841c708198d5304b96ee7775624
global_step=420000 | return=-181.18 | steps=220 | track=9277966947f149a3f014a207fc43db65
global_step=420208 | return=-98.17 | steps=41 | track=1b43d1773556b2deade7c1a40ff14d41
global_step=420400 | return=-80.59 | steps=53 | track=9424e94bf34463210c28d694d0b42214
global_step=420656 | return=-137.10 | steps=146 | track=95500ef206f26ec9d095854414989b22
global_step=420864 | return=-145.01 | steps=131 | track=c9c548084156bfd66525c329bbda3a78
global_step=420992 | return=-153.64 | steps=131 | track=eeb4c7ea235898dd61bbf0f2c6572081
global_step=421072 | return=13.72 | steps=69 | track=ad6150cb1b5c260f162687f9ae9b327b
global_step=421120 | return=-69.91 | steps=84 | track=33a3ff4e3414a1ead4e59a2728524c58
global_step=421152 | return=-145.94 | steps=130 | track=9ff9b30e5ec5de4e8fd26325ae206a55
global_step=421216 | return=-79.85 | steps=145 | track=89e5a4c311264854951f05286ed6d311
global_step=421312 | return=-152.98 | steps=130 | track=5c46c5ba4065c40998c31b47b9ca89b5
global_step=421424 | return=-15.45 | steps=63 | track=9a1b57362299e0dd487ba75eeaa3d012
global_step=421488 | return=-128.67 | steps=132 | track=90e55d8926328da0dfbaedcb30b576ba
global_step=421696 | return=-10.47 | steps=64 | track=8dfc8daa533d82803fc1a0a2b81a89bd
global_step=421744 | return=-116.69 | steps=173 | track=5887b1c4a5f73a6767226f0d746b4526
global_step=421840 | return=-135.58 | steps=131 | track=39e0e39cac6a33911a148de1a9242aa1
global_step=421888 | return=-141.60 | steps=131 | track=1bf7f4e779e330089b6e8455b4c035e7
global_step=422112 | return=-131.30 | steps=131 | track=75ac52de0211f08c2768b80c8deea5fa
global_step=422208 | return=18.94 | steps=65 | track=cbd0cde5ed8058869b84d6cdb06c5782
global_step=422384 | return=-18.36 | steps=59 | track=ae32e98fde931c847576135f5db7c5cf
global_step=422384 | return=-46.07 | steps=135 | track=819d9f1561f4960afb64180f523b88f3
global_step=422480 | return=-19.32 | steps=61 | track=00d9f3d82e9dbca66510f83757183f42
global_step=422528 | return=-70.99 | steps=95 | track=0420ea2cf12857cb27b0b8097a80a68c
global_step=422976 | return=-146.76 | steps=131 | track=c2a76460c02605c77f943050d0b5428f
global_step=423184 | return=-144.01 | steps=131 | track=45f5b59fc30005c6ace0514be4fab8c6
global_step=423248 | return=-83.84 | steps=253 | track=48c9e43ee23994df72d098e1e91d6114
global_step=423328 | return=-146.77 | steps=131 | track=42a9c3803bfd25bc7bbaec6b46e6f2a4
global_step=423392 | return=-11.89 | steps=62 | track=20260145e6ddf104c5dc96db333a348a
global_step=423808 | return=-132.94 | steps=131 | track=f2fecdb2728e39c5a44b24ba7d5bff92
global_step=423856 | return=-137.99 | steps=131 | track=821f2caf4c1643477a39fc8cf203b408
global_step=423888 | return=-82.78 | steps=56 | track=1342e993eb15da09b1e20d35d3794cb6
global_step=423936 | return=-148.64 | steps=130 | track=f07cfe767f903aec7f976acc4af41deb
global_step=424224 | return=-133.20 | steps=131 | track=eef1f714c5c4ff206e200bdc8fa79ac0
global_step=424304 | return=-143.73 | steps=130 | track=2b3b2c7c262a1a5736e0f6df67202613
global_step=424320 | return=-44.46 | steps=151 | track=9bcb7ef5f7b163920c9fda2b79acbd50
global_step=424480 | return=-143.94 | steps=130 | track=69a8e34be7f5704f6ea6391985d5f789
global_step=424512 | return=-196.26 | steps=199 | track=daea66a26f4be30034cc7c02b669525b
global_step=424832 | return=-103.89 | steps=89 | track=e531db4f085fc2bd7887ba2424c95c52
global_step=425008 | return=6.32 | steps=66 | track=20dfcc05272512425aa368f3ad25c4d8
global_step=425056 | return=-108.56 | steps=160 | track=60b25b7e45d219438d57406fd2d74b14
global_step=425280 | return=-146.58 | steps=130 | track=9eb332013a4b0e17c8de7bf4b36ead8c
global_step=425376 | return=-147.97 | steps=132 | track=fcfa98d2d0b38efafe9214970c2338f3
global_step=425600 | return=-119.47 | steps=108 | track=1cdfe92c4b736fdb1447a867de4e9183
global_step=425744 | return=-100.47 | steps=88 | track=a49e0f57fadfcf378343739962cd3c53
global_step=425808 | return=-258.63 | steps=292 | track=7260a5dcd23a98da85ed62fe2a1f3ed3
global_step=425824 | return=-57.48 | steps=47 | track=6967e99e3f9cb6f8b3304075ac203580
global_step=425920 | return=-136.96 | steps=131 | track=2587b002f34a68731bca6673b388a6f2
global_step=425984, SPS=66
global_step=426000 | return=-117.31 | steps=105 | track=e12588ea6036357623cf9909c538d4da
global_step=426336 | return=-151.20 | steps=131 | track=ca613876e556ae269f70a5b53e525e66
global_step=426416 | return=-170.22 | steps=192 | track=0682aab157a9bd13087ab80f032d4f97
global_step=426592 | return=-136.40 | steps=131 | track=3b20e792f92f2374775f430409b319a4
global_step=426608 | return=-66.03 | steps=42 | track=365868090821c3eb60747cc0feb8cc3e
global_step=426624 | return=-140.55 | steps=131 | track=4f5c94bc7d620a5f486d70b30f51ae5c
global_step=426640 | return=-183.45 | steps=171 | track=88d9d43b4c974404869f2fb07edf3b6d
global_step=426848 | return=18.77 | steps=68 | track=8a4f48603ea8aced50a09be603b16fc0
global_step=426928 | return=-70.03 | steps=36 | track=b4d24a2032a344f771d8358fae6da225
global_step=426944 | return=-143.67 | steps=131 | track=11ab3afb46169be41dbb99a1dcc76606
global_step=426960 | return=-199.05 | steps=276 | track=5f07c906f46e6d791a49ff02bdc393ce
global_step=427120 | return=-145.03 | steps=131 | track=33e30a2a1fb6300d99c5c30c81d2e2fe
global_step=427392 | return=-146.16 | steps=131 | track=2d311d01a0ff45579a21b889fb090a32
global_step=427472 | return=-145.30 | steps=130 | track=589d959bfce7b3a46b64ac4df632cadb
global_step=427472 | return=4.26 | steps=65 | track=79e692ed3d39fab667f61f0503e77983
global_step=427584 | return=-112.60 | steps=110 | track=23898d62d146148ef28350530e68c6e0
global_step=427936 | return=-144.54 | steps=131 | track=ec0f39942c4b645892bc89dbc2fa06ea
global_step=427968 | return=-84.84 | steps=147 | track=b2e844abd306344a2fb7f307144c9904
global_step=427968 | return=-1.61 | steps=64 | track=2c778773bb7e3c4510cfbb2151e41e1e
global_step=428096 | return=52.25 | steps=70 | track=3e71cc1f87814075aaf2702460aa5154
global_step=428112 | return=-130.76 | steps=131 | track=10d9544aec69c6ad5d1aec3dd53027d8
global_step=428736 | return=-138.50 | steps=132 | track=d6a083241029e16051fc3b9d01d29149
global_step=428736 | return=-142.61 | steps=131 | track=1e2d9196d8a745fa48d262663e26372c
global_step=428752 | return=-139.01 | steps=131 | track=12b0ebc41b6954313fb9e98db22306d8
global_step=428912 | return=-107.58 | steps=144 | track=31941270c3f972eba08db387d23bf9ef
global_step=428928 | return=-41.17 | steps=59 | track=abf0f1c136a959e61836bde7e212176c
global_step=428960 | return=-145.19 | steps=131 | track=cddf221e298435b04585e8a82a4d8f57
global_step=429056 | return=-144.13 | steps=131 | track=010de6b43dff4b5b6fb6a4d5685b23f2
global_step=429248 | return=-106.89 | steps=110 | track=573b28190f644d0a442f730c4b4e4194
global_step=429504 | return=-138.72 | steps=131 | track=2cc72468bcd535058ff87a41f1c5720b
global_step=429696 | return=-145.03 | steps=131 | track=cd3393bdcd6d0c764d4a864e0879fbff
global_step=429776 | return=-115.47 | steps=165 | track=3a405b74fec07c1d3185a955ba9c4cc7
global_step=429952 | return=-9.38 | steps=63 | track=ade44bea6b61e8f610dc2ad8cb98424e
global_step=430000 | return=-89.27 | steps=67 | track=cd81e0b618acd6930b0f1375b097333e
global_step=430080 | return=-143.19 | steps=131 | track=85cc01c8f8072e8b286ac1f3fdd4b421
global_step=430176 | return=-152.12 | steps=168 | track=7a8f558a75a458b5fb55e6c54cfbe8a4
global_step=430208 | return=-130.40 | steps=131 | track=17aae72db9a9f4c540e6f56b01e8d3ce
global_step=430224 | return=-152.91 | steps=131 | track=b3ed2505be4a8ad8e64b602b7d4376df
global_step=430256 | return=-60.63 | steps=46 | track=92ef90e9ba49be642ec7567d24f0b5ce
global_step=430848 | return=-139.47 | steps=131 | track=01a85c6bc56d345c2e28a52459127793
global_step=430848 | return=-144.34 | steps=131 | track=54a857fcb68ae34f16085c1baad2b0c9
global_step=430880 | return=-147.53 | steps=132 | track=3ca2415ea8873ee33f902e82df992730
global_step=431072 | return=-133.43 | steps=131 | track=b421ce00edf5d0468c3801df53de6ba4
global_step=431168 | return=-139.91 | steps=131 | track=a85df698dfa4ff4ea4a4b22ba7ff314c
global_step=431360 | return=-146.21 | steps=131 | track=9183751779e67cae3fefe30afa0f3897
global_step=431584 | return=-176.21 | steps=227 | track=03173d7821b6a0545fa685cbff8fcda9
global_step=431888 | return=-147.04 | steps=131 | track=ade77d260eb4e2afac2a4efefd24e388
global_step=432064 | return=-126.55 | steps=131 | track=0c2a621c6c021f8f4092a18d086f371e
global_step=432096 | return=9.30 | steps=77 | track=3d1b13510afee6f022cd4bedbb4edbdf
global_step=432112 | return=-53.77 | steps=150 | track=00305c7679da29d77625e2584d625e97
global_step=432112 | return=-136.77 | steps=131 | track=82c08d866424d0fb317a5ee67561b04b
global_step=432192 | return=-150.73 | steps=131 | track=a55783bc710b4b600591989e8b72dd16
global_step=432288 | return=-130.21 | steps=131 | track=98a83f7653c15e08a520ea49a66851de
global_step=432320 | return=-136.77 | steps=131 | track=9a24139f834a584fb918f08254be453c
global_step=432320 | return=-147.73 | steps=130 | track=128eb4c2d8c1a28f24450dbe4a3cbc92
global_step=432448 | return=-110.60 | steps=99 | track=4700cb1ed75ab278e724f071f4d0737c
global_step=432528 | return=-92.97 | steps=90 | track=d676639014de3a013e03f662e8fae51c
global_step=432736 | return=-66.01 | steps=154 | track=e1f60364a35800dc1e8a4066e5548ac9
global_step=432976 | return=-125.19 | steps=130 | track=6249cf2bff0550eb57cdfc934c77aa07
global_step=433280 | return=-151.40 | steps=131 | track=fbaa90062360f2c5ae7fc00a021032d8
global_step=433456 | return=-139.38 | steps=130 | track=b1e3da0186872ec3ee271a2531b303e5
global_step=433504 | return=-59.57 | steps=47 | track=a807f5a2786b454d18adf7665a53cf04
global_step=433616 | return=1.11 | steps=67 | track=cd0b9721064ef093bc8ed63885a6ce9c
global_step=433696 | return=-150.96 | steps=131 | track=e19ba84bc0c344fb82f0be07843b2ac9
global_step=433952 | return=-117.72 | steps=109 | track=88c22490fbbd0f6891cbc4648a300fdd
global_step=433968 | return=-47.96 | steps=42 | track=fccf62bc5c7f5848f8325dcb925882aa
global_step=434000 | return=-136.48 | steps=131 | track=14d7ae1372b760612fab398e16cda68c
global_step=434176 | return=-140.48 | steps=131 | track=d6efa47c04e501d2bfbf71cfe1ce274d
global_step=434224 | return=-153.82 | steps=131 | track=6e61681298b39299021e39015b84014f
global_step=434224 | return=-147.59 | steps=131 | track=e8fe0dcd61f4a7ce1bc9f7058bc11636
global_step=434272 | return=-6.23 | steps=80 | track=ccfc1374e88daeaede4c08fbd1a363c6
global_step=434432 | return=-146.98 | steps=131 | track=99ba8f0f3b48faf1aaaa3aa1d6754f0c
global_step=434560 | return=-147.39 | steps=131 | track=9ee8a77dc140b67524eb098e37727dd2
global_step=434576 | return=-67.65 | steps=140 | track=49cdb30bd4677336d9cb7bccf52f925f
global_step=434656 | return=-15.32 | steps=64 | track=aa84218eacecf560be5caba16779b293
global_step=434784 | return=-36.64 | steps=67 | track=b5275e54ddb574ec93876fc813de709c
global_step=434976 | return=-171.96 | steps=167 | track=b43f5877b3b9d976ef9a82e7201f050d
global_step=435072 | return=23.38 | steps=66 | track=04a18aa57100248f3f90116427526f8e
global_step=435328 | return=-155.79 | steps=201 | track=2e01283f1083d8734232ee8159fe2692
global_step=435568 | return=-145.90 | steps=131 | track=38cddf1b60453641c23888012aec547e
global_step=435600 | return=-162.16 | steps=130 | track=eaf31be88301bfd1d0b35eed334e97ad
global_step=435680 | return=-25.29 | steps=77 | track=4fe71cd2adb70457650ab750dd9e5fdd
global_step=436064 | return=-142.01 | steps=131 | track=bea8ce2dfea66b2ae9fbb178f26bf8de
global_step=436080 | return=-144.13 | steps=131 | track=7051d12b576ba6a22faf24766ab2ee8f
global_step=436080 | return=15.21 | steps=68 | track=3aa3167cba49b83c326c985f7890318b
global_step=436288 | return=-137.73 | steps=131 | track=cb0faacd4d09b27e9cc6802b1880d70f
global_step=436336 | return=-59.84 | steps=47 | track=afbc4445e8791cb87458a88b47525c80
global_step=436336 | return=-147.89 | steps=131 | track=7542cae46cd948dcb8560f01774a7933
global_step=436336 | return=-148.77 | steps=131 | track=a0ff3156c05390d2220251bb584e067f
global_step=436384 | return=-161.46 | steps=131 | track=0b4c745f97d132084fd30e8615050771
global_step=436640 | return=-28.25 | steps=64 | track=6385b3c7577cdef31961a2ddf94bd04b
global_step=436640 | return=-145.39 | steps=128 | track=fc594887fea5bef20dbed77f6ea4006b
global_step=436672 | return=-137.26 | steps=131 | track=a7081a916c7b6c27b6875632c2141d41
global_step=436768 | return=-145.19 | steps=131 | track=863ac6462d6c6b291147a93d1c45f663
global_step=436880 | return=-105.63 | steps=130 | track=b653d03f2d45307feee30dee631750cb
global_step=437136 | return=-55.71 | steps=46 | track=c6dc957a634b1793cf1d4376741cccea
global_step=437168 | return=-135.05 | steps=130 | track=7ae0d5152e60f4bd58975f1b1cb4d162
global_step=437440 | return=-142.00 | steps=131 | track=4ea5e3915fe6881c03b352c21d2628cf
global_step=437648 | return=-15.32 | steps=62 | track=72515032b1dcb0a444c9e1a0c462158a
global_step=437792 | return=-139.47 | steps=131 | track=48de55d93f45dbe0200e46fd3c84118c
global_step=438096 | return=-81.26 | steps=57 | track=f636a1b0c137fcc1c2be93b9388c68fc
global_step=438176 | return=-141.25 | steps=131 | track=cdd2313473386fb49df36f78825e88fa
global_step=438192 | return=-145.86 | steps=131 | track=b0be2079c20c772c17b078ecc4b19509
global_step=438192 | return=-139.60 | steps=131 | track=acf85bb0aba3da86a718e2b7826f4cfc
global_step=438400 | return=-145.21 | steps=131 | track=ec06f5450d7b18ddd6b1c73fcf4ddce0
global_step=438432 | return=-142.37 | steps=130 | track=90b8fa376d828d888e19f734d1870869
global_step=438432 | return=-156.84 | steps=130 | track=5050f2f31d276123aaf63daa35ec20c0
global_step=438752 | return=-143.40 | steps=131 | track=db7750c69cef84b44b64cffbf6824eb4
global_step=438784 | return=-127.99 | steps=131 | track=43ddfad8ef3d3b839e2dfc79fa84df3a
global_step=438784 | return=-55.97 | steps=152 | track=4d2655dd721c653e8ee8916eaff577a9
global_step=438992 | return=-127.01 | steps=131 | track=607bd7dbc164e7e29ea046baf07f7abb
global_step=439232 | return=-115.94 | steps=130 | track=5bb7618282e5e443a5e80d1f8875dab2
global_step=439424 | return=-37.79 | steps=76 | track=f0cb0d598170fe244acf5d4e4129a56c
global_step=439488 | return=-87.20 | steps=105 | track=812867b82456e14b371275c8a2b94713
global_step=439552 | return=-142.01 | steps=131 | track=2681f81f579dc6d9c558c5ffaff8d4d8
global_step=439744 | return=-63.40 | steps=81 | track=b344a38d049c2dafbd7df959e59d4863
global_step=439760 | return=-142.34 | steps=131 | track=04000c35b6cc3d2d8682c11f8bed3c92
global_step=439840 | return=-109.37 | steps=89 | track=3ab0af16cc78c3d63d140ff8e1c6d215
global_step=439920 | return=-118.80 | steps=107 | track=b54b4e2f7fd4baa0d48b6d809b77cc07
global_step=440080 | return=9.20 | steps=67 | track=94c87d8c77131359052320101c2030f8
global_step=440208 | return=-146.55 | steps=131 | track=e38068afb6d84639d8421b386a6bcfd8
global_step=440288 | return=-163.38 | steps=131 | track=20c8e17f94ecf45710c7f3408f58db48
global_step=440544 | return=-135.43 | steps=131 | track=f822e9bcfd9be9a4b3a210bd7c41471a
global_step=440896 | return=-143.46 | steps=131 | track=d394366addc0c095ae51c7e490b446fa
global_step=440896 | return=-145.97 | steps=131 | track=1ce5a23e25ea56b1d1d1e275ae364fb8
global_step=441104 | return=-66.38 | steps=146 | track=2054d7edbf2f8a49e1e6f1faf68dd4df
global_step=441200 | return=-22.36 | steps=61 | track=0066277dc160b140de920dd7125aae88
global_step=441232 | return=63.09 | steps=86 | track=ca179ee625b9a892d41b17717ad6423f
global_step=441328 | return=-149.80 | steps=130 | track=bc377b3f374576eaf30b980da0166627
global_step=441408 | return=-115.66 | steps=119 | track=02d36b2959818ac197c5e661b5e4fb42
global_step=441664 | return=-137.99 | steps=131 | track=3523f005b7423d7a79fd34f9c73015d7
global_step=441856 | return=-133.51 | steps=131 | track=90f5b8127614ecbcd820ab4eddc90564
global_step=441984 | return=13.88 | steps=67 | track=643b9c966f2a366b00cf94501c822584
global_step=442032 | return=-135.73 | steps=131 | track=caec77bc64583ffdb75a0982abe66daf
global_step=442080 | return=-87.95 | steps=144 | track=904db1179e1df65805b9ee11a27f2548
global_step=442128 | return=-81.80 | steps=168 | track=58ed6e760f8701faf3a58e8b76b9416a
global_step=442192 | return=-146.98 | steps=131 | track=82a4a797cfc0ef8fc69af8620f97570f
global_step=442368, SPS=66
global_step=442416 | return=-153.48 | steps=132 | track=5c2ecc548e430c78db37e38fdc131770
global_step=443008 | return=-152.72 | steps=131 | track=5a0ef5a6fde040bc67a523d199f8899d
global_step=443088 | return=-34.02 | steps=62 | track=188b0ccff9e0f6c1bebd45dbcc0aaa29
global_step=443120 | return=-245.63 | steps=396 | track=c77b753115982cc06f588f94fb064ddc
global_step=443312 | return=-110.16 | steps=137 | track=4c9a30352c7e3dc3923bd1e67b54b007
global_step=443344 | return=-102.63 | steps=92 | track=aa552b2ecfc99dd9471f36b1900dd6c2
global_step=443440 | return=-150.73 | steps=131 | track=9690279588fbe7becf23b3e7393309f9
global_step=443520 | return=-128.67 | steps=131 | track=3521d83a71becc2cf0b841cc9ca9c216
global_step=443584 | return=154.30 | steps=148 | track=922614009a54e9c0e5aefa4af3b48975
global_step=443632 | return=-84.49 | steps=99 | track=5e0f285ee3dead58a061212b508f934f
global_step=443744 | return=-136.11 | steps=129 | track=cb1fb5c6b695b9422f662c8aff6d12c4
global_step=443968 | return=-80.31 | steps=110 | track=7fa53d3d0ee071fced86e8e7480238fa
global_step=443984 | return=-175.79 | steps=171 | track=5b15f8ac18d112872244d0996248f7f3
global_step=444064 | return=-133.96 | steps=219 | track=634bbe3f48390bd9e6cce842dff9f387
global_step=444096 | return=-138.72 | steps=131 | track=41570accea5d91a7e3c54d98e4175ccd
global_step=444240 | return=-136.01 | steps=131 | track=798c4f06aeab9d03c03466e024a508f2
global_step=444528 | return=-135.75 | steps=131 | track=e954c8675dee32dc97ffd93ed8173e36
global_step=444576 | return=-114.88 | steps=90 | track=27bcd2b56686990fbbe2ce1a30cc7239
global_step=444704 | return=10.86 | steps=66 | track=019dac2074236b2d5a2f76a32c1df466
global_step=444880 | return=-70.56 | steps=48 | track=3d92217bea3c5b2c4ad1277a5f2516a6
global_step=445120 | return=-139.75 | steps=131 | track=35d7d1280e7ac97fd104b29266b872dd
global_step=445184 | return=-145.80 | steps=130 | track=5307a68e1f4f471dc6037e87add928ba
global_step=445424 | return=-144.30 | steps=129 | track=c0b911c5f4316c47f3135421f9c8add3
global_step=445424 | return=-114.03 | steps=104 | track=f258bfebfe65e10130e3bf9c574c2a58
global_step=445552 | return=-139.73 | steps=131 | track=65fa0dcb747fe179519a65c21beb20af
global_step=445552 | return=-62.61 | steps=92 | track=d7090df375aed68d597ca273911096e7
global_step=445632 | return=-140.58 | steps=131 | track=afa9d40686bcd020f1b48a0fda4758f5
global_step=445664 | return=-61.75 | steps=146 | track=6b15c18c87820d2d57352a39224784ce
global_step=445664 | return=-70.55 | steps=59 | track=f5f427f55f545cbe28d762313f1ca251
global_step=445696 | return=-134.48 | steps=131 | track=19b99235b4f51bd1fe9837e72d99e8ae
global_step=445776 | return=-21.02 | steps=74 | track=cc4d8477c557b44b374fd7e5e8dbe8d0
global_step=446080 | return=-137.47 | steps=131 | track=85a262841697105b7a1b6402ff55f6a5
global_step=446096 | return=-144.41 | steps=131 | track=34a8e35d5ba51355713ca9d45f2afd74
global_step=446304 | return=26.21 | steps=69 | track=7d046cb089849c3425bdc25453bf3bef
global_step=446336 | return=-132.75 | steps=130 | track=e1668fdfca69523a34419dbc3c80f91f
global_step=446624 | return=-133.13 | steps=130 | track=ddd309af60890517d9b05911b1cb360e
global_step=446640 | return=-121.77 | steps=109 | track=56d7dfdb2a4b0bb373120f2b3a91f51c
global_step=446704 | return=11.05 | steps=66 | track=04e508f078aa11170174782f7957f0a3
global_step=447104 | return=-70.76 | steps=87 | track=dff46a58bd9086f773c3f653b6eb5488
global_step=447152 | return=6.32 | steps=66 | track=52938eb0097ef4fe169c3f4a54c7f8ec
global_step=447456 | return=-6.16 | steps=46 | track=13698821e11be36db2dbd6117ec64557
global_step=447536 | return=-131.99 | steps=116 | track=bb7da8c32f64938bbc526d9bd0abe3c0
global_step=447536 | return=-131.26 | steps=131 | track=a72df468661b79d60fb912ba6f10fbcc
global_step=447632 | return=-11.65 | steps=62 | track=4c55fcabaada231b1b085d065a75f983
global_step=447648 | return=-153.80 | steps=130 | track=9ff411190198145ee221bcec0859da51
global_step=447680 | return=-159.01 | steps=132 | track=de822cc117a706bbd6a6d23693fb11fc
global_step=447824 | return=-50.14 | steps=94 | track=ab337dbf7e4d44304a23da676a010353
global_step=447840 | return=-168.06 | steps=169 | track=4b27fd90fbc644a02849d69d2a2b7d54
global_step=447888 | return=-147.09 | steps=131 | track=1f073bca3759e97fee90c41812aa1e49
global_step=447936 | return=-72.28 | steps=141 | track=b7ee32102cdcfe6d1283de5fcfa54ae3
global_step=448192 | return=-149.40 | steps=130 | track=291e1348b0974759f6b54dfd3a36203c
global_step=448304 | return=-41.24 | steps=47 | track=bc1fac6b52b54db8aa85da417df819a7
global_step=448448 | return=-124.74 | steps=131 | track=eaa8ad57afb4a40532b8aaf6c6a55f94
global_step=448496 | return=-11.03 | steps=64 | track=f91909096c561da9bc25a7872d6ddaf8
global_step=448848 | return=-42.02 | steps=75 | track=c6930eed89f77cd23ae0c016ca7dbb72
global_step=448928 | return=-100.85 | steps=142 | track=ec715357bc9628e2a4139e0c9b28edf2
global_step=448960 | return=16.82 | steps=66 | track=dd653df8d927c06e7a8cbe5196e34b76
global_step=449072 | return=-69.49 | steps=47 | track=c529b8e984625785ca77ec623a652bf3
global_step=449120 | return=-106.64 | steps=89 | track=a7a340e2b30cc65d735d7fe8525dff3a
global_step=449216 | return=-149.78 | steps=131 | track=6b60c15a3218b0d028d2647019c2505c
global_step=449264 | return=-144.41 | steps=131 | track=c2ae09b1d11cd8319a33c458c40faf9c
global_step=449328 | return=-65.87 | steps=92 | track=bf7d6df466af955e7b38e1a70bddc9ef
global_step=449552 | return=16.21 | steps=68 | track=9e79d047f16ce63235911a19a9460973
global_step=449760 | return=-147.25 | steps=131 | track=4adb0057a726ef30a2ff05ab3227fd14
global_step=449856 | return=-62.32 | steps=45 | track=bb82ff506926597bfce16b6ec638419f
global_step=449888 | return=-133.99 | steps=146 | track=e9713560c4d8d638b7ad7558e7456589
global_step=449920 | return=-139.08 | steps=130 | track=3b3a0d57389a87b7b742cca3ccf5b8ea
global_step=450112 | return=-80.32 | steps=135 | track=e4abb52afe1fa2556e2fa6130d01947f
global_step=450288 | return=-143.88 | steps=130 | track=5bfe30681f1c811cb46da2054a294205
global_step=450416 | return=-3.66 | steps=71 | track=05709176233251606fa6ebc32b00fa63
global_step=450608 | return=-139.75 | steps=131 | track=f2afa68cf793ea4531455fa6cc5ee469
global_step=450960 | return=-142.54 | steps=131 | track=118a23adb1f8a24777d2d96a9ff7739c
global_step=450992 | return=-103.66 | steps=89 | track=4f85c2544d16630d1b884478f04615ce
global_step=451040 | return=-151.19 | steps=131 | track=b0c40da53591dee4f657864b44af55ef
global_step=451072 | return=-141.90 | steps=131 | track=9e9575af32a173596667cd44c310e4f6
global_step=451184 | return=-121.79 | steps=131 | track=20e75576ec7d9365a10db837cc3f852e
global_step=451328 | return=-140.55 | steps=131 | track=0e11c3a744ba8888ba8fee44a75a645a
global_step=451392 | return=-33.49 | steps=60 | track=164b1be2a5874e739e1a49e4fd0fc868
global_step=451424 | return=-178.47 | steps=374 | track=31e2fa1e48176aa56105656c77208df4
global_step=451440 | return=-110.56 | steps=96 | track=d9ba401afe40f0f96e6a672088c6f722
global_step=451872 | return=-120.81 | steps=109 | track=b9ee258056e78c257bc0e05f6310da51
global_step=451968 | return=-141.20 | steps=131 | track=b6d750d78ae0868621f7d20f3a1f7362
global_step=452032 | return=-92.19 | steps=141 | track=3cef3c94ca830609b3cd74055f2e2c56
global_step=452032 | return=-129.59 | steps=131 | track=da1424c2d72e5a24fdae056bf363a2b8
global_step=452384 | return=-136.58 | steps=130 | track=7f00b0c1c604252d96e56ff0be7d98b5
global_step=452464 | return=45.41 | steps=70 | track=0e3e2a6412bdef564e1d9eba3a63be9f
global_step=452496 | return=12.32 | steps=66 | track=c75fac0382314390d7bd855cffef6c52
global_step=452544 | return=-39.54 | steps=93 | track=47f7b8e417377a895aa472f97077c01d
global_step=452640 | return=-41.03 | steps=41 | track=b3d79bd038819a084e70f85795278a4c
global_step=452720 | return=-144.77 | steps=131 | track=77c2b9dfbc0735c710018ea0e229dadc
global_step=453072 | return=-132.46 | steps=131 | track=454480e5107e93b383e0c150d20f9244
global_step=453200 | return=-155.41 | steps=132 | track=29e7194d5975ff010346d48e8ce75acc
global_step=453216 | return=-141.39 | steps=126 | track=f6b53199b3366d8d2713866f92c03c59
global_step=453456 | return=-44.44 | steps=98 | track=bb13095d48f323363c03bf013d51067b
global_step=453456 | return=-21.80 | steps=61 | track=01c3d0760ee6217c0a9e93f44c95674e
global_step=453488 | return=-137.60 | steps=130 | track=bc1d4e16053deb9cc782c8de749e11c6
global_step=453536 | return=-138.99 | steps=130 | track=fc08b54a03c9f9c11b5d1572acb4cc05
global_step=454144 | return=-155.91 | steps=131 | track=176f9f221c8d1e2b80f7755876a030bd
global_step=454272 | return=-280.35 | steps=308 | track=31481bc8afae49ccef2146987afd4988
global_step=454496 | return=18.84 | steps=64 | track=692f51fa8d217a689549a3fa6600aace
global_step=454608 | return=-131.99 | steps=131 | track=1d83efc90edd4ec8570bc40d27a2408b
global_step=454624 | return=30.04 | steps=161 | track=aa2ecf5202fe5abcf17c49718e09aee4
global_step=454752 | return=-108.31 | steps=78 | track=0fd09ba265ecaae16a0ebd947add9e5b
global_step=454752 | return=-142.21 | steps=131 | track=ef871afbe675667ddd0c922ee277a364
global_step=454848 | return=-91.07 | steps=240 | track=4308a0bb3e808ffd5a48d446a874c74f
global_step=455056 | return=-63.09 | steps=156 | track=40a7e28ef25c41f9e0c648109fede4a0
global_step=455072 | return=-124.00 | steps=116 | track=704e6f92ff8928e6cbedc25fecb13a64
global_step=455168 | return=-144.58 | steps=130 | track=d0fbd3dade85ee8f1240c608f37068c7
global_step=455168 | return=-146.54 | steps=152 | track=a88ac42cda1b3f1908ace82c967705cd
global_step=455312 | return=-136.42 | steps=130 | track=8a97309564911b79ff22be405a3d884c
global_step=455472 | return=-13.71 | steps=74 | track=32efdc97cca18154a79fdd4f67b0454a
global_step=455520 | return=-53.59 | steps=47 | track=d7602e0ad6a04d3a896e5efe26190b5b
global_step=455552 | return=24.22 | steps=65 | track=6af65efd7515f9f2c0372529038d11db
global_step=455552 | return=-126.37 | steps=130 | track=02570c3d3272ea64f45e09d898f3475f
global_step=455616 | return=-192.83 | steps=201 | track=1519313ab6fd9f9ed7fdb1a221573dcb
global_step=455616 | return=-50.26 | steps=62 | track=c08a20cf66d221ed3e4552c42fb97b79
global_step=455648 | return=-172.00 | steps=131 | track=32ee20f868f06a768b86e1e2c23bf8bf
global_step=455760 | return=23.45 | steps=70 | track=35d0d8d52ed7bb422d79cc1d88edff1f
global_step=455856 | return=-58.06 | steps=49 | track=82b82069cb030eaa8a6e0cc0639008d3
global_step=455904 | return=-114.39 | steps=109 | track=8d31bc3061382e9cf4e3c4c3a1b8c4d1
global_step=456176 | return=-38.02 | steps=43 | track=278e721b7d69314efc3c903c0e3ab0b2
global_step=456864 | return=-115.50 | steps=105 | track=d7ffa39dc69b1c5c2359bb3e4004ab32
global_step=456880 | return=-138.09 | steps=132 | track=cd6bb235e2a108d669135cb0fdb01d2b
global_step=456960 | return=-144.70 | steps=131 | track=2e8aa4e3fa2c4bd4f9c231320cd86995
global_step=457184 | return=-141.78 | steps=131 | track=acec57a8844fe6edeca0fddeb15f2d97
global_step=457184 | return=-88.77 | steps=97 | track=43019047df3d22e62e8dcc2016827287
global_step=457280 | return=-138.00 | steps=131 | track=24cc084e5f4d3fc67963366a6ca2396c
global_step=457424 | return=-62.73 | steps=103 | track=ed82e0f068b8492f1c90f2048cba0de7
global_step=457424 | return=-142.36 | steps=131 | track=afed9f449816309fdf0df37e3520f8cd
global_step=457632 | return=-132.94 | steps=131 | track=322cbc9abd62c9f091d7844247b356e5
global_step=457776 | return=-117.72 | steps=138 | track=2fcae3543f778ee87a578b017caa6b0d
global_step=457920 | return=-3.15 | steps=65 | track=62c787e78b881ec2001edbb28a850b74
global_step=457968 | return=-151.64 | steps=131 | track=6868de5161a3ac14c3685aa5d371c713
global_step=458016 | return=-135.51 | steps=131 | track=9ce2cc915c40f15c1d6d7013249b3194
global_step=458272 | return=-146.00 | steps=130 | track=aee12e11acdd29dc0f28a6e65cedebff
global_step=458416 | return=-25.82 | steps=61 | track=5ef7fda711dd06cb411b0403d70ce4a0
global_step=458512 | return=7.10 | steps=67 | track=b8248ef0d87dd2fc90d818f89a668b5d
global_step=458704 | return=-64.62 | steps=45 | track=83cf49f63c091d1957c5f8239c8e9a51
global_step=458752 | return=-193.34 | steps=195 | track=086b75cedff59c9486e769c00133fc82
global_step=458752, SPS=66
global_step=458976 | return=-144.39 | steps=130 | track=3996f2487d237259d7216a6c6c45b9da
global_step=459056 | return=-142.86 | steps=130 | track=d50f2155fd6e29622f8f7aeb52ed1387
global_step=459216 | return=-105.58 | steps=89 | track=73cf4a82a3bf312e5c9ac2fc06a2d7a1
global_step=459248 | return=-174.50 | steps=224 | track=bb43b9fc9ce978b7d3a03333652720bc
global_step=459296 | return=-130.17 | steps=131 | track=e20173c4284b2cf0ef5f19560ce81078
global_step=459296 | return=-145.69 | steps=131 | track=ddea142cb0bc84b6791fd03118fb7cb7
global_step=459408 | return=-54.64 | steps=61 | track=e6400f626752e0493321957901cb8f1f
global_step=459616 | return=-82.79 | steps=145 | track=7fa78e03aaa26f207b80c828493a78eb
global_step=459744 | return=-127.00 | steps=131 | track=8976a4e587ada767ec427336ef71f928
global_step=459840 | return=-177.33 | steps=267 | track=fefc6735617c8439df13962680edf1bc
global_step=460064 | return=-32.44 | steps=62 | track=8f93f1ac7bdf313da72b40d846948c82
global_step=460320 | return=-87.46 | steps=143 | track=b2906950a64af865156906d7a9debf21
global_step=460336 | return=-33.67 | steps=44 | track=4a17078c72c31c303fd40c9bad2a88bb
global_step=460448 | return=-8.42 | steps=157 | track=34fb3b5babd8c6d8afe5493a963f84f9
global_step=460496 | return=-137.99 | steps=138 | track=049dba6cbd9ee2860d7892d219ad5ac9
global_step=460608 | return=-148.59 | steps=130 | track=0aa7dc65a309f3c932c7806ee289be0c
global_step=460720 | return=-105.94 | steps=60 | track=6c9ee5bb47138a33838af0473a3bbd70
global_step=460832 | return=-136.48 | steps=132 | track=053d597b417efca82e440c30b54276f4
global_step=460864 | return=-137.26 | steps=131 | track=95eba6c9f41f1ed232bf6c2e5165100d
global_step=461088 | return=-150.25 | steps=131 | track=d50e8dc19820c23cb1356685afd5aac7
global_step=461312 | return=-20.81 | steps=61 | track=eeae8109fb70b9dd9e046b4a7b4c868a
global_step=461392 | return=-153.36 | steps=130 | track=3e13eb5603aae3f2bb4e1d27d72e003d
global_step=461408 | return=-139.26 | steps=131 | track=2ff22ad863f49846276e8068b46afd94
global_step=461696 | return=-161.68 | steps=152 | track=087ab178dde7c777187f7c5227900d4d
global_step=461872 | return=-25.61 | steps=62 | track=3f1e3099b706fea9b01c0e29a7f7c348
global_step=461952 | return=-142.58 | steps=131 | track=e3a16f86cee7e0465b84c15bcae02b5d
global_step=462032 | return=-55.84 | steps=44 | track=865b20b42d0edd3b2f7ecd9fabacf968
global_step=462144 | return=85.70 | steps=182 | track=0f2a556f451e9ba108db18b114b76f94
global_step=462176 | return=-147.46 | steps=131 | track=8ffe63e1028c4f55e67893fb26389f4b
global_step=462384 | return=-72.74 | steps=96 | track=70746acc3c24d4fae899170a4a444fea
global_step=462416 | return=-64.24 | steps=44 | track=923f80fbde92fe42650e88bc1c3ca37d
global_step=462448 | return=-140.36 | steps=131 | track=9cd4cf226f045cd0c9affdfd79c165b2
global_step=462560 | return=-143.60 | steps=131 | track=f9fbb44827f2b6a5f290070521b8c1e4
global_step=462608 | return=-112.23 | steps=131 | track=adadcf79a491154d3fe6c9cff477a302
global_step=462624 | return=-143.70 | steps=200 | track=327c8bea913350258c87fbde56627f76
global_step=462816 | return=-145.17 | steps=130 | track=70d997a3762fe6550dfdb0e743685c9e
global_step=463040 | return=-151.10 | steps=151 | track=6f4d410e2c26deccb0a090802ada715d
global_step=463104 | return=-48.70 | steps=66 | track=7a7bbae4bbf8262c75c02cb2f9ac4e6f
global_step=463200 | return=-134.00 | steps=131 | track=f31e1dfc7147619bddcc74bd553c01db
global_step=463504 | return=-145.90 | steps=131 | track=3b7fd6b917f837f3cbfde1f527433ce1
global_step=463520 | return=-140.55 | steps=131 | track=6cbd34470f0cb9b441e3bb030b1f6a88
global_step=464016 | return=-146.50 | steps=133 | track=16f094bc6738e5fb30de154bd6b665ab
global_step=464064 | return=-137.01 | steps=131 | track=f7e42af3928a86a33cd0418003216794
global_step=464144 | return=-27.96 | steps=64 | track=ba1c15476044a5d557f49930bbf5ed6e
global_step=464224 | return=-122.19 | steps=110 | track=68ab68add6eeea6d9bac3542b7dd9539
global_step=464256 | return=-140.96 | steps=131 | track=c194da854b3f5c0d6c971db7a7c04078
global_step=464464 | return=-90.50 | steps=142 | track=f3329fab6f77ebdf1c05c4ccfc58cf66
global_step=464496 | return=-141.03 | steps=131 | track=8c93972f14884521843e4a856c22db9b
global_step=464528 | return=-134.58 | steps=131 | track=b40bf0877057bca2522816c7be870c5e
global_step=464672 | return=-146.17 | steps=131 | track=4ec83c8be1a6fc2454fa39a60ddbf90a
global_step=464672 | return=-29.33 | steps=115 | track=2c782c68d4563dcdb7dd032665ee592b
global_step=464720 | return=-114.58 | steps=130 | track=8e9b64f05348e435c6be04c5d2a04e6f
global_step=464720 | return=-130.94 | steps=131 | track=4320be937b02792892442ce5bc905a39
global_step=464864 | return=-38.95 | steps=52 | track=fa8a2d9ba895c6c6a6aecc8a576f5ad8
global_step=465296 | return=-142.86 | steps=130 | track=179eb583023593366d0addfd128b9dd3
global_step=465504 | return=-7.86 | steps=79 | track=ecff1006a914836143a66c8399fbeef6
global_step=465648 | return=-140.85 | steps=132 | track=e64864af4f625d47719b8bba24c1b387
global_step=465680 | return=-20.40 | steps=62 | track=2fcf55911ec11918b0894a37cfad10a1
global_step=465744 | return=65.40 | steps=79 | track=ca28fd86e7df3b9f0959bd5ece69da17
global_step=466144 | return=-53.47 | steps=117 | track=77a17f81b6bf60d80f6c23dab3f4fbcd
global_step=466176 | return=-139.20 | steps=131 | track=5b3da76a407477e0242d055c73bc6b64
global_step=466256 | return=-66.56 | steps=46 | track=51573774adf518e35f53c8601da28858
global_step=466464 | return=-90.64 | steps=184 | track=2fb34ac7ef85d1f3d65ccac46ba35c34
global_step=466480 | return=-114.08 | steps=100 | track=b58d09250567f904d8325844e8269a91
global_step=466608 | return=-148.98 | steps=131 | track=fc17e4d26f8416eb1e0cab3056b040e8
global_step=466720 | return=-85.64 | steps=160 | track=4b0e524e7d175f73ff696407bc8c6d0f
global_step=466736 | return=-110.53 | steps=89 | track=1f38362343a3c3896b6c5087f0dce7b8
global_step=466816 | return=-133.51 | steps=130 | track=24e66ca6db5c9e93d9687ba3cdc42137
global_step=466832 | return=-129.46 | steps=131 | track=077019c06d1c43d13d5952c26958a181
global_step=466864 | return=-69.41 | steps=145 | track=f51cc31fed30a1ea1e58cb4ba52e3e8a
global_step=467008 | return=-63.28 | steps=82 | track=366f76e72639697c262d8b0a12f20028
global_step=467264 | return=-16.94 | steps=49 | track=d9aab9b22fc59f7f1bbee9cc72aca890
global_step=467328 | return=29.30 | steps=66 | track=5623e2fb4bce08855786549b8e63222d
global_step=467744 | return=-158.66 | steps=130 | track=253775fd70609e0643cd9a871a30def7
global_step=467792 | return=9.18 | steps=65 | track=dd3d6846d9504853a20e75f0c4e67a09
global_step=467872 | return=-142.25 | steps=132 | track=2b6249cc511d0134600ad004d30aa6a2
global_step=467984 | return=-41.16 | steps=72 | track=8775cd00cd0c3b578f50ce0416dd60ca
global_step=468096 | return=-29.36 | steps=51 | track=100542770ac3dcad439e226626694d8f
global_step=468112 | return=-113.71 | steps=79 | track=47f83d404f6b50cdeaecbcf56aac7932
global_step=468288 | return=-153.25 | steps=131 | track=4b5c9f663b68bfbe1509f993768d94f6
global_step=468320 | return=-205.67 | steps=329 | track=69556238fc56161c5c188e626763248f
global_step=468400 | return=-62.11 | steps=40 | track=d992befb3d223b35c2378b87ea2bb1c1
global_step=468544 | return=-107.76 | steps=149 | track=09ab329a2499fd87881e17cfdb56f463
global_step=468592 | return=-114.55 | steps=131 | track=8347723c3e5b179d6fbeeca0b761ad77
global_step=468704 | return=-152.66 | steps=130 | track=b9051236d82d6ac3c78dd108200654b8
global_step=468832 | return=-94.80 | steps=131 | track=d9f0804f117af8141fc0bba15f21a299
global_step=468976 | return=-130.27 | steps=131 | track=c4bc96dccf85196d399e08d48808bebf
global_step=469024 | return=-5.31 | steps=64 | track=365dcfdd7b423c451f719d20ee7b5953
global_step=469104 | return=-14.96 | steps=61 | track=ca908e39f6089fb0ce7245bbbe04a20b
global_step=469120 | return=-154.28 | steps=131 | track=bb340f5afa67e649d465b99be4272599
global_step=469344 | return=87.49 | steps=291 | track=dca3293731940c872b504474d1c4e22b
global_step=469440 | return=-146.91 | steps=131 | track=40036c31e703b380732ff5905a39251c
global_step=469552 | return=-9.11 | steps=62 | track=7e8e4fcc04c2f9031b8e3acd9aa45fa0
global_step=469888 | return=-153.40 | steps=130 | track=c36c542414cd7d9d6f6cfce7e9f48f57
global_step=469904 | return=-75.61 | steps=93 | track=4462e14ed077ca90fb11f94340414f58
global_step=469984 | return=-143.67 | steps=131 | track=b45a41b780e41844007670c33c8cc18d
global_step=470208 | return=-139.69 | steps=131 | track=ea14d8730ebf5334b2e79d973340d962
global_step=470384 | return=-117.24 | steps=130 | track=7de2facfa682af91fde0f2d1c2502595
global_step=470432 | return=-137.20 | steps=131 | track=29421c99ee86e91f5c2e8d0eb1f8d3b2
global_step=470608 | return=-119.09 | steps=110 | track=6c6ea68c98768d618e202cc466f8ba79
global_step=470704 | return=-158.15 | steps=131 | track=a3dfe18fda102aa3c217668f37dc0e99
global_step=470768 | return=-80.17 | steps=108 | track=f5a19ffeb432356e869a198bffc60a65
global_step=470864 | return=-115.18 | steps=109 | track=c39895e82df252d4c75f39a91d761a39
global_step=471072 | return=-144.64 | steps=130 | track=174e05f76ea2dafaed6c70ee313aa491
global_step=471072 | return=-39.44 | steps=42 | track=0e86fea3647474b7690ce824f2f58e4d
global_step=471440 | return=-105.38 | steps=130 | track=094b1249cb6f197e196f4e62465ed873
global_step=471520 | return=-64.52 | steps=100 | track=73cdc5bbcfb59d197e4194917574a971
global_step=471536 | return=-151.80 | steps=130 | track=e4db05b7bb1c53081fef49c7e8b8fbb4
global_step=471568 | return=-61.41 | steps=152 | track=41d14edfc87676fdf1a100020ceb0616
global_step=471648 | return=-41.68 | steps=183 | track=1149e838d6a023659ba5f7d05f127edf
global_step=471648 | return=-145.90 | steps=130 | track=14557d5837d6d5eac137c06c4a68a080
global_step=472000 | return=-154.16 | steps=131 | track=8d91c51d2889a1f9de13aa7532691d90
global_step=472096 | return=-138.01 | steps=131 | track=75f8a5235491f7c9f86c15a79d0c6300
global_step=472320 | return=-141.25 | steps=131 | track=bc04e19e858591d492977379bb52ee78
global_step=472448 | return=-50.30 | steps=49 | track=8d19d62dff41159d4cb701985d6baef0
global_step=472544 | return=-156.70 | steps=131 | track=56ede2f75da7400b6d2804423a4fc5d3
global_step=472720 | return=-121.75 | steps=131 | track=f2418c9a963dfe70580d99d2adf24e78
global_step=472768 | return=15.25 | steps=69 | track=e0a986a8ed057a90bee2d7c613d0c0a6
global_step=472880 | return=-55.14 | steps=89 | track=46ea2aa4bdb5a9f3c0fe9be974ed0964
global_step=473008 | return=-54.91 | steps=42 | track=8bb98a3bb5ee4ef346183ae961088910
global_step=473136 | return=-60.56 | steps=151 | track=c1e63147308e8afb79847780227bd023
global_step=473168 | return=30.70 | steps=66 | track=198ce3c1df6056502769a2b7e59d69c4
global_step=473168 | return=-141.74 | steps=130 | track=1b29dbc94521745c734ff4cdb55a9c0a
global_step=473232 | return=-104.02 | steps=147 | track=31b1295ee75da82a89b235e03ecf82cd
global_step=473264 | return=-120.41 | steps=108 | track=28fcf8226f5a5d421bc8e2eca025105b
global_step=473264 | return=-62.40 | steps=44 | track=c82028d3cbd0a827434369bf81822978
global_step=473632 | return=-147.36 | steps=130 | track=d3ab62126b099e90100a2b7ddd4bd9e0
global_step=473680 | return=-140.98 | steps=131 | track=1a3bfcfe74d65489cac68a41fb91b428
global_step=473760 | return=-79.19 | steps=54 | track=ebf9112b3cc64af4523d288960b0fad8
global_step=474112 | return=-138.58 | steps=131 | track=2b667bfaf08c5ab86c3f894dd4a874e5
global_step=474160 | return=-16.80 | steps=61 | track=2bf58680938ae32a3dcaa9cf37c59612
global_step=474160 | return=-85.40 | steps=211 | track=3cbc1f57b91711645e377e346262682c
global_step=474256 | return=-78.87 | steps=95 | track=bf5fbcfd891c3354ba479e0add5541c5
global_step=474560 | return=-156.12 | steps=131 | track=0e31615e312b8842053979117b55471d
global_step=474624 | return=135.92 | steps=221 | track=749ef39816d335452712db268073da61
global_step=474880 | return=-137.80 | steps=131 | track=0bce822a281bbd653a26a3fbdc909be2
global_step=475136, SPS=66
global_step=475248 | return=-125.69 | steps=131 | track=c3ebb13957403cf32555a898b2b7812f
global_step=475280 | return=-146.98 | steps=131 | track=c4d9b939b5168e31dc93b46c98056848
global_step=475360 | return=-152.59 | steps=130 | track=432b5b939d37257611f5326f5f2daf3b
global_step=475680 | return=14.02 | steps=65 | track=150e9d031271c2a83f42a898cd05bc9e
global_step=475728 | return=-144.92 | steps=130 | track=ab06dbafb394f5210da8fcf1c0cfb43e
global_step=475792 | return=-133.58 | steps=131 | track=70103fa7a3938621c03a40bd433bb834
global_step=476208 | return=-172.61 | steps=199 | track=5eae260c54d7fb8c10a63112bf0a5d33
global_step=476224 | return=-102.60 | steps=131 | track=4655c2452a171fab90b5deabbaeb21af
global_step=476272 | return=-133.90 | steps=131 | track=a011021748069556d09460a604cd630c
global_step=476320 | return=1.68 | steps=64 | track=4e8d124e77c1ca627410ce5590aef417
global_step=476368 | return=-133.51 | steps=131 | track=791379eb60df1cf105689f58862e6d6d
global_step=476384 | return=-119.31 | steps=138 | track=eb6d3eda28f7787fbde44dff85cabd8d
global_step=476656 | return=-144.42 | steps=130 | track=a6a8fad8ef240854a596697e63fead4e
global_step=476784 | return=-26.22 | steps=61 | track=48e7eb83a74d3aeb36f265831a2bd328
global_step=477008 | return=-104.35 | steps=79 | track=6300668f3190e4ffeb8c45c20f918a76
global_step=477040 | return=-121.21 | steps=134 | track=0bf06d81b78a53350ca663e72a196149
global_step=477296 | return=-88.88 | steps=67 | track=4b204edc4fbad9affba4c3971d36c112
global_step=477440 | return=-84.09 | steps=260 | track=10521271bee4d214816f13d87907e915
global_step=477456 | return=-138.78 | steps=130 | track=caedc5b46d53f5081264f675d49d68d4
global_step=477456 | return=4.69 | steps=76 | track=f29900c45bffd9bea416d64b38f80f17
global_step=477600 | return=-131.77 | steps=272 | track=e8e7278dbee88f337f1e44c8ae211c32
global_step=477616 | return=-82.83 | steps=76 | track=c20088b6b733c7ba545f914a81800476
global_step=477632 | return=-44.40 | steps=60 | track=388c4aefffeb3d75b5537edca828785c
global_step=477792 | return=-139.90 | steps=131 | track=c71eef77ff0ee2488196368270c4c924
global_step=477888 | return=255.63 | steps=164 | track=89c56f41b3cc391ec1c5b5fdf08583b5
global_step=478048 | return=-114.16 | steps=107 | track=ac95975e24d30f5ed2f9ea2b53372dd5
global_step=478112 | return=-234.76 | steps=271 | track=5d5111e021aec5de083920903f93d655
global_step=478304 | return=-22.10 | steps=62 | track=75ede2ea61dce9733e96e79bc902f4ee
global_step=478384 | return=-141.01 | steps=131 | track=8c21750652f00b43a5f2b7d6a1dd4cd7
global_step=478384 | return=-49.35 | steps=57 | track=623524f392fe062e5adc4d8066117206
global_step=478480 | return=-138.98 | steps=131 | track=ba77b93ccab0aae958d2a628ecf5ef39
global_step=478752 | return=-119.24 | steps=106 | track=99cf1fcef8bff9b143fd582c871981cf
global_step=478896 | return=-34.62 | steps=62 | track=e07a87ebd34e3c61bbd84cfc9b07307e
global_step=479120 | return=-154.61 | steps=131 | track=d5d187e9112e01e8ca153f1ae2a88d71
global_step=479200 | return=-51.30 | steps=50 | track=cba73f7717e95226c78458344c5de821
global_step=479536 | return=-149.30 | steps=130 | track=5f90396949f2a1088aa9abc68e51922a
global_step=479536 | return=12.88 | steps=65 | track=722945aaf8caf50c58b1a0b382946607
global_step=479568 | return=-148.34 | steps=131 | track=1f9c725b4c467a2946f10945a1c9f399
global_step=479712 | return=-145.90 | steps=131 | track=8671e9a5b8c7c4e27a44ccbc0a27a11d
global_step=479728 | return=-127.73 | steps=130 | track=5cc33155cd3ed77c5aebfa3e153d36ba
global_step=479728 | return=-131.30 | steps=131 | track=c9aa39d55999c2ded164c750966dabcf
global_step=479888 | return=-145.94 | steps=130 | track=69011b1a56e7706973aca9b1ffd5882c
global_step=480160 | return=-144.22 | steps=131 | track=d7c1d1004dd2fb66bba92043f8a6b08d
global_step=480240 | return=-145.04 | steps=132 | track=c06241be3ae9d629284def8e02935349
global_step=480304 | return=-48.15 | steps=45 | track=623c523933c77467c0a5d3b2073bca37
global_step=480416 | return=-139.60 | steps=131 | track=7b5ac32160f185640a6867abc86a94da
global_step=480448 | return=-160.36 | steps=228 | track=b9fe2cec1b93d89194c0544dc965e04b
global_step=480480 | return=-152.07 | steps=130 | track=b13b1bf752ce897255c9483ef139042d
global_step=480848 | return=-99.35 | steps=130 | track=3b291886fa2f48cc15e10e03809f1d74
global_step=480992 | return=-27.64 | steps=51 | track=cec739f03396bb91d728d40bf7424e43
global_step=481008 | return=-142.41 | steps=131 | track=f3c2486a05bafbc484a21b2540433453
global_step=481184 | return=-63.79 | steps=123 | track=5185545c1f6875790297844fa7979c8b
global_step=481232 | return=-140.96 | steps=131 | track=ea8ba30c1557c43f004fb377d94aebc2
global_step=481616 | return=-143.00 | steps=129 | track=9b5c7220ebcb7652e45db5daddd906f2
global_step=481808 | return=-136.78 | steps=130 | track=2130e13659457c7c5ceb6e346886d471
global_step=481840 | return=-113.06 | steps=131 | track=a5e7aa6bd0feebf1321b10035676f396
global_step=481840 | return=-137.86 | steps=131 | track=4424bf1cad7fe4eef04d3b48a8b1dce3
global_step=481872 | return=-119.60 | steps=90 | track=1e2948fccf7004aaebe9149c995490b1
global_step=482000 | return=-145.01 | steps=131 | track=0fa4932e59be7f8e44203d1309987205
global_step=482224 | return=-20.67 | steps=61 | track=08490872310d000739de7ea62bc67fd6
global_step=482352 | return=-129.30 | steps=131 | track=bc27e20a991ce88650fff444274b8286
global_step=482592 | return=-138.58 | steps=131 | track=e88a981f33a14f7f7f1df30f55d1d9f1
global_step=482656 | return=-76.83 | steps=91 | track=cdb81a25b9c5d5e44f30ef4189df6519
global_step=482736 | return=-127.70 | steps=199 | track=77464a72d4afbbfeb6ce7d06e3ebcda4
global_step=482768 | return=-114.31 | steps=109 | track=6c0f7f09c48436b5714a4300e0ee88d5
global_step=482784 | return=-63.78 | steps=60 | track=8dfaf2aa062a187eab2ea74eb1d78cc3
global_step=482960 | return=-136.48 | steps=131 | track=f83b74c853bc0a04ce4b81fbfd747a44
global_step=483104 | return=-147.19 | steps=131 | track=91a610bb4d22d96d8926b81718204e22
global_step=483840 | return=-131.41 | steps=124 | track=e8f5760af25ad2512bf2a6816adad123
global_step=483952 | return=-138.76 | steps=131 | track=2de19243da48d518a9d4d0a7f0628b33
global_step=483968 | return=-9.22 | steps=74 | track=d6a7d5711e720cd7c89b6e730a2e29a7
global_step=483984 | return=-138.13 | steps=131 | track=f007780f5dee196887bcba0e476c6d01
global_step=484016 | return=-109.60 | steps=88 | track=fd1ec5f2223918e22c917a520d5c3240
global_step=484144 | return=-130.11 | steps=157 | track=736fd5b8ab501fb801735c4ea78710b5
global_step=484336 | return=-73.56 | steps=145 | track=e3b435da5066d15b5109d66e594f59b0
global_step=484336 | return=-157.80 | steps=131 | track=a6de6bea7db5f31d35d0ad1be574562d
global_step=484400 | return=-226.53 | steps=246 | track=c8dc50f411d6f49752a42c3aaed0220a
global_step=484448 | return=-156.39 | steps=130 | track=bbbb24f969d3b017b039fd25258e10d3
global_step=484736 | return=-83.93 | steps=110 | track=37a99225f8f4b3c200abef940e27ed48
global_step=484752 | return=-126.29 | steps=130 | track=80a46c21bb2c7025338e3e4bafcfddef
global_step=484832 | return=-144.64 | steps=130 | track=4679bf71e72bda4b9ba25f87c6fbeae0
global_step=484896 | return=-145.03 | steps=131 | track=26b1f220f73dd172bed2d74ecaec2f6f
global_step=484992 | return=-18.05 | steps=64 | track=a7877071727c98c2c39c6d43c657c7fb
global_step=485216 | return=-139.20 | steps=131 | track=2bd3c58d3e478b6c6d9cbd0e96b05727
global_step=485264 | return=19.38 | steps=69 | track=e0b9090252776887ad118242a01230bb
global_step=485792 | return=-53.16 | steps=83 | track=e5f3cb0bd2a077ede0bf0a07a874dfda
global_step=485936 | return=-53.19 | steps=41 | track=0b3fbbed62ef8b482644523279d4cf9a
global_step=486080 | return=-139.99 | steps=131 | track=ad78622256cde403d436eb5f6428fe1f
global_step=486080 | return=-145.80 | steps=130 | track=7464ed878744a9154f164691b3d05368
global_step=486128 | return=-155.38 | steps=131 | track=df993b1cdb51bb77b864d55f12b7b0e2
global_step=486160 | return=15.41 | steps=58 | track=36d995ca4dae52ec3477fd0d75a6d414
global_step=486256 | return=-61.56 | steps=94 | track=920dd230adc488f6f9a01966aca1a027
global_step=486336 | return=-29.11 | steps=124 | track=4f79678ea9f32a5f27f511fce9058d84
global_step=486448 | return=-112.91 | steps=131 | track=6bd4522cf163170d14f18218f5ca2d24
global_step=486496 | return=-102.08 | steps=130 | track=3ceaa802357e6cd87af3f2330cf0c11b
global_step=486544 | return=13.92 | steps=168 | track=f0cc45e11ce1bf61f65284347bd986c1
global_step=486768 | return=-241.13 | steps=403 | track=0f8ea9c4a1d89d2a817ab06dbf6ac426
global_step=486864 | return=-138.96 | steps=131 | track=76a2863e7cbcfe488ef3d16fd24a17e0
global_step=487024 | return=16.39 | steps=67 | track=2cef68b740fafab471fd9113495efeb8
global_step=487104 | return=-150.48 | steps=131 | track=22d7691c97b2b481a22ce142f5473982
global_step=487152 | return=1.66 | steps=66 | track=b0f3a9973155913505f3d637ffa0c1a8
global_step=487264 | return=-66.43 | steps=91 | track=350db75d1b450c981fc77f9e5fc7b9b7
global_step=487312 | return=-54.19 | steps=47 | track=7a77afce9b3b8e2c1575c53291680e89
global_step=487440 | return=-32.49 | steps=61 | track=bd977a36eaca42b6c1365668ba799680
global_step=487776 | return=-19.31 | steps=62 | track=0d6354abfc4390e3855da69004af1b41
global_step=487840 | return=-117.59 | steps=98 | track=7e9be832039ddf550ff042374750b466
global_step=488000 | return=-74.87 | steps=93 | track=37478785582917be0fbd3563e9d43656
global_step=488144 | return=-133.40 | steps=206 | track=22fa786b3a52dc180af019abb2abd0c4
global_step=488176 | return=-142.29 | steps=130 | track=4fd84e7ff1fc8ef450b9cfcc63b6dc36
global_step=488272 | return=-134.13 | steps=131 | track=228954268ed9f9d2b1377a7f13a3fb53
global_step=488352 | return=-30.77 | steps=67 | track=708cfbaef9dba89dc4ba4e903d733797
global_step=488464 | return=-149.28 | steps=222 | track=e17146961398d3154b7ee7b712e858c8
global_step=488496 | return=16.02 | steps=65 | track=201ec1201e119c42e359a3122713b175
global_step=488624 | return=-73.64 | steps=155 | track=fb42a068a6b927823f26979b45b7fb5f
global_step=488880 | return=-145.64 | steps=158 | track=811740a13f804a49678f9cf7434358b8
global_step=488976 | return=-143.20 | steps=131 | track=6f565bbb3db5a3f333ffc15fc0b102c4
global_step=489200 | return=10.89 | steps=63 | track=9035295b56d1ea189fb8e27720003748
global_step=489200 | return=23.30 | steps=65 | track=53f5ebd221e057adbfdb2b9253b43586
global_step=489216 | return=-137.47 | steps=131 | track=43302c442e9dc6546af13efbd70b2fa4
global_step=489264 | return=-145.39 | steps=131 | track=1974b144d09dc2f62c764b042535abe9
global_step=489424 | return=-145.97 | steps=131 | track=e4e63cd9a0eaa079e8cd52494ce8ea5c
global_step=489584 | return=-19.74 | steps=69 | track=1e8fef79e7f1d5ab5e75bde90007a4ea
global_step=489856 | return=-29.73 | steps=60 | track=945fa06034b96a40e9641516d6c98d3c
global_step=489872 | return=-37.70 | steps=41 | track=136b3817cc2fce24a39fddf00123b18e
global_step=489888 | return=-144.35 | steps=131 | track=fcf2640cf1362a209363376c5b7ba54b
global_step=489936 | return=65.48 | steps=181 | track=72e84e710c2b06c792bfe1ff308fffd7
global_step=490112 | return=-142.81 | steps=131 | track=f2df9bfe900bf7cc99ccf378ea244e4e
global_step=490128 | return=-124.25 | steps=110 | track=3d55946e6561b2bd3bc89b6ef41c95f9
global_step=490368 | return=-133.88 | steps=130 | track=33c5f9b9e291eeebdbd87fab49a944d8
global_step=490576 | return=-62.32 | steps=44 | track=60d7cb454f51f69fe5996752cb18bc8e
global_step=490608 | return=-136.00 | steps=131 | track=0f22eb232c69602b898ba739536290a9
global_step=490736 | return=-144.55 | steps=131 | track=6723f4bf1b6582176422f23372dc8569
global_step=490800 | return=-50.38 | steps=41 | track=fc2411ef758580adca82069c82fcaa9a
global_step=490864 | return=-101.91 | steps=89 | track=cefe5e24c63632ac2fa3fffbd737b77d
global_step=491072 | return=-111.15 | steps=130 | track=899bfe6a20cbe053b32013a505b9281e
global_step=491312 | return=-140.98 | steps=131 | track=3662d54755ca2a502def52172592469a
global_step=491328 | return=-138.36 | steps=131 | track=00b5871ad26c4516540da56b684c223c
global_step=491376 | return=-141.91 | steps=131 | track=6a3e8f2cd8d00bf35718476f405948ad
global_step=491456 | return=-116.56 | steps=98 | track=f9b2cbf23286f267f7ea7dbaac15f678
global_step=491520, SPS=66
global_step=491696 | return=-138.58 | steps=131 | track=6708d5e0257ee1e43f2fe32a748d0856
global_step=492000 | return=-141.20 | steps=131 | track=31c8be3891757606231a6d5ca5f88233
global_step=492176 | return=-21.17 | steps=52 | track=d4431919762739fefa3cacc657b9726c
global_step=492224 | return=-137.01 | steps=131 | track=a2f5cf3489e3126644ac0a3434f2f17c
global_step=492320 | return=0.28 | steps=98 | track=b2261a07316717742c401d9947e487f6
global_step=492480 | return=-134.10 | steps=131 | track=ef9e08cc02e99b6c2807da200e0d7406
global_step=492576 | return=-50.40 | steps=164 | track=5a9026bf5ad04471edec414ddacad5aa
global_step=492688 | return=-148.35 | steps=131 | track=4041c698608d74f86947293e97cdd31e
global_step=492832 | return=-130.62 | steps=311 | track=90857ff0c59a93d4f2c31b385f5315a8
global_step=492864 | return=144.83 | steps=92 | track=c10545b8a118364bb7d3b7ff686597a5
global_step=493104 | return=43.79 | steps=68 | track=42162be169c5f8594bdaca98b6485c16
global_step=493152 | return=-61.41 | steps=60 | track=01210f8507284b6736da38b847ef040a
global_step=493184 | return=-84.59 | steps=144 | track=2a199b41c12870b81e0099604dbd1754
global_step=493264 | return=1.49 | steps=64 | track=67d3c486c3dbd6740e80ca41a396f528
global_step=493424 | return=-77.43 | steps=146 | track=29b5570df370312c3a596384712d8395
global_step=493424 | return=-144.81 | steps=131 | track=0ac23d17ddc8e15655a0cc54c7742e23
global_step=493648 | return=-156.22 | steps=189 | track=0e7811bbbcc6d63613655a085975bae3
global_step=493808 | return=-150.54 | steps=131 | track=3278fb1c6d50b26c01f28151cb9d530d
global_step=494160 | return=-6.18 | steps=60 | track=8dc533c6153dc898ed2ac77b7085e5fa
global_step=494384 | return=-135.24 | steps=105 | track=ef76aa95995393a329da9ff3f65c6390
global_step=494384 | return=-154.93 | steps=223 | track=6a6cad81db7e7f131a11e254a474bb6d
global_step=494432 | return=-137.43 | steps=131 | track=65a4274e75e408c099c792339f17ebc6
global_step=494576 | return=-3.00 | steps=108 | track=3d6671fc208249b13a0cf89e672a9b90
global_step=494672 | return=-149.25 | steps=130 | track=6b641160e52817f370597f554f5eecee
global_step=494800 | return=-69.81 | steps=144 | track=c1bc2fa68e4f765581fb45837024c00c
global_step=494960 | return=-143.60 | steps=130 | track=21f804987eb02c6563f772b1fe3430f0
global_step=495216 | return=-148.35 | steps=131 | track=735b4534ce5ea53a0be848c26184a5ad
global_step=495232 | return=-103.47 | steps=129 | track=27a78ae3b4ff29348411088c7843d430
global_step=495376 | return=-133.26 | steps=131 | track=4dccf5583bcb0058d0290608d395def4
global_step=495536 | return=-133.47 | steps=131 | track=9be51368d813234be67b916d41db67f6
global_step=495536 | return=-137.40 | steps=131 | track=03efb273297b5ef14405dabbba955bbf
global_step=495648 | return=-71.11 | steps=92 | track=cf81a2f48417c93ee8f39db70f30f75a
global_step=495760 | return=-85.79 | steps=131 | track=ffade3a81b04f15fd7cb15c35259dc79
global_step=495920 | return=-147.64 | steps=131 | track=89c5b79a14be1a7b74dd0bb58d31224d
global_step=496208 | return=-36.80 | steps=60 | track=e4c1e0205570710167bd89b4f8d1d2ad
global_step=496256 | return=-44.88 | steps=44 | track=00d66caf5944cf39fbfad7e49024a570
global_step=496432 | return=-129.51 | steps=109 | track=12abce56f8bf180cfde20903930d92c1
global_step=496464 | return=-61.09 | steps=50 | track=df536e2fab7d65c41c30730a23347313
global_step=496496 | return=-144.48 | steps=131 | track=cb6e378ed0d3efa9ea77fbe659d4949c
global_step=496496 | return=-149.60 | steps=131 | track=c6b9b526093fa17f0f0bd8779c17c1b1
global_step=496544 | return=-147.80 | steps=131 | track=a10e03f27774c9ea9e1de1fdb6c99848
global_step=496688 | return=-140.98 | steps=131 | track=3f415fc5010d75ea1efca7f9709a8772
global_step=496912 | return=-106.68 | steps=131 | track=8f6ce8d3a7b6e2bdeade2610900cbc4d
global_step=497072 | return=-148.41 | steps=131 | track=5d7ba062ff4c420c5e8f9826c6cd2ece
global_step=497136 | return=-124.38 | steps=109 | track=af10e70da7e13fcb8b7836be7845004e
global_step=497312 | return=-151.17 | steps=130 | track=41d867b3ca2c00058c8fdfb7f16d2323
global_step=497648 | return=-147.69 | steps=131 | track=fda426246513f67abb16d8cf0a41fa5f
global_step=497712 | return=-30.22 | steps=75 | track=95d37656cb453d26000c6b25feae0dd4
global_step=497760 | return=-4.19 | steps=66 | track=e76fecb7eb91d0ff084f4418e1bb9291
global_step=497872 | return=-141.26 | steps=131 | track=28566441deabcad008e6651cff9bbf5b
global_step=497872 | return=-103.56 | steps=89 | track=81bc70573ce37eca85f4bf938cb53e48
global_step=497984 | return=-4.58 | steps=66 | track=0d3789b95fcbff86dc5e790f3cb3e89d
global_step=498000 | return=-68.24 | steps=93 | track=3e5ce78d676467b15101a52b9b1cc5df
global_step=498032 | return=-139.43 | steps=131 | track=27287935c89a4da1fa0bc9813b88d972
global_step=498128 | return=-32.68 | steps=61 | track=3f8ae8792fd5253bff40179b32169087
global_step=498176 | return=-73.67 | steps=106 | track=0b1e03b914e7fa79849e41c334824a81
global_step=498320 | return=-144.24 | steps=131 | track=9940da92037411100086ad8efc0ad590
global_step=498368 | return=-139.28 | steps=131 | track=06c437e7ad4f9eb402e417a2aad6f60b
global_step=498464 | return=-138.05 | steps=119 | track=53f03bb3d5c366243da8516b26f0d05c
global_step=498512 | return=-104.20 | steps=89 | track=0158ff570dde9694ef004cb79d3c39ec
global_step=498976 | return=61.90 | steps=68 | track=0987109337eabdb9b358686417d0c6dc
global_step=499216 | return=-69.17 | steps=93 | track=159e4feab54e63f74eb8e5ba73827896
global_step=499232 | return=11.77 | steps=65 | track=693e878b89b2363bd75a37d2f9489c22
global_step=499440 | return=-237.22 | steps=498 | track=60b6f50788b9fd457c346f5c30fcca6b
global_step=499664 | return=-80.08 | steps=146 | track=e3c18a278e3da1b9adb0e6fd3196cb1f
global_step=499776 | return=-118.47 | steps=110 | track=bd1e722926497b93c87968ac1a7a8c4d
global_step=500144 | return=-145.20 | steps=131 | track=e0474a2de01fde31829403bc2530d4d2
global_step=500240 | return=-146.81 | steps=131 | track=2c981226754a7cc547c407a9158f9dd7
global_step=500240 | return=6.03 | steps=62 | track=ec8db2a4abcf39648be52276f051385e
global_step=500320 | return=-182.68 | steps=166 | track=99b8ad91942c9f5da54678d8cc45b404
global_step=500368 | return=-90.15 | steps=148 | track=1e3edd040a74f5c2bf0682e2b906238e
global_step=500576 | return=-170.33 | steps=131 | track=bc77b3ebd395222b55a25bfed7f1bf40
global_step=500624 | return=-140.96 | steps=131 | track=cdb155fb1cef109ae0942efb95fe97ac
global_step=501008 | return=-62.40 | steps=47 | track=a7ec4ac1893c385be30054a0aff0ad5c
global_step=501072 | return=-146.42 | steps=130 | track=c32bd47da9a6a2c31ceb56c1717ffe29
global_step=501328 | return=-143.69 | steps=131 | track=d93c28fe386908418538b82e2270204e
global_step=501632 | return=-206.86 | steps=234 | track=c4417dadd73e34b834278e3bcb9647bc
global_step=501648 | return=-39.68 | steps=137 | track=7ca4cac68cfafb4fbac15909988729fe
global_step=501648 | return=-113.92 | steps=207 | track=051653a48c9530a5ffe786bd153832d8
global_step=501680 | return=-67.19 | steps=84 | track=c257c7a1e7b71d83d4ff5e7be2d63fb3
global_step=501872 | return=-122.80 | steps=107 | track=2341f4a62fac4634aeec86f5a713b8ee
global_step=501920 | return=-96.38 | steps=140 | track=4713eab13d3b7c9731996b22bd664199
global_step=502256 | return=-66.70 | steps=280 | track=e122678d3a92e7dd0b1c1e84b6abf436
global_step=502256 | return=-45.96 | steps=154 | track=bcb3fc787e7c261021b369315e199cad
global_step=502464 | return=-27.86 | steps=255 | track=ff4219a9b568f5092dd0b34bb93227e9
global_step=502480 | return=-145.82 | steps=131 | track=29fd034301db93983e708c10442491e9
global_step=502544 | return=-29.93 | steps=53 | track=74776e92d4fa3a5436443ec9c3d12031
global_step=502720 | return=-145.17 | steps=130 | track=6d0084d8a76e3c153d3db05727d47e0e
global_step=502752 | return=8.13 | steps=68 | track=add434de7c62ed133dde30ee7b179a1b
global_step=503104 | return=-148.16 | steps=130 | track=fa6595256b3fe127b656ef89baa6d54f
global_step=503200 | return=-150.66 | steps=132 | track=b4c6ef2bad5bdbaab6bee6652c210889
global_step=503248 | return=-27.93 | steps=61 | track=6e8ba89fdaaf52da84bb23021ac0dcd4
global_step=503424 | return=-149.19 | steps=130 | track=450652c3e4c313b9fb17cb8bd9360889
global_step=503744 | return=-110.79 | steps=130 | track=30fe08d13700d2665126ec5d94d1da37
global_step=503744 | return=-139.47 | steps=131 | track=44febd3142b79f2849e109fe7d24e581
global_step=503920 | return=-71.92 | steps=124 | track=994e3427bd363c42d78b9eb3971dad49
global_step=503984 | return=-108.23 | steps=131 | track=66e86caa52a6293e64eeed8a86b3765e
global_step=504128 | return=-184.12 | steps=242 | track=5c82a1af07641eeb6ff2581b0e1e01f2
global_step=504160 | return=-116.52 | steps=89 | track=ea250b1ee696160eda55805167485ffd
global_step=504256 | return=-123.11 | steps=110 | track=a35fc4ae255484b6e32ef61c4a5f872f
global_step=504368 | return=-155.80 | steps=131 | track=5185451cdfb0b3c2be3d4eeaf5aa0b8b
global_step=504576 | return=-142.25 | steps=131 | track=0613d34603ba511041d6c6a35415ffe8
global_step=504672 | return=-137.82 | steps=132 | track=3be8dd6151475fefcbfecaec1d7d172f
global_step=504848 | return=-132.59 | steps=130 | track=369d03ab80026e7b23859a3e4244b9ad
global_step=505216 | return=-146.77 | steps=131 | track=d32291344752408beef9baf4e7beb56c
global_step=505360 | return=-133.03 | steps=131 | track=933f2eb9c95a969946a7e44605862909
global_step=505392 | return=1.08 | steps=63 | track=ae000389f08085136fb462eb30e6bee0
global_step=505520 | return=-141.05 | steps=130 | track=e30fbfc2263f4f8efdf3b8a7661cd07a
global_step=505520 | return=-73.11 | steps=41 | track=cbd3557f5d394045ef5dab9cc3422eef
global_step=505616 | return=-244.83 | steps=314 | track=0cce16e46665d14f36722c5e1c30bff2
global_step=505712 | return=-40.09 | steps=156 | track=d076fce351501953db7c066fb8e170c6
global_step=505856 | return=-150.21 | steps=131 | track=a49db4690a41ce6a9ecd9a656b71199e
global_step=506016 | return=-102.84 | steps=89 | track=692eaa10283a5bfa924fe9c9a58233c2
global_step=506032 | return=-67.54 | steps=142 | track=954e04e2b9fe072911370f2d850315d0
global_step=506032 | return=-142.34 | steps=131 | track=4bdf8aeb8155f2d0822326bbd4f29a9f
global_step=506112 | return=-156.98 | steps=132 | track=2a3a2a8562994d96b4fbafd3a5a361fc
global_step=506240 | return=-141.78 | steps=131 | track=5902ce102221775a3763b022b044a719
global_step=506272 | return=-138.72 | steps=131 | track=028908300d073b88ace10a6575b21737
global_step=506368 | return=-131.99 | steps=131 | track=172e3775af34592d04b2f1d955a16757
global_step=506656 | return=20.23 | steps=70 | track=81b73261c5294ccfbf0c91252436daae
global_step=506784 | return=-128.60 | steps=131 | track=09abb80fb635465e79193cf49b6633b7
global_step=506816 | return=-69.42 | steps=90 | track=591002cabd81c119532c1369e806c11a
global_step=507264 | return=-11.16 | steps=61 | track=7892d18c6ec993d3a48c60b0deb8c9b3
global_step=507328 | return=-146.13 | steps=131 | track=c16013d300c2ae2d186405f368eee32d
global_step=507328 | return=-12.30 | steps=59 | track=3d198984ce5a475a49f4699dac8568ad
global_step=507456 | return=-103.37 | steps=89 | track=629883aa2b01dfcabbf7dfcd5626a12c
global_step=507600 | return=-114.00 | steps=137 | track=d93ee3c014ed57a09280d296b37825cb
global_step=507632 | return=-134.98 | steps=131 | track=ce27f41a95ce2cb5501e3c837e024349
global_step=507728 | return=-135.69 | steps=131 | track=68df34361346552bd9e8602d3a7acf3c
global_step=507824 | return=-144.17 | steps=131 | track=48e733e4a78332639791f70087cc0410
global_step=507840 | return=7.94 | steps=65 | track=088034f2e9f33a3a0408a4406a6bc961
global_step=507904, SPS=66
global_step=508144 | return=-155.42 | steps=131 | track=2bdcbd5c94c4d3c4631b005737d2c555
global_step=508160 | return=-70.79 | steps=93 | track=d4937d5236574451300911e8232584bd
global_step=508352 | return=-152.01 | steps=131 | track=a06eaa0c83204eed39b0dae0de55bb5e
global_step=508352 | return=23.35 | steps=67 | track=6d2827305ebdb6b31f82464abcabf48d
global_step=508368 | return=89.41 | steps=145 | track=79c5e51a38f53e4cc8c7f0877f8f20e8
global_step=508368 | return=-68.46 | steps=45 | track=5c82b4508e9ccacb358af81700d42795
global_step=508496 | return=-18.86 | steps=64 | track=c9c006f00341e3cc4c2f826b19de25ed
global_step=508816 | return=-76.09 | steps=184 | track=e1c98b66d3f2fec29085eb5016fc0476
global_step=508832 | return=-54.71 | steps=42 | track=a5af8611204de4426d9f9f80f9ba765a
global_step=508880 | return=-115.06 | steps=96 | track=627747ebaebe4865faa0057e3e52636d
global_step=508928 | return=-155.90 | steps=131 | track=b17766393720b1795a8583a1f85a45c7
global_step=508992 | return=-92.70 | steps=179 | track=043f0480334d35c133e5b4c90af9e34b
global_step=509104 | return=9.64 | steps=85 | track=3cb114b460cb994bbaf539041c4dd9e4
global_step=509296 | return=-39.34 | steps=91 | track=c5e304e78557d80911470501cdc38fcb
global_step=509552 | return=-49.42 | steps=86 | track=c678af1b99eb7731ebf09b6c3d88bf1d
global_step=509616 | return=-97.68 | steps=142 | track=c0f1fe56a2c6e68d5f08269ce4a8f42a
global_step=509696 | return=-137.38 | steps=130 | track=f8eeca2ae11ee9c1b114218ccc0e5190
global_step=509952 | return=-140.81 | steps=131 | track=43217fff9b94632a87fcfd0a3a9cf9a8
global_step=510016 | return=9.93 | steps=70 | track=ec1f274774cff6f62e9a215be448afc1
global_step=510144 | return=-127.57 | steps=110 | track=02b87001775acfffbedbf818f2ef87ea
global_step=510464 | return=-142.61 | steps=131 | track=7a45d6ab2d5fe3840a91f245305db61d
global_step=510464 | return=-141.60 | steps=131 | track=9f562387b077aec8c6dd6a9ca22f77ed
global_step=510560 | return=-38.80 | steps=136 | track=16124fa76477c0002f0c88a689b747c1
global_step=510608 | return=12.69 | steps=65 | track=fd3b1fa5c19b27543e32d6fde3ae8b14
global_step=510608 | return=-153.04 | steps=131 | track=449751b8d9fffda65901c1420f66f269
global_step=510928 | return=-146.61 | steps=131 | track=1943ca89d2048f25a8a35fbc6643d947
global_step=510944 | return=-130.50 | steps=131 | track=1783c11dffdb3252a2cd021cf200268c
global_step=511024 | return=-141.40 | steps=130 | track=72728416183ee8d49cbafe30a82b37fa
global_step=511392 | return=-85.43 | steps=149 | track=082afeb5a7c44b0bac7d2ef57d945aad
global_step=511408 | return=-126.13 | steps=131 | track=5b401440f65595a56ad9e1840f76fd46
global_step=511712 | return=-147.37 | steps=130 | track=5870cb34438c67abbf159c24f573ada3
global_step=511728 | return=-57.31 | steps=48 | track=1372a3fbd87d1a31d7ac0450fb7c3076
global_step=511744 | return=-15.42 | steps=164 | track=b7707318af5d670eaa059fc42041cafc
global_step=511808 | return=-138.72 | steps=131 | track=8d586ae27894bd8553646da0597937a6
global_step=511904 | return=-106.92 | steps=89 | track=c42096fd61190e5dc7820ca543196abe
global_step=512128 | return=-148.35 | steps=131 | track=e46c25990b2fbbdf19e075947ba9e176
global_step=512256 | return=-140.67 | steps=131 | track=8f28d713d25774d709305f80b5a79566
global_step=512480 | return=8.82 | steps=67 | track=5173f2856a92556df294811565abb330
global_step=512480 | return=-57.82 | steps=47 | track=573e99692eddb25ecb991d3d43f53b6d
global_step=512592 | return=-149.70 | steps=132 | track=ee39375d4ee7c96172d3d61ef3cf786d
global_step=512672 | return=-139.26 | steps=131 | track=6bfa8c86121f24f17187938881daea69
global_step=512704 | return=-144.20 | steps=130 | track=c03f7c627ea5fcc5b71c0f4f6c554a0f
global_step=512976 | return=-86.55 | steps=147 | track=f224248a98c7a360a7c61df25c2d5005
global_step=513072 | return=-115.88 | steps=133 | track=e93e26a352c1db71566f008892b78bc9
global_step=513152 | return=-113.26 | steps=132 | track=2b098051e07cce08cb1c2827f00b6938
global_step=513248 | return=-107.21 | steps=89 | track=f9285895f0c4427c33680df4cf334f79
global_step=513504 | return=-103.59 | steps=130 | track=9648dac7ace5f80f66e27306b63431b0
global_step=513712 | return=-37.90 | steps=62 | track=7dd01898d4fc860d856c1950422fd560
global_step=513840 | return=-140.94 | steps=131 | track=84cf1f82b267c92c2ac7089e3fb3e4f1
global_step=513856 | return=-135.20 | steps=131 | track=5b10e70df85e14ae31127225449d12e1
global_step=513904 | return=-214.24 | steps=246 | track=2fc74cd8853959ec31361a3b0cb1890c
global_step=514016 | return=-145.43 | steps=131 | track=9484082a6e819008161a36cbbca372ae
global_step=514240 | return=-141.30 | steps=131 | track=79ca4e076eed56276e9e6f51b190be78
global_step=514368 | return=-138.72 | steps=131 | track=a4bf62a67a62c45badfba78d69842b97
global_step=514576 | return=-152.42 | steps=130 | track=f2f7b99493e2302de8729bf31c277763
global_step=514704 | return=-131.01 | steps=131 | track=fb0f8d2b94a1f1336bbec20a3c2f110c
global_step=514832 | return=-95.16 | steps=60 | track=bf016bb08663deb82de1189e19560489
global_step=515072 | return=-144.24 | steps=161 | track=765620f0215995a17832647bd3d79b42
global_step=515168 | return=-138.11 | steps=130 | track=c4cc8a3edd2cf2d8d3ed8682d4c5c18b
global_step=515264 | return=-149.46 | steps=131 | track=bf2c66198e0c0914a71506d94157870f
global_step=515360 | return=-144.61 | steps=131 | track=8874b8c188a67e1c99b16dc3fb5f23c5
global_step=515440 | return=-119.86 | steps=153 | track=fd21a8eb05291c93842b26fe1eaf5e4f
global_step=515600 | return=-157.17 | steps=130 | track=92669ef9faf43df5ab65a9772300e05d
global_step=515744 | return=4.62 | steps=64 | track=d42fdfa04439fd6a2179de885444f795
global_step=515824 | return=-142.58 | steps=131 | track=8eb82d6aa0f12e4a1c7aa2c49ea3360c
global_step=515856 | return=-4.47 | steps=92 | track=c790ea6511fedc383084d94522eab6bd
global_step=515888 | return=37.89 | steps=200 | track=d822faa4a175ff1e955cfddba6fc0556
global_step=516112 | return=-148.78 | steps=130 | track=951f7a0b04f1b77bfc677d58d201ab4f
global_step=516272 | return=-66.52 | steps=151 | track=4bf5227f494668662daa9daf7ac7f49a
global_step=516352 | return=-160.54 | steps=131 | track=f73d29c8b16736e09c39f13ec3fce8ef
global_step=516416 | return=-8.94 | steps=65 | track=1ff52658da7f3910268839740d076f69
global_step=516576 | return=-108.26 | steps=124 | track=3ec32ac3db509e35325892000a43548a
global_step=516704 | return=69.49 | steps=68 | track=bebbcc6af38871efdc4ca03676bfb46e
global_step=516976 | return=40.51 | steps=69 | track=1ba65691391ae8b89d7f6ada8e271e50
global_step=517104 | return=-131.05 | steps=114 | track=c3bf27598852028200e18b56c76b080e
global_step=517200 | return=-150.71 | steps=132 | track=42a7cd0864823bfadcef53fc06750a4e
global_step=517200 | return=-119.67 | steps=109 | track=f0d3dc1c83b41c5cc622b012ff7d2ece
global_step=517280 | return=-148.87 | steps=131 | track=6b4eafdf32837a2e101b1b9c5c58b4b4
global_step=517376 | return=-40.88 | steps=59 | track=b17c332fb738c74a872a1cb5626092bc
global_step=517488 | return=-71.10 | steps=48 | track=ddc72410b5d08014e17ac764de87cf12
global_step=517648 | return=-165.83 | steps=175 | track=4e7aaca4b0d44f39924bcc5b302ff752
global_step=517936 | return=-141.60 | steps=131 | track=dbcb91e43acbf407d8305a3515905020
global_step=518000 | return=-138.01 | steps=131 | track=0ebaa66cd973904f0bd4c2b54808533d
global_step=518192 | return=-28.51 | steps=152 | track=5e6d06062aa5bec3616dc4347d731019
global_step=518256 | return=-146.50 | steps=133 | track=4e0c58802b2e5b1d5b2a13b81ea6e557
global_step=518368 | return=-136.78 | steps=130 | track=1c08ba211168c13cc93a437a6fc0962d
global_step=518448 | return=-215.86 | steps=283 | track=ae4240f15e5424fe9f7a3179701226cb
global_step=518464 | return=-145.19 | steps=131 | track=5ddd8e83b667d50fbb11dd56eb1016af
global_step=518688 | return=-165.46 | steps=131 | track=f931391ac3f2f83ab35de606f61ed8d6
global_step=518976 | return=-27.86 | steps=60 | track=96294a612b2545624876eda36912003f
global_step=519088 | return=-142.01 | steps=131 | track=4400fcf7d5fbaff812a0883680638eca
global_step=519200 | return=-137.74 | steps=130 | track=61b0637de42691dd1c34e4d6f50be2dc
global_step=519312 | return=-124.55 | steps=131 | track=1440ae6ac3939d8651453dbf84d7ced8
global_step=519312 | return=-135.99 | steps=131 | track=59dca538cde6f15669e7eed7e46aaeb7
global_step=519408 | return=18.21 | steps=71 | track=ac7810a1fdd6c374e61c2094adb65371
global_step=519456 | return=-24.23 | steps=61 | track=4da54bc0ddca59605cb8ed1adf245d7c
global_step=519472 | return=22.83 | steps=68 | track=1261c9aa398dfafafdc70be0a570c758
global_step=519488 | return=-137.75 | steps=131 | track=2b7282bd1a761db0c7c6fe3dccf7a9fe
global_step=519600 | return=-154.01 | steps=131 | track=79e190feb20fee9992db19e27d1fa36e
global_step=519696 | return=-64.32 | steps=150 | track=8dd24a85860a5406626e467801f2ed01
global_step=519760 | return=-139.47 | steps=131 | track=bdf38034dc4f8a05cb1b06e89f5c1b47
global_step=520048 | return=-139.25 | steps=131 | track=5f4ed656b9fb5d4c32db739714a6318d
global_step=520304 | return=-142.13 | steps=131 | track=0b2e099ccb336495250963b23b1b30e3
global_step=520384 | return=-11.75 | steps=66 | track=8c52a22876a3ed8479bbdca0094461ee
global_step=520528 | return=-77.71 | steps=96 | track=c3d144eedc5d97f2a8c14a8596d48d4e
global_step=520544 | return=-13.10 | steps=65 | track=80db54556ed5f26a2cb7c8d5ecd3d988
global_step=520560 | return=-133.20 | steps=131 | track=e041a8739cbe2a43c1d9661a1b89559a
global_step=521200 | return=-141.03 | steps=131 | track=2f31cc8d6da1dbe4e1c500f07111a2c1
global_step=521280 | return=-34.79 | steps=94 | track=ab0308319c275801d205db44f888acdd
global_step=521312 | return=-145.43 | steps=131 | track=f8e337e37412fbc9922a1af70b866ff4
global_step=521408 | return=-133.97 | steps=130 | track=365acbb7358dd8915a523cd1832e6387
global_step=521520 | return=-138.00 | steps=131 | track=b9aa5b4abdbc4965a6acab42668d9e3d
global_step=521536 | return=-103.31 | steps=92 | track=abb4a160e08f15ac91733698cfa1e94f
global_step=521536 | return=-139.09 | steps=129 | track=d5dd1e7112059d4cc87ede1b9bd12fcf
global_step=521584 | return=-135.01 | steps=123 | track=d2e0d78b7a659b3b17150af94db3ffff
global_step=521632 | return=17.66 | steps=66 | track=e2e060e66fa3a25c8ab3b78b010d2255
global_step=521952 | return=-31.72 | steps=154 | track=63c4c0737a3a017001bb8d11c37d803e
global_step=522112 | return=-27.75 | steps=43 | track=1bd1837271c215fa72e4065b6a866ea9
global_step=522416 | return=-146.91 | steps=131 | track=ba1126c706f76dab10fe54f05a97c11c
global_step=522496 | return=-140.98 | steps=131 | track=1cd56838b90ecdc07bc4c90061389fb9
global_step=522512 | return=-143.86 | steps=238 | track=1dcdb79c0a1cf4f8ed30350593098b1c
global_step=522528 | return=-22.48 | steps=61 | track=2703db4e8bd6606b9f1fbb409afec7fa
global_step=522544 | return=-19.05 | steps=63 | track=47a5ff3c02a5c47bfdc8a505877ab86f
global_step=522640 | return=-144.98 | steps=131 | track=22fc17c42f0f63d50e8397737b93b3be
global_step=522736 | return=10.21 | steps=68 | track=e335988eecc96bce49e6584952e8f042
global_step=522864 | return=-24.29 | steps=46 | track=2cfd064a41fa34d920334b8d64ac63da
global_step=522912 | return=-40.83 | steps=147 | track=bd74163673960abcfecda11be81eb12b
global_step=523312 | return=-149.04 | steps=131 | track=a5d898d8d6e153a28e77c32af9aa2086
global_step=523376 | return=-144.39 | steps=130 | track=882e05ce8e879603da261192ec3252ea
global_step=523504 | return=-41.25 | steps=62 | track=d5db97bc184bd6f8f82a223daa99e637
global_step=523632 | return=-145.50 | steps=144 | track=0fdb0bd60fdc6b454ad194e1cc6e04a0
global_step=523696 | return=-129.20 | steps=131 | track=95bfcfefb137d8913fddc9ba1e81c13a
global_step=523728 | return=-110.67 | steps=136 | track=32d4918b31034f94197ce307b1a1d190
global_step=523984 | return=23.80 | steps=83 | track=35ff3f553f5a0aaac4f55f7ce8198759
global_step=524288, SPS=66
global_step=524352 | return=-127.56 | steps=100 | track=5b2a6743b5563142c56e98a924986e8e
global_step=524528 | return=-150.61 | steps=131 | track=d25ab223904f5b0a4625dbcb1c8643ab
global_step=524624 | return=-148.39 | steps=130 | track=4d1fa587a191781bb09ebf6d68518152
global_step=524624 | return=-141.99 | steps=131 | track=a8779dcf70b0de0c3a492e53c37e5ffa
global_step=524656 | return=-150.71 | steps=131 | track=bb70ebc87dfa354ec24c79987e8e5589
global_step=524976 | return=-143.78 | steps=131 | track=eeb052c2419b5558b3971d0e30ef3b61
global_step=525264 | return=-115.50 | steps=109 | track=a5e846636d33bddda0c73883b3a2caa0
global_step=525488 | return=-125.01 | steps=131 | track=d44d679029a7610a1a0a10f5452739fa
global_step=525728 | return=-149.17 | steps=130 | track=9012748d1982efb9808ad05c3ba33ae0
global_step=525792 | return=-33.04 | steps=154 | track=550894d778aa823b75def3c9757a24ca
global_step=525840 | return=-161.19 | steps=131 | track=490616396077d28eb17a9b0d176ace68
global_step=526016 | return=-32.59 | steps=86 | track=7c1c8bc43b7a86f0bdca7da13fd23814
global_step=526048 | return=-77.61 | steps=146 | track=bc502289208965b2386af26afd3c4ef8
global_step=526096 | return=-139.20 | steps=131 | track=19dfd88bc0ed02fea2335bf29d88d3c0
global_step=526112 | return=-192.07 | steps=400 | track=7d2e7415ad4bf78562239017e6b5866c
global_step=526336 | return=-210.38 | steps=273 | track=3c7ede6eba4fd196fa87a5a52630795b
global_step=526464 | return=-125.59 | steps=131 | track=4d5a91d7729ec54c057d19b03e660138
global_step=526544 | return=-66.42 | steps=46 | track=100049e1f339112fdbdc329e29d6122d
global_step=526624 | return=-143.76 | steps=130 | track=33ed85d5402eccb9c9f16128e38ff6a7
global_step=526736 | return=-2.15 | steps=77 | track=47d880bf5907851fd4c3f141a306d635
global_step=526752 | return=-135.70 | steps=132 | track=a03a84d3a069a66e01e1ab872f8321b8
global_step=526768 | return=-138.41 | steps=131 | track=4b4d883f248453ba796c362613bff6a7
global_step=526944 | return=-14.45 | steps=75 | track=48c0eb9a9d90e7aea598d67c41428b78
global_step=527088 | return=-143.43 | steps=131 | track=4cd9af9e9801046180c3c15997f4ccc6
global_step=527376 | return=-150.54 | steps=131 | track=832d7df55a26f86b963058f53bfae50c
global_step=527968 | return=-152.61 | steps=132 | track=3a3c864a64a91268c9964e852fc14554
global_step=528160 | return=-130.13 | steps=131 | track=e883268e067c571afc14750448a23908
global_step=528208 | return=-136.34 | steps=131 | track=59f162de96f485da7716d96457885752
global_step=528272 | return=-77.30 | steps=95 | track=fb9e5e128d32f2aa5f9b27fccc736119
global_step=528448 | return=-156.22 | steps=131 | track=c49f1e045ad246547a8585d99c91a53f
global_step=528576 | return=-145.43 | steps=131 | track=1849f7c967ac4d5d1e664f4606369b87
global_step=528656 | return=-151.09 | steps=131 | track=257e1918ffbe7ad78e0a4a38769c0fc8
global_step=528656 | return=-55.24 | steps=42 | track=27dbefac8c788bae61bea8baf248ccd0
global_step=528864 | return=-165.59 | steps=131 | track=9ccd857e8be2ad47c23ce1bce841501c
global_step=529024 | return=-139.20 | steps=129 | track=296979fab048de076f1144e0bdcea790
global_step=529136 | return=-36.13 | steps=156 | track=e54d4653b9db55daa239df545805fcaa
global_step=529152 | return=-238.62 | steps=389 | track=60d7d9f262f95a2c9ea9183a6e6c5a9a
global_step=529184 | return=-142.99 | steps=130 | track=acddf12bc857767b44a2ba0c47f14850
global_step=529264 | return=-133.03 | steps=202 | track=2117a134fa096ed713ff88aabf0e7d8f
global_step=529328 | return=-56.66 | steps=121 | track=e17af013ba25124cf2de38ec34b1fbc8
