step,value
272,1.7999999523162842
912,1.7999999523162842
1072,1.7999999523162842
1168,1.7999999523162842
3648,1.7999999523162842
4896,1.7999999523162842
8368,1.7999999523162842
8496,1.7999999523162842
10672,1.7999999523162842
12256,1.7999999523162842
14160,1.7999999523162842
14752,1.7999999523162842
15744,1.7999999523162842
16928,1.7999999523162842
17488,1.7999999523162842
19808,1.7999999523162842
22576,1.7999999523162842
23744,1.7999999523162842
24336,1.7999999523162842
26064,1.7999999523162842
28336,1.7999999523162842
29840,1.7999999523162842
30432,1.7999999523162842
30832,1.7999999523162842
32480,1.7999999523162842
34464,1.7999999523162842
34720,1.7999999523162842
38224,1.7999999523162842
39616,1.7999999523162842
40048,1.7999999523162842
40240,1.7999999523162842
41376,1.7999999523162842
41664,1.7999999523162842
48096,1.7999999523162842
48144,1.7999999523162842
53264,1.7999999523162842
53360,1.7999999523162842
53488,1.7999999523162842
54384,1.7999999523162842
54688,1.7999999523162842
54976,1.7999999523162842
57664,1.7999999523162842
58240,1.7999999523162842
58336,1.7999999523162842
59456,1.7999999523162842
60640,1.7999999523162842
62784,1.7999999523162842
63136,1.7999999523162842
64944,1.7999999523162842
64976,1.7999999523162842
65824,1.7999999523162842
66208,1.7999999523162842
66784,1.7999999523162842
70048,1.7999999523162842
72448,1.7999999523162842
73328,1.7999999523162842
75264,1.7999999523162842
76320,1.7999999523162842
76464,1.7999999523162842
77632,1.7999999523162842
77680,1.7999999523162842
78672,1.7999999523162842
79056,1.7999999523162842
80736,1.7999999523162842
85120,1.7999999523162842
87024,1.7999999523162842
90272,1.7999999523162842
93088,1.7999999523162842
95696,1.7999999523162842
97952,1.7999999523162842
98192,1.7999999523162842
98432,1.7999999523162842
100016,1.7999999523162842
100832,1.7999999523162842
101696,1.7999999523162842
104656,1.7999999523162842
105760,1.7999999523162842
107568,1.7999999523162842
109024,1.7999999523162842
112592,1.7999999523162842
114000,1.7999999523162842
116064,1.7999999523162842
117056,1.7999999523162842
117632,1.7999999523162842
118000,1.7999999523162842
118432,1.7999999523162842
121024,1.7999999523162842
123552,1.7999999523162842
129744,1.7999999523162842
130576,1.7999999523162842
133232,1.7999999523162842
134848,1.7999999523162842
134912,1.7999999523162842
138656,1.7999999523162842
139056,1.7999999523162842
144048,1.7999999523162842
144544,1.7999999523162842
144976,1.7999999523162842
145456,1.7999999523162842
148320,1.7999999523162842
148720,1.7999999523162842
149280,1.7999999523162842
150640,1.7999999523162842
151136,1.7999999523162842
152384,1.7999999523162842
153360,1.7999999523162842
153856,1.7999999523162842
155184,1.7999999523162842
157296,1.7999999523162842
157312,1.7999999523162842
159376,1.7999999523162842
159424,1.7999999523162842
160320,1.7999999523162842
164976,1.7999999523162842
166608,1.7999999523162842
168128,1.7999999523162842
170528,1.7999999523162842
171280,1.7999999523162842
174656,1.7999999523162842
176576,1.7999999523162842
176704,1.7999999523162842
177808,1.7999999523162842
178288,1.7999999523162842
181088,1.7999999523162842
182352,1.7999999523162842
186480,1.7999999523162842
187952,1.7999999523162842
188080,1.7999999523162842
192032,1.7999999523162842
192976,1.7999999523162842
193792,1.7999999523162842
194784,1.7999999523162842
195056,1.7999999523162842
195696,1.7999999523162842
197520,1.7999999523162842
197664,1.7999999523162842
200112,1.7999999523162842
200304,1.7999999523162842
200864,1.7999999523162842
201520,1.7999999523162842
202256,1.7999999523162842
203408,1.7999999523162842
206464,1.7999999523162842
214608,1.7999999523162842
214656,1.7999999523162842
215376,1.7999999523162842
218400,1.7999999523162842
221104,1.7999999523162842
222576,1.7999999523162842
223392,1.7999999523162842
223488,1.7999999523162842
224928,1.7999999523162842
227136,1.7999999523162842
228128,1.7999999523162842
230960,1.7999999523162842
231248,1.7999999523162842
231968,1.7999999523162842
232784,1.7999999523162842
233104,1.7999999523162842
233648,1.7999999523162842
234528,1.7999999523162842
236656,1.7999999523162842
237504,1.7999999523162842
237792,1.7999999523162842
239456,1.7999999523162842
239728,1.7999999523162842
240688,1.7999999523162842
242960,1.7999999523162842
248192,1.7999999523162842
248208,1.7999999523162842
248416,1.7999999523162842
253744,1.7999999523162842
254368,1.7999999523162842
254560,1.7999999523162842
257424,1.7999999523162842
257488,1.7999999523162842
259232,1.7999999523162842
259264,1.7999999523162842
263824,1.7999999523162842
268352,1.7999999523162842
269008,1.7999999523162842
269488,1.7999999523162842
269760,1.7999999523162842
269808,1.7999999523162842
269952,1.7999999523162842
273312,1.7999999523162842
273552,1.7999999523162842
274688,1.7999999523162842
274752,1.7999999523162842
276272,1.7999999523162842
277408,1.7999999523162842
282080,1.7999999523162842
282480,1.7999999523162842
285312,1.7999999523162842
285616,1.7999999523162842
285888,1.7999999523162842
285936,1.7999999523162842
286512,1.7999999523162842
287552,1.7999999523162842
289728,1.7999999523162842
289888,1.7999999523162842
291184,1.7999999523162842
291440,1.7999999523162842
292272,1.7999999523162842
296080,1.7999999523162842
298640,1.7999999523162842
298736,1.7999999523162842
299904,1.7999999523162842
301184,1.7999999523162842
302336,1.7999999523162842
305008,1.7999999523162842
305408,1.7999999523162842
310064,1.7999999523162842
311056,1.7999999523162842
312416,1.7999999523162842
312560,1.7999999523162842
312976,1.7999999523162842
316048,1.7999999523162842
316272,1.7999999523162842
318000,1.7999999523162842
320336,1.7999999523162842
320368,1.7999999523162842
320544,1.7999999523162842
320704,1.7999999523162842
321920,1.7999999523162842
322064,1.7999999523162842
322672,1.7999999523162842
323568,1.7999999523162842
324448,1.7999999523162842
325536,1.7999999523162842
328000,1.7999999523162842
329888,1.7999999523162842
330464,1.7999999523162842
330640,1.7999999523162842
331264,1.7999999523162842
336160,1.7999999523162842
337472,1.7999999523162842
340496,1.7999999523162842
341840,1.7999999523162842
345072,1.7999999523162842
345584,1.7999999523162842
346704,1.7999999523162842
346832,1.7999999523162842
346928,1.7999999523162842
347744,1.7999999523162842
347968,1.7999999523162842
348064,1.7999999523162842
350656,1.7999999523162842
350672,1.7999999523162842
351648,1.7999999523162842
351712,1.7999999523162842
353664,1.7999999523162842
354816,1.7999999523162842
355664,1.7999999523162842
357584,1.7999999523162842
360384,1.7999999523162842
360544,1.7999999523162842
360864,1.7999999523162842
361920,1.7999999523162842
362592,1.7999999523162842
362752,1.7999999523162842
366992,1.7999999523162842
367968,1.7999999523162842
368368,1.7999999523162842
369872,1.7999999523162842
371632,1.7999999523162842
373632,1.7999999523162842
374832,1.7999999523162842
375680,1.7999999523162842
375920,1.7999999523162842
376496,1.7999999523162842
379648,1.7999999523162842
380880,1.7999999523162842
382080,1.7999999523162842
382784,1.7999999523162842
382880,1.7999999523162842
386512,1.7999999523162842
387616,1.7999999523162842
391760,1.7999999523162842
392240,1.7999999523162842
392336,1.7999999523162842
394656,1.7999999523162842
396848,1.7999999523162842
398064,1.7999999523162842
400464,1.7999999523162842
402944,1.7999999523162842
403696,1.7999999523162842
403984,1.7999999523162842
404672,1.7999999523162842
405104,1.7999999523162842
406224,1.7999999523162842
406288,1.7999999523162842
408352,1.7999999523162842
410864,1.7999999523162842
411664,1.7999999523162842
413072,1.7999999523162842
414096,1.7999999523162842
414528,1.7999999523162842
414560,1.7999999523162842
416176,1.7999999523162842
416528,1.7999999523162842
417328,1.7999999523162842
417808,1.7999999523162842
420112,1.7999999523162842
422016,1.7999999523162842
431616,1.7999999523162842
431952,1.7999999523162842
432928,1.7999999523162842
434704,1.7999999523162842
435408,1.7999999523162842
437792,1.7999999523162842
438608,1.7999999523162842
440000,1.7999999523162842
441440,1.7999999523162842
443120,1.7999999523162842
446112,1.7999999523162842
446752,1.7999999523162842
447600,1.7999999523162842
448320,1.7999999523162842
450448,1.7999999523162842
451408,1.7999999523162842
451824,1.7999999523162842
453616,1.7999999523162842
454528,1.7999999523162842
454752,1.7999999523162842
456032,1.7999999523162842
456224,1.7999999523162842
457136,1.7999999523162842
461744,1.7999999523162842
463456,1.7999999523162842
465920,1.7999999523162842
470544,1.7999999523162842
470704,1.7999999523162842
472464,1.7999999523162842
472608,1.7999999523162842
475984,1.7999999523162842
476544,1.7999999523162842
477648,1.7999999523162842
478592,1.7999999523162842
481488,1.7999999523162842
482688,1.7999999523162842
484336,1.7999999523162842
487200,1.7999999523162842
488048,1.7999999523162842
491392,1.7999999523162842
492816,1.7999999523162842
493408,1.7999999523162842
495584,1.7999999523162842
496720,1.7999999523162842
498800,1.7999999523162842
500768,1.7999999523162842
502080,1.7999999523162842
503856,1.7999999523162842
505360,1.7999999523162842
506768,1.7999999523162842
507680,1.7999999523162842
508384,1.7999999523162842
509056,1.7999999523162842
509424,1.7999999523162842
512656,1.7999999523162842
513200,1.7999999523162842
513792,1.7999999523162842
515728,1.7999999523162842
517952,1.7999999523162842
518432,1.7999999523162842
521040,1.7999999523162842
523504,1.7999999523162842
523792,1.7999999523162842
524160,1.7999999523162842
527424,1.7999999523162842
530368,1.7999999523162842
532336,1.7999999523162842
533376,1.7999999523162842
533584,1.7999999523162842
533648,1.7999999523162842
535040,1.7999999523162842
538096,1.7999999523162842
540640,1.7999999523162842
540688,1.7999999523162842
541568,1.7999999523162842
541824,1.7999999523162842
543376,1.7999999523162842
543472,1.7999999523162842
544368,1.7999999523162842
549984,1.7999999523162842
553904,1.7999999523162842
554192,1.7999999523162842
555232,1.7999999523162842
555904,1.7999999523162842
556976,1.7999999523162842
557152,1.7999999523162842
558400,1.7999999523162842
561184,1.7999999523162842
563248,1.7999999523162842
565568,1.7999999523162842
567168,1.7999999523162842
576560,1.7999999523162842
576768,1.7999999523162842
579280,1.7999999523162842
581456,1.7999999523162842
582608,1.7999999523162842
583648,1.7999999523162842
584240,1.7999999523162842
585328,1.7999999523162842
592496,1.7999999523162842
594384,1.7999999523162842
595584,1.7999999523162842
597536,1.7999999523162842
598416,1.7999999523162842
602928,1.7999999523162842
603728,1.7999999523162842
608576,1.7999999523162842
609392,1.7999999523162842
609920,1.7999999523162842
611392,1.7999999523162842
612864,1.7999999523162842
615920,1.7999999523162842
616240,1.7999999523162842
617008,1.7999999523162842
618496,1.7999999523162842
618752,1.7999999523162842
619136,1.7999999523162842
619232,1.7999999523162842
622832,1.7999999523162842
624240,1.7999999523162842
626752,1.7999999523162842
627408,1.7999999523162842
629232,1.7999999523162842
630384,1.7999999523162842
630592,1.7999999523162842
631776,1.7999999523162842
632336,1.7999999523162842
633184,1.7999999523162842
633760,1.7999999523162842
634272,1.7999999523162842
636224,1.7999999523162842
640624,1.7999999523162842
641024,1.7999999523162842
643056,1.7999999523162842
643728,1.7999999523162842
646480,1.7999999523162842
647168,1.7999999523162842
648544,1.7999999523162842
649536,1.7999999523162842
650688,1.7999999523162842
652128,1.7999999523162842
652656,1.7999999523162842
653488,1.7999999523162842
653536,1.7999999523162842
654992,1.7999999523162842
655504,1.7999999523162842
656112,1.7999999523162842
660192,1.7999999523162842
660480,1.7999999523162842
661424,1.7999999523162842
663904,1.7999999523162842
664656,1.7999999523162842
666960,1.7999999523162842
669936,1.7999999523162842
669968,1.7999999523162842
672512,1.7999999523162842
675264,1.7999999523162842
675616,1.7999999523162842
675808,1.7999999523162842
676960,1.7999999523162842
679280,1.7999999523162842
680672,1.7999999523162842
685280,1.7999999523162842
686352,1.7999999523162842
687296,1.7999999523162842
687776,1.7999999523162842
688224,1.7999999523162842
689168,1.7999999523162842
691712,1.7999999523162842
691840,1.7999999523162842
693184,1.7999999523162842
694784,1.7999999523162842
698256,1.7999999523162842
699952,1.7999999523162842
700176,1.7999999523162842
701088,1.7999999523162842
703328,1.7999999523162842
704224,1.7999999523162842
706992,1.7999999523162842
707872,1.7999999523162842
708672,1.7999999523162842
708880,1.7999999523162842
712272,1.7999999523162842
713056,1.7999999523162842
714272,1.7999999523162842
715936,1.7999999523162842
719024,1.7999999523162842
720128,1.7999999523162842
720768,1.7999999523162842
722032,1.7999999523162842
723504,1.7999999523162842
724736,1.7999999523162842
725136,1.7999999523162842
725504,1.7999999523162842
725616,1.7999999523162842
725664,1.7999999523162842
728272,1.7999999523162842
728768,1.7999999523162842
730848,1.7999999523162842
733312,1.7999999523162842
734688,1.7999999523162842
736272,1.7999999523162842
738896,1.7999999523162842
741888,1.7999999523162842
742112,1.7999999523162842
742848,1.7999999523162842
747376,1.7999999523162842
748288,1.7999999523162842
748528,1.7999999523162842
750400,1.7999999523162842
752592,1.7999999523162842
761280,1.7999999523162842
763920,1.7999999523162842
765664,1.7999999523162842
766256,1.7999999523162842
768784,1.7999999523162842
769200,1.7999999523162842
769232,1.7999999523162842
769520,1.7999999523162842
770000,1.7999999523162842
770272,1.7999999523162842
770656,1.7999999523162842
771808,1.7999999523162842
771936,1.7999999523162842
774672,1.7999999523162842
777216,1.7999999523162842
778080,1.7999999523162842
778928,1.7999999523162842
782112,1.7999999523162842
783152,1.7999999523162842
784736,1.7999999523162842
787824,1.7999999523162842
788048,1.7999999523162842
789168,1.7999999523162842
792064,1.7999999523162842
793456,1.7999999523162842
793472,1.7999999523162842
794832,1.7999999523162842
796688,1.7999999523162842
802992,1.7999999523162842
803696,1.7999999523162842
804400,1.7999999523162842
805520,1.7999999523162842
805792,1.7999999523162842
807360,1.7999999523162842
808256,1.7999999523162842
810464,1.7999999523162842
811296,1.7999999523162842
814912,1.7999999523162842
815248,1.7999999523162842
815408,1.7999999523162842
817488,1.7999999523162842
817696,1.7999999523162842
818576,1.7999999523162842
820976,1.7999999523162842
822800,1.7999999523162842
824048,1.7999999523162842
825248,1.7999999523162842
825632,1.7999999523162842
825792,1.7999999523162842
826464,1.7999999523162842
827152,1.7999999523162842
831360,1.7999999523162842
832432,1.7999999523162842
835600,1.7999999523162842
836112,1.7999999523162842
836480,1.7999999523162842
837552,1.7999999523162842
837600,1.7999999523162842
837728,1.7999999523162842
838096,1.7999999523162842
838736,1.7999999523162842
839424,1.7999999523162842
839440,1.7999999523162842
841168,1.7999999523162842
841632,1.7999999523162842
842304,1.7999999523162842
843328,1.7999999523162842
844880,1.7999999523162842
846976,1.7999999523162842
847216,1.7999999523162842
847984,1.7999999523162842
849088,1.7999999523162842
851072,1.7999999523162842
852816,1.7999999523162842
856944,1.7999999523162842
857712,1.7999999523162842
858368,1.7999999523162842
859376,1.7999999523162842
860784,1.7999999523162842
861712,1.7999999523162842
863616,1.7999999523162842
863648,1.7999999523162842
865184,1.7999999523162842
865328,1.7999999523162842
866304,1.7999999523162842
868944,1.7999999523162842
870960,1.7999999523162842
872320,1.7999999523162842
874048,1.7999999523162842
876112,1.7999999523162842
876544,1.7999999523162842
879136,1.7999999523162842
879488,1.7999999523162842
880432,1.7999999523162842
882032,1.7999999523162842
882704,1.7999999523162842
883936,1.7999999523162842
884784,1.7999999523162842
888832,1.7999999523162842
891664,1.7999999523162842
894432,1.7999999523162842
897312,1.7999999523162842
897360,1.7999999523162842
897408,1.7999999523162842
898832,1.7999999523162842
899296,1.7999999523162842
900000,1.7999999523162842
902720,1.7999999523162842
903056,1.7999999523162842
905920,1.7999999523162842
908992,1.7999999523162842
915824,1.7999999523162842
916176,1.7999999523162842
916992,1.7999999523162842
919008,1.7999999523162842
921328,1.7999999523162842
925056,1.7999999523162842
925328,1.7999999523162842
925808,1.7999999523162842
927936,1.7999999523162842
928032,1.7999999523162842
930640,1.7999999523162842
932080,1.7999999523162842
934240,1.7999999523162842
935184,1.7999999523162842
935600,1.7999999523162842
937040,1.7999999523162842
937712,1.7999999523162842
938048,1.7999999523162842
938912,1.7999999523162842
940496,1.7999999523162842
940864,1.7999999523162842
943024,1.7999999523162842
943328,1.7999999523162842
943776,1.7999999523162842
944672,1.7999999523162842
947184,1.7999999523162842
948080,1.7999999523162842
953792,1.7999999523162842
956768,1.7999999523162842
957632,1.7999999523162842
957888,1.7999999523162842
960464,1.7999999523162842
961056,1.7999999523162842
961952,1.7999999523162842
963888,1.7999999523162842
964688,1.7999999523162842
967280,1.7999999523162842
967632,1.7999999523162842
968544,1.7999999523162842
974064,1.7999999523162842
974416,1.7999999523162842
976864,1.7999999523162842
977616,1.7999999523162842
978480,1.7999999523162842
985200,1.7999999523162842
988784,1.7999999523162842
989104,1.7999999523162842
989600,1.7999999523162842
994528,1.7999999523162842
994688,1.7999999523162842
995472,1.7999999523162842
995648,1.7999999523162842
999792,1.7999999523162842
1000560,1.7999999523162842
1003120,1.7999999523162842
1006144,1.7999999523162842
1006256,1.7999999523162842
1008000,1.7999999523162842
1010208,1.7999999523162842
1011488,1.7999999523162842
1013808,1.7999999523162842
1015024,1.7999999523162842
1016144,1.7999999523162842
1017568,1.7999999523162842
1017952,1.7999999523162842
1020288,1.7999999523162842
1021424,1.7999999523162842
1024048,1.7999999523162842
1025088,1.7999999523162842
1029776,1.7999999523162842
1031760,1.7999999523162842
1034224,1.7999999523162842
1036992,1.7999999523162842
1037120,1.7999999523162842
1038240,1.7999999523162842
1038272,1.7999999523162842
1038544,1.7999999523162842
1047808,1.7999999523162842
1048192,1.7999999523162842
1051488,1.7999999523162842
1052496,1.7999999523162842
1053264,1.7999999523162842
1053296,1.7999999523162842
1053504,1.7999999523162842
1054192,1.7999999523162842
1054800,1.7999999523162842
1059456,1.7999999523162842
1059568,1.7999999523162842
1061920,1.7999999523162842
1064672,1.7999999523162842
1064832,1.7999999523162842
1071264,1.7999999523162842
1071824,1.7999999523162842
1073760,1.7999999523162842
1073776,1.7999999523162842
1074320,1.7999999523162842
1076656,1.7999999523162842
1078416,1.7999999523162842
1078432,1.7999999523162842
1078512,1.7999999523162842
1079360,1.7999999523162842
1085200,1.7999999523162842
1085728,1.7999999523162842
1087424,1.7999999523162842
1090224,1.7999999523162842
1092096,1.7999999523162842
1092560,1.7999999523162842
1103696,1.7999999523162842
1105120,1.7999999523162842
1109520,1.7999999523162842
1110688,1.7999999523162842
1111536,1.7999999523162842
1115840,1.7999999523162842
1116192,1.7999999523162842
1118512,1.7999999523162842
1119920,1.7999999523162842
1120032,1.7999999523162842
1121024,1.7999999523162842
1121088,1.7999999523162842
1121152,1.7999999523162842
1121424,1.7999999523162842
1122512,1.7999999523162842
1122944,1.7999999523162842
1123120,1.7999999523162842
1123200,1.7999999523162842
1124608,1.7999999523162842
1127696,1.7999999523162842
1131424,1.7999999523162842
1131440,1.7999999523162842
1132976,1.7999999523162842
1136848,1.7999999523162842
1137488,1.7999999523162842
1140624,1.7999999523162842
1141200,1.7999999523162842
1142384,1.7999999523162842
1142512,1.7999999523162842
1145600,1.7999999523162842
1146304,1.7999999523162842
1151392,1.7999999523162842
1151968,1.7999999523162842
1155856,1.7999999523162842
1157472,1.7999999523162842
1157520,1.7999999523162842
1158400,1.7999999523162842
1158896,1.7999999523162842
1160480,1.7999999523162842
1160784,1.7999999523162842
1161712,1.7999999523162842
1164176,1.7999999523162842
1167088,1.7999999523162842
1168768,1.7999999523162842
1169600,1.7999999523162842
1172112,1.7999999523162842
1172736,1.7999999523162842
1175600,1.7999999523162842
1176656,1.7999999523162842
1176848,1.7999999523162842
1177888,1.7999999523162842
1179184,1.7999999523162842
1180640,1.7999999523162842
1180992,1.7999999523162842
1181264,1.7999999523162842
1182544,1.7999999523162842
1182656,1.7999999523162842
1183584,1.7999999523162842
1186432,1.7999999523162842
1187408,1.7999999523162842
1188288,1.7999999523162842
1188496,1.7999999523162842
1188800,1.7999999523162842
1190832,1.7999999523162842
1193712,1.7999999523162842
1195504,1.7999999523162842
1196336,1.7999999523162842
1196400,1.7999999523162842
1199712,1.7999999523162842
1200896,1.7999999523162842
1201856,1.7999999523162842
1201904,1.7999999523162842
1202496,1.7999999523162842
1204176,1.7999999523162842
1204896,1.7999999523162842
1205920,1.7999999523162842
1207344,1.7999999523162842
1207472,1.7999999523162842
1210800,1.7999999523162842
1212432,1.7999999523162842
1212880,1.7999999523162842
1214048,1.7999999523162842
1215312,1.7999999523162842
1216384,1.7999999523162842
1217936,1.7999999523162842
1220976,1.7999999523162842
1222624,1.7999999523162842
1223104,1.7999999523162842
1225840,1.7999999523162842
1229936,1.7999999523162842
1230048,1.7999999523162842
1231808,1.7999999523162842
1232240,1.7999999523162842
1233168,1.7999999523162842
1234736,1.7999999523162842
1235040,1.7999999523162842
1237328,1.7999999523162842
1238032,1.7999999523162842
1239200,1.7999999523162842
1240480,1.7999999523162842
1249296,1.7999999523162842
1252608,1.7999999523162842
1253168,1.7999999523162842
1254144,1.7999999523162842
1254560,1.7999999523162842
1257008,1.7999999523162842
1258992,1.7999999523162842
1259952,1.7999999523162842
1262608,1.7999999523162842
1263504,1.7999999523162842
1267008,1.7999999523162842
1269056,1.7999999523162842
1272736,1.7999999523162842
1272832,1.7999999523162842
1273712,1.7999999523162842
1275232,1.7999999523162842
1275280,1.7999999523162842
1277232,1.7999999523162842
1281216,1.7999999523162842
1283408,1.7999999523162842
1283552,1.7999999523162842
1290128,1.7999999523162842
1291264,1.7999999523162842
1292416,1.7999999523162842
1294160,1.7999999523162842
1295392,1.7999999523162842
1295968,1.7999999523162842
1298480,1.7999999523162842
1298560,1.7999999523162842
1299168,1.7999999523162842
1299808,1.7999999523162842
1304400,1.7999999523162842
1304464,1.7999999523162842
1306656,1.7999999523162842
1307040,1.7999999523162842
1307408,1.7999999523162842
1310416,1.7999999523162842
1311296,1.7999999523162842
1311344,1.7999999523162842
1312064,1.7999999523162842
1312256,1.7999999523162842
1314928,1.7999999523162842
1317136,1.7999999523162842
1317232,1.7999999523162842
1320224,1.7999999523162842
1320480,1.7999999523162842
1324128,1.7999999523162842
1327552,1.7999999523162842
1327840,1.7999999523162842
1330528,1.7999999523162842
1330688,1.7999999523162842
1335088,1.7999999523162842
1336096,1.7999999523162842
1336784,1.7999999523162842
1338048,1.7999999523162842
1338192,1.7999999523162842
1342016,1.7999999523162842
1343232,1.7999999523162842
1346256,1.7999999523162842
1347968,1.7999999523162842
1348768,1.7999999523162842
1349600,1.7999999523162842
1352304,1.7999999523162842
1359328,1.7999999523162842
1361056,1.7999999523162842
1361248,1.7999999523162842
1362400,1.7999999523162842
1363376,1.7999999523162842
1363424,1.7999999523162842
1366768,1.7999999523162842
1374928,1.7999999523162842
1376144,1.7999999523162842
1377904,1.7999999523162842
1380880,1.7999999523162842
1381536,1.7999999523162842
1382992,1.7999999523162842
1383088,1.7999999523162842
1385936,1.7999999523162842
1388464,1.7999999523162842
1388496,1.7999999523162842
1389184,1.7999999523162842
1391872,1.7999999523162842
1392432,1.7999999523162842
1392624,1.7999999523162842
1392784,1.7999999523162842
1393312,1.7999999523162842
1394496,1.7999999523162842
1394608,1.7999999523162842
1396208,1.7999999523162842
1397504,1.7999999523162842
1403408,1.7999999523162842
1404208,1.7999999523162842
1405136,1.7999999523162842
1405296,1.7999999523162842
1405376,1.7999999523162842
1405472,1.7999999523162842
1407776,1.7999999523162842
1411728,1.7999999523162842
1414512,1.7999999523162842
1415792,1.7999999523162842
1416144,1.7999999523162842
1418608,1.7999999523162842
1422560,1.7999999523162842
1422720,1.7999999523162842
1425504,1.7999999523162842
1426208,1.7999999523162842
1428576,1.7999999523162842
1429296,1.7999999523162842
1429680,1.7999999523162842
1430880,1.7999999523162842
1431024,1.7999999523162842
1432176,1.7999999523162842
1432272,1.7999999523162842
1433984,1.7999999523162842
1435872,1.7999999523162842
1439760,1.7999999523162842
1440432,1.7999999523162842
1442656,1.7999999523162842
1447008,1.7999999523162842
1448496,1.7999999523162842
1450656,1.7999999523162842
1450992,1.7999999523162842
1451072,1.7999999523162842
1452016,1.7999999523162842
1455648,1.7999999523162842
1455664,1.7999999523162842
1457248,1.7999999523162842
1458592,1.7999999523162842
1458976,1.7999999523162842
1462816,1.7999999523162842
1462912,1.7999999523162842
1463664,1.7999999523162842
1464960,1.7999999523162842
1464992,1.7999999523162842
1465360,1.7999999523162842
1465984,1.7999999523162842
1466032,1.7999999523162842
1467264,1.7999999523162842
1472688,1.7999999523162842
1472720,1.7999999523162842
1473440,1.7999999523162842
1474784,1.7999999523162842
1475936,1.7999999523162842
1478304,1.7999999523162842
1478816,1.7999999523162842
1479424,1.7999999523162842
1480944,1.7999999523162842
1483088,1.7999999523162842
1488976,1.7999999523162842
1490880,1.7999999523162842
1491424,1.7999999523162842
1493808,1.7999999523162842
1495088,1.7999999523162842
1496448,1.7999999523162842
1502576,1.7999999523162842
1502656,1.7999999523162842
1506224,1.7999999523162842
1509808,1.7999999523162842
1509920,1.7999999523162842
1510208,1.7999999523162842
1512544,1.7999999523162842
1514240,1.7999999523162842
1514368,1.7999999523162842
1514528,1.7999999523162842
1515424,1.7999999523162842
1517424,1.7999999523162842
1518176,1.7999999523162842
1520592,1.7999999523162842
1520656,1.7999999523162842
1521552,1.7999999523162842
1521808,1.7999999523162842
1523120,1.7999999523162842
1523776,1.7999999523162842
1523808,1.7999999523162842
1524048,1.7999999523162842
1526288,1.7999999523162842
1529472,1.7999999523162842
1531088,1.7999999523162842
1536432,1.7999999523162842
1540080,1.7999999523162842
1540416,1.7999999523162842
1542400,1.7999999523162842
1545200,1.7999999523162842
1545632,1.7999999523162842
1546544,1.7999999523162842
1548624,1.7999999523162842
1549424,1.7999999523162842
1551744,1.7999999523162842
1551888,1.7999999523162842
1552144,1.7999999523162842
1552336,1.7999999523162842
1555392,1.7999999523162842
1558224,1.7999999523162842
1559744,1.7999999523162842
1560656,1.7999999523162842
1560736,1.7999999523162842
1561392,1.7999999523162842
1563360,1.7999999523162842
1564752,1.7999999523162842
1565424,1.7999999523162842
1568192,1.7999999523162842
1568448,1.7999999523162842
1572560,1.7999999523162842
1573824,1.7999999523162842
1575328,1.7999999523162842
1578000,1.7999999523162842
1581808,1.7999999523162842
1582528,1.7999999523162842
1584240,1.7999999523162842
1585040,1.7999999523162842
1585472,1.7999999523162842
1586064,1.7999999523162842
1586304,1.7999999523162842
1589168,1.7999999523162842
1589376,1.7999999523162842
1589920,1.7999999523162842
1590736,1.7999999523162842
1591552,1.7999999523162842
1592080,1.7999999523162842
1593232,1.7999999523162842
1594784,1.7999999523162842
1595664,1.7999999523162842
1596176,1.7999999523162842
1599008,1.7999999523162842
1600000,1.7999999523162842
1600752,1.7999999523162842
1602240,1.7999999523162842
1602880,1.7999999523162842
1605072,1.7999999523162842
1605376,1.7999999523162842
1610400,1.7999999523162842
1611696,1.7999999523162842
1612128,1.7999999523162842
1613104,1.7999999523162842
1619632,1.7999999523162842
1619760,1.7999999523162842
1620480,1.7999999523162842
1622864,1.7999999523162842
1624768,1.7999999523162842
1626048,1.7999999523162842
1626096,1.7999999523162842
1626560,1.7999999523162842
1626848,1.7999999523162842
1627600,1.7999999523162842
1628384,1.7999999523162842
1628512,1.7999999523162842
1629344,1.7999999523162842
1630032,1.7999999523162842
1636448,1.7999999523162842
1637312,1.7999999523162842
1637648,1.7999999523162842
1638320,1.7999999523162842
1639296,1.7999999523162842
1639616,1.7999999523162842
1640032,1.7999999523162842
1640096,1.7999999523162842
1640592,1.7999999523162842
1641488,1.7999999523162842
1641920,1.7999999523162842
1642848,1.7999999523162842
1643472,1.7999999523162842
1644608,1.7999999523162842
1644752,1.7999999523162842
1646336,1.7999999523162842
1649088,1.7999999523162842
1649904,1.7999999523162842
1651072,1.7999999523162842
1651504,1.7999999523162842
1653984,1.7999999523162842
1655712,1.7999999523162842
1655856,1.7999999523162842
1657104,1.7999999523162842
1657856,1.7999999523162842
1658368,1.7999999523162842
1658800,1.7999999523162842
1659216,1.7999999523162842
1659456,1.7999999523162842
1659840,1.7999999523162842
1660656,1.7999999523162842
1662384,1.7999999523162842
1662496,1.7999999523162842
1664016,1.7999999523162842
1668128,1.7999999523162842
1669648,1.7999999523162842
1671456,1.7999999523162842
1671632,1.7999999523162842
1672064,1.7999999523162842
1672208,1.7999999523162842
1685552,1.7999999523162842
1686816,1.7999999523162842
1687440,1.7999999523162842
1689824,1.7999999523162842
1689888,1.7999999523162842
1690992,1.7999999523162842
1692384,1.7999999523162842
1693952,1.7999999523162842
1696016,1.7999999523162842
1696272,1.7999999523162842
1696496,1.7999999523162842
1698768,1.7999999523162842
1698832,1.7999999523162842
1699680,1.7999999523162842
1702416,1.7999999523162842
1702832,1.7999999523162842
1703296,1.7999999523162842
1704704,1.7999999523162842
1706992,1.7999999523162842
1711072,1.7999999523162842
1716048,1.7999999523162842
1722064,1.7999999523162842
1723216,1.7999999523162842
1723552,1.7999999523162842
1724496,1.7999999523162842
1727024,1.7999999523162842
1727328,1.7999999523162842
1728368,1.7999999523162842
1729872,1.7999999523162842
1730176,1.7999999523162842
1731568,1.7999999523162842
1732336,1.7999999523162842
1734352,1.7999999523162842
1734720,1.7999999523162842
1736160,1.7999999523162842
1738080,1.7999999523162842
1738464,1.7999999523162842
1739760,1.7999999523162842
1740288,1.7999999523162842
1740480,1.7999999523162842
1741056,1.7999999523162842
1741760,1.7999999523162842
1743088,1.7999999523162842
1745648,1.7999999523162842
1748208,1.7999999523162842
1749088,1.7999999523162842
1751088,1.7999999523162842
1751360,1.7999999523162842
1752688,1.7999999523162842
1753456,1.7999999523162842
1757552,1.7999999523162842
1757936,1.7999999523162842
1758208,1.7999999523162842
1758736,1.7999999523162842
1760400,1.7999999523162842
1760544,1.7999999523162842
1761152,1.7999999523162842
1766016,1.7999999523162842
1767424,1.7999999523162842
1769200,1.7999999523162842
1771328,1.7999999523162842
1775344,1.7999999523162842
1775968,1.7999999523162842
1778128,1.7999999523162842
1778704,1.7999999523162842
1779536,1.7999999523162842
1780128,1.7999999523162842
1780592,1.7999999523162842
1784928,1.7999999523162842
1785200,1.7999999523162842
1786368,1.7999999523162842
1793024,1.7999999523162842
1793696,1.7999999523162842
1796800,1.7999999523162842
1797456,1.7999999523162842
1801392,1.7999999523162842
1801824,1.7999999523162842
1802480,1.7999999523162842
1803936,1.7999999523162842
1805776,1.7999999523162842
1807520,1.7999999523162842
1807856,1.7999999523162842
1808144,1.7999999523162842
1808448,1.7999999523162842
1809456,1.7999999523162842
1811200,1.7999999523162842
1816800,1.7999999523162842
1818656,1.7999999523162842
1820592,1.7999999523162842
1820768,1.7999999523162842
1825120,1.7999999523162842
1827584,1.7999999523162842
1829728,1.7999999523162842
1831568,1.7999999523162842
1835584,1.7999999523162842
1838496,1.7999999523162842
1838736,1.7999999523162842
1840224,1.7999999523162842
1841408,1.7999999523162842
1842224,1.7999999523162842
1842384,1.7999999523162842
1843600,1.7999999523162842
1843664,1.7999999523162842
1844416,1.7999999523162842
1846368,1.7999999523162842
1851120,1.7999999523162842
1854336,1.7999999523162842
1855536,1.7999999523162842
1856064,1.7999999523162842
1858912,1.7999999523162842
1859920,1.7999999523162842
1862256,1.7999999523162842
1864720,1.7999999523162842
1869232,1.7999999523162842
1869456,1.7999999523162842
1870144,1.7999999523162842
1871504,1.7999999523162842
1872240,1.7999999523162842
1872352,1.7999999523162842
1873024,1.7999999523162842
1873344,1.7999999523162842
1874176,1.7999999523162842
1874672,1.7999999523162842
1875328,1.7999999523162842
1875648,1.7999999523162842
1878848,1.7999999523162842
1879280,1.7999999523162842
1879680,1.7999999523162842
1880096,1.7999999523162842
1881088,1.7999999523162842
1884816,1.7999999523162842
1891616,1.7999999523162842
1891696,1.7999999523162842
1892704,1.7999999523162842
1892912,1.7999999523162842
1893104,1.7999999523162842
1896240,1.7999999523162842
1896336,1.7999999523162842
1897648,1.7999999523162842
1898352,1.7999999523162842
1900912,1.7999999523162842
1902544,1.7999999523162842
1902592,1.7999999523162842
1902864,1.7999999523162842
1903456,1.7999999523162842
1904112,1.7999999523162842
1908176,1.7999999523162842
1912208,1.7999999523162842
1915488,1.7999999523162842
1915520,1.7999999523162842
1917536,1.7999999523162842
1919424,1.7999999523162842
1923120,1.7999999523162842
1923824,1.7999999523162842
1927056,1.7999999523162842
1931808,1.7999999523162842
1933200,1.7999999523162842
1935648,1.7999999523162842
1937024,1.7999999523162842
1938848,1.7999999523162842
1940672,1.7999999523162842
1943408,1.7999999523162842
1943664,1.7999999523162842
1944256,1.7999999523162842
1948496,1.7999999523162842
1950064,1.7999999523162842
1952992,1.7999999523162842
1953056,1.7999999523162842
1953104,1.7999999523162842
1953744,1.7999999523162842
1954912,1.7999999523162842
1955520,1.7999999523162842
1955648,1.7999999523162842
1956672,1.7999999523162842
1960928,1.7999999523162842
1960944,1.7999999523162842
1962016,1.7999999523162842
1962880,1.7999999523162842
1962960,1.7999999523162842
1963280,1.7999999523162842
1963408,1.7999999523162842
1964256,1.7999999523162842
1965424,1.7999999523162842
1967792,1.7999999523162842
1969216,1.7999999523162842
1969872,1.7999999523162842
1974000,1.7999999523162842
1979200,1.7999999523162842
1979504,1.7999999523162842
1979584,1.7999999523162842
1982016,1.7999999523162842
1984144,1.7999999523162842
1984352,1.7999999523162842
1984880,1.7999999523162842
1986304,1.7999999523162842
1986400,1.7999999523162842
1986560,1.7999999523162842
1987952,1.7999999523162842
1989120,1.7999999523162842
1989456,1.7999999523162842
1992240,1.7999999523162842
1992656,1.7999999523162842
1993440,1.7999999523162842
1994032,1.7999999523162842
1995072,1.7999999523162842
1996752,1.7999999523162842
1997792,1.7999999523162842
1997808,1.7999999523162842
1998480,1.7999999523162842
2000752,1.7999999523162842
2001664,1.7999999523162842
2004960,1.7999999523162842
2005312,1.7999999523162842
2005632,1.7999999523162842
2006432,1.7999999523162842
2007072,1.7999999523162842
2008816,1.7999999523162842
2010640,1.7999999523162842
2011632,1.7999999523162842
2013152,1.7999999523162842
2013680,1.7999999523162842
2013792,1.7999999523162842
2014368,1.7999999523162842
2017408,1.7999999523162842
2017648,1.7999999523162842
2019616,1.7999999523162842
2020192,1.7999999523162842
2020496,1.7999999523162842
2020512,1.7999999523162842
2020784,1.7999999523162842
2023952,1.7999999523162842
2025840,1.7999999523162842
2027152,1.7999999523162842
2027984,1.7999999523162842
2028144,1.7999999523162842
2028192,1.7999999523162842
2030528,1.7999999523162842
2030624,1.7999999523162842
2031840,1.7999999523162842
2031952,1.7999999523162842
2032640,1.7999999523162842
2035184,1.7999999523162842
2035472,1.7999999523162842
2036816,1.7999999523162842
2037584,1.7999999523162842
2038640,1.7999999523162842
2039216,1.7999999523162842
2041648,1.7999999523162842
2047840,1.7999999523162842
2048384,1.7999999523162842
2048896,1.7999999523162842
2053776,1.7999999523162842
2056944,1.7999999523162842
2057376,1.7999999523162842
2058448,1.7999999523162842
2059392,1.7999999523162842
2060800,1.7999999523162842
2063344,1.7999999523162842
2063504,1.7999999523162842
2063568,1.7999999523162842
2064896,1.7999999523162842
2066304,1.7999999523162842
2067664,1.7999999523162842
2069248,1.7999999523162842
2070752,1.7999999523162842
2073200,1.7999999523162842
2073776,1.7999999523162842
2075184,1.7999999523162842
2077024,1.7999999523162842
2077248,1.7999999523162842
2077616,1.7999999523162842
2078752,1.7999999523162842
2078912,1.7999999523162842
2079424,1.7999999523162842
2081664,1.7999999523162842
2082208,1.7999999523162842
2083216,1.7999999523162842
2088944,1.7999999523162842
2091968,1.7999999523162842
2094352,1.7999999523162842
2103152,1.7999999523162842
2103184,1.7999999523162842
2104608,1.7999999523162842
2107632,1.7999999523162842
2107664,1.7999999523162842
2113440,1.7999999523162842
2113552,1.7999999523162842
2114064,1.7999999523162842
2116592,1.7999999523162842
2116672,1.7999999523162842
2119696,1.7999999523162842
2120928,1.7999999523162842
2121520,1.7999999523162842
2121632,1.7999999523162842
2122288,1.7999999523162842
2122304,1.7999999523162842
2122672,1.7999999523162842
2124880,1.7999999523162842
2128816,1.7999999523162842
2129232,1.7999999523162842
2129264,1.7999999523162842
2129440,1.7999999523162842
2130704,1.7999999523162842
2131312,1.7999999523162842
2133680,1.7999999523162842
2133792,1.7999999523162842
2133824,1.7999999523162842
2136752,1.7999999523162842
2136832,1.7999999523162842
2138240,1.7999999523162842
2140560,1.7999999523162842
2141120,1.7999999523162842
2141472,1.7999999523162842
2143872,1.7999999523162842
2146064,1.7999999523162842
2148976,1.7999999523162842
2149488,1.7999999523162842
2152752,1.7999999523162842
2157328,1.7999999523162842
2157664,1.7999999523162842
2163088,1.7999999523162842
2164032,1.7999999523162842
2164560,1.7999999523162842
2168064,1.7999999523162842
2170128,1.7999999523162842
2172816,1.7999999523162842
2175648,1.7999999523162842
2176896,1.7999999523162842
2177168,1.7999999523162842
2178944,1.7999999523162842
2182448,1.7999999523162842
2183328,1.7999999523162842
2186368,1.7999999523162842
2186432,1.7999999523162842
2186624,1.7999999523162842
2189440,1.7999999523162842
2191696,1.7999999523162842
2191952,1.7999999523162842
2191968,1.7999999523162842
2194272,1.7999999523162842
2194336,1.7999999523162842
2195696,1.7999999523162842
2197264,1.7999999523162842
2198208,1.7999999523162842
2198896,1.7999999523162842
2198944,1.7999999523162842
2199408,1.7999999523162842
2200608,1.7999999523162842
2201712,1.7999999523162842
2202000,1.7999999523162842
2205168,1.7999999523162842
2205536,1.7999999523162842
2206336,1.7999999523162842
2208608,1.7999999523162842
2209184,1.7999999523162842
2212128,1.7999999523162842
2214528,1.7999999523162842
2214544,1.7999999523162842
2215312,1.7999999523162842
2216320,1.7999999523162842
2216336,1.7999999523162842
2220672,1.7999999523162842
2220800,1.7999999523162842
2226528,1.7999999523162842
2229264,1.7999999523162842
2230032,1.7999999523162842
2231424,1.7999999523162842
2231840,1.7999999523162842
2232400,1.7999999523162842
2239776,1.7999999523162842
2239920,1.7999999523162842
2245184,1.7999999523162842
2246256,1.7999999523162842
2247568,1.7999999523162842
2247792,1.7999999523162842
2248864,1.7999999523162842
2251184,1.7999999523162842
2253152,1.7999999523162842
2254816,1.7999999523162842
2256400,1.7999999523162842
2256848,1.7999999523162842
2259008,1.7999999523162842
2264640,1.7999999523162842
2265216,1.7999999523162842
2265232,1.7999999523162842
2267248,1.7999999523162842
2267648,1.7999999523162842
2268528,1.7999999523162842
2268976,1.7999999523162842
2272000,1.7999999523162842
2272512,1.7999999523162842
2272800,1.7999999523162842
2275152,1.7999999523162842
2275664,1.7999999523162842
2277488,1.7999999523162842
2279088,1.7999999523162842
2281760,1.7999999523162842
2284192,1.7999999523162842
2285120,1.7999999523162842
2287760,1.7999999523162842
2291488,1.7999999523162842
2293632,1.7999999523162842
2294320,1.7999999523162842
2294352,1.7999999523162842
2295024,1.7999999523162842
2295728,1.7999999523162842
2296832,1.7999999523162842
2297712,1.7999999523162842
2298160,1.7999999523162842
2301392,1.7999999523162842
2304080,1.7999999523162842
2304752,1.7999999523162842
2306576,1.7999999523162842
2308544,1.7999999523162842
2309936,1.7999999523162842
2310832,1.7999999523162842
2312352,1.7999999523162842
2312592,1.7999999523162842
2312912,1.7999999523162842
2318624,1.7999999523162842
2320208,1.7999999523162842
2320368,1.7999999523162842
2320384,1.7999999523162842
2320560,1.7999999523162842
2324896,1.7999999523162842
2326592,1.7999999523162842
2327312,1.7999999523162842
2327968,1.7999999523162842
2328864,1.7999999523162842
2332448,1.7999999523162842
2335520,1.7999999523162842
2335632,1.7999999523162842
2336032,1.7999999523162842
2336272,1.7999999523162842
2337376,1.7999999523162842
2341104,1.7999999523162842
2341120,1.7999999523162842
2342608,1.7999999523162842
2343040,1.7999999523162842
2343776,1.7999999523162842
2344224,1.7999999523162842
2346384,1.7999999523162842
2351664,1.7999999523162842
2355792,1.7999999523162842
2358112,1.7999999523162842
2358752,1.7999999523162842
2358784,1.7999999523162842
2364352,1.7999999523162842
2365728,1.7999999523162842
2368976,1.7999999523162842
2369824,1.7999999523162842
2370480,1.7999999523162842
2371344,1.7999999523162842
2372032,1.7999999523162842
2373696,1.7999999523162842
2379792,1.7999999523162842
2382336,1.7999999523162842
2383056,1.7999999523162842
2386048,1.7999999523162842
2388016,1.7999999523162842
2389248,1.7999999523162842
2390496,1.7999999523162842
2390592,1.7999999523162842
2395920,1.7999999523162842
2396736,1.7999999523162842
2397648,1.7999999523162842
2398064,1.7999999523162842
2400080,1.7999999523162842
2400288,1.7999999523162842
2401248,1.7999999523162842
2401952,1.7999999523162842
2402272,1.7999999523162842
2402624,1.7999999523162842
2403056,1.7999999523162842
2405200,1.7999999523162842
2407424,1.7999999523162842
2407856,1.7999999523162842
2414352,1.7999999523162842
2418608,1.7999999523162842
2418656,1.7999999523162842
2425872,1.7999999523162842
2431008,1.7999999523162842
2431488,1.7999999523162842
2431920,1.7999999523162842
2433584,1.7999999523162842
2435600,1.7999999523162842
2436368,1.7999999523162842
2436736,1.7999999523162842
2440128,1.7999999523162842
2440800,1.7999999523162842
2442608,1.7999999523162842
2443440,1.7999999523162842
2446080,1.7999999523162842
2449600,1.7999999523162842
2449824,1.7999999523162842
2450464,1.7999999523162842
2456224,1.7999999523162842
2457920,1.7999999523162842
2459872,1.7999999523162842
2460080,1.7999999523162842
2464416,1.7999999523162842
2466272,1.7999999523162842
2469808,1.7999999523162842
2470176,1.7999999523162842
2471952,1.7999999523162842
2472448,1.7999999523162842
2476720,1.7999999523162842
2478112,1.7999999523162842
2478192,1.7999999523162842
2479504,1.7999999523162842
2480272,1.7999999523162842
2485536,1.7999999523162842
2486288,1.7999999523162842
2490640,1.7999999523162842
2491184,1.7999999523162842
2492224,1.7999999523162842
2499328,1.7999999523162842
2502256,1.7999999523162842
2502864,1.7999999523162842
2508096,1.7999999523162842
2508448,1.7999999523162842
2509504,1.7999999523162842
2510016,1.7999999523162842
2510480,1.7999999523162842
2516928,1.7999999523162842
2517456,1.7999999523162842
2518384,1.7999999523162842
2518832,1.7999999523162842
2522272,1.7999999523162842
2523984,1.7999999523162842
2524096,1.7999999523162842
2524320,1.7999999523162842
2528016,1.7999999523162842
2528192,1.7999999523162842
2529600,1.7999999523162842
2530256,1.7999999523162842
2531616,1.7999999523162842
2532016,1.7999999523162842
2532720,1.7999999523162842
2534560,1.7999999523162842
2534736,1.7999999523162842
2535184,1.7999999523162842
2536352,1.7999999523162842
2537328,1.7999999523162842
2539824,1.7999999523162842
2542480,1.7999999523162842
2543504,1.7999999523162842
2543872,1.7999999523162842
2544112,1.7999999523162842
2544336,1.7999999523162842
2544576,1.7999999523162842
2546000,1.7999999523162842
2547312,1.7999999523162842
2547824,1.7999999523162842
2548512,1.7999999523162842
2551104,1.7999999523162842
2553456,1.7999999523162842
2555200,1.7999999523162842
2555280,1.7999999523162842
2555456,1.7999999523162842
2555936,1.7999999523162842
2555968,1.7999999523162842
2559296,1.7999999523162842
2559600,1.7999999523162842
2562128,1.7999999523162842
2562800,1.7999999523162842
2564464,1.7999999523162842
2564768,1.7999999523162842
2566304,1.7999999523162842
2566800,1.7999999523162842
2567344,1.7999999523162842
2567872,1.7999999523162842
2569888,1.7999999523162842
2570352,1.7999999523162842
2570464,1.7999999523162842
2573408,1.7999999523162842
2573696,1.7999999523162842
2576512,1.7999999523162842
2577728,1.7999999523162842
2577888,1.7999999523162842
2579984,1.7999999523162842
2582912,1.7999999523162842
2583376,1.7999999523162842
2584096,1.7999999523162842
2584304,1.7999999523162842
2589936,1.7999999523162842
2591040,1.7999999523162842
2591760,1.7999999523162842
2593840,1.7999999523162842
2595120,1.7999999523162842
2597504,1.7999999523162842
2597616,1.7999999523162842
2597856,1.7999999523162842
2597968,1.7999999523162842
2604160,1.7999999523162842
2604448,1.7999999523162842
2605232,1.7999999523162842
2605744,1.7999999523162842
2606464,1.7999999523162842
2609584,1.7999999523162842
2609792,1.7999999523162842
2612672,1.7999999523162842
2615488,1.7999999523162842
2615504,1.7999999523162842
2618512,1.7999999523162842
2619104,1.7999999523162842
2621104,1.7999999523162842
2622080,1.7999999523162842
2622256,1.7999999523162842
2626912,1.7999999523162842
2627840,1.7999999523162842
2631520,1.7999999523162842
2632944,1.7999999523162842
2634480,1.7999999523162842
2634768,1.7999999523162842
2636368,1.7999999523162842
2637280,1.7999999523162842
2641632,1.7999999523162842
2642288,1.7999999523162842
2645248,1.7999999523162842
2645856,1.7999999523162842
2646496,1.7999999523162842
2646704,1.7999999523162842
2647648,1.7999999523162842
2651104,1.7999999523162842
2654224,1.7999999523162842
2654272,1.7999999523162842
2654944,1.7999999523162842
2654976,1.7999999523162842
2655024,1.7999999523162842
2655984,1.7999999523162842
2659616,1.7999999523162842
2659904,1.7999999523162842
2662192,1.7999999523162842
2663888,1.7999999523162842
2664336,1.7999999523162842
2668224,1.7999999523162842
2669968,1.7999999523162842
2670256,1.7999999523162842
2677504,1.7999999523162842
2677552,1.7999999523162842
2680240,1.7999999523162842
2681936,1.7999999523162842
2682416,1.7999999523162842
2682688,1.7999999523162842
2682992,1.7999999523162842
2684480,1.7999999523162842
2685376,1.7999999523162842
2687008,1.7999999523162842
2687728,1.7999999523162842
2688640,1.7999999523162842
2690768,1.7999999523162842
2692464,1.7999999523162842
2692960,1.7999999523162842
2693200,1.7999999523162842
2694816,1.7999999523162842
2695888,1.7999999523162842
2696624,1.7999999523162842
2698624,1.7999999523162842
2698880,1.7999999523162842
2700368,1.7999999523162842
2700896,1.7999999523162842
2701536,1.7999999523162842
2704400,1.7999999523162842
2705040,1.7999999523162842
2706384,1.7999999523162842
2707008,1.7999999523162842
2707424,1.7999999523162842
2707616,1.7999999523162842
2709488,1.7999999523162842
2710672,1.7999999523162842
2713392,1.7999999523162842
2714400,1.7999999523162842
2719024,1.7999999523162842
2719152,1.7999999523162842
2719296,1.7999999523162842
2722016,1.7999999523162842
2724464,1.7999999523162842
2725872,1.7999999523162842
2727008,1.7999999523162842
2727232,1.7999999523162842
2731344,1.7999999523162842
2732144,1.7999999523162842
2733232,1.7999999523162842
2733360,1.7999999523162842
2734608,1.7999999523162842
2738944,1.7999999523162842
2741360,1.7999999523162842
2743328,1.7999999523162842
2744448,1.7999999523162842
2746704,1.7999999523162842
2747712,1.7999999523162842
2748672,1.7999999523162842
2751088,1.7999999523162842
2751152,1.7999999523162842
2754144,1.7999999523162842
2754416,1.7999999523162842
2755312,1.7999999523162842
2755440,1.7999999523162842
2759936,1.7999999523162842
2760320,1.7999999523162842
2760800,1.7999999523162842
2762048,1.7999999523162842
2763744,1.7999999523162842
2765472,1.7999999523162842
2768384,1.7999999523162842
2770720,1.7999999523162842
2771952,1.7999999523162842
2774736,1.7999999523162842
2775296,1.7999999523162842
2775616,1.7999999523162842
2777728,1.7999999523162842
2777920,1.7999999523162842
2778768,1.7999999523162842
2780512,1.7999999523162842
2780592,1.7999999523162842
2781168,1.7999999523162842
2782528,1.7999999523162842
2784576,1.7999999523162842
2785184,1.7999999523162842
2786128,1.7999999523162842
2786384,1.7999999523162842
2788272,1.7999999523162842
2788464,1.7999999523162842
2789504,1.7999999523162842
2789520,1.7999999523162842
2791712,1.7999999523162842
2793216,1.7999999523162842
2794368,1.7999999523162842
2794576,1.7999999523162842
2795392,1.7999999523162842
2797504,1.7999999523162842
2797680,1.7999999523162842
2798432,1.7999999523162842
2799792,1.7999999523162842
2803088,1.7999999523162842
2804480,1.7999999523162842
2804912,1.7999999523162842
2806576,1.7999999523162842
2807584,1.7999999523162842
2808416,1.7999999523162842
2813824,1.7999999523162842
2813920,1.7999999523162842
2814912,1.7999999523162842
2815040,1.7999999523162842
2816064,1.7999999523162842
2818752,1.7999999523162842
2823232,1.7999999523162842
2823696,1.7999999523162842
2827616,1.7999999523162842
2827792,1.7999999523162842
2829392,1.7999999523162842
2829744,1.7999999523162842
2831056,1.7999999523162842
2833328,1.7999999523162842
2835728,1.7999999523162842
2836192,1.7999999523162842
2836720,1.7999999523162842
2838000,1.7999999523162842
2838048,1.7999999523162842
2838560,1.7999999523162842
2840832,1.7999999523162842
2842704,1.7999999523162842
2842864,1.7999999523162842
2846352,1.7999999523162842
2848784,1.7999999523162842
2849536,1.7999999523162842
2855520,1.7999999523162842
2855824,1.7999999523162842
2856432,1.7999999523162842
2860528,1.7999999523162842
2860672,1.7999999523162842
2862496,1.7999999523162842
2864160,1.7999999523162842
2869264,1.7999999523162842
2872432,1.7999999523162842
2875600,1.7999999523162842
2878320,1.7999999523162842
2879232,1.7999999523162842
2879504,1.7999999523162842
2884912,1.7999999523162842
2886176,1.7999999523162842
2886720,1.7999999523162842
2887888,1.7999999523162842
2889776,1.7999999523162842
2889824,1.7999999523162842
2891696,1.7999999523162842
2897472,1.7999999523162842
2899136,1.7999999523162842
2899296,1.7999999523162842
2901392,1.7999999523162842
2903440,1.7999999523162842
2907072,1.7999999523162842
2910640,1.7999999523162842
2911264,1.7999999523162842
2911296,1.7999999523162842
2914336,1.7999999523162842
2914608,1.7999999523162842
2914976,1.7999999523162842
2915952,1.7999999523162842
2916416,1.7999999523162842
2920688,1.7999999523162842
2920704,1.7999999523162842
2925344,1.7999999523162842
2928144,1.7999999523162842
2928304,1.7999999523162842
2932176,1.7999999523162842
2932704,1.7999999523162842
2933504,1.7999999523162842
2933808,1.7999999523162842
2934192,1.7999999523162842
2935312,1.7999999523162842
2938448,1.7999999523162842
2942496,1.7999999523162842
2945584,1.7999999523162842
2947840,1.7999999523162842
2948832,1.7999999523162842
2950864,1.7999999523162842
2952512,1.7999999523162842
2954848,1.7999999523162842
2956480,1.7999999523162842
2959744,1.7999999523162842
2961456,1.7999999523162842
2962416,1.7999999523162842
2965088,1.7999999523162842
2969376,1.7999999523162842
2969648,1.7999999523162842
2970528,1.7999999523162842
2972224,1.7999999523162842
2977024,1.7999999523162842
2977904,1.7999999523162842
2979888,1.7999999523162842
2980528,1.7999999523162842
2983472,1.7999999523162842
2983616,1.7999999523162842
2984272,1.7999999523162842
2986528,1.7999999523162842
2988608,1.7999999523162842
2990288,1.7999999523162842
2990320,1.7999999523162842
2990944,1.7999999523162842
2991600,1.7999999523162842
2991920,1.7999999523162842
2994048,1.7999999523162842
2994336,1.7999999523162842
2994560,1.7999999523162842
2996544,1.7999999523162842
2996864,1.7999999523162842
2998064,1.7999999523162842
2999168,1.7999999523162842
3002000,1.7999999523162842
3003024,1.7999999523162842
3007312,1.7999999523162842
3007776,1.7999999523162842
3008608,1.7999999523162842
3010896,1.7999999523162842
3012224,1.7999999523162842
3012688,1.7999999523162842
3013456,1.7999999523162842
3013952,1.7999999523162842
3014560,1.7999999523162842
3015104,1.7999999523162842
3018272,1.7999999523162842
3023232,1.7999999523162842
3024176,1.7999999523162842
3024624,1.7999999523162842
3026016,1.7999999523162842
3026592,1.7999999523162842
3027472,1.7999999523162842
3027920,1.7999999523162842
3030032,1.7999999523162842
3030672,1.7999999523162842
3031776,1.7999999523162842
3032256,1.7999999523162842
3033344,1.7999999523162842
3038736,1.7999999523162842
3039152,1.7999999523162842
3040784,1.7999999523162842
3047920,1.7999999523162842
3052192,1.7999999523162842
3053152,1.7999999523162842
3055600,1.7999999523162842
3057152,1.7999999523162842
3057760,1.7999999523162842
3059536,1.7999999523162842
3059984,1.7999999523162842
3061728,1.7999999523162842
3062720,1.7999999523162842
3065056,1.7999999523162842
3065616,1.7999999523162842
3066640,1.7999999523162842
3068176,1.7999999523162842
3068336,1.7999999523162842
3069216,1.7999999523162842
3069904,1.7999999523162842
3070816,1.7999999523162842
3070928,1.7999999523162842
3071152,1.7999999523162842
3071168,1.7999999523162842
3071296,1.7999999523162842
3071504,1.7999999523162842
3071680,1.7999999523162842
3072688,1.7999999523162842
3073200,1.7999999523162842
3075152,1.7999999523162842
3076784,1.7999999523162842
3077552,1.7999999523162842
3078960,1.7999999523162842
3080800,1.7999999523162842
3080848,1.7999999523162842
3081568,1.7999999523162842
3083728,1.7999999523162842
3084752,1.7999999523162842
3089152,1.7999999523162842
3089328,1.7999999523162842
3090688,1.7999999523162842
3091472,1.7999999523162842
3091920,1.7999999523162842
3091952,1.7999999523162842
3092096,1.7999999523162842
3094096,1.7999999523162842
3096672,1.7999999523162842
3096976,1.7999999523162842
3099904,1.7999999523162842
3101568,1.7999999523162842
3102656,1.7999999523162842
3105520,1.7999999523162842
3108304,1.7999999523162842
3109856,1.7999999523162842
3111680,1.7999999523162842
3112112,1.7999999523162842
3112544,1.7999999523162842
3112896,1.7999999523162842
3113264,1.7999999523162842
3114400,1.7999999523162842
3115136,1.7999999523162842
3117536,1.7999999523162842
3118032,1.7999999523162842
3119216,1.7999999523162842
3122000,1.7999999523162842
3124384,1.7999999523162842
3124480,1.7999999523162842
3125056,1.7999999523162842
3126144,1.7999999523162842
3129424,1.7999999523162842
3131920,1.7999999523162842
3132016,1.7999999523162842
3133072,1.7999999523162842
3135696,1.7999999523162842
3135840,1.7999999523162842
3136112,1.7999999523162842
3136336,1.7999999523162842
3136464,1.7999999523162842
3141424,1.7999999523162842
3147200,1.7999999523162842
3147472,1.7999999523162842
3148944,1.7999999523162842
3150352,1.7999999523162842
3154912,1.7999999523162842
3155024,1.7999999523162842
3156752,1.7999999523162842
3161712,1.7999999523162842
3162800,1.7999999523162842
3162976,1.7999999523162842
3170736,1.7999999523162842
3172704,1.7999999523162842
3173056,1.7999999523162842
3174128,1.7999999523162842
3175120,1.7999999523162842
3175648,1.7999999523162842
3176352,1.7999999523162842
3176640,1.7999999523162842
3181056,1.7999999523162842
3182480,1.7999999523162842
3184768,1.7999999523162842
3186720,1.7999999523162842
3189056,1.7999999523162842
3191200,1.7999999523162842
3192416,1.7999999523162842
3192912,1.7999999523162842
3198128,1.7999999523162842
3201216,1.7999999523162842
3203296,1.7999999523162842
3203472,1.7999999523162842
3205200,1.7999999523162842
3205584,1.7999999523162842
3206432,1.7999999523162842
3206816,1.7999999523162842
3206848,1.7999999523162842
3209184,1.7999999523162842
3209504,1.7999999523162842
3210992,1.7999999523162842
3212656,1.7999999523162842
3216768,1.7999999523162842
3216960,1.7999999523162842
3219424,1.7999999523162842
3220240,1.7999999523162842
3222512,1.7999999523162842
3222592,1.7999999523162842
3224000,1.7999999523162842
3225504,1.7999999523162842
3226544,1.7999999523162842
3227392,1.7999999523162842
3228496,1.7999999523162842
3229184,1.7999999523162842
3229936,1.7999999523162842
3230032,1.7999999523162842
3230832,1.7999999523162842
3235120,1.7999999523162842
3235520,1.7999999523162842
3236176,1.7999999523162842
3236976,1.7999999523162842
3237952,1.7999999523162842
3239424,1.7999999523162842
3242144,1.7999999523162842
3247088,1.7999999523162842
3247136,1.7999999523162842
3247248,1.7999999523162842
3248176,1.7999999523162842
3248544,1.7999999523162842
3249264,1.7999999523162842
3250816,1.7999999523162842
3251472,1.7999999523162842
3253680,1.7999999523162842
3255072,1.7999999523162842
3255888,1.7999999523162842
3257648,1.7999999523162842
3259920,1.7999999523162842
3260816,1.7999999523162842
3260928,1.7999999523162842
3261200,1.7999999523162842
3262384,1.7999999523162842
3263200,1.7999999523162842
3264080,1.7999999523162842
3265888,1.7999999523162842
3266480,1.7999999523162842
3267408,1.7999999523162842
3268400,1.7999999523162842
3269072,1.7999999523162842
3269520,1.7999999523162842
3270624,1.7999999523162842
3273184,1.7999999523162842
3273264,1.7999999523162842
3273568,1.7999999523162842
3273600,1.7999999523162842
3276384,1.7999999523162842
3276848,1.7999999523162842
3278912,1.7999999523162842
3279104,1.7999999523162842
3286112,1.7999999523162842
3287632,1.7999999523162842
3288048,1.7999999523162842
3288304,1.7999999523162842
3288928,1.7999999523162842
3289744,1.7999999523162842
3291328,1.7999999523162842
3291472,1.7999999523162842
3292272,1.7999999523162842
3294992,1.7999999523162842
3295152,1.7999999523162842
3297744,1.7999999523162842
3300016,1.7999999523162842
3300512,1.7999999523162842
3300784,1.7999999523162842
3308624,1.7999999523162842
3309376,1.7999999523162842
3310256,1.7999999523162842
3310560,1.7999999523162842
3310784,1.7999999523162842
3314416,1.7999999523162842
3314592,1.7999999523162842
3319248,1.7999999523162842
3319440,1.7999999523162842
3319840,1.7999999523162842
3322720,1.7999999523162842
3323296,1.7999999523162842
3325552,1.7999999523162842
3328736,1.7999999523162842
3329424,1.7999999523162842
3329456,1.7999999523162842
3330048,1.7999999523162842
3330768,1.7999999523162842
3331472,1.7999999523162842
3331504,1.7999999523162842
3331952,1.7999999523162842
3332512,1.7999999523162842
3336464,1.7999999523162842
3337040,1.7999999523162842
3338736,1.7999999523162842
3340224,1.7999999523162842
3342768,1.7999999523162842
3342896,1.7999999523162842
3343296,1.7999999523162842
3344080,1.7999999523162842
3344144,1.7999999523162842
3344224,1.7999999523162842
3344336,1.7999999523162842
3344480,1.7999999523162842
3345664,1.7999999523162842
3345680,1.7999999523162842
3346928,1.7999999523162842
3350208,1.7999999523162842
3351824,1.7999999523162842
3352816,1.7999999523162842
3353616,1.7999999523162842
3355984,1.7999999523162842
3356672,1.7999999523162842
3357232,1.7999999523162842
3357456,1.7999999523162842
3357808,1.7999999523162842
3357968,1.7999999523162842
3359888,1.7999999523162842
3366128,1.7999999523162842
3368080,1.7999999523162842
3368176,1.7999999523162842
3368960,1.7999999523162842
3370256,1.7999999523162842
3372048,1.7999999523162842
3374032,1.7999999523162842
3374624,1.7999999523162842
3379888,1.7999999523162842
3381424,1.7999999523162842
3381472,1.7999999523162842
3381872,1.7999999523162842
3382672,1.7999999523162842
3382832,1.7999999523162842
3382928,1.7999999523162842
3383840,1.7999999523162842
3385104,1.7999999523162842
3385136,1.7999999523162842
3387152,1.7999999523162842
3389616,1.7999999523162842
3390624,1.7999999523162842
3392528,1.7999999523162842
3393600,1.7999999523162842
3396320,1.7999999523162842
3401200,1.7999999523162842
3405104,1.7999999523162842
3406704,1.7999999523162842
3406784,1.7999999523162842
3409312,1.7999999523162842
3411152,1.7999999523162842
3412800,1.7999999523162842
3414160,1.7999999523162842
3414208,1.7999999523162842
3416816,1.7999999523162842
3418032,1.7999999523162842
3418976,1.7999999523162842
3419104,1.7999999523162842
3419296,1.7999999523162842
3419472,1.7999999523162842
3420752,1.7999999523162842
3420976,1.7999999523162842
3422080,1.7999999523162842
3422336,1.7999999523162842
3429776,1.7999999523162842
3431280,1.7999999523162842
3431424,1.7999999523162842
3432256,1.7999999523162842
3433440,1.7999999523162842
3434704,1.7999999523162842
3435904,1.7999999523162842
3437216,1.7999999523162842
3439200,1.7999999523162842
3439280,1.7999999523162842
3441136,1.7999999523162842
3442800,1.7999999523162842
3443408,1.7999999523162842
3444368,1.7999999523162842
3446160,1.7999999523162842
3451904,1.7999999523162842
3452368,1.7999999523162842
3452656,1.7999999523162842
3452896,1.7999999523162842
3453392,1.7999999523162842
3455344,1.7999999523162842
3457600,1.7999999523162842
3461184,1.7999999523162842
3461520,1.7999999523162842
3463024,1.7999999523162842
3463312,1.7999999523162842
3464560,1.7999999523162842
3465648,1.7999999523162842
3465728,1.7999999523162842
3466784,1.7999999523162842
3466944,1.7999999523162842
3468816,1.7999999523162842
3469600,1.7999999523162842
3471488,1.7999999523162842
3475632,1.7999999523162842
3481024,1.7999999523162842
3482432,1.7999999523162842
3485776,1.7999999523162842
3487008,1.7999999523162842
3488800,1.7999999523162842
3494624,1.7999999523162842
3497104,1.7999999523162842
3499360,1.7999999523162842
3500816,1.7999999523162842
3501008,1.7999999523162842
3503232,1.7999999523162842
3505488,1.7999999523162842
3505536,1.7999999523162842
3509024,1.7999999523162842
3510688,1.7999999523162842
3511440,1.7999999523162842
3511552,1.7999999523162842
3512256,1.7999999523162842
3512528,1.7999999523162842
3514048,1.7999999523162842
3514928,1.7999999523162842
3517984,1.7999999523162842
3519984,1.7999999523162842
3520128,1.7999999523162842
3521952,1.7999999523162842
3523296,1.7999999523162842
3523648,1.7999999523162842
3529328,1.7999999523162842
3529616,1.7999999523162842
3530192,1.7999999523162842
3531968,1.7999999523162842
3535472,1.7999999523162842
3536544,1.7999999523162842
3537552,1.7999999523162842
3537824,1.7999999523162842
3537968,1.7999999523162842
3538448,1.7999999523162842
3541648,1.7999999523162842
3543248,1.7999999523162842
3544080,1.7999999523162842
3544672,1.7999999523162842
3545072,1.7999999523162842
3546032,1.7999999523162842
3546448,1.7999999523162842
3548352,1.7999999523162842
3550096,1.7999999523162842
3550304,1.7999999523162842
3551872,1.7999999523162842
3552080,1.7999999523162842
3552992,1.7999999523162842
3553088,1.7999999523162842
3554480,1.7999999523162842
3556992,1.7999999523162842
3558768,1.7999999523162842
3560112,1.7999999523162842
3568368,1.7999999523162842
3569088,1.7999999523162842
3570784,1.7999999523162842
3572864,1.7999999523162842
3574032,1.7999999523162842
3576736,1.7999999523162842
3579888,1.7999999523162842
3583152,1.7999999523162842
3588976,1.7999999523162842
3589888,1.7999999523162842
3590000,1.7999999523162842
3595040,1.7999999523162842
3596944,1.7999999523162842
3597200,1.7999999523162842
3597360,1.7999999523162842
3599056,1.7999999523162842
3600896,1.7999999523162842
3601056,1.7999999523162842
3602400,1.7999999523162842
3602592,1.7999999523162842
3604608,1.7999999523162842
3609264,1.7999999523162842
3610304,1.7999999523162842
3611008,1.7999999523162842
3612176,1.7999999523162842
3613424,1.7999999523162842
3614544,1.7999999523162842
3615712,1.7999999523162842
3618288,1.7999999523162842
3618304,1.7999999523162842
3619232,1.7999999523162842
3619888,1.7999999523162842
3620144,1.7999999523162842
3620272,1.7999999523162842
3622112,1.7999999523162842
3625728,1.7999999523162842
3627104,1.7999999523162842
3628096,1.7999999523162842
3628112,1.7999999523162842
3628864,1.7999999523162842
3631008,1.7999999523162842
3631920,1.7999999523162842
3632880,1.7999999523162842
3635152,1.7999999523162842
3637856,1.7999999523162842
3638848,1.7999999523162842
3639088,1.7999999523162842
3639904,1.7999999523162842
3640160,1.7999999523162842
3641312,1.7999999523162842
3643424,1.7999999523162842
3644368,1.7999999523162842
3646400,1.7999999523162842
3647392,1.7999999523162842
3650352,1.7999999523162842
3651936,1.7999999523162842
3652176,1.7999999523162842
3656320,1.7999999523162842
3656720,1.7999999523162842
3657552,1.7999999523162842
3662608,1.7999999523162842
3662672,1.7999999523162842
3663408,1.7999999523162842
3663568,1.7999999523162842
3664208,1.7999999523162842
3667392,1.7999999523162842
3669952,1.7999999523162842
3670320,1.7999999523162842
3672144,1.7999999523162842
3676048,1.7999999523162842
3677712,1.7999999523162842
3678432,1.7999999523162842
3679248,1.7999999523162842
3681376,1.7999999523162842
3682736,1.7999999523162842
3682768,1.7999999523162842
3683488,1.7999999523162842
3683936,1.7999999523162842
3685184,1.7999999523162842
3686368,1.7999999523162842
3686560,1.7999999523162842
3694848,1.7999999523162842
3696752,1.7999999523162842
3698624,1.7999999523162842
3706320,1.7999999523162842
3710192,1.7999999523162842
3711856,1.7999999523162842
3712608,1.7999999523162842
3713472,1.7999999523162842
3714080,1.7999999523162842
3718496,1.7999999523162842
3718608,1.7999999523162842
3718832,1.7999999523162842
3721872,1.7999999523162842
3722688,1.7999999523162842
3725968,1.7999999523162842
3726880,1.7999999523162842
3727104,1.7999999523162842
3727504,1.7999999523162842
3730192,1.7999999523162842
3731360,1.7999999523162842
3731824,1.7999999523162842
3732208,1.7999999523162842
3732896,1.7999999523162842
3737040,1.7999999523162842
3737520,1.7999999523162842
3738896,1.7999999523162842
3739104,1.7999999523162842
3740128,1.7999999523162842
3740480,1.7999999523162842
3741168,1.7999999523162842
3742256,1.7999999523162842
3743840,1.7999999523162842
3744016,1.7999999523162842
3746272,1.7999999523162842
3747520,1.7999999523162842
3748816,1.7999999523162842
3749520,1.7999999523162842
3749856,1.7999999523162842
3750848,1.7999999523162842
3751808,1.7999999523162842
3753520,1.7999999523162842
3754128,1.7999999523162842
3755184,1.7999999523162842
3756272,1.7999999523162842
3757584,1.7999999523162842
3758272,1.7999999523162842
3758368,1.7999999523162842
3759056,1.7999999523162842
3760896,1.7999999523162842
3761008,1.7999999523162842
3763024,1.7999999523162842
3766016,1.7999999523162842
3766576,1.7999999523162842
3767008,1.7999999523162842
3767936,1.7999999523162842
3770928,1.7999999523162842
3772832,1.7999999523162842
3774768,1.7999999523162842
3774912,1.7999999523162842
3780352,1.7999999523162842
3780576,1.7999999523162842
3780816,1.7999999523162842
3780912,1.7999999523162842
3781408,1.7999999523162842
3783360,1.7999999523162842
3784208,1.7999999523162842
3785232,1.7999999523162842
3786320,1.7999999523162842
3786384,1.7999999523162842
3788304,1.7999999523162842
3796256,1.7999999523162842
3797856,1.7999999523162842
3799488,1.7999999523162842
3800976,1.7999999523162842
3803584,1.7999999523162842
3807200,1.7999999523162842
3807760,1.7999999523162842
3809440,1.7999999523162842
3809872,1.7999999523162842
3812160,1.7999999523162842
3814592,1.7999999523162842
3815008,1.7999999523162842
3815376,1.7999999523162842
3815952,1.7999999523162842
3816624,1.7999999523162842
3819760,1.7999999523162842
3821072,1.7999999523162842
3821600,1.7999999523162842
3824272,1.7999999523162842
3824336,1.7999999523162842
3826064,1.7999999523162842
3828144,1.7999999523162842
3830384,1.7999999523162842
3831632,1.7999999523162842
3832304,1.7999999523162842
3832784,1.7999999523162842
3833472,1.7999999523162842
3835440,1.7999999523162842
3836960,1.7999999523162842
3837088,1.7999999523162842
3838016,1.7999999523162842
3840944,1.7999999523162842
3842496,1.7999999523162842
3842592,1.7999999523162842
3842720,1.7999999523162842
3845760,1.7999999523162842
3849056,1.7999999523162842
3850144,1.7999999523162842
3851072,1.7999999523162842
3851344,1.7999999523162842
3852496,1.7999999523162842
3852720,1.7999999523162842
3852800,1.7999999523162842
3854512,1.7999999523162842
3858224,1.7999999523162842
3860336,1.7999999523162842
3861680,1.7999999523162842
3861808,1.7999999523162842
3862640,1.7999999523162842
3862704,1.7999999523162842
3863664,1.7999999523162842
3864992,1.7999999523162842
3865936,1.7999999523162842
3866672,1.7999999523162842
3866736,1.7999999523162842
3867120,1.7999999523162842
3867824,1.7999999523162842
3868784,1.7999999523162842
3871872,1.7999999523162842
3875008,1.7999999523162842
3880384,1.7999999523162842
3883616,1.7999999523162842
3885680,1.7999999523162842
3887536,1.7999999523162842
3887632,1.7999999523162842
3887792,1.7999999523162842
3888080,1.7999999523162842
3890800,1.7999999523162842
3890880,1.7999999523162842
3892736,1.7999999523162842
3894768,1.7999999523162842
3895728,1.7999999523162842
3896960,1.7999999523162842
3897504,1.7999999523162842
3897952,1.7999999523162842
3898016,1.7999999523162842
3898464,1.7999999523162842
3901520,1.7999999523162842
3904176,1.7999999523162842
3905344,1.7999999523162842
3905648,1.7999999523162842
3906272,1.7999999523162842
3910512,1.7999999523162842
3914208,1.7999999523162842
3914592,1.7999999523162842
3915376,1.7999999523162842
3916608,1.7999999523162842
3919456,1.7999999523162842
3920352,1.7999999523162842
3921440,1.7999999523162842
3922464,1.7999999523162842
3926208,1.7999999523162842
3926368,1.7999999523162842
3927168,1.7999999523162842
3929744,1.7999999523162842
3930848,1.7999999523162842
3931328,1.7999999523162842
3934192,1.7999999523162842
3934288,1.7999999523162842
3935200,1.7999999523162842
3937728,1.7999999523162842
3942576,1.7999999523162842
3943136,1.7999999523162842
3944032,1.7999999523162842
3947824,1.7999999523162842
3948416,1.7999999523162842
3948672,1.7999999523162842
3950656,1.7999999523162842
3953744,1.7999999523162842
3954112,1.7999999523162842
3955312,1.7999999523162842
3955744,1.7999999523162842
3957376,1.7999999523162842
3957504,1.7999999523162842
3959856,1.7999999523162842
3963616,1.7999999523162842
3966112,1.7999999523162842
3967792,1.7999999523162842
3970320,1.7999999523162842
3973712,1.7999999523162842
3976336,1.7999999523162842
3977808,1.7999999523162842
3978736,1.7999999523162842
3979328,1.7999999523162842
3981440,1.7999999523162842
3983648,1.7999999523162842
3984304,1.7999999523162842
3985104,1.7999999523162842
3985360,1.7999999523162842
3986928,1.7999999523162842
3987104,1.7999999523162842
3987472,1.7999999523162842
3989616,1.7999999523162842
3990560,1.7999999523162842
3992112,1.7999999523162842
3993120,1.7999999523162842
3993840,1.7999999523162842
3994160,1.7999999523162842
3994272,1.7999999523162842
3995968,1.7999999523162842
3996384,1.7999999523162842
3996704,1.7999999523162842
3998704,1.7999999523162842
3999216,1.7999999523162842
3999408,1.7999999523162842
4003568,1.7999999523162842
4007552,1.7999999523162842
4008272,1.7999999523162842
4009648,1.7999999523162842
4010176,1.7999999523162842
4010736,1.7999999523162842
4011872,1.7999999523162842
4012272,1.7999999523162842
4013248,1.7999999523162842
4013904,1.7999999523162842
4015152,1.7999999523162842
4019104,1.7999999523162842
4019280,1.7999999523162842
4019504,1.7999999523162842
4023712,1.7999999523162842
4025248,1.7999999523162842
4026000,1.7999999523162842
4026016,1.7999999523162842
4026928,1.7999999523162842
4031072,1.7999999523162842
4032512,1.7999999523162842
4035440,1.7999999523162842
4035920,1.7999999523162842
4037280,1.7999999523162842
4037856,1.7999999523162842
4037984,1.7999999523162842
4039536,1.7999999523162842
4041392,1.7999999523162842
4043104,1.7999999523162842
4045088,1.7999999523162842
4045472,1.7999999523162842
4045648,1.7999999523162842
4048400,1.7999999523162842
4051392,1.7999999523162842
4052128,1.7999999523162842
4054784,1.7999999523162842
4055536,1.7999999523162842
4057168,1.7999999523162842
4060288,1.7999999523162842
4061120,1.7999999523162842
4061616,1.7999999523162842
4061936,1.7999999523162842
4062304,1.7999999523162842
4063696,1.7999999523162842
4065008,1.7999999523162842
4066768,1.7999999523162842
4066928,1.7999999523162842
4068592,1.7999999523162842
4069728,1.7999999523162842
4069968,1.7999999523162842
4071712,1.7999999523162842
4071904,1.7999999523162842
4073248,1.7999999523162842
4073456,1.7999999523162842
4073632,1.7999999523162842
4073776,1.7999999523162842
4074480,1.7999999523162842
4075056,1.7999999523162842
4075696,1.7999999523162842
4078320,1.7999999523162842
4081088,1.7999999523162842
4083056,1.7999999523162842
4085904,1.7999999523162842
4086048,1.7999999523162842
4086176,1.7999999523162842
4086480,1.7999999523162842
4093328,1.7999999523162842
4096208,1.7999999523162842
4099840,1.7999999523162842
4100656,1.7999999523162842
4101264,1.7999999523162842
4101648,1.7999999523162842
4102000,1.7999999523162842
4102112,1.7999999523162842
4102800,1.7999999523162842
4104368,1.7999999523162842
4106592,1.7999999523162842
4106800,1.7999999523162842
4107344,1.7999999523162842
4113200,1.7999999523162842
4114864,1.7999999523162842
4114960,1.7999999523162842
4115056,1.7999999523162842
4115408,1.7999999523162842
4118320,1.7999999523162842
4122688,1.7999999523162842
4125504,1.7999999523162842
4130752,1.7999999523162842
4131968,1.7999999523162842
4137696,1.7999999523162842
4138048,1.7999999523162842
4139744,1.7999999523162842
4140048,1.7999999523162842
4140704,1.7999999523162842
4141728,1.7999999523162842
4145184,1.7999999523162842
4145488,1.7999999523162842
4145552,1.7999999523162842
4148464,1.7999999523162842
4151200,1.7999999523162842
4151440,1.7999999523162842
4151808,1.7999999523162842
4152288,1.7999999523162842
4152624,1.7999999523162842
4153536,1.7999999523162842
4154848,1.7999999523162842
4155248,1.7999999523162842
4158480,1.7999999523162842
4159408,1.7999999523162842
4159872,1.7999999523162842
4160720,1.7999999523162842
4164368,1.7999999523162842
4164864,1.7999999523162842
4165264,1.7999999523162842
4167632,1.7999999523162842
4167840,1.7999999523162842
4169856,1.7999999523162842
4170896,1.7999999523162842
4171232,1.7999999523162842
4172016,1.7999999523162842
4174016,1.7999999523162842
4175328,1.7999999523162842
4177792,1.7999999523162842
4177856,1.7999999523162842
4180400,1.7999999523162842
4181120,1.7999999523162842
4182720,1.7999999523162842
4182880,1.7999999523162842
4183008,1.7999999523162842
4183120,1.7999999523162842
4183632,1.7999999523162842
4183728,1.7999999523162842
4186608,1.7999999523162842
4194176,1.7999999523162842
4195632,1.7999999523162842
4196512,1.7999999523162842
4198160,1.7999999523162842
4199328,1.7999999523162842
4199408,1.7999999523162842
4200912,1.7999999523162842
4201904,1.7999999523162842
4202464,1.7999999523162842
4204176,1.7999999523162842
4204976,1.7999999523162842
4207008,1.7999999523162842
4208944,1.7999999523162842
4209488,1.7999999523162842
4209968,1.7999999523162842
4210192,1.7999999523162842
4210768,1.7999999523162842
4212704,1.7999999523162842
4214864,1.7999999523162842
4216448,1.7999999523162842
4217264,1.7999999523162842
4217648,1.7999999523162842
4217888,1.7999999523162842
4219376,1.7999999523162842
4220320,1.7999999523162842
4227328,1.7999999523162842
4228896,1.7999999523162842
4231040,1.7999999523162842
4231680,1.7999999523162842
4233920,1.7999999523162842
4235680,1.7999999523162842
4238320,1.7999999523162842
4238976,1.7999999523162842
4241328,1.7999999523162842
4242208,1.7999999523162842
4243408,1.7999999523162842
4243776,1.7999999523162842
4244080,1.7999999523162842
4245728,1.7999999523162842
4246880,1.7999999523162842
4249488,1.7999999523162842
4249520,1.7999999523162842
4249968,1.7999999523162842
4251104,1.7999999523162842
4253152,1.7999999523162842
4254816,1.7999999523162842
4255648,1.7999999523162842
4258624,1.7999999523162842
4258944,1.7999999523162842
4259488,1.7999999523162842
4260496,1.7999999523162842
4262640,1.7999999523162842
4263680,1.7999999523162842
4266064,1.7999999523162842
4267136,1.7999999523162842
4268048,1.7999999523162842
4272464,1.7999999523162842
4273296,1.7999999523162842
4276080,1.7999999523162842
4276800,1.7999999523162842
4277424,1.7999999523162842
4280064,1.7999999523162842
4281024,1.7999999523162842
4281232,1.7999999523162842
4281280,1.7999999523162842
4282240,1.7999999523162842
4286720,1.7999999523162842
4287296,1.7999999523162842
4289792,1.7999999523162842
4290160,1.7999999523162842
4291184,1.7999999523162842
4292336,1.7999999523162842
4293344,1.7999999523162842
4293376,1.7999999523162842
4293472,1.7999999523162842
4293904,1.7999999523162842
4295616,1.7999999523162842
4296304,1.7999999523162842
4296832,1.7999999523162842
4298048,1.7999999523162842
4298816,1.7999999523162842
4299376,1.7999999523162842
4303936,1.7999999523162842
4303968,1.7999999523162842
4304256,1.7999999523162842
4307584,1.7999999523162842
4307952,1.7999999523162842
4308944,1.7999999523162842
4310576,1.7999999523162842
4310816,1.7999999523162842
4311008,1.7999999523162842
4311536,1.7999999523162842
4313232,1.7999999523162842
4313248,1.7999999523162842
4314480,1.7999999523162842
4318032,1.7999999523162842
4319536,1.7999999523162842
4320048,1.7999999523162842
4320208,1.7999999523162842
4322112,1.7999999523162842
4322160,1.7999999523162842
4329472,1.7999999523162842
4329536,1.7999999523162842
4329664,1.7999999523162842
4330656,1.7999999523162842
4331008,1.7999999523162842
4331360,1.7999999523162842
4331792,1.7999999523162842
4337392,1.7999999523162842
4338256,1.7999999523162842
4338640,1.7999999523162842
4340736,1.7999999523162842
4342544,1.7999999523162842
4346496,1.7999999523162842
4347792,1.7999999523162842
4348176,1.7999999523162842
4348320,1.7999999523162842
4359552,1.7999999523162842
4364224,1.7999999523162842
4366208,1.7999999523162842
4366624,1.7999999523162842
4369120,1.7999999523162842
4369264,1.7999999523162842
4369456,1.7999999523162842
4369952,1.7999999523162842
4369984,1.7999999523162842
4371408,1.7999999523162842
4372720,1.7999999523162842
4372736,1.7999999523162842
4372912,1.7999999523162842
4373072,1.7999999523162842
4373296,1.7999999523162842
4373376,1.7999999523162842
4377664,1.7999999523162842
4380064,1.7999999523162842
4381824,1.7999999523162842
4383008,1.7999999523162842
4383472,1.7999999523162842
4383664,1.7999999523162842
4384608,1.7999999523162842
4385488,1.7999999523162842
4388416,1.7999999523162842
4389376,1.7999999523162842
4389968,1.7999999523162842
4391568,1.7999999523162842
4392112,1.7999999523162842
4392480,1.7999999523162842
4394288,1.7999999523162842
4396096,1.7999999523162842
4396848,1.7999999523162842
4399472,1.7999999523162842
4400448,1.7999999523162842
4405184,1.7999999523162842
4409296,1.7999999523162842
4409472,1.7999999523162842
4411424,1.7999999523162842
4413248,1.7999999523162842
4414880,1.7999999523162842
4415712,1.7999999523162842
4417120,1.7999999523162842
4417392,1.7999999523162842
4417984,1.7999999523162842
4418400,1.7999999523162842
4422672,1.7999999523162842
4426544,1.7999999523162842
4428944,1.7999999523162842
4429840,1.7999999523162842
4430608,1.7999999523162842
4431776,1.7999999523162842
4432544,1.7999999523162842
4433408,1.7999999523162842
4433696,1.7999999523162842
4433984,1.7999999523162842
4435920,1.7999999523162842
4439424,1.7999999523162842
4441840,1.7999999523162842
4444544,1.7999999523162842
4446272,1.7999999523162842
4448352,1.7999999523162842
4448560,1.7999999523162842
4448688,1.7999999523162842
4449808,1.7999999523162842
4450352,1.7999999523162842
4451584,1.7999999523162842
4454320,1.7999999523162842
4455520,1.7999999523162842
4455600,1.7999999523162842
4456000,1.7999999523162842
4458176,1.7999999523162842
4460016,1.7999999523162842
4462016,1.7999999523162842
4463680,1.7999999523162842
4465984,1.7999999523162842
4466016,1.7999999523162842
4466032,1.7999999523162842
4467376,1.7999999523162842
4468064,1.7999999523162842
4472448,1.7999999523162842
4474208,1.7999999523162842
4475552,1.7999999523162842
4475952,1.7999999523162842
4475984,1.7999999523162842
4476752,1.7999999523162842
4479344,1.7999999523162842
4479568,1.7999999523162842
4480784,1.7999999523162842
4483728,1.7999999523162842
4486768,1.7999999523162842
4488496,1.7999999523162842
4489776,1.7999999523162842
4490800,1.7999999523162842
4491872,1.7999999523162842
4491984,1.7999999523162842
4492576,1.7999999523162842
4496208,1.7999999523162842
4500656,1.7999999523162842
4502432,1.7999999523162842
4505216,1.7999999523162842
4506768,1.7999999523162842
4507392,1.7999999523162842
4508112,1.7999999523162842
4512192,1.7999999523162842
4512656,1.7999999523162842
4514160,1.7999999523162842
4515504,1.7999999523162842
4515632,1.7999999523162842
4520288,1.7999999523162842
4521120,1.7999999523162842
4521328,1.7999999523162842
4523920,1.7999999523162842
4524672,1.7999999523162842
4525424,1.7999999523162842
4529888,1.7999999523162842
4531568,1.7999999523162842
4533232,1.7999999523162842
4533424,1.7999999523162842
4534960,1.7999999523162842
4537616,1.7999999523162842
4537680,1.7999999523162842
4537840,1.7999999523162842
4538352,1.7999999523162842
4538752,1.7999999523162842
4538992,1.7999999523162842
4540224,1.7999999523162842
4541040,1.7999999523162842
4541104,1.7999999523162842
4541488,1.7999999523162842
4543728,1.7999999523162842
4545792,1.7999999523162842
4545968,1.7999999523162842
4548240,1.7999999523162842
4548576,1.7999999523162842
4551168,1.7999999523162842
4551984,1.7999999523162842
4552672,1.7999999523162842
4553184,1.7999999523162842
4553840,1.7999999523162842
4557184,1.7999999523162842
4562000,1.7999999523162842
4563040,1.7999999523162842
4568416,1.7999999523162842
4568672,1.7999999523162842
4569456,1.7999999523162842
4569888,1.7999999523162842
4571248,1.7999999523162842
4571600,1.7999999523162842
4571696,1.7999999523162842
4573232,1.7999999523162842
4573840,1.7999999523162842
4574288,1.7999999523162842
4574752,1.7999999523162842
4575328,1.7999999523162842
4575808,1.7999999523162842
4576864,1.7999999523162842
4578416,1.7999999523162842
4579856,1.7999999523162842
4580016,1.7999999523162842
4580096,1.7999999523162842
4580288,1.7999999523162842
4581104,1.7999999523162842
4581424,1.7999999523162842
4583712,1.7999999523162842
4583808,1.7999999523162842
4584480,1.7999999523162842
4588064,1.7999999523162842
4589152,1.7999999523162842
4589248,1.7999999523162842
4589264,1.7999999523162842
4590912,1.7999999523162842
4591776,1.7999999523162842
4592432,1.7999999523162842
4592688,1.7999999523162842
4596624,1.7999999523162842
4600944,1.7999999523162842
4602592,1.7999999523162842
4603120,1.7999999523162842
4603840,1.7999999523162842
4609776,1.7999999523162842
4610256,1.7999999523162842
4611968,1.7999999523162842
4613488,1.7999999523162842
4613952,1.7999999523162842
4615232,1.7999999523162842
4616512,1.7999999523162842
4619264,1.7999999523162842
4620864,1.7999999523162842
4623136,1.7999999523162842
4624064,1.7999999523162842
4624384,1.7999999523162842
4631456,1.7999999523162842
4633008,1.7999999523162842
4634048,1.7999999523162842
4638336,1.7999999523162842
4639376,1.7999999523162842
4640672,1.7999999523162842
4640864,1.7999999523162842
4644592,1.7999999523162842
4644896,1.7999999523162842
4645136,1.7999999523162842
4647424,1.7999999523162842
4648592,1.7999999523162842
4652912,1.7999999523162842
4653776,1.7999999523162842
4653872,1.7999999523162842
4654560,1.7999999523162842
4659488,1.7999999523162842
4659536,1.7999999523162842
4659952,1.7999999523162842
4660592,1.7999999523162842
4665344,1.7999999523162842
4665696,1.7999999523162842
4667648,1.7999999523162842
4668112,1.7999999523162842
4669760,1.7999999523162842
4671408,1.7999999523162842
4672000,1.7999999523162842
4672096,1.7999999523162842
4673344,1.7999999523162842
4673872,1.7999999523162842
4675552,1.7999999523162842
4678976,1.7999999523162842
4679760,1.7999999523162842
4681632,1.7999999523162842
4681696,1.7999999523162842
4689120,1.7999999523162842
4691632,1.7999999523162842
4692800,1.7999999523162842
4693872,1.7999999523162842
4694320,1.7999999523162842
4696256,1.7999999523162842
4696832,1.7999999523162842
4701136,1.7999999523162842
4701648,1.7999999523162842
4702736,1.7999999523162842
4702912,1.7999999523162842
4702944,1.7999999523162842
4703056,1.7999999523162842
4708512,1.7999999523162842
4709296,1.7999999523162842
4709632,1.7999999523162842
4710144,1.7999999523162842
4711936,1.7999999523162842
4711984,1.7999999523162842
4715904,1.7999999523162842
4718880,1.7999999523162842
4719168,1.7999999523162842
4720256,1.7999999523162842
4722192,1.7999999523162842
4723568,1.7999999523162842
4724400,1.7999999523162842
4728336,1.7999999523162842
4728944,1.7999999523162842
4729136,1.7999999523162842
4732784,1.7999999523162842
4736080,1.7999999523162842
4737840,1.7999999523162842
4739888,1.7999999523162842
4740640,1.7999999523162842
4741296,1.7999999523162842
4741520,1.7999999523162842
4742432,1.7999999523162842
4742896,1.7999999523162842
4743152,1.7999999523162842
4744208,1.7999999523162842
4745904,1.7999999523162842
4750544,1.7999999523162842
4752784,1.7999999523162842
4753120,1.7999999523162842
4754464,1.7999999523162842
4757792,1.7999999523162842
4758496,1.7999999523162842
4759392,1.7999999523162842
4760096,1.7999999523162842
4761824,1.7999999523162842
4765376,1.7999999523162842
4768272,1.7999999523162842
4772128,1.7999999523162842
4773408,1.7999999523162842
4774464,1.7999999523162842
4776528,1.7999999523162842
4778624,1.7999999523162842
4779776,1.7999999523162842
4780000,1.7999999523162842
4781152,1.7999999523162842
4782784,1.7999999523162842
4784976,1.7999999523162842
4785184,1.7999999523162842
4785696,1.7999999523162842
4786528,1.7999999523162842
4791696,1.7999999523162842
4791744,1.7999999523162842
4792128,1.7999999523162842
4795008,1.7999999523162842
4795632,1.7999999523162842
4799984,1.7999999523162842
4800224,1.7999999523162842
4802048,1.7999999523162842
4803168,1.7999999523162842
4803296,1.7999999523162842
4803776,1.7999999523162842
4803840,1.7999999523162842
4804016,1.7999999523162842
4805824,1.7999999523162842
4806928,1.7999999523162842
4809312,1.7999999523162842
4815552,1.7999999523162842
4818400,1.7999999523162842
4821584,1.7999999523162842
4822800,1.7999999523162842
4824448,1.7999999523162842
4826192,1.7999999523162842
4828224,1.7999999523162842
4830368,1.7999999523162842
4830512,1.7999999523162842
4831664,1.7999999523162842
4831840,1.7999999523162842
4832368,1.7999999523162842
4833344,1.7999999523162842
4834720,1.7999999523162842
4836560,1.7999999523162842
4839904,1.7999999523162842
4844240,1.7999999523162842
4845248,1.7999999523162842
4845872,1.7999999523162842
4845936,1.7999999523162842
4847104,1.7999999523162842
4847648,1.7999999523162842
4851664,1.7999999523162842
4851952,1.7999999523162842
4853472,1.7999999523162842
4855056,1.7999999523162842
4859008,1.7999999523162842
4861392,1.7999999523162842
4862080,1.7999999523162842
4863568,1.7999999523162842
4864256,1.7999999523162842
4870944,1.7999999523162842
4871136,1.7999999523162842
4877920,1.7999999523162842
4882528,1.7999999523162842
4884064,1.7999999523162842
4886784,1.7999999523162842
4889280,1.7999999523162842
4889488,1.7999999523162842
4890640,1.7999999523162842
4892176,1.7999999523162842
4894880,1.7999999523162842
4895712,1.7999999523162842
4896432,1.7999999523162842
4896928,1.7999999523162842
4901696,1.7999999523162842
4903760,1.7999999523162842
4904496,1.7999999523162842
4904688,1.7999999523162842
4907424,1.7999999523162842
4907792,1.7999999523162842
4908208,1.7999999523162842
4909232,1.7999999523162842
4910912,1.7999999523162842
4911504,1.7999999523162842
4912480,1.7999999523162842
4915296,1.7999999523162842
4916096,1.7999999523162842
4917616,1.7999999523162842
4918208,1.7999999523162842
4919312,1.7999999523162842
4922096,1.7999999523162842
4923264,1.7999999523162842
4923312,1.7999999523162842
4923712,1.7999999523162842
4924592,1.7999999523162842
4926816,1.7999999523162842
4926960,1.7999999523162842
4927552,1.7999999523162842
4932416,1.7999999523162842
4933056,1.7999999523162842
4933504,1.7999999523162842
4933520,1.7999999523162842
4936272,1.7999999523162842
4936624,1.7999999523162842
4938160,1.7999999523162842
4939472,1.7999999523162842
4939968,1.7999999523162842
4940464,1.7999999523162842
4943200,1.7999999523162842
4943536,1.7999999523162842
4946224,1.7999999523162842
4946496,1.7999999523162842
4947008,1.7999999523162842
4950448,1.7999999523162842
4950496,1.7999999523162842
4950912,1.7999999523162842
4951984,1.7999999523162842
4952464,1.7999999523162842
4954800,1.7999999523162842
4956064,1.7999999523162842
4957600,1.7999999523162842
4958176,1.7999999523162842
4958672,1.7999999523162842
4959664,1.7999999523162842
4966608,1.7999999523162842
4966672,1.7999999523162842
4972192,1.7999999523162842
4973952,1.7999999523162842
4974720,1.7999999523162842
4974960,1.7999999523162842
4975184,1.7999999523162842
4975216,1.7999999523162842
4980864,1.7999999523162842
4981424,1.7999999523162842
4984784,1.7999999523162842
4989600,1.7999999523162842
4992864,1.7999999523162842
4994576,1.7999999523162842
4994656,1.7999999523162842
4996800,1.7999999523162842
4998080,1.7999999523162842
4998656,1.7999999523162842
5000144,1.7999999523162842
5000768,1.7999999523162842
5001696,1.7999999523162842
5005504,1.7999999523162842
5006736,1.7999999523162842
5006816,1.7999999523162842
5006976,1.7999999523162842
5008144,1.7999999523162842
5009376,1.7999999523162842
5009712,1.7999999523162842
5016064,1.7999999523162842
5016800,1.7999999523162842
5024944,1.7999999523162842
5025808,1.7999999523162842
5028784,1.7999999523162842
5032128,1.7999999523162842
5038592,1.7999999523162842
5038928,1.7999999523162842
5039136,1.7999999523162842
5040736,1.7999999523162842
5041552,1.7999999523162842
5041568,1.7999999523162842
5043392,1.7999999523162842
5043856,1.7999999523162842
5044416,1.7999999523162842
5046112,1.7999999523162842
5046672,1.7999999523162842
5048336,1.7999999523162842
5050448,1.7999999523162842
5051264,1.7999999523162842
5052000,1.7999999523162842
5052096,1.7999999523162842
5057216,1.7999999523162842
5060352,1.7999999523162842
5061536,1.7999999523162842
5062912,1.7999999523162842
5064016,1.7999999523162842
5064048,1.7999999523162842
5069056,1.7999999523162842
5070208,1.7999999523162842
5072928,1.7999999523162842
5073280,1.7999999523162842
5076272,1.7999999523162842
5076560,1.7999999523162842
5076752,1.7999999523162842
5077088,1.7999999523162842
5077808,1.7999999523162842
5078512,1.7999999523162842
5078576,1.7999999523162842
5079232,1.7999999523162842
5081296,1.7999999523162842
5084704,1.7999999523162842
5085072,1.7999999523162842
5086544,1.7999999523162842
5087232,1.7999999523162842
5089360,1.7999999523162842
5091072,1.7999999523162842
5091264,1.7999999523162842
5092336,1.7999999523162842
5098320,1.7999999523162842
5099008,1.7999999523162842
5100704,1.7999999523162842
5100960,1.7999999523162842
5101840,1.7999999523162842
5101856,1.7999999523162842
5101888,1.7999999523162842
5102736,1.7999999523162842
5103376,1.7999999523162842
5103584,1.7999999523162842
5104320,1.7999999523162842
5104672,1.7999999523162842
5108080,1.7999999523162842
5108192,1.7999999523162842
5112256,1.7999999523162842
5113088,1.7999999523162842
5114096,1.7999999523162842
5115920,1.7999999523162842
5116576,1.7999999523162842
5117024,1.7999999523162842
5117584,1.7999999523162842
5121632,1.7999999523162842
5122896,1.7999999523162842
5124528,1.7999999523162842
5131632,1.7999999523162842
5131696,1.7999999523162842
5132384,1.7999999523162842
5133104,1.7999999523162842
5134624,1.7999999523162842
5134784,1.7999999523162842
5135648,1.7999999523162842
5138560,1.7999999523162842
5139312,1.7999999523162842
5141728,1.7999999523162842
5143072,1.7999999523162842
5143968,1.7999999523162842
5145904,1.7999999523162842
5146336,1.7999999523162842
5150448,1.7999999523162842
5150688,1.7999999523162842
5151200,1.7999999523162842
5152928,1.7999999523162842
5154752,1.7999999523162842
5156272,1.7999999523162842
5156688,1.7999999523162842
5156864,1.7999999523162842
5157936,1.7999999523162842
5160496,1.7999999523162842
5160752,1.7999999523162842
5161296,1.7999999523162842
5162208,1.7999999523162842
5163088,1.7999999523162842
5163632,1.7999999523162842
5164656,1.7999999523162842
5169984,1.7999999523162842
5174304,1.7999999523162842
5174928,1.7999999523162842
5176048,1.7999999523162842
5178016,1.7999999523162842
5178576,1.7999999523162842
5179520,1.7999999523162842
5179744,1.7999999523162842
5180944,1.7999999523162842
5182880,1.7999999523162842
5185488,1.7999999523162842
5185712,1.7999999523162842
5186480,1.7999999523162842
5189728,1.7999999523162842
5192144,1.7999999523162842
5192720,1.7999999523162842
5196672,1.7999999523162842
5197888,1.7999999523162842
5200176,1.7999999523162842
5201520,1.7999999523162842
5203808,1.7999999523162842
5205472,1.7999999523162842
5206544,1.7999999523162842
5208528,1.7999999523162842
5209984,1.7999999523162842
5210224,1.7999999523162842
5211552,1.7999999523162842
5212736,1.7999999523162842
5213104,1.7999999523162842
5214880,1.7999999523162842
5215008,1.7999999523162842
5216400,1.7999999523162842
5217520,1.7999999523162842
5220416,1.7999999523162842
5221264,1.7999999523162842
5221776,1.7999999523162842
5222080,1.7999999523162842
5223184,1.7999999523162842
5223296,1.7999999523162842
5224240,1.7999999523162842
5224512,1.7999999523162842
5224896,1.7999999523162842
5227056,1.7999999523162842
5227760,1.7999999523162842
5233056,1.7999999523162842
5233808,1.7999999523162842
5234560,1.7999999523162842
5235344,1.7999999523162842
5240736,1.7999999523162842
5241328,1.7999999523162842
5241872,1.7999999523162842
5244896,1.7999999523162842
5250000,1.7999999523162842
5250512,1.7999999523162842
5252464,1.7999999523162842
5254160,1.7999999523162842
5254448,1.7999999523162842
5256720,1.7999999523162842
5259200,1.7999999523162842
5259408,1.7999999523162842
5261840,1.7999999523162842
5262160,1.7999999523162842
5262352,1.7999999523162842
5263264,1.7999999523162842
5264160,1.7999999523162842
5265184,1.7999999523162842
5265456,1.7999999523162842
5265952,1.7999999523162842
5269328,1.7999999523162842
5272096,1.7999999523162842
5272640,1.7999999523162842
5276544,1.7999999523162842
5278112,1.7999999523162842
5279472,1.7999999523162842
5280320,1.7999999523162842
5280848,1.7999999523162842
5281824,1.7999999523162842
5284960,1.7999999523162842
5287344,1.7999999523162842
5288608,1.7999999523162842
5288704,1.7999999523162842
5289376,1.7999999523162842
5289936,1.7999999523162842
5290128,1.7999999523162842
5292672,1.7999999523162842
5295120,1.7999999523162842
5295280,1.7999999523162842
5297328,1.7999999523162842
5297424,1.7999999523162842
5297680,1.7999999523162842
5299632,1.7999999523162842
5299744,1.7999999523162842
5300304,1.7999999523162842
5303888,1.7999999523162842
5308160,1.7999999523162842
5310960,1.7999999523162842
5312416,1.7999999523162842
5318832,1.7999999523162842
5322656,1.7999999523162842
5323024,1.7999999523162842
5325008,1.7999999523162842
5327920,1.7999999523162842
5331776,1.7999999523162842
5332912,1.7999999523162842
5334160,1.7999999523162842
5335552,1.7999999523162842
5335632,1.7999999523162842
5336160,1.7999999523162842
5336256,1.7999999523162842
5338128,1.7999999523162842
5338176,1.7999999523162842
5340896,1.7999999523162842
5341744,1.7999999523162842
5342672,1.7999999523162842
5345760,1.7999999523162842
5345792,1.7999999523162842
5346032,1.7999999523162842
5346576,1.7999999523162842
5350608,1.7999999523162842
5351952,1.7999999523162842
5353056,1.7999999523162842
5355024,1.7999999523162842
5355248,1.7999999523162842
5355616,1.7999999523162842
5356496,1.7999999523162842
5358448,1.7999999523162842
5361264,1.7999999523162842
5362560,1.7999999523162842
5363952,1.7999999523162842
5366576,1.7999999523162842
5366832,1.7999999523162842
5367408,1.7999999523162842
5367872,1.7999999523162842
5371456,1.7999999523162842
5371696,1.7999999523162842
5372592,1.7999999523162842
5373520,1.7999999523162842
5375072,1.7999999523162842
5381168,1.7999999523162842
5381200,1.7999999523162842
5381856,1.7999999523162842
5383872,1.7999999523162842
5386064,1.7999999523162842
5386224,1.7999999523162842
5386288,1.7999999523162842
5390384,1.7999999523162842
5392224,1.7999999523162842
5399360,1.7999999523162842
5401744,1.7999999523162842
5402512,1.7999999523162842
5406640,1.7999999523162842
5408352,1.7999999523162842
5412656,1.7999999523162842
5413120,1.7999999523162842
5414960,1.7999999523162842
5415056,1.7999999523162842
5415328,1.7999999523162842
5416000,1.7999999523162842
5419552,1.7999999523162842
5423184,1.7999999523162842
5424704,1.7999999523162842
5425216,1.7999999523162842
5425280,1.7999999523162842
5426448,1.7999999523162842
5429280,1.7999999523162842
5430624,1.7999999523162842
5431968,1.7999999523162842
5432464,1.7999999523162842
5432832,1.7999999523162842
5434768,1.7999999523162842
5435888,1.7999999523162842
5440176,1.7999999523162842
5440464,1.7999999523162842
5441728,1.7999999523162842
5442160,1.7999999523162842
5442960,1.7999999523162842
5445856,1.7999999523162842
5446528,1.7999999523162842
5447488,1.7999999523162842
5449520,1.7999999523162842
5450256,1.7999999523162842
5451248,1.7999999523162842
5451280,1.7999999523162842
5452528,1.7999999523162842
5453232,1.7999999523162842
5454960,1.7999999523162842
5455344,1.7999999523162842
5456640,1.7999999523162842
5460240,1.7999999523162842
5461184,1.7999999523162842
5462064,1.7999999523162842
5463152,1.7999999523162842
5465216,1.7999999523162842
5469808,1.7999999523162842
5470048,1.7999999523162842
5473408,1.7999999523162842
5475904,1.7999999523162842
5475984,1.7999999523162842
5476832,1.7999999523162842
5478176,1.7999999523162842
5481456,1.7999999523162842
5481536,1.7999999523162842
5485632,1.7999999523162842
5486736,1.7999999523162842
5486976,1.7999999523162842
5487072,1.7999999523162842
5487472,1.7999999523162842
5487552,1.7999999523162842
5487968,1.7999999523162842
5488416,1.7999999523162842
5488496,1.7999999523162842
5489152,1.7999999523162842
5489520,1.7999999523162842
5490784,1.7999999523162842
5490960,1.7999999523162842
5492352,1.7999999523162842
5494480,1.7999999523162842
5503104,1.7999999523162842
5504112,1.7999999523162842
5504752,1.7999999523162842
5506528,1.7999999523162842
5508304,1.7999999523162842
5508768,1.7999999523162842
5510992,1.7999999523162842
5512832,1.7999999523162842
5512928,1.7999999523162842
5513168,1.7999999523162842
5513616,1.7999999523162842
5514336,1.7999999523162842
5514720,1.7999999523162842
5515264,1.7999999523162842
5515552,1.7999999523162842
5516112,1.7999999523162842
5516496,1.7999999523162842
5517536,1.7999999523162842
5518704,1.7999999523162842
5518912,1.7999999523162842
5519056,1.7999999523162842
5519600,1.7999999523162842
5520032,1.7999999523162842
5521920,1.7999999523162842
5523424,1.7999999523162842
5523472,1.7999999523162842
5524144,1.7999999523162842
5526112,1.7999999523162842
5527120,1.7999999523162842
5527600,1.7999999523162842
5527952,1.7999999523162842
5528368,1.7999999523162842
5530672,1.7999999523162842
5532848,1.7999999523162842
5533536,1.7999999523162842
5538096,1.7999999523162842
5538992,1.7999999523162842
5539568,1.7999999523162842
5540080,1.7999999523162842
5540544,1.7999999523162842
5540752,1.7999999523162842
5542960,1.7999999523162842
5543520,1.7999999523162842
5547984,1.7999999523162842
5548032,1.7999999523162842
5549216,1.7999999523162842
5551472,1.7999999523162842
5554448,1.7999999523162842
5558048,1.7999999523162842
5562224,1.7999999523162842
5562784,1.7999999523162842
5565552,1.7999999523162842
5567728,1.7999999523162842
5571152,1.7999999523162842
5572256,1.7999999523162842
5572480,1.7999999523162842
5573216,1.7999999523162842
5574528,1.7999999523162842
5574720,1.7999999523162842
5576272,1.7999999523162842
5578208,1.7999999523162842
5584144,1.7999999523162842
5584544,1.7999999523162842
5585824,1.7999999523162842
5585888,1.7999999523162842
5588176,1.7999999523162842
5588448,1.7999999523162842
5590080,1.7999999523162842
5590624,1.7999999523162842
5591568,1.7999999523162842
5594144,1.7999999523162842
5594688,1.7999999523162842
5594768,1.7999999523162842
5594912,1.7999999523162842
5597984,1.7999999523162842
5600448,1.7999999523162842
5600528,1.7999999523162842
5600912,1.7999999523162842
5604592,1.7999999523162842
5605952,1.7999999523162842
5606864,1.7999999523162842
5607232,1.7999999523162842
5607632,1.7999999523162842
5608208,1.7999999523162842
5609536,1.7999999523162842
5613184,1.7999999523162842
5618368,1.7999999523162842
5620960,1.7999999523162842
5623328,1.7999999523162842
5625584,1.7999999523162842
5628016,1.7999999523162842
5628032,1.7999999523162842
5630128,1.7999999523162842
5635264,1.7999999523162842
5635376,1.7999999523162842
5636256,1.7999999523162842
5636336,1.7999999523162842
5639104,1.7999999523162842
5639728,1.7999999523162842
5640656,1.7999999523162842
5640848,1.7999999523162842
5641968,1.7999999523162842
5645328,1.7999999523162842
5646768,1.7999999523162842
5652560,1.7999999523162842
5656048,1.7999999523162842
5658176,1.7999999523162842
5658816,1.7999999523162842
5660080,1.7999999523162842
5660320,1.7999999523162842
5660944,1.7999999523162842
5661920,1.7999999523162842
5664720,1.7999999523162842
5664944,1.7999999523162842
5666560,1.7999999523162842
5669296,1.7999999523162842
5671152,1.7999999523162842
5672400,1.7999999523162842
5673360,1.7999999523162842
5674432,1.7999999523162842
5674544,1.7999999523162842
5674752,1.7999999523162842
5675200,1.7999999523162842
5675760,1.7999999523162842
5677568,1.7999999523162842
5680496,1.7999999523162842
5680768,1.7999999523162842
5681680,1.7999999523162842
5682880,1.7999999523162842
5684960,1.7999999523162842
5685888,1.7999999523162842
5687264,1.7999999523162842
5688960,1.7999999523162842
5690080,1.7999999523162842
5691936,1.7999999523162842
5692032,1.7999999523162842
5692240,1.7999999523162842
5693104,1.7999999523162842
5694832,1.7999999523162842
5695584,1.7999999523162842
5696048,1.7999999523162842
5696208,1.7999999523162842
5697552,1.7999999523162842
5697920,1.7999999523162842
5698240,1.7999999523162842
5699664,1.7999999523162842
5701472,1.7999999523162842
5701552,1.7999999523162842
5706096,1.7999999523162842
5708432,1.7999999523162842
5710512,1.7999999523162842
5713504,1.7999999523162842
5716320,1.7999999523162842
5717120,1.7999999523162842
5717472,1.7999999523162842
5718128,1.7999999523162842
5718496,1.7999999523162842
5718656,1.7999999523162842
5719120,1.7999999523162842
5721216,1.7999999523162842
5721520,1.7999999523162842
5722544,1.7999999523162842
5722896,1.7999999523162842
5725200,1.7999999523162842
5725824,1.7999999523162842
5725984,1.7999999523162842
5726672,1.7999999523162842
5727536,1.7999999523162842
5729168,1.7999999523162842
5730000,1.7999999523162842
5730320,1.7999999523162842
5731776,1.7999999523162842
5735824,1.7999999523162842
5737296,1.7999999523162842
5737376,1.7999999523162842
5738848,1.7999999523162842
5739104,1.7999999523162842
5742896,1.7999999523162842
5744208,1.7999999523162842
5749024,1.7999999523162842
5750240,1.7999999523162842
5750512,1.7999999523162842
5751776,1.7999999523162842
5752016,1.7999999523162842
5753984,1.7999999523162842
5756880,1.7999999523162842
5756896,1.7999999523162842
5756960,1.7999999523162842
5757632,1.7999999523162842
5761568,1.7999999523162842
5762288,1.7999999523162842
5766672,1.7999999523162842
5767184,1.7999999523162842
5776624,1.7999999523162842
5776688,1.7999999523162842
5778480,1.7999999523162842
5779680,1.7999999523162842
5780512,1.7999999523162842
5780736,1.7999999523162842
5783136,1.7999999523162842
5784480,1.7999999523162842
5787456,1.7999999523162842
5787712,1.7999999523162842
5790016,1.7999999523162842
5792704,1.7999999523162842
5799216,1.7999999523162842
5803152,1.7999999523162842
5804752,1.7999999523162842
5807088,1.7999999523162842
5808400,1.7999999523162842
5808848,1.7999999523162842
5810112,1.7999999523162842
5812064,1.7999999523162842
5812720,1.7999999523162842
5814528,1.7999999523162842
5815120,1.7999999523162842
5815200,1.7999999523162842
5815456,1.7999999523162842
5820048,1.7999999523162842
5820768,1.7999999523162842
5822416,1.7999999523162842
5824144,1.7999999523162842
5824784,1.7999999523162842
5827152,1.7999999523162842
5829216,1.7999999523162842
5833200,1.7999999523162842
5833776,1.7999999523162842
5834352,1.7999999523162842
5835840,1.7999999523162842
5836032,1.7999999523162842
5836672,1.7999999523162842
5837248,1.7999999523162842
5837696,1.7999999523162842
5838864,1.7999999523162842
5840816,1.7999999523162842
5840832,1.7999999523162842
5840896,1.7999999523162842
5841088,1.7999999523162842
5842032,1.7999999523162842
5844288,1.7999999523162842
5844800,1.7999999523162842
5845072,1.7999999523162842
5845488,1.7999999523162842
5846016,1.7999999523162842
5846512,1.7999999523162842
5846544,1.7999999523162842
5849808,1.7999999523162842
5851392,1.7999999523162842
5851760,1.7999999523162842
5852384,1.7999999523162842
5852704,1.7999999523162842
5852928,1.7999999523162842
5858048,1.7999999523162842
5862240,1.7999999523162842
5863664,1.7999999523162842
5865008,1.7999999523162842
5868384,1.7999999523162842
5871040,1.7999999523162842
5871968,1.7999999523162842
5875024,1.7999999523162842
5875088,1.7999999523162842
5876880,1.7999999523162842
5877600,1.7999999523162842
5878432,1.7999999523162842
5878720,1.7999999523162842
5878784,1.7999999523162842
5880544,1.7999999523162842
5882128,1.7999999523162842
5883232,1.7999999523162842
5884032,1.7999999523162842
5888240,1.7999999523162842
5889792,1.7999999523162842
5890336,1.7999999523162842
5891456,1.7999999523162842
5893024,1.7999999523162842
5896304,1.7999999523162842
5896368,1.7999999523162842
5898976,1.7999999523162842
5899488,1.7999999523162842
5899936,1.7999999523162842
5900000,1.7999999523162842
5902976,1.7999999523162842
5905696,1.7999999523162842
5907120,1.7999999523162842
5908256,1.7999999523162842
5910128,1.7999999523162842
5910544,1.7999999523162842
5910896,1.7999999523162842
5911728,1.7999999523162842
5912720,1.7999999523162842
5913936,1.7999999523162842
5914048,1.7999999523162842
5914576,1.7999999523162842
5915424,1.7999999523162842
5918672,1.7999999523162842
5918704,1.7999999523162842
5920112,1.7999999523162842
5920624,1.7999999523162842
5923664,1.7999999523162842
5924736,1.7999999523162842
5925264,1.7999999523162842
5927520,1.7999999523162842
5928176,1.7999999523162842
5928928,1.7999999523162842
5931424,1.7999999523162842
5933744,1.7999999523162842
5934656,1.7999999523162842
5935376,1.7999999523162842
5936912,1.7999999523162842
5937024,1.7999999523162842
5938368,1.7999999523162842
5940496,1.7999999523162842
5942432,1.7999999523162842
5946128,1.7999999523162842
5955616,1.7999999523162842
5955696,1.7999999523162842
5957040,1.7999999523162842
5959312,1.7999999523162842
5960192,1.7999999523162842
5962224,1.7999999523162842
5963136,1.7999999523162842
5967344,1.7999999523162842
5968720,1.7999999523162842
5969840,1.7999999523162842
5975968,1.7999999523162842
5976384,1.7999999523162842
5976496,1.7999999523162842
5976688,1.7999999523162842
5978656,1.7999999523162842
5979312,1.7999999523162842
5980384,1.7999999523162842
5980736,1.7999999523162842
5980768,1.7999999523162842
5982240,1.7999999523162842
5983584,1.7999999523162842
5984048,1.7999999523162842
5987248,1.7999999523162842
5993520,1.7999999523162842
5993712,1.7999999523162842
5994672,1.7999999523162842
5995184,1.7999999523162842
5998032,1.7999999523162842
5999680,1.7999999523162842
6000160,1.7999999523162842
6000320,1.7999999523162842
6002272,1.7999999523162842
6005040,1.7999999523162842
6005840,1.7999999523162842
6008336,1.7999999523162842
6008624,1.7999999523162842
6010320,1.7999999523162842
6011456,1.7999999523162842
6011792,1.7999999523162842
6013216,1.7999999523162842
6015200,1.7999999523162842
6017392,1.7999999523162842
6019328,1.7999999523162842
6020608,1.7999999523162842
6021456,1.7999999523162842
6021696,1.7999999523162842
6024112,1.7999999523162842
6027392,1.7999999523162842
6028112,1.7999999523162842
6033648,1.7999999523162842
6034576,1.7999999523162842
6036480,1.7999999523162842
6037360,1.7999999523162842
6038416,1.7999999523162842
6038464,1.7999999523162842
6040976,1.7999999523162842
6042016,1.7999999523162842
6042256,1.7999999523162842
6042272,1.7999999523162842
6043216,1.7999999523162842
6045040,1.7999999523162842
6046256,1.7999999523162842
6048640,1.7999999523162842
6049280,1.7999999523162842
6049856,1.7999999523162842
6050800,1.7999999523162842
6051552,1.7999999523162842
6052160,1.7999999523162842
6053568,1.7999999523162842
6053920,1.7999999523162842
6054720,1.7999999523162842
6056048,1.7999999523162842
6056784,1.7999999523162842
6058256,1.7999999523162842
6060576,1.7999999523162842
6060768,1.7999999523162842
6060784,1.7999999523162842
6062048,1.7999999523162842
6065584,1.7999999523162842
6067584,1.7999999523162842
6071760,1.7999999523162842
6072064,1.7999999523162842
6076176,1.7999999523162842
6078160,1.7999999523162842
6079312,1.7999999523162842
6082288,1.7999999523162842
6082992,1.7999999523162842
6084528,1.7999999523162842
6084912,1.7999999523162842
6086080,1.7999999523162842
6087424,1.7999999523162842
6089264,1.7999999523162842
6090592,1.7999999523162842
6091968,1.7999999523162842
6092864,1.7999999523162842
6094032,1.7999999523162842
6097664,1.7999999523162842
6098736,1.7999999523162842
6098960,1.7999999523162842
6099232,1.7999999523162842
6100208,1.7999999523162842
6100624,1.7999999523162842
6102128,1.7999999523162842
6103072,1.7999999523162842
6105104,1.7999999523162842
6108112,1.7999999523162842
6109744,1.7999999523162842
6111552,1.7999999523162842
6113088,1.7999999523162842
6114112,1.7999999523162842
6115920,1.7999999523162842
6119072,1.7999999523162842
6121280,1.7999999523162842
6121472,1.7999999523162842
6122816,1.7999999523162842
6122832,1.7999999523162842
6124848,1.7999999523162842
6128608,1.7999999523162842
6129200,1.7999999523162842
6130496,1.7999999523162842
6136704,1.7999999523162842
6139136,1.7999999523162842
6141888,1.7999999523162842
6142416,1.7999999523162842
6142640,1.7999999523162842
6142800,1.7999999523162842
6143248,1.7999999523162842
6148192,1.7999999523162842
6148608,1.7999999523162842
6149168,1.7999999523162842
6149264,1.7999999523162842
6150496,1.7999999523162842
6151072,1.7999999523162842
6152512,1.7999999523162842
6153712,1.7999999523162842
6154544,1.7999999523162842
6156640,1.7999999523162842
6160768,1.7999999523162842
6161952,1.7999999523162842
6162176,1.7999999523162842
6164448,1.7999999523162842
6166432,1.7999999523162842
6166528,1.7999999523162842
6167280,1.7999999523162842
6170336,1.7999999523162842
6173984,1.7999999523162842
6174704,1.7999999523162842
6177264,1.7999999523162842
6177376,1.7999999523162842
6178640,1.7999999523162842
6179632,1.7999999523162842
6180064,1.7999999523162842
6182928,1.7999999523162842
6185216,1.7999999523162842
6187136,1.7999999523162842
6190400,1.7999999523162842
6190896,1.7999999523162842
6191232,1.7999999523162842
6192176,1.7999999523162842
6193248,1.7999999523162842
6193840,1.7999999523162842
6194496,1.7999999523162842
6198224,1.7999999523162842
6200592,1.7999999523162842
6201024,1.7999999523162842
6203472,1.7999999523162842
6206048,1.7999999523162842
6207008,1.7999999523162842
6208528,1.7999999523162842
6209632,1.7999999523162842
6211712,1.7999999523162842
6212368,1.7999999523162842
6221248,1.7999999523162842
6223392,1.7999999523162842
6223904,1.7999999523162842
6225536,1.7999999523162842
6229616,1.7999999523162842
6232048,1.7999999523162842
6232256,1.7999999523162842
6232672,1.7999999523162842
6232752,1.7999999523162842
6235984,1.7999999523162842
6236224,1.7999999523162842
6237104,1.7999999523162842
6237936,1.7999999523162842
6241296,1.7999999523162842
6242592,1.7999999523162842
6244944,1.7999999523162842
6245024,1.7999999523162842
6245664,1.7999999523162842
6247920,1.7999999523162842
6248288,1.7999999523162842
6251456,1.7999999523162842
6258672,1.7999999523162842
6259600,1.7999999523162842
6262112,1.7999999523162842
6263952,1.7999999523162842
6265456,1.7999999523162842
6270000,1.7999999523162842
6271936,1.7999999523162842
6273456,1.7999999523162842
6274624,1.7999999523162842
6274896,1.7999999523162842
6276128,1.7999999523162842
6276640,1.7999999523162842
6277920,1.7999999523162842
6281200,1.7999999523162842
6282800,1.7999999523162842
6284720,1.7999999523162842
6286176,1.7999999523162842
6286720,1.7999999523162842
6287664,1.7999999523162842
6287728,1.7999999523162842
6288768,1.7999999523162842
6289280,1.7999999523162842
6291840,1.7999999523162842
6293456,1.7999999523162842
6295120,1.7999999523162842
6297680,1.7999999523162842
6297856,1.7999999523162842
6298864,1.7999999523162842
6302304,1.7999999523162842
6304448,1.7999999523162842
6305392,1.7999999523162842
6307456,1.7999999523162842
6307872,1.7999999523162842
6308128,1.7999999523162842
6308656,1.7999999523162842
6309408,1.7999999523162842
6309728,1.7999999523162842
6311536,1.7999999523162842
6314768,1.7999999523162842
6314816,1.7999999523162842
6316048,1.7999999523162842
6320096,1.7999999523162842
6321152,1.7999999523162842
6321280,1.7999999523162842
6322080,1.7999999523162842
6322144,1.7999999523162842
6322992,1.7999999523162842
6323984,1.7999999523162842
6325648,1.7999999523162842
6325968,1.7999999523162842
6326160,1.7999999523162842
6330112,1.7999999523162842
6332272,1.7999999523162842
6335024,1.7999999523162842
6335568,1.7999999523162842
6336816,1.7999999523162842
6337488,1.7999999523162842
6342016,1.7999999523162842
6342608,1.7999999523162842
6342896,1.7999999523162842
6346128,1.7999999523162842
6353344,1.7999999523162842
6354480,1.7999999523162842
6356304,1.7999999523162842
6356464,1.7999999523162842
6356912,1.7999999523162842
6357536,1.7999999523162842
6358416,1.7999999523162842
6358704,1.7999999523162842
6359600,1.7999999523162842
6359680,1.7999999523162842
6359728,1.7999999523162842
6359984,1.7999999523162842
6361824,1.7999999523162842
6362320,1.7999999523162842
6365232,1.7999999523162842
6366144,1.7999999523162842
6367552,1.7999999523162842
6367760,1.7999999523162842
6368544,1.7999999523162842
6374160,1.7999999523162842
6375840,1.7999999523162842
6379696,1.7999999523162842
6386368,1.7999999523162842
6388432,1.7999999523162842
6389008,1.7999999523162842
6390080,1.7999999523162842
6391856,1.7999999523162842
6392272,1.7999999523162842
6392752,1.7999999523162842
6393952,1.7999999523162842
6395088,1.7999999523162842
6396208,1.7999999523162842
6397680,1.7999999523162842
6402224,1.7999999523162842
6402784,1.7999999523162842
6403040,1.7999999523162842
6403488,1.7999999523162842
6404144,1.7999999523162842
6407440,1.7999999523162842
6408400,1.7999999523162842
6411792,1.7999999523162842
6416128,1.7999999523162842
6419024,1.7999999523162842
6419824,1.7999999523162842
6421600,1.7999999523162842
6429952,1.7999999523162842
6430320,1.7999999523162842
6432688,1.7999999523162842
6434144,1.7999999523162842
6434496,1.7999999523162842
6435232,1.7999999523162842
6435792,1.7999999523162842
6436672,1.7999999523162842
6440528,1.7999999523162842
6442448,1.7999999523162842
6445824,1.7999999523162842
6445856,1.7999999523162842
6446976,1.7999999523162842
6448720,1.7999999523162842
6449840,1.7999999523162842
6450880,1.7999999523162842
6451408,1.7999999523162842
6453728,1.7999999523162842
6453792,1.7999999523162842
6453904,1.7999999523162842
6455200,1.7999999523162842
6459888,1.7999999523162842
6460752,1.7999999523162842
6463424,1.7999999523162842
6465168,1.7999999523162842
6466064,1.7999999523162842
6467584,1.7999999523162842
6469200,1.7999999523162842
6478976,1.7999999523162842
6480512,1.7999999523162842
6483744,1.7999999523162842
6484672,1.7999999523162842
6485232,1.7999999523162842
6485984,1.7999999523162842
6486016,1.7999999523162842
6487920,1.7999999523162842
6488112,1.7999999523162842
6488144,1.7999999523162842
6491456,1.7999999523162842
6492336,1.7999999523162842
6492384,1.7999999523162842
6494016,1.7999999523162842
6494432,1.7999999523162842
6498464,1.7999999523162842
6501424,1.7999999523162842
6502064,1.7999999523162842
6505712,1.7999999523162842
6506224,1.7999999523162842
6510592,1.7999999523162842
6511488,1.7999999523162842
6513424,1.7999999523162842
6516688,1.7999999523162842
6517248,1.7999999523162842
6517952,1.7999999523162842
6518336,1.7999999523162842
6518816,1.7999999523162842
6518896,1.7999999523162842
6518912,1.7999999523162842
6520304,1.7999999523162842
6520336,1.7999999523162842
6525120,1.7999999523162842
6525776,1.7999999523162842
6526048,1.7999999523162842
6526288,1.7999999523162842
6526944,1.7999999523162842
6527392,1.7999999523162842
6528160,1.7999999523162842
6528272,1.7999999523162842
6530528,1.7999999523162842
6532496,1.7999999523162842
6532720,1.7999999523162842
6533120,1.7999999523162842
6534096,1.7999999523162842
6534512,1.7999999523162842
6536224,1.7999999523162842
6540048,1.7999999523162842
6542464,1.7999999523162842
6546560,1.7999999523162842
6547632,1.7999999523162842
6549776,1.7999999523162842
6550272,1.7999999523162842
6550384,1.7999999523162842
6554512,1.7999999523162842
6555056,1.7999999523162842
6558000,1.7999999523162842
6559216,1.7999999523162842
6560400,1.7999999523162842
6563872,1.7999999523162842
6564256,1.7999999523162842
6564704,1.7999999523162842
6566208,1.7999999523162842
6568064,1.7999999523162842
6569936,1.7999999523162842
6571248,1.7999999523162842
6574560,1.7999999523162842
6577088,1.7999999523162842
6577552,1.7999999523162842
6578624,1.7999999523162842
6578880,1.7999999523162842
6578944,1.7999999523162842
6579200,1.7999999523162842
6582592,1.7999999523162842
6589616,1.7999999523162842
6591360,1.7999999523162842
6592192,1.7999999523162842
6594768,1.7999999523162842
6596864,1.7999999523162842
6598256,1.7999999523162842
6600768,1.7999999523162842
6602432,1.7999999523162842
6603184,1.7999999523162842
6603696,1.7999999523162842
6608016,1.7999999523162842
6608160,1.7999999523162842
6609296,1.7999999523162842
6610832,1.7999999523162842
6611088,1.7999999523162842
6611936,1.7999999523162842
6612384,1.7999999523162842
6613200,1.7999999523162842
6614032,1.7999999523162842
6614624,1.7999999523162842
6616288,1.7999999523162842
6616768,1.7999999523162842
6618768,1.7999999523162842
6623712,1.7999999523162842
6624128,1.7999999523162842
6625264,1.7999999523162842
6627104,1.7999999523162842
6630192,1.7999999523162842
6631712,1.7999999523162842
6633840,1.7999999523162842
6634688,1.7999999523162842
6636576,1.7999999523162842
6637136,1.7999999523162842
6637296,1.7999999523162842
6638176,1.7999999523162842
6638624,1.7999999523162842
6638880,1.7999999523162842
6639984,1.7999999523162842
6641184,1.7999999523162842
6645216,1.7999999523162842
6646112,1.7999999523162842
6647872,1.7999999523162842
6649744,1.7999999523162842
6650784,1.7999999523162842
6652848,1.7999999523162842
6654272,1.7999999523162842
6654464,1.7999999523162842
6655408,1.7999999523162842
6657472,1.7999999523162842
6658352,1.7999999523162842
6659664,1.7999999523162842
6660912,1.7999999523162842
6661248,1.7999999523162842
6662848,1.7999999523162842
6662912,1.7999999523162842
6664816,1.7999999523162842
6665168,1.7999999523162842
6665328,1.7999999523162842
6665360,1.7999999523162842
6666288,1.7999999523162842
6666800,1.7999999523162842
6667120,1.7999999523162842
6667472,1.7999999523162842
6667936,1.7999999523162842
6668064,1.7999999523162842
6669376,1.7999999523162842
6671856,1.7999999523162842
6674592,1.7999999523162842
6676688,1.7999999523162842
6677248,1.7999999523162842
6682128,1.7999999523162842
6683632,1.7999999523162842
6684576,1.7999999523162842
6686512,1.7999999523162842
6687504,1.7999999523162842
6689648,1.7999999523162842
6689664,1.7999999523162842
6692272,1.7999999523162842
6693280,1.7999999523162842
6694496,1.7999999523162842
6696304,1.7999999523162842
6696368,1.7999999523162842
6696800,1.7999999523162842
6697040,1.7999999523162842
6697504,1.7999999523162842
6697712,1.7999999523162842
6699120,1.7999999523162842
6702224,1.7999999523162842
6702496,1.7999999523162842
6704832,1.7999999523162842
6705968,1.7999999523162842
6706048,1.7999999523162842
6707376,1.7999999523162842
6708304,1.7999999523162842
6708352,1.7999999523162842
6709328,1.7999999523162842
6711776,1.7999999523162842
6714672,1.7999999523162842
6715936,1.7999999523162842
6717664,1.7999999523162842
6717728,1.7999999523162842
6718912,1.7999999523162842
6723104,1.7999999523162842
6725472,1.7999999523162842
6726176,1.7999999523162842
6728144,1.7999999523162842
6728400,1.7999999523162842
6728992,1.7999999523162842
6731328,1.7999999523162842
6733088,1.7999999523162842
6733904,1.7999999523162842
6735664,1.7999999523162842
6740048,1.7999999523162842
6741392,1.7999999523162842
6741472,1.7999999523162842
6741728,1.7999999523162842
6742176,1.7999999523162842
6744240,1.7999999523162842
6746176,1.7999999523162842
6746320,1.7999999523162842
6746608,1.7999999523162842
6747952,1.7999999523162842
6748912,1.7999999523162842
6749264,1.7999999523162842
6756528,1.7999999523162842
6757168,1.7999999523162842
6760640,1.7999999523162842
6763088,1.7999999523162842
6763600,1.7999999523162842
6765264,1.7999999523162842
6766992,1.7999999523162842
6767056,1.7999999523162842
6771488,1.7999999523162842
6774256,1.7999999523162842
6775392,1.7999999523162842
6776000,1.7999999523162842
6778048,1.7999999523162842
6780928,1.7999999523162842
6790224,1.7999999523162842
6790896,1.7999999523162842
6793136,1.7999999523162842
6794784,1.7999999523162842
6796112,1.7999999523162842
6804896,1.7999999523162842
6805008,1.7999999523162842
6807424,1.7999999523162842
6808432,1.7999999523162842
6808480,1.7999999523162842
6808832,1.7999999523162842
6809184,1.7999999523162842
6811120,1.7999999523162842
6811536,1.7999999523162842
6811696,1.7999999523162842
6813456,1.7999999523162842
6814400,1.7999999523162842
6814832,1.7999999523162842
6815056,1.7999999523162842
6818992,1.7999999523162842
6819488,1.7999999523162842
6820208,1.7999999523162842
6823936,1.7999999523162842
6826432,1.7999999523162842
6833824,1.7999999523162842
6837808,1.7999999523162842
6840736,1.7999999523162842
6840784,1.7999999523162842
6841248,1.7999999523162842
6844288,1.7999999523162842
6844464,1.7999999523162842
6845216,1.7999999523162842
6846880,1.7999999523162842
6847488,1.7999999523162842
6851024,1.7999999523162842
6852240,1.7999999523162842
6852448,1.7999999523162842
6852992,1.7999999523162842
6856080,1.7999999523162842
6856752,1.7999999523162842
6857856,1.7999999523162842
6860688,1.7999999523162842
6861664,1.7999999523162842
6865760,1.7999999523162842
6868288,1.7999999523162842
6869376,1.7999999523162842
6871200,1.7999999523162842
6871696,1.7999999523162842
6872176,1.7999999523162842
6872464,1.7999999523162842
6875104,1.7999999523162842
6877216,1.7999999523162842
6877648,1.7999999523162842
6879392,1.7999999523162842
6881872,1.7999999523162842
6883952,1.7999999523162842
6885440,1.7999999523162842
6887456,1.7999999523162842
6888848,1.7999999523162842
6891248,1.7999999523162842
6892288,1.7999999523162842
6892464,1.7999999523162842
6892848,1.7999999523162842
6893360,1.7999999523162842
6893488,1.7999999523162842
6893648,1.7999999523162842
6893872,1.7999999523162842
6894864,1.7999999523162842
6895264,1.7999999523162842
6898752,1.7999999523162842
6899456,1.7999999523162842
6899552,1.7999999523162842
6899664,1.7999999523162842
6901040,1.7999999523162842
6901344,1.7999999523162842
6903168,1.7999999523162842
6903456,1.7999999523162842
6903680,1.7999999523162842
6904048,1.7999999523162842
6906688,1.7999999523162842
6907056,1.7999999523162842
6908752,1.7999999523162842
6909664,1.7999999523162842
6915600,1.7999999523162842
6916032,1.7999999523162842
6916176,1.7999999523162842
6916752,1.7999999523162842
6917008,1.7999999523162842
6919104,1.7999999523162842
6919632,1.7999999523162842
6920016,1.7999999523162842
6920224,1.7999999523162842
6922832,1.7999999523162842
6923216,1.7999999523162842
6923600,1.7999999523162842
6925712,1.7999999523162842
6926208,1.7999999523162842
6927184,1.7999999523162842
6927824,1.7999999523162842
6928016,1.7999999523162842
6930448,1.7999999523162842
6930672,1.7999999523162842
6932192,1.7999999523162842
6932272,1.7999999523162842
6935312,1.7999999523162842
6935616,1.7999999523162842
6936096,1.7999999523162842
6937696,1.7999999523162842
6939328,1.7999999523162842
6940352,1.7999999523162842
6941936,1.7999999523162842
6943104,1.7999999523162842
6945856,1.7999999523162842
6946672,1.7999999523162842
6947072,1.7999999523162842
6949552,1.7999999523162842
6950656,1.7999999523162842
6951232,1.7999999523162842
6953088,1.7999999523162842
6953664,1.7999999523162842
6957872,1.7999999523162842
6957904,1.7999999523162842
6958720,1.7999999523162842
6962432,1.7999999523162842
6964816,1.7999999523162842
6965552,1.7999999523162842
6969568,1.7999999523162842
6969888,1.7999999523162842
6970976,1.7999999523162842
6971888,1.7999999523162842
6977040,1.7999999523162842
6981936,1.7999999523162842
6982880,1.7999999523162842
6983072,1.7999999523162842
6983520,1.7999999523162842
6986352,1.7999999523162842
6988896,1.7999999523162842
6990272,1.7999999523162842
6991376,1.7999999523162842
6994624,1.7999999523162842
6996928,1.7999999523162842
6997712,1.7999999523162842
6999120,1.7999999523162842
6999392,1.7999999523162842
7000176,1.7999999523162842
7003280,1.7999999523162842
7003568,1.7999999523162842
7004624,1.7999999523162842
7006224,1.7999999523162842
7009184,1.7999999523162842
7009584,1.7999999523162842
7009744,1.7999999523162842
7010224,1.7999999523162842
7012672,1.7999999523162842
7012784,1.7999999523162842
7014336,1.7999999523162842
7019408,1.7999999523162842
7020880,1.7999999523162842
7022096,1.7999999523162842
7023168,1.7999999523162842
7025616,1.7999999523162842
7026976,1.7999999523162842
7027040,1.7999999523162842
7030848,1.7999999523162842
7032192,1.7999999523162842
7032352,1.7999999523162842
7032512,1.7999999523162842
7032656,1.7999999523162842
7034960,1.7999999523162842
7035568,1.7999999523162842
7036384,1.7999999523162842
7037520,1.7999999523162842
7041168,1.7999999523162842
7042016,1.7999999523162842
7042352,1.7999999523162842
7044880,1.7999999523162842
7045680,1.7999999523162842
7047696,1.7999999523162842
7048096,1.7999999523162842
7053232,1.7999999523162842
7054352,1.7999999523162842
7059568,1.7999999523162842
7061888,1.7999999523162842
7062272,1.7999999523162842
7062928,1.7999999523162842
7063120,1.7999999523162842
7063488,1.7999999523162842
7065328,1.7999999523162842
7066320,1.7999999523162842
7066880,1.7999999523162842
7067200,1.7999999523162842
7067456,1.7999999523162842
7071968,1.7999999523162842
7073024,1.7999999523162842
7074976,1.7999999523162842
7077536,1.7999999523162842
7077552,1.7999999523162842
7077568,1.7999999523162842
7078064,1.7999999523162842
7078272,1.7999999523162842
7079696,1.7999999523162842
7080400,1.7999999523162842
7081600,1.7999999523162842
7084128,1.7999999523162842
7085024,1.7999999523162842
7086320,1.7999999523162842
7086960,1.7999999523162842
7089360,1.7999999523162842
7092784,1.7999999523162842
7094080,1.7999999523162842
7094720,1.7999999523162842
7097456,1.7999999523162842
7098560,1.7999999523162842
7100608,1.7999999523162842
7104016,1.7999999523162842
7104192,1.7999999523162842
7109328,1.7999999523162842
7109424,1.7999999523162842
7109840,1.7999999523162842
7111376,1.7999999523162842
7113824,1.7999999523162842
7115296,1.7999999523162842
7115568,1.7999999523162842
7115920,1.7999999523162842
7116032,1.7999999523162842
7116784,1.7999999523162842
7117280,1.7999999523162842
7117552,1.7999999523162842
7117856,1.7999999523162842
7122992,1.7999999523162842
7123152,1.7999999523162842
7123264,1.7999999523162842
7124096,1.7999999523162842
7126224,1.7999999523162842
7127760,1.7999999523162842
7129360,1.7999999523162842
7129712,1.7999999523162842
7132192,1.7999999523162842
7134544,1.7999999523162842
7135696,1.7999999523162842
7136288,1.7999999523162842
7137120,1.7999999523162842
7137312,1.7999999523162842
7138608,1.7999999523162842
7138960,1.7999999523162842
7139264,1.7999999523162842
7139536,1.7999999523162842
7140272,1.7999999523162842
7140992,1.7999999523162842
7141152,1.7999999523162842
7144016,1.7999999523162842
7148576,1.7999999523162842
7151824,1.7999999523162842
7153424,1.7999999523162842
7153680,1.7999999523162842
7155280,1.7999999523162842
7156832,1.7999999523162842
7157392,1.7999999523162842
7157504,1.7999999523162842
7157616,1.7999999523162842
7158128,1.7999999523162842
7159360,1.7999999523162842
7159728,1.7999999523162842
7160176,1.7999999523162842
7163152,1.7999999523162842
7163936,1.7999999523162842
7173136,1.7999999523162842
7174496,1.7999999523162842
7174592,1.7999999523162842
7177296,1.7999999523162842
7178768,1.7999999523162842
7183088,1.7999999523162842
7184736,1.7999999523162842
7190368,1.7999999523162842
7192080,1.7999999523162842
7192944,1.7999999523162842
7195120,1.7999999523162842
7198672,1.7999999523162842
7201728,1.7999999523162842
7201824,1.7999999523162842
7203024,1.7999999523162842
7208288,1.7999999523162842
7209440,1.7999999523162842
7211072,1.7999999523162842
7211184,1.7999999523162842
7216224,1.7999999523162842
7216480,1.7999999523162842
7217456,1.7999999523162842
7219008,1.7999999523162842
7222256,1.7999999523162842
7225696,1.7999999523162842
7227488,1.7999999523162842
7228288,1.7999999523162842
7229552,1.7999999523162842
7232496,1.7999999523162842
7232592,1.7999999523162842
7233472,1.7999999523162842
7235168,1.7999999523162842
7237680,1.7999999523162842
7238016,1.7999999523162842
7239520,1.7999999523162842
7240256,1.7999999523162842
7241376,1.7999999523162842
7245952,1.7999999523162842
7248832,1.7999999523162842
7250016,1.7999999523162842
7250128,1.7999999523162842
7250848,1.7999999523162842
7252912,1.7999999523162842
7253280,1.7999999523162842
7253312,1.7999999523162842
7253424,1.7999999523162842
7253840,1.7999999523162842
7255392,1.7999999523162842
7255648,1.7999999523162842
7255968,1.7999999523162842
7257600,1.7999999523162842
7257840,1.7999999523162842
7262480,1.7999999523162842
7262864,1.7999999523162842
7263200,1.7999999523162842
7263520,1.7999999523162842
7264240,1.7999999523162842
7264576,1.7999999523162842
7264800,1.7999999523162842
7265504,1.7999999523162842
7266752,1.7999999523162842
7268192,1.7999999523162842
7269568,1.7999999523162842
7270512,1.7999999523162842
7279152,1.7999999523162842
7279296,1.7999999523162842
7280768,1.7999999523162842
7282480,1.7999999523162842
7282928,1.7999999523162842
7283216,1.7999999523162842
7284960,1.7999999523162842
7286320,1.7999999523162842
7289104,1.7999999523162842
7289664,1.7999999523162842
7289920,1.7999999523162842
7289952,1.7999999523162842
7290544,1.7999999523162842
7291424,1.7999999523162842
7296976,1.7999999523162842
7296992,1.7999999523162842
7297072,1.7999999523162842
7297504,1.7999999523162842
7298208,1.7999999523162842
7298240,1.7999999523162842
7300240,1.7999999523162842
7303616,1.7999999523162842
7305104,1.7999999523162842
7307552,1.7999999523162842
7308816,1.7999999523162842
7309104,1.7999999523162842
7310752,1.7999999523162842
7310896,1.7999999523162842
7312816,1.7999999523162842
7316480,1.7999999523162842
7318624,1.7999999523162842
7324944,1.7999999523162842
7328064,1.7999999523162842
7330704,1.7999999523162842
7332512,1.7999999523162842
7336608,1.7999999523162842
7340656,1.7999999523162842
7341328,1.7999999523162842
7342384,1.7999999523162842
7342656,1.7999999523162842
7344912,1.7999999523162842
7347024,1.7999999523162842
7347104,1.7999999523162842
7348064,1.7999999523162842
7351008,1.7999999523162842
7353696,1.7999999523162842
7356608,1.7999999523162842
7357632,1.7999999523162842
7357952,1.7999999523162842
7358672,1.7999999523162842
7358720,1.7999999523162842
7359040,1.7999999523162842
7361936,1.7999999523162842
7362080,1.7999999523162842
7362144,1.7999999523162842
7362432,1.7999999523162842
7362512,1.7999999523162842
7364384,1.7999999523162842
7366112,1.7999999523162842
7366256,1.7999999523162842
7366544,1.7999999523162842
7366656,1.7999999523162842
7367920,1.7999999523162842
7368768,1.7999999523162842
7370208,1.7999999523162842
7371184,1.7999999523162842
7372992,1.7999999523162842
7373312,1.7999999523162842
7374976,1.7999999523162842
7375440,1.7999999523162842
7375504,1.7999999523162842
7376352,1.7999999523162842
7377072,1.7999999523162842
7381264,1.7999999523162842
7381792,1.7999999523162842
7385184,1.7999999523162842
7385248,1.7999999523162842
7385424,1.7999999523162842
7387296,1.7999999523162842
7388400,1.7999999523162842
7391056,1.7999999523162842
7391104,1.7999999523162842
7391280,1.7999999523162842
7391488,1.7999999523162842
7392016,1.7999999523162842
7393936,1.7999999523162842
7398960,1.7999999523162842
7399248,1.7999999523162842
7399648,1.7999999523162842
7400336,1.7999999523162842
7401360,1.7999999523162842
7401984,1.7999999523162842
7402688,1.7999999523162842
7405472,1.7999999523162842
7405872,1.7999999523162842
7406048,1.7999999523162842
7406928,1.7999999523162842
7407296,1.7999999523162842
7408288,1.7999999523162842
7408640,1.7999999523162842
7409856,1.7999999523162842
7414592,1.7999999523162842
7420512,1.7999999523162842
7420864,1.7999999523162842
7422080,1.7999999523162842
7422976,1.7999999523162842
7423344,1.7999999523162842
7426448,1.7999999523162842
7428720,1.7999999523162842
7430688,1.7999999523162842
7431840,1.7999999523162842
7433280,1.7999999523162842
7433776,1.7999999523162842
7434336,1.7999999523162842
7439840,1.7999999523162842
7443184,1.7999999523162842
7443440,1.7999999523162842
7444432,1.7999999523162842
7448784,1.7999999523162842
7449008,1.7999999523162842
7449360,1.7999999523162842
7450256,1.7999999523162842
7450320,1.7999999523162842
7451536,1.7999999523162842
7454112,1.7999999523162842
7454896,1.7999999523162842
7455024,1.7999999523162842
7456576,1.7999999523162842
7457376,1.7999999523162842
7460848,1.7999999523162842
7461280,1.7999999523162842
7462224,1.7999999523162842
7463120,1.7999999523162842
7464096,1.7999999523162842
7465504,1.7999999523162842
7467008,1.7999999523162842
7467600,1.7999999523162842
7468320,1.7999999523162842
7471024,1.7999999523162842
7472832,1.7999999523162842
7473712,1.7999999523162842
7475328,1.7999999523162842
7476352,1.7999999523162842
7477600,1.7999999523162842
7479712,1.7999999523162842
7480608,1.7999999523162842
7482784,1.7999999523162842
7483392,1.7999999523162842
7483984,1.7999999523162842
7487200,1.7999999523162842
7492416,1.7999999523162842
7492480,1.7999999523162842
7492896,1.7999999523162842
7493408,1.7999999523162842
7495696,1.7999999523162842
7495952,1.7999999523162842
7496416,1.7999999523162842
7497024,1.7999999523162842
7497312,1.7999999523162842
7497600,1.7999999523162842
7500208,1.7999999523162842
7507072,1.7999999523162842
7511248,1.7999999523162842
7511280,1.7999999523162842
7511680,1.7999999523162842
7515296,1.7999999523162842
7515360,1.7999999523162842
7516016,1.7999999523162842
7516752,1.7999999523162842
7517680,1.7999999523162842
7518624,1.7999999523162842
7523376,1.7999999523162842
7524272,1.7999999523162842
7524544,1.7999999523162842
7525296,1.7999999523162842
7526656,1.7999999523162842
7529072,1.7999999523162842
7529168,1.7999999523162842
7533440,1.7999999523162842
7534080,1.7999999523162842
7534512,1.7999999523162842
7535808,1.7999999523162842
7535888,1.7999999523162842
7542288,1.7999999523162842
7546160,1.7999999523162842
7546448,1.7999999523162842
7547360,1.7999999523162842
7548480,1.7999999523162842
7550576,1.7999999523162842
7552144,1.7999999523162842
7553504,1.7999999523162842
7554608,1.7999999523162842
7554848,1.7999999523162842
7560976,1.7999999523162842
7565840,1.7999999523162842
7566624,1.7999999523162842
7567776,1.7999999523162842
7568832,1.7999999523162842
7570880,1.7999999523162842
7573216,1.7999999523162842
7574400,1.7999999523162842
7575200,1.7999999523162842
7579312,1.7999999523162842
7582416,1.7999999523162842
7585680,1.7999999523162842
7586816,1.7999999523162842
7589408,1.7999999523162842
7589776,1.7999999523162842
7590720,1.7999999523162842
7592256,1.7999999523162842
7595136,1.7999999523162842
7596912,1.7999999523162842
7597392,1.7999999523162842
7597792,1.7999999523162842
7597920,1.7999999523162842
7598688,1.7999999523162842
7598816,1.7999999523162842
7599072,1.7999999523162842
7599824,1.7999999523162842
7600176,1.7999999523162842
7600496,1.7999999523162842
7601920,1.7999999523162842
7602000,1.7999999523162842
7602768,1.7999999523162842
7603280,1.7999999523162842
7606752,1.7999999523162842
7608080,1.7999999523162842
7610304,1.7999999523162842
7612512,1.7999999523162842
7613120,1.7999999523162842
7614768,1.7999999523162842
7617856,1.7999999523162842
7619104,1.7999999523162842
7623088,1.7999999523162842
7623360,1.7999999523162842
7623952,1.7999999523162842
7627104,1.7999999523162842
7628432,1.7999999523162842
7628512,1.7999999523162842
7632816,1.7999999523162842
7635680,1.7999999523162842
7637168,1.7999999523162842
7639040,1.7999999523162842
7647536,1.7999999523162842
7649232,1.7999999523162842
7651632,1.7999999523162842
7651648,1.7999999523162842
7656288,1.7999999523162842
7657056,1.7999999523162842
7658800,1.7999999523162842
7659024,1.7999999523162842
7660576,1.7999999523162842
7662960,1.7999999523162842
7666192,1.7999999523162842
7666704,1.7999999523162842
7668288,1.7999999523162842
7672128,1.7999999523162842
7672288,1.7999999523162842
7673360,1.7999999523162842
7676768,1.7999999523162842
7678544,1.7999999523162842
7678704,1.7999999523162842
7682272,1.7999999523162842
7682736,1.7999999523162842
7683552,1.7999999523162842
7684544,1.7999999523162842
7685904,1.7999999523162842
7686240,1.7999999523162842
7689984,1.7999999523162842
7690320,1.7999999523162842
7692000,1.7999999523162842
7694048,1.7999999523162842
7695392,1.7999999523162842
7695744,1.7999999523162842
7696368,1.7999999523162842
7696928,1.7999999523162842
7697120,1.7999999523162842
7699344,1.7999999523162842
7702320,1.7999999523162842
7702560,1.7999999523162842
7704416,1.7999999523162842
7707616,1.7999999523162842
7711920,1.7999999523162842
7712224,1.7999999523162842
7715360,1.7999999523162842
7715456,1.7999999523162842
7716432,1.7999999523162842
7716688,1.7999999523162842
7717904,1.7999999523162842
7719616,1.7999999523162842
7719776,1.7999999523162842
7720064,1.7999999523162842
7720864,1.7999999523162842
7723296,1.7999999523162842
7725120,1.7999999523162842
7731040,1.7999999523162842
7732016,1.7999999523162842
7732368,1.7999999523162842
7732544,1.7999999523162842
7732960,1.7999999523162842
7743664,1.7999999523162842
7744688,1.7999999523162842
7744704,1.7999999523162842
7745664,1.7999999523162842
7748496,1.7999999523162842
7751584,1.7999999523162842
7751664,1.7999999523162842
7754032,1.7999999523162842
7757440,1.7999999523162842
7758352,1.7999999523162842
7760304,1.7999999523162842
7761632,1.7999999523162842
7761984,1.7999999523162842
7763296,1.7999999523162842
7765344,1.7999999523162842
7765504,1.7999999523162842
7768112,1.7999999523162842
7769072,1.7999999523162842
7769440,1.7999999523162842
7770800,1.7999999523162842
7771328,1.7999999523162842
7773200,1.7999999523162842
7774768,1.7999999523162842
7777024,1.7999999523162842
7780848,1.7999999523162842
7780992,1.7999999523162842
7784480,1.7999999523162842
7788496,1.7999999523162842
7790144,1.7999999523162842
7790160,1.7999999523162842
7793056,1.7999999523162842
7796704,1.7999999523162842
7800448,1.7999999523162842
7801072,1.7999999523162842
7801648,1.7999999523162842
7803040,1.7999999523162842
7803392,1.7999999523162842
7804432,1.7999999523162842
7805280,1.7999999523162842
7807440,1.7999999523162842
7810608,1.7999999523162842
7811440,1.7999999523162842
7815280,1.7999999523162842
7816848,1.7999999523162842
7818752,1.7999999523162842
7820112,1.7999999523162842
7821488,1.7999999523162842
7822640,1.7999999523162842
7823040,1.7999999523162842
7824240,1.7999999523162842
7824320,1.7999999523162842
7825744,1.7999999523162842
7826288,1.7999999523162842
7826320,1.7999999523162842
7829664,1.7999999523162842
7830000,1.7999999523162842
7830128,1.7999999523162842
7831536,1.7999999523162842
7831744,1.7999999523162842
7832576,1.7999999523162842
7834288,1.7999999523162842
7835904,1.7999999523162842
7836624,1.7999999523162842
7836960,1.7999999523162842
7837264,1.7999999523162842
7839424,1.7999999523162842
7841760,1.7999999523162842
7841920,1.7999999523162842
7843536,1.7999999523162842
7844944,1.7999999523162842
7846160,1.7999999523162842
7850944,1.7999999523162842
7854688,1.7999999523162842
7855744,1.7999999523162842
7856048,1.7999999523162842
7856368,1.7999999523162842
7856768,1.7999999523162842
7858544,1.7999999523162842
7858816,1.7999999523162842
7858880,1.7999999523162842
7860864,1.7999999523162842
7861984,1.7999999523162842
7862864,1.7999999523162842
7862928,1.7999999523162842
7863424,1.7999999523162842
7864080,1.7999999523162842
7865312,1.7999999523162842
7865568,1.7999999523162842
7866624,1.7999999523162842
7866640,1.7999999523162842
7867216,1.7999999523162842
7867664,1.7999999523162842
7867712,1.7999999523162842
7868160,1.7999999523162842
7869872,1.7999999523162842
7870656,1.7999999523162842
7871952,1.7999999523162842
7872528,1.7999999523162842
7873888,1.7999999523162842
7873936,1.7999999523162842
7879424,1.7999999523162842
7880016,1.7999999523162842
7880272,1.7999999523162842
7880880,1.7999999523162842
7880928,1.7999999523162842
7882176,1.7999999523162842
7883888,1.7999999523162842
7888352,1.7999999523162842
7891408,1.7999999523162842
7893232,1.7999999523162842
7894832,1.7999999523162842
7896096,1.7999999523162842
7897680,1.7999999523162842
7898432,1.7999999523162842
7898656,1.7999999523162842
7904000,1.7999999523162842
7904336,1.7999999523162842
7904720,1.7999999523162842
7905168,1.7999999523162842
7905520,1.7999999523162842
7906544,1.7999999523162842
7907008,1.7999999523162842
7907040,1.7999999523162842
7907536,1.7999999523162842
7908592,1.7999999523162842
7910544,1.7999999523162842
7915136,1.7999999523162842
7916016,1.7999999523162842
7916176,1.7999999523162842
7918992,1.7999999523162842
7920448,1.7999999523162842
7926464,1.7999999523162842
7929488,1.7999999523162842
7932640,1.7999999523162842
7933296,1.7999999523162842
7933776,1.7999999523162842
7934480,1.7999999523162842
7935456,1.7999999523162842
7935536,1.7999999523162842
7937472,1.7999999523162842
7941184,1.7999999523162842
7941200,1.7999999523162842
7942944,1.7999999523162842
7945888,1.7999999523162842
7949424,1.7999999523162842
7950416,1.7999999523162842
7951056,1.7999999523162842
7953824,1.7999999523162842
7954736,1.7999999523162842
7956032,1.7999999523162842
7956880,1.7999999523162842
7959008,1.7999999523162842
7959424,1.7999999523162842
7960480,1.7999999523162842
7962512,1.7999999523162842
7963568,1.7999999523162842
7963984,1.7999999523162842
7965472,1.7999999523162842
7966208,1.7999999523162842
7969024,1.7999999523162842
7975232,1.7999999523162842
7976320,1.7999999523162842
7977520,1.7999999523162842
7978976,1.7999999523162842
7979216,1.7999999523162842
7979952,1.7999999523162842
7981488,1.7999999523162842
7982208,1.7999999523162842
7982864,1.7999999523162842
7985904,1.7999999523162842
7986176,1.7999999523162842
7986192,1.7999999523162842
7989536,1.7999999523162842
7990112,1.7999999523162842
7990896,1.7999999523162842
7991248,1.7999999523162842
7992880,1.7999999523162842
7993072,1.7999999523162842
7996336,1.7999999523162842
7998080,1.7999999523162842
7998672,1.7999999523162842
8000080,1.7999999523162842
8001152,1.7999999523162842
8001200,1.7999999523162842
8007024,1.7999999523162842
8010064,1.7999999523162842
8010528,1.7999999523162842
8018816,1.7999999523162842
8018864,1.7999999523162842
8019600,1.7999999523162842
8020496,1.7999999523162842
8021840,1.7999999523162842
8022880,1.7999999523162842
8023408,1.7999999523162842
8023520,1.7999999523162842
8025632,1.7999999523162842
8026080,1.7999999523162842
8026208,1.7999999523162842
8027728,1.7999999523162842
8028016,1.7999999523162842
8029952,1.7999999523162842
8033328,1.7999999523162842
8033536,1.7999999523162842
8033744,1.7999999523162842
8034784,1.7999999523162842
8036800,1.7999999523162842
8039216,1.7999999523162842
8039584,1.7999999523162842
8039632,1.7999999523162842
8040688,1.7999999523162842
8041072,1.7999999523162842
8041232,1.7999999523162842
8042880,1.7999999523162842
8042960,1.7999999523162842
8043680,1.7999999523162842
8046096,1.7999999523162842
8046144,1.7999999523162842
8047184,1.7999999523162842
8047648,1.7999999523162842
8051632,1.7999999523162842
8053840,1.7999999523162842
8056624,1.7999999523162842
8059008,1.7999999523162842
8059264,1.7999999523162842
8066576,1.7999999523162842
8068320,1.7999999523162842
8068352,1.7999999523162842
8068880,1.7999999523162842
8071088,1.7999999523162842
8072000,1.7999999523162842
8072608,1.7999999523162842
8074064,1.7999999523162842
8074592,1.7999999523162842
8076832,1.7999999523162842
8077392,1.7999999523162842
8078128,1.7999999523162842
8079216,1.7999999523162842
8080768,1.7999999523162842
8081104,1.7999999523162842
8081232,1.7999999523162842
8084768,1.7999999523162842
8085520,1.7999999523162842
8085664,1.7999999523162842
8086512,1.7999999523162842
8087088,1.7999999523162842
8088720,1.7999999523162842
8088976,1.7999999523162842
8091232,1.7999999523162842
8091776,1.7999999523162842
8092624,1.7999999523162842
8093248,1.7999999523162842
8095008,1.7999999523162842
8095264,1.7999999523162842
8100960,1.7999999523162842
8102224,1.7999999523162842
8104704,1.7999999523162842
8104912,1.7999999523162842
8104960,1.7999999523162842
8105008,1.7999999523162842
8106832,1.7999999523162842
8109952,1.7999999523162842
8112368,1.7999999523162842
8112608,1.7999999523162842
8114000,1.7999999523162842
8116512,1.7999999523162842
8117440,1.7999999523162842
8119504,1.7999999523162842
8120720,1.7999999523162842
8121104,1.7999999523162842
8125248,1.7999999523162842
8128304,1.7999999523162842
8133344,1.7999999523162842
8133744,1.7999999523162842
8134736,1.7999999523162842
8135344,1.7999999523162842
8135584,1.7999999523162842
8135904,1.7999999523162842
8136912,1.7999999523162842
8136976,1.7999999523162842
8137568,1.7999999523162842
8137600,1.7999999523162842
8138848,1.7999999523162842
8140688,1.7999999523162842
8141312,1.7999999523162842
8141920,1.7999999523162842
8143664,1.7999999523162842
8146672,1.7999999523162842
8147232,1.7999999523162842
8148816,1.7999999523162842
8150224,1.7999999523162842
8154288,1.7999999523162842
8162784,1.7999999523162842
8164416,1.7999999523162842
8164464,1.7999999523162842
8165408,1.7999999523162842
8165776,1.7999999523162842
8166064,1.7999999523162842
8166384,1.7999999523162842
8166832,1.7999999523162842
8170208,1.7999999523162842
8170576,1.7999999523162842
8170816,1.7999999523162842
8170928,1.7999999523162842
8173040,1.7999999523162842
8175040,1.7999999523162842
8175488,1.7999999523162842
8178560,1.7999999523162842
8179200,1.7999999523162842
8179456,1.7999999523162842
8181184,1.7999999523162842
8182272,1.7999999523162842
8182672,1.7999999523162842
8182688,1.7999999523162842
8182736,1.7999999523162842
8182880,1.7999999523162842
8182944,1.7999999523162842
8184256,1.7999999523162842
8186304,1.7999999523162842
8186688,1.7999999523162842
8188560,1.7999999523162842
8190160,1.7999999523162842
8190304,1.7999999523162842
8190528,1.7999999523162842
8190592,1.7999999523162842
8192496,1.7999999523162842
8192752,1.7999999523162842
8194032,1.7999999523162842
8196080,1.7999999523162842
8196816,1.7999999523162842
8199760,1.7999999523162842
8200880,1.7999999523162842
8202160,1.7999999523162842
8202720,1.7999999523162842
8205408,1.7999999523162842
8208112,1.7999999523162842
8209392,1.7999999523162842
8213952,1.7999999523162842
8215664,1.7999999523162842
8218064,1.7999999523162842
8219648,1.7999999523162842
8221296,1.7999999523162842
8222896,1.7999999523162842
8223936,1.7999999523162842
8224576,1.7999999523162842
8226464,1.7999999523162842
8226768,1.7999999523162842
8226960,1.7999999523162842
8227360,1.7999999523162842
8227488,1.7999999523162842
8228368,1.7999999523162842
8228608,1.7999999523162842
8228960,1.7999999523162842
8229456,1.7999999523162842
8231024,1.7999999523162842
8231664,1.7999999523162842
8233264,1.7999999523162842
8233536,1.7999999523162842
8237632,1.7999999523162842
8238048,1.7999999523162842
8240768,1.7999999523162842
8240784,1.7999999523162842
8240960,1.7999999523162842
8244512,1.7999999523162842
8244656,1.7999999523162842
8244704,1.7999999523162842
8245504,1.7999999523162842
8247488,1.7999999523162842
8250320,1.7999999523162842
8252208,1.7999999523162842
8253376,1.7999999523162842
8259136,1.7999999523162842
8261280,1.7999999523162842
8262272,1.7999999523162842
8262720,1.7999999523162842
8264384,1.7999999523162842
8264992,1.7999999523162842
8266608,1.7999999523162842
8268720,1.7999999523162842
8268944,1.7999999523162842
8269488,1.7999999523162842
8271872,1.7999999523162842
8272576,1.7999999523162842
8275232,1.7999999523162842
8275280,1.7999999523162842
8275472,1.7999999523162842
8276016,1.7999999523162842
8276064,1.7999999523162842
8277168,1.7999999523162842
8277472,1.7999999523162842
8278096,1.7999999523162842
8279952,1.7999999523162842
8280032,1.7999999523162842
8282816,1.7999999523162842
8285008,1.7999999523162842
8285072,1.7999999523162842
8289568,1.7999999523162842
8293984,1.7999999523162842
8296672,1.7999999523162842
8299056,1.7999999523162842
8302400,1.7999999523162842
8308080,1.7999999523162842
8308592,1.7999999523162842
8311472,1.7999999523162842
8312288,1.7999999523162842
8312592,1.7999999523162842
8314128,1.7999999523162842
8314944,1.7999999523162842
8320096,1.7999999523162842
8322304,1.7999999523162842
8322448,1.7999999523162842
8325376,1.7999999523162842
8325456,1.7999999523162842
8326528,1.7999999523162842
8328224,1.7999999523162842
8328704,1.7999999523162842
8329024,1.7999999523162842
8329776,1.7999999523162842
8332464,1.7999999523162842
8333600,1.7999999523162842
8335456,1.7999999523162842
8335776,1.7999999523162842
8336672,1.7999999523162842
8339824,1.7999999523162842
8340880,1.7999999523162842
8341840,1.7999999523162842
8342368,1.7999999523162842
8345376,1.7999999523162842
8346480,1.7999999523162842
8348048,1.7999999523162842
8349088,1.7999999523162842
8350640,1.7999999523162842
8351024,1.7999999523162842
8352736,1.7999999523162842
8353360,1.7999999523162842
8355968,1.7999999523162842
8356352,1.7999999523162842
8359184,1.7999999523162842
8359520,1.7999999523162842
8360784,1.7999999523162842
8362112,1.7999999523162842
8362352,1.7999999523162842
8362960,1.7999999523162842
8363536,1.7999999523162842
8364960,1.7999999523162842
8365856,1.7999999523162842
8366336,1.7999999523162842
8370176,1.7999999523162842
8371760,1.7999999523162842
8372560,1.7999999523162842
8373376,1.7999999523162842
8375824,1.7999999523162842
8378112,1.7999999523162842
8379696,1.7999999523162842
8379792,1.7999999523162842
8380352,1.7999999523162842
8383056,1.7999999523162842
8383792,1.7999999523162842
8384896,1.7999999523162842
8387728,1.7999999523162842
8389088,1.7999999523162842
8389392,1.7999999523162842
8390448,1.7999999523162842
8391184,1.7999999523162842
8392864,1.7999999523162842
8392944,1.7999999523162842
8394112,1.7999999523162842
8394288,1.7999999523162842
8397584,1.7999999523162842
8400544,1.7999999523162842
8406960,1.7999999523162842
8407728,1.7999999523162842
8408640,1.7999999523162842
8409120,1.7999999523162842
8413552,1.7999999523162842
8414512,1.7999999523162842
8414720,1.7999999523162842
8416096,1.7999999523162842
8418320,1.7999999523162842
8418432,1.7999999523162842
8420064,1.7999999523162842
8420224,1.7999999523162842
8423488,1.7999999523162842
8423712,1.7999999523162842
8423968,1.7999999523162842
8427488,1.7999999523162842
8427712,1.7999999523162842
8428160,1.7999999523162842
8429504,1.7999999523162842
8432912,1.7999999523162842
8432928,1.7999999523162842
8434896,1.7999999523162842
8435712,1.7999999523162842
8441760,1.7999999523162842
8445008,1.7999999523162842
8446384,1.7999999523162842
8447536,1.7999999523162842
8449120,1.7999999523162842
8450192,1.7999999523162842
8451040,1.7999999523162842
8453008,1.7999999523162842
8462416,1.7999999523162842
8466256,1.7999999523162842
8467088,1.7999999523162842
8468448,1.7999999523162842
8468688,1.7999999523162842
8468752,1.7999999523162842
8472976,1.7999999523162842
8473472,1.7999999523162842
8477728,1.7999999523162842
8479600,1.7999999523162842
8480080,1.7999999523162842
8481120,1.7999999523162842
8489488,1.7999999523162842
8489520,1.7999999523162842
8491104,1.7999999523162842
8492496,1.7999999523162842
8493008,1.7999999523162842
8496688,1.7999999523162842
8497216,1.7999999523162842
8500368,1.7999999523162842
8503216,1.7999999523162842
8503760,1.7999999523162842
8504656,1.7999999523162842
8507408,1.7999999523162842
8508208,1.7999999523162842
8508672,1.7999999523162842
8508752,1.7999999523162842
8509968,1.7999999523162842
8511040,1.7999999523162842
8511184,1.7999999523162842
8511552,1.7999999523162842
8511744,1.7999999523162842
8513344,1.7999999523162842
8513648,1.7999999523162842
8513744,1.7999999523162842
8517088,1.7999999523162842
8517600,1.7999999523162842
8517632,1.7999999523162842
8518096,1.7999999523162842
8519392,1.7999999523162842
8519440,1.7999999523162842
8519616,1.7999999523162842
8520048,1.7999999523162842
8520944,1.7999999523162842
8522672,1.7999999523162842
8526464,1.7999999523162842
8530944,1.7999999523162842
8532288,1.7999999523162842
8532400,1.7999999523162842
8532560,1.7999999523162842
8532816,1.7999999523162842
8533392,1.7999999523162842
8536576,1.7999999523162842
8539760,1.7999999523162842
8540672,1.7999999523162842
8540752,1.7999999523162842
8542272,1.7999999523162842
8543584,1.7999999523162842
8543744,1.7999999523162842
8545776,1.7999999523162842
8547344,1.7999999523162842
8547696,1.7999999523162842
8549456,1.7999999523162842
8549552,1.7999999523162842
8550176,1.7999999523162842
8551200,1.7999999523162842
8553168,1.7999999523162842
8554800,1.7999999523162842
8555504,1.7999999523162842
8557136,1.7999999523162842
8558592,1.7999999523162842
8561600,1.7999999523162842
8567872,1.7999999523162842
8568528,1.7999999523162842
8569296,1.7999999523162842
8569392,1.7999999523162842
8571504,1.7999999523162842
8576400,1.7999999523162842
8577344,1.7999999523162842
8577968,1.7999999523162842
8578336,1.7999999523162842
8579392,1.7999999523162842
8580768,1.7999999523162842
8581024,1.7999999523162842
8581808,1.7999999523162842
8582704,1.7999999523162842
8584384,1.7999999523162842
8585184,1.7999999523162842
8587952,1.7999999523162842
8588128,1.7999999523162842
8588240,1.7999999523162842
8589408,1.7999999523162842
8590320,1.7999999523162842
8591008,1.7999999523162842
8591392,1.7999999523162842
8591552,1.7999999523162842
8593936,1.7999999523162842
8594416,1.7999999523162842
8594800,1.7999999523162842
8595920,1.7999999523162842
8596480,1.7999999523162842
8598864,1.7999999523162842
8601552,1.7999999523162842
8601888,1.7999999523162842
8601984,1.7999999523162842
8602048,1.7999999523162842
8603840,1.7999999523162842
8605776,1.7999999523162842
8609376,1.7999999523162842
8612576,1.7999999523162842
8613376,1.7999999523162842
8614800,1.7999999523162842
8616768,1.7999999523162842
8616976,1.7999999523162842
8617040,1.7999999523162842
8617376,1.7999999523162842
8618816,1.7999999523162842
8619520,1.7999999523162842
8621328,1.7999999523162842
8625600,1.7999999523162842
8631008,1.7999999523162842
8631168,1.7999999523162842
8632128,1.7999999523162842
8632640,1.7999999523162842
8633840,1.7999999523162842
8634560,1.7999999523162842
8634688,1.7999999523162842
8634928,1.7999999523162842
8636416,1.7999999523162842
8641760,1.7999999523162842
8642912,1.7999999523162842
8643472,1.7999999523162842
8645168,1.7999999523162842
8646896,1.7999999523162842
8650432,1.7999999523162842
8653744,1.7999999523162842
8655216,1.7999999523162842
8655520,1.7999999523162842
8656688,1.7999999523162842
8656864,1.7999999523162842
8657888,1.7999999523162842
8658832,1.7999999523162842
8659120,1.7999999523162842
8662144,1.7999999523162842
8663824,1.7999999523162842
8664000,1.7999999523162842
8665776,1.7999999523162842
8668944,1.7999999523162842
8670160,1.7999999523162842
8671040,1.7999999523162842
8671792,1.7999999523162842
8676928,1.7999999523162842
8678272,1.7999999523162842
8680432,1.7999999523162842
8683040,1.7999999523162842
8685200,1.7999999523162842
8685776,1.7999999523162842
8688960,1.7999999523162842
8692832,1.7999999523162842
8699664,1.7999999523162842
8699872,1.7999999523162842
8701200,1.7999999523162842
8702176,1.7999999523162842
8702608,1.7999999523162842
8703392,1.7999999523162842
8705168,1.7999999523162842
8707328,1.7999999523162842
8708144,1.7999999523162842
8711408,1.7999999523162842
8714544,1.7999999523162842
8718256,1.7999999523162842
8720352,1.7999999523162842
8721040,1.7999999523162842
8721808,1.7999999523162842
8725408,1.7999999523162842
8726496,1.7999999523162842
8727088,1.7999999523162842
8727616,1.7999999523162842
8729504,1.7999999523162842
8732688,1.7999999523162842
8732880,1.7999999523162842
8732928,1.7999999523162842
8733056,1.7999999523162842
8733408,1.7999999523162842
8733536,1.7999999523162842
8734960,1.7999999523162842
8736336,1.7999999523162842
8736608,1.7999999523162842
8739280,1.7999999523162842
8740160,1.7999999523162842
8740544,1.7999999523162842
8743616,1.7999999523162842
8744416,1.7999999523162842
8745520,1.7999999523162842
8745648,1.7999999523162842
8745680,1.7999999523162842
8747888,1.7999999523162842
8748976,1.7999999523162842
8749200,1.7999999523162842
8754576,1.7999999523162842
8757072,1.7999999523162842
8759456,1.7999999523162842
8761504,1.7999999523162842
8761536,1.7999999523162842
8762000,1.7999999523162842
8764352,1.7999999523162842
8764704,1.7999999523162842
8767104,1.7999999523162842
8767696,1.7999999523162842
8770672,1.7999999523162842
8773760,1.7999999523162842
8776896,1.7999999523162842
8776912,1.7999999523162842
8777264,1.7999999523162842
8780960,1.7999999523162842
8783040,1.7999999523162842
8783440,1.7999999523162842
8785056,1.7999999523162842
8789248,1.7999999523162842
8789600,1.7999999523162842
8790544,1.7999999523162842
8791008,1.7999999523162842
8796288,1.7999999523162842
8797424,1.7999999523162842
8799488,1.7999999523162842
8800096,1.7999999523162842
8804752,1.7999999523162842
8806032,1.7999999523162842
8806176,1.7999999523162842
8806432,1.7999999523162842
8807200,1.7999999523162842
8807488,1.7999999523162842
8810128,1.7999999523162842
8810368,1.7999999523162842
8810912,1.7999999523162842
8811840,1.7999999523162842
8820032,1.7999999523162842
8820272,1.7999999523162842
8820640,1.7999999523162842
8820816,1.7999999523162842
8823136,1.7999999523162842
8823888,1.7999999523162842
8824592,1.7999999523162842
8829104,1.7999999523162842
8829472,1.7999999523162842
8834528,1.7999999523162842
8835984,1.7999999523162842
8839248,1.7999999523162842
8839568,1.7999999523162842
8844256,1.7999999523162842
8844432,1.7999999523162842
8848880,1.7999999523162842
8849456,1.7999999523162842
8849952,1.7999999523162842
8850896,1.7999999523162842
8851792,1.7999999523162842
8852832,1.7999999523162842
8853632,1.7999999523162842
8854864,1.7999999523162842
8856464,1.7999999523162842
8857248,1.7999999523162842
8858480,1.7999999523162842
8861696,1.7999999523162842
8861712,1.7999999523162842
8863984,1.7999999523162842
8864336,1.7999999523162842
8867568,1.7999999523162842
8869216,1.7999999523162842
8871808,1.7999999523162842
8872208,1.7999999523162842
8876720,1.7999999523162842
8878672,1.7999999523162842
8883904,1.7999999523162842
8884032,1.7999999523162842
8885184,1.7999999523162842
8885472,1.7999999523162842
8886960,1.7999999523162842
8889056,1.7999999523162842
8890016,1.7999999523162842
8892224,1.7999999523162842
8893408,1.7999999523162842
8895616,1.7999999523162842
8896784,1.7999999523162842
8899360,1.7999999523162842
8902416,1.7999999523162842
8906608,1.7999999523162842
8907424,1.7999999523162842
8910528,1.7999999523162842
8911920,1.7999999523162842
8913088,1.7999999523162842
8913136,1.7999999523162842
8913536,1.7999999523162842
8914640,1.7999999523162842
8916688,1.7999999523162842
8917504,1.7999999523162842
8917728,1.7999999523162842
8917872,1.7999999523162842
8920608,1.7999999523162842
8920944,1.7999999523162842
8924112,1.7999999523162842
8925552,1.7999999523162842
8926368,1.7999999523162842
8927584,1.7999999523162842
8928416,1.7999999523162842
8932624,1.7999999523162842
8933328,1.7999999523162842
8933488,1.7999999523162842
8933552,1.7999999523162842
8935008,1.7999999523162842
8937488,1.7999999523162842
8939456,1.7999999523162842
8942640,1.7999999523162842
8942768,1.7999999523162842
8943440,1.7999999523162842
8948656,1.7999999523162842
8948864,1.7999999523162842
8949008,1.7999999523162842
8950784,1.7999999523162842
8950880,1.7999999523162842
8950960,1.7999999523162842
8954720,1.7999999523162842
8955200,1.7999999523162842
8956272,1.7999999523162842
8957376,1.7999999523162842
8958432,1.7999999523162842
8959136,1.7999999523162842
8960224,1.7999999523162842
8962816,1.7999999523162842
8965328,1.7999999523162842
8965344,1.7999999523162842
8965600,1.7999999523162842
8966048,1.7999999523162842
8967936,1.7999999523162842
8968224,1.7999999523162842
8970656,1.7999999523162842
8970768,1.7999999523162842
8971840,1.7999999523162842
8974048,1.7999999523162842
8979072,1.7999999523162842
8979760,1.7999999523162842
8981200,1.7999999523162842
8981424,1.7999999523162842
8981904,1.7999999523162842
8982928,1.7999999523162842
8982944,1.7999999523162842
8983456,1.7999999523162842
8983776,1.7999999523162842
8983856,1.7999999523162842
8987216,1.7999999523162842
8987984,1.7999999523162842
8990032,1.7999999523162842
8990320,1.7999999523162842
8996464,1.7999999523162842
9001600,1.7999999523162842
9007408,1.7999999523162842
9009456,1.7999999523162842
9011040,1.7999999523162842
9011712,1.7999999523162842
9013296,1.7999999523162842
9016768,1.7999999523162842
9017904,1.7999999523162842
9018160,1.7999999523162842
9019696,1.7999999523162842
9022480,1.7999999523162842
9023136,1.7999999523162842
9025712,1.7999999523162842
9028080,1.7999999523162842
9033328,1.7999999523162842
9034320,1.7999999523162842
9036208,1.7999999523162842
9037232,1.7999999523162842
9039376,1.7999999523162842
9045408,1.7999999523162842
9045600,1.7999999523162842
9045760,1.7999999523162842
9046112,1.7999999523162842
9046464,1.7999999523162842
9046800,1.7999999523162842
9047856,1.7999999523162842
9048576,1.7999999523162842
9048880,1.7999999523162842
9048896,1.7999999523162842
9050144,1.7999999523162842
9052064,1.7999999523162842
9054144,1.7999999523162842
9054912,1.7999999523162842
9055024,1.7999999523162842
9056000,1.7999999523162842
9056752,1.7999999523162842
9056976,1.7999999523162842
9057008,1.7999999523162842
9058704,1.7999999523162842
9062032,1.7999999523162842
9064048,1.7999999523162842
9064384,1.7999999523162842
9064624,1.7999999523162842
9064880,1.7999999523162842
9065168,1.7999999523162842
9065520,1.7999999523162842
9067808,1.7999999523162842
9068640,1.7999999523162842
9071648,1.7999999523162842
9071920,1.7999999523162842
9072544,1.7999999523162842
9073200,1.7999999523162842
9074096,1.7999999523162842
9074752,1.7999999523162842
9074976,1.7999999523162842
9077552,1.7999999523162842
9078992,1.7999999523162842
9079712,1.7999999523162842
9081712,1.7999999523162842
9085488,1.7999999523162842
9086592,1.7999999523162842
9087744,1.7999999523162842
9091040,1.7999999523162842
9091232,1.7999999523162842
9091408,1.7999999523162842
9092640,1.7999999523162842
9092976,1.7999999523162842
9097808,1.7999999523162842
9101104,1.7999999523162842
9101712,1.7999999523162842
9104160,1.7999999523162842
9107328,1.7999999523162842
9110400,1.7999999523162842
9111104,1.7999999523162842
9111280,1.7999999523162842
9112176,1.7999999523162842
9112960,1.7999999523162842
9113936,1.7999999523162842
9116640,1.7999999523162842
9117904,1.7999999523162842
9118000,1.7999999523162842
9120048,1.7999999523162842
9120816,1.7999999523162842
9122592,1.7999999523162842
9123072,1.7999999523162842
9124592,1.7999999523162842
9124800,1.7999999523162842
9125168,1.7999999523162842
9127952,1.7999999523162842
9128336,1.7999999523162842
9129728,1.7999999523162842
9130496,1.7999999523162842
9131072,1.7999999523162842
9131088,1.7999999523162842
9132304,1.7999999523162842
9132768,1.7999999523162842
9133616,1.7999999523162842
9133856,1.7999999523162842
9136144,1.7999999523162842
9137136,1.7999999523162842
9137696,1.7999999523162842
9138384,1.7999999523162842
9139168,1.7999999523162842
9142704,1.7999999523162842
9143712,1.7999999523162842
9145136,1.7999999523162842
9146000,1.7999999523162842
9146512,1.7999999523162842
9148528,1.7999999523162842
9149056,1.7999999523162842
9149088,1.7999999523162842
9151392,1.7999999523162842
9152208,1.7999999523162842
9152608,1.7999999523162842
9153520,1.7999999523162842
9153968,1.7999999523162842
9156528,1.7999999523162842
9156752,1.7999999523162842
9157488,1.7999999523162842
9159232,1.7999999523162842
9159392,1.7999999523162842
9160560,1.7999999523162842
9162656,1.7999999523162842
9164256,1.7999999523162842
9164672,1.7999999523162842
9170576,1.7999999523162842
9174432,1.7999999523162842
9176128,1.7999999523162842
9176256,1.7999999523162842
9176400,1.7999999523162842
9179776,1.7999999523162842
9180304,1.7999999523162842
9183008,1.7999999523162842
9187968,1.7999999523162842
9188256,1.7999999523162842
9191920,1.7999999523162842
9192464,1.7999999523162842
9193424,1.7999999523162842
9194688,1.7999999523162842
9195904,1.7999999523162842
9196288,1.7999999523162842
9197904,1.7999999523162842
9198816,1.7999999523162842
9199920,1.7999999523162842
9201184,1.7999999523162842
9202528,1.7999999523162842
9202736,1.7999999523162842
9203072,1.7999999523162842
9203440,1.7999999523162842
9203888,1.7999999523162842
9204160,1.7999999523162842
9205840,1.7999999523162842
9206352,1.7999999523162842
9206432,1.7999999523162842
9206704,1.7999999523162842
9206816,1.7999999523162842
9212352,1.7999999523162842
9212768,1.7999999523162842
9213872,1.7999999523162842
9214032,1.7999999523162842
9214288,1.7999999523162842
9216176,1.7999999523162842
9216864,1.7999999523162842
9218512,1.7999999523162842
9222896,1.7999999523162842
9223024,1.7999999523162842
9224112,1.7999999523162842
9228000,1.7999999523162842
9228976,1.7999999523162842
9229728,1.7999999523162842
9230096,1.7999999523162842
9232160,1.7999999523162842
9233456,1.7999999523162842
9235088,1.7999999523162842
9238640,1.7999999523162842
9241296,1.7999999523162842
9241504,1.7999999523162842
9248704,1.7999999523162842
9250192,1.7999999523162842
9250912,1.7999999523162842
9250960,1.7999999523162842
9251200,1.7999999523162842
9252464,1.7999999523162842
9252752,1.7999999523162842
9252800,1.7999999523162842
9254656,1.7999999523162842
9255936,1.7999999523162842
9258464,1.7999999523162842
9258560,1.7999999523162842
9260352,1.7999999523162842
9260448,1.7999999523162842
9260496,1.7999999523162842
9262608,1.7999999523162842
9264272,1.7999999523162842
9264912,1.7999999523162842
9265152,1.7999999523162842
9266544,1.7999999523162842
9269120,1.7999999523162842
9271424,1.7999999523162842
9272656,1.7999999523162842
9279392,1.7999999523162842
9279504,1.7999999523162842
9282000,1.7999999523162842
9282656,1.7999999523162842
9283888,1.7999999523162842
9284592,1.7999999523162842
9284608,1.7999999523162842
9286256,1.7999999523162842
9286496,1.7999999523162842
9289376,1.7999999523162842
9289536,1.7999999523162842
9290864,1.7999999523162842
9291504,1.7999999523162842
9294160,1.7999999523162842
9295296,1.7999999523162842
9295920,1.7999999523162842
9296112,1.7999999523162842
9297248,1.7999999523162842
9297328,1.7999999523162842
9298112,1.7999999523162842
9299728,1.7999999523162842
9299920,1.7999999523162842
9301408,1.7999999523162842
9302304,1.7999999523162842
9302336,1.7999999523162842
9305216,1.7999999523162842
9310416,1.7999999523162842
9310592,1.7999999523162842
9311552,1.7999999523162842
9313920,1.7999999523162842
9314192,1.7999999523162842
9314816,1.7999999523162842
9314992,1.7999999523162842
9315184,1.7999999523162842
9315552,1.7999999523162842
9316592,1.7999999523162842
9319584,1.7999999523162842
9320064,1.7999999523162842
9320432,1.7999999523162842
9322560,1.7999999523162842
9323584,1.7999999523162842
9324320,1.7999999523162842
9324976,1.7999999523162842
9330144,1.7999999523162842
9331904,1.7999999523162842
9338240,1.7999999523162842
9338560,1.7999999523162842
9340256,1.7999999523162842
9341504,1.7999999523162842
9348576,1.7999999523162842
9350160,1.7999999523162842
9350368,1.7999999523162842
9354416,1.7999999523162842
9354432,1.7999999523162842
9357504,1.7999999523162842
9358448,1.7999999523162842
9360352,1.7999999523162842
9361632,1.7999999523162842
9362672,1.7999999523162842
9362800,1.7999999523162842
9362912,1.7999999523162842
9363840,1.7999999523162842
9363856,1.7999999523162842
9364432,1.7999999523162842
9365648,1.7999999523162842
9368368,1.7999999523162842
9374912,1.7999999523162842
9376112,1.7999999523162842
9376224,1.7999999523162842
9377776,1.7999999523162842
9378112,1.7999999523162842
9380192,1.7999999523162842
9383360,1.7999999523162842
9383456,1.7999999523162842
9383792,1.7999999523162842
9389008,1.7999999523162842
9389584,1.7999999523162842
9391344,1.7999999523162842
9394320,1.7999999523162842
9394992,1.7999999523162842
9395472,1.7999999523162842
9395584,1.7999999523162842
9396688,1.7999999523162842
9397680,1.7999999523162842
9398592,1.7999999523162842
9401568,1.7999999523162842
9403360,1.7999999523162842
9404320,1.7999999523162842
9406880,1.7999999523162842
9409616,1.7999999523162842
9413264,1.7999999523162842
9413712,1.7999999523162842
9416832,1.7999999523162842
9418512,1.7999999523162842
9419024,1.7999999523162842
9419856,1.7999999523162842
9420000,1.7999999523162842
9423568,1.7999999523162842
9423968,1.7999999523162842
9425648,1.7999999523162842
9428240,1.7999999523162842
9428896,1.7999999523162842
9429680,1.7999999523162842
9430912,1.7999999523162842
9431872,1.7999999523162842
9432048,1.7999999523162842
9434272,1.7999999523162842
9435024,1.7999999523162842
9435344,1.7999999523162842
9436080,1.7999999523162842
9437504,1.7999999523162842
9441920,1.7999999523162842
9442896,1.7999999523162842
9444592,1.7999999523162842
9445120,1.7999999523162842
9446544,1.7999999523162842
9446752,1.7999999523162842
9448896,1.7999999523162842
9449120,1.7999999523162842
9456656,1.7999999523162842
9462352,1.7999999523162842
9463040,1.7999999523162842
9463168,1.7999999523162842
9464880,1.7999999523162842
9468432,1.7999999523162842
9469840,1.7999999523162842
9470736,1.7999999523162842
9470928,1.7999999523162842
9472016,1.7999999523162842
9472976,1.7999999523162842
9473488,1.7999999523162842
9474448,1.7999999523162842
9476768,1.7999999523162842
9477344,1.7999999523162842
9481296,1.7999999523162842
9481952,1.7999999523162842
9482544,1.7999999523162842
9483920,1.7999999523162842
9486544,1.7999999523162842
9488464,1.7999999523162842
9489088,1.7999999523162842
9491680,1.7999999523162842
9494496,1.7999999523162842
9495456,1.7999999523162842
9496768,1.7999999523162842
9498384,1.7999999523162842
9498624,1.7999999523162842
9498848,1.7999999523162842
9501984,1.7999999523162842
9503328,1.7999999523162842
9504240,1.7999999523162842
9505600,1.7999999523162842
9505888,1.7999999523162842
9507952,1.7999999523162842
9508192,1.7999999523162842
9511744,1.7999999523162842
9512640,1.7999999523162842
9514768,1.7999999523162842
9517584,1.7999999523162842
9518128,1.7999999523162842
9518352,1.7999999523162842
9518528,1.7999999523162842
9521472,1.7999999523162842
9522720,1.7999999523162842
9523840,1.7999999523162842
9524208,1.7999999523162842
9526304,1.7999999523162842
9531264,1.7999999523162842
9532496,1.7999999523162842
9532624,1.7999999523162842
9536608,1.7999999523162842
9537184,1.7999999523162842
9537408,1.7999999523162842
9539168,1.7999999523162842
9540944,1.7999999523162842
9547168,1.7999999523162842
9547328,1.7999999523162842
9547904,1.7999999523162842
9549120,1.7999999523162842
9550592,1.7999999523162842
9551408,1.7999999523162842
9551920,1.7999999523162842
9552240,1.7999999523162842
9552304,1.7999999523162842
9555632,1.7999999523162842
9556048,1.7999999523162842
9558624,1.7999999523162842
9559712,1.7999999523162842
9560144,1.7999999523162842
9563104,1.7999999523162842
9566160,1.7999999523162842
9566672,1.7999999523162842
9568192,1.7999999523162842
9568400,1.7999999523162842
9568576,1.7999999523162842
9572480,1.7999999523162842
9572928,1.7999999523162842
9573776,1.7999999523162842
9574496,1.7999999523162842
9580192,1.7999999523162842
9581504,1.7999999523162842
9584624,1.7999999523162842
9585184,1.7999999523162842
9589392,1.7999999523162842
9595104,1.7999999523162842
9598128,1.7999999523162842
9600192,1.7999999523162842
9604240,1.7999999523162842
9608112,1.7999999523162842
9608496,1.7999999523162842
9610112,1.7999999523162842
9611488,1.7999999523162842
9614064,1.7999999523162842
9614240,1.7999999523162842
9614432,1.7999999523162842
9615648,1.7999999523162842
9619712,1.7999999523162842
9624192,1.7999999523162842
9625024,1.7999999523162842
9626960,1.7999999523162842
9631664,1.7999999523162842
9632928,1.7999999523162842
9636576,1.7999999523162842
9639728,1.7999999523162842
9640320,1.7999999523162842
9640448,1.7999999523162842
9642432,1.7999999523162842
9647968,1.7999999523162842
9648544,1.7999999523162842
9648800,1.7999999523162842
9650912,1.7999999523162842
9652016,1.7999999523162842
9652416,1.7999999523162842
9652896,1.7999999523162842
9653088,1.7999999523162842
9653520,1.7999999523162842
9656720,1.7999999523162842
9656784,1.7999999523162842
9657104,1.7999999523162842
9657136,1.7999999523162842
9658880,1.7999999523162842
9659248,1.7999999523162842
9661888,1.7999999523162842
9662064,1.7999999523162842
9663072,1.7999999523162842
9664976,1.7999999523162842
9668368,1.7999999523162842
9671712,1.7999999523162842
9676976,1.7999999523162842
9677184,1.7999999523162842
9680672,1.7999999523162842
9681952,1.7999999523162842
9683664,1.7999999523162842
9685696,1.7999999523162842
9691856,1.7999999523162842
9692000,1.7999999523162842
9692256,1.7999999523162842
9692464,1.7999999523162842
9692656,1.7999999523162842
9693120,1.7999999523162842
9693840,1.7999999523162842
9696592,1.7999999523162842
9697392,1.7999999523162842
9697632,1.7999999523162842
9698640,1.7999999523162842
9700192,1.7999999523162842
9702176,1.7999999523162842
9706160,1.7999999523162842
9706976,1.7999999523162842
9710592,1.7999999523162842
9711424,1.7999999523162842
9713504,1.7999999523162842
9713776,1.7999999523162842
9716688,1.7999999523162842
9719696,1.7999999523162842
9720000,1.7999999523162842
9721568,1.7999999523162842
9721888,1.7999999523162842
9726544,1.7999999523162842
9728048,1.7999999523162842
9728736,1.7999999523162842
9730384,1.7999999523162842
9730624,1.7999999523162842
9731312,1.7999999523162842
9734256,1.7999999523162842
9736688,1.7999999523162842
9737664,1.7999999523162842
9737824,1.7999999523162842
9740576,1.7999999523162842
9742192,1.7999999523162842
9744432,1.7999999523162842
9745648,1.7999999523162842
9746496,1.7999999523162842
9747568,1.7999999523162842
9747840,1.7999999523162842
9749856,1.7999999523162842
9751888,1.7999999523162842
9753088,1.7999999523162842
9754432,1.7999999523162842
9755744,1.7999999523162842
9757152,1.7999999523162842
9757488,1.7999999523162842
9758048,1.7999999523162842
9761792,1.7999999523162842
9762688,1.7999999523162842
9763552,1.7999999523162842
9764960,1.7999999523162842
9767456,1.7999999523162842
9767712,1.7999999523162842
9768128,1.7999999523162842
9772096,1.7999999523162842
9776016,1.7999999523162842
9776784,1.7999999523162842
9776800,1.7999999523162842
9780640,1.7999999523162842
9780672,1.7999999523162842
9782080,1.7999999523162842
9783040,1.7999999523162842
9785840,1.7999999523162842
9786448,1.7999999523162842
9787488,1.7999999523162842
9788544,1.7999999523162842
9789312,1.7999999523162842
9790240,1.7999999523162842
9790816,1.7999999523162842
9791136,1.7999999523162842
9793552,1.7999999523162842
9794208,1.7999999523162842
9794624,1.7999999523162842
9796896,1.7999999523162842
9797872,1.7999999523162842
9799952,1.7999999523162842
9802608,1.7999999523162842
9803024,1.7999999523162842
9806080,1.7999999523162842
9806848,1.7999999523162842
9806928,1.7999999523162842
9817728,1.7999999523162842
9818976,1.7999999523162842
9821040,1.7999999523162842
9826416,1.7999999523162842
9826432,1.7999999523162842
9826608,1.7999999523162842
9829616,1.7999999523162842
9830144,1.7999999523162842
9833920,1.7999999523162842
9834160,1.7999999523162842
9835136,1.7999999523162842
9836480,1.7999999523162842
9839984,1.7999999523162842
9851456,1.7999999523162842
9851776,1.7999999523162842
9855088,1.7999999523162842
9855760,1.7999999523162842
9859408,1.7999999523162842
9861072,1.7999999523162842
9862768,1.7999999523162842
9862896,1.7999999523162842
9863264,1.7999999523162842
9863456,1.7999999523162842
9864080,1.7999999523162842
9868960,1.7999999523162842
9869792,1.7999999523162842
9869824,1.7999999523162842
9870384,1.7999999523162842
9870608,1.7999999523162842
9870960,1.7999999523162842
9873504,1.7999999523162842
9881632,1.7999999523162842
9882176,1.7999999523162842
9883408,1.7999999523162842
9883616,1.7999999523162842
9884304,1.7999999523162842
9884752,1.7999999523162842
9887456,1.7999999523162842
9890112,1.7999999523162842
9892416,1.7999999523162842
9893072,1.7999999523162842
9893888,1.7999999523162842
9894592,1.7999999523162842
9897232,1.7999999523162842
9897328,1.7999999523162842
9897504,1.7999999523162842
9898496,1.7999999523162842
9899248,1.7999999523162842
9899856,1.7999999523162842
9902128,1.7999999523162842
9907248,1.7999999523162842
9916208,1.7999999523162842
9919664,1.7999999523162842
9919904,1.7999999523162842
9919968,1.7999999523162842
9920928,1.7999999523162842
9922512,1.7999999523162842
9923392,1.7999999523162842
9924080,1.7999999523162842
9927200,1.7999999523162842
9927552,1.7999999523162842
9928880,1.7999999523162842
9930560,1.7999999523162842
9930608,1.7999999523162842
9931072,1.7999999523162842
9931664,1.7999999523162842
9936752,1.7999999523162842
9939328,1.7999999523162842
9939984,1.7999999523162842
9942064,1.7999999523162842
9943104,1.7999999523162842
9943968,1.7999999523162842
9945424,1.7999999523162842
9945936,1.7999999523162842
9947760,1.7999999523162842
9949232,1.7999999523162842
9949872,1.7999999523162842
9950048,1.7999999523162842
9952720,1.7999999523162842
9952752,1.7999999523162842
9954608,1.7999999523162842
9959904,1.7999999523162842
9962400,1.7999999523162842
9964624,1.7999999523162842
9965872,1.7999999523162842
9967872,1.7999999523162842
9971184,1.7999999523162842
9976368,1.7999999523162842
9977632,1.7999999523162842
9980560,1.7999999523162842
9986192,1.7999999523162842
9986352,1.7999999523162842
9987136,1.7999999523162842
9992096,1.7999999523162842
9994400,1.7999999523162842
9994608,1.7999999523162842
9999072,1.7999999523162842
9999232,1.7999999523162842
10001488,1.7999999523162842
10001664,1.7999999523162842
10003680,1.7999999523162842
10003872,1.7999999523162842
10005216,1.7999999523162842
10007856,1.7999999523162842
10009600,1.7999999523162842
10009824,1.7999999523162842
10010128,1.7999999523162842
10010736,1.7999999523162842
10010992,1.7999999523162842
10011888,1.7999999523162842
10016352,1.7999999523162842
10017280,1.7999999523162842
10018320,1.7999999523162842
10018736,1.7999999523162842
10018848,1.7999999523162842
10018896,1.7999999523162842
10021776,1.7999999523162842
10026240,1.7999999523162842
10029392,1.7999999523162842
10032064,1.7999999523162842
10032368,1.7999999523162842
10035536,1.7999999523162842
10035552,1.7999999523162842
10037168,1.7999999523162842
10038320,1.7999999523162842
10038624,1.7999999523162842
10045552,1.7999999523162842
10046000,1.7999999523162842
10047232,1.7999999523162842
10047568,1.7999999523162842
10049296,1.7999999523162842
10049920,1.7999999523162842
10050880,1.7999999523162842
10051904,1.7999999523162842
10052016,1.7999999523162842
10053392,1.7999999523162842
10054192,1.7999999523162842
10056752,1.7999999523162842
10057488,1.7999999523162842
10060688,1.7999999523162842
10061792,1.7999999523162842
10061872,1.7999999523162842
10064688,1.7999999523162842
10067072,1.7999999523162842
10067664,1.7999999523162842
10069008,1.7999999523162842
10070144,1.7999999523162842
10070944,1.7999999523162842
10071024,1.7999999523162842
10073520,1.7999999523162842
10076000,1.7999999523162842
10078080,1.7999999523162842
10078512,1.7999999523162842
10078784,1.7999999523162842
10079712,1.7999999523162842
10082688,1.7999999523162842
10084064,1.7999999523162842
10086752,1.7999999523162842
10087888,1.7999999523162842
10088928,1.7999999523162842
10090992,1.7999999523162842
10092080,1.7999999523162842
10098560,1.7999999523162842
10099408,1.7999999523162842
10101296,1.7999999523162842
10101888,1.7999999523162842
10102992,1.7999999523162842
10104896,1.7999999523162842
10105968,1.7999999523162842
10106480,1.7999999523162842
10107312,1.7999999523162842
10107360,1.7999999523162842
10108208,1.7999999523162842
10108528,1.7999999523162842
10109456,1.7999999523162842
10110544,1.7999999523162842
10112272,1.7999999523162842
10113696,1.7999999523162842
10115984,1.7999999523162842
10118112,1.7999999523162842
10118176,1.7999999523162842
10119408,1.7999999523162842
10119888,1.7999999523162842
10121408,1.7999999523162842
10123920,1.7999999523162842
10127120,1.7999999523162842
10130016,1.7999999523162842
10130288,1.7999999523162842
10130720,1.7999999523162842
10131264,1.7999999523162842
10131776,1.7999999523162842
10135312,1.7999999523162842
10136528,1.7999999523162842
10136832,1.7999999523162842
10139248,1.7999999523162842
10140320,1.7999999523162842
10140400,1.7999999523162842
10141568,1.7999999523162842
10141728,1.7999999523162842
10142144,1.7999999523162842
10143040,1.7999999523162842
10143072,1.7999999523162842
10144048,1.7999999523162842
10144784,1.7999999523162842
10144848,1.7999999523162842
10145696,1.7999999523162842
10146848,1.7999999523162842
10149248,1.7999999523162842
10151056,1.7999999523162842
10152016,1.7999999523162842
10155968,1.7999999523162842
10156960,1.7999999523162842
10159296,1.7999999523162842
10161440,1.7999999523162842
10162288,1.7999999523162842
10163552,1.7999999523162842
10166816,1.7999999523162842
10167696,1.7999999523162842
10168016,1.7999999523162842
10168864,1.7999999523162842
10170784,1.7999999523162842
10173696,1.7999999523162842
10174736,1.7999999523162842
10177136,1.7999999523162842
10179360,1.7999999523162842
10179856,1.7999999523162842
10180976,1.7999999523162842
10182528,1.7999999523162842
10182896,1.7999999523162842
10185360,1.7999999523162842
10186336,1.7999999523162842
10187616,1.7999999523162842
10190224,1.7999999523162842
10190400,1.7999999523162842
10191584,1.7999999523162842
10191872,1.7999999523162842
10196208,1.7999999523162842
10197536,1.7999999523162842
10200800,1.7999999523162842
10201280,1.7999999523162842
10202992,1.7999999523162842
10203744,1.7999999523162842
10205792,1.7999999523162842
10207264,1.7999999523162842
10207328,1.7999999523162842
10207472,1.7999999523162842
10207648,1.7999999523162842
10208448,1.7999999523162842
10208736,1.7999999523162842
10209840,1.7999999523162842
10210272,1.7999999523162842
10212880,1.7999999523162842
10213184,1.7999999523162842
10213280,1.7999999523162842
10215504,1.7999999523162842
10216256,1.7999999523162842
10218352,1.7999999523162842
10220832,1.7999999523162842
10221552,1.7999999523162842
10222352,1.7999999523162842
10222624,1.7999999523162842
10224384,1.7999999523162842
10224512,1.7999999523162842
10225632,1.7999999523162842
10228144,1.7999999523162842
10229376,1.7999999523162842
10230448,1.7999999523162842
10230624,1.7999999523162842
10231600,1.7999999523162842
10231888,1.7999999523162842
10233312,1.7999999523162842
10233424,1.7999999523162842
10233776,1.7999999523162842
10233936,1.7999999523162842
10235360,1.7999999523162842
10243920,1.7999999523162842
10248896,1.7999999523162842
10252544,1.7999999523162842
10252832,1.7999999523162842
10253328,1.7999999523162842
10254096,1.7999999523162842
10255952,1.7999999523162842
10258688,1.7999999523162842
10259184,1.7999999523162842
10259312,1.7999999523162842
10260112,1.7999999523162842
10260576,1.7999999523162842
10263280,1.7999999523162842
10264720,1.7999999523162842
10266944,1.7999999523162842
10267296,1.7999999523162842
10269472,1.7999999523162842
10271072,1.7999999523162842
10272240,1.7999999523162842
10273952,1.7999999523162842
10277344,1.7999999523162842
10279584,1.7999999523162842
10280832,1.7999999523162842
10281248,1.7999999523162842
10281488,1.7999999523162842
10282112,1.7999999523162842
10283248,1.7999999523162842
10283808,1.7999999523162842
10284000,1.7999999523162842
10284528,1.7999999523162842
10284960,1.7999999523162842
10288272,1.7999999523162842
10291632,1.7999999523162842
10296080,1.7999999523162842
10298032,1.7999999523162842
10301248,1.7999999523162842
10303648,1.7999999523162842
10309200,1.7999999523162842
10309664,1.7999999523162842
10311696,1.7999999523162842
10313232,1.7999999523162842
10314512,1.7999999523162842
10320592,1.7999999523162842
10321328,1.7999999523162842
10321824,1.7999999523162842
10322864,1.7999999523162842
10323168,1.7999999523162842
10324912,1.7999999523162842
10328784,1.7999999523162842
10331536,1.7999999523162842
10332464,1.7999999523162842
10334896,1.7999999523162842
10336400,1.7999999523162842
10336576,1.7999999523162842
10337472,1.7999999523162842
10339840,1.7999999523162842
10340832,1.7999999523162842
10342288,1.7999999523162842
10345152,1.7999999523162842
10347872,1.7999999523162842
10349392,1.7999999523162842
10349984,1.7999999523162842
10350272,1.7999999523162842
10350352,1.7999999523162842
10350800,1.7999999523162842
10351344,1.7999999523162842
10352144,1.7999999523162842
10353888,1.7999999523162842
10354384,1.7999999523162842
10354496,1.7999999523162842
10354848,1.7999999523162842
10359136,1.7999999523162842
10362816,1.7999999523162842
10364368,1.7999999523162842
10365312,1.7999999523162842
10366208,1.7999999523162842
10368256,1.7999999523162842
10369488,1.7999999523162842
10369792,1.7999999523162842
10370384,1.7999999523162842
10371536,1.7999999523162842
10371568,1.7999999523162842
10371872,1.7999999523162842
10375984,1.7999999523162842
10376624,1.7999999523162842
10380320,1.7999999523162842
10385296,1.7999999523162842
10385408,1.7999999523162842
10385552,1.7999999523162842
10386144,1.7999999523162842
10386224,1.7999999523162842
10387296,1.7999999523162842
10391392,1.7999999523162842
10394320,1.7999999523162842
10396496,1.7999999523162842
10397536,1.7999999523162842
10398992,1.7999999523162842
10399744,1.7999999523162842
10399792,1.7999999523162842
10399984,1.7999999523162842
10400336,1.7999999523162842
10401920,1.7999999523162842
10403312,1.7999999523162842
10403824,1.7999999523162842
10403856,1.7999999523162842
10405104,1.7999999523162842
10408288,1.7999999523162842
10410128,1.7999999523162842
10411872,1.7999999523162842
10413904,1.7999999523162842
10414736,1.7999999523162842
10415776,1.7999999523162842
10416048,1.7999999523162842
10417632,1.7999999523162842
10417936,1.7999999523162842
10418288,1.7999999523162842
10420960,1.7999999523162842
10421584,1.7999999523162842
10422496,1.7999999523162842
10422912,1.7999999523162842
10424384,1.7999999523162842
10425776,1.7999999523162842
10426272,1.7999999523162842
10433744,1.7999999523162842
10439072,1.7999999523162842
10442272,1.7999999523162842
10443936,1.7999999523162842
10446224,1.7999999523162842
10449488,1.7999999523162842
10451056,1.7999999523162842
10452528,1.7999999523162842
10453408,1.7999999523162842
10453632,1.7999999523162842
10454384,1.7999999523162842
10457568,1.7999999523162842
10457600,1.7999999523162842
10461456,1.7999999523162842
10463072,1.7999999523162842
10464928,1.7999999523162842
10464960,1.7999999523162842
10465184,1.7999999523162842
10465600,1.7999999523162842
10467424,1.7999999523162842
10468592,1.7999999523162842
10468752,1.7999999523162842
10468928,1.7999999523162842
10469760,1.7999999523162842
10470000,1.7999999523162842
10471984,1.7999999523162842
10473440,1.7999999523162842
10474272,1.7999999523162842
10474752,1.7999999523162842
10475472,1.7999999523162842
10477600,1.7999999523162842
10478944,1.7999999523162842
10481280,1.7999999523162842
10481424,1.7999999523162842
10482880,1.7999999523162842
10483664,1.7999999523162842
10486704,1.7999999523162842
10487632,1.7999999523162842
10487680,1.7999999523162842
10489664,1.7999999523162842
10490352,1.7999999523162842
10490528,1.7999999523162842
10491056,1.7999999523162842
10493728,1.7999999523162842
10496464,1.7999999523162842
10496768,1.7999999523162842
10505072,1.7999999523162842
10508192,1.7999999523162842
10510288,1.7999999523162842
10511024,1.7999999523162842
10511520,1.7999999523162842
10514432,1.7999999523162842
10514672,1.7999999523162842
10517360,1.7999999523162842
10518624,1.7999999523162842
10520864,1.7999999523162842
10520944,1.7999999523162842
10528000,1.7999999523162842
10529344,1.7999999523162842
10531296,1.7999999523162842
10532976,1.7999999523162842
10534560,1.7999999523162842
10535264,1.7999999523162842
10535488,1.7999999523162842
10536480,1.7999999523162842
10538128,1.7999999523162842
10538912,1.7999999523162842
10539536,1.7999999523162842
10539952,1.7999999523162842
10542336,1.7999999523162842
10542704,1.7999999523162842
10547504,1.7999999523162842
10547872,1.7999999523162842
10549216,1.7999999523162842
10550320,1.7999999523162842
10551488,1.7999999523162842
10552656,1.7999999523162842
10554384,1.7999999523162842
10554512,1.7999999523162842
10554720,1.7999999523162842
10555248,1.7999999523162842
10555568,1.7999999523162842
10555600,1.7999999523162842
10556720,1.7999999523162842
10558256,1.7999999523162842
10559168,1.7999999523162842
10562160,1.7999999523162842
10563088,1.7999999523162842
10563744,1.7999999523162842
10563920,1.7999999523162842
10565376,1.7999999523162842
10567296,1.7999999523162842
10568112,1.7999999523162842
10568720,1.7999999523162842
10570544,1.7999999523162842
10571472,1.7999999523162842
10572272,1.7999999523162842
10572752,1.7999999523162842
10572864,1.7999999523162842
10573456,1.7999999523162842
10573760,1.7999999523162842
10578592,1.7999999523162842
10582080,1.7999999523162842
10582720,1.7999999523162842
10583024,1.7999999523162842
10583408,1.7999999523162842
10583888,1.7999999523162842
10586944,1.7999999523162842
10589200,1.7999999523162842
10590656,1.7999999523162842
10591568,1.7999999523162842
10591920,1.7999999523162842
10591968,1.7999999523162842
10592192,1.7999999523162842
10593248,1.7999999523162842
10593504,1.7999999523162842
10596416,1.7999999523162842
10597872,1.7999999523162842
10601600,1.7999999523162842
10604512,1.7999999523162842
10606528,1.7999999523162842
10607456,1.7999999523162842
10608160,1.7999999523162842
10608224,1.7999999523162842
10609568,1.7999999523162842
10610016,1.7999999523162842
10610944,1.7999999523162842
10611008,1.7999999523162842
10611472,1.7999999523162842
10612944,1.7999999523162842
10615152,1.7999999523162842
10616560,1.7999999523162842
10621520,1.7999999523162842
10623888,1.7999999523162842
10624496,1.7999999523162842
10624800,1.7999999523162842
10629248,1.7999999523162842
10630656,1.7999999523162842
10630864,1.7999999523162842
10631936,1.7999999523162842
10633216,1.7999999523162842
10633904,1.7999999523162842
10634656,1.7999999523162842
10635648,1.7999999523162842
10636464,1.7999999523162842
10638160,1.7999999523162842
10639216,1.7999999523162842
10639360,1.7999999523162842
10639408,1.7999999523162842
10639664,1.7999999523162842
10640096,1.7999999523162842
10640416,1.7999999523162842
10641200,1.7999999523162842
10642192,1.7999999523162842
10642944,1.7999999523162842
10644320,1.7999999523162842
10648832,1.7999999523162842
10649472,1.7999999523162842
10650064,1.7999999523162842
10652816,1.7999999523162842
10654752,1.7999999523162842
10655968,1.7999999523162842
10657312,1.7999999523162842
10659232,1.7999999523162842
10659760,1.7999999523162842
10660720,1.7999999523162842
10663216,1.7999999523162842
10663648,1.7999999523162842
10663696,1.7999999523162842
10663984,1.7999999523162842
10664016,1.7999999523162842
10666400,1.7999999523162842
10667696,1.7999999523162842
10669248,1.7999999523162842
10670864,1.7999999523162842
10671840,1.7999999523162842
10671984,1.7999999523162842
10673312,1.7999999523162842
10677040,1.7999999523162842
10677632,1.7999999523162842
10681136,1.7999999523162842
10681248,1.7999999523162842
10682480,1.7999999523162842
10682800,1.7999999523162842
10683824,1.7999999523162842
10685968,1.7999999523162842
10686864,1.7999999523162842
10688960,1.7999999523162842
10690720,1.7999999523162842
10691600,1.7999999523162842
10694656,1.7999999523162842
10695072,1.7999999523162842
10695248,1.7999999523162842
10696336,1.7999999523162842
10696528,1.7999999523162842
10705664,1.7999999523162842
10706304,1.7999999523162842
10710688,1.7999999523162842
10711488,1.7999999523162842
10714368,1.7999999523162842
10714688,1.7999999523162842
10715392,1.7999999523162842
10718656,1.7999999523162842
10718704,1.7999999523162842
10721296,1.7999999523162842
10721952,1.7999999523162842
10722320,1.7999999523162842
10723760,1.7999999523162842
10724608,1.7999999523162842
10724624,1.7999999523162842
10724864,1.7999999523162842
10725952,1.7999999523162842
10727872,1.7999999523162842
10729424,1.7999999523162842
10733520,1.7999999523162842
10733696,1.7999999523162842
10734304,1.7999999523162842
10734768,1.7999999523162842
10737456,1.7999999523162842
10738912,1.7999999523162842
10740384,1.7999999523162842
10743840,1.7999999523162842
10746592,1.7999999523162842
10747008,1.7999999523162842
10747952,1.7999999523162842
10750000,1.7999999523162842
10752256,1.7999999523162842
10754000,1.7999999523162842
10759760,1.7999999523162842
10760032,1.7999999523162842
10761744,1.7999999523162842
10762016,1.7999999523162842
10765296,1.7999999523162842
10766096,1.7999999523162842
10766160,1.7999999523162842
10766720,1.7999999523162842
10767808,1.7999999523162842
10771424,1.7999999523162842
10771616,1.7999999523162842
10772736,1.7999999523162842
10775872,1.7999999523162842
10777264,1.7999999523162842
10780000,1.7999999523162842
10780352,1.7999999523162842
10780368,1.7999999523162842
10781696,1.7999999523162842
10781936,1.7999999523162842
10784672,1.7999999523162842
10785280,1.7999999523162842
10786608,1.7999999523162842
10786624,1.7999999523162842
10787824,1.7999999523162842
10788624,1.7999999523162842
10789136,1.7999999523162842
10790080,1.7999999523162842
10795040,1.7999999523162842
10795376,1.7999999523162842
10797872,1.7999999523162842
10799024,1.7999999523162842
10799648,1.7999999523162842
10805408,1.7999999523162842
10807120,1.7999999523162842
10809344,1.7999999523162842
10809600,1.7999999523162842
10812368,1.7999999523162842
10812880,1.7999999523162842
10813120,1.7999999523162842
10813376,1.7999999523162842
10813696,1.7999999523162842
10815232,1.7999999523162842
10815360,1.7999999523162842
10818032,1.7999999523162842
10819696,1.7999999523162842
10821296,1.7999999523162842
10821520,1.7999999523162842
10823024,1.7999999523162842
10825536,1.7999999523162842
10826448,1.7999999523162842
10826896,1.7999999523162842
10829552,1.7999999523162842
10830192,1.7999999523162842
10831408,1.7999999523162842
10832000,1.7999999523162842
10839280,1.7999999523162842
10841392,1.7999999523162842
10842160,1.7999999523162842
10842416,1.7999999523162842
10842880,1.7999999523162842
10843968,1.7999999523162842
10844032,1.7999999523162842
10844336,1.7999999523162842
10845440,1.7999999523162842
10851088,1.7999999523162842
10851872,1.7999999523162842
10856480,1.7999999523162842
10857648,1.7999999523162842
10860896,1.7999999523162842
10863216,1.7999999523162842
10864384,1.7999999523162842
10864784,1.7999999523162842
10866032,1.7999999523162842
10866448,1.7999999523162842
10871328,1.7999999523162842
10872704,1.7999999523162842
10873952,1.7999999523162842
10875392,1.7999999523162842
10876112,1.7999999523162842
10879472,1.7999999523162842
10885040,1.7999999523162842
10885120,1.7999999523162842
10887472,1.7999999523162842
10891392,1.7999999523162842
10896176,1.7999999523162842
10896224,1.7999999523162842
10898912,1.7999999523162842
10902960,1.7999999523162842
10903872,1.7999999523162842
10905760,1.7999999523162842
10906672,1.7999999523162842
10911232,1.7999999523162842
10911584,1.7999999523162842
10913024,1.7999999523162842
10913760,1.7999999523162842
10913824,1.7999999523162842
10915968,1.7999999523162842
10917504,1.7999999523162842
10917632,1.7999999523162842
10923088,1.7999999523162842
10925792,1.7999999523162842
10925920,1.7999999523162842
10927152,1.7999999523162842
10927376,1.7999999523162842
10930576,1.7999999523162842
10932160,1.7999999523162842
10933728,1.7999999523162842
10933824,1.7999999523162842
10935376,1.7999999523162842
10938992,1.7999999523162842
10939056,1.7999999523162842
10939136,1.7999999523162842
10942272,1.7999999523162842
10942416,1.7999999523162842
10949360,1.7999999523162842
10949840,1.7999999523162842
10950304,1.7999999523162842
10951008,1.7999999523162842
10951296,1.7999999523162842
10952400,1.7999999523162842
10952944,1.7999999523162842
10957680,1.7999999523162842
10957952,1.7999999523162842
10961056,1.7999999523162842
10964368,1.7999999523162842
10965344,1.7999999523162842
10966528,1.7999999523162842
10973168,1.7999999523162842
10973488,1.7999999523162842
10976432,1.7999999523162842
10984640,1.7999999523162842
10986800,1.7999999523162842
10988048,1.7999999523162842
10989808,1.7999999523162842
10989856,1.7999999523162842
10991232,1.7999999523162842
10991408,1.7999999523162842
10992992,1.7999999523162842
10994272,1.7999999523162842
10995392,1.7999999523162842
10995760,1.7999999523162842
10996288,1.7999999523162842
10997344,1.7999999523162842
10998240,1.7999999523162842
10999888,1.7999999523162842
11000992,1.7999999523162842
11001296,1.7999999523162842
11007760,1.7999999523162842
11009088,1.7999999523162842
11009168,1.7999999523162842
11014240,1.7999999523162842
11015552,1.7999999523162842
11017920,1.7999999523162842
11018272,1.7999999523162842
11018976,1.7999999523162842
11019264,1.7999999523162842
11021024,1.7999999523162842
11021664,1.7999999523162842
11022608,1.7999999523162842
11022768,1.7999999523162842
11026656,1.7999999523162842
11027968,1.7999999523162842
11030624,1.7999999523162842
11031600,1.7999999523162842
11032176,1.7999999523162842
11033184,1.7999999523162842
11033696,1.7999999523162842
11034752,1.7999999523162842
11037600,1.7999999523162842
11039456,1.7999999523162842
11041344,1.7999999523162842
11041568,1.7999999523162842
11041616,1.7999999523162842
11042000,1.7999999523162842
11046096,1.7999999523162842
11049088,1.7999999523162842
11049504,1.7999999523162842
11050032,1.7999999523162842
11050512,1.7999999523162842
11050768,1.7999999523162842
11052816,1.7999999523162842
11053248,1.7999999523162842
11053952,1.7999999523162842
11054256,1.7999999523162842
11056368,1.7999999523162842
11057888,1.7999999523162842
11059280,1.7999999523162842
11059408,1.7999999523162842
11059456,1.7999999523162842
11060800,1.7999999523162842
11064816,1.7999999523162842
11068944,1.7999999523162842
11069344,1.7999999523162842
11070672,1.7999999523162842
11071104,1.7999999523162842
11073680,1.7999999523162842
11074320,1.7999999523162842
11077168,1.7999999523162842
11081504,1.7999999523162842
11081536,1.7999999523162842
11081808,1.7999999523162842
11084224,1.7999999523162842
11084368,1.7999999523162842
11085872,1.7999999523162842
11089328,1.7999999523162842
11090368,1.7999999523162842
11095280,1.7999999523162842
11099072,1.7999999523162842
11099520,1.7999999523162842
11099584,1.7999999523162842
11100000,1.7999999523162842
11100080,1.7999999523162842
11101664,1.7999999523162842
11103424,1.7999999523162842
11104800,1.7999999523162842
11105312,1.7999999523162842
11107424,1.7999999523162842
11109840,1.7999999523162842
11111088,1.7999999523162842
11111456,1.7999999523162842
11111616,1.7999999523162842
11115712,1.7999999523162842
11116720,1.7999999523162842
11118112,1.7999999523162842
11118336,1.7999999523162842
11120736,1.7999999523162842
11121920,1.7999999523162842
11122352,1.7999999523162842
11122512,1.7999999523162842
11122992,1.7999999523162842
11123408,1.7999999523162842
11124240,1.7999999523162842
11126576,1.7999999523162842
11129200,1.7999999523162842
11129840,1.7999999523162842
11130464,1.7999999523162842
11138080,1.7999999523162842
11138672,1.7999999523162842
11138912,1.7999999523162842
11139200,1.7999999523162842
11141136,1.7999999523162842
11141488,1.7999999523162842
11142816,1.7999999523162842
11143568,1.7999999523162842
11143680,1.7999999523162842
11151552,1.7999999523162842
11151984,1.7999999523162842
11152416,1.7999999523162842
11153664,1.7999999523162842
11154176,1.7999999523162842
11154512,1.7999999523162842
11155232,1.7999999523162842
11156112,1.7999999523162842
11156256,1.7999999523162842
11156784,1.7999999523162842
11158304,1.7999999523162842
11158368,1.7999999523162842
11159536,1.7999999523162842
11159792,1.7999999523162842
11160336,1.7999999523162842
11160352,1.7999999523162842
11160960,1.7999999523162842
11161088,1.7999999523162842
11164640,1.7999999523162842
11165008,1.7999999523162842
11165328,1.7999999523162842
11167360,1.7999999523162842
11168592,1.7999999523162842
11171888,1.7999999523162842
11172832,1.7999999523162842
11176192,1.7999999523162842
11178096,1.7999999523162842
11180144,1.7999999523162842
11181392,1.7999999523162842
11181760,1.7999999523162842
11184928,1.7999999523162842
11185520,1.7999999523162842
11185744,1.7999999523162842
11186672,1.7999999523162842
11187056,1.7999999523162842
11188688,1.7999999523162842
11189184,1.7999999523162842
11189296,1.7999999523162842
11189792,1.7999999523162842
11189872,1.7999999523162842
11194640,1.7999999523162842
11196000,1.7999999523162842
11196976,1.7999999523162842
11197584,1.7999999523162842
11198160,1.7999999523162842
11199520,1.7999999523162842
11201664,1.7999999523162842
11203264,1.7999999523162842
11205472,1.7999999523162842
11207712,1.7999999523162842
11207904,1.7999999523162842
11208528,1.7999999523162842
11209296,1.7999999523162842
11211232,1.7999999523162842
11215056,1.7999999523162842
11215920,1.7999999523162842
11216448,1.7999999523162842
11216816,1.7999999523162842
11217696,1.7999999523162842
11217888,1.7999999523162842
11217936,1.7999999523162842
11221216,1.7999999523162842
11221536,1.7999999523162842
11221808,1.7999999523162842
11222336,1.7999999523162842
11223504,1.7999999523162842
11226176,1.7999999523162842
11233008,1.7999999523162842
11235712,1.7999999523162842
11237856,1.7999999523162842
11238688,1.7999999523162842
11239200,1.7999999523162842
11240480,1.7999999523162842
11240928,1.7999999523162842
11241216,1.7999999523162842
11241728,1.7999999523162842
11244832,1.7999999523162842
11245968,1.7999999523162842
11246480,1.7999999523162842
11256144,1.7999999523162842
11260272,1.7999999523162842
11261888,1.7999999523162842
11262272,1.7999999523162842
11262304,1.7999999523162842
11263360,1.7999999523162842
11264336,1.7999999523162842
11265888,1.7999999523162842
11266848,1.7999999523162842
11267504,1.7999999523162842
11268000,1.7999999523162842
11270560,1.7999999523162842
11273408,1.7999999523162842
11274576,1.7999999523162842
11279104,1.7999999523162842
11279184,1.7999999523162842
11281488,1.7999999523162842
11281952,1.7999999523162842
11282736,1.7999999523162842
11284848,1.7999999523162842
11284928,1.7999999523162842
11285120,1.7999999523162842
11287552,1.7999999523162842
11290256,1.7999999523162842
11294304,1.7999999523162842
11296144,1.7999999523162842
11297248,1.7999999523162842
11297456,1.7999999523162842
11300160,1.7999999523162842
11300816,1.7999999523162842
11301472,1.7999999523162842
11302944,1.7999999523162842
11304272,1.7999999523162842
11306608,1.7999999523162842
11306784,1.7999999523162842
11309168,1.7999999523162842
11309792,1.7999999523162842
11309888,1.7999999523162842
11310832,1.7999999523162842
11313616,1.7999999523162842
11313744,1.7999999523162842
11314800,1.7999999523162842
11314832,1.7999999523162842
11315008,1.7999999523162842
11318208,1.7999999523162842
11318560,1.7999999523162842
11319856,1.7999999523162842
11320560,1.7999999523162842
11327040,1.7999999523162842
11332032,1.7999999523162842
11334096,1.7999999523162842
11335056,1.7999999523162842
11335856,1.7999999523162842
11336560,1.7999999523162842
11339824,1.7999999523162842
11339888,1.7999999523162842
11341008,1.7999999523162842
11341440,1.7999999523162842
11341536,1.7999999523162842
11341632,1.7999999523162842
11342080,1.7999999523162842
11344224,1.7999999523162842
11344944,1.7999999523162842
11346416,1.7999999523162842
11348800,1.7999999523162842
11349472,1.7999999523162842
11349968,1.7999999523162842
11352272,1.7999999523162842
11356688,1.7999999523162842
11357056,1.7999999523162842
11358160,1.7999999523162842
11364016,1.7999999523162842
11364432,1.7999999523162842
11367504,1.7999999523162842
11369280,1.7999999523162842
11369472,1.7999999523162842
11371648,1.7999999523162842
11371680,1.7999999523162842
11371696,1.7999999523162842
11373104,1.7999999523162842
11373136,1.7999999523162842
11374032,1.7999999523162842
11378032,1.7999999523162842
11378176,1.7999999523162842
11381792,1.7999999523162842
11383088,1.7999999523162842
11385680,1.7999999523162842
11386160,1.7999999523162842
11387056,1.7999999523162842
11387488,1.7999999523162842
11388496,1.7999999523162842
11390128,1.7999999523162842
11392224,1.7999999523162842
11392320,1.7999999523162842
11394480,1.7999999523162842
11396800,1.7999999523162842
11397168,1.7999999523162842
11398016,1.7999999523162842
11399696,1.7999999523162842
11403600,1.7999999523162842
11404352,1.7999999523162842
11406624,1.7999999523162842
11407328,1.7999999523162842
11408928,1.7999999523162842
11412640,1.7999999523162842
11412784,1.7999999523162842
11415184,1.7999999523162842
11415504,1.7999999523162842
11416048,1.7999999523162842
11416672,1.7999999523162842
11416720,1.7999999523162842
11416832,1.7999999523162842
11418064,1.7999999523162842
11420192,1.7999999523162842
11420384,1.7999999523162842
11420592,1.7999999523162842
11421408,1.7999999523162842
11424544,1.7999999523162842
11425472,1.7999999523162842
11427424,1.7999999523162842
11427984,1.7999999523162842
11428224,1.7999999523162842
11429504,1.7999999523162842
11429696,1.7999999523162842
11432544,1.7999999523162842
11432880,1.7999999523162842
11435776,1.7999999523162842
11436080,1.7999999523162842
11438016,1.7999999523162842
11438272,1.7999999523162842
11438560,1.7999999523162842
11440736,1.7999999523162842
11443808,1.7999999523162842
11443840,1.7999999523162842
11446688,1.7999999523162842
11447408,1.7999999523162842
11448304,1.7999999523162842
11452624,1.7999999523162842
11457184,1.7999999523162842
11457200,1.7999999523162842
11457504,1.7999999523162842
11460352,1.7999999523162842
11461216,1.7999999523162842
11462464,1.7999999523162842
11462624,1.7999999523162842
11464608,1.7999999523162842
11466432,1.7999999523162842
11466832,1.7999999523162842
11470160,1.7999999523162842
11475968,1.7999999523162842
11479200,1.7999999523162842
11479472,1.7999999523162842
11480096,1.7999999523162842
11481264,1.7999999523162842
11482624,1.7999999523162842
11483248,1.7999999523162842
11485312,1.7999999523162842
11485344,1.7999999523162842
11486928,1.7999999523162842
11488656,1.7999999523162842
11488912,1.7999999523162842
11490112,1.7999999523162842
11490192,1.7999999523162842
11491680,1.7999999523162842
11493088,1.7999999523162842
11497776,1.7999999523162842
11497808,1.7999999523162842
11500416,1.7999999523162842
11503152,1.7999999523162842
11506832,1.7999999523162842
11507632,1.7999999523162842
11514960,1.7999999523162842
11516560,1.7999999523162842
11516848,1.7999999523162842
11516912,1.7999999523162842
11517632,1.7999999523162842
11518016,1.7999999523162842
11518384,1.7999999523162842
11518576,1.7999999523162842
11521760,1.7999999523162842
11521888,1.7999999523162842
11525520,1.7999999523162842
11526336,1.7999999523162842
11526448,1.7999999523162842
11527616,1.7999999523162842
11528768,1.7999999523162842
11531856,1.7999999523162842
11536352,1.7999999523162842
11541888,1.7999999523162842
11542288,1.7999999523162842
11542320,1.7999999523162842
11542752,1.7999999523162842
11542816,1.7999999523162842
11545408,1.7999999523162842
11545520,1.7999999523162842
11548080,1.7999999523162842
11548592,1.7999999523162842
11550368,1.7999999523162842
11551920,1.7999999523162842
11552256,1.7999999523162842
11553184,1.7999999523162842
11553456,1.7999999523162842
11553552,1.7999999523162842
11553664,1.7999999523162842
11555888,1.7999999523162842
11556688,1.7999999523162842
11558896,1.7999999523162842
11560288,1.7999999523162842
11560544,1.7999999523162842
11562512,1.7999999523162842
11564448,1.7999999523162842
11567392,1.7999999523162842
11569136,1.7999999523162842
11570064,1.7999999523162842
11570528,1.7999999523162842
11570608,1.7999999523162842
11573872,1.7999999523162842
11577712,1.7999999523162842
11578640,1.7999999523162842
11583072,1.7999999523162842
11583136,1.7999999523162842
11585248,1.7999999523162842
11586928,1.7999999523162842
11588976,1.7999999523162842
11590544,1.7999999523162842
11593168,1.7999999523162842
11594960,1.7999999523162842
11597520,1.7999999523162842
11600400,1.7999999523162842
11602128,1.7999999523162842
11602592,1.7999999523162842
11603920,1.7999999523162842
11604144,1.7999999523162842
11604944,1.7999999523162842
11605712,1.7999999523162842
11606288,1.7999999523162842
11606448,1.7999999523162842
11606592,1.7999999523162842
11607312,1.7999999523162842
11608528,1.7999999523162842
11608672,1.7999999523162842
11612704,1.7999999523162842
11615248,1.7999999523162842
11615456,1.7999999523162842
11617120,1.7999999523162842
11617408,1.7999999523162842
11617920,1.7999999523162842
11624624,1.7999999523162842
11625248,1.7999999523162842
11628672,1.7999999523162842
11628704,1.7999999523162842
11632352,1.7999999523162842
11635296,1.7999999523162842
11635712,1.7999999523162842
11640096,1.7999999523162842
11641520,1.7999999523162842
11642720,1.7999999523162842
11646208,1.7999999523162842
11647792,1.7999999523162842
11648368,1.7999999523162842
11648880,1.7999999523162842
11649312,1.7999999523162842
11650080,1.7999999523162842
11650496,1.7999999523162842
11652080,1.7999999523162842
11653744,1.7999999523162842
11653792,1.7999999523162842
11654992,1.7999999523162842
11655264,1.7999999523162842
11656384,1.7999999523162842
11662800,1.7999999523162842
11665040,1.7999999523162842
11668176,1.7999999523162842
11668496,1.7999999523162842
11670848,1.7999999523162842
11672144,1.7999999523162842
11674304,1.7999999523162842
11675520,1.7999999523162842
11678640,1.7999999523162842
11681680,1.7999999523162842
11685840,1.7999999523162842
11687360,1.7999999523162842
11689648,1.7999999523162842
11689696,1.7999999523162842
11697296,1.7999999523162842
11699296,1.7999999523162842
11699680,1.7999999523162842
11701152,1.7999999523162842
11701408,1.7999999523162842
11704672,1.7999999523162842
11705120,1.7999999523162842
11705136,1.7999999523162842
11705664,1.7999999523162842
11706240,1.7999999523162842
11707568,1.7999999523162842
11708128,1.7999999523162842
11709216,1.7999999523162842
11710896,1.7999999523162842
11712832,1.7999999523162842
11713056,1.7999999523162842
11714288,1.7999999523162842
11716464,1.7999999523162842
11719328,1.7999999523162842
11720176,1.7999999523162842
11720416,1.7999999523162842
11722352,1.7999999523162842
11723536,1.7999999523162842
11724992,1.7999999523162842
11725808,1.7999999523162842
11726416,1.7999999523162842
11726656,1.7999999523162842
11726672,1.7999999523162842
11727456,1.7999999523162842
11729872,1.7999999523162842
11730784,1.7999999523162842
11730800,1.7999999523162842
11731360,1.7999999523162842
11735568,1.7999999523162842
11739952,1.7999999523162842
11740048,1.7999999523162842
11740512,1.7999999523162842
11741376,1.7999999523162842
11742080,1.7999999523162842
11744752,1.7999999523162842
11744768,1.7999999523162842
11745600,1.7999999523162842
11746544,1.7999999523162842
11747280,1.7999999523162842
11747312,1.7999999523162842
11752176,1.7999999523162842
11752544,1.7999999523162842
11754240,1.7999999523162842
11755776,1.7999999523162842
11759264,1.7999999523162842
11759648,1.7999999523162842
11761648,1.7999999523162842
11763888,1.7999999523162842
11764288,1.7999999523162842
11766992,1.7999999523162842
11770544,1.7999999523162842
11770816,1.7999999523162842
11773872,1.7999999523162842
11774960,1.7999999523162842
11777392,1.7999999523162842
11777584,1.7999999523162842
11778000,1.7999999523162842
11778912,1.7999999523162842
11779152,1.7999999523162842
11780448,1.7999999523162842
11780480,1.7999999523162842
11783184,1.7999999523162842
11790704,1.7999999523162842
11793408,1.7999999523162842
11793456,1.7999999523162842
11793488,1.7999999523162842
11794016,1.7999999523162842
11795024,1.7999999523162842
11796208,1.7999999523162842
11797216,1.7999999523162842
11797744,1.7999999523162842
11799680,1.7999999523162842
11800704,1.7999999523162842
11802320,1.7999999523162842
11802576,1.7999999523162842
11805264,1.7999999523162842
11806784,1.7999999523162842
11807328,1.7999999523162842
11809104,1.7999999523162842
11811488,1.7999999523162842
11812144,1.7999999523162842
11813584,1.7999999523162842
11814272,1.7999999523162842
11815440,1.7999999523162842
11815696,1.7999999523162842
11817056,1.7999999523162842
11819200,1.7999999523162842
11821504,1.7999999523162842
11821760,1.7999999523162842
11822304,1.7999999523162842
11824000,1.7999999523162842
11824656,1.7999999523162842
11829600,1.7999999523162842
11834576,1.7999999523162842
11835648,1.7999999523162842
11835888,1.7999999523162842
11837920,1.7999999523162842
11838544,1.7999999523162842
11839984,1.7999999523162842
11842800,1.7999999523162842
11843408,1.7999999523162842
11849008,1.7999999523162842
11849200,1.7999999523162842
11850672,1.7999999523162842
11852928,1.7999999523162842
11853808,1.7999999523162842
11854128,1.7999999523162842
11856160,1.7999999523162842
11856368,1.7999999523162842
11856576,1.7999999523162842
11859680,1.7999999523162842
11860336,1.7999999523162842
11860448,1.7999999523162842
11860512,1.7999999523162842
11862064,1.7999999523162842
11862528,1.7999999523162842
11864640,1.7999999523162842
11865936,1.7999999523162842
11866544,1.7999999523162842
11866976,1.7999999523162842
11868976,1.7999999523162842
11873632,1.7999999523162842
11875504,1.7999999523162842
11875744,1.7999999523162842
11876592,1.7999999523162842
11877072,1.7999999523162842
11878240,1.7999999523162842
11878928,1.7999999523162842
11882784,1.7999999523162842
11883744,1.7999999523162842
11884048,1.7999999523162842
11885648,1.7999999523162842
11891440,1.7999999523162842
11891600,1.7999999523162842
11892016,1.7999999523162842
11893344,1.7999999523162842
11894624,1.7999999523162842
11895456,1.7999999523162842
11896768,1.7999999523162842
11898016,1.7999999523162842
11898128,1.7999999523162842
11899600,1.7999999523162842
11900480,1.7999999523162842
11901376,1.7999999523162842
11901648,1.7999999523162842
11902560,1.7999999523162842
11902896,1.7999999523162842
11903024,1.7999999523162842
11905968,1.7999999523162842
11907584,1.7999999523162842
11907904,1.7999999523162842
11908800,1.7999999523162842
11910512,1.7999999523162842
11911104,1.7999999523162842
11913152,1.7999999523162842
11913696,1.7999999523162842
11913712,1.7999999523162842
11917888,1.7999999523162842
11920608,1.7999999523162842
11921536,1.7999999523162842
11923040,1.7999999523162842
11923136,1.7999999523162842
11924256,1.7999999523162842
11924384,1.7999999523162842
11924800,1.7999999523162842
11928368,1.7999999523162842
11928528,1.7999999523162842
11931600,1.7999999523162842
11933232,1.7999999523162842
11935840,1.7999999523162842
11936400,1.7999999523162842
11936784,1.7999999523162842
11938368,1.7999999523162842
11938864,1.7999999523162842
11941728,1.7999999523162842
11941808,1.7999999523162842
11943840,1.7999999523162842
11953888,1.7999999523162842
11954496,1.7999999523162842
11956960,1.7999999523162842
11960624,1.7999999523162842
11961792,1.7999999523162842
11962688,1.7999999523162842
11963840,1.7999999523162842
11967152,1.7999999523162842
11967328,1.7999999523162842
11968032,1.7999999523162842
11969936,1.7999999523162842
11970304,1.7999999523162842
11970768,1.7999999523162842
11971472,1.7999999523162842
11973360,1.7999999523162842
11974384,1.7999999523162842
11974416,1.7999999523162842
11974960,1.7999999523162842
11975040,1.7999999523162842
11976624,1.7999999523162842
11977232,1.7999999523162842
11979600,1.7999999523162842
11982080,1.7999999523162842
11982816,1.7999999523162842
11982912,1.7999999523162842
11983680,1.7999999523162842
11983824,1.7999999523162842
11987984,1.7999999523162842
11989568,1.7999999523162842
11990128,1.7999999523162842
11991136,1.7999999523162842
11995872,1.7999999523162842
11997616,1.7999999523162842
11999712,1.7999999523162842
12003312,1.7999999523162842
12008224,1.7999999523162842
12009424,1.7999999523162842
12012112,1.7999999523162842
12015072,1.7999999523162842
12015088,1.7999999523162842
12015232,1.7999999523162842
12015968,1.7999999523162842
12020544,1.7999999523162842
12020912,1.7999999523162842
12021312,1.7999999523162842
12022784,1.7999999523162842
12023520,1.7999999523162842
12023728,1.7999999523162842
12025136,1.7999999523162842
12028016,1.7999999523162842
12029488,1.7999999523162842
12029744,1.7999999523162842
12029776,1.7999999523162842
12032000,1.7999999523162842
12033760,1.7999999523162842
12033984,1.7999999523162842
12035600,1.7999999523162842
12037488,1.7999999523162842
12038144,1.7999999523162842
12039424,1.7999999523162842
12041824,1.7999999523162842
12045328,1.7999999523162842
12049520,1.7999999523162842
12049856,1.7999999523162842
12050432,1.7999999523162842
12055696,1.7999999523162842
12056032,1.7999999523162842
12056448,1.7999999523162842
12057728,1.7999999523162842
12058288,1.7999999523162842
12058768,1.7999999523162842
12059408,1.7999999523162842
12060816,1.7999999523162842
12062000,1.7999999523162842
12062208,1.7999999523162842
12063216,1.7999999523162842
12063632,1.7999999523162842
12064384,1.7999999523162842
12065536,1.7999999523162842
12067760,1.7999999523162842
12069520,1.7999999523162842
12071104,1.7999999523162842
12073072,1.7999999523162842
12074656,1.7999999523162842
12074800,1.7999999523162842
12080000,1.7999999523162842
12080784,1.7999999523162842
12084256,1.7999999523162842
12084800,1.7999999523162842
12085216,1.7999999523162842
12086320,1.7999999523162842
12088224,1.7999999523162842
12088896,1.7999999523162842
12091376,1.7999999523162842
12093008,1.7999999523162842
12093440,1.7999999523162842
12095888,1.7999999523162842
12096384,1.7999999523162842
12100336,1.7999999523162842
12103712,1.7999999523162842
12104512,1.7999999523162842
12105808,1.7999999523162842
12107712,1.7999999523162842
12108080,1.7999999523162842
12108336,1.7999999523162842
12108480,1.7999999523162842
12108896,1.7999999523162842
12109088,1.7999999523162842
12109904,1.7999999523162842
12115728,1.7999999523162842
12116080,1.7999999523162842
12116464,1.7999999523162842
12120032,1.7999999523162842
12121968,1.7999999523162842
12125264,1.7999999523162842
12126992,1.7999999523162842
12127296,1.7999999523162842
12130032,1.7999999523162842
12131136,1.7999999523162842
12131344,1.7999999523162842
12131648,1.7999999523162842
12133312,1.7999999523162842
12137856,1.7999999523162842
12139616,1.7999999523162842
12148352,1.7999999523162842
12150320,1.7999999523162842
12151648,1.7999999523162842
12153040,1.7999999523162842
12154656,1.7999999523162842
12154864,1.7999999523162842
12156400,1.7999999523162842
12161040,1.7999999523162842
12162240,1.7999999523162842
12163248,1.7999999523162842
12163536,1.7999999523162842
12164688,1.7999999523162842
12166320,1.7999999523162842
12168880,1.7999999523162842
12169248,1.7999999523162842
12171280,1.7999999523162842
12171312,1.7999999523162842
12171376,1.7999999523162842
12171840,1.7999999523162842
12173760,1.7999999523162842
12173840,1.7999999523162842
12174400,1.7999999523162842
12174496,1.7999999523162842
12175616,1.7999999523162842
12177136,1.7999999523162842
12180880,1.7999999523162842
12181344,1.7999999523162842
12181984,1.7999999523162842
12188080,1.7999999523162842
12188096,1.7999999523162842
12190496,1.7999999523162842
12193408,1.7999999523162842
12193520,1.7999999523162842
12195232,1.7999999523162842
12196080,1.7999999523162842
12200208,1.7999999523162842
12202096,1.7999999523162842
12203264,1.7999999523162842
12203984,1.7999999523162842
12204160,1.7999999523162842
12205072,1.7999999523162842
12205760,1.7999999523162842
12206240,1.7999999523162842
12206416,1.7999999523162842
12206912,1.7999999523162842
12207072,1.7999999523162842
12211920,1.7999999523162842
12212496,1.7999999523162842
12213024,1.7999999523162842
12217152,1.7999999523162842
12219024,1.7999999523162842
12220256,1.7999999523162842
12221664,1.7999999523162842
12222048,1.7999999523162842
12222848,1.7999999523162842
12223392,1.7999999523162842
12229632,1.7999999523162842
12230688,1.7999999523162842
12231408,1.7999999523162842
12235664,1.7999999523162842
12238096,1.7999999523162842
12238144,1.7999999523162842
12239024,1.7999999523162842
12240288,1.7999999523162842
12241248,1.7999999523162842
12241712,1.7999999523162842
12242192,1.7999999523162842
12242544,1.7999999523162842
12243760,1.7999999523162842
12246368,1.7999999523162842
12246864,1.7999999523162842
12249616,1.7999999523162842
12251904,1.7999999523162842
12253376,1.7999999523162842
12253712,1.7999999523162842
12253888,1.7999999523162842
12254160,1.7999999523162842
12254368,1.7999999523162842
12254480,1.7999999523162842
12254560,1.7999999523162842
12255648,1.7999999523162842
12256016,1.7999999523162842
12256160,1.7999999523162842
12257168,1.7999999523162842
12259520,1.7999999523162842
12262224,1.7999999523162842
12262800,1.7999999523162842
12264352,1.7999999523162842
12265744,1.7999999523162842
12266640,1.7999999523162842
12266752,1.7999999523162842
12271200,1.7999999523162842
12271920,1.7999999523162842
12273376,1.7999999523162842
12274128,1.7999999523162842
12275744,1.7999999523162842
12277200,1.7999999523162842
12277552,1.7999999523162842
12277744,1.7999999523162842
12278400,1.7999999523162842
12281936,1.7999999523162842
12284096,1.7999999523162842
12289808,1.7999999523162842
12289856,1.7999999523162842
12293840,1.7999999523162842
12294736,1.7999999523162842
12297584,1.7999999523162842
12301872,1.7999999523162842
12303200,1.7999999523162842
12303552,1.7999999523162842
12306064,1.7999999523162842
12306320,1.7999999523162842
12307024,1.7999999523162842
12307600,1.7999999523162842
12309728,1.7999999523162842
12309968,1.7999999523162842
12310672,1.7999999523162842
12312464,1.7999999523162842
12317904,1.7999999523162842
12318944,1.7999999523162842
12321648,1.7999999523162842
12325248,1.7999999523162842
12329120,1.7999999523162842
12329376,1.7999999523162842
12330400,1.7999999523162842
12332816,1.7999999523162842
12333104,1.7999999523162842
12333552,1.7999999523162842
12334832,1.7999999523162842
12335872,1.7999999523162842
12336032,1.7999999523162842
12336432,1.7999999523162842
12342144,1.7999999523162842
12343040,1.7999999523162842
12343200,1.7999999523162842
12343664,1.7999999523162842
12344416,1.7999999523162842
12347424,1.7999999523162842
12347696,1.7999999523162842
12347728,1.7999999523162842
12349568,1.7999999523162842
12353776,1.7999999523162842
12355328,1.7999999523162842
12356624,1.7999999523162842
12356736,1.7999999523162842
12357040,1.7999999523162842
12360368,1.7999999523162842
12361632,1.7999999523162842
12363264,1.7999999523162842
12364592,1.7999999523162842
12368832,1.7999999523162842
12369072,1.7999999523162842
12371184,1.7999999523162842
12372848,1.7999999523162842
12375472,1.7999999523162842
12382480,1.7999999523162842
12383712,1.7999999523162842
12386480,1.7999999523162842
12387328,1.7999999523162842
12388432,1.7999999523162842
12389648,1.7999999523162842
12393024,1.7999999523162842
12393776,1.7999999523162842
12396720,1.7999999523162842
12400176,1.7999999523162842
12401248,1.7999999523162842
12402352,1.7999999523162842
12406032,1.7999999523162842
12406432,1.7999999523162842
12408288,1.7999999523162842
12410048,1.7999999523162842
12410560,1.7999999523162842
12410944,1.7999999523162842
12415344,1.7999999523162842
12417136,1.7999999523162842
12422720,1.7999999523162842
12425392,1.7999999523162842
12426448,1.7999999523162842
12428048,1.7999999523162842
12428256,1.7999999523162842
12430288,1.7999999523162842
12434720,1.7999999523162842
12434912,1.7999999523162842
12435888,1.7999999523162842
12436560,1.7999999523162842
12437088,1.7999999523162842
12439456,1.7999999523162842
12441696,1.7999999523162842
12441728,1.7999999523162842
12442560,1.7999999523162842
12443936,1.7999999523162842
12444672,1.7999999523162842
12448496,1.7999999523162842
12449504,1.7999999523162842
12451424,1.7999999523162842
12451824,1.7999999523162842
12452304,1.7999999523162842
12454416,1.7999999523162842
12456032,1.7999999523162842
12456880,1.7999999523162842
12458192,1.7999999523162842
12458576,1.7999999523162842
12458752,1.7999999523162842
12460416,1.7999999523162842
12461936,1.7999999523162842
12462496,1.7999999523162842
12462976,1.7999999523162842
12463216,1.7999999523162842
12463440,1.7999999523162842
12464176,1.7999999523162842
12464960,1.7999999523162842
12465536,1.7999999523162842
12467776,1.7999999523162842
12470272,1.7999999523162842
12472656,1.7999999523162842
12474848,1.7999999523162842
12476784,1.7999999523162842
12477856,1.7999999523162842
12478288,1.7999999523162842
12478528,1.7999999523162842
12479824,1.7999999523162842
12482704,1.7999999523162842
12485328,1.7999999523162842
12486688,1.7999999523162842
12487408,1.7999999523162842
12487552,1.7999999523162842
12489712,1.7999999523162842
12495024,1.7999999523162842
12497024,1.7999999523162842
12498976,1.7999999523162842
12499056,1.7999999523162842
12500112,1.7999999523162842
12501472,1.7999999523162842
12501568,1.7999999523162842
12502368,1.7999999523162842
12505456,1.7999999523162842
12509648,1.7999999523162842
12509952,1.7999999523162842
12510976,1.7999999523162842
12511632,1.7999999523162842
12511664,1.7999999523162842
12512912,1.7999999523162842
12515872,1.7999999523162842
12515936,1.7999999523162842
12517088,1.7999999523162842
12519088,1.7999999523162842
12520272,1.7999999523162842
12524176,1.7999999523162842
12525792,1.7999999523162842
12526528,1.7999999523162842
12526672,1.7999999523162842
12526720,1.7999999523162842
12527216,1.7999999523162842
12527648,1.7999999523162842
12531632,1.7999999523162842
12532336,1.7999999523162842
12538288,1.7999999523162842
12538992,1.7999999523162842
12540720,1.7999999523162842
12546080,1.7999999523162842
12546528,1.7999999523162842
12546992,1.7999999523162842
12547696,1.7999999523162842
12548592,1.7999999523162842
12552176,1.7999999523162842
12553920,1.7999999523162842
12555056,1.7999999523162842
12555984,1.7999999523162842
12557392,1.7999999523162842
12557488,1.7999999523162842
12559568,1.7999999523162842
12560512,1.7999999523162842
12562048,1.7999999523162842
12562640,1.7999999523162842
12563184,1.7999999523162842
12563360,1.7999999523162842
12564640,1.7999999523162842
12569648,1.7999999523162842
12571040,1.7999999523162842
12571328,1.7999999523162842
12576400,1.7999999523162842
12578864,1.7999999523162842
12580112,1.7999999523162842
12580448,1.7999999523162842
12582928,1.7999999523162842
12582944,1.7999999523162842
12584944,1.7999999523162842
12586320,1.7999999523162842
12590304,1.7999999523162842
12591168,1.7999999523162842
12591472,1.7999999523162842
12592592,1.7999999523162842
12592992,1.7999999523162842
12593312,1.7999999523162842
12595664,1.7999999523162842
12598688,1.7999999523162842
12599056,1.7999999523162842
12600288,1.7999999523162842
12601568,1.7999999523162842
12603344,1.7999999523162842
12603632,1.7999999523162842
12604272,1.7999999523162842
12604528,1.7999999523162842
12607056,1.7999999523162842
12607536,1.7999999523162842
12607600,1.7999999523162842
12608752,1.7999999523162842
12609600,1.7999999523162842
12612112,1.7999999523162842
12615168,1.7999999523162842
12618512,1.7999999523162842
12619776,1.7999999523162842
12620800,1.7999999523162842
12621600,1.7999999523162842
12623200,1.7999999523162842
12623760,1.7999999523162842
12623856,1.7999999523162842
12625504,1.7999999523162842
12626752,1.7999999523162842
12629456,1.7999999523162842
12631216,1.7999999523162842
12631856,1.7999999523162842
12633200,1.7999999523162842
12636128,1.7999999523162842
12636624,1.7999999523162842
12637984,1.7999999523162842
12641312,1.7999999523162842
12644640,1.7999999523162842
12647712,1.7999999523162842
12649008,1.7999999523162842
12649408,1.7999999523162842
12649472,1.7999999523162842
12651120,1.7999999523162842
12651568,1.7999999523162842
12651760,1.7999999523162842
12653808,1.7999999523162842
12657920,1.7999999523162842
12663088,1.7999999523162842
12665680,1.7999999523162842
12666320,1.7999999523162842
12667152,1.7999999523162842
12668672,1.7999999523162842
12669376,1.7999999523162842
12669824,1.7999999523162842
12670512,1.7999999523162842
12673808,1.7999999523162842
12676272,1.7999999523162842
12676944,1.7999999523162842
12677328,1.7999999523162842
12677920,1.7999999523162842
12678832,1.7999999523162842
12684480,1.7999999523162842
12686432,1.7999999523162842
12687008,1.7999999523162842
12687824,1.7999999523162842
12691152,1.7999999523162842
12696384,1.7999999523162842
12696576,1.7999999523162842
12697344,1.7999999523162842
12697984,1.7999999523162842
12698128,1.7999999523162842
12700592,1.7999999523162842
12705824,1.7999999523162842
12706208,1.7999999523162842
12708288,1.7999999523162842
12711888,1.7999999523162842
12714064,1.7999999523162842
12716480,1.7999999523162842
12718256,1.7999999523162842
12718832,1.7999999523162842
12721744,1.7999999523162842
12722688,1.7999999523162842
12723104,1.7999999523162842
12726480,1.7999999523162842
12727744,1.7999999523162842
12727792,1.7999999523162842
12728800,1.7999999523162842
12736928,1.7999999523162842
12740240,1.7999999523162842
12742144,1.7999999523162842
12742752,1.7999999523162842
12743152,1.7999999523162842
12745712,1.7999999523162842
12748016,1.7999999523162842
12748368,1.7999999523162842
12750256,1.7999999523162842
12750800,1.7999999523162842
12752512,1.7999999523162842
12754800,1.7999999523162842
12755568,1.7999999523162842
12755952,1.7999999523162842
12757824,1.7999999523162842
12758560,1.7999999523162842
12758720,1.7999999523162842
12758848,1.7999999523162842
12759824,1.7999999523162842
12762560,1.7999999523162842
12763904,1.7999999523162842
12768544,1.7999999523162842
12769200,1.7999999523162842
12781392,1.7999999523162842
12782528,1.7999999523162842
12790688,1.7999999523162842
12791376,1.7999999523162842
12792848,1.7999999523162842
12793136,1.7999999523162842
12793968,1.7999999523162842
12794736,1.7999999523162842
12796496,1.7999999523162842
12797792,1.7999999523162842
12798032,1.7999999523162842
12799792,1.7999999523162842
12800560,1.7999999523162842
12801984,1.7999999523162842
12802096,1.7999999523162842
12804992,1.7999999523162842
12812544,1.7999999523162842
12813376,1.7999999523162842
12813872,1.7999999523162842
12814736,1.7999999523162842
12816480,1.7999999523162842
12817952,1.7999999523162842
12818272,1.7999999523162842
12821888,1.7999999523162842
12823632,1.7999999523162842
12825744,1.7999999523162842
12826640,1.7999999523162842
12828480,1.7999999523162842
12830320,1.7999999523162842
12831808,1.7999999523162842
12832816,1.7999999523162842
12834832,1.7999999523162842
12835952,1.7999999523162842
12835984,1.7999999523162842
12838448,1.7999999523162842
12840336,1.7999999523162842
12841888,1.7999999523162842
12845376,1.7999999523162842
12847520,1.7999999523162842
12848480,1.7999999523162842
12854832,1.7999999523162842
12857024,1.7999999523162842
12857072,1.7999999523162842
12857808,1.7999999523162842
12858800,1.7999999523162842
12862080,1.7999999523162842
12866816,1.7999999523162842
12867984,1.7999999523162842
12868384,1.7999999523162842
12869552,1.7999999523162842
12869872,1.7999999523162842
12872960,1.7999999523162842
12873440,1.7999999523162842
12873920,1.7999999523162842
12873984,1.7999999523162842
12874064,1.7999999523162842
12878048,1.7999999523162842
12878368,1.7999999523162842
12881184,1.7999999523162842
12881536,1.7999999523162842
12882080,1.7999999523162842
12882464,1.7999999523162842
12884448,1.7999999523162842
12885440,1.7999999523162842
12886544,1.7999999523162842
12893168,1.7999999523162842
12894336,1.7999999523162842
12894400,1.7999999523162842
12894704,1.7999999523162842
12896624,1.7999999523162842
12897808,1.7999999523162842
12898960,1.7999999523162842
12899312,1.7999999523162842
12901840,1.7999999523162842
12904064,1.7999999523162842
12906304,1.7999999523162842
12909264,1.7999999523162842
12909696,1.7999999523162842
12911152,1.7999999523162842
12913008,1.7999999523162842
12913280,1.7999999523162842
12915824,1.7999999523162842
12918688,1.7999999523162842
12920064,1.7999999523162842
12920768,1.7999999523162842
12920848,1.7999999523162842
12920896,1.7999999523162842
12921184,1.7999999523162842
12922144,1.7999999523162842
12924416,1.7999999523162842
12924688,1.7999999523162842
12926064,1.7999999523162842
12926752,1.7999999523162842
12927840,1.7999999523162842
12928256,1.7999999523162842
12928672,1.7999999523162842
12929648,1.7999999523162842
12932448,1.7999999523162842
12932928,1.7999999523162842
12933104,1.7999999523162842
12934464,1.7999999523162842
12934672,1.7999999523162842
12935024,1.7999999523162842
12935664,1.7999999523162842
12936480,1.7999999523162842
12937952,1.7999999523162842
12937968,1.7999999523162842
12938320,1.7999999523162842
12938960,1.7999999523162842
12940176,1.7999999523162842
12940224,1.7999999523162842
12942704,1.7999999523162842
12942896,1.7999999523162842
12943008,1.7999999523162842
12943696,1.7999999523162842
12945776,1.7999999523162842
12946288,1.7999999523162842
12946768,1.7999999523162842
12947712,1.7999999523162842
12952240,1.7999999523162842
12952288,1.7999999523162842
12954608,1.7999999523162842
12956864,1.7999999523162842
12960560,1.7999999523162842
12961616,1.7999999523162842
12961760,1.7999999523162842
12961840,1.7999999523162842
12962752,1.7999999523162842
12963360,1.7999999523162842
12964176,1.7999999523162842
12965424,1.7999999523162842
12969248,1.7999999523162842
12971136,1.7999999523162842
12972400,1.7999999523162842
12972496,1.7999999523162842
12976096,1.7999999523162842
12976624,1.7999999523162842
12976944,1.7999999523162842
12977280,1.7999999523162842
12980400,1.7999999523162842
12982800,1.7999999523162842
12984320,1.7999999523162842
12984960,1.7999999523162842
12988272,1.7999999523162842
12989648,1.7999999523162842
12990768,1.7999999523162842
12994720,1.7999999523162842
12995024,1.7999999523162842
12995904,1.7999999523162842
13000688,1.7999999523162842
13001072,1.7999999523162842
13003536,1.7999999523162842
13004080,1.7999999523162842
13004512,1.7999999523162842
13004624,1.7999999523162842
13007920,1.7999999523162842
13009472,1.7999999523162842
13012864,1.7999999523162842
13013152,1.7999999523162842
13013504,1.7999999523162842
13014800,1.7999999523162842
13018000,1.7999999523162842
13021648,1.7999999523162842
13022144,1.7999999523162842
13023936,1.7999999523162842
13025456,1.7999999523162842
13025472,1.7999999523162842
13026480,1.7999999523162842
13027488,1.7999999523162842
13027824,1.7999999523162842
13028272,1.7999999523162842
13028304,1.7999999523162842
13028752,1.7999999523162842
13029376,1.7999999523162842
13030864,1.7999999523162842
13031008,1.7999999523162842
13031760,1.7999999523162842
13032208,1.7999999523162842
13035136,1.7999999523162842
13035856,1.7999999523162842
13038656,1.7999999523162842
13040608,1.7999999523162842
13041872,1.7999999523162842
13042000,1.7999999523162842
13042224,1.7999999523162842
13042400,1.7999999523162842
13042448,1.7999999523162842
13042480,1.7999999523162842
13043584,1.7999999523162842
13046048,1.7999999523162842
13046848,1.7999999523162842
13047872,1.7999999523162842
13048288,1.7999999523162842
13049856,1.7999999523162842
13051584,1.7999999523162842
13051936,1.7999999523162842
13058624,1.7999999523162842
13058864,1.7999999523162842
13062000,1.7999999523162842
13062944,1.7999999523162842
13063536,1.7999999523162842
13064256,1.7999999523162842
13065616,1.7999999523162842
13068768,1.7999999523162842
13069168,1.7999999523162842
13070352,1.7999999523162842
13070512,1.7999999523162842
13082032,1.7999999523162842
13085184,1.7999999523162842
13085968,1.7999999523162842
13085984,1.7999999523162842
13088064,1.7999999523162842
13088480,1.7999999523162842
13088896,1.7999999523162842
13091008,1.7999999523162842
13091392,1.7999999523162842
13091632,1.7999999523162842
13093040,1.7999999523162842
13093952,1.7999999523162842
13094896,1.7999999523162842
13096944,1.7999999523162842
13096976,1.7999999523162842
13098912,1.7999999523162842
13100912,1.7999999523162842
13104704,1.7999999523162842
13104880,1.7999999523162842
13107328,1.7999999523162842
13108896,1.7999999523162842
13109904,1.7999999523162842
13112960,1.7999999523162842
13114288,1.7999999523162842
13115168,1.7999999523162842
13116720,1.7999999523162842
13117360,1.7999999523162842
13119552,1.7999999523162842
13120096,1.7999999523162842
13121728,1.7999999523162842
13124480,1.7999999523162842
13125936,1.7999999523162842
13130656,1.7999999523162842
13130992,1.7999999523162842
13134368,1.7999999523162842
13137152,1.7999999523162842
13139152,1.7999999523162842
13140352,1.7999999523162842
13141408,1.7999999523162842
13142592,1.7999999523162842
13147696,1.7999999523162842
13148032,1.7999999523162842
13148832,1.7999999523162842
13150928,1.7999999523162842
13151088,1.7999999523162842
13151328,1.7999999523162842
13152976,1.7999999523162842
13153264,1.7999999523162842
13155520,1.7999999523162842
13156384,1.7999999523162842
13157904,1.7999999523162842
13159728,1.7999999523162842
13161328,1.7999999523162842
13162224,1.7999999523162842
13162560,1.7999999523162842
13163168,1.7999999523162842
13164352,1.7999999523162842
13168576,1.7999999523162842
13170080,1.7999999523162842
13170752,1.7999999523162842
13171152,1.7999999523162842
13171424,1.7999999523162842
13171616,1.7999999523162842
13172352,1.7999999523162842
13174816,1.7999999523162842
13176048,1.7999999523162842
13176448,1.7999999523162842
13176832,1.7999999523162842
13177392,1.7999999523162842
13179552,1.7999999523162842
13181888,1.7999999523162842
13182080,1.7999999523162842
13187888,1.7999999523162842
13188896,1.7999999523162842
13189296,1.7999999523162842
13189344,1.7999999523162842
13189632,1.7999999523162842
13190032,1.7999999523162842
13190112,1.7999999523162842
13191136,1.7999999523162842
13197408,1.7999999523162842
13198176,1.7999999523162842
13200960,1.7999999523162842
13201184,1.7999999523162842
13204160,1.7999999523162842
13206400,1.7999999523162842
13206752,1.7999999523162842
13207520,1.7999999523162842
13207920,1.7999999523162842
13209408,1.7999999523162842
13212864,1.7999999523162842
13214592,1.7999999523162842
13215088,1.7999999523162842
13217248,1.7999999523162842
13221632,1.7999999523162842
13223088,1.7999999523162842
13223360,1.7999999523162842
13223552,1.7999999523162842
13227408,1.7999999523162842
13229808,1.7999999523162842
13237328,1.7999999523162842
13240320,1.7999999523162842
13240432,1.7999999523162842
13240800,1.7999999523162842
13241024,1.7999999523162842
13241568,1.7999999523162842
13242704,1.7999999523162842
13243808,1.7999999523162842
13246112,1.7999999523162842
13248608,1.7999999523162842
13249840,1.7999999523162842
13252000,1.7999999523162842
13256352,1.7999999523162842
13256864,1.7999999523162842
13257472,1.7999999523162842
13260416,1.7999999523162842
13261024,1.7999999523162842
13261648,1.7999999523162842
13263312,1.7999999523162842
13264384,1.7999999523162842
13267840,1.7999999523162842
13271360,1.7999999523162842
13276288,1.7999999523162842
13276304,1.7999999523162842
13276816,1.7999999523162842
13278304,1.7999999523162842
13278512,1.7999999523162842
13278592,1.7999999523162842
13279712,1.7999999523162842
13280560,1.7999999523162842
13281008,1.7999999523162842
13281840,1.7999999523162842
13282704,1.7999999523162842
13282784,1.7999999523162842
13284160,1.7999999523162842
13285984,1.7999999523162842
13287104,1.7999999523162842
13287616,1.7999999523162842
13292880,1.7999999523162842
13297120,1.7999999523162842
13299376,1.7999999523162842
13300096,1.7999999523162842
13304336,1.7999999523162842
13304384,1.7999999523162842
13305104,1.7999999523162842
13307504,1.7999999523162842
13309888,1.7999999523162842
13310128,1.7999999523162842
13311264,1.7999999523162842
13312336,1.7999999523162842
13313792,1.7999999523162842
13314112,1.7999999523162842
13316688,1.7999999523162842
13317536,1.7999999523162842
13320672,1.7999999523162842
13322256,1.7999999523162842
13322336,1.7999999523162842
13323456,1.7999999523162842
13323664,1.7999999523162842
13323888,1.7999999523162842
13326320,1.7999999523162842
13326912,1.7999999523162842
13329984,1.7999999523162842
13330432,1.7999999523162842
13331312,1.7999999523162842
13333200,1.7999999523162842
13335664,1.7999999523162842
13339776,1.7999999523162842
13339888,1.7999999523162842
13341648,1.7999999523162842
13345424,1.7999999523162842
13346192,1.7999999523162842
13346640,1.7999999523162842
13347424,1.7999999523162842
13348352,1.7999999523162842
13351136,1.7999999523162842
13351424,1.7999999523162842
13352560,1.7999999523162842
13356416,1.7999999523162842
13357360,1.7999999523162842
13357424,1.7999999523162842
13358720,1.7999999523162842
13360784,1.7999999523162842
13360896,1.7999999523162842
13362160,1.7999999523162842
13363680,1.7999999523162842
13364720,1.7999999523162842
13366080,1.7999999523162842
13367744,1.7999999523162842
13371216,1.7999999523162842
13371312,1.7999999523162842
13372176,1.7999999523162842
13373216,1.7999999523162842
13377936,1.7999999523162842
13378288,1.7999999523162842
13379488,1.7999999523162842
13381616,1.7999999523162842
13385360,1.7999999523162842
13385680,1.7999999523162842
13387568,1.7999999523162842
13388816,1.7999999523162842
13390864,1.7999999523162842
13391456,1.7999999523162842
13393648,1.7999999523162842
13395488,1.7999999523162842
13397440,1.7999999523162842
13397696,1.7999999523162842
13398016,1.7999999523162842
13401072,1.7999999523162842
13403344,1.7999999523162842
13404144,1.7999999523162842
13406160,1.7999999523162842
13406832,1.7999999523162842
13406880,1.7999999523162842
13408016,1.7999999523162842
13408896,1.7999999523162842
13410768,1.7999999523162842
13411056,1.7999999523162842
13412560,1.7999999523162842
13413120,1.7999999523162842
13415408,1.7999999523162842
13419968,1.7999999523162842
13420608,1.7999999523162842
13420928,1.7999999523162842
13421072,1.7999999523162842
13423472,1.7999999523162842
13423664,1.7999999523162842
13425632,1.7999999523162842
13426608,1.7999999523162842
13428336,1.7999999523162842
13428448,1.7999999523162842
13429952,1.7999999523162842
13430176,1.7999999523162842
13432528,1.7999999523162842
13433056,1.7999999523162842
13433920,1.7999999523162842
13434560,1.7999999523162842
13435264,1.7999999523162842
13438256,1.7999999523162842
13438576,1.7999999523162842
13440080,1.7999999523162842
13440752,1.7999999523162842
13443328,1.7999999523162842
13443728,1.7999999523162842
13445648,1.7999999523162842
13447712,1.7999999523162842
13447952,1.7999999523162842
13449040,1.7999999523162842
13449328,1.7999999523162842
13450992,1.7999999523162842
13454576,1.7999999523162842
13454656,1.7999999523162842
13455968,1.7999999523162842
13456064,1.7999999523162842
13456384,1.7999999523162842
13458000,1.7999999523162842
13458224,1.7999999523162842
13460016,1.7999999523162842
13460720,1.7999999523162842
13461760,1.7999999523162842
13465136,1.7999999523162842
13466176,1.7999999523162842
13468608,1.7999999523162842
13469920,1.7999999523162842
13469968,1.7999999523162842
13471072,1.7999999523162842
13475024,1.7999999523162842
13475808,1.7999999523162842
13481088,1.7999999523162842
13482560,1.7999999523162842
13484976,1.7999999523162842
13486768,1.7999999523162842
13487440,1.7999999523162842
13488000,1.7999999523162842
13488416,1.7999999523162842
13489760,1.7999999523162842
13489856,1.7999999523162842
13491936,1.7999999523162842
13492080,1.7999999523162842
13492256,1.7999999523162842
13495200,1.7999999523162842
13496384,1.7999999523162842
13496672,1.7999999523162842
13497712,1.7999999523162842
13498848,1.7999999523162842
13500032,1.7999999523162842
13503216,1.7999999523162842
13503360,1.7999999523162842
13505888,1.7999999523162842
13506032,1.7999999523162842
13506496,1.7999999523162842
13509856,1.7999999523162842
13512144,1.7999999523162842
13512496,1.7999999523162842
13512976,1.7999999523162842
13514656,1.7999999523162842
13515232,1.7999999523162842
13518848,1.7999999523162842
13521424,1.7999999523162842
13522704,1.7999999523162842
13522976,1.7999999523162842
13525968,1.7999999523162842
13528464,1.7999999523162842
13528560,1.7999999523162842
13529264,1.7999999523162842
13530768,1.7999999523162842
13530880,1.7999999523162842
13531728,1.7999999523162842
13532496,1.7999999523162842
13535120,1.7999999523162842
13535648,1.7999999523162842
13535840,1.7999999523162842
13536464,1.7999999523162842
13551360,1.7999999523162842
13551952,1.7999999523162842
13552000,1.7999999523162842
13554784,1.7999999523162842
13555488,1.7999999523162842
13556464,1.7999999523162842
13557968,1.7999999523162842
13559280,1.7999999523162842
13560224,1.7999999523162842
13560400,1.7999999523162842
13560768,1.7999999523162842
13561552,1.7999999523162842
13563248,1.7999999523162842
13563584,1.7999999523162842
13564496,1.7999999523162842
13564656,1.7999999523162842
13565520,1.7999999523162842
13565696,1.7999999523162842
13567600,1.7999999523162842
13567840,1.7999999523162842
13568864,1.7999999523162842
13570176,1.7999999523162842
13570416,1.7999999523162842
13572800,1.7999999523162842
13574560,1.7999999523162842
13576704,1.7999999523162842
13577712,1.7999999523162842
13583648,1.7999999523162842
13587968,1.7999999523162842
13589680,1.7999999523162842
13592640,1.7999999523162842
13593808,1.7999999523162842
13594976,1.7999999523162842
13597472,1.7999999523162842
13600672,1.7999999523162842
13600896,1.7999999523162842
13603296,1.7999999523162842
13604080,1.7999999523162842
13604960,1.7999999523162842
13605808,1.7999999523162842
13608464,1.7999999523162842
13610944,1.7999999523162842
13611296,1.7999999523162842
13613600,1.7999999523162842
13613776,1.7999999523162842
13615424,1.7999999523162842
13617760,1.7999999523162842
13618512,1.7999999523162842
13620320,1.7999999523162842
13620480,1.7999999523162842
13622224,1.7999999523162842
13626096,1.7999999523162842
13626800,1.7999999523162842
13630496,1.7999999523162842
13631584,1.7999999523162842
13633232,1.7999999523162842
13633424,1.7999999523162842
13635008,1.7999999523162842
13635232,1.7999999523162842
13636992,1.7999999523162842
13638736,1.7999999523162842
13638816,1.7999999523162842
13638848,1.7999999523162842
13640048,1.7999999523162842
13642048,1.7999999523162842
13645008,1.7999999523162842
13645760,1.7999999523162842
13646880,1.7999999523162842
13647344,1.7999999523162842
13648160,1.7999999523162842
13649552,1.7999999523162842
13651216,1.7999999523162842
13652240,1.7999999523162842
13653312,1.7999999523162842
13661152,1.7999999523162842
13661408,1.7999999523162842
13661648,1.7999999523162842
13661856,1.7999999523162842
13664048,1.7999999523162842
13664544,1.7999999523162842
13665904,1.7999999523162842
13666848,1.7999999523162842
13671440,1.7999999523162842
13674912,1.7999999523162842
13675424,1.7999999523162842
13676720,1.7999999523162842
13678704,1.7999999523162842
13682688,1.7999999523162842
13685088,1.7999999523162842
13689472,1.7999999523162842
13689840,1.7999999523162842
13690448,1.7999999523162842
13693616,1.7999999523162842
13694688,1.7999999523162842
13695792,1.7999999523162842
13696752,1.7999999523162842
13697808,1.7999999523162842
13700528,1.7999999523162842
13700688,1.7999999523162842
13701296,1.7999999523162842
13705008,1.7999999523162842
13706992,1.7999999523162842
13709952,1.7999999523162842
13710224,1.7999999523162842
13710544,1.7999999523162842
13710832,1.7999999523162842
13712864,1.7999999523162842
13714352,1.7999999523162842
13716464,1.7999999523162842
13717840,1.7999999523162842
13721792,1.7999999523162842
13721920,1.7999999523162842
13722752,1.7999999523162842
13723120,1.7999999523162842
13723488,1.7999999523162842
13724480,1.7999999523162842
13725504,1.7999999523162842
13725664,1.7999999523162842
13726064,1.7999999523162842
13726240,1.7999999523162842
13726928,1.7999999523162842
13726960,1.7999999523162842
13727792,1.7999999523162842
13730704,1.7999999523162842
13732144,1.7999999523162842
13732976,1.7999999523162842
13739040,1.7999999523162842
13740304,1.7999999523162842
13742368,1.7999999523162842
13742448,1.7999999523162842
13744816,1.7999999523162842
13748416,1.7999999523162842
13748720,1.7999999523162842
13749120,1.7999999523162842
13752016,1.7999999523162842
13756880,1.7999999523162842
13757088,1.7999999523162842
13758816,1.7999999523162842
13759568,1.7999999523162842
13763520,1.7999999523162842
13764032,1.7999999523162842
13765744,1.7999999523162842
13767456,1.7999999523162842
13768864,1.7999999523162842
13770192,1.7999999523162842
13771392,1.7999999523162842
13773792,1.7999999523162842
13775280,1.7999999523162842
13775680,1.7999999523162842
13776048,1.7999999523162842
13776240,1.7999999523162842
13776560,1.7999999523162842
13780416,1.7999999523162842
13783392,1.7999999523162842
13785392,1.7999999523162842
13786864,1.7999999523162842
13787888,1.7999999523162842
13788112,1.7999999523162842
13789488,1.7999999523162842
13789808,1.7999999523162842
13794464,1.7999999523162842
13794768,1.7999999523162842
13794912,1.7999999523162842
13794944,1.7999999523162842
13796608,1.7999999523162842
13804240,1.7999999523162842
13805888,1.7999999523162842
13808144,1.7999999523162842
13808960,1.7999999523162842
13810912,1.7999999523162842
13811888,1.7999999523162842
13812192,1.7999999523162842
13814144,1.7999999523162842
13816304,1.7999999523162842
13816848,1.7999999523162842
13817072,1.7999999523162842
13817120,1.7999999523162842
13817504,1.7999999523162842
13818320,1.7999999523162842
13818976,1.7999999523162842
13819904,1.7999999523162842
13820176,1.7999999523162842
13823616,1.7999999523162842
13826176,1.7999999523162842
13826272,1.7999999523162842
13826624,1.7999999523162842
13826672,1.7999999523162842
13828048,1.7999999523162842
13830768,1.7999999523162842
13830880,1.7999999523162842
13833104,1.7999999523162842
13833776,1.7999999523162842
13834208,1.7999999523162842
13835648,1.7999999523162842
13836560,1.7999999523162842
13838832,1.7999999523162842
13839856,1.7999999523162842
13841872,1.7999999523162842
13843888,1.7999999523162842
13846784,1.7999999523162842
13850688,1.7999999523162842
13855360,1.7999999523162842
13855776,1.7999999523162842
13856560,1.7999999523162842
13856816,1.7999999523162842
13858640,1.7999999523162842
13861952,1.7999999523162842
13864064,1.7999999523162842
13864784,1.7999999523162842
13865200,1.7999999523162842
13867712,1.7999999523162842
13868432,1.7999999523162842
13873216,1.7999999523162842
13875712,1.7999999523162842
13878416,1.7999999523162842
13880448,1.7999999523162842
13881040,1.7999999523162842
13881200,1.7999999523162842
13882288,1.7999999523162842
13882496,1.7999999523162842
13883024,1.7999999523162842
13887360,1.7999999523162842
13888544,1.7999999523162842
13888784,1.7999999523162842
13894128,1.7999999523162842
13895136,1.7999999523162842
13896368,1.7999999523162842
13899232,1.7999999523162842
13901120,1.7999999523162842
13902096,1.7999999523162842
13903312,1.7999999523162842
13906960,1.7999999523162842
13909984,1.7999999523162842
13911072,1.7999999523162842
13913264,1.7999999523162842
13913824,1.7999999523162842
13915360,1.7999999523162842
13916384,1.7999999523162842
13920128,1.7999999523162842
13920288,1.7999999523162842
13922128,1.7999999523162842
13923744,1.7999999523162842
13923904,1.7999999523162842
13925120,1.7999999523162842
13926304,1.7999999523162842
13927312,1.7999999523162842
13928000,1.7999999523162842
13929056,1.7999999523162842
13930816,1.7999999523162842
13931632,1.7999999523162842
13933024,1.7999999523162842
13933984,1.7999999523162842
13935152,1.7999999523162842
13937200,1.7999999523162842
13937952,1.7999999523162842
13940224,1.7999999523162842
13940320,1.7999999523162842
13942448,1.7999999523162842
13944656,1.7999999523162842
13945760,1.7999999523162842
13946608,1.7999999523162842
13948816,1.7999999523162842
13950128,1.7999999523162842
13951520,1.7999999523162842
13951920,1.7999999523162842
13954752,1.7999999523162842
13954928,1.7999999523162842
13955936,1.7999999523162842
13956928,1.7999999523162842
13958272,1.7999999523162842
13958304,1.7999999523162842
13958448,1.7999999523162842
13959552,1.7999999523162842
13962880,1.7999999523162842
13963488,1.7999999523162842
13964448,1.7999999523162842
13971088,1.7999999523162842
13971392,1.7999999523162842
13974096,1.7999999523162842
13974656,1.7999999523162842
13976368,1.7999999523162842
13978720,1.7999999523162842
13980144,1.7999999523162842
13980864,1.7999999523162842
13981568,1.7999999523162842
13982544,1.7999999523162842
13982880,1.7999999523162842
13982944,1.7999999523162842
13982976,1.7999999523162842
13983088,1.7999999523162842
13985936,1.7999999523162842
13987792,1.7999999523162842
13988240,1.7999999523162842
13989904,1.7999999523162842
13990160,1.7999999523162842
13990256,1.7999999523162842
13990432,1.7999999523162842
13991424,1.7999999523162842
13992208,1.7999999523162842
13995840,1.7999999523162842
13996560,1.7999999523162842
13997616,1.7999999523162842
14000608,1.7999999523162842
14002672,1.7999999523162842
14003008,1.7999999523162842
14008560,1.7999999523162842
14008896,1.7999999523162842
14009968,1.7999999523162842
14012080,1.7999999523162842
14016208,1.7999999523162842
14017264,1.7999999523162842
14022752,1.7999999523162842
14027104,1.7999999523162842
14027376,1.7999999523162842
14027888,1.7999999523162842
14029152,1.7999999523162842
14030176,1.7999999523162842
14030704,1.7999999523162842
14031312,1.7999999523162842
14034112,1.7999999523162842
14037280,1.7999999523162842
14037296,1.7999999523162842
14037328,1.7999999523162842
14038496,1.7999999523162842
14039808,1.7999999523162842
14043456,1.7999999523162842
14043808,1.7999999523162842
14044288,1.7999999523162842
14044496,1.7999999523162842
14046432,1.7999999523162842
14050384,1.7999999523162842
14050784,1.7999999523162842
14051072,1.7999999523162842
14053456,1.7999999523162842
14056448,1.7999999523162842
14056576,1.7999999523162842
14058240,1.7999999523162842
14060208,1.7999999523162842
14062288,1.7999999523162842
14062592,1.7999999523162842
14063888,1.7999999523162842
14063936,1.7999999523162842
14065824,1.7999999523162842
14069264,1.7999999523162842
14069664,1.7999999523162842
14071024,1.7999999523162842
14073424,1.7999999523162842
14076064,1.7999999523162842
14078480,1.7999999523162842
14078560,1.7999999523162842
14078880,1.7999999523162842
14080576,1.7999999523162842
14083024,1.7999999523162842
14083936,1.7999999523162842
14087248,1.7999999523162842
14087328,1.7999999523162842
14087520,1.7999999523162842
14089504,1.7999999523162842
14092832,1.7999999523162842
14093040,1.7999999523162842
14093200,1.7999999523162842
14094304,1.7999999523162842
14094880,1.7999999523162842
14095168,1.7999999523162842
14095296,1.7999999523162842
14097120,1.7999999523162842
14098224,1.7999999523162842
14100288,1.7999999523162842
14100752,1.7999999523162842
14102960,1.7999999523162842
14103664,1.7999999523162842
14104096,1.7999999523162842
14106800,1.7999999523162842
14106816,1.7999999523162842
14111456,1.7999999523162842
14111568,1.7999999523162842
14111728,1.7999999523162842
14112320,1.7999999523162842
14112656,1.7999999523162842
14113536,1.7999999523162842
14119712,1.7999999523162842
14120896,1.7999999523162842
14121056,1.7999999523162842
14123072,1.7999999523162842
14123568,1.7999999523162842
14123600,1.7999999523162842
14124048,1.7999999523162842
14124064,1.7999999523162842
14125248,1.7999999523162842
14126912,1.7999999523162842
14128016,1.7999999523162842
14130432,1.7999999523162842
14130784,1.7999999523162842
14131264,1.7999999523162842
14132832,1.7999999523162842
14135040,1.7999999523162842
14137344,1.7999999523162842
14137408,1.7999999523162842
14138864,1.7999999523162842
14145040,1.7999999523162842
14147120,1.7999999523162842
14149520,1.7999999523162842
14150368,1.7999999523162842
14150736,1.7999999523162842
14154464,1.7999999523162842
14154912,1.7999999523162842
14155504,1.7999999523162842
14155936,1.7999999523162842
14156864,1.7999999523162842
14157216,1.7999999523162842
14159024,1.7999999523162842
14159648,1.7999999523162842
14160192,1.7999999523162842
14160288,1.7999999523162842
14161344,1.7999999523162842
14161520,1.7999999523162842
14162192,1.7999999523162842
14162400,1.7999999523162842
14164064,1.7999999523162842
14164416,1.7999999523162842
14167648,1.7999999523162842
14168336,1.7999999523162842
14169296,1.7999999523162842
14169600,1.7999999523162842
14169952,1.7999999523162842
14170560,1.7999999523162842
14172592,1.7999999523162842
14175184,1.7999999523162842
14176144,1.7999999523162842
14181232,1.7999999523162842
14183200,1.7999999523162842
14185504,1.7999999523162842
14187504,1.7999999523162842
14187984,1.7999999523162842
14188976,1.7999999523162842
14189280,1.7999999523162842
14190384,1.7999999523162842
14191984,1.7999999523162842
14193008,1.7999999523162842
14193552,1.7999999523162842
14194512,1.7999999523162842
14199744,1.7999999523162842
14199952,1.7999999523162842
14201248,1.7999999523162842
14201808,1.7999999523162842
14202160,1.7999999523162842
14207536,1.7999999523162842
14207872,1.7999999523162842
14210640,1.7999999523162842
14211392,1.7999999523162842
14212224,1.7999999523162842
14213136,1.7999999523162842
14213792,1.7999999523162842
14214768,1.7999999523162842
14215328,1.7999999523162842
14216528,1.7999999523162842
14222016,1.7999999523162842
14222336,1.7999999523162842
14222592,1.7999999523162842
14222864,1.7999999523162842
14227104,1.7999999523162842
14227632,1.7999999523162842
14228096,1.7999999523162842
14228128,1.7999999523162842
14228368,1.7999999523162842
14228496,1.7999999523162842
14228560,1.7999999523162842
14230016,1.7999999523162842
14230288,1.7999999523162842
14230992,1.7999999523162842
14231648,1.7999999523162842
14236752,1.7999999523162842
14236992,1.7999999523162842
14237728,1.7999999523162842
14237872,1.7999999523162842
14239376,1.7999999523162842
14239600,1.7999999523162842
14239920,1.7999999523162842
14241280,1.7999999523162842
14241984,1.7999999523162842
14242176,1.7999999523162842
14243056,1.7999999523162842
14244320,1.7999999523162842
14244368,1.7999999523162842
14246528,1.7999999523162842
14246624,1.7999999523162842
14247872,1.7999999523162842
14249968,1.7999999523162842
14251584,1.7999999523162842
14252656,1.7999999523162842
14252672,1.7999999523162842
14257056,1.7999999523162842
14257152,1.7999999523162842
14257616,1.7999999523162842
14258192,1.7999999523162842
14258672,1.7999999523162842
14259664,1.7999999523162842
14262448,1.7999999523162842
14262464,1.7999999523162842
14263120,1.7999999523162842
14268160,1.7999999523162842
14268752,1.7999999523162842
14270480,1.7999999523162842
14271072,1.7999999523162842
14272704,1.7999999523162842
14274800,1.7999999523162842
14274832,1.7999999523162842
14277472,1.7999999523162842
14277808,1.7999999523162842
14278400,1.7999999523162842
14278832,1.7999999523162842
14279920,1.7999999523162842
14280464,1.7999999523162842
14286160,1.7999999523162842
14287280,1.7999999523162842
14287984,1.7999999523162842
14289696,1.7999999523162842
14290576,1.7999999523162842
14290656,1.7999999523162842
14290944,1.7999999523162842
14296096,1.7999999523162842
14296112,1.7999999523162842
14297664,1.7999999523162842
14297840,1.7999999523162842
14298528,1.7999999523162842
14298816,1.7999999523162842
14300832,1.7999999523162842
14302080,1.7999999523162842
14303216,1.7999999523162842
14304064,1.7999999523162842
14306496,1.7999999523162842
14307472,1.7999999523162842
14311792,1.7999999523162842
14312064,1.7999999523162842
14312096,1.7999999523162842
14316464,1.7999999523162842
14317040,1.7999999523162842
14321392,1.7999999523162842
14321424,1.7999999523162842
14322768,1.7999999523162842
14325648,1.7999999523162842
14328784,1.7999999523162842
14331968,1.7999999523162842
14333360,1.7999999523162842
14336032,1.7999999523162842
14339968,1.7999999523162842
14342528,1.7999999523162842
14344480,1.7999999523162842
14345232,1.7999999523162842
14345504,1.7999999523162842
14346688,1.7999999523162842
14346896,1.7999999523162842
14348912,1.7999999523162842
14350496,1.7999999523162842
14350576,1.7999999523162842
14351472,1.7999999523162842
14356192,1.7999999523162842
14356240,1.7999999523162842
14356384,1.7999999523162842
14356608,1.7999999523162842
14357232,1.7999999523162842
14358416,1.7999999523162842
14358944,1.7999999523162842
14361248,1.7999999523162842
14362832,1.7999999523162842
14365168,1.7999999523162842
14365200,1.7999999523162842
14368704,1.7999999523162842
14369216,1.7999999523162842
14372384,1.7999999523162842
14373408,1.7999999523162842
14373696,1.7999999523162842
14376912,1.7999999523162842
14377776,1.7999999523162842
14377936,1.7999999523162842
14378528,1.7999999523162842
14381024,1.7999999523162842
14382816,1.7999999523162842
14384224,1.7999999523162842
14384736,1.7999999523162842
14387648,1.7999999523162842
14388368,1.7999999523162842
14389344,1.7999999523162842
14392576,1.7999999523162842
14396032,1.7999999523162842
14396992,1.7999999523162842
14400432,1.7999999523162842
14403424,1.7999999523162842
14404800,1.7999999523162842
14405104,1.7999999523162842
14406432,1.7999999523162842
14406624,1.7999999523162842
14408304,1.7999999523162842
14409088,1.7999999523162842
14409488,1.7999999523162842
14411008,1.7999999523162842
14412672,1.7999999523162842
14414416,1.7999999523162842
14414672,1.7999999523162842
14415136,1.7999999523162842
14415584,1.7999999523162842
14419024,1.7999999523162842
14419472,1.7999999523162842
14424560,1.7999999523162842
14426880,1.7999999523162842
14429952,1.7999999523162842
14430592,1.7999999523162842
14432880,1.7999999523162842
14433168,1.7999999523162842
14434560,1.7999999523162842
14435840,1.7999999523162842
14436880,1.7999999523162842
14438816,1.7999999523162842
14440688,1.7999999523162842
14444368,1.7999999523162842
14444512,1.7999999523162842
14448304,1.7999999523162842
14448432,1.7999999523162842
14448688,1.7999999523162842
14456448,1.7999999523162842
14457856,1.7999999523162842
14458560,1.7999999523162842
14459136,1.7999999523162842
14459440,1.7999999523162842
14459808,1.7999999523162842
14461936,1.7999999523162842
14462112,1.7999999523162842
14464016,1.7999999523162842
14464368,1.7999999523162842
14465584,1.7999999523162842
14465792,1.7999999523162842
14468704,1.7999999523162842
14469056,1.7999999523162842
14469376,1.7999999523162842
14470656,1.7999999523162842
14471328,1.7999999523162842
14476304,1.7999999523162842
14477008,1.7999999523162842
14477696,1.7999999523162842
14478224,1.7999999523162842
14478560,1.7999999523162842
14479552,1.7999999523162842
14481072,1.7999999523162842
14481376,1.7999999523162842
14484832,1.7999999523162842
14484864,1.7999999523162842
14485008,1.7999999523162842
14486416,1.7999999523162842
14486880,1.7999999523162842
14487152,1.7999999523162842
14487408,1.7999999523162842
14487744,1.7999999523162842
14488368,1.7999999523162842
14489232,1.7999999523162842
14491312,1.7999999523162842
14491472,1.7999999523162842
14495056,1.7999999523162842
14495184,1.7999999523162842
14495552,1.7999999523162842
14502016,1.7999999523162842
14504096,1.7999999523162842
14505600,1.7999999523162842
14506096,1.7999999523162842
14507744,1.7999999523162842
14508032,1.7999999523162842
14510448,1.7999999523162842
14512592,1.7999999523162842
14515808,1.7999999523162842
14520032,1.7999999523162842
14525488,1.7999999523162842
14526000,1.7999999523162842
14526160,1.7999999523162842
14527584,1.7999999523162842
14529152,1.7999999523162842
14530672,1.7999999523162842
14532000,1.7999999523162842
14535840,1.7999999523162842
14538640,1.7999999523162842
14539744,1.7999999523162842
14541152,1.7999999523162842
14543056,1.7999999523162842
14543264,1.7999999523162842
14544112,1.7999999523162842
14544256,1.7999999523162842
14544368,1.7999999523162842
14545712,1.7999999523162842
14546320,1.7999999523162842
14548592,1.7999999523162842
14552528,1.7999999523162842
14553744,1.7999999523162842
14554656,1.7999999523162842
14556992,1.7999999523162842
14557472,1.7999999523162842
14557648,1.7999999523162842
14559712,1.7999999523162842
14561600,1.7999999523162842
14562480,1.7999999523162842
14564224,1.7999999523162842
14565360,1.7999999523162842
14565632,1.7999999523162842
14566048,1.7999999523162842
14570112,1.7999999523162842
14573248,1.7999999523162842
14574560,1.7999999523162842
14574864,1.7999999523162842
14582272,1.7999999523162842
14582432,1.7999999523162842
14583232,1.7999999523162842
14583616,1.7999999523162842
14583840,1.7999999523162842
14583872,1.7999999523162842
14584336,1.7999999523162842
14586800,1.7999999523162842
14591648,1.7999999523162842
14593408,1.7999999523162842
14595744,1.7999999523162842
14602928,1.7999999523162842
14604112,1.7999999523162842
14605232,1.7999999523162842
14608176,1.7999999523162842
14609392,1.7999999523162842
14611824,1.7999999523162842
14612192,1.7999999523162842
14613504,1.7999999523162842
14614688,1.7999999523162842
14615344,1.7999999523162842
14616944,1.7999999523162842
14618736,1.7999999523162842
14619632,1.7999999523162842
14620464,1.7999999523162842
14623776,1.7999999523162842
14624704,1.7999999523162842
14625008,1.7999999523162842
14628768,1.7999999523162842
14629200,1.7999999523162842
14633488,1.7999999523162842
14634432,1.7999999523162842
14635728,1.7999999523162842
14636528,1.7999999523162842
14638016,1.7999999523162842
14638304,1.7999999523162842
14639728,1.7999999523162842
14639776,1.7999999523162842
14640064,1.7999999523162842
14643984,1.7999999523162842
14647280,1.7999999523162842
14647600,1.7999999523162842
14649952,1.7999999523162842
14650192,1.7999999523162842
14650928,1.7999999523162842
14653808,1.7999999523162842
14656288,1.7999999523162842
14657488,1.7999999523162842
14660608,1.7999999523162842
14661552,1.7999999523162842
14661792,1.7999999523162842
14662480,1.7999999523162842
14663264,1.7999999523162842
14663968,1.7999999523162842
14664384,1.7999999523162842
14666256,1.7999999523162842
14666720,1.7999999523162842
14666928,1.7999999523162842
14667424,1.7999999523162842
14668576,1.7999999523162842
14669136,1.7999999523162842
14671408,1.7999999523162842
14671872,1.7999999523162842
14673296,1.7999999523162842
14676080,1.7999999523162842
14678176,1.7999999523162842
14678560,1.7999999523162842
14678608,1.7999999523162842
14679584,1.7999999523162842
14681648,1.7999999523162842
14683920,1.7999999523162842
14684960,1.7999999523162842
14688144,1.7999999523162842
14688688,1.7999999523162842
14688784,1.7999999523162842
14690352,1.7999999523162842
14692544,1.7999999523162842
14693248,1.7999999523162842
14694000,1.7999999523162842
14694048,1.7999999523162842
14696032,1.7999999523162842
14699584,1.7999999523162842
14702992,1.7999999523162842
14705136,1.7999999523162842
14710528,1.7999999523162842
14711904,1.7999999523162842
14712400,1.7999999523162842
14712704,1.7999999523162842
14715888,1.7999999523162842
14715920,1.7999999523162842
14717328,1.7999999523162842
14718432,1.7999999523162842
14718640,1.7999999523162842
14719888,1.7999999523162842
14721200,1.7999999523162842
14721536,1.7999999523162842
14721632,1.7999999523162842
14721808,1.7999999523162842
14721936,1.7999999523162842
14723264,1.7999999523162842
14724784,1.7999999523162842
14724944,1.7999999523162842
14725872,1.7999999523162842
14726144,1.7999999523162842
14727200,1.7999999523162842
14727984,1.7999999523162842
14730224,1.7999999523162842
14731424,1.7999999523162842
14733520,1.7999999523162842
14734368,1.7999999523162842
14734624,1.7999999523162842
14734976,1.7999999523162842
14739248,1.7999999523162842
14739824,1.7999999523162842
14739904,1.7999999523162842
14742576,1.7999999523162842
14743840,1.7999999523162842
14746400,1.7999999523162842
14747808,1.7999999523162842
14748384,1.7999999523162842
14749360,1.7999999523162842
14751840,1.7999999523162842
14754736,1.7999999523162842
14754832,1.7999999523162842
14755264,1.7999999523162842
14758976,1.7999999523162842
14759360,1.7999999523162842
14759936,1.7999999523162842
14761296,1.7999999523162842
14761968,1.7999999523162842
14762192,1.7999999523162842
14763888,1.7999999523162842
14766272,1.7999999523162842
14766752,1.7999999523162842
14766784,1.7999999523162842
14770144,1.7999999523162842
14771744,1.7999999523162842
14773504,1.7999999523162842
14774432,1.7999999523162842
14777968,1.7999999523162842
14778784,1.7999999523162842
14780352,1.7999999523162842
14780912,1.7999999523162842
14782288,1.7999999523162842
14782560,1.7999999523162842
14783136,1.7999999523162842
14783824,1.7999999523162842
14784960,1.7999999523162842
14788320,1.7999999523162842
14788336,1.7999999523162842
14789952,1.7999999523162842
14794448,1.7999999523162842
14797744,1.7999999523162842
14798064,1.7999999523162842
14798608,1.7999999523162842
14800608,1.7999999523162842
14800928,1.7999999523162842
14801216,1.7999999523162842
14803360,1.7999999523162842
14805744,1.7999999523162842
14807088,1.7999999523162842
14808256,1.7999999523162842
14808864,1.7999999523162842
14810864,1.7999999523162842
14811840,1.7999999523162842
14813168,1.7999999523162842
14813824,1.7999999523162842
14814592,1.7999999523162842
14815664,1.7999999523162842
14816784,1.7999999523162842
14817040,1.7999999523162842
14822480,1.7999999523162842
14825248,1.7999999523162842
14826064,1.7999999523162842
14826784,1.7999999523162842
14829104,1.7999999523162842
14829152,1.7999999523162842
14830864,1.7999999523162842
14833264,1.7999999523162842
14833536,1.7999999523162842
14835520,1.7999999523162842
14836048,1.7999999523162842
14836064,1.7999999523162842
14837088,1.7999999523162842
14837504,1.7999999523162842
14839056,1.7999999523162842
14839760,1.7999999523162842
14840512,1.7999999523162842
14842032,1.7999999523162842
14842752,1.7999999523162842
14846128,1.7999999523162842
14846416,1.7999999523162842
14846864,1.7999999523162842
14848240,1.7999999523162842
14848736,1.7999999523162842
14850192,1.7999999523162842
14850240,1.7999999523162842
14853696,1.7999999523162842
14855920,1.7999999523162842
14857600,1.7999999523162842
14858624,1.7999999523162842
14859024,1.7999999523162842
14859264,1.7999999523162842
14862512,1.7999999523162842
14866384,1.7999999523162842
14867760,1.7999999523162842
14868208,1.7999999523162842
14869920,1.7999999523162842
14869936,1.7999999523162842
14871280,1.7999999523162842
14871648,1.7999999523162842
14871792,1.7999999523162842
14873072,1.7999999523162842
14873696,1.7999999523162842
14875328,1.7999999523162842
14880432,1.7999999523162842
14882640,1.7999999523162842
14883264,1.7999999523162842
14883488,1.7999999523162842
14885264,1.7999999523162842
14886160,1.7999999523162842
14886896,1.7999999523162842
14889072,1.7999999523162842
14889680,1.7999999523162842
14891424,1.7999999523162842
14892224,1.7999999523162842
14893184,1.7999999523162842
14894880,1.7999999523162842
14899008,1.7999999523162842
14899344,1.7999999523162842
14901936,1.7999999523162842
14903216,1.7999999523162842
14904784,1.7999999523162842
14907680,1.7999999523162842
14911456,1.7999999523162842
14917040,1.7999999523162842
14918656,1.7999999523162842
14921872,1.7999999523162842
14925568,1.7999999523162842
14928528,1.7999999523162842
14929280,1.7999999523162842
14930416,1.7999999523162842
14931216,1.7999999523162842
14932640,1.7999999523162842
14933760,1.7999999523162842
14935664,1.7999999523162842
14936416,1.7999999523162842
14937760,1.7999999523162842
14941328,1.7999999523162842
14943328,1.7999999523162842
14944688,1.7999999523162842
14944848,1.7999999523162842
14945680,1.7999999523162842
14946528,1.7999999523162842
14947568,1.7999999523162842
14947792,1.7999999523162842
14949088,1.7999999523162842
14949296,1.7999999523162842
14949328,1.7999999523162842
14950496,1.7999999523162842
14951168,1.7999999523162842
14952064,1.7999999523162842
14953504,1.7999999523162842
14954544,1.7999999523162842
14957200,1.7999999523162842
14958576,1.7999999523162842
14961840,1.7999999523162842
14961936,1.7999999523162842
14962512,1.7999999523162842
14965504,1.7999999523162842
14965520,1.7999999523162842
14966128,1.7999999523162842
14966816,1.7999999523162842
14967648,1.7999999523162842
14968016,1.7999999523162842
14968480,1.7999999523162842
14969264,1.7999999523162842
14969456,1.7999999523162842
14969888,1.7999999523162842
14970656,1.7999999523162842
14970800,1.7999999523162842
14971040,1.7999999523162842
14971440,1.7999999523162842
14972592,1.7999999523162842
14978880,1.7999999523162842
14978928,1.7999999523162842
14980400,1.7999999523162842
14981280,1.7999999523162842
14981344,1.7999999523162842
14981488,1.7999999523162842
14981648,1.7999999523162842
14983072,1.7999999523162842
14986480,1.7999999523162842
14987632,1.7999999523162842
14988672,1.7999999523162842
14989168,1.7999999523162842
14990624,1.7999999523162842
14991360,1.7999999523162842
