step,value
272,180.0
912,180.0
1072,180.0
1168,180.0
3648,180.0
4896,180.0
8368,180.0
8496,180.0
10672,180.0
12256,180.0
14160,180.0
14752,180.0
15744,180.0
16928,180.0
17488,180.0
19808,180.0
22576,180.0
23744,180.0
24336,180.0
26064,180.0
28336,180.0
29840,180.0
30432,180.0
30832,180.0
32480,180.0
34464,180.0
34720,180.0
38224,180.0
39616,180.0
40048,180.0
40240,180.0
41376,180.0
41664,180.0
48096,180.0
48144,180.0
53264,180.0
53360,180.0
53488,180.0
54384,180.0
54688,180.0
54976,180.0
57664,180.0
58240,180.0
58336,180.0
59456,180.0
60640,180.0
62784,180.0
63136,180.0
64944,180.0
64976,180.0
65824,180.0
66208,180.0
66784,180.0
70048,180.0
72448,180.0
73328,180.0
75264,180.0
76320,180.0
76464,180.0
77632,180.0
77680,180.0
78672,180.0
79056,180.0
80736,180.0
85120,180.0
87024,180.0
90272,180.0
93088,180.0
95696,180.0
97952,180.0
98192,180.0
98432,180.0
100016,180.0
100832,180.0
101696,180.0
104656,180.0
105760,180.0
107568,180.0
109024,180.0
112592,180.0
114000,180.0
116064,180.0
117056,180.0
117632,180.0
118000,180.0
118432,180.0
121024,180.0
123552,180.0
129744,180.0
130576,180.0
133232,180.0
134848,180.0
134912,180.0
138656,180.0
139056,180.0
144048,180.0
144544,180.0
144976,180.0
145456,180.0
148320,180.0
148720,180.0
149280,180.0
150640,180.0
151136,180.0
152384,180.0
153360,180.0
153856,180.0
155184,180.0
157296,180.0
157312,180.0
159376,180.0
159424,180.0
160320,180.0
164976,180.0
166608,180.0
168128,180.0
170528,180.0
171280,180.0
174656,180.0
176576,180.0
176704,180.0
177808,180.0
178288,180.0
181088,180.0
182352,180.0
186480,180.0
187952,180.0
188080,180.0
192032,180.0
192976,180.0
193792,180.0
194784,180.0
195056,180.0
195696,180.0
197520,180.0
197664,180.0
200112,180.0
200304,180.0
200864,180.0
201520,180.0
202256,180.0
203408,180.0
206464,180.0
214608,180.0
214656,180.0
215376,180.0
218400,180.0
221104,180.0
222576,180.0
223392,180.0
223488,180.0
224928,180.0
227136,180.0
228128,180.0
230960,180.0
231248,180.0
231968,180.0
232784,180.0
233104,180.0
233648,180.0
234528,180.0
236656,180.0
237504,180.0
237792,180.0
239456,180.0
239728,180.0
240688,180.0
242960,180.0
248192,180.0
248208,180.0
248416,180.0
253744,180.0
254368,180.0
254560,180.0
257424,180.0
257488,180.0
259232,180.0
259264,180.0
263824,180.0
268352,180.0
269008,180.0
269488,180.0
269760,180.0
269808,180.0
269952,180.0
273312,180.0
273552,180.0
274688,180.0
274752,180.0
276272,180.0
277408,180.0
282080,180.0
282480,180.0
285312,180.0
285616,180.0
285888,180.0
285936,180.0
286512,180.0
287552,180.0
289728,180.0
289888,180.0
291184,180.0
291440,180.0
292272,180.0
296080,180.0
298640,180.0
298736,180.0
299904,180.0
301184,180.0
302336,180.0
305008,180.0
305408,180.0
310064,180.0
311056,180.0
312416,180.0
312560,180.0
312976,180.0
316048,180.0
316272,180.0
318000,180.0
320336,180.0
320368,180.0
320544,180.0
320704,180.0
321920,180.0
322064,180.0
322672,180.0
323568,180.0
324448,180.0
325536,180.0
328000,180.0
329888,180.0
330464,180.0
330640,180.0
331264,180.0
336160,180.0
337472,180.0
340496,180.0
341840,180.0
345072,180.0
345584,180.0
346704,180.0
346832,180.0
346928,180.0
347744,180.0
347968,180.0
348064,180.0
350656,180.0
350672,180.0
351648,180.0
351712,180.0
353664,180.0
354816,180.0
355664,180.0
357584,180.0
360384,180.0
360544,180.0
360864,180.0
361920,180.0
362592,180.0
362752,180.0
366992,180.0
367968,180.0
368368,180.0
369872,180.0
371632,180.0
373632,180.0
374832,180.0
375680,180.0
375920,180.0
376496,180.0
379648,180.0
380880,180.0
382080,180.0
382784,180.0
382880,180.0
386512,180.0
387616,180.0
391760,180.0
392240,180.0
392336,180.0
394656,180.0
396848,180.0
398064,180.0
400464,180.0
402944,180.0
403696,180.0
403984,180.0
404672,180.0
405104,180.0
406224,180.0
406288,180.0
408352,180.0
410864,180.0
411664,180.0
413072,180.0
414096,180.0
414528,180.0
414560,180.0
416176,180.0
416528,180.0
417328,180.0
417808,180.0
420112,180.0
422016,180.0
431616,180.0
431952,180.0
432928,180.0
434704,180.0
435408,180.0
437792,180.0
438608,180.0
440000,180.0
441440,180.0
443120,180.0
446112,180.0
446752,180.0
447600,180.0
448320,180.0
450448,180.0
451408,180.0
451824,180.0
453616,180.0
454528,180.0
454752,180.0
456032,180.0
456224,180.0
457136,180.0
461744,180.0
463456,180.0
465920,180.0
470544,180.0
470704,180.0
472464,180.0
472608,180.0
475984,180.0
476544,180.0
477648,180.0
478592,180.0
481488,180.0
482688,180.0
484336,180.0
487200,180.0
488048,180.0
491392,180.0
492816,180.0
493408,180.0
495584,180.0
496720,180.0
498800,180.0
500768,180.0
502080,180.0
503856,180.0
505360,180.0
506768,180.0
507680,180.0
508384,180.0
509056,180.0
509424,180.0
512656,180.0
513200,180.0
513792,180.0
515728,180.0
517952,180.0
518432,180.0
521040,180.0
523504,180.0
523792,180.0
524160,180.0
527424,180.0
530368,180.0
532336,180.0
533376,180.0
533584,180.0
533648,180.0
535040,180.0
538096,180.0
540640,180.0
540688,180.0
541568,180.0
541824,180.0
543376,180.0
543472,180.0
544368,180.0
549984,180.0
553904,180.0
554192,180.0
555232,180.0
555904,180.0
556976,180.0
557152,180.0
558400,180.0
561184,180.0
563248,180.0
565568,180.0
567168,180.0
576560,180.0
576768,180.0
579280,180.0
581456,180.0
582608,180.0
583648,180.0
584240,180.0
585328,180.0
592496,180.0
594384,180.0
595584,180.0
597536,180.0
598416,180.0
602928,180.0
603728,180.0
608576,180.0
609392,180.0
609920,180.0
611392,180.0
612864,180.0
615920,180.0
616240,180.0
617008,180.0
618496,180.0
618752,180.0
619136,180.0
619232,180.0
622832,180.0
624240,180.0
626752,180.0
627408,180.0
629232,180.0
630384,180.0
630592,180.0
631776,180.0
632336,180.0
633184,180.0
633760,180.0
634272,180.0
636224,180.0
640624,180.0
641024,180.0
643056,180.0
643728,180.0
646480,180.0
647168,180.0
648544,180.0
649536,180.0
650688,180.0
652128,180.0
652656,180.0
653488,180.0
653536,180.0
654992,180.0
655504,180.0
656112,180.0
660192,180.0
660480,180.0
661424,180.0
663904,180.0
664656,180.0
666960,180.0
669936,180.0
669968,180.0
672512,180.0
675264,180.0
675616,180.0
675808,180.0
676960,180.0
679280,180.0
680672,180.0
685280,180.0
686352,180.0
687296,180.0
687776,180.0
688224,180.0
689168,180.0
691712,180.0
691840,180.0
693184,180.0
694784,180.0
698256,180.0
699952,180.0
700176,180.0
701088,180.0
703328,180.0
704224,180.0
706992,180.0
707872,180.0
708672,180.0
708880,180.0
712272,180.0
713056,180.0
714272,180.0
715936,180.0
719024,180.0
720128,180.0
720768,180.0
722032,180.0
723504,180.0
724736,180.0
725136,180.0
725504,180.0
725616,180.0
725664,180.0
728272,180.0
728768,180.0
730848,180.0
733312,180.0
734688,180.0
736272,180.0
738896,180.0
741888,180.0
742112,180.0
742848,180.0
747376,180.0
748288,180.0
748528,180.0
750400,180.0
752592,180.0
761280,180.0
763920,180.0
765664,180.0
766256,180.0
768784,180.0
769200,180.0
769232,180.0
769520,180.0
770000,180.0
770272,180.0
770656,180.0
771808,180.0
771936,180.0
774672,180.0
777216,180.0
778080,180.0
778928,180.0
782112,180.0
783152,180.0
784736,180.0
787824,180.0
788048,180.0
789168,180.0
792064,180.0
793456,180.0
793472,180.0
794832,180.0
796688,180.0
802992,180.0
803696,180.0
804400,180.0
805520,180.0
805792,180.0
807360,180.0
808256,180.0
810464,180.0
811296,180.0
814912,180.0
815248,180.0
815408,180.0
817488,180.0
817696,180.0
818576,180.0
820976,180.0
822800,180.0
824048,180.0
825248,180.0
825632,180.0
825792,180.0
826464,180.0
827152,180.0
831360,180.0
832432,180.0
835600,180.0
836112,180.0
836480,180.0
837552,180.0
837600,180.0
837728,180.0
838096,180.0
838736,180.0
839424,180.0
839440,180.0
841168,180.0
841632,180.0
842304,180.0
843328,180.0
844880,180.0
846976,180.0
847216,180.0
847984,180.0
849088,180.0
851072,180.0
852816,180.0
856944,180.0
857712,180.0
858368,180.0
859376,180.0
860784,180.0
861712,180.0
863616,180.0
863648,180.0
865184,180.0
865328,180.0
866304,180.0
868944,180.0
870960,180.0
872320,180.0
874048,180.0
876112,180.0
876544,180.0
879136,180.0
879488,180.0
880432,180.0
882032,180.0
882704,180.0
883936,180.0
884784,180.0
888832,180.0
891664,180.0
894432,180.0
897312,180.0
897360,180.0
897408,180.0
898832,180.0
899296,180.0
900000,180.0
902720,180.0
903056,180.0
905920,180.0
908992,180.0
915824,180.0
916176,180.0
916992,180.0
919008,180.0
921328,180.0
925056,180.0
925328,180.0
925808,180.0
927936,180.0
928032,180.0
930640,180.0
932080,180.0
934240,180.0
935184,180.0
935600,180.0
937040,180.0
937712,180.0
938048,180.0
938912,180.0
940496,180.0
940864,180.0
943024,180.0
943328,180.0
943776,180.0
944672,180.0
947184,180.0
948080,180.0
953792,180.0
956768,180.0
957632,180.0
957888,180.0
960464,180.0
961056,180.0
961952,180.0
963888,180.0
964688,180.0
967280,180.0
967632,180.0
968544,180.0
974064,180.0
974416,180.0
976864,180.0
977616,180.0
978480,180.0
985200,180.0
988784,180.0
989104,180.0
989600,180.0
994528,180.0
994688,180.0
995472,180.0
995648,180.0
999792,180.0
1000560,180.0
1003120,180.0
1006144,180.0
1006256,180.0
1008000,180.0
1010208,180.0
1011488,180.0
1013808,180.0
1015024,180.0
1016144,180.0
1017568,180.0
1017952,180.0
1020288,180.0
1021424,180.0
1024048,180.0
1025088,180.0
1029776,180.0
1031760,180.0
1034224,180.0
1036992,180.0
1037120,180.0
1038240,180.0
1038272,180.0
1038544,180.0
1047808,180.0
1048192,180.0
1051488,180.0
1052496,180.0
1053264,180.0
1053296,180.0
1053504,180.0
1054192,180.0
1054800,180.0
1059456,180.0
1059568,180.0
1061920,180.0
1064672,180.0
1064832,180.0
1071264,180.0
1071824,180.0
1073760,180.0
1073776,180.0
1074320,180.0
1076656,180.0
1078416,180.0
1078432,180.0
1078512,180.0
1079360,180.0
1085200,180.0
1085728,180.0
1087424,180.0
1090224,180.0
1092096,180.0
1092560,180.0
1103696,180.0
1105120,180.0
1109520,180.0
1110688,180.0
1111536,180.0
1115840,180.0
1116192,180.0
1118512,180.0
1119920,180.0
1120032,180.0
1121024,180.0
1121088,180.0
1121152,180.0
1121424,180.0
1122512,180.0
1122944,180.0
1123120,180.0
1123200,180.0
1124608,180.0
1127696,180.0
1131424,180.0
1131440,180.0
1132976,180.0
1136848,180.0
1137488,180.0
1140624,180.0
1141200,180.0
1142384,180.0
1142512,180.0
1145600,180.0
1146304,180.0
1151392,180.0
1151968,180.0
1155856,180.0
1157472,180.0
1157520,180.0
1158400,180.0
1158896,180.0
1160480,180.0
1160784,180.0
1161712,180.0
1164176,180.0
1167088,180.0
1168768,180.0
1169600,180.0
1172112,180.0
1172736,180.0
1175600,180.0
1176656,180.0
1176848,180.0
1177888,180.0
1179184,180.0
1180640,180.0
1180992,180.0
1181264,180.0
1182544,180.0
1182656,180.0
1183584,180.0
1186432,180.0
1187408,180.0
1188288,180.0
1188496,180.0
1188800,180.0
1190832,180.0
1193712,180.0
1195504,180.0
1196336,180.0
1196400,180.0
1199712,180.0
1200896,180.0
1201856,180.0
1201904,180.0
1202496,180.0
1204176,180.0
1204896,180.0
1205920,180.0
1207344,180.0
1207472,180.0
1210800,180.0
1212432,180.0
1212880,180.0
1214048,180.0
1215312,180.0
1216384,180.0
1217936,180.0
1220976,180.0
1222624,180.0
1223104,180.0
1225840,180.0
1229936,180.0
1230048,180.0
1231808,180.0
1232240,180.0
1233168,180.0
1234736,180.0
1235040,180.0
1237328,180.0
1238032,180.0
1239200,180.0
1240480,180.0
1249296,180.0
1252608,180.0
1253168,180.0
1254144,180.0
1254560,180.0
1257008,180.0
1258992,180.0
1259952,180.0
1262608,180.0
1263504,180.0
1267008,180.0
1269056,180.0
1272736,180.0
1272832,180.0
1273712,180.0
1275232,180.0
1275280,180.0
1277232,180.0
1281216,180.0
1283408,180.0
1283552,180.0
1290128,180.0
1291264,180.0
1292416,180.0
1294160,180.0
1295392,180.0
1295968,180.0
1298480,180.0
1298560,180.0
1299168,180.0
1299808,180.0
1304400,180.0
1304464,180.0
1306656,180.0
1307040,180.0
1307408,180.0
1310416,180.0
1311296,180.0
1311344,180.0
1312064,180.0
1312256,180.0
1314928,180.0
1317136,180.0
1317232,180.0
1320224,180.0
1320480,180.0
1324128,180.0
1327552,180.0
1327840,180.0
1330528,180.0
1330688,180.0
1335088,180.0
1336096,180.0
1336784,180.0
1338048,180.0
1338192,180.0
1342016,180.0
1343232,180.0
1346256,180.0
1347968,180.0
1348768,180.0
1349600,180.0
1352304,180.0
1359328,180.0
1361056,180.0
1361248,180.0
1362400,180.0
1363376,180.0
1363424,180.0
1366768,180.0
1374928,180.0
1376144,180.0
1377904,180.0
1380880,180.0
1381536,180.0
1382992,180.0
1383088,180.0
1385936,180.0
1388464,180.0
1388496,180.0
1389184,180.0
1391872,180.0
1392432,180.0
1392624,180.0
1392784,180.0
1393312,180.0
1394496,180.0
1394608,180.0
1396208,180.0
1397504,180.0
1403408,180.0
1404208,180.0
1405136,180.0
1405296,180.0
1405376,180.0
1405472,180.0
1407776,180.0
1411728,180.0
1414512,180.0
1415792,180.0
1416144,180.0
1418608,180.0
1422560,180.0
1422720,180.0
1425504,180.0
1426208,180.0
1428576,180.0
1429296,180.0
1429680,180.0
1430880,180.0
1431024,180.0
1432176,180.0
1432272,180.0
1433984,180.0
1435872,180.0
1439760,180.0
1440432,180.0
1442656,180.0
1447008,180.0
1448496,180.0
1450656,180.0
1450992,180.0
1451072,180.0
1452016,180.0
1455648,180.0
1455664,180.0
1457248,180.0
1458592,180.0
1458976,180.0
1462816,180.0
1462912,180.0
1463664,180.0
1464960,180.0
1464992,180.0
1465360,180.0
1465984,180.0
1466032,180.0
1467264,180.0
1472688,180.0
1472720,180.0
1473440,180.0
1474784,180.0
1475936,180.0
1478304,180.0
1478816,180.0
1479424,180.0
1480944,180.0
1483088,180.0
1488976,180.0
1490880,180.0
1491424,180.0
1493808,180.0
1495088,180.0
1496448,180.0
1502576,180.0
1502656,180.0
1506224,180.0
1509808,180.0
1509920,180.0
1510208,180.0
1512544,180.0
1514240,180.0
1514368,180.0
1514528,180.0
1515424,180.0
1517424,180.0
1518176,180.0
1520592,180.0
1520656,180.0
1521552,180.0
1521808,180.0
1523120,180.0
1523776,180.0
1523808,180.0
1524048,180.0
1526288,180.0
1529472,180.0
1531088,180.0
1536432,180.0
1540080,180.0
1540416,180.0
1542400,180.0
1545200,180.0
1545632,180.0
1546544,180.0
1548624,180.0
1549424,180.0
1551744,180.0
1551888,180.0
1552144,180.0
1552336,180.0
1555392,180.0
1558224,180.0
1559744,180.0
1560656,180.0
1560736,180.0
1561392,180.0
1563360,180.0
1564752,180.0
1565424,180.0
1568192,180.0
1568448,180.0
1572560,180.0
1573824,180.0
1575328,180.0
1578000,180.0
1581808,180.0
1582528,180.0
1584240,180.0
1585040,180.0
1585472,180.0
1586064,180.0
1586304,180.0
1589168,180.0
1589376,180.0
1589920,180.0
1590736,180.0
1591552,180.0
1592080,180.0
1593232,180.0
1594784,180.0
1595664,180.0
1596176,180.0
1599008,180.0
1600000,180.0
1600752,180.0
1602240,180.0
1602880,180.0
1605072,180.0
1605376,180.0
1610400,180.0
1611696,180.0
1612128,180.0
1613104,180.0
1619632,180.0
1619760,180.0
1620480,180.0
1622864,180.0
1624768,180.0
1626048,180.0
1626096,180.0
1626560,180.0
1626848,180.0
1627600,180.0
1628384,180.0
1628512,180.0
1629344,180.0
1630032,180.0
1636448,180.0
1637312,180.0
1637648,180.0
1638320,180.0
1639296,180.0
1639616,180.0
1640032,180.0
1640096,180.0
1640592,180.0
1641488,180.0
1641920,180.0
1642848,180.0
1643472,180.0
1644608,180.0
1644752,180.0
1646336,180.0
1649088,180.0
1649904,180.0
1651072,180.0
1651504,180.0
1653984,180.0
1655712,180.0
1655856,180.0
1657104,180.0
1657856,180.0
1658368,180.0
1658800,180.0
1659216,180.0
1659456,180.0
1659840,180.0
1660656,180.0
1662384,180.0
1662496,180.0
1664016,180.0
1668128,180.0
1669648,180.0
1671456,180.0
1671632,180.0
1672064,180.0
1672208,180.0
1685552,180.0
1686816,180.0
1687440,180.0
1689824,180.0
1689888,180.0
1690992,180.0
1692384,180.0
1693952,180.0
1696016,180.0
1696272,180.0
1696496,180.0
1698768,180.0
1698832,180.0
1699680,180.0
1702416,180.0
1702832,180.0
1703296,180.0
1704704,180.0
1706992,180.0
1711072,180.0
1716048,180.0
1722064,180.0
1723216,180.0
1723552,180.0
1724496,180.0
1727024,180.0
1727328,180.0
1728368,180.0
1729872,180.0
1730176,180.0
1731568,180.0
1732336,180.0
1734352,180.0
1734720,180.0
1736160,180.0
1738080,180.0
1738464,180.0
1739760,180.0
1740288,180.0
1740480,180.0
1741056,180.0
1741760,180.0
1743088,180.0
1745648,180.0
1748208,180.0
1749088,180.0
1751088,180.0
1751360,180.0
1752688,180.0
1753456,180.0
1757552,180.0
1757936,180.0
1758208,180.0
1758736,180.0
1760400,180.0
1760544,180.0
1761152,180.0
1766016,180.0
1767424,180.0
1769200,180.0
1771328,180.0
1775344,180.0
1775968,180.0
1778128,180.0
1778704,180.0
1779536,180.0
1780128,180.0
1780592,180.0
1784928,180.0
1785200,180.0
1786368,180.0
1793024,180.0
1793696,180.0
1796800,180.0
1797456,180.0
1801392,180.0
1801824,180.0
1802480,180.0
1803936,180.0
1805776,180.0
1807520,180.0
1807856,180.0
1808144,180.0
1808448,180.0
1809456,180.0
1811200,180.0
1816800,180.0
1818656,180.0
1820592,180.0
1820768,180.0
1825120,180.0
1827584,180.0
1829728,180.0
1831568,180.0
1835584,180.0
1838496,180.0
1838736,180.0
1840224,180.0
1841408,180.0
1842224,180.0
1842384,180.0
1843600,180.0
1843664,180.0
1844416,180.0
1846368,180.0
1851120,180.0
1854336,180.0
1855536,180.0
1856064,180.0
1858912,180.0
1859920,180.0
1862256,180.0
1864720,180.0
1869232,180.0
1869456,180.0
1870144,180.0
1871504,180.0
1872240,180.0
1872352,180.0
1873024,180.0
1873344,180.0
1874176,180.0
1874672,180.0
1875328,180.0
1875648,180.0
1878848,180.0
1879280,180.0
1879680,180.0
1880096,180.0
1881088,180.0
1884816,180.0
1891616,180.0
1891696,180.0
1892704,180.0
1892912,180.0
1893104,180.0
1896240,180.0
1896336,180.0
1897648,180.0
1898352,180.0
1900912,180.0
1902544,180.0
1902592,180.0
1902864,180.0
1903456,180.0
1904112,180.0
1908176,180.0
1912208,180.0
1915488,180.0
1915520,180.0
1917536,180.0
1919424,180.0
1923120,180.0
1923824,180.0
1927056,180.0
1931808,180.0
1933200,180.0
1935648,180.0
1937024,180.0
1938848,180.0
1940672,180.0
1943408,180.0
1943664,180.0
1944256,180.0
1948496,180.0
1950064,180.0
1952992,180.0
1953056,180.0
1953104,180.0
1953744,180.0
1954912,180.0
1955520,180.0
1955648,180.0
1956672,180.0
1960928,180.0
1960944,180.0
1962016,180.0
1962880,180.0
1962960,180.0
1963280,180.0
1963408,180.0
1964256,180.0
1965424,180.0
1967792,180.0
1969216,180.0
1969872,180.0
1974000,180.0
1979200,180.0
1979504,180.0
1979584,180.0
1982016,180.0
1984144,180.0
1984352,180.0
1984880,180.0
1986304,180.0
1986400,180.0
1986560,180.0
1987952,180.0
1989120,180.0
1989456,180.0
1992240,180.0
1992656,180.0
1993440,180.0
1994032,180.0
1995072,180.0
1996752,180.0
1997792,180.0
1997808,180.0
1998480,180.0
2000752,180.0
2001664,180.0
2004960,180.0
2005312,180.0
2005632,180.0
2006432,180.0
2007072,180.0
2008816,180.0
2010640,180.0
2011632,180.0
2013152,180.0
2013680,180.0
2013792,180.0
2014368,180.0
2017408,180.0
2017648,180.0
2019616,180.0
2020192,180.0
2020496,180.0
2020512,180.0
2020784,180.0
2023952,180.0
2025840,180.0
2027152,180.0
2027984,180.0
2028144,180.0
2028192,180.0
2030528,180.0
2030624,180.0
2031840,180.0
2031952,180.0
2032640,180.0
2035184,180.0
2035472,180.0
2036816,180.0
2037584,180.0
2038640,180.0
2039216,180.0
2041648,180.0
2047840,180.0
2048384,180.0
2048896,180.0
2053776,180.0
2056944,180.0
2057376,180.0
2058448,180.0
2059392,180.0
2060800,180.0
2063344,180.0
2063504,180.0
2063568,180.0
2064896,180.0
2066304,180.0
2067664,180.0
2069248,180.0
2070752,180.0
2073200,180.0
2073776,180.0
2075184,180.0
2077024,180.0
2077248,180.0
2077616,180.0
2078752,180.0
2078912,180.0
2079424,180.0
2081664,180.0
2082208,180.0
2083216,180.0
2088944,180.0
2091968,180.0
2094352,180.0
2103152,180.0
2103184,180.0
2104608,180.0
2107632,180.0
2107664,180.0
2113440,180.0
2113552,180.0
2114064,180.0
2116592,180.0
2116672,180.0
2119696,180.0
2120928,180.0
2121520,180.0
2121632,180.0
2122288,180.0
2122304,180.0
2122672,180.0
2124880,180.0
2128816,180.0
2129232,180.0
2129264,180.0
2129440,180.0
2130704,180.0
2131312,180.0
2133680,180.0
2133792,180.0
2133824,180.0
2136752,180.0
2136832,180.0
2138240,180.0
2140560,180.0
2141120,180.0
2141472,180.0
2143872,180.0
2146064,180.0
2148976,180.0
2149488,180.0
2152752,180.0
2157328,180.0
2157664,180.0
2163088,180.0
2164032,180.0
2164560,180.0
2168064,180.0
2170128,180.0
2172816,180.0
2175648,180.0
2176896,180.0
2177168,180.0
2178944,180.0
2182448,180.0
2183328,180.0
2186368,180.0
2186432,180.0
2186624,180.0
2189440,180.0
2191696,180.0
2191952,180.0
2191968,180.0
2194272,180.0
2194336,180.0
2195696,180.0
2197264,180.0
2198208,180.0
2198896,180.0
2198944,180.0
2199408,180.0
2200608,180.0
2201712,180.0
2202000,180.0
2205168,180.0
2205536,180.0
2206336,180.0
2208608,180.0
2209184,180.0
2212128,180.0
2214528,180.0
2214544,180.0
2215312,180.0
2216320,180.0
2216336,180.0
2220672,180.0
2220800,180.0
2226528,180.0
2229264,180.0
2230032,180.0
2231424,180.0
2231840,180.0
2232400,180.0
2239776,180.0
2239920,180.0
2245184,180.0
2246256,180.0
2247568,180.0
2247792,180.0
2248864,180.0
2251184,180.0
2253152,180.0
2254816,180.0
2256400,180.0
2256848,180.0
2259008,180.0
2264640,180.0
2265216,180.0
2265232,180.0
2267248,180.0
2267648,180.0
2268528,180.0
2268976,180.0
2272000,180.0
2272512,180.0
2272800,180.0
2275152,180.0
2275664,180.0
2277488,180.0
2279088,180.0
2281760,180.0
2284192,180.0
2285120,180.0
2287760,180.0
2291488,180.0
2293632,180.0
2294320,180.0
2294352,180.0
2295024,180.0
2295728,180.0
2296832,180.0
2297712,180.0
2298160,180.0
2301392,180.0
2304080,180.0
2304752,180.0
2306576,180.0
2308544,180.0
2309936,180.0
2310832,180.0
2312352,180.0
2312592,180.0
2312912,180.0
2318624,180.0
2320208,180.0
2320368,180.0
2320384,180.0
2320560,180.0
2324896,180.0
2326592,180.0
2327312,180.0
2327968,180.0
2328864,180.0
2332448,180.0
2335520,180.0
2335632,180.0
2336032,180.0
2336272,180.0
2337376,180.0
2341104,180.0
2341120,180.0
2342608,180.0
2343040,180.0
2343776,180.0
2344224,180.0
2346384,180.0
2351664,180.0
2355792,180.0
2358112,180.0
2358752,180.0
2358784,180.0
2364352,180.0
2365728,180.0
2368976,180.0
2369824,180.0
2370480,180.0
2371344,180.0
2372032,180.0
2373696,180.0
2379792,180.0
2382336,180.0
2383056,180.0
2386048,180.0
2388016,180.0
2389248,180.0
2390496,180.0
2390592,180.0
2395920,180.0
2396736,180.0
2397648,180.0
2398064,180.0
2400080,180.0
2400288,180.0
2401248,180.0
2401952,180.0
2402272,180.0
2402624,180.0
2403056,180.0
2405200,180.0
2407424,180.0
2407856,180.0
2414352,180.0
2418608,180.0
2418656,180.0
2425872,180.0
2431008,180.0
2431488,180.0
2431920,180.0
2433584,180.0
2435600,180.0
2436368,180.0
2436736,180.0
2440128,180.0
2440800,180.0
2442608,180.0
2443440,180.0
2446080,180.0
2449600,180.0
2449824,180.0
2450464,180.0
2456224,180.0
2457920,180.0
2459872,180.0
2460080,180.0
2464416,180.0
2466272,180.0
2469808,180.0
2470176,180.0
2471952,180.0
2472448,180.0
2476720,180.0
2478112,180.0
2478192,180.0
2479504,180.0
2480272,180.0
2485536,180.0
2486288,180.0
2490640,180.0
2491184,180.0
2492224,180.0
2499328,180.0
2502256,180.0
2502864,180.0
2508096,180.0
2508448,180.0
2509504,180.0
2510016,180.0
2510480,180.0
2516928,180.0
2517456,180.0
2518384,180.0
2518832,180.0
2522272,180.0
2523984,180.0
2524096,180.0
2524320,180.0
2528016,180.0
2528192,180.0
2529600,180.0
2530256,180.0
2531616,180.0
2532016,180.0
2532720,180.0
2534560,180.0
2534736,180.0
2535184,180.0
2536352,180.0
2537328,180.0
2539824,180.0
2542480,180.0
2543504,180.0
2543872,180.0
2544112,180.0
2544336,180.0
2544576,180.0
2546000,180.0
2547312,180.0
2547824,180.0
2548512,180.0
2551104,180.0
2553456,180.0
2555200,180.0
2555280,180.0
2555456,180.0
2555936,180.0
2555968,180.0
2559296,180.0
2559600,180.0
2562128,180.0
2562800,180.0
2564464,180.0
2564768,180.0
2566304,180.0
2566800,180.0
2567344,180.0
2567872,180.0
2569888,180.0
2570352,180.0
2570464,180.0
2573408,180.0
2573696,180.0
2576512,180.0
2577728,180.0
2577888,180.0
2579984,180.0
2582912,180.0
2583376,180.0
2584096,180.0
2584304,180.0
2589936,180.0
2591040,180.0
2591760,180.0
2593840,180.0
2595120,180.0
2597504,180.0
2597616,180.0
2597856,180.0
2597968,180.0
2604160,180.0
2604448,180.0
2605232,180.0
2605744,180.0
2606464,180.0
2609584,180.0
2609792,180.0
2612672,180.0
2615488,180.0
2615504,180.0
2618512,180.0
2619104,180.0
2621104,180.0
2622080,180.0
2622256,180.0
2626912,180.0
2627840,180.0
2631520,180.0
2632944,180.0
2634480,180.0
2634768,180.0
2636368,180.0
2637280,180.0
2641632,180.0
2642288,180.0
2645248,180.0
2645856,180.0
2646496,180.0
2646704,180.0
2647648,180.0
2651104,180.0
2654224,180.0
2654272,180.0
2654944,180.0
2654976,180.0
2655024,180.0
2655984,180.0
2659616,180.0
2659904,180.0
2662192,180.0
2663888,180.0
2664336,180.0
2668224,180.0
2669968,180.0
2670256,180.0
2677504,180.0
2677552,180.0
2680240,180.0
2681936,180.0
2682416,180.0
2682688,180.0
2682992,180.0
2684480,180.0
2685376,180.0
2687008,180.0
2687728,180.0
2688640,180.0
2690768,180.0
2692464,180.0
2692960,180.0
2693200,180.0
2694816,180.0
2695888,180.0
2696624,180.0
2698624,180.0
2698880,180.0
2700368,180.0
2700896,180.0
2701536,180.0
2704400,180.0
2705040,180.0
2706384,180.0
2707008,180.0
2707424,180.0
2707616,180.0
2709488,180.0
2710672,180.0
2713392,180.0
2714400,180.0
2719024,180.0
2719152,180.0
2719296,180.0
2722016,180.0
2724464,180.0
2725872,180.0
2727008,180.0
2727232,180.0
2731344,180.0
2732144,180.0
2733232,180.0
2733360,180.0
2734608,180.0
2738944,180.0
2741360,180.0
2743328,180.0
2744448,180.0
2746704,180.0
2747712,180.0
2748672,180.0
2751088,180.0
2751152,180.0
2754144,180.0
2754416,180.0
2755312,180.0
2755440,180.0
2759936,180.0
2760320,180.0
2760800,180.0
2762048,180.0
2763744,180.0
2765472,180.0
2768384,180.0
2770720,180.0
2771952,180.0
2774736,180.0
2775296,180.0
2775616,180.0
2777728,180.0
2777920,180.0
2778768,180.0
2780512,180.0
2780592,180.0
2781168,180.0
2782528,180.0
2784576,180.0
2785184,180.0
2786128,180.0
2786384,180.0
2788272,180.0
2788464,180.0
2789504,180.0
2789520,180.0
2791712,180.0
2793216,180.0
2794368,180.0
2794576,180.0
2795392,180.0
2797504,180.0
2797680,180.0
2798432,180.0
2799792,180.0
2803088,180.0
2804480,180.0
2804912,180.0
2806576,180.0
2807584,180.0
2808416,180.0
2813824,180.0
2813920,180.0
2814912,180.0
2815040,180.0
2816064,180.0
2818752,180.0
2823232,180.0
2823696,180.0
2827616,180.0
2827792,180.0
2829392,180.0
2829744,180.0
2831056,180.0
2833328,180.0
2835728,180.0
2836192,180.0
2836720,180.0
2838000,180.0
2838048,180.0
2838560,180.0
2840832,180.0
2842704,180.0
2842864,180.0
2846352,180.0
2848784,180.0
2849536,180.0
2855520,180.0
2855824,180.0
2856432,180.0
2860528,180.0
2860672,180.0
2862496,180.0
2864160,180.0
2869264,180.0
2872432,180.0
2875600,180.0
2878320,180.0
2879232,180.0
2879504,180.0
2884912,180.0
2886176,180.0
2886720,180.0
2887888,180.0
2889776,180.0
2889824,180.0
2891696,180.0
2897472,180.0
2899136,180.0
2899296,180.0
2901392,180.0
2903440,180.0
2907072,180.0
2910640,180.0
2911264,180.0
2911296,180.0
2914336,180.0
2914608,180.0
2914976,180.0
2915952,180.0
2916416,180.0
2920688,180.0
2920704,180.0
2925344,180.0
2928144,180.0
2928304,180.0
2932176,180.0
2932704,180.0
2933504,180.0
2933808,180.0
2934192,180.0
2935312,180.0
2938448,180.0
2942496,180.0
2945584,180.0
2947840,180.0
2948832,180.0
2950864,180.0
2952512,180.0
2954848,180.0
2956480,180.0
2959744,180.0
2961456,180.0
2962416,180.0
2965088,180.0
2969376,180.0
2969648,180.0
2970528,180.0
2972224,180.0
2977024,180.0
2977904,180.0
2979888,180.0
2980528,180.0
2983472,180.0
2983616,180.0
2984272,180.0
2986528,180.0
2988608,180.0
2990288,180.0
2990320,180.0
2990944,180.0
2991600,180.0
2991920,180.0
2994048,180.0
2994336,180.0
2994560,180.0
2996544,180.0
2996864,180.0
2998064,180.0
2999168,180.0
3002000,180.0
3003024,180.0
3007312,180.0
3007776,180.0
3008608,180.0
3010896,180.0
3012224,180.0
3012688,180.0
3013456,180.0
3013952,180.0
3014560,180.0
3015104,180.0
3018272,180.0
3023232,180.0
3024176,180.0
3024624,180.0
3026016,180.0
3026592,180.0
3027472,180.0
3027920,180.0
3030032,180.0
3030672,180.0
3031776,180.0
3032256,180.0
3033344,180.0
3038736,180.0
3039152,180.0
3040784,180.0
3047920,180.0
3052192,180.0
3053152,180.0
3055600,180.0
3057152,180.0
3057760,180.0
3059536,180.0
3059984,180.0
3061728,180.0
3062720,180.0
3065056,180.0
3065616,180.0
3066640,180.0
3068176,180.0
3068336,180.0
3069216,180.0
3069904,180.0
3070816,180.0
3070928,180.0
3071152,180.0
3071168,180.0
3071296,180.0
3071504,180.0
3071680,180.0
3072688,180.0
3073200,180.0
3075152,180.0
3076784,180.0
3077552,180.0
3078960,180.0
3080800,180.0
3080848,180.0
3081568,180.0
3083728,180.0
3084752,180.0
3089152,180.0
3089328,180.0
3090688,180.0
3091472,180.0
3091920,180.0
3091952,180.0
3092096,180.0
3094096,180.0
3096672,180.0
3096976,180.0
3099904,180.0
3101568,180.0
3102656,180.0
3105520,180.0
3108304,180.0
3109856,180.0
3111680,180.0
3112112,180.0
3112544,180.0
3112896,180.0
3113264,180.0
3114400,180.0
3115136,180.0
3117536,180.0
3118032,180.0
3119216,180.0
3122000,180.0
3124384,180.0
3124480,180.0
3125056,180.0
3126144,180.0
3129424,180.0
3131920,180.0
3132016,180.0
3133072,180.0
3135696,180.0
3135840,180.0
3136112,180.0
3136336,180.0
3136464,180.0
3141424,180.0
3147200,180.0
3147472,180.0
3148944,180.0
3150352,180.0
3154912,180.0
3155024,180.0
3156752,180.0
3161712,180.0
3162800,180.0
3162976,180.0
3170736,180.0
3172704,180.0
3173056,180.0
3174128,180.0
3175120,180.0
3175648,180.0
3176352,180.0
3176640,180.0
3181056,180.0
3182480,180.0
3184768,180.0
3186720,180.0
3189056,180.0
3191200,180.0
3192416,180.0
3192912,180.0
3198128,180.0
3201216,180.0
3203296,180.0
3203472,180.0
3205200,180.0
3205584,180.0
3206432,180.0
3206816,180.0
3206848,180.0
3209184,180.0
3209504,180.0
3210992,180.0
3212656,180.0
3216768,180.0
3216960,180.0
3219424,180.0
3220240,180.0
3222512,180.0
3222592,180.0
3224000,180.0
3225504,180.0
3226544,180.0
3227392,180.0
3228496,180.0
3229184,180.0
3229936,180.0
3230032,180.0
3230832,180.0
3235120,180.0
3235520,180.0
3236176,180.0
3236976,180.0
3237952,180.0
3239424,180.0
3242144,180.0
3247088,180.0
3247136,180.0
3247248,180.0
3248176,180.0
3248544,180.0
3249264,180.0
3250816,180.0
3251472,180.0
3253680,180.0
3255072,180.0
3255888,180.0
3257648,180.0
3259920,180.0
3260816,180.0
3260928,180.0
3261200,180.0
3262384,180.0
3263200,180.0
3264080,180.0
3265888,180.0
3266480,180.0
3267408,180.0
3268400,180.0
3269072,180.0
3269520,180.0
3270624,180.0
3273184,180.0
3273264,180.0
3273568,180.0
3273600,180.0
3276384,180.0
3276848,180.0
3278912,180.0
3279104,180.0
3286112,180.0
3287632,180.0
3288048,180.0
3288304,180.0
3288928,180.0
3289744,180.0
3291328,180.0
3291472,180.0
3292272,180.0
3294992,180.0
3295152,180.0
3297744,180.0
3300016,180.0
3300512,180.0
3300784,180.0
3308624,180.0
3309376,180.0
3310256,180.0
3310560,180.0
3310784,180.0
3314416,180.0
3314592,180.0
3319248,180.0
3319440,180.0
3319840,180.0
3322720,180.0
3323296,180.0
3325552,180.0
3328736,180.0
3329424,180.0
3329456,180.0
3330048,180.0
3330768,180.0
3331472,180.0
3331504,180.0
3331952,180.0
3332512,180.0
3336464,180.0
3337040,180.0
3338736,180.0
3340224,180.0
3342768,180.0
3342896,180.0
3343296,180.0
3344080,180.0
3344144,180.0
3344224,180.0
3344336,180.0
3344480,180.0
3345664,180.0
3345680,180.0
3346928,180.0
3350208,180.0
3351824,180.0
3352816,180.0
3353616,180.0
3355984,180.0
3356672,180.0
3357232,180.0
3357456,180.0
3357808,180.0
3357968,180.0
3359888,180.0
3366128,180.0
3368080,180.0
3368176,180.0
3368960,180.0
3370256,180.0
3372048,180.0
3374032,180.0
3374624,180.0
3379888,180.0
3381424,180.0
3381472,180.0
3381872,180.0
3382672,180.0
3382832,180.0
3382928,180.0
3383840,180.0
3385104,180.0
3385136,180.0
3387152,180.0
3389616,180.0
3390624,180.0
3392528,180.0
3393600,180.0
3396320,180.0
3401200,180.0
3405104,180.0
3406704,180.0
3406784,180.0
3409312,180.0
3411152,180.0
3412800,180.0
3414160,180.0
3414208,180.0
3416816,180.0
3418032,180.0
3418976,180.0
3419104,180.0
3419296,180.0
3419472,180.0
3420752,180.0
3420976,180.0
3422080,180.0
3422336,180.0
3429776,180.0
3431280,180.0
3431424,180.0
3432256,180.0
3433440,180.0
3434704,180.0
3435904,180.0
3437216,180.0
3439200,180.0
3439280,180.0
3441136,180.0
3442800,180.0
3443408,180.0
3444368,180.0
3446160,180.0
3451904,180.0
3452368,180.0
3452656,180.0
3452896,180.0
3453392,180.0
3455344,180.0
3457600,180.0
3461184,180.0
3461520,180.0
3463024,180.0
3463312,180.0
3464560,180.0
3465648,180.0
3465728,180.0
3466784,180.0
3466944,180.0
3468816,180.0
3469600,180.0
3471488,180.0
3475632,180.0
3481024,180.0
3482432,180.0
3485776,180.0
3487008,180.0
3488800,180.0
3494624,180.0
3497104,180.0
3499360,180.0
3500816,180.0
3501008,180.0
3503232,180.0
3505488,180.0
3505536,180.0
3509024,180.0
3510688,180.0
3511440,180.0
3511552,180.0
3512256,180.0
3512528,180.0
3514048,180.0
3514928,180.0
3517984,180.0
3519984,180.0
3520128,180.0
3521952,180.0
3523296,180.0
3523648,180.0
3529328,180.0
3529616,180.0
3530192,180.0
3531968,180.0
3535472,180.0
3536544,180.0
3537552,180.0
3537824,180.0
3537968,180.0
3538448,180.0
3541648,180.0
3543248,180.0
3544080,180.0
3544672,180.0
3545072,180.0
3546032,180.0
3546448,180.0
3548352,180.0
3550096,180.0
3550304,180.0
3551872,180.0
3552080,180.0
3552992,180.0
3553088,180.0
3554480,180.0
3556992,180.0
3558768,180.0
3560112,180.0
3568368,180.0
3569088,180.0
3570784,180.0
3572864,180.0
3574032,180.0
3576736,180.0
3579888,180.0
3583152,180.0
3588976,180.0
3589888,180.0
3590000,180.0
3595040,180.0
3596944,180.0
3597200,180.0
3597360,180.0
3599056,180.0
3600896,180.0
3601056,180.0
3602400,180.0
3602592,180.0
3604608,180.0
3609264,180.0
3610304,180.0
3611008,180.0
3612176,180.0
3613424,180.0
3614544,180.0
3615712,180.0
3618288,180.0
3618304,180.0
3619232,180.0
3619888,180.0
3620144,180.0
3620272,180.0
3622112,180.0
3625728,180.0
3627104,180.0
3628096,180.0
3628112,180.0
3628864,180.0
3631008,180.0
3631920,180.0
3632880,180.0
3635152,180.0
3637856,180.0
3638848,180.0
3639088,180.0
3639904,180.0
3640160,180.0
3641312,180.0
3643424,180.0
3644368,180.0
3646400,180.0
3647392,180.0
3650352,180.0
3651936,180.0
3652176,180.0
3656320,180.0
3656720,180.0
3657552,180.0
3662608,180.0
3662672,180.0
3663408,180.0
3663568,180.0
3664208,180.0
3667392,180.0
3669952,180.0
3670320,180.0
3672144,180.0
3676048,180.0
3677712,180.0
3678432,180.0
3679248,180.0
3681376,180.0
3682736,180.0
3682768,180.0
3683488,180.0
3683936,180.0
3685184,180.0
3686368,180.0
3686560,180.0
3694848,180.0
3696752,180.0
3698624,180.0
3706320,180.0
3710192,180.0
3711856,180.0
3712608,180.0
3713472,180.0
3714080,180.0
3718496,180.0
3718608,180.0
3718832,180.0
3721872,180.0
3722688,180.0
3725968,180.0
3726880,180.0
3727104,180.0
3727504,180.0
3730192,180.0
3731360,180.0
3731824,180.0
3732208,180.0
3732896,180.0
3737040,180.0
3737520,180.0
3738896,180.0
3739104,180.0
3740128,180.0
3740480,180.0
3741168,180.0
3742256,180.0
3743840,180.0
3744016,180.0
3746272,180.0
3747520,180.0
3748816,180.0
3749520,180.0
3749856,180.0
3750848,180.0
3751808,180.0
3753520,180.0
3754128,180.0
3755184,180.0
3756272,180.0
3757584,180.0
3758272,180.0
3758368,180.0
3759056,180.0
3760896,180.0
3761008,180.0
3763024,180.0
3766016,180.0
3766576,180.0
3767008,180.0
3767936,180.0
3770928,180.0
3772832,180.0
3774768,180.0
3774912,180.0
3780352,180.0
3780576,180.0
3780816,180.0
3780912,180.0
3781408,180.0
3783360,180.0
3784208,180.0
3785232,180.0
3786320,180.0
3786384,180.0
3788304,180.0
3796256,180.0
3797856,180.0
3799488,180.0
3800976,180.0
3803584,180.0
3807200,180.0
3807760,180.0
3809440,180.0
3809872,180.0
3812160,180.0
3814592,180.0
3815008,180.0
3815376,180.0
3815952,180.0
3816624,180.0
3819760,180.0
3821072,180.0
3821600,180.0
3824272,180.0
3824336,180.0
3826064,180.0
3828144,180.0
3830384,180.0
3831632,180.0
3832304,180.0
3832784,180.0
3833472,180.0
3835440,180.0
3836960,180.0
3837088,180.0
3838016,180.0
3840944,180.0
3842496,180.0
3842592,180.0
3842720,180.0
3845760,180.0
3849056,180.0
3850144,180.0
3851072,180.0
3851344,180.0
3852496,180.0
3852720,180.0
3852800,180.0
3854512,180.0
3858224,180.0
3860336,180.0
3861680,180.0
3861808,180.0
3862640,180.0
3862704,180.0
3863664,180.0
3864992,180.0
3865936,180.0
3866672,180.0
3866736,180.0
3867120,180.0
3867824,180.0
3868784,180.0
3871872,180.0
3875008,180.0
3880384,180.0
3883616,180.0
3885680,180.0
3887536,180.0
3887632,180.0
3887792,180.0
3888080,180.0
3890800,180.0
3890880,180.0
3892736,180.0
3894768,180.0
3895728,180.0
3896960,180.0
3897504,180.0
3897952,180.0
3898016,180.0
3898464,180.0
3901520,180.0
3904176,180.0
3905344,180.0
3905648,180.0
3906272,180.0
3910512,180.0
3914208,180.0
3914592,180.0
3915376,180.0
3916608,180.0
3919456,180.0
3920352,180.0
3921440,180.0
3922464,180.0
3926208,180.0
3926368,180.0
3927168,180.0
3929744,180.0
3930848,180.0
3931328,180.0
3934192,180.0
3934288,180.0
3935200,180.0
3937728,180.0
3942576,180.0
3943136,180.0
3944032,180.0
3947824,180.0
3948416,180.0
3948672,180.0
3950656,180.0
3953744,180.0
3954112,180.0
3955312,180.0
3955744,180.0
3957376,180.0
3957504,180.0
3959856,180.0
3963616,180.0
3966112,180.0
3967792,180.0
3970320,180.0
3973712,180.0
3976336,180.0
3977808,180.0
3978736,180.0
3979328,180.0
3981440,180.0
3983648,180.0
3984304,180.0
3985104,180.0
3985360,180.0
3986928,180.0
3987104,180.0
3987472,180.0
3989616,180.0
3990560,180.0
3992112,180.0
3993120,180.0
3993840,180.0
3994160,180.0
3994272,180.0
3995968,180.0
3996384,180.0
3996704,180.0
3998704,180.0
3999216,180.0
3999408,180.0
4003568,180.0
4007552,180.0
4008272,180.0
4009648,180.0
4010176,180.0
4010736,180.0
4011872,180.0
4012272,180.0
4013248,180.0
4013904,180.0
4015152,180.0
4019104,180.0
4019280,180.0
4019504,180.0
4023712,180.0
4025248,180.0
4026000,180.0
4026016,180.0
4026928,180.0
4031072,180.0
4032512,180.0
4035440,180.0
4035920,180.0
4037280,180.0
4037856,180.0
4037984,180.0
4039536,180.0
4041392,180.0
4043104,180.0
4045088,180.0
4045472,180.0
4045648,180.0
4048400,180.0
4051392,180.0
4052128,180.0
4054784,180.0
4055536,180.0
4057168,180.0
4060288,180.0
4061120,180.0
4061616,180.0
4061936,180.0
4062304,180.0
4063696,180.0
4065008,180.0
4066768,180.0
4066928,180.0
4068592,180.0
4069728,180.0
4069968,180.0
4071712,180.0
4071904,180.0
4073248,180.0
4073456,180.0
4073632,180.0
4073776,180.0
4074480,180.0
4075056,180.0
4075696,180.0
4078320,180.0
4081088,180.0
4083056,180.0
4085904,180.0
4086048,180.0
4086176,180.0
4086480,180.0
4093328,180.0
4096208,180.0
4099840,180.0
4100656,180.0
4101264,180.0
4101648,180.0
4102000,180.0
4102112,180.0
4102800,180.0
4104368,180.0
4106592,180.0
4106800,180.0
4107344,180.0
4113200,180.0
4114864,180.0
4114960,180.0
4115056,180.0
4115408,180.0
4118320,180.0
4122688,180.0
4125504,180.0
4130752,180.0
4131968,180.0
4137696,180.0
4138048,180.0
4139744,180.0
4140048,180.0
4140704,180.0
4141728,180.0
4145184,180.0
4145488,180.0
4145552,180.0
4148464,180.0
4151200,180.0
4151440,180.0
4151808,180.0
4152288,180.0
4152624,180.0
4153536,180.0
4154848,180.0
4155248,180.0
4158480,180.0
4159408,180.0
4159872,180.0
4160720,180.0
4164368,180.0
4164864,180.0
4165264,180.0
4167632,180.0
4167840,180.0
4169856,180.0
4170896,180.0
4171232,180.0
4172016,180.0
4174016,180.0
4175328,180.0
4177792,180.0
4177856,180.0
4180400,180.0
4181120,180.0
4182720,180.0
4182880,180.0
4183008,180.0
4183120,180.0
4183632,180.0
4183728,180.0
4186608,180.0
4194176,180.0
4195632,180.0
4196512,180.0
4198160,180.0
4199328,180.0
4199408,180.0
4200912,180.0
4201904,180.0
4202464,180.0
4204176,180.0
4204976,180.0
4207008,180.0
4208944,180.0
4209488,180.0
4209968,180.0
4210192,180.0
4210768,180.0
4212704,180.0
4214864,180.0
4216448,180.0
4217264,180.0
4217648,180.0
4217888,180.0
4219376,180.0
4220320,180.0
4227328,180.0
4228896,180.0
4231040,180.0
4231680,180.0
4233920,180.0
4235680,180.0
4238320,180.0
4238976,180.0
4241328,180.0
4242208,180.0
4243408,180.0
4243776,180.0
4244080,180.0
4245728,180.0
4246880,180.0
4249488,180.0
4249520,180.0
4249968,180.0
4251104,180.0
4253152,180.0
4254816,180.0
4255648,180.0
4258624,180.0
4258944,180.0
4259488,180.0
4260496,180.0
4262640,180.0
4263680,180.0
4266064,180.0
4267136,180.0
4268048,180.0
4272464,180.0
4273296,180.0
4276080,180.0
4276800,180.0
4277424,180.0
4280064,180.0
4281024,180.0
4281232,180.0
4281280,180.0
4282240,180.0
4286720,180.0
4287296,180.0
4289792,180.0
4290160,180.0
4291184,180.0
4292336,180.0
4293344,180.0
4293376,180.0
4293472,180.0
4293904,180.0
4295616,180.0
4296304,180.0
4296832,180.0
4298048,180.0
4298816,180.0
4299376,180.0
4303936,180.0
4303968,180.0
4304256,180.0
4307584,180.0
4307952,180.0
4308944,180.0
4310576,180.0
4310816,180.0
4311008,180.0
4311536,180.0
4313232,180.0
4313248,180.0
4314480,180.0
4318032,180.0
4319536,180.0
4320048,180.0
4320208,180.0
4322112,180.0
4322160,180.0
4329472,180.0
4329536,180.0
4329664,180.0
4330656,180.0
4331008,180.0
4331360,180.0
4331792,180.0
4337392,180.0
4338256,180.0
4338640,180.0
4340736,180.0
4342544,180.0
4346496,180.0
4347792,180.0
4348176,180.0
4348320,180.0
4359552,180.0
4364224,180.0
4366208,180.0
4366624,180.0
4369120,180.0
4369264,180.0
4369456,180.0
4369952,180.0
4369984,180.0
4371408,180.0
4372720,180.0
4372736,180.0
4372912,180.0
4373072,180.0
4373296,180.0
4373376,180.0
4377664,180.0
4380064,180.0
4381824,180.0
4383008,180.0
4383472,180.0
4383664,180.0
4384608,180.0
4385488,180.0
4388416,180.0
4389376,180.0
4389968,180.0
4391568,180.0
4392112,180.0
4392480,180.0
4394288,180.0
4396096,180.0
4396848,180.0
4399472,180.0
4400448,180.0
4405184,180.0
4409296,180.0
4409472,180.0
4411424,180.0
4413248,180.0
4414880,180.0
4415712,180.0
4417120,180.0
4417392,180.0
4417984,180.0
4418400,180.0
4422672,180.0
4426544,180.0
4428944,180.0
4429840,180.0
4430608,180.0
4431776,180.0
4432544,180.0
4433408,180.0
4433696,180.0
4433984,180.0
4435920,180.0
4439424,180.0
4441840,180.0
4444544,180.0
4446272,180.0
4448352,180.0
4448560,180.0
4448688,180.0
4449808,180.0
4450352,180.0
4451584,180.0
4454320,180.0
4455520,180.0
4455600,180.0
4456000,180.0
4458176,180.0
4460016,180.0
4462016,180.0
4463680,180.0
4465984,180.0
4466016,180.0
4466032,180.0
4467376,180.0
4468064,180.0
4472448,180.0
4474208,180.0
4475552,180.0
4475952,180.0
4475984,180.0
4476752,180.0
4479344,180.0
4479568,180.0
4480784,180.0
4483728,180.0
4486768,180.0
4488496,180.0
4489776,180.0
4490800,180.0
4491872,180.0
4491984,180.0
4492576,180.0
4496208,180.0
4500656,180.0
4502432,180.0
4505216,180.0
4506768,180.0
4507392,180.0
4508112,180.0
4512192,180.0
4512656,180.0
4514160,180.0
4515504,180.0
4515632,180.0
4520288,180.0
4521120,180.0
4521328,180.0
4523920,180.0
4524672,180.0
4525424,180.0
4529888,180.0
4531568,180.0
4533232,180.0
4533424,180.0
4534960,180.0
4537616,180.0
4537680,180.0
4537840,180.0
4538352,180.0
4538752,180.0
4538992,180.0
4540224,180.0
4541040,180.0
4541104,180.0
4541488,180.0
4543728,180.0
4545792,180.0
4545968,180.0
4548240,180.0
4548576,180.0
4551168,180.0
4551984,180.0
4552672,180.0
4553184,180.0
4553840,180.0
4557184,180.0
4562000,180.0
4563040,180.0
4568416,180.0
4568672,180.0
4569456,180.0
4569888,180.0
4571248,180.0
4571600,180.0
4571696,180.0
4573232,180.0
4573840,180.0
4574288,180.0
4574752,180.0
4575328,180.0
4575808,180.0
4576864,180.0
4578416,180.0
4579856,180.0
4580016,180.0
4580096,180.0
4580288,180.0
4581104,180.0
4581424,180.0
4583712,180.0
4583808,180.0
4584480,180.0
4588064,180.0
4589152,180.0
4589248,180.0
4589264,180.0
4590912,180.0
4591776,180.0
4592432,180.0
4592688,180.0
4596624,180.0
4600944,180.0
4602592,180.0
4603120,180.0
4603840,180.0
4609776,180.0
4610256,180.0
4611968,180.0
4613488,180.0
4613952,180.0
4615232,180.0
4616512,180.0
4619264,180.0
4620864,180.0
4623136,180.0
4624064,180.0
4624384,180.0
4631456,180.0
4633008,180.0
4634048,180.0
4638336,180.0
4639376,180.0
4640672,180.0
4640864,180.0
4644592,180.0
4644896,180.0
4645136,180.0
4647424,180.0
4648592,180.0
4652912,180.0
4653776,180.0
4653872,180.0
4654560,180.0
4659488,180.0
4659536,180.0
4659952,180.0
4660592,180.0
4665344,180.0
4665696,180.0
4667648,180.0
4668112,180.0
4669760,180.0
4671408,180.0
4672000,180.0
4672096,180.0
4673344,180.0
4673872,180.0
4675552,180.0
4678976,180.0
4679760,180.0
4681632,180.0
4681696,180.0
4689120,180.0
4691632,180.0
4692800,180.0
4693872,180.0
4694320,180.0
4696256,180.0
4696832,180.0
4701136,180.0
4701648,180.0
4702736,180.0
4702912,180.0
4702944,180.0
4703056,180.0
4708512,180.0
4709296,180.0
4709632,180.0
4710144,180.0
4711936,180.0
4711984,180.0
4715904,180.0
4718880,180.0
4719168,180.0
4720256,180.0
4722192,180.0
4723568,180.0
4724400,180.0
4728336,180.0
4728944,180.0
4729136,180.0
4732784,180.0
4736080,180.0
4737840,180.0
4739888,180.0
4740640,180.0
4741296,180.0
4741520,180.0
4742432,180.0
4742896,180.0
4743152,180.0
4744208,180.0
4745904,180.0
4750544,180.0
4752784,180.0
4753120,180.0
4754464,180.0
4757792,180.0
4758496,180.0
4759392,180.0
4760096,180.0
4761824,180.0
4765376,180.0
4768272,180.0
4772128,180.0
4773408,180.0
4774464,180.0
4776528,180.0
4778624,180.0
4779776,180.0
4780000,180.0
4781152,180.0
4782784,180.0
4784976,180.0
4785184,180.0
4785696,180.0
4786528,180.0
4791696,180.0
4791744,180.0
4792128,180.0
4795008,180.0
4795632,180.0
4799984,180.0
4800224,180.0
4802048,180.0
4803168,180.0
4803296,180.0
4803776,180.0
4803840,180.0
4804016,180.0
4805824,180.0
4806928,180.0
4809312,180.0
4815552,180.0
4818400,180.0
4821584,180.0
4822800,180.0
4824448,180.0
4826192,180.0
4828224,180.0
4830368,180.0
4830512,180.0
4831664,180.0
4831840,180.0
4832368,180.0
4833344,180.0
4834720,180.0
4836560,180.0
4839904,180.0
4844240,180.0
4845248,180.0
4845872,180.0
4845936,180.0
4847104,180.0
4847648,180.0
4851664,180.0
4851952,180.0
4853472,180.0
4855056,180.0
4859008,180.0
4861392,180.0
4862080,180.0
4863568,180.0
4864256,180.0
4870944,180.0
4871136,180.0
4877920,180.0
4882528,180.0
4884064,180.0
4886784,180.0
4889280,180.0
4889488,180.0
4890640,180.0
4892176,180.0
4894880,180.0
4895712,180.0
4896432,180.0
4896928,180.0
4901696,180.0
4903760,180.0
4904496,180.0
4904688,180.0
4907424,180.0
4907792,180.0
4908208,180.0
4909232,180.0
4910912,180.0
4911504,180.0
4912480,180.0
4915296,180.0
4916096,180.0
4917616,180.0
4918208,180.0
4919312,180.0
4922096,180.0
4923264,180.0
4923312,180.0
4923712,180.0
4924592,180.0
4926816,180.0
4926960,180.0
4927552,180.0
4932416,180.0
4933056,180.0
4933504,180.0
4933520,180.0
4936272,180.0
4936624,180.0
4938160,180.0
4939472,180.0
4939968,180.0
4940464,180.0
4943200,180.0
4943536,180.0
4946224,180.0
4946496,180.0
4947008,180.0
4950448,180.0
4950496,180.0
4950912,180.0
4951984,180.0
4952464,180.0
4954800,180.0
4956064,180.0
4957600,180.0
4958176,180.0
4958672,180.0
4959664,180.0
4966608,180.0
4966672,180.0
4972192,180.0
4973952,180.0
4974720,180.0
4974960,180.0
4975184,180.0
4975216,180.0
4980864,180.0
4981424,180.0
4984784,180.0
4989600,180.0
4992864,180.0
4994576,180.0
4994656,180.0
4996800,180.0
4998080,180.0
4998656,180.0
5000144,180.0
5000768,180.0
5001696,180.0
5005504,180.0
5006736,180.0
5006816,180.0
5006976,180.0
5008144,180.0
5009376,180.0
5009712,180.0
5016064,180.0
5016800,180.0
5024944,180.0
5025808,180.0
5028784,180.0
5032128,180.0
5038592,180.0
5038928,180.0
5039136,180.0
5040736,180.0
5041552,180.0
5041568,180.0
5043392,180.0
5043856,180.0
5044416,180.0
5046112,180.0
5046672,180.0
5048336,180.0
5050448,180.0
5051264,180.0
5052000,180.0
5052096,180.0
5057216,180.0
5060352,180.0
5061536,180.0
5062912,180.0
5064016,180.0
5064048,180.0
5069056,180.0
5070208,180.0
5072928,180.0
5073280,180.0
5076272,180.0
5076560,180.0
5076752,180.0
5077088,180.0
5077808,180.0
5078512,180.0
5078576,180.0
5079232,180.0
5081296,180.0
5084704,180.0
5085072,180.0
5086544,180.0
5087232,180.0
5089360,180.0
5091072,180.0
5091264,180.0
5092336,180.0
5098320,180.0
5099008,180.0
5100704,180.0
5100960,180.0
5101840,180.0
5101856,180.0
5101888,180.0
5102736,180.0
5103376,180.0
5103584,180.0
5104320,180.0
5104672,180.0
5108080,180.0
5108192,180.0
5112256,180.0
5113088,180.0
5114096,180.0
5115920,180.0
5116576,180.0
5117024,180.0
5117584,180.0
5121632,180.0
5122896,180.0
5124528,180.0
5131632,180.0
5131696,180.0
5132384,180.0
5133104,180.0
5134624,180.0
5134784,180.0
5135648,180.0
5138560,180.0
5139312,180.0
5141728,180.0
5143072,180.0
5143968,180.0
5145904,180.0
5146336,180.0
5150448,180.0
5150688,180.0
5151200,180.0
5152928,180.0
5154752,180.0
5156272,180.0
5156688,180.0
5156864,180.0
5157936,180.0
5160496,180.0
5160752,180.0
5161296,180.0
5162208,180.0
5163088,180.0
5163632,180.0
5164656,180.0
5169984,180.0
5174304,180.0
5174928,180.0
5176048,180.0
5178016,180.0
5178576,180.0
5179520,180.0
5179744,180.0
5180944,180.0
5182880,180.0
5185488,180.0
5185712,180.0
5186480,180.0
5189728,180.0
5192144,180.0
5192720,180.0
5196672,180.0
5197888,180.0
5200176,180.0
5201520,180.0
5203808,180.0
5205472,180.0
5206544,180.0
5208528,180.0
5209984,180.0
5210224,180.0
5211552,180.0
5212736,180.0
5213104,180.0
5214880,180.0
5215008,180.0
5216400,180.0
5217520,180.0
5220416,180.0
5221264,180.0
5221776,180.0
5222080,180.0
5223184,180.0
5223296,180.0
5224240,180.0
5224512,180.0
5224896,180.0
5227056,180.0
5227760,180.0
5233056,180.0
5233808,180.0
5234560,180.0
5235344,180.0
5240736,180.0
5241328,180.0
5241872,180.0
5244896,180.0
5250000,180.0
5250512,180.0
5252464,180.0
5254160,180.0
5254448,180.0
5256720,180.0
5259200,180.0
5259408,180.0
5261840,180.0
5262160,180.0
5262352,180.0
5263264,180.0
5264160,180.0
5265184,180.0
5265456,180.0
5265952,180.0
5269328,180.0
5272096,180.0
5272640,180.0
5276544,180.0
5278112,180.0
5279472,180.0
5280320,180.0
5280848,180.0
5281824,180.0
5284960,180.0
5287344,180.0
5288608,180.0
5288704,180.0
5289376,180.0
5289936,180.0
5290128,180.0
5292672,180.0
5295120,180.0
5295280,180.0
5297328,180.0
5297424,180.0
5297680,180.0
5299632,180.0
5299744,180.0
5300304,180.0
5303888,180.0
5308160,180.0
5310960,180.0
5312416,180.0
5318832,180.0
5322656,180.0
5323024,180.0
5325008,180.0
5327920,180.0
5331776,180.0
5332912,180.0
5334160,180.0
5335552,180.0
5335632,180.0
5336160,180.0
5336256,180.0
5338128,180.0
5338176,180.0
5340896,180.0
5341744,180.0
5342672,180.0
5345760,180.0
5345792,180.0
5346032,180.0
5346576,180.0
5350608,180.0
5351952,180.0
5353056,180.0
5355024,180.0
5355248,180.0
5355616,180.0
5356496,180.0
5358448,180.0
5361264,180.0
5362560,180.0
5363952,180.0
5366576,180.0
5366832,180.0
5367408,180.0
5367872,180.0
5371456,180.0
5371696,180.0
5372592,180.0
5373520,180.0
5375072,180.0
5381168,180.0
5381200,180.0
5381856,180.0
5383872,180.0
5386064,180.0
5386224,180.0
5386288,180.0
5390384,180.0
5392224,180.0
5399360,180.0
5401744,180.0
5402512,180.0
5406640,180.0
5408352,180.0
5412656,180.0
5413120,180.0
5414960,180.0
5415056,180.0
5415328,180.0
5416000,180.0
5419552,180.0
5423184,180.0
5424704,180.0
5425216,180.0
5425280,180.0
5426448,180.0
5429280,180.0
5430624,180.0
5431968,180.0
5432464,180.0
5432832,180.0
5434768,180.0
5435888,180.0
5440176,180.0
5440464,180.0
5441728,180.0
5442160,180.0
5442960,180.0
5445856,180.0
5446528,180.0
5447488,180.0
5449520,180.0
5450256,180.0
5451248,180.0
5451280,180.0
5452528,180.0
5453232,180.0
5454960,180.0
5455344,180.0
5456640,180.0
5460240,180.0
5461184,180.0
5462064,180.0
5463152,180.0
5465216,180.0
5469808,180.0
5470048,180.0
5473408,180.0
5475904,180.0
5475984,180.0
5476832,180.0
5478176,180.0
5481456,180.0
5481536,180.0
5485632,180.0
5486736,180.0
5486976,180.0
5487072,180.0
5487472,180.0
5487552,180.0
5487968,180.0
5488416,180.0
5488496,180.0
5489152,180.0
5489520,180.0
5490784,180.0
5490960,180.0
5492352,180.0
5494480,180.0
5503104,180.0
5504112,180.0
5504752,180.0
5506528,180.0
5508304,180.0
5508768,180.0
5510992,180.0
5512832,180.0
5512928,180.0
5513168,180.0
5513616,180.0
5514336,180.0
5514720,180.0
5515264,180.0
5515552,180.0
5516112,180.0
5516496,180.0
5517536,180.0
5518704,180.0
5518912,180.0
5519056,180.0
5519600,180.0
5520032,180.0
5521920,180.0
5523424,180.0
5523472,180.0
5524144,180.0
5526112,180.0
5527120,180.0
5527600,180.0
5527952,180.0
5528368,180.0
5530672,180.0
5532848,180.0
5533536,180.0
5538096,180.0
5538992,180.0
5539568,180.0
5540080,180.0
5540544,180.0
5540752,180.0
5542960,180.0
5543520,180.0
5547984,180.0
5548032,180.0
5549216,180.0
5551472,180.0
5554448,180.0
5558048,180.0
5562224,180.0
5562784,180.0
5565552,180.0
5567728,180.0
5571152,180.0
5572256,180.0
5572480,180.0
5573216,180.0
5574528,180.0
5574720,180.0
5576272,180.0
5578208,180.0
5584144,180.0
5584544,180.0
5585824,180.0
5585888,180.0
5588176,180.0
5588448,180.0
5590080,180.0
5590624,180.0
5591568,180.0
5594144,180.0
5594688,180.0
5594768,180.0
5594912,180.0
5597984,180.0
5600448,180.0
5600528,180.0
5600912,180.0
5604592,180.0
5605952,180.0
5606864,180.0
5607232,180.0
5607632,180.0
5608208,180.0
5609536,180.0
5613184,180.0
5618368,180.0
5620960,180.0
5623328,180.0
5625584,180.0
5628016,180.0
5628032,180.0
5630128,180.0
5635264,180.0
5635376,180.0
5636256,180.0
5636336,180.0
5639104,180.0
5639728,180.0
5640656,180.0
5640848,180.0
5641968,180.0
5645328,180.0
5646768,180.0
5652560,180.0
5656048,180.0
5658176,180.0
5658816,180.0
5660080,180.0
5660320,180.0
5660944,180.0
5661920,180.0
5664720,180.0
5664944,180.0
5666560,180.0
5669296,180.0
5671152,180.0
5672400,180.0
5673360,180.0
5674432,180.0
5674544,180.0
5674752,180.0
5675200,180.0
5675760,180.0
5677568,180.0
5680496,180.0
5680768,180.0
5681680,180.0
5682880,180.0
5684960,180.0
5685888,180.0
5687264,180.0
5688960,180.0
5690080,180.0
5691936,180.0
5692032,180.0
5692240,180.0
5693104,180.0
5694832,180.0
5695584,180.0
5696048,180.0
5696208,180.0
5697552,180.0
5697920,180.0
5698240,180.0
5699664,180.0
5701472,180.0
5701552,180.0
5706096,180.0
5708432,180.0
5710512,180.0
5713504,180.0
5716320,180.0
5717120,180.0
5717472,180.0
5718128,180.0
5718496,180.0
5718656,180.0
5719120,180.0
5721216,180.0
5721520,180.0
5722544,180.0
5722896,180.0
5725200,180.0
5725824,180.0
5725984,180.0
5726672,180.0
5727536,180.0
5729168,180.0
5730000,180.0
5730320,180.0
5731776,180.0
5735824,180.0
5737296,180.0
5737376,180.0
5738848,180.0
5739104,180.0
5742896,180.0
5744208,180.0
5749024,180.0
5750240,180.0
5750512,180.0
5751776,180.0
5752016,180.0
5753984,180.0
5756880,180.0
5756896,180.0
5756960,180.0
5757632,180.0
5761568,180.0
5762288,180.0
5766672,180.0
5767184,180.0
5776624,180.0
5776688,180.0
5778480,180.0
5779680,180.0
5780512,180.0
5780736,180.0
5783136,180.0
5784480,180.0
5787456,180.0
5787712,180.0
5790016,180.0
5792704,180.0
5799216,180.0
5803152,180.0
5804752,180.0
5807088,180.0
5808400,180.0
5808848,180.0
5810112,180.0
5812064,180.0
5812720,180.0
5814528,180.0
5815120,180.0
5815200,180.0
5815456,180.0
5820048,180.0
5820768,180.0
5822416,180.0
5824144,180.0
5824784,180.0
5827152,180.0
5829216,180.0
5833200,180.0
5833776,180.0
5834352,180.0
5835840,180.0
5836032,180.0
5836672,180.0
5837248,180.0
5837696,180.0
5838864,180.0
5840816,180.0
5840832,180.0
5840896,180.0
5841088,180.0
5842032,180.0
5844288,180.0
5844800,180.0
5845072,180.0
5845488,180.0
5846016,180.0
5846512,180.0
5846544,180.0
5849808,180.0
5851392,180.0
5851760,180.0
5852384,180.0
5852704,180.0
5852928,180.0
5858048,180.0
5862240,180.0
5863664,180.0
5865008,180.0
5868384,180.0
5871040,180.0
5871968,180.0
5875024,180.0
5875088,180.0
5876880,180.0
5877600,180.0
5878432,180.0
5878720,180.0
5878784,180.0
5880544,180.0
5882128,180.0
5883232,180.0
5884032,180.0
5888240,180.0
5889792,180.0
5890336,180.0
5891456,180.0
5893024,180.0
5896304,180.0
5896368,180.0
5898976,180.0
5899488,180.0
5899936,180.0
5900000,180.0
5902976,180.0
5905696,180.0
5907120,180.0
5908256,180.0
5910128,180.0
5910544,180.0
5910896,180.0
5911728,180.0
5912720,180.0
5913936,180.0
5914048,180.0
5914576,180.0
5915424,180.0
5918672,180.0
5918704,180.0
5920112,180.0
5920624,180.0
5923664,180.0
5924736,180.0
5925264,180.0
5927520,180.0
5928176,180.0
5928928,180.0
5931424,180.0
5933744,180.0
5934656,180.0
5935376,180.0
5936912,180.0
5937024,180.0
5938368,180.0
5940496,180.0
5942432,180.0
5946128,180.0
5955616,180.0
5955696,180.0
5957040,180.0
5959312,180.0
5960192,180.0
5962224,180.0
5963136,180.0
5967344,180.0
5968720,180.0
5969840,180.0
5975968,180.0
5976384,180.0
5976496,180.0
5976688,180.0
5978656,180.0
5979312,180.0
5980384,180.0
5980736,180.0
5980768,180.0
5982240,180.0
5983584,180.0
5984048,180.0
5987248,180.0
5993520,180.0
5993712,180.0
5994672,180.0
5995184,180.0
5998032,180.0
5999680,180.0
6000160,180.0
6000320,180.0
6002272,180.0
6005040,180.0
6005840,180.0
6008336,180.0
6008624,180.0
6010320,180.0
6011456,180.0
6011792,180.0
6013216,180.0
6015200,180.0
6017392,180.0
6019328,180.0
6020608,180.0
6021456,180.0
6021696,180.0
6024112,180.0
6027392,180.0
6028112,180.0
6033648,180.0
6034576,180.0
6036480,180.0
6037360,180.0
6038416,180.0
6038464,180.0
6040976,180.0
6042016,180.0
6042256,180.0
6042272,180.0
6043216,180.0
6045040,180.0
6046256,180.0
6048640,180.0
6049280,180.0
6049856,180.0
6050800,180.0
6051552,180.0
6052160,180.0
6053568,180.0
6053920,180.0
6054720,180.0
6056048,180.0
6056784,180.0
6058256,180.0
6060576,180.0
6060768,180.0
6060784,180.0
6062048,180.0
6065584,180.0
6067584,180.0
6071760,180.0
6072064,180.0
6076176,180.0
6078160,180.0
6079312,180.0
6082288,180.0
6082992,180.0
6084528,180.0
6084912,180.0
6086080,180.0
6087424,180.0
6089264,180.0
6090592,180.0
6091968,180.0
6092864,180.0
6094032,180.0
6097664,180.0
6098736,180.0
6098960,180.0
6099232,180.0
6100208,180.0
6100624,180.0
6102128,180.0
6103072,180.0
6105104,180.0
6108112,180.0
6109744,180.0
6111552,180.0
6113088,180.0
6114112,180.0
6115920,180.0
6119072,180.0
6121280,180.0
6121472,180.0
6122816,180.0
6122832,180.0
6124848,180.0
6128608,180.0
6129200,180.0
6130496,180.0
6136704,180.0
6139136,180.0
6141888,180.0
6142416,180.0
6142640,180.0
6142800,180.0
6143248,180.0
6148192,180.0
6148608,180.0
6149168,180.0
6149264,180.0
6150496,180.0
6151072,180.0
6152512,180.0
6153712,180.0
6154544,180.0
6156640,180.0
6160768,180.0
6161952,180.0
6162176,180.0
6164448,180.0
6166432,180.0
6166528,180.0
6167280,180.0
6170336,180.0
6173984,180.0
6174704,180.0
6177264,180.0
6177376,180.0
6178640,180.0
6179632,180.0
6180064,180.0
6182928,180.0
6185216,180.0
6187136,180.0
6190400,180.0
6190896,180.0
6191232,180.0
6192176,180.0
6193248,180.0
6193840,180.0
6194496,180.0
6198224,180.0
6200592,180.0
6201024,180.0
6203472,180.0
6206048,180.0
6207008,180.0
6208528,180.0
6209632,180.0
6211712,180.0
6212368,180.0
6221248,180.0
6223392,180.0
6223904,180.0
6225536,180.0
6229616,180.0
6232048,180.0
6232256,180.0
6232672,180.0
6232752,180.0
6235984,180.0
6236224,180.0
6237104,180.0
6237936,180.0
6241296,180.0
6242592,180.0
6244944,180.0
6245024,180.0
6245664,180.0
6247920,180.0
6248288,180.0
6251456,180.0
6258672,180.0
6259600,180.0
6262112,180.0
6263952,180.0
6265456,180.0
6270000,180.0
6271936,180.0
6273456,180.0
6274624,180.0
6274896,180.0
6276128,180.0
6276640,180.0
6277920,180.0
6281200,180.0
6282800,180.0
6284720,180.0
6286176,180.0
6286720,180.0
6287664,180.0
6287728,180.0
6288768,180.0
6289280,180.0
6291840,180.0
6293456,180.0
6295120,180.0
6297680,180.0
6297856,180.0
6298864,180.0
6302304,180.0
6304448,180.0
6305392,180.0
6307456,180.0
6307872,180.0
6308128,180.0
6308656,180.0
6309408,180.0
6309728,180.0
6311536,180.0
6314768,180.0
6314816,180.0
6316048,180.0
6320096,180.0
6321152,180.0
6321280,180.0
6322080,180.0
6322144,180.0
6322992,180.0
6323984,180.0
6325648,180.0
6325968,180.0
6326160,180.0
6330112,180.0
6332272,180.0
6335024,180.0
6335568,180.0
6336816,180.0
6337488,180.0
6342016,180.0
6342608,180.0
6342896,180.0
6346128,180.0
6353344,180.0
6354480,180.0
6356304,180.0
6356464,180.0
6356912,180.0
6357536,180.0
6358416,180.0
6358704,180.0
6359600,180.0
6359680,180.0
6359728,180.0
6359984,180.0
6361824,180.0
6362320,180.0
6365232,180.0
6366144,180.0
6367552,180.0
6367760,180.0
6368544,180.0
6374160,180.0
6375840,180.0
6379696,180.0
6386368,180.0
6388432,180.0
6389008,180.0
6390080,180.0
6391856,180.0
6392272,180.0
6392752,180.0
6393952,180.0
6395088,180.0
6396208,180.0
6397680,180.0
6402224,180.0
6402784,180.0
6403040,180.0
6403488,180.0
6404144,180.0
6407440,180.0
6408400,180.0
6411792,180.0
6416128,180.0
6419024,180.0
6419824,180.0
6421600,180.0
6429952,180.0
6430320,180.0
6432688,180.0
6434144,180.0
6434496,180.0
6435232,180.0
6435792,180.0
6436672,180.0
6440528,180.0
6442448,180.0
6445824,180.0
6445856,180.0
6446976,180.0
6448720,180.0
6449840,180.0
6450880,180.0
6451408,180.0
6453728,180.0
6453792,180.0
6453904,180.0
6455200,180.0
6459888,180.0
6460752,180.0
6463424,180.0
6465168,180.0
6466064,180.0
6467584,180.0
6469200,180.0
6478976,180.0
6480512,180.0
6483744,180.0
6484672,180.0
6485232,180.0
6485984,180.0
6486016,180.0
6487920,180.0
6488112,180.0
6488144,180.0
6491456,180.0
6492336,180.0
6492384,180.0
6494016,180.0
6494432,180.0
6498464,180.0
6501424,180.0
6502064,180.0
6505712,180.0
6506224,180.0
6510592,180.0
6511488,180.0
6513424,180.0
6516688,180.0
6517248,180.0
6517952,180.0
6518336,180.0
6518816,180.0
6518896,180.0
6518912,180.0
6520304,180.0
6520336,180.0
6525120,180.0
6525776,180.0
6526048,180.0
6526288,180.0
6526944,180.0
6527392,180.0
6528160,180.0
6528272,180.0
6530528,180.0
6532496,180.0
6532720,180.0
6533120,180.0
6534096,180.0
6534512,180.0
6536224,180.0
6540048,180.0
6542464,180.0
6546560,180.0
6547632,180.0
6549776,180.0
6550272,180.0
6550384,180.0
6554512,180.0
6555056,180.0
6558000,180.0
6559216,180.0
6560400,180.0
6563872,180.0
6564256,180.0
6564704,180.0
6566208,180.0
6568064,180.0
6569936,180.0
6571248,180.0
6574560,180.0
6577088,180.0
6577552,180.0
6578624,180.0
6578880,180.0
6578944,180.0
6579200,180.0
6582592,180.0
6589616,180.0
6591360,180.0
6592192,180.0
6594768,180.0
6596864,180.0
6598256,180.0
6600768,180.0
6602432,180.0
6603184,180.0
6603696,180.0
6608016,180.0
6608160,180.0
6609296,180.0
6610832,180.0
6611088,180.0
6611936,180.0
6612384,180.0
6613200,180.0
6614032,180.0
6614624,180.0
6616288,180.0
6616768,180.0
6618768,180.0
6623712,180.0
6624128,180.0
6625264,180.0
6627104,180.0
6630192,180.0
6631712,180.0
6633840,180.0
6634688,180.0
6636576,180.0
6637136,180.0
6637296,180.0
6638176,180.0
6638624,180.0
6638880,180.0
6639984,180.0
6641184,180.0
6645216,180.0
6646112,180.0
6647872,180.0
6649744,180.0
6650784,180.0
6652848,180.0
6654272,180.0
6654464,180.0
6655408,180.0
6657472,180.0
6658352,180.0
6659664,180.0
6660912,180.0
6661248,180.0
6662848,180.0
6662912,180.0
6664816,180.0
6665168,180.0
6665328,180.0
6665360,180.0
6666288,180.0
6666800,180.0
6667120,180.0
6667472,180.0
6667936,180.0
6668064,180.0
6669376,180.0
6671856,180.0
6674592,180.0
6676688,180.0
6677248,180.0
6682128,180.0
6683632,180.0
6684576,180.0
6686512,180.0
6687504,180.0
6689648,180.0
6689664,180.0
6692272,180.0
6693280,180.0
6694496,180.0
6696304,180.0
6696368,180.0
6696800,180.0
6697040,180.0
6697504,180.0
6697712,180.0
6699120,180.0
6702224,180.0
6702496,180.0
6704832,180.0
6705968,180.0
6706048,180.0
6707376,180.0
6708304,180.0
6708352,180.0
6709328,180.0
6711776,180.0
6714672,180.0
6715936,180.0
6717664,180.0
6717728,180.0
6718912,180.0
6723104,180.0
6725472,180.0
6726176,180.0
6728144,180.0
6728400,180.0
6728992,180.0
6731328,180.0
6733088,180.0
6733904,180.0
6735664,180.0
6740048,180.0
6741392,180.0
6741472,180.0
6741728,180.0
6742176,180.0
6744240,180.0
6746176,180.0
6746320,180.0
6746608,180.0
6747952,180.0
6748912,180.0
6749264,180.0
6756528,180.0
6757168,180.0
6760640,180.0
6763088,180.0
6763600,180.0
6765264,180.0
6766992,180.0
6767056,180.0
6771488,180.0
6774256,180.0
6775392,180.0
6776000,180.0
6778048,180.0
6780928,180.0
6790224,180.0
6790896,180.0
6793136,180.0
6794784,180.0
6796112,180.0
6804896,180.0
6805008,180.0
6807424,180.0
6808432,180.0
6808480,180.0
6808832,180.0
6809184,180.0
6811120,180.0
6811536,180.0
6811696,180.0
6813456,180.0
6814400,180.0
6814832,180.0
6815056,180.0
6818992,180.0
6819488,180.0
6820208,180.0
6823936,180.0
6826432,180.0
6833824,180.0
6837808,180.0
6840736,180.0
6840784,180.0
6841248,180.0
6844288,180.0
6844464,180.0
6845216,180.0
6846880,180.0
6847488,180.0
6851024,180.0
6852240,180.0
6852448,180.0
6852992,180.0
6856080,180.0
6856752,180.0
6857856,180.0
6860688,180.0
6861664,180.0
6865760,180.0
6868288,180.0
6869376,180.0
6871200,180.0
6871696,180.0
6872176,180.0
6872464,180.0
6875104,180.0
6877216,180.0
6877648,180.0
6879392,180.0
6881872,180.0
6883952,180.0
6885440,180.0
6887456,180.0
6888848,180.0
6891248,180.0
6892288,180.0
6892464,180.0
6892848,180.0
6893360,180.0
6893488,180.0
6893648,180.0
6893872,180.0
6894864,180.0
6895264,180.0
6898752,180.0
6899456,180.0
6899552,180.0
6899664,180.0
6901040,180.0
6901344,180.0
6903168,180.0
6903456,180.0
6903680,180.0
6904048,180.0
6906688,180.0
6907056,180.0
6908752,180.0
6909664,180.0
6915600,180.0
6916032,180.0
6916176,180.0
6916752,180.0
6917008,180.0
6919104,180.0
6919632,180.0
6920016,180.0
6920224,180.0
6922832,180.0
6923216,180.0
6923600,180.0
6925712,180.0
6926208,180.0
6927184,180.0
6927824,180.0
6928016,180.0
6930448,180.0
6930672,180.0
6932192,180.0
6932272,180.0
6935312,180.0
6935616,180.0
6936096,180.0
6937696,180.0
6939328,180.0
6940352,180.0
6941936,180.0
6943104,180.0
6945856,180.0
6946672,180.0
6947072,180.0
6949552,180.0
6950656,180.0
6951232,180.0
6953088,180.0
6953664,180.0
6957872,180.0
6957904,180.0
6958720,180.0
6962432,180.0
6964816,180.0
6965552,180.0
6969568,180.0
6969888,180.0
6970976,180.0
6971888,180.0
6977040,180.0
6981936,180.0
6982880,180.0
6983072,180.0
6983520,180.0
6986352,180.0
6988896,180.0
6990272,180.0
6991376,180.0
6994624,180.0
6996928,180.0
6997712,180.0
6999120,180.0
6999392,180.0
7000176,180.0
7003280,180.0
7003568,180.0
7004624,180.0
7006224,180.0
7009184,180.0
7009584,180.0
7009744,180.0
7010224,180.0
7012672,180.0
7012784,180.0
7014336,180.0
7019408,180.0
7020880,180.0
7022096,180.0
7023168,180.0
7025616,180.0
7026976,180.0
7027040,180.0
7030848,180.0
7032192,180.0
7032352,180.0
7032512,180.0
7032656,180.0
7034960,180.0
7035568,180.0
7036384,180.0
7037520,180.0
7041168,180.0
7042016,180.0
7042352,180.0
7044880,180.0
7045680,180.0
7047696,180.0
7048096,180.0
7053232,180.0
7054352,180.0
7059568,180.0
7061888,180.0
7062272,180.0
7062928,180.0
7063120,180.0
7063488,180.0
7065328,180.0
7066320,180.0
7066880,180.0
7067200,180.0
7067456,180.0
7071968,180.0
7073024,180.0
7074976,180.0
7077536,180.0
7077552,180.0
7077568,180.0
7078064,180.0
7078272,180.0
7079696,180.0
7080400,180.0
7081600,180.0
7084128,180.0
7085024,180.0
7086320,180.0
7086960,180.0
7089360,180.0
7092784,180.0
7094080,180.0
7094720,180.0
7097456,180.0
7098560,180.0
7100608,180.0
7104016,180.0
7104192,180.0
7109328,180.0
7109424,180.0
7109840,180.0
7111376,180.0
7113824,180.0
7115296,180.0
7115568,180.0
7115920,180.0
7116032,180.0
7116784,180.0
7117280,180.0
7117552,180.0
7117856,180.0
7122992,180.0
7123152,180.0
7123264,180.0
7124096,180.0
7126224,180.0
7127760,180.0
7129360,180.0
7129712,180.0
7132192,180.0
7134544,180.0
7135696,180.0
7136288,180.0
7137120,180.0
7137312,180.0
7138608,180.0
7138960,180.0
7139264,180.0
7139536,180.0
7140272,180.0
7140992,180.0
7141152,180.0
7144016,180.0
7148576,180.0
7151824,180.0
7153424,180.0
7153680,180.0
7155280,180.0
7156832,180.0
7157392,180.0
7157504,180.0
7157616,180.0
7158128,180.0
7159360,180.0
7159728,180.0
7160176,180.0
7163152,180.0
7163936,180.0
7173136,180.0
7174496,180.0
7174592,180.0
7177296,180.0
7178768,180.0
7183088,180.0
7184736,180.0
7190368,180.0
7192080,180.0
7192944,180.0
7195120,180.0
7198672,180.0
7201728,180.0
7201824,180.0
7203024,180.0
7208288,180.0
7209440,180.0
7211072,180.0
7211184,180.0
7216224,180.0
7216480,180.0
7217456,180.0
7219008,180.0
7222256,180.0
7225696,180.0
7227488,180.0
7228288,180.0
7229552,180.0
7232496,180.0
7232592,180.0
7233472,180.0
7235168,180.0
7237680,180.0
7238016,180.0
7239520,180.0
7240256,180.0
7241376,180.0
7245952,180.0
7248832,180.0
7250016,180.0
7250128,180.0
7250848,180.0
7252912,180.0
7253280,180.0
7253312,180.0
7253424,180.0
7253840,180.0
7255392,180.0
7255648,180.0
7255968,180.0
7257600,180.0
7257840,180.0
7262480,180.0
7262864,180.0
7263200,180.0
7263520,180.0
7264240,180.0
7264576,180.0
7264800,180.0
7265504,180.0
7266752,180.0
7268192,180.0
7269568,180.0
7270512,180.0
7279152,180.0
7279296,180.0
7280768,180.0
7282480,180.0
7282928,180.0
7283216,180.0
7284960,180.0
7286320,180.0
7289104,180.0
7289664,180.0
7289920,180.0
7289952,180.0
7290544,180.0
7291424,180.0
7296976,180.0
7296992,180.0
7297072,180.0
7297504,180.0
7298208,180.0
7298240,180.0
7300240,180.0
7303616,180.0
7305104,180.0
7307552,180.0
7308816,180.0
7309104,180.0
7310752,180.0
7310896,180.0
7312816,180.0
7316480,180.0
7318624,180.0
7324944,180.0
7328064,180.0
7330704,180.0
7332512,180.0
7336608,180.0
7340656,180.0
7341328,180.0
7342384,180.0
7342656,180.0
7344912,180.0
7347024,180.0
7347104,180.0
7348064,180.0
7351008,180.0
7353696,180.0
7356608,180.0
7357632,180.0
7357952,180.0
7358672,180.0
7358720,180.0
7359040,180.0
7361936,180.0
7362080,180.0
7362144,180.0
7362432,180.0
7362512,180.0
7364384,180.0
7366112,180.0
7366256,180.0
7366544,180.0
7366656,180.0
7367920,180.0
7368768,180.0
7370208,180.0
7371184,180.0
7372992,180.0
7373312,180.0
7374976,180.0
7375440,180.0
7375504,180.0
7376352,180.0
7377072,180.0
7381264,180.0
7381792,180.0
7385184,180.0
7385248,180.0
7385424,180.0
7387296,180.0
7388400,180.0
7391056,180.0
7391104,180.0
7391280,180.0
7391488,180.0
7392016,180.0
7393936,180.0
7398960,180.0
7399248,180.0
7399648,180.0
7400336,180.0
7401360,180.0
7401984,180.0
7402688,180.0
7405472,180.0
7405872,180.0
7406048,180.0
7406928,180.0
7407296,180.0
7408288,180.0
7408640,180.0
7409856,180.0
7414592,180.0
7420512,180.0
7420864,180.0
7422080,180.0
7422976,180.0
7423344,180.0
7426448,180.0
7428720,180.0
7430688,180.0
7431840,180.0
7433280,180.0
7433776,180.0
7434336,180.0
7439840,180.0
7443184,180.0
7443440,180.0
7444432,180.0
7448784,180.0
7449008,180.0
7449360,180.0
7450256,180.0
7450320,180.0
7451536,180.0
7454112,180.0
7454896,180.0
7455024,180.0
7456576,180.0
7457376,180.0
7460848,180.0
7461280,180.0
7462224,180.0
7463120,180.0
7464096,180.0
7465504,180.0
7467008,180.0
7467600,180.0
7468320,180.0
7471024,180.0
7472832,180.0
7473712,180.0
7475328,180.0
7476352,180.0
7477600,180.0
7479712,180.0
7480608,180.0
7482784,180.0
7483392,180.0
7483984,180.0
7487200,180.0
7492416,180.0
7492480,180.0
7492896,180.0
7493408,180.0
7495696,180.0
7495952,180.0
7496416,180.0
7497024,180.0
7497312,180.0
7497600,180.0
7500208,180.0
7507072,180.0
7511248,180.0
7511280,180.0
7511680,180.0
7515296,180.0
7515360,180.0
7516016,180.0
7516752,180.0
7517680,180.0
7518624,180.0
7523376,180.0
7524272,180.0
7524544,180.0
7525296,180.0
7526656,180.0
7529072,180.0
7529168,180.0
7533440,180.0
7534080,180.0
7534512,180.0
7535808,180.0
7535888,180.0
7542288,180.0
7546160,180.0
7546448,180.0
7547360,180.0
7548480,180.0
7550576,180.0
7552144,180.0
7553504,180.0
7554608,180.0
7554848,180.0
7560976,180.0
7565840,180.0
7566624,180.0
7567776,180.0
7568832,180.0
7570880,180.0
7573216,180.0
7574400,180.0
7575200,180.0
7579312,180.0
7582416,180.0
7585680,180.0
7586816,180.0
7589408,180.0
7589776,180.0
7590720,180.0
7592256,180.0
7595136,180.0
7596912,180.0
7597392,180.0
7597792,180.0
7597920,180.0
7598688,180.0
7598816,180.0
7599072,180.0
7599824,180.0
7600176,180.0
7600496,180.0
7601920,180.0
7602000,180.0
7602768,180.0
7603280,180.0
7606752,180.0
7608080,180.0
7610304,180.0
7612512,180.0
7613120,180.0
7614768,180.0
7617856,180.0
7619104,180.0
7623088,180.0
7623360,180.0
7623952,180.0
7627104,180.0
7628432,180.0
7628512,180.0
7632816,180.0
7635680,180.0
7637168,180.0
7639040,180.0
7647536,180.0
7649232,180.0
7651632,180.0
7651648,180.0
7656288,180.0
7657056,180.0
7658800,180.0
7659024,180.0
7660576,180.0
7662960,180.0
7666192,180.0
7666704,180.0
7668288,180.0
7672128,180.0
7672288,180.0
7673360,180.0
7676768,180.0
7678544,180.0
7678704,180.0
7682272,180.0
7682736,180.0
7683552,180.0
7684544,180.0
7685904,180.0
7686240,180.0
7689984,180.0
7690320,180.0
7692000,180.0
7694048,180.0
7695392,180.0
7695744,180.0
7696368,180.0
7696928,180.0
7697120,180.0
7699344,180.0
7702320,180.0
7702560,180.0
7704416,180.0
7707616,180.0
7711920,180.0
7712224,180.0
7715360,180.0
7715456,180.0
7716432,180.0
7716688,180.0
7717904,180.0
7719616,180.0
7719776,180.0
7720064,180.0
7720864,180.0
7723296,180.0
7725120,180.0
7731040,180.0
7732016,180.0
7732368,180.0
7732544,180.0
7732960,180.0
7743664,180.0
7744688,180.0
7744704,180.0
7745664,180.0
7748496,180.0
7751584,180.0
7751664,180.0
7754032,180.0
7757440,180.0
7758352,180.0
7760304,180.0
7761632,180.0
7761984,180.0
7763296,180.0
7765344,180.0
7765504,180.0
7768112,180.0
7769072,180.0
7769440,180.0
7770800,180.0
7771328,180.0
7773200,180.0
7774768,180.0
7777024,180.0
7780848,180.0
7780992,180.0
7784480,180.0
7788496,180.0
7790144,180.0
7790160,180.0
7793056,180.0
7796704,180.0
7800448,180.0
7801072,180.0
7801648,180.0
7803040,180.0
7803392,180.0
7804432,180.0
7805280,180.0
7807440,180.0
7810608,180.0
7811440,180.0
7815280,180.0
7816848,180.0
7818752,180.0
7820112,180.0
7821488,180.0
7822640,180.0
7823040,180.0
7824240,180.0
7824320,180.0
7825744,180.0
7826288,180.0
7826320,180.0
7829664,180.0
7830000,180.0
7830128,180.0
7831536,180.0
7831744,180.0
7832576,180.0
7834288,180.0
7835904,180.0
7836624,180.0
7836960,180.0
7837264,180.0
7839424,180.0
7841760,180.0
7841920,180.0
7843536,180.0
7844944,180.0
7846160,180.0
7850944,180.0
7854688,180.0
7855744,180.0
7856048,180.0
7856368,180.0
7856768,180.0
7858544,180.0
7858816,180.0
7858880,180.0
7860864,180.0
7861984,180.0
7862864,180.0
7862928,180.0
7863424,180.0
7864080,180.0
7865312,180.0
7865568,180.0
7866624,180.0
7866640,180.0
7867216,180.0
7867664,180.0
7867712,180.0
7868160,180.0
7869872,180.0
7870656,180.0
7871952,180.0
7872528,180.0
7873888,180.0
7873936,180.0
7879424,180.0
7880016,180.0
7880272,180.0
7880880,180.0
7880928,180.0
7882176,180.0
7883888,180.0
7888352,180.0
7891408,180.0
7893232,180.0
7894832,180.0
7896096,180.0
7897680,180.0
7898432,180.0
7898656,180.0
7904000,180.0
7904336,180.0
7904720,180.0
7905168,180.0
7905520,180.0
7906544,180.0
7907008,180.0
7907040,180.0
7907536,180.0
7908592,180.0
7910544,180.0
7915136,180.0
7916016,180.0
7916176,180.0
7918992,180.0
7920448,180.0
7926464,180.0
7929488,180.0
7932640,180.0
7933296,180.0
7933776,180.0
7934480,180.0
7935456,180.0
7935536,180.0
7937472,180.0
7941184,180.0
7941200,180.0
7942944,180.0
7945888,180.0
7949424,180.0
7950416,180.0
7951056,180.0
7953824,180.0
7954736,180.0
7956032,180.0
7956880,180.0
7959008,180.0
7959424,180.0
7960480,180.0
7962512,180.0
7963568,180.0
7963984,180.0
7965472,180.0
7966208,180.0
7969024,180.0
7975232,180.0
7976320,180.0
7977520,180.0
7978976,180.0
7979216,180.0
7979952,180.0
7981488,180.0
7982208,180.0
7982864,180.0
7985904,180.0
7986176,180.0
7986192,180.0
7989536,180.0
7990112,180.0
7990896,180.0
7991248,180.0
7992880,180.0
7993072,180.0
7996336,180.0
7998080,180.0
7998672,180.0
8000080,180.0
8001152,180.0
8001200,180.0
8007024,180.0
8010064,180.0
8010528,180.0
8018816,180.0
8018864,180.0
8019600,180.0
8020496,180.0
8021840,180.0
8022880,180.0
8023408,180.0
8023520,180.0
8025632,180.0
8026080,180.0
8026208,180.0
8027728,180.0
8028016,180.0
8029952,180.0
8033328,180.0
8033536,180.0
8033744,180.0
8034784,180.0
8036800,180.0
8039216,180.0
8039584,180.0
8039632,180.0
8040688,180.0
8041072,180.0
8041232,180.0
8042880,180.0
8042960,180.0
8043680,180.0
8046096,180.0
8046144,180.0
8047184,180.0
8047648,180.0
8051632,180.0
8053840,180.0
8056624,180.0
8059008,180.0
8059264,180.0
8066576,180.0
8068320,180.0
8068352,180.0
8068880,180.0
8071088,180.0
8072000,180.0
8072608,180.0
8074064,180.0
8074592,180.0
8076832,180.0
8077392,180.0
8078128,180.0
8079216,180.0
8080768,180.0
8081104,180.0
8081232,180.0
8084768,180.0
8085520,180.0
8085664,180.0
8086512,180.0
8087088,180.0
8088720,180.0
8088976,180.0
8091232,180.0
8091776,180.0
8092624,180.0
8093248,180.0
8095008,180.0
8095264,180.0
8100960,180.0
8102224,180.0
8104704,180.0
8104912,180.0
8104960,180.0
8105008,180.0
8106832,180.0
8109952,180.0
8112368,180.0
8112608,180.0
8114000,180.0
8116512,180.0
8117440,180.0
8119504,180.0
8120720,180.0
8121104,180.0
8125248,180.0
8128304,180.0
8133344,180.0
8133744,180.0
8134736,180.0
8135344,180.0
8135584,180.0
8135904,180.0
8136912,180.0
8136976,180.0
8137568,180.0
8137600,180.0
8138848,180.0
8140688,180.0
8141312,180.0
8141920,180.0
8143664,180.0
8146672,180.0
8147232,180.0
8148816,180.0
8150224,180.0
8154288,180.0
8162784,180.0
8164416,180.0
8164464,180.0
8165408,180.0
8165776,180.0
8166064,180.0
8166384,180.0
8166832,180.0
8170208,180.0
8170576,180.0
8170816,180.0
8170928,180.0
8173040,180.0
8175040,180.0
8175488,180.0
8178560,180.0
8179200,180.0
8179456,180.0
8181184,180.0
8182272,180.0
8182672,180.0
8182688,180.0
8182736,180.0
8182880,180.0
8182944,180.0
8184256,180.0
8186304,180.0
8186688,180.0
8188560,180.0
8190160,180.0
8190304,180.0
8190528,180.0
8190592,180.0
8192496,180.0
8192752,180.0
8194032,180.0
8196080,180.0
8196816,180.0
8199760,180.0
8200880,180.0
8202160,180.0
8202720,180.0
8205408,180.0
8208112,180.0
8209392,180.0
8213952,180.0
8215664,180.0
8218064,180.0
8219648,180.0
8221296,180.0
8222896,180.0
8223936,180.0
8224576,180.0
8226464,180.0
8226768,180.0
8226960,180.0
8227360,180.0
8227488,180.0
8228368,180.0
8228608,180.0
8228960,180.0
8229456,180.0
8231024,180.0
8231664,180.0
8233264,180.0
8233536,180.0
8237632,180.0
8238048,180.0
8240768,180.0
8240784,180.0
8240960,180.0
8244512,180.0
8244656,180.0
8244704,180.0
8245504,180.0
8247488,180.0
8250320,180.0
8252208,180.0
8253376,180.0
8259136,180.0
8261280,180.0
8262272,180.0
8262720,180.0
8264384,180.0
8264992,180.0
8266608,180.0
8268720,180.0
8268944,180.0
8269488,180.0
8271872,180.0
8272576,180.0
8275232,180.0
8275280,180.0
8275472,180.0
8276016,180.0
8276064,180.0
8277168,180.0
8277472,180.0
8278096,180.0
8279952,180.0
8280032,180.0
8282816,180.0
8285008,180.0
8285072,180.0
8289568,180.0
8293984,180.0
8296672,180.0
8299056,180.0
8302400,180.0
8308080,180.0
8308592,180.0
8311472,180.0
8312288,180.0
8312592,180.0
8314128,180.0
8314944,180.0
8320096,180.0
8322304,180.0
8322448,180.0
8325376,180.0
8325456,180.0
8326528,180.0
8328224,180.0
8328704,180.0
8329024,180.0
8329776,180.0
8332464,180.0
8333600,180.0
8335456,180.0
8335776,180.0
8336672,180.0
8339824,180.0
8340880,180.0
8341840,180.0
8342368,180.0
8345376,180.0
8346480,180.0
8348048,180.0
8349088,180.0
8350640,180.0
8351024,180.0
8352736,180.0
8353360,180.0
8355968,180.0
8356352,180.0
8359184,180.0
8359520,180.0
8360784,180.0
8362112,180.0
8362352,180.0
8362960,180.0
8363536,180.0
8364960,180.0
8365856,180.0
8366336,180.0
8370176,180.0
8371760,180.0
8372560,180.0
8373376,180.0
8375824,180.0
8378112,180.0
8379696,180.0
8379792,180.0
8380352,180.0
8383056,180.0
8383792,180.0
8384896,180.0
8387728,180.0
8389088,180.0
8389392,180.0
8390448,180.0
8391184,180.0
8392864,180.0
8392944,180.0
8394112,180.0
8394288,180.0
8397584,180.0
8400544,180.0
8406960,180.0
8407728,180.0
8408640,180.0
8409120,180.0
8413552,180.0
8414512,180.0
8414720,180.0
8416096,180.0
8418320,180.0
8418432,180.0
8420064,180.0
8420224,180.0
8423488,180.0
8423712,180.0
8423968,180.0
8427488,180.0
8427712,180.0
8428160,180.0
8429504,180.0
8432912,180.0
8432928,180.0
8434896,180.0
8435712,180.0
8441760,180.0
8445008,180.0
8446384,180.0
8447536,180.0
8449120,180.0
8450192,180.0
8451040,180.0
8453008,180.0
8462416,180.0
8466256,180.0
8467088,180.0
8468448,180.0
8468688,180.0
8468752,180.0
8472976,180.0
8473472,180.0
8477728,180.0
8479600,180.0
8480080,180.0
8481120,180.0
8489488,180.0
8489520,180.0
8491104,180.0
8492496,180.0
8493008,180.0
8496688,180.0
8497216,180.0
8500368,180.0
8503216,180.0
8503760,180.0
8504656,180.0
8507408,180.0
8508208,180.0
8508672,180.0
8508752,180.0
8509968,180.0
8511040,180.0
8511184,180.0
8511552,180.0
8511744,180.0
8513344,180.0
8513648,180.0
8513744,180.0
8517088,180.0
8517600,180.0
8517632,180.0
8518096,180.0
8519392,180.0
8519440,180.0
8519616,180.0
8520048,180.0
8520944,180.0
8522672,180.0
8526464,180.0
8530944,180.0
8532288,180.0
8532400,180.0
8532560,180.0
8532816,180.0
8533392,180.0
8536576,180.0
8539760,180.0
8540672,180.0
8540752,180.0
8542272,180.0
8543584,180.0
8543744,180.0
8545776,180.0
8547344,180.0
8547696,180.0
8549456,180.0
8549552,180.0
8550176,180.0
8551200,180.0
8553168,180.0
8554800,180.0
8555504,180.0
8557136,180.0
8558592,180.0
8561600,180.0
8567872,180.0
8568528,180.0
8569296,180.0
8569392,180.0
8571504,180.0
8576400,180.0
8577344,180.0
8577968,180.0
8578336,180.0
8579392,180.0
8580768,180.0
8581024,180.0
8581808,180.0
8582704,180.0
8584384,180.0
8585184,180.0
8587952,180.0
8588128,180.0
8588240,180.0
8589408,180.0
8590320,180.0
8591008,180.0
8591392,180.0
8591552,180.0
8593936,180.0
8594416,180.0
8594800,180.0
8595920,180.0
8596480,180.0
8598864,180.0
8601552,180.0
8601888,180.0
8601984,180.0
8602048,180.0
8603840,180.0
8605776,180.0
8609376,180.0
8612576,180.0
8613376,180.0
8614800,180.0
8616768,180.0
8616976,180.0
8617040,180.0
8617376,180.0
8618816,180.0
8619520,180.0
8621328,180.0
8625600,180.0
8631008,180.0
8631168,180.0
8632128,180.0
8632640,180.0
8633840,180.0
8634560,180.0
8634688,180.0
8634928,180.0
8636416,180.0
8641760,180.0
8642912,180.0
8643472,180.0
8645168,180.0
8646896,180.0
8650432,180.0
8653744,180.0
8655216,180.0
8655520,180.0
8656688,180.0
8656864,180.0
8657888,180.0
8658832,180.0
8659120,180.0
8662144,180.0
8663824,180.0
8664000,180.0
8665776,180.0
8668944,180.0
8670160,180.0
8671040,180.0
8671792,180.0
8676928,180.0
8678272,180.0
8680432,180.0
8683040,180.0
8685200,180.0
8685776,180.0
8688960,180.0
8692832,180.0
8699664,180.0
8699872,180.0
8701200,180.0
8702176,180.0
8702608,180.0
8703392,180.0
8705168,180.0
8707328,180.0
8708144,180.0
8711408,180.0
8714544,180.0
8718256,180.0
8720352,180.0
8721040,180.0
8721808,180.0
8725408,180.0
8726496,180.0
8727088,180.0
8727616,180.0
8729504,180.0
8732688,180.0
8732880,180.0
8732928,180.0
8733056,180.0
8733408,180.0
8733536,180.0
8734960,180.0
8736336,180.0
8736608,180.0
8739280,180.0
8740160,180.0
8740544,180.0
8743616,180.0
8744416,180.0
8745520,180.0
8745648,180.0
8745680,180.0
8747888,180.0
8748976,180.0
8749200,180.0
8754576,180.0
8757072,180.0
8759456,180.0
8761504,180.0
8761536,180.0
8762000,180.0
8764352,180.0
8764704,180.0
8767104,180.0
8767696,180.0
8770672,180.0
8773760,180.0
8776896,180.0
8776912,180.0
8777264,180.0
8780960,180.0
8783040,180.0
8783440,180.0
8785056,180.0
8789248,180.0
8789600,180.0
8790544,180.0
8791008,180.0
8796288,180.0
8797424,180.0
8799488,180.0
8800096,180.0
8804752,180.0
8806032,180.0
8806176,180.0
8806432,180.0
8807200,180.0
8807488,180.0
8810128,180.0
8810368,180.0
8810912,180.0
8811840,180.0
8820032,180.0
8820272,180.0
8820640,180.0
8820816,180.0
8823136,180.0
8823888,180.0
8824592,180.0
8829104,180.0
8829472,180.0
8834528,180.0
8835984,180.0
8839248,180.0
8839568,180.0
8844256,180.0
8844432,180.0
8848880,180.0
8849456,180.0
8849952,180.0
8850896,180.0
8851792,180.0
8852832,180.0
8853632,180.0
8854864,180.0
8856464,180.0
8857248,180.0
8858480,180.0
8861696,180.0
8861712,180.0
8863984,180.0
8864336,180.0
8867568,180.0
8869216,180.0
8871808,180.0
8872208,180.0
8876720,180.0
8878672,180.0
8883904,180.0
8884032,180.0
8885184,180.0
8885472,180.0
8886960,180.0
8889056,180.0
8890016,180.0
8892224,180.0
8893408,180.0
8895616,180.0
8896784,180.0
8899360,180.0
8902416,180.0
8906608,180.0
8907424,180.0
8910528,180.0
8911920,180.0
8913088,180.0
8913136,180.0
8913536,180.0
8914640,180.0
8916688,180.0
8917504,180.0
8917728,180.0
8917872,180.0
8920608,180.0
8920944,180.0
8924112,180.0
8925552,180.0
8926368,180.0
8927584,180.0
8928416,180.0
8932624,180.0
8933328,180.0
8933488,180.0
8933552,180.0
8935008,180.0
8937488,180.0
8939456,180.0
8942640,180.0
8942768,180.0
8943440,180.0
8948656,180.0
8948864,180.0
8949008,180.0
8950784,180.0
8950880,180.0
8950960,180.0
8954720,180.0
8955200,180.0
8956272,180.0
8957376,180.0
8958432,180.0
8959136,180.0
8960224,180.0
8962816,180.0
8965328,180.0
8965344,180.0
8965600,180.0
8966048,180.0
8967936,180.0
8968224,180.0
8970656,180.0
8970768,180.0
8971840,180.0
8974048,180.0
8979072,180.0
8979760,180.0
8981200,180.0
8981424,180.0
8981904,180.0
8982928,180.0
8982944,180.0
8983456,180.0
8983776,180.0
8983856,180.0
8987216,180.0
8987984,180.0
8990032,180.0
8990320,180.0
8996464,180.0
9001600,180.0
9007408,180.0
9009456,180.0
9011040,180.0
9011712,180.0
9013296,180.0
9016768,180.0
9017904,180.0
9018160,180.0
9019696,180.0
9022480,180.0
9023136,180.0
9025712,180.0
9028080,180.0
9033328,180.0
9034320,180.0
9036208,180.0
9037232,180.0
9039376,180.0
9045408,180.0
9045600,180.0
9045760,180.0
9046112,180.0
9046464,180.0
9046800,180.0
9047856,180.0
9048576,180.0
9048880,180.0
9048896,180.0
9050144,180.0
9052064,180.0
9054144,180.0
9054912,180.0
9055024,180.0
9056000,180.0
9056752,180.0
9056976,180.0
9057008,180.0
9058704,180.0
9062032,180.0
9064048,180.0
9064384,180.0
9064624,180.0
9064880,180.0
9065168,180.0
9065520,180.0
9067808,180.0
9068640,180.0
9071648,180.0
9071920,180.0
9072544,180.0
9073200,180.0
9074096,180.0
9074752,180.0
9074976,180.0
9077552,180.0
9078992,180.0
9079712,180.0
9081712,180.0
9085488,180.0
9086592,180.0
9087744,180.0
9091040,180.0
9091232,180.0
9091408,180.0
9092640,180.0
9092976,180.0
9097808,180.0
9101104,180.0
9101712,180.0
9104160,180.0
9107328,180.0
9110400,180.0
9111104,180.0
9111280,180.0
9112176,180.0
9112960,180.0
9113936,180.0
9116640,180.0
9117904,180.0
9118000,180.0
9120048,180.0
9120816,180.0
9122592,180.0
9123072,180.0
9124592,180.0
9124800,180.0
9125168,180.0
9127952,180.0
9128336,180.0
9129728,180.0
9130496,180.0
9131072,180.0
9131088,180.0
9132304,180.0
9132768,180.0
9133616,180.0
9133856,180.0
9136144,180.0
9137136,180.0
9137696,180.0
9138384,180.0
9139168,180.0
9142704,180.0
9143712,180.0
9145136,180.0
9146000,180.0
9146512,180.0
9148528,180.0
9149056,180.0
9149088,180.0
9151392,180.0
9152208,180.0
9152608,180.0
9153520,180.0
9153968,180.0
9156528,180.0
9156752,180.0
9157488,180.0
9159232,180.0
9159392,180.0
9160560,180.0
9162656,180.0
9164256,180.0
9164672,180.0
9170576,180.0
9174432,180.0
9176128,180.0
9176256,180.0
9176400,180.0
9179776,180.0
9180304,180.0
9183008,180.0
9187968,180.0
9188256,180.0
9191920,180.0
9192464,180.0
9193424,180.0
9194688,180.0
9195904,180.0
9196288,180.0
9197904,180.0
9198816,180.0
9199920,180.0
9201184,180.0
9202528,180.0
9202736,180.0
9203072,180.0
9203440,180.0
9203888,180.0
9204160,180.0
9205840,180.0
9206352,180.0
9206432,180.0
9206704,180.0
9206816,180.0
9212352,180.0
9212768,180.0
9213872,180.0
9214032,180.0
9214288,180.0
9216176,180.0
9216864,180.0
9218512,180.0
9222896,180.0
9223024,180.0
9224112,180.0
9228000,180.0
9228976,180.0
9229728,180.0
9230096,180.0
9232160,180.0
9233456,180.0
9235088,180.0
9238640,180.0
9241296,180.0
9241504,180.0
9248704,180.0
9250192,180.0
9250912,180.0
9250960,180.0
9251200,180.0
9252464,180.0
9252752,180.0
9252800,180.0
9254656,180.0
9255936,180.0
9258464,180.0
9258560,180.0
9260352,180.0
9260448,180.0
9260496,180.0
9262608,180.0
9264272,180.0
9264912,180.0
9265152,180.0
9266544,180.0
9269120,180.0
9271424,180.0
9272656,180.0
9279392,180.0
9279504,180.0
9282000,180.0
9282656,180.0
9283888,180.0
9284592,180.0
9284608,180.0
9286256,180.0
9286496,180.0
9289376,180.0
9289536,180.0
9290864,180.0
9291504,180.0
9294160,180.0
9295296,180.0
9295920,180.0
9296112,180.0
9297248,180.0
9297328,180.0
9298112,180.0
9299728,180.0
9299920,180.0
9301408,180.0
9302304,180.0
9302336,180.0
9305216,180.0
9310416,180.0
9310592,180.0
9311552,180.0
9313920,180.0
9314192,180.0
9314816,180.0
9314992,180.0
9315184,180.0
9315552,180.0
9316592,180.0
9319584,180.0
9320064,180.0
9320432,180.0
9322560,180.0
9323584,180.0
9324320,180.0
9324976,180.0
9330144,180.0
9331904,180.0
9338240,180.0
9338560,180.0
9340256,180.0
9341504,180.0
9348576,180.0
9350160,180.0
9350368,180.0
9354416,180.0
9354432,180.0
9357504,180.0
9358448,180.0
9360352,180.0
9361632,180.0
9362672,180.0
9362800,180.0
9362912,180.0
9363840,180.0
9363856,180.0
9364432,180.0
9365648,180.0
9368368,180.0
9374912,180.0
9376112,180.0
9376224,180.0
9377776,180.0
9378112,180.0
9380192,180.0
9383360,180.0
9383456,180.0
9383792,180.0
9389008,180.0
9389584,180.0
9391344,180.0
9394320,180.0
9394992,180.0
9395472,180.0
9395584,180.0
9396688,180.0
9397680,180.0
9398592,180.0
9401568,180.0
9403360,180.0
9404320,180.0
9406880,180.0
9409616,180.0
9413264,180.0
9413712,180.0
9416832,180.0
9418512,180.0
9419024,180.0
9419856,180.0
9420000,180.0
9423568,180.0
9423968,180.0
9425648,180.0
9428240,180.0
9428896,180.0
9429680,180.0
9430912,180.0
9431872,180.0
9432048,180.0
9434272,180.0
9435024,180.0
9435344,180.0
9436080,180.0
9437504,180.0
9441920,180.0
9442896,180.0
9444592,180.0
9445120,180.0
9446544,180.0
9446752,180.0
9448896,180.0
9449120,180.0
9456656,180.0
9462352,180.0
9463040,180.0
9463168,180.0
9464880,180.0
9468432,180.0
9469840,180.0
9470736,180.0
9470928,180.0
9472016,180.0
9472976,180.0
9473488,180.0
9474448,180.0
9476768,180.0
9477344,180.0
9481296,180.0
9481952,180.0
9482544,180.0
9483920,180.0
9486544,180.0
9488464,180.0
9489088,180.0
9491680,180.0
9494496,180.0
9495456,180.0
9496768,180.0
9498384,180.0
9498624,180.0
9498848,180.0
9501984,180.0
9503328,180.0
9504240,180.0
9505600,180.0
9505888,180.0
9507952,180.0
9508192,180.0
9511744,180.0
9512640,180.0
9514768,180.0
9517584,180.0
9518128,180.0
9518352,180.0
9518528,180.0
9521472,180.0
9522720,180.0
9523840,180.0
9524208,180.0
9526304,180.0
9531264,180.0
9532496,180.0
9532624,180.0
9536608,180.0
9537184,180.0
9537408,180.0
9539168,180.0
9540944,180.0
9547168,180.0
9547328,180.0
9547904,180.0
9549120,180.0
9550592,180.0
9551408,180.0
9551920,180.0
9552240,180.0
9552304,180.0
9555632,180.0
9556048,180.0
9558624,180.0
9559712,180.0
9560144,180.0
9563104,180.0
9566160,180.0
9566672,180.0
9568192,180.0
9568400,180.0
9568576,180.0
9572480,180.0
9572928,180.0
9573776,180.0
9574496,180.0
9580192,180.0
9581504,180.0
9584624,180.0
9585184,180.0
9589392,180.0
9595104,180.0
9598128,180.0
9600192,180.0
9604240,180.0
9608112,180.0
9608496,180.0
9610112,180.0
9611488,180.0
9614064,180.0
9614240,180.0
9614432,180.0
9615648,180.0
9619712,180.0
9624192,180.0
9625024,180.0
9626960,180.0
9631664,180.0
9632928,180.0
9636576,180.0
9639728,180.0
9640320,180.0
9640448,180.0
9642432,180.0
9647968,180.0
9648544,180.0
9648800,180.0
9650912,180.0
9652016,180.0
9652416,180.0
9652896,180.0
9653088,180.0
9653520,180.0
9656720,180.0
9656784,180.0
9657104,180.0
9657136,180.0
9658880,180.0
9659248,180.0
9661888,180.0
9662064,180.0
9663072,180.0
9664976,180.0
9668368,180.0
9671712,180.0
9676976,180.0
9677184,180.0
9680672,180.0
9681952,180.0
9683664,180.0
9685696,180.0
9691856,180.0
9692000,180.0
9692256,180.0
9692464,180.0
9692656,180.0
9693120,180.0
9693840,180.0
9696592,180.0
9697392,180.0
9697632,180.0
9698640,180.0
9700192,180.0
9702176,180.0
9706160,180.0
9706976,180.0
9710592,180.0
9711424,180.0
9713504,180.0
9713776,180.0
9716688,180.0
9719696,180.0
9720000,180.0
9721568,180.0
9721888,180.0
9726544,180.0
9728048,180.0
9728736,180.0
9730384,180.0
9730624,180.0
9731312,180.0
9734256,180.0
9736688,180.0
9737664,180.0
9737824,180.0
9740576,180.0
9742192,180.0
9744432,180.0
9745648,180.0
9746496,180.0
9747568,180.0
9747840,180.0
9749856,180.0
9751888,180.0
9753088,180.0
9754432,180.0
9755744,180.0
9757152,180.0
9757488,180.0
9758048,180.0
9761792,180.0
9762688,180.0
9763552,180.0
9764960,180.0
9767456,180.0
9767712,180.0
9768128,180.0
9772096,180.0
9776016,180.0
9776784,180.0
9776800,180.0
9780640,180.0
9780672,180.0
9782080,180.0
9783040,180.0
9785840,180.0
9786448,180.0
9787488,180.0
9788544,180.0
9789312,180.0
9790240,180.0
9790816,180.0
9791136,180.0
9793552,180.0
9794208,180.0
9794624,180.0
9796896,180.0
9797872,180.0
9799952,180.0
9802608,180.0
9803024,180.0
9806080,180.0
9806848,180.0
9806928,180.0
9817728,180.0
9818976,180.0
9821040,180.0
9826416,180.0
9826432,180.0
9826608,180.0
9829616,180.0
9830144,180.0
9833920,180.0
9834160,180.0
9835136,180.0
9836480,180.0
9839984,180.0
9851456,180.0
9851776,180.0
9855088,180.0
9855760,180.0
9859408,180.0
9861072,180.0
9862768,180.0
9862896,180.0
9863264,180.0
9863456,180.0
9864080,180.0
9868960,180.0
9869792,180.0
9869824,180.0
9870384,180.0
9870608,180.0
9870960,180.0
9873504,180.0
9881632,180.0
9882176,180.0
9883408,180.0
9883616,180.0
9884304,180.0
9884752,180.0
9887456,180.0
9890112,180.0
9892416,180.0
9893072,180.0
9893888,180.0
9894592,180.0
9897232,180.0
9897328,180.0
9897504,180.0
9898496,180.0
9899248,180.0
9899856,180.0
9902128,180.0
9907248,180.0
9916208,180.0
9919664,180.0
9919904,180.0
9919968,180.0
9920928,180.0
9922512,180.0
9923392,180.0
9924080,180.0
9927200,180.0
9927552,180.0
9928880,180.0
9930560,180.0
9930608,180.0
9931072,180.0
9931664,180.0
9936752,180.0
9939328,180.0
9939984,180.0
9942064,180.0
9943104,180.0
9943968,180.0
9945424,180.0
9945936,180.0
9947760,180.0
9949232,180.0
9949872,180.0
9950048,180.0
9952720,180.0
9952752,180.0
9954608,180.0
9959904,180.0
9962400,180.0
9964624,180.0
9965872,180.0
9967872,180.0
9971184,180.0
9976368,180.0
9977632,180.0
9980560,180.0
9986192,180.0
9986352,180.0
9987136,180.0
9992096,180.0
9994400,180.0
9994608,180.0
9999072,180.0
9999232,180.0
10001488,180.0
10001664,180.0
10003680,180.0
10003872,180.0
10005216,180.0
10007856,180.0
10009600,180.0
10009824,180.0
10010128,180.0
10010736,180.0
10010992,180.0
10011888,180.0
10016352,180.0
10017280,180.0
10018320,180.0
10018736,180.0
10018848,180.0
10018896,180.0
10021776,180.0
10026240,180.0
10029392,180.0
10032064,180.0
10032368,180.0
10035536,180.0
10035552,180.0
10037168,180.0
10038320,180.0
10038624,180.0
10045552,180.0
10046000,180.0
10047232,180.0
10047568,180.0
10049296,180.0
10049920,180.0
10050880,180.0
10051904,180.0
10052016,180.0
10053392,180.0
10054192,180.0
10056752,180.0
10057488,180.0
10060688,180.0
10061792,180.0
10061872,180.0
10064688,180.0
10067072,180.0
10067664,180.0
10069008,180.0
10070144,180.0
10070944,180.0
10071024,180.0
10073520,180.0
10076000,180.0
10078080,180.0
10078512,180.0
10078784,180.0
10079712,180.0
10082688,180.0
10084064,180.0
10086752,180.0
10087888,180.0
10088928,180.0
10090992,180.0
10092080,180.0
10098560,180.0
10099408,180.0
10101296,180.0
10101888,180.0
10102992,180.0
10104896,180.0
10105968,180.0
10106480,180.0
10107312,180.0
10107360,180.0
10108208,180.0
10108528,180.0
10109456,180.0
10110544,180.0
10112272,180.0
10113696,180.0
10115984,180.0
10118112,180.0
10118176,180.0
10119408,180.0
10119888,180.0
10121408,180.0
10123920,180.0
10127120,180.0
10130016,180.0
10130288,180.0
10130720,180.0
10131264,180.0
10131776,180.0
10135312,180.0
10136528,180.0
10136832,180.0
10139248,180.0
10140320,180.0
10140400,180.0
10141568,180.0
10141728,180.0
10142144,180.0
10143040,180.0
10143072,180.0
10144048,180.0
10144784,180.0
10144848,180.0
10145696,180.0
10146848,180.0
10149248,180.0
10151056,180.0
10152016,180.0
10155968,180.0
10156960,180.0
10159296,180.0
10161440,180.0
10162288,180.0
10163552,180.0
10166816,180.0
10167696,180.0
10168016,180.0
10168864,180.0
10170784,180.0
10173696,180.0
10174736,180.0
10177136,180.0
10179360,180.0
10179856,180.0
10180976,180.0
10182528,180.0
10182896,180.0
10185360,180.0
10186336,180.0
10187616,180.0
10190224,180.0
10190400,180.0
10191584,180.0
10191872,180.0
10196208,180.0
10197536,180.0
10200800,180.0
10201280,180.0
10202992,180.0
10203744,180.0
10205792,180.0
10207264,180.0
10207328,180.0
10207472,180.0
10207648,180.0
10208448,180.0
10208736,180.0
10209840,180.0
10210272,180.0
10212880,180.0
10213184,180.0
10213280,180.0
10215504,180.0
10216256,180.0
10218352,180.0
10220832,180.0
10221552,180.0
10222352,180.0
10222624,180.0
10224384,180.0
10224512,180.0
10225632,180.0
10228144,180.0
10229376,180.0
10230448,180.0
10230624,180.0
10231600,180.0
10231888,180.0
10233312,180.0
10233424,180.0
10233776,180.0
10233936,180.0
10235360,180.0
10243920,180.0
10248896,180.0
10252544,180.0
10252832,180.0
10253328,180.0
10254096,180.0
10255952,180.0
10258688,180.0
10259184,180.0
10259312,180.0
10260112,180.0
10260576,180.0
10263280,180.0
10264720,180.0
10266944,180.0
10267296,180.0
10269472,180.0
10271072,180.0
10272240,180.0
10273952,180.0
10277344,180.0
10279584,180.0
10280832,180.0
10281248,180.0
10281488,180.0
10282112,180.0
10283248,180.0
10283808,180.0
10284000,180.0
10284528,180.0
10284960,180.0
10288272,180.0
10291632,180.0
10296080,180.0
10298032,180.0
10301248,180.0
10303648,180.0
10309200,180.0
10309664,180.0
10311696,180.0
10313232,180.0
10314512,180.0
10320592,180.0
10321328,180.0
10321824,180.0
10322864,180.0
10323168,180.0
10324912,180.0
10328784,180.0
10331536,180.0
10332464,180.0
10334896,180.0
10336400,180.0
10336576,180.0
10337472,180.0
10339840,180.0
10340832,180.0
10342288,180.0
10345152,180.0
10347872,180.0
10349392,180.0
10349984,180.0
10350272,180.0
10350352,180.0
10350800,180.0
10351344,180.0
10352144,180.0
10353888,180.0
10354384,180.0
10354496,180.0
10354848,180.0
10359136,180.0
10362816,180.0
10364368,180.0
10365312,180.0
10366208,180.0
10368256,180.0
10369488,180.0
10369792,180.0
10370384,180.0
10371536,180.0
10371568,180.0
10371872,180.0
10375984,180.0
10376624,180.0
10380320,180.0
10385296,180.0
10385408,180.0
10385552,180.0
10386144,180.0
10386224,180.0
10387296,180.0
10391392,180.0
10394320,180.0
10396496,180.0
10397536,180.0
10398992,180.0
10399744,180.0
10399792,180.0
10399984,180.0
10400336,180.0
10401920,180.0
10403312,180.0
10403824,180.0
10403856,180.0
10405104,180.0
10408288,180.0
10410128,180.0
10411872,180.0
10413904,180.0
10414736,180.0
10415776,180.0
10416048,180.0
10417632,180.0
10417936,180.0
10418288,180.0
10420960,180.0
10421584,180.0
10422496,180.0
10422912,180.0
10424384,180.0
10425776,180.0
10426272,180.0
10433744,180.0
10439072,180.0
10442272,180.0
10443936,180.0
10446224,180.0
10449488,180.0
10451056,180.0
10452528,180.0
10453408,180.0
10453632,180.0
10454384,180.0
10457568,180.0
10457600,180.0
10461456,180.0
10463072,180.0
10464928,180.0
10464960,180.0
10465184,180.0
10465600,180.0
10467424,180.0
10468592,180.0
10468752,180.0
10468928,180.0
10469760,180.0
10470000,180.0
10471984,180.0
10473440,180.0
10474272,180.0
10474752,180.0
10475472,180.0
10477600,180.0
10478944,180.0
10481280,180.0
10481424,180.0
10482880,180.0
10483664,180.0
10486704,180.0
10487632,180.0
10487680,180.0
10489664,180.0
10490352,180.0
10490528,180.0
10491056,180.0
10493728,180.0
10496464,180.0
10496768,180.0
10505072,180.0
10508192,180.0
10510288,180.0
10511024,180.0
10511520,180.0
10514432,180.0
10514672,180.0
10517360,180.0
10518624,180.0
10520864,180.0
10520944,180.0
10528000,180.0
10529344,180.0
10531296,180.0
10532976,180.0
10534560,180.0
10535264,180.0
10535488,180.0
10536480,180.0
10538128,180.0
10538912,180.0
10539536,180.0
10539952,180.0
10542336,180.0
10542704,180.0
10547504,180.0
10547872,180.0
10549216,180.0
10550320,180.0
10551488,180.0
10552656,180.0
10554384,180.0
10554512,180.0
10554720,180.0
10555248,180.0
10555568,180.0
10555600,180.0
10556720,180.0
10558256,180.0
10559168,180.0
10562160,180.0
10563088,180.0
10563744,180.0
10563920,180.0
10565376,180.0
10567296,180.0
10568112,180.0
10568720,180.0
10570544,180.0
10571472,180.0
10572272,180.0
10572752,180.0
10572864,180.0
10573456,180.0
10573760,180.0
10578592,180.0
10582080,180.0
10582720,180.0
10583024,180.0
10583408,180.0
10583888,180.0
10586944,180.0
10589200,180.0
10590656,180.0
10591568,180.0
10591920,180.0
10591968,180.0
10592192,180.0
10593248,180.0
10593504,180.0
10596416,180.0
10597872,180.0
10601600,180.0
10604512,180.0
10606528,180.0
10607456,180.0
10608160,180.0
10608224,180.0
10609568,180.0
10610016,180.0
10610944,180.0
10611008,180.0
10611472,180.0
10612944,180.0
10615152,180.0
10616560,180.0
10621520,180.0
10623888,180.0
10624496,180.0
10624800,180.0
10629248,180.0
10630656,180.0
10630864,180.0
10631936,180.0
10633216,180.0
10633904,180.0
10634656,180.0
10635648,180.0
10636464,180.0
10638160,180.0
10639216,180.0
10639360,180.0
10639408,180.0
10639664,180.0
10640096,180.0
10640416,180.0
10641200,180.0
10642192,180.0
10642944,180.0
10644320,180.0
10648832,180.0
10649472,180.0
10650064,180.0
10652816,180.0
10654752,180.0
10655968,180.0
10657312,180.0
10659232,180.0
10659760,180.0
10660720,180.0
10663216,180.0
10663648,180.0
10663696,180.0
10663984,180.0
10664016,180.0
10666400,180.0
10667696,180.0
10669248,180.0
10670864,180.0
10671840,180.0
10671984,180.0
10673312,180.0
10677040,180.0
10677632,180.0
10681136,180.0
10681248,180.0
10682480,180.0
10682800,180.0
10683824,180.0
10685968,180.0
10686864,180.0
10688960,180.0
10690720,180.0
10691600,180.0
10694656,180.0
10695072,180.0
10695248,180.0
10696336,180.0
10696528,180.0
10705664,180.0
10706304,180.0
10710688,180.0
10711488,180.0
10714368,180.0
10714688,180.0
10715392,180.0
10718656,180.0
10718704,180.0
10721296,180.0
10721952,180.0
10722320,180.0
10723760,180.0
10724608,180.0
10724624,180.0
10724864,180.0
10725952,180.0
10727872,180.0
10729424,180.0
10733520,180.0
10733696,180.0
10734304,180.0
10734768,180.0
10737456,180.0
10738912,180.0
10740384,180.0
10743840,180.0
10746592,180.0
10747008,180.0
10747952,180.0
10750000,180.0
10752256,180.0
10754000,180.0
10759760,180.0
10760032,180.0
10761744,180.0
10762016,180.0
10765296,180.0
10766096,180.0
10766160,180.0
10766720,180.0
10767808,180.0
10771424,180.0
10771616,180.0
10772736,180.0
10775872,180.0
10777264,180.0
10780000,180.0
10780352,180.0
10780368,180.0
10781696,180.0
10781936,180.0
10784672,180.0
10785280,180.0
10786608,180.0
10786624,180.0
10787824,180.0
10788624,180.0
10789136,180.0
10790080,180.0
10795040,180.0
10795376,180.0
10797872,180.0
10799024,180.0
10799648,180.0
10805408,180.0
10807120,180.0
10809344,180.0
10809600,180.0
10812368,180.0
10812880,180.0
10813120,180.0
10813376,180.0
10813696,180.0
10815232,180.0
10815360,180.0
10818032,180.0
10819696,180.0
10821296,180.0
10821520,180.0
10823024,180.0
10825536,180.0
10826448,180.0
10826896,180.0
10829552,180.0
10830192,180.0
10831408,180.0
10832000,180.0
10839280,180.0
10841392,180.0
10842160,180.0
10842416,180.0
10842880,180.0
10843968,180.0
10844032,180.0
10844336,180.0
10845440,180.0
10851088,180.0
10851872,180.0
10856480,180.0
10857648,180.0
10860896,180.0
10863216,180.0
10864384,180.0
10864784,180.0
10866032,180.0
10866448,180.0
10871328,180.0
10872704,180.0
10873952,180.0
10875392,180.0
10876112,180.0
10879472,180.0
10885040,180.0
10885120,180.0
10887472,180.0
10891392,180.0
10896176,180.0
10896224,180.0
10898912,180.0
10902960,180.0
10903872,180.0
10905760,180.0
10906672,180.0
10911232,180.0
10911584,180.0
10913024,180.0
10913760,180.0
10913824,180.0
10915968,180.0
10917504,180.0
10917632,180.0
10923088,180.0
10925792,180.0
10925920,180.0
10927152,180.0
10927376,180.0
10930576,180.0
10932160,180.0
10933728,180.0
10933824,180.0
10935376,180.0
10938992,180.0
10939056,180.0
10939136,180.0
10942272,180.0
10942416,180.0
10949360,180.0
10949840,180.0
10950304,180.0
10951008,180.0
10951296,180.0
10952400,180.0
10952944,180.0
10957680,180.0
10957952,180.0
10961056,180.0
10964368,180.0
10965344,180.0
10966528,180.0
10973168,180.0
10973488,180.0
10976432,180.0
10984640,180.0
10986800,180.0
10988048,180.0
10989808,180.0
10989856,180.0
10991232,180.0
10991408,180.0
10992992,180.0
10994272,180.0
10995392,180.0
10995760,180.0
10996288,180.0
10997344,180.0
10998240,180.0
10999888,180.0
11000992,180.0
11001296,180.0
11007760,180.0
11009088,180.0
11009168,180.0
11014240,180.0
11015552,180.0
11017920,180.0
11018272,180.0
11018976,180.0
11019264,180.0
11021024,180.0
11021664,180.0
11022608,180.0
11022768,180.0
11026656,180.0
11027968,180.0
11030624,180.0
11031600,180.0
11032176,180.0
11033184,180.0
11033696,180.0
11034752,180.0
11037600,180.0
11039456,180.0
11041344,180.0
11041568,180.0
11041616,180.0
11042000,180.0
11046096,180.0
11049088,180.0
11049504,180.0
11050032,180.0
11050512,180.0
11050768,180.0
11052816,180.0
11053248,180.0
11053952,180.0
11054256,180.0
11056368,180.0
11057888,180.0
11059280,180.0
11059408,180.0
11059456,180.0
11060800,180.0
11064816,180.0
11068944,180.0
11069344,180.0
11070672,180.0
11071104,180.0
11073680,180.0
11074320,180.0
11077168,180.0
11081504,180.0
11081536,180.0
11081808,180.0
11084224,180.0
11084368,180.0
11085872,180.0
11089328,180.0
11090368,180.0
11095280,180.0
11099072,180.0
11099520,180.0
11099584,180.0
11100000,180.0
11100080,180.0
11101664,180.0
11103424,180.0
11104800,180.0
11105312,180.0
11107424,180.0
11109840,180.0
11111088,180.0
11111456,180.0
11111616,180.0
11115712,180.0
11116720,180.0
11118112,180.0
11118336,180.0
11120736,180.0
11121920,180.0
11122352,180.0
11122512,180.0
11122992,180.0
11123408,180.0
11124240,180.0
11126576,180.0
11129200,180.0
11129840,180.0
11130464,180.0
11138080,180.0
11138672,180.0
11138912,180.0
11139200,180.0
11141136,180.0
11141488,180.0
11142816,180.0
11143568,180.0
11143680,180.0
11151552,180.0
11151984,180.0
11152416,180.0
11153664,180.0
11154176,180.0
11154512,180.0
11155232,180.0
11156112,180.0
11156256,180.0
11156784,180.0
11158304,180.0
11158368,180.0
11159536,180.0
11159792,180.0
11160336,180.0
11160352,180.0
11160960,180.0
11161088,180.0
11164640,180.0
11165008,180.0
11165328,180.0
11167360,180.0
11168592,180.0
11171888,180.0
11172832,180.0
11176192,180.0
11178096,180.0
11180144,180.0
11181392,180.0
11181760,180.0
11184928,180.0
11185520,180.0
11185744,180.0
11186672,180.0
11187056,180.0
11188688,180.0
11189184,180.0
11189296,180.0
11189792,180.0
11189872,180.0
11194640,180.0
11196000,180.0
11196976,180.0
11197584,180.0
11198160,180.0
11199520,180.0
11201664,180.0
11203264,180.0
11205472,180.0
11207712,180.0
11207904,180.0
11208528,180.0
11209296,180.0
11211232,180.0
11215056,180.0
11215920,180.0
11216448,180.0
11216816,180.0
11217696,180.0
11217888,180.0
11217936,180.0
11221216,180.0
11221536,180.0
11221808,180.0
11222336,180.0
11223504,180.0
11226176,180.0
11233008,180.0
11235712,180.0
11237856,180.0
11238688,180.0
11239200,180.0
11240480,180.0
11240928,180.0
11241216,180.0
11241728,180.0
11244832,180.0
11245968,180.0
11246480,180.0
11256144,180.0
11260272,180.0
11261888,180.0
11262272,180.0
11262304,180.0
11263360,180.0
11264336,180.0
11265888,180.0
11266848,180.0
11267504,180.0
11268000,180.0
11270560,180.0
11273408,180.0
11274576,180.0
11279104,180.0
11279184,180.0
11281488,180.0
11281952,180.0
11282736,180.0
11284848,180.0
11284928,180.0
11285120,180.0
11287552,180.0
11290256,180.0
11294304,180.0
11296144,180.0
11297248,180.0
11297456,180.0
11300160,180.0
11300816,180.0
11301472,180.0
11302944,180.0
11304272,180.0
11306608,180.0
11306784,180.0
11309168,180.0
11309792,180.0
11309888,180.0
11310832,180.0
11313616,180.0
11313744,180.0
11314800,180.0
11314832,180.0
11315008,180.0
11318208,180.0
11318560,180.0
11319856,180.0
11320560,180.0
11327040,180.0
11332032,180.0
11334096,180.0
11335056,180.0
11335856,180.0
11336560,180.0
11339824,180.0
11339888,180.0
11341008,180.0
11341440,180.0
11341536,180.0
11341632,180.0
11342080,180.0
11344224,180.0
11344944,180.0
11346416,180.0
11348800,180.0
11349472,180.0
11349968,180.0
11352272,180.0
11356688,180.0
11357056,180.0
11358160,180.0
11364016,180.0
11364432,180.0
11367504,180.0
11369280,180.0
11369472,180.0
11371648,180.0
11371680,180.0
11371696,180.0
11373104,180.0
11373136,180.0
11374032,180.0
11378032,180.0
11378176,180.0
11381792,180.0
11383088,180.0
11385680,180.0
11386160,180.0
11387056,180.0
11387488,180.0
11388496,180.0
11390128,180.0
11392224,180.0
11392320,180.0
11394480,180.0
11396800,180.0
11397168,180.0
11398016,180.0
11399696,180.0
11403600,180.0
11404352,180.0
11406624,180.0
11407328,180.0
11408928,180.0
11412640,180.0
11412784,180.0
11415184,180.0
11415504,180.0
11416048,180.0
11416672,180.0
11416720,180.0
11416832,180.0
11418064,180.0
11420192,180.0
11420384,180.0
11420592,180.0
11421408,180.0
11424544,180.0
11425472,180.0
11427424,180.0
11427984,180.0
11428224,180.0
11429504,180.0
11429696,180.0
11432544,180.0
11432880,180.0
11435776,180.0
11436080,180.0
11438016,180.0
11438272,180.0
11438560,180.0
11440736,180.0
11443808,180.0
11443840,180.0
11446688,180.0
11447408,180.0
11448304,180.0
11452624,180.0
11457184,180.0
11457200,180.0
11457504,180.0
11460352,180.0
11461216,180.0
11462464,180.0
11462624,180.0
11464608,180.0
11466432,180.0
11466832,180.0
11470160,180.0
11475968,180.0
11479200,180.0
11479472,180.0
11480096,180.0
11481264,180.0
11482624,180.0
11483248,180.0
11485312,180.0
11485344,180.0
11486928,180.0
11488656,180.0
11488912,180.0
11490112,180.0
11490192,180.0
11491680,180.0
11493088,180.0
11497776,180.0
11497808,180.0
11500416,180.0
11503152,180.0
11506832,180.0
11507632,180.0
11514960,180.0
11516560,180.0
11516848,180.0
11516912,180.0
11517632,180.0
11518016,180.0
11518384,180.0
11518576,180.0
11521760,180.0
11521888,180.0
11525520,180.0
11526336,180.0
11526448,180.0
11527616,180.0
11528768,180.0
11531856,180.0
11536352,180.0
11541888,180.0
11542288,180.0
11542320,180.0
11542752,180.0
11542816,180.0
11545408,180.0
11545520,180.0
11548080,180.0
11548592,180.0
11550368,180.0
11551920,180.0
11552256,180.0
11553184,180.0
11553456,180.0
11553552,180.0
11553664,180.0
11555888,180.0
11556688,180.0
11558896,180.0
11560288,180.0
11560544,180.0
11562512,180.0
11564448,180.0
11567392,180.0
11569136,180.0
11570064,180.0
11570528,180.0
11570608,180.0
11573872,180.0
11577712,180.0
11578640,180.0
11583072,180.0
11583136,180.0
11585248,180.0
11586928,180.0
11588976,180.0
11590544,180.0
11593168,180.0
11594960,180.0
11597520,180.0
11600400,180.0
11602128,180.0
11602592,180.0
11603920,180.0
11604144,180.0
11604944,180.0
11605712,180.0
11606288,180.0
11606448,180.0
11606592,180.0
11607312,180.0
11608528,180.0
11608672,180.0
11612704,180.0
11615248,180.0
11615456,180.0
11617120,180.0
11617408,180.0
11617920,180.0
11624624,180.0
11625248,180.0
11628672,180.0
11628704,180.0
11632352,180.0
11635296,180.0
11635712,180.0
11640096,180.0
11641520,180.0
11642720,180.0
11646208,180.0
11647792,180.0
11648368,180.0
11648880,180.0
11649312,180.0
11650080,180.0
11650496,180.0
11652080,180.0
11653744,180.0
11653792,180.0
11654992,180.0
11655264,180.0
11656384,180.0
11662800,180.0
11665040,180.0
11668176,180.0
11668496,180.0
11670848,180.0
11672144,180.0
11674304,180.0
11675520,180.0
11678640,180.0
11681680,180.0
11685840,180.0
11687360,180.0
11689648,180.0
11689696,180.0
11697296,180.0
11699296,180.0
11699680,180.0
11701152,180.0
11701408,180.0
11704672,180.0
11705120,180.0
11705136,180.0
11705664,180.0
11706240,180.0
11707568,180.0
11708128,180.0
11709216,180.0
11710896,180.0
11712832,180.0
11713056,180.0
11714288,180.0
11716464,180.0
11719328,180.0
11720176,180.0
11720416,180.0
11722352,180.0
11723536,180.0
11724992,180.0
11725808,180.0
11726416,180.0
11726656,180.0
11726672,180.0
11727456,180.0
11729872,180.0
11730784,180.0
11730800,180.0
11731360,180.0
11735568,180.0
11739952,180.0
11740048,180.0
11740512,180.0
11741376,180.0
11742080,180.0
11744752,180.0
11744768,180.0
11745600,180.0
11746544,180.0
11747280,180.0
11747312,180.0
11752176,180.0
11752544,180.0
11754240,180.0
11755776,180.0
11759264,180.0
11759648,180.0
11761648,180.0
11763888,180.0
11764288,180.0
11766992,180.0
11770544,180.0
11770816,180.0
11773872,180.0
11774960,180.0
11777392,180.0
11777584,180.0
11778000,180.0
11778912,180.0
11779152,180.0
11780448,180.0
11780480,180.0
11783184,180.0
11790704,180.0
11793408,180.0
11793456,180.0
11793488,180.0
11794016,180.0
11795024,180.0
11796208,180.0
11797216,180.0
11797744,180.0
11799680,180.0
11800704,180.0
11802320,180.0
11802576,180.0
11805264,180.0
11806784,180.0
11807328,180.0
11809104,180.0
11811488,180.0
11812144,180.0
11813584,180.0
11814272,180.0
11815440,180.0
11815696,180.0
11817056,180.0
11819200,180.0
11821504,180.0
11821760,180.0
11822304,180.0
11824000,180.0
11824656,180.0
11829600,180.0
11834576,180.0
11835648,180.0
11835888,180.0
11837920,180.0
11838544,180.0
11839984,180.0
11842800,180.0
11843408,180.0
11849008,180.0
11849200,180.0
11850672,180.0
11852928,180.0
11853808,180.0
11854128,180.0
11856160,180.0
11856368,180.0
11856576,180.0
11859680,180.0
11860336,180.0
11860448,180.0
11860512,180.0
11862064,180.0
11862528,180.0
11864640,180.0
11865936,180.0
11866544,180.0
11866976,180.0
11868976,180.0
11873632,180.0
11875504,180.0
11875744,180.0
11876592,180.0
11877072,180.0
11878240,180.0
11878928,180.0
11882784,180.0
11883744,180.0
11884048,180.0
11885648,180.0
11891440,180.0
11891600,180.0
11892016,180.0
11893344,180.0
11894624,180.0
11895456,180.0
11896768,180.0
11898016,180.0
11898128,180.0
11899600,180.0
11900480,180.0
11901376,180.0
11901648,180.0
11902560,180.0
11902896,180.0
11903024,180.0
11905968,180.0
11907584,180.0
11907904,180.0
11908800,180.0
11910512,180.0
11911104,180.0
11913152,180.0
11913696,180.0
11913712,180.0
11917888,180.0
11920608,180.0
11921536,180.0
11923040,180.0
11923136,180.0
11924256,180.0
11924384,180.0
11924800,180.0
11928368,180.0
11928528,180.0
11931600,180.0
11933232,180.0
11935840,180.0
11936400,180.0
11936784,180.0
11938368,180.0
11938864,180.0
11941728,180.0
11941808,180.0
11943840,180.0
11953888,180.0
11954496,180.0
11956960,180.0
11960624,180.0
11961792,180.0
11962688,180.0
11963840,180.0
11967152,180.0
11967328,180.0
11968032,180.0
11969936,180.0
11970304,180.0
11970768,180.0
11971472,180.0
11973360,180.0
11974384,180.0
11974416,180.0
11974960,180.0
11975040,180.0
11976624,180.0
11977232,180.0
11979600,180.0
11982080,180.0
11982816,180.0
11982912,180.0
11983680,180.0
11983824,180.0
11987984,180.0
11989568,180.0
11990128,180.0
11991136,180.0
11995872,180.0
11997616,180.0
11999712,180.0
12003312,180.0
12008224,180.0
12009424,180.0
12012112,180.0
12015072,180.0
12015088,180.0
12015232,180.0
12015968,180.0
12020544,180.0
12020912,180.0
12021312,180.0
12022784,180.0
12023520,180.0
12023728,180.0
12025136,180.0
12028016,180.0
12029488,180.0
12029744,180.0
12029776,180.0
12032000,180.0
12033760,180.0
12033984,180.0
12035600,180.0
12037488,180.0
12038144,180.0
12039424,180.0
12041824,180.0
12045328,180.0
12049520,180.0
12049856,180.0
12050432,180.0
12055696,180.0
12056032,180.0
12056448,180.0
12057728,180.0
12058288,180.0
12058768,180.0
12059408,180.0
12060816,180.0
12062000,180.0
12062208,180.0
12063216,180.0
12063632,180.0
12064384,180.0
12065536,180.0
12067760,180.0
12069520,180.0
12071104,180.0
12073072,180.0
12074656,180.0
12074800,180.0
12080000,180.0
12080784,180.0
12084256,180.0
12084800,180.0
12085216,180.0
12086320,180.0
12088224,180.0
12088896,180.0
12091376,180.0
12093008,180.0
12093440,180.0
12095888,180.0
12096384,180.0
12100336,180.0
12103712,180.0
12104512,180.0
12105808,180.0
12107712,180.0
12108080,180.0
12108336,180.0
12108480,180.0
12108896,180.0
12109088,180.0
12109904,180.0
12115728,180.0
12116080,180.0
12116464,180.0
12120032,180.0
12121968,180.0
12125264,180.0
12126992,180.0
12127296,180.0
12130032,180.0
12131136,180.0
12131344,180.0
12131648,180.0
12133312,180.0
12137856,180.0
12139616,180.0
12148352,180.0
12150320,180.0
12151648,180.0
12153040,180.0
12154656,180.0
12154864,180.0
12156400,180.0
12161040,180.0
12162240,180.0
12163248,180.0
12163536,180.0
12164688,180.0
12166320,180.0
12168880,180.0
12169248,180.0
12171280,180.0
12171312,180.0
12171376,180.0
12171840,180.0
12173760,180.0
12173840,180.0
12174400,180.0
12174496,180.0
12175616,180.0
12177136,180.0
12180880,180.0
12181344,180.0
12181984,180.0
12188080,180.0
12188096,180.0
12190496,180.0
12193408,180.0
12193520,180.0
12195232,180.0
12196080,180.0
12200208,180.0
12202096,180.0
12203264,180.0
12203984,180.0
12204160,180.0
12205072,180.0
12205760,180.0
12206240,180.0
12206416,180.0
12206912,180.0
12207072,180.0
12211920,180.0
12212496,180.0
12213024,180.0
12217152,180.0
12219024,180.0
12220256,180.0
12221664,180.0
12222048,180.0
12222848,180.0
12223392,180.0
12229632,180.0
12230688,180.0
12231408,180.0
12235664,180.0
12238096,180.0
12238144,180.0
12239024,180.0
12240288,180.0
12241248,180.0
12241712,180.0
12242192,180.0
12242544,180.0
12243760,180.0
12246368,180.0
12246864,180.0
12249616,180.0
12251904,180.0
12253376,180.0
12253712,180.0
12253888,180.0
12254160,180.0
12254368,180.0
12254480,180.0
12254560,180.0
12255648,180.0
12256016,180.0
12256160,180.0
12257168,180.0
12259520,180.0
12262224,180.0
12262800,180.0
12264352,180.0
12265744,180.0
12266640,180.0
12266752,180.0
12271200,180.0
12271920,180.0
12273376,180.0
12274128,180.0
12275744,180.0
12277200,180.0
12277552,180.0
12277744,180.0
12278400,180.0
12281936,180.0
12284096,180.0
12289808,180.0
12289856,180.0
12293840,180.0
12294736,180.0
12297584,180.0
12301872,180.0
12303200,180.0
12303552,180.0
12306064,180.0
12306320,180.0
12307024,180.0
12307600,180.0
12309728,180.0
12309968,180.0
12310672,180.0
12312464,180.0
12317904,180.0
12318944,180.0
12321648,180.0
12325248,180.0
12329120,180.0
12329376,180.0
12330400,180.0
12332816,180.0
12333104,180.0
12333552,180.0
12334832,180.0
12335872,180.0
12336032,180.0
12336432,180.0
12342144,180.0
12343040,180.0
12343200,180.0
12343664,180.0
12344416,180.0
12347424,180.0
12347696,180.0
12347728,180.0
12349568,180.0
12353776,180.0
12355328,180.0
12356624,180.0
12356736,180.0
12357040,180.0
12360368,180.0
12361632,180.0
12363264,180.0
12364592,180.0
12368832,180.0
12369072,180.0
12371184,180.0
12372848,180.0
12375472,180.0
12382480,180.0
12383712,180.0
12386480,180.0
12387328,180.0
12388432,180.0
12389648,180.0
12393024,180.0
12393776,180.0
12396720,180.0
12400176,180.0
12401248,180.0
12402352,180.0
12406032,180.0
12406432,180.0
12408288,180.0
12410048,180.0
12410560,180.0
12410944,180.0
12415344,180.0
12417136,180.0
12422720,180.0
12425392,180.0
12426448,180.0
12428048,180.0
12428256,180.0
12430288,180.0
12434720,180.0
12434912,180.0
12435888,180.0
12436560,180.0
12437088,180.0
12439456,180.0
12441696,180.0
12441728,180.0
12442560,180.0
12443936,180.0
12444672,180.0
12448496,180.0
12449504,180.0
12451424,180.0
12451824,180.0
12452304,180.0
12454416,180.0
12456032,180.0
12456880,180.0
12458192,180.0
12458576,180.0
12458752,180.0
12460416,180.0
12461936,180.0
12462496,180.0
12462976,180.0
12463216,180.0
12463440,180.0
12464176,180.0
12464960,180.0
12465536,180.0
12467776,180.0
12470272,180.0
12472656,180.0
12474848,180.0
12476784,180.0
12477856,180.0
12478288,180.0
12478528,180.0
12479824,180.0
12482704,180.0
12485328,180.0
12486688,180.0
12487408,180.0
12487552,180.0
12489712,180.0
12495024,180.0
12497024,180.0
12498976,180.0
12499056,180.0
12500112,180.0
12501472,180.0
12501568,180.0
12502368,180.0
12505456,180.0
12509648,180.0
12509952,180.0
12510976,180.0
12511632,180.0
12511664,180.0
12512912,180.0
12515872,180.0
12515936,180.0
12517088,180.0
12519088,180.0
12520272,180.0
12524176,180.0
12525792,180.0
12526528,180.0
12526672,180.0
12526720,180.0
12527216,180.0
12527648,180.0
12531632,180.0
12532336,180.0
12538288,180.0
12538992,180.0
12540720,180.0
12546080,180.0
12546528,180.0
12546992,180.0
12547696,180.0
12548592,180.0
12552176,180.0
12553920,180.0
12555056,180.0
12555984,180.0
12557392,180.0
12557488,180.0
12559568,180.0
12560512,180.0
12562048,180.0
12562640,180.0
12563184,180.0
12563360,180.0
12564640,180.0
12569648,180.0
12571040,180.0
12571328,180.0
12576400,180.0
12578864,180.0
12580112,180.0
12580448,180.0
12582928,180.0
12582944,180.0
12584944,180.0
12586320,180.0
12590304,180.0
12591168,180.0
12591472,180.0
12592592,180.0
12592992,180.0
12593312,180.0
12595664,180.0
12598688,180.0
12599056,180.0
12600288,180.0
12601568,180.0
12603344,180.0
12603632,180.0
12604272,180.0
12604528,180.0
12607056,180.0
12607536,180.0
12607600,180.0
12608752,180.0
12609600,180.0
12612112,180.0
12615168,180.0
12618512,180.0
12619776,180.0
12620800,180.0
12621600,180.0
12623200,180.0
12623760,180.0
12623856,180.0
12625504,180.0
12626752,180.0
12629456,180.0
12631216,180.0
12631856,180.0
12633200,180.0
12636128,180.0
12636624,180.0
12637984,180.0
12641312,180.0
12644640,180.0
12647712,180.0
12649008,180.0
12649408,180.0
12649472,180.0
12651120,180.0
12651568,180.0
12651760,180.0
12653808,180.0
12657920,180.0
12663088,180.0
12665680,180.0
12666320,180.0
12667152,180.0
12668672,180.0
12669376,180.0
12669824,180.0
12670512,180.0
12673808,180.0
12676272,180.0
12676944,180.0
12677328,180.0
12677920,180.0
12678832,180.0
12684480,180.0
12686432,180.0
12687008,180.0
12687824,180.0
12691152,180.0
12696384,180.0
12696576,180.0
12697344,180.0
12697984,180.0
12698128,180.0
12700592,180.0
12705824,180.0
12706208,180.0
12708288,180.0
12711888,180.0
12714064,180.0
12716480,180.0
12718256,180.0
12718832,180.0
12721744,180.0
12722688,180.0
12723104,180.0
12726480,180.0
12727744,180.0
12727792,180.0
12728800,180.0
12736928,180.0
12740240,180.0
12742144,180.0
12742752,180.0
12743152,180.0
12745712,180.0
12748016,180.0
12748368,180.0
12750256,180.0
12750800,180.0
12752512,180.0
12754800,180.0
12755568,180.0
12755952,180.0
12757824,180.0
12758560,180.0
12758720,180.0
12758848,180.0
12759824,180.0
12762560,180.0
12763904,180.0
12768544,180.0
12769200,180.0
12781392,180.0
12782528,180.0
12790688,180.0
12791376,180.0
12792848,180.0
12793136,180.0
12793968,180.0
12794736,180.0
12796496,180.0
12797792,180.0
12798032,180.0
12799792,180.0
12800560,180.0
12801984,180.0
12802096,180.0
12804992,180.0
12812544,180.0
12813376,180.0
12813872,180.0
12814736,180.0
12816480,180.0
12817952,180.0
12818272,180.0
12821888,180.0
12823632,180.0
12825744,180.0
12826640,180.0
12828480,180.0
12830320,180.0
12831808,180.0
12832816,180.0
12834832,180.0
12835952,180.0
12835984,180.0
12838448,180.0
12840336,180.0
12841888,180.0
12845376,180.0
12847520,180.0
12848480,180.0
12854832,180.0
12857024,180.0
12857072,180.0
12857808,180.0
12858800,180.0
12862080,180.0
12866816,180.0
12867984,180.0
12868384,180.0
12869552,180.0
12869872,180.0
12872960,180.0
12873440,180.0
12873920,180.0
12873984,180.0
12874064,180.0
12878048,180.0
12878368,180.0
12881184,180.0
12881536,180.0
12882080,180.0
12882464,180.0
12884448,180.0
12885440,180.0
12886544,180.0
12893168,180.0
12894336,180.0
12894400,180.0
12894704,180.0
12896624,180.0
12897808,180.0
12898960,180.0
12899312,180.0
12901840,180.0
12904064,180.0
12906304,180.0
12909264,180.0
12909696,180.0
12911152,180.0
12913008,180.0
12913280,180.0
12915824,180.0
12918688,180.0
12920064,180.0
12920768,180.0
12920848,180.0
12920896,180.0
12921184,180.0
12922144,180.0
12924416,180.0
12924688,180.0
12926064,180.0
12926752,180.0
12927840,180.0
12928256,180.0
12928672,180.0
12929648,180.0
12932448,180.0
12932928,180.0
12933104,180.0
12934464,180.0
12934672,180.0
12935024,180.0
12935664,180.0
12936480,180.0
12937952,180.0
12937968,180.0
12938320,180.0
12938960,180.0
12940176,180.0
12940224,180.0
12942704,180.0
12942896,180.0
12943008,180.0
12943696,180.0
12945776,180.0
12946288,180.0
12946768,180.0
12947712,180.0
12952240,180.0
12952288,180.0
12954608,180.0
12956864,180.0
12960560,180.0
12961616,180.0
12961760,180.0
12961840,180.0
12962752,180.0
12963360,180.0
12964176,180.0
12965424,180.0
12969248,180.0
12971136,180.0
12972400,180.0
12972496,180.0
12976096,180.0
12976624,180.0
12976944,180.0
12977280,180.0
12980400,180.0
12982800,180.0
12984320,180.0
12984960,180.0
12988272,180.0
12989648,180.0
12990768,180.0
12994720,180.0
12995024,180.0
12995904,180.0
13000688,180.0
13001072,180.0
13003536,180.0
13004080,180.0
13004512,180.0
13004624,180.0
13007920,180.0
13009472,180.0
13012864,180.0
13013152,180.0
13013504,180.0
13014800,180.0
13018000,180.0
13021648,180.0
13022144,180.0
13023936,180.0
13025456,180.0
13025472,180.0
13026480,180.0
13027488,180.0
13027824,180.0
13028272,180.0
13028304,180.0
13028752,180.0
13029376,180.0
13030864,180.0
13031008,180.0
13031760,180.0
13032208,180.0
13035136,180.0
13035856,180.0
13038656,180.0
13040608,180.0
13041872,180.0
13042000,180.0
13042224,180.0
13042400,180.0
13042448,180.0
13042480,180.0
13043584,180.0
13046048,180.0
13046848,180.0
13047872,180.0
13048288,180.0
13049856,180.0
13051584,180.0
13051936,180.0
13058624,180.0
13058864,180.0
13062000,180.0
13062944,180.0
13063536,180.0
13064256,180.0
13065616,180.0
13068768,180.0
13069168,180.0
13070352,180.0
13070512,180.0
13082032,180.0
13085184,180.0
13085968,180.0
13085984,180.0
13088064,180.0
13088480,180.0
13088896,180.0
13091008,180.0
13091392,180.0
13091632,180.0
13093040,180.0
13093952,180.0
13094896,180.0
13096944,180.0
13096976,180.0
13098912,180.0
13100912,180.0
13104704,180.0
13104880,180.0
13107328,180.0
13108896,180.0
13109904,180.0
13112960,180.0
13114288,180.0
13115168,180.0
13116720,180.0
13117360,180.0
13119552,180.0
13120096,180.0
13121728,180.0
13124480,180.0
13125936,180.0
13130656,180.0
13130992,180.0
13134368,180.0
13137152,180.0
13139152,180.0
13140352,180.0
13141408,180.0
13142592,180.0
13147696,180.0
13148032,180.0
13148832,180.0
13150928,180.0
13151088,180.0
13151328,180.0
13152976,180.0
13153264,180.0
13155520,180.0
13156384,180.0
13157904,180.0
13159728,180.0
13161328,180.0
13162224,180.0
13162560,180.0
13163168,180.0
13164352,180.0
13168576,180.0
13170080,180.0
13170752,180.0
13171152,180.0
13171424,180.0
13171616,180.0
13172352,180.0
13174816,180.0
13176048,180.0
13176448,180.0
13176832,180.0
13177392,180.0
13179552,180.0
13181888,180.0
13182080,180.0
13187888,180.0
13188896,180.0
13189296,180.0
13189344,180.0
13189632,180.0
13190032,180.0
13190112,180.0
13191136,180.0
13197408,180.0
13198176,180.0
13200960,180.0
13201184,180.0
13204160,180.0
13206400,180.0
13206752,180.0
13207520,180.0
13207920,180.0
13209408,180.0
13212864,180.0
13214592,180.0
13215088,180.0
13217248,180.0
13221632,180.0
13223088,180.0
13223360,180.0
13223552,180.0
13227408,180.0
13229808,180.0
13237328,180.0
13240320,180.0
13240432,180.0
13240800,180.0
13241024,180.0
13241568,180.0
13242704,180.0
13243808,180.0
13246112,180.0
13248608,180.0
13249840,180.0
13252000,180.0
13256352,180.0
13256864,180.0
13257472,180.0
13260416,180.0
13261024,180.0
13261648,180.0
13263312,180.0
13264384,180.0
13267840,180.0
13271360,180.0
13276288,180.0
13276304,180.0
13276816,180.0
13278304,180.0
13278512,180.0
13278592,180.0
13279712,180.0
13280560,180.0
13281008,180.0
13281840,180.0
13282704,180.0
13282784,180.0
13284160,180.0
13285984,180.0
13287104,180.0
13287616,180.0
13292880,180.0
13297120,180.0
13299376,180.0
13300096,180.0
13304336,180.0
13304384,180.0
13305104,180.0
13307504,180.0
13309888,180.0
13310128,180.0
13311264,180.0
13312336,180.0
13313792,180.0
13314112,180.0
13316688,180.0
13317536,180.0
13320672,180.0
13322256,180.0
13322336,180.0
13323456,180.0
13323664,180.0
13323888,180.0
13326320,180.0
13326912,180.0
13329984,180.0
13330432,180.0
13331312,180.0
13333200,180.0
13335664,180.0
13339776,180.0
13339888,180.0
13341648,180.0
13345424,180.0
13346192,180.0
13346640,180.0
13347424,180.0
13348352,180.0
13351136,180.0
13351424,180.0
13352560,180.0
13356416,180.0
13357360,180.0
13357424,180.0
13358720,180.0
13360784,180.0
13360896,180.0
13362160,180.0
13363680,180.0
13364720,180.0
13366080,180.0
13367744,180.0
13371216,180.0
13371312,180.0
13372176,180.0
13373216,180.0
13377936,180.0
13378288,180.0
13379488,180.0
13381616,180.0
13385360,180.0
13385680,180.0
13387568,180.0
13388816,180.0
13390864,180.0
13391456,180.0
13393648,180.0
13395488,180.0
13397440,180.0
13397696,180.0
13398016,180.0
13401072,180.0
13403344,180.0
13404144,180.0
13406160,180.0
13406832,180.0
13406880,180.0
13408016,180.0
13408896,180.0
13410768,180.0
13411056,180.0
13412560,180.0
13413120,180.0
13415408,180.0
13419968,180.0
13420608,180.0
13420928,180.0
13421072,180.0
13423472,180.0
13423664,180.0
13425632,180.0
13426608,180.0
13428336,180.0
13428448,180.0
13429952,180.0
13430176,180.0
13432528,180.0
13433056,180.0
13433920,180.0
13434560,180.0
13435264,180.0
13438256,180.0
13438576,180.0
13440080,180.0
13440752,180.0
13443328,180.0
13443728,180.0
13445648,180.0
13447712,180.0
13447952,180.0
13449040,180.0
13449328,180.0
13450992,180.0
13454576,180.0
13454656,180.0
13455968,180.0
13456064,180.0
13456384,180.0
13458000,180.0
13458224,180.0
13460016,180.0
13460720,180.0
13461760,180.0
13465136,180.0
13466176,180.0
13468608,180.0
13469920,180.0
13469968,180.0
13471072,180.0
13475024,180.0
13475808,180.0
13481088,180.0
13482560,180.0
13484976,180.0
13486768,180.0
13487440,180.0
13488000,180.0
13488416,180.0
13489760,180.0
13489856,180.0
13491936,180.0
13492080,180.0
13492256,180.0
13495200,180.0
13496384,180.0
13496672,180.0
13497712,180.0
13498848,180.0
13500032,180.0
13503216,180.0
13503360,180.0
13505888,180.0
13506032,180.0
13506496,180.0
13509856,180.0
13512144,180.0
13512496,180.0
13512976,180.0
13514656,180.0
13515232,180.0
13518848,180.0
13521424,180.0
13522704,180.0
13522976,180.0
13525968,180.0
13528464,180.0
13528560,180.0
13529264,180.0
13530768,180.0
13530880,180.0
13531728,180.0
13532496,180.0
13535120,180.0
13535648,180.0
13535840,180.0
13536464,180.0
13551360,180.0
13551952,180.0
13552000,180.0
13554784,180.0
13555488,180.0
13556464,180.0
13557968,180.0
13559280,180.0
13560224,180.0
13560400,180.0
13560768,180.0
13561552,180.0
13563248,180.0
13563584,180.0
13564496,180.0
13564656,180.0
13565520,180.0
13565696,180.0
13567600,180.0
13567840,180.0
13568864,180.0
13570176,180.0
13570416,180.0
13572800,180.0
13574560,180.0
13576704,180.0
13577712,180.0
13583648,180.0
13587968,180.0
13589680,180.0
13592640,180.0
13593808,180.0
13594976,180.0
13597472,180.0
13600672,180.0
13600896,180.0
13603296,180.0
13604080,180.0
13604960,180.0
13605808,180.0
13608464,180.0
13610944,180.0
13611296,180.0
13613600,180.0
13613776,180.0
13615424,180.0
13617760,180.0
13618512,180.0
13620320,180.0
13620480,180.0
13622224,180.0
13626096,180.0
13626800,180.0
13630496,180.0
13631584,180.0
13633232,180.0
13633424,180.0
13635008,180.0
13635232,180.0
13636992,180.0
13638736,180.0
13638816,180.0
13638848,180.0
13640048,180.0
13642048,180.0
13645008,180.0
13645760,180.0
13646880,180.0
13647344,180.0
13648160,180.0
13649552,180.0
13651216,180.0
13652240,180.0
13653312,180.0
13661152,180.0
13661408,180.0
13661648,180.0
13661856,180.0
13664048,180.0
13664544,180.0
13665904,180.0
13666848,180.0
13671440,180.0
13674912,180.0
13675424,180.0
13676720,180.0
13678704,180.0
13682688,180.0
13685088,180.0
13689472,180.0
13689840,180.0
13690448,180.0
13693616,180.0
13694688,180.0
13695792,180.0
13696752,180.0
13697808,180.0
13700528,180.0
13700688,180.0
13701296,180.0
13705008,180.0
13706992,180.0
13709952,180.0
13710224,180.0
13710544,180.0
13710832,180.0
13712864,180.0
13714352,180.0
13716464,180.0
13717840,180.0
13721792,180.0
13721920,180.0
13722752,180.0
13723120,180.0
13723488,180.0
13724480,180.0
13725504,180.0
13725664,180.0
13726064,180.0
13726240,180.0
13726928,180.0
13726960,180.0
13727792,180.0
13730704,180.0
13732144,180.0
13732976,180.0
13739040,180.0
13740304,180.0
13742368,180.0
13742448,180.0
13744816,180.0
13748416,180.0
13748720,180.0
13749120,180.0
13752016,180.0
13756880,180.0
13757088,180.0
13758816,180.0
13759568,180.0
13763520,180.0
13764032,180.0
13765744,180.0
13767456,180.0
13768864,180.0
13770192,180.0
13771392,180.0
13773792,180.0
13775280,180.0
13775680,180.0
13776048,180.0
13776240,180.0
13776560,180.0
13780416,180.0
13783392,180.0
13785392,180.0
13786864,180.0
13787888,180.0
13788112,180.0
13789488,180.0
13789808,180.0
13794464,180.0
13794768,180.0
13794912,180.0
13794944,180.0
13796608,180.0
13804240,180.0
13805888,180.0
13808144,180.0
13808960,180.0
13810912,180.0
13811888,180.0
13812192,180.0
13814144,180.0
13816304,180.0
13816848,180.0
13817072,180.0
13817120,180.0
13817504,180.0
13818320,180.0
13818976,180.0
13819904,180.0
13820176,180.0
13823616,180.0
13826176,180.0
13826272,180.0
13826624,180.0
13826672,180.0
13828048,180.0
13830768,180.0
13830880,180.0
13833104,180.0
13833776,180.0
13834208,180.0
13835648,180.0
13836560,180.0
13838832,180.0
13839856,180.0
13841872,180.0
13843888,180.0
13846784,180.0
13850688,180.0
13855360,180.0
13855776,180.0
13856560,180.0
13856816,180.0
13858640,180.0
13861952,180.0
13864064,180.0
13864784,180.0
13865200,180.0
13867712,180.0
13868432,180.0
13873216,180.0
13875712,180.0
13878416,180.0
13880448,180.0
13881040,180.0
13881200,180.0
13882288,180.0
13882496,180.0
13883024,180.0
13887360,180.0
13888544,180.0
13888784,180.0
13894128,180.0
13895136,180.0
13896368,180.0
13899232,180.0
13901120,180.0
13902096,180.0
13903312,180.0
13906960,180.0
13909984,180.0
13911072,180.0
13913264,180.0
13913824,180.0
13915360,180.0
13916384,180.0
13920128,180.0
13920288,180.0
13922128,180.0
13923744,180.0
13923904,180.0
13925120,180.0
13926304,180.0
13927312,180.0
13928000,180.0
13929056,180.0
13930816,180.0
13931632,180.0
13933024,180.0
13933984,180.0
13935152,180.0
13937200,180.0
13937952,180.0
13940224,180.0
13940320,180.0
13942448,180.0
13944656,180.0
13945760,180.0
13946608,180.0
13948816,180.0
13950128,180.0
13951520,180.0
13951920,180.0
13954752,180.0
13954928,180.0
13955936,180.0
13956928,180.0
13958272,180.0
13958304,180.0
13958448,180.0
13959552,180.0
13962880,180.0
13963488,180.0
13964448,180.0
13971088,180.0
13971392,180.0
13974096,180.0
13974656,180.0
13976368,180.0
13978720,180.0
13980144,180.0
13980864,180.0
13981568,180.0
13982544,180.0
13982880,180.0
13982944,180.0
13982976,180.0
13983088,180.0
13985936,180.0
13987792,180.0
13988240,180.0
13989904,180.0
13990160,180.0
13990256,180.0
13990432,180.0
13991424,180.0
13992208,180.0
13995840,180.0
13996560,180.0
13997616,180.0
14000608,180.0
14002672,180.0
14003008,180.0
14008560,180.0
14008896,180.0
14009968,180.0
14012080,180.0
14016208,180.0
14017264,180.0
14022752,180.0
14027104,180.0
14027376,180.0
14027888,180.0
14029152,180.0
14030176,180.0
14030704,180.0
14031312,180.0
14034112,180.0
14037280,180.0
14037296,180.0
14037328,180.0
14038496,180.0
14039808,180.0
14043456,180.0
14043808,180.0
14044288,180.0
14044496,180.0
14046432,180.0
14050384,180.0
14050784,180.0
14051072,180.0
14053456,180.0
14056448,180.0
14056576,180.0
14058240,180.0
14060208,180.0
14062288,180.0
14062592,180.0
14063888,180.0
14063936,180.0
14065824,180.0
14069264,180.0
14069664,180.0
14071024,180.0
14073424,180.0
14076064,180.0
14078480,180.0
14078560,180.0
14078880,180.0
14080576,180.0
14083024,180.0
14083936,180.0
14087248,180.0
14087328,180.0
14087520,180.0
14089504,180.0
14092832,180.0
14093040,180.0
14093200,180.0
14094304,180.0
14094880,180.0
14095168,180.0
14095296,180.0
14097120,180.0
14098224,180.0
14100288,180.0
14100752,180.0
14102960,180.0
14103664,180.0
14104096,180.0
14106800,180.0
14106816,180.0
14111456,180.0
14111568,180.0
14111728,180.0
14112320,180.0
14112656,180.0
14113536,180.0
14119712,180.0
14120896,180.0
14121056,180.0
14123072,180.0
14123568,180.0
14123600,180.0
14124048,180.0
14124064,180.0
14125248,180.0
14126912,180.0
14128016,180.0
14130432,180.0
14130784,180.0
14131264,180.0
14132832,180.0
14135040,180.0
14137344,180.0
14137408,180.0
14138864,180.0
14145040,180.0
14147120,180.0
14149520,180.0
14150368,180.0
14150736,180.0
14154464,180.0
14154912,180.0
14155504,180.0
14155936,180.0
14156864,180.0
14157216,180.0
14159024,180.0
14159648,180.0
14160192,180.0
14160288,180.0
14161344,180.0
14161520,180.0
14162192,180.0
14162400,180.0
14164064,180.0
14164416,180.0
14167648,180.0
14168336,180.0
14169296,180.0
14169600,180.0
14169952,180.0
14170560,180.0
14172592,180.0
14175184,180.0
14176144,180.0
14181232,180.0
14183200,180.0
14185504,180.0
14187504,180.0
14187984,180.0
14188976,180.0
14189280,180.0
14190384,180.0
14191984,180.0
14193008,180.0
14193552,180.0
14194512,180.0
14199744,180.0
14199952,180.0
14201248,180.0
14201808,180.0
14202160,180.0
14207536,180.0
14207872,180.0
14210640,180.0
14211392,180.0
14212224,180.0
14213136,180.0
14213792,180.0
14214768,180.0
14215328,180.0
14216528,180.0
14222016,180.0
14222336,180.0
14222592,180.0
14222864,180.0
14227104,180.0
14227632,180.0
14228096,180.0
14228128,180.0
14228368,180.0
14228496,180.0
14228560,180.0
14230016,180.0
14230288,180.0
14230992,180.0
14231648,180.0
14236752,180.0
14236992,180.0
14237728,180.0
14237872,180.0
14239376,180.0
14239600,180.0
14239920,180.0
14241280,180.0
14241984,180.0
14242176,180.0
14243056,180.0
14244320,180.0
14244368,180.0
14246528,180.0
14246624,180.0
14247872,180.0
14249968,180.0
14251584,180.0
14252656,180.0
14252672,180.0
14257056,180.0
14257152,180.0
14257616,180.0
14258192,180.0
14258672,180.0
14259664,180.0
14262448,180.0
14262464,180.0
14263120,180.0
14268160,180.0
14268752,180.0
14270480,180.0
14271072,180.0
14272704,180.0
14274800,180.0
14274832,180.0
14277472,180.0
14277808,180.0
14278400,180.0
14278832,180.0
14279920,180.0
14280464,180.0
14286160,180.0
14287280,180.0
14287984,180.0
14289696,180.0
14290576,180.0
14290656,180.0
14290944,180.0
14296096,180.0
14296112,180.0
14297664,180.0
14297840,180.0
14298528,180.0
14298816,180.0
14300832,180.0
14302080,180.0
14303216,180.0
14304064,180.0
14306496,180.0
14307472,180.0
14311792,180.0
14312064,180.0
14312096,180.0
14316464,180.0
14317040,180.0
14321392,180.0
14321424,180.0
14322768,180.0
14325648,180.0
14328784,180.0
14331968,180.0
14333360,180.0
14336032,180.0
14339968,180.0
14342528,180.0
14344480,180.0
14345232,180.0
14345504,180.0
14346688,180.0
14346896,180.0
14348912,180.0
14350496,180.0
14350576,180.0
14351472,180.0
14356192,180.0
14356240,180.0
14356384,180.0
14356608,180.0
14357232,180.0
14358416,180.0
14358944,180.0
14361248,180.0
14362832,180.0
14365168,180.0
14365200,180.0
14368704,180.0
14369216,180.0
14372384,180.0
14373408,180.0
14373696,180.0
14376912,180.0
14377776,180.0
14377936,180.0
14378528,180.0
14381024,180.0
14382816,180.0
14384224,180.0
14384736,180.0
14387648,180.0
14388368,180.0
14389344,180.0
14392576,180.0
14396032,180.0
14396992,180.0
14400432,180.0
14403424,180.0
14404800,180.0
14405104,180.0
14406432,180.0
14406624,180.0
14408304,180.0
14409088,180.0
14409488,180.0
14411008,180.0
14412672,180.0
14414416,180.0
14414672,180.0
14415136,180.0
14415584,180.0
14419024,180.0
14419472,180.0
14424560,180.0
14426880,180.0
14429952,180.0
14430592,180.0
14432880,180.0
14433168,180.0
14434560,180.0
14435840,180.0
14436880,180.0
14438816,180.0
14440688,180.0
14444368,180.0
14444512,180.0
14448304,180.0
14448432,180.0
14448688,180.0
14456448,180.0
14457856,180.0
14458560,180.0
14459136,180.0
14459440,180.0
14459808,180.0
14461936,180.0
14462112,180.0
14464016,180.0
14464368,180.0
14465584,180.0
14465792,180.0
14468704,180.0
14469056,180.0
14469376,180.0
14470656,180.0
14471328,180.0
14476304,180.0
14477008,180.0
14477696,180.0
14478224,180.0
14478560,180.0
14479552,180.0
14481072,180.0
14481376,180.0
14484832,180.0
14484864,180.0
14485008,180.0
14486416,180.0
14486880,180.0
14487152,180.0
14487408,180.0
14487744,180.0
14488368,180.0
14489232,180.0
14491312,180.0
14491472,180.0
14495056,180.0
14495184,180.0
14495552,180.0
14502016,180.0
14504096,180.0
14505600,180.0
14506096,180.0
14507744,180.0
14508032,180.0
14510448,180.0
14512592,180.0
14515808,180.0
14520032,180.0
14525488,180.0
14526000,180.0
14526160,180.0
14527584,180.0
14529152,180.0
14530672,180.0
14532000,180.0
14535840,180.0
14538640,180.0
14539744,180.0
14541152,180.0
14543056,180.0
14543264,180.0
14544112,180.0
14544256,180.0
14544368,180.0
14545712,180.0
14546320,180.0
14548592,180.0
14552528,180.0
14553744,180.0
14554656,180.0
14556992,180.0
14557472,180.0
14557648,180.0
14559712,180.0
14561600,180.0
14562480,180.0
14564224,180.0
14565360,180.0
14565632,180.0
14566048,180.0
14570112,180.0
14573248,180.0
14574560,180.0
14574864,180.0
14582272,180.0
14582432,180.0
14583232,180.0
14583616,180.0
14583840,180.0
14583872,180.0
14584336,180.0
14586800,180.0
14591648,180.0
14593408,180.0
14595744,180.0
14602928,180.0
14604112,180.0
14605232,180.0
14608176,180.0
14609392,180.0
14611824,180.0
14612192,180.0
14613504,180.0
14614688,180.0
14615344,180.0
14616944,180.0
14618736,180.0
14619632,180.0
14620464,180.0
14623776,180.0
14624704,180.0
14625008,180.0
14628768,180.0
14629200,180.0
14633488,180.0
14634432,180.0
14635728,180.0
14636528,180.0
14638016,180.0
14638304,180.0
14639728,180.0
14639776,180.0
14640064,180.0
14643984,180.0
14647280,180.0
14647600,180.0
14649952,180.0
14650192,180.0
14650928,180.0
14653808,180.0
14656288,180.0
14657488,180.0
14660608,180.0
14661552,180.0
14661792,180.0
14662480,180.0
14663264,180.0
14663968,180.0
14664384,180.0
14666256,180.0
14666720,180.0
14666928,180.0
14667424,180.0
14668576,180.0
14669136,180.0
14671408,180.0
14671872,180.0
14673296,180.0
14676080,180.0
14678176,180.0
14678560,180.0
14678608,180.0
14679584,180.0
14681648,180.0
14683920,180.0
14684960,180.0
14688144,180.0
14688688,180.0
14688784,180.0
14690352,180.0
14692544,180.0
14693248,180.0
14694000,180.0
14694048,180.0
14696032,180.0
14699584,180.0
14702992,180.0
14705136,180.0
14710528,180.0
14711904,180.0
14712400,180.0
14712704,180.0
14715888,180.0
14715920,180.0
14717328,180.0
14718432,180.0
14718640,180.0
14719888,180.0
14721200,180.0
14721536,180.0
14721632,180.0
14721808,180.0
14721936,180.0
14723264,180.0
14724784,180.0
14724944,180.0
14725872,180.0
14726144,180.0
14727200,180.0
14727984,180.0
14730224,180.0
14731424,180.0
14733520,180.0
14734368,180.0
14734624,180.0
14734976,180.0
14739248,180.0
14739824,180.0
14739904,180.0
14742576,180.0
14743840,180.0
14746400,180.0
14747808,180.0
14748384,180.0
14749360,180.0
14751840,180.0
14754736,180.0
14754832,180.0
14755264,180.0
14758976,180.0
14759360,180.0
14759936,180.0
14761296,180.0
14761968,180.0
14762192,180.0
14763888,180.0
14766272,180.0
14766752,180.0
14766784,180.0
14770144,180.0
14771744,180.0
14773504,180.0
14774432,180.0
14777968,180.0
14778784,180.0
14780352,180.0
14780912,180.0
14782288,180.0
14782560,180.0
14783136,180.0
14783824,180.0
14784960,180.0
14788320,180.0
14788336,180.0
14789952,180.0
14794448,180.0
14797744,180.0
14798064,180.0
14798608,180.0
14800608,180.0
14800928,180.0
14801216,180.0
14803360,180.0
14805744,180.0
14807088,180.0
14808256,180.0
14808864,180.0
14810864,180.0
14811840,180.0
14813168,180.0
14813824,180.0
14814592,180.0
14815664,180.0
14816784,180.0
14817040,180.0
14822480,180.0
14825248,180.0
14826064,180.0
14826784,180.0
14829104,180.0
14829152,180.0
14830864,180.0
14833264,180.0
14833536,180.0
14835520,180.0
14836048,180.0
14836064,180.0
14837088,180.0
14837504,180.0
14839056,180.0
14839760,180.0
14840512,180.0
14842032,180.0
14842752,180.0
14846128,180.0
14846416,180.0
14846864,180.0
14848240,180.0
14848736,180.0
14850192,180.0
14850240,180.0
14853696,180.0
14855920,180.0
14857600,180.0
14858624,180.0
14859024,180.0
14859264,180.0
14862512,180.0
14866384,180.0
14867760,180.0
14868208,180.0
14869920,180.0
14869936,180.0
14871280,180.0
14871648,180.0
14871792,180.0
14873072,180.0
14873696,180.0
14875328,180.0
14880432,180.0
14882640,180.0
14883264,180.0
14883488,180.0
14885264,180.0
14886160,180.0
14886896,180.0
14889072,180.0
14889680,180.0
14891424,180.0
14892224,180.0
14893184,180.0
14894880,180.0
14899008,180.0
14899344,180.0
14901936,180.0
14903216,180.0
14904784,180.0
14907680,180.0
14911456,180.0
14917040,180.0
14918656,180.0
14921872,180.0
14925568,180.0
14928528,180.0
14929280,180.0
14930416,180.0
14931216,180.0
14932640,180.0
14933760,180.0
14935664,180.0
14936416,180.0
14937760,180.0
14941328,180.0
14943328,180.0
14944688,180.0
14944848,180.0
14945680,180.0
14946528,180.0
14947568,180.0
14947792,180.0
14949088,180.0
14949296,180.0
14949328,180.0
14950496,180.0
14951168,180.0
14952064,180.0
14953504,180.0
14954544,180.0
14957200,180.0
14958576,180.0
14961840,180.0
14961936,180.0
14962512,180.0
14965504,180.0
14965520,180.0
14966128,180.0
14966816,180.0
14967648,180.0
14968016,180.0
14968480,180.0
14969264,180.0
14969456,180.0
14969888,180.0
14970656,180.0
14970800,180.0
14971040,180.0
14971440,180.0
14972592,180.0
14978880,180.0
14978928,180.0
14980400,180.0
14981280,180.0
14981344,180.0
14981488,180.0
14981648,180.0
14983072,180.0
14986480,180.0
14987632,180.0
14988672,180.0
14989168,180.0
14990624,180.0
14991360,180.0
