step,value
4096,9.999999747378752e-05
8192,9.997269080486149e-05
12288,9.994538413593546e-05
16384,9.991807746700943e-05
20480,9.98907707980834e-05
24576,9.986346412915736e-05
28672,9.983615746023133e-05
32768,9.98088507913053e-05
36864,9.978153684642166e-05
40960,9.975423017749563e-05
45056,9.97269235085696e-05
49152,9.969961683964357e-05
53248,9.967231017071754e-05
57344,9.964500350179151e-05
61440,9.961769683286548e-05
65536,9.959039016393945e-05
69632,9.956308349501342e-05
73728,9.953576955012977e-05
77824,9.950846288120374e-05
81920,9.948115621227771e-05
86016,9.945384954335168e-05
90112,9.942654287442565e-05
94208,9.939923620549962e-05
98304,9.937192953657359e-05
102400,9.934462286764756e-05
106496,9.931731619872153e-05
110592,9.929000225383788e-05
114688,9.926269558491185e-05
118784,9.923538891598582e-05
122880,9.920808224705979e-05
126976,9.918077557813376e-05
131072,9.915346890920773e-05
135168,9.91261622402817e-05
139264,9.909885557135567e-05
143360,9.907154890242964e-05
147456,9.9044234957546e-05
151552,9.901692828861997e-05
155648,9.898962161969393e-05
159744,9.89623149507679e-05
163840,9.893500828184187e-05
167936,9.890770161291584e-05
172032,9.888039494398981e-05
176128,9.885308827506378e-05
180224,9.882578160613775e-05
184320,9.879846766125411e-05
188416,9.877116099232808e-05
192512,9.874385432340205e-05
196608,9.871654765447602e-05
200704,9.868924098554999e-05
204800,9.866193431662396e-05
208896,9.863462764769793e-05
212992,9.86073209787719e-05
217088,9.858001430984586e-05
221184,9.855270036496222e-05
225280,9.852539369603619e-05
229376,9.849808702711016e-05
233472,9.847078035818413e-05
237568,9.84434736892581e-05
241664,9.841616702033207e-05
245760,9.838886035140604e-05
249856,9.836155368248001e-05
253952,9.833424701355398e-05
258048,9.830693306867033e-05
262144,9.82796263997443e-05
266240,9.825231973081827e-05
270336,9.822501306189224e-05
274432,9.819770639296621e-05
278528,9.817039972404018e-05
282624,9.814309305511415e-05
286720,9.811578638618812e-05
290816,9.808847971726209e-05
294912,9.806116577237844e-05
299008,9.803385910345241e-05
303104,9.800655243452638e-05
307200,9.797924576560035e-05
311296,9.795193909667432e-05
315392,9.792463242774829e-05
319488,9.789732575882226e-05
323584,9.787001908989623e-05
327680,9.78427124209702e-05
331776,9.781539847608656e-05
335872,9.778809180716053e-05
339968,9.77607851382345e-05
344064,9.773347846930847e-05
348160,9.770617180038244e-05
352256,9.76788651314564e-05
356352,9.765155846253037e-05
360448,9.762425179360434e-05
364544,9.759694512467831e-05
368640,9.756963117979467e-05
372736,9.754232451086864e-05
376832,9.751501784194261e-05
380928,9.748771117301658e-05
385024,9.746040450409055e-05
389120,9.743309783516452e-05
393216,9.740579116623849e-05
397312,9.737848449731246e-05
401408,9.735117782838643e-05
405504,9.732386388350278e-05
409600,9.729655721457675e-05
413696,9.726925054565072e-05
417792,9.724194387672469e-05
421888,9.721463720779866e-05
425984,9.718733053887263e-05
430080,9.71600238699466e-05
434176,9.713271720102057e-05
438272,9.710540325613692e-05
442368,9.70780965872109e-05
446464,9.705078991828486e-05
450560,9.702348324935883e-05
454656,9.69961765804328e-05
458752,9.696886991150677e-05
462848,9.694156324258074e-05
466944,9.691425657365471e-05
471040,9.688694990472868e-05
475136,9.685963595984504e-05
479232,9.6832329290919e-05
483328,9.680502262199298e-05
487424,9.677771595306695e-05
491520,9.675040928414091e-05
495616,9.672310261521488e-05
499712,9.669579594628885e-05
503808,9.666848927736282e-05
507904,9.664118260843679e-05
512000,9.661386866355315e-05
516096,9.658656199462712e-05
520192,9.655925532570109e-05
524288,9.653194865677506e-05
528384,9.650464198784903e-05
532480,9.6477335318923e-05
536576,9.645002864999697e-05
540672,9.642272198107094e-05
544768,9.63954153121449e-05
548864,9.636810136726126e-05
552960,9.634079469833523e-05
557056,9.63134880294092e-05
561152,9.628618136048317e-05
565248,9.625887469155714e-05
569344,9.623156802263111e-05
573440,9.620426135370508e-05
577536,9.617695468477905e-05
581632,9.614964801585302e-05
585728,9.612233407096937e-05
589824,9.609502740204334e-05
593920,9.606772073311731e-05
598016,9.604041406419128e-05
602112,9.601310739526525e-05
606208,9.598580072633922e-05
610304,9.595849405741319e-05
614400,9.593118738848716e-05
618496,9.590388071956113e-05
622592,9.587656677467749e-05
626688,9.584926010575145e-05
630784,9.582195343682542e-05
634880,9.57946467678994e-05
638976,9.576734009897336e-05
643072,9.574003343004733e-05
647168,9.57127267611213e-05
651264,9.568542009219527e-05
655360,9.565811342326924e-05
659456,9.56307994783856e-05
663552,9.560349280945957e-05
667648,9.557618614053354e-05
671744,9.55488794716075e-05
675840,9.552157280268148e-05
679936,9.549426613375545e-05
684032,9.546695946482942e-05
688128,9.543965279590338e-05
692224,9.541234612697735e-05
696320,9.538503218209371e-05
700416,9.535772551316768e-05
704512,9.533041884424165e-05
708608,9.530311217531562e-05
712704,9.527580550638959e-05
716800,9.524849883746356e-05
720896,9.522119216853753e-05
724992,9.51938854996115e-05
729088,9.516657883068547e-05
733184,9.513926488580182e-05
737280,9.511195821687579e-05
741376,9.508465154794976e-05
745472,9.505734487902373e-05
749568,9.50300382100977e-05
753664,9.500273154117167e-05
757760,9.497542487224564e-05
761856,9.494811820331961e-05
765952,9.492081153439358e-05
770048,9.489349758950993e-05
774144,9.48661909205839e-05
778240,9.483888425165787e-05
782336,9.481157758273184e-05
786432,9.478427091380581e-05
790528,9.475696424487978e-05
794624,9.472965757595375e-05
798720,9.470235090702772e-05
802816,9.467504423810169e-05
806912,9.464773029321805e-05
811008,9.462042362429202e-05
815104,9.459311695536599e-05
819200,9.456581028643996e-05
823296,9.453850361751392e-05
827392,9.45111969485879e-05
831488,9.448389027966186e-05
835584,9.445658361073583e-05
839680,9.44292769418098e-05
843776,9.440196299692616e-05
847872,9.437465632800013e-05
851968,9.43473496590741e-05
856064,9.432004299014807e-05
860160,9.429273632122204e-05
864256,9.4265429652296e-05
868352,9.423812298336998e-05
872448,9.421081631444395e-05
876544,9.418350964551792e-05
880640,9.415619570063427e-05
884736,9.412888903170824e-05
888832,9.410158236278221e-05
892928,9.407427569385618e-05
897024,9.404696902493015e-05
901120,9.401966235600412e-05
905216,9.399235568707809e-05
909312,9.396504901815206e-05
913408,9.393774234922603e-05
917504,9.391042840434238e-05
921600,9.388312173541635e-05
925696,9.385581506649032e-05
929792,9.382850839756429e-05
933888,9.380120172863826e-05
937984,9.377389505971223e-05
942080,9.37465883907862e-05
946176,9.371928172186017e-05
950272,9.369197505293414e-05
954368,9.36646611080505e-05
958464,9.363735443912446e-05
962560,9.361004777019843e-05
966656,9.35827411012724e-05
970752,9.355543443234637e-05
974848,9.352812776342034e-05
978944,9.350082109449431e-05
983040,9.347351442556828e-05
987136,9.344620775664225e-05
991232,9.341889381175861e-05
995328,9.339158714283258e-05
999424,9.336428047390655e-05
1003520,9.333697380498052e-05
1007616,9.330966713605449e-05
1011712,9.328236046712846e-05
1015808,9.325505379820243e-05
1019904,9.32277471292764e-05
1024000,9.320044046035036e-05
1028096,9.317312651546672e-05
1032192,9.314581984654069e-05
1036288,9.311851317761466e-05
1040384,9.309120650868863e-05
1044480,9.30638998397626e-05
1048576,9.303659317083657e-05
1052672,9.300928650191054e-05
1056768,9.298197983298451e-05
1060864,9.295467316405848e-05
1064960,9.292735921917483e-05
1069056,9.29000525502488e-05
1073152,9.287274588132277e-05
1077248,9.284543921239674e-05
1081344,9.281813254347071e-05
1085440,9.279082587454468e-05
1089536,9.276351920561865e-05
1093632,9.273621253669262e-05
1097728,9.270890586776659e-05
1101824,9.268159192288294e-05
1105920,9.265428525395691e-05
1110016,9.262697858503088e-05
1114112,9.259967191610485e-05
1118208,9.257236524717882e-05
1122304,9.254505857825279e-05
1126400,9.251775190932676e-05
1130496,9.249044524040073e-05
1134592,9.246313129551709e-05
1138688,9.243582462659106e-05
1142784,9.240851795766503e-05
1146880,9.2381211288739e-05
1150976,9.235390461981297e-05
1155072,9.232659795088693e-05
1159168,9.22992912819609e-05
1163264,9.227198461303487e-05
1167360,9.224467794410884e-05
1171456,9.22173639992252e-05
1175552,9.219005733029917e-05
1179648,9.216275066137314e-05
1183744,9.213544399244711e-05
1187840,9.210813732352108e-05
1191936,9.208083065459505e-05
1196032,9.205352398566902e-05
1200128,9.202621731674299e-05
1204224,9.199891064781696e-05
1208320,9.197159670293331e-05
1212416,9.194429003400728e-05
1216512,9.191698336508125e-05
1220608,9.188967669615522e-05
1224704,9.186237002722919e-05
1228800,9.183506335830316e-05
1232896,9.180775668937713e-05
1236992,9.17804500204511e-05
1241088,9.175314335152507e-05
1245184,9.172582940664142e-05
1249280,9.16985227377154e-05
1253376,9.167121606878936e-05
1257472,9.164390939986333e-05
1261568,9.16166027309373e-05
1265664,9.158929606201127e-05
1269760,9.156198939308524e-05
1273856,9.153468272415921e-05
1277952,9.150737605523318e-05
1282048,9.148006211034954e-05
1286144,9.14527554414235e-05
1290240,9.142544877249748e-05
1294336,9.139814210357144e-05
1298432,9.137083543464541e-05
1302528,9.134352876571938e-05
1306624,9.131622209679335e-05
1310720,9.128891542786732e-05
1314816,9.126160875894129e-05
1318912,9.123429481405765e-05
1323008,9.120698814513162e-05
1327104,9.117968147620559e-05
1331200,9.115237480727956e-05
1335296,9.112506813835353e-05
1339392,9.10977614694275e-05
1343488,9.107045480050147e-05
1347584,9.104314813157544e-05
1351680,9.10158414626494e-05
1355776,9.098852751776576e-05
1359872,9.096122084883973e-05
1363968,9.09339141799137e-05
1368064,9.090660751098767e-05
1372160,9.087930084206164e-05
1376256,9.085199417313561e-05
1380352,9.082468750420958e-05
1384448,9.079738083528355e-05
1388544,9.077007416635752e-05
1392640,9.074276022147387e-05
1396736,9.071545355254784e-05
1400832,9.068814688362181e-05
1404928,9.066084021469578e-05
1409024,9.063353354576975e-05
1413120,9.060622687684372e-05
1417216,9.057892020791769e-05
1421312,9.055161353899166e-05
1425408,9.052430687006563e-05
1429504,9.049699292518198e-05
1433600,9.046968625625595e-05
1437696,9.044237958732992e-05
1441792,9.04150729184039e-05
1445888,9.038776624947786e-05
1449984,9.036045958055183e-05
1454080,9.03331529116258e-05
1458176,9.030584624269977e-05
1462272,9.027853957377374e-05
1466368,9.02512256288901e-05
1470464,9.022391895996407e-05
1474560,9.019661229103804e-05
1478656,9.0169305622112e-05
1482752,9.014199895318598e-05
1486848,9.011469228425995e-05
1490944,9.008738561533391e-05
1495040,9.006007894640788e-05
1499136,9.003277227748185e-05
1503232,9.000545833259821e-05
1507328,8.997815166367218e-05
1511424,8.995084499474615e-05
1515520,8.992353832582012e-05
1519616,8.989623165689409e-05
1523712,8.986892498796806e-05
1527808,8.984161831904203e-05
1531904,8.9814311650116e-05
1536000,8.978700498118997e-05
1540096,8.975969103630632e-05
1544192,8.973238436738029e-05
1548288,8.970507769845426e-05
1552384,8.967777102952823e-05
1556480,8.96504643606022e-05
1560576,8.962315769167617e-05
1564672,8.959585102275014e-05
1568768,8.956854435382411e-05
1572864,8.954123768489808e-05
1576960,8.951392374001443e-05
1581056,8.94866170710884e-05
1585152,8.945931040216237e-05
1589248,8.943200373323634e-05
1593344,8.940469706431031e-05
1597440,8.937739039538428e-05
1601536,8.935008372645825e-05
1605632,8.932277705753222e-05
1609728,8.929547038860619e-05
1613824,8.926815644372255e-05
1617920,8.924084977479652e-05
1622016,8.921354310587049e-05
1626112,8.918623643694445e-05
1630208,8.915892976801842e-05
1634304,8.91316230990924e-05
1638400,8.910431643016636e-05
1642496,8.907700976124033e-05
1646592,8.90497030923143e-05
1650688,8.902238914743066e-05
1654784,8.899508247850463e-05
1658880,8.89677758095786e-05
1662976,8.894046914065257e-05
1667072,8.891316247172654e-05
1671168,8.88858558028005e-05
1675264,8.885854913387448e-05
1679360,8.883124246494845e-05
1683456,8.880393579602242e-05
1687552,8.877662185113877e-05
1691648,8.874931518221274e-05
1695744,8.872200851328671e-05
1699840,8.869470184436068e-05
1703936,8.866739517543465e-05
1708032,8.864008850650862e-05
1712128,8.861278183758259e-05
1716224,8.858547516865656e-05
1720320,8.855816849973053e-05
1724416,8.853085455484688e-05
1728512,8.850354788592085e-05
1732608,8.847624121699482e-05
1736704,8.844893454806879e-05
1740800,8.842162787914276e-05
1744896,8.839432121021673e-05
1748992,8.83670145412907e-05
1753088,8.833970787236467e-05
1757184,8.831240120343864e-05
1761280,8.8285087258555e-05
1765376,8.825778058962896e-05
1769472,8.823047392070293e-05
1773568,8.82031672517769e-05
1777664,8.817586058285087e-05
1781760,8.814855391392484e-05
1785856,8.812124724499881e-05
1789952,8.809394057607278e-05
1794048,8.806662663118914e-05
1798144,8.803931996226311e-05
1802240,8.801201329333708e-05
1806336,8.798470662441105e-05
1810432,8.795739995548502e-05
1814528,8.793009328655899e-05
1818624,8.790278661763296e-05
1822720,8.787547994870692e-05
1826816,8.78481732797809e-05
1830912,8.782085933489725e-05
1835008,8.779355266597122e-05
1839104,8.776624599704519e-05
1843200,8.773893932811916e-05
1847296,8.771163265919313e-05
1851392,8.76843259902671e-05
1855488,8.765701932134107e-05
1859584,8.762971265241504e-05
1863680,8.7602405983489e-05
1867776,8.757509203860536e-05
1871872,8.754778536967933e-05
1875968,8.75204787007533e-05
1880064,8.749317203182727e-05
1884160,8.746586536290124e-05
1888256,8.743855869397521e-05
1892352,8.741125202504918e-05
1896448,8.738394535612315e-05
1900544,8.735663868719712e-05
1904640,8.732932474231347e-05
1908736,8.730201807338744e-05
1912832,8.727471140446141e-05
1916928,8.724740473553538e-05
1921024,8.722009806660935e-05
1925120,8.719279139768332e-05
1929216,8.716548472875729e-05
1933312,8.713817805983126e-05
1937408,8.711087139090523e-05
1941504,8.708355744602159e-05
1945600,8.705625077709556e-05
1949696,8.702894410816953e-05
1953792,8.70016374392435e-05
1957888,8.697433077031747e-05
1961984,8.694702410139143e-05
1966080,8.69197174324654e-05
1970176,8.689241076353937e-05
1974272,8.686510409461334e-05
1978368,8.68377901497297e-05
1982464,8.681048348080367e-05
1986560,8.678317681187764e-05
1990656,8.675587014295161e-05
1994752,8.672856347402558e-05
1998848,8.670125680509955e-05
2002944,8.667395013617352e-05
2007040,8.664664346724749e-05
2011136,8.661933679832146e-05
2015232,8.659202285343781e-05
2019328,8.656471618451178e-05
2023424,8.653740951558575e-05
2027520,8.651010284665972e-05
2031616,8.648279617773369e-05
2035712,8.645548950880766e-05
2039808,8.642818283988163e-05
2043904,8.64008761709556e-05
2048000,8.637356950202957e-05
2052096,8.634625555714592e-05
2056192,8.631894888821989e-05
2060288,8.629164221929386e-05
2064384,8.626433555036783e-05
2068480,8.62370288814418e-05
2072576,8.620972221251577e-05
2076672,8.618241554358974e-05
2080768,8.615510887466371e-05
2084864,8.612780220573768e-05
2088960,8.610048826085404e-05
2093056,8.6073181591928e-05
2097152,8.604587492300197e-05
2101248,8.601856825407594e-05
2105344,8.599126158514991e-05
2109440,8.596395491622388e-05
2113536,8.593664824729785e-05
2117632,8.590934157837182e-05
2121728,8.588203490944579e-05
2125824,8.585472096456215e-05
2129920,8.582741429563612e-05
2134016,8.580010762671009e-05
2138112,8.577280095778406e-05
2142208,8.574549428885803e-05
2146304,8.5718187619932e-05
2150400,8.569088095100597e-05
2154496,8.566357428207994e-05
2158592,8.56362676131539e-05
2162688,8.560895366827026e-05
2166784,8.558164699934423e-05
2170880,8.55543403304182e-05
2174976,8.552703366149217e-05
2179072,8.549972699256614e-05
2183168,8.547242032364011e-05
2187264,8.544511365471408e-05
2191360,8.541780698578805e-05
2195456,8.539050031686202e-05
2199552,8.536318637197837e-05
2203648,8.533587970305234e-05
2207744,8.530857303412631e-05
2211840,8.528126636520028e-05
2215936,8.525395969627425e-05
2220032,8.522665302734822e-05
2224128,8.519934635842219e-05
2228224,8.517203968949616e-05
2232320,8.514473302057013e-05
2236416,8.511741907568648e-05
2240512,8.509011240676045e-05
2244608,8.506280573783442e-05
2248704,8.50354990689084e-05
2252800,8.500819239998236e-05
2256896,8.498088573105633e-05
2260992,8.49535790621303e-05
2265088,8.492627239320427e-05
2269184,8.489896572427824e-05
2273280,8.48716517793946e-05
2277376,8.484434511046857e-05
2281472,8.481703844154254e-05
2285568,8.47897317726165e-05
2289664,8.476242510369048e-05
2293760,8.473511843476444e-05
2297856,8.470781176583841e-05
2301952,8.468050509691238e-05
2306048,8.465319842798635e-05
2310144,8.462588448310271e-05
2314240,8.459857781417668e-05
2318336,8.457127114525065e-05
2322432,8.454396447632462e-05
2326528,8.451665780739859e-05
2330624,8.448935113847256e-05
2334720,8.446204446954653e-05
2338816,8.44347378006205e-05
2342912,8.440743113169447e-05
2347008,8.438011718681082e-05
2351104,8.435281051788479e-05
2355200,8.432550384895876e-05
2359296,8.429819718003273e-05
2363392,8.42708905111067e-05
2367488,8.424358384218067e-05
2371584,8.421627717325464e-05
2375680,8.418897050432861e-05
2379776,8.416166383540258e-05
2383872,8.413434989051893e-05
2387968,8.41070432215929e-05
2392064,8.407973655266687e-05
2396160,8.405242988374084e-05
2400256,8.402512321481481e-05
2404352,8.399781654588878e-05
2408448,8.397050987696275e-05
2412544,8.394320320803672e-05
2416640,8.391589653911069e-05
2420736,8.388858259422705e-05
2424832,8.386127592530102e-05
2428928,8.383396925637498e-05
2433024,8.380666258744895e-05
2437120,8.377935591852292e-05
2441216,8.37520492495969e-05
2445312,8.372474258067086e-05
2449408,8.369743591174483e-05
2453504,8.36701292428188e-05
2457600,8.364281529793516e-05
2461696,8.361550862900913e-05
2465792,8.35882019600831e-05
2469888,8.356089529115707e-05
2473984,8.353358862223104e-05
2478080,8.3506281953305e-05
2482176,8.347897528437898e-05
2486272,8.345166861545295e-05
2490368,8.34243546705693e-05
2494464,8.339704800164327e-05
2498560,8.336974133271724e-05
2502656,8.334243466379121e-05
2506752,8.331512799486518e-05
2510848,8.328782132593915e-05
2514944,8.326051465701312e-05
2519040,8.323320798808709e-05
2523136,8.320590131916106e-05
2527232,8.317858737427741e-05
2531328,8.315128070535138e-05
2535424,8.312397403642535e-05
2539520,8.309666736749932e-05
2543616,8.306936069857329e-05
2547712,8.304205402964726e-05
2551808,8.301474736072123e-05
2555904,8.29874406917952e-05
2560000,8.296013402286917e-05
2564096,8.293282007798553e-05
2568192,8.29055134090595e-05
2572288,8.287820674013346e-05
2576384,8.285090007120743e-05
2580480,8.28235934022814e-05
2584576,8.279628673335537e-05
2588672,8.276898006442934e-05
2592768,8.274167339550331e-05
2596864,8.271436672657728e-05
2600960,8.268705278169364e-05
2605056,8.265974611276761e-05
2609152,8.263243944384158e-05
2613248,8.260513277491555e-05
2617344,8.257782610598952e-05
2621440,8.255051943706349e-05
2625536,8.252321276813745e-05
2629632,8.249590609921142e-05
2633728,8.24685994302854e-05
2637824,8.244128548540175e-05
2641920,8.241397881647572e-05
2646016,8.238667214754969e-05
2650112,8.235936547862366e-05
2654208,8.233205880969763e-05
2658304,8.23047521407716e-05
2662400,8.227744547184557e-05
2666496,8.225013880291954e-05
2670592,8.22228321339935e-05
2674688,8.219551818910986e-05
2678784,8.216821152018383e-05
2682880,8.21409048512578e-05
2686976,8.211359818233177e-05
2691072,8.208629151340574e-05
2695168,8.205898484447971e-05
2699264,8.203167817555368e-05
2703360,8.200437150662765e-05
2707456,8.197706483770162e-05
2711552,8.194975089281797e-05
2715648,8.192244422389194e-05
2719744,8.189513755496591e-05
2723840,8.186783088603988e-05
2727936,8.184052421711385e-05
2732032,8.181321754818782e-05
2736128,8.178591087926179e-05
2740224,8.175860421033576e-05
2744320,8.173129754140973e-05
2748416,8.170398359652609e-05
2752512,8.167667692760006e-05
2756608,8.164937025867403e-05
2760704,8.1622063589748e-05
2764800,8.159475692082196e-05
2768896,8.156745025189593e-05
2772992,8.15401435829699e-05
2777088,8.151283691404387e-05
2781184,8.148553024511784e-05
2785280,8.14582163002342e-05
2789376,8.143090963130817e-05
2793472,8.140360296238214e-05
2797568,8.137629629345611e-05
2801664,8.134898962453008e-05
2805760,8.132168295560405e-05
2809856,8.129437628667802e-05
2813952,8.126706961775199e-05
2818048,8.123976294882596e-05
2822144,8.121244900394231e-05
2826240,8.118514233501628e-05
2830336,8.115783566609025e-05
2834432,8.113052899716422e-05
2838528,8.110322232823819e-05
2842624,8.107591565931216e-05
2846720,8.104860899038613e-05
2850816,8.10213023214601e-05
2854912,8.099399565253407e-05
2859008,8.096668170765042e-05
2863104,8.093937503872439e-05
2867200,8.091206836979836e-05
2871296,8.088476170087233e-05
2875392,8.08574550319463e-05
2879488,8.083014836302027e-05
2883584,8.080284169409424e-05
2887680,8.077553502516821e-05
2891776,8.074822835624218e-05
2895872,8.072091441135854e-05
2899968,8.06936077424325e-05
2904064,8.066630107350647e-05
2908160,8.063899440458044e-05
2912256,8.061168773565441e-05
2916352,8.058438106672838e-05
2920448,8.055707439780235e-05
2924544,8.052976772887632e-05
2928640,8.050246105995029e-05
2932736,8.047514711506665e-05
2936832,8.044784044614062e-05
2940928,8.042053377721459e-05
2945024,8.039322710828856e-05
2949120,8.036592043936253e-05
2953216,8.03386137704365e-05
2957312,8.031130710151047e-05
2961408,8.028400043258443e-05
2965504,8.02566937636584e-05
2969600,8.022937981877476e-05
2973696,8.020207314984873e-05
2977792,8.01747664809227e-05
2981888,8.014745981199667e-05
2985984,8.012015314307064e-05
2990080,8.009284647414461e-05
2994176,8.006553980521858e-05
2998272,8.003823313629255e-05
3002368,8.001092646736652e-05
3006464,7.998361252248287e-05
3010560,7.995630585355684e-05
3014656,7.992899918463081e-05
3018752,7.990169251570478e-05
3022848,7.987438584677875e-05
3026944,7.984707917785272e-05
3031040,7.981977250892669e-05
3035136,7.979246584000066e-05
3039232,7.976515917107463e-05
3043328,7.973784522619098e-05
3047424,7.971053855726495e-05
3051520,7.968323188833892e-05
3055616,7.965592521941289e-05
3059712,7.962861855048686e-05
3063808,7.960131188156083e-05
3067904,7.95740052126348e-05
3072000,7.954669854370877e-05
3076096,7.951939187478274e-05
3080192,7.94920779298991e-05
3084288,7.946477126097307e-05
3088384,7.943746459204704e-05
3092480,7.9410157923121e-05
3096576,7.938285125419497e-05
3100672,7.935554458526894e-05
3104768,7.932823791634291e-05
3108864,7.930093124741688e-05
3112960,7.927362457849085e-05
3117056,7.924631063360721e-05
3121152,7.921900396468118e-05
3125248,7.919169729575515e-05
3129344,7.916439062682912e-05
3133440,7.913708395790309e-05
3137536,7.910977728897706e-05
3141632,7.908247062005103e-05
3145728,7.9055163951125e-05
3149824,7.902785000624135e-05
3153920,7.900054333731532e-05
3158016,7.897323666838929e-05
3162112,7.894592999946326e-05
3166208,7.891862333053723e-05
3170304,7.88913166616112e-05
3174400,7.886400999268517e-05
3178496,7.883670332375914e-05
3182592,7.880939665483311e-05
3186688,7.878208270994946e-05
3190784,7.875477604102343e-05
3194880,7.87274693720974e-05
3198976,7.870016270317137e-05
3203072,7.867285603424534e-05
3207168,7.864554936531931e-05
3211264,7.861824269639328e-05
3215360,7.859093602746725e-05
3219456,7.856362935854122e-05
3223552,7.853631541365758e-05
3227648,7.850900874473155e-05
3231744,7.848170207580552e-05
3235840,7.845439540687948e-05
3239936,7.842708873795345e-05
3244032,7.839978206902742e-05
3248128,7.83724754001014e-05
3252224,7.834516873117536e-05
3256320,7.831786206224933e-05
3260416,7.829054811736569e-05
3264512,7.826324144843966e-05
3268608,7.823593477951363e-05
3272704,7.82086281105876e-05
3276800,7.818132144166157e-05
3280896,7.815401477273554e-05
3284992,7.81267081038095e-05
3289088,7.809940143488348e-05
3293184,7.807209476595744e-05
3297280,7.80447808210738e-05
3301376,7.801747415214777e-05
3305472,7.799016748322174e-05
3309568,7.796286081429571e-05
3313664,7.793555414536968e-05
3317760,7.790824747644365e-05
3321856,7.788094080751762e-05
3325952,7.785363413859159e-05
3330048,7.782632746966556e-05
3334144,7.779901352478191e-05
3338240,7.777170685585588e-05
3342336,7.774440018692985e-05
3346432,7.771709351800382e-05
3350528,7.768978684907779e-05
3354624,7.766248018015176e-05
3358720,7.763517351122573e-05
3362816,7.76078668422997e-05
3366912,7.758056017337367e-05
3371008,7.755324622849002e-05
3375104,7.7525939559564e-05
3379200,7.749863289063796e-05
3383296,7.747132622171193e-05
3387392,7.74440195527859e-05
3391488,7.741671288385987e-05
3395584,7.738940621493384e-05
3399680,7.736209954600781e-05
3403776,7.733479287708178e-05
3407872,7.730747893219814e-05
3411968,7.72801722632721e-05
3416064,7.725286559434608e-05
3420160,7.722555892542005e-05
3424256,7.719825225649402e-05
3428352,7.717094558756799e-05
3432448,7.714363891864195e-05
3436544,7.711633224971592e-05
3440640,7.70890255807899e-05
3444736,7.706171163590625e-05
3448832,7.703440496698022e-05
3452928,7.700709829805419e-05
3457024,7.697979162912816e-05
3461120,7.695248496020213e-05
3465216,7.69251782912761e-05
3469312,7.689787162235007e-05
3473408,7.687056495342404e-05
3477504,7.6843258284498e-05
3481600,7.681594433961436e-05
3485696,7.678863767068833e-05
3489792,7.67613310017623e-05
3493888,7.673402433283627e-05
3497984,7.670671766391024e-05
3502080,7.667941099498421e-05
3506176,7.665210432605818e-05
3510272,7.662479765713215e-05
3514368,7.659749098820612e-05
3518464,7.657017704332247e-05
3522560,7.654287037439644e-05
3526656,7.651556370547041e-05
3530752,7.648825703654438e-05
3534848,7.646095036761835e-05
3538944,7.643364369869232e-05
3543040,7.640633702976629e-05
3547136,7.637903036084026e-05
3551232,7.635172369191423e-05
3555328,7.632440974703059e-05
3559424,7.629710307810456e-05
3563520,7.626979640917853e-05
3567616,7.62424897402525e-05
3571712,7.621518307132646e-05
3575808,7.618787640240043e-05
3579904,7.61605697334744e-05
3584000,7.613326306454837e-05
3588096,7.610595639562234e-05
3592192,7.60786424507387e-05
3596288,7.605133578181267e-05
3600384,7.602402911288664e-05
3604480,7.599672244396061e-05
3608576,7.596941577503458e-05
3612672,7.594210910610855e-05
3616768,7.591480243718252e-05
3620864,7.588749576825649e-05
3624960,7.586018909933046e-05
3629056,7.583287515444681e-05
3633152,7.580556848552078e-05
3637248,7.577826181659475e-05
3641344,7.575095514766872e-05
3645440,7.572364847874269e-05
3649536,7.569634180981666e-05
3653632,7.566903514089063e-05
3657728,7.56417284719646e-05
3661824,7.561442180303857e-05
3665920,7.558710785815492e-05
3670016,7.555980118922889e-05
3674112,7.553249452030286e-05
3678208,7.550518785137683e-05
3682304,7.54778811824508e-05
3686400,7.545057451352477e-05
3690496,7.542326784459874e-05
3694592,7.539596117567271e-05
3698688,7.536865450674668e-05
3702784,7.534134056186303e-05
3706880,7.5314033892937e-05
3710976,7.528672722401097e-05
3715072,7.525942055508494e-05
3719168,7.523211388615891e-05
3723264,7.520480721723288e-05
3727360,7.517750054830685e-05
3731456,7.515019387938082e-05
3735552,7.512288721045479e-05
3739648,7.509557326557115e-05
3743744,7.506826659664512e-05
3747840,7.504095992771909e-05
3751936,7.501365325879306e-05
3756032,7.498634658986703e-05
3760128,7.4959039920941e-05
3764224,7.493173325201496e-05
3768320,7.490442658308893e-05
3772416,7.48771199141629e-05
3776512,7.484980596927926e-05
3780608,7.482249930035323e-05
3784704,7.47951926314272e-05
3788800,7.476788596250117e-05
3792896,7.474057929357514e-05
3796992,7.471327262464911e-05
3801088,7.468596595572308e-05
3805184,7.465865928679705e-05
3809280,7.463135261787102e-05
3813376,7.460403867298737e-05
3817472,7.457673200406134e-05
3821568,7.454942533513531e-05
3825664,7.452211866620928e-05
3829760,7.449481199728325e-05
3833856,7.446750532835722e-05
3837952,7.444019865943119e-05
3842048,7.441289199050516e-05
3846144,7.438557804562151e-05
3850240,7.435827137669548e-05
3854336,7.433096470776945e-05
3858432,7.430365803884342e-05
3862528,7.427635136991739e-05
3866624,7.424904470099136e-05
3870720,7.422173803206533e-05
3874816,7.41944313631393e-05
3878912,7.416712469421327e-05
3883008,7.413981074932963e-05
3887104,7.41125040804036e-05
3891200,7.408519741147757e-05
3895296,7.405789074255154e-05
3899392,7.40305840736255e-05
3903488,7.400327740469947e-05
3907584,7.397597073577344e-05
3911680,7.394866406684741e-05
3915776,7.392135739792138e-05
3919872,7.389404345303774e-05
3923968,7.386673678411171e-05
3928064,7.383943011518568e-05
3932160,7.381212344625965e-05
3936256,7.378481677733362e-05
3940352,7.375751010840759e-05
3944448,7.373020343948156e-05
3948544,7.370289677055553e-05
3952640,7.36755901016295e-05
3956736,7.364827615674585e-05
3960832,7.362096948781982e-05
3964928,7.359366281889379e-05
3969024,7.356635614996776e-05
3973120,7.353904948104173e-05
3977216,7.35117428121157e-05
3981312,7.348443614318967e-05
3985408,7.345712947426364e-05
3989504,7.342982280533761e-05
3993600,7.340250886045396e-05
3997696,7.337520219152793e-05
4001792,7.33478955226019e-05
4005888,7.332058885367587e-05
4009984,7.329328218474984e-05
4014080,7.326597551582381e-05
4018176,7.323866884689778e-05
4022272,7.321136217797175e-05
4026368,7.318405550904572e-05
4030464,7.315674156416208e-05
4034560,7.312943489523605e-05
4038656,7.310212822631001e-05
4042752,7.307482155738398e-05
4046848,7.304751488845795e-05
4050944,7.302020821953192e-05
4055040,7.299290155060589e-05
4059136,7.296559488167986e-05
4063232,7.293828821275383e-05
4067328,7.291097426787019e-05
4071424,7.288366759894416e-05
4075520,7.285636093001813e-05
4079616,7.28290542610921e-05
4083712,7.280174759216607e-05
4087808,7.277444092324004e-05
4091904,7.2747134254314e-05
4096000,7.271982758538797e-05
4100096,7.269252091646194e-05
4104192,7.26652069715783e-05
4108288,7.263790030265227e-05
4112384,7.261059363372624e-05
4116480,7.258328696480021e-05
4120576,7.255598029587418e-05
4124672,7.252867362694815e-05
4128768,7.250136695802212e-05
4132864,7.247406028909609e-05
4136960,7.244675362017006e-05
4141056,7.241943967528641e-05
4145152,7.239213300636038e-05
4149248,7.236482633743435e-05
4153344,7.233751966850832e-05
4157440,7.231021299958229e-05
4161536,7.228290633065626e-05
4165632,7.225559966173023e-05
4169728,7.22282929928042e-05
4173824,7.220098632387817e-05
4177920,7.217367237899452e-05
4182016,7.21463657100685e-05
4186112,7.211905904114246e-05
4190208,7.209175237221643e-05
4194304,7.20644457032904e-05
4198400,7.203713903436437e-05
4202496,7.200983236543834e-05
4206592,7.198252569651231e-05
4210688,7.195521902758628e-05
4214784,7.192790508270264e-05
4218880,7.19005984137766e-05
4222976,7.187329174485058e-05
4227072,7.184598507592455e-05
4231168,7.181867840699852e-05
4235264,7.179137173807248e-05
4239360,7.176406506914645e-05
4243456,7.173675840022042e-05
4247552,7.17094517312944e-05
4251648,7.168213778641075e-05
4255744,7.165483111748472e-05
4259840,7.162752444855869e-05
4263936,7.160021777963266e-05
4268032,7.157291111070663e-05
4272128,7.15456044417806e-05
4276224,7.151829777285457e-05
4280320,7.149099110392854e-05
4284416,7.14636844350025e-05
4288512,7.143637049011886e-05
4292608,7.140906382119283e-05
4296704,7.13817571522668e-05
4300800,7.135445048334077e-05
4304896,7.132714381441474e-05
4308992,7.129983714548871e-05
4313088,7.127253047656268e-05
4317184,7.124522380763665e-05
4321280,7.121791713871062e-05
4325376,7.119060319382697e-05
4329472,7.116329652490094e-05
4333568,7.113598985597491e-05
4337664,7.110868318704888e-05
4341760,7.108137651812285e-05
4345856,7.105406984919682e-05
4349952,7.102676318027079e-05
4354048,7.099945651134476e-05
4358144,7.097214984241873e-05
4362240,7.094483589753509e-05
4366336,7.091752922860906e-05
4370432,7.089022255968302e-05
4374528,7.0862915890757e-05
4378624,7.083560922183096e-05
4382720,7.080830255290493e-05
4386816,7.07809958839789e-05
4390912,7.075368921505287e-05
4395008,7.072638254612684e-05
4399104,7.06990686012432e-05
4403200,7.067176193231717e-05
4407296,7.064445526339114e-05
4411392,7.06171485944651e-05
4415488,7.058984192553908e-05
4419584,7.056253525661305e-05
4423680,7.053522858768702e-05
4427776,7.050792191876099e-05
4431872,7.048061524983495e-05
4435968,7.045330130495131e-05
4440064,7.042599463602528e-05
4444160,7.039868796709925e-05
4448256,7.037138129817322e-05
4452352,7.034407462924719e-05
4456448,7.031676796032116e-05
4460544,7.028946129139513e-05
4464640,7.02621546224691e-05
4468736,7.023484795354307e-05
4472832,7.020753400865942e-05
4476928,7.018022733973339e-05
4481024,7.015292067080736e-05
4485120,7.012561400188133e-05
4489216,7.00983073329553e-05
4493312,7.007100066402927e-05
4497408,7.004369399510324e-05
4501504,7.001638732617721e-05
4505600,6.998907338129357e-05
4509696,6.996176671236753e-05
4513792,6.99344600434415e-05
4517888,6.990715337451547e-05
4521984,6.987984670558944e-05
4526080,6.985254003666341e-05
4530176,6.982523336773738e-05
4534272,6.979792669881135e-05
4538368,6.977062002988532e-05
4542464,6.974330608500168e-05
4546560,6.971599941607565e-05
4550656,6.968869274714962e-05
4554752,6.966138607822359e-05
4558848,6.963407940929756e-05
4562944,6.960677274037153e-05
4567040,6.95794660714455e-05
4571136,6.955215940251946e-05
4575232,6.952485273359343e-05
4579328,6.949753878870979e-05
4583424,6.947023211978376e-05
4587520,6.944292545085773e-05
4591616,6.94156187819317e-05
4595712,6.938831211300567e-05
4599808,6.936100544407964e-05
4603904,6.933369877515361e-05
4608000,6.930639210622758e-05
4612096,6.927908543730155e-05
4616192,6.92517714924179e-05
4620288,6.922446482349187e-05
4624384,6.919715815456584e-05
4628480,6.916985148563981e-05
4632576,6.914254481671378e-05
4636672,6.911523814778775e-05
4640768,6.908793147886172e-05
4644864,6.906062480993569e-05
4648960,6.903331814100966e-05
4653056,6.900600419612601e-05
4657152,6.897869752719998e-05
4661248,6.895139085827395e-05
4665344,6.892408418934792e-05
4669440,6.889677752042189e-05
4673536,6.886947085149586e-05
4677632,6.884216418256983e-05
4681728,6.88148575136438e-05
4685824,6.878755084471777e-05
4689920,6.876023689983413e-05
4694016,6.87329302309081e-05
4698112,6.870562356198207e-05
4702208,6.867831689305604e-05
4706304,6.865101022413e-05
4710400,6.862370355520397e-05
4714496,6.859639688627794e-05
4718592,6.856909021735191e-05
4722688,6.854178354842588e-05
4726784,6.851446960354224e-05
4730880,6.848716293461621e-05
4734976,6.845985626569018e-05
4739072,6.843254959676415e-05
4743168,6.840524292783812e-05
4747264,6.837793625891209e-05
4751360,6.835062958998606e-05
4755456,6.832332292106003e-05
4759552,6.8296016252134e-05
4763648,6.826870230725035e-05
4767744,6.824139563832432e-05
4771840,6.821408896939829e-05
4775936,6.818678230047226e-05
4780032,6.815947563154623e-05
4784128,6.81321689626202e-05
4788224,6.810486229369417e-05
4792320,6.807755562476814e-05
4796416,6.805024895584211e-05
4800512,6.802293501095846e-05
4804608,6.799562834203243e-05
4808704,6.79683216731064e-05
4812800,6.794101500418037e-05
4816896,6.791370833525434e-05
4820992,6.788640166632831e-05
4825088,6.785909499740228e-05
4829184,6.783178832847625e-05
4833280,6.780448165955022e-05
4837376,6.777716771466658e-05
4841472,6.774986104574054e-05
4845568,6.772255437681451e-05
4849664,6.769524770788848e-05
4853760,6.766794103896245e-05
4857856,6.764063437003642e-05
4861952,6.761332770111039e-05
4866048,6.758602103218436e-05
4870144,6.755871436325833e-05
4874240,6.753140041837469e-05
4878336,6.750409374944866e-05
4882432,6.747678708052263e-05
4886528,6.74494804115966e-05
4890624,6.742217374267057e-05
4894720,6.739486707374454e-05
4898816,6.73675604048185e-05
4902912,6.734025373589247e-05
4907008,6.731294706696644e-05
4911104,6.72856331220828e-05
4915200,6.725832645315677e-05
4919296,6.723101978423074e-05
4923392,6.720371311530471e-05
4927488,6.717640644637868e-05
4931584,6.714909977745265e-05
4935680,6.712179310852662e-05
4939776,6.709448643960059e-05
4943872,6.706717977067456e-05
4947968,6.703986582579091e-05
4952064,6.701255915686488e-05
4956160,6.698525248793885e-05
4960256,6.695794581901282e-05
4964352,6.693063915008679e-05
4968448,6.690333248116076e-05
4972544,6.687602581223473e-05
4976640,6.68487191433087e-05
4980736,6.682141247438267e-05
4984832,6.679409852949902e-05
4988928,6.6766791860573e-05
4993024,6.673948519164696e-05
4997120,6.671217852272093e-05
5001216,6.66848718537949e-05
5005312,6.665756518486887e-05
5009408,6.663025851594284e-05
5013504,6.660295184701681e-05
5017600,6.657564517809078e-05
5021696,6.654833123320714e-05
5025792,6.65210245642811e-05
5029888,6.649371789535508e-05
5033984,6.646641122642905e-05
5038080,6.643910455750301e-05
5042176,6.641179788857698e-05
5046272,6.638449121965095e-05
5050368,6.635718455072492e-05
5054464,6.632987788179889e-05
5058560,6.630256393691525e-05
5062656,6.627525726798922e-05
5066752,6.624795059906319e-05
5070848,6.622064393013716e-05
5074944,6.619333726121113e-05
5079040,6.61660305922851e-05
5083136,6.613872392335907e-05
5087232,6.611141725443304e-05
5091328,6.6084110585507e-05
5095424,6.605679664062336e-05
5099520,6.602948997169733e-05
5103616,6.60021833027713e-05
5107712,6.597487663384527e-05
5111808,6.594756996491924e-05
5115904,6.592026329599321e-05
5120000,6.589295662706718e-05
5124096,6.586564995814115e-05
5128192,6.583834328921512e-05
5132288,6.581102934433147e-05
5136384,6.578372267540544e-05
5140480,6.575641600647941e-05
5144576,6.572910933755338e-05
5148672,6.570180266862735e-05
5152768,6.567449599970132e-05
5156864,6.564718933077529e-05
5160960,6.561988266184926e-05
5165056,6.559257599292323e-05
5169152,6.556526204803959e-05
5173248,6.553795537911355e-05
5177344,6.551064871018752e-05
5181440,6.54833420412615e-05
5185536,6.545603537233546e-05
5189632,6.542872870340943e-05
5193728,6.54014220344834e-05
5197824,6.537411536555737e-05
5201920,6.534680142067373e-05
5206016,6.53194947517477e-05
5210112,6.529218808282167e-05
5214208,6.526488141389564e-05
5218304,6.52375747449696e-05
5222400,6.521026807604358e-05
5226496,6.518296140711755e-05
5230592,6.515565473819152e-05
5234688,6.512834806926548e-05
5238784,6.510103412438184e-05
5242880,6.507372745545581e-05
5246976,6.504642078652978e-05
5251072,6.501911411760375e-05
5255168,6.499180744867772e-05
5259264,6.496450077975169e-05
5263360,6.493719411082566e-05
5267456,6.490988744189963e-05
5271552,6.48825807729736e-05
5275648,6.485526682808995e-05
5279744,6.482796015916392e-05
5283840,6.480065349023789e-05
5287936,6.477334682131186e-05
5292032,6.474604015238583e-05
5296128,6.47187334834598e-05
5300224,6.469142681453377e-05
5304320,6.466412014560774e-05
5308416,6.463681347668171e-05
5312512,6.460949953179806e-05
5316608,6.458219286287203e-05
5320704,6.4554886193946e-05
5324800,6.452757952501997e-05
5328896,6.450027285609394e-05
5332992,6.447296618716791e-05
5337088,6.444565951824188e-05
5341184,6.441835284931585e-05
5345280,6.439104618038982e-05
5349376,6.436373223550618e-05
5353472,6.433642556658015e-05
5357568,6.430911889765412e-05
5361664,6.428181222872809e-05
5365760,6.425450555980206e-05
5369856,6.422719889087602e-05
5373952,6.419989222195e-05
5378048,6.417258555302396e-05
5382144,6.414527888409793e-05
5386240,6.411796493921429e-05
5390336,6.409065827028826e-05
5394432,6.406335160136223e-05
5398528,6.40360449324362e-05
5402624,6.400873826351017e-05
5406720,6.398143159458414e-05
5410816,6.395412492565811e-05
5414912,6.392681825673208e-05
5419008,6.389951158780605e-05
5423104,6.38721976429224e-05
5427200,6.384489097399637e-05
5431296,6.381758430507034e-05
5435392,6.379027763614431e-05
5439488,6.376297096721828e-05
5443584,6.373566429829225e-05
5447680,6.370835762936622e-05
5451776,6.368105096044019e-05
5455872,6.365374429151416e-05
5459968,6.362643034663051e-05
5464064,6.359912367770448e-05
5468160,6.357181700877845e-05
5472256,6.354451033985242e-05
5476352,6.351720367092639e-05
5480448,6.348989700200036e-05
5484544,6.346259033307433e-05
5488640,6.34352836641483e-05
5492736,6.340797699522227e-05
5496832,6.338066305033863e-05
5500928,6.33533563814126e-05
5505024,6.332604971248657e-05
5509120,6.329874304356053e-05
5513216,6.32714363746345e-05
5517312,6.324412970570847e-05
5521408,6.321682303678244e-05
5525504,6.318951636785641e-05
5529600,6.316220969893038e-05
5533696,6.313489575404674e-05
5537792,6.310758908512071e-05
5541888,6.308028241619468e-05
5545984,6.305297574726865e-05
5550080,6.302566907834262e-05
5554176,6.299836240941659e-05
5558272,6.297105574049056e-05
5562368,6.294374907156453e-05
5566464,6.29164424026385e-05
5570560,6.288912845775485e-05
5574656,6.286182178882882e-05
5578752,6.283451511990279e-05
5582848,6.280720845097676e-05
5586944,6.277990178205073e-05
5591040,6.27525951131247e-05
5595136,6.272528844419867e-05
5599232,6.269798177527264e-05
5603328,6.267067510634661e-05
5607424,6.264336116146296e-05
5611520,6.261605449253693e-05
5615616,6.25887478236109e-05
5619712,6.256144115468487e-05
5623808,6.253413448575884e-05
5627904,6.250682781683281e-05
5632000,6.247952114790678e-05
5636096,6.245221447898075e-05
5640192,6.242490781005472e-05
5644288,6.239759386517107e-05
5648384,6.237028719624504e-05
5652480,6.234298052731901e-05
5656576,6.231567385839298e-05
5660672,6.228836718946695e-05
5664768,6.226106052054092e-05
5668864,6.223375385161489e-05
5672960,6.220644718268886e-05
5677056,6.217914051376283e-05
5681152,6.215182656887919e-05
5685248,6.212451989995316e-05
5689344,6.209721323102713e-05
5693440,6.20699065621011e-05
5697536,6.204259989317507e-05
5701632,6.201529322424904e-05
5705728,6.1987986555323e-05
5709824,6.196067988639697e-05
5713920,6.193337321747094e-05
5718016,6.19060592725873e-05
5722112,6.187875260366127e-05
5726208,6.185144593473524e-05
5730304,6.182413926580921e-05
5734400,6.179683259688318e-05
5738496,6.176952592795715e-05
5742592,6.174221925903112e-05
5746688,6.171491259010509e-05
5750784,6.168760592117906e-05
5754880,6.166029197629541e-05
5758976,6.163298530736938e-05
5763072,6.160567863844335e-05
5767168,6.157837196951732e-05
5771264,6.155106530059129e-05
5775360,6.152375863166526e-05
5779456,6.149645196273923e-05
5783552,6.14691452938132e-05
5787648,6.144183862488717e-05
5791744,6.141452468000352e-05
5795840,6.13872180110775e-05
5799936,6.135991134215146e-05
5804032,6.133260467322543e-05
5808128,6.13052980042994e-05
5812224,6.127799133537337e-05
5816320,6.125068466644734e-05
5820416,6.122337799752131e-05
5824512,6.119607132859528e-05
5828608,6.116875738371164e-05
5832704,6.11414507147856e-05
5836800,6.111414404585958e-05
5840896,6.108683737693354e-05
5844992,6.105953070800751e-05
5849088,6.1032224039081484e-05
5853184,6.1004913732176647e-05
5857280,6.0977607063250616e-05
5861376,6.0950300394324586e-05
5865472,6.0922993725398555e-05
5869568,6.0895687056472525e-05
5873664,6.086837674956769e-05
5877760,6.084107008064166e-05
5881856,6.081376341171563e-05
5885952,6.0786456742789596e-05
5890048,6.075914643588476e-05
5894144,6.073183976695873e-05
5898240,6.07045330980327e-05
5902336,6.067722642910667e-05
5906432,6.064991976018064e-05
5910528,6.06226094532758e-05
5914624,6.059530278434977e-05
5918720,6.056799611542374e-05
5922816,6.054068944649771e-05
5926912,6.051337913959287e-05
5931008,6.048607247066684e-05
5935104,6.045876580174081e-05
5939200,6.043145913281478e-05
5943296,6.040415246388875e-05
5947392,6.037684215698391e-05
5951488,6.034953548805788e-05
5955584,6.032222881913185e-05
5959680,6.029492215020582e-05
5963776,6.026761184330098e-05
5967872,6.024030517437495e-05
5971968,6.021299850544892e-05
5976064,6.018569183652289e-05
5980160,6.015838516759686e-05
5984256,6.0131074860692024e-05
5988352,6.0103768191765994e-05
5992448,6.0076461522839963e-05
5996544,6.004915485391393e-05
6000640,6.0021844547009096e-05
6004736,5.9994537878083065e-05
6008832,5.9967231209157035e-05
6012928,5.9939924540231004e-05
6017024,5.9912617871304974e-05
6021120,5.9885307564400136e-05
6025216,5.9858000895474106e-05
6029312,5.9830694226548076e-05
6033408,5.9803387557622045e-05
6037504,5.977607725071721e-05
6041600,5.974877058179118e-05
6045696,5.972146391286515e-05
6049792,5.9694157243939117e-05
6053888,5.966684693703428e-05
6057984,5.963954026810825e-05
6062080,5.961223359918222e-05
6066176,5.958492693025619e-05
6070272,5.955762026133016e-05
6074368,5.953030995442532e-05
6078464,5.950300328549929e-05
6082560,5.947569661657326e-05
6086656,5.944838994764723e-05
6090752,5.942107964074239e-05
6094848,5.939377297181636e-05
6098944,5.936646630289033e-05
6103040,5.93391596339643e-05
6107136,5.931185296503827e-05
6111232,5.928454265813343e-05
6115328,5.92572359892074e-05
6119424,5.922992932028137e-05
6123520,5.920262265135534e-05
6127616,5.9175312344450504e-05
6131712,5.914800567552447e-05
6135808,5.912069900659844e-05
6139904,5.909339233767241e-05
6144000,5.906608566874638e-05
6148096,5.9038775361841545e-05
6152192,5.9011468692915514e-05
6156288,5.8984162023989484e-05
6160384,5.895685535506345e-05
6164480,5.8929545048158616e-05
6168576,5.8902238379232585e-05
6172672,5.8874931710306555e-05
6176768,5.8847625041380525e-05
6180864,5.8820318372454494e-05
6184960,5.879300806554966e-05
6189056,5.8765701396623626e-05
6193152,5.8738394727697596e-05
6197248,5.8711088058771566e-05
6201344,5.868377775186673e-05
6205440,5.86564710829407e-05
6209536,5.862916441401467e-05
6213632,5.860185774508864e-05
6217728,5.8574551076162606e-05
6221824,5.854724076925777e-05
6225920,5.851993410033174e-05
6230016,5.849262743140571e-05
6234112,5.846532076247968e-05
6238208,5.843801045557484e-05
6242304,5.841070378664881e-05
6246400,5.838339711772278e-05
6250496,5.835609044879675e-05
6254592,5.832878377987072e-05
6258688,5.830147347296588e-05
6262784,5.827416680403985e-05
6266880,5.824686013511382e-05
6270976,5.821955346618779e-05
6275072,5.819224315928295e-05
6279168,5.816493649035692e-05
6283264,5.813762982143089e-05
6287360,5.811032315250486e-05
6291456,5.808301648357883e-05
6295552,5.8055706176673993e-05
6299648,5.802839950774796e-05
6303744,5.800109283882193e-05
6307840,5.79737861698959e-05
6311936,5.7946475862991065e-05
6316032,5.7919169194065034e-05
6320128,5.7891862525139004e-05
6324224,5.7864555856212974e-05
6328320,5.783724918728694e-05
6332416,5.7809938880382106e-05
6336512,5.7782632211456075e-05
6340608,5.7755325542530045e-05
6344704,5.7728018873604015e-05
6348800,5.770070856669918e-05
6352896,5.767340189777315e-05
6356992,5.7646095228847116e-05
6361088,5.7618788559921086e-05
6365184,5.759147825301625e-05
6369280,5.756417158409022e-05
6373376,5.753686491516419e-05
6377472,5.750955824623816e-05
6381568,5.748225157731213e-05
6385664,5.745494127040729e-05
6389760,5.742763460148126e-05
6393856,5.740032793255523e-05
6397952,5.73730212636292e-05
6402048,5.734571095672436e-05
6406144,5.731840428779833e-05
6410240,5.72910976188723e-05
6414336,5.726379094994627e-05
6418432,5.723648428102024e-05
6422528,5.72091739741154e-05
6426624,5.718186730518937e-05
6430720,5.715456063626334e-05
6434816,5.712725396733731e-05
6438912,5.709994366043247e-05
6443008,5.707263699150644e-05
6447104,5.704533032258041e-05
6451200,5.701802365365438e-05
6455296,5.699071698472835e-05
6459392,5.6963406677823514e-05
6463488,5.693610000889748e-05
6467584,5.690879333997145e-05
6471680,5.688148667104542e-05
6475776,5.6854176364140585e-05
6479872,5.6826869695214555e-05
6483968,5.6799563026288524e-05
6488064,5.6772256357362494e-05
6492160,5.6744949688436463e-05
6496256,5.6717639381531626e-05
6500352,5.6690332712605596e-05
6504448,5.6663026043679565e-05
6508544,5.6635719374753535e-05
6512640,5.66084090678487e-05
6516736,5.658110239892267e-05
6520832,5.6553795729996637e-05
6524928,5.6526489061070606e-05
6529024,5.6499182392144576e-05
6533120,5.647187208523974e-05
6537216,5.644456541631371e-05
6541312,5.641725874738768e-05
6545408,5.638995207846165e-05
6549504,5.636264177155681e-05
6553600,5.633533510263078e-05
6557696,5.630802843370475e-05
6561792,5.628072176477872e-05
6565888,5.625341509585269e-05
6569984,5.622610478894785e-05
6574080,5.619879812002182e-05
6578176,5.617149145109579e-05
6582272,5.614418478216976e-05
6586368,5.611687447526492e-05
6590464,5.608956780633889e-05
6594560,5.606226113741286e-05
6598656,5.603495446848683e-05
6602752,5.60076477995608e-05
6606848,5.598033749265596e-05
6610944,5.595303082372993e-05
6615040,5.59257241548039e-05
6619136,5.589841748587787e-05
6623232,5.5871107178973034e-05
6627328,5.5843800510047004e-05
6631424,5.581649384112097e-05
6635520,5.578918717219494e-05
6639616,5.576188050326891e-05
6643712,5.5734570196364075e-05
6647808,5.5707263527438045e-05
6651904,5.5679956858512014e-05
6656000,5.5652650189585984e-05
6660096,5.5625339882681146e-05
6664192,5.5598033213755116e-05
6668288,5.5570726544829085e-05
6672384,5.5543419875903055e-05
6676480,5.5516113206977025e-05
6680576,5.548880290007219e-05
6684672,5.546149623114616e-05
6688768,5.5434189562220126e-05
6692864,5.5406882893294096e-05
6696960,5.537957258638926e-05
6701056,5.535226591746323e-05
6705152,5.53249592485372e-05
6709248,5.529765257961117e-05
6713344,5.527034227270633e-05
6717440,5.52430356037803e-05
6721536,5.521572893485427e-05
6725632,5.518842226592824e-05
6729728,5.516111559700221e-05
6733824,5.513380529009737e-05
6737920,5.510649862117134e-05
6742016,5.507919195224531e-05
6746112,5.505188528331928e-05
6750208,5.502457497641444e-05
6754304,5.499726830748841e-05
6758400,5.496996163856238e-05
6762496,5.494265496963635e-05
6766592,5.491534830071032e-05
6770688,5.488803799380548e-05
6774784,5.486073132487945e-05
6778880,5.483342465595342e-05
6782976,5.480611798702739e-05
6787072,5.4778807680122554e-05
6791168,5.4751501011196524e-05
6795264,5.4724194342270494e-05
6799360,5.469688767334446e-05
6803456,5.466958100441843e-05
6807552,5.4642270697513595e-05
6811648,5.4614964028587565e-05
6815744,5.4587657359661534e-05
6819840,5.4560350690735504e-05
6823936,5.4533040383830667e-05
6828032,5.4505733714904636e-05
6832128,5.4478427045978606e-05
6836224,5.4451120377052575e-05
6840320,5.4423813708126545e-05
6844416,5.439650340122171e-05
6848512,5.436919673229568e-05
6852608,5.434189006336965e-05
6856704,5.4314583394443616e-05
6860800,5.428727308753878e-05
6864896,5.425996641861275e-05
6868992,5.423265974968672e-05
6873088,5.420535308076069e-05
6877184,5.417804641183466e-05
6881280,5.415073610492982e-05
6885376,5.412342943600379e-05
6889472,5.409612276707776e-05
6893568,5.406881609815173e-05
6897664,5.404150579124689e-05
6901760,5.401419912232086e-05
6905856,5.398689245339483e-05
6909952,5.39595857844688e-05
6914048,5.393227911554277e-05
6918144,5.390496880863793e-05
6922240,5.38776621397119e-05
6926336,5.385035547078587e-05
6930432,5.382304880185984e-05
6934528,5.3795738494955e-05
6938624,5.376843182602897e-05
6942720,5.374112515710294e-05
6946816,5.371381848817691e-05
6950912,5.368651181925088e-05
6955008,5.3659201512346044e-05
6959104,5.3631894843420014e-05
6963200,5.360458817449398e-05
6967296,5.357728150556795e-05
6971392,5.3549971198663116e-05
6975488,5.3522664529737085e-05
6979584,5.3495357860811055e-05
6983680,5.3468051191885024e-05
6987776,5.3440744522958994e-05
6991872,5.3413434216054156e-05
6995968,5.3386127547128126e-05
7000064,5.3358820878202096e-05
7004160,5.3331514209276065e-05
7008256,5.330420390237123e-05
7012352,5.32768972334452e-05
7016448,5.324959056451917e-05
7020544,5.3222283895593137e-05
7024640,5.3194977226667106e-05
7028736,5.316766691976227e-05
7032832,5.314036025083624e-05
7036928,5.311305358191021e-05
7041024,5.308574691298418e-05
7045120,5.305843660607934e-05
7049216,5.303112993715331e-05
7053312,5.300382326822728e-05
7057408,5.297651659930125e-05
7061504,5.294920629239641e-05
7065600,5.292189962347038e-05
7069696,5.289459295454435e-05
7073792,5.286728628561832e-05
7077888,5.283997961669229e-05
7081984,5.281266930978745e-05
7086080,5.278536264086142e-05
7090176,5.275805597193539e-05
7094272,5.273074930300936e-05
7098368,5.2703438996104524e-05
7102464,5.267613232717849e-05
7106560,5.264882565825246e-05
7110656,5.262151898932643e-05
7114752,5.25942123204004e-05
7118848,5.2566902013495564e-05
7122944,5.2539595344569534e-05
7127040,5.2512288675643504e-05
7131136,5.248498200671747e-05
7135232,5.2457671699812636e-05
7139328,5.2430365030886605e-05
7143424,5.2403058361960575e-05
7147520,5.2375751693034545e-05
7151616,5.2348445024108514e-05
7155712,5.232113471720368e-05
7159808,5.2293828048277646e-05
7163904,5.2266521379351616e-05
7168000,5.2239214710425586e-05
7172096,5.221190440352075e-05
7176192,5.218459773459472e-05
7180288,5.215729106566869e-05
7184384,5.212998439674266e-05
7188480,5.2102677727816626e-05
7192576,5.207536742091179e-05
7196672,5.204806075198576e-05
7200768,5.202075408305973e-05
7204864,5.19934474141337e-05
7208960,5.196613710722886e-05
7213056,5.193883043830283e-05
7217152,5.19115237693768e-05
7221248,5.188421710045077e-05
7225344,5.185691043152474e-05
7229440,5.18296001246199e-05
7233536,5.180229345569387e-05
7237632,5.177498678676784e-05
7241728,5.174768011784181e-05
7245824,5.172036981093697e-05
7249920,5.169306314201094e-05
7254016,5.166575647308491e-05
7258112,5.163844980415888e-05
7262208,5.161114313523285e-05
7266304,5.1583832828328013e-05
7270400,5.155652615940198e-05
7274496,5.152921949047595e-05
7278592,5.150191282154992e-05
7282688,5.1474602514645085e-05
7286784,5.1447295845719054e-05
7290880,5.1419989176793024e-05
7294976,5.1392682507866994e-05
7299072,5.136537583894096e-05
7303168,5.1338065532036126e-05
7307264,5.1310758863110095e-05
7311360,5.1283452194184065e-05
7315456,5.1256145525258034e-05
7319552,5.12288352183532e-05
7323648,5.1201528549427167e-05
7327744,5.1174221880501136e-05
7331840,5.1146915211575106e-05
7335936,5.1119608542649075e-05
7340032,5.109229823574424e-05
7344128,5.106499156681821e-05
7348224,5.103768489789218e-05
7352320,5.101037822896615e-05
7356416,5.098306792206131e-05
7360512,5.095576125313528e-05
7364608,5.092845458420925e-05
7368704,5.090114791528322e-05
7372800,5.087384124635719e-05
7376896,5.084653093945235e-05
7380992,5.081922427052632e-05
7385088,5.079191760160029e-05
7389184,5.076461093267426e-05
7393280,5.073730062576942e-05
7397376,5.070999395684339e-05
7401472,5.068268728791736e-05
7405568,5.065538061899133e-05
7409664,5.062807031208649e-05
7413760,5.060076364316046e-05
7417856,5.057345697423443e-05
7421952,5.05461503053084e-05
7426048,5.051884363638237e-05
7430144,5.0491533329477534e-05
7434240,5.04642266605515e-05
7438336,5.043691999162547e-05
7442432,5.040961332269944e-05
7446528,5.0382303015794605e-05
7450624,5.0354996346868575e-05
7454720,5.0327689677942544e-05
7458816,5.0300383009016514e-05
7462912,5.0273076340090483e-05
7467008,5.0245766033185646e-05
7471104,5.0218459364259616e-05
7475200,5.0191152695333585e-05
7479296,5.0163846026407555e-05
7483392,5.013653571950272e-05
7487488,5.010922905057669e-05
7491584,5.0081922381650656e-05
7495680,5.0054615712724626e-05
7499776,5.0027309043798596e-05
7503872,4.999999873689376e-05
7507968,4.997269206796773e-05
7512064,4.99453853990417e-05
7516160,4.991807873011567e-05
7520256,4.989076842321083e-05
7524352,4.98634617542848e-05
7528448,4.983615508535877e-05
7532544,4.980884841643274e-05
7536640,4.978154174750671e-05
7540736,4.975423144060187e-05
7544832,4.972692477167584e-05
7548928,4.969961810274981e-05
7553024,4.967231143382378e-05
7557120,4.964500112691894e-05
7561216,4.961769445799291e-05
7565312,4.959038778906688e-05
7569408,4.956308112014085e-05
7573504,4.953577445121482e-05
7577600,4.950846414430998e-05
7581696,4.948115747538395e-05
7585792,4.945385080645792e-05
7589888,4.942654413753189e-05
7593984,4.9399233830627054e-05
7598080,4.9371927161701024e-05
7602176,4.934462049277499e-05
7606272,4.931731382384896e-05
7610368,4.929000715492293e-05
7614464,4.9262696848018095e-05
7618560,4.9235390179092064e-05
7622656,4.9208083510166034e-05
7626752,4.9180776841240004e-05
7630848,4.9153466534335166e-05
7634944,4.9126159865409136e-05
7639040,4.9098853196483105e-05
7643136,4.9071546527557075e-05
7647232,4.9044239858631045e-05
7651328,4.901692955172621e-05
7655424,4.898962288280018e-05
7659520,4.8962316213874146e-05
7663616,4.8935009544948116e-05
7667712,4.890769923804328e-05
7671808,4.888039256911725e-05
7675904,4.885308590019122e-05
7680000,4.882577923126519e-05
7684096,4.879847256233916e-05
7688192,4.877116225543432e-05
7692288,4.874385558650829e-05
7696384,4.871654891758226e-05
7700480,4.868924224865623e-05
7704576,4.866193194175139e-05
7708672,4.863462527282536e-05
7712768,4.860731860389933e-05
7716864,4.85800119349733e-05
7720960,4.855270162806846e-05
7725056,4.852539495914243e-05
7729152,4.84980882902164e-05
7733248,4.847078162129037e-05
7737344,4.844347495236434e-05
7741440,4.84161646454595e-05
7745536,4.838885797653347e-05
7749632,4.836155130760744e-05
7753728,4.833424463868141e-05
7757824,4.8306934331776574e-05
7761920,4.8279627662850544e-05
7766016,4.8252320993924513e-05
7770112,4.822501432499848e-05
7774208,4.819770765607245e-05
7778304,4.8170397349167615e-05
7782400,4.8143090680241585e-05
7786496,4.8115784011315554e-05
7790592,4.8088477342389524e-05
7794688,4.8061167035484686e-05
7798784,4.8033860366558656e-05
7802880,4.8006553697632626e-05
7806976,4.7979247028706595e-05
7811072,4.7951940359780565e-05
7815168,4.792463005287573e-05
7819264,4.78973233839497e-05
7823360,4.787001671502367e-05
7827456,4.7842710046097636e-05
7831552,4.78153997391928e-05
7835648,4.778809307026677e-05
7839744,4.776078640134074e-05
7843840,4.773347973241471e-05
7847936,4.770617306348868e-05
7852032,4.767886275658384e-05
7856128,4.765155608765781e-05
7860224,4.762424941873178e-05
7864320,4.759694274980575e-05
7868416,4.756963244290091e-05
7872512,4.754232577397488e-05
7876608,4.751501910504885e-05
7880704,4.748771243612282e-05
7884800,4.746040576719679e-05
7888896,4.743309546029195e-05
7892992,4.740578879136592e-05
7897088,4.737848212243989e-05
7901184,4.735117545351386e-05
7905280,4.732386514660902e-05
7909376,4.729655847768299e-05
7913472,4.726925180875696e-05
7917568,4.724194513983093e-05
7921664,4.72146384709049e-05
7925760,4.7187328164000064e-05
7929856,4.7160021495074034e-05
7933952,4.7132714826148e-05
7938048,4.710540815722197e-05
7942144,4.7078097850317135e-05
7946240,4.7050791181391105e-05
7950336,4.7023484512465075e-05
7954432,4.6996177843539044e-05
7958528,4.6968871174613014e-05
7962624,4.6941560867708176e-05
7966720,4.6914254198782146e-05
7970816,4.6886947529856116e-05
7974912,4.6859640860930085e-05
7979008,4.683233055402525e-05
7983104,4.680502388509922e-05
7987200,4.677771721617319e-05
7991296,4.6750410547247157e-05
7995392,4.6723103878321126e-05
7999488,4.669579357141629e-05
8003584,4.666848690249026e-05
8007680,4.664118023356423e-05
8011776,4.66138735646382e-05
8015872,4.658656325773336e-05
8019968,4.655925658880733e-05
8024064,4.65319499198813e-05
8028160,4.650464325095527e-05
8032256,4.647733658202924e-05
8036352,4.64500262751244e-05
8040448,4.642271960619837e-05
8044544,4.639541293727234e-05
8048640,4.636810626834631e-05
8052736,4.634079596144147e-05
8056832,4.631348929251544e-05
8060928,4.628618262358941e-05
8065024,4.625887595466338e-05
8069120,4.6231565647758543e-05
8073216,4.620425897883251e-05
8077312,4.617695230990648e-05
8081408,4.614964564098045e-05
8085504,4.612233897205442e-05
8089600,4.6095028665149584e-05
8093696,4.6067721996223554e-05
8097792,4.6040415327297524e-05
8101888,4.601310865837149e-05
8105984,4.5985798351466656e-05
8110080,4.5958491682540625e-05
8114176,4.5931185013614595e-05
8118272,4.5903878344688565e-05
8122368,4.5876571675762534e-05
8126464,4.58492613688577e-05
8130560,4.5821954699931666e-05
8134656,4.5794648031005636e-05
8138752,4.5767341362079605e-05
8142848,4.574003105517477e-05
8146944,4.571272438624874e-05
8151040,4.568541771732271e-05
8155136,4.565811104839668e-05
8159232,4.5630804379470646e-05
8163328,4.560349407256581e-05
8167424,4.557618740363978e-05
8171520,4.554888073471375e-05
8175616,4.552157406578772e-05
8179712,4.549426375888288e-05
8183808,4.546695708995685e-05
8187904,4.543965042103082e-05
8192000,4.541234375210479e-05
8196096,4.538503708317876e-05
8200192,4.535772677627392e-05
8204288,4.533042010734789e-05
8208384,4.530311343842186e-05
8212480,4.527580676949583e-05
8216576,4.524849646259099e-05
8220672,4.522118979366496e-05
8224768,4.519388312473893e-05
8228864,4.51665764558129e-05
8232960,4.513926978688687e-05
8237056,4.511195947998203e-05
8241152,4.5084652811056e-05
8245248,4.505734614212997e-05
8249344,4.503003947320394e-05
8253440,4.5002729166299105e-05
8257536,4.4975422497373074e-05
8261632,4.4948115828447044e-05
8265728,4.4920809159521013e-05
8269824,4.489350249059498e-05
8273920,4.4866192183690146e-05
8278016,4.4838885514764115e-05
8282112,4.4811578845838085e-05
8286208,4.4784272176912054e-05
8290304,4.475696187000722e-05
8294400,4.4729655201081187e-05
8298496,4.4702348532155156e-05
8302592,4.4675041863229126e-05
8306688,4.4647735194303095e-05
8310784,4.462042488739826e-05
8314880,4.459311821847223e-05
8318976,4.45658115495462e-05
8323072,4.453850488062017e-05
8327168,4.451119457371533e-05
8331264,4.44838879047893e-05
8335360,4.445658123586327e-05
8339456,4.442927456693724e-05
8343552,4.440196789801121e-05
8347648,4.437465759110637e-05
8351744,4.434735092218034e-05
8355840,4.432004425325431e-05
8359936,4.429273758432828e-05
8364032,4.426542727742344e-05
8368128,4.423812060849741e-05
8372224,4.421081393957138e-05
8376320,4.418350727064535e-05
8380416,4.415620060171932e-05
8384512,4.412889029481448e-05
8388608,4.410158362588845e-05
8392704,4.407427695696242e-05
8396800,4.404697028803639e-05
8400896,4.4019659981131554e-05
8404992,4.399235331220552e-05
8409088,4.396504664327949e-05
8413184,4.393773997435346e-05
8417280,4.3910429667448625e-05
8421376,4.3883122998522595e-05
8425472,4.3855816329596564e-05
8429568,4.3828509660670534e-05
8433664,4.38012029917445e-05
8437760,4.3773892684839666e-05
8441856,4.3746586015913635e-05
8445952,4.3719279346987605e-05
8450048,4.3691972678061575e-05
8454144,4.366466237115674e-05
8458240,4.363735570223071e-05
8462336,4.3610049033304676e-05
8466432,4.3582742364378646e-05
8470528,4.3555435695452616e-05
8474624,4.352812538854778e-05
8478720,4.350081871962175e-05
8482816,4.347351205069572e-05
8486912,4.344620538176969e-05
8491008,4.341889507486485e-05
8495104,4.339158840593882e-05
8499200,4.336428173701279e-05
8503296,4.333697506808676e-05
8507392,4.330966839916073e-05
8511488,4.328235809225589e-05
8515584,4.325505142332986e-05
8519680,4.322774475440383e-05
8523776,4.32004380854778e-05
8527872,4.317312777857296e-05
8531968,4.314582110964693e-05
8536064,4.31185144407209e-05
8540160,4.309120777179487e-05
8544256,4.306390110286884e-05
8548352,4.3036590795964e-05
8552448,4.300928412703797e-05
8556544,4.298197745811194e-05
8560640,4.295467078918591e-05
8564736,4.2927360482281074e-05
8568832,4.2900053813355044e-05
8572928,4.287274714442901e-05
8577024,4.284544047550298e-05
8581120,4.281813380657695e-05
8585216,4.2790823499672115e-05
8589312,4.2763516830746084e-05
8593408,4.2736210161820054e-05
8597504,4.2708903492894024e-05
8601600,4.2681593185989186e-05
8605696,4.2654286517063156e-05
8609792,4.2626979848137125e-05
8613888,4.2599673179211095e-05
8617984,4.2572366510285065e-05
8622080,4.254505620338023e-05
8626176,4.25177495344542e-05
8630272,4.2490442865528166e-05
8634368,4.2463136196602136e-05
8638464,4.24358258896973e-05
8642560,4.240851922077127e-05
8646656,4.238121255184524e-05
8650752,4.235390588291921e-05
8654848,4.232659921399318e-05
8658944,4.229928890708834e-05
8663040,4.227198223816231e-05
8667136,4.224467556923628e-05
8671232,4.221736890031025e-05
8675328,4.219005859340541e-05
8679424,4.216275192447938e-05
8683520,4.213544525555335e-05
8687616,4.210813858662732e-05
8691712,4.208083191770129e-05
8695808,4.205352161079645e-05
8699904,4.202621494187042e-05
8704000,4.199890827294439e-05
8708096,4.197160160401836e-05
8712192,4.194429129711352e-05
8716288,4.191698462818749e-05
8720384,4.188967795926146e-05
8724480,4.186237129033543e-05
8728576,4.18350646214094e-05
8732672,4.1807754314504564e-05
8736768,4.1780447645578533e-05
8740864,4.17531409766525e-05
8744960,4.172583430772647e-05
8749056,4.1698524000821635e-05
8753152,4.1671217331895605e-05
8757248,4.1643910662969574e-05
8761344,4.1616603994043544e-05
8765440,4.1589293687138706e-05
8769536,4.1561987018212676e-05
8773632,4.1534680349286646e-05
8777728,4.1507373680360615e-05
8781824,4.1480067011434585e-05
8785920,4.145275670452975e-05
8790016,4.142545003560372e-05
8794112,4.1398143366677687e-05
8798208,4.1370836697751656e-05
8802304,4.134352639084682e-05
8806400,4.131621972192079e-05
8810496,4.128891305299476e-05
8814592,4.126160638406873e-05
8818688,4.12342997151427e-05
8822784,4.120698940823786e-05
8826880,4.117968273931183e-05
8830976,4.11523760703858e-05
8835072,4.112506940145977e-05
8839168,4.109775909455493e-05
8843264,4.10704524256289e-05
8847360,4.104314575670287e-05
8851456,4.101583908777684e-05
8855552,4.098853241885081e-05
8859648,4.096122211194597e-05
8863744,4.093391544301994e-05
8867840,4.090660877409391e-05
8871936,4.087930210516788e-05
8876032,4.085199179826304e-05
8880128,4.082468512933701e-05
8884224,4.079737846041098e-05
8888320,4.077007179148495e-05
8892416,4.074276512255892e-05
8896512,4.0715454815654084e-05
8900608,4.0688148146728054e-05
8904704,4.066084147780202e-05
8908800,4.063353480887599e-05
8912896,4.0606224501971155e-05
8916992,4.0578917833045125e-05
8921088,4.0551611164119095e-05
8925184,4.0524304495193064e-05
8929280,4.0496997826267034e-05
8933376,4.0469687519362196e-05
8937472,4.0442380850436166e-05
8941568,4.0415074181510136e-05
8945664,4.0387767512584105e-05
8949760,4.036045720567927e-05
8953856,4.033315053675324e-05
8957952,4.030584386782721e-05
8962048,4.0278537198901176e-05
8966144,4.0251230529975146e-05
8970240,4.022392022307031e-05
8974336,4.019661355414428e-05
8978432,4.016930688521825e-05
8982528,4.014200021629222e-05
8986624,4.011468990938738e-05
8990720,4.008738324046135e-05
8994816,4.006007657153532e-05
8998912,4.003276990260929e-05
9003008,4.000546323368326e-05
9007104,3.997815292677842e-05
9011200,3.995084625785239e-05
9015296,3.992353958892636e-05
9019392,3.989623292000033e-05
9023488,3.986892261309549e-05
9027584,3.984161594416946e-05
9031680,3.981430927524343e-05
9035776,3.97870026063174e-05
9039872,3.975969593739137e-05
9043968,3.973238563048653e-05
9048064,3.97050789615605e-05
9052160,3.967777229263447e-05
9056256,3.965046562370844e-05
9060352,3.9623155316803604e-05
9064448,3.9595848647877574e-05
9068544,3.9568541978951544e-05
9072640,3.954123531002551e-05
9076736,3.9513925003120676e-05
9080832,3.9486618334194645e-05
9084928,3.9459311665268615e-05
9089024,3.9432004996342584e-05
9093120,3.9404698327416554e-05
9097216,3.9377388020511717e-05
9101312,3.9350081351585686e-05
9105408,3.9322774682659656e-05
9109504,3.9295468013733625e-05
9113600,3.926815770682879e-05
9117696,3.924085103790276e-05
9121792,3.921354436897673e-05
9125888,3.91862377000507e-05
9129984,3.9158931031124666e-05
9134080,3.913162072421983e-05
9138176,3.91043140552938e-05
9142272,3.907700738636777e-05
9146368,3.904970071744174e-05
9150464,3.90223904105369e-05
9154560,3.899508374161087e-05
9158656,3.896777707268484e-05
9162752,3.894047040375881e-05
9166848,3.891316373483278e-05
9170944,3.888585342792794e-05
9175040,3.885854675900191e-05
9179136,3.883124009007588e-05
9183232,3.880393342114985e-05
9187328,3.877662311424501e-05
9191424,3.874931644531898e-05
9195520,3.872200977639295e-05
9199616,3.869470310746692e-05
9203712,3.866739643854089e-05
9207808,3.864008613163605e-05
9211904,3.861277946271002e-05
9216000,3.858547279378399e-05
9220096,3.855816612485796e-05
9224192,3.8530855817953125e-05
9228288,3.8503549149027094e-05
9232384,3.8476242480101064e-05
9236480,3.8448935811175033e-05
9240576,3.8421629142249e-05
9244672,3.8394318835344166e-05
9248768,3.8367012166418135e-05
9252864,3.8339705497492105e-05
9256960,3.8312398828566074e-05
9261056,3.828508852166124e-05
9265152,3.8257781852735206e-05
9269248,3.8230475183809176e-05
9273344,3.8203168514883146e-05
9277440,3.8175861845957115e-05
9281536,3.814855153905228e-05
9285632,3.812124487012625e-05
9289728,3.809393820120022e-05
9293824,3.8066631532274187e-05
9297920,3.803932122536935e-05
9302016,3.801201455644332e-05
9306112,3.798470788751729e-05
9310208,3.795740121859126e-05
9314304,3.793009454966523e-05
9318400,3.790278424276039e-05
9322496,3.787547757383436e-05
9326592,3.784817090490833e-05
9330688,3.78208642359823e-05
9334784,3.779355392907746e-05
9338880,3.776624726015143e-05
9342976,3.77389405912254e-05
9347072,3.771163392229937e-05
9351168,3.768432725337334e-05
9355264,3.76570169464685e-05
9359360,3.762971027754247e-05
9363456,3.760240360861644e-05
9367552,3.757509693969041e-05
9371648,3.7547786632785574e-05
9375744,3.752047996385954e-05
9379840,3.749317329493351e-05
9383936,3.746586662600748e-05
9388032,3.743855995708145e-05
9392128,3.7411249650176615e-05
9396224,3.7383942981250584e-05
9400320,3.7356636312324554e-05
9404416,3.732932964339852e-05
9408512,3.7302019336493686e-05
9412608,3.7274712667567655e-05
9416704,3.7247405998641625e-05
9420800,3.7220099329715595e-05
9424896,3.719278902281076e-05
9428992,3.716548235388473e-05
9433088,3.7138175684958696e-05
9437184,3.7110869016032666e-05
9441280,3.7083562347106636e-05
9445376,3.70562520402018e-05
9449472,3.702894537127577e-05
9453568,3.700163870234974e-05
9457664,3.697433203342371e-05
9461760,3.694702172651887e-05
9465856,3.691971505759284e-05
9469952,3.689240838866681e-05
9474048,3.686510171974078e-05
9478144,3.683779505081475e-05
9482240,3.681048474390991e-05
9486336,3.678317807498388e-05
9490432,3.675587140605785e-05
9494528,3.672856473713182e-05
9498624,3.670125443022698e-05
9502720,3.667394776130095e-05
9506816,3.664664109237492e-05
9510912,3.661933442344889e-05
9515008,3.659202775452286e-05
9519104,3.656471744761802e-05
9523200,3.653741077869199e-05
9527296,3.651010410976596e-05
9531392,3.648279744083993e-05
9535488,3.6455487133935094e-05
9539584,3.6428180465009063e-05
9543680,3.640087379608303e-05
9547776,3.6373567127157e-05
9551872,3.634626045823097e-05
9555968,3.6318950151326135e-05
9560064,3.6291643482400104e-05
9564160,3.6264336813474074e-05
9568256,3.6237030144548044e-05
9572352,3.6209719837643206e-05
9576448,3.6182413168717176e-05
9580544,3.6155106499791145e-05
9584640,3.6127799830865115e-05
9588736,3.6100493161939085e-05
9592832,3.607318285503425e-05
9596928,3.604587618610822e-05
9601024,3.6018569517182186e-05
9605120,3.5991262848256156e-05
9609216,3.596395254135132e-05
9613312,3.593664587242529e-05
9617408,3.590933920349926e-05
9621504,3.588203253457323e-05
9625600,3.58547258656472e-05
9629696,3.582741555874236e-05
9633792,3.580010888981633e-05
9637888,3.57728022208903e-05
9641984,3.574549555196427e-05
9646080,3.571818524505943e-05
9650176,3.56908785761334e-05
9654272,3.566357190720737e-05
9658368,3.563626523828134e-05
9662464,3.560895856935531e-05
9666560,3.558164826245047e-05
9670656,3.555434159352444e-05
9674752,3.552703492459841e-05
9678848,3.549972825567238e-05
9682944,3.547241794876754e-05
9687040,3.544511127984151e-05
9691136,3.541780461091548e-05
9695232,3.539049794198945e-05
9699328,3.536319127306342e-05
9703424,3.5335880966158584e-05
9707520,3.530857429723255e-05
9711616,3.528126762830652e-05
9715712,3.525396095938049e-05
9719808,3.5226650652475655e-05
9723904,3.5199343983549625e-05
9728000,3.5172037314623594e-05
9732096,3.5144730645697564e-05
9736192,3.5117423976771533e-05
9740288,3.5090113669866696e-05
9744384,3.5062807000940666e-05
9748480,3.5035500332014635e-05
9752576,3.5008193663088605e-05
9756672,3.498088335618377e-05
9760768,3.495357668725774e-05
9764864,3.4926270018331707e-05
9768960,3.4898963349405676e-05
9773056,3.487165304250084e-05
9777152,3.484434637357481e-05
9781248,3.481703970464878e-05
9785344,3.478973303572275e-05
9789440,3.476242636679672e-05
9793536,3.473511605989188e-05
9797632,3.470780939096585e-05
9801728,3.468050272203982e-05
9805824,3.465319605311379e-05
9809920,3.462588574620895e-05
9814016,3.459857907728292e-05
9818112,3.457127240835689e-05
9822208,3.454396573943086e-05
9826304,3.451665907050483e-05
9830400,3.448934876359999e-05
9834496,3.446204209467396e-05
9838592,3.443473542574793e-05
9842688,3.44074287568219e-05
9846784,3.438011844991706e-05
9850880,3.435281178099103e-05
9854976,3.4325505112065e-05
9859072,3.429819844313897e-05
9863168,3.427089177421294e-05
9867264,3.4243581467308104e-05
9871360,3.4216274798382074e-05
9875456,3.418896812945604e-05
9879552,3.416166146053001e-05
9883648,3.4134351153625175e-05
9887744,3.4107044484699145e-05
9891840,3.4079737815773115e-05
9895936,3.4052431146847084e-05
9900032,3.4025124477921054e-05
9904128,3.3997814171016216e-05
9908224,3.3970507502090186e-05
9912320,3.3943200833164155e-05
9916416,3.3915894164238125e-05
9920512,3.388858385733329e-05
9924608,3.386127718840726e-05
9928704,3.383397051948123e-05
9932800,3.3806663850555196e-05
9936896,3.3779357181629166e-05
9940992,3.375204687472433e-05
9945088,3.37247402057983e-05
9949184,3.369743353687227e-05
9953280,3.367012686794624e-05
9957376,3.36428165610414e-05
9961472,3.361550989211537e-05
9965568,3.358820322318934e-05
9969664,3.356089655426331e-05
9973760,3.353358988533728e-05
9977856,3.350627957843244e-05
9981952,3.347897290950641e-05
9986048,3.345166624058038e-05
9990144,3.342435957165435e-05
9994240,3.339704926474951e-05
9998336,3.336974259582348e-05
10002432,3.334243592689745e-05
10006528,3.331512925797142e-05
10010624,3.328782258904539e-05
10014720,3.326051228214055e-05
10018816,3.323320561321452e-05
10022912,3.320589894428849e-05
10027008,3.317859227536246e-05
10031104,3.3151281968457624e-05
10035200,3.3123975299531594e-05
10039296,3.3096668630605564e-05
10043392,3.306936196167953e-05
10047488,3.30420552927535e-05
10051584,3.3014744985848665e-05
10055680,3.2987438316922635e-05
10059776,3.2960131647996604e-05
10063872,3.2932824979070574e-05
10067968,3.2905514672165737e-05
10072064,3.2878208003239706e-05
10076160,3.2850901334313676e-05
10080256,3.2823594665387645e-05
10084352,3.2796287996461615e-05
10088448,3.276897768955678e-05
10092544,3.274167102063075e-05
10096640,3.271436435170472e-05
10100736,3.2687057682778686e-05
10104832,3.265974737587385e-05
10108928,3.263244070694782e-05
10113024,3.260513403802179e-05
10117120,3.257782736909576e-05
10121216,3.255051706219092e-05
10125312,3.252321039326489e-05
10129408,3.249590372433886e-05
10133504,3.246859705541283e-05
10137600,3.24412903864868e-05
10141696,3.241398007958196e-05
10145792,3.238667341065593e-05
10149888,3.23593667417299e-05
10153984,3.233206007280387e-05
10158080,3.230474976589903e-05
10162176,3.2277443096973e-05
10166272,3.225013642804697e-05
10170368,3.222282975912094e-05
10174464,3.219552309019491e-05
10178560,3.216821278329007e-05
10182656,3.214090611436404e-05
10186752,3.211359944543801e-05
10190848,3.208629277651198e-05
10194944,3.2058982469607145e-05
10199040,3.2031675800681114e-05
10203136,3.2004369131755084e-05
10207232,3.1977062462829053e-05
10211328,3.194975579390302e-05
10215424,3.1922445486998186e-05
10219520,3.1895138818072155e-05
10223616,3.1867832149146125e-05
10227712,3.1840525480220094e-05
10231808,3.181321517331526e-05
10235904,3.1785908504389226e-05
10240000,3.1758601835463196e-05
10244096,3.1731295166537166e-05
10248192,3.1703988497611135e-05
10252288,3.16766781907063e-05
10256384,3.164937152178027e-05
10260480,3.162206485285424e-05
10264576,3.1594758183928207e-05
10268672,3.156744787702337e-05
10272768,3.154014120809734e-05
10276864,3.151283453917131e-05
10280960,3.148552787024528e-05
10285056,3.145822120131925e-05
10289152,3.143091089441441e-05
10293248,3.140360422548838e-05
10297344,3.137629755656235e-05
10301440,3.134899088763632e-05
10305536,3.132168058073148e-05
10309632,3.129437391180545e-05
10313728,3.126706724287942e-05
10317824,3.123976057395339e-05
10321920,3.121245390502736e-05
10326016,3.118514359812252e-05
10330112,3.115783692919649e-05
10334208,3.113053026027046e-05
10338304,3.110322359134443e-05
10342400,3.1075913284439594e-05
10346496,3.104860661551356e-05
10350592,3.102129994658753e-05
10354688,3.09939932776615e-05
10358784,3.096668660873547e-05
10362880,3.0939376301830634e-05
10366976,3.0912069632904604e-05
10371072,3.0884762963978574e-05
10375168,3.085745629505254e-05
10379264,3.0830145988147706e-05
10383360,3.0802839319221675e-05
10387456,3.0775532650295645e-05
10391552,3.0748225981369615e-05
10395648,3.0720919312443584e-05
10399744,3.069360900553875e-05
10403840,3.0666302336612716e-05
10407936,3.0638995667686686e-05
10412032,3.0611688998760656e-05
10416128,3.058437869185582e-05
10420224,3.055707202292979e-05
10424320,3.052976535400376e-05
10428416,3.0502456866088323e-05
10432512,3.0475150197162293e-05
10436608,3.0447843528236263e-05
10440704,3.042053504032083e-05
10444800,3.0393228371394798e-05
10448896,3.0365919883479364e-05
10452992,3.0338613214553334e-05
10457088,3.03113047266379e-05
10461184,3.028399805771187e-05
10465280,3.0256689569796436e-05
10469376,3.0229382900870405e-05
10473472,3.0202076231944375e-05
10477568,3.017476774402894e-05
10481664,3.014746107510291e-05
10485760,3.0120152587187476e-05
10489856,3.0092845918261446e-05
10493952,3.0065537430346012e-05
10498048,3.0038230761419982e-05
10502144,3.0010922273504548e-05
10506240,2.9983615604578517e-05
10510336,2.9956308935652487e-05
10514432,2.9929000447737053e-05
10518528,2.9901693778811023e-05
10522624,2.987438529089559e-05
10526720,2.9847078621969558e-05
10530816,2.9819770134054124e-05
10534912,2.9792463465128094e-05
10539008,2.976515497721266e-05
10543104,2.973784830828663e-05
10547200,2.9710539820371196e-05
10551296,2.9683233151445165e-05
10555392,2.9655926482519135e-05
10559488,2.96286179946037e-05
10563584,2.960131132567767e-05
10567680,2.9574002837762237e-05
10571776,2.9546696168836206e-05
10575872,2.9519387680920772e-05
10579968,2.9492081011994742e-05
10584064,2.9464772524079308e-05
10588160,2.9437465855153278e-05
10592256,2.9410159186227247e-05
10596352,2.9382850698311813e-05
10600448,2.9355544029385783e-05
10604544,2.932823554147035e-05
10608640,2.930092887254432e-05
10612736,2.9273620384628884e-05
10616832,2.9246313715702854e-05
10620928,2.921900522778742e-05
10625024,2.919169855886139e-05
10629120,2.916439188993536e-05
10633216,2.9137083402019925e-05
10637312,2.9109776733093895e-05
10641408,2.908246824517846e-05
10645504,2.905516157625243e-05
10649600,2.9027853088336997e-05
10653696,2.9000546419410966e-05
10657792,2.8973237931495532e-05
10661888,2.8945931262569502e-05
10665984,2.891862459364347e-05
10670080,2.8891316105728038e-05
10674176,2.8864009436802007e-05
10678272,2.8836700948886573e-05
10682368,2.8809394279960543e-05
10686464,2.878208579204511e-05
10690560,2.875477912311908e-05
10694656,2.8727470635203645e-05
10698752,2.8700163966277614e-05
10702848,2.867285547836218e-05
10706944,2.864554880943615e-05
10711040,2.861824214051012e-05
10715136,2.8590933652594686e-05
10719232,2.8563626983668655e-05
10723328,2.853631849575322e-05
10727424,2.850901182682719e-05
10731520,2.8481703338911757e-05
10735616,2.8454396669985726e-05
10739712,2.8427088182070293e-05
10743808,2.8399781513144262e-05
10747904,2.8372474844218232e-05
10752000,2.8345166356302798e-05
10756096,2.8317859687376767e-05
10760192,2.8290551199461333e-05
10764288,2.8263244530535303e-05
10768384,2.823593604261987e-05
10772480,2.820862937369384e-05
10776576,2.8181320885778405e-05
10780672,2.8154014216852374e-05
10784768,2.8126707547926344e-05
10788864,2.809939906001091e-05
10792960,2.807209239108488e-05
10797056,2.8044783903169446e-05
10801152,2.8017477234243415e-05
10805248,2.799016874632798e-05
10809344,2.796286207740195e-05
10813440,2.7935553589486517e-05
10817536,2.7908246920560487e-05
10821632,2.7880940251634456e-05
10825728,2.7853631763719022e-05
10829824,2.7826325094792992e-05
10833920,2.7799016606877558e-05
10838016,2.7771709937951528e-05
10842112,2.7744401450036094e-05
10846208,2.7717094781110063e-05
10850304,2.768978629319463e-05
10854400,2.76624796242686e-05
10858496,2.7635171136353165e-05
10862592,2.7607864467427135e-05
10866688,2.7580557798501104e-05
10870784,2.755324931058567e-05
10874880,2.752594264165964e-05
10878976,2.7498634153744206e-05
10883072,2.7471327484818175e-05
10887168,2.744401899690274e-05
10891264,2.741671232797671e-05
10895360,2.7389403840061277e-05
10899456,2.7362097171135247e-05
10903552,2.7334790502209216e-05
10907648,2.7307482014293782e-05
10911744,2.7280175345367752e-05
10915840,2.7252866857452318e-05
10919936,2.7225560188526288e-05
10924032,2.7198251700610854e-05
10928128,2.7170945031684823e-05
10932224,2.714363654376939e-05
10936320,2.711632987484336e-05
10940416,2.708902320591733e-05
10944512,2.7061714718001895e-05
10948608,2.7034408049075864e-05
10952704,2.700709956116043e-05
10956800,2.69797928922344e-05
10960896,2.6952484404318966e-05
10964992,2.6925177735392936e-05
10969088,2.68978692474775e-05
10973184,2.687056257855147e-05
10977280,2.684325590962544e-05
10981376,2.6815947421710007e-05
10985472,2.6788640752783976e-05
10989568,2.6761332264868543e-05
10993664,2.6734025595942512e-05
10997760,2.6706717108027078e-05
11001856,2.6679410439101048e-05
11005952,2.6652101951185614e-05
11010048,2.6624795282259583e-05
11014144,2.6597488613333553e-05
11018240,2.657018012541812e-05
11022336,2.654287345649209e-05
11026432,2.6515564968576655e-05
11030528,2.6488258299650624e-05
11034624,2.646094981173519e-05
11038720,2.643364314280916e-05
11042816,2.6406334654893726e-05
11046912,2.6379027985967696e-05
11051008,2.6351719498052262e-05
11055104,2.632441282912623e-05
11059200,2.62971061602002e-05
11063296,2.6269797672284767e-05
11067392,2.6242491003358737e-05
11071488,2.6215182515443303e-05
11075584,2.6187875846517272e-05
11079680,2.616056735860184e-05
11083776,2.6133260689675808e-05
11087872,2.6105952201760374e-05
11091968,2.6078645532834344e-05
11096064,2.6051338863908313e-05
11100160,2.602403037599288e-05
11104256,2.599672370706685e-05
11108352,2.5969415219151415e-05
11112448,2.5942108550225385e-05
11116544,2.591480006230995e-05
11120640,2.588749339338392e-05
11124736,2.5860184905468486e-05
11128832,2.5832878236542456e-05
11132928,2.5805571567616425e-05
11137024,2.577826307970099e-05
11141120,2.575095641077496e-05
11145216,2.5723647922859527e-05
11149312,2.5696341253933497e-05
11153408,2.5669032766018063e-05
11157504,2.5641726097092032e-05
11161600,2.56144176091766e-05
11165696,2.5587110940250568e-05
11169792,2.5559804271324538e-05
11173888,2.5532495783409104e-05
11177984,2.5505189114483073e-05
11182080,2.547788062656764e-05
11186176,2.545057395764161e-05
11190272,2.5423265469726175e-05
11194368,2.5395958800800145e-05
11198464,2.536865031288471e-05
11202560,2.534134364395868e-05
11206656,2.5314035156043246e-05
11210752,2.5286728487117216e-05
11214848,2.5259421818191186e-05
11218944,2.523211333027575e-05
11223040,2.520480666134972e-05
11227136,2.5177498173434287e-05
11231232,2.5150191504508257e-05
11235328,2.5122883016592823e-05
11239424,2.5095576347666793e-05
11243520,2.506826785975136e-05
11247616,2.5040961190825328e-05
11251712,2.5013654521899298e-05
11255808,2.4986346033983864e-05
11259904,2.4959039365057833e-05
11264000,2.49317308771424e-05
11268096,2.490442420821637e-05
11272192,2.4877115720300935e-05
11276288,2.4849809051374905e-05
11280384,2.482250056345947e-05
11284480,2.479519389453344e-05
11288576,2.476788722560741e-05
11292672,2.4740578737691976e-05
11296768,2.4713272068765946e-05
11300864,2.4685963580850512e-05
11304960,2.465865691192448e-05
11309056,2.4631348424009047e-05
11313152,2.4604041755083017e-05
11317248,2.4576733267167583e-05
11321344,2.4549426598241553e-05
11325440,2.4522119929315522e-05
11329536,2.449481144140009e-05
11333632,2.4467504772474058e-05
11337728,2.4440196284558624e-05
11341824,2.4412889615632594e-05
11345920,2.438558112771716e-05
11350016,2.435827445879113e-05
11354112,2.4330965970875695e-05
11358208,2.4303659301949665e-05
11362304,2.427635081403423e-05
11366400,2.42490441451082e-05
11370496,2.422173747618217e-05
11374592,2.4194428988266736e-05
11378688,2.4167122319340706e-05
11382784,2.4139813831425272e-05
11386880,2.411250716249924e-05
11390976,2.4085198674583808e-05
11395072,2.4057892005657777e-05
11399168,2.4030583517742343e-05
11403264,2.4003276848816313e-05
11407360,2.3975970179890282e-05
11411456,2.394866169197485e-05
11415552,2.3921355023048818e-05
11419648,2.3894046535133384e-05
11423744,2.3866739866207354e-05
11427840,2.383943137829192e-05
11431936,2.381212470936589e-05
11436032,2.3784816221450455e-05
11440128,2.3757509552524425e-05
11444224,2.3730202883598395e-05
11448320,2.370289439568296e-05
11452416,2.367558772675693e-05
11456512,2.3648279238841496e-05
11460608,2.3620972569915466e-05
11464704,2.3593664082000032e-05
11468800,2.3566357413074e-05
11472896,2.3539048925158568e-05
11476992,2.3511742256232537e-05
11481088,2.3484435587306507e-05
11485184,2.3457127099391073e-05
11489280,2.3429820430465043e-05
11493376,2.340251194254961e-05
11497472,2.3375205273623578e-05
11501568,2.3347896785708144e-05
11505664,2.3320590116782114e-05
11509760,2.329328162886668e-05
11513856,2.326597495994065e-05
11517952,2.323866829101462e-05
11522048,2.3211359803099185e-05
11526144,2.3184053134173155e-05
11530240,2.315674464625772e-05
11534336,2.312943797733169e-05
11538432,2.3102129489416257e-05
11542528,2.3074822820490226e-05
11546624,2.3047514332574792e-05
11550720,2.3020207663648762e-05
11554816,2.2992899175733328e-05
11558912,2.2965592506807297e-05
11563008,2.2938285837881267e-05
11567104,2.2910977349965833e-05
11571200,2.2883670681039803e-05
11575296,2.285636219312437e-05
11579392,2.282905552419834e-05
11583488,2.2801747036282904e-05
11587584,2.2774440367356874e-05
11591680,2.274713187944144e-05
11595776,2.271982521051541e-05
11599872,2.269251854158938e-05
11603968,2.2665210053673945e-05
11608064,2.2637903384747915e-05
11612160,2.261059489683248e-05
11616256,2.258328822790645e-05
11620352,2.2555979739991017e-05
11624448,2.2528673071064986e-05
11628544,2.2501364583149552e-05
11632640,2.2474057914223522e-05
11636736,2.244675124529749e-05
11640832,2.2419442757382058e-05
11644928,2.2392136088456027e-05
11649024,2.2364827600540593e-05
11653120,2.2337520931614563e-05
11657216,2.231021244369913e-05
11661312,2.22829057747731e-05
11665408,2.2255597286857665e-05
11669504,2.2228290617931634e-05
11673600,2.2200983949005604e-05
11677696,2.217367546109017e-05
11681792,2.214636879216414e-05
11685888,2.2119060304248706e-05
11689984,2.2091753635322675e-05
11694080,2.206444514740724e-05
11698176,2.203713847848121e-05
11702272,2.2009829990565777e-05
11706368,2.1982523321639746e-05
11710464,2.1955214833724312e-05
11714560,2.1927908164798282e-05
11718656,2.190060149587225e-05
11722752,2.1873293007956818e-05
11726848,2.1845986339030787e-05
11730944,2.1818677851115353e-05
11735040,2.1791371182189323e-05
11739136,2.176406269427389e-05
11743232,2.173675602534786e-05
11747328,2.1709447537432425e-05
11751424,2.1682140868506394e-05
11755520,2.1654834199580364e-05
11759616,2.162752571166493e-05
11763712,2.16002190427389e-05
11767808,2.1572910554823466e-05
11771904,2.1545603885897435e-05
11776000,2.1518295397982e-05
11780096,2.149098872905597e-05
11784192,2.1463680241140537e-05
11788288,2.1436373572214507e-05
11792384,2.1409066903288476e-05
11796480,2.1381758415373042e-05
11800576,2.1354451746447012e-05
11804672,2.1327143258531578e-05
11808768,2.1299836589605547e-05
11812864,2.1272528101690114e-05
11816960,2.1245221432764083e-05
11821056,2.121791294484865e-05
11825152,2.119060627592262e-05
11829248,2.116329960699659e-05
11833344,2.1135991119081154e-05
11837440,2.1108684450155124e-05
11841536,2.108137596223969e-05
11845632,2.105406929331366e-05
11849728,2.1026760805398226e-05
11853824,2.0999454136472195e-05
11857920,2.097214564855676e-05
11862016,2.094483897963073e-05
11866112,2.09175323107047e-05
11870208,2.0890223822789267e-05
11874304,2.0862917153863236e-05
11878400,2.0835608665947802e-05
11882496,2.0808301997021772e-05
11886592,2.0780993509106338e-05
11890688,2.0753686840180308e-05
11894784,2.0726378352264874e-05
11898880,2.0699071683338843e-05
11902976,2.067176319542341e-05
11907072,2.064445652649738e-05
11911168,2.061714985757135e-05
11915264,2.0589841369655915e-05
11919360,2.0562534700729884e-05
11923456,2.053522621281445e-05
11927552,2.050791954388842e-05
11931648,2.0480611055972986e-05
11935744,2.0453304387046956e-05
11939840,2.042599589913152e-05
11943936,2.039868923020549e-05
11948032,2.037138256127946e-05
11952128,2.0344074073364027e-05
11956224,2.0316767404437996e-05
11960320,2.0289458916522563e-05
11964416,2.0262152247596532e-05
11968512,2.0234843759681098e-05
11972608,2.0207537090755068e-05
11976704,2.0180228602839634e-05
11980800,2.0152921933913603e-05
11984896,2.0125615264987573e-05
11988992,2.009830677707214e-05
11993088,2.007100010814611e-05
11997184,2.0043691620230675e-05
12001280,2.0016384951304644e-05
12005376,1.998907646338921e-05
12009472,1.996176979446318e-05
12013568,1.9934461306547746e-05
12017664,1.9907154637621716e-05
12021760,1.9879847968695685e-05
12025856,1.985253948078025e-05
12029952,1.982523281185422e-05
12034048,1.9797924323938787e-05
12038144,1.9770617655012757e-05
12042240,1.9743309167097323e-05
12046336,1.9716002498171292e-05
12050432,1.9688694010255858e-05
12054528,1.9661387341329828e-05
12058624,1.9634078853414394e-05
12062720,1.9606772184488364e-05
12066816,1.9579465515562333e-05
12070912,1.95521570276469e-05
12075008,1.952485035872087e-05
12079104,1.9497541870805435e-05
12083200,1.9470235201879404e-05
12087296,1.944292671396397e-05
12091392,1.941562004503794e-05
12095488,1.9388311557122506e-05
12099584,1.9361004888196476e-05
12103680,1.9333698219270445e-05
12107776,1.930638973135501e-05
12111872,1.927908306242898e-05
12115968,1.9251774574513547e-05
12120064,1.9224467905587517e-05
12124160,1.9197159417672083e-05
12128256,1.9169852748746052e-05
12132352,1.914254426083062e-05
12136448,1.9115237591904588e-05
12140544,1.9087930922978558e-05
12144640,1.9060622435063124e-05
12148736,1.9033315766137093e-05
12152832,1.900600727822166e-05
12156928,1.897870060929563e-05
12161024,1.8951392121380195e-05
12165120,1.8924085452454165e-05
12169216,1.889677696453873e-05
12173312,1.88694702956127e-05
12177408,1.884216362668667e-05
12181504,1.8814855138771236e-05
12185600,1.8787548469845206e-05
12189696,1.876023998192977e-05
12193792,1.873293331300374e-05
12197888,1.8705624825088307e-05
12201984,1.8678318156162277e-05
12206080,1.8651009668246843e-05
12210176,1.8623702999320813e-05
12214272,1.859639451140538e-05
12218368,1.8569087842479348e-05
12222464,1.8541781173553318e-05
12226560,1.8514472685637884e-05
12230656,1.8487166016711853e-05
12234752,1.845985752879642e-05
12238848,1.843255085987039e-05
12242944,1.8405242371954955e-05
12247040,1.8377935703028925e-05
12251136,1.835062721511349e-05
12255232,1.832332054618746e-05
12259328,1.829601387726143e-05
12263424,1.8268705389345996e-05
12267520,1.8241398720419966e-05
12271616,1.8214090232504532e-05
12275712,1.81867835635785e-05
12279808,1.8159475075663067e-05
12283904,1.8132168406737037e-05
12288000,1.8104859918821603e-05
12292096,1.8077553249895573e-05
12296192,1.8050246580969542e-05
12300288,1.802293809305411e-05
12304384,1.7995631424128078e-05
12308480,1.7968322936212644e-05
12312576,1.7941016267286614e-05
12316672,1.791370777937118e-05
12320768,1.788640111044515e-05
12324864,1.7859092622529715e-05
12328960,1.7831785953603685e-05
12333056,1.7804479284677655e-05
12337152,1.777717079676222e-05
12341248,1.774986412783619e-05
12345344,1.7722555639920756e-05
12349440,1.7695248970994726e-05
12353536,1.7667940483079292e-05
12357632,1.764063381415326e-05
12361728,1.7613325326237828e-05
12365824,1.7586018657311797e-05
12369920,1.7558711988385767e-05
12374016,1.7531403500470333e-05
12378112,1.7504096831544302e-05
12382208,1.747678834362887e-05
12386304,1.7449481674702838e-05
12390400,1.7422173186787404e-05
12394496,1.7394866517861374e-05
12398592,1.736755802994594e-05
12402688,1.734025136101991e-05
12406784,1.7312942873104475e-05
12410880,1.7285636204178445e-05
12414976,1.7258329535252415e-05
12419072,1.723102104733698e-05
12423168,1.720371437841095e-05
12427264,1.7176405890495516e-05
12431360,1.7149099221569486e-05
12435456,1.7121790733654052e-05
12439552,1.709448406472802e-05
12443648,1.7067175576812588e-05
12447744,1.7039868907886557e-05
12451840,1.7012562238960527e-05
12455936,1.6985253751045093e-05
12460032,1.6957947082119063e-05
12464128,1.693063859420363e-05
12468224,1.6903331925277598e-05
12472320,1.6876023437362164e-05
12476416,1.6848716768436134e-05
12480512,1.68214082805207e-05
12484608,1.679410161159467e-05
12488704,1.676679494266864e-05
12492800,1.6739486454753205e-05
12496896,1.6712179785827175e-05
12500992,1.668487129791174e-05
12505088,1.665756462898571e-05
12509184,1.6630256141070276e-05
12513280,1.6602949472144246e-05
12517376,1.6575640984228812e-05
12521472,1.6548334315302782e-05
12525568,1.652102764637675e-05
12529664,1.6493719158461317e-05
12533760,1.6466412489535287e-05
12537856,1.6439104001619853e-05
12541952,1.6411797332693823e-05
12546048,1.638448884477839e-05
12550144,1.635718217585236e-05
12554240,1.6329873687936924e-05
12558336,1.6302567019010894e-05
12562432,1.627525853109546e-05
12566528,1.624795186216943e-05
12570624,1.62206451932434e-05
12574720,1.6193336705327965e-05
12578816,1.6166030036401935e-05
12582912,1.61387215484865e-05
12587008,1.611141487956047e-05
12591104,1.6084106391645037e-05
12595200,1.6056799722719006e-05
12599296,1.6029491234803572e-05
12603392,1.6002184565877542e-05
12607488,1.597487789695151e-05
12611584,1.5947569409036078e-05
12615680,1.5920262740110047e-05
12619776,1.5892954252194613e-05
12623872,1.5865647583268583e-05
12627968,1.583833909535315e-05
12632064,1.581103242642712e-05
12636160,1.5783723938511685e-05
12640256,1.5756417269585654e-05
12644352,1.5729110600659624e-05
12648448,1.570180211274419e-05
12652544,1.567449544381816e-05
12656640,1.5647186955902725e-05
12660736,1.5619880286976695e-05
12664832,1.559257179906126e-05
12668928,1.556526513013523e-05
12673024,1.5537956642219797e-05
12677120,1.5510649973293766e-05
12681216,1.5483343304367736e-05
12685312,1.5456034816452302e-05
12689408,1.542872814752627e-05
12693504,1.5401419659610838e-05
12697600,1.5374112990684807e-05
12701696,1.5346804502769373e-05
12705792,1.5319497833843343e-05
12709888,1.529218934592791e-05
12713984,1.526488267700188e-05
12718080,1.5237575098581146e-05
12722176,1.5210267520160414e-05
12726272,1.5182959941739682e-05
12730368,1.515565236331895e-05
12734464,1.5128344784898218e-05
12738560,1.5101038115972187e-05
12742656,1.5073730537551455e-05
12746752,1.5046422959130723e-05
12750848,1.5019115380709991e-05
12754944,1.4991807802289259e-05
12759040,1.4964500223868527e-05
12763136,1.4937192645447794e-05
12767232,1.4909885067027062e-05
12771328,1.488257748860633e-05
12775424,1.4855269910185598e-05
12779520,1.4827963241259567e-05
12783616,1.4800655662838835e-05
12787712,1.4773348084418103e-05
12791808,1.4746040505997371e-05
12795904,1.4718732927576639e-05
12800000,1.4691425349155907e-05
12804096,1.4664117770735174e-05
12808192,1.4636810192314442e-05
12812288,1.460950261389371e-05
12816384,1.458219594496768e-05
12820480,1.4554888366546948e-05
12824576,1.4527580788126215e-05
12828672,1.4500273209705483e-05
12832768,1.4472965631284751e-05
12836864,1.4445658052864019e-05
12840960,1.4418350474443287e-05
12845056,1.4391042896022554e-05
12849152,1.4363735317601822e-05
12853248,1.433642773918109e-05
12857344,1.430912107025506e-05
12861440,1.4281813491834328e-05
12865536,1.4254505913413595e-05
12869632,1.4227198334992863e-05
12873728,1.4199890756572131e-05
12877824,1.4172583178151399e-05
12881920,1.4145275599730667e-05
12886016,1.4117968021309935e-05
12890112,1.4090660442889202e-05
12894208,1.4063353773963172e-05
12898304,1.403604619554244e-05
12902400,1.4008738617121708e-05
12906496,1.3981431038700975e-05
12910592,1.3954123460280243e-05
12914688,1.3926815881859511e-05
12918784,1.3899508303438779e-05
12922880,1.3872200725018047e-05
12926976,1.3844893146597315e-05
12931072,1.3817585568176582e-05
12935168,1.3790278899250552e-05
12939264,1.376297132082982e-05
12943360,1.3735663742409088e-05
12947456,1.3708356163988356e-05
12951552,1.3681048585567623e-05
12955648,1.3653741007146891e-05
12959744,1.3626433428726159e-05
12963840,1.3599125850305427e-05
12967936,1.3571818271884695e-05
12972032,1.3544511602958664e-05
12976128,1.3517204024537932e-05
12980224,1.34898964461172e-05
12984320,1.3462588867696468e-05
12988416,1.3435281289275736e-05
12992512,1.3407973710855003e-05
12996608,1.3380666132434271e-05
13000704,1.3353358554013539e-05
13004800,1.3326050975592807e-05
13008896,1.3298744306666777e-05
13012992,1.3271436728246044e-05
13017088,1.3244129149825312e-05
13021184,1.321682157140458e-05
13025280,1.3189513992983848e-05
13029376,1.3162206414563116e-05
13033472,1.3134898836142384e-05
13037568,1.3107591257721651e-05
13041664,1.308028367930092e-05
13045760,1.3052976100880187e-05
13049856,1.3025669431954157e-05
13053952,1.2998361853533424e-05
13058048,1.2971054275112692e-05
13062144,1.294374669669196e-05
13066240,1.2916439118271228e-05
13070336,1.2889131539850496e-05
13074432,1.2861823961429764e-05
13078528,1.2834516383009031e-05
13082624,1.28072088045883e-05
13086720,1.2779902135662269e-05
13090816,1.2752594557241537e-05
13094912,1.2725286978820805e-05
13099008,1.2697979400400072e-05
13103104,1.267067182197934e-05
13107200,1.2643364243558608e-05
13111296,1.2616056665137876e-05
13115392,1.2588749086717144e-05
13119488,1.2561441508296411e-05
13123584,1.253413392987568e-05
13127680,1.2506827260949649e-05
13131776,1.2479519682528917e-05
13135872,1.2452212104108185e-05
13139968,1.2424904525687452e-05
13144064,1.239759694726672e-05
13148160,1.2370289368845988e-05
13152256,1.2342981790425256e-05
13156352,1.2315674212004524e-05
13160448,1.2288366633583792e-05
13164544,1.2261059964657761e-05
13168640,1.2233752386237029e-05
13172736,1.2206444807816297e-05
13176832,1.2179137229395565e-05
13180928,1.2151829650974832e-05
13185024,1.21245220725541e-05
13189120,1.2097214494133368e-05
13193216,1.2069906915712636e-05
13197312,1.2042599337291904e-05
13201408,1.2015291758871172e-05
13205504,1.1987985089945141e-05
13209600,1.1960677511524409e-05
13213696,1.1933369933103677e-05
13217792,1.1906062354682945e-05
13221888,1.1878754776262213e-05
13225984,1.185144719784148e-05
13230080,1.1824139619420748e-05
13234176,1.1796832041000016e-05
13238272,1.1769524462579284e-05
13242368,1.1742217793653253e-05
13246464,1.1714910215232521e-05
13250560,1.1687602636811789e-05
13254656,1.1660295058391057e-05
13258752,1.1632987479970325e-05
13262848,1.1605679901549593e-05
13266944,1.157837232312886e-05
13271040,1.1551064744708128e-05
13275136,1.1523757166287396e-05
13279232,1.1496449587866664e-05
13283328,1.1469142918940634e-05
13287424,1.1441835340519901e-05
13291520,1.141452776209917e-05
13295616,1.1387220183678437e-05
13299712,1.1359912605257705e-05
13303808,1.1332605026836973e-05
13307904,1.130529744841624e-05
13312000,1.1277989869995508e-05
13316096,1.1250682291574776e-05
13320192,1.1223375622648746e-05
13324288,1.1196068044228014e-05
13328384,1.1168760465807281e-05
13332480,1.114145288738655e-05
13336576,1.1114145308965817e-05
13340672,1.1086837730545085e-05
13344768,1.1059530152124353e-05
13348864,1.103222257370362e-05
13352960,1.1004914995282888e-05
13357056,1.0977607416862156e-05
13361152,1.0950300747936126e-05
13365248,1.0922993169515394e-05
13369344,1.0895685591094662e-05
13373440,1.086837801267393e-05
13377536,1.0841070434253197e-05
13381632,1.0813762855832465e-05
13385728,1.0786455277411733e-05
13389824,1.0759147698991e-05
13393920,1.0731840120570268e-05
13398016,1.0704533451644238e-05
13402112,1.0677225873223506e-05
13406208,1.0649918294802774e-05
13410304,1.0622610716382042e-05
13414400,1.059530313796131e-05
13418496,1.0567995559540577e-05
13422592,1.0540687981119845e-05
13426688,1.0513380402699113e-05
13430784,1.048607282427838e-05
13434880,1.045876615535235e-05
13438976,1.0431458576931618e-05
13443072,1.0404150998510886e-05
13447168,1.0376843420090154e-05
13451264,1.0349535841669422e-05
13455360,1.032222826324869e-05
13459456,1.0294920684827957e-05
13463552,1.0267613106407225e-05
13467648,1.0240305527986493e-05
13471744,1.021299794956576e-05
13475840,1.018569128063973e-05
13479936,1.0158383702218998e-05
13484032,1.0131076123798266e-05
13488128,1.0103768545377534e-05
13492224,1.0076460966956802e-05
13496320,1.004915338853607e-05
13500416,1.0021845810115337e-05
13504512,9.994538231694605e-06
13508608,9.967230653273873e-06
13512704,9.939923984347843e-06
13516800,9.91261640592711e-06
13520896,9.885308827506378e-06
13524992,9.858001249085646e-06
13529088,9.830693670664914e-06
13533184,9.803386092244182e-06
13537280,9.77607851382345e-06
13541376,9.748770935402717e-06
13545472,9.721463356981985e-06
13549568,9.694155778561253e-06
13553664,9.666849109635223e-06
13557760,9.63954153121449e-06
13561856,9.612233952793758e-06
13565952,9.584926374373026e-06
13570048,9.557618795952294e-06
13574144,9.530311217531562e-06
13578240,9.50300363911083e-06
13582336,9.475696060690098e-06
13586432,9.448388482269365e-06
13590528,9.421081813343335e-06
13594624,9.393774234922603e-06
13598720,9.36646665650187e-06
13602816,9.339159078081138e-06
13606912,9.311851499660406e-06
13611008,9.284543921239674e-06
13615104,9.257236342818942e-06
13619200,9.22992876439821e-06
13623296,9.202621185977478e-06
13627392,9.175313607556745e-06
13631488,9.148006938630715e-06
13635584,9.120699360209983e-06
13639680,9.09339178178925e-06
13643776,9.066084203368519e-06
13647872,9.038776624947786e-06
13651968,9.011469046527054e-06
13656064,8.984161468106322e-06
13660160,8.95685388968559e-06
13664256,8.929546311264858e-06
13668352,8.902239642338827e-06
13672448,8.874932063918095e-06
13676544,8.847624485497363e-06
13680640,8.82031690707663e-06
13684736,8.793009328655899e-06
13688832,8.765701750235166e-06
13692928,8.738394171814434e-06
13697024,8.711086593393702e-06
13701120,8.68377901497297e-06
13705216,8.656471436552238e-06
13709312,8.629164767626207e-06
13713408,8.601857189205475e-06
13717504,8.574549610784743e-06
13721600,8.54724203236401e-06
13725696,8.519934453943279e-06
13729792,8.492626875522546e-06
13733888,8.465319297101814e-06
13737984,8.438011718681082e-06
13742080,8.41070414026035e-06
13746176,8.38339747133432e-06
13750272,8.356089892913587e-06
13754368,8.328782314492855e-06
13758464,8.301474736072123e-06
13762560,8.274167157651391e-06
13766656,8.246859579230659e-06
13770752,8.219552000809927e-06
13774848,8.192244422389194e-06
13778944,8.164936843968462e-06
13783040,8.13762926554773e-06
13787136,8.1103225966217e-06
13791232,8.083015018200967e-06
13795328,8.055707439780235e-06
13799424,8.028399861359503e-06
13803520,8.001092282938771e-06
13807616,7.973784704518039e-06
13811712,7.946477126097307e-06
13815808,7.919169547676574e-06
13819904,7.891861969255842e-06
13824000,7.864555300329812e-06
13828096,7.83724772190908e-06
13832192,7.809940143488348e-06
13836288,7.782632565067615e-06
13840384,7.755324986646883e-06
13844480,7.728017408226151e-06
13848576,7.700709829805419e-06
13852672,7.673402251384687e-06
13856768,7.646094672963955e-06
13860864,7.618787549290573e-06
13864960,7.591479970869841e-06
13869056,7.564172392449109e-06
13873152,7.536865268775728e-06
13877248,7.5095576903549954e-06
13881344,7.482250111934263e-06
13885440,7.454942533513531e-06
13889536,7.427634955092799e-06
13893632,7.400327831419418e-06
13897728,7.3730202529986855e-06
13901824,7.345712674577953e-06
13905920,7.318405096157221e-06
13910016,7.29109797248384e-06
13914112,7.263790394063108e-06
13918208,7.2364828156423755e-06
13922304,7.209175237221643e-06
13926400,7.181867658800911e-06
13930496,7.15456053512753e-06
13934592,7.127252956706798e-06
13938688,7.0999453782860655e-06
13942784,7.072637799865333e-06
13946880,7.045330221444601e-06
13950976,7.01802309777122e-06
13955072,6.990715519350488e-06
13959168,6.9634079409297556e-06
13963264,6.936100362509023e-06
13967360,6.908792784088291e-06
13971456,6.88148566041491e-06
13975552,6.854178081994178e-06
13979648,6.826870503573446e-06
13983744,6.7995629251527134e-06
13987840,6.772255801479332e-06
13991936,6.7449482230586e-06
13996032,6.717640644637868e-06
14000128,6.690333066217136e-06
14004224,6.6630254877964035e-06
14008320,6.635718364123022e-06
14012416,6.60841078570229e-06
14016512,6.581103207281558e-06
14020608,6.553795628860826e-06
14024704,6.5264880504400935e-06
14028800,6.499180926766712e-06
14032896,6.47187334834598e-06
14036992,6.444565769925248e-06
14041088,6.417258191504516e-06
14045184,6.3899510678311344e-06
14049280,6.362643489410402e-06
14053376,6.33533591098967e-06
14057472,6.308028332568938e-06
14061568,6.280720754148206e-06
14065664,6.2534136304748245e-06
14069760,6.226106052054092e-06
14073856,6.19879847363336e-06
14077952,6.171490895212628e-06
14082048,6.144183316791896e-06
14086144,6.1168761931185145e-06
14090240,6.089568614697782e-06
14094336,6.06226103627705e-06
14098432,6.034953457856318e-06
14102528,6.007645879435586e-06
14106624,5.9803387557622045e-06
14110720,5.953031177341472e-06
14114816,5.92572359892074e-06
14118912,5.898416020500008e-06
14123008,5.871108896826627e-06
14127104,5.8438013184058946e-06
14131200,5.816493739985162e-06
14135296,5.78918616156443e-06
14139392,5.761878583143698e-06
14143488,5.734571459470317e-06
14147584,5.707263881049585e-06
14151680,5.6799563026288524e-06
14155776,5.65264872420812e-06
14159872,5.625341145787388e-06
14163968,5.598034022114007e-06
14168064,5.570726443693275e-06
14172160,5.5434188652725425e-06
14176256,5.51611128685181e-06
14180352,5.488803708431078e-06
14184448,5.461496584757697e-06
14188544,5.434189006336965e-06
14192640,5.4068814279162325e-06
14196736,5.3795738494955e-06
14200832,5.352266725822119e-06
14204928,5.324959147401387e-06
14209024,5.297651568980655e-06
14213120,5.2703439905599225e-06
14217216,5.24303641213919e-06
14221312,5.215729288465809e-06
14225408,5.188421710045077e-06
14229504,5.161114131624345e-06
14233600,5.1338065532036126e-06
14237696,5.10649897478288e-06
14241792,5.079191851109499e-06
14245888,5.051884272688767e-06
14249984,5.024576694268035e-06
14254080,4.997269115847303e-06
14258176,4.969961992173921e-06
14262272,4.942654413753189e-06
14266368,4.915346835332457e-06
14270464,4.888039256911725e-06
14274560,4.860731678490993e-06
14278656,4.833424554817611e-06
14282752,4.806116976396879e-06
14286848,4.778809397976147e-06
14290944,4.751501819555415e-06
14295040,4.724194241134683e-06
14299136,4.696887117461301e-06
14303232,4.669579539040569e-06
14307328,4.642271960619837e-06
14311424,4.614964382199105e-06
14315520,4.587656803778373e-06
14319616,4.560349680104991e-06
14323712,4.533042101684259e-06
14327808,4.505734523263527e-06
14331904,4.478426944842795e-06
14336000,4.451119821169414e-06
14340096,4.4238122427486815e-06
14344192,4.396504664327949e-06
14348288,4.369197085907217e-06
14352384,4.341889507486485e-06
14356480,4.314582383813104e-06
14360576,4.2872748053923715e-06
14364672,4.259967226971639e-06
14368768,4.232659648550907e-06
14372864,4.205352070130175e-06
14376960,4.178044946456794e-06
14381056,4.1507373680360615e-06
14385152,4.123429789615329e-06
14389248,4.096122211194597e-06
14393344,4.068814632773865e-06
14397440,4.041507509100484e-06
14401536,4.0141999306797516e-06
14405632,3.986892352259019e-06
14409728,3.959584773838287e-06
14413824,3.932277650164906e-06
14417920,3.904970071744174e-06
14422016,3.877662493323442e-06
14426112,3.8503549149027094e-06
14430208,3.823047336481977e-06
14434304,3.7957399854349205e-06
14438400,3.768432634387864e-06
14442496,3.7411250559671316e-06
14446592,3.7138174775463995e-06
14450688,3.6865101264993427e-06
14454784,3.6592025480786106e-06
14458880,3.631895197031554e-06
14462976,3.6045876186108217e-06
14467072,3.577280267563765e-06
14471168,3.5499726891430328e-06
14475264,3.5226651107223006e-06
14479360,3.495357759675244e-06
14483456,3.4680501812545117e-06
14487552,3.440742830207455e-06
14491648,3.413435251786723e-06
14495744,3.386127900739666e-06
14499840,3.358820322318934e-06
14503936,3.3315127438982017e-06
14508032,3.304205392851145e-06
14512128,3.276897814430413e-06
14516224,3.249590463383356e-06
14520320,3.222282884962624e-06
14524416,3.1949755339155672e-06
14528512,3.167667955494835e-06
14532608,3.140360377074103e-06
14536704,3.113053026027046e-06
14540800,3.085745447606314e-06
14544896,3.0584380965592572e-06
14548992,3.031130518138525e-06
14553088,3.003822939717793e-06
14557184,2.976515588670736e-06
14561280,2.949208010250004e-06
14565376,2.9219006592029473e-06
14569472,2.894593080782215e-06
14573568,2.8672857297351584e-06
14577664,2.8399781513144262e-06
14581760,2.812670572893694e-06
14585856,2.7853632218466373e-06
14589952,2.758055643425905e-06
14594048,2.7307482923788484e-06
14598144,2.7034407139581162e-06
14602240,2.6761333629110595e-06
14606336,2.6488257844903274e-06
14610432,2.621518206069595e-06
14614528,2.5942108550225385e-06
14618624,2.5669032766018063e-06
14622720,2.5395959255547496e-06
14626816,2.5122883471340174e-06
14630912,2.4849809960869607e-06
14635008,2.4576734176662285e-06
14639104,2.4303658392454963e-06
14643200,2.4030584881984396e-06
14647296,2.3757509097777074e-06
14651392,2.3484435587306507e-06
14655488,2.3211359803099185e-06
14659584,2.2938284018891864e-06
14663680,2.2665210508421296e-06
14667776,2.2392134724213975e-06
14671872,2.2119061213743407e-06
14675968,2.1845985429536086e-06
14680064,2.157291191906552e-06
14684160,2.1299836134858197e-06
14688256,2.1026760350650875e-06
14692352,2.0753686840180308e-06
14696448,2.0480611055972986e-06
14700544,2.020753754550242e-06
14704640,1.9934461761295097e-06
14708736,1.966138825082453e-06
14712832,1.938831246661721e-06
14716928,1.9115236682409886e-06
14721024,1.884216317193932e-06
14725120,1.8569087387731997e-06
14729216,1.8296012740393053e-06
14733312,1.8022938093054108e-06
14737408,1.7749863445715164e-06
14741504,1.747678879837622e-06
14745600,1.7203714151037275e-06
14749696,1.693063950369833e-06
14753792,1.6657563719491009e-06
14757888,1.6384489072152064e-06
14761984,1.611141442481312e-06
14766080,1.5838339777474175e-06
14770176,1.556526513013523e-06
14774272,1.5292190482796286e-06
14778368,1.5019114698588965e-06
14782464,1.474604005125002e-06
14786560,1.4472965403911076e-06
14790656,1.4199890756572131e-06
14794752,1.3926816109233187e-06
14798848,1.3653741461894242e-06
14802944,1.3380666814555298e-06
14807040,1.3107591030347976e-06
14811136,1.2834516383009031e-06
14815232,1.2561441735670087e-06
14819328,1.2288367088331142e-06
14823424,1.2015292440992198e-06
14827520,1.1742217793653253e-06
14831616,1.1469142009445932e-06
14835712,1.1196067362106987e-06
14839808,1.0922992714768043e-06
14843904,1.0649918067429098e-06
14848000,1.0376843420090154e-06
14852096,1.010376877275121e-06
14856192,9.830694125412265e-07
14860288,9.557618341204943e-07
14864384,9.284543693865999e-07
14868480,9.011469046527054e-07
14872576,8.73839439918811e-07
14876672,8.465319751849165e-07
14880768,8.192244536076032e-07
14884864,7.919169888737088e-07
14888960,7.646095241398143e-07
14893056,7.37302002562501e-07
14897152,7.099945378286066e-07
14901248,6.826870730947121e-07
14905344,6.553795515173988e-07
14909440,6.280720867835043e-07
14913536,6.007646220496099e-07
14917632,5.734571004722966e-07
14921728,5.461496357384021e-07
14925824,5.188421710045077e-07
14929920,4.915347062706132e-07
14934016,4.6422718469329993e-07
14938112,4.369197199594055e-07
14942208,4.096122268038016e-07
14946304,3.8230476206990716e-07
14950400,3.549972689143033e-07
14954496,3.276897757586994e-07
14958592,3.0038231102480495e-07
14962688,2.7307481786920107e-07
14966784,2.457673531353066e-07
14970880,2.1845985997970274e-07
14974976,1.9115238103495358e-07
14979072,1.638448878793497e-07
14983168,1.3653740893460053e-07
14987264,1.0922992998985137e-07
14991360,8.192244393967485e-08
14995456,5.4614964994925685e-08
14999552,2.7307482497462843e-08
