step,value
944,520.0
1904,1000.0
1904,1000.0
1904,1000.0
1904,1000.0
1904,1000.0
1904,1000.0
1904,1000.0
2856,1000.0
3816,1000.0
3816,1000.0
3816,1000.0
3816,1000.0
3816,1000.0
3816,1000.0
3816,1000.0
4768,1000.0
5728,1000.0
5728,1000.0
5728,1000.0
5728,1000.0
5728,1000.0
5728,1000.0
5728,1000.0
6680,1000.0
7640,1000.0
7640,1000.0
7640,1000.0
7640,1000.0
7640,1000.0
7640,1000.0
7640,1000.0
8592,1000.0
9552,1000.0
9552,1000.0
9552,1000.0
9552,1000.0
9552,1000.0
9552,1000.0
9552,1000.0
10504,1000.0
11464,1000.0
11464,1000.0
11464,1000.0
11464,1000.0
11464,1000.0
11464,1000.0
11464,1000.0
12416,1000.0
13376,1000.0
13376,1000.0
13376,1000.0
13376,1000.0
13376,1000.0
13376,1000.0
13376,1000.0
14328,1000.0
15288,1000.0
15288,1000.0
15288,1000.0
15288,1000.0
15288,1000.0
15288,1000.0
15288,1000.0
16240,1000.0
17200,1000.0
17200,1000.0
17200,1000.0
17200,1000.0
17200,1000.0
17200,1000.0
18152,1000.0
18752,1000.0
19112,1000.0
19112,1000.0
19112,1000.0
19112,1000.0
19112,1000.0
19112,1000.0
20064,1000.0
20664,1000.0
20928,477.0
21024,1000.0
21024,1000.0
21024,1000.0
21024,1000.0
21024,1000.0
21024,1000.0
22576,1000.0
22840,1000.0
22936,1000.0
22936,1000.0
22936,1000.0
22936,1000.0
22936,1000.0
22936,1000.0
24488,1000.0
24752,1000.0
24848,1000.0
24848,1000.0
24848,1000.0
24848,1000.0
24848,1000.0
24848,1000.0
26280,808.0
26400,1000.0
26760,1000.0
26760,1000.0
26760,1000.0
26760,1000.0
26760,1000.0
26760,1000.0
27048,427.0
28312,1000.0
28672,1000.0
28672,1000.0
28672,1000.0
28672,1000.0
28672,1000.0
28672,1000.0
28960,1000.0
29712,565.0
30224,1000.0
30584,1000.0
30584,1000.0
30584,1000.0
30584,1000.0
30584,1000.0
30872,1000.0
31624,1000.0
31704,603.0
32112,810.0
32136,1000.0
32496,1000.0
32496,1000.0
32496,1000.0
32784,1000.0
33536,1000.0
33616,1000.0
34024,1000.0
34048,1000.0
34408,1000.0
34408,1000.0
34408,1000.0
34696,1000.0
35448,1000.0
35528,1000.0
35936,1000.0
35960,1000.0
36320,1000.0
36320,1000.0
36320,1000.0
36608,1000.0
37360,1000.0
37440,1000.0
37848,1000.0
37872,1000.0
38232,1000.0
38232,1000.0
38232,1000.0
38520,1000.0
39272,1000.0
39352,1000.0
39480,669.0
39760,1000.0
39784,1000.0
40144,1000.0
40144,1000.0
40432,1000.0
41184,1000.0
41264,1000.0
41392,1000.0
41672,1000.0
41696,1000.0
42056,1000.0
42344,1000.0
43096,1000.0
43176,1000.0
43304,1000.0
43584,1000.0
43608,1000.0
43752,1000.0
43968,1000.0
44256,1000.0
45008,1000.0
45088,1000.0
45216,1000.0
45496,1000.0
45520,1000.0
45664,1000.0
45880,1000.0
46168,1000.0
46920,1000.0
47000,1000.0
47128,1000.0
47408,1000.0
47432,1000.0
47576,1000.0
47792,1000.0
48080,1000.0
48832,1000.0
48912,1000.0
49040,1000.0
49320,1000.0
49344,1000.0
49488,1000.0
49704,1000.0
49992,1000.0
50744,1000.0
50824,1000.0
50952,1000.0
51232,1000.0
51256,1000.0
51400,1000.0
51616,1000.0
51904,1000.0
52656,1000.0
52736,1000.0
52864,1000.0
53144,1000.0
53168,1000.0
53312,1000.0
53528,1000.0
53816,1000.0
54568,1000.0
54648,1000.0
54776,1000.0
55056,1000.0
55080,1000.0
55224,1000.0
55440,1000.0
55728,1000.0
56368,700.0
56480,1000.0
56560,1000.0
56688,1000.0
56992,1000.0
57136,1000.0
57192,775.0
57352,1000.0
58280,1000.0
58392,1000.0
58472,1000.0
58600,1000.0
58904,1000.0
59048,1000.0
59104,1000.0
59264,1000.0
60192,1000.0
60304,1000.0
60384,1000.0
60512,1000.0
60816,1000.0
60960,1000.0
61016,1000.0
61176,1000.0
62104,1000.0
62216,1000.0
62296,1000.0
62424,1000.0
62728,1000.0
62872,1000.0
62928,1000.0
63088,1000.0
64016,1000.0
64128,1000.0
64208,1000.0
64336,1000.0
64640,1000.0
64784,1000.0
64840,1000.0
65000,1000.0
65928,1000.0
66040,1000.0
66120,1000.0
66248,1000.0
66552,1000.0
66696,1000.0
66752,1000.0
66912,1000.0
67840,1000.0
67952,1000.0
68032,1000.0
68160,1000.0
68464,1000.0
68608,1000.0
68664,1000.0
68824,1000.0
69752,1000.0
69864,1000.0
69944,1000.0
70072,1000.0
70376,1000.0
70520,1000.0
70576,1000.0
70736,1000.0
71776,1000.0
71856,1000.0
71984,1000.0
72288,1000.0
72432,1000.0
72488,1000.0
72648,1000.0
73048,1000.0
73688,1000.0
73768,1000.0
73896,1000.0
74200,1000.0
74344,1000.0
74400,1000.0
74560,1000.0
74960,1000.0
75216,704.0
75600,1000.0
75680,1000.0
76112,1000.0
76256,1000.0
76312,1000.0
76472,1000.0
76872,1000.0
77128,1000.0
77512,1000.0
77592,1000.0
78024,1000.0
78168,1000.0
78224,1000.0
78384,1000.0
78784,1000.0
79040,1000.0
79424,1000.0
79504,1000.0
79936,1000.0
80080,1000.0
80136,1000.0
80296,1000.0
80696,1000.0
80952,1000.0
81336,1000.0
81416,1000.0
81992,1000.0
82048,1000.0
82208,1000.0
82608,1000.0
82864,1000.0
83248,1000.0
83296,1000.0
83328,1000.0
83904,1000.0
84120,1000.0
84520,1000.0
84776,1000.0
85160,1000.0
85208,1000.0
85240,1000.0
85712,1000.0
85816,1000.0
86032,1000.0
86432,1000.0
86688,1000.0
87072,1000.0
87120,1000.0
87152,1000.0
87624,1000.0
87728,1000.0
87944,1000.0
88344,1000.0
88600,1000.0
88984,1000.0
89032,1000.0
89064,1000.0
89536,1000.0
89640,1000.0
89856,1000.0
90256,1000.0
90512,1000.0
90896,1000.0
90944,1000.0
90976,1000.0
91448,1000.0
91552,1000.0
91768,1000.0
92168,1000.0
92424,1000.0
92808,1000.0
92856,1000.0
92888,1000.0
93360,1000.0
93464,1000.0
93680,1000.0
94080,1000.0
94336,1000.0
94720,1000.0
94768,1000.0
94800,1000.0
95272,1000.0
95376,1000.0
95592,1000.0
95992,1000.0
96248,1000.0
96632,1000.0
96680,1000.0
96712,1000.0
97184,1000.0
97288,1000.0
97504,1000.0
97904,1000.0
98160,1000.0
98544,1000.0
98592,1000.0
98624,1000.0
99096,1000.0
99200,1000.0
99416,1000.0
99816,1000.0
100072,1000.0
100456,1000.0
100504,1000.0
100536,1000.0
101008,1000.0
101112,1000.0
101328,1000.0
101728,1000.0
101984,1000.0
102368,1000.0
102416,1000.0
102448,1000.0
102920,1000.0
103024,1000.0
103240,1000.0
103640,1000.0
103896,1000.0
104280,1000.0
104328,1000.0
104360,1000.0
104832,1000.0
104936,1000.0
105152,1000.0
105552,1000.0
105808,1000.0
106192,1000.0
106240,1000.0
106272,1000.0
106744,1000.0
106848,1000.0
107064,1000.0
107464,1000.0
107720,1000.0
108104,1000.0
108152,1000.0
108184,1000.0
108656,1000.0
108976,1000.0
109376,1000.0
109632,1000.0
109872,1000.0
110016,1000.0
110064,1000.0
110096,1000.0
110568,1000.0
110888,1000.0
111288,1000.0
111784,1000.0
111928,1000.0
111976,1000.0
112008,1000.0
112240,1000.0
112480,1000.0
112800,1000.0
113200,1000.0
113696,1000.0
113704,892.0
113840,1000.0
113888,1000.0
114152,1000.0
114392,1000.0
114712,1000.0
115112,1000.0
115608,1000.0
115616,1000.0
115800,1000.0
116064,1000.0
116304,1000.0
116312,1000.0
116624,1000.0
117024,1000.0
117512,768.0
117520,1000.0
117528,1000.0
117712,1000.0
118216,1000.0
118224,1000.0
118376,474.0
118536,1000.0
118936,1000.0
119424,1000.0
119440,1000.0
119624,1000.0
120128,1000.0
120136,1000.0
120200,433.0
120288,1000.0
120448,1000.0
120848,1000.0
121352,1000.0
121536,1000.0
122040,1000.0
122048,1000.0
122112,1000.0
122200,1000.0
122360,1000.0
122712,631.0
122760,1000.0
123264,1000.0
123952,1000.0
123960,1000.0
124024,1000.0
124112,1000.0
124272,1000.0
124624,1000.0
124672,1000.0
125176,1000.0
125864,1000.0
125872,1000.0
125936,1000.0
126024,1000.0
126184,1000.0
126536,1000.0
126584,1000.0
127088,1000.0
127776,1000.0
127784,1000.0
127848,1000.0
127936,1000.0
128096,1000.0
128344,671.0
128496,1000.0
129176,384.0
129360,838.0
129576,1000.0
129696,1000.0
129760,1000.0
129848,1000.0
130008,1000.0
131000,1000.0
131088,1000.0
131272,1000.0
131488,1000.0
131608,1000.0
131728,407.0
131760,1000.0
131920,1000.0
132344,1000.0
133000,1000.0
133184,1000.0
133400,1000.0
133520,1000.0
133640,1000.0
133672,1000.0
133832,1000.0
134256,1000.0
134912,1000.0
135096,1000.0
135312,1000.0
135432,1000.0
135552,1000.0
135584,1000.0
135744,1000.0
136168,1000.0
136824,1000.0
137008,1000.0
137224,1000.0
137344,1000.0
137464,1000.0
137496,1000.0
137656,1000.0
138080,1000.0
138736,1000.0
138920,1000.0
139136,1000.0
139256,1000.0
139376,1000.0
139408,1000.0
139568,1000.0
139992,1000.0
140648,1000.0
140832,1000.0
141048,1000.0
141168,1000.0
141288,1000.0
141320,1000.0
141480,1000.0
141904,1000.0
142560,1000.0
142744,1000.0
142960,1000.0
143080,1000.0
143200,1000.0
143232,1000.0
143392,1000.0
143816,1000.0
144472,1000.0
144656,1000.0
144992,1000.0
145112,1000.0
145144,1000.0
145504,1000.0
145728,1000.0
146016,1000.0
146384,1000.0
146568,1000.0
146904,1000.0
147024,1000.0
147416,1000.0
147640,1000.0
147688,1000.0
147928,1000.0
148296,1000.0
148480,1000.0
148816,1000.0
148936,1000.0
149328,1000.0
149552,1000.0
149600,1000.0
149840,1000.0
150208,1000.0
150392,1000.0
150728,1000.0
150848,1000.0
151240,1000.0
151464,1000.0
151512,1000.0
151752,1000.0
152120,1000.0
152304,1000.0
152640,1000.0
152760,1000.0
153152,1000.0
153376,1000.0
153424,1000.0
153664,1000.0
154032,1000.0
154216,1000.0
154552,1000.0
154672,1000.0
155064,1000.0
155288,1000.0
155336,1000.0
155576,1000.0
155944,1000.0
156112,455.0
156128,1000.0
156464,1000.0
156584,1000.0
156976,1000.0
157248,1000.0
158024,1000.0
158040,1000.0
158376,1000.0
158496,1000.0
158888,1000.0
159160,1000.0
159200,1000.0
159344,1000.0
160288,1000.0
160408,1000.0
161072,1000.0
161088,1000.0
161112,1000.0
161256,1000.0
161904,1000.0
162040,1000.0
162200,1000.0
162320,1000.0
162984,1000.0
163000,1000.0
163024,1000.0
163168,1000.0
163816,1000.0
163952,1000.0
164112,1000.0
164232,1000.0
164896,1000.0
164912,1000.0
164936,1000.0
165080,1000.0
165728,1000.0
165864,1000.0
166024,1000.0
166144,1000.0
166808,1000.0
166824,1000.0
166848,1000.0
166992,1000.0
167640,1000.0
167776,1000.0
167936,1000.0
168056,1000.0
168720,1000.0
168736,1000.0
168760,1000.0
168904,1000.0
169552,1000.0
169688,1000.0
169848,1000.0
169968,1000.0
170648,1000.0
170672,1000.0
170816,1000.0
171136,769.0
171464,1000.0
171608,1000.0
171760,1000.0
171880,1000.0
172560,1000.0
172584,1000.0
172728,1000.0
173048,1000.0
173376,1000.0
173520,1000.0
173672,1000.0
174472,1000.0
174496,1000.0
174640,1000.0
174872,1000.0
174960,1000.0
175288,1000.0
175432,1000.0
175584,1000.0
176384,1000.0
176408,1000.0
176552,1000.0
176784,1000.0
177200,1000.0
177344,1000.0
177496,1000.0
178296,1000.0
178408,685.0
178416,1000.0
178536,669.0
178696,1000.0
179112,1000.0
179256,1000.0
179408,1000.0
180208,1000.0
180320,1000.0
180328,1000.0
180448,1000.0
180608,1000.0
181024,1000.0
181168,1000.0
181320,1000.0
182120,1000.0
182232,1000.0
182240,1000.0
182360,1000.0
182520,1000.0
182936,1000.0
183080,1000.0
183232,1000.0
184032,1000.0
184144,1000.0
184152,1000.0
184272,1000.0
184432,1000.0
184992,1000.0
185144,1000.0
185928,1000.0
185944,1000.0
186056,1000.0
186064,1000.0
186184,1000.0
186344,1000.0
186776,460.0
186904,1000.0
187056,1000.0
187088,418.0
187840,1000.0
187968,1000.0
187976,1000.0
188096,1000.0
188688,1000.0
188816,1000.0
188968,1000.0
189000,1000.0
189752,1000.0
189880,1000.0
190008,1000.0
190600,1000.0
190632,1000.0
190728,1000.0
190880,1000.0
190912,1000.0
191792,1000.0
191920,1000.0
192512,1000.0
192616,1000.0
192640,1000.0
192792,1000.0
192824,1000.0
193704,1000.0
194264,473.0
194384,1000.0
194424,1000.0
194528,1000.0
194704,1000.0
194736,1000.0
195136,1000.0
195616,1000.0
196176,1000.0
196336,1000.0
196440,1000.0
196648,1000.0
196976,1000.0
197048,1000.0
197528,1000.0
198088,1000.0
198248,1000.0
198352,1000.0
198368,1000.0
198560,1000.0
198888,1000.0
198960,1000.0
199440,1000.0
200000,1000.0
200160,1000.0
200264,1000.0
200280,1000.0
200472,1000.0
200800,1000.0
200872,1000.0
201352,1000.0
201912,1000.0
202072,1000.0
202176,1000.0
202192,1000.0
202384,1000.0
202712,1000.0
202784,1000.0
203264,1000.0
203824,1000.0
203984,1000.0
204088,1000.0
204104,1000.0
204296,1000.0
204696,1000.0
205176,1000.0
205320,1000.0
205736,1000.0
205896,1000.0
206000,1000.0
206016,1000.0
206208,1000.0
206608,1000.0
207088,1000.0
207232,1000.0
207568,828.0
207648,1000.0
207808,1000.0
207928,1000.0
208120,1000.0
208520,1000.0
209000,1000.0
209144,1000.0
209480,1000.0
209560,1000.0
209720,1000.0
209840,1000.0
210032,1000.0
210432,1000.0
210912,1000.0
211056,1000.0
211392,1000.0
211472,1000.0
211632,1000.0
211752,1000.0
211888,771.0
211944,1000.0
212824,1000.0
212968,1000.0
213304,1000.0
213384,1000.0
213544,1000.0
213664,1000.0
213800,1000.0
213856,1000.0
214736,1000.0
214880,1000.0
215216,1000.0
215296,1000.0
215456,1000.0
215576,1000.0
215712,1000.0
215768,1000.0
216648,1000.0
216792,1000.0
217128,1000.0
217208,1000.0
217368,1000.0
217488,1000.0
217680,1000.0
218560,1000.0
218704,1000.0
219040,1000.0
219120,1000.0
219280,1000.0
219280,1000.0
219384,895.0
219400,1000.0
220472,1000.0
220616,1000.0
220952,1000.0
221032,1000.0
221192,1000.0
221192,1000.0
221296,1000.0
221312,1000.0
222384,1000.0
222528,1000.0
222864,1000.0
222944,1000.0
223104,1000.0
223104,1000.0
223208,1000.0
223224,1000.0
224296,1000.0
224440,1000.0
224776,1000.0
224856,1000.0
225016,1000.0
225016,1000.0
225120,1000.0
225136,1000.0
226208,1000.0
226352,1000.0
226688,1000.0
226768,1000.0
226928,1000.0
226928,1000.0
227032,1000.0
227048,1000.0
227624,474.0
228264,1000.0
228448,455.0
228600,1000.0
228680,1000.0
228840,1000.0
228840,1000.0
228944,1000.0
228960,1000.0
230176,1000.0
230360,1000.0
230512,1000.0
230592,1000.0
230752,1000.0
230856,1000.0
230872,1000.0
231400,1000.0
232088,1000.0
232272,1000.0
232424,1000.0
232504,1000.0
232664,1000.0
232784,1000.0
233312,1000.0
233672,1000.0
234000,1000.0
234184,1000.0
234336,1000.0
234416,1000.0
234464,886.0
234576,1000.0
235224,1000.0
235584,1000.0
235912,1000.0
236096,1000.0
236248,1000.0
236328,1000.0
236376,1000.0
236488,1000.0
237136,1000.0
237496,1000.0
237824,1000.0
238008,1000.0
238160,1000.0
238240,1000.0
238288,1000.0
238400,1000.0
239048,1000.0
239408,1000.0
239920,1000.0
240072,1000.0
240152,1000.0
240200,1000.0
240312,1000.0
240456,1000.0
240960,1000.0
241320,1000.0
241832,1000.0
241984,1000.0
242064,1000.0
242112,1000.0
242224,1000.0
242368,1000.0
242872,1000.0
243232,1000.0
243744,1000.0
243896,1000.0
243976,1000.0
244024,1000.0
244280,1000.0
244784,1000.0
245144,1000.0
245376,1000.0
245656,1000.0
245808,1000.0
245888,1000.0
245936,1000.0
246192,1000.0
246696,1000.0
247056,1000.0
247288,1000.0
247568,1000.0
247720,1000.0
247800,1000.0
247848,1000.0
248104,1000.0
248592,440.0
248608,1000.0
248968,1000.0
249200,1000.0
249480,1000.0
249632,1000.0
249760,1000.0
250016,1000.0
250504,1000.0
250520,1000.0
250880,1000.0
251112,1000.0
251392,1000.0
251544,1000.0
251672,1000.0
251928,1000.0
252416,1000.0
252432,1000.0
253024,1000.0
253304,1000.0
253456,1000.0
253584,1000.0
253840,1000.0
254328,1000.0
254344,1000.0
254936,1000.0
255216,1000.0
255272,1000.0
255368,1000.0
255496,1000.0
255752,1000.0
256240,1000.0
256256,1000.0
256848,1000.0
257128,1000.0
257184,1000.0
257280,1000.0
257664,1000.0
258096,1000.0
258152,1000.0
258168,1000.0
258760,1000.0
259040,1000.0
259096,1000.0
259192,1000.0
259576,1000.0
260008,1000.0
260064,1000.0
260080,1000.0
260672,1000.0
261008,1000.0
261104,1000.0
261920,1000.0
261976,1000.0
261992,1000.0
262064,1000.0
262584,1000.0
262720,1000.0
262920,1000.0
263016,1000.0
263088,601.0
263528,448.0
263832,1000.0
263904,1000.0
263976,1000.0
264496,1000.0
264832,1000.0
264928,1000.0
265000,1000.0
265440,1000.0
265744,1000.0
265816,1000.0
265888,1000.0
265952,605.0
266168,630.0
266408,1000.0
266840,1000.0
267264,731.0
267352,1000.0
267656,1000.0
267728,1000.0
267864,1000.0
268080,1000.0
268752,1000.0
269176,1000.0
269184,1000.0
269264,1000.0
269568,1000.0
269640,1000.0
269776,1000.0
269992,1000.0
270664,1000.0
271088,1000.0
271096,1000.0
271176,1000.0
271480,1000.0
271552,1000.0
271688,1000.0
271904,1000.0
272016,505.0
272576,1000.0
273000,1000.0
273088,1000.0
273392,1000.0
273464,1000.0
273600,1000.0
273816,1000.0
273928,1000.0
274192,596.0
274488,1000.0
274912,1000.0
275304,1000.0
275376,1000.0
275512,1000.0
275728,1000.0
275840,1000.0
276104,1000.0
276400,1000.0
276824,1000.0
277216,1000.0
277288,1000.0
277424,1000.0
277640,1000.0
277752,1000.0
278016,1000.0
278312,1000.0
278736,1000.0
279128,1000.0
279336,1000.0
279552,1000.0
279552,451.0
279664,1000.0
279928,1000.0
280192,1000.0
280784,1000.0
281040,1000.0
281248,1000.0
281464,1000.0
281464,1000.0
281576,1000.0
281840,1000.0
282104,1000.0
282696,1000.0
282952,1000.0
283160,1000.0
283376,1000.0
283376,1000.0
283488,1000.0
283752,1000.0
284016,1000.0
284608,1000.0
284864,1000.0
285072,1000.0
285288,1000.0
285288,1000.0
285400,1000.0
285664,1000.0
285928,1000.0
286288,885.0
286496,648.0
286776,1000.0
286984,1000.0
287200,1000.0
287312,1000.0
287576,1000.0
287840,1000.0
288200,1000.0
288408,1000.0
288688,1000.0
289112,1000.0
289224,1000.0
289488,1000.0
289752,1000.0
290112,1000.0
290320,1000.0
290384,1000.0
290600,1000.0
291024,1000.0
291136,1000.0
291400,1000.0
291664,1000.0
292024,1000.0
292232,1000.0
292296,1000.0
292512,1000.0
292936,1000.0
293048,1000.0
293312,1000.0
293576,1000.0
293832,950.0
294144,1000.0
294208,1000.0
294424,1000.0
294848,1000.0
294960,1000.0
295224,1000.0
295488,1000.0
296056,1000.0
296120,1000.0
296336,1000.0
296472,1000.0
296760,1000.0
296872,1000.0
297136,1000.0
297968,1000.0
298032,1000.0
298248,1000.0
298672,1000.0
298784,1000.0
298824,1000.0
299048,1000.0
299880,1000.0
299920,1000.0
299944,1000.0
300160,1000.0
300584,1000.0
300696,1000.0
300736,1000.0
300960,1000.0
301792,1000.0
301832,1000.0
301856,1000.0
302072,1000.0
302496,1000.0
302648,1000.0
302872,1000.0
303704,1000.0
303744,1000.0
303768,1000.0
304176,1000.0
304408,1000.0
304560,1000.0
304784,1000.0
305552,731.0
305616,1000.0
305656,1000.0
305680,1000.0
305856,1000.0
306320,1000.0
306472,1000.0
306696,1000.0
307464,1000.0
307568,1000.0
307592,1000.0
307688,729.0
307768,1000.0
308384,1000.0
308608,1000.0
309056,1000.0
309376,1000.0
309480,1000.0
309504,1000.0
309600,1000.0
309680,1000.0
310296,1000.0
310520,1000.0
310968,1000.0
311288,1000.0
311392,1000.0
311416,1000.0
311512,1000.0
311592,1000.0
312208,1000.0
312392,545.0
312432,1000.0
313200,1000.0
313328,1000.0
313424,1000.0
313504,1000.0
314120,1000.0
314304,1000.0
314344,1000.0
314416,1000.0
315112,1000.0
315240,1000.0
315336,1000.0
315416,1000.0
316032,1000.0
316216,1000.0
316256,1000.0
316328,1000.0
317024,1000.0
317152,1000.0
317248,1000.0
317944,1000.0
318128,1000.0
318168,1000.0
318240,1000.0
318712,776.0
318936,1000.0
319064,1000.0
319192,1000.0
319856,1000.0
319912,470.0
320040,1000.0
320080,1000.0
320152,1000.0
320624,1000.0
320848,1000.0
321104,1000.0
321768,1000.0
321824,1000.0
321952,1000.0
321992,1000.0
322536,1000.0
322760,1000.0
323016,1000.0
323544,1000.0
323680,1000.0
323736,1000.0
323904,1000.0
324152,614.0
324448,1000.0
324672,1000.0
325456,1000.0
325592,1000.0
325648,1000.0
325816,1000.0
326064,1000.0
326208,1000.0
326360,1000.0
326584,1000.0
327368,1000.0
327504,1000.0
327560,1000.0
327728,1000.0
327976,1000.0
328120,1000.0
328272,1000.0
328496,1000.0
329280,1000.0
329416,1000.0
329472,1000.0
329640,1000.0
329888,1000.0
330032,1000.0
330184,1000.0
330408,1000.0
331192,1000.0
331328,1000.0
331552,1000.0
331800,1000.0
331944,1000.0
332096,1000.0
332320,1000.0
332344,1000.0
333104,1000.0
333240,1000.0
333464,1000.0
333712,1000.0
333856,1000.0
334008,1000.0
334256,1000.0
335016,1000.0
335072,1000.0
335152,1000.0
335376,1000.0
335624,1000.0
335768,1000.0
335920,1000.0
336168,1000.0
336928,1000.0
336984,1000.0
337064,1000.0
337288,1000.0
337536,1000.0
337680,1000.0
337832,1000.0
338080,1000.0
338840,1000.0
338896,1000.0
338976,1000.0
339200,1000.0
339448,1000.0
339592,1000.0
339744,1000.0
339992,1000.0
340752,1000.0
340808,1000.0
340888,1000.0
341112,1000.0
341360,1000.0
341504,1000.0
341656,1000.0
341904,1000.0
342664,1000.0
342720,1000.0
342800,1000.0
343024,1000.0
343416,1000.0
343568,1000.0
343816,1000.0
344320,1000.0
344576,1000.0
344632,1000.0
344936,1000.0
345480,1000.0
345728,1000.0
346232,1000.0
346256,1000.0
346256,1000.0
346488,1000.0
346544,1000.0
346848,1000.0
347640,1000.0
348144,1000.0
348144,1000.0
348168,1000.0
348168,1000.0
348400,1000.0
348456,1000.0
348760,1000.0
349552,1000.0
350056,1000.0
350056,1000.0
350080,1000.0
350080,1000.0
350312,1000.0
350368,1000.0
350624,581.0
350672,1000.0
351608,536.0
351968,1000.0
351968,1000.0
351992,1000.0
351992,1000.0
352224,1000.0
352280,1000.0
352584,1000.0
353520,1000.0
353880,1000.0
353880,1000.0
353904,1000.0
353904,1000.0
354136,1000.0
354192,1000.0
354496,1000.0
355432,1000.0
355792,1000.0
355792,1000.0
355816,1000.0
355816,1000.0
356048,1000.0
356104,1000.0
356408,1000.0
357344,1000.0
357704,1000.0
357704,1000.0
357728,1000.0
357728,1000.0
357960,1000.0
358016,1000.0
358320,1000.0
359256,1000.0
359616,1000.0
359616,1000.0
359640,1000.0
359640,1000.0
359872,1000.0
359928,1000.0
360232,1000.0
361168,1000.0
361528,1000.0
361528,1000.0
361552,1000.0
361552,1000.0
361784,1000.0
361840,1000.0
362144,1000.0
363080,1000.0
363440,1000.0
363440,1000.0
363464,1000.0
363464,1000.0
363696,1000.0
363752,1000.0
364056,1000.0
364992,1000.0
365352,1000.0
365352,1000.0
365376,1000.0
365376,1000.0
365608,1000.0
365664,1000.0
365968,1000.0
366904,1000.0
367264,1000.0
367264,1000.0
367288,1000.0
367288,1000.0
367520,1000.0
367576,1000.0
367880,1000.0
368360,594.0
368816,1000.0
369176,1000.0
369200,1000.0
369200,1000.0
369432,1000.0
369488,1000.0
369792,1000.0
370272,1000.0
370728,1000.0
371088,1000.0
371112,1000.0
371112,1000.0
371344,1000.0
371400,1000.0
371704,1000.0
372184,1000.0
372640,1000.0
373000,1000.0
373024,1000.0
373024,1000.0
373256,1000.0
373312,1000.0
373616,1000.0
374096,1000.0
374552,1000.0
374912,1000.0
374936,1000.0
374936,1000.0
375168,1000.0
375224,1000.0
375528,1000.0
376008,1000.0
376120,647.0
376464,1000.0
376848,1000.0
376848,1000.0
377080,1000.0
377136,1000.0
377440,1000.0
377920,1000.0
378376,1000.0
378760,1000.0
378760,1000.0
378992,1000.0
379048,1000.0
379104,1000.0
379352,1000.0
379832,1000.0
380288,1000.0
380672,1000.0
380672,1000.0
380904,1000.0
380960,1000.0
381016,1000.0
381264,1000.0
381744,1000.0
382200,1000.0
382584,1000.0
382584,1000.0
382816,1000.0
382872,1000.0
382928,1000.0
383176,1000.0
383656,1000.0
384112,1000.0
384496,1000.0
384784,1000.0
384840,1000.0
385088,1000.0
385120,1000.0
385408,1000.0
385568,1000.0
386024,1000.0
386408,1000.0
386696,1000.0
386752,1000.0
387000,1000.0
387032,1000.0
387320,1000.0
387480,1000.0
387848,621.0
387936,1000.0
388320,1000.0
388664,1000.0
388912,1000.0
388944,1000.0
389216,728.0
389232,1000.0
389392,1000.0
390232,1000.0
390576,1000.0
390824,1000.0
390856,1000.0
391056,1000.0
391128,1000.0
391144,1000.0
391304,1000.0
392144,1000.0
392488,1000.0
392736,1000.0
392768,1000.0
392968,1000.0
393040,1000.0
393056,1000.0
393216,1000.0
394056,1000.0
394400,1000.0
394648,1000.0
394680,1000.0
394880,1000.0
394952,1000.0
394968,1000.0
395128,1000.0
395968,1000.0
396312,1000.0
396560,1000.0
396592,1000.0
396736,430.0
396792,1000.0
396864,1000.0
396880,1000.0
397040,1000.0
398224,1000.0
398472,1000.0
398504,1000.0
398648,1000.0
398704,1000.0
398776,1000.0
398792,1000.0
398952,1000.0
399808,473.0
400136,1000.0
400384,1000.0
400416,1000.0
400560,1000.0
400616,1000.0
400688,1000.0
400704,1000.0
401720,1000.0
402048,1000.0
402328,1000.0
402472,1000.0
402528,1000.0
402600,1000.0
402616,1000.0
403208,1000.0
403632,1000.0
403960,1000.0
404240,1000.0
404384,1000.0
404440,1000.0
404512,1000.0
404528,1000.0
405120,1000.0
405544,1000.0
405872,1000.0
406152,1000.0
406296,1000.0
406352,1000.0
406424,1000.0
406440,1000.0
407032,1000.0
407456,1000.0
407784,1000.0
408064,1000.0
408264,1000.0
408336,1000.0
408352,1000.0
408944,1000.0
409232,1000.0
409368,1000.0
409696,1000.0
409976,1000.0
410176,1000.0
410248,1000.0
410264,1000.0
410856,1000.0
411144,1000.0
411280,1000.0
411608,1000.0
411888,1000.0
412088,1000.0
412160,1000.0
412176,1000.0
412768,1000.0
413008,745.0
413024,612.0
413056,1000.0
413192,1000.0
414000,1000.0
414072,1000.0
414088,1000.0
414680,1000.0
414920,1000.0
414936,1000.0
414968,1000.0
415912,1000.0
415984,1000.0
416000,1000.0
416064,1000.0
416592,1000.0
416832,1000.0
416848,1000.0
416880,1000.0
417784,520.0
417824,1000.0
417896,1000.0
417912,1000.0
417976,1000.0
418504,1000.0
418760,1000.0
418792,1000.0
419696,1000.0
419736,1000.0
419808,1000.0
419824,1000.0
419888,1000.0
420416,1000.0
420704,1000.0
421608,1000.0
421624,1000.0
421648,1000.0
421720,1000.0
421736,1000.0
421800,1000.0
422328,1000.0
422616,1000.0
423440,455.0
423488,983.0
423536,1000.0
423560,1000.0
423632,1000.0
423648,1000.0
423712,1000.0
424240,1000.0
425352,1000.0
425400,1000.0
425448,1000.0
425472,1000.0
425544,1000.0
425560,1000.0
425624,1000.0
426152,1000.0
427264,1000.0
427312,1000.0
427360,1000.0
427384,1000.0
427456,1000.0
427472,1000.0
427536,1000.0
428064,1000.0
428240,427.0
429176,1000.0
429224,1000.0
429272,1000.0
429296,1000.0
429368,1000.0
429448,1000.0
429976,1000.0
430152,1000.0
431088,1000.0
431136,1000.0
431184,1000.0
431208,1000.0
431280,1000.0
431360,1000.0
431888,1000.0
433000,1000.0
433048,1000.0
433088,1000.0
433096,1000.0
433120,1000.0
433192,1000.0
433272,1000.0
433800,1000.0
434056,528.0
434960,1000.0
435008,1000.0
435032,1000.0
435104,1000.0
435184,1000.0
435712,1000.0
435936,986.0
436856,1000.0
436872,1000.0
436920,1000.0
436944,1000.0
437096,1000.0
437624,1000.0
437848,1000.0
438456,1000.0
438768,1000.0
438832,1000.0
438856,1000.0
439536,1000.0
439760,1000.0
439984,1000.0
440312,1000.0
440368,1000.0
440680,1000.0
440744,1000.0
440768,1000.0
441448,1000.0
441672,1000.0
441896,1000.0
441896,807.0
442224,1000.0
442592,1000.0
442656,1000.0
442680,1000.0
443360,1000.0
443584,1000.0
443808,1000.0
444136,1000.0
444504,1000.0
444568,1000.0
444592,1000.0
445272,1000.0
445496,1000.0
445544,1000.0
445720,1000.0
446048,1000.0
446416,1000.0
446480,1000.0
446504,1000.0
447184,1000.0
447408,1000.0
447456,1000.0
447632,1000.0
447664,637.0
447960,1000.0
448328,1000.0
449096,1000.0
449320,1000.0
449368,1000.0
449368,1000.0
449544,1000.0
449576,1000.0
449872,1000.0
450240,1000.0
451008,1000.0
451232,1000.0
451280,1000.0
451280,1000.0
451456,1000.0
451488,1000.0
451784,1000.0
452152,1000.0
452920,1000.0
453144,1000.0
453192,1000.0
453192,1000.0
453368,1000.0
453400,1000.0
453696,1000.0
454064,1000.0
454832,1000.0
455056,1000.0
455104,1000.0
455280,1000.0
455312,1000.0
455608,1000.0
455976,1000.0
456744,1000.0
456768,976.0
457016,1000.0
457192,1000.0
457224,1000.0
457520,1000.0
457936,1000.0
458656,1000.0
458680,1000.0
458680,1000.0
458928,1000.0
459104,1000.0
459432,1000.0
459848,1000.0
460568,1000.0
460592,1000.0
460592,1000.0
460736,1000.0
460840,1000.0
461016,1000.0
461344,1000.0
461760,1000.0
462480,1000.0
462504,1000.0
462504,1000.0
462648,1000.0
462752,1000.0
462928,1000.0
463256,1000.0
463672,1000.0
464392,1000.0
464416,1000.0
464416,1000.0
464560,1000.0
464664,1000.0
464840,1000.0
465168,1000.0
465584,1000.0
466056,864.0
466304,1000.0
466328,1000.0
466472,1000.0
466576,1000.0
466752,1000.0
467080,1000.0
467496,1000.0
467968,1000.0
468216,1000.0
468240,1000.0
468384,1000.0
468664,1000.0
468992,1000.0
469408,1000.0
469880,1000.0
470040,1000.0
470128,1000.0
470152,1000.0
470296,1000.0
470904,1000.0
471840,1000.0
471952,1000.0
472040,1000.0
472064,1000.0
472208,1000.0
472472,1000.0
472688,1000.0
472816,1000.0
473640,456.0
473752,1000.0
473864,1000.0
473952,1000.0
473976,1000.0
474120,1000.0
474384,1000.0
474600,1000.0
475552,1000.0
475664,1000.0
475776,1000.0
475864,1000.0
475888,1000.0
476032,1000.0
476296,1000.0
477408,732.0
477464,1000.0
477528,1000.0
477576,1000.0
477688,1000.0
477776,1000.0
477800,1000.0
479376,1000.0
479440,1000.0
479552,978.0
479688,1000.0
479712,1000.0
479776,1000.0
480104,452.0
480440,1000.0
481288,1000.0
481352,1000.0
481464,1000.0
481600,1000.0
481624,1000.0
481688,1000.0
482016,1000.0
482352,1000.0
483200,1000.0
483264,1000.0
483376,1000.0
483536,1000.0
483600,1000.0
483928,1000.0
484072,1000.0
484264,1000.0
485112,1000.0
485176,1000.0
485288,1000.0
485448,1000.0
485840,1000.0
485984,1000.0
486176,1000.0
487024,1000.0
487088,1000.0
487096,1000.0
487200,1000.0
487360,1000.0
487896,1000.0
488088,1000.0
488936,1000.0
489000,1000.0
489008,1000.0
489112,1000.0
489272,1000.0
489480,1000.0
489808,1000.0
490000,1000.0
490848,1000.0
490912,1000.0
490920,1000.0
491024,1000.0
491184,1000.0
491392,1000.0
491720,1000.0
491912,1000.0
492760,1000.0
492824,1000.0
492832,1000.0
492936,1000.0
493096,1000.0
493304,1000.0
493568,874.0
493632,1000.0
494672,1000.0
494736,1000.0
494744,1000.0
494848,1000.0
495008,1000.0
495480,1000.0
495544,1000.0
496584,1000.0
496648,1000.0
496656,1000.0
496760,1000.0
496920,1000.0
497392,1000.0
497456,1000.0
497568,1000.0
498496,1000.0
498560,1000.0
498568,1000.0
498672,1000.0
498832,1000.0
499304,1000.0
499368,1000.0
500408,1000.0
500472,1000.0
500480,1000.0
500584,1000.0
500744,1000.0
501280,1000.0
501776,1000.0
501904,1000.0
502384,1000.0
502392,1000.0
502496,1000.0
502656,1000.0
503192,1000.0
503688,1000.0
503792,1000.0
503816,1000.0
504296,1000.0
504304,1000.0
504408,1000.0
504568,1000.0
505104,1000.0
505600,1000.0
505728,1000.0
506208,1000.0
506216,1000.0
506320,1000.0
506480,1000.0
507016,1000.0
507056,1000.0
507512,1000.0
507640,1000.0
508128,1000.0
508232,1000.0
508392,1000.0
508928,1000.0
508968,1000.0
509424,1000.0
509552,1000.0
509760,1000.0
510040,1000.0
510304,1000.0
510664,894.0
510792,1000.0
510840,1000.0
511336,1000.0
511464,1000.0
511672,1000.0
511952,1000.0
512216,1000.0
512552,652.0
512704,1000.0
512752,1000.0
513168,1000.0
513376,1000.0
513584,1000.0
513864,1000.0
514128,1000.0
514464,1000.0
514664,1000.0
515080,1000.0
515256,1000.0
515288,1000.0
515496,1000.0
515776,1000.0
516040,1000.0
516376,1000.0
516576,1000.0
516992,1000.0
517168,1000.0
517200,1000.0
517408,1000.0
517688,1000.0
517952,1000.0
518288,1000.0
518488,1000.0
518904,1000.0
519080,1000.0
519112,1000.0
519320,1000.0
519600,1000.0
519864,1000.0
520200,1000.0
520384,695.0
520400,1000.0
520816,1000.0
521232,1000.0
521512,1000.0
521736,713.0
521776,1000.0
522112,1000.0
522296,1000.0
522544,448.0
522640,1000.0
522728,1000.0
523144,1000.0
523424,1000.0
523688,1000.0
524024,1000.0
524208,1000.0
524456,1000.0
524552,1000.0
524640,1000.0
525056,1000.0
525336,1000.0
525600,1000.0
525936,1000.0
526120,1000.0
526368,1000.0
526464,1000.0
526552,1000.0
526968,1000.0
527248,1000.0
527512,1000.0
527848,1000.0
528032,1000.0
528280,1000.0
528376,1000.0
528464,1000.0
528880,1000.0
529160,1000.0
529424,1000.0
529760,1000.0
529944,1000.0
530192,1000.0
530288,1000.0
530792,1000.0
531072,1000.0
531336,1000.0
531672,1000.0
531856,1000.0
532104,1000.0
532120,1000.0
532184,600.0
532200,1000.0
533248,1000.0
533584,1000.0
533768,1000.0
534016,1000.0
534032,1000.0
534040,1000.0
534112,1000.0
534912,1000.0
535160,1000.0
535496,1000.0
535680,1000.0
535928,1000.0
535944,1000.0
535952,1000.0
536024,1000.0
536824,1000.0
537072,1000.0
537408,1000.0
537592,1000.0
537856,1000.0
537864,1000.0
537936,1000.0
538736,1000.0
538896,1000.0
538984,1000.0
539008,619.0
539320,1000.0
539504,1000.0
539776,1000.0
539848,1000.0
540808,1000.0
540896,1000.0
540920,1000.0
541016,665.0
541760,1000.0
542096,1000.0
542304,1000.0
542720,1000.0
542808,1000.0
542832,1000.0
542928,1000.0
543672,1000.0
543920,1000.0
544008,1000.0
544216,1000.0
544632,1000.0
544720,1000.0
544744,1000.0
544840,1000.0
544880,480.0
545016,594.0
545584,1000.0
546128,1000.0
546544,1000.0
546632,1000.0
546656,1000.0
546752,1000.0
546792,1000.0
546928,1000.0
547496,1000.0
548040,1000.0
548456,1000.0
548544,1000.0
548568,1000.0
548664,1000.0
548704,1000.0
548840,1000.0
549408,1000.0
550368,1000.0
550456,1000.0
550480,1000.0
550576,1000.0
550752,1000.0
550848,1000.0
551320,1000.0
551992,1000.0
552280,1000.0
552304,774.0
552368,1000.0
552488,1000.0
552664,1000.0
553232,1000.0
553800,1000.0
553904,1000.0
554192,1000.0
554216,1000.0
554280,1000.0
554400,1000.0
554576,1000.0
555144,1000.0
555712,1000.0
555816,1000.0
556104,1000.0
556128,1000.0
556192,1000.0
556488,1000.0
557056,1000.0
557624,1000.0
557728,1000.0
557752,1000.0
558016,1000.0
558040,1000.0
558400,1000.0
558968,1000.0
559424,1000.0
559536,1000.0
559640,1000.0
559664,1000.0
559928,1000.0
559952,1000.0
560312,1000.0
560880,1000.0
561336,1000.0
561448,1000.0
561552,1000.0
561576,1000.0
561840,1000.0
561864,1000.0
562224,1000.0
562792,1000.0
563248,1000.0
563360,1000.0
563464,1000.0
563488,1000.0
563752,1000.0
563776,1000.0
564136,1000.0
564704,1000.0
565160,1000.0
565272,1000.0
565376,1000.0
565400,1000.0
565664,1000.0
565688,1000.0
566048,1000.0
566616,1000.0
567072,1000.0
567184,1000.0
567288,1000.0
567312,1000.0
567576,1000.0
567600,1000.0
567960,1000.0
568528,1000.0
568984,1000.0
569016,751.0
569096,1000.0
569224,1000.0
569488,1000.0
569824,1000.0
570440,1000.0
570560,1000.0
570896,1000.0
570928,1000.0
571008,1000.0
571136,1000.0
571400,1000.0
571736,1000.0
572208,870.0
572352,1000.0
572808,1000.0
572840,685.0
572920,1000.0
573048,1000.0
573312,1000.0
573648,1000.0
574120,1000.0
574264,1000.0
574720,1000.0
574832,1000.0
574960,1000.0
575224,1000.0
575560,1000.0
575944,1000.0
576032,1000.0
576176,1000.0
576368,449.0
576632,1000.0
576744,1000.0
576872,1000.0
577136,1000.0
577856,1000.0
577944,1000.0
578088,1000.0
578280,1000.0
578304,627.0
578544,1000.0
578656,1000.0
578744,487.0
578784,1000.0
579672,910.0
580000,1000.0
580192,1000.0
580456,1000.0
580568,1000.0
580656,1000.0
580696,1000.0
581080,1000.0
581584,1000.0
581912,1000.0
582104,1000.0
582368,1000.0
582480,1000.0
582552,994.0
582608,1000.0
582992,1000.0
583496,1000.0
583824,1000.0
584016,1000.0
584280,1000.0
584392,1000.0
584464,1000.0
584520,1000.0
584904,1000.0
585408,1000.0
585736,1000.0
585928,1000.0
586192,1000.0
586304,1000.0
586376,1000.0
586432,1000.0
586816,1000.0
587304,601.0
587320,1000.0
587648,1000.0
587840,1000.0
588216,1000.0
588344,1000.0
588728,1000.0
588952,1000.0
589216,1000.0
589232,1000.0
589560,1000.0
589752,1000.0
590128,1000.0
590256,1000.0
590640,1000.0
591128,1000.0
591144,1000.0
591472,1000.0
591664,1000.0
592040,1000.0
592168,1000.0
592624,1000.0
593040,1000.0
593056,1000.0
593384,1000.0
593392,1000.0
593576,1000.0
593952,1000.0
594536,1000.0
594968,1000.0
595016,1000.0
595296,1000.0
595304,1000.0
595488,1000.0
595664,1000.0
595864,1000.0
596448,1000.0
596880,1000.0
596928,1000.0
597208,1000.0
597216,1000.0
597400,1000.0
597576,1000.0
597776,1000.0
598792,1000.0
598840,1000.0
599120,1000.0
599128,1000.0
599312,1000.0
599488,1000.0
599688,1000.0
600704,1000.0
600704,1000.0
600752,1000.0
601032,1000.0
601040,1000.0
601400,1000.0
601600,1000.0
602616,1000.0
602616,1000.0
602648,1000.0
602664,1000.0
602944,1000.0
602952,1000.0
603176,931.0
603512,1000.0
604528,1000.0
604528,1000.0
604560,1000.0
604576,1000.0
604856,1000.0
604864,1000.0
605424,1000.0
605736,1000.0
606440,1000.0
606488,1000.0
606768,1000.0
606776,1000.0
607336,1000.0
607640,1000.0
607648,1000.0
607888,1000.0
608352,1000.0
608400,1000.0
608680,1000.0
608688,1000.0
609248,1000.0
609552,1000.0
609560,1000.0
609800,1000.0
610264,1000.0
610312,1000.0
610592,1000.0
610600,1000.0
611160,1000.0
611464,1000.0
611472,1000.0
611712,1000.0
612176,1000.0
612224,1000.0
612504,1000.0
612512,1000.0
613072,1000.0
613376,1000.0
613384,1000.0
613624,1000.0
614088,1000.0
614136,1000.0
614952,1000.0
614984,1000.0
615112,1000.0
615296,1000.0
615536,1000.0
615992,997.0
616048,1000.0
616896,1000.0
617024,1000.0
617080,1000.0
617208,1000.0
617448,1000.0
617904,1000.0
617960,1000.0
618320,1000.0
618808,1000.0
618936,1000.0
618992,1000.0
619360,1000.0
619632,702.0
619640,1000.0
619816,1000.0
619872,1000.0
620720,1000.0
620848,1000.0
620904,1000.0
621272,1000.0
621544,1000.0
621552,1000.0
621728,1000.0
621784,1000.0
621816,592.0
622760,1000.0
622816,1000.0
623248,777.0
623456,1000.0
623464,1000.0
623640,1000.0
623728,1000.0
624336,1000.0
624672,1000.0
624728,1000.0
625160,1000.0
625368,1000.0
625376,1000.0
625552,1000.0
625640,1000.0
626248,1000.0
626584,1000.0
626640,1000.0
627072,1000.0
627280,1000.0
627288,1000.0
627464,1000.0
627552,1000.0
628160,1000.0
628496,1000.0
628552,1000.0
628984,1000.0
629192,1000.0
629200,1000.0
629376,1000.0
629464,1000.0
630072,1000.0
630408,1000.0
630896,1000.0
631104,1000.0
631288,1000.0
631376,1000.0
631984,1000.0
632320,1000.0
632320,1000.0
632696,1000.0
632808,1000.0
632920,513.0
633016,1000.0
633200,1000.0
633288,1000.0
634232,1000.0
634232,1000.0
634608,1000.0
634832,1000.0
634928,1000.0
635112,1000.0
635200,1000.0
635336,1000.0
636144,1000.0
636144,1000.0
636520,1000.0
636744,1000.0
636840,1000.0
637024,1000.0
637112,1000.0
637248,1000.0
638056,1000.0
638056,1000.0
638432,1000.0
638656,1000.0
638752,1000.0
639024,1000.0
639160,1000.0
639624,1000.0
639968,1000.0
639968,1000.0
640344,1000.0
640568,1000.0
640664,1000.0
640936,1000.0
641072,1000.0
641536,1000.0
641880,1000.0
641880,1000.0
642256,1000.0
642480,1000.0
642576,1000.0
642848,1000.0
642984,1000.0
643448,1000.0
643792,1000.0
643792,1000.0
644168,1000.0
644392,1000.0
644488,1000.0
644760,1000.0
644896,1000.0
645008,651.0
645360,1000.0
645704,1000.0
646080,1000.0
646304,1000.0
646400,1000.0
646672,1000.0
646808,1000.0
646920,1000.0
647272,1000.0
647616,1000.0
647992,1000.0
648216,1000.0
648312,1000.0
648584,1000.0
648720,1000.0
648832,1000.0
649184,1000.0
649336,904.0
649720,909.0
650128,1000.0
650224,1000.0
650496,1000.0
650632,1000.0
651096,1000.0
651248,1000.0
651632,1000.0
652040,1000.0
652136,1000.0
652408,1000.0
652528,1000.0
652544,1000.0
653008,1000.0
653160,1000.0
653544,1000.0
654048,1000.0
654320,1000.0
654440,1000.0
654456,1000.0
654920,1000.0
655072,1000.0
655248,1000.0
655456,1000.0
655816,599.0
656232,1000.0
656352,1000.0
656368,1000.0
656832,1000.0
656984,1000.0
657160,1000.0
657368,1000.0
657624,742.0
657728,1000.0
658264,1000.0
658280,1000.0
658744,1000.0
658896,1000.0
659072,1000.0
659280,1000.0
659536,1000.0
659640,1000.0
660176,1000.0
660656,1000.0
660808,1000.0
660872,1000.0
660984,1000.0
661192,1000.0
661448,1000.0
661552,1000.0
662088,1000.0
662568,1000.0
662720,1000.0
662784,1000.0
662896,1000.0
663104,1000.0
663360,1000.0
663464,1000.0
664000,1000.0
664480,1000.0
664632,1000.0
664696,1000.0
665016,1000.0
665272,1000.0
665376,1000.0
665488,1000.0
665912,1000.0
666392,1000.0
666544,1000.0
666608,1000.0
666928,1000.0
667184,1000.0
667288,1000.0
667400,1000.0
667824,1000.0
668304,1000.0
668456,1000.0
668520,1000.0
668840,1000.0
669096,1000.0
669200,1000.0
669312,1000.0
670216,1000.0
670368,1000.0
670432,1000.0
670520,1000.0
670752,1000.0
671008,1000.0
671224,1000.0
672128,1000.0
672280,1000.0
672344,1000.0
672432,1000.0
672664,1000.0
672896,1000.0
672920,1000.0
673136,1000.0
673448,553.0
674040,1000.0
674192,1000.0
674256,1000.0
674576,1000.0
674832,1000.0
675048,1000.0
675360,1000.0
675952,1000.0
676104,1000.0
676168,1000.0
676392,1000.0
676488,1000.0
676744,1000.0
676960,1000.0
677272,1000.0
677864,1000.0
678016,1000.0
678080,1000.0
678304,1000.0
678400,1000.0
678656,1000.0
678872,1000.0
679184,1000.0
679776,1000.0
679928,1000.0
679992,1000.0
680096,765.0
680216,1000.0
680312,1000.0
680784,1000.0
681096,1000.0
681688,1000.0
681840,1000.0
681904,1000.0
682008,1000.0
682128,1000.0
682224,1000.0
682696,1000.0
683008,1000.0
683296,742.0
683600,1000.0
683752,1000.0
683920,1000.0
684040,1000.0
684136,1000.0
684608,1000.0
684920,1000.0
685208,1000.0
685512,1000.0
685664,1000.0
685832,1000.0
685952,1000.0
686048,1000.0
686832,1000.0
687120,1000.0
687424,1000.0
687744,1000.0
687848,1000.0
687864,1000.0
687960,1000.0
688048,652.0
688864,1000.0
689032,1000.0
689336,1000.0
689656,1000.0
689776,1000.0
689872,1000.0
689960,1000.0
690776,1000.0
690944,1000.0
691240,1000.0
691248,1000.0
691568,1000.0
691688,1000.0
691784,1000.0
691872,1000.0
692688,1000.0
692856,1000.0
693152,1000.0
693160,1000.0
693480,1000.0
693600,1000.0
693696,1000.0
694312,1000.0
694600,1000.0
694768,1000.0
695064,1000.0
695392,1000.0
695608,1000.0
695680,1000.0
696096,1000.0
696224,1000.0
696512,1000.0
696544,477.0
696680,1000.0
696976,1000.0
697304,1000.0
697520,1000.0
698008,1000.0
698136,1000.0
698424,1000.0
698456,1000.0
698552,560.0
698592,1000.0
698888,1000.0
699216,1000.0
699920,1000.0
700048,1000.0
700336,1000.0
700368,1000.0
700464,1000.0
700504,1000.0
700800,1000.0
701128,1000.0
701960,1000.0
702248,1000.0
702280,1000.0
702376,1000.0
702416,1000.0
702584,1000.0
702712,1000.0
703872,1000.0
704160,1000.0
704192,1000.0
704208,1000.0
704288,1000.0
704328,1000.0
704496,1000.0
704624,1000.0
705784,1000.0
706072,1000.0
706104,1000.0
706120,1000.0
706200,1000.0
706240,1000.0
706408,1000.0
706536,1000.0
707696,1000.0
707984,1000.0
708016,1000.0
708032,1000.0
708112,1000.0
708152,1000.0
708320,1000.0
708448,1000.0
709608,1000.0
709896,1000.0
709928,1000.0
709944,1000.0
710024,1000.0
710064,1000.0
710232,1000.0
710360,1000.0
711520,1000.0
711808,1000.0
711840,1000.0
711856,1000.0
711936,1000.0
711976,1000.0
712144,1000.0
712272,1000.0
713424,995.0
713720,1000.0
713752,1000.0
713768,1000.0
713848,1000.0
713888,1000.0
714056,1000.0
714184,1000.0
714664,516.0
714952,808.0
715664,1000.0
715680,1000.0
715760,1000.0
715800,1000.0
715968,1000.0
716096,1000.0
716576,1000.0
716864,1000.0
717520,966.0
717576,1000.0
717672,1000.0
717712,1000.0
717880,1000.0
718488,1000.0
718776,1000.0
719136,1000.0
719432,1000.0
719488,1000.0
719584,1000.0
719624,1000.0
719792,1000.0
720400,1000.0
720688,1000.0
721048,1000.0
721344,1000.0
721400,1000.0
721496,1000.0
721536,1000.0
721704,1000.0
722312,1000.0
722600,1000.0
722816,602.0
722960,1000.0
723256,1000.0
723312,1000.0
723408,1000.0
723448,1000.0
724728,1000.0
724768,1000.0
724872,1000.0
725168,1000.0
725224,1000.0
725320,1000.0
725360,1000.0
726048,1000.0
726640,1000.0
726680,1000.0
726784,1000.0
727080,1000.0
727136,933.0
727136,1000.0
727232,1000.0
727960,1000.0
728552,1000.0
728592,1000.0
728696,1000.0
728992,1000.0
729048,1000.0
729048,1000.0
729144,1000.0
729872,1000.0
730464,1000.0
730504,1000.0
730608,1000.0
730904,1000.0
730960,1000.0
730960,1000.0
731056,1000.0
731784,1000.0
732376,1000.0
732416,1000.0
732520,1000.0
732816,1000.0
732872,1000.0
732872,1000.0
732968,1000.0
733696,1000.0
734288,1000.0
734328,1000.0
734432,1000.0
734784,1000.0
734784,1000.0
734880,1000.0
735608,1000.0
735744,1000.0
736200,1000.0
736240,1000.0
736344,1000.0
736696,1000.0
736696,1000.0
736792,1000.0
737520,1000.0
737656,1000.0
738112,1000.0
738152,1000.0
738256,1000.0
738608,1000.0
738608,1000.0
738704,1000.0
739432,1000.0
739568,1000.0
740024,1000.0
740064,1000.0
740168,1000.0
740520,1000.0
740520,1000.0
740616,1000.0
741480,1000.0
741936,1000.0
741976,1000.0
742080,1000.0
742328,1000.0
742432,1000.0
742432,1000.0
742528,1000.0
743392,1000.0
743848,1000.0
743888,1000.0
743992,1000.0
744240,1000.0
744344,1000.0
744344,1000.0
744440,1000.0
745304,1000.0
745760,1000.0
745800,1000.0
745904,1000.0
746152,1000.0
746256,1000.0
746256,1000.0
746352,1000.0
747216,1000.0
747672,1000.0
747712,1000.0
747816,1000.0
748064,1000.0
748168,1000.0
748264,1000.0
748888,633.0
749128,1000.0
749584,1000.0
749728,1000.0
749816,941.0
749976,1000.0
750080,1000.0
750176,1000.0
750800,1000.0
751040,1000.0
751496,1000.0
751640,1000.0
751728,1000.0
751888,1000.0
751992,1000.0
752088,1000.0
752712,1000.0
752952,1000.0
753408,1000.0
753552,1000.0
753640,1000.0
753800,1000.0
753904,1000.0
754000,1000.0
754448,565.0
754624,1000.0
754864,1000.0
755464,1000.0
755552,1000.0
755712,1000.0
755816,1000.0
755912,1000.0
756360,1000.0
756536,1000.0
756776,1000.0
757376,1000.0
757464,1000.0
757728,1000.0
757824,1000.0
758128,1000.0
758272,1000.0
758448,1000.0
758688,1000.0
759288,1000.0
759376,1000.0
759640,1000.0
759736,1000.0
760184,1000.0
760360,1000.0
760600,1000.0
760792,1000.0
761200,1000.0
761288,1000.0
761552,1000.0
761648,1000.0
762096,1000.0
762272,1000.0
762512,1000.0
762704,1000.0
763112,1000.0
763200,1000.0
763216,605.0
763464,1000.0
763480,431.0
763560,1000.0
764184,1000.0
764424,1000.0
765024,1000.0
765112,1000.0
765128,1000.0
765376,1000.0
765392,1000.0
765472,1000.0
766096,1000.0
766336,1000.0
766936,1000.0
767024,1000.0
767040,1000.0
767288,1000.0
767304,1000.0
767384,1000.0
768008,1000.0
768120,594.0
768248,1000.0
768848,1000.0
769200,1000.0
769216,1000.0
769920,1000.0
770032,1000.0
770120,1000.0
770288,601.0
770760,1000.0
770768,1000.0
771112,1000.0
771128,1000.0
771832,1000.0
771920,988.0
772032,1000.0
772200,1000.0
772672,1000.0
772680,1000.0
773024,1000.0
773040,1000.0
773832,1000.0
773944,1000.0
774112,1000.0
774584,1000.0
774592,1000.0
774936,1000.0
774952,1000.0
775568,1000.0
775744,1000.0
775856,1000.0
776024,1000.0
776496,1000.0
776504,1000.0
776848,1000.0
776864,1000.0
776888,559.0
777480,1000.0
777656,1000.0
777936,1000.0
778416,1000.0
778760,1000.0
778776,1000.0
778800,1000.0
779392,1000.0
779568,1000.0
779848,1000.0
780064,1000.0
780256,794.0
780328,1000.0
780688,1000.0
780712,1000.0
780864,692.0
781304,1000.0
781448,424.0
781760,1000.0
781976,1000.0
782168,1000.0
782624,1000.0
782752,1000.0
783216,1000.0
783360,1000.0
783672,1000.0
783680,1000.0
783888,1000.0
784080,1000.0
784536,1000.0
784664,1000.0
785272,1000.0
785584,1000.0
785592,1000.0
785776,1000.0
785800,1000.0
785992,1000.0
786576,1000.0
787176,1000.0
787184,1000.0
787496,1000.0
787504,1000.0
787688,1000.0
787712,1000.0
787904,1000.0
788488,1000.0
789088,1000.0
789096,1000.0
789408,1000.0
789416,1000.0
789600,1000.0
789624,1000.0
789816,1000.0
790400,1000.0
791000,1000.0
791008,1000.0
791320,1000.0
791328,1000.0
791512,1000.0
791536,1000.0
791728,1000.0
792312,1000.0
792912,1000.0
792920,1000.0
793232,1000.0
793424,1000.0
793448,1000.0
793640,1000.0
794224,1000.0
794496,1000.0
794824,1000.0
794832,1000.0
795144,1000.0
795336,1000.0
795360,1000.0
795552,1000.0
796136,1000.0
796408,1000.0
796736,1000.0
796744,1000.0
797056,1000.0
797248,1000.0
797272,1000.0
797464,1000.0
798048,1000.0
798240,798.0
798320,1000.0
798656,1000.0
798968,1000.0
799184,1000.0
799376,1000.0
799960,1000.0
800032,1000.0
800152,1000.0
800232,1000.0
800568,1000.0
800880,1000.0
801024,577.0
801096,1000.0
801288,1000.0
801944,1000.0
801952,579.0
802064,1000.0
802144,1000.0
802480,1000.0
802936,1000.0
803008,1000.0
803200,1000.0
803856,1000.0
803864,1000.0
803976,1000.0
804056,1000.0
804392,1000.0
804848,1000.0
804920,1000.0
805112,1000.0
805760,464.0
805768,1000.0
805776,1000.0
805888,1000.0
805968,1000.0
806304,1000.0
806760,1000.0
806992,597.0
807024,1000.0
807672,1000.0
807680,1000.0
807688,1000.0
807880,1000.0
808216,1000.0
808672,1000.0
808904,1000.0
808936,1000.0
809584,1000.0
809592,1000.0
809600,1000.0
809792,1000.0
810128,1000.0
810584,1000.0
810816,1000.0
810848,1000.0
811496,1000.0
811504,1000.0
811512,1000.0
811704,1000.0
812040,1000.0
812496,1000.0
812728,1000.0
813264,1000.0
813408,1000.0
813416,1000.0
813424,1000.0
813616,1000.0
813952,1000.0
814408,1000.0
814472,574.0
814640,1000.0
815176,1000.0
815320,1000.0
815336,1000.0
815528,1000.0
815864,1000.0
816320,1000.0
816384,1000.0
816552,1000.0
816880,817.0
817088,1000.0
817232,1000.0
817440,1000.0
817776,1000.0
818232,1000.0
818296,1000.0
818464,1000.0
818792,1000.0
819000,1000.0
819144,1000.0
819352,1000.0
819688,1000.0
820144,1000.0
820376,1000.0
820704,1000.0
820720,1000.0
820912,1000.0
821056,1000.0
821264,1000.0
821600,1000.0
822056,1000.0
822616,1000.0
822632,1000.0
822824,1000.0
822968,1000.0
823000,1000.0
823176,1000.0
823512,1000.0
823968,1000.0
824528,1000.0
824544,1000.0
824736,1000.0
824880,1000.0
824912,1000.0
825088,1000.0
825424,1000.0
825880,1000.0
826456,1000.0
826648,1000.0
826792,1000.0
826824,1000.0
826840,752.0
827000,1000.0
827312,1000.0
827792,1000.0
828352,564.0
828368,1000.0
828560,1000.0
828704,1000.0
828736,1000.0
828752,1000.0
828912,1000.0
829704,1000.0
829768,559.0
830264,1000.0
830280,1000.0
830472,1000.0
830616,1000.0
830664,1000.0
830824,1000.0
830832,578.0
831616,1000.0
832176,1000.0
832192,1000.0
832384,1000.0
832576,1000.0
832736,1000.0
832744,1000.0
833200,1000.0
833528,1000.0
834088,1000.0
834104,1000.0
834296,1000.0
834488,1000.0
834648,1000.0
835112,1000.0
835440,1000.0
835640,1000.0
836000,1000.0
836016,1000.0
836208,1000.0
836400,1000.0
836560,1000.0
837024,1000.0
837352,1000.0
837528,609.0
837552,1000.0
837912,1000.0
837928,1000.0
838120,1000.0
838472,1000.0
838600,567.0
838936,1000.0
839264,1000.0
839824,1000.0
839840,1000.0
840032,1000.0
840080,1000.0
840384,1000.0
840512,1000.0
840776,964.0
841176,1000.0
841736,1000.0
841752,1000.0
841944,1000.0
841992,1000.0
842296,1000.0
842424,1000.0
842688,1000.0
843088,1000.0
843648,1000.0
843664,1000.0
843760,711.0
843856,1000.0
843904,1000.0
844208,1000.0
844600,1000.0
845000,1000.0
845560,1000.0
845576,1000.0
845672,1000.0
845768,1000.0
845816,1000.0
846120,1000.0
846512,1000.0
846912,1000.0
847472,1000.0
847488,1000.0
847584,1000.0
847680,1000.0
847728,1000.0
848032,1000.0
848424,1000.0
848824,1000.0
849384,1000.0
849400,1000.0
849496,1000.0
849592,1000.0
849640,1000.0
849664,663.0
849944,1000.0
850736,1000.0
851128,778.0
851296,1000.0
851312,1000.0
851504,1000.0
851552,1000.0
851784,567.0
851856,1000.0
853040,1000.0
853040,1000.0
853208,1000.0
853224,1000.0
853416,1000.0
853464,1000.0
853696,1000.0
853768,1000.0
854952,1000.0
854952,1000.0
855120,1000.0
855136,1000.0
855328,1000.0
855376,1000.0
855608,1000.0
855680,1000.0
856432,700.0
856864,1000.0
856864,1000.0
857048,1000.0
857240,1000.0
857288,1000.0
857520,1000.0
857592,1000.0
858344,1000.0
858776,1000.0
858776,1000.0
858960,1000.0
859152,1000.0
859200,1000.0
859432,1000.0
859504,1000.0
860256,1000.0
860688,1000.0
860688,1000.0
860872,1000.0
861064,1000.0
861112,1000.0
861344,1000.0
861416,1000.0
862168,1000.0
862600,1000.0
862600,1000.0
862784,1000.0
862976,1000.0
863024,1000.0
863256,1000.0
863328,1000.0
864352,593.0
864512,1000.0
864512,1000.0
864696,1000.0
864864,1000.0
864888,1000.0
864936,1000.0
865240,1000.0
866264,1000.0
866424,1000.0
866424,1000.0
866608,1000.0
866776,1000.0
866800,1000.0
866848,1000.0
867152,1000.0
867448,555.0
867864,576.0
868176,1000.0
868336,1000.0
868688,1000.0
868760,1000.0
869064,1000.0
869128,1000.0
869776,1000.0
869864,1000.0
870088,1000.0
870248,1000.0
870600,1000.0
870672,1000.0
870976,1000.0
871040,1000.0
871632,560.0
871688,1000.0
871776,1000.0
872000,1000.0
872160,1000.0
872584,1000.0
872952,1000.0
873408,1000.0
873600,1000.0
873688,1000.0
873912,1000.0
874072,1000.0
874496,1000.0
874592,1000.0
874864,1000.0
875320,1000.0
875512,1000.0
875600,1000.0
875824,1000.0
875984,1000.0
876408,1000.0
876504,1000.0
876776,1000.0
877232,1000.0
877424,1000.0
877736,1000.0
877896,1000.0
878320,1000.0
878416,1000.0
878688,1000.0
879144,1000.0
879272,1000.0
879336,1000.0
879648,1000.0
879808,1000.0
880232,1000.0
880328,1000.0
881056,1000.0
881152,1000.0
881184,1000.0
881248,1000.0
881560,1000.0
881720,1000.0
882144,1000.0
882240,1000.0
882280,560.0
882968,1000.0
883064,1000.0
883096,1000.0
883472,1000.0
883632,1000.0
884056,1000.0
884152,1000.0
884192,1000.0
884880,1000.0
884976,1000.0
885008,1000.0
885312,674.0
885384,1000.0
885544,1000.0
886064,1000.0
886104,1000.0
886888,1000.0
886920,1000.0
887008,496.0
887224,1000.0
887296,1000.0
887296,1000.0
887456,1000.0
887976,1000.0
888800,1000.0
888832,1000.0
888920,1000.0
889136,1000.0
889208,1000.0
889208,1000.0
889368,1000.0
890016,448.0
890408,1000.0
890712,1000.0
890744,1000.0
890832,1000.0
891048,1000.0
891120,1000.0
891280,1000.0
891928,1000.0
892200,585.0
892320,1000.0
892624,1000.0
892656,1000.0
892744,1000.0
892960,1000.0
893192,1000.0
893840,1000.0
894112,1000.0
894232,1000.0
894232,566.0
894536,1000.0
894568,1000.0
894656,1000.0
894872,1000.0
895752,1000.0
896024,1000.0
896144,1000.0
896144,1000.0
896448,1000.0
896480,1000.0
896568,1000.0
896784,1000.0
897240,593.0
897664,1000.0
897936,1000.0
898056,1000.0
898360,1000.0
898392,1000.0
898480,1000.0
898696,1000.0
899152,1000.0
899576,1000.0
899760,575.0
899848,1000.0
899968,1000.0
900272,1000.0
900304,1000.0
900392,1000.0
900840,586.0
901064,1000.0
901488,1000.0
901760,1000.0
901880,1000.0
902184,1000.0
902216,1000.0
902304,1000.0
902752,1000.0
902976,1000.0
903400,1000.0
903672,1000.0
903792,1000.0
904096,1000.0
904128,1000.0
904216,1000.0
904664,1000.0
904888,1000.0
905312,1000.0
905584,1000.0
905704,1000.0
906008,1000.0
906040,1000.0
906128,1000.0
906576,1000.0
906800,1000.0
907224,1000.0
907496,1000.0
907616,1000.0
907920,1000.0
907952,1000.0
908040,1000.0
908488,1000.0
908712,1000.0
909080,566.0
909136,1000.0
909408,1000.0
909528,1000.0
909832,1000.0
909864,1000.0
910312,661.0
910400,1000.0
910624,1000.0
911048,1000.0
911320,1000.0
911440,1000.0
911744,1000.0
911776,1000.0
912224,1000.0
912312,1000.0
912536,1000.0
912960,1000.0
913232,1000.0
913352,1000.0
913656,1000.0
913688,1000.0
913920,891.0
914224,1000.0
914448,1000.0
914872,652.0
914872,1000.0
915144,1000.0
915264,1000.0
915600,1000.0
915832,1000.0
916136,1000.0
916240,591.0
916360,1000.0
916784,1000.0
916784,1000.0
917176,1000.0
917512,1000.0
917744,1000.0
917824,564.0
918048,1000.0
918152,1000.0
918272,1000.0
918696,1000.0
918864,565.0
919088,1000.0
919352,584.0
919424,1000.0
919656,1000.0
919960,1000.0
920064,1000.0
920608,1000.0
920776,1000.0
921000,1000.0
921264,1000.0
921336,1000.0
921568,1000.0
921872,1000.0
921976,1000.0
922520,1000.0
922688,1000.0
922912,1000.0
923056,584.0
923176,1000.0
923248,1000.0
923480,1000.0
924432,1000.0
924552,1000.0
924600,1000.0
924824,1000.0
924968,1000.0
925088,1000.0
925160,1000.0
925392,1000.0
925496,575.0
925976,619.0
926464,1000.0
926512,1000.0
926880,1000.0
927000,1000.0
927048,582.0
927072,1000.0
927304,1000.0
927408,1000.0
927944,578.0
928376,1000.0
928424,1000.0
928912,1000.0
928960,1000.0
928984,1000.0
929216,1000.0
929320,1000.0
929856,1000.0
930288,1000.0
930336,1000.0
930824,1000.0
930872,1000.0
930896,1000.0
931128,1000.0
931232,1000.0
931768,1000.0
932200,1000.0
932248,1000.0
932736,1000.0
932784,1000.0
932808,1000.0
933040,1000.0
933144,1000.0
933680,1000.0
934112,1000.0
934160,1000.0
934648,1000.0
934696,1000.0
934720,1000.0
934952,1000.0
935056,1000.0
935592,1000.0
936024,1000.0
936072,1000.0
936560,1000.0
936608,1000.0
936632,1000.0
936864,1000.0
936968,1000.0
937504,1000.0
937616,550.0
937696,575.0
937936,1000.0
937984,1000.0
938048,586.0
938472,1000.0
938776,1000.0
939416,1000.0
939528,1000.0
939608,1000.0
939848,1000.0
939896,1000.0
939960,1000.0
940264,939.0
940688,1000.0
941328,1000.0
941440,1000.0
941520,1000.0
941760,1000.0
941808,1000.0
941872,1000.0
942176,1000.0
942368,566.0
942600,1000.0
943352,1000.0
943432,1000.0
943672,1000.0
943720,1000.0
943784,1000.0
944088,1000.0
944280,1000.0
944512,1000.0
944720,570.0
945264,1000.0
945344,1000.0
945632,1000.0
945696,1000.0
945856,613.0
946000,1000.0
946192,1000.0
946424,1000.0
946888,559.0
947176,1000.0
947256,1000.0
947544,1000.0
947608,1000.0
947912,1000.0
948104,1000.0
948336,1000.0
948632,555.0
948800,1000.0
949088,1000.0
949152,570.0
949168,1000.0
949448,599.0
949456,1000.0
949824,1000.0
950544,1000.0
951000,1000.0
951064,1000.0
951080,1000.0
951320,1000.0
951360,1000.0
951368,1000.0
951736,1000.0
952400,566.0
952432,576.0
952456,1000.0
952912,1000.0
952976,1000.0
952992,1000.0
953232,1000.0
953480,586.0
953648,1000.0
954016,557.0
954344,1000.0
954368,1000.0
954824,1000.0
954888,1000.0
955144,1000.0
955392,1000.0
955560,1000.0
955928,1000.0
956256,1000.0
956280,1000.0
956632,581.0
956736,1000.0
956800,1000.0
956968,563.0
957056,1000.0
957304,1000.0
958168,1000.0
958192,1000.0
958544,1000.0
958648,1000.0
958712,1000.0
958880,1000.0
958968,1000.0
959216,1000.0
959320,610.0
959688,565.0
960080,1000.0
960456,1000.0
960624,1000.0
960680,902.0
960792,1000.0
961128,1000.0
961232,1000.0
961496,752.0
961600,1000.0
962344,602.0
962368,1000.0
962472,715.0
962536,1000.0
962592,1000.0
962688,589.0
962704,1000.0
963400,572.0
963408,1000.0
963760,572.0
963768,585.0
964384,1000.0
964448,1000.0
964504,1000.0
964800,1000.0
965312,1000.0
965320,1000.0
965672,1000.0
965680,1000.0
966296,1000.0
966360,1000.0
966416,1000.0
966712,1000.0
967224,1000.0
967232,1000.0
967584,1000.0
967592,1000.0
968208,1000.0
968272,1000.0
968328,1000.0
968624,1000.0
968696,599.0
969136,1000.0
969144,1000.0
969344,582.0
969504,1000.0
969800,595.0
970120,1000.0
970184,569.0
970240,1000.0
970368,556.0
970536,1000.0
971056,1000.0
971416,1000.0
971712,1000.0
972032,1000.0
972096,1000.0
972152,1000.0
972280,1000.0
972448,1000.0
972968,1000.0
973328,1000.0
973624,1000.0
973944,1000.0
974008,1000.0
974064,1000.0
974192,1000.0
974360,1000.0
974880,1000.0
975240,1000.0
975536,1000.0
975856,1000.0
975920,1000.0
975976,1000.0
976104,1000.0
976272,1000.0
976792,1000.0
977072,593.0
977152,1000.0
977448,1000.0
977768,1000.0
977832,1000.0
977832,563.0
978016,1000.0
978184,1000.0
978984,1000.0
979064,1000.0
979232,568.0
979360,1000.0
979680,1000.0
979744,1000.0
979744,1000.0
979928,1000.0
980896,1000.0
980976,1000.0
981144,1000.0
981272,1000.0
981592,1000.0
981656,1000.0
981656,1000.0
981840,1000.0
982304,559.0
982712,574.0
982808,1000.0
982888,1000.0
983056,1000.0
983504,1000.0
983568,1000.0
983752,1000.0
984216,1000.0
984624,1000.0
984720,1000.0
984800,1000.0
984960,772.0
984968,1000.0
985480,1000.0
985648,556.0
985664,1000.0
986128,1000.0
986632,1000.0
986712,1000.0
986872,1000.0
986880,1000.0
987392,1000.0
987560,1000.0
987576,1000.0
988040,1000.0
988544,1000.0
988624,1000.0
988784,1000.0
988792,1000.0
989304,1000.0
989472,1000.0
989488,1000.0
989824,564.0
989952,1000.0
990352,569.0
990456,1000.0
990536,1000.0
990704,1000.0
991384,1000.0
991400,1000.0
991736,1000.0
991864,1000.0
992264,1000.0
992368,1000.0
992448,1000.0
992616,1000.0
993296,1000.0
993312,1000.0
993648,1000.0
993776,1000.0
994176,1000.0
994280,1000.0
994352,571.0
994360,1000.0
994528,1000.0
995224,1000.0
995560,1000.0
995688,1000.0
996088,1000.0
996192,1000.0
996264,1000.0
996272,1000.0
996440,1000.0
996728,563.0
997136,1000.0
997472,1000.0
998000,1000.0
998104,1000.0
998176,1000.0
998184,1000.0
998352,1000.0
998640,1000.0
999048,1000.0
999384,1000.0
999680,563.0
999912,1000.0
1000016,1000.0
1000088,1000.0
1000096,1000.0
1000264,1000.0
1000960,1000.0
1001152,573.0
1001296,1000.0
1001592,1000.0
1001824,1000.0
1001928,1000.0
1002000,1000.0
1002176,1000.0
1002472,631.0
1002872,1000.0
1003064,1000.0
1003504,1000.0
1003736,1000.0
1003840,1000.0
1003912,1000.0
1004088,1000.0
1004120,669.0
1004384,1000.0
1004976,1000.0
1005280,626.0
1005416,1000.0
1005648,1000.0
1005752,1000.0
1005824,1000.0
1006000,1000.0
1006016,565.0
1006296,1000.0
1006632,651.0
1007192,1000.0
1007408,739.0
1007560,1000.0
1007664,1000.0
1007736,1000.0
1007744,600.0
1007912,1000.0
1008208,1000.0
1008304,600.0
1008696,613.0
1008792,574.0
1009232,787.0
1009256,716.0
1009320,1000.0
1009576,1000.0
1010120,1000.0
1010216,1000.0
1010608,1000.0
1010608,560.0
1010704,1000.0
1011144,1000.0
1011168,1000.0
1011232,1000.0
1012032,1000.0
1012128,1000.0
1012272,595.0
1012520,1000.0
1012520,1000.0
1012616,1000.0
1013056,1000.0
1013144,1000.0
1013944,1000.0
1014040,1000.0
1014184,1000.0
1014432,1000.0
1014432,1000.0
1014528,1000.0
1014968,1000.0
1015056,1000.0
1015392,650.0
1015856,1000.0
1015952,1000.0
1016344,1000.0
1016344,1000.0
1016440,1000.0
1016880,1000.0
1016968,1000.0
1017304,1000.0
1017768,1000.0
1017864,1000.0
1017992,555.0
1018256,1000.0
1018256,1000.0
1018352,1000.0
1018792,1000.0
1019216,1000.0
1019432,583.0
1019680,1000.0
1019776,1000.0
1019904,1000.0
1020168,1000.0
1020168,1000.0
1020376,624.0
1020496,578.0
1020704,1000.0
1020776,592.0
1021688,1000.0
1021816,1000.0
1022080,1000.0
1022080,1000.0
1022288,1000.0
1022408,1000.0
1022616,1000.0
1022688,1000.0
1023600,1000.0
1023728,1000.0
1023992,1000.0
1023992,1000.0
1024200,1000.0
1024320,1000.0
1024528,1000.0
1024600,1000.0
1025512,1000.0
1025640,1000.0
1025904,1000.0
1025904,1000.0
1026112,1000.0
1026232,1000.0
1026440,1000.0
1026512,1000.0
1027424,1000.0
1027552,1000.0
1027816,1000.0
1027816,1000.0
1028024,1000.0
1028144,1000.0
1028352,1000.0
1028424,1000.0
1029336,1000.0
1029464,1000.0
1029728,1000.0
1029728,1000.0
1029936,1000.0
1030056,1000.0
1030264,1000.0
1030336,1000.0
1031248,1000.0
1031376,1000.0
1031392,574.0
1031640,1000.0
1031640,1000.0
1031848,1000.0
1031968,1000.0
1032176,1000.0
1032680,564.0
1033160,1000.0
1033224,570.0
1033288,1000.0
1033304,1000.0
1033552,1000.0
1033760,1000.0
1033880,1000.0
1034592,1000.0
1035072,1000.0
1035136,1000.0
1035216,1000.0
1035464,1000.0
1035672,1000.0
1035696,1000.0
1035792,1000.0
1036504,1000.0
1036736,577.0
1036832,563.0
1036984,1000.0
1037048,1000.0
1037128,1000.0
1037376,1000.0
1037608,1000.0
1038416,1000.0
1038648,1000.0
1038744,1000.0
1038896,1000.0
1038960,1000.0
1039040,1000.0
1039288,1000.0
1039520,1000.0
1039688,563.0
1040000,563.0
1040328,1000.0
1040656,1000.0
1040768,583.0
1040808,1000.0
1040952,1000.0
1041024,795.0
1041200,1000.0
1041912,1000.0
1042064,563.0
1042240,1000.0
1042568,1000.0
1042680,1000.0
1042720,1000.0
1042864,1000.0
1043112,1000.0
1043824,1000.0
1043976,1000.0
1044152,1000.0
1044480,1000.0
1044592,1000.0
1044632,1000.0
1044776,1000.0
1045024,1000.0
1045624,559.0
1045736,1000.0
1045888,1000.0
1046064,1000.0
1046392,1000.0
1046544,1000.0
1046688,1000.0
1046776,563.0
1046920,562.0
1046936,1000.0
1047536,1000.0
1047968,568.0
1047976,1000.0
1048304,1000.0
1048456,1000.0
1048600,1000.0
1048688,1000.0
1048848,1000.0
1049448,1000.0
1049720,559.0
1049880,1000.0
1049888,1000.0
1050216,1000.0
1050368,1000.0
1050504,572.0
1050512,1000.0
1050760,1000.0
1051552,568.0
1051632,1000.0
1051792,1000.0
1051800,1000.0
1052128,1000.0
1052280,1000.0
1052424,1000.0
1052672,1000.0
1053464,1000.0
1053544,1000.0
1053704,1000.0
1053712,1000.0
1054040,1000.0
1054192,1000.0
1054336,1000.0
1054584,1000.0
1055208,796.0
1055328,613.0
1055376,1000.0
1055456,1000.0
1055624,1000.0
1055952,1000.0
1056248,1000.0
1056360,559.0
1056496,1000.0
1057120,1000.0
1057288,1000.0
1057368,1000.0
1057536,1000.0
1057864,1000.0
1058160,1000.0
1058272,1000.0
1058408,1000.0
1059032,1000.0
1059200,1000.0
1059280,1000.0
1059448,1000.0
1059776,1000.0
1060072,1000.0
1060184,1000.0
1060320,1000.0
1060344,616.0
1060944,1000.0
1061192,1000.0
1061360,1000.0
1061392,570.0
1061688,1000.0
1061984,1000.0
1062096,1000.0
1062232,1000.0
1062856,1000.0
1063104,1000.0
1063152,572.0
1063272,1000.0
1063304,1000.0
1063600,1000.0
1063896,1000.0
1064144,1000.0
1064768,1000.0
1065016,1000.0
1065064,1000.0
1065184,1000.0
1065200,571.0
1065216,1000.0
1065512,1000.0
1065808,1000.0
1066680,1000.0
1066928,1000.0
1066976,1000.0
1067096,1000.0
1067112,1000.0
1067128,1000.0
1067424,1000.0
1067720,1000.0
1067752,581.0
1068840,1000.0
1068888,1000.0
1069008,1000.0
1069024,1000.0
1069040,1000.0
1069336,1000.0
1069632,1000.0
1069664,1000.0
1069984,616.0
1070800,1000.0
1070920,1000.0
1070936,1000.0
1070952,1000.0
1071248,1000.0
1071544,1000.0
1071576,1000.0
1071896,1000.0
1072712,1000.0
1072832,1000.0
1072848,1000.0
1072864,1000.0
1073160,1000.0
1073456,1000.0
1073488,1000.0
1073808,1000.0
1074624,1000.0
1074744,1000.0
1074760,1000.0
1074776,1000.0
1075072,1000.0
1075368,1000.0
1075400,1000.0
1075720,1000.0
1075784,563.0
1076536,1000.0
1076672,1000.0
1076688,1000.0
1076984,1000.0
1077280,1000.0
1077312,1000.0
1077632,1000.0
1077696,1000.0
1078448,1000.0
1078584,1000.0
1078600,1000.0
1078896,1000.0
1079192,1000.0
1079224,1000.0
1079544,1000.0
1079608,1000.0
1079632,570.0
1079640,563.0
1080360,1000.0
1080680,563.0
1080808,1000.0
1080888,876.0
1081104,1000.0
1081456,1000.0
1081520,1000.0
1081544,1000.0
1081928,564.0
1082272,1000.0
1082592,1000.0
1082720,1000.0
1083016,1000.0
1083368,1000.0
1083432,1000.0
1083456,1000.0
1083840,1000.0
1084184,1000.0
1084504,1000.0
1084632,1000.0
1084928,1000.0
1085280,1000.0
1085344,1000.0
1085368,1000.0
1085752,1000.0
1086096,1000.0
1086416,1000.0
1086544,1000.0
1086840,1000.0
1087192,1000.0
1087256,1000.0
1087280,1000.0
1087400,867.0
1088008,1000.0
1088328,1000.0
1088456,1000.0
1088752,1000.0
1089104,1000.0
1089168,1000.0
1089192,1000.0
1089312,1000.0
1089392,577.0
1089920,1000.0
1090368,1000.0
1090664,1000.0
1091016,1000.0
1091080,1000.0
1091104,1000.0
1091224,1000.0
1091304,1000.0
1091832,1000.0
1092280,1000.0
1092576,1000.0
1092928,1000.0
1092992,1000.0
1093016,1000.0
1093136,1000.0
1093216,1000.0
1093320,563.0
1093744,1000.0
1094488,1000.0
1094840,1000.0
1094904,1000.0
1094928,1000.0
1095048,1000.0
1095128,1000.0
1095232,1000.0
1095656,1000.0
1095968,565.0
1096400,1000.0
1096752,1000.0
1096816,1000.0
1096960,1000.0
1097040,1000.0
1097144,1000.0
1097568,1000.0
1097880,1000.0
1097992,562.0
1098312,1000.0
1098608,564.0
1098664,1000.0
1098728,1000.0
1098952,1000.0
1099056,1000.0
1099792,1000.0
1099904,1000.0
1100224,1000.0
1100520,1000.0
1100576,1000.0
1100640,1000.0
1100832,564.0
1100864,1000.0
1100968,1000.0
1101680,563.0
1101816,1000.0
1102136,1000.0
1102432,1000.0
1102488,1000.0
1102744,1000.0
1102776,1000.0
1102880,1000.0
1103592,1000.0
1103728,1000.0
1104048,1000.0
1104344,1000.0
1104400,1000.0
1104656,1000.0
1104688,1000.0
1104792,1000.0
1105504,1000.0
1105640,1000.0
1105960,1000.0
1106256,1000.0
1106312,1000.0
1106568,1000.0
1106600,1000.0
1106704,1000.0
1107416,1000.0
1107552,1000.0
1107872,1000.0
1108168,1000.0
1108224,1000.0
1108480,1000.0
1108512,1000.0
1108616,1000.0
1108912,563.0
1109328,1000.0
1109464,1000.0
1110080,1000.0
1110136,1000.0
1110392,1000.0
1110528,1000.0
1110824,1000.0
1111240,1000.0
1111376,1000.0
1111992,1000.0
1112048,1000.0
1112136,1000.0
1112304,1000.0
1112440,1000.0
1112736,1000.0
1113152,1000.0
1113288,1000.0
1113904,1000.0
1113960,1000.0
1114048,1000.0
1114200,570.0
1114216,1000.0
1114352,1000.0
1114648,1000.0
1115200,1000.0
1115248,560.0
1115816,1000.0
1115872,1000.0
1115960,1000.0
1116240,563.0
1116264,1000.0
1116560,1000.0
1116984,629.0
1117160,1000.0
1117280,563.0
1117784,1000.0
1117872,1000.0
1118008,1000.0
1118176,1000.0
1118472,1000.0
1118816,874.0
1118896,1000.0
1119192,1000.0
1119696,1000.0
1119784,1000.0
1119920,1000.0
1120088,1000.0
1120384,1000.0
1120728,1000.0
1120808,1000.0
1121104,1000.0
1121608,1000.0
1121832,1000.0
1122000,1000.0
1122296,1000.0
1122640,1000.0
1122720,1000.0
1123016,1000.0
1123416,1000.0
1123520,1000.0
1123744,1000.0
1123912,1000.0
1124208,1000.0
1124552,1000.0
1124632,1000.0
1124928,1000.0
1125328,1000.0
1125432,1000.0
1125656,1000.0
1125824,1000.0
1126120,1000.0
1126464,1000.0
1126544,1000.0
1126624,642.0
1126696,563.0
1126840,1000.0
1127240,1000.0
1127736,1000.0
1128032,1000.0
1128336,901.0
1128376,1000.0
1128456,1000.0
1128608,1000.0
1128752,1000.0
1129152,1000.0
1129648,1000.0
1129944,1000.0
1130248,1000.0
1130288,1000.0
1130368,1000.0
1130520,1000.0
1130664,1000.0
1131064,1000.0
1131560,1000.0
1131856,1000.0
1132160,1000.0
1132200,1000.0
1132280,1000.0
1132432,1000.0
1132576,1000.0
1132976,1000.0
1133472,1000.0
1133768,1000.0
1134072,1000.0
1134112,1000.0
1134192,1000.0
1134344,1000.0
1134488,1000.0
1134888,1000.0
1135384,1000.0
1135648,832.0
1135680,1000.0
1135928,563.0
1136024,1000.0
1136104,1000.0
1136256,1000.0
1136400,1000.0
1137296,1000.0
1137560,1000.0
1137592,1000.0
1137840,1000.0
1137936,1000.0
1138016,1000.0
1138168,1000.0
1138312,1000.0
1138440,615.0
1138600,564.0
1139504,1000.0
1139752,1000.0
1139848,1000.0
1139928,1000.0
1140080,1000.0
1140224,1000.0
1140352,1000.0
1140512,1000.0
1141264,564.0
1141392,563.0
1141416,1000.0
1141664,1000.0
1141760,1000.0
1141840,1000.0
1141992,1000.0
1142424,1000.0
1143176,1000.0
1143304,1000.0
1143328,1000.0
1143576,1000.0
1143672,1000.0
1143752,1000.0
1143904,1000.0
1144336,1000.0
1145088,1000.0
1145216,1000.0
1145240,1000.0
1145488,1000.0
1145584,1000.0
1145664,1000.0
1145816,1000.0
1146248,1000.0
1147000,1000.0
1147128,1000.0
1147152,1000.0
1147400,1000.0
1147496,1000.0
1147576,1000.0
1147728,1000.0
1148160,1000.0
1148472,582.0
1148912,1000.0
1149040,1000.0
1149064,1000.0
1149408,1000.0
1149488,1000.0
1149640,1000.0
1150072,1000.0
1150384,1000.0
1150824,1000.0
1150952,1000.0
1150976,1000.0
1151320,1000.0
1151400,1000.0
1151552,1000.0
1151984,1000.0
1152296,1000.0
1152736,1000.0
1152864,1000.0
1152888,1000.0
1153232,1000.0
1153312,1000.0
1153464,1000.0
1153896,1000.0
1154208,1000.0
1154648,1000.0
1154776,1000.0
1154800,1000.0
1155144,1000.0
1155224,1000.0
1155376,1000.0
1155808,1000.0
1156120,1000.0
1156560,1000.0
1156688,1000.0
1156712,1000.0
1157056,1000.0
1157136,1000.0
1157288,1000.0
1157720,1000.0
1157728,563.0
1158032,1000.0
1158144,837.0
1158624,1000.0
1158968,1000.0
1159048,1000.0
1159200,1000.0
1159632,1000.0
1159640,1000.0
1159944,1000.0
1160056,1000.0
1160536,1000.0
1160880,1000.0
1160960,1000.0
1161112,1000.0
1161544,1000.0
1161552,1000.0
1161856,1000.0
1161968,1000.0
1162448,1000.0
1162792,1000.0
1162872,1000.0
1163024,1000.0
1163456,1000.0
1163464,1000.0
1163768,1000.0
1163880,1000.0
1164360,1000.0
1164704,1000.0
1164784,1000.0
1164936,1000.0
1165368,1000.0
1165376,1000.0
1165680,1000.0
1165792,1000.0
1166272,1000.0
1166616,1000.0
1166696,1000.0
1166848,1000.0
1167280,1000.0
1167288,1000.0
1167592,1000.0
1167704,1000.0
1168184,1000.0
1168528,1000.0
1168608,1000.0
1168760,1000.0
1169192,1000.0
1169200,1000.0
1169504,1000.0
1169616,1000.0
1169880,604.0
1170096,1000.0
1170440,1000.0
1170520,1000.0
1171104,1000.0
1171112,1000.0
1171416,1000.0
1171528,1000.0
1171792,1000.0
1172008,1000.0
1172352,1000.0
1172432,1000.0
1173016,1000.0
1173024,1000.0
1173328,1000.0
1173440,1000.0
1173704,1000.0
1173920,1000.0
1174264,1000.0
1174344,1000.0
1174928,1000.0
1174936,1000.0
1175240,1000.0
1175352,1000.0
1175616,1000.0
1175832,1000.0
1176176,1000.0
1176256,1000.0
1176840,1000.0
1176848,1000.0
1177152,1000.0
1177264,1000.0
1177528,1000.0
1177744,1000.0
1178088,1000.0
1178168,1000.0
1178752,1000.0
1178760,1000.0
1179064,1000.0
1179176,1000.0
1179208,563.0
1179440,1000.0
1179656,1000.0
1180000,1000.0
1180664,1000.0
1180672,1000.0
1180976,1000.0
1181088,1000.0
1181120,1000.0
1181352,1000.0
1181568,1000.0
1181912,1000.0
1182576,1000.0
1182584,1000.0
1182888,1000.0
1183000,1000.0
1183032,1000.0
1183264,1000.0
1183480,1000.0
1183824,1000.0
1184488,1000.0
1184496,1000.0
1184800,1000.0
1184912,1000.0
1184944,1000.0
1185176,1000.0
1185392,1000.0
1185736,1000.0
1186400,1000.0
1186408,1000.0
1186712,1000.0
1186824,1000.0
1186856,1000.0
1187088,1000.0
1187304,1000.0
1187648,1000.0
1187896,564.0
1188312,1000.0
1188320,1000.0
1188624,1000.0
1188736,1000.0
1189000,1000.0
1189216,1000.0
1189560,1000.0
1189808,1000.0
1190224,1000.0
1190232,1000.0
1190536,1000.0
1190648,1000.0
1190912,1000.0
1191128,1000.0
1191472,1000.0
1191720,1000.0
1192136,1000.0
1192144,1000.0
1192448,1000.0
1192560,1000.0
1192824,1000.0
1193040,1000.0
1193384,1000.0
1193632,1000.0
1194048,1000.0
1194056,1000.0
1194360,1000.0
1194472,1000.0
1194736,1000.0
1194952,1000.0
1195296,1000.0
1195544,1000.0
1195960,1000.0
1195968,1000.0
1196272,1000.0
1196384,1000.0
1196648,1000.0
1196864,1000.0
1197208,1000.0
1197456,1000.0
1197872,1000.0
1197880,1000.0
1197904,563.0
1198184,1000.0
1198296,1000.0
1198560,1000.0
1199120,1000.0
1199368,1000.0
1199784,1000.0
1199792,1000.0
1199816,1000.0
1200096,1000.0
1200208,1000.0
1200472,1000.0
1201032,1000.0
1201280,1000.0
1201696,1000.0
1201704,1000.0
1201728,1000.0
1202008,1000.0
1202120,1000.0
1202384,1000.0
1202944,1000.0
1203192,1000.0
1203608,1000.0
1203616,1000.0
1203640,1000.0
1203920,1000.0
1204032,1000.0
1204296,1000.0
1204856,1000.0
1205104,1000.0
1205520,1000.0
1205528,1000.0
1205552,1000.0
1205832,1000.0
1205944,1000.0
1206208,1000.0
1206768,1000.0
1207016,1000.0
1207432,1000.0
1207440,1000.0
1207464,1000.0
1207744,1000.0
1207856,1000.0
1208120,1000.0
1208480,563.0
1208680,1000.0
1208928,1000.0
1209344,1000.0
1209376,1000.0
1209656,1000.0
1209768,1000.0
1210032,1000.0
1210392,1000.0
1210592,1000.0
1210840,1000.0
1211256,1000.0
1211288,1000.0
1211568,1000.0
1211680,1000.0
1211944,1000.0
1212304,1000.0
1212368,583.0
1212504,1000.0
1212752,1000.0
1213168,1000.0
1213480,1000.0
1213592,1000.0
1213856,1000.0
1214216,1000.0
1214280,1000.0
1214416,1000.0
1214664,1000.0
1215080,1000.0
1215392,1000.0
1215504,1000.0
1215768,1000.0
1216128,1000.0
1216192,1000.0
1216328,1000.0
1216576,1000.0
1216992,1000.0
1217304,1000.0
1217416,1000.0
1217680,1000.0
1218040,1000.0
1218104,1000.0
1218240,1000.0
1218488,1000.0
1218904,1000.0
1219080,563.0
1219216,1000.0
1219328,1000.0
1219592,1000.0
1220016,1000.0
1220152,1000.0
1220400,1000.0
1220816,1000.0
1220992,1000.0
1221128,1000.0
1221240,1000.0
1221504,1000.0
1221928,1000.0
1222064,1000.0
1222312,1000.0
1222728,1000.0
1222904,1000.0
1223040,1000.0
1223152,1000.0
1223416,1000.0
1223840,1000.0
1223976,1000.0
1224224,1000.0
1224640,1000.0
1224816,1000.0
1224952,1000.0
1225064,1000.0
1225328,1000.0
1225752,1000.0
1225888,1000.0
1226136,1000.0
1226552,1000.0
1226728,1000.0
1226864,1000.0
1226976,1000.0
1227168,559.0
1227240,1000.0
1227664,1000.0
1227800,1000.0
1228464,1000.0
1228640,1000.0
1228776,1000.0
1228888,1000.0
1229080,1000.0
1229152,1000.0
1229576,1000.0
1229712,1000.0
1230376,1000.0
1230552,1000.0
1230688,1000.0
1230800,1000.0
1230992,1000.0
1231064,1000.0
1231488,1000.0
1231624,1000.0
1232288,1000.0
1232464,1000.0
1232600,1000.0
1232712,1000.0
1232904,1000.0
1232976,1000.0
1233400,1000.0
1233536,1000.0
1234200,1000.0
1234376,1000.0
1234512,1000.0
1234624,1000.0
1234816,1000.0
1234888,1000.0
1235312,1000.0
1235448,1000.0
1236112,1000.0
1236288,1000.0
1236424,1000.0
1236536,1000.0
1236728,1000.0
1236800,1000.0
1237224,1000.0
1237360,1000.0
1238024,1000.0
1238200,1000.0
1238336,1000.0
1238448,1000.0
1238640,1000.0
1238712,1000.0
1239136,1000.0
1239272,1000.0
1239936,1000.0
1240112,1000.0
1240248,1000.0
1240360,1000.0
1240552,1000.0
1240624,1000.0
1241048,1000.0
1241184,1000.0
1241848,1000.0
1242024,1000.0
1242160,1000.0
1242272,1000.0
1242464,1000.0
1242536,1000.0
1243096,1000.0
1243760,1000.0
1243936,1000.0
1244072,1000.0
1244184,1000.0
1244248,1000.0
1244376,1000.0
1244448,1000.0
1245008,1000.0
1245672,1000.0
1245848,1000.0
1245984,1000.0
1246096,1000.0
1246160,1000.0
1246288,1000.0
1246360,1000.0
1246920,1000.0
1247584,1000.0
1247760,1000.0
1247896,1000.0
1248008,1000.0
1248072,1000.0
1248200,1000.0
1248272,1000.0
1248832,1000.0
1249496,1000.0
1249672,1000.0
1249808,1000.0
1249920,1000.0
1249984,1000.0
1250112,1000.0
1250184,1000.0
1250744,1000.0
1251408,1000.0
1251584,1000.0
1251720,1000.0
1251832,1000.0
1251896,1000.0
1252024,1000.0
1252096,1000.0
1252656,1000.0
1253320,1000.0
1253496,1000.0
1253496,933.0
1253744,1000.0
1253808,1000.0
1253936,1000.0
1254008,1000.0
1254568,1000.0
1255232,1000.0
1255408,1000.0
1255408,1000.0
1255656,1000.0
1255720,1000.0
1255848,1000.0
1255920,1000.0
1256480,1000.0
1256696,563.0
1257144,1000.0
1257320,1000.0
1257320,1000.0
1257632,1000.0
1257760,1000.0
1257832,1000.0
1258392,1000.0
1258608,1000.0
1259056,1000.0
1259232,1000.0
1259232,1000.0
1259544,1000.0
1259672,1000.0
1259744,1000.0
1260304,1000.0
1260520,1000.0
1260968,1000.0
1261144,1000.0
1261144,1000.0
1261456,1000.0
1261584,1000.0
1261656,1000.0
1262216,1000.0
1262432,1000.0
1262624,563.0
1262880,1000.0
1263056,1000.0
1263056,1000.0
1263368,1000.0
1263568,1000.0
1264128,1000.0
1264344,1000.0
1264536,1000.0
1264792,1000.0
1264968,1000.0
1264968,1000.0
1265280,1000.0
1265480,1000.0
1266040,1000.0
1266256,1000.0
1266448,1000.0
1266704,1000.0
1266880,1000.0
1266880,1000.0
1267192,1000.0
1267392,1000.0
1267952,1000.0
1268168,1000.0
1268360,1000.0
1268616,1000.0
1268792,1000.0
1268792,1000.0
1269104,1000.0
1269304,1000.0
1269864,1000.0
1270080,1000.0
1270272,1000.0
1270528,1000.0
1270704,1000.0
1270704,1000.0
1271016,1000.0
1271216,1000.0
1271776,1000.0
1271992,1000.0
1272184,1000.0
1272440,1000.0
1272616,1000.0
1272928,1000.0
1273128,1000.0
1273688,1000.0
1273904,1000.0
1274096,1000.0
1274256,1000.0
1274352,1000.0
1274528,1000.0
1274840,1000.0
1275040,1000.0
1275600,1000.0
1275816,1000.0
1276008,1000.0
1276168,1000.0
1276264,1000.0
1276440,1000.0
1276752,1000.0
1276952,1000.0
1277512,1000.0
1277728,1000.0
1277920,1000.0
1278080,1000.0
1278176,1000.0
1278352,1000.0
1278664,1000.0
1278864,1000.0
1279424,1000.0
1279640,1000.0
1279832,1000.0
1279992,1000.0
1280088,1000.0
1280264,1000.0
1280576,1000.0
1280776,1000.0
1281136,615.0
1281336,1000.0
1281552,1000.0
1281744,1000.0
1282000,1000.0
1282176,1000.0
1282488,1000.0
1282688,1000.0
1283048,1000.0
1283248,1000.0
1283464,1000.0
1283656,1000.0
1283912,1000.0
1284088,1000.0
1284400,1000.0
1284600,1000.0
1284960,1000.0
1285160,1000.0
1285376,1000.0
1285568,1000.0
1285824,1000.0
1286000,1000.0
1286312,1000.0
1286512,1000.0
1286872,1000.0
1287072,1000.0
1287288,1000.0
1287480,1000.0
1287736,1000.0
1287912,1000.0
1288224,1000.0
1288424,1000.0
1288784,1000.0
1288984,1000.0
1289200,1000.0
1289392,1000.0
1289648,1000.0
1289824,1000.0
1290136,1000.0
1290336,1000.0
1290696,1000.0
1290896,1000.0
1291112,1000.0
1291304,1000.0
1291560,1000.0
1291736,1000.0
1292048,1000.0
1292248,1000.0
1292608,1000.0
1292808,1000.0
1293024,1000.0
1293216,1000.0
1293472,1000.0
1293648,1000.0
1293960,1000.0
1294160,1000.0
1294520,1000.0
1294720,1000.0
1294936,1000.0
1295128,1000.0
1295384,1000.0
1295560,1000.0
1295872,1000.0
1296072,1000.0
1296432,1000.0
1296632,1000.0
1296848,1000.0
1297112,563.0
1297296,1000.0
1297472,1000.0
1297784,1000.0
1298344,1000.0
1298544,1000.0
1298664,1000.0
1298760,1000.0
1299024,1000.0
1299208,1000.0
1299384,1000.0
1299696,1000.0
1300256,1000.0
1300456,1000.0
1300576,1000.0
1300672,1000.0
1300936,1000.0
1301120,1000.0
1301296,1000.0
1301608,1000.0
1302368,1000.0
1302488,1000.0
1302584,1000.0
1302848,1000.0
1303032,1000.0
1303208,1000.0
1303520,1000.0
1303816,1000.0
1304280,1000.0
1304400,1000.0
1304496,1000.0
1304760,1000.0
1304944,1000.0
1305120,1000.0
1305432,1000.0
1305728,1000.0
1306192,1000.0
1306312,1000.0
1306408,1000.0
1306672,1000.0
1306856,1000.0
1307032,1000.0
1307344,1000.0
1307640,1000.0
1308104,1000.0
1308224,1000.0
1308320,1000.0
1308584,1000.0
1308768,1000.0
1308944,1000.0
1309256,1000.0
1309552,1000.0
1310016,1000.0
1310136,1000.0
1310232,1000.0
1310496,1000.0
1310680,1000.0
1310856,1000.0
1311168,1000.0
1311464,1000.0
1311928,1000.0
1312048,1000.0
1312144,1000.0
1312408,1000.0
1312592,1000.0
1312768,1000.0
1313080,1000.0
1313376,1000.0
1313840,1000.0
1313960,1000.0
1314056,1000.0
1314320,1000.0
1314680,1000.0
1314992,1000.0
1315288,1000.0
1315752,1000.0
1315872,1000.0
1315968,1000.0
1316224,1000.0
1316232,1000.0
1316592,1000.0
1316904,559.0
1316904,1000.0
1317200,1000.0
1317664,1000.0
1317880,1000.0
1318136,1000.0
1318144,1000.0
1318504,1000.0
1318816,1000.0
1318816,1000.0
1319112,1000.0
1319576,1000.0
1319792,1000.0
1320048,1000.0
1320056,1000.0
1320416,1000.0
1320728,1000.0
1320728,1000.0
1321024,1000.0
1321488,1000.0
1321704,1000.0
1321960,1000.0
1321968,1000.0
1322328,1000.0
1322640,1000.0
1322640,1000.0
1322936,1000.0
1323400,1000.0
1323616,1000.0
1323872,996.0
1323872,1000.0
1324240,1000.0
1324552,1000.0
1324552,1000.0
1324648,900.0
1325312,1000.0
1325528,1000.0
1325784,1000.0
1325784,1000.0
1326152,1000.0
1326464,1000.0
1326464,1000.0
1326560,1000.0
1327224,1000.0
1327440,1000.0
1327696,1000.0
1327696,1000.0
1328064,1000.0
1328376,1000.0
1328376,1000.0
1328472,1000.0
1329136,1000.0
1329352,1000.0
1329608,1000.0
1329608,1000.0
1329976,1000.0
1330288,1000.0
1330288,1000.0
1330384,1000.0
1331048,1000.0
1331264,1000.0
1331520,1000.0
1331520,1000.0
1331888,1000.0
1332200,1000.0
1332200,1000.0
1332296,1000.0
1332960,1000.0
1333176,1000.0
1333432,1000.0
1333432,1000.0
1333800,1000.0
1334112,1000.0
1334112,1000.0
1334208,1000.0
1334872,1000.0
1335088,1000.0
1335344,1000.0
1335344,1000.0
1335712,1000.0
1336024,1000.0
1336024,1000.0
1336120,1000.0
1336784,1000.0
1337000,1000.0
1337256,1000.0
1337256,1000.0
1337496,938.0
1337936,1000.0
1337936,1000.0
1338032,1000.0
1338696,1000.0
1338912,1000.0
1339168,1000.0
1339168,1000.0
1339408,1000.0
1339848,1000.0
1339848,1000.0
1339944,1000.0
1340208,563.0
1340608,1000.0
1340824,1000.0
1341080,1000.0
1341320,1000.0
1341760,1000.0
1341760,1000.0
1341856,1000.0
1342120,1000.0
1342520,1000.0
1342736,1000.0
1342992,1000.0
1343232,1000.0
1343672,1000.0
1343672,1000.0
1343768,1000.0
1344032,1000.0
1344432,1000.0
1344648,1000.0
1344904,1000.0
1345144,1000.0
1345584,1000.0
1345584,1000.0
1345680,1000.0
1345944,1000.0
1346344,1000.0
1346560,1000.0
1346816,1000.0
1347056,1000.0
1347496,1000.0
1347496,1000.0
1347592,1000.0
1347856,1000.0
1348256,1000.0
1348472,1000.0
1348728,1000.0
1348968,1000.0
1349408,1000.0
1349408,1000.0
1349504,1000.0
1349768,1000.0
1350168,1000.0
1350384,1000.0
1350640,1000.0
1351320,1000.0
1351320,1000.0
1351416,1000.0
1351680,1000.0
1352080,1000.0
1352296,1000.0
1352552,1000.0
1352632,1000.0
1353232,1000.0
1353232,1000.0
1353328,1000.0
1353592,1000.0
1353992,1000.0
1354208,1000.0
1354544,1000.0
1355144,1000.0
1355144,1000.0
1355240,1000.0
1355504,1000.0
1355904,1000.0
1356120,1000.0
1356184,1000.0
1356456,1000.0
1357056,1000.0
1357056,1000.0
1357152,1000.0
1357416,1000.0
1357816,1000.0
1358032,1000.0
1358096,1000.0
1358368,1000.0
1358968,1000.0
1358968,1000.0
1359064,1000.0
1359328,1000.0
1359728,1000.0
1359944,1000.0
1360000,559.0
1360008,1000.0
1360280,1000.0
1360976,1000.0
1361240,1000.0
1361640,1000.0
1361856,1000.0
1361912,1000.0
1361920,1000.0
1362192,1000.0
1362616,1000.0
1362888,1000.0
1363152,1000.0
1363552,1000.0
1363768,1000.0
1363824,1000.0
1363832,1000.0
1364104,1000.0
1364528,1000.0
1364800,1000.0
1365064,1000.0
1365464,1000.0
1365680,1000.0
1365736,1000.0
1365744,1000.0
1366016,1000.0
1366440,1000.0
1366712,1000.0
1366976,1000.0
1367376,1000.0
1367592,1000.0
1367648,1000.0
1367656,1000.0
1367928,1000.0
1368352,1000.0
1368624,1000.0
1368888,1000.0
1369288,1000.0
1369504,1000.0
1369560,1000.0
1369568,1000.0
1369840,1000.0
1370264,1000.0
1370536,1000.0
1370800,1000.0
1371200,1000.0
1371416,1000.0
1371472,1000.0
1371480,1000.0
1371752,1000.0
1372176,1000.0
1372448,1000.0
1372712,1000.0
1373112,1000.0
1373328,1000.0
1373384,1000.0
1373392,1000.0
1373664,1000.0
1374088,1000.0
1374360,1000.0
1374624,1000.0
1375024,1000.0
1375240,1000.0
1375296,1000.0
1375304,1000.0
1375576,1000.0
1376000,1000.0
1376272,1000.0
1376536,1000.0
1376936,1000.0
1377208,1000.0
1377216,1000.0
1377488,1000.0
1377912,1000.0
1378184,1000.0
1378448,1000.0
1378848,1000.0
1378856,1000.0
1379120,1000.0
1379128,1000.0
1379400,1000.0
1379824,1000.0
1380096,1000.0
1380360,1000.0
1380760,1000.0
1380768,1000.0
1381032,1000.0
1381040,1000.0
1381312,1000.0
1381736,1000.0
1382008,1000.0
1382272,1000.0
1382656,990.0
1382672,1000.0
1382944,1000.0
1382952,1000.0
1383224,1000.0
1383648,1000.0
1383920,1000.0
1384184,1000.0
1384568,1000.0
1384584,1000.0
1384856,1000.0
1384864,1000.0
1385136,1000.0
1385560,1000.0
1385832,1000.0
1386096,1000.0
1386480,1000.0
1386496,1000.0
1386768,1000.0
1386776,1000.0
1387048,1000.0
1387472,1000.0
1387744,1000.0
1388008,1000.0
1388392,1000.0
1388408,1000.0
1388680,1000.0
1388688,1000.0
1388960,1000.0
1389384,1000.0
1389656,1000.0
1389920,1000.0
1390304,1000.0
1390320,1000.0
1390592,1000.0
1390600,1000.0
1390872,1000.0
1391296,1000.0
1391568,1000.0
1391832,1000.0
1392216,1000.0
1392232,1000.0
1392504,1000.0
1392512,1000.0
1392784,1000.0
1393208,1000.0
1393480,1000.0
1393744,1000.0
1394128,1000.0
1394144,1000.0
1394416,1000.0
1394424,1000.0
1394696,1000.0
1395120,1000.0
1395392,1000.0
1395656,1000.0
1396040,1000.0
1396056,1000.0
1396096,884.0
1396336,1000.0
1396608,1000.0
1397032,1000.0
1397304,1000.0
1397568,1000.0
1397952,1000.0
1397968,1000.0
1398008,1000.0
1398248,1000.0
1398520,1000.0
1398944,1000.0
1399216,1000.0
1399480,1000.0
1399864,1000.0
1399920,1000.0
1400432,1000.0
1400856,1000.0
1401128,1000.0
1401392,1000.0
1401528,1000.0
1401776,1000.0
1401832,1000.0
1402048,1000.0
1402344,1000.0
1402768,1000.0
1403040,1000.0
1403304,1000.0
1403440,1000.0
1403688,1000.0
1403744,1000.0
1403960,1000.0
1404256,1000.0
1404680,1000.0
1404952,1000.0
1405216,1000.0
1405352,1000.0
1405600,1000.0
1405656,1000.0
1405872,1000.0
1406168,1000.0
1406592,1000.0
1406864,1000.0
1407128,1000.0
1407264,1000.0
1407512,1000.0
1407568,1000.0
1407784,1000.0
1408080,1000.0
1408504,1000.0
1408776,1000.0
1409040,1000.0
1409176,1000.0
1409424,1000.0
1409480,1000.0
1409696,1000.0
1409992,1000.0
1410416,1000.0
1410688,1000.0
1410952,1000.0
1411088,1000.0
1411336,1000.0
1411392,1000.0
1411608,1000.0
1412328,1000.0
1412600,1000.0
1412864,1000.0
1413000,1000.0
1413248,1000.0
1413304,1000.0
1413520,1000.0
1413664,1000.0
1414512,1000.0
1414776,1000.0
1414912,1000.0
1415160,1000.0
1415216,1000.0
1415432,1000.0
1415576,1000.0
1416048,1000.0
1416424,1000.0
1416688,1000.0
1416824,1000.0
1417072,1000.0
1417128,1000.0
1417344,1000.0
1417488,1000.0
1417960,1000.0
1418600,1000.0
1418736,1000.0
1418984,1000.0
1419040,1000.0
1419256,1000.0
1419400,1000.0
1419872,1000.0
1420128,1000.0
1420512,1000.0
1420648,1000.0
1420896,1000.0
1420952,1000.0
1421168,1000.0
1421312,1000.0
1421784,1000.0
1422040,1000.0
1422424,1000.0
1422560,1000.0
1422864,1000.0
1423080,1000.0
1423224,1000.0
1423696,1000.0
1423952,1000.0
1424336,1000.0
1424472,1000.0
1424480,1000.0
1424776,1000.0
1425136,1000.0
1425608,1000.0
1425864,1000.0
1426248,1000.0
1426384,1000.0
1426392,1000.0
1426688,1000.0
1426816,1000.0
1427048,1000.0
1427520,1000.0
1427776,1000.0
1428160,1000.0
1428304,1000.0
1428600,1000.0
1428728,1000.0
1428960,1000.0
1429432,1000.0
1429688,1000.0
1429864,1000.0
1430072,1000.0
1430216,1000.0
1430512,1000.0
1430640,1000.0
1430872,1000.0
1431248,825.0
1431344,1000.0
1431776,1000.0
1431984,1000.0
1432128,1000.0
1432424,1000.0
1432552,1000.0
1432784,1000.0
1433160,1000.0
1433256,1000.0
1433896,1000.0
1434040,1000.0
1434336,1000.0
1434448,1000.0
1434464,1000.0
1434696,1000.0
1435072,1000.0
1435168,1000.0
1435808,1000.0
1435952,1000.0
1436248,1000.0
1436360,1000.0
1436376,1000.0
1436608,1000.0
1436984,1000.0
1437080,1000.0
1437720,1000.0
1437864,1000.0
1438160,1000.0
1438272,1000.0
1438288,1000.0
1438520,1000.0
1438896,1000.0
1438992,1000.0
1439632,1000.0
1439776,1000.0
1440072,1000.0
1440184,1000.0
1440200,1000.0
1440432,1000.0
1440808,1000.0
1440904,1000.0
1441688,1000.0
1441984,1000.0
1442096,1000.0
1442112,1000.0
1442344,1000.0
1442720,1000.0
1442816,1000.0
1443168,1000.0
1443600,1000.0
1443896,1000.0
1444008,1000.0
1444024,1000.0
1444256,1000.0
1444632,1000.0
1444728,1000.0
1445080,1000.0
1445512,1000.0
1445808,1000.0
1445920,1000.0
1445936,1000.0
1446168,1000.0
1446544,1000.0
1446640,1000.0
1446992,1000.0
1447424,1000.0
1447720,1000.0
1447832,1000.0
1447848,1000.0
1448080,1000.0
1448456,1000.0
1448552,1000.0
1448904,1000.0
1449064,659.0
1449336,1000.0
1449632,1000.0
1449760,1000.0
1449992,1000.0
1450368,1000.0
1450464,1000.0
1450696,725.0
1450816,1000.0
1450976,1000.0
1451544,1000.0
1451672,1000.0
1451904,1000.0
1452280,1000.0
1452376,1000.0
1452608,1000.0
1452728,1000.0
1452888,1000.0
1453456,1000.0
1453584,1000.0
1453928,563.0
1454192,1000.0
1454288,1000.0
1454520,1000.0
1454640,1000.0
1455368,1000.0
1455496,1000.0
1455536,1000.0
1455840,1000.0
1456104,1000.0
1456200,1000.0
1456432,1000.0
1456552,1000.0
1457280,1000.0
1457408,1000.0
1457448,1000.0
1457560,608.0
1457752,1000.0
1458016,1000.0
1458112,1000.0
1458464,1000.0
1459192,1000.0
1459320,1000.0
1459360,1000.0
1459472,1000.0
1459664,1000.0
1460024,1000.0
1460376,1000.0
1461104,1000.0
1461232,1000.0
1461272,1000.0
1461384,1000.0
1461576,1000.0
1461832,1000.0
1461936,1000.0
1462288,1000.0
1463016,1000.0
1463144,1000.0
1463184,1000.0
1463488,1000.0
1463744,1000.0
1463848,1000.0
1464824,950.0
1465016,1000.0
1465056,1000.0
1465096,1000.0
1465400,1000.0
1465656,1000.0
1465760,1000.0
1465816,1000.0
1466736,1000.0
1466824,927.0
1466928,1000.0
1467008,1000.0
1467312,1000.0
1467568,1000.0
1467672,1000.0
1467728,1000.0
1468648,1000.0
1468736,1000.0
1468840,1000.0
1468920,1000.0
1469224,1000.0
1469480,1000.0
1469584,1000.0
1469640,1000.0
1470560,1000.0
1470648,1000.0
1470752,1000.0
1470832,1000.0
1471136,1000.0
1471392,1000.0
1471496,1000.0
1471552,1000.0
1472472,1000.0
1472560,1000.0
1472664,1000.0
1472744,1000.0
1473048,1000.0
1473304,1000.0
1473408,1000.0
1473464,1000.0
1474384,1000.0
1474472,1000.0
1474576,1000.0
1474656,1000.0
1474960,1000.0
1475216,1000.0
1475320,1000.0
1475376,1000.0
1476296,955.0
1476296,1000.0
1476488,1000.0
1476568,1000.0
1476872,1000.0
1477128,1000.0
1477232,1000.0
1477288,1000.0
1478208,1000.0
1478208,1000.0
1478400,1000.0
1478480,1000.0
1478784,1000.0
1479040,1000.0
1479144,1000.0
1479160,980.0
1480120,1000.0
1480120,1000.0
1480312,1000.0
1480392,1000.0
1480696,1000.0
1480952,1000.0
1481056,1000.0
1481072,1000.0
1481704,836.0
1482032,1000.0
1482224,1000.0
1482304,1000.0
1482864,1000.0
1482968,1000.0
1482984,1000.0
1483616,1000.0
1483944,1000.0
1484136,1000.0
1484216,1000.0
1484224,1000.0
1484776,1000.0
1484880,1000.0
1484896,1000.0
1485192,832.0
1485856,1000.0
1486048,1000.0
1486128,1000.0
1486688,1000.0
1486736,964.0
1486792,1000.0
1487104,1000.0
1487768,1000.0
1487840,1000.0
1487960,1000.0
1488040,1000.0
1488368,884.0
1488704,1000.0
1489016,1000.0
1489680,1000.0
1489752,1000.0
1489872,1000.0
1489952,1000.0
1490280,1000.0
1490400,1000.0
1490616,1000.0
1490928,1000.0
1491592,1000.0
1491664,1000.0
1491784,1000.0
1491864,1000.0
1492192,1000.0
1492528,1000.0
1492840,1000.0
1493504,1000.0
1493576,1000.0
1493696,1000.0
1493776,1000.0
1494104,1000.0
1494168,1000.0
1494440,1000.0
1494752,1000.0
1495416,1000.0
1495488,1000.0
1495608,1000.0
1496016,1000.0
1496080,1000.0
1496352,1000.0
1496664,1000.0
1497328,1000.0
1497400,1000.0
1497520,1000.0
1497520,1000.0
1497928,1000.0
1497992,1000.0
1498576,1000.0
1499240,1000.0
1499312,1000.0
1499432,1000.0
1499432,1000.0
1499728,914.0
1499776,1000.0
1499840,1000.0
1500488,1000.0
1501152,1000.0
1501224,1000.0
1501344,1000.0
1501344,1000.0
1501688,1000.0
1501752,1000.0
1502400,1000.0
1502856,801.0
1503064,1000.0
1503136,1000.0
1503256,1000.0
1503408,1000.0
1503600,1000.0
1503664,1000.0
1504312,1000.0
1504768,1000.0
1504976,1000.0
1505048,1000.0
1505168,1000.0
1505320,1000.0
1505512,1000.0
1505576,1000.0
1506224,1000.0
1506680,1000.0
1506888,1000.0
1506960,1000.0
1507080,1000.0
1507232,1000.0
1507424,1000.0
1507488,1000.0
1508136,1000.0
1508592,1000.0
1508800,1000.0
1508872,1000.0
1508992,1000.0
1509144,1000.0
1509336,1000.0
1509400,1000.0
1510048,1000.0
1510712,1000.0
1510784,1000.0
1510904,1000.0
1511056,1000.0
1511248,1000.0
1511312,1000.0
1511928,1000.0
1511960,1000.0
1512624,1000.0
1512696,1000.0
1512816,1000.0
1512968,1000.0
1513224,1000.0
1513840,1000.0
1513872,1000.0
1514336,866.0
1514536,1000.0
1514728,1000.0
1514864,1000.0
1514880,1000.0
1515136,1000.0
1515640,929.0
1515752,1000.0
1516248,1000.0
1516448,1000.0
1516640,1000.0
1516776,1000.0
1516792,1000.0
1517048,1000.0
1517552,1000.0
1518128,985.0
1518272,955.0
1518552,1000.0
1518648,843.0
1518688,1000.0
1518704,1000.0
1519416,1000.0
1519464,1000.0
1520040,1000.0
1520184,1000.0
1520464,1000.0
1520560,1000.0
1520600,1000.0
1520616,1000.0
1521328,1000.0
1521376,1000.0
1521952,1000.0
1522096,1000.0
1522376,1000.0
1522456,964.0
1522472,1000.0
1522512,1000.0
1523288,1000.0
1523864,1000.0
1524008,1000.0
1524288,1000.0
1524368,1000.0
1524384,1000.0
1524424,1000.0
1524720,1000.0
1525200,1000.0
1525760,563.0
1525776,1000.0
1525920,1000.0
1526200,1000.0
1526280,1000.0
1526296,1000.0
1526336,1000.0
1527112,1000.0
1527672,1000.0
1527688,1000.0
1527832,1000.0
1528112,1000.0
1528192,1000.0
1528208,1000.0
1528248,1000.0
1529024,1000.0
1529544,900.0
1529600,1000.0
1530024,1000.0
1530104,1000.0
1530120,1000.0
1530160,1000.0
1530936,1000.0
1531456,1000.0
1531488,1000.0
1531512,1000.0
1531936,1000.0
1532016,1000.0
1532032,1000.0
1532848,1000.0
1533368,1000.0
1533400,1000.0
1533424,1000.0
1533848,1000.0
1533888,1000.0
1533928,1000.0
1533944,1000.0
1534760,1000.0
1535064,891.0
1535312,1000.0
1535336,1000.0
1535760,1000.0
1535800,1000.0
1535840,1000.0
1535856,1000.0
1536672,1000.0
1536976,1000.0
1537224,1000.0
1537248,1000.0
1537648,939.0
1537672,1000.0
1537712,1000.0
1537752,1000.0
1538584,1000.0
1538888,1000.0
1539136,1000.0
1539160,1000.0
1539536,958.0
1539560,1000.0
1539584,1000.0
1540496,1000.0
1540800,1000.0
1541048,1000.0
1541400,1000.0
1541448,1000.0
1541472,1000.0
1541496,1000.0
1542408,1000.0
1542712,1000.0
1542792,1000.0
1542960,1000.0
1543360,1000.0
1543384,1000.0
1543408,1000.0
1544272,978.0
1544624,1000.0
1544704,1000.0
1544872,1000.0
1545056,1000.0
1545272,1000.0
1545296,1000.0
1545320,1000.0
1546184,1000.0
1546536,1000.0
1546616,1000.0
1546784,1000.0
1546968,1000.0
1547184,1000.0
1547208,1000.0
1548096,1000.0
1548448,1000.0
1548528,1000.0
1548696,1000.0
1548880,1000.0
1549096,1000.0
1549120,1000.0
1549120,1000.0
1550008,1000.0
1550360,1000.0
1550440,1000.0
1550608,1000.0
1551008,1000.0
1551032,1000.0
1551032,1000.0
1551920,1000.0
1552272,1000.0
1552352,1000.0
1552520,1000.0
1552568,1000.0
1552920,1000.0
1552944,1000.0
1552944,1000.0
1553832,1000.0
1554184,1000.0
1554432,1000.0
1554480,1000.0
1554832,1000.0
1554856,1000.0
1554856,1000.0
1555744,1000.0
1555984,1000.0
1556096,1000.0
1556344,1000.0
1556392,1000.0
1556744,1000.0
1556768,1000.0
1556768,1000.0
1557656,1000.0
1557896,1000.0
1558008,1000.0
1558304,1000.0
1558656,1000.0
1558680,1000.0
1558680,1000.0
1559568,1000.0
1559808,1000.0
1559808,1000.0
1559920,1000.0
1560216,1000.0
1560568,1000.0
1560592,1000.0
1560592,1000.0
1561480,1000.0
1561720,1000.0
1561720,1000.0
1561832,1000.0
1562128,1000.0
1562480,1000.0
1562504,1000.0
1562504,1000.0
1563392,1000.0
1563632,1000.0
1563632,1000.0
1563744,1000.0
1564040,1000.0
1564280,946.0
1564416,1000.0
1564416,1000.0
1565304,1000.0
1565544,1000.0
1565656,1000.0
1565952,1000.0
1566192,1000.0
1566328,1000.0
1566328,1000.0
1567216,1000.0
1567456,1000.0
1567568,1000.0
1567864,1000.0
1568104,1000.0
1568240,1000.0
1568240,1000.0
1568792,1000.0
1569128,1000.0
1569368,1000.0
1569480,1000.0
1569776,1000.0
1570152,1000.0
1570152,1000.0
1570704,1000.0
1571040,1000.0
1571280,1000.0
1571392,1000.0
1571688,1000.0
1571816,1000.0
1572064,1000.0
1572616,1000.0
1572952,1000.0
1573192,1000.0
1573216,956.0
1573600,1000.0
1573712,1000.0
1573728,1000.0
1573976,1000.0
1574528,1000.0
1574864,1000.0
1575104,1000.0
1575128,1000.0
1575512,1000.0
1575624,1000.0
1575640,1000.0
1575888,1000.0
1576776,1000.0
1577016,1000.0
1577040,1000.0
1577336,892.0
1577424,1000.0
1577536,1000.0
1577800,1000.0
1578216,1000.0
1578688,1000.0
1578928,1000.0
1578952,1000.0
1579248,1000.0
1579336,1000.0
1579448,1000.0
1579712,1000.0
1580128,1000.0
1580536,849.0
1580864,1000.0
1581160,1000.0
1581248,1000.0
1581360,1000.0
1581624,1000.0
1582040,1000.0
1582448,1000.0
1582448,1000.0
1583072,1000.0
1583160,1000.0
1583272,1000.0
1583536,1000.0
1583952,1000.0
1584272,1000.0
1584360,1000.0
1584360,1000.0
1584984,1000.0
1585184,1000.0
1585448,1000.0
1585864,1000.0
1586184,1000.0
1586272,1000.0
1586272,1000.0
1586792,1000.0
1586896,1000.0
1587056,980.0
1587776,1000.0
1588096,1000.0
1588112,573.0
1588184,1000.0
1588704,1000.0
1588808,1000.0
1589024,1000.0
1589688,1000.0
1590008,1000.0
1590016,1000.0
1590096,1000.0
1590616,1000.0
1590936,1000.0
1591600,1000.0
1591888,1000.0
1591912,995.0
1591928,1000.0
1592008,1000.0
1592408,1000.0
1592528,1000.0
1592848,1000.0
1593512,1000.0
1593800,1000.0
1593824,1000.0
1593840,1000.0
1593920,1000.0
1594320,1000.0
1594440,1000.0
1595424,1000.0
1595712,1000.0
1595712,980.0
1595720,991.0
1595832,1000.0
1596232,1000.0
1596352,1000.0
1596496,1000.0
1597336,1000.0
1597600,989.0
1597624,1000.0
1597632,1000.0
1598144,1000.0
1598264,1000.0
1598408,1000.0
1599248,1000.0
1599384,1000.0
1599512,1000.0
1599536,1000.0
1599544,1000.0
1600056,1000.0
1600176,1000.0
1600320,1000.0
1601160,1000.0
1601296,1000.0
1601424,1000.0
1601448,1000.0
1601456,1000.0
1601968,1000.0
1602088,1000.0
1602232,1000.0
1603072,1000.0
1603208,1000.0
1603336,1000.0
1603360,1000.0
1603368,1000.0
1603880,1000.0
1604000,1000.0
1604144,1000.0
1604984,1000.0
1605120,1000.0
1605248,1000.0
1605256,993.0
1605280,1000.0
1605792,1000.0
1606056,1000.0
1606896,1000.0
1607032,1000.0
1607192,1000.0
1607704,1000.0
1607776,1000.0
1607968,1000.0
1608944,1000.0
1609016,1000.0
1609056,1000.0
1609616,1000.0
1609688,1000.0
1609880,1000.0
1610808,1000.0
1610856,1000.0
1610928,1000.0
1610968,1000.0
1611528,1000.0
1611600,999.0
1611792,1000.0
1612720,1000.0
1612768,1000.0
1612840,1000.0
1612880,1000.0
1613512,1000.0
1613704,1000.0
1613784,1000.0
1614552,563.0
1614608,990.0
1614680,1000.0
1614752,1000.0
1614792,1000.0
1615144,1000.0
1615616,1000.0
1615696,1000.0
1616464,1000.0
1616520,1000.0
1616664,1000.0
1616704,1000.0
1617056,1000.0
1617528,1000.0
1617608,1000.0
1618304,1000.0
1618312,968.0
1618352,890.0
1618432,1000.0
1618616,1000.0
1618968,1000.0
1619440,1000.0
1619520,1000.0
1620216,1000.0
1620224,1000.0
1620264,1000.0
1620344,1000.0
1620528,1000.0
1620880,1000.0
1621352,1000.0
1621432,1000.0
1622136,1000.0
1622176,1000.0
1622256,1000.0
1622440,1000.0
1622792,1000.0
1623264,1000.0
1623344,1000.0
1623584,1000.0
1624048,1000.0
1624088,1000.0
1624168,1000.0
1624352,1000.0
1624376,838.0
1625104,926.0
1625496,1000.0
1626000,1000.0
1626080,1000.0
1626264,1000.0
1626288,1000.0
1626968,1000.0
1627408,1000.0
1627912,1000.0
1627992,1000.0
1628176,1000.0
1628200,1000.0
1628704,1000.0
1628880,1000.0
1629240,1000.0
1629320,1000.0
1629824,1000.0
1629904,1000.0
1630088,1000.0
1630112,1000.0
1630616,1000.0
1630792,1000.0
1631152,1000.0
1631232,1000.0
1631736,1000.0
1631816,1000.0
1632000,1000.0
1632024,1000.0
1632528,1000.0
1632704,1000.0
1633064,1000.0
1633144,1000.0
1633648,1000.0
1633936,1000.0
1634440,1000.0
1634616,1000.0
1634976,1000.0
1635056,1000.0
1635624,1000.0
1635848,1000.0
1636352,1000.0
1636528,1000.0
1636888,1000.0
1636968,1000.0
1637032,890.0
1637120,1000.0
1637536,1000.0
1637760,1000.0
1638264,1000.0
1638440,1000.0
1638800,1000.0
1638880,1000.0
1638944,1000.0
1639032,1000.0
1640176,1000.0
1640352,1000.0
1640712,1000.0
1640792,1000.0
1640856,1000.0
1640944,1000.0
1641168,1000.0
1642088,1000.0
1642264,1000.0
1642624,1000.0
1642704,1000.0
1642768,1000.0
1642840,1000.0
1642856,1000.0
1643064,992.0
1644000,1000.0
1644176,1000.0
1644536,1000.0
1644680,1000.0
1644752,1000.0
1644768,1000.0
1644976,1000.0
1645912,1000.0
1646088,1000.0
1646448,1000.0
1646592,1000.0
1646664,1000.0
1646680,1000.0
1646888,1000.0
1647824,1000.0
1648000,1000.0
1648192,993.0
1648328,986.0
1648576,1000.0
1648592,1000.0
1648800,1000.0
1649736,1000.0
1649912,1000.0
1650104,1000.0
1650240,1000.0
1650280,890.0
1650392,1000.0
1650488,1000.0
1650712,1000.0
1651648,1000.0
1651824,1000.0
1652016,1000.0
1652192,1000.0
1652304,1000.0
1652624,1000.0
1653560,1000.0
1653736,1000.0
1653928,1000.0
1654104,1000.0
1654208,1000.0
1654216,1000.0
1654536,1000.0
1655472,1000.0
1655584,1000.0
1655648,1000.0
1655840,1000.0
1656016,1000.0
1656120,1000.0
1656128,1000.0
1656448,1000.0
1657384,1000.0
1657456,980.0
1657560,1000.0
1657752,1000.0
1657928,1000.0
1658040,1000.0
1658160,901.0
1659224,963.0
1659368,1000.0
1659472,1000.0
1659664,1000.0
1659752,1000.0
1659752,955.0
1660072,1000.0
1661096,908.0
1661136,1000.0
1661384,1000.0
1661576,1000.0
1661648,993.0
1661664,1000.0
1661664,1000.0
1661984,1000.0
1663008,1000.0
1663488,1000.0
1663560,1000.0
1663576,1000.0
1663576,1000.0
1663896,1000.0
1664744,1000.0
1664920,1000.0
1665400,1000.0
1665472,1000.0
1665488,1000.0
1665488,1000.0
1666656,1000.0
1667296,993.0
1667384,1000.0
1667400,1000.0
1667680,1000.0
1668536,1000.0
1668568,1000.0
1669088,1000.0
1669208,1000.0
1669296,1000.0
1669312,1000.0
1669592,1000.0
1670024,1000.0
1670448,1000.0
1670480,1000.0
1670832,917.0
1671120,1000.0
1671208,1000.0
1672360,1000.0
1672392,1000.0
1672744,1000.0
1672832,869.0
1673032,1000.0
1673064,1000.0
1674272,1000.0
1674304,1000.0
1674744,1000.0
1674816,1000.0
1674944,1000.0
1674976,1000.0
1675176,1000.0
1676216,1000.0
1676392,1000.0
1676728,1000.0
1676856,1000.0
1677968,1000.0
1678128,1000.0
1678272,1000.0
1678304,1000.0
1678640,1000.0
1678768,1000.0
1678776,1000.0
1679880,1000.0
1679952,868.0
1680184,1000.0
1680264,1000.0
1680552,1000.0
1680648,983.0
1680688,1000.0
1681760,1000.0
1681792,1000.0
1681864,1000.0
1682096,1000.0
1682176,1000.0
1682464,1000.0
1682560,1000.0
1682600,1000.0
1683672,1000.0
1683776,1000.0
1684008,1000.0
1684088,1000.0
1684472,1000.0
1685424,1000.0
1685584,1000.0
1685688,1000.0
1686000,1000.0
1686080,1000.0
1686432,1000.0
1687328,915.0
1687336,1000.0
1687600,1000.0
1687992,1000.0
1688072,1000.0
1688184,1000.0
1689224,993.0
1689904,1000.0
1689984,1000.0
1690096,1000.0
1690160,1000.0
1690752,1000.0
1691472,1000.0
1691816,1000.0
1691896,1000.0
1692008,1000.0
1692912,1000.0
1692968,1000.0
1693384,1000.0
1693712,1000.0
1693728,1000.0
1693808,1000.0
1694536,1000.0
1694880,1000.0
1695296,1000.0
1695640,1000.0
1696448,1000.0
1696560,1000.0
1696792,1000.0
1697208,1000.0
1697280,1000.0
1697328,1000.0
1697448,1000.0
1697552,1000.0
1698360,1000.0
1698472,1000.0
1698704,1000.0
1699120,1000.0
1699192,1000.0
1699360,1000.0
1699464,1000.0
1700272,1000.0
1700384,1000.0
1700600,991.0
1701032,1000.0
1701104,1000.0
1701272,1000.0
1702184,1000.0
1702704,1000.0
1702944,1000.0
1703080,1000.0
1703168,993.0
1704096,1000.0
1704312,1000.0
1704616,1000.0
1705080,1000.0
1705432,967.0
1706008,1000.0
1706224,1000.0
1706392,966.0
1706528,1000.0
1706664,1000.0
1706992,1000.0
1707344,1000.0
1707776,888.0
1707920,1000.0
1708304,1000.0
1708904,1000.0
1709688,1000.0
1709832,1000.0
1709952,1000.0
1710176,980.0
1710288,1000.0
1711744,1000.0
1711864,1000.0
1712200,1000.0
1712432,1000.0
1712520,1000.0
1713304,1000.0
1713656,1000.0
1713680,1000.0
1713792,1000.0
1714344,1000.0
1715216,1000.0
1715416,1000.0
1717128,1000.0
1717248,1000.0
1717312,1000.0
1717968,1000.0
1719040,1000.0
1719120,1000.0
1719160,1000.0
1719512,1000.0
1720760,1000.0
1720936,1000.0
1721032,1000.0
1721072,1000.0
1721336,1000.0
1722808,979.0
1722848,1000.0
1722912,984.0
1723064,1000.0
1723152,1000.0
1724104,863.0
1724976,1000.0
1725064,1000.0
1726384,1000.0
1726496,1000.0
1726520,1000.0
1726648,1000.0
1727432,853.0
1728144,1000.0
1728408,1000.0
1728432,1000.0
1728712,1000.0
1730056,1000.0
1730256,1000.0
1730624,1000.0
1731072,1000.0
1731704,1000.0
1731968,1000.0
1732016,1000.0
1732056,1000.0
1732984,1000.0
1733616,1000.0
1733712,1000.0
1733856,1000.0
1733928,1000.0
1733968,1000.0
1735528,1000.0
1735624,1000.0
1735768,1000.0
1735840,1000.0
1737536,1000.0
1737584,1000.0
1737664,1000.0
1737680,1000.0
1738376,1000.0
1739040,1000.0
1739448,1000.0
1739576,1000.0
1740288,1000.0
1740952,1000.0
1741304,1000.0
1741344,1000.0
1741360,1000.0
1742560,1000.0
1743192,1000.0
1743216,1000.0
1743256,1000.0
1744568,1000.0
1744816,1000.0
1746728,1000.0
1746832,1000.0
1746896,1000.0
1747344,1000.0
1748336,846.0
1748504,1000.0
1748528,946.0
1749256,1000.0
1749560,1000.0
1749672,1000.0
1750248,1000.0
1750440,1000.0
1750592,1000.0
1751168,1000.0
1751584,1000.0
1752136,1000.0
1753192,1000.0
1753496,1000.0
1753624,1000.0
1754048,1000.0
1754784,1000.0
1754840,870.0
1755408,1000.0
1755536,1000.0
1755704,1000.0
1755920,1000.0
1756752,1000.0
1757120,1000.0
1757616,1000.0
1758664,1000.0
1759376,1000.0
1759528,1000.0
1759576,1000.0
1760112,1000.0
1760560,993.0
1761016,1000.0
1761488,1000.0
1762464,1000.0
1762928,1000.0
1762992,1000.0
1763144,1000.0
1763400,1000.0
1764024,826.0
1764208,1000.0
1764208,1000.0
1764840,1000.0
1765056,1000.0
1766120,1000.0
1766888,942.0
1768712,1000.0
1769336,1000.0
1769552,1000.0
1770312,1000.0
1770624,1000.0
1771248,1000.0
1771640,1000.0
1771880,1000.0
1772536,1000.0
1773160,1000.0
1773792,1000.0
1773952,1000.0
1774704,1000.0
1775048,1000.0
1775144,1000.0
1775864,1000.0
1776136,1000.0
1776616,1000.0
1776824,966.0
1777776,1000.0
1778664,1000.0
1778784,1000.0
1780576,1000.0
1782424,1000.0
1782488,1000.0
1782664,1000.0
1783120,1000.0
1784336,1000.0
1784400,1000.0
1784576,1000.0
1785064,1000.0
1785448,1000.0
1786496,1000.0
1786976,1000.0
1787968,1000.0
1788048,1000.0
1788056,1000.0
1788408,1000.0
1789064,1000.0
1789968,1000.0
1790256,1000.0
1791792,1000.0
1792168,1000.0
1792784,1000.0
1793360,1000.0
1793488,948.0
1793720,1000.0
1794080,1000.0
1794128,1000.0
1795272,1000.0
1795400,1000.0
1797184,1000.0
1797344,1000.0
1797704,1000.0
1798816,1000.0
1799096,1000.0
1799256,1000.0
1799504,1000.0
1801008,1000.0
1801696,1000.0
1802904,1000.0
1803608,1000.0
1804560,1000.0
1805464,1000.0
1805520,1000.0
1805736,1000.0
1806480,1000.0
1807248,1000.0
1807376,1000.0
1807432,1000.0
1808152,1000.0
1809160,1000.0
1809288,1000.0
1809344,1000.0
1810064,1000.0
1810104,1000.0
1811072,1000.0
1811200,1000.0
1811256,1000.0
1811664,1000.0
1812624,1000.0
1813720,1000.0
1814520,1000.0
1815608,1000.0
1816232,1000.0
1816432,1000.0
1816976,1000.0
1817112,1000.0
1818240,1000.0
1818264,1000.0
1818296,1000.0
1818344,1000.0
1818888,1000.0
1820176,1000.0
1820920,1000.0
1821584,1000.0
1821712,913.0
1823808,1000.0
1824536,1000.0
1826448,1000.0
1826856,1000.0
1826984,1000.0
1828360,1000.0
1828896,1000.0
1829104,1000.0
1830272,1000.0
1830808,1000.0
1830848,1000.0
1830856,1000.0
1831912,1000.0
1833776,1000.0
1834416,1000.0
1835528,1000.0
1835688,1000.0
1836960,966.0
1838872,1000.0
1839064,1000.0
1840976,1000.0
1841192,1000.0
1841256,1000.0
1842744,1000.0
1842848,1000.0
1844368,1000.0
1844592,1000.0
1845920,1000.0
1846504,1000.0
1846568,1000.0
1848416,1000.0
1849520,1000.0
1850032,853.0
1850080,1000.0
1851112,1000.0
1851200,1000.0
1851944,1000.0
1852952,1000.0
1854864,1000.0
1855400,1000.0
1856640,1000.0
1857016,1000.0
1857312,1000.0
1860192,1000.0
1860920,1000.0
1862192,1000.0
1862344,1000.0
1863248,1000.0
1865288,1000.0
1866872,1000.0
1868288,1000.0
1868784,1000.0
1869392,1000.0
1870152,1000.0
1870760,1000.0
1871360,1000.0
1872336,1000.0
1873176,1000.0
1873272,1000.0
1874248,1000.0
1875088,1000.0
1875760,890.0
1877000,1000.0
1881352,1000.0
1882096,1000.0
1882152,1000.0
1883800,1000.0
1884504,1000.0
1884736,1000.0
1886416,1000.0
1887288,1000.0
1887480,1000.0
1889200,1000.0
1889240,1000.0
1890040,1000.0
1890072,1000.0
1891096,1000.0
1891752,1000.0
1893656,1000.0
1894528,1000.0
1896280,1000.0
1897064,1000.0
1899776,1000.0
1899776,1000.0
1900408,1000.0
1900656,967.0
1902320,1000.0
1902376,1000.0
1902816,1000.0
1903392,1000.0
1903408,1000.0
1904288,1000.0
1905024,1000.0
1905712,1000.0
1906200,1000.0
1908112,1000.0
1908368,1000.0
1908736,1000.0
1909336,1000.0
1911760,1000.0
1911984,1000.0
1912720,1000.0
1913896,1000.0
1914128,1000.0
1916040,1000.0
1917288,1000.0
1919816,1000.0
1921672,1000.0
1922920,1000.0
1924816,1000.0
1926440,1000.0
1927000,1000.0
1927576,1000.0
1928440,1000.0
1929784,1000.0
1930552,1000.0
1931392,1000.0
1932248,1000.0
1937288,1000.0
1939200,1000.0
1942784,1000.0
1943448,1000.0
1944528,1000.0
1945352,966.0
1946256,1000.0
1947264,1000.0
1948480,1000.0
1950744,1000.0
1956088,1000.0
1957224,1000.0
1958000,1000.0
1959984,1000.0
1961168,1000.0
1961248,1000.0
1963584,1000.0
1964216,1000.0
1964872,1000.0
1965040,1000.0
1967032,1000.0
1968672,1000.0
1970128,1000.0
1972344,1000.0
1972680,1000.0
1973728,1000.0
1974592,1000.0
1976504,1000.0
1978376,1000.0
1979120,1000.0
1979144,1000.0
1982504,1000.0
1982744,1000.0
1982808,1000.0
1983344,1000.0
1984656,1000.0
1986664,1000.0
1986968,1000.0
1988488,1000.0
1991944,1000.0
1992000,1000.0
1992928,1000.0
1995632,1000.0
1997280,1000.0
1997944,1000.0
1998984,1000.0
2000952,1000.0
2003536,1000.0
2005368,1000.0
2006400,1000.0
2007760,1000.0
2008888,1000.0
2008912,1000.0
2009656,1000.0
2010568,1000.0
2011568,1000.0
2015184,1000.0
2017544,1000.0
2019360,1000.0
2020184,1000.0
2021168,1000.0
2022672,967.0
2028200,1000.0
2028496,1000.0
2029528,1000.0
2029552,1000.0
2030408,1000.0
2031464,1000.0
2033528,1000.0
2037248,1000.0
2037656,1000.0
2037656,1000.0
2039768,1000.0
2044176,1000.0
2044704,1000.0
2049512,1000.0
2051312,1000.0
2052880,1000.0
2055360,1000.0
2055504,1000.0
2056608,1000.0
2056632,1000.0
2058208,1000.0
2058336,1000.0
2061984,1000.0
2062552,1000.0
2063896,1000.0
2065016,1000.0
2066768,1000.0
2068680,1000.0
2069432,1000.0
2070592,1000.0
2071344,1000.0
2072136,1000.0
2072648,1000.0
2074048,1000.0
2074544,1000.0
2074968,1000.0
2075920,1000.0
2077832,1000.0
2081456,1000.0
2082360,1000.0
2084312,1000.0
2085448,1000.0
2088248,1000.0
2090120,1000.0
2091488,1000.0
2094872,1000.0
2098624,883.0
2100224,1000.0
2102920,1000.0
2105360,1000.0
2105744,1000.0
2109184,1000.0
2109952,1000.0
2110888,962.0
2111072,1000.0
2111120,1000.0
2112816,1000.0
2114512,1000.0
2114728,1000.0
2115288,1000.0
2116424,1000.0
2117200,1000.0
2118128,1000.0
2119888,1000.0
2120072,1000.0
2122400,1000.0
2123512,1000.0
2125112,1000.0
2125792,1000.0
2125944,1000.0
2126840,1000.0
2128616,1000.0
2129416,1000.0
2130352,1000.0
2130528,1000.0
2131048,1000.0
2133720,1000.0
2134152,1000.0
2136408,1000.0
2139488,1000.0
2139616,1000.0
2140736,1000.0
2142400,1000.0
2146024,1000.0
2147784,1000.0
2152880,1000.0
2155904,1000.0
2156184,1000.0
2157816,1000.0
2159928,1000.0
2161440,1000.0
2161504,1000.0
2162984,1000.0
2163352,1000.0
2163568,1000.0
2163984,1000.0
2171032,1000.0
2171752,1000.0
2173664,1000.0
2173744,1000.0
2177288,1000.0
2177424,1000.0
2177792,1000.0
2179096,1000.0
2179704,1000.0
2180568,1000.0
2181008,1000.0
2181440,1000.0
2182744,1000.0
2183328,1000.0
2184192,1000.0
2184656,1000.0
2184904,1000.0
2185240,1000.0
2186104,1000.0
2186424,1000.0
2188264,1000.0
2190408,1000.0
2191944,1000.0
2195744,1000.0
2196168,1000.0
2196496,1000.0
2199896,1000.0
2201304,1000.0
2201504,1000.0
2203208,1000.0
2206616,1000.0
2206712,1000.0
2206744,1000.0
2210168,1000.0
2210176,1000.0
2210336,1000.0
2211880,1000.0
2212024,1000.0
2213720,1000.0
2213792,1000.0
2215880,1000.0
2217128,1000.0
2217792,1000.0
2218784,1000.0
2219704,1000.0
2222152,1000.0
2223728,1000.0
2225552,1000.0
2225880,1000.0
2231512,1000.0
2232360,1000.0
2234056,1000.0
2235152,1000.0
2237696,1000.0
2238776,1000.0
2239336,1000.0
2240688,1000.0
2242144,1000.0
2242600,1000.0
2243808,890.0
2244056,1000.0
2244512,1000.0
2245992,1000.0
2246424,1000.0
2246456,1000.0
2247432,1000.0
2248368,1000.0
2251000,1000.0
2251328,1000.0
2254240,1000.0
2256152,1000.0
2257680,1000.0
2259032,1000.0
2259776,1000.0
2260096,1000.0
2261288,1000.0
2261536,1000.0
2263096,1000.0
2263200,1000.0
2263408,1000.0
2265920,1000.0
2267144,1000.0
2268736,1000.0
2269320,1000.0
2270648,1000.0
2270720,1000.0
2272888,1000.0
2274272,1000.0
2276728,1000.0
2277008,1000.0
2280368,1000.0
2280624,1000.0
2282536,1000.0
2282768,1000.0
2285280,1000.0
2287568,1000.0
2287928,1000.0
2291552,1000.0
2298160,1000.0
2299096,1000.0
2299752,1000.0
2300216,1000.0
2301000,1000.0
2302992,894.0
2306336,1000.0
2311280,1000.0
2311448,1000.0
2313248,1000.0
2314904,1000.0
2315160,1000.0
2315880,1000.0
2318528,1000.0
2319704,1000.0
2320440,1000.0
2322352,1000.0
2328440,1000.0
2328504,1000.0
2330328,1000.0
2334680,1000.0
2335672,1000.0
2337584,1000.0
2338000,1000.0
2338256,1000.0
2338704,1000.0
2340920,1000.0
2343312,1000.0
2343824,1000.0
2345664,1000.0
2345736,1000.0
2346840,1000.0
2347968,1000.0
2350344,1000.0
2351000,1000.0
2353328,1000.0
2353840,1000.0
2355160,1000.0
2355944,1000.0
2357856,1000.0
2359248,1000.0
2360880,1000.0
2369680,1000.0
2371240,1000.0
2374616,1000.0
2374712,1000.0
2376528,1000.0
2376624,1000.0
2377672,1000.0
2378288,1000.0
2378680,1000.0
2380152,1000.0
2380592,1000.0
2380696,1000.0
2383672,1000.0
2384312,1000.0
2395264,1000.0
2395320,1000.0
2397448,1000.0
2401064,1000.0
2402432,1000.0
2402704,1000.0
2405832,1000.0
2406056,1000.0
2406384,1000.0
2407968,1000.0
2409736,1000.0
2411048,1000.0
2411648,1000.0
2412208,1000.0
2415040,1000.0
2419960,1000.0
2422256,559.0
2427880,1000.0
2431008,1000.0
2435384,1000.0
2437736,1000.0
2440768,1000.0
2441280,1000.0
2443480,1000.0
2446024,1000.0
2446048,1000.0
2446368,1000.0
2451360,1000.0
2451680,1000.0
2453272,1000.0
2459296,1000.0
2461008,1000.0
2465480,1000.0
2465864,1000.0
2467992,1000.0
2470032,1000.0
2472912,1000.0
2477072,1000.0
2486544,1000.0
2486992,1000.0
2488904,1000.0
2489928,1000.0
2490168,1000.0
2493568,1000.0
2495584,1000.0
2505960,1000.0
2514368,1000.0
2514544,1000.0
2518304,1000.0
2526552,1000.0
2530760,1000.0
2534456,1000.0
2540536,1000.0
2545288,1000.0
2545640,1000.0
2546488,1000.0
2548888,1000.0
2552384,1000.0
2553248,1000.0
2558584,1000.0
2561440,1000.0
2565520,1000.0
2575400,1000.0
2577296,1000.0
2580136,1000.0
2583120,1000.0
2587176,1000.0
2587576,1000.0
2589488,1000.0
2594824,1000.0
2607840,1000.0
2608720,1000.0
2611936,1000.0
2613088,1000.0
2615000,1000.0
2615768,1000.0
2626240,1000.0
2630856,1000.0
2631840,1000.0
2633312,1000.0
2633840,1000.0
2634480,1000.0
2637464,1000.0
2640808,1000.0
2647864,1000.0
2651608,1000.0
2654424,1000.0
2654912,1000.0
2667096,1000.0
2670856,1000.0
2671480,1000.0
2672432,1000.0
2681952,1000.0
2683464,1000.0
2691712,1000.0
2693624,1000.0
2695648,1000.0
2697248,1000.0
2698000,1000.0
2699264,1000.0
2711936,1000.0
2716048,946.0
2717960,1000.0
2721104,1000.0
2722120,1000.0
2723352,1000.0
2726336,1000.0
2728680,1000.0
2734368,1000.0
2735288,1000.0
2741904,1000.0
2743816,1000.0
2747400,1000.0
2750008,1000.0
2751600,1000.0
2758768,1000.0
2763880,1000.0
2764384,1000.0
2766296,1000.0
2767424,1000.0
2771400,1000.0
2772760,1000.0
2773784,1000.0
2775024,1000.0
2775848,1000.0
2779392,1000.0
2781520,1000.0
2783288,1000.0
2784728,1000.0
2786776,1000.0
2791328,1000.0
2794728,1000.0
2796312,1000.0
2797480,1000.0
2807264,1000.0
2808496,1000.0
2810344,1000.0
2812312,1000.0
2819408,1000.0
2823968,1000.0
2831312,1000.0
2833304,1000.0
2834440,1000.0
2837320,1000.0
2838640,1000.0
2841208,1000.0
2841320,1000.0
2846424,1000.0
2846520,1000.0
2849408,1000.0
2852304,1000.0
2855168,1000.0
2857080,1000.0
2857648,1000.0
2858328,1000.0
2859136,1000.0
2868784,1000.0
2872328,1000.0
2874584,1000.0
2875824,1000.0
2878208,1000.0
2879440,1000.0
2884768,1000.0
2885424,1000.0
2887808,1000.0
2888448,1000.0
2889056,1000.0
2889488,1000.0
2890968,1000.0
2891400,1000.0
2893856,1000.0
2900072,1000.0
2901168,1000.0
2902616,1000.0
2902752,1000.0
2903696,1000.0
2904528,1000.0
2906704,1000.0
2907088,1000.0
2909000,1000.0
2910968,1000.0
2911864,1000.0
2913288,1000.0
2915200,1000.0
2919632,1000.0
2921816,1000.0
2922072,1000.0
2923984,1000.0
2927152,1000.0
2928760,1000.0
2930800,1000.0
2930888,1000.0
2932488,1000.0
2934760,1000.0
2939560,1000.0
2946760,1000.0
2947624,1000.0
2948488,1000.0
2948672,1000.0
2949824,1000.0
2952152,1000.0
2952280,1000.0
2954064,1000.0
2958240,1000.0
2960672,1000.0
2961104,1000.0
2965264,1000.0
2972840,1000.0
2973072,1000.0
2975432,1000.0
2978528,1000.0
2981160,1000.0
2981720,1000.0
2982280,1000.0
2986256,1000.0
2986600,1000.0
2987048,1000.0
2988168,1000.0
2990672,1000.0
2995632,1000.0
2996872,1000.0
2997336,1000.0
2998808,1000.0
3002640,1000.0
3007144,1000.0
3008976,1000.0
3009056,1000.0
3010784,1000.0
3011824,1000.0
3013152,1000.0
3014704,1000.0
3015944,1000.0
3020024,1000.0
3022416,1000.0
3029256,1000.0
3030120,1000.0
3031168,1000.0
3038128,1000.0
3039920,1000.0
3043024,1000.0
3044152,1000.0
3046344,1000.0
3051456,1000.0
3051896,1000.0
3052400,1000.0
3055088,1000.0
3057736,1000.0
3058696,1000.0
3062920,1000.0
3064056,1000.0
3065904,1000.0
3068256,1000.0
3073248,1000.0
3075216,1000.0
3076192,1000.0
3081528,1000.0
3081824,1000.0
3082088,1000.0
3083440,1000.0
3085072,1000.0
3085448,1000.0
3093528,1000.0
3098928,1000.0
3099672,1000.0
3105008,1000.0
3105808,1000.0
3107688,1000.0
3112056,1000.0
3116448,1000.0
3118360,1000.0
3130440,1000.0
3130656,1000.0
3131384,1000.0
3134064,1000.0
3137528,1000.0
3139232,1000.0
3139440,1000.0
3141112,1000.0
3141568,1000.0
3141696,1000.0
3147464,1000.0
3149376,1000.0
3150232,1000.0
3154992,1000.0
3159840,1000.0
3164744,1000.0
3171808,1000.0
3171888,1000.0
3173208,1000.0
3173800,1000.0
3174728,1000.0
3175216,1000.0
3182608,1000.0
3183392,1000.0
3183744,1000.0
3185656,1000.0
3189272,1000.0
3197304,1000.0
3200352,1000.0
3203456,1000.0
3214376,1000.0
3215776,1000.0
3222440,1000.0
3222880,1000.0
3224536,1000.0
3226448,1000.0
3228048,1000.0
3228448,1000.0
3229688,1000.0
3231600,1000.0
3233768,1000.0
3234616,1000.0
3239536,1000.0
3241664,1000.0
3243208,1000.0
3243744,1000.0
3246576,1000.0
3253392,1000.0
3255120,1000.0
3259384,564.0
3260360,1000.0
3260480,1000.0
3260744,1000.0
3262272,1000.0
3266880,1000.0
3272208,1000.0
3274120,1000.0
3274976,1000.0
3279128,1000.0
3279480,1000.0
3280704,1000.0
3281392,1000.0
3282016,1000.0
3282696,1000.0
3283928,1000.0
3283976,1000.0
3284104,1000.0
3292656,1000.0
3292768,1000.0
3298096,1000.0
3301392,1000.0
3301880,1000.0
3306192,1000.0
3308104,1000.0
3311080,1000.0
3311728,1000.0
3315480,1000.0
3319640,1000.0
3323872,1000.0
3325784,1000.0
3330016,1000.0
3332584,1000.0
3333104,1000.0
3334496,1000.0
3341544,1000.0
3341576,1000.0
3341752,1000.0
3344768,1000.0
3346040,1000.0
3350096,1000.0
3351368,1000.0
3356232,1000.0
3357440,1000.0
3358840,1000.0
3360112,1000.0
3362928,1000.0
3363760,1000.0
3365496,1000.0
3372272,1000.0
3373720,1000.0
3378912,1000.0
3380328,1000.0
3380592,1000.0
3380600,1000.0
3385760,1000.0
3387264,1000.0
3390616,1000.0
3397456,1000.0
3397952,1000.0
3399048,1000.0
3399232,1000.0
3399864,1000.0
3402528,1000.0
3404464,1000.0
3406904,1000.0
3407656,1000.0
3409568,1000.0
3409792,1000.0
3410568,1000.0
3411160,1000.0
3413832,1000.0
3416352,1000.0
3418192,1000.0
3420032,1000.0
3420104,1000.0
3430088,1000.0
3430336,1000.0
3444440,1000.0
3449488,1000.0
3451760,1000.0
3456064,1000.0
3459472,1000.0
3471272,1000.0
3472488,1000.0
3475088,1000.0
3476952,1000.0
3478608,1000.0
3481720,1000.0
3482632,1000.0
3489600,1000.0
3492288,1000.0
3492480,1000.0
3492616,1000.0
3499416,1000.0
3501328,1000.0
3507928,1000.0
3510296,1000.0
3516368,1000.0
3517480,1000.0
3518200,1000.0
3529664,1000.0
3530384,1000.0
3531576,1000.0
3537608,1000.0
3538672,1000.0
3544008,1000.0
3549368,1000.0
3555000,1000.0
3567696,1000.0
3571096,1000.0
3571320,1000.0
3573288,1000.0
3585240,1000.0
3591960,1000.0
3593256,1000.0
3595560,1000.0
3598560,1000.0
3600304,1000.0
3600672,1000.0
3602240,1000.0
3605824,1000.0
3607624,1000.0
3612816,1000.0
3615824,1000.0
3619232,1000.0
3621144,1000.0
3625640,1000.0
3628688,1000.0
3630568,1000.0
3631416,1000.0
3633024,1000.0
3634192,1000.0
3636104,1000.0
3640080,1000.0
3640816,1000.0
3641304,1000.0
3641992,1000.0
3645368,1000.0
3647312,1000.0
3649520,1000.0
3650936,1000.0
3652472,1000.0
3652832,1000.0
3654384,1000.0
3656104,1000.0
3656392,1000.0
3664936,1000.0
3668328,1000.0
3671552,1000.0
3673368,1000.0
3677088,1000.0
3680096,1000.0
3680464,1000.0
3681920,1000.0
3689216,1000.0
3689608,1000.0
3691128,1000.0
3693848,1000.0
3697752,1000.0
3698168,1000.0
3706272,1000.0
3710704,1000.0
3714848,1000.0
3716760,1000.0
3722320,1000.0
3723584,1000.0
3727200,1000.0
3729072,1000.0
3731224,1000.0
3732512,1000.0
3741416,1000.0
3742984,1000.0
3744504,1000.0
3748688,1000.0
3749816,1000.0
3757752,1000.0
3763672,1000.0
3765120,1000.0
3767432,1000.0
3768704,1000.0
3770080,1000.0
3772264,1000.0
3775888,1000.0
3779752,1000.0
3781168,1000.0
3785240,1000.0
3792600,1000.0
3794152,1000.0
3796272,1000.0
3797768,1000.0
3798200,1000.0
3799456,1000.0
3804808,1000.0
3809920,1000.0
3815616,1000.0
3818328,1000.0
3828816,1000.0
3830584,1000.0
3832312,1000.0
3836016,1000.0
3837344,1000.0
3839136,1000.0
3845728,1000.0
3846776,1000.0
3847856,1000.0
3848752,1000.0
3852576,1000.0
3857248,1000.0
3857840,1000.0
3857904,1000.0
3858232,1000.0
3859160,1000.0
3861512,1000.0
3865088,1000.0
3871760,1000.0
3872616,1000.0
3873056,1000.0
3878384,1000.0
3878768,1000.0
3882032,1000.0
3883904,1000.0
3891400,1000.0
3893528,1000.0
3894128,1000.0
3895576,1000.0
3896768,1000.0
3898200,1000.0
3899344,1000.0
3905664,1000.0
3907720,1000.0
3908584,563.0
3913992,978.0
3919880,1000.0
3920368,1000.0
3930256,1000.0
3932176,1000.0
3936152,1000.0
3937272,1000.0
3953912,1000.0
3958488,1000.0
3960552,1000.0
3960952,1000.0
3964568,1000.0
3966336,1000.0
3969288,1000.0
3971200,1000.0
3972096,1000.0
3973032,1000.0
3974944,1000.0
3976912,1000.0
3978824,1000.0
3979760,1000.0
3980736,1000.0
3982472,1000.0
3982552,1000.0
3991640,1000.0
4001464,1000.0
4003376,1000.0
4015672,1000.0
4015792,1000.0
4016712,1000.0
4022712,1000.0
4035616,1000.0
4037432,1000.0
4038024,1000.0
4038728,1000.0
4042360,1000.0
4047944,1000.0
4051152,1000.0
4053048,1000.0
4056400,1000.0
4063552,1000.0
4065248,1000.0
4072288,1000.0
4078856,1000.0
4082472,1000.0
4084384,1000.0
4087008,1000.0
4089632,1000.0
4090760,1000.0
4094224,1000.0
4096048,1000.0
4100064,1000.0
4104552,1000.0
4107896,1000.0
4109808,1000.0
4113432,1000.0
4114656,1000.0
4114800,1000.0
4120360,1000.0
4127304,1000.0
4127560,1000.0
4129976,1000.0
4130896,1000.0
4132088,1000.0
4133392,1000.0
4134600,1000.0
4144232,1000.0
4147832,1000.0
4147848,1000.0
4151456,1000.0
4153368,1000.0
4155312,1000.0
4160448,1000.0
4163152,1000.0
4165536,1000.0
4168864,919.0
4169176,1000.0
4171656,1000.0
4171904,1000.0
4172560,1000.0
4174368,1000.0
4174472,1000.0
4177936,1000.0
4182024,1000.0
4188912,1000.0
4189776,1000.0
4190640,1000.0
4191688,1000.0
4192976,1000.0
4195184,1000.0
4196600,1000.0
4197584,1000.0
4200656,1000.0
4204440,1000.0
4204624,1000.0
4205152,1000.0
4206000,1000.0
4210536,1000.0
4214728,1000.0
4216640,1000.0
4216880,1000.0
4221480,1000.0
4221592,1000.0
4221928,1000.0
4222672,1000.0
4223504,1000.0
4224440,1000.0
4230144,1000.0
4231984,1000.0
4233496,1000.0
4234072,1000.0
4237128,1000.0
4238208,1000.0
4241600,1000.0
4243512,1000.0
4245864,1000.0
4247824,1000.0
4249328,1000.0
4251192,1000.0
4254680,1000.0
4255616,1000.0
4256592,1000.0
4259240,1000.0
4260216,1000.0
4261560,1000.0
4264576,1000.0
4268232,1000.0
4271864,1000.0
4272144,1000.0
4274808,1000.0
4276336,1000.0
4278488,1000.0
4278640,1000.0
4281680,1000.0
4283952,1000.0
4285608,1000.0
4286800,1000.0
4288712,1000.0
4291144,1000.0
4293400,1000.0
4294088,874.0
4296952,1000.0
4297704,1000.0
4297968,1000.0
4306464,1000.0
4307008,1000.0
4308032,1000.0
4308920,1000.0
4316888,1000.0
4316968,1000.0
4320584,1000.0
4321680,1000.0
4322664,1000.0
4322720,1000.0
4322824,1000.0
4324224,1000.0
4326824,1000.0
4329320,1000.0
4331896,1000.0
4334656,1000.0
4336528,1000.0
4340752,1000.0
4341712,1000.0
4344912,1000.0
4345112,1000.0
4349504,1000.0
4354832,1000.0
4355344,1000.0
4355768,1000.0
4357280,1000.0
4362304,1000.0
4366344,1000.0
4367104,1000.0
4367344,1000.0
4367576,1000.0
4368256,1000.0
4369232,1000.0
4370968,1000.0
4374536,1000.0
4376320,1000.0
4376456,1000.0
4380024,1000.0
4385896,1000.0
4390288,1000.0
4392568,1000.0
4392944,1000.0
4396976,1000.0
4402208,1000.0
4403232,1000.0
4406048,1000.0
4406920,1000.0
4408648,1000.0
4408832,1000.0
4414000,997.0
4414008,1000.0
4415952,1000.0
4421088,1000.0
4423712,1000.0
4424728,1000.0
4425624,1000.0
4425776,1000.0
4428104,1000.0
4430144,1000.0
4433240,1000.0
4433280,1000.0
4435624,1000.0
4439568,1000.0
4442680,1000.0
4444248,1000.0
4444520,1000.0
4445152,1000.0
4445536,1000.0
4446296,1000.0
4448312,1000.0
4450504,1000.0
4451616,1000.0
4451704,1000.0
4453528,1000.0
4453632,1000.0
4454096,1000.0
4454272,1000.0
4455128,1000.0
4455432,1000.0
4455544,1000.0
4457344,1000.0
4460432,1000.0
4461872,1000.0
4464296,1000.0
4466208,1000.0
4469656,1000.0
4471120,1000.0
4474200,1000.0
4475016,1000.0
4476432,1000.0
4476904,1000.0
4478344,1000.0
4482808,1000.0
4483912,1000.0
4487176,1000.0
4487536,1000.0
4490480,1000.0
4491152,1000.0
4502432,1000.0
4503232,1000.0
4508168,1000.0
4511584,1000.0
4512664,1000.0
4516848,1000.0
4517960,993.0
4519736,1000.0
4522168,1000.0
4527288,1000.0
4532064,1000.0
4541176,1000.0
4544792,1000.0
4545944,1000.0
4549952,1000.0
4551280,1000.0
4551824,1000.0
4553736,1000.0
4555280,1000.0
4557192,1000.0
4559608,1000.0
4563216,1000.0
4568552,1000.0
4570152,1000.0
4570464,1000.0
4570944,1000.0
4572800,1000.0
4575688,1000.0
4584952,1000.0
4586528,1000.0
4589448,1000.0
4592304,1000.0
4597088,1000.0
4598352,1000.0
4600432,1000.0
4601976,1000.0
4603592,1000.0
4604056,1000.0
4608440,1000.0
4616160,1000.0
4621352,1000.0
4631440,1000.0
4634640,1000.0
4639576,1000.0
4639704,1000.0
4642864,1000.0
4643536,1000.0
4645776,1000.0
4647152,1000.0
4648336,1000.0
4649400,1000.0
4651312,1000.0
4651848,1000.0
4652016,1000.0
4655136,1000.0
4655360,1000.0
4659312,1000.0
4661768,1000.0
4662920,1000.0
4664144,1000.0
4668816,1000.0
4670696,1000.0
4672608,1000.0
4679432,1000.0
4689400,1000.0
4699824,1000.0
4705240,1000.0
4706792,1000.0
4708160,1000.0
4711784,1000.0
4717544,1000.0
4720840,1000.0
4721160,1000.0
4723768,1000.0
4725680,1000.0
4732752,1000.0
4734664,1000.0
4736320,1000.0
4737392,1000.0
4737712,1000.0
4739624,1000.0
4741536,1000.0
4743432,1000.0
4746264,1000.0
4750264,1000.0
4750496,1000.0
4752088,1000.0
4754112,1000.0
4759160,1000.0
4761888,1000.0
4763800,1000.0
4764488,1000.0
4765064,1000.0
4766232,1000.0
4766976,1000.0
4772144,1000.0
4772824,1000.0
4777576,1000.0
4783464,1000.0
4786624,1000.0
4797560,1000.0
4799368,1000.0
4802976,1000.0
4803784,1000.0
4804888,1000.0
4805696,1000.0
4808912,1000.0
4808944,1000.0
4811656,1000.0
4816960,1000.0
4818872,1000.0
4821240,1000.0
4823640,1000.0
4824536,1000.0
4829544,1000.0
4829880,1000.0
4832832,1000.0
4833640,1000.0
4837520,1000.0
4839200,1000.0
4839432,1000.0
4840672,1000.0
4851376,1000.0
4856528,1000.0
4858416,1000.0
4862368,1000.0
4864280,1000.0
4865592,1000.0
4882368,1000.0
4882688,1000.0
4890320,1000.0
4893144,1000.0
4896352,1000.0
4897888,1000.0
4898472,1000.0
4906936,1000.0
4908848,1000.0
4910184,1000.0
4910248,1000.0
4910752,1000.0
4913352,1000.0
4914008,1000.0
4914376,1000.0
4917248,1000.0
4917248,1000.0
4922568,1000.0
4926112,1000.0
4926144,1000.0
4935304,1000.0
4936392,1000.0
4938464,1000.0
4947448,1000.0
4949360,1000.0
4951784,1000.0
4951992,1000.0
4953904,1000.0
4955792,1000.0
4961104,1000.0
4966648,1000.0
4967352,1000.0
4968360,1000.0
4974296,1000.0
4976256,1000.0
4979624,1000.0
4985680,1000.0
4985776,1000.0
4988384,1000.0
4991832,1000.0
4992872,1000.0
4993712,1000.0
4993816,1000.0
4996632,1000.0
4998056,1000.0
5000896,1000.0
5003304,1000.0
5012992,1000.0
5013608,1000.0
5016136,1000.0
5018936,1000.0
5020800,1000.0
5022096,1000.0
5030272,1000.0
5031216,1000.0
5039536,1000.0
5041128,1000.0
5043160,1000.0
5045072,1000.0
5045832,1000.0
5046272,1000.0
5047744,1000.0
5064000,1000.0
5064072,1000.0
5065672,1000.0
5065920,1000.0
5076248,1000.0
5077768,978.0
5081584,1000.0
5082960,1000.0
5083088,1000.0
5086576,1000.0
5090096,1000.0
5093720,1000.0
5096368,1000.0
5097000,1000.0
5098016,1000.0
5102312,1000.0
5108504,1000.0
5109440,1000.0
5117320,1000.0
5123784,993.0
5134784,1000.0
5135488,1000.0
5138552,1000.0
5142800,1000.0
5143200,1000.0
5147504,1000.0
5148528,1000.0
5150688,1000.0
5153800,1000.0
5154496,1000.0
5157360,1000.0
5157736,1000.0
5159440,1000.0
5162008,1000.0
5163920,1000.0
5164224,1000.0
5166088,1000.0
5168584,1000.0
5176520,1000.0
5178464,1000.0
5185072,966.0
5188032,1000.0
5192744,1000.0
5198928,1000.0
5200320,1000.0
5202560,1000.0
5208256,1000.0
5211256,1000.0
5225576,1000.0
5228872,1000.0
5229784,1000.0
5230240,1000.0
5237592,1000.0
5239320,1000.0
5245792,1000.0
5246824,1000.0
5256912,1000.0
5258304,1000.0
5259200,1000.0
5266440,1000.0
5272608,1000.0
5274768,1000.0
5283088,1000.0
5284512,1000.0
5288928,1000.0
5293128,1000.0
5298000,1000.0
5298416,1000.0
5299080,1000.0
5301768,1000.0
5315152,1000.0
5315560,1000.0
5318776,1000.0
5327680,1000.0
5329504,1000.0
5331056,1000.0
5333648,1000.0
5337880,1000.0
5338112,1000.0
5346824,1000.0
5346832,1000.0
5366488,1000.0
5369304,1000.0
5370736,1000.0
5371288,1000.0
5382152,1000.0
5387472,1000.0
5387672,1000.0
5394840,1000.0
5395120,1000.0
5398104,1000.0
5411912,1000.0
5416000,1000.0
5422360,1000.0
5426176,1000.0
5426888,1000.0
5432416,1000.0
5432808,1000.0
5442896,1000.0
5463968,1000.0
5469560,1000.0
5471024,1000.0
5474640,1000.0
5477872,1000.0
5479784,1000.0
5482448,1000.0
5496048,1000.0
5500472,1000.0
5505552,1000.0
5513032,1000.0
5519400,1000.0
5531952,1000.0
5544032,1000.0
5570992,1000.0
5578352,1000.0
5585312,1000.0
5586416,1000.0
5603664,1000.0
5612552,1000.0
5641848,1000.0
5652112,1000.0
5654008,1000.0
5673704,1000.0
5690488,1000.0
5699248,1000.0
5722368,1000.0
5726272,1000.0
5748248,1000.0
5758704,1000.0
5772600,1000.0
5798576,948.0
5806280,1000.0
5808192,1000.0
5843264,1000.0
5851104,1000.0
5868960,1000.0
5878544,1000.0
5881160,1000.0
5884768,1000.0
5929032,1000.0
5948072,1000.0
5955632,1000.0
5972992,1000.0
6040376,1000.0
6050792,1000.0
6058520,1000.0
6059408,1000.0
6071160,1000.0
6075720,1000.0
6145864,1000.0
6166576,1000.0
6205032,1000.0
6227008,1000.0
6299072,1000.0
6305224,1000.0
6328312,1000.0
6389984,1000.0
6403416,1000.0
6413648,1000.0
6465656,1000.0
6471888,1000.0
6476072,1000.0
6516368,1000.0
6573000,1000.0
6583312,1000.0
6590024,1000.0
6592008,1000.0
6671112,1000.0
6674048,1000.0
6698448,1000.0
6704880,1000.0
6713928,1000.0
6719248,1000.0
6738152,1000.0
6759488,1000.0
6762104,1000.0
6765592,1000.0
6765680,1000.0
6775312,1000.0
6776792,1000.0
6782888,1000.0
6789648,1000.0
6791624,1000.0
6809496,1000.0
6821456,1000.0
6840464,1000.0
6915608,1000.0
6974696,1000.0
7044944,1000.0
7058448,1000.0
7101544,1000.0
7110672,1000.0
7190736,1000.0
7205624,1000.0
7214552,1000.0
7226440,1000.0
7259256,1000.0
7356144,1000.0
7390568,1000.0
7398744,1000.0
7421272,1000.0
7444104,1000.0
7469888,1000.0
7480336,1000.0
7551648,1000.0
7597416,1000.0
7608080,1000.0
7618544,1000.0
7620776,1000.0
7685656,1000.0
7712200,1000.0
7734608,1000.0
7801392,1000.0
7839080,1000.0
7851888,1000.0
7907200,1000.0
7951256,1000.0
7965368,1000.0
8002080,1000.0
8027160,1000.0
8039328,1000.0
8062656,1000.0
8095872,1000.0
8118272,1000.0
8126576,1000.0
8204912,1000.0
8285736,1000.0
8414176,1000.0
8434824,1000.0
8436584,1000.0
8458784,1000.0
8528776,1000.0
8566536,1000.0
8670960,1000.0
8705296,1000.0
8733688,1000.0
8774168,1000.0
8794688,1000.0
8822752,1000.0
8851200,1000.0
8851736,1000.0
8859928,1000.0
8870384,1000.0
8915008,1000.0
8926360,1000.0
8943400,1000.0
8953000,1000.0
9032264,1000.0
9036856,1000.0
9048072,1000.0
9061448,1000.0
9080448,1000.0
9143344,1000.0
9176240,1000.0
9201888,1000.0
9205480,1000.0
9232984,1000.0
9249456,1000.0
9258856,1000.0
9314656,1000.0
9323952,1000.0
9368456,1000.0
9419080,1000.0
9518288,1000.0
9527056,1000.0
9530424,1000.0
9530880,1000.0
9590400,1000.0
9599560,1000.0
9609728,1000.0
9617016,1000.0
9636392,1000.0
9667440,1000.0
9684768,1000.0
9710096,1000.0
9754016,1000.0
9792240,1000.0
9826912,1000.0
9830536,1000.0
9839880,1000.0
9852952,1000.0
9853520,1000.0
9866832,1000.0
9870800,1000.0
9889920,1000.0
9896880,1000.0
9913320,1000.0
9927200,1000.0
9944464,1000.0
9960104,1000.0
9972272,1000.0
9975880,1000.0
9981200,1000.0
10004480,1000.0
10018472,1000.0
10053632,1000.0
10087536,1000.0
10112016,1000.0
10129720,1000.0
10132160,1000.0
10154912,1000.0
10169368,1000.0
10206000,1000.0
10239192,1000.0
10249008,1000.0
10271872,1000.0
10273648,1000.0
10275496,1000.0
10287984,1000.0
10320408,1000.0
10324232,1000.0
10324376,1000.0
10335304,1000.0
10366184,1000.0
10407488,1000.0
10436920,1000.0
10443696,1000.0
10470496,1000.0
10477520,1000.0
10481144,1000.0
10483248,1000.0
10517336,1000.0
10520632,1000.0
10580080,1000.0
10597832,1000.0
10619640,1000.0
10619816,1000.0
10629048,1000.0
10636088,1000.0
10650688,1000.0
10654504,1000.0
10656416,1000.0
10659472,1000.0
10664080,1000.0
10670984,1000.0
10698936,1000.0
10703904,1000.0
10706872,1000.0
10757256,1000.0
10757264,1000.0
10758136,1000.0
10763840,1000.0
10765288,1000.0
10765752,1000.0
10777664,1000.0
10798200,1000.0
10811984,1000.0
10829216,1000.0
10830384,1000.0
10849768,1000.0
10854496,1000.0
10867776,1000.0
10878728,1000.0
10920368,1000.0
10941104,1000.0
10975616,1000.0
10975960,1000.0
10978120,1000.0
10980936,1000.0
10987848,1000.0
11015440,1000.0
11037576,1000.0
11078536,1000.0
11121456,1000.0
11140368,1000.0
11140568,1000.0
11160144,1000.0
11172808,1000.0
11181496,1000.0
11195192,1000.0
11205680,1000.0
11222752,1000.0
11224648,1000.0
11240064,1000.0
11245816,1000.0
11258768,1000.0
11338752,1000.0
11352616,1000.0
11369176,1000.0
11371088,1000.0
11383656,1000.0
11425464,1000.0
11463656,1000.0
11469816,1000.0
11472632,1000.0
11487088,1000.0
11497648,1000.0
11498440,1000.0
11509448,1000.0
11511272,1000.0
11518584,1000.0
11574464,1000.0
11589040,1000.0
11612256,1000.0
11621304,1000.0
11628944,1000.0
11636216,1000.0
11638608,1000.0
11646664,1000.0
11651728,1000.0
11679568,1000.0
11680312,1000.0
11700296,1000.0
11744560,1000.0
11747152,1000.0
11756408,1000.0
11807864,1000.0
11812704,1000.0
11817984,1000.0
11833608,1000.0
11848944,1000.0
11865928,1000.0
11880592,1000.0
11881288,1000.0
11886296,1000.0
11929464,1000.0
11935200,1000.0
11979392,1000.0
11983904,1000.0
11984136,1000.0
11994656,1000.0
11996088,1000.0
12016608,1000.0
12017240,1000.0
12038000,1000.0
12053488,1000.0
12054376,1000.0
12085360,1000.0
12094632,1000.0
12099960,1000.0
12102240,1000.0
12115424,1000.0
12136840,1000.0
12158624,1000.0
12164608,1000.0
12171648,1000.0
12173720,1000.0
12208464,1000.0
12223160,1000.0
12225112,1000.0
12273600,1000.0
12307888,1000.0
12353672,1000.0
12374408,1000.0
12385728,1000.0
12403056,1000.0
12406336,1000.0
12415184,1000.0
12421872,1000.0
12439352,1000.0
12457360,1000.0
12459920,967.0
12466960,1000.0
12475712,1000.0
12480592,1000.0
12483760,1000.0
12499544,1000.0
12515688,1000.0
12533640,1000.0
12558632,1000.0
12560544,1000.0
12573120,1000.0
12581360,1000.0
12593544,1000.0
12593888,1000.0
12608384,1000.0
12613784,1000.0
12699312,1000.0
12709480,1000.0
12717016,1000.0
12718856,1000.0
12743896,1000.0
12744680,1000.0
12756032,1000.0
12757856,1000.0
12780312,1000.0
12823696,1000.0
12864952,1000.0
12885728,1000.0
12911464,1000.0
12917632,1000.0
12990904,1000.0
13016232,1000.0
13023256,1000.0
13032080,1000.0
13103656,1000.0
13108848,1000.0
13121632,1000.0
13145160,1000.0
13227248,1000.0
13234264,1000.0
13243272,1000.0
13338952,1000.0
13349552,1000.0
13356944,1000.0
13371592,1000.0
13406392,1000.0
13418328,1000.0
13420272,1000.0
13432176,1000.0
13451216,1000.0
13494360,1000.0
13531360,1000.0
13542192,1000.0
13544088,1000.0
13545208,1000.0
13546152,1000.0
13567464,1000.0
13571000,1000.0
13593688,1000.0
13603376,1000.0
13616904,1000.0
13622256,1000.0
13636096,1000.0
13665176,1000.0
13670520,1000.0
13696048,1000.0
13699664,1000.0
13736888,1000.0
13775032,1000.0
13820768,1000.0
13840208,1000.0
13842120,1000.0
13871352,1000.0
13874392,1000.0
13919608,1000.0
13972368,1000.0
13986464,1000.0
14006768,1000.0
14034200,1000.0
14040864,1000.0
14056672,1000.0
14083680,1000.0
14097576,1000.0
14128872,1000.0
14150824,1000.0
14171664,1000.0
14186512,1000.0
14235080,1000.0
14367816,1000.0
14446912,1000.0
14475392,1000.0
14494384,1000.0
14542744,1000.0
14554320,1000.0
14582968,1000.0
14625088,1000.0
14649888,1000.0
14654416,1000.0
14689384,1000.0
14692000,1000.0
14693008,1000.0
14707568,1000.0
14727416,1000.0
14729064,1000.0
14763424,1000.0
14794688,1000.0
14820360,1000.0
14836328,1000.0
14847240,1000.0
14850840,1000.0
14864720,1000.0
14886920,1000.0
14922992,1000.0
14950560,1000.0
14953656,1000.0
14990024,1000.0
