step,value
4096,0.00904533825814724
8192,-0.015555180609226227
12288,0.007829083129763603
16384,-0.018971312791109085
20480,-0.00933140516281128
24576,0.007994495332241058
28672,-0.0247298926115036
32768,-0.013438314199447632
36864,-0.00917121022939682
40960,-0.012540608644485474
45056,-0.008766476064920425
49152,-0.006284162402153015
53248,0.014448734931647778
57344,-0.011389240622520447
61440,0.003042878583073616
65536,0.006456140428781509
69632,-0.004092374816536903
73728,0.0016451440751552582
77824,-0.0029094405472278595
81920,-0.012793324887752533
86016,0.007846729829907417
90112,-0.0028483346104621887
94208,-0.001603793352842331
98304,-0.006361812353134155
102400,-0.00418325699865818
106496,0.0035085082054138184
110592,-0.01175827905535698
114688,-0.00389079749584198
118784,-0.003437511622905731
122880,0.004435867071151733
126976,0.003363311290740967
131072,0.001888412982225418
135168,-0.003042660653591156
139264,0.0054680295288562775
143360,-0.006032349541783333
147456,0.0029043182730674744
151552,-0.01800694316625595
155648,0.0002830587327480316
159744,0.00035358965396881104
163840,0.008882218971848488
167936,-0.017884336411952972
172032,-0.0056304968893527985
176128,-0.002524014562368393
180224,0.0004959180951118469
184320,0.004567498341202736
188416,-0.001122388057410717
192512,-0.023150209337472916
196608,0.0027094483375549316
200704,-0.0006587766110897064
204800,-0.0024117082357406616
208896,-0.0016962774097919464
212992,-0.006448153406381607
217088,-0.0019373595714569092
221184,0.000884518027305603
225280,-0.01409822329878807
229376,-0.0012708567082881927
233472,-0.002493128180503845
237568,0.010574204847216606
241664,-0.0011041462421417236
245760,-0.012181825935840607
249856,-0.0073537155985832214
253952,0.003380199894309044
258048,-0.0031835921108722687
262144,0.00656729843467474
266240,0.0035605020821094513
270336,-0.006448015570640564
274432,-0.017071805894374847
278528,-0.0037969201803207397
282624,0.005651075392961502
286720,-0.009098570793867111
290816,-0.016899485141038895
294912,0.009765978902578354
299008,-0.005594965070486069
303104,-0.009323438629508018
307200,0.002933237701654434
311296,0.0075006261467933655
315392,-0.002836812287569046
319488,-0.01631566509604454
323584,0.010610029101371765
327680,0.0033897869288921356
331776,-0.009550057351589203
335872,-0.009021773934364319
339968,0.00534452497959137
344064,-0.007659178227186203
348160,-0.0006720460951328278
352256,-0.006465304642915726
356352,-0.007906019687652588
360448,-0.0060518234968185425
364544,-0.00044017285108566284
368640,0.002085454761981964
372736,0.00553288497030735
376832,-0.01719890534877777
380928,-0.0065110474824905396
385024,-0.003078542649745941
389120,-0.000429302453994751
393216,-0.004169202409684658
397312,-0.003381546586751938
401408,-0.0053778477013111115
405504,0.0061600301414728165
409600,0.0012221820652484894
413696,0.0017120018601417542
417792,0.012682881206274033
421888,-0.002145979553461075
425984,-0.001624351367354393
430080,-0.006947440095245838
434176,-0.01861700415611267
438272,-0.0038994736969470978
442368,-0.00998033955693245
446464,0.00819997489452362
450560,-0.004287794232368469
454656,-0.012372761964797974
458752,-0.008678540587425232
462848,-0.004084143787622452
466944,0.0005138702690601349
471040,-0.0058646537363529205
475136,-0.0034993253648281097
479232,-0.00030339881777763367
483328,-0.007913574576377869
487424,-0.005853157490491867
491520,-0.00521792471408844
495616,-0.015921158716082573
499712,0.002140641212463379
503808,-0.0015059765428304672
507904,0.001689443364739418
512000,-0.006204623728990555
516096,-0.00982540100812912
520192,-0.010684490203857422
524288,-0.01734130084514618
528384,0.003524892032146454
532480,0.0009141862392425537
536576,-0.014597130939364433
540672,-0.0068847667425870895
544768,0.0050581758841872215
548864,0.006258256733417511
552960,-0.00375916063785553
557056,-0.0018180422484874725
561152,0.004089845344424248
565248,0.0023097004741430283
569344,-0.004851402714848518
573440,0.0009632948786020279
577536,0.0037406403571367264
581632,-0.0062702856957912445
585728,-0.013256359845399857
589824,-0.007498972117900848
593920,-0.008663684129714966
598016,-0.005392048507928848
602112,-0.004281669855117798
606208,0.00886380672454834
610304,0.006954319775104523
614400,-0.01711345836520195
618496,0.002104237675666809
622592,-0.00190010666847229
626688,0.0010267440229654312
630784,4.559755325317383e-06
634880,-0.006932485848665237
638976,0.010326963849365711
643072,-0.007382754236459732
647168,0.00037818029522895813
651264,0.0001800302416086197
655360,0.0005953535437583923
659456,-0.01644442230463028
663552,9.10293310880661e-05
667648,-0.007489535957574844
671744,-0.001689627766609192
675840,0.0026640743017196655
679936,0.00034193694591522217
684032,-0.004985827021300793
688128,-0.0018445830792188644
692224,0.0004683248698711395
696320,0.0014007650315761566
700416,-0.0036567114293575287
704512,-0.004175253212451935
708608,0.0013948865234851837
712704,0.0016611777245998383
716800,-0.0014012735337018967
720896,-0.0028180107474327087
724992,0.0026247799396514893
729088,0.0015461668372154236
733184,0.0005358736962080002
737280,-0.0020560231059789658
741376,-0.0006283670663833618
745472,-0.0012671425938606262
749568,0.0023590028285980225
753664,-0.007498491555452347
757760,-0.010251887142658234
761856,0.005334017798304558
765952,0.01457437127828598
770048,-0.0021436214447021484
774144,-0.016249708831310272
778240,-0.0071799978613853455
782336,0.013177422806620598
786432,-0.005110603757202625
790528,-0.014641359448432922
794624,-0.001070324331521988
798720,-0.0019139107316732407
802816,-0.004067247733473778
806912,0.006415404379367828
811008,-0.00030493922531604767
815104,-0.001047017052769661
819200,0.0020897332578897476
823296,-0.004745498299598694
827392,0.008408300578594208
831488,-0.01635848917067051
835584,0.002522828057408333
839680,0.005015455186367035
843776,-0.008768059313297272
847872,-0.002422945573925972
851968,0.004887748043984175
856064,0.001721557229757309
860160,0.0008273348212242126
864256,0.0024279803037643433
868352,0.00975719466805458
872448,-0.004878908395767212
876544,-0.01881564036011696
880640,-0.0009960979223251343
884736,-0.0008130818605422974
888832,0.007287811487913132
892928,0.002583256922662258
897024,0.005994673818349838
901120,0.00038105063140392303
905216,-0.010445917025208473
909312,-0.010412737727165222
913408,-0.011190205812454224
917504,-0.006517419591546059
921600,-0.005734845995903015
925696,-0.016918599605560303
929792,0.0024193795397877693
933888,-0.0020770877599716187
937984,0.0027189645916223526
942080,0.001365017145872116
946176,0.00010156631469726562
950272,-0.0010540932416915894
954368,-0.0050549693405628204
958464,-0.006611518561840057
962560,0.0013468936085700989
966656,-0.0021057575941085815
970752,0.0010154284536838531
974848,0.012936564162373543
978944,0.000545799732208252
983040,-0.0010697878897190094
987136,-0.004038549959659576
991232,-0.008409105241298676
995328,0.002744000405073166
999424,-0.0016738809645175934
1003520,0.001571115106344223
1007616,-0.025507483631372452
1011712,-0.00312911719083786
1015808,-0.001942584291100502
1019904,0.001367282122373581
1024000,-0.00810101069509983
1028096,0.005214568227529526
1032192,-0.003429671749472618
1036288,-0.007142581045627594
1040384,0.004031917080283165
1044480,-0.0023191794753074646
1048576,-0.0007796380668878555
1052672,-0.0036792345345020294
1056768,-0.0022427067160606384
1060864,-0.001606956124305725
1064960,-0.0040741488337516785
1069056,-0.004080863669514656
1073152,-0.009114131331443787
1077248,-0.002453356981277466
1081344,-0.0038870535790920258
1085440,-0.004010021686553955
1089536,-0.003053024411201477
1093632,0.0009432211518287659
1097728,-0.00443560816347599
1101824,0.004551377147436142
1105920,-0.010006883181631565
1110016,-0.0010333172976970673
1114112,-0.001242414116859436
1118208,-0.0010484829545021057
1122304,0.0023404154926538467
1126400,-0.0018255244940519333
1130496,0.0008307509124279022
1134592,-0.011914253234863281
1138688,-0.0006900150328874588
1142784,0.006154010072350502
1146880,-0.00753432884812355
1150976,-0.023898053914308548
1155072,-9.906291961669922e-05
1159168,-0.0029172077775001526
1163264,0.001522846519947052
1167360,0.005293108522891998
1171456,-0.00403810478746891
1175552,0.0010921768844127655
1179648,-0.0009045228362083435
1183744,-0.0031573213636875153
1187840,-0.0016534216701984406
1191936,-0.0019075237214565277
1196032,0.0011471696197986603
1200128,0.0006222277879714966
1204224,-0.0020798128098249435
1208320,-0.007111206650733948
1212416,-0.0017775967717170715
1216512,-0.005800820887088776
1220608,-0.002405833452939987
1224704,0.0014904923737049103
1228800,-0.0025518368929624557
1232896,-0.012408139184117317
1236992,0.00112944096326828
1241088,-0.003852471709251404
1245184,-0.017108626663684845
1249280,0.003023143857717514
1253376,-0.004596421495079994
1257472,-0.0004543811082839966
1261568,-0.009309468790888786
1265664,0.00037167035043239594
1269760,-0.01474073901772499
1273856,-0.000774359330534935
1277952,-0.011037025600671768
1282048,0.0048969462513923645
1286144,0.002447228878736496
1290240,-0.008696183562278748
1294336,0.00012251734733581543
1298432,-0.0061783567070961
1302528,-0.0009573493152856827
1306624,-0.01003912091255188
1310720,-0.0022554807364940643
1314816,-0.0004307553172111511
1318912,-0.0030324701219797134
1323008,-0.003960214555263519
1327104,-0.0050385938957333565
1331200,0.000997927039861679
1335296,0.0011340845376253128
1339392,-0.011378303170204163
1343488,-0.0018872618675231934
1347584,-0.008233027532696724
1351680,-0.007693501189351082
1355776,-0.0021586306393146515
1359872,0.0034527555108070374
1363968,-0.002077210694551468
1368064,-0.001269422471523285
1372160,0.0013233199715614319
1376256,0.0001997053623199463
1380352,-0.0035629048943519592
1384448,-0.002758212387561798
1388544,-0.0033498257398605347
1392640,0.006664477288722992
1396736,-0.007398175075650215
1400832,-0.009470192715525627
1404928,-0.0021027587354183197
1409024,0.008966941386461258
1413120,-0.005362220108509064
1417216,0.005440334789454937
1421312,0.0030555948615074158
1425408,-0.009907001629471779
1429504,-0.0008877366781234741
1433600,-0.0022856779396533966
1437696,-0.003223668783903122
1441792,0.0018676891922950745
1445888,-0.004169842228293419
1449984,-0.0023565422743558884
1454080,0.0013213008642196655
1458176,-0.002453174442052841
1462272,0.003019724041223526
1466368,0.0029136762022972107
1470464,-0.004648681730031967
1474560,-0.012064389884471893
1478656,-0.001260543242096901
1482752,-0.002460762858390808
1486848,0.0016248524188995361
1490944,-0.018133800476789474
1495040,0.003999192267656326
1499136,-0.003821197897195816
1503232,0.0013763830065727234
1507328,-0.0036490242928266525
1511424,0.005054820328950882
1515520,-0.00974857434630394
1519616,-0.009002964943647385
1523712,0.007923483848571777
1527808,-0.002817213535308838
1531904,-0.0016428055241703987
1536000,-0.0063325464725494385
1540096,-0.0037010181695222855
1544192,-0.002937920391559601
1548288,0.004624374210834503
1552384,-0.0011246968060731888
1556480,-0.008528292179107666
1560576,0.0061413682997226715
1564672,-0.002198847010731697
1568768,-0.006954900920391083
1572864,-0.004152063280344009
1576960,-0.010437283664941788
1581056,0.0005126483738422394
1585152,-0.0025412999093532562
1589248,0.0006264820694923401
1593344,0.00026524998247623444
1597440,-0.004221975803375244
1601536,-0.00039110705256462097
1605632,0.0009817145764827728
1609728,-0.004711464047431946
1613824,-0.002841770648956299
1617920,-0.002037469297647476
1622016,-0.0018230192363262177
1626112,0.005286144092679024
1630208,0.004096608608961105
1634304,-0.003987818956375122
1638400,-0.011219028383493423
1642496,-0.0027003325521945953
1646592,-0.0007230881601572037
1650688,0.00016420148313045502
1654784,-0.0017430838197469711
1658880,-0.005747491493821144
1662976,-0.0029341718181967735
1667072,-0.0018275976181030273
1671168,-0.0023379437625408173
1675264,-0.007554259151220322
1679360,-0.00263349711894989
1683456,-0.0035559460520744324
1687552,0.0017194245010614395
1691648,0.005431510508060455
1695744,9.95248556137085e-05
1699840,-0.0033537913113832474
1703936,-0.006270582787692547
1708032,-0.0032998062670230865
1712128,-0.0045444294810295105
1716224,-0.0003493204712867737
1720320,-0.009273827075958252
1724416,0.003577953204512596
1728512,-0.005641046911478043
1732608,-0.0022747479379177094
1736704,-0.0010676868259906769
1740800,0.0004425346851348877
1744896,0.0010507795959711075
1748992,-0.005179261788725853
1753088,-0.005961596965789795
1757184,0.0007596071809530258
1761280,-0.006668690592050552
1765376,-0.001636996865272522
1769472,0.0024727843701839447
1773568,0.002132374793291092
1777664,0.0027297325432300568
1781760,-0.002113986760377884
1785856,-0.0018521836027503014
1789952,-0.0006517209112644196
1794048,0.004457149654626846
1798144,-0.001071058213710785
1802240,-0.0019303113222122192
1806336,-0.001560823991894722
1810432,0.002520427107810974
1814528,-0.00020358338952064514
1818624,-0.005316354334354401
1822720,-0.004590928554534912
1826816,-0.0004476867616176605
1830912,-0.007483953610062599
1835008,0.0024180710315704346
1839104,0.007136637344956398
1843200,-0.0006218962371349335
1847296,0.001962754875421524
1851392,-0.0005780123174190521
1855488,-0.001887548714876175
1859584,-0.004348287358880043
1863680,-0.00022889301180839539
1867776,-0.001393381506204605
1871872,-0.003066735342144966
1875968,0.0011198222637176514
1880064,-0.005092322826385498
1884160,0.0024263896048069
1888256,-0.002998337149620056
1892352,-0.00042781978845596313
1896448,-0.0013376325368881226
1900544,-0.00038532912731170654
1904640,-0.002283230423927307
1908736,-0.0012653199955821037
1912832,-0.001245357096195221
1916928,-0.0006540585309267044
1921024,0.014047528617084026
1925120,-0.006084255874156952
1929216,0.0016789808869361877
1933312,0.0002123955637216568
1937408,-0.014352105557918549
1941504,-0.005195699632167816
1945600,0.0026988089084625244
1949696,-0.000677645206451416
1953792,-0.0021136924624443054
1957888,-0.0007718615233898163
1961984,-0.0003198869526386261
1966080,0.0003256704658269882
1970176,-0.0006727203726768494
1974272,0.0013753771781921387
1978368,-9.937817230820656e-05
1982464,-0.0015835408121347427
1986560,0.00035700947046279907
1990656,0.0020905323326587677
1994752,0.0025372933596372604
1998848,-0.0011641792953014374
2002944,0.0006262585520744324
2007040,0.0028105806559324265
2011136,0.000766269862651825
2015232,0.003708884119987488
2019328,-0.001331203617155552
2023424,-0.0004290919750928879
2027520,0.001025136560201645
2031616,0.0009841658174991608
2035712,-0.0006097964942455292
2039808,0.0007855817675590515
2043904,0.001446286216378212
2048000,0.006386205554008484
2052096,-3.104284405708313e-05
2056192,-4.3332576751708984e-05
2060288,-0.0002989917993545532
2064384,0.0013801828026771545
2068480,-0.0029718615114688873
2072576,0.0040511153638362885
2076672,-0.0007876604795455933
2080768,-0.00015114620327949524
2084864,-0.00016339682042598724
2088960,1.6653910279273987e-05
2093056,-0.0011781509965658188
2097152,0.004746764898300171
2101248,-4.44464385509491e-05
2105344,0.0009575709700584412
2109440,-0.0002665594220161438
2113536,-0.0018165409564971924
2117632,0.00019629299640655518
2121728,-0.0006955638527870178
2125824,-0.00039576925337314606
2129920,0.0010888651013374329
2134016,-0.00063349399715662
2138112,0.0007728897035121918
2142208,-0.0002584680914878845
2146304,-0.00043037161231040955
2150400,0.0033747777342796326
2154496,0.0005766712129116058
2158592,-0.0037226565182209015
2162688,-0.0006438270211219788
2166784,0.0012792497873306274
2170880,-0.002655966207385063
2174976,0.00027047470211982727
2179072,-0.0010872287675738335
2183168,0.0004051942378282547
2187264,-0.0005875825881958008
2191360,-0.0010494068264961243
2195456,-0.00231354683637619
2199552,-0.0009031835943460464
2203648,0.00034678075462579727
2207744,0.00017401203513145447
2211840,-0.0010363273322582245
2215936,-0.0012715645134449005
2220032,-4.865974187850952e-05
2224128,-0.0004468075931072235
2228224,-0.0022413767874240875
2232320,0.0007235147058963776
2236416,-0.0004669800400733948
2240512,-0.0009178314357995987
2244608,-0.005314938724040985
2248704,0.0007078973576426506
2252800,0.0021483860909938812
2256896,0.0028961822390556335
2260992,-9.389035403728485e-05
2265088,0.001958739012479782
2269184,0.0004560835659503937
2273280,-0.0027018338441848755
2277376,0.0005830731242895126
2281472,-0.0014877505600452423
2285568,0.0006492892280220985
2289664,0.00048355571925640106
2293760,0.001278519630432129
2297856,-0.0016168123111128807
2301952,-0.0001519136130809784
2306048,0.0005465662106871605
2310144,-0.00048760324716567993
2314240,0.0002718716859817505
2318336,0.0008725523948669434
2322432,0.0009134579449892044
2326528,-0.00033689290285110474
2330624,0.00011028721928596497
2334720,0.0003002583980560303
2338816,-0.0007436033338308334
2342912,-0.0002387017011642456
2347008,0.0012845732271671295
2351104,0.00014638155698776245
2355200,-0.00014252960681915283
2359296,-0.00036583468317985535
2363392,-0.0008963383734226227
2367488,-0.00015828758478164673
2371584,-8.596107363700867e-07
2375680,-6.711110472679138e-05
2379776,0.00031191110610961914
2383872,0.0003211870789527893
2387968,4.74732369184494e-05
2392064,-0.00025126710534095764
2396160,-0.00452364981174469
2400256,0.00021863356232643127
2404352,0.0003012940287590027
2408448,-0.001036524772644043
2412544,0.0002793818712234497
2416640,-0.0027708206325769424
2420736,0.0003385506570339203
2424832,0.00024090148508548737
2428928,-0.001301489770412445
2433024,-0.0005513876676559448
2437120,0.0008231587707996368
2441216,-0.0018229298293590546
2445312,-0.0006144419312477112
2449408,-0.002158891409635544
2453504,-0.00013556331396102905
2457600,-0.00033165328204631805
2461696,-0.00030742958188056946
2465792,-6.505288183689117e-05
2469888,-0.0005607102066278458
2473984,0.0010281205177307129
2478080,0.00016612373292446136
2482176,-0.0008291378617286682
2486272,-4.1075050830841064e-05
2490368,0.004060606472194195
2494464,-0.0018411707133054733
2498560,-0.0018879100680351257
2502656,-0.0024893656373023987
2506752,-0.0006711166352033615
2510848,-0.0002386048436164856
2514944,-0.0017568953335285187
2519040,-5.6453049182891846e-05
2523136,-0.0018530488014221191
2527232,-0.0012499317526817322
2531328,0.00020389631390571594
2535424,0.0006585940718650818
2539520,0.0003218427300453186
2543616,0.0015701092779636383
2547712,-0.00018779560923576355
2551808,0.00012547150254249573
2555904,-0.0015679001808166504
2560000,-0.0040826983749866486
2564096,-0.00015245936810970306
2568192,0.0001399591565132141
2572288,-0.002794042229652405
2576384,-0.001325957477092743
2580480,-0.0006135841831564903
2584576,0.0006322413682937622
2588672,-0.000540364533662796
2592768,-8.813291788101196e-05
2596864,0.010388806462287903
2600960,0.0008231960237026215
2605056,-0.0014519616961479187
2609152,-0.0019955700263381004
2613248,0.0007745102047920227
2617344,-0.0006444975733757019
2621440,-0.0012389272451400757
2625536,-0.0011145099997520447
2629632,0.0015487335622310638
2633728,0.00041111744940280914
2637824,-0.002629067748785019
2641920,0.0007117651402950287
2646016,1.395493745803833e-05
2650112,-0.0006821341812610626
2654208,-0.0059646740555763245
2658304,-0.0006752088665962219
2662400,0.00012090802192687988
2666496,0.00012600421905517578
2670592,0.00027367472648620605
2674688,0.0007341168820858002
2678784,0.00047963857650756836
2682880,-0.00043127313256263733
2686976,-6.805919110774994e-05
2691072,0.0003692619502544403
2695168,-0.000248979777097702
2699264,-0.00047220848500728607
2703360,-8.130073547363281e-05
2707456,-0.0035880431532859802
2711552,-0.0062434980645775795
2715648,-0.001173967495560646
2719744,0.0010532811284065247
2723840,-0.00035144388675689697
2727936,-0.0003930050879716873
2732032,-0.002234521321952343
2736128,-0.0005478113889694214
2740224,-0.0006149932742118835
2744320,-0.002126697450876236
2748416,0.0015371888875961304
2752512,0.0005441084504127502
2756608,-0.0005801469087600708
2760704,-0.00029551610350608826
2764800,-0.0004682578146457672
2768896,-0.00042705237865448
2772992,0.0010628849267959595
2777088,-0.0021948274224996567
2781184,-0.0004999414086341858
2785280,-0.00017432868480682373
2789376,-0.0007133912295103073
2793472,-0.0013453830033540726
2797568,0.0014289915561676025
2801664,-0.001844152808189392
2805760,-0.003092486411333084
2809856,-0.0012454763054847717
2813952,-0.0006448961794376373
2818048,0.0006862878799438477
2822144,-0.0007844492793083191
2826240,-0.00040052831172943115
2830336,-0.0019598957151174545
2834432,-0.0012708492577075958
2838528,-0.000996999442577362
2842624,-0.0026039034128189087
2846720,0.0011580400168895721
2850816,-0.0014013275504112244
2854912,-0.005729177966713905
2859008,-0.001389484852552414
2863104,0.00027403514832258224
2867200,0.00046513229608535767
2871296,0.000781182199716568
2875392,-0.0027311835438013077
2879488,-0.00148087739944458
2883584,0.0008230768144130707
2887680,0.0005874969065189362
2891776,-0.0011360608041286469
2895872,-0.0011501982808113098
2899968,-0.003134092316031456
2904064,-0.000566437840461731
2908160,-0.002226404845714569
2912256,0.00011564046144485474
2916352,-0.0015993937849998474
2920448,-0.0015429258346557617
2924544,-0.0025296732783317566
2928640,-0.0006767436861991882
2932736,0.0034630410373210907
2936832,0.00019811466336250305
2940928,0.0006564036011695862
2945024,0.002321295440196991
2949120,-0.0030701160430908203
2953216,-0.00018518418073654175
2957312,-4.889443516731262e-06
2961408,0.00014939159154891968
2965504,0.000693049281835556
2969600,-0.00047069042921066284
2973696,-0.0008419416844844818
2977792,0.0044578611850738525
2981888,-0.0007704729214310646
2985984,-0.0009977016597986221
2990080,0.006630279123783112
2994176,0.0033681727945804596
2998272,-0.003501635044813156
3002368,-0.00041232258081436157
3006464,0.0026377178728580475
3010560,0.0007206723093986511
3014656,-0.0022534504532814026
3018752,0.000870327465236187
3022848,0.0014125555753707886
3026944,0.0002084001898765564
3031040,0.0004697553813457489
3035136,-0.0006748437881469727
3039232,-0.0013710539788007736
3043328,-0.0004793629050254822
3047424,0.0003525540232658386
3051520,0.0037915967404842377
3055616,-0.00046861544251441956
3059712,-0.0026874616742134094
3063808,0.002618563361465931
3067904,0.0003554411232471466
3072000,-0.0012085437774658203
3076096,-0.00597037747502327
3080192,0.0012341178953647614
3084288,0.0007087886333465576
3088384,-0.0020696576684713364
3092480,-0.0002720765769481659
3096576,0.002958212047815323
3100672,-3.648921847343445e-05
3104768,-0.0001236535608768463
3108864,-0.0012081209570169449
3112960,-0.0014035701751708984
3117056,0.0002959445118904114
3121152,-0.008136313408613205
3125248,2.2582709789276123e-05
3129344,-0.003902941942214966
3133440,0.0041688233613967896
3137536,5.1042065024375916e-05
3141632,0.000535912811756134
3145728,0.001382630318403244
3149824,-0.003407340496778488
3153920,-0.003497682511806488
3158016,-0.00018687103874981403
3162112,-0.0012117847800254822
3166208,0.004471501335501671
3170304,-0.0005947295576334
3174400,0.001183871179819107
3178496,-0.004753556102514267
3182592,0.00013916194438934326
3186688,0.0025316327810287476
3190784,-0.00045906566083431244
3194880,-0.002142038196325302
3198976,0.0003299340605735779
3203072,-0.0003490578383207321
3207168,-0.002414032816886902
3211264,0.0027805594727396965
3215360,-5.785468965768814e-05
3219456,-0.0006049312651157379
3223552,-0.0026587368920445442
3227648,-0.0011657290160655975
3231744,-0.00017188489437103271
3235840,0.003117471933364868
3239936,-0.010011604055762291
3244032,-0.0011096242815256119
3248128,-0.0018758252263069153
3252224,-0.0007610991597175598
3256320,0.00017772428691387177
3260416,1.6376376152038574e-05
3264512,-0.008700763806700706
3268608,0.0004716813564300537
3272704,-0.000182274729013443
3276800,-0.0020637400448322296
3280896,-0.0006383359432220459
3284992,0.0026449356228113174
3289088,-0.0005364716053009033
3293184,0.0007230602204799652
3297280,-0.0004086494445800781
3301376,-0.005473596975207329
3305472,0.0008636564016342163
3309568,-0.0021958593279123306
3313664,-0.0006380751729011536
3317760,0.00038124341517686844
3321856,5.834922194480896e-05
3325952,-0.003972833976149559
3330048,-0.003408074378967285
3334144,-0.0017450153827667236
3338240,0.0007993094623088837
3342336,-0.0014218837022781372
3346432,-0.005778037011623383
3350528,0.0006154105067253113
3354624,-0.010332681238651276
3358720,-0.00010813027620315552
3362816,-0.0003593284636735916
3366912,-0.001477651298046112
3371008,-0.0002394355833530426
3375104,-0.0014793947339057922
3379200,0.000745777040719986
3383296,-0.0004605725407600403
3387392,-0.004223773255944252
3391488,-0.007353592664003372
3395584,-0.003151755779981613
3399680,-0.008170347660779953
3403776,0.0013704411685466766
3407872,-0.0013998523354530334
3411968,-0.001593228429555893
3416064,0.004883509129285812
3420160,0.0012542307376861572
3424256,-0.004941113293170929
3428352,0.00021798722445964813
3432448,0.000758633017539978
3436544,-0.00040908530354499817
3440640,-0.0002545490860939026
3444736,0.00041453540325164795
3448832,-0.002768397331237793
3452928,-6.820634007453918e-05
3457024,-0.003423461690545082
3461120,-0.0008849892765283585
3465216,0.001983786001801491
3469312,-0.00046198442578315735
3473408,0.00019821152091026306
3477504,-0.003703981637954712
3481600,-0.0012587662786245346
3485696,-0.00047678034752607346
3489792,-0.00047650188207626343
3493888,0.0003634486347436905
3497984,0.0014606602489948273
3502080,-0.006917811930179596
3506176,0.00031883828341960907
3510272,-0.0003990083932876587
3514368,-0.0012443512678146362
3518464,-5.340389907360077e-05
3522560,0.00023169070482254028
3526656,-0.004711981862783432
3530752,-0.000170975923538208
3534848,0.0008145011961460114
3538944,0.00025159865617752075
3543040,0.0004244539886713028
3547136,0.002298722043633461
3551232,0.0002598315477371216
3555328,0.0010796645656228065
3559424,-0.0029904544353485107
3563520,0.001230768859386444
3567616,-0.004236881621181965
3571712,0.0007263869047164917
3575808,-0.003671422600746155
3579904,-0.00019095465540885925
3584000,7.76052474975586e-05
3588096,0.0005542803555727005
3592192,0.0024021752178668976
3596288,-4.110857844352722e-05
3600384,-0.0007623955607414246
3604480,-0.0010832883417606354
3608576,-0.0027919411659240723
3612672,-0.00048670172691345215
3616768,0.00018357392400503159
3620864,0.00010254979133605957
3624960,-0.002246543765068054
3629056,-0.0006382334977388382
3633152,-0.003940921276807785
3637248,-0.00457963440567255
3641344,-0.0006288476288318634
3645440,-0.006080262362957001
3649536,-0.0001491103321313858
3653632,-0.0002298448234796524
3657728,-0.0024851858615875244
3661824,0.00792299211025238
3665920,0.0014338791370391846
3670016,0.00020975805819034576
3674112,-0.004383932799100876
3678208,-0.00013688206672668457
3682304,0.0001832684502005577
3686400,0.0004711933434009552
3690496,8.33999365568161e-05
3694592,-0.00030423514544963837
3698688,0.0020823413506150246
3702784,-0.012246061116456985
3706880,0.001332055777311325
3710976,0.0017347149550914764
3715072,-0.002449069172143936
3719168,-0.001093350350856781
3723264,-0.0007746890187263489
3727360,-0.000617755576968193
3731456,0.0003122091293334961
3735552,-0.00011429190635681152
3739648,0.002565450966358185
3743744,-0.0004476085305213928
3747840,-0.003728669136762619
3751936,7.549300789833069e-05
3756032,0.0005289409309625626
3760128,0.0002480633556842804
3764224,-0.0003286711871623993
3768320,0.0009243907406926155
3772416,-0.001850031316280365
3776512,0.0003604292869567871
3780608,0.0007125372067093849
3784704,0.0017153508961200714
3788800,0.0009831525385379791
3792896,0.005720071494579315
3796992,-0.0004384499043226242
3801088,0.0005903560668230057
3805184,-0.004057213664054871
3809280,-2.6673078536987305e-05
3813376,0.0006396844983100891
3817472,-0.003039807081222534
3821568,0.001232658512890339
3825664,8.150562644004822e-05
3829760,0.00034173019230365753
3833856,-0.0005050636827945709
3837952,-0.0043273307383060455
3842048,-0.001660473644733429
3846144,0.0005409903824329376
3850240,0.0011181086301803589
3854336,0.0010638609528541565
3858432,-0.0008225739002227783
3862528,0.0002674572169780731
3866624,-0.004962440580129623
3870720,-0.0009360089898109436
3874816,0.0005362657830119133
3878912,-0.0007718205451965332
3883008,-0.008026935160160065
3887104,-0.002445615828037262
3891200,-0.0004668803885579109
3895296,-0.006359517574310303
3899392,5.522184073925018e-05
3903488,-0.00034026801586151123
3907584,-6.976723670959473e-05
3911680,-0.001129920594394207
3915776,-0.011093627661466599
3919872,-0.0002911817282438278
3923968,-4.229694604873657e-05
3928064,-0.0012315139174461365
3932160,-0.000938165932893753
3936256,-0.0015508327633142471
3940352,-0.006202526390552521
3944448,-0.0032813921570777893
3948544,-0.0007700026035308838
3952640,0.005599750205874443
3956736,-0.00016028434038162231
3960832,-4.8317015171051025e-05
3964928,0.00015680119395256042
3969024,-1.3805925846099854e-05
3973120,-0.0009959954768419266
3977216,0.0001984909176826477
3981312,-0.00011918880045413971
3985408,-0.0019264258444309235
3989504,7.358379662036896e-05
3993600,0.007447294890880585
3997696,-0.0018835291266441345
4001792,-0.0006889961659908295
4005888,-0.0003759711980819702
4009984,-0.00021378882229328156
4014080,0.0007567461580038071
4018176,0.0026618652045726776
4022272,0.0026274025440216064
4026368,-0.002355508506298065
4030464,0.0016072392463684082
4034560,0.0013938620686531067
4038656,0.004431147128343582
4042752,-0.0006076917052268982
4046848,-0.0041922926902771
4050944,0.00030868127942085266
4055040,0.00010979920625686646
4059136,0.0007167980074882507
4063232,-0.0008821748197078705
4067328,0.0006919503211975098
4071424,0.0006112083792686462
4075520,-0.0013769939541816711
4079616,-0.0029775500297546387
4083712,-0.0022147931158542633
4087808,0.001563582569360733
4091904,-0.0004118746146559715
4096000,0.0007195919752120972
4100096,-0.000269915908575058
4104192,-0.0008343607187271118
4108288,-0.0002901805564761162
4112384,-0.0006140060722827911
4116480,-0.00022568553686141968
4120576,-0.0019788481295108795
4124672,-0.003990348428487778
4128768,-0.000107521191239357
4132864,0.00010277330875396729
4136960,-0.00018895789980888367
4141056,0.0035973265767097473
4145152,-5.613081157207489e-05
4149248,-0.001051235944032669
4153344,-0.0011331159621477127
4157440,-0.008236752822995186
4161536,-0.003228127956390381
4165632,-0.004948172718286514
4169728,-0.003144295886158943
4173824,0.0002355426549911499
4177920,-0.0026212967932224274
4182016,-0.0010858885943889618
4186112,-0.0005468465387821198
4190208,-0.007162358611822128
4194304,-0.007915239781141281
4198400,-3.185868263244629e-05
4202496,0.004324860870838165
4206592,-0.0011787042021751404
4210688,-0.00037249550223350525
4214784,-7.685087621212006e-05
4218880,-0.012786295264959335
4222976,0.00018618442118167877
4227072,-0.0005403682589530945
4231168,-0.0034041758626699448
4235264,0.0003321915864944458
4239360,-0.0010588057339191437
4243456,-4.255305975675583e-05
4247552,-0.001537322998046875
4251648,0.0018916055560112
4255744,-0.0034897662699222565
4259840,-0.00013163313269615173
4263936,-0.0005381293594837189
4268032,-0.002263769507408142
4272128,5.774199962615967e-05
4276224,0.00030362606048583984
4280320,-0.0013079121708869934
4284416,0.0003283470869064331
4288512,8.74549150466919e-05
4292608,-0.00029465556144714355
4296704,-0.0006860196590423584
4300800,-0.0009012855589389801
4304896,0.0031469427049160004
4308992,-0.0011978810653090477
4313088,-0.0012005697935819626
4317184,-0.01300988718867302
4321280,0.003451857715845108
4325376,0.0026462581008672714
4329472,0.0031514987349510193
4333568,0.007810298353433609
4337664,-0.0004396289587020874
4341760,-0.0009026005864143372
4345856,-0.002894282341003418
4349952,0.001108311116695404
4354048,-0.00011412054300308228
4358144,-0.0004669521003961563
4362240,0.00025712326169013977
4366336,-0.0032480917870998383
4370432,0.002329442650079727
4374528,0.0020330771803855896
4378624,-0.00023699738085269928
4382720,0.0001877807080745697
4386816,-0.0011801617220044136
4390912,0.0028892140835523605
4395008,-0.01743158884346485
4399104,-0.006108872592449188
4403200,-0.0012711286544799805
4407296,-0.0013164114207029343
4411392,-0.0009615644812583923
4415488,-0.012702535837888718
4419584,0.0007226467132568359
4423680,0.00026429910212755203
4427776,0.0009460244327783585
4431872,-0.0002982914447784424
4435968,-0.00012790784239768982
4440064,0.0005005486309528351
4444160,-0.0006588585674762726
4448256,-0.0026077181100845337
4452352,-0.005675103515386581
4456448,3.800541162490845e-05
4460544,0.000980837270617485
4464640,0.0018353424966335297
4468736,-0.002117810770869255
4472832,-0.002404499799013138
4476928,0.0006449315696954727
4481024,-0.004836708307266235
4485120,0.0014236904680728912
4489216,-4.217587411403656e-05
4493312,0.000621158629655838
4497408,0.00038683414459228516
4501504,0.005797401070594788
4505600,0.00011331960558891296
4509696,-0.0027266517281532288
4513792,7.643923163414001e-05
4517888,-0.0008426643908023834
4521984,0.0002601742744445801
4526080,-0.0006453469395637512
4530176,-5.755573511123657e-06
4534272,0.0010234490036964417
4538368,-0.0009759217500686646
4542464,0.0003987867385149002
4546560,0.0027680061757564545
4550656,-0.001329869031906128
4554752,-0.00036850105971097946
4558848,-0.00023400411009788513
4562944,-0.004693528637290001
4567040,0.0019477810710668564
4571136,-0.0011650770902633667
4575232,-0.002776164561510086
4579328,0.0004295334219932556
4583424,0.0015458576381206512
4587520,-8.903443813323975e-06
4591616,0.0011916197836399078
4595712,-0.002686910331249237
4599808,-6.175041198730469e-05
4603904,-0.0004703924059867859
4608000,0.0007312055677175522
4612096,-0.000854838639497757
4616192,-0.0003842506557703018
4620288,-0.001564621925354004
4624384,-0.00429825484752655
4628480,-0.0002548396587371826
4632576,-5.111750215291977e-05
4636672,-0.004346903413534164
4640768,0.0021119043231010437
4644864,-9.03010368347168e-06
4648960,0.00031848810613155365
4653056,0.0005670487880706787
4657152,0.0013016052544116974
4661248,-0.0042068734765052795
4665344,0.0006902627646923065
4669440,-0.006500009447336197
4673536,-0.0013104677200317383
4677632,0.0004768483340740204
4681728,0.001965062692761421
4685824,0.008494168519973755
4689920,0.00031126663088798523
4694016,-0.0008158944547176361
4698112,0.0008940286934375763
4702208,-0.00037994422018527985
4706304,0.00012393295764923096
4710400,-0.0003986768424510956
4714496,0.00030449777841567993
4718592,-0.001529879868030548
4722688,-0.0011146925389766693
4726784,-4.965066909790039e-05
4730880,-0.0005454160273075104
4734976,-0.0006800629198551178
4739072,0.0003151893615722656
4743168,-0.008081357926130295
4747264,0.0006595999002456665
4751360,-0.000799102708697319
4755456,8.13603401184082e-06
4759552,0.007942508906126022
4763648,0.0018796324729919434
4767744,0.001667897216975689
4771840,-0.0017260685563087463
4775936,0.0001708436757326126
4780032,-0.003530248999595642
4784128,0.0004691183567047119
4788224,0.001668933779001236
4792320,-0.0029397569596767426
4796416,0.0006529465317726135
4800512,-0.000500241294503212
4804608,-0.0004036184400320053
4808704,-0.00705980509519577
4812800,-0.0010746195912361145
4816896,-0.0009420881979167461
4820992,-0.0007920339703559875
4825088,-0.0034093111753463745
4829184,0.0003648102283477783
4833280,-0.00030028820037841797
4837376,0.0002745203673839569
4841472,-4.433281719684601e-05
4845568,-0.0012789815664291382
4849664,-0.0004317648708820343
4853760,-0.0026811324059963226
4857856,-0.00034217163920402527
4861952,0.0007339417934417725
4866048,0.0013304650783538818
4870144,-0.0056561678647994995
4874240,0.005786597728729248
4878336,-0.0011018440127372742
4882432,-1.3317912817001343e-07
4886528,-0.0001501813530921936
4890624,0.0020145755261182785
4894720,0.000479184091091156
4898816,0.00718328170478344
4902912,0.004651334136724472
4907008,-0.004440490156412125
4911104,-0.0034155920147895813
4915200,-0.0004942119121551514
4919296,-7.80150294303894e-05
4923392,0.000997103750705719
4927488,-0.001941639930009842
4931584,-0.0005329325795173645
4935680,0.0003590919077396393
4939776,0.0012411256320774555
4943872,0.0002713799476623535
4947968,-0.0007991641759872437
4952064,-0.005536964163184166
4956160,0.0038732029497623444
4960256,0.0036562420427799225
4964352,-0.00044717639684677124
4968448,0.0002658087760210037
4972544,-0.0029038675129413605
4976640,0.000959295779466629
4980736,8.177012205123901e-05
4984832,-0.0011074021458625793
4988928,0.0049933623522520065
4993024,0.0013680756092071533
4997120,-0.0011114440858364105
5001216,0.0022327005863189697
5005312,-0.002232404425740242
5009408,0.001052873209118843
5013504,-0.0028294194489717484
5017600,-0.00029593706130981445
5021696,-0.0012343525886535645
5025792,-0.0007343962788581848
5029888,-0.0025970935821533203
5033984,-0.0008965060114860535
5038080,0.0003504157066345215
5042176,-0.0013953149318695068
5046272,-0.005065504461526871
5050368,-0.0049133263528347015
5054464,-0.00012766197323799133
5058560,0.00021722540259361267
5062656,-0.003328166902065277
5066752,-8.140131831169128e-05
5070848,-0.0024114735424518585
5074944,-0.0030311401933431625
5079040,0.0018686642870306969
5083136,-0.0007562916725873947
5087232,-0.00019077956676483154
5091328,-0.00861193984746933
5095424,0.006610654294490814
5099520,6.444565951824188e-05
5103616,-0.0001768842339515686
5107712,-0.0017173849046230316
5111808,4.541128873825073e-06
5115904,3.2885000109672546e-05
5120000,0.000527501106262207
5124096,-0.00045620836317539215
5128192,-0.000223502516746521
5132288,0.0019380617886781693
5136384,0.00017558038234710693
5140480,-0.0005764830857515335
5144576,-0.0005063675343990326
5148672,-0.002023492008447647
5152768,-0.00015645846724510193
5156864,-0.002462673932313919
5160960,0.0013791322708129883
5165056,0.00016182661056518555
5169152,0.0013300254940986633
5173248,0.0006626248359680176
5177344,1.3902783393859863e-05
5181440,-0.0009994953870773315
5185536,-0.00118991918861866
5189632,-0.0013816729187965393
5193728,0.0003358572721481323
5197824,-0.0017884224653244019
5201920,0.0005013700574636459
5206016,-0.003062106668949127
5210112,0.009395292028784752
5214208,-0.0036950036883354187
5218304,0.005995066836476326
5222400,-0.0008241534233093262
5226496,-0.0012890659272670746
5230592,0.0011421777307987213
5234688,0.00017662346363067627
5238784,-0.001625286415219307
5242880,0.0071776434779167175
5246976,-7.130950689315796e-05
5251072,0.010677659884095192
5255168,-0.00047442689538002014
5259264,-0.0007133819162845612
5263360,-0.004261035472154617
5267456,-0.0007346048951148987
5271552,0.004795357584953308
5275648,-0.0007080584764480591
5279744,0.004989562556147575
5283840,0.0005907267332077026
5287936,0.011047527194023132
5292032,0.001781754195690155
5296128,-0.00665932334959507
5300224,0.0031736046075820923
5304320,0.003679528832435608
5308416,-0.0018340907990932465
5312512,-6.155669689178467e-05
5316608,0.0021442919969558716
5320704,0.007753528654575348
5324800,0.0008337032049894333
5328896,-0.00038935430347919464
5332992,0.00013713538646697998
5337088,0.00010066106915473938
5341184,0.00028098560869693756
5345280,-0.0008451864123344421
5349376,0.009244225919246674
5353472,0.0014934390783309937
5357568,-6.565079092979431e-05
5361664,-0.007555566728115082
5365760,0.0005409792065620422
5369856,0.003282923251390457
5373952,-0.0036743860691785812
5378048,-0.00030715763568878174
5382144,-0.0014387071132659912
5386240,-0.0043051280081272125
5390336,-0.0005927085876464844
5394432,-0.00047143176198005676
5398528,0.00017951056361198425
5402624,-0.00041656941175460815
5406720,0.0004054605960845947
5410816,-0.0003325995057821274
5414912,-0.0013458915054798126
5419008,2.2625550627708435e-05
5423104,-0.002877645194530487
5427200,0.00039031729102134705
5431296,0.0001543387770652771
5435392,0.0008248016238212585
5439488,-0.004109127447009087
5443584,0.00020422041416168213
5447680,-0.0037852544337511063
5451776,0.0029101110994815826
5455872,-0.006598925217986107
5459968,0.00019988417625427246
5464064,-0.0038986392319202423
5468160,0.0022480525076389313
5472256,0.0009668730199337006
5476352,0.007773242890834808
5480448,-0.00046218186616897583
5484544,0.00027479231357574463
5488640,-0.001724541187286377
5492736,0.0036200061440467834
5496832,9.528733789920807e-05
5500928,-0.0009642913937568665
5505024,0.00015897303819656372
5509120,0.0009323656558990479
5513216,-0.00031254440546035767
5517312,-0.001049734652042389
5521408,-0.00024682655930519104
5525504,-0.0038437116891145706
5529600,3.4067779779434204e-06
5533696,-0.0005340483039617538
5537792,-0.00015188753604888916
5541888,-0.000918857753276825
5545984,-0.0003407970070838928
5550080,-0.00031458958983421326
5554176,-3.065913915634155e-05
5558272,-0.00017892569303512573
5562368,1.8950551748275757e-05
5566464,-0.00010383129119873047
5570560,-0.00047676265239715576
5574656,-3.8314610719680786e-05
5578752,-0.0001859702169895172
5582848,-9.215250611305237e-05
5586944,6.054714322090149e-05
5591040,4.694238305091858e-05
5595136,-0.001953739672899246
5599232,-0.0015887096524238586
5603328,0.000383816659450531
5607424,3.3054500818252563e-05
5611520,-0.0007884763181209564
5615616,3.032386302947998e-05
5619712,-0.0001339167356491089
5623808,0.0011857226490974426
5627904,-0.004407152533531189
5632000,0.0001857168972492218
5636096,-5.913618952035904e-05
5640192,6.161630153656006e-05
5644288,0.0010178983211517334
5648384,-0.004134010523557663
5652480,0.00010685995221138
5656576,0.0008057821542024612
5660672,-0.00017553195357322693
5664768,0.0003969706594944
5668864,-0.0024420469999313354
5672960,-0.0002557896077632904
5677056,-1.989305019378662e-06
5681152,-0.00014145858585834503
5685248,-0.0005598440766334534
5689344,0.0006763339042663574
5693440,0.0013731643557548523
5697536,-0.0026770196855068207
5701632,-0.0015834011137485504
5705728,-0.009159985929727554
5709824,0.000796779990196228
5713920,-0.00031317025423049927
5718016,-0.0026082023978233337
5722112,-5.0224363803863525e-05
5726208,-0.0004905909299850464
5730304,7.994472980499268e-06
5734400,8.013099431991577e-05
5738496,0.0005366196855902672
5742592,-5.5573880672454834e-05
5746688,3.7457793951034546e-05
5750784,-8.176267147064209e-05
5754880,0.00028950348496437073
5758976,-0.00036106258630752563
5763072,-9.872019290924072e-06
5767168,0.0004951711744070053
5771264,0.00026963651180267334
5775360,0.0013594403862953186
5779456,0.004241267219185829
5783552,0.0010574068874120712
5787648,-2.457946538925171e-05
5791744,6.03795051574707e-05
5795840,0.0003814026713371277
5799936,-0.006658926606178284
5804032,-0.0008483640849590302
5808128,0.00028105080127716064
5812224,0.00017803162336349487
5816320,-0.001502998173236847
5820416,-0.00014576688408851624
5824512,-0.00012595579028129578
5828608,0.00021661818027496338
5832704,-0.00025182217359542847
5836800,-0.0012332648038864136
5840896,-0.0003061555325984955
5844992,-0.000775262713432312
5849088,1.535937190055847e-05
5853184,-2.810359001159668e-05
5857280,0.00017908960580825806
5861376,-8.784234523773193e-05
5865472,1.33514404296875e-05
5869568,-0.00013649091124534607
5873664,-0.00015068799257278442
5877760,-0.0003239288926124573
5881856,-0.0032218266278505325
5885952,0.0001143626868724823
5890048,0.0044346340000629425
5894144,-0.003686845302581787
5898240,0.0008847378194332123
5902336,3.382936120033264e-05
5906432,8.995085954666138e-05
5910528,0.0005973875522613525
5914624,-0.011431142687797546
5918720,0.002024024724960327
5922816,0.0003370046615600586
5926912,-0.0007496066391468048
5931008,0.0008231222163885832
5935104,-0.0013418085873126984
5939200,0.0019168145954608917
5943296,-0.0017236992716789246
5947392,0.0002895072102546692
5951488,0.0018323473632335663
5955584,-0.0020860955119132996
5959680,0.0004897844046354294
5963776,-0.00016336143016815186
5967872,-0.000104561448097229
5971968,-7.36825168132782e-05
5976064,2.8889626264572144e-05
5980160,0.00038417987525463104
5984256,-0.0013740286231040955
5988352,0.010680882260203362
5992448,0.0002428703010082245
5996544,0.004761047661304474
6000640,0.00032559316605329514
6004736,0.0012985989451408386
6008832,-0.018218759447336197
6012928,0.0008773505687713623
6017024,0.00015392526984214783
6021120,0.01114281639456749
6025216,0.008822377771139145
6029312,-0.0020481273531913757
6033408,0.001920841634273529
6037504,-0.0037115737795829773
6041600,-8.372962474822998e-05
6045696,0.0005671326071023941
6049792,0.0003942809998989105
6053888,-0.0003678053617477417
6057984,0.00046087056398391724
6062080,0.0051469504833221436
6066176,-0.005316037684679031
6070272,0.0003578662872314453
6074368,-0.001119859516620636
6078464,-0.0003098733723163605
6082560,-2.7704983949661255e-05
6086656,0.0005986448377370834
6090752,0.004737138748168945
6094848,-0.0016802139580249786
6098944,0.0003410354256629944
6103040,0.0002867355942726135
6107136,-6.24731183052063e-06
6111232,0.0003749243915081024
6115328,6.149709224700928e-05
6119424,0.0004764348268508911
6123520,-0.0009200908243656158
6127616,0.006573393940925598
6131712,-0.0016601849347352982
6135808,0.0022443607449531555
6139904,-0.0023971349000930786
6144000,-0.004674673080444336
6148096,4.583224654197693e-05
6152192,0.0017042756080627441
6156288,-0.0014904960989952087
6160384,-2.285093069076538e-05
6164480,0.0028302520513534546
6168576,-0.0010973252356052399
6172672,-0.008213698863983154
6176768,3.1113624572753906e-05
6180864,0.0005586892366409302
6184960,0.0001161135733127594
6189056,-2.428889274597168e-05
6193152,8.520856499671936e-05
6197248,0.0005155745893716812
6201344,-0.003744944930076599
6205440,-0.005240611732006073
6209536,0.006656533107161522
6213632,0.0015546418726444244
6217728,0.005170863121747971
6221824,-0.010328132659196854
6225920,-0.0030265823006629944
6230016,-2.6825815439224243e-05
6234112,0.0008754879236221313
6238208,0.0030668824911117554
6242304,-0.0012227343395352364
6246400,-0.0008005127310752869
6250496,0.0003935098648071289
6254592,0.0008547231554985046
6258688,-0.00647561252117157
6262784,-0.0013953838497400284
6266880,-0.00032207369804382324
6270976,-0.004413880407810211
6275072,-0.008709978312253952
6279168,-0.0020247381180524826
6283264,0.0010457858443260193
6287360,-0.0008857324719429016
6291456,0.0006107315421104431
6295552,0.0020367130637168884
6299648,-0.002054862678050995
6303744,0.0008886270225048065
6307840,-4.9134716391563416e-05
6311936,-0.004963234066963196
6316032,-0.0017975009977817535
6320128,-0.0007989034056663513
6324224,-0.00776943564414978
6328320,0.0005278587341308594
6332416,-4.5705586671829224e-05
6336512,-4.67151403427124e-06
6340608,0.0021269749850034714
6344704,-1.567043364048004e-05
6348800,-0.00033951178193092346
6352896,1.9159168004989624e-05
6356992,-0.0005184374749660492
6361088,-0.00012936443090438843
6365184,0.0004150569438934326
6369280,-0.004936434328556061
6373376,-8.285045623779297e-06
6377472,0.00040812045335769653
6381568,-0.0004938133060932159
6385664,-0.005097493529319763
6389760,0.0016813427209854126
6393856,-0.00022461265325546265
6397952,5.464814603328705e-05
6402048,-0.0015623737126588821
6406144,-0.0007047206163406372
6410240,0.0027222372591495514
6414336,2.7447938919067383e-05
6418432,8.280947804450989e-05
6422528,-0.0005637351423501968
6426624,-4.974193871021271e-05
6430720,-0.0026965998113155365
6434816,-0.0003558862954378128
6438912,0.00012875348329544067
6443008,-0.0010043829679489136
6447104,-0.0001236647367477417
6451200,-0.001959957182407379
6455296,-3.1502917408943176e-05
6459392,0.006175477057695389
6463488,-0.00041200779378414154
6467584,0.00012090615928173065
6471680,-7.409602403640747e-05
6475776,0.0005128011107444763
6479872,-0.008277490735054016
6483968,-0.0009077787399291992
6488064,-0.005393210798501968
6492160,0.00044397078454494476
6496256,-0.0004030056297779083
6500352,-0.0004650689661502838
6504448,-3.673136234283447e-05
6508544,0.002233106642961502
6512640,0.0007613375782966614
6516736,-8.259713649749756e-05
6520832,-0.006727900356054306
6524928,0.0055990442633628845
6529024,-0.0006731599569320679
6533120,-0.000986393541097641
6537216,-0.00019271671772003174
6541312,-6.266683340072632e-05
6545408,-0.001321401447057724
6549504,-0.0023603588342666626
6553600,-0.0011479146778583527
6557696,-3.396719694137573e-05
6561792,0.0006442666053771973
6565888,-0.0010855551809072495
6569984,-0.00019615516066551208
6574080,6.452947854995728e-05
6578176,1.6752630472183228e-05
6582272,0.0006340164691209793
6586368,-0.00031090062111616135
6590464,0.00017408281564712524
6594560,4.940293729305267e-05
6598656,-0.0006640627980232239
6602752,-0.0036292970180511475
6606848,-0.012922920286655426
6610944,0.0015942268073558807
6615040,-6.189197301864624e-05
6619136,0.0012933984398841858
6623232,7.993355393409729e-05
6627328,-1.852959394454956e-05
6631424,-0.0003456994891166687
6635520,0.0005558207631111145
6639616,-0.007907100021839142
6643712,-0.00019584782421588898
6647808,0.001163683831691742
6651904,-0.00011460483074188232
6656000,-0.0003079809248447418
6660096,0.0008814632892608643
6664192,-0.0001855902373790741
6668288,8.721277117729187e-05
6672384,0.0002797320485115051
6676480,-0.0015158522874116898
6680576,-0.001073288731276989
6684672,-0.0015939157456159592
6688768,-0.006810098886489868
6692864,-7.380358874797821e-05
6696960,0.0027615949511528015
6701056,-0.0003859885036945343
6705152,-5.986541509628296e-06
6709248,0.00024791061878204346
6713344,0.0003520771861076355
6717440,0.0003314465284347534
6721536,-0.00016686692833900452
6725632,-0.00040378421545028687
6729728,-0.002278551459312439
6733824,0.00011175870895385742
6737920,-0.002438891679048538
6742016,-0.00475691445171833
6746112,-0.0012307912111282349
6750208,-0.0002548918128013611
6754304,-0.0001867823302745819
6758400,-0.002300642430782318
6762496,0.00379311665892601
6766592,-7.335841655731201e-05
6770688,0.0043752193450927734
6774784,-0.0007069781422615051
6778880,-0.0005170479416847229
6782976,0.0017995517700910568
6787072,-0.0013747476041316986
6791168,1.74008309841156e-05
6795264,-5.868449807167053e-05
6799360,7.971003651618958e-05
6803456,-0.002744622528553009
6807552,0.0011437982320785522
6811648,-0.0006179492920637131
6815744,-2.298876643180847e-05
6819840,-0.0008841417729854584
6823936,-1.1239200830459595e-05
6828032,-0.0004328526556491852
6832128,-0.0004174858331680298
6836224,0.0005452800542116165
6840320,-0.00010033324360847473
6844416,-0.0001380443572998047
6848512,0.0002944357693195343
6852608,-0.006439460441470146
6856704,7.912516593933105e-05
6860800,-0.00010946393013000488
6864896,-0.006219631060957909
6868992,-0.00024518929421901703
6873088,0.0004171077162027359
6877184,-8.717551827430725e-05
6881280,-1.039169728755951e-05
6885376,-0.00020829588174819946
6889472,0.0010820180177688599
6893568,0.0022205207496881485
6897664,-0.0006739050149917603
6901760,-0.005814004689455032
6905856,-2.0723789930343628e-05
6909952,-0.001387372612953186
6914048,0.0047800783067941666
6918144,-0.0005838871002197266
6922240,-0.00946049764752388
6926336,0.00020068511366844177
6930432,-9.283050894737244e-05
6934528,-0.0001472681760787964
6938624,0.0003552064299583435
6942720,0.0010527372360229492
6946816,0.0006528981029987335
6950912,-0.0009326152503490448
6955008,-0.0037464722990989685
6959104,0.00034298188984394073
6963200,0.004635527729988098
6967296,-0.017302323132753372
6971392,-0.003146030008792877
6975488,-0.0008310452103614807
6979584,8.311308920383453e-05
6983680,0.00013110041618347168
6987776,0.00015499070286750793
6991872,3.466662019491196e-05
6995968,0.00012741237878799438
7000064,-0.007450873963534832
7004160,-0.002209477126598358
7008256,0.004304565489292145
7012352,0.003154698759317398
7016448,0.002466939389705658
7020544,6.745010614395142e-05
7024640,-0.004831396043300629
7028736,-0.0019513852894306183
7032832,-0.0028786733746528625
7036928,-0.0006309524178504944
7041024,6.093829870223999e-05
7045120,6.797909736633301e-05
7049216,0.00034089013934135437
7053312,0.00022343359887599945
7057408,-0.0002961680293083191
7061504,0.000636417418718338
7065600,0.00022907555103302002
7069696,0.0004350505769252777
7073792,7.021985948085785e-05
7077888,0.005250617861747742
7081984,0.0005632378160953522
7086080,0.0006675552576780319
7090176,-0.0009102262556552887
7094272,-0.0004863981157541275
7098368,0.0009850971400737762
7102464,-0.0019752271473407745
7106560,0.0017543211579322815
7110656,-0.0006144922226667404
7114752,0.0002527199685573578
7118848,-0.007873356342315674
7122944,-0.0004904866218566895
7127040,-9.880959987640381e-05
7131136,-0.0015624985098838806
7135232,0.002296261489391327
7139328,-0.0009838566184043884
7143424,-0.00013838708400726318
7147520,-0.0010076463222503662
7151616,-0.0024949628859758377
7155712,0.001471254974603653
7159808,0.0010850541293621063
7163904,0.004187546670436859
7168000,-0.0029444806277751923
7172096,-0.0019009867683053017
7176192,-0.0043671466410160065
7180288,-0.00860108807682991
7184384,-0.0024953000247478485
7188480,-0.0031757261604070663
7192576,-0.0008876435458660126
7196672,-0.0004456229507923126
7200768,0.005200229585170746
7204864,-0.0014018872752785683
7208960,0.0023596826940774918
7213056,-0.00485883466899395
7217152,0.0053222328424453735
7221248,-0.0021373070776462555
7225344,-6.57103955745697e-05
7229440,-0.00027075037360191345
7233536,0.0018302053213119507
7237632,-0.004447104409337044
7241728,5.511194467544556e-05
7245824,-0.001883513294160366
7249920,-0.0009809285402297974
7254016,0.0018892884254455566
7258112,-0.0011510327458381653
7262208,0.0004846900701522827
7266304,-0.006145883351564407
7270400,0.001332346349954605
7274496,-0.003693312406539917
7278592,-5.05298376083374e-05
7282688,0.004200272262096405
7286784,-0.001663997769355774
7290880,-0.00030342862010002136
7294976,-0.006242036819458008
7299072,-0.000504620373249054
7303168,0.009148221462965012
7307264,0.00026661157608032227
7311360,-0.000414188951253891
7315456,-7.819198071956635e-05
7319552,0.0008527971804141998
7323648,-0.0035989321768283844
7327744,0.001477271318435669
7331840,-0.0021265633404254913
7335936,0.0014740042388439178
7340032,-0.00016186758875846863
7344128,-0.00026138871908187866
7348224,-0.00041162967681884766
7352320,0.0013119205832481384
7356416,0.0032784976065158844
7360512,0.00015429779887199402
7364608,0.00012698769569396973
7368704,-0.0014241412281990051
7372800,-0.0024166032671928406
7376896,-0.0011109337210655212
7380992,-0.00020715594291687012
7385088,-0.000250156968832016
7389184,-0.0031835660338401794
7393280,0.0011090822517871857
7397376,0.0011210963129997253
7401472,8.226931095123291e-05
7405568,9.961053729057312e-05
7409664,0.0010845698416233063
7413760,-0.0032248832285404205
7417856,-0.00019086897373199463
7421952,2.1763145923614502e-05
7426048,0.0009962022304534912
7430144,-2.6885420083999634e-05
7434240,-0.0003288164734840393
7438336,-0.0031240731477737427
7442432,0.0007079783827066422
7446528,-5.56260347366333e-05
7450624,0.000627521425485611
7454720,0.0051838718354702
7458816,0.011055555194616318
7462912,0.0007208958268165588
7467008,-0.00011169910430908203
7471104,-0.0001476183533668518
7475200,-0.0026577040553092957
7479296,-0.0019015073776245117
7483392,0.0004578251391649246
7487488,-0.0011043399572372437
7491584,-0.0013100896030664444
7495680,-0.0009215027093887329
7499776,-6.287544965744019e-05
7503872,-5.734153091907501e-05
7507968,0.00015837699174880981
7512064,-0.0034266021102666855
7516160,-0.0003358982503414154
7520256,0.00022350624203681946
7524352,-0.00011415034532546997
7528448,0.0010278001427650452
7532544,2.6833266019821167e-05
7536640,7.800757884979248e-05
7540736,-0.001125626266002655
7544832,4.3449923396110535e-05
7548928,-3.099814057350159e-05
7553024,-0.00029266998171806335
7557120,0.00013062357902526855
7561216,0.000452626496553421
7565312,-0.006659397855401039
7569408,-4.203617572784424e-05
7573504,0.0007556043565273285
7577600,-0.0050986092537641525
7581696,0.004804689437150955
7585792,0.001954559236764908
7589888,0.004124313592910767
7593984,-0.0002545975148677826
7598080,8.805468678474426e-05
7602176,-0.0027402937412261963
7606272,0.0010035615414381027
7610368,-6.822869181632996e-05
7614464,-0.0052381642162799835
7618560,-1.0272487998008728e-05
7622656,-0.0005815029144287109
7626752,0.0011460129171609879
7630848,0.0037603341042995453
7634944,0.0003178156912326813
7639040,-0.0015777666121721268
7643136,0.0016327351331710815
7647232,-0.005060791969299316
7651328,0.0008161067962646484
7655424,-0.003634527325630188
7659520,-0.0010138601064682007
7663616,0.0017447397112846375
7667712,-0.00023141875863075256
7671808,-0.0013672560453414917
7675904,0.0025275861844420433
7680000,0.0008170716464519501
7684096,-0.0013291090726852417
7688192,-0.00038327276706695557
7692288,-0.015738841146230698
7696384,-0.009107980877161026
7700480,-0.0005377717316150665
7704576,-0.0007049962878227234
7708672,-0.012906614691019058
7712768,0.0014182645827531815
7716864,0.007972605526447296
7720960,0.0010558664798736572
7725056,0.001038774847984314
7729152,-0.002065792679786682
7733248,0.0007375981658697128
7737344,-7.574260234832764e-05
7741440,0.00023163482546806335
7745536,0.000606875866651535
7749632,0.010778125375509262
7753728,0.0016396157443523407
7757824,-0.0005584340542554855
7761920,0.00122092105448246
7766016,-0.0024406276643276215
7770112,-0.00029783695936203003
7774208,-7.841736078262329e-05
7778304,0.004069197922945023
7782400,0.0006735585629940033
7786496,-0.0002707280218601227
7790592,-0.000922076404094696
7794688,-0.011026309803128242
7798784,-0.0011023879051208496
7802880,-5.7987868785858154e-05
7806976,0.0016765184700489044
7811072,-1.774728298187256e-05
7815168,-0.0016167089343070984
7819264,0.0004928931593894958
7823360,0.003155060112476349
7827456,0.001119375228881836
7831552,-0.0046871742233633995
7835648,0.0007910355925559998
7839744,-0.0005521140992641449
7843840,0.000735994428396225
7847936,-3.666616976261139e-05
7852032,-0.0037663541734218597
7856128,0.004152845591306686
7860224,0.00024248287081718445
7864320,-0.003715692088007927
7868416,0.0015984904021024704
7872512,-0.0017493925988674164
7876608,-0.0001579485833644867
7880704,0.0037047043442726135
7884800,-0.00038883090019226074
7888896,0.00016329437494277954
7892992,0.008896183222532272
7897088,-0.005265817046165466
7901184,-0.0011338833719491959
7905280,-0.0003386065363883972
7909376,0.00015190616250038147
7913472,-0.007090311497449875
7917568,-0.0024191029369831085
7921664,0.0002032853662967682
7925760,0.0012311451137065887
7929856,0.0012586191296577454
7933952,0.00024828314781188965
7938048,2.3011118173599243e-05
7942144,-0.006061667576432228
7946240,9.3020498752594e-06
7950336,-0.0014110598713159561
7954432,-0.0009650513529777527
7958528,-1.5828758478164673e-05
7962624,0.01901768520474434
7966720,0.0014604348689317703
7970816,-0.0016178302466869354
7974912,-0.00017750635743141174
7979008,-0.0011378340423107147
7983104,0.00012990087270736694
7987200,-0.00032071396708488464
7991296,-0.003733515739440918
7995392,0.0031243525445461273
7999488,-0.0013713613152503967
8003584,-0.000466417521238327
8007680,0.0001246221363544464
8011776,-0.00021705031394958496
8015872,0.0008038245141506195
8019968,0.0025420337915420532
8024064,0.0002906695008277893
8028160,-3.810226917266846e-05
8032256,-5.003437399864197e-05
8036352,0.0015250667929649353
8040448,-0.00043708086013793945
8044544,0.0031160935759544373
8048640,-0.0030750976875424385
8052736,-0.0013028420507907867
8056832,5.9153884649276733e-05
8060928,-0.00039805471897125244
8065024,-0.0005943998694419861
8069120,-0.0008695833384990692
8073216,-0.007662270218133926
8077312,-0.00014915131032466888
8081408,-0.0013350173830986023
8085504,0.003174923360347748
8089600,-0.0004842989146709442
8093696,-0.006218684837222099
8097792,-0.0002604462206363678
8101888,-0.0011785570532083511
8105984,0.006494864821434021
8110080,-0.0004702731966972351
8114176,-0.012237424030900002
8118272,-0.01284564658999443
8122368,0.0003649890422821045
8126464,-1.9511207938194275e-05
8130560,0.00027311965823173523
8134656,-0.0014207065105438232
8138752,0.0030640680342912674
8142848,0.0002587735652923584
8146944,-0.0011412985622882843
8151040,0.0003397837281227112
8155136,-0.00033744052052497864
8159232,0.0014823731034994125
8163328,-6.624683737754822e-05
8167424,0.0007129386067390442
8171520,0.0006608627736568451
8175616,-0.0011066235601902008
8179712,-0.0006455611437559128
8183808,-0.003482036292552948
8187904,0.0012761838734149933
8192000,-0.0008534230291843414
8196096,-0.0006153285503387451
8200192,0.0021232478320598602
8204288,0.0009319698438048363
8208384,0.0005225818604230881
8212480,0.00034121423959732056
8216576,0.0034589022397994995
8220672,0.0003437995910644531
8224768,-0.0005185902118682861
8228864,0.0008232071995735168
8232960,-3.0860304832458496e-05
8237056,-0.004359031096100807
8241152,-0.0020320676267147064
8245248,-0.0021055489778518677
8249344,0.00532541424036026
8253440,-0.0013117790222167969
8257536,-0.002919558435678482
8261632,-0.0017105713486671448
8265728,0.0001814812421798706
8269824,-0.0017022117972373962
8273920,-0.007287241518497467
8278016,-0.0015231706202030182
8282112,-0.00039251893758773804
8286208,-0.00020836666226387024
8290304,0.002712331712245941
8294400,-0.0056456830352544785
8298496,-0.0004035830497741699
8302592,-0.0006450731307268143
8306688,0.0002439473755657673
8310784,-0.0022528916597366333
8314880,-0.0004857107996940613
8318976,0.003461631014943123
8323072,0.000406414270401001
8327168,-0.0010811854153871536
8331264,0.011704843491315842
8335360,-3.8370490074157715e-06
8339456,2.6845373213291168e-05
8343552,-0.004871070384979248
8347648,-0.00012516602873802185
8351744,-0.00016850605607032776
8355840,-0.016953662037849426
8359936,0.000654272735118866
8364032,7.070600986480713e-06
8368128,0.00010636076331138611
8372224,-0.0036539696156978607
8376320,-0.0005485974252223969
8380416,-0.0006214864552021027
8384512,0.006348300725221634
8388608,-4.9544498324394226e-05
8392704,8.508190512657166e-05
8396800,-0.0013343244791030884
8400896,-0.0008589699864387512
8404992,-6.798654794692993e-06
8409088,-0.0003647021949291229
8413184,-0.0012061074376106262
8417280,-0.00028252601623535156
8421376,-0.0007523000240325928
8425472,0.00015118718147277832
8429568,0.0001388341188430786
8433664,-0.00024944916367530823
8437760,-9.04034823179245e-05
8441856,0.0004275292158126831
8445952,0.00016302615404129028
8450048,7.903575897216797e-05
8454144,0.0008816197514533997
8458240,0.00015051662921905518
8462336,0.000276732724159956
8466432,0.0013707727193832397
8470528,0.00016018282622098923
8474624,-0.0009904131293296814
8478720,-9.85562801361084e-05
8482816,5.7835131883621216e-05
8486912,-0.0007450655102729797
8491008,0.0006434364477172494
8495104,-0.0006356090307235718
8499200,-0.00016336888074874878
8503296,-0.0009439624845981598
8507392,0.00013789348304271698
8511488,-0.006820894777774811
8515584,-0.00023421645164489746
8519680,-0.0006023794412612915
8523776,7.82310962677002e-07
8527872,-0.00014773011207580566
8531968,5.474314093589783e-06
8536064,-0.0004181787371635437
8540160,-0.01827200874686241
8544256,-0.0018532127141952515
8548352,-0.0009043384343385696
8552448,0.0020916499197483063
8556544,-0.0024709757417440414
8560640,-0.00042956508696079254
8564736,-0.0030121132731437683
8568832,0.00015998072922229767
8572928,0.0043595172464847565
8577024,0.0014248192310333252
8581120,0.0009199716150760651
8585216,-0.002028733491897583
8589312,0.00751219317317009
8593408,-0.0005546994507312775
8597504,0.0017422102391719818
8601600,0.00017966609448194504
8605696,-0.0008678995072841644
8609792,-0.0007239282131195068
8613888,-5.6803226470947266e-05
8617984,0.0021494831889867783
8622080,0.00045697763562202454
8626176,-0.0057388246059417725
8630272,-0.0008531864732503891
8634368,0.00017573777586221695
8638464,0.00060308538377285
8642560,-0.0032438929192721844
8646656,-0.0024741245433688164
8650752,0.0017868876457214355
8654848,0.00035035982728004456
8658944,2.8673559427261353e-05
8663040,1.6801059246063232e-05
8667136,-0.000935189425945282
8671232,0.0008532041683793068
8675328,0.00028445571660995483
8679424,0.0010180976241827011
8683520,7.995776832103729e-05
8687616,0.0003823228180408478
8691712,-0.0003452841192483902
8695808,3.2879412174224854e-05
8699904,-0.003974948078393936
8704000,-0.00022407248616218567
8708096,-7.681548595428467e-05
8712192,0.0018924213945865631
8716288,-2.5875866413116455e-05
8720384,-0.005588963627815247
8724480,-0.00017263740301132202
8728576,-0.0038754157721996307
8732672,0.0002523176372051239
8736768,-9.595602750778198e-05
8740864,-0.005547191947698593
8744960,-0.0006073638796806335
8749056,-0.008069861680269241
8753152,-0.002887534908950329
8757248,0.00018214061856269836
8761344,-0.0022827759385108948
8765440,0.001756809651851654
8769536,0.00031960755586624146
8773632,-0.0008346149697899818
8777728,0.0023775622248649597
8781824,-6.302818655967712e-05
8785920,-1.16005539894104e-05
8790016,0.005104005336761475
8794112,-0.00034795887768268585
8798208,-0.00016857311129570007
8802304,0.0009421780705451965
8806400,-0.0020929481834173203
8810496,0.005469717085361481
8814592,0.0004474930465221405
8818688,-0.0017515737563371658
8822784,6.252527236938477e-05
8826880,0.0008844062685966492
8830976,0.00045551732182502747
8835072,0.004936888813972473
8839168,0.0008142180740833282
8843264,0.005773097276687622
8847360,-0.005008000880479813
8851456,0.00010004639625549316
8855552,-0.000149458646774292
8859648,-0.0001818537712097168
8863744,0.002640383318066597
8867840,-0.0060646310448646545
8871936,-0.007155433297157288
8876032,-0.00022981315851211548
8880128,-0.004776429384946823
8884224,-0.0036605633795261383
8888320,-0.007459789514541626
8892416,-0.00047077983617782593
8896512,-0.0016848817467689514
8900608,0.012651599943637848
8904704,-0.00305306538939476
8908800,0.004136897623538971
8912896,-0.0018386486917734146
8916992,-2.2776424884796143e-05
8921088,0.001940704882144928
8925184,-0.003350205719470978
8929280,-3.4732744097709656e-05
8933376,-0.0027019139379262924
8937472,0.003072241321206093
8941568,-0.0007125325500965118
8945664,0.0025444645434617996
8949760,-6.095133721828461e-05
8953856,-0.0008695870637893677
8957952,0.0022182203829288483
8962048,-0.00016859173774719238
8966144,0.0007633194327354431
8970240,0.00042614899575710297
8974336,-0.00014948099851608276
8978432,-0.0008571073412895203
8982528,-0.0006718728691339493
8986624,-8.60653817653656e-05
8990720,-0.0007001645863056183
8994816,0.0005969367921352386
8998912,0.0021991170942783356
9003008,-0.0010066181421279907
9007104,0.004316866397857666
9011200,-0.0011560097336769104
9015296,-0.0002608373761177063
9019392,-0.0051928795874118805
9023488,-0.0010204939171671867
9027584,0.002040047198534012
9031680,0.0017776116728782654
9035776,-0.0005108155310153961
9039872,-0.00012481585144996643
9043968,0.0006378986872732639
9048064,0.00015806406736373901
9052160,-0.0020787902176380157
9056256,0.0005393438041210175
9060352,-0.015721876174211502
9064448,-0.0019981637597084045
9068544,3.3210963010787964e-05
9072640,3.6913901567459106e-05
9076736,-0.0006769560277462006
9080832,0.006820283830165863
9084928,-0.015308262780308723
9089024,-0.0004301890730857849
9093120,-0.0009077340364456177
9097216,0.00017859414219856262
9101312,-4.319380968809128e-05
9105408,0.001973245292901993
9109504,0.00034847110509872437
9113600,-0.0014371275901794434
9117696,-0.0018115108832716942
9121792,-6.831437349319458e-05
9125888,-0.00010891258716583252
9129984,0.0010872557759284973
9134080,-0.00023049861192703247
9138176,0.0002946294844150543
9142272,0.0010790303349494934
9146368,-2.3888424038887024e-05
9150464,-0.0017004385590553284
9154560,-4.6547502279281616e-05
9158656,0.0032167453318834305
9162752,0.0008557438850402832
9166848,0.0010370910167694092
9170944,0.006278909742832184
9175040,-0.007075745612382889
9179136,-9.841285645961761e-06
9183232,0.00031612999737262726
9187328,6.874650716781616e-05
9191424,0.00023484230041503906
9195520,0.0014958474785089493
9199616,-0.0021721161901950836
9203712,-0.0005677919834852219
9207808,0.001764141023159027
9211904,0.009366901591420174
9216000,-0.002135481685400009
9220096,0.0016801021993160248
9224192,-0.0005154870450496674
9228288,0.00011907145380973816
9232384,-5.632266402244568e-05
9236480,0.0008525513112545013
9240576,-0.0003573670983314514
9244672,-0.0034055188298225403
9248768,-3.848224878311157e-05
9252864,-0.0028821006417274475
9256960,-0.0006406791508197784
9261056,9.015202522277832e-07
9265152,2.5074928998947144e-05
9269248,-0.00026687420904636383
9273344,0.0009003430604934692
9277440,0.0021625999361276627
9281536,-3.758817911148071e-05
9285632,0.009256832301616669
9289728,4.426389932632446e-05
9293824,-0.0011757686734199524
9297920,0.004219971597194672
9302016,-0.00037984922528266907
9306112,0.0003485865890979767
9310208,-7.365643978118896e-05
9314304,0.0004367996007204056
9318400,-0.00026079360395669937
9322496,8.583813905715942e-05
9326592,0.0005424283444881439
9330688,0.0005078315734863281
9334784,-0.0007830224931240082
9338880,0.0013454705476760864
9342976,-0.001459263265132904
9347072,-0.0010808110237121582
9351168,0.00034127384424209595
9355264,-0.0024924129247665405
9359360,-3.0093826353549957e-05
9363456,0.000933527946472168
9367552,0.00010645389556884766
9371648,-0.00042068958282470703
9375744,-0.0001309812068939209
9379840,7.735192775726318e-05
9383936,-1.1879950761795044e-05
9388032,-0.0011126697063446045
9392128,0.0007175318896770477
9396224,6.810948252677917e-05
9400320,-9.708106517791748e-06
9404416,0.00023520737886428833
9408512,5.965679883956909e-05
9412608,8.092634379863739e-05
9416704,0.001532229594886303
9420800,-0.0005051232874393463
9424896,-0.001214589923620224
9428992,-0.0005095675587654114
9433088,-0.00017028860747814178
9437184,-0.0021507777273654938
9441280,-0.002858530730009079
9445376,-3.242865204811096e-05
9449472,3.657117486000061e-05
9453568,-6.249174475669861e-05
9457664,0.00021660327911376953
9461760,-0.0007216185331344604
9465856,-0.0001720171421766281
9469952,1.5955418348312378e-05
9474048,3.31290066242218e-05
9478144,-4.315003752708435e-05
9482240,-0.0001374315470457077
9486336,-0.00018084794282913208
9490432,0.00012332946062088013
9494528,-0.0011172741651535034
9498624,0.0010940581560134888
9502720,-0.0017432570457458496
9506816,-0.010128749534487724
9510912,-1.9922852516174316e-05
9515008,5.5771321058273315e-05
9519104,-4.251766949892044e-05
9523200,-0.0005579441785812378
9527296,-0.00013440847396850586
9531392,9.819865226745605e-05
9535488,0.0006154701113700867
9539584,0.00026504695415496826
9543680,-0.0027101878076791763
9547776,-0.0030848123133182526
9551872,0.0005610324442386627
9555968,-1.4994293451309204e-05
9560064,-0.0001094713807106018
9564160,-0.010241463780403137
9568256,-0.00012215785682201385
9572352,-0.0009817108511924744
9576448,-0.00024887174367904663
9580544,-0.00045973993837833405
9584640,-0.0016027763485908508
9588736,0.011950377374887466
9592832,-0.0003331303596496582
9596928,-0.002881992608308792
9601024,-0.0001875460147857666
9605120,-0.004779752343893051
9609216,-0.000688161700963974
9613312,-2.037733793258667e-06
9617408,0.00021738559007644653
9621504,0.0007238853722810745
9625600,0.0012422986328601837
9629696,-0.0018759071826934814
9633792,0.0004949122667312622
9637888,2.619996666908264e-05
9641984,0.00014765001833438873
9646080,-0.0015932545065879822
9650176,9.481888264417648e-05
9654272,0.00032733380794525146
9658368,-0.0006680823862552643
9662464,2.2195279598236084e-05
9666560,-0.0012981854379177094
9670656,-0.0004988089203834534
9674752,0.00013321824371814728
9678848,1.2785429134964943e-05
9682944,0.0013434961438179016
9687040,-6.49765133857727e-05
9691136,0.00012108311057090759
9695232,-0.0013626478612422943
9699328,-0.0011760890483856201
9703424,0.00014203786849975586
9707520,-0.0006429515779018402
9711616,-0.0001781173050403595
9715712,3.665545955300331e-05
9719808,0.003241642378270626
9723904,-0.0003591831773519516
9728000,0.002662401646375656
9732096,-0.0004224199801683426
9736192,0.0035383030772209167
9740288,0.00048180483281612396
9744384,-0.0013553500175476074
9748480,0.00012040138244628906
9752576,0.0003161206841468811
9756672,-0.0005015060305595398
9760768,-0.00013106688857078552
9764864,0.00040240585803985596
9768960,1.9719824194908142e-05
9773056,0.0007672421634197235
9777152,0.0022688060998916626
9781248,-0.0006384532898664474
9785344,-5.5827200412750244e-05
9789440,0.00037775933742523193
9793536,9.348290041089058e-05
9797632,-8.137151598930359e-05
9801728,0.0031714849174022675
9805824,-5.676783621311188e-05
9809920,-4.690885543823242e-05
9814016,0.00039387866854667664
9818112,-0.0017160922288894653
9822208,-0.001943480223417282
9826304,-0.0002830140292644501
9830400,-0.00032131001353263855
9834496,-0.00019280239939689636
9838592,0.003970291465520859
9842688,-0.0001343749463558197
9846784,1.4610588550567627e-05
9850880,2.652406692504883e-06
9854976,-0.0006893351674079895
9859072,-6.462633609771729e-05
9863168,-0.0008191065862774849
9867264,8.080154657363892e-05
9871360,-0.00014633219689130783
9875456,-0.012272462248802185
9879552,1.537241041660309e-05
9883648,7.662922143936157e-06
9887744,-2.6922672986984253e-05
9891840,-0.004918198101222515
9895936,0.0004653558135032654
9900032,-4.2088329792022705e-05
9904128,-0.00015130266547203064
9908224,-1.7445534467697144e-05
9912320,-3.9733946323394775e-05
9916416,-0.0004820600152015686
9920512,0.00015976279973983765
9924608,-0.00029538199305534363
9928704,0.0010021775960922241
9932800,-0.0002896115183830261
9936896,0.000559244304895401
9940992,7.786042988300323e-05
9945088,0.000155717134475708
9949184,0.00016340240836143494
9953280,0.0012094676494598389
9957376,9.611435234546661e-05
9961472,-0.00021838396787643433
9965568,0.00014043040573596954
9969664,-0.00046852976083755493
9973760,-0.00010833889245986938
9977856,-2.5875866413116455e-05
9981952,-0.0002039298415184021
9986048,3.6992132663726807e-06
9990144,-0.00018322840332984924
9994240,-0.0007940083742141724
9998336,-0.0020689358934760094
10002432,-0.0008633174002170563
10006528,3.30023467540741e-05
10010624,1.7274171113967896e-05
10014720,-2.346932888031006e-05
10018816,-8.463859558105469e-06
10022912,-0.0001880265772342682
10027008,-0.0008521284908056259
10031104,-0.0005191415548324585
10035200,-0.003077339380979538
10039296,-3.33935022354126e-05
10043392,3.958120942115784e-05
10047488,0.0007569156587123871
10051584,-7.03670084476471e-05
10055680,1.0542571544647217e-06
10059776,-0.004280911758542061
10063872,0.0021057799458503723
10067968,-0.00042651407420635223
10072064,-0.00015376508235931396
10076160,-0.00015422329306602478
10080256,-3.7435442209243774e-05
10084352,-0.000871194526553154
10088448,-0.00017504021525382996
10092544,-0.0002967026084661484
10096640,0.0001028403639793396
10100736,8.797086775302887e-05
10104832,0.0004809647798538208
10108928,-9.471829980611801e-05
10113024,-7.371604442596436e-05
10117120,5.622580647468567e-05
10121216,-7.950048893690109e-05
10125312,-0.002559974789619446
10129408,-0.0002678185701370239
10133504,0.002821512520313263
10137600,-0.0018825866281986237
10141696,0.0018618814647197723
10145792,0.0005649961531162262
10149888,0.0011375471949577332
10153984,-0.0005311258137226105
10158080,-0.00047757290303707123
10162176,-0.0003795810043811798
10166272,-3.435090184211731e-05
10170368,8.71904194355011e-06
10174464,-0.0003619194030761719
10178560,0.0014519281685352325
10182656,0.00016791373491287231
10186752,-3.596395254135132e-05
10190848,-3.392249345779419e-05
10194944,-5.185231566429138e-05
10199040,0.0010286495089530945
10203136,3.49879264831543e-05
10207232,0.0004453882575035095
10211328,-0.0008802488446235657
10215424,-0.00021809712052345276
10219520,-0.001361902803182602
10223616,0.0002093445509672165
10227712,0.0016154497861862183
10231808,-5.99101185798645e-05
10235904,0.0002842359244823456
10240000,-0.00023964419960975647
10244096,0.0005203559994697571
10248192,-0.0016159005463123322
10252288,-0.0003968961536884308
10256384,-0.00013858452439308167
10260480,5.574524402618408e-05
10264576,-6.817467510700226e-05
10268672,0.0014427825808525085
10272768,8.783116936683655e-05
10276864,-9.804964065551758e-06
10280960,0.00029684603214263916
10285056,-0.0011084824800491333
10289152,0.0002181902527809143
10293248,-0.000689052976667881
10297344,0.0003375820815563202
10301440,-0.0006904043257236481
10305536,0.00047742947936058044
10309632,-0.0021411385387182236
10313728,-0.0019149817526340485
10317824,-0.00017049815505743027
10321920,0.00211972463876009
10326016,-5.844235420227051e-05
10330112,-0.002591840922832489
10334208,-4.249066114425659e-05
10338304,0.00021296925842761993
10342400,0.0006257370114326477
10346496,0.00020081177353858948
10350592,-0.0011344179511070251
10354688,1.6808509826660156e-05
10358784,0.002724789083003998
10362880,-0.0008067237213253975
10366976,-0.00013329274952411652
10371072,-0.004434999078512192
10375168,8.430331945419312e-06
10379264,-0.0002789907157421112
10383360,5.5029988288879395e-05
10387456,8.445978164672852e-05
10391552,-4.550814628601074e-05
10395648,0.00014173611998558044
10399744,-5.0108879804611206e-05
10403840,-0.00017147138714790344
10407936,-0.003355838358402252
10412032,0.00027159228920936584
10416128,-0.0011459123343229294
10420224,0.001672796905040741
10424320,-0.00023869052529335022
10428416,0.0006696693599224091
10432512,-0.0022531673312187195
10436608,-0.0004217103123664856
10440704,7.078051567077637e-07
10444800,0.00022865086793899536
10448896,-0.00011038035154342651
10452992,-0.005087941884994507
10457088,-0.00017214752733707428
10461184,0.0004662424325942993
10465280,0.00026512518525123596
10469376,-0.0004746466875076294
10473472,-0.00011729449033737183
10477568,-0.0001605004072189331
10481664,-0.00031366944313049316
10485760,-0.0001273229718208313
10489856,-0.011808689683675766
10493952,-0.0008093491196632385
10498048,-0.0006480962038040161
10502144,0.0016254782676696777
10506240,0.001170136034488678
10510336,-0.002713344991207123
10514432,-0.0001239590346813202
10518528,-0.0006979610770940781
10522624,-9.701773524284363e-05
10526720,-0.0005015619099140167
10530816,0.0009885504841804504
10534912,-0.0009432248771190643
10539008,7.732957601547241e-05
10543104,-0.004053722135722637
10547200,0.0005867145955562592
10551296,0.0003220662474632263
10555392,0.0004919068887829781
10559488,-0.0019452804699540138
10563584,0.00023393705487251282
10567680,-9.145960211753845e-05
10571776,0.0003551505506038666
10575872,0.00160922110080719
10579968,-0.00032772496342658997
10584064,0.00020217150449752808
10588160,-0.00028629228472709656
10592256,-0.0006950013339519501
10596352,-0.000199049711227417
10600448,0.00018502399325370789
10604544,-7.1711838245391846e-06
10608640,0.0008910894393920898
10612736,-0.002372974529862404
10616832,-0.00017173588275909424
10620928,-0.0003480091691017151
10625024,0.0007915645837783813
10629120,7.994472980499268e-06
10633216,-0.0002572983503341675
10637312,-0.00020481273531913757
10641408,-0.002244986593723297
10645504,0.00015148520469665527
10649600,-0.0003266632556915283
10653696,2.070516347885132e-05
10657792,-8.109584450721741e-05
10661888,-0.00011794641613960266
10665984,-4.2691826820373535e-05
10670080,0.0001396462321281433
10674176,0.0005085393786430359
10678272,-0.00116005539894104
10682368,-0.0017808862030506134
10686464,0.0001598857343196869
10690560,-0.00031087547540664673
10694656,-0.004500176757574081
10698752,0.00021056830883026123
10702848,-0.0006132051348686218
10706944,-0.0007489770650863647
10711040,-0.0007857326418161392
10715136,-0.006231710314750671
10719232,-0.00020180270075798035
10723328,0.0004318002611398697
10727424,0.0008011795580387115
10731520,-3.4049153327941895e-05
10735616,0.0032446719706058502
10739712,-0.00015002861618995667
10743808,0.0005061253905296326
10747904,0.0003450624644756317
10752000,-0.0033808909356594086
10756096,0.0009904652833938599
10760192,-0.0001619085669517517
10764288,-0.001554090529680252
10768384,9.733717888593674e-05
10772480,1.473352313041687e-05
10776576,1.846998929977417e-05
10780672,0.00046873465180397034
10784768,-0.000837378203868866
10788864,-0.010143868625164032
10792960,-0.0011239424347877502
10797056,0.0009725913405418396
10801152,-3.982335329055786e-06
10805248,-0.0012473836541175842
10809344,-0.006759895011782646
10813440,-0.0029789991676807404
10817536,-5.910545587539673e-05
10821632,-0.012832492589950562
10825728,-0.0063025131821632385
10829824,1.3306736946105957e-05
10833920,-0.0004200190305709839
10838016,-4.388391971588135e-05
10842112,0.00017095357179641724
10846208,0.0006549358367919922
10850304,-0.0006470531225204468
10854400,-0.0013441666960716248
10858496,-0.002105310559272766
10862592,-0.00021450966596603394
10866688,-0.0025099553167819977
10870784,2.232193946838379e-05
10874880,-0.00021470338106155396
10878976,-0.00038285553455352783
10883072,0.000406753271818161
10887168,8.985772728919983e-05
10891264,-0.0009446702897548676
10895360,0.0003896355628967285
10899456,-0.0019824448972940445
10903552,0.0007521957159042358
10907648,0.0010746121406555176
10911744,0.0007496625185012817
10915840,0.001851879060268402
10919936,0.00034293532371520996
10924032,-1.4103949069976807e-05
10928128,2.457946538925171e-05
10932224,0.0010759532451629639
10936320,7.32913613319397e-05
10940416,-2.656504511833191e-05
10944512,-9.446963667869568e-05
10948608,-0.0005057156085968018
10952704,-2.966448664665222e-05
10956800,-0.0002855304628610611
10960896,-0.0015615560114383698
10964992,-2.5603920221328735e-05
10969088,0.007052566856145859
10973184,-4.4677406549453735e-05
10977280,0.0005474891513586044
10981376,-0.0007280260324478149
10985472,-0.0011225957423448563
10989568,0.0006453162059187889
10993664,-0.00021567195653915405
10997760,0.0008781105279922485
11001856,-3.065913915634155e-05
11005952,-0.001423705369234085
11010048,0.00021505355834960938
11014144,5.200505256652832e-06
11018240,-0.00028170645236968994
11022336,-0.0011209994554519653
11026432,4.8502348363399506e-05
11030528,-9.414553642272949e-05
11034624,0.00017965026199817657
11038720,-0.0016081780195236206
11042816,0.00046087801456451416
11046912,-0.00040443800389766693
11051008,1.1876225471496582e-05
11055104,0.0004275832325220108
11059200,0.00016100704669952393
11063296,-0.00042745284736156464
11067392,0.00029097869992256165
11071488,-3.3527612686157227e-05
11075584,-0.00048736482858657837
11079680,3.749877214431763e-05
11083776,-0.0002630334347486496
11087872,0.002159804105758667
11091968,-2.9638409614562988e-05
11096064,-0.00012182630598545074
11100160,6.571412086486816e-05
11104256,9.667128324508667e-06
11108352,7.056072354316711e-05
11112448,-5.1859766244888306e-05
11116544,-5.9835612773895264e-05
11120640,-0.0002455674111843109
11124736,-0.0017029941082000732
11128832,-1.5041790902614594e-05
11132928,-5.517899990081787e-05
11137024,-0.00040242820978164673
11141120,0.0003762096166610718
11145216,-0.00046147406101226807
11149312,8.556991815567017e-05
11153408,0.0004817955195903778
11157504,8.612871170043945e-06
11161600,0.0016308613121509552
11165696,0.0008405819535255432
11169792,-0.00026689842343330383
11173888,-0.0004027560353279114
11177984,-0.0011782273650169373
11182080,0.00035243481397628784
11186176,0.003445170819759369
11190272,-0.0024081729352474213
11194368,-2.711266279220581e-05
11198464,0.0006627738475799561
11202560,-0.0012548156082630157
11206656,-4.793703556060791e-05
11210752,0.0006127431988716125
11214848,-5.3087249398231506e-05
11218944,1.7464160919189453e-05
11223040,5.457550287246704e-05
11227136,-4.286319017410278e-05
11231232,-0.0002893805503845215
11235328,-0.00013917312026023865
11239424,-4.657357931137085e-05
11243520,-0.0004985993728041649
11247616,2.598576247692108e-05
11251712,-0.0019096080213785172
11255808,0.0004286766052246094
11259904,-0.00011620298027992249
11264000,-0.00010335631668567657
11268096,-0.0005669230595231056
11272192,0.00012206658720970154
11276288,0.00018937140703201294
11280384,0.00043435022234916687
11284480,-0.00010685622692108154
11288576,-0.0017867200076580048
11292672,3.497302532196045e-05
11296768,8.23531299829483e-05
11300864,-0.0005049202591180801
11304960,-9.441748261451721e-05
11309056,9.815022349357605e-05
11313152,2.6073306798934937e-05
11317248,1.3962388038635254e-05
11321344,0.00012090802192687988
11325440,-0.00010146945714950562
11329536,-6.0167163610458374e-05
11333632,-6.668269634246826e-07
11337728,0.00036130286753177643
11341824,-2.6494264602661133e-05
11345920,-0.00031399354338645935
11350016,-0.0011824220418930054
11354112,-0.0020615439862012863
11358208,0.001062098890542984
11362304,0.0003373846411705017
11366400,0.0007149148732423782
11370496,-0.0009501799941062927
11374592,0.00033519044518470764
11378688,1.521781086921692e-06
11382784,-0.0013585109263658524
11386880,2.5894492864608765e-05
11390976,-0.0004113242030143738
11395072,0.00038529373705387115
11399168,-8.976645767688751e-05
11403264,-0.0009022094309329987
11407360,-2.5933608412742615e-05
11411456,-0.0005123857408761978
11415552,-8.504092693328857e-05
11419648,-0.0006160587072372437
11423744,4.155933856964111e-05
11427840,8.357688784599304e-05
11431936,-0.0002576839178800583
11436032,-0.002429470419883728
11440128,-0.0008924733847379684
11444224,0.0005331402644515038
11448320,0.0007608160376548767
11452416,-4.30867075920105e-05
11456512,-5.7425349950790405e-05
11460608,0.00036299601197242737
11464704,-0.0003159046173095703
11468800,0.00016247108578681946
11472896,-0.00010466575622558594
11476992,-0.0003496706485748291
11481088,0.00018863752484321594
11485184,-0.0003711208701133728
11489280,-0.0008031297475099564
11493376,-0.0002908390015363693
11497472,-0.0010777115821838379
11501568,7.223151624202728e-05
11505664,0.00017240643501281738
11509760,-0.0002125166356563568
11513856,-0.003663625568151474
11517952,-0.00031628459692001343
11522048,0.0011210981756448746
11526144,0.0018185228109359741
11530240,0.0002715103328227997
11534336,-0.003287089057266712
11538432,3.214925527572632e-06
11542528,-0.0002878159284591675
11546624,7.159821689128876e-05
11550720,-0.00010167621076107025
11554816,-0.00018102675676345825
11558912,-0.0011398401111364365
11563008,-0.0006636213511228561
11567104,0.0006907880306243896
11571200,0.0024774037301540375
11575296,2.5667250156402588e-05
11579392,-0.004060655832290649
11583488,-0.0011133402585983276
11587584,9.547360241413116e-05
11591680,-0.0002792906016111374
11595776,-0.013711471110582352
11599872,0.0009654015302658081
11603968,-0.012832611799240112
11608064,2.790987491607666e-05
11612160,0.0012914016842842102
11616256,0.0002629971131682396
11620352,-3.748014569282532e-05
11624448,5.4020434617996216e-05
11628544,-0.00013000518083572388
11632640,5.558133125305176e-06
11636736,7.909908890724182e-05
11640832,-1.3642944395542145e-05
11644928,-0.00012023746967315674
11649024,0.00012914836406707764
11653120,-0.00038255006074905396
11657216,-0.003827285021543503
11661312,0.0006295815110206604
11665408,-0.0016687754541635513
11669504,0.00048639997839927673
11673600,-0.0001122206449508667
11677696,0.0004616640508174896
11681792,0.00018066540360450745
11685888,-0.00028022192418575287
11689984,0.0007462650537490845
11694080,-0.00010875985026359558
11698176,-8.221715688705444e-05
11702272,-0.0002465471625328064
11706368,-0.0001377314329147339
11710464,0.0003953613340854645
11714560,4.5590102672576904e-05
11718656,-0.0006460845470428467
11722752,-7.417798042297363e-05
11726848,-5.6218355894088745e-05
11730944,-0.00015125423669815063
11735040,-0.0004018843173980713
11739136,4.511699080467224e-05
11743232,0.001042194664478302
11747328,-0.0008268207311630249
11751424,0.000239495187997818
11755520,-0.00040906667709350586
11759616,8.091889321804047e-05
11763712,-0.00037117674946784973
11767808,0.000186920166015625
11771904,0.00036162883043289185
11776000,-5.12758269906044e-05
11780096,7.896125316619873e-05
11784192,6.107240915298462e-05
11788288,-4.559755325317383e-05
11792384,4.780292510986328e-05
11796480,-0.00016506202518939972
11800576,-0.00016361474990844727
11804672,-7.219240069389343e-05
11808768,-6.6105276346206665e-06
11812864,2.113357186317444e-05
11816960,-0.00019152089953422546
11821056,-0.00028248131275177
11825152,-8.532777428627014e-06
11829248,-6.614066660404205e-05
11833344,-0.0003079622983932495
11837440,-0.00032107066363096237
11841536,-0.0002259761095046997
11845632,-2.2981315851211548e-05
11849728,-0.00030694901943206787
11853824,-0.0002831313759088516
11857920,0.0003192536532878876
11862016,0.00032649561762809753
11866112,-0.0005169659852981567
11870208,-0.00011669844388961792
11874304,-0.00012452341616153717
11878400,0.0015803128480911255
11882496,-0.002463347278535366
11886592,-6.124749779701233e-05
11890688,0.0015411376953125
11894784,-7.643736898899078e-05
11898880,-0.0011829063296318054
11902976,-0.0006536133587360382
11907072,-5.4486095905303955e-05
11911168,-0.00023118406534194946
11915264,9.103864431381226e-05
11919360,0.0012682434171438217
11923456,0.0002926550805568695
11927552,0.0006397608667612076
11931648,3.671273589134216e-05
11935744,-0.00015944615006446838
11939840,0.0007245894521474838
11943936,0.00014602765440940857
11948032,-0.000528477132320404
11952128,-0.0003399774432182312
11956224,-0.0005321688950061798
11960320,-9.009987115859985e-05
11964416,0.00019761919975280762
11968512,5.93867152929306e-05
11972608,2.333894371986389e-05
11976704,0.002449728548526764
11980800,-0.0006769230240024626
11984896,-0.0005813911557197571
11988992,5.491357296705246e-05
11993088,0.0003803521394729614
11997184,0.00023987889289855957
12001280,5.918368697166443e-05
12005376,0.0005260854959487915
12009472,-0.004144228994846344
12013568,2.4616718292236328e-05
12017664,0.00017703324556350708
12021760,-1.5135854482650757e-05
12025856,-0.007664019241929054
12029952,-0.00046118348836898804
12034048,0.0001792553812265396
12038144,0.00012960098683834076
12042240,5.7330355048179626e-05
12046336,0.0011171456426382065
12050432,-0.00026279129087924957
12054528,-0.0003426671028137207
12058624,-0.00011428818106651306
12062720,-4.970654845237732e-05
12066816,-0.0005026571452617645
12070912,-0.00020667258650064468
12075008,-0.0004531070590019226
12079104,-0.00023908168077468872
12083200,-0.0015857256948947906
12087296,9.824708104133606e-05
12091392,3.5800039768218994e-06
12095488,0.00012329965829849243
12099584,-9.198859333992004e-05
12103680,5.5130571126937866e-05
12107776,7.101893424987793e-05
12111872,-0.0002286657691001892
12115968,1.9453465938568115e-05
12120064,7.931143045425415e-06
12124160,4.637986421585083e-06
12128256,5.766749382019043e-06
12132352,-0.00047093629837036133
12136448,-0.0011193286627531052
12140544,-0.0009914040565490723
12144640,-0.00013454817235469818
12148736,5.103275179862976e-05
12152832,8.726492524147034e-05
12156928,-7.112324237823486e-05
12161024,-0.0010051727294921875
12165120,-0.0006562024354934692
12169216,-0.000675935298204422
12173312,-0.00029976293444633484
12177408,-0.00031796470284461975
12181504,0.0009574312716722488
12185600,-0.0004398226737976074
12189696,-5.2463263273239136e-05
12193792,5.844980478286743e-06
12197888,4.434213042259216e-05
12201984,0.0004031723365187645
12206080,0.00012898817658424377
12210176,2.4065375328063965e-06
12214272,-8.900836110115051e-05
12218368,0.00013686344027519226
12222464,0.000162588432431221
12226560,0.0012426730245351791
12230656,-0.00034745875746011734
12234752,-7.167458534240723e-06
12238848,-0.00029702112078666687
12242944,2.90796160697937e-05
12247040,-6.127730011940002e-05
12251136,-6.925314664840698e-06
12255232,0.00012508872896432877
12259328,-0.0017815176397562027
12263424,0.00010515190660953522
12267520,3.960356116294861e-05
12271616,0.00020665302872657776
12275712,-0.00039845332503318787
12279808,-1.5556812286376953e-05
12283904,-0.00012265704572200775
12288000,0.0004735998809337616
12292096,6.356090307235718e-05
12296192,-0.0005681291222572327
12300288,0.0008839797228574753
12304384,-0.00011229142546653748
12308480,-0.0005852952599525452
12312576,0.00032062456011772156
12316672,0.005518220365047455
12320768,-0.003240533173084259
12324864,1.699291169643402e-05
12328960,-5.077570676803589e-06
12333056,0.005575310438871384
12337152,-0.0038852281868457794
12341248,-5.914457142353058e-05
12345344,-0.008863262832164764
12349440,0.0005297902971506119
12353536,0.00011863559484481812
12357632,-6.536301225423813e-05
12361728,-0.0006262287497520447
12365824,-0.00024047121405601501
12369920,-0.00017323903739452362
12374016,2.216547727584839e-05
12378112,1.2464821338653564e-05
12382208,-0.00022434629499912262
12386304,-0.00012427568435668945
12390400,0.0005726367235183716
12394496,-0.0012228554114699364
12398592,-0.0016558356583118439
12402688,0.00013098493218421936
12406784,-2.6226043701171875e-06
12410880,-4.3820589780807495e-05
12414976,0.00015411525964736938
12419072,-8.46758484840393e-05
12423168,-3.1400471925735474e-05
12427264,-4.810374230146408e-05
12431360,-0.00024292245507240295
12435456,-0.0006195995956659317
12439552,-0.0011207722127437592
12443648,0.0005259141325950623
12447744,0.0006051640957593918
12451840,0.0002014562487602234
12455936,-0.00014119967818260193
12460032,-0.0012151263654232025
12464128,-2.4419277906417847e-05
12468224,-0.00042325258255004883
12472320,0.00012232083827257156
12476416,0.0019432250410318375
12480512,-0.00021855533123016357
12484608,-0.0030231401324272156
12488704,0.0003990568220615387
12492800,-6.507337093353271e-05
12496896,-3.739446401596069e-05
12500992,4.453212022781372e-05
12505088,-0.0007071755826473236
12509184,-0.00011435523629188538
12513280,0.00015413761138916016
12517376,6.21303915977478e-05
12521472,-0.00241178460419178
12525568,-0.0023847483098506927
12529664,0.00010886788368225098
12533760,-0.0023300591856241226
12537856,-0.00018977932631969452
12541952,0.0006091482937335968
12546048,-0.0004940871149301529
12550144,-0.0005256608128547668
12554240,0.0001820400357246399
12558336,8.799880743026733e-05
12562432,-8.957274258136749e-05
12566528,0.0009552668780088425
12570624,0.00019714608788490295
12574720,-6.185844540596008e-06
12578816,-0.0004264023154973984
12582912,-0.00015415064990520477
12587008,-0.007623836398124695
12591104,0.00022749975323677063
12595200,-0.00013940781354904175
12599296,5.172938108444214e-05
12603392,0.004069609567523003
12607488,-9.796209633350372e-05
12611584,3.272294998168945e-05
12615680,-0.0002947370521724224
12619776,-0.0003536529839038849
12623872,-0.00025311484932899475
12627968,-0.0005854368209838867
12632064,-2.2046267986297607e-05
12636160,0.00070139579474926
12640256,-5.0397589802742004e-05
12644352,-0.0005451161414384842
12648448,-6.090477108955383e-05
12652544,-0.003125187009572983
12656640,-0.001702960580587387
12660736,0.0027594566345214844
12664832,-0.000156281515955925
12668928,-2.793222665786743e-05
12673024,0.004186328500509262
12677120,-0.00023506954312324524
12681216,-0.00025290995836257935
12685312,-2.8990209102630615e-05
12689408,-1.6868114471435547e-05
12693504,-0.0011042021214962006
12697600,-0.0007613170892000198
12701696,-0.0004609711468219757
12705792,-0.003914725035429001
12709888,-0.00020268559455871582
12713984,9.785592555999756e-05
12718080,5.319714546203613e-06
12722176,-0.0010412037372589111
12726272,-0.0022465232759714127
12730368,0.0014938339591026306
12734464,-0.0009644515812397003
12738560,-9.72747802734375e-05
12742656,0.0004926398396492004
12746752,-9.844452142715454e-05
12750848,0.0004807598888874054
12754944,-0.000116005539894104
12759040,0.0003434866666793823
12763136,-4.667788743972778e-06
12767232,-0.00036681443452835083
12771328,4.9486756324768066e-05
12775424,-0.0004593692719936371
12779520,-4.9814581871032715e-05
12783616,-0.0009110011160373688
12787712,-0.0004280954599380493
12791808,0.0003061369061470032
12795904,0.00015347637236118317
12800000,-0.0002536289393901825
12804096,-0.00011393986642360687
12808192,-0.0019047781825065613
12812288,-0.0002502966672182083
12816384,-0.00018143653869628906
12820480,-5.8922916650772095e-05
12824576,0.00010428950190544128
12828672,0.000599471852183342
12832768,-0.0001272261142730713
12836864,-0.0008189678192138672
12840960,-0.00013074837625026703
12845056,-0.0007318705320358276
12849152,0.0010569915175437927
12853248,-0.0017020981758832932
12857344,8.11256468296051e-05
12861440,-9.219907224178314e-05
12865536,-0.00015761330723762512
12869632,0.00038377102464437485
12873728,2.9392540454864502e-05
12877824,0.000452239066362381
12881920,-0.0015809889882802963
12886016,-0.00023988261818885803
12890112,0.00010758638381958008
12894208,-1.5228986740112305e-05
12898304,-0.00017528608441352844
12902400,0.00014225579798221588
12906496,0.00046548992395401
12910592,-2.8019770979881287e-05
12914688,-0.00046249665319919586
12918784,0.0003250613808631897
12922880,0.00021732598543167114
12926976,-6.754696369171143e-05
12931072,0.0014811046421527863
12935168,-0.0004264349117875099
12939264,0.0006647668778896332
12943360,-0.0001033395528793335
12947456,-0.0019381716847419739
12951552,-0.00040464289486408234
12955648,2.224370837211609e-05
12959744,-0.0009269863367080688
12963840,-0.00018709897994995117
12967936,0.0009759757667779922
12972032,-0.00011048838496208191
12976128,-0.00013927742838859558
12980224,-0.0002863854169845581
12984320,-0.000611376017332077
12988416,-0.00011944770812988281
12992512,-0.00017004087567329407
12996608,-0.00012891367077827454
13000704,-0.0016799457371234894
13004800,3.8992613554000854e-05
13008896,-0.00019216910004615784
13012992,-0.003818076103925705
13017088,2.430751919746399e-06
13021184,-0.0006619691848754883
13025280,-0.0023987814784049988
13029376,-0.002315931022167206
13033472,0.0018599219620227814
13037568,-5.4659321904182434e-05
13041664,-0.0003859773278236389
13045760,-2.3929402232170105e-05
13049856,-0.00037397444248199463
13053952,-4.0821731090545654e-05
13058048,4.58303838968277e-05
13062144,-0.001605939120054245
13066240,-0.00019899755716323853
13070336,-0.0007532760500907898
13074432,0.00020962953567504883
13078528,-0.001306053251028061
13082624,-0.00012348219752311707
13086720,-0.00012771598994731903
13090816,0.00023089349269866943
13094912,-0.002533853054046631
13099008,-0.0008298754692077637
13103104,-0.0001114625483751297
13107200,-3.348104655742645e-05
13111296,-0.004119236022233963
13115392,0.00048339739441871643
13119488,2.9947608709335327e-05
13123584,-0.0011991113424301147
13127680,0.00012937933206558228
13131776,0.0007919296622276306
13135872,0.0001808851957321167
13139968,0.0005253627896308899
13144064,5.5693089962005615e-06
13148160,1.903623342514038e-06
13152256,-0.00011529400944709778
13156352,-0.00025571882724761963
13160448,-0.004362262785434723
13164544,-7.573515176773071e-05
13168640,0.0001073889434337616
13172736,-0.00018329918384552002
13176832,-0.00011236593127250671
13180928,0.00016969069838523865
13185024,9.666383266448975e-05
13189120,-0.0030130818486213684
13193216,-5.5301934480667114e-06
13197312,6.847083568572998e-06
13201408,-1.0833144187927246e-05
13205504,0.003944851458072662
13209600,-0.00019096583127975464
13213696,3.23466956615448e-05
13217792,-0.0023683644831180573
13221888,0.0005105771124362946
13225984,7.525086402893066e-06
13230080,-0.0002301093190908432
13234176,-0.0003701169043779373
13238272,8.489098399877548e-05
13242368,-0.00022007524967193604
13246464,-0.0002585873007774353
13250560,-1.5877187252044678e-05
13254656,-5.4191797971725464e-05
13258752,-0.000212889164686203
13262848,3.9264559745788574e-05
13266944,0.0006687352433800697
13271040,-0.00013323873281478882
13275136,-0.0002948939800262451
13279232,-8.438806980848312e-05
13283328,-0.00019649788737297058
13287424,-3.5259872674942017e-05
13291520,-0.00022909417748451233
13295616,-0.00026673823595046997
13299712,0.00011254474520683289
13303808,-0.0009482987225055695
13307904,-0.0016393586993217468
13312000,-3.6310404539108276e-05
13316096,-6.705150008201599e-05
13320192,-0.0008822213858366013
13324288,-0.00011555105447769165
13328384,0.0008184835314750671
13332480,-0.00035804323852062225
13336576,2.666562795639038e-05
13340672,6.642937660217285e-05
13344768,-0.00010032206773757935
13348864,-1.0512769222259521e-05
13352960,-0.0001177862286567688
13357056,-0.00010268017649650574
13361152,-0.00010490044951438904
13365248,-0.00012135505676269531
13369344,-0.0007451120764017105
13373440,0.0008745715022087097
13377536,3.1091272830963135e-05
13381632,-9.948015213012695e-05
13385728,3.268197178840637e-05
13389824,0.00033415481448173523
13393920,-0.001193113625049591
13398016,9.069964289665222e-05
13402112,-0.0011395812034606934
13406208,0.00025372952222824097
13410304,-5.192914977669716e-05
13414400,-0.002168990671634674
13418496,2.224743366241455e-05
13422592,-0.00013339519500732422
13426688,-0.0005799643695354462
13430784,-0.00034230202436447144
13434880,-9.935349225997925e-06
13438976,-5.155801773071289e-05
13443072,0.00029937177896499634
13447168,0.0007450878620147705
13451264,-0.00018176063895225525
13455360,0.00017669424414634705
13459456,2.7652829885482788e-05
13463552,-3.635138273239136e-05
13467648,1.776963472366333e-06
13471744,-3.380328416824341e-05
13475840,0.00010250508785247803
13479936,3.4730881452560425e-05
13484032,-3.684312105178833e-05
13488128,-0.00022399798035621643
13492224,-0.00010660290718078613
13496320,-0.0007555224001407623
13500416,2.298504114151001e-05
13504512,8.814781904220581e-05
13508608,-6.979331374168396e-05
13512704,-2.378597855567932e-05
13516800,6.146728992462158e-05
13520896,3.089010715484619e-05
13524992,-4.343688488006592e-06
13529088,-0.0001314505934715271
13533184,-0.0008314047008752823
13537280,-0.0015978924930095673
13541376,6.571412086486816e-05
13545472,-4.2065978050231934e-05
13549568,-4.172325134277344e-05
13553664,-5.085766315460205e-05
13557760,0.0017897621728479862
13561856,0.000286836177110672
13565952,-3.663031384348869e-05
13570048,-6.754696369171143e-05
13574144,-0.0006307736039161682
13578240,-9.831041097640991e-06
13582336,-1.3452023267745972e-05
13586432,-0.0001294650137424469
13590528,-0.0009843111038208008
13594624,-0.00039111077785491943
13598720,-0.0002606436610221863
13602816,6.478279829025269e-05
13606912,-5.435943603515625e-05
13611008,-0.0002890750765800476
13615104,-0.00010257214307785034
13619200,0.0001053251326084137
13623296,-0.00032214075326919556
13627392,-5.745142698287964e-05
13631488,0.000199832022190094
13635584,0.0018411017954349518
13639680,0.0002032443881034851
13643776,-3.830716013908386e-05
13647872,-4.373863339424133e-05
13651968,-0.0001405179500579834
13656064,-4.6100467443466187e-05
13660160,7.047131657600403e-05
13664256,7.767695933580399e-05
13668352,-0.0004650857299566269
13672448,-0.00019146129488945007
13676544,0.0006339065730571747
13680640,9.454041719436646e-05
13684736,-7.448717951774597e-05
13688832,2.6006251573562622e-05
13692928,-0.00014773011207580566
13697024,-1.636520028114319e-05
13701120,6.1765313148498535e-06
13705216,-5.998276174068451e-05
13709312,-0.0026373937726020813
13713408,-3.160536289215088e-05
13717504,-1.6119331121444702e-05
13721600,0.0006504673510789871
13725696,-0.0003343746066093445
13729792,3.6135315895080566e-05
13733888,-5.378946661949158e-05
13737984,-1.8186867237091064e-05
13742080,-0.00020117312669754028
13746176,-8.962303400039673e-05
13750272,-4.6970322728157043e-05
13754368,-0.00011973083019256592
13758464,4.1268765926361084e-05
13762560,-3.3020973205566406e-05
13766656,0.0008808113634586334
13770752,-0.0013963961973786354
13774848,-4.953332245349884e-05
13778944,-6.609782576560974e-05
13783040,-0.00014093704521656036
13787136,0.0002306029200553894
13791232,0.00021769199520349503
13795328,-8.57040286064148e-05
13799424,-1.957640051841736e-05
13803520,8.806586265563965e-05
13807616,2.343207597732544e-05
13811712,-2.6308000087738037e-05
13815808,0.00013129785656929016
13819904,-2.5331974029541016e-07
13824000,-8.882954716682434e-05
13828096,1.3150274753570557e-05
13832192,0.0001627802848815918
13836288,-0.0002836473286151886
13840384,-0.00010452046990394592
13844480,-3.4267082810401917e-05
13848576,-0.00038286857306957245
13852672,-0.0033862441778182983
13856768,-0.0009526386857032776
13860864,0.0003141239285469055
13864960,5.245208740234375e-06
13869056,3.290548920631409e-05
13873152,-9.783729910850525e-05
13877248,-5.297735333442688e-05
13881344,-0.00018965266644954681
13885440,5.0146132707595825e-05
13889536,-5.833804607391357e-06
13893632,-4.798173904418945e-06
13897728,-4.284083843231201e-06
13901824,-0.00029079243540763855
13905920,2.251565456390381e-05
13910016,5.1546841859817505e-05
13914112,-7.43865966796875e-05
13918208,-6.60829246044159e-05
13922304,1.7784535884857178e-05
13926400,-1.6435980796813965e-05
13930496,6.632134318351746e-05
13934592,-1.1000782251358032e-05
13938688,-0.00014174357056617737
13942784,-2.3461878299713135e-05
13946880,0.00030928105115890503
13950976,-2.7529895305633545e-05
13955072,-0.0005299672484397888
13959168,-0.0002792850136756897
13963264,3.6716461181640625e-05
13967360,-0.0001551806926727295
13971456,2.436339855194092e-06
13975552,-7.249414920806885e-06
13979648,0.00020536966621875763
13983744,7.64988362789154e-05
13987840,0.0004018982872366905
13991936,4.26173210144043e-06
13996032,-1.5970319509506226e-05
14000128,-0.0006486549973487854
14004224,4.757195711135864e-06
14008320,-2.713315188884735e-05
14012416,9.0770423412323e-05
14016512,0.0026001185178756714
14020608,0.00010013207793235779
14024704,-3.166496753692627e-06
14028800,0.00046989787369966507
14032896,-6.439909338951111e-05
14036992,-1.86283141374588e-05
14041088,-0.00027457624673843384
14045184,1.8946826457977295e-05
14049280,0.0021778345108032227
14053376,5.311518907546997e-05
14057472,-7.697287946939468e-05
14061568,-2.7570873498916626e-05
14065664,-0.0001963544636964798
14069760,0.0001140199601650238
14073856,-1.944229006767273e-05
14077952,1.3776123523712158e-05
14082048,-3.8798898458480835e-06
14086144,2.6348978281021118e-05
14090240,8.632242679595947e-05
14094336,-4.1484832763671875e-05
14098432,0.00016909092664718628
14102528,0.00010096747428178787
14106624,3.203749656677246e-05
14110720,-0.0006480403244495392
14114816,-3.647059202194214e-06
14118912,-0.00013688276521861553
14123008,-0.0002461448311805725
14127104,0.0001787245273590088
14131200,-0.0022846385836601257
14135296,-0.00021810084581375122
14139392,-3.7066638469696045e-06
14143488,0.00012552551925182343
14147584,5.7287514209747314e-05
14151680,3.5453587770462036e-05
14155776,-0.00010804831981658936
14159872,6.491690874099731e-05
14163968,-1.1753290891647339e-05
14168064,7.612863555550575e-05
14172160,-0.0001753494143486023
14176256,-0.00014157220721244812
14180352,-2.7608126401901245e-05
14184448,0.00027445144951343536
14188544,-7.256865501403809e-06
14192640,-1.1147931218147278e-05
14196736,0.00014304369688034058
14200832,9.93749126791954e-05
14204928,-2.065300941467285e-05
14209024,-0.00010315701365470886
14213120,4.006410017609596e-05
14217216,-1.3774260878562927e-05
14221312,0.00010988116264343262
14225408,5.543231964111328e-06
14229504,1.2265518307685852e-06
14233600,0.0004642689600586891
14237696,3.562122583389282e-05
14241792,0.000333394855260849
14245888,-0.0001938752830028534
14249984,-0.001217823475599289
14254080,-7.741153240203857e-06
14258176,0.00035824812948703766
14262272,-2.8442591428756714e-06
14266368,-4.13600355386734e-05
14270464,6.334856152534485e-05
14274560,0.00013219565153121948
14278656,-7.248297333717346e-05
14282752,0.00022620335221290588
14286848,8.121132850646973e-06
14290944,-1.1913478374481201e-05
14295040,-0.00012620165944099426
14299136,6.67572021484375e-06
14303232,-0.00013728253543376923
14307328,-3.875046968460083e-05
14311424,-4.597008228302002e-06
14315520,-9.831041097640991e-06
14319616,-0.000429544597864151
14323712,-0.0004376620054244995
14327808,-0.0008821152150630951
14331904,-0.0001134723424911499
14336000,-0.00010097026824951172
14340096,-7.694214582443237e-05
14344192,-0.0003800801932811737
14348288,6.745569407939911e-05
14352384,8.177757263183594e-05
14356480,1.0330229997634888e-05
14360576,-9.649619460105896e-05
14364672,0.0003479011356830597
14368768,-1.512095332145691e-05
14372864,-1.6572652384638786e-05
14376960,-2.742186188697815e-05
14381056,0.00024061650037765503
14385152,-1.68774276971817e-05
14389248,-0.0002830810844898224
14393344,5.3141266107559204e-05
14397440,3.583170473575592e-05
14401536,9.749084711074829e-06
14405632,-3.221910446882248e-05
14409728,-3.848224878311157e-06
14413824,3.7476420402526855e-06
14417920,-0.00028198957443237305
14422016,-7.245689630508423e-06
14426112,-0.00024577975273132324
14430208,-4.395283758640289e-05
14434304,-6.182119250297546e-05
14438400,0.0004000663757324219
14442496,-5.467049777507782e-05
14446592,-4.9598515033721924e-05
14450688,-0.0006741359829902649
14454784,0.0004230812191963196
14458880,-0.00014886632561683655
14462976,0.00010943040251731873
14467072,2.592802047729492e-06
14471168,0.00015110895037651062
14475264,1.2403354048728943e-05
14479360,-8.065253496170044e-06
14483456,-0.00015003792941570282
14487552,3.281235694885254e-05
14491648,-4.4364482164382935e-05
14495744,8.565280586481094e-05
14499840,2.950616180896759e-05
14503936,-2.866610884666443e-06
14508032,-1.0345131158828735e-05
14512128,2.8640031814575195e-05
14516224,-5.748122930526733e-06
14520320,0.00010854005813598633
14524416,3.664568066596985e-05
14528512,0.00011907890439033508
14532608,-0.00013347528874874115
14536704,-2.946518361568451e-05
14540800,-2.1569430828094482e-05
14544896,-2.2586435079574585e-05
14548992,0.00020302832126617432
14553088,0.00031320005655288696
14557184,-2.9130838811397552e-05
14561280,-6.252527236938477e-05
14565376,3.563612699508667e-05
14569472,0.00014241784811019897
14573568,0.00010596495121717453
14577664,4.008784890174866e-05
14581760,-0.00017366744577884674
14585856,-0.00011159852147102356
14589952,2.4294480681419373e-05
14594048,-6.198883056640625e-06
14598144,0.0001228339970111847
14602240,-4.573352634906769e-05
14606336,2.250075340270996e-06
14610432,-2.697855234146118e-05
14614528,5.23589551448822e-05
14618624,-7.830187678337097e-05
14622720,0.0002515730448067188
14626816,-1.858919858932495e-05
14630912,-4.675239324569702e-05
14635008,8.393824100494385e-05
14639104,4.281848669052124e-05
14643200,-2.3672357201576233e-05
14647296,-4.215538501739502e-05
14651392,-4.67151403427124e-05
14655488,-3.1422823667526245e-05
14659584,-3.2512471079826355e-06
14663680,1.0266900062561035e-05
14667776,0.0001654699444770813
14671872,-1.492723822593689e-05
14675968,4.788488149642944e-05
14680064,-2.7019530534744263e-05
14684160,1.1466443538665771e-05
14688256,-0.00011411681771278381
14692352,-0.0002566557377576828
14696448,-3.66847962141037e-06
14700544,-0.00011059269309043884
14704640,1.3438984751701355e-05
14708736,0.0002916138619184494
14712832,4.2691826820373535e-06
14716928,-0.0002036839723587036
14721024,3.9167702198028564e-05
14725120,4.120916128158569e-05
14729216,-0.00016529113054275513
14733312,5.1738694310188293e-05
14737408,6.459653377532959e-06
14741504,-6.139278411865234e-06
14745600,-7.153302431106567e-05
14749696,-1.031532883644104e-05
14753792,1.1406838893890381e-05
14757888,-1.650303602218628e-05
14761984,3.060605376958847e-05
14766080,-6.514415144920349e-05
14770176,-4.1350722312927246e-05
14774272,-6.628036499023438e-05
14778368,-4.868954420089722e-06
14782464,-1.0712072253227234e-05
14786560,1.5430152416229248e-05
14790656,-2.703443169593811e-05
14794752,-3.627315163612366e-05
14798848,-8.787959814071655e-06
14802944,-4.5746564865112305e-06
14807040,-1.5348196029663086e-06
14811136,8.791685104370117e-06
14815232,1.0278075933456421e-05
14819328,-1.7248094081878662e-06
14823424,-1.2703239917755127e-06
14827520,1.4670193195343018e-05
14831616,-3.7476420402526855e-05
14835712,-1.2069940567016602e-06
14839808,0.00033762678503990173
14843904,-7.417052984237671e-05
14848000,1.259148120880127e-06
14852096,-7.837079465389252e-06
14856192,-1.5527009963989258e-05
14860288,-7.601454854011536e-05
14864384,0.0008012540638446808
14868480,-7.189810276031494e-06
14872576,1.547113060951233e-05
14876672,-6.660446524620056e-05
14880768,3.1776726245880127e-06
14884864,-4.842877388000488e-06
14888960,-0.00012399256229400635
14893056,-9.756535291671753e-06
14897152,-1.5191733837127686e-05
14901248,2.7749687433242798e-05
14905344,3.5660341382026672e-06
14909440,-1.508370041847229e-05
14913536,7.5623393058776855e-06
14917632,1.4260411262512207e-05
14921728,-1.2665987014770508e-06
14925824,-1.2613832950592041e-05
14929920,-7.100403308868408e-06
14934016,-5.8747828006744385e-05
14938112,1.6473233699798584e-05
14942208,1.9297003746032715e-05
14946304,4.533678293228149e-06
14950400,0.000161072239279747
14954496,0.0002430267632007599
14958592,2.0682811737060547e-05
14962688,-5.794316530227661e-05
14966784,8.568167686462402e-07
14970880,1.7583370208740234e-06
14974976,-1.3111159205436707e-05
14979072,3.7007033824920654e-05
14983168,-3.8780272006988525e-06
14987264,1.2833625078201294e-06
14991360,-7.738545536994934e-05
14995456,3.773719072341919e-06
14999552,-3.207474946975708e-06
