step,value
2096,-214.72412109375
2096,-223.50794982910156
2432,-111.8658218383789
3136,-19.742856979370117
4192,-240.15615844726562
4192,-229.60000610351562
4208,-267.9107971191406
4400,-197.69322204589844
6304,-208.34161376953125
6304,-231.9893035888672
6496,-174.38426208496094
7472,-210.40188598632812
8432,-254.48434448242188
9968,-82.71456909179688
10512,-241.8000030517578
10640,-232.35157775878906
11312,-254.46734619140625
11680,-64.34534454345703
12160,-62.458274841308594
12848,-62.1298713684082
13696,-222.61245727539062
13776,-260.00848388671875
14960,-195.8979034423828
15408,-265.54998779296875
15472,-215.5500030517578
15952,-85.86976623535156
16992,-318.45660400390625
17952,-48.32544708251953
18928,-106.87508392333984
18992,-33.74927520751953
19200,-240.17530822753906
19904,-231.97341918945312
20064,-234.48434448242188
20096,-38.443477630615234
20848,-227.47415161132812
21440,-84.41694641113281
21872,-67.66874694824219
22048,-202.75692749023438
22816,-130.26315307617188
23056,-121.4700698852539
24160,-195.1504669189453
25504,-194.36825561523438
25808,-53.5
26400,-250.95254516601562
27600,-227.5142822265625
28672,-22.06829261779785
29344,-232.19735717773438
29376,-223.75466918945312
29584,-229.30307006835938
30032,-201.9893035888672
30352,-185.19859313964844
30848,-122.85055541992188
30944,-188.75820922851562
31520,-121.69309997558594
32432,-183.0937957763672
34576,-268.2390441894531
35072,-209.58091735839844
35472,-147.26734924316406
37344,-295.37933349609375
38000,-241.92459106445312
38880,-203.45802307128906
39984,-25.742856979370117
40112,-178.5548553466797
40944,-218.97708129882812
43504,-202.81100463867188
43712,-189.3000030517578
44112,-237.12940979003906
44576,-24.151351928710938
44896,-212.24705505371094
45152,-228.70265197753906
45536,-261.1315612792969
47040,-271.2044677734375
48288,-450.2107849121094
49216,-187.69322204589844
49376,-222.1630859375
49936,-223.00909423828125
50064,-219.9443359375
50416,-52.33985900878906
52848,-246.8079071044922
54176,-176.12777709960938
54896,-245.6664276123047
54928,-220.41168212890625
55104,-71.9434814453125
56032,-177.3397216796875
56592,-161.99932861328125
57296,-303.09771728515625
57808,-254.1731719970703
59024,-161.20909118652344
59808,-211.7494659423828
60240,-188.64210510253906
61568,-203.50794982910156
62352,-235.04293823242188
64352,-204.3492431640625
64912,-51.16666793823242
65232,-197.59019470214844
66304,-217.2535858154297
66624,-203.00909423828125
67664,-175.69866943359375
68976,-201.20448303222656
69616,-190.21075439453125
70464,-219.58985900878906
71104,-150.38873291015625
71808,-166.52130126953125
71872,-62.13610076904297
72848,-172.72500610351562
73664,-215.37933349609375
74256,-205.8979034423828
75248,-210.98919677734375
75968,-206.7031707763672
76000,-212.97647094726562
77808,-270.916259765625
78464,-163.00909423828125
78560,-240.0084991455078
79712,-194.48434448242188
79712,-10.90155029296875
79920,-284.3492431640625
80816,-205.6664276123047
81712,-182.78562927246094
83088,-118.23505401611328
84688,-166.1065673828125
85440,-210.93894958496094
85664,-56.095237731933594
85744,-218.34161376953125
85824,-213.54757690429688
86368,-167.5142822265625
87312,-205.8979034423828
87552,-184.5242462158203
87776,-214.1731719970703
90576,-67.38461303710938
92960,-272.2267150878906
93120,-61.51639175415039
93136,-92.81729888916016
95248,-184.24285888671875
95984,-196.35604858398438
96416,-169.16842651367188
96912,-49.44285583496094
98416,-230.41168212890625
99104,-206.12777709960938
99552,-91.64982604980469
100064,-133.44752502441406
100352,-180.36654663085938
100912,-43.38527297973633
101728,-71.53436279296875
101840,-230.611328125
101872,-201.72962951660156
102640,-178.93902587890625
103312,-166.58261108398438
104368,-172.1630859375
105568,-118.71685028076172
106384,-228.12693786621094
107536,-189.18609619140625
107696,-37.48652648925781
109248,-58.38823699951172
109504,-92.1904296875
109792,-182.24705505371094
110432,-149.30307006835938
110496,-203.92218017578125
110528,-252.5029296875
111152,-224.24285888671875
112000,-53.357521057128906
112048,-112.87974548339844
112544,-272.7250061035156
112608,-215.19859313964844
113232,-95.02592468261719
113552,-225.72523498535156
113792,-255.43069458007812
114656,-251.18582153320312
114896,-154.90647888183594
116224,-161.0067596435547
116464,-195.43333435058594
117008,-36.424049377441406
117488,-75.14607238769531
117888,-112.83333587646484
118336,-176.07244873046875
118880,-207.9108123779297
120016,-198.0686492919922
120912,-179.8982391357422
122080,-351.2861022949219
122448,-161.7825469970703
122800,-171.0067596435547
123408,-137.9848175048828
124192,-178.34161376953125
126496,-175.03573608398438
127680,-87.11589050292969
128672,-155.19859313964844
129872,-188.97708129882812
130032,-177.97021484375
130784,-178.70265197753906
131264,-148.341796875
131584,-239.18609619140625
132272,-191.19393920898438
132928,-29.747058868408203
134416,-188.34161376953125
134784,-191.46803283691406
135120,-94.26984405517578
137024,-84.78823852539062
137136,-187.47415161132812
137552,-197.69322204589844
137680,-173.99964904785156
138688,-180.60948181152344
139792,-165.8979034423828
139984,-76.0614013671875
140688,-182.5894775390625
140832,-204.0960235595703
141440,-205.13333129882812
141616,-151.72962951660156
141840,-190.15615844726562
141904,-181.72962951660156
142576,-64.48391723632812
143136,-94.78695678710938
143504,-191.2025604248047
144960,-131.7140350341797
146800,-169.80491638183594
147088,-229.52577209472656
148832,-160.611328125
149200,-173.25941467285156
150048,-166.12777709960938
151600,-178.76666259765625
153040,-174.1731719970703
154832,-98.90318298339844
155200,-18.83333396911621
156928,-187.0518035888672
157424,-179.0140838623047
157712,-160.93894958496094
158752,-41.84912109375
160064,-213.27647399902344
161776,-129.2449493408203
163744,-151.72962951660156
163888,-153.99964904785156
164736,-158.12693786621094
166848,-172.1630859375
166864,-160.80967712402344
167920,-157.03150939941406
168272,-174.72412109375
171072,-176.582763671875
171952,-180.0504608154297
172016,-24.321361541748047
172096,-159.9443359375
172480,-159.18609619140625
172784,-164.19090270996094
173056,-93.15403747558594
173184,-202.1630859375
174768,-162.90997314453125
175120,-176.35604858398438
175696,-167.47415161132812
176144,-41.981689453125
177376,-116.15908813476562
179488,-168.34161376953125
179616,-58.58668899536133
180352,-153.99964904785156
180832,-195.53334045410156
181120,-82.86575317382812
181696,-181.7825469970703
182048,-204.2146759033203
182048,-157.2535858154297
182160,-119.30767059326172
182800,-186.582763671875
183792,-53.87154006958008
184176,-168.34161376953125
184912,-157.8142852783203
185888,-153.85467529296875
186256,-149.3180389404297
188384,-153.75466918945312
188464,-158.97708129882812
189424,-173.00909423828125
190496,-173.00909423828125
190688,-108.60717010498047
190800,-63.79999923706055
191024,-160.611328125
192128,-178.76666259765625
192496,-175.43333435058594
192624,-190.93894958496094
194240,-149.85665893554688
194704,-172.1630859375
196128,-85.1490478515625
196720,-168.76666259765625
196816,-194.24285888671875
196848,-184.24285888671875
198960,-169.18609619140625
199344,-88.08212280273438
201440,-185.72523498535156
202512,-37.42686462402344
203024,-172.90997314453125
203456,-162.24705505371094
203952,-187.69322204589844
204112,-19.80158805847168
204112,-68.34688568115234
205392,-163.72792053222656
205456,-164.72412109375
206208,-190.15615844726562
207024,-87.78581237792969
207168,-226.41539001464844
208176,-158.34161376953125
208688,-177.5142822265625
208864,-164.72412109375
209120,-84.82748413085938
209280,-171.7825469970703
209536,-174.6571502685547
210128,-57.50885772705078
210784,-162.19735717773438
210976,-152.75692749023438
211296,-165.19859313964844
211392,-167.47415161132812
211648,-170.0084991455078
212064,-168.76666259765625
212208,-157.47415161132812
212528,-170.13031005859375
212896,-143.91070556640625
213344,-160.93894958496094
213968,-150.6025848388672
215504,-159.60000610351562
215856,-158.64210510253906
216416,-192.5388641357422
216800,-138.7515869140625
217520,-85.2870864868164
217904,-71.9018325805664
217952,-217.74305725097656
218912,-157.2535858154297
219344,-75.38704681396484
219776,-156.58261108398438
220016,-188.12693786621094
220256,-127.1211166381836
220624,-152.3019256591797
220688,-109.04444122314453
222368,-159.3937225341797
225536,-151.46803283691406
226272,-189.9443359375
226384,-158.12693786621094
227008,-166.12777709960938
227184,-92.75634002685547
227936,-166.345458984375
227936,-93.13548278808594
228384,-170.0084991455078
228640,-42.55949401855469
229072,-160.41168212890625
229504,-178.34161376953125
230400,-5.269322872161865
230496,-160.21075439453125
230752,-63.20000076293945
231024,-165.04293823242188
231872,-190.21075439453125
231936,-170.93894958496094
232160,-150.6714324951172
232672,-97.8058853149414
232992,-70.9473648071289
233568,-157.9108123779297
234064,-182.72500610351562
234896,-98.00653076171875
235536,-185.5500030517578
236416,-99.08013916015625
236832,-158.4197235107422
237776,-181.59933471679688
238864,-31.235294342041016
240896,-179.85665893554688
240976,-181.59043884277344
241312,-104.93561553955078
242400,-173.8177947998047
243424,-167.69322204589844
243440,-69.80000305175781
243488,-158.4197235107422
243632,-95.45172119140625
245200,-185.6664276123047
246608,-155.04293823242188
247296,-156.1065673828125
247408,-170.41168212890625
248720,-171.97341918945312
249280,-163.50794982910156
249520,-176.54444885253906
249632,-198.64210510253906
249776,-164.48434448242188
251376,-161.21176147460938
251616,-160.41168212890625
253552,-178.0686492919922
253808,-181.59043884277344
254272,-56.92618179321289
254544,-126.97232055664062
256112,-190.80967712402344
257744,-168.64210510253906
258752,-154.96218872070312
258880,-159.60000610351562
259280,-181.7825469970703
259552,-164.3492431640625
259648,50.54511260986328
260144,-170.21075439453125
260480,-44.242103576660156
260864,-166.8079071044922
261248,-75.79191589355469
261648,-167.28387451171875
261968,-173.0937957763672
262480,-155.86593627929688
263040,-101.50071716308594
263360,-174.72412109375
264384,-30.527402877807617
264464,-75.52881622314453
264528,-176.345458984375
265152,-149.85665893554688
265904,-175.8979034423828
266160,-78.62281036376953
267248,-169.0822296142578
267520,-101.04934692382812
269360,-159.30307006835938
269760,-164.6571502685547
270720,-160.10848999023438
271008,-109.78913879394531
271024,-177.69322204589844
271712,-166.2176513671875
271712,-98.07859802246094
272976,-163.75466918945312
274816,-155.43333435058594
275184,-120.4361572265625
275520,-161.59043884277344
276640,-19.37047004699707
279328,-163.50794982910156
281440,-183.27647399902344
282320,-164.6358184814453
283552,-157.47415161132812
288816,-158.12693786621094
289888,-172.90997314453125
290368,-165.6664276123047
290848,-43.50111389160156
290928,-171.59043884277344
291920,-165.37367248535156
292960,-207.9689483642578
295232,-160.40188598632812
297168,-186.12777709960938
299280,-181.2025604248047
300768,-158.64210510253906
300848,-182.48492431640625
303056,-36.306129455566406
303312,-159.3937225341797
303488,-151.9893035888672
304752,-164.48434448242188
305152,-152.24705505371094
307328,-107.32901000976562
309168,-110.23432922363281
309776,-66.81509399414062
310400,-162.5388641357422
310528,-170.15615844726562
310688,-160.93894958496094
312096,-158.12693786621094
312496,-159.0822296142578
312608,-94.71885681152344
313536,-171.59043884277344
314000,-153.25941467285156
314560,-89.826171875
314720,-164.54898071289062
315056,-92.72834777832031
315296,-168.97708129882812
316256,-160.80967712402344
318368,-159.80491638183594
318768,-166.35604858398438
318832,-155.6664276123047
319120,-65.13749694824219
319856,-161.39730834960938
320800,-67.02307891845703
321024,-177.9077911376953
321216,-157.47415161132812
321824,-162.5894775390625
321968,-175.19859313964844
322288,-162.39405822753906
323440,-158.97708129882812
323648,-156.8079071044922
323824,-233.04757690429688
324224,-170.21075439453125
325056,-149.58091735839844
325552,-185.8979034423828
327168,-160.0084991455078
327504,-164.72412109375
327536,-167.03150939941406
329472,-86.60413360595703
329664,-175.88697814941406
330944,-161.39730834960938
331728,-172.75692749023438
331776,-155.19859313964844
332784,-159.3937225341797
332848,-81.6492919921875
333968,-98.32675170898438
334704,-156.8079071044922
335952,-160.611328125
336224,-160.611328125
336736,-120.19222259521484
336816,-150.6714324951172
337264,-167.9108123779297
338064,-161.0067596435547
338448,-169.85665893554688
339104,-95.23082733154297
339200,-176.35604858398438
340496,-168.22857666015625
342400,-156.1065673828125
342640,-158.1957550048828
342848,-86.50895690917969
344960,-154.96218872070312
345568,-57.87377166748047
349952,-19.94285774230957
349968,-159.3937225341797
350128,-159.58091735839844
351632,-157.69322204589844
351888,-102.47142791748047
352144,-184.48434448242188
352352,-75.92857360839844
354192,-168.97708129882812
354304,-151.9893035888672
354640,-167.2535858154297
358496,-159.9443359375
359088,-87.78585815429688
360304,-180.611328125
360320,-161.2025604248047
360800,-179.30307006835938
362432,-165.8979034423828
363760,-171.59043884277344
365104,-157.69322204589844
365136,-155.19859313964844
366768,-154.48434448242188
366880,-166.1065673828125
366944,-164.87107849121094
368752,-159.0822296142578
369568,-55.59394073486328
370144,-157.69322204589844
371152,-164.69818115234375
371264,-64.11538696289062
371936,-87.86443328857422
372208,-154.23114013671875
372912,-85.9779052734375
372960,-164.87107849121094
373216,-95.14286041259766
374400,-158.97708129882812
374608,-158.5548553466797
376432,-171.20448303222656
376944,-102.05415344238281
377760,-155.43333435058594
379232,-185.19622802734375
379760,-156.81805419921875
381200,-99.66277313232422
381360,-134.96218872070312
382736,-158.64210510253906
382848,-150.40188598632812
382944,-162.90997314453125
383216,-48.52149963378906
385328,-158.76666259765625
385504,-155.19859313964844
386032,-133.4923095703125
386096,-166.582763671875
388352,-153.75466918945312
390304,-163.25941467285156
390464,-174.29200744628906
390912,-219.3937225341797
391664,-159.0230712890625
391920,-151.72962951660156
392336,-162.19735717773438
392576,-173.9960174560547
392592,-98.66470336914062
392864,-161.72962951660156
393536,-161.97341918945312
396128,-118.02542114257812
396416,-160.80967712402344
397216,-158.1957550048828
398288,-170.0084991455078
398752,-162.1630859375
399104,-84.9070816040039
402448,-115.67142486572266
403120,-155.43333435058594
404800,-92.46886444091797
405504,-89.91694641113281
405632,-162.78359985351562
406992,-161.59933471679688
407792,-40.89273452758789
408880,-150.13031005859375
409072,-156.8079071044922
409248,-154.48434448242188
410032,-109.7591781616211
412400,-72.96883392333984
413616,-162.78359985351562
415120,-38.86666488647461
415936,-158.97708129882812
416016,-163.63845825195312
416016,-164.6571502685547
416064,-95.984619140625
416496,-153.99964904785156
417104,-101.49507904052734
418064,-43.167213439941406
418128,-168.12693786621094
420432,-157.47415161132812
420560,-150.93894958496094
421520,-162.78359985351562
421536,-74.78823852539062
424384,-170.611328125
424448,-172.90997314453125
426960,-82.20526123046875
428608,-151.9893035888672
430240,-39.46859359741211
430720,-146.10000610351562
432048,-157.5142822265625
434432,-175.01766967773438
435376,-156.8079071044922
436448,-163.0937957763672
436688,-63.47683334350586
436768,-119.6672134399414
437840,-74.23332977294922
439376,-171.39730834960938
439616,-94.36666870117188
439824,-73.43333435058594
439936,-150.13031005859375
439952,-155.48709106445312
440528,-116.48787689208984
441344,-166.345458984375
441728,-172.36178588867188
444048,-155.19859313964844
444096,-149.30307006835938
445024,-156.1065673828125
445712,-159.3937225341797
446560,-154.72412109375
447968,-167.69322204589844
448032,-150.40188598632812
448304,-159.60000610351562
448992,-87.55762481689453
450080,-166.582763671875
450560,-106.19924926757812
451936,-154.72412109375
452176,-166.41539001464844
452672,-156.12777709960938
452800,-170.611328125
453552,-169.9443359375
454224,-157.28387451171875
454448,-163.63845825195312
455536,-152.75692749023438
455568,-155.13333129882812
456160,-157.69322204589844
456560,-158.12693786621094
456624,-84.22972869873047
456896,-159.3937225341797
458960,-71.30525970458984
459008,-171.0067596435547
459056,-104.84314727783203
459712,-159.18609619140625
461232,-161.39712524414062
461888,-166.35604858398438
462112,-155.19859313964844
463136,-150.13031005859375
463184,-167.74594116210938
463344,-155.6664276123047
463488,-151.9893035888672
463680,-66.43309783935547
463920,-156.81805419921875
466064,-152.24705505371094
467936,-103.6993637084961
468480,-157.59019470214844
469264,-162.1630859375
469680,-152.75692749023438
470560,-157.47415161132812
471344,-155.8979034423828
471776,-165.19622802734375
472672,-155.6664276123047
473728,-160.98919677734375
474736,-153.25941467285156
475584,-157.03150939941406
475824,-162.19735717773438
476512,-114.9888916015625
476848,-160.611328125
476864,-156.8079071044922
477120,-154.24285888671875
477440,-144.5242462158203
478112,-155.62353515625
478576,-95.38351440429688
479168,-170.611328125
479552,-155.48709106445312
480192,-161.59043884277344
480224,-154.96218872070312
481472,-159.60000610351562
482416,-156.35604858398438
483296,-35.2177848815918
483584,-161.46803283691406
484032,-147.00119018554688
484528,-161.0067596435547
484832,-153.99964904785156
484944,-159.18609619140625
485408,-133.75466918945312
485504,-160.41168212890625
485552,-76.50874328613281
485888,-164.96218872070312
486544,-157.69322204589844
486640,-150.93894958496094
487056,-157.47415161132812
487392,-61.94444274902344
487408,-160.80967712402344
487504,-159.7310333251953
487584,-164.6571502685547
487616,-164.48434448242188
488000,-181.46803283691406
489776,-158.34161376953125
490544,-153.50794982910156
491360,-98.72352600097656
491792,-117.70838928222656
492304,-96.8121109008789
494992,-159.3937225341797
495792,-164.72412109375
496528,-159.18609619140625
496816,-47.77014923095703
497472,-51.453731536865234
498816,-159.3937225341797
499488,-163.3584442138672
500208,-157.28387451171875
500752,-162.5388641357422
501040,-172.5029296875
504816,-165.04293823242188
505152,-168.97708129882812
505840,-158.5548553466797
507440,-134.24285888671875
509040,-158.12693786621094
509232,-164.69818115234375
509824,-156.8079071044922
509952,-102.88745880126953
511168,-151.72962951660156
513472,-163.16807556152344
514032,-162.5894775390625
514160,-161.59933471679688
515280,-159.3000030517578
515360,-160.15615844726562
515376,-157.69322204589844
515520,-167.03150939941406
515584,-160.6714324951172
515872,-72.65714263916016
517472,-164.1731719970703
517488,-150.40188598632812
517696,-138.97708129882812
517984,-156.8079071044922
518208,-167.9077911376953
519712,-159.7310333251953
519840,-89.94029998779297
520096,-167.03150939941406
520320,-165.88697814941406
520336,-170.5755157470703
521600,-161.39712524414062
521952,-158.97708129882812
522832,-153.75466918945312
523024,5.874698638916016
524000,-99.2768325805664
524320,-152.24705505371094
524512,-164.29200744628906
524944,-125.23417663574219
525120,-141.19393920898438
528528,-168.12693786621094
528944,-150.93385314941406
529072,-161.39730834960938
529152,-165.6664276123047
530880,-162.35157775878906
531056,-172.5388641357422
531216,-155.43333435058594
531264,-154.72412109375
531392,-157.69322204589844
531824,-157.9108123779297
532352,-200.80850219726562
532816,-52.04981231689453
532992,-153.50794982910156
533536,-89.6138687133789
535104,-158.34161376953125
535504,-168.275634765625
535648,-154.48434448242188
537216,-160.611328125
537248,-80.71107482910156
539360,-163.63845825195312
539600,-110.16560363769531
539840,-157.47415161132812
539872,-109.0684814453125
541824,-166.05279541015625
542336,-153.15135192871094
544048,-152.75692749023438
544448,-165.8979034423828
545536,-73.64444732666016
545920,-186.12777709960938
546160,-149.85665893554688
546992,-153.00909423828125
546992,-155.43333435058594
547248,-80.71107482910156
547424,-161.39712524414062
547648,-145.48709106445312
548304,-161.7825469970703
549104,-152.24705505371094
549248,-116.31095123291016
550048,-166.12777709960938
551696,-174.5675048828125
552048,-90.44259643554688
552160,-161.0067596435547
552528,-177.2535858154297
552960,-159.60000610351562
554272,-172.5029296875
554336,-160.36654663085938
555568,-176.24444580078125
556272,-149.58091735839844
556480,-159.80491638183594
557792,-160.21075439453125
558384,-150.93894958496094
558560,-161.20448303222656
558592,-155.8979034423828
560048,-151.9893035888672
560384,-154.24285888671875
560496,-153.00909423828125
560704,-154.24285888671875
562480,-93.99610137939453
562720,-159.18609619140625
563120,-61.24444580078125
564032,-154.96218872070312
566704,-163.0937957763672
566928,-147.29684448242188
566944,-155.43333435058594
568496,-156.35604858398438
569328,-72.91203308105469
571056,-150.13031005859375
573008,-156.8079071044922
573264,-153.00909423828125
573552,-71.48798370361328
573584,-85.48448944091797
573584,-161.0067596435547
574080,-152.56922912597656
574288,-163.50794982910156
575040,-158.4197235107422
575088,-152.24705505371094
575856,-162.97647094726562
576672,-108.6451644897461
577536,-80.12125396728516
578000,-156.582763671875
578288,-167.5142822265625
581456,-160.80967712402344
582416,-104.16056060791016
582832,-178.76666259765625
584688,-75.26483154296875
586384,-170.5755157470703
588064,-157.88125610351562
588576,-162.39405822753906
588656,-75.10704040527344
590064,-159.60000610351562
590176,-160.21075439453125
591360,-155.19859313964844
591664,-169.18609619140625
593408,-160.41168212890625
594960,-73.7716293334961
595072,-161.0067596435547
595152,-155.6664276123047
595168,-153.25941467285156
595296,-140.611328125
595728,-162.78359985351562
596480,-163.16807556152344
597024,-151.20448303222656
597072,-157.47415161132812
597824,-142.19735717773438
599712,-159.9443359375
601360,-68.77552032470703
601408,-153.75466918945312
602048,-165.6664276123047
602720,-149.0230712890625
603440,-175.55238342285156
603520,-178.97708129882812
604128,-106.28947448730469
605760,-102.73985290527344
606224,-168.64210510253906
607120,-146.7031707763672
607664,-156.582763671875
607872,-153.75466918945312
608528,-169.18609619140625
609680,-156.81805419921875
609984,-167.8142852783203
611440,-160.5755157470703
612736,-151.46803283691406
614240,-166.12777709960938
614960,-160.0084991455078
615760,-70.55319213867188
616880,-87.75492858886719
616880,-157.2535858154297
618960,-79.73381042480469
618992,-152.24705505371094
619792,-156.35604858398438
620560,-170.36654663085938
620896,-157.74305725097656
622256,-73.21636962890625
623472,-151.72962951660156
623584,-99.48644256591797
623872,-165.6664276123047
624256,-90.96295928955078
625232,-171.7825469970703
626544,-120.18770599365234
626592,-51.558658599853516
627344,-162.24705505371094
627584,-158.34161376953125
627600,-161.8000030517578
627824,-62.92856979370117
627872,-156.12777709960938
628096,-179.80491638183594
628704,-157.2535858154297
629712,-80.34117889404297
630816,-163.9960174560547
631792,-157.69322204589844
632992,-158.5548553466797
634032,-158.76666259765625
634320,-85.77591705322266
634592,-164.72412109375
634656,-88.96826171875
635280,-151.72962951660156
636192,-167.8142852783203
636432,-157.47415161132812
638544,-156.582763671875
638656,-150.6714324951172
641792,-156.35604858398438
641984,-157.03150939941406
642480,-156.4560546875
642848,-85.3643798828125
643024,-152.24705505371094
643040,-82.10909271240234
644080,-119.11744689941406
644432,-60.007843017578125
645184,-96.79090881347656
645200,-159.3937225341797
646800,-68.5999984741211
646928,-163.63845825195312
647088,-166.86744689941406
647488,-154.6358184814453
648896,-150.08685302734375
649200,-149.85665893554688
650608,-90.00322723388672
650832,-155.43333435058594
651008,-172.5388641357422
651408,-95.84761810302734
653264,-164.69818115234375
653360,-112.88745880126953
653360,-155.8979034423828
655648,-158.5548553466797
657168,-96.79432678222656
657568,-157.47415161132812
657632,-153.25941467285156
657872,-166.7064208984375
658048,-97.30810546875
659920,-161.20448303222656
660032,-167.9108123779297
660160,-160.0084991455078
662752,-167.18670654296875
663872,-166.345458984375
664144,-90.43636322021484
664368,-112.21428680419922
664592,-153.00909423828125
665952,-157.03150939941406
665984,-155.37933349609375
668000,-59.03108596801758
669504,-101.61587524414062
670240,-172.5388641357422
672560,-140.15615844726562
673616,-53.46053695678711
673728,-156.582763671875
674048,-150.40188598632812
674320,-164.47515869140625
674672,-157.28387451171875
676432,-154.48434448242188
676784,-150.13031005859375
677056,-156.582763671875
677952,-157.03150939941406
679200,-160.611328125
680736,-153.25941467285156
681008,-147.00119018554688
681344,-171.97341918945312
681968,-155.8979034423828
683152,-160.611328125
683488,-86.13671112060547
684880,-155.43333435058594
686176,-164.3492431640625
687344,-167.03150939941406
687824,-164.83798217773438
688608,-158.5548553466797
689456,-159.3937225341797
689936,-163.00909423828125
690720,-157.9108123779297
690816,-91.21322631835938
690944,-150.93894958496094
691568,-156.12777709960938
691584,-155.43333435058594
692816,-162.39405822753906
692928,-163.50794982910156
694352,-94.80428314208984
694352,-97.78585815429688
694816,-154.96218872070312
695040,-161.0067596435547
695280,-65.71752166748047
695968,-97.77037048339844
696064,-155.6664276123047
698176,-157.69322204589844
699408,-89.90111541748047
699568,-102.85853576660156
699984,-82.2397232055664
700208,-158.34161376953125
701008,-171.59043884277344
701968,-59.915828704833984
702832,-97.05384826660156
703216,-156.12777709960938
703840,-159.51626586914062
704416,-156.12777709960938
704880,-161.59043884277344
704944,-151.20448303222656
705232,-167.25454711914062
706512,-158.86293029785156
708016,-168.12693786621094
708432,-155.43333435058594
708496,-155.6664276123047
708608,-165.37367248535156
709552,-174.72412109375
710528,-157.28387451171875
713472,-160.80967712402344
714288,-148.22857666015625
715520,-159.18609619140625
716976,-104.27993774414062
717152,-100.36564636230469
717696,-157.9108123779297
718512,-149.0230712890625
719344,-50.66030502319336
720192,-164.6571502685547
722304,-153.99964904785156
723520,-177.41934204101562
724288,-164.83798217773438
724480,-92.36165618896484
724848,-151.20448303222656
726288,28.63157844543457
727776,-158.76666259765625
728112,-141.59152221679688
728304,-154.48434448242188
728848,-151.46803283691406
729920,-98.6293716430664
730352,-153.00909423828125
731952,-166.12777709960938
732624,-165.19859313964844
732832,-157.2535858154297
733296,-157.2535858154297
734064,-177.9108123779297
734320,-117.28498077392578
734816,-158.5548553466797
735072,-170.36654663085938
737504,-98.24871063232422
737520,-155.8979034423828
738288,-154.96218872070312
738288,-153.00909423828125
738928,-155.19859313964844
739760,-161.97341918945312
740880,-149.0230712890625
742752,-149.3937225341797
742768,-154.24285888671875
743264,-149.58091735839844
743888,-160.15615844726562
744576,-161.2025604248047
744784,-158.12693786621094
745264,-163.3584442138672
745952,-170.0084991455078
746000,-59.01824951171875
746848,-162.72500610351562
746992,-180.0084991455078
747200,-43.757972717285156
748400,-71.28235626220703
749136,-87.06666564941406
749248,-153.25941467285156
751184,-156.1065673828125
751360,-157.03150939941406
751808,-67.88695526123047
752368,-165.5500030517578
753600,-131.24026489257812
755984,-147.00119018554688
757136,-161.39730834960938
759120,-157.69322204589844
759552,-54.82925033569336
760496,-65.62089538574219
761328,-99.72721862792969
762592,-82.23258209228516
762608,-159.80491638183594
763056,-170.21075439453125
763440,-157.00119018554688
763760,-157.2535858154297
763888,-163.9960174560547
764352,-152.24705505371094
765088,-103.6724624633789
765152,-158.64210510253906
765872,-154.24285888671875
766192,-151.9893035888672
766960,-112.96131134033203
767648,-196.5852813720703
767920,-154.48434448242188
768224,-103.30000305175781
768304,-154.24285888671875
769040,-88.37735748291016
769232,-93.4240493774414
769312,-157.47415161132812
769760,-162.35157775878906
771872,-161.39712524414062
772912,-155.13333129882812
773408,-172.6196746826172
774448,-160.0084991455078
775072,-170.21075439453125
775872,-156.12777709960938
776560,-156.12777709960938
777280,-157.9108123779297
777616,-162.90997314453125
777664,-165.72018432617188
778976,-155.6664276123047
779952,-80.15901947021484
780208,-84.83333587646484
782096,-165.48709106445312
782208,-149.58091735839844
783152,-152.75692749023438
783520,-156.12777709960938
784000,-149.30307006835938
784048,-104.37181091308594
785632,-150.40188598632812
786688,-75.92857360839844
786768,-153.00909423828125
787664,-152.24705505371094
788624,-99.44818115234375
788672,-157.03150939941406
788800,-153.50794982910156
789840,-163.16807556152344
791136,-158.76666259765625
791184,-104.27993774414062
791856,-159.7310333251953
791872,-163.63845825195312
792896,-158.12693786621094
793248,-157.2535858154297
794976,-158.34161376953125
795408,-156.582763671875
796688,-154.24285888671875
797008,-162.72500610351562
798768,-157.5142822265625
799952,-160.41168212890625
800240,-167.74594116210938
800496,-81.11968231201172
800672,-161.97341918945312
800736,-155.8979034423828
800880,-147.00119018554688
803024,-153.00909423828125
803456,-163.45802307128906
804176,-154.24285888671875
804720,-161.46803283691406
804960,-162.35157775878906
805312,-168.54556274414062
805568,-170.80967712402344
806576,-159.3937225341797
808928,-162.1630859375
809088,-162.24705505371094
810784,-155.86593627929688
811184,-155.37933349609375
811232,-157.47415161132812
811424,-155.6664276123047
811792,-166.345458984375
811824,-159.7310333251953
812784,-159.18609619140625
814656,-158.76666259765625
817632,-156.12777709960938
818176,-63.13333511352539
819120,-151.20448303222656
819840,-156.582763671875
820608,-163.92218017578125
821232,-156.12777709960938
821360,-158.34161376953125
823120,-169.3000030517578
823312,-161.99932861328125
823728,-160.6714324951172
824992,-150.93894958496094
825008,-86.34285736083984
826064,-159.7310333251953
827440,-80.19044494628906
829008,-167.69322204589844
829056,-116.80000305175781
832160,-154.48434448242188
832160,-149.30307006835938
833184,-65.62089538574219
833216,-170.0084991455078
833744,-163.54757690429688
833888,-165.43333435058594
833904,-157.69322204589844
835024,-100.78321838378906
835648,-153.25941467285156
836368,-152.03256225585938
837136,-157.9108123779297
837376,-163.16807556152344
837424,-63.71780776977539
837648,-102.84484100341797
839536,-153.25941467285156
840176,-149.0230712890625
840512,-83.70289611816406
840592,-185.19622802734375
841296,-163.45802307128906
842880,-161.7825469970703
843168,-157.69322204589844
843760,-157.47415161132812
843984,-90.45352935791016
844720,-156.582763671875
845808,-166.24444580078125
845840,-86.03758239746094
846160,54.038848876953125
847920,-162.5388641357422
848016,-85.20469665527344
848176,-87.18230438232422
848944,-49.04313659667969
849616,-119.30814361572266
850688,-154.72412109375
851712,-170.78305053710938
852224,-161.39712524414062
852528,-126.1322250366211
852560,-66.0667724609375
853120,-85.23082733154297
853856,-96.2242431640625
855472,-152.24705505371094
856640,-171.7825469970703
856928,-155.43333435058594
858544,-161.72962951660156
860016,-85.5433578491211
860656,-157.47415161132812
861376,-176.54444885253906
861568,-68.85698699951172
861584,-162.35157775878906
862496,-159.60000610351562
863152,-148.0686492919922
863872,-160.611328125
864864,-96.14966583251953
865216,-157.03150939941406
865600,-159.18609619140625
865776,-146.1697540283203
865920,-129.52679443359375
866320,39.672725677490234
867840,-62.7938232421875
869888,-159.9443359375
869952,-156.35604858398438
870656,-90.19169616699219
870800,-154.24285888671875
871936,-157.03150939941406
872000,-163.45802307128906
872240,-162.72500610351562
872656,-70.08149719238281
872672,-160.78305053710938
872752,-149.8000030517578
873488,-85.77436065673828
874112,-163.0937957763672
874352,-150.6714324951172
874752,-156.582763671875
875600,-153.00909423828125
876560,-155.43333435058594
876944,-169.9443359375
877888,-160.21075439453125
878336,-156.12777709960938
878400,-160.21075439453125
878672,-140.80967712402344
879056,-159.18609619140625
883280,-146.7031707763672
883376,-149.85665893554688
884736,-154.72412109375
884848,-156.582763671875
885216,-157.47415161132812
885840,-50.938209533691406
885984,-156.58261108398438
887328,-172.5388641357422
888096,-157.47415161132812
888272,-155.43333435058594
888944,-167.50230407714844
889056,-160.80967712402344
889072,-158.97708129882812
889536,-155.43333435058594
889600,-160.15615844726562
889888,-146.4027862548828
889920,-163.9960174560547
891248,-124.3155288696289
892016,-158.4197235107422
892320,-159.18609619140625
893296,-152.5029296875
893808,-158.86293029785156
896704,-164.27317810058594
897296,-165.19622802734375
898896,-152.24705505371094
900304,-153.25941467285156
900464,-154.72412109375
900800,-155.6664276123047
902256,-160.611328125
902576,-148.7409210205078
902944,-158.76666259765625
904144,-157.2535858154297
906192,-169.3937225341797
906256,-158.97708129882812
906640,-141.39730834960938
907376,-170.95254516601562
908224,-153.50794982910156
908448,-117.49674987792969
908736,-152.5029296875
909440,-99.58612060546875
909472,-158.5548553466797
909616,-167.74594116210938
910480,-152.5029296875
910576,-100.4137954711914
912944,-154.96218872070312
913872,-158.1957550048828
914864,-162.5388641357422
914896,-162.35157775878906
919264,-156.8079071044922
921120,-150.13031005859375
921200,-157.69322204589844
922416,-131.21176147460938
923472,-157.69322204589844
923488,-153.25941467285156
923520,-159.80491638183594
924528,-157.47415161132812
925264,-153.99964904785156
925728,-153.50794982910156
929440,-159.3937225341797
930112,-69.21605682373047
931600,-153.99964904785156
931616,-165.72018432617188
932048,-152.24705505371094
933712,-160.21075439453125
934208,-167.5142822265625
934496,-152.24705505371094
935808,-163.3584442138672
936320,-150.40188598632812
936608,-166.54444885253906
938016,-164.1731719970703
938144,-158.12693786621094
938544,-161.59933471679688
940784,-157.0518035888672
942608,-165.04293823242188
942736,-157.97021484375
942976,-154.24285888671875
943600,-164.1731719970703
944032,-161.2025604248047
944080,-160.611328125
944448,-163.8177947998047
946864,-157.2535858154297
947152,-159.60000610351562
948720,-101.72013854980469
949216,-155.13333129882812
949648,-158.97708129882812
951328,-93.06867980957031
951328,-152.24705505371094
951376,-155.6664276123047
952048,-150.77142333984375
953440,-164.69818115234375
954960,-161.97341918945312
955104,-166.8079071044922
955536,-160.36654663085938
955760,-92.6146011352539
955824,-162.5029296875
957152,-162.1630859375
959328,-159.80491638183594
959744,-161.39712524414062
960096,-162.5388641357422
960704,-154.24285888671875
961376,-166.7064208984375
961440,-154.72412109375
961856,-161.0067596435547
962192,-164.29200744628906
962240,-116.4321060180664
964352,-151.20448303222656
964576,-89.1058578491211
965664,-159.60000610351562
966400,-155.8979034423828
968640,-174.10769653320312
969712,-82.86575317382812
970704,-156.35604858398438
970976,-155.43333435058594
971696,-153.25941467285156
974032,-154.48434448242188
974240,-159.60000610351562
974448,-104.35631561279297
976544,-161.39730834960938
977552,-92.07368469238281
977648,-155.43333435058594
978304,-166.12777709960938
978640,-161.39730834960938
980400,-159.3000030517578
980560,-166.24444580078125
981248,-153.25941467285156
981456,-154.96218872070312
981744,-155.6664276123047
982672,-163.8177947998047
982736,-159.3000030517578
984080,-115.68888854980469
984576,-150.13031005859375
985968,-148.4565887451172
986176,-165.01766967773438
986272,-157.74305725097656
986656,-157.47415161132812
987088,-160.41168212890625
987200,-157.2535858154297
988256,-90.55381774902344
988352,-85.44285583496094
988768,-159.18609619140625
990896,-157.03150939941406
991152,-164.38426208496094
991440,-166.24444580078125
992336,-150.13031005859375
992608,-161.59043884277344
992832,-63.778228759765625
993552,-152.24705505371094
996336,-54.14958572387695
997008,-160.21075439453125
998128,-157.03150939941406
998448,-155.43333435058594
998848,-157.2535858154297
999904,-23.044218063354492
1000608,-157.2535858154297
1002880,-90.6812515258789
1003328,-157.03150939941406
1004992,-153.61817932128906
1005648,-158.34161376953125
1006256,-80.73605346679688
1008912,-155.8979034423828
1009872,-151.72962951660156
1010304,-162.24705505371094
1010480,-146.7031707763672
1011024,-154.72412109375
1011920,-161.9893035888672
1012672,-151.9893035888672
1013024,-159.80491638183594
1013136,-153.25941467285156
1014016,-155.19859313964844
1014032,-155.8979034423828
1014704,-153.50794982910156
1015776,-171.0067596435547
1016128,-160.0084991455078
1017856,-100.35387420654297
1017888,-156.582763671875
1018128,-156.8079071044922
1018240,-154.24285888671875
1018688,-161.59043884277344
1018928,-155.43333435058594
1019264,-154.885498046875
1019968,-161.39712524414062
1021904,-151.20448303222656
1023568,-160.41168212890625
1023952,-103.73636627197266
1024000,-163.00909423828125
1024016,-150.93894958496094
1024464,-156.8079071044922
1024832,-162.39405822753906
1024944,-150.93894958496094
1025440,-156.582763671875
1026304,-153.00909423828125
1026576,-158.34161376953125
1027040,-159.51626586914062
1027792,-149.60000610351562
1029040,-157.69322204589844
1029056,-154.72412109375
1029520,-156.58261108398438
1029904,-156.582763671875
1030288,-165.6664276123047
1031168,-157.03150939941406
1031632,-174.69818115234375
1032448,-155.43333435058594
1032800,-95.984619140625
1032896,-156.12777709960938
1033184,-154.48434448242188
1033280,-159.60000610351562
1034496,-157.1112060546875
1038224,-159.51626586914062
1038240,-154.96218872070312
1038640,-158.5548553466797
1039216,-134.72412109375
1041312,-160.21075439453125
1041904,-67.44113159179688
1042432,-163.3584442138672
1042864,-147.59019470214844
1043248,-94.96666717529297
1043264,-155.43333435058594
1045360,-155.6664276123047
1045520,-157.03150939941406
1045920,-65.99837493896484
1046048,-159.60000610351562
1047472,-166.8079071044922
1048480,-95.89582061767578
1049584,-160.611328125
1051408,-162.97647094726562
1052240,-161.7825469970703
1052784,-80.82841491699219
1052880,-150.40188598632812
1054400,-169.60000610351562
1054544,-156.8079071044922
1054912,-155.8979034423828
1055616,-152.83448791503906
1056208,-164.47515869140625
1058128,-113.76667022705078
1059824,-165.55238342285156
1060784,-160.93385314941406
1061376,-151.9893035888672
1061600,-155.6664276123047
1061920,-148.92550659179688
1062512,-163.54757690429688
1063104,-155.43333435058594
1063184,-161.2025604248047
1063648,-155.8979034423828
1066144,-152.24705505371094
1068832,-157.69322204589844
1070368,-139.60000610351562
1070400,-156.582763671875
1070944,-164.96218872070312
1072128,-156.582763671875
1072272,-153.99964904785156
1072272,-154.24285888671875
1072448,-117.28498077392578
1072592,-76.26433563232422
1073440,-161.7825469970703
1073744,-165.43333435058594
1074336,-91.21322631835938
1074368,-159.9443359375
1075888,-73.3402099609375
1076480,-162.24705505371094
1076656,-154.48434448242188
1076688,-162.90997314453125
1078832,-148.1700439453125
1080688,-149.18609619140625
1081728,-155.8979034423828
1083120,-156.12777709960938
1083376,-155.8979034423828
1085360,-161.2025604248047
1085792,-163.0937957763672
1086288,-82.86575317382812
1087008,-76.47272491455078
1087040,-161.0067596435547
1087344,-159.18609619140625
1088624,-83.69999694824219
1088656,-114.9888916015625
1089328,-156.81805419921875
1089840,-153.50794982910156
1090016,-156.8079071044922
1091216,-150.13031005859375
1091408,-101.5
1091440,-137.03150939941406
1091616,-165.72018432617188
1093168,-160.0084991455078
1093520,-168.97708129882812
1093664,-154.96218872070312
1094064,-159.60000610351562
1096160,-153.87547302246094
1097888,-163.9960174560547
1097888,-147.29684448242188
1097952,-155.13333129882812
1098288,-161.7825469970703
1098688,-174.5242462158203
1099616,-166.75413513183594
1099984,-165.89938354492188
1100176,-155.8979034423828
1100736,-110.85836791992188
1100896,-70.92707061767578
1101744,-162.19735717773438
1102080,-166.9219512939453
1102112,-152.24705505371094
1104224,-157.47415161132812
1104624,-154.96218872070312
1104960,-155.19859313964844
1105968,-156.12777709960938
1106144,-152.75692749023438
1106336,-159.60000610351562
1106608,-85.44285583496094
1108240,-159.0822296142578
1109072,-54.74964141845703
1109184,-152.24705505371094
1110496,-160.78305053710938
1110960,-157.9108123779297
1110976,-160.21075439453125
1113072,-160.21075439453125
1114048,-104.66666412353516
1114464,-188.275634765625
1115056,-160.41168212890625
1115376,-155.19859313964844
1116496,-79.56083679199219
1117184,-165.8979034423828
1117280,-157.03150939941406
1117296,-153.99964904785156
1118832,-165.6664276123047
1119408,-153.85467529296875
1119552,-65.55338287353516
1119584,-78.091552734375
1119696,-80.79010772705078
1119712,-163.45802307128906
1119760,-158.5548553466797
1120464,-73.56124114990234
1120608,-159.18609619140625
1121344,-38.883262634277344
1123200,-125.77637481689453
1123456,-160.21075439453125
1123824,-158.34161376953125
1125920,-168.4197235107422
1126304,-67.03783416748047
1128000,-161.2025604248047
1128416,-163.63845825195312
1129344,-163.63845825195312
1130240,-92.09928131103516
1131440,-153.00909423828125
1132128,-160.0084991455078
1133584,-113.77594757080078
1134960,-85.9779052734375
1135936,-81.17460632324219
1136576,-147.29684448242188
1136704,-158.4197235107422
1137648,-153.75466918945312
1138864,-174.29200744628906
1140976,-150.13031005859375
1141328,-160.0084991455078
1142368,-159.18609619140625
1143408,-164.1731719970703
1144448,-16.57178497314453
1144864,-154.72412109375
1145232,-161.8000030517578
1145984,-157.2535858154297
1146976,-160.41168212890625
1147280,-155.6664276123047
1149088,-158.5548553466797
1150176,-159.7310333251953
1150976,-155.88697814941406
1151504,-162.5388641357422
1151680,-152.75692749023438
1151792,-155.62353515625
1154912,-158.34161376953125
1155536,-161.97341918945312
1155552,-157.0518035888672
1155696,-162.1630859375
1156160,-175.72018432617188
1157024,-154.72412109375
1157760,-172.23123168945312
1160592,-157.47415161132812
1161168,-70.95523834228516
1162928,-89.59832763671875
1163296,-157.97021484375
1163712,-116.945068359375
1164752,-62.83333206176758
1165392,-160.36654663085938
1166336,-101.38420867919922
1166928,-150.93894958496094
1167104,-153.00909423828125
1167504,-161.39712524414062
1168976,-150.6714324951172
1171072,-157.97021484375
1172000,-158.12693786621094
1172672,-166.05279541015625
1173184,-159.18609619140625
1173408,-159.18609619140625
1174192,-158.76666259765625
1175376,-149.30307006835938
1176304,-154.72412109375
1177392,-154.96218872070312
1177488,-157.47415161132812
1177728,-157.69322204589844
1178768,-157.2535858154297
1179216,-155.62353515625
1179840,-160.41168212890625
1180432,-154.48434448242188
1180880,-146.4027862548828
1181456,-153.99964904785156
1181632,-121.9937744140625
1183328,-91.349853515625
1183440,-157.03150939941406
1185008,-165.19859313964844
1185408,-160.41168212890625
1185552,-161.2025604248047
1186512,-79.56083679199219
1187664,-163.45802307128906
1187728,-110.12727355957031
1188032,-161.39712524414062
1189088,-148.92550659179688
1189120,-162.97647094726562
1189840,-158.5548553466797
1190128,-155.6664276123047
1191888,-168.1227264404297
1192240,-82.2397232055664
1192304,-159.60000610351562
1192576,-67.78480529785156
1193616,-71.4117660522461
1194352,-156.12777709960938
1194656,-92.83636474609375
1195728,-163.8177947998047
1195776,-58.70140838623047
1195920,-162.6388702392578
1195952,-59.83076858520508
1196448,-158.86293029785156
1196800,-157.9108123779297
1197056,-159.3000030517578
1197824,-156.58261108398438
1200144,-154.96218872070312
1200720,-159.9443359375
1200896,-158.86293029785156
1201296,-154.48434448242188
1201312,-151.46803283691406
1204416,-96.79090881347656
1204848,-161.97341918945312
1207904,-160.41168212890625
1208896,-110.05941772460938
1209168,-158.34161376953125
1209696,41.85117721557617
1211280,-144.86422729492188
1212096,-156.8079071044922
1212512,-158.12693786621094
1213392,-154.24285888671875
1213408,-92.01290130615234
1213648,-156.582763671875
1213824,-157.69322204589844
1213920,-159.18609619140625
1215504,-165.5500030517578
1215776,-108.311767578125
1216304,-159.3937225341797
1218096,-156.345458984375
1218992,-158.1957550048828
1219728,-152.24705505371094
1219728,-151.72962951660156
1219984,-150.93894958496094
1220256,-168.8787078857422
1220928,-54.93283462524414
1221824,-152.56922912597656
1222096,-160.611328125
1222640,-157.69322204589844
1224432,-162.5388641357422
1225312,-159.9443359375
1226240,-172.5388641357422
1226352,-155.43333435058594
1226400,-161.39730834960938
1226528,-153.50794982910156
1226848,-154.48434448242188
1228736,-163.54757690429688
1228944,-157.28387451171875
1229296,-87.86451721191406
1229344,-155.8979034423828
1229520,-163.92218017578125
1230576,-153.00909423828125
1231904,-75.37813568115234
1232512,-153.61817932128906
1232560,-158.1957550048828
1232688,-165.55238342285156
1232880,-153.00909423828125
1236128,-157.2535858154297
1236960,-158.76666259765625
1237744,-162.19735717773438
1238240,-157.47415161132812
1238544,-35.98421096801758
1238896,-147.29684448242188
1239040,-158.76666259765625
1240944,-160.41168212890625
1241360,-158.34161376953125
1241872,-69.96666717529297
1242272,-88.5111083984375
1242304,-137.69322204589844
1243264,-160.611328125
1247632,-159.80491638183594
1247680,-165.01766967773438
1249440,-167.34495544433594
1250160,-84.53333282470703
1250912,-156.12777709960938
1252416,-156.8079071044922
1252944,-154.24285888671875
1253824,-149.85665893554688
1254336,-109.4102554321289
1254560,-167.74594116210938
1256320,-88.86070251464844
1256544,-112.16363525390625
1256640,-155.8979034423828
1260128,-99.56246185302734
1260768,-159.3937225341797
1261312,-155.43333435058594
1261712,-154.48434448242188
1262096,-159.18609619140625
1262096,41.55234909057617
1264208,-153.25941467285156
1264208,-146.4027862548828
1264416,-152.75692749023438
1265168,-91.77625274658203
1265536,-150.93894958496094
1266016,-162.90997314453125
1266560,-156.8079071044922
1266560,-102.05415344238281
1266800,-156.12777709960938
1267088,-154.885498046875
1267392,-159.7310333251953
1268400,-149.51084899902344
1269232,-163.54757690429688
1269808,-102.0999984741211
1270768,-164.3492431640625
1270784,-159.60000610351562
1271152,-161.9893035888672
1271264,-107.47882843017578
1271488,-155.37933349609375
1272624,-158.97708129882812
1273376,-150.13031005859375
1273424,-158.76666259765625
1273968,-152.75692749023438
1274880,-55.720848083496094
1275488,-161.39712524414062
1276080,-155.8979034423828
1276368,-162.5894775390625
1277792,-157.2535858154297
1278192,-153.25941467285156
1279600,-105.87222290039062
1279744,-162.72500610351562
1280064,-90.66486358642578
1282000,-163.75466918945312
1283088,-147.00119018554688
1283440,-156.35604858398438
1283840,-167.59019470214844
1284096,-159.51626586914062
1284176,-53.400001525878906
1284320,-160.5755157470703
1284512,-97.26551818847656
1286640,-153.25941467285156
1287088,-163.27647399902344
1288256,-161.97341918945312
1288304,-155.8979034423828
1288336,-148.4565887451172
1288384,-150.93894958496094
1289984,-110.81688690185547
1290736,-82.47142791748047
1292096,-161.0067596435547
1292592,-109.15675354003906
1292816,-78.7437515258789
1292848,-159.3937225341797
1293744,-82.76984405517578
1294704,-156.8079071044922
1295152,-161.0067596435547
1296640,-159.7310333251953
1296672,-113.42308044433594
1296944,-172.72500610351562
1297504,-156.582763671875
1300672,-115.19999694824219
1300864,-174.69818115234375
1301008,-149.85665893554688
1303968,-162.8249969482422
1305424,-161.2025604248047
1305920,-149.0230712890625
1306080,-163.27647399902344
1306992,-153.3589324951172
1307616,-168.97708129882812
1307760,-99.57037353515625
1308000,-157.69322204589844
1308384,-85.85360717773438
1308544,-142.26806640625
1309040,-165.43333435058594
1309088,-163.92218017578125
1309136,-153.99964904785156
1311248,-145.79478454589844
1312064,-164.6571502685547
1312256,-155.8979034423828
1314176,-160.0084991455078
1314336,-158.76666259765625
1314336,-154.48434448242188
1314368,-159.3937225341797
1315120,-153.99964904785156
1317216,-162.72500610351562
1317216,-155.13333129882812
1317472,-158.97708129882812
1318352,-165.89938354492188
1318384,-158.97708129882812
1318560,-163.8177947998047
1318960,-165.72018432617188
1321680,-152.56922912597656
1322240,-154.72412109375
1322592,-168.76666259765625
1323520,-137.5142822265625
1323808,-158.5548553466797
1325872,-169.62608337402344
1325920,-156.12777709960938
1326800,-156.35604858398438
1326800,-154.96218872070312
1327440,-146.4027862548828
1327936,-153.50794982910156
1328032,-165.43333435058594
1328992,-161.59043884277344
1329696,-157.9108123779297
1330032,-106.5119400024414
1330096,-81.01317596435547
1331792,-148.02951049804688
1332192,-155.37933349609375
1332240,-155.43333435058594
1332592,-42.565956115722656
1333408,-79.15035247802734
1334288,-100.75963592529297
1334352,-155.43333435058594
1334704,-149.30307006835938
1335584,-156.35604858398438
1337968,-158.5548553466797
1338736,-155.43333435058594
1338912,-160.15615844726562
1339808,-154.48434448242188
1340080,-153.25941467285156
1340112,-163.45802307128906
1340688,-160.21075439453125
1342192,-90.9000015258789
1343552,-61.86932373046875
1344304,-154.96218872070312
1346400,-94.37181091308594
1346496,-153.50794982910156
1346624,-113.76363372802734
1347344,-168.12693786621094
1348080,-73.51521301269531
1348496,-165.72523498535156
1348720,-161.99932861328125
1350192,-157.2535858154297
1350608,-161.2025604248047
1350832,-154.96218872070312
1351056,-146.10000610351562
1351184,-141.97341918945312
1352960,-158.97708129882812
1353296,-151.46803283691406
1353488,-154.72412109375
1354640,-151.72962951660156
1355056,-158.76666259765625
1355408,-159.80491638183594
1356272,-154.96218872070312
1356528,-154.72412109375
1357184,-155.19859313964844
1357248,-157.69322204589844
1357504,-165.72523498535156
1358368,-166.24444580078125
1359776,-160.21075439453125
1359888,-116.87619018554688
1360544,-160.21075439453125
1361024,-84.71885681152344
1361888,-160.611328125
1362976,-94.46893310546875
1363136,-164.87107849121094
1363760,-154.48434448242188
1364176,-73.21636962890625
1364352,-159.60000610351562
1364528,-59.84516143798828
1366096,-159.9443359375
1366112,-171.56808471679688
1366640,-152.5029296875
1366832,-69.27017211914062
1366848,-141.39712524414062
1367248,-155.8979034423828
1367952,-166.24444580078125
1368480,-78.16470336914062
1368912,-156.12777709960938
1370336,-158.97708129882812
1370368,-155.8979034423828
1370864,-153.00909423828125
1371392,-167.0518035888672
1372864,-153.00909423828125
1372944,-154.72412109375
1373360,-156.582763671875
1374960,-157.97021484375
1375584,-150.93894958496094
1375664,-113.76667022705078
1377472,-155.37933349609375
1377856,-103.0841293334961
1378832,-49.528629302978516
1379952,-158.97708129882812
1381360,-163.92218017578125
1383008,-160.0084991455078
1383296,-84.0311279296875
1384080,-156.8079071044922
1384192,-166.2176513671875
1384288,-165.37367248535156
1384976,-90.45352935791016
1385088,-160.36654663085938
1385232,-154.96218872070312
1386224,-153.99964904785156
1387344,-157.2535858154297
1387984,-159.3937225341797
1388624,-163.92218017578125
1389344,-156.12777709960938
1390432,-82.32440185546875
1390688,-153.87547302246094
1393056,-81.08940124511719
1393696,-104.59297943115234
1393744,-154.6358184814453
1394928,-177.8142852783203
1395392,-161.0067596435547
1395792,-158.86293029785156
1397024,-159.80491638183594
1397344,-71.81187438964844
1397792,-105.30619812011719
1398784,-155.6664276123047
1400096,-157.2535858154297
1400992,-159.80491638183594
1401808,-155.13333129882812
1404208,-149.30307006835938
1404208,6.970370292663574
1404240,-154.72412109375
1404880,-168.4276885986328
1405696,-171.39730834960938
1406176,-158.5548553466797
1406352,-161.2025604248047
1407600,-155.8979034423828
1408464,-163.9960174560547
1409808,-143.0937957763672
1410240,-149.3937225341797
1410784,-96.35555267333984
1412896,-172.72500610351562
1414160,-165.38357543945312
1414592,-160.36654663085938
1414800,-155.6664276123047
1415008,-158.76666259765625
1416128,-162.72500610351562
1416864,-165.55238342285156
1417168,-84.9275894165039
1417744,-150.93894958496094
1418240,-149.30307006835938
1418832,-136.35604858398438
1418976,-164.10769653320312
1419104,-158.5548553466797
1420352,-162.35157775878906
1420464,-165.38357543945312
1420768,-167.74305725097656
1421088,-165.55238342285156
1421088,-153.75466918945312
1421392,-163.45802307128906
1422592,-154.24285888671875
1425168,-157.69322204589844
1425616,-153.00909423828125
1425904,-154.72412109375
1427008,-159.80491638183594
1427120,-151.20448303222656
1427536,-81.41798400878906
1427824,-88.0526351928711
1429776,-159.3937225341797
1429872,-113.0180435180664
1431328,-145.48709106445312
1432032,-157.47415161132812
1434544,-145.1769256591797
1435680,-161.59933471679688
1435792,-104.25418090820312
1436256,-163.27647399902344
1437632,-158.97708129882812
1437728,-165.72523498535156
1440416,-86.50164031982422
1440640,-148.92550659179688
1440656,-93.4648666381836
1440944,-98.31211853027344
1441856,-157.2535858154297
1442720,-154.96218872070312
1443952,-165.37367248535156
1444112,-158.5548553466797
1445040,-156.582763671875
1446112,-95.85713958740234
1446976,-147.88125610351562
1447168,-160.5755157470703
1447232,-126.1709213256836
1448352,-156.345458984375
1449088,-156.35604858398438
1449792,-58.872222900390625
1450464,-160.80967712402344
1451360,-137.74305725097656
1451824,-112.62188720703125
1452640,-155.8979034423828
1453648,-107.98148345947266
1454304,-46.1875
1454960,-136.8079071044922
1455744,-164.6571502685547
1456256,-155.43333435058594
1457072,-153.50794982910156
1458864,-150.08685302734375
1458864,-90.91847229003906
1459872,-155.43333435058594
1460384,-157.03150939941406
1463616,-156.8079071044922
1464656,-106.10356140136719
1465424,-168.72921752929688
1465648,-154.24285888671875
1466432,-96.8121109008789
1469312,-72.95797729492188
1469440,-55.220848083496094
1469664,-148.4565887451172
1470480,-79.26496124267578
1470656,-150.93894958496094
1471296,-58.754417419433594
1471424,-160.0084991455078
1471760,-156.582763671875
1472144,-162.72500610351562
1472272,-59.25736618041992
1473664,-161.59043884277344
1474672,-153.25941467285156
1477120,-88.5848159790039
1477504,-154.96218872070312
1477760,-163.99964904785156
1477888,-153.50794982910156
1478480,-167.50230407714844
1480000,-160.611328125
1480208,-154.96218872070312
1481024,-162.5894775390625
1481872,-114.9888916015625
1482368,-163.25941467285156
1483136,-159.18609619140625
1483792,-159.18609619140625
1484432,-158.5548553466797
1484672,-158.34161376953125
1485952,-162.1630859375
1486256,-71.88591766357422
1486320,-165.19622802734375
1486864,-92.23332977294922
1486912,-156.8079071044922
1487360,-154.96218872070312
1487872,-157.2535858154297
1488384,-160.36654663085938
1489008,-160.611328125
1489024,-164.3492431640625
1489472,-156.35604858398438
1490496,-146.4027862548828
1491760,-163.0937957763672
1492864,-160.41168212890625
1493216,-155.43333435058594
1493856,-157.5142822265625
1494752,-47.7015495300293
1494976,-162.72500610351562
1495568,-98.6293716430664
1495744,-150.13031005859375
1497664,-164.10769653320312
1497776,-157.47415161132812
1498608,-157.69322204589844
1498960,-165.43333435058594
1499424,-110.11817932128906
1501040,-157.69322204589844
1501936,-159.80491638183594
1502144,-77.04814910888672
1502336,-157.2535858154297
1502832,-161.20448303222656
1503136,-161.8000030517578
1504192,-73.7716293334961
1504288,-100.4137954711914
1505584,-161.59933471679688
1506304,-157.9108123779297
1506544,-159.18609619140625
1506736,-170.611328125
1506752,-71.2886962890625
1508640,-117.27055358886719
1508736,-79.34626770019531
1509168,-151.20448303222656
1511456,-104.36259460449219
1512240,-154.24285888671875
1513216,-153.75466918945312
1514144,-163.54757690429688
1516656,-158.5548553466797
1517184,-161.97341918945312
1517200,-117.98148345947266
1517328,-155.19859313964844
1517648,-164.6571502685547
1517792,-158.34161376953125
1518032,-59.40140914916992
1518480,-160.611328125
1520144,-156.12777709960938
1520144,-103.4208755493164
1520256,-151.72962951660156
1521440,-147.88125610351562
1521472,-159.60000610351562
1521696,-51.98480987548828
1522896,-157.5142822265625
1524848,-146.7031707763672
1526176,-157.2535858154297
1526464,-156.81805419921875
1526592,-153.50794982910156
1526944,-151.76109313964844
1527200,-164.29200744628906
1528064,-154.885498046875
1528464,-161.59043884277344
1530144,-69.50418090820312
1532704,-103.42308044433594
1533072,-156.35604858398438
1535936,-81.59088134765625
1537104,-170.66363525390625
1537856,-158.34161376953125
1538672,-84.7151107788086
1539056,-163.0937957763672
1539168,-96.31385803222656
1539216,-149.58091735839844
1539328,-84.36060333251953
1539616,-111.05904388427734
1541440,-162.5388641357422
1541488,-165.04293823242188
1542272,-158.5548553466797
1543776,-153.75466918945312
1543840,-161.59933471679688
1543952,-158.5548553466797
1546112,-149.30307006835938
1546304,-85.20469665527344
1548272,-158.97708129882812
1548400,-165.01766967773438
1549680,-157.5142822265625
1550288,-153.25941467285156
1553952,-114.21929931640625
1554544,-162.5894775390625
1554576,-150.13031005859375
1555072,-160.611328125
1555600,-89.60472106933594
1556656,-160.41168212890625
1559168,-59.7185173034668
1560992,-155.8979034423828
1561584,-163.0937957763672
1563680,-161.7825469970703
1563696,-165.04293823242188
1565424,-105.47743225097656
1565920,-111.4153823852539
1566992,-83.50992584228516
1567168,-158.86293029785156
1567296,-103.57035827636719
1567824,-153.3589324951172
1567904,-158.12693786621094
1569104,-150.6714324951172
1569328,-152.24705505371094
1569536,-160.0084991455078
1569616,-152.75692749023438
1569936,-153.50794982910156
1570016,-148.1700439453125
1570320,-72.5656967163086
1570352,-161.39712524414062
1571376,-150.65374755859375
1574016,-157.97021484375
1574192,-58.349815368652344
1574528,-162.35157775878906
1575856,-161.0067596435547
1575936,-161.39712524414062
1576640,-132.5029296875
1577680,-154.48434448242188
1577968,-159.18609619140625
1578080,-151.72962951660156
1578224,-165.19622802734375
1578768,-159.80491638183594
1578832,-65.57276153564453
1580688,-157.9108123779297
1582160,-153.25941467285156
1582272,-159.3937225341797
1582416,-152.24705505371094
1583392,-96.6500015258789
1584752,-167.50230407714844
1584896,-158.5548553466797
1585008,-72.81375122070312
1585696,-169.3222198486328
1586864,-134.24285888671875
1587120,-158.34161376953125
1587232,-88.703857421875
1587344,-160.80967712402344
1587584,-154.38426208496094
1588448,-150.93894958496094
1589024,-78.12086486816406
1589456,-154.48434448242188
1590960,-157.9108123779297
1591136,-153.75466918945312
1591376,-156.8079071044922
1591616,-154.48434448242188
1593072,-151.9893035888672
1593552,-160.80967712402344
1593840,-163.8177947998047
1595280,-159.51626586914062
1595472,-52.02381134033203
1595504,-157.69322204589844
1595648,-163.3584442138672
1595760,-162.19735717773438
1596208,-98.30683898925781
1596640,-153.00909423828125
1597760,-161.59933471679688
1597872,-159.60000610351562
1598304,-164.47515869140625
1599504,-154.24285888671875
1601568,-144.86422729492188
1601984,-159.60000610351562
1602096,-150.13031005859375
1602144,-156.35604858398438
1603344,-145.48709106445312
1604464,-156.12777709960938
1605040,-142.26806640625
1606192,-158.1957550048828
1606944,-151.72962951660156
1609056,-155.6664276123047
1610592,-155.43333435058594
1610704,-147.29684448242188
1610864,-108.22927856445312
1610976,-89.23846435546875
1611152,-167.41934204101562
1611296,-153.25941467285156
1612128,-154.96218872070312
1612816,-150.13031005859375
1613088,-161.2025604248047
1614352,-157.5142822265625
1614688,-161.7825469970703
1615728,-160.80967712402344
1616464,-151.72962951660156
1616752,-160.21075439453125
1617104,-163.45802307128906
1617104,-158.5548553466797
1617392,-94.5846176147461
1618864,-157.9108123779297
1619216,-159.80491638183594
1620528,-157.47415161132812
1623056,-168.22857666015625
1623184,-68.46666717529297
1625216,-155.6664276123047
1625632,-86.50164031982422
1625824,-160.15615844726562
1627568,-161.0067596435547
1627936,-158.76666259765625
1628752,-83.64373016357422
1631504,-155.99790954589844
1631968,-161.2025604248047
1631968,-151.20448303222656
1632592,-67.68621063232422
1633152,-89.1058578491211
1633728,-115.38571166992188
1634064,-159.7310333251953
1634992,-95.95962524414062
1635088,-61.53125
1635920,-158.76666259765625
1636016,-163.63845825195312
1637824,-168.22857666015625
1638304,-150.6714324951172
1638416,-75.66581726074219
1638896,-96.79432678222656
1639104,-153.25941467285156
1639312,-147.00119018554688
1641312,-159.3937225341797
1643312,-160.21075439453125
1643424,-158.76666259765625
1643744,-105.87222290039062
1644272,-157.9108123779297
1644624,-167.74594116210938
1645104,-151.46803283691406
1646128,-156.12777709960938
1646128,-156.35604858398438
1647632,-159.0770721435547
1648240,-171.1616668701172
1648496,-163.8177947998047
1648640,-161.0067596435547
1648720,-75.30757141113281
1649744,-161.2025604248047
1650832,-157.69322204589844
1651168,-161.2025604248047
1651520,-166.41539001464844
1652864,-149.58091735839844
1653056,-163.3584442138672
1653904,-93.65185546875
1654880,-156.12777709960938
1655184,-159.60000610351562
1655664,-153.75466918945312
1657088,-160.80967712402344
1657296,-152.5029296875
1657568,-160.41168212890625
1658176,-157.9108123779297
1659200,-150.6714324951172
1660288,-105.74528503417969
1661216,-156.582763671875
1661792,-160.41168212890625
1662000,-157.0518035888672
1662288,-157.47415161132812
1662656,-58.581817626953125
1662784,-74.8100357055664
1663632,-157.9108123779297
1663904,-161.2025604248047
1664384,-151.46803283691406
1664496,-158.34161376953125
1664512,-149.58091735839844
1664896,-159.3937225341797
1665600,-158.97708129882812
1666848,-59.081817626953125
1667888,-161.39730834960938
1668624,-165.72018432617188
1669408,-147.00119018554688
1669616,-156.1065673828125
1670240,-98.1754379272461
1670288,-151.20448303222656
1671520,-157.2535858154297
1671728,-149.30307006835938
1672352,-153.25941467285156
1673184,-160.21075439453125
1674512,-160.41168212890625
1674880,-155.43333435058594
1675280,-164.47515869140625
1676016,-154.48434448242188
1676592,-158.97708129882812
1676864,-114.85015106201172
1676992,-159.80491638183594
1679296,-81.6492919921875
1679680,-108.21887969970703
1680816,-154.72412109375
1680880,-161.99932861328125
1681216,-154.48434448242188
1681344,-85.96772003173828
1681456,-154.13082885742188
1681680,-161.0067596435547
1682080,-155.8979034423828
1683616,-110.42835998535156
1683888,-167.41934204101562
1685616,-160.611328125
1685904,-151.20448303222656
1687200,-167.9689483642578
1688416,-102.84484100341797
1688528,-34.48789978027344
1689264,-151.20448303222656
1690704,-67.66153717041016
1690896,-153.99964904785156
1691248,-96.31385803222656
1691408,-155.37933349609375
1693040,-158.97708129882812
1694464,-159.18609619140625
1694928,-148.7409210205078
1694928,-100.23432922363281
1697264,-141.59043884277344
1697376,-150.13031005859375
1698016,-162.1630859375
1698048,-84.97086334228516
1699184,-161.59933471679688
1699376,-159.3937225341797
1700064,-155.19859313964844
1700576,-150.40188598632812
1700784,-157.97021484375
1700800,-158.5548553466797
1701488,-136.8079071044922
1701600,-133.00909423828125
1702176,-159.18609619140625
1702224,-156.8079071044922
1702368,-157.03150939941406
1705984,-60.712501525878906
1706928,-81.23045349121094
1707312,-154.24285888671875
1707776,-81.94659423828125
1710192,-154.72412109375
1711360,-98.16301727294922
1711456,-90.11746215820312
1711488,-112.96131134033203
1712016,-153.99964904785156
1713024,-153.75466918945312
1714112,-161.2025604248047
1714496,-55.59394073486328
1715680,-159.80491638183594
1716528,-162.5388641357422
1716608,-147.59019470214844
1717808,-160.5755157470703
1718720,-149.58091735839844
1720096,-102.55787658691406
1720112,-71.58283996582031
1721360,-162.78359985351562
1723280,-66.81509399414062
1723360,-65.8788070678711
1723696,-145.79478454589844
1724656,-156.8079071044922
1725104,-163.27647399902344
1725456,-161.8000030517578
1726960,-159.7310333251953
1727744,-159.18609619140625
1727808,-81.75494384765625
1728528,-157.69322204589844
1728576,-152.24705505371094
1729392,-164.3492431640625
1729856,-161.7825469970703
1731168,-157.03150939941406
1731312,-99.58612060546875
1731488,-158.34161376953125
1732928,-108.63310241699219
1733296,-137.03150939941406
1734912,-153.75466918945312
1735648,-156.1065673828125
1738624,-164.5242462158203
1739552,-138.5548553466797
1740000,-154.96218872070312
1741968,-153.87547302246094
1746528,-159.9443359375
1746688,-160.78305053710938
1747456,-157.69322204589844
1747696,-154.96218872070312
1748368,-156.8079071044922
1750752,-158.76666259765625
1751200,-79.73381042480469
1751680,-120.90489196777344
1751840,-149.58091735839844
1752816,-153.75466918945312
1752928,-156.35604858398438
1753056,-153.25941467285156
1753184,-150.93894958496094
1753536,-67.4614028930664
1753696,-161.7825469970703
1754096,-161.8000030517578
1758160,-163.3584442138672
1758240,-160.5755157470703
1758288,-158.4197235107422
1761920,-157.9108123779297
1762384,-165.19859313964844
1763392,-87.06666564941406
1764000,-110.55796813964844
1764032,-171.2025604248047
1764672,-158.97708129882812
1766608,-157.03150939941406
1768032,-153.50794982910156
1768352,-164.24285888671875
1770368,-152.24705505371094
1770928,-157.9108123779297
1771376,-163.8177947998047
1772256,-159.3937225341797
1772272,-156.58261108398438
1772816,-78.99649047851562
1773600,-161.59933471679688
1774384,-160.0084991455078
1774928,-158.12693786621094
1775200,-150.93894958496094
1775248,-155.19859313964844
1775600,-157.03150939941406
1777040,-156.8079071044922
1778576,-155.8979034423828
1779808,-152.75692749023438
1779824,-156.1065673828125
1780816,-158.76666259765625
1782832,-155.53334045410156
1782928,-163.0937957763672
1783264,-155.8979034423828
1784096,-152.75692749023438
1784144,-155.8979034423828
1784400,-163.92218017578125
1784864,-155.8979034423828
1785376,-156.35604858398438
1786048,-162.35157775878906
1787408,-157.2535858154297
1790800,-78.22949981689453
1791280,-156.35604858398438
1791632,-154.72412109375
1792048,-162.90997314453125
1792592,-159.80491638183594
1792768,-69.36692810058594
1794624,-139.3000030517578
1795168,-154.24285888671875
1796064,-92.78461456298828
1796736,-157.47415161132812
1799088,-132.65835571289062
1801184,-163.92218017578125
1801424,-154.48434448242188
1801568,-158.34161376953125
1801744,-83.87127685546875
1801824,-104.706787109375
1801920,-162.5388641357422
1803440,-117.32807159423828
1803488,-101.174072265625
1803520,-162.39405822753906
1803856,-156.35604858398438
1805104,-161.19393920898438
1805632,-155.19859313964844
1806000,-95.70963287353516
1806064,-156.35604858398438
1806512,-71.4117660522461
1808800,-92.71514892578125
1808976,-161.97341918945312
1810016,-149.58091735839844
1812112,-163.0937957763672
1812928,-159.18609619140625
1814240,-166.05279541015625
1814368,-154.6358184814453
1814624,-160.21075439453125
1816352,-159.3937225341797
1816592,-154.48434448242188
1816592,-154.24285888671875
1816800,-58.64838790893555
1818080,-155.43333435058594
1818912,-161.2025604248047
1819264,-150.13031005859375
1820256,-152.75692749023438
1821376,-140.611328125
1822016,-158.5548553466797
1822928,-161.0067596435547
1824112,-155.37933349609375
1824400,-157.69322204589844
1824480,-155.43333435058594
1824976,-157.28387451171875
1825200,-115.38571166992188
1827952,-161.2025604248047
1829680,-77.02222442626953
1830128,-157.28387451171875
1830800,-156.12777709960938
1830976,-137.2535858154297
1831312,-153.75466918945312
1831344,-161.19393920898438
1831472,-118.47380065917969
1831888,-160.80967712402344
1833424,-163.63845825195312
1834000,-156.35604858398438
1835024,-159.60000610351562
1836240,-158.5548553466797
1836384,-147.59019470214844
1836720,-157.9108123779297
1837680,-159.18609619140625
1837808,-155.8979034423828
1838224,-155.19859313964844
1838560,-157.0518035888672
1839392,-163.3584442138672
1840336,-158.5548553466797
1840832,-166.2176513671875
1841536,-161.59043884277344
1841856,-162.35157775878906
1843056,-163.8177947998047
1843936,-152.24705505371094
1843968,-161.59043884277344
1843984,-156.12777709960938
1844144,-153.00909423828125
1844608,-66.92432403564453
1844896,-154.48434448242188
1846048,-156.582763671875
1846096,-156.582763671875
1846928,-147.29684448242188
1846944,-77.60848999023438
1847088,-154.48434448242188
1847280,-161.7825469970703
1849872,-153.25941467285156
1850320,-153.50794982910156
1850480,-152.75692749023438
1850528,-135.43333435058594
1851488,-153.75466918945312
1852432,-163.63845825195312
1852736,-160.21075439453125
1854160,-160.15615844726562
1854496,-157.47415161132812
1854848,-155.8979034423828
1856256,-156.58261108398438
1856880,-92.36165618896484
1857664,-166.5852813720703
1858176,-153.50794982910156
1858304,-80.54827880859375
1859248,-153.75466918945312
1860064,-82.34685516357422
1860704,-69.96666717529297
1862160,-158.64210510253906
1862816,-168.1227264404297
1862944,-157.03150939941406
1864912,-154.13082885742188
1865120,-160.41168212890625
1865264,-167.08876037597656
1865760,-71.5352554321289
1867024,-150.93894958496094
1867392,-154.72412109375
1869760,-152.75692749023438
1869872,-159.7310333251953
1870592,-161.7825469970703
1871440,-156.8079071044922
1871760,-161.7825469970703
1871856,-157.0518035888672
1872064,-173.3589324951172
1873040,-159.51626586914062
1874032,-165.19622802734375
1874928,-158.5548553466797
1876016,-66.35454559326172
1876080,-159.60000610351562
1876912,-161.19393920898438
1877008,-151.72962951660156
1877536,-158.76666259765625
1878240,-158.4197235107422
1878384,-160.78305053710938
1878624,-162.1630859375
1880048,-163.73548889160156
1880288,-159.60000610351562
1881408,-127.2968521118164
1881424,-107.98148345947266
1881744,-143.5876007080078
1883872,-51.08386993408203
1884272,-159.60000610351562
1884704,-154.24285888671875
1884944,-152.75692749023438
1885264,-164.1731719970703
1886448,-103.6656723022461
1886576,-151.72962951660156
1887824,-154.24285888671875
1888000,-75.34329223632812
1890224,-167.6587371826172
1891120,-85.5178451538086
1891392,-160.21075439453125
1892768,-158.5548553466797
1893808,-66.2312240600586
1896992,-160.0084991455078
1897216,-165.04293823242188
1897440,-158.12693786621094
1897952,-161.0067596435547
1898448,-157.47415161132812
1898848,-163.45802307128906
1899376,-77.27943420410156
1901040,-163.27647399902344
1902192,-86.94285583496094
1903184,-162.78359985351562
1903312,-158.76666259765625
1904688,-155.86593627929688
1905248,-162.5894775390625
1906000,-156.345458984375
1906864,-86.03758239746094
1907296,-157.69322204589844
1908480,-118.02542114257812
1909504,-158.86293029785156
1909632,-155.43333435058594
1911744,-160.41168212890625
1912736,-159.3937225341797
1913200,-158.12693786621094
1913472,-153.75466918945312
1913520,-158.76666259765625
1914688,-156.8079071044922
1915616,-158.86293029785156
1916240,-159.18609619140625
1916544,-166.07244873046875
1917104,-63.762264251708984
1917456,-156.582763671875
1918016,-165.04293823242188
1919360,-164.87107849121094
1920000,-156.582763671875
1920032,-156.12777709960938
1920048,-161.0067596435547
1920768,-161.97341918945312
1921616,-161.39712524414062
1921968,-149.8000030517578
1922304,-165.19622802734375
1923664,-56.99815368652344
1924080,-157.5741424560547
1926128,-75.37813568115234
1926160,-155.19859313964844
1926512,-163.0937957763672
1928272,-154.48434448242188
1928304,-159.60000610351562
1929536,-159.0822296142578
1930000,-154.24285888671875
1930864,-160.611328125
1932096,-159.7310333251953
1932448,-160.15615844726562
1932880,-148.3306121826172
1934208,-165.55238342285156
1934432,-81.27796936035156
1934560,-160.21075439453125
1934688,-167.34495544433594
1935360,-82.47142791748047
1936544,-160.0084991455078
1936784,-158.64210510253906
1937056,-152.5029296875
1937104,-162.1630859375
1938432,-153.99964904785156
1939232,-155.43333435058594
1941584,-105.0287857055664
1942144,-150.93894958496094
1942640,-154.96218872070312
1943152,-118.83356475830078
1943648,-154.6358184814453
1943824,-157.9108123779297
1944544,-94.03157806396484
1944752,-171.59043884277344
1945248,-165.89938354492188
1946064,-158.34161376953125
1946064,-149.0230712890625
1946160,-82.84358978271484
1946368,-67.84586334228516
1946656,-132.24705505371094
1948128,-166.41539001464844
1948272,-157.03150939941406
1948960,-155.6664276123047
1949424,-141.99932861328125
1950016,-162.72500610351562
1951536,-153.25941467285156
1951568,-158.34161376953125
1952400,-151.46803283691406
1952432,-161.7825469970703
1953024,-102.0177230834961
1953648,-153.99964904785156
1954432,-164.1731719970703
1954816,-157.03150939941406
1955376,-169.17520141601562
1955488,-159.18609619140625
1955760,-163.63845825195312
1956416,-141.59043884277344
1957600,-154.72412109375
1959376,-77.27943420410156
1959696,-156.345458984375
1960208,-159.3937225341797
1960640,-155.43333435058594
1960768,-157.03150939941406
1961152,-160.21075439453125
1961696,-99.19486999511719
1962320,-164.69818115234375
1963104,-156.8079071044922
1965616,-154.72412109375
1965872,-153.75466918945312
1966960,-161.59043884277344
1967088,-156.35604858398438
1967840,-64.94100952148438
1968496,-156.8079071044922
1968784,-80.36488342285156
1969072,-153.50794982910156
1969200,-149.85665893554688
1969248,-154.13082885742188
1970432,-158.12693786621094
1971872,-149.58091735839844
1972224,-109.28388214111328
1972352,-155.8979034423828
1972976,-93.91986846923828
1973168,-162.19735717773438
1973472,-107.5408935546875
1973968,-158.1957550048828
1974320,-148.02951049804688
1974464,-164.69818115234375
1975232,-101.38420867919922
1975280,-143.26182556152344
1976944,-156.12777709960938
1977216,-153.99964904785156
1977696,-159.80491638183594
1977728,-154.24285888671875
1979328,-152.5029296875
1979792,-158.86293029785156
1979840,-159.7310333251953
1980304,-74.33501434326172
1981552,-160.41168212890625
1984400,-158.97708129882812
1984496,-157.74305725097656
1984976,-166.9219512939453
1986784,-90.07320404052734
1987328,-164.5242462158203
1987552,-162.90997314453125
1987616,-159.3937225341797
1987744,-153.3589324951172
1989856,-156.582763671875
1991104,-156.35604858398438
1991296,-161.59043884277344
1991296,-79.11506652832031
1992288,-159.51626586914062
1993136,-77.02608489990234
1993408,-158.97708129882812
1993744,-83.93333435058594
1993808,-98.72352600097656
1994256,-92.72834777832031
1995504,-141.8000030517578
1996192,-164.1731719970703
1996560,-111.4153823852539
1996944,-151.72962951660156
1997216,-114.21929931640625
1997616,-137.69322204589844
1998016,-153.50794982910156
1998240,-76.47272491455078
1999232,-91.49507904052734
2000352,-161.0067596435547
2001440,-160.0084991455078
2001840,-159.60000610351562
2003680,-157.03150939941406
2003952,-156.582763671875
2004128,-81.24359130859375
2004304,-154.96218872070312
2004736,-113.38762664794922
2006144,-149.85665893554688
2006416,-166.86744689941406
2006736,-79.90111541748047
2006800,-159.60000610351562
2011520,-84.0311279296875
2012304,-165.55238342285156
2013376,-99.58612060546875
2014208,-89.59832763671875
2015552,-162.72500610351562
2015808,-148.7409210205078
2017120,-75.37813568115234
2017344,-159.60000610351562
2018208,-70.26712036132812
2018432,-163.9960174560547
2018864,-89.6138687133789
2020272,-67.44113159179688
2020320,-159.3937225341797
2022560,-48.733333587646484
2022704,-155.6664276123047
2023216,-160.0084991455078
2024240,-178.54556274414062
2024672,-145.79478454589844
2026944,-74.33501434326172
2027120,-162.19735717773438
2027632,-156.35604858398438
2027664,-118.60327911376953
2029152,-57.402835845947266
2029344,-67.23584747314453
2030208,-153.25941467285156
2030448,-147.00119018554688
2031360,-146.7031707763672
2032544,-174.47515869140625
2033264,-146.7031707763672
2035360,-165.19622802734375
2036736,-121.36869049072266
2037328,-161.0067596435547
2038768,-163.0937957763672
2039568,-138.34161376953125
2039936,-158.34161376953125
2039968,-163.45802307128906
2040256,-158.5548553466797
2040320,-155.43333435058594
2040496,-138.97708129882812
2041408,-162.90997314453125
2042048,-152.5029296875
2042368,-153.99964904785156
2042608,-156.35604858398438
2044464,-156.345458984375
2044864,-154.96218872070312
2045104,-161.97341918945312
2045408,-155.43333435058594
2046816,-155.8979034423828
2047168,-157.2535858154297
2047936,-151.20448303222656
2048688,-154.24285888671875
2049136,-166.86744689941406
2049312,-156.35604858398438
2049568,-170.66363525390625
2050128,-154.72412109375
2051088,-70.6583023071289
2051776,-157.69322204589844
2052240,-161.0067596435547
2053168,-159.80491638183594
2053680,-160.21075439453125
2054336,-157.74305725097656
2054800,-105.66609954833984
2055648,-138.5548553466797
2056480,-154.96218872070312
2056592,-158.34161376953125
2056912,-158.76666259765625
2057568,-110.97653198242188
2058112,-154.72412109375
2058960,-157.2535858154297
2059888,-94.2874984741211
2061872,-166.05279541015625
2061984,-108.63310241699219
2062144,-106.19924926757812
2063072,-117.70838928222656
2064096,-158.5548553466797
2064480,-160.21075439453125
2065296,-150.13031005859375
2066256,-159.0822296142578
2066464,-82.70613098144531
2066720,-150.40188598632812
2068352,-166.41539001464844
2068736,-101.60200500488281
2069504,-158.1957550048828
2069888,-102.73985290527344
2070272,-155.62353515625
2070672,-96.31385803222656
2070848,-158.97708129882812
2070944,-160.0084991455078
2073264,-154.48434448242188
2074688,-150.13031005859375
2075072,-152.75692749023438
2076384,-81.6492919921875
2076736,-162.97647094726562
2077728,-152.75692749023438
2077728,-167.69322204589844
2078224,-164.29200744628906
2078736,-110.16560363769531
2079744,-155.8979034423828
2079888,-164.3492431640625
2080320,-149.30307006835938
2081536,-157.9108123779297
2081712,-157.2535858154297
2081856,-138.12693786621094
2082736,-99.23619842529297
2083632,-160.15615844726562
2084096,-154.24285888671875
2084240,-156.345458984375
2085952,-87.95777130126953
2088080,-155.8979034423828
2088464,-159.80491638183594
2090896,-154.48434448242188
2092064,-156.58261108398438
2092480,-157.0518035888672
2094752,-77.27943420410156
2095344,-159.3000030517578
2096288,-157.69322204589844
2097072,-110.42835998535156
2097824,-79.64109802246094
2098480,-71.30819702148438
2098720,-150.93894958496094
2100176,-155.86593627929688
2101152,-147.00119018554688
2101728,-159.60000610351562
2102384,-88.5520248413086
2103632,-163.0937957763672
2103840,-156.582763671875
2105296,-156.35604858398438
2106800,-149.58091735839844
2107648,-156.12777709960938
2107648,-77.59349822998047
2107856,-161.97341918945312
2108544,-170.37142944335938
2110544,-93.92857360839844
2111440,-157.69322204589844
2112320,-165.01766967773438
2113216,-168.57887268066406
2114016,-162.90997314453125
2114176,-161.39712524414062
2114976,-154.48434448242188
2115312,-154.885498046875
2116384,-153.00909423828125
2117056,-164.29200744628906
2118768,-99.12857055664062
2119200,-159.3937225341797
2119280,-149.58091735839844
2120672,-134.48434448242188
2120880,-155.6664276123047
2121280,-161.39712524414062
2121456,-154.24285888671875
2122288,-158.5548553466797
2122784,-159.60000610351562
2122864,-161.19393920898438
2123104,-155.43333435058594
2125504,-134.72412109375
2125584,-158.34161376953125
2126496,-165.37367248535156
2126784,-85.74285888671875
2127088,-163.45802307128906
2128496,-156.12777709960938
2128608,-147.29684448242188
2128992,-166.5852813720703
2129888,-159.9443359375
2130864,-69.86984252929688
2131424,-161.8000030517578
2131552,-161.2025604248047
2131824,-153.75466918945312
2132000,-135.6664276123047
2133776,-159.3000030517578
2133920,-160.15615844726562
2134336,-91.33636474609375
2135312,-157.9108123779297
2136192,-166.38153076171875
2136448,-150.13031005859375
2137248,-162.5894775390625
2138480,-160.41168212890625
2139392,-157.28387451171875
2139504,-156.35604858398438
2139872,-151.9893035888672
2141616,-151.72962951660156
2141744,-137.69322204589844
2142384,-159.60000610351562
2143552,-158.5548553466797
2145408,-101.76956176757812
2145744,-71.8966293334961
2145968,-159.3937225341797
2146992,-161.39712524414062
2147824,-151.9893035888672
2147952,-160.80967712402344
2149072,-156.35604858398438
2152640,-156.8079071044922
2152640,-80.73605346679688
2153104,-159.3937225341797
2155184,-161.2025604248047
2155216,-159.18609619140625
2155424,-153.99964904785156
2157296,-160.0084991455078
2157328,-166.05279541015625
2157632,-161.2025604248047
2158496,-156.582763671875
2159376,-89.67261505126953
2160512,-60.20866012573242
2160544,-165.01766967773438
2160592,-157.0518035888672
2161712,-104.57777404785156
2161984,-93.87100219726562
2162192,-159.80491638183594
2164096,-153.25941467285156
2165776,-165.38357543945312
2166192,-91.61370086669922
2166864,-152.75692749023438
2167136,-156.582763671875
2167888,-168.275634765625
2168304,-151.72962951660156
2168512,-153.50794982910156
2168672,-160.611328125
2170368,-154.48434448242188
2170592,-157.2535858154297
2171200,-156.81805419921875
2171328,-154.38426208496094
2172624,-131.20448303222656
2172816,-89.95897674560547
2173520,-49.5430908203125
2175136,-101.72013854980469
2175168,-86.64286041259766
2175536,-163.16807556152344
2176656,-156.8079071044922
2177376,-154.24285888671875
2177616,-158.76666259765625
2179152,-162.72500610351562
2179344,-60.44887161254883
2179344,-158.4197235107422
2179728,-165.04293823242188
2179968,-153.99964904785156
2181056,-160.80967712402344
2181152,-160.80967712402344
2182560,-165.04293823242188
2183456,-163.16807556152344
2184672,-158.76666259765625
2185664,-164.29200744628906
2187408,-156.35604858398438
2187808,-73.12727355957031
2187984,-157.9108123779297
2188688,-152.5029296875
2190640,-157.0518035888672
2191632,-150.13031005859375
2191984,-160.78305053710938
2192032,-162.90997314453125
2193360,-154.48434448242188
2193680,-167.08876037597656
2194096,-162.72500610351562
2194176,-154.6358184814453
2194400,-163.27647399902344
2195120,-85.91532897949219
2196192,-160.15615844726562
2196512,-153.99964904785156
2197232,-153.99964904785156
2199456,-157.47415161132812
2199680,-165.19622802734375
2200416,-153.99964904785156
2200752,-159.18609619140625
2202112,-157.28387451171875
2202320,-151.72962951660156
2202528,-151.72962951660156
2202928,-165.55238342285156
2202928,-163.45802307128906
2203296,-161.97341918945312
2204448,-51.84497833251953
2204640,-153.99964904785156
2205920,-151.72962951660156
2206560,-156.8079071044922
2207136,-164.6571502685547
2209232,-168.38754272460938
2209632,-166.8079071044922
2210128,-163.75466918945312
2210784,-156.12777709960938
2212896,-138.97708129882812
2213808,-160.80967712402344
2213808,-152.5029296875
2214128,-107.95604705810547
2215072,-157.03150939941406
2215920,-158.76666259765625
2216240,-159.90492248535156
2216768,-158.97708129882812
2216832,-98.00082397460938
2217936,-157.47415161132812
2218016,-157.0518035888672
2219216,-157.47415161132812
2219536,-105.3226547241211
2219744,-160.98919677734375
2221760,-161.0067596435547
2222544,-150.80967712402344
2222560,-92.5857162475586
2223872,-154.24285888671875
2223952,-165.19622802734375
2224464,-163.19378662109375
2224768,-165.21377563476562
2226432,-151.20448303222656
2226576,-107.47882843017578
2226928,-158.64210510253906
2227632,-165.55238342285156
2228080,-166.41539001464844
2228576,-141.24893188476562
2229728,-156.8079071044922
2229744,-157.2535858154297
2230256,-154.38426208496094
2230288,-153.99964904785156
2230656,-155.19859313964844
2231984,-158.76666259765625
2232784,-162.39405822753906
2232912,-162.5388641357422
2234896,-158.97708129882812
2236208,-158.5548553466797
2236496,-171.19393920898438
2237136,-155.43333435058594
2238160,-152.75692749023438
2239600,-158.76666259765625
2239952,-163.45802307128906
2241504,-160.5755157470703
2241984,-94.03157806396484
2242768,-47.0434455871582
2242832,-158.34161376953125
2243120,-165.88697814941406
2243728,-89.19999694824219
2244352,-156.582763671875
2246016,-156.35604858398438
2246288,-160.611328125
2246368,-159.18609619140625
2247184,-162.6388702392578
2247280,-90.96295928955078
2247888,-75.38275909423828
2247952,-155.8979034423828
2248304,-156.582763671875
2248400,-155.43333435058594
2248576,-162.1630859375
2249200,-153.25941467285156
2250064,-159.80491638183594
2250240,-82.14615631103516
2251760,-155.62353515625
2252688,-93.19676208496094
2253536,-152.5029296875
2253920,-78.53103637695312
2254592,-156.8079071044922
2254912,-159.3937225341797
2256704,-152.5029296875
2256880,-152.75692749023438
2257792,-160.21075439453125
2258096,-163.9960174560547
2258096,-158.2269287109375
2259136,-146.4027862548828
2260208,-144.86422729492188
2261408,-157.47415161132812
2261920,-156.35604858398438
2263264,-151.9893035888672
2263408,-155.6664276123047
2264064,-160.78305053710938
2264112,-159.3000030517578
2264592,-151.21176147460938
2265472,-161.2025604248047
2265744,-151.20448303222656
2266144,-157.9108123779297
2267904,-158.12693786621094
2269696,-156.35604858398438
2270000,-163.16807556152344
2270400,-153.99964904785156
2271216,-158.12693786621094
2271840,-164.47515869140625
2272112,-157.2535858154297
2272224,-157.97021484375
2273056,-134.72412109375
2274224,-158.5548553466797
2274608,-165.19622802734375
2275696,-156.8079071044922
2276000,-157.47415161132812
2276336,-154.24285888671875
2276560,-153.50794982910156
2276704,-156.8079071044922
2276848,-159.80491638183594
2277568,-81.83158111572266
2278544,-166.5852813720703
2280528,-157.9108123779297
2280928,-157.9108123779297
2282192,-160.80967712402344
2282336,-159.60000610351562
2286048,-140.611328125
2286560,-158.76666259765625
2286864,-149.58091735839844
2287152,-102.84484100341797
2287408,-161.39730834960938
2288096,-150.6714324951172
2288976,-151.9893035888672
2289504,-160.80967712402344
2290272,-156.12777709960938
2290320,-161.2025604248047
2290736,-167.5831298828125
2291568,-148.7409210205078
2291584,-104.36259460449219
2293696,-157.47415161132812
2294304,-149.0230712890625
2294768,-160.36654663085938
2297888,-159.51626586914062
2298000,-89.91694641113281
2298240,-157.74305725097656
2298256,-43.81880187988281
2298816,-80.19444274902344
2299456,-151.72962951660156
2300560,-151.20448303222656
2300672,-153.25941467285156
2301840,-95.34706115722656
2302048,-87.03605651855469
2302368,-159.3937225341797
2302752,-73.13636016845703
2302992,-159.80491638183594
2309088,-158.76666259765625
2309136,-164.24285888671875
2309680,-159.9443359375
2309888,-101.96501922607422
2311248,-162.5388641357422
2313568,-149.30307006835938
2315856,-90.11817932128906
2317776,-167.03150939941406
2318624,-80.6474609375
2319520,-161.0067596435547
2320752,-152.75692749023438
2321728,-137.69322204589844
2323536,-86.82711791992188
2323936,-65.07582092285156
2324096,-156.12777709960938
2324928,-159.3937225341797
2326368,-161.99932861328125
2328176,-158.5548553466797
2328320,-152.5029296875
2328560,-161.97341918945312
2328560,-157.69322204589844
2329152,-150.93894958496094
2330416,-152.56922912597656
2331296,-155.43333435058594
2332528,-160.0084991455078
2333680,-160.21075439453125
2334080,-163.16807556152344
2334896,-159.80491638183594
2335040,-99.76896667480469
2339568,-161.2025604248047
2341264,-66.00189971923828
2341520,-162.19735717773438
2341792,-158.34161376953125
2343376,-157.35357666015625
2343824,-101.38420867919922
2344096,-158.76666259765625
2346016,-163.8177947998047
2346880,-113.85970306396484
2347488,-161.39712524414062
2347504,-158.97708129882812
2347840,-160.21075439453125
2348224,-156.12777709960938
2348416,-91.349853515625
2349056,-153.50794982910156
2349904,-159.3937225341797
2350080,-159.18609619140625
2350416,-169.62608337402344
2350704,-112.6209945678711
2351888,-156.8079071044922
2352432,-165.19622802734375
2353824,-153.99964904785156
2354128,-157.2535858154297
2355312,-157.9108123779297
2355600,-154.96218872070312
2357696,-120.0038833618164
2358352,-154.48434448242188
2359392,-163.63845825195312
2359728,-161.39730834960938
2359824,-161.2025604248047
2360464,-159.60000610351562
2361840,-157.69322204589844
2361904,-154.24285888671875
2363296,-93.06867980957031
2365296,-155.8979034423828
2365968,-152.56922912597656
2366192,-154.96218872070312
2366496,-75.35384368896484
2367104,-165.37367248535156
2367168,-170.2240753173828
2368256,-161.0067596435547
2368336,-162.1630859375
2368512,-160.21075439453125
2369280,-138.5548553466797
2369376,-160.80967712402344
2370240,-72.5810775756836
2370352,-153.61817932128906
2370624,-154.48434448242188
2371808,-80.5255355834961
2372800,-161.2025604248047
2372864,-152.0762481689453
2374016,-159.9443359375
2374896,-168.54556274414062
2375552,-148.7409210205078
2376944,-157.2535858154297
2377008,-161.97341918945312
2377296,-80.58963775634766
2378128,-160.15615844726562
2380064,-142.6020965576172
2381168,-155.19859313964844
2382144,-161.59933471679688
2385472,-154.96218872070312
2385712,-88.3208999633789
2386544,-113.39348602294922
2387392,-156.35604858398438
2387504,-153.99964904785156
2387616,-154.72412109375
2388480,-73.21636962890625
2388512,-160.41168212890625
2388672,-159.3000030517578
2389936,-156.12777709960938
2392352,-85.5178451538086
2392592,-166.75413513183594
2392624,-102.55787658691406
2392880,-155.43333435058594
2392880,-160.15615844726562
2393456,-98.46676635742188
2394736,-151.72962951660156
2394992,-150.40188598632812
2396032,-158.34161376953125
2396944,-161.59933471679688
2397840,-79.91385650634766
2399040,-159.0822296142578
2399216,-154.72412109375
2399312,-72.81511688232422
2399760,-161.2025604248047
2400096,-164.29200744628906
2400144,-163.73548889160156
2401152,-157.9108123779297
2402288,-152.24705505371094
2402352,-156.582763671875
2403712,-112.12940979003906
2403904,-60.743858337402344
2404320,-159.60000610351562
2405552,-157.69322204589844
2405600,-168.275634765625
2405728,-159.80491638183594
2405824,-154.48434448242188
2406496,-152.3019256591797
2407184,-108.21887969970703
2409776,-161.59043884277344
2410320,-156.582763671875
2410592,-101.21146392822266
2411312,-156.12777709960938
2412224,-163.63845825195312
2412416,-159.18609619140625
2414112,-168.72921752929688
2415008,-157.9108123779297
2415136,-139.8489227294922
2416816,-151.72962951660156
2418224,-157.9108123779297
2418336,-129.85665893554688
2418592,-131.72962951660156
2418640,-165.88697814941406
2419584,-162.72500610351562
2420480,-155.8979034423828
2420496,-161.0067596435547
2421776,-163.16807556152344
2422960,-153.25941467285156
2424976,-89.44422149658203
2425072,-141.59043884277344
2425984,-152.5029296875
2426112,-161.39730834960938
2426576,-88.07859802246094
2426672,-152.75692749023438
2427184,-160.98919677734375
2427264,-111.01052856445312
2427344,-168.54556274414062
2427856,-102.28106689453125
2429632,-155.19859313964844
2429712,-164.3492431640625
2430144,-164.5242462158203
2431312,-154.72412109375
2433424,-152.24705505371094
2433936,-157.9108123779297
2434176,-160.78305053710938
2434544,-161.2025604248047
2434592,-146.7031707763672
2435712,-158.12693786621094
2435888,-165.72523498535156
2436528,-103.98866271972656
2437136,-159.60000610351562
2437424,-157.9108123779297
2437968,-162.78359985351562
2438144,-155.19859313964844
2439600,-156.1065673828125
2440080,-152.24705505371094
2440400,-57.5
2441088,-163.27647399902344
2442848,-73.14983367919922
2442864,-150.40188598632812
2444304,-154.96218872070312
2446192,-158.7409210205078
2446368,-142.26806640625
2446496,-163.73548889160156
2446736,-157.2535858154297
2446816,-156.35604858398438
2446848,-96.21391296386719
2447072,-155.8979034423828
2448848,-139.60000610351562
2449584,-92.6873779296875
2450528,-157.2535858154297
2451008,-77.02608489990234
2451040,-156.35604858398438
2451632,-159.9443359375
2451776,-152.5029296875
2455632,-94.8724365234375
2455808,-159.51626586914062
2460016,-88.96826171875
2460032,-155.19859313964844
2460448,-166.8079071044922
2461600,-160.0084991455078
2461968,-167.8142852783203
2462752,-90.43636322021484
2463104,-79.6742172241211
2463216,-156.8079071044922
2464272,-164.6571502685547
2464304,-160.80967712402344
2464480,-157.9108123779297
2465120,-90.22815704345703
2465200,-152.83448791503906
2466832,-157.69322204589844
2467472,-102.5762710571289
2469104,-159.18609619140625
2469744,-120.2979507446289
2470176,-157.9108123779297
2471760,-156.1065673828125
2473456,-158.34161376953125
2474624,-157.97021484375
2475024,-165.04293823242188
2475984,-158.97708129882812
2476976,-154.24285888671875
2477360,-162.35157775878906
2477568,-156.35604858398438
2478432,-90.96295928955078
2478496,-59.01824951171875
2478768,-163.3584442138672
2481200,-152.5029296875
2481344,-161.7825469970703
2481904,-160.80967712402344
2481952,-146.7031707763672
2482688,-155.8979034423828
2482736,-154.96218872070312
2483056,-157.47415161132812
2483744,-85.68729400634766
2484048,-158.86293029785156
2484368,-95.74591064453125
2485120,-100.23432922363281
2485344,-157.9108123779297
2485680,-104.76099395751953
2486880,-153.99964904785156
2488528,-98.72987365722656
2488928,-155.43333435058594
2488976,-162.78359985351562
2489376,-153.50794982910156
2489552,-155.6664276123047
2489616,-155.37933349609375
2490544,-160.80967712402344
2491664,-160.611328125
2491664,-158.76666259765625
2492016,-151.72962951660156
2492128,-79.64109802246094
2492448,-155.86593627929688
2493056,-163.0937957763672
2493456,-154.24285888671875
2495888,-155.19859313964844
2496352,-158.76666259765625
2496944,-99.51587677001953
2497136,-161.2025604248047
2499248,-162.90997314453125
2499792,-156.582763671875
2500480,-62.5692024230957
2501232,-154.72412109375
2501360,-155.19859313964844
2501904,-160.80967712402344
2502320,-155.86593627929688
2502608,-76.21683502197266
2502752,-159.80491638183594
2502816,-93.87100219726562
2503472,-156.12777709960938
2503584,-158.97708129882812
2504304,-157.03150939941406
2505440,-163.00909423828125
2505552,-151.20448303222656
2507040,-157.69322204589844
2507696,-156.582763671875
2508400,-154.24285888671875
2508480,-161.7825469970703
2509248,-160.80967712402344
2509808,-152.24705505371094
2510288,-81.59088134765625
2510320,-137.5142822265625
2511216,-161.19393920898438
2511712,-154.24285888671875
2512704,-155.6664276123047
2513584,-84.7151107788086
2513808,-152.3019256591797
2514960,-150.93894958496094
2516432,-163.45802307128906
2517264,-59.13282012939453
2520320,-158.12693786621094
2520912,-153.50794982910156
2521264,-157.74305725097656
2522144,-160.41168212890625
2522432,-153.00909423828125
2522672,-71.64982604980469
2522928,-163.0937957763672
2524304,-183.50665283203125
2526784,-165.5500030517578
2526816,-75.29742431640625
2527808,-161.59043884277344
2529456,-111.57096862792969
2529616,-163.9960174560547
2530992,-161.0067596435547
2531024,-165.89938354492188
2531376,-164.10769653320312
2531456,-156.582763671875
2531552,-160.36654663085938
2531728,-156.35604858398438
2531984,-114.5892105102539
2533568,-153.50794982910156
2534048,-153.99964904785156
2534080,-162.78359985351562
2534816,-138.34161376953125
2535584,-156.582763671875
2538096,-69.16666412353516
2540768,-155.19859313964844
2541136,-154.72412109375
2541616,-157.69322204589844
2542368,-158.4197235107422
2542400,-151.46803283691406
2544512,-33.32857131958008
2544640,-157.47415161132812
2546608,-150.65374755859375
2546752,-156.582763671875
2547008,-79.80908966064453
2547888,-158.76666259765625
2548352,-155.43333435058594
2548720,-152.75692749023438
2550464,-149.58091735839844
2550944,-157.47415161132812
2551088,-158.4197235107422
2551216,-156.345458984375
2554064,-174.1731719970703
2555424,-154.24285888671875
2555536,-90.81787109375
2555712,-73.00646209716797
2557008,-155.6664276123047
2557008,-152.5029296875
2557024,-171.0957794189453
2557584,-160.80967712402344
2558288,-152.5029296875
2559696,-156.8079071044922
2561232,-160.611328125
2561456,-66.35482788085938
2561520,-61.53125
2562032,-156.12777709960938
2562752,-154.24285888671875
2562864,-70.08149719238281
2564144,-149.85665893554688
2565664,-90.29541778564453
2569136,-164.10769653320312
2569856,-156.345458984375
2570576,-82.85853576660156
2572560,-157.0518035888672
2572832,-161.59043884277344
2573296,-152.75692749023438
2573712,-140.21075439453125
2574064,-153.75466918945312
2575328,91.37017822265625
2576096,-169.16842651367188
2577440,-152.75692749023438
2578352,-154.24285888671875
2578368,-154.96218872070312
2578896,-155.43333435058594
2579136,-159.4937286376953
2580464,-131.46803283691406
2581648,-165.72523498535156
2581904,-108.41881561279297
2582416,-160.41168212890625
2583120,-160.41168212890625
2583168,-163.73548889160156
2583888,-151.46803283691406
2584512,-163.92218017578125
2588304,-155.6664276123047
2588592,-168.70265197753906
2589728,-161.97341918945312
2590416,-158.97708129882812
2592896,-153.25941467285156
2593600,-158.12693786621094
2593616,-106.53262329101562
2595328,-159.51626586914062
2596720,-155.6664276123047
2596720,-95.38351440429688
2596752,-151.46803283691406
2597792,-155.19859313964844
2598832,-156.58261108398438
2599024,-91.64183044433594
2599040,-102.84484100341797
2599952,-150.40188598632812
2600112,-156.12777709960938
2600128,-150.40188598632812
2602032,-154.885498046875
2603456,-136.582763671875
2604368,-88.07859802246094
2604512,-152.75692749023438
2604848,-152.24705505371094
2605184,-160.41168212890625
2606608,-111.70885467529297
2606960,-153.25941467285156
2608736,-150.6714324951172
2609776,-161.19393920898438
2610832,-159.18609619140625
2610848,-159.51626586914062
2612144,-154.72412109375
2612768,-152.5029296875
2613904,-152.75692749023438
2614080,-163.8177947998047
2615744,-98.00152587890625
2616368,-153.00909423828125
2616880,-165.48358154296875
2617152,-163.16807556152344
2617456,-153.99964904785156
2617504,-167.9689483642578
2617744,-153.99964904785156
2618464,-156.81805419921875
2619088,-165.19622802734375
2619456,-157.03150939941406
2619616,-163.63845825195312
2621088,-165.88697814941406
2621360,-157.97021484375
2622528,-155.8979034423828
2623168,-156.12777709960938
2623472,-151.9893035888672
2624080,-157.2535858154297
2624176,-158.86293029785156
2625264,-161.8000030517578
2625568,-160.98919677734375
2625648,-151.72962951660156
2625776,-158.5548553466797
2626288,-153.00909423828125
2627072,-88.5311279296875
2627680,-161.0067596435547
2628240,-152.5029296875
2629168,-162.5894775390625
2629744,-167.18670654296875
2631856,-149.85665893554688
2631984,-155.6664276123047
2634192,-165.19859313964844
2635680,-154.13082885742188
2635872,-164.69818115234375
2636080,-154.72412109375
2637152,-169.60000610351562
2637872,-163.00909423828125
2639504,-155.13333129882812
2639904,-159.80491638183594
2640096,-159.80491638183594
2640272,-79.19999694824219
2640560,-70.95523834228516
2640656,-160.51168823242188
2642000,-162.5894775390625
2643104,-72.51678466796875
2645824,-165.38357543945312
2646640,-158.97708129882812
2646768,-157.47415161132812
2646848,-161.2025604248047
2647312,-160.21075439453125
2647520,-40.249610900878906
2647824,-157.03150939941406
2648112,-149.58091735839844
2648112,-115.77335357666016
2648336,-156.582763671875
2648512,-157.69322204589844
2648752,-156.12777709960938
2649152,-78.16470336914062
2650208,-164.10769653320312
2650448,-154.48434448242188
2651184,-155.6664276123047
2651344,-162.97647094726562
2652032,-160.78305053710938
2653008,-69.50418090820312
2653296,-158.76666259765625
2653456,-160.21075439453125
2653984,-159.18609619140625
2654144,-156.35604858398438
2654624,-160.41168212890625
2657040,-103.2865219116211
2658208,-159.60000610351562
2658352,-159.3000030517578
2659552,35.38936233520508
2660128,-74.23332977294922
2661776,-162.78359985351562
2663088,-160.41168212890625
2663456,-155.8979034423828
2663760,-166.24444580078125
2663856,-73.96450805664062
2665184,-160.21075439453125
2666016,-165.72018432617188
2666720,-68.7437515258789
2667296,-164.6571502685547
2667632,-79.56083679199219
2668032,-53.46053695678711
2671136,-161.0067596435547
2671504,-158.4197235107422
2671760,-162.5029296875
2672304,-159.4937286376953
2672672,-157.03150939941406
2673424,-111.39208984375
2673616,-157.69322204589844
2673904,-155.8979034423828
2674272,-62.83333206176758
2674416,-157.9108123779297
2675152,-147.29684448242188
2675328,-171.5206756591797
2676704,-154.48434448242188
2676816,-158.4197235107422
2678432,-62.46133804321289
2678624,-152.24705505371094
2678816,-159.0770721435547
2681664,-160.80967712402344
2682640,-159.60000610351562
2682720,-163.27647399902344
2682896,-157.2535858154297
2683040,-135.43333435058594
2683120,-161.2025604248047
2684432,-94.46128845214844
2685040,-93.30038452148438
2685648,-161.0067596435547
2686528,-158.34161376953125
2687120,-158.12693786621094
2687120,-154.24285888671875
2688576,-106.53262329101562
2689376,-154.48434448242188
2689440,-157.03150939941406
2689744,-161.7825469970703
2690128,-164.1731719970703
2690752,-161.2025604248047
2691296,-110.05294036865234
2691552,-155.6664276123047
2691856,-150.6714324951172
2693312,-115.38888549804688
2693440,-157.47415161132812
2695104,-95.38351440429688
2695952,-123.02641296386719
2696176,-159.18609619140625
2697216,-160.80967712402344
2697312,-98.20359802246094
2697344,-156.35604858398438
2697648,-158.97708129882812
2699824,-153.75466918945312
2700032,-154.6358184814453
2700128,-74.83333587646484
2701600,-163.45802307128906
2702096,-158.5548553466797
2702320,-159.3937225341797
2702400,-164.83798217773438
2702480,-89.08421325683594
2702640,-157.9108123779297
2709568,-153.99964904785156
2709632,-9.06103515625
2709776,-151.20448303222656
2711264,-156.8079071044922
2711840,-82.34685516357422
2712896,-153.75466918945312
2713168,-154.48434448242188
2713312,-153.75466918945312
2714512,-158.12693786621094
2714752,-172.35157775878906
2714800,-156.1065673828125
2717136,-154.24285888671875
2717216,-100.5823745727539
2717600,-154.48434448242188
2717968,-160.36654663085938
2718160,-162.90997314453125
2718720,-166.07244873046875
2718800,-88.08212280273438
2719312,-158.12693786621094
2719712,-165.8979034423828
2720832,-158.76666259765625
2721424,-150.93894958496094
2722656,-148.1700439453125
2724048,-156.12777709960938
2724064,-160.80967712402344
2724112,-118.81974792480469
2724912,-34.448944091796875
2725584,-145.48709106445312
2726160,-166.12777709960938
2726224,-153.00909423828125
2726592,-157.47415161132812
2727024,-163.0937957763672
2728272,-150.13031005859375
2728976,-157.74305725097656
2729264,-159.18609619140625
2730384,-158.97708129882812
2730816,-161.39712524414062
2731920,-143.26182556152344
2732496,-43.369136810302734
2732496,-163.0937957763672
2733248,-69.04252624511719
2734416,-156.35604858398438
2734816,-86.52352905273438
2735040,-155.6664276123047
2735136,-84.58914947509766
2735648,-152.75692749023438
2736720,-154.96218872070312
2736720,-69.05223846435547
2738288,-87.0052261352539
2738640,-157.03150939941406
2739120,-159.80491638183594
2739856,-158.12693786621094
2740016,-151.9893035888672
2740752,-164.3492431640625
2742048,-164.69818115234375
2743536,-110.97653198242188
2743584,-92.5857162475586
2744864,-160.78305053710938
2745456,-158.1957550048828
2745680,-154.96218872070312
2746208,-155.6664276123047
2746352,-155.6664276123047
2747024,-153.99964904785156
2747264,-72.48358154296875
2748384,-155.43333435058594
2748736,-155.37933349609375
2750496,-170.21075439453125
2750848,-166.86744689941406
2752688,-157.03150939941406
2753200,-88.5941162109375
2753408,-160.15615844726562
2754800,-167.34495544433594
2755520,-155.43333435058594
2755616,-83.62059783935547
2755696,-163.16807556152344
2755696,-157.03150939941406
2756432,-158.12693786621094
2757632,-151.72962951660156
2757792,-159.7310333251953
2758336,-112.64590454101562
2758880,-157.47415161132812
2759392,-93.54822540283203
2759904,-161.97341918945312
2760080,-166.5852813720703
2760320,-107.23477935791016
2761424,-163.0937957763672
2762320,-135.19859313964844
2762704,-156.582763671875
2763360,-63.564056396484375
2765632,-159.80491638183594
2766128,-157.69322204589844
2767584,-162.90997314453125
2768352,-157.28387451171875
2768624,-152.24705505371094
2769040,-149.30307006835938
2769216,-93.52019500732422
2769696,-151.30447387695312
2770240,-91.53268432617188
2771408,-160.41168212890625
2771632,-58.707218170166016
2772272,-163.0937957763672
2772464,-142.35157775878906
2772896,-150.40188598632812
2772960,-94.47377014160156
2775008,-159.80491638183594
2775152,-110.60281372070312
2775904,-58.154415130615234
2776272,-143.26182556152344
2776560,-161.2025604248047
2777840,-159.18609619140625
2778592,-165.21377563476562
2779776,-61.38181686401367
2779824,-160.21075439453125
2779840,-86.83775329589844
2780192,-97.26551818847656
2780352,-160.36654663085938
2780784,-154.48434448242188
2780896,-154.24285888671875
2782528,-147.00119018554688
2782992,-94.26859283447266
2784624,-157.97021484375
2785232,-99.12857055664062
2785552,-159.18609619140625
2785744,-103.2044906616211
2786848,-155.19859313964844
2788864,-81.81621551513672
2789136,-70.37970733642578
2789328,-157.03150939941406
2790352,-154.72412109375
2790480,-108.09867095947266
2790976,-153.99964904785156
2795200,-150.93894958496094
2795728,-157.0518035888672
2797344,-163.0937957763672
2798208,-116.1709213256836
2800000,-148.4565887451172
2803536,-76.51644134521484
2804176,-86.2512435913086
2804368,-158.1957550048828
2805648,-157.69322204589844
2806528,-84.58914947509766
2806784,-151.46803283691406
2807776,-156.81805419921875
2808592,-158.76666259765625
2809872,-158.97708129882812
2810528,-144.47515869140625
2810704,-139.51626586914062
2812976,-108.41881561279297
2814864,-156.8079071044922
2814976,-165.88697814941406
2815472,-165.5500030517578
2816208,-159.60000610351562
2817872,-109.71167755126953
2818416,-162.1630859375
2820384,-155.19859313964844
2822528,-179.17520141601562
2822816,-156.582763671875
2823968,-108.6757583618164
2824208,-157.9108123779297
2824288,-155.19859313964844
2825008,-149.30307006835938
2825792,-155.86593627929688
2825952,-74.21845245361328
2826976,-129.0230712890625
2827360,-110.16560363769531
2830048,-155.43333435058594
2830272,-80.6474609375
2830528,-167.8142852783203
2830768,-165.01766967773438
2831664,-109.55864715576172
2832096,-166.75413513183594
2832880,-153.00909423828125
2833376,-161.97341918945312
2834208,-160.611328125
2834256,-162.72500610351562
2834496,-158.5548553466797
2834752,-166.54444885253906
2835776,-152.5029296875
2835888,-164.1731719970703
2836320,-160.611328125
2837792,-159.51626586914062
2838000,-160.41168212890625
2838720,-158.97708129882812
2839168,-150.93894958496094
2839456,-99.04830169677734
2839696,-165.88697814941406
2839904,-154.82411193847656
2840096,-155.13333129882812
2840800,-74.15984344482422
2841568,-166.38153076171875
2842112,-158.5548553466797
2842960,-150.6714324951172
2843184,-158.76666259765625
2843392,-164.5242462158203
2843632,-88.2491226196289
2843920,-148.7409210205078
2844304,-157.03150939941406
2845776,-147.29684448242188
2845792,-157.03150939941406
2847376,-162.78359985351562
2848576,-160.5755157470703
2848608,44.76197052001953
2849712,-155.62353515625
2849968,-159.80491638183594
2850144,-159.60000610351562
2850768,-160.0084991455078
2852480,-155.8979034423828
2852784,-159.0822296142578
2853872,-163.73548889160156
2854240,-157.2535858154297
2854784,-154.885498046875
2854896,-158.34161376953125
2855984,-152.24705505371094
2857040,-157.2535858154297
2857120,-106.89424896240234
2858096,-156.8079071044922
2858160,-155.19859313964844
2859456,-154.96218872070312
2860208,-158.97708129882812
2861344,-154.72412109375
2861520,-153.25941467285156
2861664,-68.45130920410156
2862384,-153.99964904785156
2862800,-150.6714324951172
2863344,-160.0084991455078
2863376,-160.41168212890625
2863616,-161.8000030517578
2863680,-148.4565887451172
2863968,-156.12777709960938
2867680,-164.69818115234375
2868992,-97.48974609375
2869152,-83.50992584228516
2870480,-89.30000305175781
2871104,-157.69322204589844
2871520,-160.0084991455078
2872432,-153.50794982910156
2873488,-103.6656723022461
2874224,-160.98919677734375
2875584,-162.5894775390625
2876336,-155.8979034423828
2877696,-161.97341918945312
2877824,-105.44878387451172
2878192,-161.59043884277344
2879024,-106.95865631103516
2880560,-154.96218872070312
2882384,-87.0052261352539
2882528,-58.77552032470703
2883216,-157.5142822265625
2883648,-156.1065673828125
2884496,-167.5831298828125
2885568,-77.64512634277344
2886304,-158.34161376953125
2886544,-85.40750885009766
2886608,-160.0084991455078
2886752,-159.18609619140625
2888656,-68.45130920410156
2888720,-155.6664276123047
2888944,-160.36654663085938
2889200,-87.50553894042969
2889536,-158.34161376953125
2889984,-161.97341918945312
2891056,-164.87107849121094
2891344,-90.6689682006836
2891872,-100.5823745727539
2892096,-161.2025604248047
2892144,-153.25941467285156
2892912,-159.0822296142578
2894208,-135.8979034423828
2895584,-155.8979034423828
2895808,-64.66557312011719
2896304,-167.08876037597656
2896352,-170.98919677734375
2897968,-160.0084991455078
2898416,-152.5029296875
2899520,-101.0999984741211
2900528,-157.9108123779297
2900640,-159.60000610351562
2903264,-156.81805419921875
2903984,-95.43286895751953
2904336,-149.0230712890625
2904896,-162.72500610351562
2905360,-154.13082885742188
2906176,-81.41798400878906
2907008,-155.19859313964844
2907552,-161.59043884277344
2908528,-64.19503784179688
2908816,-79.11506652832031
2909232,-154.24285888671875
2909904,-83.30557250976562
2910352,-154.72412109375
2910976,-161.0067596435547
2911152,-163.54757690429688
2911744,-155.13333129882812
2912784,-154.96218872070312
2913456,-93.76667022705078
2913856,-153.50794982910156
2914096,-156.81805419921875
2914576,-150.6714324951172
2915232,-83.40936279296875
2915568,-153.99964904785156
2916208,-85.14286041259766
2916688,-148.1700439453125
2918912,-104.12342071533203
2919008,-163.45802307128906
2919648,-78.22406005859375
2921008,-166.9219512939453
2921264,-159.0822296142578
2921488,-97.25794982910156
2921888,-148.7409210205078
2922672,-154.48434448242188
2922912,-155.43333435058594
2923600,-157.69322204589844
2924000,-150.93894958496094
2924176,-110.19222259521484
2926112,-160.41168212890625
2926320,-159.3000030517578
2926624,-84.14871978759766
2927168,-79.76156616210938
2927824,-158.12693786621094
2928224,-149.0230712890625
2929936,-162.90997314453125
2931360,-158.12693786621094
2931744,-84.7151107788086
2932096,-157.03150939941406
2932160,-159.51626586914062
2932624,-123.60610961914062
2932688,-99.08013916015625
2932896,-161.2025604248047
2933328,-159.60000610351562
2934992,-78.78726959228516
2935024,-156.582763671875
2935952,-165.38357543945312
2936176,-141.59152221679688
2936304,-153.50794982910156
2937136,-151.20448303222656
2937824,-91.67948913574219
2937984,-156.582763671875
2938288,-163.9960174560547
2938352,-159.3000030517578
2938768,-54.129573822021484
2938800,-85.06315612792969
2938800,-160.41168212890625
2939488,-111.64779663085938
2940704,-68.62783813476562
2940912,-158.5548553466797
2941344,-153.00909423828125
2941904,-168.97708129882812
2943184,-87.11194610595703
2943712,-156.8079071044922
2944672,-159.18609619140625
2945296,-150.40188598632812
2945472,-77.97024536132812
2945472,-93.43514251708984
2946784,-160.611328125
2947408,-166.41539001464844
2947504,-151.46803283691406
2947568,-162.78359985351562
2947584,-160.80967712402344
2947888,-157.2535858154297
2949520,-160.0084991455078
2950048,-157.69322204589844
2950656,-157.69322204589844
2952464,-158.97708129882812
2953024,-165.19622802734375
2953360,-149.8000030517578
2953904,-167.6587371826172
2955056,-152.5029296875
2956928,-71.2203369140625
2958272,-159.60000610351562
2959104,-163.16807556152344
2959280,-147.00119018554688
2960384,-160.21075439453125
2960592,-154.96218872070312
2961632,-168.5548553466797
2963328,-152.24705505371094
2963536,-157.2535858154297
2963856,-149.58091735839844
2965840,-153.50794982910156
2967936,-167.41934204101562
2968080,-154.48434448242188
2969280,-95.89582061767578
2969328,-163.0937957763672
2969824,-97.26522064208984
2970048,-154.24285888671875
2970432,-158.1957550048828
2970832,-92.39218139648438
2971248,-152.5029296875
2972528,-163.92218017578125
2972848,-108.61250305175781
2973488,-160.21075439453125
2973680,-67.68621063232422
2973728,-159.80491638183594
2974032,-153.75466918945312
2974576,-156.12777709960938
2974656,-153.00909423828125
2975584,-161.59933471679688
2976944,-59.84516143798828
2977168,-153.00909423828125
2977296,-160.21075439453125
2978848,-163.73548889160156
2979280,-156.8079071044922
2980096,-81.73368072509766
2980896,-76.26433563232422
2981344,-154.96218872070312
2981600,-163.3584442138672
2982208,-151.9893035888672
2984656,-93.26457977294922
2985520,-158.34161376953125
2986016,-156.35604858398438
2986112,-156.582763671875
2986944,-150.40188598632812
2987648,-160.98919677734375
2987904,-170.80850219726562
2987968,-154.24285888671875
2988112,-162.78359985351562
2988752,-158.97708129882812
2989760,-156.35604858398438
2989776,-160.0084991455078
2990048,-150.6714324951172
2990640,-153.99964904785156
2992496,-162.35157775878906
2993968,-160.41168212890625
2994432,-155.62353515625
2995088,-164.5242462158203
2996352,-162.19735717773438
2996464,-72.00847625732422
2996544,-157.69322204589844
2996944,-154.24285888671875
2998512,-152.56922912597656
3000576,-153.25941467285156
3000944,-123.93589782714844
3000960,-113.42579650878906
3001552,-80.26383209228516
3002688,-160.611328125
3002928,-73.00646209716797
3003056,-157.03150939941406
3003936,-155.8979034423828
3004304,-161.2025604248047
3004848,-151.72962951660156
3005904,-158.97708129882812
3006048,-153.75466918945312
3006560,-165.19622802734375
3007088,-161.39730834960938
3007216,-154.48434448242188
3008560,-91.04210662841797
3009200,-154.72412109375
3009536,-161.59933471679688
3010656,-166.345458984375
3011216,-100.89566802978516
3011632,-151.46803283691406
3011792,-81.65185546875
3012848,-160.80967712402344
3013280,-162.39405822753906
3013904,-147.88125610351562
3014352,-138.5548553466797
3014848,-166.41539001464844
3014944,-158.1957550048828
3016016,-158.5548553466797
3016992,-158.12693786621094
3017056,-155.43333435058594
3018272,-69.69091033935547
3018416,-80.71107482910156
3019072,-164.1731719970703
3019616,-158.12693786621094
3019760,-159.3937225341797
3020560,-95.89582061767578
3020880,-153.3589324951172
3021504,-167.18670654296875
3021536,-163.27647399902344
3021552,-164.69818115234375
3021632,-160.80967712402344
3021760,-71.2886962890625
3022976,-155.6664276123047
3024592,-160.41168212890625
3026304,-70.95523834228516
3026320,-162.72500610351562
3026400,-164.69818115234375
3026704,-157.69322204589844
3026864,-158.5548553466797
3026864,-163.54757690429688
3027456,-97.45246124267578
3027840,-164.6571502685547
3027856,-162.19735717773438
3028976,-157.47415161132812
3029568,-135.43333435058594
3030544,-148.4565887451172
3032480,-58.64838790893555
3032656,-163.45802307128906
3032720,-151.9893035888672
3033616,-165.21377563476562
3034288,-151.46803283691406
3034528,-164.69818115234375
3035936,-112.96131134033203
3036624,-169.32186889648438
3037216,-74.52226257324219
3038016,-155.43333435058594
3038304,-154.72412109375
3038960,-162.5388641357422
3039008,-157.0518035888672
3039536,-89.60472106933594
3039824,-89.88961029052734
3040128,-153.75466918945312
3040672,-80.45185089111328
3040752,-161.7825469970703
3041296,-149.85665893554688
3041392,-88.58484649658203
3043344,-161.39730834960938
3043472,-165.72523498535156
3045456,-155.43333435058594
3045568,-161.39730834960938
3046992,-138.5548553466797
3047216,-103.6656723022461
3047568,-155.43333435058594
3047936,-77.65660095214844
3049808,-154.38426208496094
3049952,-92.23332977294922
3050064,-149.30307006835938
3051792,-113.78630065917969
3052176,-157.03150939941406
3053760,-159.80491638183594
3054272,-162.35157775878906
3056016,-95.92987060546875
3056256,-99.92162322998047
3057680,-160.611328125
3058144,-156.12777709960938
3058736,-153.50794982910156
3059024,-154.24285888671875
3059952,-158.34161376953125
3060224,-155.6664276123047
3060624,-69.47142791748047
3062096,-158.97708129882812
3063008,-63.62941360473633
3063536,-158.5548553466797
3065632,-162.39405822753906
3066688,-155.86593627929688
3067520,-154.48434448242188
3069040,-92.09928131103516
3069296,-152.75692749023438
3069680,-158.97708129882812
3069808,-154.96218872070312
3071040,-156.582763671875
3071760,-157.9108123779297
3071808,-153.50794982910156
3072624,-156.8079071044922
3073488,-148.4565887451172
3074720,-158.86293029785156
3074960,-77.04814910888672
3075728,-162.72500610351562
3076576,-158.4197235107422
3077712,-153.50794982910156
3078304,-152.5029296875
3078432,-104.79784393310547
3078464,-163.27647399902344
3078960,-167.74594116210938
3079824,-157.03150939941406
3081040,-151.46803283691406
3082864,-164.5242462158203
3083184,-152.24705505371094
3083200,-116.0617446899414
3083408,-154.72412109375
3083792,-135.6664276123047
3084032,-148.92550659179688
3084976,-152.5029296875
3087024,-146.7031707763672
3088240,-161.59043884277344
3088384,-153.50794982910156
3089856,-153.25941467285156
3090352,-151.72962951660156
3091024,-94.37181091308594
3093552,-156.12777709960938
3094048,-170.37142944335938
3098256,-169.3000030517578
3098416,-63.57741928100586
3099040,-112.62188720703125
3100016,-164.47515869140625
3100512,-158.64210510253906
3100624,-108.04683685302734
3100992,-154.72412109375
3102464,-159.7310333251953
3102608,-161.8000030517578
3102736,-141.59043884277344
3104576,-151.46803283691406
3104768,-80.6474609375
3106016,-140.0084991455078
3107440,-68.58695983886719
3108560,-157.69322204589844
3109552,-160.80967712402344
3109616,-157.2535858154297
3109712,-78.71685028076172
3111648,-158.86293029785156
3111968,-158.5548553466797
3112064,-45.484745025634766
3114464,-159.3937225341797
3114672,-84.54285430908203
3116016,-166.5852813720703
3116096,-158.97708129882812
3116272,-156.12777709960938
3116384,-157.5142822265625
3117280,-156.12777709960938
3117888,-149.58091735839844
3118016,-69.21605682373047
3118208,-158.12693786621094
3118304,-156.35604858398438
3118688,-151.46803283691406
3119008,-152.5029296875
3119392,-157.2535858154297
3119520,-164.69818115234375
3120400,-159.3937225341797
3123056,-160.0084991455078
3123296,-110.60281372070312
3123504,-157.2535858154297
3123888,-158.12693786621094
3124608,-156.345458984375
3125856,-165.21377563476562
3126352,-154.72412109375
3126944,-160.611328125
3127520,-163.63845825195312
3127536,-158.34161376953125
3127728,-154.48434448242188
3129056,-138.34161376953125
3129424,-157.69322204589844
3131200,-84.3724136352539
3131264,-157.69322204589844
3131744,-149.58091735839844
3131936,-164.87107849121094
3132016,-81.94659423828125
3132368,-32.118309020996094
3133360,-163.3584442138672
3134128,-151.20448303222656
3134240,-104.25418090820312
3134448,-158.76666259765625
3134512,-118.0860595703125
3136160,-168.4276885986328
3136592,-163.8177947998047
3137536,-151.72962951660156
3137776,-163.27647399902344
3138272,-154.96218872070312
3138704,-155.43333435058594
3140144,-154.96218872070312
3140384,-166.2176513671875
3140448,-160.78305053710938
3140816,-159.18609619140625
3142560,-172.10000610351562
3143504,-160.78305053710938
3143664,-70.95523834228516
3144752,-166.41539001464844
3144768,-160.41168212890625
3146656,-160.0084991455078
3148368,-83.73728942871094
3148960,-158.76666259765625
3150256,-83.87127685546875
3152096,-144.69818115234375
3153312,-166.54444885253906
3154192,-154.885498046875
3155056,-156.8079071044922
3155312,-156.582763671875
3155984,-155.43333435058594
3156784,-159.60000610351562
3157008,-157.9108123779297
3159120,-159.60000610351562
3160800,-156.35604858398438
3161248,-165.55238342285156
3162960,-51.81547927856445
3163424,-51.48542404174805
3163920,-160.36654663085938
3166368,-170.18743896484375
3167584,-158.97708129882812
3167888,-155.62353515625
3169936,-163.9960174560547
3170464,-157.69322204589844
3171808,-148.4565887451172
3172048,-157.47415161132812
3174352,-156.582763671875
3175760,-162.78359985351562
3176528,-75.35384368896484
3177792,-165.21377563476562
3177872,-158.12693786621094
3178064,-146.2176513671875
3179568,-163.0937957763672
3179904,-144.23114013671875
3182000,-160.78305053710938
3182736,-117.29104614257812
3183216,-106.68852233886719
3184144,-160.21075439453125
3185536,-152.75692749023438
3185824,-158.76666259765625
3186048,-157.47415161132812
3186320,-141.0067596435547
3187056,-161.99932861328125
3187328,-156.8079071044922
3188192,-151.9893035888672
3189008,-161.39712524414062
3190128,-117.16545104980469
3190416,-165.88697814941406
3191520,-152.3019256591797
3192352,-163.16807556152344
3192784,-155.43333435058594
3192944,-70.82841491699219
3193312,-162.5388641357422
3193664,-161.7825469970703
3194624,-156.1065673828125
3194704,-71.88591766357422
3194752,-163.27647399902344
3195056,-158.5548553466797
3195936,-157.69322204589844
3196048,-157.2535858154297
3196208,-163.0937957763672
3196912,-165.01766967773438
3199024,-161.0067596435547
3202544,-155.19859313964844
3203440,-112.20835876464844
3203616,-71.64982604980469
3205168,-161.39712524414062
3205856,-154.96218872070312
3206240,-148.1700439453125
3206768,-154.48434448242188
3209280,-72.81375122070312
3209712,-114.85980987548828
3209792,-149.30307006835938
3209952,-161.19393920898438
3210144,-46.947471618652344
3211728,-90.07320404052734
3211824,-153.50794982910156
3211888,-161.39730834960938
3211920,-153.25941467285156
3212256,-155.43333435058594
3213088,-157.03150939941406
3213264,-161.2025604248047
3213824,-162.97647094726562
3214368,-152.24705505371094
3214480,-65.62089538574219
3218432,-156.8079071044922
3220784,-160.78305053710938
3222368,-158.5548553466797
3222832,-151.20448303222656
3223024,-158.97708129882812
3225728,-156.12777709960938
3227008,-165.72523498535156
3227968,-92.83636474609375
3228704,-160.80967712402344
3229696,-153.99964904785156
3231312,-167.9077911376953
3232960,-160.21075439453125
3235248,-95.82586669921875
3235536,-155.6664276123047
3236256,-154.72412109375
3236384,-156.12777709960938
3237552,-154.72412109375
3237712,-47.98181915283203
3238672,-167.03150939941406
3239904,-157.69322204589844
3240048,-159.60000610351562
3240944,-90.44025421142578
3241744,-93.58647155761719
3242032,-107.32605743408203
3245872,-166.2176513671875
3246240,-157.69322204589844
3246272,-166.9219512939453
3247824,-158.34161376953125
3248352,-165.04293823242188
3248992,-89.58032989501953
3249280,-156.12777709960938
3250176,-150.6714324951172
3250448,-154.38426208496094
3250480,-153.09771728515625
3251808,-147.59019470214844
3252880,-161.0067596435547
3254960,-73.56124114990234
3255984,-164.3492431640625
3257136,-84.65048217773438
3258832,-160.41168212890625
3259216,-160.41168212890625
3260144,-164.10769653320312
3260384,-164.29200744628906
3260768,-160.80967712402344
3261232,-104.35631561279297
3261328,-173.13092041015625
3262256,-151.9893035888672
3262320,-154.96218872070312
3263952,-59.13282012939453
3264608,-157.69322204589844
3265312,-53.09317398071289
3265568,-159.3000030517578
3265872,-161.19393920898438
3266080,-156.8079071044922
3266544,-149.30307006835938
3268432,-165.37367248535156
3268592,-162.1630859375
3271008,-95.89582061767578
3271824,-162.5388641357422
3272640,-149.0230712890625
3274752,-162.5388641357422
3274928,-158.97708129882812
3274944,-162.39405822753906
3276816,-72.14122009277344
3278304,-107.5408935546875
3279632,-97.32901000976562
3280048,-158.12693786621094
3280864,-105.25102233886719
3281504,-152.24705505371094
3282080,-96.58679962158203
3282656,-164.3492431640625
3283168,-157.0518035888672
3283424,-79.80908966064453
3283520,-155.6664276123047
3283728,-166.12777709960938
3283840,-153.09771728515625
3284272,-161.2025604248047
3285520,-96.32740020751953
3285616,-159.3000030517578
3289824,-153.99964904785156
3290416,-77.50634765625
3290960,-154.96218872070312
3291936,-165.5500030517578
3292784,-59.04386520385742
3292848,-157.2535858154297
3294368,-171.0247344970703
3294896,-156.12777709960938
3296080,-150.13031005859375
3298848,-151.72962951660156
3299040,-156.58261108398438
3299120,-160.0084991455078
3300576,-155.37933349609375
3300672,-161.7825469970703
3302784,-158.76666259765625
3302928,-160.21075439453125
3303072,-155.8979034423828
3303264,-163.63845825195312
3304592,-159.60000610351562
3307264,-88.5111083984375
3309088,-158.76666259765625
3309392,-158.97708129882812
3309408,-129.0230712890625
3309424,-154.885498046875
3309600,-163.27647399902344
3309952,-157.69322204589844
3311200,-155.8979034423828
3311472,-134.48434448242188
3313552,-160.0084991455078
3313600,-162.39405822753906
3313760,-131.5445098876953
3314096,-99.7591781616211
3315872,-161.59043884277344
3316016,-151.9893035888672
3316080,-68.70335388183594
3316272,-154.24285888671875
3316784,-108.6451644897461
3316912,-85.12358093261719
3317872,-151.46803283691406
3318128,-150.6714324951172
3318384,-98.79811096191406
3319040,-124.78990173339844
3319840,-113.38762664794922
3320384,-99.98192596435547
3323232,-159.80491638183594
3326560,-160.78305053710938
3327024,-158.34161376953125
3327344,-79.11506652832031
3328928,-60.532772064208984
3328928,-146.7031707763672
3329456,-148.1700439453125
3329584,-157.69322204589844
3331008,-75.95384979248047
3331984,-56.1129035949707
3333120,-163.3584442138672
3333152,-155.6664276123047
3333856,-161.2025604248047
3334432,-163.54757690429688
3335232,-157.9108123779297
3335264,-156.35604858398438
3335488,-143.73548889160156
3335648,-156.8079071044922
3337488,-162.5388641357422
3338656,-157.9108123779297
3338848,-152.5029296875
3339424,-155.13333129882812
3339792,-131.58779907226562
3340928,-56.400001525878906
3341664,-156.35604858398438
3341904,-153.00909423828125
3343040,-170.41168212890625
3343984,-72.14122009277344
3344080,-151.9893035888672
3344784,-151.9893035888672
3345136,-156.58261108398438
3346496,-151.20448303222656
3348816,-69.16666412353516
3349648,-90.6689682006836
3350032,-157.69322204589844
3351072,-163.9960174560547
3352304,-112.96131134033203
3352432,-144.86422729492188
3353056,-70.6872329711914
3353328,-155.6664276123047
3353552,-25.36296272277832
3354416,-153.75466918945312
3354688,-160.98919677734375
3354752,-111.4153823852539
3355424,-158.5548553466797
3357408,-156.8079071044922
3358896,-157.0518035888672
3358976,-153.85467529296875
3359248,-122.42107391357422
3359296,-157.2535858154297
3360208,-100.78111267089844
3360944,-99.7591781616211
3360992,-169.16842651367188
3361552,-164.47515869140625
3361616,-165.04293823242188
3361776,-156.12777709960938
3361776,-164.1731719970703
3363184,-159.9443359375
3363712,-149.30307006835938
3365216,-165.72018432617188
3365968,-138.86293029785156
3366224,-163.54757690429688
3366704,-157.03150939941406
3367936,-156.345458984375
3368640,-151.9893035888672
3370896,-77.27943420410156
3371552,-157.9108123779297
3371968,-156.8079071044922
3372128,-155.8979034423828
3372592,-156.12777709960938
3372864,-153.99964904785156
3373008,-152.75692749023438
3374416,-163.0937957763672
3374656,-63.269203186035156
3375120,-160.0084991455078
3376128,-160.36654663085938
3378528,-158.1957550048828
3380352,-154.24285888671875
3380352,-166.05279541015625
3381584,-82.75733947753906
3382688,-157.9108123779297
3383376,-161.0067596435547
3383472,-150.40188598632812
3384784,-166.07244873046875
3384800,-155.8979034423828
3385840,-94.37181091308594
3386672,-150.13031005859375
3388784,-159.3937225341797
3389024,-154.72412109375
3389600,-9.689895629882812
3392064,-74.23332977294922
3393232,-140.41168212890625
3394112,-161.0067596435547
3394304,-152.24705505371094
3394432,-152.75692749023438
3394432,-108.6757583618164
3394576,-147.88125610351562
3395680,-161.8000030517578
3395824,-160.41168212890625
3396288,-149.85665893554688
3396416,-162.5388641357422
3396864,-160.36654663085938
3397936,-160.0084991455078
3398000,-156.12777709960938
3398080,-157.03150939941406
3398384,-78.091552734375
3398640,-149.85665893554688
3398784,-153.99964904785156
3399904,-158.34161376953125
3400512,-159.60000610351562
3400736,-154.13082885742188
3402144,-161.8000030517578
3402288,-154.09963989257812
3402592,-158.1957550048828
3402624,-171.29786682128906
3402848,-142.93333435058594
3403200,-163.45802307128906
3403760,-91.46863555908203
3404816,-72.51678466796875
3404992,-158.5548553466797
3406144,-161.8000030517578
3406416,-157.2535858154297
3406496,-167.18670654296875
3407104,-150.6714324951172
3407424,-147.59019470214844
3408480,-150.13031005859375
3408528,-157.03150939941406
3408960,-152.24705505371094
3409216,-158.5548553466797
3410048,-162.5894775390625
3411312,-160.611328125
3411824,-153.00909423828125
3412144,-156.1065673828125
3413072,-157.69322204589844
3417024,-160.98919677734375
3417584,-143.91070556640625
3419408,-165.5500030517578
3420880,-87.17901611328125
3423024,-163.73548889160156
3423616,-151.20448303222656
3424400,-113.0180435180664
3424704,-158.97708129882812
3425104,-157.2535858154297
3425472,-152.75692749023438
3425728,-152.24705505371094
3426032,-141.59152221679688
3426096,-157.69322204589844
3428128,-158.1957550048828
3428832,-155.19859313964844
3430000,-160.78305053710938
3432240,-159.60000610351562
3432416,-63.57741928100586
3433184,-159.3937225341797
3434656,-156.582763671875
3435264,-154.48434448242188
3436448,-158.86293029785156
3436816,-160.41168212890625
3438496,-146.4027862548828
3439520,-161.97341918945312
3439824,-158.97708129882812
3440528,-165.37367248535156
3440608,-158.97708129882812
3441616,-157.0518035888672
3442208,-68.7437515258789
3442272,-158.5548553466797
3442784,-157.9108123779297
3444160,-156.8079071044922
3444320,-159.18609619140625
3445840,-154.72412109375
3446784,-101.38420867919922
3447456,-160.0084991455078
3448544,-155.43333435058594
3449232,-161.8000030517578
3449552,-161.39730834960938
3449760,-161.39712524414062
3453616,-148.1700439453125
3454176,-151.21176147460938
3455024,-109.6672134399414
3457664,-148.4565887451172
3458352,-77.5655746459961
3458400,-146.7031707763672
3458400,-154.72412109375
3458512,-161.59043884277344
3460048,-162.1630859375
3460768,-76.11428833007812
3461296,-159.3937225341797
3462032,-161.8000030517578
3462160,-165.21377563476562
3462624,-153.75466918945312
3462624,-153.25941467285156
3463456,-154.24285888671875
3463680,-174.29200744628906
3464272,-73.59696960449219
3465648,-162.72500610351562
3466992,-117.49674987792969
3467808,-155.37933349609375
3467840,-100.34844970703125
3468352,-158.4197235107422
3468976,-155.6664276123047
3470464,-140.0084991455078
3471072,-52.01081085205078
3471904,-154.24285888671875
3472384,-160.41168212890625
3473184,-150.40188598632812
3473328,-163.63845825195312
3473504,-161.59043884277344
3474272,-152.03256225585938
3474320,-162.78359985351562
3475216,-72.3499984741211
3475264,-153.50794982910156
3475520,-166.582763671875
3475616,-160.41168212890625
3476272,-160.80967712402344
3476448,-164.3492431640625
3476592,-116.55936431884766
3476896,-157.9108123779297
3477392,-161.59933471679688
3477728,-150.6714324951172
3477824,-121.36869049072266
3478368,-157.97021484375
3478400,-150.6714324951172
3478704,-151.9893035888672
3479344,-62.7938232421875
3479840,-150.40188598632812
3480816,-151.72962951660156
3481600,-153.87547302246094
3481936,-153.00909423828125
3483184,-94.83667755126953
3484096,-140.2034454345703
3484304,-157.2535858154297
3484512,-157.5142822265625
3485760,-161.0067596435547
3485808,-79.80908966064453
3486016,-153.99964904785156
3486176,-152.24705505371094
3487872,-150.13031005859375
3488736,-153.25941467285156
3489600,-156.35604858398438
3490576,-154.96218872070312
3490608,-163.73548889160156
3491712,-162.5388641357422
3493792,-157.03150939941406
3494768,-164.29200744628906
3495008,-159.60000610351562
3495664,-86.77862548828125
3496032,-59.08420944213867
3496032,-91.7410888671875
3497552,-157.9108123779297
3498336,-81.77931213378906
3498432,-167.8142852783203
3498720,-59.98181915283203
3498768,-157.74305725097656
3499264,-161.2025604248047
3499520,-70.31014251708984
3499824,-109.99513244628906
3499888,-159.80491638183594
3500256,-155.8979034423828
3500880,-149.30307006835938
3501552,-155.13333129882812
3501632,-161.2025604248047
3503040,-160.0084991455078
3503136,-85.99040985107422
3504112,-157.9108123779297
3505472,-93.65185546875
3505776,-149.85665893554688
3505824,-152.24705505371094
3507968,-158.5548553466797
3508656,-160.0084991455078
3511312,-155.6664276123047
3511872,-155.8979034423828
3512192,-155.19859313964844
3512352,-160.0084991455078
3512528,-161.8000030517578
3512784,-160.41168212890625
3513968,-162.19735717773438
3514192,-88.48904418945312
3514304,-151.9893035888672
3515584,-162.35157775878906
3515968,-169.46841430664062
3516416,-155.19859313964844
3516624,-158.76666259765625
3516832,-39.95990753173828
3518064,-162.78359985351562
3518528,-162.90997314453125
3519760,-150.40188598632812
3519808,-159.3937225341797
3520176,-156.582763671875
3521296,-83.47859191894531
3522208,-157.2535858154297
3523312,-159.80491638183594
3523952,-135.86593627929688
3524992,-156.12777709960938
3525424,-167.0275421142578
3526256,-159.18609619140625
3526400,-81.41798400878906
3526624,-151.9893035888672
3526816,-159.9443359375
3527664,-115.5058822631836
3528000,-149.58091735839844
3529120,-75.35384368896484
3529472,-85.5433578491211
3529760,-156.81805419921875
3529840,-161.97341918945312
3531040,-160.21075439453125
3534064,-159.18609619140625
3534928,-156.582763671875
3535104,-88.96826171875
3536000,-113.42579650878906
3536080,-158.86293029785156
3537152,-152.75692749023438
3537376,-150.40188598632812
3538112,-136.582763671875
3539264,-158.34161376953125
3540736,-155.8979034423828
3541376,-162.5388641357422
3541456,-81.56666564941406
3542112,-80.58963775634766
3542336,-159.60000610351562
3542848,-150.6714324951172
3543808,-155.19859313964844
3543904,-155.6664276123047
3544528,-162.90997314453125
3545328,-37.880496978759766
3545424,53.364158630371094
3547440,-163.0937957763672
3548816,-84.97086334228516
3550768,-160.80967712402344
3551088,-149.51084899902344
3552656,-159.18609619140625
3552672,-153.50794982910156
3554368,-154.72412109375
3554784,-155.6664276123047
3556368,-155.6664276123047
3556816,-151.20448303222656
3557440,-156.12777709960938
3557744,-157.47415161132812
3558560,-149.0230712890625
3558928,-153.00909423828125
3560752,-71.9908447265625
3560880,-147.00119018554688
3562992,-153.99964904785156
3563680,-87.11589050292969
3564112,-160.98919677734375
3568176,-112.21666717529297
3568720,-98.74127197265625
3569536,-156.8079071044922
3569808,-88.0526351928711
3570432,-169.0140838623047
3573776,-161.2025604248047
3574000,-141.99932861328125
3574656,-160.611328125
3576064,-165.37367248535156
3576240,-93.06867980957031
3576352,-158.12693786621094
3577936,-113.78115844726562
3578176,-94.96666717529297
3578512,-43.87154006958008
3578704,-157.03150939941406
3580112,-162.35157775878906
3580624,-153.00909423828125
3581664,-151.72962951660156
3582928,-162.1630859375
3583024,-158.5548553466797
3584320,-161.99932861328125
3584480,-163.3584442138672
3584608,-71.8966293334961
3584656,-156.1065673828125
3584816,-84.9275894165039
3585072,-137.03150939941406
3586592,-160.611328125
3586928,-157.47415161132812
3589072,-64.8215560913086
3589328,-165.5500030517578
3589776,-157.03150939941406
3589936,-70.82841491699219
3590992,-161.0067596435547
3591376,-160.36654663085938
3591888,-158.34161376953125
3593008,-156.12777709960938
3593296,-160.0084991455078
3593344,-72.5378189086914
3594160,-160.41168212890625
3595120,-153.99964904785156
3595152,-165.89938354492188
3595648,-156.12777709960938
3597456,-150.6714324951172
3598080,-157.03150939941406
3598208,-164.5242462158203
3599952,-150.93894958496094
3600048,-90.55381774902344
3602224,-98.35887908935547
3604416,-160.41168212890625
3605552,-148.7409210205078
3606304,-155.43333435058594
3606480,-162.97647094726562
3606528,-162.90997314453125
3606624,-167.08876037597656
3608416,-160.611328125
3608560,-162.90997314453125
3608912,-81.41798400878906
3609776,-149.30307006835938
3610128,-157.69322204589844
3610528,-155.8979034423828
3610560,-139.7310333251953
3612800,-154.72412109375
3613984,-167.6587371826172
3614720,-103.2865219116211
3615200,-160.80967712402344
3615232,-154.24285888671875
3615472,-159.60000610351562
3617024,-130.6714324951172
3617232,-161.59043884277344
3617648,-160.0084991455078
3617856,-153.99964904785156
3618864,-160.41168212890625
3619056,-158.97708129882812
3619280,-151.46803283691406
3619760,-160.611328125
3620640,-74.33501434326172
3621376,-155.43333435058594
3621632,-108.41881561279297
3621744,-155.37933349609375
3621952,-109.99513244628906
3622752,-160.0084991455078
3623792,-157.47415161132812
3623840,-165.19622802734375
3623984,-160.611328125
3624688,-155.19859313964844
3624736,-157.69322204589844
3625280,8.112957000732422
3626592,-160.5755157470703
3627504,-161.39712524414062
3627696,-65.62089538574219
3628016,-150.40188598632812
3630320,-163.27647399902344
3631184,-154.885498046875
3632016,-162.72500610351562
3632432,-161.97341918945312
3632896,-165.19622802734375
3633120,-155.6664276123047
3633296,-163.27647399902344
3633568,-157.9108123779297
3634128,-158.12693786621094
3634128,-157.9108123779297
3634288,-146.4027862548828
3634736,-98.79811096191406
3635232,-158.34161376953125
3635408,-159.3937225341797
3636240,-157.69322204589844
3639680,-104.11699676513672
3640064,-103.01240539550781
3640464,-154.96218872070312
3640864,-154.48434448242188
3641056,-108.6757583618164
3641904,-116.1709213256836
3643168,-148.4565887451172
3643168,-155.6664276123047
3643264,-55.673770904541016
3644560,-160.5755157470703
3645216,-78.53103637695312
3646672,-160.611328125
3647392,-161.97341918945312
3647392,-158.5548553466797
3647568,-78.4093017578125
3649488,-155.62353515625
3650336,-162.35157775878906
3650496,-68.85698699951172
3650720,-165.21377563476562
3652592,-155.37933349609375
3653008,-157.2535858154297
3653712,-156.12777709960938
3653728,-163.8177947998047
3654720,-156.35604858398438
3656752,-157.9108123779297
3657280,-86.03758239746094
3657296,-59.76792526245117
3657952,-157.69322204589844
3658048,-169.62608337402344
3658160,-162.1630859375
3659408,-146.7031707763672
3660528,-160.15615844726562
3660960,-159.3000030517578
3661744,-102.69999694824219
3661872,-160.21075439453125
3663424,-162.78359985351562
3664720,-85.69230651855469
3665616,-98.23352813720703
3667040,-98.72352600097656
3668048,-157.47415161132812
3668304,-153.75466918945312
3669152,-151.20448303222656
3669360,-160.21075439453125
3671904,-144.54898071289062
3672416,-156.35604858398438
3672640,-98.16301727294922
3673584,-158.97708129882812
3674032,-157.03150939941406
3674752,-157.47415161132812
3676672,-102.26445770263672
3676896,-125.80000305175781
3677232,-157.2535858154297
3677312,-107.09701538085938
3678240,-160.98919677734375
3679584,-153.00909423828125
3680240,-164.5242462158203
3680672,-158.34161376953125
3681808,-161.7825469970703
3682768,-165.89938354492188
3684752,-95.88775634765625
3685248,-160.0084991455078
3685696,-157.9108123779297
3687328,-153.50794982910156
3691456,-157.47415161132812
3691648,-159.9443359375
3692304,-153.25941467285156
3692640,-158.76666259765625
3693216,-152.83448791503906
3693504,-96.32168579101562
3694176,-149.58091735839844
3694320,-149.0230712890625
3696288,-149.85665893554688
3696544,-155.43333435058594
3696848,-151.9893035888672
3698912,-66.0614013671875
3700480,-154.38426208496094
3701328,-73.7716293334961
3702304,-156.582763671875
3702368,-160.21075439453125
3702736,-118.47380065917969
3702880,-152.5029296875
3703184,-158.34161376953125
3704016,-149.8000030517578
3704512,-154.96218872070312
3704704,-161.39712524414062
3704912,-137.9108123779297
3706864,-75.93708801269531
3706944,-165.5500030517578
3707136,-82.20526123046875
3707776,-161.2025604248047
3708240,-157.03150939941406
3709168,-160.611328125
3709248,-160.611328125
3710576,-164.3492431640625
3711264,-162.78359985351562
3712688,-154.48434448242188
3713232,-133.50794982910156
3713472,-158.76666259765625
3714096,-146.10000610351562
3714240,-64.32559967041016
3714752,-154.24285888671875
3715296,-162.1630859375
3715312,-161.7825469970703
3715344,-154.24285888671875
3715392,-157.47415161132812
3715744,-153.75466918945312
3716224,-162.90997314453125
3716864,-165.38357543945312
3717456,-154.96218872070312
3717552,-165.5500030517578
3718976,-147.59019470214844
3719984,-103.6656723022461
3720320,-154.24285888671875
3720432,-160.98919677734375
3720544,-150.93894958496094
3721088,-153.75466918945312
3721472,-73.6526107788086
3721680,-158.34161376953125
3722432,-151.72962951660156
3723760,-163.27647399902344
3724640,-157.47415161132812
3726032,-106.10356140136719
3726032,-156.8079071044922
3726368,-150.6714324951172
3727040,-68.8946533203125
3727248,-157.69322204589844
3728000,-153.75466918945312
3728144,-156.12777709960938
3728416,-82.2397232055664
3729520,-155.19859313964844
3730736,-154.24285888671875
3731472,-161.2025604248047
3732208,-159.80491638183594
3732304,-155.43333435058594
3732464,-74.15984344482422
3732848,-159.3937225341797
3733632,-86.04285430908203
3734320,-162.35157775878906
3734576,-158.97708129882812
3735024,-167.0275421142578
3735456,-153.75466918945312
3736144,-153.75466918945312
3736528,-160.0084991455078
3737632,-87.86451721191406
3738464,-120.69268035888672
3741184,-155.8979034423828
3741632,-156.582763671875
3743968,-150.6714324951172
3744368,-85.17349243164062
3744544,-52.10606002807617
3746016,-161.59043884277344
3746352,-87.03148651123047
3747136,-157.28387451171875
3747616,-89.4232177734375
3748000,-158.34161376953125
3748000,-70.74736785888672
3748112,-155.6664276123047
3748128,-154.24285888671875
3748464,-156.8079071044922
3749344,-158.5548553466797
3749584,-148.1700439453125
3750224,-161.19393920898438
3750544,-152.75692749023438
3751456,-158.76666259765625
3751696,-156.12777709960938
3751696,-99.04830169677734
3752816,-163.27647399902344
3753568,-151.46803283691406
3753856,-157.47415161132812
3754576,-158.97708129882812
3756720,-161.7825469970703
3757136,-155.19859313964844
3757776,-151.46803283691406
3758032,-154.48434448242188
3758032,-161.59043884277344
3758832,-148.1700439453125
3758976,-163.9960174560547
3759536,-158.1957550048828
3760432,-63.47683334350586
3760544,-95.00334167480469
3761248,-165.72523498535156
3762864,-155.8979034423828
3762960,-79.11506652832031
3763680,-157.03150939941406
3764512,-155.43333435058594
3764800,-104.82699584960938
3765312,-159.18609619140625
3765440,-166.9219512939453
3765728,-157.9108123779297
3765792,-155.6664276123047
3766624,-153.75466918945312
3767824,-83.6724624633789
3767840,-153.99964904785156
3767888,-163.92218017578125
3767904,-162.90997314453125
3768848,-72.95797729492188
3771776,-71.4117660522461
3771936,-159.7310333251953
3772320,-76.77046966552734
3773056,-156.8079071044922
3773536,-156.345458984375
3773856,-157.03150939941406
3773872,-166.75413513183594
3774560,-70.92491149902344
3775984,-153.25941467285156
3776288,-161.97341918945312
3776320,-157.9108123779297
3777264,-153.99964904785156
3777328,-157.69322204589844
3780544,-148.7409210205078
3780720,-100.12727355957031
3782656,-158.12693786621094
3784400,-159.18609619140625
3784752,-141.7825469970703
3784768,-159.3937225341797
3785760,-147.00119018554688
3786016,-91.86896514892578
3786864,-144.86422729492188
3787680,-157.03150939941406
3787856,-152.24705505371094
3788128,-161.2025604248047
3788160,-93.85330963134766
3788976,-168.54556274414062
3789264,-90.71107482910156
3789472,-93.91986846923828
3789552,-76.77046966552734
3789728,-153.3589324951172
3789792,-163.9960174560547
3790256,-76.47272491455078
3790272,-148.4565887451172
3790320,-159.51626586914062
3790736,-158.97708129882812
3791312,-166.07244873046875
3791472,-157.9108123779297
3791664,-156.12777709960938
3791760,-107.98148345947266
3792384,-149.30307006835938
3792432,-155.19859313964844
3792800,-160.0084991455078
3793584,-161.2025604248047
3793936,-162.78359985351562
3794784,-86.00914764404297
3795888,-155.6664276123047
3797984,-167.41934204101562
3798144,-161.39730834960938
3798464,-158.34161376953125
3799088,-164.47515869140625
3800256,-155.43333435058594
3800576,-143.45802307128906
3802448,-163.16807556152344
3803024,-59.13282012939453
3806784,-103.13312530517578
3807504,-155.8979034423828
3808800,-95.34706115722656
3809424,-151.20448303222656
3811968,-168.0686492919922
3812256,-160.36654663085938
3813632,-92.36165618896484
3813872,-158.64210510253906
3815280,-113.00604248046875
3816032,-160.611328125
3816480,-160.611328125
3817216,-158.64210510253906
3817760,-131.20448303222656
3818096,-158.5548553466797
3818144,-150.40188598632812
3818192,-165.88697814941406
3820416,-159.3937225341797
3821424,-161.39730834960938
3823072,-160.41168212890625
3823072,-149.85665893554688
3825648,-164.5242462158203
3826016,-160.21075439453125
3826016,-70.26712036132812
3826336,-152.24705505371094
3826352,-169.62608337402344
3828016,-87.59498596191406
3828128,-155.8979034423828
3828800,-157.5142822265625
3828928,-153.50794982910156
3829392,-156.582763671875
3831984,-162.1630859375
3832432,-163.9960174560547
3833152,-71.8966293334961
3833248,-157.47415161132812
3833824,-156.4560546875
3834448,-159.60000610351562
3834672,-65.62881469726562
3834784,-88.58484649658203
3835216,-162.35157775878906
3835424,-156.12777709960938
3835664,-161.2025604248047
3835808,-70.1828384399414
3837472,-158.5548553466797
3837760,-162.19735717773438
3838592,-83.36666870117188
3839568,-154.72412109375
3839888,-155.8979034423828
3841552,-163.27647399902344
3842016,-157.69322204589844
3842976,-160.21075439453125
3843216,-149.85665893554688
3844256,-158.12693786621094
3844544,-157.2535858154297
3846096,-61.41167449951172
3846096,-160.80967712402344
3848912,-155.43333435058594
3849504,-160.0084991455078
3850464,-158.5548553466797
3852624,-154.96218872070312
3852720,-160.41168212890625
3852816,-75.0741958618164
3852864,-162.90997314453125
3853360,-79.95764923095703
3853824,-160.611328125
3855232,-157.69322204589844
3856496,-100.36322021484375
3857200,-165.19622802734375
3858368,-164.24285888671875
3859280,-152.75692749023438
3859312,-156.582763671875
3859968,-153.99964904785156
3861424,-159.60000610351562
3861936,-77.40555572509766
3862560,-163.9960174560547
3863744,-70.02963256835938
3863872,-162.39405822753906
3864752,-163.45802307128906
3866144,-160.36654663085938
3870128,-159.60000610351562
3870992,-50.17017364501953
3871360,-157.2535858154297
3874528,-115.38888549804688
3876176,-154.48434448242188
3876368,-153.87547302246094
3876640,-154.24285888671875
3877328,-161.39712524414062
3877392,-147.00119018554688
3877456,-64.57003784179688
3877856,-93.45454406738281
3877984,-167.41934204101562
3878288,-158.76666259765625
3879088,-57.1330680847168
3879280,-150.93894958496094
3879440,-153.50794982910156
3881584,-155.6664276123047
3882208,-167.69322204589844
3882832,-160.5755157470703
3883888,-164.29200744628906
3883952,-72.48358154296875
3883984,-91.94509887695312
3884464,-79.80908966064453
3885904,-72.65714263916016
3886128,-160.78305053710938
3886560,-153.61817932128906
3887248,-156.8079071044922
3888192,-157.28387451171875
3890320,-157.47415161132812
3890512,-120.2979507446289
3893536,-156.8079071044922
3893952,-100.39540100097656
3895120,-98.84761810302734
3895376,-160.21075439453125
3896064,-156.12777709960938
3896432,-147.00119018554688
3896672,-154.96218872070312
3897296,-75.92857360839844
3897888,29.965917587280273
3898464,-82.74231719970703
3899296,-160.71133422851562
3899888,-163.16807556152344
3899984,-135.37933349609375
3900624,-88.5848159790039
3901072,-156.12777709960938
3901088,-91.46863555908203
3901280,-105.44878387451172
3901952,-155.6664276123047
3902000,-152.83448791503906
3902000,-151.72962951660156
3903168,-138.12693786621094
3903248,-90.32978820800781
3903872,-164.1731719970703
3904848,-154.24285888671875
3905104,-152.75692749023438
3907376,-162.78359985351562
3907408,-121.18099975585938
3907472,-153.99964904785156
3907792,-80.54426574707031
3909584,-157.2535858154297
3909712,-155.37933349609375
3910656,-156.35604858398438
3911600,-154.96218872070312
3911616,-151.46803283691406
3913808,-150.6714324951172
3915264,-161.0067596435547
3916176,-148.7409210205078
3917024,-72.41145324707031
3918160,-157.2535858154297
3919808,-159.60000610351562
3920592,-57.17317199707031
3921616,-164.96218872070312
3921920,-140.80967712402344
3922384,-157.9108123779297
3922512,-153.75466918945312
3923312,-156.35604858398438
3923408,-160.78305053710938
3923712,-162.5894775390625
3924960,-122.16172790527344
3925600,-112.6209945678711
3925824,-131.20448303222656
3926112,-153.50794982910156
3928288,-61.7955207824707
3929664,-153.00909423828125
3930064,-102.47218322753906
3931440,-163.9960174560547
3932144,-155.86593627929688
3932976,-162.72500610351562
3933296,-150.40188598632812
3935440,-153.50794982910156
3937760,-158.1957550048828
3938848,-165.38357543945312
3939408,-159.3937225341797
3939872,-148.1700439453125
3939984,-165.38357543945312
3940480,-73.13636016845703
3940576,-158.5548553466797
3940912,-131.20448303222656
3941760,-134.72412109375
3942112,-154.38426208496094
3942592,-158.97708129882812
3942688,-155.6664276123047
3943968,-157.9108123779297
3945168,-160.0084991455078
3946064,-169.4744110107422
3946816,-161.2025604248047
3948432,-156.58261108398438
3948576,-154.96218872070312
3949216,-156.35604858398438
3950560,-153.25941467285156
3951360,-149.58091735839844
3951664,-160.15615844726562
3952944,-78.07585906982422
3953664,-94.36666870117188
3955312,-156.582763671875
3955680,-151.4875030517578
3955808,-153.25941467285156
3956592,-167.74594116210938
3956912,-153.25941467285156
3957392,-160.0084991455078
3958960,-90.6689682006836
3959312,-99.57037353515625
3959856,-70.28868103027344
3960112,-66.8370361328125
3961104,-79.19999694824219
3962128,-160.15615844726562
3963952,-74.75384521484375
3964512,-153.00909423828125
3966064,-162.90997314453125
3966080,-154.72412109375
3966176,-149.0230712890625
3966240,-156.35604858398438
3966240,-161.39712524414062
3966336,-161.39730834960938
3967488,-162.72500610351562
3968032,-157.9108123779297
3968160,-164.47515869140625
3968176,-156.58261108398438
3968752,-158.5548553466797
3971616,-157.9108123779297
3972384,-157.03150939941406
3972432,-155.8979034423828
3974448,-104.76099395751953
3974496,-139.60000610351562
3974624,-156.8079071044922
3974704,-149.0230712890625
3975056,-162.5894775390625
3975056,-148.4565887451172
3975840,-156.8079071044922
3976400,-110.08838653564453
3977168,-158.97708129882812
3977456,-153.1090850830078
3978672,-29.727401733398438
3978720,-162.5388641357422
3978912,-162.5388641357422
3979072,-58.10283660888672
3979568,-158.97708129882812
3980736,-96.7078857421875
3983136,-153.75466918945312
3983424,-173.0937957763672
3984960,-155.43333435058594
3986736,-164.5242462158203
3987072,-151.46803283691406
3987712,-153.50794982910156
3989392,-105.44878387451172
3989776,-153.99964904785156
3989920,-161.59043884277344
3990352,-168.22857666015625
3991888,-157.69322204589844
3992752,-116.1551742553711
3993440,-94.93134307861328
3994032,-161.8000030517578
3994128,-158.5548553466797
3994864,-170.32888793945312
3995552,-153.99964904785156
3995568,-142.5388641357422
3996208,-159.60000610351562
3996240,-152.5029296875
3996368,-166.2176513671875
3999408,-160.41168212890625
4000064,-158.34161376953125
4000912,-96.33003234863281
4001552,-90.32929992675781
4002176,-155.6664276123047
4002576,-151.9893035888672
4002576,-52.599998474121094
4002992,-167.5831298828125
4003312,-158.5548553466797
4004848,-151.20448303222656
4006960,-153.99964904785156
4007296,-151.20448303222656
4008720,-121.83684539794922
4009424,-78.3665542602539
4010160,-74.27591705322266
4010560,-150.40188598632812
4011168,-149.0230712890625
4011200,-158.5548553466797
4011648,-159.60000610351562
4012400,30.066667556762695
4013344,-149.8000030517578
4015856,-154.6358184814453
4015936,-103.2865219116211
4016032,-49.472129821777344
4016304,-161.0067596435547
4017824,-109.99513244628906
4017968,-171.1616668701172
4018144,-150.13031005859375
4019680,-163.8177947998047
4019872,-150.40188598632812
4020256,-163.99964904785156
4021552,-157.5142822265625
4024560,-144.23114013671875
4025200,-162.72500610351562
4025808,-161.59043884277344
4026208,-157.69322204589844
4026400,-87.4051742553711
4026816,-162.72500610351562
4027872,-160.15615844726562
4028512,-156.8079071044922
4030480,-97.38823699951172
4031024,-165.88697814941406
4031296,-153.99964904785156
4031696,-106.86923217773438
4032016,-161.8000030517578
4033056,-161.0067596435547
4033088,-164.3492431640625
4033696,-154.72412109375
4033776,-154.24285888671875
4034320,-111.01052856445312
4034560,-153.75466918945312
4034736,-82.34685516357422
4035168,-152.75692749023438
4036288,-150.93894958496094
4036416,-153.00909423828125
4036416,-160.15615844726562
4037264,-158.86293029785156
4037328,-167.25454711914062
4037824,-154.96218872070312
4037968,-167.25454711914062
4040624,-163.3584442138672
4042704,-160.611328125
4043952,-161.0067596435547
4044848,-161.0067596435547
4045152,-96.19937133789062
4046416,-167.2535858154297
4047056,-108.75593566894531
4047808,-66.22881317138672
4048528,-163.45802307128906
4048624,-63.476924896240234
4049376,-162.90997314453125
4049936,-165.04293823242188
4050656,-157.47415161132812
4050768,-157.9108123779297
4050976,-92.01290130615234
4051040,-130.6714324951172
4052656,-159.80491638183594
4053088,-157.9108123779297
4053328,-76.47272491455078
4054992,-162.90997314453125
4055200,-161.2025604248047
4055328,-156.345458984375
4055440,-160.41168212890625
4057312,-157.47415161132812
4058592,-96.58679962158203
4059232,-162.19735717773438
4059344,-152.75692749023438
4060592,-156.35604858398438
4061520,-148.92550659179688
4061664,-157.69322204589844
4062128,-151.72962951660156
4065456,-151.20448303222656
4065744,-161.46803283691406
4066912,-81.22413635253906
4069680,-164.69818115234375
4070112,-154.48434448242188
4071088,-78.16470336914062
4072080,-164.87107849121094
4072656,-158.76666259765625
4073584,-61.64388656616211
4073600,-90.7282943725586
4073632,-127.99873352050781
4073920,-165.21377563476562
4074192,-158.12693786621094
4076272,-136.12777709960938
4076304,-153.75466918945312
4076448,-155.53334045410156
4076608,-157.47415161132812
4078192,-160.80967712402344
4078752,-93.6096420288086
4079696,-83.14545440673828
4079808,-162.90997314453125
4080144,-161.2025604248047
4080240,-171.6607208251953
4080320,-155.43333435058594
4081712,-155.86593627929688
4082016,-156.81805419921875
4083392,-155.19859313964844
4084544,-154.24285888671875
4085312,-97.88104248046875
4085568,-64.94100952148438
4086656,-153.75466918945312
4086864,-160.41168212890625
4090864,-158.76666259765625
4092256,-163.45802307128906
4092560,-160.21075439453125
4093200,-92.36165618896484
4093520,-170.07586669921875
4094368,-161.39712524414062
4095504,-105.47647094726562
4096976,-160.80967712402344
4097488,-161.2025604248047
4097984,-155.8979034423828
4098016,-159.18609619140625
4098112,-95.86923217773438
4098320,-102.05415344238281
4098960,-163.63845825195312
4099104,-89.38888549804688
4100208,-160.78305053710938
4101712,-162.35157775878906
4101840,-153.50794982910156
4103296,-122.66312408447266
4103888,-61.315330505371094
4104816,-151.9893035888672
4106688,-107.08496856689453
4107856,-81.35853576660156
4109904,-53.46778106689453
4111072,-162.97647094726562
4111136,-162.78359985351562
4111424,-75.38704681396484
4111920,-160.0084991455078
4112144,-152.24705505371094
4112432,-158.12693786621094
4114256,-158.12693786621094
4114304,-94.49718475341797
4114800,-103.13252258300781
4115200,-69.27017211914062
4116112,-150.65374755859375
4116208,-152.5029296875
4116960,-157.0518035888672
4117472,-154.48434448242188
4119584,-154.72412109375
4121184,-156.12777709960938
4122544,-143.5876007080078
4123616,-154.96218872070312
4124064,-159.60000610351562
4124080,-154.24285888671875
4124800,-153.00909423828125
4125632,-98.66773986816406
4125792,-92.9635009765625
4126160,-161.19393920898438
4126752,-142.19735717773438
4127840,-160.21075439453125
4128080,-166.75413513183594
4128128,-154.24285888671875
4128528,-71.43197631835938
4128752,-75.34194946289062
4129008,-163.54757690429688
4129184,-144.29200744628906
4130016,-155.6664276123047
4130976,-168.72921752929688
4131120,-156.12777709960938
4131296,-158.97708129882812
4132336,-163.16807556152344
4132496,-151.46803283691406
4133088,-151.20448303222656
4133232,-152.75692749023438
4135344,-162.5894775390625
4136272,-155.8979034423828
4137856,-80.15901947021484
4138944,-96.28860473632812
4139760,-79.47856903076172
4140960,-162.72500610351562
4141184,-95.85713958740234
4141520,-160.98919677734375
4141664,-147.88125610351562
4141840,-163.92218017578125
4143088,-157.69322204589844
4143232,-160.80967712402344
4145952,-155.8979034423828
4148160,-164.29200744628906
4149200,-156.8079071044922
4149776,-164.5242462158203
4150176,-154.96218872070312
4150416,-107.2229232788086
4150480,-154.24285888671875
4151312,-153.50794982910156
4151664,-149.58091735839844
4152048,-153.00909423828125
4152912,-55.673770904541016
4153120,-160.0084991455078
4153120,-150.40188598632812
4154032,-85.74285888671875
4154640,-152.75692749023438
4156288,-78.07585906982422
4158240,-77.65660095214844
4158672,-79.6742172241211
4159024,-156.12777709960938
4159968,-87.03877258300781
4160352,-155.43333435058594
4160592,-159.51626586914062
4161456,-161.69044494628906
4163040,-66.98695373535156
4163536,-155.43333435058594
4163552,-155.62353515625
4164192,-157.47415161132812
4165632,-153.00909423828125
4166048,-161.59933471679688
4166976,-152.75692749023438
4167008,-156.8079071044922
4167600,-165.38357543945312
4167712,-156.582763671875
4169856,-156.12777709960938
4169872,-161.59933471679688
4171232,-151.72962951660156
4173344,-157.9108123779297
4175296,-150.13031005859375
4176544,-158.5548553466797
4177536,-161.39712524414062
4178528,-166.5852813720703
4178656,-159.51626586914062
4178848,-164.3492431640625
4179488,-156.345458984375
4180944,-142.90997314453125
4180944,-155.86593627929688
4180976,-80.01579284667969
4181744,-161.2025604248047
4182464,26.4462890625
4182832,-154.48434448242188
4183136,-160.21075439453125
4184576,-161.7825469970703
4185248,-149.30307006835938
4186560,-149.0230712890625
4186976,-159.3937225341797
4186992,-153.99964904785156
4187056,-154.48434448242188
4187360,-161.39712524414062
4187440,-102.26445770263672
4187568,-159.3937225341797
4188624,-159.9443359375
4189088,-154.24285888671875
4189200,-160.21075439453125
4191216,-151.72962951660156
4193472,-83.14545440673828
4193632,-81.75494384765625
4193904,-154.96218872070312
4195856,-79.38571166992188
4196736,-161.19393920898438
4198048,-154.96218872070312
4199552,-156.12777709960938
4201088,-150.77142333984375
4202176,-158.5548553466797
4204288,-161.2025604248047
4204496,-155.6664276123047
4204832,-84.58547973632812
4205072,-105.9208755493164
4205200,-152.3019256591797
4205312,-160.611328125
4206032,-84.90377044677734
4208128,-154.13082885742188
4208160,-102.73985290527344
4208896,-149.0230712890625
4209360,-151.20448303222656
4209536,-147.29684448242188
4210848,-165.88697814941406
4211984,-69.27017211914062
4212032,-161.72962951660156
4213584,-157.47415161132812
4215696,-160.80967712402344
4215728,-155.43333435058594
4216208,-156.35604858398438
4216256,-161.0067596435547
4216752,-153.25941467285156
4217120,-159.3937225341797
4217968,-156.35604858398438
4218048,-148.4565887451172
4219376,-162.97647094726562
4219856,-144.23114013671875
4220192,-159.80491638183594
4221520,-67.28397369384766
4222512,-140.554931640625
4222544,-152.5029296875
4222880,-93.85330963134766
4223312,-161.39712524414062
4223376,-167.0275421142578
4224992,-157.9108123779297
4225744,-158.76666259765625
4227856,-158.76666259765625
4230944,-82.47142791748047
4231280,-160.5755157470703
4231680,-157.03150939941406
4232080,-151.20448303222656
4232752,-156.582763671875
4234176,-163.92218017578125
4235168,-161.7825469970703
4235744,-153.50794982910156
4236288,-161.97341918945312
4236304,-154.48434448242188
4238224,-84.54285430908203
4238400,-157.9108123779297
4238400,-159.51626586914062
4238752,-155.6664276123047
4239440,-160.5755157470703
4239728,-159.80491638183594
4240512,-153.75466918945312
4242080,-145.48709106445312
4242336,-161.97341918945312
4242432,-96.58679962158203
4242960,-51.08386993408203
4244480,-163.73548889160156
4245088,-155.6664276123047
4245328,-99.23619842529297
4245344,-155.19859313964844
4245376,-89.91694641113281
4246032,-155.8979034423828
4246656,-162.1630859375
4247184,-162.39405822753906
4247984,-147.29684448242188
4248144,-164.1731719970703
4248720,-161.99932861328125
4249536,-162.90997314453125
4250096,-165.04293823242188
4251376,-89.59832763671875
4252896,-163.63845825195312
4252944,-149.0230712890625
4253328,-163.0937957763672
4253824,-157.9108123779297
4253904,-158.5548553466797
4254720,-160.611328125
4254976,-157.69322204589844
4256016,-165.55238342285156
4256048,-159.0822296142578
4256128,-168.70265197753906
4257408,-162.1630859375
4257456,-138.12693786621094
4257488,-71.06111145019531
4259520,-157.2535858154297
4260224,-154.96218872070312
4260864,-106.19924926757812
4260896,-155.19859313964844
4261792,-160.41168212890625
4263904,-160.80967712402344
4264080,-76.26433563232422
4264128,-150.40188598632812
4264432,-159.18609619140625
4265552,-90.11817932128906
4265712,-154.48434448242188
4268288,-163.73548889160156
4269616,-162.5894775390625
4270224,-157.9108123779297
4271072,-159.60000610351562
4271936,-155.6664276123047
4272352,-157.69322204589844
4272352,-74.78823852539062
4272640,-92.72834777832031
4273104,-106.28947448730469
4273216,-74.21845245361328
4273600,-160.41168212890625
4274448,-167.74594116210938
4274480,-157.03150939941406
4275312,-147.1112060546875
4275824,-157.03150939941406
4277920,-158.64210510253906
4278944,-162.19735717773438
4279344,-62.569698333740234
4281008,-152.5029296875
4281456,-149.85665893554688
4281536,-155.43333435058594
4282032,-159.18609619140625
4283600,-158.5548553466797
4284144,-159.60000610351562
4286112,-61.315330505371094
4286864,-155.6664276123047
4287712,-162.19735717773438
4289824,-154.72412109375
4290464,-159.3937225341797
4290544,-167.0275421142578
4291232,-151.20448303222656
4291408,-44.781368255615234
4292336,-153.75466918945312
4293664,-157.9108123779297
4294512,-153.00909423828125
4295936,-1.236760139465332
4296768,-160.611328125
4297872,-157.0518035888672
4298080,-86.83775329589844
4298320,-84.02367401123047
4299936,19.124675750732422
4300640,-160.21075439453125
4301072,-93.06867980957031
4301232,-94.42599487304688
4301648,-157.2535858154297
4302048,-154.48434448242188
4303104,-161.59043884277344
4303344,-151.20448303222656
4303584,-166.2176513671875
4305568,-74.23332977294922
4305648,-153.50794982910156
4305696,-157.69322204589844
4306288,-152.24705505371094
4307424,-158.12693786621094
4307424,-157.74305725097656
4307760,-155.43333435058594
4307968,-166.05279541015625
4308800,-155.8979034423828
4308864,-157.47415161132812
4309664,-162.1630859375
4309680,-105.87222290039062
4310512,-159.60000610351562
4311856,-165.88697814941406
4313040,-108.88812255859375
4313184,-142.19735717773438
4313936,-164.1731719970703
4315280,-159.51626586914062
4315616,-160.21075439453125
4316672,-77.85582733154297
4317136,-149.0230712890625
4319568,-78.80967712402344
4319840,-161.97341918945312
4320064,-100.70594787597656
4320096,-158.12693786621094
4320336,-162.19735717773438
4320560,-153.25941467285156
4320592,-168.72921752929688
4321952,-159.18609619140625
4322768,-88.58484649658203
4323776,-159.80491638183594
4324144,-83.62059783935547
4324176,-161.0067596435547
4324272,-111.84576416015625
4329616,-171.97341918945312
4330848,-159.3937225341797
4331728,-152.75692749023438
4331968,-154.24285888671875
4332000,-154.48434448242188
4332768,-139.3937225341797
4333488,-165.01766967773438
4333856,-158.86293029785156
4334112,-160.10848999023438
4335920,-155.8979034423828
4337216,-152.75692749023438
4337312,-150.40188598632812
4337408,-159.60000610351562
4337696,-156.35604858398438
4337712,-156.12777709960938
4338304,-160.21075439453125
4339328,-151.46803283691406
4345776,-155.8979034423828
4346128,-155.8979034423828
4348096,-99.19486999511719
4348240,-157.9108123779297
4348336,-156.35604858398438
4350944,-163.45802307128906
4351344,-166.86744689941406
4352496,-165.38357543945312
4353328,-161.2025604248047
4354176,-155.8979034423828
4354416,-156.35604858398438
4354544,-166.9219512939453
4354784,-158.76666259765625
4356080,-152.5029296875
4356352,-159.80491638183594
4357552,-156.8079071044922
4358640,-160.41168212890625
4358752,-164.29200744628906
4359664,-152.75692749023438
4360864,-162.90997314453125
4361504,-159.3937225341797
4361808,-164.5242462158203
4361856,-160.21075439453125
4361872,-111.28518676757812
4362688,-151.72962951660156
4363920,-161.0067596435547
4363936,-156.582763671875
4364352,-77.85582733154297
4365168,-123.02641296386719
4365328,-158.5548553466797
4366048,-154.72412109375
4366560,-160.80967712402344
4366608,-97.32901000976562
4367280,-153.99964904785156
4367664,-163.27647399902344
4368544,-162.90997314453125
4368640,-150.93894958496094
4368672,-156.8079071044922
4369088,-64.8215560913086
4370224,-145.48709106445312
4370992,-61.86106872558594
4371536,-162.1630859375
4372720,-168.22857666015625
4372768,-157.2535858154297
4372880,-155.43333435058594
4373104,-151.46803283691406
4374832,-159.80491638183594
4375120,-165.89938354492188
4375168,-156.8079071044922
4375888,-159.18609619140625
4376944,-142.90997314453125
4377520,-81.17460632324219
4379104,-151.20448303222656
4380064,-157.0518035888672
4380336,-77.63469696044922
4380496,-111.05904388427734
4381904,-74.23332977294922
4382944,-154.24285888671875
4384672,-56.94662094116211
4384784,-162.19735717773438
4385360,-153.99964904785156
4386496,-78.8302001953125
4387472,-161.97341918945312
4388976,-160.21075439453125
4388992,-161.99932861328125
4389584,-165.55238342285156
4390336,-165.01766967773438
4390848,-78.22949981689453
4392960,-62.92856979370117
4392960,-160.0084991455078
4393344,-93.45454406738281
4393504,-144.54898071289062
4397424,-151.20448303222656
4397520,-157.47415161132812
4397568,-153.50794982910156
4397584,-80.0
4397872,-120.690673828125
4398176,-75.6877212524414
4399680,-162.35157775878906
4400112,-159.51626586914062
4400496,-153.00909423828125
4400960,-152.24705505371094
4401104,-90.29541778564453
4401616,-157.47415161132812
4401744,-157.9108123779297
4401808,-107.3816909790039
4402208,-162.5894775390625
4402608,-154.96218872070312
4403744,-159.80491638183594
4403856,-153.99964904785156
4403904,-156.12777709960938
4403904,-106.19924926757812
4404128,-81.01317596435547
4404512,-169.02737426757812
4405088,-89.4972152709961
4405872,-163.45802307128906
4406432,-153.99964904785156
4406544,-67.4383773803711
4406848,-76.11428833007812
4407424,-162.5894775390625
4408080,-157.9108123779297
4408096,-70.38426971435547
4408480,-164.10769653320312
4408720,-161.39712524414062
4408736,-156.582763671875
4409536,-161.59043884277344
4410752,-169.4744110107422
4411648,-162.1630859375
4412400,-160.41168212890625
4413152,-173.8177947998047
4414784,-154.6358184814453
4415952,-66.35454559326172
4416528,-162.72500610351562
4416880,-162.97647094726562
4417664,-55.41093063354492
4417712,-152.5029296875
4418352,-75.92857360839844
4419776,-158.5548553466797
4420752,-160.0084991455078
4420976,-102.26445770263672
4421136,-154.48434448242188
4422864,-150.40188598632812
4425328,-161.2025604248047
4425344,-158.97708129882812
4425888,-157.74305725097656
4426336,-151.72962951660156
4427072,-156.68275451660156
4427616,-154.24285888671875
4428048,-161.39712524414062
4429824,-165.01766967773438
4430912,-79.48382568359375
4431248,-155.43333435058594
4431840,-152.24705505371094
4434000,-166.9219512939453
4434384,-167.18670654296875
4434784,-154.72412109375
4436384,-160.611328125
4436896,-158.34161376953125
4438176,-124.12631225585938
4438480,-161.19393920898438
4438544,-159.3937225341797
4438592,-165.89938354492188
4438864,-65.71752166748047
4439360,-160.0084991455078
4439968,-160.0084991455078
4440976,-78.79059600830078
4441456,-161.19393920898438
4441744,-159.51626586914062
4442080,-165.88697814941406
4442400,-155.6664276123047
4442480,-151.72962951660156
4443232,-161.59043884277344
4443776,-158.76666259765625
4443888,-88.0729751586914
4444912,-160.0084991455078
4446800,-156.582763671875
4447248,-87.52069091796875
4447568,-95.70963287353516
4449136,-155.19859313964844
4451984,-80.34927368164062
4452048,-156.12777709960938
4453168,-110.60281372070312
4455232,-153.99964904785156
4455536,-154.72412109375
4455904,-134.96218872070312
4456208,-154.24285888671875
4456272,-153.25941467285156
4456640,-38.64561462402344
4457072,-151.72962951660156
4457392,-160.21075439453125
4458672,-154.48434448242188
4458752,-162.72500610351562
4459712,-167.9689483642578
4460352,-151.9893035888672
4460480,-164.83798217773438
4462128,-155.43333435058594
4462560,-161.39730834960938
4463392,-162.3019256591797
4463408,-165.38357543945312
4464896,-161.97341918945312
4466656,-155.6664276123047
4466752,-158.5548553466797
4469312,-159.80491638183594
4470272,-95.70963287353516
4470880,-151.20448303222656
4471264,-161.0067596435547
4471280,-154.72412109375
4471504,-110.85836791992188
4472064,-152.03256225585938
4472672,-157.47415161132812
4473600,-154.6358184814453
4473632,-80.9000015258789
4474288,-162.90997314453125
4476624,-66.52592468261719
4478128,-157.2535858154297
4480256,-162.72500610351562
4480528,-153.61817932128906
4481728,-153.25941467285156
4482320,-153.09771728515625
4482624,-155.13333129882812
4482768,-164.87107849121094
4483424,-93.43514251708984
4483552,-160.80967712402344
4484480,-155.43333435058594
4484736,-163.8177947998047
4485072,-94.46893310546875
4486256,-132.24705505371094
4486272,-162.97647094726562
4486992,-159.18609619140625
4487184,-159.6999969482422
4488320,-164.29200744628906
4489104,-152.24705505371094
4489296,-157.03150939941406
4491488,-153.75466918945312
4493600,-150.13031005859375
4493856,-150.13031005859375
4494144,-53.09317398071289
4494368,-160.80967712402344
4494768,-105.67058563232422
4495200,-155.6664276123047
4498336,-158.97708129882812
4498976,-164.6571502685547
4499936,-91.7410888671875
4500464,-158.34161376953125
4501136,-70.70943450927734
4501232,-158.1957550048828
4502928,-102.3567886352539
4503248,-159.80491638183594
4503648,-161.2025604248047
4504688,-157.03150939941406
4505312,-157.03150939941406
4507328,-93.91986846923828
4508096,-157.97021484375
4509120,-157.47415161132812
4509440,-151.9893035888672
4509584,-161.97341918945312
4510208,-157.69322204589844
4511264,-152.24705505371094
4512304,-168.38754272460938
4513344,-161.39712524414062
4513376,-159.80491638183594
4513760,-151.20448303222656
4513808,-163.9960174560547
4514320,-114.49677276611328
4515456,-165.04293823242188
4515712,-150.93894958496094
4519072,-81.35853576660156
4520208,-161.0067596435547
4522240,-108.41881561279297
4522304,-162.39405822753906
4522352,-83.8499984741211
4523376,-156.12777709960938
4523424,-158.97708129882812
4525744,-154.48434448242188
4526464,-158.5548553466797
4526512,-162.5388641357422
4526704,-163.63845825195312
4527232,-88.00653076171875
4527600,-167.34495544433594
4527856,-156.12777709960938
4528576,-159.18609619140625
4528688,-161.7825469970703
4529968,-151.9893035888672
4530800,-158.97708129882812
4531264,-158.76666259765625
4531440,-61.24444580078125
4533040,-156.8079071044922
4533552,-152.34706115722656
4533920,-165.19622802734375
4535008,-155.43333435058594
4535200,-163.45802307128906
4535664,-167.18670654296875
4537120,-155.6664276123047
4537344,-156.8079071044922
4537632,-165.88697814941406
4539232,-162.5388641357422
4540080,-74.52226257324219
4540448,-162.97647094726562
4541568,-138.5548553466797
4541968,-166.9219512939453
4542336,-108.13519287109375
4542496,-150.6714324951172
4542560,-162.1630859375
4542736,-106.17142486572266
4543232,-71.56067657470703
4543856,-150.40188598632812
4544304,-162.1630859375
4544432,-162.97647094726562
4545328,-161.19393920898438
4545792,-156.12777709960938
4546752,-165.19622802734375
4546880,-84.87010192871094
4547856,-115.00173950195312
4549088,-156.8079071044922
4549552,-159.3937225341797
4550128,-105.0062484741211
4550848,-161.39712524414062
4551344,-157.2535858154297
4551664,-155.43333435058594
4552736,-153.25941467285156
4553296,-91.04934692382812
4554336,-154.72412109375
4555184,-163.0937957763672
4556272,-162.72500610351562
4556448,-155.6664276123047
4556864,-159.18609619140625
4557296,-158.76666259765625
4557520,-155.6664276123047
4557696,-158.76666259765625
4559968,-99.04830169677734
4560368,-80.88555908203125
4561728,-162.19735717773438
4562176,-149.58091735839844
4562624,-157.47415161132812
4564032,-159.60000610351562
4564112,-158.5548553466797
4564176,-149.85665893554688
4564880,-157.03150939941406
4565280,-52.018978118896484
4565952,-156.8079071044922
4566496,-157.2535858154297
4566992,-154.24285888671875
4568240,-165.55238342285156
4569952,-157.03150939941406
4570992,-82.99252319335938
4571664,-70.31014251708984
4571712,-77.97024536132812
4572848,-149.58091735839844
4573040,-159.3937225341797
4573728,-87.52069091796875
4573808,-87.03148651123047
4574176,-162.90997314453125
4574560,-157.03150939941406
4576688,-167.41934204101562
4577248,-163.16807556152344
4577312,-161.7825469970703
4580704,-153.75466918945312
4580880,-161.7825469970703
4582176,-158.12693786621094
4583552,-99.98263549804688
4583824,-96.80298614501953
4584368,-152.75692749023438
4586480,-158.97708129882812
4587776,-148.7409210205078
4587968,-157.03150939941406
4588272,-157.47415161132812
4588496,-154.6358184814453
4589312,-157.5142822265625
4590080,-161.97341918945312
4592720,-155.19859313964844
4594112,-161.2025604248047
4594288,-144.86422729492188
4595504,-159.0822296142578
4595840,-163.54757690429688
4595984,-77.85582733154297
4596816,-160.78305053710938
4597072,-156.582763671875
4597984,-158.97708129882812
4598512,-158.5548553466797
4599152,-119.26626586914062
4599584,-92.54557800292969
4599584,-154.24285888671875
4600080,-157.5142822265625
4600240,-149.85665893554688
4601296,-151.72962951660156
4602896,-154.24285888671875
4603056,-152.75692749023438
4603648,-112.79847717285156
4607120,-156.8079071044922
4608432,-86.04285430908203
4608512,-150.40188598632812
4609136,-157.69322204589844
4610608,-156.345458984375
4611760,-82.34685516357422
4613248,-158.4197235107422
4613472,-87.30810546875
4617248,-66.2312240600586
4617520,-140.0084991455078
4617648,-157.47415161132812
4617968,-80.71107482910156
4618464,-80.20967864990234
4619360,-156.582763671875
4619952,-98.39533233642578
4620032,-98.39533233642578
4620416,-162.5388641357422
4621104,-148.1227264404297
4621200,-96.32740020751953
4622576,-149.58091735839844
4626912,-153.25941467285156
4628704,-156.345458984375
4629680,-156.81805419921875
4629904,-154.96218872070312
4630112,-153.00909423828125
4630416,-153.99964904785156
4630464,-150.13031005859375
4631024,-160.611328125
4631728,-153.50794982910156
4632688,-150.6714324951172
4633248,-163.8177947998047
4633840,-146.7031707763672
4634976,-152.24705505371094
4635056,-94.82073211669922
4635120,-163.8177947998047
4635360,-169.18609619140625
4638048,-154.96218872070312
4638352,-152.24705505371094
4638688,-145.79478454589844
4638784,-160.611328125
4639344,-154.72412109375
4639472,-157.69322204589844
4639584,-159.60000610351562
4639664,-166.5852813720703
4642272,-169.46841430664062
4642912,-126.42154693603516
4643360,-153.00909423828125
4644784,-144.23114013671875
4646528,-157.47415161132812
4647920,-143.91070556640625
4649488,-77.02222442626953
4649584,-93.26457977294922
4649904,-163.45802307128906
4650112,-155.19859313964844
4651408,-161.97341918945312
4652080,-90.19650268554688
4653712,-150.40188598632812
4654480,-157.47415161132812
4654496,-78.59725189208984
4654912,-159.51626586914062
4656320,-159.18609619140625
4656384,-157.69322204589844
4656736,-151.20448303222656
4656848,-160.80967712402344
4656864,-160.80967712402344
4657072,-157.9108123779297
4658432,-160.80967712402344
4658800,-75.95384979248047
4658816,-149.58091735839844
4660544,-159.80491638183594
4660912,-156.12777709960938
4660928,-153.25941467285156
4661056,-156.58261108398438
4661072,-166.24444580078125
4663184,-155.43333435058594
4664048,-142.93333435058594
4665360,-100.01778411865234
4665568,-152.75692749023438
4666240,-157.74305725097656
4666576,-157.03150939941406
4667344,-152.5029296875
4667472,-153.25941467285156
4667968,-71.30525970458984
4668352,-152.24705505371094
4669584,-155.19859313964844
4669888,-158.12693786621094
4670432,-77.07747650146484
4670464,-158.34161376953125
4671328,38.821739196777344
4671552,-158.64210510253906
4673968,-150.6714324951172
4674864,-158.97708129882812
4675552,-155.6664276123047
4677344,-74.65882110595703
4677472,-107.66642761230469
4677936,-149.0230712890625
4678544,-157.9108123779297
4680048,-48.81578826904297
4681504,-157.97021484375
4681936,-66.0614013671875
4682096,-162.1630859375
4682160,-147.00119018554688
4683296,-152.5029296875
4684176,-108.6757583618164
4684272,-157.69322204589844
4684288,-160.21075439453125
4684848,-154.24285888671875
4684848,-155.86593627929688
4686384,-166.7064208984375
4686736,-157.5142822265625
4686752,-109.77872467041016
4687504,-159.9443359375
4689072,-161.0067596435547
4689504,-110.19222259521484
4690512,-165.21377563476562
4692368,-161.7825469970703
4692736,-164.62423706054688
4692896,-154.48434448242188
4693504,-92.5857162475586
4694496,-163.25941467285156
4694848,-154.96218872070312
4695120,-150.6714324951172
4696192,-159.3000030517578
4696880,-159.18609619140625
4699440,-156.582763671875
4701072,-149.58091735839844
4701296,-130.40188598632812
4701328,-163.9960174560547
4701360,-159.0822296142578
4702352,-160.21075439453125
4703424,-163.16807556152344
4703472,-154.96218872070312
4703840,-154.24285888671875
4704048,-149.85665893554688
4704064,-100.4137954711914
4704464,-157.69322204589844
4704672,-157.69322204589844
4705920,-161.7825469970703
4706704,-154.24285888671875
4707680,-160.15615844726562
4708016,-158.64210510253906
4708032,-150.13031005859375
4708048,-157.74305725097656
4711008,-159.18609619140625
4711200,-68.11568450927734
4712496,-161.0067596435547
4713040,-157.9108123779297
4714400,-162.72500610351562
4714976,-162.39405822753906
4715152,-153.25941467285156
4715648,-162.90997314453125
4716432,-153.50794982910156
4717120,-154.48434448242188
4717712,-157.03150939941406
4718896,-157.9108123779297
4720016,-63.10584259033203
4721008,-155.6664276123047
4721840,-78.59725189208984
4722848,-159.3937225341797
4724096,-156.12777709960938
4724960,-82.86575317382812
4725376,-103.83892822265625
4725584,-162.72500610351562
4726064,-153.75466918945312
4729984,-155.86593627929688
4730400,-135.43333435058594
4731536,-162.39405822753906
4732512,-154.48434448242188
4732656,-85.04035186767578
4733344,-160.80967712402344
4733984,-159.18609619140625
4734112,-157.03150939941406
4734448,-96.19937133789062
4736448,-66.35454559326172
4736496,-160.78305053710938
4736512,-96.8121109008789
4736560,-154.96218872070312
4736592,-73.81476593017578
4737856,-158.34161376953125
4739824,-152.5029296875
4739968,-156.8079071044922
4741392,-153.25941467285156
4741936,-155.6664276123047
4742096,-158.12693786621094
4742416,-155.86593627929688
4742848,-153.25941467285156
4743152,-158.86293029785156
4743328,-156.12777709960938
4744944,-162.19735717773438
4745232,-90.34142303466797
4745792,-80.9000015258789
4745840,-164.29200744628906
4746288,-165.72523498535156
4747008,-160.0084991455078
4747056,-163.8177947998047
4747504,-158.97708129882812
4748976,-157.47415161132812
4749616,-154.72412109375
4751072,-161.99932861328125
4752496,-155.19859313964844
4752864,-158.76666259765625
4753344,-146.10000610351562
4753824,-155.19859313964844
4754096,-149.85665893554688
4754608,-153.99964904785156
4755056,-160.611328125
4756304,-82.2397232055664
4757392,-140.15615844726562
4758624,-154.13082885742188
4759200,-161.59043884277344
4759424,-52.380645751953125
4759680,-155.8979034423828
4760432,-159.80491638183594
4760736,-156.35604858398438
4761104,-78.9483413696289
4761664,-87.25724029541016
4762848,-160.0084991455078
4765888,-163.9960174560547
4765888,-160.80967712402344
4765984,-155.62353515625
4766320,-90.45352935791016
4767440,-158.12693786621094
4768864,-160.15615844726562
4769552,-161.7825469970703
4770096,-160.611328125
4770112,-149.58091735839844
4770528,-159.7310333251953
4771184,-105.87222290039062
4771664,-160.0084991455078
4773536,-150.13031005859375
4774752,-157.9108123779297
4775024,-157.9108123779297
4776784,-110.85836791992188
4778784,-153.09771728515625
4778896,-165.55238342285156
4779248,-152.5029296875
4780368,-154.72412109375
4781296,-157.47415161132812
4781456,-160.41168212890625
4781728,-157.47415161132812
4781744,-160.80967712402344
4782752,-165.89938354492188
4783984,-161.97341918945312
4784304,-159.3937225341797
4784688,-158.97708129882812
4785424,-102.26445770263672
4787312,-158.76666259765625
4787600,-153.75466918945312
4787632,-160.21075439453125
4788736,-157.47415161132812
4789776,-77.60848999023438
4790736,-82.62394714355469
4791088,-106.68852233886719
4791232,-156.8079071044922
4792848,-158.97708129882812
4794800,-82.0798568725586
4795648,-84.4677963256836
4796016,21.04918098449707
4796048,-157.0518035888672
4798416,-162.5388641357422
4798848,-153.50794982910156
4798880,-154.72412109375
4798928,-161.7825469970703
4799296,-114.8671646118164
4799472,-154.72412109375
4800992,-159.3937225341797
4801568,-163.92218017578125
4801952,-157.2535858154297
4803120,-82.86575317382812
4803248,-158.97708129882812
4804032,-46.947471618652344
4804624,-156.8079071044922
4805968,-158.97708129882812
4806464,-161.39712524414062
4806864,-149.4744110107422
4808240,-152.5029296875
4808272,-75.37813568115234
4808304,-89.76896667480469
4809664,-158.5548553466797
4809728,-87.78585815429688
4810672,-149.8000030517578
4811056,-151.9893035888672
4811840,-160.0084991455078
4813968,-151.72962951660156
4814192,-160.5755157470703
4815056,-73.12727355957031
4815200,-155.19859313964844
4816064,-161.7825469970703
4817280,-156.8079071044922
4820304,-163.63845825195312
4820432,-118.65714263916016
4821808,-155.8979034423828
4822400,-170.66363525390625
4822544,-162.1630859375
4823920,-155.43333435058594
4824144,-157.97021484375
4824288,-159.60000610351562
4824496,-146.4027862548828
4824736,-108.88812255859375
4825888,-158.34161376953125
4826032,-160.41168212890625
4829792,-108.15353393554688
4830320,-170.80967712402344
4831728,-82.62394714355469
4831936,-87.03605651855469
4832144,-92.5857162475586
4832960,-150.13031005859375
4833840,-158.34161376953125
4834496,-159.80491638183594
4836144,-153.75466918945312
4836352,-133.50794982910156
4837136,-158.64210510253906
4838448,-165.88697814941406
4839280,-155.19859313964844
4840560,-112.6209945678711
4840768,-93.19676208496094
4840944,-76.72063446044922
4841568,-165.01766967773438
4842480,-155.8979034423828
4842672,-137.47415161132812
4842880,-163.0937957763672
4842960,-154.38426208496094
4843264,-159.9443359375
4843328,-149.58091735839844
4843728,-165.88697814941406
4845152,-167.41934204101562
4845840,-154.96218872070312
4846304,-162.35157775878906
4846800,-122.70721435546875
4846880,-167.0518035888672
4850336,-97.45246124267578
4851024,-156.582763671875
4851472,-166.07244873046875
4852144,-166.9219512939453
4852176,-154.72412109375
4852448,-160.41168212890625
4852496,-158.76666259765625
4852640,-152.24705505371094
4853008,-159.0822296142578
4853840,-80.99852752685547
4854432,-155.19859313964844
4856848,-115.77971649169922
4856880,-152.5029296875
4860080,-159.60000610351562
4860432,-157.03150939941406
4861296,-161.7825469970703
4862240,-161.97341918945312
4863952,-104.57777404785156
4864080,-75.34329223632812
4864800,-168.4276885986328
4864816,-161.2025604248047
4866784,-153.75466918945312
4866912,-167.50230407714844
4868176,-144.5242462158203
4868304,-156.582763671875
4868832,-86.04285430908203
4870896,-89.22718048095703
4871664,-109.04444122314453
4872384,-158.86293029785156
4872496,-155.62353515625
4873040,-158.5548553466797
4876528,-159.0822296142578
4876912,-163.27647399902344
4877136,-94.2874984741211
4878048,-152.24705505371094
4878160,-86.82711791992188
4880272,-160.611328125
4880640,-157.9108123779297
4881072,-160.98919677734375
4882208,-159.3937225341797
4882368,-165.89938354492188
4883472,-160.611328125
4884320,-157.2535858154297
4884464,-157.74305725097656
4886016,-164.83798217773438
4886176,-158.5548553466797
4886256,-79.15035247802734
4886432,-154.72412109375
4887680,-153.50794982910156
4890480,-151.72962951660156
4892752,-154.96218872070312
4892992,-159.0822296142578
4894528,-152.75692749023438
4894784,-155.8979034423828
4895408,-146.4027862548828
4896736,-149.0230712890625
4896848,-105.87222290039062
4896896,-157.69322204589844
4898592,-71.43197631835938
4900848,-81.6492919921875
4900960,-148.7409210205078
4901104,-160.611328125
4901360,-156.582763671875
4901376,-158.5548553466797
4903344,-71.4117660522461
4905456,-148.1700439453125
4905472,-155.8979034423828
4906976,-166.41539001464844
4907344,-157.2535858154297
4907568,-156.1065673828125
4907760,-150.65374755859375
4908384,-85.99040985107422
4909280,-156.8079071044922
4910064,-83.81330871582031
4910176,-72.23448181152344
4910320,-109.36227416992188
4911968,-159.9443359375
4912016,-162.35157775878906
4913312,-166.05279541015625
4914736,-158.5548553466797
4916064,-156.582763671875
4916384,-155.6664276123047
4916400,-162.19735717773438
4917536,-161.2025604248047
4917760,-114.4924545288086
4918688,-111.39208984375
4918688,-164.83798217773438
4918944,-156.35604858398438
4919504,-148.4565887451172
4919648,-147.00119018554688
4920416,-164.1731719970703
4920608,-157.03150939941406
4920624,-163.9960174560547
4921760,-155.19859313964844
4921808,-105.23619842529297
4921936,-160.611328125
4923216,-164.6571502685547
4924048,-159.60000610351562
4925984,-154.96218872070312
4926160,-160.611328125
4927136,-156.582763671875
4927424,-162.5388641357422
4928336,-156.35604858398438
4929264,-163.8177947998047
4931248,-159.51626586914062
4931376,-163.0937957763672
4931568,-154.96218872070312
4931808,-161.2025604248047
4932496,-154.72412109375
4933856,-165.19622802734375
4935824,-158.12693786621094
4935888,-160.21075439453125
4935904,-157.47415161132812
4937248,-149.85665893554688
4937888,-151.72962951660156
4938832,-98.35887908935547
4939568,-165.04293823242188
4940048,-157.47415161132812
4941584,-64.32559967041016
4943696,-157.47415161132812
4944592,-75.26483154296875
4945472,-160.21075439453125
4946320,14.965612411499023
4946736,-92.6873779296875
4948832,-159.51626586914062
4949984,-62.53333282470703
4950944,-155.6664276123047
4951280,-77.97024536132812
4951792,-152.24705505371094
4953040,-156.35604858398438
4953200,-66.71582794189453
4953392,-161.69044494628906
4953888,-166.24444580078125
4955168,-134.72412109375
4955312,-158.76666259765625
4956224,-157.9108123779297
4956608,-154.72412109375
4956704,-110.26151275634766
4956704,-147.00119018554688
4957056,-166.2176513671875
4957376,-150.6714324951172
4957568,-162.1630859375
4958816,-144.23114013671875
4959360,-94.2874984741211
4959392,-161.39712524414062
4959488,-160.0084991455078
4959600,-154.72412109375
4959680,-154.48434448242188
4959808,-71.20769500732422
4960640,-110.19222259521484
4961504,-159.3937225341797
4961696,-153.61817932128906
4962080,-69.05223846435547
4962752,-153.50794982910156
4962944,-151.9893035888672
4964864,-158.12693786621094
4965664,-157.97021484375
4965856,-159.18609619140625
4966240,-158.34161376953125
4966928,-147.88125610351562
4967776,-154.48434448242188
4968240,-155.6664276123047
4968352,-159.18609619140625
4969040,-160.0084991455078
4969536,-162.90997314453125
4970080,-157.69322204589844
4970352,-160.71133422851562
4972016,-73.3402099609375
4972528,-148.7409210205078
4972560,-159.60000610351562
4973728,-159.80491638183594
4974128,-157.47415161132812
4974240,-154.885498046875
4974480,-161.8000030517578
4975408,-156.35604858398438
4976768,-163.3584442138672
4979584,-159.0822296142578
4980096,-157.69322204589844
4981728,-157.03150939941406
4981792,-158.1957550048828
4983008,-158.76666259765625
4983088,-153.99964904785156
4983120,-151.6607208251953
4983520,-156.35604858398438
4983792,-161.59933471679688
4983856,-115.00173950195312
4985488,-84.3724136352539
4985520,-85.06315612792969
4986368,-155.6664276123047
4987328,-110.19222259521484
4987632,-163.0937957763672
4988384,-155.19859313964844
4989712,-84.02367401123047
4989824,-88.59480285644531
4990272,-81.95960235595703
4990368,-157.47415161132812
4991952,-152.83448791503906
4992480,-157.9108123779297
4992592,-149.58091735839844
4996032,-161.19393920898438
4996080,-136.35604858398438
4996256,-64.74903869628906
4998016,-163.73548889160156
4999408,-148.4565887451172
5000832,-157.47415161132812
5000880,-157.2535858154297
5001552,-51.32352828979492
5002400,-150.93894958496094
5002848,-151.72962951660156
5003632,-153.99964904785156
5004848,-155.19859313964844
5005184,-151.9893035888672
5005376,-151.9893035888672
5007248,-56.9919548034668
5007280,-160.78305053710938
5009664,-54.50119400024414
5009728,-74.33501434326172
5010688,-75.95154571533203
5011472,-163.9960174560547
5013472,-161.99932861328125
5013472,-160.15615844726562
5013712,-156.12777709960938
5015808,-165.72523498535156
5016192,-90.14509582519531
5018464,-160.21075439453125
5019104,-158.76666259765625
5019440,-160.98919677734375
5019872,-165.72523498535156
5021904,-158.97708129882812
5022112,-156.81805419921875
5022320,-160.80967712402344
5022688,-150.13031005859375
5024720,-165.37367248535156
5024816,-95.32453155517578
5025072,-154.48434448242188
5026192,-169.75840759277344
5028256,-59.3438606262207
5029088,-167.25454711914062
5030048,-89.43485260009766
5030368,-150.13031005859375
5030608,-99.12857055664062
5031040,-161.97341918945312
5031184,-154.6358184814453
5032480,-163.45802307128906
5032624,-63.476924896240234
5033024,-154.96218872070312
5033152,-161.0067596435547
5033216,-65.02559661865234
5033584,-165.89938354492188
5034736,-148.7409210205078
5036928,-159.60000610351562
5037056,-156.8079071044922
5037536,-98.0526351928711
5039232,-113.76363372802734
5039552,-137.2535858154297
5039632,-159.18609619140625
5039904,-158.34161376953125
5041728,-165.37367248535156
5041840,-87.52069091796875
5042992,-155.8979034423828
5043952,-156.12777709960938
5043984,-50.53852081298828
5045424,-86.5163803100586
5045776,-111.70885467529297
5045856,-160.5755157470703
5045920,-150.6714324951172
5046064,-156.8079071044922
5046160,-153.99964904785156
5047584,-163.8177947998047
5047600,-163.73548889160156
5047664,-157.0518035888672
5047952,-74.91520690917969
5049600,-153.99964904785156
5050160,-96.39288330078125
5050464,-151.20448303222656
5051808,-156.35604858398438
5051888,-155.43333435058594
5052864,-83.40936279296875
5053904,-163.16807556152344
5054704,-157.2535858154297
5054976,-159.80491638183594
5056112,-150.13031005859375
5056704,-152.24705505371094
5057344,-160.0084991455078
5058320,-153.25941467285156
5059200,-149.0230712890625
5059520,-151.9893035888672
5060448,-160.15615844726562
5061312,-157.03150939941406
5062272,-162.35157775878906
5063152,-162.5388641357422
5063552,-99.08013916015625
5064384,-77.69999694824219
5064640,-156.8079071044922
5065024,-150.13031005859375
5066752,-164.1731719970703
5067056,-157.47415161132812
5067360,-159.60000610351562
5067792,-153.87547302246094
5069248,-160.21075439453125
5072832,-164.83798217773438
5074704,-152.75692749023438
5075328,-63.71780776977539
5076880,-80.6474609375
5077040,-161.59933471679688
5079792,-163.27647399902344
5082208,-145.1769256591797
5083088,-164.5242462158203
5083296,-149.30307006835938
5084080,-151.46803283691406
5084304,-149.2193603515625
5085856,-158.76666259765625
5088304,-153.50794982910156
5088560,-42.01300811767578
5088896,-159.60000610351562
5090048,-158.76666259765625
5090672,-160.21075439453125
5091024,-156.582763671875
5091456,-80.14013671875
5092160,-156.12777709960938
5092528,-160.611328125
5093328,-98.20359802246094
5093568,-163.9960174560547
5094272,-152.24705505371094
5094496,-165.89938354492188
5096496,-150.40188598632812
5097520,-159.3000030517578
5097792,-157.69322204589844
5098384,-138.12693786621094
5099072,-158.12693786621094
5099632,-157.2535858154297
5101728,-160.0084991455078
5101744,-151.46803283691406
5101968,-161.97341918945312
5102832,-109.6672134399414
5104944,-143.63845825195312
5105088,-156.582763671875
5105376,-157.9108123779297
5105456,-159.60000610351562
5105568,-157.2535858154297
5106128,-162.39405822753906
5106192,-157.2535858154297
5107152,-158.34161376953125
5107728,-82.14615631103516
5107792,-103.98866271972656
5109136,-153.09771728515625
5110400,-165.55238342285156
5111424,-154.24285888671875
5111632,-162.90997314453125
5112272,-154.48434448242188
5112944,-166.9219512939453
5114304,-157.69322204589844
5114384,-160.5755157470703
5115680,-62.992958068847656
5116416,-153.99964904785156
5117840,-91.49507904052734
5119904,-159.3937225341797
5121840,-1.5367600917816162
5122256,-145.52880859375
5122384,-154.24285888671875
5122480,-164.10769653320312
5122848,-150.37142944335938
5123568,-155.19859313964844
5124912,-159.0822296142578
5125760,-112.6209945678711
5126128,-154.24285888671875
5126944,-83.36708068847656
5127456,-162.39405822753906
5127792,-159.18609619140625
5128816,-157.69322204589844
5129552,-159.3000030517578
5131168,-157.9108123779297
5131232,-153.00909423828125
5131504,-164.3492431640625
5131872,-160.0084991455078
5134896,-158.34161376953125
5135376,-157.9108123779297
5136080,-164.47515869140625
5136464,41.35234832763672
5137008,-161.7825469970703
5137216,-157.0518035888672
5137488,-151.20448303222656
5137744,-159.80491638183594
5138480,-104.8331069946289
5138576,-141.0067596435547
5139120,-153.99964904785156
5139328,-153.25941467285156
5139968,-162.35157775878906
5140480,-160.80967712402344
5141616,-156.12777709960938
5142048,-162.39405822753906
5142576,-167.5831298828125
5143264,-105.44878387451172
5144672,-159.0822296142578
5145440,-155.6664276123047
5146272,-161.2025604248047
5147744,-147.00119018554688
5148400,-165.55238342285156
5150208,-160.98919677734375
5151424,-160.21075439453125
5151952,-153.00909423828125
5152720,-161.7825469970703
5154656,-160.611328125
5155168,-75.10704040527344
5155488,-159.0822296142578
5155744,-75.37813568115234
5157424,-80.88555908203125
5157856,-151.46803283691406
5159936,-93.54822540283203
5160400,-157.03150939941406
5161632,-162.72500610351562
5161952,-159.60000610351562
5162080,-156.582763671875
5163200,-75.26483154296875
5163312,-166.07244873046875
5163584,-136.12777709960938
5163632,-154.72412109375
5164096,-162.72500610351562
5164192,-160.21075439453125
5166176,-154.48434448242188
5166256,-154.13082885742188
5166400,-156.12777709960938
5168192,-74.52226257324219
5169296,-168.57887268066406
5169344,-160.5755157470703
5169744,-160.611328125
5170016,-160.21075439453125
5170304,-164.5242462158203
5172048,-157.5142822265625
5172416,-155.43333435058594
5172448,-64.3187484741211
5172576,-82.32440185546875
5174272,-79.38571166992188
5174944,-119.49559783935547
5176272,-157.9108123779297
5176624,-92.46886444091797
5176688,-149.85665893554688
5176768,-110.19222259521484
5177360,-65.8788070678711
5179248,-165.72018432617188
5180160,-161.8000030517578
5180496,-149.58091735839844
5181216,-158.12693786621094
5181552,-158.86293029785156
5181872,-87.4000015258789
5181872,-156.12777709960938
5183008,-163.54757690429688
5183616,-160.80967712402344
5184320,-93.90318298339844
5184352,-160.21075439453125
5184416,-163.8177947998047
5185808,-163.45802307128906
5186528,-162.35157775878906
5187536,-75.95384979248047
5187616,-150.40188598632812
5187920,-153.50794982910156
5188208,-154.48434448242188
5188816,-75.34194946289062
5189280,-84.4677963256836
5191760,-150.93894958496094
5191792,-146.8000030517578
5192144,-153.25941467285156
5192432,-159.80491638183594
5192752,-163.0937957763672
5193376,-155.6664276123047
5193888,-165.37367248535156
5195488,-55.90422058105469
5196496,-149.85665893554688
5198528,-65.14765167236328
5198608,-154.24285888671875
5198848,-79.16233825683594
5199056,-149.0230712890625
5201232,-82.6146011352539
5201488,-62.93464660644531
5202320,-167.9689483642578
5202752,-157.9108123779297
5203600,-162.97647094726562
5204208,-162.19735717773438
5204432,-168.275634765625
5204544,-50.53852081298828
5204736,-158.86293029785156
5204800,-90.59833526611328
5204864,-152.24705505371094
5205168,-158.34161376953125
5205712,-155.43333435058594
5206560,-155.62353515625
5207184,-163.0937957763672
5207904,-158.34161376953125
5209488,-157.9108123779297
5209680,-57.402835845947266
5209936,-150.40188598632812
5211072,-153.50794982910156
5211840,-166.2176513671875
5213232,-162.72500610351562
5213936,-164.29200744628906
5214432,-155.8979034423828
5215280,-155.43333435058594
5215584,-68.28045654296875
5216416,-160.5755157470703
5217392,-161.2025604248047
5217392,-156.35604858398438
5218304,-148.1700439453125
5218848,-147.59019470214844
5220416,-154.24285888671875
5220992,-160.21075439453125
5222304,-153.75466918945312
5222448,-166.2176513671875
5223712,-138.12693786621094
5224400,-87.78585815429688
5224992,-83.50992584228516
5225200,-163.73548889160156
5225264,-153.50794982910156
5226368,-159.80491638183594
5228624,-160.611328125
5229888,-156.12777709960938
5230384,-153.50794982910156
5231728,-114.85980987548828
5231744,-162.39405822753906
5233840,-154.96218872070312
5234112,-70.6583023071289
5234416,-160.5755157470703
5235184,-156.8079071044922
5235744,-159.3937225341797
5235952,-161.99932861328125
5235952,-158.12693786621094
5237536,-159.51626586914062
5238624,-148.1700439453125
5238720,-154.24285888671875
5238736,-153.25941467285156
5238752,-154.96218872070312
5239696,-149.85665893554688
5239968,-162.35157775878906
5239984,-76.11428833007812
5240704,-165.37367248535156
5241808,-160.21075439453125
5242096,-157.69322204589844
5242896,-160.0084991455078
5243040,-158.4197235107422
5243184,-106.48787689208984
5244176,-155.86593627929688
5244464,-67.30967712402344
5246576,-160.0084991455078
5246880,-155.19859313964844
5247408,-154.96218872070312
5248160,-156.582763671875
5248544,-161.97341918945312
5248688,-159.80491638183594
5249280,-153.75466918945312
5252176,-144.87692260742188
5254224,-161.59043884277344
5254288,-161.97341918945312
5254736,-166.38153076171875
5255088,-105.47743225097656
5256960,-158.76666259765625
5256976,-158.1957550048828
5257376,-157.69322204589844
5258848,-82.86575317382812
5261200,-160.21075439453125
5261664,-159.3937225341797
5262176,-164.0960235595703
5262816,-161.59933471679688
5263184,-160.21075439453125
5263584,-120.65782165527344
5264528,-62.5692024230957
5265232,-162.5388641357422
5265584,-115.00173950195312
5265680,-150.93385314941406
5268560,-160.0084991455078
5268768,-151.46803283691406
5269840,-154.72412109375
5271456,-157.03150939941406
5272768,-153.87547302246094
5272944,-156.8079071044922
5273232,-161.0067596435547
5274240,-103.72509002685547
5274880,-162.35157775878906
5275616,-161.39712524414062
5275680,-145.48709106445312
5276464,-152.5029296875
5276528,-150.40188598632812
5277264,-95.3495101928711
5277424,-76.53793334960938
5277936,-156.12777709960938
5278368,-97.46929168701172
5278464,-157.03150939941406
5278544,-159.60000610351562
5278640,-163.0937957763672
5280480,-163.0937957763672
5280736,-166.24444580078125
5281904,-151.46803283691406
5282000,-156.582763671875
5284112,-164.87107849121094
5285264,-144.23114013671875
5286272,-78.99649047851562
5286336,-80.6474609375
5288464,-158.1957550048828
5289088,-150.93894958496094
5289616,-88.08212280273438
5290048,-157.2535858154297
5290816,-110.91139221191406
5291104,-90.6689682006836
5292048,-73.14983367919922
5292544,-160.611328125
5292928,-161.0067596435547
5293216,-155.43333435058594
5293456,-81.65185546875
5294928,-158.5548553466797
5294928,-165.01766967773438
5294960,-157.9108123779297
5296304,-162.35157775878906
5296768,-146.7031707763672
5297024,-152.83448791503906
5297344,-94.26988220214844
5297824,-71.9908447265625
5298160,-95.89582061767578
5298880,-162.5388641357422
5299136,-157.2535858154297
5299376,-151.9893035888672
5299536,-159.3937225341797
5300592,-102.9478759765625
5301504,-172.35157775878906
5301568,-158.76666259765625
5303616,-159.18609619140625
5303680,-156.12777709960938
5304032,-101.42719268798828
5304544,-159.3937225341797
5304592,-154.96218872070312
5305200,-155.6664276123047
5305728,-157.03150939941406
5306192,-44.781368255615234
5306656,-158.12693786621094
5306704,19.274829864501953
5309104,-57.006248474121094
5310304,-84.19567108154297
5310560,-158.34161376953125
5310576,-80.19444274902344
5310800,-161.39730834960938
5311152,-161.59043884277344
5312304,-161.59043884277344
5313024,-166.5852813720703
5313136,-86.94285583496094
5314784,-144.23114013671875
5314880,-78.80644989013672
5315024,-153.99964904785156
5315424,-159.80491638183594
5315760,-158.34161376953125
5316384,-160.15615844726562
5316640,-153.25941467285156
5317808,-92.23332977294922
5319104,-167.50230407714844
5319248,-158.12693786621094
5319328,-157.0518035888672
5319776,-87.7557373046875
5320144,-84.84285736083984
5320256,-99.96918487548828
5321440,-150.6714324951172
5321984,-70.92707061767578
5321984,-154.24285888671875
5323456,-160.80967712402344
5323488,-78.46382904052734
5323552,-166.05279541015625
5323728,-75.91492462158203
5323824,-93.66073608398438
5324080,-167.9077911376953
5325072,-156.35604858398438
5325936,-150.40188598632812
5326496,-154.96218872070312
5328144,-112.54689025878906
5328288,-168.22857666015625
5329184,-153.09771728515625
5329296,-162.1630859375
5329968,-156.8079071044922
5330368,-153.50794982910156
5330432,-149.85665893554688
5330688,-144.86422729492188
5332480,-153.75466918945312
5334192,-154.72412109375
5334448,-161.19393920898438
5334656,-155.8979034423828
5335808,-157.9108123779297
5337248,-161.97341918945312
5337840,-157.59019470214844
5339168,-151.21176147460938
5339376,-158.97708129882812
5340064,-92.46886444091797
5342672,-160.80967712402344
5343552,-83.24149322509766
5344288,-154.96218872070312
5344960,-160.0084991455078
5346016,-157.5142822265625
5346144,-161.0067596435547
5347664,-156.35604858398438
5348048,-160.0084991455078
5348240,-158.86293029785156
5348704,-159.3000030517578
5349120,-111.29618072509766
5349168,-163.9960174560547
5349984,-93.30038452148438
5351424,-103.91159057617188
5352512,-164.29200744628906
5354720,-96.6500015258789
5354976,-158.34161376953125
5355984,-146.7031707763672
5356032,-57.771427154541016
5356048,-159.7310333251953
5356192,-156.81805419921875
5358400,-157.2535858154297
5358944,-156.8079071044922
5360528,-158.76666259765625
5363584,-68.46666717529297
5364320,-157.2535858154297
5367360,-151.72962951660156
5368352,-157.03150939941406
5368688,-163.8177947998047
5371056,-162.5894775390625
5371376,-104.76099395751953
5372704,-172.877197265625
5373056,-151.72962951660156
5373168,-166.96743774414062
5373472,-143.54757690429688
5373552,-162.5388641357422
5374112,-163.27647399902344
5375024,-166.38153076171875
5375216,-69.06715393066406
5375360,-159.3937225341797
5376160,-159.0822296142578
5377680,-77.55086517333984
5378128,-163.45802307128906
5378272,-156.8079071044922
5379680,-159.3937225341797
5379952,-93.45454406738281
5380080,-156.582763671875
5380192,-93.81221008300781
5380384,-147.88125610351562
5380640,-158.86293029785156
5381776,-156.81805419921875
5382480,-158.4197235107422
5382832,-152.5029296875
5383888,-162.90997314453125
5384032,-155.19859313964844
5384480,-155.8979034423828
5384944,-157.2535858154297
5385056,-148.7409210205078
5386144,-164.29200744628906
5387056,-158.12693786621094
5387360,-73.51521301269531
5388512,-152.5029296875
5389280,-158.12693786621094
5389856,-158.12693786621094
5390224,-157.9108123779297
5390608,-158.86293029785156
5391280,-156.8079071044922
5392336,-154.96218872070312
5393392,-158.34161376953125
5394208,-154.72412109375
5394832,-152.75692749023438
5395376,-149.58091735839844
5395792,-154.72412109375
5397328,-156.35604858398438
5400016,-155.6664276123047
5401920,-155.8979034423828
5404272,-101.13412475585938
5405120,-154.24285888671875
5405328,-164.3492431640625
5405728,-160.80967712402344
5405840,-152.24705505371094
5405920,-152.24705505371094
5406464,-160.611328125
5406688,-163.0937957763672
5408720,-158.12693786621094
5410816,-161.0067596435547
5411552,-152.24705505371094
5412064,-162.35157775878906
5412528,-145.79478454589844
5415056,-158.76666259765625
5415120,-155.8979034423828
5415312,-163.63845825195312
5416592,-63.762264251708984
5416912,-156.35604858398438
5417184,-159.9443359375
5419424,-159.3937225341797
5420320,-68.75820922851562
5420688,-103.13252258300781
5421408,-158.12693786621094
5423792,-108.25889587402344
5423856,-86.50164031982422
5424016,-152.5029296875
5425024,-156.582763671875
5425600,-168.0686492919922
5426320,-87.05384826660156
5426448,-157.9108123779297
5426688,-165.55238342285156
5427648,-92.26486206054688
5427904,-161.59933471679688
5428624,-91.09337615966797
5429040,-161.7825469970703
5429808,-153.61817932128906
5431584,-159.18609619140625
5432240,-157.03150939941406
5432400,-153.75466918945312
5432400,-149.85665893554688
5433200,-163.54757690429688
5433312,-51.98480987548828
5433920,-71.85584259033203
5433920,-96.87873840332031
5434352,-161.97341918945312
5435200,-88.5848159790039
5435584,-154.24285888671875
5437392,-156.35604858398438
5437424,-156.8079071044922
5438704,-161.8000030517578
5439168,-159.80491638183594
5439248,-158.12693786621094
5439504,-151.20448303222656
5439856,-163.45802307128906
5440800,-160.98919677734375
5441232,-154.72412109375
5441360,-141.24893188476562
5442704,-73.06783294677734
5443744,-157.2535858154297
5444256,-148.4565887451172
5444320,-157.03150939941406
5444464,-158.5548553466797
5445200,-156.582763671875
5445248,-161.59933471679688
5445488,-159.80491638183594
5445824,-159.51626586914062
5446912,-164.87107849121094
5447360,-154.96218872070312
5447536,-170.37142944335938
5447968,-78.66236877441406
5449600,-112.6209945678711
5449808,-64.57003784179688
5450272,-162.97647094726562
5451120,-93.99610137939453
5451760,-155.8979034423828
5452144,-80.20967864990234
5452208,-148.1700439453125
5452384,-149.85665893554688
5452752,-158.34161376953125
5453232,-151.20448303222656
5454272,-163.92218017578125
5457328,-164.87107849121094
5459680,-110.16560363769531
5460432,-150.13031005859375
5460592,-158.34161376953125
5460640,-149.85665893554688
5461712,-153.09771728515625
5462544,-157.2535858154297
5463200,-93.81221008300781
5463360,-161.59043884277344
5465472,-156.582763671875
5466592,-150.40188598632812
5466896,-115.00173950195312
5466976,-152.24705505371094
5468768,-161.97341918945312
5469392,-59.25736618041992
5470880,-157.47415161132812
5471504,-111.28518676757812
5471600,-113.38762664794922
5474768,-153.75466918945312
5475856,-154.96218872070312
5476208,-162.78359985351562
5477216,-160.0084991455078
5477712,-152.3019256591797
5478144,-146.10000610351562
5479552,-97.26522064208984
5479920,-165.89938354492188
5480000,-160.36654663085938
5480416,-80.01579284667969
5480704,-154.6358184814453
5481600,-85.04035186767578
5483568,-162.35157775878906
5483712,-159.3937225341797
5484016,-71.92140197753906
5486032,-90.14509582519531
5486128,-153.50794982910156
5486320,-156.35604858398438
5487360,-157.9108123779297
5488080,-107.3816909790039
5489024,-66.81509399414062
5491456,-61.71282196044922
5491456,-101.95197296142578
5491568,-164.47515869140625
5493920,-157.9108123779297
5494272,-94.55854034423828
5494304,-106.07837677001953
5494784,-157.69322204589844
5494880,-149.30307006835938
5495632,-153.25941467285156
5496016,-165.01766967773438
5496976,-153.87547302246094
5497408,-155.6664276123047
5498832,-157.0518035888672
5498832,-100.71904754638672
5498976,-156.58261108398438
5500800,-156.35604858398438
5502544,-155.43333435058594
5502896,-157.28387451171875
5503056,-161.59043884277344
5503808,-66.2312240600586
5504064,-156.35604858398438
5505168,-149.30307006835938
5505904,-152.5029296875
5506208,-161.8000030517578
5506512,-161.19393920898438
5507104,-164.29200744628906
5507552,-49.075439453125
5508016,-158.34161376953125
5508080,-153.75466918945312
5511776,-157.69322204589844
5512256,-153.99964904785156
5513584,-156.58261108398438
5513744,-151.20448303222656
5517312,-159.3937225341797
5519488,-163.8177947998047
5520112,-152.24705505371094
5520880,-155.19859313964844
5521264,-111.8884506225586
5521600,-158.97708129882812
5524288,-163.27647399902344
5525968,-154.96218872070312
5527376,-159.60000610351562
5527376,-165.01766967773438
5528064,-151.20448303222656
5528784,-149.0230712890625
5528992,-159.80491638183594
5529856,-161.19393920898438
5530144,-95.29830932617188
5530288,-153.99964904785156
5530736,-156.12777709960938
5534384,-161.99932861328125
5535024,-161.19393920898438
5535344,-152.24705505371094
5535936,-159.3937225341797
5536272,-79.40562438964844
5539840,-161.59043884277344
5539984,-153.99964904785156
5540976,-148.7409210205078
5541056,-146.4027862548828
5541664,-166.38153076171875
5542096,-165.38357543945312
5543408,-155.8979034423828
5543776,-155.43333435058594
5544464,-155.13333129882812
5544576,-85.53770446777344
5544848,-160.15615844726562
5545216,-159.3937225341797
5545232,-76.47272491455078
5546304,-157.03150939941406
5546464,-158.12693786621094
5546480,-160.21075439453125
5546960,-160.51168823242188
5548784,-166.38153076171875
5548832,-88.5941162109375
5550432,-75.39743041992188
5550896,-157.9108123779297
5550944,-152.75692749023438
5551024,-164.5242462158203
5551552,-157.9108123779297
5552800,-128.4565887451172
5553056,-154.96218872070312
5554064,-103.4952392578125
5554160,-73.00646209716797
5555120,-160.21075439453125
5555568,-156.12777709960938
5555760,-155.19859313964844
5557104,-157.47415161132812
5557184,-109.11886596679688
5558864,-159.60000610351562
5559104,-161.59043884277344
5559344,-159.60000610351562
5559776,-159.3937225341797
5560000,-155.8979034423828
5561472,-155.43333435058594
5561552,-160.611328125
5561584,-151.72962951660156
5561888,-114.8671646118164
5561888,-140.41168212890625
5562176,-109.28388214111328
5563072,-144.10769653320312
5565440,-154.48434448242188
5565680,-161.97341918945312
5565808,-159.60000610351562
5567152,-160.41168212890625
5567888,-162.1630859375
5567904,-156.1065673828125
5567904,-155.6664276123047
5570656,-162.19735717773438
5570864,-80.19444274902344
5572064,-158.5548553466797
5572192,-104.36259460449219
5572768,-150.6714324951172
5574880,-154.72412109375
5575536,-148.7409210205078
5575904,-82.64280700683594
5576640,-163.9960174560547
5576672,-85.46082305908203
5577344,-80.9000015258789
5577968,-151.46803283691406
5578288,-162.39405822753906
5580128,-161.59933471679688
5580400,-164.69818115234375
5582432,-149.58091735839844
5582864,-158.12693786621094
5583520,-152.5029296875
5584352,-156.35604858398438
5585312,-152.5029296875
5586128,-160.0084991455078
5588064,-135.6664276123047
5588560,-158.76666259765625
5588864,-154.96218872070312
5589248,-158.5548553466797
5589664,-56.314815521240234
5590352,-163.9960174560547
5590672,-148.7409210205078
5591152,-105.87222290039062
5591312,-87.50553894042969
5592528,-154.72412109375
5592832,-72.00847625732422
5593856,-91.85094451904297
5595536,-153.99964904785156
5596208,-67.23584747314453
5596640,-154.96218872070312
5596976,-155.86593627929688
5598416,-56.5716552734375
5600432,-145.79478454589844
5600944,-165.89938354492188
5601888,-161.7825469970703
5602544,-160.21075439453125
5603056,-153.50794982910156
5603968,-155.6664276123047
5604208,-161.97341918945312
5604736,-158.76666259765625
5606912,-143.73548889160156
5607264,-154.72412109375
5608656,-48.065399169921875
5608944,-159.60000610351562
5609024,-156.12777709960938
5609136,-167.18670654296875
5610144,-160.611328125
5611040,-172.6196746826172
5611280,-154.48434448242188
5611488,-157.47415161132812
5612032,-99.96918487548828
5613408,-153.50794982910156
5614096,-67.9139175415039
5614144,-152.24705505371094
5615488,-145.37367248535156
5616544,-77.02608489990234
5617600,-153.50794982910156
5618240,-162.97647094726562
5618304,-166.5852813720703
5618656,-141.39712524414062
5619840,-165.37367248535156
5620016,-61.86106872558594
5620080,-163.8177947998047
5620464,-165.5500030517578
5621104,-159.80491638183594
5622304,-156.81805419921875
5622576,-157.69322204589844
5623024,-94.96666717529297
5623344,-113.02482604980469
5623376,34.439693450927734
5625200,-94.01730346679688
5625472,-156.81805419921875
5626672,-84.02367401123047
5627072,-158.12693786621094
5627632,-150.77142333984375
5629360,-74.26534271240234
5630224,-152.75692749023438
5631280,-156.8079071044922
5631952,-156.58261108398438
5632848,-158.64210510253906
5633648,-158.12693786621094
5633696,-156.12777709960938
5634432,-162.1630859375
5635760,-157.03150939941406
5635808,-157.2535858154297
5636080,-144.23114013671875
5637392,-157.74305725097656
5638176,-153.3589324951172
5639712,-153.75466918945312
5639776,-156.582763671875
5640960,-160.98919677734375
5642160,-68.75820922851562
5642368,-158.5548553466797
5642400,-168.1227264404297
5644112,-98.30683898925781
5645168,-163.54757690429688
5646144,-92.5857162475586
5646224,-157.2535858154297
5648464,-163.16807556152344
5648672,-165.37367248535156
5648928,-159.51626586914062
5649360,-71.81187438964844
5650720,-158.86293029785156
5650736,-107.77938842773438
5651392,-164.5242462158203
5653600,-157.03150939941406
5654480,-158.86293029785156
5654624,-162.19735717773438
5654848,-152.83448791503906
5655120,-159.80491638183594
5655552,-152.03256225585938
5655920,20.078445434570312
5656000,-148.1700439453125
5656576,-165.37367248535156
5656736,-168.57887268066406
5658032,-153.00909423828125
5658992,-161.7825469970703
5660208,-165.01766967773438
5662320,-165.21377563476562
5663632,-153.75466918945312
5665728,-160.98919677734375
5666544,-158.1957550048828
5667120,-157.03150939941406
5667120,-86.62586975097656
5667296,-157.03150939941406
5667744,-151.20448303222656
5668544,-156.12777709960938
5668640,-163.92218017578125
5669952,-149.30307006835938
5670848,-159.0822296142578
5671344,-121.87896728515625
5671984,-169.17520141601562
5672080,-67.88695526123047
5673024,-103.83892822265625
5673696,-155.86593627929688
5673936,-156.35604858398438
5674160,-152.56922912597656
5675440,-157.2535858154297
5675568,-158.76666259765625
5676048,-153.99964904785156
5678512,-100.85223388671875
5678608,-102.84484100341797
5678784,-162.5388641357422
5679728,-158.76666259765625
5679920,-67.8058853149414
5680656,-163.63845825195312
5681792,-78.10237121582031
5681888,-158.4197235107422
5682112,-158.34161376953125
5682816,-157.74305725097656
5683008,-157.69322204589844
5683904,-138.34161376953125
5685760,-81.22413635253906
5685872,-154.96218872070312
5686384,-167.5831298828125
5686448,-73.70289611816406
5688304,-79.67798614501953
5690096,-166.05279541015625
5691824,-163.0937957763672
5692000,-67.23584747314453
5692544,-149.30307006835938
5692576,-154.72412109375
5692912,-155.8979034423828
5693088,-156.582763671875
5693664,-57.250980377197266
5694448,-153.99964904785156
5695104,-166.05279541015625
5695392,-159.18609619140625
5696624,-154.48434448242188
5696800,-156.12777709960938
5697120,-157.0518035888672
5698736,-158.76666259765625
5706688,-155.8979034423828
5706976,-59.25736618041992
5707104,-157.03150939941406
5707488,-155.43333435058594
5707760,-167.41934204101562
5707776,-162.72500610351562
5709760,-157.9108123779297
5711984,-165.88697814941406
5712000,-161.97341918945312
5712064,-91.64183044433594
5714144,-68.66478729248047
5715552,-163.45802307128906
5716048,-156.12777709960938
5716192,-80.71107482910156
5716208,-160.0084991455078
5716448,-121.01525115966797
5717664,-157.47415161132812
5717664,-156.35604858398438
5717984,-154.24285888671875
5719776,-155.6664276123047
5719776,-155.19859313964844
5720400,-154.72412109375
5720416,-154.72412109375
5722400,-153.75466918945312
5722576,-160.0084991455078
5722768,-163.54757690429688
5724288,-74.23332977294922
5724944,-132.3019256591797
5726400,-150.40188598632812
5726704,-162.78359985351562
5726720,-157.2535858154297
5726912,-81.08940124511719
5727296,-163.3584442138672
5727424,-152.24705505371094
5728512,-154.38426208496094
5728816,-145.72523498535156
5729232,-158.5548553466797
5730928,-72.09391021728516
5731376,-73.11888885498047
5731424,-164.29200744628906
5731568,-165.19622802734375
5732736,-150.13031005859375
5734880,-98.60717010498047
5735584,-163.45802307128906
5736640,-154.96218872070312
5736992,-158.34161376953125
5737248,-156.12777709960938
5738048,-73.59696960449219
5739232,-166.07244873046875
5739408,-82.32440185546875
5739584,-162.5388641357422
5740016,-151.20448303222656
5740432,-73.31163024902344
5740480,-79.09491729736328
5741472,-161.0067596435547
5741552,-162.35157775878906
5741696,-161.39712524414062
5742128,-157.793212890625
5742544,-88.96826171875
5743168,-151.20448303222656
5743280,-163.3584442138672
5744960,-66.2312240600586
5745680,-158.97708129882812
5746992,-48.61063766479492
5747792,-158.76666259765625
5747968,-155.6664276123047
5748064,-161.19393920898438
5748240,-160.611328125
5748624,-92.5857162475586
5748656,-158.34161376953125
5749088,-152.3019256591797
5749216,-158.12693786621094
5749888,-150.65374755859375
5751328,-156.8079071044922
5752256,-160.78305053710938
5753056,-107.09701538085938
5753408,-153.3589324951172
5753648,-120.69268035888672
5754528,-157.28387451171875
5754736,-163.3584442138672
5755040,-164.87107849121094
5755232,-159.0822296142578
5755808,-158.97708129882812
5756464,-158.64210510253906
5758560,-168.70265197753906
5759456,-155.19859313964844
5760032,-153.25941467285156
5761392,-113.42579650878906
5762768,-160.80967712402344
5763216,-156.35604858398438
5763328,-95.32453155517578
5763680,-154.48434448242188
5765328,-152.75692749023438
5765696,-162.78359985351562
5766288,-165.21377563476562
5766448,-164.87107849121094
5767072,-149.30307006835938
5767184,-157.47415161132812
5767440,-157.2535858154297
5767520,-155.8979034423828
5767744,-104.79784393310547
5767904,-157.9108123779297
5768640,-159.51626586914062
5769184,-156.8079071044922
5769552,-154.72412109375
5770656,-163.45802307128906
5771040,-80.19444274902344
5771408,-163.8177947998047
5771776,-169.3222198486328
5771968,-159.18609619140625
5772112,-162.19735717773438
5774224,-161.0067596435547
5774480,-57.69389343261719
5775264,-156.8079071044922
5777296,-156.12777709960938
5777680,-68.62783813476562
5778080,-163.73548889160156
5778512,-138.34161376953125
5779920,-153.99964904785156
5780096,-157.9108123779297
5780384,-160.41168212890625
5781840,-140.41168212890625
5781888,-156.345458984375
5783936,-158.64210510253906
5784000,-155.6664276123047
5784608,-163.63845825195312
5784848,-152.24705505371094
5785024,-150.6714324951172
5785536,-104.36259460449219
5785664,-153.00909423828125
5785840,-158.76666259765625
5787696,-152.5029296875
5788112,-163.16807556152344
5789072,-160.80967712402344
5789248,-162.35157775878906
5789328,-147.00119018554688
5790512,-95.01469421386719
5792176,-70.6583023071289
5794336,-153.61817932128906
5794544,-162.1630859375
5795776,-155.19859313964844
5796128,-155.6664276123047
5796592,-152.5029296875
5796752,-162.97647094726562
5797120,-162.1630859375
5797792,-158.97708129882812
5797872,-159.3000030517578
5798560,-163.63845825195312
5802928,-155.19859313964844
5803136,-159.0822296142578
5804128,-151.72962951660156
5804448,-155.62353515625
5804864,-109.71818542480469
5805712,-159.80491638183594
5805904,-159.9443359375
5806960,-159.51626586914062
5807216,-158.64210510253906
5807792,-151.20448303222656
5808016,-158.5548553466797
5808064,-69.05223846435547
5809328,-161.7825469970703
5810176,-161.2025604248047
5811584,-152.75692749023438
5812320,-87.75492858886719
5813584,-157.69322204589844
5815680,-155.6664276123047
5815792,-157.5142822265625
5817072,-157.5142822265625
5818032,-152.5029296875
5818656,-156.58261108398438
5818832,-164.6571502685547
5818848,-155.8979034423828
5821440,-159.18609619140625
5822048,-159.60000610351562
5822224,-84.3724136352539
5822528,-155.43333435058594
5822528,-161.0067596435547
5823120,-157.74305725097656
5824944,-155.19859313964844
5824976,-68.43882751464844
5825856,-160.80967712402344
5826416,-158.4197235107422
5827008,-81.41798400878906
5827056,-160.21075439453125
5827344,-151.46803283691406
5828384,-161.7825469970703
5828512,-153.61817932128906
5829104,-153.00909423828125
5829424,-96.31314086914062
5829456,-159.80491638183594
5829952,-158.97708129882812
5830464,-161.2025604248047
5832736,-154.24285888671875
5833312,-99.66277313232422
5834672,-157.97021484375
5834832,-153.87547302246094
5835008,-87.30810546875
5836800,-157.9108123779297
5836944,-154.48434448242188
5837520,-158.34161376953125
5841056,-153.50794982910156
5841808,-153.99964904785156
5842096,-153.00909423828125
5843104,-162.90997314453125
5843248,-149.9268035888672
5843824,-164.29200744628906
5844144,-77.0723876953125
5844912,-151.9893035888672
5845440,-160.41168212890625
5845552,-162.78359985351562
5847008,-157.97021484375
5847504,-150.40188598632812
5847824,-68.05512237548828
5849616,-94.80000305175781
5849760,-155.6664276123047
5850464,-154.72412109375
5851408,-161.59043884277344
5852256,-157.47415161132812
5855008,-84.87010192871094
5855184,-158.97708129882812
5856096,-161.7825469970703
5856224,-134.885498046875
5856832,-161.59933471679688
5857680,-88.37735748291016
5857760,-158.12693786621094
5858512,-160.21075439453125
5858576,-156.81805419921875
5858592,-158.34161376953125
5862160,-157.03150939941406
5863776,-167.18670654296875
5864096,-157.03150939941406
5864272,-155.8979034423828
5864944,-152.75692749023438
5866576,-72.23448181152344
5868688,-148.4565887451172
5870352,-150.40188598632812
5870608,-153.75466918945312
5870800,-161.97341918945312
5870864,-160.36654663085938
5871568,-154.24285888671875
5871744,-104.79784393310547
5871872,-102.69999694824219
5872912,-161.2025604248047
5873152,-153.50794982910156
5873712,-162.90997314453125
5873856,-167.18670654296875
5875968,-163.16807556152344
5875968,-157.9108123779297
5876448,-165.04293823242188
5879248,-157.69322204589844
5879728,-151.9893035888672
5880000,-160.5755157470703
5881760,-157.69322204589844
5882432,-155.8979034423828
5882480,-161.97341918945312
5882496,-158.64210510253906
5883024,-157.47415161132812
5883776,-80.14013671875
5883952,-151.20448303222656
5886336,-135.6664276123047
5886496,-154.72412109375
5886688,-155.8979034423828
5887120,-84.26729583740234
5887248,-152.24705505371094
5887840,-158.97708129882812
5888176,-163.63845825195312
5888288,-66.00189971923828
5888400,-151.46803283691406
5888480,-150.65374755859375
5888496,-155.8979034423828
5888608,-150.13031005859375
5889360,-151.46803283691406
5889600,-154.96218872070312
5891712,-154.72412109375
5892832,-153.75466918945312
5893008,-154.72412109375
5894176,-162.72500610351562
5894816,-139.18609619140625
5895712,-163.27647399902344
5896848,-158.5548553466797
5897792,-164.5242462158203
5898576,-87.75492858886719
5899216,-151.72962951660156
5900496,-157.2535858154297
5902032,-155.19859313964844
5902160,-154.24285888671875
5903008,-106.29273223876953
5903504,-112.31538391113281
5904368,-91.33636474609375
5905120,-160.611328125
5906224,-142.5894775390625
5907952,-101.903564453125
5908592,-159.18609619140625
5908896,-47.32804489135742
5909136,-106.44622039794922
5909392,-158.76666259765625
5910896,-155.6664276123047
5911008,-160.41168212890625
5911248,-157.9108123779297
5912176,-98.60717010498047
5913008,-153.50794982910156
5914496,-105.0287857055664
5915952,-150.40188598632812
5918064,-156.35604858398438
5918496,-153.25941467285156
5919408,-162.72500610351562
5919696,-67.28397369384766
5920160,-160.5755157470703
5920176,-160.611328125
5920784,-160.5755157470703
5921392,-153.00909423828125
5921616,-150.93894958496094
5922272,-155.8979034423828
5923216,-78.53103637695312
5923568,-157.9108123779297
5923920,-163.9960174560547
5924688,-151.46803283691406
5927712,-156.12777709960938
5928560,-161.59933471679688
5928912,-67.28305053710938
5929536,-149.85665893554688
5930416,-158.76666259765625
5930528,-157.9108123779297
5932624,-163.3584442138672
5933440,-73.21636962890625
5934048,-96.28860473632812
5934464,-158.34161376953125
5934640,-160.41168212890625
5935824,-98.30683898925781
5936160,-162.1630859375
5936608,-157.47415161132812
5936768,-90.96295928955078
5939264,-157.03150939941406
5939872,-156.35604858398438
5940032,-164.10769653320312
5940384,-154.48434448242188
5940816,-98.04285430908203
5941232,-155.19859313964844
5941552,-151.46803283691406
5942272,-98.1046371459961
5943360,-135.43333435058594
5944320,-156.12777709960938
5945360,-156.35604858398438
5945600,-157.03150939941406
5945776,-157.69322204589844
5946192,-159.0822296142578
5946336,-162.19735717773438
5946864,-159.3937225341797
5946976,25.820598602294922
5950928,-151.9893035888672
5951184,-168.38754272460938
5952096,-158.34161376953125
5952256,-150.40188598632812
5953008,-88.08212280273438
5953696,-96.8121109008789
5953792,-165.88697814941406
5955792,-151.46803283691406
5955872,-160.41168212890625
5957264,-156.12777709960938
5958352,-158.97708129882812
5958816,-154.24285888671875
5960000,-158.76666259765625
5960240,-159.18609619140625
5960992,-154.48434448242188
5961008,-158.5548553466797
5961504,-153.75466918945312
5963600,-157.03150939941406
5964272,-164.83798217773438
5965136,-163.27647399902344
5965216,-157.47415161132812
5965696,-165.5500030517578
5966320,-161.99932861328125
5967600,-152.83448791503906
5968896,-155.19859313964844
5969392,-161.97341918945312
5969424,-156.81805419921875
5972112,-155.6664276123047
5972688,-153.00909423828125
5972912,-160.5755157470703
5974800,-159.60000610351562
5975120,-161.97341918945312
5975648,-139.0822296142578
5976240,-162.78359985351562
5976496,-164.29200744628906
5976672,-158.34161376953125
5976864,-154.72412109375
5977376,-161.39712524414062
5977440,-154.48434448242188
5977760,-159.60000610351562
5979488,-153.00909423828125
5979664,-164.5242462158203
5980544,-154.96218872070312
5981856,-153.00909423828125
5982192,-155.6664276123047
5982592,-163.27647399902344
5983424,-81.24359130859375
5983888,-154.72412109375
5984304,-79.64109802246094
5985088,-153.00909423828125
5985104,-68.85698699951172
5985888,-158.64210510253906
5986416,-166.86744689941406
5986864,-83.8499984741211
5987536,-163.8177947998047
5987776,-132.24705505371094
5988528,-157.9108123779297
5989744,-155.43333435058594
5990608,-66.81509399414062
5991856,-151.20448303222656
5992384,-159.51626586914062
5992704,-157.74305725097656
5993376,-155.37933349609375
5993696,-153.00909423828125
5994496,-156.8079071044922
5996080,-142.90997314453125
5996928,-161.97341918945312
5996944,-163.0937957763672
5997168,-157.97021484375
5997376,-137.9108123779297
5997392,-159.60000610351562
5998704,-162.5894775390625
5999520,-161.39712524414062
6000672,-156.35604858398438
6001440,-159.60000610351562
6001504,-73.00646209716797
6001584,-155.19859313964844
6001728,-160.80967712402344
6001808,-108.09496307373047
6001872,-96.79432678222656
6003168,-153.50794982910156
6003280,-168.72921752929688
6003536,-137.97021484375
6003600,-71.5352554321289
6003696,-152.5029296875
6005392,-156.582763671875
6007248,-80.19444274902344
6007600,-149.0230712890625
6008000,-151.20448303222656
6008544,-169.75840759277344
6008976,-61.235984802246094
6009328,-94.9064712524414
6009424,10.394158363342285
6010848,-106.36204528808594
6010848,-158.12693786621094
6012960,-160.21075439453125
6014064,-156.8079071044922
6016880,-78.22949981689453
6017184,-163.8177947998047
6017648,-83.14545440673828
6020368,-155.43333435058594
6020576,-165.89938354492188
6020720,-156.12777709960938
6021152,-150.93385314941406
6021264,-157.47415161132812
6021856,-154.96218872070312
6021968,-150.07586669921875
6022688,-158.1957550048828
6022688,-162.5388641357422
6024112,-83.62059783935547
6024768,-153.25941467285156
6026272,-155.6664276123047
6026288,-157.0518035888672
6027728,-157.03150939941406
6029712,-158.97708129882812
6031088,-150.08685302734375
6031872,-169.42222595214844
6032960,-82.47142791748047
6033616,-143.91070556640625
6033792,-152.5029296875
6034656,-163.92218017578125
6034704,-153.25941467285156
6035168,-159.80491638183594
6037280,-110.97653198242188
6037616,-110.26151275634766
6037936,-154.24285888671875
6039392,-154.72412109375
6039952,-152.5029296875
6040128,-157.47415161132812
6040464,-70.92707061767578
6040896,-161.2025604248047
6043136,-160.21075439453125
6043600,-151.72962951660156
6045712,-150.6714324951172
6046688,-151.72962951660156
6047344,-161.59043884277344
6047360,-168.57887268066406
6048528,-157.74305725097656
6048624,-161.39712524414062
6049824,-168.275634765625
6050816,-163.73548889160156
6051328,-159.18609619140625
6051808,-170.07586669921875
6052736,-154.6358184814453
6053744,-159.3937225341797
6054032,-138.1957550048828
6054832,-159.9443359375
6055040,-156.8079071044922
6055296,-156.8079071044922
6055472,-158.12693786621094
6056304,-158.76666259765625
6056704,-158.76666259765625
6059744,-157.28387451171875
6060224,-150.13031005859375
6061168,-153.75466918945312
6061648,-162.90997314453125
6061808,-158.5548553466797
6062336,-156.8079071044922
6062880,-94.9064712524414
6063040,-150.13031005859375
6063280,-160.0084991455078
6063840,-160.611328125
6064448,-161.59043884277344
6065408,-71.73725128173828
6067072,-141.39712524414062
6067104,-101.95197296142578
6068176,-151.76109313964844
6068192,-99.58612060546875
6068672,-155.6664276123047
6068752,-162.5388641357422
6070288,-151.72962951660156
6071120,-160.21075439453125
6071424,-160.611328125
6071712,-146.10000610351562
6071904,-160.41168212890625
6072896,-158.12693786621094
6073616,-157.9108123779297
6073632,-166.07244873046875
6074192,-154.72412109375
6074880,-162.78359985351562
6076576,-128.7409210205078
6078000,-85.9779052734375
6078464,-83.81330871582031
6079920,-159.0822296142578
6081104,-157.2535858154297
6081344,-153.99964904785156
6081584,-99.08013916015625
6082224,-167.41934204101562
6084048,-164.5242462158203
6085248,-155.43333435058594
6085328,-153.99964904785156
6086080,-157.47415161132812
6086608,-122.60389709472656
6086880,-154.72412109375
6087776,-102.69999694824219
6089760,-93.57708740234375
6090000,-149.51084899902344
6091136,-159.80491638183594
6091648,-160.5755157470703
6092096,-161.19393920898438
6092816,-156.35604858398438
6094096,-76.61355590820312
6094208,-155.19859313964844
6095024,-158.12693786621094
6095200,-154.96218872070312
6095312,-155.6664276123047
6096640,-149.30307006835938
6097424,-88.00653076171875
6098448,-156.582763671875
6098752,-156.582763671875
6099424,-151.46803283691406
6099584,-157.9108123779297
6101936,-157.5142822265625
6102880,-85.12358093261719
6102912,-154.24285888671875
6103440,-149.30307006835938
6105760,-153.99964904785156
6106128,-91.77625274658203
6107136,-163.27647399902344
6108144,-158.5548553466797
6109184,-159.7310333251953
6109232,-157.9108123779297
6109520,-157.2535858154297
6110144,-85.9779052734375
6110496,-83.46875
6111520,-109.99513244628906
6111680,-152.24705505371094
6112080,-144.86422729492188
6112416,-153.99964904785156
6114192,-154.885498046875
6115904,-157.03150939941406
6117264,-72.74285888671875
6118736,-154.24285888671875
6119152,-162.72500610351562
6121488,-158.12693786621094
6121648,-166.07244873046875
6122336,-154.885498046875
6122896,-158.76666259765625
6123776,-155.43333435058594
6125744,-167.0275421142578
6125888,-154.96218872070312
6126560,-64.24136352539062
6127120,-99.15016174316406
6127184,-156.35604858398438
6127984,-161.19393920898438
6128960,-80.79010772705078
6129216,-158.12693786621094
6129296,-147.29684448242188
6130000,-152.75692749023438
6130784,-155.43333435058594
6131872,-92.07368469238281
6134432,-158.97708129882812
6134672,-160.41168212890625
6136704,-159.51626586914062
6139024,-101.95197296142578
6139120,-91.77625274658203
6139472,-167.08876037597656
6139792,-158.12693786621094
6140048,-159.18609619140625
6140656,-169.17520141601562
6143920,-159.0822296142578
6144240,-156.12777709960938
6144736,-159.60000610351562
6145392,-152.5029296875
6145456,-160.80967712402344
6145472,-70.31014251708984
6145776,-156.8079071044922
6146000,-155.19859313964844
6146352,-84.4677963256836
6147392,-160.0084991455078
6147504,-159.18609619140625
6147552,-163.3584442138672
6148448,-154.24285888671875
6148496,-160.98919677734375
6148960,-164.87107849121094
6149616,-154.24285888671875
6149696,-142.5388641357422
6150224,-162.35157775878906
6150832,-69.98526763916016
6151328,-82.6146011352539
6152032,-159.18609619140625
6152720,-159.80491638183594
6152896,-99.7591781616211
6153696,-155.6664276123047
6154416,-159.3000030517578
6154592,-167.41934204101562
6155184,-79.2838363647461
6155424,-157.97021484375
6155472,-155.62353515625
6156256,-157.47415161132812
6156336,-160.21075439453125
6157104,-163.54757690429688
6157600,-84.1046371459961
6158336,-157.69322204589844
6160896,-71.84137725830078
6161152,-151.9893035888672
6162208,-163.54757690429688
6162352,-148.1700439453125
6162928,-161.19393920898438
6164752,-149.30307006835938
6166480,-158.12693786621094
6166768,-164.87107849121094
6167408,-158.76666259765625
6167488,-154.24285888671875
6167616,-157.69322204589844
6169232,-163.9960174560547
6169920,-104.79784393310547
6170656,-95.847900390625
6173648,-147.72592163085938
6173680,-107.8017578125
6173808,-160.0084991455078
6174784,-153.99964904785156
6175552,-160.611328125
6176560,-109.27894592285156
6177792,-102.468994140625
6179408,-161.2025604248047
6179440,-150.93894958496094
6179984,-166.9219512939453
6180512,-94.36666870117188
6180768,-158.12693786621094
6182096,-158.5548553466797
6182464,-165.89938354492188
6182624,-158.97708129882812
6183840,-94.47377014160156
6183952,-75.52545166015625
6184000,-34.45964813232422
6185216,-113.76363372802734
6185408,-152.24705505371094
6188224,-154.24285888671875
6188944,-159.60000610351562
6189728,-83.87127685546875
6190048,-107.66642761230469
6190528,-154.72412109375
6190720,-163.19378662109375
6192528,-155.13333129882812
6192672,-160.611328125
6193168,-155.43333435058594
6194032,-73.39177703857422
6195328,-89.59832763671875
6196336,-149.85665893554688
6197040,-160.0084991455078
6197072,-154.72412109375
6197360,-166.5852813720703
6198576,-158.97708129882812
6198720,-159.80491638183594
6198768,-149.58091735839844
6199184,-153.00909423828125
6199424,-89.4232177734375
6200624,-157.9108123779297
6201072,-157.74305725097656
6201600,-79.08797454833984
6203072,-165.88697814941406
6203648,-156.582763671875
6203840,-100.93943786621094
6205344,-156.12777709960938
6205952,-164.69818115234375
6209712,-159.7310333251953
6210272,-160.80967712402344
6210480,-157.9108123779297
6211200,-82.20526123046875
6212384,-160.611328125
6212816,-161.99932861328125
6213440,-169.75840759277344
6213696,-49.2074089050293
6213920,-156.35604858398438
6214032,-153.50794982910156
6214240,-92.49002838134766
6214480,-162.19735717773438
6214608,-154.48434448242188
6214800,-161.97341918945312
6216016,-164.10769653320312
6216080,-159.3000030517578
6216144,-156.8079071044922
6217312,-169.9268035888672
6217904,-155.8979034423828
6218160,-153.87547302246094
6219808,-158.86293029785156
6220016,-160.0084991455078
6220032,-158.12693786621094
6220720,-155.8979034423828
6221008,-159.3937225341797
6222896,-93.37164306640625
6223216,-161.0067596435547
6224256,-162.5388641357422
6224496,-157.69322204589844
6224736,-157.28387451171875
6225552,-94.36666870117188
6225568,-73.73332977294922
6225616,-88.16511535644531
6226608,-157.9108123779297
6227568,-102.26445770263672
6228496,-161.0067596435547
6228736,-159.3937225341797
6229792,-167.0275421142578
6230176,-156.35604858398438
6231424,-154.72412109375
6234272,-80.20967864990234
6234368,-47.18436050415039
6234544,-143.16807556152344
6235104,-145.37367248535156
6235552,-166.75413513183594
6235968,-63.62941360473633
6236128,-147.00119018554688
6236384,-153.75466918945312
6236656,-156.35604858398438
6237200,-170.66363525390625
6237488,-156.582763671875
6238080,-85.9779052734375
6239552,-94.49718475341797
6239760,-173.9276580810547
6240320,-157.2535858154297
6241888,-108.09867095947266
6242160,-155.6664276123047
6243536,-152.75692749023438
6244224,-164.3492431640625
6245008,-148.4565887451172
6245136,-151.72962951660156
6246336,-163.0937957763672
6246368,-160.41168212890625
6247280,-99.4588623046875
6248032,-160.21075439453125
6248112,-52.76315689086914
6248192,-136.582763671875
6248464,-161.99932861328125
6249920,-151.20448303222656
6250304,-161.59043884277344
6250400,-95.54361724853516
6250560,-163.27647399902344
6250576,-148.4565887451172
6252320,-158.64210510253906
6253104,-160.611328125
6254352,-97.06719970703125
6254768,-166.07244873046875
6258752,-156.8079071044922
6258992,-167.9689483642578
6261360,-89.6138687133789
6262576,-157.2535858154297
6263120,26.45923614501953
6263728,-159.3937225341797
6264480,-85.53770446777344
6265184,-106.36204528808594
6265792,-155.6664276123047
6265888,-150.93894958496094
6266640,-158.76666259765625
6267152,-158.34161376953125
6267248,-78.10237121582031
6268752,-154.24285888671875
6270416,-59.40140914916992
6270800,-162.39405822753906
6270864,-164.1731719970703
6272528,-160.41168212890625
6272688,-109.8586196899414
6273888,-153.00909423828125
6275792,-151.20448303222656
6276752,-164.29200744628906
6278592,-152.24705505371094
6279248,-156.35604858398438
6279888,-157.2535858154297
6282384,-154.96218872070312
6283536,-161.0067596435547
6286288,-157.69322204589844
6286336,-163.73548889160156
6287968,-80.19044494628906
6287968,-81.08940124511719
6288064,-151.9893035888672
6288336,-156.8079071044922
6289136,-159.80491638183594
6290448,-149.85665893554688
6290976,-101.80000305175781
6292624,-160.21075439453125
6292672,-153.99964904785156
6293088,-159.18609619140625
6293872,-95.70963287353516
6294384,-161.99932861328125
6294640,-171.0957794189453
6294848,-86.53888702392578
6295104,-67.44113159179688
6295968,-154.38426208496094
6296240,-155.13333129882812
6296496,-154.72412109375
6298608,-159.3937225341797
6299216,-150.13031005859375
6299424,-165.21377563476562
6301856,-155.6664276123047
6302480,-68.85698699951172
6303104,-51.38593292236328
6303488,-160.5755157470703
6303968,-155.6664276123047
6304224,-110.73332977294922
6309360,-156.8079071044922
6310416,-157.9108123779297
6310464,-157.2535858154297
6311456,-101.04621124267578
6311472,-135.8979034423828
6312304,-158.76666259765625
6312576,-148.4565887451172
6312672,-157.69322204589844
6313232,-154.72412109375
6313568,-151.9893035888672
6313808,-159.3937225341797
6315152,-150.6714324951172
6315328,-158.64210510253906
6315888,-154.72412109375
6316608,-157.47415161132812
6316752,-112.6209945678711
6316848,-158.34161376953125
6316992,-160.21075439453125
6317440,-155.6664276123047
6319664,-91.23633575439453
6319904,-159.3937225341797
6320112,-160.0084991455078
6320112,-164.87107849121094
6320976,-153.25941467285156
6321216,-162.1630859375
6322016,-159.60000610351562
6322752,-97.88104248046875
6323072,-157.5142822265625
6323184,-140.611328125
6323328,-154.72412109375
6324864,-160.611328125
6325184,-155.43333435058594
6325456,-162.97647094726562
6326224,-163.8177947998047
6329424,-162.97647094726562
6329968,-79.6742172241211
6330656,-157.03150939941406
6331120,-164.29200744628906
6331536,-158.97708129882812
6333840,-160.21075439453125
6334944,-160.41168212890625
6335920,-102.69397735595703
6337040,-164.47515869140625
6337328,-158.4197235107422
6338592,-162.1630859375
6339360,-119.0408706665039
6341424,-154.96218872070312
6341552,-168.57887268066406
6343136,-84.97086334228516
6343184,-160.36654663085938
6344608,-78.1881332397461
6345088,-92.96410369873047
6346560,-163.63845825195312
6347360,-154.96218872070312
6347936,-152.5029296875
6348160,-165.88697814941406
6348368,-160.5755157470703
6349472,-151.72962951660156
6352096,-151.46803283691406
6352864,-64.66557312011719
6354272,-157.2535858154297
6355808,-159.3937225341797
6356144,-157.47415161132812
6356160,-151.76109313964844
6357008,-72.2506332397461
6357072,-155.6664276123047
6357264,-95.84761810302734
6357904,-157.97021484375
6359280,-160.15615844726562
6359360,-157.97021484375
6363344,-163.63845825195312
6363728,-153.25941467285156
6364352,-49.19230651855469
6365168,-132.24705505371094
6365488,-159.3937225341797
6365696,-165.01766967773438
6365840,-157.03150939941406
6367056,-156.35604858398438
6367584,-159.0822296142578
6368288,-165.01766967773438
6368352,-149.62608337402344
6369904,-150.08685302734375
6370768,-71.9018325805664
6372800,-83.87127685546875
6373056,-150.13031005859375
6376128,-159.80491638183594
6376160,-148.3306121826172
6376464,-157.47415161132812
6376512,-156.58261108398438
6377264,-150.93894958496094
6378400,-167.0275421142578
6378496,-160.0084991455078
6379472,-150.93894958496094
6380608,-157.69322204589844
6381488,-156.12777709960938
6381888,-160.21075439453125
6382800,-153.25941467285156
6383584,-159.7310333251953
6385392,-159.3937225341797
6385920,-77.01773071289062
6386144,-162.35157775878906
6386784,-95.82586669921875
6387344,-160.6714324951172
6388384,-160.21075439453125
6389456,-161.7825469970703
6390480,-159.51626586914062
6391216,-137.03150939941406
6391488,-74.27591705322266
6391840,-69.98526763916016
6392304,-68.8946533203125
6392688,-155.19859313964844
6393328,-161.7825469970703
6395424,-153.09771728515625
6398256,-160.0084991455078
6398384,-154.38426208496094
6399424,-162.19735717773438
6399632,-159.3000030517578
6400848,-91.3672866821289
6402048,-158.5548553466797
6402576,-106.29273223876953
6402960,-163.63845825195312
6402960,-157.74305725097656
6403424,-114.21929931640625
6403824,-139.18609619140625
6404592,-159.18609619140625
6404688,-158.12693786621094
6404784,-157.2535858154297
6405536,-166.86744689941406
6406064,-78.22949981689453
6406192,-77.65660095214844
6406352,-161.7825469970703
6406784,-157.5142822265625
6407072,-153.50794982910156
6407088,-154.96218872070312
6407392,-109.55488586425781
6410528,-153.25941467285156
6411856,-160.0084991455078
6412048,-82.75733947753906
6412528,-152.24705505371094
6413408,-157.03150939941406
6413696,-163.3584442138672
6413808,-153.00909423828125
6414128,-128.30819702148438
6415472,-162.1630859375
6416224,-156.12777709960938
6416240,-140.98919677734375
6417584,-161.39712524414062
6418128,-162.39405822753906
6418352,-153.50794982910156
6420448,-151.46803283691406
6420544,-154.96218872070312
6421792,-154.72412109375
6422352,-163.63845825195312
6422848,-80.13333129882812
6423472,-157.03150939941406
6426144,-152.5029296875
6426656,-84.53380584716797
6426736,-167.5831298828125
6426768,-160.21075439453125
6426864,-159.80491638183594
6427008,-163.27647399902344
6427696,-157.03150939941406
6428288,-93.81221008300781
6429328,-93.66073608398438
6432816,-123.02641296386719
6433232,-157.5142822265625
6433760,-86.52352905273438
6434304,-155.8979034423828
6435424,-168.85882568359375
6439232,-160.98919677734375
6440432,-156.8079071044922
6441504,-59.25736618041992
6441776,-152.24705505371094
6442832,-84.87010192871094
6443168,-162.1630859375
6443360,-77.55653381347656
6443616,-152.5029296875
6444464,-155.62353515625
6446368,-78.20243072509766
6446736,-151.46803283691406
6449200,-80.0
6449936,-160.78305053710938
6450768,-160.36654663085938
6452096,-161.2025604248047
6453328,-87.03148651123047
6453408,-169.16842651367188
6455776,-86.64286041259766
6456240,-164.29200744628906
6456432,-161.39730834960938
6457200,-161.97341918945312
6457616,-159.60000610351562
6459008,-162.90997314453125
6459712,-161.59933471679688
6460000,-148.4565887451172
6460352,-157.97021484375
6460528,-160.0084991455078
6460560,-166.75413513183594
6460640,-156.582763671875
6460848,-153.99964904785156
6461824,-160.80967712402344
6464192,-70.1828384399414
6464576,-159.60000610351562
6465232,-158.76666259765625
6466032,-65.52881622314453
6467360,-155.8979034423828
6468480,-92.33501434326172
6470688,-157.47415161132812
6471120,-149.58091735839844
6471136,-97.26522064208984
6471344,-148.92550659179688
6471872,-156.8079071044922
6472672,-155.13333129882812
6473504,-159.80491638183594
6473616,-153.99964904785156
6475168,-158.1957550048828
6475536,-154.72412109375
6475552,-160.41168212890625
6476080,-152.75692749023438
6476848,-165.38357543945312
6477312,-157.9108123779297
6477456,-160.80967712402344
6477776,-150.40188598632812
6478064,-163.16807556152344
6479520,-159.9443359375
6479552,-166.5852813720703
6479568,-156.8079071044922
6479872,-156.58261108398438
6481984,-157.03150939941406
6483648,-150.6714324951172
6483792,-150.93894958496094
6485760,-160.21075439453125
6486192,-161.7825469970703
6487872,-150.40188598632812
6488240,-89.4232177734375
6488256,-83.14545440673828
6489200,-161.8000030517578
6490352,-156.12777709960938
6491312,-152.75692749023438
6492480,-121.01525115966797
6492784,-161.97341918945312
6493104,-153.99964904785156
6493392,-156.58261108398438
6493584,-94.47377014160156
6494400,-91.3672866821289
6494912,-83.93333435058594
6495520,-86.5163803100586
6496512,-155.43333435058594
6499728,-160.5755157470703
6499920,-160.21075439453125
6501040,-157.69322204589844
6504896,-153.50794982910156
6506464,-152.75692749023438
6508128,-152.24705505371094
6508784,-159.18609619140625
6509392,-165.01766967773438
6511504,-158.76666259765625
6511808,-152.83448791503906
6512144,-127.70089721679688
6512912,-157.03150939941406
6514256,-154.96218872070312
6514464,-157.47415161132812
6515456,-148.7409210205078
6516352,-157.9108123779297
6516368,-153.50794982910156
6516560,-163.73548889160156
6517456,-165.37367248535156
6517472,-160.41168212890625
6518176,-149.58091735839844
6518288,-165.89938354492188
6520400,-155.43333435058594
6520576,-161.0067596435547
6522000,-157.2535858154297
6523104,-153.50794982910156
6525168,-164.69818115234375
6526464,-159.3937225341797
6527328,-157.47415161132812
6529152,-105.9208755493164
6533536,-159.80491638183594
6535824,-165.72018432617188
6535952,-111.05904388427734
6536368,-149.58091735839844
6537760,-151.72962951660156
6538624,-159.3937225341797
6541056,-73.43333435058594
6541504,-150.40188598632812
6542272,-153.50794982910156
6543088,-155.8979034423828
6543152,-163.92218017578125
6544176,-89.66511535644531
6544640,-159.7310333251953
6546496,-158.5548553466797
6546640,-71.11968231201172
6546848,-161.39712524414062
6547200,-92.5857162475586
6547680,-160.21075439453125
6547712,-78.53103637695312
6548048,-158.4197235107422
6548576,-74.82373809814453
6548752,-161.0067596435547
6549360,-156.12777709960938
6549488,-153.75466918945312
6550688,-153.00909423828125
6552272,-159.3937225341797
6553040,-163.16807556152344
6553456,-158.12693786621094
6553872,-156.8079071044922
6554368,-161.59933471679688
6555680,-160.21075439453125
6555984,-151.46803283691406
6557056,-153.50794982910156
6557536,-70.82841491699219
6559312,-164.47515869140625
6559648,-147.88125610351562
6560416,-156.582763671875
6561232,-156.35604858398438
6561744,-161.59933471679688
6563408,-166.05279541015625
6563888,-149.0230712890625
6564016,-165.38357543945312
6565488,-157.28387451171875
6566000,-161.7825469970703
6569200,-163.63845825195312
6570768,-158.34161376953125
6571312,-158.12693786621094
6572752,-164.10769653320312
6572912,-149.58091735839844
6573504,-162.72500610351562
6573856,-160.36654663085938
6574208,-161.2025604248047
6574448,-156.12777709960938
6574464,-157.47415161132812
6574864,-104.36259460449219
6575904,-149.30307006835938
6576560,-158.12693786621094
6576576,-163.9960174560547
6577888,-165.88697814941406
6578016,-149.0230712890625
6578432,-161.2025604248047
6579072,-163.45802307128906
6580048,-156.35604858398438
6580800,-160.80967712402344
6581168,-161.8000030517578
6581680,-91.58515167236328
6582096,-152.24705505371094
6583792,-161.7825469970703
6586144,-163.3584442138672
6586304,-158.1957550048828
6587184,-158.5548553466797
6587312,-149.30307006835938
6588864,-159.0822296142578
6589584,-161.59043884277344
6590128,-154.24285888671875
6590672,-149.85665893554688
6591984,-77.97024536132812
6592240,-154.24285888671875
6592272,-160.15615844726562
6593088,-156.8079071044922
6593792,-87.06666564941406
6594384,-164.69818115234375
6594800,-156.81805419921875
6595200,-143.91070556640625
6595888,-156.345458984375
6596208,-150.6714324951172
6596432,-163.16807556152344
6597568,-67.61479949951172
6598000,-160.0084991455078
6599632,-162.78359985351562
6600656,-162.35157775878906
6602608,-157.47415161132812
6603024,-159.51626586914062
6603904,-158.5548553466797
6604848,-87.07499694824219
6605600,-160.0084991455078
6605984,-81.41798400878906
6606272,-81.6492919921875
6609344,-155.62353515625
6609440,-86.62586975097656
6611472,-153.25941467285156
6612720,-161.7825469970703
6612928,-164.47515869140625
6613344,-138.12693786621094
6615024,-153.3589324951172
6616000,-156.345458984375
6616144,-155.8979034423828
6617072,-155.43333435058594
6617392,-151.72962951660156
6618256,-155.19859313964844
6618304,-165.19622802734375
6618944,-153.99964904785156
6619504,-155.43333435058594
6620224,-157.03150939941406
6621344,-157.0518035888672
6622448,-44.08136749267578
6624448,-151.46803283691406
6624560,-157.69322204589844
6625808,-154.24285888671875
6626208,-157.47415161132812
6626256,-163.0937957763672
6626592,-157.69322204589844
6626656,-162.39405822753906
6628192,-155.86593627929688
6628256,-89.95897674560547
6628688,-89.09329223632812
6629728,-161.39730834960938
6630640,-108.52043151855469
6630880,-164.1731719970703
6630880,-153.00909423828125
6630928,-154.72412109375
6632736,-77.40555572509766
6632896,-158.34161376953125
6632992,-157.2535858154297
6635328,-84.2737045288086
6635408,-157.03150939941406
6635920,-161.39712524414062
6636272,-153.50794982910156
6638784,-156.12777709960938
6639568,-154.24285888671875
6639616,-160.98919677734375
6641680,-158.12693786621094
6641712,-156.35604858398438
6641968,-158.12693786621094
6643504,-163.0937957763672
6643664,-110.34314727783203
6643952,-165.21377563476562
6644368,-158.12693786621094
6645568,-162.5894775390625
6648544,-158.5548553466797
6649920,-52.380645751953125
6650464,-158.76666259765625
6651360,-159.18609619140625
6651648,-109.36227416992188
6651920,-155.6664276123047
6652128,-160.36654663085938
6652240,-163.0937957763672
6652400,-157.69322204589844
6653424,-86.94285583496094
6654528,-150.6714324951172
6654880,-160.611328125
6654944,-165.88697814941406
6656496,-116.70909118652344
6656640,-164.5242462158203
6656832,-93.91986846923828
6658848,-81.73368072509766
6659168,-160.41168212890625
6659968,-167.5831298828125
6660848,-158.12693786621094
6661072,-98.24871063232422
6662400,-93.99610137939453
6663120,-98.66773986816406
6663184,-160.80967712402344
6663184,-164.10769653320312
6663312,-164.6571502685547
6663520,-89.00126647949219
6664256,-151.20448303222656
6664944,-148.7409210205078
6665360,-163.9960174560547
6665536,-108.25889587402344
6666704,-155.8979034423828
6667296,-149.85665893554688
6667584,-163.92218017578125
6671536,-156.582763671875
6671600,-149.0230712890625
6671792,-153.25941467285156
6672832,-160.0084991455078
6673360,-86.50164031982422
6673936,-71.9908447265625
6673952,-84.22972869873047
6674272,-122.60389709472656
6675712,-164.29200744628906
6676016,-154.48434448242188
6676032,-162.5894775390625
6676352,-161.0067596435547
6677056,-159.60000610351562
6677600,-110.81688690185547
6678112,-152.3019256591797
6678160,-93.99610137939453
6678160,-158.76666259765625
6678672,-155.6664276123047
6679984,-150.40188598632812
6680016,-73.12727355957031
6680928,-151.20448303222656
6684192,-163.54757690429688
6684784,-158.76666259765625
6686304,-160.21075439453125
6687392,-158.5548553466797
6688720,-149.58091735839844
6688912,-162.1630859375
6689008,-159.60000610351562
6690832,-164.1731719970703
6691040,-157.69322204589844
6691488,-164.3492431640625
6691616,-158.5548553466797
6692976,-61.41167449951172
6693072,-105.47743225097656
6693392,-156.1065673828125
6693728,-155.6664276123047
6697184,-161.2025604248047
6697664,-158.5548553466797
6700048,-93.06867980957031
6700192,-162.72500610351562
6700272,-160.21075439453125
6700416,-142.90997314453125
6701712,-162.1630859375
6701872,-150.50189208984375
6701968,-141.39712524414062
6702000,-157.47415161132812
6702160,-159.80491638183594
6703520,-160.21075439453125
6704080,-161.97341918945312
6704208,-81.80000305175781
6704464,-2.846153736114502
6704704,-169.02737426757812
6706320,-160.80967712402344
6707648,-107.3816909790039
6708000,-78.78726959228516
6708688,-75.6877212524414
6708976,-153.99964904785156
6709312,-85.44285583496094
6710544,-163.63845825195312
6711296,-165.89938354492188
6711424,-157.47415161132812
6712032,-112.6209945678711
6712848,-72.68518829345703
6713088,-96.83180236816406
6714784,-158.97708129882812
6715232,-168.38754272460938
6715536,-104.8331069946289
6716432,-157.47415161132812
6716608,-157.2535858154297
6716896,-159.80491638183594
6717232,-85.56019592285156
6717376,-69.2374496459961
6718128,-151.21176147460938
6718720,-164.3492431640625
6719408,-158.12693786621094
6719872,-154.96218872070312
6720832,-152.24705505371094
6721296,-156.35604858398438
6721440,-165.5500030517578
6721504,-156.345458984375
6723056,-164.29200744628906
6723392,-162.5894775390625
6723552,-155.43333435058594
6723552,-157.03150939941406
6723872,-158.97708129882812
6723936,-158.34161376953125
6725664,-155.43333435058594
6725792,-76.47272491455078
6725904,-154.24285888671875
6726208,-159.18609619140625
6728016,-155.8979034423828
6728160,-162.1630859375
6728608,-158.97708129882812
6729856,-158.97708129882812
6730496,-162.1630859375
6730608,-73.3402099609375
6730896,-119.4765853881836
6732128,-154.96218872070312
6732128,-118.83356475830078
6732384,-157.47415161132812
6732448,-108.6757583618164
6732528,-150.40188598632812
6733616,-100.70594787597656
6734208,-90.89324951171875
6735280,-79.80908966064453
6736320,-156.8079071044922
6736592,-166.9219512939453
6738704,-157.9108123779297
6739632,-123.02641296386719
6739936,-155.13333129882812
6740752,-159.60000610351562
6742864,-165.88697814941406
6744032,-90.34142303466797
6744896,-156.582763671875
6745664,-157.47415161132812
6745968,-161.2025604248047
6746272,-155.43333435058594
6746880,-160.0084991455078
6747456,-137.69322204589844
6747952,-162.35157775878906
6749616,-57.67940139770508
6750064,-163.63845825195312
6751808,-156.35604858398438
6751920,-160.78305053710938
6751968,-168.85882568359375
6752608,-144.1731719970703
6753568,-99.97232055664062
6754416,-70.6583023071289
6754592,-65.71752166748047
6754736,-162.39405822753906
6756400,-157.03150939941406
6756480,-91.21322631835938
6756512,-153.00909423828125
6756832,-158.12693786621094
6758624,-155.86593627929688
6758944,-153.50794982910156
6760912,-158.4197235107422
6761264,-107.5369873046875
6761968,-162.72500610351562
6762000,-153.61817932128906
6762352,-156.35604858398438
6763472,-158.76666259765625
6764912,-164.29200744628906
6765008,-156.35604858398438
6765568,-143.9960174560547
6766640,-153.75466918945312
6767424,-100.23432922363281
6767680,-165.37367248535156
6768288,-162.35157775878906
6768752,-159.3937225341797
6769072,-156.12777709960938
6772128,-162.19735717773438
6772240,-155.43333435058594
6772512,-159.4937286376953
6772784,-160.0084991455078
6772864,-166.07244873046875
6773984,-157.69322204589844
6775520,-158.12693786621094
6775856,-158.5548553466797
6777712,-151.72962951660156
6777968,-153.00909423828125
6779328,-112.64590454101562
6780144,-165.04293823242188
6780320,-155.19859313964844
6780672,-80.80928802490234
6781440,-139.18609619140625
6782256,-158.76666259765625
6782304,-160.0084991455078
6783104,-72.41889190673828
6784416,-158.34161376953125
6784528,-156.35604858398438
6785216,-72.81375122070312
6786640,-158.86293029785156
6788784,-89.60472106933594
6789184,-152.83448791503906
6790480,-104.0527572631836
6790928,-154.48434448242188
6792912,-161.8000030517578
6792944,-156.582763671875
6792976,-156.58261108398438
6794064,-57.86031723022461
6795696,-88.2491226196289
6796720,-90.29541778564453
6796816,-171.70211791992188
6798928,-150.6714324951172
6801040,-145.48709106445312
6801200,-140.36654663085938
6803696,-162.35157775878906
6803904,-110.81688690185547
6804032,-68.34427642822266
6807600,-157.97021484375
6807776,-160.611328125
6807808,-107.74705505371094
6808592,-149.0230712890625
6810096,-154.48434448242188
6811696,-156.345458984375
6812896,-149.0230712890625
6814880,-158.1957550048828
6815248,-94.93871307373047
6815904,-159.7310333251953
6816368,-153.25941467285156
6816400,-156.58261108398438
6816992,-156.35604858398438
6817808,-76.51644134521484
6818512,-161.59043884277344
6819472,-164.3492431640625
6820128,-158.76666259765625
6823104,-67.28397369384766
6824144,-163.63845825195312
6825328,-91.53268432617188
6826640,-147.59019470214844
6827040,-163.0937957763672
6827728,-163.45802307128906
6827776,-164.10769653320312
6827904,-162.19735717773438
6829536,-158.86293029785156
6830240,-91.3672866821289
6831184,-94.2874984741211
6832848,-153.00909423828125
6835088,-163.27647399902344
6836016,-92.17936706542969
6838448,-140.80967712402344
6839696,-159.60000610351562
6840720,-149.30307006835938
6841936,-104.79784393310547
6842320,-148.1700439453125
6842640,-155.37933349609375
6842672,-124.94815063476562
6845040,-78.66236877441406
6845168,-156.35604858398438
6846160,-152.75692749023438
6847152,-162.72500610351562
6847632,-159.18609619140625
6848288,-134.96218872070312
6849248,-156.58261108398438
6849840,-158.34161376953125
6850896,-158.12693786621094
6852656,-69.50418090820312
6853456,-164.83798217773438
6853984,-104.35631561279297
6854768,-158.12693786621094
6855120,-154.72412109375
6855616,-161.7825469970703
6856912,-51.814048767089844
6856976,-147.29684448242188
6857024,-94.8242416381836
6857232,-159.60000610351562
6857616,-92.11981201171875
6857680,-160.611328125
6858496,-156.582763671875
6858976,-164.29200744628906
6859008,-152.56922912597656
6859088,-150.13031005859375
6859776,-168.0686492919922
6860560,-158.97708129882812
6861120,-157.2535858154297
6861248,-163.8177947998047
6861824,-156.582763671875
6862256,-166.75413513183594
6863008,-158.5548553466797
6863936,-152.75692749023438
6864416,-149.85665893554688
6865120,-165.72018432617188
6865312,-153.50794982910156
6867936,-157.69322204589844
6869040,-162.78359985351562
6869568,-156.35604858398438
6869760,-92.86853790283203
6871440,-154.48434448242188
6871680,-167.34495544433594
6871936,-65.77587890625
6872288,-156.582763671875
6872320,-161.59933471679688
6872400,-157.2535858154297
6872528,-165.38357543945312
6872976,-161.2025604248047
6873040,-147.88125610351562
6873408,-155.6664276123047
6874976,-161.0067596435547
6875152,-148.4565887451172
6875520,-158.34161376953125
6876752,-156.8079071044922
6878384,-93.71991729736328
6878560,-156.58261108398438
6878656,-76.36581420898438
6879376,-159.60000610351562
6879408,-170.4695587158203
6879872,-161.39712524414062
6880080,-150.13031005859375
6880656,-160.15615844726562
6881488,-163.63845825195312
6881984,-158.34161376953125
6882224,-161.39730834960938
6882592,-158.76666259765625
6882912,-156.1065673828125
6883056,-158.34161376953125
6883296,-77.82734680175781
6883648,-105.71935272216797
6884096,-155.8979034423828
6884976,-159.3937225341797
6886320,-153.99964904785156
6887296,-111.39208984375
6887856,-158.34161376953125
6888608,-66.22881317138672
6889520,-158.34161376953125
6889904,-162.39405822753906
6889952,-158.1957550048828
6890720,-150.6714324951172
6891760,-86.75602722167969
6893424,-159.18609619140625
6894144,-83.14545440673828
6894256,-87.58580780029297
6894384,-102.4000015258789
6895520,-162.78359985351562
6895856,-163.0937957763672
6899600,-153.87547302246094
6899744,-161.0067596435547
6900576,-160.80967712402344
6900720,-170.60948181152344
6902320,-154.72412109375
6902592,-157.69322204589844
6902752,-71.92140197753906
6902864,-160.80967712402344
6902944,-157.2535858154297
6903152,-161.19393920898438
6903648,-165.37367248535156
6905056,-157.2535858154297
6907488,-157.03150939941406
6907872,-157.03150939941406
6908160,-165.37367248535156
6908928,-151.76109313964844
6910416,-103.5999984741211
6910656,-153.99964904785156
6911600,-147.88125610351562
6911696,-167.08876037597656
6912080,-152.83448791503906
6912272,-159.18609619140625
6913136,-164.87107849121094
6913456,-161.59043884277344
6914848,-163.73548889160156
6915664,-162.35157775878906
6916592,-70.82841491699219
6919408,-154.24285888671875
6920192,-152.75692749023438
6921328,-93.13204956054688
6921952,-154.96218872070312
6923424,-159.7310333251953
6923488,-153.50794982910156
6923632,-158.12693786621094
6924512,-173.01951599121094
6926048,-74.78823852539062
6926176,-155.43333435058594
6926528,-148.4565887451172
6930384,-159.3937225341797
6930720,-150.40188598632812
6932048,-157.5142822265625
6932064,-159.60000610351562
6932112,-159.18609619140625
6933392,-85.44285583496094
6934160,-155.43333435058594
6934160,-149.30307006835938
6934256,-87.31558990478516
6935376,-70.8828353881836
6936656,-65.52881622314453
6936656,-64.82748413085938
6936704,-79.08797454833984
6937136,-160.0084991455078
6937488,-165.88697814941406
6938816,-153.25941467285156
6940880,-168.1227264404297
6941328,-77.94303894042969
6942656,-99.28044891357422
6943040,-154.72412109375
6943328,-89.95660400390625
6944016,-82.47142791748047
6944032,-159.3000030517578
6945424,-154.48434448242188
6946112,-166.5852813720703
6946848,-153.25941467285156
6947632,-164.6571502685547
6948048,-77.0565185546875
6948256,-157.2535858154297
6948960,-158.97708129882812
6949984,-153.99964904785156
6951088,-155.8979034423828
6951264,-145.88697814941406
6952144,-104.66666412353516
6953536,-87.0052261352539
6954416,-152.24705505371094
6954592,-151.72962951660156
6954768,-163.8177947998047
6955648,-153.00909423828125
6956176,-86.27096557617188
6957456,-154.72412109375
6957840,-150.40188598632812
6958320,-158.34161376953125
6959520,-141.7825469970703
6959552,-162.78359985351562
6960752,-161.0067596435547
6960912,-154.72412109375
6961424,-88.0729751586914
6963232,-95.82105255126953
6963536,-159.3937225341797
6963760,-161.2025604248047
6964352,-158.12693786621094
6964784,-83.00526428222656
6965360,-154.72412109375
6965776,-169.4744110107422
6966752,-152.75692749023438
6967584,-76.77046966552734
6967696,-102.149658203125
6969664,-53.400001525878906
6969952,-67.88888549804688
6971360,-76.89490509033203
6972272,-155.43333435058594
6973008,-88.90225219726562
6973472,-161.39712524414062
6974144,-165.19622802734375
6974176,-160.15615844726562
6975024,-104.5313720703125
6975760,-152.5029296875
6975872,-169.9268035888672
6975904,-163.92218017578125
6976544,-101.52381134033203
6977232,-150.40188598632812
6977968,0.5116564631462097
6978112,-154.96218872070312
6978128,-152.83448791503906
6980208,-156.58261108398438
6980416,-74.82373809814453
6981360,-72.3499984741211
6981920,-147.88125610351562
6983472,-153.25941467285156
6984032,-163.8177947998047
6985072,-147.59019470214844
6986144,-157.2535858154297
6986544,-157.47415161132812
6986912,-158.97708129882812
6987264,-161.97341918945312
6987696,-160.21075439453125
6988160,-162.39405822753906
6988864,-156.345458984375
6989056,-158.86293029785156
6989376,-159.3937225341797
6989808,-142.93333435058594
6992368,-143.91070556640625
6992464,-154.38426208496094
6992864,-158.34161376953125
6993584,-74.65882110595703
6993792,-164.10769653320312
6994080,-90.29541778564453
6994384,-141.9312286376953
6994512,-161.19393920898438
6995904,-151.46803283691406
6996896,-109.55238342285156
6997456,-153.25941467285156
6999008,-153.25941467285156
6999120,-151.20448303222656
7000416,-158.97708129882812
7001536,-98.76522064208984
7002512,-150.6714324951172
7002528,-157.2535858154297
7003296,-72.51678466796875
7003792,-157.69322204589844
7003856,-158.64210510253906
7004432,-168.72921752929688
7004640,-163.63845825195312
7005904,-157.03150939941406
7006512,-85.04035186767578
7006528,-150.37142944335938
7009728,-143.0937957763672
7010256,-161.39712524414062
7010432,-164.87107849121094
7011840,-165.04293823242188
7012560,-165.38357543945312
7012640,-70.59883880615234
7012832,-158.86293029785156
7013120,-151.21176147460938
7015248,-82.85853576660156
7015616,-108.85294342041016
7015968,-166.86744689941406
7016064,-166.38153076171875
7016080,-153.00909423828125
7016384,-77.04814910888672
7016880,-96.35555267333984
7018992,-162.1630859375
7019024,-158.64210510253906
7019840,-153.50794982910156
7020192,-155.8979034423828
7020272,-159.3000030517578
7020592,-156.345458984375
7021104,-157.03150939941406
7021200,-155.8979034423828
7021264,-154.24285888671875
7022704,-157.47415161132812
7023120,-153.99964904785156
7023456,-93.58647155761719
7023600,-149.30307006835938
7025232,-157.9108123779297
7025424,-161.0067596435547
7026608,-161.2025604248047
7027584,-156.12777709960938
7027872,-161.19393920898438
7027872,-168.8787078857422
7028032,-155.8979034423828
7029440,-159.18609619140625
7029456,-160.0084991455078
7029696,-157.69322204589844
7030176,-153.00909423828125
7030368,-75.13333129882812
7030816,-154.96218872070312
7031568,-162.72500610351562
7031712,-165.72018432617188
7031824,-162.19735717773438
7032480,-157.03150939941406
7033600,-154.96218872070312
7033680,-157.9108123779297
7034224,-81.95960235595703
7034592,-155.43333435058594
7034688,-152.75692749023438
7035760,-155.43333435058594
7035936,-157.47415161132812
7036928,-155.43333435058594
7039072,-161.97341918945312
7041424,-93.54822540283203
7041600,-87.55925750732422
7042032,-146.8000030517578
7042368,-160.36654663085938
7042384,-137.69322204589844
7043312,-147.9077911376953
7044480,-155.6664276123047
7044768,-97.48974609375
7045776,-63.778228759765625
7045888,-87.03148651123047
7046176,-65.07582092285156
7046880,-149.85665893554688
7047632,-105.74528503417969
7047744,-163.8177947998047
7048368,-163.63845825195312
7048608,-77.0565185546875
7049712,-115.77971649169922
7050656,-150.40188598632812
7051104,-156.8079071044922
7051344,-150.13031005859375
7052784,-156.8079071044922
7052912,-158.76666259765625
7053456,-147.88125610351562
7055680,-155.8979034423828
7056624,-107.3816909790039
7056992,-164.47515869140625
7056992,-155.8979034423828
7057664,-160.5755157470703
7057792,-149.30307006835938
7058496,-163.45802307128906
7059776,-157.03150939941406
7061200,-159.3000030517578
7061520,-156.58261108398438
7061904,-161.59933471679688
7063136,-155.62353515625
7063312,-153.99964904785156
7063952,-157.47415161132812
7064000,-165.04293823242188
7064016,-160.611328125
7064624,-158.4197235107422
7065008,-161.59933471679688
7067360,-153.99964904785156
7067520,-161.99932861328125
7067696,-160.21075439453125
7068208,-92.7518539428711
7070816,-154.885498046875
7071136,-79.826171875
7071856,-161.7825469970703
7072496,-161.39730834960938
7072784,-162.72500610351562
7073072,-157.9108123779297
7073856,-82.0798568725586
7074192,-153.99964904785156
7074320,-90.0999984741211
7074880,-162.78359985351562
7074912,-89.91694641113281
7076368,-66.4093017578125
7078528,-157.2535858154297
7078784,-160.0084991455078
7079104,-156.582763671875
7080576,-141.0067596435547
7080976,-60.007843017578125
7081472,-88.2491226196289
7081856,-93.13841247558594
7082304,-157.2535858154297
7082672,-161.39730834960938
7084352,-88.28448486328125
7084496,-158.86293029785156
7085552,-162.19735717773438
7086704,-106.19924926757812
7086848,-157.28387451171875
7088080,-109.72283935546875
7088816,-158.12693786621094
7088928,-163.63845825195312
7088960,-161.59043884277344
7090384,-82.04426574707031
7091056,-154.24285888671875
7091984,-160.0084991455078
7092640,-74.52226257324219
7095456,-65.681396484375
7097088,-158.34161376953125
7097104,-49.9180793762207
7097360,-155.8979034423828
7097392,-138.1957550048828
7098176,-164.5242462158203
7099520,-161.0067596435547
7100288,-154.96218872070312
7100304,-161.2025604248047
7101328,-147.88125610351562
7101952,-153.00909423828125
7103696,-153.99964904785156
7103920,-106.53262329101562
7105984,-102.9478759765625
7106000,-160.78305053710938
7106032,-155.43333435058594
7106176,-149.68092346191406
7107104,-158.4197235107422
7110256,-155.6664276123047
7110304,-157.03150939941406
7110368,-160.611328125
7110592,-155.43333435058594
7111008,-156.8079071044922
7112480,-168.57887268066406
7113136,-161.97341918945312
7114688,-158.5548553466797
7115248,-158.12693786621094
7116800,-150.6714324951172
7119280,-90.6689682006836
7119456,-153.00909423828125
7120368,-157.0518035888672
7120992,-157.03150939941406
7121376,-75.38275909423828
7122288,-151.46803283691406
7123104,-164.87107849121094
7125920,-73.7716293334961
7126032,-158.34161376953125
7126112,-157.9108123779297
7126160,-140.0084991455078
7127328,-158.34161376953125
7127584,-156.35604858398438
7127936,-153.99964904785156
7129616,-167.25454711914062
7129936,-155.19859313964844
7130048,-142.1630859375
7130496,-75.0741958618164
7131808,-153.25941467285156
7132624,-88.59480285644531
7133168,-156.8079071044922
7134208,-57.67647171020508
7134272,-137.2535858154297
7134720,-157.69322204589844
7136032,-158.34161376953125
7136480,-65.49505615234375
7137136,-149.85665893554688
7138496,-164.1731719970703
7138656,-165.01766967773438
7139104,-158.76666259765625
7139456,-157.03150939941406
7140368,-156.8079071044922
7141040,-152.75692749023438
7141680,-157.69322204589844
7142720,-156.582763671875
7144832,-163.0937957763672
7144992,-166.86744689941406
7145568,-151.9893035888672
7145728,-70.24073791503906
7146016,-154.24285888671875
7146544,-156.8079071044922
7146928,-162.78359985351562
7147200,-158.4197235107422
7148048,-161.2025604248047
7149152,-151.46803283691406
7149360,-158.12693786621094
7149792,-163.27647399902344
7149952,-147.00119018554688
7153840,-163.27647399902344
7154368,-104.79784393310547
7154704,-154.13082885742188
7155312,-81.31267547607422
7155680,-169.90219116210938
7155680,-154.48434448242188
7157424,-63.90827178955078
7158064,-154.6358184814453
7159008,-156.8079071044922
7162000,-147.29684448242188
7162016,-158.12693786621094
7162016,-71.43197631835938
7162016,-151.46803283691406
7163232,-153.50794982910156
7163472,-148.4565887451172
7164048,-112.16363525390625
7164736,-153.99964904785156
7165584,-133.25941467285156
7165872,-162.90997314453125
7166528,-155.8979034423828
7166560,-63.476924896240234
7167984,-77.55086517333984
7168272,-162.5388641357422
7168672,-154.48434448242188
7169536,-150.13031005859375
7169840,-154.96218872070312
7170752,-82.75733947753906
7172496,-78.63355255126953
7174064,-166.54444885253906
7174848,-80.02898406982422
7175008,-156.8079071044922
7175616,-152.75692749023438
7176096,-159.3937225341797
7176112,-151.72962951660156
7176960,-153.99964904785156
7177088,-158.97708129882812
7177104,-62.5692024230957
7177168,-82.47142791748047
7178192,-161.59933471679688
7178528,-157.2535858154297
7179280,-155.8979034423828
7180528,-122.36962127685547
7180688,-118.02542114257812
7181856,-153.25941467285156
7182608,-161.59933471679688
7183760,-156.12777709960938
7184304,-159.3000030517578
7184736,-153.99964904785156
7185152,-97.71830749511719
7186288,-153.25941467285156
7187088,-88.90225219726562
7187264,-159.4937286376953
7187760,-97.71580505371094
7187984,-161.97341918945312
7188192,-157.9108123779297
7188528,-158.12693786621094
7188944,-156.8079071044922
7190256,-147.88125610351562
7190480,-164.69818115234375
7190624,-141.39730834960938
7191952,-153.25941467285156
7191984,-153.99964904785156
7192256,-116.4774398803711
7193440,-90.85285949707031
7194368,-156.12777709960938
7195312,-94.47377014160156
7196032,-158.76666259765625
7196160,-155.8979034423828
7196480,-153.75466918945312
7197424,-162.5388641357422
7198160,-162.97647094726562
7198928,-164.1731719970703
7199504,-48.69144821166992
7200896,-109.95033264160156
7201280,-164.5242462158203
7201312,-94.03157806396484
7201824,-155.6664276123047
7202064,-151.9893035888672
7202272,-157.2535858154297
7202976,-85.5433578491211
7203424,-159.3937225341797
7204480,-158.86293029785156
7204928,-157.03150939941406
7205120,-160.80967712402344
7206048,-151.46803283691406
7206048,-159.18609619140625
7206480,-164.83798217773438
7209344,-155.43333435058594
7209744,-162.90997314453125
7211776,-154.6358184814453
7211920,-159.18609619140625
7212000,-154.885498046875
7213488,-155.19859313964844
7213568,-157.47415161132812
7213888,-162.5388641357422
7215344,-68.34427642822266
7217376,-155.43333435058594
7218256,-154.24285888671875
7218432,-161.59043884277344
7219600,-82.99252319335938
7220576,-102.84484100341797
