step,value
272,0.0
912,0.0
1072,0.0
1168,0.0
1312,0.0
2432,0.0
2816,0.0
3648,0.0
4048,0.0
4896,0.0
5200,0.0
8368,0.0
8496,0.0
9712,0.0
10464,0.0
10672,0.0
12128,0.0
12256,0.0
12576,0.0
13088,0.0
13600,0.0
14160,0.0
14752,0.0
15744,0.0
16928,0.0
17488,0.0
18864,0.0
19808,0.0
21664,0.0
22272,0.0
22576,0.0
23744,0.0
24336,0.0
26064,0.0
26160,0.0
27168,0.0
27280,0.0
28336,0.0
29840,0.0
30432,0.0
30832,0.0
32480,0.0
33888,0.0
33984,0.0
34464,0.0
34720,0.0
36416,0.0
37520,0.0
38224,0.0
38256,0.0
38816,0.0
39616,0.0
40048,0.0
40240,0.0
41376,0.0
41632,0.0
41664,0.0
42064,0.0
44224,0.0
48096,0.0
48144,0.0
50576,0.0
53264,0.0
53360,0.0
53488,0.0
54112,0.0
54384,0.0
54688,0.0
54976,0.0
56656,0.0
57664,0.0
58240,0.0
58336,0.0
58624,0.0
58848,0.0
59216,0.0
59392,0.0
59456,0.0
59520,0.0
59840,0.0
60640,0.0
61008,0.0
62784,0.0
63136,0.0
63696,0.0
63968,0.0
64800,0.0
64944,0.0
64976,0.0
65824,0.0
66208,0.0
66464,0.0
66784,0.0
68128,0.0
70048,0.0
70480,0.0
71856,0.0
72448,0.0
72480,0.0
72800,0.0
73328,0.0
75264,0.0
75856,0.0
75920,0.0
76016,0.0
76320,0.0
76464,0.0
76544,0.0
77328,0.0
77632,0.0
77680,0.0
78672,0.0
79056,0.0
80736,0.0
81360,0.0
82816,0.0
83376,0.0
84384,0.0
85008,0.0
85120,0.0
87024,0.0
87920,0.0
89792,0.0
90272,0.0
90896,0.0
93024,0.0
93088,0.0
94288,0.0
95440,0.0
95696,0.0
96064,0.0
97952,0.0
98192,0.0
98432,0.0
100016,0.0
100144,0.0
100832,0.0
101696,0.0
104656,0.0
105760,0.0
107568,0.0
109024,0.0
112592,0.0
113312,0.0
114000,0.0
114912,0.0
115808,0.0
116048,0.0
116064,0.0
116576,0.0
117056,0.0
117632,0.0
118000,0.0
118064,0.0
118432,0.0
119024,0.0
120432,0.0
121024,0.0
122816,0.0
123552,0.0
127152,0.0
128144,0.0
129744,0.0
130576,0.0
132080,0.0
132256,0.0
133232,0.0
134848,0.0
134912,0.0
134960,0.0
137840,0.0
138000,0.0
138656,0.0
139056,0.0
143728,0.0
144048,0.0
144544,0.0
144976,0.0
145456,0.0
148320,0.0
148720,0.0
149280,0.0
150640,0.0
151136,0.0
152384,0.0
153184,0.0
153360,0.0
153856,0.0
155184,0.0
157232,0.0
157296,0.0
157312,0.0
158064,0.0
158304,0.0
159376,0.0
159424,0.0
160320,0.0
163920,0.0
164976,0.0
165760,0.0
166608,0.0
168128,0.0
169936,0.0
170528,0.0
170640,0.0
171280,0.0
172576,0.0
173344,0.0
174032,0.0
174656,0.0
175088,0.0
176368,0.0
176480,0.0
176576,0.0
176704,0.0
177808,0.0
178128,0.0
178288,0.0
179440,0.0
180768,0.0
181088,0.0
182352,0.0
182464,0.0
185408,0.0
185664,0.0
186480,0.0
187952,0.0
188080,0.0
190464,0.0
190704,0.0
191520,0.0
192016,0.0
192032,0.0
192464,0.0
192976,0.0
192992,0.0
193120,0.0
193792,0.0
194784,0.0
195056,0.0
195696,0.0
197184,0.0
197408,0.0
197520,0.0
197664,0.0
200112,0.0
200304,0.0
200864,0.0
201520,0.0
202256,0.0
202272,0.0
203408,0.0
203568,0.0
203824,0.0
205488,0.0
206464,0.0
206960,0.0
210000,0.0
210992,0.0
212768,0.0
213472,0.0
214608,0.0
214656,0.0
215376,0.0
217184,0.0
218400,0.0
221104,0.0
222576,0.0
223392,0.0
223488,0.0
223888,0.0
224928,0.0
227136,0.0
228128,0.0
228416,0.0
228960,0.0
229488,0.0
230960,0.0
231248,0.0
231968,0.0
232528,0.0
232784,0.0
232880,0.0
233104,0.0
233648,0.0
234528,0.0
235360,0.0
235616,0.0
236128,0.0
236656,0.0
236672,0.0
236864,0.0
237504,0.0
237792,0.0
238128,0.0
239456,0.0
239728,0.0
240688,0.0
240768,0.0
242960,0.0
243936,0.0
244048,0.0
244064,0.0
247200,0.0
248192,0.0
248208,0.0
248416,0.0
249328,0.0
250304,0.0
253696,0.0
253744,0.0
253872,0.0
254208,0.0
254368,0.0
254560,0.0
254608,0.0
254816,0.0
255216,0.0
257424,0.0
257488,0.0
259232,0.0
259264,0.0
259312,0.0
259504,0.0
260560,0.0
263744,0.0
263824,0.0
264960,0.0
265216,0.0
267376,0.0
268176,0.0
268352,0.0
268496,0.0
268832,0.0
269008,0.0
269488,0.0
269760,0.0
269808,0.0
269952,0.0
273312,0.0
273552,0.0
273840,0.0
274688,0.0
274752,0.0
276272,0.0
276576,0.0
277408,0.0
278400,0.0
281536,0.0
282080,0.0
282480,0.0
282864,0.0
284688,0.0
285184,0.0
285312,0.0
285616,0.0
285888,0.0
285936,0.0
286016,0.0
286512,0.0
287488,0.0
287552,0.0
288960,0.0
289728,0.0
289888,0.0
291184,0.0
291440,0.0
291856,0.0
292272,0.0
294368,0.0
296080,0.0
298640,0.0
298736,0.0
298880,0.0
299408,0.0
299904,0.0
300528,0.0
301184,0.0
302336,0.0
304624,0.0
305008,0.0
305184,0.0
305408,0.0
309088,0.0
310064,0.0
310192,0.0
311056,0.0
311728,0.0
312416,0.0
312560,0.0
312592,0.0
312976,0.0
313008,0.0
314736,0.0
316048,0.0
316080,0.0
316272,0.0
316304,0.0
318000,0.0
319328,0.0
320336,0.0
320368,0.0
320544,0.0
320704,0.0
321024,0.0
321920,0.0
322064,0.0
322560,0.0
322672,0.0
323552,0.0
323568,0.0
324448,0.0
325280,0.0
325536,0.0
327168,0.0
328000,0.0
329888,0.0
330464,0.0
330640,0.0
331264,0.0
333072,0.0
336160,0.0
337248,0.0
337472,0.0
337760,0.0
338144,0.0
340496,0.0
340640,0.0
341840,0.0
342624,0.0
344768,0.0
345072,0.0
345584,0.0
346032,0.0
346704,0.0
346832,0.0
346928,0.0
346976,0.0
347472,0.0
347744,0.0
347808,0.0
347968,0.0
348064,0.0
350656,0.0
350672,0.0
350896,0.0
351648,0.0
351712,0.0
352032,0.0
353664,0.0
354816,0.0
355664,0.0
356720,0.0
357584,0.0
358000,0.0
360128,0.0
360384,0.0
360544,0.0
360864,0.0
361152,0.0
361920,0.0
362288,0.0
362432,0.0
362480,0.0
362592,0.0
362752,0.0
363904,0.0
364544,0.0
364592,0.0
365408,0.0
366416,0.0
366864,0.0
366992,0.0
367520,0.0
367968,0.0
368368,0.0
369872,0.0
371632,0.0
371808,0.0
373088,0.0
373632,0.0
374832,0.0
375472,0.0
375680,0.0
375920,0.0
376496,0.0
379648,0.0
380880,0.0
382080,0.0
382784,0.0
382880,0.0
384112,0.0
386512,0.0
386640,0.0
387616,0.0
389296,0.0
389744,0.0
391760,0.0
392240,0.0
392336,0.0
393856,0.0
394656,0.0
396848,0.0
397616,0.0
398064,0.0
399616,0.0
400464,0.0
400672,0.0
401280,0.0
401328,0.0
401376,0.0
402944,0.0
403472,0.0
403696,0.0
403984,0.0
404608,0.0
404640,0.0
404672,0.0
404896,0.0
405104,0.0
405728,0.0
405872,0.0
406224,0.0
406288,0.0
407600,0.0
408192,0.0
408352,0.0
409264,0.0
409440,0.0
409696,0.0
410128,0.0
410528,0.0
410864,0.0
411152,0.0
411664,0.0
413072,0.0
414096,0.0
414400,0.0
414528,0.0
414560,0.0
416176,0.0
416528,0.0
416640,0.0
417328,0.0
417808,0.0
418608,0.0
418832,0.0
418992,0.0
419280,0.0
420112,0.0
422016,0.0
422192,0.0
422960,0.0
427984,0.0
431616,0.0
431952,0.0
432928,0.0
433264,0.0
434192,0.0
434704,0.0
435408,0.0
437792,0.0
438608,0.0
439888,0.0
440000,0.0
440064,0.0
441440,0.0
442240,0.0
442768,0.0
443120,0.0
443984,0.0
446112,0.0
446752,0.0
447360,0.0
447600,0.0
448320,0.0
449536,0.0
450448,0.0
451040,0.0
451408,0.0
451824,0.0
452112,0.0
452240,0.0
453520,0.0
453616,0.0
454528,0.0
454752,0.0
455808,0.0
456032,0.0
456224,0.0
456512,0.0
456832,0.0
457136,0.0
457840,0.0
461744,0.0
461952,0.0
462960,0.0
463136,0.0
463456,0.0
464816,0.0
465920,0.0
466192,0.0
467328,0.0
470544,0.0
470704,0.0
472464,0.0
472608,0.0
475984,0.0
476544,0.0
476832,0.0
477648,0.0
478592,0.0
479312,0.0
481488,0.0
481632,0.0
482448,0.0
482688,0.0
484336,0.0
487200,0.0
487504,0.0
488048,0.0
491072,0.0
491392,0.0
492512,0.0
492560,0.0
492816,0.0
493408,0.0
494448,0.0
495584,0.0
496720,0.0
498064,0.0
498800,0.0
500768,0.0
501968,0.0
502032,0.0
502080,0.0
502480,0.0
503856,0.0
503920,0.0
504400,0.0
505360,0.0
505872,0.0
506768,0.0
506928,0.0
507232,0.0
507408,0.0
507680,0.0
508384,0.0
509056,0.0
509424,0.0
512368,0.0
512656,0.0
513200,0.0
513600,0.0
513792,0.0
513968,0.0
514640,0.0
515728,0.0
515904,0.0
515984,0.0
517952,0.0
518432,0.0
520096,0.0
521040,0.0
521312,0.0
523504,0.0
523792,0.0
524160,0.0
525408,0.0
525824,0.0
526528,0.0
527136,0.0
527424,0.0
528848,0.0
530368,0.0
532336,0.0
533376,0.0
533584,0.0
533648,0.0
534416,0.0
535040,0.0
535488,0.0
536656,0.0
537328,0.0
538096,0.0
539792,0.0
540112,0.0
540512,0.0
540640,0.0
540688,0.0
540752,0.0
541104,0.0
541568,0.0
541824,0.0
543376,0.0
543472,0.0
544368,0.0
547936,0.0
549984,0.0
551072,0.0
552064,0.0
553904,0.0
553920,0.0
554192,0.0
555232,0.0
555904,0.0
556976,0.0
557120,0.0
557152,0.0
558400,0.0
560288,0.0
560928,0.0
561184,0.0
561824,0.0
563248,0.0
565568,0.0
567168,0.0
569184,0.0
569344,0.0
571920,0.0
576560,0.0
576768,0.0
579280,0.0
580944,0.0
581456,0.0
582608,0.0
583648,0.0
583872,0.0
584240,0.0
584256,0.0
585328,0.0
586400,0.0
589376,0.0
589840,0.0
591264,0.0
591568,0.0
591664,0.0
592496,0.0
594384,0.0
595584,0.0
595760,0.0
597536,0.0
598416,0.0
599248,0.0
600496,0.0
601360,0.0
602816,0.0
602928,0.0
603728,0.0
607392,0.0
607552,0.0
608576,0.0
608832,0.0
609392,0.0
609920,0.0
611392,0.0
611872,0.0
612864,0.0
613904,0.0
614336,0.0
615312,0.0
615920,0.0
616240,0.0
616272,0.0
616736,0.0
617008,0.0
617792,0.0
618496,0.0
618736,0.0
618752,0.0
619136,0.0
619232,0.0
620336,0.0
621600,0.0
622832,0.0
623856,0.0
624240,0.0
625360,0.0
625376,0.0
625408,0.0
626032,0.0
626752,0.0
627408,0.0
627728,0.0
629232,0.0
629824,0.0
630384,0.0
630592,0.0
631776,0.0
632336,0.0
632992,0.0
633184,0.0
633280,0.0
633760,0.0
634272,0.0
636224,0.0
637968,0.0
638576,0.0
640624,0.0
640816,0.0
641024,0.0
641808,0.0
643056,0.0
643728,0.0
645984,0.0
646480,0.0
646688,0.0
647168,0.0
647488,0.0
648544,0.0
649536,0.0
649648,0.0
650464,0.0
650688,0.0
651408,0.0
652128,0.0
652432,0.0
652656,0.0
653088,0.0
653488,0.0
653536,0.0
654992,0.0
655504,0.0
656112,0.0
659440,0.0
660016,0.0
660192,0.0
660480,0.0
660688,0.0
661424,0.0
663904,0.0
664656,0.0
666960,0.0
669936,0.0
669968,0.0
672512,0.0
675264,0.0
675392,0.0
675616,0.0
675808,0.0
676960,0.0
679280,0.0
679296,0.0
680432,0.0
680496,0.0
680672,0.0
680960,0.0
683360,0.0
683584,0.0
685280,0.0
686352,0.0
687296,0.0
687776,0.0
688224,0.0
689168,0.0
689312,0.0
691712,0.0
691840,0.0
691936,0.0
692944,0.0
693184,0.0
694784,0.0
694896,0.0
698256,0.0
698800,0.0
699568,0.0
699952,0.0
700160,0.0
700176,0.0
700320,0.0
700896,0.0
701088,0.0
701504,0.0
701824,0.0
702688,0.0
703328,0.0
703888,0.0
704224,0.0
706608,0.0
706992,0.0
707872,0.0
708672,0.0
708880,0.0
710192,0.0
710688,0.0
710832,0.0
712272,0.0
713056,0.0
713616,0.0
714272,0.0
715424,0.0
715936,0.0
716000,0.0
717888,0.0
719024,0.0
719632,0.0
720128,0.0
720768,0.0
721360,0.0
721920,0.0
722032,0.0
723504,0.0
724736,0.0
725136,0.0
725504,0.0
725616,0.0
725664,0.0
728272,0.0
728768,0.0
729888,0.0
730848,0.0
731504,0.0
731792,0.0
732512,0.0
732544,0.0
733312,0.0
734688,0.0
735040,0.0
736272,0.0
736832,0.0
738384,0.0
738896,0.0
740128,0.0
740528,0.0
741888,0.0
742112,0.0
742848,0.0
742880,0.0
744864,0.0
746208,0.0
746896,0.0
747376,0.0
748288,0.0
748528,0.0
749344,0.0
749392,0.0
750400,0.0
750912,0.0
751312,0.0
752592,0.0
752688,0.0
756448,0.0
756704,0.0
757088,0.0
758384,0.0
761280,0.0
763920,0.0
765664,0.0
766256,0.0
767840,0.0
768784,0.0
769200,0.0
769232,0.0
769520,0.0
770000,0.0
770272,0.0
770656,0.0
771216,0.0
771808,0.0
771936,0.0
773168,0.0
774672,0.0
777216,0.0
778080,0.0
778928,0.0
781904,0.0
782112,0.0
782320,0.0
783152,0.0
783936,0.0
784736,0.0
787824,0.0
788048,0.0
789168,0.0
791936,0.0
792064,0.0
792256,0.0
793216,0.0
793456,0.0
793472,0.0
793536,0.0
794832,0.0
795536,0.0
796688,0.0
798320,0.0
799088,0.0
800096,0.0
800128,0.0
800144,0.0
802176,0.0
802992,0.0
803696,0.0
804400,0.0
804912,0.0
805520,0.0
805792,0.0
806432,0.0
807328,0.0
807360,0.0
808256,0.0
808592,0.0
810016,0.0
810464,0.0
811296,0.0
813184,0.0
813888,0.0
814912,0.0
815248,0.0
815328,0.0
815408,0.0
815616,0.0
816624,0.0
817056,0.0
817488,0.0
817696,0.0
817936,0.0
818576,0.0
820352,0.0
820976,0.0
821552,0.0
822800,0.0
824048,0.0
824384,0.0
825248,0.0
825632,0.0
825792,0.0
826080,0.0
826464,0.0
826816,0.0
827152,0.0
828400,0.0
829504,0.0
830640,0.0
831120,0.0
831360,0.0
832432,0.0
832528,0.0
833712,0.0
835008,0.0
835600,0.0
836048,0.0
836112,0.0
836480,0.0
837552,0.0
837600,0.0
837728,0.0
838096,0.0
838736,0.0
839312,0.0
839344,0.0
839424,0.0
839440,0.0
840464,0.0
841168,0.0
841200,0.0
841632,0.0
842064,0.0
842304,0.0
842320,0.0
843328,0.0
844064,0.0
844352,0.0
844880,0.0
846976,0.0
847216,0.0
847568,0.0
847984,0.0
849088,0.0
850128,0.0
850592,0.0
850704,0.0
851072,0.0
851600,0.0
852576,0.0
852816,0.0
853024,0.0
855312,0.0
856944,0.0
857712,0.0
858128,0.0
858368,0.0
859376,0.0
860784,0.0
861248,0.0
861712,0.0
863616,0.0
863648,0.0
865184,0.0
865328,0.0
866304,0.0
866368,0.0
866544,0.0
867968,0.0
868432,0.0
868944,0.0
870560,0.0
870960,0.0
872240,0.0
872288,0.0
872320,0.0
874048,0.0
876112,0.0
876544,0.0
878832,0.0
879136,0.0
879488,0.0
880432,0.0
882032,0.0
882064,0.0
882704,0.0
883488,0.0
883936,0.0
884352,0.0
884784,0.0
887760,0.0
888256,0.0
888832,0.0
890608,0.0
890816,0.0
891664,0.0
892496,0.0
894208,0.0
894432,0.0
895088,0.0
895792,0.0
897312,0.0
897360,0.0
897408,0.0
898832,0.0
899056,0.0
899296,0.0
900000,0.0
902544,0.0
902720,0.0
903056,0.0
905920,0.0
906496,0.0
908992,0.0
909056,0.0
910512,0.0
911600,0.0
913168,0.0
915200,0.0
915824,0.0
916176,0.0
916704,0.0
916992,0.0
918352,0.0
918416,0.0
919008,0.0
921328,0.0
921856,0.0
922384,0.0
925056,0.0
925120,0.0
925328,0.0
925808,0.0
927216,0.0
927264,0.0
927856,0.0
927936,0.0
928032,0.0
929248,0.0
930640,0.0
930944,0.0
932080,0.0
932320,0.0
934240,0.0
935184,0.0
935600,0.0
936416,0.0
937040,0.0
937712,0.0
938048,0.0
938912,0.0
940496,0.0
940864,0.0
943024,0.0
943328,0.0
943776,0.0
944112,0.0
944672,0.0
945056,0.0
945584,0.0
947184,0.0
947264,0.0
948080,0.0
949424,0.0
949872,0.0
950656,0.0
951040,0.0
953792,0.0
956768,0.0
956928,0.0
957632,0.0
957888,0.0
957984,0.0
958224,0.0
958304,0.0
960464,0.0
961056,0.0
961952,0.0
963888,0.0
964688,0.0
965568,0.0
967280,0.0
967632,0.0
967904,0.0
968240,0.0
968544,0.0
971072,0.0
971984,0.0
973360,0.0
974064,0.0
974320,0.0
974416,0.0
975792,0.0
976192,0.0
976864,0.0
977616,0.0
978288,0.0
978480,0.0
979728,0.0
980240,0.0
980768,0.0
981744,0.0
982512,0.0
985200,0.0
988784,0.0
989104,0.0
989600,0.0
989776,0.0
991632,0.0
991760,0.0
992224,0.0
994528,0.0
994688,0.0
995472,0.0
995568,0.0
995648,0.0
995904,0.0
998912,0.0
999088,0.0
999792,0.0
1000512,0.0
1000560,0.0
1003120,0.0
1005968,0.0
1006144,0.0
1006256,0.0
1006496,0.0
1008000,0.0
1009184,0.0
1010064,0.0
1010208,0.0
1011488,0.0
1012768,0.0
1013616,0.0
1013808,0.0
1014112,0.0
1015024,0.0
1016144,0.0
1017568,0.0
1017712,0.0
1017856,0.0
1017952,0.0
1020288,0.0
1021424,0.0
1021440,0.0
1024048,0.0
1025088,0.0
1029776,0.0
1029936,0.0
1030672,0.0
1031760,0.0
1032368,0.0
1032624,0.0
1033008,0.0
1033952,0.0
1034224,0.0
1034800,0.0
1034848,0.0
1036560,0.0
1036592,0.0
1036992,0.0
1037120,0.0
1038240,0.0
1038272,0.0
1038544,0.0
1039696,0.0
1041408,0.0
1047760,0.0
1047808,0.0
1048192,0.0
1051360,0.0
1051488,0.0
1052496,0.0
1053264,0.0
1053296,0.0
1053504,0.0
1054192,0.0
1054800,0.0
1055680,0.0
1055744,0.0
1056976,0.0
1057040,0.0
1058848,0.0
1059456,0.0
1059568,0.0
1061920,0.0
1061968,0.0
1064352,0.0
1064672,0.0
1064832,0.0
1065232,0.0
1065760,0.0
1067408,0.0
1067760,0.0
1071264,0.0
1071696,0.0
1071808,0.0
1071824,0.0
1072464,0.0
1073760,0.0
1073776,0.0
1074320,0.0
1076032,0.0
1076656,0.0
1078416,0.0
1078432,0.0
1078512,0.0
1079264,0.0
1079360,0.0
1081296,0.0
1081312,0.0
1081680,0.0
1084096,0.0
1085200,0.0
1085728,0.0
1086512,0.0
1087424,0.0
1088608,0.0
1090224,0.0
1092096,0.0
1092560,0.0
1095968,0.0
1096368,0.0
1097056,0.0
1097088,0.0
1097856,0.0
1100608,0.0
1101280,0.0
1101472,0.0
1102352,0.0
1102480,0.0
1102768,0.0
1103696,0.0
1105120,0.0
1106608,0.0
1109520,0.0
1109824,0.0
1110688,0.0
1111280,0.0
1111536,0.0
1112592,0.0
1113856,0.0
1115840,0.0
1115888,0.0
1116192,0.0
1118512,0.0
1118864,0.0
1119920,0.0
1120032,0.0
1120400,0.0
1121024,0.0
1121088,0.0
1121152,0.0
1121248,0.0
1121424,0.0
1122512,0.0
1122944,0.0
1123120,0.0
1123200,0.0
1124608,0.0
1125088,0.0
1126192,0.0
1126928,0.0
1127696,0.0
1129232,0.0
1131424,0.0
1131440,0.0
1131744,0.0
1132000,0.0
1132848,0.0
1132976,0.0
1133008,0.0
1135392,0.0
1136032,0.0
1136160,0.0
1136848,0.0
1137136,0.0
1137488,0.0
1139424,0.0
1139488,0.0
1140448,0.0
1140624,0.0
1141200,0.0
1142336,0.0
1142384,0.0
1142512,0.0
1142896,0.0
1143344,0.0
1145600,0.0
1145808,0.0
1146304,0.0
1147744,0.0
1150672,0.0
1151392,0.0
1151968,0.0
1153792,0.0
1154432,0.0
1155856,0.0
1157472,0.0
1157520,0.0
1158400,0.0
1158896,0.0
1159520,0.0
1159856,0.0
1160112,0.0
1160480,0.0
1160592,0.0
1160784,0.0
1161712,0.0
1164176,0.0
1167088,0.0
1168512,0.0
1168768,0.0
1169600,0.0
1172112,0.0
1172736,0.0
1173104,0.0
1174176,0.0
1174304,0.0
1175600,0.0
1175616,0.0
1176656,0.0
1176848,0.0
1177888,0.0
1179184,0.0
1180640,0.0
1180992,0.0
1181264,0.0
1182544,0.0
1182656,0.0
1183584,0.0
1183632,0.0
1184944,0.0
1185024,0.0
1185616,0.0
1185664,0.0
1186432,0.0
1187408,0.0
1188288,0.0
1188496,0.0
1188800,0.0
1190512,0.0
1190832,0.0
1193056,0.0
1193584,0.0
1193712,0.0
1195504,0.0
1196336,0.0
1196400,0.0
1198960,0.0
1199712,0.0
1199728,0.0
1200896,0.0
1201856,0.0
1201904,0.0
1201968,0.0
1202496,0.0
1204176,0.0
1204896,0.0
1205312,0.0
1205920,0.0
1207248,0.0
1207344,0.0
1207472,0.0
1208112,0.0
1210208,0.0
1210800,0.0
1211888,0.0
1212432,0.0
1212880,0.0
1213232,0.0
1213360,0.0
1213456,0.0
1214048,0.0
1215312,0.0
1216384,0.0
1217568,0.0
1217936,0.0
1218144,0.0
1218480,0.0
1219328,0.0
1220736,0.0
1220976,0.0
1222624,0.0
1223104,0.0
1223936,0.0
1225840,0.0
1228512,0.0
1229936,0.0
1230048,0.0
1230272,0.0
1230704,0.0
1231808,0.0
1232240,0.0
1233168,0.0
1233344,0.0
1234736,0.0
1235040,0.0
1236176,0.0
1237328,0.0
1238032,0.0
1238960,0.0
1239200,0.0
1240480,0.0
1242384,0.0
1243056,0.0
1243952,0.0
1245616,0.0
1246352,0.0
1247520,0.0
1247984,0.0
1249296,0.0
1252608,0.0
1253168,0.0
1254144,0.0
1254560,0.0
1257008,0.0
1258048,0.0
1258832,0.0
1258992,0.0
1259472,0.0
1259952,0.0
1262608,0.0
1263504,0.0
1263536,0.0
1267008,0.0
1267760,0.0
1269056,0.0
1271872,0.0
1272736,0.0
1272832,0.0
1273120,0.0
1273584,0.0
1273712,0.0
1275232,0.0
1275280,0.0
1277232,0.0
1277888,0.0
1277984,0.0
1279200,0.0
1281216,0.0
1281264,0.0
1283408,0.0
1283552,0.0
1283808,0.0
1284080,0.0
1288144,0.0
1290128,0.0
1291264,0.0
1292416,0.0
1293888,0.0
1293936,0.0
1294160,0.0
1294496,0.0
1294960,0.0
1295392,0.0
1295968,0.0
1296736,0.0
1297568,0.0
1298480,0.0
1298560,0.0
1299120,0.0
1299168,0.0
1299312,0.0
1299808,0.0
1300080,0.0
1301472,0.0
1303344,0.0
1304400,0.0
1304464,0.0
1306656,0.0
1307040,0.0
1307408,0.0
1309584,0.0
1309600,0.0
1310416,0.0
1311296,0.0
1311344,0.0
1312064,0.0
1312256,0.0
1314368,0.0
1314848,0.0
1314928,0.0
1315744,0.0
1317136,0.0
1317232,0.0
1319264,0.0
1320224,0.0
1320480,0.0
1320560,0.0
1322576,0.0
1324128,0.0
1325168,0.0
1327008,0.0
1327552,0.0
1327840,0.0
1328832,0.0
1329712,0.0
1329904,0.0
1330528,0.0
1330688,0.0
1331088,0.0
1332592,0.0
1335088,0.0
1335408,0.0
1335632,0.0
1336096,0.0
1336400,0.0
1336784,0.0
1338048,0.0
1338192,0.0
1342016,0.0
1342208,0.0
1343232,0.0
1344256,0.0
1346256,0.0
1347968,0.0
1348768,0.0
1349520,0.0
1349600,0.0
1349760,0.0
1349824,0.0
1352080,0.0
1352304,0.0
1352704,0.0
1355920,0.0
1357392,0.0
1357936,0.0
1359328,0.0
1361056,0.0
1361248,0.0
1361584,0.0
1361664,0.0
1362400,0.0
1363376,0.0
1363424,0.0
1366016,0.0
1366400,0.0
1366768,0.0
1366976,0.0
1370064,0.0
1370192,0.0
1370304,0.0
1372560,0.0
1374320,0.0
1374928,0.0
1376144,0.0
1377904,0.0
1378528,0.0
1380880,0.0
1381168,0.0
1381232,0.0
1381536,0.0
1381904,0.0
1382688,0.0
1382992,0.0
1383088,0.0
1384512,0.0
1385936,0.0
1387552,0.0
1388272,0.0
1388464,0.0
1388496,0.0
1389072,0.0
1389184,0.0
1390736,0.0
1391424,0.0
1391504,0.0
1391872,0.0
1392432,0.0
1392624,0.0
1392784,0.0
1393312,0.0
1394496,0.0
1394608,0.0
1395824,0.0
1396208,0.0
1397168,0.0
1397504,0.0
1403408,0.0
1404208,0.0
1404464,0.0
1404512,0.0
1404896,0.0
1405136,0.0
1405296,0.0
1405376,0.0
1405472,0.0
1405712,0.0
1407776,0.0
1411424,0.0
1411728,0.0
1411776,0.0
1414512,0.0
1415792,0.0
1416144,0.0
1417408,0.0
1418128,0.0
1418544,0.0
1418608,0.0
1422560,0.0
1422720,0.0
1423856,0.0
1425504,0.0
1426208,0.0
1428576,0.0
1429056,0.0
1429296,0.0
1429536,0.0
1429680,0.0
1430880,0.0
1430896,0.0
1431024,0.0
1432176,0.0
1432272,0.0
1433984,0.0
1435872,0.0
1439696,0.0
1439760,0.0
1440432,0.0
1442656,0.0
1447008,0.0
1448496,0.0
1448512,0.0
1450656,0.0
1450960,0.0
1450992,0.0
1451072,0.0
1452016,0.0
1452928,0.0
1455648,0.0
1455664,0.0
1457248,0.0
1458144,0.0
1458576,0.0
1458592,0.0
1458976,0.0
1459344,0.0
1459520,0.0
1461200,0.0
1461792,0.0
1462816,0.0
1462912,0.0
1463184,0.0
1463664,0.0
1464960,0.0
1464992,0.0
1465360,0.0
1465984,0.0
1466032,0.0
1466432,0.0
1467264,0.0
1471376,0.0
1472512,0.0
1472656,0.0
1472688,0.0
1472704,0.0
1472720,0.0
1473440,0.0
1474368,0.0
1474560,0.0
1474784,0.0
1475632,0.0
1475936,0.0
1478304,0.0
1478816,0.0
1479424,0.0
1480032,0.0
1480944,0.0
1481952,0.0
1483088,0.0
1483312,0.0
1483984,0.0
1487328,0.0
1487392,0.0
1488976,0.0
1489184,0.0
1489504,0.0
1489920,0.0
1490880,0.0
1491424,0.0
1491904,0.0
1492000,0.0
1493808,0.0
1495088,0.0
1496448,0.0
1496496,0.0
1497280,0.0
1497344,0.0
1497776,0.0
1501264,0.0
1502576,0.0
1502656,0.0
1503776,0.0
1504464,0.0
1505120,0.0
1505504,0.0
1506224,0.0
1508624,0.0
1509552,0.0
1509808,0.0
1509824,0.0
1509920,0.0
1510208,0.0
1511936,0.0
1512544,0.0
1513200,0.0
1513584,0.0
1514240,0.0
1514368,0.0
1514528,0.0
1515424,0.0
1516624,0.0
1517424,0.0
1518176,0.0
1518208,0.0
1518480,0.0
1518720,0.0
1518768,0.0
1519024,0.0
1519664,0.0
1520256,0.0
1520592,0.0
1520656,0.0
1521136,0.0
1521552,0.0
1521808,0.0
1522384,0.0
1523120,0.0
1523152,0.0
1523776,0.0
1523808,0.0
1524048,0.0
1524432,0.0
1524576,0.0
1524832,0.0
1526288,0.0
1529472,0.0
1531088,0.0
1531760,0.0
1532032,0.0
1532400,0.0
1533344,0.0
1533824,0.0
1536432,0.0
1537296,0.0
1537792,0.0
1539184,0.0
1540080,0.0
1540416,0.0
1540704,0.0
1542400,0.0
1544768,0.0
1545200,0.0
1545632,0.0
1546544,0.0
1548480,0.0
1548624,0.0
1549424,0.0
1549568,0.0
1551744,0.0
1551888,0.0
1552144,0.0
1552336,0.0
1554064,0.0
1555392,0.0
1556544,0.0
1558224,0.0
1558672,0.0
1559744,0.0
1560656,0.0
1560736,0.0
1561392,0.0
1563360,0.0
1563584,0.0
1563984,0.0
1564752,0.0
1565424,0.0
1567424,0.0
1567712,0.0
1568192,0.0
1568240,0.0
1568448,0.0
1568544,0.0
1569312,0.0
1569744,0.0
1572560,0.0
1572624,0.0
1573184,0.0
1573824,0.0
1575184,0.0
1575328,0.0
1577296,0.0
1577952,0.0
1577984,0.0
1578000,0.0
1579712,0.0
1581808,0.0
1582496,0.0
1582528,0.0
1584240,0.0
1585040,0.0
1585472,0.0
1586064,0.0
1586304,0.0
1589120,0.0
1589168,0.0
1589376,0.0
1589920,0.0
1589936,0.0
1590688,0.0
1590736,0.0
1591552,0.0
1592080,0.0
1593232,0.0
1594784,0.0
1594928,0.0
1595088,0.0
1595664,0.0
1596176,0.0
1597344,0.0
1597648,0.0
1599008,0.0
1599808,0.0
1600000,0.0
1600672,0.0
1600752,0.0
1601600,0.0
1602112,0.0
1602240,0.0
1602880,0.0
1602976,0.0
1603664,0.0
1604208,0.0
1605072,0.0
1605376,0.0
1607376,0.0
1608032,0.0
1608128,0.0
1608480,0.0
1610400,0.0
1610752,0.0
1611312,0.0
1611696,0.0
1612128,0.0
1613104,0.0
1613472,0.0
1615120,0.0
1615824,0.0
1619632,0.0
1619696,0.0
1619760,0.0
1620480,0.0
1621200,0.0
1621584,0.0
1621776,0.0
1621856,0.0
1622864,0.0
1623424,0.0
1623968,0.0
1624768,0.0
1626048,0.0
1626080,0.0
1626096,0.0
1626560,0.0
1626848,0.0
1627600,0.0
1628288,0.0
1628384,0.0
1628512,0.0
1629344,0.0
1630032,0.0
1631760,0.0
1633488,0.0
1634080,0.0
1634128,0.0
1635168,0.0
1636432,0.0
1636448,0.0
1637312,0.0
1637648,0.0
1637968,0.0
1638320,0.0
1639296,0.0
1639456,0.0
1639616,0.0
1640032,0.0
1640096,0.0
1640592,0.0
1641488,0.0
1641920,0.0
1642128,0.0
1642848,0.0
1642976,0.0
1643328,0.0
1643472,0.0
1644608,0.0
1644752,0.0
1645296,0.0
1646336,0.0
1647344,0.0
1649088,0.0
1649792,0.0
1649904,0.0
1650576,0.0
1651072,0.0
1651504,0.0
1652144,0.0
1653984,0.0
1654400,0.0
1654544,0.0
1654672,0.0
1655712,0.0
1655856,0.0
1657104,0.0
1657856,0.0
1657872,0.0
1658368,0.0
1658800,0.0
1659216,0.0
1659456,0.0
1659472,0.0
1659840,0.0
1660656,0.0
1662384,0.0
1662464,0.0
1662496,0.0
1662880,0.0
1664016,0.0
1664928,0.0
1667040,0.0
1667424,0.0
1668128,0.0
1668656,0.0
1669648,0.0
1670976,0.0
1671456,0.0
1671632,0.0
1672016,0.0
1672064,0.0
1672208,0.0
1672976,0.0
1673952,0.0
1678160,0.0
1683248,0.0
1685552,0.0
1686816,0.0
1687328,0.0
1687440,0.0
1687616,0.0
1689824,0.0
1689888,0.0
1690992,0.0
1691120,0.0
1692384,0.0
1693952,0.0
1694320,0.0
1695152,0.0
1695648,0.0
1696016,0.0
1696272,0.0
1696496,0.0
1697504,0.0
1697648,0.0
1698384,0.0
1698768,0.0
1698832,0.0
1698992,0.0
1699680,0.0
1700432,0.0
1702416,0.0
1702608,0.0
1702832,0.0
1703296,0.0
1704704,0.0
1706992,0.0
1707152,0.0
1707264,0.0
1708512,0.0
1710512,0.0
1710656,0.0
1711072,0.0
1712448,0.0
1715904,0.0
1716048,0.0
1716320,0.0
1716880,0.0
1717088,0.0
1718864,0.0
1721088,0.0
1722064,0.0
1723216,0.0
1723552,0.0
1724496,0.0
1724736,0.0
1727024,0.0
1727328,0.0
1728192,0.0
1728368,0.0
1728848,0.0
1729872,0.0
1730176,0.0
1731072,0.0
1731568,0.0
1732336,0.0
1733088,0.0
1734352,0.0
1734720,0.0
1736160,0.0
1737712,0.0
1738080,0.0
1738464,0.0
1739760,0.0
1740288,0.0
1740480,0.0
1741056,0.0
1741760,0.0
1742528,0.0
1743088,0.0
1745648,0.0
1746208,0.0
1748208,0.0
1748512,0.0
1749088,0.0
1749440,0.0
1751088,0.0
1751360,0.0
1752688,0.0
1753456,0.0
1753616,0.0
1755104,0.0
1757552,0.0
1757936,0.0
1758208,0.0
1758640,0.0
1758736,0.0
1758896,0.0
1760400,0.0
1760544,0.0
1761152,0.0
1761888,0.0
1762240,0.0
1762592,0.0
1765472,0.0
1766016,0.0
1766304,0.0
1767312,0.0
1767424,0.0
1767600,0.0
1769200,0.0
1769360,0.0
1771328,0.0
1773104,0.0
1774784,0.0
1775344,0.0
1775968,0.0
1776592,0.0
1776864,0.0
1776976,0.0
1778128,0.0
1778704,0.0
1778736,0.0
1779536,0.0
1780128,0.0
1780592,0.0
1780608,0.0
1783136,0.0
1783728,0.0
1784928,0.0
1785200,0.0
1785664,0.0
1785712,0.0
1786368,0.0
1786544,0.0
1787280,0.0
1787440,0.0
1788016,0.0
1788608,0.0
1789152,0.0
1793024,0.0
1793696,0.0
1795296,0.0
1796800,0.0
1797456,0.0
1798976,0.0
1799792,0.0
1801392,0.0
1801824,0.0
1802480,0.0
1803936,0.0
1805760,0.0
1805776,0.0
1807520,0.0
1807856,0.0
1808144,0.0
1808448,0.0
1808736,0.0
1809456,0.0
1810096,0.0
1811200,0.0
1811328,0.0
1811632,0.0
1813184,0.0
1814576,0.0
1815136,0.0
1815584,0.0
1816176,0.0
1816800,0.0
1818240,0.0
1818656,0.0
1820592,0.0
1820768,0.0
1822864,0.0
1825120,0.0
1826384,0.0
1826832,0.0
1827488,0.0
1827584,0.0
1829552,0.0
1829728,0.0
1831056,0.0
1831568,0.0
1832080,0.0
1832992,0.0
1833344,0.0
1833840,0.0
1834752,0.0
1835552,0.0
1835584,0.0
1837472,0.0
1838496,0.0
1838736,0.0
1840224,0.0
1841408,0.0
1841936,0.0
1842032,0.0
1842224,0.0
1842384,0.0
1842464,0.0
1843040,0.0
1843360,0.0
1843600,0.0
1843664,0.0
1844256,0.0
1844416,0.0
1845008,0.0
1846064,0.0
1846368,0.0
1847088,0.0
1847856,0.0
1848544,0.0
1849952,0.0
1850208,0.0
1850800,0.0
1851120,0.0
1851328,0.0
1853440,0.0
1854336,0.0
1854416,0.0
1854832,0.0
1855536,0.0
1856064,0.0
1856416,0.0
1856480,0.0
1857024,0.0
1858576,0.0
1858624,0.0
1858912,0.0
1859920,0.0
1860112,0.0
1860352,0.0
1860544,0.0
1860560,0.0
1862256,0.0
1862480,0.0
1864720,0.0
1869232,0.0
1869456,0.0
1870144,0.0
1870304,0.0
1870432,0.0
1870608,0.0
1870848,0.0
1871504,0.0
1872240,0.0
1872352,0.0
1873024,0.0
1873344,0.0
1874176,0.0
1874672,0.0
1875328,0.0
1875648,0.0
1875792,0.0
1878848,0.0
1879280,0.0
1879680,0.0
1880096,0.0
1881088,0.0
1881392,0.0
1881888,0.0
1884256,0.0
1884816,0.0
1886000,0.0
1886432,0.0
1889296,0.0
1889808,0.0
1890944,0.0
1891616,0.0
1891696,0.0
1892704,0.0
1892912,0.0
1893104,0.0
1896240,0.0
1896336,0.0
1897648,0.0
1898352,0.0
1899808,0.0
1900912,0.0
1901024,0.0
1902544,0.0
1902592,0.0
1902864,0.0
1903456,0.0
1903824,0.0
1904112,0.0
1905008,0.0
1905472,0.0
1907328,0.0
1908176,0.0
1910128,0.0
1912208,0.0
1914512,0.0
1915488,0.0
1915520,0.0
1915696,0.0
1916000,0.0
1916912,0.0
1917040,0.0
1917536,0.0
1917664,0.0
1917808,0.0
1918032,0.0
1918144,0.0
1919200,0.0
1919424,0.0
1920000,0.0
1920448,0.0
1921136,0.0
1922352,0.0
1922384,0.0
1922848,0.0
1923120,0.0
1923824,0.0
1925504,0.0
1927056,0.0
1928736,0.0
1929536,0.0
1931808,0.0
1932576,0.0
1933200,0.0
1935648,0.0
1936928,0.0
1937024,0.0
1937120,0.0
1938848,0.0
1940672,0.0
1941856,0.0
1942592,0.0
1943232,0.0
1943408,0.0
1943664,0.0
1944256,0.0
1945040,0.0
1948496,0.0
1950064,0.0
1950352,0.0
1950512,0.0
1952992,0.0
1953056,0.0
1953104,0.0
1953744,0.0
1954912,0.0
1955520,0.0
1955648,0.0
1956672,0.0
1956704,0.0
1957616,0.0
1959616,0.0
1959680,0.0
1960928,0.0
1960944,0.0
1961200,0.0
1961360,0.0
1962016,0.0
1962256,0.0
1962880,0.0
1962960,0.0
1963280,0.0
1963408,0.0
1964256,0.0
1965424,0.0
1965808,0.0
1967792,0.0
1969216,0.0
1969872,0.0
1972784,0.0
1973632,0.0
1974000,0.0
1974128,0.0
1974272,0.0
1977200,0.0
1979200,0.0
1979504,0.0
1979584,0.0
1979680,0.0
1979936,0.0
1981088,0.0
1982016,0.0
1984144,0.0
1984352,0.0
1984800,0.0
1984880,0.0
1984976,0.0
1985376,0.0
1986304,0.0
1986400,0.0
1986560,0.0
1987952,0.0
1988368,0.0
1988400,0.0
1989120,0.0
1989456,0.0
1989664,0.0
1992240,0.0
1992656,0.0
1993440,0.0
1994032,0.0
1995072,0.0
1996752,0.0
1997792,0.0
1997808,0.0
1998064,0.0
1998480,0.0
1998688,0.0
1999696,0.0
2000080,0.0
2000208,0.0
2000288,0.0
2000752,0.0
2001008,0.0
2001664,0.0
2004960,0.0
2005312,0.0
2005632,0.0
2005648,0.0
2005776,0.0
2006080,0.0
2006432,0.0
2007072,0.0
2008816,0.0
2009632,0.0
2010640,0.0
2011632,0.0
2012896,0.0
2013152,0.0
2013680,0.0
2013792,0.0
2014368,0.0
2014800,0.0
2017408,0.0
2017648,0.0
2019616,0.0
2020192,0.0
2020496,0.0
2020512,0.0
2020784,0.0
2022992,0.0
2023120,0.0
2023952,0.0
2025840,0.0
2026000,0.0
2027152,0.0
2027984,0.0
2028144,0.0
2028192,0.0
2030528,0.0
2030624,0.0
2030832,0.0
2031472,0.0
2031840,0.0
2031952,0.0
2032640,0.0
2033856,0.0
2034272,0.0
2035024,0.0
2035184,0.0
2035392,0.0
2035472,0.0
2036816,0.0
2037584,0.0
2038160,0.0
2038640,0.0
2039216,0.0
2041008,0.0
2041648,0.0
2045840,0.0
2047840,0.0
2048384,0.0
2048896,0.0
2050448,0.0
2050576,0.0
2053776,0.0
2054448,0.0
2056848,0.0
2056944,0.0
2057376,0.0
2058448,0.0
2058976,0.0
2059104,0.0
2059392,0.0
2060800,0.0
2061648,0.0
2063344,0.0
2063504,0.0
2063568,0.0
2064464,0.0
2064896,0.0
2066304,0.0
2067392,0.0
2067664,0.0
2069248,0.0
2070752,0.0
2071552,0.0
2073200,0.0
2073776,0.0
2075184,0.0
2077024,0.0
2077216,0.0
2077232,0.0
2077248,0.0
2077616,0.0
2077888,0.0
2078752,0.0
2078912,0.0
2079424,0.0
2081184,0.0
2081664,0.0
2082208,0.0
2083216,0.0
2083360,0.0
2085568,0.0
2086368,0.0
2087952,0.0
2088352,0.0
2088944,0.0
2089648,0.0
2091968,0.0
2094352,0.0
2096256,0.0
2099536,0.0
2100976,0.0
2101920,0.0
2102096,0.0
2103152,0.0
2103184,0.0
2103488,0.0
2104608,0.0
2107632,0.0
2107664,0.0
2108944,0.0
2110080,0.0
2110736,0.0
2110992,0.0
2112944,0.0
2113440,0.0
2113552,0.0
2114064,0.0
2115536,0.0
2116592,0.0
2116672,0.0
2116688,0.0
2119696,0.0
2120928,0.0
2121520,0.0
2121632,0.0
2121664,0.0
2122288,0.0
2122304,0.0
2122672,0.0
2124880,0.0
2127920,0.0
2128816,0.0
2129232,0.0
2129264,0.0
2129440,0.0
2129904,0.0
2130624,0.0
2130704,0.0
2131312,0.0
2131872,0.0
2133680,0.0
2133792,0.0
2133824,0.0
2133888,0.0
2134704,0.0
2136000,0.0
2136096,0.0
2136752,0.0
2136832,0.0
2136864,0.0
2138240,0.0
2140128,0.0
2140544,0.0
2140560,0.0
2141120,0.0
2141472,0.0
2143872,0.0
2145472,0.0
2146064,0.0
2147168,0.0
2148976,0.0
2149488,0.0
2152752,0.0
2153072,0.0
2153328,0.0
2155072,0.0
2155152,0.0
2157312,0.0
2157328,0.0
2157664,0.0
2163088,0.0
2164032,0.0
2164560,0.0
2168064,0.0
2168848,0.0
2168896,0.0
2170064,0.0
2170128,0.0
2171248,0.0
2172816,0.0
2175648,0.0
2176896,0.0
2177168,0.0
2178416,0.0
2178944,0.0
2179728,0.0
2179792,0.0
2180192,0.0
2182096,0.0
2182448,0.0
2182736,0.0
2182864,0.0
2183328,0.0
2185408,0.0
2186368,0.0
2186432,0.0
2186624,0.0
2188688,0.0
2188992,0.0
2189152,0.0
2189440,0.0
2190016,0.0
2190816,0.0
2191696,0.0
2191952,0.0
2191968,0.0
2194160,0.0
2194272,0.0
2194336,0.0
2194880,0.0
2195184,0.0
2195696,0.0
2197264,0.0
2198208,0.0
2198896,0.0
2198944,0.0
2199408,0.0
2199920,0.0
2200608,0.0
2201712,0.0
2202000,0.0
2203488,0.0
2205168,0.0
2205536,0.0
2206336,0.0
2206496,0.0
2208608,0.0
2209184,0.0
2210288,0.0
2211008,0.0
2212080,0.0
2212128,0.0
2213888,0.0
2213904,0.0
2214256,0.0
2214528,0.0
2214544,0.0
2215056,0.0
2215296,0.0
2215312,0.0
2216320,0.0
2216336,0.0
2217648,0.0
2220672,0.0
2220800,0.0
2224112,0.0
2226528,0.0
2229264,0.0
2229280,0.0
2230032,0.0
2230592,0.0
2231104,0.0
2231424,0.0
2231840,0.0
2232400,0.0
2232720,0.0
2235664,0.0
2239648,0.0
2239776,0.0
2239920,0.0
2240016,0.0
2240928,0.0
2243584,0.0
2245184,0.0
2246256,0.0
2246688,0.0
2247120,0.0
2247568,0.0
2247792,0.0
2248560,0.0
2248864,0.0
2251184,0.0
2251408,0.0
2252208,0.0
2253152,0.0
2254400,0.0
2254816,0.0
2256400,0.0
2256848,0.0
2259008,0.0
2263392,0.0
2263808,0.0
2264304,0.0
2264640,0.0
2265216,0.0
2265232,0.0
2265632,0.0
2266464,0.0
2267248,0.0
2267648,0.0
2268528,0.0
2268704,0.0
2268976,0.0
2270560,0.0
2271568,0.0
2272000,0.0
2272224,0.0
2272272,0.0
2272512,0.0
2272800,0.0
2273344,0.0
2275152,0.0
2275664,0.0
2277488,0.0
2279008,0.0
2279088,0.0
2281760,0.0
2282896,0.0
2284192,0.0
2285120,0.0
2287760,0.0
2289824,0.0
2291488,0.0
2291952,0.0
2292592,0.0
2293632,0.0
2294096,0.0
2294320,0.0
2294352,0.0
2295024,0.0
2295728,0.0
2296832,0.0
2297712,0.0
2298160,0.0
2301392,0.0
2304080,0.0
2304752,0.0
2305680,0.0
2306576,0.0
2306816,0.0
2308544,0.0
2309776,0.0
2309936,0.0
2310832,0.0
2311376,0.0
2312112,0.0
2312352,0.0
2312592,0.0
2312912,0.0
2313440,0.0
2314160,0.0
2315760,0.0
2316432,0.0
2318624,0.0
2319776,0.0
2319856,0.0
2320208,0.0
2320368,0.0
2320384,0.0
2320560,0.0
2320784,0.0
2322608,0.0
2322688,0.0
2324896,0.0
2325648,0.0
2326592,0.0
2327312,0.0
2327648,0.0
2327968,0.0
2328128,0.0
2328864,0.0
2329152,0.0
2331296,0.0
2332448,0.0
2334080,0.0
2335520,0.0
2335632,0.0
2336032,0.0
2336272,0.0
2336416,0.0
2336768,0.0
2337376,0.0
2339472,0.0
2340064,0.0
2341104,0.0
2341120,0.0
2341376,0.0
2342608,0.0
2343040,0.0
2343776,0.0
2344224,0.0
2345904,0.0
2346032,0.0
2346128,0.0
2346384,0.0
2350000,0.0
2351008,0.0
2351664,0.0
2354224,0.0
2354352,0.0
2355792,0.0
2358112,0.0
2358320,0.0
2358752,0.0
2358784,0.0
2362416,0.0
2363968,0.0
2364352,0.0
2365728,0.0
2367360,0.0
2368976,0.0
2369616,0.0
2369824,0.0
2370480,0.0
2370576,0.0
2371344,0.0
2371696,0.0
2371952,0.0
2372032,0.0
2372576,0.0
2373696,0.0
2374464,0.0
2374976,0.0
2377952,0.0
2379792,0.0
2380160,0.0
2381600,0.0
2382048,0.0
2382336,0.0
2383056,0.0
2386048,0.0
2386576,0.0
2388016,0.0
2389248,0.0
2389824,0.0
2390496,0.0
2390592,0.0
2390784,0.0
2391120,0.0
2391856,0.0
2393776,0.0
2395728,0.0
2395920,0.0
2396288,0.0
2396736,0.0
2397648,0.0
2398064,0.0
2400080,0.0
2400096,0.0
2400288,0.0
2401248,0.0
2401424,0.0
2401952,0.0
2402160,0.0
2402272,0.0
2402624,0.0
2403056,0.0
2404240,0.0
2405200,0.0
2406288,0.0
2407424,0.0
2407856,0.0
2410736,0.0
2411392,0.0
2411648,0.0
2413888,0.0
2414352,0.0
2414416,0.0
2415024,0.0
2416992,0.0
2418288,0.0
2418608,0.0
2418656,0.0
2421392,0.0
2422624,0.0
2425872,0.0
2427408,0.0
2427856,0.0
2428752,0.0
2430704,0.0
2431008,0.0
2431488,0.0
2431920,0.0
2432864,0.0
2433584,0.0
2433920,0.0
2435600,0.0
2435696,0.0
2436368,0.0
2436512,0.0
2436592,0.0
2436736,0.0
2436752,0.0
2438736,0.0
2440128,0.0
2440208,0.0
2440800,0.0
2441136,0.0
2441440,0.0
2442480,0.0
2442608,0.0
2442960,0.0
2443440,0.0
2444128,0.0
2444864,0.0
2446080,0.0
2447712,0.0
2447904,0.0
2449360,0.0
2449600,0.0
2449824,0.0
2450464,0.0
2451216,0.0
2452640,0.0
2453488,0.0
2456224,0.0
2457920,0.0
2459872,0.0
2460080,0.0
2460448,0.0
2461136,0.0
2464416,0.0
2466272,0.0
2469808,0.0
2470176,0.0
2471456,0.0
2471952,0.0
2472240,0.0
2472448,0.0
2474800,0.0
2476720,0.0
2477168,0.0
2477696,0.0
2478112,0.0
2478192,0.0
2479504,0.0
2479808,0.0
2480272,0.0
2483056,0.0
2483248,0.0
2485536,0.0
2486288,0.0
2487552,0.0
2490640,0.0
2491184,0.0
2492224,0.0
2493232,0.0
2495568,0.0
2498288,0.0
2499152,0.0
2499328,0.0
2499792,0.0
2500096,0.0
2501392,0.0
2502256,0.0
2502864,0.0
2508096,0.0
2508160,0.0
2508448,0.0
2509104,0.0
2509504,0.0
2509568,0.0
2510016,0.0
2510480,0.0
2510512,0.0
2510960,0.0
2511056,0.0
2512752,0.0
2516928,0.0
2517056,0.0
2517456,0.0
2518352,0.0
2518384,0.0
2518832,0.0
2520144,0.0
2522272,0.0
2522592,0.0
2523840,0.0
2523984,0.0
2524096,0.0
2524320,0.0
2524944,0.0
2525664,0.0
2526480,0.0
2527440,0.0
2527856,0.0
2528016,0.0
2528192,0.0
2529184,0.0
2529600,0.0
2530256,0.0
2531616,0.0
2531984,0.0
2532016,0.0
2532032,0.0
2532720,0.0
2534560,0.0
2534736,0.0
2535184,0.0
2536016,0.0
2536064,0.0
2536352,0.0
2537328,0.0
2537744,0.0
2539168,0.0
2539456,0.0
2539824,0.0
2542480,0.0
2543504,0.0
2543872,0.0
2544112,0.0
2544336,0.0
2544576,0.0
2544832,0.0
2546000,0.0
2546368,0.0
2547312,0.0
2547824,0.0
2547904,0.0
2548512,0.0
2551104,0.0
2552240,0.0
2553456,0.0
2554400,0.0
2554480,0.0
2555200,0.0
2555280,0.0
2555456,0.0
2555824,0.0
2555936,0.0
2555968,0.0
2557456,0.0
2557856,0.0
2558928,0.0
2559280,0.0
2559296,0.0
2559600,0.0
2562128,0.0
2562800,0.0
2563520,0.0
2564464,0.0
2564768,0.0
2565328,0.0
2566304,0.0
2566336,0.0
2566800,0.0
2567344,0.0
2567872,0.0
2567904,0.0
2567920,0.0
2569888,0.0
2570352,0.0
2570464,0.0
2571424,0.0
2573408,0.0
2573696,0.0
2574496,0.0
2575488,0.0
2576512,0.0
2576656,0.0
2576752,0.0
2577728,0.0
2577840,0.0
2577888,0.0
2578688,0.0
2579984,0.0
2580672,0.0
2582912,0.0
2583376,0.0
2584096,0.0
2584304,0.0
2585904,0.0
2586528,0.0
2587264,0.0
2589936,0.0
2591040,0.0
2591760,0.0
2592544,0.0
2593312,0.0
2593840,0.0
2594592,0.0
2595120,0.0
2597504,0.0
2597616,0.0
2597856,0.0
2597968,0.0
2600800,0.0
2602368,0.0
2603712,0.0
2604160,0.0
2604448,0.0
2604704,0.0
2605232,0.0
2605744,0.0
2606160,0.0
2606464,0.0
2608304,0.0
2609040,0.0
2609584,0.0
2609792,0.0
2610272,0.0
2610672,0.0
2610976,0.0
2611040,0.0
2612672,0.0
2613280,0.0
2615488,0.0
2615504,0.0
2616128,0.0
2618096,0.0
2618336,0.0
2618512,0.0
2619104,0.0
2621104,0.0
2622080,0.0
2622256,0.0
2623328,0.0
2626816,0.0
2626912,0.0
2627552,0.0
2627840,0.0
2631520,0.0
2631824,0.0
2632944,0.0
2634480,0.0
2634576,0.0
2634768,0.0
2635392,0.0
2635504,0.0
2636160,0.0
2636368,0.0
2637280,0.0
2638928,0.0
2639552,0.0
2639984,0.0
2640176,0.0
2640224,0.0
2640480,0.0
2640544,0.0
2641216,0.0
2641632,0.0
2641840,0.0
2642288,0.0
2643296,0.0
2645248,0.0
2645856,0.0
2646496,0.0
2646704,0.0
2647056,0.0
2647248,0.0
2647648,0.0
2648816,0.0
2649520,0.0
2650560,0.0
2651104,0.0
2651296,0.0
2651792,0.0
2652016,0.0
2654224,0.0
2654272,0.0
2654944,0.0
2654976,0.0
2655024,0.0
2655152,0.0
2655616,0.0
2655984,0.0
2656400,0.0
2658240,0.0
2659376,0.0
2659616,0.0
2659904,0.0
2659936,0.0
2662192,0.0
2662432,0.0
2663888,0.0
2664336,0.0
2668064,0.0
2668112,0.0
2668224,0.0
2669968,0.0
2670256,0.0
2670416,0.0
2671120,0.0
2673936,0.0
2675776,0.0
2676560,0.0
2677504,0.0
2677552,0.0
2680128,0.0
2680240,0.0
2681936,0.0
2682416,0.0
2682688,0.0
2682992,0.0
2684480,0.0
2684656,0.0
2685376,0.0
2685824,0.0
2686160,0.0
2687008,0.0
2687728,0.0
2688640,0.0
2689616,0.0
2690768,0.0
2692464,0.0
2692960,0.0
2693200,0.0
2694384,0.0
2694496,0.0
2694816,0.0
2694896,0.0
2695504,0.0
2695888,0.0
2696624,0.0
2696800,0.0
2698544,0.0
2698624,0.0
2698880,0.0
2699568,0.0
2699648,0.0
2700368,0.0
2700896,0.0
2701536,0.0
2702144,0.0
2702224,0.0
2704176,0.0
2704400,0.0
2704880,0.0
2705040,0.0
2705152,0.0
2706384,0.0
2707008,0.0
2707168,0.0
2707328,0.0
2707424,0.0
2707552,0.0
2707616,0.0
2708608,0.0
2709488,0.0
2709872,0.0
2710208,0.0
2710672,0.0
2713392,0.0
2714400,0.0
2716512,0.0
2716784,0.0
2719024,0.0
2719152,0.0
2719296,0.0
2719744,0.0
2719904,0.0
2722016,0.0
2722384,0.0
2724464,0.0
2725872,0.0
2727008,0.0
2727232,0.0
2727328,0.0
2727536,0.0
2727600,0.0
2729312,0.0
2730704,0.0
2731344,0.0
2732144,0.0
2733232,0.0
2733360,0.0
2733552,0.0
2734608,0.0
2735712,0.0
2735888,0.0
2737056,0.0
2737504,0.0
2738944,0.0
2739408,0.0
2739600,0.0
2741360,0.0
2743296,0.0
2743328,0.0
2744448,0.0
2745504,0.0
2746080,0.0
2746704,0.0
2747712,0.0
2748672,0.0
2749296,0.0
2750064,0.0
2751088,0.0
2751152,0.0
2753488,0.0
2753984,0.0
2754144,0.0
2754416,0.0
2755312,0.0
2755440,0.0
2759936,0.0
2760320,0.0
2760800,0.0
2762048,0.0
2762080,0.0
2763008,0.0
2763744,0.0
2765472,0.0
2767104,0.0
2767280,0.0
2767424,0.0
2767600,0.0
2768384,0.0
2768512,0.0
2769920,0.0
2770592,0.0
2770720,0.0
2771888,0.0
2771952,0.0
2774736,0.0
2775296,0.0
2775616,0.0
2777728,0.0
2777920,0.0
2778496,0.0
2778768,0.0
2779280,0.0
2780320,0.0
2780512,0.0
2780592,0.0
2781168,0.0
2781296,0.0
2782528,0.0
2782864,0.0
2784576,0.0
2785184,0.0
2786128,0.0
2786384,0.0
2788272,0.0
2788464,0.0
2789088,0.0
2789504,0.0
2789520,0.0
2790352,0.0
2791712,0.0
2792592,0.0
2792720,0.0
2793216,0.0
2794368,0.0
2794576,0.0
2795392,0.0
2797504,0.0
2797680,0.0
2798432,0.0
2799184,0.0
2799792,0.0
2802000,0.0
2803088,0.0
2803280,0.0
2804480,0.0
2804512,0.0
2804912,0.0
2805264,0.0
2805904,0.0
2806320,0.0
2806576,0.0
2806720,0.0
2806976,0.0
2807584,0.0
2808416,0.0
2809568,0.0
2810176,0.0
2811408,0.0
2811488,0.0
2812240,0.0
2813280,0.0
2813824,0.0
2813920,0.0
2814176,0.0
2814912,0.0
2815040,0.0
2815104,0.0
2816064,0.0
2816704,0.0
2817152,0.0
2818752,0.0
2823120,0.0
2823232,0.0
2823696,0.0
2824320,0.0
2827616,0.0
2827792,0.0
2828272,0.0
2829392,0.0
2829744,0.0
2829936,0.0
2830224,0.0
2831056,0.0
2833328,0.0
2834288,0.0
2835728,0.0
2836192,0.0
2836720,0.0
2837536,0.0
2838000,0.0
2838048,0.0
2838560,0.0
2838752,0.0
2840832,0.0
2842176,0.0
2842704,0.0
2842864,0.0
2843600,0.0
2844800,0.0
2845552,0.0
2846352,0.0
2847312,0.0
2847696,0.0
2848704,0.0
2848784,0.0
2849536,0.0
2849872,0.0
2850256,0.0
2853840,0.0
2854160,0.0
2855520,0.0
2855824,0.0
2856432,0.0
2856464,0.0
2856816,0.0
2856992,0.0
2857888,0.0
2859616,0.0
2860512,0.0
2860528,0.0
2860672,0.0
2860784,0.0
2862080,0.0
2862448,0.0
2862496,0.0
2864160,0.0
2866112,0.0
2867792,0.0
2869264,0.0
2869536,0.0
2870432,0.0
2872432,0.0
2872960,0.0
2875600,0.0
2877472,0.0
2878320,0.0
2879232,0.0
2879504,0.0
2880624,0.0
2882064,0.0
2884912,0.0
2886176,0.0
2886720,0.0
2887296,0.0
2887616,0.0
2887888,0.0
2889328,0.0
2889536,0.0
2889776,0.0
2889824,0.0
2890224,0.0
2891696,0.0
2893888,0.0
2894560,0.0
2896000,0.0
2896560,0.0
2897280,0.0
2897472,0.0
2899136,0.0
2899296,0.0
2900112,0.0
2900368,0.0
2901232,0.0
2901392,0.0
2903440,0.0
2907072,0.0
2907456,0.0
2908256,0.0
2910640,0.0
2911264,0.0
2911296,0.0
2911568,0.0
2912832,0.0
2913328,0.0
2914336,0.0
2914384,0.0
2914608,0.0
2914976,0.0
2915952,0.0
2916240,0.0
2916416,0.0
2919200,0.0
2920400,0.0
2920688,0.0
2920704,0.0
2923296,0.0
2925344,0.0
2928144,0.0
2928304,0.0
2930352,0.0
2930400,0.0
2930688,0.0
2931504,0.0
2931520,0.0
2932176,0.0
2932704,0.0
2933504,0.0
2933808,0.0
2934192,0.0
2935024,0.0
2935312,0.0
2936096,0.0
2937104,0.0
2938448,0.0
2939840,0.0
2941680,0.0
2942496,0.0
2944096,0.0
2944864,0.0
2945120,0.0
2945584,0.0
2946144,0.0
2947456,0.0
2947840,0.0
2948832,0.0
2950608,0.0
2950864,0.0
2951936,0.0
2952512,0.0
2953440,0.0
2954848,0.0
2956480,0.0
2957280,0.0
2959712,0.0
2959744,0.0
2959888,0.0
2960560,0.0
2961456,0.0
2962416,0.0
2963968,0.0
2964592,0.0
2965088,0.0
2967920,0.0
2969200,0.0
2969376,0.0
2969648,0.0
2970528,0.0
2971232,0.0
2971296,0.0
2972224,0.0
2975088,0.0
2976352,0.0
2977024,0.0
2977776,0.0
2977904,0.0
2979824,0.0
2979888,0.0
2980144,0.0
2980528,0.0
2981376,0.0
2983472,0.0
2983616,0.0
2984272,0.0
2985424,0.0
2985632,0.0
2986528,0.0
2987136,0.0
2988080,0.0
2988608,0.0
2989952,0.0
2989968,0.0
2990288,0.0
2990320,0.0
2990832,0.0
2990944,0.0
2991600,0.0
2991808,0.0
2991920,0.0
2994048,0.0
2994336,0.0
2994560,0.0
2996544,0.0
2996864,0.0
2998064,0.0
2999168,0.0
3001056,0.0
3002000,0.0
3002384,0.0
3002704,0.0
3002768,0.0
3003024,0.0
3005808,0.0
3006672,0.0
3007312,0.0
3007776,0.0
3008608,0.0
3010896,0.0
3011536,0.0
3012224,0.0
3012688,0.0
3013456,0.0
3013952,0.0
3014560,0.0
3015104,0.0
3017792,0.0
3018272,0.0
3018416,0.0
3019168,0.0
3019232,0.0
3019328,0.0
3020912,0.0
3023088,0.0
3023232,0.0
3024176,0.0
3024624,0.0
3026016,0.0
3026592,0.0
3027296,0.0
3027472,0.0
3027920,0.0
3028832,0.0
3029632,0.0
3030032,0.0
3030256,0.0
3030672,0.0
3031776,0.0
3031872,0.0
3032256,0.0
3032864,0.0
3033344,0.0
3034064,0.0
3035312,0.0
3035888,0.0
3036848,0.0
3037376,0.0
3038736,0.0
3038976,0.0
3039152,0.0
3040000,0.0
3040736,0.0
3040784,0.0
3041040,0.0
3041408,0.0
3041696,0.0
3043760,0.0
3044208,0.0
3044800,0.0
3045824,0.0
3047920,0.0
3049872,0.0
3051312,0.0
3052192,0.0
3053152,0.0
3055600,0.0
3056832,0.0
3057152,0.0
3057760,0.0
3058144,0.0
3058848,0.0
3059536,0.0
3059984,0.0
3060096,0.0
3061728,0.0
3062592,0.0
3062640,0.0
3062720,0.0
3065056,0.0
3065616,0.0
3066640,0.0
3066784,0.0
3068176,0.0
3068336,0.0
3069216,0.0
3069408,0.0
3069648,0.0
3069904,0.0
3070816,0.0
3070928,0.0
3071152,0.0
3071168,0.0
3071248,0.0
3071296,0.0
3071504,0.0
3071680,0.0
3072256,0.0
3072688,0.0
3073024,0.0
3073200,0.0
3073552,0.0
3075152,0.0
3075840,0.0
3076688,0.0
3076784,0.0
3077008,0.0
3077552,0.0
3078960,0.0
3080368,0.0
3080800,0.0
3080848,0.0
3081568,0.0
3082384,0.0
3082624,0.0
3083728,0.0
3084752,0.0
3085792,0.0
3085808,0.0
3088320,0.0
3088544,0.0
3089152,0.0
3089328,0.0
3090688,0.0
3091472,0.0
3091920,0.0
3091952,0.0
3092096,0.0
3092496,0.0
3093168,0.0
3093568,0.0
3094096,0.0
3094352,0.0
3095584,0.0
3096080,0.0
3096464,0.0
3096528,0.0
3096672,0.0
3096976,0.0
3097312,0.0
3099904,0.0
3100896,0.0
3101568,0.0
3102656,0.0
3104592,0.0
3105520,0.0
3108304,0.0
3109856,0.0
3111632,0.0
3111680,0.0
3112112,0.0
3112544,0.0
3112656,0.0
3112896,0.0
3113264,0.0
3114400,0.0
3115136,0.0
3115408,0.0
3117536,0.0
3118032,0.0
3119216,0.0
3121680,0.0
3121904,0.0
3122000,0.0
3124384,0.0
3124480,0.0
3125040,0.0
3125056,0.0
3126144,0.0
3126704,0.0
3129424,0.0
3130144,0.0
3131920,0.0
3132016,0.0
3133072,0.0
3133216,0.0
3133440,0.0
3134576,0.0
3135696,0.0
3135840,0.0
3136112,0.0
3136336,0.0
3136464,0.0
3137120,0.0
3139776,0.0
3141424,0.0
3142160,0.0
3143600,0.0
3144400,0.0
3145280,0.0
3145440,0.0
3146192,0.0
3147200,0.0
3147472,0.0
3148944,0.0
3149728,0.0
3150352,0.0
3154912,0.0
3155024,0.0
3155520,0.0
3156752,0.0
3158752,0.0
3159760,0.0
3160688,0.0
3161712,0.0
3162800,0.0
3162896,0.0
3162976,0.0
3167728,0.0
3169968,0.0
3170736,0.0
3171248,0.0
3172480,0.0
3172704,0.0
3173056,0.0
3174128,0.0
3174560,0.0
3175120,0.0
3175488,0.0
3175648,0.0
3176352,0.0
3176640,0.0
3176848,0.0
3176944,0.0
3180560,0.0
3181056,0.0
3182480,0.0
3182592,0.0
3184768,0.0
3186720,0.0
3186752,0.0
3187584,0.0
3188992,0.0
3189024,0.0
3189056,0.0
3191200,0.0
3192416,0.0
3192912,0.0
3193072,0.0
3193120,0.0
3193872,0.0
3193888,0.0
3194080,0.0
3194384,0.0
3197136,0.0
3198128,0.0
3198800,0.0
3200752,0.0
3201216,0.0
3201296,0.0
3201552,0.0
3203024,0.0
3203296,0.0
3203472,0.0
3205200,0.0
3205584,0.0
3206432,0.0
3206816,0.0
3206848,0.0
3206880,0.0
3207680,0.0
3209184,0.0
3209504,0.0
3210992,0.0
3211808,0.0
3212656,0.0
3212832,0.0
3216768,0.0
3216960,0.0
3217024,0.0
3217936,0.0
3219424,0.0
3220240,0.0
3222512,0.0
3222592,0.0
3224000,0.0
3225392,0.0
3225504,0.0
3226544,0.0
3226608,0.0
3226640,0.0
3226880,0.0
3227392,0.0
3228496,0.0
3229184,0.0
3229488,0.0
3229648,0.0
3229936,0.0
3230032,0.0
3230512,0.0
3230832,0.0
3231936,0.0
3232224,0.0
3232432,0.0
3235120,0.0
3235248,0.0
3235520,0.0
3236176,0.0
3236976,0.0
3237952,0.0
3238288,0.0
3238688,0.0
3239408,0.0
3239424,0.0
3239712,0.0
3240944,0.0
3242144,0.0
3245904,0.0
3246528,0.0
3247088,0.0
3247136,0.0
3247248,0.0
3248176,0.0
3248544,0.0
3249264,0.0
3250816,0.0
3251472,0.0
3252704,0.0
3253680,0.0
3253792,0.0
3254384,0.0
3254432,0.0
3255072,0.0
3255824,0.0
3255888,0.0
3257408,0.0
3257648,0.0
3258176,0.0
3258928,0.0
3259920,0.0
3260624,0.0
3260800,0.0
3260816,0.0
3260928,0.0
3261200,0.0
3262384,0.0
3262720,0.0
3263200,0.0
3264080,0.0
3265888,0.0
3266480,0.0
3267408,0.0
3268400,0.0
3269072,0.0
3269520,0.0
3270592,0.0
3270624,0.0
3271968,0.0
3273184,0.0
3273264,0.0
3273568,0.0
3273600,0.0
3275888,0.0
3276384,0.0
3276400,0.0
3276528,0.0
3276848,0.0
3278912,0.0
3279104,0.0
3279360,0.0
3281824,0.0
3283680,0.0
3283808,0.0
3284336,0.0
3285680,0.0
3285904,0.0
3286112,0.0
3286432,0.0
3287248,0.0
3287632,0.0
3288048,0.0
3288304,0.0
3288928,0.0
3289744,0.0
3290128,0.0
3290240,0.0
3291328,0.0
3291472,0.0
3292272,0.0
3293040,0.0
3294992,0.0
3295152,0.0
3295792,0.0
3297744,0.0
3298112,0.0
3298208,0.0
3300016,0.0
3300512,0.0
3300784,0.0
3301584,0.0
3304944,0.0
3305120,0.0
3305696,0.0
3308624,0.0
3309088,0.0
3309376,0.0
3309616,0.0
3310224,0.0
3310256,0.0
3310560,0.0
3310784,0.0
3311248,0.0
3311344,0.0
3311712,0.0
3314416,0.0
3314592,0.0
3315408,0.0
3318064,0.0
3319248,0.0
3319440,0.0
3319840,0.0
3321984,0.0
3322720,0.0
3323296,0.0
3323648,0.0
3324544,0.0
3325552,0.0
3326864,0.0
3328144,0.0
3328736,0.0
3329424,0.0
3329456,0.0
3329552,0.0
3330048,0.0
3330768,0.0
3331424,0.0
3331472,0.0
3331504,0.0
3331952,0.0
3332176,0.0
3332512,0.0
3333920,0.0
3334736,0.0
3336464,0.0
3337040,0.0
3338736,0.0
3339264,0.0
3340224,0.0
3342768,0.0
3342896,0.0
3343296,0.0
3344080,0.0
3344144,0.0
3344224,0.0
3344336,0.0
3344480,0.0
3344512,0.0
3345664,0.0
3345680,0.0
3346368,0.0
3346704,0.0
3346928,0.0
3350048,0.0
3350208,0.0
3351328,0.0
3351824,0.0
3352784,0.0
3352816,0.0
3353616,0.0
3355984,0.0
3356672,0.0
3357232,0.0
3357456,0.0
3357808,0.0
3357904,0.0
3357968,0.0
3359888,0.0
3361552,0.0
3362096,0.0
3363568,0.0
3364416,0.0
3366128,0.0
3366448,0.0
3367168,0.0
3368080,0.0
3368176,0.0
3368960,0.0
3370256,0.0
3370448,0.0
3372048,0.0
3372592,0.0
3374032,0.0
3374624,0.0
3377200,0.0
3379888,0.0
3381424,0.0
3381472,0.0
3381872,0.0
3382384,0.0
3382480,0.0
3382672,0.0
3382832,0.0
3382928,0.0
3383840,0.0
3385104,0.0
3385136,0.0
3386720,0.0
3387152,0.0
3389616,0.0
3390624,0.0
3392528,0.0
3393600,0.0
3396320,0.0
3398544,0.0
3398832,0.0
3400672,0.0
3400784,0.0
3401200,0.0
3401504,0.0
3401808,0.0
3402560,0.0
3405104,0.0
3405664,0.0
3405952,0.0
3406704,0.0
3406784,0.0
3409312,0.0
3409952,0.0
3410288,0.0
3410816,0.0
3410912,0.0
3411152,0.0
3412192,0.0
3412800,0.0
3413904,0.0
3414160,0.0
3414208,0.0
3416048,0.0
3416672,0.0
3416816,0.0
3417120,0.0
3418032,0.0
3418976,0.0
3419104,0.0
3419296,0.0
3419472,0.0
3420016,0.0
3420752,0.0
3420976,0.0
3422080,0.0
3422176,0.0
3422336,0.0
3424736,0.0
3424864,0.0
3425952,0.0
3426432,0.0
3427376,0.0
3429776,0.0
3431280,0.0
3431424,0.0
3432256,0.0
3432496,0.0
3433120,0.0
3433440,0.0
3433616,0.0
3434656,0.0
3434704,0.0
3435904,0.0
3437216,0.0
3438000,0.0
3438720,0.0
3438736,0.0
3439200,0.0
3439280,0.0
3439360,0.0
3441072,0.0
3441136,0.0
3441168,0.0
3442800,0.0
3443408,0.0
3444368,0.0
3444384,0.0
3446160,0.0
3446352,0.0
3451904,0.0
3452368,0.0
3452656,0.0
3452896,0.0
3453392,0.0
3455296,0.0
3455344,0.0
3457040,0.0
3457344,0.0
3457600,0.0
3457872,0.0
3459520,0.0
3460576,0.0
3461184,0.0
3461520,0.0
3462160,0.0
3463024,0.0
3463312,0.0
3464032,0.0
3464560,0.0
3465648,0.0
3465712,0.0
3465728,0.0
3466784,0.0
3466944,0.0
3467408,0.0
3468032,0.0
3468816,0.0
3469600,0.0
3471488,0.0
3475632,0.0
3477536,0.0
3481024,0.0
3482432,0.0
3482448,0.0
3484160,0.0
3485776,0.0
3487008,0.0
3487296,0.0
3487376,0.0
3488800,0.0
3488848,0.0
3490160,0.0
3491680,0.0
3493504,0.0
3494624,0.0
3496272,0.0
3497104,0.0
3497200,0.0
3499360,0.0
3499984,0.0
3500816,0.0
3501008,0.0
3503232,0.0
3505488,0.0
3505536,0.0
3506000,0.0
3508464,0.0
3508480,0.0
3508704,0.0
3509024,0.0
3509664,0.0
3510688,0.0
3510736,0.0
3511408,0.0
3511440,0.0
3511504,0.0
3511552,0.0
3512016,0.0
3512256,0.0
3512528,0.0
3513344,0.0
3513824,0.0
3514048,0.0
3514432,0.0
3514672,0.0
3514928,0.0
3517984,0.0
3519984,0.0
3520128,0.0
3521456,0.0
3521952,0.0
3523296,0.0
3523408,0.0
3523648,0.0
3524000,0.0
3525184,0.0
3525216,0.0
3527072,0.0
3528928,0.0
3529328,0.0
3529616,0.0
3530192,0.0
3531744,0.0
3531968,0.0
3533408,0.0
3533424,0.0
3533552,0.0
3534272,0.0
3535072,0.0
3535472,0.0
3536544,0.0
3536800,0.0
3537552,0.0
3537824,0.0
3537968,0.0
3538448,0.0
3538896,0.0
3539888,0.0
3540320,0.0
3541088,0.0
3541648,0.0
3541760,0.0
3542368,0.0
3543248,0.0
3543920,0.0
3544048,0.0
3544080,0.0
3544672,0.0
3544736,0.0
3545072,0.0
3546032,0.0
3546448,0.0
3547984,0.0
3548352,0.0
3549648,0.0
3550096,0.0
3550304,0.0
3551872,0.0
3552080,0.0
3552896,0.0
3552992,0.0
3553088,0.0
3554480,0.0
3554928,0.0
3555888,0.0
3556992,0.0
3558768,0.0
3558784,0.0
3558816,0.0
3558896,0.0
3558912,0.0
3559104,0.0
3560112,0.0
3560464,0.0
3560704,0.0
3567328,0.0
3568336,0.0
3568368,0.0
3569088,0.0
3570720,0.0
3570784,0.0
3572864,0.0
3573280,0.0
3573952,0.0
3574032,0.0
3575376,0.0
3576736,0.0
3579840,0.0
3579888,0.0
3581856,0.0
3582256,0.0
3583120,0.0
3583152,0.0
3583312,0.0
3587472,0.0
3588816,0.0
3588896,0.0
3588976,0.0
3589888,0.0
3590000,0.0
3590480,0.0
3595040,0.0
3596944,0.0
3597200,0.0
3597360,0.0
3598272,0.0
3599056,0.0
3600896,0.0
3601056,0.0
3602080,0.0
3602400,0.0
3602592,0.0
3602736,0.0
3604192,0.0
3604608,0.0
3605808,0.0
3606096,0.0
3606640,0.0
3606736,0.0
3609264,0.0
3610304,0.0
3611008,0.0
3611696,0.0
3612176,0.0
3613136,0.0
3613424,0.0
3614128,0.0
3614544,0.0
3615712,0.0
3618000,0.0
3618288,0.0
3618304,0.0
3619232,0.0
3619888,0.0
3620144,0.0
3620272,0.0
3621504,0.0
3622112,0.0
3623392,0.0
3623600,0.0
3624624,0.0
3624848,0.0
3625104,0.0
3625728,0.0
3626800,0.0
3627104,0.0
3628096,0.0
3628112,0.0
3628176,0.0
3628864,0.0
3630368,0.0
3630512,0.0
3630720,0.0
3631008,0.0
3631264,0.0
3631920,0.0
3632880,0.0
3633088,0.0
3633664,0.0
3634784,0.0
3635152,0.0
3637456,0.0
3637856,0.0
3638848,0.0
3639088,0.0
3639904,0.0
3640160,0.0
3640224,0.0
3640624,0.0
3641312,0.0
3642224,0.0
3642416,0.0
3643136,0.0
3643424,0.0
3644368,0.0
3644592,0.0
3645456,0.0
3646400,0.0
3647392,0.0
3647728,0.0
3650352,0.0
3651936,0.0
3652176,0.0
3652624,0.0
3653072,0.0
3654048,0.0
3654896,0.0
3655856,0.0
3656320,0.0
3656720,0.0
3657248,0.0
3657552,0.0
3658976,0.0
3662608,0.0
3662672,0.0
3662912,0.0
3663408,0.0
3663568,0.0
3663744,0.0
3664208,0.0
3667392,0.0
3667968,0.0
3669488,0.0
3669952,0.0
3670320,0.0
3671104,0.0
3672144,0.0
3676048,0.0
3676576,0.0
3677712,0.0
3678432,0.0
3679248,0.0
3679344,0.0
3680144,0.0
3681376,0.0
3681456,0.0
3682064,0.0
3682736,0.0
3682768,0.0
3683488,0.0
3683936,0.0
3684208,0.0
3685184,0.0
3686080,0.0
3686368,0.0
3686560,0.0
3687216,0.0
3688928,0.0
3690224,0.0
3690464,0.0
3691568,0.0
3693520,0.0
3693712,0.0
3694480,0.0
3694848,0.0
3695040,0.0
3696752,0.0
3698624,0.0
3700992,0.0
3701264,0.0
3704144,0.0
3706320,0.0
3708656,0.0
3710192,0.0
3711696,0.0
3711856,0.0
3712144,0.0
3712608,0.0
3713280,0.0
3713296,0.0
3713472,0.0
3714080,0.0
3714448,0.0
3716752,0.0
3718496,0.0
3718608,0.0
3718720,0.0
3718832,0.0
3719680,0.0
3720976,0.0
3721872,0.0
3722016,0.0
3722688,0.0
3722720,0.0
3723072,0.0
3725440,0.0
3725968,0.0
3726880,0.0
3727104,0.0
3727504,0.0
3728400,0.0
3730032,0.0
3730192,0.0
3731120,0.0
3731360,0.0
3731824,0.0
3732208,0.0
3732880,0.0
3732896,0.0
3737040,0.0
3737520,0.0
3738896,0.0
3739104,0.0
3740128,0.0
3740480,0.0
3741168,0.0
3742256,0.0
3742320,0.0
3743648,0.0
3743840,0.0
3744016,0.0
3744912,0.0
3746272,0.0
3747520,0.0
3748816,0.0
3748864,0.0
3749520,0.0
3749856,0.0
3750848,0.0
3751808,0.0
3753248,0.0
3753520,0.0
3754128,0.0
3754592,0.0
3755184,0.0
3756096,0.0
3756272,0.0
3756912,0.0
3757584,0.0
3757824,0.0
3758272,0.0
3758368,0.0
3759056,0.0
3759776,0.0
3760112,0.0
3760896,0.0
3761008,0.0
3763024,0.0
3766016,0.0
3766272,0.0
3766576,0.0
3767008,0.0
3767936,0.0
3769920,0.0
3770672,0.0
3770928,0.0
3772096,0.0
3772832,0.0
3774080,0.0
3774768,0.0
3774912,0.0
3776576,0.0
3776672,0.0
3776784,0.0
3779648,0.0
3780352,0.0
3780576,0.0
3780816,0.0
3780912,0.0
3781408,0.0
3781552,0.0
3782256,0.0
3783360,0.0
3783744,0.0
3783840,0.0
3784208,0.0
3784912,0.0
3785104,0.0
3785232,0.0
3786320,0.0
3786384,0.0
3788304,0.0
3789584,0.0
3789776,0.0
3791200,0.0
3796256,0.0
3796368,0.0
3797856,0.0
3799488,0.0
3800976,0.0
3801056,0.0
3803584,0.0
3804160,0.0
3804432,0.0
3804608,0.0
3805152,0.0
3805824,0.0
3805888,0.0
3806448,0.0
3807120,0.0
3807200,0.0
3807760,0.0
3808128,0.0
3809440,0.0
3809552,0.0
3809872,0.0
3810352,0.0
3810640,0.0
3810800,0.0
3811728,0.0
3812160,0.0
3812848,0.0
3813344,0.0
3813520,0.0
3814592,0.0
3815008,0.0
3815376,0.0
3815952,0.0
3816624,0.0
3817328,0.0
3817360,0.0
3818128,0.0
3819760,0.0
3819840,0.0
3820864,0.0
3821072,0.0
3821552,0.0
3821600,0.0
3822224,0.0
3823920,0.0
3824272,0.0
3824336,0.0
3826064,0.0
3826320,0.0
3827744,0.0
3828144,0.0
3828832,0.0
3830384,0.0
3831456,0.0
3831632,0.0
3832304,0.0
3832784,0.0
3833264,0.0
3833472,0.0
3834128,0.0
3835440,0.0
3836960,0.0
3837088,0.0
3838016,0.0
3838720,0.0
3839808,0.0
3840944,0.0
3841584,0.0
3841616,0.0
3841776,0.0
3842496,0.0
3842592,0.0
3842720,0.0
3843840,0.0
3845264,0.0
3845760,0.0
3848608,0.0
3849056,0.0
3849296,0.0
3850144,0.0
3850400,0.0
3851072,0.0
3851344,0.0
3852224,0.0
3852496,0.0
3852720,0.0
3852800,0.0
3853968,0.0
3854320,0.0
3854512,0.0
3856624,0.0
3858224,0.0
3860336,0.0
3861680,0.0
3861808,0.0
3862640,0.0
3862704,0.0
3862800,0.0
3863664,0.0
3864992,0.0
3865936,0.0
3866672,0.0
3866736,0.0
3867120,0.0
3867296,0.0
3867824,0.0
3868720,0.0
3868784,0.0
3869744,0.0
3871840,0.0
3871872,0.0
3873552,0.0
3873744,0.0
3874160,0.0
3874176,0.0
3875008,0.0
3880384,0.0
3883616,0.0
3883792,0.0
3884016,0.0
3884720,0.0
3885168,0.0
3885680,0.0
3887376,0.0
3887536,0.0
3887632,0.0
3887792,0.0
3887952,0.0
3888080,0.0
3888576,0.0
3890624,0.0
3890800,0.0
3890880,0.0
3892512,0.0
3892736,0.0
3894144,0.0
3894768,0.0
3895328,0.0
3895728,0.0
3896032,0.0
3896960,0.0
3897488,0.0
3897504,0.0
3897792,0.0
3897952,0.0
3898016,0.0
3898464,0.0
3900288,0.0
3900800,0.0
3901520,0.0
3902080,0.0
3902240,0.0
3903968,0.0
3904176,0.0
3904304,0.0
3904528,0.0
3905168,0.0
3905344,0.0
3905648,0.0
3905920,0.0
3906080,0.0
3906272,0.0
3907888,0.0
3909760,0.0
3910512,0.0
3912576,0.0
3914208,0.0
3914592,0.0
3915376,0.0
3916384,0.0
3916608,0.0
3917328,0.0
3918032,0.0
3918944,0.0
3919456,0.0
3920352,0.0
3921440,0.0
3922464,0.0
3922592,0.0
3924752,0.0
3926208,0.0
3926368,0.0
3926400,0.0
3927168,0.0
3927712,0.0
3929040,0.0
3929744,0.0
3929888,0.0
3930096,0.0
3930848,0.0
3931232,0.0
3931328,0.0
3932272,0.0
3932576,0.0
3933920,0.0
3934192,0.0
3934288,0.0
3935200,0.0
3935472,0.0
3937728,0.0
3938960,0.0
3941008,0.0
3942016,0.0
3942576,0.0
3942976,0.0
3943136,0.0
3944032,0.0
3945360,0.0
3946464,0.0
3947712,0.0
3947824,0.0
3948416,0.0
3948672,0.0
3948912,0.0
3950656,0.0
3952752,0.0
3953744,0.0
3954112,0.0
3954576,0.0
3955312,0.0
3955744,0.0
3957376,0.0
3957504,0.0
3957920,0.0
3959232,0.0
3959616,0.0
3959856,0.0
3960608,0.0
3962208,0.0
3962448,0.0
3962496,0.0
3963616,0.0
3965312,0.0
3966112,0.0
3967376,0.0
3967792,0.0
3970320,0.0
3970736,0.0
3972816,0.0
3973712,0.0
3973840,0.0
3976336,0.0
3977056,0.0
3977808,0.0
3978736,0.0
3979328,0.0
3979344,0.0
3980848,0.0
3981328,0.0
3981440,0.0
3983040,0.0
3983232,0.0
3983648,0.0
3983936,0.0
3984304,0.0
3984784,0.0
3985072,0.0
3985104,0.0
3985360,0.0
3985824,0.0
3986672,0.0
3986928,0.0
3987072,0.0
3987104,0.0
3987472,0.0
3989616,0.0
3990560,0.0
3992112,0.0
3992288,0.0
3992560,0.0
3992848,0.0
3993120,0.0
3993840,0.0
3994160,0.0
3994272,0.0
3995968,0.0
3996384,0.0
3996704,0.0
3998704,0.0
3999216,0.0
3999408,0.0
3999488,0.0
4000368,0.0
4000720,0.0
4003568,0.0
4004160,0.0
4004992,0.0
4007552,0.0
4007968,0.0
4008272,0.0
4009648,0.0
4009760,0.0
4010176,0.0
4010704,0.0
4010736,0.0
4011872,0.0
4012272,0.0
4012512,0.0
4013216,0.0
4013248,0.0
4013904,0.0
4015152,0.0
4015872,0.0
4016128,0.0
4017104,0.0
4017200,0.0
4019104,0.0
4019280,0.0
4019504,0.0
4021632,0.0
4023712,0.0
4024960,0.0
4025168,0.0
4025216,0.0
4025248,0.0
4025408,0.0
4026000,0.0
4026016,0.0
4026928,0.0
4031072,0.0
4031296,0.0
4032512,0.0
4035440,0.0
4035920,0.0
4036688,0.0
4037280,0.0
4037552,0.0
4037856,0.0
4037984,0.0
4039536,0.0
4040080,0.0
4041392,0.0
4041488,0.0
4043104,0.0
4043184,0.0
4045088,0.0
4045472,0.0
4045648,0.0
4046800,0.0
4048384,0.0
4048400,0.0
4048656,0.0
4049728,0.0
4049952,0.0
4051392,0.0
4052128,0.0
4052944,0.0
4053056,0.0
4054784,0.0
4055504,0.0
4055536,0.0
4057168,0.0
4058928,0.0
4059168,0.0
4060288,0.0
4060384,0.0
4061120,0.0
4061616,0.0
4061936,0.0
4062304,0.0
4063696,0.0
4065008,0.0
4066000,0.0
4066768,0.0
4066928,0.0
4068592,0.0
4069728,0.0
4069968,0.0
4070640,0.0
4071024,0.0
4071712,0.0
4071904,0.0
4072672,0.0
4072816,0.0
4072832,0.0
4073184,0.0
4073248,0.0
4073456,0.0
4073632,0.0
4073776,0.0
4074480,0.0
4075056,0.0
4075696,0.0
4078320,0.0
4081088,0.0
4082768,0.0
4082944,0.0
4083056,0.0
4085904,0.0
4086048,0.0
4086176,0.0
4086480,0.0
4086496,0.0
4092480,0.0
4093328,0.0
4096208,0.0
4099664,0.0
4099840,0.0
4100656,0.0
4101008,0.0
4101264,0.0
4101648,0.0
4102000,0.0
4102112,0.0
4102800,0.0
4104368,0.0
4105360,0.0
4105904,0.0
4106560,0.0
4106592,0.0
4106800,0.0
4107344,0.0
4113200,0.0
4113664,0.0
4114112,0.0
4114864,0.0
4114960,0.0
4115056,0.0
4115408,0.0
4115904,0.0
4116368,0.0
4116944,0.0
4118320,0.0
4120832,0.0
4121200,0.0
4122688,0.0
4123072,0.0
4124064,0.0
4125504,0.0
4126432,0.0
4126800,0.0
4126848,0.0
4127296,0.0
4128432,0.0
4130752,0.0
4131648,0.0
4131968,0.0
4134448,0.0
4134832,0.0
4137648,0.0
4137696,0.0
4137920,0.0
4138048,0.0
4139744,0.0
4140048,0.0
4140704,0.0
4141728,0.0
4145184,0.0
4145488,0.0
4145520,0.0
4145552,0.0
4145696,0.0
4145792,0.0
4148464,0.0
4148928,0.0
4151200,0.0
4151440,0.0
4151808,0.0
4152288,0.0
4152624,0.0
4153536,0.0
4154848,0.0
4155248,0.0
4155696,0.0
4158480,0.0
4159408,0.0
4159872,0.0
4160720,0.0
4162288,0.0
4163280,0.0
4164368,0.0
4164784,0.0
4164864,0.0
4165104,0.0
4165264,0.0
4165344,0.0
4165424,0.0
4167632,0.0
4167840,0.0
4168720,0.0
4168768,0.0
4169856,0.0
4169952,0.0
4170896,0.0
4171232,0.0
4171936,0.0
4171968,0.0
4172016,0.0
4173648,0.0
4174016,0.0
4175328,0.0
4177792,0.0
4177856,0.0
4179344,0.0
4180400,0.0
4181120,0.0
4181312,0.0
4182480,0.0
4182560,0.0
4182720,0.0
4182880,0.0
4183008,0.0
4183120,0.0
4183632,0.0
4183728,0.0
4185312,0.0
4185648,0.0
4186608,0.0
4188928,0.0
4189856,0.0
4190928,0.0
4191792,0.0
4194176,0.0
4195632,0.0
4196512,0.0
4197808,0.0
4198160,0.0
4199328,0.0
4199344,0.0
4199408,0.0
4199504,0.0
4199600,0.0
4200912,0.0
4201904,0.0
4202464,0.0
4202656,0.0
4203584,0.0
4204176,0.0
4204976,0.0
4206224,0.0
4206256,0.0
4207008,0.0
4208944,0.0
4209488,0.0
4209968,0.0
4210192,0.0
4210768,0.0
4212112,0.0
4212704,0.0
4213744,0.0
4214864,0.0
4215216,0.0
4216448,0.0
4216832,0.0
4217264,0.0
4217648,0.0
4217888,0.0
4218176,0.0
4218720,0.0
4219376,0.0
4220320,0.0
4221760,0.0
4223600,0.0
4224384,0.0
4225040,0.0
4225824,0.0
4226400,0.0
4227328,0.0
4227424,0.0
4227920,0.0
4228896,0.0
4229280,0.0
4229440,0.0
4231040,0.0
4231680,0.0
4232624,0.0
4233168,0.0
4233920,0.0
4235568,0.0
4235680,0.0
4238320,0.0
4238976,0.0
4239072,0.0
4239632,0.0
4241328,0.0
4241888,0.0
4242208,0.0
4242320,0.0
4243408,0.0
4243776,0.0
4244080,0.0
4245728,0.0
4246880,0.0
4247872,0.0
4248256,0.0
4248816,0.0
4248896,0.0
4249488,0.0
4249520,0.0
4249968,0.0
4251104,0.0
4251600,0.0
4253152,0.0
4254816,0.0
4255248,0.0
4255648,0.0
4258384,0.0
4258624,0.0
4258944,0.0
4259488,0.0
4260144,0.0
4260496,0.0
4260656,0.0
4262640,0.0
4263680,0.0
4266064,0.0
4267136,0.0
4268048,0.0
4270928,0.0
4271072,0.0
4271872,0.0
4272464,0.0
4272704,0.0
4273040,0.0
4273296,0.0
4273920,0.0
4274368,0.0
4275056,0.0
4275456,0.0
4275776,0.0
4276080,0.0
4276800,0.0
4277424,0.0
4277792,0.0
4280064,0.0
4281024,0.0
4281056,0.0
4281152,0.0
4281232,0.0
4281280,0.0
4282048,0.0
4282240,0.0
4283072,0.0
4283536,0.0
4283600,0.0
4283984,0.0
4284688,0.0
4285136,0.0
4286720,0.0
4287296,0.0
4287744,0.0
4289792,0.0
4290160,0.0
4291184,0.0
4291424,0.0
4292032,0.0
4292336,0.0
4293344,0.0
4293376,0.0
4293472,0.0
4293904,0.0
4295616,0.0
4296256,0.0
4296304,0.0
4296832,0.0
4298048,0.0
4298800,0.0
4298816,0.0
4299376,0.0
4300272,0.0
4301728,0.0
4303408,0.0
4303936,0.0
4303968,0.0
4304256,0.0
4307328,0.0
4307584,0.0
4307952,0.0
4308944,0.0
4310576,0.0
4310816,0.0
4311008,0.0
4311536,0.0
4311696,0.0
4313104,0.0
4313232,0.0
4313248,0.0
4314480,0.0
4315056,0.0
4315744,0.0
4316704,0.0
4318032,0.0
4318432,0.0
4319536,0.0
4320016,0.0
4320048,0.0
4320208,0.0
4321264,0.0
4321552,0.0
4321648,0.0
4322112,0.0
4322160,0.0
4322832,0.0
4325440,0.0
4326592,0.0
4329472,0.0
4329536,0.0
4329664,0.0
4330016,0.0
4330480,0.0
4330656,0.0
4331008,0.0
4331072,0.0
4331360,0.0
4331792,0.0
4334800,0.0
4335344,0.0
4337392,0.0
4338256,0.0
4338320,0.0
4338640,0.0
4340736,0.0
4341600,0.0
4342544,0.0
4343616,0.0
4344096,0.0
4344144,0.0
4345120,0.0
4346496,0.0
4347520,0.0
4347792,0.0
4348176,0.0
4348320,0.0
4349248,0.0
4351952,0.0
4353264,0.0
4353760,0.0
4353792,0.0
4356672,0.0
4358368,0.0
4358816,0.0
4359408,0.0
4359552,0.0
4363232,0.0
4363264,0.0
4364224,0.0
4366208,0.0
4366624,0.0
4367248,0.0
4367264,0.0
4367376,0.0
4369120,0.0
4369264,0.0
4369456,0.0
4369728,0.0
4369952,0.0
4369984,0.0
4371040,0.0
4371312,0.0
4371408,0.0
4371952,0.0
4372720,0.0
4372736,0.0
4372912,0.0
4373072,0.0
4373296,0.0
4373376,0.0
4373664,0.0
4377664,0.0
4377952,0.0
4378368,0.0
4378432,0.0
4378736,0.0
4379008,0.0
4379904,0.0
4380064,0.0
4380112,0.0
4381824,0.0
4383008,0.0
4383152,0.0
4383472,0.0
4383664,0.0
4384608,0.0
4384944,0.0
4385488,0.0
4386080,0.0
4388336,0.0
4388416,0.0
4389376,0.0
4389968,0.0
4391568,0.0
4392112,0.0
4392480,0.0
4394288,0.0
4394992,0.0
4395984,0.0
4396096,0.0
4396112,0.0
4396848,0.0
4399472,0.0
4400448,0.0
4401168,0.0
4401568,0.0
4402240,0.0
4405184,0.0
4409296,0.0
4409360,0.0
4409472,0.0
4410576,0.0
4411424,0.0
4413248,0.0
4414880,0.0
4415712,0.0
4415840,0.0
4416080,0.0
4417120,0.0
4417392,0.0
4417984,0.0
4418000,0.0
4418400,0.0
4419632,0.0
4421856,0.0
4421952,0.0
4422304,0.0
4422672,0.0
4426544,0.0
4428944,0.0
4429072,0.0
4429760,0.0
4429840,0.0
4430608,0.0
4431776,0.0
4432544,0.0
4433408,0.0
4433440,0.0
4433680,0.0
4433696,0.0
4433984,0.0
4434304,0.0
4434960,0.0
4435312,0.0
4435920,0.0
4437744,0.0
4438944,0.0
4439424,0.0
4441840,0.0
4443200,0.0
4443872,0.0
4444544,0.0
4446272,0.0
4448352,0.0
4448560,0.0
4448688,0.0
4449568,0.0
4449808,0.0
4449856,0.0
4450272,0.0
4450352,0.0
4450848,0.0
4451040,0.0
4451584,0.0
4453040,0.0
4454320,0.0
4454336,0.0
4455520,0.0
4455600,0.0
4455952,0.0
4456000,0.0
4458176,0.0
4458784,0.0
4460016,0.0
4462016,0.0
4463408,0.0
4463600,0.0
4463680,0.0
4464992,0.0
4465984,0.0
4466016,0.0
4466032,0.0
4467376,0.0
4468064,0.0
4468816,0.0
4469344,0.0
4472448,0.0
4473552,0.0
4474208,0.0
4474960,0.0
4475552,0.0
4475952,0.0
4475984,0.0
4476752,0.0
4477792,0.0
4478000,0.0
4478592,0.0
4479344,0.0
4479568,0.0
4480784,0.0
4481008,0.0
4481088,0.0
4482784,0.0
4483136,0.0
4483424,0.0
4483728,0.0
4486464,0.0
4486768,0.0
4487296,0.0
4488496,0.0
4489776,0.0
4490800,0.0
4491872,0.0
4491984,0.0
4492576,0.0
4492704,0.0
4495712,0.0
4496064,0.0
4496112,0.0
4496208,0.0
4499600,0.0
4500656,0.0
4501584,0.0
4502432,0.0
4503728,0.0
4503936,0.0
4505216,0.0
4506768,0.0
4507392,0.0
4508112,0.0
4508384,0.0
4509792,0.0
4512096,0.0
4512192,0.0
4512656,0.0
4513216,0.0
4514112,0.0
4514160,0.0
4514656,0.0
4514912,0.0
4515504,0.0
4515632,0.0
4516576,0.0
4517280,0.0
4519072,0.0
4519856,0.0
4520128,0.0
4520288,0.0
4521120,0.0
4521328,0.0
4522640,0.0
4523424,0.0
4523920,0.0
4524672,0.0
4524800,0.0
4525424,0.0
4526208,0.0
4526656,0.0
4529888,0.0
4530048,0.0
4530688,0.0
4531568,0.0
4532608,0.0
4533232,0.0
4533424,0.0
4534960,0.0
4537376,0.0
4537616,0.0
4537680,0.0
4537840,0.0
4538352,0.0
4538752,0.0
4538992,0.0
4540224,0.0
4541040,0.0
4541104,0.0
4541488,0.0
4541680,0.0
4543728,0.0
4544768,0.0
4545312,0.0
4545792,0.0
4545824,0.0
4545968,0.0
4548240,0.0
4548576,0.0
4551168,0.0
4551984,0.0
4552672,0.0
4552832,0.0
4552976,0.0
4553184,0.0
4553248,0.0
4553840,0.0
4554480,0.0
4554800,0.0
4555712,0.0
4556560,0.0
4557184,0.0
4557808,0.0
4560112,0.0
4560240,0.0
4562000,0.0
4562576,0.0
4563040,0.0
4564304,0.0
4564512,0.0
4565328,0.0
4565856,0.0
4566848,0.0
4566912,0.0
4568048,0.0
4568416,0.0
4568672,0.0
4569456,0.0
4569888,0.0
4570464,0.0
4571248,0.0
4571600,0.0
4571696,0.0
4572368,0.0
4572544,0.0
4573232,0.0
4573840,0.0
4574288,0.0
4574752,0.0
4575328,0.0
4575744,0.0
4575808,0.0
4576656,0.0
4576864,0.0
4578416,0.0
4578528,0.0
4579856,0.0
4580016,0.0
4580096,0.0
4580288,0.0
4581104,0.0
4581424,0.0
4581904,0.0
4583712,0.0
4583808,0.0
4584480,0.0
4588064,0.0
4589152,0.0
4589248,0.0
4589264,0.0
4590912,0.0
4591776,0.0
4592432,0.0
4592688,0.0
4593392,0.0
4595392,0.0
4596624,0.0
4597632,0.0
4599488,0.0
4600848,0.0
4600944,0.0
4602592,0.0
4602880,0.0
4603120,0.0
4603376,0.0
4603840,0.0
4606592,0.0
4607280,0.0
4607760,0.0
4609248,0.0
4609776,0.0
4610176,0.0
4610256,0.0
4611968,0.0
4613232,0.0
4613488,0.0
4613952,0.0
4615232,0.0
4615632,0.0
4616032,0.0
4616512,0.0
4619264,0.0
4620864,0.0
4622864,0.0
4623136,0.0
4623264,0.0
4624064,0.0
4624384,0.0
4626176,0.0
4631456,0.0
4633008,0.0
4633408,0.0
4634048,0.0
4635888,0.0
4638144,0.0
4638336,0.0
4639376,0.0
4640304,0.0
4640672,0.0
4640864,0.0
4644592,0.0
4644896,0.0
4645136,0.0
4645728,0.0
4646368,0.0
4646880,0.0
4647408,0.0
4647424,0.0
4648592,0.0
4648672,0.0
4650848,0.0
4651696,0.0
4652688,0.0
4652912,0.0
4653776,0.0
4653872,0.0
4654560,0.0
4654672,0.0
4654832,0.0
4656896,0.0
4658528,0.0
4658704,0.0
4659488,0.0
4659536,0.0
4659952,0.0
4660592,0.0
4661488,0.0
4663072,0.0
4663296,0.0
4665344,0.0
4665536,0.0
4665696,0.0
4667648,0.0
4668032,0.0
4668112,0.0
4669232,0.0
4669760,0.0
4671408,0.0
4672000,0.0
4672096,0.0
4673344,0.0
4673872,0.0
4675552,0.0
4678512,0.0
4678976,0.0
4679760,0.0
4681632,0.0
4681696,0.0
4682752,0.0
4689120,0.0
4691632,0.0
4692800,0.0
4693872,0.0
4694320,0.0
4695184,0.0
4696064,0.0
4696256,0.0
4696832,0.0
4697824,0.0
4699152,0.0
4701136,0.0
4701280,0.0
4701648,0.0
4702224,0.0
4702736,0.0
4702912,0.0
4702944,0.0
4703056,0.0
4703488,0.0
4703552,0.0
4704800,0.0
4705536,0.0
4705648,0.0
4708512,0.0
4709296,0.0
4709632,0.0
4710144,0.0
4711264,0.0
4711936,0.0
4711952,0.0
4711984,0.0
4713168,0.0
4715904,0.0
4717360,0.0
4718880,0.0
4719168,0.0
4720256,0.0
4720384,0.0
4722032,0.0
4722192,0.0
4723104,0.0
4723296,0.0
4723568,0.0
4724400,0.0
4724736,0.0
4725216,0.0
4726768,0.0
4728336,0.0
4728944,0.0
4729104,0.0
4729136,0.0
4729264,0.0
4732672,0.0
4732736,0.0
4732784,0.0
4734336,0.0
4736080,0.0
4737840,0.0
4738560,0.0
4739024,0.0
4739888,0.0
4740384,0.0
4740640,0.0
4741088,0.0
4741296,0.0
4741520,0.0
4741600,0.0
4741888,0.0
4742432,0.0
4742896,0.0
4743152,0.0
4744208,0.0
4744736,0.0
4745904,0.0
4747776,0.0
4748288,0.0
4748464,0.0
4749632,0.0
4750368,0.0
4750544,0.0
4751072,0.0
4751488,0.0
4752288,0.0
4752784,0.0
4753120,0.0
4754304,0.0
4754400,0.0
4754464,0.0
4757312,0.0
4757792,0.0
4758496,0.0
4758944,0.0
4759392,0.0
4759968,0.0
4760096,0.0
4761824,0.0
4762432,0.0
4765376,0.0
4767232,0.0
4767248,0.0
4768112,0.0
4768272,0.0
4772128,0.0
4773408,0.0
4774464,0.0
4775616,0.0
4776528,0.0
4778624,0.0
4779776,0.0
4779888,0.0
4780000,0.0
4780288,0.0
4780704,0.0
4781152,0.0
4782720,0.0
4782784,0.0
4784976,0.0
4785184,0.0
4785696,0.0
4786528,0.0
4787584,0.0
4788272,0.0
4791696,0.0
4791744,0.0
4792128,0.0
4792272,0.0
4795008,0.0
4795024,0.0
4795296,0.0
4795616,0.0
4795632,0.0
4796240,0.0
4796544,0.0
4799328,0.0
4799952,0.0
4799984,0.0
4800224,0.0
4800864,0.0
4801184,0.0
4802048,0.0
4802416,0.0
4803168,0.0
4803296,0.0
4803776,0.0
4803840,0.0
4804016,0.0
4804928,0.0
4805824,0.0
4806928,0.0
4808272,0.0
4808976,0.0
4809312,0.0
4815552,0.0
4818400,0.0
4819296,0.0
4820416,0.0
4821072,0.0
4821584,0.0
4821616,0.0
4822176,0.0
4822800,0.0
4824448,0.0
4826192,0.0
4828224,0.0
4829280,0.0
4830304,0.0
4830368,0.0
4830512,0.0
4831664,0.0
4831840,0.0
4832064,0.0
4832368,0.0
4833008,0.0
4833088,0.0
4833152,0.0
4833344,0.0
4833408,0.0
4834336,0.0
4834720,0.0
4834800,0.0
4836560,0.0
4839904,0.0
4840320,0.0
4840896,0.0
4844240,0.0
4844528,0.0
4845248,0.0
4845872,0.0
4845936,0.0
4847104,0.0
4847648,0.0
4848656,0.0
4849632,0.0
4850480,0.0
4850816,0.0
4851664,0.0
4851952,0.0
4853472,0.0
4854736,0.0
4854896,0.0
4855056,0.0
4859008,0.0
4861392,0.0
4862080,0.0
4862192,0.0
4862544,0.0
4863568,0.0
4863584,0.0
4864256,0.0
4864384,0.0
4870944,0.0
4871136,0.0
4871696,0.0
4876064,0.0
4876944,0.0
4877456,0.0
4877664,0.0
4877920,0.0
4880720,0.0
4882528,0.0
4883264,0.0
4884064,0.0
4884368,0.0
4886784,0.0
4887328,0.0
4887984,0.0
4888912,0.0
4889280,0.0
4889488,0.0
4890640,0.0
4892176,0.0
4892784,0.0
4894432,0.0
4894880,0.0
4895408,0.0
4895712,0.0
4895968,0.0
4896432,0.0
4896928,0.0
4899296,0.0
4899872,0.0
4901696,0.0
4903760,0.0
4903872,0.0
4904496,0.0
4904688,0.0
4907424,0.0
4907792,0.0
4907904,0.0
4908208,0.0
4908992,0.0
4909040,0.0
4909232,0.0
4910912,0.0
4911504,0.0
4912480,0.0
4913744,0.0
4914256,0.0
4914304,0.0
4915296,0.0
4916096,0.0
4917616,0.0
4918208,0.0
4919312,0.0
4919488,0.0
4922096,0.0
4922224,0.0
4923264,0.0
4923312,0.0
4923712,0.0
4924016,0.0
4924592,0.0
4926800,0.0
4926816,0.0
4926960,0.0
4927552,0.0
4932416,0.0
4933056,0.0
4933504,0.0
4933520,0.0
4935536,0.0
4936272,0.0
4936624,0.0
4938032,0.0
4938160,0.0
4938864,0.0
4939472,0.0
4939504,0.0
4939968,0.0
4940464,0.0
4943152,0.0
4943200,0.0
4943536,0.0
4944624,0.0
4945600,0.0
4946224,0.0
4946496,0.0
4947008,0.0
4947344,0.0
4950448,0.0
4950496,0.0
4950912,0.0
4951696,0.0
4951984,0.0
4952448,0.0
4952464,0.0
4953232,0.0
4953456,0.0
4954800,0.0
4956064,0.0
4956608,0.0
4957600,0.0
4958176,0.0
4958672,0.0
4959664,0.0
4960544,0.0
4962256,0.0
4962816,0.0
4962864,0.0
4965680,0.0
4965872,0.0
4966608,0.0
4966672,0.0
4968144,0.0
4970848,0.0
4972192,0.0
4972688,0.0
4973136,0.0
4973472,0.0
4973952,0.0
4974720,0.0
4974960,0.0
4975184,0.0
4975216,0.0
4975632,0.0
4976416,0.0
4976928,0.0
4978976,0.0
4980864,0.0
4980896,0.0
4981424,0.0
4984784,0.0
4985008,0.0
4989600,0.0
4990736,0.0
4991072,0.0
4992592,0.0
4992864,0.0
4994576,0.0
4994656,0.0
4995488,0.0
4996416,0.0
4996480,0.0
4996800,0.0
4998080,0.0
4998656,0.0
5000144,0.0
5000768,0.0
5001296,0.0
5001696,0.0
5002448,0.0
5005280,0.0
5005504,0.0
5005920,0.0
5006736,0.0
5006816,0.0
5006976,0.0
5008144,0.0
5008768,0.0
5009376,0.0
5009712,0.0
5010144,0.0
5013200,0.0
5015664,0.0
5016064,0.0
5016800,0.0
5019904,0.0
5022128,0.0
5023760,0.0
5024432,0.0
5024624,0.0
5024944,0.0
5025808,0.0
5028592,0.0
5028784,0.0
5029008,0.0
5029808,0.0
5032128,0.0
5037840,0.0
5038592,0.0
5038608,0.0
5038928,0.0
5039040,0.0
5039136,0.0
5040736,0.0
5041264,0.0
5041536,0.0
5041552,0.0
5041568,0.0
5042800,0.0
5043392,0.0
5043856,0.0
5044416,0.0
5046112,0.0
5046672,0.0
5047680,0.0
5048336,0.0
5048864,0.0
5050448,0.0
5051264,0.0
5051712,0.0
5052000,0.0
5052096,0.0
5055600,0.0
5057216,0.0
5059008,0.0
5059152,0.0
5060352,0.0
5060560,0.0
5061536,0.0
5062128,0.0
5062912,0.0
5063472,0.0
5064016,0.0
5064048,0.0
5064752,0.0
5066272,0.0
5067600,0.0
5069056,0.0
5070208,0.0
5072928,0.0
5073280,0.0
5075264,0.0
5075616,0.0
5076272,0.0
5076560,0.0
5076752,0.0
5077088,0.0
5077808,0.0
5078512,0.0
5078576,0.0
5079232,0.0
5079520,0.0
5079792,0.0
5079872,0.0
5079904,0.0
5081296,0.0
5082320,0.0
5082608,0.0
5084704,0.0
5085072,0.0
5085088,0.0
5085520,0.0
5086544,0.0
5087232,0.0
5089360,0.0
5091072,0.0
5091264,0.0
5092336,0.0
5092592,0.0
5095184,0.0
5097376,0.0
5098320,0.0
5099008,0.0
5100704,0.0
5100720,0.0
5100848,0.0
5100960,0.0
5101840,0.0
5101856,0.0
5101888,0.0
5102736,0.0
5103376,0.0
5103584,0.0
5104320,0.0
5104672,0.0
5105680,0.0
5107616,0.0
5108080,0.0
5108192,0.0
5108608,0.0
5108640,0.0
5109072,0.0
5109408,0.0
5112256,0.0
5113088,0.0
5113744,0.0
5114096,0.0
5115776,0.0
5115920,0.0
5116576,0.0
5116800,0.0
5117024,0.0
5117584,0.0
5119120,0.0
5119440,0.0
5119712,0.0
5120064,0.0
5121456,0.0
5121632,0.0
5122608,0.0
5122896,0.0
5124528,0.0
5126144,0.0
5131632,0.0
5131696,0.0
5132384,0.0
5132672,0.0
5133104,0.0
5134368,0.0
5134624,0.0
5134784,0.0
5135648,0.0
5138560,0.0
5139312,0.0
5140576,0.0
5140688,0.0
5141200,0.0
5141504,0.0
5141728,0.0
5143072,0.0
5143968,0.0
5144880,0.0
5145904,0.0
5146336,0.0
5147712,0.0
5149008,0.0
5150448,0.0
5150688,0.0
5151200,0.0
5152672,0.0
5152928,0.0
5153552,0.0
5154752,0.0
5154800,0.0
5156272,0.0
5156688,0.0
5156864,0.0
5157744,0.0
5157936,0.0
5160496,0.0
5160752,0.0
5160800,0.0
5161296,0.0
5162208,0.0
5163088,0.0
5163632,0.0
5164656,0.0
5165600,0.0
5169248,0.0
5169728,0.0
5169984,0.0
5172224,0.0
5172544,0.0
5172816,0.0
5174304,0.0
5174928,0.0
5176048,0.0
5176192,0.0
5176672,0.0
5178016,0.0
5178576,0.0
5179520,0.0
5179744,0.0
5180320,0.0
5180944,0.0
5182880,0.0
5183328,0.0
5185392,0.0
5185488,0.0
5185712,0.0
5185952,0.0
5186480,0.0
5187632,0.0
5188016,0.0
5188112,0.0
5189728,0.0
5191968,0.0
5192144,0.0
5192528,0.0
5192720,0.0
5193056,0.0
5194880,0.0
5196480,0.0
5196672,0.0
5197888,0.0
5199648,0.0
5199744,0.0
5200176,0.0
5201520,0.0
5203696,0.0
5203808,0.0
5204144,0.0
5205472,0.0
5206544,0.0
5206720,0.0
5207664,0.0
5208528,0.0
5209984,0.0
5210224,0.0
5210672,0.0
5210768,0.0
5210880,0.0
5211184,0.0
5211552,0.0
5212736,0.0
5213104,0.0
5213584,0.0
5214880,0.0
5215008,0.0
5216400,0.0
5217520,0.0
5218656,0.0
5219904,0.0
5220176,0.0
5220272,0.0
5220416,0.0
5221264,0.0
5221776,0.0
5222080,0.0
5223184,0.0
5223296,0.0
5224240,0.0
5224512,0.0
5224752,0.0
5224896,0.0
5227056,0.0
5227552,0.0
5227760,0.0
5228944,0.0
5228960,0.0
5229696,0.0
5231056,0.0
5233056,0.0
5233248,0.0
5233808,0.0
5234560,0.0
5235344,0.0
5235696,0.0
5236624,0.0
5236912,0.0
5238288,0.0
5239312,0.0
5240736,0.0
5241168,0.0
5241328,0.0
5241872,0.0
5242592,0.0
5244880,0.0
5244896,0.0
5245408,0.0
5245536,0.0
5248528,0.0
5250000,0.0
5250512,0.0
5251888,0.0
5252464,0.0
5254160,0.0
5254448,0.0
5255760,0.0
5255872,0.0
5256720,0.0
5258576,0.0
5259200,0.0
5259408,0.0
5261840,0.0
5262160,0.0
5262352,0.0
5263264,0.0
5263408,0.0
5264160,0.0
5265184,0.0
5265456,0.0
5265952,0.0
5269328,0.0
5271024,0.0
5272096,0.0
5272640,0.0
5275504,0.0
5276544,0.0
5278112,0.0
5279472,0.0
5280320,0.0
5280848,0.0
5281824,0.0
5282288,0.0
5282480,0.0
5283360,0.0
5283376,0.0
5284960,0.0
5286368,0.0
5286752,0.0
5287344,0.0
5288608,0.0
5288704,0.0
5289376,0.0
5289936,0.0
5290128,0.0
5290256,0.0
5292368,0.0
5292672,0.0
5294416,0.0
5295120,0.0
5295280,0.0
5296128,0.0
5296160,0.0
5297328,0.0
5297424,0.0
5297680,0.0
5298512,0.0
5299376,0.0
5299632,0.0
5299744,0.0
5299920,0.0
5300304,0.0
5302224,0.0
5303120,0.0
5303136,0.0
5303248,0.0
5303408,0.0
5303888,0.0
5306992,0.0
5308160,0.0
5310960,0.0
5312176,0.0
5312416,0.0
5312688,0.0
5313184,0.0
5316656,0.0
5318832,0.0
5319552,0.0
5321072,0.0
5321504,0.0
5322656,0.0
5323024,0.0
5325008,0.0
5325632,0.0
5325872,0.0
5326384,0.0
5326544,0.0
5326656,0.0
5327376,0.0
5327920,0.0
5331776,0.0
5331984,0.0
5332912,0.0
5333504,0.0
5334160,0.0
5334672,0.0
5335552,0.0
5335632,0.0
5336160,0.0
5336256,0.0
5338128,0.0
5338176,0.0
5338800,0.0
5340896,0.0
5341280,0.0
5341616,0.0
5341744,0.0
5342672,0.0
5345120,0.0
5345760,0.0
5345792,0.0
5346032,0.0
5346320,0.0
5346560,0.0
5346576,0.0
5350608,0.0
5351120,0.0
5351568,0.0
5351952,0.0
5353056,0.0
5354416,0.0
5355024,0.0
5355248,0.0
5355360,0.0
5355536,0.0
5355616,0.0
5356496,0.0
5356928,0.0
5358448,0.0
5359136,0.0
5361264,0.0
5362560,0.0
5362784,0.0
5363952,0.0
5366576,0.0
5366832,0.0
5367408,0.0
5367872,0.0
5368080,0.0
5369568,0.0
5371456,0.0
5371696,0.0
5372592,0.0
5373520,0.0
5375072,0.0
5376144,0.0
5376352,0.0
5377760,0.0
5377904,0.0
5378912,0.0
5380384,0.0
5381168,0.0
5381200,0.0
5381680,0.0
5381744,0.0
5381856,0.0
5383872,0.0
5384512,0.0
5386064,0.0
5386208,0.0
5386224,0.0
5386288,0.0
5386992,0.0
5388880,0.0
5389984,0.0
5390384,0.0
5392224,0.0
5393440,0.0
5396064,0.0
5397200,0.0
5397632,0.0
5398000,0.0
5398608,0.0
5398624,0.0
5399360,0.0
5399584,0.0
5401744,0.0
5402512,0.0
5404240,0.0
5406272,0.0
5406640,0.0
5408192,0.0
5408352,0.0
5409184,0.0
5410160,0.0
5410192,0.0
5411440,0.0
5412432,0.0
5412656,0.0
5413120,0.0
5414960,0.0
5415056,0.0
5415328,0.0
5416000,0.0
5416528,0.0
5418352,0.0
5419552,0.0
5420752,0.0
5421744,0.0
5423184,0.0
5423232,0.0
5423984,0.0
5424704,0.0
5424800,0.0
5425216,0.0
5425280,0.0
5426448,0.0
5426624,0.0
5427424,0.0
5428240,0.0
5429280,0.0
5429648,0.0
5429952,0.0
5430208,0.0
5430624,0.0
5431968,0.0
5432464,0.0
5432832,0.0
5434768,0.0
5435888,0.0
5437696,0.0
5438672,0.0
5439168,0.0
5439904,0.0
5440176,0.0
5440256,0.0
5440464,0.0
5441728,0.0
5442160,0.0
5442960,0.0
5443600,0.0
5444864,0.0
5444896,0.0
5445520,0.0
5445856,0.0
5446080,0.0
5446304,0.0
5446528,0.0
5447488,0.0
5449104,0.0
5449248,0.0
5449280,0.0
5449520,0.0
5450256,0.0
5450896,0.0
5451248,0.0
5451280,0.0
5452528,0.0
5453232,0.0
5453904,0.0
5454960,0.0
5455344,0.0
5456640,0.0
5457200,0.0
5458192,0.0
5459488,0.0
5460240,0.0
5460576,0.0
5461184,0.0
5462064,0.0
5463072,0.0
5463152,0.0
5464144,0.0
5465216,0.0
5465472,0.0
5466208,0.0
5466496,0.0
5467664,0.0
5468880,0.0
5469808,0.0
5470048,0.0
5470176,0.0
5471744,0.0
5473408,0.0
5475904,0.0
5475984,0.0
5476832,0.0
5477168,0.0
5477648,0.0
5478176,0.0
5481456,0.0
5481536,0.0
5483104,0.0
5485632,0.0
5485776,0.0
5486736,0.0
5486976,0.0
5487072,0.0
5487472,0.0
5487552,0.0
5487968,0.0
5488416,0.0
5488464,0.0
5488496,0.0
5488640,0.0
5488912,0.0
5489152,0.0
5489520,0.0
5490784,0.0
5490960,0.0
5491184,0.0
5492352,0.0
5492624,0.0
5494480,0.0
5498112,0.0
5499088,0.0
5500544,0.0
5503072,0.0
5503104,0.0
5503456,0.0
5504112,0.0
5504752,0.0
5506528,0.0
5508304,0.0
5508768,0.0
5508880,0.0
5510992,0.0
5511600,0.0
5512448,0.0
5512832,0.0
5512928,0.0
5513168,0.0
5513616,0.0
5514272,0.0
5514336,0.0
5514720,0.0
5515264,0.0
5515552,0.0
5516112,0.0
5516496,0.0
5517168,0.0
5517536,0.0
5518704,0.0
5518912,0.0
5519056,0.0
5519600,0.0
5520032,0.0
5521920,0.0
5522400,0.0
5522576,0.0
5523424,0.0
5523472,0.0
5524144,0.0
5524480,0.0
5526112,0.0
5526480,0.0
5527120,0.0
5527600,0.0
5527952,0.0
5528368,0.0
5528656,0.0
5530672,0.0
5532448,0.0
5532848,0.0
5533536,0.0
5535040,0.0
5538096,0.0
5538992,0.0
5539568,0.0
5540080,0.0
5540544,0.0
5540752,0.0
5542000,0.0
5542960,0.0
5543520,0.0
5545152,0.0
5546400,0.0
5547984,0.0
5548032,0.0
5549216,0.0
5549312,0.0
5549888,0.0
5550368,0.0
5550848,0.0
5551472,0.0
5552336,0.0
5553296,0.0
5554448,0.0
5555760,0.0
5557104,0.0
5557552,0.0
5558048,0.0
5559952,0.0
5562224,0.0
5562784,0.0
5563536,0.0
5565552,0.0
5566128,0.0
5567728,0.0
5568720,0.0
5571152,0.0
5572256,0.0
5572480,0.0
5572624,0.0
5573216,0.0
5573344,0.0
5573376,0.0
5574128,0.0
5574528,0.0
5574720,0.0
5575680,0.0
5576272,0.0
5578208,0.0
5584144,0.0
5584352,0.0
5584544,0.0
5585824,0.0
5585888,0.0
5587520,0.0
5588176,0.0
5588320,0.0
5588448,0.0
5590080,0.0
5590192,0.0
5590336,0.0
5590624,0.0
5590848,0.0
5591568,0.0
5592032,0.0
5594144,0.0
5594416,0.0
5594688,0.0
5594768,0.0
5594912,0.0
5595712,0.0
5597984,0.0
5599840,0.0
5600448,0.0
5600528,0.0
5600912,0.0
5602192,0.0
5603712,0.0
5604592,0.0
5604704,0.0
5605952,0.0
5606864,0.0
5607184,0.0
5607232,0.0
5607632,0.0
5607808,0.0
5608000,0.0
5608208,0.0
5608864,0.0
5609536,0.0
5611264,0.0
5611664,0.0
5612992,0.0
5613184,0.0
5613536,0.0
5618368,0.0
5619808,0.0
5620384,0.0
5620960,0.0
5622176,0.0
5623328,0.0
5624096,0.0
5625168,0.0
5625312,0.0
5625584,0.0
5628016,0.0
5628032,0.0
5629296,0.0
5630128,0.0
5633904,0.0
5635264,0.0
5635376,0.0
5636256,0.0
5636336,0.0
5636704,0.0
5639104,0.0
5639728,0.0
5640512,0.0
5640656,0.0
5640848,0.0
5641952,0.0
5641968,0.0
5643216,0.0
5644736,0.0
5645328,0.0
5646768,0.0
5648688,0.0
5651520,0.0
5652160,0.0
5652560,0.0
5653952,0.0
5655328,0.0
5655600,0.0
5656048,0.0
5656816,0.0
5657648,0.0
5658176,0.0
5658816,0.0
5660080,0.0
5660320,0.0
5660944,0.0
5661920,0.0
5662560,0.0
5663440,0.0
5663584,0.0
5664720,0.0
5664944,0.0
5666560,0.0
5667872,0.0
5669296,0.0
5669472,0.0
5669632,0.0
5670528,0.0
5671152,0.0
5672400,0.0
5673360,0.0
5674432,0.0
5674544,0.0
5674752,0.0
5675200,0.0
5675760,0.0
5676064,0.0
5676112,0.0
5676304,0.0
5677568,0.0
5678464,0.0
5679728,0.0
5680496,0.0
5680688,0.0
5680768,0.0
5681680,0.0
5682880,0.0
5684544,0.0
5684960,0.0
5685888,0.0
5685936,0.0
5686384,0.0
5687264,0.0
5688624,0.0
5688960,0.0
5690080,0.0
5691536,0.0
5691616,0.0
5691936,0.0
5692032,0.0
5692240,0.0
5692464,0.0
5693104,0.0
5693712,0.0
5694832,0.0
5695584,0.0
5696048,0.0
5696208,0.0
5697552,0.0
5697920,0.0
5698048,0.0
5698240,0.0
5699664,0.0
5701472,0.0
5701552,0.0
5701616,0.0
5702304,0.0
5704032,0.0
5704592,0.0
5705744,0.0
5706096,0.0
5706352,0.0
5708432,0.0
5710512,0.0
5712368,0.0
5712720,0.0
5713232,0.0
5713504,0.0
5715472,0.0
5716320,0.0
5716352,0.0
5716576,0.0
5716864,0.0
5717120,0.0
5717472,0.0
5718128,0.0
5718496,0.0
5718656,0.0
5718864,0.0
5719120,0.0
5719696,0.0
5720192,0.0
5721216,0.0
5721520,0.0
5722544,0.0
5722896,0.0
5723088,0.0
5723360,0.0
5725200,0.0
5725824,0.0
5725984,0.0
5726384,0.0
5726672,0.0
5727536,0.0
5728992,0.0
5729168,0.0
5729184,0.0
5730000,0.0
5730320,0.0
5731248,0.0
5731776,0.0
5734784,0.0
5735824,0.0
5736112,0.0
5737296,0.0
5737376,0.0
5738848,0.0
5739104,0.0
5739696,0.0
5742896,0.0
5744208,0.0
5745568,0.0
5746112,0.0
5747072,0.0
5749024,0.0
5750032,0.0
5750240,0.0
5750512,0.0
5751776,0.0
5752000,0.0
5752016,0.0
5753984,0.0
5756736,0.0
5756880,0.0
5756896,0.0
5756960,0.0
5757632,0.0
5759680,0.0
5759888,0.0
5761568,0.0
5761600,0.0
5762288,0.0
5766672,0.0
5766784,0.0
5767184,0.0
5767952,0.0
5770720,0.0
5771552,0.0
5773328,0.0
5775184,0.0
5775712,0.0
5776320,0.0
5776624,0.0
5776688,0.0
5778128,0.0
5778480,0.0
5779136,0.0
5779680,0.0
5780512,0.0
5780736,0.0
5783136,0.0
5784480,0.0
5785264,0.0
5785568,0.0
5785648,0.0
5785680,0.0
5787456,0.0
5787712,0.0
5788864,0.0
5790016,0.0
5790272,0.0
5792304,0.0
5792416,0.0
5792704,0.0
5793552,0.0
5793888,0.0
5798480,0.0
5799216,0.0
5800080,0.0
5800736,0.0
5801920,0.0
5802736,0.0
5802848,0.0
5803152,0.0
5804752,0.0
5807088,0.0
5807728,0.0
5807872,0.0
5808400,0.0
5808848,0.0
5809648,0.0
5810112,0.0
5810768,0.0
5812064,0.0
5812720,0.0
5813056,0.0
5813120,0.0
5814528,0.0
5815120,0.0
5815200,0.0
5815456,0.0
5817472,0.0
5817712,0.0
5819664,0.0
5820048,0.0
5820768,0.0
5822416,0.0
5824144,0.0
5824784,0.0
5827152,0.0
5827488,0.0
5828176,0.0
5829216,0.0
5830240,0.0
5832176,0.0
5833200,0.0
5833776,0.0
5834240,0.0
5834352,0.0
5835840,0.0
5836032,0.0
5836304,0.0
5836672,0.0
5837248,0.0
5837696,0.0
5838368,0.0
5838512,0.0
5838592,0.0
5838864,0.0
5840816,0.0
5840832,0.0
5840896,0.0
5841088,0.0
5841104,0.0
5842032,0.0
5844128,0.0
5844288,0.0
5844800,0.0
5845072,0.0
5845488,0.0
5846016,0.0
5846512,0.0
5846544,0.0
5849808,0.0
5849840,0.0
5851344,0.0
5851392,0.0
5851760,0.0
5852384,0.0
5852704,0.0
5852928,0.0
5853456,0.0
5854112,0.0
5855232,0.0
5858048,0.0
5859984,0.0
5860464,0.0
5861584,0.0
5861776,0.0
5862240,0.0
5863440,0.0
5863664,0.0
5865008,0.0
5868384,0.0
5868416,0.0
5869920,0.0
5870352,0.0
5871040,0.0
5871968,0.0
5872688,0.0
5875024,0.0
5875088,0.0
5876320,0.0
5876880,0.0
5877600,0.0
5878432,0.0
5878656,0.0
5878720,0.0
5878784,0.0
5879232,0.0
5880544,0.0
5882128,0.0
5883232,0.0
5883648,0.0
5884032,0.0
5884144,0.0
5884704,0.0
5885744,0.0
5887840,0.0
5888144,0.0
5888240,0.0
5889792,0.0
5890336,0.0
5891184,0.0
5891264,0.0
5891456,0.0
5893024,0.0
5894528,0.0
5894736,0.0
5896304,0.0
5896368,0.0
5898336,0.0
5898976,0.0
5899488,0.0
5899936,0.0
5900000,0.0
5901152,0.0
5901376,0.0
5902976,0.0
5903504,0.0
5905696,0.0
5906320,0.0
5906336,0.0
5907120,0.0
5908256,0.0
5908624,0.0
5909056,0.0
5910128,0.0
5910544,0.0
5910896,0.0
5911728,0.0
5912032,0.0
5912720,0.0
5913536,0.0
5913936,0.0
5914048,0.0
5914304,0.0
5914496,0.0
5914576,0.0
5914592,0.0
5915424,0.0
5917968,0.0
5918672,0.0
5918704,0.0
5918896,0.0
5919296,0.0
5920112,0.0
5920624,0.0
5920768,0.0
5922784,0.0
5923008,0.0
5923360,0.0
5923584,0.0
5923664,0.0
5923696,0.0
5923840,0.0
5924224,0.0
5924736,0.0
5925264,0.0
5925600,0.0
5926400,0.0
5927520,0.0
5928176,0.0
5928272,0.0
5928928,0.0
5929312,0.0
5931072,0.0
5931424,0.0
5933744,0.0
5934656,0.0
5935376,0.0
5935728,0.0
5936208,0.0
5936752,0.0
5936912,0.0
5937024,0.0
5938368,0.0
5940496,0.0
5940544,0.0
5942160,0.0
5942432,0.0
5942720,0.0
5945264,0.0
5946128,0.0
5946192,0.0
5946336,0.0
5946432,0.0
5950432,0.0
5953824,0.0
5955616,0.0
5955696,0.0
5956928,0.0
5957040,0.0
5959232,0.0
5959312,0.0
5959520,0.0
5960192,0.0
5960704,0.0
5962224,0.0
5963136,0.0
5964336,0.0
5966976,0.0
5967344,0.0
5967856,0.0
5968592,0.0
5968720,0.0
5969840,0.0
5974080,0.0
5974528,0.0
5975968,0.0
5976384,0.0
5976496,0.0
5976688,0.0
5977664,0.0
5977840,0.0
5978656,0.0
5979312,0.0
5980384,0.0
5980736,0.0
5980768,0.0
5981088,0.0
5982240,0.0
5983584,0.0
5984048,0.0
5985008,0.0
5985616,0.0
5986048,0.0
5987248,0.0
5987552,0.0
5989200,0.0
5992240,0.0
5993520,0.0
5993712,0.0
5994672,0.0
5995184,0.0
5997616,0.0
5998032,0.0
5999472,0.0
5999680,0.0
6000160,0.0
6000320,0.0
6001760,0.0
6002272,0.0
6002784,0.0
6003904,0.0
6004592,0.0
6005040,0.0
6005840,0.0
6008336,0.0
6008624,0.0
6009152,0.0
6010320,0.0
6011456,0.0
6011792,0.0
6013216,0.0
6014112,0.0
6015200,0.0
6015808,0.0
6015824,0.0
6016032,0.0
6017392,0.0
6018752,0.0
6019328,0.0
6020608,0.0
6021456,0.0
6021696,0.0
6022432,0.0
6024112,0.0
6027392,0.0
6028112,0.0
6030592,0.0
6032144,0.0
6032352,0.0
6033600,0.0
6033648,0.0
6034576,0.0
6036032,0.0
6036256,0.0
6036464,0.0
6036480,0.0
6037360,0.0
6037552,0.0
6038416,0.0
6038464,0.0
6039088,0.0
6039840,0.0
6040976,0.0
6041008,0.0
6042016,0.0
6042256,0.0
6042272,0.0
6042288,0.0
6043216,0.0
6044160,0.0
6045040,0.0
6046256,0.0
6048640,0.0
6049280,0.0
6049856,0.0
6050800,0.0
6051552,0.0
6052160,0.0
6052960,0.0
6053120,0.0
6053568,0.0
6053920,0.0
6054240,0.0
6054656,0.0
6054720,0.0
6055040,0.0
6056048,0.0
6056784,0.0
6058256,0.0
6058448,0.0
6058896,0.0
6060448,0.0
6060576,0.0
6060768,0.0
6060784,0.0
6061104,0.0
6062048,0.0
6062112,0.0
6064240,0.0
6064256,0.0
6065584,0.0
6065936,0.0
6066080,0.0
6066096,0.0
6066848,0.0
6067216,0.0
6067584,0.0
6071760,0.0
6072064,0.0
6072816,0.0
6073696,0.0
6074272,0.0
6076176,0.0
6077440,0.0
6078160,0.0
6079312,0.0
6082288,0.0
6082992,0.0
6083568,0.0
6083728,0.0
6084528,0.0
6084912,0.0
6086080,0.0
6087424,0.0
6087552,0.0
6087792,0.0
6089104,0.0
6089264,0.0
6090368,0.0
6090592,0.0
6091968,0.0
6092448,0.0
6092864,0.0
6093136,0.0
6094032,0.0
6094896,0.0
6097664,0.0
6098736,0.0
6098784,0.0
6098960,0.0
6099232,0.0
6100208,0.0
6100544,0.0
6100624,0.0
6101008,0.0
6102128,0.0
6103072,0.0
6105104,0.0
6105344,0.0
6107600,0.0
6108112,0.0
6109744,0.0
6111552,0.0
6113088,0.0
6114112,0.0
6114272,0.0
6115920,0.0
6116432,0.0
6117760,0.0
6118112,0.0
6119072,0.0
6119152,0.0
6121280,0.0
6121472,0.0
6122816,0.0
6122832,0.0
6123504,0.0
6124448,0.0
6124848,0.0
6125264,0.0
6125872,0.0
6128080,0.0
6128608,0.0
6129200,0.0
6130496,0.0
6130720,0.0
6130864,0.0
6131248,0.0
6132960,0.0
6133248,0.0
6133872,0.0
6134480,0.0
6134592,0.0
6134864,0.0
6136704,0.0
6139136,0.0
6141760,0.0
6141888,0.0
6142416,0.0
6142640,0.0
6142800,0.0
6143248,0.0
6143472,0.0
6148192,0.0
6148608,0.0
6149168,0.0
6149264,0.0
6150496,0.0
6150960,0.0
6151072,0.0
6152512,0.0
6153712,0.0
6154272,0.0
6154544,0.0
6155872,0.0
6156640,0.0
6157104,0.0
6158016,0.0
6160768,0.0
6161952,0.0
6162176,0.0
6162976,0.0
6163504,0.0
6163552,0.0
6164448,0.0
6164912,0.0
6166432,0.0
6166528,0.0
6167280,0.0
6170336,0.0
6170384,0.0
6172320,0.0
6173984,0.0
6174704,0.0
6177264,0.0
6177376,0.0
6178528,0.0
6178640,0.0
6179632,0.0
6180064,0.0
6180192,0.0
6180752,0.0
6182400,0.0
6182928,0.0
6183408,0.0
6183920,0.0
6185216,0.0
6186304,0.0
6186816,0.0
6187136,0.0
6187952,0.0
6189760,0.0
6190400,0.0
6190896,0.0
6191232,0.0
6191840,0.0
6192176,0.0
6193248,0.0
6193840,0.0
6194128,0.0
6194496,0.0
6195664,0.0
6196416,0.0
6196560,0.0
6197680,0.0
6198224,0.0
6199760,0.0
6200592,0.0
6201024,0.0
6202160,0.0
6203472,0.0
6205456,0.0
6205712,0.0
6206048,0.0
6207008,0.0
6208528,0.0
6208960,0.0
6209504,0.0
6209632,0.0
6209808,0.0
6210016,0.0
6210080,0.0
6211520,0.0
6211712,0.0
6212000,0.0
6212368,0.0
6216448,0.0
6217504,0.0
6220368,0.0
6221248,0.0
6223168,0.0
6223392,0.0
6223552,0.0
6223904,0.0
6223920,0.0
6225536,0.0
6227392,0.0
6229616,0.0
6232048,0.0
6232256,0.0
6232672,0.0
6232752,0.0
6233200,0.0
6233808,0.0
6235712,0.0
6235984,0.0
6236192,0.0
6236224,0.0
6237104,0.0
6237904,0.0
6237936,0.0
6238096,0.0
6238272,0.0
6241296,0.0
6242592,0.0
6244944,0.0
6245024,0.0
6245664,0.0
6247920,0.0
6248240,0.0
6248288,0.0
6249056,0.0
6251456,0.0
6252528,0.0
6253280,0.0
6253376,0.0
6255680,0.0
6256912,0.0
6257136,0.0
6257408,0.0
6258064,0.0
6258672,0.0
6259600,0.0
6260240,0.0
6262112,0.0
6262544,0.0
6263952,0.0
6265232,0.0
6265456,0.0
6270000,0.0
6271264,0.0
6271936,0.0
6273456,0.0
6274624,0.0
6274896,0.0
6276128,0.0
6276640,0.0
6277920,0.0
6278272,0.0
6280944,0.0
6281200,0.0
6282800,0.0
6284096,0.0
6284240,0.0
6284368,0.0
6284720,0.0
6286176,0.0
6286688,0.0
6286720,0.0
6287664,0.0
6287728,0.0
6287872,0.0
6288768,0.0
6289024,0.0
6289280,0.0
6289872,0.0
6290256,0.0
6291776,0.0
6291840,0.0
6292528,0.0
6293456,0.0
6295120,0.0
6295440,0.0
6296784,0.0
6297680,0.0
6297856,0.0
6298848,0.0
6298864,0.0
6299920,0.0
6302304,0.0
6304448,0.0
6305392,0.0
6306144,0.0
6306240,0.0
6307456,0.0
6307872,0.0
6308128,0.0
6308192,0.0
6308384,0.0
6308656,0.0
6309408,0.0
6309728,0.0
6311536,0.0
6313712,0.0
6314768,0.0
6314784,0.0
6314816,0.0
6315184,0.0
6315328,0.0
6316048,0.0
6316096,0.0
6317376,0.0
6318624,0.0
6318720,0.0
6319088,0.0
6320096,0.0
6320160,0.0
6320736,0.0
6321152,0.0
6321280,0.0
6321616,0.0
6322080,0.0
6322144,0.0
6322992,0.0
6323984,0.0
6324992,0.0
6325648,0.0
6325968,0.0
6326160,0.0
6326432,0.0
6329024,0.0
6330112,0.0
6330336,0.0
6330944,0.0
6331872,0.0
6332272,0.0
6333232,0.0
6335024,0.0
6335120,0.0
6335568,0.0
6336144,0.0
6336816,0.0
6337488,0.0
6338096,0.0
6340016,0.0
6340512,0.0
6341328,0.0
6342016,0.0
6342432,0.0
6342608,0.0
6342896,0.0
6344576,0.0
6344976,0.0
6345472,0.0
6345728,0.0
6346128,0.0
6347760,0.0
6349472,0.0
6353344,0.0
6354480,0.0
6356304,0.0
6356464,0.0
6356912,0.0
6356992,0.0
6357536,0.0
6358416,0.0
6358704,0.0
6359072,0.0
6359600,0.0
6359680,0.0
6359728,0.0
6359984,0.0
6361008,0.0
6361296,0.0
6361824,0.0
6362320,0.0
6365232,0.0
6365552,0.0
6366144,0.0
6367552,0.0
6367760,0.0
6368544,0.0
6373840,0.0
6374160,0.0
6374192,0.0
6375136,0.0
6375760,0.0
6375840,0.0
6376912,0.0
6379120,0.0
6379696,0.0
6383072,0.0
6384080,0.0
6385040,0.0
6385088,0.0
6386368,0.0
6388432,0.0
6389008,0.0
6389952,0.0
6390080,0.0
6390544,0.0
6391360,0.0
6391776,0.0
6391856,0.0
6392272,0.0
6392752,0.0
6393600,0.0
6393952,0.0
6394960,0.0
6395088,0.0
6396208,0.0
6397680,0.0
6399232,0.0
6400224,0.0
6401712,0.0
6402224,0.0
6402784,0.0
6403040,0.0
6403120,0.0
6403200,0.0
6403488,0.0
6404144,0.0
6406224,0.0
6406656,0.0
6407424,0.0
6407440,0.0
6407920,0.0
6408400,0.0
6408848,0.0
6410032,0.0
6411792,0.0
6414928,0.0
6415600,0.0
6416128,0.0
6416416,0.0
6416784,0.0
6417056,0.0
6419024,0.0
6419824,0.0
6420288,0.0
6421600,0.0
6426000,0.0
6428592,0.0
6429952,0.0
6430000,0.0
6430320,0.0
6431600,0.0
6431824,0.0
6432496,0.0
6432688,0.0
6433600,0.0
6434144,0.0
6434496,0.0
6435232,0.0
6435792,0.0
6436672,0.0
6440528,0.0
6442448,0.0
6443168,0.0
6443456,0.0
6445824,0.0
6445856,0.0
6446976,0.0
6448720,0.0
6449616,0.0
6449840,0.0
6450880,0.0
6451008,0.0
6451408,0.0
6451952,0.0
6453408,0.0
6453728,0.0
6453792,0.0
6453904,0.0
6454128,0.0
6455200,0.0
6455424,0.0
6456256,0.0
6456464,0.0
6459760,0.0
6459888,0.0
6460384,0.0
6460752,0.0
6462576,0.0
6463424,0.0
6465168,0.0
6466064,0.0
6466864,0.0
6467584,0.0
6467984,0.0
6468064,0.0
6469200,0.0
6470240,0.0
6470448,0.0
6470768,0.0
6471504,0.0
6472160,0.0
6475632,0.0
6478976,0.0
6479680,0.0
6480512,0.0
6482304,0.0
6483696,0.0
6483744,0.0
6484160,0.0
6484672,0.0
6485232,0.0
6485296,0.0
6485984,0.0
6486016,0.0
6487760,0.0
6487920,0.0
6488112,0.0
6488144,0.0
6490736,0.0
6490768,0.0
6490832,0.0
6491104,0.0
6491456,0.0
6492336,0.0
6492384,0.0
6493216,0.0
6494016,0.0
6494432,0.0
6497024,0.0
6497968,0.0
6498464,0.0
6499872,0.0
6501424,0.0
6502064,0.0
6503856,0.0
6504368,0.0
6505216,0.0
6505712,0.0
6506224,0.0
6506864,0.0
6507936,0.0
6510592,0.0
6510992,0.0
6511360,0.0
6511488,0.0
6512352,0.0
6513200,0.0
6513424,0.0
6514928,0.0
6516688,0.0
6516864,0.0
6517248,0.0
6517952,0.0
6518032,0.0
6518336,0.0
6518352,0.0
6518816,0.0
6518896,0.0
6518912,0.0
6519824,0.0
6520112,0.0
6520304,0.0
6520336,0.0
6522016,0.0
6522032,0.0
6522416,0.0
6523328,0.0
6523344,0.0
6524352,0.0
6525040,0.0
6525120,0.0
6525376,0.0
6525776,0.0
6526048,0.0
6526176,0.0
6526288,0.0
6526944,0.0
6527392,0.0
6528160,0.0
6528272,0.0
6530528,0.0
6531872,0.0
6532496,0.0
6532720,0.0
6533024,0.0
6533120,0.0
6533408,0.0
6533568,0.0
6534096,0.0
6534144,0.0
6534512,0.0
6536224,0.0
6538432,0.0
6540048,0.0
6540256,0.0
6540560,0.0
6541552,0.0
6542384,0.0
6542464,0.0
6542992,0.0
6546560,0.0
6546688,0.0
6547632,0.0
6549776,0.0
6550096,0.0
6550272,0.0
6550384,0.0
6551344,0.0
6554512,0.0
6555056,0.0
6558000,0.0
6559216,0.0
6559808,0.0
6560208,0.0
6560400,0.0
6563872,0.0
6564256,0.0
6564704,0.0
6566208,0.0
6566688,0.0
6568064,0.0
6569040,0.0
6569936,0.0
6571248,0.0
6571408,0.0
6572400,0.0
6572432,0.0
6573360,0.0
6574560,0.0
6574752,0.0
6577088,0.0
6577552,0.0
6578224,0.0
6578624,0.0
6578880,0.0
6578944,0.0
6579200,0.0
6579280,0.0
6580448,0.0
6581824,0.0
6582592,0.0
6586256,0.0
6587120,0.0
6587312,0.0
6589616,0.0
6590432,0.0
6591360,0.0
6592192,0.0
6592448,0.0
6594768,0.0
6595168,0.0
6595888,0.0
6596864,0.0
6597088,0.0
6598256,0.0
6600416,0.0
6600768,0.0
6601392,0.0
6602320,0.0
6602432,0.0
6602560,0.0
6602672,0.0
6602784,0.0
6603184,0.0
6603696,0.0
6608016,0.0
6608160,0.0
6609296,0.0
6610832,0.0
6611088,0.0
6611936,0.0
6612384,0.0
6612480,0.0
6613200,0.0
6613648,0.0
6613792,0.0
6614032,0.0
6614624,0.0
6614864,0.0
6616288,0.0
6616768,0.0
6617216,0.0
6617712,0.0
6617872,0.0
6618768,0.0
6619200,0.0
6619680,0.0
6619952,0.0
6621248,0.0
6621696,0.0
6623504,0.0
6623680,0.0
6623712,0.0
6624128,0.0
6625264,0.0
6625312,0.0
6627104,0.0
6630192,0.0
6630256,0.0
6631408,0.0
6631712,0.0
6633840,0.0
6634688,0.0
6636576,0.0
6637136,0.0
6637296,0.0
6637808,0.0
6638176,0.0
6638624,0.0
6638768,0.0
6638880,0.0
6639984,0.0
6640592,0.0
6641184,0.0
6641456,0.0
6642016,0.0
6643136,0.0
6644976,0.0
6645216,0.0
6646112,0.0
6647200,0.0
6647872,0.0
6648368,0.0
6649744,0.0
6649792,0.0
6650528,0.0
6650784,0.0
6652848,0.0
6654272,0.0
6654464,0.0
6655408,0.0
6656992,0.0
6657344,0.0
6657472,0.0
6658160,0.0
6658352,0.0
6658752,0.0
6659664,0.0
6660912,0.0
6661248,0.0
6661440,0.0
6662848,0.0
6662912,0.0
6664816,0.0
6665008,0.0
6665168,0.0
6665328,0.0
6665360,0.0
6665408,0.0
6666144,0.0
6666288,0.0
6666464,0.0
6666800,0.0
6667120,0.0
6667472,0.0
6667936,0.0
6668064,0.0
6668112,0.0
6668640,0.0
6669376,0.0
6671792,0.0
6671856,0.0
6673440,0.0
6674592,0.0
6675168,0.0
6676688,0.0
6676800,0.0
6677248,0.0
6681440,0.0
6682128,0.0
6683360,0.0
6683632,0.0
6684576,0.0
6686160,0.0
6686512,0.0
6687504,0.0
6688240,0.0
6689648,0.0
6689664,0.0
6691328,0.0
6692272,0.0
6693280,0.0
6693776,0.0
6694128,0.0
6694496,0.0
6695696,0.0
6696304,0.0
6696368,0.0
6696800,0.0
6697040,0.0
6697504,0.0
6697712,0.0
6699120,0.0
6699440,0.0
6699488,0.0
6700144,0.0
6701424,0.0
6702224,0.0
6702496,0.0
6703056,0.0
6703072,0.0
6704832,0.0
6705968,0.0
6706048,0.0
6706352,0.0
6707376,0.0
6708304,0.0
6708352,0.0
6709328,0.0
6709632,0.0
6711632,0.0
6711776,0.0
6711920,0.0
6714336,0.0
6714608,0.0
6714672,0.0
6715936,0.0
6717456,0.0
6717664,0.0
6717728,0.0
6718912,0.0
6719184,0.0
6720672,0.0
6721168,0.0
6723104,0.0
6725472,0.0
6726128,0.0
6726176,0.0
6726384,0.0
6728144,0.0
6728352,0.0
6728400,0.0
6728992,0.0
6731328,0.0
6732320,0.0
6732688,0.0
6733088,0.0
6733328,0.0
6733904,0.0
6735344,0.0
6735664,0.0
6736464,0.0
6738480,0.0
6740048,0.0
6741024,0.0
6741392,0.0
6741472,0.0
6741728,0.0
6741840,0.0
6742176,0.0
6742912,0.0
6744240,0.0
6746176,0.0
6746320,0.0
6746544,0.0
6746608,0.0
6746800,0.0
6747248,0.0
6747600,0.0
6747808,0.0
6747952,0.0
6748752,0.0
6748912,0.0
6749264,0.0
6751616,0.0
6756528,0.0
6757168,0.0
6757280,0.0
6759280,0.0
6760640,0.0
6760976,0.0
6763088,0.0
6763600,0.0
6765264,0.0
6766992,0.0
6767056,0.0
6767408,0.0
6767776,0.0
6770064,0.0
6771488,0.0
6773392,0.0
6774256,0.0
6775392,0.0
6776000,0.0
6776816,0.0
6777520,0.0
6778048,0.0
6778512,0.0
6778784,0.0
6779760,0.0
6780048,0.0
6780928,0.0
6783504,0.0
6784608,0.0
6786016,0.0
6786048,0.0
6786544,0.0
6786976,0.0
6789072,0.0
6790224,0.0
6790896,0.0
6791536,0.0
6791840,0.0
6793024,0.0
6793136,0.0
6794784,0.0
6794960,0.0
6796112,0.0
6796640,0.0
6797904,0.0
6800288,0.0
6801888,0.0
6803520,0.0
6803664,0.0
6804896,0.0
6805008,0.0
6805632,0.0
6806672,0.0
6807424,0.0
6808432,0.0
6808480,0.0
6808832,0.0
6809184,0.0
6809936,0.0
6811104,0.0
6811120,0.0
6811536,0.0
6811696,0.0
6813456,0.0
6814400,0.0
6814656,0.0
6814832,0.0
6815056,0.0
6818992,0.0
6819360,0.0
6819488,0.0
6820208,0.0
6820656,0.0
6822096,0.0
6822384,0.0
6823936,0.0
6826432,0.0
6827104,0.0
6830848,0.0
6833824,0.0
6836080,0.0
6836656,0.0
6837808,0.0
6839424,0.0
6839888,0.0
6840736,0.0
6840784,0.0
6841248,0.0
6842416,0.0
6844288,0.0
6844464,0.0
6845216,0.0
6846736,0.0
6846880,0.0
6847488,0.0
6847760,0.0
6848480,0.0
6849184,0.0
6849296,0.0
6850560,0.0
6851024,0.0
6852240,0.0
6852448,0.0
6852992,0.0
6854112,0.0
6854896,0.0
6856080,0.0
6856752,0.0
6857168,0.0
6857856,0.0
6858960,0.0
6859184,0.0
6859552,0.0
6859664,0.0
6860688,0.0
6861664,0.0
6863296,0.0
6864032,0.0
6865760,0.0
6868288,0.0
6869376,0.0
6869776,0.0
6869904,0.0
6871200,0.0
6871696,0.0
6871744,0.0
6872176,0.0
6872464,0.0
6872480,0.0
6872960,0.0
6875104,0.0
6876032,0.0
6876176,0.0
6877040,0.0
6877216,0.0
6877264,0.0
6877648,0.0
6877808,0.0
6879392,0.0
6881872,0.0
6882272,0.0
6882592,0.0
6882672,0.0
6883952,0.0
6884704,0.0
6885440,0.0
6887392,0.0
6887456,0.0
6888848,0.0
6889280,0.0
6891248,0.0
6892288,0.0
6892368,0.0
6892464,0.0
6892848,0.0
6893360,0.0
6893488,0.0
6893632,0.0
6893648,0.0
6893696,0.0
6893872,0.0
6893904,0.0
6894464,0.0
6894864,0.0
6895264,0.0
6895392,0.0
6895776,0.0
6895968,0.0
6898160,0.0
6898752,0.0
6899456,0.0
6899552,0.0
6899664,0.0
6900144,0.0
6901040,0.0
6901344,0.0
6901424,0.0
6903168,0.0
6903456,0.0
6903568,0.0
6903680,0.0
6904016,0.0
6904048,0.0
6904560,0.0
6905904,0.0
6906352,0.0
6906688,0.0
6907056,0.0
6908752,0.0
6909664,0.0
6913792,0.0
6915600,0.0
6916032,0.0
6916176,0.0
6916752,0.0
6917008,0.0
6918064,0.0
6919104,0.0
6919184,0.0
6919216,0.0
6919632,0.0
6919664,0.0
6920016,0.0
6920224,0.0
6921712,0.0
6922832,0.0
6923216,0.0
6923328,0.0
6923600,0.0
6924096,0.0
6924496,0.0
6925056,0.0
6925520,0.0
6925712,0.0
6926208,0.0
6927184,0.0
6927824,0.0
6928016,0.0
6928288,0.0
6928784,0.0
6929712,0.0
6930448,0.0
6930672,0.0
6931104,0.0
6931744,0.0
6932192,0.0
6932272,0.0
6932624,0.0
6935312,0.0
6935616,0.0
6936096,0.0
6936320,0.0
6937696,0.0
6938896,0.0
6939328,0.0
6939632,0.0
6940352,0.0
6941936,0.0
6942656,0.0
6943104,0.0
6943984,0.0
6945856,0.0
6946672,0.0
6947072,0.0
6948096,0.0
6949552,0.0
6950656,0.0
6950864,0.0
6951232,0.0
6951680,0.0
6951824,0.0
6952784,0.0
6953088,0.0
6953664,0.0
6957152,0.0
6957872,0.0
6957904,0.0
6958720,0.0
6959120,0.0
6960848,0.0
6962432,0.0
6964816,0.0
6965552,0.0
6966224,0.0
6967824,0.0
6969568,0.0
6969792,0.0
6969888,0.0
6970752,0.0
6970976,0.0
6971888,0.0
6973456,0.0
6973840,0.0
6973904,0.0
6973984,0.0
6974208,0.0
6974320,0.0
6976192,0.0
6977040,0.0
6979376,0.0
6980416,0.0
6981536,0.0
6981936,0.0
6982208,0.0
6982368,0.0
6982880,0.0
6983008,0.0
6983072,0.0
6983264,0.0
6983520,0.0
6983584,0.0
6985840,0.0
6986352,0.0
6988352,0.0
6988816,0.0
6988896,0.0
6989936,0.0
6990112,0.0
6990128,0.0
6990272,0.0
6991376,0.0
6994624,0.0
6996928,0.0
6997712,0.0
6998128,0.0
6999120,0.0
6999392,0.0
7000176,0.0
7001072,0.0
7002048,0.0
7003280,0.0
7003568,0.0
7004624,0.0
7005088,0.0
7005248,0.0
7006128,0.0
7006224,0.0
7006976,0.0
7007776,0.0
7009184,0.0
7009584,0.0
7009744,0.0
7010224,0.0
7012672,0.0
7012784,0.0
7012864,0.0
7014336,0.0
7014768,0.0
7017632,0.0
7019408,0.0
7019472,0.0
7019664,0.0
7020880,0.0
7021376,0.0
7022096,0.0
7023168,0.0
7023808,0.0
7023872,0.0
7025616,0.0
7026976,0.0
7027040,0.0
7029040,0.0
7030848,0.0
7031024,0.0
7032192,0.0
7032352,0.0
7032512,0.0
7032656,0.0
7033184,0.0
7033472,0.0
7034960,0.0
7035168,0.0
7035568,0.0
7036384,0.0
7037520,0.0
7039872,0.0
7040208,0.0
7041168,0.0
7042016,0.0
7042352,0.0
7044880,0.0
7045680,0.0
7047696,0.0
7048096,0.0
7048800,0.0
7049440,0.0
7049760,0.0
7050608,0.0
7050656,0.0
7051776,0.0
7053232,0.0
7054352,0.0
7055216,0.0
7057680,0.0
7058720,0.0
7059568,0.0
7060224,0.0
7060576,0.0
7060672,0.0
7061888,0.0
7062272,0.0
7062832,0.0
7062928,0.0
7063120,0.0
7063488,0.0
7065088,0.0
7065328,0.0
7066320,0.0
7066672,0.0
7066880,0.0
7067056,0.0
7067200,0.0
7067456,0.0
7069280,0.0
7070352,0.0
7071968,0.0
7073024,0.0
7074000,0.0
7074576,0.0
7074976,0.0
7077072,0.0
7077536,0.0
7077552,0.0
7077568,0.0
7077936,0.0
7078064,0.0
7078272,0.0
7078880,0.0
7079552,0.0
7079696,0.0
7080400,0.0
7080864,0.0
7081600,0.0
7084128,0.0
7085024,0.0
7085456,0.0
7086320,0.0
7086960,0.0
7089360,0.0
7089552,0.0
7092784,0.0
7093920,0.0
7094080,0.0
7094720,0.0
7095120,0.0
7096848,0.0
7097456,0.0
7098160,0.0
7098560,0.0
7099456,0.0
7100576,0.0
7100608,0.0
7104016,0.0
7104192,0.0
7106128,0.0
7106752,0.0
7108448,0.0
7108544,0.0
7109328,0.0
7109424,0.0
7109760,0.0
7109840,0.0
7111328,0.0
7111376,0.0
7113824,0.0
7114176,0.0
7114464,0.0
7114832,0.0
7115296,0.0
7115568,0.0
7115920,0.0
7116032,0.0
7116784,0.0
7117280,0.0
7117552,0.0
7117856,0.0
7118080,0.0
7120736,0.0
7122480,0.0
7122992,0.0
7123152,0.0
7123264,0.0
7123344,0.0
7124096,0.0
7126224,0.0
7127760,0.0
7127792,0.0
7128400,0.0
7128896,0.0
7129360,0.0
7129712,0.0
7131248,0.0
7131264,0.0
7132192,0.0
7134544,0.0
7135696,0.0
7136144,0.0
7136288,0.0
7136880,0.0
7137120,0.0
7137312,0.0
7138608,0.0
7138800,0.0
7138960,0.0
7139264,0.0
7139536,0.0
7139984,0.0
7140272,0.0
7140992,0.0
7141152,0.0
7144016,0.0
7145824,0.0
7146096,0.0
7147760,0.0
7148576,0.0
7149424,0.0
7151200,0.0
7151824,0.0
7153424,0.0
7153680,0.0
7155280,0.0
7155904,0.0
7156832,0.0
7157392,0.0
7157504,0.0
7157616,0.0
7158128,0.0
7159360,0.0
7159728,0.0
7160176,0.0
7160256,0.0
7160480,0.0
7161808,0.0
7162608,0.0
7163152,0.0
7163936,0.0
7168896,0.0
7170768,0.0
7171856,0.0
7171888,0.0
7172304,0.0
7173136,0.0
7174448,0.0
7174496,0.0
7174592,0.0
7175536,0.0
7177296,0.0
7178768,0.0
7179232,0.0
7180944,0.0
7181232,0.0
7183088,0.0
7183760,0.0
7184736,0.0
7190368,0.0
7191744,0.0
7192080,0.0
7192944,0.0
7194160,0.0
7195120,0.0
7196272,0.0
7198672,0.0
7200608,0.0
7200688,0.0
7201728,0.0
7201824,0.0
7203024,0.0
7208288,0.0
7209440,0.0
7211072,0.0
7211184,0.0
7211296,0.0
7212352,0.0
7214208,0.0
7216224,0.0
7216384,0.0
7216480,0.0
7216864,0.0
7216912,0.0
7217456,0.0
7219008,0.0
7219040,0.0
7219712,0.0
7219776,0.0
7220160,0.0
7221040,0.0
7221120,0.0
7222256,0.0
7222864,0.0
7223664,0.0
7224096,0.0
7224576,0.0
7225696,0.0
7225984,0.0
7226960,0.0
7227488,0.0
7228064,0.0
7228288,0.0
7229552,0.0
7230704,0.0
7232496,0.0
7232592,0.0
7233472,0.0
7235168,0.0
7236288,0.0
7237472,0.0
7237488,0.0
7237680,0.0
7238016,0.0
7238880,0.0
7239520,0.0
7240256,0.0
7240384,0.0
7241376,0.0
7242176,0.0
7242336,0.0
7245440,0.0
7245808,0.0
7245952,0.0
7246944,0.0
7248832,0.0
7250016,0.0
7250128,0.0
7250848,0.0
7251200,0.0
7252912,0.0
7253280,0.0
7253312,0.0
7253424,0.0
7253840,0.0
7255392,0.0
7255648,0.0
7255968,0.0
7256176,0.0
7257216,0.0
7257600,0.0
7257840,0.0
7258720,0.0
7259488,0.0
7262480,0.0
7262864,0.0
7263200,0.0
7263520,0.0
7263824,0.0
7263888,0.0
7264240,0.0
7264576,0.0
7264800,0.0
7265504,0.0
7266336,0.0
7266752,0.0
7268000,0.0
7268192,0.0
7268912,0.0
7269568,0.0
7269680,0.0
7270320,0.0
7270352,0.0
7270512,0.0
7276208,0.0
7277648,0.0
7278176,0.0
7278224,0.0
7279152,0.0
7279296,0.0
7280768,0.0
7282352,0.0
7282480,0.0
7282688,0.0
7282928,0.0
7283216,0.0
7284960,0.0
7285328,0.0
7285712,0.0
7286320,0.0
7287200,0.0
7289104,0.0
7289664,0.0
7289920,0.0
7289952,0.0
7290544,0.0
7291376,0.0
7291424,0.0
7294400,0.0
7295408,0.0
7296976,0.0
7296992,0.0
7297072,0.0
7297504,0.0
7298208,0.0
7298240,0.0
7298656,0.0
7299776,0.0
7300240,0.0
7303472,0.0
7303616,0.0
7303664,0.0
7305104,0.0
7305184,0.0
7305456,0.0
7307136,0.0
7307552,0.0
7308000,0.0
7308128,0.0
7308336,0.0
7308816,0.0
7309104,0.0
7310752,0.0
7310896,0.0
7312592,0.0
7312816,0.0
7316032,0.0
7316480,0.0
7318624,0.0
7319536,0.0
7322992,0.0
7324944,0.0
7327440,0.0
7328064,0.0
7329616,0.0
7330704,0.0
7332512,0.0
7332656,0.0
7334736,0.0
7334784,0.0
7335776,0.0
7336608,0.0
7338416,0.0
7339392,0.0
7340656,0.0
7341328,0.0
7342384,0.0
7342656,0.0
7343328,0.0
7344912,0.0
7346720,0.0
7347024,0.0
7347088,0.0
7347104,0.0
7348064,0.0
7348912,0.0
7349344,0.0
7351008,0.0
7352880,0.0
7353632,0.0
7353696,0.0
7355312,0.0
7356608,0.0
7357632,0.0
7357952,0.0
7358000,0.0
7358672,0.0
7358720,0.0
7358976,0.0
7359040,0.0
7361936,0.0
7362080,0.0
7362144,0.0
7362432,0.0
7362512,0.0
7364384,0.0
7366112,0.0
7366256,0.0
7366544,0.0
7366656,0.0
7366864,0.0
7367920,0.0
7368768,0.0
7368960,0.0
7369280,0.0
7370208,0.0
7371184,0.0
7371552,0.0
7372992,0.0
7373312,0.0
7374976,0.0
7375440,0.0
7375504,0.0
7376352,0.0
7376400,0.0
7376928,0.0
7377072,0.0
7380368,0.0
7381264,0.0
7381408,0.0
7381792,0.0
7382128,0.0
7385184,0.0
7385248,0.0
7385424,0.0
7385632,0.0
7386144,0.0
7386704,0.0
7387296,0.0
7387504,0.0
7388400,0.0
7389168,0.0
7389504,0.0
7391056,0.0
7391104,0.0
7391280,0.0
7391488,0.0
7391584,0.0
7392016,0.0
7393936,0.0
7395584,0.0
7398960,0.0
7399248,0.0
7399648,0.0
7400336,0.0
7401056,0.0
7401360,0.0
7401984,0.0
7402688,0.0
7405472,0.0
7405872,0.0
7406048,0.0
7406928,0.0
7407296,0.0
7408288,0.0
7408640,0.0
7409856,0.0
7411312,0.0
7414592,0.0
7414720,0.0
7415296,0.0
7415920,0.0
7416640,0.0
7416672,0.0
7416832,0.0
7417456,0.0
7419312,0.0
7420512,0.0
7420864,0.0
7421264,0.0
7422080,0.0
7422976,0.0
7423344,0.0
7425568,0.0
7426112,0.0
7426448,0.0
7426896,0.0
7428192,0.0
7428720,0.0
7430688,0.0
7431376,0.0
7431680,0.0
7431840,0.0
7432288,0.0
7433184,0.0
7433280,0.0
7433680,0.0
7433776,0.0
7433920,0.0
7434336,0.0
7434720,0.0
7437152,0.0
7437376,0.0
7437568,0.0
7439840,0.0
7440416,0.0
7443184,0.0
7443440,0.0
7443760,0.0
7443952,0.0
7444432,0.0
7444752,0.0
7445888,0.0
7447728,0.0
7448432,0.0
7448528,0.0
7448784,0.0
7448880,0.0
7449008,0.0
7449360,0.0
7450256,0.0
7450320,0.0
7451536,0.0
7453040,0.0
7454112,0.0
7454144,0.0
7454624,0.0
7454896,0.0
7455024,0.0
7456576,0.0
7456960,0.0
7457376,0.0
7460848,0.0
7461280,0.0
7462224,0.0
7463120,0.0
7464096,0.0
7464576,0.0
7464656,0.0
7465504,0.0
7467008,0.0
7467248,0.0
7467600,0.0
7468320,0.0
7469952,0.0
7471024,0.0
7472592,0.0
7472832,0.0
7473712,0.0
7475328,0.0
7475520,0.0
7475856,0.0
7476352,0.0
7476608,0.0
7476752,0.0
7477200,0.0
7477600,0.0
7479712,0.0
7480608,0.0
7482784,0.0
7483392,0.0
7483984,0.0
7484688,0.0
7487200,0.0
7489088,0.0
7492416,0.0
7492480,0.0
7492896,0.0
7493408,0.0
7494112,0.0
7495040,0.0
7495696,0.0
7495952,0.0
7496416,0.0
7497024,0.0
7497312,0.0
7497600,0.0
7498768,0.0
7500208,0.0
7501728,0.0
7502064,0.0
7502880,0.0
7505088,0.0
7507072,0.0
7508384,0.0
7509984,0.0
7511248,0.0
7511280,0.0
7511680,0.0
7512752,0.0
7513728,0.0
7514448,0.0
7515008,0.0
7515120,0.0
7515248,0.0
7515264,0.0
7515296,0.0
7515360,0.0
7516016,0.0
7516752,0.0
7516832,0.0
7517680,0.0
7518240,0.0
7518624,0.0
7520096,0.0
7523376,0.0
7523424,0.0
7523792,0.0
7524272,0.0
7524544,0.0
7525296,0.0
7526512,0.0
7526656,0.0
7529072,0.0
7529168,0.0
7529296,0.0
7532928,0.0
7533024,0.0
7533440,0.0
7534080,0.0
7534096,0.0
7534512,0.0
7534752,0.0
7535808,0.0
7535888,0.0
7542288,0.0
7543824,0.0
7544768,0.0
7545024,0.0
7545296,0.0
7546160,0.0
7546448,0.0
7547360,0.0
7548336,0.0
7548480,0.0
7548608,0.0
7550112,0.0
7550576,0.0
7551440,0.0
7552144,0.0
7553248,0.0
7553504,0.0
7553616,0.0
7554608,0.0
7554848,0.0
7555552,0.0
7557392,0.0
7560976,0.0
7563344,0.0
7563392,0.0
7565840,0.0
7565920,0.0
7566464,0.0
7566624,0.0
7567776,0.0
7567904,0.0
7568832,0.0
7569552,0.0
7570624,0.0
7570880,0.0
7572272,0.0
7572800,0.0
7573216,0.0
7574400,0.0
7575200,0.0
7575536,0.0
7575728,0.0
7576176,0.0
7577392,0.0
7578640,0.0
7579312,0.0
7582416,0.0
7583456,0.0
7585680,0.0
7586816,0.0
7589408,0.0
7589776,0.0
7590720,0.0
7592256,0.0
7594176,0.0
7595136,0.0
7595312,0.0
7596912,0.0
7596976,0.0
7597008,0.0
7597392,0.0
7597792,0.0
7597920,0.0
7598064,0.0
7598688,0.0
7598816,0.0
7599072,0.0
7599824,0.0
7600016,0.0
7600112,0.0
7600176,0.0
7600496,0.0
7600768,0.0
7601920,0.0
7602000,0.0
7602448,0.0
7602768,0.0
7603280,0.0
7603584,0.0
7605920,0.0
7606752,0.0
7607056,0.0
7608080,0.0
7608512,0.0
7608816,0.0
7609152,0.0
7610304,0.0
7611824,0.0
7612512,0.0
7613024,0.0
7613120,0.0
7614768,0.0
7617856,0.0
7619104,0.0
7622592,0.0
7623088,0.0
7623360,0.0
7623952,0.0
7625056,0.0
7626928,0.0
7627104,0.0
7627360,0.0
7628432,0.0
7628512,0.0
7630704,0.0
7631664,0.0
7632816,0.0
7635680,0.0
7637168,0.0
7639040,0.0
7641184,0.0
7642288,0.0
7642848,0.0
7647472,0.0
7647536,0.0
7649232,0.0
7649536,0.0
7650816,0.0
7651440,0.0
7651632,0.0
7651648,0.0
7652080,0.0
7656080,0.0
7656288,0.0
7657056,0.0
7657088,0.0
7657120,0.0
7657984,0.0
7658800,0.0
7659024,0.0
7660272,0.0
7660576,0.0
7661712,0.0
7662960,0.0
7663456,0.0
7663888,0.0
7664672,0.0
7665952,0.0
7666192,0.0
7666704,0.0
7668288,0.0
7670992,0.0
7672128,0.0
7672288,0.0
7672320,0.0
7673152,0.0
7673184,0.0
7673360,0.0
7675488,0.0
7676704,0.0
7676768,0.0
7677680,0.0
7678544,0.0
7678704,0.0
7682272,0.0
7682736,0.0
7683472,0.0
7683552,0.0
7684544,0.0
7685904,0.0
7686240,0.0
7686336,0.0
7686560,0.0
7687136,0.0
7688480,0.0
7689648,0.0
7689984,0.0
7690320,0.0
7690592,0.0
7690960,0.0
7692000,0.0
7693408,0.0
7694048,0.0
7695168,0.0
7695392,0.0
7695744,0.0
7696368,0.0
7696928,0.0
7697120,0.0
7699344,0.0
7702320,0.0
7702560,0.0
7703104,0.0
7704192,0.0
7704224,0.0
7704240,0.0
7704416,0.0
7704608,0.0
7707616,0.0
7709712,0.0
7710896,0.0
7711424,0.0
7711920,0.0
7712224,0.0
7712432,0.0
7712608,0.0
7714000,0.0
7715360,0.0
7715456,0.0
7716432,0.0
7716688,0.0
7716768,0.0
7717904,0.0
7718992,0.0
7719616,0.0
7719776,0.0
7719808,0.0
7720064,0.0
7720272,0.0
7720864,0.0
7722400,0.0
7722752,0.0
7723280,0.0
7723296,0.0
7725120,0.0
7726928,0.0
7729488,0.0
7730400,0.0
7730784,0.0
7731040,0.0
7732016,0.0
7732144,0.0
7732368,0.0
7732544,0.0
7732960,0.0
7735664,0.0
7740944,0.0
7740976,0.0
7741536,0.0
7742832,0.0
7743504,0.0
7743664,0.0
7744320,0.0
7744688,0.0
7744704,0.0
7745280,0.0
7745664,0.0
7748496,0.0
7751024,0.0
7751584,0.0
7751664,0.0
7752496,0.0
7753056,0.0
7754032,0.0
7754992,0.0
7756592,0.0
7757440,0.0
7757488,0.0
7758352,0.0
7759616,0.0
7759952,0.0
7760144,0.0
7760304,0.0
7761632,0.0
7761984,0.0
7763296,0.0
7764048,0.0
7764320,0.0
7765120,0.0
7765344,0.0
7765504,0.0
7766400,0.0
7768112,0.0
7768848,0.0
7769072,0.0
7769440,0.0
7769632,0.0
7770800,0.0
7771328,0.0
7773200,0.0
7774208,0.0
7774256,0.0
7774352,0.0
7774768,0.0
7777024,0.0
7778656,0.0
7780400,0.0
7780688,0.0
7780848,0.0
7780992,0.0
7783872,0.0
7784480,0.0
7786560,0.0
7787856,0.0
7788400,0.0
7788496,0.0
7790144,0.0
7790160,0.0
7790672,0.0
7793056,0.0
7796320,0.0
7796704,0.0
7798752,0.0
7799296,0.0
7799920,0.0
7800448,0.0
7801072,0.0
7801408,0.0
7801648,0.0
7802240,0.0
7803040,0.0
7803392,0.0
7804432,0.0
7804720,0.0
7805280,0.0
7805536,0.0
7807440,0.0
7807552,0.0
7808768,0.0
7810608,0.0
7811264,0.0
7811440,0.0
7814624,0.0
7815280,0.0
7816160,0.0
7816848,0.0
7817600,0.0
7818336,0.0
7818752,0.0
7820112,0.0
7821488,0.0
7821616,0.0
7821808,0.0
7822128,0.0
7822160,0.0
7822384,0.0
7822640,0.0
7823040,0.0
7824240,0.0
7824320,0.0
7825088,0.0
7825744,0.0
7826240,0.0
7826288,0.0
7826320,0.0
7829664,0.0
7829840,0.0
7830000,0.0
7830128,0.0
7830944,0.0
7831536,0.0
7831648,0.0
7831744,0.0
7832576,0.0
7834288,0.0
7834320,0.0
7834976,0.0
7835904,0.0
7836624,0.0
7836640,0.0
7836960,0.0
7837264,0.0
7837440,0.0
7837760,0.0
7838640,0.0
7839424,0.0
7841040,0.0
7841760,0.0
7841920,0.0
7842128,0.0
7843536,0.0
7844944,0.0
7845248,0.0
7845840,0.0
7846160,0.0
7848080,0.0
7848240,0.0
7848640,0.0
7849440,0.0
7850944,0.0
7852368,0.0
7853296,0.0
7854688,0.0
7855744,0.0
7856048,0.0
7856368,0.0
7856768,0.0
7857984,0.0
7858128,0.0
7858544,0.0
7858816,0.0
7858880,0.0
7860336,0.0
7860560,0.0
7860864,0.0
7861344,0.0
7861360,0.0
7861984,0.0
7862864,0.0
7862928,0.0
7863424,0.0
7864080,0.0
7864928,0.0
7865248,0.0
7865312,0.0
7865568,0.0
7866624,0.0
7866640,0.0
7867216,0.0
7867664,0.0
7867712,0.0
7868144,0.0
7868160,0.0
7869872,0.0
7870656,0.0
7871952,0.0
7872528,0.0
7873888,0.0
7873936,0.0
7874128,0.0
7878256,0.0
7879424,0.0
7880016,0.0
7880272,0.0
7880464,0.0
7880880,0.0
7880928,0.0
7882176,0.0
7883312,0.0
7883648,0.0
7883888,0.0
7888352,0.0
7888736,0.0
7890880,0.0
7891408,0.0
7891648,0.0
7893232,0.0
7893568,0.0
7894832,0.0
7895984,0.0
7896096,0.0
7897680,0.0
7897776,0.0
7898432,0.0
7898656,0.0
7899952,0.0
7900688,0.0
7903376,0.0
7903408,0.0
7904000,0.0
7904336,0.0
7904720,0.0
7904816,0.0
7905168,0.0
7905520,0.0
7905872,0.0
7906544,0.0
7907008,0.0
7907040,0.0
7907536,0.0
7907872,0.0
7908528,0.0
7908592,0.0
7910352,0.0
7910544,0.0
7912064,0.0
7913696,0.0
7914784,0.0
7915136,0.0
7916016,0.0
7916080,0.0
7916176,0.0
7916672,0.0
7918992,0.0
7919328,0.0
7920448,0.0
7921552,0.0
7924688,0.0
7926464,0.0
7929488,0.0
7931856,0.0
7932640,0.0
7933296,0.0
7933776,0.0
7934480,0.0
7934992,0.0
7935456,0.0
7935536,0.0
7936656,0.0
7937472,0.0
7940656,0.0
7940720,0.0
7941184,0.0
7941200,0.0
7941296,0.0
7942944,0.0
7943584,0.0
7945536,0.0
7945888,0.0
7947360,0.0
7949424,0.0
7950416,0.0
7951056,0.0
7953824,0.0
7954704,0.0
7954736,0.0
7955296,0.0
7955776,0.0
7956032,0.0
7956224,0.0
7956592,0.0
7956880,0.0
7957616,0.0
7958176,0.0
7958640,0.0
7959008,0.0
7959424,0.0
7959520,0.0
7960480,0.0
7960992,0.0
7962512,0.0
7963568,0.0
7963984,0.0
7965312,0.0
7965328,0.0
7965472,0.0
7966208,0.0
7966672,0.0
7966816,0.0
7969024,0.0
7971360,0.0
7971440,0.0
7972272,0.0
7972592,0.0
7973232,0.0
7973280,0.0
7975008,0.0
7975232,0.0
7975744,0.0
7976320,0.0
7977344,0.0
7977520,0.0
7978976,0.0
7979216,0.0
7979952,0.0
7980512,0.0
7981488,0.0
7982208,0.0
7982528,0.0
7982864,0.0
7983792,0.0
7984080,0.0
7984944,0.0
7985904,0.0
7986176,0.0
7986192,0.0
7987312,0.0
7988896,0.0
7989536,0.0
7989776,0.0
7990112,0.0
7990144,0.0
7990160,0.0
7990896,0.0
7991248,0.0
7992880,0.0
7993072,0.0
7993872,0.0
7994896,0.0
7996336,0.0
7997552,0.0
7997840,0.0
7998080,0.0
7998672,0.0
7999808,0.0
8000080,0.0
8000992,0.0
8001136,0.0
8001152,0.0
8001200,0.0
8004512,0.0
8005520,0.0
8006832,0.0
8007024,0.0
8008096,0.0
8009776,0.0
8009840,0.0
8010064,0.0
8010528,0.0
8011472,0.0
8012560,0.0
8013152,0.0
8014944,0.0
8015152,0.0
8016464,0.0
8018400,0.0
8018816,0.0
8018864,0.0
8019600,0.0
8019696,0.0
8020192,0.0
8020496,0.0
8020704,0.0
8021840,0.0
8022736,0.0
8022880,0.0
8023072,0.0
8023408,0.0
8023520,0.0
8023760,0.0
8024304,0.0
8025632,0.0
8026080,0.0
8026208,0.0
8027344,0.0
8027728,0.0
8027952,0.0
8028016,0.0
8028768,0.0
8029952,0.0
8031728,0.0
8032320,0.0
8032704,0.0
8033328,0.0
8033536,0.0
8033744,0.0
8034784,0.0
8036800,0.0
8037312,0.0
8039216,0.0
8039584,0.0
8039632,0.0
8040688,0.0
8040992,0.0
8041072,0.0
8041232,0.0
8042448,0.0
8042880,0.0
8042960,0.0
8043232,0.0
8043680,0.0
8044608,0.0
8045248,0.0
8045264,0.0
8046096,0.0
8046144,0.0
8047184,0.0
8047648,0.0
8048400,0.0
8049264,0.0
8051232,0.0
8051632,0.0
8053680,0.0
8053840,0.0
8056624,0.0
8056976,0.0
8057776,0.0
8059008,0.0
8059264,0.0
8059312,0.0
8063280,0.0
8065040,0.0
8065264,0.0
8066576,0.0
8067328,0.0
8068320,0.0
8068352,0.0
8068880,0.0
8068976,0.0
8069424,0.0
8070768,0.0
8071088,0.0
8071648,0.0
8072000,0.0
8072608,0.0
8072672,0.0
8073744,0.0
8073888,0.0
8073936,0.0
8074064,0.0
8074576,0.0
8074592,0.0
8074944,0.0
8076000,0.0
8076832,0.0
8077392,0.0
8078128,0.0
8079040,0.0
8079216,0.0
8080320,0.0
8080704,0.0
8080768,0.0
8081104,0.0
8081232,0.0
8082896,0.0
8084768,0.0
8085520,0.0
8085664,0.0
8086512,0.0
8087088,0.0
8087280,0.0
8087920,0.0
8088720,0.0
8088976,0.0
8091136,0.0
8091232,0.0
8091248,0.0
8091776,0.0
8092624,0.0
8093248,0.0
8093664,0.0
8094032,0.0
8094512,0.0
8095008,0.0
8095264,0.0
8095648,0.0
8096240,0.0
8096816,0.0
8099136,0.0
8100960,0.0
8101904,0.0
8102224,0.0
8104704,0.0
8104912,0.0
8104960,0.0
8105008,0.0
8106832,0.0
8107040,0.0
8107312,0.0
8108160,0.0
8109856,0.0
8109952,0.0
8111200,0.0
8112368,0.0
8112608,0.0
8113200,0.0
8114000,0.0
8115584,0.0
8116512,0.0
8117440,0.0
8118736,0.0
8118784,0.0
8118832,0.0
8119456,0.0
8119504,0.0
8120272,0.0
8120720,0.0
8120944,0.0
8121104,0.0
8122480,0.0
8125248,0.0
8127376,0.0
8127392,0.0
8128304,0.0
8128448,0.0
8133120,0.0
8133344,0.0
8133744,0.0
8134720,0.0
