step,value
2080,-131.15615844726562
2096,-118.9968490600586
2368,-51.91798400878906
2640,-74.12926483154297
3552,-58.72592544555664
3696,-27.412460327148438
4160,-125.53333282470703
4208,-128.793212890625
4208,-129.8770751953125
5232,9.432283401489258
5344,-123.7594223022461
5648,-133.29405212402344
7232,-36.02592468261719
7296,-131.80674743652344
7312,132.79393005371094
7536,-138.20230102539062
9152,108.81566619873047
9344,-125.62411499023438
9520,-123.99771118164062
10592,-4.953872203826904
11040,-8.825088500976562
11408,-137.34445190429688
11632,-132.8025665283203
12480,-115.2962417602539
12656,-124.84706115722656
13376,-132.38253784179688
13808,-52.23367691040039
13968,22.70302963256836
14768,-132.59043884277344
15632,-2.4290075302124023
16704,-134.87646484375
17296,-21.685714721679688
17424,-127.3560562133789
17504,-110.10407257080078
18160,-4.927272796630859
18688,-83.96308898925781
18896,-54.976924896240234
19312,-126.69790649414062
19696,-52.94685363769531
20208,26.41617202758789
20256,-140.7744140625
21712,-127.83150482177734
22128,-95.17683410644531
22416,-12.360777854919434
23952,-129.9416046142578
24432,8.791892051696777
24672,-137.98875427246094
25776,-128.15179443359375
25872,-158.3025665283203
25888,-121.83895111083984
26928,57.07081985473633
27088,-3.280139446258545
27200,-135.13845825195312
27888,-132.77342224121094
28064,-130.8937225341797
28176,30.285715103149414
28496,-39.890907287597656
28768,-120.8302993774414
29184,-137.57244873046875
30000,-118.6812515258789
30640,-42.03156280517578
32560,-129.88609313964844
33040,-131.5830535888672
33360,-129.42694091796875
35232,25.39223289489746
35840,-125.24285888671875
36352,-128.94305419921875
37936,-128.3741455078125
37952,-135.3492431640625
38592,-74.5804214477539
38928,-126.66643524169922
39696,-128.10791015625
41408,-129.32693481445312
41488,-36.77006912231445
41520,-45.394596099853516
42192,-135.4242401123047
42288,-129.7822265625
43376,-72.754150390625
43456,-78.49824523925781
43552,-131.71133422851562
44896,33.107906341552734
45936,-130.4937286376953
46688,-7.286872386932373
47008,-130.20492553710938
47104,-122.40188598632812
47184,-124.89964294433594
47824,-129.5932159423828
49184,-33.50847625732422
49296,-128.43150329589844
49904,3.1126246452331543
51296,-124.89964294433594
51792,5.21085262298584
52000,-127.42353057861328
52224,-130.58609008789062
52944,-109.22693634033203
53408,-43.47142791748047
53856,5.986131191253662
55152,-129.84478759765625
55888,-127.3560562133789
56960,-131.21133422851562
57728,-125.72599029541016
57856,-123.7569351196289
59552,-15.817985534667969
59808,-51.90689468383789
61696,-127.40790557861328
62336,-133.06309509277344
62608,40.38737106323242
63200,-58.18333435058594
64368,-84.22074127197266
64912,-133.8580322265625
66400,-28.769697189331055
66608,-132.611328125
67008,-133.1993408203125
68480,-130.08609008789062
69024,-130.5
69136,-14.642857551574707
70224,-131.9113311767578
71136,-126.06218719482422
71424,-128.27415466308594
72688,-123.55693054199219
73344,-50.70000076293945
73472,27.583629608154297
73600,-66.10489654541016
74816,-135.5981903076172
75584,-126.19859313964844
75696,-9.633106231689453
76656,-129.7860870361328
76928,-63.992740631103516
77152,-68.95753479003906
78192,-136.91539001464844
78640,-122.9029312133789
80560,-92.18386840820312
80752,-127.3560562133789
81584,-132.6993408203125
82448,-115.16182708740234
82688,-131.0107421875
82752,-130.34161376953125
82832,-129.88609313964844
83200,-108.71080780029297
84144,-23.021053314208984
84448,-103.97254943847656
84752,-135.35714721679688
87088,-128.48260498046875
87824,-123.4029312133789
89936,-126.26643371582031
90000,-131.21168518066406
90240,-123.64705657958984
90800,-135.5981903076172
91232,-140.57687377929688
93248,5.086235046386719
93744,-133.28359985351562
93984,-116.97692108154297
94464,-131.90675354003906
95776,-130.4822235107422
96368,-136.01766967773438
96576,-123.659423828125
97472,-130.5084991455078
97696,-123.80293273925781
98320,-133.10968017578125
99024,27.14257049560547
99200,-60.9202880859375
99472,-123.4029312133789
99824,-96.87692260742188
100688,33.697296142578125
101344,-37.49016571044922
102656,-137.14443969726562
103552,10.735616683959961
104480,-132.4825439453125
105008,21.77241325378418
106224,-124.88433837890625
106928,-8.468992233276367
107296,-118.83287811279297
107424,-131.86654663085938
107488,-123.4029312133789
107488,-11.777519226074219
108144,-120.45665740966797
109392,-126.64286041259766
109488,-127.29859161376953
109552,-9.227272987365723
109872,-147.86666870117188
110256,-132.95156860351562
110576,-135.91766357421875
110960,-134.65802001953125
111600,-125.52411651611328
111680,-54.871280670166016
112464,-126.8664321899414
113200,-20.693851470947266
113584,3.3985507488250732
113760,-105.65853881835938
113824,-101.42467498779297
114272,-103.63424682617188
114832,-84.0
115888,-128.45358276367188
116656,-118.21269226074219
116864,-48.83118438720703
118000,-122.66802978515625
118864,-129.27415466308594
119504,-13.408029556274414
119904,-131.18218994140625
120128,-124.83333587646484
120976,-133.07342529296875
122800,-126.12979888916016
122992,-131.41168212890625
124496,-124.70793914794922
125104,-124.99964141845703
126464,-138.28671264648438
126608,-110.4000015258789
127344,-39.63103485107422
127952,-90.49378967285156
128400,-130.5
128816,-129.98609924316406
129520,-129.46665954589844
130560,-138.458740234375
131456,-39.90418243408203
131664,-1.263157844543457
133568,14.260273933410645
133568,-132.50967407226562
133904,-123.50909423828125
134080,-128.1741485595703
134912,-19.547334671020508
136272,-50.7701301574707
136480,-129.31971740722656
137024,-127.58275604248047
137072,-18.89348602294922
137776,-131.58609008789062
138336,-133.19044494628906
138592,-128.51080322265625
138624,-138.06744384765625
138640,-4.149806976318359
139664,-27.557575225830078
140368,-49.192569732666016
140688,-131.25616455078125
141568,-136.17108154296875
141824,18.747190475463867
142848,-135.19602966308594
143360,-130.9416046142578
144592,-128.51080322265625
144896,-130.6665496826172
146016,-134.69602966308594
146064,15.366354942321777
147264,-120.40306854248047
148992,-129.54161071777344
150928,-119.15658569335938
151376,-121.53894805908203
153056,-65.40123748779297
153872,-2.700000047683716
154352,-33.3897819519043
154720,-61.994117736816406
155760,-50.61879348754883
156464,-125.05467987060547
158384,-31.805015563964844
160624,-127.29791259765625
160656,-128.2535858154297
161248,-134.25843811035156
163824,-74.36363983154297
164112,-126.63333129882812
165056,-127.87415313720703
165280,-79.19496154785156
169200,-136.19622802734375
169328,25.04039764404297
169344,-185.07017517089844
169456,-127.48275756835938
169600,-127.12777709960938
169952,-18.831392288208008
169952,-138.958740234375
170656,2.731135606765747
170720,-130.42694091796875
172320,-14.560471534729004
172768,-131.80674743652344
173456,-128.92694091796875
173760,-123.94705963134766
174928,-120.58091735839844
177312,-130.86666870117188
177680,-127.65605163574219
178128,-144.31394958496094
178640,-132.77342224121094
178768,-20.46164321899414
179424,-131.60968017578125
180080,-136.39622497558594
180208,-123.659423828125
180464,34.72307586669922
180848,10.55664348602295
181920,-66.61724090576172
182192,-137.55238342285156
182560,-136.11766052246094
183200,-132.69044494628906
183648,-123.82962799072266
184208,-11.858656883239746
186320,-114.58760070800781
186672,-122.13895416259766
187280,-130.58609008789062
187488,-8.023529052734375
187856,-129.6666717529297
188720,-78.23477935791016
188784,-130.50491333007812
188848,-5.174143314361572
189648,-128.6741485595703
189808,-124.90794372558594
190368,-132.8734130859375
190768,-20.8245906829834
191552,-42.75555419921875
192480,-14.086206436157227
193680,-185.79730224609375
193968,-47.48989486694336
194672,-41.90170669555664
194896,-123.08930206298828
196800,-24.817218780517578
197648,-128.54306030273438
200000,-33.33333206176758
200112,-97.01702117919922
201008,-132.10256958007812
201600,-124.79964447021484
202096,-133.09405517578125
202288,-123.34706115722656
202368,-132.47341918945312
203648,-126.19859313964844
203760,-128.5741424560547
204208,-135.3492431640625
205040,-128.8142852783203
205344,-136.92018127441406
206304,-127.58275604248047
206592,-132.0067596435547
206592,-123.4029312133789
206768,-103.43521118164062
207696,-127.6827621459961
207712,-150.36636352539062
207952,-68.45281982421875
208704,-136.62017822265625
208848,-31.096593856811523
209088,-74.66666412353516
209216,46.020599365234375
209360,-129.90821838378906
209808,-128.7269287109375
209824,-130.9084930419922
210720,-69.74352264404297
210960,-121.97142791748047
211424,65.79568481445312
211936,-113.50209045410156
213312,-133.79379272460938
213888,-85.42500305175781
214272,-128.39321899414062
214448,-31.458364486694336
214864,-123.04705810546875
215312,-42.028411865234375
215680,24.910526275634766
215920,-108.45179748535156
216912,-35.15261459350586
217152,-126.43333435058594
217536,-128.92694091796875
217984,-115.99824523925781
218128,-11.186614036560059
218480,-127.80790710449219
218960,-33.79830551147461
220192,-123.61469268798828
221632,-136.35000610351562
223008,-51.077430725097656
223600,-127.48275756835938
223728,-139.1077880859375
224848,-121.83385467529297
225040,-120.85665130615234
225520,-128.5535888671875
225632,-5.947368621826172
225840,-63.11818313598633
226048,-83.10595703125
226960,-113.46308898925781
227568,-107.60790252685547
227984,-133.29933166503906
228032,-52.31267547607422
228656,-130.2860870361328
229056,-135.97366333007812
229744,-125.52411651611328
229824,-130.26666259765625
229920,-132.8734130859375
230752,8.541342735290527
231120,43.12950897216797
231168,-23.98415756225586
231712,-129.04161071777344
232160,-133.5388641357422
232880,-133.80996704101562
233264,-126.08550262451172
235184,-122.52963256835938
235248,-54.26618576049805
235984,-47.64105987548828
237168,-138.6459503173828
238720,-123.70909118652344
239120,-184.71392822265625
239664,-62.74295425415039
239952,-109.45484924316406
241232,-124.89964294433594
241488,-117.6031723022461
241632,-21.929582595825195
241760,-60.599998474121094
242528,-16.828571319580078
244160,-133.3894805908203
244576,-119.65658569335938
245184,-134.3384552001953
246336,-95.20174407958984
246448,-124.88433837890625
247328,-73.15263366699219
247568,-61.79081344604492
247648,-46.61147689819336
248928,-23.059364318847656
249392,-128.15179443359375
251024,-137.09938049316406
251424,-124.20909118652344
252256,-32.631439208984375
252304,-117.60118865966797
253680,-61.79108810424805
255248,-132.49044799804688
256224,-130.0629425048828
256464,-131.41168212890625
256688,22.05179214477539
256864,-125.86219024658203
256864,-62.97058868408203
257184,-34.07878875732422
257760,-0.7929577231407166
257888,-130.90492248535156
258320,-133.38360595703125
258944,-129.77415466308594
258976,-122.53894805908203
259408,-130.77706909179688
260000,-126.82777404785156
260432,-130.96665954589844
261280,-131.611328125
261648,-123.30293273925781
261792,-33.733333587646484
262560,-26.32941246032715
263104,-25.950000762939453
263248,-127.4454574584961
264032,-122.42962646484375
264672,-121.67142486572266
265696,-109.91168975830078
266752,-67.2259292602539
267536,-87.05936431884766
267600,46.29245376586914
267680,-126.43333435058594
268240,-70.33684539794922
268272,-46.876922607421875
269344,-131.60848999023438
271248,-131.0107421875
271808,-104.4309310913086
271968,-77.96204376220703
273072,-73.00164031982422
275616,-96.71147918701172
276368,-68.16148376464844
277728,-128.0535888671875
278800,-128.15357971191406
279408,-130.71075439453125
279840,-127.8560562133789
280720,-128.81080627441406
283632,-27.675432205200195
284528,-39.09862518310547
285360,-31.05830192565918
286480,-20.70174217224121
286656,-129.15484619140625
287024,-131.01168823242188
287216,-131.90675354003906
287680,7.4214019775390625
288992,35.440940856933594
290896,19.0239200592041
292288,-131.00491333007812
292512,41.40494155883789
292512,-121.73895263671875
292592,-51.75471878051758
294528,-131.40968322753906
294944,9.14397144317627
295408,-43.69240951538086
297536,-135.51766967773438
297712,-54.834781646728516
297776,-131.56655883789062
298864,-130.50491333007812
299264,-56.318790435791016
301344,-134.45843505859375
303248,-36.81683349609375
303456,-134.40997314453125
304048,-112.49044799804688
304128,-134.46807861328125
304544,36.87036895751953
305776,-128.33151245117188
306032,-37.13846206665039
306240,-127.25605773925781
307296,-130.96665954589844
307424,-38.9112663269043
307920,-85.26634216308594
308160,-49.973201751708984
308400,-53.00392150878906
308688,-129.5932159423828
309552,-49.36470413208008
309776,-3.894871711730957
311872,-128.94305419921875
312112,-137.84445190429688
312256,-137.75413513183594
312720,-86.27742004394531
313632,-135.54293823242188
313904,-79.380126953125
314448,62.03333282470703
314752,35.233333587646484
315184,-15.85797119140625
315360,-117.8968505859375
315856,-137.82752990722656
316896,-92.02546691894531
316928,-126.16643524169922
317056,-39.34375
317904,5.199999809265137
318112,-121.83895111083984
319008,-119.2700424194336
320448,-122.10447692871094
320704,-120.40306854248047
321120,-135.68357849121094
321280,-128.69322204589844
322768,-124.79964447021484
323232,-125.14286041259766
323984,-58.98741149902344
324880,-135.9242401123047
325120,-66.33971405029297
325616,-133.89405822753906
326080,-121.50447845458984
326576,-132.6630859375
326992,-125.19963836669922
327664,12.279245376586914
328688,-129.4416046142578
328752,40.91860580444336
329344,-130.0822296142578
329376,-56.93888854980469
329456,-48.59968566894531
330144,-47.18772506713867
330880,-125.65467834472656
331184,-131.04432678222656
331440,-124.35942077636719
332992,-127.89791107177734
334272,-132.39712524414062
335264,-124.73448181152344
335376,-129.25485229492188
337376,-131.3000030517578
337792,-128.0454559326172
338192,-131.28305053710938
340976,11.88669204711914
341616,-28.641464233398438
341712,-130.4937286376953
342256,30.701074600219727
342768,-55.53268051147461
342992,-125.89859008789062
343376,1.203238844871521
343824,-12.918072700500488
344784,26.458904266357422
345184,-132.49044799804688
346192,-7.836101055145264
349168,-117.40278625488281
349648,-117.50279235839844
349952,-123.08930206298828
350016,-14.989898681640625
350480,152.29002380371094
351088,46.81631851196289
352592,-126.82777404785156
354176,29.479598999023438
355680,-60.76588439941406
355856,-5.765015602111816
356592,-74.17918395996094
357008,-127.80790710449219
357264,-30.15699005126953
357856,-68.19432830810547
358688,-131.4443359375
358768,-26.71518898010254
359520,-83.97567749023438
359936,-125.54285430908203
361040,-70.38644409179688
361424,-130.1937255859375
361600,-125.93333435058594
361840,-176.0098876953125
362032,-126.43582153320312
362416,9.692920684814453
362528,-9.594635963439941
362720,2.7338130474090576
362976,-131.30967712402344
364144,-125.18427276611328
364416,-125.62411499023438
365856,-71.63801574707031
366272,47.181480407714844
367184,-127.40657043457031
368288,-7.823905944824219
368608,-48.008487701416016
369088,-73.60790252685547
369280,-133.19735717773438
370480,-137.6219482421875
370896,-131.3107452392578
372144,-126.56643676757812
372192,-35.76279830932617
372400,81.24668884277344
372512,-123.35693359375
372592,27.402040481567383
374304,-131.10848999023438
374512,-125.42411041259766
374688,-138.44595336914062
375024,-21.982759475708008
377136,-47.75353240966797
379248,-132.56309509277344
379504,-123.00447845458984
379904,-106.56643676757812
380128,-128.81080627441406
381056,-127.0560531616211
381184,-77.00849914550781
381360,-128.27415466308594
381616,-131.69712829589844
381696,-62.53333282470703
382160,-122.30447387695312
385024,-110.43408203125
385296,4.737037181854248
386000,-52.636600494384766
386768,-127.80790710449219
387376,-129.1957550048828
387696,-127.49790954589844
387952,-132.0971221923828
388112,-121.60447692871094
388848,-100.07342529296875
390480,17.437633514404297
391696,-101.49016571044922
393040,48.477359771728516
393552,-128.15357971191406
393840,2.3801345825195312
395216,-86.4888916015625
396160,-125.49964141845703
396608,26.72834587097168
396752,-170.27142333984375
397184,7.477820873260498
398368,-53.495052337646484
398432,1.0973607301712036
400416,-131.20492553710938
401216,188.8126983642578
401216,-121.07142639160156
403200,-128.13150024414062
403376,-123.95941925048828
403376,-126.82777404785156
403504,-13.983882904052734
403984,-133.87646484375
404688,-126.89859008789062
405104,-60.384521484375
405616,-126.42411041259766
405648,-70.82289123535156
407968,-147.50794982910156
408576,-129.86293029785156
408960,-130.70492553710938
409040,-127.6827621459961
411152,31.150957107543945
411616,-13.755844116210938
414480,-130.80491638183594
415648,-29.46508026123047
418032,-115.48760223388672
418368,-48.58333206176758
419552,-64.84586334228516
421824,-60.8864860534668
422384,-83.4576644897461
422576,-127.68260955810547
423824,-136.48358154296875
423872,-52.63590621948242
423920,-136.1736602783203
424944,-58.375885009765625
425616,-64.10822296142578
426768,-68.47036743164062
426816,7.383606433868408
427056,-129.77706909179688
427136,-124.47547149658203
427616,-89.87258911132812
427728,-117.9968490600586
428048,-128.74160766601562
428176,54.261539459228516
429936,-125.00794219970703
430480,-35.145668029785156
430864,-125.82411193847656
431312,-131.10968017578125
432096,-120.40306854248047
433120,-16.712539672851562
433152,-132.89999389648438
433904,-21.212499618530273
433968,-134.3388671875
434352,-126.36219024658203
435264,-127.38275909423828
435936,-133.1630859375
435968,-76.4770736694336
436304,176.76666259765625
438048,-124.00909423828125
438224,-80.72679138183594
438720,-130.40492248535156
438976,16.15986442565918
439536,-121.28091430664062
440064,-20.7496395111084
440336,-124.94285583496094
441440,-49.92467498779297
441472,-25.638410568237305
441728,-44.05167770385742
442032,-23.289655685424805
442240,1.1289962530136108
442432,-133.58360290527344
444080,-57.50895690917969
444128,-129.61972045898438
444288,30.487205505371094
444912,-34.49177932739258
446288,24.149158477783203
447312,-124.20909118652344
447424,-8.0
447424,59.59844970703125
447616,-132.99932861328125
448064,8.314141273498535
448208,11.084892272949219
448336,-117.20278930664062
448816,-76.80000305175781
448928,1.745945930480957
449136,-120.02307891845703
451008,-129.12693786621094
452800,-41.16062545776367
453568,-50.9797477722168
453808,-128.82693481445312
454160,194.0228729248047
455472,-127.73150634765625
455840,-120.14093017578125
455920,-126.3664321899414
457344,-128.10791015625
457952,-133.60997009277344
459008,-20.813512802124023
459504,24.962162017822266
459504,24.306093215942383
460016,-124.90794372558594
460224,37.04263687133789
460384,-22.291419982910156
460816,-47.24946594238281
461328,-76.54878234863281
461488,-39.54142379760742
461968,-127.15605163574219
462704,-132.40675354003906
463104,-66.28929901123047
463264,3.7645161151885986
463568,-50.21506881713867
463600,-140.022216796875
464000,-126.79791259765625
464816,-135.6731719970703
465488,-53.82140350341797
466336,-61.24430465698242
466832,-47.598140716552734
466960,-120.20306396484375
467472,-125.21818542480469
467552,-129.81080627441406
467760,-15.79240894317627
468320,-78.6523208618164
468448,-119.54092407226562
468608,11.151773452758789
468880,-123.2569351196289
469152,-67.78064727783203
469408,-128.62693786621094
469584,-133.26309204101562
469664,-129.98609924316406
469664,-1.1897436380386353
469712,-130.91075134277344
470352,-130.06666564941406
470432,-134.65802001953125
471056,-125.89859008789062
472448,-15.909634590148926
472896,-25.788888931274414
473248,18.94725227355957
473344,-9.176922798156738
473808,-133.6388702392578
475008,-123.65693664550781
477120,-135.5242462158203
477376,27.712026596069336
477568,-122.90447998046875
478208,-127.58275604248047
478224,-60.9073486328125
478960,4.859701633453369
479360,-129.3290252685547
480544,5.583050727844238
480896,-127.97415161132812
481472,-125.14286041259766
481712,-45.41851806640625
482368,-40.006919860839844
485872,9.407691955566406
486112,-126.09963989257812
486592,2.051661729812622
486656,-131.70675659179688
487104,-21.830768585205078
488240,-130.9084930419922
489408,-47.83793258666992
489776,-17.088449478149414
490160,-130.08609008789062
490160,-131.4084930419922
491152,2.6666667461395264
491232,30.98441505432129
493808,-131.2822265625
494032,-58.477020263671875
494384,-135.98358154296875
495120,-130.70492553710938
495392,-51.4821662902832
495440,-131.09373474121094
495536,-139.20777893066406
495552,-36.03333282470703
495920,-130.3937225341797
497008,-76.84706115722656
497152,-56.25405502319336
497456,-59.024925231933594
497664,-125.09963989257812
497712,-1.9414238929748535
499168,-15.329249382019043
499488,-128.35357666015625
499696,-15.129571914672852
499808,-130.16293334960938
499936,-22.99208641052246
501136,-135.19602966308594
501472,-43.9052619934082
502768,49.006107330322266
502880,-76.9770736694336
503568,-46.95159149169922
503664,0.48530352115631104
503920,-125.15467834472656
504512,-35.036842346191406
504928,-129.0142822265625
507856,-128.13150024414062
508256,-126.69790649414062
508512,-61.793399810791016
508784,-4.563013553619385
509136,-133.3025665283203
509968,-107.2347412109375
510320,-27.046281814575195
510672,31.933332443237305
511248,-129.6666717529297
511408,-84.39090728759766
511680,-134.30996704101562
511744,-119.74482727050781
512064,-131.5830535888672
512352,-44.66148376464844
513520,12.607473373413086
513920,-127.38275909423828
515440,32.41228103637695
515632,-128.10791015625
516176,-49.722808837890625
516272,-131.7096710205078
518160,-44.73636245727539
518752,-126.39859008789062
518768,-128.0535888671875
518976,-51.713558197021484
519344,13.220146179199219
519680,-15.418868064880371
519872,-46.492408752441406
520752,17.777193069458008
521568,17.001672744750977
523008,-120.30306243896484
523680,-121.10189056396484
524224,5.408304691314697
524256,-128.65357971191406
524320,-19.03533172607422
525824,-131.98919677734375
525888,-123.63448333740234
526048,-38.03202819824219
526192,-130.29373168945312
526320,-131.34432983398438
526768,-86.08638000488281
528000,-126.89859008789062
528160,-128.3979034423828
528512,-129.51971435546875
530272,-126.16643524169922
530560,-136.62522888183594
530720,-24.808271408081055
530912,4.531034469604492
531392,-30.602703094482422
531824,-63.61610794067383
532800,-13.315053939819336
532832,-66.9449462890625
533952,-40.24251174926758
534256,45.68931198120117
535616,-8.222033500671387
536304,-128.24305725097656
536704,-26.726865768432617
536704,-37.31428527832031
537424,54.79393768310547
537776,-136.62017822265625
538800,-129.76666259765625
538816,-130.50491333007812
539152,-125.09963989257812
539888,-131.51132202148438
540992,40.105064392089844
541280,-120.68091583251953
542144,-106.71111297607422
542464,-126.99790954589844
545696,-23.360248565673828
545728,-125.18434143066406
545904,-239.44378662109375
547008,-111.42193603515625
548624,-123.54705810546875
550192,-122.76802825927734
551520,-134.8177947998047
552000,-2.0652174949645996
552512,-134.27647399902344
552544,3.2544217109680176
552592,-134.27647399902344
553056,-62.511688232421875
553184,8.92765998840332
553344,-116.38710021972656
553536,-120.85665130615234
554624,-133.60997009277344
555440,-122.12963104248047
555696,-132.79933166503906
556736,-126.53333282470703
556768,-5.288235187530518
559120,-5.059175968170166
560672,-44.650001525878906
561104,-65.51469421386719
561712,4.584115505218506
563168,-130.6443328857422
564352,-123.1029281616211
564464,-79.95690155029297
566112,-121.13030242919922
567024,164.7604217529297
567056,-120.65397644042969
567168,-214.4277801513672
567824,-10.297842025756836
567952,-38.44501495361328
569440,-107.47295379638672
569536,-62.01610565185547
571120,170.0098419189453
572368,12.050649642944336
572512,-124.20909118652344
572528,273.4906921386719
572704,-122.24732971191406
572928,20.221506118774414
573264,211.80540466308594
573664,-115.64897918701172
574160,-46.917240142822266
574304,-141.9648895263672
575312,-135.35714721679688
576912,-129.97708129882812
578880,-125.04285430908203
579024,-125.04285430908203
580048,-133.1515655517578
580144,21.455554962158203
580880,47.159420013427734
581248,-41.2442626953125
582080,-0.5931726694107056
583072,-1.2983121871948242
583664,-50.509090423583984
584560,-126.9560546875
585072,-126.49790954589844
585104,-126.29791259765625
585200,-131.71075439453125
586256,-0.5139158368110657
586944,-41.28985595703125
587184,-126.66643524169922
588096,-12.525874137878418
588752,-126.42411041259766
590000,266.0621643066406
591024,-132.0755157470703
591664,-127.9560546875
591808,-130.0770721435547
592704,-9.566666603088379
593136,-126.16643524169922
593168,-129.35484313964844
593840,7.521402359008789
594496,-136.76927185058594
595120,-124.88433837890625
595248,-135.1764678955078
596416,-124.60794067382812
596800,-136.64999389648438
597072,-127.39791107177734
598528,-132.97341918945312
599328,-87.55484771728516
599392,-14.3421049118042
599824,-110.94432830810547
599920,-24.024675369262695
600640,-103.90794372558594
601936,35.450172424316406
602032,-5.8394365310668945
602528,-126.53333282470703
602784,-131.41168212890625
603120,-125.96218872070312
603296,-127.25605773925781
603488,52.763946533203125
603664,-126.79791259765625
604032,-125.18434143066406
604256,-55.845455169677734
604640,25.03015899658203
606128,-133.52499389648438
606784,-120.22307586669922
608672,-56.099998474121094
608944,-135.39602661132812
609616,-40.08571243286133
610304,-134.54757690429688
610464,-44.758392333984375
610896,38.42307662963867
611696,108.34496307373047
611936,-158.03009033203125
614080,16.205554962158203
614352,-129.32693481445312
617072,-53.365779876708984
617152,-123.7569351196289
617456,-75.3523178100586
618160,-138.98875427246094
618560,-129.45484924316406
618848,-132.86309814453125
619248,-128.5518035888672
619392,-3.6864407062530518
620448,35.691802978515625
620912,-69.77543640136719
620960,-130.50491333007812
621440,27.0
621504,-124.55467987060547
622352,2.6223301887512207
623024,-136.0492401123047
623552,-133.35157775878906
624192,-127.39791107177734
625136,-121.63895416259766
625136,-10.346209526062012
625216,-130.89999389648438
626240,-0.15714286267757416
626464,-145.01779174804688
627232,-132.6999969482422
627248,-134.0937957763672
627840,-161.70303344726562
630192,-123.40908813476562
631440,-130.6443328857422
632080,-126.29859161376953
632256,-126.56643676757812
632512,-127.22777557373047
633232,-123.08930206298828
634608,-132.3993377685547
634688,-134.8731689453125
635360,14.875862121582031
637312,-40.41044616699219
637472,-100.56690216064453
638464,53.63963317871094
638912,-106.19999694824219
639424,-127.79791259765625
639920,-67.6131362915039
640304,-114.7556381225586
642304,-50.52243423461914
643872,-132.10256958007812
644528,-135.47108459472656
646560,-119.32307434082031
647840,-104.00909423828125
647872,-125.76219177246094
647888,151.7292938232422
647936,-130.1999969482422
648656,-122.30447387695312
650096,-128.99575805664062
650784,-133.6764678955078
650960,-129.15484619140625
651984,-97.39090728759766
653632,3.449056625366211
654576,-9.369696617126465
655200,-117.28581237792969
655744,-22.028358459472656
655984,-132.5891876220703
656752,-58.72592544555664
657040,28.33846092224121
657440,-135.4242401123047
658720,-113.53333282470703
658752,-117.70317840576172
659984,-124.05693054199219
660928,-50.97421646118164
661392,-130.80491638183594
662496,-128.81971740722656
662928,-130.3937225341797
663440,-128.82693481445312
664384,-146.42483520507812
664400,-124.00909423828125
664752,-141.0288848876953
664944,-120.28091430664062
665056,-121.97142791748047
666592,-4.682636737823486
666704,-131.37550354003906
667392,-138.3545379638672
667744,-59.74946594238281
668176,-120.68091583251953
668576,-128.55606079101562
668816,-129.76666259765625
668944,-123.54705810546875
669232,-131.21075439453125
671056,-132.8025665283203
672416,-131.8113250732422
672512,-130.60000610351562
672768,14.950724601745605
673024,2.7076923847198486
674000,-135.0580291748047
674752,-134.47647094726562
675824,-75.29463958740234
676560,-118.87004089355469
676640,-132.76309204101562
677488,-126.06218719482422
677632,-2.9882352352142334
677696,-126.56643676757812
677936,-28.996784210205078
678912,-105.34314727783203
680576,-137.08697509765625
680928,-131.1116943359375
681168,-128.81080627441406
681264,-121.37142944335938
681840,-130.40492248535156
682704,-124.51818084716797
682912,-62.773494720458984
683376,-126.9664306640625
684240,-62.717315673828125
686320,-52.95185089111328
687088,-93.42941284179688
688432,-133.56309509277344
689840,-126.12411499023438
689984,-133.4630889892578
690336,-5.231249809265137
691424,23.894737243652344
692096,-117.6031723022461
693088,-38.02641677856445
695152,-129.86666870117188
695616,-124.97547149658203
697184,-14.539436340332031
697280,-130.39999389648438
697408,-15.783561706542969
698528,-115.86422729492188
699984,-136.63796997070312
700368,14.160273551940918
700544,-121.3302993774414
701552,-130.8937225341797
702096,-119.84092712402344
702480,-134.43846130371094
703152,3.1636364459991455
703712,-116.30139923095703
704336,-112.69933319091797
704832,-53.74615478515625
705648,-51.3575325012207
705872,-130.26666259765625
706208,-133.1825408935547
706512,-11.208196640014648
707040,-41.84074020385742
707984,-126.69790649414062
709296,-116.58698272705078
709296,-11.26899242401123
709840,-131.70675659179688
710000,-71.55172729492188
710160,-121.08685302734375
711376,-66.54210662841797
711952,-121.03030395507812
713488,-120.40306854248047
713632,-122.78929901123047
714240,-127.20790100097656
714864,-151.7993621826172
715296,-117.58709716796875
715408,-127.90790557861328
716400,-42.528682708740234
716848,-138.96743774414062
717248,25.471586227416992
717536,-130.60000610351562
717984,32.89133834838867
718144,95.9300308227539
719504,-135.45713806152344
719760,34.78794479370117
719808,-126.69790649414062
721728,-127.48275756835938
721840,-53.16666793823242
722016,39.19076156616211
722336,-120.95665740966797
722720,-59.61818313598633
723856,-134.16807556152344
725904,40.64545440673828
726832,-126.22411346435547
728672,-131.3116912841797
728704,-129.27706909179688
730128,-125.79859161376953
730768,-131.37550354003906
732128,-77.86734771728516
732240,-134.35157775878906
732848,-2.1694865226745605
732880,-125.18434143066406
732928,-119.44092559814453
733216,-105.1080322265625
733600,-128.09075927734375
734240,-124.89964294433594
734400,-127.34545135498047
735040,-128.2535858154297
735216,-66.94705963134766
736208,28.389854431152344
736544,26.91428565979004
736720,-50.30821990966797
736960,-87.05714416503906
737008,-135.92237854003906
737968,-132.1999969482422
738416,58.08607482910156
738464,-129.74160766601562
738624,-122.97142791748047
740736,-130.9310302734375
740768,-54.147762298583984
741360,-4.393023490905762
742016,-135.04757690429688
742528,11.604331970214844
742880,-129.0269317626953
744176,-90.09628295898438
744208,-133.48947143554688
744992,-124.08930206298828
745216,-128.00790405273438
745440,-50.975433349609375
745712,-23.972726821899414
746720,-52.442596435546875
747264,-53.198246002197266
747520,-137.6219482421875
748112,-78.77143096923828
749152,-127.79322052001953
749744,28.278114318847656
749792,37.72982406616211
750192,15.637499809265137
750480,-134.6221923828125
751424,-126.66643524169922
751600,-133.19406127929688
751744,-124.84285736083984
752592,-27.437931060791016
753856,-127.70790100097656
753936,-10.709698677062988
754352,14.053147315979004
755104,31.541175842285156
755552,-124.15467834472656
755552,-55.72926712036133
756352,-71.0404281616211
756608,-15.894346237182617
757664,-134.97317504882812
757664,-130.08609008789062
758160,-119.09019470214844
758256,-34.86308670043945
758448,-127.14545440673828
759456,-126.62777709960938
759776,-124.10909271240234
761440,-126.66643524169922
761760,-129.77706909179688
762928,-136.89622497558594
762960,-124.45941925048828
764048,-121.67142486572266
764768,-126.19859313964844
766096,-29.144275665283203
766688,-121.87142944335938
766848,-81.16190338134766
767136,-126.03333282470703
767184,-128.48260498046875
767568,-85.94121551513672
769680,-137.0176544189453
769952,2.638345956802368
770384,-128.11428833007812
771056,-128.27415466308594
771488,-128.64306640625
771776,-125.63581848144531
771888,6.15340518951416
772992,-122.33895111083984
775088,-10.572221755981445
775104,-129.11080932617188
777120,-125.62411499023438
777184,-78.02091217041016
777200,-132.3025665283203
777280,-136.15237426757812
777392,6.183050632476807
777504,-49.48762512207031
779024,-130.27706909179688
780592,-127.50790405273438
781216,-132.21408081054688
783232,-132.19712829589844
783456,-134.63845825195312
784016,-122.88929748535156
785088,27.612028121948242
785824,-46.607017517089844
785840,-40.693233489990234
786128,-125.19963836669922
786224,-122.20550537109375
787920,-126.4560546875
788192,-13.494405746459961
788720,3.3955326080322266
789040,-3.299999952316284
789808,-40.41234588623047
789808,-136.25238037109375
791024,-95.60689544677734
791920,-127.78276062011719
793408,-132.0067596435547
793552,-142.2108154296875
796336,-34.621253967285156
796352,-75.80139923095703
797312,-127.15605163574219
797552,-131.0107421875
797984,-36.4059944152832
798192,37.350181579589844
798208,-18.542856216430664
799248,-109.3108139038086
800080,-115.81766510009766
800432,66.33573913574219
800848,-28.715789794921875
801168,-134.6764678955078
801280,-43.66044998168945
801360,-131.10848999023438
802944,-126.03333282470703
803728,-31.070068359375
804112,-86.12837219238281
804160,-45.71467590332031
804832,-133.625
806464,-125.89859008789062
806832,-127.50790405273438
807120,-107.69820404052734
807568,59.24595642089844
808464,-124.00909423828125
808848,-40.02949523925781
808944,-131.60968017578125
809120,-95.51374053955078
811056,-78.10240936279297
811072,-124.15693664550781
811088,-131.8025665283203
812256,-104.07315063476562
813040,119.73237609863281
813232,-95.511474609375
814336,-85.79244995117188
815328,-116.1500015258789
815328,-59.60550308227539
815680,-0.30225563049316406
815744,-48.185813903808594
816400,-158.4806671142578
817216,-12.581689834594727
817392,-114.69602966308594
817552,-1.495652198791504
819232,-38.96154022216797
819520,-126.58434295654297
819744,-83.31253814697266
821760,8.65212345123291
823776,-61.125244140625
823984,-125.98434448242188
824928,-136.2962188720703
825184,-130.29373168945312
825344,-52.88718032836914
825904,-121.10306549072266
826160,-9.429577827453613
826432,-12.84089183807373
827248,-73.0
828016,-134.3388671875
828320,-126.66643524169922
828528,-5.6529412269592285
828912,-123.22962951660156
829008,-38.144840240478516
829616,-11.738521575927734
830624,-78.29866027832031
832624,-134.73846435546875
832672,-121.17142486572266
833216,-125.76219177246094
833328,-139.86842346191406
833552,-121.43030548095703
834416,-125.69963836669922
834640,-24.351282119750977
834800,5.38095235824585
835152,-17.742168426513672
835312,-123.65693664550781
835328,-130.6999969482422
835616,-106.29570770263672
836208,-137.66616821289062
836240,-30.58507537841797
837072,-129.5629425048828
837264,-129.21408081054688
837728,-134.3384552001953
838784,10.55664348602295
839552,-38.612213134765625
840416,-133.38360595703125
840464,-129.04161071777344
840464,25.5
840896,-123.14705657958984
841664,-122.00447845458984
844784,-133.36309814453125
845360,-61.718841552734375
845488,-137.18698120117188
846480,-36.48772048950195
846704,-36.390220642089844
846912,-132.77342224121094
847776,-29.654544830322266
848048,-10.945160865783691
848656,-81.2548828125
849536,-35.723262786865234
850160,-135.41778564453125
850496,-35.22806930541992
850768,-126.39859008789062
850912,-130.3937225341797
851008,-125.10794067382812
851184,-126.66643524169922
851264,-122.78929901123047
851392,-130.08609008789062
851392,-121.83895111083984
852624,-136.25294494628906
853248,-127.98275756835938
853504,-41.1968879699707
854208,-34.479103088378906
854448,-120.78091430664062
854864,-123.16108703613281
855168,-82.96021270751953
856304,-130.60000610351562
857472,-127.60790252685547
858160,-126.4664306640625
859184,-99.0108413696289
860784,-124.88433837890625
860912,30.648452758789062
860992,-83.9980697631836
861952,-132.88253784179688
862704,-132.7096710205078
862912,32.95978546142578
864064,-138.102294921875
864416,42.170589447021484
864448,-54.14706039428711
865936,-132.19712829589844
865984,-101.56666564941406
866576,-22.74057960510254
867072,-16.652381896972656
868000,-49.36219787597656
868160,-180.29771423339844
868672,-137.02523803710938
869152,-53.93898391723633
869280,-127.02777862548828
869616,-101.03563690185547
869840,-21.315481185913086
870256,0.9068702459335327
870480,-130.39999389648438
870768,-127.48275756835938
873344,-24.47142791748047
873888,-122.82962799072266
874528,-123.5029296875
874688,-131.48609924316406
875168,9.185714721679688
875760,-14.635031700134277
876000,-127.62777709960938
878688,-120.65665435791016
880160,-50.054054260253906
880208,-12.63698673248291
881296,-7.512121200561523
881408,-122.9111099243164
882592,-26.788888931274414
882640,-147.00491333007812
883088,-0.8891891837120056
883680,-5.205263137817383
884112,-138.78753662109375
885504,-137.38526916503906
888096,-133.57342529296875
889232,-129.12693786621094
890288,-50.400001525878906
890336,16.278549194335938
890736,-89.93888854980469
892240,-8.841485977172852
893488,-11.80512809753418
893856,-95.56666564941406
894416,-126.03083038330078
895328,-42.527915954589844
895568,-129.45484924316406
895968,-94.34358978271484
896656,-45.688236236572266
896704,-126.53333282470703
897648,-132.89999389648438
899600,-66.78571319580078
901648,-127.90657043457031
901696,-131.51132202148438
901792,-132.99932861328125
901872,-132.59043884277344
902160,-119.07003784179688
902256,-128.27415466308594
902752,-53.65740203857422
904784,-40.9952392578125
905008,2.631316661834717
906112,28.979598999023438
906160,-127.40790557861328
906832,-100.27342987060547
907152,-24.757143020629883
908256,-34.0363655090332
908272,-24.298765182495117
908272,-131.20849609375
908928,-18.313148498535156
910288,-127.50790405273438
912144,-131.86654663085938
912240,-70.44319152832031
912720,-124.20793914794922
913312,282.0760498046875
913376,45.90541458129883
914304,21.135337829589844
916368,-129.98609924316406
916528,-129.8770751953125
917136,-65.30000305175781
917216,-128.84161376953125
917856,-123.9569320678711
918336,-123.44705963134766
918400,-131.3107452392578
918496,15.440154075622559
918768,-131.611328125
918848,-24.617448806762695
920512,-120.75665283203125
921152,-106.53793334960938
922080,-41.45523452758789
922176,-133.5388641357422
924288,-132.7825469970703
924368,-63.400001525878906
925520,-126.69790649414062
926528,11.5
926848,-104.99688720703125
927024,44.21349334716797
927520,-131.1999969482422
927712,-13.255931854248047
929632,-128.4108123779297
929776,-121.30188751220703
930304,-34.648338317871094
931024,-58.444793701171875
932464,-157.10000610351562
933424,-17.749465942382812
933616,-51.97142791748047
933792,-39.12949752807617
934784,213.8473663330078
936128,-126.03333282470703
936304,-158.7560272216797
937024,-139.9273681640625
937104,-48.26148223876953
937680,-130.55616760253906
938912,-10.006840705871582
939296,-45.71522521972656
940496,-70.29377746582031
941024,-124.65467834472656
942368,-124.94285583496094
942528,-104.51724243164062
942608,-131.10491943359375
942688,-131.60968017578125
943312,-76.45820617675781
943504,-37.24615478515625
944304,-119.3565902709961
944512,-126.59790802001953
944784,-139.36865234375
947232,-135.88648986816406
947520,-121.50188446044922
947728,-123.30293273925781
948464,-49.17741775512695
948640,-48.66666793823242
948880,-84.86131286621094
949040,-78.76007080078125
949760,-129.0142822265625
951952,-133.5388641357422
952512,8.565146446228027
954000,-128.0741424560547
954400,-125.18434143066406
954752,-47.9538459777832
955584,-132.111328125
956864,-135.1731719970703
958528,49.910526275634766
958848,-10.535616874694824
960320,-134.05844116210938
960800,-96.90338897705078
961824,-76.08989715576172
964016,-126.4664306640625
965072,17.63763427734375
965904,-13.671428680419922
965952,-43.94637680053711
966128,-81.58075714111328
967072,96.73576354980469
967344,2.4946744441986084
967648,-111.40846252441406
967728,-131.4113311767578
968000,-128.89576721191406
968384,-121.20188903808594
968816,-126.03333282470703
969568,-132.0891876220703
970368,-93.02791595458984
970496,-134.3177947998047
972432,-137.08152770996094
972464,-128.47021484375
972464,-128.9108123779297
972528,-127.09790802001953
972864,-123.90908813476562
973792,-124.74285888671875
973888,-68.8494644165039
974544,-130.39999389648438
976528,-5.511465072631836
977952,-7.401706695556641
978000,-133.2825469970703
978032,-0.7940239310264587
978176,-131.25616455078125
978544,7.13465690612793
978608,-128.3430633544922
979152,-128.41429138183594
979552,-68.79718017578125
979696,49.472412109375
979984,-95.18143463134766
980144,-62.3821907043457
980336,-49.91685104370117
980480,-4.712230205535889
981184,13.185401916503906
982016,-14.514598846435547
982528,-73.21111297607422
982736,-124.04705810546875
983152,-23.10170555114746
983504,-123.70292663574219
983792,-120.88685607910156
984384,-100.0212631225586
984768,-114.69489288330078
985056,-23.380645751953125
985904,-121.8302993774414
985920,8.714191436767578
986256,-88.2967300415039
986272,-129.89999389648438
986288,-130.65615844726562
987920,-55.4825553894043
991088,-126.89859008789062
991392,29.768774032592773
991440,-130.50491333007812
991552,-129.9629364013672
992240,-135.32424926757812
993344,-125.18434143066406
994144,-110.76667022705078
994352,-111.8084945678711
994576,14.774829864501953
995888,-32.43525314331055
996000,-126.17933654785156
996080,-124.10909271240234
996256,-121.90447998046875
996688,-130.50491333007812
998032,-136.6815185546875
998096,-128.3838653564453
998640,-5.94620943069458
998704,-33.94285583496094
999872,-44.592411041259766
1000912,-125.14286041259766
1001968,18.551851272583008
1003792,-126.12411499023438
1004064,-64.34822845458984
1004080,-127.90790557861328
1004928,-126.56643676757812
1005088,-9.265671730041504
1006016,70.66956329345703
1006384,-21.08917236328125
1006720,-133.97647094726562
1007136,-8.86567211151123
1007408,16.172161102294922
1009440,-138.8831329345703
1010272,-100.72693634033203
1011168,-35.7242431640625
1012144,-129.11080932617188
1012480,-101.93389892578125
1013248,-128.39321899414062
1013472,-47.63333511352539
1013744,30.06315803527832
1013952,-125.885498046875
1014240,-16.002817153930664
1014528,-132.79933166503906
1016704,-127.13333129882812
1016944,-50.93389892578125
1019072,-20.44252586364746
1020720,-133.97647094726562
1020928,-135.0960235595703
1021120,-128.3741455078125
1022016,-126.89791107177734
1022240,-128.3741455078125
1022336,22.554710388183594
1022384,-60.13485336303711
1022800,-127.68260955810547
1023072,-123.80908966064453
1023760,-38.42280197143555
1023792,-128.61080932617188
1024080,-146.3972930908203
1024752,-36.62334442138672
1025712,-126.23582458496094
1026560,-128.38275146484375
1026608,8.714860916137695
1026800,-1.904472827911377
1028656,-129.4197235107422
1030064,63.483272552490234
1031072,-36.10599136352539
1032352,-98.07662200927734
1032768,-4.820080280303955
1034832,-110.5999984741211
1034992,-51.937255859375
1035072,12.837037086486816
1035792,-49.017608642578125
1036048,-125.38433837890625
1036144,-33.19795227050781
1036928,-130.0
1036992,-123.80908966064453
1036992,-127.71804809570312
1037344,-134.06808471679688
1038976,-114.63548278808594
1039008,-59.5112419128418
1039328,-55.87627029418945
1039392,-128.92694091796875
1039504,35.67469787597656
1040416,-129.19322204589844
1041440,-129.5548553466797
1042432,-54.41914749145508
1042592,151.2138671875
1042864,-134.3384552001953
1044976,-121.33895111083984
1046032,-188.9094696044922
1046160,5.708304405212402
1046352,-128.7108154296875
1046704,-107.55132293701172
1047248,-129.88609313964844
1047616,-35.17591857910156
1047808,-128.40789794921875
1048144,-127.12777709960938
1049120,-131.5084991455078
1049616,-73.16148376464844
1049872,-61.5363655090332
1049888,37.906227111816406
1050112,-126.79791259765625
1052416,-129.6666717529297
1053248,76.5418472290039
1053344,70.96778869628906
1053888,-129.4197235107422
1054032,-42.9571418762207
1054336,-112.30967712402344
1054736,-2.588235378265381
1056432,-72.63103485107422
1057120,1.7370370626449585
1057152,-74.97234344482422
1058560,-126.8597640991211
1058800,-131.1116943359375
1058960,-35.5941162109375
1059184,-130.45616149902344
1061152,-16.475433349609375
1062064,-64.30311584472656
1062288,53.3470573425293
1062768,-127.22777557373047
1063392,-38.366188049316406
1063984,-120.55665588378906
1064528,44.21146774291992
1065072,-116.32523345947266
1065152,-131.06666564941406
1065440,24.103370666503906
1066048,111.49748229980469
1066784,-46.728572845458984
1066848,-59.27251434326172
1066944,10.859648704528809
1067360,-127.15605163574219
1067472,-130.1999969482422
1067792,-43.3622932434082
1067856,-98.05517578125
1067920,86.37033081054688
1068368,-127.25605773925781
1070448,-1.4524589776992798
1070608,-136.4429473876953
1071024,-136.19964599609375
1072848,-123.34706115722656
1073424,-43.605262756347656
1074928,-134.49090576171875
1075600,-128.20790100097656
1076464,-130.7860870361328
1077120,-7.599999904632568
1077696,-130.0548553466797
1078256,-131.10000610351562
1080432,-122.10922241210938
1081840,231.28334045410156
1082368,14.425396919250488
1082976,-123.26802825927734
1083488,-129.25485229492188
1084176,-123.30293273925781
1085440,-54.150001525878906
1087552,-134.0580291748047
1087744,-50.009315490722656
1088320,-124.85467529296875
1089616,-140.08753967285156
1089824,-124.24705505371094
1090752,16.812734603881836
1090976,-110.38219451904297
1091696,-6.8567376136779785
1091888,47.23207473754883
1092528,-126.27933502197266
1093072,-138.71932983398438
1094624,-70.48014068603516
1095888,-130.08609008789062
1095920,-129.97708129882812
1096160,30.148544311523438
1096992,-34.599998474121094
1097200,-127.0560531616211
1097472,-124.10909271240234
1100384,-129.0548553466797
1100720,-111.25579833984375
1100752,-136.97108459472656
1100944,-31.822078704833984
1101552,-127.6827621459961
1102656,-132.4825439453125
1103216,-109.24494934082031
1105888,-127.13333129882812
1105936,-18.0827579498291
1106368,-125.28433990478516
1107888,-125.35942077636719
1107984,-125.72411346435547
1108048,-102.3302993774414
1108336,-129.6666717529297
1109392,9.472881317138672
1110160,-129.54161071777344
1110672,-133.57647705078125
1110752,-126.82777404785156
1111344,-155.7368621826172
1111504,-128.9108123779297
1112176,1.3146789073944092
1112784,-129.15484619140625
1113376,-110.37910461425781
1115520,-129.42694091796875
1116016,-121.53894805908203
1116608,-131.2665557861328
1116976,-10.19784164428711
1117136,-52.163265228271484
1117840,-24.54705810546875
1118784,-34.697296142578125
1120032,221.10635375976562
1121456,-128.10791015625
1121840,92.98181915283203
1122224,-5.0714287757873535
1123152,-123.1029281616211
1123520,-118.1480484008789
1123744,-129.6666717529297
1123952,-125.34285736083984
1124544,-55.56045150756836
1125264,-125.42411041259766
1125520,-1.3258687257766724
1125632,-134.7960205078125
1126528,-56.95589065551758
1127120,27.87050437927246
1127248,-36.11126708984375
1128816,-135.27516174316406
1128944,-132.09732055664062
1129312,-11.923809051513672
1130160,-127.50790405273438
1131264,-53.371070861816406
1131424,-117.30000305175781
1131792,-132.7025604248047
1132320,-123.5029296875
1132672,12.466666221618652
1133008,11.295302391052246
1133536,-133.43887329101562
1134960,-130.80850219726562
1135040,-130.80850219726562
1135408,21.75179100036621
1135632,-127.85179901123047
1136464,3.4126245975494385
1137056,-134.158447265625
1137152,-100.12926483154297
1138192,-87.6287612915039
1138192,-122.56803131103516
1138224,21.290908813476562
1138480,5.532786846160889
1139216,-2.2453441619873047
1139616,22.842023849487305
1139632,11.020805358886719
1140816,-53.79655075073242
1142688,-39.873355865478516
1143264,-143.94223022460938
1143760,18.72454833984375
1144000,-124.03448486328125
1144048,-123.02963256835938
1146896,-130.18223571777344
1147376,-124.35893249511719
1150944,-131.39999389648438
1151696,-129.45484924316406
1151968,-95.60922241210938
1152560,-132.3116912841797
1153808,-142.7724609375
1155024,-128.3741455078125
1155232,-71.86870574951172
1155376,-22.659364700317383
1155728,-127.49790954589844
1155808,-127.90790557861328
1155936,15.606225967407227
1155952,28.76162338256836
1156144,25.930158615112305
1156416,-127.40790557861328
1156656,-134.89602661132812
1157472,-127.93150329589844
1157552,31.6510066986084
1158144,4.674074172973633
1159824,-127.52777862548828
1160896,-53.05185317993164
1161312,-41.15904235839844
1161376,10.773134231567383
1161728,-134.9960174560547
1162144,-18.996183395385742
1162544,-54.7315788269043
1163504,-31.31583023071289
1163584,-73.16219329833984
1164288,-47.479591369628906
1166352,-128.1741485595703
1166656,-134.29379272460938
1167088,-52.49745178222656
1167200,-131.53103637695312
1167664,7.6934709548950195
1167744,18.34913444519043
1168032,-131.10848999023438
1169840,-133.89378356933594
1169856,-49.52592468261719
1170144,-128.85357666015625
1170320,-133.35157775878906
1170608,-125.24285888671875
1170768,-121.8302993774414
1171360,29.717529296875
1173040,-99.3559341430664
1173184,-89.14834594726562
1173312,36.98554229736328
1173472,-126.9560546875
1173696,-120.4223861694336
1177472,-31.984745025634766
1178176,23.208080291748047
1179120,-125.64286041259766
1179792,-139.8077850341797
1179808,-122.40447998046875
1180240,-39.77825927734375
1180288,-129.47708129882812
1181936,-46.68169021606445
1182624,-134.56309509277344
1183008,12.170269966125488
1183152,79.37125396728516
1183312,-63.9686279296875
1184128,-131.111328125
1185616,-129.62693786621094
1187744,-120.73030090332031
1188048,-11.411110877990723
1188064,-125.52411651611328
1189024,-132.97341918945312
1190064,-35.95415115356445
1190736,-59.31587219238281
1191104,-127.25605773925781
1192176,-124.05941772460938
1193184,-133.27342224121094
1193472,-134.35157775878906
1193936,-123.36666870117188
1194336,-136.52523803710938
1195552,-130.38223266601562
1195760,2.415384531021118
1195760,-51.25185012817383
1199104,-82.38219451904297
1199376,-32.36219787597656
1199584,-11.28787899017334
1200176,6.510389804840088
1200640,28.52975845336914
1200736,-98.79191589355469
1200784,-72.42623138427734
1203136,-122.94705963134766
1203312,-132.7904510498047
1203328,-129.6999969482422
1204864,-127.60790252685547
1204960,-132.0971221923828
1205008,-53.53590774536133
1205424,-124.15467834472656
1205440,-127.80790710449219
1205616,-237.57481384277344
1205952,-123.05488586425781
1206544,-50.25640869140625
1207536,-106.48434448242188
1208640,-132.0891876220703
1209088,-13.101754188537598
1209952,-128.39321899414062
1210080,28.93929672241211
1210256,-134.23887634277344
1210368,-133.89735412597656
1210768,12.168384552001953
1211856,-132.39730834960938
1212768,-81.37459564208984
1212944,34.88237380981445
1213232,-3.5298755168914795
1213488,-89.47142791748047
1214880,-125.99858856201172
1215808,-80.05892181396484
1216016,-16.73569107055664
1216656,-127.4560546875
1217376,1.5823529958724976
1217920,-121.30188751220703
1218784,-26.430768966674805
1219088,-43.311763763427734
1219424,-27.489295959472656
1220256,-52.1363639831543
1221072,-57.66992950439453
1222096,-8.825088500976562
1222128,-132.38253784179688
1222272,-132.10675048828125
1222880,-77.21878814697266
1222992,-135.40769958496094
1223184,-124.10794067382812
1223648,-130.59373474121094
1225808,-129.0269317626953
1226416,-129.45484924316406
1226480,-128.45179748535156
1226688,-126.23332977294922
1226752,-48.963157653808594
1226864,-120.12307739257812
1227392,-105.5073471069336
1228528,-122.62963104248047
1228848,-51.59010696411133
1229392,1.426229476928711
1230848,-47.5704231262207
1230960,-126.32411193847656
1231376,-112.01168823242188
1231584,-134.8177947998047
1231648,-57.233333587646484
1232064,-49.39257049560547
1233008,-16.255319595336914
1233632,-9.111594200134277
1234432,-135.13845825195312
1234576,-143.6434783935547
1235264,-43.17692184448242
1235600,-137.31764221191406
1238208,-127.79791259765625
1238624,-132.3025665283203
1238832,-24.255891799926758
1241296,-40.13888931274414
1242736,-132.97540283203125
1242752,40.66990280151367
1243024,-134.73846435546875
1243072,-101.78218841552734
1244064,57.26143264770508
1244144,-71.59091186523438
1244944,-120.48091888427734
1245280,-81.68852233886719
1245568,-133.09933471679688
1246000,3.63896107673645
1246176,-135.47317504882812
1246256,-123.85942077636719
1246432,-137.7153778076172
1246752,-127.49790954589844
1247056,-108.82693481445312
1248656,-16.426393508911133
1249344,-10.766666412353516
1249984,-18.3421688079834
1251280,-134.93846130371094
1251504,-134.8580322265625
1251680,-123.65693664550781
1251840,-86.79791259765625
1252352,-130.89999389648438
1254672,13.332110404968262
1254736,-96.76249694824219
1254832,3.1187713146209717
1255264,-62.00849533081055
1255456,-85.0591812133789
1255760,-1.4967509508132935
1256288,-121.47930908203125
1258000,-151.99293518066406
1258528,40.28633499145508
1259072,-58.58620834350586
1259472,-99.57514190673828
1260464,-69.25675964355469
1260800,-130.9937286376953
1262544,-128.10791015625
1262688,-133.39405822753906
1262880,-9.677778244018555
1263312,-63.062461853027344
1263344,-124.85942077636719
1264160,0.36713287234306335
1264752,-96.26219940185547
1264928,-50.431705474853516
1265488,1.5349844694137573
1266304,-128.93150329589844
1266544,23.440397262573242
1266656,-135.6571502685547
1268048,-70.725830078125
1268416,-132.1116943359375
1268688,-49.9249153137207
1268720,-44.7135124206543
1269152,44.904476165771484
1269280,-58.43952178955078
1270720,-128.15357971191406
1270848,-31.888404846191406
1271328,-130.5
1271440,-46.145015716552734
1273584,-135.97108459472656
1273728,-81.5050277709961
1275024,-56.60293197631836
1275136,-133.69406127929688
1275696,-127.06643676757812
1275904,-129.96665954589844
1276144,-77.52337646484375
1276768,-229.97413635253906
1277664,-130.3000030517578
1279328,-129.45358276367188
1280080,36.26027297973633
1281024,-119.74092864990234
1281472,-157.11883544921875
1281792,-38.4346923828125
1281872,-130.39999389648438
1281984,72.4148178100586
1282224,-7.308201789855957
1283120,-127.02777862548828
1283296,-129.34161376953125
1283904,-128.15357971191406
1284240,-83.02875518798828
1285120,-92.07142639160156
1285392,-133.19735717773438
1285744,-66.68196868896484
1285904,-44.318519592285156
1286160,-88.29198455810547
1286480,-64.0999984741211
1288176,-130.3937225341797
1288896,-126.9454574584961
1289552,47.19364929199219
1290576,-134.54757690429688
1290656,108.02352905273438
1291248,12.368561744689941
1291648,-135.22218322753906
1292288,-66.63333129882812
1292448,-10.266666412353516
1292688,-132.10675048828125
1292768,-128.20790100097656
1293168,105.49671936035156
1294048,-27.22341537475586
1295200,-130.10000610351562
1295472,-3.1326241493225098
1295952,-134.34483337402344
1296528,16.490909576416016
1297152,-26.220306396484375
1298160,-1.3857142925262451
1298656,-126.09859466552734
1298864,14.733440399169922
1298880,-54.80734634399414
1299536,7.926714897155762
1299600,-123.1029281616211
1299744,-9.7033109664917
1299936,64.22309875488281
1300976,-131.70675659179688
1301184,-126.56643676757812
1301920,-94.16027069091797
1302080,-137.7176513671875
1302656,-129.14161682128906
1302976,-123.55693054199219
1303280,-129.2142791748047
1303664,50.73271560668945
1303936,-63.242027282714844
1304864,-127.42353057861328
1304928,-16.510526657104492
1305776,-128.2535858154297
1306864,-132.297119140625
1307744,-61.110626220703125
1307760,3.886301279067993
1308080,-15.253741264343262
1309968,-138.5193328857422
1310256,48.47937774658203
1310592,-8.399999618530273
1312080,-126.56218719482422
1312768,-136.65237426757812
1313312,-124.50794219970703
1314832,-169.57586669921875
1315872,-127.73150634765625
1317264,-122.10447692871094
1317552,-77.33191680908203
1317936,-33.20508575439453
1318640,47.50236129760742
1318864,-47.277618408203125
1319360,-124.95941925048828
1319360,-138.3831329345703
1319520,-57.71589279174805
1320560,15.72913932800293
1321776,-121.27143096923828
1322592,12.573856353759766
1323488,-133.68946838378906
1324064,-79.80225372314453
1324704,-126.79791259765625
1324816,-132.39999389648438
1327408,45.911190032958984
1327968,83.9124984741211
1328144,-46.40818405151367
1328896,-127.1065673828125
1328928,-56.64285659790039
1329488,-53.157535552978516
1330640,-36.32126235961914
1330992,-136.87367248535156
1331312,-135.24923706054688
1332432,-129.98609924316406
1332736,-126.29859161376953
1333440,-123.0111083984375
1334560,59.24838638305664
1334848,-133.70997619628906
1337056,37.15886688232422
1337280,22.672412872314453
1337360,-55.7338981628418
1337824,96.41986083984375
1338672,96.37322235107422
1338944,-60.51519012451172
1339168,-107.26226043701172
1339392,-128.793212890625
1339808,-132.49713134765625
1341264,-124.88433837890625
1341552,-129.81080627441406
1341776,-106.76007080078125
1341952,-91.63610076904297
1342096,-125.88433837890625
1343280,26.817171096801758
1345152,-78.38947296142578
1345888,-129.45484924316406
1346304,-127.02777862548828
1346944,-82.52631378173828
1347200,-131.21133422851562
1348000,-130.70492553710938
1348800,-128.51080322265625
1349440,2.566147804260254
1349488,4.384115695953369
1349824,-48.24814987182617
1350896,-129.762939453125
1350896,-95.80818176269531
1351392,-132.21075439453125
1352240,-97.80996704101562
1352320,-92.43726348876953
1352688,-127.29791259765625
1353008,-126.69790649414062
1353504,-123.85942077636719
1353680,-131.9113311767578
1354240,-30.548398971557617
1354304,-57.17974853515625
1355104,-126.2854995727539
1355776,-131.05616760253906
1356544,-127.6535873413086
1357648,2.2838709354400635
1357728,-79.7825698852539
1357744,-54.81373977661133
1358048,-16.694808959960938
1358272,-132.3993377685547
1358560,-134.9589080810547
1358624,102.6563720703125
1359408,-60.52927017211914
1360768,-125.04285430908203
1360880,-3.1937499046325684
1360992,-133.98361206054688
1361616,-128.49322509765625
1363008,-127.38260650634766
1365216,-135.0960235595703
1365968,93.33221435546875
1366096,-58.987178802490234
1366944,-133.72500610351562
1367712,-126.63333129882812
1367952,35.83790969848633
1370192,-104.79964447021484
1370672,-131.87550354003906
1370880,46.016319274902344
1371520,-111.53053283691406
1372048,-134.10997009277344
1372736,-2.3852458000183105
1374208,-131.7755126953125
1374304,37.27510452270508
1375104,-36.09566879272461
1376256,-127.25605773925781
1376432,19.608219146728516
1376912,-124.75467681884766
1377344,12.40389633178711
1378352,-129.65484619140625
1378720,-64.89241027832031
1379840,54.906105041503906
1380544,-58.773353576660156
1381072,15.410852432250977
1381840,-134.3000030517578
1382640,-132.21168518066406
1383024,-34.871646881103516
1384288,61.14468002319336
1384800,-126.02411651611328
1384832,-123.4029312133789
1385008,-128.39321899414062
1385888,-32.99118423461914
1386640,-120.85665130615234
1386864,-54.14615249633789
1387888,-28.726181030273438
1388016,77.59677124023438
1388256,-19.197792053222656
1388704,-14.558903694152832
1389088,-127.36593627929688
1392608,-130.63491821289062
1393120,-15.936363220214844
1393648,18.334218978881836
1394224,-16.211111068725586
1394720,-128.23150634765625
1397664,-115.49818420410156
1397792,-116.11376953125
1398064,-65.10997009277344
1399344,-5.0983052253723145
1399376,-131.86083984375
1399552,-69.40328216552734
1399696,28.072160720825195
1399776,-133.75157165527344
1400480,-39.06618881225586
1401120,-48.928070068359375
1401904,-10.477777481079102
1402640,-91.2078857421875
1402816,-3.5121212005615234
1404976,19.5145206451416
1405184,-129.98609924316406
1405536,-11.881760597229004
1405760,36.92856979370117
1406224,-125.88947296142578
1407456,-120.38091278076172
1407552,-20.605262756347656
1408176,-137.5275421142578
1409200,-67.07483673095703
1409664,-128.33151245117188
1410400,-53.563575744628906
1411136,17.183149337768555
1411504,-132.19393920898438
1411648,-23.81342315673828
1412624,31.6639461517334
1412704,154.1550750732422
1412864,40.23866271972656
1413392,-128.25180053710938
1413440,-30.973201751708984
1413696,-10.426996231079102
1413824,28.935495376586914
1414224,-124.2594223022461
1414464,20.976259231567383
1415040,-130.80491638183594
1415136,-18.193851470947266
1415408,-60.08260726928711
1416160,-75.18412780761719
1417792,-90.69075012207031
1418368,-69.32168579101562
1418480,-68.23332977294922
1419040,-23.95839500427246
1419696,19.78361701965332
1419728,-12.56382942199707
1420304,-23.084745407104492
1420736,84.65744018554688
1421376,-49.56216049194336
1421408,-82.21044921875
1421584,-27.027177810668945
1421584,-111.5270767211914
1423280,-55.55263137817383
1423472,-135.91766357421875
1424256,-44.10645294189453
1424640,-126.70303344726562
1424848,-22.51068687438965
1426480,-131.86654663085938
1427184,-118.90118408203125
1427648,-17.22857093811035
1427984,-124.98965454101562
1428288,119.65524291992188
1428560,-27.504301071166992
1429456,-33.89710235595703
1429760,-117.47692108154297
1430656,-82.91993713378906
1431136,-48.03953552246094
1432336,-132.19712829589844
1432560,11.293536186218262
1432768,-127.85358428955078
1432864,-119.14093017578125
1434416,-133.73887634277344
1434528,-94.9295883178711
1434912,-129.21971130371094
1437536,-122.72962951660156
1437824,-133.06309509277344
1439072,-3.024104118347168
1439664,-132.71168518066406
1439936,-14.696026802062988
1442672,-22.966264724731445
1442832,-163.36581420898438
1442912,-129.0932159423828
1443216,-124.99964141845703
1443280,-128.99322509765625
1443744,-15.328476905822754
1443920,26.200000762939453
1444304,-133.5894775390625
1445200,24.491512298583984
1445216,-128.58387756347656
1445472,-131.5107421875
1446656,-134.5099639892578
1446736,-51.63529586791992
1447216,-129.56666564941406
1447920,-82.69306945800781
1450064,-126.23332977294922
1451392,-43.523075103759766
1451840,12.041463851928711
1452192,-125.48434448242188
1452224,-139.38272094726562
1452752,-120.45484924316406
1453456,-132.19393920898438
1453936,-119.56153869628906
1455536,-131.11074829101562
1456336,-39.55131149291992
1458048,-117.09477996826172
1458448,25.320804595947266
1461072,2.347137928009033
1461872,-29.580644607543945
1463008,-142.7887725830078
1463264,-122.72962951660156
1463360,29.46306610107422
1463440,-136.0731658935547
1463616,-27.515254974365234
1463824,-124.16062927246094
1464368,-121.51358795166016
1465856,-119.75177001953125
1465904,114.97142791748047
1467408,-129.98609924316406
1468528,-113.66928100585938
1468624,36.677734375
1469072,-38.02467346191406
1470960,14.902657508850098
1471280,-74.15470123291016
1472752,-131.11074829101562
1473072,-125.90794372558594
1473968,6.094139099121094
1474672,-131.60968017578125
1477936,22.600000381469727
1478608,236.39759826660156
1478640,-140.12738037109375
1479312,-24.1064510345459
1479552,95.5867919921875
1480048,-128.99322509765625
1482304,-122.89090728759766
1482992,0.4504885971546173
1484752,-123.4569320678711
1485184,-59.38816452026367
1486032,-26.194345474243164
1487376,17.299999237060547
1487488,-28.47142791748047
1488560,-53.570213317871094
1488800,-125.93082427978516
1489216,33.266666412353516
1489552,-62.274818420410156
1489984,-134.91778564453125
1490256,-91.80299377441406
1490832,-33.966426849365234
1490880,-62.64754104614258
1491776,-32.35892105102539
1491984,-159.48434448242188
1492272,-125.34285736083984
1492480,-135.0076904296875
1492992,-122.42962646484375
1493072,61.590091705322266
1493552,-123.78107452392578
1493552,-45.607017517089844
1494080,-135.23548889160156
1496400,-134.89378356933594
1497088,-125.96218872070312
1497280,-133.6388702392578
1498128,-115.71070098876953
1498448,-120.58091735839844
1499888,8.844710350036621
1500320,-148.34762573242188
1500944,-136.9138641357422
1501200,46.38571548461914
1501344,-127.72785186767578
1502096,-86.11355590820312
1502176,-10.65294075012207
1503840,-56.98854446411133
1505552,-131.30850219726562
1505632,-126.16219329833984
1505792,-114.68760681152344
1507264,72.13196563720703
1508192,-94.55912780761719
1508704,-20.461313247680664
1509136,-26.45853614807129
1509808,45.787498474121094
1510192,-142.72052001953125
1511024,44.056114196777344
1511248,-123.68930053710938
1511888,-142.60848999023438
1511952,-134.33547973632812
1512224,-125.64286041259766
1512880,-57.617610931396484
1513872,-73.0982437133789
1514352,31.541175842285156
1514688,37.63170623779297
1514864,-144.95687866210938
1515488,24.8717041015625
1516160,-88.94285583496094
1516224,4.947137832641602
1516560,-127.12777709960938
1517600,-132.7904510498047
1518448,-42.2757682800293
1518448,-129.2702178955078
1518544,2.6364963054656982
1518608,-3.669294595718384
1518672,-127.65605163574219
1520320,-133.4630889892578
1520448,-97.71111297607422
1521008,-82.74561309814453
1521648,-53.806129455566406
1522224,161.89999389648438
1523008,-76.15470123291016
1524608,-114.2513198852539
1525120,-132.4825439453125
1525920,-35.869205474853516
1526080,108.73332977294922
1526992,-126.05467987060547
1528656,-39.32087707519531
1529008,-58.95488357543945
1529344,-129.31080627441406
1531200,-132.49932861328125
1532912,-53.011112213134766
1533984,-41.325927734375
1534000,-132.3107452392578
1534608,-74.5999984741211
1534800,-66.20909118652344
1534800,-24.52857208251953
1534816,-11.39691162109375
1535408,170.73333740234375
1536272,-35.766666412353516
1536352,-134.80471801757812
1536528,-127.39791107177734
1536896,-128.65179443359375
1537344,-128.95358276367188
1537616,22.300743103027344
1538384,-133.45156860351562
1538448,-56.1368408203125
1538672,0.2454545497894287
1539392,-130.38609313964844
1539616,0.8668989539146423
1540240,-18.666187286376953
1540496,-133.1734161376953
1540640,-103.75032043457031
1541424,-124.30908966064453
1541552,13.453405380249023
1542672,-132.39999389648438
1544608,-44.14210510253906
1544944,-122.73895263671875
1546384,-7.637704849243164
1547056,-121.67142486572266
1547056,-49.83636474609375
1549232,23.0343074798584
1549440,19.558170318603516
1550336,-55.41613006591797
1553040,-1.6758620738983154
1553696,-125.45893859863281
1553872,70.8302993774414
1554352,-127.42778015136719
1554752,-18.244443893432617
1555056,-84.67674255371094
1555344,251.6460418701172
1555984,-31.810218811035156
1556256,-53.251670837402344
1557296,40.018917083740234
1557312,-84.1605453491211
1557712,29.841379165649414
1558784,-128.81080627441406
1559296,-50.163780212402344
1559392,-131.5830535888672
1560032,-69.17037200927734
1560192,-129.96665954589844
1560400,69.27346801757812
1562288,-132.19393920898438
1564416,-47.57543182373047
1564416,-22.16216278076172
1564592,-127.82777404785156
1565408,0.08070175349712372
1565472,-117.19999694824219
1565696,-100.22903442382812
1566656,-1.0138577222824097
1566688,-20.073884963989258
1568752,10.562711715698242
1568896,-40.588890075683594
1569040,-7.4874587059021
1569088,130.19317626953125
1569280,5.5791521072387695
1570368,-38.24371337890625
1570880,-113.43122100830078
1571296,-76.40555572509766
1571664,-37.40457534790039
1572144,-130.27706909179688
1572960,-125.09963989257812
1572992,-63.88888931274414
1574208,16.883272171020508
1574480,-8.383882522583008
1574592,-17.82586669921875
1575104,-45.063934326171875
1575504,-120.18091583251953
1577200,-133.69406127929688
1577216,-131.0770721435547
1577216,-122.84706115722656
1578256,-115.65646362304688
1579312,1.398305058479309
1580400,18.84913444519043
1580576,-126.59963989257812
1581696,-62.31139373779297
1582176,24.75475311279297
1582240,238.79104614257812
1582592,-97.68854522705078
1582736,-65.78402709960938
1583440,-126.28338623046875
1583904,-64.29230499267578
1584304,-104.70465850830078
1584720,-112.14495086669922
1584784,-40.055320739746094
1585120,-132.60675048828125
1586096,13.042414665222168
1587232,-131.71168518066406
1587984,-26.447368621826172
1588400,66.13859558105469
1589200,-29.100000381469727
1589728,-2.3208632469177246
1590080,-132.2891845703125
1590208,-40.847530364990234
1591536,-60.06511688232422
1591840,-134.15802001953125
1592176,-77.52857208251953
1593232,56.89189147949219
1594256,14.218181610107422
1594576,-127.43333435058594
1595184,-48.72101974487305
1595488,-115.47457885742188
1595504,-39.174495697021484
1596416,-104.47132873535156
1596480,103.62112426757812
1596720,-39.31084442138672
1597296,-126.73332977294922
1599872,-40.29337692260742
1600336,-77.02265167236328
1600848,-15.273509979248047
1601280,31.87417221069336
1601680,-119.28125
1601920,-132.1116943359375
1602368,-49.797420501708984
1602448,-129.5548553466797
1602688,-127.56643676757812
1603664,104.53036499023438
1604288,-66.96634674072266
1604592,-133.55157470703125
1606112,-34.056461334228516
1606160,-89.92915344238281
1607792,-139.7142791748047
1609216,-132.10968017578125
1609248,-121.87142944335938
1609856,-128.13150024414062
1610960,32.86666488647461
1611168,113.26667022705078
1611296,-17.862775802612305
1611600,-17.721261978149414
1613280,9.322097778320312
1614208,-36.94776153564453
1614480,-0.16139817237854004
1614512,-1.782838225364685
1614768,-0.45384615659713745
1616672,31.172931671142578
1616944,-133.297119140625
1617152,-25.789655685424805
1617536,-128.73150634765625
1618512,-34.80952453613281
1618720,-50.16148376464844
1619168,-129.11080932617188
1620000,-50.6566047668457
1620208,4.981818199157715
1620224,-109.82410430908203
1620816,-121.60189056396484
1621440,-2.2271523475646973
1621472,-17.916927337646484
1621536,-120.71878814697266
1621712,-131.11074829101562
1625328,-69.543212890625
1625680,-9.83310604095459
1626384,-10.376470565795898
1626592,10.254753112792969
1626912,-38.931034088134766
1629888,-45.16729736328125
1630656,-126.44285583496094
1630800,-2.7206897735595703
1630816,-128.35604858398438
1631104,-88.17790222167969
1632192,-6.187671184539795
1633184,-130.0822296142578
1633216,-121.00306701660156
1633776,-23.94427490234375
1635008,24.157142639160156
1636240,-57.83333206176758
1636512,29.908218383789062
1637360,-13.603144645690918
1638464,20.046154022216797
1639344,-125.35942077636719
1639584,-128.09791564941406
1640800,-69.88973999023438
1642672,-119.07003784179688
1642768,-17.581817626953125
1643008,-22.547019958496094
1643776,-82.65904235839844
1644560,-125.78433990478516
1644768,-133.18304443359375
1646176,-44.02857208251953
1646912,44.632877349853516
1647088,54.21837615966797
1647296,-81.9128646850586
1647920,-137.88153076171875
1649008,-136.63796997070312
1649696,-64.4330825805664
1650256,-31.20818519592285
1650640,143.91539001464844
1650928,-122.50447845458984
1651216,-141.1138153076172
1652672,94.58299255371094
1652928,-127.88275909423828
1654656,-67.58311462402344
1654976,-81.36593627929688
1657408,-60.00794219970703
1657792,-1.720900297164917
1658480,191.33226013183594
1659184,-123.64705657958984
1660480,-135.46807861328125
1665152,-32.09618377685547
1665520,-93.96593475341797
1665744,276.2034606933594
1665856,-122.80447387695312
1665920,-60.124691009521484
1666448,64.92467498779297
1668432,27.450000762939453
1669344,-135.10769653320312
1669520,-42.20000076293945
1669760,-58.0904426574707
1670224,-80.10314178466797
1670256,17.22540283203125
1670512,-32.425621032714844
1670704,-36.44242477416992
1671120,-39.066341400146484
1671632,97.94779205322266
1671696,38.72289276123047
1672624,-122.46803283691406
1672912,20.402324676513672
1674528,-135.49378967285156
1675280,-8.212676048278809
1675504,15.758155822753906
1675552,-99.33442687988281
1676528,-39.180419921875
1679424,5.614521503448486
1679808,247.57923889160156
1680768,-6.275451183319092
1681872,-0.8999999761581421
1681920,-71.54312896728516
1682976,128.9003448486328
1684208,-105.29434967041016
1685520,-9.070355415344238
1686000,-85.04927825927734
1687120,41.14265823364258
1687776,-129.05606079101562
1688736,51.15328598022461
1689328,-84.43521118164062
1689472,-22.403244018554688
1689776,-119.1630859375
1691056,200.46363830566406
1691056,-34.797298431396484
1691584,-128.47415161132812
1691792,9.919178009033203
1692464,-35.07567596435547
1692496,-80.6709213256836
1692624,24.23981285095215
1694224,9.061111450195312
1694336,-132.0
1695600,83.97728729248047
1696800,17.358823776245117
1697008,16.301694869995117
1697584,-57.64656448364258
1699312,7.884410858154297
1699696,-18.74688720703125
1699824,-139.87705993652344
1700560,-50.277618408203125
1700672,181.25070190429688
1701024,20.106897354125977
1701120,-51.623077392578125
1701136,-24.684476852416992
1701872,-30.010299682617188
1701936,-117.18709564208984
1703504,-124.95467376708984
1706864,107.44705963134766
1707888,-30.03636360168457
1707936,-126.49858856201172
1708576,189.16842651367188
1708576,-125.80794525146484
1708624,-27.804895401000977
1708976,232.471435546875
1709888,-34.27692413330078
1710880,-3.0759196281433105
1712000,-130.5548553466797
1713088,-11.699371337890625
1713552,-85.70577239990234
1716304,-30.087324142456055
1718736,53.60300827026367
1718752,-54.63563919067383
1719392,19.97269630432129
1719408,-90.45059967041016
1719872,-54.27460479736328
1719968,-53.016929626464844
1720704,24.082706451416016
1720704,-60.20769119262695
1720800,37.02716064453125
1721472,-28.988889694213867
1722096,43.965354919433594
1722192,-125.88433837890625
1722416,-33.5731201171875
1722960,-65.9873046875
1723616,-45.24528884887695
1724128,-130.4108123779297
1726320,-131.00491333007812
1726560,-132.2025604248047
1727024,-67.66219329833984
1727840,142.54193115234375
1728880,-32.912696838378906
1730576,-56.61246109008789
1731056,-135.69818115234375
1731296,-65.65806579589844
1732160,-131.5822296142578
1733168,-34.97449493408203
1733408,-130.1770782470703
1733520,162.7737579345703
1733648,-56.69108963012695
1734400,51.46603775024414
1734880,-131.26666259765625
1736000,-43.24053955078125
1736064,-136.6571502685547
1736096,8.56687068939209
1736672,-125.29434204101562
1737696,3.845454454421997
1738096,57.99444580078125
1739120,-129.6770782470703
1739808,66.24777221679688
1740096,-64.87567901611328
1740192,29.07878875732422
1740208,-129.62693786621094
1740880,155.83102416992188
1740960,49.733333587646484
1743360,-128.4560546875
1744784,-1.7469533681869507
1745168,-122.76802825927734
1745856,-3.9621622562408447
1746288,24.74039649963379
1746640,-140.04444885253906
1746880,-63.034568786621094
1746896,-126.33333587646484
1747200,-136.48873901367188
1748400,-131.4084930419922
1748736,-123.59074401855469
1749616,-86.52783966064453
1751504,56.807193756103516
1751648,-102.51754760742188
1751968,-135.45802307128906
1753440,-42.85197067260742
1753616,-126.73332977294922
1753744,34.03888702392578
1753920,-131.1666717529297
1754832,-44.09328079223633
1755680,-32.87543869018555
1756368,-24.866666793823242
1756944,-119.54092407226562
1757200,56.583560943603516
1758160,-128.3065643310547
1759280,213.60321044921875
1759312,-128.05606079101562
1759376,-132.7665557861328
1759520,-128.2827606201172
1759760,-125.35893249511719
1759984,-136.35714721679688
1761216,-89.20303344726562
1761360,-29.315807342529297
1761744,-131.70492553710938
1761792,-15.656603813171387
1762272,-56.007381439208984
1762288,-128.49322509765625
1763184,-43.47878646850586
1765040,323.41748046875
1765296,-129.35604858398438
1765424,-3.9482994079589844
1765440,-141.70265197753906
1766352,-4.436241626739502
1766800,40.47632598876953
1767824,-106.26690673828125
1768032,60.62578582763672
1769936,-134.0099639892578
1770032,-133.7939453125
1770304,157.10398864746094
1771744,155.35263061523438
1772000,-13.03636360168457
1773088,-77.43888854980469
1773536,160.12332153320312
1773856,-179.6060333251953
1774704,-121.2700424194336
1775168,18.535293579101562
1775968,-115.96422576904297
1778000,-38.121543884277344
1778640,-103.25454711914062
1779040,171.2353515625
1780752,-135.1764678955078
1781824,-41.52592468261719
1782016,168.40377807617188
1782576,-62.46666717529297
1782688,-130.59373474121094
1783072,-2.2811880111694336
1783776,33.14738845825195
1786400,-33.944793701171875
1786928,-129.35604858398438
1787264,51.11971664428711
1787744,-84.80941009521484
1787888,275.9510192871094
1787984,0.03333333507180214
1788736,199.45602416992188
1788960,65.30062103271484
1790320,34.40911865234375
1791552,-133.0971221923828
1792592,-67.01188659667969
1792720,-38.53333282470703
1793168,-125.31818389892578
1793536,-41.47142791748047
1793664,-133.90997314453125
1794032,14.129138946533203
1794320,100.3801498413086
1795056,-26.0222225189209
1795072,-74.06153869628906
1795088,-119.08113098144531
1795760,-136.36807250976562
1796896,-27.162500381469727
1797184,-124.5029296875
1798208,405.0169677734375
1798672,4.736231803894043
1799184,-132.77342224121094
1801616,173.09230041503906
1802192,-119.1043472290039
1802416,-113.0
1802608,-50.27943801879883
1802800,-52.54999923706055
1803488,2.7142856121063232
1803536,61.74920654296875
1804912,-130.82693481445312
1804912,-106.2033920288086
1805328,-126.46218872070312
1807792,-125.79964447021484
1808528,26.799999237060547
1809456,61.28321075439453
1810192,-85.83636474609375
1811824,-137.5710906982422
1814640,-127.49858856201172
1815136,158.13706970214844
1815312,-80.6894760131836
1815632,-16.592226028442383
1815936,69.22123718261719
1816000,-133.3113250732422
1816752,-57.024112701416016
1818112,-26.166187286376953
1819840,-108.36917877197266
1820864,-49.99292755126953
1821072,-74.81779479980469
1821552,-133.51132202148438
1822688,-26.142105102539062
1823536,-81.97761535644531
1823664,-65.49760437011719
1824688,-34.60407638549805
1824992,402.5710144042969
1826896,-133.111328125
1827760,-11.11830997467041
1827776,32.4094352722168
1827920,32.75035858154297
1830448,-120.9959716796875
1831024,-127.63581848144531
1831248,16.19230842590332
1831360,-131.1310272216797
1831456,-74.16666412353516
1833040,-79.72927856445312
1833296,83.31914520263672
1834096,113.95880126953125
1835728,41.452632904052734
1835744,-14.287912368774414
1836352,-83.9449462890625
1837040,-16.391565322875977
1837872,19.884790420532227
1838496,-136.2904510498047
1839152,-138.35279846191406
1839168,-133.51132202148438
1839792,21.93220329284668
1840352,83.49444580078125
1840880,-135.5492401123047
1841344,5.542028903961182
1841504,-11.744537353515625
1842592,-130.7702178955078
1842592,-54.63436508178711
1843152,-21.8380184173584
1844896,-117.51039123535156
1845248,-21.832107543945312
1845568,-118.3665542602539
1846576,15.217881202697754
1847344,12.469959259033203
1847376,-49.07500076293945
1849120,12.821276664733887
1849600,-52.43157958984375
1850704,-126.79862213134766
1851424,62.76315689086914
1851776,-59.92218017578125
1852400,6.396139144897461
1853568,127.09661102294922
1853808,-63.3636360168457
1853824,-127.78276062011719
1853904,111.8272705078125
1854288,40.9542121887207
1855632,-127.0556869506836
1856384,47.82119369506836
1856656,-42.057552337646484
1856832,-24.714815139770508
1856928,231.48304748535156
1858432,76.54730224609375
1858720,17.349838256835938
1860912,3.9918429851531982
1861552,37.84178924560547
1862304,-133.2665557861328
1862432,85.0693130493164
1862608,23.183149337768555
1862848,24.920690536499023
1863088,1.6313167810440063
1863744,-2.987898111343384
1863984,20.49256134033203
1864416,20.715181350708008
1865664,-131.06666564941406
1865664,30.706329345703125
1865824,142.27047729492188
1866224,-82.79425048828125
1866384,142.6857147216797
1867392,39.4898567199707
1867744,-134.86309814453125
1868592,-21.866186141967773
1869072,-133.611328125
1869424,-33.39580535888672
1871392,-59.084983825683594
1871536,-121.20306396484375
1872496,85.58844757080078
1872880,79.68675231933594
1873664,-134.40255737304688
1873856,39.13783645629883
1874592,29.1639461517334
1874880,-28.119718551635742
1875232,60.224830627441406
1875760,-143.5179443359375
1876272,-52.54745864868164
1876624,-125.85693359375
1878048,-6.995330810546875
1879584,-45.48358154296875
1879616,29.01386070251465
1880576,-128.63333129882812
1880928,-75.4656753540039
1881216,-134.08360290527344
1881328,154.3394012451172
1881584,-9.17038345336914
1882032,-61.72601318359375
1882400,27.809091567993164
1882496,-61.2185173034668
1882672,12.958503723144531
1883600,28.690698623657227
1885792,-127.19963836669922
1886176,4.535616397857666
1887168,-56.9012565612793
1887328,109.62940979003906
1888336,-135.1764678955078
1889152,-135.19406127929688
1889680,256.9992980957031
1889856,-69.12857055664062
1889888,98.82904052734375
1890032,56.74871826171875
1891520,275.739013671875
1892656,-136.5242462158203
1893040,-134.49932861328125
1893312,-84.77692413330078
1894208,-41.587181091308594
1894576,-136.45802307128906
1894800,119.37798309326172
1894976,-49.33110427856445
1895360,-64.58402252197266
1895520,-20.831148147583008
1896304,-78.7429428100586
1896512,43.05217361450195
1898416,-134.6825408935547
1898640,-1.6274021863937378
1898992,186.18211364746094
1899120,-3.087285280227661
1900928,-52.507347106933594
1901120,-96.6633071899414
1901168,-87.90611267089844
1902240,2.807936429977417
1903520,-85.05714416503906
1906656,-35.353981018066406
1906704,-27.528301239013672
1906800,-130.4416046142578
1908432,61.878910064697266
1910064,92.02592468261719
1910144,-65.02140808105469
1910176,101.03289794921875
1910576,89.40884399414062
1912176,-133.35157775878906
1912256,160.29473876953125
1912640,-5.083971977233887
1913504,-127.39859008789062
1913504,-71.42778015136719
1913616,37.233577728271484
1915104,82.67491149902344
1915200,52.05789566040039
1915424,-67.1967544555664
1915536,82.48566436767578
1916176,-126.53333282470703
1916384,14.90267562866211
1916832,36.51850509643555
1917648,-48.37153244018555
1918320,67.02723693847656
1918624,-60.158729553222656
1919440,-133.26309204101562
1919760,-128.08433532714844
1919872,-64.02452850341797
1920416,-34.567832946777344
1920640,-78.73883056640625
1921360,23.329322814941406
1922848,-131.60491943359375
1923424,1.3185052871704102
1923984,-123.07142639160156
1925968,128.38763427734375
1926256,-133.10848999023438
1926544,20.639175415039062
1926800,-91.53438568115234
1927808,-65.8042984008789
1928352,-131.1310272216797
1928896,-73.6137924194336
1929424,-19.391550064086914
1929536,-1.175438642501831
1930880,134.96900939941406
1934448,37.822784423828125
1934944,160.9136505126953
1936208,-133.30967712402344
1937216,52.78823471069336
1938688,10.76229476928711
1939136,-79.3573989868164
1940272,846.0517578125
1940704,46.41337966918945
1941600,-127.66219329833984
1942016,-23.97683334350586
1942128,-58.29090881347656
1943712,-84.05789184570312
1943712,-130.2860870361328
1944064,51.396610260009766
1946016,-26.425424575805664
1946160,94.91947937011719
1946496,-5.061488628387451
1946528,-4.220996379852295
1947280,64.35897064208984
1947616,-205.8798828125
1948048,-29.57313346862793
1950208,165.4508056640625
1950208,-129.2702178955078
1950480,24.063945770263672
1950880,763.1824951171875
1953008,13.175862312316895
1953312,-26.623729705810547
1953504,0.48843538761138916
1954240,121.26487731933594
1955584,-139.4815216064453
1956720,-135.97108459472656
1957424,22.483783721923828
1959584,-26.646953582763672
1960496,-133.89405822753906
1960800,55.10763168334961
1961840,-110.45291900634766
1962784,200.69775390625
1962960,430.91461181640625
1963136,410.5464782714844
1963584,-127.42778015136719
1963952,-130.48609924316406
1964192,-72.67658996582031
1964496,-15.275840759277344
1965008,15.750724792480469
1965072,-125.24705505371094
1965696,-133.41075134277344
1966240,88.6417236328125
1966448,-0.08679245412349701
1966480,24.730770111083984
1968000,-1.6713286638259888
1969008,877.794677734375
1969168,30.485246658325195
1969568,98.68108367919922
1969776,-2.6630136966705322
1970096,5.748096942901611
1971424,-6.642857074737549
1972176,-50.7081184387207
1972208,-130.69322204589844
1972512,25.820289611816406
1973712,-55.94483947753906
1974240,-128.65179443359375
1974592,-24.333833694458008
1974624,-111.76900482177734
1974880,-19.27692222595215
1976592,-124.86206817626953
1976736,-130.5269317626953
1976992,33.16666793823242
1977888,-90.75245666503906
1978816,5.531460762023926
1979456,-129.8741455078125
1980464,97.4000015258789
1980912,-138.12017822265625
1980928,-129.0932159423828
1982064,50.39152526855469
1982080,-80.16666412353516
1982560,-31.20677947998047
1982976,180.29937744140625
1983776,13.65882396697998
1984464,-130.77415466308594
1985888,-124.45941925048828
1988368,-27.69074821472168
1988512,92.33769226074219
1988736,20.841463088989258
1990064,65.08102416992188
1990944,-49.991920471191406
1991344,-103.46246337890625
1992272,-144.88705444335938
1993376,-111.67910766601562
1993392,-28.17308807373047
1993824,275.1953125
1995296,1.4684211015701294
1995488,-130.61080932617188
1996688,23.621864318847656
1997312,-50.9661865234375
1997696,-68.45600891113281
1997776,277.3671569824219
1998208,-122.82962799072266
1998256,-129.60791015625
2000688,-64.39712524414062
2002416,-37.76826095581055
2002512,102.5629653930664
2003552,4.454902172088623
2004048,-4.344866752624512
2004480,37.64347839355469
2005328,-49.227027893066406
2005552,-64.10314178466797
2006288,263.5666809082031
2006432,41.9581413269043
2006672,-125.12411499023438
2007296,-129.74305725097656
2008128,73.02323150634766
2008544,74.64476013183594
2009168,160.71868896484375
2009472,-123.96803283691406
2009520,44.40267562866211
2010064,41.70229721069336
2010752,-47.77543258666992
2011616,-29.369230270385742
2012448,-139.7869873046875
2012592,-133.05157470703125
2013936,303.6517333984375
2016560,-27.75091552734375
2017888,31.4511775970459
2020672,-66.72777557373047
2022080,-130.20790100097656
2022528,-75.95734405517578
2024928,-29.986955642700195
2026192,136.78160095214844
2027248,-16.412500381469727
2028048,61.3873405456543
2029488,-134.49044799804688
2029584,60.51962661743164
2030128,77.96184539794922
2031808,199.25189208984375
2032784,29.062963485717773
2033328,-124.53894805908203
2033776,-53.340213775634766
2034368,-123.80293273925781
2035376,29.948543548583984
2035712,1.2230769395828247
2036032,241.75633239746094
2037472,-130.24160766601562
2039312,-54.29281234741211
2040016,-39.482757568359375
2040272,-130.23150634765625
2040384,-127.61804962158203
2041408,-37.689170837402344
2042848,44.161537170410156
2043696,-134.70675659179688
2044736,-122.24179077148438
2045376,206.3013916015625
2045808,-127.86219024658203
2047280,14.909505844116211
2048272,15.286826133728027
2048336,-23.755556106567383
2049328,-22.515430450439453
2049648,-130.5741424560547
2050656,-7.924715042114258
2051584,92.58380126953125
2053888,68.7952880859375
2054352,-48.13114929199219
2054480,80.93333435058594
2056672,293.7938537597656
2057360,-137.2076873779297
2057776,75.45237731933594
2058160,340.7820739746094
2058768,-137.47647094726562
2059440,158.37889099121094
2059488,111.65540313720703
2060448,-16.257911682128906
2062496,-31.697938919067383
2062688,122.61222839355469
2063216,37.62105178833008
2063280,83.08232116699219
2063792,-59.172550201416016
2064192,-28.777742385864258
2065280,-19.11986541748047
2065696,33.95878219604492
2066592,-150.13287353515625
2067680,212.68235778808594
2068320,74.59838104248047
2068768,158.68699645996094
2068960,355.5300598144531
2069568,-39.27692413330078
2069936,-94.2845230102539
2071600,181.7794189453125
2071616,-28.582469940185547
2072240,-107.42353057861328
2072864,-92.60306549072266
2073760,-124.30000305175781
2073968,69.21072387695312
2074576,11.83065128326416
2076000,-57.996490478515625
2076528,-24.624103546142578
2076720,30.485185623168945
2076928,222.25640869140625
2077200,294.2936096191406
2079664,89.44137573242188
2079712,-4.069230556488037
2079824,168.160400390625
2080608,38.17618942260742
2081776,-121.54092407226562
2082160,-56.842857360839844
2083536,-98.63593292236328
2083920,-129.00657653808594
2084096,-55.83243179321289
2085168,-132.32693481445312
2086000,102.34635925292969
2086128,-23.38947296142578
2087296,24.514286041259766
2091360,-47.95936584472656
2091504,-136.5492401123047
2091808,15.468965530395508
2093680,-129.13150024414062
2093872,-95.17792510986328
2094048,12.490697860717773
2095984,-131.7860870361328
2096448,-125.15467834472656
2096592,171.56137084960938
2096672,9.80476188659668
2098304,-96.24042510986328
2099072,67.09308624267578
2100448,-22.37792205810547
2100496,-18.5585994720459
2100864,1.9541352987289429
2101904,64.69999694824219
2102256,8.866666793823242
2102400,-24.70496368408203
2104160,-42.43783950805664
2104720,298.1078186035156
2106480,-141.11428833007812
2106800,272.7610168457031
2107440,82.14647674560547
2108000,-45.172725677490234
2108768,41.42499923706055
2109152,-63.48741149902344
2109552,89.12234497070312
2109680,-34.91456985473633
2111088,45.93205642700195
2111328,-111.91168975830078
2112016,-69.50967407226562
2112144,-0.504280149936676
2113104,-18.26569366455078
2113872,22.378948211669922
2115440,-14.509352684020996
2116064,201.37059020996094
2116768,-51.31538391113281
2116944,-12.767637252807617
2117648,868.8179931640625
2118880,390.28460693359375
2119584,126.30476379394531
2119760,0.4333333373069763
2121344,50.0836181640625
2121360,678.567626953125
2121872,-132.60491943359375
2122032,112.0888900756836
2122448,24.27338218688965
2122768,-130.3741455078125
2123536,132.5752716064453
2123776,-83.21907806396484
2125456,-55.747291564941406
2126832,-135.1764678955078
2128432,17.55806541442871
2129504,30.95166015625
2130544,145.35789489746094
2131280,149.50526428222656
2131536,-54.05231857299805
2132048,76.77222442626953
2132272,-96.25294494628906
2133040,-127.82777404785156
2135296,53.595237731933594
2136576,2.565187692642212
2136592,-54.57974624633789
2136592,-17.600000381469727
2138128,435.80169677734375
2138144,42.83623123168945
2138528,-5.301418304443359
2138784,-140.4227294921875
2138944,-10.415613174438477
2139968,-136.158447265625
2140192,63.12929153442383
2141104,-134.8635711669922
2141440,-12.889208793640137
2142720,-86.14149475097656
2143920,-76.38919067382812
2145264,-13.821712493896484
2145456,11.276712417602539
2145680,-132.5830535888672
2146192,237.6397247314453
2149328,112.53333282470703
2149632,496.2020263671875
2149712,132.79568481445312
2150000,-82.89254760742188
2150368,-113.4029312133789
2150720,294.84539794921875
2151808,32.13006591796875
2151920,-130.02352905273438
2153120,-80.69933319091797
2153904,141.43077087402344
2155120,87.11579132080078
2157408,-131.26666259765625
2158560,-41.07944107055664
2158992,49.13030242919922
2159456,-47.864227294921875
2161504,-2.5172414779663086
2162896,-61.55925750732422
2162992,47.555362701416016
2163312,-52.8983268737793
2163552,-63.10491943359375
2163840,-133.40675354003906
2165008,-128.23333740234375
2165728,147.7012481689453
2166016,12.429411888122559
2166224,30.648452758789062
2166560,-4.824999809265137
2167088,-126.86050415039062
2167200,-31.490657806396484
2168128,-132.2108154296875
2168320,-70.71074676513672
2168592,203.1478271484375
2170656,120.7784194946289
2172352,293.6181945800781
2172976,698.6448974609375
2173776,-128.18275451660156
2174080,42.905479431152344
2175088,-129.99322509765625
2175488,30.938364028930664
2176800,111.88040924072266
2177488,32.0
2177984,135.22409057617188
2178048,-17.38681411743164
2178352,-127.52777862548828
2178832,-66.15605163574219
2179968,-66.4858169555664
2180128,-53.3868522644043
2180480,295.80133056640625
2180480,-17.620847702026367
2180816,-129.93150329589844
2182704,213.9033203125
2183328,80.91666412353516
2183520,-118.37692260742188
2185456,0.7595505714416504
2186848,-115.39434814453125
2186880,276.1170349121094
2187744,49.1561164855957
2188832,145.03379821777344
2190976,683.263427734375
2191232,447.5265197753906
2192800,538.1454467773438
2193952,142.98922729492188
2194272,173.10556030273438
2194752,-16.32093048095703
2194912,-133.8249969482422
2195200,124.90625
2196336,-128.85604858398438
2196864,-129.59791564941406
2197232,-58.706451416015625
2198576,157.13333129882812
2199696,-117.60425567626953
2199728,-127.48426818847656
2200784,8.391891479492188
2201040,-30.211565017700195
2201904,-127.49964141845703
2201936,164.81846618652344
2202176,-51.79209899902344
2202608,-108.36058044433594
2202672,40.70805358886719
2202736,-32.15153503417969
2203968,917.2307739257812
2203984,26.435117721557617
2205504,128.8333282470703
2206496,-5.509960174560547
2207568,-51.13971710205078
2208208,-100.51152801513672
2208464,-127.91805267333984
2210384,153.64285278320312
2211792,341.55816650390625
2212128,282.63458251953125
2213040,697.2737426757812
2213040,-127.14286041259766
2213456,65.75454711914062
2214704,-40.46044921875
2215568,166.92222595214844
2217792,-62.942054748535156
2218176,271.9898681640625
2218800,433.66552734375
2219280,-69.36593627929688
2221104,107.40819549560547
2221216,9.171428680419922
2221792,14.410358428955078
2223360,70.22481536865234
2223552,-131.45179748535156
2224976,-0.02068965509533882
2226288,384.2775573730469
2226496,-1.0891374349594116
2228112,30.218181610107422
2228736,0.18530350923538208
2229248,-127.9560546875
2229568,163.4064483642578
2230208,-6.369387626647949
2230624,5.772881507873535
2230848,-5.939436435699463
2231888,168.60513305664062
2232448,162.4252471923828
2232976,38.586883544921875
2233456,-14.666666984558105
2234848,-0.783435583114624
2235072,-123.36802673339844
2235472,49.569053649902344
2235840,-60.60769271850586
2236368,15.757894515991211
2236624,-51.627803802490234
2236816,100.62293243408203
2237568,-125.86109161376953
2238016,-136.27108764648438
2240448,28.776947021484375
2240928,13.247095108032227
2242448,-132.14161682128906
2242752,-50.97037124633789
2243472,432.1499938964844
2247584,-118.23158264160156
2247632,-105.3534164428711
2248176,815.7896728515625
2248240,238.67364501953125
2248624,154.4769287109375
2248624,81.2368392944336
2249968,221.79373168945312
2250544,223.9499969482422
2251824,420.4015197753906
2252816,45.98594284057617
2253568,527.9363403320312
2253760,919.3832397460938
2253888,-19.672014236450195
2254992,738.2191772460938
2255216,40.52517318725586
2257696,-19.991695404052734
2257920,-131.1999969482422
2258512,-62.58427047729492
2258928,267.61505126953125
2261312,-130.82693481445312
2262144,-48.32682800292969
2262432,69.6993408203125
2263088,-77.51074981689453
2263840,143.51034545898438
2264384,119.98831176757812
2266720,43.78917694091797
2266736,416.7401428222656
2266752,256.5946960449219
2267264,263.83685302734375
2267392,26.16216278076172
2267680,-7.005521297454834
2269280,280.6777038574219
2269488,148.6948699951172
2271344,-37.886207580566406
2274128,-121.17692565917969
2276160,145.44117736816406
2276432,348.2066955566406
2277152,-54.45867156982422
2277408,69.68181610107422
2278656,-14.96462631225586
2280224,175.70323181152344
2281472,843.2105102539062
2284800,55.418182373046875
2286704,-20.066667556762695
2288480,53.826759338378906
2289584,60.25637435913086
2289616,481.7817687988281
2291136,-137.99623107910156
2292768,324.4395751953125
2294752,-15.545614242553711
2295120,39.43333435058594
2295616,318.7668762207031
2296960,-88.0857162475586
2298736,149.07525634765625
2300736,-33.474998474121094
2301152,163.76182556152344
2301280,831.615966796875
2301344,36.20000076293945
2301376,334.07550048828125
2301600,117.75960540771484
2303232,59.62702560424805
2304416,231.9820556640625
2305568,71.10855102539062
2307136,17.37417221069336
2308208,73.18523406982422
2309120,409.0142822265625
2309232,22.72446060180664
2311696,-124.71176147460938
2313472,-65.84295654296875
2314560,-51.766197204589844
2315520,37.57773971557617
2316368,494.5762023925781
2316448,98.98181915283203
2317680,11.815105438232422
2319344,632.7265014648438
2319760,-133.0741424560547
2320800,51.58518600463867
2322192,10.077032089233398
2323264,23.58979606628418
2323440,44.185184478759766
2323664,844.1132202148438
2324176,-131.2108154296875
2324832,919.5647583007812
2325440,-134.21075439453125
2326176,2.3625850677490234
2326912,56.58048629760742
2327552,21.817171096801758
2327888,-41.0389518737793
2327904,-118.30278778076172
2328064,78.57837677001953
2329792,148.8046417236328
2330752,-57.173492431640625
2333360,-48.70635986328125
2333760,684.6870727539062
2335072,349.10626220703125
2336016,116.37904357910156
2337968,195.80169677734375
2339152,-135.26309204101562
2340016,427.8775939941406
2340944,3.753159761428833
2341024,340.8115234375
2341264,-123.74705505371094
2341856,578.9618530273438
2344144,40.023189544677734
2344256,131.25914001464844
2345200,-137.0492401123047
2346144,-16.792085647583008
2348272,-46.78797149658203
2348608,-40.94117736816406
2349696,-10.425873756408691
2350128,137.23907470703125
2350336,861.5339965820312
2350384,168.43434143066406
2350640,-46.58854675292969
2351664,-60.10790252685547
2352160,281.23382568359375
2352592,162.12631225585938
2352928,859.0999755859375
2354000,237.4282684326172
2354000,-127.35467529296875
2354640,31.254209518432617
2354880,-24.280494689941406
2354976,88.60909271240234
2356688,182.25086975097656
2358224,71.64705657958984
2358592,223.73077392578125
2359744,414.10174560546875
2360896,151.93931579589844
2362272,69.85240173339844
2363184,-34.94285583496094
2363712,190.46620178222656
2363792,-84.51240539550781
2364464,83.81790924072266
2365536,6.883606433868408
2368672,-34.58420944213867
2368992,304.43585205078125
2369920,952.4537353515625
2373456,138.96824645996094
2374368,78.70354461669922
2374912,335.4011535644531
2375136,967.4200439453125
2375616,870.6698608398438
2376592,-12.925873756408691
2376944,-51.031578063964844
2377296,87.75514221191406
2377568,855.5026245117188
2377632,29.48235321044922
2378512,10.772727012634277
2379968,-120.34105682373047
2380128,36.51052474975586
2382752,249.67745971679688
2382976,291.2156982421875
2383008,332.9465026855469
2383520,-14.384848594665527
2383648,126.32733154296875
2383920,241.76046752929688
2385776,-133.10968017578125
2386640,6.209589004516602
2388912,114.36690521240234
2388976,-3.914433002471924
2389664,-35.86357498168945
2391488,-51.85942077636719
2391792,-12.408880233764648
2392000,-25.753190994262695
2392592,122.42222595214844
2392864,35.48237609863281
2393088,364.2040710449219
2393648,724.423095703125
2395696,7.7094340324401855
2396192,1137.2679443359375
2397440,29.1010684967041
2397616,794.78662109375
2397776,28.869230270385742
2398000,1068.0587158203125
2400384,37.20000076293945
2400512,57.987876892089844
2400896,-135.3025665283203
2400976,-137.9940643310547
2401456,226.64138793945312
2402352,601.6943969726562
2405616,188.88571166992188
2406272,345.022705078125
2406448,-16.793617248535156
2407408,3.258167266845703
2408112,-43.273155212402344
2408160,-104.04906463623047
2408224,124.28694152832031
2410048,40.281978607177734
2410224,328.988525390625
2411712,-17.68550682067871
2412112,82.17123413085938
2413376,6.524223804473877
2414032,713.6666870117188
2415600,-143.41407775878906
2415648,-64.69712829589844
2416784,17.238805770874023
2416880,127.58106231689453
2417952,10.133333206176758
2418544,193.5228729248047
2418896,-127.78276062011719
2420624,-121.74092864990234
2421952,528.619384765625
2424496,-38.414676666259766
2424576,-124.38929748535156
2425920,-2.845344066619873
2426112,127.34874725341797
2426192,-143.84864807128906
2426384,105.27035522460938
2426928,30.93398666381836
2427456,31.85087776184082
2427456,202.10618591308594
2427824,280.06829833984375
2430160,-34.4898567199707
2430608,391.6000061035156
2431056,1041.92724609375
2432112,-61.23460388183594
2435440,-124.90447998046875
2436576,423.52191162109375
2436688,-12.564057350158691
2437088,36.449153900146484
2437104,113.6086654663086
2438400,212.3814239501953
2439072,342.6141357421875
2439600,82.73545837402344
2440112,77.0111083984375
2440512,211.26976013183594
2441280,-20.615901947021484
2441648,140.5827178955078
2442336,179.03985595703125
2443120,-24.200000762939453
2444208,189.04884338378906
2444624,121.30000305175781
2445584,498.39385986328125
2448496,267.99859619140625
2449024,-63.12717819213867
2449584,311.27532958984375
2450400,317.3936767578125
2452768,501.8609313964844
2453200,88.63934326171875
2453520,200.43931579589844
2453616,6.113378047943115
2453856,922.8648071289062
2453856,637.3748168945312
2454480,-4.31003475189209
2456400,944.8505249023438
2457184,-64.05393981933594
2458432,177.62930297851562
2458656,206.36734008789062
2459056,-129.82777404785156
2459760,1055.5186767578125
2460592,50.10068130493164
2464960,-91.84551239013672
2464976,-80.8442611694336
2470016,-42.28812026977539
2470080,981.0076904296875
2470656,-130.63150024414062
2471424,-131.15357971191406
2472288,-132.27706909179688
2473328,400.975830078125
2473440,-15.432268142700195
2473536,-128.39859008789062
2475056,-129.67933654785156
2475360,545.6305541992188
2475520,87.54268646240234
2476480,948.668701171875
2476560,-131.47415161132812
2476640,25.91428565979004
2477744,234.40138244628906
2479408,96.95562744140625
2481136,8.062790870666504
2481984,-33.11297607421875
2482784,379.6263122558594
2484208,21.94331932067871
2487152,11.328571319580078
2489104,30.458866119384766
2489888,-137.05844116210938
2490544,-45.02682876586914
2492000,-86.35610961914062
2492224,162.21917724609375
2492528,-89.07891082763672
2493600,-78.52483367919922
2493792,18.13888931274414
2494368,-124.73895263671875
2497392,774.51220703125
2497776,-17.416107177734375
2498256,34.804256439208984
2498560,43.808082580566406
2498912,808.3538208007812
2500128,-67.49081420898438
2500368,-137.10675048828125
2500736,92.19268798828125
2501952,28.86896514892578
2502352,964.5526123046875
2502400,999.727783203125
2502560,286.7896423339844
2503920,63.67402648925781
2504208,762.7847290039062
2505040,-68.05365753173828
2506160,-134.40675354003906
2508160,-6.5740742683410645
2509216,923.2137451171875
2509584,284.7944030761719
2509696,337.55712890625
2509856,240.90145874023438
2510032,332.5955810546875
2510944,564.5280151367188
2513344,235.84397888183594
2513392,-87.98728942871094
2513840,-126.80794525146484
2514032,752.5606689453125
2514432,-10.280450820922852
2515072,-46.623809814453125
2515504,-136.08253479003906
2517632,76.85743713378906
2518256,140.92955017089844
2518832,203.0258026123047
2519248,-17.392086029052734
2519264,-85.14160919189453
2522848,46.99589157104492
2523984,3.380315065383911
2524320,746.2775268554688
2524688,793.740966796875
2525232,819.9027099609375
2526192,-21.175949096679688
2527152,899.8202514648438
2527248,50.42304992675781
2527408,-105.19712829589844
2527552,237.55018615722656
2527952,280.2294006347656
2528304,20.173381805419922
2529696,979.023681640625
2531024,-2.3489162921905518
2531136,-56.7316780090332
2532752,-139.1571502685547
2533328,192.79730224609375
2534176,-133.6937255859375
2534704,-19.992958068847656
2535360,116.10978698730469
2535536,90.48865509033203
2536448,28.854873657226562
2536992,835.0048217773438
2537088,-38.038761138916016
2537904,188.22166442871094
2538848,-26.670242309570312
2540640,67.73332977294922
2541664,691.3966674804688
2542112,-2.1655173301696777
2543616,633.4968872070312
2543920,945.5658569335938
2544944,166.75262451171875
2546864,-83.504638671875
2550064,81.71754455566406
2551712,308.437255859375
2552016,279.5326232910156
2552560,380.1820068359375
2553184,-8.106293678283691
2553568,-100.35690307617188
2554064,-131.97708129882812
2556400,-80.00359344482422
2559824,354.6473693847656
2559872,226.8157196044922
2561056,301.2887268066406
2561280,960.1165161132812
2563088,943.1188354492188
2563664,5.528391361236572
2564864,203.7920684814453
2564928,151.06817626953125
2565552,778.2463989257812
2565600,180.88601684570312
2565808,-123.93894958496094
2566704,206.6498565673828
2566832,176.48106384277344
2568800,915.9208374023438
2569696,-75.97315216064453
2569744,92.34193420410156
2570192,61.78737258911133
2571216,-42.34827423095703
2574368,-130.95358276367188
2578256,398.0870056152344
2578576,287.8440856933594
2579424,31.471698760986328
2579920,15.912734031677246
2580464,469.2352600097656
2580512,80.7408447265625
2580688,290.2967834472656
2580816,978.9564819335938
2584368,860.0064697265625
2584944,192.55987548828125
2587008,997.000732421875
2588080,648.4622802734375
2588928,-125.5029296875
2590080,1094.3203125
2590608,253.7818145751953
2591024,109.47260284423828
2591248,-10.094118118286133
2591536,840.8003540039062
2592000,55.21141815185547
2593648,850.2452392578125
2594288,47.55555725097656
2594864,-12.683950424194336
2594976,-14.283512115478516
2598032,104.72409057617188
2599952,987.9888916015625
2600640,780.1974487304688
2601344,972.1087036132812
2601376,164.484619140625
2602672,307.4298095703125
2602688,-93.17894744873047
2602768,168.89999389648438
2603296,-16.4818172454834
2604656,-22.016494750976562
2604896,-135.297119140625
2606624,408.54193115234375
2607760,257.1250915527344
2608128,64.58219909667969
2608960,-128.6855010986328
2609072,34.554134368896484
2609584,300.36376953125
2610592,57.07500076293945
2610848,18.646821975708008
2612656,135.4014129638672
2612784,-20.332374572753906
2614352,-109.85485076904297
2614352,-10.160563468933105
2619280,134.50717163085938
2620384,37.86117172241211
2621760,74.16690826416016
2624144,-10.597841262817383
2624576,7.978745460510254
2624992,94.84706115722656
2625376,-133.2310333251953
2625568,105.84029388427734
2627984,285.6826171875
2628496,840.6677856445312
2630416,434.3999938964844
2630512,-8.850865364074707
2631088,-55.53529357910156
2631168,-46.68985366821289
2631600,-3.3820512294769287
2631920,-1.5051779747009277
2633888,264.188720703125
2635056,656.0335693359375
2635312,253.03736877441406
2635504,281.5529479980469
2636384,7.8790998458862305
2637648,23.4549617767334
2637776,437.683837890625
2638752,395.8324279785156
2639248,-140.515380859375
2644256,466.36322021484375
2644288,-66.61986541748047
2645760,30.80447769165039
2647264,302.4567565917969
2650560,-138.5242462158203
2651424,782.9237060546875
2651600,2.8007168769836426
2653184,229.28512573242188
2654720,173.36724853515625
2654800,198.48904418945312
2655008,-136.27342224121094
2655680,76.20636749267578
2655776,5.82564115524292
2657312,281.4864501953125
2657664,291.8857116699219
2657872,557.7830200195312
2659424,-131.1741485595703
2659616,155.81329345703125
2659776,820.4389038085938
2662096,108.06610107421875
2662416,271.2713928222656
2663664,55.04545593261719
2665440,686.3422241210938
2665952,-1.8314878940582275
2666432,450.6333312988281
2666448,-69.15484619140625
2668368,522.1498413085938
2669344,986.4644775390625
2671344,-78.80000305175781
2672800,59.811920166015625
2673824,28.87368392944336
2674656,282.8354797363281
2675328,455.6032409667969
2675760,622.6409301757812
2676320,-10.269281387329102
2677568,-2.357243776321411
2677808,-12.732624053955078
2678192,-130.18275451660156
2678608,12.54169750213623
2679728,-48.57342529296875
2680688,432.7547912597656
2682272,314.5841979980469
2683296,261.591552734375
2683904,-129.05941772460938
2684336,116.16153717041016
2684656,996.255126953125
2684896,1018.2579345703125
2685520,231.54849243164062
2686720,1015.7210693359375
2686848,771.596435546875
2687008,-124.27143096923828
2688768,-127.55467987060547
2689248,216.82388305664062
2690992,774.5911865234375
2692128,983.0449829101562
2693008,-136.0388641357422
2694000,892.7233276367188
2694240,525.4706420898438
2694800,73.96470642089844
2695600,-127.69790649414062
2695936,-67.43792724609375
2696112,398.226318359375
2697184,264.6069030761719
2697856,857.5750732421875
2698176,-71.19339752197266
2699152,252.9844207763672
2699776,1073.73681640625
2700656,-26.088191986083984
2704080,929.863525390625
2704416,931.7340698242188
2707984,225.84906005859375
2708880,67.24568939208984
2709552,55.32307815551758
2709776,-41.77896499633789
2711472,393.5751647949219
2712272,891.2530517578125
2713664,-125.78929901123047
2715328,332.383056640625
2716176,39.630435943603516
2716240,683.5528564453125
2716288,209.33050537109375
2716944,493.6841735839844
2717776,217.99281311035156
2718496,-139.28358459472656
2718688,489.33221435546875
2720224,-122.40118408203125
2720656,187.2774658203125
2722416,-84.8017578125
2723248,905.7000122070312
2724064,593.672119140625
2725680,897.1996459960938
2725808,856.52197265625
2726208,461.80767822265625
2727104,811.5344848632812
2727504,1007.3716430664062
2727504,-3.359602689743042
2728192,-16.8973388671875
2728192,969.2857055664062
2728816,-0.6423208117485046
2728832,816.6034545898438
2729312,97.45913696289062
2730336,152.89202880859375
2730928,-81.24335479736328
2731968,159.38771057128906
2732448,7.46842098236084
2732544,-67.12693786621094
2733200,25.010526657104492
2734560,22.942657470703125
2734576,558.1571655273438
2734608,767.7877807617188
2735120,397.9857177734375
2735792,-89.4076919555664
2735904,-59.397911071777344
2736128,134.93121337890625
2739792,-135.01132202148438
2741408,45.4533805847168
2741424,-24.68346405029297
2743408,313.6201477050781
2744064,-7.333333492279053
2746320,104.08808135986328
2748416,539.0404052734375
2748912,6.409187316894531
2749040,33.66795349121094
2749088,63.393707275390625
2750848,29.797958374023438
2752960,-130.74285888671875
2753648,234.1454620361328
2753760,25.44137954711914
2753920,831.763671875
2754656,913.940673828125
2755344,26.718151092529297
2759088,796.8716430664062
2759264,36.727848052978516
2760208,254.97183227539062
2760352,516.896728515625
2761248,691.2293090820312
2761440,13.035897254943848
2761760,285.4700622558594
2762544,335.76666259765625
2763536,789.7476806640625
2764336,8.091126441955566
2764896,-8.291045188903809
2765040,969.1184692382812
2766192,672.1319580078125
2766432,-131.94305419921875
2767728,146.80198669433594
2767904,-5.120754718780518
2769664,164.11935424804688
2771040,906.6981201171875
2771136,882.933349609375
2775104,15.484789848327637
2775904,372.2490539550781
2776144,383.0362854003906
2776304,346.6756896972656
2776832,350.59320068359375
2777200,-54.95387268066406
2779216,-26.070791244506836
2779824,294.33514404296875
2780800,113.68643188476562
2781392,-141.63796997070312
2783360,103.87644958496094
2783776,111.30635070800781
2784896,129.66712951660156
2786752,-128.82411193847656
2786928,-33.85892105102539
2787264,220.6930694580078
2787376,714.6487426757812
2787936,-7.474193572998047
2788496,30.183164596557617
2789648,522.57666015625
2791120,895.9288940429688
2791824,251.89727783203125
2792080,18.242172241210938
2794432,759.8488159179688
2796192,-52.29230880737305
2796864,995.4557495117188
2797008,-30.117517471313477
2797712,263.7368469238281
2797744,-136.48304748535156
2797792,221.48590087890625
2798048,996.566650390625
2801184,155.0786895751953
2801856,43.20000076293945
2802016,-142.52272033691406
2803856,-35.672550201416016
2804640,8.659701347351074
2805104,857.82275390625
2805360,-131.15179443359375
2805440,-18.728681564331055
2805632,960.5640869140625
2807408,288.95050048828125
2814896,430.0072326660156
2815536,1067.8255615234375
2815696,84.69651794433594
2817376,768.8079833984375
2817920,105.20587921142578
2818016,5.632786750793457
2819840,16.587785720825195
2820112,946.2801513671875
2820480,226.27037048339844
2821456,116.5189208984375
2821648,156.94419860839844
2821696,335.79998779296875
2825072,-81.79444122314453
2825728,-64.96886444091797
2826048,115.31428527832031
2826272,222.22238159179688
2826400,-70.89177703857422
2826912,566.6417236328125
2826976,-10.148648262023926
2828592,307.18182373046875
2829440,656.2612915039062
2830272,537.077392578125
2831232,163.07777404785156
2832544,-77.05589294433594
2833008,280.0094299316406
2834944,435.6255798339844
2835200,921.9172973632812
2835408,917.207763671875
2835488,1065.3433837890625
2836160,-29.205263137817383
2837088,-134.4310302734375
2838112,661.4885864257812
2838160,-101.89617919921875
2838352,9.69347095489502
2838384,188.96934509277344
2839120,-54.38712692260742
2841648,412.12030029296875
2842208,41.19880294799805
2842544,-90.434814453125
2844320,36.26874923706055
2845376,158.9932861328125
2846432,550.0486450195312
2846656,468.6000061035156
2847248,333.1051940917969
2847952,214.10260009765625
2849328,843.0674438476562
2849792,869.2000122070312
2849904,31.61602783203125
2849936,207.39169311523438
2850800,27.485713958740234
2852304,258.24822998046875
2852320,240.5
2854736,1059.3433837890625
2854800,1044.715087890625
2855664,33.91379165649414
2856992,259.0434875488281
2857808,-101.45384979248047
2858464,193.70346069335938
2860208,926.8035278320312
2862064,347.1224060058594
2862336,-11.958657264709473
2863840,112.00228881835938
2864800,727.7481689453125
2865152,-127.4664306640625
2865936,852.3980712890625
2866304,918.9710083007812
2867264,78.1917724609375
2867264,149.3368377685547
2867536,954.8743896484375
2868720,136.3909149169922
2869280,364.850830078125
2872624,21.67058753967285
2872848,1046.1497802734375
2873024,-32.55852127075195
2875872,125.03623962402344
2876304,153.24388122558594
2876624,370.2442932128906
2878576,25.409555435180664
2879280,769.2726440429688
2880688,1017.0645141601562
2880768,395.6176452636719
2881248,-131.0084991455078
2881296,222.01254272460938
2881984,-80.92721557617188
2882960,71.71147155761719
2883104,900.417236328125
2884080,-135.0
2884928,1027.861083984375
2886288,516.5
2886416,365.0504150390625
2887184,873.4678955078125
2887328,56.727394104003906
2887904,231.1052703857422
2889376,424.155029296875
2891360,174.70755004882812
2891680,-45.13827133178711
2892432,42.03374099731445
2895936,314.9251708984375
2896240,312.1070251464844
2898048,-58.25941848754883
2899408,260.0777893066406
2899824,-55.911109924316406
2900032,498.9333190917969
2900208,1059.7757568359375
2900896,8.314191818237305
2901056,994.8839721679688
2902496,405.0228271484375
2903232,34.658782958984375
2903696,691.1870727539062
2904272,1080.989013671875
2904656,965.7686157226562
2906016,617.9810180664062
2906256,161.4369659423828
2908832,971.5972290039062
2908992,602.6959228515625
2909376,-129.1560516357422
2910816,196.33103942871094
2911072,233.87098693847656
2911600,971.90966796875
2912256,-64.23332977294922
2914240,266.9384765625
2915200,-141.4733123779297
2916640,82.5254135131836
2916848,962.1698608398438
2917056,891.649658203125
2917408,102.62835693359375
2917584,1093.6468505859375
2918368,-129.76593017578125
2918496,-36.91481399536133
2920304,-129.73333740234375
2921568,200.81585693359375
2923776,991.3064575195312
2925328,134.40614318847656
2925376,61.6218147277832
2926080,323.033203125
2927440,313.9412536621094
2930384,-9.694636344909668
2930864,921.8726196289062
2930912,-136.55157470703125
2931760,123.88167572021484
2932544,513.3516845703125
2933136,236.43441772460938
2939200,441.8140869140625
2939824,-126.34285736083984
2942464,-133.1210479736328
2943104,959.614013671875
2944432,74.12930297851562
2947184,644.0
2951152,43.99235534667969
2951696,120.44197845458984
2952464,-137.65802001953125
2954160,30.658740997314453
2955424,594.7454833984375
2955600,702.3772583007812
2956880,9.576325416564941
2957568,-5.6094889640808105
2959136,858.8270263671875
2960176,-38.20299530029297
2960928,186.08126831054688
2964464,-127.92411041259766
2967296,691.17578125
2967328,914.77783203125
2968208,315.5862121582031
2969200,245.345458984375
2971792,26.899999618530273
2972448,-129.3358154296875
2975152,682.8668212890625
2975216,-132.1666717529297
2975840,1094.981689453125
2976448,14.941718101501465
2978384,196.9708709716797
2978544,1016.5215454101562
2979600,-63.607940673828125
2979936,-23.885629653930664
2980224,32.69411849975586
2980368,-120.90118408203125
2981536,1211.9697265625
2981712,-103.98929595947266
2982240,977.9528198242188
2983872,1028.5875244140625
2985232,1066.2384033203125
2988432,486.7779846191406
2988480,1115.2672119140625
2989056,197.15859985351562
2989856,431.05108642578125
2990784,492.64532470703125
2990976,395.0627136230469
2993168,194.2343292236328
2993312,209.25015258789062
2994320,1063.940185546875
2994416,1054.3740234375
2994496,182.58763122558594
2995072,823.7651977539062
2995296,293.9269714355469
2996736,485.0586242675781
2997120,186.77879333496094
2997296,1046.715087890625
3000528,911.321044921875
3000624,1013.8536987304688
3001056,820.2404174804688
3001968,20.892683029174805
3002896,317.2134704589844
3003024,850.5430297851562
3003664,-9.635616302490234
3003824,-17.218605041503906
3004608,-45.010128021240234
3004688,214.81350708007812
3005920,319.7701110839844
3007456,596.9976196289062
3008416,604.9181518554688
3008496,1020.5563354492188
3008736,310.001953125
3008896,993.9629516601562
3009744,526.2861328125
3010000,884.6428833007812
3011456,966.3064575195312
3011984,865.8499755859375
3012512,533.9000244140625
3013872,-1.1274021863937378
3016064,216.95945739746094
3016064,2.371084451675415
3016912,872.4270629882812
3017280,895.076904296875
3017440,-27.85714340209961
3019584,180.75164794921875
3021616,-18.506040573120117
3022224,850.5596923828125
3022304,-38.342140197753906
3023216,318.2363586425781
3024416,-132.7269287109375
3024608,465.5209045410156
3026064,264.0406799316406
3026304,-71.12693786621094
3027024,950.22509765625
3027408,73.91234588623047
3028672,7.153146743774414
3028672,533.9840698242188
3030064,975.108642578125
3030272,1009.1796875
3033072,542.9000244140625
3033248,-31.61355972290039
3033344,-131.15357971191406
3034112,-134.5830535888672
3036064,921.7539672851562
3036320,291.1076965332031
3036992,224.65121459960938
3037392,437.3582763671875
3038064,954.5333251953125
3038464,47.57868957519531
3038864,80.32805633544922
3039232,955.3323974609375
3039984,548.9290161132812
3040896,121.96601104736328
3045440,986.15869140625
3047456,418.7946472167969
3048176,145.59677124023438
3050160,272.143310546875
3051216,460.09259033203125
3051888,119.26667022705078
3052976,-127.60818481445312
3055216,5.722222328186035
3056720,113.0986328125
3059328,-136.69406127929688
3059872,686.98779296875
3061952,-40.16582107543945
3061968,1017.8167724609375
3062832,187.07090759277344
3063808,-131.23150634765625
3066304,755.784423828125
3069168,565.8181762695312
3069600,294.2324523925781
3071248,870.997314453125
3071408,-79.5655517578125
3072640,494.258544921875
3072704,144.5230712890625
3074256,1072.0228271484375
3075040,346.9832763671875
3075152,834.7122192382812
3075408,-31.475433349609375
3075760,494.2217102050781
3075872,-77.1689453125
3078000,1063.974853515625
3079152,-1.3242424726486206
3079440,85.70201110839844
3080064,719.38525390625
3080400,-49.360782623291016
3080560,-29.524999618530273
3082544,-129.03150939941406
3083488,1029.914794921875
3083904,447.5
3084400,449.60504150390625
3084880,724.7999877929688
3085760,145.04185485839844
3087424,579.4152221679688
3090784,1053.557861328125
3090784,-149.35157775878906
3091552,1043.8642578125
3091552,297.4324645996094
3094240,1045.8775634765625
3095008,-26.719684600830078
3096528,977.6363525390625
3097104,1022.14404296875
3097824,1044.46435546875
3098448,221.6094207763672
3101824,733.8760986328125
3103232,-56.76277542114258
3103936,-102.60189056396484
3104368,290.562255859375
3104800,25.948543548583984
3106512,285.0902404785156
3108032,145.37728881835938
3108240,538.1409301757812
3109728,30.614532470703125
3110976,204.52085876464844
3111392,-2.6200716495513916
3112160,640.4912109375
3112816,960.9828491210938
3113936,1116.614501953125
3114432,128.1586151123047
3115344,1019.7938842773438
3117136,118.34358978271484
3118768,905.1703491210938
3119184,303.5
3119440,779.28955078125
3119952,1103.3111572265625
3121280,718.82275390625
3122160,921.4833984375
3122800,904.3397216796875
3123920,644.5999755859375
3126976,1043.2799072265625
3127040,63.51749038696289
3127712,338.6666564941406
3129632,836.4312744140625
3130144,-131.793212890625
3130224,356.4172668457031
3130752,86.32626342773438
3131616,589.1636352539062
3131968,865.8410034179688
3132544,-129.93333435058594
3133072,-130.38275146484375
3133952,143.39723205566406
3136736,5.046468257904053
3137728,500.21112060546875
3138048,208.59690856933594
3138336,-124.4569320678711
3139984,535.8729858398438
3140352,19.50958824157715
3142864,820.7432250976562
3144896,880.8222045898438
3145360,98.07777404785156
3146080,590.0845336914062
3146656,856.2576904296875
3146816,203.2774658203125
3147200,205.08460998535156
3147552,753.6937255859375
3147696,87.13636016845703
3148032,334.5137939453125
3149056,781.8743896484375
3150512,-130.85604858398438
3150816,440.23095703125
3151968,356.1520080566406
3152688,842.0487060546875
3153136,452.1546630859375
3154240,942.6610107421875
3155232,1121.83251953125
3155264,-94.19822692871094
3155936,124.7377700805664
3156240,927.4296264648438
3156288,175.50564575195312
3156432,341.10650634765625
3156528,55.837059020996094
3158256,833.2333374023438
3159488,405.3309631347656
3159696,1030.28662109375
3159920,137.80606079101562
3161072,-124.73895263671875
3163328,299.57342529296875
3164480,-47.77692413330078
3166128,43.97722244262695
3166416,1192.9371337890625
3166736,969.617919921875
3167104,113.39090728759766
3168880,358.3989562988281
3170064,222.2687530517578
3170496,682.3621215820312
3170688,127.80884552001953
3170880,1050.92578125
3171040,363.0135498046875
3173856,951.6785888671875
3174512,1047.59716796875
3175632,-141.56744384765625
3178928,-86.14286041259766
3179952,325.7558898925781
3180832,1193.2032470703125
3181440,531.9556274414062
3183264,26.74814796447754
3185008,172.24053955078125
3187776,241.22064208984375
3188928,-131.91429138183594
3188992,150.5904083251953
3190528,844.3778076171875
3191232,24.322221755981445
3192496,370.0074768066406
3192640,-44.22764587402344
3195008,696.7755737304688
3195168,359.71746826171875
3195856,119.47107696533203
3199040,33.69411849975586
3199840,926.8765869140625
3202144,914.2312622070312
3202160,-126.74705505371094
3203776,381.1453552246094
3204032,907.0709838867188
3205504,978.0142822265625
3205616,968.2396850585938
3205824,283.7774353027344
3206736,-5.124203681945801
3206944,1051.5977783203125
3209104,205.73533630371094
3209600,45.691253662109375
3210640,908.372314453125
3210784,438.3577575683594
3210848,159.3068084716797
3211024,-17.46363639831543
3211088,1009.2747192382812
3212176,847.9979858398438
3212896,43.77110290527344
3213888,979.5848999023438
3216080,325.86224365234375
3216960,927.998779296875
3217120,-44.628170013427734
3217488,905.2079467773438
3218576,823.0313110351562
3219456,-47.78219223022461
3220752,324.44598388671875
3221232,411.033203125
3221440,843.9000244140625
3222752,957.8785400390625
3223520,507.29998779296875
3226928,214.05245971679688
3227072,1001.6671142578125
3227088,946.4389038085938
3228880,1017.6137084960938
3229104,929.10693359375
3230640,1000.2166748046875
3231152,906.94677734375
3231488,435.20001220703125
3231936,958.2020263671875
3232480,1000.5999755859375
3232896,961.3567504882812
3233072,-136.89044189453125
3233968,656.2530517578125
3234000,1069.6934814453125
3234432,-125.93894958496094
3236224,43.05473327636719
3238576,215.71974182128906
3239280,135.51979064941406
3240816,644.2137451171875
3241664,1014.95654296875
3243024,113.21764373779297
3244096,47.44362258911133
3245168,29.009090423583984
3245424,665.0729370117188
3245472,-15.972222328186035
3248384,804.566650390625
3250768,1018.0906982421875
3251568,1122.2459716796875
3251584,280.8282165527344
3252336,982.0262451171875
3254400,77.96976470947266
3254944,992.7476806640625
3255152,331.35931396484375
3255904,-134.9755096435547
3256896,1042.8121337890625
3257872,609.0636596679688
3259392,936.4051513671875
3259392,862.5052490234375
3260160,360.6387023925781
3260848,424.3857116699219
3261152,10.685714721679688
3263248,49.45928955078125
3264064,957.2076416015625
3264816,982.3333129882812
3266736,405.3405456542969
3267168,-64.81169128417969
3267568,212.5697021484375
3268032,97.14013671875
3268976,341.0123596191406
3270832,51.29288101196289
3271248,-74.28770446777344
3271664,-70.75157165527344
3271792,895.049560546875
3272704,902.0782470703125
3274880,1064.9315185546875
3275184,352.20001220703125
3275280,-41.79759216308594
3275584,796.7901000976562
3278240,-56.256935119628906
3278304,967.110107421875
3279088,-45.03173828125
3280720,166.9796600341797
3281072,335.69146728515625
3281792,-50.78101348876953
3282144,778.3828735351562
3282560,775.2888793945312
3282736,-68.23846435546875
3283552,574.0243530273438
3283984,825.8142700195312
3284128,385.6606140136719
3285216,1011.9241333007812
3287824,-65.25569152832031
3290000,283.85919189453125
3290496,-45.840763092041016
3290736,197.30453491210938
3290736,1046.850341796875
3290976,53.727882385253906
3291152,843.4241943359375
3291616,457.07244873046875
3292016,812.1870727539062
3292080,364.4294128417969
3294736,1129.4310302734375
3294928,18.940540313720703
3295040,872.8333129882812
3298480,916.1503295898438
3301200,-58.21052551269531
3301952,1058.6036376953125
3302016,431.7776184082031
3302560,1052.9984130859375
3303280,31.339370727539062
3303616,-45.76961898803711
3305696,529.8663940429688
3306480,1009.9979858398438
3308144,450.9264831542969
3308384,375.5305480957031
3308624,990.4852905273438
3310704,-128.20794677734375
3310960,879.7222290039062
3311488,418.6983642578125
3311536,-48.29999923706055
3311744,548.861083984375
3312320,892.0750732421875
3312640,55.82984924316406
3313936,993.8096923828125
3314000,893.649658203125
3315008,835.8361206054688
3316448,976.8465576171875
3316496,38.45106506347656
3316928,381.3409729003906
3320224,956.0570068359375
3320432,706.5545654296875
3321712,910.90673828125
3322320,740.2091064453125
3322944,275.41778564453125
3323744,839.1038208007812
3325840,415.0511474609375
3326400,-14.818439483642578
3326640,603.59716796875
3328816,1121.8572998046875
3329664,994.1168212890625
3330144,230.76364135742188
3332848,556.6759033203125
3333728,1031.189453125
3335792,453.94342041015625
3336416,213.84461975097656
3336560,451.8934326171875
3338448,404.5859069824219
3338992,139.0263214111328
3340560,931.4344482421875
3340928,382.8788146972656
3341280,173.7564697265625
3342096,1178.0447998046875
3343312,349.5747375488281
3345680,785.708984375
3347120,280.839599609375
3348160,1096.887451171875
3351424,-71.37091827392578
3352544,983.3967895507812
3353920,1032.300048828125
3355008,705.2948608398438
3356512,1073.8519287109375
3356608,-138.3731689453125
3357376,-88.05033874511719
3357952,-60.427406311035156
3358608,1025.4901123046875
3359136,140.8428497314453
3360912,414.4666748046875
3361008,995.849853515625
3361360,1123.8509521484375
3362544,979.61767578125
3365312,1011.0540771484375
3365632,195.64117431640625
3366512,903.3833618164062
3368496,554.8678588867188
3369824,94.38461303710938
3370576,1023.5879516601562
3371104,126.7211685180664
3371184,785.1760864257812
3372304,996.177978515625
3373120,906.5
3374912,21.91549301147461
3375296,255.2858123779297
3377808,58.54430389404297
3379024,854.7000122070312
3379440,979.2698364257812
3379632,994.0787353515625
3379904,1014.6333618164062
3380352,253.326416015625
3381008,921.3856811523438
3383712,856.7969970703125
3387296,-49.827274322509766
3387600,6.234883785247803
3388960,1131.6796875
3389808,1035.3670654296875
3391232,1017.9677124023438
3394784,223.8275146484375
3395312,186.3188018798828
3399632,655.659423828125
3402736,386.9355163574219
3403488,679.5526123046875
3403776,272.52239990234375
3404576,889.0973510742188
3405488,986.4085083007812
3406320,399.9013977050781
3406816,134.1250762939453
3406848,1006.0101318359375
3407408,878.4808349609375
3409456,15.49591064453125
3409616,303.0756530761719
3410048,959.2958984375
3413184,406.0666809082031
3413552,-129.85467529296875
3415248,521.4573974609375
3417168,905.3544311523438
3418688,316.8763427734375
3418864,1010.1896362304688
3419872,335.7294006347656
3420480,937.0093383789062
3420784,829.90234375
3422816,905.916748046875
3423504,81.68773651123047
3423728,967.7999877929688
3428256,1004.7491455078125
3428560,403.29998779296875
3429632,903.11376953125
3429760,-36.32530212402344
3431408,892.4940795898438
3431664,335.909423828125
3432016,1161.6505126953125
3432624,379.1716003417969
3433312,729.3945922851562
3433344,-134.5
3433424,1095.6363525390625
3433712,1029.41259765625
3434688,151.26434326171875
3435040,142.1621551513672
3435600,1023.1403198242188
3435760,981.5323486328125
3436544,143.11253356933594
3437824,969.413818359375
3440928,394.5519104003906
3441792,142.99363708496094
3441872,1069.855224609375
3442480,996.453857421875
3443904,895.8782348632812
3445712,998.7906494140625
3445824,1053.81201171875
3447088,12.262711524963379
3447968,259.6584777832031
3447984,934.5419311523438
3448608,1049.314697265625
3449536,90.19247436523438
3450064,296.367431640625
3450848,-0.7709677219390869
3452912,961.9902954101562
3453104,892.4873657226562
3453632,261.036376953125
3454128,578.93115234375
3454784,890.3258056640625
3455200,937.4629516601562
3456112,990.4923095703125
3457488,1074.6243896484375
3457664,1119.1275634765625
3457888,152.093505859375
3458112,447.4508056640625
3460912,787.158935546875
3461200,865.2904052734375
3462256,1130.3797607421875
3463856,693.5108032226562
3464336,1053.1492919921875
3465504,966.8028564453125
3466576,-56.182823181152344
3466960,890.7999877929688
3467136,141.1367950439453
3468240,240.7303466796875
3471296,586.3426513671875
3472736,404.7611389160156
3473216,290.3500061035156
3475024,219.9104766845703
3475088,309.7638854980469
3477200,-137.10491943359375
3479248,981.9630737304688
3480912,-77.58698272705078
3482304,52.47937774658203
3485536,-70.51074981689453
3488176,1049.0780029296875
3489040,419.54754638671875
3490272,1038.349609375
3490528,519.8046264648438
3491984,236.5742950439453
3492640,-130.19859313964844
3492912,90.13909912109375
3496048,154.05091857910156
3499936,423.3666687011719
3500736,1013.774169921875
3502864,905.7842407226562
3503344,232.6099395751953
3504192,193.16770935058594
3505104,791.864990234375
3509216,1018.0983276367188
3509648,524.5946655273438
3510176,1060.6441650390625
3511056,308.1861572265625
3511712,847.955810546875
3514928,-22.399620056152344
3515872,551.2826538085938
3517424,905.0322875976562
3517552,1040.8101806640625
3521776,285.20001220703125
3523856,1042.212646484375
3525328,959.5838012695312
3527648,51.89225769042969
3527664,771.2987060546875
3527824,120.65806579589844
3529920,853.0241088867188
3530704,347.13812255859375
3532928,916.0930786132812
3533472,606.767578125
3533600,77.47074890136719
3535056,862.2894287109375
3535760,-74.96544647216797
3536896,1149.92822265625
3538144,907.5999755859375
3539200,1022.9000244140625
3539488,1038.0029296875
3540432,-131.60791015625
3540944,136.6456756591797
3541456,584.34716796875
3541712,985.144775390625
3543040,-59.88606262207031
3543568,-150.0741424560547
3546192,1039.0557861328125
3546736,931.3804931640625
3547344,868.0690307617188
3548272,376.3358154296875
3548624,47.79763412475586
3549616,337.7041015625
3549728,16.266666412353516
3550592,884.3132934570312
3550640,-139.69818115234375
3551120,75.18888854980469
3551520,1083.2774658203125
3551824,643.4138793945312
3551888,1005.1555786132812
3552992,158.81053161621094
3553904,187.4283905029297
3554416,934.2157592773438
3554624,240.91790771484375
3555936,834.7164306640625
3558032,78.39427947998047
3563888,969.0115356445312
3565360,1013.0379028320312
3565760,230.1714324951172
3567776,745.9006958007812
3570256,964.2726440429688
3570352,934.4104614257812
3570448,286.7095947265625
3573744,450.48681640625
3574672,323.43707275390625
3575040,1018.3508911132812
3575104,226.40467834472656
3575936,985.1273193359375
3576224,-122.09019470214844
3578112,927.4050903320312
3578256,417.3255615234375
3578272,1210.0576171875
3578304,991.433349609375
3579344,396.7172546386719
3580192,557.7379150390625
3580928,472.0243225097656
3581216,130.60000610351562
3581552,944.6777954101562
3582016,958.4256591796875
3582128,422.125
3588368,217.520751953125
3592656,96.23103332519531
3593872,471.4781799316406
3595712,858.4483032226562
3596240,-23.805574417114258
3596352,1063.558837890625
3600256,258.14544677734375
3601520,73.21538543701172
3603504,261.0493469238281
3604224,878.7975463867188
3605056,527.6322631835938
3606992,-52.58613967895508
3608720,442.6498107910156
3611872,451.3750915527344
3615200,994.057373046875
3615920,1063.2906494140625
3616688,380.77947998046875
3617280,1167.87939453125
3619248,1094.2989501953125
3619872,477.12371826171875
3621808,615.6397094726562
3623904,18.197402954101562
3624384,1027.3248291015625
3625952,-6.311920642852783
3626224,141.4143829345703
3626736,870.2705688476562
3628688,1122.05908203125
3632784,919.6865844726562
3633728,1027.0828857421875
3633856,1181.649658203125
3636000,288.6224060058594
3637024,448.1591491699219
3637728,-130.2793426513672
3638128,-69.61626434326172
3639200,360.90960693359375
3639808,805.2224731445312
3639888,623.8449096679688
3641888,935.89453125
3643312,812.9198608398438
3645856,924.2118530273438
3647680,290.69329833984375
3649520,910.758056640625
3651104,201.54014587402344
3652144,121.73621368408203
3653760,1120.6202392578125
3654416,621.5333251953125
3654592,29.940540313720703
3654768,1072.181640625
3655120,1163.4417724609375
3655744,995.434814453125
3655872,-141.15280151367188
3659584,502.10504150390625
3660128,523.7987670898438
3661248,916.4339599609375
3661552,-15.410219192504883
3661872,161.38450622558594
3661936,342.2989807128906
3662544,177.2095184326172
3665984,-112.38433837890625
3666240,247.99354553222656
3670400,349.5948486328125
3671952,410.43243408203125
3673552,941.8798828125
3673728,279.70001220703125
3677232,949.412109375
3677760,410.11114501953125
3678096,360.4635009765625
3680048,824.5584716796875
3682832,169.53598022460938
3684832,1089.8555908203125
3685424,1050.0909423828125
3686112,-134.86654663085938
3687808,941.9006958007812
3689072,602.6007690429688
3689616,249.74966430664062
3689680,1053.2535400390625
3690640,297.2557373046875
3690816,386.2422790527344
3691296,997.0189208984375
3691872,647.7754516601562
3692464,1068.7099609375
3693104,1139.8583984375
3693920,314.04913330078125
3700752,362.3768615722656
3702240,109.04054260253906
3704016,984.1428833007812
3704112,1043.9163818359375
3705840,893.5447387695312
3705872,1026.8555908203125
3708960,414.6111145019531
3709616,-133.7822265625
3711120,1062.9957275390625
3715056,128.22288513183594
3716016,560.5892944335938
3716304,1000.4608154296875
3717168,813.392333984375
3717696,895.5719604492188
3718928,889.5333251953125
3719040,981.6869506835938
3719168,388.2237243652344
3722800,1051.7724609375
3723584,604.3301391601562
3723808,1080.9052734375
3724320,94.91020202636719
3725312,923.5475463867188
3729248,81.27143096923828
3731968,29.078102111816406
3732224,741.1068115234375
3732368,193.58609008789062
3733136,362.55615234375
3733808,1009.3056030273438
3734272,70.90908813476562
3735344,1074.910400390625
3735984,621.0615234375
3739136,896.1571655273438
3739536,779.7249755859375
3739632,1162.740234375
3740048,335.7186279296875
3741344,1013.23583984375
3743648,944.2386474609375
3743984,-25.087459564208984
3744144,973.6627807617188
3744448,-42.27097702026367
3744784,1033.01220703125
3745552,504.6751708984375
3746608,-31.011474609375
3747296,1060.20361328125
3747584,-140.2599334716797
3748384,480.04595947265625
3748752,305.7059631347656
3750688,828.153564453125
3754416,-67.59378814697266
3755168,527.5037231445312
3759392,268.6339111328125
3760160,65.527587890625
3761200,1107.9573974609375
3763056,325.69207763671875
3763200,387.0711669921875
3764512,774.9237060546875
3764880,540.7285766601562
3766144,518.5344848632812
3769264,399.9383239746094
3769696,866.7380981445312
3770160,524.1766357421875
3771936,552.74072265625
3772304,1099.8092041015625
3773552,847.110595703125
3773616,940.860107421875
3774208,832.0050659179688
3774560,839.269775390625
3776848,915.1177368164062
3777520,992.5106201171875
3778752,497.51361083984375
3778928,933.706298828125
3779264,561.3450927734375
3780512,1079.3472900390625
3781760,1049.490966796875
3782656,1107.6171875
3783520,-49.314674377441406
3784016,861.433349609375
3786144,288.5576171875
3787120,358.8050537109375
3787920,787.9794311523438
3789056,992.3564453125
3789456,853.1613159179688
3791376,959.718505859375
3792288,938.5951538085938
3795040,449.0027160644531
3795872,77.46836853027344
3797152,-130.56219482421875
3797312,835.2671508789062
3799360,1051.472412109375
3801056,932.7833862304688
3801376,805.3106079101562
3802112,995.7714233398438
3802800,947.20068359375
3803584,908.2086791992188
3804320,250.47605895996094
3804624,1078.7310791015625
3804736,426.07501220703125
3805920,36.20371627807617
3806736,316.4250793457031
3809296,396.58172607421875
3810736,947.5958862304688
3811168,420.7601318359375
3811616,959.419189453125
3812240,693.1780395507812
3812400,1028.9466552734375
3814016,-67.08434295654297
3815088,482.35491943359375
3815360,945.5955810546875
3815392,302.9934387207031
3815824,911.53173828125
3816000,243.00259399414062
3816112,440.23858642578125
3816608,966.1177978515625
3818096,44.56441116333008
3819872,1095.2039794921875
3821328,504.7766418457031
3823728,985.9967651367188
3824176,-83.79298400878906
3824544,84.46978759765625
3826448,-136.3025665283203
3827936,932.433349609375
3830512,1008.2515258789062
3830544,822.7999877929688
3831952,231.9468536376953
3832272,-60.66643524169922
3832832,952.8255004882812
3833088,62.14126968383789
3833456,132.91395568847656
3835696,1034.18701171875
3836384,1227.450927734375
3837168,675.1943359375
3837488,1086.590087890625
3837776,8.490301132202148
3842112,1080.7486572265625
3844704,1010.8394165039062
3844912,454.6905212402344
3847792,895.8031616210938
3849344,1010.44287109375
3850400,1127.1429443359375
3850816,901.4385986328125
3852384,302.7132568359375
3852384,194.24790954589844
3854512,1034.1309814453125
3854912,252.10647583007812
3857808,257.68212890625
3858016,30.201671600341797
3858960,620.8515625
3862800,500.7740478515625
3864416,937.9528198242188
3866448,477.0224914550781
3866816,697.2345581054688
3866864,1064.8145751953125
3866912,1023.5064697265625
3866960,96.09293365478516
3867840,27.264705657958984
3868720,941.5516357421875
3869936,995.5108032226562
3870144,1053.4498291015625
3870944,134.0272674560547
3871824,1029.5560302734375
3872816,1113.3428955078125
3873120,-29.26586151123047
3873296,1063.175048828125
3874144,602.4200439453125
3874816,979.2716674804688
3875360,756.0803833007812
3877264,317.773681640625
3877808,461.7880554199219
3878656,51.43915939331055
3879760,958.89208984375
3879776,973.207763671875
3880624,-21.473356246948242
3881376,731.2151489257812
3882464,837.2505493164062
3882528,1119.5618896484375
3883504,39.54015350341797
3883632,845.424560546875
3884464,1080.3555908203125
3885488,1.7294117212295532
3886032,1053.08935546875
3886720,704.5411987304688
3887264,1019.2906494140625
3887920,406.68359375
3888240,1143.0308837890625
3888560,196.87567138671875
3888560,122.18251037597656
3889824,22.366666793823242
3890512,392.6632995605469
3891744,1135.493408203125
3891984,913.0382080078125
3894112,939.7721557617188
3894912,952.2644653320312
3894944,173.20614624023438
3895968,913.9791870117188
3902048,1019.1470336914062
3903104,854.8597412109375
3905824,793.62109375
3908256,318.9377136230469
3912048,275.4385986328125
3912448,774.5389404296875
3913504,1080.380126953125
3913920,963.6770629882812
3914160,1034.938720703125
3915472,999.5786743164062
3915792,-127.12963104248047
3916256,992.6283569335938
3916624,569.5647583007812
3916800,929.7333374023438
3920496,758.5452270507812
3920656,1095.4371337890625
3923248,860.7318115234375
3926496,207.71006774902344
3927056,1085.233642578125
3927280,229.58570861816406
3927936,1052.66845703125
3930832,1086.5625
3931584,895.8177490234375
3933648,1228.03271484375
3934128,931.6343994140625
3937328,1067.6273193359375
3937968,1000.246826171875
3938432,1156.3192138671875
3939872,474.8518981933594
3940000,1010.96484375
3940304,1159.3978271484375
3941568,1095.7801513671875
3942736,1035.77587890625
3942944,915.3355102539062
3944432,1038.913818359375
3945952,1044.023681640625
3946416,397.51690673828125
3948832,1047.0946044921875
3950016,564.0980224609375
3951728,1014.968505859375
3952176,389.1060485839844
3952880,957.8644409179688
3953520,904.066650390625
3954336,530.9408569335938
3954752,1129.4622802734375
3957024,1039.63330078125
3958160,652.9447631835938
3961024,725.3713989257812
3962256,961.9498291015625
3964048,819.477783203125
3968352,949.1449584960938
3968592,794.5392456054688
3968720,331.22601318359375
3968736,1106.5970458984375
3969488,-1.5333333015441895
3971680,942.8164672851562
3972960,1023.3749389648438
3974000,-125.40188598632812
3974784,835.1752319335938
3975024,806.4335327148438
3975072,957.1052856445312
3975248,1030.5433349609375
3975856,1119.7572021484375
3977040,-14.357484817504883
3977840,1037.3388671875
3978304,841.890380859375
3979984,165.8037109375
3982672,988.703125
3982832,252.62252807617188
3982896,1019.0498046875
3983968,923.0471801757812
3985184,1087.271484375
3987536,1017.7982788085938
3988256,-9.767924308776855
3989040,891.2467041015625
3990768,922.775390625
3991936,984.0786743164062
3991952,626.2664184570312
3992448,-77.5999984741211
3992928,868.2578735351562
3993328,997.255126953125
3993792,350.54443359375
3994784,834.0447998046875
3995456,1084.9490966796875
3995744,976.9744873046875
3995872,436.3039855957031
3996816,959.9934692382812
3997280,876.0
3997376,314.7344970703125
3997904,1067.341552734375
3998720,814.3848876953125
3999232,968.8675537109375
3999664,1005.37744140625
4000272,1018.4758911132812
4000624,572.95556640625
4000720,1216.395263671875
4001856,923.2089233398438
4002656,906.0887451171875
4004496,975.0999755859375
4005728,9.224252700805664
4005760,-37.02533721923828
4008144,1206.0643310546875
4011008,1155.525634765625
4011024,980.0895385742188
4011104,1029.5880126953125
4012128,813.8868408203125
4012640,969.3724365234375
4012832,1049.2508544921875
4014080,616.0296630859375
4015984,907.5719604492188
4016720,-22.450746536254883
4017536,163.5181884765625
4019168,1038.278076171875
4020064,1036.036865234375
4020336,1147.804443359375
4022528,1068.750732421875
4025392,612.01806640625
4026832,1067.0465087890625
4027328,-135.4113311767578
4028080,1074.3978271484375
4028496,292.114013671875
4028544,981.486328125
4031056,1044.42578125
4032576,826.2640991210938
4033136,942.0340576171875
4033264,915.7490844726562
4033328,431.7707214355469
4033568,971.067138671875
4034624,835.205078125
4035488,706.9127197265625
4035856,399.1044616699219
4035888,1063.7176513671875
4036992,453.6190490722656
4037840,1029.1181640625
4038256,1018.9177856445312
4040720,754.2000122070312
4040768,947.0426025390625
4042832,854.832763671875
4044368,534.83447265625
4044896,531.1058959960938
4045008,1068.70849609375
4045488,174.953369140625
4048592,1076.1644287109375
4049520,1061.0389404296875
4053312,1012.9000244140625
4054528,-23.985767364501953
4054928,927.292724609375
4054992,958.8212890625
4055184,1148.3505859375
4055552,326.20001220703125
4056272,1122.22705078125
4057696,992.3523559570312
4057792,67.96601867675781
4058176,981.6309204101562
4060096,1020.965087890625
4060368,983.2535400390625
4060688,-141.18698120117188
4060720,1110.8121337890625
4061632,490.4367370605469
4061760,992.9414672851562
4062176,922.9879760742188
4062768,822.8909301757812
4064144,973.987548828125
4065952,221.01707458496094
4065952,1071.2332763671875
4066896,546.97509765625
4069024,-134.80491638183594
4069568,290.5875549316406
4071200,1040.4373779296875
4072544,320.3055419921875
4074016,1122.7069091796875
4074448,988.310546875
4076048,1070.5084228515625
4076096,1084.5626220703125
4076400,1153.256591796875
4077088,1169.3387451171875
4078160,945.17822265625
4078848,329.8921203613281
4080240,952.8473510742188
4080272,382.15338134765625
4081584,849.3115844726562
4082096,966.657958984375
4083248,1084.728759765625
4085808,182.5591583251953
4087568,770.8551635742188
4087936,327.6611022949219
4088672,836.1065063476562
4089200,968.8142700195312
4091072,842.054931640625
4091312,1107.2845458984375
4092304,422.7408142089844
4093872,1064.8250732421875
4094528,1082.31787109375
4095920,1055.3619384765625
4098832,1130.1275634765625
4099104,822.8541259765625
4099568,1216.47265625
4100416,1035.0081787109375
4100528,50.87446975708008
4101952,448.3726806640625
4103328,383.2832336425781
4103568,999.9786987304688
4104176,118.03333282470703
4105248,470.82073974609375
4105280,18.628719329833984
4108336,-131.227783203125
4110528,-131.35604858398438
4113984,1109.29296875
4114592,1057.586181640625
4116992,1062.065185546875
4117072,987.601318359375
4119568,825.827880859375
4120384,288.4700927734375
4123232,1020.9657592773438
4124048,1079.405517578125
4125072,210.3839569091797
4125264,1107.987060546875
4126272,265.5754089355469
4127504,62.881919860839844
4129712,288.77691650390625
4130416,270.7914733886719
4133296,1122.0430908203125
4135264,60.40391540527344
4135632,567.7817993164062
4135680,1010.6312255859375
4137168,997.1027221679688
4142528,918.1889038085938
4142752,996.1598510742188
4143744,-48.08803939819336
4144512,-22.849809646606445
4145856,594.76708984375
4150544,1109.8035888671875
4151664,1040.2593994140625
4152304,1219.2889404296875
4154816,877.4615478515625
4155408,464.1286315917969
4155552,949.3330078125
4156816,376.2956237792969
4157872,979.7224731445312
4158576,228.43846130371094
4158752,3.857142925262451
4160352,1013.935791015625
4160880,997.037841796875
4161440,250.23204040527344
4162800,934.9602661132812
4165184,985.0188598632812
4165792,608.2938842773438
4166544,1056.199951171875
4166784,-115.48360443115234
4167168,1141.78173828125
4167312,876.5798950195312
4167504,901.7879638671875
4167936,1252.5889892578125
4169984,340.496826171875
4170896,1027.485595703125
4170912,1097.81201171875
4174192,455.8375244140625
4174736,922.5921020507812
4176320,119.61343383789062
4176576,1039.1209716796875
4177568,923.1417236328125
4178336,1005.7920532226562
4178880,770.5526733398438
4179504,898.6151123046875
4180608,399.1901550292969
4180912,411.4970703125
4180912,734.957763671875
4182960,1038.23291015625
4183088,376.8666687011719
4183120,960.7958984375
4184400,437.4269714355469
4186624,925.0197143554688
4188176,623.3356323242188
4188592,280.0050354003906
4190304,1134.864501953125
4191088,1027.9656982421875
4194064,1159.1358642578125
4197744,56.52517318725586
4198304,433.4102478027344
4199696,1062.809326171875
4200736,368.47735595703125
4200864,1121.76904296875
4201328,1043.42578125
4202784,881.977783203125
4204400,1044.02880859375
4204608,1000.8430786132812
4206368,950.31640625
4206864,930.25
4206976,846.365234375
4207360,349.3872375488281
4210272,1061.357666015625
4212656,1007.9515380859375
4213376,489.0258483886719
4214064,-133.35357666015625
4214080,1122.70654296875
4214112,1006.27978515625
4217472,976.7882690429688
4217888,746.7156372070312
4218240,-64.69322204589844
4218640,995.4996337890625
4218960,341.7448425292969
4219168,917.4634399414062
4220304,134.20460510253906
4221728,214.36573791503906
4222640,1032.699951171875
4223168,502.2728271484375
4223888,960.3494873046875
4224352,908.9118041992188
4225296,609.6412353515625
4225984,1088.0123291015625
4227904,865.9613037109375
4227904,846.52490234375
4228064,986.5333251953125
4229424,1166.757568359375
4229488,72.09590911865234
4229728,378.7891845703125
4229792,298.9794616699219
4231872,158.7592010498047
4233088,1062.7606201171875
4233312,1004.881103515625
4234272,923.9020385742188
4238288,334.47406005859375
4239152,398.81671142578125
4240464,69.38707733154297
4241328,1008.64111328125
4242128,656.044189453125
4242272,881.1333618164062
4242848,988.0422973632812
4243104,884.1092529296875
4243568,1000.9218139648438
4243680,963.7252197265625
4244080,955.9310913085938
4244848,1080.0611572265625
4245408,1036.5352783203125
4246192,1087.6319580078125
4246912,374.776611328125
4253056,13.15882396697998
4253552,1013.7373657226562
4254272,1041.6944580078125
4255280,1007.7164306640625
4255360,780.9623413085938
4255424,1046.172119140625
4256736,1011.5576782226562
4258752,856.582763671875
4258800,1042.075439453125
4258832,427.4787902832031
4258960,494.4703674316406
4261152,853.281005859375
4261824,438.0960388183594
4264496,29.651613235473633
4265104,1078.0643310546875
4265104,911.3789672851562
4265632,442.6647033691406
4268624,1066.3333740234375
4269136,895.4202880859375
4269392,1106.2391357421875
4270768,898.294677734375
4271744,1054.08349609375
4273104,1132.0811767578125
4274080,980.2028198242188
4274816,28.344200134277344
4274912,814.9571533203125
4275968,1102.9915771484375
4276928,29.587251663208008
4279264,465.1567687988281
4279792,844.6973266601562
4280384,1030.5404052734375
4281056,1074.9111328125
4281888,-129.2754669189453
4281888,434.275634765625
4283248,164.14784240722656
4285312,1055.525390625
4285456,161.9302978515625
4287056,275.4515686035156
4287120,818.6239624023438
4289744,870.4150390625
4291968,935.489013671875
4292608,949.4739990234375
4295072,959.1250610351562
4296752,488.68597412109375
4297472,905.9491577148438
4298592,217.10345458984375
4299312,97.3272705078125
4302848,477.27099609375
4303520,894.0770263671875
4303648,536.3410034179688
4304064,899.5730590820312
4305984,1072.7869873046875
4306112,1023.0630493164062
4307392,943.5796508789062
4310336,577.84375
4311360,944.66357421875
4311408,1150.4625244140625
4311440,1047.2559814453125
4312848,529.57763671875
4315088,1100.4359130859375
4316176,1105.4854736328125
4316752,973.1137084960938
4318928,744.5177612304688
4319504,766.455810546875
4323344,887.9243774414062
4324368,424.30645751953125
4324816,513.6146240234375
4325664,897.7897338867188
4327856,205.49710083007812
4328144,1201.8253173828125
4332752,1037.517578125
4334304,243.94366455078125
4334400,1055.3780517578125
4335024,185.65960693359375
4335232,1006.8704833984375
4335968,800.6333618164062
4337040,695.6836547851562
4338176,940.6043090820312
4338288,452.08660888671875
4342000,1021.4741821289062
4342336,1034.6712646484375
4342432,62.42060089111328
4345360,996.38720703125
4348288,950.2018432617188
4349600,1012.682861328125
4349984,1004.1666870117188
4350032,1029.052001953125
4350592,930.811767578125
4352352,458.5162048339844
4352752,146.181396484375
4353088,1104.67236328125
4353920,890.482421875
4354032,977.4181518554688
4354928,24.713207244873047
4356560,205.79884338378906
4357424,272.63262939453125
4358224,275.1499938964844
4358816,1011.0099487304688
4358832,91.21321105957031
4360672,1060.1549072265625
4360896,240.62049865722656
4361984,1043.643310546875
4362592,888.9063110351562
4364528,1019.0819091796875
4364672,975.4492797851562
4365200,828.5306396484375
4366592,201.9011993408203
4367488,921.414306640625
4367520,165.0223846435547
4368288,928.0852661132812
4368336,922.6312255859375
4368384,359.00274658203125
4368576,961.1309204101562
4368624,1033.8677978515625
4369488,72.5086441040039
4369696,884.252685546875
4370624,417.781982421875
4371696,963.035888671875
4371856,344.0743713378906
4372544,840.4057006835938
4373056,105.74436950683594
4374848,1054.6666259765625
4377168,571.1575927734375
4377568,950.3139038085938
4378112,537.8881225585938
4378256,872.3238525390625
4378560,1155.59228515625
4378720,1042.8895263671875
4379552,1033.291015625
4381216,1035.9207763671875
4382656,989.5148315429688
4384848,1037.7347412109375
4387088,870.8369140625
4387376,986.8272705078125
4387680,-64.16122436523438
4388464,-8.910959243774414
4388752,895.4815063476562
4389296,1117.225830078125
4390384,311.1075744628906
4390784,824.8257446289062
4392352,961.6553955078125
4393728,1156.80908203125
4393984,247.95614624023438
4395616,176.03492736816406
4396208,811.2097778320312
4396352,1059.6888427734375
4396576,928.6107788085938
4396880,989.045166015625
4398784,864.39794921875
4398880,1070.17236328125
4399600,347.55181884765625
4400864,1088.5247802734375
4401392,918.4583740234375
4402416,1042.4901123046875
4402800,365.4202575683594
4404784,1097.5838623046875
4406144,1178.8123779296875
4410400,1062.5904541015625
4410976,1052.412109375
4414304,987.1779174804688
4415296,1050.5643310546875
4415328,1128.4111328125
4417728,430.9785461425781
4418064,550.2127075195312
4419072,959.23095703125
4420784,984.7999877929688
4421024,915.9036865234375
4421072,933.6356201171875
4421216,1035.7347412109375
4421248,823.0969848632812
4421328,1220.53173828125
4422544,0.049462366849184036
4423056,930.7540283203125
4424752,874.7571411132812
4425168,1023.6666870117188
4426048,958.1041870117188
4426192,1061.1202392578125
4426224,602.9721069335938
4428784,-32.92463684082031
4429392,431.6538391113281
4429808,5.1307692527771
4431744,455.8545837402344
4433840,951.7000122070312
4435840,368.1675720214844
4436160,975.34228515625
4436544,570.8587036132812
4436736,924.6098022460938
4437936,155.977783203125
4438128,915.6770629882812
4439168,775.287353515625
4440016,907.0195922851562
4440368,949.7703857421875
4441904,1138.6185302734375
4443344,59.13835144042969
4443360,1017.0090942382812
4445392,1076.489013671875
4445888,173.42190551757812
4446672,1185.021728515625
4447024,1042.6328125
4447328,-23.014034271240234
4448560,701.318115234375
4449296,306.4904479980469
4449952,364.0046081542969
4452800,976.2202758789062
4452880,649.887939453125
4452896,1012.9644775390625
4453536,950.2444458007812
4454080,985.6240844726562
4458032,944.7802734375
4458944,984.7333374023438
4459168,962.8512573242188
4459904,1065.409912109375
4461392,1057.7908935546875
4462064,148.8179473876953
4462144,176.43333435058594
4462368,1023.9208984375
4462384,1041.7786865234375
4463344,444.1534423828125
4465632,1137.50927734375
4466192,1046.18505859375
4466352,514.8971557617188
4467504,265.47418212890625
4467952,786.6526489257812
4471552,901.3787231445312
4473136,799.1351928710938
4473424,1059.2314453125
4476416,626.2000122070312
4478800,843.3958129882812
4479136,644.55517578125
4479152,799.2047119140625
4480992,835.1631469726562
4481392,522.0643920898438
4482240,241.92820739746094
4483664,1150.680908203125
4483984,855.465087890625
4484528,921.6333618164062
4484576,1075.4573974609375
4486048,899.024658203125
4486400,499.1620788574219
4486656,930.1592407226562
4486768,356.26666259765625
4487168,885.8056030273438
4487488,1087.6689453125
4488128,1150.09228515625
4488192,274.7090759277344
4488256,909.4840698242188
4489248,1074.31591796875
4489680,921.0505981445312
4490432,1017.0150756835938
4490496,894.909912109375
4490624,1038.4716796875
4491504,983.5049438476562
4492448,945.1052856445312
4492560,1063.837890625
4493600,1237.369873046875
4493760,935.6622924804688
4496304,537.3682861328125
4496768,1094.495849609375
4496912,1013.064453125
4500496,411.1671142578125
4500560,653.379150390625
4500960,205.14773559570312
4501776,1021.5333251953125
4503936,-131.65467834472656
4504368,920.013671875
4505936,677.0782470703125
4507456,-69.78919219970703
4508336,280.7731628417969
4508400,614.9459228515625
4509728,1150.2744140625
4509840,597.2693481445312
4513728,1003.7308349609375
4514688,1166.31201171875
4516944,994.7565307617188
4518304,1080.167724609375
4522368,1035.1287841796875
4522480,968.4896240234375
4524464,1047.6318359375
4524960,1031.2158203125
4526160,864.092529296875
4526864,942.1107788085938
4528416,951.2813720703125
4529200,964.0258178710938
4529792,1043.4871826171875
4530240,-24.520401000976562
4530416,932.9205322265625
4531312,-135.2162628173828
4531568,960.9285888671875
4533888,972.5965576171875
4535024,1210.8697509765625
4536336,-33.476924896240234
4538976,769.281494140625
4539360,455.2757873535156
4541232,798.977783203125
4542816,1052.227783203125
4542864,917.1170043945312
4542960,237.76573181152344
4543040,1104.744873046875
4543424,1159.22216796875
4546144,328.5929260253906
4546176,554.6551513671875
4547024,1119.0787353515625
4547264,1001.2535400390625
4548848,1052.66064453125
4552176,11.983630180358887
4552624,344.82080078125
4553104,529.6904296875
4553424,1187.074951171875
4555120,958.6777954101562
4555488,958.0869750976562
4555824,269.1151428222656
4556176,469.8846130371094
4556240,865.9970092773438
4556784,908.0360107421875
4556912,908.4042358398438
4557584,-133.81080627441406
4558368,1185.922607421875
4559424,877.8413696289062
4560144,1063.6007080078125
4560240,303.1822814941406
4562272,1159.098388671875
4563104,386.1718444824219
4564352,887.8333129882812
4566192,1191.436767578125
4568192,1217.107421875
4569104,1055.5596923828125
4570096,834.2777709960938
4571152,903.94287109375
4572432,991.2101440429688
4573328,182.08108520507812
4573520,980.7540283203125
4578192,531.3629760742188
4578976,1049.9627685546875
4580288,1142.46044921875
4584128,859.7147216796875
4584640,184.32460021972656
4584704,998.232177734375
4584720,284.9888916015625
4585088,973.5477294921875
4586976,674.5968017578125
4588288,207.73464965820312
4590768,1029.8751220703125
4591504,323.4734191894531
4592816,514.5492553710938
4594592,1032.2919921875
4594912,1075.3291015625
4595216,1000.7694091796875
4595264,1059.32861328125
4598416,460.4508056640625
4598944,1022.3137817382812
4599344,1009.7976684570312
4601728,-16.257516860961914
4602416,999.3810424804688
4603024,1113.5809326171875
4605872,1068.471435546875
4606224,147.68333435058594
4611456,847.5722045898438
4612640,1112.479736328125
4613728,223.18161010742188
4615712,761.7766723632812
4618704,365.13818359375
4621136,1122.5731201171875
4621296,283.4515075683594
4621696,313.50927734375
4622704,527.1714477539062
4623120,1170.0655517578125
4623232,615.4271240234375
4624192,935.2181396484375
4624272,1185.8809814453125
4624288,1036.2178955078125
4625056,1090.0384521484375
4625344,275.38275146484375
4626112,1092.6552734375
4627728,1070.0677490234375
4629664,580.1641235351562
4630832,782.3509521484375
4631360,946.077880859375
4632736,1031.6312255859375
4633280,940.154052734375
4633280,922.5457153320312
4633280,1039.9285888671875
4633632,244.68161010742188
4636352,-129.04286193847656
4636816,1023.0883178710938
4636880,1049.88623046875
4637632,1145.1104736328125
4638320,68.48027038574219
4638960,987.1329956054688
4640160,917.0197143554688
4642448,909.3854370117188
4642912,384.7151794433594
4643776,919.6680297851562
4648368,902.9788208007812
4648752,1170.9715576171875
4651024,1028.0458984375
4651136,780.5499877929688
4652096,56.11130905151367
4652224,951.5577392578125
4652416,1149.63720703125
4653408,472.8285827636719
4653808,941.5999755859375
4655088,374.00091552734375
4655232,1194.974365234375
4656336,248.1769256591797
4657584,1126.935791015625
4658528,1069.6666259765625
4658960,1237.0699462890625
4659344,1000.566650390625
4659440,883.4515380859375
4659824,1036.1273193359375
4660480,383.6119384765625
4660768,969.950927734375
4661056,1044.0379638671875
4662576,969.3857421875
4663072,517.48974609375
4663728,1073.5828857421875
4665280,15.023809432983398
4665568,573.75048828125
4669152,1158.6097412109375
4670016,1050.05712890625
4670128,1002.6077880859375
4670304,1066.572998046875
4670432,1042.2667236328125
4673184,985.707763671875
4673776,1064.41162109375
4674368,480.0386962890625
4674704,1100.1474609375
4675632,118.87284088134766
4676000,1000.7333374023438
4679568,87.6695327758789
4681664,1184.479736328125
4682816,65.98223876953125
4684064,104.48780822753906
4685696,504.41522216796875
4688640,1066.429443359375
4689712,1197.069580078125
4692000,834.735595703125
4692288,157.31724548339844
4692448,838.5906982421875
4692544,961.8892822265625
4692704,1039.850830078125
4694416,393.4535217285156
4694976,818.2447509765625
4695056,543.9956665039062
4695488,-35.01182174682617
4695840,1037.18798828125
4697168,933.1666870117188
4697264,338.1016540527344
4697504,1185.52587890625
4698512,969.909912109375
4701200,297.3304138183594
4703888,462.07928466796875
4704384,1069.2689208984375
4706448,801.9808349609375
4707072,1057.3822021484375
4707936,951.786865234375
4709744,707.9308471679688
4709936,1101.306884765625
4713136,1048.95556640625
4713808,1069.0865478515625
4717072,238.21463012695312
4718672,1019.6011352539062
4719120,1017.1138916015625
4720336,1108.0999755859375
4720480,861.6220092773438
4720512,362.01788330078125
4721088,308.6532897949219
4721296,375.2036437988281
4722112,848.3988037109375
4723488,998.2808227539062
4724336,654.6716918945312
4724944,38.29999923706055
4724976,1034.781494140625
4725968,1093.8760986328125
4728672,929.5598754882812
4729776,839.3225708007812
4730944,1110.016357421875
4733008,1178.068115234375
4733776,990.638671875
4734928,1143.7060546875
4737280,1027.98193359375
4738224,910.727783203125
4738640,934.5486450195312
4740912,1089.7857666015625
4741840,1017.5150756835938
4744848,913.2901611328125
4745680,684.5919799804688
4746224,1017.3033447265625
4747008,711.6314697265625
4747472,344.2916259765625
4748048,645.0844116210938
4749936,1065.39892578125
4751024,1056.65380859375
4751856,950.1350708007812
4752512,368.7250061035156
4753216,841.0938720703125
4755408,907.5350341796875
4756816,1174.38427734375
4757344,1082.7890625
4758944,1020.4168090820312
4760704,874.831298828125
4760800,151.98635864257812
4760992,287.9403991699219
4761520,973.7235107421875
4761872,956.7755737304688
4762160,1044.79443359375
4763056,936.794189453125
4763600,1070.462646484375
4763744,1063.6888427734375
4763824,1148.3729248046875
4764320,1000.6084594726562
4765696,976.5161743164062
4769136,270.4760437011719
4769920,999.0895385742188
4770384,908.4003295898438
4772208,1039.8333740234375
4773232,867.889892578125
4773456,1088.5172119140625
4774192,924.247802734375
4774496,1187.5
4774976,570.5
4775664,1003.8958129882812
4776320,785.0191650390625
4777024,976.7350463867188
4778352,342.5892028808594
4779328,832.8146362304688
4779936,254.04286193847656
4780480,977.8508911132812
4780560,868.5588989257812
4781248,1177.493896484375
4781936,1000.82958984375
4783312,671.5866088867188
4787632,962.5164794921875
4788176,814.8117065429688
4789280,47.8718147277832
4792736,934.549072265625
4792912,970.9967651367188
4794592,1094.33056640625
4796352,51.190696716308594
4797216,1113.4461669921875
4798000,13.6503267288208
4798496,954.3421630859375
4801184,1013.4974975585938
4802352,957.6653442382812
4802592,789.4882202148438
4803872,-141.35238647460938
4804144,995.8792114257812
4805392,994.9979858398438
4805472,1092.142333984375
4805808,1110.77294921875
4807280,451.4525146484375
4807360,1209.8726806640625
4807488,1101.9208984375
4812080,1077.05908203125
4812944,1025.7667236328125
4814416,894.664306640625
4815136,1079.064453125
4816224,1082.757568359375
4817200,1101.6224365234375
4817376,320.6490783691406
4817808,1117.29931640625
4818192,437.6647033691406
4820832,-132.582763671875
4823296,1190.0
4824560,991.38525390625
4826032,945.263916015625
4827936,207.03334045410156
4829312,1126.17431640625
4829456,1049.7579345703125
4829632,859.564453125
4829776,1101.7481689453125
4831408,1011.789794921875
4831936,861.3461303710938
4832512,916.5518188476562
4833152,293.7589111328125
4837216,986.545166015625
4837840,972.17822265625
4837904,1042.9769287109375
4837984,1118.0181884765625
4840624,1064.7474365234375
4840768,912.578125
4840800,1132.3258056640625
4841248,71.91141510009766
4842944,984.1694946289062
4843472,523.2597045898438
4844064,1108.1204833984375
4845664,682.066650390625
4850384,950.693603515625
4851184,1040.243408203125
4852496,-127.54705810546875
4853296,1043.7508544921875
4853440,1039.105224609375
4854080,1088.9259033203125
4856384,514.4697875976562
4856592,999.7692260742188
4860048,802.187255859375
4860848,860.302490234375
4861616,505.0918884277344
4862336,1123.940185546875
4862736,1079.0401611328125
4863424,959.607666015625
4863488,1135.8697509765625
4865696,1020.4283447265625
4865792,913.0966186523438
4865808,1023.9150390625
4866032,852.0012817382812
4866352,1200.1705322265625
4866672,988.0055541992188
4866704,1013.2999877929688
4868688,356.6827392578125
4869008,400.6475524902344
4869008,1083.0833740234375
4869824,551.0496215820312
4870352,879.92236328125
4870512,856.89697265625
4871472,978.11767578125
4871904,33.993507385253906
4875776,986.6220703125
4879104,979.8128051757812
4881008,1044.8746337890625
4882656,341.9559326171875
4882704,589.8837890625
4885296,768.4756469726562
4886272,959.2433471679688
4887088,247.25537109375
4887488,1040.3123779296875
4888176,975.3101196289062
4889488,1132.26318359375
4890048,-134.07449340820312
4890608,1052.6883544921875
4890848,418.9515686035156
4890912,306.6057434082031
4891152,1071.83984375
4894240,1012.7818603515625
4894608,899.9419555664062
4895056,940.2305297851562
4897888,1002.1757202148438
4898368,1066.0
4898480,1166.458740234375
4898592,994.3716430664062
4899120,101.99371337890625
4901648,1038.791748046875
4902768,1020.9420166015625
4902896,841.3512573242188
4903360,836.376220703125
4904272,1008.8148193359375
4904480,1163.8033447265625
4906288,1021.2689819335938
4906528,947.8853759765625
4907568,583.3958740234375
4907952,581.0845336914062
4909104,1162.3419189453125
4913920,363.546142578125
4914336,1094.0181884765625
4916448,922.821044921875
4920240,921.4093017578125
4921008,1176.0726318359375
4922064,993.3392333984375
4924048,952.2918090820312
4924928,1127.181640625
4925312,474.68499755859375
4925904,1062.908935546875
4926032,399.8505554199219
4926048,896.61376953125
4926240,308.1526184082031
4927904,893.5723876953125
4931184,995.9000244140625
4931424,1045.8861083984375
4931568,367.8186340332031
4932000,998.332275390625
4933376,286.06317138671875
4935280,1050.9774169921875
4936096,978.1333618164062
4936160,71.38148498535156
4936528,1131.9984130859375
4937008,342.6081848144531
4937424,959.6295166015625
4939248,1031.9139404296875
4940000,994.25
4942000,869.7523803710938
4943712,425.9859313964844
4944656,969.2308959960938
4944848,1061.97509765625
4944928,350.23846435546875
4946992,1097.740478515625
4947184,875.3116455078125
4952640,1083.6790771484375
4952976,630.0672607421875
4954720,1065.881103515625
4955568,1054.2808837890625
4955744,209.18235778808594
4956336,1026.001953125
4956944,929.646484375
4958912,999.0357666015625
4960064,980.0197143554688
4962336,1003.077880859375
4963200,995.2333374023438
4964288,827.93310546875
4964512,-52.08415985107422
4964656,1070.227783203125
4964880,1083.5992431640625
4965232,461.3327941894531
4966176,1062.1944580078125
4967824,971.3193359375
4970240,777.3605346679688
4970320,990.2179565429688
4972288,-41.53505325317383
4972944,545.1270141601562
4975120,1066.5123291015625
4977456,793.1578369140625
4977744,827.693603515625
4979520,315.807373046875
4983104,860.5322875976562
4984576,810.0699462890625
4984720,60.68135452270508
4985536,975.4990234375
4986016,989.2447509765625
4986432,323.77178955078125
4986656,1173.4698486328125
4989184,345.24273681640625
4989296,960.2979736328125
4989760,1148.6058349609375
4990048,1184.302490234375
4992160,1026.705810546875
4992256,-42.665218353271484
4992832,1074.3857421875
4993200,946.006103515625
4994080,868.3169555664062
4996528,1009.664306640625
4998944,1088.0423583984375
5001552,204.73394775390625
5002544,406.7108154296875
5003968,1020.814453125
5004000,359.4176330566406
5004832,1106.3258056640625
5005328,819.5
5005360,1105.5748291015625
5007168,977.9188842773438
5007328,1012.517822265625
5008144,1015.8153686523438
5008944,981.3795166015625
5009376,1008.1555786132812
5009552,1029.9364013671875
5011120,1029.2740478515625
5011328,1020.6644897460938
5011632,420.7631530761719
5012080,1104.242919921875
5012704,1096.2550048828125
5014416,1087.225830078125
5015056,1041.2420654296875
5015312,138.24880981445312
5015680,1017.267822265625
5016400,1101.2017822265625
5016656,871.4384765625
5017680,133.01040649414062
5018032,1055.225830078125
5020816,969.6853637695312
5022032,320.87542724609375
5024176,955.2256469726562
5025216,1117.996337890625
5026880,975.590576171875
5028080,1012.9283447265625
5028384,1006.577392578125
5029392,915.0635375976562
5030624,1020.13623046875
5030880,1005.0867309570312
5030992,1097.4571533203125
5031632,1024.4163818359375
5033216,361.7882385253906
5033392,1142.6971435546875
5034768,852.604248046875
5038080,1179.4149169921875
5041104,1037.875732421875
5042608,1019.6671142578125
5043952,1235.8575439453125
5044224,1100.264404296875
5044768,937.7975463867188
5044912,866.29931640625
5045536,1013.9419555664062
5046016,1116.642333984375
5047536,266.26666259765625
5047936,980.06591796875
5049152,961.6906127929688
5049264,1104.3505859375
5049616,296.8218688964844
5051312,33.34647750854492
5054096,1155.0416259765625
5056720,1012.6884155273438
5056768,645.0105590820312
5057280,157.345947265625
5057632,762.5965576171875
5059728,26.037614822387695
5059952,1101.88330078125
5060256,1095.7559814453125
5061584,999.7778930664062
5063696,918.141845703125
5064688,779.8087768554688
5064912,1024.610107421875
5066080,888.88818359375
5067856,1000.6828002929688
5068768,1069.02294921875
5069744,992.7491455078125
5070304,873.2999877929688
5070432,1120.623046875
5070928,1024.5999755859375
5070992,659.7970581054688
5071488,1000.6234130859375
5074512,1128.5294189453125
5074880,420.30908203125
5076192,1018.4243774414062
5077264,488.8857116699219
5079696,454.01593017578125
5082592,996.821044921875
5083888,1044.0828857421875
5085664,940.9227294921875
5086528,734.058837890625
5087056,1180.8858642578125
5088432,1052.0882568359375
5089056,244.75135803222656
5090416,996.3203735351562
5090496,1089.7537841796875
5090544,327.9463806152344
5091888,900.2757568359375
5092768,1054.9571533203125
5092976,1084.712158203125
5094064,1143.6138916015625
5096032,916.5681762695312
5097616,1223.86669921875
5098848,1107.050048828125
5099440,1222.563720703125
5099552,1067.3751220703125
5099600,1147.393798828125
5101264,235.0087890625
5101280,1121.970947265625
5101552,998.3455810546875
5102096,532.8517456054688
5102464,1036.77490234375
5102848,1067.078125
5106160,1237.052001953125
5107712,916.014404296875
5109488,975.1200561523438
5109504,893.1265258789062
5110608,1003.9757690429688
5112976,944.5
5115648,725.721923828125
5116080,1109.0416259765625
5116656,984.1996459960938
5118304,1113.708740234375
5119056,1016.7000122070312
5121936,-20.832393646240234
5121952,961.4439086914062
5122720,1044.2362060546875
5126464,856.2717895507812
5126512,933.5948486328125
5127312,-137.69932556152344
5127856,1076.8914794921875
5128096,990.0695190429688
5128336,1122.1573486328125
5128752,990.5888061523438
5131184,998.9487915039062
5131552,242.44117736816406
5131648,1027.3463134765625
5132464,685.3966674804688
5134016,240.44590759277344
5134320,396.3753967285156
5135232,978.6700439453125
5136576,592.2108764648438
5137680,1186.16015625
5137776,903.3487548828125
5137952,1129.3121337890625
5140304,948.60693359375
5143856,584.2643432617188
5143984,1069.2720947265625
5144880,923.6943359375
5144912,964.7872924804688
5145328,998.7716674804688
5145520,241.48049926757812
5147888,1234.16259765625
5147952,426.81781005859375
5149808,885.061279296875
5150048,787.3319091796875
5151056,536.6162719726562
5152480,750.8037109375
5154288,1154.3818359375
5154288,1035.6456298828125
5154976,318.5464782714844
5154976,1156.906005859375
5155168,1181.672607421875
5155568,1083.4967041015625
5158368,62.01948928833008
5159040,345.575439453125
5160032,788.1153564453125
5162368,881.2689208984375
5167328,521.8509521484375
5167792,991.485595703125
5167936,1162.21728515625
5168000,1025.945068359375
5168352,1057.135009765625
5169456,994.6397094726562
5171488,616.7926025390625
5174160,1132.1505126953125
5174560,862.7063598632812
5175264,1149.4295654296875
5175344,696.7999877929688
5178608,699.44287109375
5178688,1082.340087890625
5178976,1072.4508056640625
5178976,998.0333251953125
5179072,1066.075927734375
5180688,827.8511962890625
5180864,1186.396240234375
5181648,597.0513305664062
5181792,772.2999877929688
5181872,3.409090995788574
5184720,1037.341796875
5185024,1072.084228515625
5185392,1046.3515625
5185616,922.85986328125
5188576,1089.05908203125
5189264,1089.4644775390625
5189360,787.6304321289062
5189648,1121.5968017578125
5189920,492.73333740234375
5190816,340.0201416015625
5191664,494.3831481933594
5191904,1005.1535034179688
5193232,1181.636474609375
5193504,980.7215576171875
5194464,150.15052795410156
5195456,1016.9055786132812
5196736,1004.6593017578125
5198144,616.7999877929688
5200576,969.5352783203125
5200880,1067.6033935546875
5201776,908.7620849609375
5202320,953.7456665039062
5202592,874.772705078125
5203312,950.1740112304688
5203952,967.8798828125
5206048,883.0172729492188
5206192,1043.586181640625
5206240,127.47943115234375
5208400,1054.826171875
5208464,709.6644897460938
5208528,744.4304809570312
5210336,-72.8629379272461
5211488,969.525634765625
5212672,1138.0816650390625
5212896,912.4229125976562
5213056,190.79164123535156
5214496,187.85336303710938
5217616,1072.8890380859375
5217696,982.9946899414062
5218032,1039.292236328125
5218432,846.8963012695312
5219440,1063.3314208984375
5219760,1021.0823364257812
5220688,825.4500122070312
5221936,911.2666625976562
5224800,1026.35400390625
5225760,933.1129760742188
5225808,976.8563842773438
5227200,1211.0162353515625
5228720,989.0101928710938
5229200,1031.116943359375
5229328,966.732421875
5229808,994.6642456054688
5230464,533.8096313476562
5231440,1011.11083984375
5232016,1145.130859375
5232064,1043.27783203125
5232992,944.2132568359375
5233184,505.322998046875
5235072,1191.9962158203125
5235520,426.3580322265625
5237760,1112.8389892578125
5239024,925.7640991210938
5240512,-203.0324249267578
5240624,1074.037841796875
5243600,1091.304443359375
5243920,1034.263671875
5244256,1143.880615234375
5244896,260.3222961425781
5244896,1136.330810546875
5247152,1032.3265380859375
5248352,980.5885620117188
5251680,993.48828125
5253184,1028.5306396484375
5253792,150.72789001464844
5257152,1120.494140625
5258240,143.9529266357422
5258672,963.3197021484375
5260240,1117.5556640625
5260336,1223.8319091796875
5261216,1074.88232421875
5264208,1061.9361572265625
5264608,1131.856689453125
5267648,1000.5422973632812
5268880,1051.947509765625
5270896,652.2077026367188
5271024,1045.309326171875
5271232,933.8118896484375
5274000,1115.0714111328125
5274720,1051.73779296875
5275568,1058.1177978515625
5275712,281.1246643066406
5276096,727.9823608398438
5276560,974.4000244140625
5277056,620.7491455078125
5278464,-137.77342224121094
5279360,993.154541015625
5279648,1110.024169921875
5281936,976.4075317382812
5282656,1099.1312255859375
5282992,1024.6575927734375
5283056,228.77557373046875
5284976,1008.3840942382812
5285024,948.78662109375
5286208,1087.9967041015625
5286416,1008.1428833007812
5287616,1113.3729248046875
5287712,821.7471923828125
5288384,1059.1729736328125
5288672,875.6383666992188
5289760,1039.588134765625
5292640,870.4317626953125
5293664,1045.5946044921875
5293744,388.3341369628906
5295568,1071.334716796875
5295888,883.293701171875
5297216,678.6116943359375
5298192,1017.4585571289062
5299376,1129.9283447265625
5299616,942.308837890625
5303488,325.46112060546875
5303552,228.1413116455078
5304464,914.7000122070312
5305024,1097.233642578125
5305120,1021.0304565429688
5305856,891.1807250976562
5305888,953.608154296875
5307024,1063.566650390625
5308784,-62.39964294433594
5310064,627.850830078125
5310208,848.268310546875
5310560,1078.300048828125
5311504,988.963623046875
5319776,1043.840087890625
5321456,942.3309326171875
5322912,1135.1124267578125
5323232,1133.029541015625
5323248,1120.1251220703125
5324128,929.4583740234375
5325264,423.9612121582031
5325552,381.855712890625
5326400,41.86178970336914
5328464,1025.5322265625
5330352,138.15472412109375
5330384,1088.7384033203125
5330656,956.034423828125
5331392,988.0585327148438
5331424,1084.5972900390625
5331920,1027.15087890625
5333264,623.9323120117188
5342704,55.93043518066406
5343280,1081.0452880859375
5343824,661.0637817382812
5346432,110.75700378417969
5347120,934.4397583007812
5347296,1072.85791015625
5347408,766.2623291015625
5347808,700.2447509765625
5351328,994.5814819335938
5352416,919.2809448242188
5354800,965.114013671875
5355632,237.79629516601562
5356944,1064.9031982421875
5357424,384.2987976074219
5357440,-133.0518035888672
5358368,986.8138427734375
5359856,1177.143798828125
5360208,1123.0797119140625
5362320,1157.864990234375
5362448,124.5394287109375
5362784,990.0614624023438
5363456,1161.2777099609375
5363648,1041.2716064453125
5365440,983.6962890625
5367632,771.6283569335938
5368176,621.3978881835938
5368576,364.8578796386719
5368784,1230.99658203125
5368976,1018.3896484375
5370400,1001.8178100585938
5370896,1073.4971923828125
5372288,1074.86669921875
5372672,133.43614196777344
5373104,719.8099975585938
5374480,1083.244873046875
5374944,1209.3697509765625
5376192,1090.2823486328125
5376880,224.9685821533203
5377408,467.53387451171875
5377504,1005.2164916992188
5377520,731.85302734375
5378848,1077.4461669921875
5379536,1059.52734375
5380016,1128.05078125
5380144,1171.4625244140625
5380768,1018.1867065429688
5382224,1046.3983154296875
5383584,1051.318359375
5384144,1111.6483154296875
5385968,338.9055480957031
5386176,879.31005859375
5386416,911.5538330078125
5386896,1173.684326171875
5389280,695.6073608398438
5389520,1122.292236328125
5389712,978.7802124023438
5391536,1081.81591796875
5392576,958.2781372070312
5393408,1118.62744140625
5395904,615.0723876953125
5397344,402.64544677734375
5398672,1076.7613525390625
5399024,1001.5169067382812
5400032,1089.0474853515625
5402608,843.9422607421875
5404864,1040.788330078125
5404928,728.3727416992188
5406032,1173.7855224609375
5406928,483.5296325683594
5408672,576.5413208007812
5411040,969.164794921875
5411632,442.1580810546875
5412624,969.3339233398438
5412704,888.8385620117188
5413696,1071.311767578125
5416528,1114.257568359375
5417008,1101.6614990234375
5417584,156.908935546875
5417856,897.1723022460938
5418672,561.3594360351562
5424208,375.8164978027344
5424240,510.7671203613281
5424448,909.1135864257812
5424544,351.96435546875
5424848,868.5
5425408,589.217529296875
5427712,123.95979309082031
5428656,388.6679382324219
5429728,1034.057373046875
5429824,1109.544921875
5430048,1082.4429931640625
5430112,716.5986938476562
5430528,349.642333984375
5431408,1091.918212890625
5431664,956.5333251953125
5432816,328.029052734375
5433056,1114.7073974609375
5433232,255.9918670654297
5434240,998.8666381835938
5434432,899.9896240234375
5434560,804.8170166015625
5435184,1141.593017578125
5435824,1045.24267578125
5436624,1035.5147705078125
5438000,499.5274353027344
5438432,804.6093139648438
5438784,975.9962768554688
5439792,876.322265625
5440368,887.4519653320312
5440624,1061.7818603515625
5441568,1107.3121337890625
5441728,1011.9099731445312
5441920,-73.31478881835938
5442672,1061.1339111328125
5445296,1035.0413818359375
5445840,1085.755615234375
5446976,40.55095672607422
5448896,973.869140625
5451024,445.05841064453125
5452912,1076.1845703125
5453168,234.2319793701172
5454208,1043.817626953125
5456032,179.0749969482422
5456032,999.3975219726562
5456192,834.3414916992188
5459088,1045.8519287109375
5459504,1139.59228515625
5460160,1099.1878662109375
5460656,1169.953857421875
5462640,1005.9476318359375
5466608,911.8951416015625
5466624,1026.5394287109375
5467968,1039.3851318359375
5468816,968.2666625976562
5469248,842.7362670898438
5470064,1031.49072265625
5470720,977.8314819335938
5471552,1021.1333618164062
5475136,773.9354858398438
5475792,804.9125366210938
5476368,913.4839477539062
5477312,913.3876953125
5480912,914.9243774414062
5481696,1069.6474609375
5482256,195.85255432128906
5484832,1061.9627685546875
5485840,907.281494140625
5487024,388.6366271972656
5488256,1033.07373046875
5488448,1138.1416015625
5488512,-59.543643951416016
5488624,558.44140625
5490176,949.1380615234375
5490400,331.0284729003906
5492000,493.9378967285156
5492400,437.33782958984375
5493456,951.9097900390625
5493552,1108.2801513671875
5493664,1143.607666015625
5493808,989.2455444335938
5495680,649.2662353515625
5495872,943.1798095703125
5496128,964.5682373046875
5497984,996.9567260742188
5501168,384.51739501953125
5501632,1011.3408813476562
5501888,898.2181396484375
5504640,188.12112426757812
5508944,1122.6416015625
5509200,947.4097900390625
5511152,1024.3258056640625
5514256,1026.9786376953125
5514960,1139.558349609375
5515184,1186.070556640625
5515664,969.3778076171875
5515696,462.417236328125
5516720,992.2938842773438
5517280,841.6024780273438
5517840,1152.9285888671875
5519984,282.0914611816406
5519984,704.5123901367188
5521200,1171.084228515625
5521520,694.8712158203125
5522368,972.8947143554688
5524640,1200.7025146484375
5525648,835.5881958007812
5527344,992.15771484375
5527568,903.6795043945312
5528960,976.5078125
5532128,905.9609985351562
5532272,995.1758422851562
5532672,932.2922973632812
5536208,1076.8028564453125
5536784,843.9105224609375
5538544,27.61910057067871
5538944,32.68235397338867
5538992,467.4195861816406
5539552,1011.6582641601562
5539584,953.746337890625
5540784,386.1300964355469
5543056,562.5438842773438
5543088,1191.8319091796875
5543184,1133.979736328125
5547088,775.6531372070312
5547440,1112.7977294921875
5549632,1020.7000122070312
5553520,952.156982421875
5553808,528.5797729492188
5554128,1124.699951171875
5555360,1056.2508544921875
5556080,518.9085083007812
5556736,1036.2255859375
5557392,1049.5882568359375
5558144,722.7951049804688
5558288,1005.4786987304688
5559440,1221.436767578125
5559456,918.8131103515625
5560400,1010.44287109375
5562640,1085.4248046875
5562656,1133.5496826171875
5563456,18.51038932800293
5563744,926.813720703125
5566016,899.773193359375
5566496,1092.887939453125
5566528,1013.5430908203125
5570880,1006.2276611328125
5573488,930.9085083007812
5574464,1084.1514892578125
5575056,1091.75634765625
5575296,929.3903198242188
5575456,926.5731811523438
5575680,-135.31626892089844
5580640,225.03695678710938
5582256,1111.1275634765625
5583312,851.19482421875
5583824,516.38623046875
5585680,1100.2178955078125
5586080,925.0447998046875
5587744,713.9466552734375
5589152,1010.1333618164062
5589408,1068.42529296875
5590208,1020.9915161132812
5592512,1081.85791015625
5595712,786.8499755859375
5596336,1065.2315673828125
5597744,1100.3857421875
5598768,324.9681091308594
5599152,1148.357177734375
5599600,104.94761657714844
5601104,960.5706787109375
5602544,980.4515380859375
5602864,1068.36474609375
5603552,1129.584228515625
5604480,906.6830444335938
5605024,977.3424682617188
5605056,566.6283569335938
5605904,1174.506103515625
5607456,397.3111572265625
5608160,1233.362548828125
5612784,1137.6671142578125
5615024,1144.181640625
5617696,1060.86669921875
5617856,-62.17024230957031
5617936,238.649658203125
5619792,1124.888916015625
5619792,1101.9429931640625
5620704,1083.981201171875
5623648,494.96807861328125
5623728,1011.1101684570312
5623840,907.69580078125
5624048,1105.242919921875
5624592,1017.820068359375
5625616,1188.269775390625
5625664,275.0692443847656
5626784,678.6170654296875
5626880,1122.32421875
5627600,1027.4742431640625
5629872,452.270263671875
5630704,187.71253967285156
5631584,860.1148071289062
5631600,1021.05712890625
5633712,1006.678955078125
5634480,1030.2398681640625
5634816,1128.15771484375
5636176,1114.5689697265625
5636784,910.5099487304688
5637616,1152.450927734375
5638304,1041.5361328125
5639984,1069.443359375
5640816,1045.322265625
5640912,969.9736938476562
5641008,966.1207885742188
5643600,807.320556640625
5645888,1123.61181640625
5646528,954.7012939453125
5647104,200.82162475585938
5647568,1043.9007568359375
5649040,1097.6749267578125
5650016,821.8067016601562
5650080,929.6304321289062
5650176,987.3807373046875
5650224,983.8856811523438
5650624,1038.3760986328125
5651024,978.7872924804688
5651920,1129.199951171875
5652192,568.53564453125
5653856,1103.8123779296875
5654048,1098.8929443359375
5656080,1167.8797607421875
5656800,381.3793029785156
5657600,827.929443359375
5660384,1064.371337890625
5660576,905.4122314453125
5661280,-58.159420013427734
5662304,1004.066650390625
5664272,967.7737426757812
5664416,861.2548217773438
5665328,818.564697265625
5666384,274.0379638671875
5668080,101.93602752685547
5669056,1121.271484375
5670960,1044.940185546875
5671408,1128.05712890625
5671584,1117.68017578125
5671744,1114.77294921875
5672496,973.3573608398438
5672784,1042.432373046875
5672944,323.64544677734375
5674160,757.1532592773438
5675248,1002.689453125
5676512,871.4405517578125
5677744,1186.888427734375
5679168,1035.3319091796875
5680080,979.0958251953125
5680880,994.7571411132812
5682688,1179.4176025390625
5682784,245.52310180664062
5683344,471.727294921875
5684512,1087.6209716796875
5684704,870.963134765625
5685824,896.43017578125
5686448,506.1856994628906
5687408,1053.73193359375
5689200,1071.139892578125
5691904,842.7153930664062
5693568,883.5440673828125
5694096,954.1243896484375
5695072,1015.7786865234375
5695616,1032.37646484375
5696480,1048.625
5696528,962.0333251953125
5696896,1057.2177734375
5697856,423.470947265625
5698416,1041.5234375
5698528,433.036376953125
5702288,957.9682006835938
5702640,990.7736206054688
5703424,1109.8148193359375
5708016,1022.6314697265625
5708608,1012.5774536132812
5710384,1114.8936767578125
5712736,497.8350830078125
5713632,356.1261291503906
5714032,434.979736328125
5717536,919.930419921875
5719248,777.327880859375
5719904,1035.642822265625
5720128,1158.7509765625
5720880,1002.1503295898438
5721808,965.2711791992188
5723072,970.49072265625
5723312,978.6896362304688
5727184,1004.5311279296875
5729984,980.1019897460938
5730160,965.9825439453125
5732080,238.0474395751953
5732240,1112.2967529296875
5733216,937.0203857421875
5734656,941.3842163085938
5734752,678.5419921875
5736240,183.51719665527344
5737392,1187.9091796875
5737920,1205.8681640625
5738736,493.87646484375
5738832,885.0076904296875
5739104,465.1230163574219
5739136,1040.2110595703125
5740960,1124.0985107421875
5742592,1093.517822265625
5743648,956.7471923828125
5743808,22.428707122802734
5744352,279.6043701171875
5750208,979.3457641601562
5751488,959.2943115234375
5751488,1030.468505859375
5753072,1144.6270751953125
5754848,784.9376220703125
5757040,1145.022216796875
5759664,1218.699951171875
5760080,1030.67041015625
5765568,618.9222412109375
5765728,1030.0635986328125
5766592,1006.7965698242188
5767024,255.21612548828125
5768240,1079.5894775390625
5768992,582.0818481445312
5770208,1036.7691650390625
5770240,376.04754638671875
5770448,242.0728759765625
5771456,1181.47314453125
5771504,1113.6663818359375
5773872,1065.83984375
5777600,969.4818725585938
5780816,972.380859375
5783312,1070.642822265625
5783520,902.3073120117188
5785104,793.4772338867188
5785488,1225.5028076171875
5785584,1057.1046142578125
5785984,1099.0223388671875
5786080,1054.517822265625
5787008,1074.2744140625
5788512,806.620849609375
5789792,974.517822265625
5790480,979.353515625
5792048,901.9825439453125
5793296,987.982177734375
5793504,1075.1268310546875
5793536,1102.111083984375
5794704,752.0702514648438
5798736,451.3930969238281
5799504,970.853759765625
5800096,756.7869873046875
5800112,1082.406494140625
5800560,1129.027099609375
5800912,1020.0333251953125
5801616,1041.78173828125
5801712,1111.024169921875
5803200,989.5582885742188
5805696,1000.3802490234375
5806624,814.4500122070312
5807456,233.76866149902344
5809424,1062.279296875
5811296,1233.7274169921875
5811520,1056.322265625
5812352,1024.3150634765625
5812560,876.2601318359375
5814048,1015.1451416015625
5816064,1063.214599609375
5816240,915.8582153320312
5817072,594.36474609375
5818176,619.7161865234375
5819680,1016.4099731445312
5820544,1022.58349609375
5823120,1088.5064697265625
5823872,991.0598754882812
5823936,1018.5343017578125
5825776,1230.2698974609375
5826224,966.5833129882812
5826352,959.008056640625
5828288,927.9666748046875
5829136,1097.4854736328125
5829184,970.8385620117188
5829328,1183.1085205078125
5830480,765.6421508789062
5830720,772.9902954101562
5831040,559.0551147460938
5833152,921.2940673828125
5834160,916.8775634765625
5834320,933.7510986328125
5835312,1102.5552978515625
5835424,1047.7811279296875
5838224,731.1210327148438
5839824,-5.770270347595215
5841024,987.2350463867188
5841088,1149.0777587890625
5842960,66.61052703857422
5843296,1012.6783447265625
5844048,1072.8204345703125
5844432,-54.07567596435547
5844672,1087.7689208984375
5845376,487.8211364746094
5847744,1058.1275634765625
5848016,962.4945068359375
5848432,941.0986938476562
5848448,952.1904296875
5850352,861.5684204101562
5850640,1050.735107421875
5854832,-53.44929504394531
5855296,1148.8121337890625
5857344,1022.3253784179688
5859744,182.33389282226562
5859792,900.6563720703125
5860736,282.2915344238281
5861376,1093.2579345703125
5864320,977.2265014648438
5866352,863.2526245117188
5866656,922.92724609375
5866672,999.8666381835938
5867488,779.1142578125
5869648,935.5704956054688
5869904,1077.329345703125
5870624,1049.234375
5870864,1045.560791015625
5871712,1083.112060546875
5871840,641.5
5873824,1061.8204345703125
5874848,1107.3182373046875
5875152,984.7122192382812
5875168,152.0076446533203
5876016,1010.8894653320312
5878912,987.386962890625
5879200,1146.1044921875
5880464,1138.3992919921875
5883312,601.3862915039062
5884944,1027.4373779296875
5885712,1069.4742431640625
5886512,987.8165283203125
5886512,138.72564697265625
5886656,1028.9962158203125
5887488,-58.227272033691406
5889216,981.1996459960938
5889392,620.3419799804688
5890144,1021.3512573242188
5891232,898.4541625976562
5891872,350.2090759277344
5895712,1149.4091796875
5896080,1078.2401123046875
5897248,1092.0689697265625
5897424,977.8709106445312
5897520,894.8418579101562
5898272,954.3421630859375
5899856,405.3999938964844
5901664,563.0470581054688
5901840,993.4164428710938
5902528,1057.5946044921875
5902800,1107.712158203125
5903104,900.8170776367188
5903296,1067.2117919921875
5903792,244.13040161132812
5905024,1036.284423828125
5906960,969.7373657226562
5907824,900.1598510742188
5907984,1195.7681884765625
5908032,1118.4095458984375
5908368,1154.2861328125
5909952,870.9379272460938
5912208,850.6591796875
5914256,-130.3428497314453
5914528,779.2537231445312
5915488,1149.0999755859375
5917136,257.7210388183594
5918512,966.5535278320312
5919600,843.8421020507812
5920880,887.4134521484375
5921168,1009.8815307617188
5921984,1048.0509033203125
5922944,1065.4764404296875
5924256,644.7974243164062
5925408,960.9901123046875
5927568,1008.8248291015625
5928560,1020.1197509765625
5930496,745.4091186523438
5932048,928.5509643554688
5934256,422.0666809082031
5935392,219.04736328125
5935712,1053.32861328125
5936384,985.95263671875
5937296,264.6201171875
5938672,1092.1043701171875
5942880,1056.1607666015625
5944352,387.0636291503906
5945424,893.0999755859375
5947600,1184.6455078125
5947664,1044.02587890625
5948800,1198.2098388671875
5949408,1249.7542724609375
5949648,622.1446533203125
5950576,460.52777099609375
5953040,1018.3360595703125
5953584,1063.7720947265625
5953728,1004.1818237304688
5953792,988.2142944335938
5953984,117.56202697753906
5954224,939.5278930664062
5955488,984.1456909179688
5958864,711.0640869140625
5959152,1180.2857666015625
5960432,995.121337890625
5961264,1048.3839111328125
5962080,618.1566162109375
5962576,417.14788818359375
5962800,1227.8333740234375
5963824,1033.6319580078125
5963984,1052.8126220703125
5964224,1027.5013427734375
5967024,983.2018432617188
5967056,1016.6702270507812
5967888,1065.6614990234375
5967936,338.2891845703125
5968768,-127.4756088256836
5969232,81.47777557373047
5970416,1041.5810546875
5970784,1071.8670654296875
5972752,907.8013916015625
5973440,1006.6373901367188
5975696,1044.0882568359375
5977936,977.6142578125
5979120,1101.9395751953125
5979840,946.625244140625
5980720,1162.4202880859375
5981216,964.9097900390625
5981392,1081.9293212890625
5982400,1121.8326416015625
5984464,1009.182373046875
5986192,478.73358154296875
5987728,1014.9288330078125
5988992,795.4639892578125
5989168,909.7277221679688
5990000,565.5130615234375
5990544,1120.6258544921875
5990896,723.9739990234375
5991520,77.55032348632812
5992592,879.6597290039062
5994256,570.964111328125
5998288,1064.566650390625
5998352,1093.0384521484375
5998704,1014.9285888671875
6000112,900.8142700195312
6001216,944.51904296875
6003888,533.664794921875
6004256,958.4175415039062
6004544,1043.9459228515625
6005296,1066.2593994140625
6005792,213.39321899414062
6006560,952.3898315429688
6007520,1211.669921875
6010256,884.3464965820312
6012336,188.30091857910156
6012400,757.1714477539062
6014800,932.5499877929688
6014992,693.1576538085938
6017776,1220.1849365234375
6018080,1077.34228515625
6018272,968.0784301757812
6018752,473.71246337890625
6020480,1098.995849609375
6021776,831.0624389648438
6021824,1103.3538818359375
6022560,948.3692016601562
6022720,1193.78466796875
6024704,-78.70225524902344
6026128,1013.5989379882812
6026496,1097.6058349609375
6027248,1164.4754638671875
6027456,416.5479431152344
6030672,1051.92041015625
6031344,963.232421875
6031552,859.6609497070312
6033616,474.8294372558594
6035216,771.7479858398438
6036624,81.08519744873047
6037440,323.469970703125
6037456,456.75048828125
6039888,599.91064453125
6042688,1085.47607421875
6044624,1095.412353515625
6045024,1012.5
6045024,935.6500244140625
6048864,1009.6090087890625
6049456,1024.566650390625
6049584,517.3848266601562
6050048,1061.8070068359375
6050128,1032.18896484375
6050272,958.5
6052944,966.933349609375
6053664,866.18408203125
6053760,1087.72265625
6053840,1033.205810546875
6056320,404.5740966796875
6056352,-45.66450500488281
6057040,1083.3521728515625
6057824,778.8230590820312
6060032,1078.9361572265625
6061040,966.1513061523438
6062368,823.6304321289062
6063616,1014.0904541015625
6063856,1111.9925537109375
6064320,952.5337524414062
6064400,1029.3099365234375
6066064,969.062744140625
6066528,1037.5164794921875
6067792,941.5999755859375
6069024,1039.0228271484375
6070032,928.88671875
6072928,74.73164367675781
6072960,366.05120849609375
6073296,1100.54296875
6074384,1006.0635375976562
6075344,1004.0147705078125
6076416,1026.6983642578125
6078000,935.8177490234375
6083104,907.7886352539062
6083296,1201.7196044921875
6085072,163.71176147460938
6086256,1070.467529296875
6086640,605.131591796875
6087936,1055.310546875
6088816,968.5723266601562
6088928,591.8367919921875
6089136,229.04005432128906
6089712,890.9929809570312
6089824,1017.3966064453125
6090944,1002.9465942382812
6091168,1057.363037109375
6097712,362.2629699707031
6098000,987.585693359375
6099216,122.29348754882812
6100032,736.1077880859375
6100384,704.802734375
6100912,795.7884521484375
6103120,583.8360595703125
6103632,-133.45358276367188
6104448,537.8125610351562
6104576,290.5105285644531
6107040,909.4528198242188
6107376,1109.3817138671875
6108064,964.8314819335938
6109248,873.4791870117188
6110880,275.8153991699219
6111968,1228.450927734375
6113808,899.1333618164062
6114448,943.27587890625
6115152,-128.5569305419922
6115792,1033.402099609375
6117392,1099.669921875
6117536,257.26153564453125
6118032,889.3142700195312
6118288,1022.7947998046875
6118672,1039.7972412109375
6119216,862.6006469726562
6119408,976.0696411132812
6121952,1096.725830078125
6122928,1012.1293334960938
6124384,1085.2064208984375
6124864,885.8496704101562
6125072,905.341796875
6129504,871.2591552734375
6131040,959.5809936523438
6131728,386.5615234375
6132288,1075.5146484375
6132448,972.4246215820312
6132912,927.895263671875
6133808,210.03729248046875
6133904,883.1712646484375
6134048,447.96875
6135504,949.684814453125
6136304,873.0999755859375
6140288,940.4407348632812
6140704,1115.2520751953125
6142000,13.528875350952148
6144176,994.3931274414062
6145392,1042.142822265625
6146064,962.8798828125
6148064,1052.5369873046875
6150496,1009.4866943359375
6150720,1041.68994140625
6152192,958.4686279296875
6152240,1198.2318115234375
6153792,248.9398651123047
6155232,954.7036743164062
6155696,930.2999877929688
6156176,-5.764864921569824
6156656,1016.6805419921875
6157840,1129.3060302734375
6160672,351.14544677734375
6161200,199.57974243164062
6162656,1082.1363525390625
6163504,1025.4498291015625
6163568,232.88504028320312
6164160,440.5578918457031
6170320,1009.0872802734375
6170560,510.2096862792969
6170976,1104.6890869140625
6172624,1022.9274291992188
6173456,1051.116455078125
6176944,1067.56494140625
6177184,869.7077026367188
6177504,1104.979736328125
6179568,1031.7967529296875
6180512,1086.0333251953125
6181744,318.0508117675781
6182624,1103.68505859375
6183664,745.7999877929688
6185792,983.8610229492188
6185920,155.77633666992188
6185952,1119.764892578125
6186144,707.17431640625
6187840,931.7853393554688
6192560,1177.7696533203125
6196768,1073.8406982421875
6197344,922.4700927734375
6198624,209.95689392089844
6199488,896.088623046875
6199616,675.539306640625
6200624,295.8315734863281
6202080,784.6221313476562
6203024,1061.1649169921875
6203264,1111.1102294921875
6205328,1056.9730224609375
6208400,1040.9825439453125
6208736,988.943115234375
6209968,963.4000244140625
6210032,1006.888427734375
6210112,1031.8726806640625
6213216,950.9520874023438
6213664,841.3524169921875
6215456,1055.2508544921875
6215472,1047.2657470703125
6218704,1045.0419921875
6218992,329.220703125
6219120,983.470947265625
6219200,406.250732421875
6220752,1008.631591796875
6221184,1026.6993408203125
6222848,1069.91162109375
6224224,1005.46533203125
6224464,1123.4384765625
6224832,1111.927734375
6225504,919.4500122070312
6226272,1124.83837890625
6226320,895.2662353515625
6226384,1088.9842529296875
6228768,947.001220703125
6231824,778.2111206054688
6232784,1102.0030517578125
6232976,1033.4215087890625
6233328,1085.1767578125
6235472,964.0798950195312
6235968,1004.2783203125
6237376,816.8388671875
6238176,923.7000122070312
6238384,1044.1207275390625
6238704,549.6038208007812
6238800,488.9732360839844
6239584,606.0865478515625
6239872,942.8540649414062
6240000,991.8610229492188
6242096,1052.7689208984375
6242224,1138.093017578125
6242720,1128.4573974609375
6245168,756.3333129882812
6245776,1147.5247802734375
6249072,982.041015625
6249104,1033.2486572265625
6250416,1068.4822998046875
6251504,364.39227294921875
6252736,1034.7774658203125
6254240,1062.67236328125
6256736,1001.3358154296875
6257264,1129.7889404296875
6257312,1023.5999755859375
6257760,1017.8565673828125
6258944,966.4913330078125
6260720,971.5419311523438
6263856,886.5230102539062
6263952,1166.454345703125
6264032,915.4189453125
6265568,963.950927734375
6266096,34.63333511352539
6268128,1010.706298828125
6268976,1209.3922119140625
6269632,913.8204956054688
6271968,606.11376953125
6275664,529.3270263671875
6276688,281.6000061035156
6278544,987.8421020507812
6279104,1063.236328125
6281472,1141.2777099609375
6284304,450.9494934082031
6285120,1030.4818115234375
6287536,229.35084533691406
6287808,1048.0333251953125
6288432,796.817626953125
6290416,1098.1749267578125
6291312,997.5872192382812
6291552,993.128173828125
6292048,994.8976440429688
6292480,712.3248291015625
6293888,1076.6754150390625
6294448,732.9000244140625
6295392,970.9487915039062
6295712,1042.015869140625
6295872,1032.5870361328125
6296000,1065.560791015625
6296336,192.98904418945312
6297712,1086.427734375
6297904,1052.4656982421875
6298448,1067.066650390625
6299424,1073.4384765625
6299552,644.2063598632812
6300208,310.5368347167969
6300720,966.8076782226562
6301232,1045.02783203125
6301264,1226.0537109375
6301696,396.6921691894531
6302368,242.93870544433594
6303872,997.2755737304688
6305168,963.2462158203125
6305600,1113.7423095703125
6305664,1023.1371459960938
6305744,1071.279296875
6309760,1029.3714599609375
6310048,914.0555419921875
6311312,1137.2572021484375
6312912,945.17822265625
6313184,529.8410034179688
6314032,1001.4585571289062
6315984,983.3702392578125
6316336,880.5980224609375
6316592,950.02197265625
6317520,1057.8033447265625
6318432,756.6307983398438
6319312,968.57421875
6321056,966.0621337890625
6322752,970.1475830078125
6323232,437.6612854003906
6324064,978.2623901367188
6324592,1091.241455078125
6324640,754.9293823242188
6325184,443.91973876953125
6327392,1154.7044677734375
6329968,913.4557495117188
6333744,1180.7330322265625
6333968,1077.1043701171875
6334368,942.0089111328125
6337440,1013.0499877929688
6337584,984.0724487304688
6338880,586.6289672851562
6338960,760.066650390625
6339328,834.2840576171875
6340080,451.8670959472656
6340144,970.4909057617188
6340896,207.62432861328125
6342752,1041.52783203125
6342832,1109.09228515625
6344592,1011.27587890625
6344992,1034.5294189453125
6346176,780.6134033203125
6347344,1092.2398681640625
6348384,241.0673370361328
6349072,803.1857299804688
6350384,499.92449951171875
6350512,1009.084228515625
6352976,974.1259765625
6353920,1234.054443359375
6354208,1015.9482421875
6358288,1132.84521484375
6358320,833.2999877929688
6358592,1055.7647705078125
6361776,917.5611572265625
6364624,1030.6614990234375
6365232,969.8062744140625
6366128,1089.75732421875
6366448,1112.9970703125
6367632,15.626143455505371
6367808,895.8153686523438
6368432,982.942138671875
6369808,1066.0281982421875
6370672,1207.5048828125
6371904,1166.2371826171875
6373248,861.5833740234375
6373792,1062.99462890625
6376112,1005.8858642578125
6376416,193.3098602294922
6379920,839.4622802734375
6380032,1019.1934814453125
6381152,986.0292358398438
6381488,1219.4984130859375
6384384,1043.5263671875
6384928,933.2611083984375
6384944,972.117919921875
6386032,662.1156616210938
6389088,971.6551513671875
6389680,1087.499267578125
6392736,1031.2548828125
6393744,910.21630859375
6394192,1130.3572998046875
6395168,971.9639282226562
6397344,964.5333251953125
6398112,168.0
6398352,1054.271240234375
6398944,941.5119018554688
6401920,640.8696899414062
6402496,983.4476318359375
6402576,1173.1319580078125
6404208,1039.36083984375
6407200,1059.2686767578125
6408992,1015.5428466796875
6410016,211.0
6410624,1231.2384033203125
6411152,886.368408203125
6411840,966.5184936523438
6412336,1067.896240234375
6414048,931.2451782226562
6414064,618.7888793945312
6415328,1151.164306640625
6415344,1178.522216796875
6415344,1112.38818359375
6415584,1080.28515625
6417824,842.0048217773438
6421296,994.6353149414062
6421568,979.3311157226562
6421840,1098.864501953125
6422384,910.80908203125
6425344,1115.366455078125
6425808,977.3519287109375
6425840,245.60540771484375
6426528,952.2772216796875
6429104,1139.47314453125
6429168,1029.0
6431200,1159.264404296875
6432608,1002.5360717773438
6433168,1065.720458984375
6434112,142.53060913085938
6435312,422.71954345703125
6435376,1056.920654296875
6435472,973.125
6435520,1004.4151000976562
6436192,309.0806579589844
6437760,970.0208740234375
6437984,976.6142578125
6438672,1101.9508056640625
6438800,1044.3572998046875
6440768,1112.467041015625
6442256,842.4622192382812
6442880,943.9802856445312
6443472,939.642578125
6444528,1226.8385009765625
6444848,840.3886108398438
6446528,1010.0934448242188
6447664,1109.4508056640625
6448960,996.1322631835938
6449760,1027.0162353515625
6450352,1100.724853515625
6451056,425.2411804199219
6452448,1040.2322998046875
6453248,1085.3143310546875
6455264,671.150634765625
6455424,863.036865234375
6456496,1050.3131103515625
6457536,900.9378662109375
6457776,527.536865234375
6457888,381.3185119628906
6458688,991.2721557617188
6460640,651.7778930664062
6461568,971.168701171875
6462720,959.5640869140625
6463872,1221.6624755859375
6464672,623.1189575195312
6464880,571.8779296875
6465744,991.5020141601562
6468528,1060.142333984375
6468752,940.130615234375
6469808,998.18017578125
6471120,899.7333374023438
6473056,1053.84228515625
6478704,-79.12857055664062
6481840,1047.2828369140625
6482480,982.52294921875
6485184,787.0611572265625
6485680,1069.5333251953125
6489072,271.73150634765625
6493296,820.8575439453125
6494640,246.857177734375
6494880,325.9619140625
6496624,1001.5989990234375
6496912,1040.9271240234375
6498192,1184.5716552734375
6502784,465.1435852050781
6504016,1081.7275390625
6504064,910.5491333007812
6505168,231.11038208007812
6507232,1042.6649169921875
6507584,1105.77392578125
6508144,255.4217987060547
6508784,1063.350830078125
6509344,764.7164916992188
6510544,1045.353515625
6511488,1094.732666015625
6511872,1079.397216796875
6512384,1042.96484375
6515472,1121.2623291015625
6517520,1040.96923828125
6518032,472.2369079589844
6518400,1037.189208984375
6519904,1139.1092529296875
6520960,1047.86669921875
6523824,315.5727844238281
6523952,354.1576232910156
6524944,1007.4153442382812
6525712,1123.715576171875
6529376,1044.0172119140625
6529456,1073.267822265625
6529600,994.4518432617188
6529920,1006.7538452148438
6530160,445.454833984375
6530224,935.075439453125
6530928,1087.5816650390625
6531520,1082.7486572265625
6532640,564.4444580078125
6533280,946.9314575195312
6533536,916.752685546875
6535328,993.3169555664062
6538208,518.4697875976562
6539472,221.97740173339844
6539536,856.77490234375
6540592,188.62586975097656
6542576,594.0935668945312
6543120,880.2177734375
6543920,998.5411987304688
6545984,1046.8162841796875
6547184,984.8544311523438
6549424,1091.0867919921875
6552832,1024.7818603515625
6556176,471.52685546875
6556288,868.9345092773438
6556928,1078.4566650390625
6557264,1222.0367431640625
6557776,1066.9490966796875
6558880,1062.51513671875
6561024,1071.987060546875
6561040,906.6867065429688
6562576,452.3489990234375
6562688,1006.9208984375
6564192,1102.39892578125
6565264,1164.1922607421875
6565376,1002.5831298828125
6566832,812.4000244140625
6568352,1020.9314575195312
6569632,1092.9580078125
6570128,804.163330078125
6570256,302.17352294921875
6570736,1241.4000244140625
6571616,1206.6221923828125
6574752,964.025634765625
6576112,516.543212890625
6576544,997.9742431640625
6576592,962.3914794921875
6578160,945.56396484375
6579056,1101.5120849609375
6579312,914.5528564453125
6579456,837.05224609375
6579840,223.87844848632812
6580112,241.14117431640625
6581824,1133.5272216796875
6582304,-133.793212890625
6582352,865.5702514648438
6582672,946.9071044921875
6583824,1013.4931640625
6584464,1065.657958984375
6586128,1099.7091064453125
6586512,782.2383422851562
6587392,1096.5394287109375
6588832,1077.36669921875
6589280,1061.0032958984375
6590544,1030.0357666015625
6591824,669.2252807617188
6593008,139.6620635986328
6595392,1076.2667236328125
6596256,741.6333618164062
6598800,1089.5648193359375
6600592,1032.1478271484375
6601904,1158.56591796875
6602528,192.5
6602560,1011.3316040039062
6605664,920.1887817382812
6606176,1089.427734375
6606704,1036.7535400390625
6606768,797.1219482421875
6609760,467.9333190917969
6610432,564.3280639648438
6611552,1047.841552734375
6613552,901.8906860351562
6614128,845.95361328125
6615568,1047.7757568359375
6616944,1124.82861328125
6617120,964.4852294921875
6617984,1067.051513671875
6618064,447.95684814453125
6618320,979.7193603515625
6619056,963.7119140625
6619312,234.69264221191406
6620192,1076.291748046875
6623184,429.7408142089844
6623520,1116.1507568359375
6623696,1211.926025390625
6624160,884.2619018554688
6626336,812.0250244140625
6627456,1102.6890869140625
6627552,886.5989990234375
6627936,1110.0640869140625
6628240,987.0967407226562
6629840,1175.841796875
6632064,312.3277893066406
6632304,903.83984375
6632528,1157.269775390625
6633232,1029.2703857421875
6634752,258.7061767578125
6636688,1127.59814453125
6638384,361.20440673828125
6638832,1088.1644287109375
6639264,890.7943115234375
6639360,857.9033203125
6640096,1039.781494140625
6643568,910.4871215820312
6644752,810.9130859375
6645552,1024.1058349609375
6646464,658.8964233398438
6647104,1055.8702392578125
6647440,1003.8411865234375
6647584,1024.692138671875
6649456,1071.5941162109375
6650064,891.4419555664062
6650448,823.5053100585938
6650720,923.1419067382812
6650944,1051.3792724609375
6651264,913.078369140625
6654352,1034.587158203125
6654560,934.9815063476562
6655856,266.66351318359375
6656624,1110.7572021484375
6657568,1132.8643798828125
6658064,944.6787109375
6658176,425.1465148925781
6658416,832.7034912109375
6662704,1098.1287841796875
6663168,900.388671875
6664048,222.63497924804688
6664336,1042.4151611328125
6664560,1067.882568359375
6665216,314.8721618652344
6665808,276.409423828125
6668432,1011.1839599609375
6670768,955.2265014648438
6674128,985.6934204101562
6674256,1126.679931640625
6674928,889.666015625
6675088,358.27142333984375
6677744,248.81614685058594
6677840,186.72120666503906
6679232,1036.20068359375
6680400,998.289794921875
6681120,951.0872802734375
6681968,957.29931640625
6682560,845.5639038085938
6682944,600.3646850585938
6682976,1088.3729248046875
6683616,1085.4090576171875
6683712,961.5545654296875
6684832,174.271240234375
6685232,1010.7294311523438
6685680,1086.95556640625
6686144,1145.6187744140625
6687424,1001.43701171875
6688960,939.178955078125
6690992,999.1156616210938
6691520,879.9192504882812
6692304,1001.5968017578125
6693120,1045.8348388671875
6693632,754.927001953125
6694976,978.4212646484375
6696640,985.5469970703125
6697632,843.023193359375
6699200,738.5304565429688
6699488,776.0201416015625
6700240,389.1188049316406
6702080,956.1992797851562
6702736,1199.081787109375
6702800,1077.264892578125
6704848,1167.513916015625
6705328,1000.6498413085938
6708624,974.8021240234375
6709280,301.43792724609375
6710848,809.3405151367188
6711248,1072.657958984375
6711312,1093.7552490234375
6713232,-135.0629425048828
6714896,1072.8248291015625
6715520,1076.2667236328125
6716080,1018.281494140625
6716128,844.661376953125
6716976,112.42280578613281
6721040,179.48695373535156
6723264,523.6241455078125
6723376,1002.14208984375
6723552,1006.0774536132812
6725632,435.8653259277344
6725872,850.3737182617188
6728496,912.35546875
6729264,467.3271179199219
6729888,471.1428527832031
6730448,1092.9248046875
6731792,1155.994140625
6731984,1141.406494140625
6732016,607.3314819335938
6733680,1080.1490478515625
6733840,635.25634765625
6735504,933.3206787109375
6736352,325.7152404785156
6736432,400.3619079589844
6736736,1142.8572998046875
6737328,878.4500122070312
6738240,1127.224853515625
6738464,165.78187561035156
6738928,1227.1011962890625
6740400,1169.3150634765625
6742256,942.2750244140625
6742448,1005.7861938476562
6742912,1011.6360473632812
6743136,1033.5594482421875
6745392,1152.3272705078125
6745392,993.697509765625
6748800,823.924560546875
6748800,1208.1318359375
6749728,1024.0322265625
6751328,714.9783935546875
6752320,978.1049194335938
6752608,937.7285766601562
6753040,973.076171875
6757696,1108.603271484375
6759120,974.0
6760400,1059.4283447265625
6761280,979.0
6761312,1075.3729248046875
6762288,1001.3336791992188
6764304,1153.6981201171875
6765552,819.836181640625
6765744,749.8746948242188
6766000,931.6132202148438
6768192,403.986572265625
6772288,877.6383666992188
6772944,130.64242553710938
6773200,1140.4451904296875
6774272,935.5555419921875
6775376,1071.939697265625
6776048,965.7728271484375
6776448,946.413818359375
6777680,899.2157592773438
6779024,917.7172241210938
6779360,1112.9588623046875
6782928,990.7645263671875
6783456,453.4950256347656
6785472,-90.89151763916016
6787520,1045.261474609375
6789552,857.4470825195312
6789584,1041.2423095703125
6790208,333.2162780761719
6792080,915.481689453125
6792880,993.4425048828125
6794336,840.7193603515625
6794464,47.852516174316406
6795920,1072.3685302734375
6796128,1017.850830078125
6796512,739.3512573242188
6796864,1009.9710083007812
6797904,990.630615234375
6798128,868.8739013671875
6798704,1066.017822265625
6798880,922.4402465820312
6799200,632.9526977539062
6800400,1160.0611572265625
6801616,443.4454650878906
6802768,145.03636169433594
6803968,987.0306396484375
6804032,957.0164794921875
6807232,1030.8814697265625
6809344,1132.012451171875
6810464,965.4205322265625
6810896,934.8815307617188
6813936,646.9827270507812
6815168,1032.735107421875
6816784,1048.9615478515625
6816784,287.9301452636719
6817792,813.8584594726562
6818416,1027.142822265625
6819584,972.0
6819904,1040.03369140625
6820176,422.9951171875
6820928,1056.341552734375
6821360,1027.06640625
6822192,187.37594604492188
6823936,1061.2572021484375
6824512,1124.0555419921875
6824544,343.4246520996094
6825136,791.1593017578125
6825872,1060.8314208984375
6826480,1066.1273193359375
6827872,1072.3787841796875
6828512,1081.68798828125
6828976,1056.31103515625
6829280,777.040283203125
6831168,813.70654296875
6831344,1059.45947265625
6831824,646.0908813476562
6832240,1013.3822021484375
6833376,50.75400924682617
6835248,1019.8792114257812
6835376,1009.2750854492188
6838064,428.11578369140625
6838416,210.81455993652344
6838912,996.3191528320312
6839840,1023.61328125
6840096,440.54766845703125
6840768,1037.7763671875
6841312,1003.2534790039062
6842048,1026.6435546875
6844096,121.84706115722656
6844160,1037.0467529296875
6845360,724.9832763671875
6847456,1154.0941162109375
6847984,816.1842041015625
6848224,1007.57470703125
6849104,967.066650390625
6849376,1104.940185546875
6849792,822.2999877929688
6850800,902.2941284179688
6851360,822.5294799804688
6853024,1089.8818359375
6853296,1163.5509033203125
6854816,928.9856567382812
6855232,463.136474609375
6855696,990.6061401367188
6857344,196.89663696289062
6857776,1119.68115234375
6857888,381.1214904785156
6857968,956.8496704101562
6860624,15.419824600219727
6862128,839.11962890625
6862432,689.762939453125
6862464,1123.970947265625
6863184,961.7049560546875
6863712,1086.798095703125
6864240,214.04014587402344
6864928,1074.7454833984375
6865728,576.5316162109375
6866576,1055.1834716796875
6866720,1030.9805908203125
6868384,898.0601196289062
6868400,1094.357666015625
6868400,1027.1177978515625
6868896,560.3618774414062
6869200,1178.123046875
6869344,1136.5777587890625
6869696,919.1781616210938
6871200,936.4093627929688
6871936,720.06494140625
6874000,1073.7498779296875
6875488,1157.45556640625
6875744,1042.3572998046875
6877856,1108.9117431640625
6878352,1023.679443359375
6878496,794.4891357421875
6879136,1050.22705078125
6879312,984.4981689453125
6880160,839.5072021484375
6882208,1230.108154296875
6884848,944.4454345703125
6885024,975.6873168945312
6885424,912.458740234375
6885776,903.9150390625
6887296,961.7222290039062
6887840,1250.9742431640625
6889920,960.95166015625
6890832,1193.6273193359375
6892400,919.8034057617188
6893600,966.1515502929688
6894064,1063.2877197265625
6894176,1167.4505615234375
6898112,838.669677734375
6899760,929.9886474609375
6901440,896.4940795898438
6901648,1028.78955078125
6902128,203.9547119140625
6904448,963.0675048828125
6904592,1101.5064697265625
6906240,875.65087890625
6906544,932.3523559570312
6906784,871.9603881835938
6907936,1028.405517578125
6907968,344.0714416503906
6908240,1088.9970703125
6909808,960.4714965820312
6911680,1047.5838623046875
6913264,951.2769165039062
6913712,896.7031860351562
6917456,976.9207153320312
6917584,1029.682373046875
6919344,340.3805847167969
6919408,1234.2119140625
6920064,315.5889892578125
6920208,307.6608581542969
6923536,1029.5758056640625
6924288,392.4374694824219
6926816,522.6637573242188
6930656,1135.5546875
6931936,369.2766418457031
6936880,559.5352783203125
6936928,887.333984375
6937840,1005.2337036132812
6938656,1046.5908203125
6942208,1125.5384521484375
6943088,1061.2093505859375
6944336,171.2655029296875
6944640,163.0
6945632,987.3406982421875
6946080,171.26283264160156
6946192,1096.8648681640625
6947088,875.0999755859375
6947408,1049.5084228515625
6947872,404.5501708984375
6948768,1120.3690185546875
6949968,963.3140258789062
6952352,408.1228942871094
6953184,920.3795166015625
6953328,1120.3929443359375
6954592,1013.5140380859375
6956256,357.8099670410156
6956416,1116.2818603515625
6956464,1098.9456787109375
6956848,1104.10888671875
6957184,1172.550537109375
6957856,1085.447509765625
6959952,1124.81396484375
6960416,1088.240478515625
6961488,1044.0361328125
6962032,564.6749877929688
6962992,1099.6805419921875
6964256,87.8698959350586
6964464,1077.5333251953125
6965328,971.3162841796875
6967120,218.9907989501953
6967392,282.5578918457031
6969360,1114.1181640625
6970224,1133.02587890625
6971248,859.607666015625
6971792,857.80126953125
6972768,1130.7730712890625
6973424,935.2784423828125
6974736,172.7095947265625
6976912,-43.20000076293945
6977696,1030.7022705078125
6978272,415.70001220703125
6979936,1172.2296142578125
6980448,1003.321044921875
6981888,1011.3981323242188
6984192,1041.9169921875
6986368,502.2241516113281
6989088,889.0701904296875
6992368,893.190673828125
6992640,1096.427490234375
6993616,1141.0384521484375
6993808,848.7974853515625
6994320,850.2955932617188
6994416,872.2716064453125
6994656,1122.9202880859375
6995808,1030.6507568359375
6996688,916.9961547851562
6999440,1071.1282958984375
7002784,1018.9972534179688
7002976,917.1380615234375
7003856,1029.82275390625
7004336,1108.33447265625
7004480,919.8934326171875
7008880,1061.1021728515625
7009360,999.5077514648438
7009488,333.4638366699219
7011136,1045.0775146484375
7011296,1098.40625
7012400,336.2094421386719
7012752,1000.1170043945312
7015584,379.4947509765625
7016224,1073.388916015625
7016720,992.3807983398438
7018352,1067.326171875
7020288,946.2881469726562
7022000,1068.697265625
7022384,1045.6361083984375
7022736,208.6646270751953
7023696,1035.1915283203125
7024256,979.4423217773438
7026768,1064.4241943359375
7027008,1097.0172119140625
7027072,1005.8392333984375
7027552,734.4871215820312
7028096,781.861328125
7030272,1013.0516357421875
7030592,1073.480712890625
7030816,1092.626220703125
7033888,999.9500122070312
7034448,1050.8492431640625
7034800,1050.14599609375
7035392,347.35882568359375
7036688,951.6964721679688
7036752,443.5553283691406
7037232,1010.4000244140625
7037312,1087.1363525390625
7037760,218.9604034423828
7039856,1088.060546875
7040320,987.8320922851562
7042640,380.61572265625
7042864,1021.1810913085938
7044448,510.48773193359375
7045296,1097.56494140625
7045744,199.4755096435547
7046160,1137.935791015625
7046656,978.3324584960938
7047520,868.522216796875
7048576,963.8081665039062
7049296,1087.686279296875
7050320,1164.085693359375
7052944,1056.85498046875
7053408,1011.7260131835938
7053472,854.8405151367188
7053616,1017.353515625
7054704,976.6989135742188
7054768,404.82867431640625
7055152,958.0183715820312
7055696,423.8456726074219
7057264,822.5955810546875
7057584,1137.8291015625
7058352,1050.1163330078125
7059120,977.3426513671875
7060736,862.5260009765625
7061856,1054.909912109375
7062608,295.3666687011719
7063952,1168.92724609375
7064384,434.7709655761719
7065424,1098.6273193359375
7066032,918.9877319335938
7066288,1065.4429931640625
7066640,1080.8204345703125
7067344,1014.8721923828125
7068880,956.1517333984375
7071392,1080.535888671875
7073184,964.7285766601562
7077296,1148.73583984375
7078752,1132.2393798828125
7079056,516.1072387695312
7079152,932.5677490234375
7080416,965.0138549804688
7082160,1121.841552734375
7083648,903.5618896484375
7083904,446.0721435546875
7087312,248.47442626953125
7087376,1050.6322021484375
7087888,410.2856750488281
7089328,1046.0462646484375
7089344,1161.2030029296875
7091168,1101.881103515625
7091376,1048.642822265625
7092736,1084.4337158203125
7095344,911.9227905273438
7095680,507.673095703125
7096256,690.1749877929688
7101760,1125.68017578125
7103328,1110.4068603515625
7103712,883.5192260742188
7105504,-30.520753860473633
7105584,211.88575744628906
7106640,1053.083984375
7109024,1031.850830078125
7109312,318.5946960449219
7109584,1076.3563232421875
7110352,971.8411865234375
7110480,198.27288818359375
7112464,771.592529296875
7115728,373.1555480957031
7116112,1021.1882934570312
7116176,971.305908203125
7119184,1080.4744873046875
7119312,889.1424560546875
7119584,174.59535217285156
7121216,949.7936401367188
7122128,1018.9180908203125
7124592,1046.341064453125
7127872,840.066650390625
7127984,1032.8428955078125
7128032,847.8742065429688
7132208,977.9166259765625
7132592,1041.038818359375
7132672,969.3573608398438
7133296,1050.5333251953125
7134080,1081.092529296875
7134416,656.2176513671875
7134656,1152.1796875
7135280,1046.6917724609375
7136688,1082.9764404296875
7137808,707.19091796875
7139360,839.0787963867188
7139520,1071.241455078125
7139888,223.14918518066406
7142368,927.4638061523438
7145120,1145.5357666015625
7145568,934.914306640625
7146544,871.7797241210938
7147504,1020.2350463867188
7147680,-130.96218872070312
7148848,987.8795166015625
7149472,940.3138427734375
7150176,890.6142578125
7150576,978.4161987304688
7150896,1142.02587890625
7151712,1017.609375
7152688,1293.989013671875
7152768,1098.5806884765625
7153120,997.9122314453125
7153248,1072.23583984375
7153904,1046.1201171875
7160416,909.3801879882812
7160800,379.128662109375
7162624,1240.4857177734375
7163008,1073.988525390625
7167888,1075.84228515625
7168720,942.85107421875
7170976,1241.300048828125
7172736,970.28076171875
7173968,1071.6474609375
7174528,1024.742431640625
7174688,909.4684448242188
7178768,769.7857055664062
7181936,1033.6337890625
7184656,953.451904296875
7184736,1136.6966552734375
7185360,685.8934936523438
7185952,979.0176391601562
7186400,1071.194580078125
7188064,1043.1278076171875
7188208,739.6448974609375
7188608,1042.3614501953125
7189056,1015.8817138671875
7194640,1062.6666259765625
7195824,1149.5145263671875
7195984,202.23870849609375
7197088,1001.49365234375
7198000,978.0269775390625
7201088,1005.2630615234375
7203056,1038.69921875
7203376,884.6433715820312
7205104,438.0915222167969
7205888,994.382080078125
7206064,1029.5904541015625
7206272,571.61181640625
7206528,937.1777954101562
7209728,1027.7081298828125
7209920,950.6537475585938
7209984,963.2691040039062
7210592,403.2210998535156
7211264,1057.093505859375
7211696,832.7438354492188
7212432,982.83447265625
7212656,756.0708618164062
7213648,825.9285888671875
7213760,1064.8035888671875
7214000,1076.4163818359375
7214112,898.6196899414062
7214944,904.2380981445312
7217360,394.1422119140625
7218000,195.6237335205078
7219760,985.6018676757812
7221056,862.7886352539062
7221456,1130.4088134765625
7221456,855.4467163085938
7221872,820.5833129882812
7223824,760.4000244140625
7224768,1009.7515869140625
7225344,673.806884765625
7225536,737.4472045898438
7225728,1016.4545288085938
7227680,1019.4779663085938
7228064,-14.952631950378418
7228896,291.53076171875
7230800,872.1956176757812
7231040,1039.1727294921875
7233120,1067.8946533203125
7233712,1046.977783203125
7234192,201.56283569335938
7235168,997.082763671875
7235360,1047.505615234375
7237568,1173.7249755859375
7237824,622.0
7238000,441.4307861328125
7238096,820.3931274414062
7238224,1140.7589111328125
7238624,557.6878051757812
7239328,1098.659912109375
7243360,162.30198669433594
7243664,998.0491333007812
7244624,1215.685791015625
7245616,999.416259765625
7247088,885.3728637695312
7247744,1112.103759765625
7247856,1071.6337890625
7248160,892.4603271484375
7250288,1142.9088134765625
7251424,938.129638671875
7251552,247.63174438476562
7253088,1066.1416015625
7254544,833.19677734375
7254816,646.0023803710938
7258608,893.95654296875
7258736,1009.7748413085938
7259168,445.2454528808594
7261024,540.1167602539062
7261504,614.7000122070312
7262144,1068.0689697265625
7262448,991.193115234375
7263168,1023.7470092773438
7266000,1070.494384765625
7266320,1084.6741943359375
7270144,786.216796875
7270448,1083.5
7272080,1085.1282958984375
7273008,565.2088623046875
7273776,1059.2164306640625
7274640,389.1060485839844
7276112,1121.8741455078125
7276384,911.6461791992188
7278832,1022.2459716796875
7279776,1096.5882568359375
7280352,1036.5982666015625
7280624,948.813720703125
7281344,1096.1337890625
7282848,932.3179931640625
7283008,909.809326171875
7283744,1134.9583740234375
7283936,1002.9000244140625
7286032,986.8735961914062
7286112,1092.487060546875
7286672,1049.1021728515625
7288160,1034.8182373046875
7290992,616.899658203125
7291648,811.5173950195312
7293056,1231.4537353515625
7293856,1088.9384765625
7295904,282.8797607421875
7298160,200.35556030273438
7299904,1017.2200927734375
7300560,1108.02734375
7301696,997.5057983398438
7302368,1029.189453125
7303360,1037.7791748046875
7304032,1111.8043212890625
7305152,1065.724365234375
7305472,1074.8363037109375
7308864,999.7435302734375
7310032,1081.182861328125
7310992,229.8285675048828
7311040,932.584228515625
7311344,1058.1676025390625
7311728,877.9251708984375
7314448,1094.92578125
7314496,923.0961303710938
7315184,1140.7384033203125
7316592,1142.8936767578125
7317648,1026.8016357421875
7318432,884.169677734375
7321104,996.19775390625
7321136,1087.3839111328125
7321568,881.361328125
7324928,1046.96435546875
7325136,1043.3585205078125
7326848,1113.8714599609375
7327360,346.7872009277344
7328384,1003.3324584960938
7328576,1055.15087890625
7329136,940.704345703125
7329712,795.8256225585938
7331056,998.8896484375
7331760,910.9684448242188
7333360,929.0219116210938
7334016,502.5123291015625
7334224,466.3333435058594
7334864,1012.9703979492188
7335280,842.1246948242188
7336128,918.4336547851562
7338784,914.994140625
7339328,9.196402549743652
7339792,930.9276733398438
7341424,1176.2232666015625
7341456,1128.9248046875
7342016,1044.2415771484375
7343984,627.8321533203125
7344464,357.6666564941406
7345824,1104.3428955078125
7346848,1001.2642822265625
7348848,1007.1513061523438
7349040,974.2742309570312
7351024,1138.6138916015625
7351488,544.3457641601562
7351792,820.3659057617188
7352352,398.20709228515625
7354256,1034.1202392578125
7354608,909.5179443359375
7354912,411.6003112792969
7356576,1224.9635009765625
7358512,923.9956665039062
7359888,1041.6158447265625
7360128,875.596923828125
7362816,1105.83837890625
7364464,773.6380615234375
7365648,1027.2186279296875
7365856,1122.8818359375
7367200,822.6580810546875
7369568,1028.1666259765625
7370304,1050.2894287109375
7370688,850.1199340820312
7373696,1032.9337158203125
7374512,489.1769104003906
7375136,1150.82958984375
7376224,1094.242919921875
7377664,355.38421630859375
7377728,1016.97021484375
7378192,836.8589477539062
7378784,543.7559204101562
7382784,973.6906127929688
7383536,937.7235107421875
7383632,216.9697723388672
7384816,690.876953125
7385280,1106.68017578125
7385440,1082.933837890625
7386016,387.46441650390625
7386432,1156.0726318359375
7387088,965.8309326171875
7387120,1024.528564453125
7389728,1150.993896484375
7390832,1078.9805908203125
7393280,408.11578369140625
7396384,611.2342529296875
7399520,1015.5200805664062
7402304,1159.9000244140625
7403360,949.5702514648438
7404176,1213.462646484375
7404352,992.9459228515625
7404400,1008.1884155273438
7404608,1177.2249755859375
7405888,1172.481689453125
7406400,986.9904174804688
7408416,519.9654541015625
7409872,1057.2701416015625
7410528,1045.1871337890625
7411680,1039.8870849609375
7412528,929.4566650390625
7413744,938.2623901367188
7415152,886.29931640625
7415216,935.15576171875
7416320,491.6540832519531
7417680,1100.849853515625
7417840,983.6611328125
7418176,943.63525390625
7420688,1063.4578857421875
7422464,1122.8104248046875
7423824,803.2623291015625
7423824,728.925048828125
7424256,946.5394897460938
7424464,1032.890869140625
7424784,1120.8331298828125
7426080,443.5318908691406
7427872,925.2352905273438
7427904,1152.918701171875
7428048,782.09033203125
7429536,1067.7646484375
7430272,970.8504638671875
7431120,1174.549072265625
7434320,1123.722412109375
7434768,1093.49462890625
7435056,884.7549438476562
7435152,134.56842041015625
7438032,313.1940002441406
7440928,511.4966735839844
7442784,338.3711242675781
7443008,811.6194458007812
7444016,606.9571533203125
7444192,692.8359985351562
7444640,1001.7117919921875
7445168,1013.9293212890625
7446224,1103.0555419921875
7446912,271.0852355957031
7447776,1058.6856689453125
7448672,1084.300048828125
7450816,901.5785522460938
7451184,680.9305419921875
7451696,885.4840698242188
7453712,198.56666564941406
7458064,975.4176635742188
7459184,505.4851989746094
7462864,1119.9539794921875
7464992,989.207763671875
7465712,1134.9566650390625
7465984,953.978271484375
7467392,942.8715209960938
7467952,1056.6429443359375
7468224,797.045654296875
7469136,896.6419067382812
7470096,1155.841552734375
7470832,891.417236328125
7475184,830.40185546875
7475344,859.2415771484375
7475392,655.1219482421875
7478320,1123.10888671875
7478896,1117.0
7479456,1041.4892578125
7481072,865.378662109375
7481584,978.486328125
7481872,981.281005859375
7482032,1082.192138671875
7482064,1038.6162109375
7482208,607.011962890625
7485616,1172.1409912109375
7485792,1014.728271484375
7486176,904.5821533203125
7486400,1172.548095703125
7489344,1044.021728515625
7490560,875.9220581054688
7491584,824.0428466796875
7492816,646.48779296875
7494992,971.805908203125
7496032,876.5592651367188
7496208,1050.459716796875
7496464,413.845458984375
7497104,1097.3150634765625
7498416,1001.953857421875
7498704,1032.7921142578125
7498976,1060.447509765625
7500048,951.0115966796875
7500704,183.3358917236328
7503456,1026.123779296875
7504384,963.811767578125
7504448,1104.057373046875
7505248,783.926025390625
7505472,1075.2720947265625
7509376,1098.7926025390625
7510256,1082.9390869140625
7512368,1192.98583984375
7512592,1040.0941162109375
7513088,1222.7921142578125
7514640,421.782470703125
7516224,1143.66796875
7516784,643.7750244140625
7516928,1037.2427978515625
7518032,1040.8428955078125
7518528,317.2117614746094
7519200,1057.2332763671875
7519408,702.6666870117188
7519920,385.0253601074219
7520208,1049.279296875
7521296,521.404296875
7521504,1059.4117431640625
7522368,856.77392578125
7522480,1005.0882568359375
7524912,913.3285522460938
7526112,1108.9248046875
7527936,1046.890625
7529472,985.1070556640625
7530224,1139.9044189453125
7530512,1126.1890869140625
7530528,1020.2756958007812
7531136,1055.7047119140625
7531232,956.1368408203125
7531408,903.8666381835938
7531904,1060.79345703125
7531920,1054.6614990234375
7533040,863.4424438476562
7534768,1164.9176025390625
7535248,819.4196166992188
7537152,942.8423461914062
7538080,1078.7689208984375
7538560,987.4700927734375
7538656,952.1394653320312
7540000,1109.9371337890625
7540928,978.57373046875
7541056,1111.3817138671875
7541616,889.2393188476562
7542112,498.5806884765625
7543424,1112.427734375
7545072,216.56129455566406
7546288,1034.8936767578125
7548336,1086.764404296875
7548416,1120.5272216796875
7549248,877.6880493164062
7551376,1103.8519287109375
7552880,799.384033203125
7553040,274.52825927734375
7553840,957.2989501953125
7554992,956.6456909179688
7556096,1190.7137451171875
7556544,1091.591064453125
7558256,1175.713134765625
7558544,1027.469482421875
7559088,1117.42041015625
7559168,531.36376953125
7559472,980.8731689453125
7559520,1073.4244384765625
7559792,1068.7181396484375
7560848,229.5228729248047
7561488,791.0838623046875
7561744,1050.9468994140625
7561920,223.85556030273438
7562720,1157.997314453125
7564448,1089.997802734375
7565376,1098.0411376953125
7565632,1072.8787841796875
7565824,977.623779296875
7566400,464.0408630371094
7566784,952.2451782226562
7570464,691.0567016601562
7570752,986.6759033203125
7571600,702.7650756835938
7571872,1078.6630859375
7575344,984.273681640625
7575712,1014.1158447265625
7576576,858.4476318359375
7577344,987.1300659179688
7578800,1106.5731201171875
7579440,1118.181640625
7579536,1034.80322265625
7580064,983.6273193359375
7582048,756.1221923828125
7582720,560.1777954101562
7582848,1127.673095703125
7584816,987.3582763671875
7586032,1019.9547729492188
7586176,1065.0643310546875
7586864,921.9418334960938
7587200,1127.1358642578125
7587488,983.6782836914062
7588256,410.60516357421875
7588624,-137.2096710205078
7588832,1054.716796875
7592192,1175.5634765625
7592480,1028.8919677734375
7593056,1023.6433715820312
7594032,147.89073181152344
7594112,267.06829833984375
7595264,1026.8575439453125
7597792,1033.5244140625
7600816,180.53773498535156
7600864,481.8069763183594
7601472,964.8333129882812
7603408,1033.676025390625
7603872,1116.2777099609375
7604464,970.8842163085938
7604768,947.1134033203125
7605744,998.4105224609375
7606672,1041.3677978515625
7606848,84.96778869628906
7607680,1026.1666259765625
7614096,1044.6180419921875
7614912,937.0135498046875
7616032,831.0712280273438
7616800,142.1999969482422
7616944,1087.0147705078125
7617296,894.0789184570312
7619344,995.015380859375
7619552,-130.63333129882812
7620288,1143.8331298828125
7620384,1122.844482421875
7621760,627.0599365234375
7622592,892.9544067382812
7623440,1004.6428833007812
7623872,793.8340454101562
7624096,980.5333251953125
7626576,978.823486328125
7628560,1042.2593994140625
7629888,1212.1011962890625
7631680,382.73333740234375
7634656,793.4727172851562
7635360,1123.6273193359375
7636928,272.9721984863281
7638912,510.6032409667969
7639888,1179.349609375
7639920,963.2188720703125
7639936,1085.236328125
7641920,1095.65087890625
7643360,1013.6482543945312
7644064,968.248046875
7644624,1115.7552490234375
7645776,950.5518188476562
7645968,187.66990661621094
7646256,1064.8614501953125
7649392,977.7029418945312
7649552,919.7350463867188
7650064,968.3191528320312
7650848,923.6500244140625
7651808,1062.691650390625
7652544,1184.1697998046875
7652608,725.5848999023438
7653040,1037.7332763671875
7654688,1027.273681640625
7654864,1075.7806396484375
7655664,771.6419677734375
7656336,1241.935302734375
7656480,796.8470458984375
7656544,999.505859375
7658064,954.7538452148438
7661648,1142.05712890625
7662096,1080.228271484375
7664576,1140.18798828125
7664992,1087.3929443359375
7664992,1165.08984375
7667760,1102.861572265625
7668160,1185.7320556640625
7668768,978.2576904296875
7671776,986.7886962890625
7673984,1055.2789306640625
7675984,1100.1171875
7676464,945.9727172851562
7676976,1099.8553466796875
7677072,969.3795166015625
7678880,1145.3223876953125
7679216,515.0230712890625
7679856,1065.486328125
7680512,961.2189331054688
7681536,1056.58984375
7682976,810.2708129882812
7683584,901.1265258789062
7684896,992.38671875
7686784,973.31884765625
7687760,971.977783203125
7689056,1038.174072265625
7689712,1126.7044677734375
7691552,1172.1461181640625
7695744,1004.694580078125
7695920,1149.543701171875
7697232,977.7030029296875
7697616,389.7823486328125
7699312,990.2796630859375
7700192,946.9151611328125
7700320,833.5145874023438
7701456,1029.908935546875
7701616,861.1275634765625
7701776,1063.2315673828125
7706656,111.03845977783203
7708928,1004.66455078125
7709616,22.679597854614258
7709776,1075.9364013671875
7711824,761.2522583007812
7713440,747.31640625
7716560,231.01446533203125
7719120,614.9409790039062
7719488,1108.8035888671875
7720576,958.1932373046875
7720672,994.58349609375
7722112,924.6758422851562
7722336,1092.3223876953125
7722384,1180.9481201171875
7723312,1058.438720703125
7723888,743.0618896484375
7724848,989.9210815429688
7725424,972.601318359375
7726144,963.4573974609375
7728432,1037.2283935546875
7728544,851.489013671875
7729120,1056.1251220703125
7733360,920.6704711914062
7734144,956.0262451171875
7734144,1046.8255615234375
7737520,664.2618408203125
7738688,917.8993530273438
7738816,891.397705078125
7738864,923.4386596679688
7740080,887.1491088867188
7740672,1094.0272216796875
7741344,1099.2646484375
7745360,1099.63330078125
7745632,854.2503051757812
7745760,235.60000610351562
7746768,757.641845703125
7747136,1015.2694702148438
7747440,964.3294677734375
7747824,464.3369140625
7747888,1064.2508544921875
7748128,732.2544555664062
7748688,948.7000122070312
7748688,1050.6907958984375
7749072,1058.517822265625
7749216,1032.6171875
7750048,413.7623291015625
7750496,486.0333251953125
7752112,1152.747802734375
7754192,1149.3583984375
7755888,888.5354614257812
7756224,905.1477661132812
7757584,992.9461669921875
7757728,1232.6634521484375
7758176,995.4871826171875
7760720,999.8704833984375
7761520,762.3687744140625
7762992,895.9620971679688
7764528,734.5513305664062
7765808,1073.9915771484375
7767808,1060.9730224609375
7769648,1026.8812255859375
7769936,964.2283325195312
7770208,1033.8304443359375
7771168,1005.1425170898438
7772304,1014.05078125
7773328,917.1249389648438
7774240,1089.89208984375
7776512,929.5169677734375
7778992,1045.7882080078125
7779856,1119.224853515625
7780464,1120.501708984375
7780592,734.141845703125
7780880,736.4019775390625
7783216,1118.5521240234375
7783600,1048.8243408203125
7784096,-21.819047927856445
7785712,1087.909912109375
7786880,925.3419189453125
7789376,238.77850341796875
7791104,1044.800048828125
7792336,941.7742309570312
7795840,1034.395263671875
7796176,1115.97607421875
7796688,998.0912475585938
7797328,1024.4989013671875
7797392,1067.42236328125
7797440,969.2742309570312
7799376,970.78564453125
7799456,1005.0535888671875
7800400,1150.2384033203125
7801056,965.8250122070312
7802736,1085.46435546875
7803184,1002.4677734375
7803808,626.3290405273438
7805312,1047.4730224609375
7809696,1025.841064453125
7811360,313.6564025878906
7811824,1038.5948486328125
7812800,1043.2259521484375
7814384,1136.0411376953125
7814544,1049.215087890625
7815280,458.8285827636719
7817408,403.69781494140625
7818064,251.6397247314453
7818960,314.56573486328125
7819936,1093.54296875
7820288,943.123046875
7821280,1058.3360595703125
7821504,1054.4608154296875
7822048,327.5804138183594
7822976,1010.8615112304688
7823440,1102.751953125
7827408,1061.52734375
7828768,932.3189086914062
7828816,1022.4183349609375
7828912,769.8921508789062
7829232,401.5370178222656
7830176,799.2755737304688
7831600,756.965576171875
7832064,221.3098907470703
7833392,955.5142822265625
7835216,1018.5070190429688
7835824,888.1358032226562
7836992,1046.0032958984375
7837696,1045.92578125
7838256,1157.8583984375
7838320,926.8308715820312
7838896,1122.1749267578125
7838944,913.4457397460938
7845888,953.4801635742188
7846304,1017.5978393554688
7847424,983.1913452148438
7847920,1057.6944580078125
7849312,1000.2919311523438
7850000,1011.6904296875
7850736,996.7889404296875
7852944,1027.3350830078125
7853264,958.6564331054688
7855440,1000.580810546875
7855648,1042.7508544921875
7856720,861.826171875
7856720,376.4466247558594
7857600,1139.9671630859375
7859456,875.84375
7859696,815.8369140625
7861344,1175.454345703125
7861808,968.5012817382812
7862576,240.23077392578125
7865504,865.7857055664062
7866528,1030.0592041015625
7867728,1014.0712890625
7868064,151.8272705078125
7868576,1070.7236328125
7869536,1121.8922119140625
7871824,965.2692260742188
7872544,1128.4248046875
7873632,560.4700317382812
7874640,974.4742431640625
7874720,1031.7535400390625
7874912,602.211181640625
7878032,878.0999755859375
7878800,855.265869140625
7879328,1123.4248046875
7879552,1068.4888916015625
7882784,937.973876953125
7882928,948.343017578125
7884512,1020.5870361328125
7884896,1139.0909423828125
7885760,1064.7393798828125
7885968,945.4447631835938
7886032,916.1866455078125
7887392,1055.70849609375
7887520,1011.96142578125
7888128,865.6582641601562
7890448,1036.800048828125
7890800,1050.439208984375
7892608,940.5728149414062
7893904,1191.7059326171875
7894240,1098.3739013671875
7895120,984.5999755859375
7896752,920.2568969726562
7897168,772.8792114257812
7897408,851.5968017578125
7899296,1100.9249267578125
7899360,396.5743713378906
7899840,1093.247802734375
7900032,545.65673828125
7900544,1169.231201171875
7900816,1065.963623046875
7901760,296.1787109375
7902992,1070.4210205078125
7903184,1074.6922607421875
7903840,855.6678466796875
7905344,978.3363647460938
7906176,925.9307861328125
7907104,1041.0338134765625
7909584,1167.71240234375
7910176,522.6151123046875
7910624,976.2484130859375
7912000,1073.2559814453125
7912080,836.6815795898438
7913088,999.3076782226562
7915872,818.785888671875
7916032,259.3525085449219
7916576,1030.337890625
7916784,1008.8818359375
7916992,796.51953125
7917152,554.3780517578125
7917312,146.79244995117188
7917984,263.4607849121094
7918896,1125.3248291015625
7919760,651.2103271484375
7920768,944.477783203125
7922480,1065.282470703125
7923552,945.2652587890625
7923840,999.4176635742188
7923984,1123.612060546875
7924288,1006.1859130859375
7924832,904.1862182617188
7925152,931.5692138671875
7926800,878.371337890625
7926896,1060.1204833984375
7927024,224.9591827392578
7927616,916.47265625
7927840,447.6216125488281
7929248,119.11698150634766
7929504,1132.6590576171875
7932800,138.60952758789062
7932912,961.787353515625
7933040,1108.494873046875
7934288,1021.127197265625
7935504,995.5054321289062
7935712,801.226318359375
7935872,1006.7252197265625
7936224,276.4480895996094
7938240,164.69451904296875
7938688,498.2919921875
7942320,644.959228515625
7942864,989.1868896484375
7947888,1004.4271850585938
7948208,270.0376281738281
7948800,1031.9608154296875
7952272,1146.9495849609375
7953648,810.0361938476562
7953920,486.4193420410156
7954000,1015.33740234375
7954192,1021.4666748046875
7955216,1064.96435546875
7955392,1084.512451171875
7956144,233.98960876464844
7956688,1133.014404296875
7956816,1196.3575439453125
7958640,912.804931640625
7959824,934.5219116210938
7961984,972.3842163085938
7962048,1138.6796875
7962176,334.55084228515625
7962352,1159.6060791015625
7964704,449.3999938964844
7965680,1032.7872314453125
7968176,479.77288818359375
7969216,-137.39730834960938
7971440,217.3473663330078
7972240,823.9607543945312
7972512,971.8644409179688
7972912,919.1572265625
7973952,1040.3916015625
7974144,866.3883056640625
7975104,1143.5999755859375
7975200,464.5
7976032,728.9243774414062
7978512,776.8865966796875
7979648,1041.9976806640625
7980128,1122.3162841796875
7981856,935.5511474609375
7983168,983.3468017578125
7983632,1093.9244384765625
7984528,925.2051391601562
7984608,1142.4176025390625
7988640,965.289794921875
7988832,1095.4810791015625
7992336,1232.0626220703125
7993552,1073.02783203125
7994992,1107.4156494140625
7995216,1232.60693359375
7996672,1109.227294921875
7997136,1031.482177734375
7999456,334.83782958984375
8000272,1038.2110595703125
8001120,907.6384887695312
8001568,1174.3153076171875
8003168,1111.5247802734375
8003952,1032.6181640625
8004560,988.1158447265625
8004608,1017.9369506835938
8006416,895.7147216796875
8006464,882.5999755859375
8007216,891.3565673828125
8007376,1157.2454833984375
8008816,1047.153564453125
8009376,1089.757568359375
8010304,1069.7261962890625
8011808,849.2882080078125
8013376,-51.38456344604492
8014224,412.54461669921875
8015952,986.7786865234375
8016016,930.6315307617188
8016496,52.75165557861328
8017024,881.43408203125
8019264,1042.2774658203125
8019280,51.9390983581543
8019296,1075.7989501953125
8019792,491.9606018066406
8020368,1075.9666748046875
8022816,1020.8206787109375
8024256,1100.36572265625
8024768,731.3206787109375
8026720,947.44677734375
8026736,931.112060546875
8026784,984.2422485351562
8027424,941.9706420898438
8027472,1058.8123779296875
8030208,413.7567443847656
8030608,1028.7703857421875
8031056,991.0035400390625
8031840,152.5783233642578
8032752,436.54736328125
8033392,361.7705993652344
8034400,1056.6666259765625
8035120,1116.8477783203125
8036624,1123.806884765625
8036720,1046.4764404296875
8039984,1004.9615478515625
8040560,446.488037109375
8041456,1170.0999755859375
8043040,1106.3397216796875
8043344,1012.8357543945312
8044480,816.5131225585938
8046800,939.3186645507812
8047088,1036.165283203125
8047184,1026.783935546875
8048352,255.654052734375
8051088,972.88134765625
8053184,860.8508911132812
8053520,986.3519287109375
8053984,1048.390380859375
8055008,638.1447143554688
8056352,863.831787109375
8056640,558.8744506835938
8059584,1104.17138671875
8060096,1111.8929443359375
8060368,795.649169921875
8062784,500.9739685058594
8062848,677.822998046875
8063120,1164.7509765625
8064224,785.3870239257812
8066240,1018.9828491210938
8066528,950.8358764648438
8067664,965.3179321289062
8068496,308.96075439453125
8069088,319.4143981933594
8069792,988.8810424804688
8070496,580.7744140625
8072224,1062.58251953125
8073616,1101.2818603515625
8073840,1021.9578857421875
8074496,489.66375732421875
8074592,818.90966796875
8075472,1036.6807861328125
8079024,1035.9114990234375
8079968,954.5509643554688
8080080,965.12255859375
8080752,1214.114990234375
8081200,972.2406005859375
8084784,951.1883544921875
8085248,913.7708740234375
8086752,997.6018676757812
8088304,328.45404052734375
8089456,723.95556640625
8089856,999.2255249023438
8090304,1132.929931640625
8091072,1088.7308349609375
8091968,211.73289489746094
8093072,1070.0372314453125
8093712,851.2428588867188
8094080,1106.6142578125
8094864,602.0006103515625
8097104,1108.3326416015625
8098592,1064.103515625
8099168,423.4768371582031
8101536,1158.7509765625
8104176,848.0711669921875
8104272,1131.6817626953125
8107776,938.44775390625
8108048,1090.694580078125
8109904,1022.236083984375
8110224,1055.5255126953125
8110704,1045.940185546875
8111904,1032.7430419921875
8114240,1078.2572021484375
8115120,1046.6551513671875
8115696,818.7031860351562
8116928,1119.6622314453125
8116960,1117.380615234375
8118080,988.919921875
8119776,936.6666870117188
8119968,1010.274658203125
8120320,1109.280517578125
8120528,883.378173828125
8122208,1032.2117919921875
8123904,902.109375
8125888,840.7183227539062
8128256,337.46044921875
8128400,892.1117553710938
8131280,1153.2230224609375
8134384,513.6388549804688
8135040,609.6726684570312
8135296,1169.7545166015625
8135488,1044.3157958984375
8137136,1102.673095703125
8137184,429.4270324707031
8137456,901.262939453125
8140528,982.7706909179688
8141136,1044.538818359375
8142736,925.7041625976562
8143552,1016.7254028320312
8144464,1051.1114501953125
8144736,656.4816284179688
8144752,1207.961181640625
8145696,980.0637817382812
8146320,1010.3397216796875
8146592,828.3271484375
8146784,1059.389892578125
8148272,1037.3148193359375
8148512,924.6101684570312
8148544,148.87826538085938
8150096,1089.0657958984375
8151216,843.5346069335938
8151600,989.8992919921875
8152064,912.1768798828125
8152208,1012.5270385742188
8153408,965.4946899414062
8154560,994.0306396484375
8155152,935.9139404296875
8155904,1072.486572265625
8156592,135.24496459960938
8156672,-38.00259780883789
8158448,356.11505126953125
8159520,811.0925903320312
8159744,1193.8984375
8160176,861.17431640625
8160256,814.0601196289062
8160928,1019.3909301757812
8162288,1027.3199462890625
8162480,1004.8090209960938
8163632,1034.7508544921875
8164256,619.7091064453125
8165488,1203.856201171875
8167328,365.8172302246094
8170272,1099.6094970703125
8170768,1089.3544921875
8172080,1205.796630859375
8172544,1003.84228515625
8173312,1099.836181640625
8176544,1084.3397216796875
8177648,966.7161865234375
8178704,400.38360595703125
8179344,931.7576904296875
8180640,914.7589721679688
8180800,931.0935668945312
8181072,984.3828125
8182896,1105.418212890625
8183248,974.1439208984375
8184336,311.05712890625
8184624,1098.5223388671875
8190368,918.8312377929688
8190416,985.0491333007812
8190528,787.078857421875
8190608,492.6222229003906
8191392,1243.0611572265625
8193280,520.969482421875
8194752,949.1993408203125
8195136,1125.4483642578125
8196752,1008.3538208007812
8198544,921.3107299804688
8198912,440.2918395996094
8198960,569.1456298828125
8201088,996.7647094726562
8201824,999.2338256835938
8202016,1065.1248779296875
8204624,1116.2969970703125
8204656,903.7695922851562
8204672,1088.4404296875
8205488,1157.3389892578125
8205632,1206.7423095703125
8205792,359.57403564453125
8208544,1040.4163818359375
8208944,1052.2498779296875
8212560,887.7923583984375
8214048,563.7421875
8214992,279.1495361328125
8215072,192.16726684570312
8216016,714.7408447265625
8216992,1229.513671875
8218960,967.9456787109375
8220064,1058.7786865234375
8220752,959.8621826171875
8220976,1018.9383544921875
8221360,731.0421142578125
8224112,963.5701904296875
8224528,477.79998779296875
8226688,1034.0565185546875
8226768,1091.6318359375
8227024,818.3335571289062
8228016,946.6500244140625
8228352,897.2515869140625
8228480,1012.5108032226562
8229296,1116.9422607421875
8230016,385.8061218261719
8231504,468.5457458496094
8232368,1137.01171875
8233488,1032.6817626953125
8235232,931.3196411132812
8236080,1171.2725830078125
8236912,1091.5181884765625
8238816,975.2081298828125
8238912,241.67086791992188
8239728,387.97369384765625
8245920,438.7117614746094
8246080,1113.655517578125
8247104,857.0489501953125
8247824,814.9230346679688
8249456,815.4346923828125
8250912,899.97509765625
8251104,337.7872009277344
8251312,942.9127197265625
8251440,999.505859375
8252016,1120.6475830078125
8252672,980.0090942382812
8252896,874.9099731445312
8253088,985.5702514648438
8253264,228.61402893066406
8254912,989.9248046875
8256080,1072.8572998046875
8256096,763.9529418945312
8257456,1013.0508422851562
8258144,1067.1702880859375
8258480,892.1880493164062
8260416,618.7898559570312
8261376,1137.9912109375
8261728,1199.61962890625
8262672,1088.8511962890625
8262752,1164.490478515625
8266096,1059.1944580078125
8266528,956.4586791992188
8267984,387.7929992675781
8268224,612.9939575195312
8268672,993.0137329101562
8269664,1026.9866943359375
8269696,978.2695922851562
8269984,255.36451721191406
8271712,1194.7703857421875
8272704,1098.3553466796875
8273648,1117.1929931640625
8274976,1116.2508544921875
8276656,875.6480712890625
8276960,1090.2117919921875
8278752,1134.762939453125
8283536,989.9519653320312
8283712,1042.47607421875
8283856,986.1029052734375
8284224,384.8545227050781
8285328,1008.567138671875
8286080,319.83770751953125
8286288,1110.18115234375
8286320,1098.6328125
8286432,1116.36474609375
8287296,940.0088500976562
8287936,486.7406921386719
8288944,-20.243188858032227
8291104,918.4749755859375
8291824,346.53564453125
8292416,1020.7549438476562
8295136,443.5364685058594
8295184,960.0936279296875
8297344,906.125244140625
8298352,1070.438720703125
8299824,-98.49321746826172
8300016,1032.414794921875
8301856,924.034423828125
8302032,851.4153442382812
8303552,870.04638671875
8304784,989.54248046875
8304928,1083.8065185546875
8304960,395.3103332519531
8305296,794.1983642578125
8307344,950.6556396484375
8308112,839.6788940429688
8308256,1082.54541015625
8308592,974.7938842773438
8308784,944.6787109375
8311328,783.6852416992188
8312736,998.994873046875
8314128,1152.4454345703125
8315408,243.72830200195312
8317712,874.2099609375
8320832,1015.7459716796875
8321744,909.2451782226562
8321856,1038.55078125
8324208,923.5698852539062
8325312,151.5070037841797
8326704,1079.388916015625
8328560,595.3572387695312
8328912,996.4122314453125
8329328,1130.793212890625
8331424,1071.2869873046875
8331904,1070.440185546875
8332496,920.067138671875
8332704,1112.9818115234375
8333296,994.8687744140625
8334384,331.2309875488281
8335536,976.33740234375
8337088,361.21112060546875
8338560,1134.138427734375
8338672,305.63421630859375
8339376,1108.2989501953125
8341488,1108.6109619140625
8341936,1065.01220703125
8344080,985.620849609375
8346864,422.5911560058594
8347328,1024.475830078125
8348448,782.922607421875
8351696,927.277587890625
8352896,949.916259765625
8353472,1201.2119140625
8357680,1078.8817138671875
8359008,1051.236328125
8362416,1119.79296875
8363072,1031.28076171875
8363152,1038.0872802734375
8365360,1243.962646484375
8365568,528.3471069335938
8365856,856.3281860351562
8366048,1031.9000244140625
8366496,336.6075134277344
8367360,451.990478515625
8370144,1041.8179931640625
8370240,1091.1890869140625
8370288,970.7540283203125
8373408,938.0643920898438
8373776,67.56452941894531
8373808,873.4024047851562
8374528,1100.4805908203125
8375248,992.63525390625
8376080,862.559326171875
8376640,230.25897216796875
8376656,496.92242431640625
8377616,926.5234985351562
8378016,1036.2647705078125
8378384,997.5089111328125
8382576,819.8937377929688
8383360,981.5462646484375
8383504,745.4846801757812
8383616,936.1301879882812
8384368,1013.9251708984375
8387376,780.8301391601562
8387792,840.9132690429688
8389392,613.9437866210938
8389920,1056.1058349609375
8390656,425.9859619140625
8390992,992.8455810546875
8393648,614.0999755859375
8398864,776.144775390625
8400640,1003.9884033203125
8400944,1032.1026611328125
8401600,288.2930908203125
8401744,1041.2393798828125
8403200,867.3302001953125
8404288,1079.3865966796875
8404592,1000.3695068359375
8405072,467.68408203125
8405152,909.2110595703125
8406416,1226.962646484375
8408288,881.1314697265625
8408352,1019.1360473632812
8409440,1100.564453125
8409792,978.1615600585938
8410256,1163.574951171875
8410320,1102.215576171875
8410464,1109.99169921875
8411392,1095.02587890625
8411920,961.3742065429688
8412640,980.02880859375
8414368,932.0714111328125
8415424,992.108154296875
8415632,1176.498046875
8415808,1026.6773681640625
8416032,574.5404663085938
8417424,425.4007873535156
8418096,913.0418090820312
8418896,1104.0802001953125
8420096,986.2879028320312
8420560,1099.736328125
8420864,1003.8182983398438
8421104,920.2935791015625
8422544,1016.8052368164062
8423088,1010.5567626953125
8423408,1080.9591064453125
8424912,938.7713012695312
8425232,1125.479736328125
8429552,1018.0193481445312
8431312,1118.59228515625
8432224,1104.9892578125
8432608,663.8722534179688
8433344,994.4074096679688
8437264,982.0780639648438
8439216,746.1259155273438
8440096,1112.821044921875
8442464,454.0447692871094
8442864,717.1456298828125
8443328,1003.78857421875
8445104,947.6631469726562
8446016,604.9735107421875
8449104,1102.4000244140625
8449392,937.0466918945312
8451376,1012.7350463867188
8451552,1108.2879638671875
8454080,1027.8841552734375
8454352,1134.199951171875
8454384,893.7005615234375
8456832,1156.15087890625
8458096,801.1153564453125
8459008,1129.817626953125
8459040,1058.0643310546875
8459120,1020.7182006835938
8460496,1064.183837890625
8461328,1151.114501953125
8463568,590.211181640625
8465872,425.87176513671875
8466448,320.712890625
8469040,1088.3515625
8469376,1025.6488037109375
8470208,1049.1102294921875
8471216,238.0536651611328
8471232,279.5045166015625
8472304,916.133544921875
8472432,1126.56494140625
8473168,1034.288330078125
8473792,597.0563354492188
8475216,1014.553466796875
8476016,369.576416015625
8476048,1136.8714599609375
8481840,930.878662109375
8482736,318.05767822265625
8484288,1117.58349609375
8484624,1202.40625
8484976,1068.8631591796875
8485840,856.4000244140625
8486096,1068.455322265625
8487568,1087.412109375
8488128,1096.8519287109375
8489424,1164.24609375
8490304,165.85781860351562
8490704,1016.2378540039062
8491680,926.5746459960938
8494128,359.6052551269531
8494448,900.8695068359375
8497152,1127.724853515625
8497520,-10.269230842590332
8499824,823.6189575195312
8501600,324.98236083984375
8501872,1082.3172607421875
8503104,810.649169921875
8503200,948.24658203125
8504000,823.5053100585938
8505920,996.2176513671875
8506096,690.9658813476562
8507456,1008.3350830078125
8509088,508.0058898925781
8510592,1036.0391845703125
8511136,906.3297119140625
8511664,1122.9371337890625
8512912,344.4783935546875
8513568,1099.315673828125
8516832,1032.3470458984375
8517344,497.51983642578125
8517792,993.9534912109375
8519024,975.9224243164062
8519600,968.6866455078125
8521296,1203.4698486328125
8523472,1025.4515380859375
8524368,972.2644653320312
8526448,890.9237060546875
8526496,1009.640869140625
8526704,895.5162353515625
8527536,781.0447998046875
8528560,162.6905975341797
8529424,1122.2415771484375
8532368,1235.2635498046875
8535936,1052.915283203125
8536304,1192.8966064453125
8538880,1044.513916015625
8539136,892.9520874023438
8541504,1013.463134765625
8542624,1215.757568359375
8543120,1114.36474609375
8544192,899.7817993164062
8545088,1013.8904418945312
8545504,1057.066650390625
8545616,472.6000061035156
8546064,1155.0777587890625
8546176,1196.762451171875
8547040,848.622802734375
8548496,981.2049560546875
8548688,901.5072021484375
8548976,312.0206298828125
8549392,1016.1860961914062
8549440,981.4136962890625
8550464,55.235496520996094
8551232,976.158935546875
8551472,1117.4156494140625
8552320,968.5888671875
8553056,1087.7203369140625
8555776,281.9422302246094
8558192,1091.972412109375
8558448,1095.4095458984375
8558816,1019.1643676757812
8560320,681.6178588867188
8560592,932.552734375
8560896,976.0020141601562
8561728,1038.0438232421875
8563680,1034.5643310546875
8564608,973.7891845703125
8564896,1063.782470703125
8566336,445.4696960449219
8566832,991.4508056640625
8567456,1128.6915283203125
8567888,368.0683288574219
8568304,491.5954895019531
8569856,1047.0760498046875
8571568,687.9503173828125
8571616,980.3060302734375
8572736,896.0052490234375
8573664,660.8296508789062
8574864,1023.4877319335938
8575824,1010.9308471679688
8579728,247.7294921875
8580592,532.5
8580608,298.158447265625
8580672,900.3701782226562
8581248,1026.821533203125
8581264,1241.915283203125
8581792,457.5646057128906
8583168,1029.0145263671875
8584384,1030.7694091796875
8584672,1075.6033935546875
8585360,1018.0653686523438
8587104,1143.3203125
8590096,1176.406982421875
8590352,1020.1314086914062
8591648,933.3632202148438
8592416,964.2363891601562
8593472,1022.3573608398438
8599696,1130.1019287109375
8601904,1129.88427734375
8603040,783.0436401367188
8603232,1001.7774047851562
8605440,1073.44482421875
8605872,840.0999755859375
8605984,790.2809448242188
8606064,1026.782470703125
8607312,1088.2869873046875
8610128,983.6176147460938
8611040,1011.4917602539062
8611984,985.3545532226562
8615792,1156.03125
8616000,1199.8922119140625
8617264,462.4037170410156
8619536,1028.849853515625
8621232,808.8129272460938
8621552,1106.89208984375
8624976,422.33746337890625
8625728,286.17462158203125
8626416,982.813720703125
8627328,528.2582397460938
8628032,1062.5684814453125
8630688,1177.5970458984375
8631408,771.375
8631808,1134.8203125
8632224,1038.231201171875
8632592,1042.672119140625
8632672,843.1087646484375
8632832,1091.7332763671875
8633216,863.8446044921875
8634416,1116.1573486328125
8635984,902.0809326171875
8637840,923.5738525390625
8639520,1079.6865234375
8640592,707.372314453125
8640944,1186.59228515625
8641888,1131.510986328125
8643792,868.078857421875
8644704,1047.6890869140625
8646064,284.8999938964844
8648208,329.7544250488281
8649360,1112.1805419921875
8649376,1111.0521240234375
8649968,407.2392578125
8650864,952.8680419921875
8651328,936.47314453125
8653520,746.934814453125
8653648,1045.241455078125
8654912,1081.255615234375
8656752,820.62451171875
8656784,889.3754272460938
8657376,1044.531494140625
8657744,470.4901428222656
8658576,997.4657592773438
8658928,1274.931884765625
8660192,1054.182861328125
8660480,902.2545166015625
8662064,1070.5545654296875
8662368,1177.37158203125
8662944,651.7623901367188
8663856,1019.2827758789062
8667104,929.3930053710938
8668544,822.537353515625
8668704,634.8751831054688
8671616,59.525001525878906
8672944,456.572998046875
8674896,214.12075805664062
8675648,835.4808349609375
8675840,219.8862762451172
8677520,1190.0858154296875
8678928,412.9577331542969
8681088,965.6243896484375
8681696,958.9866943359375
8682192,501.4684143066406
8682480,1016.2920532226562
8682688,1001.246826171875
8684448,939.7907104492188
8684784,1084.1866455078125
8685056,978.61279296875
8685520,931.8798217773438
8686720,905.25830078125
8688192,876.6385498046875
8693136,168.55796813964844
8694080,1058.7835693359375
8695600,1092.2088623046875
8700816,863.1685180664062
8703360,1226.989990234375
8706064,1085.5689697265625
8707200,1127.95556640625
8707440,713.9635620117188
8710688,249.3603973388672
8711072,984.8428344726562
8712256,226.85934448242188
8712864,883.3267211914062
8715520,1093.0325927734375
8715968,1071.7801513671875
8717456,1081.9622802734375
8718112,610.5885009765625
8718864,923.5535278320312
8718928,459.1333312988281
8719152,957.0398559570312
8719968,157.4540557861328
8720208,1097.7579345703125
8721168,881.798828125
8721168,1039.5308837890625
8725040,1104.1790771484375
8725216,1142.499267578125
8726800,561.09765625
8729632,917.863525390625
8730768,1106.935791015625
8731520,1051.481201171875
8732752,910.8135375976562
8734224,1159.21728515625
8736320,1014.908447265625
8738688,874.6698608398438
8742816,1196.0657958984375
8745488,1213.931884765625
8748672,1048.853515625
8749568,960.9940795898438
8750576,1042.34228515625
8751456,1060.7515869140625
8754160,1038.8070068359375
8757232,186.471435546875
8757536,1008.052490234375
8758784,996.4000244140625
8760080,874.3410034179688
8760272,1092.764404296875
8761488,964.4000244140625
8762384,925.35107421875
8765104,1100.7401123046875
8765200,777.6500244140625
8766192,1096.3724365234375
8766416,998.2000122070312
8767024,881.9515380859375
8767536,1080.8065185546875
8767696,1127.297119140625
8767968,948.1951904296875
8768304,923.5869750976562
8769216,1058.98193359375
8770176,121.20642852783203
8770416,1038.5714111328125
8771344,912.6024169921875
8774144,990.3754272460938
8774160,1114.92724609375
8775664,958.1578979492188
8776048,939.034912109375
8777152,992.9666748046875
8777168,1034.72021484375
8779888,1059.2393798828125
8780352,1143.8028564453125
8781344,893.3076782226562
8782416,995.7796630859375
8785440,318.5249938964844
8785520,-130.471435546875
8786608,918.293701171875
8786976,1188.4000244140625
8788880,1008.9508056640625
8789600,1004.5142822265625
8791104,211.5500030517578
8792080,959.414306640625
8792336,1142.7198486328125
8794272,895.452392578125
8794736,1114.0709228515625
8795120,1036.81787109375
8800192,908.3666381835938
8803232,1218.56787109375
8803568,370.439697265625
8805952,918.87646484375
8806656,494.030517578125
8806848,1061.3338623046875
8807312,825.0205078125
8807840,829.0447998046875
8808048,1024.2388916015625
8808880,1100.8929443359375
8809024,985.3700561523438
8809520,983.0200805664062
8809552,1017.408203125
8810688,870.0802612304688
8811840,822.6270141601562
8811920,1107.9730224609375
8814208,867.3142700195312
8814336,1125.9384765625
8814592,480.5727233886719
8815840,1110.6644287109375
8817536,969.0870361328125
8818560,1087.139892578125
8819488,848.6452026367188
8819792,894.8645629882812
8820752,1254.369873046875
8820912,840.575927734375
8821232,1030.9429931640625
8822512,1070.6971435546875
8823664,353.4314880371094
8827152,816.8230590820312
8827360,1010.7647094726562
8828592,937.0848388671875
8828992,1101.9285888671875
8831072,940.1220092773438
8831984,1177.3111572265625
8833520,1076.481201171875
8834480,1004.2999877929688
8835680,228.0146026611328
8836224,843.8895263671875
8836368,557.6885986328125
8837984,788.6962890625
8838384,857.1815185546875
8839696,1149.99365234375
8840624,1082.8206787109375
8841216,1132.447509765625
8841744,1006.151611328125
8842512,1144.9573974609375
8842800,441.6222229003906
8844816,1035.31640625
8845104,85.13475036621094
8846336,1098.4588623046875
8847968,1044.4739990234375
8849568,1076.7259521484375
8851984,1092.8709716796875
8853664,958.3896484375
8854896,1058.931396484375
8856000,1157.841552734375
8857440,1005.0491333007812
8857648,962.5873413085938
8858608,997.0436401367188
8863072,1075.63330078125
8864176,357.3655090332031
8864208,818.296875
8865088,916.9407348632812
8866624,1095.3223876953125
8867376,450.8360290527344
8868416,1015.5695190429688
8868448,1072.0919189453125
8869200,898.0636596679688
8871792,919.0808715820312
8873744,933.71923828125
8874032,1097.9598388671875
8875008,1135.2138671875
8875440,420.7855224609375
8877552,980.649658203125
8877728,1065.4908447265625
8877952,994.7127685546875
8878624,973.7681884765625
8879856,1127.9970703125
8882128,1137.3714599609375
8883088,321.38360595703125
8885696,1025.468994140625
8885888,968.2565307617188
8886496,953.3134155273438
8888608,1074.720703125
8889120,1108.7142333984375
8889264,1011.8857421875
8889648,1043.678955078125
8889968,1061.7689208984375
8891888,1119.182373046875
8892032,465.90478515625
8892288,540.5152587890625
8894880,992.557373046875
8895712,941.6182861328125
8896112,1072.9261474609375
8896368,1031.7181396484375
8896784,910.1475219726562
8898656,985.6834106445312
8899632,910.2567749023438
8899680,758.8058471679688
8903264,867.3640747070312
8904208,656.730224609375
8904576,423.6252136230469
8905056,1121.9586181640625
8908848,1032.341552734375
8909792,211.21713256835938
8910864,807.3056030273438
8913200,967.8525390625
8913600,813.4383544921875
8914368,1154.3509521484375
8916272,1006.0278930664062
8916304,1116.3192138671875
8917440,913.0582275390625
8918240,988.38720703125
8919456,938.6058959960938
8920144,848.8142700195312
